latitude,longitude,bright_ti4,scan,track,acq_date,acq_time,satellite,instrument,confidence,version,bright_ti5,frp,daynight,firms_source,baseline_frp,historical_detections,nearest_historical_distance_km,frp_change_percent,persistence_status
26.16992,90.79413,343.69,0.53,0.42,2026-10-10,646,N21,VIIRS,n,2.0NRT,295.17,31.77,D,VIIRS_NOAA21_NRT,,0,,,New / No Local History
26.83517,93.93751,343.07,0.53,0.42,2026-10-10,722,N,VIIRS,n,2.0NRT,299.37,29.63,D,VIIRS_SNPP_NRT,,0,,,New / No Local History
21.10471,72.64545,353.78,0.47,0.64,2026-10-10,741,N20,VIIRS,n,2.0NRT,302.01,20.43,D,VIIRS_NOAA20_NRT,4.8750967741935485,155,0.009443177405057528,319.06860409718917,Abnormal Increase
31.0594,74.68032,340.4,0.4,0.44,2026-10-10,828,N21,VIIRS,n,2.0NRT,300.89,17.21,D,VIIRS_NOAA21_NRT,,0,,,New / No Local History
27.55753,76.01013,356.21,0.43,0.46,2026-10-10,744,N20,VIIRS,n,2.0NRT,305.52,16.27,D,VIIRS_NOAA20_NRT,,0,,,New / No Local History
21.10571,72.64988,346.82,0.47,0.64,2026-10-10,741,N20,VIIRS,n,2.0NRT,301.12,14.96,D,VIIRS_NOAA20_NRT,4.887272727272728,154,0.008540797883079387,206.10119047619045,Abnormal Increase
11.76264,79.28246,342.08,0.43,0.46,2026-10-10,822,N21,VIIRS,n,2.0NRT,291.26,14.49,D,VIIRS_NOAA21_NRT,4.33,1,1.5142405598354562,234.64203233256347,Abnormal Increase
25.53733,80.10374,356.18,0.44,0.38,2026-10-10,741,N20,VIIRS,l,2.0NRT,302.98,14.05,D,VIIRS_NOAA20_NRT,,0,,,New / No Local History
24.05277,77.79788,356.31,0.59,0.7,2026-10-10,905,N,VIIRS,n,2.0NRT,303.1,12.84,D,VIIRS_SNPP_NRT,,0,,,New / No Local History
21.10575,72.64751,346.19,0.39,0.37,2026-10-10,826,N21,VIIRS,n,2.0NRT,315.01,12.05,D,VIIRS_NOAA21_NRT,4.8750967741935485,155,0.0059862648180335825,147.1745804880631,Abnormal Increase
21.10078,72.63675,342.44,0.39,0.37,2026-10-10,826,N21,VIIRS,n,2.0NRT,309.03,11.97,D,VIIRS_NOAA21_NRT,4.8750967741935485,155,0.003347571912909619,145.5335874225822,Abnormal Increase
21.10411,72.63619,345.27,0.39,0.37,2026-10-10,826,N21,VIIRS,n,2.0NRT,308.72,11.97,D,VIIRS_NOAA21_NRT,4.8750967741935485,155,0.0022084808377750374,145.5335874225822,Abnormal Increase
15.80327,78.35488,341.34,0.51,0.5,2026-10-10,739,N20,VIIRS,n,2.0NRT,305.11,11.43,D,VIIRS_NOAA20_NRT,,0,,,New / No Local History
13.30423,80.11363,340.43,0.51,0.49,2026-10-10,824,N21,VIIRS,n,2.0NRT,301.09,10.92,D,VIIRS_NOAA21_NRT,,0,,,New / No Local History
20.96958,85.17633,328.18,0.49,0.65,2026-10-10,644,N21,VIIRS,n,2.0NRT,295.05,10.86,D,VIIRS_NOAA21_NRT,3.5795412844036694,109,0.00986374013925732,203.39082963836276,Abnormal Increase
25.18127,73.25211,343.69,0.63,0.54,2026-10-10,905,N,VIIRS,n,2.0NRT,311.32,10.8,D,VIIRS_SNPP_NRT,,0,,,New / No Local History
30.52986,74.01582,346.68,0.54,0.42,2026-10-10,828,N21,VIIRS,n,2.0NRT,303.52,10.66,D,VIIRS_NOAA21_NRT,,0,,,New / No Local History
24.93871,77.16077,354.29,0.55,0.68,2026-10-10,905,N,VIIRS,n,2.0NRT,301.58,10.55,D,VIIRS_SNPP_NRT,,0,,,New / No Local History
18.72062,79.53786,330.82,0.55,0.51,2026-10-10,824,N21,VIIRS,l,2.0NRT,305.41,10.54,D,VIIRS_NOAA21_NRT,1.7500000000000002,13,0.010539858527234157,502.2857142857141,Abnormal Increase
22.79426,77.40945,344.88,0.44,0.46,2026-10-10,741,N20,VIIRS,n,2.0NRT,308.12,10.24,D,VIIRS_NOAA20_NRT,,0,,,New / No Local History
30.53024,74.01331,349.47,0.58,0.7,2026-10-10,724,N,VIIRS,n,2.0NRT,296.07,10.04,D,VIIRS_SNPP_NRT,,0,,,New / No Local History
21.24981,79.20975,337.44,0.56,0.52,2026-10-10,826,N21,VIIRS,n,2.0NRT,308.07,9.98,D,VIIRS_NOAA21_NRT,1.19375,8,0.009330528684254871,736.020942408377,Abnormal Increase
24.89131,76.83327,344.47,0.44,0.46,2026-10-10,826,N21,VIIRS,n,2.0NRT,311.08,9.92,D,VIIRS_NOAA21_NRT,,0,,,New / No Local History
12.84023,78.52094,341.94,0.57,0.52,2026-10-10,739,N20,VIIRS,n,2.0NRT,301.45,9.83,D,VIIRS_NOAA20_NRT,,0,,,New / No Local History
18.78576,78.73573,339.73,0.49,0.48,2026-10-10,826,N21,VIIRS,n,2.0NRT,302.29,9.76,D,VIIRS_NOAA21_NRT,,0,,,New / No Local History
18.71819,79.53599,332.18,0.55,0.51,2026-10-10,824,N21,VIIRS,l,2.0NRT,305.34,9.59,D,VIIRS_NOAA21_NRT,1.7500000000000002,13,0.018016677241127807,447.99999999999994,Abnormal Increase
13.71242,79.92227,338.74,0.63,0.72,2026-10-10,900,N,VIIRS,n,2.0NRT,298.75,9.45,D,VIIRS_SNPP_NRT,,0,,,New / No Local History
20.79404,85.25312,338.85,0.39,0.36,2026-10-10,739,N20,VIIRS,n,2.0NRT,303.63,9.39,D,VIIRS_NOAA20_NRT,4.153833333333335,60,0.01566042976793233,126.05625326004086,Abnormal Increase
20.96779,85.17707,328.46,0.49,0.65,2026-10-10,644,N21,VIIRS,n,2.0NRT,294.82,9.22,D,VIIRS_NOAA21_NRT,3.5795412844036694,109,0.0052744944113870445,157.5749032473025,Abnormal Increase
25.78345,73.70055,340.06,0.46,0.39,2026-10-10,826,N21,VIIRS,l,2.0NRT,314.44,9.19,D,VIIRS_NOAA21_NRT,,0,,,New / No Local History
22.71011,77.33798,347.17,0.45,0.47,2026-10-10,826,N21,VIIRS,n,2.0NRT,310.83,9.18,D,VIIRS_NOAA21_NRT,,0,,,New / No Local History
16.71302,79.5633,344.18,0.52,0.5,2026-10-10,824,N21,VIIRS,n,2.0NRT,307.73,9.17,D,VIIRS_NOAA21_NRT,,0,,,New / No Local History
17.29032,76.70496,342.98,0.62,0.54,2026-10-10,739,N20,VIIRS,n,2.0NRT,308.32,9.12,D,VIIRS_NOAA20_NRT,,0,,,New / No Local History
22.37748,87.27988,349.63,0.47,0.4,2026-10-10,741,N20,VIIRS,n,2.0NRT,307.51,9.12,D,VIIRS_NOAA20_NRT,3.405802469135804,81,0.005732959260414554,167.77830137383538,Abnormal Increase
24.94002,77.15698,341.13,0.55,0.68,2026-10-10,905,N,VIIRS,n,2.0NRT,300.84,9.11,D,VIIRS_SNPP_NRT,,0,,,New / No Local History
22.37751,87.27821,344.89,0.45,0.39,2026-10-10,722,N,VIIRS,n,2.0NRT,304.99,9.09,D,VIIRS_SNPP_NRT,3.552676056338029,71,0.005782119278664174,155.86346336822066,Abnormal Increase
21.10637,72.64308,339.42,0.52,0.5,2026-10-10,902,N,VIIRS,n,2.0NRT,306.76,9.0,D,VIIRS_SNPP_NRT,4.8750967741935485,155,0.006293429623071624,84.61171986660314,Abnormal Increase
21.10695,72.64809,345.29,0.52,0.5,2026-10-10,902,N,VIIRS,n,2.0NRT,307.86,9.0,D,VIIRS_SNPP_NRT,4.8750967741935485,155,0.0037959591553006007,84.61171986660314,Abnormal Increase
24.05211,77.80167,336.81,0.59,0.7,2026-10-10,905,N,VIIRS,n,2.0NRT,301.69,8.98,D,VIIRS_SNPP_NRT,,0,,,New / No Local History
19.15303,82.92061,330.69,0.4,0.37,2026-10-10,739,N20,VIIRS,l,2.0NRT,303.04,8.89,D,VIIRS_NOAA20_NRT,,0,,,New / No Local History
18.67061,77.80698,342.07,0.49,0.49,2026-10-10,739,N20,VIIRS,n,2.0NRT,307.58,8.81,D,VIIRS_NOAA20_NRT,,0,,,New / No Local History
21.0817,85.03468,330.46,0.5,0.65,2026-10-10,644,N21,VIIRS,n,2.0NRT,294.85,8.68,D,VIIRS_NOAA21_NRT,2.44,20,0.010911009918488599,255.73770491803282,Abnormal Increase
21.1027,72.63656,367.0,0.48,0.64,2026-10-10,741,N20,VIIRS,h,2.0NRT,300.03,8.65,D,VIIRS_NOAA20_NRT,4.8750967741935485,155,0.0019651406499509197,77.43237520512413,Abnormal Increase
29.98165,73.77419,337.56,0.62,0.71,2026-10-10,724,N,VIIRS,n,2.0NRT,297.23,8.65,D,VIIRS_SNPP_NRT,,0,,,New / No Local History
15.826,78.5631,337.87,0.66,0.73,2026-10-10,720,N,VIIRS,n,2.0NRT,296.25,8.62,D,VIIRS_SNPP_NRT,,0,,,New / No Local History
22.61733,77.09489,343.8,0.43,0.46,2026-10-10,826,N21,VIIRS,n,2.0NRT,313.4,8.59,D,VIIRS_NOAA21_NRT,,0,,,New / No Local History
21.08126,85.03467,344.23,0.41,0.45,2026-10-10,722,N,VIIRS,n,2.0NRT,301.71,8.55,D,VIIRS_SNPP_NRT,2.44,20,0.009672618232860839,250.4098360655738,Abnormal Increase
15.86978,80.59605,330.48,0.56,0.43,2026-10-10,739,N20,VIIRS,l,2.0NRT,303.29,8.54,D,VIIRS_NOAA20_NRT,,0,,,New / No Local History
31.29407,74.88467,350.75,0.42,0.46,2026-10-10,744,N20,VIIRS,n,2.0NRT,298.94,8.39,D,VIIRS_NOAA20_NRT,,0,,,New / No Local History
18.86608,78.21124,342.26,0.46,0.47,2026-10-10,739,N20,VIIRS,n,2.0NRT,304.19,8.36,D,VIIRS_NOAA20_NRT,,0,,,New / No Local History
22.35837,82.30179,336.51,0.4,0.37,2026-10-10,741,N20,VIIRS,l,2.0NRT,308.82,8.29,D,VIIRS_NOAA20_NRT,3.8262500000000004,24,0.019710973155224392,116.66122182293365,Abnormal Increase
16.37579,75.40065,338.06,0.44,0.39,2026-10-10,824,N21,VIIRS,n,2.0NRT,308.74,8.22,D,VIIRS_NOAA21_NRT,,0,,,New / No Local History
22.7351,77.40491,348.12,0.54,0.68,2026-10-10,902,N,VIIRS,n,2.0NRT,303.06,8.2,D,VIIRS_SNPP_NRT,,0,,,New / No Local History
13.7129,79.92241,337.17,0.59,0.7,2026-10-10,720,N,VIIRS,n,2.0NRT,297.94,8.13,D,VIIRS_SNPP_NRT,,0,,,New / No Local History
21.07791,85.03944,332.07,0.41,0.45,2026-10-10,722,N,VIIRS,n,2.0NRT,301.54,8.03,D,VIIRS_SNPP_NRT,2.44,20,0.012044733058028069,229.0983606557377,Abnormal Increase
24.88112,76.85411,336.78,0.53,0.67,2026-10-10,905,N,VIIRS,n,2.0NRT,306.28,7.97,D,VIIRS_SNPP_NRT,,0,,,New / No Local History
27.55764,76.01072,351.73,0.53,0.67,2026-10-10,724,N,VIIRS,n,2.0NRT,298.79,7.95,D,VIIRS_SNPP_NRT,,0,,,New / No Local History
22.83327,77.37058,334.3,0.54,0.68,2026-10-10,902,N,VIIRS,n,2.0NRT,300.93,7.9,D,VIIRS_SNPP_NRT,,0,,,New / No Local History
15.08758,78.63951,338.87,0.51,0.49,2026-10-10,739,N20,VIIRS,n,2.0NRT,301.6,7.85,D,VIIRS_NOAA20_NRT,,0,,,New / No Local History
31.776,75.25397,343.21,0.49,0.65,2026-10-10,907,N,VIIRS,n,2.0NRT,292.03,7.83,D,VIIRS_SNPP_NRT,,0,,,New / No Local History
23.68365,86.39511,336.78,0.44,0.38,2026-10-10,741,N20,VIIRS,n,2.0NRT,302.06,7.81,D,VIIRS_NOAA20_NRT,3.0147826086956515,92,0.013276256577091831,159.0568214594751,Abnormal Increase
22.35751,82.30178,336.52,0.46,0.64,2026-10-10,826,N21,VIIRS,n,2.0NRT,306.29,7.75,D,VIIRS_NOAA21_NRT,3.8262500000000004,24,0.01899640098511146,102.5481868670369,Abnormal Increase
24.05169,77.79554,337.95,0.59,0.7,2026-10-10,905,N,VIIRS,n,2.0NRT,302.24,7.74,D,VIIRS_SNPP_NRT,,0,,,New / No Local History
18.77385,77.88631,339.04,0.63,0.72,2026-10-10,722,N,VIIRS,n,2.0NRT,296.55,7.73,D,VIIRS_SNPP_NRT,,0,,,New / No Local History
22.72711,77.41092,335.73,0.45,0.47,2026-10-10,826,N21,VIIRS,l,2.0NRT,305.92,7.62,D,VIIRS_NOAA21_NRT,,0,,,New / No Local History
25.06623,76.91801,335.36,0.54,0.67,2026-10-10,905,N,VIIRS,n,2.0NRT,301.02,7.58,D,VIIRS_SNPP_NRT,,0,,,New / No Local History
21.83906,70.39404,350.4,0.38,0.44,2026-10-10,902,N,VIIRS,n,2.0NRT,310.35,7.56,D,VIIRS_SNPP_NRT,,0,,,New / No Local History
13.71037,79.92673,343.49,0.5,0.49,2026-10-10,824,N21,VIIRS,n,2.0NRT,304.24,7.53,D,VIIRS_NOAA21_NRT,,0,,,New / No Local History
24.84581,77.03648,345.0,0.42,0.46,2026-10-10,741,N20,VIIRS,n,2.0NRT,307.23,7.47,D,VIIRS_NOAA20_NRT,,0,,,New / No Local History
24.69087,77.06981,338.4,0.54,0.68,2026-10-10,905,N,VIIRS,n,2.0NRT,303.55,7.45,D,VIIRS_SNPP_NRT,,0,,,New / No Local History
25.54579,80.11086,347.57,0.44,0.38,2026-10-10,741,N20,VIIRS,n,2.0NRT,301.27,7.4,D,VIIRS_NOAA20_NRT,,0,,,New / No Local History
23.67567,86.39896,328.64,0.47,0.4,2026-10-10,722,N,VIIRS,l,2.0NRT,301.66,7.39,D,VIIRS_SNPP_NRT,3.0147826086956515,92,0.0017290334714926674,145.12546870493225,Abnormal Increase
23.67719,86.40058,331.32,0.44,0.39,2026-10-10,741,N20,VIIRS,l,2.0NRT,303.06,7.32,D,VIIRS_NOAA20_NRT,3.0147826086956515,92,0.004319154454333396,142.80357657917514,Abnormal Increase
25.94818,79.68236,341.06,0.45,0.39,2026-10-10,741,N20,VIIRS,n,2.0NRT,303.31,7.26,D,VIIRS_NOAA20_NRT,,0,,,New / No Local History
21.25088,79.2076,336.34,0.56,0.52,2026-10-10,826,N21,VIIRS,n,2.0NRT,309.19,7.21,D,VIIRS_NOAA21_NRT,1.19375,8,0.04157138652604192,503.97905759162296,Abnormal Increase
24.61897,77.95715,340.06,0.52,0.5,2026-10-10,826,N21,VIIRS,n,2.0NRT,309.0,7.15,D,VIIRS_NOAA21_NRT,,0,,,New / No Local History
13.15895,80.28656,344.34,0.65,0.73,2026-10-10,900,N,VIIRS,n,2.0NRT,291.32,7.14,D,VIIRS_SNPP_NRT,2.2899999999999996,6,0.04259792697659488,211.79039301310047,Abnormal Increase
20.96361,85.1885,338.06,0.4,0.44,2026-10-10,722,N,VIIRS,n,2.0NRT,301.76,7.1,D,VIIRS_SNPP_NRT,3.6879518072289144,83,0.01809054851090296,92.51878471087885,Abnormal Increase
25.43646,76.77636,340.08,0.53,0.67,2026-10-10,724,N,VIIRS,n,2.0NRT,302.19,7.09,D,VIIRS_SNPP_NRT,,0,,,New / No Local History
23.77931,86.38882,337.87,0.47,0.4,2026-10-10,722,N,VIIRS,n,2.0NRT,299.7,7.01,D,VIIRS_SNPP_NRT,2.20476821192053,151,0.013992398504482856,217.94725459569858,Abnormal Increase
20.88772,84.98141,331.32,0.41,0.45,2026-10-10,722,N,VIIRS,n,2.0NRT,299.77,6.99,D,VIIRS_SNPP_NRT,3.015394736842105,76,0.01905991500423505,131.81044639350705,Abnormal Increase
20.96954,85.1753,343.56,0.4,0.44,2026-10-10,722,N,VIIRS,n,2.0NRT,302.03,6.99,D,VIIRS_SNPP_NRT,3.5795412844036694,109,0.035309351468471736,95.2764179716534,Abnormal Increase
18.29063,82.80334,333.05,0.41,0.37,2026-10-10,739,N20,VIIRS,n,2.0NRT,298.18,6.88,D,VIIRS_NOAA20_NRT,,0,,,New / No Local History
24.88548,76.95321,350.02,0.43,0.46,2026-10-10,741,N20,VIIRS,n,2.0NRT,308.04,6.88,D,VIIRS_NOAA20_NRT,,0,,,New / No Local History
18.92922,78.43052,342.04,0.47,0.48,2026-10-10,826,N21,VIIRS,n,2.0NRT,305.36,6.85,D,VIIRS_NOAA21_NRT,,0,,,New / No Local History
24.65481,76.87068,342.97,0.44,0.46,2026-10-10,826,N21,VIIRS,n,2.0NRT,311.99,6.84,D,VIIRS_NOAA21_NRT,,0,,,New / No Local History
18.82553,78.34914,339.45,0.46,0.47,2026-10-10,826,N21,VIIRS,n,2.0NRT,301.62,6.79,D,VIIRS_NOAA21_NRT,,0,,,New / No Local History
24.85936,76.14024,343.32,0.4,0.44,2026-10-10,826,N21,VIIRS,n,2.0NRT,312.83,6.77,D,VIIRS_NOAA21_NRT,,0,,,New / No Local History
13.82345,78.25975,333.33,0.57,0.52,2026-10-10,739,N20,VIIRS,n,2.0NRT,301.44,6.75,D,VIIRS_NOAA20_NRT,,0,,,New / No Local History
16.67322,80.75348,330.43,0.53,0.42,2026-10-10,739,N20,VIIRS,l,2.0NRT,302.09,6.75,D,VIIRS_NOAA20_NRT,,0,,,New / No Local History
24.7357,76.54994,344.6,0.42,0.46,2026-10-10,826,N21,VIIRS,n,2.0NRT,312.72,6.74,D,VIIRS_NOAA21_NRT,,0,,,New / No Local History
27.55866,76.00942,348.69,0.43,0.46,2026-10-10,828,N21,VIIRS,n,2.0NRT,305.99,6.74,D,VIIRS_NOAA21_NRT,,0,,,New / No Local History
25.58393,78.4012,352.93,0.42,0.61,2026-10-10,724,N,VIIRS,n,2.0NRT,299.89,6.73,D,VIIRS_SNPP_NRT,,0,,,New / No Local History
22.6165,77.271,344.59,0.44,0.46,2026-10-10,826,N21,VIIRS,n,2.0NRT,308.93,6.65,D,VIIRS_NOAA21_NRT,,0,,,New / No Local History
20.96884,85.17364,342.09,0.39,0.36,2026-10-10,741,N20,VIIRS,n,2.0NRT,306.28,6.64,D,VIIRS_NOAA20_NRT,3.5599137931034472,116,0.01860009330463671,86.52137062598382,Abnormal Increase
25.87711,94.94617,337.66,0.5,0.66,2026-10-10,741,N20,VIIRS,n,2.0NRT,285.99,6.63,D,VIIRS_NOAA20_NRT,,0,,,New / No Local History
26.22179,75.49506,345.96,0.38,0.44,2026-10-10,828,N21,VIIRS,n,2.0NRT,317.68,6.62,D,VIIRS_NOAA21_NRT,,0,,,New / No Local History
25.53808,80.10804,367.0,0.44,0.38,2026-10-10,741,N20,VIIRS,h,2.0NRT,302.12,6.6,D,VIIRS_NOAA20_NRT,,0,,,New / No Local History
25.53882,80.11234,336.67,0.44,0.38,2026-10-10,741,N20,VIIRS,n,2.0NRT,300.49,6.6,D,VIIRS_NOAA20_NRT,,0,,,New / No Local History
25.54156,80.10731,367.0,0.44,0.38,2026-10-10,741,N20,VIIRS,h,2.0NRT,301.88,6.6,D,VIIRS_NOAA20_NRT,,0,,,New / No Local History
25.5423,80.1116,347.02,0.44,0.38,2026-10-10,741,N20,VIIRS,n,2.0NRT,301.03,6.6,D,VIIRS_NOAA20_NRT,,0,,,New / No Local History
26.33994,77.66582,340.38,0.45,0.63,2026-10-10,724,N,VIIRS,n,2.0NRT,302.33,6.55,D,VIIRS_SNPP_NRT,,0,,,New / No Local History
16.71399,79.56501,342.92,0.41,0.45,2026-10-10,739,N20,VIIRS,n,2.0NRT,308.91,6.53,D,VIIRS_NOAA20_NRT,,0,,,New / No Local History
24.91885,77.12788,341.18,0.46,0.47,2026-10-10,826,N21,VIIRS,n,2.0NRT,307.9,6.51,D,VIIRS_NOAA21_NRT,,0,,,New / No Local History
23.56008,87.23932,367.0,0.32,0.54,2026-10-10,646,N21,VIIRS,h,2.0NRT,295.42,6.46,D,VIIRS_NOAA21_NRT,2.9255263157894738,38,0.00747576244240905,120.81496806692454,Abnormal Increase
18.92904,78.51095,338.63,0.47,0.48,2026-10-10,826,N21,VIIRS,n,2.0NRT,304.52,6.38,D,VIIRS_NOAA21_NRT,,0,,,New / No Local History
13.71253,79.92353,344.2,0.5,0.49,2026-10-10,824,N21,VIIRS,n,2.0NRT,305.33,6.34,D,VIIRS_NOAA21_NRT,,0,,,New / No Local History
19.1895,78.00417,332.39,0.44,0.46,2026-10-10,826,N21,VIIRS,n,2.0NRT,302.33,6.32,D,VIIRS_NOAA21_NRT,,0,,,New / No Local History
21.76441,84.02323,335.28,0.38,0.36,2026-10-10,741,N20,VIIRS,n,2.0NRT,304.56,6.32,D,VIIRS_NOAA20_NRT,2.5425,24,0.031062858412891338,148.57423795476893,Abnormal Increase
14.25278,79.23566,346.04,0.48,0.48,2026-10-10,739,N20,VIIRS,n,2.0NRT,298.87,6.31,D,VIIRS_NOAA20_NRT,,0,,,New / No Local History
26.75116,80.07025,343.05,0.43,0.38,2026-10-10,744,N20,VIIRS,n,2.0NRT,298.88,6.31,D,VIIRS_NOAA20_NRT,,0,,,New / No Local History
25.67788,80.38783,349.05,0.43,0.38,2026-10-10,741,N20,VIIRS,n,2.0NRT,302.37,6.3,D,VIIRS_NOAA20_NRT,,0,,,New / No Local History
25.6786,80.39201,350.62,0.43,0.38,2026-10-10,741,N20,VIIRS,n,2.0NRT,298.35,6.3,D,VIIRS_NOAA20_NRT,,0,,,New / No Local History
23.67661,86.39626,331.29,0.44,0.38,2026-10-10,741,N20,VIIRS,l,2.0NRT,302.59,6.28,D,VIIRS_NOAA20_NRT,3.0147826086956515,92,0.009501972140766313,108.30689356792622,Abnormal Increase
24.898,76.90642,353.31,0.43,0.46,2026-10-10,741,N20,VIIRS,n,2.0NRT,311.27,6.25,D,VIIRS_NOAA20_NRT,,0,,,New / No Local History
22.57315,85.89327,328.21,0.52,0.41,2026-10-10,722,N,VIIRS,l,2.0NRT,301.91,6.23,D,VIIRS_SNPP_NRT,2.615555555555556,18,0.10684896007327079,138.19031435853867,Abnormal Increase
25.0192,76.90182,339.57,0.45,0.47,2026-10-10,826,N21,VIIRS,n,2.0NRT,308.95,6.2,D,VIIRS_NOAA21_NRT,,0,,,New / No Local History
24.89217,76.83171,341.4,0.53,0.67,2026-10-10,905,N,VIIRS,n,2.0NRT,306.76,6.2,D,VIIRS_SNPP_NRT,,0,,,New / No Local History
25.06355,76.33562,341.13,0.42,0.45,2026-10-10,826,N21,VIIRS,l,2.0NRT,315.03,6.19,D,VIIRS_NOAA21_NRT,,0,,,New / No Local History
22.75847,76.05476,335.44,0.56,0.43,2026-10-10,826,N21,VIIRS,n,2.0NRT,308.74,6.13,D,VIIRS_NOAA21_NRT,,0,,,New / No Local History
22.57401,85.88912,334.31,0.42,0.37,2026-10-10,741,N20,VIIRS,n,2.0NRT,302.1,6.11,D,VIIRS_NOAA20_NRT,2.615555555555556,18,0.05858259444881294,133.60237892948172,Abnormal Increase
25.87922,94.94186,346.14,0.39,0.44,2026-10-10,722,N,VIIRS,n,2.0NRT,294.27,6.09,D,VIIRS_SNPP_NRT,,0,,,New / No Local History
25.8797,94.94588,339.9,0.39,0.44,2026-10-10,722,N,VIIRS,n,2.0NRT,289.67,6.09,D,VIIRS_SNPP_NRT,,0,,,New / No Local History
25.95223,80.0388,348.3,0.44,0.38,2026-10-10,741,N20,VIIRS,n,2.0NRT,301.3,6.07,D,VIIRS_NOAA20_NRT,,0,,,New / No Local History
31.6263,74.56965,339.42,0.4,0.44,2026-10-10,828,N21,VIIRS,n,2.0NRT,298.71,6.04,D,VIIRS_NOAA21_NRT,,0,,,New / No Local History
23.40696,69.59949,337.48,0.54,0.42,2026-10-10,905,N,VIIRS,n,2.0NRT,308.17,6.03,D,VIIRS_SNPP_NRT,,0,,,New / No Local History
20.86377,84.98925,339.73,0.39,0.36,2026-10-10,741,N20,VIIRS,n,2.0NRT,303.38,6.02,D,VIIRS_NOAA20_NRT,3.015394736842105,76,0.00957910277940192,99.64218702273423,Abnormal Increase
20.96263,85.17513,335.58,0.39,0.36,2026-10-10,741,N20,VIIRS,n,2.0NRT,303.25,6.01,D,VIIRS_NOAA20_NRT,3.5629999999999997,110,0.021752408235455066,68.67808026943587,Abnormal Increase
23.40726,69.59872,335.67,0.39,0.36,2026-10-10,826,N21,VIIRS,n,2.0NRT,310.46,6.0,D,VIIRS_NOAA21_NRT,,0,,,New / No Local History
27.50424,77.5338,345.66,0.54,0.42,2026-10-10,744,N20,VIIRS,n,2.0NRT,303.65,5.99,D,VIIRS_NOAA20_NRT,,0,,,New / No Local History
22.7516,77.41713,330.17,0.55,0.68,2026-10-10,902,N,VIIRS,l,2.0NRT,303.22,5.99,D,VIIRS_SNPP_NRT,,0,,,New / No Local History
18.92973,78.51205,336.68,0.47,0.48,2026-10-10,826,N21,VIIRS,n,2.0NRT,304.65,5.94,D,VIIRS_NOAA21_NRT,,0,,,New / No Local History
22.7381,77.40731,339.41,0.54,0.68,2026-10-10,902,N,VIIRS,n,2.0NRT,301.51,5.93,D,VIIRS_SNPP_NRT,,0,,,New / No Local History
12.84324,78.51721,342.04,0.4,0.44,2026-10-10,824,N21,VIIRS,n,2.0NRT,301.78,5.91,D,VIIRS_NOAA21_NRT,,0,,,New / No Local History
23.94585,77.6468,344.95,0.41,0.45,2026-10-10,741,N20,VIIRS,n,2.0NRT,312.03,5.91,D,VIIRS_NOAA20_NRT,,0,,,New / No Local History
24.81686,93.03549,347.33,0.44,0.38,2026-10-10,646,N21,VIIRS,n,2.0NRT,300.97,5.9,D,VIIRS_NOAA21_NRT,,0,,,New / No Local History
24.89043,76.94491,338.77,0.45,0.47,2026-10-10,826,N21,VIIRS,l,2.0NRT,310.83,5.9,D,VIIRS_NOAA21_NRT,,0,,,New / No Local History
18.83265,78.33487,340.18,0.46,0.47,2026-10-10,826,N21,VIIRS,n,2.0NRT,302.25,5.87,D,VIIRS_NOAA21_NRT,,0,,,New / No Local History
31.78561,74.90857,339.28,0.42,0.45,2026-10-10,828,N21,VIIRS,n,2.0NRT,296.84,5.87,D,VIIRS_NOAA21_NRT,,0,,,New / No Local History
17.61063,83.20409,337.29,0.41,0.37,2026-10-10,739,N20,VIIRS,n,2.0NRT,300.9,5.86,D,VIIRS_NOAA20_NRT,2.7028571428571433,35,0.02349753857837068,116.80761099365749,Abnormal Increase
18.80957,78.18179,342.74,0.47,0.47,2026-10-10,739,N20,VIIRS,n,2.0NRT,303.96,5.82,D,VIIRS_NOAA20_NRT,,0,,,New / No Local History
24.77882,76.94617,341.1,0.43,0.46,2026-10-10,741,N20,VIIRS,n,2.0NRT,306.27,5.82,D,VIIRS_NOAA20_NRT,,0,,,New / No Local History
22.66547,77.32648,337.07,0.45,0.47,2026-10-10,826,N21,VIIRS,l,2.0NRT,310.44,5.78,D,VIIRS_NOAA21_NRT,,0,,,New / No Local History
13.70572,79.92293,340.53,0.63,0.72,2026-10-10,900,N,VIIRS,n,2.0NRT,298.24,5.74,D,VIIRS_SNPP_NRT,,0,,,New / No Local History
24.8947,76.83001,335.98,0.53,0.67,2026-10-10,905,N,VIIRS,n,2.0NRT,305.44,5.72,D,VIIRS_SNPP_NRT,,0,,,New / No Local History
25.00316,77.12749,347.04,0.42,0.45,2026-10-10,741,N20,VIIRS,n,2.0NRT,308.75,5.71,D,VIIRS_NOAA20_NRT,,0,,,New / No Local History
18.82656,78.35789,335.18,0.46,0.47,2026-10-10,826,N21,VIIRS,n,2.0NRT,303.62,5.7,D,VIIRS_NOAA21_NRT,,0,,,New / No Local History
20.9755,85.17254,335.35,0.39,0.36,2026-10-10,741,N20,VIIRS,n,2.0NRT,303.5,5.69,D,VIIRS_NOAA20_NRT,3.5596581196581183,117,0.013372397533925195,59.8468113714945,Abnormal Increase
22.79007,77.41039,342.24,0.44,0.46,2026-10-10,741,N20,VIIRS,n,2.0NRT,308.72,5.63,D,VIIRS_NOAA20_NRT,,0,,,New / No Local History
25.18901,76.19871,337.61,0.41,0.45,2026-10-10,826,N21,VIIRS,l,2.0NRT,310.48,5.62,D,VIIRS_NOAA21_NRT,,0,,,New / No Local History
23.55941,87.23892,331.28,0.44,0.38,2026-10-10,722,N,VIIRS,n,2.0NRT,298.5,5.61,D,VIIRS_SNPP_NRT,2.9255263157894738,38,0.015300058712528587,91.7603670054871,Abnormal Increase
25.85443,94.90498,340.4,0.38,0.44,2026-10-10,722,N,VIIRS,n,2.0NRT,295.08,5.6,D,VIIRS_SNPP_NRT,,0,,,New / No Local History
31.31702,74.99724,341.0,0.42,0.45,2026-10-10,744,N20,VIIRS,n,2.0NRT,297.75,5.58,D,VIIRS_NOAA20_NRT,,0,,,New / No Local History
14.81036,77.7877,336.29,0.57,0.43,2026-10-10,824,N21,VIIRS,n,2.0NRT,304.99,5.57,D,VIIRS_NOAA21_NRT,,0,,,New / No Local History
22.83098,77.37163,338.45,0.54,0.68,2026-10-10,902,N,VIIRS,n,2.0NRT,301.2,5.56,D,VIIRS_SNPP_NRT,,0,,,New / No Local History
23.64752,85.43855,337.31,0.41,0.61,2026-10-10,646,N21,VIIRS,n,2.0NRT,297.59,5.54,D,VIIRS_NOAA21_NRT,3.0220454545454554,44,0.008791243214669628,83.31954576220195,Abnormal Increase
13.70977,79.92212,335.41,0.5,0.49,2026-10-10,824,N21,VIIRS,n,2.0NRT,303.72,5.53,D,VIIRS_NOAA21_NRT,,0,,,New / No Local History
20.86868,84.99372,329.45,0.41,0.45,2026-10-10,722,N,VIIRS,n,2.0NRT,294.94,5.53,D,VIIRS_SNPP_NRT,3.038266666666666,75,0.009703573628608313,82.0116733225085,Abnormal Increase
13.30577,80.11156,340.6,0.51,0.49,2026-10-10,824,N21,VIIRS,n,2.0NRT,299.63,5.49,D,VIIRS_NOAA21_NRT,,0,,,New / No Local History
25.15928,76.15765,341.86,0.41,0.45,2026-10-10,826,N21,VIIRS,n,2.0NRT,311.62,5.47,D,VIIRS_NOAA21_NRT,,0,,,New / No Local History
15.16631,78.62643,331.29,0.51,0.49,2026-10-10,739,N20,VIIRS,l,2.0NRT,303.46,5.45,D,VIIRS_NOAA20_NRT,,0,,,New / No Local History
21.6788,84.03816,335.26,0.38,0.36,2026-10-10,741,N20,VIIRS,l,2.0NRT,305.37,5.45,D,VIIRS_NOAA20_NRT,2.826315789473685,19,0.03639035590314919,92.8305400372439,Abnormal Increase
22.45099,77.06492,340.86,0.43,0.46,2026-10-10,826,N21,VIIRS,l,2.0NRT,312.01,5.44,D,VIIRS_NOAA21_NRT,,0,,,New / No Local History
18.84623,78.52612,330.37,0.47,0.48,2026-10-10,826,N21,VIIRS,l,2.0NRT,304.62,5.43,D,VIIRS_NOAA21_NRT,,0,,,New / No Local History
24.46937,81.55238,338.34,0.4,0.37,2026-10-10,741,N20,VIIRS,n,2.0NRT,301.48,5.42,D,VIIRS_NOAA20_NRT,,0,,,New / No Local History
25.85007,94.90913,339.93,0.49,0.65,2026-10-10,741,N20,VIIRS,n,2.0NRT,287.93,5.39,D,VIIRS_NOAA20_NRT,,0,,,New / No Local History
13.79347,79.70635,331.45,0.48,0.48,2026-10-10,824,N21,VIIRS,l,2.0NRT,306.26,5.38,D,VIIRS_NOAA21_NRT,,0,,,New / No Local History
26.40439,88.81522,346.85,0.39,0.36,2026-10-10,722,N,VIIRS,n,2.0NRT,295.27,5.37,D,VIIRS_SNPP_NRT,,0,,,New / No Local History
24.03847,72.04743,340.59,0.52,0.5,2026-10-10,905,N,VIIRS,n,2.0NRT,306.44,5.37,D,VIIRS_SNPP_NRT,,0,,,New / No Local History
24.04306,72.04686,344.85,0.52,0.5,2026-10-10,905,N,VIIRS,n,2.0NRT,307.08,5.37,D,VIIRS_SNPP_NRT,,0,,,New / No Local History
22.93226,69.69928,341.91,0.39,0.37,2026-10-10,826,N21,VIIRS,l,2.0NRT,313.4,5.36,D,VIIRS_NOAA21_NRT,2.3864,25,0.018549583578315137,124.60610124036207,Abnormal Increase
24.62012,77.95969,334.78,0.57,0.43,2026-10-10,741,N20,VIIRS,l,2.0NRT,309.25,5.36,D,VIIRS_NOAA20_NRT,,0,,,New / No Local History
21.07769,85.0367,343.71,0.39,0.36,2026-10-10,741,N20,VIIRS,n,2.0NRT,307.78,5.35,D,VIIRS_NOAA20_NRT,2.44,20,0.061244353261220984,119.2622950819672,Abnormal Increase
21.08101,85.03615,335.75,0.39,0.36,2026-10-10,741,N20,VIIRS,n,2.0NRT,303.4,5.35,D,VIIRS_NOAA20_NRT,2.44,20,0.11836720539445032,119.2622950819672,Abnormal Increase
15.87031,77.79153,335.53,0.39,0.44,2026-10-10,824,N21,VIIRS,l,2.0NRT,309.73,5.34,D,VIIRS_NOAA21_NRT,,0,,,New / No Local History
21.91913,83.35025,342.07,0.39,0.36,2026-10-10,741,N20,VIIRS,n,2.0NRT,307.57,5.3,D,VIIRS_NOAA20_NRT,2.8140740740740737,27,0.009524133811882836,88.33903658857596,Abnormal Increase
21.91971,83.35395,339.04,0.39,0.36,2026-10-10,741,N20,VIIRS,n,2.0NRT,302.68,5.3,D,VIIRS_NOAA20_NRT,2.8140740740740737,27,0.0060490182586459915,88.33903658857596,Abnormal Increase
26.20934,91.08862,339.18,0.57,0.52,2026-10-10,741,N20,VIIRS,n,2.0NRT,294.88,5.3,D,VIIRS_NOAA20_NRT,2.88,1,0.02714453243048193,84.02777777777779,Abnormal Increase
24.29814,77.9525,332.9,0.48,0.65,2026-10-10,722,N,VIIRS,n,2.0NRT,302.17,5.28,D,VIIRS_SNPP_NRT,,0,,,New / No Local History
13.15459,79.40679,333.36,0.45,0.47,2026-10-10,824,N21,VIIRS,l,2.0NRT,303.64,5.27,D,VIIRS_NOAA21_NRT,,0,,,New / No Local History
22.6106,77.27526,333.49,0.53,0.67,2026-10-10,902,N,VIIRS,n,2.0NRT,299.64,5.25,D,VIIRS_SNPP_NRT,,0,,,New / No Local History
24.69292,77.06631,333.2,0.54,0.68,2026-10-10,905,N,VIIRS,n,2.0NRT,301.3,5.24,D,VIIRS_SNPP_NRT,,0,,,New / No Local History
25.43827,76.77922,336.89,0.53,0.67,2026-10-10,724,N,VIIRS,n,2.0NRT,300.94,5.18,D,VIIRS_SNPP_NRT,,0,,,New / No Local History
16.69721,77.89854,341.09,0.41,0.45,2026-10-10,824,N21,VIIRS,n,2.0NRT,302.85,5.17,D,VIIRS_NOAA21_NRT,,0,,,New / No Local History
21.68173,76.41869,337.46,0.57,0.43,2026-10-10,826,N21,VIIRS,l,2.0NRT,311.54,5.17,D,VIIRS_NOAA21_NRT,,0,,,New / No Local History
22.75545,77.41967,330.95,0.55,0.68,2026-10-10,902,N,VIIRS,n,2.0NRT,303.78,5.15,D,VIIRS_SNPP_NRT,,0,,,New / No Local History
14.38871,79.74321,338.32,0.44,0.46,2026-10-10,739,N20,VIIRS,n,2.0NRT,303.22,5.13,D,VIIRS_NOAA20_NRT,,0,,,New / No Local History
16.7106,79.56401,335.18,0.55,0.68,2026-10-10,720,N,VIIRS,n,2.0NRT,300.23,5.13,D,VIIRS_SNPP_NRT,,0,,,New / No Local History
24.89083,76.82891,338.04,0.44,0.46,2026-10-10,826,N21,VIIRS,n,2.0NRT,310.57,5.11,D,VIIRS_NOAA21_NRT,,0,,,New / No Local History
18.29623,77.7682,330.27,0.42,0.45,2026-10-10,824,N21,VIIRS,l,2.0NRT,305.12,5.1,D,VIIRS_NOAA21_NRT,,0,,,New / No Local History
23.25881,69.94298,343.85,0.49,0.65,2026-10-10,922,N20,VIIRS,n,2.0NRT,303.23,5.1,D,VIIRS_NOAA20_NRT,,0,,,New / No Local History
25.52962,80.10091,341.34,0.44,0.38,2026-10-10,741,N20,VIIRS,n,2.0NRT,301.48,5.06,D,VIIRS_NOAA20_NRT,,0,,,New / No Local History
25.53037,80.10521,339.41,0.44,0.38,2026-10-10,741,N20,VIIRS,n,2.0NRT,301.16,5.06,D,VIIRS_NOAA20_NRT,,0,,,New / No Local History
25.5331,80.10018,347.37,0.44,0.38,2026-10-10,741,N20,VIIRS,n,2.0NRT,301.37,5.06,D,VIIRS_NOAA20_NRT,,0,,,New / No Local History
25.53385,80.10447,354.02,0.44,0.38,2026-10-10,741,N20,VIIRS,n,2.0NRT,302.1,5.06,D,VIIRS_NOAA20_NRT,,0,,,New / No Local History
20.86873,84.99985,333.8,0.39,0.36,2026-10-10,741,N20,VIIRS,n,2.0NRT,299.06,5.04,D,VIIRS_NOAA20_NRT,3.1119696969696964,66,0.12690174924510841,61.95530454257757,Abnormal Increase
20.8715,84.99558,334.37,0.39,0.36,2026-10-10,741,N20,VIIRS,n,2.0NRT,300.85,5.04,D,VIIRS_NOAA20_NRT,3.038266666666666,75,0.012505505339582248,65.88405669899508,Abnormal Increase
13.15847,80.28465,342.67,0.52,0.5,2026-10-10,824,N21,VIIRS,n,2.0NRT,301.34,5.01,D,VIIRS_NOAA21_NRT,2.2899999999999996,6,0.09549671248616101,118.77729257641924,Abnormal Increase
23.89151,70.73651,346.35,0.38,0.36,2026-10-10,826,N21,VIIRS,n,2.0NRT,310.72,5.01,D,VIIRS_NOAA21_NRT,,0,,,New / No Local History
22.01802,81.63847,335.2,0.42,0.38,2026-10-10,741,N20,VIIRS,n,2.0NRT,303.23,5.01,D,VIIRS_NOAA20_NRT,,0,,,New / No Local History
22.72902,78.05084,334.57,0.51,0.66,2026-10-10,722,N,VIIRS,n,2.0NRT,300.19,4.97,D,VIIRS_SNPP_NRT,,0,,,New / No Local History
22.41569,69.04051,337.87,0.41,0.37,2026-10-10,826,N21,VIIRS,l,2.0NRT,312.85,4.94,D,VIIRS_NOAA21_NRT,1.8337500000000002,8,0.017690723948206668,169.39331970006813,Abnormal Increase
20.96485,85.1671,334.65,0.39,0.36,2026-10-10,741,N20,VIIRS,n,2.0NRT,302.25,4.94,D,VIIRS_NOAA20_NRT,3.5045794392523355,107,0.012241957019609203,40.95842555801493,Persistent / Stable
25.8803,94.9419,339.47,0.39,0.44,2026-10-10,722,N,VIIRS,n,2.0NRT,292.92,4.93,D,VIIRS_SNPP_NRT,,0,,,New / No Local History
23.64762,85.43938,334.73,0.41,0.61,2026-10-10,646,N21,VIIRS,n,2.0NRT,297.07,4.91,D,VIIRS_NOAA21_NRT,3.0220454545454554,44,0.004900597759092633,62.47273821162664,Abnormal Increase
13.96442,79.88904,338.34,0.5,0.49,2026-10-10,824,N21,VIIRS,n,2.0NRT,306.0,4.85,D,VIIRS_NOAA21_NRT,,0,,,New / No Local History
25.93683,79.68017,342.95,0.45,0.39,2026-10-10,741,N20,VIIRS,n,2.0NRT,304.53,4.85,D,VIIRS_NOAA20_NRT,,0,,,New / No Local History
29.95216,76.09425,336.02,0.53,0.67,2026-10-10,905,N,VIIRS,n,2.0NRT,293.69,4.84,D,VIIRS_SNPP_NRT,,0,,,New / No Local History
22.36534,87.30022,332.03,0.47,0.4,2026-10-10,741,N20,VIIRS,n,2.0NRT,301.45,4.83,D,VIIRS_NOAA20_NRT,2.8224193548387104,62,0.0031630347382081603,71.12977884450535,Abnormal Increase
12.2512,76.84344,342.32,0.38,0.58,2026-10-10,739,N20,VIIRS,n,2.0NRT,291.16,4.8,D,VIIRS_NOAA20_NRT,,0,,,New / No Local History
12.07597,79.20793,338.73,0.54,0.68,2026-10-10,900,N,VIIRS,n,2.0NRT,287.81,4.78,D,VIIRS_SNPP_NRT,,0,,,New / No Local History
25.78384,73.70322,367.0,0.34,0.56,2026-10-10,905,N,VIIRS,h,2.0NRT,306.9,4.77,D,VIIRS_SNPP_NRT,,0,,,New / No Local History
25.95782,92.79996,332.63,0.46,0.39,2026-10-10,722,N,VIIRS,n,2.0NRT,298.76,4.76,D,VIIRS_SNPP_NRT,,0,,,New / No Local History
25.41262,76.64582,341.41,0.44,0.46,2026-10-10,741,N20,VIIRS,n,2.0NRT,307.0,4.75,D,VIIRS_NOAA20_NRT,,0,,,New / No Local History
27.55734,76.00732,335.9,0.43,0.46,2026-10-10,828,N21,VIIRS,n,2.0NRT,306.54,4.71,D,VIIRS_NOAA21_NRT,,0,,,New / No Local History
24.93482,77.15352,342.54,0.46,0.47,2026-10-10,826,N21,VIIRS,n,2.0NRT,306.42,4.69,D,VIIRS_NOAA21_NRT,,0,,,New / No Local History
24.93966,77.15754,335.27,0.46,0.47,2026-10-10,826,N21,VIIRS,l,2.0NRT,307.84,4.69,D,VIIRS_NOAA21_NRT,,0,,,New / No Local History
18.63253,77.66874,343.3,0.42,0.45,2026-10-10,826,N21,VIIRS,n,2.0NRT,309.23,4.66,D,VIIRS_NOAA21_NRT,,0,,,New / No Local History
29.70071,79.4718,345.89,0.42,0.38,2026-10-10,744,N20,VIIRS,n,2.0NRT,296.49,4.65,D,VIIRS_NOAA20_NRT,,0,,,New / No Local History
15.82683,78.59293,331.74,0.49,0.49,2026-10-10,739,N20,VIIRS,l,2.0NRT,305.96,4.63,D,VIIRS_NOAA20_NRT,,0,,,New / No Local History
31.49632,74.97421,342.6,0.47,0.64,2026-10-10,907,N,VIIRS,n,2.0NRT,293.9,4.63,D,VIIRS_SNPP_NRT,,0,,,New / No Local History
27.41554,70.83766,337.75,0.61,0.71,2026-10-10,924,N20,VIIRS,n,2.0NRT,299.16,4.62,D,VIIRS_NOAA20_NRT,4.6499999999999995,6,1.4858129031065226,-0.645161290322567,Persistent / Stable
20.96939,85.17737,336.93,0.39,0.36,2026-10-10,741,N20,VIIRS,n,2.0NRT,304.71,4.6,D,VIIRS_NOAA20_NRT,3.5795412844036694,109,0.001038488202730111,28.508086218827692,Persistent / Stable
24.04391,72.04656,337.57,0.4,0.37,2026-10-10,826,N21,VIIRS,l,2.0NRT,309.27,4.58,D,VIIRS_NOAA21_NRT,,0,,,New / No Local History
28.13197,77.51972,331.77,0.53,0.5,2026-10-10,828,N21,VIIRS,n,2.0NRT,300.19,4.58,D,VIIRS_NOAA21_NRT,,0,,,New / No Local History
21.83062,76.39575,342.44,0.53,0.5,2026-10-10,741,N20,VIIRS,n,2.0NRT,308.84,4.58,D,VIIRS_NOAA20_NRT,,0,,,New / No Local History
25.22713,76.99715,336.15,0.54,0.68,2026-10-10,905,N,VIIRS,n,2.0NRT,300.96,4.56,D,VIIRS_SNPP_NRT,,0,,,New / No Local History
24.87238,76.85802,342.13,0.44,0.46,2026-10-10,826,N21,VIIRS,n,2.0NRT,310.07,4.55,D,VIIRS_NOAA21_NRT,,0,,,New / No Local History
22.3257,77.24659,341.98,0.44,0.46,2026-10-10,826,N21,VIIRS,n,2.0NRT,310.72,4.54,D,VIIRS_NOAA21_NRT,,0,,,New / No Local History
18.2937,77.76728,333.09,0.42,0.45,2026-10-10,824,N21,VIIRS,l,2.0NRT,307.18,4.52,D,VIIRS_NOAA21_NRT,,0,,,New / No Local History
19.16948,77.96661,333.07,0.47,0.48,2026-10-10,739,N20,VIIRS,n,2.0NRT,300.44,4.52,D,VIIRS_NOAA20_NRT,,0,,,New / No Local History
22.0258,81.57896,339.35,0.42,0.38,2026-10-10,741,N20,VIIRS,n,2.0NRT,303.06,4.52,D,VIIRS_NOAA20_NRT,,0,,,New / No Local History
22.02646,81.58298,356.72,0.42,0.38,2026-10-10,741,N20,VIIRS,l,2.0NRT,305.7,4.52,D,VIIRS_NOAA20_NRT,,0,,,New / No Local History
22.02922,81.5783,337.25,0.42,0.38,2026-10-10,741,N20,VIIRS,n,2.0NRT,302.4,4.52,D,VIIRS_NOAA20_NRT,,0,,,New / No Local History
22.02988,81.58232,356.24,0.42,0.38,2026-10-10,741,N20,VIIRS,l,2.0NRT,305.37,4.52,D,VIIRS_NOAA20_NRT,,0,,,New / No Local History
23.62096,79.20667,333.01,0.51,0.41,2026-10-10,741,N20,VIIRS,n,2.0NRT,304.66,4.52,D,VIIRS_NOAA20_NRT,,0,,,New / No Local History
22.81231,77.14228,334.47,0.44,0.46,2026-10-10,826,N21,VIIRS,l,2.0NRT,309.03,4.51,D,VIIRS_NOAA21_NRT,,0,,,New / No Local History
15.80664,78.02381,334.4,0.54,0.51,2026-10-10,739,N20,VIIRS,l,2.0NRT,304.83,4.51,D,VIIRS_NOAA20_NRT,,0,,,New / No Local History
25.13665,77.73349,339.59,0.38,0.43,2026-10-10,741,N20,VIIRS,l,2.0NRT,310.36,4.48,D,VIIRS_NOAA20_NRT,,0,,,New / No Local History
21.76714,84.01897,333.58,0.38,0.36,2026-10-10,741,N20,VIIRS,l,2.0NRT,306.54,4.47,D,VIIRS_NOAA20_NRT,2.5425,24,0.007229313073476204,75.81120943952801,Abnormal Increase
18.84417,78.28267,334.02,0.46,0.47,2026-10-10,739,N20,VIIRS,n,2.0NRT,305.03,4.46,D,VIIRS_NOAA20_NRT,,0,,,New / No Local History
22.20711,77.14661,334.12,0.52,0.67,2026-10-10,902,N,VIIRS,l,2.0NRT,304.18,4.46,D,VIIRS_SNPP_NRT,,0,,,New / No Local History
24.91193,76.99849,332.56,0.53,0.67,2026-10-10,724,N,VIIRS,n,2.0NRT,301.28,4.45,D,VIIRS_SNPP_NRT,,0,,,New / No Local History
19.15168,82.92036,335.55,0.47,0.64,2026-10-10,824,N21,VIIRS,n,2.0NRT,296.2,4.44,D,VIIRS_NOAA21_NRT,,0,,,New / No Local History
21.24915,79.21217,335.9,0.55,0.43,2026-10-10,741,N20,VIIRS,n,2.0NRT,308.51,4.41,D,VIIRS_NOAA20_NRT,1.19375,8,0.07980462832287749,269.42408376963346,Abnormal Increase
22.61766,77.02944,331.17,0.59,0.7,2026-10-10,722,N,VIIRS,l,2.0NRT,304.27,4.41,D,VIIRS_SNPP_NRT,,0,,,New / No Local History
21.81516,76.40194,330.65,0.46,0.63,2026-10-10,902,N,VIIRS,l,2.0NRT,304.9,4.38,D,VIIRS_SNPP_NRT,,0,,,New / No Local History
24.85855,76.9313,338.01,0.45,0.47,2026-10-10,826,N21,VIIRS,n,2.0NRT,308.15,4.37,D,VIIRS_NOAA21_NRT,,0,,,New / No Local History
17.15117,78.27442,332.57,0.49,0.49,2026-10-10,739,N20,VIIRS,l,2.0NRT,305.8,4.37,D,VIIRS_NOAA20_NRT,,0,,,New / No Local History
21.08046,85.03241,332.7,0.39,0.36,2026-10-10,741,N20,VIIRS,n,2.0NRT,301.71,4.37,D,VIIRS_NOAA20_NRT,2.44,20,0.07161530347749412,79.09836065573771,Abnormal Increase
29.20415,79.08986,347.61,0.44,0.38,2026-10-10,744,N20,VIIRS,n,2.0NRT,296.77,4.37,D,VIIRS_NOAA20_NRT,,0,,,New / No Local History
25.24715,76.3057,334.62,0.46,0.47,2026-10-10,741,N20,VIIRS,l,2.0NRT,309.37,4.36,D,VIIRS_NOAA20_NRT,,0,,,New / No Local History
23.77774,86.2099,338.0,0.44,0.38,2026-10-10,741,N20,VIIRS,n,2.0NRT,304.89,4.33,D,VIIRS_NOAA20_NRT,3.051874999999999,48,0.006384960843007479,41.87999180831461,Persistent / Stable
23.78123,86.20933,337.88,0.44,0.38,2026-10-10,741,N20,VIIRS,n,2.0NRT,303.85,4.33,D,VIIRS_NOAA20_NRT,3.051874999999999,48,0.016943074078767818,41.87999180831461,Persistent / Stable
14.6896,79.04317,331.3,0.65,0.73,2026-10-10,720,N,VIIRS,n,2.0NRT,298.4,4.33,D,VIIRS_SNPP_NRT,,0,,,New / No Local History
23.68574,86.39211,330.42,0.47,0.4,2026-10-10,722,N,VIIRS,l,2.0NRT,300.91,4.32,D,VIIRS_SNPP_NRT,3.0147826086956515,92,0.01124824710576648,43.293914046726314,Persistent / Stable
18.71263,77.72288,336.22,0.5,0.49,2026-10-10,739,N20,VIIRS,n,2.0NRT,309.26,4.29,D,VIIRS_NOAA20_NRT,,0,,,New / No Local History
31.60176,75.4222,340.91,0.39,0.44,2026-10-10,744,N20,VIIRS,n,2.0NRT,296.57,4.24,D,VIIRS_NOAA20_NRT,,0,,,New / No Local History
23.4074,77.51556,330.1,0.53,0.67,2026-10-10,722,N,VIIRS,n,2.0NRT,300.69,4.24,D,VIIRS_SNPP_NRT,,0,,,New / No Local History
27.38427,82.3706,327.55,0.38,0.36,2026-10-10,744,N20,VIIRS,n,2.0NRT,297.04,4.23,D,VIIRS_NOAA20_NRT,,0,,,New / No Local History
27.38486,82.37445,333.76,0.38,0.36,2026-10-10,744,N20,VIIRS,n,2.0NRT,296.82,4.23,D,VIIRS_NOAA20_NRT,,0,,,New / No Local History
23.63738,68.53287,343.06,0.48,0.4,2026-10-10,905,N,VIIRS,n,2.0NRT,306.07,4.23,D,VIIRS_SNPP_NRT,,0,,,New / No Local History
24.60596,77.86346,332.58,0.38,0.44,2026-10-10,741,N20,VIIRS,l,2.0NRT,305.24,4.21,D,VIIRS_NOAA20_NRT,,0,,,New / No Local History
27.55782,76.0116,340.86,0.43,0.46,2026-10-10,828,N21,VIIRS,n,2.0NRT,304.52,4.19,D,VIIRS_NOAA21_NRT,,0,,,New / No Local History
18.95172,77.9212,343.49,0.48,0.48,2026-10-10,739,N20,VIIRS,n,2.0NRT,309.26,4.19,D,VIIRS_NOAA20_NRT,,0,,,New / No Local History
16.17366,79.75281,337.66,0.41,0.45,2026-10-10,739,N20,VIIRS,n,2.0NRT,303.0,4.18,D,VIIRS_NOAA20_NRT,,0,,,New / No Local History
22.5777,77.06583,332.61,0.52,0.66,2026-10-10,902,N,VIIRS,n,2.0NRT,301.52,4.14,D,VIIRS_SNPP_NRT,,0,,,New / No Local History
24.87241,76.84185,333.28,0.44,0.46,2026-10-10,741,N20,VIIRS,l,2.0NRT,308.09,4.12,D,VIIRS_NOAA20_NRT,,0,,,New / No Local History
25.02772,76.32745,341.06,0.46,0.47,2026-10-10,741,N20,VIIRS,n,2.0NRT,310.82,4.12,D,VIIRS_NOAA20_NRT,,0,,,New / No Local History
28.13441,77.53507,332.13,0.53,0.42,2026-10-10,744,N20,VIIRS,n,2.0NRT,300.74,4.11,D,VIIRS_NOAA20_NRT,,0,,,New / No Local History
24.79727,76.6442,344.53,0.43,0.46,2026-10-10,826,N21,VIIRS,n,2.0NRT,312.21,4.1,D,VIIRS_NOAA21_NRT,,0,,,New / No Local History
24.59571,78.04552,335.05,0.56,0.43,2026-10-10,741,N20,VIIRS,n,2.0NRT,309.34,4.09,D,VIIRS_NOAA20_NRT,,0,,,New / No Local History
14.14354,78.81937,345.93,0.51,0.49,2026-10-10,739,N20,VIIRS,n,2.0NRT,305.4,4.07,D,VIIRS_NOAA20_NRT,,0,,,New / No Local History
24.97135,77.91965,331.7,0.46,0.64,2026-10-10,722,N,VIIRS,l,2.0NRT,302.59,4.05,D,VIIRS_SNPP_NRT,,0,,,New / No Local History
24.97713,77.91806,346.41,0.46,0.64,2026-10-10,722,N,VIIRS,n,2.0NRT,302.84,4.05,D,VIIRS_SNPP_NRT,,0,,,New / No Local History
25.4455,79.7058,341.93,0.45,0.39,2026-10-10,741,N20,VIIRS,n,2.0NRT,305.59,4.04,D,VIIRS_NOAA20_NRT,,0,,,New / No Local History
16.69662,77.89561,335.66,0.41,0.45,2026-10-10,824,N21,VIIRS,n,2.0NRT,302.01,4.03,D,VIIRS_NOAA21_NRT,,0,,,New / No Local History
22.79115,86.19682,329.37,0.43,0.38,2026-10-10,741,N20,VIIRS,l,2.0NRT,301.01,4.02,D,VIIRS_NOAA20_NRT,2.479821428571428,56,0.00893416372498782,62.10844674875785,Abnormal Increase
23.19509,79.51205,336.41,0.5,0.41,2026-10-10,741,N20,VIIRS,l,2.0NRT,310.59,4.02,D,VIIRS_NOAA20_NRT,,0,,,New / No Local History
29.03061,79.43092,342.96,0.43,0.38,2026-10-10,744,N20,VIIRS,n,2.0NRT,295.49,4.01,D,VIIRS_NOAA20_NRT,,0,,,New / No Local History
29.03136,79.43523,336.26,0.43,0.38,2026-10-10,744,N20,VIIRS,n,2.0NRT,293.56,4.01,D,VIIRS_NOAA20_NRT,,0,,,New / No Local History
12.16362,76.96231,333.0,0.48,0.4,2026-10-10,822,N21,VIIRS,n,2.0NRT,294.53,4.0,D,VIIRS_NOAA21_NRT,,0,,,New / No Local History
24.03908,72.04536,341.91,0.51,0.5,2026-10-10,905,N,VIIRS,n,2.0NRT,306.94,3.99,D,VIIRS_SNPP_NRT,,0,,,New / No Local History
24.89901,76.90586,345.77,0.43,0.46,2026-10-10,741,N20,VIIRS,n,2.0NRT,310.93,3.98,D,VIIRS_NOAA20_NRT,,0,,,New / No Local History
25.37753,75.67509,339.87,0.38,0.44,2026-10-10,826,N21,VIIRS,n,2.0NRT,306.38,3.96,D,VIIRS_NOAA21_NRT,,0,,,New / No Local History
25.13702,76.30293,342.58,0.46,0.47,2026-10-10,741,N20,VIIRS,n,2.0NRT,309.47,3.95,D,VIIRS_NOAA20_NRT,,0,,,New / No Local History
27.87191,77.57185,333.82,0.53,0.42,2026-10-10,744,N20,VIIRS,l,2.0NRT,304.1,3.94,D,VIIRS_NOAA20_NRT,,0,,,New / No Local History
21.74119,76.16003,334.55,0.56,0.43,2026-10-10,826,N21,VIIRS,l,2.0NRT,305.78,3.93,D,VIIRS_NOAA21_NRT,,0,,,New / No Local History
16.77364,78.56443,336.87,0.45,0.47,2026-10-10,824,N21,VIIRS,n,2.0NRT,306.22,3.92,D,VIIRS_NOAA21_NRT,,0,,,New / No Local History
22.0543,88.12619,332.14,0.42,0.38,2026-10-10,722,N,VIIRS,n,2.0NRT,303.93,3.92,D,VIIRS_SNPP_NRT,4.386363636363635,22,0.007253689368534235,-10.632124352331578,Persistent / Stable
23.63535,68.53159,336.67,0.48,0.4,2026-10-10,905,N,VIIRS,n,2.0NRT,306.24,3.92,D,VIIRS_SNPP_NRT,,0,,,New / No Local History
21.48571,81.76918,330.19,0.42,0.61,2026-10-10,826,N21,VIIRS,l,2.0NRT,305.05,3.91,D,VIIRS_NOAA21_NRT,1.4842857142857144,7,0.017590840664207002,163.4263715110683,Abnormal Increase
26.80001,78.19213,335.2,0.57,0.52,2026-10-10,828,N21,VIIRS,n,2.0NRT,303.62,3.91,D,VIIRS_NOAA21_NRT,,0,,,New / No Local History
25.80288,78.34682,332.02,0.52,0.42,2026-10-10,741,N20,VIIRS,l,2.0NRT,305.69,3.91,D,VIIRS_NOAA20_NRT,,0,,,New / No Local History
25.95785,92.80109,331.57,0.43,0.38,2026-10-10,646,N21,VIIRS,n,2.0NRT,299.28,3.9,D,VIIRS_NOAA21_NRT,,0,,,New / No Local History
25.94388,79.67867,340.0,0.45,0.39,2026-10-10,741,N20,VIIRS,n,2.0NRT,304.11,3.9,D,VIIRS_NOAA20_NRT,,0,,,New / No Local History
25.94741,79.67792,349.91,0.45,0.39,2026-10-10,741,N20,VIIRS,n,2.0NRT,304.33,3.9,D,VIIRS_NOAA20_NRT,,0,,,New / No Local History
22.48431,77.0564,333.76,0.51,0.66,2026-10-10,902,N,VIIRS,l,2.0NRT,306.05,3.9,D,VIIRS_SNPP_NRT,,0,,,New / No Local History
17.81354,80.83681,334.83,0.51,0.41,2026-10-10,739,N20,VIIRS,n,2.0NRT,304.47,3.89,D,VIIRS_NOAA20_NRT,,0,,,New / No Local History
26.84957,81.54955,328.51,0.46,0.64,2026-10-10,828,N21,VIIRS,n,2.0NRT,290.07,3.86,D,VIIRS_NOAA21_NRT,,0,,,New / No Local History
24.84005,77.02915,336.12,0.42,0.46,2026-10-10,741,N20,VIIRS,n,2.0NRT,307.88,3.86,D,VIIRS_NOAA20_NRT,,0,,,New / No Local History
13.32837,80.10849,331.96,0.51,0.49,2026-10-10,824,N21,VIIRS,n,2.0NRT,300.04,3.85,D,VIIRS_NOAA21_NRT,,0,,,New / No Local History
25.6846,79.78712,333.91,0.35,0.56,2026-10-10,826,N21,VIIRS,n,2.0NRT,301.99,3.84,D,VIIRS_NOAA21_NRT,,0,,,New / No Local History
22.20886,84.86267,329.76,0.4,0.44,2026-10-10,722,N,VIIRS,l,2.0NRT,301.11,3.84,D,VIIRS_SNPP_NRT,2.2871999999999995,25,0.0096390074364682,67.890870933893,Abnormal Increase
25.02676,76.3254,331.14,0.58,0.69,2026-10-10,724,N,VIIRS,l,2.0NRT,304.3,3.84,D,VIIRS_SNPP_NRT,,0,,,New / No Local History
16.71265,79.56141,333.09,0.55,0.68,2026-10-10,720,N,VIIRS,n,2.0NRT,300.12,3.83,D,VIIRS_SNPP_NRT,,0,,,New / No Local History
19.06698,73.12589,337.58,0.39,0.37,2026-10-10,826,N21,VIIRS,n,2.0NRT,306.33,3.82,D,VIIRS_NOAA21_NRT,2.1966666666666668,3,0.6430316523000346,73.8998482549317,Abnormal Increase
22.38735,76.05574,333.22,0.56,0.43,2026-10-10,826,N21,VIIRS,l,2.0NRT,306.77,3.82,D,VIIRS_NOAA21_NRT,,0,,,New / No Local History
19.77219,78.64657,333.66,0.42,0.45,2026-10-10,741,N20,VIIRS,l,2.0NRT,307.63,3.82,D,VIIRS_NOAA20_NRT,,0,,,New / No Local History
25.04215,76.5685,340.82,0.45,0.47,2026-10-10,741,N20,VIIRS,n,2.0NRT,306.22,3.82,D,VIIRS_NOAA20_NRT,,0,,,New / No Local History
25.10768,76.36915,342.92,0.46,0.47,2026-10-10,741,N20,VIIRS,n,2.0NRT,310.65,3.82,D,VIIRS_NOAA20_NRT,,0,,,New / No Local History
24.84784,77.55431,333.6,0.49,0.49,2026-10-10,826,N21,VIIRS,n,2.0NRT,307.32,3.8,D,VIIRS_NOAA21_NRT,,0,,,New / No Local History
25.01642,76.85742,338.11,0.43,0.46,2026-10-10,741,N20,VIIRS,n,2.0NRT,307.17,3.79,D,VIIRS_NOAA20_NRT,,0,,,New / No Local History
21.20824,75.14913,334.82,0.33,0.55,2026-10-10,741,N20,VIIRS,l,2.0NRT,305.79,3.76,D,VIIRS_NOAA20_NRT,,0,,,New / No Local History
22.01052,81.63578,338.11,0.42,0.38,2026-10-10,741,N20,VIIRS,n,2.0NRT,304.26,3.76,D,VIIRS_NOAA20_NRT,,0,,,New / No Local History
22.70677,77.41,338.71,0.44,0.46,2026-10-10,741,N20,VIIRS,n,2.0NRT,306.49,3.76,D,VIIRS_NOAA20_NRT,,0,,,New / No Local History
25.5826,78.40272,338.21,0.52,0.42,2026-10-10,741,N20,VIIRS,n,2.0NRT,304.66,3.76,D,VIIRS_NOAA20_NRT,,0,,,New / No Local History
21.73785,76.13338,337.27,0.55,0.43,2026-10-10,826,N21,VIIRS,n,2.0NRT,308.95,3.74,D,VIIRS_NOAA21_NRT,,0,,,New / No Local History
24.70681,77.06976,341.79,0.46,0.47,2026-10-10,826,N21,VIIRS,n,2.0NRT,309.22,3.71,D,VIIRS_NOAA21_NRT,,0,,,New / No Local History
23.64903,85.44033,331.27,0.53,0.42,2026-10-10,722,N,VIIRS,n,2.0NRT,299.62,3.71,D,VIIRS_SNPP_NRT,3.0220454545454554,44,0.01116118900191745,22.764533353387947,Persistent / Stable
22.6563,77.13316,333.64,0.52,0.67,2026-10-10,902,N,VIIRS,l,2.0NRT,304.23,3.71,D,VIIRS_SNPP_NRT,,0,,,New / No Local History
8.79717,77.65504,340.27,0.47,0.4,2026-10-10,822,N21,VIIRS,n,2.0NRT,297.32,3.7,D,VIIRS_NOAA21_NRT,,0,,,New / No Local History
18.90974,77.98557,330.88,0.48,0.48,2026-10-10,739,N20,VIIRS,l,2.0NRT,304.33,3.7,D,VIIRS_NOAA20_NRT,,0,,,New / No Local History
16.35174,81.44862,332.74,0.49,0.4,2026-10-10,739,N20,VIIRS,n,2.0NRT,301.99,3.68,D,VIIRS_NOAA20_NRT,,0,,,New / No Local History
13.15728,80.28926,333.79,0.65,0.73,2026-10-10,900,N,VIIRS,n,2.0NRT,291.74,3.68,D,VIIRS_SNPP_NRT,2.2899999999999996,6,0.2502715988149827,60.69868995633191,Abnormal Increase
24.64016,77.74824,338.54,0.5,0.49,2026-10-10,826,N21,VIIRS,n,2.0NRT,307.69,3.67,D,VIIRS_NOAA21_NRT,,0,,,New / No Local History
19.99802,78.30865,334.5,0.43,0.46,2026-10-10,741,N20,VIIRS,n,2.0NRT,303.44,3.67,D,VIIRS_NOAA20_NRT,,0,,,New / No Local History
20.89034,84.98224,331.15,0.41,0.45,2026-10-10,722,N,VIIRS,n,2.0NRT,299.35,3.66,D,VIIRS_SNPP_NRT,3.015394736842105,76,0.00932753300584513,21.37714360518395,Persistent / Stable
31.35475,74.90337,333.01,0.46,0.64,2026-10-10,907,N,VIIRS,n,2.0NRT,294.23,3.66,D,VIIRS_SNPP_NRT,,0,,,New / No Local History
24.62298,76.73788,340.94,0.43,0.46,2026-10-10,826,N21,VIIRS,n,2.0NRT,310.18,3.65,D,VIIRS_NOAA21_NRT,,0,,,New / No Local History
18.92523,78.01916,333.15,0.47,0.48,2026-10-10,739,N20,VIIRS,l,2.0NRT,306.51,3.65,D,VIIRS_NOAA20_NRT,,0,,,New / No Local History
19.5161,76.42621,337.33,0.54,0.42,2026-10-10,826,N21,VIIRS,l,2.0NRT,310.55,3.63,D,VIIRS_NOAA21_NRT,,0,,,New / No Local History
18.81532,77.77805,330.95,0.49,0.49,2026-10-10,739,N20,VIIRS,l,2.0NRT,305.94,3.63,D,VIIRS_NOAA20_NRT,,0,,,New / No Local History
24.60744,77.86328,332.66,0.48,0.64,2026-10-10,722,N,VIIRS,n,2.0NRT,301.91,3.63,D,VIIRS_SNPP_NRT,,0,,,New / No Local History
25.29003,76.25164,342.21,0.41,0.45,2026-10-10,826,N21,VIIRS,n,2.0NRT,312.2,3.61,D,VIIRS_NOAA21_NRT,,0,,,New / No Local History
24.1409,77.76398,337.06,0.4,0.44,2026-10-10,741,N20,VIIRS,l,2.0NRT,311.48,3.61,D,VIIRS_NOAA20_NRT,,0,,,New / No Local History
30.78715,76.67999,329.92,0.51,0.49,2026-10-10,828,N21,VIIRS,n,2.0NRT,296.03,3.6,D,VIIRS_NOAA21_NRT,,0,,,New / No Local History
31.44774,75.10178,334.8,0.48,0.64,2026-10-10,907,N,VIIRS,n,2.0NRT,293.63,3.59,D,VIIRS_SNPP_NRT,,0,,,New / No Local History
18.86041,78.27482,331.23,0.46,0.47,2026-10-10,739,N20,VIIRS,l,2.0NRT,305.14,3.56,D,VIIRS_NOAA20_NRT,,0,,,New / No Local History
24.18699,78.46086,334.89,0.54,0.42,2026-10-10,741,N20,VIIRS,l,2.0NRT,309.7,3.56,D,VIIRS_NOAA20_NRT,,0,,,New / No Local History
23.40681,77.51743,339.46,0.42,0.45,2026-10-10,741,N20,VIIRS,n,2.0NRT,305.09,3.55,D,VIIRS_NOAA20_NRT,,0,,,New / No Local History
19.38368,77.27479,334.97,0.49,0.65,2026-10-10,902,N,VIIRS,n,2.0NRT,298.2,3.55,D,VIIRS_SNPP_NRT,,0,,,New / No Local History
22.32549,77.24577,343.09,0.44,0.46,2026-10-10,826,N21,VIIRS,n,2.0NRT,311.07,3.54,D,VIIRS_NOAA21_NRT,,0,,,New / No Local History
15.7852,79.615,330.83,0.43,0.46,2026-10-10,739,N20,VIIRS,n,2.0NRT,300.14,3.54,D,VIIRS_NOAA20_NRT,,0,,,New / No Local History
27.4168,70.83527,341.94,0.48,0.48,2026-10-10,905,N,VIIRS,n,2.0NRT,304.46,3.54,D,VIIRS_SNPP_NRT,5.26,3,1.6296471338386567,-32.69961977186311,Persistent / Stable
15.96978,79.85358,336.15,0.41,0.45,2026-10-10,739,N20,VIIRS,n,2.0NRT,305.65,3.53,D,VIIRS_NOAA20_NRT,,0,,,New / No Local History
23.64707,85.43914,331.51,0.41,0.37,2026-10-10,741,N20,VIIRS,l,2.0NRT,302.24,3.53,D,VIIRS_NOAA20_NRT,3.0220454545454554,44,0.007298169259867265,16.80830262465214,Persistent / Stable
20.80512,85.25896,334.11,0.39,0.36,2026-10-10,739,N20,VIIRS,n,2.0NRT,302.01,3.52,D,VIIRS_NOAA20_NRT,4.153833333333335,60,0.02674894466487569,-15.258997712955935,Persistent / Stable
22.03168,81.63583,336.86,0.42,0.38,2026-10-10,741,N20,VIIRS,n,2.0NRT,301.61,3.52,D,VIIRS_NOAA20_NRT,,0,,,New / No Local History
22.03235,81.63984,350.93,0.42,0.38,2026-10-10,741,N20,VIIRS,n,2.0NRT,302.95,3.52,D,VIIRS_NOAA20_NRT,,0,,,New / No Local History
18.91665,77.99797,332.43,0.48,0.48,2026-10-10,739,N20,VIIRS,l,2.0NRT,307.12,3.5,D,VIIRS_NOAA20_NRT,,0,,,New / No Local History
24.90363,76.9577,335.14,0.43,0.46,2026-10-10,741,N20,VIIRS,l,2.0NRT,308.15,3.49,D,VIIRS_NOAA20_NRT,,0,,,New / No Local History
25.67715,80.38362,336.62,0.43,0.38,2026-10-10,741,N20,VIIRS,n,2.0NRT,297.31,3.48,D,VIIRS_NOAA20_NRT,,0,,,New / No Local History
31.60571,75.4211,338.02,0.39,0.44,2026-10-10,744,N20,VIIRS,n,2.0NRT,293.34,3.48,D,VIIRS_NOAA20_NRT,,0,,,New / No Local History
17.51421,80.86212,335.31,0.44,0.62,2026-10-10,720,N,VIIRS,n,2.0NRT,298.7,3.48,D,VIIRS_SNPP_NRT,,0,,,New / No Local History
26.21014,91.09039,335.09,0.4,0.37,2026-10-10,722,N,VIIRS,n,2.0NRT,299.39,3.48,D,VIIRS_SNPP_NRT,2.88,1,0.20357568540326254,20.833333333333336,Single Historical Detection
25.11335,77.56866,336.09,0.49,0.49,2026-10-10,826,N21,VIIRS,n,2.0NRT,309.36,3.47,D,VIIRS_NOAA21_NRT,,0,,,New / No Local History
22.63429,77.21645,342.3,0.45,0.47,2026-10-10,741,N20,VIIRS,n,2.0NRT,308.46,3.46,D,VIIRS_NOAA20_NRT,,0,,,New / No Local History
23.95041,77.80336,337.64,0.4,0.44,2026-10-10,741,N20,VIIRS,n,2.0NRT,311.57,3.46,D,VIIRS_NOAA20_NRT,,0,,,New / No Local History
21.81475,76.39737,340.23,0.46,0.63,2026-10-10,902,N,VIIRS,n,2.0NRT,305.44,3.45,D,VIIRS_SNPP_NRT,,0,,,New / No Local History
14.71194,75.47272,328.85,0.43,0.38,2026-10-10,824,N21,VIIRS,n,2.0NRT,296.01,3.44,D,VIIRS_NOAA21_NRT,,0,,,New / No Local History
20.99327,76.60653,339.48,0.38,0.44,2026-10-10,826,N21,VIIRS,n,2.0NRT,308.56,3.43,D,VIIRS_NOAA21_NRT,,0,,,New / No Local History
25.28131,76.24866,338.19,0.41,0.45,2026-10-10,826,N21,VIIRS,n,2.0NRT,311.45,3.43,D,VIIRS_NOAA21_NRT,,0,,,New / No Local History
24.91788,77.11877,338.68,0.46,0.47,2026-10-10,826,N21,VIIRS,n,2.0NRT,307.5,3.42,D,VIIRS_NOAA21_NRT,,0,,,New / No Local History
25.19385,76.13326,338.0,0.47,0.48,2026-10-10,741,N20,VIIRS,n,2.0NRT,310.22,3.42,D,VIIRS_NOAA20_NRT,,0,,,New / No Local History
25.23353,76.11811,332.1,0.59,0.7,2026-10-10,724,N,VIIRS,l,2.0NRT,305.88,3.42,D,VIIRS_SNPP_NRT,,0,,,New / No Local History
21.48355,70.86647,339.21,0.41,0.45,2026-10-10,902,N,VIIRS,n,2.0NRT,311.11,3.42,D,VIIRS_SNPP_NRT,,0,,,New / No Local History
10.73838,78.69348,331.21,0.57,0.43,2026-10-10,822,N21,VIIRS,n,2.0NRT,291.6,3.4,D,VIIRS_NOAA21_NRT,,0,,,New / No Local History
24.19712,82.71612,331.81,0.39,0.36,2026-10-10,741,N20,VIIRS,n,2.0NRT,301.9,3.4,D,VIIRS_NOAA20_NRT,1.1085714285714285,7,0.15626600084722492,206.70103092783506,Abnormal Increase
23.3231,79.76579,330.76,0.32,0.55,2026-10-10,826,N21,VIIRS,n,2.0NRT,303.78,3.39,D,VIIRS_NOAA21_NRT,,0,,,New / No Local History
21.73767,76.4773,337.16,0.53,0.5,2026-10-10,741,N20,VIIRS,n,2.0NRT,307.56,3.37,D,VIIRS_NOAA20_NRT,,0,,,New / No Local History
18.84422,78.58582,331.06,0.48,0.48,2026-10-10,826,N21,VIIRS,n,2.0NRT,304.48,3.35,D,VIIRS_NOAA21_NRT,,0,,,New / No Local History
18.9371,78.54089,331.0,0.44,0.46,2026-10-10,739,N20,VIIRS,n,2.0NRT,303.2,3.35,D,VIIRS_NOAA20_NRT,,0,,,New / No Local History
23.49344,77.30896,335.51,0.46,0.47,2026-10-10,826,N21,VIIRS,l,2.0NRT,310.13,3.34,D,VIIRS_NOAA21_NRT,,0,,,New / No Local History
31.48111,74.86578,334.82,0.46,0.64,2026-10-10,907,N,VIIRS,n,2.0NRT,293.17,3.33,D,VIIRS_SNPP_NRT,,0,,,New / No Local History
21.91441,76.37201,341.47,0.38,0.43,2026-10-10,826,N21,VIIRS,n,2.0NRT,310.93,3.32,D,VIIRS_NOAA21_NRT,,0,,,New / No Local History
22.52277,76.82932,335.74,0.41,0.45,2026-10-10,826,N21,VIIRS,l,2.0NRT,310.04,3.32,D,VIIRS_NOAA21_NRT,,0,,,New / No Local History
22.53236,77.28555,332.51,0.53,0.67,2026-10-10,902,N,VIIRS,l,2.0NRT,303.19,3.32,D,VIIRS_SNPP_NRT,,0,,,New / No Local History
20.7683,75.33061,338.3,0.38,0.59,2026-10-10,902,N,VIIRS,n,2.0NRT,304.97,3.31,D,VIIRS_SNPP_NRT,,0,,,New / No Local History
24.8897,76.85965,336.36,0.43,0.46,2026-10-10,741,N20,VIIRS,n,2.0NRT,309.5,3.3,D,VIIRS_NOAA20_NRT,,0,,,New / No Local History
18.71507,78.39819,331.22,0.46,0.47,2026-10-10,826,N21,VIIRS,l,2.0NRT,304.94,3.26,D,VIIRS_NOAA21_NRT,,0,,,New / No Local History
15.62503,75.29865,331.13,0.41,0.61,2026-10-10,739,N20,VIIRS,n,2.0NRT,299.67,3.26,D,VIIRS_NOAA20_NRT,,0,,,New / No Local History
22.02713,81.587,346.12,0.42,0.38,2026-10-10,741,N20,VIIRS,n,2.0NRT,302.35,3.26,D,VIIRS_NOAA20_NRT,,0,,,New / No Local History
22.03055,81.58633,339.07,0.42,0.38,2026-10-10,741,N20,VIIRS,n,2.0NRT,300.26,3.26,D,VIIRS_NOAA20_NRT,,0,,,New / No Local History
25.2317,76.11926,337.87,0.47,0.48,2026-10-10,741,N20,VIIRS,l,2.0NRT,311.43,3.25,D,VIIRS_NOAA20_NRT,,0,,,New / No Local History
23.45037,72.04742,338.41,0.39,0.36,2026-10-10,826,N21,VIIRS,l,2.0NRT,312.79,3.24,D,VIIRS_NOAA21_NRT,,0,,,New / No Local History
24.75796,76.78448,333.04,0.55,0.68,2026-10-10,722,N,VIIRS,l,2.0NRT,304.5,3.24,D,VIIRS_SNPP_NRT,,0,,,New / No Local History
22.20879,77.14512,339.48,0.52,0.67,2026-10-10,902,N,VIIRS,n,2.0NRT,304.03,3.23,D,VIIRS_SNPP_NRT,,0,,,New / No Local History
24.75759,76.67101,337.63,0.43,0.46,2026-10-10,826,N21,VIIRS,n,2.0NRT,311.97,3.22,D,VIIRS_NOAA21_NRT,,0,,,New / No Local History
22.03846,83.35187,334.92,0.39,0.36,2026-10-10,741,N20,VIIRS,n,2.0NRT,306.96,3.2,D,VIIRS_NOAA20_NRT,1.5653846153846156,13,0.00725656317304678,104.42260442260441,Abnormal Increase
25.81689,79.72311,335.66,0.45,0.39,2026-10-10,741,N20,VIIRS,n,2.0NRT,305.78,3.2,D,VIIRS_NOAA20_NRT,,0,,,New / No Local History
13.5914,79.4677,335.52,0.58,0.7,2026-10-10,900,N,VIIRS,n,2.0NRT,298.2,3.19,D,VIIRS_SNPP_NRT,,0,,,New / No Local History
24.04367,72.04478,340.45,0.51,0.5,2026-10-10,905,N,VIIRS,n,2.0NRT,307.06,3.19,D,VIIRS_SNPP_NRT,,0,,,New / No Local History
19.64114,75.62842,336.1,0.49,0.4,2026-10-10,826,N21,VIIRS,n,2.0NRT,307.56,3.18,D,VIIRS_NOAA21_NRT,,0,,,New / No Local History
14.68915,79.04305,336.79,0.48,0.48,2026-10-10,739,N20,VIIRS,n,2.0NRT,305.44,3.18,D,VIIRS_NOAA20_NRT,,0,,,New / No Local History
23.71493,72.28033,336.43,0.4,0.37,2026-10-10,826,N21,VIIRS,l,2.0NRT,309.89,3.17,D,VIIRS_NOAA21_NRT,,0,,,New / No Local History
13.82064,78.26188,337.87,0.56,0.52,2026-10-10,739,N20,VIIRS,n,2.0NRT,302.51,3.17,D,VIIRS_NOAA20_NRT,,0,,,New / No Local History
20.97691,85.16965,329.74,0.4,0.44,2026-10-10,722,N,VIIRS,l,2.0NRT,300.91,3.16,D,VIIRS_SNPP_NRT,3.536637168141592,113,0.007512492599161343,-10.64958462616352,Persistent / Stable
24.62338,76.73901,336.94,0.43,0.46,2026-10-10,826,N21,VIIRS,l,2.0NRT,310.01,3.15,D,VIIRS_NOAA21_NRT,,0,,,New / No Local History
13.94743,77.42716,337.8,0.43,0.62,2026-10-10,900,N,VIIRS,n,2.0NRT,294.91,3.14,D,VIIRS_SNPP_NRT,,0,,,New / No Local History
23.63801,68.53291,341.85,0.42,0.37,2026-10-10,826,N21,VIIRS,n,2.0NRT,307.96,3.12,D,VIIRS_NOAA21_NRT,,0,,,New / No Local History
24.7557,76.78314,335.56,0.44,0.46,2026-10-10,741,N20,VIIRS,l,2.0NRT,310.32,3.12,D,VIIRS_NOAA20_NRT,,0,,,New / No Local History
26.51422,76.18974,337.99,0.44,0.46,2026-10-10,744,N20,VIIRS,l,2.0NRT,312.21,3.12,D,VIIRS_NOAA20_NRT,,0,,,New / No Local History
22.7443,77.22519,336.3,0.44,0.46,2026-10-10,826,N21,VIIRS,n,2.0NRT,308.21,3.11,D,VIIRS_NOAA21_NRT,,0,,,New / No Local History
18.8072,78.18338,337.91,0.46,0.47,2026-10-10,739,N20,VIIRS,n,2.0NRT,301.19,3.11,D,VIIRS_NOAA20_NRT,,0,,,New / No Local History
20.88643,84.98167,339.45,0.39,0.36,2026-10-10,741,N20,VIIRS,n,2.0NRT,302.71,3.09,D,VIIRS_NOAA20_NRT,3.015394736842105,76,0.008394962231124771,2.4741458306061115,Persistent / Stable
20.88974,84.98112,332.54,0.39,0.36,2026-10-10,741,N20,VIIRS,n,2.0NRT,301.56,3.09,D,VIIRS_NOAA20_NRT,3.015394736842105,76,0.0034203897996016625,2.4741458306061115,Persistent / Stable
23.56377,77.35519,340.4,0.43,0.46,2026-10-10,741,N20,VIIRS,n,2.0NRT,311.88,3.07,D,VIIRS_NOAA20_NRT,,0,,,New / No Local History
23.28992,75.23495,336.61,0.52,0.41,2026-10-10,826,N21,VIIRS,n,2.0NRT,311.29,3.06,D,VIIRS_NOAA21_NRT,,0,,,New / No Local History
18.87312,78.19809,331.32,0.45,0.47,2026-10-10,826,N21,VIIRS,l,2.0NRT,305.14,3.04,D,VIIRS_NOAA21_NRT,,0,,,New / No Local History
13.63253,79.77189,339.13,0.45,0.47,2026-10-10,739,N20,VIIRS,n,2.0NRT,308.28,3.04,D,VIIRS_NOAA20_NRT,,0,,,New / No Local History
21.62948,76.12945,330.46,0.55,0.51,2026-10-10,741,N20,VIIRS,l,2.0NRT,305.24,3.04,D,VIIRS_NOAA20_NRT,,0,,,New / No Local History
24.89315,76.85908,337.47,0.43,0.46,2026-10-10,741,N20,VIIRS,n,2.0NRT,310.11,3.04,D,VIIRS_NOAA20_NRT,,0,,,New / No Local History
25.94114,79.68388,339.57,0.45,0.39,2026-10-10,741,N20,VIIRS,n,2.0NRT,303.43,3.04,D,VIIRS_NOAA20_NRT,,0,,,New / No Local History
19.28347,77.89444,331.7,0.44,0.46,2026-10-10,826,N21,VIIRS,l,2.0NRT,304.95,3.03,D,VIIRS_NOAA21_NRT,,0,,,New / No Local History
23.48698,75.15175,342.14,0.4,0.6,2026-10-10,905,N,VIIRS,n,2.0NRT,306.91,3.03,D,VIIRS_SNPP_NRT,,0,,,New / No Local History
28.06068,77.23392,331.86,0.55,0.42,2026-10-10,744,N20,VIIRS,n,2.0NRT,302.58,3.01,D,VIIRS_NOAA20_NRT,,0,,,New / No Local History
24.99299,77.14095,331.03,0.52,0.67,2026-10-10,724,N,VIIRS,l,2.0NRT,303.4,3.01,D,VIIRS_SNPP_NRT,,0,,,New / No Local History
25.02673,77.81561,330.05,0.47,0.64,2026-10-10,722,N,VIIRS,l,2.0NRT,302.63,3.0,D,VIIRS_SNPP_NRT,,0,,,New / No Local History
26.9398,76.52264,342.88,0.45,0.47,2026-10-10,828,N21,VIIRS,n,2.0NRT,310.69,2.99,D,VIIRS_NOAA21_NRT,,0,,,New / No Local History
23.42214,76.95141,335.71,0.46,0.47,2026-10-10,741,N20,VIIRS,n,2.0NRT,308.04,2.99,D,VIIRS_NOAA20_NRT,,0,,,New / No Local History
16.77432,78.56262,333.97,0.45,0.47,2026-10-10,824,N21,VIIRS,l,2.0NRT,305.66,2.98,D,VIIRS_NOAA21_NRT,,0,,,New / No Local History
24.87316,76.91232,337.04,0.43,0.46,2026-10-10,741,N20,VIIRS,n,2.0NRT,309.68,2.97,D,VIIRS_NOAA20_NRT,,0,,,New / No Local History
29.6542,73.63801,338.45,0.51,0.41,2026-10-10,828,N21,VIIRS,l,2.0NRT,308.8,2.95,D,VIIRS_NOAA21_NRT,,0,,,New / No Local History
23.38529,77.84081,340.7,0.4,0.45,2026-10-10,741,N20,VIIRS,n,2.0NRT,306.33,2.94,D,VIIRS_NOAA20_NRT,,0,,,New / No Local History
26.21685,74.79809,339.61,0.54,0.51,2026-10-10,744,N20,VIIRS,n,2.0NRT,312.16,2.93,D,VIIRS_NOAA20_NRT,,0,,,New / No Local History
26.66865,79.24807,337.54,0.46,0.39,2026-10-10,744,N20,VIIRS,n,2.0NRT,300.64,2.93,D,VIIRS_NOAA20_NRT,,0,,,New / No Local History
16.35318,81.44695,337.84,0.34,0.56,2026-10-10,824,N21,VIIRS,n,2.0NRT,299.17,2.92,D,VIIRS_NOAA21_NRT,,0,,,New / No Local History
25.45258,79.70427,342.22,0.45,0.39,2026-10-10,741,N20,VIIRS,n,2.0NRT,305.74,2.89,D,VIIRS_NOAA20_NRT,,0,,,New / No Local History
23.70832,70.92669,336.13,0.57,0.69,2026-10-10,922,N20,VIIRS,n,2.0NRT,301.37,2.89,D,VIIRS_NOAA20_NRT,,0,,,New / No Local History
23.72123,77.48974,336.49,0.42,0.45,2026-10-10,741,N20,VIIRS,n,2.0NRT,310.4,2.88,D,VIIRS_NOAA20_NRT,,0,,,New / No Local History
31.80814,74.93626,334.58,0.47,0.64,2026-10-10,907,N,VIIRS,n,2.0NRT,294.0,2.88,D,VIIRS_SNPP_NRT,,0,,,New / No Local History
31.56436,74.84457,337.01,0.41,0.45,2026-10-10,828,N21,VIIRS,n,2.0NRT,297.64,2.87,D,VIIRS_NOAA21_NRT,,0,,,New / No Local History
22.55126,77.08884,336.96,0.46,0.47,2026-10-10,741,N20,VIIRS,n,2.0NRT,309.1,2.87,D,VIIRS_NOAA20_NRT,,0,,,New / No Local History
31.3077,74.83342,329.53,0.5,0.66,2026-10-10,726,N,VIIRS,n,2.0NRT,292.33,2.81,D,VIIRS_SNPP_NRT,,0,,,New / No Local History
22.54039,77.22636,330.03,0.53,0.67,2026-10-10,902,N,VIIRS,l,2.0NRT,303.61,2.81,D,VIIRS_SNPP_NRT,,0,,,New / No Local History
25.05289,77.61922,337.24,0.39,0.44,2026-10-10,741,N20,VIIRS,n,2.0NRT,305.58,2.8,D,VIIRS_NOAA20_NRT,,0,,,New / No Local History
28.08194,77.54459,331.45,0.53,0.42,2026-10-10,744,N20,VIIRS,n,2.0NRT,302.69,2.8,D,VIIRS_NOAA20_NRT,,0,,,New / No Local History
21.8877,76.50489,338.95,0.39,0.44,2026-10-10,826,N21,VIIRS,l,2.0NRT,310.91,2.79,D,VIIRS_NOAA21_NRT,,0,,,New / No Local History
20.96096,85.1869,339.39,0.39,0.36,2026-10-10,741,N20,VIIRS,n,2.0NRT,301.35,2.79,D,VIIRS_NOAA20_NRT,3.6534374999999994,96,0.005714319739393203,-23.633564280215538,Persistent / Stable
20.96152,85.19065,333.81,0.39,0.36,2026-10-10,741,N20,VIIRS,l,2.0NRT,304.28,2.79,D,VIIRS_NOAA20_NRT,3.707042253521128,71,0.01685686406058948,-24.73784194528878,Persistent / Stable
22.5132,71.95728,330.29,0.49,0.65,2026-10-10,741,N20,VIIRS,l,2.0NRT,304.92,2.78,D,VIIRS_NOAA20_NRT,,0,,,New / No Local History
24.29627,77.95662,332.98,0.48,0.65,2026-10-10,722,N,VIIRS,n,2.0NRT,301.02,2.78,D,VIIRS_SNPP_NRT,,0,,,New / No Local History
18.77259,78.36297,332.4,0.45,0.47,2026-10-10,739,N20,VIIRS,n,2.0NRT,300.6,2.76,D,VIIRS_NOAA20_NRT,,0,,,New / No Local History
22.71449,76.29352,338.75,0.52,0.5,2026-10-10,741,N20,VIIRS,l,2.0NRT,308.79,2.76,D,VIIRS_NOAA20_NRT,,0,,,New / No Local History
27.16879,81.26445,332.12,0.39,0.37,2026-10-10,744,N20,VIIRS,n,2.0NRT,296.6,2.75,D,VIIRS_NOAA20_NRT,,0,,,New / No Local History
22.32156,77.24118,330.05,0.53,0.67,2026-10-10,902,N,VIIRS,l,2.0NRT,302.56,2.75,D,VIIRS_SNPP_NRT,,0,,,New / No Local History
19.47545,75.66988,331.66,0.33,0.55,2026-10-10,741,N20,VIIRS,n,2.0NRT,299.79,2.71,D,VIIRS_NOAA20_NRT,,0,,,New / No Local History
24.07978,77.74992,338.33,0.4,0.44,2026-10-10,741,N20,VIIRS,n,2.0NRT,311.06,2.71,D,VIIRS_NOAA20_NRT,,0,,,New / No Local History
25.19047,76.92149,330.34,0.42,0.46,2026-10-10,741,N20,VIIRS,l,2.0NRT,305.1,2.71,D,VIIRS_NOAA20_NRT,,0,,,New / No Local History
22.57108,77.06132,330.43,0.52,0.66,2026-10-10,902,N,VIIRS,l,2.0NRT,302.99,2.7,D,VIIRS_SNPP_NRT,,0,,,New / No Local History
24.57952,76.61901,337.63,0.43,0.46,2026-10-10,826,N21,VIIRS,l,2.0NRT,312.42,2.68,D,VIIRS_NOAA21_NRT,,0,,,New / No Local History
27.29212,70.2851,340.85,0.48,0.65,2026-10-10,744,N20,VIIRS,n,2.0NRT,300.99,2.66,D,VIIRS_NOAA20_NRT,,0,,,New / No Local History
26.64079,88.65694,328.29,0.45,0.47,2026-10-10,646,N21,VIIRS,n,2.0NRT,292.96,2.64,D,VIIRS_NOAA21_NRT,,0,,,New / No Local History
17.89475,77.50029,341.68,0.4,0.44,2026-10-10,824,N21,VIIRS,n,2.0NRT,309.72,2.61,D,VIIRS_NOAA21_NRT,,0,,,New / No Local History
24.17211,77.46817,335.35,0.41,0.45,2026-10-10,741,N20,VIIRS,l,2.0NRT,306.21,2.61,D,VIIRS_NOAA20_NRT,,0,,,New / No Local History
24.9925,77.13838,342.89,0.42,0.45,2026-10-10,741,N20,VIIRS,n,2.0NRT,310.22,2.61,D,VIIRS_NOAA20_NRT,,0,,,New / No Local History
18.60162,78.44982,330.51,0.45,0.47,2026-10-10,739,N20,VIIRS,n,2.0NRT,301.04,2.6,D,VIIRS_NOAA20_NRT,,0,,,New / No Local History
23.30771,79.71347,340.87,0.32,0.55,2026-10-10,826,N21,VIIRS,n,2.0NRT,309.12,2.59,D,VIIRS_NOAA21_NRT,,0,,,New / No Local History
15.11174,78.65653,337.23,0.5,0.49,2026-10-10,739,N20,VIIRS,n,2.0NRT,304.06,2.57,D,VIIRS_NOAA20_NRT,,0,,,New / No Local History
20.76899,75.33121,331.46,0.38,0.59,2026-10-10,902,N,VIIRS,l,2.0NRT,304.22,2.57,D,VIIRS_SNPP_NRT,,0,,,New / No Local History
25.21633,76.27978,337.15,0.49,0.65,2026-10-10,905,N,VIIRS,n,2.0NRT,305.9,2.57,D,VIIRS_SNPP_NRT,,0,,,New / No Local History
16.86826,80.87807,340.04,0.32,0.54,2026-10-10,824,N21,VIIRS,n,2.0NRT,298.47,2.55,D,VIIRS_NOAA21_NRT,,0,,,New / No Local History
27.66035,94.92754,337.37,0.4,0.45,2026-10-10,722,N,VIIRS,n,2.0NRT,293.58,2.55,D,VIIRS_SNPP_NRT,,0,,,New / No Local History
23.73461,78.0865,332.29,0.51,0.5,2026-10-10,826,N21,VIIRS,l,2.0NRT,304.54,2.54,D,VIIRS_NOAA21_NRT,,0,,,New / No Local History
28.04679,77.62972,332.27,0.52,0.42,2026-10-10,744,N20,VIIRS,n,2.0NRT,300.42,2.54,D,VIIRS_NOAA20_NRT,,0,,,New / No Local History
21.83363,70.39428,331.34,0.51,0.66,2026-10-10,922,N20,VIIRS,l,2.0NRT,303.9,2.54,D,VIIRS_NOAA20_NRT,,0,,,New / No Local History
16.37275,78.08944,330.24,0.52,0.5,2026-10-10,739,N20,VIIRS,l,2.0NRT,304.44,2.52,D,VIIRS_NOAA20_NRT,,0,,,New / No Local History
23.77423,86.21049,329.2,0.44,0.38,2026-10-10,741,N20,VIIRS,l,2.0NRT,302.25,2.52,D,VIIRS_NOAA20_NRT,3.051874999999999,48,0.014255068870505056,-17.427810772066323,Persistent / Stable
26.08159,93.74301,330.12,0.4,0.37,2026-10-10,646,N21,VIIRS,n,2.0NRT,296.04,2.51,D,VIIRS_NOAA21_NRT,,0,,,New / No Local History
29.65371,73.63957,337.27,0.51,0.41,2026-10-10,828,N21,VIIRS,l,2.0NRT,308.47,2.51,D,VIIRS_NOAA21_NRT,,0,,,New / No Local History
21.81286,76.39643,333.15,0.46,0.63,2026-10-10,902,N,VIIRS,l,2.0NRT,304.77,2.51,D,VIIRS_SNPP_NRT,,0,,,New / No Local History
21.81325,76.40102,336.31,0.46,0.63,2026-10-10,902,N,VIIRS,n,2.0NRT,304.57,2.51,D,VIIRS_SNPP_NRT,,0,,,New / No Local History
20.88311,84.98222,333.72,0.39,0.36,2026-10-10,741,N20,VIIRS,n,2.0NRT,302.7,2.5,D,VIIRS_NOAA20_NRT,3.015394736842105,76,0.007378315708968515,-17.09211502378146,Persistent / Stable
21.99137,76.17823,331.63,0.54,0.51,2026-10-10,741,N20,VIIRS,l,2.0NRT,306.11,2.5,D,VIIRS_NOAA20_NRT,,0,,,New / No Local History
15.86098,78.29744,333.67,0.42,0.45,2026-10-10,824,N21,VIIRS,l,2.0NRT,307.04,2.49,D,VIIRS_NOAA21_NRT,,0,,,New / No Local History
22.61986,77.2333,333.03,0.45,0.47,2026-10-10,741,N20,VIIRS,l,2.0NRT,306.7,2.49,D,VIIRS_NOAA20_NRT,,0,,,New / No Local History
18.8549,78.40243,339.19,0.45,0.47,2026-10-10,739,N20,VIIRS,n,2.0NRT,303.16,2.48,D,VIIRS_NOAA20_NRT,,0,,,New / No Local History
19.69211,78.6514,332.93,0.42,0.45,2026-10-10,739,N20,VIIRS,n,2.0NRT,300.78,2.48,D,VIIRS_NOAA20_NRT,,0,,,New / No Local History
31.352,74.90054,330.32,0.46,0.64,2026-10-10,907,N,VIIRS,n,2.0NRT,293.4,2.48,D,VIIRS_SNPP_NRT,,0,,,New / No Local History
22.5461,77.0854,334.92,0.46,0.47,2026-10-10,741,N20,VIIRS,l,2.0NRT,308.13,2.44,D,VIIRS_NOAA20_NRT,,0,,,New / No Local History
26.03021,92.76527,327.88,0.45,0.39,2026-10-10,722,N,VIIRS,l,2.0NRT,300.63,2.43,D,VIIRS_SNPP_NRT,,0,,,New / No Local History
31.48397,74.86421,333.29,0.46,0.64,2026-10-10,907,N,VIIRS,n,2.0NRT,291.62,2.41,D,VIIRS_SNPP_NRT,,0,,,New / No Local History
13.6705,78.4607,338.75,0.4,0.44,2026-10-10,824,N21,VIIRS,n,2.0NRT,305.2,2.4,D,VIIRS_NOAA21_NRT,,0,,,New / No Local History
14.84069,77.32471,330.83,0.53,0.42,2026-10-10,824,N21,VIIRS,n,2.0NRT,296.94,2.39,D,VIIRS_NOAA21_NRT,,0,,,New / No Local History
27.20815,77.08895,340.13,0.38,0.43,2026-10-10,744,N20,VIIRS,n,2.0NRT,309.55,2.39,D,VIIRS_NOAA20_NRT,,0,,,New / No Local History
22.15147,75.0046,340.99,0.32,0.55,2026-10-10,741,N20,VIIRS,n,2.0NRT,306.11,2.37,D,VIIRS_NOAA20_NRT,,0,,,New / No Local History
30.78575,74.30927,339.12,0.42,0.61,2026-10-10,907,N,VIIRS,n,2.0NRT,295.71,2.37,D,VIIRS_SNPP_NRT,,0,,,New / No Local History
18.5179,74.0269,334.05,0.41,0.37,2026-10-10,826,N21,VIIRS,n,2.0NRT,305.53,2.36,D,VIIRS_NOAA21_NRT,,0,,,New / No Local History
27.29819,70.20379,343.5,0.38,0.36,2026-10-10,828,N21,VIIRS,n,2.0NRT,311.16,2.36,D,VIIRS_NOAA21_NRT,,0,,,New / No Local History
14.72964,79.73465,337.33,0.5,0.49,2026-10-10,824,N21,VIIRS,n,2.0NRT,303.55,2.35,D,VIIRS_NOAA21_NRT,3.0,1,0.5046230440752871,-21.666666666666664,Single Historical Detection
22.31772,82.56084,333.0,0.39,0.37,2026-10-10,741,N20,VIIRS,l,2.0NRT,304.26,2.35,D,VIIRS_NOAA20_NRT,1.9195,20,0.01955557037409636,22.427715550924727,Persistent / Stable
27.38452,82.37364,329.23,0.45,0.47,2026-10-10,724,N,VIIRS,n,2.0NRT,293.41,2.35,D,VIIRS_SNPP_NRT,,0,,,New / No Local History
21.17801,76.1504,332.59,0.44,0.62,2026-10-10,902,N,VIIRS,n,2.0NRT,302.49,2.35,D,VIIRS_SNPP_NRT,,0,,,New / No Local History
22.47655,77.20538,332.48,0.58,0.7,2026-10-10,722,N,VIIRS,n,2.0NRT,301.54,2.34,D,VIIRS_SNPP_NRT,,0,,,New / No Local History
20.08208,75.15111,339.37,0.36,0.58,2026-10-10,902,N,VIIRS,n,2.0NRT,301.16,2.34,D,VIIRS_SNPP_NRT,,0,,,New / No Local History
25.13922,76.31338,337.7,0.42,0.45,2026-10-10,826,N21,VIIRS,n,2.0NRT,309.6,2.33,D,VIIRS_NOAA21_NRT,,0,,,New / No Local History
15.99177,79.62395,335.07,0.42,0.45,2026-10-10,739,N20,VIIRS,l,2.0NRT,307.38,2.33,D,VIIRS_NOAA20_NRT,,0,,,New / No Local History
8.65502,78.05923,327.25,0.36,0.57,2026-10-10,737,N20,VIIRS,n,2.0NRT,288.51,2.32,D,VIIRS_NOAA20_NRT,3.5825000000000005,4,0.1023328897863309,-35.24075366364272,Persistent / Stable
18.57816,77.72696,339.72,0.42,0.45,2026-10-10,824,N21,VIIRS,n,2.0NRT,309.89,2.31,D,VIIRS_NOAA21_NRT,,0,,,New / No Local History
23.71696,77.42515,331.28,0.47,0.47,2026-10-10,826,N21,VIIRS,n,2.0NRT,305.56,2.29,D,VIIRS_NOAA21_NRT,,0,,,New / No Local History
13.79678,79.62186,342.29,0.46,0.47,2026-10-10,739,N20,VIIRS,n,2.0NRT,305.78,2.28,D,VIIRS_NOAA20_NRT,,0,,,New / No Local History
15.78605,75.64491,332.96,0.39,0.59,2026-10-10,739,N20,VIIRS,n,2.0NRT,300.33,2.28,D,VIIRS_NOAA20_NRT,,0,,,New / No Local History
21.69179,76.28136,339.05,0.45,0.63,2026-10-10,902,N,VIIRS,n,2.0NRT,302.45,2.26,D,VIIRS_SNPP_NRT,,0,,,New / No Local History
25.20979,76.92118,331.79,0.45,0.47,2026-10-10,826,N21,VIIRS,l,2.0NRT,306.07,2.24,D,VIIRS_NOAA21_NRT,,0,,,New / No Local History
18.76027,78.32146,330.34,0.46,0.47,2026-10-10,739,N20,VIIRS,l,2.0NRT,300.89,2.24,D,VIIRS_NOAA20_NRT,,0,,,New / No Local History
31.13099,75.18579,332.29,0.41,0.45,2026-10-10,744,N20,VIIRS,n,2.0NRT,297.54,2.24,D,VIIRS_NOAA20_NRT,,0,,,New / No Local History
13.83841,78.72809,337.51,0.42,0.45,2026-10-10,824,N21,VIIRS,l,2.0NRT,309.82,2.23,D,VIIRS_NOAA21_NRT,,0,,,New / No Local History
15.65574,75.80434,337.38,0.35,0.57,2026-10-10,902,N,VIIRS,n,2.0NRT,283.02,2.23,D,VIIRS_SNPP_NRT,,0,,,New / No Local History
25.43567,79.71253,335.1,0.45,0.39,2026-10-10,741,N20,VIIRS,n,2.0NRT,304.86,2.21,D,VIIRS_NOAA20_NRT,,0,,,New / No Local History
14.68558,79.04055,330.0,0.65,0.73,2026-10-10,720,N,VIIRS,n,2.0NRT,295.69,2.19,D,VIIRS_SNPP_NRT,,0,,,New / No Local History
25.88319,94.89576,328.46,0.38,0.44,2026-10-10,722,N,VIIRS,n,2.0NRT,293.62,2.19,D,VIIRS_SNPP_NRT,,0,,,New / No Local History
18.85188,77.87457,334.88,0.49,0.48,2026-10-10,739,N20,VIIRS,l,2.0NRT,307.09,2.17,D,VIIRS_NOAA20_NRT,,0,,,New / No Local History
26.34705,77.65031,334.89,0.61,0.71,2026-10-10,905,N,VIIRS,n,2.0NRT,298.45,2.17,D,VIIRS_SNPP_NRT,,0,,,New / No Local History
16.97438,77.56145,334.57,0.39,0.44,2026-10-10,824,N21,VIIRS,n,2.0NRT,299.06,2.14,D,VIIRS_NOAA21_NRT,,0,,,New / No Local History
22.13146,75.33203,333.17,0.61,0.53,2026-10-10,741,N20,VIIRS,n,2.0NRT,302.62,2.14,D,VIIRS_NOAA20_NRT,,0,,,New / No Local History
25.96809,93.84325,328.46,0.4,0.37,2026-10-10,646,N21,VIIRS,n,2.0NRT,292.11,2.13,D,VIIRS_NOAA21_NRT,,0,,,New / No Local History
24.91957,77.06223,335.79,0.42,0.45,2026-10-10,741,N20,VIIRS,n,2.0NRT,306.02,2.13,D,VIIRS_NOAA20_NRT,,0,,,New / No Local History
21.49796,70.44997,336.59,0.39,0.36,2026-10-10,826,N21,VIIRS,n,2.0NRT,308.2,2.11,D,VIIRS_NOAA21_NRT,,0,,,New / No Local History
26.57818,78.43921,330.65,0.4,0.6,2026-10-10,724,N,VIIRS,l,2.0NRT,301.91,2.08,D,VIIRS_SNPP_NRT,,0,,,New / No Local History
14.00267,76.95307,335.26,0.34,0.56,2026-10-10,739,N20,VIIRS,n,2.0NRT,298.71,2.06,D,VIIRS_NOAA20_NRT,,0,,,New / No Local History
24.64677,77.72092,330.92,0.39,0.44,2026-10-10,741,N20,VIIRS,n,2.0NRT,305.48,2.04,D,VIIRS_NOAA20_NRT,,0,,,New / No Local History
22.51131,71.9595,332.98,0.49,0.65,2026-10-10,741,N20,VIIRS,l,2.0NRT,304.57,2.03,D,VIIRS_NOAA20_NRT,,0,,,New / No Local History
13.35854,79.67891,330.49,0.46,0.47,2026-10-10,739,N20,VIIRS,l,2.0NRT,302.08,2.02,D,VIIRS_NOAA20_NRT,,0,,,New / No Local History
31.4944,75.04579,333.28,0.47,0.64,2026-10-10,907,N,VIIRS,n,2.0NRT,293.61,2.02,D,VIIRS_SNPP_NRT,,0,,,New / No Local History
24.47384,77.99413,333.76,0.47,0.64,2026-10-10,722,N,VIIRS,n,2.0NRT,301.83,2.01,D,VIIRS_SNPP_NRT,,0,,,New / No Local History
24.64961,76.86256,333.47,0.44,0.46,2026-10-10,826,N21,VIIRS,l,2.0NRT,308.4,1.98,D,VIIRS_NOAA21_NRT,,0,,,New / No Local History
23.05732,71.37978,330.79,0.46,0.47,2026-10-10,905,N,VIIRS,l,2.0NRT,305.39,1.98,D,VIIRS_SNPP_NRT,,0,,,New / No Local History
14.89871,78.97392,334.95,0.49,0.48,2026-10-10,739,N20,VIIRS,n,2.0NRT,304.94,1.96,D,VIIRS_NOAA20_NRT,,0,,,New / No Local History
22.69028,77.21456,336.4,0.45,0.47,2026-10-10,741,N20,VIIRS,l,2.0NRT,307.67,1.95,D,VIIRS_NOAA20_NRT,,0,,,New / No Local History
24.95506,76.70546,332.89,0.44,0.46,2026-10-10,741,N20,VIIRS,l,2.0NRT,307.15,1.9,D,VIIRS_NOAA20_NRT,,0,,,New / No Local History
22.89382,69.90583,334.29,0.39,0.36,2026-10-10,826,N21,VIIRS,n,2.0NRT,307.38,1.88,D,VIIRS_NOAA21_NRT,,0,,,New / No Local History
22.31956,77.24088,331.08,0.53,0.67,2026-10-10,902,N,VIIRS,l,2.0NRT,302.86,1.88,D,VIIRS_SNPP_NRT,,0,,,New / No Local History
23.12058,70.08521,342.12,0.38,0.43,2026-10-10,905,N,VIIRS,n,2.0NRT,309.78,1.88,D,VIIRS_SNPP_NRT,2.7783333333333338,6,0.004434632382504757,-32.33353329334135,Persistent / Stable
24.42275,77.05682,333.12,0.45,0.47,2026-10-10,826,N21,VIIRS,n,2.0NRT,308.08,1.76,D,VIIRS_NOAA21_NRT,,0,,,New / No Local History
20.70846,78.89404,330.51,0.39,0.44,2026-10-10,741,N20,VIIRS,n,2.0NRT,303.75,1.76,D,VIIRS_NOAA20_NRT,,0,,,New / No Local History
22.6581,72.87859,333.45,0.42,0.61,2026-10-10,741,N20,VIIRS,n,2.0NRT,301.82,1.69,D,VIIRS_NOAA20_NRT,,0,,,New / No Local History
12.57375,77.66751,331.27,0.33,0.55,2026-10-10,739,N20,VIIRS,n,2.0NRT,294.09,1.65,D,VIIRS_NOAA20_NRT,,0,,,New / No Local History
27.18078,72.28107,332.78,0.37,0.58,2026-10-10,744,N20,VIIRS,l,2.0NRT,304.1,1.65,D,VIIRS_NOAA20_NRT,,0,,,New / No Local History
23.16484,75.3416,335.77,0.41,0.6,2026-10-10,905,N,VIIRS,n,2.0NRT,304.52,1.63,D,VIIRS_SNPP_NRT,,0,,,New / No Local History
22.63024,77.20426,335.81,0.44,0.46,2026-10-10,826,N21,VIIRS,l,2.0NRT,308.76,1.59,D,VIIRS_NOAA21_NRT,,0,,,New / No Local History
14.93431,79.84739,342.19,0.43,0.46,2026-10-10,739,N20,VIIRS,n,2.0NRT,304.24,1.54,D,VIIRS_NOAA20_NRT,,0,,,New / No Local History
18.43604,83.55971,331.06,0.39,0.37,2026-10-10,739,N20,VIIRS,n,2.0NRT,302.01,1.39,D,VIIRS_NOAA20_NRT,,0,,,New / No Local History
26.78154,88.86569,328.42,0.38,0.36,2026-10-10,722,N,VIIRS,n,2.0NRT,294.44,1.35,D,VIIRS_SNPP_NRT,,0,,,New / No Local History
21.69318,76.2816,336.1,0.45,0.63,2026-10-10,902,N,VIIRS,n,2.0NRT,301.9,1.35,D,VIIRS_SNPP_NRT,,0,,,New / No Local History
24.07868,77.7495,337.63,0.4,0.44,2026-10-10,741,N20,VIIRS,n,2.0NRT,311.8,1.31,D,VIIRS_NOAA20_NRT,,0,,,New / No Local History
26.6561,73.81842,338.66,0.36,0.57,2026-10-10,905,N,VIIRS,n,2.0NRT,306.0,1.3,D,VIIRS_SNPP_NRT,,0,,,New / No Local History
24.49113,79.51728,331.1,0.32,0.55,2026-10-10,826,N21,VIIRS,n,2.0NRT,300.79,1.27,D,VIIRS_NOAA21_NRT,,0,,,New / No Local History
24.6324,77.87302,333.91,0.38,0.43,2026-10-10,741,N20,VIIRS,l,2.0NRT,307.85,1.27,D,VIIRS_NOAA20_NRT,,0,,,New / No Local History
20.48143,76.76069,337.1,0.39,0.44,2026-10-10,826,N21,VIIRS,n,2.0NRT,311.7,1.25,D,VIIRS_NOAA21_NRT,,0,,,New / No Local History
22.70747,75.13893,331.83,0.39,0.59,2026-10-10,902,N,VIIRS,l,2.0NRT,303.54,1.14,D,VIIRS_SNPP_NRT,,0,,,New / No Local History
20.93026,76.66919,333.3,0.53,0.5,2026-10-10,741,N20,VIIRS,n,2.0NRT,304.76,0.83,D,VIIRS_NOAA20_NRT,,0,,,New / No Local History
14.62346,76.96128,347.87,0.34,0.56,2026-10-09,841,N21,VIIRS,n,2.0NRT,301.96,30.13,D,VIIRS_NOAA21_NRT,11.72,1,1.7467173835197385,157.0819112627986,Abnormal Increase
14.62382,76.96444,367.0,0.34,0.56,2026-10-09,841,N21,VIIRS,h,2.0NRT,311.28,30.13,D,VIIRS_NOAA21_NRT,,0,,,New / No Local History
25.29221,75.77909,367.0,0.76,0.77,2026-10-09,705,N21,VIIRS,h,2.0NRT,303.07,27.7,D,VIIRS_NOAA21_NRT,,0,,,New / No Local History
25.29378,75.78255,352.96,0.76,0.77,2026-10-09,705,N21,VIIRS,n,2.0NRT,302.64,25.28,D,VIIRS_NOAA21_NRT,,0,,,New / No Local History
14.94629,78.22958,356.05,0.43,0.38,2026-10-09,758,N20,VIIRS,l,2.0NRT,306.93,24.84,D,VIIRS_NOAA20_NRT,,0,,,New / No Local History
14.94977,78.22897,356.16,0.43,0.38,2026-10-09,758,N20,VIIRS,l,2.0NRT,306.58,24.84,D,VIIRS_NOAA20_NRT,,0,,,New / No Local History
17.97619,77.43174,367.0,0.44,0.38,2026-10-09,801,N20,VIIRS,h,2.0NRT,310.77,23.31,D,VIIRS_NOAA20_NRT,,0,,,New / No Local History
14.62389,76.96513,341.76,0.5,0.41,2026-10-09,758,N20,VIIRS,n,2.0NRT,305.06,20.02,D,VIIRS_NOAA20_NRT,,0,,,New / No Local History
14.62418,76.96758,333.64,0.34,0.56,2026-10-09,841,N21,VIIRS,n,2.0NRT,302.67,16.09,D,VIIRS_NOAA21_NRT,,0,,,New / No Local History
21.1047,72.64611,351.71,0.47,0.48,2026-10-09,758,N20,VIIRS,n,2.0NRT,306.74,14.85,D,VIIRS_NOAA20_NRT,4.8750967741935485,155,0.0011217927664319044,204.60933777989516,Abnormal Increase
21.10384,72.64558,355.74,0.43,0.46,2026-10-09,843,N21,VIIRS,n,2.0NRT,307.87,14.77,D,VIIRS_NOAA21_NRT,4.8750967741935485,155,0.004158364432406381,202.9683447144143,Abnormal Increase
14.62895,76.96375,367.0,0.34,0.56,2026-10-09,841,N21,VIIRS,h,2.0NRT,305.44,14.55,D,VIIRS_NOAA21_NRT,,0,,,New / No Local History
14.95146,78.24831,356.42,0.43,0.38,2026-10-09,758,N20,VIIRS,l,2.0NRT,306.24,14.55,D,VIIRS_NOAA20_NRT,,0,,,New / No Local History
16.85415,80.80302,331.01,0.66,0.73,2026-10-09,843,N21,VIIRS,n,2.0NRT,295.57,14.04,D,VIIRS_NOAA21_NRT,5.17,1,1.0280174882266992,171.56673114119923,Abnormal Increase
23.77889,86.21163,342.66,0.52,0.5,2026-10-09,758,N20,VIIRS,n,2.0NRT,299.44,13.48,D,VIIRS_NOAA20_NRT,3.051874999999999,48,0.002111498680498728,341.69567888593093,Abnormal Increase
17.49333,76.0471,367.0,0.44,0.62,2026-10-09,739,N,VIIRS,h,2.0NRT,304.55,12.74,D,VIIRS_SNPP_NRT,,0,,,New / No Local History
17.48995,76.0483,345.88,0.51,0.41,2026-10-09,801,N20,VIIRS,n,2.0NRT,309.47,12.15,D,VIIRS_NOAA20_NRT,,0,,,New / No Local History
17.4937,76.0476,346.96,0.51,0.41,2026-10-09,801,N20,VIIRS,n,2.0NRT,311.07,12.15,D,VIIRS_NOAA20_NRT,,0,,,New / No Local History
17.49268,76.04669,367.0,0.32,0.55,2026-10-09,843,N21,VIIRS,h,2.0NRT,309.34,11.95,D,VIIRS_NOAA21_NRT,,0,,,New / No Local History
14.94604,78.23704,332.72,0.43,0.38,2026-10-09,758,N20,VIIRS,l,2.0NRT,304.03,11.95,D,VIIRS_NOAA20_NRT,,0,,,New / No Local History
24.89279,76.86127,354.6,0.45,0.63,2026-10-09,845,N21,VIIRS,n,2.0NRT,308.34,11.73,D,VIIRS_NOAA21_NRT,,0,,,New / No Local History
16.62827,80.19516,338.63,0.49,0.49,2026-10-09,739,N,VIIRS,n,2.0NRT,305.52,11.62,D,VIIRS_SNPP_NRT,9.755,2,0.08553219593785022,19.118400820092244,Persistent / Stable
25.87724,76.53233,367.0,0.43,0.62,2026-10-09,845,N21,VIIRS,h,2.0NRT,310.07,11.14,D,VIIRS_NOAA21_NRT,,0,,,New / No Local History
16.85687,80.80076,357.0,0.45,0.47,2026-10-09,739,N,VIIRS,n,2.0NRT,303.75,11.1,D,VIIRS_SNPP_NRT,5.17,1,0.7874865798128509,114.70019342359767,Abnormal Increase
25.11679,77.72553,351.97,0.58,0.7,2026-10-09,705,N21,VIIRS,n,2.0NRT,304.51,11.07,D,VIIRS_NOAA21_NRT,,0,,,New / No Local History
21.08058,85.03504,355.88,0.39,0.36,2026-10-09,739,N,VIIRS,n,2.0NRT,308.48,10.99,D,VIIRS_SNPP_NRT,2.44,20,0.021840649742991058,350.4098360655738,Abnormal Increase
20.96555,85.16658,335.38,0.49,0.48,2026-10-09,703,N21,VIIRS,n,2.0NRT,300.96,10.98,D,VIIRS_NOAA21_NRT,3.4839622641509425,106,0.021957146617119446,215.15840779853787,Abnormal Increase
21.07753,85.03637,343.18,0.41,0.45,2026-10-09,758,N20,VIIRS,n,2.0NRT,305.25,10.89,D,VIIRS_NOAA20_NRT,2.44,20,0.09547978477100486,346.31147540983613,Abnormal Increase
18.49557,74.3423,351.0,0.51,0.49,2026-10-09,843,N21,VIIRS,n,2.0NRT,305.7,10.8,D,VIIRS_NOAA21_NRT,5.6,1,0.4001809065199011,92.85714285714289,Abnormal Increase
23.77703,86.20952,329.92,0.56,0.43,2026-10-09,703,N21,VIIRS,n,2.0NRT,298.73,10.58,D,VIIRS_NOAA21_NRT,3.051874999999999,48,0.006114679450629486,246.67212779029296,Abnormal Increase
26.99028,77.17107,343.71,0.49,0.65,2026-10-09,845,N21,VIIRS,n,2.0NRT,304.79,10.51,D,VIIRS_NOAA21_NRT,,0,,,New / No Local History
30.4136,74.20953,356.38,0.43,0.38,2026-10-09,803,N20,VIIRS,l,2.0NRT,302.96,10.41,D,VIIRS_NOAA20_NRT,,0,,,New / No Local History
15.65198,75.94135,337.01,0.55,0.43,2026-10-09,758,N20,VIIRS,l,2.0NRT,308.78,10.28,D,VIIRS_NOAA20_NRT,,0,,,New / No Local History
25.30273,77.10507,335.01,0.63,0.72,2026-10-09,705,N21,VIIRS,n,2.0NRT,301.5,10.09,D,VIIRS_NOAA21_NRT,,0,,,New / No Local History
21.10375,72.64581,335.35,0.44,0.46,2026-10-09,2029,N20,VIIRS,n,2.0NRT,298.16,10.04,N,VIIRS_NOAA20_NRT,4.8750967741935485,155,0.003310683693077762,105.94462971785504,Abnormal Increase
30.18199,74.42348,348.59,0.42,0.38,2026-10-09,801,N20,VIIRS,n,2.0NRT,305.0,9.99,D,VIIRS_NOAA20_NRT,,0,,,New / No Local History
22.78368,86.2051,339.15,0.51,0.49,2026-10-09,758,N20,VIIRS,n,2.0NRT,298.69,9.86,D,VIIRS_NOAA20_NRT,2.479821428571428,56,0.02287887756499326,297.6092748613812,Abnormal Increase
14.78683,76.78387,351.86,0.44,0.63,2026-10-09,739,N,VIIRS,n,2.0NRT,300.43,9.71,D,VIIRS_SNPP_NRT,2.35,1,1.470083402806997,313.19148936170217,Abnormal Increase
16.62606,80.19426,334.9,0.49,0.49,2026-10-09,739,N,VIIRS,l,2.0NRT,305.25,9.68,D,VIIRS_SNPP_NRT,9.755,2,0.011020004519927063,-0.7688364941055977,Persistent / Stable
23.5575,87.23421,337.66,0.41,0.37,2026-10-09,739,N,VIIRS,n,2.0NRT,298.87,9.56,D,VIIRS_SNPP_NRT,2.9255263157894738,38,0.02296770221146422,226.77880723216694,Abnormal Increase
27.86773,75.87949,347.55,0.4,0.37,2026-10-09,801,N20,VIIRS,n,2.0NRT,313.72,9.32,D,VIIRS_NOAA20_NRT,,0,,,New / No Local History
20.96744,86.01255,339.29,0.51,0.49,2026-10-09,2029,N20,VIIRS,n,2.0NRT,292.98,9.22,N,VIIRS_NOAA20_NRT,3.790208333333331,48,0.010166047791580583,143.25839608640706,Abnormal Increase
13.52347,80.02685,342.69,0.57,0.52,2026-10-09,737,N,VIIRS,n,2.0NRT,298.52,9.17,D,VIIRS_SNPP_NRT,,0,,,New / No Local History
18.68449,73.03771,345.3,0.42,0.45,2026-10-09,843,N21,VIIRS,n,2.0NRT,304.29,9.13,D,VIIRS_NOAA21_NRT,2.2831999999999995,50,0.003984380249163922,299.87736510161193,Abnormal Increase
23.56016,87.23849,338.23,0.55,0.42,2026-10-09,1932,N21,VIIRS,n,2.0NRT,292.28,9.02,N,VIIRS_NOAA21_NRT,2.9255263157894738,38,0.01179048186459021,208.3205900872537,Abnormal Increase
16.85414,80.80064,333.02,0.56,0.69,2026-10-09,701,N21,VIIRS,n,2.0NRT,293.55,8.97,D,VIIRS_NOAA21_NRT,5.17,1,0.774751170761651,73.50096711798841,Abnormal Increase
20.9655,85.16631,345.0,0.39,0.36,2026-10-09,739,N,VIIRS,n,2.0NRT,305.03,8.84,D,VIIRS_SNPP_NRT,3.4839622641509425,106,0.006781244852584165,153.73409152450589,Abnormal Increase
25.05206,77.56665,346.94,0.39,0.36,2026-10-09,801,N20,VIIRS,n,2.0NRT,312.46,8.83,D,VIIRS_NOAA20_NRT,,0,,,New / No Local History
22.03858,83.73189,330.66,0.53,0.42,2026-10-09,758,N20,VIIRS,l,2.0NRT,305.33,8.8,D,VIIRS_NOAA20_NRT,1.550909090909091,11,0.019584281720771778,467.40914419695196,Abnormal Increase
30.4079,74.19717,341.99,0.43,0.38,2026-10-09,803,N20,VIIRS,n,2.0NRT,299.01,8.76,D,VIIRS_NOAA20_NRT,,0,,,New / No Local History
30.41058,74.19196,350.42,0.43,0.38,2026-10-09,803,N20,VIIRS,n,2.0NRT,301.66,8.76,D,VIIRS_NOAA20_NRT,,0,,,New / No Local History
30.41133,74.19636,356.11,0.43,0.38,2026-10-09,803,N20,VIIRS,n,2.0NRT,302.46,8.76,D,VIIRS_NOAA20_NRT,,0,,,New / No Local History
23.92833,76.04879,348.5,0.43,0.38,2026-10-09,801,N20,VIIRS,n,2.0NRT,311.8,8.74,D,VIIRS_NOAA20_NRT,,0,,,New / No Local History
21.10289,72.63733,341.94,0.43,0.46,2026-10-09,843,N21,VIIRS,n,2.0NRT,307.23,8.65,D,VIIRS_NOAA21_NRT,4.8750967741935485,155,0.012450356621754172,77.43237520512413,Abnormal Increase
24.88029,76.85584,349.48,0.56,0.51,2026-10-09,741,N,VIIRS,n,2.0NRT,308.85,8.63,D,VIIRS_SNPP_NRT,,0,,,New / No Local History
21.79906,71.91986,350.18,0.51,0.49,2026-10-09,758,N20,VIIRS,n,2.0NRT,304.67,8.59,D,VIIRS_NOAA20_NRT,,0,,,New / No Local History
16.62909,80.19493,338.39,0.38,0.36,2026-10-09,758,N20,VIIRS,l,2.0NRT,312.72,8.57,D,VIIRS_NOAA20_NRT,9.755,2,0.06135025544352296,-12.147616606868276,Persistent / Stable
14.78836,76.78632,346.43,0.51,0.41,2026-10-09,758,N20,VIIRS,n,2.0NRT,306.89,8.55,D,VIIRS_NOAA20_NRT,2.35,1,1.7333424531861272,263.82978723404256,Abnormal Increase
21.67734,84.03713,329.44,0.55,0.51,2026-10-09,703,N21,VIIRS,l,2.0NRT,301.25,8.54,D,VIIRS_NOAA21_NRT,2.826315789473685,19,0.04555244957151662,202.16014897579134,Abnormal Increase
20.96495,85.16854,340.47,0.42,0.45,2026-10-09,758,N20,VIIRS,n,2.0NRT,302.74,8.43,D,VIIRS_NOAA20_NRT,3.573097345132742,113,0.0016040631600794542,135.92976025361608,Abnormal Increase
31.7435,74.58442,345.92,0.41,0.37,2026-10-09,803,N20,VIIRS,n,2.0NRT,299.57,8.39,D,VIIRS_NOAA20_NRT,,0,,,New / No Local History
24.91698,76.94318,340.57,0.45,0.63,2026-10-09,845,N21,VIIRS,n,2.0NRT,306.94,8.29,D,VIIRS_NOAA21_NRT,,0,,,New / No Local History
14.61647,75.58057,339.96,0.54,0.68,2026-10-09,739,N,VIIRS,n,2.0NRT,297.78,8.22,D,VIIRS_SNPP_NRT,,0,,,New / No Local History
22.37539,87.27912,329.64,0.52,0.41,2026-10-09,703,N21,VIIRS,l,2.0NRT,299.97,8.21,D,VIIRS_NOAA21_NRT,3.5174666666666674,75,0.005293661700332803,133.40661839960575,Abnormal Increase
22.37816,87.27977,337.63,0.53,0.42,2026-10-09,1932,N21,VIIRS,n,2.0NRT,297.18,8.16,N,VIIRS_NOAA21_NRT,3.405802469135804,81,0.003548331577675398,139.59111175553693,Abnormal Increase
21.10482,72.64544,335.4,0.52,0.67,2026-10-09,922,N,VIIRS,n,2.0NRT,302.2,8.15,D,VIIRS_SNPP_NRT,4.8750967741935485,155,0.010500973085968174,67.1761685458684,Abnormal Increase
20.9627,85.18513,334.65,0.42,0.45,2026-10-09,758,N20,VIIRS,n,2.0NRT,303.98,8.13,D,VIIRS_NOAA20_NRT,3.614158415841584,101,0.0032056886003024388,124.94863435881985,Abnormal Increase
21.67686,84.03854,330.49,0.55,0.43,2026-10-09,758,N20,VIIRS,l,2.0NRT,301.69,8.11,D,VIIRS_NOAA20_NRT,2.826315789473685,19,0.0031118283061975253,186.94599627560513,Abnormal Increase
14.61852,75.57832,344.59,0.54,0.68,2026-10-09,739,N,VIIRS,n,2.0NRT,296.4,8.11,D,VIIRS_SNPP_NRT,,0,,,New / No Local History
28.14409,77.6863,341.35,0.43,0.46,2026-10-09,741,N,VIIRS,n,2.0NRT,301.25,8.09,D,VIIRS_SNPP_NRT,,0,,,New / No Local History
25.02876,76.64118,344.79,0.43,0.62,2026-10-09,845,N21,VIIRS,n,2.0NRT,309.05,8.08,D,VIIRS_NOAA21_NRT,,0,,,New / No Local History
25.02622,76.90791,347.45,0.45,0.63,2026-10-09,845,N21,VIIRS,n,2.0NRT,306.19,8.06,D,VIIRS_NOAA21_NRT,,0,,,New / No Local History
17.05218,77.2737,338.7,0.45,0.39,2026-10-09,801,N20,VIIRS,l,2.0NRT,313.63,8.03,D,VIIRS_NOAA20_NRT,,0,,,New / No Local History
24.82801,75.37303,338.59,0.44,0.39,2026-10-09,801,N20,VIIRS,l,2.0NRT,311.0,7.95,D,VIIRS_NOAA20_NRT,,0,,,New / No Local History
15.00915,78.60492,333.0,0.44,0.63,2026-10-09,841,N21,VIIRS,n,2.0NRT,300.82,7.9,D,VIIRS_NOAA21_NRT,,0,,,New / No Local History
21.74866,83.84357,334.67,0.54,0.42,2026-10-09,758,N20,VIIRS,l,2.0NRT,306.0,7.9,D,VIIRS_NOAA20_NRT,4.736385542168675,83,0.011598729401667326,66.79385429385431,Abnormal Increase
24.82023,75.37014,356.38,0.44,0.39,2026-10-09,801,N20,VIIRS,l,2.0NRT,314.76,7.88,D,VIIRS_NOAA20_NRT,,0,,,New / No Local History
24.821,75.37447,353.66,0.44,0.39,2026-10-09,801,N20,VIIRS,n,2.0NRT,313.37,7.88,D,VIIRS_NOAA20_NRT,,0,,,New / No Local History
24.8245,75.37375,345.42,0.44,0.39,2026-10-09,801,N20,VIIRS,n,2.0NRT,310.93,7.88,D,VIIRS_NOAA20_NRT,,0,,,New / No Local History
24.75358,76.56364,348.64,0.41,0.37,2026-10-09,801,N20,VIIRS,n,2.0NRT,316.37,7.84,D,VIIRS_NOAA20_NRT,,0,,,New / No Local History
18.49731,74.34396,340.99,0.51,0.49,2026-10-09,843,N21,VIIRS,n,2.0NRT,304.38,7.83,D,VIIRS_NOAA21_NRT,5.6,1,0.22526526830301172,39.82142857142858,Single Historical Detection
20.78735,85.25961,340.86,0.39,0.36,2026-10-09,739,N,VIIRS,n,2.0NRT,305.91,7.82,D,VIIRS_SNPP_NRT,4.153833333333335,60,0.0014361310102809423,88.25984030814904,Abnormal Increase
17.47262,80.94425,337.11,0.39,0.36,2026-10-09,801,N20,VIIRS,n,2.0NRT,306.75,7.81,D,VIIRS_NOAA20_NRT,,0,,,New / No Local History
20.96298,85.17672,328.71,0.48,0.48,2026-10-09,703,N21,VIIRS,l,2.0NRT,302.14,7.64,D,VIIRS_NOAA21_NRT,3.5795412844036694,109,0.010415318305519464,113.4351692851834,Abnormal Increase
24.89335,76.84398,342.87,0.56,0.51,2026-10-09,741,N,VIIRS,n,2.0NRT,309.0,7.6,D,VIIRS_SNPP_NRT,,0,,,New / No Local History
24.89684,76.83733,333.81,0.56,0.51,2026-10-09,741,N,VIIRS,l,2.0NRT,307.27,7.6,D,VIIRS_SNPP_NRT,,0,,,New / No Local History
22.35909,82.29994,335.32,0.46,0.39,2026-10-09,758,N20,VIIRS,l,2.0NRT,306.71,7.55,D,VIIRS_NOAA20_NRT,3.8262500000000004,24,0.049367804979864545,97.32113688337142,Abnormal Increase
30.4095,74.19387,356.24,0.43,0.38,2026-10-09,803,N20,VIIRS,l,2.0NRT,301.55,7.52,D,VIIRS_NOAA20_NRT,,0,,,New / No Local History
30.41028,74.19826,355.09,0.43,0.38,2026-10-09,803,N20,VIIRS,l,2.0NRT,302.71,7.52,D,VIIRS_NOAA20_NRT,,0,,,New / No Local History
30.41294,74.19308,344.02,0.43,0.38,2026-10-09,803,N20,VIIRS,n,2.0NRT,298.42,7.52,D,VIIRS_NOAA20_NRT,,0,,,New / No Local History
24.9176,76.94422,335.29,0.45,0.63,2026-10-09,845,N21,VIIRS,l,2.0NRT,305.94,7.49,D,VIIRS_NOAA21_NRT,,0,,,New / No Local History
23.80079,86.33048,344.96,0.53,0.5,2026-10-09,758,N20,VIIRS,n,2.0NRT,296.94,7.49,D,VIIRS_NOAA20_NRT,2.309841269841271,63,0.022838273499501703,224.26470588235276,Abnormal Increase
22.17842,74.75407,346.89,0.51,0.41,2026-10-09,758,N20,VIIRS,n,2.0NRT,310.13,7.46,D,VIIRS_NOAA20_NRT,,0,,,New / No Local History
20.86217,84.98533,329.01,0.5,0.49,2026-10-09,703,N21,VIIRS,n,2.0NRT,298.3,7.4,D,VIIRS_NOAA21_NRT,3.015394736842105,76,0.08229307502287123,145.40733952960693,Abnormal Increase
19.92529,81.81485,344.42,0.42,0.37,2026-10-09,758,N20,VIIRS,n,2.0NRT,304.81,7.39,D,VIIRS_NOAA20_NRT,,0,,,New / No Local History
26.31213,72.89734,346.51,0.55,0.43,2026-10-09,801,N20,VIIRS,n,2.0NRT,315.49,7.39,D,VIIRS_NOAA20_NRT,1.355,2,0.4360436661580604,445.3874538745388,Abnormal Increase
20.01948,76.28417,343.2,0.46,0.39,2026-10-09,758,N20,VIIRS,n,2.0NRT,310.94,7.38,D,VIIRS_NOAA20_NRT,,0,,,New / No Local History
17.49234,76.04368,335.68,0.32,0.55,2026-10-09,843,N21,VIIRS,n,2.0NRT,305.62,7.35,D,VIIRS_NOAA21_NRT,,0,,,New / No Local History
30.60486,74.99966,338.36,0.62,0.71,2026-10-09,707,N21,VIIRS,n,2.0NRT,293.36,7.34,D,VIIRS_NOAA21_NRT,,0,,,New / No Local History
18.68314,73.03849,337.17,0.49,0.49,2026-10-09,758,N20,VIIRS,n,2.0NRT,301.59,7.33,D,VIIRS_NOAA20_NRT,2.2831999999999995,50,0.01108476526914069,221.0406447091802,Abnormal Increase
24.83729,76.60244,343.56,0.58,0.52,2026-10-09,741,N,VIIRS,n,2.0NRT,310.17,7.32,D,VIIRS_SNPP_NRT,,0,,,New / No Local History
23.91868,76.05502,351.22,0.43,0.38,2026-10-09,801,N20,VIIRS,n,2.0NRT,312.83,7.31,D,VIIRS_NOAA20_NRT,,0,,,New / No Local History
23.91938,76.05917,356.12,0.43,0.38,2026-10-09,801,N20,VIIRS,l,2.0NRT,313.7,7.31,D,VIIRS_NOAA20_NRT,,0,,,New / No Local History
22.80358,77.37238,335.8,0.46,0.63,2026-10-09,843,N21,VIIRS,n,2.0NRT,298.92,7.28,D,VIIRS_NOAA21_NRT,,0,,,New / No Local History
23.68443,86.39449,341.49,0.39,0.36,2026-10-09,739,N,VIIRS,n,2.0NRT,303.59,7.24,D,VIIRS_SNPP_NRT,3.0147826086956515,92,0.009883321101205706,140.14998557830984,Abnormal Increase
24.77062,76.52592,335.67,0.42,0.61,2026-10-09,845,N21,VIIRS,l,2.0NRT,308.8,7.23,D,VIIRS_NOAA21_NRT,,0,,,New / No Local History
22.35968,82.30435,333.4,0.46,0.39,2026-10-09,758,N20,VIIRS,l,2.0NRT,306.52,7.18,D,VIIRS_NOAA20_NRT,3.8262500000000004,24,0.01005879288345296,87.6510944135903,Abnormal Increase
15.21128,78.14644,355.58,0.44,0.38,2026-10-09,758,N20,VIIRS,l,2.0NRT,306.46,7.12,D,VIIRS_NOAA20_NRT,,0,,,New / No Local History
15.21194,78.15045,339.46,0.44,0.38,2026-10-09,758,N20,VIIRS,n,2.0NRT,307.84,7.12,D,VIIRS_NOAA20_NRT,,0,,,New / No Local History
15.80761,77.97483,337.19,0.44,0.38,2026-10-09,758,N20,VIIRS,l,2.0NRT,310.32,7.1,D,VIIRS_NOAA20_NRT,,0,,,New / No Local History
11.81121,77.92234,336.13,0.49,0.4,2026-10-09,758,N20,VIIRS,l,2.0NRT,304.32,7.08,D,VIIRS_NOAA20_NRT,1.7600000000000002,40,0.021291123047783175,302.27272727272725,Abnormal Increase
23.91727,76.04674,356.13,0.43,0.38,2026-10-09,801,N20,VIIRS,l,2.0NRT,311.85,7.08,D,VIIRS_NOAA20_NRT,,0,,,New / No Local History
23.91797,76.05089,356.36,0.43,0.38,2026-10-09,801,N20,VIIRS,l,2.0NRT,311.63,7.08,D,VIIRS_NOAA20_NRT,,0,,,New / No Local History
23.92072,76.04604,344.7,0.43,0.38,2026-10-09,801,N20,VIIRS,n,2.0NRT,309.5,7.08,D,VIIRS_NOAA20_NRT,,0,,,New / No Local History
23.77895,86.20959,335.25,0.39,0.36,2026-10-09,741,N,VIIRS,n,2.0NRT,303.93,7.04,D,VIIRS_SNPP_NRT,3.051874999999999,48,0.004363217216683652,130.67786197010042,Abnormal Increase
14.94762,78.23753,332.74,0.43,0.38,2026-10-09,758,N20,VIIRS,l,2.0NRT,304.2,7.03,D,VIIRS_NOAA20_NRT,,0,,,New / No Local History
14.95044,78.23294,367.0,0.43,0.38,2026-10-09,758,N20,VIIRS,h,2.0NRT,306.35,7.03,D,VIIRS_NOAA20_NRT,,0,,,New / No Local History
18.69332,73.04057,339.07,0.42,0.46,2026-10-09,843,N21,VIIRS,n,2.0NRT,306.47,7.02,D,VIIRS_NOAA21_NRT,2.2831999999999995,50,0.017903979605398815,207.46320953048362,Abnormal Increase
24.99092,77.13985,348.28,0.39,0.36,2026-10-09,801,N20,VIIRS,n,2.0NRT,312.98,7.02,D,VIIRS_NOAA20_NRT,,0,,,New / No Local History
31.33849,75.08595,345.77,0.4,0.37,2026-10-09,803,N20,VIIRS,n,2.0NRT,301.5,7.01,D,VIIRS_NOAA20_NRT,,0,,,New / No Local History
21.19897,81.41451,329.73,0.43,0.38,2026-10-09,2029,N20,VIIRS,n,2.0NRT,295.97,6.99,N,VIIRS_NOAA20_NRT,3.101,10,0.12134941481833089,125.41115769106742,Abnormal Increase
24.61488,77.96706,343.45,0.58,0.7,2026-10-09,703,N21,VIIRS,n,2.0NRT,303.93,6.96,D,VIIRS_NOAA21_NRT,,0,,,New / No Local History
22.48626,76.7492,346.14,0.41,0.61,2026-10-09,843,N21,VIIRS,n,2.0NRT,302.02,6.89,D,VIIRS_NOAA21_NRT,,0,,,New / No Local History
22.04013,83.72866,337.49,0.53,0.42,2026-10-09,758,N20,VIIRS,n,2.0NRT,305.24,6.87,D,VIIRS_NOAA20_NRT,1.5490000000000002,10,0.016726066347515563,343.51194318915424,Abnormal Increase
20.88545,84.98528,333.27,0.41,0.45,2026-10-09,758,N20,VIIRS,n,2.0NRT,300.48,6.86,D,VIIRS_NOAA20_NRT,3.015394736842105,76,0.06145069606772067,127.4992363747437,Abnormal Increase
22.54348,77.13071,337.15,0.6,0.53,2026-10-09,741,N,VIIRS,n,2.0NRT,305.22,6.84,D,VIIRS_SNPP_NRT,,0,,,New / No Local History
24.53598,77.83929,348.53,0.51,0.66,2026-10-09,845,N21,VIIRS,n,2.0NRT,302.97,6.83,D,VIIRS_NOAA21_NRT,,0,,,New / No Local History
30.49848,74.41765,350.25,0.42,0.38,2026-10-09,803,N20,VIIRS,n,2.0NRT,301.77,6.83,D,VIIRS_NOAA20_NRT,,0,,,New / No Local History
24.68658,77.0695,337.7,0.46,0.63,2026-10-09,845,N21,VIIRS,n,2.0NRT,308.23,6.82,D,VIIRS_NOAA21_NRT,,0,,,New / No Local History
21.10522,72.64687,333.15,0.54,0.68,2026-10-09,2150,N,VIIRS,n,2.0NRT,294.89,6.82,N,VIIRS_SNPP_NRT,4.8750967741935485,155,0.0024787441495248575,39.89465883224816,Persistent / Stable
23.77266,86.19685,327.89,0.52,0.5,2026-10-09,758,N20,VIIRS,l,2.0NRT,298.09,6.8,D,VIIRS_NOAA20_NRT,3.051874999999999,48,0.01851716683842428,122.81384394839246,Abnormal Increase
20.79553,85.25346,338.5,0.48,0.48,2026-10-09,703,N21,VIIRS,n,2.0NRT,301.78,6.78,D,VIIRS_NOAA21_NRT,4.153833333333335,60,0.007718170178936234,63.222725996067844,Abnormal Increase
22.37915,87.27834,333.62,0.52,0.41,2026-10-09,703,N21,VIIRS,n,2.0NRT,299.78,6.68,D,VIIRS_NOAA21_NRT,3.552676056338029,71,0.008976697787893693,88.02727561052961,Abnormal Increase
24.86609,76.14636,338.11,0.4,0.6,2026-10-09,845,N21,VIIRS,n,2.0NRT,309.36,6.68,D,VIIRS_NOAA21_NRT,,0,,,New / No Local History
9.93319,77.97797,332.27,0.51,0.41,2026-10-09,758,N20,VIIRS,l,2.0NRT,295.89,6.67,D,VIIRS_NOAA20_NRT,,0,,,New / No Local History
15.17457,76.65577,335.45,0.51,0.41,2026-10-09,758,N20,VIIRS,n,2.0NRT,303.23,6.64,D,VIIRS_NOAA20_NRT,2.606117021276596,188,0.0028334476689396764,154.78518216144502,Abnormal Increase
22.41619,69.03879,341.62,0.43,0.38,2026-10-09,845,N21,VIIRS,n,2.0NRT,311.59,6.57,D,VIIRS_NOAA21_NRT,1.8337500000000002,8,0.009255340813705583,258.282208588957,Abnormal Increase
17.61067,83.20292,333.32,0.48,0.4,2026-10-09,739,N,VIIRS,l,2.0NRT,303.71,6.57,D,VIIRS_SNPP_NRT,2.7028571428571433,35,0.004252168623850241,143.07610993657502,Abnormal Increase
20.96318,85.1892,343.45,0.42,0.45,2026-10-09,758,N20,VIIRS,n,2.0NRT,305.13,6.56,D,VIIRS_NOAA20_NRT,3.7260759493670874,79,0.0030343768849075766,76.05652941975816,Abnormal Increase
26.82086,75.62634,335.86,0.71,0.75,2026-10-09,705,N21,VIIRS,n,2.0NRT,303.48,6.52,D,VIIRS_NOAA21_NRT,,0,,,New / No Local History
20.79389,85.25282,339.37,0.42,0.45,2026-10-09,758,N20,VIIRS,n,2.0NRT,295.94,6.5,D,VIIRS_NOAA20_NRT,4.153833333333335,60,0.003133984956529241,56.481964450507505,Abnormal Increase
25.09701,76.37785,338.15,0.59,0.53,2026-10-09,741,N,VIIRS,l,2.0NRT,311.17,6.5,D,VIIRS_SNPP_NRT,,0,,,New / No Local History
17.11255,80.75173,332.75,0.56,0.69,2026-10-09,701,N21,VIIRS,n,2.0NRT,297.03,6.45,D,VIIRS_NOAA21_NRT,,0,,,New / No Local History
17.11368,80.75692,330.29,0.56,0.69,2026-10-09,701,N21,VIIRS,n,2.0NRT,296.92,6.45,D,VIIRS_NOAA21_NRT,,0,,,New / No Local History
11.89158,77.03814,338.11,0.63,0.54,2026-10-09,841,N21,VIIRS,n,2.0NRT,295.64,6.45,D,VIIRS_NOAA21_NRT,,0,,,New / No Local History
21.92196,83.35201,341.64,0.42,0.38,2026-10-09,739,N,VIIRS,n,2.0NRT,305.33,6.36,D,VIIRS_SNPP_NRT,2.8140740740740737,27,0.016693484854890212,126.00684390629118,Abnormal Increase
20.9658,85.16689,318.85,0.45,0.47,2026-10-09,1932,N21,VIIRS,n,2.0NRT,287.11,6.35,N,VIIRS_NOAA21_NRT,3.4839622641509425,106,0.033809512755121,82.26374221500139,Abnormal Increase
11.86887,76.9184,338.69,0.55,0.43,2026-10-09,758,N20,VIIRS,n,2.0NRT,295.57,6.35,D,VIIRS_NOAA20_NRT,,0,,,New / No Local History
18.86126,78.38897,340.01,0.4,0.37,2026-10-09,801,N20,VIIRS,n,2.0NRT,308.54,6.3,D,VIIRS_NOAA20_NRT,,0,,,New / No Local History
10.79045,78.50768,345.56,0.38,0.59,2026-10-09,841,N21,VIIRS,n,2.0NRT,291.28,6.28,D,VIIRS_NOAA21_NRT,,0,,,New / No Local History
18.69291,73.03844,332.62,0.39,0.44,2026-10-09,2029,N20,VIIRS,n,2.0NRT,295.71,6.28,N,VIIRS_NOAA20_NRT,2.2831999999999995,50,0.013871618385248703,175.05255781359503,Abnormal Increase
20.96958,85.172,335.1,0.42,0.45,2026-10-09,758,N20,VIIRS,n,2.0NRT,303.55,6.24,D,VIIRS_NOAA20_NRT,3.5596581196581183,117,0.008115212771513168,75.29773338455635,Abnormal Increase
20.97006,85.17601,344.45,0.42,0.45,2026-10-09,758,N20,VIIRS,n,2.0NRT,301.71,6.24,D,VIIRS_NOAA20_NRT,3.5795412844036694,109,0.00837473301479765,74.32401260988803,Abnormal Increase
27.51153,81.52625,348.2,0.43,0.38,2026-10-09,741,N,VIIRS,n,2.0NRT,296.59,6.19,D,VIIRS_SNPP_NRT,,0,,,New / No Local History
24.7595,76.50793,330.48,0.7,0.75,2026-10-09,705,N21,VIIRS,l,2.0NRT,303.16,6.18,D,VIIRS_NOAA21_NRT,,0,,,New / No Local History
20.88606,84.98158,333.67,0.39,0.36,2026-10-09,739,N,VIIRS,n,2.0NRT,303.29,6.16,D,VIIRS_SNPP_NRT,3.015394736842105,76,0.0011385193923770054,104.2850285814025,Abnormal Increase
21.76688,84.02003,331.86,0.41,0.37,2026-10-09,739,N,VIIRS,l,2.0NRT,305.89,6.14,D,VIIRS_SNPP_NRT,2.5425,24,0.006876252181159804,141.4945919370698,Abnormal Increase
19.27152,76.75051,337.72,0.38,0.59,2026-10-09,843,N21,VIIRS,n,2.0NRT,306.1,6.07,D,VIIRS_NOAA21_NRT,,0,,,New / No Local History
21.10801,72.64641,340.08,0.44,0.46,2026-10-09,2029,N20,VIIRS,n,2.0NRT,301.47,6.06,N,VIIRS_NOAA20_NRT,4.8750967741935485,155,0.010513085506149364,24.30522471017944,Persistent / Stable
15.85789,78.36359,332.93,0.44,0.62,2026-10-09,843,N21,VIIRS,n,2.0NRT,296.73,6.03,D,VIIRS_NOAA21_NRT,,0,,,New / No Local History
24.6841,77.07961,337.81,0.54,0.51,2026-10-09,741,N,VIIRS,l,2.0NRT,309.07,6.01,D,VIIRS_SNPP_NRT,,0,,,New / No Local History
24.94919,77.136,342.81,0.39,0.36,2026-10-09,801,N20,VIIRS,n,2.0NRT,312.28,5.99,D,VIIRS_NOAA20_NRT,,0,,,New / No Local History
18.68487,73.03725,312.45,0.39,0.44,2026-10-09,2029,N20,VIIRS,n,2.0NRT,295.73,5.98,N,VIIRS_NOAA20_NRT,2.2831999999999995,50,0.00954217169368982,161.91310441485643,Abnormal Increase
21.10527,72.63305,338.64,0.44,0.46,2026-10-09,2029,N20,VIIRS,n,2.0NRT,297.4,5.98,N,VIIRS_NOAA20_NRT,4.892614379084967,153,0.019687957035976644,22.2250424142031,Persistent / Stable
24.61082,77.84167,338.85,0.51,0.66,2026-10-09,845,N21,VIIRS,n,2.0NRT,303.66,5.94,D,VIIRS_NOAA21_NRT,,0,,,New / No Local History
18.85589,78.26955,331.88,0.4,0.37,2026-10-09,801,N20,VIIRS,n,2.0NRT,300.93,5.92,D,VIIRS_NOAA20_NRT,,0,,,New / No Local History
20.76046,85.29909,331.84,0.39,0.36,2026-10-09,739,N,VIIRS,l,2.0NRT,304.2,5.92,D,VIIRS_SNPP_NRT,2.932222222222222,27,0.01692698459166951,101.89465706707088,Abnormal Increase
20.96735,85.17574,335.77,0.48,0.48,2026-10-09,703,N21,VIIRS,n,2.0NRT,302.5,5.89,D,VIIRS_NOAA21_NRT,3.5795412844036694,109,0.014614889211503458,64.54622344106416,Abnormal Increase
20.97171,85.17476,330.33,0.48,0.48,2026-10-09,703,N21,VIIRS,l,2.0NRT,301.41,5.89,D,VIIRS_NOAA21_NRT,3.5629999999999997,110,0.002895838742373584,65.31013191131069,Abnormal Increase
24.82007,75.36982,356.76,0.45,0.39,2026-10-09,801,N20,VIIRS,l,2.0NRT,314.1,5.89,D,VIIRS_NOAA20_NRT,,0,,,New / No Local History
24.82081,75.37415,344.36,0.44,0.39,2026-10-09,801,N20,VIIRS,n,2.0NRT,313.32,5.89,D,VIIRS_NOAA20_NRT,,0,,,New / No Local History
24.82432,75.37343,342.9,0.44,0.39,2026-10-09,801,N20,VIIRS,n,2.0NRT,312.08,5.89,D,VIIRS_NOAA20_NRT,,0,,,New / No Local History
20.97037,85.15395,340.57,0.39,0.36,2026-10-09,739,N,VIIRS,n,2.0NRT,306.27,5.89,D,VIIRS_SNPP_NRT,3.3349315068493155,73,0.021867086819743246,76.61532142123636,Abnormal Increase
21.07742,85.03882,332.42,0.49,0.49,2026-10-09,703,N21,VIIRS,l,2.0NRT,303.01,5.87,D,VIIRS_NOAA21_NRT,2.44,20,0.015663248660922235,140.5737704918033,Abnormal Increase
15.18074,76.66914,336.37,0.51,0.41,2026-10-09,758,N20,VIIRS,n,2.0NRT,305.78,5.87,D,VIIRS_NOAA20_NRT,2.4380701754385976,228,0.003996327534059598,140.76419371087275,Abnormal Increase
24.88053,76.85292,334.46,0.56,0.51,2026-10-09,741,N,VIIRS,l,2.0NRT,307.45,5.87,D,VIIRS_SNPP_NRT,,0,,,New / No Local History
24.88171,76.8584,342.59,0.56,0.51,2026-10-09,741,N,VIIRS,n,2.0NRT,308.96,5.87,D,VIIRS_SNPP_NRT,,0,,,New / No Local History
13.52824,80.02591,340.14,0.57,0.52,2026-10-09,737,N,VIIRS,n,2.0NRT,299.33,5.86,D,VIIRS_SNPP_NRT,,0,,,New / No Local History
21.92444,83.34148,311.72,0.6,0.53,2026-10-09,1932,N21,VIIRS,n,2.0NRT,294.75,5.85,N,VIIRS_NOAA21_NRT,2.8140740740740737,27,0.024239589868245554,107.88365359305081,Abnormal Increase
29.27733,75.9659,335.93,0.39,0.36,2026-10-09,801,N20,VIIRS,l,2.0NRT,308.55,5.85,D,VIIRS_NOAA20_NRT,,0,,,New / No Local History
15.34207,75.15311,353.25,0.42,0.45,2026-10-09,758,N20,VIIRS,n,2.0NRT,303.86,5.84,D,VIIRS_NOAA20_NRT,,0,,,New / No Local History
13.52369,80.02509,345.97,0.39,0.36,2026-10-09,758,N20,VIIRS,n,2.0NRT,305.85,5.83,D,VIIRS_NOAA20_NRT,,0,,,New / No Local History
17.86949,77.8414,335.67,0.42,0.38,2026-10-09,801,N20,VIIRS,l,2.0NRT,306.94,5.83,D,VIIRS_NOAA20_NRT,,0,,,New / No Local History
15.089,79.48175,341.75,0.58,0.52,2026-10-09,739,N,VIIRS,n,2.0NRT,300.01,5.8,D,VIIRS_SNPP_NRT,6.38,1,0.3757824707142128,-9.090909090909092,Single Historical Detection
25.09668,77.6992,347.97,0.39,0.36,2026-10-09,801,N20,VIIRS,n,2.0NRT,312.42,5.78,D,VIIRS_NOAA20_NRT,,0,,,New / No Local History
22.79551,86.20732,331.25,0.38,0.36,2026-10-09,2010,N,VIIRS,n,2.0NRT,294.1,5.75,N,VIIRS_SNPP_NRT,2.479821428571428,56,0.01413706472430503,131.87153452869595,Abnormal Increase
24.88454,76.83132,338.71,0.44,0.63,2026-10-09,845,N21,VIIRS,n,2.0NRT,305.33,5.73,D,VIIRS_NOAA21_NRT,,0,,,New / No Local History
23.92008,76.0633,341.24,0.43,0.38,2026-10-09,801,N20,VIIRS,l,2.0NRT,315.38,5.73,D,VIIRS_NOAA20_NRT,,0,,,New / No Local History
23.92353,76.06261,355.62,0.43,0.38,2026-10-09,801,N20,VIIRS,l,2.0NRT,313.29,5.73,D,VIIRS_NOAA20_NRT,,0,,,New / No Local History
22.05184,88.10558,313.7,0.33,0.55,2026-10-09,2027,N20,VIIRS,n,2.0NRT,293.3,5.73,N,VIIRS_NOAA20_NRT,4.527333333333333,15,0.012658095800579573,26.564570755411594,Persistent / Stable
22.05251,88.10247,367.0,0.33,0.55,2026-10-09,2027,N20,VIIRS,h,2.0NRT,292.86,5.73,N,VIIRS_NOAA20_NRT,5.483333333333333,6,0.33290997909033,4.498480243161101,Persistent / Stable
15.49285,79.50608,334.31,0.57,0.52,2026-10-09,739,N,VIIRS,n,2.0NRT,300.39,5.73,D,VIIRS_SNPP_NRT,,0,,,New / No Local History
31.36053,75.1779,341.42,0.41,0.6,2026-10-09,848,N21,VIIRS,n,2.0NRT,295.34,5.69,D,VIIRS_NOAA21_NRT,,0,,,New / No Local History
24.82645,82.71897,344.9,0.42,0.38,2026-10-09,741,N,VIIRS,n,2.0NRT,295.19,5.69,D,VIIRS_SNPP_NRT,,0,,,New / No Local History
20.9672,85.15199,331.91,0.42,0.45,2026-10-09,758,N20,VIIRS,l,2.0NRT,304.17,5.68,D,VIIRS_NOAA20_NRT,3.3625423728813564,59,0.01369756052826131,68.91980442562627,Abnormal Increase
24.88596,76.84876,345.3,0.44,0.63,2026-10-09,845,N21,VIIRS,n,2.0NRT,307.18,5.66,D,VIIRS_NOAA21_NRT,,0,,,New / No Local History
24.89172,76.84814,341.58,0.44,0.63,2026-10-09,845,N21,VIIRS,n,2.0NRT,307.67,5.66,D,VIIRS_NOAA21_NRT,,0,,,New / No Local History
15.13343,78.22253,340.15,0.42,0.61,2026-10-09,841,N21,VIIRS,n,2.0NRT,300.5,5.65,D,VIIRS_NOAA21_NRT,,0,,,New / No Local History
23.98297,76.02174,351.5,0.43,0.38,2026-10-09,801,N20,VIIRS,n,2.0NRT,312.0,5.58,D,VIIRS_NOAA20_NRT,,0,,,New / No Local History
20.96905,85.17601,325.58,0.45,0.47,2026-10-09,1932,N21,VIIRS,n,2.0NRT,288.81,5.55,N,VIIRS_NOAA21_NRT,3.5795412844036694,109,0.008354295591926172,55.04779967706386,Abnormal Increase
30.63045,76.11915,344.84,0.39,0.36,2026-10-09,801,N20,VIIRS,n,2.0NRT,298.78,5.55,D,VIIRS_NOAA20_NRT,,0,,,New / No Local History
21.10426,72.64156,323.81,0.44,0.46,2026-10-09,2029,N20,VIIRS,n,2.0NRT,296.73,5.55,N,VIIRS_NOAA20_NRT,4.8750967741935485,155,0.019838049853445214,13.843893917738601,Persistent / Stable
21.10476,72.63731,313.6,0.44,0.46,2026-10-09,2029,N20,VIIRS,n,2.0NRT,297.49,5.55,N,VIIRS_NOAA20_NRT,4.8750967741935485,155,0.011062527863065875,13.843893917738601,Persistent / Stable
27.83783,77.5553,340.48,0.53,0.67,2026-10-09,845,N21,VIIRS,n,2.0NRT,299.26,5.53,D,VIIRS_NOAA21_NRT,,0,,,New / No Local History
24.81326,76.99034,333.26,0.4,0.37,2026-10-09,801,N20,VIIRS,l,2.0NRT,304.37,5.51,D,VIIRS_NOAA20_NRT,,0,,,New / No Local History
17.20741,80.93478,339.02,0.48,0.4,2026-10-09,2010,N,VIIRS,n,2.0NRT,293.39,5.47,N,VIIRS_SNPP_NRT,,0,,,New / No Local History
15.57686,78.23232,331.71,0.43,0.38,2026-10-09,758,N20,VIIRS,l,2.0NRT,306.43,5.46,D,VIIRS_NOAA20_NRT,,0,,,New / No Local History
24.87966,76.85677,345.32,0.4,0.37,2026-10-09,801,N20,VIIRS,n,2.0NRT,313.27,5.46,D,VIIRS_NOAA20_NRT,,0,,,New / No Local History
20.97773,85.13439,332.02,0.42,0.45,2026-10-09,758,N20,VIIRS,l,2.0NRT,305.79,5.44,D,VIIRS_NOAA20_NRT,3.1350000000000002,20,0.018814527575521538,73.52472089314195,Abnormal Increase
19.16139,75.67605,342.17,0.32,0.54,2026-10-09,843,N21,VIIRS,n,2.0NRT,307.06,5.43,D,VIIRS_NOAA21_NRT,,0,,,New / No Local History
15.27683,76.12785,333.24,0.61,0.53,2026-10-09,843,N21,VIIRS,l,2.0NRT,303.46,5.41,D,VIIRS_NOAA21_NRT,,0,,,New / No Local History
23.60505,70.39185,337.3,0.51,0.41,2026-10-09,845,N21,VIIRS,n,2.0NRT,310.38,5.41,D,VIIRS_NOAA21_NRT,,0,,,New / No Local History
30.49698,74.40901,335.91,0.42,0.38,2026-10-09,803,N20,VIIRS,n,2.0NRT,303.2,5.41,D,VIIRS_NOAA20_NRT,,0,,,New / No Local History
30.49773,74.41333,351.42,0.42,0.38,2026-10-09,803,N20,VIIRS,n,2.0NRT,302.54,5.41,D,VIIRS_NOAA20_NRT,,0,,,New / No Local History
23.93248,76.05222,345.3,0.43,0.38,2026-10-09,801,N20,VIIRS,n,2.0NRT,310.65,5.4,D,VIIRS_NOAA20_NRT,,0,,,New / No Local History
25.0954,76.37598,338.35,0.59,0.53,2026-10-09,741,N,VIIRS,l,2.0NRT,311.18,5.4,D,VIIRS_SNPP_NRT,,0,,,New / No Local History
22.59623,76.94864,337.26,0.61,0.53,2026-10-09,741,N,VIIRS,n,2.0NRT,305.96,5.38,D,VIIRS_SNPP_NRT,,0,,,New / No Local History
26.31614,72.89567,347.24,0.45,0.63,2026-10-09,741,N,VIIRS,n,2.0NRT,307.97,5.35,D,VIIRS_SNPP_NRT,1.355,2,0.6026783642904915,294.83394833948336,Abnormal Increase
20.96188,85.18792,323.51,0.38,0.36,2026-10-09,2010,N,VIIRS,n,2.0NRT,294.69,5.31,N,VIIRS_SNPP_NRT,3.679302325581395,86,0.01931956281028888,44.32083939068327,Persistent / Stable
21.1034,72.64405,332.44,0.46,0.47,2026-10-09,2114,N21,VIIRS,n,2.0NRT,298.66,5.3,N,VIIRS_NOAA21_NRT,4.8750967741935485,155,0.02178677202051417,8.715790588110735,Persistent / Stable
18.68582,73.02986,313.61,0.39,0.44,2026-10-09,2029,N20,VIIRS,n,2.0NRT,295.6,5.29,N,VIIRS_NOAA20_NRT,2.326458333333333,48,0.005794855574835442,127.38425718635267,Abnormal Increase
18.68132,73.03297,310.26,0.39,0.44,2026-10-09,2029,N20,VIIRS,n,2.0NRT,295.64,5.28,N,VIIRS_NOAA20_NRT,2.2831999999999995,50,0.009561293699277702,131.25437981779965,Abnormal Increase
21.081,85.03297,335.75,0.44,0.46,2026-10-09,2029,N20,VIIRS,n,2.0NRT,294.64,5.25,N,VIIRS_NOAA20_NRT,2.44,20,0.01380676580674043,115.16393442622952,Abnormal Increase
24.54492,77.13178,343.61,0.46,0.64,2026-10-09,845,N21,VIIRS,n,2.0NRT,305.06,5.23,D,VIIRS_NOAA21_NRT,,0,,,New / No Local History
15.8676,77.77016,332.37,0.4,0.6,2026-10-09,843,N21,VIIRS,l,2.0NRT,302.89,5.22,D,VIIRS_NOAA21_NRT,,0,,,New / No Local History
15.24808,76.24329,330.58,0.62,0.54,2026-10-09,841,N21,VIIRS,n,2.0NRT,301.29,5.21,D,VIIRS_NOAA21_NRT,,0,,,New / No Local History
11.65159,79.11847,347.4,0.36,0.57,2026-10-09,737,N,VIIRS,n,2.0NRT,296.52,5.21,D,VIIRS_SNPP_NRT,4.74,1,1.091214697972344,9.915611814345986,Single Historical Detection
21.76306,76.47203,347.74,0.39,0.59,2026-10-09,843,N21,VIIRS,n,2.0NRT,306.33,5.2,D,VIIRS_NOAA21_NRT,,0,,,New / No Local History
22.53738,77.14268,330.58,0.44,0.62,2026-10-09,843,N21,VIIRS,l,2.0NRT,302.31,5.2,D,VIIRS_NOAA21_NRT,,0,,,New / No Local History
14.33833,78.99612,338.98,0.41,0.37,2026-10-09,758,N20,VIIRS,l,2.0NRT,310.25,5.19,D,VIIRS_NOAA20_NRT,,0,,,New / No Local History
14.34174,78.99557,336.56,0.41,0.37,2026-10-09,758,N20,VIIRS,l,2.0NRT,308.83,5.19,D,VIIRS_NOAA20_NRT,,0,,,New / No Local History
18.87094,78.5568,345.15,0.4,0.37,2026-10-09,801,N20,VIIRS,n,2.0NRT,305.65,5.17,D,VIIRS_NOAA20_NRT,,0,,,New / No Local History
27.95674,77.76517,335.73,0.38,0.36,2026-10-09,801,N20,VIIRS,n,2.0NRT,301.46,5.17,D,VIIRS_NOAA20_NRT,,0,,,New / No Local History
23.67775,86.39565,333.09,0.39,0.36,2026-10-09,739,N,VIIRS,n,2.0NRT,302.84,5.17,D,VIIRS_SNPP_NRT,3.0147826086956515,92,0.008249885898817056,71.48831843092015,Abnormal Increase
23.67831,86.39948,338.46,0.39,0.36,2026-10-09,739,N,VIIRS,n,2.0NRT,305.29,5.17,D,VIIRS_SNPP_NRT,3.0147826086956515,92,0.005245646629176561,71.48831843092015,Abnormal Increase
27.34558,71.0909,330.23,0.54,0.68,2026-10-09,744,N,VIIRS,l,2.0NRT,304.63,5.17,D,VIIRS_SNPP_NRT,,0,,,New / No Local History
21.92484,83.34154,331.46,0.51,0.41,2026-10-09,758,N20,VIIRS,l,2.0NRT,302.28,5.15,D,VIIRS_NOAA20_NRT,2.8140740740740737,27,0.0180299084541519,83.00868649644647,Abnormal Increase
21.24984,79.20771,330.16,0.58,0.7,2026-10-09,843,N21,VIIRS,l,2.0NRT,301.86,5.13,D,VIIRS_NOAA21_NRT,1.19375,8,0.05286535342241302,329.73821989528795,Abnormal Increase
16.85668,80.79887,338.34,0.39,0.36,2026-10-09,758,N20,VIIRS,n,2.0NRT,308.32,5.12,D,VIIRS_NOAA20_NRT,5.17,1,0.5863606241756724,-0.9671179883945807,Single Historical Detection
16.85722,80.80247,333.23,0.39,0.36,2026-10-09,758,N20,VIIRS,n,2.0NRT,302.4,5.12,D,VIIRS_NOAA20_NRT,5.17,1,0.969457382329864,-0.9671179883945807,Single Historical Detection
24.77683,76.94922,335.17,0.45,0.63,2026-10-09,845,N21,VIIRS,l,2.0NRT,306.51,5.11,D,VIIRS_NOAA21_NRT,,0,,,New / No Local History
24.99921,73.20454,349.86,0.62,0.71,2026-10-09,922,N,VIIRS,n,2.0NRT,305.13,5.08,D,VIIRS_SNPP_NRT,,0,,,New / No Local History
14.88235,78.90759,336.46,0.41,0.37,2026-10-09,758,N20,VIIRS,l,2.0NRT,310.91,5.07,D,VIIRS_NOAA20_NRT,,0,,,New / No Local History
17.05309,77.27092,367.0,0.37,0.58,2026-10-09,739,N,VIIRS,h,2.0NRT,308.04,5.07,D,VIIRS_SNPP_NRT,,0,,,New / No Local History
14.0835,78.11726,341.43,0.37,0.58,2026-10-09,737,N,VIIRS,n,2.0NRT,300.55,5.06,D,VIIRS_SNPP_NRT,,0,,,New / No Local History
24.89808,76.93446,337.56,0.55,0.51,2026-10-09,741,N,VIIRS,l,2.0NRT,309.31,5.04,D,VIIRS_SNPP_NRT,,0,,,New / No Local History
25.11063,76.33945,338.81,0.41,0.61,2026-10-09,845,N21,VIIRS,l,2.0NRT,310.45,5.02,D,VIIRS_NOAA21_NRT,,0,,,New / No Local History
21.33681,78.97038,337.81,0.38,0.36,2026-10-09,758,N20,VIIRS,l,2.0NRT,309.76,5.02,D,VIIRS_NOAA20_NRT,1.755384615384615,13,0.009149978435629189,185.97721297107802,Abnormal Increase
24.68091,77.07972,337.14,0.4,0.37,2026-10-09,801,N20,VIIRS,l,2.0NRT,311.51,5.0,D,VIIRS_NOAA20_NRT,,0,,,New / No Local History
25.18557,76.30797,336.89,0.41,0.61,2026-10-09,845,N21,VIIRS,l,2.0NRT,310.41,4.99,D,VIIRS_NOAA21_NRT,,0,,,New / No Local History
25.03982,76.63579,335.92,0.43,0.62,2026-10-09,845,N21,VIIRS,n,2.0NRT,307.06,4.98,D,VIIRS_NOAA21_NRT,,0,,,New / No Local History
10.54811,77.78306,333.22,0.34,0.56,2026-10-09,841,N21,VIIRS,n,2.0NRT,296.64,4.94,D,VIIRS_NOAA21_NRT,1.86,1,1.3179351184817116,165.59139784946234,Abnormal Increase
22.04181,83.7262,331.98,0.53,0.42,2026-10-09,758,N20,VIIRS,l,2.0NRT,303.08,4.94,D,VIIRS_NOAA20_NRT,1.5490000000000002,10,0.17323527670581265,218.91542930923174,Abnormal Increase
18.84957,77.79569,338.27,0.42,0.37,2026-10-09,801,N20,VIIRS,l,2.0NRT,310.33,4.91,D,VIIRS_NOAA20_NRT,,0,,,New / No Local History
30.41209,74.20074,347.84,0.43,0.38,2026-10-09,803,N20,VIIRS,n,2.0NRT,300.49,4.91,D,VIIRS_NOAA20_NRT,,0,,,New / No Local History
30.41285,74.20514,340.3,0.43,0.38,2026-10-09,803,N20,VIIRS,n,2.0NRT,299.86,4.91,D,VIIRS_NOAA20_NRT,,0,,,New / No Local History
27.78198,77.47862,337.72,0.45,0.47,2026-10-09,741,N,VIIRS,n,2.0NRT,305.22,4.89,D,VIIRS_SNPP_NRT,,0,,,New / No Local History
11.65285,79.11995,340.73,0.36,0.57,2026-10-09,737,N,VIIRS,n,2.0NRT,296.25,4.87,D,VIIRS_SNPP_NRT,4.74,1,0.9300393197445994,2.742616033755272,Single Historical Detection
20.80725,85.25605,334.3,0.39,0.36,2026-10-09,739,N,VIIRS,n,2.0NRT,303.91,4.87,D,VIIRS_SNPP_NRT,4.153833333333335,60,0.004428127566124143,17.241102595995628,Persistent / Stable
15.01083,78.60719,337.03,0.45,0.63,2026-10-09,841,N21,VIIRS,n,2.0NRT,300.11,4.86,D,VIIRS_NOAA21_NRT,,0,,,New / No Local History
22.74829,77.27174,336.94,0.45,0.63,2026-10-09,843,N21,VIIRS,n,2.0NRT,304.19,4.86,D,VIIRS_NOAA21_NRT,,0,,,New / No Local History
22.04867,88.10258,332.51,0.42,0.38,2026-10-09,2010,N,VIIRS,n,2.0NRT,295.22,4.85,N,VIIRS_SNPP_NRT,5.483333333333333,6,0.32157221908466227,-11.550151975683898,Persistent / Stable
14.78758,76.7845,340.12,0.33,0.55,2026-10-09,841,N21,VIIRS,n,2.0NRT,303.1,4.84,D,VIIRS_NOAA21_NRT,2.35,1,1.5377568232816954,105.95744680851062,Abnormal Increase
21.85795,75.79467,334.34,0.35,0.57,2026-10-09,843,N21,VIIRS,l,2.0NRT,308.16,4.84,D,VIIRS_NOAA21_NRT,,0,,,New / No Local History
22.74687,77.325,335.34,0.45,0.63,2026-10-09,843,N21,VIIRS,n,2.0NRT,300.87,4.84,D,VIIRS_NOAA21_NRT,,0,,,New / No Local History
20.96513,85.18548,331.19,0.39,0.36,2026-10-09,739,N,VIIRS,l,2.0NRT,304.73,4.83,D,VIIRS_SNPP_NRT,3.614158415841584,101,0.033462025309953555,33.64107059693725,Persistent / Stable
15.64751,77.91013,337.65,0.44,0.38,2026-10-09,758,N20,VIIRS,l,2.0NRT,309.37,4.81,D,VIIRS_NOAA20_NRT,,0,,,New / No Local History
15.13549,78.48153,335.17,0.34,0.56,2026-10-09,739,N,VIIRS,n,2.0NRT,302.17,4.78,D,VIIRS_SNPP_NRT,,0,,,New / No Local History
24.65905,77.7509,338.11,0.5,0.66,2026-10-09,845,N21,VIIRS,n,2.0NRT,301.88,4.76,D,VIIRS_NOAA21_NRT,,0,,,New / No Local History
24.86719,76.92777,343.29,0.4,0.37,2026-10-09,801,N20,VIIRS,n,2.0NRT,313.08,4.76,D,VIIRS_NOAA20_NRT,,0,,,New / No Local History
23.80429,86.32854,326.22,0.41,0.45,2026-10-09,1932,N21,VIIRS,n,2.0NRT,294.58,4.75,N,VIIRS_NOAA21_NRT,2.4138596491228084,57,0.016297143920305728,96.78028926520813,Abnormal Increase
20.96428,85.17976,307.68,0.45,0.47,2026-10-09,1932,N21,VIIRS,n,2.0NRT,286.51,4.72,N,VIIRS_NOAA21_NRT,3.5795412844036694,109,0.19013538053826615,31.860471076710155,Persistent / Stable
15.71674,75.94494,336.89,0.55,0.43,2026-10-09,758,N20,VIIRS,l,2.0NRT,308.28,4.71,D,VIIRS_NOAA20_NRT,,0,,,New / No Local History
27.34135,71.09218,338.26,0.54,0.68,2026-10-09,744,N,VIIRS,n,2.0NRT,306.35,4.71,D,VIIRS_SNPP_NRT,,0,,,New / No Local History
23.73738,86.43294,333.69,0.55,0.43,2026-10-09,703,N21,VIIRS,n,2.0NRT,295.58,4.7,D,VIIRS_NOAA21_NRT,2.262828282828283,99,0.002059301162414318,107.70466922596198,Abnormal Increase
23.78195,86.20942,333.0,0.46,0.47,2026-10-09,2027,N20,VIIRS,n,2.0NRT,293.34,4.7,N,VIIRS_NOAA20_NRT,3.051874999999999,48,0.009176269751316937,54.003686258447736,Abnormal Increase
27.53614,77.48404,335.39,0.38,0.36,2026-10-09,801,N20,VIIRS,l,2.0NRT,305.85,4.69,D,VIIRS_NOAA20_NRT,,0,,,New / No Local History
19.74516,81.53111,336.49,0.41,0.37,2026-10-09,801,N20,VIIRS,n,2.0NRT,303.64,4.68,D,VIIRS_NOAA20_NRT,,0,,,New / No Local History
15.86287,78.48014,334.75,0.42,0.38,2026-10-09,758,N20,VIIRS,l,2.0NRT,307.75,4.67,D,VIIRS_NOAA20_NRT,,0,,,New / No Local History
21.10215,72.64703,328.83,0.58,0.7,2026-10-09,2010,N,VIIRS,n,2.0NRT,294.36,4.66,N,VIIRS_SNPP_NRT,4.8750967741935485,155,0.007794715838482808,-4.412153935736593,Persistent / Stable
21.10263,72.64125,318.35,0.58,0.7,2026-10-09,2010,N,VIIRS,n,2.0NRT,294.36,4.66,N,VIIRS_SNPP_NRT,4.8750967741935485,155,0.013575022567320025,-4.412153935736593,Persistent / Stable
15.60297,78.1642,337.37,0.35,0.57,2026-10-09,739,N,VIIRS,n,2.0NRT,301.53,4.65,D,VIIRS_SNPP_NRT,,0,,,New / No Local History
25.22681,77.38107,336.2,0.48,0.65,2026-10-09,845,N21,VIIRS,n,2.0NRT,306.32,4.63,D,VIIRS_NOAA21_NRT,,0,,,New / No Local History
18.89543,77.87897,330.66,0.63,0.54,2026-10-09,739,N,VIIRS,l,2.0NRT,305.4,4.62,D,VIIRS_SNPP_NRT,,0,,,New / No Local History
18.61263,74.41547,344.51,0.41,0.45,2026-10-09,801,N20,VIIRS,n,2.0NRT,307.99,4.59,D,VIIRS_NOAA20_NRT,,0,,,New / No Local History
24.9015,76.83614,332.62,0.56,0.51,2026-10-09,741,N,VIIRS,l,2.0NRT,306.4,4.59,D,VIIRS_SNPP_NRT,,0,,,New / No Local History
26.92358,78.99445,333.1,0.39,0.36,2026-10-09,801,N20,VIIRS,n,2.0NRT,300.54,4.58,D,VIIRS_NOAA20_NRT,,0,,,New / No Local History
14.87895,78.90817,338.23,0.41,0.37,2026-10-09,758,N20,VIIRS,l,2.0NRT,311.24,4.56,D,VIIRS_NOAA20_NRT,,0,,,New / No Local History
21.10851,72.64216,316.98,0.44,0.46,2026-10-09,2029,N20,VIIRS,n,2.0NRT,298.07,4.56,N,VIIRS_NOAA20_NRT,4.8750967741935485,155,0.007951733888455633,-6.46339526758775,Persistent / Stable
24.8358,76.6002,335.83,0.58,0.52,2026-10-09,741,N,VIIRS,l,2.0NRT,309.64,4.56,D,VIIRS_SNPP_NRT,,0,,,New / No Local History
22.04858,88.10083,310.65,0.47,0.4,2026-10-09,1932,N21,VIIRS,n,2.0NRT,294.75,4.55,N,VIIRS_NOAA21_NRT,3.7699999999999996,3,0.5019255692165675,20.6896551724138,Persistent / Stable
22.05221,88.10137,332.64,0.47,0.4,2026-10-09,1932,N21,VIIRS,n,2.0NRT,294.46,4.55,N,VIIRS_NOAA21_NRT,3.42,4,0.4462662582493037,33.040935672514614,Persistent / Stable
23.64698,85.4399,332.86,0.42,0.45,2026-10-09,703,N21,VIIRS,n,2.0NRT,297.97,4.53,D,VIIRS_NOAA21_NRT,3.0220454545454554,44,0.0037612482631331273,49.898473339851066,Persistent / Stable
23.65031,85.43504,328.99,0.42,0.45,2026-10-09,703,N21,VIIRS,n,2.0NRT,297.56,4.53,D,VIIRS_NOAA21_NRT,3.0220454545454554,44,0.03569530115409644,49.898473339851066,Persistent / Stable
21.75527,83.84466,335.2,0.41,0.37,2026-10-09,739,N,VIIRS,l,2.0NRT,307.41,4.52,D,VIIRS_SNPP_NRT,4.736385542168675,83,0.012060859162305754,-4.568579568579578,Persistent / Stable
21.92127,83.34795,335.09,0.42,0.38,2026-10-09,739,N,VIIRS,l,2.0NRT,305.14,4.52,D,VIIRS_SNPP_NRT,2.8140740740740737,27,0.07942957895146968,60.621216109502505,Abnormal Increase
21.0306,75.57033,337.31,0.33,0.55,2026-10-09,843,N21,VIIRS,n,2.0NRT,307.96,4.51,D,VIIRS_NOAA21_NRT,,0,,,New / No Local History
24.8781,76.57812,338.66,0.43,0.62,2026-10-09,845,N21,VIIRS,n,2.0NRT,307.73,4.51,D,VIIRS_NOAA21_NRT,,0,,,New / No Local History
22.41675,69.0392,330.32,0.43,0.38,2026-10-09,2114,N21,VIIRS,n,2.0NRT,298.63,4.51,N,VIIRS_NOAA21_NRT,1.8337500000000002,8,0.028787414387954537,145.9441036128152,Abnormal Increase
21.67887,84.0403,330.11,0.41,0.37,2026-10-09,739,N,VIIRS,l,2.0NRT,303.11,4.5,D,VIIRS_SNPP_NRT,2.826315789473685,19,0.007552606523258688,59.21787709497204,Abnormal Increase
21.07785,85.03938,335.91,0.39,0.36,2026-10-09,739,N,VIIRS,n,2.0NRT,305.86,4.48,D,VIIRS_SNPP_NRT,2.44,20,0.008342269841658296,83.6065573770492,Abnormal Increase
21.07845,85.04311,331.93,0.39,0.36,2026-10-09,739,N,VIIRS,l,2.0NRT,304.54,4.48,D,VIIRS_SNPP_NRT,2.44,20,0.004774165250389565,83.6065573770492,Abnormal Increase
22.33902,75.73129,336.31,0.46,0.39,2026-10-09,758,N20,VIIRS,l,2.0NRT,310.99,4.45,D,VIIRS_NOAA20_NRT,,0,,,New / No Local History
22.33978,75.73566,336.1,0.46,0.39,2026-10-09,758,N20,VIIRS,l,2.0NRT,309.78,4.45,D,VIIRS_NOAA20_NRT,,0,,,New / No Local History
23.08477,77.36283,333.8,0.46,0.63,2026-10-09,845,N21,VIIRS,n,2.0NRT,302.07,4.42,D,VIIRS_NOAA21_NRT,,0,,,New / No Local History
23.92827,76.02736,348.79,0.43,0.38,2026-10-09,801,N20,VIIRS,n,2.0NRT,311.79,4.41,D,VIIRS_NOAA20_NRT,,0,,,New / No Local History
23.92897,76.03152,346.15,0.43,0.38,2026-10-09,801,N20,VIIRS,n,2.0NRT,311.79,4.41,D,VIIRS_NOAA20_NRT,,0,,,New / No Local History
23.93172,76.02664,356.38,0.43,0.38,2026-10-09,801,N20,VIIRS,l,2.0NRT,311.86,4.41,D,VIIRS_NOAA20_NRT,,0,,,New / No Local History
23.93242,76.03081,340.73,0.43,0.38,2026-10-09,801,N20,VIIRS,n,2.0NRT,311.08,4.41,D,VIIRS_NOAA20_NRT,,0,,,New / No Local History
13.16123,80.28312,341.99,0.37,0.58,2026-10-09,1936,N21,VIIRS,n,2.0NRT,284.3,4.4,N,VIIRS_NOAA21_NRT,2.2899999999999996,6,0.05089018612179775,92.13973799126643,Abnormal Increase
24.66017,77.74811,332.81,0.51,0.66,2026-10-09,845,N21,VIIRS,n,2.0NRT,301.88,4.36,D,VIIRS_NOAA21_NRT,,0,,,New / No Local History
30.02763,74.18507,339.57,0.43,0.38,2026-10-09,801,N20,VIIRS,n,2.0NRT,305.08,4.35,D,VIIRS_NOAA20_NRT,,0,,,New / No Local History
17.122,80.65379,330.17,0.45,0.47,2026-10-09,739,N,VIIRS,n,2.0NRT,299.55,4.33,D,VIIRS_SNPP_NRT,,0,,,New / No Local History
14.39723,78.49338,343.47,0.43,0.38,2026-10-09,758,N20,VIIRS,n,2.0NRT,311.17,4.31,D,VIIRS_NOAA20_NRT,,0,,,New / No Local History
22.05212,88.10327,332.15,0.42,0.38,2026-10-09,2010,N,VIIRS,n,2.0NRT,294.89,4.28,N,VIIRS_SNPP_NRT,4.885714285714285,7,0.2504587507535761,-12.397660818713437,Persistent / Stable
15.42102,75.31313,332.33,0.41,0.45,2026-10-09,758,N20,VIIRS,l,2.0NRT,305.58,4.26,D,VIIRS_NOAA20_NRT,,0,,,New / No Local History
20.96286,85.18613,332.87,0.39,0.36,2026-10-09,739,N,VIIRS,n,2.0NRT,302.0,4.24,D,VIIRS_SNPP_NRT,3.6178,100,0.02285901798723993,17.198297307756107,Persistent / Stable
23.6767,86.08734,336.44,0.39,0.36,2026-10-09,739,N,VIIRS,n,2.0NRT,301.17,4.23,D,VIIRS_SNPP_NRT,2.3926666666666665,90,0.00965842009905851,76.79019225410981,Abnormal Increase
23.68002,86.08676,335.51,0.39,0.36,2026-10-09,739,N,VIIRS,n,2.0NRT,299.88,4.23,D,VIIRS_SNPP_NRT,2.426593406593407,91,0.012040514166949309,74.31844941581377,Abnormal Increase
22.03947,83.73012,319.03,0.57,0.52,2026-10-09,1932,N21,VIIRS,n,2.0NRT,293.23,4.22,N,VIIRS_NOAA21_NRT,1.5490000000000002,10,0.0206159505833124,172.43382827630725,Abnormal Increase
19.09464,82.17029,331.09,0.44,0.38,2026-10-09,2010,N,VIIRS,n,2.0NRT,295.04,4.21,N,VIIRS_SNPP_NRT,2.2891666666666666,36,0.03335488480573994,83.90971969421187,Abnormal Increase
24.90041,76.94138,337.73,0.4,0.37,2026-10-09,801,N20,VIIRS,l,2.0NRT,311.32,4.2,D,VIIRS_NOAA20_NRT,,0,,,New / No Local History
12.14168,77.10117,328.92,0.48,0.64,2026-10-09,737,N,VIIRS,n,2.0NRT,287.73,4.2,D,VIIRS_SNPP_NRT,,0,,,New / No Local History
11.83969,78.84879,332.9,0.44,0.38,2026-10-09,758,N20,VIIRS,l,2.0NRT,300.37,4.19,D,VIIRS_NOAA20_NRT,,0,,,New / No Local History
14.33835,78.99428,339.39,0.32,0.55,2026-10-09,737,N,VIIRS,n,2.0NRT,303.91,4.19,D,VIIRS_SNPP_NRT,,0,,,New / No Local History
14.51025,77.07372,334.68,0.5,0.41,2026-10-09,758,N20,VIIRS,l,2.0NRT,306.21,4.18,D,VIIRS_NOAA20_NRT,,0,,,New / No Local History
23.93108,76.04395,346.54,0.43,0.38,2026-10-09,801,N20,VIIRS,n,2.0NRT,310.96,4.17,D,VIIRS_NOAA20_NRT,,0,,,New / No Local History
23.93178,76.04809,352.17,0.43,0.38,2026-10-09,801,N20,VIIRS,n,2.0NRT,310.96,4.17,D,VIIRS_NOAA20_NRT,,0,,,New / No Local History
23.93452,76.04323,352.8,0.43,0.38,2026-10-09,801,N20,VIIRS,n,2.0NRT,310.86,4.17,D,VIIRS_NOAA20_NRT,,0,,,New / No Local History
23.93522,76.04737,344.85,0.43,0.38,2026-10-09,801,N20,VIIRS,n,2.0NRT,311.23,4.17,D,VIIRS_NOAA20_NRT,,0,,,New / No Local History
18.86325,77.84853,332.03,0.63,0.54,2026-10-09,739,N,VIIRS,l,2.0NRT,305.52,4.16,D,VIIRS_SNPP_NRT,,0,,,New / No Local History
26.36593,77.72144,335.31,0.52,0.67,2026-10-09,845,N21,VIIRS,n,2.0NRT,304.71,4.15,D,VIIRS_NOAA21_NRT,,0,,,New / No Local History
14.08498,78.1169,337.93,0.45,0.39,2026-10-09,758,N20,VIIRS,n,2.0NRT,304.92,4.13,D,VIIRS_NOAA20_NRT,,0,,,New / No Local History
23.69233,85.37093,329.6,0.46,0.47,2026-10-09,758,N20,VIIRS,n,2.0NRT,295.67,4.13,D,VIIRS_NOAA20_NRT,1.4726315789473683,19,0.023256110278243432,180.45032165832743,Abnormal Increase
30.02418,74.18587,342.97,0.43,0.38,2026-10-09,801,N20,VIIRS,n,2.0NRT,305.71,4.1,D,VIIRS_NOAA20_NRT,,0,,,New / No Local History
30.02495,74.19028,343.74,0.43,0.38,2026-10-09,801,N20,VIIRS,n,2.0NRT,304.38,4.1,D,VIIRS_NOAA20_NRT,,0,,,New / No Local History
17.11003,80.75656,342.19,0.45,0.47,2026-10-09,739,N,VIIRS,n,2.0NRT,302.3,4.1,D,VIIRS_SNPP_NRT,,0,,,New / No Local History
17.61116,83.20502,333.23,0.45,0.39,2026-10-09,801,N20,VIIRS,l,2.0NRT,304.76,4.09,D,VIIRS_NOAA20_NRT,2.7028571428571433,35,0.03295621427153473,51.32135306553908,Abnormal Increase
30.41105,74.20264,336.85,0.43,0.38,2026-10-09,803,N20,VIIRS,n,2.0NRT,299.24,4.09,D,VIIRS_NOAA20_NRT,,0,,,New / No Local History
30.41183,74.20702,336.35,0.43,0.38,2026-10-09,803,N20,VIIRS,n,2.0NRT,299.9,4.09,D,VIIRS_NOAA20_NRT,,0,,,New / No Local History
31.16676,74.52377,334.53,0.56,0.52,2026-10-09,744,N,VIIRS,n,2.0NRT,297.08,4.09,D,VIIRS_SNPP_NRT,,0,,,New / No Local History
9.90939,77.54888,344.07,0.32,0.55,2026-10-09,841,N21,VIIRS,n,2.0NRT,297.03,4.08,D,VIIRS_NOAA21_NRT,4.17,1,1.2782849127734879,-2.158273381294961,Single Historical Detection
25.0945,76.34944,335.58,0.42,0.61,2026-10-09,845,N21,VIIRS,l,2.0NRT,310.04,4.07,D,VIIRS_NOAA21_NRT,,0,,,New / No Local History
22.36504,87.01586,310.88,0.54,0.42,2026-10-09,1932,N21,VIIRS,n,2.0NRT,293.4,4.07,N,VIIRS_NOAA21_NRT,1.3695833333333332,24,0.012488403041865841,197.17067234560398,Abnormal Increase
26.82212,75.62856,334.55,0.6,0.53,2026-10-09,741,N,VIIRS,n,2.0NRT,306.17,4.06,D,VIIRS_SNPP_NRT,,0,,,New / No Local History
15.18118,76.66595,319.08,0.54,0.51,2026-10-09,2012,N,VIIRS,n,2.0NRT,290.74,4.06,N,VIIRS_SNPP_NRT,2.4463876651982392,227,0.004418661673686869,65.95897934561421,Abnormal Increase
24.86637,76.14645,338.34,0.4,0.6,2026-10-09,845,N21,VIIRS,n,2.0NRT,309.31,4.05,D,VIIRS_NOAA21_NRT,,0,,,New / No Local History
24.82232,82.71555,338.24,0.42,0.38,2026-10-09,741,N,VIIRS,n,2.0NRT,296.9,4.05,D,VIIRS_SNPP_NRT,,0,,,New / No Local History
22.33851,69.85506,310.52,0.47,0.39,2026-10-09,2114,N21,VIIRS,n,2.0NRT,300.43,4.03,N,VIIRS_NOAA21_NRT,3.7053846153846157,13,0.0041448344220120295,8.760639402117496,Persistent / Stable
21.24795,79.20879,339.12,0.38,0.36,2026-10-09,758,N20,VIIRS,n,2.0NRT,306.91,4.03,D,VIIRS_NOAA20_NRT,1.19375,8,0.09024537629161275,237.59162303664922,Abnormal Increase
20.9704,85.15532,317.56,0.38,0.36,2026-10-09,2010,N,VIIRS,n,2.0NRT,293.77,4.03,N,VIIRS_SNPP_NRT,3.333076923076924,78,0.010108548269436562,20.909300715439624,Persistent / Stable
22.54084,76.35213,335.2,0.39,0.59,2026-10-09,843,N21,VIIRS,n,2.0NRT,304.46,4.02,D,VIIRS_NOAA21_NRT,,0,,,New / No Local History
23.66563,87.15751,321.16,0.53,0.5,2026-10-09,2027,N20,VIIRS,n,2.0NRT,291.84,4.02,N,VIIRS_NOAA20_NRT,2.5206666666666666,30,0.04224183434209926,59.481618619412835,Abnormal Increase
15.27854,76.12398,330.72,0.61,0.53,2026-10-09,843,N21,VIIRS,l,2.0NRT,304.81,4.01,D,VIIRS_NOAA21_NRT,,0,,,New / No Local History
15.20912,78.15508,344.8,0.44,0.38,2026-10-09,758,N20,VIIRS,n,2.0NRT,307.9,4.0,D,VIIRS_NOAA20_NRT,,0,,,New / No Local History
21.07252,79.1085,340.52,0.38,0.36,2026-10-09,758,N20,VIIRS,n,2.0NRT,305.82,4.0,D,VIIRS_NOAA20_NRT,,0,,,New / No Local History
20.96708,85.15473,313.91,0.38,0.36,2026-10-09,2010,N,VIIRS,n,2.0NRT,293.73,4.0,N,VIIRS_SNPP_NRT,3.3272727272727285,77,0.0026005615591570483,20.218579234972633,Persistent / Stable
28.09158,77.55655,335.09,0.53,0.67,2026-10-09,845,N21,VIIRS,n,2.0NRT,299.98,3.99,D,VIIRS_NOAA21_NRT,,0,,,New / No Local History
18.086,78.78559,332.29,0.57,0.52,2026-10-09,739,N,VIIRS,n,2.0NRT,300.63,3.99,D,VIIRS_SNPP_NRT,,0,,,New / No Local History
21.85709,75.79756,333.87,0.35,0.57,2026-10-09,843,N21,VIIRS,l,2.0NRT,307.4,3.97,D,VIIRS_NOAA21_NRT,,0,,,New / No Local History
13.72615,77.34806,330.09,0.49,0.4,2026-10-09,758,N20,VIIRS,l,2.0NRT,304.28,3.97,D,VIIRS_NOAA20_NRT,,0,,,New / No Local History
20.86335,84.98953,333.65,0.39,0.36,2026-10-09,739,N,VIIRS,n,2.0NRT,302.65,3.97,D,VIIRS_SNPP_NRT,3.015394736842105,76,0.019952345853544575,31.65772134223505,Persistent / Stable
21.76337,83.85122,330.39,0.41,0.37,2026-10-09,739,N,VIIRS,l,2.0NRT,304.93,3.97,D,VIIRS_SNPP_NRT,4.770121951219512,82,0.0010783669652181364,-16.773616259746888,Persistent / Stable
20.96246,85.18423,312.02,0.38,0.36,2026-10-09,2010,N,VIIRS,n,2.0NRT,293.3,3.97,N,VIIRS_SNPP_NRT,3.602980769230769,104,0.006611279200945468,10.186544260895108,Persistent / Stable
10.86604,78.00025,337.3,0.36,0.57,2026-10-09,841,N21,VIIRS,n,2.0NRT,296.63,3.96,D,VIIRS_NOAA21_NRT,,0,,,New / No Local History
22.53934,76.35476,331.19,0.39,0.59,2026-10-09,843,N21,VIIRS,l,2.0NRT,304.28,3.96,D,VIIRS_NOAA21_NRT,,0,,,New / No Local History
17.51865,74.92819,342.28,0.4,0.44,2026-10-09,801,N20,VIIRS,n,2.0NRT,306.96,3.96,D,VIIRS_NOAA20_NRT,,0,,,New / No Local History
16.81087,80.83022,338.2,0.45,0.47,2026-10-09,739,N,VIIRS,n,2.0NRT,299.73,3.96,D,VIIRS_SNPP_NRT,,0,,,New / No Local History
14.47181,77.44184,340.56,0.41,0.6,2026-10-09,739,N,VIIRS,n,2.0NRT,298.02,3.95,D,VIIRS_SNPP_NRT,,0,,,New / No Local History
21.10461,72.63602,315.28,0.54,0.68,2026-10-09,2150,N,VIIRS,n,2.0NRT,294.6,3.93,N,VIIRS_SNPP_NRT,4.8750967741935485,155,0.0034031594797086233,-19.38621565824996,Persistent / Stable
24.53018,77.75185,338.97,0.39,0.36,2026-10-09,801,N20,VIIRS,n,2.0NRT,308.59,3.92,D,VIIRS_NOAA20_NRT,,0,,,New / No Local History
25.13871,77.68371,335.32,0.39,0.36,2026-10-09,801,N20,VIIRS,l,2.0NRT,307.59,3.92,D,VIIRS_NOAA20_NRT,,0,,,New / No Local History
30.29186,74.128,339.15,0.43,0.38,2026-10-09,801,N20,VIIRS,n,2.0NRT,300.21,3.91,D,VIIRS_NOAA20_NRT,1.27,2,1.7277768153734847,207.87401574803147,Abnormal Increase
30.29265,74.13241,349.17,0.43,0.38,2026-10-09,801,N20,VIIRS,n,2.0NRT,302.3,3.91,D,VIIRS_NOAA20_NRT,,0,,,New / No Local History
14.34339,78.99339,339.47,0.32,0.55,2026-10-09,737,N,VIIRS,n,2.0NRT,300.88,3.9,D,VIIRS_SNPP_NRT,,0,,,New / No Local History
20.97664,85.17194,336.53,0.39,0.36,2026-10-09,739,N,VIIRS,n,2.0NRT,303.75,3.9,D,VIIRS_SNPP_NRT,3.547457627118643,118,0.021951459339075306,9.937888198757799,Persistent / Stable
24.22542,77.80473,336.32,0.39,0.36,2026-10-09,801,N20,VIIRS,l,2.0NRT,309.84,3.89,D,VIIRS_NOAA20_NRT,,0,,,New / No Local History
17.48763,76.04834,342.89,0.44,0.62,2026-10-09,739,N,VIIRS,n,2.0NRT,301.82,3.89,D,VIIRS_SNPP_NRT,,0,,,New / No Local History
23.6868,87.12216,314.21,0.56,0.43,2026-10-09,1932,N21,VIIRS,n,2.0NRT,292.9,3.88,N,VIIRS_NOAA21_NRT,2.839636363636363,55,0.002076927109261108,36.63721347163533,Persistent / Stable
23.63326,76.95926,338.58,0.4,0.37,2026-10-09,801,N20,VIIRS,l,2.0NRT,311.36,3.88,D,VIIRS_NOAA20_NRT,,0,,,New / No Local History
25.07983,76.36101,337.36,0.42,0.61,2026-10-09,845,N21,VIIRS,l,2.0NRT,311.07,3.86,D,VIIRS_NOAA21_NRT,,0,,,New / No Local History
21.98104,75.66154,336.78,0.47,0.4,2026-10-09,758,N20,VIIRS,n,2.0NRT,311.12,3.86,D,VIIRS_NOAA20_NRT,,0,,,New / No Local History
23.64989,85.43922,330.64,0.38,0.36,2026-10-09,739,N,VIIRS,n,2.0NRT,296.62,3.86,D,VIIRS_SNPP_NRT,3.0220454545454554,44,0.0041156282502367615,27.728058960667777,Persistent / Stable
16.87223,80.02042,310.69,0.53,0.42,2026-10-09,2010,N,VIIRS,n,2.0NRT,297.09,3.86,N,VIIRS_SNPP_NRT,1.9516666666666664,6,0.020360393124750763,97.77967549103333,Abnormal Increase
14.67217,77.47622,333.88,0.4,0.6,2026-10-09,739,N,VIIRS,n,2.0NRT,300.03,3.84,D,VIIRS_SNPP_NRT,,0,,,New / No Local History
16.45129,79.57571,334.88,0.39,0.36,2026-10-09,758,N20,VIIRS,l,2.0NRT,308.64,3.82,D,VIIRS_NOAA20_NRT,3.64,2,1.3588591747195229,4.945054945054937,Persistent / Stable
20.96412,86.00563,335.48,0.4,0.44,2026-10-09,1932,N21,VIIRS,n,2.0NRT,294.09,3.81,N,VIIRS_NOAA21_NRT,3.830652173913042,46,0.025087588742093714,-0.5391294478179025,Persistent / Stable
10.67668,77.43552,332.34,0.54,0.42,2026-10-09,758,N20,VIIRS,n,2.0NRT,300.57,3.81,D,VIIRS_NOAA20_NRT,,0,,,New / No Local History
23.66517,87.15935,331.33,0.41,0.37,2026-10-09,739,N,VIIRS,n,2.0NRT,296.25,3.81,D,VIIRS_SNPP_NRT,2.5206666666666666,30,0.025471134055341363,51.15048928854801,Abnormal Increase
15.52519,73.99418,330.23,0.44,0.46,2026-10-09,843,N21,VIIRS,l,2.0NRT,302.47,3.8,D,VIIRS_NOAA21_NRT,0.58,1,0.44676803032019746,555.1724137931035,Abnormal Increase
15.46874,78.53988,338.29,0.42,0.38,2026-10-09,758,N20,VIIRS,n,2.0NRT,306.44,3.8,D,VIIRS_NOAA20_NRT,,0,,,New / No Local History
22.038,83.35239,331.59,0.51,0.41,2026-10-09,758,N20,VIIRS,l,2.0NRT,304.22,3.78,D,VIIRS_NOAA20_NRT,1.5653846153846156,13,0.012592988003800749,141.47420147420144,Abnormal Increase
16.85338,80.79942,336.01,0.39,0.36,2026-10-09,758,N20,VIIRS,n,2.0NRT,304.76,3.77,D,VIIRS_NOAA20_NRT,5.17,1,0.6449465353388032,-27.079303675048354,Single Historical Detection
31.16788,74.52734,330.63,0.56,0.52,2026-10-09,744,N,VIIRS,n,2.0NRT,296.82,3.76,D,VIIRS_SNPP_NRT,,0,,,New / No Local History
20.97717,85.13379,309.65,0.38,0.36,2026-10-09,2010,N,VIIRS,n,2.0NRT,294.84,3.76,N,VIIRS_SNPP_NRT,3.1350000000000002,20,0.03617386457313039,19.936204146730446,Persistent / Stable
21.91835,83.35249,318.72,0.6,0.53,2026-10-09,1932,N21,VIIRS,n,2.0NRT,295.26,3.75,N,VIIRS_NOAA21_NRT,2.8140740740740737,27,0.03133403239457368,33.258752303237706,Persistent / Stable
23.78228,86.20901,335.66,0.39,0.36,2026-10-09,741,N,VIIRS,n,2.0NRT,302.83,3.75,D,VIIRS_SNPP_NRT,3.051874999999999,48,0.007553288545345714,22.875281589187015,Persistent / Stable
23.49679,77.35411,340.9,0.4,0.37,2026-10-09,801,N20,VIIRS,n,2.0NRT,312.22,3.74,D,VIIRS_NOAA20_NRT,,0,,,New / No Local History
23.94138,76.02038,347.97,0.43,0.38,2026-10-09,801,N20,VIIRS,n,2.0NRT,313.65,3.73,D,VIIRS_NOAA20_NRT,,0,,,New / No Local History
23.76423,86.39307,312.18,0.41,0.45,2026-10-09,1932,N21,VIIRS,n,2.0NRT,293.55,3.71,N,VIIRS_NOAA21_NRT,2.2241216216216215,148,0.01182914443250341,66.8074247349394,Abnormal Increase
23.69207,87.11195,308.56,0.56,0.43,2026-10-09,1932,N21,VIIRS,n,2.0NRT,292.69,3.7,N,VIIRS_NOAA21_NRT,2.650307692307692,65,0.009450574249646673,39.60643176409129,Persistent / Stable
18.20294,83.8286,334.62,0.49,0.4,2026-10-09,801,N20,VIIRS,n,2.0NRT,305.04,3.7,D,VIIRS_NOAA20_NRT,,0,,,New / No Local History
23.80411,86.33006,338.25,0.47,0.48,2026-10-09,2027,N20,VIIRS,n,2.0NRT,293.86,3.7,N,VIIRS_NOAA20_NRT,2.3396721311475424,61,0.010196229407734058,58.14181614349767,Abnormal Increase
23.80502,86.32558,307.38,0.47,0.48,2026-10-09,2027,N20,VIIRS,n,2.0NRT,291.78,3.7,N,VIIRS_NOAA20_NRT,2.474705882352941,51,0.014425883796479378,49.5127169004041,Persistent / Stable
18.05621,83.59431,333.39,0.47,0.4,2026-10-09,801,N20,VIIRS,n,2.0NRT,301.2,3.68,D,VIIRS_NOAA20_NRT,,0,,,New / No Local History
23.92066,76.0246,337.58,0.43,0.38,2026-10-09,801,N20,VIIRS,l,2.0NRT,309.4,3.64,D,VIIRS_NOAA20_NRT,,0,,,New / No Local History
23.9234,76.01972,344.58,0.43,0.38,2026-10-09,801,N20,VIIRS,n,2.0NRT,311.0,3.64,D,VIIRS_NOAA20_NRT,,0,,,New / No Local History
23.92411,76.0239,355.45,0.43,0.38,2026-10-09,801,N20,VIIRS,l,2.0NRT,312.24,3.64,D,VIIRS_NOAA20_NRT,,0,,,New / No Local History
20.97,85.17314,331.93,0.39,0.36,2026-10-09,739,N,VIIRS,l,2.0NRT,302.57,3.64,D,VIIRS_SNPP_NRT,3.5599137931034472,116,0.010080460104231203,2.2496670299068016,Persistent / Stable
20.97059,85.17686,344.59,0.39,0.36,2026-10-09,739,N,VIIRS,n,2.0NRT,305.44,3.64,D,VIIRS_SNPP_NRT,3.5795412844036694,109,0.005267698088846193,1.6890073557680123,Persistent / Stable
24.67719,94.13687,336.67,0.44,0.39,2026-10-09,703,N21,VIIRS,n,2.0NRT,293.28,3.63,D,VIIRS_NOAA21_NRT,,0,,,New / No Local History
28.18244,77.61843,343.61,0.38,0.36,2026-10-09,801,N20,VIIRS,n,2.0NRT,304.57,3.63,D,VIIRS_NOAA20_NRT,,0,,,New / No Local History
21.74783,83.84203,335.74,0.41,0.37,2026-10-09,739,N,VIIRS,l,2.0NRT,306.59,3.63,D,VIIRS_SNPP_NRT,4.736385542168675,83,0.007232234780355379,-23.35927960927961,Persistent / Stable
27.46284,70.56245,325.56,0.44,0.38,2026-10-09,2112,N21,VIIRS,n,2.0NRT,297.49,3.62,N,VIIRS_NOAA21_NRT,,0,,,New / No Local History
30.27977,74.12952,343.56,0.43,0.38,2026-10-09,801,N20,VIIRS,n,2.0NRT,301.91,3.62,D,VIIRS_NOAA20_NRT,,0,,,New / No Local History
30.28322,74.12872,347.63,0.43,0.38,2026-10-09,801,N20,VIIRS,n,2.0NRT,302.5,3.62,D,VIIRS_NOAA20_NRT,,0,,,New / No Local History
20.86668,84.98895,329.99,0.39,0.36,2026-10-09,739,N,VIIRS,l,2.0NRT,304.11,3.62,D,VIIRS_SNPP_NRT,3.015394736842105,76,0.005282365758834988,20.050617445564452,Persistent / Stable
24.83399,82.72169,335.01,0.42,0.38,2026-10-09,741,N,VIIRS,n,2.0NRT,296.77,3.61,D,VIIRS_SNPP_NRT,,0,,,New / No Local History
21.25006,79.20593,314.59,0.6,0.71,2026-10-09,2114,N21,VIIRS,n,2.0NRT,293.45,3.6,N,VIIRS_NOAA21_NRT,1.19375,8,0.017867970484097672,201.5706806282722,Abnormal Increase
23.92277,76.03706,344.1,0.43,0.38,2026-10-09,801,N20,VIIRS,n,2.0NRT,311.12,3.6,D,VIIRS_NOAA20_NRT,,0,,,New / No Local History
23.92347,76.04121,352.12,0.43,0.38,2026-10-09,801,N20,VIIRS,n,2.0NRT,310.47,3.6,D,VIIRS_NOAA20_NRT,,0,,,New / No Local History
23.92692,76.0405,345.52,0.43,0.38,2026-10-09,801,N20,VIIRS,n,2.0NRT,310.79,3.6,D,VIIRS_NOAA20_NRT,,0,,,New / No Local History
23.48187,87.36095,319.5,0.54,0.42,2026-10-09,1932,N21,VIIRS,n,2.0NRT,293.37,3.59,N,VIIRS_NOAA21_NRT,2.2,5,0.17746387448852802,63.18181818181816,Abnormal Increase
20.98049,85.13437,308.7,0.38,0.36,2026-10-09,2010,N,VIIRS,n,2.0NRT,294.05,3.58,N,VIIRS_SNPP_NRT,3.1350000000000002,20,0.0182388481221165,14.194577352472082,Persistent / Stable
14.48912,77.64484,338.39,0.38,0.58,2026-10-09,841,N21,VIIRS,n,2.0NRT,302.46,3.57,D,VIIRS_NOAA21_NRT,,0,,,New / No Local History
21.67797,84.03901,315.83,0.54,0.51,2026-10-09,1932,N21,VIIRS,n,2.0NRT,293.9,3.57,N,VIIRS_NOAA21_NRT,2.826315789473685,19,0.01652973218381265,26.312849162011144,Persistent / Stable
11.78899,79.44904,334.53,0.42,0.38,2026-10-09,758,N20,VIIRS,n,2.0NRT,299.01,3.57,D,VIIRS_NOAA20_NRT,,0,,,New / No Local History
15.43801,80.04292,334.33,0.53,0.5,2026-10-09,739,N,VIIRS,n,2.0NRT,300.19,3.57,D,VIIRS_SNPP_NRT,,0,,,New / No Local History
23.73565,86.43294,332.97,0.38,0.36,2026-10-09,2008,N,VIIRS,n,2.0NRT,294.38,3.57,N,VIIRS_SNPP_NRT,2.262828282828283,99,0.004195027979811895,57.767163646103015,Abnormal Increase
23.73896,86.43356,329.76,0.38,0.36,2026-10-09,2008,N,VIIRS,n,2.0NRT,294.93,3.57,N,VIIRS_SNPP_NRT,2.317319587628866,97,0.015478138093519299,54.0573004715722,Abnormal Increase
21.03027,75.56715,340.53,0.33,0.55,2026-10-09,843,N21,VIIRS,n,2.0NRT,308.05,3.56,D,VIIRS_NOAA21_NRT,,0,,,New / No Local History
23.90896,76.03985,346.93,0.43,0.38,2026-10-09,801,N20,VIIRS,n,2.0NRT,310.12,3.56,D,VIIRS_NOAA20_NRT,,0,,,New / No Local History
23.91241,76.03915,345.02,0.43,0.38,2026-10-09,801,N20,VIIRS,n,2.0NRT,309.64,3.56,D,VIIRS_NOAA20_NRT,,0,,,New / No Local History
21.10867,72.64767,306.93,0.58,0.7,2026-10-09,2010,N,VIIRS,n,2.0NRT,295.04,3.56,N,VIIRS_SNPP_NRT,4.8750967741935485,155,0.007655892835984578,-26.975808586099205,Persistent / Stable
21.10767,72.64503,312.25,0.46,0.47,2026-10-09,2114,N21,VIIRS,n,2.0NRT,297.93,3.54,N,VIIRS_NOAA21_NRT,4.8750967741935485,155,0.005217157633874365,-27.38605685246943,Persistent / Stable
20.96808,85.17008,308.11,0.38,0.36,2026-10-09,2010,N,VIIRS,n,2.0NRT,292.8,3.54,N,VIIRS_SNPP_NRT,3.5216666666666656,114,0.013694415687378668,0.5205868433507174,Persistent / Stable
21.1031,72.63546,308.1,0.58,0.7,2026-10-09,2010,N,VIIRS,n,2.0NRT,294.52,3.53,N,VIIRS_SNPP_NRT,4.870454545454545,154,0.00856920543682234,-27.5221651889874,Persistent / Stable
26.00403,93.69302,332.09,0.44,0.38,2026-10-09,703,N21,VIIRS,n,2.0NRT,292.9,3.52,D,VIIRS_NOAA21_NRT,,0,,,New / No Local History
15.2473,76.241,332.88,0.54,0.42,2026-10-09,758,N20,VIIRS,n,2.0NRT,303.6,3.52,D,VIIRS_NOAA20_NRT,,0,,,New / No Local History
23.91587,76.03846,343.77,0.43,0.38,2026-10-09,801,N20,VIIRS,n,2.0NRT,311.26,3.52,D,VIIRS_NOAA20_NRT,,0,,,New / No Local History
23.91657,76.0426,348.1,0.43,0.38,2026-10-09,801,N20,VIIRS,n,2.0NRT,312.1,3.52,D,VIIRS_NOAA20_NRT,,0,,,New / No Local History
23.91932,76.03777,351.73,0.43,0.38,2026-10-09,801,N20,VIIRS,n,2.0NRT,311.07,3.52,D,VIIRS_NOAA20_NRT,,0,,,New / No Local History
23.92002,76.0419,352.0,0.43,0.38,2026-10-09,801,N20,VIIRS,n,2.0NRT,310.19,3.52,D,VIIRS_NOAA20_NRT,,0,,,New / No Local History
15.17774,76.65524,312.83,0.54,0.51,2026-10-09,2012,N,VIIRS,n,2.0NRT,290.88,3.52,N,VIIRS_SNPP_NRT,2.618469945355192,183,0.006937075997711469,34.429650653199175,Persistent / Stable
25.09841,77.75361,336.88,0.39,0.36,2026-10-09,801,N20,VIIRS,l,2.0NRT,311.43,3.51,D,VIIRS_NOAA20_NRT,,0,,,New / No Local History
26.01976,78.06023,341.2,0.38,0.36,2026-10-09,801,N20,VIIRS,n,2.0NRT,314.7,3.51,D,VIIRS_NOAA20_NRT,,0,,,New / No Local History
26.92515,78.99802,333.23,0.38,0.43,2026-10-09,741,N,VIIRS,n,2.0NRT,299.85,3.51,D,VIIRS_SNPP_NRT,,0,,,New / No Local History
22.54041,76.35395,336.51,0.43,0.38,2026-10-09,758,N20,VIIRS,n,2.0NRT,310.24,3.5,D,VIIRS_NOAA20_NRT,,0,,,New / No Local History
30.3529,74.20999,339.26,0.43,0.38,2026-10-09,803,N20,VIIRS,n,2.0NRT,304.88,3.5,D,VIIRS_NOAA20_NRT,6.85,1,1.9325600193284413,-48.90510948905109,Single Historical Detection
14.37363,78.37104,339.19,0.44,0.38,2026-10-09,758,N20,VIIRS,l,2.0NRT,309.71,3.49,D,VIIRS_NOAA20_NRT,,0,,,New / No Local History
25.08718,76.38089,337.36,0.42,0.61,2026-10-09,845,N21,VIIRS,l,2.0NRT,310.68,3.48,D,VIIRS_NOAA21_NRT,,0,,,New / No Local History
19.10455,77.72227,335.54,0.42,0.37,2026-10-09,801,N20,VIIRS,l,2.0NRT,306.1,3.48,D,VIIRS_NOAA20_NRT,,0,,,New / No Local History
22.0382,83.73043,314.38,0.53,0.42,2026-10-09,2027,N20,VIIRS,n,2.0NRT,295.2,3.48,N,VIIRS_NOAA20_NRT,1.5490000000000002,10,0.05261058890196359,124.66107165913489,Abnormal Increase
21.34961,81.66553,329.75,0.51,0.41,2026-10-09,739,N,VIIRS,l,2.0NRT,304.43,3.48,D,VIIRS_SNPP_NRT,2.450666666666667,15,0.03317417122659923,42.002176278563624,Persistent / Stable
20.95093,86.04615,319.65,0.4,0.44,2026-10-09,1932,N21,VIIRS,n,2.0NRT,293.55,3.47,N,VIIRS_NOAA21_NRT,3.456785714285715,28,0.0053297832514119375,0.382270895753678,Persistent / Stable
27.33375,83.66424,335.07,0.41,0.45,2026-10-09,801,N20,VIIRS,n,2.0NRT,296.36,3.47,D,VIIRS_NOAA20_NRT,,0,,,New / No Local History
22.50263,77.09869,334.5,0.43,0.62,2026-10-09,843,N21,VIIRS,n,2.0NRT,302.82,3.45,D,VIIRS_NOAA21_NRT,,0,,,New / No Local History
30.05833,74.19633,340.39,0.43,0.38,2026-10-09,801,N20,VIIRS,n,2.0NRT,303.73,3.44,D,VIIRS_NOAA20_NRT,,0,,,New / No Local History
30.05909,74.20073,352.75,0.43,0.38,2026-10-09,801,N20,VIIRS,n,2.0NRT,304.23,3.44,D,VIIRS_NOAA20_NRT,,0,,,New / No Local History
14.48677,77.6442,335.33,0.38,0.59,2026-10-09,841,N21,VIIRS,n,2.0NRT,301.74,3.43,D,VIIRS_NOAA21_NRT,,0,,,New / No Local History
15.27852,75.58244,330.45,0.52,0.67,2026-10-09,739,N,VIIRS,n,2.0NRT,299.22,3.43,D,VIIRS_SNPP_NRT,,0,,,New / No Local History
26.96423,76.26995,338.85,0.4,0.37,2026-10-09,801,N20,VIIRS,n,2.0NRT,313.48,3.41,D,VIIRS_NOAA20_NRT,,0,,,New / No Local History
21.25143,79.2102,330.86,0.47,0.48,2026-10-09,739,N,VIIRS,l,2.0NRT,305.03,3.41,D,VIIRS_SNPP_NRT,1.19375,8,0.056037053857662944,185.65445026178008,Abnormal Increase
22.63502,75.49263,337.56,0.38,0.58,2026-10-09,741,N,VIIRS,n,2.0NRT,307.46,3.4,D,VIIRS_SNPP_NRT,,0,,,New / No Local History
27.23868,81.20945,333.9,0.45,0.39,2026-10-09,741,N,VIIRS,n,2.0NRT,293.68,3.4,D,VIIRS_SNPP_NRT,,0,,,New / No Local History
23.65868,77.94216,341.64,0.39,0.36,2026-10-09,801,N20,VIIRS,n,2.0NRT,308.98,3.39,D,VIIRS_NOAA20_NRT,,0,,,New / No Local History
18.08702,78.78372,332.37,0.4,0.37,2026-10-09,801,N20,VIIRS,l,2.0NRT,303.6,3.38,D,VIIRS_NOAA20_NRT,,0,,,New / No Local History
18.08761,78.78742,334.07,0.4,0.37,2026-10-09,801,N20,VIIRS,n,2.0NRT,305.64,3.38,D,VIIRS_NOAA20_NRT,,0,,,New / No Local History
24.52688,77.75247,341.43,0.39,0.36,2026-10-09,801,N20,VIIRS,n,2.0NRT,312.15,3.38,D,VIIRS_NOAA20_NRT,,0,,,New / No Local History
23.76302,86.40434,339.32,0.39,0.36,2026-10-09,739,N,VIIRS,n,2.0NRT,298.26,3.36,D,VIIRS_SNPP_NRT,2.158924050632911,158,0.004050190256739743,55.6330802380464,Abnormal Increase
23.76636,86.40377,337.57,0.39,0.36,2026-10-09,739,N,VIIRS,n,2.0NRT,298.59,3.36,D,VIIRS_SNPP_NRT,2.158924050632911,158,0.009985710726519718,55.6330802380464,Abnormal Increase
30.63367,76.11694,331.01,0.47,0.48,2026-10-09,744,N,VIIRS,n,2.0NRT,295.14,3.35,D,VIIRS_SNPP_NRT,,0,,,New / No Local History
17.6315,77.91234,335.54,0.42,0.38,2026-10-09,801,N20,VIIRS,l,2.0NRT,310.14,3.34,D,VIIRS_NOAA20_NRT,5.42,1,0.12510019783407433,-38.37638376383764,Single Historical Detection
22.30277,77.00948,336.48,0.43,0.62,2026-10-09,843,N21,VIIRS,l,2.0NRT,306.87,3.33,D,VIIRS_NOAA21_NRT,,0,,,New / No Local History
22.82342,72.18227,336.16,0.47,0.48,2026-10-09,801,N20,VIIRS,n,2.0NRT,302.74,3.32,D,VIIRS_NOAA20_NRT,,0,,,New / No Local History
23.92136,76.02876,353.99,0.43,0.38,2026-10-09,801,N20,VIIRS,n,2.0NRT,311.23,3.32,D,VIIRS_NOAA20_NRT,,0,,,New / No Local History
23.92207,76.03291,344.56,0.43,0.38,2026-10-09,801,N20,VIIRS,n,2.0NRT,310.79,3.32,D,VIIRS_NOAA20_NRT,,0,,,New / No Local History
23.92482,76.02807,353.86,0.43,0.38,2026-10-09,801,N20,VIIRS,n,2.0NRT,312.15,3.32,D,VIIRS_NOAA20_NRT,,0,,,New / No Local History
23.92552,76.03222,344.07,0.43,0.38,2026-10-09,801,N20,VIIRS,n,2.0NRT,311.8,3.32,D,VIIRS_NOAA20_NRT,,0,,,New / No Local History
21.10825,72.6481,316.3,0.54,0.68,2026-10-09,2150,N,VIIRS,n,2.0NRT,295.71,3.32,N,VIIRS_SNPP_NRT,4.8750967741935485,155,0.0021038839770794273,-31.898787782541955,Persistent / Stable
14.95176,78.24088,334.35,0.43,0.38,2026-10-09,758,N20,VIIRS,l,2.0NRT,305.08,3.31,D,VIIRS_NOAA20_NRT,,0,,,New / No Local History
30.49432,74.41412,342.08,0.42,0.38,2026-10-09,803,N20,VIIRS,n,2.0NRT,301.0,3.3,D,VIIRS_NOAA20_NRT,,0,,,New / No Local History
22.98203,75.24624,341.66,0.33,0.56,2026-10-09,845,N21,VIIRS,n,2.0NRT,309.99,3.29,D,VIIRS_NOAA21_NRT,,0,,,New / No Local History
14.67265,77.47649,334.0,0.4,0.6,2026-10-09,739,N,VIIRS,n,2.0NRT,300.16,3.29,D,VIIRS_SNPP_NRT,,0,,,New / No Local History
18.39118,83.60672,332.7,0.45,0.39,2026-10-09,739,N,VIIRS,n,2.0NRT,302.25,3.29,D,VIIRS_SNPP_NRT,,0,,,New / No Local History
10.67802,77.43352,330.21,0.54,0.42,2026-10-09,758,N20,VIIRS,l,2.0NRT,300.4,3.28,D,VIIRS_NOAA20_NRT,,0,,,New / No Local History
21.19891,81.41774,334.99,0.53,0.42,2026-10-09,739,N,VIIRS,n,2.0NRT,306.49,3.28,D,VIIRS_SNPP_NRT,3.2122222222222216,9,0.013843506911086987,2.109996540989289,Persistent / Stable
22.37614,87.28114,331.79,0.4,0.37,2026-10-09,739,N,VIIRS,l,2.0NRT,302.14,3.28,D,VIIRS_SNPP_NRT,3.267956989247313,93,0.00974250319102346,0.36851803106076914,Persistent / Stable
22.37897,87.27669,333.1,0.4,0.37,2026-10-09,739,N,VIIRS,n,2.0NRT,299.99,3.28,D,VIIRS_SNPP_NRT,3.552676056338029,71,0.03087262162196356,-7.675229939739954,Persistent / Stable
22.37952,87.28059,331.94,0.4,0.37,2026-10-09,739,N,VIIRS,n,2.0NRT,300.43,3.28,D,VIIRS_SNPP_NRT,3.2993333333333346,90,0.005946638964127905,-0.5859769650434861,Persistent / Stable
21.12793,71.2125,330.21,0.53,0.42,2026-10-09,843,N21,VIIRS,l,2.0NRT,303.93,3.27,D,VIIRS_NOAA21_NRT,,0,,,New / No Local History
17.36543,80.6146,336.65,0.38,0.36,2026-10-09,801,N20,VIIRS,n,2.0NRT,306.15,3.25,D,VIIRS_NOAA20_NRT,,0,,,New / No Local History
23.80202,86.33228,325.21,0.38,0.36,2026-10-09,2008,N,VIIRS,n,2.0NRT,293.97,3.25,N,VIIRS_SNPP_NRT,2.2954411764705895,68,0.0036273193124092187,41.58498302261508,Persistent / Stable
23.80262,86.32853,335.62,0.38,0.36,2026-10-09,2008,N,VIIRS,n,2.0NRT,295.8,3.25,N,VIIRS_SNPP_NRT,2.4138596491228084,57,0.017467186811279893,34.639145286721345,Persistent / Stable
23.80215,86.32098,314.14,0.41,0.45,2026-10-09,1932,N21,VIIRS,n,2.0NRT,292.53,3.24,N,VIIRS_NOAA21_NRT,2.5570833333333334,48,0.019829878100100295,26.706860029330297,Persistent / Stable
21.79645,71.91798,337.47,0.4,0.44,2026-10-09,843,N21,VIIRS,l,2.0NRT,307.73,3.23,D,VIIRS_NOAA21_NRT,,0,,,New / No Local History
22.30457,77.00405,338.59,0.41,0.37,2026-10-09,758,N20,VIIRS,l,2.0NRT,311.52,3.23,D,VIIRS_NOAA20_NRT,,0,,,New / No Local History
20.96941,85.16943,330.56,0.39,0.36,2026-10-09,739,N,VIIRS,l,2.0NRT,305.35,3.22,D,VIIRS_SNPP_NRT,3.552894736842104,114,0.015214254484434473,-9.369676320272534,Persistent / Stable
20.96535,85.1658,308.66,0.38,0.36,2026-10-09,2010,N,VIIRS,n,2.0NRT,292.43,3.22,N,VIIRS_SNPP_NRT,3.424666666666666,105,0.0020789352347785773,-5.976250729998032,Persistent / Stable
25.07746,77.74976,339.22,0.39,0.36,2026-10-09,801,N20,VIIRS,n,2.0NRT,311.15,3.2,D,VIIRS_NOAA20_NRT,,0,,,New / No Local History
18.89898,78.75414,333.02,0.39,0.36,2026-10-09,801,N20,VIIRS,n,2.0NRT,302.58,3.19,D,VIIRS_NOAA20_NRT,,0,,,New / No Local History
21.07784,72.93939,331.97,0.45,0.47,2026-10-09,843,N21,VIIRS,n,2.0NRT,304.78,3.17,D,VIIRS_NOAA21_NRT,,0,,,New / No Local History
22.02855,83.3672,304.13,0.6,0.53,2026-10-09,1932,N21,VIIRS,n,2.0NRT,293.23,3.17,N,VIIRS_NOAA21_NRT,1.5653846153846156,13,0.3649816290995687,102.50614250614247,Abnormal Increase
17.51973,74.92843,341.81,0.52,0.67,2026-10-09,739,N,VIIRS,n,2.0NRT,301.51,3.17,D,VIIRS_SNPP_NRT,,0,,,New / No Local History
23.66268,87.15587,326.32,0.39,0.36,2026-10-09,2008,N,VIIRS,n,2.0NRT,294.01,3.17,N,VIIRS_SNPP_NRT,2.5206666666666666,30,0.01159607523030459,25.76038085162655,Persistent / Stable
22.37512,87.27759,309.38,0.4,0.37,2026-10-09,2010,N,VIIRS,n,2.0NRT,294.4,3.17,N,VIIRS_SNPP_NRT,3.552676056338029,71,0.005141746238318079,-10.77148747224867,Persistent / Stable
22.37848,87.27824,338.13,0.4,0.37,2026-10-09,2010,N,VIIRS,n,2.0NRT,297.66,3.17,N,VIIRS_SNPP_NRT,3.552676056338029,71,0.006863518708307224,-10.77148747224867,Persistent / Stable
15.18212,76.66708,321.08,0.39,0.36,2026-10-09,2032,N20,VIIRS,n,2.0NRT,288.7,3.16,N,VIIRS_NOAA20_NRT,2.4380701754385976,228,0.002903214508781986,29.610707346909354,Persistent / Stable
15.53488,78.96502,341.18,0.62,0.54,2026-10-09,739,N,VIIRS,n,2.0NRT,300.17,3.16,D,VIIRS_SNPP_NRT,,0,,,New / No Local History
20.97413,85.17494,309.85,0.38,0.36,2026-10-09,2010,N,VIIRS,n,2.0NRT,294.27,3.15,N,VIIRS_SNPP_NRT,3.5629999999999997,110,0.00982842995234365,-11.591355599214141,Persistent / Stable
23.71675,86.44289,314.23,0.41,0.45,2026-10-09,1932,N21,VIIRS,n,2.0NRT,292.45,3.14,N,VIIRS_NOAA21_NRT,2.508051948051947,77,0.010244609268914082,25.196768848384473,Persistent / Stable
23.79414,86.35256,319.05,0.41,0.45,2026-10-09,1932,N21,VIIRS,n,2.0NRT,292.6,3.14,N,VIIRS_NOAA21_NRT,1.9421818181818187,55,0.00727314610129845,61.67384384946636,Abnormal Increase
23.79873,86.34909,323.69,0.41,0.45,2026-10-09,1932,N21,VIIRS,n,2.0NRT,294.04,3.14,N,VIIRS_NOAA21_NRT,2.207534246575343,73,0.004696536547138978,42.24014892956869,Persistent / Stable
27.40897,70.82555,336.09,0.46,0.47,2026-10-09,801,N20,VIIRS,l,2.0NRT,308.91,3.13,D,VIIRS_NOAA20_NRT,4.51,1,0.6709399660305394,-30.598669623059866,Single Historical Detection
14.87436,78.05299,329.09,0.39,0.36,2026-10-09,2032,N20,VIIRS,n,2.0NRT,288.39,3.13,N,VIIRS_NOAA20_NRT,1.92,3,0.01311891313428937,63.020833333333336,Abnormal Increase
20.96336,85.17434,337.73,0.39,0.36,2026-10-09,739,N,VIIRS,n,2.0NRT,300.01,3.13,D,VIIRS_SNPP_NRT,3.549821428571428,112,0.018023106847583032,-11.826550631319467,Persistent / Stable
24.81886,73.09419,311.35,0.42,0.45,2026-10-09,2112,N21,VIIRS,n,2.0NRT,298.02,3.12,N,VIIRS_NOAA21_NRT,0.9616666666666668,6,0.08180906229187178,224.43674176776426,Abnormal Increase
20.96519,85.1885,310.03,0.38,0.36,2026-10-09,2010,N,VIIRS,n,2.0NRT,293.45,3.12,N,VIIRS_SNPP_NRT,3.6879518072289144,83,0.01899859675238361,-15.400196014374353,Persistent / Stable
22.25538,77.21824,330.47,0.44,0.62,2026-10-09,843,N21,VIIRS,l,2.0NRT,301.95,3.11,D,VIIRS_NOAA21_NRT,,0,,,New / No Local History
15.3106,75.14314,334.4,0.42,0.45,2026-10-09,758,N20,VIIRS,l,2.0NRT,307.84,3.11,D,VIIRS_NOAA20_NRT,,0,,,New / No Local History
28.13002,77.49683,332.58,0.38,0.36,2026-10-09,801,N20,VIIRS,l,2.0NRT,306.2,3.11,D,VIIRS_NOAA20_NRT,,0,,,New / No Local History
20.97034,86.02186,318.49,0.4,0.44,2026-10-09,1932,N21,VIIRS,n,2.0NRT,293.55,3.1,N,VIIRS_NOAA21_NRT,3.774374999999998,48,0.04674203673058693,-17.867196555721097,Persistent / Stable
23.91862,76.03362,342.99,0.43,0.38,2026-10-09,801,N20,VIIRS,n,2.0NRT,311.42,3.1,D,VIIRS_NOAA20_NRT,,0,,,New / No Local History
27.61706,77.61144,336.16,0.38,0.36,2026-10-09,801,N20,VIIRS,n,2.0NRT,306.86,3.1,D,VIIRS_NOAA20_NRT,,0,,,New / No Local History
21.10084,72.63435,318.71,0.46,0.47,2026-10-09,2114,N21,VIIRS,n,2.0NRT,297.43,3.09,N,VIIRS_NOAA21_NRT,4.870454545454545,154,0.008744172139806106,-36.55622958469436,Persistent / Stable
21.2485,79.20522,312.16,0.6,0.71,2026-10-09,2114,N21,VIIRS,n,2.0NRT,293.14,3.09,N,VIIRS_NOAA21_NRT,1.19375,8,0.042549335392419535,158.848167539267,Abnormal Increase
24.27736,78.33356,337.94,0.38,0.36,2026-10-09,801,N20,VIIRS,l,2.0NRT,308.24,3.09,D,VIIRS_NOAA20_NRT,,0,,,New / No Local History
26.42645,81.75437,335.98,0.44,0.38,2026-10-09,741,N,VIIRS,n,2.0NRT,297.07,3.09,D,VIIRS_SNPP_NRT,,0,,,New / No Local History
22.41859,69.04,306.97,0.61,0.53,2026-10-09,2150,N,VIIRS,n,2.0NRT,296.19,3.09,N,VIIRS_SNPP_NRT,1.8337500000000002,8,0.0026346890052002057,68.50715746421265,Abnormal Increase
22.74632,77.3241,330.96,0.45,0.63,2026-10-09,843,N21,VIIRS,n,2.0NRT,300.46,3.08,D,VIIRS_NOAA21_NRT,,0,,,New / No Local History
21.98576,83.23008,306.26,0.61,0.54,2026-10-09,1932,N21,VIIRS,n,2.0NRT,294.17,3.08,N,VIIRS_NOAA21_NRT,2.5444444444444443,9,0.024752411586307022,21.048034934497828,Persistent / Stable
23.71174,86.45023,318.39,0.4,0.45,2026-10-09,1932,N21,VIIRS,n,2.0NRT,293.0,3.08,N,VIIRS_NOAA21_NRT,2.5627272727272716,66,0.010349819856312973,20.184462575381396,Persistent / Stable
23.78107,86.39149,318.39,0.41,0.45,2026-10-09,1932,N21,VIIRS,n,2.0NRT,293.4,3.08,N,VIIRS_NOAA21_NRT,2.217785234899329,149,0.010589814487245868,38.87728854592222,Persistent / Stable
18.87854,78.20663,335.09,0.4,0.37,2026-10-09,801,N20,VIIRS,l,2.0NRT,308.5,3.08,D,VIIRS_NOAA20_NRT,,0,,,New / No Local History
24.89944,76.89324,342.75,0.4,0.37,2026-10-09,801,N20,VIIRS,n,2.0NRT,312.09,3.07,D,VIIRS_NOAA20_NRT,,0,,,New / No Local History
17.20696,80.93694,329.16,0.45,0.39,2026-10-09,2029,N20,VIIRS,n,2.0NRT,294.94,3.07,N,VIIRS_NOAA20_NRT,,0,,,New / No Local History
22.3672,87.30393,328.62,0.4,0.37,2026-10-09,2010,N,VIIRS,n,2.0NRT,293.73,3.07,N,VIIRS_SNPP_NRT,2.612115384615384,52,0.00853397937426937,17.529264521828768,Persistent / Stable
11.3321,79.70679,335.92,0.41,0.37,2026-10-09,758,N20,VIIRS,n,2.0NRT,302.85,3.06,D,VIIRS_NOAA20_NRT,,0,,,New / No Local History
21.18228,81.38284,318.71,0.5,0.41,2026-10-09,2010,N,VIIRS,n,2.0NRT,296.23,3.06,N,VIIRS_SNPP_NRT,2.7287500000000002,24,0.05702533461764139,12.13925790196976,Persistent / Stable
20.97789,85.17098,331.29,0.42,0.45,2026-10-09,758,N20,VIIRS,n,2.0NRT,300.78,3.05,D,VIIRS_NOAA20_NRT,3.5399999999999987,117,0.02413715649132406,-13.841807909604492,Persistent / Stable
15.41397,76.06026,334.46,0.55,0.43,2026-10-09,758,N20,VIIRS,l,2.0NRT,309.16,3.04,D,VIIRS_NOAA20_NRT,,0,,,New / No Local History
22.20246,75.57277,337.11,0.47,0.4,2026-10-09,758,N20,VIIRS,n,2.0NRT,308.99,3.03,D,VIIRS_NOAA20_NRT,,0,,,New / No Local History
17.78089,79.46923,331.03,0.39,0.36,2026-10-09,801,N20,VIIRS,l,2.0NRT,303.53,3.02,D,VIIRS_NOAA20_NRT,,0,,,New / No Local History
24.8229,77.73123,341.01,0.39,0.36,2026-10-09,801,N20,VIIRS,n,2.0NRT,308.7,3.01,D,VIIRS_NOAA20_NRT,,0,,,New / No Local History
30.4126,74.2114,337.57,0.43,0.38,2026-10-09,803,N20,VIIRS,n,2.0NRT,300.82,3.01,D,VIIRS_NOAA20_NRT,,0,,,New / No Local History
30.41604,74.2106,336.69,0.43,0.38,2026-10-09,803,N20,VIIRS,n,2.0NRT,299.75,3.01,D,VIIRS_NOAA20_NRT,,0,,,New / No Local History
14.87862,78.64906,333.17,0.45,0.63,2026-10-09,841,N21,VIIRS,n,2.0NRT,300.02,3.0,D,VIIRS_NOAA21_NRT,,0,,,New / No Local History
15.25632,75.14098,330.24,0.42,0.45,2026-10-09,758,N20,VIIRS,l,2.0NRT,303.0,3.0,D,VIIRS_NOAA20_NRT,4.15,1,0.7524550632036917,-27.710843373493983,Single Historical Detection
18.20363,83.8253,333.84,0.44,0.38,2026-10-09,739,N,VIIRS,n,2.0NRT,307.02,2.99,D,VIIRS_SNPP_NRT,,0,,,New / No Local History
27.6663,76.13183,307.78,0.56,0.52,2026-10-09,2112,N21,VIIRS,n,2.0NRT,294.95,2.97,N,VIIRS_NOAA21_NRT,0.9249999999999999,2,0.26001169287852,221.08108108108112,Abnormal Increase
22.03847,83.35229,318.13,0.51,0.41,2026-10-09,2027,N20,VIIRS,n,2.0NRT,296.08,2.96,N,VIIRS_NOAA20_NRT,1.5653846153846156,13,0.022722040490615613,89.09090909090907,Abnormal Increase
23.79515,86.35171,314.56,0.47,0.48,2026-10-09,2027,N20,VIIRS,n,2.0NRT,291.51,2.95,N,VIIRS_NOAA20_NRT,1.9833898305084752,59,0.00523198628207447,48.73525893009739,Persistent / Stable
23.64931,85.43549,330.66,0.38,0.36,2026-10-09,739,N,VIIRS,l,2.0NRT,300.71,2.95,D,VIIRS_SNPP_NRT,3.0220454545454554,44,0.008490934294977699,-2.3839963901632153,Persistent / Stable
28.25194,77.80888,333.98,0.38,0.36,2026-10-09,801,N20,VIIRS,n,2.0NRT,303.45,2.93,D,VIIRS_NOAA20_NRT,,0,,,New / No Local History
27.46328,70.55905,332.02,0.36,0.57,2026-10-09,2027,N20,VIIRS,n,2.0NRT,295.91,2.93,N,VIIRS_NOAA20_NRT,,0,,,New / No Local History
23.64812,85.43614,314.3,0.47,0.47,2026-10-09,1932,N21,VIIRS,n,2.0NRT,290.66,2.91,N,VIIRS_NOAA21_NRT,3.0220454545454554,44,0.02343825170145134,-3.707603218771173,Persistent / Stable
15.87229,80.59701,333.93,0.38,0.36,2026-10-09,758,N20,VIIRS,n,2.0NRT,302.27,2.91,D,VIIRS_NOAA20_NRT,,0,,,New / No Local History
20.95045,86.04668,328.46,0.39,0.36,2026-10-09,2010,N,VIIRS,n,2.0NRT,293.97,2.91,N,VIIRS_SNPP_NRT,3.456785714285715,28,0.0077738914071622655,-15.817749767537984,Persistent / Stable
18.88445,78.2641,331.92,0.4,0.37,2026-10-09,801,N20,VIIRS,n,2.0NRT,305.26,2.9,D,VIIRS_NOAA20_NRT,,0,,,New / No Local History
29.28274,74.97672,347.84,0.41,0.37,2026-10-09,801,N20,VIIRS,n,2.0NRT,313.12,2.9,D,VIIRS_NOAA20_NRT,,0,,,New / No Local History
29.28613,74.97597,343.2,0.41,0.37,2026-10-09,801,N20,VIIRS,l,2.0NRT,313.59,2.9,D,VIIRS_NOAA20_NRT,,0,,,New / No Local History
24.6901,73.00231,315.95,0.42,0.45,2026-10-09,2112,N21,VIIRS,n,2.0NRT,299.54,2.89,N,VIIRS_NOAA21_NRT,1.1736363636363636,11,0.023237194883957583,146.24322230828818,Abnormal Increase
22.31704,82.5596,316.44,0.46,0.39,2026-10-09,2027,N20,VIIRS,n,2.0NRT,297.57,2.89,N,VIIRS_NOAA20_NRT,1.9195,20,0.09464472117427056,50.560041677520196,Abnormal Increase
20.86579,84.99223,317.88,0.44,0.46,2026-10-09,2029,N20,VIIRS,n,2.0NRT,292.35,2.89,N,VIIRS_NOAA20_NRT,3.015394736842105,76,0.010591972972577798,-4.158484967491363,Persistent / Stable
15.02166,78.01534,308.84,0.44,0.46,2026-10-09,2012,N,VIIRS,n,2.0NRT,288.04,2.89,N,VIIRS_SNPP_NRT,1.760526315789474,19,0.0014216714662358822,64.15545590433481,Abnormal Increase
21.37341,76.27027,332.14,0.45,0.39,2026-10-09,758,N20,VIIRS,n,2.0NRT,306.18,2.88,D,VIIRS_NOAA20_NRT,,0,,,New / No Local History
22.42196,77.03078,340.21,0.43,0.62,2026-10-09,843,N21,VIIRS,n,2.0NRT,305.27,2.87,D,VIIRS_NOAA21_NRT,,0,,,New / No Local History
23.91037,76.04813,349.42,0.43,0.38,2026-10-09,801,N20,VIIRS,n,2.0NRT,308.44,2.87,D,VIIRS_NOAA20_NRT,,0,,,New / No Local History
23.91382,76.04743,338.04,0.43,0.38,2026-10-09,801,N20,VIIRS,n,2.0NRT,309.6,2.87,D,VIIRS_NOAA20_NRT,,0,,,New / No Local History
23.91452,76.05157,367.0,0.43,0.38,2026-10-09,801,N20,VIIRS,h,2.0NRT,312.02,2.87,D,VIIRS_NOAA20_NRT,,0,,,New / No Local History
18.86363,78.26949,333.21,0.6,0.53,2026-10-09,739,N,VIIRS,n,2.0NRT,301.23,2.86,D,VIIRS_SNPP_NRT,,0,,,New / No Local History
23.67621,86.40176,313.5,0.41,0.45,2026-10-09,1932,N21,VIIRS,n,2.0NRT,293.65,2.85,N,VIIRS_NOAA21_NRT,3.0147826086956515,92,0.003829765000136589,-5.465820594173613,Persistent / Stable
23.67669,86.39783,321.35,0.41,0.45,2026-10-09,1932,N21,VIIRS,n,2.0NRT,294.32,2.85,N,VIIRS_NOAA21_NRT,3.0147826086956515,92,0.006370001177591757,-5.465820594173613,Persistent / Stable
22.69766,77.34138,337.64,0.4,0.37,2026-10-09,758,N20,VIIRS,l,2.0NRT,310.6,2.85,D,VIIRS_NOAA20_NRT,,0,,,New / No Local History
30.28667,74.12791,342.18,0.43,0.38,2026-10-09,801,N20,VIIRS,n,2.0NRT,302.01,2.85,D,VIIRS_NOAA20_NRT,1.19,1,1.870065766610364,139.49579831932775,Abnormal Increase
30.29012,74.12711,342.14,0.43,0.38,2026-10-09,801,N20,VIIRS,n,2.0NRT,302.95,2.85,D,VIIRS_NOAA20_NRT,1.27,2,1.6424952767065926,124.40944881889764,Abnormal Increase
30.29089,74.13152,346.52,0.43,0.38,2026-10-09,801,N20,VIIRS,n,2.0NRT,301.92,2.85,D,VIIRS_NOAA20_NRT,,0,,,New / No Local History
17.47476,80.94402,340.94,0.43,0.46,2026-10-09,739,N,VIIRS,n,2.0NRT,301.63,2.85,D,VIIRS_SNPP_NRT,,0,,,New / No Local History
20.9781,85.17278,306.55,0.45,0.47,2026-10-09,1932,N21,VIIRS,n,2.0NRT,288.69,2.84,N,VIIRS_NOAA21_NRT,3.5596581196581183,117,0.00896621742562907,-20.21705724164423,Persistent / Stable
21.76104,84.0203,306.35,0.56,0.43,2026-10-09,2027,N20,VIIRS,n,2.0NRT,295.32,2.84,N,VIIRS_NOAA20_NRT,2.5425,24,0.010164250922342499,11.701081612586032,Persistent / Stable
23.80383,86.33259,318.1,0.41,0.45,2026-10-09,1932,N21,VIIRS,n,2.0NRT,292.8,2.83,N,VIIRS_NOAA21_NRT,2.301549295774649,71,0.009237521692220904,22.960651122942245,Persistent / Stable
21.10209,72.64641,315.45,0.54,0.68,2026-10-09,2150,N,VIIRS,n,2.0NRT,293.84,2.83,N,VIIRS_SNPP_NRT,4.8750967741935485,155,0.013448496333253433,-41.94987030861257,Persistent / Stable
23.70416,86.07194,319.0,0.46,0.47,2026-10-09,2027,N20,VIIRS,n,2.0NRT,291.16,2.82,N,VIIRS_NOAA20_NRT,2.2767272727272725,55,0.028767791799948504,23.86200287494011,Persistent / Stable
23.77766,86.20847,309.38,0.46,0.47,2026-10-09,2027,N20,VIIRS,n,2.0NRT,291.82,2.82,N,VIIRS_NOAA20_NRT,3.051874999999999,48,0.008343193744344043,-7.597788244931369,Persistent / Stable
21.98304,83.2309,308.78,0.61,0.54,2026-10-09,1932,N21,VIIRS,n,2.0NRT,294.29,2.8,N,VIIRS_NOAA21_NRT,2.5444444444444443,9,0.018576959257527465,10.043668122270741,Persistent / Stable
22.37705,87.27522,310.24,0.57,0.52,2026-10-09,2027,N20,VIIRS,n,2.0NRT,292.73,2.8,N,VIIRS_NOAA20_NRT,3.552676056338029,71,0.03282908179335655,-21.18617189977801,Persistent / Stable
23.70306,86.07043,324.59,0.45,0.47,2026-10-09,2027,N20,VIIRS,n,2.0NRT,291.01,2.79,N,VIIRS_NOAA20_NRT,2.2873584905660374,53,0.09241765841361411,21.974758723088367,Persistent / Stable
16.82152,74.91254,333.46,0.54,0.68,2026-10-09,739,N,VIIRS,n,2.0NRT,297.58,2.79,D,VIIRS_SNPP_NRT,,0,,,New / No Local History
23.66557,84.99768,306.54,0.5,0.49,2026-10-09,1932,N21,VIIRS,n,2.0NRT,290.58,2.78,N,VIIRS_NOAA21_NRT,1.2993333333333337,15,0.021913789386787993,113.95587480759357,Abnormal Increase
22.35585,82.30402,309.43,0.45,0.39,2026-10-09,2027,N20,VIIRS,n,2.0NRT,297.59,2.78,N,VIIRS_NOAA20_NRT,3.8262500000000004,24,0.012027810294436957,-27.344005227049994,Persistent / Stable
22.36016,82.3004,329.09,0.45,0.39,2026-10-09,2027,N20,VIIRS,n,2.0NRT,298.79,2.78,N,VIIRS_NOAA20_NRT,3.8262500000000004,24,0.002402641302595826,-27.344005227049994,Persistent / Stable
23.67629,86.0853,327.12,0.43,0.46,2026-10-09,1932,N21,VIIRS,n,2.0NRT,293.52,2.77,N,VIIRS_NOAA21_NRT,2.3926666666666665,90,0.00806162086846731,15.770409584842584,Persistent / Stable
23.68046,86.08585,308.03,0.43,0.46,2026-10-09,1932,N21,VIIRS,n,2.0NRT,291.48,2.77,N,VIIRS_NOAA21_NRT,2.426593406593407,91,0.03809925115242711,14.151797844398137,Persistent / Stable
23.79742,86.35205,323.4,0.41,0.45,2026-10-09,1932,N21,VIIRS,n,2.0NRT,293.05,2.77,N,VIIRS_NOAA21_NRT,1.9456140350877196,57,0.0019381281392734783,42.371505861136136,Persistent / Stable
23.79788,86.348,307.91,0.41,0.45,2026-10-09,1932,N21,VIIRS,n,2.0NRT,293.31,2.77,N,VIIRS_NOAA21_NRT,2.2552564102564108,78,0.005433085684143712,22.824171451310303,Persistent / Stable
15.17491,76.69163,320.23,0.39,0.36,2026-10-09,2032,N20,VIIRS,n,2.0NRT,290.2,2.77,N,VIIRS_NOAA20_NRT,1.9169999999999987,80,0.00656904688315328,44.496609285341776,Persistent / Stable
23.1735,75.48681,338.74,0.46,0.39,2026-10-09,801,N20,VIIRS,l,2.0NRT,312.69,2.76,D,VIIRS_NOAA20_NRT,,0,,,New / No Local History
22.57148,85.89751,307.84,0.42,0.45,2026-10-09,1932,N21,VIIRS,n,2.0NRT,293.47,2.75,N,VIIRS_NOAA21_NRT,2.615555555555556,18,0.06292647116924376,5.140186915887838,Persistent / Stable
23.06457,77.3121,338.49,0.4,0.37,2026-10-09,801,N20,VIIRS,n,2.0NRT,310.68,2.75,D,VIIRS_NOAA20_NRT,,0,,,New / No Local History
20.97093,86.01842,306.64,0.51,0.49,2026-10-09,2029,N20,VIIRS,n,2.0NRT,291.43,2.75,N,VIIRS_NOAA20_NRT,3.497999999999998,55,0.13489007174307854,-21.383647798742096,Persistent / Stable
15.17939,78.57,331.7,0.33,0.56,2026-10-09,739,N,VIIRS,n,2.0NRT,300.86,2.75,D,VIIRS_SNPP_NRT,,0,,,New / No Local History
17.36467,80.61266,331.02,0.45,0.47,2026-10-09,739,N,VIIRS,l,2.0NRT,301.3,2.75,D,VIIRS_SNPP_NRT,,0,,,New / No Local History
22.80435,75.22661,342.0,0.48,0.4,2026-10-09,801,N20,VIIRS,n,2.0NRT,313.92,2.74,D,VIIRS_NOAA20_NRT,,0,,,New / No Local History
28.03999,77.91284,330.06,0.38,0.36,2026-10-09,801,N20,VIIRS,l,2.0NRT,303.89,2.74,D,VIIRS_NOAA20_NRT,,0,,,New / No Local History
21.37707,81.68021,307.68,0.49,0.4,2026-10-09,2010,N,VIIRS,n,2.0NRT,295.74,2.74,N,VIIRS_SNPP_NRT,2.452,15,0.014308423561236211,11.745513866231658,Persistent / Stable
21.67834,84.03747,320.92,0.4,0.37,2026-10-09,2010,N,VIIRS,n,2.0NRT,295.71,2.74,N,VIIRS_SNPP_NRT,2.826315789473685,19,0.08060228899093705,-3.0540037243947977,Persistent / Stable
21.67356,82.08046,316.72,0.36,0.58,2026-10-09,1932,N21,VIIRS,n,2.0NRT,296.17,2.73,N,VIIRS_NOAA21_NRT,1.3599999999999999,2,0.057911219319826034,100.73529411764707,Abnormal Increase
21.34897,81.66341,330.63,0.51,0.41,2026-10-09,739,N,VIIRS,l,2.0NRT,302.9,2.73,D,VIIRS_SNPP_NRT,2.81,12,0.14602906858119982,-2.8469750889679744,Persistent / Stable
23.76278,86.40511,330.52,0.41,0.45,2026-10-09,1932,N21,VIIRS,n,2.0NRT,293.09,2.72,N,VIIRS_NOAA21_NRT,2.1627388535031846,157,0.004680190977436984,25.76645560300399,Persistent / Stable
23.76327,86.40108,310.47,0.41,0.45,2026-10-09,1932,N21,VIIRS,n,2.0NRT,291.78,2.72,N,VIIRS_NOAA21_NRT,2.158924050632911,158,0.008778382976395127,25.98868400222805,Persistent / Stable
23.76687,86.40565,323.8,0.41,0.45,2026-10-09,1932,N21,VIIRS,n,2.0NRT,292.73,2.72,N,VIIRS_NOAA21_NRT,2.1671612903225803,155,0.00929370131133297,25.509809175076686,Persistent / Stable
23.76736,86.40164,320.04,0.41,0.45,2026-10-09,1932,N21,VIIRS,n,2.0NRT,292.73,2.72,N,VIIRS_NOAA21_NRT,2.158924050632911,158,0.014823403318279494,25.98868400222805,Persistent / Stable
24.70756,77.07454,337.29,0.4,0.37,2026-10-09,801,N20,VIIRS,n,2.0NRT,310.68,2.72,D,VIIRS_NOAA20_NRT,,0,,,New / No Local History
29.56376,74.80663,337.13,0.42,0.37,2026-10-09,801,N20,VIIRS,n,2.0NRT,307.59,2.72,D,VIIRS_NOAA20_NRT,,0,,,New / No Local History
24.91646,76.93421,338.77,0.4,0.37,2026-10-09,801,N20,VIIRS,l,2.0NRT,311.66,2.71,D,VIIRS_NOAA20_NRT,,0,,,New / No Local History
22.78907,75.1825,335.33,0.39,0.59,2026-10-09,741,N,VIIRS,l,2.0NRT,308.76,2.71,D,VIIRS_SNPP_NRT,,0,,,New / No Local History
21.25057,79.20853,315.82,0.45,0.47,2026-10-09,2010,N,VIIRS,n,2.0NRT,296.24,2.71,N,VIIRS_SNPP_NRT,1.19375,8,0.11711321740358609,127.01570680628271,Abnormal Increase
24.68021,78.01543,337.61,0.39,0.36,2026-10-09,801,N20,VIIRS,n,2.0NRT,308.52,2.7,D,VIIRS_NOAA20_NRT,,0,,,New / No Local History
23.88443,75.85396,338.47,0.44,0.38,2026-10-09,801,N20,VIIRS,n,2.0NRT,312.47,2.69,D,VIIRS_NOAA20_NRT,,0,,,New / No Local History
11.65224,79.11665,333.26,0.36,0.57,2026-10-09,737,N,VIIRS,n,2.0NRT,295.34,2.69,D,VIIRS_SNPP_NRT,4.74,1,1.2894187954551546,-43.24894514767933,Single Historical Detection
22.31607,82.5602,315.41,0.45,0.39,2026-10-09,2010,N,VIIRS,n,2.0NRT,297.27,2.69,N,VIIRS_SNPP_NRT,1.9195,20,0.03306514400905879,40.14066163063298,Persistent / Stable
21.76364,84.02025,312.24,0.54,0.51,2026-10-09,1932,N21,VIIRS,n,2.0NRT,294.33,2.68,N,VIIRS_NOAA21_NRT,2.5425,24,0.014487677645210577,5.408062930186832,Persistent / Stable
21.76829,84.02082,307.98,0.54,0.51,2026-10-09,1932,N21,VIIRS,n,2.0NRT,293.58,2.68,N,VIIRS_NOAA21_NRT,2.5425,24,0.010030722810045908,5.408062930186832,Persistent / Stable
23.55951,87.23837,323.89,0.39,0.36,2026-10-09,2008,N,VIIRS,n,2.0NRT,292.98,2.68,N,VIIRS_SNPP_NRT,2.9255263157894738,38,0.005014691366231435,-8.392551947467839,Persistent / Stable
17.05222,77.26983,336.16,0.38,0.59,2026-10-09,843,N21,VIIRS,l,2.0NRT,306.83,2.65,D,VIIRS_NOAA21_NRT,,0,,,New / No Local History
31.2645,75.27692,334.19,0.4,0.37,2026-10-09,803,N20,VIIRS,n,2.0NRT,299.02,2.65,D,VIIRS_NOAA20_NRT,,0,,,New / No Local History
21.24924,79.20747,326.8,0.38,0.36,2026-10-09,2029,N20,VIIRS,n,2.0NRT,297.0,2.65,N,VIIRS_NOAA20_NRT,1.19375,8,0.027981529653157214,121.98952879581148,Abnormal Increase
21.18334,81.38561,310.09,0.4,0.6,2026-10-09,1932,N21,VIIRS,n,2.0NRT,296.21,2.64,N,VIIRS_NOAA21_NRT,2.7287500000000002,24,0.026239181446519374,-3.2524049473202052,Persistent / Stable
17.6578,80.21107,334.74,0.38,0.36,2026-10-09,801,N20,VIIRS,n,2.0NRT,302.83,2.64,D,VIIRS_NOAA20_NRT,,0,,,New / No Local History
22.36489,87.30244,330.68,0.4,0.37,2026-10-09,739,N,VIIRS,n,2.0NRT,296.19,2.64,D,VIIRS_SNPP_NRT,2.612115384615384,52,0.003069068079266169,1.06751085916221,Persistent / Stable
24.19184,77.8485,337.54,0.5,0.49,2026-10-09,741,N,VIIRS,n,2.0NRT,304.34,2.64,D,VIIRS_SNPP_NRT,,0,,,New / No Local History
17.8182,77.3093,330.31,0.39,0.6,2026-10-09,843,N21,VIIRS,l,2.0NRT,302.33,2.63,D,VIIRS_NOAA21_NRT,,0,,,New / No Local History
23.79746,86.3152,304.42,0.41,0.45,2026-10-09,1932,N21,VIIRS,n,2.0NRT,291.99,2.63,N,VIIRS_NOAA21_NRT,2.575531914893617,47,0.5514692286851465,2.1148285832300626,Persistent / Stable
15.86809,77.72487,330.13,0.4,0.6,2026-10-09,843,N21,VIIRS,l,2.0NRT,302.57,2.62,D,VIIRS_NOAA21_NRT,,0,,,New / No Local History
22.31833,82.56345,316.99,0.34,0.56,2026-10-09,1932,N21,VIIRS,n,2.0NRT,296.83,2.6,N,VIIRS_NOAA21_NRT,1.9195,20,0.007364133190244076,35.451940609533736,Persistent / Stable
27.74013,77.76667,331.31,0.43,0.46,2026-10-09,741,N,VIIRS,n,2.0NRT,298.12,2.6,D,VIIRS_SNPP_NRT,,0,,,New / No Local History
24.54395,77.1343,335.56,0.4,0.37,2026-10-09,801,N20,VIIRS,l,2.0NRT,309.19,2.59,D,VIIRS_NOAA20_NRT,,0,,,New / No Local History
24.93648,76.93029,336.71,0.4,0.37,2026-10-09,801,N20,VIIRS,n,2.0NRT,310.14,2.59,D,VIIRS_NOAA20_NRT,,0,,,New / No Local History
31.7456,75.35973,331.45,0.39,0.36,2026-10-09,803,N20,VIIRS,n,2.0NRT,300.14,2.59,D,VIIRS_NOAA20_NRT,,0,,,New / No Local History
20.95608,85.0131,312.76,0.39,0.36,2026-10-09,2010,N,VIIRS,n,2.0NRT,294.4,2.59,N,VIIRS_SNPP_NRT,3.09125,8,0.012108320037098776,-16.21512333198545,Persistent / Stable
24.61579,74.92539,343.05,0.33,0.55,2026-10-09,845,N21,VIIRS,n,2.0NRT,309.15,2.58,D,VIIRS_NOAA21_NRT,,0,,,New / No Local History
22.33104,82.60667,331.82,0.45,0.39,2026-10-09,739,N,VIIRS,n,2.0NRT,301.38,2.58,D,VIIRS_SNPP_NRT,1.767777777777778,9,0.007205781513235509,45.945945945945944,Persistent / Stable
23.77354,86.36657,316.01,0.38,0.36,2026-10-09,2008,N,VIIRS,n,2.0NRT,293.27,2.58,N,VIIRS_SNPP_NRT,1.9792727272727275,55,0.017724857140606693,30.350909424949464,Persistent / Stable
23.77414,86.36281,333.38,0.38,0.36,2026-10-09,2008,N,VIIRS,n,2.0NRT,294.42,2.58,N,VIIRS_SNPP_NRT,1.9622641509433965,53,0.008545976257520006,31.48076923076922,Persistent / Stable
21.91799,83.34927,305.51,0.42,0.38,2026-10-09,2010,N,VIIRS,n,2.0NRT,294.98,2.58,N,VIIRS_SNPP_NRT,2.8140740740740737,27,0.017598758830736434,-8.317978415372453,Persistent / Stable
21.92145,83.34985,332.99,0.42,0.38,2026-10-09,2010,N,VIIRS,n,2.0NRT,300.14,2.58,N,VIIRS_SNPP_NRT,2.8140740740740737,27,0.01695259713946754,-8.317978415372453,Persistent / Stable
13.16017,80.28147,305.33,0.47,0.39,2026-10-09,2012,N,VIIRS,n,2.0NRT,274.6,2.58,N,VIIRS_SNPP_NRT,2.2899999999999996,6,0.01515876449612994,12.663755458515308,Persistent / Stable
22.69579,77.48605,331.64,0.46,0.64,2026-10-09,843,N21,VIIRS,n,2.0NRT,296.54,2.57,D,VIIRS_NOAA21_NRT,,0,,,New / No Local History
21.18845,81.38999,307.73,0.4,0.6,2026-10-09,1932,N21,VIIRS,n,2.0NRT,295.57,2.57,N,VIIRS_NOAA21_NRT,2.6544,25,0.026850854569598064,-3.1796262808921045,Persistent / Stable
21.76132,76.47482,337.98,0.43,0.38,2026-10-09,758,N20,VIIRS,l,2.0NRT,310.09,2.57,D,VIIRS_NOAA20_NRT,,0,,,New / No Local History
24.32032,77.58796,336.58,0.39,0.36,2026-10-09,801,N20,VIIRS,n,2.0NRT,306.89,2.57,D,VIIRS_NOAA20_NRT,,0,,,New / No Local History
24.61212,77.96992,334.64,0.39,0.36,2026-10-09,801,N20,VIIRS,n,2.0NRT,309.19,2.57,D,VIIRS_NOAA20_NRT,,0,,,New / No Local History
28.07348,77.55128,337.46,0.38,0.36,2026-10-09,801,N20,VIIRS,n,2.0NRT,306.44,2.57,D,VIIRS_NOAA20_NRT,,0,,,New / No Local History
21.98433,83.23447,318.37,0.43,0.38,2026-10-09,2010,N,VIIRS,n,2.0NRT,296.08,2.57,N,VIIRS_SNPP_NRT,2.5444444444444443,9,0.08564349910287916,1.0043668122270744,Persistent / Stable
23.64761,85.44064,313.72,0.47,0.47,2026-10-09,1932,N21,VIIRS,n,2.0NRT,290.66,2.56,N,VIIRS_NOAA21_NRT,3.0220454545454554,44,0.013315007651257184,-15.289162969090794,Persistent / Stable
24.76583,74.60555,312.05,0.56,0.43,2026-10-09,2027,N20,VIIRS,n,2.0NRT,296.17,2.56,N,VIIRS_NOAA20_NRT,1.0876923076923075,13,0.005054699986006359,135.36067892503542,Abnormal Increase
23.73959,85.01087,302.59,0.5,0.49,2026-10-09,1932,N21,VIIRS,n,2.0NRT,291.62,2.55,N,VIIRS_NOAA21_NRT,1.3593333333333328,15,0.0662132636588128,87.59195684158907,Abnormal Increase
23.67946,86.0843,310.27,0.46,0.47,2026-10-09,2027,N20,VIIRS,n,2.0NRT,292.21,2.55,N,VIIRS_NOAA20_NRT,2.429438202247191,89,0.009592886594028165,4.962538155582262,Persistent / Stable
23.66386,87.15894,328.32,0.39,0.36,2026-10-09,2008,N,VIIRS,n,2.0NRT,293.72,2.55,N,VIIRS_SNPP_NRT,2.5206666666666666,30,0.010191186199835537,1.1637133033588951,Persistent / Stable
18.9111,77.93652,339.01,0.41,0.37,2026-10-09,801,N20,VIIRS,n,2.0NRT,310.17,2.54,D,VIIRS_NOAA20_NRT,,0,,,New / No Local History
21.75614,84.02477,316.42,0.56,0.43,2026-10-09,2027,N20,VIIRS,n,2.0NRT,294.97,2.54,N,VIIRS_NOAA20_NRT,2.5425,24,0.0013778824293819321,-0.09832841691248562,Persistent / Stable
20.97268,86.00291,306.34,0.4,0.44,2026-10-09,1932,N21,VIIRS,n,2.0NRT,293.68,2.53,N,VIIRS_NOAA21_NRT,3.673199999999998,50,0.02662802474068238,-31.122726777741445,Persistent / Stable
22.79153,86.21186,304.18,0.41,0.45,2026-10-09,1932,N21,VIIRS,n,2.0NRT,292.58,2.53,N,VIIRS_NOAA21_NRT,2.479821428571428,56,0.037934491405867514,2.0234751926262144,Persistent / Stable
22.05551,88.12503,324.2,0.42,0.38,2026-10-09,2010,N,VIIRS,n,2.0NRT,296.98,2.53,N,VIIRS_SNPP_NRT,4.342173913043477,23,0.004828638430450089,-41.73425453089015,Persistent / Stable
22.05621,88.12096,329.88,0.42,0.38,2026-10-09,2010,N,VIIRS,n,2.0NRT,294.07,2.53,N,VIIRS_SNPP_NRT,4.342173913043477,23,0.02057782919625904,-41.73425453089015,Persistent / Stable
22.34042,69.85529,309.09,0.34,0.56,2026-10-09,2150,N,VIIRS,n,2.0NRT,298.43,2.53,N,VIIRS_SNPP_NRT,3.7053846153846157,13,0.01980202197054795,-31.720988166908874,Persistent / Stable
29.27863,74.97326,343.83,0.41,0.37,2026-10-09,801,N20,VIIRS,n,2.0NRT,313.8,2.52,D,VIIRS_NOAA20_NRT,,0,,,New / No Local History
29.27935,74.97747,341.64,0.41,0.37,2026-10-09,801,N20,VIIRS,l,2.0NRT,314.41,2.52,D,VIIRS_NOAA20_NRT,,0,,,New / No Local History
21.74099,83.84367,308.04,0.55,0.43,2026-10-09,2027,N20,VIIRS,n,2.0NRT,295.33,2.52,N,VIIRS_NOAA20_NRT,4.770121951219512,82,0.0027688052620555995,-47.171161958328,Persistent / Stable
22.80078,86.08921,324.79,0.38,0.36,2026-10-09,2010,N,VIIRS,n,2.0NRT,294.68,2.52,N,VIIRS_SNPP_NRT,2.015,14,0.014869805279264242,25.062034739454088,Persistent / Stable
23.80064,86.32389,321.08,0.41,0.45,2026-10-09,1932,N21,VIIRS,n,2.0NRT,292.92,2.51,N,VIIRS_NOAA21_NRT,2.4911999999999996,50,0.006645886320728933,0.7546563904945469,Persistent / Stable
17.20708,80.93562,326.45,0.38,0.59,2026-10-09,1934,N21,VIIRS,n,2.0NRT,292.66,2.51,N,VIIRS_NOAA21_NRT,,0,,,New / No Local History
23.13062,79.64746,333.36,0.39,0.36,2026-10-09,758,N20,VIIRS,n,2.0NRT,305.96,2.51,D,VIIRS_NOAA20_NRT,,0,,,New / No Local History
21.27352,75.40443,330.0,0.41,0.6,2026-10-09,739,N,VIIRS,n,2.0NRT,303.46,2.51,D,VIIRS_SNPP_NRT,,0,,,New / No Local History
21.65764,76.19876,333.53,0.37,0.58,2026-10-09,843,N21,VIIRS,l,2.0NRT,306.5,2.5,D,VIIRS_NOAA21_NRT,,0,,,New / No Local History
22.36449,87.29942,326.99,0.4,0.37,2026-10-09,2010,N,VIIRS,n,2.0NRT,295.35,2.5,N,VIIRS_SNPP_NRT,3.1398591549295785,71,0.00496758964452333,-20.378594177544546,Persistent / Stable
22.36786,87.30007,311.49,0.4,0.37,2026-10-09,2010,N,VIIRS,n,2.0NRT,295.43,2.5,N,VIIRS_SNPP_NRT,2.8538095238095247,63,0.007279598934369751,-12.397797430335418,Persistent / Stable
24.81966,73.09565,307.95,0.48,0.65,2026-10-09,2150,N,VIIRS,n,2.0NRT,296.09,2.5,N,VIIRS_SNPP_NRT,0.9616666666666668,6,0.22910279416275123,159.96533795493932,Abnormal Increase
22.03797,83.73404,304.84,0.57,0.52,2026-10-09,1932,N21,VIIRS,n,2.0NRT,293.19,2.49,N,VIIRS_NOAA21_NRT,1.7914285714285714,14,0.01367015227623004,38.9952153110048,Persistent / Stable
22.04334,83.72906,309.72,0.57,0.52,2026-10-09,1932,N21,VIIRS,n,2.0NRT,292.88,2.49,N,VIIRS_NOAA21_NRT,1.5490000000000002,10,0.05781978737284857,60.74887023886378,Abnormal Increase
23.56232,87.08223,314.23,0.53,0.5,2026-10-09,2027,N20,VIIRS,n,2.0NRT,292.01,2.49,N,VIIRS_NOAA20_NRT,1.9581818181818185,11,0.024761948712506157,27.158774373259043,Persistent / Stable
21.18173,81.37929,308.96,0.43,0.38,2026-10-09,2029,N20,VIIRS,n,2.0NRT,295.26,2.49,N,VIIRS_NOAA20_NRT,2.7287500000000002,24,0.19806486729062853,-8.749427393495191,Persistent / Stable
18.71991,79.53942,310.39,0.39,0.44,2026-10-09,2010,N,VIIRS,n,2.0NRT,296.76,2.49,N,VIIRS_SNPP_NRT,1.7500000000000002,13,0.02214430685294206,42.285714285714285,Persistent / Stable
21.24262,79.22268,305.07,0.55,0.68,2026-10-09,1932,N21,VIIRS,n,2.0NRT,294.67,2.48,N,VIIRS_NOAA21_NRT,1.19375,8,0.08085259436775682,107.74869109947642,Abnormal Increase
23.16624,82.33978,317.19,0.47,0.4,2026-10-09,2010,N,VIIRS,n,2.0NRT,294.89,2.48,N,VIIRS_SNPP_NRT,1.913076923076923,13,0.017552749743244028,29.634097305991165,Persistent / Stable
21.75039,83.84259,315.1,0.55,0.43,2026-10-09,2027,N20,VIIRS,n,2.0NRT,295.57,2.47,N,VIIRS_NOAA20_NRT,4.736385542168675,83,0.006913908917542838,-47.8505291005291,Persistent / Stable
21.75423,83.84344,314.93,0.55,0.43,2026-10-09,2027,N20,VIIRS,n,2.0NRT,295.56,2.47,N,VIIRS_NOAA20_NRT,4.736385542168675,83,0.00633971331284992,-47.8505291005291,Persistent / Stable
15.17717,76.65525,324.86,0.39,0.36,2026-10-09,2032,N20,VIIRS,n,2.0NRT,294.26,2.47,N,VIIRS_NOAA20_NRT,2.618469945355192,183,0.005646327445214454,-5.670103092783527,Persistent / Stable
15.17772,76.65166,310.05,0.39,0.36,2026-10-09,2032,N20,VIIRS,n,2.0NRT,291.64,2.47,N,VIIRS_NOAA20_NRT,2.68830303030303,165,0.005370863291849867,-8.120477038573382,Persistent / Stable
11.83848,79.14886,334.93,0.43,0.38,2026-10-09,758,N20,VIIRS,l,2.0NRT,302.22,2.46,D,VIIRS_NOAA20_NRT,,0,,,New / No Local History
21.36731,81.67873,305.89,0.38,0.59,2026-10-09,1932,N21,VIIRS,n,2.0NRT,295.11,2.45,N,VIIRS_NOAA21_NRT,2.3618750000000004,16,0.009148403439583683,3.7311458057687124,Persistent / Stable
15.43685,80.04469,340.78,0.39,0.36,2026-10-09,758,N20,VIIRS,n,2.0NRT,304.32,2.44,D,VIIRS_NOAA20_NRT,,0,,,New / No Local History
23.76935,77.97573,335.53,0.39,0.36,2026-10-09,801,N20,VIIRS,n,2.0NRT,309.42,2.44,D,VIIRS_NOAA20_NRT,,0,,,New / No Local History
22.31906,82.56521,308.91,0.45,0.39,2026-10-09,2010,N,VIIRS,n,2.0NRT,298.09,2.44,N,VIIRS_SNPP_NRT,1.9521052631578946,19,0.09675516856587318,24.993259638716644,Persistent / Stable
23.68508,86.39403,319.58,0.41,0.45,2026-10-09,1932,N21,VIIRS,n,2.0NRT,293.11,2.43,N,VIIRS_NOAA21_NRT,3.0147826086956515,92,0.006782026884628803,-19.397173348716446,Persistent / Stable
23.68554,86.38998,306.44,0.41,0.45,2026-10-09,1932,N21,VIIRS,n,2.0NRT,292.06,2.43,N,VIIRS_NOAA21_NRT,3.0147826086956515,92,0.012369569011605781,-19.397173348716446,Persistent / Stable
12.64459,79.55487,335.83,0.41,0.37,2026-10-09,758,N20,VIIRS,n,2.0NRT,300.04,2.43,D,VIIRS_NOAA20_NRT,1.88,1,1.0538525403247236,29.255319148936188,Single Historical Detection
20.18966,78.27413,335.88,0.4,0.37,2026-10-09,758,N20,VIIRS,n,2.0NRT,307.6,2.43,D,VIIRS_NOAA20_NRT,,0,,,New / No Local History
21.96496,83.77089,308.0,0.54,0.42,2026-10-09,2027,N20,VIIRS,n,2.0NRT,294.5,2.43,N,VIIRS_NOAA20_NRT,1.675,4,0.00929185862539396,45.07462686567165,Persistent / Stable
21.37634,81.64233,307.18,0.38,0.59,2026-10-09,1932,N21,VIIRS,n,2.0NRT,294.6,2.42,N,VIIRS_NOAA21_NRT,2.078888888888889,9,0.007137050582953973,16.40833778727953,Persistent / Stable
18.92659,78.18238,333.57,0.4,0.37,2026-10-09,801,N20,VIIRS,n,2.0NRT,305.49,2.42,D,VIIRS_NOAA20_NRT,,0,,,New / No Local History
23.74576,77.89091,342.4,0.39,0.36,2026-10-09,801,N20,VIIRS,n,2.0NRT,308.22,2.42,D,VIIRS_NOAA20_NRT,,0,,,New / No Local History
27.41699,78.3802,331.1,0.39,0.36,2026-10-09,801,N20,VIIRS,n,2.0NRT,302.57,2.42,D,VIIRS_NOAA20_NRT,,0,,,New / No Local History
23.12229,75.33001,339.74,0.34,0.56,2026-10-09,845,N21,VIIRS,n,2.0NRT,311.3,2.41,D,VIIRS_NOAA21_NRT,,0,,,New / No Local History
18.93709,78.52538,335.44,0.4,0.37,2026-10-09,801,N20,VIIRS,n,2.0NRT,303.99,2.41,D,VIIRS_NOAA20_NRT,,0,,,New / No Local History
23.67808,78.00056,334.91,0.39,0.36,2026-10-09,801,N20,VIIRS,l,2.0NRT,309.74,2.41,D,VIIRS_NOAA20_NRT,,0,,,New / No Local History
22.20726,84.86027,308.63,0.39,0.36,2026-10-09,2010,N,VIIRS,n,2.0NRT,293.76,2.41,N,VIIRS_SNPP_NRT,2.2799999999999994,27,0.005405226727149454,5.701754385964948,Persistent / Stable
22.21059,84.86086,330.2,0.39,0.36,2026-10-09,2010,N,VIIRS,n,2.0NRT,294.15,2.41,N,VIIRS_SNPP_NRT,2.2799999999999994,27,0.0031051481303383402,5.701754385964948,Persistent / Stable
9.93246,77.97467,337.43,0.34,0.56,2026-10-09,841,N21,VIIRS,n,2.0NRT,292.46,2.4,D,VIIRS_NOAA21_NRT,,0,,,New / No Local History
16.24878,77.46572,335.6,0.39,0.59,2026-10-09,843,N21,VIIRS,n,2.0NRT,304.15,2.4,D,VIIRS_NOAA21_NRT,,0,,,New / No Local History
21.14818,76.06245,340.78,0.46,0.39,2026-10-09,758,N20,VIIRS,n,2.0NRT,308.24,2.4,D,VIIRS_NOAA20_NRT,,0,,,New / No Local History
20.94105,86.05997,315.69,0.39,0.44,2026-10-09,1932,N21,VIIRS,n,2.0NRT,293.73,2.39,N,VIIRS_NOAA21_NRT,3.456785714285715,28,0.14539901162074642,-30.86062609773738,Persistent / Stable
21.33641,78.96957,307.97,0.58,0.69,2026-10-09,1932,N21,VIIRS,n,2.0NRT,292.82,2.39,N,VIIRS_NOAA21_NRT,1.755384615384615,13,0.007663945268959261,36.15249780893956,Persistent / Stable
22.04009,83.35115,309.65,0.6,0.53,2026-10-09,1932,N21,VIIRS,n,2.0NRT,293.14,2.39,N,VIIRS_NOAA21_NRT,1.5653846153846156,13,0.035416330563325736,52.67813267813266,Abnormal Increase
22.62766,77.21053,334.51,0.4,0.37,2026-10-09,758,N20,VIIRS,l,2.0NRT,307.36,2.39,D,VIIRS_NOAA20_NRT,,0,,,New / No Local History
24.82336,77.73364,331.07,0.49,0.49,2026-10-09,741,N,VIIRS,l,2.0NRT,305.19,2.39,D,VIIRS_SNPP_NRT,,0,,,New / No Local History
22.26636,77.24232,336.86,0.41,0.37,2026-10-09,758,N20,VIIRS,n,2.0NRT,308.45,2.37,D,VIIRS_NOAA20_NRT,,0,,,New / No Local History
27.01259,79.35965,330.41,0.4,0.37,2026-10-09,801,N20,VIIRS,n,2.0NRT,298.4,2.37,D,VIIRS_NOAA20_NRT,,0,,,New / No Local History
30.02718,74.54679,344.29,0.42,0.38,2026-10-09,801,N20,VIIRS,n,2.0NRT,303.78,2.37,D,VIIRS_NOAA20_NRT,,0,,,New / No Local History
30.02792,74.5511,330.98,0.42,0.38,2026-10-09,801,N20,VIIRS,l,2.0NRT,301.5,2.37,D,VIIRS_NOAA20_NRT,,0,,,New / No Local History
22.32954,82.60785,316.49,0.34,0.56,2026-10-09,1932,N21,VIIRS,n,2.0NRT,294.91,2.35,N,VIIRS_NOAA21_NRT,1.767777777777778,9,0.06815946507076766,32.93526084223758,Persistent / Stable
23.72367,85.0052,306.62,0.5,0.49,2026-10-09,1932,N21,VIIRS,n,2.0NRT,290.49,2.35,N,VIIRS_NOAA21_NRT,1.3593333333333328,15,0.08999040712251834,72.87886218734681,Abnormal Increase
27.86262,77.86246,337.09,0.38,0.36,2026-10-09,801,N20,VIIRS,n,2.0NRT,302.68,2.35,D,VIIRS_NOAA20_NRT,,0,,,New / No Local History
28.19567,77.57193,334.71,0.38,0.36,2026-10-09,801,N20,VIIRS,n,2.0NRT,304.24,2.35,D,VIIRS_NOAA20_NRT,,0,,,New / No Local History
23.69743,87.09595,306.14,0.53,0.5,2026-10-09,2027,N20,VIIRS,n,2.0NRT,291.37,2.35,N,VIIRS_NOAA20_NRT,1.8054545454545454,22,0.08556008686231438,30.161127895266876,Persistent / Stable
22.37783,87.28209,318.82,0.4,0.37,2026-10-09,2010,N,VIIRS,n,2.0NRT,295.77,2.35,N,VIIRS_SNPP_NRT,3.226161616161617,99,0.0014749453619093227,-27.15801997557847,Persistent / Stable
23.72068,79.20874,334.63,0.39,0.36,2026-10-09,801,N20,VIIRS,l,2.0NRT,309.53,2.34,D,VIIRS_NOAA20_NRT,,0,,,New / No Local History
22.91391,75.21574,342.43,0.33,0.55,2026-10-09,845,N21,VIIRS,n,2.0NRT,309.24,2.33,D,VIIRS_NOAA21_NRT,,0,,,New / No Local History
23.66253,87.15713,319.96,0.55,0.43,2026-10-09,1932,N21,VIIRS,n,2.0NRT,292.86,2.33,N,VIIRS_NOAA21_NRT,2.5206666666666666,30,0.003077559325688649,-7.564136471832844,Persistent / Stable
23.66643,87.15768,307.2,0.55,0.43,2026-10-09,1932,N21,VIIRS,n,2.0NRT,292.36,2.33,N,VIIRS_NOAA21_NRT,2.5206666666666666,30,0.05960090000114473,-7.564136471832844,Persistent / Stable
24.9319,74.63252,310.42,0.52,0.5,2026-10-09,2112,N21,VIIRS,n,2.0NRT,296.34,2.33,N,VIIRS_NOAA21_NRT,1.14,8,0.003784285160411719,104.38596491228071,Abnormal Increase
17.67261,79.08363,330.44,0.39,0.36,2026-10-09,801,N20,VIIRS,n,2.0NRT,305.03,2.33,D,VIIRS_NOAA20_NRT,,0,,,New / No Local History
30.08184,76.11787,332.02,0.39,0.36,2026-10-09,801,N20,VIIRS,n,2.0NRT,298.48,2.33,D,VIIRS_NOAA20_NRT,,0,,,New / No Local History
23.90551,76.04053,346.25,0.43,0.38,2026-10-09,801,N20,VIIRS,n,2.0NRT,311.23,2.31,D,VIIRS_NOAA20_NRT,,0,,,New / No Local History
23.66449,87.15513,322.83,0.39,0.36,2026-10-09,2008,N,VIIRS,n,2.0NRT,295.39,2.31,N,VIIRS_SNPP_NRT,2.5206666666666666,30,0.0024591859441813126,-8.35757736048664,Persistent / Stable
14.67175,77.47617,333.44,0.47,0.4,2026-10-09,758,N20,VIIRS,n,2.0NRT,304.65,2.3,D,VIIRS_NOAA20_NRT,,0,,,New / No Local History
26.04942,79.54653,330.22,0.4,0.37,2026-10-09,801,N20,VIIRS,l,2.0NRT,305.2,2.3,D,VIIRS_NOAA20_NRT,,0,,,New / No Local History
21.74269,83.84087,312.52,0.55,0.43,2026-10-09,2027,N20,VIIRS,n,2.0NRT,295.72,2.3,N,VIIRS_NOAA20_NRT,4.736385542168675,83,0.007782277501660041,-51.439763939763935,Persistent / Reduced
21.74654,83.84172,318.94,0.55,0.43,2026-10-09,2027,N20,VIIRS,n,2.0NRT,295.8,2.3,N,VIIRS_NOAA20_NRT,4.736385542168675,83,0.005738904019176704,-51.439763939763935,Persistent / Reduced
22.63448,76.97383,330.11,0.43,0.62,2026-10-09,843,N21,VIIRS,l,2.0NRT,303.68,2.29,D,VIIRS_NOAA21_NRT,,0,,,New / No Local History
31.3466,77.35309,327.34,0.39,0.36,2026-10-09,803,N20,VIIRS,n,2.0NRT,295.08,2.29,D,VIIRS_NOAA20_NRT,,0,,,New / No Local History
22.31471,82.53156,310.88,0.46,0.39,2026-10-09,2027,N20,VIIRS,n,2.0NRT,295.6,2.29,N,VIIRS_NOAA20_NRT,1.8900000000000001,10,0.1358705822674818,21.164021164021158,Persistent / Stable
23.60477,70.38924,334.73,0.52,0.41,2026-10-09,845,N21,VIIRS,l,2.0NRT,308.41,2.28,D,VIIRS_NOAA21_NRT,,0,,,New / No Local History
23.72129,86.43952,311.13,0.41,0.45,2026-10-09,1932,N21,VIIRS,n,2.0NRT,292.92,2.28,N,VIIRS_NOAA21_NRT,2.443181818181818,88,0.05297301064787783,-6.679069767441857,Persistent / Stable
23.80116,86.32911,323.34,0.41,0.45,2026-10-09,1932,N21,VIIRS,n,2.0NRT,293.2,2.27,N,VIIRS_NOAA21_NRT,2.3932203389830526,59,0.0025951649985921916,-5.14872521246466,Persistent / Stable
23.80166,86.32505,311.06,0.41,0.45,2026-10-09,1932,N21,VIIRS,n,2.0NRT,292.57,2.27,N,VIIRS_NOAA21_NRT,2.4911999999999996,50,0.023395609271979804,-8.879254977520858,Persistent / Stable
15.68763,77.65665,334.7,0.39,0.59,2026-10-09,843,N21,VIIRS,n,2.0NRT,303.17,2.26,D,VIIRS_NOAA21_NRT,,0,,,New / No Local History
18.71669,79.53661,304.57,0.72,0.76,2026-10-09,2114,N21,VIIRS,n,2.0NRT,291.57,2.26,N,VIIRS_NOAA21_NRT,1.7500000000000002,13,0.01927943366766074,29.142857142857114,Persistent / Stable
23.75484,85.8546,311.89,0.44,0.46,2026-10-09,1932,N21,VIIRS,n,2.0NRT,293.84,2.25,N,VIIRS_NOAA21_NRT,1.9751515151515153,33,0.01731078629152739,13.915311445228587,Persistent / Stable
20.96299,86.01151,308.97,0.51,0.49,2026-10-09,2029,N20,VIIRS,n,2.0NRT,292.02,2.25,N,VIIRS_NOAA20_NRT,3.830652173913042,46,0.00935775532233215,-41.26326542193971,Persistent / Stable
20.96395,86.00667,326.85,0.51,0.49,2026-10-09,2029,N20,VIIRS,n,2.0NRT,292.41,2.25,N,VIIRS_NOAA20_NRT,3.830652173913042,46,0.0071859465299492515,-41.26326542193971,Persistent / Stable
20.97012,85.15035,309.43,0.45,0.47,2026-10-09,2029,N20,VIIRS,n,2.0NRT,292.49,2.25,N,VIIRS_NOAA20_NRT,3.3603921568627455,51,0.01058112692925552,-33.04352899988331,Persistent / Stable
18.68892,77.62741,334.89,0.33,0.55,2026-10-09,739,N,VIIRS,n,2.0NRT,304.81,2.25,D,VIIRS_SNPP_NRT,,0,,,New / No Local History
27.59444,78.18027,334.73,0.39,0.36,2026-10-09,801,N20,VIIRS,n,2.0NRT,303.06,2.24,D,VIIRS_NOAA20_NRT,,0,,,New / No Local History
23.16529,82.34241,315.41,0.44,0.39,2026-10-09,2027,N20,VIIRS,n,2.0NRT,293.71,2.24,N,VIIRS_NOAA20_NRT,1.913076923076923,13,0.012309027385531536,17.08886208283074,Persistent / Stable
23.16606,82.33812,326.65,0.44,0.39,2026-10-09,2027,N20,VIIRS,n,2.0NRT,295.33,2.24,N,VIIRS_NOAA20_NRT,1.913076923076923,13,0.03681638733256043,17.08886208283074,Persistent / Stable
23.16881,82.3431,321.84,0.44,0.39,2026-10-09,2027,N20,VIIRS,n,2.0NRT,294.31,2.24,N,VIIRS_NOAA20_NRT,1.913076923076923,13,0.011290186637897114,17.08886208283074,Persistent / Stable
15.82405,75.75671,335.42,0.49,0.65,2026-10-09,739,N,VIIRS,n,2.0NRT,298.1,2.24,D,VIIRS_SNPP_NRT,,0,,,New / No Local History
21.33387,78.97024,305.43,0.57,0.69,2026-10-09,1932,N21,VIIRS,n,2.0NRT,292.78,2.23,N,VIIRS_NOAA21_NRT,1.755384615384615,13,0.006476732987098636,27.037686240140246,Persistent / Stable
17.60879,83.20541,315.93,0.54,0.51,2026-10-09,1934,N21,VIIRS,n,2.0NRT,296.25,2.23,N,VIIRS_NOAA21_NRT,2.7028571428571433,35,0.006364892620366457,-17.49471458773786,Persistent / Stable
21.98606,83.23316,309.63,0.5,0.41,2026-10-09,2027,N20,VIIRS,n,2.0NRT,295.43,2.23,N,VIIRS_NOAA20_NRT,2.5444444444444443,9,0.00735537364651924,-12.358078602620083,Persistent / Stable
17.95864,80.79614,311.06,0.44,0.38,2026-10-09,2029,N20,VIIRS,n,2.0NRT,298.57,2.23,N,VIIRS_NOAA20_NRT,2.7118181818181815,33,0.009246292278286026,-17.767348307073405,Persistent / Stable
21.07682,85.03764,324.07,0.39,0.36,2026-10-09,2010,N,VIIRS,n,2.0NRT,295.89,2.23,N,VIIRS_SNPP_NRT,2.44,20,0.03648948380228909,-8.606557377049178,Persistent / Stable
21.07739,85.03394,314.14,0.39,0.36,2026-10-09,2010,N,VIIRS,n,2.0NRT,294.66,2.23,N,VIIRS_SNPP_NRT,2.44,20,0.06658999051069714,-8.606557377049178,Persistent / Stable
21.08014,85.03822,310.07,0.39,0.36,2026-10-09,2010,N,VIIRS,n,2.0NRT,294.1,2.23,N,VIIRS_SNPP_NRT,2.44,20,0.04721816519876359,-8.606557377049178,Persistent / Stable
21.08071,85.03453,341.29,0.39,0.36,2026-10-09,2010,N,VIIRS,n,2.0NRT,296.1,2.23,N,VIIRS_SNPP_NRT,2.44,20,0.005387998555207448,-8.606557377049178,Persistent / Stable
23.77081,86.19703,308.15,0.42,0.45,2026-10-09,1932,N21,VIIRS,n,2.0NRT,292.12,2.22,N,VIIRS_NOAA21_NRT,3.051874999999999,48,0.0063073321397445455,-27.257833299201277,Persistent / Stable
25.34733,75.68392,330.12,0.38,0.59,2026-10-09,845,N21,VIIRS,n,2.0NRT,303.75,2.21,D,VIIRS_NOAA21_NRT,,0,,,New / No Local History
21.76095,83.85034,311.19,0.55,0.43,2026-10-09,2027,N20,VIIRS,n,2.0NRT,294.98,2.21,N,VIIRS_NOAA20_NRT,4.770121951219512,82,0.09201508845459803,-53.66994759043845,Persistent / Reduced
21.92044,83.35408,308.14,0.51,0.41,2026-10-09,2027,N20,VIIRS,n,2.0NRT,296.08,2.21,N,VIIRS_NOAA20_NRT,2.8140740740740737,27,0.01338708474383825,-21.46617530929191,Persistent / Stable
21.92133,83.34918,323.41,0.51,0.41,2026-10-09,2027,N20,VIIRS,n,2.0NRT,297.63,2.21,N,VIIRS_NOAA20_NRT,2.8140740740740737,27,0.013374775602144272,-21.46617530929191,Persistent / Stable
21.92507,83.34997,312.53,0.51,0.41,2026-10-09,2027,N20,VIIRS,n,2.0NRT,295.44,2.21,N,VIIRS_NOAA20_NRT,2.8140740740740737,27,0.005664570356212765,-21.46617530929191,Persistent / Stable
15.17416,76.65527,295.39,0.7,0.75,2026-10-09,1934,N21,VIIRS,n,2.0NRT,272.16,2.2,N,VIIRS_NOAA21_NRT,2.618469945355192,183,0.003054733429858477,-15.98146834175051,Persistent / Stable
22.68773,77.21107,330.44,0.59,0.52,2026-10-09,741,N,VIIRS,l,2.0NRT,303.65,2.2,D,VIIRS_SNPP_NRT,,0,,,New / No Local History
18.54229,83.34424,330.73,0.4,0.37,2026-10-09,2010,N,VIIRS,n,2.0NRT,295.68,2.2,N,VIIRS_SNPP_NRT,,0,,,New / No Local History
21.92322,83.35309,307.72,0.6,0.53,2026-10-09,1932,N21,VIIRS,n,2.0NRT,293.74,2.19,N,VIIRS_NOAA21_NRT,2.8140740740740737,27,0.011224441298319733,-22.17688865490918,Persistent / Stable
22.21763,84.75525,303.65,0.49,0.49,2026-10-09,1932,N21,VIIRS,n,2.0NRT,292.55,2.19,N,VIIRS_NOAA21_NRT,0.9733333333333333,3,0.3389645223840972,125.00000000000003,Abnormal Increase
23.67949,86.09413,316.81,0.42,0.46,2026-10-09,1932,N21,VIIRS,n,2.0NRT,291.88,2.19,N,VIIRS_NOAA21_NRT,2.402441860465117,86,0.0028834037969725683,-8.842747204878785,Persistent / Stable
23.90826,76.0357,342.68,0.43,0.38,2026-10-09,801,N20,VIIRS,n,2.0NRT,311.39,2.19,D,VIIRS_NOAA20_NRT,,0,,,New / No Local History
23.91171,76.035,345.28,0.43,0.38,2026-10-09,801,N20,VIIRS,n,2.0NRT,309.58,2.19,D,VIIRS_NOAA20_NRT,,0,,,New / No Local History
19.51832,76.46569,330.66,0.36,0.58,2026-10-09,843,N21,VIIRS,l,2.0NRT,301.71,2.18,D,VIIRS_NOAA21_NRT,,0,,,New / No Local History
23.69594,85.28896,307.24,0.48,0.48,2026-10-09,1932,N21,VIIRS,n,2.0NRT,292.18,2.18,N,VIIRS_NOAA21_NRT,1.3681818181818182,11,0.06009636811534914,59.33554817275749,Abnormal Increase
28.09584,77.99026,332.19,0.39,0.36,2026-10-09,801,N20,VIIRS,n,2.0NRT,300.14,2.18,D,VIIRS_NOAA20_NRT,,0,,,New / No Local History
14.40072,78.49099,333.24,0.35,0.57,2026-10-09,737,N,VIIRS,l,2.0NRT,303.58,2.18,D,VIIRS_SNPP_NRT,,0,,,New / No Local History
21.17801,81.38507,308.1,0.5,0.41,2026-10-09,2010,N,VIIRS,n,2.0NRT,295.24,2.18,N,VIIRS_SNPP_NRT,2.7287500000000002,24,0.007975135660007727,-20.1099404489235,Persistent / Stable
23.73448,86.43331,311.76,0.41,0.45,2026-10-09,1932,N21,VIIRS,n,2.0NRT,292.55,2.17,N,VIIRS_NOAA21_NRT,2.262828282828283,99,0.009429089835139542,-4.102312293545223,Persistent / Stable
23.73495,86.42937,310.05,0.41,0.45,2026-10-09,1932,N21,VIIRS,n,2.0NRT,292.02,2.17,N,VIIRS_NOAA21_NRT,2.219047619047619,84,0.022410058148669927,-2.2103004291845574,Persistent / Stable
23.73856,86.4339,328.74,0.41,0.45,2026-10-09,1932,N21,VIIRS,n,2.0NRT,293.44,2.17,N,VIIRS_NOAA21_NRT,2.3037755102040816,98,0.0032418174974566255,-5.8067945254019575,Persistent / Stable
22.88151,69.6152,314.44,0.45,0.39,2026-10-09,2114,N21,VIIRS,n,2.0NRT,295.62,2.17,N,VIIRS_NOAA21_NRT,,0,,,New / No Local History
22.37589,87.28065,312.21,0.57,0.52,2026-10-09,2027,N20,VIIRS,n,2.0NRT,293.23,2.17,N,VIIRS_NOAA20_NRT,3.2993333333333346,90,0.008017501616919984,-34.229137199434255,Persistent / Stable
21.19414,81.39016,307.4,0.43,0.38,2026-10-09,2029,N20,VIIRS,n,2.0NRT,296.55,2.17,N,VIIRS_NOAA20_NRT,2.583846153846154,26,0.007319216526465207,-16.01667162846086,Persistent / Stable
23.715,86.42248,311.69,0.41,0.45,2026-10-09,1932,N21,VIIRS,n,2.0NRT,293.09,2.16,N,VIIRS_NOAA21_NRT,2.3719354838709674,62,0.017912823276883396,-8.93512851897183,Persistent / Stable
23.78156,85.57439,304.08,0.46,0.47,2026-10-09,1932,N21,VIIRS,n,2.0NRT,292.46,2.16,N,VIIRS_NOAA21_NRT,1.6318181818181814,11,0.04903681651981447,32.36768802228416,Persistent / Stable
24.60205,77.15875,334.66,0.4,0.37,2026-10-09,801,N20,VIIRS,l,2.0NRT,307.72,2.15,D,VIIRS_NOAA20_NRT,,0,,,New / No Local History
20.86242,84.98715,324.72,0.44,0.46,2026-10-09,2029,N20,VIIRS,n,2.0NRT,291.26,2.15,N,VIIRS_NOAA20_NRT,3.015394736842105,76,0.008295625999509254,-28.699218920452058,Persistent / Stable
20.86663,84.98798,315.05,0.44,0.46,2026-10-09,2029,N20,VIIRS,n,2.0NRT,292.44,2.15,N,VIIRS_NOAA20_NRT,3.015394736842105,76,0.01690481300770391,-28.699218920452058,Persistent / Stable
24.93299,74.63422,309.58,0.52,0.5,2026-10-09,2112,N21,VIIRS,n,2.0NRT,296.29,2.14,N,VIIRS_NOAA21_NRT,1.14,8,0.0264481517886636,87.71929824561407,Abnormal Increase
21.67649,84.03886,311.4,0.56,0.43,2026-10-09,2027,N20,VIIRS,n,2.0NRT,293.12,2.14,N,VIIRS_NOAA20_NRT,2.826315789473685,19,0.0027622966505830124,-24.283054003724406,Persistent / Stable
21.68039,84.03973,315.75,0.56,0.43,2026-10-09,2027,N20,VIIRS,n,2.0NRT,294.51,2.14,N,VIIRS_NOAA20_NRT,2.826315789473685,19,0.002639375910785429,-24.283054003724406,Persistent / Stable
22.36575,87.01709,312.83,0.55,0.51,2026-10-09,2027,N20,VIIRS,n,2.0NRT,292.93,2.14,N,VIIRS_NOAA20_NRT,1.3695833333333332,24,0.009710403281628865,56.251901429875296,Abnormal Increase
17.20769,80.93273,309.24,0.45,0.39,2026-10-09,2029,N20,VIIRS,n,2.0NRT,293.97,2.14,N,VIIRS_NOAA20_NRT,,0,,,New / No Local History
13.15956,80.28576,328.79,0.47,0.39,2026-10-09,2012,N,VIIRS,n,2.0NRT,274.72,2.14,N,VIIRS_SNPP_NRT,2.2899999999999996,6,0.12892252267603696,-6.550218340611331,Persistent / Stable
22.70091,77.141,330.48,0.44,0.62,2026-10-09,843,N21,VIIRS,l,2.0NRT,303.65,2.13,D,VIIRS_NOAA21_NRT,,0,,,New / No Local History
21.76341,83.84898,309.3,0.56,0.51,2026-10-09,1932,N21,VIIRS,n,2.0NRT,293.98,2.13,N,VIIRS_NOAA21_NRT,4.770121951219512,82,0.015584297459418755,-55.34705356001533,Persistent / Reduced
22.36344,87.30338,306.93,0.52,0.42,2026-10-09,1932,N21,VIIRS,n,2.0NRT,293.49,2.13,N,VIIRS_NOAA21_NRT,2.612115384615384,52,0.043386418365894235,-18.456894647721406,Persistent / Stable
22.36409,87.29832,318.65,0.52,0.42,2026-10-09,1932,N21,VIIRS,n,2.0NRT,295.08,2.13,N,VIIRS_NOAA21_NRT,3.3470930232558147,86,0.015536041690193875,-36.36268890046901,Persistent / Stable
22.3679,87.29889,306.31,0.52,0.42,2026-10-09,1932,N21,VIIRS,n,2.0NRT,294.36,2.13,N,VIIRS_NOAA21_NRT,3.245000000000001,76,0.007122433523959053,-34.36055469953778,Persistent / Stable
19.96135,79.33501,309.34,0.53,0.67,2026-10-09,1934,N21,VIIRS,n,2.0NRT,292.46,2.13,N,VIIRS_NOAA21_NRT,1.21,1,0.2644434655763751,76.03305785123966,Abnormal Increase
21.79946,83.88033,306.24,0.55,0.43,2026-10-09,2027,N20,VIIRS,n,2.0NRT,294.61,2.13,N,VIIRS_NOAA20_NRT,2.85875,16,0.47190750898585404,-25.49191080017491,Persistent / Stable
23.80163,86.32011,304.18,0.47,0.48,2026-10-09,2027,N20,VIIRS,n,2.0NRT,290.96,2.13,N,VIIRS_NOAA20_NRT,2.5570833333333334,48,0.05190409534193716,-16.701971647384724,Persistent / Stable
19.09383,82.16862,314.3,0.49,0.4,2026-10-09,2029,N20,VIIRS,n,2.0NRT,294.22,2.13,N,VIIRS_NOAA20_NRT,2.2891666666666666,36,0.005900303572702792,-6.953039679650528,Persistent / Stable
23.67741,86.39479,316.48,0.38,0.36,2026-10-09,2008,N,VIIRS,n,2.0NRT,292.99,2.13,N,VIIRS_SNPP_NRT,3.0147826086956515,92,0.007501249137855027,-29.348139601961336,Persistent / Stable
23.69411,87.09573,305.42,0.56,0.43,2026-10-09,1932,N21,VIIRS,n,2.0NRT,292.43,2.12,N,VIIRS_NOAA21_NRT,1.8054545454545454,22,0.06326282735510763,17.421953675730116,Persistent / Stable
31.47753,75.09859,331.92,0.4,0.37,2026-10-09,803,N20,VIIRS,n,2.0NRT,299.45,2.12,D,VIIRS_NOAA20_NRT,,0,,,New / No Local History
15.33276,76.28406,314.97,0.39,0.36,2026-10-09,2032,N20,VIIRS,n,2.0NRT,294.5,2.12,N,VIIRS_NOAA20_NRT,1.33375,32,0.01527103156654309,58.95032802249298,Abnormal Increase
20.2387,75.81301,343.14,0.34,0.56,2026-10-09,843,N21,VIIRS,n,2.0NRT,307.3,2.11,D,VIIRS_NOAA21_NRT,,0,,,New / No Local History
21.89172,75.79712,335.6,0.46,0.39,2026-10-09,758,N20,VIIRS,n,2.0NRT,310.34,2.11,D,VIIRS_NOAA20_NRT,,0,,,New / No Local History
18.29625,77.76542,330.76,0.42,0.38,2026-10-09,801,N20,VIIRS,l,2.0NRT,304.3,2.11,D,VIIRS_NOAA20_NRT,,0,,,New / No Local History
22.26693,75.13297,309.45,0.49,0.41,2026-10-09,2029,N20,VIIRS,n,2.0NRT,298.67,2.11,N,VIIRS_NOAA20_NRT,0.86,2,0.03420423896465412,145.3488372093023,Abnormal Increase
21.33634,78.9696,317.74,0.46,0.47,2026-10-09,2010,N,VIIRS,n,2.0NRT,295.21,2.11,N,VIIRS_SNPP_NRT,1.755384615384615,13,0.004762197291847909,20.201577563540766,Persistent / Stable
22.93233,69.69977,316.0,0.45,0.39,2026-10-09,2114,N21,VIIRS,n,2.0NRT,297.33,2.1,N,VIIRS_NOAA21_NRT,2.3864,25,0.00847545881220455,-12.001340931947704,Persistent / Stable
22.9331,69.69544,317.29,0.45,0.39,2026-10-09,2114,N21,VIIRS,n,2.0NRT,296.47,2.1,N,VIIRS_NOAA21_NRT,2.3864,25,0.0030966038450432887,-12.001340931947704,Persistent / Stable
13.16023,80.28535,338.3,0.39,0.36,2026-10-09,758,N20,VIIRS,n,2.0NRT,302.25,2.1,D,VIIRS_NOAA20_NRT,2.2899999999999996,6,0.1710994877721451,-8.296943231441027,Persistent / Stable
23.77511,86.36121,312.6,0.47,0.48,2026-10-09,2027,N20,VIIRS,n,2.0NRT,291.16,2.1,N,VIIRS_NOAA20_NRT,1.9240000000000004,55,0.07226533532353786,9.147609147609131,Persistent / Stable
14.08145,78.11752,333.86,0.45,0.39,2026-10-09,758,N20,VIIRS,l,2.0NRT,306.13,2.09,D,VIIRS_NOAA20_NRT,,0,,,New / No Local History
22.46982,77.005,336.26,0.41,0.37,2026-10-09,758,N20,VIIRS,n,2.0NRT,308.2,2.09,D,VIIRS_NOAA20_NRT,,0,,,New / No Local History
22.93982,79.80378,330.84,0.39,0.36,2026-10-09,758,N20,VIIRS,n,2.0NRT,302.7,2.09,D,VIIRS_NOAA20_NRT,,0,,,New / No Local History
23.77439,78.8872,337.59,0.38,0.36,2026-10-09,801,N20,VIIRS,n,2.0NRT,310.79,2.09,D,VIIRS_NOAA20_NRT,,0,,,New / No Local History
23.69468,85.36807,315.33,0.41,0.45,2026-10-09,2027,N20,VIIRS,n,2.0NRT,291.49,2.09,N,VIIRS_NOAA20_NRT,1.4726315789473683,19,0.008169344125231738,41.922802001429595,Persistent / Stable
23.7155,86.45004,311.11,0.48,0.48,2026-10-09,2027,N20,VIIRS,n,2.0NRT,290.72,2.09,N,VIIRS_NOAA20_NRT,2.5627272727272716,66,0.010652729682630509,-18.446257538134063,Persistent / Stable
22.0035,82.66772,313.84,0.45,0.39,2026-10-09,2010,N,VIIRS,n,2.0NRT,297.26,2.09,N,VIIRS_SNPP_NRT,1.743846153846154,13,0.05987041434893481,19.85002205558004,Persistent / Stable
22.35906,87.2904,308.6,0.4,0.37,2026-10-09,2010,N,VIIRS,n,2.0NRT,294.29,2.09,N,VIIRS_SNPP_NRT,3.3263302752293593,109,0.009266877845638857,-37.16799514576499,Persistent / Stable
23.77764,86.21053,316.73,0.42,0.45,2026-10-09,1932,N21,VIIRS,n,2.0NRT,293.99,2.08,N,VIIRS_NOAA21_NRT,3.051874999999999,48,0.016297690456313966,-31.8451771451976,Persistent / Stable
23.77812,86.20644,312.69,0.42,0.45,2026-10-09,1932,N21,VIIRS,n,2.0NRT,293.67,2.08,N,VIIRS_NOAA21_NRT,3.051874999999999,48,0.0035966680565497284,-31.8451771451976,Persistent / Stable
23.78177,86.21114,311.35,0.42,0.45,2026-10-09,1932,N21,VIIRS,n,2.0NRT,292.52,2.08,N,VIIRS_NOAA21_NRT,3.051874999999999,48,0.029721572724331638,-31.8451771451976,Persistent / Stable
22.03177,83.36355,307.86,0.51,0.41,2026-10-09,2027,N20,VIIRS,n,2.0NRT,294.14,2.08,N,VIIRS_NOAA20_NRT,1.5653846153846156,13,0.011513071046199594,32.87469287469286,Persistent / Stable
22.38058,87.28179,304.61,0.57,0.52,2026-10-09,2027,N20,VIIRS,n,2.0NRT,291.96,2.08,N,VIIRS_NOAA20_NRT,3.2554639175257742,97,0.008338949691632307,-36.10741655583002,Persistent / Stable
23.6973,85.29002,305.48,0.41,0.45,2026-10-09,2027,N20,VIIRS,n,2.0NRT,291.63,2.08,N,VIIRS_NOAA20_NRT,1.3681818181818182,11,0.04983812943934985,52.026578073089716,Abnormal Increase
15.16887,76.66492,308.25,0.39,0.36,2026-10-09,2032,N20,VIIRS,n,2.0NRT,286.66,2.08,N,VIIRS_NOAA20_NRT,2.4463876651982392,227,0.012815379168739875,-14.976680532296157,Persistent / Stable
14.11555,78.13904,331.79,0.37,0.58,2026-10-09,737,N,VIIRS,n,2.0NRT,299.49,2.07,D,VIIRS_SNPP_NRT,,0,,,New / No Local History
20.95666,85.00941,308.32,0.39,0.36,2026-10-09,2010,N,VIIRS,n,2.0NRT,293.85,2.07,N,VIIRS_SNPP_NRT,3.09125,8,0.0965923199046861,-33.03679741205015,Persistent / Stable
15.32229,75.16084,335.46,0.42,0.45,2026-10-09,758,N20,VIIRS,l,2.0NRT,309.84,2.06,D,VIIRS_NOAA20_NRT,,0,,,New / No Local History
23.68766,87.12025,308.47,0.53,0.5,2026-10-09,2027,N20,VIIRS,n,2.0NRT,291.31,2.06,N,VIIRS_NOAA20_NRT,2.839636363636363,55,0.010886477101570861,-27.455500064028666,Persistent / Stable
23.69219,87.12134,313.88,0.53,0.5,2026-10-09,2027,N20,VIIRS,n,2.0NRT,291.61,2.06,N,VIIRS_NOAA20_NRT,2.839636363636363,55,0.007719606353816582,-27.455500064028666,Persistent / Stable
23.66981,86.93609,308.73,0.57,0.43,2026-10-09,1932,N21,VIIRS,n,2.0NRT,291.51,2.05,N,VIIRS_NOAA21_NRT,2.4366666666666665,3,0.11407327469950715,-15.868673050615598,Persistent / Stable
23.77337,86.38634,306.53,0.41,0.45,2026-10-09,1932,N21,VIIRS,n,2.0NRT,292.5,2.05,N,VIIRS_NOAA21_NRT,2.244246575342466,146,0.01799293502850375,-8.655313434657899,Persistent / Stable
23.77698,86.39091,318.31,0.41,0.45,2026-10-09,1932,N21,VIIRS,n,2.0NRT,292.64,2.05,N,VIIRS_NOAA21_NRT,2.20476821192053,151,0.006903205723395748,-7.019704433497556,Persistent / Stable
23.77746,86.38694,318.58,0.41,0.45,2026-10-09,1932,N21,VIIRS,n,2.0NRT,292.6,2.05,N,VIIRS_NOAA21_NRT,2.219054054054054,148,0.006377691744417176,-7.618293648377083,Persistent / Stable
18.68937,78.36156,331.1,0.4,0.37,2026-10-09,801,N20,VIIRS,l,2.0NRT,303.33,2.05,D,VIIRS_NOAA20_NRT,,0,,,New / No Local History
22.04296,83.72617,305.99,0.53,0.42,2026-10-09,2027,N20,VIIRS,n,2.0NRT,293.78,2.05,N,VIIRS_NOAA20_NRT,1.5490000000000002,10,0.17640589763391606,32.34344738540992,Persistent / Stable
22.7934,86.19923,308.18,0.38,0.36,2026-10-09,2010,N,VIIRS,n,2.0NRT,292.31,2.05,N,VIIRS_SNPP_NRT,2.479821428571428,56,0.0222365105135079,-17.332757254986664,Persistent / Stable
21.34682,81.66528,314.29,0.38,0.59,2026-10-09,1932,N21,VIIRS,n,2.0NRT,294.64,2.04,N,VIIRS_NOAA21_NRT,2.7525,12,0.010014472938604956,-25.885558583106267,Persistent / Stable
21.24451,79.2221,304.98,0.61,0.71,2026-10-09,2114,N21,VIIRS,n,2.0NRT,293.63,2.04,N,VIIRS_NOAA21_NRT,1.19375,8,0.03836380848073708,70.89005235602093,Abnormal Increase
23.61201,79.39764,334.45,0.41,0.45,2026-10-09,741,N,VIIRS,n,2.0NRT,304.66,2.04,D,VIIRS_SNPP_NRT,,0,,,New / No Local History
21.48644,81.77023,309.75,0.38,0.59,2026-10-09,1932,N21,VIIRS,n,2.0NRT,294.89,2.03,N,VIIRS_NOAA21_NRT,1.4842857142857144,7,0.08484765657175626,36.76612127045233,Persistent / Stable
13.39351,80.10243,331.63,0.39,0.36,2026-10-09,758,N20,VIIRS,l,2.0NRT,304.9,2.03,D,VIIRS_NOAA20_NRT,1.8466666666666667,6,0.0032549132447534886,9.927797833935006,Persistent / Stable
22.80237,86.0895,308.44,0.47,0.48,2026-10-09,2027,N20,VIIRS,n,2.0NRT,292.78,2.03,N,VIIRS_NOAA20_NRT,2.015,14,0.024139840528673556,0.7444168734491157,Persistent / Stable
23.76363,86.40726,310.94,0.38,0.36,2026-10-09,2008,N,VIIRS,n,2.0NRT,292.59,2.03,N,VIIRS_SNPP_NRT,2.1766666666666667,150,0.025504317570357853,-6.738131699846874,Persistent / Stable
25.21081,77.57327,332.38,0.5,0.66,2026-10-09,845,N21,VIIRS,n,2.0NRT,302.44,2.02,D,VIIRS_NOAA21_NRT,,0,,,New / No Local History
26.64049,79.47455,310.34,0.6,0.71,2026-10-09,1932,N21,VIIRS,n,2.0NRT,291.3,2.02,N,VIIRS_NOAA21_NRT,1.8419999999999999,5,0.2107156481368546,9.663409337676448,Persistent / Stable
23.68195,86.09412,305.55,0.46,0.47,2026-10-09,2027,N20,VIIRS,n,2.0NRT,291.25,2.02,N,VIIRS_NOAA20_NRT,2.402441860465117,86,0.0020765678121646525,-15.918880983495498,Persistent / Stable
21.75683,84.02307,306.47,0.4,0.37,2026-10-09,2010,N,VIIRS,n,2.0NRT,295.95,2.02,N,VIIRS_SNPP_NRT,2.5425,24,0.009641267734955498,-20.55063913470993,Persistent / Stable
21.10151,72.63474,312.21,0.54,0.68,2026-10-09,2150,N,VIIRS,n,2.0NRT,293.92,2.02,N,VIIRS_SNPP_NRT,4.870454545454545,154,0.004856312359069437,-58.525431637890804,Persistent / Reduced
23.5495,77.17647,336.06,0.4,0.37,2026-10-09,801,N20,VIIRS,l,2.0NRT,310.11,2.01,D,VIIRS_NOAA20_NRT,,0,,,New / No Local History
23.71218,86.45172,323.87,0.38,0.36,2026-10-09,2008,N,VIIRS,n,2.0NRT,293.75,2.01,N,VIIRS_SNPP_NRT,2.621967213114753,61,0.008481734298067102,-23.340002500937832,Persistent / Stable
22.31608,82.53307,307.61,0.46,0.39,2026-10-09,2010,N,VIIRS,n,2.0NRT,296.49,2.01,N,VIIRS_SNPP_NRT,1.8900000000000001,10,0.02091062041807159,6.349206349206331,Persistent / Stable
24.63537,76.85513,337.55,0.4,0.37,2026-10-09,801,N20,VIIRS,n,2.0NRT,311.24,2.0,D,VIIRS_NOAA20_NRT,,0,,,New / No Local History
21.23531,79.63005,311.77,0.39,0.36,2026-10-09,2029,N20,VIIRS,n,2.0NRT,297.24,2.0,N,VIIRS_NOAA20_NRT,0.8525,4,0.03422670814926427,134.6041055718475,Abnormal Increase
21.07998,85.03632,306.43,0.46,0.47,2026-10-09,1932,N21,VIIRS,n,2.0NRT,289.07,1.99,N,VIIRS_NOAA21_NRT,2.44,20,0.10067411529772033,-18.442622950819672,Persistent / Stable
21.08049,85.03195,303.24,0.46,0.47,2026-10-09,1932,N21,VIIRS,n,2.0NRT,291.1,1.99,N,VIIRS_NOAA21_NRT,2.44,20,0.11933282790739647,-18.442622950819672,Persistent / Stable
22.6983,77.34525,333.75,0.4,0.37,2026-10-09,758,N20,VIIRS,l,2.0NRT,308.17,1.99,D,VIIRS_NOAA20_NRT,,0,,,New / No Local History
27.75139,77.44661,338.77,0.38,0.36,2026-10-09,801,N20,VIIRS,n,2.0NRT,306.61,1.99,D,VIIRS_NOAA20_NRT,,0,,,New / No Local History
23.68148,86.39394,303.37,0.48,0.48,2026-10-09,2027,N20,VIIRS,n,2.0NRT,290.74,1.99,N,VIIRS_NOAA20_NRT,3.0147826086956515,92,0.006180483509242154,-33.99192385347561,Persistent / Stable
23.69333,87.10562,304.24,0.39,0.36,2026-10-09,2008,N,VIIRS,n,2.0NRT,292.74,1.99,N,VIIRS_SNPP_NRT,2.735423728813559,59,0.01924146897301745,-27.250759030918893,Persistent / Stable
21.48737,81.77132,309.09,0.48,0.4,2026-10-09,2010,N,VIIRS,n,2.0NRT,295.77,1.99,N,VIIRS_SNPP_NRT,1.4842857142857144,7,0.19764020044431244,34.071222329162644,Persistent / Stable
15.17992,76.67606,310.06,0.54,0.51,2026-10-09,2012,N,VIIRS,n,2.0NRT,290.37,1.99,N,VIIRS_SNPP_NRT,2.410944444444444,180,0.008147677809125465,-17.45973223955572,Persistent / Stable
15.18055,76.67101,307.34,0.54,0.51,2026-10-09,2012,N,VIIRS,n,2.0NRT,290.27,1.99,N,VIIRS_SNPP_NRT,2.461306306306307,222,0.00779856582378903,-19.148624659138765,Persistent / Stable
15.18462,76.67667,308.29,0.54,0.51,2026-10-09,2012,N,VIIRS,n,2.0NRT,290.07,1.99,N,VIIRS_SNPP_NRT,2.3676190476190477,168,0.0032863053808354394,-15.949316170555115,Persistent / Stable
23.68053,86.39741,309.7,0.41,0.45,2026-10-09,1932,N21,VIIRS,n,2.0NRT,292.75,1.98,N,VIIRS_NOAA21_NRT,3.0147826086956515,92,0.013348401901140181,-34.32362272858377,Persistent / Stable
17.60473,83.19969,307.94,0.54,0.51,2026-10-09,1934,N21,VIIRS,n,2.0NRT,295.94,1.98,N,VIIRS_NOAA21_NRT,2.7028571428571433,35,0.025512406723740277,-26.744186046511643,Persistent / Stable
22.26643,75.13293,307.21,0.63,0.54,2026-10-09,2114,N21,VIIRS,n,2.0NRT,296.07,1.98,N,VIIRS_NOAA21_NRT,0.86,2,0.03820244353255273,130.2325581395349,Abnormal Increase
23.80593,86.32114,311.62,0.47,0.48,2026-10-09,2027,N20,VIIRS,n,2.0NRT,291.01,1.98,N,VIIRS_NOAA20_NRT,2.5570833333333334,48,0.004217741236053963,-22.568029982075934,Persistent / Stable
25.01608,76.51653,338.51,0.41,0.37,2026-10-09,801,N20,VIIRS,n,2.0NRT,312.02,1.97,D,VIIRS_NOAA20_NRT,,0,,,New / No Local History
27.50408,78.43311,330.71,0.4,0.44,2026-10-09,741,N,VIIRS,n,2.0NRT,298.08,1.97,D,VIIRS_SNPP_NRT,,0,,,New / No Local History
20.96319,86.0132,316.64,0.4,0.44,2026-10-09,1932,N21,VIIRS,n,2.0NRT,293.34,1.96,N,VIIRS_NOAA21_NRT,3.830652173913042,46,0.02712501612728201,-48.833777878667476,Persistent / Stable
20.96365,86.00942,306.18,0.4,0.44,2026-10-09,1932,N21,VIIRS,n,2.0NRT,293.87,1.96,N,VIIRS_NOAA21_NRT,3.830652173913042,46,0.02268933220565672,-48.833777878667476,Persistent / Stable
24.86629,76.85939,337.18,0.4,0.37,2026-10-09,801,N20,VIIRS,l,2.0NRT,310.49,1.96,D,VIIRS_NOAA20_NRT,,0,,,New / No Local History
20.95814,85.01173,307.86,0.44,0.46,2026-10-09,2029,N20,VIIRS,n,2.0NRT,293.02,1.96,N,VIIRS_NOAA20_NRT,3.09125,8,0.026178483126666697,-36.59522846744844,Persistent / Stable
14.27391,78.70483,331.62,0.34,0.56,2026-10-09,737,N,VIIRS,l,2.0NRT,304.51,1.96,D,VIIRS_SNPP_NRT,,0,,,New / No Local History
24.46621,75.34423,338.83,0.45,0.39,2026-10-09,801,N20,VIIRS,l,2.0NRT,309.66,1.95,D,VIIRS_NOAA20_NRT,,0,,,New / No Local History
20.86208,84.98792,324.32,0.44,0.46,2026-10-09,2029,N20,VIIRS,n,2.0NRT,291.31,1.95,N,VIIRS_NOAA20_NRT,3.015394736842105,76,0.019744407724966117,-35.33184971854954,Persistent / Stable
23.78327,85.57663,304.28,0.46,0.47,2026-10-09,1932,N21,VIIRS,n,2.0NRT,291.99,1.94,N,VIIRS_NOAA21_NRT,1.5119999999999998,10,0.05710965205389191,28.306878306878318,Persistent / Stable
22.24284,87.39062,306.78,0.59,0.53,2026-10-09,2027,N20,VIIRS,n,2.0NRT,291.7,1.94,N,VIIRS_NOAA20_NRT,2.518,10,0.06591722204639723,-22.954725972994435,Persistent / Stable
22.20691,84.86838,333.71,0.39,0.36,2026-10-09,739,N,VIIRS,n,2.0NRT,301.72,1.94,D,VIIRS_SNPP_NRT,2.4099999999999993,23,0.013600833528074403,-19.502074688796657,Persistent / Stable
23.71278,86.44796,307.52,0.38,0.36,2026-10-09,2008,N,VIIRS,n,2.0NRT,292.98,1.94,N,VIIRS_SNPP_NRT,2.5038571428571417,70,0.005614030631619916,-22.519541279169246,Persistent / Stable
24.1143,86.85966,312.26,0.39,0.36,2026-10-09,2008,N,VIIRS,n,2.0NRT,292.42,1.94,N,VIIRS_SNPP_NRT,1.5869999999999997,10,0.04572533167201734,22.24322621298048,Persistent / Stable
23.717,86.42167,307.96,0.38,0.36,2026-10-09,2008,N,VIIRS,n,2.0NRT,292.98,1.93,N,VIIRS_SNPP_NRT,2.379180327868852,61,0.017521544629105615,-18.87962516364637,Persistent / Stable
21.92478,85.22247,319.26,0.39,0.36,2026-10-09,2010,N,VIIRS,n,2.0NRT,294.39,1.93,N,VIIRS_SNPP_NRT,1.847058823529412,17,0.002558844792182484,4.490445859872589,Persistent / Stable
23.69597,86.0787,335.29,0.38,0.43,2026-10-09,703,N21,VIIRS,n,2.0NRT,297.51,1.92,D,VIIRS_NOAA21_NRT,2.495294117647058,85,0.007245067254346714,-23.055162659123038,Persistent / Stable
26.6401,79.47395,304.0,0.6,0.71,2026-10-09,1932,N21,VIIRS,n,2.0NRT,291.45,1.92,N,VIIRS_NOAA21_NRT,1.8419999999999999,5,0.2703448651800688,4.234527687296421,Persistent / Stable
22.00296,82.6688,312.05,0.47,0.4,2026-10-09,2027,N20,VIIRS,n,2.0NRT,296.72,1.92,N,VIIRS_NOAA20_NRT,1.743846153846154,13,0.018583620825258863,10.101455668284059,Persistent / Stable
15.17274,76.66187,306.16,0.39,0.36,2026-10-09,2032,N20,VIIRS,n,2.0NRT,291.14,1.92,N,VIIRS_NOAA20_NRT,2.4554625550660796,227,0.03185895647725294,-21.806993308096676,Persistent / Stable
15.17661,76.65884,318.26,0.39,0.36,2026-10-09,2032,N20,VIIRS,n,2.0NRT,291.94,1.92,N,VIIRS_NOAA20_NRT,2.482133333333334,225,0.006597231656728776,-22.647185217017643,Persistent / Stable
15.13007,78.53465,335.94,0.34,0.56,2026-10-09,739,N,VIIRS,n,2.0NRT,303.0,1.92,D,VIIRS_SNPP_NRT,,0,,,New / No Local History
23.80592,86.32915,320.42,0.38,0.36,2026-10-09,2008,N,VIIRS,n,2.0NRT,295.07,1.92,N,VIIRS_SNPP_NRT,2.3932203389830526,59,0.009768932404829542,-19.773371104815926,Persistent / Stable
20.97471,85.17125,315.73,0.38,0.36,2026-10-09,2010,N,VIIRS,n,2.0NRT,293.91,1.92,N,VIIRS_SNPP_NRT,3.547457627118643,118,0.010632207612190053,-45.87673196368847,Persistent / Stable
20.97529,85.16756,307.46,0.38,0.36,2026-10-09,2010,N,VIIRS,n,2.0NRT,293.33,1.92,N,VIIRS_SNPP_NRT,3.5234259259259253,108,0.008030437845280201,-45.50758153102251,Persistent / Stable
20.97802,85.17184,315.67,0.38,0.36,2026-10-09,2010,N,VIIRS,n,2.0NRT,293.9,1.92,N,VIIRS_SNPP_NRT,3.547457627118643,118,0.031142480091976305,-45.87673196368847,Persistent / Stable
22.05205,88.12435,313.66,0.42,0.38,2026-10-09,2010,N,VIIRS,n,2.0NRT,296.81,1.91,N,VIIRS_SNPP_NRT,4.342173913043477,23,0.017741816210834614,-56.012816661660146,Persistent / Reduced
22.33159,82.60772,320.92,0.45,0.39,2026-10-09,2010,N,VIIRS,n,2.0NRT,296.11,1.91,N,VIIRS_SNPP_NRT,1.767777777777778,9,0.06489868698179475,8.045254556882453,Persistent / Stable
21.3781,81.67979,309.46,0.38,0.59,2026-10-09,1932,N21,VIIRS,n,2.0NRT,294.77,1.9,N,VIIRS_NOAA21_NRT,2.452,15,0.030162879351560267,-22.512234910277325,Persistent / Stable
23.68031,86.3954,310.41,0.38,0.36,2026-10-09,2008,N,VIIRS,n,2.0NRT,293.85,1.9,N,VIIRS_SNPP_NRT,3.0147826086956515,92,0.002072326487065152,-36.97721372944908,Persistent / Stable
23.68362,86.39602,321.7,0.38,0.36,2026-10-09,2008,N,VIIRS,n,2.0NRT,294.3,1.9,N,VIIRS_SNPP_NRT,3.0147826086956515,92,0.0035782045246043896,-36.97721372944908,Persistent / Stable
23.68422,86.39227,326.72,0.38,0.36,2026-10-09,2008,N,VIIRS,n,2.0NRT,294.73,1.9,N,VIIRS_SNPP_NRT,3.0147826086956515,92,0.007688386930854095,-36.97721372944908,Persistent / Stable
23.80322,86.32478,324.01,0.38,0.36,2026-10-09,2008,N,VIIRS,n,2.0NRT,294.16,1.9,N,VIIRS_SNPP_NRT,2.4911999999999996,50,0.006340110593418488,-23.731535003211295,Persistent / Stable
23.80382,86.32102,309.15,0.38,0.36,2026-10-09,2008,N,VIIRS,n,2.0NRT,292.57,1.9,N,VIIRS_SNPP_NRT,2.5570833333333334,48,0.015306196208798075,-25.696594427244584,Persistent / Stable
20.562,78.51723,332.56,0.39,0.36,2026-10-09,758,N20,VIIRS,n,2.0NRT,306.44,1.89,D,VIIRS_NOAA20_NRT,,0,,,New / No Local History
23.57521,77.14346,337.12,0.4,0.37,2026-10-09,801,N20,VIIRS,l,2.0NRT,310.96,1.89,D,VIIRS_NOAA20_NRT,,0,,,New / No Local History
23.77763,86.21265,315.82,0.38,0.36,2026-10-09,2008,N,VIIRS,n,2.0NRT,293.21,1.89,N,VIIRS_SNPP_NRT,3.0968085106382968,47,0.018884666168860094,-38.96942631398143,Persistent / Stable
23.77822,86.20892,315.47,0.38,0.36,2026-10-09,2008,N,VIIRS,n,2.0NRT,294.91,1.89,N,VIIRS_SNPP_NRT,3.051874999999999,48,0.0017600866347172374,-38.07085807904975,Persistent / Stable
23.78153,86.20953,326.59,0.38,0.36,2026-10-09,2008,N,VIIRS,n,2.0NRT,294.78,1.89,N,VIIRS_SNPP_NRT,3.051874999999999,48,0.0020483477312885356,-38.07085807904975,Persistent / Stable
24.76185,74.60761,306.25,0.48,0.64,2026-10-09,2008,N,VIIRS,n,2.0NRT,295.17,1.89,N,VIIRS_SNPP_NRT,1.0876923076923075,13,0.009185523255095591,73.76237623762378,Abnormal Increase
20.96309,86.01089,317.9,0.39,0.36,2026-10-09,2010,N,VIIRS,n,2.0NRT,294.43,1.89,N,VIIRS_SNPP_NRT,3.830652173913042,46,0.008322122826049836,-50.66114295442936,Persistent / Reduced
20.96369,86.00719,314.88,0.39,0.36,2026-10-09,2010,N,VIIRS,n,2.0NRT,294.54,1.89,N,VIIRS_SNPP_NRT,3.830652173913042,46,0.010566819976612426,-50.66114295442936,Persistent / Reduced
20.96641,86.01151,333.55,0.39,0.36,2026-10-09,2010,N,VIIRS,n,2.0NRT,294.91,1.89,N,VIIRS_SNPP_NRT,3.830652173913042,46,0.011749861599166215,-50.66114295442936,Persistent / Reduced
21.24424,79.22522,316.87,0.44,0.46,2026-10-09,2010,N,VIIRS,n,2.0NRT,296.66,1.89,N,VIIRS_SNPP_NRT,1.1885714285714284,7,0.18241191699729564,59.014423076923094,Abnormal Increase
24.82289,73.09477,311.46,0.48,0.65,2026-10-09,2150,N,VIIRS,n,2.0NRT,297.22,1.89,N,VIIRS_SNPP_NRT,0.9616666666666668,6,0.14036034873797576,96.53379549393411,Abnormal Increase
23.93868,74.84751,337.72,0.32,0.55,2026-10-09,845,N21,VIIRS,n,2.0NRT,309.55,1.88,D,VIIRS_NOAA21_NRT,,0,,,New / No Local History
31.47105,75.14286,334.93,0.4,0.37,2026-10-09,803,N20,VIIRS,n,2.0NRT,300.14,1.88,D,VIIRS_NOAA20_NRT,,0,,,New / No Local History
21.68262,84.03956,304.91,0.54,0.51,2026-10-09,1932,N21,VIIRS,n,2.0NRT,293.3,1.87,N,VIIRS_NOAA21_NRT,2.826315789473685,19,0.01152471056084256,-33.83612662942273,Persistent / Stable
23.55156,86.53986,305.39,0.4,0.44,2026-10-09,1932,N21,VIIRS,n,2.0NRT,291.66,1.87,N,VIIRS_NOAA21_NRT,1.3466666666666667,6,0.039865625438565665,38.86138613861387,Persistent / Stable
16.93378,80.72369,331.03,0.38,0.36,2026-10-09,758,N20,VIIRS,n,2.0NRT,303.3,1.86,D,VIIRS_NOAA20_NRT,,0,,,New / No Local History
27.09672,77.32714,338.22,0.39,0.36,2026-10-09,801,N20,VIIRS,l,2.0NRT,311.99,1.86,D,VIIRS_NOAA20_NRT,,0,,,New / No Local History
21.75809,83.84428,311.36,0.55,0.43,2026-10-09,2027,N20,VIIRS,n,2.0NRT,295.3,1.86,N,VIIRS_NOAA20_NRT,4.736385542168675,83,0.012392906406945752,-60.72954822954822,Persistent / Reduced
21.76194,83.84511,313.46,0.55,0.43,2026-10-09,2027,N20,VIIRS,n,2.0NRT,294.61,1.86,N,VIIRS_NOAA20_NRT,4.736385542168675,83,0.02318110486014078,-60.72954822954822,Persistent / Reduced
23.78188,86.37228,309.88,0.47,0.48,2026-10-09,2027,N20,VIIRS,n,2.0NRT,291.5,1.86,N,VIIRS_NOAA20_NRT,2.079393939393939,66,0.05497976487589904,-10.550859807636241,Persistent / Stable
17.14171,77.17549,310.63,0.39,0.36,2026-10-09,2029,N20,VIIRS,n,2.0NRT,298.37,1.86,N,VIIRS_NOAA20_NRT,1.548,10,0.10948879518351719,20.155038759689926,Persistent / Stable
23.56208,87.08524,317.99,0.39,0.36,2026-10-09,2008,N,VIIRS,n,2.0NRT,293.76,1.86,N,VIIRS_SNPP_NRT,1.9581818181818185,11,0.00754208255092298,-5.01392757660168,Persistent / Stable
22.35712,87.29218,305.24,0.52,0.42,2026-10-09,1932,N21,VIIRS,n,2.0NRT,293.75,1.85,N,VIIRS_NOAA21_NRT,3.3263302752293593,109,0.01530542578842808,-44.38315359792594,Persistent / Stable
23.73401,86.43727,304.95,0.41,0.45,2026-10-09,1932,N21,VIIRS,n,2.0NRT,293.12,1.85,N,VIIRS_NOAA21_NRT,2.4079120879120874,91,0.05646354425774922,-23.169952537422397,Persistent / Stable
15.54119,77.40699,330.01,0.39,0.59,2026-10-09,739,N,VIIRS,l,2.0NRT,303.84,1.85,D,VIIRS_SNPP_NRT,,0,,,New / No Local History
21.74556,83.84129,312.32,0.41,0.37,2026-10-09,2010,N,VIIRS,n,2.0NRT,295.62,1.85,N,VIIRS_SNPP_NRT,4.736385542168675,83,0.00929994165465624,-60.94067969067969,Persistent / Reduced
21.74896,83.84186,317.6,0.41,0.37,2026-10-09,2010,N,VIIRS,n,2.0NRT,296.33,1.85,N,VIIRS_SNPP_NRT,4.736385542168675,83,0.012162056993265988,-60.94067969067969,Persistent / Reduced
20.90924,71.45908,311.34,0.4,0.44,2026-10-09,2114,N21,VIIRS,n,2.0NRT,298.33,1.84,N,VIIRS_NOAA21_NRT,1.2485714285714289,14,0.01149116973315044,47.36842105263155,Persistent / Stable
23.2289,79.5999,335.03,0.39,0.36,2026-10-09,758,N20,VIIRS,n,2.0NRT,306.74,1.84,D,VIIRS_NOAA20_NRT,,0,,,New / No Local History
18.69059,78.3691,330.33,0.4,0.37,2026-10-09,801,N20,VIIRS,l,2.0NRT,302.38,1.84,D,VIIRS_NOAA20_NRT,,0,,,New / No Local History
23.73624,78.26399,334.36,0.39,0.36,2026-10-09,801,N20,VIIRS,n,2.0NRT,307.73,1.84,D,VIIRS_NOAA20_NRT,,0,,,New / No Local History
29.13938,75.95771,335.9,0.39,0.37,2026-10-09,801,N20,VIIRS,n,2.0NRT,302.26,1.84,D,VIIRS_NOAA20_NRT,,0,,,New / No Local History
17.46199,80.65489,308.88,0.5,0.41,2026-10-09,2010,N,VIIRS,n,2.0NRT,295.6,1.84,N,VIIRS_SNPP_NRT,1.3228571428571427,7,0.013547175995311002,39.0928725701944,Persistent / Stable
18.53891,83.34367,323.02,0.4,0.37,2026-10-09,2010,N,VIIRS,n,2.0NRT,296.3,1.84,N,VIIRS_SNPP_NRT,,0,,,New / No Local History
13.34039,80.17752,330.59,0.39,0.36,2026-10-09,758,N20,VIIRS,n,2.0NRT,300.56,1.83,D,VIIRS_NOAA20_NRT,,0,,,New / No Local History
23.7587,86.4045,308.36,0.41,0.45,2026-10-09,1932,N21,VIIRS,n,2.0NRT,291.42,1.82,N,VIIRS_NOAA21_NRT,2.158924050632911,158,0.002154196515421413,-15.69874820439153,Persistent / Stable
23.75918,86.40048,315.19,0.41,0.45,2026-10-09,1932,N21,VIIRS,n,2.0NRT,292.55,1.82,N,VIIRS_NOAA21_NRT,2.158924050632911,158,0.017752449389195287,-15.69874820439153,Persistent / Stable
19.94512,78.8101,333.12,0.39,0.36,2026-10-09,758,N20,VIIRS,l,2.0NRT,306.61,1.82,D,VIIRS_NOAA20_NRT,,0,,,New / No Local History
17.60712,83.20263,313.07,0.39,0.44,2026-10-09,2029,N20,VIIRS,n,2.0NRT,297.12,1.82,N,VIIRS_NOAA20_NRT,2.7028571428571433,35,0.004714740492828405,-32.66384778012686,Persistent / Stable
17.6111,83.20344,328.88,0.39,0.44,2026-10-09,2029,N20,VIIRS,n,2.0NRT,297.58,1.82,N,VIIRS_NOAA20_NRT,2.7028571428571433,35,0.008794121123358738,-32.66384778012686,Persistent / Stable
21.07935,85.04128,312.17,0.44,0.46,2026-10-09,2029,N20,VIIRS,n,2.0NRT,293.34,1.82,N,VIIRS_NOAA20_NRT,2.44,20,0.015836692757741154,-25.409836065573764,Persistent / Stable
21.08018,85.03714,313.84,0.44,0.46,2026-10-09,2029,N20,VIIRS,n,2.0NRT,294.19,1.82,N,VIIRS_NOAA20_NRT,2.44,20,0.015840210553859233,-25.409836065573764,Persistent / Stable
20.96693,85.17745,309.89,0.38,0.36,2026-10-09,2010,N,VIIRS,n,2.0NRT,293.12,1.82,N,VIIRS_SNPP_NRT,3.5795412844036694,109,0.006686291752758527,-49.155496322115994,Persistent / Stable
20.96751,85.17377,318.28,0.38,0.36,2026-10-09,2010,N,VIIRS,n,2.0NRT,293.17,1.82,N,VIIRS_SNPP_NRT,3.5661739130434773,115,0.006568878875849889,-48.964911852917496,Persistent / Stable
20.97024,85.17804,315.54,0.38,0.36,2026-10-09,2010,N,VIIRS,n,2.0NRT,294.06,1.82,N,VIIRS_SNPP_NRT,3.5795412844036694,109,0.05192167749129972,-49.155496322115994,Persistent / Stable
20.97082,85.17435,320.9,0.38,0.36,2026-10-09,2010,N,VIIRS,n,2.0NRT,294.87,1.82,N,VIIRS_SNPP_NRT,3.549821428571428,112,0.013610359443700072,-48.729815383067546,Persistent / Stable
21.07406,85.03711,311.45,0.39,0.36,2026-10-09,2010,N,VIIRS,n,2.0NRT,295.31,1.82,N,VIIRS_SNPP_NRT,2.44,20,0.02070009800314965,-25.409836065573764,Persistent / Stable
22.93156,69.70411,319.96,0.45,0.39,2026-10-09,2114,N21,VIIRS,n,2.0NRT,297.3,1.81,N,VIIRS_NOAA21_NRT,2.3864,25,0.060426514667983926,-24.15353670801207,Persistent / Stable
23.93517,76.02593,336.85,0.43,0.38,2026-10-09,801,N20,VIIRS,l,2.0NRT,311.15,1.81,D,VIIRS_NOAA20_NRT,,0,,,New / No Local History
22.20994,84.86143,307.46,0.41,0.45,2026-10-09,2027,N20,VIIRS,n,2.0NRT,293.47,1.81,N,VIIRS_NOAA20_NRT,2.2799999999999994,27,0.006115820673751576,-20.614035087719273,Persistent / Stable
22.33126,82.60418,316.49,0.47,0.39,2026-10-09,2027,N20,VIIRS,n,2.0NRT,295.36,1.79,N,VIIRS_NOAA20_NRT,1.6959999999999997,10,0.026743820441707495,5.542452830188698,Persistent / Stable
21.17788,81.38713,310.52,0.5,0.41,2026-10-09,2010,N,VIIRS,n,2.0NRT,295.53,1.79,N,VIIRS_SNPP_NRT,2.7287500000000002,24,0.04577948497929528,-34.402198808978476,Persistent / Stable
15.41978,76.65976,332.27,0.33,0.55,2026-10-09,843,N21,VIIRS,n,2.0NRT,297.17,1.78,D,VIIRS_NOAA21_NRT,,0,,,New / No Local History
17.10866,80.75658,331.7,0.39,0.36,2026-10-09,758,N20,VIIRS,n,2.0NRT,304.8,1.77,D,VIIRS_NOAA20_NRT,,0,,,New / No Local History
17.11196,80.75603,336.16,0.39,0.36,2026-10-09,758,N20,VIIRS,n,2.0NRT,303.98,1.77,D,VIIRS_NOAA20_NRT,,0,,,New / No Local History
27.97139,77.63879,332.6,0.38,0.36,2026-10-09,801,N20,VIIRS,n,2.0NRT,302.66,1.77,D,VIIRS_NOAA20_NRT,,0,,,New / No Local History
23.16603,82.34214,335.22,0.45,0.39,2026-10-09,741,N,VIIRS,n,2.0NRT,299.26,1.77,D,VIIRS_SNPP_NRT,1.913076923076923,13,0.03994447014831934,-7.478890229191788,Persistent / Stable
23.7734,86.19641,313.38,0.38,0.36,2026-10-09,2008,N,VIIRS,n,2.0NRT,293.14,1.77,N,VIIRS_SNPP_NRT,3.051874999999999,48,0.012259457172013277,-42.00286708990373,Persistent / Stable
21.34718,81.66469,312.79,0.44,0.38,2026-10-09,2029,N20,VIIRS,n,2.0NRT,295.96,1.76,N,VIIRS_NOAA20_NRT,2.6950000000000003,12,0.01416591440985076,-34.693877551020414,Persistent / Stable
22.81131,86.08733,320.65,0.38,0.36,2026-10-09,2010,N,VIIRS,n,2.0NRT,294.18,1.76,N,VIIRS_SNPP_NRT,2.015,14,0.056722824949826375,-12.655086848635241,Persistent / Stable
26.64155,79.47981,313.34,0.47,0.64,2026-10-09,2112,N21,VIIRS,n,2.0NRT,291.8,1.75,N,VIIRS_NOAA21_NRT,1.8419999999999999,5,0.07752649746982902,-4.994571118349612,Persistent / Stable
12.17379,79.22461,335.16,0.42,0.38,2026-10-09,758,N20,VIIRS,n,2.0NRT,299.37,1.75,D,VIIRS_NOAA20_NRT,,0,,,New / No Local History
21.68115,84.04192,311.52,0.4,0.37,2026-10-09,2010,N,VIIRS,n,2.0NRT,295.08,1.75,N,VIIRS_SNPP_NRT,2.826315789473685,19,0.011337366329398755,-38.08193668528865,Persistent / Stable
23.72537,86.44009,309.11,0.41,0.45,2026-10-09,1932,N21,VIIRS,n,2.0NRT,292.55,1.74,N,VIIRS_NOAA21_NRT,2.4556321839080453,87,0.007821395051957187,-29.142482681145832,Persistent / Stable
21.80194,82.04072,309.31,0.45,0.39,2026-10-09,2027,N20,VIIRS,n,2.0NRT,296.72,1.74,N,VIIRS_NOAA20_NRT,1.915,2,0.16521468423687316,-9.138381201044389,Persistent / Stable
22.93728,69.69767,306.07,0.36,0.57,2026-10-09,2029,N20,VIIRS,n,2.0NRT,295.43,1.74,N,VIIRS_NOAA20_NRT,2.3864,25,0.02219511419448811,-27.086825343613814,Persistent / Stable
21.80025,82.04052,310.62,0.47,0.4,2026-10-09,2010,N,VIIRS,n,2.0NRT,296.32,1.74,N,VIIRS_SNPP_NRT,1.915,2,0.14467912536495756,-9.138381201044389,Persistent / Stable
21.79965,82.03922,312.58,0.37,0.58,2026-10-09,1932,N21,VIIRS,n,2.0NRT,295.05,1.73,N,VIIRS_NOAA21_NRT,1.915,2,0.012789915098362189,-9.66057441253264,Persistent / Stable
26.87841,73.51516,305.67,0.41,0.45,2026-10-09,2112,N21,VIIRS,n,2.0NRT,295.38,1.73,N,VIIRS_NOAA21_NRT,1.669047619047619,21,0.0194887619551895,3.651925820256785,Persistent / Stable
22.32874,82.65936,310.62,0.47,0.4,2026-10-09,2027,N20,VIIRS,n,2.0NRT,295.01,1.73,N,VIIRS_NOAA20_NRT,,0,,,New / No Local History
19.09445,82.17104,316.28,0.49,0.4,2026-10-09,2029,N20,VIIRS,n,2.0NRT,293.76,1.73,N,VIIRS_NOAA20_NRT,2.2891666666666666,36,0.004411231152869812,-24.42664725154714,Persistent / Stable
14.05918,80.02426,333.13,0.56,0.52,2026-10-09,737,N,VIIRS,n,2.0NRT,302.83,1.73,D,VIIRS_SNPP_NRT,,0,,,New / No Local History
23.6735,86.39793,306.35,0.38,0.36,2026-10-09,2008,N,VIIRS,n,2.0NRT,293.74,1.73,N,VIIRS_SNPP_NRT,3.0147826086956515,92,0.005109563041713733,-42.616094606287845,Persistent / Stable
23.67621,86.40231,316.11,0.38,0.36,2026-10-09,2008,N,VIIRS,n,2.0NRT,295.18,1.73,N,VIIRS_SNPP_NRT,3.0147826086956515,92,0.020426269162859816,-42.616094606287845,Persistent / Stable
23.67681,86.39854,326.39,0.38,0.36,2026-10-09,2008,N,VIIRS,n,2.0NRT,295.57,1.73,N,VIIRS_SNPP_NRT,3.0147826086956515,92,0.005334665601239265,-42.616094606287845,Persistent / Stable
18.93601,78.4332,331.09,0.4,0.37,2026-10-09,801,N20,VIIRS,l,2.0NRT,305.69,1.72,D,VIIRS_NOAA20_NRT,,0,,,New / No Local History
22.8767,86.06291,306.76,0.47,0.48,2026-10-09,2027,N20,VIIRS,n,2.0NRT,291.39,1.72,N,VIIRS_NOAA20_NRT,2.0949999999999998,10,0.008916314295813441,-17.899761336515503,Persistent / Stable
22.03074,83.36674,308.52,0.42,0.38,2026-10-09,2010,N,VIIRS,n,2.0NRT,295.27,1.72,N,VIIRS_SNPP_NRT,1.5653846153846156,13,0.31749625722126035,9.87714987714986,Persistent / Stable
21.48619,81.76771,312.91,0.44,0.38,2026-10-09,2029,N20,VIIRS,n,2.0NRT,296.24,1.71,N,VIIRS_NOAA20_NRT,1.4842857142857144,7,0.0076348281669713055,15.206929740134731,Persistent / Stable
15.17522,76.67551,305.37,0.54,0.51,2026-10-09,2012,N,VIIRS,n,2.0NRT,289.12,1.71,N,VIIRS_SNPP_NRT,2.467724867724868,189,0.005449496329495001,-30.705403087478565,Persistent / Stable
21.8001,82.03973,314.27,0.37,0.58,2026-10-09,1932,N21,VIIRS,n,2.0NRT,295.22,1.7,N,VIIRS_NOAA21_NRT,1.915,2,0.06333024475536417,-11.227154046997393,Persistent / Stable
22.59181,85.9043,304.31,0.42,0.45,2026-10-09,1932,N21,VIIRS,n,2.0NRT,292.43,1.7,N,VIIRS_NOAA21_NRT,2.4885,20,0.0061853956077896404,-31.685754470564603,Persistent / Stable
23.68126,86.39446,311.96,0.41,0.45,2026-10-09,1932,N21,VIIRS,n,2.0NRT,293.54,1.7,N,VIIRS_NOAA21_NRT,3.0147826086956515,92,0.003029151842099377,-43.61119123161233,Persistent / Stable
23.68534,86.39506,311.86,0.41,0.45,2026-10-09,1932,N21,VIIRS,n,2.0NRT,292.26,1.7,N,VIIRS_NOAA21_NRT,3.0147826086956515,92,0.008456845379194363,-43.61119123161233,Persistent / Stable
23.68583,86.39103,315.58,0.41,0.45,2026-10-09,1932,N21,VIIRS,n,2.0NRT,292.84,1.7,N,VIIRS_NOAA21_NRT,3.0147826086956515,92,0.0057486162703335765,-43.61119123161233,Persistent / Stable
18.85922,78.50507,333.07,0.4,0.37,2026-10-09,801,N20,VIIRS,l,2.0NRT,306.36,1.7,D,VIIRS_NOAA20_NRT,,0,,,New / No Local History
20.9579,85.01308,305.15,0.44,0.46,2026-10-09,2029,N20,VIIRS,n,2.0NRT,293.02,1.7,N,VIIRS_NOAA20_NRT,3.09125,8,0.012013890511366428,-45.0060655074808,Persistent / Stable
13.39295,80.10146,312.8,0.46,0.39,2026-10-09,2032,N20,VIIRS,n,2.0NRT,288.17,1.7,N,VIIRS_NOAA20_NRT,1.8466666666666667,6,0.007788635203243198,-7.942238267148018,Persistent / Stable
23.76092,86.40288,311.85,0.38,0.36,2026-10-09,2008,N,VIIRS,n,2.0NRT,291.56,1.7,N,VIIRS_SNPP_NRT,2.158924050632911,158,0.004244892531170739,-21.257072498607478,Persistent / Stable
23.76152,86.39912,306.15,0.38,0.36,2026-10-09,2008,N,VIIRS,n,2.0NRT,291.39,1.7,N,VIIRS_SNPP_NRT,2.1566666666666663,159,0.020440742243159976,-21.174652241112817,Persistent / Stable
23.76423,86.4035,331.78,0.38,0.36,2026-10-09,2008,N,VIIRS,n,2.0NRT,294.71,1.7,N,VIIRS_SNPP_NRT,2.158924050632911,158,0.002382478397951245,-21.257072498607478,Persistent / Stable
15.18508,76.31633,310.78,0.39,0.36,2026-10-09,2032,N20,VIIRS,n,2.0NRT,295.84,1.69,N,VIIRS_NOAA20_NRT,1.6600000000000001,3,0.020401363938312343,1.8072289156626387,Persistent / Stable
23.72362,86.42292,312.05,0.38,0.36,2026-10-09,2008,N,VIIRS,n,2.0NRT,294.74,1.69,N,VIIRS_SNPP_NRT,2.282205882352941,68,0.016506409287495683,-25.948836909594693,Persistent / Stable
20.96852,86.01952,312.52,0.39,0.36,2026-10-09,2010,N,VIIRS,n,2.0NRT,294.18,1.69,N,VIIRS_SNPP_NRT,3.696599999999998,50,0.1879652541613067,-54.282313477249346,Persistent / Reduced
23.69071,87.12275,308.76,0.56,0.43,2026-10-09,1932,N21,VIIRS,n,2.0NRT,292.64,1.68,N,VIIRS_NOAA21_NRT,2.839636363636363,55,0.0046430006813941585,-40.837495197848625,Persistent / Stable
23.69462,87.12332,307.99,0.56,0.43,2026-10-09,1932,N21,VIIRS,n,2.0NRT,292.47,1.68,N,VIIRS_NOAA21_NRT,2.839636363636363,55,0.010917789979308274,-40.837495197848625,Persistent / Stable
10.46182,79.83782,332.1,0.42,0.37,2026-10-09,758,N20,VIIRS,n,2.0NRT,298.8,1.68,D,VIIRS_NOAA20_NRT,,0,,,New / No Local History
18.87513,77.82318,333.9,0.41,0.37,2026-10-09,801,N20,VIIRS,l,2.0NRT,305.88,1.68,D,VIIRS_NOAA20_NRT,,0,,,New / No Local History
24.9876,77.1405,339.17,0.39,0.36,2026-10-09,801,N20,VIIRS,n,2.0NRT,310.26,1.68,D,VIIRS_NOAA20_NRT,,0,,,New / No Local History
27.64919,77.44618,333.26,0.38,0.36,2026-10-09,801,N20,VIIRS,l,2.0NRT,304.91,1.68,D,VIIRS_NOAA20_NRT,,0,,,New / No Local History
22.0373,83.3545,307.26,0.51,0.41,2026-10-09,2027,N20,VIIRS,n,2.0NRT,294.43,1.68,N,VIIRS_NOAA20_NRT,1.5653846153846156,13,0.0867010044689907,7.321867321867304,Persistent / Stable
22.03819,83.34961,314.12,0.51,0.41,2026-10-09,2027,N20,VIIRS,n,2.0NRT,294.39,1.68,N,VIIRS_NOAA20_NRT,1.5653846153846156,13,0.01558929750112215,7.321867321867304,Persistent / Stable
21.37467,81.64119,307.69,0.49,0.4,2026-10-09,2010,N,VIIRS,n,2.0NRT,295.52,1.68,N,VIIRS_SNPP_NRT,2.078888888888889,9,0.010578161474473033,-19.187600213789416,Persistent / Stable
21.85914,83.96756,311.51,0.4,0.37,2026-10-09,2010,N,VIIRS,n,2.0NRT,295.16,1.68,N,VIIRS_SNPP_NRT,2.225,2,0.07131121412893356,-24.494382022471918,Persistent / Stable
23.40797,76.95049,332.91,0.43,0.62,2026-10-09,845,N21,VIIRS,l,2.0NRT,306.32,1.67,D,VIIRS_NOAA21_NRT,,0,,,New / No Local History
23.77168,86.36574,320.02,0.41,0.45,2026-10-09,1932,N21,VIIRS,n,2.0NRT,292.03,1.67,N,VIIRS_NOAA21_NRT,1.9725000000000004,52,0.00939841485745887,-15.335868187579232,Persistent / Stable
23.77217,86.36171,305.41,0.41,0.45,2026-10-09,1932,N21,VIIRS,n,2.0NRT,291.63,1.67,N,VIIRS_NOAA21_NRT,1.9240000000000004,55,0.021769398715898808,-13.201663201663221,Persistent / Stable
18.91742,78.21138,333.06,0.4,0.37,2026-10-09,801,N20,VIIRS,n,2.0NRT,302.43,1.67,D,VIIRS_NOAA20_NRT,,0,,,New / No Local History
24.2048,82.71026,308.05,0.35,0.57,2026-10-09,1932,N21,VIIRS,n,2.0NRT,290.65,1.66,N,VIIRS_NOAA21_NRT,1.1085714285714285,7,0.018229255016808107,49.74226804123711,Persistent / Stable
24.47574,80.64315,332.97,0.41,0.37,2026-10-09,801,N20,VIIRS,n,2.0NRT,300.86,1.66,D,VIIRS_NOAA20_NRT,,0,,,New / No Local History
15.54045,77.40782,330.63,0.39,0.59,2026-10-09,739,N,VIIRS,l,2.0NRT,303.51,1.66,D,VIIRS_SNPP_NRT,,0,,,New / No Local History
27.46052,77.59991,332.76,0.45,0.47,2026-10-09,741,N,VIIRS,n,2.0NRT,301.92,1.66,D,VIIRS_SNPP_NRT,,0,,,New / No Local History
23.73625,86.42918,312.62,0.38,0.36,2026-10-09,2008,N,VIIRS,n,2.0NRT,292.58,1.66,N,VIIRS_SNPP_NRT,2.219047619047619,84,0.004552810475448845,-25.19313304721031,Persistent / Stable
23.77656,86.39035,316.24,0.38,0.36,2026-10-09,2008,N,VIIRS,n,2.0NRT,293.14,1.66,N,VIIRS_SNPP_NRT,2.20476821192053,151,0.0061475058443185935,-24.708638712002898,Persistent / Stable
23.77716,86.3866,310.59,0.38,0.36,2026-10-09,2008,N,VIIRS,n,2.0NRT,293.0,1.66,N,VIIRS_SNPP_NRT,2.241621621621622,148,0.007849516593558356,-25.94646732577769,Persistent / Stable
23.77987,86.39097,324.69,0.38,0.36,2026-10-09,2008,N,VIIRS,n,2.0NRT,294.85,1.66,N,VIIRS_SNPP_NRT,2.20476821192053,151,0.0041233294331369744,-24.708638712002898,Persistent / Stable
22.03654,83.35103,314.75,0.42,0.38,2026-10-09,2010,N,VIIRS,n,2.0NRT,294.85,1.66,N,VIIRS_SNPP_NRT,1.5653846153846156,13,0.022744338125915385,6.044226044226025,Persistent / Stable
22.30512,77.02847,338.23,0.41,0.37,2026-10-09,758,N20,VIIRS,n,2.0NRT,308.91,1.65,D,VIIRS_NOAA20_NRT,,0,,,New / No Local History
18.8067,78.41415,331.01,0.4,0.37,2026-10-09,801,N20,VIIRS,l,2.0NRT,305.66,1.65,D,VIIRS_NOAA20_NRT,,0,,,New / No Local History
20.95083,86.049,306.84,0.51,0.49,2026-10-09,2029,N20,VIIRS,n,2.0NRT,292.39,1.65,N,VIIRS_NOAA20_NRT,3.456785714285715,28,0.01591401772657641,-52.26779625994422,Persistent / Reduced
20.95182,86.04408,311.64,0.51,0.49,2026-10-09,2029,N20,VIIRS,n,2.0NRT,291.61,1.65,N,VIIRS_NOAA20_NRT,3.505925925925927,27,0.00963155711175584,-52.936826537080094,Persistent / Reduced
23.5501,86.54357,304.69,0.49,0.49,2026-10-09,2027,N20,VIIRS,n,2.0NRT,291.5,1.64,N,VIIRS_NOAA20_NRT,1.3466666666666667,6,0.08992879476335199,21.782178217821773,Persistent / Stable
23.71736,86.44086,300.03,0.48,0.48,2026-10-09,2027,N20,VIIRS,n,2.0NRT,289.27,1.64,N,VIIRS_NOAA20_NRT,2.4998809523809515,84,0.004790338740674973,-34.396876041716254,Persistent / Stable
22.41918,69.03725,311.59,0.39,0.59,2026-10-09,2029,N20,VIIRS,n,2.0NRT,296.46,1.64,N,VIIRS_NOAA20_NRT,1.9833333333333334,9,0.04022894659746731,-17.31092436974791,Persistent / Stable
22.06613,83.70544,306.16,0.57,0.52,2026-10-09,1932,N21,VIIRS,n,2.0NRT,292.06,1.63,N,VIIRS_NOAA21_NRT,1.34,1,0.012377945269667626,21.641791044776106,Single Historical Detection
21.98665,75.5442,335.12,0.47,0.4,2026-10-09,758,N20,VIIRS,n,2.0NRT,307.76,1.63,D,VIIRS_NOAA20_NRT,,0,,,New / No Local History
21.33784,78.97044,314.78,0.38,0.36,2026-10-09,2029,N20,VIIRS,n,2.0NRT,295.14,1.63,N,VIIRS_NOAA20_NRT,1.755384615384615,13,0.015647301995680714,-7.142857142857134,Persistent / Stable
23.7728,86.20017,304.49,0.38,0.36,2026-10-09,2008,N,VIIRS,n,2.0NRT,292.94,1.63,N,VIIRS_SNPP_NRT,3.051874999999999,48,0.043868556570199405,-46.590210935900046,Persistent / Stable
24.62766,76.97765,335.02,0.4,0.37,2026-10-09,801,N20,VIIRS,n,2.0NRT,308.62,1.62,D,VIIRS_NOAA20_NRT,,0,,,New / No Local History
21.76493,84.02114,309.43,0.56,0.43,2026-10-09,2027,N20,VIIRS,n,2.0NRT,294.85,1.62,N,VIIRS_NOAA20_NRT,2.5425,24,0.02195051489064931,-36.28318584070796,Persistent / Stable
21.76593,84.01585,305.35,0.56,0.43,2026-10-09,2027,N20,VIIRS,n,2.0NRT,294.37,1.62,N,VIIRS_NOAA20_NRT,2.5425,24,0.24891376904532805,-36.28318584070796,Persistent / Stable
21.76982,84.01669,310.14,0.56,0.43,2026-10-09,2027,N20,VIIRS,n,2.0NRT,295.23,1.62,N,VIIRS_NOAA20_NRT,2.5425,24,0.1625620018037929,-36.28318584070796,Persistent / Stable
15.33721,76.2773,308.99,0.39,0.36,2026-10-09,2032,N20,VIIRS,n,2.0NRT,296.16,1.62,N,VIIRS_NOAA20_NRT,1.33375,32,0.015069054029001673,21.462043111527656,Persistent / Stable
18.89023,77.7783,333.81,0.32,0.55,2026-10-09,739,N,VIIRS,n,2.0NRT,302.8,1.62,D,VIIRS_SNPP_NRT,,0,,,New / No Local History
20.94773,86.04238,310.81,0.39,0.36,2026-10-09,2010,N,VIIRS,n,2.0NRT,294.45,1.62,N,VIIRS_SNPP_NRT,3.505925925925927,27,0.07399238619751981,-53.79252060004227,Persistent / Reduced
20.96723,86.01373,316.9,0.4,0.44,2026-10-09,1932,N21,VIIRS,n,2.0NRT,294.42,1.61,N,VIIRS_NOAA21_NRT,3.830652173913042,46,0.027733295991316825,-57.97060325747685,Persistent / Reduced
20.9677,86.00996,307.74,0.4,0.44,2026-10-09,1932,N21,VIIRS,n,2.0NRT,294.29,1.61,N,VIIRS_NOAA21_NRT,3.736938775510202,49,0.007564383292078185,-56.91660750368628,Persistent / Reduced
22.31735,82.57341,312.57,0.34,0.56,2026-10-09,1932,N21,VIIRS,n,2.0NRT,294.49,1.61,N,VIIRS_NOAA21_NRT,1.8280952380952382,21,0.48141197939362185,-11.930190153685857,Persistent / Stable
19.09327,82.17026,316.85,0.33,0.55,2026-10-09,1934,N21,VIIRS,n,2.0NRT,293.22,1.61,N,VIIRS_NOAA21_NRT,2.2891666666666666,36,0.03733373266793684,-29.66872952311612,Persistent / Stable
22.78909,86.2011,301.83,0.48,0.48,2026-10-09,2027,N20,VIIRS,n,2.0NRT,291.35,1.61,N,VIIRS_NOAA20_NRT,2.479821428571428,56,0.052284049578931506,-35.07597033196513,Persistent / Stable
23.69389,85.37209,305.49,0.41,0.45,2026-10-09,2027,N20,VIIRS,n,2.0NRT,290.98,1.61,N,VIIRS_NOAA20_NRT,1.4726315789473683,19,0.03285125897134969,9.328091493924248,Persistent / Stable
23.77418,86.36572,302.43,0.47,0.48,2026-10-09,2027,N20,VIIRS,n,2.0NRT,290.61,1.61,N,VIIRS_NOAA20_NRT,1.9725000000000004,52,0.010177095889053307,-18.37769328263626,Persistent / Stable
23.78038,85.57565,301.85,0.42,0.45,2026-10-09,2027,N20,VIIRS,n,2.0NRT,290.82,1.61,N,VIIRS_NOAA20_NRT,1.5119999999999998,10,0.018318064625881442,6.481481481481503,Persistent / Stable
21.76815,84.01704,308.38,0.4,0.37,2026-10-09,2010,N,VIIRS,n,2.0NRT,295.37,1.61,N,VIIRS_SNPP_NRT,2.5425,24,0.12628061616091715,-36.676499508357914,Persistent / Stable
22.3799,87.29046,315.46,0.4,0.37,2026-10-09,2010,N,VIIRS,n,2.0NRT,293.42,1.61,N,VIIRS_SNPP_NRT,3.3263302752293593,109,0.04372137147740624,-51.5983120500869,Persistent / Reduced
21.24597,79.22274,303.75,0.61,0.71,2026-10-09,2114,N21,VIIRS,n,2.0NRT,293.59,1.6,N,VIIRS_NOAA21_NRT,1.19375,8,0.07478736804662738,34.031413612565444,Persistent / Stable
21.24241,79.22893,306.65,0.38,0.36,2026-10-09,2029,N20,VIIRS,n,2.0NRT,296.06,1.6,N,VIIRS_NOAA20_NRT,1.226,5,0.5669114736716595,30.505709624796097,Persistent / Stable
21.36399,81.65083,307.37,0.44,0.38,2026-10-09,2029,N20,VIIRS,n,2.0NRT,295.96,1.6,N,VIIRS_NOAA20_NRT,2.5772727272727276,11,0.06577758814697174,-37.91887125220459,Persistent / Stable
21.36471,81.64669,307.4,0.44,0.38,2026-10-09,2029,N20,VIIRS,n,2.0NRT,296.27,1.6,N,VIIRS_NOAA20_NRT,2.5772727272727276,11,0.07947651763388333,-37.91887125220459,Persistent / Stable
21.19728,81.41478,313.01,0.5,0.41,2026-10-09,2010,N,VIIRS,n,2.0NRT,294.1,1.6,N,VIIRS_SNPP_NRT,3.101,10,0.09330513772135088,-48.40374072879715,Persistent / Stable
21.76142,83.85196,311.85,0.41,0.37,2026-10-09,2010,N,VIIRS,n,2.0NRT,295.58,1.6,N,VIIRS_SNPP_NRT,4.770121951219512,82,0.07546713441623706,-66.45788060846222,Persistent / Reduced
17.4629,80.65517,305.72,0.4,0.6,2026-10-09,1934,N21,VIIRS,n,2.0NRT,290.19,1.59,N,VIIRS_NOAA21_NRT,1.3228571428571427,7,0.003853605211808251,20.194384449244076,Persistent / Stable
19.76586,78.62234,332.56,0.39,0.36,2026-10-09,758,N20,VIIRS,l,2.0NRT,307.01,1.59,D,VIIRS_NOAA20_NRT,,0,,,New / No Local History
18.76246,77.77941,336.84,0.42,0.37,2026-10-09,801,N20,VIIRS,n,2.0NRT,309.43,1.59,D,VIIRS_NOAA20_NRT,,0,,,New / No Local History
18.71242,79.123,332.32,0.39,0.36,2026-10-09,801,N20,VIIRS,n,2.0NRT,301.65,1.58,D,VIIRS_NOAA20_NRT,,0,,,New / No Local History
19.96249,79.33383,318.3,0.39,0.36,2026-10-09,2029,N20,VIIRS,n,2.0NRT,296.07,1.58,N,VIIRS_NOAA20_NRT,1.21,1,0.14109915039585452,30.578512396694222,Single Historical Detection
22.91064,75.49989,333.3,0.37,0.58,2026-10-09,741,N,VIIRS,l,2.0NRT,307.87,1.58,D,VIIRS_SNPP_NRT,,0,,,New / No Local History
21.98143,76.18779,331.67,0.35,0.57,2026-10-09,741,N,VIIRS,l,2.0NRT,305.76,1.57,D,VIIRS_SNPP_NRT,,0,,,New / No Local History
21.34487,81.66556,306.64,0.49,0.4,2026-10-09,2010,N,VIIRS,n,2.0NRT,294.85,1.57,N,VIIRS_SNPP_NRT,2.4775,8,0.037792402158573636,-36.629667003027244,Persistent / Stable
24.1989,82.7171,306.76,0.35,0.57,2026-10-09,1932,N21,VIIRS,n,2.0NRT,290.25,1.56,N,VIIRS_NOAA21_NRT,1.1085714285714285,7,0.25559112724166827,40.721649484536094,Persistent / Stable
21.73884,83.84001,306.21,0.55,0.43,2026-10-09,2027,N20,VIIRS,n,2.0NRT,294.98,1.56,N,VIIRS_NOAA20_NRT,4.770121951219512,82,0.02014028403507445,-67.29643359325067,Persistent / Reduced
19.35803,76.05874,313.4,0.42,0.38,2026-10-09,2029,N20,VIIRS,n,2.0NRT,292.86,1.56,N,VIIRS_NOAA20_NRT,,0,,,New / No Local History
14.12837,78.37157,337.47,0.36,0.57,2026-10-09,737,N,VIIRS,n,2.0NRT,302.71,1.56,D,VIIRS_SNPP_NRT,,0,,,New / No Local History
22.35848,82.30146,318.43,0.47,0.39,2026-10-09,2010,N,VIIRS,n,2.0NRT,297.39,1.56,N,VIIRS_SNPP_NRT,3.8262500000000004,24,0.006489408900269148,-59.229010127409346,Persistent / Reduced
22.36212,82.30205,305.97,0.47,0.39,2026-10-09,2010,N,VIIRS,n,2.0NRT,295.85,1.56,N,VIIRS_SNPP_NRT,3.8262500000000004,24,0.009950659746217696,-59.229010127409346,Persistent / Reduced
27.60524,77.4468,334.26,0.38,0.36,2026-10-09,801,N20,VIIRS,n,2.0NRT,304.99,1.55,D,VIIRS_NOAA20_NRT,,0,,,New / No Local History
20.70273,78.62144,309.23,0.38,0.36,2026-10-09,2029,N20,VIIRS,n,2.0NRT,298.08,1.55,N,VIIRS_NOAA20_NRT,1.468,5,0.1029756554652726,5.585831062670304,Persistent / Stable
22.24381,87.39112,306.7,0.52,0.41,2026-10-09,1932,N21,VIIRS,n,2.0NRT,293.56,1.54,N,VIIRS_NOAA21_NRT,2.518,10,0.1173303601977128,-38.840349483717226,Persistent / Stable
22.79705,86.2006,305.44,0.41,0.45,2026-10-09,1932,N21,VIIRS,n,2.0NRT,292.61,1.54,N,VIIRS_NOAA21_NRT,2.479821428571428,56,0.004511821509682903,-37.89875423057534,Persistent / Stable
23.5634,87.08624,304.33,0.56,0.43,2026-10-09,1932,N21,VIIRS,n,2.0NRT,291.88,1.54,N,VIIRS_NOAA21_NRT,1.9581818181818185,11,0.09478876458479465,-21.355617455896017,Persistent / Stable
23.68951,87.10058,308.16,0.56,0.43,2026-10-09,1932,N21,VIIRS,n,2.0NRT,292.32,1.54,N,VIIRS_NOAA21_NRT,2.0984375,32,0.028808939979619207,-26.612062546537608,Persistent / Stable
23.82507,85.49835,303.4,0.46,0.47,2026-10-09,1932,N21,VIIRS,n,2.0NRT,292.82,1.54,N,VIIRS_NOAA21_NRT,1.2481818181818183,11,0.003180910696120354,23.379461034231603,Persistent / Stable
18.83172,78.35551,334.26,0.4,0.37,2026-10-09,801,N20,VIIRS,l,2.0NRT,305.41,1.54,D,VIIRS_NOAA20_NRT,,0,,,New / No Local History
21.92818,85.22163,304.97,0.44,0.46,2026-10-09,2027,N20,VIIRS,n,2.0NRT,291.94,1.54,N,VIIRS_NOAA20_NRT,1.847058823529412,17,0.014100775416543214,-16.624203821656064,Persistent / Stable
23.78408,86.33966,306.6,0.47,0.48,2026-10-09,2027,N20,VIIRS,n,2.0NRT,291.15,1.54,N,VIIRS_NOAA20_NRT,2.299113924050633,79,0.07326099440593566,-33.01767329185707,Persistent / Stable
16.7504,80.74686,331.57,0.38,0.36,2026-10-09,758,N20,VIIRS,n,2.0NRT,298.07,1.53,D,VIIRS_NOAA20_NRT,,0,,,New / No Local History
23.61417,86.78738,309.35,0.5,0.49,2026-10-09,2027,N20,VIIRS,n,2.0NRT,291.01,1.53,N,VIIRS_NOAA20_NRT,1.6899999999999997,13,0.04992559857243356,-9.467455621301758,Persistent / Stable
18.72007,79.53812,315.91,0.4,0.37,2026-10-09,2029,N20,VIIRS,n,2.0NRT,297.39,1.53,N,VIIRS_NOAA20_NRT,1.7500000000000002,13,0.011762198196813897,-12.57142857142858,Persistent / Stable
18.72341,79.53873,309.58,0.4,0.37,2026-10-09,2029,N20,VIIRS,n,2.0NRT,297.11,1.53,N,VIIRS_NOAA20_NRT,1.7500000000000002,13,0.031006429319406694,-12.57142857142858,Persistent / Stable
21.36592,81.67852,306.32,0.49,0.4,2026-10-09,2010,N,VIIRS,n,2.0NRT,295.68,1.53,N,VIIRS_SNPP_NRT,2.3618750000000004,16,0.02824658547052055,-35.22095792537709,Persistent / Stable
21.75237,83.84241,306.59,0.41,0.37,2026-10-09,2010,N,VIIRS,n,2.0NRT,295.2,1.53,N,VIIRS_SNPP_NRT,4.736385542168675,83,0.014189096884257004,-67.69688644688644,Persistent / Reduced
21.75577,83.84299,319.25,0.41,0.37,2026-10-09,2010,N,VIIRS,n,2.0NRT,296.7,1.53,N,VIIRS_SNPP_NRT,4.736385542168675,83,0.00988888842686442,-67.69688644688644,Persistent / Reduced
23.75557,86.39587,304.92,0.41,0.45,2026-10-09,1932,N21,VIIRS,n,2.0NRT,292.22,1.52,N,VIIRS_NOAA21_NRT,2.1942763157894736,152,0.006182311963166383,-30.72886996671963,Persistent / Stable
11.55801,79.62739,336.02,0.41,0.37,2026-10-09,758,N20,VIIRS,n,2.0NRT,303.15,1.52,D,VIIRS_NOAA20_NRT,4.14,1,0.05669045230382845,-63.285024154589365,Single Historical Detection
21.92971,83.34587,306.69,0.51,0.41,2026-10-09,2027,N20,VIIRS,n,2.0NRT,296.19,1.52,N,VIIRS_NOAA20_NRT,2.8140740740740737,27,0.0349272934400491,-45.985785733087646,Persistent / Stable
20.86702,70.5654,307.91,0.53,0.42,2026-10-09,2114,N21,VIIRS,n,2.0NRT,296.21,1.51,N,VIIRS_NOAA21_NRT,1.05,1,0.17663654221983222,43.8095238095238,Single Historical Detection
28.00164,77.59306,333.65,0.38,0.36,2026-10-09,801,N20,VIIRS,l,2.0NRT,305.58,1.51,D,VIIRS_NOAA20_NRT,,0,,,New / No Local History
22.00658,82.66953,310.92,0.47,0.4,2026-10-09,2027,N20,VIIRS,n,2.0NRT,296.5,1.51,N,VIIRS_NOAA20_NRT,1.743846153846154,13,0.011062085779813142,-13.409792677547431,Persistent / Stable
21.24977,79.21269,304.48,0.55,0.68,2026-10-09,1932,N21,VIIRS,n,2.0NRT,294.07,1.5,N,VIIRS_NOAA21_NRT,1.19375,8,0.13370631630168178,25.65445026178009,Persistent / Stable
23.75859,85.85947,302.52,0.44,0.46,2026-10-09,1932,N21,VIIRS,n,2.0NRT,292.12,1.5,N,VIIRS_NOAA21_NRT,1.9751515151515153,33,0.21983629071057306,-24.056459036514273,Persistent / Stable
23.75907,85.85517,313.54,0.44,0.46,2026-10-09,1932,N21,VIIRS,n,2.0NRT,292.82,1.5,N,VIIRS_NOAA21_NRT,1.9751515151515153,33,0.013175416564098924,-24.056459036514273,Persistent / Stable
22.78678,86.19801,320.79,0.38,0.36,2026-10-09,2010,N,VIIRS,n,2.0NRT,292.88,1.5,N,VIIRS_SNPP_NRT,2.479821428571428,56,0.014121549742221821,-39.51177360120975,Persistent / Stable
15.16844,76.38053,311.08,0.39,0.36,2026-10-09,2032,N20,VIIRS,n,2.0NRT,295.59,1.49,N,VIIRS_NOAA20_NRT,1.3514814814814815,27,0.004437964748025372,10.249383392710328,Persistent / Stable
15.17232,76.37745,309.67,0.39,0.36,2026-10-09,2032,N20,VIIRS,n,2.0NRT,295.56,1.49,N,VIIRS_NOAA20_NRT,1.3303571428571428,28,0.03439154213369215,12.000000000000005,Persistent / Stable
22.21664,84.75341,305.56,0.39,0.36,2026-10-09,2010,N,VIIRS,n,2.0NRT,293.53,1.49,N,VIIRS_SNPP_NRT,0.9733333333333333,3,0.15014181057221349,53.08219178082193,Abnormal Increase
20.94737,86.04174,306.54,0.4,0.44,2026-10-09,1932,N21,VIIRS,n,2.0NRT,293.9,1.48,N,VIIRS_NOAA21_NRT,3.5657692307692317,26,0.14036148245156868,-58.494229317225766,Persistent / Reduced
21.38678,81.6472,306.58,0.38,0.59,2026-10-09,1932,N21,VIIRS,n,2.0NRT,294.29,1.48,N,VIIRS_NOAA21_NRT,2.078888888888889,9,0.11512299823132617,-28.8081239978621,Persistent / Stable
21.82127,83.99849,306.56,0.54,0.51,2026-10-09,1932,N21,VIIRS,n,2.0NRT,293.34,1.48,N,VIIRS_NOAA21_NRT,2.4966666666666666,3,0.11562003510983827,-40.720961281708945,Persistent / Stable
24.18353,82.66055,310.41,0.45,0.39,2026-10-09,2027,N20,VIIRS,n,2.0NRT,293.37,1.48,N,VIIRS_NOAA20_NRT,0.85,3,0.6542689399252348,74.11764705882354,Abnormal Increase
23.00938,70.0993,322.18,0.34,0.56,2026-10-09,2029,N20,VIIRS,n,2.0NRT,295.95,1.48,N,VIIRS_NOAA20_NRT,,0,,,New / No Local History
23.01453,70.09994,319.29,0.34,0.56,2026-10-09,2029,N20,VIIRS,n,2.0NRT,296.52,1.48,N,VIIRS_NOAA20_NRT,,0,,,New / No Local History
22.19004,75.50436,331.05,0.38,0.59,2026-10-09,741,N,VIIRS,n,2.0NRT,302.8,1.48,D,VIIRS_SNPP_NRT,,0,,,New / No Local History
17.61087,83.20338,322.5,0.4,0.37,2026-10-09,2010,N,VIIRS,n,2.0NRT,297.63,1.48,N,VIIRS_SNPP_NRT,2.7028571428571433,35,0.005628080986226283,-45.2431289640592,Persistent / Stable
22.0033,82.67252,305.46,0.33,0.56,2026-10-09,1932,N21,VIIRS,n,2.0NRT,294.24,1.47,N,VIIRS_NOAA21_NRT,1.743846153846154,13,0.0755771843991289,-15.703573003970014,Persistent / Stable
22.00363,82.66926,319.51,0.33,0.56,2026-10-09,1932,N21,VIIRS,n,2.0NRT,295.85,1.47,N,VIIRS_NOAA21_NRT,1.743846153846154,13,0.020789914194074954,-15.703573003970014,Persistent / Stable
21.96647,83.77361,305.34,0.54,0.42,2026-10-09,2027,N20,VIIRS,n,2.0NRT,294.35,1.47,N,VIIRS_NOAA20_NRT,1.675,4,0.11262794767752049,-12.238805970149258,Persistent / Stable
22.2084,84.86922,304.77,0.41,0.45,2026-10-09,2027,N20,VIIRS,n,2.0NRT,292.37,1.47,N,VIIRS_NOAA20_NRT,2.4099999999999993,23,0.022178723380067645,-39.00414937759334,Persistent / Stable
22.21246,84.87014,317.23,0.41,0.45,2026-10-09,2027,N20,VIIRS,n,2.0NRT,292.48,1.47,N,VIIRS_NOAA20_NRT,2.4099999999999993,23,0.02710031836554094,-39.00414937759334,Persistent / Stable
22.57323,85.89347,306.26,0.47,0.47,2026-10-09,2027,N20,VIIRS,n,2.0NRT,292.62,1.47,N,VIIRS_NOAA20_NRT,2.615555555555556,18,0.08632297150372881,-43.79779099405268,Persistent / Stable
22.57412,85.88906,309.14,0.47,0.47,2026-10-09,2027,N20,VIIRS,n,2.0NRT,292.03,1.47,N,VIIRS_NOAA20_NRT,2.615555555555556,18,0.06472935916843305,-43.79779099405268,Persistent / Stable
23.77177,86.19319,308.48,0.46,0.47,2026-10-09,2027,N20,VIIRS,n,2.0NRT,290.69,1.47,N,VIIRS_NOAA20_NRT,2.9934042553191484,47,0.06750006086589315,-50.89203212737223,Persistent / Reduced
23.77605,86.19416,309.02,0.46,0.47,2026-10-09,2027,N20,VIIRS,n,2.0NRT,291.31,1.47,N,VIIRS_NOAA20_NRT,3.051874999999999,48,0.008301559617782008,-51.83288961703869,Persistent / Reduced
21.36449,81.65386,307.52,0.44,0.38,2026-10-09,2029,N20,VIIRS,n,2.0NRT,296.38,1.47,N,VIIRS_NOAA20_NRT,2.4466666666666668,12,0.2661675068488913,-39.91825613079019,Persistent / Stable
23.66412,86.91682,307.12,0.39,0.36,2026-10-09,2008,N,VIIRS,n,2.0NRT,292.53,1.47,N,VIIRS_SNPP_NRT,1.9449999999999998,2,0.04589625658353232,-24.421593830334185,Persistent / Stable
22.26616,75.13439,308.08,0.42,0.61,2026-10-09,2010,N,VIIRS,n,2.0NRT,296.54,1.47,N,VIIRS_SNPP_NRT,0.86,2,0.07513919221751493,70.93023255813954,Abnormal Increase
17.14746,78.2228,304.95,0.58,0.7,2026-10-09,1934,N21,VIIRS,n,2.0NRT,292.31,1.46,N,VIIRS_NOAA21_NRT,1.68,1,0.07331437434038363,-13.095238095238093,Single Historical Detection
23.77576,85.99649,301.56,0.45,0.47,2026-10-09,2027,N20,VIIRS,n,2.0NRT,290.92,1.46,N,VIIRS_NOAA20_NRT,1.0766666666666667,6,0.003452579369300889,35.60371517027863,Persistent / Stable
28.70924,76.85562,312.02,0.48,0.4,2026-10-09,2027,N20,VIIRS,n,2.0NRT,293.3,1.46,N,VIIRS_NOAA20_NRT,1.79,3,0.021644613761786488,-18.435754189944138,Persistent / Stable
21.18448,81.38404,308.68,0.43,0.38,2026-10-09,2029,N20,VIIRS,n,2.0NRT,296.6,1.46,N,VIIRS_NOAA20_NRT,2.7287500000000002,24,0.0074003088756803784,-46.49564819056345,Persistent / Stable
20.96972,86.01212,315.45,0.39,0.36,2026-10-09,2010,N,VIIRS,n,2.0NRT,294.53,1.46,N,VIIRS_SNPP_NRT,3.6050943396226396,53,0.011071349969183304,-59.50175328413668,Persistent / Reduced
22.06485,83.70544,318.26,0.41,0.37,2026-10-09,2010,N,VIIRS,n,2.0NRT,294.49,1.46,N,VIIRS_SNPP_NRT,1.34,1,0.012517428412521675,8.955223880597005,Single Historical Detection
23.16562,82.3444,313.9,0.47,0.4,2026-10-09,2010,N,VIIRS,n,2.0NRT,293.07,1.46,N,VIIRS_SNPP_NRT,1.913076923076923,13,0.057297173048768295,-23.683152392440686,Persistent / Stable
26.62398,78.36821,333.0,0.39,0.36,2026-10-09,801,N20,VIIRS,l,2.0NRT,304.6,1.45,D,VIIRS_NOAA20_NRT,,0,,,New / No Local History
17.46277,80.65411,306.96,0.44,0.38,2026-10-09,2029,N20,VIIRS,n,2.0NRT,295.72,1.45,N,VIIRS_NOAA20_NRT,1.3228571428571427,7,0.09551387045152866,9.611231101511885,Persistent / Stable
23.6137,86.79003,310.35,0.39,0.36,2026-10-09,2008,N,VIIRS,n,2.0NRT,293.08,1.45,N,VIIRS_SNPP_NRT,1.6899999999999997,13,0.03276967216737016,-14.201183431952652,Persistent / Stable
22.32147,82.54752,308.13,0.46,0.39,2026-10-09,2010,N,VIIRS,n,2.0NRT,297.29,1.45,N,VIIRS_SNPP_NRT,1.9721739130434783,23,0.15223911167015203,-26.477072310405646,Persistent / Stable
21.87449,83.49519,304.04,0.59,0.53,2026-10-09,1932,N21,VIIRS,n,2.0NRT,293.15,1.44,N,VIIRS_NOAA21_NRT,1.6025,4,0.05285455113457098,-10.140405616224655,Persistent / Stable
23.16471,82.34023,307.88,0.36,0.58,2026-10-09,1932,N21,VIIRS,n,2.0NRT,293.04,1.44,N,VIIRS_NOAA21_NRT,1.913076923076923,13,0.0636145425590056,-24.72858866103739,Persistent / Stable
23.75644,85.85298,312.67,0.44,0.46,2026-10-09,2027,N20,VIIRS,n,2.0NRT,293.3,1.44,N,VIIRS_NOAA20_NRT,1.9751515151515153,33,0.00517320183976102,-27.09420067505371,Persistent / Stable
23.76063,85.85394,303.81,0.44,0.46,2026-10-09,2027,N20,VIIRS,n,2.0NRT,291.43,1.44,N,VIIRS_NOAA20_NRT,1.9751515151515153,33,0.01573233894791184,-27.09420067505371,Persistent / Stable
23.68095,86.08171,304.13,0.43,0.46,2026-10-09,1932,N21,VIIRS,n,2.0NRT,291.97,1.43,N,VIIRS_NOAA21_NRT,2.46,87,0.0028810240057466734,-41.86991869918699,Persistent / Stable
15.16776,76.6721,310.11,0.39,0.36,2026-10-09,2032,N20,VIIRS,n,2.0NRT,277.18,1.43,N,VIIRS_NOAA20_NRT,2.4513242009132425,219,0.005540162353209361,-41.66418299679608,Persistent / Stable
18.74805,77.69449,330.89,0.33,0.55,2026-10-09,739,N,VIIRS,l,2.0NRT,304.05,1.43,D,VIIRS_SNPP_NRT,,0,,,New / No Local History
22.87498,86.06403,313.34,0.42,0.45,2026-10-09,1932,N21,VIIRS,n,2.0NRT,293.03,1.41,N,VIIRS_NOAA21_NRT,2.0949999999999998,10,0.023405157513777454,-32.69689737470166,Persistent / Stable
14.47439,77.44153,331.53,0.48,0.4,2026-10-09,758,N20,VIIRS,l,2.0NRT,301.55,1.41,D,VIIRS_NOAA20_NRT,,0,,,New / No Local History
13.71082,79.61916,310.98,0.43,0.38,2026-10-09,2032,N20,VIIRS,n,2.0NRT,290.68,1.41,N,VIIRS_NOAA20_NRT,1.52875,8,0.021669681304775982,-7.767784137367138,Persistent / Stable
23.79665,86.28583,308.42,0.38,0.36,2026-10-09,2008,N,VIIRS,n,2.0NRT,292.87,1.41,N,VIIRS_SNPP_NRT,,0,,,New / No Local History
22.01631,83.75555,309.74,0.41,0.37,2026-10-09,2010,N,VIIRS,n,2.0NRT,295.55,1.41,N,VIIRS_SNPP_NRT,1.9000000000000001,9,0.039182893608484724,-25.789473684210535,Persistent / Stable
22.20882,84.549,304.77,0.51,0.49,2026-10-09,1932,N21,VIIRS,n,2.0NRT,293.06,1.4,N,VIIRS_NOAA21_NRT,1.315,2,0.04118206059443755,6.463878326996195,Persistent / Stable
24.11746,86.35044,304.81,0.42,0.45,2026-10-09,1932,N21,VIIRS,n,2.0NRT,290.89,1.4,N,VIIRS_NOAA21_NRT,2.335,2,0.00820954185440402,-40.04282655246253,Persistent / Stable
22.70198,77.24059,337.13,0.4,0.37,2026-10-09,758,N20,VIIRS,n,2.0NRT,308.97,1.4,D,VIIRS_NOAA20_NRT,,0,,,New / No Local History
20.89001,84.98031,307.29,0.44,0.46,2026-10-09,2029,N20,VIIRS,n,2.0NRT,291.83,1.4,N,VIIRS_NOAA20_NRT,3.015394736842105,76,0.011428759746742888,-53.571584413317616,Persistent / Reduced
20.96935,86.00293,307.1,0.51,0.49,2026-10-09,2029,N20,VIIRS,n,2.0NRT,292.89,1.4,N,VIIRS_NOAA20_NRT,3.673199999999998,50,0.02388678949937066,-61.88609386910594,Persistent / Reduced
20.9738,86.00399,309.87,0.51,0.49,2026-10-09,2029,N20,VIIRS,n,2.0NRT,292.9,1.4,N,VIIRS_NOAA20_NRT,3.646862745098037,51,0.008599383049877328,-61.61083929243506,Persistent / Reduced
19.78679,79.14668,308.14,0.43,0.46,2026-10-09,2010,N,VIIRS,n,2.0NRT,296.16,1.4,N,VIIRS_SNPP_NRT,,0,,,New / No Local History
19.78838,79.14798,311.08,0.39,0.36,2026-10-09,2029,N20,VIIRS,n,2.0NRT,297.52,1.39,N,VIIRS_NOAA20_NRT,,0,,,New / No Local History
21.57604,82.02081,310.19,0.45,0.39,2026-10-09,2029,N20,VIIRS,n,2.0NRT,297.19,1.39,N,VIIRS_NOAA20_NRT,1.3450000000000002,2,0.02895848886699029,3.3457249070631745,Persistent / Stable
21.67511,82.07882,308.49,0.45,0.39,2026-10-09,2029,N20,VIIRS,n,2.0NRT,296.45,1.39,N,VIIRS_NOAA20_NRT,1.3599999999999999,2,0.11160187685281339,2.205882352941179,Persistent / Stable
21.7309,82.21371,310.79,0.46,0.39,2026-10-09,2029,N20,VIIRS,n,2.0NRT,297.27,1.39,N,VIIRS_NOAA20_NRT,1.1633333333333333,3,0.15390721799103238,19.484240687679076,Persistent / Stable
21.73875,83.84016,309.5,0.41,0.37,2026-10-09,2010,N,VIIRS,n,2.0NRT,295.85,1.39,N,VIIRS_SNPP_NRT,4.770121951219512,82,0.015451716886904727,-70.86028377860157,Persistent / Reduced
21.74215,83.84072,309.92,0.41,0.37,2026-10-09,2010,N,VIIRS,n,2.0NRT,296.36,1.39,N,VIIRS_SNPP_NRT,4.770121951219512,82,0.0019989391089078913,-70.86028377860157,Persistent / Reduced
15.33558,76.27747,310.27,0.57,0.52,2026-10-09,2012,N,VIIRS,n,2.0NRT,292.02,1.38,N,VIIRS_SNPP_NRT,1.33375,32,0.005502144805973738,3.467666354264285,Persistent / Stable
15.34043,76.27798,302.9,0.57,0.52,2026-10-09,2012,N,VIIRS,n,2.0NRT,291.6,1.38,N,VIIRS_SNPP_NRT,1.33375,32,0.011100623326257648,3.467666354264285,Persistent / Stable
23.48507,87.36674,309.19,0.54,0.42,2026-10-09,1932,N21,VIIRS,n,2.0NRT,292.66,1.37,N,VIIRS_NOAA21_NRT,2.2,5,0.17665394711399837,-37.72727272727273,Persistent / Stable
12.1424,79.86266,330.49,0.4,0.37,2026-10-09,758,N20,VIIRS,n,2.0NRT,300.28,1.37,D,VIIRS_NOAA20_NRT,,0,,,New / No Local History
23.66922,86.09101,306.46,0.46,0.47,2026-10-09,2027,N20,VIIRS,n,2.0NRT,291.56,1.37,N,VIIRS_NOAA20_NRT,2.3910465116279074,86,0.01131446765400462,-42.70291299907601,Persistent / Stable
23.75311,85.85247,306.78,0.38,0.36,2026-10-09,2008,N,VIIRS,n,2.0NRT,292.42,1.37,N,VIIRS_SNPP_NRT,1.9751515151515153,33,0.006475337721991937,-30.638232586683035,Persistent / Stable
23.75642,85.85309,320.52,0.38,0.36,2026-10-09,2008,N,VIIRS,n,2.0NRT,295.91,1.37,N,VIIRS_SNPP_NRT,1.9751515151515153,33,0.0010184695475478228,-30.638232586683035,Persistent / Stable
23.77385,86.38596,307.35,0.38,0.36,2026-10-09,2008,N,VIIRS,n,2.0NRT,293.13,1.37,N,VIIRS_SNPP_NRT,2.242867132867133,143,0.00048517939536401537,-38.917469522651444,Persistent / Stable
21.87571,83.49564,312.07,0.42,0.37,2026-10-09,2010,N,VIIRS,n,2.0NRT,295.48,1.37,N,VIIRS_SNPP_NRT,1.6025,4,0.07844059767945281,-14.508580343213723,Persistent / Stable
26.87358,73.51818,306.78,0.41,0.45,2026-10-09,2112,N21,VIIRS,n,2.0NRT,295.12,1.36,N,VIIRS_NOAA21_NRT,1.669047619047619,21,0.10514002132539972,-18.51640513552067,Persistent / Stable
27.15166,74.93808,338.16,0.44,0.38,2026-10-09,801,N20,VIIRS,l,2.0NRT,312.89,1.36,D,VIIRS_NOAA20_NRT,,0,,,New / No Local History
20.70602,78.62202,309.25,0.38,0.36,2026-10-09,2029,N20,VIIRS,n,2.0NRT,297.11,1.36,N,VIIRS_NOAA20_NRT,1.468,5,0.16344434467598912,-7.356948228882826,Persistent / Stable
20.95871,85.0089,306.83,0.44,0.46,2026-10-09,2029,N20,VIIRS,n,2.0NRT,292.62,1.36,N,VIIRS_NOAA20_NRT,3.09125,8,0.043654445668877814,-56.00485240598463,Persistent / Reduced
21.74627,83.97748,312.69,0.4,0.37,2026-10-09,2010,N,VIIRS,n,2.0NRT,294.56,1.36,N,VIIRS_SNPP_NRT,1.94,1,0.08998930387262946,-29.89690721649484,Single Historical Detection
22.2122,84.87275,311.35,0.39,0.36,2026-10-09,2010,N,VIIRS,n,2.0NRT,294.06,1.36,N,VIIRS_SNPP_NRT,2.4099999999999993,23,0.009602212426004512,-43.56846473029044,Persistent / Stable
22.21278,84.86897,312.8,0.39,0.36,2026-10-09,2010,N,VIIRS,n,2.0NRT,293.14,1.36,N,VIIRS_SNPP_NRT,2.4099999999999993,23,0.01231432507612508,-43.56846473029044,Persistent / Stable
13.15833,80.28555,301.82,0.47,0.4,2026-10-09,2032,N20,VIIRS,n,2.0NRT,273.48,1.35,N,VIIRS_NOAA20_NRT,2.2899999999999996,6,0.15173755624176444,-41.0480349344978,Persistent / Stable
13.16194,80.28619,320.6,0.47,0.4,2026-10-09,2032,N20,VIIRS,n,2.0NRT,273.82,1.35,N,VIIRS_NOAA20_NRT,2.2899999999999996,6,0.08228839265530691,-41.0480349344978,Persistent / Stable
22.90107,79.55815,330.04,0.42,0.45,2026-10-09,741,N,VIIRS,n,2.0NRT,300.97,1.35,D,VIIRS_SNPP_NRT,,0,,,New / No Local History
23.79907,86.31335,310.43,0.38,0.36,2026-10-09,2008,N,VIIRS,n,2.0NRT,293.3,1.35,N,VIIRS_SNPP_NRT,2.579565217391304,46,0.7396504159911282,-47.66559919096578,Persistent / Stable
17.60547,83.20319,310.19,0.54,0.51,2026-10-09,1934,N21,VIIRS,n,2.0NRT,296.24,1.34,N,VIIRS_NOAA21_NRT,2.7028571428571433,35,0.0031911913424008424,-50.42283298097252,Persistent / Reduced
17.61012,83.20374,313.6,0.54,0.51,2026-10-09,1934,N21,VIIRS,n,2.0NRT,295.92,1.34,N,VIIRS_NOAA21_NRT,2.7028571428571433,35,0.0018824960540165772,-50.42283298097252,Persistent / Reduced
14.9996,79.83498,333.4,0.39,0.36,2026-10-09,758,N20,VIIRS,l,2.0NRT,306.73,1.34,D,VIIRS_NOAA20_NRT,,0,,,New / No Local History
23.55872,87.23736,307.49,0.54,0.51,2026-10-09,2027,N20,VIIRS,n,2.0NRT,290.74,1.34,N,VIIRS_NOAA20_NRT,2.9255263157894738,38,0.03171712833445624,-54.19627597373392,Persistent / Reduced
23.55978,87.23223,303.47,0.54,0.51,2026-10-09,2027,N20,VIIRS,n,2.0NRT,290.69,1.34,N,VIIRS_NOAA20_NRT,2.9255263157894738,38,0.17939058705892055,-54.19627597373392,Persistent / Reduced
18.71673,79.53753,308.04,0.4,0.37,2026-10-09,2029,N20,VIIRS,n,2.0NRT,297.98,1.34,N,VIIRS_NOAA20_NRT,1.7500000000000002,13,0.010726757317852704,-23.428571428571434,Persistent / Stable
23.79511,86.35419,324.1,0.38,0.36,2026-10-09,2008,N,VIIRS,n,2.0NRT,293.58,1.34,N,VIIRS_SNPP_NRT,1.9220000000000004,55,0.06230321169643424,-30.280957336108226,Persistent / Stable
23.79571,86.35044,309.07,0.38,0.36,2026-10-09,2008,N,VIIRS,n,2.0NRT,293.48,1.34,N,VIIRS_SNPP_NRT,2.17969696969697,66,0.002852423093094155,-38.523564576671774,Persistent / Stable
23.79902,86.35107,319.19,0.38,0.36,2026-10-09,2008,N,VIIRS,n,2.0NRT,293.75,1.34,N,VIIRS_SNPP_NRT,2.0896774193548393,62,0.03609455084987291,-35.87527014510653,Persistent / Stable
22.79069,86.19489,305.44,0.38,0.36,2026-10-09,2010,N,VIIRS,n,2.0NRT,294.27,1.34,N,VIIRS_SNPP_NRT,2.479821428571428,56,0.003732697990128754,-45.96385108374738,Persistent / Stable
23.7527,86.41982,304.27,0.41,0.45,2026-10-09,1932,N21,VIIRS,n,2.0NRT,291.91,1.33,N,VIIRS_NOAA21_NRT,2.3380451127819537,133,0.055665969099317154,-43.11487007975299,Persistent / Stable
23.75317,86.41587,314.77,0.41,0.45,2026-10-09,1932,N21,VIIRS,n,2.0NRT,292.22,1.33,N,VIIRS_NOAA21_NRT,2.3130136986301366,146,0.012503199600113432,-42.49925969795675,Persistent / Stable
23.75679,86.4204,314.3,0.41,0.45,2026-10-09,1932,N21,VIIRS,n,2.0NRT,290.79,1.33,N,VIIRS_NOAA21_NRT,2.375371900826445,121,0.19697853549777306,-44.008767657087155,Persistent / Stable
24.19177,77.84997,335.11,0.39,0.36,2026-10-09,801,N20,VIIRS,n,2.0NRT,308.16,1.33,D,VIIRS_NOAA20_NRT,,0,,,New / No Local History
25.51365,75.5757,333.87,0.43,0.38,2026-10-09,801,N20,VIIRS,n,2.0NRT,305.71,1.33,D,VIIRS_NOAA20_NRT,,0,,,New / No Local History
22.3241,82.60265,306.98,0.47,0.39,2026-10-09,2027,N20,VIIRS,n,2.0NRT,295.36,1.33,N,VIIRS_NOAA20_NRT,1.6959999999999997,10,0.1313958829873349,-21.580188679245264,Persistent / Stable
23.6762,86.39754,304.6,0.48,0.48,2026-10-09,2027,N20,VIIRS,n,2.0NRT,291.25,1.33,N,VIIRS_NOAA20_NRT,3.0147826086956515,92,0.008104086894755384,-55.88404961061435,Persistent / Reduced
23.67714,86.39297,305.32,0.48,0.48,2026-10-09,2027,N20,VIIRS,n,2.0NRT,289.77,1.33,N,VIIRS_NOAA20_NRT,3.0147826086956515,92,0.017815452998879874,-55.88404961061435,Persistent / Reduced
21.37474,81.67738,309.33,0.44,0.38,2026-10-09,2029,N20,VIIRS,n,2.0NRT,296.58,1.33,N,VIIRS_NOAA20_NRT,2.452,15,0.008414030958470297,-45.758564437194124,Persistent / Stable
21.37749,81.68224,311.25,0.44,0.38,2026-10-09,2029,N20,VIIRS,n,2.0NRT,296.41,1.33,N,VIIRS_NOAA20_NRT,2.452,15,0.007396690093127305,-45.758564437194124,Persistent / Stable
21.75859,83.84748,308.5,0.41,0.37,2026-10-09,2010,N,VIIRS,n,2.0NRT,295.23,1.33,N,VIIRS_SNPP_NRT,4.770121951219512,82,0.005465415391445044,-72.11811325578422,Persistent / Reduced
21.75917,83.84357,307.56,0.41,0.37,2026-10-09,2010,N,VIIRS,n,2.0NRT,294.87,1.33,N,VIIRS_SNPP_NRT,4.736385542168675,83,0.018308936704935098,-71.91951566951566,Persistent / Reduced
21.762,83.84805,322.19,0.41,0.37,2026-10-09,2010,N,VIIRS,n,2.0NRT,296.79,1.33,N,VIIRS_SNPP_NRT,4.770121951219512,82,0.0024767985277501874,-72.11811325578422,Persistent / Reduced
22.37057,87.30459,322.57,0.4,0.37,2026-10-09,2010,N,VIIRS,n,2.0NRT,293.25,1.33,N,VIIRS_SNPP_NRT,2.612115384615384,52,0.029944664884063787,-49.08341308989176,Persistent / Stable
21.85964,75.75698,332.13,0.35,0.57,2026-10-09,843,N21,VIIRS,n,2.0NRT,305.45,1.32,D,VIIRS_NOAA21_NRT,,0,,,New / No Local History
21.748,83.81476,305.76,0.56,0.51,2026-10-09,1932,N21,VIIRS,n,2.0NRT,293.54,1.32,N,VIIRS_NOAA21_NRT,2.345,2,0.3496646192060653,-43.71002132196162,Persistent / Stable
21.9316,85.22083,305.84,0.46,0.47,2026-10-09,1932,N21,VIIRS,n,2.0NRT,291.57,1.32,N,VIIRS_NOAA21_NRT,1.847058823529412,17,0.021437877619056456,-28.53503184713377,Persistent / Stable
22.05275,88.12466,314.43,0.47,0.4,2026-10-09,1932,N21,VIIRS,n,2.0NRT,297.69,1.32,N,VIIRS_NOAA21_NRT,4.342173913043477,23,0.026807968645587932,-69.60048062481225,Persistent / Reduced
22.05638,88.12522,308.61,0.47,0.4,2026-10-09,1932,N21,VIIRS,n,2.0NRT,295.54,1.32,N,VIIRS_NOAA21_NRT,4.386363636363635,22,0.013788521578563293,-69.90673575129533,Persistent / Reduced
23.67717,86.39384,303.94,0.41,0.45,2026-10-09,1932,N21,VIIRS,n,2.0NRT,292.22,1.32,N,VIIRS_NOAA21_NRT,3.0147826086956515,92,0.009470937530803301,-56.215748485722514,Persistent / Reduced
17.06361,76.97754,317.03,0.39,0.36,2026-10-09,2029,N20,VIIRS,n,2.0NRT,298.14,1.32,N,VIIRS_NOAA20_NRT,0.8862500000000001,8,0.03403343323681984,48.942172073342725,Persistent / Stable
24.19925,82.71554,306.43,0.47,0.39,2026-10-09,2008,N,VIIRS,n,2.0NRT,292.58,1.32,N,VIIRS_SNPP_NRT,1.1085714285714285,7,0.0973686353472619,19.07216494845362,Persistent / Stable
24.20354,82.71133,311.95,0.47,0.4,2026-10-09,2008,N,VIIRS,n,2.0NRT,293.69,1.32,N,VIIRS_SNPP_NRT,1.1085714285714285,7,0.012171695142776263,19.07216494845362,Persistent / Stable
20.51435,85.72623,308.22,0.39,0.36,2026-10-09,2010,N,VIIRS,n,2.0NRT,293.65,1.32,N,VIIRS_SNPP_NRT,0.8,1,0.3054187461711646,65.0,Abnormal Increase
22.06673,83.70482,308.52,0.53,0.42,2026-10-09,2027,N20,VIIRS,n,2.0NRT,293.24,1.31,N,VIIRS_NOAA20_NRT,1.34,1,0.051553235135277285,-2.2388059701492558,Single Historical Detection
15.66055,73.98812,304.96,0.48,0.4,2026-10-09,2032,N20,VIIRS,n,2.0NRT,294.81,1.31,N,VIIRS_NOAA20_NRT,1.3135714285714286,14,0.0070681470938033526,-0.27188689505165753,Persistent / Stable
24.32603,81.32576,305.25,0.55,0.43,2026-10-09,2008,N,VIIRS,n,2.0NRT,294.57,1.31,N,VIIRS_SNPP_NRT,1.27,1,0.293859164672098,3.1496062992126013,Single Historical Detection
17.14559,78.22475,308.51,0.45,0.47,2026-10-09,2010,N,VIIRS,n,2.0NRT,293.31,1.31,N,VIIRS_SNPP_NRT,1.68,1,0.28053375344614967,-22.02380952380952,Single Historical Detection
19.10232,82.16721,305.07,0.44,0.38,2026-10-09,2010,N,VIIRS,n,2.0NRT,294.61,1.31,N,VIIRS_SNPP_NRT,2.2891666666666666,36,0.012246661347199239,-42.77393520203858,Persistent / Stable
22.03685,83.72927,309.21,0.41,0.37,2026-10-09,2010,N,VIIRS,n,2.0NRT,294.41,1.31,N,VIIRS_SNPP_NRT,1.5490000000000002,10,0.06716705142714775,-15.429309231762433,Persistent / Stable
22.04027,83.72985,323.51,0.41,0.37,2026-10-09,2010,N,VIIRS,n,2.0NRT,295.76,1.31,N,VIIRS_SNPP_NRT,1.5490000000000002,10,0.007446685212793574,-15.429309231762433,Persistent / Stable
22.04085,83.72588,304.64,0.41,0.37,2026-10-09,2010,N,VIIRS,n,2.0NRT,293.54,1.31,N,VIIRS_SNPP_NRT,1.5490000000000002,10,0.20616608291324706,-15.429309231762433,Persistent / Stable
23.63371,86.83347,304.65,0.38,0.43,2026-10-09,1932,N21,VIIRS,n,2.0NRT,291.19,1.3,N,VIIRS_NOAA21_NRT,1.12,1,0.08254741788892907,16.071428571428566,Single Historical Detection
23.83729,85.46779,303.39,0.47,0.47,2026-10-09,1932,N21,VIIRS,n,2.0NRT,292.74,1.3,N,VIIRS_NOAA21_NRT,1.01,2,0.022542700794478322,28.712871287128717,Persistent / Stable
18.54064,83.34337,305.63,0.55,0.51,2026-10-09,1934,N21,VIIRS,n,2.0NRT,295.38,1.3,N,VIIRS_NOAA21_NRT,,0,,,New / No Local History
17.58277,80.31994,308.7,0.42,0.38,2026-10-09,2029,N20,VIIRS,n,2.0NRT,295.28,1.3,N,VIIRS_NOAA20_NRT,,0,,,New / No Local History
17.58457,80.31816,305.09,0.52,0.41,2026-10-09,2010,N,VIIRS,n,2.0NRT,293.79,1.3,N,VIIRS_SNPP_NRT,,0,,,New / No Local History
19.78854,79.06207,305.71,0.44,0.46,2026-10-09,2010,N,VIIRS,n,2.0NRT,294.96,1.3,N,VIIRS_SNPP_NRT,0.9,1,0.29609954323329285,44.44444444444445,Single Historical Detection
23.71909,86.42303,312.43,0.41,0.45,2026-10-09,1932,N21,VIIRS,n,2.0NRT,292.14,1.29,N,VIIRS_NOAA21_NRT,2.394754098360655,61,0.02978305465396761,-46.132256297918936,Persistent / Stable
23.72317,86.42362,305.82,0.41,0.45,2026-10-09,1932,N21,VIIRS,n,2.0NRT,292.57,1.29,N,VIIRS_NOAA21_NRT,2.295882352941176,68,0.021124245659229705,-43.812451960030735,Persistent / Stable
23.72364,86.41968,306.39,0.41,0.45,2026-10-09,1932,N21,VIIRS,n,2.0NRT,293.62,1.29,N,VIIRS_NOAA21_NRT,2.340163934426228,61,0.01732491668744216,-44.87565674255688,Persistent / Stable
21.95334,83.80643,303.08,0.56,0.52,2026-10-09,1932,N21,VIIRS,n,2.0NRT,292.86,1.28,N,VIIRS_NOAA21_NRT,1.43,1,0.2950799488962885,-10.489510489510485,Single Historical Detection
20.97852,85.13016,307.59,0.45,0.47,2026-10-09,2029,N20,VIIRS,n,2.0NRT,292.67,1.28,N,VIIRS_NOAA20_NRT,2.723333333333334,15,0.004994887829702903,-52.99877600979194,Persistent / Reduced
20.9819,85.13535,308.76,0.45,0.47,2026-10-09,2029,N20,VIIRS,n,2.0NRT,293.03,1.28,N,VIIRS_NOAA20_NRT,3.216086956521739,23,0.00966838819607456,-60.20008111396512,Persistent / Reduced
21.31004,81.58865,307.1,0.43,0.38,2026-10-09,2029,N20,VIIRS,n,2.0NRT,294.84,1.28,N,VIIRS_NOAA20_NRT,1.5050000000000001,8,0.006813499258847832,-14.950166112956815,Persistent / Stable
23.66776,86.09161,309.92,0.38,0.36,2026-10-09,2008,N,VIIRS,n,2.0NRT,292.53,1.28,N,VIIRS_SNPP_NRT,2.4229761904761906,84,0.02587608747125602,-47.1724070161647,Persistent / Stable
23.7173,86.44108,312.9,0.38,0.36,2026-10-09,2008,N,VIIRS,n,2.0NRT,293.11,1.28,N,VIIRS_SNPP_NRT,2.488433734939758,83,0.018350899238124618,-48.56202188438073,Persistent / Stable
21.96855,85.31428,304.45,0.45,0.47,2026-10-09,1932,N21,VIIRS,n,2.0NRT,291.12,1.27,N,VIIRS_NOAA21_NRT,0.845,2,0.22171165049280986,50.29585798816568,Abnormal Increase
22.05282,88.1255,315.98,0.33,0.55,2026-10-09,2027,N20,VIIRS,n,2.0NRT,293.1,1.27,N,VIIRS_NOAA20_NRT,4.386363636363635,22,0.04124209758211428,-71.04663212435233,Persistent / Reduced
22.05349,88.12237,316.03,0.33,0.55,2026-10-09,2027,N20,VIIRS,n,2.0NRT,293.18,1.27,N,VIIRS_NOAA20_NRT,4.342173913043477,23,0.013850452793286875,-70.75197757084209,Persistent / Reduced
22.05846,88.12361,309.32,0.33,0.55,2026-10-09,2027,N20,VIIRS,n,2.0NRT,292.44,1.27,N,VIIRS_NOAA20_NRT,4.342173913043477,23,0.011605597297155814,-70.75197757084209,Persistent / Reduced
17.14059,77.18272,307.68,0.39,0.36,2026-10-09,2029,N20,VIIRS,n,2.0NRT,296.88,1.27,N,VIIRS_NOAA20_NRT,1.548,10,0.09035882438459332,-17.958656330749356,Persistent / Stable
21.24359,79.22157,307.79,0.38,0.36,2026-10-09,2029,N20,VIIRS,n,2.0NRT,295.39,1.27,N,VIIRS_NOAA20_NRT,1.19375,8,0.01684250555056581,6.387434554973816,Persistent / Stable
21.24689,79.22217,324.28,0.38,0.36,2026-10-09,2029,N20,VIIRS,n,2.0NRT,298.71,1.27,N,VIIRS_NOAA20_NRT,1.19375,8,0.04573109875939203,6.387434554973816,Persistent / Stable
21.37786,81.63936,311.11,0.44,0.38,2026-10-09,2029,N20,VIIRS,n,2.0NRT,295.98,1.27,N,VIIRS_NOAA20_NRT,2.078888888888889,9,0.07455628486181314,-38.909673971138425,Persistent / Stable
23.66849,84.99744,305.75,0.39,0.36,2026-10-09,2008,N,VIIRS,n,2.0NRT,292.08,1.27,N,VIIRS_SNPP_NRT,1.2993333333333337,15,0.005357041976836552,-2.257567983581348,Persistent / Stable
22.93577,69.69874,308.3,0.33,0.55,2026-10-09,2150,N,VIIRS,n,2.0NRT,295.74,1.27,N,VIIRS_SNPP_NRT,2.3864,25,0.006834890043939644,-46.781763325511236,Persistent / Stable
22.22321,84.75115,306.33,0.4,0.44,2026-10-09,2027,N20,VIIRS,n,2.0NRT,292.89,1.26,N,VIIRS_NOAA20_NRT,0.9733333333333333,3,0.006202151856875926,29.452054794520556,Persistent / Stable
23.78436,86.34154,312.52,0.38,0.36,2026-10-09,2008,N,VIIRS,n,2.0NRT,293.41,1.26,N,VIIRS_SNPP_NRT,2.3209210526315793,76,0.07532476630316542,-45.71120811837407,Persistent / Stable
23.67289,86.11424,312.41,0.42,0.45,2026-10-09,1932,N21,VIIRS,n,2.0NRT,291.51,1.25,N,VIIRS_NOAA21_NRT,2.117619047619048,21,0.00623523660229713,-40.97144142118284,Persistent / Stable
23.73707,85.00699,301.02,0.5,0.49,2026-10-09,1932,N21,VIIRS,n,2.0NRT,290.61,1.25,N,VIIRS_NOAA21_NRT,1.3593333333333328,15,0.04293538775232388,-8.043158410985745,Persistent / Stable
23.741,85.01231,303.1,0.5,0.49,2026-10-09,1932,N21,VIIRS,n,2.0NRT,291.39,1.25,N,VIIRS_NOAA21_NRT,1.3593333333333328,15,0.08041024458368444,-8.043158410985745,Persistent / Stable
23.77578,86.3663,309.25,0.41,0.45,2026-10-09,1932,N21,VIIRS,n,2.0NRT,291.88,1.25,N,VIIRS_NOAA21_NRT,1.9782692307692311,52,0.007083619172336846,-36.81345387382134,Persistent / Stable
23.77627,86.36228,308.66,0.41,0.45,2026-10-09,1932,N21,VIIRS,n,2.0NRT,292.28,1.25,N,VIIRS_NOAA21_NRT,1.9407407407407413,54,0.010644712862449009,-35.591603053435136,Persistent / Stable
24.19958,82.71358,307.98,0.45,0.39,2026-10-09,2027,N20,VIIRS,n,2.0NRT,292.83,1.25,N,VIIRS_NOAA20_NRT,1.1085714285714285,7,0.10142346936959801,12.75773195876289,Persistent / Stable
24.20386,82.71008,310.5,0.45,0.39,2026-10-09,2027,N20,VIIRS,n,2.0NRT,293.69,1.25,N,VIIRS_NOAA20_NRT,1.1085714285714285,7,0.004218642116706183,12.75773195876289,Persistent / Stable
21.64819,76.15533,330.25,0.36,0.57,2026-10-09,739,N,VIIRS,l,2.0NRT,304.34,1.25,D,VIIRS_SNPP_NRT,,0,,,New / No Local History
23.72452,86.43858,303.77,0.38,0.36,2026-10-09,2008,N,VIIRS,n,2.0NRT,291.61,1.25,N,VIIRS_SNPP_NRT,2.4301123595505616,89,0.021759018852100194,-48.562049195487326,Persistent / Stable
22.79758,86.09138,305.92,0.41,0.45,2026-10-09,1932,N21,VIIRS,n,2.0NRT,292.79,1.24,N,VIIRS_NOAA21_NRT,2.015,14,0.00011644305488514157,-38.46153846153847,Persistent / Stable
22.80171,86.09195,304.67,0.41,0.45,2026-10-09,1932,N21,VIIRS,n,2.0NRT,292.51,1.24,N,VIIRS_NOAA21_NRT,2.015,14,0.04715380983670828,-38.46153846153847,Persistent / Stable
23.64699,85.4367,309.3,0.42,0.45,2026-10-09,2027,N20,VIIRS,n,2.0NRT,291.05,1.24,N,VIIRS_NOAA20_NRT,3.0220454545454554,44,0.008288054854402304,-58.968188313153355,Persistent / Reduced
23.65108,85.43761,308.26,0.42,0.45,2026-10-09,2027,N20,VIIRS,n,2.0NRT,291.09,1.24,N,VIIRS_NOAA20_NRT,3.0220454545454554,44,0.004260735291740435,-58.968188313153355,Persistent / Reduced
26.87596,73.5146,305.88,0.46,0.47,2026-10-09,2027,N20,VIIRS,n,2.0NRT,295.3,1.24,N,VIIRS_NOAA20_NRT,1.669047619047619,21,0.012103245172910514,-25.706134094151206,Persistent / Stable
19.99796,79.17787,308.39,0.39,0.36,2026-10-09,2029,N20,VIIRS,n,2.0NRT,295.8,1.24,N,VIIRS_NOAA20_NRT,,0,,,New / No Local History
21.19134,81.41698,306.95,0.4,0.6,2026-10-09,1932,N21,VIIRS,n,2.0NRT,293.93,1.23,N,VIIRS_NOAA21_NRT,3.101,10,0.022297372108968042,-60.33537568526282,Persistent / Reduced
23.69598,85.29268,304.42,0.48,0.48,2026-10-09,1932,N21,VIIRS,n,2.0NRT,291.75,1.23,N,VIIRS_NOAA21_NRT,1.3681818181818182,11,0.01747317007273913,-10.09966777408638,Persistent / Stable
23.69648,85.28807,304.03,0.48,0.48,2026-10-09,1932,N21,VIIRS,n,2.0NRT,291.98,1.23,N,VIIRS_NOAA21_NRT,1.3681818181818182,11,0.029532354807666243,-10.09966777408638,Persistent / Stable
22.90667,69.70108,310.75,0.45,0.39,2026-10-09,2114,N21,VIIRS,n,2.0NRT,296.74,1.23,N,VIIRS_NOAA21_NRT,2.3864,25,0.048218302716906594,-48.4579282601408,Persistent / Stable
19.72302,79.17383,311.53,0.39,0.36,2026-10-09,2029,N20,VIIRS,n,2.0NRT,296.86,1.23,N,VIIRS_NOAA20_NRT,1.18,1,0.008539415334039494,4.237288135593224,Single Historical Detection
20.69713,78.63548,309.17,0.38,0.36,2026-10-09,2029,N20,VIIRS,n,2.0NRT,297.81,1.23,N,VIIRS_NOAA20_NRT,1.468,5,0.02409365684068487,-16.212534059945504,Persistent / Stable
23.76212,86.39536,304.17,0.38,0.36,2026-10-09,2008,N,VIIRS,n,2.0NRT,292.32,1.23,N,VIIRS_SNPP_NRT,2.2027814569536424,151,0.03862380213551303,-44.16150562203114,Persistent / Stable
23.76603,86.39223,308.43,0.38,0.36,2026-10-09,2008,N,VIIRS,n,2.0NRT,294.82,1.23,N,VIIRS_SNPP_NRT,2.217785234899329,149,0.01734461506076287,-44.53926463912847,Persistent / Stable
22.0029,82.67207,307.98,0.45,0.39,2026-10-09,2010,N,VIIRS,n,2.0NRT,296.13,1.23,N,VIIRS_SNPP_NRT,1.743846153846154,13,0.029877007245441504,-29.466254962505523,Persistent / Stable
15.17332,76.6908,305.17,0.54,0.51,2026-10-09,2012,N,VIIRS,n,2.0NRT,288.12,1.23,N,VIIRS_SNPP_NRT,1.904939759036143,83,0.005521229374919291,-35.431029030421804,Persistent / Stable
23.80068,86.33313,305.74,0.41,0.45,2026-10-09,1932,N21,VIIRS,n,2.0NRT,291.49,1.22,N,VIIRS_NOAA21_NRT,2.3181578947368426,76,0.013464401199161424,-47.37200590305371,Persistent / Stable
21.39104,81.64627,307.63,0.44,0.38,2026-10-09,2029,N20,VIIRS,n,2.0NRT,295.83,1.22,N,VIIRS_NOAA20_NRT,2.078888888888889,9,0.018699313705983902,-41.3148049171566,Persistent / Stable
22.93234,69.69347,306.13,0.36,0.57,2026-10-09,2029,N20,VIIRS,n,2.0NRT,295.39,1.22,N,VIIRS_NOAA20_NRT,2.3864,25,0.17415523638627992,-48.87696949379819,Persistent / Stable
26.55814,78.68451,331.47,0.4,0.45,2026-10-09,741,N,VIIRS,n,2.0NRT,300.8,1.22,D,VIIRS_SNPP_NRT,,0,,,New / No Local History
20.96373,86.04912,311.95,0.39,0.36,2026-10-09,2010,N,VIIRS,n,2.0NRT,293.93,1.22,N,VIIRS_SNPP_NRT,3.456785714285715,28,0.018946316493471043,-64.70709784068603,Persistent / Reduced
21.31021,81.59051,310.75,0.39,0.59,2026-10-09,1932,N21,VIIRS,n,2.0NRT,294.74,1.21,N,VIIRS_NOAA21_NRT,1.5050000000000001,8,0.012616374228004814,-19.601328903654494,Persistent / Stable
23.63109,86.8336,307.72,0.38,0.43,2026-10-09,1932,N21,VIIRS,n,2.0NRT,291.6,1.21,N,VIIRS_NOAA21_NRT,1.12,1,0.0693257403072232,8.035714285714272,Single Historical Detection
26.64028,79.47571,310.62,0.5,0.49,2026-10-09,2008,N,VIIRS,n,2.0NRT,293.23,1.21,N,VIIRS_SNPP_NRT,1.8419999999999999,5,0.0954250178012641,-34.31053203040174,Persistent / Stable
26.64045,79.4766,310.5,0.5,0.49,2026-10-09,2008,N,VIIRS,n,2.0NRT,293.27,1.21,N,VIIRS_SNPP_NRT,1.8419999999999999,5,0.0071638898876634875,-34.31053203040174,Persistent / Stable
22.21163,84.87651,310.64,0.39,0.36,2026-10-09,2010,N,VIIRS,n,2.0NRT,294.46,1.21,N,VIIRS_SNPP_NRT,2.4099999999999993,23,0.007515589483304737,-49.79253112033194,Persistent / Stable
15.68363,78.45654,306.85,0.39,0.36,2026-10-09,2032,N20,VIIRS,n,2.0NRT,296.39,1.2,N,VIIRS_NOAA20_NRT,1.9500000000000002,2,0.06749018984603854,-38.46153846153847,Persistent / Stable
21.7608,84.01978,310.93,0.4,0.37,2026-10-09,2010,N,VIIRS,n,2.0NRT,295.98,1.2,N,VIIRS_SNPP_NRT,2.5425,24,0.009008675555631743,-52.8023598820059,Persistent / Reduced
21.7636,84.02424,307.46,0.4,0.37,2026-10-09,2010,N,VIIRS,n,2.0NRT,294.55,1.2,N,VIIRS_SNPP_NRT,2.5425,24,0.05586315630925641,-52.8023598820059,Persistent / Reduced
21.76419,84.02035,317.7,0.4,0.37,2026-10-09,2010,N,VIIRS,n,2.0NRT,296.4,1.2,N,VIIRS_SNPP_NRT,2.5425,24,0.004589004228711457,-52.8023598820059,Persistent / Reduced
19.10378,82.16824,304.84,0.33,0.55,2026-10-09,1934,N21,VIIRS,n,2.0NRT,293.94,1.19,N,VIIRS_NOAA21_NRT,2.2891666666666666,36,0.012409324501969195,-48.01601747360757,Persistent / Stable
11.18353,79.10066,308.35,0.44,0.38,2026-10-09,2032,N20,VIIRS,n,2.0NRT,286.24,1.19,N,VIIRS_NOAA20_NRT,1.2836363636363635,11,0.008730323404986305,-7.294617563739368,Persistent / Stable
23.1632,82.3346,302.96,0.47,0.4,2026-10-09,2010,N,VIIRS,n,2.0NRT,292.65,1.19,N,VIIRS_SNPP_NRT,1.913076923076923,13,0.2617142100667323,-37.796542018496176,Persistent / Stable
22.22263,84.75105,303.93,0.49,0.49,2026-10-09,1932,N21,VIIRS,n,2.0NRT,292.77,1.18,N,VIIRS_NOAA21_NRT,0.9733333333333333,3,0.008447880446944505,21.232876712328768,Persistent / Stable
23.78279,86.34277,304.05,0.41,0.45,2026-10-09,1932,N21,VIIRS,n,2.0NRT,291.97,1.18,N,VIIRS_NOAA21_NRT,2.292025316455697,79,0.0015331668893488071,-48.51714806428455,Persistent / Stable
22.06543,83.70385,306.39,0.57,0.52,2026-10-09,1932,N21,VIIRS,n,2.0NRT,291.94,1.16,N,VIIRS_NOAA21_NRT,1.34,1,0.15148621094905396,-13.432835820895534,Single Historical Detection
23.60778,85.67492,305.75,0.45,0.47,2026-10-09,1932,N21,VIIRS,n,2.0NRT,291.88,1.16,N,VIIRS_NOAA21_NRT,1.0263636363636364,11,0.0038426208112960878,13.020372010628867,Persistent / Stable
21.5611,81.7524,306.55,0.44,0.38,2026-10-09,2029,N20,VIIRS,n,2.0NRT,295.59,1.16,N,VIIRS_NOAA20_NRT,,0,,,New / No Local History
15.17714,76.67729,309.71,0.39,0.36,2026-10-09,2032,N20,VIIRS,n,2.0NRT,273.29,1.16,N,VIIRS_NOAA20_NRT,2.353641975308642,162,0.008692156067506772,-50.71467911563378,Persistent / Reduced
15.18045,76.67783,304.48,0.39,0.36,2026-10-09,2032,N20,VIIRS,n,2.0NRT,276.24,1.16,N,VIIRS_NOAA20_NRT,2.3420253164556954,158,0.011758455105630582,-50.47021943573667,Persistent / Reduced
23.76753,86.40414,316.59,0.38,0.36,2026-10-09,2008,N,VIIRS,n,2.0NRT,292.87,1.16,N,VIIRS_SNPP_NRT,2.158924050632911,158,0.006334641948258633,-46.269531822579225,Persistent / Stable
23.76814,86.40037,303.88,0.38,0.36,2026-10-09,2008,N,VIIRS,n,2.0NRT,291.93,1.16,N,VIIRS_SNPP_NRT,2.158924050632911,158,0.012192638004526276,-46.269531822579225,Persistent / Stable
25.03559,87.38746,308.42,0.39,0.36,2026-10-09,2008,N,VIIRS,n,2.0NRT,292.16,1.16,N,VIIRS_SNPP_NRT,1.56625,8,0.033271467886447775,-25.937749401436555,Persistent / Stable
21.9174,83.35335,308.43,0.42,0.38,2026-10-09,2010,N,VIIRS,n,2.0NRT,295.72,1.16,N,VIIRS_SNPP_NRT,2.8140740740740737,27,0.011390093547806478,-58.778625954198475,Persistent / Reduced
21.92087,83.35392,310.71,0.42,0.38,2026-10-09,2010,N,VIIRS,n,2.0NRT,296.78,1.16,N,VIIRS_SNPP_NRT,2.8140740740740737,27,0.009466145137486812,-58.778625954198475,Persistent / Reduced
21.75377,84.02431,304.75,0.54,0.51,2026-10-09,1932,N21,VIIRS,n,2.0NRT,293.21,1.15,N,VIIRS_NOAA21_NRT,2.5425,24,0.04662003478630062,-54.76892822025565,Persistent / Reduced
21.75841,84.02489,304.42,0.54,0.51,2026-10-09,1932,N21,VIIRS,n,2.0NRT,293.35,1.15,N,VIIRS_NOAA21_NRT,2.5425,24,0.014440334017143258,-54.76892822025565,Persistent / Reduced
23.63071,86.29426,306.85,0.41,0.45,2026-10-09,1932,N21,VIIRS,n,2.0NRT,292.53,1.15,N,VIIRS_NOAA21_NRT,1.72,3,0.024543658753956418,-33.139534883720934,Persistent / Stable
17.29206,78.41056,304.24,0.56,0.69,2026-10-09,1934,N21,VIIRS,n,2.0NRT,292.51,1.15,N,VIIRS_NOAA21_NRT,0.63,1,0.08282291261400476,82.53968253968253,Abnormal Increase
24.35005,77.05584,335.01,0.4,0.37,2026-10-09,801,N20,VIIRS,n,2.0NRT,308.49,1.15,D,VIIRS_NOAA20_NRT,,0,,,New / No Local History
22.2217,84.75883,303.76,0.4,0.45,2026-10-09,2027,N20,VIIRS,n,2.0NRT,292.98,1.15,N,VIIRS_NOAA20_NRT,0.9733333333333333,3,0.08247339112639684,18.15068493150685,Persistent / Stable
23.80039,86.34821,304.72,0.47,0.48,2026-10-09,2027,N20,VIIRS,n,2.0NRT,291.18,1.15,N,VIIRS_NOAA20_NRT,2.2552564102564108,78,0.020734353561069414,-49.008015462452406,Persistent / Stable
23.71282,85.283,307.39,0.39,0.36,2026-10-09,2008,N,VIIRS,n,2.0NRT,292.53,1.15,N,VIIRS_SNPP_NRT,1.3681818181818182,11,0.42664322438662405,-15.946843853820603,Persistent / Stable
22.38792,87.28405,306.63,0.4,0.37,2026-10-09,2010,N,VIIRS,n,2.0NRT,293.09,1.15,N,VIIRS_SNPP_NRT,3.4597029702970303,101,0.1372608186575951,-66.76015224794666,Persistent / Reduced
19.80255,78.86484,302.6,0.62,0.71,2026-10-09,2114,N21,VIIRS,n,2.0NRT,292.39,1.14,N,VIIRS_NOAA21_NRT,0.61,2,0.06400008825876498,86.88524590163934,Abnormal Increase
21.74965,83.97356,308.61,0.56,0.43,2026-10-09,2027,N20,VIIRS,n,2.0NRT,294.18,1.14,N,VIIRS_NOAA20_NRT,1.94,1,0.31500658296385114,-41.23711340206186,Single Historical Detection
21.75354,83.97437,306.27,0.56,0.43,2026-10-09,2027,N20,VIIRS,n,2.0NRT,293.91,1.14,N,VIIRS_NOAA20_NRT,1.94,1,0.2315249152634635,-41.23711340206186,Single Historical Detection
22.02039,83.34084,304.75,0.51,0.41,2026-10-09,2027,N20,VIIRS,n,2.0NRT,293.41,1.14,N,VIIRS_NOAA20_NRT,1.7759999999999998,10,0.8233204486020655,-35.810810810810814,Persistent / Stable
23.66216,87.15134,302.45,0.53,0.5,2026-10-09,2027,N20,VIIRS,n,2.0NRT,290.77,1.14,N,VIIRS_NOAA20_NRT,2.5206666666666666,30,0.16098399262099383,-54.773869346733676,Persistent / Reduced
23.66669,87.15245,307.48,0.53,0.5,2026-10-09,2027,N20,VIIRS,n,2.0NRT,291.6,1.14,N,VIIRS_NOAA20_NRT,2.5206666666666666,30,0.0480430945135732,-54.773869346733676,Persistent / Reduced
23.75605,85.85387,309.85,0.44,0.46,2026-10-09,2027,N20,VIIRS,n,2.0NRT,292.8,1.14,N,VIIRS_NOAA20_NRT,1.9751515151515153,33,0.02295999266253003,-42.28290886775085,Persistent / Stable
23.75688,85.84965,305.83,0.44,0.46,2026-10-09,2027,N20,VIIRS,n,2.0NRT,290.9,1.14,N,VIIRS_NOAA20_NRT,1.9751515151515153,33,0.048851937146142006,-42.28290886775085,Persistent / Stable
23.54761,86.54436,309.09,0.39,0.36,2026-10-09,2008,N,VIIRS,n,2.0NRT,292.75,1.14,N,VIIRS_SNPP_NRT,1.3466666666666667,6,0.05003746294688431,-15.346534653465355,Persistent / Stable
22.35969,82.30183,306.47,0.36,0.57,2026-10-09,1932,N21,VIIRS,n,2.0NRT,295.36,1.13,N,VIIRS_NOAA21_NRT,3.8262500000000004,24,0.02365199141685531,-70.46716759229011,Persistent / Reduced
23.69675,85.36774,302.92,0.47,0.48,2026-10-09,1932,N21,VIIRS,n,2.0NRT,290.86,1.13,N,VIIRS_NOAA21_NRT,1.4726315789473683,19,0.04200328991715014,-23.26661901358113,Persistent / Stable
15.22512,76.76199,305.67,0.39,0.36,2026-10-09,2032,N20,VIIRS,n,2.0NRT,289.51,1.13,N,VIIRS_NOAA20_NRT,1.6163636363636364,11,0.07085414714133487,-30.089988751406082,Persistent / Stable
23.7546,86.42104,311.12,0.38,0.36,2026-10-09,2008,N,VIIRS,n,2.0NRT,290.58,1.13,N,VIIRS_SNPP_NRT,2.3667241379310338,116,0.1842555521396839,-52.25468055656734,Persistent / Reduced
22.7916,86.21043,307.34,0.38,0.36,2026-10-09,2010,N,VIIRS,n,2.0NRT,292.39,1.13,N,VIIRS_SNPP_NRT,2.479821428571428,56,0.026702044506555594,-54.43220277957802,Persistent / Reduced
27.28637,73.83958,307.0,0.42,0.45,2026-10-09,2112,N21,VIIRS,n,2.0NRT,296.14,1.12,N,VIIRS_NOAA21_NRT,1.25,7,0.006498109576063365,-10.399999999999991,Persistent / Stable
24.56549,81.00414,309.3,0.39,0.37,2026-10-09,2027,N20,VIIRS,n,2.0NRT,296.69,1.12,N,VIIRS_NOAA20_NRT,,0,,,New / No Local History
21.62327,81.79369,307.99,0.44,0.38,2026-10-09,2029,N20,VIIRS,n,2.0NRT,295.71,1.12,N,VIIRS_NOAA20_NRT,0.8400000000000001,2,0.05686315143283139,33.33333333333333,Persistent / Stable
23.79449,86.23515,311.07,0.38,0.36,2026-10-09,2008,N,VIIRS,n,2.0NRT,293.34,1.12,N,VIIRS_SNPP_NRT,0.42,1,0.048858275067687744,166.6666666666667,Abnormal Increase
20.51354,85.72578,304.18,0.41,0.45,2026-10-09,1932,N21,VIIRS,n,2.0NRT,293.08,1.11,N,VIIRS_NOAA21_NRT,0.8,1,0.2586926004003398,38.75000000000001,Single Historical Detection
23.69566,85.36846,306.62,0.47,0.48,2026-10-09,1932,N21,VIIRS,n,2.0NRT,290.97,1.11,N,VIIRS_NOAA21_NRT,1.4726315789473683,19,0.016103212750665917,-24.624731951393837,Persistent / Stable
26.64141,79.47604,321.51,0.39,0.36,2026-10-09,2027,N20,VIIRS,n,2.0NRT,294.86,1.11,N,VIIRS_NOAA20_NRT,1.8419999999999999,5,0.06271756967939462,-39.73941368078175,Persistent / Stable
27.46268,70.56492,306.26,0.59,0.53,2026-10-09,2148,N,VIIRS,n,2.0NRT,295.63,1.11,N,VIIRS_SNPP_NRT,,0,,,New / No Local History
23.66698,86.09249,307.88,0.42,0.46,2026-10-09,1932,N21,VIIRS,n,2.0NRT,292.11,1.1,N,VIIRS_NOAA21_NRT,2.460365853658537,82,0.008739940856804452,-55.291201982651806,Persistent / Reduced
24.11446,86.85871,302.95,0.39,0.44,2026-10-09,1932,N21,VIIRS,n,2.0NRT,289.92,1.1,N,VIIRS_NOAA21_NRT,1.5869999999999997,10,0.009579948695269467,-30.686830497794563,Persistent / Stable
22.36113,87.016,304.16,0.55,0.51,2026-10-09,2027,N20,VIIRS,n,2.0NRT,292.54,1.1,N,VIIRS_NOAA20_NRT,1.3695833333333332,24,0.00602855785193352,-19.683602068755686,Persistent / Stable
17.3712,77.44711,310.71,0.39,0.36,2026-10-09,2029,N20,VIIRS,n,2.0NRT,296.5,1.1,N,VIIRS_NOAA20_NRT,0.965,4,0.008588882278078698,13.989637305699496,Persistent / Stable
21.67435,82.08311,310.17,0.45,0.39,2026-10-09,2029,N20,VIIRS,n,2.0NRT,297.14,1.1,N,VIIRS_NOAA20_NRT,1.3599999999999999,2,0.33170003026436723,-19.117647058823515,Persistent / Stable
23.10729,70.18534,307.05,0.33,0.56,2026-10-09,2029,N20,VIIRS,n,2.0NRT,296.78,1.1,N,VIIRS_NOAA20_NRT,1.43,1,0.24754456738017835,-23.076923076923066,Single Historical Detection
22.90822,69.69933,333.07,0.35,0.57,2026-10-09,922,N,VIIRS,l,2.0NRT,307.63,1.1,D,VIIRS_SNPP_NRT,2.3864,25,0.05446392105017003,-53.90546429768689,Persistent / Reduced
20.97092,86.00471,310.07,0.39,0.36,2026-10-09,2010,N,VIIRS,n,2.0NRT,293.89,1.1,N,VIIRS_SNPP_NRT,3.646862745098037,51,0.009040077653289524,-69.83708801548468,Persistent / Reduced
20.97152,86.00101,306.17,0.39,0.36,2026-10-09,2010,N,VIIRS,n,2.0NRT,293.66,1.1,N,VIIRS_SNPP_NRT,3.6828571428571406,49,0.00971026133111796,-70.13188518231185,Persistent / Reduced
20.97424,86.00533,315.33,0.39,0.36,2026-10-09,2010,N,VIIRS,n,2.0NRT,293.67,1.1,N,VIIRS_SNPP_NRT,3.646862745098037,51,0.018810378645289224,-69.83708801548468,Persistent / Reduced
21.77271,84.02285,304.17,0.56,0.43,2026-10-09,2027,N20,VIIRS,n,2.0NRT,293.64,1.09,N,VIIRS_NOAA20_NRT,2.5425,24,0.030720743679607997,-57.12881022615536,Persistent / Reduced
22.24388,87.38492,303.26,0.59,0.52,2026-10-09,2027,N20,VIIRS,n,2.0NRT,291.47,1.09,N,VIIRS_NOAA20_NRT,2.518,10,0.24495325930317371,-56.71167593328037,Persistent / Reduced
24.16367,82.62923,307.71,0.44,0.39,2026-10-09,2027,N20,VIIRS,n,2.0NRT,293.27,1.09,N,VIIRS_NOAA20_NRT,1.5533333333333335,6,0.07668915545640374,-29.82832618025751,Persistent / Stable
24.19882,82.71785,309.11,0.45,0.39,2026-10-09,2027,N20,VIIRS,n,2.0NRT,292.97,1.09,N,VIIRS_NOAA20_NRT,1.1085714285714285,7,0.3316589212168278,-1.6752577319587532,Persistent / Stable
20.9374,86.04604,313.52,0.51,0.49,2026-10-09,2029,N20,VIIRS,n,2.0NRT,291.66,1.09,N,VIIRS_NOAA20_NRT,3.456785714285715,28,0.025817830179987834,-68.46781692323589,Persistent / Reduced
20.9444,86.05777,305.24,0.51,0.49,2026-10-09,2029,N20,VIIRS,n,2.0NRT,291.92,1.09,N,VIIRS_NOAA20_NRT,3.456785714285715,28,0.37388803235500767,-68.46781692323589,Persistent / Reduced
21.07517,85.04033,306.12,0.44,0.46,2026-10-09,2029,N20,VIIRS,n,2.0NRT,293.19,1.09,N,VIIRS_NOAA20_NRT,2.44,20,0.021531648734163862,-55.32786885245902,Persistent / Reduced
21.07599,85.03619,307.72,0.44,0.46,2026-10-09,2029,N20,VIIRS,n,2.0NRT,294.33,1.09,N,VIIRS_NOAA20_NRT,2.44,20,0.11424865514607836,-55.32786885245902,Persistent / Reduced
23.48185,87.36201,309.8,0.4,0.37,2026-10-09,2008,N,VIIRS,n,2.0NRT,293.61,1.09,N,VIIRS_SNPP_NRT,2.2,5,0.06937207021220868,-50.45454545454545,Persistent / Reduced
23.48456,87.36652,314.43,0.4,0.37,2026-10-09,2008,N,VIIRS,n,2.0NRT,292.91,1.09,N,VIIRS_SNPP_NRT,2.2,5,0.1991118338624665,-50.45454545454545,Persistent / Reduced
23.6479,85.43875,306.64,0.39,0.36,2026-10-09,2008,N,VIIRS,n,2.0NRT,291.14,1.09,N,VIIRS_SNPP_NRT,3.0220454545454554,44,0.0051015148518908275,-63.93171392043319,Persistent / Reduced
23.64848,85.43497,313.24,0.39,0.36,2026-10-09,2008,N,VIIRS,n,2.0NRT,291.32,1.09,N,VIIRS_SNPP_NRT,3.0220454545454554,44,0.042815511415258474,-63.93171392043319,Persistent / Reduced
23.77985,86.34842,310.52,0.38,0.36,2026-10-09,2008,N,VIIRS,n,2.0NRT,292.81,1.09,N,VIIRS_SNPP_NRT,2.264545454545455,77,0.00543158002964814,-51.866720192693705,Persistent / Reduced
24.1806,82.66078,307.61,0.47,0.4,2026-10-09,2008,N,VIIRS,n,2.0NRT,293.37,1.09,N,VIIRS_SNPP_NRT,0.85,3,0.6776608461838561,28.23529411764707,Persistent / Stable
19.0911,82.16974,306.45,0.44,0.38,2026-10-09,2010,N,VIIRS,n,2.0NRT,293.25,1.09,N,VIIRS_SNPP_NRT,2.2891666666666666,36,0.0035709203498912514,-52.384419366581724,Persistent / Reduced
21.81854,83.9948,304.2,0.56,0.43,2026-10-09,2027,N20,VIIRS,n,2.0NRT,293.6,1.08,N,VIIRS_NOAA20_NRT,2.4966666666666666,3,0.05783569957567793,-56.74232309746328,Persistent / Reduced
23.67971,86.39915,312.47,0.38,0.36,2026-10-09,2008,N,VIIRS,n,2.0NRT,293.79,1.08,N,VIIRS_SNPP_NRT,3.0147826086956515,92,0.002881049241995198,-64.17652148831841,Persistent / Reduced
21.81854,83.9941,305.08,0.56,0.43,2026-10-09,2027,N20,VIIRS,n,2.0NRT,293.6,1.07,N,VIIRS_NOAA20_NRT,2.4966666666666666,3,0.13008163025169486,-57.14285714285714,Persistent / Reduced
21.82243,83.99494,304.47,0.56,0.43,2026-10-09,2027,N20,VIIRS,n,2.0NRT,293.85,1.07,N,VIIRS_NOAA20_NRT,2.4966666666666666,3,0.044345423459223696,-57.14285714285714,Persistent / Reduced
21.49887,81.80828,305.0,0.38,0.58,2026-10-09,1932,N21,VIIRS,n,2.0NRT,294.38,1.06,N,VIIRS_NOAA21_NRT,0.925,2,0.18730416500024627,14.594594594594595,Persistent / Stable
21.74494,83.97554,306.13,0.55,0.51,2026-10-09,1932,N21,VIIRS,n,2.0NRT,293.0,1.06,N,VIIRS_NOAA21_NRT,1.94,1,0.11076576244833765,-45.360824742268036,Single Historical Detection
23.98914,79.39089,307.96,0.38,0.36,2026-10-09,2027,N20,VIIRS,n,2.0NRT,295.78,1.06,N,VIIRS_NOAA20_NRT,0.8,1,0.020343043963846882,32.5,Single Historical Detection
21.54515,81.94833,306.16,0.45,0.39,2026-10-09,2029,N20,VIIRS,n,2.0NRT,296.11,1.06,N,VIIRS_NOAA20_NRT,,0,,,New / No Local History
24.16238,82.62968,306.31,0.47,0.4,2026-10-09,2008,N,VIIRS,n,2.0NRT,292.87,1.06,N,VIIRS_SNPP_NRT,1.5533333333333335,6,0.12233959235280917,-31.75965665236052,Persistent / Stable
21.8779,83.55365,309.5,0.41,0.37,2026-10-09,2010,N,VIIRS,n,2.0NRT,294.76,1.06,N,VIIRS_SNPP_NRT,2.69,2,0.02683716545188239,-60.594795539033456,Persistent / Reduced
23.74862,86.41924,308.73,0.41,0.45,2026-10-09,1932,N21,VIIRS,n,2.0NRT,292.53,1.05,N,VIIRS_NOAA21_NRT,2.328129496402877,139,0.07827619054101588,-54.89941596365995,Persistent / Reduced
23.74909,86.4153,305.95,0.41,0.45,2026-10-09,1932,N21,VIIRS,n,2.0NRT,291.69,1.05,N,VIIRS_NOAA21_NRT,2.3122758620689647,145,0.025101917305771094,-54.59019327129562,Persistent / Reduced
22.21843,84.75408,306.06,0.4,0.45,2026-10-09,2027,N20,VIIRS,n,2.0NRT,293.18,1.05,N,VIIRS_NOAA20_NRT,0.9733333333333333,3,0.21859913403935063,7.876712328767134,Persistent / Stable
21.24866,79.21115,311.24,0.38,0.36,2026-10-09,2029,N20,VIIRS,n,2.0NRT,295.81,1.05,N,VIIRS_NOAA20_NRT,1.19375,8,0.016618504413447303,-12.04188481675393,Persistent / Stable
23.63271,86.83659,303.72,0.39,0.36,2026-10-09,2008,N,VIIRS,n,2.0NRT,292.05,1.05,N,VIIRS_SNPP_NRT,1.12,1,0.2353189835526388,-6.250000000000005,Single Historical Detection
23.67589,85.32314,302.99,0.39,0.36,2026-10-09,2008,N,VIIRS,n,2.0NRT,291.62,1.05,N,VIIRS_SNPP_NRT,1.51,1,0.3391132530846908,-30.4635761589404,Single Historical Detection
23.69207,87.11325,304.24,0.39,0.36,2026-10-09,2008,N,VIIRS,n,2.0NRT,292.88,1.05,N,VIIRS_SNPP_NRT,2.679682539682539,63,0.02904545428212898,-60.816253998341416,Persistent / Reduced
23.6927,87.10944,306.06,0.39,0.36,2026-10-09,2008,N,VIIRS,n,2.0NRT,292.94,1.05,N,VIIRS_SNPP_NRT,2.698387096774193,62,0.015292128741994145,-61.087866108786606,Persistent / Reduced
22.21254,84.87874,303.43,0.48,0.48,2026-10-09,1932,N21,VIIRS,n,2.0NRT,292.18,1.04,N,VIIRS_NOAA21_NRT,2.3913636363636357,22,0.1688904467756673,-56.51016916935943,Persistent / Reduced
23.61626,86.78989,307.33,0.39,0.44,2026-10-09,1932,N21,VIIRS,n,2.0NRT,291.72,1.04,N,VIIRS_NOAA21_NRT,1.6899999999999997,13,0.020116499134512692,-38.461538461538446,Persistent / Stable
21.73169,82.21525,307.75,0.46,0.39,2026-10-09,2010,N,VIIRS,n,2.0NRT,296.37,1.04,N,VIIRS_SNPP_NRT,1.1633333333333333,3,0.005573727846477361,-10.601719197707734,Persistent / Stable
22.57346,85.89835,313.21,0.38,0.36,2026-10-09,2010,N,VIIRS,n,2.0NRT,294.95,1.04,N,VIIRS_SNPP_NRT,2.615555555555556,18,0.0035315086551619894,-60.237892948173325,Persistent / Reduced
21.30804,81.59049,310.33,0.39,0.59,2026-10-09,1932,N21,VIIRS,n,2.0NRT,294.19,1.03,N,VIIRS_NOAA21_NRT,1.5050000000000001,8,0.014648231866852544,-31.561461794019934,Persistent / Stable
23.68159,86.09032,302.34,0.38,0.36,2026-10-09,2008,N,VIIRS,n,2.0NRT,290.22,1.03,N,VIIRS_SNPP_NRT,2.4143478260869564,92,0.0292021981590559,-57.33837565280029,Persistent / Reduced
21.76472,85.5807,302.48,0.43,0.46,2026-10-09,1932,N21,VIIRS,n,2.0NRT,291.75,1.02,N,VIIRS_NOAA21_NRT,0.5549999999999999,2,0.122895497846949,83.7837837837838,Abnormal Increase
21.89879,83.98132,302.92,0.55,0.51,2026-10-09,1932,N21,VIIRS,n,2.0NRT,292.58,1.02,N,VIIRS_NOAA21_NRT,,0,,,New / No Local History
21.86051,83.96535,304.63,0.55,0.43,2026-10-09,2027,N20,VIIRS,n,2.0NRT,294.23,1.02,N,VIIRS_NOAA20_NRT,2.225,2,0.15699855478603886,-54.157303370786515,Persistent / Reduced
20.9239,86.04182,309.88,0.39,0.36,2026-10-09,2010,N,VIIRS,n,2.0NRT,293.87,1.02,N,VIIRS_SNPP_NRT,3.7759090909090913,22,0.14194941384780105,-72.98663777537017,Persistent / Reduced
22.60868,85.91251,308.89,0.38,0.36,2026-10-09,2010,N,VIIRS,n,2.0NRT,293.75,1.02,N,VIIRS_SNPP_NRT,1.262,5,0.1191041767356275,-19.17591125198098,Persistent / Stable
22.85695,86.05741,307.33,0.38,0.36,2026-10-09,2010,N,VIIRS,n,2.0NRT,293.45,1.02,N,VIIRS_SNPP_NRT,2.0949999999999998,10,0.29748850164900215,-51.312649164677794,Persistent / Reduced
23.98805,79.39097,305.92,0.47,0.48,2026-10-09,2010,N,VIIRS,n,2.0NRT,294.57,1.02,N,VIIRS_SNPP_NRT,0.8,1,0.012584898355279057,27.499999999999996,Single Historical Detection
21.82901,83.89829,304.04,0.55,0.43,2026-10-09,2027,N20,VIIRS,n,2.0NRT,293.52,1.01,N,VIIRS_NOAA20_NRT,2.8986666666666667,15,0.04439700834065705,-65.15639374425022,Persistent / Reduced
28.64808,77.55878,304.4,0.45,0.39,2026-10-09,2027,N20,VIIRS,n,2.0NRT,292.06,1.01,N,VIIRS_NOAA20_NRT,2.7033333333333336,6,1.2911277609550815,-62.63871763255241,Persistent / Reduced
27.34109,77.15977,334.2,0.48,0.48,2026-10-09,741,N,VIIRS,l,2.0NRT,308.73,1.01,D,VIIRS_SNPP_NRT,,0,,,New / No Local History
23.6961,85.36967,311.38,0.39,0.36,2026-10-09,2008,N,VIIRS,n,2.0NRT,292.39,1.01,N,VIIRS_SNPP_NRT,1.4726315789473683,19,0.004192921433397461,-31.415296640457463,Persistent / Stable
23.69668,85.36589,307.13,0.39,0.36,2026-10-09,2008,N,VIIRS,n,2.0NRT,291.34,1.01,N,VIIRS_SNPP_NRT,1.4726315789473683,19,0.011493678036666972,-31.415296640457463,Persistent / Stable
21.38894,81.64824,306.74,0.49,0.4,2026-10-09,2010,N,VIIRS,n,2.0NRT,295.74,1.01,N,VIIRS_SNPP_NRT,2.078888888888889,9,0.22261702385578463,-51.41635489043293,Persistent / Reduced
21.73553,83.97961,305.75,0.4,0.37,2026-10-09,2010,N,VIIRS,n,2.0NRT,294.48,1.01,N,VIIRS_SNPP_NRT,1.94,1,0.3109236208810635,-47.9381443298969,Single Historical Detection
22.24268,87.39049,304.46,0.59,0.53,2026-10-09,2027,N20,VIIRS,n,2.0NRT,291.75,1.0,N,VIIRS_NOAA20_NRT,2.518,10,0.05256574882702494,-60.28594122319301,Persistent / Reduced
24.32725,81.32806,306.58,0.4,0.37,2026-10-09,2027,N20,VIIRS,n,2.0NRT,295.74,1.0,N,VIIRS_NOAA20_NRT,1.27,1,0.060812128101621066,-21.25984251968504,Single Historical Detection
21.34225,81.67233,306.98,0.44,0.38,2026-10-09,2029,N20,VIIRS,n,2.0NRT,295.55,1.0,N,VIIRS_NOAA20_NRT,2.6757142857142857,7,0.13049893637138937,-62.62680192205019,Persistent / Reduced
23.69351,87.12533,310.9,0.39,0.36,2026-10-09,2008,N,VIIRS,n,2.0NRT,292.9,1.0,N,VIIRS_SNPP_NRT,2.9090384615384606,52,0.0055510283564363236,-65.62438024724003,Persistent / Reduced
23.77779,85.99629,304.96,0.38,0.36,2026-10-09,2008,N,VIIRS,n,2.0NRT,292.48,1.0,N,VIIRS_SNPP_NRT,1.0766666666666667,6,0.021378436620033858,-7.120743034055726,Persistent / Stable
20.53239,85.90727,307.22,0.39,0.36,2026-10-09,2010,N,VIIRS,n,2.0NRT,293.4,0.99,N,VIIRS_SNPP_NRT,,0,,,New / No Local History
21.67153,82.08324,308.28,0.47,0.4,2026-10-09,2010,N,VIIRS,n,2.0NRT,296.49,0.99,N,VIIRS_SNPP_NRT,1.3599999999999999,2,0.34519175591942014,-27.205882352941167,Persistent / Stable
22.58941,85.90512,304.68,0.38,0.36,2026-10-09,2010,N,VIIRS,n,2.0NRT,293.59,0.99,N,VIIRS_SNPP_NRT,2.4885,20,0.090494312873841,-60.21699819168174,Persistent / Reduced
23.77732,85.99579,303.86,0.43,0.46,2026-10-09,1932,N21,VIIRS,n,2.0NRT,291.95,0.98,N,VIIRS_NOAA21_NRT,1.0766666666666667,6,0.024432758648153453,-8.978328173374614,Persistent / Stable
27.01211,78.79533,330.81,0.39,0.44,2026-10-09,741,N,VIIRS,n,2.0NRT,297.65,0.98,D,VIIRS_SNPP_NRT,,0,,,New / No Local History
22.98153,69.52419,333.64,0.35,0.56,2026-10-09,922,N,VIIRS,n,2.0NRT,305.77,0.98,D,VIIRS_SNPP_NRT,,0,,,New / No Local History
21.76757,84.02094,310.09,0.4,0.37,2026-10-09,2010,N,VIIRS,n,2.0NRT,294.99,0.98,N,VIIRS_SNPP_NRT,2.5425,24,0.002012399613845176,-61.455260570304816,Persistent / Reduced
21.77096,84.02151,309.67,0.4,0.37,2026-10-09,2010,N,VIIRS,n,2.0NRT,294.54,0.98,N,VIIRS_SNPP_NRT,2.5425,24,0.0034311210076576177,-61.455260570304816,Persistent / Reduced
22.01435,83.75185,305.71,0.54,0.42,2026-10-09,2027,N20,VIIRS,n,2.0NRT,293.53,0.97,N,VIIRS_NOAA20_NRT,1.7808333333333337,12,0.05979103795880098,-45.53111839026675,Persistent / Stable
22.02483,83.75948,305.46,0.54,0.42,2026-10-09,2027,N20,VIIRS,n,2.0NRT,293.22,0.97,N,VIIRS_NOAA20_NRT,2.0485714285714285,7,0.44456305565600285,-52.64993026499303,Persistent / Reduced
23.65189,85.43355,301.19,0.42,0.45,2026-10-09,2027,N20,VIIRS,n,2.0NRT,290.44,0.97,N,VIIRS_NOAA20_NRT,3.0220454545454554,44,0.07162936105131713,-67.90253440625705,Persistent / Reduced
23.83831,85.4696,303.03,0.42,0.45,2026-10-09,2027,N20,VIIRS,n,2.0NRT,292.82,0.97,N,VIIRS_NOAA20_NRT,1.01,2,0.09560845138041293,-3.960396039603964,Persistent / Stable
21.33842,78.96676,307.42,0.38,0.36,2026-10-09,2029,N20,VIIRS,n,2.0NRT,295.06,0.97,N,VIIRS_NOAA20_NRT,1.755384615384615,13,0.006276497549755574,-44.74145486415424,Persistent / Stable
23.77432,86.21204,306.23,0.38,0.36,2026-10-09,2008,N,VIIRS,n,2.0NRT,292.38,0.97,N,VIIRS_SNPP_NRT,3.051874999999999,48,0.013961656171839842,-68.21626049559697,Persistent / Reduced
23.77492,86.2083,307.25,0.38,0.36,2026-10-09,2008,N,VIIRS,n,2.0NRT,292.9,0.97,N,VIIRS_SNPP_NRT,3.051874999999999,48,0.016195547798990496,-68.21626049559697,Persistent / Reduced
23.836,85.46825,303.68,0.39,0.36,2026-10-09,2008,N,VIIRS,n,2.0NRT,293.1,0.97,N,VIIRS_SNPP_NRT,1.01,2,0.06936073992212906,-3.960396039603964,Persistent / Stable
23.75532,85.85027,302.53,0.44,0.46,2026-10-09,1932,N21,VIIRS,n,2.0NRT,291.99,0.96,N,VIIRS_NOAA21_NRT,1.9751515151515153,33,0.014638470406509436,-51.39613378336914,Persistent / Reduced
19.92883,79.12025,307.71,0.39,0.36,2026-10-09,2029,N20,VIIRS,n,2.0NRT,296.75,0.96,N,VIIRS_NOAA20_NRT,0.99375,8,0.029905409694085328,-3.396226415094345,Persistent / Stable
22.20771,84.54997,309.93,0.39,0.36,2026-10-09,2010,N,VIIRS,n,2.0NRT,293.95,0.96,N,VIIRS_SNPP_NRT,1.315,2,0.03706121953015672,-26.996197718631176,Persistent / Stable
23.10576,70.18949,307.15,0.35,0.56,2026-10-09,2150,N,VIIRS,n,2.0NRT,297.08,0.96,N,VIIRS_SNPP_NRT,1.43,1,0.176942399782623,-32.86713286713287,Single Historical Detection
23.6523,85.34583,304.06,0.41,0.45,2026-10-09,2027,N20,VIIRS,n,2.0NRT,292.31,0.95,N,VIIRS_NOAA20_NRT,1.51,1,1.9722544124859278,-37.086092715231786,Single Historical Detection
15.11689,76.80309,306.59,0.39,0.36,2026-10-09,2032,N20,VIIRS,n,2.0NRT,291.07,0.95,N,VIIRS_NOAA20_NRT,1.8266666666666664,3,0.01641515273913172,-47.992700729927,Persistent / Stable
21.07567,85.04504,309.74,0.39,0.36,2026-10-09,2010,N,VIIRS,n,2.0NRT,294.01,0.95,N,VIIRS_SNPP_NRT,2.44,20,0.018520517018801388,-61.065573770491795,Persistent / Reduced
21.07624,85.04134,309.61,0.39,0.36,2026-10-09,2010,N,VIIRS,n,2.0NRT,293.53,0.95,N,VIIRS_SNPP_NRT,2.44,20,0.009840756396762924,-61.065573770491795,Persistent / Reduced
21.07956,85.04192,309.59,0.39,0.36,2026-10-09,2010,N,VIIRS,n,2.0NRT,293.61,0.95,N,VIIRS_SNPP_NRT,2.44,20,0.05094920767549577,-61.065573770491795,Persistent / Reduced
21.77139,84.02044,309.23,0.4,0.37,2026-10-09,2010,N,VIIRS,n,2.0NRT,294.81,0.95,N,VIIRS_SNPP_NRT,2.5425,24,0.016785948766869,-62.635201573254676,Persistent / Reduced
22.81521,86.08421,306.11,0.38,0.36,2026-10-09,2010,N,VIIRS,n,2.0NRT,292.81,0.95,N,VIIRS_SNPP_NRT,2.015,14,0.24505142692983062,-52.85359801488835,Persistent / Reduced
24.18267,82.66309,304.15,0.36,0.57,2026-10-09,1932,N21,VIIRS,n,2.0NRT,290.58,0.94,N,VIIRS_NOAA21_NRT,0.85,3,0.9119234693142187,10.588235294117645,Persistent / Stable
27.28757,73.84087,308.61,0.42,0.45,2026-10-09,2112,N21,VIIRS,n,2.0NRT,296.23,0.94,N,VIIRS_NOAA21_NRT,1.25,7,0.002210393205320287,-24.800000000000004,Persistent / Stable
20.50413,78.83914,331.35,0.39,0.36,2026-10-09,758,N20,VIIRS,l,2.0NRT,305.9,0.94,D,VIIRS_NOAA20_NRT,,0,,,New / No Local History
21.92337,81.74606,306.24,0.43,0.38,2026-10-09,2027,N20,VIIRS,n,2.0NRT,295.43,0.94,N,VIIRS_NOAA20_NRT,,0,,,New / No Local History
22.79805,86.08848,303.78,0.47,0.48,2026-10-09,2027,N20,VIIRS,n,2.0NRT,291.88,0.94,N,VIIRS_NOAA20_NRT,2.015,14,0.0028905986437018326,-53.349875930521094,Persistent / Reduced
28.34702,77.25667,309.96,0.46,0.39,2026-10-09,2027,N20,VIIRS,n,2.0NRT,293.5,0.94,N,VIIRS_NOAA20_NRT,1.9188888888888889,9,0.027401497334127133,-51.01331789229878,Persistent / Reduced
23.66142,86.91238,309.9,0.39,0.36,2026-10-09,2008,N,VIIRS,n,2.0NRT,292.04,0.94,N,VIIRS_SNPP_NRT,1.9449999999999998,2,0.4980843848456113,-51.670951156812336,Persistent / Reduced
23.70787,85.42635,308.84,0.39,0.36,2026-10-09,2008,N,VIIRS,n,2.0NRT,291.73,0.94,N,VIIRS_SNPP_NRT,0.45,1,0.18022625290322566,108.88888888888889,Abnormal Increase
14.78297,76.96548,333.08,0.34,0.56,2026-10-09,841,N21,VIIRS,n,2.0NRT,301.66,0.93,D,VIIRS_NOAA21_NRT,,0,,,New / No Local History
22.59376,85.903,304.11,0.47,0.47,2026-10-09,2027,N20,VIIRS,n,2.0NRT,292.21,0.93,N,VIIRS_NOAA20_NRT,2.4885,20,0.08640588714444357,-62.62808921036769,Persistent / Reduced
21.19162,81.19733,307.08,0.42,0.38,2026-10-09,2029,N20,VIIRS,n,2.0NRT,295.09,0.93,N,VIIRS_NOAA20_NRT,0.98,2,0.07893275814553136,-5.102040816326523,Persistent / Stable
21.79129,69.54148,340.34,0.34,0.56,2026-10-09,922,N,VIIRS,n,2.0NRT,306.38,0.93,D,VIIRS_SNPP_NRT,,0,,,New / No Local History
22.04001,83.35161,307.83,0.42,0.38,2026-10-09,2010,N,VIIRS,n,2.0NRT,294.73,0.93,N,VIIRS_SNPP_NRT,1.5653846153846156,13,0.03422289832912303,-40.58968058968059,Persistent / Stable
22.1563,82.09412,306.59,0.37,0.58,2026-10-09,1932,N21,VIIRS,n,2.0NRT,295.04,0.92,N,VIIRS_NOAA21_NRT,,0,,,New / No Local History
15.17521,76.78459,297.61,0.69,0.74,2026-10-09,1934,N21,VIIRS,n,2.0NRT,277.64,0.92,N,VIIRS_NOAA21_NRT,1.14,6,0.019318127896802324,-19.29824561403508,Persistent / Stable
15.02334,78.01584,307.91,0.39,0.36,2026-10-09,2032,N20,VIIRS,n,2.0NRT,290.75,0.92,N,VIIRS_NOAA20_NRT,1.760526315789474,19,0.01937333655834942,-47.74289985052317,Persistent / Stable
15.02392,78.01228,306.59,0.39,0.36,2026-10-09,2032,N20,VIIRS,n,2.0NRT,289.9,0.92,N,VIIRS_NOAA20_NRT,1.760526315789474,19,0.024890316494939026,-47.74289985052317,Persistent / Stable
23.66767,86.93703,304.74,0.39,0.36,2026-10-09,2008,N,VIIRS,n,2.0NRT,291.69,0.92,N,VIIRS_SNPP_NRT,2.245,2,0.019233757160036384,-59.02004454342985,Persistent / Reduced
23.67099,86.93768,313.26,0.39,0.36,2026-10-09,2008,N,VIIRS,n,2.0NRT,292.57,0.92,N,VIIRS_SNPP_NRT,3.42,1,0.04786872350647361,-73.09941520467837,Single Historical Detection
21.87944,83.55642,307.0,0.53,0.42,2026-10-09,2027,N20,VIIRS,n,2.0NRT,293.96,0.91,N,VIIRS_NOAA20_NRT,2.69,2,0.19196070835482693,-66.1710037174721,Persistent / Reduced
28.74364,76.93365,304.62,0.48,0.4,2026-10-09,2027,N20,VIIRS,n,2.0NRT,293.63,0.91,N,VIIRS_NOAA20_NRT,1.8533333333333333,6,0.5449882080271331,-50.899280575539564,Persistent / Reduced
23.65187,85.34608,305.54,0.39,0.36,2026-10-09,2008,N,VIIRS,n,2.0NRT,293.25,0.91,N,VIIRS_SNPP_NRT,1.51,1,1.9977314868771416,-39.735099337748345,Single Historical Detection
23.79678,86.23429,304.35,0.46,0.47,2026-10-09,2027,N20,VIIRS,n,2.0NRT,290.79,0.9,N,VIIRS_NOAA20_NRT,0.42,1,0.03877730576386925,114.2857142857143,Abnormal Increase
23.68225,87.13101,312.65,0.39,0.36,2026-10-09,2008,N,VIIRS,n,2.0NRT,293.57,0.9,N,VIIRS_SNPP_NRT,2.950212765957446,47,0.06621339538323515,-69.49372565988749,Persistent / Reduced
23.70947,86.44734,306.12,0.38,0.36,2026-10-09,2008,N,VIIRS,n,2.0NRT,293.13,0.9,N,VIIRS_SNPP_NRT,2.5037878787878776,66,0.019525600252046166,-64.05446293494703,Persistent / Reduced
26.64412,79.48055,311.3,0.39,0.36,2026-10-09,2027,N20,VIIRS,n,2.0NRT,294.64,0.89,N,VIIRS_NOAA20_NRT,1.8419999999999999,5,0.1511312020295584,-51.68295331161781,Persistent / Reduced
24.18212,82.66304,304.37,0.35,0.57,2026-10-09,1932,N21,VIIRS,n,2.0NRT,290.57,0.88,N,VIIRS_NOAA21_NRT,0.85,3,0.9068605827801102,3.529411764705886,Persistent / Stable
25.51482,75.57198,330.42,0.43,0.38,2026-10-09,801,N20,VIIRS,l,2.0NRT,305.11,0.88,D,VIIRS_NOAA20_NRT,,0,,,New / No Local History
21.76579,83.84594,306.16,0.55,0.43,2026-10-09,2027,N20,VIIRS,n,2.0NRT,294.38,0.88,N,VIIRS_NOAA20_NRT,4.770121951219512,82,0.025258592966137045,-81.55183433465423,Persistent / Reduced
22.20698,84.55035,306.2,0.39,0.44,2026-10-09,2027,N20,VIIRS,n,2.0NRT,293.14,0.87,N,VIIRS_NOAA20_NRT,1.315,2,0.002614167303130211,-33.8403041825095,Persistent / Stable
23.55153,86.54123,305.57,0.39,0.36,2026-10-09,2008,N,VIIRS,n,2.0NRT,292.33,0.87,N,VIIRS_SNPP_NRT,1.3466666666666667,6,0.07752754414815859,-35.396039603960396,Persistent / Stable
21.89929,83.9814,306.1,0.4,0.37,2026-10-09,2010,N,VIIRS,n,2.0NRT,293.71,0.87,N,VIIRS_SNPP_NRT,,0,,,New / No Local History
22.36188,87.01884,307.78,0.39,0.36,2026-10-09,2010,N,VIIRS,n,2.0NRT,293.96,0.87,N,VIIRS_SNPP_NRT,1.3695833333333332,24,0.010759303362182579,-36.47703072710677,Persistent / Stable
23.78075,86.14844,303.86,0.42,0.45,2026-10-09,1932,N21,VIIRS,n,2.0NRT,290.67,0.86,N,VIIRS_NOAA21_NRT,,0,,,New / No Local History
20.00727,79.18333,307.37,0.39,0.36,2026-10-09,2029,N20,VIIRS,n,2.0NRT,296.14,0.86,N,VIIRS_NOAA20_NRT,,0,,,New / No Local History
24.1956,82.71502,307.05,0.47,0.39,2026-10-09,2008,N,VIIRS,n,2.0NRT,292.29,0.86,N,VIIRS_SNPP_NRT,1.1085714285714285,7,0.04528722474132319,-22.422680412371133,Persistent / Stable
22.2239,84.7508,304.83,0.39,0.36,2026-10-09,2010,N,VIIRS,n,2.0NRT,293.76,0.86,N,VIIRS_SNPP_NRT,0.9733333333333333,3,0.03207963018918204,-11.643835616438352,Persistent / Stable
22.38174,87.27636,304.02,0.57,0.52,2026-10-09,2027,N20,VIIRS,n,2.0NRT,291.54,0.85,N,VIIRS_NOAA20_NRT,3.552676056338029,71,0.021689707091566455,-76.07437361243261,Persistent / Reduced
23.78431,86.20786,305.11,0.46,0.47,2026-10-09,2027,N20,VIIRS,n,2.0NRT,291.08,0.85,N,VIIRS_NOAA20_NRT,3.051874999999999,48,0.011920709203302718,-72.14826950645093,Persistent / Reduced
28.65156,77.58743,307.47,0.45,0.39,2026-10-09,2027,N20,VIIRS,n,2.0NRT,292.52,0.85,N,VIIRS_NOAA20_NRT,2.1744444444444446,9,0.006479167647372235,-60.90955544200306,Persistent / Reduced
18.54137,83.34069,307.35,0.38,0.44,2026-10-09,2029,N20,VIIRS,n,2.0NRT,295.26,0.85,N,VIIRS_NOAA20_NRT,,0,,,New / No Local History
22.21797,84.75526,306.5,0.4,0.45,2026-10-09,2027,N20,VIIRS,n,2.0NRT,292.97,0.83,N,VIIRS_NOAA20_NRT,0.9733333333333333,3,0.3399653617526335,-14.726027397260271,Persistent / Stable
23.67557,86.08534,318.08,0.38,0.36,2026-10-09,2008,N,VIIRS,n,2.0NRT,290.97,0.83,N,VIIRS_SNPP_NRT,2.3926666666666665,90,0.005998564058145488,-65.3106714962385,Persistent / Reduced
21.72939,82.21393,306.55,0.36,0.57,2026-10-09,1932,N21,VIIRS,n,2.0NRT,295.73,0.82,N,VIIRS_NOAA21_NRT,1.1633333333333333,3,0.13120383917907844,-29.512893982808023,Persistent / Stable
15.91633,77.36289,307.15,0.38,0.36,2026-10-09,2032,N20,VIIRS,n,2.0NRT,294.94,0.82,N,VIIRS_NOAA20_NRT,0.63,1,0.03785892019574426,30.15873015873015,Single Historical Detection
23.69776,85.29198,306.35,0.39,0.36,2026-10-09,2008,N,VIIRS,n,2.0NRT,292.75,0.82,N,VIIRS_SNPP_NRT,1.3681818181818182,11,0.053974623589757055,-40.06644518272425,Persistent / Stable
23.75855,85.86122,304.94,0.38,0.36,2026-10-09,2008,N,VIIRS,n,2.0NRT,292.14,0.82,N,VIIRS_SNPP_NRT,1.9751515151515153,33,0.3979321888804171,-58.484197606627795,Persistent / Reduced
23.75914,85.85746,312.92,0.38,0.36,2026-10-09,2008,N,VIIRS,n,2.0NRT,293.97,0.82,N,VIIRS_SNPP_NRT,1.9751515151515153,33,0.01557832407661262,-58.484197606627795,Persistent / Reduced
23.59541,77.37469,335.34,0.4,0.37,2026-10-09,801,N20,VIIRS,l,2.0NRT,309.76,0.81,D,VIIRS_NOAA20_NRT,,0,,,New / No Local History
14.27049,78.70391,333.95,0.34,0.56,2026-10-09,737,N,VIIRS,l,2.0NRT,304.77,0.81,D,VIIRS_SNPP_NRT,,0,,,New / No Local History
24.14765,82.65747,303.65,0.45,0.39,2026-10-09,2027,N20,VIIRS,n,2.0NRT,292.04,0.8,N,VIIRS_NOAA20_NRT,0.78,1,0.11262818017751827,2.5641025641025665,Single Historical Detection
23.7158,86.42918,305.48,0.38,0.36,2026-10-09,2008,N,VIIRS,n,2.0NRT,292.69,0.8,N,VIIRS_SNPP_NRT,2.365205479452054,73,0.03643902469672629,-66.17630024325263,Persistent / Reduced
22.31785,82.57405,307.19,0.45,0.39,2026-10-09,2010,N,VIIRS,n,2.0NRT,295.15,0.8,N,VIIRS_SNPP_NRT,1.8280952380952382,21,0.5472449339888013,-56.238603803073715,Persistent / Reduced
22.36585,87.01567,308.92,0.39,0.36,2026-10-09,2010,N,VIIRS,n,2.0NRT,293.3,0.8,N,VIIRS_SNPP_NRT,1.3695833333333332,24,0.005208794700296665,-41.58807423182232,Persistent / Stable
20.97625,86.00726,305.69,0.4,0.44,2026-10-09,1932,N21,VIIRS,n,2.0NRT,292.9,0.79,N,VIIRS_NOAA21_NRT,3.5310909090909077,55,0.02263068110871329,-77.62731064311826,Persistent / Reduced
22.87378,88.21143,305.68,0.32,0.55,2026-10-09,2027,N20,VIIRS,n,2.0NRT,291.6,0.79,N,VIIRS_NOAA20_NRT,1.63,2,0.10554093551075835,-51.53374233128834,Persistent / Reduced
23.63271,86.83324,304.53,0.51,0.49,2026-10-09,2027,N20,VIIRS,n,2.0NRT,290.26,0.79,N,VIIRS_NOAA20_NRT,1.12,1,0.10594510244256672,-29.464285714285715,Single Historical Detection
23.69443,85.29137,304.13,0.39,0.36,2026-10-09,2008,N,VIIRS,n,2.0NRT,291.6,0.79,N,VIIRS_SNPP_NRT,1.3681818181818182,11,0.008192378246052321,-42.25913621262458,Persistent / Stable
23.69501,85.28757,309.7,0.39,0.36,2026-10-09,2008,N,VIIRS,n,2.0NRT,292.59,0.79,N,VIIRS_SNPP_NRT,1.3681818181818182,11,0.003171733232781534,-42.25913621262458,Persistent / Stable
23.78211,85.57891,303.82,0.39,0.36,2026-10-09,2008,N,VIIRS,n,2.0NRT,292.08,0.79,N,VIIRS_SNPP_NRT,1.5119999999999998,10,0.2889833522378564,-47.75132275132274,Persistent / Stable
23.7827,85.57514,303.19,0.39,0.36,2026-10-09,2008,N,VIIRS,n,2.0NRT,291.94,0.79,N,VIIRS_SNPP_NRT,1.5119999999999998,10,0.012616590733575503,-47.75132275132274,Persistent / Stable
24.16728,82.62096,302.91,0.47,0.4,2026-10-09,2008,N,VIIRS,n,2.0NRT,292.39,0.79,N,VIIRS_SNPP_NRT,1.5083333333333337,6,0.005743792660426742,-47.624309392265204,Persistent / Stable
23.67775,86.07288,303.24,0.43,0.46,2026-10-09,1932,N21,VIIRS,n,2.0NRT,291.65,0.78,N,VIIRS_NOAA21_NRT,2.166031746031746,63,0.04381187221330117,-63.98944745713029,Persistent / Reduced
19.35931,76.05724,305.69,0.33,0.56,2026-10-09,2010,N,VIIRS,n,2.0NRT,291.01,0.78,N,VIIRS_SNPP_NRT,,0,,,New / No Local History
23.69324,87.11626,305.77,0.53,0.5,2026-10-09,2027,N20,VIIRS,n,2.0NRT,290.62,0.77,N,VIIRS_NOAA20_NRT,2.7196721311475405,61,0.0017289528020491074,-71.68776371308016,Persistent / Reduced
23.55489,87.24537,308.49,0.39,0.36,2026-10-09,2008,N,VIIRS,n,2.0NRT,291.81,0.77,N,VIIRS_SNPP_NRT,2.9255263157894738,38,0.10409745734043178,-73.67994962669785,Persistent / Reduced
23.55553,87.24154,308.51,0.39,0.36,2026-10-09,2008,N,VIIRS,n,2.0NRT,293.12,0.77,N,VIIRS_SNPP_NRT,2.9255263157894738,38,0.017694872058037443,-73.67994962669785,Persistent / Reduced
23.55887,87.24219,307.08,0.39,0.36,2026-10-09,2008,N,VIIRS,n,2.0NRT,292.25,0.77,N,VIIRS_SNPP_NRT,2.9255263157894738,38,0.02323743400794719,-73.67994962669785,Persistent / Reduced
23.66457,85.00066,306.88,0.39,0.36,2026-10-09,2008,N,VIIRS,n,2.0NRT,292.29,0.77,N,VIIRS_SNPP_NRT,1.2993333333333337,15,0.09166024081768823,-40.738840430990265,Persistent / Stable
23.70978,86.42418,305.12,0.38,0.36,2026-10-09,2008,N,VIIRS,n,2.0NRT,293.18,0.77,N,VIIRS_SNPP_NRT,2.3476666666666657,60,0.01853454113347949,-67.20147664347577,Persistent / Reduced
23.71309,86.4248,309.05,0.38,0.36,2026-10-09,2008,N,VIIRS,n,2.0NRT,294.46,0.77,N,VIIRS_SNPP_NRT,2.3722222222222222,63,0.0022989563715428846,-67.54098360655738,Persistent / Reduced
23.71369,86.42104,305.58,0.38,0.36,2026-10-09,2008,N,VIIRS,n,2.0NRT,292.81,0.77,N,VIIRS_SNPP_NRT,2.412881355932202,59,0.017525019115610423,-68.08794605226186,Persistent / Reduced
23.70815,85.42525,303.24,0.47,0.48,2026-10-09,1932,N21,VIIRS,n,2.0NRT,290.84,0.76,N,VIIRS_NOAA21_NRT,0.45,1,0.29220415328030896,68.88888888888889,Abnormal Increase
22.63297,75.6227,335.89,0.46,0.39,2026-10-09,758,N20,VIIRS,n,2.0NRT,307.2,0.76,D,VIIRS_NOAA20_NRT,,0,,,New / No Local History
24.18425,82.66135,302.95,0.47,0.4,2026-10-09,2008,N,VIIRS,n,2.0NRT,292.31,0.76,N,VIIRS_SNPP_NRT,0.85,3,0.7354085737346825,-10.588235294117645,Persistent / Stable
17.60412,83.20226,312.19,0.4,0.37,2026-10-09,2010,N,VIIRS,n,2.0NRT,297.26,0.76,N,VIIRS_SNPP_NRT,2.7028571428571433,35,0.012945267179801665,-71.8816067653277,Persistent / Reduced
17.6075,83.20282,310.31,0.4,0.37,2026-10-09,2010,N,VIIRS,n,2.0NRT,297.25,0.76,N,VIIRS_SNPP_NRT,2.7028571428571433,35,0.002148302195579159,-71.8816067653277,Persistent / Reduced
17.20372,80.93423,304.07,0.48,0.4,2026-10-09,2010,N,VIIRS,n,2.0NRT,292.59,0.75,N,VIIRS_SNPP_NRT,,0,,,New / No Local History
21.9332,85.21828,301.9,0.44,0.46,2026-10-09,2027,N20,VIIRS,n,2.0NRT,291.13,0.74,N,VIIRS_NOAA20_NRT,1.847058823529412,17,0.018847257372828538,-59.93630573248409,Persistent / Reduced
23.69703,85.35613,303.88,0.41,0.45,2026-10-09,2027,N20,VIIRS,n,2.0NRT,290.66,0.74,N,VIIRS_NOAA20_NRT,1.4726315789473683,19,0.0031378422423299396,-49.749821300929234,Persistent / Stable
22.90605,75.65442,332.64,0.36,0.58,2026-10-09,741,N,VIIRS,l,2.0NRT,305.71,0.74,D,VIIRS_SNPP_NRT,,0,,,New / No Local History
21.0017,86.0256,305.87,0.39,0.36,2026-10-09,2010,N,VIIRS,n,2.0NRT,293.63,0.74,N,VIIRS_SNPP_NRT,1.695,14,0.004017856159115412,-56.34218289085546,Persistent / Reduced
23.69452,85.3577,306.73,0.39,0.36,2026-10-09,2008,N,VIIRS,n,2.0NRT,291.58,0.73,N,VIIRS_SNPP_NRT,1.4726315789473683,19,0.012759962052724852,-50.42887776983559,Persistent / Reduced
23.3137,70.19678,306.11,0.34,0.56,2026-10-09,2029,N20,VIIRS,n,2.0NRT,295.56,0.72,N,VIIRS_NOAA20_NRT,0.755,2,0.21039646820413432,-4.635761589403978,Persistent / Stable
24.45049,83.0405,303.95,0.46,0.39,2026-10-09,2027,N20,VIIRS,n,2.0NRT,292.85,0.71,N,VIIRS_NOAA20_NRT,,0,,,New / No Local History
24.92456,84.1566,302.71,0.51,0.41,2026-10-09,2027,N20,VIIRS,n,2.0NRT,290.72,0.71,N,VIIRS_NOAA20_NRT,2.1375,4,0.01715604081052236,-66.78362573099416,Persistent / Reduced
22.93076,69.69749,307.13,0.33,0.55,2026-10-09,2150,N,VIIRS,n,2.0NRT,295.53,0.71,N,VIIRS_SNPP_NRT,2.3864,25,0.009221934717769319,-70.24807241032518,Persistent / Reduced
24.44954,83.03841,304.53,0.34,0.56,2026-10-09,1932,N21,VIIRS,n,2.0NRT,291.37,0.7,N,VIIRS_NOAA21_NRT,,0,,,New / No Local History
24.14776,82.65544,303.18,0.47,0.4,2026-10-09,2008,N,VIIRS,n,2.0NRT,292.39,0.7,N,VIIRS_SNPP_NRT,0.78,1,0.3186008815686702,-10.256410256410266,Single Historical Detection
25.03793,87.38769,306.37,0.39,0.36,2026-10-09,2008,N,VIIRS,n,2.0NRT,292.05,0.7,N,VIIRS_SNPP_NRT,1.56625,8,0.02318200660003015,-55.3072625698324,Persistent / Reduced
21.81721,83.99237,304.88,0.4,0.37,2026-10-09,2010,N,VIIRS,n,2.0NRT,293.85,0.7,N,VIIRS_SNPP_NRT,2.4966666666666666,3,0.30865983379383116,-71.96261682242991,Persistent / Reduced
26.62987,79.52952,307.91,0.39,0.36,2026-10-09,2027,N20,VIIRS,n,2.0NRT,295.07,0.69,N,VIIRS_NOAA20_NRT,,0,,,New / No Local History
26.63046,79.52567,306.03,0.39,0.36,2026-10-09,2027,N20,VIIRS,n,2.0NRT,295.07,0.69,N,VIIRS_NOAA20_NRT,,0,,,New / No Local History
21.28734,79.13879,305.78,0.38,0.36,2026-10-09,2029,N20,VIIRS,n,2.0NRT,294.86,0.69,N,VIIRS_NOAA20_NRT,,0,,,New / No Local History
23.60785,85.67573,303.21,0.39,0.36,2026-10-09,2008,N,VIIRS,n,2.0NRT,292.17,0.69,N,VIIRS_SNPP_NRT,1.0263636363636364,11,0.02786640728011457,-32.772364924712136,Persistent / Stable
23.66205,87.15968,309.81,0.39,0.36,2026-10-09,2008,N,VIIRS,n,2.0NRT,292.12,0.69,N,VIIRS_SNPP_NRT,2.5206666666666666,30,0.012712198731592,-72.62628934144406,Persistent / Reduced
23.77896,86.37532,306.88,0.38,0.36,2026-10-09,2008,N,VIIRS,n,2.0NRT,292.48,0.68,N,VIIRS_SNPP_NRT,2.056571428571429,70,0.2544143226001245,-66.93525979438732,Persistent / Reduced
23.77956,86.37157,306.16,0.38,0.36,2026-10-09,2008,N,VIIRS,n,2.0NRT,293.05,0.68,N,VIIRS_SNPP_NRT,2.058529411764706,68,0.021381955955221504,-66.96670952993284,Persistent / Reduced
23.78227,86.37595,307.19,0.38,0.36,2026-10-09,2008,N,VIIRS,n,2.0NRT,292.43,0.68,N,VIIRS_SNPP_NRT,2.048591549295775,71,0.31849889518809793,-66.80646270195943,Persistent / Reduced
23.67786,86.07009,306.59,0.46,0.47,2026-10-09,2027,N20,VIIRS,n,2.0NRT,291.29,0.67,N,VIIRS_NOAA20_NRT,2.197169811320755,53,0.11303607675198608,-69.50622584800344,Persistent / Reduced
26.64499,79.47721,304.17,0.5,0.49,2026-10-09,2008,N,VIIRS,n,2.0NRT,293.08,0.67,N,VIIRS_SNPP_NRT,1.8419999999999999,5,0.007731650836243878,-63.62649294245384,Persistent / Reduced
21.95243,83.7853,305.42,0.41,0.37,2026-10-09,2010,N,VIIRS,n,2.0NRT,294.9,0.67,N,VIIRS_SNPP_NRT,1.675,4,1.3181418198833688,-59.999999999999986,Persistent / Reduced
22.13232,85.38117,301.28,0.45,0.47,2026-10-09,1932,N21,VIIRS,n,2.0NRT,291.09,0.66,N,VIIRS_NOAA21_NRT,0.76,2,0.09477159443530732,-13.157894736842103,Persistent / Stable
23.61408,85.65752,302.95,0.39,0.36,2026-10-09,2008,N,VIIRS,n,2.0NRT,291.96,0.66,N,VIIRS_SNPP_NRT,1.0263636363636364,11,0.01540772189582796,-35.69530558015943,Persistent / Stable
28.47722,77.21221,302.95,0.46,0.39,2026-10-09,2027,N20,VIIRS,n,2.0NRT,292.93,0.65,N,VIIRS_NOAA20_NRT,,0,,,New / No Local History
23.56078,87.23071,307.37,0.39,0.36,2026-10-09,2008,N,VIIRS,n,2.0NRT,292.69,0.65,N,VIIRS_SNPP_NRT,2.9255263157894738,38,0.13251807462277895,-77.78177565890078,Persistent / Reduced
17.49587,78.72391,303.67,0.54,0.68,2026-10-09,1934,N21,VIIRS,n,2.0NRT,293.26,0.64,N,VIIRS_NOAA21_NRT,,0,,,New / No Local History
23.709,85.42543,302.3,0.42,0.45,2026-10-09,2027,N20,VIIRS,n,2.0NRT,290.33,0.64,N,VIIRS_NOAA20_NRT,0.45,1,0.2738693033317127,42.22222222222222,Single Historical Detection
25.54208,91.23461,298.91,0.52,0.42,2026-10-09,2008,N,VIIRS,n,2.0NRT,282.68,0.63,N,VIIRS_SNPP_NRT,0.8525,4,0.15753819278494446,-26.09970674486804,Persistent / Stable
13.44858,80.0985,304.45,0.46,0.39,2026-10-09,2032,N20,VIIRS,n,2.0NRT,287.3,0.62,N,VIIRS_NOAA20_NRT,,0,,,New / No Local History
23.69672,85.35933,302.6,0.47,0.48,2026-10-09,1932,N21,VIIRS,n,2.0NRT,290.55,0.6,N,VIIRS_NOAA21_NRT,1.4726315789473683,19,0.15477620002980902,-59.25661186561829,Persistent / Reduced
28.77168,76.69915,302.5,0.39,0.59,2026-10-09,2008,N,VIIRS,n,2.0NRT,291.18,0.58,N,VIIRS_SNPP_NRT,,0,,,New / No Local History
28.79902,77.05345,305.18,0.37,0.58,2026-10-09,2008,N,VIIRS,n,2.0NRT,291.3,0.58,N,VIIRS_SNPP_NRT,,0,,,New / No Local History
15.65766,73.98895,307.48,0.41,0.61,2026-10-09,2012,N,VIIRS,n,2.0NRT,292.14,0.58,N,VIIRS_SNPP_NRT,1.3135714285714286,14,0.010973943835502467,-55.845568243610664,Persistent / Reduced
22.00646,82.67266,306.07,0.45,0.39,2026-10-09,2010,N,VIIRS,n,2.0NRT,295.7,0.57,N,VIIRS_SNPP_NRT,1.743846153846154,13,0.0896946956442923,-67.31363034847818,Persistent / Reduced
23.79693,86.63979,302.25,0.4,0.44,2026-10-09,1932,N21,VIIRS,n,2.0NRT,290.77,0.56,N,VIIRS_NOAA21_NRT,,0,,,New / No Local History
17.14717,78.22251,305.13,0.38,0.36,2026-10-09,2029,N20,VIIRS,n,2.0NRT,293.51,0.56,N,VIIRS_NOAA20_NRT,1.68,1,0.04250835310132791,-66.66666666666666,Single Historical Detection
18.71082,77.73526,330.76,0.32,0.55,2026-10-09,739,N,VIIRS,l,2.0NRT,304.96,0.56,D,VIIRS_SNPP_NRT,,0,,,New / No Local History
19.96039,79.33586,304.7,0.42,0.45,2026-10-09,2010,N,VIIRS,n,2.0NRT,294.38,0.55,N,VIIRS_SNPP_NRT,1.21,1,0.35329901100910716,-54.54545454545454,Single Historical Detection
23.16332,82.33306,305.84,0.44,0.39,2026-10-09,2027,N20,VIIRS,n,2.0NRT,292.67,0.54,N,VIIRS_NOAA20_NRT,1.913076923076923,13,0.4191482673237175,-71.77322074788903,Persistent / Reduced
17.71362,77.05768,308.58,0.39,0.36,2026-10-09,2029,N20,VIIRS,n,2.0NRT,293.09,0.54,N,VIIRS_NOAA20_NRT,,0,,,New / No Local History
22.13371,85.38139,305.29,0.38,0.36,2026-10-09,2010,N,VIIRS,n,2.0NRT,292.62,0.54,N,VIIRS_SNPP_NRT,0.76,2,0.07211235179384214,-28.947368421052627,Persistent / Stable
16.87362,80.02189,308.8,0.42,0.38,2026-10-09,2029,N20,VIIRS,n,2.0NRT,297.23,0.53,N,VIIRS_NOAA20_NRT,1.9516666666666664,6,0.01438314374717893,-72.84372331340734,Persistent / Reduced
28.27625,77.27283,301.51,0.36,0.57,2026-10-09,2008,N,VIIRS,n,2.0NRT,291.3,0.53,N,VIIRS_SNPP_NRT,1.065,2,0.042169322218350194,-50.23474178403755,Persistent / Reduced
18.69188,73.84032,304.3,0.46,0.63,2026-10-09,2010,N,VIIRS,n,2.0NRT,291.52,0.52,N,VIIRS_SNPP_NRT,,0,,,New / No Local History
19.36024,76.05819,306.41,0.33,0.56,2026-10-09,2010,N,VIIRS,n,2.0NRT,291.09,0.52,N,VIIRS_SNPP_NRT,,0,,,New / No Local History
28.85403,77.14584,304.33,0.47,0.4,2026-10-09,2027,N20,VIIRS,n,2.0NRT,292.11,0.51,N,VIIRS_NOAA20_NRT,1.5866666666666667,3,0.25419683514245345,-67.85714285714286,Persistent / Reduced
23.58212,86.72625,302.69,0.5,0.49,2026-10-09,2027,N20,VIIRS,n,2.0NRT,290.75,0.5,N,VIIRS_NOAA20_NRT,1.8125,4,0.031836662699643775,-72.41379310344827,Persistent / Reduced
25.03479,87.37141,303.47,0.39,0.36,2026-10-09,2008,N,VIIRS,n,2.0NRT,291.84,0.49,N,VIIRS_SNPP_NRT,1.56625,8,0.10185286384407224,-68.71508379888269,Persistent / Reduced
23.69552,76.1679,303.06,0.34,0.56,2026-10-09,2112,N21,VIIRS,n,2.0NRT,292.92,0.47,N,VIIRS_NOAA21_NRT,,0,,,New / No Local History
23.65671,86.79443,303.99,0.39,0.36,2026-10-09,2008,N,VIIRS,n,2.0NRT,292.14,0.47,N,VIIRS_SNPP_NRT,,0,,,New / No Local History
22.39213,85.77183,302.14,0.43,0.46,2026-10-09,1932,N21,VIIRS,n,2.0NRT,291.57,0.46,N,VIIRS_NOAA21_NRT,,0,,,New / No Local History
19.35507,76.05753,303.88,0.33,0.56,2026-10-09,2010,N,VIIRS,n,2.0NRT,290.93,0.46,N,VIIRS_SNPP_NRT,,0,,,New / No Local History
15.8312,74.20664,301.67,0.47,0.4,2026-10-09,2032,N20,VIIRS,n,2.0NRT,291.11,0.44,N,VIIRS_NOAA20_NRT,,0,,,New / No Local History
24.50405,78.65114,304.11,0.39,0.36,2026-10-09,2027,N20,VIIRS,n,2.0NRT,292.25,0.43,N,VIIRS_NOAA20_NRT,,0,,,New / No Local History
28.77292,76.70151,304.89,0.49,0.4,2026-10-09,2027,N20,VIIRS,n,2.0NRT,293.63,0.43,N,VIIRS_NOAA20_NRT,,0,,,New / No Local History
23.57977,86.72515,305.13,0.39,0.36,2026-10-09,2008,N,VIIRS,n,2.0NRT,291.58,0.43,N,VIIRS_SNPP_NRT,1.8125,4,0.0737289042931293,-76.27586206896552,Persistent / Reduced
28.37455,77.22621,303.27,0.36,0.57,2026-10-09,2008,N,VIIRS,n,2.0NRT,291.32,0.42,N,VIIRS_SNPP_NRT,1.7130000000000003,10,0.019256642347808932,-75.48161120840632,Persistent / Reduced
28.47609,77.21094,302.87,0.36,0.57,2026-10-09,2008,N,VIIRS,n,2.0NRT,291.24,0.42,N,VIIRS_SNPP_NRT,,0,,,New / No Local History
28.65074,77.58901,303.47,0.34,0.56,2026-10-09,2008,N,VIIRS,n,2.0NRT,290.49,0.42,N,VIIRS_SNPP_NRT,2.1744444444444446,9,0.004193531878186497,-80.68472151251916,Persistent / Reduced
18.74378,77.74954,330.01,0.32,0.55,2026-10-09,739,N,VIIRS,l,2.0NRT,302.8,0.39,D,VIIRS_SNPP_NRT,,0,,,New / No Local History
28.34517,77.25653,303.55,0.36,0.57,2026-10-09,2008,N,VIIRS,n,2.0NRT,291.6,0.39,N,VIIRS_SNPP_NRT,1.9188888888888889,9,0.014198365067588285,-79.6757382744644,Persistent / Reduced
22.62842,86.17302,303.89,0.38,0.36,2026-10-09,2010,N,VIIRS,n,2.0NRT,293.06,0.35,N,VIIRS_SNPP_NRT,,0,,,New / No Local History
23.81788,86.55216,302.52,0.39,0.36,2026-10-09,2008,N,VIIRS,n,2.0NRT,291.32,0.33,N,VIIRS_SNPP_NRT,,0,,,New / No Local History
21.10571,72.64698,342.07,0.41,0.37,2026-10-08,820,N20,VIIRS,n,2.0NRT,315.11,30.21,D,VIIRS_NOAA20_NRT,4.8750967741935485,155,0.001082834411915502,519.6800063522312,Abnormal Increase
14.33957,78.99438,367.0,0.4,0.6,2026-10-08,720,N21,VIIRS,h,2.0NRT,296.22,22.75,D,VIIRS_NOAA21_NRT,,0,,,New / No Local History
17.18871,76.7673,340.96,0.39,0.37,2026-10-08,818,N20,VIIRS,n,2.0NRT,307.31,22.24,D,VIIRS_NOAA20_NRT,,0,,,New / No Local History
14.34071,78.99574,348.41,0.49,0.41,2026-10-08,758,N,VIIRS,n,2.0NRT,300.26,21.8,D,VIIRS_SNPP_NRT,,0,,,New / No Local History
21.1027,72.63417,339.73,0.75,0.77,2026-10-08,724,N21,VIIRS,n,2.0NRT,297.3,20.46,D,VIIRS_NOAA21_NRT,4.870454545454545,154,0.0005434009228096725,320.08399440037334,Abnormal Increase
21.19232,71.89432,335.33,0.43,0.38,2026-10-08,820,N20,VIIRS,l,2.0NRT,306.6,20.15,D,VIIRS_NOAA20_NRT,,0,,,New / No Local History
21.1958,71.89365,343.41,0.43,0.38,2026-10-08,820,N20,VIIRS,n,2.0NRT,306.33,20.15,D,VIIRS_NOAA20_NRT,,0,,,New / No Local History
21.21846,71.95409,356.36,0.43,0.38,2026-10-08,820,N20,VIIRS,l,2.0NRT,307.59,17.96,D,VIIRS_NOAA20_NRT,,0,,,New / No Local History
21.10626,72.64507,346.17,0.61,0.53,2026-10-08,801,N,VIIRS,n,2.0NRT,304.91,14.54,D,VIIRS_SNPP_NRT,4.8750967741935485,155,0.007370466050795485,198.25048965115664,Abnormal Increase
21.10236,72.63255,311.26,0.72,0.76,2026-10-08,1951,N21,VIIRS,n,2.0NRT,294.84,14.3,N,VIIRS_NOAA21_NRT,4.892614379084967,153,0.01662310598477461,192.27727533831174,Abnormal Increase
21.10787,72.64667,332.6,0.72,0.76,2026-10-08,1951,N21,VIIRS,n,2.0NRT,295.98,14.09,N,VIIRS_NOAA21_NRT,4.8750967741935485,155,0.0029264377905225468,189.0199036578265,Abnormal Increase
14.20309,80.08953,334.76,0.44,0.38,2026-10-08,758,N,VIIRS,n,2.0NRT,303.97,14.05,D,VIIRS_SNPP_NRT,,0,,,New / No Local History
14.34088,78.99617,350.94,0.44,0.39,2026-10-08,818,N20,VIIRS,n,2.0NRT,305.19,14.04,D,VIIRS_NOAA20_NRT,,0,,,New / No Local History
21.10617,72.64608,337.73,0.57,0.52,2026-10-08,2027,N,VIIRS,n,2.0NRT,299.44,13.61,N,VIIRS_SNPP_NRT,4.8750967741935485,155,0.003880931946779437,179.17394526494098,Abnormal Increase
21.23543,81.41031,354.91,0.48,0.48,2026-10-08,820,N20,VIIRS,n,2.0NRT,304.56,13.52,D,VIIRS_NOAA20_NRT,0.82,1,1.9841030488692302,1548.780487804878,Abnormal Increase
20.97075,85.17619,346.44,0.42,0.37,2026-10-08,722,N21,VIIRS,n,2.0NRT,303.81,13.09,D,VIIRS_NOAA21_NRT,3.5795412844036694,109,0.009133261323915676,265.68931491401185,Abnormal Increase
14.15736,80.10336,339.74,0.5,0.41,2026-10-08,818,N20,VIIRS,n,2.0NRT,304.4,12.83,D,VIIRS_NOAA20_NRT,,0,,,New / No Local History
23.77308,68.81184,338.33,0.53,0.5,2026-10-08,905,N21,VIIRS,n,2.0NRT,310.56,12.32,D,VIIRS_NOAA21_NRT,,0,,,New / No Local History
23.77363,68.81704,342.32,0.53,0.5,2026-10-08,905,N21,VIIRS,n,2.0NRT,310.18,12.32,D,VIIRS_NOAA21_NRT,,0,,,New / No Local History
21.10825,72.64696,331.08,0.72,0.76,2026-10-08,1951,N21,VIIRS,n,2.0NRT,295.78,12.31,N,VIIRS_NOAA21_NRT,4.8750967741935485,155,0.005857057687948745,152.50780795087607,Abnormal Increase
11.68167,79.03643,367.0,0.45,0.63,2026-10-08,720,N21,VIIRS,h,2.0NRT,290.97,11.96,D,VIIRS_NOAA21_NRT,,0,,,New / No Local History
23.89048,71.2066,345.37,0.43,0.38,2026-10-08,820,N20,VIIRS,n,2.0NRT,310.57,11.89,D,VIIRS_NOAA20_NRT,,0,,,New / No Local History
23.89395,71.20589,352.7,0.43,0.38,2026-10-08,820,N20,VIIRS,n,2.0NRT,311.0,11.89,D,VIIRS_NOAA20_NRT,,0,,,New / No Local History
19.12465,75.66096,342.51,0.43,0.46,2026-10-08,801,N,VIIRS,n,2.0NRT,306.32,11.67,D,VIIRS_SNPP_NRT,,0,,,New / No Local History
20.96627,86.01536,337.54,0.55,0.42,2026-10-08,801,N,VIIRS,n,2.0NRT,301.7,11.28,D,VIIRS_SNPP_NRT,3.830652173913042,46,0.009482741493667334,194.46682935134226,Abnormal Increase
21.10258,72.63422,339.6,0.58,0.52,2026-10-08,2027,N,VIIRS,n,2.0NRT,298.83,11.19,N,VIIRS_SNPP_NRT,4.870454545454545,154,0.005244657031911951,129.75268315445638,Abnormal Increase
15.56939,77.86485,339.66,0.41,0.37,2026-10-08,818,N20,VIIRS,n,2.0NRT,307.98,11.01,D,VIIRS_NOAA20_NRT,,0,,,New / No Local History
15.12224,79.61401,337.86,0.48,0.4,2026-10-08,818,N20,VIIRS,n,2.0NRT,302.15,10.94,D,VIIRS_NOAA20_NRT,,0,,,New / No Local History
20.79342,85.25494,331.64,0.4,0.37,2026-10-08,1951,N21,VIIRS,n,2.0NRT,297.49,10.93,N,VIIRS_NOAA21_NRT,4.153833333333335,60,0.010941961479419463,163.1304417606226,Abnormal Increase
20.96258,86.00644,339.17,0.4,0.37,2026-10-08,722,N21,VIIRS,n,2.0NRT,300.97,10.41,D,VIIRS_NOAA21_NRT,3.830652173913042,46,0.0291656103641439,171.75529198115896,Abnormal Increase
24.99002,77.13029,345.61,0.47,0.39,2026-10-08,820,N20,VIIRS,n,2.0NRT,310.09,10.36,D,VIIRS_NOAA20_NRT,,0,,,New / No Local History
20.78381,85.26084,338.2,0.5,0.41,2026-10-08,801,N,VIIRS,n,2.0NRT,302.4,10.15,D,VIIRS_SNPP_NRT,4.153833333333335,60,0.021897143019168334,144.35260602656172,Abnormal Increase
24.99052,77.12925,341.19,0.45,0.39,2026-10-08,801,N,VIIRS,n,2.0NRT,309.36,10.02,D,VIIRS_SNPP_NRT,,0,,,New / No Local History
24.8908,76.84576,347.18,0.45,0.39,2026-10-08,820,N20,VIIRS,n,2.0NRT,312.0,9.92,D,VIIRS_NOAA20_NRT,,0,,,New / No Local History
22.55524,77.23544,347.81,0.36,0.57,2026-10-08,724,N21,VIIRS,n,2.0NRT,305.07,9.87,D,VIIRS_NOAA21_NRT,,0,,,New / No Local History
16.52321,78.68121,340.06,0.45,0.39,2026-10-08,818,N20,VIIRS,n,2.0NRT,307.26,9.87,D,VIIRS_NOAA20_NRT,,0,,,New / No Local History
13.872,80.21893,338.06,0.5,0.41,2026-10-08,816,N20,VIIRS,n,2.0NRT,304.17,9.8,D,VIIRS_NOAA20_NRT,,0,,,New / No Local History
27.61064,96.30098,343.26,0.4,0.6,2026-10-08,724,N21,VIIRS,n,2.0NRT,293.2,9.56,D,VIIRS_NOAA21_NRT,,0,,,New / No Local History
21.92116,83.35207,336.01,0.48,0.4,2026-10-08,722,N21,VIIRS,n,2.0NRT,304.52,9.54,D,VIIRS_NOAA21_NRT,2.8140740740740737,27,0.014027057444400007,239.0102658594367,Abnormal Increase
25.97149,75.18304,350.28,0.41,0.6,2026-10-08,724,N21,VIIRS,n,2.0NRT,306.0,9.35,D,VIIRS_NOAA21_NRT,,0,,,New / No Local History
12.51271,76.93067,337.36,0.6,0.7,2026-10-08,720,N21,VIIRS,n,2.0NRT,291.17,9.29,D,VIIRS_NOAA21_NRT,,0,,,New / No Local History
27.66547,96.28793,338.26,0.41,0.37,2026-10-08,640,N20,VIIRS,n,2.0NRT,297.66,9.14,D,VIIRS_NOAA20_NRT,,0,,,New / No Local History
27.66448,96.28786,333.69,0.41,0.37,2026-10-08,640,N20,VIIRS,n,2.0NRT,298.51,8.98,D,VIIRS_NOAA20_NRT,,0,,,New / No Local History
20.95005,86.04453,344.12,0.55,0.43,2026-10-08,801,N,VIIRS,n,2.0NRT,298.93,8.57,D,VIIRS_SNPP_NRT,3.456785714285715,28,0.005996817326717502,147.918173365017,Abnormal Increase
17.59289,82.78548,351.81,0.39,0.36,2026-10-08,758,N,VIIRS,n,2.0NRT,301.59,8.4,D,VIIRS_SNPP_NRT,,0,,,New / No Local History
21.1004,72.63587,345.33,0.41,0.37,2026-10-08,820,N20,VIIRS,n,2.0NRT,308.22,8.35,D,VIIRS_NOAA20_NRT,4.8750967741935485,155,0.017320003551265544,71.27865120957068,Abnormal Increase
22.3579,82.30314,335.73,0.57,0.52,2026-10-08,820,N20,VIIRS,n,2.0NRT,301.57,8.28,D,VIIRS_NOAA20_NRT,3.8262500000000004,24,0.0019213104056449578,116.39986932375037,Abnormal Increase
28.0634,72.60036,342.5,0.45,0.47,2026-10-08,803,N,VIIRS,n,2.0NRT,312.28,8.2,D,VIIRS_SNPP_NRT,,0,,,New / No Local History
21.23421,81.40779,335.15,0.48,0.48,2026-10-08,820,N20,VIIRS,n,2.0NRT,304.75,8.18,D,VIIRS_NOAA20_NRT,0.82,1,1.7229066835868794,897.560975609756,Abnormal Increase
21.23472,81.41249,340.62,0.49,0.48,2026-10-08,820,N20,VIIRS,n,2.0NRT,302.13,8.18,D,VIIRS_NOAA20_NRT,,0,,,New / No Local History
20.96811,86.0159,338.94,0.48,0.65,2026-10-08,818,N20,VIIRS,n,2.0NRT,293.6,7.98,D,VIIRS_NOAA20_NRT,3.736938775510202,49,0.06178070888274577,113.54377150346797,Abnormal Increase
21.92096,83.34953,338.76,0.48,0.4,2026-10-08,722,N21,VIIRS,n,2.0NRT,305.36,7.96,D,VIIRS_NOAA21_NRT,2.8140740740740737,27,0.011645592295302938,182.8639115556726,Abnormal Increase
18.86817,78.25858,337.14,0.47,0.4,2026-10-08,758,N,VIIRS,n,2.0NRT,307.16,7.95,D,VIIRS_SNPP_NRT,,0,,,New / No Local History
21.10384,72.64342,333.1,0.44,0.62,2026-10-08,905,N21,VIIRS,n,2.0NRT,300.77,7.89,D,VIIRS_NOAA21_NRT,4.8750967741935485,155,0.0073424550219181655,61.842941083055415,Abnormal Increase
13.89953,79.70377,347.62,0.37,0.58,2026-10-08,720,N21,VIIRS,n,2.0NRT,294.74,7.81,D,VIIRS_NOAA21_NRT,,0,,,New / No Local History
23.24039,69.57374,342.46,0.59,0.53,2026-10-08,905,N21,VIIRS,n,2.0NRT,309.69,7.81,D,VIIRS_NOAA21_NRT,,0,,,New / No Local History
24.8988,76.84802,336.4,0.46,0.39,2026-10-08,801,N,VIIRS,l,2.0NRT,309.73,7.79,D,VIIRS_SNPP_NRT,,0,,,New / No Local History
16.89883,79.16354,338.91,0.48,0.4,2026-10-08,818,N20,VIIRS,l,2.0NRT,309.5,7.74,D,VIIRS_NOAA20_NRT,,0,,,New / No Local History
22.19164,75.44495,344.53,0.39,0.36,2026-10-08,820,N20,VIIRS,n,2.0NRT,314.06,7.72,D,VIIRS_NOAA20_NRT,,0,,,New / No Local History
24.89365,76.83977,341.69,0.46,0.39,2026-10-08,801,N,VIIRS,n,2.0NRT,310.6,7.72,D,VIIRS_SNPP_NRT,,0,,,New / No Local History
21.10422,72.64764,339.02,0.44,0.62,2026-10-08,905,N21,VIIRS,n,2.0NRT,302.27,7.7,D,VIIRS_NOAA21_NRT,4.8750967741935485,155,0.006783665932790321,57.94558255253824,Abnormal Increase
22.19498,75.44607,337.9,0.69,0.74,2026-10-08,905,N21,VIIRS,n,2.0NRT,302.28,7.66,D,VIIRS_NOAA21_NRT,,0,,,New / No Local History
22.05233,88.12615,338.32,0.39,0.36,2026-10-08,722,N21,VIIRS,n,2.0NRT,302.62,7.62,D,VIIRS_NOAA21_NRT,4.386363636363635,22,0.012226763467270982,73.72020725388607,Abnormal Increase
21.21499,71.95475,355.42,0.43,0.38,2026-10-08,820,N20,VIIRS,l,2.0NRT,306.64,7.62,D,VIIRS_NOAA20_NRT,,0,,,New / No Local History
21.21569,71.95885,335.11,0.43,0.38,2026-10-08,820,N20,VIIRS,l,2.0NRT,306.14,7.62,D,VIIRS_NOAA20_NRT,,0,,,New / No Local History
25.9612,75.46159,350.72,0.39,0.59,2026-10-08,724,N21,VIIRS,n,2.0NRT,306.41,7.61,D,VIIRS_NOAA21_NRT,,0,,,New / No Local History
14.51125,79.6978,337.94,0.46,0.39,2026-10-08,758,N,VIIRS,n,2.0NRT,301.84,7.49,D,VIIRS_SNPP_NRT,5.475,4,0.2547135433167625,36.803652968036545,Persistent / Stable
26.30587,71.10632,356.52,0.41,0.37,2026-10-08,820,N20,VIIRS,l,2.0NRT,314.76,7.38,D,VIIRS_NOAA20_NRT,,0,,,New / No Local History
26.30655,71.11044,356.59,0.41,0.37,2026-10-08,820,N20,VIIRS,l,2.0NRT,314.01,7.38,D,VIIRS_NOAA20_NRT,,0,,,New / No Local History
20.97883,85.1339,331.15,0.49,0.4,2026-10-08,801,N,VIIRS,l,2.0NRT,303.0,7.36,D,VIIRS_SNPP_NRT,3.1350000000000002,20,0.024331050258667886,134.76874003189792,Abnormal Increase
17.60558,83.18774,330.62,0.44,0.38,2026-10-08,1951,N21,VIIRS,n,2.0NRT,296.09,7.15,N,VIIRS_NOAA21_NRT,2.7305882352941184,34,0.25648848917555966,161.84834123222743,Abnormal Increase
21.08158,85.03693,334.04,0.42,0.38,2026-10-08,722,N21,VIIRS,n,2.0NRT,303.97,7.11,D,VIIRS_NOAA21_NRT,2.44,20,0.037778731487295464,191.39344262295083,Abnormal Increase
26.30313,71.08989,352.4,0.41,0.37,2026-10-08,820,N20,VIIRS,n,2.0NRT,314.46,7.11,D,VIIRS_NOAA20_NRT,,0,,,New / No Local History
18.8444,78.19223,367.0,0.37,0.58,2026-10-08,722,N21,VIIRS,h,2.0NRT,299.08,7.08,D,VIIRS_NOAA21_NRT,,0,,,New / No Local History
23.78111,86.2093,334.19,0.39,0.36,2026-10-08,724,N21,VIIRS,n,2.0NRT,299.01,7.08,D,VIIRS_NOAA21_NRT,3.051874999999999,48,0.01413605664970762,131.98853164038508,Abnormal Increase
23.24119,69.57566,343.39,0.59,0.52,2026-10-08,905,N21,VIIRS,n,2.0NRT,309.31,7.06,D,VIIRS_NOAA21_NRT,,0,,,New / No Local History
20.96329,85.17352,336.52,0.42,0.37,2026-10-08,722,N21,VIIRS,n,2.0NRT,301.96,7.05,D,VIIRS_NOAA21_NRT,3.5599137931034472,116,0.007493859260203383,98.03850345078102,Abnormal Increase
15.70127,78.09598,332.78,0.43,0.62,2026-10-08,722,N21,VIIRS,n,2.0NRT,300.84,7.02,D,VIIRS_NOAA21_NRT,,0,,,New / No Local History
23.77862,86.39047,340.22,0.38,0.36,2026-10-08,724,N21,VIIRS,n,2.0NRT,301.39,7.0,D,VIIRS_NOAA21_NRT,2.20476821192053,151,0.017200852249322544,217.49369217830102,Abnormal Increase
28.0086,77.76184,345.17,0.54,0.42,2026-10-08,822,N20,VIIRS,n,2.0NRT,302.55,7.0,D,VIIRS_NOAA20_NRT,,0,,,New / No Local History
20.96703,85.16782,329.78,0.49,0.41,2026-10-08,801,N,VIIRS,l,2.0NRT,302.09,7.0,D,VIIRS_SNPP_NRT,3.5167272727272714,110,0.010387317217838353,99.04870230586297,Abnormal Increase
14.64601,79.66768,336.26,0.45,0.39,2026-10-08,758,N,VIIRS,n,2.0NRT,300.68,6.92,D,VIIRS_SNPP_NRT,,0,,,New / No Local History
21.07949,85.03416,340.26,0.51,0.41,2026-10-08,2027,N,VIIRS,n,2.0NRT,294.9,6.9,N,VIIRS_SNPP_NRT,2.44,20,0.04358616588230671,182.7868852459017,Abnormal Increase
17.06653,79.47192,367.0,0.33,0.55,2026-10-08,722,N21,VIIRS,h,2.0NRT,301.82,6.88,D,VIIRS_NOAA21_NRT,,0,,,New / No Local History
28.0079,77.76437,340.82,0.54,0.42,2026-10-08,822,N20,VIIRS,n,2.0NRT,301.97,6.82,D,VIIRS_NOAA20_NRT,,0,,,New / No Local History
20.9653,86.01694,331.03,0.48,0.65,2026-10-08,818,N20,VIIRS,n,2.0NRT,293.52,6.79,D,VIIRS_NOAA20_NRT,3.830652173913042,46,0.17343612116762508,77.25441234890195,Abnormal Increase
22.84736,69.76855,341.26,0.6,0.53,2026-10-08,905,N21,VIIRS,n,2.0NRT,305.18,6.76,D,VIIRS_NOAA21_NRT,,0,,,New / No Local History
15.86666,78.5023,340.08,0.44,0.38,2026-10-08,818,N20,VIIRS,n,2.0NRT,307.76,6.74,D,VIIRS_NOAA20_NRT,,0,,,New / No Local History
23.7363,86.43305,344.26,0.39,0.36,2026-10-08,1949,N21,VIIRS,n,2.0NRT,295.52,6.69,N,VIIRS_NOAA21_NRT,2.262828282828283,99,0.00794398823628262,195.64771002589055,Abnormal Increase
21.23399,79.63118,336.53,0.4,0.37,2026-10-08,801,N,VIIRS,l,2.0NRT,309.5,6.67,D,VIIRS_SNPP_NRT,0.8525,4,0.007039690021489748,682.4046920821114,Abnormal Increase
15.54113,79.6535,338.84,0.45,0.39,2026-10-08,758,N,VIIRS,n,2.0NRT,301.11,6.62,D,VIIRS_SNPP_NRT,5.552499999999999,12,0.03742372087361282,19.22557406573617,Persistent / Stable
23.77971,86.20905,325.83,0.53,0.67,2026-10-08,820,N20,VIIRS,n,2.0NRT,290.34,6.59,D,VIIRS_NOAA20_NRT,3.051874999999999,48,0.003066489925340688,115.93282817939799,Abnormal Increase
18.84382,78.19179,349.8,0.37,0.58,2026-10-08,722,N21,VIIRS,n,2.0NRT,298.59,6.53,D,VIIRS_NOAA21_NRT,,0,,,New / No Local History
13.8728,80.21553,341.92,0.5,0.41,2026-10-08,816,N20,VIIRS,n,2.0NRT,305.49,6.53,D,VIIRS_NOAA20_NRT,,0,,,New / No Local History
23.77219,68.81365,338.43,0.56,0.43,2026-10-08,820,N20,VIIRS,n,2.0NRT,311.29,6.5,D,VIIRS_NOAA20_NRT,,0,,,New / No Local History
18.83755,77.49179,344.54,0.51,0.41,2026-10-08,758,N,VIIRS,n,2.0NRT,308.51,6.5,D,VIIRS_SNPP_NRT,,0,,,New / No Local History
15.46964,78.53142,337.64,0.43,0.38,2026-10-08,818,N20,VIIRS,n,2.0NRT,303.96,6.43,D,VIIRS_NOAA20_NRT,,0,,,New / No Local History
19.86744,83.45676,334.03,0.41,0.37,2026-10-08,758,N,VIIRS,n,2.0NRT,300.63,6.43,D,VIIRS_SNPP_NRT,,0,,,New / No Local History
22.5413,76.90157,336.55,0.43,0.38,2026-10-08,820,N20,VIIRS,l,2.0NRT,310.41,6.4,D,VIIRS_NOAA20_NRT,,0,,,New / No Local History
15.77177,75.69209,346.75,0.38,0.36,2026-10-08,818,N20,VIIRS,n,2.0NRT,311.59,6.38,D,VIIRS_NOAA20_NRT,,0,,,New / No Local History
15.5532,75.38562,331.54,0.52,0.5,2026-10-08,758,N,VIIRS,l,2.0NRT,304.11,6.37,D,VIIRS_SNPP_NRT,,0,,,New / No Local History
28.0646,72.59937,333.12,0.52,0.67,2026-10-08,726,N21,VIIRS,l,2.0NRT,305.52,6.35,D,VIIRS_NOAA21_NRT,,0,,,New / No Local History
20.95073,86.04984,332.23,0.55,0.43,2026-10-08,801,N,VIIRS,n,2.0NRT,299.58,6.35,D,VIIRS_SNPP_NRT,3.456785714285715,28,0.023905388433162155,83.69666287839648,Abnormal Increase
27.72927,96.25155,337.92,0.4,0.6,2026-10-08,724,N21,VIIRS,n,2.0NRT,294.95,6.32,D,VIIRS_NOAA21_NRT,,0,,,New / No Local History
15.22612,78.60056,333.82,0.5,0.41,2026-10-08,758,N,VIIRS,n,2.0NRT,298.12,6.32,D,VIIRS_SNPP_NRT,,0,,,New / No Local History
25.17683,76.30846,347.1,0.43,0.38,2026-10-08,820,N20,VIIRS,n,2.0NRT,313.23,6.31,D,VIIRS_NOAA20_NRT,,0,,,New / No Local History
23.77951,86.211,344.48,0.4,0.45,2026-10-08,801,N,VIIRS,n,2.0NRT,297.79,6.29,D,VIIRS_SNPP_NRT,3.051874999999999,48,0.015286007973278207,106.10280565226302,Abnormal Increase
16.36213,73.54802,337.23,0.42,0.38,2026-10-08,818,N20,VIIRS,n,2.0NRT,304.48,6.23,D,VIIRS_NOAA20_NRT,,0,,,New / No Local History
21.10379,72.63524,337.8,0.41,0.37,2026-10-08,820,N20,VIIRS,n,2.0NRT,307.58,6.23,D,VIIRS_NOAA20_NRT,4.870454545454545,154,0.006486075554013011,27.91413905739619,Persistent / Stable
13.98606,80.05667,339.04,0.49,0.4,2026-10-08,816,N20,VIIRS,n,2.0NRT,303.16,6.2,D,VIIRS_NOAA20_NRT,,0,,,New / No Local History
21.7464,83.84195,331.84,0.46,0.39,2026-10-08,722,N21,VIIRS,l,2.0NRT,304.72,6.15,D,VIIRS_NOAA21_NRT,4.736385542168675,83,0.009194595879212673,29.8458485958486,Persistent / Stable
22.53853,76.89524,341.45,0.49,0.4,2026-10-08,801,N,VIIRS,n,2.0NRT,306.45,6.14,D,VIIRS_SNPP_NRT,,0,,,New / No Local History
21.76212,83.84783,332.06,0.46,0.39,2026-10-08,722,N21,VIIRS,l,2.0NRT,303.98,6.12,D,VIIRS_NOAA21_NRT,4.770121951219512,82,0.02376238745453027,28.298606672631998,Persistent / Stable
22.78167,77.2028,335.7,0.47,0.4,2026-10-08,801,N,VIIRS,l,2.0NRT,309.56,6.11,D,VIIRS_SNPP_NRT,,0,,,New / No Local History
14.63638,78.11217,334.14,0.41,0.37,2026-10-08,818,N20,VIIRS,l,2.0NRT,304.2,6.08,D,VIIRS_NOAA20_NRT,,0,,,New / No Local History
31.15805,74.57412,333.87,0.42,0.38,2026-10-08,822,N20,VIIRS,n,2.0NRT,296.38,6.08,D,VIIRS_NOAA20_NRT,,0,,,New / No Local History
23.73661,86.43462,330.25,0.56,0.43,2026-10-08,2027,N,VIIRS,n,2.0NRT,292.96,6.08,N,VIIRS_SNPP_NRT,2.335773195876288,97,0.011296043391341895,160.29924526636364,Abnormal Increase
27.86844,77.56698,340.26,0.53,0.42,2026-10-08,822,N20,VIIRS,n,2.0NRT,304.83,6.06,D,VIIRS_NOAA20_NRT,,0,,,New / No Local History
17.60702,83.18681,332.21,0.44,0.38,2026-10-08,1951,N21,VIIRS,n,2.0NRT,295.25,6.02,N,VIIRS_NOAA21_NRT,2.681212121212122,33,0.35505983301440425,124.52531645569611,Abnormal Increase
12.07452,79.17736,341.25,0.43,0.62,2026-10-08,720,N21,VIIRS,n,2.0NRT,291.05,5.97,D,VIIRS_NOAA21_NRT,,0,,,New / No Local History
26.17334,71.21757,340.08,0.41,0.37,2026-10-08,820,N20,VIIRS,l,2.0NRT,313.56,5.97,D,VIIRS_NOAA20_NRT,,0,,,New / No Local History
20.76127,85.29667,330.2,0.5,0.41,2026-10-08,801,N,VIIRS,l,2.0NRT,301.68,5.97,D,VIIRS_SNPP_NRT,2.932222222222222,27,0.022134332122511275,103.59984842743467,Abnormal Increase
24.89793,76.84463,337.98,0.45,0.39,2026-10-08,820,N20,VIIRS,l,2.0NRT,310.79,5.93,D,VIIRS_NOAA20_NRT,,0,,,New / No Local History
29.36761,75.81517,345.06,0.45,0.39,2026-10-08,822,N20,VIIRS,n,2.0NRT,301.84,5.91,D,VIIRS_NOAA20_NRT,,0,,,New / No Local History
23.73774,86.43246,341.06,0.38,0.36,2026-10-08,724,N21,VIIRS,n,2.0NRT,299.96,5.84,D,VIIRS_NOAA21_NRT,2.2169892473118273,93,0.014369083459857778,163.42031234843347,Abnormal Increase
11.699,78.76912,335.87,0.41,0.37,2026-10-08,816,N20,VIIRS,n,2.0NRT,300.89,5.83,D,VIIRS_NOAA20_NRT,,0,,,New / No Local History
21.21372,71.95818,335.55,0.43,0.38,2026-10-08,820,N20,VIIRS,l,2.0NRT,305.74,5.81,D,VIIRS_NOAA20_NRT,,0,,,New / No Local History
25.43639,86.06015,327.21,0.71,0.75,2026-10-08,1906,N20,VIIRS,n,2.0NRT,284.53,5.78,N,VIIRS_NOAA20_NRT,,0,,,New / No Local History
20.96766,85.17256,336.07,0.49,0.41,2026-10-08,801,N,VIIRS,n,2.0NRT,301.53,5.78,D,VIIRS_SNPP_NRT,3.5596581196581183,117,0.007822302576325267,62.37514406454099,Abnormal Increase
20.96829,85.1773,330.79,0.49,0.41,2026-10-08,801,N,VIIRS,n,2.0NRT,299.86,5.78,D,VIIRS_SNPP_NRT,3.5795412844036694,109,0.006109940386031128,61.47320398800525,Abnormal Increase
23.64945,85.43766,336.95,0.39,0.36,2026-10-08,724,N21,VIIRS,n,2.0NRT,298.36,5.7,D,VIIRS_NOAA21_NRT,3.0220454545454554,44,0.007926937910832309,88.61397307663378,Abnormal Increase
26.28818,71.08452,345.41,0.41,0.37,2026-10-08,820,N20,VIIRS,n,2.0NRT,313.63,5.7,D,VIIRS_NOAA20_NRT,,0,,,New / No Local History
24.6143,76.76461,336.89,0.47,0.39,2026-10-08,801,N,VIIRS,l,2.0NRT,307.89,5.7,D,VIIRS_SNPP_NRT,,0,,,New / No Local History
20.86369,84.98577,331.62,0.4,0.37,2026-10-08,1951,N21,VIIRS,n,2.0NRT,295.1,5.66,N,VIIRS_NOAA21_NRT,3.015394736842105,76,0.03648251729442662,87.70345158615878,Abnormal Increase
26.17069,71.28537,350.59,0.41,0.37,2026-10-08,820,N20,VIIRS,n,2.0NRT,314.08,5.62,D,VIIRS_NOAA20_NRT,,0,,,New / No Local History
23.76635,86.40192,317.79,0.65,0.73,2026-10-08,1906,N20,VIIRS,n,2.0NRT,287.48,5.62,N,VIIRS_NOAA20_NRT,2.158924050632911,158,0.008533676836954178,160.31485444577999,Abnormal Increase
12.07208,79.17448,336.14,0.43,0.62,2026-10-08,720,N21,VIIRS,n,2.0NRT,291.17,5.57,D,VIIRS_NOAA21_NRT,,0,,,New / No Local History
16.12901,80.1554,337.56,0.53,0.42,2026-10-08,818,N20,VIIRS,n,2.0NRT,301.14,5.57,D,VIIRS_NOAA20_NRT,,0,,,New / No Local History
25.07847,76.28911,344.7,0.36,0.58,2026-10-08,724,N21,VIIRS,n,2.0NRT,305.85,5.55,D,VIIRS_NOAA21_NRT,,0,,,New / No Local History
20.88614,84.98267,331.96,0.42,0.38,2026-10-08,722,N21,VIIRS,l,2.0NRT,302.25,5.53,D,VIIRS_NOAA21_NRT,3.015394736842105,76,0.00819336870415118,83.39224156739542,Abnormal Increase
21.10189,72.6322,310.82,0.73,0.76,2026-10-08,1951,N21,VIIRS,n,2.0NRT,294.89,5.52,N,VIIRS_NOAA21_NRT,4.892614379084967,153,0.01979447225036157,12.823116074648997,Persistent / Stable
15.91977,78.49097,336.99,0.44,0.38,2026-10-08,818,N20,VIIRS,l,2.0NRT,307.21,5.52,D,VIIRS_NOAA20_NRT,,0,,,New / No Local History
20.86427,84.99102,341.41,0.41,0.61,2026-10-08,818,N20,VIIRS,n,2.0NRT,296.24,5.5,D,VIIRS_NOAA20_NRT,3.015394736842105,76,0.015596413609840563,82.39734694768079,Abnormal Increase
22.37749,87.27764,331.91,0.45,0.47,2026-10-08,801,N,VIIRS,n,2.0NRT,295.68,5.5,D,VIIRS_SNPP_NRT,3.552676056338029,71,0.004521871964808178,54.81287662543606,Abnormal Increase
16.14313,78.29359,343.21,0.41,0.61,2026-10-08,722,N21,VIIRS,n,2.0NRT,299.05,5.43,D,VIIRS_NOAA21_NRT,,0,,,New / No Local History
21.08092,85.03294,336.87,0.42,0.38,2026-10-08,722,N21,VIIRS,n,2.0NRT,302.51,5.43,D,VIIRS_NOAA21_NRT,2.44,20,0.01683415311266134,122.54098360655736,Abnormal Increase
23.12833,75.09306,334.61,0.48,0.64,2026-10-08,724,N21,VIIRS,n,2.0NRT,300.66,5.43,D,VIIRS_NOAA21_NRT,,0,,,New / No Local History
27.61529,96.28906,350.69,0.4,0.6,2026-10-08,724,N21,VIIRS,n,2.0NRT,293.58,5.39,D,VIIRS_NOAA21_NRT,,0,,,New / No Local History
21.15782,76.03259,338.85,0.4,0.37,2026-10-08,820,N20,VIIRS,n,2.0NRT,308.76,5.38,D,VIIRS_NOAA20_NRT,,0,,,New / No Local History
19.39572,76.13576,346.53,0.39,0.36,2026-10-08,818,N20,VIIRS,n,2.0NRT,307.7,5.36,D,VIIRS_NOAA20_NRT,,0,,,New / No Local History
12.14272,79.86363,339.52,0.46,0.39,2026-10-08,816,N20,VIIRS,n,2.0NRT,299.2,5.34,D,VIIRS_NOAA20_NRT,,0,,,New / No Local History
18.90485,77.90192,342.8,0.44,0.38,2026-10-08,818,N20,VIIRS,n,2.0NRT,307.35,5.34,D,VIIRS_NOAA20_NRT,,0,,,New / No Local History
13.39217,80.10206,334.24,0.45,0.39,2026-10-08,758,N,VIIRS,l,2.0NRT,303.2,5.33,D,VIIRS_SNPP_NRT,1.8466666666666667,6,0.043332072332036994,188.62815884476532,Abnormal Increase
20.96712,86.01335,333.19,0.4,0.37,2026-10-08,722,N21,VIIRS,n,2.0NRT,301.52,5.32,D,VIIRS_NOAA21_NRT,3.830652173913042,46,0.009841142424342829,38.87974575790257,Persistent / Stable
21.10278,72.64556,326.7,0.47,0.64,2026-10-08,2131,N21,VIIRS,n,2.0NRT,296.25,5.31,N,VIIRS_NOAA21_NRT,4.8750967741935485,155,0.003119001146703526,8.920914721295844,Persistent / Stable
19.9255,74.86707,333.95,0.38,0.36,2026-10-08,820,N20,VIIRS,l,2.0NRT,307.07,5.29,D,VIIRS_NOAA20_NRT,,0,,,New / No Local History
21.07771,85.03539,337.13,0.49,0.4,2026-10-08,801,N,VIIRS,n,2.0NRT,305.17,5.28,D,VIIRS_SNPP_NRT,2.44,20,0.058532447196991085,116.39344262295084,Abnormal Increase
21.07831,85.04008,332.96,0.49,0.4,2026-10-08,801,N,VIIRS,n,2.0NRT,302.91,5.28,D,VIIRS_SNPP_NRT,2.44,20,0.0007956942083972322,116.39344262295084,Abnormal Increase
21.08142,85.03484,342.54,0.49,0.4,2026-10-08,801,N,VIIRS,n,2.0NRT,302.64,5.28,D,VIIRS_SNPP_NRT,2.44,20,0.0010440407965709732,116.39344262295084,Abnormal Increase
23.73851,86.43465,340.23,0.42,0.45,2026-10-08,801,N,VIIRS,n,2.0NRT,296.57,5.28,D,VIIRS_SNPP_NRT,2.3407291666666663,96,0.009651906514231586,125.57073561479244,Abnormal Increase
18.87411,78.27116,330.73,0.47,0.4,2026-10-08,758,N,VIIRS,l,2.0NRT,302.31,5.23,D,VIIRS_SNPP_NRT,,0,,,New / No Local History
21.24904,79.20914,337.06,0.41,0.37,2026-10-08,801,N,VIIRS,n,2.0NRT,308.36,5.22,D,VIIRS_SNPP_NRT,1.19375,8,0.05391844883200992,337.2774869109947,Abnormal Increase
23.77981,86.21056,335.35,0.39,0.36,2026-10-08,1949,N21,VIIRS,n,2.0NRT,294.82,5.21,N,VIIRS_NOAA21_NRT,3.051874999999999,48,0.019463931854782776,70.71472455457716,Abnormal Increase
16.62538,80.19697,338.17,0.42,0.37,2026-10-08,758,N,VIIRS,n,2.0NRT,307.55,5.2,D,VIIRS_SNPP_NRT,9.755,2,0.27809100643038975,-46.69400307534598,Persistent / Stable
10.52356,77.81869,330.85,0.57,0.69,2026-10-08,720,N21,VIIRS,n,2.0NRT,289.96,5.16,D,VIIRS_NOAA21_NRT,,0,,,New / No Local History
20.96833,86.02087,334.33,0.4,0.37,2026-10-08,722,N21,VIIRS,n,2.0NRT,302.01,5.16,D,VIIRS_NOAA21_NRT,3.7161224489795894,49,0.047914911276872474,38.854412653083735,Persistent / Stable
22.76653,75.34298,342.09,0.39,0.36,2026-10-08,820,N20,VIIRS,n,2.0NRT,311.48,5.11,D,VIIRS_NOAA20_NRT,,0,,,New / No Local History
23.55351,87.2409,332.18,0.39,0.36,2026-10-08,722,N21,VIIRS,n,2.0NRT,295.89,5.1,D,VIIRS_NOAA21_NRT,2.9255263157894738,38,0.009902623046694972,74.32760636862461,Abnormal Increase
23.55681,87.24032,333.75,0.39,0.36,2026-10-08,722,N21,VIIRS,n,2.0NRT,295.19,5.1,D,VIIRS_NOAA21_NRT,2.9255263157894738,38,0.00547810634898716,74.32760636862461,Abnormal Increase
21.2491,79.21143,334.66,0.54,0.42,2026-10-08,820,N20,VIIRS,l,2.0NRT,308.5,5.1,D,VIIRS_NOAA20_NRT,1.19375,8,0.003219108287469074,327.2251308900523,Abnormal Increase
25.29674,83.1515,341.36,0.44,0.39,2026-10-08,724,N21,VIIRS,n,2.0NRT,294.72,5.09,D,VIIRS_NOAA21_NRT,,0,,,New / No Local History
24.59052,76.61587,337.13,0.44,0.38,2026-10-08,820,N20,VIIRS,l,2.0NRT,311.73,5.08,D,VIIRS_NOAA20_NRT,,0,,,New / No Local History
23.56011,87.23974,339.7,0.39,0.36,2026-10-08,722,N21,VIIRS,n,2.0NRT,295.69,5.06,D,VIIRS_NOAA21_NRT,2.9255263157894738,38,0.004867356779518689,72.96033102455696,Abnormal Increase
15.22443,76.76488,344.61,0.39,0.36,2026-10-08,818,N20,VIIRS,n,2.0NRT,306.76,5.06,D,VIIRS_NOAA20_NRT,1.6163636363636364,11,0.03340698788685277,213.04836895388073,Abnormal Increase
14.49701,77.4768,330.88,0.77,0.77,2026-10-08,902,N21,VIIRS,n,2.0NRT,288.02,5.05,D,VIIRS_NOAA21_NRT,,0,,,New / No Local History
20.94913,86.04722,334.32,0.39,0.37,2026-10-08,722,N21,VIIRS,n,2.0NRT,300.51,5.03,D,VIIRS_NOAA21_NRT,3.456785714285715,28,0.049095408344483116,45.51089988635187,Persistent / Stable
22.60881,75.21506,339.26,0.39,0.36,2026-10-08,820,N20,VIIRS,l,2.0NRT,309.96,5.02,D,VIIRS_NOAA20_NRT,,0,,,New / No Local History
17.61049,83.2033,338.32,0.39,0.36,2026-10-08,758,N,VIIRS,n,2.0NRT,301.77,5.0,D,VIIRS_SNPP_NRT,2.7028571428571433,35,0.009788129891320994,84.98942917547566,Abnormal Increase
22.03994,83.72912,332.61,0.46,0.39,2026-10-08,722,N21,VIIRS,l,2.0NRT,304.5,4.97,D,VIIRS_NOAA21_NRT,1.5490000000000002,10,0.06398071138935069,220.85216268560356,Abnormal Increase
12.1425,79.86192,346.36,0.48,0.4,2026-10-08,758,N,VIIRS,n,2.0NRT,298.62,4.93,D,VIIRS_SNPP_NRT,,0,,,New / No Local History
23.67964,86.08396,330.55,0.39,0.37,2026-10-08,1949,N21,VIIRS,n,2.0NRT,292.22,4.92,N,VIIRS_NOAA21_NRT,2.429438202247191,89,0.00929861596538625,102.5159559707705,Abnormal Increase
26.31034,70.9651,341.17,0.42,0.38,2026-10-08,820,N20,VIIRS,l,2.0NRT,313.65,4.92,D,VIIRS_NOAA20_NRT,,0,,,New / No Local History
16.58003,79.55664,338.12,0.5,0.41,2026-10-08,818,N20,VIIRS,n,2.0NRT,306.52,4.91,D,VIIRS_NOAA20_NRT,,0,,,New / No Local History
26.64236,79.47854,326.44,0.6,0.53,2026-10-08,1949,N21,VIIRS,n,2.0NRT,291.44,4.9,N,VIIRS_NOAA21_NRT,1.8419999999999999,5,0.048708682874099934,166.01520086862112,Abnormal Increase
12.0477,76.83636,333.45,0.38,0.36,2026-10-08,816,N20,VIIRS,n,2.0NRT,300.12,4.9,D,VIIRS_NOAA20_NRT,,0,,,New / No Local History
18.93119,78.42523,337.44,0.36,0.57,2026-10-08,722,N21,VIIRS,n,2.0NRT,296.84,4.87,D,VIIRS_NOAA21_NRT,,0,,,New / No Local History
24.91357,77.17349,342.14,0.47,0.4,2026-10-08,820,N20,VIIRS,n,2.0NRT,308.13,4.87,D,VIIRS_NOAA20_NRT,,0,,,New / No Local History
18.92957,78.22396,335.21,0.47,0.4,2026-10-08,758,N,VIIRS,n,2.0NRT,302.74,4.86,D,VIIRS_SNPP_NRT,,0,,,New / No Local History
20.9557,85.01261,330.24,0.48,0.4,2026-10-08,801,N,VIIRS,l,2.0NRT,303.94,4.86,D,VIIRS_SNPP_NRT,3.09125,8,0.039595565533796194,57.21795390214315,Abnormal Increase
20.75963,85.29994,328.25,0.43,0.62,2026-10-08,818,N20,VIIRS,n,2.0NRT,295.35,4.85,D,VIIRS_NOAA20_NRT,2.932222222222222,27,0.022979444298642907,65.40356195528611,Abnormal Increase
24.7264,76.74204,337.37,0.47,0.39,2026-10-08,801,N,VIIRS,l,2.0NRT,310.01,4.85,D,VIIRS_SNPP_NRT,,0,,,New / No Local History
12.25665,76.8701,335.35,0.38,0.36,2026-10-08,816,N20,VIIRS,n,2.0NRT,299.65,4.84,D,VIIRS_NOAA20_NRT,,0,,,New / No Local History
24.89322,76.83627,342.65,0.45,0.39,2026-10-08,820,N20,VIIRS,n,2.0NRT,310.47,4.84,D,VIIRS_NOAA20_NRT,,0,,,New / No Local History
16.14337,78.29438,346.98,0.41,0.61,2026-10-08,722,N21,VIIRS,n,2.0NRT,298.95,4.83,D,VIIRS_NOAA21_NRT,,0,,,New / No Local History
18.96902,77.84317,335.2,0.49,0.4,2026-10-08,758,N,VIIRS,l,2.0NRT,307.22,4.82,D,VIIRS_SNPP_NRT,,0,,,New / No Local History
16.93931,81.37221,333.91,0.5,0.49,2026-10-08,722,N21,VIIRS,n,2.0NRT,295.41,4.81,D,VIIRS_NOAA21_NRT,,0,,,New / No Local History
15.63077,78.09563,338.19,0.42,0.38,2026-10-08,818,N20,VIIRS,l,2.0NRT,312.04,4.81,D,VIIRS_NOAA20_NRT,,0,,,New / No Local History
21.91809,83.35191,330.45,0.42,0.38,2026-10-08,801,N,VIIRS,l,2.0NRT,304.34,4.81,D,VIIRS_SNPP_NRT,2.8140740740740737,27,0.011772434705643518,70.92655962095289,Abnormal Increase
25.94563,83.78312,338.86,0.42,0.37,2026-10-08,724,N21,VIIRS,n,2.0NRT,295.56,4.8,D,VIIRS_NOAA21_NRT,,0,,,New / No Local History
25.94633,83.78723,342.32,0.42,0.37,2026-10-08,724,N21,VIIRS,n,2.0NRT,294.49,4.8,D,VIIRS_NOAA21_NRT,,0,,,New / No Local History
18.74794,78.33275,333.96,0.36,0.58,2026-10-08,722,N21,VIIRS,n,2.0NRT,298.52,4.78,D,VIIRS_NOAA21_NRT,,0,,,New / No Local History
21.98488,83.23373,332.83,0.42,0.38,2026-10-08,801,N,VIIRS,l,2.0NRT,303.96,4.78,D,VIIRS_SNPP_NRT,2.5444444444444443,9,0.010239448106653842,87.86026200873364,Abnormal Increase
20.86283,84.99081,338.25,0.41,0.61,2026-10-08,818,N20,VIIRS,n,2.0NRT,295.53,4.77,D,VIIRS_NOAA20_NRT,3.015394736842105,76,0.006615181686856216,58.188244534624964,Abnormal Increase
25.08095,77.71523,331.41,0.59,0.53,2026-10-08,724,N21,VIIRS,l,2.0NRT,304.85,4.76,D,VIIRS_NOAA21_NRT,,0,,,New / No Local History
25.181,77.53994,338.67,0.49,0.4,2026-10-08,820,N20,VIIRS,n,2.0NRT,310.82,4.76,D,VIIRS_NOAA20_NRT,,0,,,New / No Local History
26.4901,75.77313,346.35,0.43,0.38,2026-10-08,820,N20,VIIRS,n,2.0NRT,308.43,4.76,D,VIIRS_NOAA20_NRT,,0,,,New / No Local History
20.88593,84.98338,337.83,0.48,0.4,2026-10-08,801,N,VIIRS,n,2.0NRT,299.45,4.75,D,VIIRS_SNPP_NRT,3.015394736842105,76,0.00803192661591066,57.524981454815226,Abnormal Increase
26.30896,71.10175,339.89,0.41,0.37,2026-10-08,820,N20,VIIRS,l,2.0NRT,313.4,4.73,D,VIIRS_NOAA20_NRT,,0,,,New / No Local History
19.0727,83.70111,335.59,0.41,0.37,2026-10-08,758,N,VIIRS,n,2.0NRT,298.87,4.73,D,VIIRS_SNPP_NRT,,0,,,New / No Local History
20.96564,86.01276,327.93,0.39,0.36,2026-10-08,1951,N21,VIIRS,n,2.0NRT,294.87,4.72,N,VIIRS_NOAA21_NRT,3.830652173913042,46,0.008239748357381907,23.216616537086473,Persistent / Stable
20.96894,86.01332,331.9,0.39,0.36,2026-10-08,1951,N21,VIIRS,n,2.0NRT,298.24,4.72,N,VIIRS_NOAA21_NRT,3.646862745098037,51,0.012467721698779957,29.426313242647524,Persistent / Stable
16.62628,80.1954,335.17,0.6,0.53,2026-10-08,722,N21,VIIRS,n,2.0NRT,299.89,4.71,D,VIIRS_NOAA21_NRT,9.755,2,0.11085573705243588,-51.71706817016914,Persistent / Reduced
15.66762,75.89877,343.84,0.38,0.36,2026-10-08,818,N20,VIIRS,n,2.0NRT,311.87,4.7,D,VIIRS_NOAA20_NRT,,0,,,New / No Local History
25.08627,77.50541,339.62,0.49,0.4,2026-10-08,820,N20,VIIRS,n,2.0NRT,308.99,4.68,D,VIIRS_NOAA20_NRT,,0,,,New / No Local History
26.32515,71.07291,342.68,0.41,0.37,2026-10-08,820,N20,VIIRS,l,2.0NRT,313.45,4.68,D,VIIRS_NOAA20_NRT,,0,,,New / No Local History
21.20947,75.97723,333.4,0.46,0.64,2026-10-08,722,N21,VIIRS,n,2.0NRT,301.53,4.67,D,VIIRS_NOAA21_NRT,,0,,,New / No Local History
28.09236,77.5702,341.04,0.4,0.37,2026-10-08,803,N,VIIRS,n,2.0NRT,304.82,4.67,D,VIIRS_SNPP_NRT,,0,,,New / No Local History
15.70108,75.91885,341.53,0.38,0.36,2026-10-08,818,N20,VIIRS,l,2.0NRT,313.33,4.66,D,VIIRS_NOAA20_NRT,,0,,,New / No Local History
15.70857,75.94872,340.53,0.47,0.48,2026-10-08,758,N,VIIRS,n,2.0NRT,302.69,4.66,D,VIIRS_SNPP_NRT,,0,,,New / No Local History
24.88332,76.86533,336.57,0.46,0.39,2026-10-08,801,N,VIIRS,n,2.0NRT,310.72,4.66,D,VIIRS_SNPP_NRT,,0,,,New / No Local History
22.36591,87.30258,332.39,0.38,0.36,2026-10-08,722,N21,VIIRS,n,2.0NRT,298.33,4.65,D,VIIRS_NOAA21_NRT,2.612115384615384,52,0.004386021734099588,78.01663844511526,Abnormal Increase
23.88977,71.20241,337.12,0.43,0.38,2026-10-08,820,N20,VIIRS,l,2.0NRT,310.49,4.65,D,VIIRS_NOAA20_NRT,,0,,,New / No Local History
24.89723,76.93942,337.29,0.46,0.39,2026-10-08,820,N20,VIIRS,l,2.0NRT,310.14,4.65,D,VIIRS_NOAA20_NRT,,0,,,New / No Local History
27.43915,70.85339,337.99,0.58,0.52,2026-10-08,803,N,VIIRS,l,2.0NRT,310.78,4.63,D,VIIRS_SNPP_NRT,4.495,6,0.05735677766918047,3.0033370411568363,Persistent / Stable
21.92007,83.3521,345.22,0.42,0.38,2026-10-08,801,N,VIIRS,n,2.0NRT,306.02,4.6,D,VIIRS_SNPP_NRT,2.8140740740740737,27,0.012050672942401175,63.46406949197158,Abnormal Increase
21.92063,83.35619,330.71,0.42,0.38,2026-10-08,801,N,VIIRS,l,2.0NRT,302.04,4.6,D,VIIRS_SNPP_NRT,2.8140740740740737,27,0.22913070442489253,63.46406949197158,Abnormal Increase
16.42334,79.68345,334.35,0.33,0.55,2026-10-08,722,N21,VIIRS,n,2.0NRT,301.06,4.59,D,VIIRS_NOAA21_NRT,,0,,,New / No Local History
15.70811,75.94661,339.97,0.47,0.48,2026-10-08,758,N,VIIRS,n,2.0NRT,302.99,4.59,D,VIIRS_SNPP_NRT,,0,,,New / No Local History
21.56581,74.11118,337.32,0.48,0.48,2026-10-08,801,N,VIIRS,n,2.0NRT,301.97,4.59,D,VIIRS_SNPP_NRT,,0,,,New / No Local History
18.96926,78.56714,331.73,0.47,0.4,2026-10-08,818,N20,VIIRS,l,2.0NRT,302.8,4.58,D,VIIRS_NOAA20_NRT,,0,,,New / No Local History
21.0774,85.03495,311.29,0.4,0.37,2026-10-08,1951,N21,VIIRS,n,2.0NRT,295.87,4.57,N,VIIRS_NOAA21_NRT,2.44,20,0.014631393908025704,87.29508196721312,Abnormal Increase
21.08077,85.03551,344.02,0.4,0.37,2026-10-08,1951,N21,VIIRS,n,2.0NRT,296.4,4.57,N,VIIRS_NOAA21_NRT,2.44,20,0.07056127872772056,87.29508196721312,Abnormal Increase
20.86314,84.98959,318.5,0.4,0.37,2026-10-08,1951,N21,VIIRS,n,2.0NRT,295.59,4.55,N,VIIRS_NOAA21_NRT,3.015394736842105,76,0.02618460688652959,50.89235065671773,Abnormal Increase
24.00478,78.07139,333.9,0.5,0.41,2026-10-08,820,N20,VIIRS,l,2.0NRT,306.22,4.55,D,VIIRS_NOAA20_NRT,,0,,,New / No Local History
26.28959,71.11398,356.72,0.41,0.37,2026-10-08,820,N20,VIIRS,l,2.0NRT,313.8,4.55,D,VIIRS_NOAA20_NRT,,0,,,New / No Local History
26.29298,71.11327,342.77,0.41,0.37,2026-10-08,820,N20,VIIRS,l,2.0NRT,313.56,4.55,D,VIIRS_NOAA20_NRT,,0,,,New / No Local History
21.10309,72.63501,340.01,0.44,0.62,2026-10-08,905,N21,VIIRS,n,2.0NRT,300.69,4.53,D,VIIRS_NOAA21_NRT,4.870454545454545,154,0.010845407458368216,-6.9902006532897705,Persistent / Stable
21.0754,85.04221,330.61,0.42,0.38,2026-10-08,722,N21,VIIRS,l,2.0NRT,302.18,4.52,D,VIIRS_NOAA21_NRT,2.44,20,0.040090628290099975,85.24590163934424,Abnormal Increase
21.07816,85.03757,342.85,0.42,0.38,2026-10-08,722,N21,VIIRS,n,2.0NRT,306.51,4.52,D,VIIRS_NOAA21_NRT,2.44,20,0.02906753860375038,85.24590163934424,Abnormal Increase
21.07882,85.04156,329.41,0.42,0.38,2026-10-08,722,N21,VIIRS,l,2.0NRT,303.05,4.52,D,VIIRS_NOAA21_NRT,2.44,20,0.01362155783956469,85.24590163934424,Abnormal Increase
21.23647,81.40827,341.03,0.42,0.45,2026-10-08,722,N21,VIIRS,n,2.0NRT,304.26,4.52,D,VIIRS_NOAA21_NRT,0.82,1,1.7727142235224254,451.2195121951219,Abnormal Increase
22.60365,77.23669,335.05,0.47,0.4,2026-10-08,801,N,VIIRS,n,2.0NRT,308.59,4.52,D,VIIRS_SNPP_NRT,,0,,,New / No Local History
25.92205,76.53989,334.04,0.46,0.39,2026-10-08,803,N,VIIRS,l,2.0NRT,307.47,4.52,D,VIIRS_SNPP_NRT,,0,,,New / No Local History
21.0814,85.03352,313.29,0.75,0.77,2026-10-08,1908,N20,VIIRS,n,2.0NRT,288.14,4.5,N,VIIRS_NOAA20_NRT,2.44,20,0.043735431782627676,84.42622950819673,Abnormal Increase
14.44328,76.53403,335.8,0.38,0.36,2026-10-08,818,N20,VIIRS,n,2.0NRT,300.93,4.49,D,VIIRS_NOAA20_NRT,,0,,,New / No Local History
20.80626,85.25754,332.17,0.5,0.41,2026-10-08,801,N,VIIRS,n,2.0NRT,301.25,4.49,D,VIIRS_SNPP_NRT,4.153833333333335,60,0.023753086501076492,8.092926212735192,Persistent / Stable
20.86378,84.9866,334.18,0.48,0.4,2026-10-08,801,N,VIIRS,n,2.0NRT,300.24,4.49,D,VIIRS_SNPP_NRT,3.015394736842105,76,0.0020183462847251678,48.9025614172885,Persistent / Stable
20.86439,84.99129,335.46,0.48,0.4,2026-10-08,801,N,VIIRS,n,2.0NRT,302.31,4.49,D,VIIRS_SNPP_NRT,3.015394736842105,76,0.0080959594152576,48.9025614172885,Persistent / Stable
20.96857,85.17407,338.93,0.52,0.42,2026-10-08,2027,N,VIIRS,n,2.0NRT,294.25,4.49,N,VIIRS_SNPP_NRT,3.5433628318584063,113,0.01350898356835142,26.71578421578425,Persistent / Stable
20.97238,85.1749,316.93,0.52,0.42,2026-10-08,2027,N,VIIRS,n,2.0NRT,293.66,4.49,N,VIIRS_SNPP_NRT,3.5629999999999997,110,0.008796475156928515,26.017401066517,Persistent / Stable
22.37854,87.2756,323.85,0.55,0.68,2026-10-08,1908,N20,VIIRS,n,2.0NRT,288.3,4.48,N,VIIRS_NOAA20_NRT,3.552676056338029,71,0.0032704834145678764,26.102124960355205,Persistent / Stable
20.9539,86.04439,326.32,0.51,0.66,2026-10-08,2049,N20,VIIRS,n,2.0NRT,289.65,4.48,N,VIIRS_NOAA20_NRT,3.456785714285715,28,0.014612467096231128,29.60016530633328,Persistent / Stable
18.82409,77.76813,336.44,0.5,0.41,2026-10-08,758,N,VIIRS,n,2.0NRT,304.83,4.45,D,VIIRS_SNPP_NRT,,0,,,New / No Local History
24.8868,76.83855,341.6,0.34,0.56,2026-10-08,724,N21,VIIRS,n,2.0NRT,303.3,4.44,D,VIIRS_NOAA21_NRT,,0,,,New / No Local History
24.88751,76.84184,341.06,0.34,0.56,2026-10-08,724,N21,VIIRS,n,2.0NRT,305.72,4.44,D,VIIRS_NOAA21_NRT,,0,,,New / No Local History
20.97105,85.17606,333.72,0.42,0.61,2026-10-08,818,N20,VIIRS,n,2.0NRT,294.88,4.43,D,VIIRS_NOAA20_NRT,3.5795412844036694,109,0.004316824274830534,23.75887433682754,Persistent / Stable
22.0381,83.35031,330.05,0.42,0.38,2026-10-08,801,N,VIIRS,l,2.0NRT,304.33,4.43,D,VIIRS_SNPP_NRT,1.5653846153846156,13,0.04247173848462582,182.99754299754295,Abnormal Increase
20.96329,85.18925,338.58,0.4,0.37,2026-10-08,1951,N21,VIIRS,n,2.0NRT,297.2,4.42,N,VIIRS_NOAA21_NRT,3.7260759493670874,79,0.003701244621995583,18.623454273678526,Persistent / Stable
20.96385,85.18546,324.57,0.4,0.37,2026-10-08,1951,N21,VIIRS,n,2.0NRT,295.8,4.42,N,VIIRS_NOAA21_NRT,3.614158415841584,101,0.03118533679040869,22.29679752349122,Persistent / Stable
22.06604,75.10469,343.82,0.41,0.45,2026-10-08,801,N,VIIRS,n,2.0NRT,305.96,4.42,D,VIIRS_SNPP_NRT,,0,,,New / No Local History
25.93472,83.78111,341.47,0.42,0.37,2026-10-08,724,N21,VIIRS,n,2.0NRT,295.25,4.41,D,VIIRS_NOAA21_NRT,,0,,,New / No Local History
18.62259,77.60668,337.42,0.43,0.38,2026-10-08,818,N20,VIIRS,n,2.0NRT,306.31,4.41,D,VIIRS_NOAA20_NRT,,0,,,New / No Local History
21.92268,83.35202,335.8,0.33,0.55,2026-10-08,820,N20,VIIRS,n,2.0NRT,299.03,4.41,D,VIIRS_NOAA20_NRT,2.8140740740740737,27,0.017571044920728078,56.71229270860755,Abnormal Increase
21.7565,84.02557,335.27,0.45,0.39,2026-10-08,801,N,VIIRS,n,2.0NRT,304.17,4.41,D,VIIRS_SNPP_NRT,2.5425,24,0.025826958610191665,73.45132743362832,Abnormal Increase
18.68068,73.03613,308.96,0.56,0.69,2026-10-08,2133,N21,VIIRS,n,2.0NRT,292.6,4.4,N,VIIRS_NOAA21_NRT,2.2831999999999995,50,0.008890526348877109,92.71198318149972,Abnormal Increase
21.79754,71.92159,335.71,0.43,0.38,2026-10-08,820,N20,VIIRS,l,2.0NRT,308.54,4.38,D,VIIRS_NOAA20_NRT,,0,,,New / No Local History
18.86248,78.26882,330.4,0.47,0.4,2026-10-08,758,N,VIIRS,l,2.0NRT,304.69,4.37,D,VIIRS_SNPP_NRT,,0,,,New / No Local History
22.21031,84.87794,341.67,0.41,0.37,2026-10-08,722,N21,VIIRS,n,2.0NRT,301.66,4.36,D,VIIRS_NOAA21_NRT,2.4099999999999993,23,0.08647389193802034,80.91286307053949,Abnormal Increase
18.6872,73.03934,330.75,0.39,0.36,2026-10-08,2051,N20,VIIRS,n,2.0NRT,297.91,4.35,N,VIIRS_NOAA20_NRT,2.2831999999999995,50,0.01251395577003969,90.5220742817099,Abnormal Increase
13.39936,80.16844,330.85,0.45,0.39,2026-10-08,758,N,VIIRS,l,2.0NRT,302.3,4.32,D,VIIRS_SNPP_NRT,,0,,,New / No Local History
23.44088,75.9765,338.8,0.41,0.37,2026-10-08,820,N20,VIIRS,n,2.0NRT,312.46,4.31,D,VIIRS_NOAA20_NRT,,0,,,New / No Local History
24.8952,76.93639,339.78,0.46,0.39,2026-10-08,820,N20,VIIRS,n,2.0NRT,310.23,4.31,D,VIIRS_NOAA20_NRT,,0,,,New / No Local History
21.79862,71.9183,345.08,0.33,0.55,2026-10-08,801,N,VIIRS,n,2.0NRT,304.23,4.31,D,VIIRS_SNPP_NRT,,0,,,New / No Local History
22.37768,87.27809,327.77,0.44,0.46,2026-10-08,2027,N,VIIRS,n,2.0NRT,293.77,4.31,N,VIIRS_SNPP_NRT,3.552676056338029,71,0.01031665832084622,21.316999682841704,Persistent / Stable
21.10181,72.63457,339.41,0.4,0.37,2026-10-08,2049,N20,VIIRS,n,2.0NRT,299.68,4.3,N,VIIRS_NOAA20_NRT,4.870454545454545,154,0.005608413179802254,-11.712552496500232,Persistent / Stable
22.21996,75.8077,330.9,0.72,0.76,2026-10-08,905,N21,VIIRS,n,2.0NRT,298.73,4.29,D,VIIRS_NOAA21_NRT,,0,,,New / No Local History
20.80678,85.25715,328.6,0.4,0.37,2026-10-08,1951,N21,VIIRS,n,2.0NRT,297.14,4.29,N,VIIRS_NOAA21_NRT,4.153833333333335,60,0.025179365709504097,3.2780965373349553,Persistent / Stable
23.75952,86.40039,318.52,0.55,0.43,2026-10-08,2027,N,VIIRS,n,2.0NRT,291.54,4.29,N,VIIRS_SNPP_NRT,2.158924050632911,158,0.01779208410484387,98.71009351821996,Abnormal Increase
26.30686,71.08945,341.05,0.41,0.37,2026-10-08,820,N20,VIIRS,l,2.0NRT,315.92,4.28,D,VIIRS_NOAA20_NRT,,0,,,New / No Local History
18.75014,78.24626,339.74,0.45,0.39,2026-10-08,818,N20,VIIRS,n,2.0NRT,306.05,4.27,D,VIIRS_NOAA20_NRT,,0,,,New / No Local History
23.7691,86.4034,314.93,0.65,0.73,2026-10-08,1906,N20,VIIRS,n,2.0NRT,287.37,4.26,N,VIIRS_NOAA20_NRT,2.158924050632911,158,0.003122200536878586,97.32051244466597,Abnormal Increase
21.24942,79.20885,329.49,0.57,0.43,2026-10-08,2049,N20,VIIRS,n,2.0NRT,296.66,4.26,N,VIIRS_NOAA20_NRT,1.19375,8,0.08395023100749857,256.85863874345546,Abnormal Increase
22.84741,69.76785,337.25,0.43,0.62,2026-10-08,801,N,VIIRS,n,2.0NRT,305.79,4.26,D,VIIRS_SNPP_NRT,,0,,,New / No Local History
23.37101,79.76193,335.17,0.48,0.48,2026-10-08,724,N21,VIIRS,n,2.0NRT,303.07,4.24,D,VIIRS_NOAA21_NRT,,0,,,New / No Local History
14.51996,79.73451,330.46,0.48,0.4,2026-10-08,818,N20,VIIRS,n,2.0NRT,300.31,4.22,D,VIIRS_NOAA20_NRT,,0,,,New / No Local History
15.10859,75.5775,342.05,0.39,0.36,2026-10-08,818,N20,VIIRS,n,2.0NRT,309.04,4.21,D,VIIRS_NOAA20_NRT,,0,,,New / No Local History
18.92228,78.41957,335.62,0.46,0.39,2026-10-08,818,N20,VIIRS,n,2.0NRT,304.02,4.21,D,VIIRS_NOAA20_NRT,,0,,,New / No Local History
27.76397,77.75552,332.62,0.54,0.42,2026-10-08,820,N20,VIIRS,n,2.0NRT,300.68,4.19,D,VIIRS_NOAA20_NRT,,0,,,New / No Local History
23.73939,86.43153,322.29,0.47,0.64,2026-10-08,2046,N20,VIIRS,n,2.0NRT,288.55,4.19,N,VIIRS_NOAA20_NRT,2.2256976744186048,86,0.02652210150427165,88.25557703359281,Abnormal Increase
24.87138,76.96542,337.68,0.45,0.39,2026-10-08,801,N,VIIRS,n,2.0NRT,310.31,4.19,D,VIIRS_SNPP_NRT,,0,,,New / No Local History
21.17996,81.38441,310.01,0.39,0.44,2026-10-08,1951,N21,VIIRS,n,2.0NRT,296.31,4.18,N,VIIRS_NOAA21_NRT,2.7287500000000002,24,0.029245041532284046,53.18369216674299,Abnormal Increase
21.91901,83.35062,333.03,0.47,0.4,2026-10-08,1951,N21,VIIRS,n,2.0NRT,297.83,4.18,N,VIIRS_NOAA21_NRT,2.8140740740740737,27,0.004057039880981153,48.539089234008955,Persistent / Stable
21.92264,83.35117,320.69,0.47,0.4,2026-10-08,1951,N21,VIIRS,n,2.0NRT,295.49,4.18,N,VIIRS_NOAA21_NRT,2.8140740740740737,27,0.0031239452956070037,48.539089234008955,Persistent / Stable
26.57804,78.43847,330.67,0.56,0.43,2026-10-08,820,N20,VIIRS,l,2.0NRT,304.22,4.18,D,VIIRS_NOAA20_NRT,,0,,,New / No Local History
22.38182,87.27818,317.95,0.55,0.68,2026-10-08,1908,N20,VIIRS,n,2.0NRT,288.22,4.18,N,VIIRS_NOAA20_NRT,3.552676056338029,71,0.0034738844708172138,17.6577862353314,Persistent / Stable
27.76537,96.13412,339.22,0.39,0.6,2026-10-08,724,N21,VIIRS,n,2.0NRT,294.05,4.14,D,VIIRS_NOAA21_NRT,,0,,,New / No Local History
24.89594,76.83882,331.32,0.34,0.56,2026-10-08,724,N21,VIIRS,l,2.0NRT,305.08,4.12,D,VIIRS_NOAA21_NRT,,0,,,New / No Local History
25.44197,75.97266,336.87,0.42,0.38,2026-10-08,820,N20,VIIRS,n,2.0NRT,308.42,4.07,D,VIIRS_NOAA20_NRT,,0,,,New / No Local History
22.36374,87.29951,330.7,0.38,0.36,2026-10-08,1951,N21,VIIRS,n,2.0NRT,295.21,4.06,N,VIIRS_NOAA21_NRT,3.0530000000000004,70,0.007958156936604746,32.98395021290531,Persistent / Stable
15.02727,75.27247,337.85,0.39,0.36,2026-10-08,818,N20,VIIRS,n,2.0NRT,308.95,4.05,D,VIIRS_NOAA20_NRT,,0,,,New / No Local History
20.96197,85.18835,331.46,0.53,0.42,2026-10-08,2027,N,VIIRS,n,2.0NRT,294.8,4.04,N,VIIRS_SNPP_NRT,3.6879518072289144,83,0.02638364451738996,9.545900032669103,Persistent / Stable
20.9629,85.18329,317.55,0.53,0.42,2026-10-08,2027,N,VIIRS,n,2.0NRT,293.61,4.04,N,VIIRS_SNPP_NRT,3.598584905660377,106,0.061472872802268326,12.266352077598643,Persistent / Stable
21.05989,75.29559,336.22,0.39,0.36,2026-10-08,820,N20,VIIRS,l,2.0NRT,309.81,4.03,D,VIIRS_NOAA20_NRT,,0,,,New / No Local History
21.75471,84.02473,331.46,0.36,0.58,2026-10-08,820,N20,VIIRS,n,2.0NRT,298.2,4.03,D,VIIRS_NOAA20_NRT,2.5425,24,0.003615285076726093,58.5054080629302,Abnormal Increase
21.10739,72.64333,324.6,0.4,0.37,2026-10-08,2049,N20,VIIRS,n,2.0NRT,298.81,4.03,N,VIIRS_NOAA20_NRT,4.8750967741935485,155,0.0018672379121127535,-17.33497432639881,Persistent / Stable
15.66496,78.42591,333.56,0.51,0.41,2026-10-08,758,N,VIIRS,l,2.0NRT,304.49,4.03,D,VIIRS_SNPP_NRT,,0,,,New / No Local History
23.68405,86.39558,334.37,0.38,0.36,2026-10-08,722,N21,VIIRS,n,2.0NRT,299.92,4.02,D,VIIRS_NOAA21_NRT,3.0147826086956515,92,0.013238737861589304,33.34294779348141,Persistent / Stable
22.35745,82.30328,340.3,0.4,0.37,2026-10-08,801,N,VIIRS,n,2.0NRT,307.2,4.02,D,VIIRS_SNPP_NRT,3.8262500000000004,24,0.002212350946947055,5.063704671675902,Persistent / Stable
22.36081,82.3027,338.73,0.4,0.37,2026-10-08,801,N,VIIRS,n,2.0NRT,306.41,4.02,D,VIIRS_SNPP_NRT,3.8262500000000004,24,0.01251039620588294,5.063704671675902,Persistent / Stable
15.17466,76.65907,330.5,0.39,0.36,2026-10-08,818,N20,VIIRS,l,2.0NRT,303.35,4.0,D,VIIRS_NOAA20_NRT,2.485594713656389,227,0.022208345406427157,60.92728142778646,Abnormal Increase
21.24781,79.2095,331.38,0.4,0.37,2026-10-08,2027,N,VIIRS,n,2.0NRT,296.55,3.99,N,VIIRS_SNPP_NRT,1.19375,8,0.01708914750720168,234.24083769633506,Abnormal Increase
26.2862,71.11469,349.14,0.41,0.37,2026-10-08,820,N20,VIIRS,n,2.0NRT,314.02,3.98,D,VIIRS_NOAA20_NRT,,0,,,New / No Local History
26.30724,71.11455,344.85,0.41,0.37,2026-10-08,820,N20,VIIRS,l,2.0NRT,316.34,3.98,D,VIIRS_NOAA20_NRT,,0,,,New / No Local History
12.55256,76.96216,336.96,0.38,0.36,2026-10-08,816,N20,VIIRS,n,2.0NRT,298.38,3.97,D,VIIRS_NOAA20_NRT,5.57,1,1.101943307505993,-28.725314183123878,Single Historical Detection
15.8638,78.48206,338.88,0.44,0.38,2026-10-08,818,N20,VIIRS,n,2.0NRT,307.18,3.97,D,VIIRS_NOAA20_NRT,,0,,,New / No Local History
20.97634,85.17155,328.11,0.42,0.61,2026-10-08,818,N20,VIIRS,n,2.0NRT,295.09,3.97,D,VIIRS_NOAA20_NRT,3.547457627118643,118,0.015584725073222698,11.911132345914996,Persistent / Stable
26.34414,71.06046,340.86,0.41,0.37,2026-10-08,820,N20,VIIRS,l,2.0NRT,313.69,3.96,D,VIIRS_NOAA20_NRT,,0,,,New / No Local History
26.17948,71.29611,340.53,0.41,0.37,2026-10-08,820,N20,VIIRS,l,2.0NRT,315.31,3.95,D,VIIRS_NOAA20_NRT,,0,,,New / No Local History
27.7141,71.97147,344.94,0.39,0.36,2026-10-08,822,N20,VIIRS,n,2.0NRT,316.54,3.95,D,VIIRS_NOAA20_NRT,,0,,,New / No Local History
26.2728,78.16425,334.25,0.4,0.37,2026-10-08,803,N,VIIRS,l,2.0NRT,307.83,3.94,D,VIIRS_SNPP_NRT,,0,,,New / No Local History
13.85736,77.81416,337.37,0.4,0.37,2026-10-08,818,N20,VIIRS,n,2.0NRT,303.41,3.93,D,VIIRS_NOAA20_NRT,,0,,,New / No Local History
20.97711,85.17072,324.3,0.52,0.42,2026-10-08,2027,N,VIIRS,n,2.0NRT,293.6,3.93,N,VIIRS_SNPP_NRT,3.5399999999999987,117,0.03427422003845064,11.016949152542418,Persistent / Stable
24.5556,77.94334,334.92,0.59,0.53,2026-10-08,724,N21,VIIRS,n,2.0NRT,304.4,3.92,D,VIIRS_NOAA21_NRT,,0,,,New / No Local History
11.43665,78.07744,339.58,0.39,0.37,2026-10-08,816,N20,VIIRS,n,2.0NRT,298.2,3.92,D,VIIRS_NOAA20_NRT,,0,,,New / No Local History
26.33858,71.02757,340.31,0.42,0.37,2026-10-08,820,N20,VIIRS,l,2.0NRT,313.62,3.92,D,VIIRS_NOAA20_NRT,,0,,,New / No Local History
18.83685,78.24974,332.86,0.47,0.4,2026-10-08,758,N,VIIRS,l,2.0NRT,304.69,3.92,D,VIIRS_SNPP_NRT,,0,,,New / No Local History
24.61316,76.76318,342.37,0.35,0.57,2026-10-08,724,N21,VIIRS,n,2.0NRT,304.24,3.89,D,VIIRS_NOAA21_NRT,,0,,,New / No Local History
25.02526,76.55101,338.52,0.44,0.38,2026-10-08,820,N20,VIIRS,l,2.0NRT,312.47,3.88,D,VIIRS_NOAA20_NRT,,0,,,New / No Local History
20.95173,86.04564,318.56,0.51,0.66,2026-10-08,2049,N20,VIIRS,n,2.0NRT,289.89,3.88,N,VIIRS_NOAA20_NRT,3.456785714285715,28,0.014680180848174578,12.243000309949348,Persistent / Stable
27.37559,95.33427,332.79,0.44,0.38,2026-10-08,640,N20,VIIRS,n,2.0NRT,295.26,3.87,D,VIIRS_NOAA20_NRT,3.152,10,0.019000545683003155,22.77918781725888,Persistent / Stable
21.91758,83.3526,331.48,0.33,0.55,2026-10-08,820,N20,VIIRS,n,2.0NRT,299.49,3.87,D,VIIRS_NOAA20_NRT,2.8140740740740737,27,0.020619589388282112,37.52303237694132,Persistent / Stable
22.57427,85.89797,330.78,0.39,0.36,2026-10-08,722,N21,VIIRS,l,2.0NRT,302.63,3.85,D,VIIRS_NOAA21_NRT,2.615555555555556,18,0.029884366378094728,47.19626168224298,Persistent / Stable
21.12219,75.97603,336.79,0.4,0.37,2026-10-08,820,N20,VIIRS,n,2.0NRT,308.55,3.85,D,VIIRS_NOAA20_NRT,,0,,,New / No Local History
22.97904,76.02245,339.9,0.41,0.37,2026-10-08,820,N20,VIIRS,l,2.0NRT,312.41,3.85,D,VIIRS_NOAA20_NRT,,0,,,New / No Local History
23.23803,69.57899,338.6,0.52,0.42,2026-10-08,820,N20,VIIRS,l,2.0NRT,311.6,3.85,D,VIIRS_NOAA20_NRT,,0,,,New / No Local History
21.07702,85.03854,302.29,0.75,0.77,2026-10-08,1908,N20,VIIRS,n,2.0NRT,287.54,3.85,N,VIIRS_NOAA20_NRT,2.44,20,0.013524535826136991,57.786885245901644,Abnormal Increase
18.6938,73.04047,334.76,0.39,0.36,2026-10-08,2051,N20,VIIRS,n,2.0NRT,298.19,3.85,N,VIIRS_NOAA20_NRT,2.2831999999999995,50,0.021300865508201944,68.62298528381223,Abnormal Increase
20.86213,84.9872,331.55,0.42,0.38,2026-10-08,722,N21,VIIRS,n,2.0NRT,298.7,3.83,D,VIIRS_NOAA21_NRT,3.015394736842105,76,0.012925198053425974,27.01487978356681,Persistent / Stable
20.86622,84.99057,329.6,0.42,0.38,2026-10-08,722,N21,VIIRS,l,2.0NRT,301.97,3.83,D,VIIRS_NOAA21_NRT,3.015394736842105,76,0.004626665773173877,27.01487978356681,Persistent / Stable
23.68676,86.39124,328.72,0.38,0.36,2026-10-08,722,N21,VIIRS,n,2.0NRT,298.15,3.83,D,VIIRS_NOAA21_NRT,3.0147826086956515,92,0.023690796990664405,27.040669166426333,Persistent / Stable
25.31132,77.10875,334.76,0.47,0.4,2026-10-08,820,N20,VIIRS,n,2.0NRT,305.67,3.83,D,VIIRS_NOAA20_NRT,,0,,,New / No Local History
20.88838,84.98193,328.85,0.4,0.37,2026-10-08,1951,N21,VIIRS,n,2.0NRT,295.01,3.81,N,VIIRS_NOAA21_NRT,3.015394736842105,76,0.020944245542279714,26.35161670375706,Persistent / Stable
21.11152,72.63519,312.91,0.47,0.64,2026-10-08,2131,N21,VIIRS,n,2.0NRT,296.8,3.81,N,VIIRS_NOAA21_NRT,4.870454545454545,154,0.00902841362706236,-21.773215118992063,Persistent / Stable
25.14445,77.72975,339.17,0.5,0.41,2026-10-08,820,N20,VIIRS,n,2.0NRT,309.25,3.81,D,VIIRS_NOAA20_NRT,,0,,,New / No Local History
23.77747,86.3916,325.57,0.56,0.69,2026-10-08,640,N20,VIIRS,n,2.0NRT,288.63,3.8,D,VIIRS_NOAA20_NRT,2.217785234899329,149,0.003373644011255619,71.34210924496897,Abnormal Increase
15.22893,76.65762,337.41,0.39,0.36,2026-10-08,818,N20,VIIRS,n,2.0NRT,306.26,3.8,D,VIIRS_NOAA20_NRT,,0,,,New / No Local History
26.32915,71.05506,338.12,0.42,0.37,2026-10-08,820,N20,VIIRS,l,2.0NRT,313.09,3.8,D,VIIRS_NOAA20_NRT,,0,,,New / No Local History
27.05962,78.65559,332.25,0.39,0.36,2026-10-08,803,N,VIIRS,l,2.0NRT,303.79,3.8,D,VIIRS_SNPP_NRT,,0,,,New / No Local History
22.75507,77.46819,338.63,0.34,0.56,2026-10-08,724,N21,VIIRS,n,2.0NRT,299.99,3.79,D,VIIRS_NOAA21_NRT,,0,,,New / No Local History
23.67574,86.08722,317.24,0.39,0.37,2026-10-08,1949,N21,VIIRS,n,2.0NRT,292.37,3.79,N,VIIRS_NOAA21_NRT,2.3926666666666665,90,0.0030625267464881364,58.40066870994707,Abnormal Increase
26.29764,71.05701,344.77,0.42,0.37,2026-10-08,820,N20,VIIRS,n,2.0NRT,314.35,3.79,D,VIIRS_NOAA20_NRT,,0,,,New / No Local History
14.48429,75.75878,337.53,0.39,0.36,2026-10-08,818,N20,VIIRS,n,2.0NRT,307.21,3.78,D,VIIRS_NOAA20_NRT,,0,,,New / No Local History
22.6496,77.08879,345.93,0.44,0.38,2026-10-08,820,N20,VIIRS,n,2.0NRT,307.9,3.78,D,VIIRS_NOAA20_NRT,,0,,,New / No Local History
14.36164,77.33192,341.86,0.41,0.45,2026-10-08,758,N,VIIRS,n,2.0NRT,300.63,3.77,D,VIIRS_SNPP_NRT,,0,,,New / No Local History
24.99243,77.12906,347.54,0.32,0.55,2026-10-08,724,N21,VIIRS,n,2.0NRT,305.86,3.76,D,VIIRS_NOAA21_NRT,,0,,,New / No Local History
26.31067,71.0291,342.87,0.42,0.37,2026-10-08,820,N20,VIIRS,l,2.0NRT,313.73,3.76,D,VIIRS_NOAA20_NRT,,0,,,New / No Local History
26.31137,71.03322,341.31,0.42,0.37,2026-10-08,820,N20,VIIRS,l,2.0NRT,314.05,3.76,D,VIIRS_NOAA20_NRT,,0,,,New / No Local History
25.81054,78.444,335.91,0.4,0.37,2026-10-08,801,N,VIIRS,n,2.0NRT,303.06,3.76,D,VIIRS_SNPP_NRT,,0,,,New / No Local History
22.66452,77.32723,336.39,0.47,0.39,2026-10-08,801,N,VIIRS,n,2.0NRT,309.19,3.75,D,VIIRS_SNPP_NRT,,0,,,New / No Local History
15.25426,78.12886,335.98,0.42,0.37,2026-10-08,818,N20,VIIRS,n,2.0NRT,304.86,3.74,D,VIIRS_NOAA20_NRT,,0,,,New / No Local History
21.92353,83.35155,331.48,0.42,0.38,2026-10-08,801,N,VIIRS,l,2.0NRT,302.76,3.74,D,VIIRS_SNPP_NRT,2.8140740740740737,27,0.008311420255609561,32.90339563042908,Persistent / Stable
22.63982,77.22931,342.02,0.47,0.4,2026-10-08,801,N,VIIRS,n,2.0NRT,306.36,3.74,D,VIIRS_SNPP_NRT,,0,,,New / No Local History
20.96906,86.01566,318.95,0.39,0.44,2026-10-08,2027,N,VIIRS,n,2.0NRT,294.26,3.74,N,VIIRS_SNPP_NRT,3.646862745098037,51,0.040672582104163545,2.5539007473520736,Persistent / Stable
20.96976,86.01196,338.03,0.39,0.44,2026-10-08,2027,N,VIIRS,n,2.0NRT,294.51,3.74,N,VIIRS_SNPP_NRT,3.6050943396226396,53,0.01563890415882473,3.7420840529649433,Persistent / Stable
26.28276,71.09413,348.84,0.41,0.37,2026-10-08,820,N20,VIIRS,n,2.0NRT,314.32,3.73,D,VIIRS_NOAA20_NRT,,0,,,New / No Local History
26.29432,71.10024,343.65,0.41,0.37,2026-10-08,820,N20,VIIRS,l,2.0NRT,315.82,3.73,D,VIIRS_NOAA20_NRT,,0,,,New / No Local History
26.295,71.10435,352.4,0.41,0.37,2026-10-08,820,N20,VIIRS,n,2.0NRT,313.46,3.73,D,VIIRS_NOAA20_NRT,,0,,,New / No Local History
26.29771,71.09953,348.35,0.41,0.37,2026-10-08,820,N20,VIIRS,n,2.0NRT,314.5,3.73,D,VIIRS_NOAA20_NRT,,0,,,New / No Local History
26.2984,71.10364,355.04,0.41,0.37,2026-10-08,820,N20,VIIRS,l,2.0NRT,313.35,3.73,D,VIIRS_NOAA20_NRT,,0,,,New / No Local History
23.98163,77.60454,335.09,0.44,0.38,2026-10-08,801,N,VIIRS,l,2.0NRT,308.76,3.73,D,VIIRS_SNPP_NRT,,0,,,New / No Local History
27.05873,78.65186,340.31,0.39,0.44,2026-10-08,820,N20,VIIRS,n,2.0NRT,302.35,3.71,D,VIIRS_NOAA20_NRT,,0,,,New / No Local History
31.76967,74.9464,334.49,0.44,0.39,2026-10-08,822,N20,VIIRS,n,2.0NRT,298.53,3.71,D,VIIRS_NOAA20_NRT,,0,,,New / No Local History
22.19312,75.44505,342.88,0.39,0.44,2026-10-08,801,N,VIIRS,n,2.0NRT,310.22,3.71,D,VIIRS_SNPP_NRT,,0,,,New / No Local History
21.99852,75.54324,336.05,0.39,0.36,2026-10-08,820,N20,VIIRS,l,2.0NRT,310.42,3.7,D,VIIRS_NOAA20_NRT,,0,,,New / No Local History
21.24856,79.21165,315.91,0.54,0.51,2026-10-08,1951,N21,VIIRS,n,2.0NRT,295.01,3.69,N,VIIRS_NOAA21_NRT,1.19375,8,0.025909759682379324,209.109947643979,Abnormal Increase
31.76969,74.94802,334.48,0.44,0.39,2026-10-08,822,N20,VIIRS,n,2.0NRT,297.18,3.69,D,VIIRS_NOAA20_NRT,,0,,,New / No Local History
12.04899,76.83311,331.55,0.48,0.48,2026-10-08,758,N,VIIRS,n,2.0NRT,296.3,3.69,D,VIIRS_SNPP_NRT,,0,,,New / No Local History
11.78291,76.96029,331.47,0.62,0.71,2026-10-08,720,N21,VIIRS,n,2.0NRT,291.95,3.68,D,VIIRS_NOAA21_NRT,,0,,,New / No Local History
15.18302,78.55349,330.52,0.41,0.61,2026-10-08,722,N21,VIIRS,n,2.0NRT,295.05,3.68,D,VIIRS_NOAA21_NRT,,0,,,New / No Local History
26.29287,71.0495,341.2,0.42,0.37,2026-10-08,820,N20,VIIRS,l,2.0NRT,313.49,3.67,D,VIIRS_NOAA20_NRT,,0,,,New / No Local History
26.29696,71.05289,347.25,0.42,0.37,2026-10-08,820,N20,VIIRS,n,2.0NRT,314.56,3.67,D,VIIRS_NOAA20_NRT,,0,,,New / No Local History
24.58998,78.05898,330.98,0.58,0.52,2026-10-08,724,N21,VIIRS,n,2.0NRT,305.92,3.66,D,VIIRS_NOAA21_NRT,,0,,,New / No Local History
25.46964,71.09515,340.88,0.42,0.38,2026-10-08,820,N20,VIIRS,l,2.0NRT,315.65,3.66,D,VIIRS_NOAA20_NRT,,0,,,New / No Local History
31.78629,74.65812,336.19,0.43,0.38,2026-10-08,822,N20,VIIRS,n,2.0NRT,298.1,3.65,D,VIIRS_NOAA20_NRT,,0,,,New / No Local History
28.06896,77.62054,348.23,0.4,0.37,2026-10-08,803,N,VIIRS,n,2.0NRT,303.72,3.64,D,VIIRS_SNPP_NRT,,0,,,New / No Local History
28.07232,77.61983,333.32,0.4,0.37,2026-10-08,803,N,VIIRS,n,2.0NRT,302.71,3.64,D,VIIRS_SNPP_NRT,,0,,,New / No Local History
18.8757,78.26721,332.45,0.45,0.39,2026-10-08,818,N20,VIIRS,l,2.0NRT,306.15,3.62,D,VIIRS_NOAA20_NRT,,0,,,New / No Local History
23.19444,69.78484,332.26,0.72,0.76,2026-10-08,939,N,VIIRS,n,2.0NRT,299.64,3.62,D,VIIRS_SNPP_NRT,,0,,,New / No Local History
16.72251,80.36224,336.18,0.41,0.37,2026-10-08,758,N,VIIRS,n,2.0NRT,304.54,3.61,D,VIIRS_SNPP_NRT,,0,,,New / No Local History
22.68289,77.19696,335.28,0.47,0.4,2026-10-08,801,N,VIIRS,n,2.0NRT,305.96,3.61,D,VIIRS_SNPP_NRT,,0,,,New / No Local History
18.67683,77.76442,339.69,0.4,0.6,2026-10-08,722,N21,VIIRS,n,2.0NRT,298.98,3.6,D,VIIRS_NOAA21_NRT,,0,,,New / No Local History
25.21819,76.12865,339.0,0.43,0.38,2026-10-08,820,N20,VIIRS,n,2.0NRT,311.65,3.59,D,VIIRS_NOAA20_NRT,,0,,,New / No Local History
22.37651,87.28284,307.86,0.38,0.36,2026-10-08,1951,N21,VIIRS,n,2.0NRT,293.16,3.58,N,VIIRS_NOAA21_NRT,3.285436893203884,103,0.011427286059336938,8.965721040189111,Persistent / Stable
22.37709,87.27915,347.11,0.38,0.36,2026-10-08,1951,N21,VIIRS,n,2.0NRT,298.42,3.58,N,VIIRS_NOAA21_NRT,3.5174666666666674,75,0.008358774818844615,1.7777946249194303,Persistent / Stable
18.94626,78.42188,333.57,0.46,0.39,2026-10-08,818,N20,VIIRS,l,2.0NRT,304.1,3.58,D,VIIRS_NOAA20_NRT,,0,,,New / No Local History
18.81676,78.39951,333.34,0.46,0.39,2026-10-08,818,N20,VIIRS,n,2.0NRT,301.69,3.57,D,VIIRS_NOAA20_NRT,,0,,,New / No Local History
22.62571,75.20703,340.46,0.4,0.44,2026-10-08,801,N,VIIRS,l,2.0NRT,311.68,3.57,D,VIIRS_SNPP_NRT,,0,,,New / No Local History
22.48661,76.67596,332.28,0.39,0.59,2026-10-08,724,N21,VIIRS,l,2.0NRT,304.72,3.56,D,VIIRS_NOAA21_NRT,,0,,,New / No Local History
22.65747,76.44576,334.75,0.42,0.38,2026-10-08,820,N20,VIIRS,l,2.0NRT,308.46,3.56,D,VIIRS_NOAA20_NRT,,0,,,New / No Local History
24.00665,78.07079,340.59,0.42,0.38,2026-10-08,801,N,VIIRS,n,2.0NRT,306.84,3.54,D,VIIRS_SNPP_NRT,,0,,,New / No Local History
14.87262,78.05327,338.45,0.41,0.37,2026-10-08,818,N20,VIIRS,n,2.0NRT,303.9,3.53,D,VIIRS_NOAA20_NRT,1.92,3,0.042998807960102386,83.85416666666666,Abnormal Increase
21.09902,72.63531,309.05,0.47,0.64,2026-10-08,2131,N21,VIIRS,n,2.0NRT,295.04,3.52,N,VIIRS_NOAA21_NRT,4.870454545454545,154,0.009283322399699754,-27.727484834344374,Persistent / Stable
21.10472,72.63686,324.29,0.47,0.64,2026-10-08,2131,N21,VIIRS,n,2.0NRT,296.13,3.52,N,VIIRS_NOAA21_NRT,4.8750967741935485,155,0.0032900583927678436,-27.79630511883966,Persistent / Stable
14.87277,78.05316,336.82,0.41,0.37,2026-10-08,818,N20,VIIRS,n,2.0NRT,303.27,3.52,D,VIIRS_NOAA20_NRT,1.92,3,0.031173586919586035,83.33333333333334,Abnormal Increase
22.06551,75.07376,340.48,0.39,0.36,2026-10-08,820,N20,VIIRS,n,2.0NRT,310.18,3.52,D,VIIRS_NOAA20_NRT,,0,,,New / No Local History
20.78563,85.26137,322.32,0.4,0.37,2026-10-08,1951,N21,VIIRS,n,2.0NRT,296.6,3.51,N,VIIRS_NOAA21_NRT,4.153833333333335,60,0.008014185946161176,-15.499739196725951,Persistent / Stable
20.78897,85.26192,332.56,0.4,0.37,2026-10-08,1951,N21,VIIRS,n,2.0NRT,296.64,3.51,N,VIIRS_NOAA21_NRT,4.153833333333335,60,0.014583367284678078,-15.499739196725951,Persistent / Stable
20.78952,85.25815,318.43,0.4,0.37,2026-10-08,1951,N21,VIIRS,n,2.0NRT,294.95,3.51,N,VIIRS_NOAA21_NRT,4.153833333333335,60,0.03431436082253379,-15.499739196725951,Persistent / Stable
15.10529,75.57804,340.45,0.39,0.36,2026-10-08,818,N20,VIIRS,n,2.0NRT,311.12,3.51,D,VIIRS_NOAA20_NRT,,0,,,New / No Local History
24.6375,76.76913,336.67,0.47,0.39,2026-10-08,801,N,VIIRS,n,2.0NRT,308.7,3.51,D,VIIRS_SNPP_NRT,,0,,,New / No Local History
15.18301,76.66888,313.14,0.43,0.38,2026-10-08,2029,N,VIIRS,n,2.0NRT,295.77,3.51,N,VIIRS_SNPP_NRT,2.4380701754385976,228,0.009794855077847773,43.966323666978404,Persistent / Stable
23.71296,86.45177,333.16,0.38,0.36,2026-10-08,724,N21,VIIRS,n,2.0NRT,299.58,3.5,D,VIIRS_NOAA21_NRT,2.621967213114753,61,0.0031713286126048273,33.48755783418787,Persistent / Stable
21.10848,72.64713,311.41,0.47,0.64,2026-10-08,2131,N21,VIIRS,n,2.0NRT,296.59,3.5,N,VIIRS_NOAA21_NRT,4.8750967741935485,155,0.0061714819090483,-28.206553385209887,Persistent / Stable
21.7572,84.02299,317.13,0.37,0.58,2026-10-08,2049,N20,VIIRS,n,2.0NRT,292.53,3.5,N,VIIRS_NOAA20_NRT,2.5425,24,0.0034385651575870612,37.65978367748279,Persistent / Stable
15.33853,76.27982,322.94,0.48,0.4,2026-10-08,2051,N20,VIIRS,n,2.0NRT,295.22,3.5,N,VIIRS_NOAA20_NRT,1.33375,32,0.030251264162704915,162.41799437675726,Abnormal Increase
22.36419,87.30141,323.97,0.44,0.46,2026-10-08,2027,N,VIIRS,n,2.0NRT,292.86,3.48,N,VIIRS_SNPP_NRT,2.7215789473684215,57,0.010071835454212686,27.866950299748574,Persistent / Stable
20.97093,85.15193,302.66,0.73,0.76,2026-10-08,1908,N20,VIIRS,n,2.0NRT,288.7,3.47,N,VIIRS_NOAA20_NRT,3.3675,60,0.008771204501193265,3.043801039346697,Persistent / Stable
23.16824,82.34432,330.32,0.4,0.37,2026-10-08,801,N,VIIRS,n,2.0NRT,298.62,3.47,D,VIIRS_SNPP_NRT,1.913076923076923,13,0.06548230311510095,81.38319260152798,Abnormal Increase
20.95076,86.04662,324.51,0.39,0.44,2026-10-08,2027,N,VIIRS,n,2.0NRT,293.29,3.47,N,VIIRS_SNPP_NRT,3.456785714285715,28,0.013526669787667322,0.382270895753678,Persistent / Stable
26.71814,79.75539,336.63,0.42,0.45,2026-10-08,724,N21,VIIRS,n,2.0NRT,296.42,3.46,D,VIIRS_NOAA21_NRT,,0,,,New / No Local History
22.3584,82.30473,309.48,0.54,0.42,2026-10-08,1951,N21,VIIRS,n,2.0NRT,296.19,3.46,N,VIIRS_NOAA21_NRT,3.8262500000000004,24,0.01760963306212615,-9.572035282587398,Persistent / Stable
28.38234,76.26847,336.99,0.44,0.38,2026-10-08,803,N,VIIRS,n,2.0NRT,308.18,3.46,D,VIIRS_SNPP_NRT,,0,,,New / No Local History
20.79098,85.25857,313.97,0.53,0.42,2026-10-08,2027,N,VIIRS,n,2.0NRT,294.12,3.45,N,VIIRS_SNPP_NRT,4.153833333333335,60,0.009575244740940285,-16.94418809934601,Persistent / Stable
26.27798,71.08663,342.9,0.41,0.37,2026-10-08,820,N20,VIIRS,l,2.0NRT,314.04,3.44,D,VIIRS_NOAA20_NRT,,0,,,New / No Local History
26.28138,71.08592,350.09,0.41,0.37,2026-10-08,820,N20,VIIRS,n,2.0NRT,314.03,3.44,D,VIIRS_NOAA20_NRT,,0,,,New / No Local History
26.28207,71.09003,350.71,0.41,0.37,2026-10-08,820,N20,VIIRS,n,2.0NRT,314.35,3.44,D,VIIRS_NOAA20_NRT,,0,,,New / No Local History
24.93551,76.29664,341.15,0.48,0.4,2026-10-08,801,N,VIIRS,n,2.0NRT,305.95,3.44,D,VIIRS_SNPP_NRT,,0,,,New / No Local History
18.75143,78.24564,333.81,0.37,0.58,2026-10-08,722,N21,VIIRS,n,2.0NRT,298.97,3.43,D,VIIRS_NOAA21_NRT,,0,,,New / No Local History
23.3931,76.93484,340.09,0.44,0.38,2026-10-08,820,N20,VIIRS,l,2.0NRT,310.32,3.43,D,VIIRS_NOAA20_NRT,,0,,,New / No Local History
25.21642,76.12821,338.97,0.43,0.38,2026-10-08,820,N20,VIIRS,l,2.0NRT,311.54,3.42,D,VIIRS_NOAA20_NRT,,0,,,New / No Local History
22.79579,86.20805,318.54,0.56,0.43,2026-10-08,2027,N,VIIRS,n,2.0NRT,290.5,3.42,N,VIIRS_SNPP_NRT,2.479821428571428,56,0.015212031037236735,37.91315618924177,Persistent / Stable
21.10282,72.64668,319.12,0.47,0.64,2026-10-08,2131,N21,VIIRS,n,2.0NRT,295.88,3.41,N,VIIRS_NOAA21_NRT,4.8750967741935485,155,0.005020570413297673,-30.05267058387592,Persistent / Stable
21.10382,72.64234,309.5,0.47,0.64,2026-10-08,2131,N21,VIIRS,n,2.0NRT,295.33,3.41,N,VIIRS_NOAA21_NRT,4.8750967741935485,155,0.0031256979779216596,-30.05267058387592,Persistent / Stable
20.79192,85.25344,316.58,0.53,0.42,2026-10-08,2027,N,VIIRS,n,2.0NRT,293.33,3.41,N,VIIRS_SNPP_NRT,4.153833333333335,60,0.007391985632005609,-17.90715403442606,Persistent / Stable
20.79576,85.25423,330.22,0.53,0.42,2026-10-08,2027,N,VIIRS,n,2.0NRT,293.91,3.41,N,VIIRS_SNPP_NRT,4.153833333333335,60,0.005508408567066701,-17.90715403442606,Persistent / Stable
15.1756,76.65349,322.34,0.51,0.41,2026-10-08,2051,N20,VIIRS,n,2.0NRT,295.74,3.4,N,VIIRS_NOAA20_NRT,2.6454597701149427,174,0.008926810843276912,28.522082944102873,Persistent / Stable
24.20233,77.60173,330.85,0.44,0.38,2026-10-08,801,N,VIIRS,l,2.0NRT,305.33,3.4,D,VIIRS_SNPP_NRT,,0,,,New / No Local History
23.76546,86.39286,328.7,0.38,0.36,2026-10-08,724,N21,VIIRS,l,2.0NRT,302.92,3.39,D,VIIRS_NOAA21_NRT,2.2241216216216215,148,0.026279005418811997,52.41972233192577,Abnormal Increase
20.88743,84.97926,310.52,0.75,0.77,2026-10-08,1908,N20,VIIRS,n,2.0NRT,288.1,3.39,N,VIIRS_NOAA20_NRT,3.030933333333333,75,0.003121514522983975,11.846735878937196,Persistent / Stable
21.34645,81.66534,328.58,0.39,0.36,2026-10-08,2027,N,VIIRS,n,2.0NRT,295.68,3.39,N,VIIRS_SNPP_NRT,2.842727272727273,11,0.015473736304032624,19.251678925487674,Persistent / Stable
23.3378,77.45387,335.69,0.33,0.56,2026-10-08,724,N21,VIIRS,n,2.0NRT,304.41,3.38,D,VIIRS_NOAA21_NRT,,0,,,New / No Local History
28.23754,77.47572,331.12,0.52,0.42,2026-10-08,822,N20,VIIRS,n,2.0NRT,298.69,3.38,D,VIIRS_NOAA20_NRT,,0,,,New / No Local History
22.21451,84.86602,334.78,0.49,0.4,2026-10-08,801,N,VIIRS,n,2.0NRT,301.29,3.37,D,VIIRS_SNPP_NRT,2.4099999999999993,23,0.03502562065281145,39.83402489626561,Persistent / Stable
24.98699,77.12998,340.72,0.45,0.39,2026-10-08,801,N,VIIRS,n,2.0NRT,307.27,3.37,D,VIIRS_SNPP_NRT,,0,,,New / No Local History
20.97977,85.13494,314.13,0.52,0.42,2026-10-08,2027,N,VIIRS,n,2.0NRT,293.92,3.37,N,VIIRS_SNPP_NRT,3.153809523809524,21,0.0060993903380650825,6.854899592329755,Persistent / Stable
21.10853,72.64822,307.16,0.47,0.64,2026-10-08,2131,N21,VIIRS,n,2.0NRT,296.54,3.36,N,VIIRS_NOAA21_NRT,4.8750967741935485,155,0.00752608672536004,-31.0782912498015,Persistent / Stable
13.08784,79.94946,333.71,0.47,0.4,2026-10-08,816,N20,VIIRS,n,2.0NRT,298.74,3.36,D,VIIRS_NOAA20_NRT,,0,,,New / No Local History
20.96293,86.00613,322.57,0.51,0.66,2026-10-08,2049,N20,VIIRS,n,2.0NRT,289.78,3.35,N,VIIRS_NOAA20_NRT,3.830652173913042,46,0.019421310606823342,-12.54752851711023,Persistent / Stable
20.96772,86.01257,332.71,0.51,0.66,2026-10-08,2049,N20,VIIRS,n,2.0NRT,290.87,3.35,N,VIIRS_NOAA20_NRT,3.736938775510202,49,0.01166554954603353,-10.354431762328606,Persistent / Stable
20.96884,86.00782,310.82,0.51,0.66,2026-10-08,2049,N20,VIIRS,n,2.0NRT,290.36,3.35,N,VIIRS_NOAA20_NRT,3.646862745098037,51,0.008092091811138444,-8.140222592612451,Persistent / Stable
23.77455,86.36459,322.03,0.55,0.43,2026-10-08,2027,N,VIIRS,n,2.0NRT,292.02,3.35,N,VIIRS_SNPP_NRT,1.9622641509433965,53,0.006084027165403347,70.72115384615383,Abnormal Increase
18.88753,77.8997,330.61,0.39,0.59,2026-10-08,722,N21,VIIRS,l,2.0NRT,302.47,3.34,D,VIIRS_NOAA21_NRT,,0,,,New / No Local History
21.19462,81.39789,328.75,0.39,0.44,2026-10-08,1951,N21,VIIRS,n,2.0NRT,296.19,3.34,N,VIIRS_NOAA21_NRT,2.72344827586207,29,0.04043333337613561,22.63864269435295,Persistent / Stable
26.29027,71.11807,340.75,0.41,0.37,2026-10-08,820,N20,VIIRS,l,2.0NRT,313.07,3.34,D,VIIRS_NOAA20_NRT,,0,,,New / No Local History
26.29096,71.12217,348.05,0.41,0.37,2026-10-08,820,N20,VIIRS,n,2.0NRT,315.12,3.34,D,VIIRS_NOAA20_NRT,,0,,,New / No Local History
26.29366,71.11737,356.57,0.41,0.37,2026-10-08,820,N20,VIIRS,l,2.0NRT,313.59,3.34,D,VIIRS_NOAA20_NRT,,0,,,New / No Local History
26.29435,71.12147,356.55,0.41,0.37,2026-10-08,820,N20,VIIRS,l,2.0NRT,314.18,3.34,D,VIIRS_NOAA20_NRT,,0,,,New / No Local History
25.12415,77.69347,337.72,0.42,0.38,2026-10-08,801,N,VIIRS,n,2.0NRT,309.05,3.34,D,VIIRS_SNPP_NRT,,0,,,New / No Local History
26.45073,77.67572,336.14,0.41,0.37,2026-10-08,803,N,VIIRS,n,2.0NRT,308.66,3.34,D,VIIRS_SNPP_NRT,,0,,,New / No Local History
21.9215,83.35303,317.13,0.47,0.4,2026-10-08,1951,N21,VIIRS,n,2.0NRT,295.66,3.33,N,VIIRS_NOAA21_NRT,2.8140740740740737,27,0.004266939094800834,18.33377204527509,Persistent / Stable
21.92213,83.34851,329.65,0.47,0.4,2026-10-08,1951,N21,VIIRS,n,2.0NRT,295.66,3.33,N,VIIRS_NOAA21_NRT,2.8140740740740737,27,0.021722346868031758,18.33377204527509,Persistent / Stable
16.02163,74.82925,338.97,0.39,0.36,2026-10-08,818,N20,VIIRS,n,2.0NRT,309.13,3.33,D,VIIRS_NOAA20_NRT,,0,,,New / No Local History
25.76081,75.34058,338.57,0.41,0.37,2026-10-08,820,N20,VIIRS,l,2.0NRT,312.45,3.33,D,VIIRS_NOAA20_NRT,,0,,,New / No Local History
25.07033,77.27409,336.65,0.44,0.38,2026-10-08,801,N,VIIRS,n,2.0NRT,308.57,3.33,D,VIIRS_SNPP_NRT,,0,,,New / No Local History
21.18753,81.38928,310.09,0.39,0.44,2026-10-08,1951,N21,VIIRS,n,2.0NRT,296.62,3.32,N,VIIRS_NOAA21_NRT,2.7287500000000002,24,0.03566967190050016,21.667430142006395,Persistent / Stable
20.96997,86.00304,305.28,0.51,0.66,2026-10-08,2049,N20,VIIRS,n,2.0NRT,290.64,3.32,N,VIIRS_NOAA20_NRT,3.673199999999998,50,0.012478149308339008,-9.615594032451218,Persistent / Stable
18.72158,79.53816,313.05,0.44,0.46,2026-10-08,2051,N20,VIIRS,n,2.0NRT,297.6,3.32,N,VIIRS_NOAA20_NRT,1.7500000000000002,13,0.007425676236216535,89.71428571428568,Abnormal Increase
24.90036,76.9247,343.41,0.34,0.56,2026-10-08,724,N21,VIIRS,n,2.0NRT,307.02,3.31,D,VIIRS_NOAA21_NRT,,0,,,New / No Local History
21.09912,72.63647,312.04,0.47,0.64,2026-10-08,2131,N21,VIIRS,n,2.0NRT,295.24,3.31,N,VIIRS_NOAA21_NRT,4.8750967741935485,155,0.0022693434021455626,-32.10391191572707,Persistent / Stable
21.10482,72.638,309.97,0.47,0.64,2026-10-08,2131,N21,VIIRS,n,2.0NRT,295.75,3.31,N,VIIRS_NOAA21_NRT,4.8750967741935485,155,0.00576412799830304,-32.10391191572707,Persistent / Stable
18.77667,78.44077,334.65,0.46,0.39,2026-10-08,818,N20,VIIRS,n,2.0NRT,303.63,3.31,D,VIIRS_NOAA20_NRT,,0,,,New / No Local History
22.78824,86.20504,324.84,0.48,0.65,2026-10-08,2049,N20,VIIRS,n,2.0NRT,287.17,3.31,N,VIIRS_NOAA20_NRT,2.479821428571428,56,0.026721591374753384,33.47735291999715,Persistent / Stable
15.18289,76.66875,336.91,0.39,0.36,2026-10-08,818,N20,VIIRS,n,2.0NRT,306.51,3.3,D,VIIRS_NOAA20_NRT,2.4380701754385976,228,0.004514255675295646,35.352953874936965,Persistent / Stable
22.21391,84.87064,321.39,0.49,0.4,2026-10-08,2027,N,VIIRS,n,2.0NRT,291.29,3.3,N,VIIRS_SNPP_NRT,2.4099999999999993,23,0.024747698071835016,36.929460580912895,Persistent / Stable
14.65918,79.72477,341.53,0.35,0.57,2026-10-08,720,N21,VIIRS,n,2.0NRT,293.29,3.29,D,VIIRS_NOAA21_NRT,3.1683333333333334,6,1.2555345345251088,3.8400841662282983,Persistent / Stable
22.03798,83.35373,310.68,0.47,0.4,2026-10-08,1951,N21,VIIRS,n,2.0NRT,293.71,3.29,N,VIIRS_NOAA21_NRT,1.5653846153846156,13,0.007925392315402333,110.17199017199016,Abnormal Increase
22.33414,76.97623,331.96,0.38,0.58,2026-10-08,724,N21,VIIRS,l,2.0NRT,306.09,3.28,D,VIIRS_NOAA21_NRT,,0,,,New / No Local History
15.1672,76.37887,317.39,0.35,0.56,2026-10-08,1953,N21,VIIRS,n,2.0NRT,294.1,3.28,N,VIIRS_NOAA21_NRT,1.3534615384615383,26,0.005939326452243391,142.3415743108838,Abnormal Increase
26.33672,71.07899,339.13,0.41,0.37,2026-10-08,820,N20,VIIRS,l,2.0NRT,313.25,3.27,D,VIIRS_NOAA20_NRT,,0,,,New / No Local History
20.96887,86.00739,316.6,0.65,0.73,2026-10-08,1908,N20,VIIRS,n,2.0NRT,290.23,3.27,N,VIIRS_NOAA20_NRT,3.646862745098037,51,0.013164541305047192,-10.33388891875902,Persistent / Stable
20.96933,86.00121,302.84,0.65,0.73,2026-10-08,1908,N20,VIIRS,n,2.0NRT,289.72,3.27,N,VIIRS_NOAA20_NRT,3.6828571428571406,49,0.03015388047494554,-11.210240496508867,Persistent / Stable
20.96847,85.15329,319.9,0.52,0.42,2026-10-08,2027,N,VIIRS,n,2.0NRT,293.5,3.27,N,VIIRS_SNPP_NRT,3.3524285714285726,70,0.047867309578894596,-2.4587718924447444,Persistent / Stable
26.95947,79.31641,332.42,0.43,0.46,2026-10-08,820,N20,VIIRS,n,2.0NRT,298.94,3.26,D,VIIRS_NOAA20_NRT,,0,,,New / No Local History
27.88623,77.9472,332.38,0.55,0.43,2026-10-08,822,N20,VIIRS,n,2.0NRT,297.78,3.26,D,VIIRS_NOAA20_NRT,,0,,,New / No Local History
15.62777,78.09583,337.33,0.44,0.62,2026-10-08,722,N21,VIIRS,n,2.0NRT,299.25,3.25,D,VIIRS_NOAA21_NRT,,0,,,New / No Local History
14.40415,76.61339,332.69,0.39,0.36,2026-10-08,818,N20,VIIRS,n,2.0NRT,301.96,3.24,D,VIIRS_NOAA20_NRT,,0,,,New / No Local History
26.39909,71.01066,351.34,0.42,0.37,2026-10-08,820,N20,VIIRS,n,2.0NRT,316.74,3.24,D,VIIRS_NOAA20_NRT,,0,,,New / No Local History
26.39978,71.01478,341.29,0.42,0.37,2026-10-08,820,N20,VIIRS,l,2.0NRT,316.25,3.24,D,VIIRS_NOAA20_NRT,,0,,,New / No Local History
27.9768,77.66914,330.63,0.53,0.42,2026-10-08,822,N20,VIIRS,n,2.0NRT,300.19,3.24,D,VIIRS_NOAA20_NRT,,0,,,New / No Local History
23.7735,86.19574,330.47,0.4,0.44,2026-10-08,801,N,VIIRS,n,2.0NRT,295.0,3.24,D,VIIRS_SNPP_NRT,3.051874999999999,48,0.011532399507292318,6.164243293057589,Persistent / Stable
15.02115,78.01505,332.3,0.41,0.37,2026-10-08,818,N20,VIIRS,l,2.0NRT,304.58,3.23,D,VIIRS_NOAA20_NRT,1.760526315789474,19,0.030070772004293544,83.46786248131536,Abnormal Increase
16.94353,78.38289,344.22,0.44,0.38,2026-10-08,818,N20,VIIRS,n,2.0NRT,299.09,3.23,D,VIIRS_NOAA20_NRT,,0,,,New / No Local History
26.31357,71.06683,342.04,0.41,0.37,2026-10-08,820,N20,VIIRS,l,2.0NRT,314.04,3.23,D,VIIRS_NOAA20_NRT,,0,,,New / No Local History
26.31696,71.06612,345.5,0.41,0.37,2026-10-08,820,N20,VIIRS,n,2.0NRT,314.45,3.23,D,VIIRS_NOAA20_NRT,,0,,,New / No Local History
22.37528,87.27975,307.45,0.57,0.69,2026-10-08,2049,N20,VIIRS,n,2.0NRT,288.63,3.23,N,VIIRS_NOAA20_NRT,3.405802469135804,81,0.002697597438231086,-5.161851596766636,Persistent / Stable
23.29123,79.70686,332.17,0.49,0.48,2026-10-08,724,N21,VIIRS,l,2.0NRT,303.12,3.22,D,VIIRS_NOAA21_NRT,,0,,,New / No Local History
15.17743,76.65497,331.55,0.39,0.36,2026-10-08,818,N20,VIIRS,l,2.0NRT,304.55,3.22,D,VIIRS_NOAA20_NRT,2.6316574585635366,181,0.008832899252369337,22.356349589570232,Persistent / Stable
23.82659,79.19104,330.16,0.38,0.43,2026-10-08,820,N20,VIIRS,l,2.0NRT,302.27,3.22,D,VIIRS_NOAA20_NRT,,0,,,New / No Local History
26.29706,71.11667,349.66,0.41,0.37,2026-10-08,820,N20,VIIRS,n,2.0NRT,313.57,3.22,D,VIIRS_NOAA20_NRT,,0,,,New / No Local History
26.29774,71.12077,342.58,0.41,0.37,2026-10-08,820,N20,VIIRS,l,2.0NRT,315.15,3.22,D,VIIRS_NOAA20_NRT,,0,,,New / No Local History
22.79038,86.1961,305.46,0.48,0.65,2026-10-08,2049,N20,VIIRS,n,2.0NRT,287.44,3.22,N,VIIRS_NOAA20_NRT,2.479821428571428,56,0.004655545603391923,29.848059336069742,Persistent / Stable
22.37576,87.27805,331.82,0.38,0.36,2026-10-08,722,N21,VIIRS,n,2.0NRT,299.87,3.21,D,VIIRS_NOAA21_NRT,3.552676056338029,71,0.015727115830778685,-9.645575642245499,Persistent / Stable
22.37631,87.28175,332.53,0.38,0.36,2026-10-08,722,N21,VIIRS,n,2.0NRT,298.58,3.21,D,VIIRS_NOAA21_NRT,3.2554639175257742,97,0.005111242826932472,-1.3965418962569205,Persistent / Stable
22.37905,87.27747,333.94,0.38,0.36,2026-10-08,722,N21,VIIRS,n,2.0NRT,298.17,3.21,D,VIIRS_NOAA21_NRT,3.552676056338029,71,0.019040303244400165,-9.645575642245499,Persistent / Stable
22.04291,83.728,321.12,0.46,0.39,2026-10-08,1951,N21,VIIRS,n,2.0NRT,294.02,3.21,N,VIIRS_NOAA21_NRT,1.5490000000000002,10,0.014409909772792908,107.23047127178822,Abnormal Increase
21.19242,81.39899,317.19,0.51,0.5,2026-10-08,2049,N20,VIIRS,n,2.0NRT,293.94,3.21,N,VIIRS_NOAA20_NRT,2.666250000000001,32,0.07371933148104037,20.393811533051988,Persistent / Stable
15.34238,79.72704,335.65,0.49,0.4,2026-10-08,818,N20,VIIRS,n,2.0NRT,300.61,3.2,D,VIIRS_NOAA20_NRT,,0,,,New / No Local History
22.68276,77.19469,334.34,0.47,0.4,2026-10-08,801,N,VIIRS,n,2.0NRT,306.13,3.2,D,VIIRS_SNPP_NRT,,0,,,New / No Local History
23.79647,86.35265,328.87,0.38,0.36,2026-10-08,724,N21,VIIRS,n,2.0NRT,297.29,3.18,D,VIIRS_NOAA21_NRT,1.9421818181818187,55,0.0015137597135377033,63.73338326156147,Abnormal Increase
24.81806,73.09412,307.49,0.41,0.61,2026-10-08,2131,N21,VIIRS,n,2.0NRT,296.98,3.18,N,VIIRS_NOAA21_NRT,0.9616666666666668,6,0.07483169868319174,230.6759098786828,Abnormal Increase
21.74609,83.84406,336.62,0.44,0.38,2026-10-08,801,N,VIIRS,n,2.0NRT,305.3,3.18,D,VIIRS_SNPP_NRT,4.736385542168675,83,0.0012032449005044865,-32.860195360195355,Persistent / Stable
21.74962,83.84353,330.95,0.44,0.38,2026-10-08,801,N,VIIRS,l,2.0NRT,304.4,3.18,D,VIIRS_SNPP_NRT,4.736385542168675,83,0.007075733582464714,-32.860195360195355,Persistent / Stable
27.48928,77.39196,333.23,0.51,0.41,2026-10-08,820,N20,VIIRS,n,2.0NRT,301.99,3.17,D,VIIRS_NOAA20_NRT,,0,,,New / No Local History
21.33623,78.96901,327.77,0.41,0.37,2026-10-08,2027,N,VIIRS,n,2.0NRT,296.99,3.17,N,VIIRS_SNPP_NRT,1.755384615384615,13,0.024977585232015893,80.58720420683613,Abnormal Increase
16.85983,79.55433,343.59,0.33,0.55,2026-10-08,722,N21,VIIRS,n,2.0NRT,301.45,3.16,D,VIIRS_NOAA21_NRT,,0,,,New / No Local History
22.64196,77.2299,335.19,0.36,0.57,2026-10-08,724,N21,VIIRS,n,2.0NRT,304.95,3.16,D,VIIRS_NOAA21_NRT,,0,,,New / No Local History
22.72249,77.31986,331.33,0.35,0.57,2026-10-08,724,N21,VIIRS,l,2.0NRT,302.29,3.16,D,VIIRS_NOAA21_NRT,,0,,,New / No Local History
14.14478,80.03999,332.65,0.49,0.4,2026-10-08,818,N20,VIIRS,l,2.0NRT,302.77,3.16,D,VIIRS_NOAA20_NRT,,0,,,New / No Local History
22.36656,87.01218,309.78,0.58,0.69,2026-10-08,1908,N20,VIIRS,n,2.0NRT,286.71,3.16,N,VIIRS_NOAA20_NRT,1.3695833333333332,24,0.19846214776322949,130.72710678430184,Abnormal Increase
23.80265,86.33109,343.52,0.39,0.36,2026-10-08,1949,N21,VIIRS,n,2.0NRT,296.15,3.15,N,VIIRS_NOAA21_NRT,2.3069230769230784,65,0.0046534139723606515,36.545515171723814,Persistent / Stable
23.80322,86.32729,313.9,0.39,0.36,2026-10-08,1949,N21,VIIRS,n,2.0NRT,294.71,3.15,N,VIIRS_NOAA21_NRT,2.4190566037735852,53,0.017300434309338746,30.216051790031955,Persistent / Stable
23.80597,86.33167,311.13,0.39,0.36,2026-10-08,1949,N21,VIIRS,n,2.0NRT,293.58,3.15,N,VIIRS_NOAA21_NRT,2.3069230769230784,65,0.006148035778016318,36.545515171723814,Persistent / Stable
21.33563,78.9701,317.39,0.56,0.51,2026-10-08,1951,N21,VIIRS,n,2.0NRT,295.12,3.15,N,VIIRS_NOAA21_NRT,1.755384615384615,13,0.02077593582078584,79.44785276073621,Abnormal Increase
21.74787,83.84264,333.48,0.35,0.57,2026-10-08,820,N20,VIIRS,n,2.0NRT,299.08,3.15,D,VIIRS_NOAA20_NRT,4.736385542168675,83,0.004209582712138722,-33.493589743589745,Persistent / Stable
21.75347,83.84563,332.28,0.35,0.57,2026-10-08,820,N20,VIIRS,n,2.0NRT,297.67,3.15,D,VIIRS_NOAA20_NRT,4.770121951219512,82,0.0036679562289591164,-33.96395244791,Persistent / Stable
22.36735,87.29859,309.55,0.55,0.68,2026-10-08,1908,N20,VIIRS,n,2.0NRT,287.61,3.15,N,VIIRS_NOAA20_NRT,3.274146341463416,82,0.008523725019475464,-3.7917163289631004,Persistent / Stable
23.54708,75.09483,336.7,0.39,0.44,2026-10-08,801,N,VIIRS,l,2.0NRT,310.2,3.15,D,VIIRS_SNPP_NRT,,0,,,New / No Local History
18.9491,78.77966,334.15,0.48,0.4,2026-10-08,818,N20,VIIRS,n,2.0NRT,303.08,3.14,D,VIIRS_NOAA20_NRT,,0,,,New / No Local History
23.68287,86.39409,303.28,0.65,0.73,2026-10-08,1906,N20,VIIRS,n,2.0NRT,287.44,3.13,N,VIIRS_NOAA20_NRT,3.0147826086956515,92,0.004345394765576825,3.821747908854937,Persistent / Stable
23.6917,87.10731,302.89,0.52,0.67,2026-10-08,2046,N20,VIIRS,n,2.0NRT,288.77,3.13,N,VIIRS_NOAA20_NRT,2.7293333333333334,60,0.05009235045018141,14.680019540791395,Persistent / Stable
31.51395,75.1564,333.44,0.45,0.39,2026-10-08,803,N,VIIRS,n,2.0NRT,298.46,3.13,D,VIIRS_SNPP_NRT,,0,,,New / No Local History
19.10032,73.05289,310.45,0.65,0.73,2026-10-08,1951,N21,VIIRS,n,2.0NRT,292.81,3.12,N,VIIRS_NOAA21_NRT,,0,,,New / No Local History
22.93213,69.69905,314.99,0.55,0.51,2026-10-08,2131,N21,VIIRS,n,2.0NRT,296.28,3.11,N,VIIRS_NOAA21_NRT,2.3864,25,0.024849672372864347,30.321823667448868,Persistent / Stable
24.89878,76.93583,337.92,0.46,0.39,2026-10-08,820,N20,VIIRS,l,2.0NRT,310.42,3.1,D,VIIRS_NOAA20_NRT,,0,,,New / No Local History
24.90178,76.93079,337.22,0.46,0.39,2026-10-08,820,N20,VIIRS,l,2.0NRT,309.99,3.1,D,VIIRS_NOAA20_NRT,,0,,,New / No Local History
27.80837,77.99588,333.03,0.55,0.43,2026-10-08,820,N20,VIIRS,n,2.0NRT,302.44,3.09,D,VIIRS_NOAA20_NRT,,0,,,New / No Local History
20.9678,85.16695,313.83,0.73,0.76,2026-10-08,1908,N20,VIIRS,n,2.0NRT,288.68,3.09,N,VIIRS_NOAA20_NRT,3.4839622641509425,106,0.02883490387419737,-11.307879772542629,Persistent / Stable
20.96832,85.15968,304.17,0.73,0.76,2026-10-08,1908,N20,VIIRS,n,2.0NRT,288.63,3.09,N,VIIRS_NOAA20_NRT,3.4188421052631557,95,0.09458636191279353,-9.618522737768966,Persistent / Stable
20.74696,75.30952,335.7,0.42,0.46,2026-10-08,801,N,VIIRS,n,2.0NRT,307.4,3.09,D,VIIRS_SNPP_NRT,,0,,,New / No Local History
27.60718,96.30028,330.75,0.41,0.37,2026-10-08,640,N20,VIIRS,n,2.0NRT,297.48,3.08,D,VIIRS_NOAA20_NRT,,0,,,New / No Local History
21.74818,83.84013,322.49,0.36,0.57,2026-10-08,2049,N20,VIIRS,n,2.0NRT,291.64,3.08,N,VIIRS_NOAA20_NRT,4.736385542168675,83,0.0022512323945016234,-34.97150997150997,Persistent / Stable
24.49981,74.73763,338.38,0.39,0.36,2026-10-08,820,N20,VIIRS,n,2.0NRT,308.84,3.07,D,VIIRS_NOAA20_NRT,,0,,,New / No Local History
27.7521,77.44506,336.89,0.41,0.37,2026-10-08,803,N,VIIRS,n,2.0NRT,300.99,3.07,D,VIIRS_SNPP_NRT,,0,,,New / No Local History
20.96834,85.15498,324.67,0.4,0.37,2026-10-08,1951,N21,VIIRS,n,2.0NRT,295.04,3.06,N,VIIRS_NOAA21_NRT,3.352727272727274,77,0.008221505158796697,-8.731019522776602,Persistent / Stable
14.36194,77.33143,334.96,0.39,0.36,2026-10-08,818,N20,VIIRS,n,2.0NRT,301.86,3.06,D,VIIRS_NOAA20_NRT,,0,,,New / No Local History
20.78795,85.25687,308.85,0.72,0.75,2026-10-08,1908,N20,VIIRS,n,2.0NRT,289.9,3.06,N,VIIRS_NOAA20_NRT,4.153833333333335,60,0.020110823714943167,-26.333105966376465,Persistent / Stable
23.67522,86.39704,308.96,0.55,0.43,2026-10-08,2027,N,VIIRS,n,2.0NRT,292.16,3.06,N,VIIRS_SNPP_NRT,3.0147826086956515,92,0.019872850930924855,1.4998557830978032,Persistent / Stable
15.53667,77.56838,333.87,0.4,0.37,2026-10-08,818,N20,VIIRS,n,2.0NRT,303.68,3.05,D,VIIRS_NOAA20_NRT,,0,,,New / No Local History
15.29387,78.06327,332.98,0.42,0.37,2026-10-08,818,N20,VIIRS,l,2.0NRT,306.35,3.04,D,VIIRS_NOAA20_NRT,,0,,,New / No Local History
25.40285,75.68693,333.75,0.51,0.41,2026-10-08,801,N,VIIRS,n,2.0NRT,303.8,3.04,D,VIIRS_SNPP_NRT,,0,,,New / No Local History
28.24981,77.35881,333.03,0.41,0.37,2026-10-08,803,N,VIIRS,n,2.0NRT,304.0,3.04,D,VIIRS_SNPP_NRT,,0,,,New / No Local History
20.86317,84.98891,326.29,0.44,0.63,2026-10-08,2049,N20,VIIRS,n,2.0NRT,290.09,3.02,N,VIIRS_NOAA20_NRT,3.015394736842105,76,0.003551513174073975,0.15272505127199765,Persistent / Stable
27.62153,77.44233,330.12,0.41,0.37,2026-10-08,803,N,VIIRS,l,2.0NRT,304.89,3.02,D,VIIRS_SNPP_NRT,,0,,,New / No Local History
18.68408,73.03188,310.95,0.51,0.49,2026-10-08,2029,N,VIIRS,n,2.0NRT,295.3,3.02,N,VIIRS_SNPP_NRT,2.30734693877551,49,0.014668694130121217,30.88625508579516,Persistent / Stable
21.76077,84.01984,311.21,0.44,0.38,2026-10-08,1951,N21,VIIRS,n,2.0NRT,295.49,3.01,N,VIIRS_NOAA21_NRT,2.5425,24,0.014483173333452415,18.387413962635193,Persistent / Stable
15.17933,76.65421,310.41,0.51,0.41,2026-10-08,2051,N20,VIIRS,n,2.0NRT,295.58,3.0,N,VIIRS_NOAA20_NRT,2.6307386363636365,176,0.006580687352298919,14.03641390034772,Persistent / Stable
26.37459,77.72555,333.83,0.41,0.37,2026-10-08,803,N,VIIRS,l,2.0NRT,307.08,3.0,D,VIIRS_SNPP_NRT,,0,,,New / No Local History
23.77557,86.2084,307.94,0.54,0.42,2026-10-08,2027,N,VIIRS,n,2.0NRT,291.48,3.0,N,VIIRS_SNPP_NRT,3.051874999999999,48,0.01642869153987309,-1.6997747286503877,Persistent / Stable
21.1029,72.65038,311.76,0.4,0.37,2026-10-08,2049,N20,VIIRS,n,2.0NRT,298.29,2.99,N,VIIRS_NOAA20_NRT,4.911307189542484,153,0.014248780400006178,-39.12007771848342,Persistent / Stable
21.10682,72.64714,332.57,0.4,0.37,2026-10-08,2049,N20,VIIRS,n,2.0NRT,304.35,2.99,N,VIIRS_NOAA20_NRT,4.8750967741935485,155,0.003126972970654825,-38.66788417765073,Persistent / Stable
31.71308,75.45775,329.73,0.43,0.38,2026-10-08,803,N,VIIRS,n,2.0NRT,296.79,2.99,D,VIIRS_SNPP_NRT,,0,,,New / No Local History
16.41634,79.57098,336.24,0.33,0.56,2026-10-08,722,N21,VIIRS,n,2.0NRT,304.8,2.98,D,VIIRS_NOAA21_NRT,,0,,,New / No Local History
17.28473,74.34467,333.63,0.39,0.36,2026-10-08,818,N20,VIIRS,n,2.0NRT,305.2,2.98,D,VIIRS_NOAA20_NRT,,0,,,New / No Local History
14.61244,79.65539,335.66,0.46,0.39,2026-10-08,758,N,VIIRS,n,2.0NRT,303.03,2.98,D,VIIRS_SNPP_NRT,5.99,2,0.493098268666578,-50.25041736227045,Persistent / Reduced
14.61314,79.65959,334.18,0.46,0.39,2026-10-08,758,N,VIIRS,n,2.0NRT,302.55,2.98,D,VIIRS_SNPP_NRT,5.99,2,0.04476522479952974,-50.25041736227045,Persistent / Reduced
26.30626,71.10657,350.53,0.41,0.37,2026-10-08,820,N20,VIIRS,n,2.0NRT,313.78,2.97,D,VIIRS_NOAA20_NRT,,0,,,New / No Local History
26.30696,71.11067,343.01,0.41,0.37,2026-10-08,820,N20,VIIRS,l,2.0NRT,313.38,2.97,D,VIIRS_NOAA20_NRT,,0,,,New / No Local History
26.30966,71.10587,347.71,0.41,0.37,2026-10-08,820,N20,VIIRS,n,2.0NRT,314.07,2.97,D,VIIRS_NOAA20_NRT,,0,,,New / No Local History
21.56284,74.11053,339.6,0.49,0.48,2026-10-08,801,N,VIIRS,n,2.0NRT,302.57,2.97,D,VIIRS_SNPP_NRT,,0,,,New / No Local History
15.75208,75.60941,331.15,0.5,0.49,2026-10-08,758,N,VIIRS,l,2.0NRT,304.2,2.96,D,VIIRS_SNPP_NRT,,0,,,New / No Local History
26.28692,78.16551,333.64,0.4,0.37,2026-10-08,803,N,VIIRS,n,2.0NRT,306.52,2.96,D,VIIRS_SNPP_NRT,,0,,,New / No Local History
23.77822,86.3877,309.24,0.55,0.43,2026-10-08,2027,N,VIIRS,n,2.0NRT,291.28,2.96,N,VIIRS_SNPP_NRT,2.20476821192053,151,0.0073877192575740585,34.25447554968159,Persistent / Stable
15.0248,78.01589,310.0,0.53,0.5,2026-10-08,1953,N21,VIIRS,n,2.0NRT,294.16,2.95,N,VIIRS_NOAA21_NRT,1.760526315789474,19,0.0140472549667158,67.56352765321374,Abnormal Increase
20.79309,85.25012,323.24,0.46,0.64,2026-10-08,2049,N20,VIIRS,n,2.0NRT,289.58,2.95,N,VIIRS_NOAA20_NRT,4.153833333333335,60,0.015803892638095854,-28.981262287846587,Persistent / Stable
18.20302,83.8284,330.91,0.41,0.37,2026-10-08,758,N,VIIRS,n,2.0NRT,300.88,2.94,D,VIIRS_SNPP_NRT,,0,,,New / No Local History
27.89188,77.52641,335.97,0.41,0.37,2026-10-08,803,N,VIIRS,n,2.0NRT,302.83,2.93,D,VIIRS_SNPP_NRT,,0,,,New / No Local History
20.95138,86.04331,333.13,0.39,0.37,2026-10-08,722,N21,VIIRS,n,2.0NRT,299.6,2.92,D,VIIRS_NOAA21_NRT,3.505925925925927,27,0.019748703949217867,-16.7124445383478,Persistent / Stable
20.9695,86.00964,308.88,0.39,0.36,2026-10-08,1951,N21,VIIRS,n,2.0NRT,296.25,2.92,N,VIIRS_NOAA21_NRT,3.646862745098037,51,0.040518134625739013,-19.931179095650258,Persistent / Stable
22.03959,83.72806,337.75,0.35,0.57,2026-10-08,820,N20,VIIRS,n,2.0NRT,298.54,2.92,D,VIIRS_NOAA20_NRT,1.5490000000000002,10,0.018576867840757866,88.50871530019366,Abnormal Increase
23.76054,78.11756,332.66,0.5,0.41,2026-10-08,820,N20,VIIRS,l,2.0NRT,307.04,2.92,D,VIIRS_NOAA20_NRT,,0,,,New / No Local History
21.3385,78.96925,314.6,0.55,0.43,2026-10-08,2049,N20,VIIRS,n,2.0NRT,295.09,2.91,N,VIIRS_NOAA20_NRT,1.755384615384615,13,0.001960124757273338,65.77563540753728,Abnormal Increase
21.67833,84.03845,321.38,0.44,0.38,2026-10-08,1951,N21,VIIRS,n,2.0NRT,294.87,2.9,N,VIIRS_NOAA21_NRT,2.826315789473685,19,0.006942699110561301,2.607076350093086,Persistent / Stable
15.1798,76.67352,307.9,0.51,0.41,2026-10-08,2051,N20,VIIRS,n,2.0NRT,295.93,2.9,N,VIIRS_NOAA20_NRT,2.4622222222222225,207,0.0072548595499595915,17.779783393501784,Persistent / Stable
22.19241,75.44126,337.75,0.39,0.44,2026-10-08,801,N,VIIRS,l,2.0NRT,310.45,2.9,D,VIIRS_SNPP_NRT,,0,,,New / No Local History
23.78036,86.38956,323.82,0.39,0.36,2026-10-08,1949,N21,VIIRS,n,2.0NRT,294.52,2.89,N,VIIRS_NOAA21_NRT,2.20476821192053,151,0.007809454616860181,31.079538627898586,Persistent / Stable
20.95013,86.04787,323.66,0.39,0.36,2026-10-08,1951,N21,VIIRS,n,2.0NRT,294.76,2.89,N,VIIRS_NOAA21_NRT,3.456785714285715,28,0.07066001569412615,-16.396321934084114,Persistent / Stable
14.73012,75.28551,334.37,0.39,0.36,2026-10-08,818,N20,VIIRS,n,2.0NRT,304.08,2.89,D,VIIRS_NOAA20_NRT,,0,,,New / No Local History
18.72693,77.76859,333.55,0.43,0.38,2026-10-08,818,N20,VIIRS,n,2.0NRT,303.47,2.89,D,VIIRS_NOAA20_NRT,,0,,,New / No Local History
22.7029,77.13737,338.62,0.44,0.39,2026-10-08,820,N20,VIIRS,n,2.0NRT,313.4,2.89,D,VIIRS_NOAA20_NRT,,0,,,New / No Local History
22.8557,75.91708,338.7,0.41,0.37,2026-10-08,820,N20,VIIRS,n,2.0NRT,310.77,2.88,D,VIIRS_NOAA20_NRT,,0,,,New / No Local History
17.98274,80.82519,308.73,0.54,0.51,2026-10-08,2051,N20,VIIRS,n,2.0NRT,295.48,2.88,N,VIIRS_NOAA20_NRT,1.9649999999999999,2,0.3045980990838082,46.56488549618321,Persistent / Stable
15.93925,77.78482,334.7,0.41,0.37,2026-10-08,818,N20,VIIRS,l,2.0NRT,306.9,2.87,D,VIIRS_NOAA20_NRT,,0,,,New / No Local History
23.64944,85.43205,310.12,0.75,0.77,2026-10-08,1906,N20,VIIRS,n,2.0NRT,284.1,2.87,N,VIIRS_NOAA20_NRT,3.0220454545454554,44,0.22409507584205698,-5.031210047379131,Persistent / Stable
14.43262,75.94589,331.28,0.5,0.49,2026-10-08,758,N,VIIRS,n,2.0NRT,297.01,2.87,D,VIIRS_SNPP_NRT,,0,,,New / No Local History
18.72062,79.53807,312.22,0.48,0.48,2026-10-08,1951,N21,VIIRS,n,2.0NRT,298.08,2.86,N,VIIRS_NOAA21_NRT,1.7500000000000002,13,0.01687783509173299,63.4285714285714,Abnormal Increase
15.05065,75.37871,334.33,0.39,0.36,2026-10-08,818,N20,VIIRS,n,2.0NRT,304.97,2.86,D,VIIRS_NOAA20_NRT,,0,,,New / No Local History
27.60787,96.30441,330.39,0.41,0.37,2026-10-08,640,N20,VIIRS,n,2.0NRT,295.97,2.85,D,VIIRS_NOAA20_NRT,,0,,,New / No Local History
15.7943,75.66287,339.64,0.38,0.36,2026-10-08,818,N20,VIIRS,l,2.0NRT,313.68,2.85,D,VIIRS_NOAA20_NRT,,0,,,New / No Local History
15.7976,75.66233,339.93,0.38,0.36,2026-10-08,818,N20,VIIRS,n,2.0NRT,312.48,2.85,D,VIIRS_NOAA20_NRT,,0,,,New / No Local History
26.29569,71.10845,351.53,0.41,0.37,2026-10-08,820,N20,VIIRS,n,2.0NRT,313.53,2.85,D,VIIRS_NOAA20_NRT,,0,,,New / No Local History
26.29638,71.11256,343.01,0.41,0.37,2026-10-08,820,N20,VIIRS,l,2.0NRT,313.3,2.85,D,VIIRS_NOAA20_NRT,,0,,,New / No Local History
26.29908,71.10775,345.84,0.41,0.37,2026-10-08,820,N20,VIIRS,n,2.0NRT,314.12,2.85,D,VIIRS_NOAA20_NRT,,0,,,New / No Local History
26.29977,71.11185,352.38,0.41,0.37,2026-10-08,820,N20,VIIRS,n,2.0NRT,315.4,2.85,D,VIIRS_NOAA20_NRT,,0,,,New / No Local History
23.7179,86.41666,304.79,0.65,0.73,2026-10-08,1906,N20,VIIRS,n,2.0NRT,287.19,2.85,N,VIIRS_NOAA20_NRT,2.477735849056602,53,0.3249640842361554,15.024367956137768,Persistent / Stable
23.76727,86.38889,302.08,0.65,0.73,2026-10-08,1906,N20,VIIRS,n,2.0NRT,287.29,2.85,N,VIIRS_NOAA20_NRT,2.20476821192053,151,0.01977189169097077,29.26528895830829,Persistent / Stable
23.76401,86.40686,320.62,0.39,0.36,2026-10-08,1949,N21,VIIRS,n,2.0NRT,293.44,2.84,N,VIIRS_NOAA21_NRT,2.171920529801324,151,0.01530095559636305,30.75984876204416,Persistent / Stable
11.73655,78.6899,332.35,0.41,0.37,2026-10-08,816,N20,VIIRS,n,2.0NRT,296.89,2.84,D,VIIRS_NOAA20_NRT,3.48,1,0.020305705562202462,-18.390804597701152,Single Historical Detection
18.86145,78.48659,330.97,0.46,0.39,2026-10-08,818,N20,VIIRS,l,2.0NRT,304.18,2.84,D,VIIRS_NOAA20_NRT,,0,,,New / No Local History
18.9121,77.82479,334.42,0.44,0.38,2026-10-08,818,N20,VIIRS,l,2.0NRT,307.8,2.84,D,VIIRS_NOAA20_NRT,,0,,,New / No Local History
21.92993,85.22013,304.81,0.74,0.76,2026-10-08,1908,N20,VIIRS,n,2.0NRT,286.34,2.84,N,VIIRS_NOAA20_NRT,1.847058823529412,17,0.0566716380397219,53.757961783439455,Abnormal Increase
20.96577,85.18503,327.89,0.45,0.63,2026-10-08,2049,N20,VIIRS,n,2.0NRT,290.34,2.84,N,VIIRS_NOAA20_NRT,3.595436893203883,103,0.006497092080512916,-21.01099019793157,Persistent / Stable
20.96674,85.18078,307.2,0.45,0.63,2026-10-08,2049,N20,VIIRS,n,2.0NRT,289.81,2.84,N,VIIRS_NOAA20_NRT,3.6008411214953266,107,0.08487922495093968,-21.12953878896415,Persistent / Stable
16.98795,77.01199,336.36,0.4,0.37,2026-10-08,818,N20,VIIRS,l,2.0NRT,311.31,2.83,D,VIIRS_NOAA20_NRT,,0,,,New / No Local History
26.16595,71.27793,343.43,0.41,0.37,2026-10-08,820,N20,VIIRS,l,2.0NRT,315.33,2.83,D,VIIRS_NOAA20_NRT,,0,,,New / No Local History
26.16663,71.282,351.6,0.41,0.37,2026-10-08,820,N20,VIIRS,n,2.0NRT,315.3,2.83,D,VIIRS_NOAA20_NRT,,0,,,New / No Local History
26.17001,71.2813,341.31,0.41,0.37,2026-10-08,820,N20,VIIRS,l,2.0NRT,314.89,2.83,D,VIIRS_NOAA20_NRT,,0,,,New / No Local History
23.77611,86.21003,309.12,0.54,0.42,2026-10-08,2027,N,VIIRS,n,2.0NRT,291.56,2.83,N,VIIRS_SNPP_NRT,3.051874999999999,48,0.01419518768987166,-7.270120827360197,Persistent / Stable
23.77997,86.21084,331.54,0.54,0.42,2026-10-08,2027,N,VIIRS,n,2.0NRT,292.72,2.83,N,VIIRS_SNPP_NRT,3.051874999999999,48,0.0010192099412156283,-7.270120827360197,Persistent / Stable
18.19633,79.36884,333.81,0.43,0.38,2026-10-08,758,N,VIIRS,n,2.0NRT,298.01,2.82,D,VIIRS_SNPP_NRT,,0,,,New / No Local History
24.7629,76.67574,335.26,0.35,0.57,2026-10-08,724,N21,VIIRS,n,2.0NRT,305.49,2.81,D,VIIRS_NOAA21_NRT,,0,,,New / No Local History
27.74144,77.56764,333.81,0.52,0.42,2026-10-08,820,N20,VIIRS,n,2.0NRT,300.08,2.81,D,VIIRS_NOAA20_NRT,,0,,,New / No Local History
28.55088,75.54751,338.81,0.44,0.38,2026-10-08,822,N20,VIIRS,l,2.0NRT,312.33,2.81,D,VIIRS_NOAA20_NRT,,0,,,New / No Local History
30.23278,76.06738,333.22,0.43,0.38,2026-10-08,803,N,VIIRS,n,2.0NRT,293.31,2.81,D,VIIRS_SNPP_NRT,,0,,,New / No Local History
15.17603,76.65939,308.63,0.33,0.55,2026-10-08,1953,N21,VIIRS,n,2.0NRT,294.14,2.8,N,VIIRS_NOAA21_NRT,2.479429824561404,228,0.007651690563020088,12.929189294369426,Persistent / Stable
20.95284,86.04082,316.12,0.51,0.66,2026-10-08,2049,N20,VIIRS,n,2.0NRT,289.6,2.8,N,VIIRS_NOAA20_NRT,3.520000000000001,27,0.23575206374366142,-20.45454545454548,Persistent / Stable
14.14497,80.04052,332.76,0.44,0.39,2026-10-08,758,N,VIIRS,l,2.0NRT,303.5,2.8,D,VIIRS_SNPP_NRT,,0,,,New / No Local History
24.76311,74.60529,306.31,0.48,0.48,2026-10-08,2027,N,VIIRS,n,2.0NRT,295.3,2.8,N,VIIRS_SNPP_NRT,1.0876923076923075,13,0.03178535553872732,157.42574257425744,Abnormal Increase
18.86507,78.21632,331.91,0.45,0.39,2026-10-08,818,N20,VIIRS,n,2.0NRT,301.37,2.79,D,VIIRS_NOAA20_NRT,,0,,,New / No Local History
25.08804,77.68643,338.95,0.5,0.41,2026-10-08,820,N20,VIIRS,n,2.0NRT,307.87,2.79,D,VIIRS_NOAA20_NRT,,0,,,New / No Local History
23.67337,86.08599,333.9,0.39,0.36,2026-10-08,724,N21,VIIRS,n,2.0NRT,298.64,2.78,D,VIIRS_NOAA21_NRT,2.3926666666666665,90,0.02478735150337383,16.188353301755363,Persistent / Stable
22.41733,69.04107,315.8,0.52,0.5,2026-10-08,2131,N21,VIIRS,n,2.0NRT,297.36,2.78,N,VIIRS_NOAA21_NRT,1.8337500000000002,8,0.04009118813578441,51.60190865712335,Abnormal Increase
21.37813,81.68164,309.64,0.53,0.5,2026-10-08,2049,N20,VIIRS,n,2.0NRT,293.84,2.78,N,VIIRS_NOAA20_NRT,2.452,15,0.05494588577804728,13.376835236541593,Persistent / Stable
27.89526,77.52569,331.86,0.41,0.37,2026-10-08,803,N,VIIRS,l,2.0NRT,302.45,2.78,D,VIIRS_SNPP_NRT,,0,,,New / No Local History
14.84621,76.95857,336.12,0.39,0.36,2026-10-08,818,N20,VIIRS,l,2.0NRT,307.2,2.77,D,VIIRS_NOAA20_NRT,,0,,,New / No Local History
18.50286,77.63853,334.31,0.51,0.41,2026-10-08,758,N,VIIRS,n,2.0NRT,303.83,2.77,D,VIIRS_SNPP_NRT,,0,,,New / No Local History
27.47647,77.12717,340.98,0.42,0.38,2026-10-08,803,N,VIIRS,n,2.0NRT,306.65,2.77,D,VIIRS_SNPP_NRT,,0,,,New / No Local History
20.7868,85.26447,315.43,0.53,0.42,2026-10-08,2027,N,VIIRS,n,2.0NRT,294.26,2.77,N,VIIRS_SNPP_NRT,4.153833333333335,60,0.00900968919481304,-33.3146089957068,Persistent / Stable
21.24799,79.20937,316.35,0.54,0.51,2026-10-08,1951,N21,VIIRS,n,2.0NRT,295.47,2.76,N,VIIRS_NOAA21_NRT,1.19375,8,0.03029155653533579,131.20418848167537,Abnormal Increase
14.82834,77.96175,330.71,0.55,0.43,2026-10-08,758,N,VIIRS,l,2.0NRT,301.4,2.76,D,VIIRS_SNPP_NRT,5.88,1,1.4286371808464322,-53.06122448979592,Single Historical Detection
19.18081,77.47334,333.04,0.43,0.38,2026-10-08,818,N20,VIIRS,l,2.0NRT,307.91,2.75,D,VIIRS_NOAA20_NRT,,0,,,New / No Local History
22.07544,75.66998,338.31,0.38,0.44,2026-10-08,801,N,VIIRS,n,2.0NRT,308.81,2.75,D,VIIRS_SNPP_NRT,,0,,,New / No Local History
13.30386,79.99557,333.44,0.36,0.57,2026-10-08,720,N21,VIIRS,n,2.0NRT,294.65,2.74,D,VIIRS_NOAA21_NRT,,0,,,New / No Local History
22.7666,77.09954,330.3,0.36,0.58,2026-10-08,724,N21,VIIRS,l,2.0NRT,304.25,2.74,D,VIIRS_NOAA21_NRT,,0,,,New / No Local History
26.17271,71.27654,341.5,0.41,0.37,2026-10-08,820,N20,VIIRS,l,2.0NRT,315.63,2.74,D,VIIRS_NOAA20_NRT,,0,,,New / No Local History
26.17609,71.27585,342.79,0.41,0.37,2026-10-08,820,N20,VIIRS,l,2.0NRT,314.59,2.74,D,VIIRS_NOAA20_NRT,,0,,,New / No Local History
20.86505,84.9901,321.76,0.44,0.62,2026-10-08,2049,N20,VIIRS,n,2.0NRT,290.23,2.74,N,VIIRS_NOAA20_NRT,3.015394736842105,76,0.004646002177466704,-9.132958066064473,Persistent / Stable
20.86604,84.98579,323.77,0.44,0.62,2026-10-08,2049,N20,VIIRS,n,2.0NRT,289.72,2.74,N,VIIRS_NOAA20_NRT,3.015394736842105,76,0.0343275119854489,-9.132958066064473,Persistent / Stable
20.9621,85.18793,330.29,0.49,0.41,2026-10-08,801,N,VIIRS,n,2.0NRT,295.76,2.74,D,VIIRS_SNPP_NRT,3.679302325581395,86,0.01820755842253706,-25.529359711775474,Persistent / Stable
22.33115,82.60567,332.39,0.4,0.37,2026-10-08,801,N,VIIRS,n,2.0NRT,302.91,2.74,D,VIIRS_SNPP_NRT,1.6959999999999997,10,0.09565579289836765,61.55660377358494,Abnormal Increase
24.09486,77.75333,338.78,0.43,0.38,2026-10-08,801,N,VIIRS,n,2.0NRT,307.82,2.74,D,VIIRS_SNPP_NRT,,0,,,New / No Local History
23.77143,86.19264,312.25,0.54,0.42,2026-10-08,2027,N,VIIRS,n,2.0NRT,290.44,2.74,N,VIIRS_SNPP_NRT,3.025555555555555,45,0.013425968734055443,-9.43811972089605,Persistent / Stable
23.80315,86.32097,307.63,0.55,0.42,2026-10-08,2027,N,VIIRS,n,2.0NRT,291.02,2.74,N,VIIRS_SNPP_NRT,2.5570833333333334,48,0.020498258878130993,7.153332247026241,Persistent / Stable
19.10273,73.05273,312.26,0.65,0.73,2026-10-08,1951,N21,VIIRS,n,2.0NRT,292.58,2.73,N,VIIRS_NOAA21_NRT,,0,,,New / No Local History
20.96888,85.17459,338.87,0.4,0.37,2026-10-08,1951,N21,VIIRS,n,2.0NRT,296.98,2.73,N,VIIRS_NOAA21_NRT,3.546756756756756,111,0.012681654853720562,-23.028270974624693,Persistent / Stable
20.96944,85.17078,309.56,0.4,0.37,2026-10-08,1951,N21,VIIRS,n,2.0NRT,295.26,2.73,N,VIIRS_NOAA21_NRT,3.5399999999999987,117,0.019095056654019667,-22.881355932203363,Persistent / Stable
20.97223,85.17513,315.34,0.4,0.37,2026-10-08,1951,N21,VIIRS,n,2.0NRT,295.12,2.73,N,VIIRS_NOAA21_NRT,3.5629999999999997,110,0.018617108579638473,-23.379174852652255,Persistent / Stable
18.76084,78.24469,331.19,0.45,0.39,2026-10-08,818,N20,VIIRS,l,2.0NRT,304.12,2.73,D,VIIRS_NOAA20_NRT,,0,,,New / No Local History
15.17526,76.67745,308.69,0.51,0.41,2026-10-08,2051,N20,VIIRS,n,2.0NRT,295.29,2.73,N,VIIRS_NOAA20_NRT,2.337610062893081,159,0.008414775681971607,16.78594489883774,Persistent / Stable
25.13184,77.71773,338.19,0.42,0.38,2026-10-08,801,N,VIIRS,n,2.0NRT,310.73,2.73,D,VIIRS_SNPP_NRT,,0,,,New / No Local History
20.96189,85.16744,308.53,0.52,0.42,2026-10-08,2027,N,VIIRS,n,2.0NRT,293.73,2.73,N,VIIRS_SNPP_NRT,3.5234259259259253,108,0.008509036880995238,-22.518592489422634,Persistent / Stable
20.96569,85.16827,333.35,0.52,0.42,2026-10-08,2027,N,VIIRS,n,2.0NRT,293.64,2.73,N,VIIRS_SNPP_NRT,3.542232142857142,112,0.012891329679890616,-22.929952360547457,Persistent / Stable
20.96661,85.16328,311.17,0.52,0.42,2026-10-08,2027,N,VIIRS,n,2.0NRT,293.13,2.73,N,VIIRS_SNPP_NRT,3.3975757575757553,99,0.04413901390459949,-19.648590795576116,Persistent / Stable
20.9474,86.04362,309.78,0.39,0.36,2026-10-08,1951,N21,VIIRS,n,2.0NRT,294.76,2.72,N,VIIRS_NOAA21_NRT,3.505925925925927,27,0.014229703907675507,-22.417071624762325,Persistent / Stable
20.95069,86.0442,332.01,0.39,0.36,2026-10-08,1951,N21,VIIRS,n,2.0NRT,294.63,2.72,N,VIIRS_NOAA21_NRT,3.505925925925927,27,0.018619518795240292,-22.417071624762325,Persistent / Stable
21.67184,82.08108,317.09,0.55,0.42,2026-10-08,1951,N21,VIIRS,n,2.0NRT,296.71,2.72,N,VIIRS_NOAA21_NRT,1.3599999999999999,2,0.1220630290453619,100.00000000000003,Abnormal Increase
31.78181,75.20885,331.52,0.45,0.39,2026-10-08,822,N20,VIIRS,n,2.0NRT,297.87,2.72,D,VIIRS_NOAA20_NRT,,0,,,New / No Local History
20.86232,84.98862,325.64,0.51,0.41,2026-10-08,2027,N,VIIRS,n,2.0NRT,293.1,2.72,N,VIIRS_SNPP_NRT,3.015394736842105,76,0.008388270929352015,-9.796221145874222,Persistent / Stable
20.86518,84.99438,313.62,0.52,0.41,2026-10-08,2027,N,VIIRS,n,2.0NRT,294.38,2.72,N,VIIRS_SNPP_NRT,3.038266666666666,75,0.0037454548082096755,-10.475270987843919,Persistent / Stable
20.86611,84.98936,325.24,0.51,0.41,2026-10-08,2027,N,VIIRS,n,2.0NRT,294.52,2.72,N,VIIRS_SNPP_NRT,3.015394736842105,76,0.0032238344939551963,-9.796221145874222,Persistent / Stable
17.60648,83.18955,321.63,0.46,0.39,2026-10-08,2029,N,VIIRS,n,2.0NRT,295.04,2.72,N,VIIRS_SNPP_NRT,2.7028571428571433,35,0.064660149454346,0.6342494714587649,Persistent / Stable
21.23538,81.40813,336.87,0.42,0.45,2026-10-08,722,N21,VIIRS,n,2.0NRT,302.93,2.71,D,VIIRS_NOAA21_NRT,0.82,1,1.7581742449829532,230.48780487804882,Abnormal Increase
23.71506,86.42282,305.84,0.56,0.43,2026-10-08,2027,N,VIIRS,n,2.0NRT,291.88,2.71,N,VIIRS_SNPP_NRT,2.394754098360655,61,0.01699621938752543,13.164019715224567,Persistent / Stable
18.69292,73.0393,310.5,0.56,0.69,2026-10-08,2133,N21,VIIRS,n,2.0NRT,292.67,2.7,N,VIIRS_NOAA21_NRT,2.2831999999999995,50,0.011628448435998459,18.255080588647548,Persistent / Stable
18.92934,77.94922,333.91,0.44,0.38,2026-10-08,818,N20,VIIRS,l,2.0NRT,307.43,2.7,D,VIIRS_NOAA20_NRT,,0,,,New / No Local History
20.96538,86.01358,313.53,0.51,0.66,2026-10-08,2049,N20,VIIRS,n,2.0NRT,289.53,2.7,N,VIIRS_NOAA20_NRT,3.830652173913042,46,0.01590834922556103,-29.515918506327644,Persistent / Stable
20.96648,86.0088,328.91,0.51,0.66,2026-10-08,2049,N20,VIIRS,n,2.0NRT,290.14,2.7,N,VIIRS_NOAA20_NRT,3.830652173913042,46,0.006313272506726877,-29.515918506327644,Persistent / Stable
20.9713,86.0153,305.59,0.51,0.66,2026-10-08,2049,N20,VIIRS,n,2.0NRT,289.88,2.7,N,VIIRS_NOAA20_NRT,3.497999999999998,55,0.008725925774535171,-22.81303602058314,Persistent / Stable
20.9724,86.01048,309.16,0.51,0.66,2026-10-08,2049,N20,VIIRS,n,2.0NRT,289.87,2.7,N,VIIRS_NOAA20_NRT,3.403448275862067,58,0.047248653522835964,-20.668693009118492,Persistent / Stable
20.86551,84.98503,306.03,0.75,0.77,2026-10-08,1908,N20,VIIRS,n,2.0NRT,288.44,2.69,N,VIIRS_NOAA20_NRT,3.015394736842105,76,0.05571382913108253,-10.791115765588852,Persistent / Stable
26.54041,79.7548,330.97,0.38,0.36,2026-10-08,803,N,VIIRS,n,2.0NRT,300.44,2.69,D,VIIRS_SNPP_NRT,,0,,,New / No Local History
23.70241,86.07349,329.41,0.39,0.36,2026-10-08,724,N21,VIIRS,n,2.0NRT,299.14,2.68,D,VIIRS_NOAA21_NRT,2.495,62,0.010395057792947563,7.414829659318639,Persistent / Stable
23.1666,82.33622,313.35,0.54,0.51,2026-10-08,2049,N20,VIIRS,n,2.0NRT,292.29,2.68,N,VIIRS_NOAA20_NRT,1.913076923076923,13,0.09624840746091025,40.0884599919582,Persistent / Stable
21.67803,84.03814,322.05,0.45,0.39,2026-10-08,2027,N,VIIRS,n,2.0NRT,294.52,2.68,N,VIIRS_SNPP_NRT,2.826315789473685,19,0.03831692597842661,-5.17690875232776,Persistent / Stable
22.76687,77.09739,331.42,0.36,0.58,2026-10-08,724,N21,VIIRS,l,2.0NRT,304.22,2.67,D,VIIRS_NOAA21_NRT,,0,,,New / No Local History
18.81867,78.39907,334.96,0.46,0.39,2026-10-08,818,N20,VIIRS,n,2.0NRT,301.39,2.67,D,VIIRS_NOAA20_NRT,,0,,,New / No Local History
15.15779,76.14048,333.3,0.38,0.36,2026-10-08,818,N20,VIIRS,l,2.0NRT,304.83,2.66,D,VIIRS_NOAA20_NRT,,0,,,New / No Local History
24.98641,77.13086,341.92,0.47,0.39,2026-10-08,820,N20,VIIRS,n,2.0NRT,308.22,2.66,D,VIIRS_NOAA20_NRT,,0,,,New / No Local History
20.29412,72.84187,313.53,0.39,0.36,2026-10-08,2049,N20,VIIRS,n,2.0NRT,295.15,2.66,N,VIIRS_NOAA20_NRT,,0,,,New / No Local History
22.37659,87.27437,305.32,0.57,0.69,2026-10-08,2049,N20,VIIRS,n,2.0NRT,288.46,2.66,N,VIIRS_NOAA20_NRT,3.5930000000000004,70,0.05561256889178181,-25.96715836348456,Persistent / Stable
20.78236,85.26208,312.36,0.53,0.42,2026-10-08,2027,N,VIIRS,n,2.0NRT,292.76,2.66,N,VIIRS_SNPP_NRT,4.153833333333335,60,0.0034096197445545474,-35.962765317176924,Persistent / Stable
20.7862,85.26289,317.08,0.53,0.42,2026-10-08,2027,N,VIIRS,n,2.0NRT,294.34,2.66,N,VIIRS_SNPP_NRT,4.153833333333335,60,0.0042060058706103595,-35.962765317176924,Persistent / Stable
17.98418,80.82806,310.92,0.39,0.36,2026-10-08,2029,N,VIIRS,n,2.0NRT,297.74,2.66,N,VIIRS_SNPP_NRT,1.9649999999999999,2,0.0034645960422337234,35.36895674300256,Persistent / Stable
20.96732,86.00171,327.16,0.39,0.36,2026-10-08,1951,N21,VIIRS,n,2.0NRT,295.45,2.65,N,VIIRS_NOAA21_NRT,3.8428888888888872,45,0.018353330199489457,-31.041461863181606,Persistent / Stable
24.5292,71.28011,352.49,0.42,0.38,2026-10-08,820,N20,VIIRS,n,2.0NRT,311.9,2.65,D,VIIRS_NOAA20_NRT,,0,,,New / No Local History
24.53263,71.27941,338.57,0.42,0.38,2026-10-08,820,N20,VIIRS,l,2.0NRT,311.34,2.65,D,VIIRS_NOAA20_NRT,,0,,,New / No Local History
22.05317,88.12293,311.0,0.66,0.73,2026-10-08,2049,N20,VIIRS,n,2.0NRT,287.46,2.65,N,VIIRS_NOAA20_NRT,4.342173913043477,23,0.022588566201592136,-38.97066186041853,Persistent / Stable
31.25654,74.88118,330.08,0.46,0.39,2026-10-08,803,N,VIIRS,n,2.0NRT,296.25,2.65,D,VIIRS_SNPP_NRT,,0,,,New / No Local History
21.11138,72.63405,308.61,0.47,0.64,2026-10-08,2131,N21,VIIRS,n,2.0NRT,296.67,2.64,N,VIIRS_NOAA21_NRT,4.870454545454545,154,0.013522859215784309,-45.79561362575827,Persistent / Stable
14.83148,77.96232,337.21,0.41,0.37,2026-10-08,818,N20,VIIRS,n,2.0NRT,305.44,2.64,D,VIIRS_NOAA20_NRT,5.88,1,1.4898346721648026,-55.10204081632652,Single Historical Detection
15.89921,76.126,335.73,0.38,0.36,2026-10-08,818,N20,VIIRS,l,2.0NRT,309.2,2.64,D,VIIRS_NOAA20_NRT,,0,,,New / No Local History
23.75196,86.41372,311.58,0.65,0.73,2026-10-08,1906,N20,VIIRS,n,2.0NRT,287.5,2.64,N,VIIRS_NOAA20_NRT,2.231029411764705,136,0.09974286123865857,18.331026300178028,Persistent / Stable
18.69205,73.04284,310.73,0.51,0.49,2026-10-08,2029,N,VIIRS,n,2.0NRT,295.01,2.64,N,VIIRS_SNPP_NRT,2.2831999999999995,50,0.0031671016948077078,15.627189908899823,Persistent / Stable
24.84259,76.75882,330.66,0.34,0.56,2026-10-08,724,N21,VIIRS,l,2.0NRT,304.32,2.63,D,VIIRS_NOAA21_NRT,,0,,,New / No Local History
27.74731,77.43755,334.61,0.41,0.37,2026-10-08,803,N,VIIRS,n,2.0NRT,302.9,2.63,D,VIIRS_SNPP_NRT,,0,,,New / No Local History
23.7736,86.36572,330.03,0.39,0.36,2026-10-08,1949,N21,VIIRS,n,2.0NRT,293.83,2.62,N,VIIRS_NOAA21_NRT,1.9725000000000004,52,0.010222095372556916,32.82636248415714,Persistent / Stable
23.77417,86.36191,320.44,0.39,0.36,2026-10-08,1949,N21,VIIRS,n,2.0NRT,292.97,2.62,N,VIIRS_NOAA21_NRT,1.9240000000000004,55,0.0010532384857107264,36.174636174636156,Persistent / Stable
22.33088,82.60739,317.57,0.52,0.41,2026-10-08,1951,N21,VIIRS,n,2.0NRT,294.19,2.62,N,VIIRS_NOAA21_NRT,1.767777777777778,9,0.030936100235501023,48.208673790069135,Persistent / Stable
13.08734,79.94816,333.41,0.47,0.4,2026-10-08,816,N20,VIIRS,n,2.0NRT,298.3,2.62,D,VIIRS_NOAA20_NRT,,0,,,New / No Local History
18.42714,77.75898,338.71,0.43,0.38,2026-10-08,818,N20,VIIRS,n,2.0NRT,307.12,2.62,D,VIIRS_NOAA20_NRT,,0,,,New / No Local History
24.51547,71.28289,339.07,0.42,0.38,2026-10-08,820,N20,VIIRS,l,2.0NRT,312.29,2.62,D,VIIRS_NOAA20_NRT,,0,,,New / No Local History
24.51617,71.28701,354.6,0.42,0.38,2026-10-08,820,N20,VIIRS,n,2.0NRT,311.82,2.62,D,VIIRS_NOAA20_NRT,,0,,,New / No Local History
24.5189,71.28219,351.99,0.42,0.38,2026-10-08,820,N20,VIIRS,n,2.0NRT,311.96,2.62,D,VIIRS_NOAA20_NRT,,0,,,New / No Local History
20.96757,86.00404,309.29,0.51,0.66,2026-10-08,2049,N20,VIIRS,n,2.0NRT,290.01,2.62,N,VIIRS_NOAA20_NRT,3.790208333333331,48,0.0046773870927487166,-30.87451217501232,Persistent / Stable
20.9746,86.00081,302.77,0.51,0.66,2026-10-08,2049,N20,VIIRS,n,2.0NRT,289.87,2.62,N,VIIRS_NOAA20_NRT,3.6828571428571406,49,0.014307046826596264,-28.85958107059732,Persistent / Stable
20.9633,85.16587,310.06,0.4,0.37,2026-10-08,1951,N21,VIIRS,n,2.0NRT,295.39,2.61,N,VIIRS_NOAA21_NRT,3.424666666666666,105,0.006600272692692199,-23.78820323145804,Persistent / Stable
20.96386,85.16205,308.72,0.4,0.37,2026-10-08,1951,N21,VIIRS,n,2.0NRT,294.69,2.61,N,VIIRS_NOAA21_NRT,3.4188421052631557,95,0.0792570818661908,-23.658363865882524,Persistent / Stable
20.96665,85.16642,338.34,0.4,0.37,2026-10-08,1951,N21,VIIRS,n,2.0NRT,296.45,2.61,N,VIIRS_NOAA21_NRT,3.4839622641509425,106,0.005210778644742202,-25.085296506904935,Persistent / Stable
27.34806,77.65162,332.32,0.52,0.42,2026-10-08,820,N20,VIIRS,n,2.0NRT,300.62,2.61,D,VIIRS_NOAA20_NRT,,0,,,New / No Local History
17.6114,83.20399,320.9,0.46,0.39,2026-10-08,2029,N,VIIRS,n,2.0NRT,295.08,2.61,N,VIIRS_SNPP_NRT,2.7028571428571433,35,0.013459464429528027,-3.4355179704017114,Persistent / Stable
23.69799,86.07533,325.48,0.39,0.37,2026-10-08,1949,N21,VIIRS,n,2.0NRT,291.04,2.6,N,VIIRS_NOAA21_NRT,2.4967605633802816,71,0.013236933578187384,4.134935409262712,Persistent / Stable
22.54017,76.8932,333.07,0.43,0.38,2026-10-08,820,N20,VIIRS,l,2.0NRT,307.22,2.6,D,VIIRS_NOAA20_NRT,,0,,,New / No Local History
23.77368,86.19705,312.88,0.54,0.42,2026-10-08,2027,N,VIIRS,n,2.0NRT,291.1,2.6,N,VIIRS_SNPP_NRT,3.051874999999999,48,0.0021646824683231487,-14.806471431497,Persistent / Stable
20.86594,84.99397,326.81,0.4,0.37,2026-10-08,1951,N21,VIIRS,n,2.0NRT,294.92,2.59,N,VIIRS_NOAA21_NRT,3.038266666666666,75,0.010108338589682958,-14.754026418571978,Persistent / Stable
20.8665,84.99016,318.18,0.4,0.37,2026-10-08,1951,N21,VIIRS,n,2.0NRT,295.73,2.59,N,VIIRS_NOAA21_NRT,3.015394736842105,76,0.0022050226507186756,-14.107431164637596,Persistent / Stable
21.48676,81.76853,312.56,0.57,0.43,2026-10-08,1951,N21,VIIRS,n,2.0NRT,295.61,2.59,N,VIIRS_NOAA21_NRT,1.4842857142857144,7,0.005325843489437501,74.49470644850815,Abnormal Increase
9.27063,78.81732,334.95,0.4,0.37,2026-10-08,816,N20,VIIRS,n,2.0NRT,296.32,2.59,D,VIIRS_NOAA20_NRT,,0,,,New / No Local History
26.29295,71.09203,353.54,0.41,0.37,2026-10-08,820,N20,VIIRS,n,2.0NRT,314.07,2.59,D,VIIRS_NOAA20_NRT,,0,,,New / No Local History
26.29363,71.09613,341.57,0.41,0.37,2026-10-08,820,N20,VIIRS,l,2.0NRT,315.3,2.59,D,VIIRS_NOAA20_NRT,,0,,,New / No Local History
26.29634,71.09132,339.61,0.41,0.37,2026-10-08,820,N20,VIIRS,l,2.0NRT,314.16,2.59,D,VIIRS_NOAA20_NRT,,0,,,New / No Local History
26.29703,71.09542,353.42,0.41,0.37,2026-10-08,820,N20,VIIRS,n,2.0NRT,314.09,2.59,D,VIIRS_NOAA20_NRT,,0,,,New / No Local History
22.31974,82.55646,304.49,0.58,0.52,2026-10-08,2049,N20,VIIRS,n,2.0NRT,293.49,2.59,N,VIIRS_NOAA20_NRT,1.9742857142857144,21,0.09155262683851521,31.186685962373357,Persistent / Stable
22.38229,87.27275,301.77,0.55,0.68,2026-10-08,1908,N20,VIIRS,n,2.0NRT,287.19,2.58,N,VIIRS_NOAA20_NRT,3.5930000000000004,70,0.06835094247617729,-28.19370999165044,Persistent / Stable
20.78777,85.25935,314.01,0.53,0.42,2026-10-08,2027,N,VIIRS,n,2.0NRT,294.06,2.58,N,VIIRS_SNPP_NRT,4.153833333333335,60,0.022784024406365518,-37.888697187337016,Persistent / Stable
20.79161,85.26015,311.14,0.53,0.42,2026-10-08,2027,N,VIIRS,n,2.0NRT,294.06,2.58,N,VIIRS_SNPP_NRT,4.153833333333335,60,0.03357506305130149,-37.888697187337016,Persistent / Stable
20.79258,85.25503,331.0,0.53,0.42,2026-10-08,2027,N,VIIRS,n,2.0NRT,294.28,2.58,N,VIIRS_SNPP_NRT,4.153833333333335,60,0.01421295991812774,-37.888697187337016,Persistent / Stable
22.05243,88.12511,314.92,0.5,0.49,2026-10-08,2027,N,VIIRS,n,2.0NRT,293.39,2.58,N,VIIRS_SNPP_NRT,4.386363636363635,22,0.0011309648642691503,-41.18134715025904,Persistent / Stable
23.76459,86.40306,334.7,0.39,0.36,2026-10-08,1949,N21,VIIRS,n,2.0NRT,294.62,2.57,N,VIIRS_NOAA21_NRT,2.158924050632911,158,0.008552008739536099,19.040778634458107,Persistent / Stable
23.76789,86.40364,325.12,0.39,0.36,2026-10-08,1949,N21,VIIRS,n,2.0NRT,293.51,2.57,N,VIIRS_NOAA21_NRT,2.158924050632911,158,0.008052416370335823,19.040778634458107,Persistent / Stable
23.76847,86.39984,308.91,0.39,0.36,2026-10-08,1949,N21,VIIRS,n,2.0NRT,293.19,2.57,N,VIIRS_NOAA21_NRT,2.158924050632911,158,0.016284760915716283,19.040778634458107,Persistent / Stable
18.76395,77.82121,330.91,0.43,0.38,2026-10-08,818,N20,VIIRS,l,2.0NRT,305.03,2.57,D,VIIRS_NOAA20_NRT,,0,,,New / No Local History
22.86527,77.25282,335.05,0.47,0.39,2026-10-08,801,N,VIIRS,n,2.0NRT,305.51,2.57,D,VIIRS_SNPP_NRT,,0,,,New / No Local History
23.18392,78.98448,330.59,0.4,0.37,2026-10-08,801,N,VIIRS,l,2.0NRT,304.73,2.57,D,VIIRS_SNPP_NRT,,0,,,New / No Local History
27.31933,77.69017,332.17,0.41,0.37,2026-10-08,803,N,VIIRS,n,2.0NRT,302.13,2.57,D,VIIRS_SNPP_NRT,,0,,,New / No Local History
20.78296,85.26366,313.24,0.53,0.42,2026-10-08,2027,N,VIIRS,n,2.0NRT,292.66,2.57,N,VIIRS_SNPP_NRT,4.153833333333335,60,0.0127685104929918,-38.12943867110704,Persistent / Stable
18.68292,73.04159,308.56,0.51,0.49,2026-10-08,2029,N,VIIRS,n,2.0NRT,295.98,2.57,N,VIIRS_SNPP_NRT,2.2831999999999995,50,0.017285103278165844,12.561317449194135,Persistent / Stable
18.6835,73.03674,321.65,0.51,0.49,2026-10-08,2029,N,VIIRS,n,2.0NRT,295.44,2.57,N,VIIRS_SNPP_NRT,2.2831999999999995,50,0.009805201576464358,12.561317449194135,Persistent / Stable
18.68806,73.03736,320.29,0.51,0.49,2026-10-08,2029,N,VIIRS,n,2.0NRT,295.39,2.57,N,VIIRS_SNPP_NRT,2.2831999999999995,50,0.005521751679753147,12.561317449194135,Persistent / Stable
14.05728,75.02589,332.53,0.4,0.37,2026-10-08,818,N20,VIIRS,n,2.0NRT,298.72,2.56,D,VIIRS_NOAA20_NRT,,0,,,New / No Local History
20.76435,85.28984,306.89,0.71,0.75,2026-10-08,1908,N20,VIIRS,n,2.0NRT,289.74,2.56,N,VIIRS_NOAA20_NRT,2.932222222222222,27,0.09573084845403622,-12.69420234937475,Persistent / Stable
21.19439,81.39653,315.15,0.51,0.5,2026-10-08,2049,N20,VIIRS,n,2.0NRT,294.33,2.56,N,VIIRS_NOAA20_NRT,2.724444444444446,27,0.1814288814225776,-6.0358890701468635,Persistent / Stable
23.79704,86.35293,306.66,0.55,0.43,2026-10-08,2027,N,VIIRS,n,2.0NRT,291.27,2.56,N,VIIRS_SNPP_NRT,1.9338888888888892,54,0.01757585961690305,32.37575409365123,Persistent / Stable
25.31269,72.75599,335.29,0.5,0.65,2026-10-08,905,N21,VIIRS,l,2.0NRT,309.81,2.55,D,VIIRS_NOAA21_NRT,,0,,,New / No Local History
20.70254,78.62158,307.13,0.58,0.52,2026-10-08,1951,N21,VIIRS,n,2.0NRT,296.18,2.55,N,VIIRS_NOAA21_NRT,1.468,5,0.1175368644201431,73.70572207084469,Abnormal Increase
25.31334,77.10605,333.8,0.44,0.39,2026-10-08,801,N,VIIRS,n,2.0NRT,306.75,2.55,D,VIIRS_SNPP_NRT,,0,,,New / No Local History
23.67912,86.39787,314.31,0.55,0.43,2026-10-08,2027,N,VIIRS,n,2.0NRT,292.71,2.55,N,VIIRS_SNPP_NRT,3.0147826086956515,92,0.006250877476876355,-15.416786847418503,Persistent / Stable
23.68015,86.39251,306.56,0.55,0.43,2026-10-08,2027,N,VIIRS,n,2.0NRT,291.03,2.55,N,VIIRS_SNPP_NRT,3.0147826086956515,92,0.011106684600165985,-15.416786847418503,Persistent / Stable
23.68406,86.39336,327.4,0.55,0.43,2026-10-08,2027,N,VIIRS,n,2.0NRT,293.23,2.55,N,VIIRS_SNPP_NRT,3.0147826086956515,92,0.009564407285665245,-15.416786847418503,Persistent / Stable
14.61362,79.65655,332.13,0.36,0.57,2026-10-08,720,N21,VIIRS,n,2.0NRT,296.9,2.54,D,VIIRS_NOAA21_NRT,5.99,2,0.3684905331786126,-57.595993322203675,Persistent / Reduced
14.87556,75.36783,336.97,0.39,0.36,2026-10-08,818,N20,VIIRS,n,2.0NRT,306.44,2.54,D,VIIRS_NOAA20_NRT,,0,,,New / No Local History
24.20341,82.71211,303.64,0.54,0.42,2026-10-08,1949,N21,VIIRS,n,2.0NRT,292.8,2.53,N,VIIRS_NOAA21_NRT,1.1085714285714285,7,0.06693750934877415,128.22164948453607,Abnormal Increase
22.99618,75.26538,338.01,0.39,0.36,2026-10-08,820,N20,VIIRS,l,2.0NRT,311.27,2.53,D,VIIRS_NOAA20_NRT,,0,,,New / No Local History
21.48894,81.76827,309.89,0.53,0.5,2026-10-08,2049,N20,VIIRS,n,2.0NRT,293.65,2.53,N,VIIRS_NOAA20_NRT,1.4842857142857144,7,0.030005169370679746,70.4523580365736,Abnormal Increase
21.7681,75.54567,334.89,0.4,0.44,2026-10-08,801,N,VIIRS,n,2.0NRT,307.28,2.52,D,VIIRS_SNPP_NRT,,0,,,New / No Local History
12.44151,79.14423,330.36,0.43,0.38,2026-10-08,816,N20,VIIRS,n,2.0NRT,298.87,2.51,D,VIIRS_NOAA20_NRT,3.06,1,0.6081320458800419,-17.973856209150334,Single Historical Detection
23.65235,85.43197,307.51,0.75,0.77,2026-10-08,1906,N20,VIIRS,n,2.0NRT,283.53,2.51,N,VIIRS_NOAA20_NRT,3.0220454545454554,44,0.23236076727437516,-16.943671504850748,Persistent / Stable
20.35591,72.94729,310.2,0.39,0.36,2026-10-08,2049,N20,VIIRS,n,2.0NRT,294.82,2.51,N,VIIRS_NOAA20_NRT,1.27,1,0.13995600438314623,97.63779527559053,Abnormal Increase
23.56283,87.08377,320.02,0.38,0.36,2026-10-08,1949,N21,VIIRS,n,2.0NRT,294.03,2.5,N,VIIRS_NOAA21_NRT,1.9581818181818185,11,0.006130305826569724,27.66945218198698,Persistent / Stable
14.855,75.27946,337.17,0.39,0.36,2026-10-08,818,N20,VIIRS,l,2.0NRT,312.08,2.5,D,VIIRS_NOAA20_NRT,,0,,,New / No Local History
16.14441,78.29364,331.3,0.43,0.38,2026-10-08,818,N20,VIIRS,l,2.0NRT,305.03,2.5,D,VIIRS_NOAA20_NRT,,0,,,New / No Local History
21.92106,83.34969,320.93,0.33,0.55,2026-10-08,2049,N20,VIIRS,n,2.0NRT,291.91,2.5,N,VIIRS_NOAA20_NRT,2.8140740740740737,27,0.0279572928022473,-11.160831797841526,Persistent / Stable
15.1748,76.67589,315.27,0.43,0.38,2026-10-08,2029,N,VIIRS,n,2.0NRT,295.43,2.5,N,VIIRS_SNPP_NRT,2.4086263736263738,182,0.0034350701191888334,3.7935990145310976,Persistent / Stable
21.34382,81.66778,311.06,0.57,0.43,2026-10-08,1951,N21,VIIRS,n,2.0NRT,294.33,2.49,N,VIIRS_NOAA21_NRT,2.4699999999999998,8,0.26646917421936095,0.8097165991903021,Persistent / Stable
25.15973,75.34473,336.89,0.4,0.37,2026-10-08,820,N20,VIIRS,n,2.0NRT,307.22,2.49,D,VIIRS_NOAA20_NRT,,0,,,New / No Local History
19.77318,78.62833,331.2,0.44,0.39,2026-10-08,801,N,VIIRS,l,2.0NRT,305.16,2.49,D,VIIRS_SNPP_NRT,,0,,,New / No Local History
15.92075,77.74921,332.41,0.55,0.43,2026-10-08,758,N,VIIRS,l,2.0NRT,305.48,2.48,D,VIIRS_SNPP_NRT,,0,,,New / No Local History
18.68603,78.3554,331.01,0.46,0.39,2026-10-08,818,N20,VIIRS,n,2.0NRT,300.88,2.47,D,VIIRS_NOAA20_NRT,,0,,,New / No Local History
26.29905,71.0865,340.44,0.41,0.37,2026-10-08,820,N20,VIIRS,l,2.0NRT,314.23,2.47,D,VIIRS_NOAA20_NRT,,0,,,New / No Local History
26.30245,71.08579,342.1,0.41,0.37,2026-10-08,820,N20,VIIRS,l,2.0NRT,313.53,2.47,D,VIIRS_NOAA20_NRT,,0,,,New / No Local History
24.82138,73.09236,321.48,0.41,0.37,2026-10-08,2049,N20,VIIRS,n,2.0NRT,301.13,2.47,N,VIIRS_NOAA20_NRT,0.9616666666666668,6,0.01660747019673923,156.84575389948006,Abnormal Increase
26.8798,76.66505,337.88,0.44,0.39,2026-10-08,803,N,VIIRS,l,2.0NRT,310.51,2.47,D,VIIRS_SNPP_NRT,,0,,,New / No Local History
22.31822,82.55993,320.72,0.4,0.37,2026-10-08,2027,N,VIIRS,n,2.0NRT,296.42,2.47,N,VIIRS_SNPP_NRT,1.9195,20,0.06069963528432251,28.67934357905706,Persistent / Stable
23.7103,86.44788,311.97,0.39,0.36,2026-10-08,1949,N21,VIIRS,n,2.0NRT,293.65,2.46,N,VIIRS_NOAA21_NRT,2.5038571428571417,70,0.007803211348179956,-1.7515832715238895,Persistent / Stable
20.79546,85.25075,310.37,0.72,0.76,2026-10-08,1908,N20,VIIRS,n,2.0NRT,289.18,2.46,N,VIIRS_NOAA20_NRT,4.153833333333335,60,0.028066827862028264,-40.77759499257716,Persistent / Stable
21.37464,81.63979,307.99,0.39,0.36,2026-10-08,2027,N,VIIRS,n,2.0NRT,294.76,2.46,N,VIIRS_SNPP_NRT,2.078888888888889,9,0.030519414049496367,18.33244254409407,Persistent / Stable
20.80472,85.25894,330.91,0.41,0.37,2026-10-08,722,N21,VIIRS,l,2.0NRT,301.16,2.45,D,VIIRS_NOAA21_NRT,4.153833333333335,60,0.02817750928243891,-41.018336476347166,Persistent / Stable
20.80812,85.2583,330.16,0.41,0.37,2026-10-08,722,N21,VIIRS,l,2.0NRT,301.24,2.45,D,VIIRS_NOAA21_NRT,4.153833333333335,60,0.03362454197652842,-41.018336476347166,Persistent / Stable
9.79653,79.03997,334.51,0.41,0.37,2026-10-08,816,N20,VIIRS,n,2.0NRT,277.92,2.45,D,VIIRS_NOAA20_NRT,,0,,,New / No Local History
23.76279,86.39612,299.8,0.65,0.73,2026-10-08,1906,N20,VIIRS,n,2.0NRT,286.83,2.45,N,VIIRS_NOAA20_NRT,2.1942763157894736,152,0.023997217282885522,11.654124066800602,Persistent / Stable
23.76952,86.39684,304.35,0.65,0.73,2026-10-08,1906,N20,VIIRS,n,2.0NRT,287.06,2.45,N,VIIRS_NOAA20_NRT,2.1866013071895423,153,0.02682217925706313,12.046031983261116,Persistent / Stable
22.57623,85.89329,302.72,0.46,0.64,2026-10-08,2049,N20,VIIRS,n,2.0NRT,287.28,2.45,N,VIIRS_NOAA20_NRT,2.615555555555556,18,0.10475129129401942,-6.329651656754464,Persistent / Stable
27.41836,78.63327,332.08,0.39,0.36,2026-10-08,803,N,VIIRS,n,2.0NRT,302.1,2.45,D,VIIRS_SNPP_NRT,,0,,,New / No Local History
20.96507,86.01479,313.11,0.39,0.44,2026-10-08,2027,N,VIIRS,n,2.0NRT,292.97,2.45,N,VIIRS_SNPP_NRT,3.830652173913042,46,0.023550130183527838,-36.04222234833434,Persistent / Stable
20.96577,86.01107,321.17,0.39,0.44,2026-10-08,2027,N,VIIRS,n,2.0NRT,293.75,2.45,N,VIIRS_SNPP_NRT,3.830652173913042,46,0.009865933920518008,-36.04222234833434,Persistent / Stable
23.19918,76.99378,330.73,0.36,0.57,2026-10-08,724,N21,VIIRS,l,2.0NRT,305.21,2.44,D,VIIRS_NOAA21_NRT,,0,,,New / No Local History
24.89678,76.93249,331.78,0.33,0.56,2026-10-08,724,N21,VIIRS,l,2.0NRT,306.54,2.44,D,VIIRS_NOAA21_NRT,,0,,,New / No Local History
13.05861,79.57869,336.77,0.46,0.39,2026-10-08,816,N20,VIIRS,n,2.0NRT,300.63,2.44,D,VIIRS_NOAA20_NRT,,0,,,New / No Local History
14.43457,75.94498,330.88,0.38,0.36,2026-10-08,818,N20,VIIRS,l,2.0NRT,300.98,2.44,D,VIIRS_NOAA20_NRT,,0,,,New / No Local History
18.80427,78.45453,330.33,0.46,0.39,2026-10-08,818,N20,VIIRS,l,2.0NRT,302.64,2.44,D,VIIRS_NOAA20_NRT,,0,,,New / No Local History
24.9341,76.29752,337.38,0.43,0.38,2026-10-08,820,N20,VIIRS,n,2.0NRT,306.27,2.44,D,VIIRS_NOAA20_NRT,,0,,,New / No Local History
26.15918,71.27932,342.12,0.41,0.37,2026-10-08,820,N20,VIIRS,l,2.0NRT,314.61,2.44,D,VIIRS_NOAA20_NRT,,0,,,New / No Local History
26.16257,71.27863,344.73,0.41,0.37,2026-10-08,820,N20,VIIRS,l,2.0NRT,315.57,2.44,D,VIIRS_NOAA20_NRT,,0,,,New / No Local History
26.16325,71.28269,340.9,0.41,0.37,2026-10-08,820,N20,VIIRS,l,2.0NRT,314.84,2.44,D,VIIRS_NOAA20_NRT,,0,,,New / No Local History
28.61166,78.54624,330.24,0.4,0.44,2026-10-08,822,N20,VIIRS,n,2.0NRT,297.86,2.44,D,VIIRS_NOAA20_NRT,,0,,,New / No Local History
23.80379,86.32348,315.29,0.39,0.36,2026-10-08,1949,N21,VIIRS,n,2.0NRT,292.84,2.43,N,VIIRS_NOAA21_NRT,2.4911999999999996,50,0.00915971122479223,-2.45664739884391,Persistent / Stable
23.69403,87.12397,303.05,0.52,0.67,2026-10-08,2046,N20,VIIRS,n,2.0NRT,289.23,2.43,N,VIIRS_NOAA20_NRT,2.839636363636363,55,0.015274038122970594,-14.425662696888175,Persistent / Stable
20.533,85.90856,322.28,0.39,0.44,2026-10-08,2027,N,VIIRS,n,2.0NRT,294.15,2.43,N,VIIRS_SNPP_NRT,,0,,,New / No Local History
22.31775,82.55953,311.69,0.52,0.42,2026-10-08,1951,N21,VIIRS,n,2.0NRT,294.91,2.42,N,VIIRS_NOAA21_NRT,1.9195,20,0.10183701106786949,26.07449856733524,Persistent / Stable
22.45248,77.1785,336.27,0.44,0.39,2026-10-08,820,N20,VIIRS,l,2.0NRT,311.15,2.42,D,VIIRS_NOAA20_NRT,,0,,,New / No Local History
23.73766,86.42921,303.07,0.55,0.43,2026-10-08,2027,N,VIIRS,n,2.0NRT,290.76,2.42,N,VIIRS_SNPP_NRT,2.219047619047619,84,0.008641264728402988,9.0557939914163,Persistent / Stable
23.55503,87.24313,319.25,0.38,0.36,2026-10-08,1949,N21,VIIRS,n,2.0NRT,293.11,2.41,N,VIIRS_NOAA21_NRT,2.9255263157894738,38,0.06627463124718647,-17.621660519924436,Persistent / Stable
23.55832,87.24374,306.1,0.38,0.36,2026-10-08,1949,N21,VIIRS,n,2.0NRT,291.86,2.41,N,VIIRS_NOAA21_NRT,2.9255263157894738,38,0.008992554188466546,-17.621660519924436,Persistent / Stable
23.5589,87.24001,338.32,0.38,0.36,2026-10-08,1949,N21,VIIRS,n,2.0NRT,293.32,2.41,N,VIIRS_NOAA21_NRT,2.9255263157894738,38,0.011855915093180815,-17.621660519924436,Persistent / Stable
15.91257,78.35551,334.97,0.51,0.41,2026-10-08,758,N,VIIRS,n,2.0NRT,302.16,2.41,D,VIIRS_SNPP_NRT,,0,,,New / No Local History
20.9555,85.0113,309.73,0.51,0.41,2026-10-08,2027,N,VIIRS,n,2.0NRT,293.53,2.41,N,VIIRS_SNPP_NRT,3.09125,8,0.014639936732622883,-22.038010513546297,Persistent / Stable
20.96218,85.1735,329.13,0.4,0.37,2026-10-08,1951,N21,VIIRS,n,2.0NRT,295.73,2.4,N,VIIRS_NOAA21_NRT,3.5599137931034472,116,0.006540832327955876,-32.582637123138376,Persistent / Stable
20.96274,85.16968,319.45,0.4,0.37,2026-10-08,1951,N21,VIIRS,n,2.0NRT,296.06,2.4,N,VIIRS_NOAA21_NRT,3.536637168141592,113,0.020936662857048455,-32.138925032529265,Persistent / Stable
20.96553,85.17404,309.29,0.4,0.37,2026-10-08,1951,N21,VIIRS,n,2.0NRT,294.66,2.4,N,VIIRS_NOAA21_NRT,3.5433628318584063,113,0.017818851433526357,-32.267732267732256,Persistent / Stable
23.77838,86.36494,303.34,0.65,0.73,2026-10-08,1906,N20,VIIRS,n,2.0NRT,286.73,2.4,N,VIIRS_NOAA20_NRT,1.968269230769231,52,0.01463193930241151,21.934538348803102,Persistent / Stable
27.94741,77.60773,335.77,0.4,0.37,2026-10-08,803,N,VIIRS,n,2.0NRT,306.71,2.4,D,VIIRS_SNPP_NRT,,0,,,New / No Local History
21.76256,84.01929,310.55,0.45,0.39,2026-10-08,2027,N,VIIRS,n,2.0NRT,294.63,2.4,N,VIIRS_SNPP_NRT,2.5425,24,0.008226602240075329,-5.6047197640118025,Persistent / Stable
23.16482,82.34156,333.16,0.39,0.36,2026-10-08,2027,N,VIIRS,n,2.0NRT,294.53,2.4,N,VIIRS_SNPP_NRT,1.913076923076923,13,0.006158475954262278,25.452352231604348,Persistent / Stable
23.16816,82.3422,320.57,0.39,0.36,2026-10-08,2027,N,VIIRS,n,2.0NRT,294.31,2.4,N,VIIRS_SNPP_NRT,1.913076923076923,13,0.03437103531698868,25.452352231604348,Persistent / Stable
23.78003,85.57613,305.99,0.5,0.41,2026-10-08,2027,N,VIIRS,n,2.0NRT,291.4,2.4,N,VIIRS_SNPP_NRT,1.5119999999999998,10,0.006583977873814158,58.73015873015874,Abnormal Increase
20.9549,85.0117,314.69,0.4,0.37,2026-10-08,1951,N21,VIIRS,n,2.0NRT,295.27,2.39,N,VIIRS_NOAA21_NRT,3.09125,8,0.027004484421151453,-22.68499797816417,Persistent / Stable
21.70323,75.63456,335.43,0.39,0.36,2026-10-08,820,N20,VIIRS,l,2.0NRT,309.64,2.39,D,VIIRS_NOAA20_NRT,,0,,,New / No Local History
23.6951,85.3719,328.82,0.47,0.64,2026-10-08,820,N20,VIIRS,n,2.0NRT,291.56,2.39,D,VIIRS_NOAA20_NRT,1.4726315789473683,19,0.04583850571805759,62.29449606862046,Abnormal Increase
24.83852,77.04986,333.2,0.46,0.39,2026-10-08,820,N20,VIIRS,l,2.0NRT,308.16,2.39,D,VIIRS_NOAA20_NRT,,0,,,New / No Local History
23.80567,86.32703,307.53,0.66,0.73,2026-10-08,1906,N20,VIIRS,n,2.0NRT,287.09,2.39,N,VIIRS_NOAA20_NRT,2.4190566037735852,53,0.03589579580663203,-1.2011543561344749,Persistent / Stable
27.66969,76.12835,315.93,0.38,0.36,2026-10-08,2046,N20,VIIRS,n,2.0NRT,297.48,2.39,N,VIIRS_NOAA20_NRT,0.9249999999999999,2,0.0827838587329704,158.37837837837841,Abnormal Increase
20.9702,86.0201,311.8,0.51,0.66,2026-10-08,2049,N20,VIIRS,n,2.0NRT,289.82,2.39,N,VIIRS_NOAA20_NRT,3.6050943396226396,53,0.12771115065838226,-33.7049248966347,Persistent / Stable
21.7461,83.84207,324.06,0.44,0.39,2026-10-08,2027,N,VIIRS,n,2.0NRT,295.1,2.39,N,VIIRS_SNPP_NRT,4.736385542168675,83,0.0047131226176933515,-49.53958078958079,Persistent / Stable
21.74963,83.8428,314.36,0.44,0.39,2026-10-08,2027,N,VIIRS,n,2.0NRT,295.25,2.39,N,VIIRS_SNPP_NRT,4.736385542168675,83,0.01235345574304416,-49.53958078958079,Persistent / Stable
15.68079,77.64573,331.55,0.41,0.37,2026-10-08,818,N20,VIIRS,l,2.0NRT,302.71,2.38,D,VIIRS_NOAA20_NRT,,0,,,New / No Local History
22.05453,88.12104,311.46,0.48,0.65,2026-10-08,1908,N20,VIIRS,n,2.0NRT,290.13,2.38,N,VIIRS_NOAA20_NRT,4.342173913043477,23,0.01174386960794475,-45.18874536897966,Persistent / Stable
20.96301,85.17086,306.75,0.45,0.63,2026-10-08,2049,N20,VIIRS,n,2.0NRT,289.76,2.38,N,VIIRS_NOAA20_NRT,3.5399999999999987,117,0.006230861291097325,-32.768361581920885,Persistent / Stable
20.9677,85.17657,310.31,0.45,0.63,2026-10-08,2049,N20,VIIRS,n,2.0NRT,290.05,2.38,N,VIIRS_NOAA20_NRT,3.5795412844036694,109,0.012198262306360227,-33.51103365199785,Persistent / Stable
20.96866,85.17236,327.17,0.45,0.63,2026-10-08,2049,N20,VIIRS,n,2.0NRT,290.54,2.38,N,VIIRS_NOAA20_NRT,3.5596581196581183,117,0.009422696683204498,-33.1396465616596,Persistent / Stable
18.92845,78.4121,334.75,0.36,0.57,2026-10-08,722,N21,VIIRS,n,2.0NRT,293.72,2.37,D,VIIRS_NOAA21_NRT,,0,,,New / No Local History
21.24215,79.22649,309.55,0.54,0.51,2026-10-08,1951,N21,VIIRS,n,2.0NRT,295.92,2.37,N,VIIRS_NOAA21_NRT,1.2166666666666666,6,0.3140373036210684,94.79452054794523,Abnormal Increase
23.6477,85.44037,307.34,0.41,0.37,2026-10-08,1949,N21,VIIRS,n,2.0NRT,287.92,2.36,N,VIIRS_NOAA21_NRT,3.0220454545454554,44,0.013223610109855873,-21.90719711213058,Persistent / Stable
23.64827,85.4364,328.63,0.41,0.37,2026-10-08,1949,N21,VIIRS,n,2.0NRT,290.19,2.36,N,VIIRS_NOAA21_NRT,3.0220454545454554,44,0.01238835613154501,-21.90719711213058,Persistent / Stable
15.17929,76.67521,308.94,0.33,0.55,2026-10-08,1953,N21,VIIRS,n,2.0NRT,294.88,2.36,N,VIIRS_NOAA21_NRT,2.448350515463918,194,0.007341947258670503,-3.6085729925470704,Persistent / Stable
17.80069,76.1765,331.9,0.39,0.36,2026-10-08,818,N20,VIIRS,n,2.0NRT,303.22,2.36,D,VIIRS_NOAA20_NRT,,0,,,New / No Local History
23.90504,71.20796,344.86,0.43,0.38,2026-10-08,820,N20,VIIRS,n,2.0NRT,311.08,2.35,D,VIIRS_NOAA20_NRT,,0,,,New / No Local History
20.96219,85.17303,306.04,0.73,0.76,2026-10-08,1908,N20,VIIRS,n,2.0NRT,288.6,2.35,N,VIIRS_NOAA20_NRT,3.5599137931034472,116,0.010616689776996962,-33.98716551640632,Persistent / Stable
20.96727,85.17423,304.17,0.73,0.76,2026-10-08,1908,N20,VIIRS,n,2.0NRT,288.72,2.35,N,VIIRS_NOAA20_NRT,3.5433628318584063,113,0.004370961541162147,-33.67882117882116,Persistent / Stable
20.96924,85.17354,309.01,0.73,0.76,2026-10-08,1908,N20,VIIRS,n,2.0NRT,288.72,2.35,N,VIIRS_NOAA20_NRT,3.5599137931034472,116,0.011569873391485273,-33.98716551640632,Persistent / Stable
20.96981,85.16624,312.94,0.73,0.76,2026-10-08,1908,N20,VIIRS,n,2.0NRT,288.7,2.35,N,VIIRS_NOAA20_NRT,3.4839622641509425,106,0.014646920435861653,-32.54806390468452,Persistent / Stable
20.97432,85.17479,303.33,0.73,0.76,2026-10-08,1908,N20,VIIRS,n,2.0NRT,288.12,2.35,N,VIIRS_NOAA20_NRT,3.5629999999999997,110,0.006019492749390851,-34.04434465338198,Persistent / Stable
22.03852,83.35362,311.93,0.42,0.38,2026-10-08,2027,N,VIIRS,n,2.0NRT,293.29,2.35,N,VIIRS_SNPP_NRT,1.5653846153846156,13,0.004688115064020931,50.1228501228501,Abnormal Increase
23.77431,86.38457,309.5,0.39,0.36,2026-10-08,1949,N21,VIIRS,n,2.0NRT,292.67,2.34,N,VIIRS_NOAA21_NRT,2.172089552238806,134,0.05321050084577053,7.730364873222011,Persistent / Stable
23.77705,86.38897,329.54,0.39,0.36,2026-10-08,1949,N21,VIIRS,n,2.0NRT,294.3,2.34,N,VIIRS_NOAA21_NRT,2.20476821192053,151,0.0020426189739031157,6.13360567103206,Persistent / Stable
15.18468,76.31795,331.07,0.38,0.36,2026-10-08,818,N20,VIIRS,l,2.0NRT,305.7,2.34,D,VIIRS_NOAA20_NRT,1.6600000000000001,3,0.19423603810568157,40.96385542168673,Persistent / Stable
23.2441,79.5797,331.92,0.4,0.44,2026-10-08,820,N20,VIIRS,l,2.0NRT,305.98,2.34,D,VIIRS_NOAA20_NRT,,0,,,New / No Local History
18.96077,78.49372,333.64,0.46,0.39,2026-10-08,758,N,VIIRS,n,2.0NRT,301.51,2.34,D,VIIRS_SNPP_NRT,,0,,,New / No Local History
23.77042,86.19786,302.68,0.54,0.42,2026-10-08,2027,N,VIIRS,n,2.0NRT,290.04,2.34,N,VIIRS_SNPP_NRT,3.051874999999999,48,0.03592469645346356,-23.325824288347306,Persistent / Stable
23.71304,86.45224,321.12,0.39,0.36,2026-10-08,1949,N21,VIIRS,n,2.0NRT,293.33,2.33,N,VIIRS_NOAA21_NRT,2.643666666666666,60,0.0034734312559592455,-11.864834194931255,Persistent / Stable
23.77585,86.36352,309.29,0.65,0.73,2026-10-08,1906,N20,VIIRS,n,2.0NRT,286.66,2.33,N,VIIRS_NOAA20_NRT,1.9622641509433965,53,0.05329390264346409,18.740384615384606,Persistent / Stable
27.05885,77.02403,340.59,0.43,0.38,2026-10-08,803,N,VIIRS,n,2.0NRT,307.16,2.33,D,VIIRS_SNPP_NRT,,0,,,New / No Local History
20.9695,85.16908,305.94,0.52,0.42,2026-10-08,2027,N,VIIRS,n,2.0NRT,293.12,2.33,N,VIIRS_SNPP_NRT,3.5766964285714273,112,0.01674839272800729,-34.856087271274845,Persistent / Stable
23.68402,86.39663,312.96,0.39,0.36,2026-10-08,1949,N21,VIIRS,n,2.0NRT,292.16,2.32,N,VIIRS_NOAA21_NRT,3.0147826086956515,92,0.007887105578162069,-23.045860974906248,Persistent / Stable
23.68458,86.39283,330.43,0.39,0.36,2026-10-08,1949,N21,VIIRS,n,2.0NRT,294.81,2.32,N,VIIRS_NOAA21_NRT,3.0147826086956515,92,0.0025145876245495926,-23.045860974906248,Persistent / Stable
23.78177,85.57606,307.02,0.41,0.37,2026-10-08,1949,N21,VIIRS,n,2.0NRT,292.13,2.32,N,VIIRS_NOAA21_NRT,1.5119999999999998,10,0.0013665168806256628,53.43915343915345,Abnormal Increase
18.75303,78.294,331.45,0.45,0.39,2026-10-08,818,N20,VIIRS,n,2.0NRT,304.24,2.32,D,VIIRS_NOAA20_NRT,,0,,,New / No Local History
27.3789,95.33431,327.86,0.35,0.56,2026-10-08,724,N21,VIIRS,n,2.0NRT,293.47,2.31,D,VIIRS_NOAA21_NRT,3.152,10,0.02296566835605566,-26.713197969543153,Persistent / Stable
23.77156,86.19734,317.97,0.39,0.36,2026-10-08,1949,N21,VIIRS,n,2.0NRT,292.47,2.31,N,VIIRS_NOAA21_NRT,3.051874999999999,48,0.0174767528395356,-24.308826541060796,Persistent / Stable
20.96332,86.05015,323.08,0.39,0.36,2026-10-08,1951,N21,VIIRS,n,2.0NRT,294.82,2.31,N,VIIRS_NOAA21_NRT,3.456785714285715,28,0.02676462756982705,-33.174914763921905,Persistent / Stable
20.83196,76.78794,337.14,0.42,0.37,2026-10-08,820,N20,VIIRS,n,2.0NRT,307.01,2.3,D,VIIRS_NOAA20_NRT,,0,,,New / No Local History
23.77709,86.38479,306.89,0.65,0.73,2026-10-08,1906,N20,VIIRS,n,2.0NRT,287.12,2.3,N,VIIRS_NOAA20_NRT,2.2119852941176465,136,0.03052777573692463,3.978991456969068,Persistent / Stable
23.78382,86.38555,311.35,0.65,0.73,2026-10-08,1906,N20,VIIRS,n,2.0NRT,287.03,2.3,N,VIIRS_NOAA20_NRT,2.2577304964539007,141,0.025743270281946527,1.872212100270145,Persistent / Stable
15.17283,76.69136,312.16,0.51,0.41,2026-10-08,2051,N20,VIIRS,n,2.0NRT,294.18,2.3,N,VIIRS_NOAA20_NRT,1.9186419753086406,81,0.020573289085093024,19.876455826523472,Persistent / Stable
23.03577,72.27823,339.02,0.41,0.37,2026-10-08,820,N20,VIIRS,n,2.0NRT,306.72,2.29,D,VIIRS_NOAA20_NRT,,0,,,New / No Local History
28.67666,78.48322,330.98,0.39,0.36,2026-10-08,803,N,VIIRS,n,2.0NRT,298.91,2.29,D,VIIRS_SNPP_NRT,,0,,,New / No Local History
22.03776,83.73053,316.9,0.44,0.38,2026-10-08,2027,N,VIIRS,n,2.0NRT,294.8,2.29,N,VIIRS_SNPP_NRT,1.5490000000000002,10,0.06294561016915383,47.83731439638475,Persistent / Stable
23.80113,86.33154,329.14,0.55,0.42,2026-10-08,2027,N,VIIRS,n,2.0NRT,291.62,2.29,N,VIIRS_SNPP_NRT,2.3069230769230784,65,0.0030625477932382725,-0.7335778592864912,Persistent / Stable
23.80215,86.32623,305.48,0.55,0.42,2026-10-08,2027,N,VIIRS,n,2.0NRT,291.19,2.29,N,VIIRS_SNPP_NRT,2.4528846153846153,52,0.024587418712323124,-6.640533124264991,Persistent / Stable
23.80501,86.33241,320.09,0.55,0.42,2026-10-08,2027,N,VIIRS,n,2.0NRT,292.18,2.29,N,VIIRS_SNPP_NRT,2.301549295774649,71,0.004568617963067725,-0.5018052750750045,Persistent / Stable
23.80602,86.32712,304.94,0.55,0.42,2026-10-08,2027,N,VIIRS,n,2.0NRT,291.57,2.29,N,VIIRS_SNPP_NRT,2.4190566037735852,53,0.03463962516197973,-5.334997270103747,Persistent / Stable
15.16794,76.3789,316.27,0.45,0.39,2026-10-08,2029,N,VIIRS,n,2.0NRT,296.21,2.29,N,VIIRS_SNPP_NRT,1.3534615384615383,26,0.006151110617242271,69.1957942597329,Abnormal Increase
15.18038,76.66606,310.41,0.33,0.55,2026-10-08,1953,N21,VIIRS,n,2.0NRT,294.72,2.28,N,VIIRS_NOAA21_NRT,2.4463876651982392,227,0.016105133884598027,-6.801361352709259,Persistent / Stable
24.74817,77.67365,331.51,0.43,0.38,2026-10-08,801,N,VIIRS,n,2.0NRT,304.19,2.28,D,VIIRS_SNPP_NRT,,0,,,New / No Local History
21.48607,81.76772,314.93,0.39,0.36,2026-10-08,2027,N,VIIRS,n,2.0NRT,296.11,2.28,N,VIIRS_SNPP_NRT,1.4842857142857144,7,0.006974164183540955,53.609239653512965,Abnormal Increase
22.24623,87.39079,310.38,0.44,0.46,2026-10-08,2027,N,VIIRS,n,2.0NRT,291.0,2.28,N,VIIRS_SNPP_NRT,2.518,10,0.08346296317837752,-9.451945988880064,Persistent / Stable
15.17422,76.65512,328.59,0.43,0.38,2026-10-08,2029,N,VIIRS,n,2.0NRT,296.24,2.28,N,VIIRS_SNPP_NRT,2.625329670329671,182,0.0015137597135377033,-13.153764048471183,Persistent / Stable
15.1748,76.65108,307.98,0.44,0.38,2026-10-08,2029,N,VIIRS,n,2.0NRT,294.24,2.28,N,VIIRS_SNPP_NRT,2.715590062111801,161,0.05295984576872129,-16.040346744127543,Persistent / Stable
15.17774,76.65566,319.56,0.43,0.38,2026-10-08,2029,N,VIIRS,n,2.0NRT,297.81,2.28,N,VIIRS_SNPP_NRT,2.607700534759358,187,0.0012805480561286998,-12.566647526864081,Persistent / Stable
18.71879,79.53903,316.36,0.39,0.36,2026-10-08,2029,N,VIIRS,n,2.0NRT,298.91,2.28,N,VIIRS_SNPP_NRT,1.7500000000000002,13,0.003760220886310812,30.28571428571426,Persistent / Stable
21.18398,81.38496,309.6,0.39,0.44,2026-10-08,1951,N21,VIIRS,n,2.0NRT,296.37,2.27,N,VIIRS_NOAA21_NRT,2.7287500000000002,24,0.016268548007017044,-16.811726981218513,Persistent / Stable
24.88561,76.16251,334.23,0.43,0.38,2026-10-08,820,N20,VIIRS,l,2.0NRT,308.8,2.27,D,VIIRS_NOAA20_NRT,,0,,,New / No Local History
20.9743,85.1739,312.91,0.45,0.63,2026-10-08,2049,N20,VIIRS,n,2.0NRT,289.68,2.27,N,VIIRS_NOAA20_NRT,3.554473684210526,114,0.021617594957232186,-36.13681794625008,Persistent / Stable
22.93399,69.70123,308.77,0.55,0.42,2026-10-08,2049,N20,VIIRS,n,2.0NRT,296.12,2.27,N,VIIRS_NOAA20_NRT,2.3864,25,0.01707728773359285,-4.877639959772044,Persistent / Stable
22.93465,69.69591,326.25,0.55,0.42,2026-10-08,2049,N20,VIIRS,n,2.0NRT,295.41,2.27,N,VIIRS_NOAA20_NRT,2.3864,25,0.008139115431304174,-4.877639959772044,Persistent / Stable
20.88679,84.98357,310.31,0.51,0.41,2026-10-08,2027,N,VIIRS,n,2.0NRT,293.4,2.27,N,VIIRS_SNPP_NRT,3.015394736842105,76,0.026831143585926795,-24.719640441593565,Persistent / Stable
22.042,83.72704,321.81,0.44,0.38,2026-10-08,2027,N,VIIRS,n,2.0NRT,293.49,2.27,N,VIIRS_SNPP_NRT,1.5490000000000002,10,0.0867603903233215,46.54615881213685,Persistent / Stable
14.96233,75.53234,335.75,0.39,0.36,2026-10-08,818,N20,VIIRS,l,2.0NRT,307.03,2.26,D,VIIRS_NOAA20_NRT,,0,,,New / No Local History
16.49622,79.58268,335.57,0.5,0.41,2026-10-08,818,N20,VIIRS,l,2.0NRT,307.28,2.26,D,VIIRS_NOAA20_NRT,4.62,1,1.2370730077394454,-51.082251082251084,Single Historical Detection
23.16552,82.34143,319.74,0.54,0.51,2026-10-08,2049,N20,VIIRS,n,2.0NRT,292.48,2.26,N,VIIRS_NOAA20_NRT,1.913076923076923,13,0.008437843905455211,18.13429835142742,Persistent / Stable
23.17011,82.34245,308.11,0.54,0.51,2026-10-08,2049,N20,VIIRS,n,2.0NRT,292.13,2.26,N,VIIRS_NOAA20_NRT,1.913076923076923,13,0.013201682183601295,18.13429835142742,Persistent / Stable
11.86499,78.90057,330.37,0.42,0.38,2026-10-08,816,N20,VIIRS,n,2.0NRT,298.84,2.25,D,VIIRS_NOAA20_NRT,10.465,2,0.4005908501259305,-78.49976110845675,Persistent / Reduced
21.1673,71.93741,335.22,0.43,0.38,2026-10-08,820,N20,VIIRS,n,2.0NRT,305.03,2.25,D,VIIRS_NOAA20_NRT,,0,,,New / No Local History
23.78072,86.39049,304.42,0.65,0.73,2026-10-08,1906,N20,VIIRS,n,2.0NRT,287.42,2.25,N,VIIRS_NOAA20_NRT,2.20476821192053,151,0.014321666284394585,2.0515439144539105,Persistent / Stable
23.78119,86.38403,313.0,0.65,0.73,2026-10-08,1906,N20,VIIRS,n,2.0NRT,287.21,2.25,N,VIIRS_NOAA20_NRT,2.1471093750000003,128,0.10813806990228951,4.79205326929373,Persistent / Stable
22.8013,86.09174,307.95,0.55,0.43,2026-10-08,2027,N,VIIRS,n,2.0NRT,290.8,2.25,N,VIIRS_SNPP_NRT,2.015,14,0.02565276709273675,11.662531017369721,Persistent / Stable
23.16582,82.34378,314.33,0.55,0.43,2026-10-08,1951,N21,VIIRS,n,2.0NRT,292.9,2.24,N,VIIRS_NOAA21_NRT,1.913076923076923,13,0.05846700179626059,17.08886208283074,Persistent / Stable
23.16648,82.33847,311.46,0.55,0.43,2026-10-08,1951,N21,VIIRS,n,2.0NRT,293.72,2.24,N,VIIRS_NOAA21_NRT,1.913076923076923,13,0.0020911856833753,17.08886208283074,Persistent / Stable
26.30111,71.09882,344.86,0.41,0.37,2026-10-08,820,N20,VIIRS,l,2.0NRT,314.98,2.24,D,VIIRS_NOAA20_NRT,,0,,,New / No Local History
26.30179,71.10293,346.83,0.41,0.37,2026-10-08,820,N20,VIIRS,n,2.0NRT,313.99,2.24,D,VIIRS_NOAA20_NRT,,0,,,New / No Local History
26.3045,71.09811,342.25,0.41,0.37,2026-10-08,820,N20,VIIRS,l,2.0NRT,315.06,2.24,D,VIIRS_NOAA20_NRT,,0,,,New / No Local History
26.30519,71.10222,345.06,0.41,0.37,2026-10-08,820,N20,VIIRS,n,2.0NRT,313.31,2.24,D,VIIRS_NOAA20_NRT,,0,,,New / No Local History
22.05699,88.12476,311.16,0.66,0.73,2026-10-08,2049,N20,VIIRS,n,2.0NRT,287.45,2.24,N,VIIRS_NOAA20_NRT,4.342173913043477,23,0.01880658223468646,-48.412936817863205,Persistent / Stable
15.1701,76.68347,316.48,0.43,0.38,2026-10-08,2029,N,VIIRS,n,2.0NRT,295.21,2.24,N,VIIRS_SNPP_NRT,2.2799300699300695,143,0.062253169421374446,-1.7513725730760705,Persistent / Stable
22.3171,82.56458,306.39,0.52,0.42,2026-10-08,1951,N21,VIIRS,n,2.0NRT,295.84,2.23,N,VIIRS_NOAA21_NRT,1.9521052631578946,19,0.03928687692507399,14.235643030466441,Persistent / Stable
20.79198,85.25394,304.15,0.46,0.64,2026-10-08,2049,N20,VIIRS,n,2.0NRT,289.98,2.23,N,VIIRS_NOAA20_NRT,4.153833333333335,60,0.015385797441622495,-46.314649119287424,Persistent / Stable
21.75154,76.30173,337.8,0.54,0.42,2026-10-08,801,N,VIIRS,n,2.0NRT,310.31,2.23,D,VIIRS_SNPP_NRT,,0,,,New / No Local History
19.76331,78.61288,334.76,0.44,0.39,2026-10-08,801,N,VIIRS,l,2.0NRT,307.01,2.22,D,VIIRS_SNPP_NRT,,0,,,New / No Local History
28.46671,77.19024,334.5,0.41,0.37,2026-10-08,803,N,VIIRS,n,2.0NRT,301.47,2.22,D,VIIRS_SNPP_NRT,,0,,,New / No Local History
24.76509,74.60692,309.57,0.48,0.48,2026-10-08,2027,N,VIIRS,n,2.0NRT,296.99,2.22,N,VIIRS_SNPP_NRT,1.0876923076923075,13,0.02019785914602743,104.10183875530414,Abnormal Increase
20.96441,85.18166,313.6,0.4,0.37,2026-10-08,1951,N21,VIIRS,n,2.0NRT,295.18,2.21,N,VIIRS_NOAA21_NRT,3.6008411214953266,107,0.004274203564234284,-38.625450959017876,Persistent / Stable
20.96497,85.17786,315.94,0.4,0.37,2026-10-08,1951,N21,VIIRS,n,2.0NRT,295.46,2.21,N,VIIRS_NOAA21_NRT,3.5795412844036694,109,0.03501925190154735,-38.260245533997995,Persistent / Stable
21.75586,83.84502,315.12,0.45,0.39,2026-10-08,1951,N21,VIIRS,n,2.0NRT,295.23,2.21,N,VIIRS_NOAA21_NRT,4.736385542168675,83,0.010341765786535222,-53.339947089947096,Persistent / Reduced
23.67884,86.39279,305.5,0.65,0.73,2026-10-08,1906,N20,VIIRS,n,2.0NRT,287.69,2.21,N,VIIRS_NOAA20_NRT,3.0147826086956515,92,0.01143410127811386,-26.694548601096034,Persistent / Stable
21.07918,85.03606,306.9,0.44,0.62,2026-10-08,2049,N20,VIIRS,n,2.0NRT,290.18,2.21,N,VIIRS_NOAA20_NRT,2.44,20,0.12762192722177684,-9.426229508196721,Persistent / Stable
21.08013,85.03191,327.89,0.44,0.62,2026-10-08,2049,N20,VIIRS,n,2.0NRT,289.87,2.21,N,VIIRS_NOAA20_NRT,2.44,20,0.12347346926780078,-9.426229508196721,Persistent / Stable
22.35889,82.30038,318.77,0.56,0.51,2026-10-08,2049,N20,VIIRS,n,2.0NRT,294.87,2.21,N,VIIRS_NOAA20_NRT,3.8262500000000004,24,0.004291261881052851,-42.24109768049657,Persistent / Stable
22.36353,82.30144,309.49,0.56,0.51,2026-10-08,2049,N20,VIIRS,n,2.0NRT,293.98,2.21,N,VIIRS_NOAA20_NRT,3.8262500000000004,24,0.01410129164389203,-42.24109768049657,Persistent / Stable
22.00499,82.67056,318.23,0.4,0.37,2026-10-08,2027,N,VIIRS,n,2.0NRT,296.25,2.21,N,VIIRS_SNPP_NRT,1.743846153846154,13,0.012844665253762159,26.7313630348478,Persistent / Stable
26.87573,73.51373,304.34,0.4,0.6,2026-10-08,2129,N21,VIIRS,n,2.0NRT,293.22,2.2,N,VIIRS_NOAA21_NRT,1.669047619047619,21,0.005673466515678842,31.81169757489303,Persistent / Stable
13.9985,77.32608,334.74,0.39,0.36,2026-10-08,818,N20,VIIRS,n,2.0NRT,301.28,2.2,D,VIIRS_NOAA20_NRT,,0,,,New / No Local History
20.81003,85.25427,306.86,0.46,0.64,2026-10-08,2049,N20,VIIRS,n,2.0NRT,289.94,2.2,N,VIIRS_NOAA20_NRT,4.153833333333335,60,0.02329394693481901,-47.03687357059746,Persistent / Stable
23.78017,85.5743,305.17,0.5,0.41,2026-10-08,2027,N,VIIRS,n,2.0NRT,291.42,2.2,N,VIIRS_SNPP_NRT,1.6318181818181814,11,0.03971942784952727,34.81894150417832,Persistent / Stable
22.36515,87.01482,314.4,0.57,0.69,2026-10-08,1908,N20,VIIRS,n,2.0NRT,287.06,2.19,N,VIIRS_NOAA20_NRT,1.3695833333333332,24,0.035252431349967424,59.902646790386385,Abnormal Increase
18.2059,83.82793,331.53,0.41,0.37,2026-10-08,758,N,VIIRS,n,2.0NRT,299.76,2.19,D,VIIRS_SNPP_NRT,,0,,,New / No Local History
21.34978,81.66595,314.75,0.39,0.36,2026-10-08,2027,N,VIIRS,n,2.0NRT,295.15,2.19,N,VIIRS_SNPP_NRT,2.450666666666667,15,0.07664620075557807,-10.636561479869446,Persistent / Stable
27.61137,95.95857,326.76,0.38,0.59,2026-10-08,724,N21,VIIRS,n,2.0NRT,293.65,2.18,D,VIIRS_NOAA21_NRT,,0,,,New / No Local History
18.68406,73.03023,333.07,0.42,0.37,2026-10-08,818,N20,VIIRS,l,2.0NRT,306.43,2.18,D,VIIRS_NOAA20_NRT,2.326458333333333,48,0.004245856887225649,-6.295334467627815,Persistent / Stable
17.46757,81.13331,330.35,0.39,0.36,2026-10-08,758,N,VIIRS,n,2.0NRT,304.49,2.18,D,VIIRS_SNPP_NRT,,0,,,New / No Local History
22.35781,82.302,331.47,0.4,0.37,2026-10-08,2027,N,VIIRS,n,2.0NRT,298.46,2.18,N,VIIRS_SNPP_NRT,3.8262500000000004,24,0.012430436505625368,-43.02515517804639,Persistent / Stable
22.36116,82.30264,315.33,0.4,0.37,2026-10-08,2027,N,VIIRS,n,2.0NRT,296.99,2.18,N,VIIRS_SNPP_NRT,3.8262500000000004,24,0.01490584041955831,-43.02515517804639,Persistent / Stable
23.64987,85.43698,306.43,0.5,0.41,2026-10-08,2027,N,VIIRS,n,2.0NRT,283.45,2.18,N,VIIRS_SNPP_NRT,3.0220454545454554,44,0.006366861513967676,-27.863427840866372,Persistent / Stable
23.79828,86.31468,311.36,0.39,0.36,2026-10-08,1949,N21,VIIRS,n,2.0NRT,293.01,2.17,N,VIIRS_NOAA21_NRT,2.575531914893617,47,0.6043526266520285,-15.745559686080139,Persistent / Stable
23.55473,87.24054,312.65,0.57,0.69,2026-10-08,1906,N20,VIIRS,n,2.0NRT,288.84,2.17,N,VIIRS_NOAA20_NRT,2.9255263157894738,38,0.00795338014681997,-25.825312584330305,Persistent / Stable
20.97284,86.00525,308.07,0.65,0.73,2026-10-08,1908,N20,VIIRS,n,2.0NRT,289.42,2.17,N,VIIRS_NOAA20_NRT,3.646862745098037,51,0.02742766590354416,-40.49680090327434,Persistent / Stable
20.97335,85.99902,303.89,0.65,0.73,2026-10-08,1908,N20,VIIRS,n,2.0NRT,289.47,2.17,N,VIIRS_NOAA20_NRT,3.6828571428571406,49,0.19737229052131913,-41.07835531419702,Persistent / Stable
20.8847,84.9821,309.93,0.44,0.62,2026-10-08,2049,N20,VIIRS,n,2.0NRT,289.87,2.17,N,VIIRS_NOAA20_NRT,3.015394736842105,76,0.006056100259458157,-28.035955840642306,Persistent / Stable
16.42721,79.65093,334.96,0.33,0.55,2026-10-08,722,N21,VIIRS,n,2.0NRT,302.35,2.16,D,VIIRS_NOAA21_NRT,,0,,,New / No Local History
22.57163,85.89706,314.29,0.39,0.36,2026-10-08,1951,N21,VIIRS,n,2.0NRT,293.28,2.16,N,VIIRS_NOAA21_NRT,2.615555555555556,18,0.017416462619289117,-17.417162276975365,Persistent / Stable
23.69392,87.10403,301.9,0.4,0.45,2026-10-08,2027,N,VIIRS,n,2.0NRT,291.05,2.16,N,VIIRS_SNPP_NRT,2.7710909090909084,55,0.05905692699847011,-22.052358769109613,Persistent / Stable
17.95626,80.79606,307.8,0.39,0.44,2026-10-08,1951,N21,VIIRS,n,2.0NRT,296.35,2.15,N,VIIRS_NOAA21_NRT,2.7118181818181815,33,0.016948123911030726,-20.717398592021446,Persistent / Stable
13.30303,79.99482,330.6,0.48,0.4,2026-10-08,816,N20,VIIRS,n,2.0NRT,298.45,2.15,D,VIIRS_NOAA20_NRT,,0,,,New / No Local History
14.88103,75.33758,337.04,0.39,0.36,2026-10-08,818,N20,VIIRS,l,2.0NRT,311.31,2.15,D,VIIRS_NOAA20_NRT,,0,,,New / No Local History
17.60381,83.19997,310.42,0.44,0.38,2026-10-08,1951,N21,VIIRS,n,2.0NRT,295.51,2.14,N,VIIRS_NOAA21_NRT,2.7028571428571433,35,0.004243106769881604,-20.824524312896415,Persistent / Stable
20.79286,85.25872,309.34,0.4,0.37,2026-10-08,1951,N21,VIIRS,n,2.0NRT,294.89,2.14,N,VIIRS_NOAA21_NRT,4.153833333333335,60,0.007163457269553127,-48.481322473217524,Persistent / Stable
23.16134,79.43484,333.25,0.39,0.44,2026-10-08,820,N20,VIIRS,l,2.0NRT,305.51,2.14,D,VIIRS_NOAA20_NRT,,0,,,New / No Local History
26.53104,71.63135,339.3,0.4,0.37,2026-10-08,820,N20,VIIRS,l,2.0NRT,313.93,2.14,D,VIIRS_NOAA20_NRT,,0,,,New / No Local History
26.53439,71.63068,338.12,0.4,0.37,2026-10-08,820,N20,VIIRS,l,2.0NRT,312.92,2.14,D,VIIRS_NOAA20_NRT,,0,,,New / No Local History
23.71194,86.44659,310.18,0.47,0.64,2026-10-08,2046,N20,VIIRS,n,2.0NRT,288.31,2.14,N,VIIRS_NOAA20_NRT,2.5038571428571417,70,0.04226610515676059,-14.531865122382564,Persistent / Stable
15.17041,76.37905,309.32,0.49,0.4,2026-10-08,2051,N20,VIIRS,n,2.0NRT,294.67,2.14,N,VIIRS_NOAA20_NRT,1.3303571428571428,28,0.020394499796891563,60.859060402684584,Abnormal Increase
15.17245,76.69209,321.36,0.43,0.38,2026-10-08,2029,N,VIIRS,n,2.0NRT,295.72,2.14,N,VIIRS_SNPP_NRT,1.8881818181818169,77,0.01583691827500988,13.336543090996717,Persistent / Stable
15.17385,76.67775,306.05,0.33,0.55,2026-10-08,1953,N21,VIIRS,n,2.0NRT,294.0,2.13,N,VIIRS_NOAA21_NRT,2.3420253164556954,158,0.0047741652504019105,-9.053075343206116,Persistent / Stable
16.79815,73.46426,332.81,0.42,0.38,2026-10-08,818,N20,VIIRS,n,2.0NRT,301.24,2.13,D,VIIRS_NOAA20_NRT,,0,,,New / No Local History
22.29373,75.89782,336.0,0.4,0.37,2026-10-08,820,N20,VIIRS,n,2.0NRT,309.38,2.13,D,VIIRS_NOAA20_NRT,,0,,,New / No Local History
28.38011,76.26691,334.56,0.46,0.39,2026-10-08,822,N20,VIIRS,l,2.0NRT,307.21,2.13,D,VIIRS_NOAA20_NRT,,0,,,New / No Local History
21.36452,81.67839,304.81,0.53,0.5,2026-10-08,2049,N20,VIIRS,n,2.0NRT,293.54,2.13,N,VIIRS_NOAA20_NRT,2.3618750000000004,16,0.04144201350274907,-9.817412013760274,Persistent / Stable
18.68116,73.03458,325.18,0.39,0.36,2026-10-08,2051,N20,VIIRS,n,2.0NRT,296.95,2.13,N,VIIRS_NOAA20_NRT,2.2831999999999995,50,0.03490668229176602,-6.709880868955834,Persistent / Stable
18.68446,73.03514,308.45,0.39,0.36,2026-10-08,2051,N20,VIIRS,n,2.0NRT,297.22,2.13,N,VIIRS_NOAA20_NRT,2.2831999999999995,50,0.0942381323316879,-6.709880868955834,Persistent / Stable
21.33579,78.9689,337.86,0.42,0.37,2026-10-08,801,N,VIIRS,n,2.0NRT,309.82,2.13,D,VIIRS_SNPP_NRT,1.755384615384615,13,0.020994410254292037,21.34092900964068,Persistent / Stable
21.9236,85.22166,306.08,0.51,0.41,2026-10-08,2027,N,VIIRS,n,2.0NRT,290.35,2.13,N,VIIRS_SNPP_NRT,1.847058823529412,17,0.015619552055259214,15.318471337579592,Persistent / Stable
20.88501,84.98138,318.37,0.4,0.37,2026-10-08,1951,N21,VIIRS,n,2.0NRT,295.12,2.12,N,VIIRS_NOAA21_NRT,3.015394736842105,76,0.021873227928373647,-29.694113540166672,Persistent / Stable
20.52971,78.30808,335.2,0.45,0.39,2026-10-08,801,N,VIIRS,l,2.0NRT,306.57,2.12,D,VIIRS_SNPP_NRT,,0,,,New / No Local History
25.39795,76.48427,333.6,0.35,0.57,2026-10-08,724,N21,VIIRS,l,2.0NRT,307.22,2.11,D,VIIRS_NOAA21_NRT,,0,,,New / No Local History
21.92443,83.33753,308.57,0.47,0.4,2026-10-08,1951,N21,VIIRS,n,2.0NRT,294.09,2.11,N,VIIRS_NOAA21_NRT,2.8140740740740737,27,0.03725808210575826,-25.01974203737825,Persistent / Stable
22.26674,75.1344,307.04,0.63,0.72,2026-10-08,2131,N21,VIIRS,n,2.0NRT,293.67,2.11,N,VIIRS_NOAA21_NRT,0.86,2,0.07615058820150886,145.3488372093023,Abnormal Increase
23.56317,87.08331,315.83,0.4,0.45,2026-10-08,2027,N,VIIRS,n,2.0NRT,292.28,2.11,N,VIIRS_SNPP_NRT,1.9581818181818185,11,0.022532144200620687,7.753017641597007,Persistent / Stable
23.75849,86.40573,310.12,0.55,0.43,2026-10-08,2027,N,VIIRS,n,2.0NRT,290.69,2.11,N,VIIRS_SNPP_NRT,2.166168831168831,154,0.00859550335488809,-2.5930033873917053,Persistent / Stable
23.79595,86.35331,322.77,0.39,0.36,2026-10-08,1949,N21,VIIRS,n,2.0NRT,293.39,2.1,N,VIIRS_NOAA21_NRT,1.9220000000000004,55,0.0027458641546217613,9.261186264307995,Persistent / Stable
23.79652,86.3495,313.06,0.39,0.36,2026-10-08,1949,N21,VIIRS,n,2.0NRT,293.52,2.1,N,VIIRS_NOAA21_NRT,2.2261971830985923,71,0.023187949523141436,-5.668733392382666,Persistent / Stable
18.96053,77.88925,333.42,0.44,0.38,2026-10-08,818,N20,VIIRS,l,2.0NRT,307.48,2.1,D,VIIRS_NOAA20_NRT,,0,,,New / No Local History
20.80344,85.25659,315.56,0.4,0.37,2026-10-08,1951,N21,VIIRS,n,2.0NRT,295.1,2.09,N,VIIRS_NOAA21_NRT,4.153833333333335,60,0.008621453590809937,-49.68502989206759,Persistent / Stable
21.00139,86.02668,319.07,0.39,0.36,2026-10-08,1951,N21,VIIRS,n,2.0NRT,294.26,2.09,N,VIIRS_NOAA21_NRT,1.7115384615384615,13,0.004255553798075667,22.112359550561795,Persistent / Stable
14.89745,75.29037,335.96,0.39,0.36,2026-10-08,818,N20,VIIRS,l,2.0NRT,310.09,2.09,D,VIIRS_NOAA20_NRT,,0,,,New / No Local History
21.07757,85.03127,301.44,0.75,0.77,2026-10-08,1908,N20,VIIRS,n,2.0NRT,287.88,2.09,N,VIIRS_NOAA20_NRT,2.4821052631578944,19,0.1899072732818147,-15.797285835453767,Persistent / Stable
21.08467,85.03189,310.48,0.75,0.77,2026-10-08,1908,N20,VIIRS,n,2.0NRT,287.68,2.09,N,VIIRS_NOAA20_NRT,2.44,20,0.12594359635028018,-14.344262295081972,Persistent / Stable
23.13132,75.09109,332.96,0.4,0.44,2026-10-08,801,N,VIIRS,l,2.0NRT,306.89,2.08,D,VIIRS_SNPP_NRT,,0,,,New / No Local History
23.70994,86.44986,308.57,0.56,0.43,2026-10-08,2027,N,VIIRS,n,2.0NRT,291.35,2.08,N,VIIRS_SNPP_NRT,2.5296923076923066,65,0.028005227343788658,-17.776561454722334,Persistent / Stable
23.71385,86.45072,313.1,0.56,0.43,2026-10-08,2027,N,VIIRS,n,2.0NRT,291.52,2.08,N,VIIRS_SNPP_NRT,2.6080645161290317,62,0.01969620206859085,-20.247371675943086,Persistent / Stable
17.95662,80.79337,309.72,0.39,0.36,2026-10-08,2029,N,VIIRS,n,2.0NRT,297.29,2.08,N,VIIRS_SNPP_NRT,2.7118181818181815,33,0.029680189747050688,-23.298692591350974,Persistent / Stable
22.03148,83.3679,304.21,0.47,0.4,2026-10-08,1951,N21,VIIRS,n,2.0NRT,292.73,2.07,N,VIIRS_NOAA21_NRT,1.5653846153846156,13,0.437044483994692,32.23587223587221,Persistent / Stable
14.9187,77.49821,332.52,0.4,0.37,2026-10-08,818,N20,VIIRS,l,2.0NRT,305.05,2.07,D,VIIRS_NOAA20_NRT,,0,,,New / No Local History
24.51687,71.29114,347.49,0.42,0.38,2026-10-08,820,N20,VIIRS,n,2.0NRT,311.74,2.07,D,VIIRS_NOAA20_NRT,,0,,,New / No Local History
24.51758,71.29527,344.96,0.42,0.38,2026-10-08,820,N20,VIIRS,n,2.0NRT,311.65,2.07,D,VIIRS_NOAA20_NRT,,0,,,New / No Local History
24.52101,71.29457,337.41,0.42,0.38,2026-10-08,820,N20,VIIRS,l,2.0NRT,311.76,2.07,D,VIIRS_NOAA20_NRT,,0,,,New / No Local History
22.37867,87.28104,306.11,0.57,0.69,2026-10-08,2049,N20,VIIRS,n,2.0NRT,288.8,2.07,N,VIIRS_NOAA20_NRT,3.267956989247313,93,0.01851030127964411,-36.65767307186104,Persistent / Stable
22.38,87.27567,316.23,0.57,0.69,2026-10-08,2049,N20,VIIRS,n,2.0NRT,288.53,2.07,N,VIIRS_NOAA20_NRT,3.552676056338029,71,0.005258637869347846,-41.73406279733589,Persistent / Stable
22.31763,82.55988,332.46,0.4,0.37,2026-10-08,801,N,VIIRS,l,2.0NRT,302.75,2.07,D,VIIRS_SNPP_NRT,1.9195,20,0.06583406859112223,7.840583485282618,Persistent / Stable
20.79642,85.25581,313.27,0.53,0.42,2026-10-08,2027,N,VIIRS,n,2.0NRT,293.23,2.07,N,VIIRS_SNPP_NRT,4.153833333333335,60,0.003612913494151418,-50.166512859607614,Persistent / Reduced
21.76612,84.02002,319.36,0.45,0.39,2026-10-08,2027,N,VIIRS,n,2.0NRT,294.67,2.07,N,VIIRS_SNPP_NRT,2.5425,24,0.007297753725614543,-18.584070796460182,Persistent / Stable
21.76967,84.02075,311.15,0.45,0.39,2026-10-08,2027,N,VIIRS,n,2.0NRT,293.79,2.07,N,VIIRS_SNPP_NRT,2.5425,24,0.007166734972044201,-18.584070796460182,Persistent / Stable
9.44082,78.83886,336.53,0.4,0.37,2026-10-08,816,N20,VIIRS,n,2.0NRT,291.54,2.06,D,VIIRS_NOAA20_NRT,4.465,2,0.3262948777381933,-53.86338185890257,Persistent / Reduced
20.86412,84.98464,308.72,0.44,0.62,2026-10-08,2049,N20,VIIRS,n,2.0NRT,289.62,2.06,N,VIIRS_NOAA20_NRT,3.015394736842105,76,0.046075307376780165,-31.68390277959592,Persistent / Stable
21.7634,83.84789,313.45,0.36,0.57,2026-10-08,2049,N20,VIIRS,n,2.0NRT,292.2,2.06,N,VIIRS_NOAA20_NRT,4.770121951219512,82,0.018245387033037266,-56.814521283395116,Persistent / Reduced
20.83098,78.59595,333.66,0.32,0.54,2026-10-08,722,N21,VIIRS,n,2.0NRT,305.41,2.05,D,VIIRS_NOAA21_NRT,,0,,,New / No Local History
22.63535,77.24934,331.61,0.36,0.57,2026-10-08,724,N21,VIIRS,l,2.0NRT,303.06,2.05,D,VIIRS_NOAA21_NRT,,0,,,New / No Local History
21.18093,81.38615,311.31,0.51,0.5,2026-10-08,2049,N20,VIIRS,n,2.0NRT,294.91,2.05,N,VIIRS_NOAA20_NRT,2.7287500000000002,24,0.03850914512857933,-24.874026568941837,Persistent / Stable
21.1854,81.38719,308.41,0.51,0.5,2026-10-08,2049,N20,VIIRS,n,2.0NRT,295.26,2.05,N,VIIRS_NOAA20_NRT,2.7287500000000002,24,0.040849998833104376,-24.874026568941837,Persistent / Stable
21.67261,82.07938,307.03,0.55,0.51,2026-10-08,2049,N20,VIIRS,n,2.0NRT,294.13,2.05,N,VIIRS_NOAA20_NRT,1.3599999999999999,2,0.05389081416776527,50.73529411764706,Abnormal Increase
24.20407,82.70884,303.24,0.54,0.51,2026-10-08,2049,N20,VIIRS,n,2.0NRT,291.65,2.05,N,VIIRS_NOAA20_NRT,1.1085714285714285,7,0.026372007551518622,84.92268041237112,Abnormal Increase
22.04171,83.72968,317.01,0.44,0.38,2026-10-08,2027,N,VIIRS,n,2.0NRT,293.85,2.05,N,VIIRS_SNPP_NRT,1.5490000000000002,10,0.02516758496578129,32.34344738540992,Persistent / Stable
12.97114,79.31672,330.18,0.44,0.39,2026-10-08,816,N20,VIIRS,n,2.0NRT,299.77,2.04,D,VIIRS_NOAA20_NRT,,0,,,New / No Local History
18.82613,78.28908,330.11,0.37,0.58,2026-10-08,722,N21,VIIRS,n,2.0NRT,298.99,2.03,D,VIIRS_NOAA21_NRT,,0,,,New / No Local History
21.74492,83.97841,314.46,0.44,0.39,2026-10-08,1951,N21,VIIRS,n,2.0NRT,293.51,2.03,N,VIIRS_NOAA21_NRT,1.94,1,0.18605931799147238,4.639175257731951,Single Historical Detection
9.96265,76.79266,332.04,0.39,0.36,2026-10-08,816,N20,VIIRS,n,2.0NRT,295.67,2.03,D,VIIRS_NOAA20_NRT,,0,,,New / No Local History
11.73795,78.68997,331.73,0.56,0.43,2026-10-08,756,N,VIIRS,n,2.0NRT,292.61,2.03,D,VIIRS_SNPP_NRT,3.48,1,0.02238558884102842,-41.66666666666667,Single Historical Detection
20.96096,85.17244,310.87,0.52,0.42,2026-10-08,2027,N,VIIRS,n,2.0NRT,293.43,2.03,N,VIIRS_SNPP_NRT,3.5596581196581183,117,0.01672088477054696,-42.97205147906261,Persistent / Stable
20.96384,85.17826,315.3,0.52,0.42,2026-10-08,2027,N,VIIRS,n,2.0NRT,293.53,2.03,N,VIIRS_SNPP_NRT,3.5795412844036694,109,0.07592515651725443,-43.28882282082169,Persistent / Stable
20.96477,85.17326,314.26,0.52,0.42,2026-10-08,2027,N,VIIRS,n,2.0NRT,293.66,2.03,N,VIIRS_SNPP_NRT,3.5599137931034472,116,0.015093776341219752,-42.976147233321214,Persistent / Stable
21.55924,81.75448,307.7,0.39,0.36,2026-10-08,2027,N,VIIRS,n,2.0NRT,295.1,2.03,N,VIIRS_SNPP_NRT,,0,,,New / No Local History
23.67418,86.1091,313.23,0.53,0.42,2026-10-08,2027,N,VIIRS,n,2.0NRT,289.17,2.03,N,VIIRS_SNPP_NRT,2.495348837209303,43,0.045989519790445466,-18.648648648648685,Persistent / Stable
15.17304,76.66322,318.92,0.43,0.38,2026-10-08,2029,N,VIIRS,n,2.0NRT,296.69,2.03,N,VIIRS_SNPP_NRT,2.4365777777777784,225,0.04271571890019353,-16.686427229447524,Persistent / Stable
15.17715,76.65971,311.06,0.43,0.38,2026-10-08,2029,N,VIIRS,n,2.0NRT,295.82,2.03,N,VIIRS_SNPP_NRT,2.4896086956521755,230,0.008425535107987804,-18.461081713557277,Persistent / Stable
15.18656,76.65746,307.84,0.33,0.55,2026-10-08,1953,N21,VIIRS,n,2.0NRT,295.72,2.02,N,VIIRS_NOAA21_NRT,2.5428571428571436,210,0.01762387707500837,-20.56179775280901,Persistent / Stable
20.90836,71.45878,312.41,0.4,0.6,2026-10-08,2131,N21,VIIRS,n,2.0NRT,296.6,2.02,N,VIIRS_NOAA21_NRT,1.2485714285714289,14,0.006769811246383084,61.78489702517158,Abnormal Increase
20.78312,85.26074,314.25,0.4,0.37,2026-10-08,1951,N21,VIIRS,n,2.0NRT,294.96,2.01,N,VIIRS_NOAA21_NRT,4.153833333333335,60,0.015190550277918824,-51.61096176222768,Persistent / Reduced
27.6064,96.27484,326.71,0.41,0.37,2026-10-08,640,N20,VIIRS,n,2.0NRT,296.92,2.01,D,VIIRS_NOAA20_NRT,,0,,,New / No Local History
16.49014,79.40147,331.98,0.45,0.39,2026-10-08,758,N,VIIRS,l,2.0NRT,306.75,2.01,D,VIIRS_SNPP_NRT,,0,,,New / No Local History
21.7338,83.98094,306.22,0.44,0.38,2026-10-08,1951,N21,VIIRS,n,2.0NRT,294.65,2.0,N,VIIRS_NOAA21_NRT,1.94,1,0.4481724453600954,3.092783505154642,Single Historical Detection
22.05382,88.1247,315.81,0.39,0.36,2026-10-08,1951,N21,VIIRS,n,2.0NRT,298.45,2.0,N,VIIRS_NOAA21_NRT,4.342173913043477,23,0.022856746640040906,-53.94012215880644,Persistent / Reduced
31.19011,75.00681,330.11,0.44,0.38,2026-10-08,822,N20,VIIRS,n,2.0NRT,299.19,2.0,D,VIIRS_NOAA20_NRT,,0,,,New / No Local History
23.73718,86.43157,307.54,0.65,0.73,2026-10-08,1906,N20,VIIRS,n,2.0NRT,287.15,2.0,N,VIIRS_NOAA20_NRT,2.2127777777777777,90,0.03064190000416915,-9.615867436605571,Persistent / Stable
22.04135,83.72871,309.3,0.35,0.56,2026-10-08,2049,N20,VIIRS,n,2.0NRT,291.36,2.0,N,VIIRS_NOAA20_NRT,1.5490000000000002,10,0.02164848483673179,29.115558424790173,Persistent / Stable
22.00242,82.66779,309.64,0.51,0.41,2026-10-08,1951,N21,VIIRS,n,2.0NRT,294.81,1.99,N,VIIRS_NOAA21_NRT,1.743846153846154,13,0.0670187026276863,14.115571239523586,Persistent / Stable
22.0138,83.75473,312.75,0.45,0.39,2026-10-08,1951,N21,VIIRS,n,2.0NRT,294.12,1.99,N,VIIRS_NOAA21_NRT,1.9000000000000001,9,0.008260183770179452,4.73684210526315,Persistent / Stable
22.41733,69.03995,306.92,0.51,0.66,2026-10-08,2027,N,VIIRS,n,2.0NRT,295.71,1.99,N,VIIRS_SNPP_NRT,1.8337500000000002,8,0.006167550747972378,8.520790729379673,Persistent / Stable
15.16835,76.6708,309.06,0.43,0.38,2026-10-08,2029,N,VIIRS,n,2.0NRT,295.69,1.99,N,VIIRS_SNPP_NRT,2.452544642857144,224,0.04013440588583467,-18.859784844458236,Persistent / Stable
20.97671,85.16806,315.62,0.4,0.37,2026-10-08,1951,N21,VIIRS,n,2.0NRT,294.8,1.98,N,VIIRS_NOAA21_NRT,3.542232142857142,112,0.0011903580294446074,-44.10304237138607,Persistent / Stable
22.00553,82.67331,308.97,0.51,0.41,2026-10-08,1951,N21,VIIRS,n,2.0NRT,294.14,1.98,N,VIIRS_NOAA21_NRT,1.743846153846154,13,0.15672389901629058,13.542126157917938,Persistent / Stable
15.17639,76.65633,316.6,0.33,0.55,2026-10-08,1953,N21,VIIRS,n,2.0NRT,295.43,1.98,N,VIIRS_NOAA21_NRT,2.583451776649747,197,0.0022632676571320304,-23.3583526545369,Persistent / Stable
15.17676,76.65328,308.43,0.33,0.55,2026-10-08,1953,N21,VIIRS,n,2.0NRT,294.49,1.98,N,VIIRS_NOAA21_NRT,2.660406976744186,172,0.013952524603023458,-25.57529666295155,Persistent / Stable
20.96612,86.00468,312.51,0.65,0.73,2026-10-08,1908,N20,VIIRS,n,2.0NRT,289.66,1.98,N,VIIRS_NOAA20_NRT,3.830652173913042,46,0.015267006190322905,-48.31167357130694,Persistent / Stable
20.96662,85.9985,305.72,0.65,0.73,2026-10-08,1908,N20,VIIRS,n,2.0NRT,289.81,1.98,N,VIIRS_NOAA20_NRT,3.879090909090907,44,0.25136583135125573,-48.957112725568294,Persistent / Stable
20.86784,84.99461,311.64,0.44,0.63,2026-10-08,2049,N20,VIIRS,n,2.0NRT,290.85,1.98,N,VIIRS_NOAA20_NRT,3.038266666666666,75,0.009479998904176784,-34.831263439680505,Persistent / Stable
20.86883,84.99017,311.72,0.44,0.63,2026-10-08,2049,N20,VIIRS,n,2.0NRT,290.51,1.98,N,VIIRS_NOAA20_NRT,3.015394736842105,76,0.006113643601264238,-34.33695509883491,Persistent / Stable
24.9354,74.63292,316.39,0.39,0.36,2026-10-08,2049,N20,VIIRS,n,2.0NRT,297.36,1.98,N,VIIRS_NOAA20_NRT,1.14,8,0.006044759400459848,73.68421052631581,Abnormal Increase
11.05859,78.03193,336.4,0.42,0.45,2026-10-08,756,N,VIIRS,n,2.0NRT,295.15,1.98,D,VIIRS_SNPP_NRT,,0,,,New / No Local History
18.98202,78.41486,331.78,0.46,0.39,2026-10-08,758,N,VIIRS,n,2.0NRT,303.08,1.98,D,VIIRS_SNPP_NRT,,0,,,New / No Local History
21.39067,81.64664,307.79,0.39,0.36,2026-10-08,2027,N,VIIRS,n,2.0NRT,295.79,1.98,N,VIIRS_SNPP_NRT,2.078888888888889,9,0.05695032382879621,-4.7568145376803805,Persistent / Stable
23.67418,86.40245,308.59,0.55,0.43,2026-10-08,2027,N,VIIRS,n,2.0NRT,291.9,1.98,N,VIIRS_SNPP_NRT,3.0147826086956515,92,0.03470666111127891,-34.32362272858377,Persistent / Stable
20.19823,77.08901,330.92,0.41,0.61,2026-10-08,722,N21,VIIRS,l,2.0NRT,303.08,1.97,D,VIIRS_NOAA21_NRT,,0,,,New / No Local History
22.80122,86.0911,314.82,0.39,0.36,2026-10-08,1951,N21,VIIRS,n,2.0NRT,292.53,1.97,N,VIIRS_NOAA21_NRT,2.015,14,0.005947634592078816,-2.233250620347402,Persistent / Stable
20.89138,84.9781,305.23,0.75,0.77,2026-10-08,1908,N20,VIIRS,n,2.0NRT,288.11,1.97,N,VIIRS_NOAA20_NRT,3.036164383561643,73,0.06042746100796132,-35.11550261685615,Persistent / Stable
21.75315,83.84354,314.0,0.44,0.39,2026-10-08,2027,N,VIIRS,n,2.0NRT,294.57,1.97,N,VIIRS_SNPP_NRT,4.736385542168675,83,0.00800400343882309,-58.407102157102166,Persistent / Reduced
21.75669,83.84426,319.3,0.44,0.39,2026-10-08,2027,N,VIIRS,n,2.0NRT,295.55,1.97,N,VIIRS_SNPP_NRT,4.736385542168675,83,0.011660848244394395,-58.407102157102166,Persistent / Reduced
20.96832,85.17841,313.24,0.4,0.37,2026-10-08,1951,N21,VIIRS,n,2.0NRT,294.48,1.96,N,VIIRS_NOAA21_NRT,3.5795412844036694,109,0.09044768518089381,-45.24438065458646,Persistent / Stable
24.52234,71.2815,350.63,0.42,0.38,2026-10-08,820,N20,VIIRS,n,2.0NRT,311.74,1.96,D,VIIRS_NOAA20_NRT,,0,,,New / No Local History
24.52304,71.28563,343.13,0.42,0.38,2026-10-08,820,N20,VIIRS,n,2.0NRT,311.44,1.96,D,VIIRS_NOAA20_NRT,,0,,,New / No Local History
24.52577,71.2808,343.44,0.42,0.38,2026-10-08,820,N20,VIIRS,n,2.0NRT,311.54,1.96,D,VIIRS_NOAA20_NRT,,0,,,New / No Local History
24.52647,71.28493,338.79,0.42,0.38,2026-10-08,820,N20,VIIRS,l,2.0NRT,311.14,1.96,D,VIIRS_NOAA20_NRT,,0,,,New / No Local History
23.65097,85.43497,306.93,0.41,0.61,2026-10-08,2049,N20,VIIRS,n,2.0NRT,286.85,1.96,N,VIIRS_NOAA20_NRT,3.0220454545454554,44,0.042890607522882804,-35.14326539821015,Persistent / Stable
21.23482,81.40994,334.24,0.38,0.36,2026-10-08,801,N,VIIRS,l,2.0NRT,305.32,1.96,D,VIIRS_SNPP_NRT,0.82,1,1.945742849072033,139.02439024390245,Abnormal Increase
22.60814,75.15851,334.15,0.4,0.44,2026-10-08,801,N,VIIRS,n,2.0NRT,306.21,1.96,D,VIIRS_SNPP_NRT,,0,,,New / No Local History
22.78898,86.20081,311.07,0.56,0.43,2026-10-08,2027,N,VIIRS,n,2.0NRT,291.16,1.96,N,VIIRS_SNPP_NRT,2.479821428571428,56,0.031057713866673636,-20.962050838914074,Persistent / Stable
22.78999,86.19543,311.67,0.56,0.43,2026-10-08,2027,N,VIIRS,n,2.0NRT,291.17,1.96,N,VIIRS_SNPP_NRT,2.479821428571428,56,0.058437983529420715,-20.962050838914074,Persistent / Stable
21.39951,70.48522,330.84,0.32,0.54,2026-10-08,905,N21,VIIRS,l,2.0NRT,303.21,1.95,D,VIIRS_NOAA21_NRT,,0,,,New / No Local History
22.7887,86.19712,313.64,0.39,0.36,2026-10-08,1951,N21,VIIRS,n,2.0NRT,294.12,1.95,N,VIIRS_NOAA21_NRT,2.479821428571428,56,0.008127430500192215,-21.36530568157268,Persistent / Stable
13.03432,79.98188,306.07,0.56,0.43,2026-10-08,1953,N21,VIIRS,n,2.0NRT,291.04,1.95,N,VIIRS_NOAA21_NRT,,0,,,New / No Local History
19.39336,76.55901,340.07,0.4,0.37,2026-10-08,818,N20,VIIRS,n,2.0NRT,307.74,1.95,D,VIIRS_NOAA20_NRT,,0,,,New / No Local History
26.25091,75.68216,338.46,0.42,0.38,2026-10-08,820,N20,VIIRS,l,2.0NRT,313.42,1.95,D,VIIRS_NOAA20_NRT,,0,,,New / No Local History
20.59955,78.63258,335.07,0.43,0.38,2026-10-08,801,N,VIIRS,n,2.0NRT,305.69,1.95,D,VIIRS_SNPP_NRT,,0,,,New / No Local History
24.44805,83.03932,302.89,0.52,0.42,2026-10-08,1949,N21,VIIRS,n,2.0NRT,292.39,1.94,N,VIIRS_NOAA21_NRT,,0,,,New / No Local History
21.07627,85.04265,316.82,0.4,0.37,2026-10-08,1951,N21,VIIRS,n,2.0NRT,293.78,1.94,N,VIIRS_NOAA21_NRT,2.44,20,0.010899545649672202,-20.491803278688526,Persistent / Stable
21.07684,85.0388,323.71,0.4,0.37,2026-10-08,1951,N21,VIIRS,n,2.0NRT,296.14,1.94,N,VIIRS_NOAA21_NRT,2.44,20,0.013503474079800418,-20.491803278688526,Persistent / Stable
21.07964,85.04321,310.11,0.4,0.37,2026-10-08,1951,N21,VIIRS,n,2.0NRT,293.7,1.94,N,VIIRS_NOAA21_NRT,2.44,20,0.012563003561377621,-20.491803278688526,Persistent / Stable
26.87778,73.51361,310.11,0.41,0.37,2026-10-08,2046,N20,VIIRS,n,2.0NRT,294.01,1.94,N,VIIRS_NOAA20_NRT,1.669047619047619,21,0.01690540479425767,16.233951497860208,Persistent / Stable
22.06436,83.70449,314.44,0.46,0.39,2026-10-08,1951,N21,VIIRS,n,2.0NRT,293.04,1.93,N,VIIRS_NOAA21_NRT,1.34,1,0.085580983028024,44.02985074626864,Single Historical Detection
27.45275,78.45705,331.17,0.39,0.44,2026-10-08,820,N20,VIIRS,n,2.0NRT,300.64,1.93,D,VIIRS_NOAA20_NRT,,0,,,New / No Local History
28.46548,77.19356,330.12,0.51,0.41,2026-10-08,822,N20,VIIRS,n,2.0NRT,300.37,1.93,D,VIIRS_NOAA20_NRT,,0,,,New / No Local History
20.955,86.03971,302.14,0.51,0.66,2026-10-08,2049,N20,VIIRS,n,2.0NRT,288.91,1.93,N,VIIRS_NOAA20_NRT,3.508571428571429,28,0.3510746640213794,-44.99185667752444,Persistent / Stable
15.17398,76.66278,310.03,0.51,0.41,2026-10-08,2051,N20,VIIRS,n,2.0NRT,295.5,1.93,N,VIIRS_NOAA20_NRT,2.4554625550660796,227,0.01610493665589677,-21.39973806490968,Persistent / Stable
15.17479,76.65813,315.49,0.51,0.41,2026-10-08,2051,N20,VIIRS,n,2.0NRT,295.26,1.93,N,VIIRS_NOAA20_NRT,2.5040000000000004,220,0.007678343872187554,-22.923322683706086,Persistent / Stable
18.94499,77.92397,331.69,0.49,0.4,2026-10-08,758,N,VIIRS,l,2.0NRT,306.4,1.93,D,VIIRS_SNPP_NRT,,0,,,New / No Local History
23.76445,86.39591,306.87,0.55,0.43,2026-10-08,2027,N,VIIRS,n,2.0NRT,292.4,1.93,N,VIIRS_SNPP_NRT,2.1942763157894736,152,0.011901375805491903,-12.043894102479536,Persistent / Stable
23.76731,86.40214,309.37,0.55,0.43,2026-10-08,2027,N,VIIRS,n,2.0NRT,291.69,1.93,N,VIIRS_SNPP_NRT,2.158924050632911,158,0.008985898784378029,-10.603617601360254,Persistent / Stable
14.01834,77.48212,331.88,0.39,0.37,2026-10-08,818,N20,VIIRS,l,2.0NRT,302.54,1.92,D,VIIRS_NOAA20_NRT,,0,,,New / No Local History
17.46816,81.13412,330.75,0.42,0.45,2026-10-08,818,N20,VIIRS,n,2.0NRT,301.31,1.92,D,VIIRS_NOAA20_NRT,,0,,,New / No Local History
20.80948,85.25177,307.71,0.72,0.76,2026-10-08,1908,N20,VIIRS,n,2.0NRT,289.41,1.92,N,VIIRS_NOAA20_NRT,4.153833333333335,60,0.041591816223410426,-53.77763511615778,Persistent / Reduced
20.97183,86.01772,303.94,0.64,0.72,2026-10-08,1908,N20,VIIRS,n,2.0NRT,289.23,1.92,N,VIIRS_NOAA20_NRT,3.4396491228070154,57,0.0730316008399146,-44.18035295317757,Persistent / Stable
20.97234,86.01148,302.68,0.65,0.73,2026-10-08,1908,N20,VIIRS,n,2.0NRT,289.75,1.92,N,VIIRS_NOAA20_NRT,3.403448275862067,58,0.022413333682287328,-43.5866261398176,Persistent / Stable
22.87708,86.06248,310.2,0.47,0.64,2026-10-08,2049,N20,VIIRS,n,2.0NRT,287.03,1.92,N,VIIRS_NOAA20_NRT,2.0949999999999998,10,0.033808426543057206,-8.353221957040565,Persistent / Stable
24.68757,77.11656,333.88,0.45,0.39,2026-10-08,801,N,VIIRS,n,2.0NRT,308.48,1.92,D,VIIRS_SNPP_NRT,,0,,,New / No Local History
24.69137,73.0004,307.1,0.41,0.37,2026-10-08,2049,N20,VIIRS,n,2.0NRT,297.02,1.91,N,VIIRS_NOAA20_NRT,1.1736363636363636,11,0.024973049149143705,62.742060418280396,Abnormal Increase
15.18548,76.64101,305.32,0.5,0.41,2026-10-08,2051,N20,VIIRS,n,2.0NRT,294.6,1.91,N,VIIRS_NOAA20_NRT,2.5173737373737373,99,0.055980950721864146,-24.127277104566247,Persistent / Stable
21.79737,83.88351,308.47,0.45,0.39,2026-10-08,2027,N,VIIRS,n,2.0NRT,294.07,1.91,N,VIIRS_SNPP_NRT,2.9773333333333336,15,0.1435832903152858,-35.8486341244962,Persistent / Stable
22.37683,87.28229,315.25,0.44,0.46,2026-10-08,2027,N,VIIRS,n,2.0NRT,292.15,1.91,N,VIIRS_SNPP_NRT,3.227000000000001,100,0.005520784056533858,-40.81189959714908,Persistent / Stable
21.74197,83.8402,306.15,0.45,0.39,2026-10-08,1951,N21,VIIRS,n,2.0NRT,295.0,1.9,N,VIIRS_NOAA21_NRT,4.770121951219512,82,0.009400034080868465,-60.16873322254889,Persistent / Reduced
17.35664,75.01791,334.76,0.39,0.36,2026-10-08,818,N20,VIIRS,l,2.0NRT,308.96,1.9,D,VIIRS_NOAA20_NRT,,0,,,New / No Local History
22.65019,77.30774,334.35,0.45,0.39,2026-10-08,820,N20,VIIRS,n,2.0NRT,306.16,1.9,D,VIIRS_NOAA20_NRT,,0,,,New / No Local History
15.18515,76.66493,307.02,0.51,0.41,2026-10-08,2051,N20,VIIRS,n,2.0NRT,294.48,1.9,N,VIIRS_NOAA20_NRT,2.4463876651982392,227,0.019381728954423947,-22.334467793924382,Persistent / Stable
24.66175,76.76459,332.16,0.35,0.56,2026-10-08,724,N21,VIIRS,l,2.0NRT,304.45,1.89,D,VIIRS_NOAA21_NRT,,0,,,New / No Local History
21.2417,79.22423,308.49,0.54,0.51,2026-10-08,1951,N21,VIIRS,n,2.0NRT,295.86,1.89,N,VIIRS_NOAA21_NRT,1.19375,8,0.07987000810295385,58.32460732984291,Abnormal Increase
21.24633,79.22484,307.45,0.54,0.51,2026-10-08,1951,N21,VIIRS,n,2.0NRT,295.94,1.89,N,VIIRS_NOAA21_NRT,1.19375,8,0.1431344304486576,58.32460732984291,Abnormal Increase
21.07824,85.04015,306.12,0.44,0.62,2026-10-08,2049,N20,VIIRS,n,2.0NRT,289.74,1.89,N,VIIRS_NOAA20_NRT,2.44,20,0.002086050751412136,-22.54098360655738,Persistent / Stable
16.93989,81.37455,330.14,0.39,0.36,2026-10-08,758,N,VIIRS,n,2.0NRT,296.89,1.89,D,VIIRS_SNPP_NRT,,0,,,New / No Local History
23.6774,86.39545,317.88,0.39,0.36,2026-10-08,1949,N21,VIIRS,n,2.0NRT,293.6,1.88,N,VIIRS_NOAA21_NRT,3.0147826086956515,92,0.0026704869408692294,-37.64061147966541,Persistent / Stable
23.68071,86.39604,310.08,0.39,0.36,2026-10-08,1949,N21,VIIRS,n,2.0NRT,293.42,1.88,N,VIIRS_NOAA21_NRT,3.0147826086956515,92,0.0018567363198100368,-37.64061147966541,Persistent / Stable
20.76482,85.29591,306.17,0.71,0.75,2026-10-08,1908,N20,VIIRS,n,2.0NRT,290.51,1.88,N,VIIRS_NOAA20_NRT,2.932222222222222,27,0.00643888310012959,-35.88480485032209,Persistent / Stable
20.76539,85.28883,303.22,0.71,0.75,2026-10-08,1908,N20,VIIRS,n,2.0NRT,290.11,1.88,N,VIIRS_NOAA20_NRT,2.932222222222222,27,0.014858734329786858,-35.88480485032209,Persistent / Stable
20.97525,85.16976,314.31,0.45,0.63,2026-10-08,2049,N20,VIIRS,n,2.0NRT,289.88,1.88,N,VIIRS_NOAA20_NRT,3.536637168141592,113,0.006595288810191839,-46.84215794214792,Persistent / Stable
20.9762,85.1656,307.17,0.45,0.63,2026-10-08,2049,N20,VIIRS,n,2.0NRT,289.46,1.88,N,VIIRS_NOAA20_NRT,3.4399999999999995,104,0.023572946007485357,-45.348837209302324,Persistent / Stable
15.07109,76.86552,311.18,0.43,0.38,2026-10-08,2029,N,VIIRS,n,2.0NRT,295.37,1.88,N,VIIRS_SNPP_NRT,1.33,10,0.027970796925228022,41.353383458646604,Persistent / Stable
23.79983,86.35008,316.63,0.39,0.36,2026-10-08,1949,N21,VIIRS,n,2.0NRT,293.22,1.87,N,VIIRS_NOAA21_NRT,2.1579411764705894,68,0.02659516284244686,-13.343328335832124,Persistent / Stable
16.4948,79.58567,336.23,0.5,0.41,2026-10-08,818,N20,VIIRS,n,2.0NRT,305.36,1.87,D,VIIRS_NOAA20_NRT,3.64,2,0.30181634771348476,-48.62637362637363,Persistent / Stable
23.7233,86.43662,301.38,0.65,0.73,2026-10-08,1906,N20,VIIRS,n,2.0NRT,287.2,1.87,N,VIIRS_NOAA20_NRT,2.3993478260869563,92,0.045804813175785046,-22.062154570988483,Persistent / Stable
23.71673,86.44926,305.06,0.47,0.64,2026-10-08,2046,N20,VIIRS,n,2.0NRT,288.01,1.87,N,VIIRS_NOAA20_NRT,2.529411764705881,68,0.007503244748938411,-26.06976744186042,Persistent / Stable
18.72248,79.53608,316.93,0.44,0.46,2026-10-08,2049,N20,VIIRS,n,2.0NRT,297.65,1.87,N,VIIRS_NOAA20_NRT,1.7500000000000002,13,0.02809818650614495,6.857142857142849,Persistent / Stable
20.78904,85.26707,307.21,0.46,0.64,2026-10-08,2049,N20,VIIRS,n,2.0NRT,290.47,1.87,N,VIIRS_NOAA20_NRT,4.153833333333335,60,0.1320350756013471,-54.98134253500784,Persistent / Reduced
22.50001,76.80983,334.32,0.49,0.41,2026-10-08,801,N,VIIRS,l,2.0NRT,308.48,1.87,D,VIIRS_SNPP_NRT,,0,,,New / No Local History
23.69239,87.11193,309.32,0.4,0.45,2026-10-08,2027,N,VIIRS,n,2.0NRT,292.16,1.87,N,VIIRS_SNPP_NRT,2.650307692307692,65,0.01132703579049649,-29.442154757067378,Persistent / Stable
23.75839,85.85573,306.8,0.52,0.41,2026-10-08,2027,N,VIIRS,n,2.0NRT,290.92,1.87,N,VIIRS_SNPP_NRT,1.9751515151515153,33,0.006531638621325602,-5.3237189321877905,Persistent / Stable
21.75881,83.84986,306.84,0.45,0.39,2026-10-08,1951,N21,VIIRS,n,2.0NRT,294.64,1.86,N,VIIRS_NOAA21_NRT,4.770121951219512,82,0.04470138602608257,-61.00728620733733,Persistent / Reduced
21.75939,83.84557,311.53,0.45,0.39,2026-10-08,1951,N21,VIIRS,n,2.0NRT,294.16,1.86,N,VIIRS_NOAA21_NRT,4.736385542168675,83,0.00997822895541151,-60.72954822954822,Persistent / Reduced
21.76235,83.8504,320.41,0.45,0.39,2026-10-08,1951,N21,VIIRS,n,2.0NRT,296.06,1.86,N,VIIRS_NOAA21_NRT,4.770121951219512,82,0.08573011294269119,-61.00728620733733,Persistent / Reduced
15.17348,77.09818,303.89,0.62,0.54,2026-10-08,1953,N21,VIIRS,n,2.0NRT,293.24,1.86,N,VIIRS_NOAA21_NRT,1.3944827586206896,29,0.11592151873504987,33.38278931750743,Persistent / Stable
15.17769,77.10445,307.98,0.62,0.54,2026-10-08,1953,N21,VIIRS,n,2.0NRT,293.85,1.86,N,VIIRS_NOAA21_NRT,1.3944827586206896,29,0.005456445589248579,33.38278931750743,Persistent / Stable
23.68144,86.08219,301.69,0.45,0.63,2026-10-08,2049,N20,VIIRS,n,2.0NRT,286.79,1.86,N,VIIRS_NOAA20_NRT,2.46,87,0.011806367292363585,-24.390243902439018,Persistent / Stable
15.07262,76.86252,305.28,0.52,0.42,2026-10-08,2051,N20,VIIRS,n,2.0NRT,294.61,1.86,N,VIIRS_NOAA20_NRT,1.33,10,0.07838826516085932,39.849624060150376,Persistent / Stable
20.96247,86.00644,322.14,0.39,0.44,2026-10-08,2027,N,VIIRS,n,2.0NRT,293.19,1.86,N,VIIRS_SNPP_NRT,3.830652173913042,46,0.029149493707185635,-51.444299415470155,Persistent / Reduced
20.96717,86.0036,313.81,0.39,0.44,2026-10-08,2027,N,VIIRS,n,2.0NRT,294.59,1.86,N,VIIRS_SNPP_NRT,3.830652173913042,46,0.024305559914124697,-51.444299415470155,Persistent / Reduced
23.16545,82.33775,313.16,0.39,0.36,2026-10-08,2027,N,VIIRS,n,2.0NRT,294.02,1.86,N,VIIRS_SNPP_NRT,1.913076923076923,13,0.06039973989028787,-2.77442702050662,Persistent / Stable
17.51921,78.58388,320.56,0.4,0.37,2026-10-08,2029,N,VIIRS,n,2.0NRT,294.52,1.86,N,VIIRS_SNPP_NRT,,0,,,New / No Local History
23.68183,86.0922,314.13,0.39,0.37,2026-10-08,1949,N21,VIIRS,n,2.0NRT,291.62,1.85,N,VIIRS_NOAA21_NRT,2.4097777777777782,90,0.010197619677479026,-23.229435632607906,Persistent / Stable
19.93846,73.70998,301.6,0.6,0.71,2026-10-08,1951,N21,VIIRS,n,2.0NRT,290.69,1.85,N,VIIRS_NOAA21_NRT,1.3399999999999999,7,0.013869433629543836,38.059701492537336,Persistent / Stable
18.97162,77.94277,332.18,0.44,0.38,2026-10-08,818,N20,VIIRS,l,2.0NRT,307.13,1.85,D,VIIRS_NOAA20_NRT,,0,,,New / No Local History
22.3514,76.25729,336.07,0.41,0.37,2026-10-08,820,N20,VIIRS,l,2.0NRT,309.75,1.85,D,VIIRS_NOAA20_NRT,,0,,,New / No Local History
23.71697,77.14465,337.69,0.45,0.39,2026-10-08,820,N20,VIIRS,l,2.0NRT,310.26,1.85,D,VIIRS_NOAA20_NRT,,0,,,New / No Local History
23.56146,87.08343,310.05,0.52,0.67,2026-10-08,2046,N20,VIIRS,n,2.0NRT,289.28,1.85,N,VIIRS_NOAA20_NRT,1.9581818181818185,11,0.028705110819756127,-5.524605385329629,Persistent / Stable
21.75192,83.97417,309.34,0.37,0.58,2026-10-08,2049,N20,VIIRS,n,2.0NRT,291.54,1.85,N,VIIRS_NOAA20_NRT,1.94,1,0.2520721691810701,-4.639175257731951,Single Historical Detection
22.41521,69.038,314.27,0.39,0.44,2026-10-08,2049,N20,VIIRS,n,2.0NRT,296.66,1.85,N,VIIRS_NOAA20_NRT,1.8337500000000002,8,0.023643039108705736,0.8861622358554805,Persistent / Stable
22.32091,82.56512,307.91,0.52,0.42,2026-10-08,1951,N21,VIIRS,n,2.0NRT,295.81,1.84,N,VIIRS_NOAA21_NRT,1.9521052631578946,19,0.0936345765209614,-5.742787813426788,Persistent / Stable
15.17274,76.37625,304.94,0.35,0.56,2026-10-08,1953,N21,VIIRS,n,2.0NRT,293.28,1.84,N,VIIRS_NOAA21_NRT,1.3303571428571428,28,0.10535310139437216,38.30872483221478,Persistent / Stable
21.3773,81.63972,310.4,0.53,0.5,2026-10-08,2049,N20,VIIRS,n,2.0NRT,294.74,1.84,N,VIIRS_NOAA20_NRT,2.078888888888889,9,0.03727722737229699,-11.491181186531259,Persistent / Stable
15.1101,76.80541,307.48,0.52,0.41,2026-10-08,2051,N20,VIIRS,n,2.0NRT,294.73,1.84,N,VIIRS_NOAA20_NRT,1.8266666666666664,3,0.09558540417792259,0.7299270072992871,Persistent / Stable
24.89587,76.68025,333.52,0.47,0.39,2026-10-08,801,N,VIIRS,n,2.0NRT,306.42,1.84,D,VIIRS_SNPP_NRT,,0,,,New / No Local History
20.78527,85.268,312.82,0.53,0.42,2026-10-08,2027,N,VIIRS,n,2.0NRT,293.29,1.84,N,VIIRS_SNPP_NRT,4.153833333333335,60,0.2287737500592295,-55.703566986317874,Persistent / Reduced
20.80408,85.25749,316.4,0.53,0.42,2026-10-08,2027,N,VIIRS,n,2.0NRT,293.73,1.84,N,VIIRS_SNPP_NRT,4.153833333333335,60,0.01709290470191907,-55.703566986317874,Persistent / Reduced
20.80791,85.25833,312.85,0.53,0.42,2026-10-08,2027,N,VIIRS,n,2.0NRT,293.87,1.84,N,VIIRS_SNPP_NRT,4.153833333333335,60,0.036768905570221326,-55.703566986317874,Persistent / Reduced
23.78129,86.3717,309.5,0.55,0.43,2026-10-08,2027,N,VIIRS,n,2.0NRT,291.55,1.84,N,VIIRS_SNPP_NRT,2.040923076923077,65,0.034840264144587234,-9.84471581486507,Persistent / Stable
13.70854,79.61964,310.5,0.39,0.36,2026-10-08,2029,N,VIIRS,n,2.0NRT,293.52,1.83,N,VIIRS_SNPP_NRT,1.52875,8,0.013722044545048254,19.705641864268195,Persistent / Stable
20.79954,85.25983,315.17,0.4,0.37,2026-10-08,1951,N21,VIIRS,n,2.0NRT,294.56,1.82,N,VIIRS_NOAA21_NRT,4.153833333333335,60,0.003608876456776058,-56.18504995385789,Persistent / Reduced
24.19698,82.71403,306.57,0.54,0.51,2026-10-08,2049,N20,VIIRS,n,2.0NRT,291.32,1.82,N,VIIRS_NOAA20_NRT,1.1085714285714285,7,0.05600947660500562,64.17525773195877,Abnormal Increase
20.78507,85.26514,318.5,0.4,0.37,2026-10-08,1951,N21,VIIRS,n,2.0NRT,295.46,1.81,N,VIIRS_NOAA21_NRT,4.153833333333335,60,0.007083660219280075,-56.4257914376279,Persistent / Reduced
20.78841,85.2657,306.67,0.4,0.37,2026-10-08,1951,N21,VIIRS,n,2.0NRT,294.51,1.81,N,VIIRS_NOAA21_NRT,4.153833333333335,60,0.010407833465537954,-56.4257914376279,Persistent / Reduced
23.66632,87.15873,308.06,0.53,0.67,2026-10-08,2046,N20,VIIRS,n,2.0NRT,289.21,1.81,N,VIIRS_NOAA20_NRT,2.5206666666666666,30,0.016273709905699173,-28.193599576831524,Persistent / Stable
21.07767,85.04397,308.27,0.51,0.41,2026-10-08,2027,N,VIIRS,n,2.0NRT,292.82,1.81,N,VIIRS_SNPP_NRT,2.44,20,0.07079572699348921,-25.819672131147538,Persistent / Stable
21.07858,85.03907,315.96,0.51,0.41,2026-10-08,2027,N,VIIRS,n,2.0NRT,293.64,1.81,N,VIIRS_SNPP_NRT,2.44,20,0.02396961671310601,-25.819672131147538,Persistent / Stable
20.96781,86.02068,317.04,0.39,0.36,2026-10-08,1951,N21,VIIRS,n,2.0NRT,294.56,1.8,N,VIIRS_NOAA21_NRT,3.757708333333331,48,0.06766287571216321,-52.09846426789374,Persistent / Reduced
21.3738,81.67916,307.0,0.57,0.43,2026-10-08,1951,N21,VIIRS,n,2.0NRT,295.8,1.8,N,VIIRS_NOAA21_NRT,2.452,15,0.009355113048921738,-26.590538336052198,Persistent / Stable
21.37776,81.6797,306.12,0.57,0.43,2026-10-08,1951,N21,VIIRS,n,2.0NRT,294.74,1.8,N,VIIRS_NOAA21_NRT,2.452,15,0.0395031259689655,-26.590538336052198,Persistent / Stable
27.59163,96.29089,327.4,0.41,0.37,2026-10-08,640,N20,VIIRS,n,2.0NRT,297.33,1.8,D,VIIRS_NOAA20_NRT,,0,,,New / No Local History
20.95637,86.04173,304.23,0.64,0.72,2026-10-08,1908,N20,VIIRS,n,2.0NRT,288.6,1.8,N,VIIRS_NOAA20_NRT,3.5657692307692317,26,0.14161721098126898,-49.52000862905837,Persistent / Stable
21.76394,84.0174,309.77,0.37,0.58,2026-10-08,2049,N20,VIIRS,n,2.0NRT,291.96,1.8,N,VIIRS_NOAA20_NRT,2.5425,24,0.0888124315035725,-29.203539823008846,Persistent / Stable
22.80347,86.08961,308.54,0.47,0.64,2026-10-08,2049,N20,VIIRS,n,2.0NRT,287.18,1.8,N,VIIRS_NOAA20_NRT,2.015,14,0.013503947488944146,-10.669975186104223,Persistent / Stable
26.87671,73.51356,303.84,0.59,0.53,2026-10-08,2027,N,VIIRS,n,2.0NRT,293.55,1.8,N,VIIRS_SNPP_NRT,1.669047619047619,21,0.021837096178106023,7.845934379457931,Persistent / Stable
13.03216,79.97962,316.44,0.39,0.37,2026-10-08,2029,N,VIIRS,n,2.0NRT,290.8,1.8,N,VIIRS_SNPP_NRT,,0,,,New / No Local History
15.17832,76.67642,315.76,0.43,0.38,2026-10-08,2029,N,VIIRS,n,2.0NRT,296.89,1.79,N,VIIRS_SNPP_NRT,2.3625000000000003,172,0.0010905668100344883,-24.232804232804238,Persistent / Stable
15.18184,76.67696,311.3,0.43,0.38,2026-10-08,2029,N,VIIRS,n,2.0NRT,296.67,1.79,N,VIIRS_SNPP_NRT,2.37,165,0.007821091853288421,-24.47257383966245,Persistent / Stable
21.76427,84.0204,316.62,0.44,0.38,2026-10-08,1951,N21,VIIRS,n,2.0NRT,295.16,1.78,N,VIIRS_NOAA21_NRT,2.5425,24,0.0023889353633263027,-29.99016715830875,Persistent / Stable
21.76778,84.02095,310.98,0.44,0.38,2026-10-08,1951,N21,VIIRS,n,2.0NRT,293.91,1.78,N,VIIRS_NOAA21_NRT,2.5425,24,0.0029703391606183166,-29.99016715830875,Persistent / Stable
19.07703,78.00034,330.21,0.44,0.39,2026-10-08,818,N20,VIIRS,l,2.0NRT,305.11,1.78,D,VIIRS_NOAA20_NRT,,0,,,New / No Local History
21.15431,76.1036,335.36,0.4,0.37,2026-10-08,820,N20,VIIRS,l,2.0NRT,308.69,1.78,D,VIIRS_NOAA20_NRT,,0,,,New / No Local History
22.49883,76.80969,334.84,0.43,0.38,2026-10-08,820,N20,VIIRS,l,2.0NRT,308.32,1.78,D,VIIRS_NOAA20_NRT,,0,,,New / No Local History
21.38986,81.64785,305.66,0.53,0.5,2026-10-08,2049,N20,VIIRS,n,2.0NRT,293.66,1.78,N,VIIRS_NOAA20_NRT,2.078888888888889,9,0.18222444588575923,-14.377338321753067,Persistent / Stable
22.36696,87.01673,306.63,0.55,0.68,2026-10-08,2049,N20,VIIRS,n,2.0NRT,287.81,1.78,N,VIIRS_NOAA20_NRT,1.3695833333333332,24,0.0044033384583853155,29.966534834195336,Persistent / Stable
28.0582,77.63968,334.47,0.4,0.37,2026-10-08,803,N,VIIRS,n,2.0NRT,302.73,1.78,D,VIIRS_SNPP_NRT,,0,,,New / No Local History
24.18211,82.66098,306.73,0.54,0.42,2026-10-08,1949,N21,VIIRS,n,2.0NRT,292.76,1.77,N,VIIRS_NOAA21_NRT,0.85,3,0.6979092240649531,108.23529411764707,Abnormal Increase
17.46339,80.65411,311.66,0.39,0.44,2026-10-08,1951,N21,VIIRS,n,2.0NRT,294.54,1.77,N,VIIRS_NOAA21_NRT,1.3228571428571427,7,0.0954819198256261,33.80129589632831,Persistent / Stable
20.9629,86.00851,314.34,0.39,0.36,2026-10-08,1951,N21,VIIRS,n,2.0NRT,295.42,1.77,N,VIIRS_NOAA21_NRT,3.830652173913042,46,0.0033983900208264363,-53.793768798592566,Persistent / Reduced
20.96346,86.00483,323.21,0.39,0.36,2026-10-08,1951,N21,VIIRS,n,2.0NRT,295.14,1.77,N,VIIRS_NOAA21_NRT,3.830652173913042,46,0.027988472239676935,-53.793768798592566,Persistent / Reduced
20.97559,85.1757,305.57,0.4,0.37,2026-10-08,1951,N21,VIIRS,n,2.0NRT,293.52,1.77,N,VIIRS_NOAA21_NRT,3.5795412844036694,109,0.030390397144372968,-50.552323346233685,Persistent / Reduced
20.97615,85.17188,326.26,0.4,0.37,2026-10-08,1951,N21,VIIRS,n,2.0NRT,295.83,1.77,N,VIIRS_NOAA21_NRT,3.547457627118643,118,0.02562872908543586,-50.10511227902531,Persistent / Reduced
20.7641,85.29713,311.25,0.46,0.64,2026-10-08,2049,N20,VIIRS,n,2.0NRT,290.21,1.77,N,VIIRS_NOAA20_NRT,2.932222222222222,27,0.022334020334697145,-39.63622584312239,Persistent / Stable
21.92038,83.35281,306.72,0.33,0.55,2026-10-08,2049,N20,VIIRS,n,2.0NRT,291.66,1.77,N,VIIRS_NOAA20_NRT,2.8140740740740737,27,0.0022799208778139057,-37.1018689128718,Persistent / Stable
17.14246,77.18443,306.74,0.51,0.41,2026-10-08,2051,N20,VIIRS,n,2.0NRT,295.85,1.77,N,VIIRS_NOAA20_NRT,1.548,10,0.003393679159790861,14.341085271317827,Persistent / Stable
19.09975,73.05289,306.48,0.39,0.36,2026-10-08,2051,N20,VIIRS,n,2.0NRT,295.49,1.77,N,VIIRS_NOAA20_NRT,,0,,,New / No Local History
19.10305,73.05344,320.85,0.39,0.36,2026-10-08,2051,N20,VIIRS,n,2.0NRT,296.09,1.77,N,VIIRS_NOAA20_NRT,,0,,,New / No Local History
20.55504,78.73737,331.69,0.43,0.38,2026-10-08,801,N,VIIRS,n,2.0NRT,305.91,1.77,D,VIIRS_SNPP_NRT,,0,,,New / No Local History
20.7595,85.29958,312.01,0.54,0.42,2026-10-08,2027,N,VIIRS,n,2.0NRT,293.35,1.77,N,VIIRS_SNPP_NRT,2.932222222222222,27,0.013882007433249662,-39.63622584312239,Persistent / Stable
20.76044,85.2945,313.53,0.54,0.42,2026-10-08,2027,N,VIIRS,n,2.0NRT,293.96,1.77,N,VIIRS_SNPP_NRT,2.932222222222222,27,0.030316085311367775,-39.63622584312239,Persistent / Stable
17.06246,76.97781,312.88,0.44,0.38,2026-10-08,2029,N,VIIRS,n,2.0NRT,296.45,1.77,N,VIIRS_SNPP_NRT,0.8862500000000001,8,0.005436966443921761,99.71791255289138,Abnormal Increase
22.36645,87.3038,305.3,0.38,0.36,2026-10-08,1951,N21,VIIRS,n,2.0NRT,292.58,1.76,N,VIIRS_NOAA21_NRT,2.612115384615384,52,0.005205698631934845,-32.6216594272252,Persistent / Stable
22.36703,87.30011,313.44,0.38,0.36,2026-10-08,1951,N21,VIIRS,n,2.0NRT,293.86,1.76,N,VIIRS_NOAA21_NRT,2.8538095238095247,63,0.011323330965526396,-38.32804939095613,Persistent / Stable
22.36973,87.30441,329.35,0.38,0.36,2026-10-08,1951,N21,VIIRS,n,2.0NRT,292.49,1.76,N,VIIRS_NOAA21_NRT,2.612115384615384,52,0.012217868905822169,-32.6216594272252,Persistent / Stable
20.98388,85.13184,306.68,0.45,0.63,2026-10-08,2049,N20,VIIRS,n,2.0NRT,289.38,1.76,N,VIIRS_NOAA20_NRT,2.9283333333333337,18,0.007596118874231933,-39.89755264655664,Persistent / Stable
22.8048,86.0873,302.5,0.47,0.64,2026-10-08,2049,N20,VIIRS,n,2.0NRT,286.73,1.76,N,VIIRS_NOAA20_NRT,2.015,14,0.056558722800983785,-12.655086848635241,Persistent / Stable
15.33412,76.28352,312.96,0.48,0.4,2026-10-08,2051,N20,VIIRS,n,2.0NRT,294.26,1.76,N,VIIRS_NOAA20_NRT,1.33375,32,0.014047355184875774,31.958762886597942,Persistent / Stable
23.71285,86.45185,312.4,0.56,0.43,2026-10-08,2027,N,VIIRS,n,2.0NRT,291.28,1.76,N,VIIRS_SNPP_NRT,2.621967213114753,61,0.004144407137520281,-32.874828060522674,Persistent / Stable
24.66457,76.76502,332.17,0.35,0.56,2026-10-08,724,N21,VIIRS,l,2.0NRT,304.16,1.75,D,VIIRS_NOAA21_NRT,,0,,,New / No Local History
21.92633,85.22392,312.03,0.4,0.37,2026-10-08,1951,N21,VIIRS,n,2.0NRT,291.65,1.75,N,VIIRS_NOAA21_NRT,1.847058823529412,17,0.04571129437555983,-5.25477707006371,Persistent / Stable
23.6942,87.12162,300.04,0.58,0.7,2026-10-08,1906,N20,VIIRS,n,2.0NRT,288.38,1.75,N,VIIRS_NOAA20_NRT,2.839636363636363,55,0.02535011317272646,-38.37239083109231,Persistent / Stable
22.57822,85.89211,302.47,0.68,0.74,2026-10-08,1908,N20,VIIRS,n,2.0NRT,286.66,1.75,N,VIIRS_NOAA20_NRT,2.615555555555556,18,0.09058932838542241,-33.09260832625319,Persistent / Stable
21.7423,83.84219,314.48,0.36,0.57,2026-10-08,2049,N20,VIIRS,n,2.0NRT,293.13,1.75,N,VIIRS_NOAA20_NRT,4.770121951219512,82,0.014345295975651923,-63.31330691550555,Persistent / Reduced
21.74743,83.84358,311.17,0.36,0.57,2026-10-08,2049,N20,VIIRS,n,2.0NRT,292.84,1.75,N,VIIRS_NOAA20_NRT,4.736385542168675,83,0.010994483477233499,-63.051994301994306,Persistent / Reduced
11.68897,76.8921,330.1,0.48,0.48,2026-10-08,758,N,VIIRS,n,2.0NRT,298.71,1.75,D,VIIRS_SNPP_NRT,,0,,,New / No Local History
23.66613,87.15956,312.51,0.41,0.45,2026-10-08,2027,N,VIIRS,n,2.0NRT,291.51,1.75,N,VIIRS_SNPP_NRT,2.5206666666666666,30,0.022407721647452413,-30.57392224279291,Persistent / Stable
23.73687,86.42927,312.09,0.39,0.36,2026-10-08,1949,N21,VIIRS,n,2.0NRT,292.15,1.74,N,VIIRS_NOAA21_NRT,2.219047619047619,84,0.013045159083475324,-21.58798283261803,Persistent / Stable
23.69523,87.11904,303.05,0.52,0.67,2026-10-08,2046,N20,VIIRS,n,2.0NRT,289.26,1.74,N,VIIRS_NOAA20_NRT,2.7847368421052625,57,0.01536620712986254,-37.516537516537504,Persistent / Stable
23.69645,87.11403,306.44,0.52,0.67,2026-10-08,2046,N20,VIIRS,n,2.0NRT,289.23,1.74,N,VIIRS_NOAA20_NRT,2.679682539682539,63,0.02149640672585895,-35.066935197251496,Persistent / Stable
23.80606,86.33096,322.16,0.46,0.64,2026-10-08,2046,N20,VIIRS,n,2.0NRT,288.45,1.74,N,VIIRS_NOAA20_NRT,2.3264062500000016,64,0.0042221816394804705,-25.206528309490277,Persistent / Stable
23.80709,86.3266,304.38,0.46,0.64,2026-10-08,2046,N20,VIIRS,n,2.0NRT,287.45,1.74,N,VIIRS_NOAA20_NRT,2.4528846153846153,52,0.01093103086715965,-29.06311250490004,Persistent / Stable
22.26561,75.13551,308.54,0.39,0.36,2026-10-08,2049,N20,VIIRS,n,2.0NRT,297.42,1.74,N,VIIRS_NOAA20_NRT,0.86,2,0.19039180907107303,102.32558139534885,Abnormal Increase
21.18778,81.39173,312.44,0.39,0.36,2026-10-08,2027,N,VIIRS,n,2.0NRT,297.47,1.74,N,VIIRS_SNPP_NRT,2.6544,25,0.023775448069299748,-34.44846292947559,Persistent / Stable
21.75946,83.84925,305.03,0.44,0.39,2026-10-08,2027,N,VIIRS,n,2.0NRT,293.89,1.74,N,VIIRS_SNPP_NRT,4.770121951219512,82,0.0051694760674839465,-63.52294516170266,Persistent / Reduced
21.76021,83.84497,315.62,0.44,0.39,2026-10-08,2027,N,VIIRS,n,2.0NRT,293.94,1.74,N,VIIRS_SNPP_NRT,4.736385542168675,83,0.010363542523017017,-63.26312576312576,Persistent / Reduced
21.76299,83.84998,322.22,0.44,0.39,2026-10-08,2027,N,VIIRS,n,2.0NRT,295.8,1.74,N,VIIRS_SNPP_NRT,4.770121951219512,82,0.05687714341123573,-63.52294516170266,Persistent / Reduced
27.72685,96.27907,332.28,0.41,0.37,2026-10-08,640,N20,VIIRS,n,2.0NRT,298.06,1.73,D,VIIRS_NOAA20_NRT,,0,,,New / No Local History
20.78533,85.25747,307.03,0.46,0.64,2026-10-08,2049,N20,VIIRS,n,2.0NRT,290.07,1.73,N,VIIRS_NOAA20_NRT,4.153833333333335,60,0.030126312280522805,-58.351723307788006,Persistent / Reduced
20.79107,85.25885,307.5,0.46,0.64,2026-10-08,2049,N20,VIIRS,n,2.0NRT,290.39,1.73,N,VIIRS_NOAA20_NRT,4.153833333333335,60,0.01876829689861,-58.351723307788006,Persistent / Reduced
20.79208,85.25446,304.3,0.46,0.64,2026-10-08,2049,N20,VIIRS,n,2.0NRT,289.95,1.73,N,VIIRS_NOAA20_NRT,4.153833333333335,60,0.00258323362815261,-58.351723307788006,Persistent / Reduced
20.96397,85.16665,304.92,0.45,0.63,2026-10-08,2049,N20,VIIRS,n,2.0NRT,290.07,1.73,N,VIIRS_NOAA20_NRT,3.4839622641509425,106,0.029616793952859873,-50.34389385323584,Persistent / Reduced
20.96492,85.16249,317.99,0.45,0.63,2026-10-08,2049,N20,VIIRS,n,2.0NRT,289.72,1.73,N,VIIRS_NOAA20_NRT,3.404897959183671,98,0.03858075847726692,-49.19084152481416,Persistent / Stable
20.9696,85.16822,309.27,0.45,0.63,2026-10-08,2049,N20,VIIRS,n,2.0NRT,289.81,1.73,N,VIIRS_NOAA20_NRT,3.542232142857142,112,0.01492777804068195,-51.16073904166561,Persistent / Reduced
20.97055,85.16408,305.93,0.45,0.63,2026-10-08,2049,N20,VIIRS,n,2.0NRT,289.52,1.73,N,VIIRS_NOAA20_NRT,3.396599999999998,100,0.05325688527903657,-49.066713772596096,Persistent / Stable
19.75909,78.631,332.65,0.44,0.39,2026-10-08,801,N,VIIRS,l,2.0NRT,304.2,1.73,D,VIIRS_SNPP_NRT,,0,,,New / No Local History
27.06277,78.65926,333.38,0.39,0.36,2026-10-08,803,N,VIIRS,n,2.0NRT,303.85,1.73,D,VIIRS_SNPP_NRT,,0,,,New / No Local History
22.3313,82.60645,321.17,0.4,0.37,2026-10-08,2027,N,VIIRS,n,2.0NRT,295.04,1.73,N,VIIRS_SNPP_NRT,1.767777777777778,9,0.015429817180097673,-2.137020741671912,Persistent / Stable
23.69063,87.09913,310.52,0.4,0.44,2026-10-08,2027,N,VIIRS,n,2.0NRT,292.1,1.73,N,VIIRS_SNPP_NRT,1.892,25,0.005157153236697674,-8.562367864693442,Persistent / Stable
23.68171,86.09602,328.75,0.39,0.36,2026-10-08,724,N21,VIIRS,n,2.0NRT,297.36,1.72,D,VIIRS_NOAA21_NRT,2.377011494252874,87,0.010348722001525168,-27.640232108317235,Persistent / Stable
20.76023,85.2995,315.71,0.4,0.37,2026-10-08,1951,N21,VIIRS,n,2.0NRT,295.51,1.72,N,VIIRS_NOAA21_NRT,2.932222222222222,27,0.018796928436704052,-41.341417203486166,Persistent / Stable
21.07673,85.03677,304.03,0.44,0.62,2026-10-08,2049,N20,VIIRS,n,2.0NRT,290.29,1.72,N,VIIRS_NOAA20_NRT,2.44,20,0.05408260263255528,-29.508196721311474,Persistent / Stable
21.08232,85.03825,303.64,0.44,0.62,2026-10-08,2049,N20,VIIRS,n,2.0NRT,289.55,1.72,N,VIIRS_NOAA20_NRT,2.44,20,0.04501186772826258,-29.508196721311474,Persistent / Stable
21.08325,85.03409,321.28,0.44,0.62,2026-10-08,2049,N20,VIIRS,n,2.0NRT,289.81,1.72,N,VIIRS_NOAA20_NRT,2.44,20,0.05123813018890708,-29.508196721311474,Persistent / Stable
17.37189,77.44772,305.94,0.52,0.41,2026-10-08,2051,N20,VIIRS,n,2.0NRT,295.15,1.72,N,VIIRS_NOAA20_NRT,0.965,4,0.05630728423712889,78.23834196891191,Abnormal Increase
23.78837,85.55248,310.78,0.5,0.41,2026-10-08,2027,N,VIIRS,n,2.0NRT,290.43,1.72,N,VIIRS_SNPP_NRT,1.9033333333333335,21,0.0217100117720326,-9.632224168126106,Persistent / Stable
20.97336,86.00652,316.38,0.39,0.36,2026-10-08,1951,N21,VIIRS,n,2.0NRT,294.32,1.71,N,VIIRS_NOAA21_NRT,3.5310909090909077,55,0.021803943898549213,-51.57303949333194,Persistent / Reduced
23.77521,86.20549,303.35,0.46,0.63,2026-10-08,2046,N20,VIIRS,n,2.0NRT,287.75,1.71,N,VIIRS_NOAA20_NRT,3.051874999999999,48,0.028104806751355186,-43.968871595330725,Persistent / Stable
23.77989,86.2112,301.0,0.46,0.63,2026-10-08,2046,N20,VIIRS,n,2.0NRT,287.73,1.71,N,VIIRS_NOAA20_NRT,3.051874999999999,48,0.03561424108084018,-43.968871595330725,Persistent / Stable
23.78093,86.20689,324.44,0.46,0.63,2026-10-08,2046,N20,VIIRS,n,2.0NRT,288.05,1.71,N,VIIRS_NOAA20_NRT,3.051874999999999,48,0.0012023084289438872,-43.968871595330725,Persistent / Stable
21.34842,81.66428,304.7,0.53,0.5,2026-10-08,2049,N20,VIIRS,n,2.0NRT,293.28,1.71,N,VIIRS_NOAA20_NRT,2.63,13,0.05596070610043852,-34.98098859315589,Persistent / Stable
22.04207,83.72542,314.05,0.35,0.56,2026-10-08,2049,N20,VIIRS,n,2.0NRT,290.58,1.71,N,VIIRS_NOAA20_NRT,1.5490000000000002,10,0.2536142861402485,10.393802453195597,Persistent / Stable
20.78393,85.25856,307.11,0.53,0.42,2026-10-08,2027,N,VIIRS,n,2.0NRT,293.32,1.71,N,VIIRS_SNPP_NRT,4.153833333333335,60,0.01430925773299236,-58.833206275328024,Persistent / Reduced
23.71428,86.42139,310.72,0.39,0.36,2026-10-08,1949,N21,VIIRS,n,2.0NRT,292.82,1.7,N,VIIRS_NOAA21_NRT,2.393999999999999,60,0.013771296131393752,-28.98913951545527,Persistent / Stable
23.71759,86.42197,310.41,0.39,0.36,2026-10-08,1949,N21,VIIRS,n,2.0NRT,292.51,1.7,N,VIIRS_NOAA21_NRT,2.3719354838709674,62,0.005488856897612286,-28.328573371413018,Persistent / Stable
18.75493,77.75567,331.21,0.43,0.38,2026-10-08,818,N20,VIIRS,l,2.0NRT,305.19,1.7,D,VIIRS_NOAA20_NRT,,0,,,New / No Local History
16.85998,79.55676,330.4,0.44,0.38,2026-10-08,758,N,VIIRS,l,2.0NRT,304.71,1.7,D,VIIRS_SNPP_NRT,,0,,,New / No Local History
24.20364,82.70829,313.74,0.39,0.36,2026-10-08,2027,N,VIIRS,n,2.0NRT,293.37,1.7,N,VIIRS_SNPP_NRT,1.1085714285714285,7,0.007762929773424065,53.350515463917525,Abnormal Increase
12.34489,79.84022,331.01,0.46,0.39,2026-10-08,816,N20,VIIRS,n,2.0NRT,293.17,1.69,D,VIIRS_NOAA20_NRT,,0,,,New / No Local History
23.24857,77.23021,332.1,0.45,0.39,2026-10-08,820,N20,VIIRS,l,2.0NRT,306.49,1.69,D,VIIRS_NOAA20_NRT,,0,,,New / No Local History
23.33331,76.6317,338.03,0.43,0.38,2026-10-08,820,N20,VIIRS,l,2.0NRT,310.7,1.69,D,VIIRS_NOAA20_NRT,,0,,,New / No Local History
22.31495,82.53231,306.79,0.58,0.52,2026-10-08,2049,N20,VIIRS,n,2.0NRT,293.69,1.69,N,VIIRS_NOAA20_NRT,1.8900000000000001,10,0.058868775285374,-10.582010582010591,Persistent / Stable
22.14783,75.09534,334.22,0.41,0.45,2026-10-08,801,N,VIIRS,n,2.0NRT,306.67,1.69,D,VIIRS_SNPP_NRT,,0,,,New / No Local History
23.66897,86.09014,304.05,0.53,0.42,2026-10-08,2027,N,VIIRS,n,2.0NRT,289.74,1.69,N,VIIRS_SNPP_NRT,2.372068965517242,87,0.01492872298389404,-28.754179386538752,Persistent / Stable
23.48782,87.36404,301.57,0.56,0.69,2026-10-08,1906,N20,VIIRS,n,2.0NRT,288.27,1.68,N,VIIRS_NOAA20_NRT,2.2,5,0.019974928752054047,-23.636363636363644,Persistent / Stable
23.77263,86.19103,310.64,0.46,0.63,2026-10-08,2046,N20,VIIRS,n,2.0NRT,287.4,1.68,N,VIIRS_NOAA20_NRT,2.9835,40,0.15272357440156362,-43.6902966314731,Persistent / Stable
21.23298,79.63012,308.27,0.4,0.44,2026-10-08,2049,N20,VIIRS,n,2.0NRT,296.68,1.68,N,VIIRS_NOAA20_NRT,0.8525,4,0.04186230970933327,97.06744868035189,Abnormal Increase
21.48744,81.76706,310.89,0.56,0.43,2026-10-08,1951,N21,VIIRS,n,2.0NRT,295.23,1.67,N,VIIRS_NOAA21_NRT,1.4842857142857144,7,0.07348877688098765,12.512030798845029,Persistent / Stable
18.45288,74.59422,336.6,0.39,0.36,2026-10-08,818,N20,VIIRS,n,2.0NRT,306.6,1.67,D,VIIRS_NOAA20_NRT,,0,,,New / No Local History
24.30315,78.21176,331.38,0.41,0.37,2026-10-08,801,N,VIIRS,l,2.0NRT,304.16,1.67,D,VIIRS_SNPP_NRT,,0,,,New / No Local History
21.96441,83.77467,306.75,0.45,0.39,2026-10-08,1951,N21,VIIRS,n,2.0NRT,294.4,1.66,N,VIIRS_NOAA21_NRT,1.675,4,0.2217393015226959,-0.8955223880597089,Persistent / Stable
17.2833,75.18148,336.74,0.38,0.36,2026-10-08,818,N20,VIIRS,l,2.0NRT,310.93,1.66,D,VIIRS_NOAA20_NRT,,0,,,New / No Local History
21.10517,72.63513,326.91,0.4,0.37,2026-10-08,2049,N20,VIIRS,n,2.0NRT,298.63,1.66,N,VIIRS_NOAA20_NRT,4.870454545454545,154,0.00654531565973545,-65.91693887074194,Persistent / Reduced
21.10852,72.63571,318.93,0.4,0.37,2026-10-08,2049,N20,VIIRS,n,2.0NRT,300.01,1.66,N,VIIRS_NOAA20_NRT,4.870454545454545,154,0.003863788062124048,-65.91693887074194,Persistent / Reduced
21.96501,83.77257,311.72,0.44,0.38,2026-10-08,2027,N,VIIRS,n,2.0NRT,294.74,1.66,N,VIIRS_SNPP_NRT,1.675,4,0.006682105872691895,-0.8955223880597089,Persistent / Stable
23.72421,86.42314,310.79,0.39,0.36,2026-10-08,1949,N21,VIIRS,n,2.0NRT,294.11,1.65,N,VIIRS_NOAA21_NRT,2.2514285714285713,70,0.029052693858037302,-26.713197969543145,Persistent / Stable
23.82222,85.49703,302.64,0.41,0.37,2026-10-08,1949,N21,VIIRS,n,2.0NRT,291.32,1.65,N,VIIRS_NOAA21_NRT,1.2481818181818183,11,0.06511342353147914,32.19227967953385,Persistent / Stable
22.20097,84.5767,305.19,0.42,0.38,2026-10-08,1951,N21,VIIRS,n,2.0NRT,287.05,1.65,N,VIIRS_NOAA21_NRT,,0,,,New / No Local History
26.87482,73.51757,306.94,0.4,0.6,2026-10-08,2129,N21,VIIRS,n,2.0NRT,293.66,1.65,N,VIIRS_NOAA21_NRT,1.669047619047619,21,0.04466555285988733,-1.1412268188302386,Persistent / Stable
13.303,79.99628,330.51,0.48,0.4,2026-10-08,816,N20,VIIRS,n,2.0NRT,298.27,1.65,D,VIIRS_NOAA20_NRT,,0,,,New / No Local History
21.75331,83.84155,310.71,0.36,0.57,2026-10-08,2049,N20,VIIRS,n,2.0NRT,292.07,1.65,N,VIIRS_NOAA20_NRT,4.736385542168675,83,0.016331040978345895,-65.16330891330891,Persistent / Reduced
21.75844,83.8429,323.23,0.36,0.57,2026-10-08,2049,N20,VIIRS,n,2.0NRT,292.7,1.65,N,VIIRS_NOAA20_NRT,4.736385542168675,83,0.02051662588419993,-65.16330891330891,Persistent / Reduced
18.68503,73.03152,313.61,0.39,0.36,2026-10-08,2051,N20,VIIRS,n,2.0NRT,296.97,1.65,N,VIIRS_NOAA20_NRT,2.30734693877551,49,0.024466358060735383,-28.48929771802583,Persistent / Stable
18.68559,73.02789,318.07,0.39,0.36,2026-10-08,2051,N20,VIIRS,n,2.0NRT,296.12,1.65,N,VIIRS_NOAA20_NRT,2.326458333333333,48,0.0969308479515895,-29.076743977791704,Persistent / Stable
21.2022,75.41241,332.21,0.41,0.45,2026-10-08,801,N,VIIRS,l,2.0NRT,305.8,1.65,D,VIIRS_SNPP_NRT,,0,,,New / No Local History
23.75461,85.85489,307.53,0.52,0.41,2026-10-08,2027,N,VIIRS,n,2.0NRT,291.3,1.65,N,VIIRS_SNPP_NRT,1.9751515151515153,33,0.0014332581498519698,-16.462104940165705,Persistent / Stable
24.34145,77.36031,335.02,0.32,0.55,2026-10-08,724,N21,VIIRS,n,2.0NRT,303.05,1.64,D,VIIRS_NOAA21_NRT,,0,,,New / No Local History
20.78199,85.2683,312.44,0.4,0.37,2026-10-08,1951,N21,VIIRS,n,2.0NRT,293.56,1.64,N,VIIRS_NOAA21_NRT,4.153833333333335,60,0.260170202128238,-60.51839666171811,Persistent / Reduced
22.03875,83.73184,314.96,0.46,0.39,2026-10-08,1951,N21,VIIRS,n,2.0NRT,295.68,1.64,N,VIIRS_NOAA21_NRT,1.550909090909091,11,0.014439316988950951,5.744431418522847,Persistent / Stable
22.03934,83.72746,305.15,0.46,0.39,2026-10-08,1951,N21,VIIRS,n,2.0NRT,293.51,1.64,N,VIIRS_NOAA21_NRT,1.5490000000000002,10,0.04329173909608731,5.874757908327936,Persistent / Stable
20.94151,86.05864,302.4,0.64,0.72,2026-10-08,1908,N20,VIIRS,n,2.0NRT,288.59,1.64,N,VIIRS_NOAA20_NRT,3.456785714285715,28,0.28351114694983265,-52.55708234321729,Persistent / Reduced
22.00293,82.66803,305.35,0.6,0.53,2026-10-08,2049,N20,VIIRS,n,2.0NRT,293.58,1.64,N,VIIRS_NOAA20_NRT,1.743846153846154,13,0.0608355576082375,-5.9550066166740345,Persistent / Stable
22.00771,82.66914,305.15,0.6,0.53,2026-10-08,2049,N20,VIIRS,n,2.0NRT,293.48,1.64,N,VIIRS_NOAA20_NRT,1.743846153846154,13,0.03464429702752153,-5.9550066166740345,Persistent / Stable
22.42919,69.83242,309.29,0.45,0.63,2026-10-08,2027,N,VIIRS,n,2.0NRT,297.07,1.64,N,VIIRS_SNPP_NRT,,0,,,New / No Local History
23.68602,87.12286,308.88,0.4,0.45,2026-10-08,2027,N,VIIRS,n,2.0NRT,291.56,1.64,N,VIIRS_SNPP_NRT,2.839636363636363,55,0.014125533489660226,-42.24612626456651,Persistent / Stable
21.07571,85.04652,306.03,0.4,0.37,2026-10-08,1951,N21,VIIRS,n,2.0NRT,294.87,1.63,N,VIIRS_NOAA21_NRT,2.44,20,0.10381036460723114,-33.196721311475414,Persistent / Stable
23.75841,86.40322,307.31,0.47,0.64,2026-10-08,2046,N20,VIIRS,n,2.0NRT,287.59,1.63,N,VIIRS_NOAA20_NRT,2.158924050632911,158,0.014312481279983228,-24.499428336900113,Persistent / Stable
23.75945,86.39884,310.17,0.47,0.64,2026-10-08,2046,N20,VIIRS,n,2.0NRT,287.87,1.63,N,VIIRS_NOAA20_NRT,2.1566666666666663,159,0.008416840506061132,-24.420401854714058,Persistent / Stable
20.3547,72.94923,307.34,0.54,0.51,2026-10-08,2027,N,VIIRS,n,2.0NRT,294.03,1.63,N,VIIRS_SNPP_NRT,1.27,1,0.06349362371186519,28.346456692913375,Single Historical Detection
22.21109,84.86518,312.49,0.49,0.4,2026-10-08,2027,N,VIIRS,n,2.0NRT,291.16,1.63,N,VIIRS_SNPP_NRT,2.4099999999999993,23,0.0009315444390996503,-32.36514522821575,Persistent / Stable
22.21195,84.8605,302.89,0.49,0.4,2026-10-08,2027,N,VIIRS,n,2.0NRT,290.72,1.63,N,VIIRS_SNPP_NRT,2.2799999999999994,27,0.02142343357916496,-28.508771929824544,Persistent / Stable
14.44956,80.14507,333.8,0.33,0.56,2026-10-08,720,N21,VIIRS,n,2.0NRT,295.24,1.62,D,VIIRS_NOAA21_NRT,,0,,,New / No Local History
21.8582,83.96869,306.49,0.44,0.39,2026-10-08,1951,N21,VIIRS,n,2.0NRT,293.89,1.62,N,VIIRS_NOAA21_NRT,2.225,2,0.0279188490351331,-27.191011235955052,Persistent / Stable
23.68012,86.39954,303.6,0.47,0.64,2026-10-08,2046,N20,VIIRS,n,2.0NRT,287.53,1.62,N,VIIRS_NOAA20_NRT,3.0147826086956515,92,0.004881563265257094,-46.26478223247763,Persistent / Stable
23.79507,86.35168,310.19,0.47,0.64,2026-10-08,2046,N20,VIIRS,n,2.0NRT,288.14,1.62,N,VIIRS_NOAA20_NRT,1.9987931034482764,58,0.0024574876340553455,-18.951091175709497,Persistent / Stable
20.78433,85.2618,307.85,0.46,0.64,2026-10-08,2049,N20,VIIRS,n,2.0NRT,290.03,1.62,N,VIIRS_NOAA20_NRT,4.153833333333335,60,0.013637237724656318,-60.999879629258125,Persistent / Reduced
20.78905,85.26754,303.28,0.46,0.64,2026-10-08,2049,N20,VIIRS,n,2.0NRT,289.94,1.62,N,VIIRS_NOAA20_NRT,4.153833333333335,60,0.1808913976097924,-60.999879629258125,Persistent / Reduced
20.95811,85.01012,304.94,0.44,0.62,2026-10-08,2049,N20,VIIRS,n,2.0NRT,289.86,1.62,N,VIIRS_NOAA20_NRT,3.09125,8,0.0799964142649695,-47.59401536595228,Persistent / Stable
25.17845,77.74823,333.97,0.42,0.38,2026-10-08,801,N,VIIRS,l,2.0NRT,307.73,1.62,D,VIIRS_SNPP_NRT,,0,,,New / No Local History
23.72524,86.43887,304.01,0.39,0.36,2026-10-08,1949,N21,VIIRS,n,2.0NRT,292.25,1.61,N,VIIRS_NOAA21_NRT,2.4301123595505616,89,0.02274392782864345,-33.74791936378767,Persistent / Stable
24.4486,83.03747,303.41,0.52,0.42,2026-10-08,1949,N21,VIIRS,n,2.0NRT,292.37,1.61,N,VIIRS_NOAA21_NRT,,0,,,New / No Local History
19.10202,82.16578,311.09,0.5,0.41,2026-10-08,1951,N21,VIIRS,n,2.0NRT,294.66,1.61,N,VIIRS_NOAA21_NRT,2.2891666666666666,36,0.002348268273569489,-29.66872952311612,Persistent / Stable
21.30894,81.59125,310.6,0.38,0.43,2026-10-08,1951,N21,VIIRS,n,2.0NRT,295.42,1.61,N,VIIRS_NOAA21_NRT,1.5050000000000001,8,0.0642283967212688,6.97674418604651,Persistent / Stable
24.45157,74.91878,337.73,0.39,0.36,2026-10-08,820,N20,VIIRS,n,2.0NRT,311.57,1.61,D,VIIRS_NOAA20_NRT,,0,,,New / No Local History
21.17843,81.38618,308.68,0.39,0.36,2026-10-08,2027,N,VIIRS,n,2.0NRT,295.21,1.61,N,VIIRS_SNPP_NRT,2.7287500000000002,24,0.036195556852119656,-40.998625744388455,Persistent / Stable
21.18175,81.3868,324.37,0.39,0.36,2026-10-08,2027,N,VIIRS,n,2.0NRT,298.34,1.61,N,VIIRS_SNPP_NRT,2.7287500000000002,24,0.02908467275915511,-40.998625744388455,Persistent / Stable
21.18235,81.38309,319.15,0.39,0.36,2026-10-08,2027,N,VIIRS,n,2.0NRT,295.75,1.61,N,VIIRS_SNPP_NRT,2.7287500000000002,24,0.031105818982895456,-40.998625744388455,Persistent / Stable
21.73904,83.8406,311.33,0.44,0.39,2026-10-08,2027,N,VIIRS,n,2.0NRT,295.08,1.61,N,VIIRS_SNPP_NRT,4.770121951219512,82,0.007395320488955653,-66.2482423622651,Persistent / Reduced
21.74257,83.84134,311.42,0.44,0.39,2026-10-08,2027,N,VIIRS,n,2.0NRT,295.27,1.61,N,VIIRS_SNPP_NRT,4.736385542168675,83,0.008974905417750948,-66.00783475783474,Persistent / Reduced
20.7608,85.29571,314.69,0.4,0.37,2026-10-08,1951,N21,VIIRS,n,2.0NRT,295.94,1.6,N,VIIRS_NOAA21_NRT,2.932222222222222,27,0.007537587601370216,-45.433876468359216,Persistent / Stable
20.76136,85.29193,309.24,0.4,0.37,2026-10-08,1951,N21,VIIRS,n,2.0NRT,295.16,1.6,N,VIIRS_NOAA21_NRT,2.932222222222222,27,0.045769623729185235,-45.433876468359216,Persistent / Stable
15.17852,76.65884,311.53,0.51,0.41,2026-10-08,2051,N20,VIIRS,n,2.0NRT,294.52,1.6,N,VIIRS_NOAA20_NRT,2.482133333333334,225,0.008240755735508285,-35.53932101418136,Persistent / Stable
15.18143,76.66422,309.67,0.51,0.41,2026-10-08,2051,N20,VIIRS,n,2.0NRT,295.69,1.6,N,VIIRS_NOAA20_NRT,2.4501327433628326,226,0.00763732216016639,-34.69741570801656,Persistent / Stable
23.76242,86.39488,308.42,0.39,0.36,2026-10-08,1949,N21,VIIRS,n,2.0NRT,293.31,1.59,N,VIIRS_NOAA21_NRT,2.2241216216216215,148,0.017697710639562284,-28.51110368502597,Persistent / Stable
17.61201,83.20178,312.2,0.39,0.6,2026-10-08,2051,N20,VIIRS,n,2.0NRT,292.24,1.59,N,VIIRS_NOAA20_NRT,2.7028571428571433,35,0.007511328418078558,-41.17336152219874,Persistent / Stable
29.49921,75.58569,332.18,0.45,0.39,2026-10-08,803,N,VIIRS,n,2.0NRT,301.36,1.59,D,VIIRS_SNPP_NRT,,0,,,New / No Local History
24.80888,76.67953,331.42,0.35,0.57,2026-10-08,724,N21,VIIRS,l,2.0NRT,304.97,1.58,D,VIIRS_NOAA21_NRT,,0,,,New / No Local History
23.78383,86.34337,309.01,0.39,0.36,2026-10-08,1949,N21,VIIRS,n,2.0NRT,292.25,1.58,N,VIIRS_NOAA21_NRT,2.250370370370371,81,0.06115456247252499,-29.789335088874275,Persistent / Stable
15.66365,79.20996,315.76,0.46,0.47,2026-10-08,1953,N21,VIIRS,n,2.0NRT,295.3,1.58,N,VIIRS_NOAA21_NRT,,0,,,New / No Local History
23.06454,75.05975,335.32,0.39,0.36,2026-10-08,820,N20,VIIRS,l,2.0NRT,308.47,1.58,D,VIIRS_NOAA20_NRT,,0,,,New / No Local History
22.41924,69.03857,311.29,0.39,0.44,2026-10-08,2049,N20,VIIRS,n,2.0NRT,296.52,1.58,N,VIIRS_NOAA20_NRT,1.8337500000000002,8,0.014507297394521999,-13.837764144512619,Persistent / Stable
17.61172,83.20421,309.19,0.44,0.38,2026-10-08,1951,N21,VIIRS,n,2.0NRT,295.31,1.57,N,VIIRS_NOAA21_NRT,2.7028571428571433,35,0.014013983903419094,-41.91331923890064,Persistent / Stable
21.79771,83.88223,308.95,0.45,0.39,2026-10-08,1951,N21,VIIRS,n,2.0NRT,293.97,1.57,N,VIIRS_NOAA21_NRT,2.9773333333333336,15,0.2757146252112108,-47.26824899238692,Persistent / Stable
24.68929,73.0015,307.22,0.41,0.61,2026-10-08,2131,N21,VIIRS,n,2.0NRT,296.86,1.57,N,VIIRS_NOAA21_NRT,1.1736363636363636,11,0.019259931707054884,33.77226955848181,Persistent / Stable
24.93256,74.63322,305.4,0.51,0.66,2026-10-08,2131,N21,VIIRS,n,2.0NRT,295.21,1.57,N,VIIRS_NOAA21_NRT,1.14,8,0.02331578263879102,37.719298245614056,Persistent / Stable
23.10341,76.11227,336.03,0.41,0.37,2026-10-08,820,N20,VIIRS,l,2.0NRT,309.13,1.57,D,VIIRS_NOAA20_NRT,,0,,,New / No Local History
21.87617,83.4971,311.78,0.43,0.38,2026-10-08,2027,N,VIIRS,n,2.0NRT,293.8,1.57,N,VIIRS_SNPP_NRT,1.6025,4,0.07223561756711554,-2.0280811232449283,Persistent / Stable
22.7941,86.20884,305.44,0.56,0.43,2026-10-08,2027,N,VIIRS,n,2.0NRT,290.08,1.57,N,VIIRS_SNPP_NRT,2.479821428571428,56,0.011935632062146886,-36.688989702599535,Persistent / Stable
22.79801,86.20975,316.54,0.56,0.43,2026-10-08,2027,N,VIIRS,n,2.0NRT,290.51,1.57,N,VIIRS_SNPP_NRT,2.479821428571428,56,0.002236092355356459,-36.688989702599535,Persistent / Stable
22.0065,82.67064,306.87,0.51,0.41,2026-10-08,1951,N21,VIIRS,n,2.0NRT,293.99,1.56,N,VIIRS_NOAA21_NRT,1.743846153846154,13,0.0200233420843379,-10.542567269519196,Persistent / Stable
15.65765,73.98874,321.66,0.4,0.37,2026-10-08,2051,N20,VIIRS,n,2.0NRT,295.12,1.56,N,VIIRS_NOAA20_NRT,1.3135714285714286,14,0.020475853547324892,18.76019575856444,Persistent / Stable
15.17299,76.78666,305.51,0.43,0.38,2026-10-08,2029,N,VIIRS,n,2.0NRT,294.91,1.56,N,VIIRS_SNPP_NRT,1.14,6,0.00042695786791835833,36.84210526315791,Persistent / Stable
23.77995,86.34658,310.76,0.39,0.36,2026-10-08,1949,N21,VIIRS,n,2.0NRT,293.12,1.55,N,VIIRS_NOAA21_NRT,2.182682926829269,82,0.012354763037264823,-28.986478936194015,Persistent / Stable
21.93025,85.22063,308.05,0.4,0.37,2026-10-08,1951,N21,VIIRS,n,2.0NRT,291.63,1.55,N,VIIRS_NOAA21_NRT,1.847058823529412,17,0.01180652330875258,-16.082802547770715,Persistent / Stable
18.82397,77.84149,333.18,0.44,0.38,2026-10-08,818,N20,VIIRS,l,2.0NRT,307.46,1.55,D,VIIRS_NOAA20_NRT,,0,,,New / No Local History
23.71569,86.44894,300.27,0.64,0.72,2026-10-08,1906,N20,VIIRS,n,2.0NRT,287.07,1.55,N,VIIRS_NOAA20_NRT,2.529411764705881,68,0.031194822195070245,-38.7209302325581,Persistent / Stable
24.11888,86.85823,305.28,0.61,0.71,2026-10-08,1906,N20,VIIRS,n,2.0NRT,287.07,1.55,N,VIIRS_NOAA20_NRT,1.5869999999999997,10,0.040745334877111766,-2.3314429741650726,Persistent / Stable
23.68118,86.39501,308.18,0.47,0.64,2026-10-08,2046,N20,VIIRS,n,2.0NRT,288.13,1.55,N,VIIRS_NOAA20_NRT,3.0147826086956515,92,0.006557771726068841,-48.586674358234774,Persistent / Stable
23.68221,86.39068,308.55,0.47,0.64,2026-10-08,2046,N20,VIIRS,n,2.0NRT,287.53,1.55,N,VIIRS_NOAA20_NRT,3.0147826086956515,92,0.0113428439745709,-48.586674358234774,Persistent / Stable
23.68798,86.39216,308.52,0.47,0.64,2026-10-08,2046,N20,VIIRS,n,2.0NRT,287.77,1.55,N,VIIRS_NOAA20_NRT,3.0147826086956515,92,0.007170007204575765,-48.586674358234774,Persistent / Stable
23.8024,86.3207,301.87,0.46,0.64,2026-10-08,2046,N20,VIIRS,n,2.0NRT,287.44,1.55,N,VIIRS_NOAA20_NRT,2.5570833333333334,48,0.00862451110349554,-39.384063874857425,Persistent / Stable
23.80029,86.31482,304.68,0.55,0.42,2026-10-08,2027,N,VIIRS,n,2.0NRT,291.73,1.55,N,VIIRS_SNPP_NRT,2.575531914893617,47,0.5900840005324708,-39.81825691862866,Persistent / Stable
23.77931,86.37377,309.24,0.39,0.36,2026-10-08,1949,N21,VIIRS,n,2.0NRT,293.05,1.54,N,VIIRS_NOAA21_NRT,2.0701492537313437,67,0.09671596381837091,-25.609228550829144,Persistent / Stable
21.74524,83.8434,308.32,0.45,0.39,2026-10-08,1951,N21,VIIRS,n,2.0NRT,294.75,1.54,N,VIIRS_NOAA21_NRT,4.736385542168675,83,0.006712965860643537,-67.48575498575498,Persistent / Reduced
21.74878,83.84393,316.04,0.45,0.39,2026-10-08,1951,N21,VIIRS,n,2.0NRT,295.25,1.54,N,VIIRS_NOAA21_NRT,4.736385542168675,83,0.004987644184354917,-67.48575498575498,Persistent / Reduced
22.50333,88.44143,312.44,0.4,0.37,2026-10-08,1951,N21,VIIRS,n,2.0NRT,293.11,1.54,N,VIIRS_NOAA21_NRT,,0,,,New / No Local History
15.17534,77.09979,305.38,0.62,0.54,2026-10-08,1953,N21,VIIRS,n,2.0NRT,293.67,1.54,N,VIIRS_NOAA21_NRT,1.3944827586206896,29,0.037562757084714064,10.435212660731956,Persistent / Stable
15.18401,76.67883,308.17,0.33,0.55,2026-10-08,1953,N21,VIIRS,n,2.0NRT,294.75,1.54,N,VIIRS_NOAA21_NRT,2.356753246753246,154,0.016820184042416905,-34.65586598335811,Persistent / Stable
24.93501,74.634,304.47,0.51,0.66,2026-10-08,2131,N21,VIIRS,n,2.0NRT,294.05,1.54,N,VIIRS_NOAA21_NRT,1.14,8,0.008439657606101377,35.08771929824563,Persistent / Stable
9.79993,79.03946,332.79,0.41,0.37,2026-10-08,816,N20,VIIRS,n,2.0NRT,278.13,1.54,D,VIIRS_NOAA20_NRT,,0,,,New / No Local History
14.46836,77.79944,331.44,0.4,0.37,2026-10-08,818,N20,VIIRS,n,2.0NRT,299.42,1.54,D,VIIRS_NOAA20_NRT,,0,,,New / No Local History
23.48553,87.36178,307.4,0.56,0.69,2026-10-08,1906,N20,VIIRS,n,2.0NRT,288.41,1.54,N,VIIRS_NOAA20_NRT,2.2,5,0.0929638963148223,-30.000000000000004,Persistent / Stable
22.80094,86.08713,309.22,0.67,0.73,2026-10-08,1908,N20,VIIRS,n,2.0NRT,286.76,1.54,N,VIIRS_NOAA20_NRT,2.015,14,0.04454983760373171,-23.573200992555833,Persistent / Stable
21.67798,84.03627,319.05,0.37,0.58,2026-10-08,2049,N20,VIIRS,n,2.0NRT,291.24,1.54,N,VIIRS_NOAA20_NRT,2.826315789473685,19,0.04342719975608627,-45.512104283054015,Persistent / Stable
21.68244,84.04107,304.7,0.37,0.58,2026-10-08,2049,N20,VIIRS,n,2.0NRT,292.18,1.54,N,VIIRS_NOAA20_NRT,2.826315789473685,19,0.024950474619594987,-45.512104283054015,Persistent / Stable
23.66869,86.09052,306.59,0.45,0.63,2026-10-08,2049,N20,VIIRS,n,2.0NRT,287.13,1.54,N,VIIRS_NOAA20_NRT,2.372068965517242,87,0.014479229581548457,-35.07777293211223,Persistent / Stable
21.37457,81.68214,314.88,0.39,0.36,2026-10-08,2027,N,VIIRS,n,2.0NRT,296.06,1.54,N,VIIRS_SNPP_NRT,2.452,15,0.005217473119393529,-37.19412724306688,Persistent / Stable
21.37519,81.67839,310.64,0.39,0.36,2026-10-08,2027,N,VIIRS,n,2.0NRT,296.52,1.54,N,VIIRS_SNPP_NRT,2.452,15,0.046903787032206684,-37.19412724306688,Persistent / Stable
23.67627,86.40302,307.99,0.39,0.36,2026-10-08,1949,N21,VIIRS,n,2.0NRT,293.24,1.53,N,VIIRS_NOAA21_NRT,3.0147826086956515,92,0.006110410312299878,-49.2500721084511,Persistent / Stable
23.67684,86.39924,326.91,0.39,0.36,2026-10-08,1949,N21,VIIRS,n,2.0NRT,296.02,1.53,N,VIIRS_NOAA21_NRT,3.0147826086956515,92,0.01042524906265648,-49.2500721084511,Persistent / Stable
23.68015,86.39983,303.89,0.39,0.36,2026-10-08,1949,N21,VIIRS,n,2.0NRT,291.72,1.53,N,VIIRS_NOAA21_NRT,3.0147826086956515,92,0.006174835792157722,-49.2500721084511,Persistent / Stable
23.71806,86.44147,316.62,0.39,0.36,2026-10-08,1949,N21,VIIRS,n,2.0NRT,293.21,1.53,N,VIIRS_NOAA21_NRT,2.5166666666666657,81,0.016468011475347256,-39.20529801324501,Persistent / Stable
23.72193,86.43829,311.21,0.39,0.36,2026-10-08,1949,N21,VIIRS,n,2.0NRT,293.11,1.53,N,VIIRS_NOAA21_NRT,2.4301123595505616,89,0.04821980964687604,-37.03994821527649,Persistent / Stable
23.67433,86.3981,302.44,0.47,0.64,2026-10-08,2046,N20,VIIRS,n,2.0NRT,287.94,1.53,N,VIIRS_NOAA20_NRT,3.0147826086956515,92,0.002670512856280382,-49.2500721084511,Persistent / Stable
24.1678,82.62177,306.56,0.39,0.36,2026-10-08,2027,N,VIIRS,n,2.0NRT,292.65,1.53,N,VIIRS_SNPP_NRT,1.5083333333333337,6,0.06294030384085361,1.436464088397764,Persistent / Stable
18.82515,78.31059,331.24,0.36,0.58,2026-10-08,722,N21,VIIRS,n,2.0NRT,298.83,1.52,D,VIIRS_NOAA21_NRT,,0,,,New / No Local History
23.55947,87.23629,304.21,0.38,0.36,2026-10-08,1949,N21,VIIRS,n,2.0NRT,291.94,1.52,N,VIIRS_NOAA21_NRT,2.9255263157894738,38,0.01850889711178229,-48.04353692542953,Persistent / Stable
22.03858,83.34917,313.2,0.47,0.4,2026-10-08,1951,N21,VIIRS,n,2.0NRT,293.67,1.52,N,VIIRS_NOAA21_NRT,1.5653846153846156,13,0.030017240703083883,-2.8992628992629115,Persistent / Stable
23.7737,86.36469,300.92,0.47,0.64,2026-10-08,2046,N20,VIIRS,n,2.0NRT,287.16,1.52,N,VIIRS_NOAA20_NRT,1.968269230769231,52,0.011453345472350692,-22.774792379091366,Persistent / Stable
20.35687,72.94717,306.64,0.54,0.51,2026-10-08,2027,N,VIIRS,n,2.0NRT,293.52,1.52,N,VIIRS_SNPP_NRT,1.27,1,0.15235071404602576,19.685039370078737,Single Historical Detection
22.41722,69.03986,311.43,0.6,0.7,2026-10-08,2208,N,VIIRS,n,2.0NRT,295.44,1.52,N,VIIRS_SNPP_NRT,1.8337500000000002,8,0.01542056530129395,-17.10974778459442,Persistent / Stable
23.76573,86.39547,305.58,0.39,0.36,2026-10-08,1949,N21,VIIRS,n,2.0NRT,293.16,1.51,N,VIIRS_NOAA21_NRT,2.1942763157894736,152,0.0460507409736429,-31.18460108535964,Persistent / Stable
23.7663,86.39169,310.8,0.39,0.36,2026-10-08,1949,N21,VIIRS,n,2.0NRT,294.54,1.51,N,VIIRS_NOAA21_NRT,2.217785234899329,149,0.004476700026338575,-31.914056589499175,Persistent / Stable
17.60473,83.20315,316.67,0.44,0.38,2026-10-08,1951,N21,VIIRS,n,2.0NRT,296.41,1.51,N,VIIRS_NOAA21_NRT,2.7028571428571433,35,0.006733117642348425,-44.13319238900635,Persistent / Stable
17.60823,83.20368,311.9,0.44,0.38,2026-10-08,1951,N21,VIIRS,n,2.0NRT,296.14,1.51,N,VIIRS_NOAA21_NRT,2.7028571428571433,35,0.003987584068963899,-44.13319238900635,Persistent / Stable
22.59101,85.90424,304.31,0.39,0.36,2026-10-08,1951,N21,VIIRS,n,2.0NRT,291.68,1.51,N,VIIRS_NOAA21_NRT,2.4885,20,0.0021153821637868602,-39.320876029736795,Persistent / Stable
21.91945,83.35268,317.81,0.42,0.38,2026-10-08,2027,N,VIIRS,n,2.0NRT,295.41,1.51,N,VIIRS_SNPP_NRT,2.8140740740740737,27,0.01168161472478424,-46.34114240589628,Persistent / Stable
21.92017,83.3486,318.28,0.42,0.38,2026-10-08,2027,N,VIIRS,n,2.0NRT,295.04,1.51,N,VIIRS_SNPP_NRT,2.8140740740740737,27,0.012571436651465293,-46.34114240589628,Persistent / Stable
21.92291,83.35337,307.82,0.42,0.38,2026-10-08,2027,N,VIIRS,n,2.0NRT,293.72,1.51,N,VIIRS_SNPP_NRT,2.8140740740740737,27,0.00837637949246584,-46.34114240589628,Persistent / Stable
21.92362,83.34928,312.95,0.42,0.38,2026-10-08,2027,N,VIIRS,n,2.0NRT,293.86,1.51,N,VIIRS_SNPP_NRT,2.8140740740740737,27,0.014663640741694784,-46.34114240589628,Persistent / Stable
15.17151,76.37945,305.59,0.45,0.39,2026-10-08,2029,N,VIIRS,n,2.0NRT,294.98,1.51,N,VIIRS_SNPP_NRT,1.3303571428571428,28,0.01159354736866783,13.503355704697992,Persistent / Stable
17.95603,80.79704,308.74,0.39,0.36,2026-10-08,2029,N,VIIRS,n,2.0NRT,296.84,1.51,N,VIIRS_SNPP_NRT,2.7118181818181815,33,0.015728170631635757,-44.317800871605755,Persistent / Stable
20.8877,84.97865,307.35,0.51,0.41,2026-10-08,2027,N,VIIRS,n,2.0NRT,292.5,1.5,N,VIIRS_SNPP_NRT,3.033513513513513,74,0.004034325153368014,-50.55238774055595,Persistent / Reduced
21.73138,82.2142,311.74,0.4,0.37,2026-10-08,2027,N,VIIRS,n,2.0NRT,296.02,1.5,N,VIIRS_SNPP_NRT,1.1633333333333333,3,0.10330338077797241,28.939828080229223,Persistent / Stable
23.6776,86.08669,311.72,0.53,0.42,2026-10-08,2027,N,VIIRS,n,2.0NRT,291.18,1.5,N,VIIRS_SNPP_NRT,2.3926666666666665,90,0.0050070513601721935,-37.30844246308163,Persistent / Stable
23.68046,86.09277,306.64,0.53,0.42,2026-10-08,2027,N,VIIRS,n,2.0NRT,290.26,1.5,N,VIIRS_SNPP_NRT,2.4330681818181823,88,0.007339107440758665,-38.34944654616787,Persistent / Stable
20.97785,85.13701,307.43,0.4,0.37,2026-10-08,1951,N21,VIIRS,n,2.0NRT,295.17,1.49,N,VIIRS_NOAA21_NRT,3.1789285714285715,28,0.08307919243881685,-53.12886192562634,Persistent / Reduced
20.97841,85.13319,310.34,0.4,0.37,2026-10-08,1951,N21,VIIRS,n,2.0NRT,295.3,1.49,N,VIIRS_NOAA21_NRT,3.188421052631579,19,0.05297509398638013,-53.26840541432817,Persistent / Reduced
14.92483,77.71726,334.83,0.4,0.37,2026-10-08,818,N20,VIIRS,n,2.0NRT,302.14,1.49,D,VIIRS_NOAA20_NRT,,0,,,New / No Local History
23.56157,87.23542,304.95,0.57,0.69,2026-10-08,1906,N20,VIIRS,n,2.0NRT,287.66,1.49,N,VIIRS_NOAA20_NRT,2.9255263157894738,38,0.07034717464316774,-49.06899343348026,Persistent / Stable
19.10175,82.16726,304.69,0.41,0.37,2026-10-08,2027,N,VIIRS,n,2.0NRT,294.66,1.49,N,VIIRS_SNPP_NRT,2.2891666666666666,36,0.009451659941983543,-34.91081179468511,Persistent / Stable
23.76226,85.85324,299.39,0.7,0.75,2026-10-08,1906,N20,VIIRS,n,2.0NRT,284.94,1.48,N,VIIRS_NOAA20_NRT,1.9751515151515153,33,0.019817231188711898,-25.069039582694085,Persistent / Stable
23.77161,86.1953,302.57,0.46,0.63,2026-10-08,2046,N20,VIIRS,n,2.0NRT,287.31,1.48,N,VIIRS_NOAA20_NRT,3.051874999999999,48,0.0563375458233076,-51.505222199467525,Persistent / Reduced
24.17045,82.61736,304.59,0.54,0.5,2026-10-08,2049,N20,VIIRS,n,2.0NRT,291.15,1.48,N,VIIRS_NOAA20_NRT,1.5083333333333337,6,0.3682544255549061,-1.8784530386740612,Persistent / Stable
21.79687,83.88153,309.87,0.45,0.39,2026-10-08,2027,N,VIIRS,n,2.0NRT,293.69,1.48,N,VIIRS_SNPP_NRT,2.9773333333333336,15,0.3479567778528062,-50.29108822212272,Persistent / Reduced
22.32094,82.56445,312.69,0.4,0.37,2026-10-08,2027,N,VIIRS,n,2.0NRT,296.5,1.48,N,VIIRS_SNPP_NRT,1.9521052631578946,19,0.024793051779459164,-24.184416284712853,Persistent / Stable
23.77649,86.20998,312.18,0.39,0.36,2026-10-08,1949,N21,VIIRS,n,2.0NRT,293.58,1.47,N,VIIRS_NOAA21_NRT,3.051874999999999,48,0.011995748397358926,-51.83288961703869,Persistent / Reduced
23.77706,86.20616,306.04,0.39,0.36,2026-10-08,1949,N21,VIIRS,n,2.0NRT,293.25,1.47,N,VIIRS_NOAA21_NRT,3.051874999999999,48,0.02574523885796583,-51.83288961703869,Persistent / Reduced
24.11423,86.8587,317.93,0.39,0.36,2026-10-08,1949,N21,VIIRS,n,2.0NRT,292.77,1.47,N,VIIRS_NOAA21_NRT,1.5869999999999997,10,0.009003535832843117,-7.372400756143654,Persistent / Stable
24.14538,82.65911,308.14,0.54,0.42,2026-10-08,1949,N21,VIIRS,n,2.0NRT,292.2,1.47,N,VIIRS_NOAA21_NRT,0.78,1,0.05390446234299407,88.46153846153845,Abnormal Increase
22.01791,83.75367,305.02,0.35,0.57,2026-10-08,2049,N20,VIIRS,n,2.0NRT,291.51,1.47,N,VIIRS_NOAA20_NRT,1.9000000000000001,9,0.039501327261318525,-22.63157894736843,Persistent / Stable
22.78406,86.20531,310.1,0.56,0.43,2026-10-08,2027,N,VIIRS,n,2.0NRT,290.1,1.47,N,VIIRS_SNPP_NRT,2.479821428571428,56,0.007005990469073912,-40.72153812918556,Persistent / Stable
22.78797,86.20619,309.17,0.56,0.43,2026-10-08,2027,N,VIIRS,n,2.0NRT,291.06,1.47,N,VIIRS_SNPP_NRT,2.479821428571428,56,0.02804530501990014,-40.72153812918556,Persistent / Stable
23.67437,86.08745,306.15,0.53,0.42,2026-10-08,2027,N,VIIRS,n,2.0NRT,290.17,1.47,N,VIIRS_SNPP_NRT,2.3926666666666665,90,0.020420680187680337,-38.562273613820004,Persistent / Stable
23.6792,86.08315,305.8,0.53,0.42,2026-10-08,2027,N,VIIRS,n,2.0NRT,290.77,1.47,N,VIIRS_SNPP_NRT,2.46,87,0.0023460358204228375,-40.243902439024396,Persistent / Stable
13.71036,79.61697,306.35,0.54,0.51,2026-10-08,2051,N20,VIIRS,n,2.0NRT,291.39,1.46,N,VIIRS_NOAA20_NRT,1.52875,8,0.1566661566874451,-4.497138184791502,Persistent / Stable
17.61126,83.20538,308.78,0.39,0.6,2026-10-08,2051,N20,VIIRS,n,2.0NRT,292.38,1.46,N,VIIRS_NOAA20_NRT,2.7028571428571433,35,0.005980498334628122,-45.98308668076111,Persistent / Stable
17.46318,80.65461,311.92,0.39,0.36,2026-10-08,2029,N,VIIRS,n,2.0NRT,295.33,1.46,N,VIIRS_SNPP_NRT,1.3228571428571427,7,0.04249170848943939,10.3671706263499,Persistent / Stable
22.02893,83.3662,304.66,0.47,0.4,2026-10-08,1951,N21,VIIRS,n,2.0NRT,293.08,1.45,N,VIIRS_NOAA21_NRT,1.5653846153846156,13,0.26191994942987434,-7.371007371007386,Persistent / Stable
15.07069,77.42075,334.64,0.4,0.37,2026-10-08,818,N20,VIIRS,l,2.0NRT,306.06,1.45,D,VIIRS_NOAA20_NRT,,0,,,New / No Local History
28.44084,76.7299,331.34,0.49,0.4,2026-10-08,822,N20,VIIRS,l,2.0NRT,303.24,1.45,D,VIIRS_NOAA20_NRT,,0,,,New / No Local History
20.86241,84.98301,309.26,0.75,0.77,2026-10-08,1908,N20,VIIRS,n,2.0NRT,288.04,1.45,N,VIIRS_NOAA20_NRT,3.015394736842105,76,0.046758143723590676,-51.91342671379324,Persistent / Reduced
20.86899,84.99111,301.88,0.75,0.77,2026-10-08,1908,N20,VIIRS,n,2.0NRT,288.66,1.45,N,VIIRS_NOAA20_NRT,3.015394736842105,76,0.01169734713158288,-51.91342671379324,Persistent / Reduced
20.86948,84.98418,302.47,0.75,0.77,2026-10-08,1908,N20,VIIRS,n,2.0NRT,288.58,1.45,N,VIIRS_NOAA20_NRT,3.015394736842105,76,0.011320511807058651,-51.91342671379324,Persistent / Reduced
20.86406,84.99442,303.18,0.44,0.63,2026-10-08,2049,N20,VIIRS,n,2.0NRT,289.77,1.45,N,VIIRS_NOAA20_NRT,3.038266666666666,75,0.0010435576915897977,-52.275420195725616,Persistent / Reduced
20.97252,86.01903,308.56,0.51,0.66,2026-10-08,2049,N20,VIIRS,n,2.0NRT,289.54,1.45,N,VIIRS_NOAA20_NRT,3.403448275862067,58,0.19372496835359096,-57.396149949341414,Persistent / Reduced
22.57522,85.89763,306.25,0.46,0.64,2026-10-08,2049,N20,VIIRS,n,2.0NRT,288.08,1.45,N,VIIRS_NOAA20_NRT,2.615555555555556,18,0.06483415862822521,-44.5624468988955,Persistent / Stable
15.17838,77.10052,303.94,0.53,0.42,2026-10-08,2051,N20,VIIRS,n,2.0NRT,285.33,1.45,N,VIIRS_NOAA20_NRT,1.3944827586206896,29,0.00786077177717189,3.981206726013849,Persistent / Stable
27.08887,78.77883,333.07,0.39,0.36,2026-10-08,803,N,VIIRS,n,2.0NRT,301.67,1.45,D,VIIRS_SNPP_NRT,,0,,,New / No Local History
20.96767,86.02313,307.44,0.39,0.44,2026-10-08,2027,N,VIIRS,n,2.0NRT,293.0,1.45,N,VIIRS_SNPP_NRT,4.074761904761903,42,0.08538904786318292,-64.41509874956175,Persistent / Reduced
20.96836,86.0194,317.21,0.39,0.44,2026-10-08,2027,N,VIIRS,n,2.0NRT,293.81,1.45,N,VIIRS_SNPP_NRT,3.696599999999998,50,0.20042866035866252,-60.77476600119027,Persistent / Reduced
22.26322,75.1319,306.17,0.42,0.45,2026-10-08,2027,N,VIIRS,n,2.0NRT,295.01,1.45,N,VIIRS_SNPP_NRT,0.86,2,0.1441006033516119,68.6046511627907,Abnormal Increase
22.05472,85.46503,311.22,0.4,0.37,2026-10-08,1951,N21,VIIRS,n,2.0NRT,292.34,1.44,N,VIIRS_NOAA21_NRT,1.07,6,0.09589826691655895,34.579439252336435,Persistent / Stable
20.75935,85.2913,305.07,0.46,0.64,2026-10-08,2049,N20,VIIRS,n,2.0NRT,290.33,1.44,N,VIIRS_NOAA20_NRT,2.932222222222222,27,0.019915777617083186,-50.89048882152329,Persistent / Reduced
27.02854,76.76647,338.41,0.44,0.38,2026-10-08,803,N,VIIRS,l,2.0NRT,312.47,1.44,D,VIIRS_SNPP_NRT,,0,,,New / No Local History
15.06967,76.86539,308.94,0.32,0.55,2026-10-08,1953,N21,VIIRS,n,2.0NRT,291.13,1.43,N,VIIRS_NOAA21_NRT,1.33,10,0.014666361737026895,7.518796992481193,Persistent / Stable
22.57739,85.89083,301.84,0.68,0.74,2026-10-08,1908,N20,VIIRS,n,2.0NRT,286.35,1.43,N,VIIRS_NOAA20_NRT,2.615555555555556,18,0.02421491040769784,-45.32710280373833,Persistent / Stable
21.07389,85.04316,305.49,0.51,0.41,2026-10-08,2027,N,VIIRS,n,2.0NRT,292.26,1.43,N,VIIRS_SNPP_NRT,2.44,20,0.006597245416363483,-41.39344262295082,Persistent / Stable
21.0748,85.03828,308.01,0.51,0.41,2026-10-08,2027,N,VIIRS,n,2.0NRT,293.91,1.43,N,VIIRS_SNPP_NRT,2.44,20,0.040600968333738725,-41.39344262295082,Persistent / Stable
22.78837,86.19627,311.67,0.56,0.43,2026-10-08,2027,N,VIIRS,n,2.0NRT,290.94,1.43,N,VIIRS_SNPP_NRT,2.479821428571428,56,0.006932138827055536,-42.334557499819965,Persistent / Stable
22.79229,86.19713,306.04,0.56,0.43,2026-10-08,2027,N,VIIRS,n,2.0NRT,290.56,1.43,N,VIIRS_SNPP_NRT,2.479821428571428,56,0.006186038194442587,-42.334557499819965,Persistent / Stable
23.77094,86.19351,307.21,0.46,0.63,2026-10-08,2046,N20,VIIRS,n,2.0NRT,287.08,1.42,N,VIIRS_NOAA20_NRT,3.051874999999999,48,0.06114880688179796,-53.47122670489451,Persistent / Reduced
15.22692,76.76241,306.96,0.51,0.41,2026-10-08,2051,N20,VIIRS,n,2.0NRT,295.56,1.42,N,VIIRS_NOAA20_NRT,1.6163636363636364,11,0.025772042015880372,-12.148481439820031,Persistent / Stable
18.70595,73.80565,303.73,0.45,0.47,2026-10-08,2029,N,VIIRS,n,2.0NRT,292.73,1.42,N,VIIRS_SNPP_NRT,,0,,,New / No Local History
22.9617,75.79245,335.3,0.43,0.62,2026-10-08,724,N21,VIIRS,n,2.0NRT,304.13,1.41,D,VIIRS_NOAA21_NRT,,0,,,New / No Local History
24.92212,76.58897,336.97,0.44,0.38,2026-10-08,820,N20,VIIRS,l,2.0NRT,309.39,1.41,D,VIIRS_NOAA20_NRT,,0,,,New / No Local History
15.02356,78.0155,314.11,0.39,0.37,2026-10-08,2029,N,VIIRS,n,2.0NRT,295.92,1.41,N,VIIRS_SNPP_NRT,1.760526315789474,19,0.0029396102970401443,-19.910313901345308,Persistent / Stable
22.57552,85.89383,307.73,0.39,0.36,2026-10-08,1951,N21,VIIRS,n,2.0NRT,292.59,1.4,N,VIIRS_NOAA21_NRT,2.615555555555556,18,0.04929092101220688,-46.47408666100256,Persistent / Stable
21.96556,83.77195,309.7,0.35,0.57,2026-10-08,2049,N20,VIIRS,n,2.0NRT,291.76,1.4,N,VIIRS_NOAA20_NRT,1.675,4,0.05902080320090318,-16.4179104477612,Persistent / Stable
22.24246,87.38769,303.23,0.58,0.7,2026-10-08,2049,N20,VIIRS,n,2.0NRT,287.81,1.4,N,VIIRS_NOAA20_NRT,2.518,10,0.011930696823660741,-44.40031771247021,Persistent / Stable
20.96864,86.02272,316.69,0.39,0.44,2026-10-08,2027,N,VIIRS,n,2.0NRT,293.03,1.4,N,VIIRS_SNPP_NRT,3.9506818181818164,44,0.04282029732048497,-64.56307887016048,Persistent / Reduced
20.96935,86.019,309.0,0.39,0.44,2026-10-08,2027,N,VIIRS,n,2.0NRT,293.49,1.4,N,VIIRS_SNPP_NRT,3.646862745098037,51,0.19246248384709505,-61.61083929243506,Persistent / Reduced
22.57226,85.89395,305.07,0.54,0.42,2026-10-08,2027,N,VIIRS,n,2.0NRT,290.61,1.4,N,VIIRS_SNPP_NRT,2.615555555555556,18,0.037369135882712026,-46.47408666100256,Persistent / Stable
22.57325,85.88876,308.75,0.54,0.42,2026-10-08,2027,N,VIIRS,n,2.0NRT,290.68,1.4,N,VIIRS_SNPP_NRT,2.615555555555556,18,0.0955751011329752,-46.47408666100256,Persistent / Stable
23.73961,86.43363,307.76,0.39,0.36,2026-10-08,1949,N21,VIIRS,n,2.0NRT,292.62,1.39,N,VIIRS_NOAA21_NRT,2.3065263157894735,95,0.0152696858237733,-39.736217597663384,Persistent / Stable
21.35522,81.67467,309.16,0.39,0.36,2026-10-08,2027,N,VIIRS,n,2.0NRT,295.44,1.39,N,VIIRS_SNPP_NRT,2.3618750000000004,16,0.19236159772170597,-41.148451971421025,Persistent / Stable
21.74552,83.84074,306.07,0.45,0.39,2026-10-08,1951,N21,VIIRS,n,2.0NRT,294.51,1.38,N,VIIRS_NOAA21_NRT,4.736385542168675,83,0.0049890044311469775,-70.86385836385837,Persistent / Reduced
21.74906,83.84127,316.34,0.45,0.39,2026-10-08,1951,N21,VIIRS,n,2.0NRT,295.15,1.38,N,VIIRS_NOAA21_NRT,4.736385542168675,83,0.009722971197493368,-70.86385836385837,Persistent / Reduced
22.36421,87.29601,306.3,0.55,0.68,2026-10-08,1908,N20,VIIRS,n,2.0NRT,287.32,1.38,N,VIIRS_NOAA20_NRT,3.3701999999999996,100,0.20701976437064756,-59.05287520028485,Persistent / Reduced
22.37053,87.29666,302.02,0.55,0.68,2026-10-08,1908,N20,VIIRS,n,2.0NRT,287.19,1.38,N,VIIRS_NOAA20_NRT,3.4039795918367344,98,0.14710748095601425,-59.45921640336941,Persistent / Reduced
22.87284,86.05971,299.9,0.67,0.74,2026-10-08,1908,N20,VIIRS,n,2.0NRT,286.08,1.38,N,VIIRS_NOAA20_NRT,2.0949999999999998,10,0.0598304873968189,-34.12887828162291,Persistent / Stable
26.87379,73.51711,310.96,0.41,0.37,2026-10-08,2046,N20,VIIRS,n,2.0NRT,294.47,1.38,N,VIIRS_NOAA20_NRT,1.669047619047619,21,0.0010393322571880007,-17.31811697574893,Persistent / Stable
21.76359,83.84421,307.95,0.36,0.57,2026-10-08,2049,N20,VIIRS,n,2.0NRT,290.88,1.38,N,VIIRS_NOAA20_NRT,4.736385542168675,83,0.0195015876840767,-70.86385836385837,Persistent / Reduced
21.92427,85.21928,303.38,0.43,0.62,2026-10-08,2049,N20,VIIRS,n,2.0NRT,287.44,1.38,N,VIIRS_NOAA20_NRT,1.847058823529412,17,0.05470918674181882,-25.286624203821674,Persistent / Stable
21.92985,85.22066,303.04,0.43,0.62,2026-10-08,2049,N20,VIIRS,n,2.0NRT,287.76,1.38,N,VIIRS_NOAA20_NRT,1.847058823529412,17,0.010337396172663089,-25.286624203821674,Persistent / Stable
22.22163,84.75284,301.92,0.4,0.6,2026-10-08,2049,N20,VIIRS,n,2.0NRT,288.2,1.38,N,VIIRS_NOAA20_NRT,0.9733333333333333,3,0.0908214029030521,41.78082191780822,Persistent / Stable
22.03923,83.34955,313.08,0.42,0.38,2026-10-08,2027,N,VIIRS,n,2.0NRT,293.48,1.38,N,VIIRS_SNPP_NRT,1.5653846153846156,13,0.01010885293598403,-11.842751842751861,Persistent / Stable
24.44952,83.03916,306.3,0.4,0.37,2026-10-08,2027,N,VIIRS,n,2.0NRT,293.43,1.38,N,VIIRS_SNPP_NRT,,0,,,New / No Local History
23.78571,86.33976,304.18,0.47,0.64,2026-10-08,2046,N20,VIIRS,n,2.0NRT,288.2,1.37,N,VIIRS_NOAA20_NRT,2.299113924050633,79,0.08349775551138824,-40.41182624015857,Persistent / Stable
19.96157,79.33617,310.86,0.51,0.49,2026-10-08,1951,N21,VIIRS,n,2.0NRT,293.97,1.36,N,VIIRS_NOAA21_NRT,1.21,1,0.38566875841262194,12.396694214876044,Single Historical Detection
21.95605,83.80878,305.83,0.45,0.39,2026-10-08,1951,N21,VIIRS,n,2.0NRT,292.74,1.36,N,VIIRS_NOAA21_NRT,1.43,1,0.05270554622781981,-4.895104895104884,Single Historical Detection
10.8806,77.69263,335.32,0.39,0.36,2026-10-08,816,N20,VIIRS,n,2.0NRT,300.58,1.36,D,VIIRS_NOAA20_NRT,,0,,,New / No Local History
20.88426,84.97762,304.17,0.75,0.77,2026-10-08,1908,N20,VIIRS,n,2.0NRT,288.12,1.36,N,VIIRS_NOAA20_NRT,3.0174999999999996,72,0.11050811712850861,-54.92957746478873,Persistent / Reduced
23.61631,86.78625,306.31,0.5,0.66,2026-10-08,2046,N20,VIIRS,n,2.0NRT,288.93,1.36,N,VIIRS_NOAA20_NRT,1.6899999999999997,13,0.009410282532693777,-19.52662721893489,Persistent / Stable
28.0156,77.55161,336.81,0.41,0.37,2026-10-08,803,N,VIIRS,n,2.0NRT,303.09,1.36,D,VIIRS_SNPP_NRT,,0,,,New / No Local History
20.96578,85.18915,306.05,0.53,0.42,2026-10-08,2027,N,VIIRS,n,2.0NRT,292.87,1.36,N,VIIRS_SNPP_NRT,3.706874999999999,80,0.007801119361884068,-63.31141460124768,Persistent / Reduced
21.67214,82.08195,312.49,0.39,0.37,2026-10-08,2027,N,VIIRS,n,2.0NRT,296.21,1.36,N,VIIRS_SNPP_NRT,1.3599999999999999,2,0.21189407878659874,1.6326809185664067e-14,Persistent / Stable
24.17006,82.61983,303.59,0.55,0.42,2026-10-08,1949,N21,VIIRS,n,2.0NRT,292.11,1.35,N,VIIRS_NOAA21_NRT,1.5083333333333337,6,0.11767973468016756,-10.497237569060793,Persistent / Stable
15.17202,76.69317,304.93,0.33,0.55,2026-10-08,1953,N21,VIIRS,n,2.0NRT,293.71,1.35,N,VIIRS_NOAA21_NRT,1.8583333333333332,66,0.03451724086057129,-27.35426008968609,Persistent / Stable
14.77843,75.68347,330.46,0.39,0.36,2026-10-08,818,N20,VIIRS,n,2.0NRT,297.96,1.35,D,VIIRS_NOAA20_NRT,,0,,,New / No Local History
18.54066,83.34216,313.45,0.39,0.59,2026-10-08,2049,N20,VIIRS,n,2.0NRT,292.81,1.35,N,VIIRS_NOAA20_NRT,,0,,,New / No Local History
17.60419,83.20258,309.67,0.46,0.39,2026-10-08,2029,N,VIIRS,n,2.0NRT,294.92,1.35,N,VIIRS_SNPP_NRT,2.7028571428571433,35,0.0035050588892676948,-50.05285412262157,Persistent / Reduced
17.60779,83.20328,310.35,0.46,0.39,2026-10-08,2029,N,VIIRS,n,2.0NRT,295.13,1.35,N,VIIRS_SNPP_NRT,2.7028571428571433,35,0.007951833649583115,-50.05285412262157,Persistent / Reduced
21.82349,83.99609,305.71,0.36,0.58,2026-10-08,2049,N20,VIIRS,n,2.0NRT,290.76,1.34,N,VIIRS_NOAA20_NRT,2.94,2,0.07620983494582127,-54.42176870748299,Persistent / Reduced
22.0152,83.74981,303.57,0.35,0.57,2026-10-08,2049,N20,VIIRS,n,2.0NRT,290.49,1.34,N,VIIRS_NOAA20_NRT,1.7692307692307692,13,0.01720910365238134,-24.260869565217384,Persistent / Stable
24.92873,76.92728,312.65,0.41,0.37,2026-10-08,2049,N20,VIIRS,n,2.0NRT,292.7,1.34,N,VIIRS_NOAA20_NRT,,0,,,New / No Local History
17.60664,83.20052,307.61,0.39,0.6,2026-10-08,2051,N20,VIIRS,n,2.0NRT,292.74,1.34,N,VIIRS_NOAA20_NRT,2.7028571428571433,35,0.004313463045878599,-50.42283298097252,Persistent / Reduced
22.3684,87.30237,304.95,0.44,0.46,2026-10-08,2027,N,VIIRS,n,2.0NRT,291.88,1.34,N,VIIRS_SNPP_NRT,2.612115384615384,52,0.010851868265867414,-48.70058160936463,Persistent / Stable
22.36925,87.29816,319.78,0.44,0.46,2026-10-08,2027,N,VIIRS,n,2.0NRT,291.55,1.34,N,VIIRS_SNPP_NRT,3.328068181818183,88,0.002522932855900287,-59.736401816505634,Persistent / Reduced
23.54973,86.544,304.18,0.39,0.36,2026-10-08,1949,N21,VIIRS,n,2.0NRT,292.32,1.33,N,VIIRS_NOAA21_NRT,1.3466666666666667,6,0.08665132190071449,-1.2376237623762332,Persistent / Stable
26.9263,73.46738,305.98,0.41,0.37,2026-10-08,2046,N20,VIIRS,n,2.0NRT,294.29,1.33,N,VIIRS_NOAA20_NRT,1.24,2,0.0317434136594882,7.258064516129038,Persistent / Stable
21.82641,83.90076,309.36,0.45,0.39,2026-10-08,2027,N,VIIRS,n,2.0NRT,294.05,1.33,N,VIIRS_SNPP_NRT,2.8986666666666667,15,0.2106138480889231,-54.11683532658693,Persistent / Reduced
23.78837,85.55067,304.9,0.5,0.41,2026-10-08,2027,N,VIIRS,n,2.0NRT,290.32,1.33,N,VIIRS_SNPP_NRT,1.9033333333333335,21,0.021513346874162304,-30.12259194395797,Persistent / Stable
21.87876,83.49568,313.19,0.34,0.56,2026-10-08,2049,N20,VIIRS,n,2.0NRT,291.39,1.32,N,VIIRS_NOAA20_NRT,1.6025,4,0.0744159981649354,-17.628705148205924,Persistent / Stable
22.05967,88.12482,306.22,0.66,0.73,2026-10-08,2049,N20,VIIRS,n,2.0NRT,286.87,1.32,N,VIIRS_NOAA20_NRT,4.342173913043477,23,0.01758193591935313,-69.60048062481225,Persistent / Reduced
17.58508,80.31823,305.57,0.51,0.49,2026-10-08,2051,N20,VIIRS,n,2.0NRT,293.78,1.32,N,VIIRS_NOAA20_NRT,,0,,,New / No Local History
21.85898,83.96534,310.73,0.45,0.39,2026-10-08,2027,N,VIIRS,n,2.0NRT,293.78,1.32,N,VIIRS_SNPP_NRT,2.225,2,0.15793660510062218,-40.674157303370784,Persistent / Stable
22.04246,83.72547,306.35,0.44,0.38,2026-10-08,2027,N,VIIRS,n,2.0NRT,292.69,1.32,N,VIIRS_SNPP_NRT,1.5490000000000002,10,0.24848058276122253,-14.783731439638482,Persistent / Stable
22.93236,69.70253,304.92,0.64,0.72,2026-10-08,2208,N,VIIRS,n,2.0NRT,294.56,1.32,N,VIIRS_SNPP_NRT,2.3864,25,0.07680615807142423,-44.68655715722427,Persistent / Stable
24.73502,76.79261,331.38,0.34,0.56,2026-10-08,724,N21,VIIRS,l,2.0NRT,305.55,1.31,D,VIIRS_NOAA21_NRT,,0,,,New / No Local History
23.75854,86.39809,304.08,0.39,0.36,2026-10-08,1949,N21,VIIRS,n,2.0NRT,292.23,1.31,N,VIIRS_NOAA21_NRT,2.1660509554140126,157,0.009846259387048941,-39.52127503161113,Persistent / Stable
23.76128,86.40248,315.94,0.39,0.36,2026-10-08,1949,N21,VIIRS,n,2.0NRT,292.21,1.31,N,VIIRS_NOAA21_NRT,2.158924050632911,158,0.003489725312544802,-39.32162645480929,Persistent / Stable
23.76185,86.39868,313.25,0.39,0.36,2026-10-08,1949,N21,VIIRS,n,2.0NRT,292.08,1.31,N,VIIRS_NOAA21_NRT,2.1638607594936707,158,0.006351749885937658,-39.46006025329783,Persistent / Stable
22.79088,86.20521,307.68,0.39,0.36,2026-10-08,1951,N21,VIIRS,n,2.0NRT,292.64,1.31,N,VIIRS_NOAA21_NRT,2.479821428571428,56,0.01199589823690081,-47.17361561172318,Persistent / Stable
22.79144,86.20145,305.13,0.39,0.36,2026-10-08,1951,N21,VIIRS,n,2.0NRT,291.69,1.31,N,VIIRS_NOAA21_NRT,2.479821428571428,56,0.01691983100765821,-47.17361561172318,Persistent / Stable
19.786,79.14798,308.17,0.4,0.44,2026-10-08,2049,N20,VIIRS,n,2.0NRT,296.28,1.31,N,VIIRS_NOAA20_NRT,,0,,,New / No Local History
20.86779,70.56274,308.72,0.47,0.4,2026-10-08,2049,N20,VIIRS,n,2.0NRT,296.87,1.31,N,VIIRS_NOAA20_NRT,1.05,1,0.09977937795518355,24.761904761904763,Single Historical Detection
22.04025,83.35397,303.71,0.33,0.55,2026-10-08,2049,N20,VIIRS,n,2.0NRT,291.0,1.31,N,VIIRS_NOAA20_NRT,1.5653846153846156,13,0.03197123100595804,-16.31449631449632,Persistent / Stable
22.04092,83.35085,317.53,0.33,0.55,2026-10-08,2049,N20,VIIRS,n,2.0NRT,292.12,1.31,N,VIIRS_NOAA20_NRT,1.5653846153846156,13,0.007896076197772436,-16.31449631449632,Persistent / Stable
23.66719,86.09182,303.33,0.45,0.63,2026-10-08,2049,N20,VIIRS,n,2.0NRT,287.07,1.31,N,VIIRS_NOAA20_NRT,2.460365853658537,82,0.03247036847715566,-46.755885997521695,Persistent / Stable
23.79163,85.55235,310.11,0.42,0.61,2026-10-08,2049,N20,VIIRS,n,2.0NRT,288.0,1.31,N,VIIRS_NOAA20_NRT,1.9033333333333335,21,0.013025828227242128,-31.173380035026277,Persistent / Stable
23.98863,79.39397,305.94,0.41,0.37,2026-10-08,2027,N,VIIRS,n,2.0NRT,295.04,1.31,N,VIIRS_SNPP_NRT,0.8,1,0.29258656648998044,63.74999999999999,Abnormal Increase
23.7788,86.35838,299.35,0.65,0.73,2026-10-08,1906,N20,VIIRS,n,2.0NRT,285.83,1.3,N,VIIRS_NOAA20_NRT,1.9220000000000004,55,0.3603259589770719,-32.36212278876172,Persistent / Stable
15.52759,73.99281,309.41,0.4,0.37,2026-10-08,2051,N20,VIIRS,n,2.0NRT,297.36,1.3,N,VIIRS_NOAA20_NRT,0.58,1,0.5935734990321067,124.13793103448279,Abnormal Increase
20.97008,86.01528,313.51,0.39,0.44,2026-10-08,2027,N,VIIRS,n,2.0NRT,293.94,1.3,N,VIIRS_SNPP_NRT,3.6050943396226396,53,0.005875805948021676,-63.93991730779294,Persistent / Reduced
20.9708,86.01156,307.18,0.39,0.44,2026-10-08,2027,N,VIIRS,n,2.0NRT,293.31,1.3,N,VIIRS_SNPP_NRT,3.551666666666665,54,0.016184184012455315,-63.397465978413884,Persistent / Reduced
21.3419,81.6722,308.89,0.39,0.36,2026-10-08,2027,N,VIIRS,n,2.0NRT,294.75,1.3,N,VIIRS_SNPP_NRT,2.6757142857142857,7,0.1170407978624858,-51.41484249866524,Persistent / Reduced
23.6824,86.08238,304.29,0.53,0.42,2026-10-08,2027,N,VIIRS,n,2.0NRT,290.15,1.3,N,VIIRS_SNPP_NRT,2.46,87,0.017840526914229438,-47.15447154471544,Persistent / Stable
23.4818,87.36028,309.04,0.38,0.36,2026-10-08,1949,N21,VIIRS,n,2.0NRT,293.79,1.29,N,VIIRS_NOAA21_NRT,2.2,5,0.24579337540585997,-41.36363636363637,Persistent / Stable
23.75351,85.8548,310.69,0.4,0.37,2026-10-08,1949,N21,VIIRS,n,2.0NRT,292.03,1.29,N,VIIRS_NOAA21_NRT,1.9751515151515153,33,0.0047486595308415085,-34.68855477140227,Persistent / Stable
22.03272,83.35886,304.71,0.47,0.4,2026-10-08,1951,N21,VIIRS,n,2.0NRT,293.28,1.29,N,VIIRS_NOAA21_NRT,1.5653846153846156,13,0.08041506021288644,-17.592137592137604,Persistent / Stable
23.56227,87.08446,303.98,0.52,0.67,2026-10-08,2046,N20,VIIRS,n,2.0NRT,289.07,1.29,N,VIIRS_NOAA20_NRT,1.9581818181818185,11,0.018402424241225793,-34.122562674094716,Persistent / Stable
23.56351,87.07938,299.78,0.52,0.67,2026-10-08,2046,N20,VIIRS,n,2.0NRT,288.15,1.29,N,VIIRS_NOAA20_NRT,1.9581818181818185,11,0.23345680963380044,-34.122562674094716,Persistent / Stable
22.36386,87.29963,304.61,0.57,0.69,2026-10-08,2049,N20,VIIRS,n,2.0NRT,288.3,1.29,N,VIIRS_NOAA20_NRT,2.9771641791044785,67,0.002673273549045557,-56.67017596631073,Persistent / Reduced
15.02181,78.01302,307.14,0.4,0.45,2026-10-08,2051,N20,VIIRS,n,2.0NRT,293.94,1.29,N,VIIRS_NOAA20_NRT,1.760526315789474,19,0.0666362695706521,-26.726457399103147,Persistent / Stable
24.18209,82.66041,311.84,0.39,0.36,2026-10-08,2027,N,VIIRS,n,2.0NRT,293.69,1.29,N,VIIRS_SNPP_NRT,0.85,3,0.6400937529997477,51.76470588235295,Abnormal Increase
15.11599,76.80356,306.62,0.43,0.38,2026-10-08,2029,N,VIIRS,n,2.0NRT,295.1,1.29,N,VIIRS_SNPP_NRT,1.8266666666666664,3,0.044820499935127246,-29.37956204379561,Persistent / Stable
18.72113,79.53882,315.15,0.39,0.36,2026-10-08,2029,N,VIIRS,n,2.0NRT,298.8,1.29,N,VIIRS_SNPP_NRT,1.7500000000000002,13,0.02108298447713195,-26.285714285714295,Persistent / Stable
21.93955,81.98368,304.94,0.56,0.43,2026-10-08,1951,N21,VIIRS,n,2.0NRT,294.85,1.28,N,VIIRS_NOAA21_NRT,,0,,,New / No Local History
23.69413,87.09735,301.82,0.52,0.67,2026-10-08,2046,N20,VIIRS,n,2.0NRT,288.9,1.28,N,VIIRS_NOAA20_NRT,1.7654166666666666,24,0.05704787213856142,-27.4958697191409,Persistent / Stable
23.69535,87.09235,307.74,0.52,0.67,2026-10-08,2046,N20,VIIRS,n,2.0NRT,288.68,1.28,N,VIIRS_NOAA20_NRT,1.8672222222222221,18,0.05601294206356653,-31.448973519785774,Persistent / Stable
23.71095,86.44775,302.6,0.47,0.64,2026-10-08,2046,N20,VIIRS,n,2.0NRT,288.53,1.28,N,VIIRS_NOAA20_NRT,2.5038571428571417,70,0.003093467865996255,-48.87887259656527,Persistent / Stable
20.7977,85.25542,309.95,0.46,0.64,2026-10-08,2049,N20,VIIRS,n,2.0NRT,289.94,1.28,N,VIIRS_NOAA20_NRT,4.153833333333335,60,0.009367784565029477,-69.18509007743852,Persistent / Reduced
20.79867,85.2511,311.26,0.46,0.64,2026-10-08,2049,N20,VIIRS,n,2.0NRT,289.53,1.28,N,VIIRS_NOAA20_NRT,4.153833333333335,60,0.010355814382061452,-69.18509007743852,Persistent / Reduced
20.80338,85.25699,303.66,0.46,0.64,2026-10-08,2049,N20,VIIRS,n,2.0NRT,290.12,1.28,N,VIIRS_NOAA20_NRT,4.153833333333335,60,0.02715398532186438,-69.18509007743852,Persistent / Reduced
21.76416,83.84449,305.36,0.36,0.57,2026-10-08,2049,N20,VIIRS,n,2.0NRT,290.9,1.28,N,VIIRS_NOAA20_NRT,4.736385542168675,83,0.013182199452269281,-72.97517297517298,Persistent / Reduced
22.36886,87.01566,305.66,0.55,0.68,2026-10-08,2049,N20,VIIRS,n,2.0NRT,287.23,1.28,N,VIIRS_NOAA20_NRT,1.3695833333333332,24,0.009090416146428953,-6.540918770915714,Persistent / Stable
23.65546,85.50654,314.07,0.41,0.37,2026-10-08,1949,N21,VIIRS,n,2.0NRT,291.57,1.27,N,VIIRS_NOAA21_NRT,1.07,10,0.014284766339324663,18.691588785046722,Persistent / Stable
17.14256,77.18352,306.55,0.32,0.55,2026-10-08,1951,N21,VIIRS,n,2.0NRT,294.85,1.27,N,VIIRS_NOAA21_NRT,1.548,10,0.005422780235289226,-17.958656330749356,Persistent / Stable
15.18294,76.64462,306.92,0.33,0.55,2026-10-08,1953,N21,VIIRS,n,2.0NRT,293.79,1.27,N,VIIRS_NOAA21_NRT,2.563888888888889,108,0.02043737562556899,-50.465872156013006,Persistent / Reduced
15.1833,76.64156,316.06,0.33,0.55,2026-10-08,1953,N21,VIIRS,n,2.0NRT,294.19,1.27,N,VIIRS_NOAA21_NRT,2.514059405940594,101,0.0032278161521339297,-49.48408947700063,Persistent / Stable
19.93805,73.71176,313.73,0.38,0.36,2026-10-08,2049,N20,VIIRS,n,2.0NRT,293.92,1.27,N,VIIRS_NOAA20_NRT,1.3399999999999999,7,0.022720491727349346,-5.223880597014914,Persistent / Stable
20.94238,86.05888,305.36,0.52,0.66,2026-10-08,2049,N20,VIIRS,n,2.0NRT,289.81,1.27,N,VIIRS_NOAA20_NRT,3.456785714285715,28,0.2585873300007001,-63.2606674243207,Persistent / Reduced
22.01509,83.75649,308.12,0.44,0.38,2026-10-08,2027,N,VIIRS,n,2.0NRT,293.14,1.27,N,VIIRS_SNPP_NRT,1.93875,8,0.1361133081054766,-34.49387491940683,Persistent / Stable
22.01583,83.75225,311.01,0.44,0.38,2026-10-08,2027,N,VIIRS,n,2.0NRT,293.81,1.27,N,VIIRS_SNPP_NRT,1.8481818181818186,11,0.01879793978846647,-31.283817019183484,Persistent / Stable
15.01143,76.90104,308.15,0.42,0.38,2026-10-08,2029,N,VIIRS,n,2.0NRT,295.08,1.27,N,VIIRS_SNPP_NRT,,0,,,New / No Local History
22.98103,79.52112,330.59,0.39,0.44,2026-10-08,820,N20,VIIRS,n,2.0NRT,302.07,1.26,D,VIIRS_NOAA20_NRT,,0,,,New / No Local History
23.77213,86.19353,311.52,0.39,0.36,2026-10-08,1949,N21,VIIRS,n,2.0NRT,292.38,1.25,N,VIIRS_NOAA21_NRT,3.051874999999999,48,0.059030379905388626,-59.041572803604325,Persistent / Reduced
21.87595,83.49743,309.16,0.46,0.39,2026-10-08,1951,N21,VIIRS,n,2.0NRT,293.69,1.25,N,VIIRS_NOAA21_NRT,1.6025,4,0.10629030646090072,-21.99687987519501,Persistent / Stable
24.30903,71.55938,336.01,0.42,0.37,2026-10-08,820,N20,VIIRS,l,2.0NRT,309.39,1.25,D,VIIRS_NOAA20_NRT,,0,,,New / No Local History
23.78171,86.20638,300.31,0.67,0.74,2026-10-08,1906,N20,VIIRS,n,2.0NRT,287.08,1.25,N,VIIRS_NOAA20_NRT,3.051874999999999,48,0.0059140102612330065,-59.041572803604325,Persistent / Reduced
21.63782,76.16354,333.94,0.55,0.43,2026-10-08,801,N,VIIRS,n,2.0NRT,305.87,1.25,D,VIIRS_SNPP_NRT,,0,,,New / No Local History
21.24212,79.2243,310.86,0.4,0.37,2026-10-08,2027,N,VIIRS,n,2.0NRT,296.8,1.25,N,VIIRS_SNPP_NRT,1.19375,8,0.08709218186697469,4.712041884816746,Persistent / Stable
23.4845,87.3646,304.46,0.38,0.36,2026-10-08,1949,N21,VIIRS,n,2.0NRT,292.47,1.24,N,VIIRS_NOAA21_NRT,2.2,5,0.0765046294610312,-43.63636363636364,Persistent / Stable
22.03316,83.36221,305.61,0.47,0.4,2026-10-08,1951,N21,VIIRS,n,2.0NRT,293.29,1.24,N,VIIRS_NOAA21_NRT,1.5653846153846156,13,0.07647850911156573,-20.786240786240796,Persistent / Stable
11.33179,78.93762,330.42,0.42,0.37,2026-10-08,816,N20,VIIRS,n,2.0NRT,295.61,1.24,D,VIIRS_NOAA20_NRT,,0,,,New / No Local History
23.77474,86.36029,305.3,0.47,0.64,2026-10-08,2046,N20,VIIRS,n,2.0NRT,287.38,1.24,N,VIIRS_NOAA20_NRT,1.9240000000000004,55,0.16586896655270508,-35.55093555093556,Persistent / Stable
28.79725,77.07067,311.04,0.39,0.36,2026-10-08,2046,N20,VIIRS,n,2.0NRT,294.39,1.24,N,VIIRS_NOAA20_NRT,,0,,,New / No Local History
21.24638,79.225,307.46,0.57,0.43,2026-10-08,2049,N20,VIIRS,n,2.0NRT,296.38,1.24,N,VIIRS_NOAA20_NRT,1.1885714285714284,7,0.15970819344646747,4.326923076923092,Persistent / Stable
21.24739,79.2196,307.86,0.57,0.43,2026-10-08,2049,N20,VIIRS,n,2.0NRT,295.69,1.24,N,VIIRS_NOAA20_NRT,1.19375,8,0.22079154522991684,3.8743455497382118,Persistent / Stable
27.88098,77.71396,333.14,0.4,0.37,2026-10-08,803,N,VIIRS,n,2.0NRT,302.01,1.24,D,VIIRS_SNPP_NRT,,0,,,New / No Local History
23.75586,85.8495,302.61,0.43,0.62,2026-10-08,2046,N20,VIIRS,n,2.0NRT,287.25,1.23,N,VIIRS_NOAA20_NRT,1.9751515151515153,33,0.06415853555600089,-37.7262964099417,Persistent / Stable
23.74907,86.41588,304.82,0.39,0.36,2026-10-08,1949,N21,VIIRS,n,2.0NRT,291.52,1.22,N,VIIRS_NOAA21_NRT,2.3065306122448974,147,0.015441617428204314,-47.10670677756148,Persistent / Stable
23.75238,86.41647,318.2,0.39,0.36,2026-10-08,1949,N21,VIIRS,n,2.0NRT,292.61,1.22,N,VIIRS_NOAA21_NRT,2.3133333333333326,144,0.004371020764741393,-47.2622478386167,Persistent / Stable
20.81017,85.25475,309.72,0.46,0.64,2026-10-08,2049,N20,VIIRS,n,2.0NRT,290.01,1.22,N,VIIRS_NOAA20_NRT,4.153833333333335,60,0.027985147524667266,-70.6295389800586,Persistent / Reduced
28.06514,76.44601,335.46,0.44,0.38,2026-10-08,803,N,VIIRS,l,2.0NRT,309.71,1.22,D,VIIRS_SNPP_NRT,,0,,,New / No Local History
22.78629,86.20699,312.08,0.56,0.43,2026-10-08,2027,N,VIIRS,n,2.0NRT,290.94,1.22,N,VIIRS_SNPP_NRT,2.479821428571428,56,0.016214876306660003,-50.80290919565059,Persistent / Reduced
22.78733,86.20162,303.76,0.56,0.43,2026-10-08,2027,N,VIIRS,n,2.0NRT,290.73,1.22,N,VIIRS_SNPP_NRT,2.479821428571428,56,0.003958269949804324,-50.80290919565059,Persistent / Reduced
22.7902,86.20789,304.76,0.56,0.43,2026-10-08,2027,N,VIIRS,n,2.0NRT,291.01,1.22,N,VIIRS_SNPP_NRT,2.479821428571428,56,0.006371345088539651,-50.80290919565059,Persistent / Reduced
22.79125,86.20251,304.22,0.56,0.43,2026-10-08,2027,N,VIIRS,n,2.0NRT,290.34,1.22,N,VIIRS_SNPP_NRT,2.479821428571428,56,0.012665263844604842,-50.80290919565059,Persistent / Reduced
23.78151,86.34945,303.37,0.55,0.43,2026-10-08,2027,N,VIIRS,n,2.0NRT,290.65,1.22,N,VIIRS_SNPP_NRT,2.2261971830985923,71,0.035877299420866225,-45.198026066050886,Persistent / Stable
19.97655,76.83852,307.41,0.37,0.58,2026-10-08,1951,N21,VIIRS,n,2.0NRT,292.15,1.21,N,VIIRS_NOAA21_NRT,,0,,,New / No Local History
21.87881,83.55693,309.01,0.46,0.39,2026-10-08,1951,N21,VIIRS,n,2.0NRT,293.75,1.21,N,VIIRS_NOAA21_NRT,2.69,2,0.244563760236467,-55.01858736059479,Persistent / Reduced
21.91425,83.35193,303.91,0.47,0.4,2026-10-08,1951,N21,VIIRS,n,2.0NRT,293.19,1.21,N,VIIRS_NOAA21_NRT,2.8140740740740737,27,0.019317920424339587,-57.001842590155306,Persistent / Reduced
21.91788,83.35248,308.94,0.47,0.4,2026-10-08,1951,N21,VIIRS,n,2.0NRT,295.28,1.21,N,VIIRS_NOAA21_NRT,2.8140740740740737,27,0.030726067031434542,-57.001842590155306,Persistent / Reduced
13.34588,77.08042,297.16,0.59,0.53,2026-10-08,1953,N21,VIIRS,n,2.0NRT,275.81,1.21,N,VIIRS_NOAA21_NRT,,0,,,New / No Local History
21.31118,81.59098,306.1,0.53,0.5,2026-10-08,2049,N20,VIIRS,n,2.0NRT,294.01,1.21,N,VIIRS_NOAA20_NRT,1.5050000000000001,8,0.036481285644443494,-19.601328903654494,Persistent / Stable
21.76212,83.85104,304.22,0.36,0.57,2026-10-08,2049,N20,VIIRS,n,2.0NRT,291.31,1.21,N,VIIRS_NOAA20_NRT,4.770121951219512,82,0.01973496290776686,-74.63377221014954,Persistent / Reduced
21.76286,83.8476,316.2,0.36,0.57,2026-10-08,2049,N20,VIIRS,n,2.0NRT,292.28,1.21,N,VIIRS_NOAA20_NRT,4.770121951219512,82,0.000737472680951575,-74.63377221014954,Persistent / Reduced
22.24683,87.38754,308.09,0.58,0.7,2026-10-08,2049,N20,VIIRS,n,2.0NRT,287.69,1.21,N,VIIRS_NOAA20_NRT,2.518,10,0.005181179667989301,-51.945988880063545,Persistent / Reduced
15.07059,77.42097,331.35,0.39,0.44,2026-10-08,758,N,VIIRS,l,2.0NRT,302.95,1.21,D,VIIRS_SNPP_NRT,,0,,,New / No Local History
20.94745,86.04207,305.46,0.39,0.44,2026-10-08,2027,N,VIIRS,n,2.0NRT,292.92,1.21,N,VIIRS_SNPP_NRT,3.5657692307692317,26,0.10613792510607119,-66.06622802286701,Persistent / Reduced
20.95147,86.04287,320.39,0.39,0.44,2026-10-08,2027,N,VIIRS,n,2.0NRT,292.6,1.21,N,VIIRS_SNPP_NRT,3.505925925925927,27,0.022868670594991126,-65.48700612719207,Persistent / Reduced
23.69009,87.1238,304.07,0.4,0.45,2026-10-08,2027,N,VIIRS,n,2.0NRT,291.56,1.21,N,VIIRS_SNPP_NRT,2.839636363636363,55,0.007953408864276595,-57.38891023178383,Persistent / Reduced
23.69085,87.11986,305.04,0.4,0.45,2026-10-08,2027,N,VIIRS,n,2.0NRT,291.71,1.21,N,VIIRS_SNPP_NRT,2.7847368421052625,57,0.007862380569356078,-56.54885654885654,Persistent / Reduced
23.69416,87.1247,310.02,0.4,0.45,2026-10-08,2027,N,VIIRS,n,2.0NRT,292.17,1.21,N,VIIRS_SNPP_NRT,2.8756603773584892,53,0.007148188086276923,-57.922708483695274,Persistent / Reduced
24.76591,74.6069,318.94,0.39,0.36,2026-10-08,2049,N20,VIIRS,n,2.0NRT,296.9,1.2,N,VIIRS_NOAA20_NRT,1.0876923076923075,13,0.018283910524697307,10.325318246110339,Persistent / Stable
21.23377,79.63219,313.88,0.39,0.36,2026-10-08,2027,N,VIIRS,n,2.0NRT,297.01,1.2,N,VIIRS_SNPP_NRT,0.8525,4,0.11096303441080135,40.76246334310849,Persistent / Stable
23.61061,87.14607,305.2,0.38,0.36,2026-10-08,1949,N21,VIIRS,n,2.0NRT,293.18,1.19,N,VIIRS_NOAA21_NRT,1.4133333333333333,3,0.01038661516254018,-15.801886792452835,Persistent / Stable
20.9413,86.06144,308.78,0.39,0.36,2026-10-08,1951,N21,VIIRS,n,2.0NRT,294.95,1.19,N,VIIRS_NOAA21_NRT,3.456785714285715,28,0.007356127948212841,-65.57495609050522,Persistent / Reduced
22.36664,87.01601,311.32,0.38,0.36,2026-10-08,1951,N21,VIIRS,n,2.0NRT,293.5,1.19,N,VIIRS_NOAA21_NRT,1.3695833333333332,24,0.0058976244890230865,-13.112260419835708,Persistent / Stable
20.69461,78.63812,308.44,0.41,0.37,2026-10-08,2027,N,VIIRS,n,2.0NRT,296.51,1.19,N,VIIRS_SNPP_NRT,1.468,5,0.04788545669852872,-18.937329700272482,Persistent / Stable
21.2455,79.22488,314.63,0.4,0.37,2026-10-08,2027,N,VIIRS,n,2.0NRT,297.73,1.19,N,VIIRS_SNPP_NRT,1.19375,8,0.14722356345742552,-0.31413612565446214,Persistent / Stable
21.24608,79.22103,310.74,0.4,0.37,2026-10-08,2027,N,VIIRS,n,2.0NRT,296.71,1.19,N,VIIRS_SNPP_NRT,1.19375,8,0.0725707715599804,-0.31413612565446214,Persistent / Stable
23.48238,87.36284,304.58,0.42,0.45,2026-10-08,2027,N,VIIRS,n,2.0NRT,291.7,1.19,N,VIIRS_SNPP_NRT,2.2,5,0.005147898200339593,-45.909090909090914,Persistent / Stable
23.76983,86.19621,307.15,0.54,0.42,2026-10-08,2027,N,VIIRS,n,2.0NRT,289.49,1.19,N,VIIRS_SNPP_NRT,3.051874999999999,48,0.021705856133897673,-61.007577309031326,Persistent / Reduced
15.33139,76.28542,309.16,0.45,0.39,2026-10-08,2029,N,VIIRS,n,2.0NRT,294.59,1.19,N,VIIRS_SNPP_NRT,1.33375,32,0.04203792796869788,-10.777881911902535,Persistent / Stable
15.33827,76.2784,305.49,0.35,0.57,2026-10-08,1953,N21,VIIRS,n,2.0NRT,293.47,1.18,N,VIIRS_NOAA21_NRT,1.33375,32,0.009844255468939064,-11.527647610121841,Persistent / Stable
23.67844,86.06895,299.36,0.68,0.74,2026-10-08,1906,N20,VIIRS,n,2.0NRT,285.82,1.18,N,VIIRS_NOAA20_NRT,2.2259615384615388,52,0.01573212239334172,-46.9892008639309,Persistent / Stable
21.76915,84.0187,316.4,0.37,0.58,2026-10-08,2049,N20,VIIRS,n,2.0NRT,292.57,1.18,N,VIIRS_NOAA20_NRT,2.5425,24,0.021036555309767318,-53.58898721730581,Persistent / Reduced
21.77435,84.02003,304.3,0.37,0.58,2026-10-08,2049,N20,VIIRS,n,2.0NRT,291.19,1.18,N,VIIRS_NOAA20_NRT,2.5425,24,0.011215070666040884,-53.58898721730581,Persistent / Reduced
22.03254,83.36539,305.02,0.33,0.55,2026-10-08,2049,N20,VIIRS,n,2.0NRT,290.68,1.18,N,VIIRS_NOAA20_NRT,1.5653846153846156,13,0.17831937861658295,-24.619164619164632,Persistent / Stable
20.78429,85.26129,308.77,0.46,0.64,2026-10-08,2049,N20,VIIRS,n,2.0NRT,290.1,1.17,N,VIIRS_NOAA20_NRT,4.153833333333335,60,0.006048017733532807,-71.83324639890864,Persistent / Reduced
20.78527,85.2569,302.24,0.46,0.64,2026-10-08,2049,N20,VIIRS,n,2.0NRT,289.75,1.17,N,VIIRS_NOAA20_NRT,4.153833333333335,60,0.01890495274239044,-71.83324639890864,Persistent / Reduced
20.79002,85.2627,304.69,0.46,0.64,2026-10-08,2049,N20,VIIRS,n,2.0NRT,290.43,1.17,N,VIIRS_NOAA20_NRT,4.153833333333335,60,0.021957811102417343,-71.83324639890864,Persistent / Reduced
20.791,85.25834,307.63,0.46,0.64,2026-10-08,2049,N20,VIIRS,n,2.0NRT,290.27,1.17,N,VIIRS_NOAA20_NRT,4.153833333333335,60,0.014701021891322342,-71.83324639890864,Persistent / Reduced
20.97116,86.0045,308.33,0.39,0.44,2026-10-08,2027,N,VIIRS,n,2.0NRT,293.86,1.17,N,VIIRS_SNPP_NRT,3.646862745098037,51,0.015342866585079813,-67.91762998010644,Persistent / Reduced
20.97515,86.00537,309.72,0.39,0.44,2026-10-08,2027,N,VIIRS,n,2.0NRT,292.81,1.17,N,VIIRS_SNPP_NRT,3.646862745098037,51,0.014540402216462614,-67.91762998010644,Persistent / Reduced
22.59057,85.90351,302.99,0.54,0.42,2026-10-08,2027,N,VIIRS,n,2.0NRT,290.4,1.17,N,VIIRS_SNPP_NRT,2.4885,20,0.03388774030714607,-52.98372513562387,Persistent / Reduced
23.35358,72.53648,306.46,0.62,0.54,2026-10-08,2027,N,VIIRS,n,2.0NRT,294.49,1.17,N,VIIRS_SNPP_NRT,,0,,,New / No Local History
20.51605,85.7254,306.17,0.39,0.36,2026-10-08,1951,N21,VIIRS,n,2.0NRT,295.17,1.16,N,VIIRS_NOAA21_NRT,0.8,1,0.21891900977999215,44.999999999999986,Single Historical Detection
21.07291,85.04211,309.77,0.4,0.37,2026-10-08,1951,N21,VIIRS,n,2.0NRT,293.49,1.16,N,VIIRS_NOAA21_NRT,2.44,20,0.04986339036783179,-52.459016393442624,Persistent / Reduced
21.07347,85.03825,309.34,0.4,0.37,2026-10-08,1951,N21,VIIRS,n,2.0NRT,295.3,1.16,N,VIIRS_NOAA21_NRT,2.44,20,0.0439755642474183,-52.459016393442624,Persistent / Reduced
21.77129,84.0215,309.12,0.44,0.38,2026-10-08,1951,N21,VIIRS,n,2.0NRT,293.58,1.16,N,VIIRS_NOAA21_NRT,2.5425,24,0.0029563866304661256,-54.37561455260571,Persistent / Reduced
23.78014,86.20517,300.48,0.67,0.74,2026-10-08,1906,N20,VIIRS,n,2.0NRT,286.86,1.16,N,VIIRS_NOAA20_NRT,3.051874999999999,48,0.060146306954986704,-61.990579561744816,Persistent / Reduced
23.7841,86.37225,305.2,0.47,0.64,2026-10-08,2046,N20,VIIRS,n,2.0NRT,287.65,1.16,N,VIIRS_NOAA20_NRT,2.079393939393939,66,0.05833050625184842,-44.21451471874089,Persistent / Stable
20.69557,78.63525,308.53,0.41,0.37,2026-10-08,2027,N,VIIRS,n,2.0NRT,296.33,1.16,N,VIIRS_SNPP_NRT,1.468,5,0.005880374271826187,-20.980926430517716,Persistent / Stable
21.92605,83.3509,306.61,0.33,0.55,2026-10-08,2049,N20,VIIRS,n,2.0NRT,290.65,1.15,N,VIIRS_NOAA20_NRT,2.8140740740740737,27,0.012054266950770925,-59.13398262700711,Persistent / Reduced
27.99184,77.70774,331.5,0.4,0.37,2026-10-08,803,N,VIIRS,l,2.0NRT,302.62,1.15,D,VIIRS_SNPP_NRT,,0,,,New / No Local History
13.0324,79.98066,304.38,0.59,0.53,2026-10-08,2051,N20,VIIRS,n,2.0NRT,286.53,1.14,N,VIIRS_NOAA20_NRT,,0,,,New / No Local History
21.11226,72.63545,309.95,0.58,0.52,2026-10-08,2027,N,VIIRS,n,2.0NRT,298.02,1.14,N,VIIRS_SNPP_NRT,4.870454545454545,154,0.0022219811569056916,-76.59356042930472,Persistent / Reduced
21.74455,83.97524,310.59,0.45,0.39,2026-10-08,2027,N,VIIRS,n,2.0NRT,292.91,1.14,N,VIIRS_SNPP_NRT,1.94,1,0.14173670196527569,-41.23711340206186,Single Historical Detection
21.7481,83.97594,312.33,0.45,0.39,2026-10-08,2027,N,VIIRS,n,2.0NRT,293.92,1.14,N,VIIRS_SNPP_NRT,1.94,1,0.06921133173546436,-41.23711340206186,Single Historical Detection
21.74901,83.97475,305.35,0.44,0.39,2026-10-08,1951,N21,VIIRS,n,2.0NRT,294.39,1.13,N,VIIRS_NOAA21_NRT,1.94,1,0.19210062287196406,-41.75257731958763,Single Historical Detection
27.28924,73.83813,307.37,0.4,0.37,2026-10-08,2046,N20,VIIRS,n,2.0NRT,296.74,1.13,N,VIIRS_NOAA20_NRT,1.25,7,0.001048121141299921,-9.600000000000009,Persistent / Stable
19.78798,79.06507,310.62,0.4,0.37,2026-10-08,2027,N,VIIRS,n,2.0NRT,296.28,1.13,N,VIIRS_SNPP_NRT,0.9,1,0.01786685020525219,25.555555555555543,Single Historical Detection
22.60891,85.91301,303.04,0.54,0.42,2026-10-08,2027,N,VIIRS,n,2.0NRT,290.47,1.13,N,VIIRS_SNPP_NRT,1.262,5,0.06778651865896614,-10.459587955626,Persistent / Stable
23.66205,87.15863,309.85,0.41,0.45,2026-10-08,2027,N,VIIRS,n,2.0NRT,291.12,1.13,N,VIIRS_SNPP_NRT,2.5206666666666666,30,0.0057536303694719106,-55.170589791060564,Persistent / Reduced
23.66282,87.15469,312.13,0.41,0.45,2026-10-08,2027,N,VIIRS,n,2.0NRT,291.49,1.13,N,VIIRS_SNPP_NRT,2.5206666666666666,30,0.00171344390507009,-55.170589791060564,Persistent / Reduced
23.69271,85.37136,308.94,0.49,0.4,2026-10-08,2027,N,VIIRS,n,2.0NRT,289.81,1.13,N,VIIRS_SNPP_NRT,1.4726315789473683,19,0.009746379023165396,-23.26661901358113,Persistent / Stable
23.6964,85.37216,307.32,0.49,0.4,2026-10-08,2027,N,VIIRS,n,2.0NRT,289.98,1.13,N,VIIRS_SNPP_NRT,1.4726315789473683,19,0.025464055948722218,-23.26661901358113,Persistent / Stable
23.69728,85.36736,302.88,0.49,0.4,2026-10-08,2027,N,VIIRS,n,2.0NRT,289.43,1.13,N,VIIRS_SNPP_NRT,1.4726315789473683,19,0.017654527638633493,-23.26661901358113,Persistent / Stable
21.8005,82.04232,305.74,0.55,0.43,2026-10-08,1951,N21,VIIRS,n,2.0NRT,294.73,1.12,N,VIIRS_NOAA21_NRT,1.915,2,0.33042533866169377,-41.514360313315926,Persistent / Stable
15.18437,76.67577,310.25,0.33,0.55,2026-10-08,1953,N21,VIIRS,n,2.0NRT,294.69,1.12,N,VIIRS_NOAA21_NRT,2.4086263736263738,182,0.016019845180006258,-53.50046764149007,Persistent / Reduced
15.18474,76.67272,305.99,0.33,0.55,2026-10-08,1953,N21,VIIRS,n,2.0NRT,294.35,1.12,N,VIIRS_NOAA21_NRT,2.4612676056338034,213,0.03027349078642753,-54.494992846924184,Persistent / Reduced
28.34782,77.23119,304.67,0.61,0.71,2026-10-08,2129,N21,VIIRS,n,2.0NRT,290.3,1.12,N,VIIRS_NOAA21_NRT,1.612727272727273,11,0.01958138949683461,-30.552423900789183,Persistent / Stable
21.11188,72.63628,317.7,0.4,0.37,2026-10-08,2049,N20,VIIRS,n,2.0NRT,299.62,1.12,N,VIIRS_NOAA20_NRT,4.8750967741935485,155,0.010049764134075502,-77.02609708326716,Persistent / Reduced
21.11244,72.63246,311.62,0.4,0.37,2026-10-08,2049,N20,VIIRS,n,2.0NRT,298.44,1.12,N,VIIRS_NOAA20_NRT,4.892614379084967,153,0.02001403380566482,-77.10835326021615,Persistent / Reduced
22.06444,83.70384,312.49,0.44,0.38,2026-10-08,2027,N,VIIRS,n,2.0NRT,292.34,1.12,N,VIIRS_SNPP_NRT,1.34,1,0.15253960190221869,-16.41791044776119,Single Historical Detection
21.71397,84.03976,307.95,0.44,0.38,2026-10-08,1951,N21,VIIRS,n,2.0NRT,293.91,1.11,N,VIIRS_NOAA21_NRT,2.18,1,0.8436725800307635,-49.08256880733945,Single Historical Detection
22.87317,86.06419,304.04,0.39,0.36,2026-10-08,1951,N21,VIIRS,n,2.0NRT,291.12,1.11,N,VIIRS_NOAA21_NRT,2.0949999999999998,10,0.0067525560469476175,-47.01670644391407,Persistent / Stable
22.35748,87.29104,306.33,0.44,0.46,2026-10-08,2027,N,VIIRS,n,2.0NRT,291.6,1.11,N,VIIRS_SNPP_NRT,3.3263302752293593,109,0.011581481750837327,-66.62989215875557,Persistent / Reduced
15.66277,79.21051,314.18,0.38,0.36,2026-10-08,2029,N,VIIRS,n,2.0NRT,295.6,1.11,N,VIIRS_SNPP_NRT,,0,,,New / No Local History
23.63136,86.83532,309.0,0.39,0.36,2026-10-08,1949,N21,VIIRS,n,2.0NRT,292.92,1.1,N,VIIRS_NOAA21_NRT,1.12,1,0.10596796282592684,-1.785714285714287,Single Historical Detection
21.81817,83.99424,306.18,0.44,0.38,2026-10-08,1951,N21,VIIRS,n,2.0NRT,293.56,1.1,N,VIIRS_NOAA21_NRT,2.4966666666666666,3,0.11562235789443973,-55.94125500667556,Persistent / Reduced
21.82109,83.99904,305.91,0.44,0.38,2026-10-08,1951,N21,VIIRS,n,2.0NRT,293.4,1.1,N,VIIRS_NOAA21_NRT,2.4966666666666666,3,0.17239198809373346,-55.94125500667556,Persistent / Reduced
20.94442,86.0577,302.69,0.51,0.66,2026-10-08,2049,N20,VIIRS,n,2.0NRT,289.75,1.1,N,VIIRS_NOAA20_NRT,3.456785714285715,28,0.3811573199494686,-68.17853083996282,Persistent / Reduced
28.66188,77.57885,307.8,0.54,0.42,2026-10-08,2025,N,VIIRS,n,2.0NRT,292.46,1.1,N,VIIRS_SNPP_NRT,2.1744444444444446,9,0.021465645613244492,-49.41236586612162,Persistent / Stable
21.92576,83.33706,305.76,0.42,0.38,2026-10-08,2027,N,VIIRS,n,2.0NRT,293.17,1.1,N,VIIRS_SNPP_NRT,2.8140740740740737,27,0.01135549012424898,-60.91076599105026,Persistent / Reduced
23.01285,70.10285,307.84,0.44,0.62,2026-10-08,2027,N,VIIRS,n,2.0NRT,295.39,1.1,N,VIIRS_SNPP_NRT,,0,,,New / No Local History
24.81697,76.69173,331.78,0.35,0.57,2026-10-08,724,N21,VIIRS,l,2.0NRT,305.94,1.09,D,VIIRS_NOAA21_NRT,,0,,,New / No Local History
24.6574,73.87256,304.51,0.39,0.36,2026-10-08,2049,N20,VIIRS,n,2.0NRT,293.7,1.09,N,VIIRS_NOAA20_NRT,1.1825,4,0.2576965029391851,-7.822410147991545,Persistent / Stable
19.96391,79.33308,310.55,0.39,0.36,2026-10-08,2027,N,VIIRS,n,2.0NRT,295.68,1.09,N,VIIRS_SNPP_NRT,1.21,1,0.06272574794877084,-9.917355371900817,Single Historical Detection
17.14494,78.22194,304.08,0.4,0.37,2026-10-08,2029,N,VIIRS,n,2.0NRT,293.04,1.09,N,VIIRS_SNPP_NRT,1.68,1,0.018775567072745414,-35.11904761904761,Single Historical Detection
22.36278,87.01912,310.07,0.38,0.36,2026-10-08,1951,N21,VIIRS,n,2.0NRT,293.03,1.08,N,VIIRS_NOAA21_NRT,1.3695833333333332,24,0.015850587266868724,-21.143900212960133,Persistent / Stable
22.36607,87.01971,310.0,0.38,0.36,2026-10-08,1951,N21,VIIRS,n,2.0NRT,293.75,1.08,N,VIIRS_NOAA21_NRT,1.3695833333333332,24,0.0189167365656363,-21.143900212960133,Persistent / Stable
22.1051,83.12446,304.27,0.63,0.54,2026-10-08,2049,N20,VIIRS,n,2.0NRT,291.87,1.08,N,VIIRS_NOAA20_NRT,1.335,2,0.023634018285964665,-19.10112359550561,Persistent / Stable
28.537,77.71703,330.34,0.4,0.37,2026-10-08,803,N,VIIRS,l,2.0NRT,300.39,1.08,D,VIIRS_SNPP_NRT,,0,,,New / No Local History
20.91049,71.45864,309.14,0.34,0.56,2026-10-08,2027,N,VIIRS,n,2.0NRT,296.07,1.08,N,VIIRS_SNPP_NRT,1.2485714285714289,14,0.005205314788202333,-13.50114416475974,Persistent / Stable
22.05476,85.46438,303.66,0.52,0.42,2026-10-08,2027,N,VIIRS,n,2.0NRT,290.81,1.08,N,VIIRS_SNPP_NRT,1.07,6,0.029042284316588413,0.9345794392523372,Persistent / Stable
20.97224,86.00412,311.39,0.39,0.44,2026-10-08,2027,N,VIIRS,n,2.0NRT,293.99,1.07,N,VIIRS_SNPP_NRT,3.646862745098037,51,0.002425896976832422,-70.65971288778964,Persistent / Reduced
20.97624,86.00499,306.56,0.39,0.44,2026-10-08,2027,N,VIIRS,n,2.0NRT,292.67,1.07,N,VIIRS_SNPP_NRT,3.646862745098037,51,0.036674809847558804,-70.65971288778964,Persistent / Reduced
22.03364,83.36113,304.04,0.42,0.38,2026-10-08,2027,N,VIIRS,n,2.0NRT,292.76,1.07,N,VIIRS_SNPP_NRT,1.5653846153846156,13,0.03535291848778908,-31.646191646191653,Persistent / Stable
17.58228,80.32056,310.85,0.39,0.36,2026-10-08,2029,N,VIIRS,n,2.0NRT,294.82,1.07,N,VIIRS_SNPP_NRT,,0,,,New / No Local History
23.63125,86.29459,306.6,0.39,0.36,2026-10-08,1949,N21,VIIRS,n,2.0NRT,292.08,1.06,N,VIIRS_NOAA21_NRT,1.72,3,0.058076646764919776,-38.37209302325581,Persistent / Stable
23.66794,86.09373,312.13,0.39,0.37,2026-10-08,1949,N21,VIIRS,n,2.0NRT,291.76,1.06,N,VIIRS_NOAA21_NRT,2.4205882352941184,85,0.009249577911704193,-56.20899149453221,Persistent / Reduced
23.78262,86.37436,305.39,0.39,0.36,2026-10-08,1949,N21,VIIRS,n,2.0NRT,292.1,1.06,N,VIIRS_NOAA21_NRT,2.06536231884058,69,0.15673540506644817,-48.677285804504955,Persistent / Stable
22.18193,75.17228,336.42,0.39,0.36,2026-10-08,820,N20,VIIRS,l,2.0NRT,311.12,1.06,D,VIIRS_NOAA20_NRT,,0,,,New / No Local History
24.11779,86.35146,297.81,0.46,0.63,2026-10-08,2046,N20,VIIRS,n,2.0NRT,287.43,1.06,N,VIIRS_NOAA20_NRT,2.335,2,0.09647589486131458,-54.603854389721626,Persistent / Reduced
28.70985,76.85741,313.61,0.39,0.36,2026-10-08,2046,N20,VIIRS,n,2.0NRT,293.82,1.06,N,VIIRS_NOAA20_NRT,1.79,3,0.028310287029430913,-40.782122905027926,Persistent / Stable
21.67398,82.08164,310.39,0.39,0.36,2026-10-08,2027,N,VIIRS,n,2.0NRT,296.73,1.06,N,VIIRS_SNPP_NRT,1.3599999999999999,2,0.17980569417682635,-22.058823529411754,Persistent / Stable
15.91421,77.36341,307.16,0.42,0.37,2026-10-08,2029,N,VIIRS,n,2.0NRT,295.28,1.06,N,VIIRS_SNPP_NRT,0.63,1,0.018248203696124548,68.25396825396825,Abnormal Increase
23.68297,86.08453,308.3,0.39,0.37,2026-10-08,1949,N21,VIIRS,n,2.0NRT,291.62,1.05,N,VIIRS_NOAA21_NRT,2.4433333333333334,90,0.01132145958070234,-57.02592087312415,Persistent / Reduced
21.89928,83.98382,306.39,0.44,0.39,2026-10-08,1951,N21,VIIRS,n,2.0NRT,292.83,1.05,N,VIIRS_NOAA21_NRT,,0,,,New / No Local History
24.07242,78.04947,332.79,0.42,0.38,2026-10-08,801,N,VIIRS,n,2.0NRT,306.64,1.05,D,VIIRS_SNPP_NRT,,0,,,New / No Local History
19.72166,79.17419,308.96,0.39,0.36,2026-10-08,2027,N,VIIRS,n,2.0NRT,296.05,1.05,N,VIIRS_SNPP_NRT,1.18,1,0.0311570878929337,-11.016949152542365,Single Historical Detection
19.8158,79.33533,307.49,0.39,0.36,2026-10-08,2027,N,VIIRS,n,2.0NRT,295.38,1.05,N,VIIRS_SNPP_NRT,1.07,1,0.22607440348790467,-1.8691588785046744,Single Historical Detection
23.78107,86.39397,304.53,0.55,0.43,2026-10-08,2027,N,VIIRS,n,2.0NRT,291.94,1.05,N,VIIRS_SNPP_NRT,2.2241216216216215,148,0.034878414860874264,-52.79035149011149,Persistent / Reduced
23.78211,86.38856,304.5,0.55,0.43,2026-10-08,2027,N,VIIRS,n,2.0NRT,291.15,1.05,N,VIIRS_SNPP_NRT,2.20476821192053,151,0.031199434982926762,-52.37594617325484,Persistent / Reduced
23.79518,86.23627,304.58,0.54,0.42,2026-10-08,2027,N,VIIRS,n,2.0NRT,290.96,1.05,N,VIIRS_SNPP_NRT,0.42,1,0.16278824031161776,150.00000000000003,Abnormal Increase
23.77386,85.99708,305.67,0.4,0.37,2026-10-08,1949,N21,VIIRS,n,2.0NRT,290.88,1.04,N,VIIRS_NOAA21_NRT,1.0766666666666667,6,0.05943168514837213,-3.405572755417953,Persistent / Stable
23.79357,86.23253,303.96,0.39,0.36,2026-10-08,1949,N21,VIIRS,n,2.0NRT,291.64,1.04,N,VIIRS_NOAA21_NRT,0.42,1,0.21775468495183153,147.61904761904765,Abnormal Increase
23.67274,86.11272,302.19,0.54,0.42,2026-10-08,2027,N,VIIRS,n,2.0NRT,289.12,1.04,N,VIIRS_SNPP_NRT,2.3889285714285715,28,0.11203279877533867,-56.46583943788309,Persistent / Reduced
23.67372,86.10751,311.08,0.53,0.42,2026-10-08,2027,N,VIIRS,n,2.0NRT,289.15,1.04,N,VIIRS_SNPP_NRT,2.4660869565217394,46,0.07233876094279575,-57.82792665726375,Persistent / Reduced
23.77521,85.99717,302.66,0.53,0.42,2026-10-08,2027,N,VIIRS,n,2.0NRT,289.85,1.04,N,VIIRS_SNPP_NRT,1.0766666666666667,6,0.06831714959585651,-3.405572755417953,Persistent / Stable
12.09212,79.13609,311.01,0.39,0.36,2026-10-08,2032,N,VIIRS,n,2.0NRT,286.19,1.04,N,VIIRS_SNPP_NRT,,0,,,New / No Local History
23.75742,85.8515,306.85,0.4,0.37,2026-10-08,1949,N21,VIIRS,n,2.0NRT,291.03,1.03,N,VIIRS_NOAA21_NRT,1.9751515151515153,33,0.00925729259843616,-47.8521018717398,Persistent / Stable
23.78559,85.54985,300.24,0.42,0.61,2026-10-08,2049,N20,VIIRS,n,2.0NRT,287.06,1.03,N,VIIRS_NOAA20_NRT,1.9033333333333335,21,0.06213456296724099,-45.88441330998249,Persistent / Stable
23.79108,85.55122,314.13,0.42,0.61,2026-10-08,2049,N20,VIIRS,n,2.0NRT,287.66,1.03,N,VIIRS_NOAA20_NRT,1.9033333333333335,21,0.007043411758152925,-45.88441330998249,Persistent / Stable
26.76018,83.1995,303.75,0.39,0.36,2026-10-08,2025,N,VIIRS,n,2.0NRT,292.26,1.03,N,VIIRS_SNPP_NRT,1.4266666666666665,6,0.02783504019783499,-27.803738317757,Persistent / Stable
22.20856,84.55149,305.27,0.47,0.4,2026-10-08,2027,N,VIIRS,n,2.0NRT,291.07,1.03,N,VIIRS_SNPP_NRT,1.315,2,0.1194263563930595,-21.67300380228136,Persistent / Stable
23.68968,87.1215,304.92,0.38,0.36,2026-10-08,1949,N21,VIIRS,n,2.0NRT,292.28,1.02,N,VIIRS_NOAA21_NRT,2.839636363636363,55,0.011239450279166414,-64.0799077986938,Persistent / Reduced
23.69297,87.1221,304.41,0.38,0.36,2026-10-08,1949,N21,VIIRS,n,2.0NRT,292.52,1.02,N,VIIRS_NOAA21_NRT,2.839636363636363,55,0.011204787270656566,-64.0799077986938,Persistent / Reduced
23.78673,85.55181,304.14,0.41,0.37,2026-10-08,1949,N21,VIIRS,n,2.0NRT,291.12,1.02,N,VIIRS_NOAA21_NRT,1.9033333333333335,21,0.0468093731599108,-46.40980735551664,Persistent / Stable
23.16212,82.33712,309.79,0.39,0.36,2026-10-08,2027,N,VIIRS,n,2.0NRT,292.24,1.02,N,VIIRS_SNPP_NRT,1.913076923076923,13,0.005242061818763664,-46.68275030156815,Persistent / Stable
23.67403,86.09871,304.84,0.39,0.37,2026-10-08,1949,N21,VIIRS,n,2.0NRT,290.53,1.01,N,VIIRS_NOAA21_NRT,2.436987951807229,83,0.022852068928802323,-58.55539625253374,Persistent / Reduced
23.75686,85.85539,308.14,0.4,0.37,2026-10-08,1949,N21,VIIRS,n,2.0NRT,292.27,1.01,N,VIIRS_NOAA21_NRT,1.9751515151515153,33,0.0009315444390996503,-48.86468241791961,Persistent / Stable
23.75964,85.85984,303.82,0.4,0.37,2026-10-08,1949,N21,VIIRS,n,2.0NRT,291.09,1.01,N,VIIRS_NOAA21_NRT,1.9751515151515153,33,0.25751358439186206,-48.86468241791961,Persistent / Stable
23.7602,85.85596,310.36,0.4,0.37,2026-10-08,1949,N21,VIIRS,n,2.0NRT,291.35,1.01,N,VIIRS_NOAA21_NRT,1.9751515151515153,33,0.00203687987486522,-48.86468241791961,Persistent / Stable
23.77713,86.36559,305.3,0.39,0.36,2026-10-08,1949,N21,VIIRS,n,2.0NRT,292.47,1.01,N,VIIRS_NOAA21_NRT,1.9725000000000004,52,0.024131753296870263,-48.7959442332066,Persistent / Stable
22.18052,83.48457,302.82,0.47,0.4,2026-10-08,1951,N21,VIIRS,n,2.0NRT,292.41,1.01,N,VIIRS_NOAA21_NRT,,0,,,New / No Local History
17.5706,75.32794,332.22,0.38,0.36,2026-10-08,818,N20,VIIRS,l,2.0NRT,306.0,1.01,D,VIIRS_NOAA20_NRT,,0,,,New / No Local History
23.78615,85.55096,306.61,0.42,0.61,2026-10-08,2049,N20,VIIRS,n,2.0NRT,287.46,1.01,N,VIIRS_NOAA20_NRT,1.9033333333333335,21,0.004922684425229369,-46.93520140105079,Persistent / Stable
20.96358,86.04876,306.34,0.39,0.44,2026-10-08,2027,N,VIIRS,n,2.0NRT,293.12,1.01,N,VIIRS_SNPP_NRT,3.456785714285715,28,0.024511263053862403,-70.78210558942041,Persistent / Reduced
22.80714,77.33834,334.04,0.35,0.57,2026-10-08,724,N21,VIIRS,n,2.0NRT,302.42,1.0,D,VIIRS_NOAA21_NRT,,0,,,New / No Local History
24.11882,86.35401,303.11,0.39,0.36,2026-10-08,1949,N21,VIIRS,n,2.0NRT,291.51,1.0,N,VIIRS_NOAA21_NRT,1.21,1,0.3552086421834083,-17.355371900826444,Single Historical Detection
21.37128,81.44903,306.31,0.39,0.44,2026-10-08,1951,N21,VIIRS,n,2.0NRT,295.53,1.0,N,VIIRS_NOAA21_NRT,,0,,,New / No Local History
15.65778,73.98933,306.88,0.51,0.66,2026-10-08,1953,N21,VIIRS,n,2.0NRT,293.28,1.0,N,VIIRS_NOAA21_NRT,1.3135714285714286,14,0.013061100597208289,-23.87166938553562,Persistent / Stable
15.65729,73.98902,315.47,0.4,0.44,2026-10-08,2029,N,VIIRS,n,2.0NRT,294.89,1.0,N,VIIRS_SNPP_NRT,1.3135714285714286,14,0.004481085477235582,-23.87166938553562,Persistent / Stable
23.55175,87.24253,312.78,0.38,0.36,2026-10-08,1949,N21,VIIRS,n,2.0NRT,293.72,0.99,N,VIIRS_NOAA21_NRT,2.9255263157894738,38,0.015372492120142049,-66.1599352343258,Persistent / Reduced
23.77776,85.99381,303.68,0.4,0.37,2026-10-08,1949,N21,VIIRS,n,2.0NRT,291.3,0.99,N,VIIRS_NOAA21_NRT,1.0766666666666667,6,0.04778048928398275,-8.04953560371517,Persistent / Stable
21.75579,83.81876,304.61,0.45,0.39,2026-10-08,1951,N21,VIIRS,n,2.0NRT,293.86,0.99,N,VIIRS_NOAA21_NRT,2.345,2,0.06423907432193963,-57.782515991471215,Persistent / Reduced
10.94723,77.6169,334.26,0.39,0.36,2026-10-08,816,N20,VIIRS,n,2.0NRT,303.0,0.99,D,VIIRS_NOAA20_NRT,,0,,,New / No Local History
26.29695,74.12578,306.98,0.39,0.37,2026-10-08,2046,N20,VIIRS,n,2.0NRT,296.46,0.99,N,VIIRS_NOAA20_NRT,0.7050000000000001,2,0.10068907064834583,40.425531914893604,Persistent / Stable
26.60497,73.68491,309.74,0.4,0.37,2026-10-08,2046,N20,VIIRS,n,2.0NRT,295.55,0.99,N,VIIRS_NOAA20_NRT,0.8142857142857144,7,0.011103760848075976,21.578947368421037,Persistent / Stable
22.59232,85.90245,301.16,0.46,0.64,2026-10-08,2049,N20,VIIRS,n,2.0NRT,287.17,0.99,N,VIIRS_NOAA20_NRT,2.4885,20,0.14272495537995247,-60.21699819168174,Persistent / Reduced
26.64087,79.47955,310.61,0.49,0.4,2026-10-08,2046,N20,VIIRS,n,2.0NRT,293.13,0.98,N,VIIRS_NOAA20_NRT,1.8419999999999999,5,0.051721144030411,-46.79695982627579,Persistent / Stable
26.64451,79.48038,313.08,0.49,0.4,2026-10-08,2046,N20,VIIRS,n,2.0NRT,292.93,0.98,N,VIIRS_NOAA20_NRT,1.8419999999999999,5,0.13426916445545567,-46.79695982627579,Persistent / Stable
23.29241,72.44151,307.69,0.42,0.37,2026-10-08,2049,N20,VIIRS,n,2.0NRT,295.81,0.98,N,VIIRS_NOAA20_NRT,,0,,,New / No Local History
21.45659,81.80084,305.63,0.39,0.36,2026-10-08,2027,N,VIIRS,n,2.0NRT,294.82,0.98,N,VIIRS_SNPP_NRT,,0,,,New / No Local History
22.21477,84.86597,305.03,0.49,0.4,2026-10-08,2027,N,VIIRS,n,2.0NRT,290.82,0.98,N,VIIRS_SNPP_NRT,2.4099999999999993,23,0.029864586448834655,-59.33609958506223,Persistent / Reduced
21.68125,84.04321,306.12,0.44,0.38,2026-10-08,1951,N21,VIIRS,n,2.0NRT,293.72,0.97,N,VIIRS_NOAA21_NRT,2.826315789473685,19,0.09427234672884059,-65.67970204841714,Persistent / Reduced
28.72858,77.15796,306.52,0.38,0.43,2026-10-08,2025,N,VIIRS,n,2.0NRT,293.76,0.97,N,VIIRS_SNPP_NRT,,0,,,New / No Local History
20.9995,86.01384,304.29,0.39,0.44,2026-10-08,2027,N,VIIRS,n,2.0NRT,292.76,0.97,N,VIIRS_SNPP_NRT,2.661538461538461,26,0.014721915424128793,-63.55491329479768,Persistent / Reduced
22.80136,86.08748,302.79,0.55,0.43,2026-10-08,2027,N,VIIRS,n,2.0NRT,290.11,0.97,N,VIIRS_SNPP_NRT,2.015,14,0.07617989086223938,-51.86104218362283,Persistent / Reduced
22.87452,86.06499,307.95,0.55,0.42,2026-10-08,2027,N,VIIRS,n,2.0NRT,290.46,0.97,N,VIIRS_SNPP_NRT,2.0949999999999998,10,0.0760071646838185,-53.69928400954653,Persistent / Reduced
23.68126,86.09603,304.47,0.39,0.37,2026-10-08,1949,N21,VIIRS,n,2.0NRT,291.1,0.96,N,VIIRS_NOAA21_NRT,2.377011494252874,87,0.009216092568568356,-59.613152804642176,Persistent / Reduced
17.52228,78.58319,306.62,0.4,0.44,2026-10-08,2051,N20,VIIRS,n,2.0NRT,293.37,0.96,N,VIIRS_NOAA20_NRT,,0,,,New / No Local History
22.80033,86.09283,303.18,0.55,0.43,2026-10-08,2027,N,VIIRS,n,2.0NRT,290.56,0.96,N,VIIRS_SNPP_NRT,2.015,14,0.13739138367979203,-52.35732009925559,Persistent / Reduced
23.68203,86.0892,303.3,0.53,0.42,2026-10-08,2027,N,VIIRS,n,2.0NRT,289.99,0.96,N,VIIRS_SNPP_NRT,2.4143478260869564,92,0.03237423797193655,-60.2377093462993,Persistent / Reduced
23.68303,86.08401,303.48,0.53,0.42,2026-10-08,2027,N,VIIRS,n,2.0NRT,290.21,0.96,N,VIIRS_SNPP_NRT,2.429438202247191,89,0.003704814633409243,-60.48469151789844,Persistent / Reduced
24.19568,82.71461,306.5,0.39,0.36,2026-10-08,2027,N,VIIRS,n,2.0NRT,292.27,0.96,N,VIIRS_SNPP_NRT,1.1085714285714285,7,0.00813951112512414,-13.402061855670103,Persistent / Stable
24.19901,82.7153,314.16,0.39,0.36,2026-10-08,2027,N,VIIRS,n,2.0NRT,293.33,0.96,N,VIIRS_SNPP_NRT,1.1085714285714285,7,0.07303314661428083,-13.402061855670103,Persistent / Stable
24.32541,81.3282,309.62,0.38,0.36,2026-10-08,2027,N,VIIRS,n,2.0NRT,294.72,0.96,N,VIIRS_SNPP_NRT,1.27,1,0.04688679328922817,-24.40944881889764,Single Historical Detection
24.9292,76.92669,307.53,0.53,0.42,2026-10-08,2027,N,VIIRS,n,2.0NRT,292.38,0.96,N,VIIRS_SNPP_NRT,,0,,,New / No Local History
22.05241,85.46552,301.73,0.52,0.42,2026-10-08,2027,N,VIIRS,n,2.0NRT,290.11,0.95,N,VIIRS_SNPP_NRT,1.07,6,0.08568884794615836,-11.214953271028048,Persistent / Stable
23.75555,85.84988,304.43,0.52,0.41,2026-10-08,2027,N,VIIRS,n,2.0NRT,290.24,0.95,N,VIIRS_SNPP_NRT,1.9751515151515153,33,0.025609260058686707,-51.90242405645904,Persistent / Reduced
23.83635,85.47095,301.55,0.41,0.37,2026-10-08,1949,N21,VIIRS,n,2.0NRT,290.85,0.94,N,VIIRS_NOAA21_NRT,1.01,2,0.04182227835332022,-6.930693069306937,Persistent / Stable
20.9399,86.06001,306.87,0.39,0.44,2026-10-08,2027,N,VIIRS,n,2.0NRT,293.58,0.94,N,VIIRS_SNPP_NRT,3.456785714285715,28,0.14128889201674938,-72.80710817233185,Persistent / Reduced
28.70633,76.8569,305.82,0.46,0.64,2026-10-08,1949,N21,VIIRS,n,2.0NRT,290.66,0.93,N,VIIRS_NOAA21_NRT,1.79,3,0.07412504457335788,-48.04469273743017,Persistent / Stable
15.33227,76.28446,303.53,0.35,0.57,2026-10-08,1953,N21,VIIRS,n,2.0NRT,292.55,0.93,N,VIIRS_NOAA21_NRT,1.33375,32,0.0061104131228270275,-30.271790065604492,Persistent / Stable
22.61158,85.90871,298.62,0.68,0.74,2026-10-08,1908,N20,VIIRS,n,2.0NRT,285.78,0.93,N,VIIRS_NOAA20_NRT,1.262,5,0.2598903834183129,-26.307448494453244,Persistent / Stable
21.37183,81.44732,306.2,0.39,0.36,2026-10-08,2027,N,VIIRS,n,2.0NRT,294.66,0.93,N,VIIRS_SNPP_NRT,,0,,,New / No Local History
24.14473,82.65701,306.33,0.39,0.36,2026-10-08,2027,N,VIIRS,n,2.0NRT,292.14,0.93,N,VIIRS_SNPP_NRT,0.78,1,0.15937913108506652,19.230769230769234,Single Historical Detection
22.02983,83.74388,303.62,0.45,0.39,2026-10-08,1951,N21,VIIRS,n,2.0NRT,292.83,0.92,N,VIIRS_NOAA21_NRT,1.77875,16,0.14224570284310967,-48.2782853127196,Persistent / Stable
20.9678,85.14989,306.22,0.45,0.63,2026-10-08,2049,N20,VIIRS,n,2.0NRT,289.54,0.92,N,VIIRS_NOAA20_NRT,3.3416,50,0.01336399444619385,-72.46827866890114,Persistent / Reduced
20.97344,85.1514,304.98,0.45,0.63,2026-10-08,2049,N20,VIIRS,n,2.0NRT,289.42,0.92,N,VIIRS_NOAA20_NRT,3.3916363636363633,55,0.04875289705522475,-72.87445051999572,Persistent / Reduced
23.67801,86.07188,307.07,0.39,0.37,2026-10-08,1949,N21,VIIRS,n,2.0NRT,291.25,0.91,N,VIIRS_NOAA21_NRT,2.143793103448276,58,0.05317719477620732,-57.55187389416116,Persistent / Reduced
21.7464,83.9729,302.37,0.36,0.58,2026-10-08,2049,N20,VIIRS,n,2.0NRT,291.06,0.91,N,VIIRS_NOAA20_NRT,1.94,1,0.38319969029646417,-53.09278350515463,Single Historical Detection
21.75162,83.97411,309.33,0.36,0.58,2026-10-08,2049,N20,VIIRS,n,2.0NRT,291.55,0.91,N,VIIRS_NOAA20_NRT,1.94,1,0.25825447341340224,-53.09278350515463,Single Historical Detection
21.92345,81.74718,308.1,0.39,0.36,2026-10-08,2027,N,VIIRS,n,2.0NRT,295.18,0.91,N,VIIRS_SNPP_NRT,,0,,,New / No Local History
21.96826,85.31516,303.27,0.52,0.41,2026-10-08,2027,N,VIIRS,n,2.0NRT,290.25,0.91,N,VIIRS_SNPP_NRT,0.845,2,0.31245738390239997,7.6923076923077,Persistent / Stable
23.31392,70.19834,305.56,0.44,0.62,2026-10-08,2027,N,VIIRS,n,2.0NRT,295.41,0.91,N,VIIRS_SNPP_NRT,0.755,2,0.05123982334202988,20.529801324503314,Persistent / Stable
21.92296,85.22336,305.69,0.4,0.37,2026-10-08,1951,N21,VIIRS,n,2.0NRT,291.48,0.9,N,VIIRS_NOAA21_NRT,1.847058823529412,17,0.04583416965556214,-51.27388535031848,Persistent / Reduced
17.58291,80.31969,305.08,0.51,0.49,2026-10-08,2051,N20,VIIRS,n,2.0NRT,293.49,0.9,N,VIIRS_NOAA20_NRT,,0,,,New / No Local History
22.36028,87.01543,302.4,0.42,0.45,2026-10-08,2027,N,VIIRS,n,2.0NRT,290.83,0.9,N,VIIRS_SNPP_NRT,1.3695833333333332,24,0.028793738684421148,-34.286583510800114,Persistent / Stable
22.36441,87.01637,308.69,0.42,0.45,2026-10-08,2027,N,VIIRS,n,2.0NRT,291.41,0.9,N,VIIRS_SNPP_NRT,1.3695833333333332,24,0.014407963160559142,-34.286583510800114,Persistent / Stable
26.62891,79.52785,307.12,0.43,0.38,2026-10-08,2027,N,VIIRS,n,2.0NRT,293.39,0.9,N,VIIRS_SNPP_NRT,,0,,,New / No Local History
23.61019,85.6759,303.36,0.4,0.37,2026-10-08,1949,N21,VIIRS,n,2.0NRT,290.55,0.89,N,VIIRS_NOAA21_NRT,1.0263636363636364,11,0.010189160773259692,-13.28609388839681,Persistent / Stable
22.22057,84.75325,302.26,0.4,0.6,2026-10-08,2049,N20,VIIRS,n,2.0NRT,288.1,0.89,N,VIIRS_NOAA20_NRT,0.9733333333333333,3,0.13306719547216508,-8.561643835616431,Persistent / Stable
22.22678,84.75096,301.37,0.4,0.6,2026-10-08,2049,N20,VIIRS,n,2.0NRT,288.11,0.89,N,VIIRS_NOAA20_NRT,0.9733333333333333,3,0.015608840120464693,-8.561643835616431,Persistent / Stable
24.11465,86.86049,307.84,0.38,0.44,2026-10-08,2027,N,VIIRS,n,2.0NRT,291.92,0.89,N,VIIRS_SNPP_NRT,1.5869999999999997,10,0.03454831140706051,-43.91934467548833,Persistent / Stable
23.7574,86.40569,305.21,0.39,0.36,2026-10-08,1949,N21,VIIRS,n,2.0NRT,291.0,0.88,N,VIIRS_NOAA21_NRT,2.166168831168831,154,0.010461686014539097,-59.375281033604125,Persistent / Reduced
22.35776,87.29462,306.86,0.38,0.36,2026-10-08,1951,N21,VIIRS,n,2.0NRT,292.52,0.88,N,VIIRS_NOAA21_NRT,3.3163551401869165,107,0.0637650391904804,-73.46484430040863,Persistent / Reduced
22.35834,87.29094,312.45,0.38,0.36,2026-10-08,1951,N21,VIIRS,n,2.0NRT,292.92,0.88,N,VIIRS_NOAA21_NRT,3.3263302752293593,109,0.015569774177357628,-73.54441900874316,Persistent / Reduced
22.85714,86.05755,307.58,0.39,0.36,2026-10-08,1951,N21,VIIRS,n,2.0NRT,291.57,0.88,N,VIIRS_NOAA21_NRT,2.0949999999999998,10,0.28321771354094766,-57.995226730310264,Persistent / Reduced
23.66582,87.1537,302.73,0.58,0.7,2026-10-08,1906,N20,VIIRS,n,2.0NRT,288.49,0.88,N,VIIRS_NOAA20_NRT,2.5206666666666666,30,0.009544543370528211,-65.088600899233,Persistent / Reduced
23.92651,85.3404,297.26,0.4,0.6,2026-10-08,2046,N20,VIIRS,n,2.0NRT,286.02,0.88,N,VIIRS_NOAA20_NRT,,0,,,New / No Local History
20.70374,78.62347,307.57,0.41,0.37,2026-10-08,2027,N,VIIRS,n,2.0NRT,295.79,0.88,N,VIIRS_SNPP_NRT,1.468,5,0.31413297743923674,-40.05449591280654,Persistent / Stable
22.15413,82.09612,308.4,0.39,0.36,2026-10-08,2027,N,VIIRS,n,2.0NRT,295.09,0.88,N,VIIRS_SNPP_NRT,,0,,,New / No Local History
22.81009,86.0881,303.64,0.55,0.43,2026-10-08,2027,N,VIIRS,n,2.0NRT,290.29,0.88,N,VIIRS_SNPP_NRT,2.015,14,0.0426215359823498,-56.327543424317625,Persistent / Reduced
23.70033,86.07714,303.08,0.53,0.42,2026-10-08,2027,N,VIIRS,n,2.0NRT,289.27,0.88,N,VIIRS_SNPP_NRT,2.5482894736842105,76,0.021860734546815915,-65.46703154851036,Persistent / Reduced
15.18099,76.78925,304.74,0.33,0.55,2026-10-08,1953,N21,VIIRS,n,2.0NRT,291.23,0.87,N,VIIRS_NOAA21_NRT,1.14,6,0.25787737761047375,-23.684210526315784,Persistent / Stable
23.61423,86.78641,302.11,0.61,0.71,2026-10-08,1906,N20,VIIRS,n,2.0NRT,287.49,0.87,N,VIIRS_NOAA20_NRT,1.6899999999999997,13,0.025543221653582082,-48.52071005917159,Persistent / Stable
23.70296,86.07291,300.58,0.45,0.63,2026-10-08,2046,N20,VIIRS,n,2.0NRT,286.66,0.87,N,VIIRS_NOAA20_NRT,2.3091525423728814,59,0.012447842615413459,-62.323840281855546,Persistent / Reduced
21.67368,84.04175,304.82,0.45,0.39,2026-10-08,2027,N,VIIRS,n,2.0NRT,293.21,0.87,N,VIIRS_SNPP_NRT,2.826315789473685,19,0.023156161516936325,-69.21787709497207,Persistent / Reduced
17.6043,83.18483,304.16,0.39,0.6,2026-10-08,2051,N20,VIIRS,n,2.0NRT,291.97,0.86,N,VIIRS_NOAA20_NRT,2.347037037037037,27,0.5649194705630008,-63.35805586239546,Persistent / Reduced
21.68081,84.04321,307.61,0.45,0.39,2026-10-08,2027,N,VIIRS,n,2.0NRT,293.31,0.86,N,VIIRS_SNPP_NRT,2.826315789473685,19,0.0941363275419026,-69.57169459962758,Persistent / Reduced
21.71444,84.04105,305.75,0.45,0.39,2026-10-08,2027,N,VIIRS,n,2.0NRT,293.03,0.86,N,VIIRS_SNPP_NRT,2.18,1,0.9768841860824949,-60.550458715596335,Single Historical Detection
22.02947,83.36452,302.89,0.42,0.38,2026-10-08,2027,N,VIIRS,n,2.0NRT,292.21,0.86,N,VIIRS_SNPP_NRT,1.5653846153846156,13,0.088880184346575,-45.06142506142507,Persistent / Stable
24.18402,82.66057,307.71,0.39,0.36,2026-10-08,2027,N,VIIRS,n,2.0NRT,292.69,0.86,N,VIIRS_SNPP_NRT,0.85,3,0.6562917886920364,1.176470588235295,Persistent / Stable
25.03339,87.37071,306.11,0.38,0.36,2026-10-08,1949,N21,VIIRS,n,2.0NRT,290.68,0.85,N,VIIRS_NOAA21_NRT,1.56625,8,0.03127909213405538,-45.73024740622506,Persistent / Stable
28.64912,77.58952,306.29,0.4,0.37,2026-10-08,2046,N20,VIIRS,n,2.0NRT,292.48,0.85,N,VIIRS_NOAA20_NRT,2.1744444444444446,9,0.05369382585576889,-60.90955544200306,Persistent / Reduced
29.12425,75.77713,306.6,0.38,0.36,2026-10-08,2046,N20,VIIRS,n,2.0NRT,295.43,0.85,N,VIIRS_NOAA20_NRT,1.276,5,0.04857290297442664,-33.38557993730408,Persistent / Stable
21.82816,83.89959,309.12,0.36,0.57,2026-10-08,2049,N20,VIIRS,n,2.0NRT,291.04,0.85,N,VIIRS_NOAA20_NRT,2.8986666666666667,15,0.08980584678512044,-70.67617295308187,Persistent / Reduced
22.63912,75.59907,306.78,0.39,0.36,2026-10-08,2049,N20,VIIRS,n,2.0NRT,293.2,0.85,N,VIIRS_NOAA20_NRT,,0,,,New / No Local History
22.90258,75.25409,334.87,0.39,0.44,2026-10-08,801,N,VIIRS,l,2.0NRT,307.49,0.85,D,VIIRS_SNPP_NRT,,0,,,New / No Local History
20.97618,85.17572,308.29,0.52,0.42,2026-10-08,2027,N,VIIRS,n,2.0NRT,292.2,0.85,N,VIIRS_SNPP_NRT,3.5795412844036694,109,0.030585819506473915,-76.25394058999923,Persistent / Reduced
21.96934,85.31358,302.01,0.52,0.41,2026-10-08,2027,N,VIIRS,n,2.0NRT,290.08,0.85,N,VIIRS_SNPP_NRT,0.845,2,0.1495424585284998,0.5917159763313614,Persistent / Stable
21.98339,83.23093,309.69,0.42,0.38,2026-10-08,2027,N,VIIRS,n,2.0NRT,293.33,0.85,N,VIIRS_SNPP_NRT,2.5444444444444443,9,0.02170337856871336,-66.5938864628821,Persistent / Reduced
21.98683,83.23161,304.86,0.42,0.38,2026-10-08,2027,N,VIIRS,n,2.0NRT,293.59,0.85,N,VIIRS_SNPP_NRT,2.5444444444444443,9,0.0028916691963729885,-66.5938864628821,Persistent / Reduced
23.70189,86.07206,305.11,0.39,0.37,2026-10-08,1949,N21,VIIRS,n,2.0NRT,290.59,0.84,N,VIIRS_NOAA21_NRT,2.251578947368421,57,0.041745764801397495,-62.69284712482469,Persistent / Reduced
20.77398,85.34062,306.66,0.4,0.37,2026-10-08,1951,N21,VIIRS,n,2.0NRT,294.29,0.84,N,VIIRS_NOAA21_NRT,,0,,,New / No Local History
22.60983,85.91525,305.27,0.39,0.36,2026-10-08,1951,N21,VIIRS,n,2.0NRT,291.44,0.84,N,VIIRS_NOAA21_NRT,1.262,5,0.013999080637863193,-33.43898573692552,Persistent / Stable
24.16319,82.62878,308.38,0.39,0.36,2026-10-08,2027,N,VIIRS,n,2.0NRT,293.14,0.84,N,VIIRS_SNPP_NRT,1.5533333333333335,6,0.03220149718457763,-45.92274678111588,Persistent / Stable
24.1813,82.64434,306.25,0.39,0.36,2026-10-08,2027,N,VIIRS,n,2.0NRT,293.42,0.84,N,VIIRS_SNPP_NRT,0.9633333333333334,6,0.03350973562619466,-12.802768166089972,Persistent / Stable
24.16095,82.62942,303.34,0.54,0.42,2026-10-08,1949,N21,VIIRS,n,2.0NRT,292.34,0.83,N,VIIRS_NOAA21_NRT,1.5533333333333335,6,0.09651579702312427,-46.56652360515022,Persistent / Stable
23.67638,86.08354,303.67,0.45,0.63,2026-10-08,2049,N20,VIIRS,n,2.0NRT,287.53,0.83,N,VIIRS_NOAA20_NRT,2.3947727272727275,88,0.012307906402748505,-65.34117870361584,Persistent / Reduced
15.33498,76.28593,307.97,0.45,0.39,2026-10-08,2029,N,VIIRS,n,2.0NRT,294.93,0.83,N,VIIRS_SNPP_NRT,1.33375,32,0.005239098866245716,-37.76944704779757,Persistent / Stable
20.96234,86.0122,305.95,0.39,0.36,2026-10-08,1951,N21,VIIRS,n,2.0NRT,294.27,0.82,N,VIIRS_NOAA21_NRT,3.830652173913042,46,0.010683648899904986,-78.59372339821803,Persistent / Reduced
21.98627,83.23493,306.18,0.48,0.4,2026-10-08,1951,N21,VIIRS,n,2.0NRT,293.3,0.82,N,VIIRS_NOAA21_NRT,2.5444444444444443,9,0.13319657538645804,-67.77292576419215,Persistent / Reduced
22.87199,88.21278,307.01,0.39,0.36,2026-10-08,1951,N21,VIIRS,n,2.0NRT,293.37,0.82,N,VIIRS_NOAA21_NRT,1.63,2,0.019491044054942272,-49.693251533742334,Persistent / Stable
14.78929,76.78201,304.66,0.32,0.55,2026-10-08,1953,N21,VIIRS,n,2.0NRT,292.27,0.82,N,VIIRS_NOAA21_NRT,2.35,1,1.2700549659529528,-65.1063829787234,Single Historical Detection
26.77521,94.50477,306.83,0.44,0.46,2026-10-08,1906,N20,VIIRS,n,2.0NRT,289.08,0.82,N,VIIRS_NOAA20_NRT,2.306,5,0.008828040137763716,-64.44058976582828,Persistent / Reduced
21.8576,83.96491,303.01,0.36,0.58,2026-10-08,2049,N20,VIIRS,n,2.0NRT,290.73,0.82,N,VIIRS_NOAA20_NRT,2.225,2,0.2022766675210977,-63.14606741573034,Persistent / Reduced
18.70532,73.80661,306.16,0.38,0.36,2026-10-08,2051,N20,VIIRS,n,2.0NRT,293.91,0.82,N,VIIRS_NOAA20_NRT,,0,,,New / No Local History
21.75768,83.81788,304.98,0.44,0.39,2026-10-08,2027,N,VIIRS,n,2.0NRT,293.31,0.82,N,VIIRS_SNPP_NRT,2.345,2,0.02689364365774121,-65.03198294243072,Persistent / Reduced
23.67737,86.07191,305.11,0.53,0.42,2026-10-08,2027,N,VIIRS,n,2.0NRT,289.85,0.82,N,VIIRS_SNPP_NRT,2.143793103448276,58,0.05619924226832895,-61.75004021232107,Persistent / Reduced
24.9229,84.1555,309.33,0.42,0.38,2026-10-08,2027,N,VIIRS,n,2.0NRT,291.03,0.82,N,VIIRS_SNPP_NRT,2.1375,4,0.10488158535930411,-61.6374269005848,Persistent / Reduced
13.39347,80.07773,308.3,0.4,0.37,2026-10-08,2029,N,VIIRS,n,2.0NRT,285.23,0.82,N,VIIRS_SNPP_NRT,1.2149999999999999,2,0.3310022582011587,-32.51028806584362,Persistent / Stable
11.18097,79.09934,297.09,0.39,0.36,2026-10-08,2032,N,VIIRS,n,2.0NRT,269.63,0.82,N,VIIRS_SNPP_NRT,1.2836363636363635,11,0.0212471307894431,-36.118980169971664,Persistent / Stable
21.74911,83.815,305.38,0.45,0.39,2026-10-08,1951,N21,VIIRS,n,2.0NRT,293.89,0.81,N,VIIRS_NOAA21_NRT,2.345,2,0.32479450965165824,-65.45842217484008,Persistent / Reduced
24.16706,80.69494,307.27,0.41,0.45,2026-10-08,2049,N20,VIIRS,n,2.0NRT,293.72,0.81,N,VIIRS_NOAA20_NRT,,0,,,New / No Local History
28.71005,76.85633,312.52,0.4,0.44,2026-10-08,2025,N,VIIRS,n,2.0NRT,293.05,0.81,N,VIIRS_SNPP_NRT,1.79,3,0.019631039706196406,-54.7486033519553,Persistent / Reduced
23.66267,85.55219,304.87,0.41,0.37,2026-10-08,1949,N21,VIIRS,n,2.0NRT,290.3,0.8,N,VIIRS_NOAA21_NRT,1.52,1,0.13138512636806893,-47.368421052631575,Single Historical Detection
15.07467,76.86592,304.64,0.32,0.55,2026-10-08,1953,N21,VIIRS,n,2.0NRT,290.84,0.8,N,VIIRS_NOAA21_NRT,1.33,10,0.07105424094632605,-39.849624060150376,Persistent / Stable
22.87819,86.06097,301.28,0.67,0.74,2026-10-08,1908,N20,VIIRS,n,2.0NRT,286.03,0.8,N,VIIRS_NOAA20_NRT,2.0949999999999998,10,0.020050843317465424,-61.813842482100235,Persistent / Reduced
23.67945,86.07069,304.73,0.45,0.63,2026-10-08,2049,N20,VIIRS,n,2.0NRT,286.96,0.8,N,VIIRS_NOAA20_NRT,2.225454545454545,55,0.052027921863003077,-64.05228758169935,Persistent / Reduced
21.77208,84.01926,306.06,0.45,0.39,2026-10-08,2027,N,VIIRS,n,2.0NRT,293.32,0.8,N,VIIRS_SNPP_NRT,2.5425,24,0.01462747998869376,-68.53490658800393,Persistent / Reduced
23.78748,85.5555,302.23,0.5,0.41,2026-10-08,2027,N,VIIRS,n,2.0NRT,289.7,0.8,N,VIIRS_SNPP_NRT,1.8246153846153847,26,0.07549347167374049,-56.155143338954474,Persistent / Reduced
28.64878,77.58823,303.07,0.54,0.42,2026-10-08,2025,N,VIIRS,n,2.0NRT,292.33,0.79,N,VIIRS_SNPP_NRT,2.1744444444444446,9,0.07224589454841167,-63.66888094021461,Persistent / Reduced
23.5536,86.54082,307.4,0.39,0.36,2026-10-08,1949,N21,VIIRS,n,2.0NRT,292.25,0.78,N,VIIRS_NOAA21_NRT,1.3466666666666667,6,0.11946754648069072,-42.07920792079208,Persistent / Stable
21.96822,85.31394,304.11,0.4,0.37,2026-10-08,1951,N21,VIIRS,n,2.0NRT,291.45,0.78,N,VIIRS_NOAA21_NRT,0.845,2,0.1866494826955687,-7.692307692307685,Persistent / Stable
22.798,86.09026,301.58,0.47,0.64,2026-10-08,2049,N20,VIIRS,n,2.0NRT,286.8,0.78,N,VIIRS_NOAA20_NRT,2.015,14,0.013065945398425429,-61.29032258064516,Persistent / Reduced
24.71524,74.67119,306.6,0.38,0.36,2026-10-08,2049,N20,VIIRS,n,2.0NRT,295.34,0.78,N,VIIRS_NOAA20_NRT,0.58,3,0.796482618691346,34.482758620689665,Persistent / Stable
18.83149,77.93452,304.63,0.53,0.42,2026-10-08,2051,N20,VIIRS,n,2.0NRT,293.59,0.78,N,VIIRS_NOAA20_NRT,,0,,,New / No Local History
23.72327,85.52601,302.48,0.5,0.41,2026-10-08,2027,N,VIIRS,n,2.0NRT,289.36,0.78,N,VIIRS_SNPP_NRT,0.815,2,0.28506726393676685,-4.294478527607352,Persistent / Stable
24.56559,81.00193,308.84,0.39,0.36,2026-10-08,2027,N,VIIRS,n,2.0NRT,295.69,0.78,N,VIIRS_SNPP_NRT,,0,,,New / No Local History
21.11131,72.64009,309.84,0.4,0.37,2026-10-08,2049,N20,VIIRS,n,2.0NRT,297.57,0.77,N,VIIRS_NOAA20_NRT,4.8750967741935485,155,0.019363459682478806,-84.20544174474617,Persistent / Reduced
9.9781,76.37717,301.59,0.41,0.37,2026-10-08,2032,N,VIIRS,n,2.0NRT,281.41,0.77,N,VIIRS_SNPP_NRT,1.38,3,0.03945078303941662,-44.20289855072463,Persistent / Stable
21.96775,85.31366,300.4,0.44,0.62,2026-10-08,2049,N20,VIIRS,n,2.0NRT,287.16,0.76,N,VIIRS_NOAA20_NRT,0.845,2,0.15777787475774188,-10.059171597633132,Persistent / Stable
22.60843,85.91153,300.32,0.46,0.64,2026-10-08,2049,N20,VIIRS,n,2.0NRT,287.08,0.76,N,VIIRS_NOAA20_NRT,1.262,5,0.21969302982030003,-39.77812995245642,Persistent / Stable
23.58267,86.72583,305.45,0.39,0.44,2026-10-08,2027,N,VIIRS,n,2.0NRT,291.17,0.76,N,VIIRS_SNPP_NRT,1.8125,4,0.07456213272128927,-58.06896551724138,Persistent / Reduced
26.63952,79.47686,305.14,0.43,0.38,2026-10-08,2027,N,VIIRS,n,2.0NRT,292.56,0.76,N,VIIRS_SNPP_NRT,1.8419999999999999,5,0.018884544534457103,-58.74049945711183,Persistent / Reduced
26.64242,79.48178,306.84,0.43,0.38,2026-10-08,2027,N,VIIRS,n,2.0NRT,293.11,0.76,N,VIIRS_SNPP_NRT,1.8419999999999999,5,0.27332093084443665,-58.74049945711183,Persistent / Reduced
26.64301,79.47747,312.79,0.43,0.38,2026-10-08,2027,N,VIIRS,n,2.0NRT,292.84,0.76,N,VIIRS_SNPP_NRT,1.8419999999999999,5,0.024127815076021696,-58.74049945711183,Persistent / Reduced
18.54242,83.34373,305.19,0.46,0.39,2026-10-08,2029,N,VIIRS,n,2.0NRT,294.22,0.76,N,VIIRS_SNPP_NRT,,0,,,New / No Local History
19.99723,79.18083,308.23,0.39,0.37,2026-10-08,2027,N,VIIRS,n,2.0NRT,296.78,0.75,N,VIIRS_SNPP_NRT,,0,,,New / No Local History
22.50524,70.15479,304.92,0.43,0.62,2026-10-08,2027,N,VIIRS,n,2.0NRT,293.88,0.75,N,VIIRS_SNPP_NRT,,0,,,New / No Local History
14.99067,76.84926,303.99,0.43,0.38,2026-10-08,2029,N,VIIRS,n,2.0NRT,293.11,0.75,N,VIIRS_SNPP_NRT,0.57,1,0.2644535439422406,31.578947368421062,Single Historical Detection
23.66422,87.1552,302.77,0.38,0.36,2026-10-08,1949,N21,VIIRS,n,2.0NRT,292.28,0.74,N,VIIRS_NOAA21_NRT,2.5206666666666666,30,0.006356062235277019,-70.64268711980958,Persistent / Reduced
22.37863,87.29082,311.87,0.38,0.36,2026-10-08,1951,N21,VIIRS,n,2.0NRT,291.88,0.74,N,VIIRS_NOAA21_NRT,3.3263302752293593,109,0.041607059097359164,-77.75326143917039,Persistent / Reduced
22.37921,87.28714,304.8,0.38,0.36,2026-10-08,1951,N21,VIIRS,n,2.0NRT,291.91,0.74,N,VIIRS_NOAA21_NRT,3.3263302752293593,109,0.09864618446112788,-77.75326143917039,Persistent / Reduced
23.65727,85.50796,304.37,0.42,0.61,2026-10-08,2049,N20,VIIRS,n,2.0NRT,287.21,0.74,N,VIIRS_NOAA20_NRT,1.07,10,0.004115409959286198,-30.841121495327105,Persistent / Stable
23.65818,85.50398,299.39,0.42,0.61,2026-10-08,2049,N20,VIIRS,n,2.0NRT,286.37,0.74,N,VIIRS_NOAA20_NRT,1.07,10,0.13647869460251508,-30.841121495327105,Persistent / Stable
22.31265,82.53094,309.0,0.4,0.37,2026-10-08,2027,N,VIIRS,n,2.0NRT,294.39,0.74,N,VIIRS_SNPP_NRT,1.8900000000000001,10,0.17598057510105872,-60.84656084656085,Persistent / Reduced
22.31537,82.53545,309.14,0.4,0.37,2026-10-08,2027,N,VIIRS,n,2.0NRT,294.53,0.74,N,VIIRS_SNPP_NRT,1.8900000000000001,10,0.0977758118090863,-60.84656084656085,Persistent / Reduced
22.31602,82.53159,306.07,0.4,0.37,2026-10-08,2027,N,VIIRS,n,2.0NRT,295.8,0.74,N,VIIRS_SNPP_NRT,1.8900000000000001,10,0.13290154367568188,-60.84656084656085,Persistent / Reduced
23.72334,85.52589,305.17,0.41,0.37,2026-10-08,1949,N21,VIIRS,n,2.0NRT,290.48,0.73,N,VIIRS_NOAA21_NRT,0.815,2,0.27285078018648645,-10.429447852760733,Persistent / Stable
23.79934,86.28227,299.89,0.46,0.64,2026-10-08,2046,N20,VIIRS,n,2.0NRT,287.09,0.73,N,VIIRS_NOAA20_NRT,,0,,,New / No Local History
21.43448,72.97763,305.78,0.39,0.36,2026-10-08,2049,N20,VIIRS,n,2.0NRT,295.6,0.73,N,VIIRS_NOAA20_NRT,1.704,5,0.011746997069872865,-57.159624413145536,Persistent / Reduced
22.02418,83.30742,304.11,0.33,0.55,2026-10-08,2049,N20,VIIRS,n,2.0NRT,290.81,0.73,N,VIIRS_NOAA20_NRT,,0,,,New / No Local History
22.85614,86.05534,302.06,0.55,0.42,2026-10-08,2027,N,VIIRS,n,2.0NRT,289.84,0.73,N,VIIRS_SNPP_NRT,2.0949999999999998,10,0.5086879519983245,-65.15513126491646,Persistent / Reduced
23.74364,85.50496,304.27,0.41,0.37,2026-10-08,1949,N21,VIIRS,n,2.0NRT,290.18,0.72,N,VIIRS_NOAA21_NRT,0.6900000000000001,7,0.010287380285510421,4.347826086956509,Persistent / Stable
22.79031,86.20896,309.85,0.39,0.36,2026-10-08,1951,N21,VIIRS,n,2.0NRT,292.12,0.72,N,VIIRS_NOAA21_NRT,2.479821428571428,56,0.022587157244866842,-70.96565132858068,Persistent / Reduced
16.8718,80.02066,308.87,0.38,0.36,2026-10-08,2029,N,VIIRS,n,2.0NRT,295.93,0.72,N,VIIRS_SNPP_NRT,1.9516666666666664,6,0.0055478177609094535,-63.10845431255338,Persistent / Reduced
23.81037,85.53156,304.85,0.41,0.37,2026-10-08,1949,N21,VIIRS,n,2.0NRT,289.36,0.71,N,VIIRS_NOAA21_NRT,1.785,4,0.7773637004359888,-60.22408963585434,Persistent / Reduced
31.32807,76.89562,296.39,0.38,0.36,2026-10-08,2046,N20,VIIRS,n,2.0NRT,274.62,0.71,N,VIIRS_NOAA20_NRT,0.865,2,0.14535185674782247,-17.91907514450867,Persistent / Stable
22.02236,83.33988,302.45,0.33,0.55,2026-10-08,2049,N20,VIIRS,n,2.0NRT,290.45,0.71,N,VIIRS_NOAA20_NRT,1.8611111111111112,9,0.9220455548109168,-61.85074626865672,Persistent / Reduced
22.79773,86.08804,303.12,0.47,0.64,2026-10-08,2049,N20,VIIRS,n,2.0NRT,287.1,0.71,N,VIIRS_NOAA20_NRT,2.015,14,0.04313525233739864,-64.76426799007444,Persistent / Reduced
20.90923,71.45803,313.8,0.43,0.38,2026-10-08,2049,N20,VIIRS,n,2.0NRT,298.1,0.7,N,VIIRS_NOAA20_NRT,1.2485714285714289,14,0.015602145331408438,-43.9359267734554,Persistent / Stable
19.96039,76.79559,303.21,0.48,0.4,2026-10-08,2027,N,VIIRS,n,2.0NRT,292.52,0.7,N,VIIRS_SNPP_NRT,,0,,,New / No Local History
21.00134,86.02589,307.3,0.39,0.44,2026-10-08,2027,N,VIIRS,n,2.0NRT,292.88,0.7,N,VIIRS_SNPP_NRT,1.695,14,0.022849122095310644,-58.70206489675517,Persistent / Reduced
21.80327,82.03879,307.3,0.39,0.36,2026-10-08,2027,N,VIIRS,n,2.0NRT,295.3,0.7,N,VIIRS_SNPP_NRT,1.915,2,0.0010899040218371528,-63.44647519582246,Persistent / Reduced
23.80248,85.53833,303.65,0.41,0.37,2026-10-08,1949,N21,VIIRS,n,2.0NRT,290.65,0.69,N,VIIRS_NOAA21_NRT,1.9021052631578947,19,0.08852657140693693,-63.72440509131157,Persistent / Reduced
14.99042,76.84944,307.87,0.32,0.55,2026-10-08,1953,N21,VIIRS,n,2.0NRT,293.26,0.69,N,VIIRS_NOAA21_NRT,0.57,1,0.28379107647890456,21.05263157894737,Single Historical Detection
23.67918,86.06779,300.11,0.68,0.74,2026-10-08,1906,N20,VIIRS,n,2.0NRT,285.42,0.69,N,VIIRS_NOAA20_NRT,2.2776,50,0.10287749237753144,-69.70495258166491,Persistent / Reduced
17.14845,78.22272,304.63,0.39,0.44,2026-10-08,2051,N20,VIIRS,n,2.0NRT,292.63,0.69,N,VIIRS_NOAA20_NRT,1.68,1,0.06483564561457034,-58.92857142857143,Single Historical Detection
23.67669,86.07022,304.4,0.53,0.42,2026-10-08,2027,N,VIIRS,n,2.0NRT,289.62,0.69,N,VIIRS_SNPP_NRT,2.197169811320755,53,0.0998234509300119,-68.59596393301847,Persistent / Reduced
24.19812,80.79662,305.96,0.39,0.36,2026-10-08,2027,N,VIIRS,n,2.0NRT,295.49,0.69,N,VIIRS_SNPP_NRT,0.76,1,0.02136139667770486,-9.210526315789481,Single Historical Detection
28.66519,77.5763,311.57,0.4,0.37,2026-10-08,2046,N20,VIIRS,n,2.0NRT,292.82,0.68,N,VIIRS_NOAA20_NRT,2.1744444444444446,9,0.0663456221902024,-68.72764435360244,Persistent / Reduced
12.17314,78.98904,304.08,0.52,0.5,2026-10-08,2051,N20,VIIRS,n,2.0NRT,287.61,0.67,N,VIIRS_NOAA20_NRT,1.61,1,0.17508493991821747,-58.38509316770186,Single Historical Detection
15.17456,77.0998,302.14,0.53,0.42,2026-10-08,2051,N20,VIIRS,n,2.0NRT,283.29,0.67,N,VIIRS_NOAA20_NRT,1.3944827586206896,29,0.03650660015246466,-51.953511374876356,Persistent / Reduced
27.27642,77.02309,334.72,0.43,0.38,2026-10-08,803,N,VIIRS,l,2.0NRT,307.38,0.67,D,VIIRS_SNPP_NRT,,0,,,New / No Local History
23.79751,86.34578,299.31,0.66,0.73,2026-10-08,1906,N20,VIIRS,n,2.0NRT,285.72,0.66,N,VIIRS_NOAA20_NRT,2.2228048780487817,82,0.04080552555460586,-70.30778515389258,Persistent / Reduced
21.98301,83.23161,305.37,0.32,0.55,2026-10-08,2049,N20,VIIRS,n,2.0NRT,291.28,0.66,N,VIIRS_NOAA20_NRT,2.5444444444444443,9,0.004521871964808178,-74.06113537117903,Persistent / Reduced
21.98796,83.23282,305.32,0.32,0.55,2026-10-08,2049,N20,VIIRS,n,2.0NRT,291.32,0.66,N,VIIRS_NOAA20_NRT,2.5444444444444443,9,0.041949700088045994,-74.06113537117903,Persistent / Reduced
22.20957,84.5489,301.92,0.39,0.59,2026-10-08,2049,N20,VIIRS,n,2.0NRT,288.13,0.66,N,VIIRS_NOAA20_NRT,1.315,2,0.030896478530752263,-49.80988593155893,Persistent / Stable
23.67781,86.07193,301.45,0.45,0.63,2026-10-08,2049,N20,VIIRS,n,2.0NRT,286.88,0.66,N,VIIRS_NOAA20_NRT,2.143793103448276,58,0.05707069738588728,-69.21344700016084,Persistent / Reduced
18.47504,74.28568,306.71,0.39,0.36,2026-10-08,2051,N20,VIIRS,n,2.0NRT,293.0,0.66,N,VIIRS_NOAA20_NRT,,0,,,New / No Local History
28.65661,77.58945,305.23,0.54,0.42,2026-10-08,2025,N,VIIRS,n,2.0NRT,292.17,0.66,N,VIIRS_SNPP_NRT,2.1744444444444446,9,0.0485879936038444,-69.64741951967297,Persistent / Reduced
17.1404,77.18521,304.28,0.43,0.38,2026-10-08,2029,N,VIIRS,n,2.0NRT,284.87,0.66,N,VIIRS_SNPP_NRT,1.548,10,0.008555694404089697,-57.36434108527132,Persistent / Reduced
28.3703,77.2244,304.18,0.44,0.62,2026-10-08,1949,N21,VIIRS,n,2.0NRT,291.1,0.65,N,VIIRS_NOAA21_NRT,1.7130000000000003,10,0.022355457838909507,-62.05487448920023,Persistent / Reduced
21.90347,83.98121,302.02,0.36,0.58,2026-10-08,2049,N20,VIIRS,n,2.0NRT,290.43,0.65,N,VIIRS_NOAA20_NRT,,0,,,New / No Local History
26.59711,72.62634,306.04,0.34,0.56,2026-10-08,2027,N,VIIRS,n,2.0NRT,293.17,0.65,N,VIIRS_SNPP_NRT,,0,,,New / No Local History
22.24823,87.38713,301.1,0.54,0.68,2026-10-08,1908,N20,VIIRS,n,2.0NRT,287.6,0.64,N,VIIRS_NOAA20_NRT,2.518,10,0.018825083083264756,-74.58300238284352,Persistent / Reduced
23.35253,72.53358,305.64,0.41,0.37,2026-10-08,2049,N20,VIIRS,n,2.0NRT,294.37,0.64,N,VIIRS_NOAA20_NRT,,0,,,New / No Local History
27.37735,95.08659,303.56,0.45,0.47,2026-10-08,1949,N21,VIIRS,n,2.0NRT,288.6,0.63,N,VIIRS_NOAA21_NRT,2.12,7,0.02178253186164482,-70.28301886792453,Persistent / Reduced
22.08774,83.11623,305.04,0.49,0.4,2026-10-08,1951,N21,VIIRS,n,2.0NRT,292.79,0.63,N,VIIRS_NOAA21_NRT,1.335,2,0.3389840731159926,-52.80898876404494,Persistent / Reduced
23.79992,86.34732,303.5,0.66,0.73,2026-10-08,1906,N20,VIIRS,n,2.0NRT,285.8,0.63,N,VIIRS_NOAA20_NRT,2.2153658536585374,82,0.012470632506548505,-71.56225916547398,Persistent / Reduced
21.98585,83.36557,303.5,0.33,0.55,2026-10-08,2049,N20,VIIRS,n,2.0NRT,290.33,0.63,N,VIIRS_NOAA20_NRT,,0,,,New / No Local History
21.19321,81.40038,311.43,0.39,0.36,2026-10-08,2027,N,VIIRS,n,2.0NRT,295.08,0.63,N,VIIRS_SNPP_NRT,2.8563636363636373,33,0.217729769931553,-77.94398472310631,Persistent / Reduced
15.36647,76.30816,307.72,0.35,0.57,2026-10-08,1953,N21,VIIRS,n,2.0NRT,292.65,0.62,N,VIIRS_NOAA21_NRT,,0,,,New / No Local History
24.92448,84.15533,304.06,0.32,0.55,2026-10-08,2046,N20,VIIRS,n,2.0NRT,288.87,0.62,N,VIIRS_NOAA20_NRT,2.1375,4,0.08774735781364834,-70.99415204678363,Persistent / Reduced
23.40259,87.28167,303.22,0.42,0.45,2026-10-08,2027,N,VIIRS,n,2.0NRT,291.47,0.62,N,VIIRS_SNPP_NRT,,0,,,New / No Local History
23.72121,85.0069,298.33,0.47,0.4,2026-10-08,2027,N,VIIRS,n,2.0NRT,286.95,0.62,N,VIIRS_SNPP_NRT,1.3593333333333328,15,0.0624761553543286,-54.38940657184893,Persistent / Reduced
15.17608,77.10188,304.91,0.42,0.38,2026-10-08,2029,N,VIIRS,n,2.0NRT,284.42,0.62,N,VIIRS_SNPP_NRT,1.3944827586206896,29,0.00375921505258697,-55.539070227497525,Persistent / Reduced
15.00985,76.89968,297.11,0.32,0.54,2026-10-08,1953,N21,VIIRS,n,2.0NRT,281.15,0.61,N,VIIRS_NOAA21_NRT,6.37,1,1.995049459321973,-90.42386185243328,Single Historical Detection
27.60796,95.40266,302.66,0.4,0.44,2026-10-08,1906,N20,VIIRS,n,2.0NRT,289.53,0.61,N,VIIRS_NOAA20_NRT,1.202,5,0.04111338497225116,-49.25124792013311,Persistent / Stable
27.37882,95.33691,302.39,0.47,0.48,2026-10-08,1949,N21,VIIRS,n,2.0NRT,284.91,0.6,N,VIIRS_NOAA21_NRT,3.152,10,0.04969014205595562,-80.96446700507613,Persistent / Reduced
22.24392,87.3884,305.02,0.39,0.36,2026-10-08,1951,N21,VIIRS,n,2.0NRT,292.44,0.6,N,VIIRS_NOAA21_NRT,2.518,10,0.007608132345116944,-76.1715647339158,Persistent / Reduced
22.2472,87.38901,309.24,0.39,0.36,2026-10-08,1951,N21,VIIRS,n,2.0NRT,292.08,0.6,N,VIIRS_NOAA21_NRT,2.518,10,0.020619819960891145,-76.1715647339158,Persistent / Reduced
28.37243,77.22556,304.39,0.39,0.36,2026-10-08,2046,N20,VIIRS,n,2.0NRT,293.52,0.6,N,VIIRS_NOAA20_NRT,1.7130000000000003,10,0.08218907610546378,-64.9737302977233,Persistent / Reduced
23.63992,85.6609,302.24,0.4,0.37,2026-10-08,1949,N21,VIIRS,n,2.0NRT,289.92,0.59,N,VIIRS_NOAA21_NRT,0.9250000000000002,6,0.3628276806563615,-36.21621621621623,Persistent / Stable
23.7956,86.28687,305.53,0.39,0.36,2026-10-08,1949,N21,VIIRS,n,2.0NRT,292.29,0.59,N,VIIRS_NOAA21_NRT,,0,,,New / No Local History
15.30251,76.2211,303.06,0.36,0.57,2026-10-08,1953,N21,VIIRS,n,2.0NRT,292.81,0.59,N,VIIRS_NOAA21_NRT,0.6260000000000001,5,0.0025600309082058404,-5.750798722044751,Persistent / Stable
19.96179,76.7933,306.74,0.45,0.39,2026-10-08,2049,N20,VIIRS,n,2.0NRT,292.92,0.59,N,VIIRS_NOAA20_NRT,,0,,,New / No Local History
23.81155,85.53215,301.33,0.5,0.41,2026-10-08,2027,N,VIIRS,n,2.0NRT,288.8,0.59,N,VIIRS_SNPP_NRT,1.785,4,0.7173949015454131,-66.94677871148458,Persistent / Reduced
13.44671,80.09749,305.39,0.4,0.37,2026-10-08,2029,N,VIIRS,n,2.0NRT,287.63,0.59,N,VIIRS_SNPP_NRT,,0,,,New / No Local History
22.32456,82.60512,307.96,0.4,0.37,2026-10-08,2027,N,VIIRS,n,2.0NRT,293.82,0.58,N,VIIRS_SNPP_NRT,1.6959999999999997,10,0.052850096714972594,-65.80188679245282,Persistent / Reduced
19.91032,77.31837,305.13,0.34,0.56,2026-10-08,1951,N21,VIIRS,n,2.0NRT,292.24,0.57,N,VIIRS_NOAA21_NRT,,0,,,New / No Local History
22.13413,85.38407,304.35,0.4,0.37,2026-10-08,1951,N21,VIIRS,n,2.0NRT,291.01,0.57,N,VIIRS_NOAA21_NRT,0.76,2,0.029900028134770523,-25.000000000000007,Persistent / Stable
10.76148,76.72663,300.36,0.39,0.44,2026-10-08,2053,N20,VIIRS,n,2.0NRT,283.81,0.57,N,VIIRS_NOAA20_NRT,,0,,,New / No Local History
28.27606,77.27267,304.87,0.4,0.37,2026-10-08,2046,N20,VIIRS,n,2.0NRT,293.94,0.55,N,VIIRS_NOAA20_NRT,1.065,2,0.05783659984272176,-48.35680751173708,Persistent / Stable
22.06814,83.70433,304.26,0.35,0.56,2026-10-08,2049,N20,VIIRS,n,2.0NRT,290.13,0.55,N,VIIRS_NOAA20_NRT,1.34,1,0.10211562711496637,-58.95522388059702,Single Historical Detection
26.77545,94.50701,307.71,0.44,0.46,2026-10-08,1906,N20,VIIRS,n,2.0NRT,289.14,0.54,N,VIIRS_NOAA20_NRT,2.306,5,0.07011121956758283,-76.58282740676496,Persistent / Reduced
21.80133,85.56518,301.02,0.46,0.64,2026-10-08,2049,N20,VIIRS,n,2.0NRT,287.8,0.54,N,VIIRS_NOAA20_NRT,0.77,1,0.10737486361036015,-29.87012987012987,Single Historical Detection
22.37935,87.29167,306.93,0.44,0.46,2026-10-08,2027,N,VIIRS,n,2.0NRT,290.78,0.52,N,VIIRS_SNPP_NRT,3.3263302752293593,109,0.044672800464836855,-84.36715668698459,Persistent / Reduced
22.57128,85.89914,302.7,0.54,0.42,2026-10-08,2027,N,VIIRS,n,2.0NRT,290.08,0.52,N,VIIRS_SNPP_NRT,2.615555555555556,18,0.0700150544386147,-80.11894647408666,Persistent / Reduced
27.46697,95.42099,303.14,0.47,0.48,2026-10-08,1949,N21,VIIRS,n,2.0NRT,289.18,0.51,N,VIIRS_NOAA21_NRT,1.9975,4,0.067146208082729,-74.46808510638297,Persistent / Reduced
28.45916,77.6891,301.82,0.41,0.6,2026-10-08,1949,N21,VIIRS,n,2.0NRT,290.89,0.51,N,VIIRS_NOAA21_NRT,,0,,,New / No Local History
28.61915,77.49133,302.36,0.42,0.61,2026-10-08,1949,N21,VIIRS,n,2.0NRT,290.66,0.51,N,VIIRS_NOAA21_NRT,,0,,,New / No Local History
21.79356,83.99038,304.03,0.44,0.38,2026-10-08,1951,N21,VIIRS,n,2.0NRT,293.44,0.51,N,VIIRS_NOAA21_NRT,2.4966666666666666,3,0.26637915849933286,-79.57276368491321,Persistent / Reduced
21.81738,83.99263,303.45,0.45,0.39,2026-10-08,2027,N,VIIRS,n,2.0NRT,292.74,0.51,N,VIIRS_SNPP_NRT,2.4966666666666666,3,0.28181911585475683,-79.57276368491321,Persistent / Reduced
28.7731,76.70026,304.62,0.39,0.36,2026-10-08,2046,N20,VIIRS,n,2.0NRT,294.26,0.5,N,VIIRS_NOAA20_NRT,,0,,,New / No Local History
24.92364,84.15134,303.34,0.42,0.38,2026-10-08,2027,N,VIIRS,n,2.0NRT,290.96,0.49,N,VIIRS_SNPP_NRT,2.1375,4,0.3146189247836234,-77.07602339181287,Persistent / Reduced
15.18704,77.09961,297.66,0.42,0.38,2026-10-08,2029,N,VIIRS,n,2.0NRT,283.97,0.49,N,VIIRS_SNPP_NRT,1.3944827586206896,29,0.03277178905243475,-64.86152324431256,Persistent / Reduced
21.76518,85.58149,304.33,0.4,0.37,2026-10-08,1951,N21,VIIRS,n,2.0NRT,291.5,0.47,N,VIIRS_NOAA21_NRT,0.5549999999999999,2,0.2044708169590457,-15.315315315315312,Persistent / Stable
22.01921,83.34138,304.29,0.42,0.38,2026-10-08,2027,N,VIIRS,n,2.0NRT,292.31,0.47,N,VIIRS_SNPP_NRT,1.6736363636363636,11,0.7678275216893646,-71.91743617599131,Persistent / Reduced
23.15376,76.85223,300.65,0.4,0.6,2026-10-08,1951,N21,VIIRS,n,2.0NRT,290.53,0.46,N,VIIRS_NOAA21_NRT,,0,,,New / No Local History
28.46439,76.83639,303.09,0.39,0.36,2026-10-08,2046,N20,VIIRS,n,2.0NRT,292.61,0.46,N,VIIRS_NOAA20_NRT,,0,,,New / No Local History
28.84986,77.14629,304.22,0.38,0.44,2026-10-08,2025,N,VIIRS,n,2.0NRT,291.31,0.45,N,VIIRS_SNPP_NRT,1.5866666666666667,3,0.2980863773542809,-71.63865546218487,Persistent / Reduced
28.77371,76.70131,309.0,0.41,0.45,2026-10-08,2025,N,VIIRS,n,2.0NRT,293.08,0.44,N,VIIRS_SNPP_NRT,,0,,,New / No Local History
28.84907,77.14649,303.78,0.38,0.44,2026-10-08,2025,N,VIIRS,n,2.0NRT,291.19,0.43,N,VIIRS_SNPP_NRT,1.5866666666666667,3,0.3087697690091457,-72.89915966386556,Persistent / Reduced
23.66449,85.55231,299.64,0.42,0.61,2026-10-08,2049,N20,VIIRS,n,2.0NRT,286.7,0.41,N,VIIRS_NOAA20_NRT,1.52,1,0.1436239237280595,-73.0263157894737,Single Historical Detection
24.13976,82.70768,307.07,0.39,0.36,2026-10-08,2027,N,VIIRS,n,2.0NRT,292.69,0.37,N,VIIRS_SNPP_NRT,0.7566666666666667,3,0.005176774308736413,-51.101321585903094,Persistent / Reduced
21.87838,83.54613,302.11,0.34,0.56,2026-10-08,2049,N20,VIIRS,n,2.0NRT,290.76,0.36,N,VIIRS_NOAA20_NRT,2.69,2,0.8027935732131565,-86.61710037174721,Persistent / Reduced
28.78961,76.94947,303.49,0.39,0.44,2026-10-08,2025,N,VIIRS,n,2.0NRT,292.59,0.34,N,VIIRS_SNPP_NRT,1.12,4,0.06570539992660343,-69.64285714285714,Persistent / Reduced
15.17954,77.10242,301.21,0.42,0.38,2026-10-08,2029,N,VIIRS,n,2.0NRT,280.63,0.34,N,VIIRS_SNPP_NRT,1.3944827586206896,29,0.004571403283750351,-75.61819980217605,Persistent / Reduced
21.01559,80.88159,304.96,0.38,0.36,2026-10-08,2027,N,VIIRS,n,2.0NRT,293.84,0.33,N,VIIRS_SNPP_NRT,,0,,,New / No Local History
24.92586,84.14914,301.67,0.32,0.55,2026-10-08,2046,N20,VIIRS,n,2.0NRT,288.92,0.32,N,VIIRS_NOAA20_NRT,2.1375,4,0.09899785451617257,-85.02923976608187,Persistent / Reduced
24.93146,84.14736,301.47,0.32,0.55,2026-10-08,2046,N20,VIIRS,n,2.0NRT,289.13,0.29,N,VIIRS_NOAA20_NRT,2.1375,4,0.07391828730996007,-86.4327485380117,Persistent / Reduced
20.40619,75.12879,344.29,0.57,0.43,2026-10-07,837,N20,VIIRS,n,2.0NRT,310.59,23.52,D,VIIRS_NOAA20_NRT,,0,,,New / No Local History
24.48103,77.14761,343.06,0.57,0.52,2026-10-07,837,N20,VIIRS,n,2.0NRT,302.74,21.43,D,VIIRS_NOAA20_NRT,,0,,,New / No Local History
31.80039,74.5827,334.4,0.39,0.36,2026-10-07,822,N,VIIRS,n,2.0NRT,300.42,19.35,D,VIIRS_SNPP_NRT,6.08,1,0.9578086061039893,218.25657894736844,Abnormal Increase
20.40406,75.12663,346.11,0.57,0.43,2026-10-07,837,N20,VIIRS,n,2.0NRT,308.62,17.24,D,VIIRS_NOAA20_NRT,,0,,,New / No Local History
20.40806,75.12612,343.3,0.57,0.43,2026-10-07,837,N20,VIIRS,n,2.0NRT,304.02,17.24,D,VIIRS_NOAA20_NRT,,0,,,New / No Local History
21.10517,72.64448,340.53,0.48,0.4,2026-10-07,818,N,VIIRS,n,2.0NRT,308.0,15.7,D,VIIRS_SNPP_NRT,4.8750967741935485,155,0.0064340947184705535,222.04488910062992,Abnormal Increase
21.10598,72.64908,333.95,0.48,0.4,2026-10-07,818,N,VIIRS,l,2.0NRT,306.08,15.7,D,VIIRS_SNPP_NRT,4.8750967741935485,155,0.0014337847855241978,222.04488910062992,Abnormal Increase
25.55704,79.08351,355.84,0.42,0.38,2026-10-07,741,N21,VIIRS,l,2.0NRT,302.56,14.98,D,VIIRS_NOAA21_NRT,,0,,,New / No Local History
25.55774,79.08762,347.99,0.42,0.38,2026-10-07,741,N21,VIIRS,n,2.0NRT,302.21,14.98,D,VIIRS_NOAA21_NRT,,0,,,New / No Local History
15.25488,77.48218,349.27,0.47,0.48,2026-10-07,739,N21,VIIRS,n,2.0NRT,301.39,13.94,D,VIIRS_NOAA21_NRT,,0,,,New / No Local History
21.10359,72.64757,336.82,0.35,0.57,2026-10-07,2010,N21,VIIRS,n,2.0NRT,296.84,13.62,N,VIIRS_NOAA21_NRT,4.8750967741935485,155,0.0015886894872918507,179.37906939812603,Abnormal Increase
21.10392,72.6442,367.0,0.35,0.57,2026-10-07,2010,N21,VIIRS,h,2.0NRT,298.35,13.62,N,VIIRS_NOAA21_NRT,4.8750967741935485,155,0.0062655087615503795,179.37906939812603,Abnormal Increase
20.78141,85.26153,332.58,0.47,0.39,2026-10-07,2010,N21,VIIRS,n,2.0NRT,296.02,13.07,N,VIIRS_NOAA21_NRT,4.153833333333335,60,0.015053115332583926,214.6491192874051,Abnormal Increase
20.78499,85.26225,322.79,0.47,0.39,2026-10-07,2010,N21,VIIRS,n,2.0NRT,295.54,13.07,N,VIIRS_NOAA21_NRT,4.153833333333335,60,0.021123027792753313,214.6491192874051,Abnormal Increase
24.48314,77.14733,347.16,0.4,0.37,2026-10-07,820,N,VIIRS,n,2.0NRT,306.22,13.03,D,VIIRS_SNPP_NRT,,0,,,New / No Local History
22.52534,76.97836,354.77,0.53,0.5,2026-10-07,837,N20,VIIRS,n,2.0NRT,306.05,12.77,D,VIIRS_NOAA20_NRT,,0,,,New / No Local History
31.87902,74.86026,336.96,0.52,0.41,2026-10-07,744,N21,VIIRS,n,2.0NRT,301.1,12.47,D,VIIRS_NOAA21_NRT,,0,,,New / No Local History
24.48131,77.15086,341.16,0.57,0.52,2026-10-07,837,N20,VIIRS,n,2.0NRT,301.67,11.81,D,VIIRS_NOAA20_NRT,,0,,,New / No Local History
16.20538,77.7427,343.86,0.49,0.49,2026-10-07,835,N20,VIIRS,n,2.0NRT,305.89,11.62,D,VIIRS_NOAA20_NRT,,0,,,New / No Local History
23.34131,69.24453,331.36,0.57,0.69,2026-10-07,924,N21,VIIRS,l,2.0NRT,303.77,11.48,D,VIIRS_NOAA21_NRT,,0,,,New / No Local History
20.96663,86.01311,338.27,0.47,0.4,2026-10-07,741,N21,VIIRS,n,2.0NRT,305.2,11.41,D,VIIRS_NOAA21_NRT,3.830652173913042,46,0.01667347276175596,197.86050734918575,Abnormal Increase
24.88261,76.94803,334.15,0.52,0.42,2026-10-07,741,N21,VIIRS,l,2.0NRT,308.05,11.4,D,VIIRS_NOAA21_NRT,,0,,,New / No Local History
20.79552,85.25574,335.31,0.43,0.38,2026-10-07,741,N21,VIIRS,n,2.0NRT,303.48,11.29,D,VIIRS_NOAA21_NRT,4.153833333333335,60,0.004158763519956674,171.79713517634303,Abnormal Increase
21.07648,85.03743,337.31,0.43,0.38,2026-10-07,741,N21,VIIRS,l,2.0NRT,309.87,11.02,D,VIIRS_NOAA21_NRT,2.44,20,0.015129335818815159,351.6393442622951,Abnormal Increase
21.07996,85.03689,340.76,0.43,0.38,2026-10-07,741,N21,VIIRS,n,2.0NRT,307.86,10.45,D,VIIRS_NOAA21_NRT,2.44,20,0.04157827453688844,328.27868852459017,Abnormal Increase
20.96465,86.00629,350.84,0.36,0.57,2026-10-07,818,N,VIIRS,n,2.0NRT,298.19,10.39,D,VIIRS_SNPP_NRT,3.830652173913042,46,0.03535673553522739,171.23318767379843,Abnormal Increase
21.75635,83.84553,329.64,0.54,0.5,2026-10-07,818,N,VIIRS,n,2.0NRT,299.22,10.13,D,VIIRS_SNPP_NRT,4.736385542168675,83,0.010504668871882367,113.87617012617015,Abnormal Increase
10.60209,77.88742,353.58,0.42,0.45,2026-10-07,835,N20,VIIRS,n,2.0NRT,300.61,9.95,D,VIIRS_NOAA20_NRT,,0,,,New / No Local History
17.59283,82.78714,345.77,0.39,0.36,2026-10-07,739,N21,VIIRS,n,2.0NRT,303.19,9.93,D,VIIRS_NOAA21_NRT,,0,,,New / No Local History
25.94276,72.19291,331.97,0.4,0.37,2026-10-07,2106,N20,VIIRS,n,2.0NRT,299.24,9.92,N,VIIRS_NOAA20_NRT,1.6684374999999998,32,0.0033776833483280325,494.56827121183744,Abnormal Increase
24.48077,77.14523,336.54,0.57,0.52,2026-10-07,837,N20,VIIRS,n,2.0NRT,301.95,9.84,D,VIIRS_NOAA20_NRT,,0,,,New / No Local History
20.78562,85.26157,334.15,0.43,0.38,2026-10-07,741,N21,VIIRS,l,2.0NRT,304.56,9.82,D,VIIRS_NOAA21_NRT,4.153833333333335,60,0.01126071268111125,136.40813706215135,Abnormal Increase
21.10591,72.64562,338.32,0.46,0.39,2026-10-07,2049,N,VIIRS,n,2.0NRT,301.63,9.82,N,VIIRS_SNPP_NRT,4.8750967741935485,155,0.007062773407991167,101.43189878778254,Abnormal Increase
17.6,83.18454,341.59,0.38,0.36,2026-10-07,739,N21,VIIRS,n,2.0NRT,301.76,9.69,D,VIIRS_NOAA21_NRT,2.347037037037037,27,0.5957653552195048,312.86097522486983,Abnormal Increase
24.88166,76.94291,334.78,0.53,0.42,2026-10-07,741,N21,VIIRS,l,2.0NRT,309.3,9.51,D,VIIRS_NOAA21_NRT,,0,,,New / No Local History
24.47974,74.89939,346.25,0.39,0.36,2026-10-07,820,N,VIIRS,n,2.0NRT,310.19,9.48,D,VIIRS_SNPP_NRT,,0,,,New / No Local History
12.76045,76.86853,340.13,0.57,0.52,2026-10-07,739,N21,VIIRS,n,2.0NRT,296.45,9.47,D,VIIRS_NOAA21_NRT,9.55,1,1.3056735587493706,-0.8376963350785347,Single Historical Detection
21.76127,84.02175,341.15,0.55,0.51,2026-10-07,818,N,VIIRS,n,2.0NRT,297.81,9.47,D,VIIRS_SNPP_NRT,2.5425,24,0.014303279090357938,272.4680432645035,Abnormal Increase
21.74834,83.84128,336.02,0.4,0.37,2026-10-07,741,N21,VIIRS,n,2.0NRT,305.49,9.46,D,VIIRS_NOAA21_NRT,4.736385542168675,83,0.00971186632865854,99.73036223036225,Abnormal Increase
20.78605,85.26023,353.48,0.35,0.57,2026-10-07,1925,N20,VIIRS,n,2.0NRT,293.65,9.4,N,VIIRS_NOAA20_NRT,4.153833333333335,60,0.04161113892168593,126.29699474381087,Abnormal Increase
20.78639,85.25684,324.3,0.35,0.57,2026-10-07,1925,N20,VIIRS,n,2.0NRT,291.43,9.4,N,VIIRS_NOAA20_NRT,4.153833333333335,60,0.023863239060568357,126.29699474381087,Abnormal Increase
24.48418,77.14616,337.68,0.38,0.36,2026-10-07,2046,N,VIIRS,n,2.0NRT,295.8,9.37,N,VIIRS_SNPP_NRT,,0,,,New / No Local History
23.41446,72.35252,330.79,0.42,0.38,2026-10-07,2106,N20,VIIRS,n,2.0NRT,297.02,9.33,N,VIIRS_NOAA20_NRT,,0,,,New / No Local History
22.35753,82.30158,336.85,0.38,0.36,2026-10-07,741,N21,VIIRS,l,2.0NRT,307.13,9.28,D,VIIRS_NOAA21_NRT,3.8262500000000004,24,0.004704191208829636,142.53511924207774,Abnormal Increase
21.88718,77.86402,344.65,0.52,0.42,2026-10-07,741,N21,VIIRS,n,2.0NRT,302.67,9.22,D,VIIRS_NOAA21_NRT,,0,,,New / No Local History
22.35872,82.30399,338.6,0.44,0.46,2026-10-07,818,N,VIIRS,n,2.0NRT,304.35,9.14,D,VIIRS_SNPP_NRT,3.8262500000000004,24,0.005667905396330811,138.87618425351192,Abnormal Increase
21.0802,85.03526,343.37,0.45,0.39,2026-10-07,2010,N21,VIIRS,n,2.0NRT,296.31,8.91,N,VIIRS_NOAA21_NRT,2.44,20,0.04467060544513729,265.16393442622956,Abnormal Increase
18.75324,78.75483,343.05,0.62,0.54,2026-10-07,837,N20,VIIRS,n,2.0NRT,298.72,8.89,D,VIIRS_NOAA20_NRT,,0,,,New / No Local History
21.10353,72.63525,347.71,0.48,0.4,2026-10-07,818,N,VIIRS,n,2.0NRT,304.72,8.87,D,VIIRS_SNPP_NRT,4.870454545454545,154,0.007380565320710133,82.11852543163789,Abnormal Increase
17.24965,78.38809,340.45,0.38,0.43,2026-10-07,739,N21,VIIRS,n,2.0NRT,302.21,8.84,D,VIIRS_NOAA21_NRT,,0,,,New / No Local History
27.40905,72.2069,357.08,0.43,0.38,2026-10-07,820,N,VIIRS,l,2.0NRT,314.4,8.66,D,VIIRS_SNPP_NRT,,0,,,New / No Local History
27.41249,72.20615,357.09,0.43,0.38,2026-10-07,820,N,VIIRS,l,2.0NRT,314.56,8.66,D,VIIRS_SNPP_NRT,,0,,,New / No Local History
20.86406,84.99367,330.78,0.43,0.38,2026-10-07,741,N21,VIIRS,l,2.0NRT,304.71,8.64,D,VIIRS_NOAA21_NRT,3.038266666666666,75,0.01943431362624516,184.3726686268487,Abnormal Increase
20.80658,85.2583,337.18,0.43,0.38,2026-10-07,741,N21,VIIRS,n,2.0NRT,305.92,8.55,D,VIIRS_NOAA21_NRT,4.153833333333335,60,0.034190914905346495,105.8339686233599,Abnormal Increase
20.96241,86.00916,336.87,0.47,0.4,2026-10-07,741,N21,VIIRS,n,2.0NRT,303.92,8.51,D,VIIRS_NOAA21_NRT,3.830652173913042,46,0.013120687173382165,122.15538278190803,Abnormal Increase
20.96291,85.1871,342.26,0.46,0.39,2026-10-07,2010,N21,VIIRS,n,2.0NRT,296.23,8.46,N,VIIRS_NOAA21_NRT,3.665106382978723,94,0.0001746645823369712,130.82549634273778,Abnormal Increase
21.10607,72.64434,345.24,0.37,0.58,2026-10-07,741,N21,VIIRS,n,2.0NRT,300.36,8.42,D,VIIRS_NOAA21_NRT,4.8750967741935485,155,0.0016034298244242244,72.71452014186649,Abnormal Increase
15.3626,76.69579,342.03,0.41,0.45,2026-10-07,835,N20,VIIRS,n,2.0NRT,302.1,8.35,D,VIIRS_NOAA20_NRT,5.18,1,0.8127486250648789,61.196911196911195,Abnormal Increase
22.35764,82.30582,329.53,0.58,0.7,2026-10-07,837,N20,VIIRS,n,2.0NRT,294.57,8.33,D,VIIRS_NOAA20_NRT,3.8262500000000004,24,0.012425845934183477,117.70663181966677,Abnormal Increase
29.96034,74.98039,340.39,0.39,0.36,2026-10-07,820,N,VIIRS,n,2.0NRT,302.24,8.28,D,VIIRS_SNPP_NRT,,0,,,New / No Local History
26.91652,78.30311,341.77,0.43,0.38,2026-10-07,744,N21,VIIRS,n,2.0NRT,302.06,8.27,D,VIIRS_NOAA21_NRT,,0,,,New / No Local History
15.18397,76.66541,337.5,0.53,0.5,2026-10-07,739,N21,VIIRS,n,2.0NRT,296.68,8.26,D,VIIRS_NOAA21_NRT,2.4463876651982392,227,0.0021668886980234546,237.64068211693927,Abnormal Increase
21.09937,72.63689,317.59,0.35,0.57,2026-10-07,2010,N21,VIIRS,n,2.0NRT,295.87,8.22,N,VIIRS_NOAA21_NRT,4.8750967741935485,155,0.00931544439101502,68.61203747816421,Abnormal Increase
20.96538,86.01336,340.23,0.36,0.57,2026-10-07,818,N,VIIRS,n,2.0NRT,299.64,8.19,D,VIIRS_SNPP_NRT,3.830652173913042,46,0.010524467412197987,113.80171386413946,Abnormal Increase
25.60965,79.12373,347.76,0.42,0.37,2026-10-07,741,N21,VIIRS,n,2.0NRT,302.16,8.14,D,VIIRS_NOAA21_NRT,,0,,,New / No Local History
25.61034,79.12783,347.07,0.42,0.37,2026-10-07,741,N21,VIIRS,n,2.0NRT,301.53,8.14,D,VIIRS_NOAA21_NRT,,0,,,New / No Local History
25.61306,79.12303,335.86,0.42,0.37,2026-10-07,741,N21,VIIRS,n,2.0NRT,299.7,8.14,D,VIIRS_NOAA21_NRT,,0,,,New / No Local History
23.33913,69.24986,340.28,0.57,0.69,2026-10-07,924,N21,VIIRS,n,2.0NRT,303.26,8.13,D,VIIRS_NOAA21_NRT,,0,,,New / No Local History
21.2951,74.87717,338.08,0.54,0.5,2026-10-07,741,N21,VIIRS,n,2.0NRT,301.53,7.79,D,VIIRS_NOAA21_NRT,,0,,,New / No Local History
21.76015,84.02085,338.01,0.4,0.37,2026-10-07,741,N21,VIIRS,n,2.0NRT,303.31,7.74,D,VIIRS_NOAA21_NRT,2.5425,24,0.015127957254832335,204.42477876106193,Abnormal Increase
21.10345,72.63675,345.93,0.44,0.38,2026-10-07,837,N20,VIIRS,n,2.0NRT,306.11,7.66,D,VIIRS_NOAA20_NRT,4.8750967741935485,155,0.002252089595814652,57.12508601979779,Abnormal Increase
23.73762,86.43596,334.03,0.53,0.42,2026-10-07,741,N21,VIIRS,n,2.0NRT,298.05,7.64,D,VIIRS_NOAA21_NRT,2.364631578947368,95,0.03053789752468793,223.09472934472936,Abnormal Increase
16.62747,80.19129,339.75,0.44,0.38,2026-10-07,816,N,VIIRS,n,2.0NRT,303.95,7.6,D,VIIRS_SNPP_NRT,9.755,2,0.03730851022340975,-22.091235263967206,Persistent / Stable
31.01438,75.3229,337.39,0.4,0.37,2026-10-07,822,N,VIIRS,n,2.0NRT,299.88,7.58,D,VIIRS_SNPP_NRT,,0,,,New / No Local History
21.07891,85.03384,333.22,0.63,0.54,2026-10-07,818,N,VIIRS,n,2.0NRT,301.05,7.55,D,VIIRS_SNPP_NRT,2.44,20,0.07678609772001047,209.42622950819668,Abnormal Increase
21.92043,83.3537,327.24,0.67,0.74,2026-10-07,837,N20,VIIRS,n,2.0NRT,290.81,7.34,D,VIIRS_NOAA20_NRT,2.8140740740740737,27,0.026008961328485992,160.83179784153728,Abnormal Increase
25.72495,79.11828,355.5,0.42,0.37,2026-10-07,741,N21,VIIRS,l,2.0NRT,303.6,7.33,D,VIIRS_NOAA21_NRT,,0,,,New / No Local History
25.72835,79.11759,343.97,0.42,0.37,2026-10-07,741,N21,VIIRS,n,2.0NRT,303.84,7.33,D,VIIRS_NOAA21_NRT,,0,,,New / No Local History
22.05401,88.12441,329.42,0.42,0.45,2026-10-07,2010,N21,VIIRS,n,2.0NRT,297.0,7.3,N,VIIRS_NOAA21_NRT,4.342173913043477,23,0.0246050865385533,68.1185541203565,Abnormal Increase
13.90064,80.20292,345.65,0.42,0.37,2026-10-07,816,N,VIIRS,n,2.0NRT,306.24,7.29,D,VIIRS_SNPP_NRT,,0,,,New / No Local History
20.51354,74.11707,335.22,0.62,0.54,2026-10-07,741,N21,VIIRS,n,2.0NRT,302.41,7.21,D,VIIRS_NOAA21_NRT,,0,,,New / No Local History
9.86343,79.02348,340.91,0.38,0.36,2026-10-07,816,N,VIIRS,n,2.0NRT,300.95,7.21,D,VIIRS_SNPP_NRT,6.34,2,0.16987695615878895,13.722397476340694,Persistent / Stable
18.95178,77.93187,336.73,0.38,0.43,2026-10-07,739,N21,VIIRS,l,2.0NRT,307.15,7.2,D,VIIRS_NOAA21_NRT,,0,,,New / No Local History
21.92178,83.34959,339.31,0.39,0.36,2026-10-07,741,N21,VIIRS,n,2.0NRT,303.52,7.18,D,VIIRS_NOAA21_NRT,2.8140740740740737,27,0.017566441678615374,155.14609107659913,Abnormal Increase
25.56045,79.08282,340.8,0.42,0.38,2026-10-07,741,N21,VIIRS,n,2.0NRT,301.43,7.17,D,VIIRS_NOAA21_NRT,,0,,,New / No Local History
10.38504,79.27505,336.22,0.52,0.5,2026-10-07,835,N20,VIIRS,n,2.0NRT,292.85,7.15,D,VIIRS_NOAA20_NRT,6.725,2,0.2429351713882707,6.319702602230494,Persistent / Stable
22.98383,69.48546,336.88,0.58,0.7,2026-10-07,922,N21,VIIRS,n,2.0NRT,305.57,7.1,D,VIIRS_NOAA21_NRT,,0,,,New / No Local History
20.96271,86.00835,343.17,0.36,0.57,2026-10-07,818,N,VIIRS,n,2.0NRT,298.49,7.1,D,VIIRS_SNPP_NRT,3.830652173913042,46,0.019804117404527945,85.34702911299024,Abnormal Increase
12.23924,79.83154,336.23,0.56,0.43,2026-10-07,739,N21,VIIRS,n,2.0NRT,299.0,7.09,D,VIIRS_NOAA21_NRT,2.73,1,0.36422808844228277,159.7069597069597,Abnormal Increase
16.62494,80.19379,335.85,0.47,0.4,2026-10-07,739,N21,VIIRS,n,2.0NRT,301.93,7.05,D,VIIRS_NOAA21_NRT,9.755,2,0.06073508814191614,-27.72936955407484,Persistent / Stable
16.62854,80.19314,347.41,0.47,0.4,2026-10-07,739,N21,VIIRS,n,2.0NRT,303.25,7.05,D,VIIRS_NOAA21_NRT,9.755,2,0.13020952056151142,-27.72936955407484,Persistent / Stable
24.48088,77.14553,336.54,0.38,0.36,2026-10-07,2046,N,VIIRS,n,2.0NRT,292.96,7.0,N,VIIRS_SNPP_NRT,,0,,,New / No Local History
21.1046,72.64516,342.16,0.44,0.38,2026-10-07,837,N20,VIIRS,n,2.0NRT,307.92,6.99,D,VIIRS_NOAA20_NRT,4.8750967741935485,155,0.006178611940317008,43.38176909639511,Persistent / Stable
21.10517,72.64938,333.55,0.44,0.38,2026-10-07,837,N20,VIIRS,l,2.0NRT,306.3,6.99,D,VIIRS_NOAA20_NRT,4.8750967741935485,155,0.018658147002444295,43.38176909639511,Persistent / Stable
21.33569,78.96772,333.64,0.47,0.4,2026-10-07,741,N21,VIIRS,l,2.0NRT,304.72,6.97,D,VIIRS_NOAA21_NRT,1.755384615384615,13,0.021771387565589887,297.06397896581956,Abnormal Increase
16.62803,80.19537,344.24,0.44,0.38,2026-10-07,816,N,VIIRS,n,2.0NRT,303.7,6.97,D,VIIRS_SNPP_NRT,9.755,2,0.10781595605056452,-28.549461814454137,Persistent / Stable
25.07763,76.33001,344.3,0.52,0.5,2026-10-07,839,N20,VIIRS,n,2.0NRT,307.38,6.95,D,VIIRS_NOAA20_NRT,,0,,,New / No Local History
20.7587,85.29961,330.53,0.44,0.38,2026-10-07,741,N21,VIIRS,l,2.0NRT,304.59,6.92,D,VIIRS_NOAA21_NRT,2.932222222222222,27,0.011417053613889377,135.99848427434637,Abnormal Increase
17.88844,83.16116,336.19,0.38,0.36,2026-10-07,739,N21,VIIRS,n,2.0NRT,301.87,6.91,D,VIIRS_NOAA21_NRT,,0,,,New / No Local History
21.10765,72.64571,347.15,0.38,0.58,2026-10-07,741,N21,VIIRS,n,2.0NRT,301.34,6.78,D,VIIRS_NOAA21_NRT,4.8750967741935485,155,0.007400987218941271,39.074162299507705,Persistent / Stable
20.95998,86.00842,334.73,0.34,0.56,2026-10-07,659,N20,VIIRS,n,2.0NRT,297.16,6.77,D,VIIRS_NOAA20_NRT,3.830652173913042,46,0.014304393128382534,76.73230804154142,Abnormal Increase
24.62917,76.65649,340.14,0.55,0.43,2026-10-07,741,N21,VIIRS,n,2.0NRT,309.28,6.76,D,VIIRS_NOAA21_NRT,,0,,,New / No Local History
23.67841,86.39774,328.73,0.53,0.42,2026-10-07,741,N21,VIIRS,l,2.0NRT,299.58,6.74,D,VIIRS_NOAA21_NRT,3.0147826086956515,92,0.0032557912244104217,123.5650418229017,Abnormal Increase
21.7556,83.84402,339.36,0.4,0.37,2026-10-07,741,N21,VIIRS,n,2.0NRT,304.99,6.72,D,VIIRS_NOAA21_NRT,4.736385542168675,83,0.0013002807795785241,41.880341880341874,Persistent / Stable
20.96766,86.01208,330.94,0.5,0.41,2026-10-07,2010,N21,VIIRS,n,2.0NRT,296.19,6.65,N,VIIRS_NOAA21_NRT,3.790208333333331,48,0.014537288780335618,75.4520969603695,Abnormal Increase
20.86349,84.98957,333.47,0.43,0.38,2026-10-07,741,N21,VIIRS,l,2.0NRT,304.81,6.64,D,VIIRS_NOAA21_NRT,3.015394736842105,76,0.024041012435243675,120.20334249683644,Abnormal Increase
15.36211,76.69199,330.41,0.41,0.45,2026-10-07,835,N20,VIIRS,l,2.0NRT,302.66,6.61,D,VIIRS_NOAA20_NRT,5.18,1,1.2201907782535653,27.606177606177617,Single Historical Detection
26.91997,78.30237,351.71,0.43,0.38,2026-10-07,744,N21,VIIRS,n,2.0NRT,304.87,6.6,D,VIIRS_NOAA21_NRT,,0,,,New / No Local History
23.6483,85.43622,331.72,0.47,0.4,2026-10-07,741,N21,VIIRS,n,2.0NRT,297.71,6.57,D,VIIRS_NOAA21_NRT,3.0220454545454554,44,0.03061988180907668,117.40242159885683,Abnormal Increase
27.94522,77.40046,331.96,0.45,0.39,2026-10-07,744,N21,VIIRS,l,2.0NRT,302.55,6.57,D,VIIRS_NOAA21_NRT,,0,,,New / No Local History
32.0274,74.98964,342.3,0.4,0.37,2026-10-07,822,N,VIIRS,n,2.0NRT,299.43,6.57,D,VIIRS_SNPP_NRT,,0,,,New / No Local History
20.4089,75.12548,337.67,0.4,0.37,2026-10-07,818,N,VIIRS,l,2.0NRT,310.74,6.56,D,VIIRS_SNPP_NRT,,0,,,New / No Local History
22.70332,76.44808,339.02,0.39,0.36,2026-10-07,820,N,VIIRS,l,2.0NRT,311.73,6.56,D,VIIRS_SNPP_NRT,,0,,,New / No Local History
25.0582,76.5544,333.16,0.53,0.5,2026-10-07,839,N20,VIIRS,l,2.0NRT,304.14,6.55,D,VIIRS_NOAA20_NRT,,0,,,New / No Local History
27.56479,72.46851,341.29,0.42,0.37,2026-10-07,820,N,VIIRS,l,2.0NRT,313.88,6.52,D,VIIRS_SNPP_NRT,,0,,,New / No Local History
20.78619,85.26572,330.12,0.43,0.38,2026-10-07,741,N21,VIIRS,l,2.0NRT,303.05,6.48,D,VIIRS_NOAA21_NRT,4.153833333333335,60,0.00914514791423673,56.00048148296749,Abnormal Increase
20.79288,85.25482,339.56,0.32,0.55,2026-10-07,818,N,VIIRS,n,2.0NRT,297.81,6.48,D,VIIRS_SNPP_NRT,4.153833333333335,60,0.001241771974756527,56.00048148296749,Abnormal Increase
22.47102,76.78339,340.99,0.39,0.44,2026-10-07,741,N21,VIIRS,n,2.0NRT,306.93,6.45,D,VIIRS_NOAA21_NRT,,0,,,New / No Local History
15.81944,78.37453,340.45,0.4,0.45,2026-10-07,739,N21,VIIRS,n,2.0NRT,299.37,6.44,D,VIIRS_NOAA21_NRT,,0,,,New / No Local History
24.69402,77.5784,336.57,0.41,0.37,2026-10-07,820,N,VIIRS,l,2.0NRT,308.54,6.41,D,VIIRS_SNPP_NRT,,0,,,New / No Local History
22.37729,87.27744,325.69,0.55,0.51,2026-10-07,1925,N20,VIIRS,n,2.0NRT,292.17,6.4,N,VIIRS_NOAA20_NRT,3.552676056338029,71,0.02097583294254526,80.14589280050743,Abnormal Increase
14.8137,76.30908,338.59,0.57,0.52,2026-10-07,739,N21,VIIRS,n,2.0NRT,297.14,6.39,D,VIIRS_NOAA21_NRT,,0,,,New / No Local History
23.64776,85.43947,329.88,0.47,0.4,2026-10-07,741,N21,VIIRS,n,2.0NRT,297.72,6.38,D,VIIRS_NOAA21_NRT,3.0220454545454554,44,0.009594702338561346,111.11528916296902,Abnormal Increase
27.60469,72.24575,347.46,0.42,0.38,2026-10-07,820,N,VIIRS,n,2.0NRT,313.17,6.36,D,VIIRS_SNPP_NRT,,0,,,New / No Local History
27.37657,95.33617,332.38,0.4,0.37,2026-10-07,659,N20,VIIRS,n,2.0NRT,297.95,6.33,D,VIIRS_NOAA20_NRT,3.152,10,0.012916824528606173,100.8248730964467,Abnormal Increase
10.888,79.21818,340.83,0.43,0.46,2026-10-07,737,N21,VIIRS,n,2.0NRT,296.28,6.28,D,VIIRS_NOAA21_NRT,8.97,1,0.5821336373118176,-29.988851727982162,Single Historical Detection
15.36397,76.69617,337.85,0.39,0.36,2026-10-07,816,N,VIIRS,n,2.0NRT,305.66,6.28,D,VIIRS_SNPP_NRT,5.18,1,0.7720161326609476,21.235521235521247,Single Historical Detection
20.94901,86.04792,330.39,0.47,0.4,2026-10-07,741,N21,VIIRS,l,2.0NRT,303.17,6.27,D,VIIRS_NOAA21_NRT,3.456785714285715,28,0.0654233229435518,81.38237421221194,Abnormal Increase
21.74162,83.84237,332.33,0.4,0.37,2026-10-07,741,N21,VIIRS,l,2.0NRT,306.95,6.27,D,VIIRS_NOAA21_NRT,4.770121951219512,82,0.006004186853829234,31.443180365588653,Persistent / Stable
17.81255,77.3092,334.33,0.48,0.48,2026-10-07,837,N20,VIIRS,l,2.0NRT,305.28,6.27,D,VIIRS_NOAA20_NRT,,0,,,New / No Local History
27.61176,72.26624,352.92,0.42,0.38,2026-10-07,820,N,VIIRS,n,2.0NRT,313.77,6.23,D,VIIRS_SNPP_NRT,,0,,,New / No Local History
27.95652,77.69163,343.2,0.44,0.39,2026-10-07,744,N21,VIIRS,n,2.0NRT,304.04,6.22,D,VIIRS_NOAA21_NRT,,0,,,New / No Local History
31.67325,74.63107,331.31,0.53,0.42,2026-10-07,744,N21,VIIRS,n,2.0NRT,297.77,6.2,D,VIIRS_NOAA21_NRT,,0,,,New / No Local History
15.75378,75.62264,343.11,0.42,0.37,2026-10-07,816,N,VIIRS,n,2.0NRT,307.49,6.15,D,VIIRS_SNPP_NRT,,0,,,New / No Local History
27.34483,72.0425,345.68,0.43,0.38,2026-10-07,820,N,VIIRS,n,2.0NRT,314.38,6.15,D,VIIRS_SNPP_NRT,,0,,,New / No Local History
20.70618,78.62012,333.06,0.5,0.41,2026-10-07,741,N21,VIIRS,l,2.0NRT,308.03,6.12,D,VIIRS_NOAA21_NRT,1.468,5,0.03505962865558442,316.89373297002726,Abnormal Increase
25.09994,76.64836,335.24,0.54,0.42,2026-10-07,741,N21,VIIRS,n,2.0NRT,308.68,6.12,D,VIIRS_NOAA21_NRT,,0,,,New / No Local History
22.43082,76.74947,339.53,0.51,0.49,2026-10-07,837,N20,VIIRS,n,2.0NRT,304.04,6.12,D,VIIRS_NOAA20_NRT,,0,,,New / No Local History
22.5709,76.8742,337.24,0.39,0.36,2026-10-07,818,N,VIIRS,l,2.0NRT,310.57,6.11,D,VIIRS_SNPP_NRT,,0,,,New / No Local History
19.13034,77.18503,339.93,0.49,0.49,2026-10-07,837,N20,VIIRS,n,2.0NRT,304.13,6.09,D,VIIRS_NOAA20_NRT,,0,,,New / No Local History
19.1309,77.18968,341.95,0.49,0.49,2026-10-07,837,N20,VIIRS,n,2.0NRT,302.82,6.09,D,VIIRS_NOAA20_NRT,,0,,,New / No Local History
22.26909,73.521,336.95,0.43,0.38,2026-10-07,820,N,VIIRS,l,2.0NRT,309.21,6.09,D,VIIRS_SNPP_NRT,,0,,,New / No Local History
31.6928,74.7765,341.79,0.39,0.36,2026-10-07,822,N,VIIRS,n,2.0NRT,303.39,6.09,D,VIIRS_SNPP_NRT,,0,,,New / No Local History
31.80074,74.57668,340.23,0.49,0.48,2026-10-07,839,N20,VIIRS,n,2.0NRT,297.53,6.03,D,VIIRS_NOAA20_NRT,6.08,1,1.5264328977141888,-0.8223684210526285,Single Historical Detection
10.38446,79.27504,342.58,0.51,0.5,2026-10-07,835,N20,VIIRS,n,2.0NRT,292.69,6.02,D,VIIRS_NOAA20_NRT,6.725,2,0.2418815359734281,-10.483271375464685,Persistent / Stable
20.96399,85.18916,342.02,0.43,0.38,2026-10-07,741,N21,VIIRS,n,2.0NRT,302.32,6.0,D,VIIRS_NOAA21_NRT,3.706874999999999,80,0.006262890258955323,61.86140617096616,Abnormal Increase
23.19561,75.2226,335.87,0.47,0.48,2026-10-07,741,N21,VIIRS,l,2.0NRT,310.74,5.97,D,VIIRS_NOAA21_NRT,,0,,,New / No Local History
11.73905,78.66151,342.56,0.49,0.49,2026-10-07,837,N20,VIIRS,n,2.0NRT,293.92,5.92,D,VIIRS_NOAA20_NRT,4.37,1,1.4926312286436834,35.46910755148741,Single Historical Detection
23.31191,69.02585,341.6,0.38,0.36,2026-10-07,837,N20,VIIRS,l,2.0NRT,313.6,5.91,D,VIIRS_NOAA20_NRT,,0,,,New / No Local History
15.25374,77.48306,344.78,0.38,0.36,2026-10-07,816,N,VIIRS,n,2.0NRT,301.23,5.87,D,VIIRS_SNPP_NRT,,0,,,New / No Local History
24.84876,76.75697,348.68,0.39,0.37,2026-10-07,820,N,VIIRS,n,2.0NRT,312.51,5.84,D,VIIRS_SNPP_NRT,,0,,,New / No Local History
27.60396,72.2415,345.43,0.42,0.38,2026-10-07,820,N,VIIRS,n,2.0NRT,313.28,5.82,D,VIIRS_SNPP_NRT,,0,,,New / No Local History
27.22311,74.00657,346.1,0.39,0.36,2026-10-07,820,N,VIIRS,n,2.0NRT,315.23,5.81,D,VIIRS_SNPP_NRT,,0,,,New / No Local History
22.31794,82.55951,332.38,0.38,0.36,2026-10-07,741,N21,VIIRS,n,2.0NRT,302.27,5.79,D,VIIRS_NOAA21_NRT,1.9195,20,0.10389538658136291,201.64105235738475,Abnormal Increase
12.1493,76.63713,329.23,0.61,0.53,2026-10-07,739,N21,VIIRS,n,2.0NRT,296.45,5.78,D,VIIRS_NOAA21_NRT,,0,,,New / No Local History
23.21667,79.50432,340.49,0.43,0.38,2026-10-07,741,N21,VIIRS,n,2.0NRT,304.71,5.78,D,VIIRS_NOAA21_NRT,,0,,,New / No Local History
22.04111,83.73074,332.53,0.4,0.37,2026-10-07,741,N21,VIIRS,l,2.0NRT,303.18,5.77,D,VIIRS_NOAA21_NRT,1.550909090909091,11,0.084587844060859,272.03985932004684,Abnormal Increase
23.31191,69.02473,345.44,0.47,0.48,2026-10-07,820,N,VIIRS,n,2.0NRT,310.56,5.76,D,VIIRS_SNPP_NRT,,0,,,New / No Local History
20.88618,84.98323,331.44,0.43,0.38,2026-10-07,741,N21,VIIRS,l,2.0NRT,303.45,5.75,D,VIIRS_NOAA21_NRT,3.015394736842105,76,0.0010434057299758823,90.68813544530265,Abnormal Increase
31.79805,74.57906,341.3,0.49,0.48,2026-10-07,839,N20,VIIRS,n,2.0NRT,298.23,5.75,D,VIIRS_NOAA20_NRT,6.08,1,1.3017565481041151,-5.427631578947369,Single Historical Detection
23.69727,86.07793,329.03,0.47,0.39,2026-10-07,2010,N21,VIIRS,n,2.0NRT,291.8,5.74,N,VIIRS_NOAA21_NRT,2.5598765432098767,81,0.01048978455797764,124.22956353990837,Abnormal Increase
23.69808,86.07343,309.54,0.47,0.39,2026-10-07,2010,N21,VIIRS,n,2.0NRT,290.61,5.74,N,VIIRS_NOAA21_NRT,2.433846153846154,65,0.0058935524233758195,135.84070796460176,Abnormal Increase
22.00521,76.44094,346.26,0.38,0.36,2026-10-07,818,N,VIIRS,n,2.0NRT,312.11,5.73,D,VIIRS_SNPP_NRT,,0,,,New / No Local History
25.02167,76.6713,347.73,0.39,0.36,2026-10-07,820,N,VIIRS,n,2.0NRT,309.61,5.71,D,VIIRS_SNPP_NRT,,0,,,New / No Local History
23.77884,86.20919,332.06,0.51,0.41,2026-10-07,741,N21,VIIRS,n,2.0NRT,298.46,5.69,D,VIIRS_NOAA21_NRT,3.051874999999999,48,0.0029013000771261578,86.4427605979931,Abnormal Increase
16.35947,74.77878,343.33,0.44,0.38,2026-10-07,818,N,VIIRS,n,2.0NRT,309.6,5.67,D,VIIRS_SNPP_NRT,,0,,,New / No Local History
23.16588,82.34039,330.91,0.45,0.47,2026-10-07,818,N,VIIRS,n,2.0NRT,296.28,5.67,D,VIIRS_SNPP_NRT,1.913076923076923,13,0.06360060832360138,196.38118214716528,Abnormal Increase
25.84811,76.41697,341.01,0.53,0.5,2026-10-07,839,N20,VIIRS,n,2.0NRT,308.94,5.64,D,VIIRS_NOAA20_NRT,,0,,,New / No Local History
27.39524,72.20992,357.61,0.43,0.38,2026-10-07,820,N,VIIRS,l,2.0NRT,314.03,5.63,D,VIIRS_SNPP_NRT,,0,,,New / No Local History
27.39598,72.21419,347.23,0.43,0.38,2026-10-07,820,N,VIIRS,n,2.0NRT,314.26,5.63,D,VIIRS_SNPP_NRT,,0,,,New / No Local History
27.3987,72.20916,356.92,0.43,0.38,2026-10-07,820,N,VIIRS,l,2.0NRT,314.62,5.63,D,VIIRS_SNPP_NRT,,0,,,New / No Local History
31.79602,75.00217,333.23,0.51,0.41,2026-10-07,744,N21,VIIRS,n,2.0NRT,301.78,5.61,D,VIIRS_NOAA21_NRT,,0,,,New / No Local History
24.54648,77.78642,331.06,0.63,0.54,2026-10-07,837,N20,VIIRS,n,2.0NRT,300.4,5.59,D,VIIRS_NOAA20_NRT,,0,,,New / No Local History
21.65055,71.23047,336.32,0.56,0.43,2026-10-07,818,N,VIIRS,n,2.0NRT,303.09,5.58,D,VIIRS_SNPP_NRT,,0,,,New / No Local History
23.08244,75.22727,337.08,0.47,0.48,2026-10-07,741,N21,VIIRS,n,2.0NRT,305.46,5.57,D,VIIRS_NOAA21_NRT,,0,,,New / No Local History
28.30235,77.5218,336.92,0.44,0.39,2026-10-07,744,N21,VIIRS,n,2.0NRT,303.64,5.54,D,VIIRS_NOAA21_NRT,,0,,,New / No Local History
10.9504,79.81792,336.07,0.39,0.36,2026-10-07,816,N,VIIRS,n,2.0NRT,300.08,5.54,D,VIIRS_SNPP_NRT,,0,,,New / No Local History
18.94783,77.93263,339.1,0.38,0.43,2026-10-07,739,N21,VIIRS,n,2.0NRT,306.81,5.52,D,VIIRS_NOAA21_NRT,,0,,,New / No Local History
10.59793,77.88797,342.66,0.42,0.45,2026-10-07,835,N20,VIIRS,n,2.0NRT,302.09,5.52,D,VIIRS_NOAA20_NRT,,0,,,New / No Local History
18.83755,78.37957,333.72,0.54,0.42,2026-10-07,739,N21,VIIRS,n,2.0NRT,303.01,5.44,D,VIIRS_NOAA21_NRT,,0,,,New / No Local History
18.97875,77.92297,332.38,0.38,0.43,2026-10-07,739,N21,VIIRS,l,2.0NRT,304.29,5.44,D,VIIRS_NOAA21_NRT,,0,,,New / No Local History
26.9378,72.0814,343.56,0.44,0.38,2026-10-07,820,N,VIIRS,l,2.0NRT,315.64,5.44,D,VIIRS_SNPP_NRT,,0,,,New / No Local History
26.94128,72.08063,348.5,0.44,0.38,2026-10-07,820,N,VIIRS,n,2.0NRT,316.34,5.44,D,VIIRS_SNPP_NRT,,0,,,New / No Local History
27.56314,72.47256,344.13,0.42,0.37,2026-10-07,820,N,VIIRS,l,2.0NRT,314.86,5.44,D,VIIRS_SNPP_NRT,,0,,,New / No Local History
21.10514,72.64563,335.14,0.46,0.39,2026-10-07,2108,N20,VIIRS,n,2.0NRT,300.53,5.4,N,VIIRS_NOAA20_NRT,4.8750967741935485,155,0.005504751115235654,10.767031919961893,Persistent / Stable
17.60073,83.18348,343.36,0.43,0.46,2026-10-07,818,N,VIIRS,n,2.0NRT,298.25,5.39,D,VIIRS_SNPP_NRT,2.2094117647058824,17,0.7080720967386934,143.95633652822147,Abnormal Increase
13.41865,79.71624,337.43,0.4,0.37,2026-10-07,816,N,VIIRS,n,2.0NRT,303.53,5.38,D,VIIRS_SNPP_NRT,,0,,,New / No Local History
14.07141,76.22833,333.29,0.41,0.37,2026-10-07,816,N,VIIRS,n,2.0NRT,301.59,5.37,D,VIIRS_SNPP_NRT,,0,,,New / No Local History
24.48321,77.14547,338.66,0.48,0.48,2026-10-07,2106,N20,VIIRS,n,2.0NRT,292.91,5.36,N,VIIRS_NOAA20_NRT,,0,,,New / No Local History
23.45296,75.76958,341.32,0.38,0.36,2026-10-07,820,N,VIIRS,l,2.0NRT,312.43,5.36,D,VIIRS_SNPP_NRT,,0,,,New / No Local History
15.02199,78.01276,315.37,0.43,0.38,2026-10-07,2012,N21,VIIRS,n,2.0NRT,293.24,5.32,N,VIIRS_NOAA21_NRT,1.760526315789474,19,0.07625341148081759,202.1823617339312,Abnormal Increase
31.15773,74.66592,331.77,0.54,0.42,2026-10-07,744,N21,VIIRS,n,2.0NRT,299.7,5.3,D,VIIRS_NOAA21_NRT,,0,,,New / No Local History
10.38575,79.276,341.87,0.38,0.36,2026-10-07,816,N,VIIRS,n,2.0NRT,298.86,5.3,D,VIIRS_SNPP_NRT,6.725,2,0.3467719669719435,-21.189591078066915,Persistent / Stable
29.0563,77.25268,334.54,0.44,0.38,2026-10-07,820,N,VIIRS,n,2.0NRT,300.84,5.29,D,VIIRS_SNPP_NRT,,0,,,New / No Local History
22.75439,75.23854,342.98,0.41,0.45,2026-10-07,837,N20,VIIRS,n,2.0NRT,308.71,5.27,D,VIIRS_NOAA20_NRT,,0,,,New / No Local History
29.034,75.69624,343.45,0.39,0.37,2026-10-07,820,N,VIIRS,n,2.0NRT,311.65,5.27,D,VIIRS_SNPP_NRT,6.91,1,0.49600698328080406,-23.733719247467448,Single Historical Detection
23.76681,86.40356,333.73,0.32,0.55,2026-10-07,1925,N20,VIIRS,n,2.0NRT,290.23,5.23,N,VIIRS_NOAA20_NRT,2.158924050632911,158,0.007673602053290414,142.2503004895782,Abnormal Increase
27.40068,72.19985,357.16,0.43,0.38,2026-10-07,820,N,VIIRS,l,2.0NRT,314.92,5.23,D,VIIRS_SNPP_NRT,,0,,,New / No Local History
27.40413,72.1991,354.9,0.43,0.38,2026-10-07,820,N,VIIRS,n,2.0NRT,314.4,5.23,D,VIIRS_SNPP_NRT,,0,,,New / No Local History
27.40486,72.20337,348.85,0.43,0.38,2026-10-07,820,N,VIIRS,n,2.0NRT,315.31,5.23,D,VIIRS_SNPP_NRT,,0,,,New / No Local History
21.07939,85.03278,337.21,0.43,0.38,2026-10-07,741,N21,VIIRS,n,2.0NRT,306.57,5.2,D,VIIRS_NOAA21_NRT,2.44,20,0.03320175894179002,113.11475409836066,Abnormal Increase
21.07932,85.0367,338.1,0.39,0.6,2026-10-07,659,N20,VIIRS,n,2.0NRT,294.78,5.2,D,VIIRS_NOAA20_NRT,2.44,20,0.06122847835812333,113.11475409836066,Abnormal Increase
18.82018,78.27535,335.31,0.4,0.37,2026-10-07,818,N,VIIRS,n,2.0NRT,303.89,5.19,D,VIIRS_SNPP_NRT,,0,,,New / No Local History
10.94932,79.8178,340.88,0.39,0.44,2026-10-07,737,N21,VIIRS,n,2.0NRT,299.08,5.17,D,VIIRS_NOAA21_NRT,,0,,,New / No Local History
16.20676,77.74144,340.67,0.49,0.49,2026-10-07,835,N20,VIIRS,n,2.0NRT,304.3,5.16,D,VIIRS_NOAA20_NRT,,0,,,New / No Local History
16.20735,77.74603,340.43,0.49,0.49,2026-10-07,835,N20,VIIRS,n,2.0NRT,306.35,5.16,D,VIIRS_NOAA20_NRT,,0,,,New / No Local History
27.48927,72.10157,350.78,0.43,0.38,2026-10-07,820,N,VIIRS,n,2.0NRT,314.44,5.14,D,VIIRS_SNPP_NRT,,0,,,New / No Local History
12.23897,79.82919,334.12,0.56,0.43,2026-10-07,739,N21,VIIRS,n,2.0NRT,299.45,5.13,D,VIIRS_NOAA21_NRT,2.73,1,0.11872420793087356,87.91208791208791,Abnormal Increase
15.26167,78.10972,338.17,0.38,0.36,2026-10-07,816,N,VIIRS,l,2.0NRT,308.3,5.13,D,VIIRS_SNPP_NRT,,0,,,New / No Local History
15.26498,78.10918,339.47,0.38,0.36,2026-10-07,816,N,VIIRS,n,2.0NRT,308.15,5.13,D,VIIRS_SNPP_NRT,,0,,,New / No Local History
9.62333,78.87234,335.66,0.47,0.48,2026-10-07,737,N21,VIIRS,n,2.0NRT,295.04,5.12,D,VIIRS_NOAA21_NRT,4.82,1,1.902263622420061,6.224066390041489,Single Historical Detection
25.93792,79.68209,347.46,0.4,0.37,2026-10-07,741,N21,VIIRS,n,2.0NRT,301.98,5.12,D,VIIRS_NOAA21_NRT,,0,,,New / No Local History
27.40758,72.19834,357.08,0.43,0.38,2026-10-07,820,N,VIIRS,l,2.0NRT,314.23,5.11,D,VIIRS_SNPP_NRT,,0,,,New / No Local History
27.40831,72.20263,357.1,0.43,0.38,2026-10-07,820,N,VIIRS,l,2.0NRT,314.5,5.11,D,VIIRS_SNPP_NRT,,0,,,New / No Local History
27.41103,72.19759,349.18,0.43,0.38,2026-10-07,820,N,VIIRS,n,2.0NRT,314.9,5.11,D,VIIRS_SNPP_NRT,,0,,,New / No Local History
27.41176,72.20187,355.29,0.43,0.38,2026-10-07,820,N,VIIRS,n,2.0NRT,313.78,5.11,D,VIIRS_SNPP_NRT,,0,,,New / No Local History
23.16606,82.34232,344.99,0.38,0.36,2026-10-07,741,N21,VIIRS,n,2.0NRT,298.36,5.09,D,VIIRS_NOAA21_NRT,1.913076923076923,13,0.02161369988184106,166.0635303578609,Abnormal Increase
23.68543,86.39148,329.15,0.52,0.42,2026-10-07,741,N21,VIIRS,n,2.0NRT,297.13,5.09,D,VIIRS_NOAA21_NRT,3.0147826086956515,92,0.02342082619775784,68.83472743005483,Abnormal Increase
31.40207,74.77271,341.06,0.39,0.36,2026-10-07,822,N,VIIRS,n,2.0NRT,301.09,5.09,D,VIIRS_SNPP_NRT,,0,,,New / No Local History
24.8722,76.93431,339.24,0.53,0.42,2026-10-07,741,N21,VIIRS,n,2.0NRT,309.32,5.08,D,VIIRS_NOAA21_NRT,,0,,,New / No Local History
14.50237,77.64665,340.87,0.46,0.47,2026-10-07,835,N20,VIIRS,n,2.0NRT,297.28,5.08,D,VIIRS_NOAA20_NRT,,0,,,New / No Local History
21.10176,72.63322,329.84,0.46,0.39,2026-10-07,2108,N20,VIIRS,n,2.0NRT,297.73,5.08,N,VIIRS_NOAA20_NRT,4.892614379084967,153,0.03532455008005068,3.8299691411624917,Persistent / Stable
20.96342,85.18501,334.77,0.43,0.38,2026-10-07,741,N21,VIIRS,n,2.0NRT,301.36,5.07,D,VIIRS_NOAA21_NRT,3.595436893203883,103,0.004963126698875774,41.01207031566443,Persistent / Stable
22.20897,84.86016,333.13,0.43,0.38,2026-10-07,741,N21,VIIRS,l,2.0NRT,303.9,5.06,D,VIIRS_NOAA21_NRT,2.2799999999999994,27,0.01720440543481329,121.92982456140355,Abnormal Increase
23.34815,75.21173,337.98,0.47,0.47,2026-10-07,741,N21,VIIRS,n,2.0NRT,309.69,5.06,D,VIIRS_NOAA21_NRT,,0,,,New / No Local History
23.55988,87.23315,328.69,0.53,0.42,2026-10-07,2010,N21,VIIRS,n,2.0NRT,291.71,5.06,N,VIIRS_NOAA21_NRT,2.9255263157894738,38,0.08561852199320394,72.96033102455696,Abnormal Increase
20.78571,85.2636,304.27,0.35,0.57,2026-10-07,1925,N20,VIIRS,n,2.0NRT,291.35,5.05,N,VIIRS_NOAA20_NRT,4.153833333333335,60,0.01171176956741973,21.57444930385583,Persistent / Stable
23.80273,86.32919,325.04,0.48,0.4,2026-10-07,2010,N21,VIIRS,n,2.0NRT,293.02,5.03,N,VIIRS_NOAA21_NRT,2.3932203389830526,59,0.008707937143831241,110.17705382436247,Abnormal Increase
15.3369,76.27736,345.76,0.39,0.44,2026-10-07,835,N20,VIIRS,n,2.0NRT,310.24,5.02,D,VIIRS_NOAA20_NRT,1.33375,32,0.008787073596748235,276.3823805060918,Abnormal Increase
10.94871,79.81425,333.86,0.39,0.44,2026-10-07,737,N21,VIIRS,n,2.0NRT,298.78,4.98,D,VIIRS_NOAA21_NRT,,0,,,New / No Local History
16.82666,75.46597,341.73,0.6,0.53,2026-10-07,739,N21,VIIRS,n,2.0NRT,311.56,4.98,D,VIIRS_NOAA21_NRT,,0,,,New / No Local History
18.8638,77.839,344.51,0.39,0.36,2026-10-07,818,N,VIIRS,n,2.0NRT,308.34,4.98,D,VIIRS_SNPP_NRT,,0,,,New / No Local History
22.57192,77.25431,350.66,0.39,0.36,2026-10-07,818,N,VIIRS,n,2.0NRT,308.19,4.98,D,VIIRS_SNPP_NRT,,0,,,New / No Local History
22.57527,77.25375,339.49,0.39,0.36,2026-10-07,818,N,VIIRS,n,2.0NRT,305.97,4.98,D,VIIRS_SNPP_NRT,,0,,,New / No Local History
15.17676,76.67664,323.06,0.5,0.41,2026-10-07,2012,N21,VIIRS,n,2.0NRT,292.85,4.97,N,VIIRS_NOAA21_NRT,2.3676190476190477,168,0.007936934976378925,109.91552695092517,Abnormal Increase
15.62529,78.11893,341.76,0.38,0.36,2026-10-07,816,N,VIIRS,n,2.0NRT,310.87,4.95,D,VIIRS_SNPP_NRT,,0,,,New / No Local History
22.53669,76.94299,333.32,0.57,0.43,2026-10-07,741,N21,VIIRS,l,2.0NRT,308.15,4.93,D,VIIRS_NOAA21_NRT,,0,,,New / No Local History
14.07194,76.2309,330.22,0.55,0.43,2026-10-07,835,N20,VIIRS,l,2.0NRT,301.26,4.91,D,VIIRS_NOAA20_NRT,,0,,,New / No Local History
15.52656,73.99458,333.08,0.49,0.4,2026-10-07,816,N,VIIRS,l,2.0NRT,306.61,4.91,D,VIIRS_SNPP_NRT,0.58,1,0.403930899030768,746.5517241379312,Abnormal Increase
17.60989,83.20499,343.33,0.38,0.36,2026-10-07,739,N21,VIIRS,n,2.0NRT,303.78,4.87,D,VIIRS_NOAA21_NRT,2.7028571428571433,35,0.029675798521951926,80.17970401691329,Abnormal Increase
20.96733,85.17567,329.22,0.32,0.54,2026-10-07,818,N,VIIRS,n,2.0NRT,295.36,4.87,D,VIIRS_SNPP_NRT,3.5795412844036694,109,0.02003499115765066,36.05095214906325,Persistent / Stable
25.13193,77.70123,336.59,0.42,0.38,2026-10-07,820,N,VIIRS,l,2.0NRT,307.87,4.87,D,VIIRS_SNPP_NRT,,0,,,New / No Local History
29.52773,74.17687,330.5,0.43,0.46,2026-10-07,839,N20,VIIRS,n,2.0NRT,300.12,4.84,D,VIIRS_NOAA20_NRT,,0,,,New / No Local History
23.208,76.02421,341.63,0.42,0.45,2026-10-07,741,N21,VIIRS,n,2.0NRT,312.15,4.83,D,VIIRS_NOAA21_NRT,,0,,,New / No Local History
13.35536,80.04942,338.15,0.41,0.37,2026-10-07,816,N,VIIRS,n,2.0NRT,301.38,4.83,D,VIIRS_SNPP_NRT,,0,,,New / No Local History
14.07154,76.22809,332.74,0.56,0.43,2026-10-07,835,N20,VIIRS,n,2.0NRT,301.5,4.82,D,VIIRS_NOAA20_NRT,,0,,,New / No Local History
31.12748,74.69012,336.11,0.49,0.48,2026-10-07,839,N20,VIIRS,n,2.0NRT,297.66,4.82,D,VIIRS_NOAA20_NRT,11.805,2,0.012723269833762575,-59.1698432867429,Persistent / Reduced
10.598,77.88769,334.49,0.39,0.36,2026-10-07,816,N,VIIRS,n,2.0NRT,297.54,4.76,D,VIIRS_SNPP_NRT,,0,,,New / No Local History
23.64861,78.24293,336.88,0.42,0.38,2026-10-07,820,N,VIIRS,n,2.0NRT,306.42,4.74,D,VIIRS_SNPP_NRT,,0,,,New / No Local History
15.18381,76.66747,335.67,0.39,0.37,2026-10-07,816,N,VIIRS,n,2.0NRT,299.03,4.73,D,VIIRS_SNPP_NRT,2.4380701754385976,228,0.018244483501647073,94.00590055407635,Abnormal Increase
18.84323,78.25611,338.05,0.4,0.37,2026-10-07,818,N,VIIRS,n,2.0NRT,304.29,4.72,D,VIIRS_SNPP_NRT,,0,,,New / No Local History
28.27134,77.24106,344.26,0.43,0.38,2026-10-07,820,N,VIIRS,n,2.0NRT,305.14,4.72,D,VIIRS_SNPP_NRT,,0,,,New / No Local History
19.39457,76.9298,330.53,0.48,0.48,2026-10-07,837,N20,VIIRS,l,2.0NRT,300.63,4.71,D,VIIRS_NOAA20_NRT,,0,,,New / No Local History
20.71286,73.08111,332.78,0.45,0.39,2026-10-07,837,N20,VIIRS,n,2.0NRT,302.49,4.71,D,VIIRS_NOAA20_NRT,,0,,,New / No Local History
18.78237,78.53569,334.98,0.4,0.37,2026-10-07,818,N,VIIRS,n,2.0NRT,304.82,4.71,D,VIIRS_SNPP_NRT,,0,,,New / No Local History
22.7347,77.22128,335.15,0.55,0.43,2026-10-07,741,N21,VIIRS,l,2.0NRT,307.84,4.7,D,VIIRS_NOAA21_NRT,,0,,,New / No Local History
27.11374,72.09019,349.55,0.43,0.38,2026-10-07,820,N,VIIRS,n,2.0NRT,315.16,4.7,D,VIIRS_SNPP_NRT,,0,,,New / No Local History
27.11721,72.08945,343.08,0.43,0.38,2026-10-07,820,N,VIIRS,l,2.0NRT,315.04,4.7,D,VIIRS_SNPP_NRT,,0,,,New / No Local History
29.42352,78.52497,340.83,0.4,0.37,2026-10-07,744,N21,VIIRS,n,2.0NRT,296.9,4.69,D,VIIRS_NOAA21_NRT,,0,,,New / No Local History
21.33683,78.96978,328.05,0.45,0.39,2026-10-07,2010,N21,VIIRS,n,2.0NRT,296.46,4.69,N,VIIRS_NOAA21_NRT,1.755384615384615,13,0.014870948161615615,167.1779141104295,Abnormal Increase
18.68072,73.03326,309.58,0.62,0.54,2026-10-07,2012,N21,VIIRS,n,2.0NRT,293.89,4.69,N,VIIRS_NOAA21_NRT,2.2831999999999995,50,0.001570185419986798,105.41345480028038,Abnormal Increase
27.11298,72.08587,341.58,0.43,0.38,2026-10-07,820,N,VIIRS,l,2.0NRT,315.7,4.69,D,VIIRS_SNPP_NRT,,0,,,New / No Local History
27.87953,77.54556,336.22,0.45,0.39,2026-10-07,744,N21,VIIRS,n,2.0NRT,303.85,4.68,D,VIIRS_NOAA21_NRT,,0,,,New / No Local History
20.69633,78.63895,335.14,0.42,0.37,2026-10-07,818,N,VIIRS,l,2.0NRT,308.36,4.68,D,VIIRS_SNPP_NRT,1.468,5,0.026060731153937464,218.8010899182561,Abnormal Increase
23.8044,86.32858,329.5,0.41,0.6,2026-10-07,818,N,VIIRS,n,2.0NRT,293.85,4.68,D,VIIRS_SNPP_NRT,2.4138596491228084,57,0.012249915314535223,93.88036921287872,Abnormal Increase
31.95203,74.97358,332.46,0.51,0.41,2026-10-07,744,N21,VIIRS,n,2.0NRT,299.45,4.65,D,VIIRS_NOAA21_NRT,,0,,,New / No Local History
14.62079,75.39613,335.99,0.51,0.41,2026-10-07,835,N20,VIIRS,n,2.0NRT,302.71,4.62,D,VIIRS_NOAA20_NRT,,0,,,New / No Local History
22.41661,69.03922,343.73,0.39,0.36,2026-10-07,837,N20,VIIRS,n,2.0NRT,311.7,4.62,D,VIIRS_NOAA20_NRT,1.8337500000000002,8,0.030839152686461854,151.94274028629854,Abnormal Increase
26.17732,75.85731,335.8,0.5,0.49,2026-10-07,839,N20,VIIRS,l,2.0NRT,309.81,4.62,D,VIIRS_NOAA20_NRT,,0,,,New / No Local History
29.90961,74.94949,324.78,0.63,0.54,2026-10-07,2008,N21,VIIRS,n,2.0NRT,293.91,4.61,N,VIIRS_NOAA21_NRT,5.178095238095237,21,0.009662409952250376,-10.97112378149712,Persistent / Stable
27.38981,72.21997,349.13,0.43,0.38,2026-10-07,820,N,VIIRS,n,2.0NRT,314.04,4.6,D,VIIRS_SNPP_NRT,,0,,,New / No Local History
27.39326,72.21922,349.94,0.43,0.38,2026-10-07,820,N,VIIRS,n,2.0NRT,314.46,4.6,D,VIIRS_SNPP_NRT,,0,,,New / No Local History
15.74036,77.75137,330.83,0.44,0.46,2026-10-07,739,N21,VIIRS,l,2.0NRT,302.96,4.59,D,VIIRS_NOAA21_NRT,,0,,,New / No Local History
18.92669,78.42744,338.84,0.4,0.37,2026-10-07,818,N,VIIRS,n,2.0NRT,305.84,4.59,D,VIIRS_SNPP_NRT,,0,,,New / No Local History
18.93005,78.4269,338.39,0.4,0.37,2026-10-07,818,N,VIIRS,n,2.0NRT,303.55,4.59,D,VIIRS_SNPP_NRT,,0,,,New / No Local History
23.76536,86.40282,327.13,0.41,0.61,2026-10-07,818,N,VIIRS,n,2.0NRT,293.38,4.59,D,VIIRS_SNPP_NRT,2.158924050632911,158,0.0030569256536535578,112.6059042537598,Abnormal Increase
23.02933,75.27037,339.2,0.39,0.36,2026-10-07,820,N,VIIRS,l,2.0NRT,311.33,4.58,D,VIIRS_SNPP_NRT,,0,,,New / No Local History
21.76352,84.02029,338.08,0.4,0.37,2026-10-07,741,N21,VIIRS,n,2.0NRT,303.44,4.54,D,VIIRS_NOAA21_NRT,2.5425,24,0.010350537925464916,78.56440511307768,Abnormal Increase
21.76407,84.02418,336.77,0.4,0.37,2026-10-07,741,N21,VIIRS,n,2.0NRT,302.31,4.54,D,VIIRS_NOAA21_NRT,2.5425,24,0.0620764413948579,78.56440511307768,Abnormal Increase
21.76689,84.01974,332.37,0.4,0.37,2026-10-07,741,N21,VIIRS,l,2.0NRT,303.14,4.54,D,VIIRS_NOAA21_NRT,2.5425,24,0.00714929663022939,78.56440511307768,Abnormal Increase
23.80139,86.3297,332.26,0.52,0.42,2026-10-07,741,N21,VIIRS,n,2.0NRT,298.56,4.54,D,VIIRS_NOAA21_NRT,2.3396721311475424,61,0.003731687913067557,94.04428251121065,Abnormal Increase
23.8052,86.32914,330.26,0.52,0.42,2026-10-07,741,N21,VIIRS,n,2.0NRT,299.1,4.54,D,VIIRS_NOAA21_NRT,2.3932203389830526,59,0.00804268415106868,89.70254957507068,Abnormal Increase
9.86047,78.07657,331.22,0.42,0.45,2026-10-07,835,N20,VIIRS,n,2.0NRT,298.37,4.54,D,VIIRS_NOAA20_NRT,3.6449999999999996,2,0.7607525082168881,24.55418381344309,Persistent / Stable
25.84628,76.41676,347.42,0.39,0.36,2026-10-07,820,N,VIIRS,n,2.0NRT,313.15,4.54,D,VIIRS_SNPP_NRT,,0,,,New / No Local History
14.0722,76.23153,334.3,0.41,0.37,2026-10-07,816,N,VIIRS,n,2.0NRT,303.06,4.53,D,VIIRS_SNPP_NRT,,0,,,New / No Local History
18.13236,74.43147,339.42,0.49,0.41,2026-10-07,837,N20,VIIRS,n,2.0NRT,305.34,4.5,D,VIIRS_NOAA20_NRT,,0,,,New / No Local History
31.55656,75.06023,332.86,0.52,0.5,2026-10-07,839,N20,VIIRS,n,2.0NRT,297.35,4.5,D,VIIRS_NOAA20_NRT,,0,,,New / No Local History
25.19666,78.43423,337.32,0.44,0.39,2026-10-07,741,N21,VIIRS,n,2.0NRT,304.05,4.49,D,VIIRS_NOAA21_NRT,,0,,,New / No Local History
17.77914,75.07703,337.36,0.53,0.42,2026-10-07,837,N20,VIIRS,n,2.0NRT,307.05,4.49,D,VIIRS_NOAA20_NRT,,0,,,New / No Local History
10.92669,78.49996,335.23,0.38,0.36,2026-10-07,816,N,VIIRS,n,2.0NRT,300.36,4.47,D,VIIRS_SNPP_NRT,3.31,6,0.17032124820358757,35.0453172205438,Persistent / Stable
18.8383,78.44556,332.19,0.4,0.37,2026-10-07,818,N,VIIRS,l,2.0NRT,304.93,4.47,D,VIIRS_SNPP_NRT,,0,,,New / No Local History
16.59598,80.71703,330.59,0.45,0.39,2026-10-07,739,N21,VIIRS,n,2.0NRT,299.85,4.44,D,VIIRS_NOAA21_NRT,,0,,,New / No Local History
23.48897,76.63536,337.88,0.38,0.43,2026-10-07,741,N21,VIIRS,l,2.0NRT,309.81,4.43,D,VIIRS_NOAA21_NRT,,0,,,New / No Local History
18.7513,78.75546,331.71,0.41,0.37,2026-10-07,818,N,VIIRS,n,2.0NRT,301.15,4.43,D,VIIRS_SNPP_NRT,,0,,,New / No Local History
18.7547,78.75492,334.41,0.41,0.37,2026-10-07,818,N,VIIRS,n,2.0NRT,301.69,4.43,D,VIIRS_SNPP_NRT,,0,,,New / No Local History
28.29624,77.38297,335.02,0.45,0.39,2026-10-07,744,N21,VIIRS,n,2.0NRT,304.85,4.42,D,VIIRS_NOAA21_NRT,,0,,,New / No Local History
21.27259,72.95258,342.1,0.45,0.39,2026-10-07,837,N20,VIIRS,n,2.0NRT,308.9,4.41,D,VIIRS_NOAA20_NRT,,0,,,New / No Local History
15.17559,76.65779,320.38,0.5,0.41,2026-10-07,2012,N21,VIIRS,n,2.0NRT,294.03,4.4,N,VIIRS_NOAA21_NRT,2.528920187793428,213,0.002880670173192588,73.9873018230423,Abnormal Increase
27.28333,72.08579,348.75,0.43,0.38,2026-10-07,820,N,VIIRS,n,2.0NRT,313.95,4.4,D,VIIRS_SNPP_NRT,,0,,,New / No Local History
10.04431,79.12309,339.28,0.38,0.36,2026-10-07,816,N,VIIRS,n,2.0NRT,303.55,4.39,D,VIIRS_SNPP_NRT,,0,,,New / No Local History
21.74682,83.9755,330.96,0.4,0.37,2026-10-07,741,N21,VIIRS,l,2.0NRT,302.94,4.38,D,VIIRS_NOAA21_NRT,1.94,1,0.11470636768630485,125.77319587628865,Abnormal Increase
18.83033,78.48547,342.24,0.4,0.37,2026-10-07,818,N,VIIRS,n,2.0NRT,306.62,4.38,D,VIIRS_SNPP_NRT,,0,,,New / No Local History
22.56991,77.25498,330.21,0.55,0.51,2026-10-07,837,N20,VIIRS,l,2.0NRT,301.98,4.37,D,VIIRS_NOAA20_NRT,,0,,,New / No Local History
20.96839,86.01136,334.61,0.36,0.57,2026-10-07,818,N,VIIRS,n,2.0NRT,299.47,4.37,D,VIIRS_SNPP_NRT,3.696599999999998,50,0.02722570228643379,18.216739706757632,Persistent / Stable
20.96873,86.01492,333.04,0.36,0.57,2026-10-07,818,N,VIIRS,n,2.0NRT,299.16,4.37,D,VIIRS_SNPP_NRT,3.696599999999998,50,0.036478517449358656,18.216739706757632,Persistent / Stable
21.7622,83.84912,325.55,0.4,0.37,2026-10-07,2010,N21,VIIRS,n,2.0NRT,293.89,4.35,N,VIIRS_NOAA21_NRT,4.770121951219512,82,0.0012151662053814642,-8.807362904256676,Persistent / Stable
31.46113,74.83475,331.81,0.53,0.42,2026-10-07,744,N21,VIIRS,n,2.0NRT,298.9,4.34,D,VIIRS_NOAA21_NRT,,0,,,New / No Local History
11.0383,79.82059,341.45,0.39,0.44,2026-10-07,737,N21,VIIRS,n,2.0NRT,301.21,4.32,D,VIIRS_NOAA21_NRT,,0,,,New / No Local History
24.55332,75.2729,334.4,0.44,0.46,2026-10-07,741,N21,VIIRS,l,2.0NRT,306.27,4.32,D,VIIRS_NOAA21_NRT,,0,,,New / No Local History
20.96894,85.15237,328.37,0.46,0.39,2026-10-07,2010,N21,VIIRS,n,2.0NRT,295.32,4.32,N,VIIRS_NOAA21_NRT,3.3646875000000005,64,0.03426667568445649,28.392309835608792,Persistent / Stable
27.03576,72.26681,344.48,0.43,0.38,2026-10-07,820,N,VIIRS,n,2.0NRT,313.59,4.32,D,VIIRS_SNPP_NRT,,0,,,New / No Local History
26.05046,75.67398,338.73,0.39,0.44,2026-10-07,744,N21,VIIRS,l,2.0NRT,309.44,4.31,D,VIIRS_NOAA21_NRT,,0,,,New / No Local History
22.4174,69.03989,337.51,0.39,0.36,2026-10-07,2108,N20,VIIRS,n,2.0NRT,298.34,4.31,N,VIIRS_NOAA20_NRT,1.8337500000000002,8,0.01233558692150916,135.03749147920922,Abnormal Increase
21.10375,72.63381,333.08,0.38,0.58,2026-10-07,741,N21,VIIRS,n,2.0NRT,300.3,4.3,D,VIIRS_NOAA21_NRT,4.870454545454545,154,0.004157144158013787,-11.712552496500232,Persistent / Stable
27.39476,78.58557,339.6,0.42,0.37,2026-10-07,744,N21,VIIRS,n,2.0NRT,298.94,4.3,D,VIIRS_NOAA21_NRT,,0,,,New / No Local History
16.52192,75.93202,347.2,0.4,0.37,2026-10-07,818,N,VIIRS,n,2.0NRT,307.81,4.3,D,VIIRS_SNPP_NRT,,0,,,New / No Local History
18.87168,78.07608,330.14,0.39,0.36,2026-10-07,818,N,VIIRS,l,2.0NRT,303.27,4.3,D,VIIRS_SNPP_NRT,,0,,,New / No Local History
14.51207,78.29173,330.8,0.43,0.46,2026-10-07,739,N21,VIIRS,n,2.0NRT,300.1,4.29,D,VIIRS_NOAA21_NRT,,0,,,New / No Local History
20.95048,86.04311,329.26,0.5,0.41,2026-10-07,2010,N21,VIIRS,n,2.0NRT,294.61,4.29,N,VIIRS_NOAA21_NRT,3.505925925925927,27,0.0022606123975046776,22.364251003591765,Persistent / Stable
21.74642,83.84132,336.53,0.53,0.5,2026-10-07,818,N,VIIRS,n,2.0NRT,300.95,4.29,D,VIIRS_SNPP_NRT,4.736385542168675,83,0.012470169613990063,-9.424603174603172,Persistent / Stable
24.14961,77.56783,330.13,0.41,0.37,2026-10-07,820,N,VIIRS,l,2.0NRT,303.7,4.28,D,VIIRS_SNPP_NRT,,0,,,New / No Local History
20.96607,86.01241,323.04,0.38,0.59,2026-10-07,2049,N,VIIRS,n,2.0NRT,291.88,4.28,N,VIIRS_SNPP_NRT,3.830652173913042,46,0.005117433372861572,11.730321775154696,Persistent / Stable
23.77463,86.36499,328.93,0.52,0.42,2026-10-07,741,N21,VIIRS,n,2.0NRT,297.86,4.26,D,VIIRS_NOAA21_NRT,1.968269230769231,52,0.014833943843840309,116.4338055691255,Abnormal Increase
25.55572,79.09652,339.77,0.42,0.38,2026-10-07,741,N21,VIIRS,n,2.0NRT,300.87,4.26,D,VIIRS_NOAA21_NRT,,0,,,New / No Local History
25.55843,79.09173,353.28,0.42,0.38,2026-10-07,741,N21,VIIRS,n,2.0NRT,302.0,4.26,D,VIIRS_NOAA21_NRT,,0,,,New / No Local History
25.55913,79.09583,339.78,0.42,0.38,2026-10-07,741,N21,VIIRS,n,2.0NRT,300.83,4.26,D,VIIRS_NOAA21_NRT,,0,,,New / No Local History
27.65231,77.35904,337.86,0.46,0.39,2026-10-07,744,N21,VIIRS,l,2.0NRT,310.99,4.25,D,VIIRS_NOAA21_NRT,,0,,,New / No Local History
23.73833,86.43566,325.12,0.48,0.4,2026-10-07,2010,N21,VIIRS,n,2.0NRT,292.41,4.25,N,VIIRS_NOAA21_NRT,2.3699999999999997,94,0.04071963090501606,79.32489451476796,Abnormal Increase
16.42421,75.92729,337.25,0.57,0.43,2026-10-07,835,N20,VIIRS,l,2.0NRT,309.43,4.25,D,VIIRS_NOAA20_NRT,,0,,,New / No Local History
20.94718,86.04828,328.81,0.34,0.56,2026-10-07,659,N20,VIIRS,n,2.0NRT,296.88,4.24,D,VIIRS_NOAA20_NRT,3.456785714285715,28,0.028218361847134988,22.65729930777971,Persistent / Stable
18.92153,78.46307,341.14,0.4,0.37,2026-10-07,818,N,VIIRS,n,2.0NRT,303.8,4.24,D,VIIRS_SNPP_NRT,,0,,,New / No Local History
27.30439,72.14085,349.21,0.43,0.38,2026-10-07,820,N,VIIRS,n,2.0NRT,314.07,4.23,D,VIIRS_SNPP_NRT,,0,,,New / No Local History
21.98039,83.24012,329.48,0.39,0.36,2026-10-07,741,N21,VIIRS,l,2.0NRT,302.41,4.22,D,VIIRS_NOAA21_NRT,2.5444444444444443,9,0.037309204676201566,65.85152838427948,Abnormal Increase
16.89236,78.13446,332.49,0.39,0.36,2026-10-07,818,N,VIIRS,l,2.0NRT,305.54,4.22,D,VIIRS_SNPP_NRT,,0,,,New / No Local History
21.68766,76.599,340.44,0.38,0.36,2026-10-07,818,N,VIIRS,n,2.0NRT,306.89,4.21,D,VIIRS_SNPP_NRT,,0,,,New / No Local History
16.87269,80.02412,306.72,0.38,0.44,2026-10-07,2046,N,VIIRS,n,2.0NRT,294.02,4.2,N,VIIRS_SNPP_NRT,1.9516666666666664,6,0.10960813387845636,115.20068317677203,Abnormal Increase
20.7937,85.25484,326.36,0.46,0.39,2026-10-07,2010,N21,VIIRS,n,2.0NRT,295.24,4.19,N,VIIRS_NOAA21_NRT,4.153833333333335,60,0.0028722620205618847,0.8706816996348488,Persistent / Stable
22.57148,77.25206,331.67,0.55,0.51,2026-10-07,837,N20,VIIRS,l,2.0NRT,303.38,4.19,D,VIIRS_NOAA20_NRT,,0,,,New / No Local History
27.74846,77.55301,330.7,0.33,0.55,2026-10-07,839,N20,VIIRS,n,2.0NRT,299.92,4.19,D,VIIRS_NOAA20_NRT,,0,,,New / No Local History
27.74875,77.55639,367.0,0.33,0.55,2026-10-07,839,N20,VIIRS,h,2.0NRT,300.02,4.19,D,VIIRS_NOAA20_NRT,,0,,,New / No Local History
26.33946,77.67475,340.41,0.43,0.38,2026-10-07,820,N,VIIRS,n,2.0NRT,308.12,4.19,D,VIIRS_SNPP_NRT,,0,,,New / No Local History
25.20091,78.43785,336.74,0.44,0.39,2026-10-07,741,N21,VIIRS,n,2.0NRT,304.56,4.14,D,VIIRS_NOAA21_NRT,,0,,,New / No Local History
25.20441,78.43712,342.29,0.44,0.39,2026-10-07,741,N21,VIIRS,n,2.0NRT,304.02,4.14,D,VIIRS_NOAA21_NRT,,0,,,New / No Local History
25.20516,78.44147,339.02,0.44,0.39,2026-10-07,741,N21,VIIRS,n,2.0NRT,303.37,4.14,D,VIIRS_NOAA21_NRT,,0,,,New / No Local History
23.06936,76.84219,333.04,0.39,0.36,2026-10-07,820,N,VIIRS,l,2.0NRT,307.9,4.14,D,VIIRS_SNPP_NRT,,0,,,New / No Local History
14.92776,75.55183,331.98,0.43,0.38,2026-10-07,816,N,VIIRS,l,2.0NRT,305.37,4.12,D,VIIRS_SNPP_NRT,,0,,,New / No Local History
24.50239,73.68558,337.45,0.53,0.42,2026-10-07,839,N20,VIIRS,n,2.0NRT,309.35,4.11,D,VIIRS_NOAA20_NRT,,0,,,New / No Local History
18.68998,78.38094,338.42,0.4,0.37,2026-10-07,818,N,VIIRS,n,2.0NRT,304.2,4.11,D,VIIRS_SNPP_NRT,,0,,,New / No Local History
11.43459,77.51595,321.87,0.5,0.41,2026-10-07,2049,N,VIIRS,n,2.0NRT,281.14,4.11,N,VIIRS_SNPP_NRT,,0,,,New / No Local History
25.00902,76.89709,341.62,0.56,0.51,2026-10-07,839,N20,VIIRS,n,2.0NRT,305.06,4.07,D,VIIRS_NOAA20_NRT,,0,,,New / No Local History
28.00392,77.69487,351.45,0.34,0.56,2026-10-07,839,N20,VIIRS,n,2.0NRT,300.08,4.07,D,VIIRS_NOAA20_NRT,,0,,,New / No Local History
11.48411,77.24403,337.58,0.39,0.44,2026-10-07,837,N20,VIIRS,n,2.0NRT,297.17,4.06,D,VIIRS_NOAA20_NRT,,0,,,New / No Local History
19.38283,74.57294,343.8,0.42,0.38,2026-10-07,818,N,VIIRS,n,2.0NRT,306.36,4.06,D,VIIRS_SNPP_NRT,,0,,,New / No Local History
12.53773,80.15834,334.88,0.53,0.42,2026-10-07,739,N21,VIIRS,n,2.0NRT,300.45,4.05,D,VIIRS_NOAA21_NRT,,0,,,New / No Local History
22.17716,75.43599,333.4,0.42,0.45,2026-10-07,837,N20,VIIRS,l,2.0NRT,305.22,4.05,D,VIIRS_NOAA20_NRT,,0,,,New / No Local History
16.72378,77.33218,332.26,0.45,0.47,2026-10-07,739,N21,VIIRS,n,2.0NRT,298.79,4.04,D,VIIRS_NOAA21_NRT,,0,,,New / No Local History
22.35264,77.2713,344.66,0.39,0.36,2026-10-07,818,N,VIIRS,n,2.0NRT,309.54,4.04,D,VIIRS_SNPP_NRT,,0,,,New / No Local History
16.81164,74.50633,333.23,0.48,0.4,2026-10-07,837,N20,VIIRS,n,2.0NRT,307.36,4.02,D,VIIRS_NOAA20_NRT,,0,,,New / No Local History
22.43104,77.2244,335.74,0.55,0.51,2026-10-07,837,N20,VIIRS,l,2.0NRT,309.05,4.02,D,VIIRS_NOAA20_NRT,,0,,,New / No Local History
22.33176,82.60657,335.1,0.39,0.36,2026-10-07,741,N21,VIIRS,n,2.0NRT,302.54,3.98,D,VIIRS_NOAA21_NRT,1.767777777777778,9,0.0032779588760959637,125.14142049025769,Abnormal Increase
13.00605,79.96468,329.49,0.38,0.36,2026-10-07,2014,N21,VIIRS,n,2.0NRT,289.71,3.98,N,VIIRS_NOAA21_NRT,,0,,,New / No Local History
13.90197,80.2057,336.89,0.33,0.55,2026-10-07,835,N20,VIIRS,n,2.0NRT,297.28,3.97,D,VIIRS_NOAA20_NRT,,0,,,New / No Local History
31.72959,74.8701,335.68,0.51,0.49,2026-10-07,839,N20,VIIRS,n,2.0NRT,298.08,3.97,D,VIIRS_NOAA20_NRT,,0,,,New / No Local History
17.60626,83.20171,317.32,0.42,0.37,2026-10-07,2012,N21,VIIRS,n,2.0NRT,294.46,3.96,N,VIIRS_NOAA21_NRT,2.7028571428571433,35,0.013012372246535698,46.51162790697672,Persistent / Stable
22.05614,76.85776,330.0,0.51,0.49,2026-10-07,837,N20,VIIRS,l,2.0NRT,301.69,3.96,D,VIIRS_NOAA20_NRT,,0,,,New / No Local History
27.40559,72.20766,355.96,0.43,0.38,2026-10-07,820,N,VIIRS,n,2.0NRT,314.24,3.96,D,VIIRS_SNPP_NRT,,0,,,New / No Local History
27.40633,72.21194,345.87,0.43,0.38,2026-10-07,820,N,VIIRS,n,2.0NRT,314.72,3.96,D,VIIRS_SNPP_NRT,,0,,,New / No Local History
17.59941,82.79232,331.29,0.65,0.73,2026-10-07,657,N20,VIIRS,n,2.0NRT,292.21,3.95,D,VIIRS_NOAA20_NRT,,0,,,New / No Local History
23.31116,69.02483,346.44,0.57,0.69,2026-10-07,741,N21,VIIRS,n,2.0NRT,304.63,3.94,D,VIIRS_NOAA21_NRT,,0,,,New / No Local History
31.63316,74.62996,333.26,0.54,0.42,2026-10-07,744,N21,VIIRS,n,2.0NRT,299.48,3.94,D,VIIRS_NOAA21_NRT,,0,,,New / No Local History
14.88527,75.32943,340.23,0.51,0.41,2026-10-07,835,N20,VIIRS,n,2.0NRT,309.75,3.94,D,VIIRS_NOAA20_NRT,,0,,,New / No Local History
23.14715,79.4453,334.18,0.43,0.38,2026-10-07,741,N21,VIIRS,l,2.0NRT,305.1,3.93,D,VIIRS_NOAA21_NRT,,0,,,New / No Local History
27.9979,77.82426,335.39,0.44,0.38,2026-10-07,744,N21,VIIRS,n,2.0NRT,302.79,3.93,D,VIIRS_NOAA21_NRT,,0,,,New / No Local History
21.91988,83.35136,319.84,0.5,0.49,2026-10-07,2046,N,VIIRS,n,2.0NRT,292.18,3.93,N,VIIRS_SNPP_NRT,2.8140740740740737,27,0.013926038321230736,39.655172413793125,Persistent / Stable
23.21066,79.57317,330.45,0.42,0.38,2026-10-07,741,N21,VIIRS,l,2.0NRT,302.17,3.92,D,VIIRS_NOAA21_NRT,,0,,,New / No Local History
15.74431,77.72514,332.28,0.44,0.46,2026-10-07,739,N21,VIIRS,l,2.0NRT,303.21,3.91,D,VIIRS_NOAA21_NRT,,0,,,New / No Local History
27.59291,72.23948,340.76,0.42,0.38,2026-10-07,820,N,VIIRS,l,2.0NRT,313.07,3.91,D,VIIRS_SNPP_NRT,,0,,,New / No Local History
25.4379,86.06689,330.48,0.53,0.42,2026-10-07,741,N21,VIIRS,n,2.0NRT,298.71,3.89,D,VIIRS_NOAA21_NRT,,0,,,New / No Local History
25.94126,79.68143,347.25,0.4,0.37,2026-10-07,741,N21,VIIRS,n,2.0NRT,301.6,3.89,D,VIIRS_NOAA21_NRT,,0,,,New / No Local History
25.94461,79.68076,336.7,0.4,0.37,2026-10-07,741,N21,VIIRS,n,2.0NRT,300.43,3.89,D,VIIRS_NOAA21_NRT,,0,,,New / No Local History
25.94525,79.68472,341.73,0.4,0.37,2026-10-07,741,N21,VIIRS,n,2.0NRT,299.8,3.89,D,VIIRS_NOAA21_NRT,,0,,,New / No Local History
27.39451,72.20564,347.26,0.43,0.38,2026-10-07,820,N,VIIRS,n,2.0NRT,315.33,3.89,D,VIIRS_SNPP_NRT,,0,,,New / No Local History
27.39723,72.20061,348.28,0.43,0.38,2026-10-07,820,N,VIIRS,n,2.0NRT,315.76,3.89,D,VIIRS_SNPP_NRT,,0,,,New / No Local History
27.39796,72.20489,356.92,0.43,0.38,2026-10-07,820,N,VIIRS,l,2.0NRT,314.49,3.89,D,VIIRS_SNPP_NRT,,0,,,New / No Local History
21.24985,79.2103,330.83,0.46,0.39,2026-10-07,741,N21,VIIRS,l,2.0NRT,305.28,3.87,D,VIIRS_NOAA21_NRT,1.19375,8,0.06632638711070964,224.18848167539264,Abnormal Increase
27.52572,77.52589,336.73,0.45,0.39,2026-10-07,744,N21,VIIRS,n,2.0NRT,306.28,3.86,D,VIIRS_NOAA21_NRT,,0,,,New / No Local History
18.86731,78.39831,336.49,0.4,0.37,2026-10-07,818,N,VIIRS,n,2.0NRT,303.97,3.86,D,VIIRS_SNPP_NRT,,0,,,New / No Local History
24.975,76.69147,341.69,0.39,0.36,2026-10-07,820,N,VIIRS,n,2.0NRT,309.65,3.84,D,VIIRS_SNPP_NRT,,0,,,New / No Local History
27.59781,72.24724,346.72,0.42,0.38,2026-10-07,820,N,VIIRS,n,2.0NRT,312.87,3.84,D,VIIRS_SNPP_NRT,,0,,,New / No Local History
27.59854,72.25149,352.29,0.42,0.38,2026-10-07,820,N,VIIRS,n,2.0NRT,313.8,3.84,D,VIIRS_SNPP_NRT,,0,,,New / No Local History
27.60198,72.25075,346.04,0.42,0.38,2026-10-07,820,N,VIIRS,n,2.0NRT,313.29,3.84,D,VIIRS_SNPP_NRT,,0,,,New / No Local History
27.60615,72.25425,344.06,0.42,0.38,2026-10-07,820,N,VIIRS,n,2.0NRT,313.44,3.84,D,VIIRS_SNPP_NRT,,0,,,New / No Local History
27.60958,72.2535,350.65,0.42,0.38,2026-10-07,820,N,VIIRS,n,2.0NRT,312.77,3.84,D,VIIRS_SNPP_NRT,,0,,,New / No Local History
23.44061,75.91015,339.26,0.38,0.36,2026-10-07,820,N,VIIRS,l,2.0NRT,312.47,3.83,D,VIIRS_SNPP_NRT,,0,,,New / No Local History
10.93731,79.81985,339.29,0.39,0.44,2026-10-07,737,N21,VIIRS,n,2.0NRT,296.88,3.82,D,VIIRS_NOAA21_NRT,,0,,,New / No Local History
17.64322,75.38452,335.86,0.41,0.37,2026-10-07,818,N,VIIRS,l,2.0NRT,306.3,3.82,D,VIIRS_SNPP_NRT,,0,,,New / No Local History
13.77664,77.61855,334.76,0.49,0.48,2026-10-07,739,N21,VIIRS,n,2.0NRT,296.18,3.81,D,VIIRS_NOAA21_NRT,,0,,,New / No Local History
23.79571,77.90601,333.72,0.49,0.4,2026-10-07,741,N21,VIIRS,l,2.0NRT,307.72,3.81,D,VIIRS_NOAA21_NRT,,0,,,New / No Local History
17.24777,78.38988,337.91,0.39,0.36,2026-10-07,818,N,VIIRS,n,2.0NRT,303.44,3.81,D,VIIRS_SNPP_NRT,,0,,,New / No Local History
27.38908,72.2157,352.36,0.43,0.38,2026-10-07,820,N,VIIRS,n,2.0NRT,313.69,3.81,D,VIIRS_SNPP_NRT,,0,,,New / No Local History
27.3918,72.21067,351.53,0.43,0.38,2026-10-07,820,N,VIIRS,n,2.0NRT,313.95,3.81,D,VIIRS_SNPP_NRT,,0,,,New / No Local History
27.39253,72.21495,355.73,0.43,0.38,2026-10-07,820,N,VIIRS,n,2.0NRT,313.54,3.81,D,VIIRS_SNPP_NRT,,0,,,New / No Local History
22.7838,75.82207,341.9,0.38,0.36,2026-10-07,820,N,VIIRS,n,2.0NRT,312.99,3.78,D,VIIRS_SNPP_NRT,,0,,,New / No Local History
23.26225,75.3097,333.51,0.46,0.47,2026-10-07,741,N21,VIIRS,l,2.0NRT,307.13,3.77,D,VIIRS_NOAA21_NRT,,0,,,New / No Local History
14.31469,76.31567,332.67,0.57,0.43,2026-10-07,835,N20,VIIRS,n,2.0NRT,301.56,3.77,D,VIIRS_NOAA20_NRT,,0,,,New / No Local History
17.60605,83.20195,331.36,0.38,0.36,2026-10-07,739,N21,VIIRS,l,2.0NRT,302.93,3.76,D,VIIRS_NOAA21_NRT,2.7028571428571433,35,0.004943340539385162,39.11205073995769,Persistent / Stable
18.79054,77.82594,337.11,0.39,0.44,2026-10-07,739,N21,VIIRS,n,2.0NRT,304.66,3.76,D,VIIRS_NOAA21_NRT,,0,,,New / No Local History
22.36554,73.11492,308.06,0.47,0.39,2026-10-07,2108,N20,VIIRS,n,2.0NRT,297.7,3.76,N,VIIRS_NOAA20_NRT,2.35,4,0.27235937866311005,59.999999999999986,Abnormal Increase
9.80407,78.19509,334.35,0.43,0.46,2026-10-07,835,N20,VIIRS,n,2.0NRT,297.1,3.74,D,VIIRS_NOAA20_NRT,,0,,,New / No Local History
29.52751,74.17796,338.88,0.44,0.46,2026-10-07,839,N20,VIIRS,n,2.0NRT,300.08,3.74,D,VIIRS_NOAA20_NRT,,0,,,New / No Local History
28.9737,79.44719,331.89,0.39,0.36,2026-10-07,744,N21,VIIRS,n,2.0NRT,292.95,3.73,D,VIIRS_NOAA21_NRT,,0,,,New / No Local History
16.82287,80.37765,330.56,0.45,0.39,2026-10-07,816,N,VIIRS,n,2.0NRT,299.94,3.73,D,VIIRS_SNPP_NRT,,0,,,New / No Local History
23.24216,75.37008,342.37,0.39,0.36,2026-10-07,820,N,VIIRS,n,2.0NRT,314.09,3.73,D,VIIRS_SNPP_NRT,,0,,,New / No Local History
23.73399,76.7868,340.68,0.39,0.36,2026-10-07,820,N,VIIRS,n,2.0NRT,310.79,3.73,D,VIIRS_SNPP_NRT,,0,,,New / No Local History
21.75418,84.02543,308.97,0.55,0.51,2026-10-07,2046,N,VIIRS,n,2.0NRT,289.78,3.73,N,VIIRS_SNPP_NRT,2.5425,24,0.012478164113224121,46.70599803343166,Persistent / Stable
25.94362,72.18799,322.12,0.55,0.42,2026-10-07,2046,N,VIIRS,n,2.0NRT,297.05,3.73,N,VIIRS_SNPP_NRT,1.6684374999999998,32,0.009254958885493544,123.56246488106389,Abnormal Increase
22.93213,69.69771,340.59,0.38,0.36,2026-10-07,837,N20,VIIRS,l,2.0NRT,311.74,3.72,D,VIIRS_NOAA20_NRT,2.3864,25,0.01753495414876155,55.88333892054978,Abnormal Increase
18.77281,78.39818,341.39,0.4,0.37,2026-10-07,818,N,VIIRS,n,2.0NRT,303.63,3.72,D,VIIRS_SNPP_NRT,,0,,,New / No Local History
20.967,85.17259,332.46,0.32,0.54,2026-10-07,818,N,VIIRS,n,2.0NRT,295.41,3.72,D,VIIRS_SNPP_NRT,3.5596581196581183,117,0.011190179332544653,4.504417979254752,Persistent / Stable
27.41794,72.16614,342.04,0.43,0.38,2026-10-07,820,N,VIIRS,l,2.0NRT,313.31,3.72,D,VIIRS_SNPP_NRT,,0,,,New / No Local History
23.77931,86.21016,323.77,0.47,0.4,2026-10-07,2010,N21,VIIRS,n,2.0NRT,292.18,3.7,N,VIIRS_NOAA21_NRT,3.051874999999999,48,0.0014468526820414463,21.236944501331195,Persistent / Stable
21.92435,83.34673,309.29,0.66,0.73,2026-10-07,2106,N20,VIIRS,n,2.0NRT,287.33,3.7,N,VIIRS_NOAA20_NRT,2.8140740740740737,27,0.025371550964601267,31.481968939194548,Persistent / Stable
18.77828,78.43584,331.11,0.4,0.37,2026-10-07,818,N,VIIRS,l,2.0NRT,305.45,3.69,D,VIIRS_SNPP_NRT,,0,,,New / No Local History
22.70042,76.78998,334.56,0.39,0.36,2026-10-07,818,N,VIIRS,l,2.0NRT,309.12,3.69,D,VIIRS_SNPP_NRT,,0,,,New / No Local History
22.70098,76.79374,337.76,0.39,0.36,2026-10-07,818,N,VIIRS,l,2.0NRT,309.25,3.69,D,VIIRS_SNPP_NRT,,0,,,New / No Local History
18.6804,77.61752,331.35,0.4,0.44,2026-10-07,739,N21,VIIRS,l,2.0NRT,306.0,3.67,D,VIIRS_NOAA21_NRT,,0,,,New / No Local History
22.03776,83.73129,330.04,0.4,0.37,2026-10-07,741,N21,VIIRS,l,2.0NRT,302.6,3.67,D,VIIRS_NOAA21_NRT,1.550909090909091,11,0.04228196109079329,136.63540445486518,Abnormal Increase
11.67445,79.02821,330.16,0.52,0.5,2026-10-07,837,N20,VIIRS,n,2.0NRT,294.59,3.67,D,VIIRS_NOAA20_NRT,,0,,,New / No Local History
25.22962,73.42804,334.0,0.55,0.51,2026-10-07,744,N21,VIIRS,l,2.0NRT,307.05,3.66,D,VIIRS_NOAA21_NRT,,0,,,New / No Local History
28.87032,77.20425,334.2,0.43,0.38,2026-10-07,820,N,VIIRS,n,2.0NRT,301.48,3.66,D,VIIRS_SNPP_NRT,,0,,,New / No Local History
18.84402,77.91667,334.96,0.38,0.44,2026-10-07,739,N21,VIIRS,n,2.0NRT,304.77,3.65,D,VIIRS_NOAA21_NRT,,0,,,New / No Local History
12.55808,76.97843,334.41,0.4,0.37,2026-10-07,816,N,VIIRS,n,2.0NRT,297.19,3.64,D,VIIRS_SNPP_NRT,,0,,,New / No Local History
22.03919,83.72762,332.7,0.53,0.5,2026-10-07,818,N,VIIRS,n,2.0NRT,297.26,3.63,D,VIIRS_SNPP_NRT,1.5490000000000002,10,0.026798680287772103,134.34473854099414,Abnormal Increase
14.61709,75.5239,330.41,0.32,0.55,2026-10-07,739,N21,VIIRS,l,2.0NRT,303.06,3.62,D,VIIRS_NOAA21_NRT,,0,,,New / No Local History
17.59708,82.79118,327.79,0.65,0.73,2026-10-07,657,N20,VIIRS,n,2.0NRT,292.46,3.61,D,VIIRS_NOAA20_NRT,,0,,,New / No Local History
14.88501,77.94583,338.27,0.38,0.36,2026-10-07,816,N,VIIRS,n,2.0NRT,306.1,3.6,D,VIIRS_SNPP_NRT,,0,,,New / No Local History
15.16986,76.66608,335.16,0.39,0.37,2026-10-07,816,N,VIIRS,n,2.0NRT,297.4,3.6,D,VIIRS_SNPP_NRT,2.4463876651982392,227,0.025005202436014742,47.15574523256434,Persistent / Stable
31.27304,75.05997,330.14,0.52,0.41,2026-10-07,744,N21,VIIRS,n,2.0NRT,296.86,3.59,D,VIIRS_NOAA21_NRT,,0,,,New / No Local History
22.36237,82.29765,310.94,0.55,0.68,2026-10-07,2106,N20,VIIRS,n,2.0NRT,288.85,3.59,N,VIIRS_NOAA20_NRT,3.8262500000000004,24,0.10488954685450011,-6.174452793204848,Persistent / Stable
29.55144,74.47864,332.44,0.39,0.44,2026-10-07,744,N21,VIIRS,n,2.0NRT,304.87,3.58,D,VIIRS_NOAA21_NRT,,0,,,New / No Local History
22.03861,83.72998,325.11,0.4,0.37,2026-10-07,2010,N21,VIIRS,n,2.0NRT,294.39,3.57,N,VIIRS_NOAA21_NRT,1.5490000000000002,10,0.006335835197244732,130.47127178825048,Abnormal Increase
27.54664,72.45873,353.26,0.42,0.37,2026-10-07,820,N,VIIRS,n,2.0NRT,314.81,3.56,D,VIIRS_SNPP_NRT,,0,,,New / No Local History
27.54735,72.46292,347.62,0.42,0.37,2026-10-07,820,N,VIIRS,n,2.0NRT,314.12,3.56,D,VIIRS_SNPP_NRT,,0,,,New / No Local History
27.55006,72.458,357.0,0.42,0.37,2026-10-07,820,N,VIIRS,l,2.0NRT,314.53,3.56,D,VIIRS_SNPP_NRT,,0,,,New / No Local History
27.55076,72.4622,347.69,0.42,0.37,2026-10-07,820,N,VIIRS,n,2.0NRT,313.73,3.56,D,VIIRS_SNPP_NRT,,0,,,New / No Local History
23.79589,77.9045,333.57,0.49,0.4,2026-10-07,741,N21,VIIRS,l,2.0NRT,307.93,3.55,D,VIIRS_NOAA21_NRT,,0,,,New / No Local History
29.90997,74.95027,316.96,0.64,0.54,2026-10-07,2008,N21,VIIRS,n,2.0NRT,294.08,3.55,N,VIIRS_NOAA21_NRT,5.178095238095237,21,0.02409732929422649,-31.441971675556356,Persistent / Stable
29.9105,74.94372,313.15,0.64,0.54,2026-10-07,2008,N21,VIIRS,n,2.0NRT,293.08,3.55,N,VIIRS_NOAA21_NRT,5.178095238095237,21,0.03759048615353511,-31.441971675556356,Persistent / Stable
15.28878,74.98153,335.19,0.49,0.4,2026-10-07,835,N20,VIIRS,n,2.0NRT,304.71,3.55,D,VIIRS_NOAA20_NRT,,0,,,New / No Local History
21.16996,76.14576,336.35,0.45,0.47,2026-10-07,837,N20,VIIRS,n,2.0NRT,306.88,3.55,D,VIIRS_NOAA20_NRT,,0,,,New / No Local History
21.10315,72.63617,335.12,0.46,0.39,2026-10-07,2108,N20,VIIRS,n,2.0NRT,299.19,3.55,N,VIIRS_NOAA20_NRT,4.8750967741935485,155,0.0026199687349743248,-27.180932719284318,Persistent / Stable
21.10671,72.63689,316.05,0.46,0.39,2026-10-07,2108,N20,VIIRS,n,2.0NRT,298.39,3.55,N,VIIRS_NOAA20_NRT,4.8750967741935485,155,0.004929422656909261,-27.180932719284318,Persistent / Stable
17.60748,83.20324,332.38,0.43,0.46,2026-10-07,818,N,VIIRS,n,2.0NRT,299.62,3.55,D,VIIRS_SNPP_NRT,2.7028571428571433,35,0.00468010083846288,31.34249471458771,Persistent / Stable
19.79181,78.55225,338.39,0.41,0.37,2026-10-07,818,N,VIIRS,n,2.0NRT,304.86,3.55,D,VIIRS_SNPP_NRT,,0,,,New / No Local History
16.87796,81.31918,330.13,0.42,0.38,2026-10-07,739,N21,VIIRS,n,2.0NRT,297.86,3.54,D,VIIRS_NOAA21_NRT,,0,,,New / No Local History
23.40316,75.73438,336.77,0.43,0.46,2026-10-07,741,N21,VIIRS,l,2.0NRT,309.49,3.54,D,VIIRS_NOAA21_NRT,,0,,,New / No Local History
23.78599,85.55344,331.05,0.48,0.4,2026-10-07,741,N21,VIIRS,n,2.0NRT,297.01,3.54,D,VIIRS_NOAA21_NRT,1.886818181818182,22,0.001971315948778924,87.61744158034207,Abnormal Increase
31.46008,75.11741,335.6,0.4,0.37,2026-10-07,822,N,VIIRS,n,2.0NRT,300.87,3.54,D,VIIRS_SNPP_NRT,,0,,,New / No Local History
31.68362,75.05061,330.91,0.51,0.41,2026-10-07,744,N21,VIIRS,n,2.0NRT,300.57,3.53,D,VIIRS_NOAA21_NRT,,0,,,New / No Local History
22.35822,82.30176,325.15,0.42,0.45,2026-10-07,2046,N,VIIRS,n,2.0NRT,294.28,3.53,N,VIIRS_SNPP_NRT,3.8262500000000004,24,0.01670579212613566,-7.74256778830449,Persistent / Stable
21.67804,84.0376,331.0,0.4,0.37,2026-10-07,741,N21,VIIRS,l,2.0NRT,301.83,3.52,D,VIIRS_NOAA21_NRT,2.826315789473685,19,0.09404184653242219,24.54376163873368,Persistent / Stable
21.76149,83.84737,301.08,0.71,0.75,2026-10-07,2106,N20,VIIRS,n,2.0NRT,286.12,3.51,N,VIIRS_NOAA20_NRT,4.770121951219512,82,0.00833799585131104,-26.416975584814008,Persistent / Stable
21.25879,75.38605,342.09,0.39,0.36,2026-10-07,818,N,VIIRS,n,2.0NRT,308.11,3.51,D,VIIRS_SNPP_NRT,,0,,,New / No Local History
27.56031,72.4558,352.31,0.42,0.37,2026-10-07,820,N,VIIRS,n,2.0NRT,313.98,3.51,D,VIIRS_SNPP_NRT,,0,,,New / No Local History
27.56373,72.45507,341.26,0.42,0.37,2026-10-07,820,N,VIIRS,l,2.0NRT,314.3,3.51,D,VIIRS_SNPP_NRT,,0,,,New / No Local History
27.56444,72.45926,341.19,0.42,0.37,2026-10-07,820,N,VIIRS,l,2.0NRT,314.08,3.51,D,VIIRS_SNPP_NRT,,0,,,New / No Local History
27.40935,72.19903,351.11,0.43,0.38,2026-10-07,820,N,VIIRS,n,2.0NRT,313.44,3.5,D,VIIRS_SNPP_NRT,,0,,,New / No Local History
27.4101,72.20329,354.87,0.43,0.38,2026-10-07,820,N,VIIRS,n,2.0NRT,313.47,3.5,D,VIIRS_SNPP_NRT,,0,,,New / No Local History
27.41355,72.20255,348.81,0.43,0.38,2026-10-07,820,N,VIIRS,n,2.0NRT,314.42,3.5,D,VIIRS_SNPP_NRT,,0,,,New / No Local History
22.63825,77.33322,343.29,0.4,0.37,2026-10-07,818,N,VIIRS,n,2.0NRT,308.43,3.49,D,VIIRS_SNPP_NRT,,0,,,New / No Local History
27.41943,72.17467,345.57,0.43,0.38,2026-10-07,820,N,VIIRS,n,2.0NRT,314.12,3.49,D,VIIRS_SNPP_NRT,,0,,,New / No Local History
27.42213,72.16965,338.74,0.43,0.38,2026-10-07,820,N,VIIRS,l,2.0NRT,313.73,3.49,D,VIIRS_SNPP_NRT,,0,,,New / No Local History
21.0997,72.63349,319.08,0.35,0.57,2026-10-07,2010,N21,VIIRS,n,2.0NRT,295.92,3.48,N,VIIRS_NOAA21_NRT,4.870454545454545,154,0.009845594873043833,-28.548763415772278,Persistent / Stable
22.36564,87.29744,318.32,0.54,0.51,2026-10-07,1925,N20,VIIRS,n,2.0NRT,291.47,3.47,N,VIIRS_NOAA20_NRT,3.4405319148936173,94,0.06703657479108785,0.8564979437865219,Persistent / Stable
20.97239,85.17517,330.36,0.32,0.54,2026-10-07,818,N,VIIRS,n,2.0NRT,296.21,3.46,D,VIIRS_SNPP_NRT,3.5629999999999997,110,0.02267672966682337,-2.8908223407241023,Persistent / Stable
28.85397,76.52732,332.25,0.48,0.4,2026-10-07,744,N21,VIIRS,l,2.0NRT,302.87,3.45,D,VIIRS_NOAA21_NRT,,0,,,New / No Local History
14.81196,76.31028,336.45,0.4,0.37,2026-10-07,816,N,VIIRS,n,2.0NRT,304.48,3.45,D,VIIRS_SNPP_NRT,,0,,,New / No Local History
16.65423,80.38526,334.26,0.44,0.39,2026-10-07,816,N,VIIRS,n,2.0NRT,303.25,3.45,D,VIIRS_SNPP_NRT,,0,,,New / No Local History
19.08938,76.21931,338.16,0.39,0.36,2026-10-07,818,N,VIIRS,n,2.0NRT,308.53,3.45,D,VIIRS_SNPP_NRT,,0,,,New / No Local History
22.2592,77.05457,341.21,0.39,0.36,2026-10-07,818,N,VIIRS,n,2.0NRT,308.6,3.45,D,VIIRS_SNPP_NRT,,0,,,New / No Local History
16.58842,80.67157,333.69,0.45,0.39,2026-10-07,739,N21,VIIRS,n,2.0NRT,300.6,3.44,D,VIIRS_NOAA21_NRT,9.2,3,1.3875106944420401,-62.60869565217392,Persistent / Reduced
20.51561,74.11891,334.98,0.43,0.38,2026-10-07,818,N,VIIRS,n,2.0NRT,306.63,3.43,D,VIIRS_SNPP_NRT,,0,,,New / No Local History
11.59555,78.6584,332.47,0.45,0.47,2026-10-07,737,N21,VIIRS,n,2.0NRT,298.09,3.42,D,VIIRS_NOAA21_NRT,,0,,,New / No Local History
26.57275,75.47401,340.5,0.39,0.44,2026-10-07,744,N21,VIIRS,n,2.0NRT,312.36,3.42,D,VIIRS_NOAA21_NRT,,0,,,New / No Local History
27.67475,77.46309,331.0,0.45,0.39,2026-10-07,744,N21,VIIRS,l,2.0NRT,304.81,3.42,D,VIIRS_NOAA21_NRT,,0,,,New / No Local History
15.11421,78.52187,338.63,0.39,0.36,2026-10-07,816,N,VIIRS,n,2.0NRT,301.4,3.42,D,VIIRS_SNPP_NRT,,0,,,New / No Local History
22.20611,75.37877,337.96,0.39,0.36,2026-10-07,818,N,VIIRS,l,2.0NRT,309.95,3.42,D,VIIRS_SNPP_NRT,,0,,,New / No Local History
23.76686,86.40313,318.35,0.48,0.4,2026-10-07,2010,N21,VIIRS,n,2.0NRT,292.17,3.41,N,VIIRS_NOAA21_NRT,2.158924050632911,158,0.004610207136134502,57.949048693969715,Abnormal Increase
22.38054,76.0662,335.17,0.43,0.46,2026-10-07,741,N21,VIIRS,l,2.0NRT,309.89,3.4,D,VIIRS_NOAA21_NRT,,0,,,New / No Local History
17.24926,78.38922,332.38,0.56,0.51,2026-10-07,837,N20,VIIRS,n,2.0NRT,297.36,3.4,D,VIIRS_NOAA20_NRT,,0,,,New / No Local History
22.78895,77.29137,334.86,0.56,0.51,2026-10-07,837,N20,VIIRS,n,2.0NRT,305.62,3.4,D,VIIRS_NOAA20_NRT,,0,,,New / No Local History
16.54909,75.24494,336.89,0.42,0.38,2026-10-07,818,N,VIIRS,l,2.0NRT,311.31,3.4,D,VIIRS_SNPP_NRT,,0,,,New / No Local History
22.7547,75.48248,341.42,0.39,0.36,2026-10-07,820,N,VIIRS,n,2.0NRT,310.78,3.4,D,VIIRS_SNPP_NRT,,0,,,New / No Local History
23.35983,77.35493,334.75,0.4,0.37,2026-10-07,820,N,VIIRS,l,2.0NRT,309.04,3.4,D,VIIRS_SNPP_NRT,,0,,,New / No Local History
27.5951,72.25224,343.7,0.42,0.38,2026-10-07,820,N,VIIRS,l,2.0NRT,314.2,3.4,D,VIIRS_SNPP_NRT,,0,,,New / No Local History
18.57604,77.73538,330.15,0.4,0.44,2026-10-07,739,N21,VIIRS,l,2.0NRT,303.95,3.39,D,VIIRS_NOAA21_NRT,,0,,,New / No Local History
28.09001,77.53897,330.17,0.45,0.39,2026-10-07,744,N21,VIIRS,l,2.0NRT,302.37,3.39,D,VIIRS_NOAA21_NRT,,0,,,New / No Local History
31.77821,74.60777,333.88,0.49,0.49,2026-10-07,839,N20,VIIRS,n,2.0NRT,298.09,3.39,D,VIIRS_NOAA20_NRT,,0,,,New / No Local History
27.79612,78.37281,335.13,0.42,0.38,2026-10-07,744,N21,VIIRS,n,2.0NRT,301.62,3.38,D,VIIRS_NOAA21_NRT,,0,,,New / No Local History
28.38684,77.90492,332.35,0.43,0.38,2026-10-07,744,N21,VIIRS,n,2.0NRT,300.64,3.38,D,VIIRS_NOAA21_NRT,,0,,,New / No Local History
9.85838,78.07375,336.6,0.39,0.36,2026-10-07,816,N,VIIRS,n,2.0NRT,300.54,3.38,D,VIIRS_SNPP_NRT,2.27,1,1.0694806298410688,48.898678414096906,Single Historical Detection
18.71898,79.53831,334.43,0.43,0.38,2026-10-07,818,N,VIIRS,l,2.0NRT,308.16,3.37,D,VIIRS_SNPP_NRT,1.7500000000000002,13,0.0063623053214517606,92.57142857142856,Abnormal Increase
18.72247,79.53777,333.44,0.43,0.38,2026-10-07,818,N,VIIRS,l,2.0NRT,307.43,3.37,D,VIIRS_SNPP_NRT,1.7500000000000002,13,0.003334060392542811,92.57142857142856,Abnormal Increase
20.96518,85.17404,306.83,0.46,0.39,2026-10-07,2010,N21,VIIRS,n,2.0NRT,294.56,3.36,N,VIIRS_NOAA21_NRT,3.5433628318584063,113,0.018075579455960698,-5.174825174825156,Persistent / Stable
20.96873,85.17477,344.18,0.46,0.39,2026-10-07,2010,N21,VIIRS,n,2.0NRT,296.64,3.36,N,VIIRS_NOAA21_NRT,3.5629999999999997,110,0.0017879282345009842,-5.6974459724950846,Persistent / Stable
20.96948,85.17043,306.23,0.46,0.39,2026-10-07,2010,N21,VIIRS,n,2.0NRT,294.38,3.36,N,VIIRS_NOAA21_NRT,3.5278448275862058,116,0.02955193159508416,-4.757715709991909,Persistent / Stable
23.07435,75.85807,336.44,0.46,0.47,2026-10-07,837,N20,VIIRS,l,2.0NRT,309.17,3.36,D,VIIRS_NOAA20_NRT,,0,,,New / No Local History
21.08123,75.37554,334.44,0.39,0.36,2026-10-07,818,N,VIIRS,l,2.0NRT,309.11,3.36,D,VIIRS_SNPP_NRT,,0,,,New / No Local History
21.77198,75.84802,336.65,0.39,0.36,2026-10-07,818,N,VIIRS,n,2.0NRT,308.82,3.36,D,VIIRS_SNPP_NRT,,0,,,New / No Local History
22.08142,75.68285,333.79,0.46,0.47,2026-10-07,741,N21,VIIRS,n,2.0NRT,304.66,3.35,D,VIIRS_NOAA21_NRT,,0,,,New / No Local History
23.21114,79.57275,334.65,0.42,0.38,2026-10-07,741,N21,VIIRS,n,2.0NRT,302.63,3.35,D,VIIRS_NOAA21_NRT,,0,,,New / No Local History
9.62373,78.87314,339.84,0.38,0.36,2026-10-07,816,N,VIIRS,n,2.0NRT,301.53,3.34,D,VIIRS_SNPP_NRT,4.82,1,1.8145587956752347,-30.705394190871377,Single Historical Detection
21.67743,84.04075,305.7,0.56,0.51,2026-10-07,2046,N,VIIRS,n,2.0NRT,289.31,3.34,N,VIIRS_SNPP_NRT,2.826315789473685,19,0.017440705560142634,18.175046554934795,Persistent / Stable
13.40915,80.26591,337.32,0.51,0.41,2026-10-07,739,N21,VIIRS,n,2.0NRT,302.93,3.33,D,VIIRS_NOAA21_NRT,1.98,1,0.3623660498394563,68.18181818181819,Abnormal Increase
22.547,77.26024,334.85,0.55,0.43,2026-10-07,741,N21,VIIRS,n,2.0NRT,304.58,3.33,D,VIIRS_NOAA21_NRT,,0,,,New / No Local History
15.18886,75.26196,332.32,0.51,0.41,2026-10-07,835,N20,VIIRS,l,2.0NRT,306.86,3.33,D,VIIRS_NOAA20_NRT,,0,,,New / No Local History
22.04082,83.72971,313.75,0.52,0.5,2026-10-07,2046,N,VIIRS,n,2.0NRT,290.21,3.33,N,VIIRS_SNPP_NRT,1.5490000000000002,10,0.021839372034662175,114.97740477727565,Abnormal Increase
25.94295,72.19347,322.23,0.55,0.42,2026-10-07,2046,N,VIIRS,n,2.0NRT,297.43,3.33,N,VIIRS_SNPP_NRT,1.6684374999999998,32,0.005621928490061742,99.58793781607045,Abnormal Increase
22.66601,75.57564,339.35,0.46,0.47,2026-10-07,741,N21,VIIRS,n,2.0NRT,310.3,3.32,D,VIIRS_NOAA21_NRT,,0,,,New / No Local History
21.29282,72.99408,336.16,0.46,0.39,2026-10-07,837,N20,VIIRS,n,2.0NRT,307.74,3.32,D,VIIRS_NOAA20_NRT,,0,,,New / No Local History
21.8025,82.03709,305.36,0.59,0.7,2026-10-07,1925,N20,VIIRS,n,2.0NRT,289.4,3.31,N,VIIRS_NOAA20_NRT,1.915,2,0.17448664055741595,72.84595300261097,Abnormal Increase
21.76227,84.01782,301.41,0.73,0.76,2026-10-07,2106,N20,VIIRS,n,2.0NRT,285.68,3.31,N,VIIRS_NOAA20_NRT,2.5425,24,0.045524467655091515,30.186823992133732,Persistent / Stable
34.15234,73.85137,332.67,0.39,0.36,2026-10-07,822,N,VIIRS,n,2.0NRT,305.51,3.31,D,VIIRS_SNPP_NRT,,0,,,New / No Local History
15.16463,78.53975,334.71,0.4,0.45,2026-10-07,739,N21,VIIRS,n,2.0NRT,299.76,3.3,D,VIIRS_NOAA21_NRT,,0,,,New / No Local History
27.28418,72.08715,346.81,0.43,0.38,2026-10-07,820,N,VIIRS,n,2.0NRT,313.52,3.3,D,VIIRS_SNPP_NRT,,0,,,New / No Local History
22.19329,77.06221,338.88,0.39,0.36,2026-10-07,818,N,VIIRS,l,2.0NRT,311.71,3.29,D,VIIRS_SNPP_NRT,,0,,,New / No Local History
27.6152,72.26549,341.26,0.42,0.38,2026-10-07,820,N,VIIRS,l,2.0NRT,313.52,3.29,D,VIIRS_SNPP_NRT,,0,,,New / No Local History
21.74981,83.83645,302.94,0.71,0.75,2026-10-07,2106,N20,VIIRS,n,2.0NRT,286.06,3.28,N,VIIRS_NOAA20_NRT,4.712380952380952,84,0.1838527302326056,-30.39611964430073,Persistent / Stable
25.10555,76.34011,338.38,0.39,0.36,2026-10-07,820,N,VIIRS,l,2.0NRT,311.18,3.28,D,VIIRS_SNPP_NRT,,0,,,New / No Local History
15.54393,74.94463,337.98,0.49,0.4,2026-10-07,835,N20,VIIRS,n,2.0NRT,310.94,3.27,D,VIIRS_NOAA20_NRT,,0,,,New / No Local History
15.17263,76.66187,335.52,0.39,0.37,2026-10-07,816,N,VIIRS,n,2.0NRT,298.39,3.27,D,VIIRS_SNPP_NRT,2.4554625550660796,227,0.031905290903607726,33.172464522147855,Persistent / Stable
18.68109,73.03464,336.3,0.5,0.41,2026-10-07,818,N,VIIRS,n,2.0NRT,302.32,3.26,D,VIIRS_SNPP_NRT,2.2831999999999995,50,0.041194355020830006,42.78206026629295,Persistent / Stable
19.86592,83.45311,330.83,0.48,0.48,2026-10-07,818,N,VIIRS,n,2.0NRT,297.65,3.26,D,VIIRS_SNPP_NRT,,0,,,New / No Local History
25.72426,79.1142,336.48,0.42,0.37,2026-10-07,741,N21,VIIRS,n,2.0NRT,303.5,3.25,D,VIIRS_NOAA21_NRT,,0,,,New / No Local History
25.72767,79.1135,336.27,0.42,0.37,2026-10-07,741,N21,VIIRS,n,2.0NRT,303.1,3.25,D,VIIRS_NOAA21_NRT,,0,,,New / No Local History
22.36291,87.01942,306.33,0.54,0.42,2026-10-07,2010,N21,VIIRS,n,2.0NRT,293.94,3.25,N,VIIRS_NOAA21_NRT,1.3695833333333332,24,0.013746440424329796,137.2984484332218,Abnormal Increase
18.89,78.31763,334.47,0.4,0.37,2026-10-07,818,N,VIIRS,n,2.0NRT,303.75,3.25,D,VIIRS_SNPP_NRT,,0,,,New / No Local History
21.09993,72.63562,327.15,0.46,0.39,2026-10-07,2049,N,VIIRS,n,2.0NRT,297.47,3.24,N,VIIRS_SNPP_NRT,4.870454545454545,154,0.010233312971579773,-33.476434904339705,Persistent / Stable
21.10292,72.64062,308.37,0.46,0.39,2026-10-07,2049,N,VIIRS,n,2.0NRT,297.24,3.24,N,VIIRS_SNPP_NRT,4.8750967741935485,155,0.015524706253449556,-33.539780848022865,Persistent / Stable
21.10355,72.63619,332.36,0.46,0.39,2026-10-07,2049,N,VIIRS,n,2.0NRT,300.02,3.24,N,VIIRS_SNPP_NRT,4.8750967741935485,155,0.002775553809666739,-33.539780848022865,Persistent / Stable
23.68678,78.2878,332.23,0.43,0.38,2026-10-07,820,N,VIIRS,l,2.0NRT,305.92,3.23,D,VIIRS_SNPP_NRT,,0,,,New / No Local History
27.91776,77.53393,336.0,0.33,0.55,2026-10-07,839,N20,VIIRS,n,2.0NRT,298.68,3.22,D,VIIRS_NOAA20_NRT,,0,,,New / No Local History
27.86693,77.87592,331.01,0.45,0.39,2026-10-07,820,N,VIIRS,l,2.0NRT,301.52,3.22,D,VIIRS_SNPP_NRT,,0,,,New / No Local History
20.4813,74.04534,332.75,0.5,0.41,2026-10-07,837,N20,VIIRS,l,2.0NRT,306.6,3.21,D,VIIRS_NOAA20_NRT,,0,,,New / No Local History
18.92426,77.84783,335.78,0.39,0.44,2026-10-07,739,N21,VIIRS,n,2.0NRT,305.28,3.2,D,VIIRS_NOAA21_NRT,,0,,,New / No Local History
21.76846,84.01867,315.07,0.41,0.37,2026-10-07,2010,N21,VIIRS,n,2.0NRT,292.92,3.2,N,VIIRS_NOAA21_NRT,2.5425,24,0.023899560975835593,25.860373647984275,Persistent / Stable
20.86773,84.98618,320.03,0.37,0.58,2026-10-07,1925,N20,VIIRS,n,2.0NRT,292.16,3.2,N,VIIRS_NOAA20_NRT,3.015394736842105,76,0.007947544308549612,6.122092769559738,Persistent / Stable
22.33547,69.86702,315.34,0.38,0.36,2026-10-07,2108,N20,VIIRS,n,2.0NRT,301.39,3.2,N,VIIRS_NOAA20_NRT,3.4046666666666665,15,0.04143738053585507,-6.011356961033865,Persistent / Stable
23.68786,78.28808,331.45,0.43,0.38,2026-10-07,820,N,VIIRS,l,2.0NRT,304.71,3.2,D,VIIRS_SNPP_NRT,,0,,,New / No Local History
20.96668,85.16538,319.88,0.46,0.39,2026-10-07,2010,N21,VIIRS,n,2.0NRT,295.17,3.19,N,VIIRS_NOAA21_NRT,3.4399999999999995,104,0.026415042681463878,-7.267441860465104,Persistent / Stable
21.92463,83.34633,312.02,0.48,0.65,2026-10-07,1925,N20,VIIRS,n,2.0NRT,287.85,3.19,N,VIIRS_NOAA20_NRT,2.8140740740740737,27,0.01934620379343432,13.35877862595421,Persistent / Stable
27.5398,72.46019,351.82,0.42,0.37,2026-10-07,820,N,VIIRS,n,2.0NRT,313.91,3.19,D,VIIRS_SNPP_NRT,,0,,,New / No Local History
27.54051,72.46438,349.36,0.42,0.37,2026-10-07,820,N,VIIRS,n,2.0NRT,313.33,3.19,D,VIIRS_SNPP_NRT,,0,,,New / No Local History
27.54393,72.46365,346.63,0.42,0.37,2026-10-07,820,N,VIIRS,n,2.0NRT,313.92,3.19,D,VIIRS_SNPP_NRT,,0,,,New / No Local History
23.45279,75.76669,341.85,0.43,0.46,2026-10-07,741,N21,VIIRS,n,2.0NRT,309.92,3.18,D,VIIRS_NOAA21_NRT,,0,,,New / No Local History
18.85457,78.35791,332.86,0.4,0.37,2026-10-07,818,N,VIIRS,n,2.0NRT,300.5,3.18,D,VIIRS_SNPP_NRT,,0,,,New / No Local History
24.6503,76.67627,337.81,0.39,0.36,2026-10-07,820,N,VIIRS,n,2.0NRT,310.78,3.18,D,VIIRS_SNPP_NRT,,0,,,New / No Local History
13.41899,79.71804,332.21,0.61,0.53,2026-10-07,837,N20,VIIRS,n,2.0NRT,296.32,3.17,D,VIIRS_NOAA20_NRT,,0,,,New / No Local History
13.61755,79.52794,333.75,0.4,0.37,2026-10-07,816,N,VIIRS,n,2.0NRT,301.47,3.17,D,VIIRS_SNPP_NRT,,0,,,New / No Local History
15.68989,78.47973,333.56,0.39,0.36,2026-10-07,816,N,VIIRS,l,2.0NRT,307.9,3.17,D,VIIRS_SNPP_NRT,,0,,,New / No Local History
18.42284,74.50503,335.67,0.43,0.38,2026-10-07,818,N,VIIRS,l,2.0NRT,307.99,3.17,D,VIIRS_SNPP_NRT,,0,,,New / No Local History
27.41084,72.20757,346.19,0.43,0.38,2026-10-07,820,N,VIIRS,n,2.0NRT,315.14,3.17,D,VIIRS_SNPP_NRT,,0,,,New / No Local History
27.41429,72.20682,347.63,0.43,0.38,2026-10-07,820,N,VIIRS,n,2.0NRT,315.47,3.17,D,VIIRS_SNPP_NRT,,0,,,New / No Local History
23.68232,86.3934,315.68,0.35,0.57,2026-10-07,2046,N,VIIRS,n,2.0NRT,289.97,3.16,N,VIIRS_SNPP_NRT,3.0147826086956515,92,0.012142292782876391,4.816844534179434,Persistent / Stable
21.79509,76.39445,336.62,0.38,0.36,2026-10-07,818,N,VIIRS,n,2.0NRT,308.95,3.15,D,VIIRS_SNPP_NRT,,0,,,New / No Local History
24.82182,73.09235,322.44,0.44,0.38,2026-10-07,2106,N20,VIIRS,n,2.0NRT,300.54,3.14,N,VIIRS_NOAA20_NRT,0.9616666666666668,6,0.01742178800268959,226.51646447140376,Abnormal Increase
21.76509,84.01801,314.19,0.41,0.37,2026-10-07,2010,N21,VIIRS,n,2.0NRT,291.92,3.13,N,VIIRS_NOAA21_NRT,2.5425,24,0.025955679648688418,23.10717797443461,Persistent / Stable
23.71311,86.44964,317.92,0.48,0.4,2026-10-07,2010,N21,VIIRS,n,2.0NRT,292.06,3.13,N,VIIRS_NOAA21_NRT,2.540895522388059,67,0.01167720867402744,23.18491541353387,Persistent / Stable
9.80342,78.1953,334.76,0.43,0.46,2026-10-07,835,N20,VIIRS,n,2.0NRT,297.64,3.13,D,VIIRS_NOAA20_NRT,,0,,,New / No Local History
22.97652,70.98911,332.45,0.55,0.43,2026-10-07,820,N,VIIRS,n,2.0NRT,304.61,3.13,D,VIIRS_SNPP_NRT,,0,,,New / No Local History
24.55424,75.27048,339.4,0.38,0.36,2026-10-07,820,N,VIIRS,n,2.0NRT,309.73,3.13,D,VIIRS_SNPP_NRT,,0,,,New / No Local History
25.16804,76.14778,340.22,0.39,0.36,2026-10-07,820,N,VIIRS,n,2.0NRT,311.1,3.13,D,VIIRS_SNPP_NRT,,0,,,New / No Local History
15.70898,77.66982,334.18,0.38,0.36,2026-10-07,816,N,VIIRS,l,2.0NRT,304.21,3.12,D,VIIRS_SNPP_NRT,,0,,,New / No Local History
18.82235,77.84233,331.97,0.39,0.44,2026-10-07,739,N21,VIIRS,l,2.0NRT,304.73,3.11,D,VIIRS_NOAA21_NRT,,0,,,New / No Local History
25.07391,76.33388,336.86,0.39,0.36,2026-10-07,820,N,VIIRS,l,2.0NRT,310.75,3.11,D,VIIRS_SNPP_NRT,,0,,,New / No Local History
25.49779,76.64137,334.9,0.4,0.37,2026-10-07,820,N,VIIRS,l,2.0NRT,308.4,3.09,D,VIIRS_SNPP_NRT,,0,,,New / No Local History
19.77024,75.29041,331.63,0.38,0.43,2026-10-07,837,N20,VIIRS,l,2.0NRT,305.84,3.08,D,VIIRS_NOAA20_NRT,,0,,,New / No Local History
23.55969,87.2291,327.08,0.53,0.42,2026-10-07,2010,N21,VIIRS,n,2.0NRT,291.83,3.07,N,VIIRS_NOAA21_NRT,2.9255263157894738,38,0.01751288234068141,4.9383826571916805,Persistent / Stable
24.48173,77.14658,332.3,0.4,0.44,2026-10-07,2010,N21,VIIRS,n,2.0NRT,292.93,3.07,N,VIIRS_NOAA21_NRT,,0,,,New / No Local History
16.94123,80.83343,330.04,0.4,0.6,2026-10-07,835,N20,VIIRS,n,2.0NRT,293.45,3.07,D,VIIRS_NOAA20_NRT,,0,,,New / No Local History
22.43021,76.74855,337.15,0.39,0.36,2026-10-07,818,N,VIIRS,l,2.0NRT,307.49,3.07,D,VIIRS_SNPP_NRT,,0,,,New / No Local History
17.98266,80.82618,309.52,0.41,0.45,2026-10-07,2046,N,VIIRS,n,2.0NRT,294.62,3.07,N,VIIRS_SNPP_NRT,1.9649999999999999,2,0.19989257879007344,56.23409669211197,Abnormal Increase
22.89912,75.27193,334.66,0.47,0.48,2026-10-07,741,N21,VIIRS,l,2.0NRT,309.56,3.06,D,VIIRS_NOAA21_NRT,,0,,,New / No Local History
19.31896,76.91225,337.34,0.38,0.36,2026-10-07,818,N,VIIRS,l,2.0NRT,309.69,3.06,D,VIIRS_SNPP_NRT,,0,,,New / No Local History
26.34184,77.50948,335.67,0.42,0.38,2026-10-07,820,N,VIIRS,n,2.0NRT,307.38,3.06,D,VIIRS_SNPP_NRT,,0,,,New / No Local History
31.74856,75.02059,338.71,0.4,0.37,2026-10-07,822,N,VIIRS,n,2.0NRT,301.78,3.06,D,VIIRS_SNPP_NRT,,0,,,New / No Local History
25.58116,73.7332,335.39,0.55,0.43,2026-10-07,839,N20,VIIRS,l,2.0NRT,310.29,3.03,D,VIIRS_NOAA20_NRT,,0,,,New / No Local History
22.97077,75.2615,339.78,0.39,0.36,2026-10-07,820,N,VIIRS,n,2.0NRT,314.53,3.03,D,VIIRS_SNPP_NRT,,0,,,New / No Local History
21.76106,84.02127,309.59,0.41,0.37,2026-10-07,2010,N21,VIIRS,n,2.0NRT,284.54,3.02,N,VIIRS_NOAA21_NRT,2.5425,24,0.028016673041609406,18.780727630285156,Persistent / Stable
25.9414,72.19615,309.65,0.67,0.74,2026-10-07,2150,N21,VIIRS,n,2.0NRT,295.15,3.02,N,VIIRS_NOAA21_NRT,1.6684374999999998,32,0.05607824783864495,81.00767934070053,Abnormal Increase
21.74965,83.84028,312.14,0.71,0.75,2026-10-07,2106,N20,VIIRS,n,2.0NRT,286.22,3.02,N,VIIRS_NOAA20_NRT,4.736385542168675,83,0.01354682297787476,-36.23829873829874,Persistent / Stable
21.75632,83.84238,307.57,0.71,0.75,2026-10-07,2106,N20,VIIRS,n,2.0NRT,286.65,3.02,N,VIIRS_NOAA20_NRT,4.736385542168675,83,0.016739610000592958,-36.23829873829874,Persistent / Stable
22.04056,83.72689,334.14,0.4,0.37,2026-10-07,741,N21,VIIRS,n,2.0NRT,300.23,3.01,D,VIIRS_NOAA21_NRT,1.5490000000000002,10,0.10207780016200098,94.3189154293092,Abnormal Increase
25.60968,81.38057,335.22,0.38,0.36,2026-10-07,741,N21,VIIRS,n,2.0NRT,300.37,3.01,D,VIIRS_NOAA21_NRT,,0,,,New / No Local History
23.64674,85.44073,333.51,0.33,0.55,2026-10-07,659,N20,VIIRS,n,2.0NRT,291.81,3.01,D,VIIRS_NOAA20_NRT,3.0220454545454554,44,0.006005634631107443,-0.39858614725129377,Persistent / Stable
21.08069,85.0351,331.27,0.37,0.58,2026-10-07,1925,N20,VIIRS,n,2.0NRT,294.02,3.0,N,VIIRS_NOAA20_NRT,2.44,20,0.02804345783878518,22.95081967213115,Persistent / Stable
21.08105,85.03157,314.23,0.37,0.58,2026-10-07,1925,N20,VIIRS,n,2.0NRT,291.96,3.0,N,VIIRS_NOAA20_NRT,2.44,20,0.15877206567413316,22.95081967213115,Persistent / Stable
27.6667,76.13056,307.56,0.55,0.43,2026-10-07,2106,N20,VIIRS,n,2.0NRT,294.9,3.0,N,VIIRS_NOAA20_NRT,0.9249999999999999,2,0.1349439884627408,224.32432432432435,Abnormal Increase
15.17628,76.67937,328.67,0.42,0.38,2026-10-07,2049,N,VIIRS,n,2.0NRT,291.09,3.0,N,VIIRS_SNPP_NRT,2.3603267973856203,153,0.06225673644131458,27.101043945393656,Persistent / Stable
23.67147,78.01244,333.78,0.42,0.37,2026-10-07,820,N,VIIRS,l,2.0NRT,307.96,2.99,D,VIIRS_SNPP_NRT,,0,,,New / No Local History
23.08772,75.25189,337.21,0.39,0.36,2026-10-07,820,N,VIIRS,n,2.0NRT,307.95,2.98,D,VIIRS_SNPP_NRT,,0,,,New / No Local History
21.74328,83.8409,306.28,0.54,0.51,2026-10-07,2046,N,VIIRS,n,2.0NRT,289.58,2.98,N,VIIRS_SNPP_NRT,4.736385542168675,83,0.009449750606881678,-37.08282458282458,Persistent / Stable
21.74789,83.84206,320.79,0.54,0.51,2026-10-07,2046,N,VIIRS,n,2.0NRT,290.07,2.98,N,VIIRS_SNPP_NRT,4.736385542168675,83,0.004131945808589332,-37.08282458282458,Persistent / Stable
15.17995,76.65372,308.8,0.5,0.41,2026-10-07,2012,N21,VIIRS,n,2.0NRT,292.67,2.97,N,VIIRS_NOAA21_NRT,2.6454597701149427,174,0.010513456880035184,12.267819512936933,Persistent / Stable
18.84653,77.8833,335.75,0.39,0.36,2026-10-07,818,N,VIIRS,l,2.0NRT,308.48,2.96,D,VIIRS_SNPP_NRT,,0,,,New / No Local History
22.44808,76.96092,336.84,0.39,0.36,2026-10-07,818,N,VIIRS,n,2.0NRT,306.45,2.96,D,VIIRS_SNPP_NRT,,0,,,New / No Local History
23.14641,79.44753,333.06,0.47,0.4,2026-10-07,820,N,VIIRS,l,2.0NRT,303.64,2.96,D,VIIRS_SNPP_NRT,,0,,,New / No Local History
23.52728,77.45509,338.08,0.4,0.37,2026-10-07,820,N,VIIRS,n,2.0NRT,310.93,2.96,D,VIIRS_SNPP_NRT,,0,,,New / No Local History
24.95686,76.50783,338.56,0.39,0.36,2026-10-07,820,N,VIIRS,l,2.0NRT,310.41,2.96,D,VIIRS_SNPP_NRT,,0,,,New / No Local History
25.73175,79.1169,340.49,0.42,0.37,2026-10-07,741,N21,VIIRS,n,2.0NRT,302.98,2.95,D,VIIRS_NOAA21_NRT,,0,,,New / No Local History
25.98091,81.58565,331.98,0.38,0.36,2026-10-07,741,N21,VIIRS,n,2.0NRT,297.73,2.92,D,VIIRS_NOAA21_NRT,,0,,,New / No Local History
22.32974,82.60657,324.19,0.38,0.36,2026-10-07,2010,N21,VIIRS,n,2.0NRT,293.8,2.92,N,VIIRS_NOAA21_NRT,1.767777777777778,9,0.004176155860974405,65.17913262099307,Abnormal Increase
27.56946,72.4545,342.22,0.42,0.37,2026-10-07,820,N,VIIRS,l,2.0NRT,314.66,2.92,D,VIIRS_SNPP_NRT,,0,,,New / No Local History
27.57018,72.45869,341.21,0.42,0.37,2026-10-07,820,N,VIIRS,l,2.0NRT,314.37,2.92,D,VIIRS_SNPP_NRT,,0,,,New / No Local History
21.33679,78.96783,319.94,0.44,0.39,2026-10-07,2049,N,VIIRS,n,2.0NRT,295.16,2.92,N,VIIRS_SNPP_NRT,1.755384615384615,13,0.03328699579977401,66.34531113058722,Abnormal Increase
19.14337,76.02483,341.87,0.39,0.36,2026-10-07,818,N,VIIRS,n,2.0NRT,304.5,2.91,D,VIIRS_SNPP_NRT,,0,,,New / No Local History
31.40399,74.77277,333.8,0.39,0.36,2026-10-07,822,N,VIIRS,n,2.0NRT,299.89,2.9,D,VIIRS_SNPP_NRT,,0,,,New / No Local History
11.79232,78.72071,330.34,0.5,0.49,2026-10-07,837,N20,VIIRS,n,2.0NRT,295.1,2.89,D,VIIRS_NOAA20_NRT,21.36,2,1.5691276952044741,-86.47003745318351,Persistent / Reduced
21.18027,81.38291,303.04,0.52,0.66,2026-10-07,2106,N20,VIIRS,n,2.0NRT,289.9,2.89,N,VIIRS_NOAA20_NRT,2.7287500000000002,24,0.04990997175405092,5.909299129638108,Persistent / Stable
26.61864,80.9173,337.91,0.41,0.45,2026-10-07,820,N,VIIRS,n,2.0NRT,295.59,2.89,D,VIIRS_SNPP_NRT,,0,,,New / No Local History
24.90244,76.92768,333.83,0.53,0.42,2026-10-07,741,N21,VIIRS,l,2.0NRT,308.24,2.88,D,VIIRS_NOAA21_NRT,,0,,,New / No Local History
25.09847,77.73106,330.36,0.63,0.54,2026-10-07,839,N20,VIIRS,l,2.0NRT,301.72,2.88,D,VIIRS_NOAA20_NRT,,0,,,New / No Local History
23.76208,86.39969,311.04,0.32,0.55,2026-10-07,1925,N20,VIIRS,n,2.0NRT,289.85,2.88,N,VIIRS_NOAA20_NRT,2.158924050632911,158,0.008620494717352847,33.399783061182625,Persistent / Stable
15.47079,77.7061,334.35,0.38,0.36,2026-10-07,816,N,VIIRS,l,2.0NRT,304.63,2.88,D,VIIRS_SNPP_NRT,,0,,,New / No Local History
24.92091,76.69691,334.56,0.39,0.36,2026-10-07,820,N,VIIRS,l,2.0NRT,308.33,2.88,D,VIIRS_SNPP_NRT,,0,,,New / No Local History
22.3661,87.30038,305.18,0.43,0.62,2026-10-07,2046,N,VIIRS,n,2.0NRT,286.74,2.88,N,VIIRS_SNPP_NRT,2.6967213114754105,61,0.0041236672831227745,6.796352583586596,Persistent / Stable
23.79497,86.35152,320.63,0.48,0.4,2026-10-07,2010,N21,VIIRS,n,2.0NRT,292.39,2.87,N,VIIRS_NOAA21_NRT,2.0096491228070184,57,0.002222069368363062,42.810999563509334,Persistent / Stable
17.11261,80.77728,333.57,0.47,0.4,2026-10-07,818,N,VIIRS,n,2.0NRT,299.08,2.87,D,VIIRS_SNPP_NRT,,0,,,New / No Local History
28.75044,77.02119,333.53,0.46,0.39,2026-10-07,744,N21,VIIRS,n,2.0NRT,302.98,2.86,D,VIIRS_NOAA21_NRT,,0,,,New / No Local History
20.97228,85.1755,316.28,0.46,0.39,2026-10-07,2010,N21,VIIRS,n,2.0NRT,294.71,2.86,N,VIIRS_NOAA21_NRT,3.5795412844036694,109,0.04008610651872542,-20.101494220468,Persistent / Stable
20.97658,85.17188,321.14,0.46,0.39,2026-10-07,2010,N21,VIIRS,n,2.0NRT,294.9,2.86,N,VIIRS_NOAA21_NRT,3.547457627118643,118,0.02616930597702659,-19.378881987577618,Persistent / Stable
17.95596,80.79582,313.1,0.39,0.36,2026-10-07,2012,N21,VIIRS,n,2.0NRT,297.04,2.86,N,VIIRS_NOAA21_NRT,2.7118181818181815,33,0.02647438159970381,5.4642976868924,Persistent / Stable
20.96367,85.18274,313.74,0.46,0.39,2026-10-07,2010,N21,VIIRS,n,2.0NRT,294.56,2.85,N,VIIRS_NOAA21_NRT,3.598584905660377,106,0.00549006873417269,-20.802202123476203,Persistent / Stable
20.96442,85.17839,322.52,0.46,0.39,2026-10-07,2010,N21,VIIRS,n,2.0NRT,295.24,2.85,N,VIIRS_NOAA21_NRT,3.5795412844036694,109,0.08908676730710606,-20.380859625291528,Persistent / Stable
22.68337,77.20803,337.23,0.39,0.36,2026-10-07,818,N,VIIRS,n,2.0NRT,306.41,2.85,D,VIIRS_SNPP_NRT,,0,,,New / No Local History
24.6762,74.11398,338.12,0.4,0.37,2026-10-07,820,N,VIIRS,n,2.0NRT,309.75,2.85,D,VIIRS_SNPP_NRT,,0,,,New / No Local History
18.68335,73.04192,310.45,0.42,0.38,2026-10-07,2046,N,VIIRS,n,2.0NRT,297.21,2.85,N,VIIRS_SNPP_NRT,2.2831999999999995,50,0.031142680188979765,24.824807288016853,Persistent / Stable
19.96319,79.33321,333.69,0.43,0.38,2026-10-07,818,N,VIIRS,n,2.0NRT,302.4,2.84,D,VIIRS_SNPP_NRT,1.21,1,0.07629490225800048,134.71074380165288,Abnormal Increase
17.6,82.78966,330.31,0.39,0.36,2026-10-07,739,N21,VIIRS,l,2.0NRT,302.38,2.83,D,VIIRS_NOAA21_NRT,,0,,,New / No Local History
31.33072,75.01452,332.4,0.39,0.36,2026-10-07,822,N,VIIRS,n,2.0NRT,299.35,2.83,D,VIIRS_SNPP_NRT,,0,,,New / No Local History
10.79655,77.37138,333.6,0.39,0.44,2026-10-07,837,N20,VIIRS,n,2.0NRT,299.97,2.82,D,VIIRS_NOAA20_NRT,6.57,2,0.6392332093861263,-57.077625570776256,Persistent / Reduced
10.93849,79.8204,333.38,0.39,0.36,2026-10-07,816,N,VIIRS,n,2.0NRT,299.89,2.82,D,VIIRS_SNPP_NRT,,0,,,New / No Local History
18.85503,78.38484,337.95,0.4,0.37,2026-10-07,818,N,VIIRS,n,2.0NRT,303.68,2.82,D,VIIRS_SNPP_NRT,,0,,,New / No Local History
30.70007,74.74068,332.02,0.39,0.36,2026-10-07,822,N,VIIRS,n,2.0NRT,299.9,2.82,D,VIIRS_SNPP_NRT,,0,,,New / No Local History
22.41749,69.03816,315.09,0.5,0.49,2026-10-07,2049,N,VIIRS,n,2.0NRT,297.02,2.82,N,VIIRS_SNPP_NRT,1.8337500000000002,8,0.023446568996054358,53.783231083844555,Abnormal Increase
15.22439,76.76299,331.34,0.42,0.38,2026-10-07,2049,N,VIIRS,n,2.0NRT,291.75,2.81,N,VIIRS_SNPP_NRT,1.6163636363636364,11,0.008625781499389648,73.84701912260967,Abnormal Increase
22.7881,86.19705,311.7,0.48,0.4,2026-10-07,2010,N21,VIIRS,n,2.0NRT,292.96,2.8,N,VIIRS_NOAA21_NRT,2.479821428571428,56,0.007747960132567338,12.91135594440846,Persistent / Stable
20.15537,74.23093,334.28,0.43,0.38,2026-10-07,818,N,VIIRS,n,2.0NRT,300.16,2.8,D,VIIRS_SNPP_NRT,,0,,,New / No Local History
20.95676,85.01167,313.76,0.45,0.39,2026-10-07,2010,N21,VIIRS,n,2.0NRT,295.39,2.79,N,VIIRS_NOAA21_NRT,3.09125,8,0.024244989505444625,-9.745248685806713,Persistent / Stable
15.17059,76.66645,314.16,0.5,0.41,2026-10-07,2012,N21,VIIRS,n,2.0NRT,292.61,2.79,N,VIIRS_NOAA21_NRT,2.4380701754385976,228,0.014693584319196176,14.434770094264898,Persistent / Stable
23.75961,86.40157,324.16,0.48,0.4,2026-10-07,2010,N21,VIIRS,n,2.0NRT,292.11,2.78,N,VIIRS_NOAA21_NRT,2.158924050632911,158,0.010785282281810998,28.767846149336002,Persistent / Stable
23.76045,86.39697,303.04,0.48,0.4,2026-10-07,2010,N21,VIIRS,n,2.0NRT,291.27,2.78,N,VIIRS_NOAA21_NRT,2.179285714285714,154,0.023646867906671528,27.564732874467406,Persistent / Stable
23.76324,86.40234,329.36,0.48,0.4,2026-10-07,2010,N21,VIIRS,n,2.0NRT,292.47,2.78,N,VIIRS_NOAA21_NRT,2.158924050632911,158,0.00932226380966109,28.767846149336002,Persistent / Stable
25.76635,81.31789,331.57,0.53,0.67,2026-10-07,659,N20,VIIRS,n,2.0NRT,290.85,2.77,D,VIIRS_NOAA20_NRT,,0,,,New / No Local History
18.89116,78.30209,331.46,0.4,0.37,2026-10-07,818,N,VIIRS,l,2.0NRT,302.71,2.77,D,VIIRS_SNPP_NRT,,0,,,New / No Local History
22.66036,75.66074,336.94,0.38,0.36,2026-10-07,820,N,VIIRS,l,2.0NRT,309.86,2.77,D,VIIRS_SNPP_NRT,,0,,,New / No Local History
21.25878,75.38722,335.24,0.41,0.45,2026-10-07,837,N20,VIIRS,n,2.0NRT,305.33,2.76,D,VIIRS_NOAA20_NRT,,0,,,New / No Local History
21.67838,84.03431,301.63,0.74,0.76,2026-10-07,2106,N20,VIIRS,n,2.0NRT,284.99,2.76,N,VIIRS_NOAA20_NRT,2.826315789473685,19,0.08181471817783655,-2.3463687150838264,Persistent / Stable
23.68828,86.39132,305.07,0.35,0.57,2026-10-07,2046,N,VIIRS,n,2.0NRT,289.24,2.76,N,VIIRS_SNPP_NRT,3.0147826086956515,92,0.031572184088215,-8.45111047014709,Persistent / Stable
20.96163,85.17331,320.52,0.46,0.39,2026-10-07,2010,N21,VIIRS,n,2.0NRT,294.88,2.75,N,VIIRS_NOAA21_NRT,3.5599137931034472,116,0.015387751709728842,-22.750938370262723,Persistent / Stable
20.96238,85.16898,318.51,0.46,0.39,2026-10-07,2010,N21,VIIRS,n,2.0NRT,295.61,2.75,N,VIIRS_NOAA21_NRT,3.5707017543859636,114,0.019931905823926163,-22.98432663489409,Persistent / Stable
21.18117,81.38504,319.33,0.39,0.36,2026-10-07,2010,N21,VIIRS,n,2.0NRT,295.9,2.75,N,VIIRS_NOAA21_NRT,2.7287500000000002,24,0.007289509433883517,0.7787448465414482,Persistent / Stable
21.18447,81.3856,330.12,0.39,0.36,2026-10-07,2010,N21,VIIRS,n,2.0NRT,294.34,2.75,N,VIIRS_NOAA21_NRT,2.7287500000000002,24,0.026323596826214542,0.7787448465414482,Persistent / Stable
23.36741,76.03069,337.7,0.38,0.36,2026-10-07,820,N,VIIRS,l,2.0NRT,310.12,2.75,D,VIIRS_SNPP_NRT,,0,,,New / No Local History
31.75191,74.86307,335.91,0.39,0.36,2026-10-07,822,N,VIIRS,n,2.0NRT,301.85,2.75,D,VIIRS_SNPP_NRT,,0,,,New / No Local History
20.78464,85.26598,309.18,0.35,0.56,2026-10-07,2049,N,VIIRS,n,2.0NRT,292.0,2.75,N,VIIRS_SNPP_NRT,4.153833333333335,60,0.01991362762430232,-33.79609196324682,Persistent / Stable
19.93647,73.71288,321.94,0.54,0.42,2026-10-07,2108,N20,VIIRS,n,2.0NRT,293.01,2.74,N,VIIRS_NOAA20_NRT,1.3399999999999999,7,0.011511270475627701,104.47761194029854,Abnormal Increase
27.48507,72.09802,341.32,0.43,0.38,2026-10-07,820,N,VIIRS,l,2.0NRT,315.06,2.74,D,VIIRS_SNPP_NRT,,0,,,New / No Local History
27.48853,72.09727,341.54,0.43,0.38,2026-10-07,820,N,VIIRS,l,2.0NRT,314.98,2.74,D,VIIRS_SNPP_NRT,,0,,,New / No Local History
27.58236,78.43828,330.2,0.47,0.4,2026-10-07,820,N,VIIRS,n,2.0NRT,301.31,2.74,D,VIIRS_SNPP_NRT,,0,,,New / No Local History
18.94878,78.57928,332.88,0.4,0.37,2026-10-07,818,N,VIIRS,n,2.0NRT,304.0,2.72,D,VIIRS_SNPP_NRT,,0,,,New / No Local History
30.34445,75.78986,332.94,0.4,0.37,2026-10-07,822,N,VIIRS,n,2.0NRT,298.27,2.72,D,VIIRS_SNPP_NRT,,0,,,New / No Local History
27.40632,78.34399,330.14,0.42,0.38,2026-10-07,744,N21,VIIRS,n,2.0NRT,302.0,2.71,D,VIIRS_NOAA21_NRT,,0,,,New / No Local History
18.6829,73.03872,307.99,0.62,0.54,2026-10-07,2012,N21,VIIRS,n,2.0NRT,294.28,2.71,N,VIIRS_NOAA21_NRT,2.2831999999999995,50,0.020218085471610348,18.693062368605492,Persistent / Stable
18.68357,73.03288,310.37,0.62,0.54,2026-10-07,2012,N21,VIIRS,n,2.0NRT,294.1,2.71,N,VIIRS_NOAA21_NRT,2.2831999999999995,50,0.002851256043046057,18.693062368605492,Persistent / Stable
25.56184,79.09103,336.75,0.42,0.38,2026-10-07,741,N21,VIIRS,n,2.0NRT,301.18,2.7,D,VIIRS_NOAA21_NRT,,0,,,New / No Local History
20.97902,85.13648,316.21,0.46,0.39,2026-10-07,2010,N21,VIIRS,n,2.0NRT,295.89,2.7,N,VIIRS_NOAA21_NRT,3.231481481481482,27,0.02803636944978619,-16.446991404011467,Persistent / Stable
15.82441,78.2252,335.47,0.52,0.5,2026-10-07,835,N20,VIIRS,n,2.0NRT,301.33,2.7,D,VIIRS_NOAA20_NRT,,0,,,New / No Local History
21.92741,83.33448,301.73,0.66,0.73,2026-10-07,2106,N20,VIIRS,n,2.0NRT,286.93,2.7,N,VIIRS_NOAA20_NRT,2.9049999999999994,26,0.27749080487522587,-7.056798623063656,Persistent / Stable
15.17134,76.66647,319.45,0.42,0.38,2026-10-07,2049,N,VIIRS,n,2.0NRT,290.16,2.7,N,VIIRS_SNPP_NRT,2.4380701754385976,228,0.013080436499048173,10.743325897675714,Persistent / Stable
27.09056,77.72842,330.3,0.45,0.39,2026-10-07,744,N21,VIIRS,n,2.0NRT,303.65,2.69,D,VIIRS_NOAA21_NRT,,0,,,New / No Local History
15.86157,77.70403,332.01,0.48,0.48,2026-10-07,835,N20,VIIRS,l,2.0NRT,304.08,2.69,D,VIIRS_NOAA20_NRT,,0,,,New / No Local History
27.56262,72.45596,341.25,0.42,0.37,2026-10-07,820,N,VIIRS,l,2.0NRT,313.71,2.69,D,VIIRS_SNPP_NRT,,0,,,New / No Local History
27.56604,72.45523,340.02,0.42,0.37,2026-10-07,820,N,VIIRS,l,2.0NRT,314.22,2.69,D,VIIRS_SNPP_NRT,,0,,,New / No Local History
27.56676,72.45942,343.17,0.42,0.37,2026-10-07,820,N,VIIRS,l,2.0NRT,313.34,2.69,D,VIIRS_SNPP_NRT,,0,,,New / No Local History
28.05695,77.62602,333.93,0.44,0.38,2026-10-07,820,N,VIIRS,n,2.0NRT,303.82,2.69,D,VIIRS_SNPP_NRT,,0,,,New / No Local History
19.77231,75.29076,335.09,0.38,0.43,2026-10-07,837,N20,VIIRS,l,2.0NRT,307.28,2.68,D,VIIRS_NOAA20_NRT,,0,,,New / No Local History
23.94436,77.3983,330.69,0.4,0.37,2026-10-07,820,N,VIIRS,l,2.0NRT,305.31,2.68,D,VIIRS_SNPP_NRT,,0,,,New / No Local History
20.96442,85.1683,308.48,0.34,0.56,2026-10-07,2049,N,VIIRS,n,2.0NRT,291.41,2.67,N,VIIRS_SNPP_NRT,3.542232142857142,112,0.011660608304997612,-24.623799561414547,Persistent / Stable
20.96511,85.16511,316.39,0.34,0.56,2026-10-07,2049,N,VIIRS,n,2.0NRT,291.4,2.67,N,VIIRS_SNPP_NRT,3.440980392156862,102,0.04060690672510538,-22.40583509031852,Persistent / Stable
17.77195,80.93687,330.3,0.42,0.38,2026-10-07,739,N21,VIIRS,l,2.0NRT,302.1,2.66,D,VIIRS_NOAA21_NRT,,0,,,New / No Local History
20.94961,86.04787,308.19,0.5,0.41,2026-10-07,2010,N21,VIIRS,n,2.0NRT,294.53,2.66,N,VIIRS_NOAA21_NRT,3.456785714285715,28,0.07063102896115438,-23.049901849364616,Persistent / Stable
23.67645,86.40126,311.41,0.48,0.4,2026-10-07,2010,N21,VIIRS,n,2.0NRT,292.61,2.66,N,VIIRS_NOAA21_NRT,3.0147826086956515,92,0.021495702645644477,-11.768099221228704,Persistent / Stable
27.94776,77.40167,343.98,0.33,0.55,2026-10-07,839,N20,VIIRS,n,2.0NRT,298.37,2.66,D,VIIRS_NOAA20_NRT,,0,,,New / No Local History
25.00735,76.91402,338.52,0.4,0.37,2026-10-07,820,N,VIIRS,n,2.0NRT,308.4,2.66,D,VIIRS_SNPP_NRT,,0,,,New / No Local History
20.96981,86.02119,308.46,0.38,0.59,2026-10-07,2049,N,VIIRS,n,2.0NRT,291.63,2.66,N,VIIRS_SNPP_NRT,3.6711764705882333,51,0.01456730284433483,-27.543662874539294,Persistent / Stable
18.97217,78.2121,330.9,0.4,0.37,2026-10-07,818,N,VIIRS,n,2.0NRT,302.68,2.65,D,VIIRS_SNPP_NRT,,0,,,New / No Local History
27.39128,72.22851,341.79,0.43,0.38,2026-10-07,820,N,VIIRS,l,2.0NRT,313.83,2.65,D,VIIRS_SNPP_NRT,,0,,,New / No Local History
27.39472,72.22775,339.0,0.43,0.38,2026-10-07,820,N,VIIRS,l,2.0NRT,313.87,2.65,D,VIIRS_SNPP_NRT,,0,,,New / No Local History
27.55347,72.45727,340.92,0.42,0.37,2026-10-07,820,N,VIIRS,l,2.0NRT,314.99,2.65,D,VIIRS_SNPP_NRT,,0,,,New / No Local History
27.55418,72.46146,349.49,0.42,0.37,2026-10-07,820,N,VIIRS,n,2.0NRT,314.13,2.65,D,VIIRS_SNPP_NRT,,0,,,New / No Local History
27.55689,72.45654,350.45,0.42,0.37,2026-10-07,820,N,VIIRS,n,2.0NRT,313.6,2.65,D,VIIRS_SNPP_NRT,,0,,,New / No Local History
27.5576,72.46072,342.43,0.42,0.37,2026-10-07,820,N,VIIRS,l,2.0NRT,314.42,2.65,D,VIIRS_SNPP_NRT,,0,,,New / No Local History
22.05649,88.12495,316.64,0.49,0.65,2026-10-07,2046,N,VIIRS,n,2.0NRT,290.15,2.65,N,VIIRS_SNPP_NRT,4.342173913043477,23,0.008645143352325175,-38.97066186041853,Persistent / Stable
23.6506,85.43492,302.05,0.62,0.54,2026-10-07,2046,N,VIIRS,n,2.0NRT,287.69,2.65,N,VIIRS_SNPP_NRT,3.0220454545454554,44,0.04793083804546053,-12.311047604722896,Persistent / Stable
23.77598,86.36254,326.06,0.32,0.55,2026-10-07,1925,N20,VIIRS,n,2.0NRT,289.87,2.64,N,VIIRS_NOAA20_NRT,1.9622641509433965,53,0.0059304835992442725,34.538461538461526,Persistent / Stable
27.73664,78.77251,334.28,0.41,0.37,2026-10-07,744,N21,VIIRS,n,2.0NRT,299.51,2.63,D,VIIRS_NOAA21_NRT,,0,,,New / No Local History
23.54147,70.53769,336.61,0.4,0.37,2026-10-07,837,N20,VIIRS,n,2.0NRT,310.85,2.63,D,VIIRS_NOAA20_NRT,,0,,,New / No Local History
27.829,77.49324,336.15,0.33,0.55,2026-10-07,839,N20,VIIRS,n,2.0NRT,300.21,2.63,D,VIIRS_NOAA20_NRT,,0,,,New / No Local History
22.93239,69.69901,306.53,0.58,0.69,2026-10-07,2010,N21,VIIRS,n,2.0NRT,295.11,2.62,N,VIIRS_NOAA21_NRT,2.3864,25,0.020724065140799042,9.788803218236676,Persistent / Stable
22.04424,83.7284,312.46,0.46,0.63,2026-10-07,1925,N20,VIIRS,n,2.0NRT,287.86,2.62,N,VIIRS_NOAA20_NRT,1.5490000000000002,10,0.011535947262355732,69.14138153647514,Abnormal Increase
10.88719,79.21658,331.76,0.38,0.36,2026-10-07,816,N,VIIRS,n,2.0NRT,298.79,2.62,D,VIIRS_SNPP_NRT,8.97,1,0.7567925346520686,-70.79152731326644,Single Historical Detection
16.48532,79.59827,330.55,0.5,0.41,2026-10-07,739,N21,VIIRS,n,2.0NRT,298.37,2.61,D,VIIRS_NOAA21_NRT,3.64,2,0.42795507904041374,-28.296703296703303,Persistent / Stable
17.61077,74.83668,333.42,0.63,0.54,2026-10-07,739,N21,VIIRS,n,2.0NRT,302.55,2.61,D,VIIRS_NOAA21_NRT,,0,,,New / No Local History
18.10416,82.55094,331.53,0.39,0.36,2026-10-07,739,N21,VIIRS,n,2.0NRT,300.52,2.61,D,VIIRS_NOAA21_NRT,,0,,,New / No Local History
20.88792,84.98018,323.57,0.37,0.58,2026-10-07,1925,N20,VIIRS,n,2.0NRT,292.46,2.61,N,VIIRS_NOAA20_NRT,3.015394736842105,76,0.005779827915235883,-13.444168084827849,Persistent / Stable
18.41235,77.65134,332.52,0.39,0.36,2026-10-07,818,N,VIIRS,n,2.0NRT,305.91,2.61,D,VIIRS_SNPP_NRT,,0,,,New / No Local History
23.71654,77.90639,331.32,0.49,0.4,2026-10-07,741,N21,VIIRS,l,2.0NRT,305.47,2.6,D,VIIRS_NOAA21_NRT,,0,,,New / No Local History
13.3614,80.11385,336.31,0.41,0.37,2026-10-07,816,N,VIIRS,n,2.0NRT,299.85,2.6,D,VIIRS_SNPP_NRT,1.4,1,1.4734572384244036,85.71428571428574,Abnormal Increase
18.84554,78.47144,330.38,0.4,0.37,2026-10-07,818,N,VIIRS,l,2.0NRT,304.27,2.59,D,VIIRS_SNPP_NRT,,0,,,New / No Local History
27.60416,72.26348,342.22,0.42,0.38,2026-10-07,820,N,VIIRS,l,2.0NRT,315.03,2.59,D,VIIRS_SNPP_NRT,,0,,,New / No Local History
27.60489,72.26772,343.97,0.42,0.38,2026-10-07,820,N,VIIRS,l,2.0NRT,315.45,2.59,D,VIIRS_SNPP_NRT,,0,,,New / No Local History
20.78021,85.26141,344.68,0.35,0.56,2026-10-07,2049,N,VIIRS,n,2.0NRT,291.25,2.59,N,VIIRS_SNPP_NRT,4.227586206896553,58,0.017379836629619755,-38.73572593800981,Persistent / Stable
20.78092,85.25809,303.4,0.35,0.56,2026-10-07,2049,N,VIIRS,n,2.0NRT,291.24,2.59,N,VIIRS_SNPP_NRT,4.153833333333335,60,0.04415357143869385,-37.64795570356701,Persistent / Stable
20.78535,85.26267,341.1,0.35,0.56,2026-10-07,2049,N,VIIRS,n,2.0NRT,293.0,2.59,N,VIIRS_SNPP_NRT,4.153833333333335,60,0.02196563281888007,-37.64795570356701,Persistent / Stable
20.78607,85.25932,304.59,0.35,0.56,2026-10-07,2049,N,VIIRS,n,2.0NRT,291.89,2.59,N,VIIRS_SNPP_NRT,4.153833333333335,60,0.02626901609388939,-37.64795570356701,Persistent / Stable
20.96405,85.18897,322.78,0.34,0.56,2026-10-07,2049,N,VIIRS,n,2.0NRT,291.99,2.59,N,VIIRS_SNPP_NRT,3.6804878048780476,82,0.025963862012192196,-29.62889330682569,Persistent / Stable
20.96475,85.18567,322.95,0.34,0.56,2026-10-07,2049,N,VIIRS,n,2.0NRT,291.72,2.59,N,VIIRS_SNPP_NRT,3.6178,100,0.0530534880882408,-28.40953065398861,Persistent / Stable
21.37871,81.6743,305.3,0.61,0.71,2026-10-07,1925,N20,VIIRS,n,2.0NRT,288.76,2.58,N,VIIRS_NOAA20_NRT,2.452,15,0.22573811077046368,5.220228384991848,Persistent / Stable
18.89473,78.56445,334.71,0.4,0.37,2026-10-07,818,N,VIIRS,n,2.0NRT,303.78,2.57,D,VIIRS_SNPP_NRT,,0,,,New / No Local History
28.34634,77.23142,325.81,0.39,0.36,2026-10-07,2046,N,VIIRS,n,2.0NRT,293.98,2.57,N,VIIRS_SNPP_NRT,1.612727272727273,11,0.04214162205939245,59.35738444193909,Abnormal Increase
23.47572,77.01878,334.7,0.55,0.42,2026-10-07,741,N21,VIIRS,l,2.0NRT,308.04,2.56,D,VIIRS_NOAA21_NRT,,0,,,New / No Local History
26.45634,76.23568,337.62,0.53,0.5,2026-10-07,839,N20,VIIRS,l,2.0NRT,310.23,2.56,D,VIIRS_NOAA20_NRT,,0,,,New / No Local History
31.91549,74.8441,333.78,0.39,0.36,2026-10-07,822,N,VIIRS,n,2.0NRT,299.46,2.55,D,VIIRS_SNPP_NRT,,0,,,New / No Local History
20.96371,85.17152,316.94,0.34,0.56,2026-10-07,2049,N,VIIRS,n,2.0NRT,291.4,2.55,N,VIIRS_SNPP_NRT,3.547457627118643,118,0.0025675899416328354,-28.11753463927375,Persistent / Stable
20.96809,85.17603,315.92,0.34,0.56,2026-10-07,2049,N,VIIRS,n,2.0NRT,291.36,2.55,N,VIIRS_SNPP_NRT,3.5795412844036694,109,0.006812177463659986,-28.76182176999769,Persistent / Stable
20.96879,85.17283,340.86,0.34,0.56,2026-10-07,2049,N,VIIRS,n,2.0NRT,292.27,2.55,N,VIIRS_SNPP_NRT,3.5596581196581183,117,0.009577004061927298,-28.363907030349573,Persistent / Stable
23.16156,75.61557,339.44,0.38,0.36,2026-10-07,820,N,VIIRS,l,2.0NRT,313.15,2.54,D,VIIRS_SNPP_NRT,,0,,,New / No Local History
20.96352,85.1848,312.36,0.36,0.57,2026-10-07,1925,N20,VIIRS,n,2.0NRT,292.36,2.53,N,VIIRS_NOAA20_NRT,3.602980769230769,104,0.01783121882971271,-29.780363481092042,Persistent / Stable
22.0419,83.35078,307.31,0.49,0.65,2026-10-07,1925,N20,VIIRS,n,2.0NRT,287.45,2.53,N,VIIRS_NOAA20_NRT,1.5653846153846156,13,0.009173046438843582,61.62162162162159,Abnormal Increase
27.92753,77.10484,335.33,0.47,0.39,2026-10-07,744,N21,VIIRS,l,2.0NRT,307.1,2.52,D,VIIRS_NOAA21_NRT,,0,,,New / No Local History
10.6505,77.45954,335.3,0.4,0.44,2026-10-07,835,N20,VIIRS,n,2.0NRT,298.58,2.52,D,VIIRS_NOAA20_NRT,,0,,,New / No Local History
23.71389,86.42375,307.02,0.48,0.4,2026-10-07,2010,N21,VIIRS,n,2.0NRT,292.9,2.51,N,VIIRS_NOAA21_NRT,2.3882258064516124,62,0.001280261125455237,5.09893969068685,Persistent / Stable
15.17623,76.6532,317.28,0.5,0.41,2026-10-07,2012,N21,VIIRS,n,2.0NRT,293.52,2.51,N,VIIRS_NOAA21_NRT,2.661520467836257,171,0.01073943293060734,-5.693004042889791,Persistent / Stable
25.03097,73.86556,333.77,0.55,0.43,2026-10-07,839,N20,VIIRS,l,2.0NRT,307.48,2.51,D,VIIRS_NOAA20_NRT,,0,,,New / No Local History
31.54686,74.70376,333.54,0.39,0.36,2026-10-07,822,N,VIIRS,n,2.0NRT,299.11,2.51,D,VIIRS_SNPP_NRT,,0,,,New / No Local History
21.10278,75.15515,338.29,0.4,0.37,2026-10-07,818,N,VIIRS,n,2.0NRT,310.01,2.5,D,VIIRS_SNPP_NRT,,0,,,New / No Local History
21.10339,75.15893,334.12,0.4,0.37,2026-10-07,818,N,VIIRS,l,2.0NRT,308.97,2.5,D,VIIRS_SNPP_NRT,,0,,,New / No Local History
23.35106,75.20296,340.3,0.39,0.36,2026-10-07,820,N,VIIRS,n,2.0NRT,313.69,2.5,D,VIIRS_SNPP_NRT,,0,,,New / No Local History
18.68508,73.02989,314.37,0.42,0.38,2026-10-07,2046,N,VIIRS,n,2.0NRT,296.32,2.5,N,VIIRS_SNPP_NRT,2.326458333333333,48,0.009147896928166832,7.4594788215277275,Persistent / Stable
20.91188,71.45867,308.8,0.52,0.42,2026-10-07,2046,N,VIIRS,n,2.0NRT,297.3,2.5,N,VIIRS_SNPP_NRT,1.2485714285714289,14,0.0036877425493587104,100.22883295194502,Abnormal Increase
23.78545,85.55318,303.59,0.63,0.54,2026-10-07,2046,N,VIIRS,n,2.0NRT,287.95,2.5,N,VIIRS_SNPP_NRT,1.886818181818182,22,0.016402238806553126,32.498193206456264,Persistent / Stable
10.2864,77.8652,335.6,0.39,0.36,2026-10-07,816,N,VIIRS,n,2.0NRT,300.32,2.48,D,VIIRS_SNPP_NRT,4.79,1,0.1575557725087152,-48.225469728601254,Single Historical Detection
31.68396,75.05025,337.05,0.4,0.37,2026-10-07,822,N,VIIRS,n,2.0NRT,302.37,2.48,D,VIIRS_SNPP_NRT,,0,,,New / No Local History
31.68456,75.05441,334.07,0.4,0.37,2026-10-07,822,N,VIIRS,n,2.0NRT,301.08,2.48,D,VIIRS_SNPP_NRT,,0,,,New / No Local History
21.24574,79.22325,317.54,0.46,0.39,2026-10-07,2049,N,VIIRS,n,2.0NRT,295.97,2.48,N,VIIRS_SNPP_NRT,1.19375,8,0.02223677267430483,107.74869109947642,Abnormal Increase
18.94453,78.4788,335.52,0.4,0.37,2026-10-07,818,N,VIIRS,l,2.0NRT,305.57,2.47,D,VIIRS_SNPP_NRT,,0,,,New / No Local History
23.0914,75.77367,338.8,0.38,0.36,2026-10-07,820,N,VIIRS,l,2.0NRT,312.87,2.47,D,VIIRS_SNPP_NRT,,0,,,New / No Local History
29.47104,74.50541,331.36,0.45,0.47,2026-10-07,839,N20,VIIRS,n,2.0NRT,301.21,2.46,D,VIIRS_NOAA20_NRT,,0,,,New / No Local History
27.23279,72.1058,340.38,0.43,0.38,2026-10-07,820,N,VIIRS,l,2.0NRT,313.51,2.46,D,VIIRS_SNPP_NRT,,0,,,New / No Local History
21.10277,72.64755,311.29,0.46,0.39,2026-10-07,2049,N,VIIRS,n,2.0NRT,297.86,2.46,N,VIIRS_SNPP_NRT,4.8750967741935485,155,0.0029809591272764962,-49.53946323646181,Persistent / Stable
21.10337,72.64313,314.64,0.46,0.39,2026-10-07,2049,N,VIIRS,n,2.0NRT,297.67,2.46,N,VIIRS_SNPP_NRT,4.8750967741935485,155,0.006832901587085241,-49.53946323646181,Persistent / Stable
21.10638,72.64812,329.32,0.46,0.39,2026-10-07,2049,N,VIIRS,n,2.0NRT,300.54,2.46,N,VIIRS_SNPP_NRT,4.8750967741935485,155,0.003279812712669139,-49.53946323646181,Persistent / Stable
21.10699,72.64369,331.13,0.46,0.39,2026-10-07,2049,N,VIIRS,n,2.0NRT,299.4,2.46,N,VIIRS_SNPP_NRT,4.8750967741935485,155,0.004204616589205623,-49.53946323646181,Persistent / Stable
25.94266,72.188,315.32,0.43,0.62,2026-10-07,2010,N21,VIIRS,n,2.0NRT,296.34,2.45,N,VIIRS_NOAA21_NRT,1.6684374999999998,32,0.007318876664427381,46.84397827308487,Persistent / Stable
13.79008,76.59678,336.49,0.39,0.44,2026-10-07,835,N20,VIIRS,n,2.0NRT,298.66,2.45,D,VIIRS_NOAA20_NRT,,0,,,New / No Local History
22.0351,83.35941,301.74,0.48,0.65,2026-10-07,1925,N20,VIIRS,n,2.0NRT,287.31,2.45,N,VIIRS_NOAA20_NRT,1.5653846153846156,13,0.023889651677578807,56.5110565110565,Abnormal Increase
27.82602,77.48138,335.02,0.43,0.38,2026-10-07,820,N,VIIRS,n,2.0NRT,304.51,2.45,D,VIIRS_SNPP_NRT,,0,,,New / No Local History
20.96792,85.15226,319.43,0.34,0.56,2026-10-07,2049,N,VIIRS,n,2.0NRT,291.35,2.45,N,VIIRS_SNPP_NRT,3.389677419354839,62,0.04154305977436641,-27.721735820327375,Persistent / Stable
9.46668,78.77068,315.32,0.39,0.36,2026-10-07,2014,N21,VIIRS,n,2.0NRT,289.06,2.44,N,VIIRS_NOAA21_NRT,4.96,1,0.12013843005780132,-50.806451612903224,Single Historical Detection
18.7037,78.26379,330.02,0.4,0.37,2026-10-07,818,N,VIIRS,n,2.0NRT,302.33,2.44,D,VIIRS_SNPP_NRT,,0,,,New / No Local History
22.05431,88.12855,311.28,0.49,0.65,2026-10-07,2046,N,VIIRS,n,2.0NRT,290.18,2.44,N,VIIRS_SNPP_NRT,4.386363636363635,22,0.06757669754383137,-44.37305699481864,Persistent / Stable
22.05542,88.12376,315.25,0.49,0.65,2026-10-07,2046,N,VIIRS,n,2.0NRT,290.16,2.44,N,VIIRS_SNPP_NRT,4.342173913043477,23,0.022416029415355244,-43.806949033743855,Persistent / Stable
11.59686,79.66467,336.55,0.39,0.36,2026-10-07,816,N,VIIRS,n,2.0NRT,302.43,2.43,D,VIIRS_SNPP_NRT,3.31,1,1.0412735611204538,-26.586102719033228,Single Historical Detection
21.85634,75.84785,337.43,0.39,0.36,2026-10-07,818,N,VIIRS,n,2.0NRT,309.57,2.43,D,VIIRS_SNPP_NRT,,0,,,New / No Local History
25.00455,76.45987,337.28,0.39,0.36,2026-10-07,820,N,VIIRS,l,2.0NRT,310.41,2.43,D,VIIRS_SNPP_NRT,,0,,,New / No Local History
22.95505,75.2914,338.15,0.39,0.36,2026-10-07,820,N,VIIRS,l,2.0NRT,311.31,2.41,D,VIIRS_SNPP_NRT,,0,,,New / No Local History
15.17693,76.67549,321.96,0.42,0.38,2026-10-07,2049,N,VIIRS,n,2.0NRT,291.62,2.41,N,VIIRS_SNPP_NRT,2.467724867724868,189,0.005059601802832008,-2.3391938250428863,Persistent / Stable
15.18037,76.67612,306.86,0.42,0.38,2026-10-07,2049,N,VIIRS,n,2.0NRT,290.78,2.41,N,VIIRS_SNPP_NRT,2.410944444444444,180,0.008199903620536604,-0.03917321473832631,Persistent / Stable
20.69566,78.63636,312.76,0.46,0.39,2026-10-07,2010,N21,VIIRS,n,2.0NRT,296.42,2.4,N,VIIRS_NOAA21_NRT,1.468,5,0.01872753969720536,63.48773841961852,Abnormal Increase
20.97977,85.13214,308.28,0.46,0.39,2026-10-07,2010,N21,VIIRS,n,2.0NRT,294.93,2.4,N,VIIRS_NOAA21_NRT,2.9283333333333337,18,0.027798059041850356,-18.04211724530451,Persistent / Stable
21.11028,72.6376,316.35,0.46,0.39,2026-10-07,2108,N20,VIIRS,n,2.0NRT,299.43,2.4,N,VIIRS_NOAA20_NRT,4.8750967741935485,155,0.007542111725361363,-50.770208035572495,Persistent / Reduced
23.77357,86.3661,314.85,0.48,0.4,2026-10-07,2010,N21,VIIRS,n,2.0NRT,291.56,2.39,N,VIIRS_NOAA21_NRT,1.9725000000000004,52,0.008275017607852625,21.16603295310518,Persistent / Stable
23.7744,86.3615,315.26,0.48,0.4,2026-10-07,2010,N21,VIIRS,n,2.0NRT,291.46,2.39,N,VIIRS_NOAA21_NRT,1.9240000000000004,55,0.04273911476733885,24.220374220374204,Persistent / Stable
23.16994,82.34286,305.04,0.54,0.68,2026-10-07,2106,N20,VIIRS,n,2.0NRT,289.26,2.39,N,VIIRS_NOAA20_NRT,1.913076923076923,13,0.028249446048065834,24.929634097306007,Persistent / Stable
11.48008,77.24461,340.0,0.39,0.44,2026-10-07,837,N20,VIIRS,n,2.0NRT,298.13,2.38,D,VIIRS_NOAA20_NRT,,0,,,New / No Local History
25.90757,75.3139,335.8,0.46,0.47,2026-10-07,839,N20,VIIRS,l,2.0NRT,309.88,2.38,D,VIIRS_NOAA20_NRT,,0,,,New / No Local History
18.88251,77.94164,332.95,0.39,0.36,2026-10-07,818,N,VIIRS,l,2.0NRT,307.04,2.38,D,VIIRS_SNPP_NRT,,0,,,New / No Local History
23.71375,86.42562,305.19,0.48,0.4,2026-10-07,2010,N21,VIIRS,n,2.0NRT,293.01,2.37,N,VIIRS_NOAA21_NRT,2.3710937499999996,64,0.00769331761621684,-0.046128500823700014,Persistent / Stable
15.18495,76.64505,304.24,0.5,0.41,2026-10-07,2012,N21,VIIRS,n,2.0NRT,291.41,2.37,N,VIIRS_NOAA21_NRT,2.5535779816513764,109,0.06658109504703252,-7.189049364087093,Persistent / Stable
20.96517,85.17406,318.59,0.36,0.57,2026-10-07,1925,N20,VIIRS,n,2.0NRT,292.25,2.37,N,VIIRS_NOAA20_NRT,3.5433628318584063,113,0.016196187789239123,-33.1143856143856,Persistent / Stable
20.97046,85.17464,322.71,0.36,0.57,2026-10-07,1925,N20,VIIRS,n,2.0NRT,292.56,2.37,N,VIIRS_NOAA20_NRT,3.546756756756756,111,0.011294078403551386,-33.17838908786099,Persistent / Stable
21.10871,72.64635,325.39,0.46,0.39,2026-10-07,2108,N20,VIIRS,n,2.0NRT,299.8,2.37,N,VIIRS_NOAA20_NRT,4.8750967741935485,155,0.010542823159183212,-51.38558043512784,Persistent / Reduced
18.52915,82.6929,335.94,0.41,0.45,2026-10-07,818,N,VIIRS,n,2.0NRT,301.62,2.37,D,VIIRS_SNPP_NRT,,0,,,New / No Local History
10.24736,79.1907,335.6,0.38,0.36,2026-10-07,816,N,VIIRS,n,2.0NRT,299.44,2.36,D,VIIRS_SNPP_NRT,7.369999999999999,2,0.6098944350674941,-67.97829036635007,Persistent / Reduced
22.27474,77.06736,335.56,0.39,0.36,2026-10-07,818,N,VIIRS,l,2.0NRT,309.78,2.36,D,VIIRS_SNPP_NRT,,0,,,New / No Local History
22.42837,77.16583,340.57,0.39,0.36,2026-10-07,818,N,VIIRS,n,2.0NRT,309.63,2.36,D,VIIRS_SNPP_NRT,,0,,,New / No Local History
26.65517,72.31332,343.12,0.43,0.38,2026-10-07,820,N,VIIRS,l,2.0NRT,313.78,2.36,D,VIIRS_SNPP_NRT,,0,,,New / No Local History
18.68104,73.03333,312.96,0.42,0.38,2026-10-07,2046,N,VIIRS,n,2.0NRT,296.16,2.36,N,VIIRS_SNPP_NRT,2.2831999999999995,50,0.006343518275644245,3.363700070077104,Persistent / Stable
15.13767,76.71302,306.29,0.49,0.41,2026-10-07,2012,N21,VIIRS,n,2.0NRT,291.23,2.35,N,VIIRS_NOAA21_NRT,0.852,10,0.1384642063828649,175.82159624413148,Abnormal Increase
26.28811,91.97646,331.94,0.41,0.37,2026-10-07,659,N20,VIIRS,n,2.0NRT,298.67,2.35,D,VIIRS_NOAA20_NRT,2.87,1,0.9863952960741549,-18.118466898954704,Single Historical Detection
23.03306,75.96793,340.94,0.38,0.36,2026-10-07,820,N,VIIRS,l,2.0NRT,314.82,2.35,D,VIIRS_SNPP_NRT,,0,,,New / No Local History
22.03047,83.3651,309.02,0.5,0.49,2026-10-07,2046,N,VIIRS,n,2.0NRT,290.36,2.35,N,VIIRS_SNPP_NRT,1.5653846153846156,13,0.14849704518533285,50.1228501228501,Abnormal Increase
24.82012,73.09413,310.06,0.48,0.4,2026-10-07,2046,N,VIIRS,n,2.0NRT,297.82,2.35,N,VIIRS_SNPP_NRT,0.9616666666666668,6,0.07569601342502688,144.36741767764295,Abnormal Increase
11.6002,79.66416,332.99,0.39,0.36,2026-10-07,816,N,VIIRS,n,2.0NRT,301.41,2.34,D,VIIRS_SNPP_NRT,3.31,1,1.0964995961449426,-29.305135951661637,Single Historical Detection
20.7383,75.61084,336.03,0.39,0.36,2026-10-07,818,N,VIIRS,n,2.0NRT,305.17,2.34,D,VIIRS_SNPP_NRT,,0,,,New / No Local History
14.87231,78.05326,306.05,0.48,0.4,2026-10-07,2049,N,VIIRS,n,2.0NRT,291.58,2.34,N,VIIRS_SNPP_NRT,1.92,3,0.041942659868755054,21.874999999999996,Persistent / Stable
23.16039,77.21925,334.02,0.54,0.42,2026-10-07,741,N21,VIIRS,l,2.0NRT,305.45,2.33,D,VIIRS_NOAA21_NRT,,0,,,New / No Local History
23.65661,85.50866,312.56,0.44,0.38,2026-10-07,2010,N21,VIIRS,n,2.0NRT,289.45,2.33,N,VIIRS_NOAA21_NRT,1.07,10,0.011254302189269687,117.75700934579439,Abnormal Increase
22.38066,87.27443,299.63,0.71,0.75,2026-10-07,1906,N,VIIRS,n,2.0NRT,282.89,2.33,N,VIIRS_SNPP_NRT,3.5930000000000004,70,0.06187497759406903,-35.151683829668805,Persistent / Stable
21.92435,83.35241,307.93,0.5,0.49,2026-10-07,2046,N,VIIRS,n,2.0NRT,291.12,2.33,N,VIIRS_SNPP_NRT,2.8140740740740737,27,0.02176152524444057,-17.2018952355883,Persistent / Stable
23.7789,86.20689,300.88,0.34,0.56,2026-10-07,2046,N,VIIRS,n,2.0NRT,288.61,2.33,N,VIIRS_SNPP_NRT,3.051874999999999,48,0.003452572127842166,-23.653491705918466,Persistent / Stable
20.96963,86.02238,318.8,0.5,0.41,2026-10-07,2010,N21,VIIRS,n,2.0NRT,294.68,2.32,N,VIIRS_NOAA21_NRT,3.816595744680849,47,0.00775257001903337,-39.21284424127548,Persistent / Stable
21.34919,81.66679,328.88,0.38,0.36,2026-10-07,2010,N21,VIIRS,n,2.0NRT,293.35,2.32,N,VIIRS_NOAA21_NRT,2.5026666666666673,15,0.163647735503531,-7.298881193393742,Persistent / Stable
24.55904,77.86491,331.42,0.32,0.54,2026-10-07,837,N20,VIIRS,l,2.0NRT,302.15,2.32,D,VIIRS_NOAA20_NRT,,0,,,New / No Local History
27.4144,76.98358,335.35,0.6,0.53,2026-10-07,839,N20,VIIRS,l,2.0NRT,306.69,2.32,D,VIIRS_NOAA20_NRT,,0,,,New / No Local History
14.02297,79.7056,336.29,0.4,0.37,2026-10-07,816,N,VIIRS,n,2.0NRT,299.15,2.32,D,VIIRS_SNPP_NRT,,0,,,New / No Local History
21.92508,85.22314,311.47,0.33,0.55,2026-10-07,2046,N,VIIRS,n,2.0NRT,288.55,2.32,N,VIIRS_SNPP_NRT,1.847058823529412,17,0.022806774877654826,25.605095541401248,Persistent / Stable
22.35705,82.30418,317.93,0.38,0.36,2026-10-07,2010,N21,VIIRS,n,2.0NRT,296.55,2.31,N,VIIRS_NOAA21_NRT,3.8262500000000004,24,0.0011914206194448057,-39.62757268866384,Persistent / Stable
23.73919,86.43391,324.01,0.36,0.57,2026-10-07,2046,N,VIIRS,n,2.0NRT,288.99,2.31,N,VIIRS_SNPP_NRT,2.317319587628866,97,0.0033189024731872466,-0.3158644007473925,Persistent / Stable
20.6337,78.78693,333.1,0.49,0.4,2026-10-07,741,N21,VIIRS,n,2.0NRT,307.29,2.3,D,VIIRS_NOAA21_NRT,,0,,,New / No Local History
22.26589,75.13266,308.57,0.5,0.49,2026-10-07,2010,N21,VIIRS,n,2.0NRT,296.3,2.3,N,VIIRS_NOAA21_NRT,0.86,2,0.06589136718987047,167.44186046511626,Abnormal Increase
23.77997,86.37226,313.37,0.48,0.4,2026-10-07,2010,N21,VIIRS,n,2.0NRT,291.99,2.3,N,VIIRS_NOAA21_NRT,2.079393939393939,66,0.057010922989523545,10.609151850772374,Persistent / Stable
22.4668,77.1615,332.0,0.54,0.51,2026-10-07,837,N20,VIIRS,l,2.0NRT,305.45,2.3,D,VIIRS_NOAA20_NRT,,0,,,New / No Local History
22.87261,86.06201,309.6,0.48,0.4,2026-10-07,2010,N21,VIIRS,n,2.0NRT,290.81,2.29,N,VIIRS_NOAA21_NRT,2.0949999999999998,10,0.016853448697513956,9.307875894988081,Persistent / Stable
22.34113,69.85281,311.63,0.38,0.36,2026-10-07,2108,N20,VIIRS,n,2.0NRT,298.6,2.29,N,VIIRS_NOAA20_NRT,3.7053846153846157,13,0.03851788032354653,-38.19804857795309,Persistent / Stable
14.74986,75.46679,335.35,0.51,0.41,2026-10-07,835,N20,VIIRS,l,2.0NRT,305.95,2.28,D,VIIRS_NOAA20_NRT,,0,,,New / No Local History
23.67555,86.39903,305.3,0.36,0.57,2026-10-07,2046,N,VIIRS,n,2.0NRT,289.83,2.28,N,VIIRS_SNPP_NRT,3.0147826086956515,92,0.0033801219177909555,-24.3726564753389,Persistent / Stable
27.66661,76.13063,314.12,0.4,0.37,2026-10-07,2046,N,VIIRS,n,2.0NRT,296.48,2.28,N,VIIRS_SNPP_NRT,0.9249999999999999,2,0.14183979311825412,146.4864864864865,Abnormal Increase
28.67094,77.5675,327.31,0.38,0.36,2026-10-07,2046,N,VIIRS,n,2.0NRT,293.25,2.28,N,VIIRS_SNPP_NRT,2.34375,8,0.4406205939634841,-2.720000000000008,Persistent / Stable
22.59069,76.69536,338.28,0.39,0.44,2026-10-07,741,N21,VIIRS,n,2.0NRT,312.54,2.27,D,VIIRS_NOAA21_NRT,,0,,,New / No Local History
20.69664,78.63732,312.33,0.46,0.39,2026-10-07,2010,N21,VIIRS,n,2.0NRT,296.11,2.27,N,VIIRS_NOAA21_NRT,1.468,5,0.08114909816904,54.63215258855586,Abnormal Increase
20.76008,85.29822,317.88,0.47,0.4,2026-10-07,2010,N21,VIIRS,n,2.0NRT,295.65,2.27,N,VIIRS_NOAA21_NRT,2.932222222222222,27,0.04265102101413515,-22.584312239484643,Persistent / Stable
20.76085,85.29386,315.01,0.47,0.39,2026-10-07,2010,N21,VIIRS,n,2.0NRT,295.53,2.27,N,VIIRS_NOAA21_NRT,2.932222222222222,27,0.03646673115149077,-22.584312239484643,Persistent / Stable
24.19703,82.71493,318.57,0.38,0.36,2026-10-07,2010,N21,VIIRS,n,2.0NRT,292.52,2.27,N,VIIRS_NOAA21_NRT,1.1085714285714285,7,0.03583919058107999,104.76804123711341,Abnormal Increase
20.76131,85.29517,318.85,0.35,0.57,2026-10-07,1925,N20,VIIRS,n,2.0NRT,292.35,2.27,N,VIIRS_NOAA20_NRT,2.932222222222222,27,0.01663846055871364,-22.584312239484643,Persistent / Stable
23.76807,86.39075,303.56,0.32,0.55,2026-10-07,1925,N20,VIIRS,n,2.0NRT,289.33,2.27,N,VIIRS_NOAA20_NRT,2.20476821192053,151,0.005852500082652046,2.958668749249057,Persistent / Stable
26.87622,73.51451,308.13,0.48,0.4,2026-10-07,2046,N,VIIRS,n,2.0NRT,295.73,2.27,N,VIIRS_SNPP_NRT,1.669047619047619,21,0.019361773817957263,36.00570613409417,Persistent / Stable
15.18166,76.66836,316.03,0.42,0.38,2026-10-07,2049,N,VIIRS,n,2.0NRT,289.72,2.26,N,VIIRS_SNPP_NRT,2.4380701754385976,228,0.005838937705539877,-7.303734618982566,Persistent / Stable
22.77314,75.23622,334.35,0.42,0.45,2026-10-07,837,N20,VIIRS,l,2.0NRT,308.9,2.25,D,VIIRS_NOAA20_NRT,,0,,,New / No Local History
9.53262,78.76575,338.8,0.39,0.36,2026-10-07,816,N,VIIRS,n,2.0NRT,304.1,2.25,D,VIIRS_SNPP_NRT,5.404999999999999,2,0.39500519656932104,-58.37187789084181,Persistent / Reduced
20.96768,86.00507,303.8,0.38,0.59,2026-10-07,2049,N,VIIRS,n,2.0NRT,291.83,2.25,N,VIIRS_SNPP_NRT,3.736938775510202,49,0.046145200046487284,-39.790289989623695,Persistent / Stable
15.18111,76.67258,305.62,0.5,0.41,2026-10-07,2012,N21,VIIRS,n,2.0NRT,292.03,2.24,N,VIIRS_NOAA21_NRT,2.450694444444445,216,0.020461204111768945,-8.597336355908208,Persistent / Stable
15.18175,76.66799,316.97,0.5,0.41,2026-10-07,2012,N21,VIIRS,n,2.0NRT,292.72,2.24,N,VIIRS_NOAA21_NRT,2.4380701754385976,228,0.013962186758535654,-8.124055551557923,Persistent / Stable
22.46477,77.15965,331.74,0.54,0.51,2026-10-07,837,N20,VIIRS,l,2.0NRT,306.22,2.24,D,VIIRS_NOAA20_NRT,,0,,,New / No Local History
20.97267,85.15365,319.99,0.36,0.57,2026-10-07,1925,N20,VIIRS,n,2.0NRT,292.0,2.24,N,VIIRS_NOAA20_NRT,3.3328571428571436,70,0.015356524699201835,-32.79039862837549,Persistent / Stable
13.89058,79.7986,334.83,0.4,0.37,2026-10-07,816,N,VIIRS,n,2.0NRT,299.86,2.24,D,VIIRS_SNPP_NRT,,0,,,New / No Local History
18.95293,77.89577,337.97,0.39,0.36,2026-10-07,818,N,VIIRS,n,2.0NRT,308.73,2.24,D,VIIRS_SNPP_NRT,,0,,,New / No Local History
24.79226,76.62767,338.53,0.39,0.36,2026-10-07,820,N,VIIRS,n,2.0NRT,310.91,2.24,D,VIIRS_SNPP_NRT,,0,,,New / No Local History
31.51602,75.05118,331.12,0.39,0.37,2026-10-07,822,N,VIIRS,n,2.0NRT,301.03,2.24,D,VIIRS_SNPP_NRT,,0,,,New / No Local History
15.17607,76.65936,312.8,0.42,0.38,2026-10-07,2049,N,VIIRS,n,2.0NRT,289.0,2.24,N,VIIRS_SNPP_NRT,2.479429824561404,228,0.010475610103118295,-9.656648564504446,Persistent / Stable
15.17671,76.65547,326.43,0.42,0.38,2026-10-07,2049,N,VIIRS,n,2.0NRT,291.07,2.24,N,VIIRS_SNPP_NRT,2.6087027027027028,185,0.005408665096999807,-14.133565404778178,Persistent / Stable
22.59076,85.90574,304.83,0.47,0.4,2026-10-07,2010,N21,VIIRS,n,2.0NRT,292.12,2.23,N,VIIRS_NOAA21_NRT,2.4885,20,0.04971103941677385,-10.38778380550533,Persistent / Stable
22.93062,69.69562,309.38,0.38,0.36,2026-10-07,2108,N20,VIIRS,n,2.0NRT,296.7,2.23,N,VIIRS_NOAA20_NRT,2.3864,25,0.011074974343840414,-6.553804894401613,Persistent / Stable
22.93391,69.69623,338.93,0.38,0.36,2026-10-07,2108,N20,VIIRS,n,2.0NRT,297.41,2.23,N,VIIRS_NOAA20_NRT,2.3864,25,0.009220505306400348,-6.553804894401613,Persistent / Stable
22.78087,77.13346,336.1,0.39,0.36,2026-10-07,820,N,VIIRS,n,2.0NRT,307.6,2.23,D,VIIRS_SNPP_NRT,,0,,,New / No Local History
20.86544,84.98791,317.06,0.33,0.55,2026-10-07,2049,N,VIIRS,n,2.0NRT,290.89,2.23,N,VIIRS_SNPP_NRT,3.015394736842105,76,0.01991125878331418,-26.04616660121306,Persistent / Stable
22.04258,83.72678,323.5,0.4,0.37,2026-10-07,2010,N21,VIIRS,n,2.0NRT,292.54,2.22,N,VIIRS_NOAA21_NRT,1.5490000000000002,10,0.1135762446225284,43.31826985151711,Persistent / Stable
20.97188,85.15395,318.05,0.36,0.57,2026-10-07,1925,N20,VIIRS,n,2.0NRT,292.17,2.22,N,VIIRS_NOAA20_NRT,3.3349315068493155,73,0.02295440665405577,-33.43191620455946,Persistent / Stable
24.93372,74.63474,314.44,0.51,0.41,2026-10-07,2106,N20,VIIRS,n,2.0NRT,295.7,2.22,N,VIIRS_NOAA20_NRT,1.14,8,0.019162687357363564,94.7368421052632,Abnormal Increase
13.39216,80.10324,317.48,0.38,0.36,2026-10-07,2012,N21,VIIRS,n,2.0NRT,292.4,2.21,N,VIIRS_NOAA21_NRT,1.8466666666666667,6,0.08440658894535395,19.675090252707577,Persistent / Stable
21.1845,81.38329,302.93,0.64,0.72,2026-10-07,1925,N20,VIIRS,n,2.0NRT,288.55,2.21,N,VIIRS_NOAA20_NRT,2.7287500000000002,24,0.011280493327390666,-19.01053595968851,Persistent / Stable
18.92989,78.66441,332.59,0.4,0.37,2026-10-07,818,N,VIIRS,n,2.0NRT,299.17,2.21,D,VIIRS_SNPP_NRT,,0,,,New / No Local History
22.15069,75.58015,331.21,0.47,0.47,2026-10-07,741,N21,VIIRS,n,2.0NRT,305.2,2.2,D,VIIRS_NOAA21_NRT,,0,,,New / No Local History
27.3793,95.33376,327.92,0.39,0.36,2026-10-07,1923,N20,VIIRS,n,2.0NRT,292.08,2.2,N,VIIRS_NOAA20_NRT,3.152,10,0.03187366387660457,-30.203045685279186,Persistent / Stable
28.21555,77.56789,331.97,0.44,0.39,2026-10-07,744,N21,VIIRS,n,2.0NRT,304.09,2.19,D,VIIRS_NOAA21_NRT,,0,,,New / No Local History
22.04037,83.34821,305.89,0.66,0.73,2026-10-07,2106,N20,VIIRS,n,2.0NRT,286.58,2.19,N,VIIRS_NOAA20_NRT,1.5653846153846156,13,0.06295380695613113,39.90171990171988,Persistent / Stable
23.39218,78.16361,332.26,0.32,0.55,2026-10-07,837,N20,VIIRS,n,2.0NRT,302.96,2.18,D,VIIRS_NOAA20_NRT,,0,,,New / No Local History
29.03368,75.69736,331.23,0.53,0.5,2026-10-07,839,N20,VIIRS,l,2.0NRT,304.57,2.18,D,VIIRS_NOAA20_NRT,6.91,1,0.3872014576659144,-68.45151953690305,Single Historical Detection
20.96453,85.17441,314.78,0.36,0.57,2026-10-07,1925,N20,VIIRS,n,2.0NRT,292.29,2.18,N,VIIRS_NOAA20_NRT,3.546756756756756,111,0.01573322173576787,-38.535395869846816,Persistent / Stable
20.96982,85.175,322.5,0.36,0.57,2026-10-07,1925,N20,VIIRS,n,2.0NRT,292.45,2.18,N,VIIRS_NOAA20_NRT,3.5629999999999997,110,0.004334972015498815,-38.81560482739263,Persistent / Stable
22.80374,75.92928,337.84,0.38,0.36,2026-10-07,820,N,VIIRS,n,2.0NRT,310.32,2.18,D,VIIRS_SNPP_NRT,,0,,,New / No Local History
20.86703,84.993,304.12,0.37,0.58,2026-10-07,1925,N20,VIIRS,n,2.0NRT,292.4,2.17,N,VIIRS_NOAA20_NRT,3.038266666666666,75,0.014780545405890614,-28.577697810154902,Persistent / Stable
23.80516,86.32719,315.19,0.33,0.55,2026-10-07,1925,N20,VIIRS,n,2.0NRT,290.14,2.17,N,VIIRS_NOAA20_NRT,2.4190566037735852,53,0.027670665189967594,-10.295608766866874,Persistent / Stable
11.79316,78.72153,333.72,0.38,0.36,2026-10-07,816,N,VIIRS,n,2.0NRT,299.89,2.17,D,VIIRS_SNPP_NRT,21.36,2,1.4798652494164384,-89.84082397003745,Persistent / Reduced
21.8967,75.69873,332.03,0.46,0.47,2026-10-07,741,N21,VIIRS,n,2.0NRT,304.91,2.16,D,VIIRS_NOAA21_NRT,,0,,,New / No Local History
21.92004,83.35212,323.97,0.39,0.36,2026-10-07,2010,N21,VIIRS,n,2.0NRT,295.38,2.15,N,VIIRS_NOAA21_NRT,2.8140740740740737,27,0.010374974858019184,-23.598315346143718,Persistent / Stable
21.92066,83.34835,317.07,0.39,0.36,2026-10-07,2010,N21,VIIRS,n,2.0NRT,294.21,2.15,N,VIIRS_NOAA21_NRT,2.8140740740740737,27,0.03818773590941583,-23.598315346143718,Persistent / Stable
21.92336,83.35274,316.49,0.39,0.36,2026-10-07,2010,N21,VIIRS,n,2.0NRT,293.81,2.15,N,VIIRS_NOAA21_NRT,2.8140740740740737,27,0.00705457190231337,-23.598315346143718,Persistent / Stable
23.79798,86.31393,305.76,0.48,0.4,2026-10-07,2010,N21,VIIRS,n,2.0NRT,291.44,2.15,N,VIIRS_NOAA21_NRT,2.575531914893617,47,0.6806599942390082,-16.52209830648493,Persistent / Stable
14.68266,75.48782,331.39,0.43,0.38,2026-10-07,816,N,VIIRS,n,2.0NRT,300.45,2.15,D,VIIRS_SNPP_NRT,,0,,,New / No Local History
22.59637,77.32849,335.81,0.4,0.37,2026-10-07,818,N,VIIRS,n,2.0NRT,307.29,2.15,D,VIIRS_SNPP_NRT,,0,,,New / No Local History
25.05988,76.55698,330.87,0.53,0.5,2026-10-07,839,N20,VIIRS,l,2.0NRT,301.43,2.14,D,VIIRS_NOAA20_NRT,,0,,,New / No Local History
23.76713,86.40034,312.68,0.32,0.55,2026-10-07,1925,N20,VIIRS,n,2.0NRT,288.88,2.14,N,VIIRS_NOAA20_NRT,2.158924050632911,158,0.008633032970494671,-0.8765500864823444,Persistent / Stable
23.77218,86.40097,305.87,0.32,0.55,2026-10-07,1925,N20,VIIRS,n,2.0NRT,288.93,2.14,N,VIIRS_NOAA20_NRT,2.158924050632911,158,0.016516149919883764,-0.8765500864823444,Persistent / Stable
21.15744,75.66899,332.25,0.39,0.36,2026-10-07,818,N,VIIRS,n,2.0NRT,306.19,2.14,D,VIIRS_SNPP_NRT,,0,,,New / No Local History
31.32873,75.01426,332.66,0.39,0.36,2026-10-07,822,N,VIIRS,n,2.0NRT,299.33,2.14,D,VIIRS_SNPP_NRT,,0,,,New / No Local History
27.42497,77.61739,332.58,0.45,0.39,2026-10-07,744,N21,VIIRS,n,2.0NRT,302.64,2.13,D,VIIRS_NOAA21_NRT,,0,,,New / No Local History
20.97733,85.16756,316.22,0.46,0.39,2026-10-07,2010,N21,VIIRS,n,2.0NRT,294.47,2.13,N,VIIRS_NOAA21_NRT,3.5234259259259253,108,0.007288054759501753,-39.5474732609781,Persistent / Stable
21.74743,83.84331,305.11,0.4,0.37,2026-10-07,2010,N21,VIIRS,n,2.0NRT,289.45,2.13,N,VIIRS_NOAA21_NRT,4.736385542168675,83,0.009486031583078319,-55.02899877899878,Persistent / Reduced
16.54598,79.75666,307.39,0.39,0.36,2026-10-07,2012,N21,VIIRS,n,2.0NRT,293.47,2.13,N,VIIRS_NOAA21_NRT,,0,,,New / No Local History
21.65069,71.22896,335.4,0.4,0.37,2026-10-07,837,N20,VIIRS,n,2.0NRT,304.56,2.13,D,VIIRS_NOAA20_NRT,,0,,,New / No Local History
23.75546,86.4151,312.4,0.32,0.55,2026-10-07,1925,N20,VIIRS,n,2.0NRT,287.94,2.13,N,VIIRS_NOAA20_NRT,2.333357664233576,137,0.0077367129426419105,-8.715237588763394,Persistent / Stable
21.75249,83.84324,307.66,0.54,0.51,2026-10-07,2046,N,VIIRS,n,2.0NRT,289.63,2.13,N,VIIRS_SNPP_NRT,4.736385542168675,83,0.011336992150808557,-55.02899877899878,Persistent / Reduced
21.7571,83.84436,314.14,0.54,0.51,2026-10-07,2046,N,VIIRS,n,2.0NRT,290.17,2.13,N,VIIRS_SNPP_NRT,4.736385542168675,83,0.004580741311384982,-55.02899877899878,Persistent / Reduced
21.9839,83.23177,317.52,0.39,0.36,2026-10-07,2010,N21,VIIRS,n,2.0NRT,294.42,2.12,N,VIIRS_NOAA21_NRT,2.5444444444444443,9,0.00424767465524459,-16.681222707423572,Persistent / Stable
24.20267,82.71223,300.57,0.56,0.69,2026-10-07,1925,N20,VIIRS,n,2.0NRT,287.84,2.12,N,VIIRS_NOAA20_NRT,1.1085714285714285,7,0.07912262383161041,91.23711340206188,Abnormal Increase
15.17576,76.65606,310.49,0.34,0.56,2026-10-07,2108,N20,VIIRS,n,2.0NRT,281.34,2.12,N,VIIRS_NOAA20_NRT,2.592953367875648,193,0.002599537108180152,-18.239948845016386,Persistent / Stable
27.56172,72.46418,341.55,0.42,0.37,2026-10-07,820,N,VIIRS,l,2.0NRT,314.48,2.12,D,VIIRS_SNPP_NRT,,0,,,New / No Local History
27.56243,72.46837,344.6,0.42,0.37,2026-10-07,820,N,VIIRS,n,2.0NRT,313.8,2.12,D,VIIRS_SNPP_NRT,,0,,,New / No Local History
27.56514,72.46345,340.83,0.42,0.37,2026-10-07,820,N,VIIRS,l,2.0NRT,315.34,2.12,D,VIIRS_SNPP_NRT,,0,,,New / No Local History
27.56585,72.46764,342.87,0.42,0.37,2026-10-07,820,N,VIIRS,l,2.0NRT,314.74,2.12,D,VIIRS_SNPP_NRT,,0,,,New / No Local History
34.12949,74.0731,328.64,0.52,0.41,2026-10-07,746,N21,VIIRS,n,2.0NRT,301.8,2.11,D,VIIRS_NOAA21_NRT,,0,,,New / No Local History
20.95264,86.04898,304.21,0.63,0.54,2026-10-07,1925,N20,VIIRS,n,2.0NRT,292.13,2.11,N,VIIRS_NOAA20_NRT,3.456785714285715,28,0.01765500312387758,-38.960636429383214,Persistent / Stable
20.9533,86.04292,308.79,0.63,0.54,2026-10-07,1925,N20,VIIRS,n,2.0NRT,292.28,2.11,N,VIIRS_NOAA20_NRT,3.505925925925927,27,0.018237725596661463,-39.81618423832666,Persistent / Stable
21.75638,84.02193,308.14,0.55,0.51,2026-10-07,2046,N,VIIRS,n,2.0NRT,290.12,2.11,N,VIIRS_SNPP_NRT,2.5425,24,0.006626473257966824,-17.01081612586038,Persistent / Stable
21.76105,84.02302,304.02,0.55,0.51,2026-10-07,2046,N,VIIRS,n,2.0NRT,289.67,2.11,N,VIIRS_SNPP_NRT,2.5425,24,0.011517849563415861,-17.01081612586038,Persistent / Stable
21.11078,72.63734,310.17,0.46,0.39,2026-10-07,2049,N,VIIRS,n,2.0NRT,299.1,2.11,N,VIIRS_SNPP_NRT,4.8750967741935485,155,0.020564740414317183,-56.71880789794083,Persistent / Reduced
22.97626,70.98857,335.31,0.4,0.37,2026-10-07,837,N20,VIIRS,l,2.0NRT,306.63,2.1,D,VIIRS_NOAA20_NRT,,0,,,New / No Local History
20.96372,85.18787,314.06,0.36,0.57,2026-10-07,1925,N20,VIIRS,n,2.0NRT,292.05,2.1,N,VIIRS_NOAA20_NRT,3.679302325581395,86,0.02284460518319676,-42.92396182289362,Persistent / Stable
22.33013,69.7482,311.11,0.38,0.36,2026-10-07,2108,N20,VIIRS,n,2.0NRT,299.9,2.1,N,VIIRS_NOAA20_NRT,,0,,,New / No Local History
27.93583,77.90182,330.45,0.45,0.39,2026-10-07,820,N,VIIRS,l,2.0NRT,301.36,2.1,D,VIIRS_SNPP_NRT,,0,,,New / No Local History
21.76064,83.85071,308.48,0.54,0.51,2026-10-07,2046,N,VIIRS,n,2.0NRT,289.47,2.1,N,VIIRS_SNPP_NRT,4.770121951219512,82,0.05393169843680102,-55.975968298606674,Persistent / Reduced
21.76171,83.84547,312.45,0.54,0.51,2026-10-07,2046,N,VIIRS,n,2.0NRT,289.42,2.1,N,VIIRS_SNPP_NRT,4.736385542168675,83,0.014640388310460458,-55.662393162393165,Persistent / Reduced
23.69571,85.37025,311.52,0.61,0.54,2026-10-07,2046,N,VIIRS,n,2.0NRT,288.95,2.1,N,VIIRS_SNPP_NRT,1.4726315789473683,19,0.015817638969368303,42.601858470335976,Persistent / Stable
13.00884,79.96837,316.77,0.44,0.46,2026-10-07,2049,N,VIIRS,n,2.0NRT,287.23,2.1,N,VIIRS_SNPP_NRT,,0,,,New / No Local History
13.00958,79.96431,308.87,0.44,0.46,2026-10-07,2049,N,VIIRS,n,2.0NRT,286.8,2.1,N,VIIRS_SNPP_NRT,,0,,,New / No Local History
20.70226,78.62096,309.95,0.44,0.38,2026-10-07,2049,N,VIIRS,n,2.0NRT,295.84,2.1,N,VIIRS_SNPP_NRT,1.468,5,0.053049693552124716,43.05177111716622,Persistent / Stable
22.8502,75.27219,334.71,0.39,0.36,2026-10-07,820,N,VIIRS,l,2.0NRT,307.71,2.09,D,VIIRS_SNPP_NRT,,0,,,New / No Local History
27.58257,78.43676,331.25,0.47,0.4,2026-10-07,820,N,VIIRS,n,2.0NRT,301.21,2.09,D,VIIRS_SNPP_NRT,,0,,,New / No Local History
20.96581,85.1619,304.17,0.34,0.56,2026-10-07,2049,N,VIIRS,n,2.0NRT,290.89,2.09,N,VIIRS_SNPP_NRT,3.4188421052631557,95,0.06343951814256993,-38.86819175467222,Persistent / Stable
17.25889,82.47933,330.81,0.39,0.36,2026-10-07,739,N21,VIIRS,n,2.0NRT,300.79,2.08,D,VIIRS_NOAA21_NRT,,0,,,New / No Local History
28.43244,76.23793,335.58,0.5,0.41,2026-10-07,744,N21,VIIRS,n,2.0NRT,307.35,2.08,D,VIIRS_NOAA21_NRT,,0,,,New / No Local History
18.79216,77.88466,330.2,0.39,0.36,2026-10-07,818,N,VIIRS,l,2.0NRT,304.92,2.08,D,VIIRS_SNPP_NRT,,0,,,New / No Local History
22.2753,77.07112,338.15,0.39,0.36,2026-10-07,818,N,VIIRS,l,2.0NRT,308.79,2.08,D,VIIRS_SNPP_NRT,,0,,,New / No Local History
21.74995,83.97427,307.68,0.55,0.51,2026-10-07,2046,N,VIIRS,n,2.0NRT,289.57,2.08,N,VIIRS_SNPP_NRT,1.94,1,0.24168381959028928,7.216494845360831,Single Historical Detection
20.78779,85.26736,312.92,0.47,0.39,2026-10-07,2010,N21,VIIRS,n,2.0NRT,294.53,2.07,N,VIIRS_NOAA21_NRT,4.153833333333335,60,0.1621731158671721,-50.166512859607614,Persistent / Reduced
23.48061,87.36098,303.42,0.54,0.42,2026-10-07,2010,N21,VIIRS,n,2.0NRT,291.75,2.07,N,VIIRS_NOAA21_NRT,2.2,5,0.17444607580836546,-5.909090909090924,Persistent / Stable
27.73332,96.29401,331.22,0.43,0.38,2026-10-07,659,N20,VIIRS,n,2.0NRT,297.47,2.07,D,VIIRS_NOAA20_NRT,,0,,,New / No Local History
18.66664,76.97503,312.31,0.6,0.53,2026-10-07,2108,N20,VIIRS,n,2.0NRT,289.31,2.07,N,VIIRS_NOAA20_NRT,,0,,,New / No Local History
20.14947,78.88996,330.39,0.42,0.38,2026-10-07,818,N,VIIRS,n,2.0NRT,303.63,2.07,D,VIIRS_SNPP_NRT,,0,,,New / No Local History
22.24312,77.03799,335.81,0.39,0.36,2026-10-07,818,N,VIIRS,l,2.0NRT,310.71,2.07,D,VIIRS_SNPP_NRT,,0,,,New / No Local History
23.71379,86.44926,309.41,0.36,0.57,2026-10-07,2046,N,VIIRS,n,2.0NRT,289.27,2.07,N,VIIRS_SNPP_NRT,2.529411764705881,68,0.007877682113486772,-18.162790697674378,Persistent / Stable
29.03448,75.69575,330.24,0.53,0.5,2026-10-07,839,N20,VIIRS,l,2.0NRT,304.3,2.06,D,VIIRS_NOAA20_NRT,6.91,1,0.5436022495370366,-70.18813314037627,Single Historical Detection
23.76176,86.40294,304.38,0.32,0.55,2026-10-07,1925,N20,VIIRS,n,2.0NRT,289.08,2.06,N,VIIRS_NOAA20_NRT,2.158924050632911,158,0.005657566856947104,-4.582099615959643,Persistent / Stable
23.19677,79.52906,331.13,0.42,0.38,2026-10-07,741,N21,VIIRS,l,2.0NRT,304.91,2.05,D,VIIRS_NOAA21_NRT,,0,,,New / No Local History
22.82283,75.22958,333.41,0.42,0.45,2026-10-07,837,N20,VIIRS,l,2.0NRT,308.18,2.05,D,VIIRS_NOAA20_NRT,,0,,,New / No Local History
22.32437,82.55974,300.99,0.58,0.69,2026-10-07,2106,N20,VIIRS,n,2.0NRT,289.05,2.05,N,VIIRS_NOAA20_NRT,1.9195,20,0.08127694953684655,6.798645480593896,Persistent / Stable
12.72894,80.10341,332.43,0.41,0.37,2026-10-07,816,N,VIIRS,n,2.0NRT,298.53,2.05,D,VIIRS_SNPP_NRT,,0,,,New / No Local History
18.85938,77.83221,332.38,0.39,0.36,2026-10-07,818,N,VIIRS,l,2.0NRT,305.32,2.05,D,VIIRS_SNPP_NRT,,0,,,New / No Local History
20.9659,85.16707,311.72,0.36,0.57,2026-10-07,1925,N20,VIIRS,n,2.0NRT,292.1,2.04,N,VIIRS_NOAA20_NRT,3.4839622641509425,106,0.01590072446709304,-41.445978878960176,Persistent / Stable
20.9712,85.16761,305.15,0.36,0.57,2026-10-07,1925,N20,VIIRS,n,2.0NRT,292.3,2.04,N,VIIRS_NOAA20_NRT,3.5234259259259253,108,0.014168210696705727,-42.10180537671142,Persistent / Stable
22.42567,76.67262,331.17,0.39,0.36,2026-10-07,818,N,VIIRS,l,2.0NRT,303.96,2.04,D,VIIRS_SNPP_NRT,,0,,,New / No Local History
13.00877,79.96439,316.95,0.64,0.72,2026-10-07,1928,N20,VIIRS,n,2.0NRT,273.97,2.03,N,VIIRS_NOAA20_NRT,,0,,,New / No Local History
13.00941,79.95852,303.13,0.64,0.72,2026-10-07,1928,N20,VIIRS,n,2.0NRT,273.57,2.03,N,VIIRS_NOAA20_NRT,,0,,,New / No Local History
22.31239,82.52757,300.83,0.57,0.69,2026-10-07,2106,N20,VIIRS,n,2.0NRT,288.56,2.03,N,VIIRS_NOAA20_NRT,1.8900000000000001,10,0.09567743544073988,7.407407407407391,Persistent / Stable
18.59935,77.67686,335.35,0.39,0.36,2026-10-07,818,N,VIIRS,l,2.0NRT,308.91,2.03,D,VIIRS_SNPP_NRT,,0,,,New / No Local History
23.69006,75.88084,338.27,0.38,0.36,2026-10-07,820,N,VIIRS,n,2.0NRT,310.69,2.03,D,VIIRS_SNPP_NRT,,0,,,New / No Local History
24.47754,74.89901,338.65,0.42,0.45,2026-10-07,839,N20,VIIRS,n,2.0NRT,307.7,2.02,D,VIIRS_NOAA20_NRT,,0,,,New / No Local History
22.37551,87.28232,302.13,0.71,0.75,2026-10-07,1906,N,VIIRS,n,2.0NRT,285.7,2.02,N,VIIRS_SNPP_NRT,3.246633663366337,101,0.009246273537165832,-37.78170839559636,Persistent / Stable
22.37604,87.27512,307.5,0.71,0.75,2026-10-07,1906,N,VIIRS,n,2.0NRT,285.06,2.02,N,VIIRS_SNPP_NRT,3.552676056338029,71,0.043285117010559926,-43.14145258483985,Persistent / Stable
21.92368,85.22295,309.25,0.33,0.55,2026-10-07,2046,N,VIIRS,n,2.0NRT,288.32,2.02,N,VIIRS_SNPP_NRT,1.847058823529412,17,0.005869668481363915,9.363057324840746,Persistent / Stable
15.82047,77.73613,330.99,0.44,0.46,2026-10-07,739,N21,VIIRS,l,2.0NRT,302.73,2.01,D,VIIRS_NOAA21_NRT,,0,,,New / No Local History
24.69833,76.81895,336.51,0.4,0.37,2026-10-07,820,N,VIIRS,n,2.0NRT,309.1,2.01,D,VIIRS_SNPP_NRT,,0,,,New / No Local History
26.34061,77.6833,333.58,0.43,0.38,2026-10-07,820,N,VIIRS,l,2.0NRT,306.08,2.01,D,VIIRS_SNPP_NRT,,0,,,New / No Local History
23.65538,85.50957,311.85,0.44,0.38,2026-10-07,2010,N21,VIIRS,n,2.0NRT,287.98,2.0,N,VIIRS_NOAA21_NRT,1.07,10,0.04401691186391048,86.91588785046727,Abnormal Increase
28.349,77.22935,318.22,0.41,0.45,2026-10-07,2104,N20,VIIRS,n,2.0NRT,292.53,2.0,N,VIIRS_NOAA20_NRT,1.612727272727273,11,0.019635001420933065,24.013528748590733,Persistent / Stable
26.87636,73.5143,308.07,0.43,0.38,2026-10-07,2106,N20,VIIRS,n,2.0NRT,295.58,2.0,N,VIIRS_NOAA20_NRT,1.669047619047619,21,0.004620068571891199,19.828815977175474,Persistent / Stable
21.13596,72.82585,321.19,0.47,0.4,2026-10-07,2108,N20,VIIRS,n,2.0NRT,297.22,2.0,N,VIIRS_NOAA20_NRT,,0,,,New / No Local History
23.99278,78.07169,333.93,0.42,0.38,2026-10-07,820,N,VIIRS,n,2.0NRT,304.31,2.0,D,VIIRS_SNPP_NRT,,0,,,New / No Local History
22.41767,69.03993,313.54,0.5,0.49,2026-10-07,2049,N,VIIRS,n,2.0NRT,296.84,2.0,N,VIIRS_SNPP_NRT,1.8337500000000002,8,0.008248251217946475,9.066121336059974,Persistent / Stable
20.9694,86.00256,308.25,0.5,0.41,2026-10-07,2010,N21,VIIRS,n,2.0NRT,295.3,1.99,N,VIIRS_NOAA21_NRT,3.673199999999998,50,0.009276630039380467,-45.82380485680058,Persistent / Stable
20.97309,86.00335,313.69,0.5,0.41,2026-10-07,2010,N21,VIIRS,n,2.0NRT,294.89,1.99,N,VIIRS_NOAA21_NRT,3.646862745098037,51,0.02084532763566692,-45.432550137104116,Persistent / Stable
21.3459,81.66621,317.96,0.38,0.36,2026-10-07,2010,N21,VIIRS,n,2.0NRT,293.87,1.99,N,VIIRS_NOAA21_NRT,2.5900000000000003,10,0.10392967548246038,-23.166023166023177,Persistent / Stable
17.1398,77.17461,311.6,0.49,0.4,2026-10-07,2012,N21,VIIRS,n,2.0NRT,296.61,1.99,N,VIIRS_NOAA21_NRT,1.548,10,0.015948410707033716,28.55297157622739,Persistent / Stable
22.13826,75.17363,333.24,0.4,0.45,2026-10-07,837,N20,VIIRS,l,2.0NRT,307.82,1.99,D,VIIRS_NOAA20_NRT,,0,,,New / No Local History
21.7097,75.64572,336.56,0.39,0.36,2026-10-07,818,N,VIIRS,n,2.0NRT,307.5,1.99,D,VIIRS_SNPP_NRT,,0,,,New / No Local History
29.36957,75.33394,333.02,0.39,0.36,2026-10-07,820,N,VIIRS,l,2.0NRT,306.67,1.99,D,VIIRS_SNPP_NRT,,0,,,New / No Local History
20.88596,75.94613,336.5,0.47,0.48,2026-10-07,741,N21,VIIRS,n,2.0NRT,303.12,1.98,D,VIIRS_NOAA21_NRT,,0,,,New / No Local History
20.94376,76.38577,333.89,0.44,0.46,2026-10-07,741,N21,VIIRS,n,2.0NRT,303.44,1.98,D,VIIRS_NOAA21_NRT,,0,,,New / No Local History
18.69275,73.0399,305.85,0.62,0.54,2026-10-07,2012,N21,VIIRS,n,2.0NRT,294.2,1.98,N,VIIRS_NOAA21_NRT,2.2831999999999995,50,0.02210252293175939,-13.279607568325138,Persistent / Stable
23.21435,71.81664,335.97,0.43,0.38,2026-10-07,837,N20,VIIRS,l,2.0NRT,307.95,1.98,D,VIIRS_NOAA20_NRT,,0,,,New / No Local History
18.89189,78.42527,334.47,0.4,0.37,2026-10-07,818,N,VIIRS,n,2.0NRT,302.36,1.98,D,VIIRS_SNPP_NRT,,0,,,New / No Local History
24.62971,76.69099,336.37,0.39,0.36,2026-10-07,820,N,VIIRS,n,2.0NRT,308.41,1.98,D,VIIRS_SNPP_NRT,,0,,,New / No Local History
21.252,79.20694,320.99,0.37,0.58,2026-10-07,2108,N20,VIIRS,n,2.0NRT,292.35,1.97,N,VIIRS_NOAA20_NRT,1.19375,8,0.02746081375348214,65.0261780104712,Abnormal Increase
22.38017,87.28164,300.17,0.71,0.75,2026-10-07,1906,N,VIIRS,n,2.0NRT,282.23,1.97,N,VIIRS_SNPP_NRT,3.2351041666666673,96,0.008906594747521878,-39.10551566474548,Persistent / Stable
22.01732,83.75437,304.19,0.53,0.5,2026-10-07,2046,N,VIIRS,n,2.0NRT,290.03,1.97,N,VIIRS_SNPP_NRT,1.9000000000000001,9,0.029557863691936172,3.684210526315781,Persistent / Stable
23.04767,76.51042,335.72,0.4,0.44,2026-10-07,741,N21,VIIRS,l,2.0NRT,309.62,1.96,D,VIIRS_NOAA21_NRT,,0,,,New / No Local History
20.80441,85.25703,316.92,0.46,0.39,2026-10-07,2010,N21,VIIRS,n,2.0NRT,295.52,1.96,N,VIIRS_NOAA21_NRT,4.153833333333335,60,0.0283319612581365,-52.81466918107773,Persistent / Reduced
20.80798,85.25776,312.6,0.46,0.39,2026-10-07,2010,N21,VIIRS,n,2.0NRT,294.98,1.96,N,VIIRS_NOAA21_NRT,4.153833333333335,60,0.023451157627013317,-52.81466918107773,Persistent / Reduced
11.48187,77.24241,334.19,0.4,0.37,2026-10-07,816,N,VIIRS,n,2.0NRT,299.61,1.96,D,VIIRS_SNPP_NRT,,0,,,New / No Local History
31.91215,74.84476,332.24,0.39,0.36,2026-10-07,822,N,VIIRS,n,2.0NRT,300.13,1.96,D,VIIRS_SNPP_NRT,,0,,,New / No Local History
14.35422,78.44683,331.27,0.51,0.5,2026-10-07,835,N20,VIIRS,n,2.0NRT,296.3,1.95,D,VIIRS_NOAA20_NRT,,0,,,New / No Local History
17.95833,80.79694,311.38,0.41,0.45,2026-10-07,2046,N,VIIRS,n,2.0NRT,294.28,1.95,N,VIIRS_SNPP_NRT,2.7118181818181815,33,0.025400310616468188,-28.092524304391542,Persistent / Stable
21.24348,79.2238,314.81,0.44,0.38,2026-10-07,2010,N21,VIIRS,n,2.0NRT,296.28,1.94,N,VIIRS_NOAA21_NRT,1.19375,8,0.035237748554688475,62.51308900523559,Abnormal Increase
21.67564,82.07607,307.67,0.58,0.7,2026-10-07,1925,N20,VIIRS,n,2.0NRT,290.29,1.94,N,VIIRS_NOAA20_NRT,1.3599999999999999,2,0.11679370211793588,42.64705882352942,Persistent / Stable
21.76303,83.84435,304.78,0.71,0.75,2026-10-07,2106,N20,VIIRS,n,2.0NRT,285.88,1.94,N,VIIRS_NOAA20_NRT,4.736385542168675,83,0.01083802495408374,-59.04049654049655,Persistent / Reduced
22.31606,82.52683,303.8,0.57,0.69,2026-10-07,2106,N20,VIIRS,n,2.0NRT,288.98,1.94,N,VIIRS_NOAA20_NRT,1.8900000000000001,10,0.17199561890236498,2.645502645502636,Persistent / Stable
22.97646,72.63395,316.7,0.44,0.38,2026-10-07,2106,N20,VIIRS,n,2.0NRT,298.38,1.94,N,VIIRS_NOAA20_NRT,,0,,,New / No Local History
22.97721,72.62971,317.23,0.44,0.38,2026-10-07,2106,N20,VIIRS,n,2.0NRT,297.83,1.94,N,VIIRS_NOAA20_NRT,,0,,,New / No Local History
18.72048,79.53705,304.75,0.44,0.62,2026-10-07,2108,N20,VIIRS,n,2.0NRT,292.3,1.94,N,VIIRS_NOAA20_NRT,1.7500000000000002,13,0.02945959311406838,10.85714285714284,Persistent / Stable
18.45708,77.65515,333.2,0.39,0.36,2026-10-07,818,N,VIIRS,l,2.0NRT,307.12,1.94,D,VIIRS_SNPP_NRT,,0,,,New / No Local History
21.24804,79.21015,321.35,0.46,0.39,2026-10-07,2049,N,VIIRS,n,2.0NRT,294.55,1.94,N,VIIRS_SNPP_NRT,1.19375,8,0.050914974578725763,62.51308900523559,Abnormal Increase
22.31646,82.56235,310.76,0.38,0.36,2026-10-07,2010,N21,VIIRS,n,2.0NRT,295.5,1.93,N,VIIRS_NOAA21_NRT,1.9195,20,0.025885163979912442,0.5470174524615761,Persistent / Stable
22.31705,82.55865,317.43,0.38,0.36,2026-10-07,2010,N21,VIIRS,n,2.0NRT,294.52,1.93,N,VIIRS_NOAA21_NRT,1.9195,20,0.13379798091146716,0.5470174524615761,Persistent / Stable
15.8246,78.22688,338.78,0.52,0.5,2026-10-07,835,N20,VIIRS,n,2.0NRT,301.7,1.93,D,VIIRS_NOAA20_NRT,,0,,,New / No Local History
25.54219,91.23431,316.23,0.52,0.42,2026-10-07,1925,N20,VIIRS,n,2.0NRT,285.96,1.93,N,VIIRS_NOAA20_NRT,0.8525,4,0.18763611233850766,126.39296187683283,Abnormal Increase
14.78613,77.80959,336.07,0.38,0.36,2026-10-07,816,N,VIIRS,n,2.0NRT,303.17,1.93,D,VIIRS_SNPP_NRT,,0,,,New / No Local History
20.96444,86.05096,313.38,0.5,0.41,2026-10-07,2010,N21,VIIRS,n,2.0NRT,294.34,1.92,N,VIIRS_NOAA21_NRT,3.456785714285715,28,0.006860247233993574,-44.457072011571455,Persistent / Stable
10.38244,79.27652,333.7,0.38,0.36,2026-10-07,816,N,VIIRS,n,2.0NRT,297.42,1.92,D,VIIRS_SNPP_NRT,6.725,2,0.29652170934842353,-71.44981412639405,Persistent / Reduced
20.69586,78.63698,315.03,0.44,0.38,2026-10-07,2049,N,VIIRS,n,2.0NRT,296.19,1.92,N,VIIRS_SNPP_NRT,1.468,5,0.045768566859277694,30.79019073569482,Persistent / Stable
15.33164,76.28409,306.01,0.52,0.42,2026-10-07,2012,N21,VIIRS,n,2.0NRT,292.99,1.91,N,VIIRS_NOAA21_NRT,1.33375,32,0.012799636163225832,43.205248359887534,Persistent / Stable
20.96318,85.18822,311.34,0.36,0.57,2026-10-07,1925,N20,VIIRS,n,2.0NRT,292.25,1.91,N,VIIRS_NOAA20_NRT,3.671190476190475,84,0.012683106293893484,-47.973279719826174,Persistent / Stable
23.16512,82.33617,310.81,0.54,0.68,2026-10-07,2106,N20,VIIRS,n,2.0NRT,289.21,1.91,N,VIIRS_NOAA20_NRT,1.913076923076923,13,0.10123995787013244,-0.16083634901487215,Persistent / Stable
23.17117,82.33781,300.63,0.54,0.68,2026-10-07,2106,N20,VIIRS,n,2.0NRT,288.91,1.91,N,VIIRS_NOAA20_NRT,1.913076923076923,13,0.06796608697910951,-0.16083634901487215,Persistent / Stable
23.76491,86.3931,308.53,0.48,0.4,2026-10-07,2010,N21,VIIRS,n,2.0NRT,293.33,1.9,N,VIIRS_NOAA21_NRT,2.2241216216216215,148,0.00851750319455617,-14.573016982106509,Persistent / Stable
20.76165,85.29177,309.76,0.35,0.57,2026-10-07,1925,N20,VIIRS,n,2.0NRT,292.3,1.9,N,VIIRS_NOAA20_NRT,2.932222222222222,27,0.029177508467228302,-35.20272830617658,Persistent / Stable
31.53878,74.6717,332.71,0.39,0.36,2026-10-07,822,N,VIIRS,n,2.0NRT,298.41,1.9,D,VIIRS_SNPP_NRT,,0,,,New / No Local History
24.94524,72.94757,314.7,0.49,0.4,2026-10-07,2046,N,VIIRS,n,2.0NRT,295.18,1.9,N,VIIRS_SNPP_NRT,,0,,,New / No Local History
20.97095,86.02035,310.09,0.63,0.54,2026-10-07,1925,N20,VIIRS,n,2.0NRT,292.0,1.89,N,VIIRS_NOAA20_NRT,3.512037037037035,54,0.10176104607051924,-46.185077774848374,Persistent / Stable
21.75647,83.8386,307.01,0.71,0.75,2026-10-07,2106,N20,VIIRS,n,2.0NRT,286.16,1.89,N,VIIRS_NOAA20_NRT,4.736385542168675,83,0.026888301369955406,-60.096153846153854,Persistent / Reduced
21.76316,83.84067,300.48,0.71,0.75,2026-10-07,2106,N20,VIIRS,n,2.0NRT,285.88,1.89,N,VIIRS_NOAA20_NRT,4.736385542168675,83,0.01447384200388668,-60.096153846153854,Persistent / Reduced
22.26473,75.13316,317.43,0.4,0.44,2026-10-07,2108,N20,VIIRS,n,2.0NRT,296.85,1.89,N,VIIRS_NOAA20_NRT,0.86,2,0.014407695435783536,119.76744186046508,Abnormal Increase
20.96544,85.1824,305.87,0.34,0.56,2026-10-07,2049,N,VIIRS,n,2.0NRT,291.19,1.89,N,VIIRS_SNPP_NRT,3.598584905660377,106,0.0311504058770485,-47.479355092410536,Persistent / Stable
20.96613,85.17914,313.09,0.34,0.56,2026-10-07,2049,N,VIIRS,n,2.0NRT,291.35,1.89,N,VIIRS_SNPP_NRT,3.5795412844036694,109,0.1663636715280597,-47.19993848835123,Persistent / Stable
12.75778,80.20602,331.01,0.41,0.37,2026-10-07,816,N,VIIRS,l,2.0NRT,302.09,1.88,D,VIIRS_SNPP_NRT,,0,,,New / No Local History
23.66702,75.48857,337.36,0.38,0.36,2026-10-07,820,N,VIIRS,n,2.0NRT,312.17,1.88,D,VIIRS_SNPP_NRT,,0,,,New / No Local History
27.75545,77.79365,330.89,0.44,0.38,2026-10-07,744,N21,VIIRS,n,2.0NRT,301.38,1.87,D,VIIRS_NOAA21_NRT,,0,,,New / No Local History
23.72295,86.43721,303.25,0.48,0.4,2026-10-07,2010,N21,VIIRS,n,2.0NRT,291.03,1.87,N,VIIRS_NOAA21_NRT,2.4079120879120874,91,0.05803027158992459,-22.339357429718856,Persistent / Stable
20.95892,85.01184,304.32,0.33,0.55,2026-10-07,2049,N,VIIRS,n,2.0NRT,291.22,1.87,N,VIIRS_SNPP_NRT,3.09125,8,0.015338027368036588,-39.50667205822887,Persistent / Stable
17.60902,83.2062,309.38,0.42,0.37,2026-10-07,2012,N21,VIIRS,n,2.0NRT,294.12,1.86,N,VIIRS_NOAA21_NRT,2.7028571428571433,35,0.040274564148231745,-31.183932346723054,Persistent / Stable
17.60966,83.20235,312.22,0.42,0.37,2026-10-07,2012,N21,VIIRS,n,2.0NRT,293.82,1.86,N,VIIRS_NOAA21_NRT,2.7028571428571433,35,0.003483757072177533,-31.183932346723054,Persistent / Stable
28.08758,77.77734,332.08,0.45,0.39,2026-10-07,820,N,VIIRS,n,2.0NRT,300.53,1.86,D,VIIRS_SNPP_NRT,,0,,,New / No Local History
23.77099,86.19432,311.35,0.47,0.4,2026-10-07,2010,N21,VIIRS,n,2.0NRT,291.04,1.85,N,VIIRS_NOAA21_NRT,3.051874999999999,48,0.021617084207749215,-39.3815277493344,Persistent / Stable
23.79941,86.34768,305.09,0.48,0.4,2026-10-07,2010,N21,VIIRS,n,2.0NRT,291.56,1.85,N,VIIRS_NOAA21_NRT,2.2578313253012054,83,0.024466825618058637,-18.062966915688385,Persistent / Stable
22.31848,82.56138,308.1,0.55,0.68,2026-10-07,1925,N20,VIIRS,n,2.0NRT,289.71,1.85,N,VIIRS_NOAA20_NRT,1.9195,20,0.047031332528378794,-3.6207345662933004,Persistent / Stable
19.10266,73.05063,308.99,0.51,0.41,2026-10-07,2108,N20,VIIRS,n,2.0NRT,293.99,1.85,N,VIIRS_NOAA20_NRT,,0,,,New / No Local History
11.46289,79.15313,331.3,0.39,0.36,2026-10-07,816,N,VIIRS,l,2.0NRT,304.38,1.85,D,VIIRS_SNPP_NRT,,0,,,New / No Local History
18.67988,73.04134,318.74,0.42,0.38,2026-10-07,2046,N,VIIRS,n,2.0NRT,296.16,1.85,N,VIIRS_SNPP_NRT,2.2831999999999995,50,0.01599173651509355,-18.973370707778532,Persistent / Stable
18.68046,73.03735,316.51,0.42,0.38,2026-10-07,2046,N,VIIRS,n,2.0NRT,296.01,1.85,N,VIIRS_SNPP_NRT,2.2831999999999995,50,0.009702713596676113,-18.973370707778532,Persistent / Stable
21.7582,83.85234,306.04,0.4,0.37,2026-10-07,2010,N21,VIIRS,n,2.0NRT,290.89,1.84,N,VIIRS_NOAA21_NRT,4.770121951219512,82,0.1150426555736477,-61.426562699731555,Persistent / Reduced
17.46342,80.65453,312.56,0.39,0.36,2026-10-07,2012,N21,VIIRS,n,2.0NRT,295.01,1.84,N,VIIRS_NOAA21_NRT,1.3228571428571427,7,0.05094745260684411,39.0928725701944,Persistent / Stable
21.74145,83.84108,301.76,0.71,0.75,2026-10-07,2106,N20,VIIRS,n,2.0NRT,285.86,1.84,N,VIIRS_NOAA20_NRT,4.770121951219512,82,0.011264795827552292,-61.426562699731555,Persistent / Reduced
21.74811,83.84325,305.23,0.71,0.75,2026-10-07,2106,N20,VIIRS,n,2.0NRT,286.22,1.84,N,VIIRS_NOAA20_NRT,4.736385542168675,83,0.005558699642986106,-61.15181115181115,Persistent / Reduced
22.79732,86.2087,306.67,0.49,0.4,2026-10-07,2010,N21,VIIRS,n,2.0NRT,292.31,1.83,N,VIIRS_NOAA21_NRT,2.479821428571428,56,0.013024661113223476,-26.204363793475892,Persistent / Stable
22.93145,69.69636,306.41,0.47,0.47,2026-10-07,2049,N,VIIRS,n,2.0NRT,295.72,1.83,N,VIIRS_SNPP_NRT,2.3864,25,0.009888808452647785,-23.315454240697285,Persistent / Stable
18.68554,73.02791,311.91,0.52,0.41,2026-10-07,2108,N20,VIIRS,n,2.0NRT,295.27,1.82,N,VIIRS_NOAA20_NRT,2.326458333333333,48,0.09482697596000014,-21.76949941792781,Persistent / Stable
25.21248,72.46599,340.13,0.44,0.38,2026-10-07,820,N,VIIRS,l,2.0NRT,312.18,1.82,D,VIIRS_SNPP_NRT,,0,,,New / No Local History
20.9623,85.17796,306.33,0.34,0.56,2026-10-07,2049,N,VIIRS,n,2.0NRT,291.4,1.82,N,VIIRS_SNPP_NRT,3.5795412844036694,109,0.04653676049472887,-49.155496322115994,Persistent / Stable
20.96739,85.17924,308.33,0.34,0.56,2026-10-07,2049,N,VIIRS,n,2.0NRT,291.28,1.82,N,VIIRS_SNPP_NRT,3.5795412844036694,109,0.1766273258411531,-49.155496322115994,Persistent / Stable
24.48219,77.14262,302.07,0.4,0.44,2026-10-07,2010,N21,VIIRS,n,2.0NRT,291.17,1.8,N,VIIRS_NOAA21_NRT,,0,,,New / No Local History
20.9758,85.16856,305.05,0.36,0.57,2026-10-07,1925,N20,VIIRS,n,2.0NRT,291.71,1.8,N,VIIRS_NOAA20_NRT,3.573097345132742,113,0.018364291355295784,-49.62353873588268,Persistent / Stable
21.16578,75.08514,334.43,0.4,0.37,2026-10-07,818,N,VIIRS,l,2.0NRT,306.76,1.8,D,VIIRS_SNPP_NRT,,0,,,New / No Local History
21.76683,84.01885,312.05,0.55,0.51,2026-10-07,2046,N,VIIRS,n,2.0NRT,290.19,1.8,N,VIIRS_SNPP_NRT,2.5425,24,0.005187932198236202,-29.203539823008846,Persistent / Stable
21.77149,84.01997,304.51,0.55,0.51,2026-10-07,2046,N,VIIRS,n,2.0NRT,289.72,1.8,N,VIIRS_SNPP_NRT,2.5425,24,0.004524837536319591,-29.203539823008846,Persistent / Stable
20.97721,85.13425,307.98,0.34,0.56,2026-10-07,2049,N,VIIRS,n,2.0NRT,291.83,1.8,N,VIIRS_SNPP_NRT,3.1350000000000002,20,0.004313172788182048,-42.58373205741627,Persistent / Stable
22.37518,70.85814,314.11,0.48,0.64,2026-10-07,2010,N21,VIIRS,n,2.0NRT,295.26,1.79,N,VIIRS_NOAA21_NRT,,0,,,New / No Local History
23.16498,82.34144,335.9,0.38,0.36,2026-10-07,2010,N21,VIIRS,n,2.0NRT,294.26,1.79,N,VIIRS_NOAA21_NRT,1.913076923076923,13,0.007808453022085156,-6.4334539605950845,Persistent / Stable
23.16768,82.34573,303.91,0.38,0.36,2026-10-07,2010,N21,VIIRS,n,2.0NRT,291.3,1.79,N,VIIRS_NOAA21_NRT,1.913076923076923,13,0.07873259344124098,-6.4334539605950845,Persistent / Stable
23.16826,82.34203,306.57,0.38,0.36,2026-10-07,2010,N21,VIIRS,n,2.0NRT,291.86,1.79,N,VIIRS_NOAA21_NRT,1.913076923076923,13,0.04001335535226559,-6.4334539605950845,Persistent / Stable
23.7347,86.4349,313.17,0.48,0.4,2026-10-07,2010,N21,VIIRS,n,2.0NRT,292.33,1.79,N,VIIRS_NOAA21_NRT,2.3506249999999995,96,0.010392506306639435,-23.85003988300982,Persistent / Stable
23.73555,86.43022,308.98,0.48,0.4,2026-10-07,2010,N21,VIIRS,n,2.0NRT,291.65,1.79,N,VIIRS_NOAA21_NRT,2.2198850574712643,87,0.01176423395910631,-19.3651944286232,Persistent / Stable
27.37582,95.33338,329.29,0.53,0.42,2026-10-07,637,N,VIIRS,n,2.0NRT,295.66,1.79,D,VIIRS_SNPP_NRT,3.152,10,0.014495541092132053,-43.21065989847716,Persistent / Stable
31.79113,74.70696,332.18,0.39,0.36,2026-10-07,822,N,VIIRS,n,2.0NRT,299.67,1.79,D,VIIRS_SNPP_NRT,,0,,,New / No Local History
22.31972,82.56264,310.17,0.44,0.46,2026-10-07,2046,N,VIIRS,n,2.0NRT,293.13,1.79,N,VIIRS_SNPP_NRT,1.9195,20,0.005345185326277805,-6.746548580359465,Persistent / Stable
22.35762,82.30049,320.58,0.38,0.36,2026-10-07,2010,N21,VIIRS,n,2.0NRT,294.53,1.78,N,VIIRS_NOAA21_NRT,3.8262500000000004,24,0.002685793969443559,-53.47925514537734,Persistent / Reduced
23.77663,86.39074,304.34,0.48,0.4,2026-10-07,2010,N21,VIIRS,n,2.0NRT,291.52,1.78,N,VIIRS_NOAA21_NRT,2.20476821192053,151,0.010196466870457135,-19.265889703232016,Persistent / Stable
23.78025,86.39151,313.53,0.48,0.4,2026-10-07,2010,N21,VIIRS,n,2.0NRT,292.66,1.78,N,VIIRS_NOAA21_NRT,2.217785234899329,149,0.01179699031292635,-19.73974882735664,Persistent / Stable
22.00718,82.66508,306.85,0.54,0.68,2026-10-07,1925,N20,VIIRS,n,2.0NRT,289.49,1.78,N,VIIRS_NOAA20_NRT,1.743846153846154,13,0.1496089601535945,2.0732245258050184,Persistent / Stable
23.65255,85.43452,306.45,0.37,0.58,2026-10-07,1925,N20,VIIRS,n,2.0NRT,283.91,1.78,N,VIIRS_NOAA20_NRT,3.0220454545454554,44,0.009662093955950773,-41.099496126945944,Persistent / Stable
21.48729,81.76772,309.76,0.54,0.68,2026-10-07,2106,N20,VIIRS,n,2.0NRT,289.48,1.78,N,VIIRS_NOAA20_NRT,1.4842857142857144,7,0.005665402015310998,19.923002887391714,Persistent / Stable
22.31634,82.55745,308.41,0.44,0.46,2026-10-07,2046,N,VIIRS,n,2.0NRT,292.26,1.78,N,VIIRS_SNPP_NRT,1.9195,20,0.011810374330273595,-7.267517582703826,Persistent / Stable
15.16774,76.38042,306.76,0.52,0.41,2026-10-07,2012,N21,VIIRS,n,2.0NRT,291.27,1.77,N,VIIRS_NOAA21_NRT,1.3534615384615383,26,0.016099880325977683,30.775788576300105,Persistent / Stable
11.05007,77.74774,338.24,0.42,0.45,2026-10-07,837,N20,VIIRS,n,2.0NRT,301.51,1.77,D,VIIRS_NOAA20_NRT,,0,,,New / No Local History
23.53194,77.02496,335.38,0.39,0.36,2026-10-07,820,N,VIIRS,l,2.0NRT,309.82,1.77,D,VIIRS_SNPP_NRT,,0,,,New / No Local History
24.95185,77.1543,336.94,0.4,0.37,2026-10-07,820,N,VIIRS,n,2.0NRT,308.26,1.77,D,VIIRS_SNPP_NRT,,0,,,New / No Local History
31.79742,74.96842,331.83,0.51,0.41,2026-10-07,744,N21,VIIRS,n,2.0NRT,300.46,1.76,D,VIIRS_NOAA21_NRT,,0,,,New / No Local History
21.67673,84.03844,312.35,0.41,0.37,2026-10-07,2010,N21,VIIRS,n,2.0NRT,291.48,1.76,N,VIIRS_NOAA21_NRT,2.826315789473685,19,0.007233232516338876,-37.72811918063316,Persistent / Stable
21.68011,84.0391,306.73,0.41,0.37,2026-10-07,2010,N21,VIIRS,n,2.0NRT,289.49,1.76,N,VIIRS_NOAA21_NRT,2.826315789473685,19,0.00640071439206937,-37.72811918063316,Persistent / Stable
15.17636,76.65298,302.02,0.33,0.56,2026-10-07,2108,N20,VIIRS,n,2.0NRT,280.55,1.76,N,VIIRS_NOAA20_NRT,2.6665088757396447,169,0.002652670781593753,-33.99609444345818,Persistent / Stable
11.46571,77.6757,337.24,0.39,0.36,2026-10-07,816,N,VIIRS,n,2.0NRT,298.94,1.76,D,VIIRS_SNPP_NRT,,0,,,New / No Local History
28.34578,77.22873,316.26,0.44,0.46,2026-10-07,2008,N21,VIIRS,n,2.0NRT,292.99,1.75,N,VIIRS_NOAA21_NRT,1.612727272727273,11,0.002091572824898785,8.511837655016892,Persistent / Stable
21.48625,81.76955,314.68,0.38,0.36,2026-10-07,2010,N21,VIIRS,n,2.0NRT,294.26,1.75,N,VIIRS_NOAA21_NRT,1.4842857142857144,7,0.014493584156758154,17.901828681424433,Persistent / Stable
21.8586,83.9667,315.14,0.41,0.37,2026-10-07,2010,N21,VIIRS,n,2.0NRT,293.53,1.75,N,VIIRS_NOAA21_NRT,2.225,2,0.01776233732305374,-21.348314606741575,Persistent / Stable
18.54045,83.34286,314.69,0.41,0.37,2026-10-07,2012,N21,VIIRS,n,2.0NRT,294.48,1.75,N,VIIRS_NOAA21_NRT,,0,,,New / No Local History
21.92546,83.33677,305.02,0.49,0.65,2026-10-07,1925,N20,VIIRS,n,2.0NRT,287.75,1.75,N,VIIRS_NOAA20_NRT,2.8140740740740737,27,0.04127363957115671,-37.81258225848907,Persistent / Stable
23.77566,86.36578,307.42,0.32,0.55,2026-10-07,1925,N20,VIIRS,n,2.0NRT,289.83,1.75,N,VIIRS_NOAA20_NRT,1.9725000000000004,52,0.005072825000869788,-11.280101394169852,Persistent / Stable
17.9576,80.79029,304.6,0.55,0.68,2026-10-07,2108,N20,VIIRS,n,2.0NRT,290.82,1.75,N,VIIRS_NOAA20_NRT,2.7118181818181815,33,0.008499581188582619,-35.467650016761645,Persistent / Stable
23.76363,86.3939,302.8,0.35,0.57,2026-10-07,2046,N,VIIRS,n,2.0NRT,289.32,1.75,N,VIIRS_SNPP_NRT,2.2241216216216215,148,0.0030913286507836873,-21.31725248351915,Persistent / Stable
23.77067,86.19287,300.48,0.34,0.56,2026-10-07,2046,N,VIIRS,n,2.0NRT,287.76,1.74,N,VIIRS_SNPP_NRT,3.0302173913043475,46,0.03572191739830273,-42.578377215008246,Persistent / Stable
24.76482,74.60693,308.32,0.58,0.52,2026-10-07,2010,N21,VIIRS,n,2.0NRT,295.92,1.73,N,VIIRS_NOAA21_NRT,1.0876923076923075,13,0.021203777094568884,59.052333804809074,Abnormal Increase
20.88454,84.98066,321.16,0.37,0.58,2026-10-07,1925,N20,VIIRS,n,2.0NRT,292.34,1.73,N,VIIRS_NOAA20_NRT,3.015394736842105,76,0.009885039954251704,-42.62774359645677,Persistent / Stable
15.82028,78.60642,337.94,0.39,0.36,2026-10-07,816,N,VIIRS,n,2.0NRT,304.98,1.73,D,VIIRS_SNPP_NRT,,0,,,New / No Local History
18.13211,74.43112,333.05,0.44,0.38,2026-10-07,818,N,VIIRS,l,2.0NRT,305.1,1.73,D,VIIRS_SNPP_NRT,,0,,,New / No Local History
22.5359,77.27995,337.97,0.39,0.36,2026-10-07,818,N,VIIRS,n,2.0NRT,310.1,1.73,D,VIIRS_SNPP_NRT,,0,,,New / No Local History
19.1028,82.1703,309.34,0.48,0.48,2026-10-07,2046,N,VIIRS,n,2.0NRT,292.72,1.73,N,VIIRS_SNPP_NRT,2.2891666666666666,36,0.029507686577603286,-24.42664725154714,Persistent / Stable
22.03244,83.35544,303.28,0.5,0.49,2026-10-07,2046,N,VIIRS,n,2.0NRT,290.26,1.73,N,VIIRS_SNPP_NRT,1.5653846153846156,13,0.18400376464413726,10.515970515970501,Persistent / Stable
22.03789,83.35164,317.66,0.5,0.49,2026-10-07,2046,N,VIIRS,n,2.0NRT,291.43,1.73,N,VIIRS_SNPP_NRT,1.5653846153846156,13,0.030922913051596047,10.515970515970501,Persistent / Stable
22.05057,88.12335,310.32,0.49,0.65,2026-10-07,2046,N,VIIRS,n,2.0NRT,289.84,1.73,N,VIIRS_SNPP_NRT,4.342173913043477,23,0.007978797700992576,-60.15820566736757,Persistent / Reduced
20.96445,85.16174,305.06,0.34,0.56,2026-10-07,2049,N,VIIRS,n,2.0NRT,290.75,1.73,N,VIIRS_SNPP_NRT,3.4188421052631557,95,0.047138314515427104,-49.39807260075738,Persistent / Stable
20.97387,85.17413,313.39,0.34,0.56,2026-10-07,2049,N,VIIRS,n,2.0NRT,291.1,1.73,N,VIIRS_SNPP_NRT,3.5433628318584063,113,0.012154792476534839,-51.17632367632366,Persistent / Reduced
23.33936,77.09329,332.11,0.39,0.36,2026-10-07,820,N,VIIRS,l,2.0NRT,306.59,1.72,D,VIIRS_SNPP_NRT,,0,,,New / No Local History
21.11014,72.63465,309.84,0.35,0.57,2026-10-07,2010,N21,VIIRS,n,2.0NRT,296.96,1.71,N,VIIRS_NOAA21_NRT,4.870454545454545,154,0.011181265395926345,-64.89034064395707,Persistent / Reduced
26.64165,79.47871,310.54,0.48,0.4,2026-10-07,2010,N21,VIIRS,n,2.0NRT,292.6,1.71,N,VIIRS_NOAA21_NRT,1.8419999999999999,5,0.03180820833013993,-7.166123778501624,Persistent / Stable
22.80102,86.0883,317.83,0.33,0.55,2026-10-07,1925,N20,VIIRS,n,2.0NRT,291.11,1.71,N,VIIRS_NOAA20_NRT,2.015,14,0.016818986467008728,-15.136476426799014,Persistent / Stable
22.00354,82.6678,304.72,0.6,0.7,2026-10-07,2106,N20,VIIRS,n,2.0NRT,289.3,1.7,N,VIIRS_NOAA20_NRT,1.743846153846154,13,0.06811250937947634,-2.514336127040155,Persistent / Stable
15.17435,76.69099,321.87,0.42,0.38,2026-10-07,2049,N,VIIRS,n,2.0NRT,289.61,1.7,N,VIIRS_SNPP_NRT,1.904939759036143,83,0.02596686258483839,-10.75833280627404,Persistent / Stable
20.96309,85.16815,307.96,0.34,0.56,2026-10-07,2049,N,VIIRS,n,2.0NRT,291.56,1.7,N,VIIRS_SNPP_NRT,3.542232142857142,112,0.0013949732578666298,-52.00766264209915,Persistent / Reduced
20.96377,85.16496,313.65,0.34,0.56,2026-10-07,2049,N,VIIRS,n,2.0NRT,291.37,1.7,N,VIIRS_SNPP_NRT,3.4097029702970287,101,0.024923649988614356,-50.1422846855218,Persistent / Reduced
20.96816,85.16949,303.39,0.34,0.56,2026-10-07,2049,N,VIIRS,n,2.0NRT,290.93,1.7,N,VIIRS_SNPP_NRT,3.552894736842104,114,0.018750850748262504,-52.15169246722463,Persistent / Reduced
27.75931,77.73318,330.37,0.44,0.39,2026-10-07,744,N21,VIIRS,l,2.0NRT,302.26,1.69,D,VIIRS_NOAA21_NRT,,0,,,New / No Local History
24.14552,82.65542,314.32,0.38,0.36,2026-10-07,2010,N21,VIIRS,n,2.0NRT,292.25,1.69,N,VIIRS_NOAA21_NRT,0.78,1,0.32065008246655835,116.66666666666666,Abnormal Increase
22.65302,76.91306,332.91,0.52,0.5,2026-10-07,837,N20,VIIRS,l,2.0NRT,305.07,1.69,D,VIIRS_NOAA20_NRT,,0,,,New / No Local History
10.14465,78.87096,330.97,0.38,0.36,2026-10-07,816,N,VIIRS,n,2.0NRT,297.49,1.69,D,VIIRS_SNPP_NRT,1.3,1,1.5893081365538433,29.999999999999993,Single Historical Detection
18.71702,79.53655,306.65,0.51,0.41,2026-10-07,2046,N,VIIRS,n,2.0NRT,296.01,1.69,N,VIIRS_SNPP_NRT,1.7500000000000002,13,0.025614548278554555,-3.428571428571444,Persistent / Stable
18.72079,79.53725,312.41,0.51,0.41,2026-10-07,2046,N,VIIRS,n,2.0NRT,295.82,1.69,N,VIIRS_SNPP_NRT,1.7500000000000002,13,0.04044302813432719,-3.428571428571444,Persistent / Stable
20.53163,85.90583,313.24,0.38,0.59,2026-10-07,2049,N,VIIRS,n,2.0NRT,291.91,1.69,N,VIIRS_SNPP_NRT,,0,,,New / No Local History
23.69594,85.36758,302.94,0.44,0.38,2026-10-07,2010,N21,VIIRS,n,2.0NRT,285.86,1.68,N,VIIRS_NOAA21_NRT,1.4726315789473683,19,0.039719549245840084,14.08148677626877,Persistent / Stable
23.70948,86.44886,309.72,0.48,0.4,2026-10-07,2010,N21,VIIRS,n,2.0NRT,292.33,1.68,N,VIIRS_NOAA21_NRT,2.530937499999999,64,0.021471385666146522,-33.62143474503023,Persistent / Stable
23.78051,86.34844,306.12,0.48,0.4,2026-10-07,2010,N21,VIIRS,n,2.0NRT,291.08,1.68,N,VIIRS_NOAA21_NRT,2.264545454545455,77,0.007149802702484545,-25.812926535527918,Persistent / Stable
12.21088,78.59972,331.4,0.38,0.36,2026-10-07,816,N,VIIRS,n,2.0NRT,302.95,1.68,D,VIIRS_SNPP_NRT,,0,,,New / No Local History
28.70746,76.85873,318.41,0.39,0.36,2026-10-07,2046,N,VIIRS,n,2.0NRT,293.81,1.68,N,VIIRS_SNPP_NRT,1.79,3,0.10062471343040758,-6.14525139664805,Persistent / Stable
15.17896,76.67471,314.01,0.42,0.38,2026-10-07,2049,N,VIIRS,n,2.0NRT,291.12,1.68,N,VIIRS_SNPP_NRT,2.4545641025641025,195,0.0037895498887246483,-31.556075547384253,Persistent / Stable
15.1824,76.67533,306.95,0.42,0.38,2026-10-07,2049,N,VIIRS,n,2.0NRT,291.17,1.68,N,VIIRS_SNPP_NRT,2.4574479166666667,192,0.009674627520114516,-31.63639446410784,Persistent / Stable
20.96173,85.17461,304.05,0.34,0.56,2026-10-07,2049,N,VIIRS,n,2.0NRT,291.56,1.68,N,VIIRS_SNPP_NRT,3.546756756756756,111,0.019741006837300477,-52.63278213823058,Persistent / Reduced
20.96241,85.17139,316.83,0.34,0.56,2026-10-07,2049,N,VIIRS,n,2.0NRT,291.77,1.68,N,VIIRS_SNPP_NRT,3.547457627118643,118,0.012477736599223858,-52.6421404682274,Persistent / Reduced
20.96681,85.17592,314.14,0.34,0.56,2026-10-07,2049,N,VIIRS,n,2.0NRT,291.14,1.68,N,VIIRS_SNPP_NRT,3.5795412844036694,109,0.013825397746786395,-53.06661198964554,Persistent / Reduced
20.96749,85.17269,335.5,0.34,0.56,2026-10-07,2049,N,VIIRS,n,2.0NRT,291.56,1.68,N,VIIRS_SNPP_NRT,3.5596581196581183,117,0.015093797365292424,-52.8044563964656,Persistent / Reduced
21.19436,81.39143,310.48,0.39,0.44,2026-10-07,2049,N,VIIRS,n,2.0NRT,293.03,1.68,N,VIIRS_SNPP_NRT,2.583846153846154,26,0.030506385863066664,-34.98064900267937,Persistent / Stable
21.8263,83.90132,306.45,0.41,0.37,2026-10-07,2010,N21,VIIRS,n,2.0NRT,292.39,1.67,N,VIIRS_NOAA21_NRT,2.8986666666666667,15,0.26841386095639785,-42.38730450781969,Persistent / Stable
18.91187,77.91266,330.19,0.55,0.51,2026-10-07,837,N20,VIIRS,l,2.0NRT,304.55,1.67,D,VIIRS_NOAA20_NRT,,0,,,New / No Local History
23.78102,86.20576,302.65,0.33,0.55,2026-10-07,1925,N20,VIIRS,n,2.0NRT,289.76,1.67,N,VIIRS_NOAA20_NRT,3.051874999999999,48,0.005356380524839963,-45.279541265615386,Persistent / Stable
21.4869,81.76952,302.86,0.54,0.68,2026-10-07,2106,N20,VIIRS,n,2.0NRT,289.94,1.67,N,VIIRS_NOAA20_NRT,1.4842857142857144,7,0.011514652680230962,12.512030798845029,Persistent / Stable
20.86208,84.98997,309.62,0.45,0.39,2026-10-07,2010,N21,VIIRS,n,2.0NRT,294.03,1.66,N,VIIRS_NOAA21_NRT,3.015394736842105,76,0.008035408082481637,-44.94916437579089,Persistent / Stable
17.58314,80.31984,312.96,0.39,0.36,2026-10-07,2012,N21,VIIRS,n,2.0NRT,294.81,1.66,N,VIIRS_NOAA21_NRT,,0,,,New / No Local History
20.88757,84.9836,311.29,0.33,0.55,2026-10-07,2049,N,VIIRS,n,2.0NRT,291.36,1.66,N,VIIRS_SNPP_NRT,3.015394736842105,76,0.030235632883458666,-44.94916437579089,Persistent / Stable
20.86486,84.99499,309.04,0.45,0.39,2026-10-07,2010,N21,VIIRS,n,2.0NRT,295.22,1.64,N,VIIRS_NOAA21_NRT,3.038266666666666,75,0.010844323487281137,-46.02185456620001,Persistent / Stable
20.86561,84.99066,312.34,0.45,0.39,2026-10-07,2010,N21,VIIRS,n,2.0NRT,295.29,1.64,N,VIIRS_NOAA21_NRT,3.015394736842105,76,0.00784866579914751,-45.61242745560064,Persistent / Stable
20.86839,84.99569,311.29,0.45,0.39,2026-10-07,2010,N21,VIIRS,n,2.0NRT,296.76,1.64,N,VIIRS_NOAA21_NRT,3.038266666666666,75,0.007082613315307722,-46.02185456620001,Persistent / Stable
23.67729,86.10635,316.49,0.47,0.4,2026-10-07,2010,N21,VIIRS,n,2.0NRT,290.64,1.63,N,VIIRS_NOAA21_NRT,2.4559615384615388,52,0.19049063655768533,-33.630882468091784,Persistent / Stable
24.76819,76.53298,333.47,0.39,0.36,2026-10-07,820,N,VIIRS,l,2.0NRT,308.08,1.63,D,VIIRS_SNPP_NRT,,0,,,New / No Local History
23.80573,86.32866,307.09,0.35,0.57,2026-10-07,2046,N,VIIRS,n,2.0NRT,289.27,1.63,N,VIIRS_SNPP_NRT,2.4138596491228084,57,0.005426831838129924,-32.473290210044375,Persistent / Stable
20.79265,85.25388,319.16,0.34,0.56,2026-10-07,2049,N,VIIRS,n,2.0NRT,291.65,1.63,N,VIIRS_SNPP_NRT,4.153833333333335,60,0.019996574120580098,-60.75913814548812,Persistent / Reduced
21.9252,83.34145,307.19,0.39,0.36,2026-10-07,2010,N21,VIIRS,n,2.0NRT,293.98,1.61,N,VIIRS_NOAA21_NRT,2.8140740740740737,27,0.027046010429624737,-42.78757567780994,Persistent / Stable
24.82221,73.09283,308.53,0.36,0.58,2026-10-07,2010,N21,VIIRS,n,2.0NRT,298.28,1.61,N,VIIRS_NOAA21_NRT,0.9616666666666668,6,0.006572608496563039,67.41767764298092,Abnormal Increase
15.16947,76.38171,308.57,0.41,0.37,2026-10-07,2049,N,VIIRS,n,2.0NRT,287.56,1.61,N,VIIRS_SNPP_NRT,1.3303571428571428,28,0.0015137597135377033,21.020134228187935,Persistent / Stable
21.11181,72.63539,314.84,0.46,0.39,2026-10-07,2049,N,VIIRS,n,2.0NRT,299.16,1.61,N,VIIRS_SNPP_NRT,4.870454545454545,154,0.008298877689896206,-66.94353709752681,Persistent / Reduced
21.24934,79.20765,311.13,0.44,0.38,2026-10-07,2010,N21,VIIRS,n,2.0NRT,295.65,1.6,N,VIIRS_NOAA21_NRT,1.19375,8,0.046635963843272295,34.031413612565444,Persistent / Stable
29.39794,73.64119,331.31,0.4,0.45,2026-10-07,839,N20,VIIRS,l,2.0NRT,303.76,1.6,D,VIIRS_NOAA20_NRT,,0,,,New / No Local History
15.18279,76.67367,301.64,0.34,0.56,2026-10-07,2108,N20,VIIRS,n,2.0NRT,279.37,1.6,N,VIIRS_NOAA20_NRT,2.4681159420289855,207,0.01206502928497566,-35.17322372284204,Persistent / Stable
24.93499,74.63226,309.98,0.42,0.38,2026-10-07,2046,N,VIIRS,n,2.0NRT,296.15,1.6,N,VIIRS_SNPP_NRT,1.14,8,0.028370565949159432,40.35087719298247,Persistent / Stable
21.30661,78.02324,331.39,0.52,0.42,2026-10-07,741,N21,VIIRS,n,2.0NRT,301.14,1.59,D,VIIRS_NOAA21_NRT,,0,,,New / No Local History
21.67641,82.07809,301.71,0.56,0.69,2026-10-07,2106,N20,VIIRS,n,2.0NRT,289.04,1.59,N,VIIRS_NOAA20_NRT,1.3599999999999999,2,0.0920544676082121,16.91176470588237,Persistent / Stable
23.16199,82.33515,303.18,0.41,0.45,2026-10-07,2046,N,VIIRS,n,2.0NRT,290.4,1.59,N,VIIRS_SNPP_NRT,1.913076923076923,13,0.2055157283765796,-16.88781664656211,Persistent / Stable
23.1653,82.34013,326.26,0.41,0.45,2026-10-07,2046,N,VIIRS,n,2.0NRT,292.9,1.59,N,VIIRS_SNPP_NRT,1.913076923076923,13,0.053331745539779235,-16.88781664656211,Persistent / Stable
23.16609,82.33607,307.4,0.41,0.45,2026-10-07,2046,N,VIIRS,n,2.0NRT,291.78,1.59,N,VIIRS_SNPP_NRT,1.913076923076923,13,0.11151848005040614,-16.88781664656211,Persistent / Stable
24.20476,82.70866,314.0,0.38,0.36,2026-10-07,2010,N21,VIIRS,n,2.0NRT,293.4,1.58,N,VIIRS_NOAA21_NRT,1.1085714285714285,7,0.008169101122193548,42.5257731958763,Persistent / Stable
23.67948,86.10367,323.15,0.34,0.56,2026-10-07,1925,N20,VIIRS,n,2.0NRT,289.93,1.58,N,VIIRS_NOAA20_NRT,2.598507462686567,67,0.044816300372520684,-39.195864445720844,Persistent / Stable
21.74298,83.83816,302.13,0.71,0.75,2026-10-07,2106,N20,VIIRS,n,2.0NRT,285.76,1.58,N,VIIRS_NOAA20_NRT,4.736385542168675,83,0.013069243188227029,-66.64122914122915,Persistent / Reduced
23.73784,86.43472,323.07,0.36,0.57,2026-10-07,2046,N,VIIRS,n,2.0NRT,288.87,1.58,N,VIIRS_SNPP_NRT,2.35578947368421,95,0.004012682923057092,-32.93118856121536,Persistent / Stable
23.73864,86.43124,301.85,0.36,0.57,2026-10-07,2046,N,VIIRS,n,2.0NRT,287.7,1.58,N,VIIRS_SNPP_NRT,2.2385882352941175,85,0.0030674524599994127,-29.41980239646836,Persistent / Stable
18.62821,77.67439,331.91,0.4,0.44,2026-10-07,739,N21,VIIRS,l,2.0NRT,304.12,1.57,D,VIIRS_NOAA21_NRT,,0,,,New / No Local History
20.86282,84.98568,316.95,0.45,0.39,2026-10-07,2010,N21,VIIRS,n,2.0NRT,293.82,1.57,N,VIIRS_NOAA21_NRT,3.015394736842105,76,0.045948414857507856,-47.93384823493476,Persistent / Stable
20.88546,84.98138,308.2,0.45,0.39,2026-10-07,2010,N21,VIIRS,n,2.0NRT,294.77,1.57,N,VIIRS_NOAA21_NRT,3.015394736842105,76,0.021827818765467685,-47.93384823493476,Persistent / Stable
21.23458,79.62901,310.68,0.42,0.38,2026-10-07,2010,N21,VIIRS,n,2.0NRT,294.75,1.57,N,VIIRS_NOAA21_NRT,0.8525,4,0.011014057670263247,84.1642228739003,Abnormal Increase
23.80355,86.32463,302.94,0.48,0.4,2026-10-07,2010,N21,VIIRS,n,2.0NRT,291.52,1.57,N,VIIRS_NOAA21_NRT,2.4911999999999996,50,0.020588556010231206,-36.97816313423249,Persistent / Stable
22.33389,82.60603,308.83,0.55,0.68,2026-10-07,1925,N20,VIIRS,n,2.0NRT,288.97,1.57,N,VIIRS_NOAA20_NRT,1.767777777777778,9,0.0588608488582852,-11.187932118164678,Persistent / Stable
22.35717,82.29996,306.63,0.56,0.68,2026-10-07,2106,N20,VIIRS,n,2.0NRT,289.49,1.57,N,VIIRS_NOAA20_NRT,3.8262500000000004,24,0.04752372207004945,-58.96765762822608,Persistent / Reduced
20.89889,75.49337,332.48,0.39,0.36,2026-10-07,818,N,VIIRS,l,2.0NRT,305.19,1.57,D,VIIRS_SNPP_NRT,,0,,,New / No Local History
18.67927,73.03433,308.04,0.42,0.38,2026-10-07,2046,N,VIIRS,n,2.0NRT,295.48,1.57,N,VIIRS_SNPP_NRT,2.2831999999999995,50,0.008440978669416288,-31.236860546601243,Persistent / Stable
22.03904,83.35433,309.64,0.39,0.36,2026-10-07,2010,N21,VIIRS,n,2.0NRT,292.9,1.56,N,VIIRS_NOAA21_NRT,1.5653846153846156,13,0.06906739112444724,-0.3439803439803541,Persistent / Stable
22.60936,85.91264,310.22,0.47,0.4,2026-10-07,2010,N21,VIIRS,n,2.0NRT,292.35,1.56,N,VIIRS_NOAA21_NRT,1.262,5,0.10573774600041774,23.61331220285262,Persistent / Stable
23.77571,86.20943,304.64,0.47,0.4,2026-10-07,2010,N21,VIIRS,n,2.0NRT,291.52,1.56,N,VIIRS_NOAA21_NRT,3.051874999999999,48,0.014112351251046344,-48.8838828588982,Persistent / Stable
21.19105,81.39092,304.55,0.52,0.66,2026-10-07,2106,N20,VIIRS,n,2.0NRT,290.07,1.56,N,VIIRS_NOAA20_NRT,2.583846153846154,26,0.006411125055073923,-39.624888359630845,Persistent / Stable
18.9303,78.20738,331.47,0.4,0.37,2026-10-07,818,N,VIIRS,l,2.0NRT,305.02,1.56,D,VIIRS_SNPP_NRT,,0,,,New / No Local History
13.15935,80.28446,309.92,0.38,0.36,2026-10-07,2012,N21,VIIRS,n,2.0NRT,289.84,1.55,N,VIIRS_NOAA21_NRT,2.2899999999999996,6,0.07485687245758885,-32.31441048034933,Persistent / Stable
15.01063,76.90276,305.99,0.48,0.4,2026-10-07,2012,N21,VIIRS,n,2.0NRT,293.11,1.55,N,VIIRS_NOAA21_NRT,,0,,,New / No Local History
20.96225,86.007,304.26,0.63,0.54,2026-10-07,1925,N20,VIIRS,n,2.0NRT,291.8,1.55,N,VIIRS_NOAA20_NRT,3.830652173913042,46,0.02912192874539337,-59.536916179558474,Persistent / Reduced
20.96726,86.00758,306.27,0.63,0.54,2026-10-07,1925,N20,VIIRS,n,2.0NRT,292.62,1.55,N,VIIRS_NOAA20_NRT,3.7970212765957423,47,0.01478032163273198,-59.17852740109826,Persistent / Reduced
22.00235,82.67021,310.11,0.45,0.47,2026-10-07,2046,N,VIIRS,n,2.0NRT,292.34,1.55,N,VIIRS_SNPP_NRT,1.743846153846154,13,0.00954598018232974,-11.116012351124843,Persistent / Stable
23.77797,86.20882,316.53,0.34,0.56,2026-10-07,2046,N,VIIRS,n,2.0NRT,288.54,1.55,N,VIIRS_SNPP_NRT,3.051874999999999,48,0.0035201654883443394,-49.21155027646937,Persistent / Stable
23.78311,86.21007,314.11,0.34,0.56,2026-10-07,2046,N,VIIRS,n,2.0NRT,288.66,1.55,N,VIIRS_SNPP_NRT,3.051874999999999,48,0.010321703939117076,-49.21155027646937,Persistent / Stable
22.90842,69.70242,310.42,0.47,0.47,2026-10-07,2049,N,VIIRS,n,2.0NRT,295.84,1.55,N,VIIRS_SNPP_NRT,2.3864,25,0.0853003506652245,-35.04860878310426,Persistent / Stable
22.01409,83.75298,313.87,0.4,0.37,2026-10-07,2010,N21,VIIRS,n,2.0NRT,293.02,1.54,N,VIIRS_NOAA21_NRT,1.8481818181818186,11,0.025912644324753167,-16.674864731923282,Persistent / Stable
21.87901,83.55148,300.2,0.47,0.64,2026-10-07,1925,N20,VIIRS,n,2.0NRT,287.06,1.54,N,VIIRS_NOAA20_NRT,2.69,2,0.25075895855577046,-42.75092936802974,Persistent / Stable
23.64686,85.4374,305.04,0.37,0.58,2026-10-07,1925,N20,VIIRS,n,2.0NRT,285.95,1.54,N,VIIRS_NOAA20_NRT,3.0220454545454554,44,0.019063096430835993,-49.04113709859368,Persistent / Stable
22.79249,76.09946,335.62,0.38,0.36,2026-10-07,820,N,VIIRS,l,2.0NRT,309.63,1.54,D,VIIRS_SNPP_NRT,,0,,,New / No Local History
34.12964,74.07207,333.17,0.39,0.36,2026-10-07,822,N,VIIRS,n,2.0NRT,299.83,1.54,D,VIIRS_SNPP_NRT,,0,,,New / No Local History
19.9341,73.71413,303.35,0.41,0.37,2026-10-07,2046,N,VIIRS,n,2.0NRT,292.36,1.54,N,VIIRS_SNPP_NRT,1.3399999999999999,7,0.08794504171954423,14.925373134328373,Persistent / Stable
19.93467,73.71022,325.26,0.41,0.37,2026-10-07,2046,N,VIIRS,n,2.0NRT,293.08,1.54,N,VIIRS_SNPP_NRT,1.3399999999999999,7,0.012377080563133698,14.925373134328373,Persistent / Stable
15.18641,76.65524,303.01,0.33,0.56,2026-10-07,2108,N20,VIIRS,n,2.0NRT,281.31,1.53,N,VIIRS_NOAA20_NRT,2.618469945355192,183,0.015761924950229485,-41.56893025585377,Persistent / Stable
21.07519,85.04309,311.35,0.45,0.39,2026-10-07,2010,N21,VIIRS,n,2.0NRT,293.79,1.52,N,VIIRS_NOAA21_NRT,2.44,20,0.002591654112754531,-37.704918032786885,Persistent / Stable
21.07593,85.03883,318.86,0.45,0.39,2026-10-07,2010,N21,VIIRS,n,2.0NRT,295.94,1.52,N,VIIRS_NOAA21_NRT,2.44,20,0.016639125709716117,-37.704918032786885,Persistent / Stable
21.07872,85.04382,311.14,0.45,0.39,2026-10-07,2010,N21,VIIRS,n,2.0NRT,294.32,1.52,N,VIIRS_NOAA21_NRT,2.44,20,0.07385669261313814,-37.704918032786885,Persistent / Stable
21.07946,85.03954,306.52,0.45,0.39,2026-10-07,2010,N21,VIIRS,n,2.0NRT,294.12,1.52,N,VIIRS_NOAA21_NRT,2.44,20,0.010666309139630485,-37.704918032786885,Persistent / Stable
21.6727,84.04169,306.49,0.41,0.37,2026-10-07,2010,N21,VIIRS,n,2.0NRT,291.11,1.52,N,VIIRS_NOAA21_NRT,2.826315789473685,19,0.029612813567461774,-46.219739292365006,Persistent / Stable
21.87779,83.55595,304.73,0.51,0.5,2026-10-07,2046,N,VIIRS,n,2.0NRT,289.84,1.52,N,VIIRS_SNPP_NRT,2.69,2,0.14343033335348146,-43.49442379182156,Persistent / Stable
28.80172,77.05463,306.67,0.46,0.47,2026-10-07,2008,N21,VIIRS,n,2.0NRT,293.89,1.51,N,VIIRS_NOAA21_NRT,,0,,,New / No Local History
22.06705,83.70381,309.84,0.4,0.37,2026-10-07,2010,N21,VIIRS,n,2.0NRT,291.82,1.51,N,VIIRS_NOAA21_NRT,1.34,1,0.1556225668264037,12.686567164179099,Single Historical Detection
15.18219,76.67674,304.16,0.34,0.56,2026-10-07,2108,N20,VIIRS,n,2.0NRT,278.78,1.51,N,VIIRS_NOAA20_NRT,2.373173652694611,167,0.007298793606404511,-36.37212353653613,Persistent / Stable
12.80328,78.87148,333.27,0.39,0.36,2026-10-07,816,N,VIIRS,n,2.0NRT,299.67,1.51,D,VIIRS_SNPP_NRT,,0,,,New / No Local History
22.28962,76.93764,330.28,0.39,0.36,2026-10-07,818,N,VIIRS,n,2.0NRT,303.12,1.51,D,VIIRS_SNPP_NRT,,0,,,New / No Local History
21.98594,83.23249,309.32,0.49,0.49,2026-10-07,2046,N,VIIRS,n,2.0NRT,291.0,1.51,N,VIIRS_SNPP_NRT,2.5444444444444443,9,0.014685135834093654,-40.65502183406113,Persistent / Stable
15.65669,73.99054,313.27,0.39,0.36,2026-10-07,2049,N,VIIRS,n,2.0NRT,294.3,1.51,N,VIIRS_SNPP_NRT,1.3135714285714286,14,0.033256245566896686,14.953779227841215,Persistent / Stable
20.97457,85.17094,312.36,0.34,0.56,2026-10-07,2049,N,VIIRS,n,2.0NRT,291.29,1.51,N,VIIRS_SNPP_NRT,3.5399999999999987,117,0.02012795769695577,-57.344632768361556,Persistent / Reduced
20.97527,85.16773,309.88,0.34,0.56,2026-10-07,2049,N,VIIRS,n,2.0NRT,290.67,1.51,N,VIIRS_SNPP_NRT,3.506146788990825,109,0.016315691445646142,-56.93277860637935,Persistent / Reduced
21.10397,72.63869,309.15,0.46,0.39,2026-10-07,2049,N,VIIRS,n,2.0NRT,297.59,1.51,N,VIIRS_SNPP_NRT,4.8750967741935485,155,0.014581294122669421,-69.0262558890477,Persistent / Reduced
21.10457,72.63424,319.97,0.46,0.39,2026-10-07,2049,N,VIIRS,n,2.0NRT,298.11,1.51,N,VIIRS_SNPP_NRT,4.870454545454545,154,0.004777452149957275,-68.9967335510966,Persistent / Reduced
21.48558,81.76948,314.79,0.41,0.45,2026-10-07,2049,N,VIIRS,n,2.0NRT,293.32,1.51,N,VIIRS_SNPP_NRT,1.4842857142857144,7,0.0072884687967613255,1.7324350336862273,Persistent / Stable
20.96487,85.17088,305.16,0.36,0.57,2026-10-07,1925,N20,VIIRS,n,2.0NRT,291.7,1.5,N,VIIRS_NOAA20_NRT,3.5399999999999987,117,0.005439632462962601,-57.62711864406778,Persistent / Reduced
20.96521,85.1674,311.62,0.36,0.57,2026-10-07,1925,N20,VIIRS,n,2.0NRT,292.6,1.5,N,VIIRS_NOAA20_NRT,3.5234259259259253,108,0.00926945898013253,-57.42779807111133,Persistent / Reduced
20.97051,85.16796,308.07,0.36,0.57,2026-10-07,1925,N20,VIIRS,n,2.0NRT,292.04,1.5,N,VIIRS_NOAA20_NRT,3.542232142857142,112,0.014779298395775053,-57.65381997832277,Persistent / Reduced
22.2139,77.20172,333.48,0.39,0.36,2026-10-07,818,N,VIIRS,l,2.0NRT,305.78,1.5,D,VIIRS_SNPP_NRT,,0,,,New / No Local History
21.96537,83.77396,305.77,0.53,0.5,2026-10-07,2046,N,VIIRS,n,2.0NRT,290.02,1.5,N,VIIRS_SNPP_NRT,1.675,4,0.1485813206571745,-10.447761194029853,Persistent / Stable
22.36271,87.0192,306.71,0.41,0.61,2026-10-07,2046,N,VIIRS,n,2.0NRT,291.07,1.5,N,VIIRS_SNPP_NRT,1.3695833333333332,24,0.023911029573139855,9.522360815333144,Persistent / Stable
21.37634,81.6413,308.58,0.4,0.44,2026-10-07,2049,N,VIIRS,n,2.0NRT,292.47,1.5,N,VIIRS_SNPP_NRT,2.078888888888889,9,0.006089216278857319,-27.846071619454833,Persistent / Stable
21.91943,83.35589,312.32,0.39,0.36,2026-10-07,2010,N21,VIIRS,n,2.0NRT,292.73,1.49,N,VIIRS_NOAA21_NRT,2.8140740740740737,27,0.19812930019019007,-47.05185575151355,Persistent / Stable
22.3609,82.30109,316.15,0.38,0.36,2026-10-07,2010,N21,VIIRS,n,2.0NRT,294.82,1.49,N,VIIRS_NOAA21_NRT,3.8262500000000004,24,0.02253057889301779,-61.05847762169226,Persistent / Reduced
21.36649,81.67943,303.89,0.61,0.71,2026-10-07,1925,N20,VIIRS,n,2.0NRT,288.9,1.49,N,VIIRS_NOAA20_NRT,2.3618750000000004,16,0.027029286138350827,-36.91452765281822,Persistent / Stable
18.68001,73.03686,307.41,0.52,0.41,2026-10-07,2108,N20,VIIRS,n,2.0NRT,294.94,1.49,N,VIIRS_NOAA20_NRT,2.2831999999999995,50,0.005311830685993114,-34.740714786264874,Persistent / Stable
18.68378,73.03761,307.77,0.52,0.41,2026-10-07,2108,N20,VIIRS,n,2.0NRT,295.54,1.49,N,VIIRS_NOAA20_NRT,2.2831999999999995,50,0.009795347437011827,-34.740714786264874,Persistent / Stable
18.68466,73.03276,307.02,0.52,0.41,2026-10-07,2108,N20,VIIRS,n,2.0NRT,295.72,1.49,N,VIIRS_NOAA20_NRT,2.2831999999999995,50,0.006934099288618086,-34.740714786264874,Persistent / Stable
13.75959,79.04883,330.45,0.39,0.36,2026-10-07,816,N,VIIRS,n,2.0NRT,300.33,1.49,D,VIIRS_SNPP_NRT,,0,,,New / No Local History
20.88898,84.9821,308.26,0.45,0.39,2026-10-07,2010,N21,VIIRS,n,2.0NRT,294.27,1.48,N,VIIRS_NOAA21_NRT,3.015394736842105,76,0.0034479798597187882,-50.91853209407863,Persistent / Reduced
23.78737,85.55158,308.44,0.44,0.38,2026-10-07,2010,N21,VIIRS,n,2.0NRT,291.43,1.48,N,VIIRS_NOAA21_NRT,1.9033333333333335,21,0.04178175423249134,-22.241681260945718,Persistent / Stable
15.07185,76.86635,304.96,0.48,0.4,2026-10-07,2012,N21,VIIRS,n,2.0NRT,292.8,1.48,N,VIIRS_NOAA21_NRT,1.33,10,0.036509826359722254,11.278195488721797,Persistent / Stable
19.72361,79.17499,309.53,0.43,0.38,2026-10-07,2010,N21,VIIRS,n,2.0NRT,294.73,1.47,N,VIIRS_NOAA21_NRT,1.18,1,0.11413713814260097,24.57627118644068,Single Historical Detection
24.16775,82.62105,314.56,0.38,0.36,2026-10-07,2010,N21,VIIRS,n,2.0NRT,292.45,1.47,N,VIIRS_NOAA21_NRT,1.5083333333333337,6,0.007261147637164066,-2.5414364640884264,Persistent / Stable
23.75611,86.4028,313.55,0.35,0.57,2026-10-07,2046,N,VIIRS,n,2.0NRT,288.07,1.47,N,VIIRS_SNPP_NRT,2.158924050632911,158,0.0014196547069820638,-31.9105273958547,Persistent / Stable
23.76131,86.40411,321.19,0.35,0.57,2026-10-07,2046,N,VIIRS,n,2.0NRT,288.28,1.47,N,VIIRS_SNPP_NRT,2.158924050632911,158,0.004569806745111088,-31.9105273958547,Persistent / Stable
23.76207,86.40073,312.22,0.35,0.57,2026-10-07,2046,N,VIIRS,n,2.0NRT,288.53,1.47,N,VIIRS_SNPP_NRT,2.158924050632911,158,0.002607742977420594,-31.9105273958547,Persistent / Stable
20.86405,84.99448,307.25,0.33,0.55,2026-10-07,2049,N,VIIRS,n,2.0NRT,290.89,1.47,N,VIIRS_SNPP_NRT,3.038266666666666,75,0.0072741872714163405,-51.617150129459766,Persistent / Reduced
20.86474,84.99122,315.28,0.33,0.55,2026-10-07,2049,N,VIIRS,n,2.0NRT,290.98,1.47,N,VIIRS_SNPP_NRT,3.015394736842105,76,0.005450784136896919,-51.250163633983504,Persistent / Reduced
20.95266,86.04774,309.03,0.38,0.59,2026-10-07,2049,N,VIIRS,n,2.0NRT,291.86,1.47,N,VIIRS_SNPP_NRT,3.456785714285715,28,0.0844428292591392,-57.4749457588594,Persistent / Reduced
20.95348,86.04401,309.99,0.38,0.59,2026-10-07,2049,N,VIIRS,n,2.0NRT,291.53,1.47,N,VIIRS_SNPP_NRT,3.505925925925927,27,0.004523502502463636,-58.07099091485317,Persistent / Reduced
23.70973,86.44706,305.89,0.48,0.4,2026-10-07,2010,N21,VIIRS,n,2.0NRT,291.84,1.46,N,VIIRS_NOAA21_NRT,2.4877611940298494,67,0.006544409513651593,-41.31269498440122,Persistent / Stable
23.71254,86.45248,313.59,0.48,0.4,2026-10-07,2010,N21,VIIRS,n,2.0NRT,291.61,1.46,N,VIIRS_NOAA21_NRT,2.5115517241379304,58,0.002894448146030328,-41.86860712569505,Persistent / Stable
23.71337,86.44782,304.62,0.48,0.4,2026-10-07,2010,N21,VIIRS,n,2.0NRT,291.46,1.46,N,VIIRS_NOAA21_NRT,2.5038571428571417,70,0.005614052921819629,-41.68996405545727,Persistent / Stable
21.67428,82.07963,304.62,0.58,0.7,2026-10-07,1925,N20,VIIRS,n,2.0NRT,290.2,1.46,N,VIIRS_NOAA20_NRT,1.3599999999999999,2,0.027913605377343612,7.352941176470596,Persistent / Stable
23.6814,86.08369,307.18,0.34,0.56,2026-10-07,1925,N20,VIIRS,n,2.0NRT,290.24,1.46,N,VIIRS_NOAA20_NRT,2.429438202247191,89,0.005297394772905776,-39.90380168347055,Persistent / Stable
23.80483,86.33046,310.25,0.33,0.55,2026-10-07,1925,N20,VIIRS,n,2.0NRT,290.3,1.46,N,VIIRS_NOAA20_NRT,2.309841269841271,63,0.02139709296245672,-36.792193512919226,Persistent / Stable
26.87981,73.51506,307.45,0.43,0.38,2026-10-07,2106,N20,VIIRS,n,2.0NRT,296.21,1.46,N,VIIRS_NOAA20_NRT,1.669047619047619,21,0.011778986194848106,-12.524964336661906,Persistent / Stable
20.8691,84.9957,306.1,0.33,0.55,2026-10-07,2049,N,VIIRS,n,2.0NRT,291.97,1.46,N,VIIRS_SNPP_NRT,3.038266666666666,75,0.005628080986238628,-51.9462851625927,Persistent / Reduced
21.07845,85.0349,317.36,0.33,0.55,2026-10-07,2049,N,VIIRS,n,2.0NRT,288.51,1.46,N,VIIRS_SNPP_NRT,2.44,20,0.009200099142847678,-40.16393442622951,Persistent / Stable
21.07912,85.03173,310.88,0.33,0.55,2026-10-07,2049,N,VIIRS,n,2.0NRT,287.11,1.46,N,VIIRS_SNPP_NRT,2.44,20,0.14214490962126589,-40.16393442622951,Persistent / Stable
15.22444,76.76054,312.62,0.49,0.4,2026-10-07,2012,N21,VIIRS,n,2.0NRT,291.62,1.45,N,VIIRS_NOAA21_NRT,1.6163636363636364,11,0.016161290345369173,-10.29246344206975,Persistent / Stable
20.88989,84.98121,307.09,0.37,0.58,2026-10-07,1925,N20,VIIRS,n,2.0NRT,292.12,1.45,N,VIIRS_NOAA20_NRT,3.015394736842105,76,0.007869647533987343,-51.91342671379324,Persistent / Reduced
22.79789,86.20699,314.03,0.32,0.55,2026-10-07,1925,N20,VIIRS,n,2.0NRT,291.38,1.45,N,VIIRS_NOAA20_NRT,2.479821428571428,56,0.03164275840982789,-41.52804781450276,Persistent / Stable
16.23561,77.464,334.26,0.38,0.36,2026-10-07,816,N,VIIRS,l,2.0NRT,309.22,1.45,D,VIIRS_SNPP_NRT,,0,,,New / No Local History
23.31451,70.48627,307.33,0.39,0.36,2026-10-07,2106,N20,VIIRS,n,2.0NRT,297.02,1.44,N,VIIRS_NOAA20_NRT,1.5000000000000002,13,0.0028300266365537266,-4.000000000000018,Persistent / Stable
23.87346,77.98949,332.27,0.42,0.38,2026-10-07,820,N,VIIRS,l,2.0NRT,306.77,1.44,D,VIIRS_SNPP_NRT,,0,,,New / No Local History
28.71151,76.83439,306.8,0.38,0.43,2026-10-07,2104,N20,VIIRS,n,2.0NRT,293.57,1.43,N,VIIRS_NOAA20_NRT,1.6733333333333331,3,0.007966396857484187,-14.541832669322702,Persistent / Stable
21.75247,83.9707,302.62,0.73,0.76,2026-10-07,2106,N20,VIIRS,n,2.0NRT,285.39,1.43,N,VIIRS_NOAA20_NRT,1.94,1,0.6104169661968851,-26.288659793814436,Single Historical Detection
23.2665,70.25764,310.64,0.39,0.36,2026-10-07,2106,N20,VIIRS,n,2.0NRT,297.81,1.43,N,VIIRS_NOAA20_NRT,0.9633333333333334,3,0.033712291927667004,48.44290657439445,Persistent / Stable
23.4864,87.36121,301.0,0.72,0.76,2026-10-07,1906,N,VIIRS,n,2.0NRT,286.68,1.43,N,VIIRS_SNPP_NRT,2.2,5,0.15110389990602383,-35.00000000000001,Persistent / Stable
22.31632,82.53535,305.5,0.44,0.46,2026-10-07,2046,N,VIIRS,n,2.0NRT,291.56,1.43,N,VIIRS_SNPP_NRT,1.8900000000000001,10,0.08744694729658824,-24.338624338624346,Persistent / Stable
20.53083,85.90948,310.6,0.38,0.59,2026-10-07,2049,N,VIIRS,n,2.0NRT,291.77,1.43,N,VIIRS_SNPP_NRT,,0,,,New / No Local History
21.18169,81.38958,304.73,0.39,0.44,2026-10-07,2049,N,VIIRS,n,2.0NRT,292.42,1.43,N,VIIRS_SNPP_NRT,2.7287500000000002,24,0.017291888836480487,-47.59505267979845,Persistent / Stable
21.18239,81.38583,316.96,0.39,0.44,2026-10-07,2049,N,VIIRS,n,2.0NRT,294.08,1.43,N,VIIRS_SNPP_NRT,2.7287500000000002,24,0.04753716889012265,-47.59505267979845,Persistent / Stable
21.1857,81.39046,311.37,0.39,0.44,2026-10-07,2049,N,VIIRS,n,2.0NRT,293.83,1.43,N,VIIRS_SNPP_NRT,2.6544,25,0.011084300095571358,-46.127185051235685,Persistent / Stable
13.0055,79.96819,304.96,0.38,0.36,2026-10-07,2014,N21,VIIRS,n,2.0NRT,288.91,1.42,N,VIIRS_NOAA21_NRT,,0,,,New / No Local History
13.00879,79.96872,308.84,0.38,0.36,2026-10-07,2014,N21,VIIRS,n,2.0NRT,289.01,1.42,N,VIIRS_NOAA21_NRT,,0,,,New / No Local History
21.48987,81.76549,307.67,0.61,0.71,2026-10-07,1925,N20,VIIRS,n,2.0NRT,288.77,1.42,N,VIIRS_NOAA20_NRT,1.4842857142857144,7,0.08901823236929386,-4.331087584215606,Persistent / Stable
9.46555,78.77082,308.95,0.42,0.45,2026-10-07,2049,N,VIIRS,n,2.0NRT,287.79,1.42,N,VIIRS_SNPP_NRT,4.96,1,0.1348543695764067,-71.37096774193549,Single Historical Detection
28.3453,77.23322,304.99,0.44,0.46,2026-10-07,2008,N21,VIIRS,n,2.0NRT,292.72,1.41,N,VIIRS_NOAA21_NRT,1.612727272727273,11,0.2182741496884667,-12.570462232243537,Persistent / Stable
21.67273,82.08127,310.28,0.38,0.36,2026-10-07,2010,N21,VIIRS,n,2.0NRT,295.42,1.41,N,VIIRS_NOAA21_NRT,1.3599999999999999,2,0.14162032494146626,3.676470588235298,Persistent / Stable
23.75552,85.85512,307.35,0.45,0.39,2026-10-07,2010,N21,VIIRS,n,2.0NRT,291.5,1.41,N,VIIRS_NOAA21_NRT,1.9751515151515153,33,0.004820283979319414,-28.61307149432342,Persistent / Stable
23.75906,85.85586,307.07,0.45,0.39,2026-10-07,2010,N21,VIIRS,n,2.0NRT,291.15,1.41,N,VIIRS_NOAA21_NRT,1.9751515151515153,33,0.007501046227717768,-28.61307149432342,Persistent / Stable
15.18483,76.6731,305.8,0.5,0.41,2026-10-07,2012,N21,VIIRS,n,2.0NRT,290.27,1.41,N,VIIRS_NOAA21_NRT,2.4501421800947876,211,0.009101965457049669,-42.45231923865529,Persistent / Stable
17.14224,77.18431,304.86,0.49,0.4,2026-10-07,2012,N21,VIIRS,n,2.0NRT,294.71,1.41,N,VIIRS_NOAA21_NRT,1.548,10,0.006401836680402409,-8.91472868217055,Persistent / Stable
27.37663,95.33614,308.48,0.51,0.49,2026-10-07,1904,N,VIIRS,n,2.0NRT,290.17,1.41,N,VIIRS_SNPP_NRT,3.152,10,0.010209671131140656,-55.26649746192894,Persistent / Reduced
23.67365,86.39584,304.45,0.48,0.4,2026-10-07,2010,N21,VIIRS,n,2.0NRT,292.46,1.4,N,VIIRS_NOAA21_NRT,3.0147826086956515,92,0.011454553625019969,-53.562157484857224,Persistent / Reduced
23.67729,86.39658,310.19,0.48,0.4,2026-10-07,2010,N21,VIIRS,n,2.0NRT,292.49,1.4,N,VIIRS_NOAA21_NRT,3.0147826086956515,92,0.006636950004725689,-53.562157484857224,Persistent / Reduced
23.67812,86.39196,310.92,0.48,0.4,2026-10-07,2010,N21,VIIRS,n,2.0NRT,291.3,1.4,N,VIIRS_NOAA21_NRT,3.0147826086956515,92,0.005295649160416183,-53.562157484857224,Persistent / Reduced
20.96555,85.1639,308.76,0.36,0.57,2026-10-07,1925,N20,VIIRS,n,2.0NRT,292.14,1.4,N,VIIRS_NOAA20_NRT,3.396599999999998,100,0.06983039357698682,-58.78231172348818,Persistent / Reduced
20.9659,85.16036,311.78,0.36,0.57,2026-10-07,1925,N20,VIIRS,n,2.0NRT,291.73,1.4,N,VIIRS_NOAA20_NRT,3.4188421052631557,95,0.023884445462785505,-59.05046337633545,Persistent / Reduced
23.79751,86.35227,310.62,0.33,0.55,2026-10-07,1925,N20,VIIRS,n,2.0NRT,289.46,1.4,N,VIIRS_NOAA20_NRT,1.9456140350877196,57,0.010654583854725626,-28.04328223624889,Persistent / Stable
23.79784,86.34901,322.49,0.33,0.55,2026-10-07,1925,N20,VIIRS,n,2.0NRT,290.1,1.4,N,VIIRS_NOAA20_NRT,2.207534246575343,73,0.010368727593120878,-36.580825318026704,Persistent / Stable
17.89226,75.02594,336.27,0.42,0.38,2026-10-07,818,N,VIIRS,n,2.0NRT,305.78,1.4,D,VIIRS_SNPP_NRT,,0,,,New / No Local History
21.14982,76.91602,330.36,0.39,0.36,2026-10-07,818,N,VIIRS,l,2.0NRT,305.04,1.4,D,VIIRS_SNPP_NRT,,0,,,New / No Local History
19.78767,79.06359,310.07,0.43,0.38,2026-10-07,2010,N21,VIIRS,n,2.0NRT,294.75,1.39,N,VIIRS_NOAA21_NRT,0.9,1,0.13708296722297397,54.44444444444443,Abnormal Increase
21.24875,79.21182,309.73,0.44,0.38,2026-10-07,2010,N21,VIIRS,n,2.0NRT,295.14,1.39,N,VIIRS_NOAA21_NRT,1.19375,8,0.04352716757743038,16.439790575916213,Persistent / Stable
21.75614,83.84396,304.9,0.4,0.37,2026-10-07,2010,N21,VIIRS,n,2.0NRT,288.23,1.39,N,VIIRS_NOAA21_NRT,4.736385542168675,83,0.006626531780862474,-70.65272690272691,Persistent / Reduced
21.75884,83.84847,319.28,0.4,0.37,2026-10-07,2010,N21,VIIRS,n,2.0NRT,291.06,1.39,N,VIIRS_NOAA21_NRT,4.770121951219512,82,0.018803405708036538,-70.86028377860157,Persistent / Reduced
21.75949,83.84461,315.05,0.4,0.37,2026-10-07,2010,N21,VIIRS,n,2.0NRT,292.02,1.39,N,VIIRS_NOAA21_NRT,4.736385542168675,83,0.00552314086245039,-70.65272690272691,Persistent / Reduced
23.98878,79.39123,309.05,0.46,0.39,2026-10-07,2010,N21,VIIRS,n,2.0NRT,296.07,1.39,N,VIIRS_NOAA21_NRT,0.8,1,0.014324787867131783,73.74999999999999,Abnormal Increase
13.00716,79.96441,308.3,0.61,0.71,2026-10-07,2110,N20,VIIRS,n,2.0NRT,280.87,1.39,N,VIIRS_NOAA20_NRT,,0,,,New / No Local History
23.77582,86.36433,311.23,0.35,0.57,2026-10-07,2046,N,VIIRS,n,2.0NRT,289.06,1.39,N,VIIRS_SNPP_NRT,1.9622641509433965,53,0.0033791916547300737,-29.16346153846155,Persistent / Stable
19.9957,79.17791,305.58,0.43,0.38,2026-10-07,2010,N21,VIIRS,n,2.0NRT,294.92,1.38,N,VIIRS_NOAA21_NRT,,0,,,New / No Local History
21.37672,81.64143,309.27,0.38,0.36,2026-10-07,2010,N21,VIIRS,n,2.0NRT,293.8,1.38,N,VIIRS_NOAA21_NRT,2.078888888888889,9,0.017992625683428572,-33.61838588989845,Persistent / Stable
23.16555,82.33772,308.86,0.38,0.36,2026-10-07,2010,N21,VIIRS,n,2.0NRT,292.66,1.38,N,VIIRS_NOAA21_NRT,1.913076923076923,13,0.057348401312299235,-27.864897466827504,Persistent / Stable
15.10979,76.80632,306.44,0.49,0.4,2026-10-07,2012,N21,VIIRS,n,2.0NRT,292.3,1.38,N,VIIRS_NOAA21_NRT,1.8266666666666664,3,0.004100331349061051,-24.452554744525543,Persistent / Stable
21.37653,81.63766,304.64,0.62,0.71,2026-10-07,1925,N20,VIIRS,n,2.0NRT,288.53,1.38,N,VIIRS_NOAA20_NRT,2.078888888888889,9,0.25058518517750017,-33.61838588989845,Persistent / Stable
17.61105,83.19946,307.52,0.44,0.62,2026-10-07,1928,N20,VIIRS,n,2.0NRT,289.19,1.38,N,VIIRS_NOAA20_NRT,2.7028571428571433,35,0.01824201359917839,-48.94291754756872,Persistent / Stable
22.93274,69.70365,313.69,0.38,0.36,2026-10-07,2108,N20,VIIRS,n,2.0NRT,297.58,1.38,N,VIIRS_NOAA20_NRT,2.3864,25,0.01338803815269288,-42.172309755279926,Persistent / Stable
22.93332,69.69994,318.9,0.38,0.36,2026-10-07,2108,N20,VIIRS,n,2.0NRT,297.35,1.38,N,VIIRS_NOAA20_NRT,2.3864,25,0.010565590219313224,-42.172309755279926,Persistent / Stable
23.80497,86.33204,315.11,0.35,0.57,2026-10-07,2046,N,VIIRS,n,2.0NRT,289.6,1.38,N,VIIRS_SNPP_NRT,2.2954411764705895,68,0.027725473676516194,-39.8808379780896,Persistent / Stable
24.18427,82.66132,304.07,0.41,0.45,2026-10-07,2046,N,VIIRS,n,2.0NRT,290.93,1.38,N,VIIRS_SNPP_NRT,0.85,3,0.7323653572028801,62.35294117647058,Abnormal Increase
21.07461,85.04166,306.11,0.37,0.58,2026-10-07,1925,N20,VIIRS,n,2.0NRT,292.06,1.37,N,VIIRS_NOAA20_NRT,2.44,20,0.024673516000326218,-43.85245901639344,Persistent / Stable
21.07995,85.04224,310.21,0.37,0.58,2026-10-07,1925,N20,VIIRS,n,2.0NRT,292.37,1.37,N,VIIRS_NOAA20_NRT,2.44,20,0.039719097152669545,-43.85245901639344,Persistent / Stable
21.08032,85.03865,307.91,0.37,0.58,2026-10-07,1925,N20,VIIRS,n,2.0NRT,292.86,1.37,N,VIIRS_NOAA20_NRT,2.44,20,0.007679794173385429,-43.85245901639344,Persistent / Stable
16.17209,75.64723,310.46,0.39,0.36,2026-10-07,2049,N,VIIRS,n,2.0NRT,294.39,1.37,N,VIIRS_SNPP_NRT,,0,,,New / No Local History
19.96318,79.33355,308.88,0.42,0.38,2026-10-07,2010,N21,VIIRS,n,2.0NRT,294.48,1.36,N,VIIRS_NOAA21_NRT,1.21,1,0.11182945431021789,12.396694214876044,Single Historical Detection
21.24698,79.22436,308.93,0.44,0.38,2026-10-07,2010,N21,VIIRS,n,2.0NRT,295.73,1.36,N,VIIRS_NOAA21_NRT,1.19375,8,0.09353398681245126,13.926701570680628,Persistent / Stable
22.0347,83.36406,307.76,0.48,0.65,2026-10-07,1925,N20,VIIRS,n,2.0NRT,287.45,1.36,N,VIIRS_NOAA20_NRT,1.5653846153846156,13,0.04139399620103236,-13.120393120393125,Persistent / Stable
25.54087,91.23564,308.47,0.52,0.42,2026-10-07,1925,N20,VIIRS,n,2.0NRT,285.64,1.36,N,VIIRS_NOAA20_NRT,0.8525,4,0.054178558257928326,59.530791788856305,Abnormal Increase
22.36332,82.30154,305.01,0.56,0.68,2026-10-07,2106,N20,VIIRS,n,2.0NRT,289.71,1.36,N,VIIRS_NOAA20_NRT,3.8262500000000004,24,0.009335563888529564,-64.45606011107482,Persistent / Reduced
17.37036,77.44656,311.97,0.43,0.38,2026-10-07,2046,N,VIIRS,n,2.0NRT,296.25,1.36,N,VIIRS_SNPP_NRT,0.965,4,0.023361502445022334,40.93264248704664,Persistent / Stable
22.87431,86.06052,315.94,0.33,0.55,2026-10-07,1925,N20,VIIRS,n,2.0NRT,291.28,1.35,N,VIIRS_NOAA20_NRT,2.0949999999999998,10,0.01845586201520828,-35.56085918854414,Persistent / Stable
21.3797,81.67986,307.22,0.53,0.67,2026-10-07,2106,N20,VIIRS,n,2.0NRT,289.56,1.35,N,VIIRS_NOAA20_NRT,2.2164285714285716,14,0.022780878545435028,-39.09120206252014,Persistent / Stable
26.64351,79.48023,306.5,0.6,0.53,2026-10-07,2106,N20,VIIRS,n,2.0NRT,290.19,1.35,N,VIIRS_NOAA20_NRT,1.8419999999999999,5,0.11930685501555097,-26.710097719869697,Persistent / Stable
21.33751,78.96658,308.48,0.36,0.57,2026-10-07,2108,N20,VIIRS,n,2.0NRT,292.33,1.35,N,VIIRS_NOAA20_NRT,1.755384615384615,13,0.010464561677588925,-23.093777388255898,Persistent / Stable
21.76311,83.84987,304.27,0.45,0.63,2026-10-07,1925,N20,VIIRS,n,2.0NRT,289.0,1.34,N,VIIRS_NOAA20_NRT,4.770121951219512,82,0.045552895160467906,-71.90847500958711,Persistent / Reduced
21.76349,83.84557,308.83,0.45,0.63,2026-10-07,1925,N20,VIIRS,n,2.0NRT,289.1,1.34,N,VIIRS_NOAA20_NRT,4.736385542168675,83,0.013431191295417175,-71.70838420838422,Persistent / Reduced
20.35755,72.94891,313.51,0.33,0.55,2026-10-07,2010,N21,VIIRS,n,2.0NRT,294.08,1.33,N,VIIRS_NOAA21_NRT,1.27,1,0.02968054650408385,4.724409448818902,Single Historical Detection
21.28476,79.13969,306.54,0.44,0.38,2026-10-07,2010,N21,VIIRS,n,2.0NRT,295.2,1.33,N,VIIRS_NOAA21_NRT,,0,,,New / No Local History
23.71846,86.44109,306.84,0.48,0.4,2026-10-07,2010,N21,VIIRS,n,2.0NRT,291.73,1.33,N,VIIRS_NOAA21_NRT,2.488433734939758,83,0.015937525917804167,-46.55272586423935,Persistent / Stable
18.71706,79.53905,309.28,0.41,0.37,2026-10-07,2012,N21,VIIRS,n,2.0NRT,296.93,1.33,N,VIIRS_NOAA21_NRT,1.7500000000000002,13,0.005535122947742869,-24.000000000000004,Persistent / Stable
18.72044,79.5396,312.3,0.41,0.37,2026-10-07,2012,N21,VIIRS,n,2.0NRT,296.78,1.33,N,VIIRS_NOAA21_NRT,1.7500000000000002,13,0.0038239026705477646,-24.000000000000004,Persistent / Stable
21.80292,82.03743,303.0,0.59,0.7,2026-10-07,1925,N20,VIIRS,n,2.0NRT,289.26,1.33,N,VIIRS_NOAA20_NRT,1.915,2,0.13937862935845063,-30.54830287206266,Persistent / Stable
27.78417,77.6814,332.94,0.44,0.38,2026-10-07,820,N,VIIRS,n,2.0NRT,303.37,1.33,D,VIIRS_SNPP_NRT,,0,,,New / No Local History
21.82089,83.99659,309.9,0.41,0.37,2026-10-07,2010,N21,VIIRS,n,2.0NRT,292.74,1.32,N,VIIRS_NOAA21_NRT,2.4966666666666666,3,0.08051844730406618,-47.12950600801067,Persistent / Stable
13.00773,79.96428,307.93,0.61,0.71,2026-10-07,2110,N20,VIIRS,n,2.0NRT,281.28,1.32,N,VIIRS_NOAA20_NRT,,0,,,New / No Local History
23.67633,86.39556,305.85,0.35,0.57,2026-10-07,2046,N,VIIRS,n,2.0NRT,289.54,1.32,N,VIIRS_SNPP_NRT,3.0147826086956515,92,0.013243212733373385,-56.215748485722514,Persistent / Reduced
23.67711,86.39213,309.26,0.35,0.57,2026-10-07,2046,N,VIIRS,n,2.0NRT,288.91,1.32,N,VIIRS_SNPP_NRT,3.0147826086956515,92,0.01018498954867943,-56.215748485722514,Persistent / Reduced
23.65677,85.505,307.62,0.37,0.58,2026-10-07,1925,N20,VIIRS,n,2.0NRT,287.22,1.31,N,VIIRS_NOAA20_NRT,1.07,10,0.03269107686963402,22.42990654205607,Persistent / Stable
23.7807,86.20905,304.22,0.33,0.55,2026-10-07,1925,N20,VIIRS,n,2.0NRT,290.24,1.31,N,VIIRS_NOAA20_NRT,3.051874999999999,48,0.0034606512281616527,-57.07556829817734,Persistent / Reduced
22.35825,77.22433,337.13,0.39,0.36,2026-10-07,818,N,VIIRS,n,2.0NRT,306.96,1.31,D,VIIRS_SNPP_NRT,,0,,,New / No Local History
17.58371,80.32094,304.32,0.39,0.44,2026-10-07,2046,N,VIIRS,n,2.0NRT,293.03,1.31,N,VIIRS_SNPP_NRT,,0,,,New / No Local History
23.79571,86.28487,305.67,0.47,0.4,2026-10-07,2010,N21,VIIRS,n,2.0NRT,291.32,1.3,N,VIIRS_NOAA21_NRT,,0,,,New / No Local History
31.90655,74.78204,330.04,0.39,0.36,2026-10-07,822,N,VIIRS,n,2.0NRT,299.11,1.3,D,VIIRS_SNPP_NRT,,0,,,New / No Local History
21.67476,82.07394,301.4,0.58,0.7,2026-10-07,1925,N20,VIIRS,n,2.0NRT,289.24,1.29,N,VIIRS_NOAA20_NRT,1.3599999999999999,2,0.3368668867827307,-5.147058823529401,Persistent / Stable
21.17123,76.14476,333.61,0.38,0.36,2026-10-07,818,N,VIIRS,l,2.0NRT,308.59,1.29,D,VIIRS_SNPP_NRT,,0,,,New / No Local History
20.89119,84.98139,303.25,0.33,0.55,2026-10-07,2049,N,VIIRS,n,2.0NRT,290.2,1.29,N,VIIRS_SNPP_NRT,3.015394736842105,76,0.02324455133440856,-57.21953135227123,Persistent / Reduced
21.23296,79.63059,310.09,0.48,0.4,2026-10-07,2049,N,VIIRS,n,2.0NRT,294.95,1.29,N,VIIRS_SNPP_NRT,0.8525,4,0.05518706124445258,51.31964809384164,Abnormal Increase
23.54916,86.54212,302.72,0.49,0.4,2026-10-07,2010,N21,VIIRS,n,2.0NRT,291.38,1.28,N,VIIRS_NOAA21_NRT,1.3466666666666667,6,0.006762201825173836,-4.95049504950495,Persistent / Stable
26.64217,79.47661,308.29,0.48,0.4,2026-10-07,2010,N21,VIIRS,n,2.0NRT,292.47,1.28,N,VIIRS_NOAA21_NRT,1.8419999999999999,5,0.007811709833853877,-30.510314875135712,Persistent / Stable
20.96017,85.18773,308.96,0.34,0.56,2026-10-07,2049,N,VIIRS,n,2.0NRT,290.94,1.28,N,VIIRS_SNPP_NRT,3.7172727272727273,88,0.010929638138120378,-65.56615309366593,Persistent / Reduced
20.96088,85.18448,312.38,0.34,0.56,2026-10-07,2049,N,VIIRS,n,2.0NRT,291.49,1.28,N,VIIRS_SNPP_NRT,3.602980769230769,104,0.0051056648500837154,-64.47385978490033,Persistent / Reduced
20.96525,85.18903,317.99,0.34,0.56,2026-10-07,2049,N,VIIRS,n,2.0NRT,291.65,1.28,N,VIIRS_SNPP_NRT,3.6899999999999986,81,0.019810824669858076,-65.31165311653115,Persistent / Reduced
20.96597,85.18574,313.39,0.34,0.56,2026-10-07,2049,N,VIIRS,n,2.0NRT,291.43,1.28,N,VIIRS_SNPP_NRT,3.6178,100,0.06048256175530732,-64.61938194482833,Persistent / Reduced
23.16228,82.33713,311.61,0.38,0.36,2026-10-07,2010,N21,VIIRS,n,2.0NRT,291.85,1.27,N,VIIRS_NOAA21_NRT,1.913076923076923,13,0.004268824974212714,-33.61479694410936,Persistent / Stable
23.75515,86.40543,311.51,0.48,0.4,2026-10-07,2010,N21,VIIRS,n,2.0NRT,291.3,1.27,N,VIIRS_NOAA21_NRT,2.1704487179487177,156,0.007344675353444861,-41.48675389113677,Persistent / Stable
24.14713,82.65209,301.65,0.57,0.69,2026-10-07,1925,N20,VIIRS,n,2.0NRT,287.2,1.27,N,VIIRS_NOAA20_NRT,0.78,1,0.6585084628961833,62.82051282051282,Abnormal Increase
19.93809,73.7108,311.5,0.41,0.37,2026-10-07,2046,N,VIIRS,n,2.0NRT,292.66,1.27,N,VIIRS_SNPP_NRT,1.3399999999999999,7,0.07215533140809145,-5.223880597014914,Persistent / Stable
21.1831,81.38208,308.92,0.39,0.44,2026-10-07,2049,N,VIIRS,n,2.0NRT,292.47,1.27,N,VIIRS_SNPP_NRT,2.7287500000000002,24,0.09124435608742786,-53.45854328905176,Persistent / Reduced
21.62178,81.79369,305.33,0.38,0.36,2026-10-07,2010,N21,VIIRS,n,2.0NRT,292.86,1.26,N,VIIRS_NOAA21_NRT,0.8400000000000001,2,0.05688367247762036,49.999999999999986,Persistent / Stable
21.75633,72.72121,314.44,0.35,0.57,2026-10-07,2010,N21,VIIRS,n,2.0NRT,295.42,1.26,N,VIIRS_NOAA21_NRT,,0,,,New / No Local History
23.71999,85.00822,308.86,0.42,0.38,2026-10-07,2010,N21,VIIRS,n,2.0NRT,289.93,1.26,N,VIIRS_NOAA21_NRT,1.3593333333333328,15,0.016427462122027746,-7.307503678273629,Persistent / Stable
15.65886,73.9894,316.26,0.44,0.46,2026-10-07,2108,N20,VIIRS,n,2.0NRT,294.23,1.26,N,VIIRS_NOAA20_NRT,1.3135714285714286,14,0.006957766820207129,-4.078303425774879,Persistent / Stable
23.68359,77.97292,330.52,0.42,0.37,2026-10-07,820,N,VIIRS,l,2.0NRT,305.11,1.25,D,VIIRS_SNPP_NRT,,0,,,New / No Local History
23.48397,87.36274,306.65,0.41,0.61,2026-10-07,2046,N,VIIRS,n,2.0NRT,288.87,1.25,N,VIIRS_SNPP_NRT,2.2,5,0.00419775528977886,-43.18181818181819,Persistent / Stable
20.88547,84.98331,309.41,0.33,0.55,2026-10-07,2049,N,VIIRS,n,2.0NRT,290.85,1.25,N,VIIRS_SNPP_NRT,3.015394736842105,76,0.004299932357000462,-58.54605751189072,Persistent / Reduced
20.98228,85.13552,305.36,0.34,0.56,2026-10-07,2049,N,VIIRS,n,2.0NRT,291.1,1.25,N,VIIRS_SNPP_NRT,3.2825,24,0.008127673897119716,-61.91926884996192,Persistent / Reduced
21.05055,72.84054,307.28,0.34,0.56,2026-10-07,2010,N21,VIIRS,n,2.0NRT,295.05,1.24,N,VIIRS_NOAA21_NRT,,0,,,New / No Local History
22.32376,82.60167,306.76,0.38,0.36,2026-10-07,2010,N21,VIIRS,n,2.0NRT,294.17,1.24,N,VIIRS_NOAA21_NRT,1.6959999999999997,10,0.23190566077397012,-26.88679245283018,Persistent / Stable
19.93494,73.71381,308.53,0.58,0.52,2026-10-07,2012,N21,VIIRS,n,2.0NRT,291.27,1.24,N,VIIRS_NOAA21_NRT,1.3399999999999999,7,0.05445646822380016,-7.4626865671641704,Persistent / Stable
20.96627,85.16353,306.92,0.36,0.57,2026-10-07,1925,N20,VIIRS,n,2.0NRT,291.8,1.24,N,VIIRS_NOAA20_NRT,3.396599999999998,100,0.06984023465678825,-63.492904669375235,Persistent / Reduced
20.96664,85.16005,309.75,0.36,0.57,2026-10-07,1925,N20,VIIRS,n,2.0NRT,291.47,1.24,N,VIIRS_NOAA20_NRT,3.4188421052631557,95,0.05607986131016713,-63.73041041903997,Persistent / Reduced
22.01622,83.75565,303.96,0.53,0.5,2026-10-07,2046,N,VIIRS,n,2.0NRT,289.82,1.24,N,VIIRS_SNPP_NRT,1.93875,8,0.04949286073859437,-36.041263700838165,Persistent / Stable
20.76139,85.29837,318.06,0.35,0.57,2026-10-07,2049,N,VIIRS,n,2.0NRT,293.17,1.24,N,VIIRS_SNPP_NRT,2.932222222222222,27,0.027310761701434236,-57.71125426297839,Persistent / Reduced
20.76208,85.2952,309.04,0.35,0.57,2026-10-07,2049,N,VIIRS,n,2.0NRT,292.46,1.24,N,VIIRS_SNPP_NRT,2.932222222222222,27,0.018150498943999768,-57.71125426297839,Persistent / Reduced
22.31916,82.56664,306.4,0.38,0.36,2026-10-07,2010,N21,VIIRS,n,2.0NRT,294.51,1.23,N,VIIRS_NOAA21_NRT,1.9152941176470586,17,0.041157632081416304,-35.78009828009827,Persistent / Stable
22.31975,82.56294,309.88,0.38,0.36,2026-10-07,2010,N21,VIIRS,n,2.0NRT,295.28,1.23,N,VIIRS_NOAA21_NRT,1.9195,20,0.012510713614025518,-35.920812711643656,Persistent / Stable
23.66486,84.99671,306.74,0.4,0.6,2026-10-07,1925,N20,VIIRS,n,2.0NRT,286.53,1.23,N,VIIRS_NOAA20_NRT,1.2993333333333337,15,0.01796303975598089,-5.336069779374064,Persistent / Stable
22.00663,82.67117,309.58,0.45,0.47,2026-10-07,2046,N,VIIRS,n,2.0NRT,292.15,1.23,N,VIIRS_SNPP_NRT,1.743846153846154,13,0.011341921699917903,-29.466254962505523,Persistent / Stable
23.55721,87.23981,301.95,0.4,0.6,2026-10-07,2046,N,VIIRS,n,2.0NRT,287.87,1.23,N,VIIRS_SNPP_NRT,2.9255263157894738,38,0.004611251952790883,-57.95628316991994,Persistent / Reduced
11.18307,79.09898,305.53,0.41,0.45,2026-10-07,2049,N,VIIRS,n,2.0NRT,284.43,1.23,N,VIIRS_SNPP_NRT,1.2836363636363635,11,0.018553960931036374,-4.178470254957496,Persistent / Stable
22.37662,70.85825,308.05,0.39,0.44,2026-10-07,2049,N,VIIRS,n,2.0NRT,296.13,1.23,N,VIIRS_SNPP_NRT,,0,,,New / No Local History
21.19323,81.39468,312.86,0.39,0.36,2026-10-07,2010,N21,VIIRS,n,2.0NRT,293.39,1.22,N,VIIRS_NOAA21_NRT,2.596666666666667,27,0.1299239494322158,-53.016688061617465,Persistent / Reduced
21.19379,81.39099,308.79,0.39,0.36,2026-10-07,2010,N21,VIIRS,n,2.0NRT,294.43,1.22,N,VIIRS_NOAA21_NRT,2.583846153846154,26,0.014296216199949871,-52.78356653766002,Persistent / Reduced
21.75861,83.81753,305.86,0.4,0.37,2026-10-07,2010,N21,VIIRS,n,2.0NRT,291.48,1.22,N,VIIRS_NOAA21_NRT,2.345,2,0.06299706293129265,-47.97441364605544,Persistent / Stable
21.92581,83.33768,308.9,0.39,0.36,2026-10-07,2010,N21,VIIRS,n,2.0NRT,293.37,1.22,N,VIIRS_NOAA21_NRT,2.8140740740740737,27,0.05260864185460644,-56.646485917346666,Persistent / Reduced
26.64353,79.47597,302.39,0.6,0.53,2026-10-07,2106,N20,VIIRS,n,2.0NRT,289.99,1.22,N,VIIRS_NOAA20_NRT,1.8419999999999999,5,0.06999568130002791,-33.76764386536373,Persistent / Stable
31.69488,74.51545,330.34,0.39,0.36,2026-10-07,822,N,VIIRS,n,2.0NRT,298.43,1.22,D,VIIRS_SNPP_NRT,,0,,,New / No Local History
23.73399,86.43256,307.28,0.36,0.57,2026-10-07,2046,N,VIIRS,n,2.0NRT,289.05,1.22,N,VIIRS_SNPP_NRT,2.213191489361702,94,0.006790153923233251,-44.875985387425494,Persistent / Stable
21.3003,81.60592,310.37,0.39,0.36,2026-10-07,2010,N21,VIIRS,n,2.0NRT,293.26,1.21,N,VIIRS_NOAA21_NRT,1.5050000000000001,8,0.18447980771430145,-19.601328903654494,Persistent / Stable
24.16272,82.63166,305.33,0.38,0.36,2026-10-07,2010,N21,VIIRS,n,2.0NRT,292.38,1.21,N,VIIRS_NOAA21_NRT,1.5533333333333335,6,0.06700450502042672,-22.1030042918455,Persistent / Stable
24.32588,81.32622,307.28,0.4,0.37,2026-10-07,2010,N21,VIIRS,n,2.0NRT,293.6,1.21,N,VIIRS_NOAA21_NRT,1.27,1,0.24726091932564176,-4.724409448818902,Single Historical Detection
22.78961,86.19702,305.71,0.32,0.55,2026-10-07,1925,N20,VIIRS,n,2.0NRT,291.72,1.21,N,VIIRS_NOAA20_NRT,2.479821428571428,56,0.006848045614205456,-51.2061640383092,Persistent / Reduced
9.44249,78.83789,334.59,0.38,0.36,2026-10-07,816,N,VIIRS,n,2.0NRT,301.67,1.21,D,VIIRS_SNPP_NRT,4.465,2,0.43243549885914034,-72.90033594624859,Persistent / Reduced
22.31295,82.53018,309.52,0.44,0.46,2026-10-07,2046,N,VIIRS,n,2.0NRT,291.78,1.21,N,VIIRS_SNPP_NRT,1.8900000000000001,10,0.09783207646820705,-35.97883597883598,Persistent / Stable
23.77814,86.21023,321.34,0.34,0.56,2026-10-07,2046,N,VIIRS,n,2.0NRT,288.72,1.21,N,VIIRS_SNPP_NRT,3.051874999999999,48,0.004175471580370522,-60.35224247388899,Persistent / Reduced
23.78327,86.21151,301.9,0.34,0.56,2026-10-07,2046,N,VIIRS,n,2.0NRT,288.07,1.21,N,VIIRS_SNPP_NRT,3.051874999999999,48,0.01688419035542063,-60.35224247388899,Persistent / Reduced
15.17796,77.10145,304.78,0.43,0.38,2026-10-07,2049,N,VIIRS,n,2.0NRT,292.91,1.21,N,VIIRS_SNPP_NRT,1.3944827586206896,29,0.0018824960540165772,-13.229475766567752,Persistent / Stable
21.1929,81.39896,304.22,0.39,0.44,2026-10-07,2049,N,VIIRS,n,2.0NRT,292.26,1.21,N,VIIRS_SNPP_NRT,2.666250000000001,32,0.07056673728985709,-54.617909048288816,Persistent / Reduced
28.85109,77.14895,309.73,0.45,0.47,2026-10-07,2008,N21,VIIRS,n,2.0NRT,292.49,1.2,N,VIIRS_NOAA21_NRT,1.5866666666666667,3,0.06915055563450449,-24.369747899159666,Persistent / Stable
28.85322,77.14647,305.92,0.45,0.47,2026-10-07,2008,N21,VIIRS,n,2.0NRT,292.55,1.2,N,VIIRS_NOAA21_NRT,1.5866666666666667,3,0.3107019466768454,-24.369747899159666,Persistent / Stable
19.8012,78.86388,307.63,0.44,0.38,2026-10-07,2010,N21,VIIRS,n,2.0NRT,293.76,1.2,N,VIIRS_NOAA21_NRT,0.61,2,0.007441365698843048,96.72131147540983,Abnormal Increase
9.24278,78.72741,330.34,0.39,0.36,2026-10-07,816,N,VIIRS,n,2.0NRT,298.92,1.2,D,VIIRS_SNPP_NRT,,0,,,New / No Local History
21.92643,85.21989,308.83,0.37,0.58,2026-10-07,1925,N20,VIIRS,n,2.0NRT,288.92,1.19,N,VIIRS_NOAA20_NRT,1.847058823529412,17,0.08054141627902571,-35.57324840764333,Persistent / Stable
21.93175,85.22065,302.5,0.37,0.58,2026-10-07,1925,N20,VIIRS,n,2.0NRT,289.61,1.19,N,VIIRS_NOAA20_NRT,1.847058823529412,17,0.014124637261636867,-35.57324840764333,Persistent / Stable
21.93375,85.21822,302.33,0.37,0.58,2026-10-07,1925,N20,VIIRS,n,2.0NRT,289.08,1.19,N,VIIRS_NOAA20_NRT,1.847058823529412,17,0.013106042225005669,-35.57324840764333,Persistent / Stable
17.60529,83.19878,306.46,0.44,0.62,2026-10-07,1928,N20,VIIRS,n,2.0NRT,290.35,1.19,N,VIIRS_NOAA20_NRT,2.7028571428571433,35,0.027566421451067816,-55.9725158562368,Persistent / Reduced
17.61062,83.20367,305.25,0.44,0.62,2026-10-07,1928,N20,VIIRS,n,2.0NRT,289.68,1.19,N,VIIRS_NOAA20_NRT,2.7028571428571433,35,0.0079485049969958,-55.9725158562368,Persistent / Reduced
23.66743,86.09102,302.51,0.34,0.56,2026-10-07,2046,N,VIIRS,n,2.0NRT,286.03,1.19,N,VIIRS_SNPP_NRT,2.450731707317073,82,0.01129686037435116,-51.44307324840764,Persistent / Reduced
18.93614,77.8455,330.72,0.39,0.44,2026-10-07,739,N21,VIIRS,l,2.0NRT,305.37,1.18,D,VIIRS_NOAA21_NRT,,0,,,New / No Local History
21.74609,83.97488,303.36,0.44,0.62,2026-10-07,1925,N20,VIIRS,n,2.0NRT,288.33,1.18,N,VIIRS_NOAA20_NRT,1.94,1,0.17875364683566142,-39.175257731958766,Single Historical Detection
15.33804,76.2802,305.05,0.63,0.54,2026-10-07,2108,N20,VIIRS,n,2.0NRT,284.09,1.18,N,VIIRS_NOAA20_NRT,1.33375,32,0.07082781447328108,-11.527647610121841,Persistent / Stable
21.7467,83.97515,305.05,0.55,0.51,2026-10-07,2046,N,VIIRS,n,2.0NRT,288.92,1.18,N,VIIRS_SNPP_NRT,1.94,1,0.15084515722893635,-39.175257731958766,Single Historical Detection
21.75137,83.9762,304.08,0.55,0.51,2026-10-07,2046,N,VIIRS,n,2.0NRT,289.12,1.18,N,VIIRS_SNPP_NRT,1.94,1,0.04263479064513219,-39.175257731958766,Single Historical Detection
21.57607,82.0232,312.31,0.38,0.36,2026-10-07,2010,N21,VIIRS,n,2.0NRT,295.52,1.17,N,VIIRS_NOAA21_NRT,1.3450000000000002,2,0.10754180644593045,-13.011152416356895,Persistent / Stable
20.96408,85.18446,310.48,0.36,0.57,2026-10-07,1925,N20,VIIRS,n,2.0NRT,291.95,1.17,N,VIIRS_NOAA20_NRT,3.602980769230769,104,0.0038492530425917925,-67.52688745963546,Persistent / Reduced
20.96444,85.18102,305.06,0.36,0.57,2026-10-07,1925,N20,VIIRS,n,2.0NRT,292.06,1.17,N,VIIRS_NOAA20_NRT,3.6008411214953266,107,0.059594822313884833,-67.50759168418593,Persistent / Reduced
21.92808,85.22088,311.03,0.37,0.58,2026-10-07,1925,N20,VIIRS,n,2.0NRT,289.04,1.17,N,VIIRS_NOAA20_NRT,1.847058823529412,17,0.02271932894585102,-36.656050955414024,Persistent / Stable
21.93208,85.21719,301.98,0.37,0.58,2026-10-07,1925,N20,VIIRS,n,2.0NRT,288.86,1.17,N,VIIRS_NOAA20_NRT,1.847058823529412,17,0.07641676499577449,-36.656050955414024,Persistent / Stable
21.93339,85.22166,301.12,0.37,0.58,2026-10-07,1925,N20,VIIRS,n,2.0NRT,289.45,1.17,N,VIIRS_NOAA20_NRT,1.847058823529412,17,0.02000548131069617,-36.656050955414024,Persistent / Stable
21.21273,76.04302,335.19,0.38,0.36,2026-10-07,818,N,VIIRS,n,2.0NRT,304.59,1.16,D,VIIRS_SNPP_NRT,,0,,,New / No Local History
15.17446,77.10081,312.0,0.43,0.38,2026-10-07,2049,N,VIIRS,n,2.0NRT,293.02,1.16,N,VIIRS_SNPP_NRT,1.3944827586206896,29,0.0044853324519945345,-16.815034619188925,Persistent / Stable
21.1088,72.64815,308.84,0.35,0.57,2026-10-07,2010,N21,VIIRS,n,2.0NRT,296.7,1.15,N,VIIRS_NOAA21_NRT,4.8750967741935485,155,0.0034193184414236114,-76.41072468371183,Persistent / Reduced
21.10913,72.64478,308.28,0.35,0.57,2026-10-07,2010,N21,VIIRS,n,2.0NRT,295.68,1.15,N,VIIRS_NOAA21_NRT,4.8750967741935485,155,0.004452549199075827,-76.41072468371183,Persistent / Reduced
22.03057,83.3644,307.96,0.39,0.36,2026-10-07,2010,N21,VIIRS,n,2.0NRT,292.92,1.15,N,VIIRS_NOAA21_NRT,1.5653846153846156,13,0.07639824530103513,-26.535626535626548,Persistent / Stable
22.03715,83.72726,306.08,0.52,0.5,2026-10-07,2046,N,VIIRS,n,2.0NRT,289.35,1.15,N,VIIRS_SNPP_NRT,1.5490000000000002,10,0.06401560720910836,-25.758553905745657,Persistent / Stable
24.05283,80.61255,304.27,0.49,0.4,2026-10-07,2046,N,VIIRS,n,2.0NRT,293.77,1.15,N,VIIRS_SNPP_NRT,0.62,1,0.17669635388338475,85.48387096774192,Abnormal Increase
15.11614,76.80504,306.04,0.42,0.38,2026-10-07,2049,N,VIIRS,n,2.0NRT,292.98,1.15,N,VIIRS_SNPP_NRT,1.8266666666666664,3,0.13554722424287652,-37.043795620437955,Persistent / Stable
20.86337,84.9977,317.45,0.33,0.55,2026-10-07,2049,N,VIIRS,n,2.0NRT,290.19,1.15,N,VIIRS_SNPP_NRT,3.038266666666666,75,0.015704631968801216,-62.149471189713424,Persistent / Reduced
22.00278,82.66927,312.29,0.39,0.36,2026-10-07,2010,N21,VIIRS,n,2.0NRT,294.65,1.14,N,VIIRS_NOAA21_NRT,1.743846153846154,13,0.019614277283898824,-34.62726069695634,Persistent / Stable
22.00607,82.66988,308.32,0.39,0.36,2026-10-07,2010,N21,VIIRS,n,2.0NRT,293.74,1.14,N,VIIRS_NOAA21_NRT,1.743846153846154,13,0.039184037036668375,-34.62726069695634,Persistent / Stable
23.7563,85.85074,305.18,0.45,0.39,2026-10-07,2010,N21,VIIRS,n,2.0NRT,290.68,1.14,N,VIIRS_NOAA21_NRT,1.9751515151515153,33,0.027487085400495426,-42.28290886775085,Persistent / Stable
12.86698,79.89153,311.54,0.38,0.36,2026-10-07,2014,N21,VIIRS,n,2.0NRT,289.72,1.14,N,VIIRS_NOAA21_NRT,4.526666666666666,9,0.9666082080632098,-74.8159057437408,Persistent / Reduced
15.5521,78.10559,331.12,0.38,0.36,2026-10-07,816,N,VIIRS,l,2.0NRT,303.9,1.14,D,VIIRS_SNPP_NRT,,0,,,New / No Local History
16.34066,75.9166,333.95,0.4,0.37,2026-10-07,818,N,VIIRS,l,2.0NRT,307.54,1.14,D,VIIRS_SNPP_NRT,,0,,,New / No Local History
20.88824,84.98042,304.17,0.33,0.55,2026-10-07,2049,N,VIIRS,n,2.0NRT,290.55,1.14,N,VIIRS_SNPP_NRT,3.015394736842105,76,0.0036097347015134596,-62.19400445084435,Persistent / Reduced
21.67344,82.07919,308.15,0.42,0.45,2026-10-07,2049,N,VIIRS,n,2.0NRT,292.67,1.14,N,VIIRS_SNPP_NRT,1.3599999999999999,2,0.07340942561631204,-16.176470588235293,Persistent / Stable
23.84252,84.94541,302.66,0.4,0.6,2026-10-07,1925,N20,VIIRS,n,2.0NRT,286.65,1.13,N,VIIRS_NOAA20_NRT,0.6579999999999999,5,0.14544598163786082,71.7325227963526,Abnormal Increase
23.05675,69.99344,310.53,0.38,0.36,2026-10-07,2108,N20,VIIRS,n,2.0NRT,297.17,1.13,N,VIIRS_NOAA20_NRT,,0,,,New / No Local History
18.93803,77.90111,330.77,0.38,0.44,2026-10-07,739,N21,VIIRS,l,2.0NRT,304.79,1.12,D,VIIRS_NOAA21_NRT,,0,,,New / No Local History
21.87601,83.49578,306.75,0.4,0.37,2026-10-07,2010,N21,VIIRS,n,2.0NRT,291.59,1.12,N,VIIRS_NOAA21_NRT,1.6025,4,0.06398569003657179,-30.109204368174723,Persistent / Stable
20.80773,85.25597,316.04,0.35,0.57,2026-10-07,1925,N20,VIIRS,n,2.0NRT,292.37,1.12,N,VIIRS_NOAA20_NRT,4.153833333333335,60,0.012138394166793994,-73.0369538177587,Persistent / Reduced
20.80808,85.25259,302.95,0.35,0.57,2026-10-07,1925,N20,VIIRS,n,2.0NRT,291.3,1.12,N,VIIRS_NOAA20_NRT,4.153833333333335,60,0.03475319515421856,-73.0369538177587,Persistent / Reduced
26.92759,73.468,309.0,0.43,0.38,2026-10-07,2106,N20,VIIRS,n,2.0NRT,295.82,1.12,N,VIIRS_NOAA20_NRT,1.24,2,0.02977555647587474,-9.677419354838701,Persistent / Stable
15.6599,73.98877,306.15,0.49,0.48,2026-10-07,2012,N21,VIIRS,n,2.0NRT,294.17,1.11,N,VIIRS_NOAA21_NRT,1.3135714285714286,14,0.023642883604874643,-15.49755301794453,Persistent / Stable
23.78075,86.39089,302.28,0.35,0.57,2026-10-07,2046,N,VIIRS,n,2.0NRT,289.12,1.11,N,VIIRS_SNPP_NRT,2.20476821192053,151,0.0012566819125023963,-49.6545716688694,Persistent / Stable
23.79038,85.55439,298.82,0.63,0.54,2026-10-07,2046,N,VIIRS,n,2.0NRT,284.86,1.11,N,VIIRS_SNPP_NRT,1.8392000000000004,25,0.018728392676962767,-39.64767290126143,Persistent / Stable
22.94636,69.15843,306.85,0.5,0.49,2026-10-07,2049,N,VIIRS,n,2.0NRT,295.58,1.11,N,VIIRS_SNPP_NRT,,0,,,New / No Local History
21.37436,81.67873,309.32,0.38,0.36,2026-10-07,2010,N21,VIIRS,n,2.0NRT,294.53,1.1,N,VIIRS_NOAA21_NRT,2.452,15,0.02132221867902477,-55.13866231647634,Persistent / Reduced
21.37708,81.68298,305.46,0.38,0.36,2026-10-07,2010,N21,VIIRS,n,2.0NRT,293.24,1.1,N,VIIRS_NOAA21_NRT,2.452,15,0.022438655845241465,-55.13866231647634,Persistent / Reduced
17.06154,76.98089,305.76,0.5,0.41,2026-10-07,2012,N21,VIIRS,n,2.0NRT,294.86,1.1,N,VIIRS_NOAA21_NRT,0.8862500000000001,8,0.05321884373320508,24.11847672778561,Persistent / Stable
20.86634,70.56554,309.22,0.4,0.37,2026-10-07,2108,N20,VIIRS,n,2.0NRT,295.95,1.1,N,VIIRS_NOAA20_NRT,1.05,1,0.19117988345515255,4.761904761904765,Single Historical Detection
15.33235,76.28502,312.65,0.41,0.37,2026-10-07,2049,N,VIIRS,n,2.0NRT,291.54,1.1,N,VIIRS_SNPP_NRT,1.33375,32,0.038827986801446834,-17.525773195876283,Persistent / Stable
21.67266,82.08324,309.65,0.42,0.45,2026-10-07,2049,N,VIIRS,n,2.0NRT,292.98,1.1,N,VIIRS_SNPP_NRT,1.3599999999999999,2,0.345157913991555,-19.117647058823515,Persistent / Stable
21.80164,82.03977,309.98,0.38,0.36,2026-10-07,2010,N21,VIIRS,n,2.0NRT,293.96,1.09,N,VIIRS_NOAA21_NRT,1.915,2,0.06720791017859819,-43.08093994778068,Persistent / Stable
23.13548,72.03136,308.34,0.41,0.6,2026-10-07,2010,N21,VIIRS,n,2.0NRT,295.04,1.09,N,VIIRS_NOAA21_NRT,,0,,,New / No Local History
22.36238,82.30267,307.28,0.42,0.45,2026-10-07,2046,N,VIIRS,n,2.0NRT,292.42,1.09,N,VIIRS_SNPP_NRT,3.8262500000000004,24,0.016247570922062717,-71.51257758902318,Persistent / Reduced
15.01264,76.90128,306.46,0.43,0.38,2026-10-07,2049,N,VIIRS,n,2.0NRT,292.18,1.09,N,VIIRS_SNPP_NRT,,0,,,New / No Local History
21.37695,81.68172,308.06,0.41,0.45,2026-10-07,2049,N,VIIRS,n,2.0NRT,292.22,1.09,N,VIIRS_SNPP_NRT,2.452,15,0.04659723975611773,-55.546492659053825,Persistent / Reduced
24.18163,82.66208,307.9,0.38,0.36,2026-10-07,2010,N21,VIIRS,n,2.0NRT,293.32,1.08,N,VIIRS_NOAA21_NRT,0.85,3,0.8094942580085697,27.058823529411775,Persistent / Stable
19.1033,82.16935,310.53,0.39,0.36,2026-10-07,2012,N21,VIIRS,n,2.0NRT,295.06,1.08,N,VIIRS_NOAA21_NRT,2.2891666666666666,36,0.007668291793987806,-52.82125955587914,Persistent / Reduced
19.10388,82.16571,313.82,0.39,0.36,2026-10-07,2012,N21,VIIRS,n,2.0NRT,293.75,1.08,N,VIIRS_NOAA21_NRT,2.2891666666666666,36,0.00746238275506569,-52.82125955587914,Persistent / Reduced
21.08414,85.03478,306.97,0.37,0.58,2026-10-07,1925,N20,VIIRS,n,2.0NRT,291.99,1.08,N,VIIRS_NOAA20_NRT,2.44,20,0.0074845968634590365,-55.73770491803278,Persistent / Reduced
23.98944,79.39201,307.94,0.43,0.38,2026-10-07,2046,N,VIIRS,n,2.0NRT,295.4,1.08,N,VIIRS_SNPP_NRT,0.8,1,0.09346365311104973,35.0,Single Historical Detection
19.45227,78.53709,304.52,0.45,0.39,2026-10-07,2012,N21,VIIRS,n,2.0NRT,291.62,1.07,N,VIIRS_NOAA21_NRT,,0,,,New / No Local History
21.49076,81.76368,303.08,0.61,0.71,2026-10-07,1925,N20,VIIRS,n,2.0NRT,288.42,1.07,N,VIIRS_NOAA20_NRT,1.4842857142857144,7,0.17177228797108438,-27.911453320500485,Persistent / Stable
23.67046,86.08917,303.9,0.34,0.56,2026-10-07,1925,N20,VIIRS,n,2.0NRT,289.1,1.07,N,VIIRS_NOAA20_NRT,2.387303370786517,89,0.02180104767389838,-55.1795547606721,Persistent / Reduced
22.10662,83.12697,303.12,0.48,0.48,2026-10-07,2046,N,VIIRS,n,2.0NRT,290.34,1.07,N,VIIRS_SNPP_NRT,1.335,2,0.24946877585339317,-19.850187265917597,Persistent / Stable
24.14335,82.71269,303.95,0.38,0.36,2026-10-07,2010,N21,VIIRS,n,2.0NRT,291.95,1.06,N,VIIRS_NOAA21_NRT,0.7566666666666667,3,0.503353631415493,40.08810572687225,Persistent / Stable
23.67072,84.99344,304.01,0.4,0.6,2026-10-07,1925,N20,VIIRS,n,2.0NRT,288.13,1.06,N,VIIRS_NOAA20_NRT,1.2993333333333337,15,0.07538283952051043,-18.41970241149309,Persistent / Stable
24.19731,82.71392,303.57,0.42,0.45,2026-10-07,2046,N,VIIRS,n,2.0NRT,290.49,1.06,N,VIIRS_SNPP_NRT,1.1085714285714285,7,0.06708362016480773,-4.381443298969065,Persistent / Stable
15.17366,77.10257,305.32,0.47,0.4,2026-10-07,2012,N21,VIIRS,n,2.0NRT,292.17,1.05,N,VIIRS_NOAA21_NRT,1.3944827586206896,29,0.00853497134940493,-24.703264094955482,Persistent / Stable
15.17729,77.10309,307.59,0.47,0.4,2026-10-07,2012,N21,VIIRS,n,2.0NRT,292.52,1.05,N,VIIRS_NOAA21_NRT,1.3944827586206896,29,0.001073866496465891,-24.703264094955482,Persistent / Stable
21.82005,83.99831,303.99,0.55,0.51,2026-10-07,2046,N,VIIRS,n,2.0NRT,289.37,1.05,N,VIIRS_SNPP_NRT,2.4966666666666666,3,0.09704323370751769,-57.943925233644855,Persistent / Reduced
15.1865,76.67208,305.33,0.42,0.38,2026-10-07,2049,N,VIIRS,n,2.0NRT,289.24,1.05,N,VIIRS_SNPP_NRT,2.4497716894977173,219,0.02054293422409641,-57.13886300093197,Persistent / Reduced
20.96154,86.00729,313.8,0.38,0.59,2026-10-07,2049,N,VIIRS,n,2.0NRT,291.32,1.05,N,VIIRS_SNPP_NRT,3.830652173913042,46,0.006132667557419919,-72.58952386357187,Persistent / Reduced
22.02348,83.75875,305.36,0.4,0.37,2026-10-07,2010,N21,VIIRS,n,2.0NRT,291.86,1.04,N,VIIRS_NOAA21_NRT,2.0485714285714285,7,0.36926862611568584,-49.23291492329149,Persistent / Stable
24.01038,80.53046,306.15,0.41,0.37,2026-10-07,2010,N21,VIIRS,n,2.0NRT,294.98,1.04,N,VIIRS_NOAA21_NRT,,0,,,New / No Local History
23.6354,86.29305,301.98,0.33,0.55,2026-10-07,1925,N20,VIIRS,n,2.0NRT,288.88,1.04,N,VIIRS_NOAA20_NRT,1.72,3,0.09905664888305996,-39.53488372093023,Persistent / Stable
26.64771,72.16384,336.47,0.43,0.38,2026-10-07,820,N,VIIRS,l,2.0NRT,311.25,1.04,D,VIIRS_SNPP_NRT,,0,,,New / No Local History
23.72552,85.00384,304.08,0.4,0.6,2026-10-07,1925,N20,VIIRS,n,2.0NRT,287.25,1.03,N,VIIRS_NOAA20_NRT,1.3593333333333328,15,0.2239289249271919,-24.22756253065225,Persistent / Stable
23.77944,86.37249,304.08,0.35,0.57,2026-10-07,2046,N,VIIRS,n,2.0NRT,288.76,1.03,N,VIIRS_SNPP_NRT,2.060461538461538,65,0.033698284560799985,-50.0111998805346,Persistent / Reduced
15.18028,76.66696,304.63,0.42,0.38,2026-10-07,2049,N,VIIRS,n,2.0NRT,289.12,1.03,N,VIIRS_SNPP_NRT,2.4380701754385976,228,0.002147089002383241,-57.75347197236815,Persistent / Reduced
15.18372,76.66758,309.65,0.42,0.38,2026-10-07,2049,N,VIIRS,n,2.0NRT,289.11,1.03,N,VIIRS_SNPP_NRT,2.4380701754385976,228,0.01465341176749879,-57.75347197236815,Persistent / Reduced
15.33795,76.25114,316.57,0.41,0.37,2026-10-07,2049,N,VIIRS,n,2.0NRT,291.19,1.03,N,VIIRS_SNPP_NRT,1.1133333333333335,3,0.14476767979121594,-7.485029940119772,Persistent / Stable
22.03634,83.34995,304.27,0.39,0.36,2026-10-07,2010,N21,VIIRS,n,2.0NRT,292.24,1.02,N,VIIRS_NOAA21_NRT,1.5653846153846156,13,0.009237083696767191,-34.84029484029485,Persistent / Stable
22.03965,83.35056,311.17,0.39,0.36,2026-10-07,2010,N21,VIIRS,n,2.0NRT,292.75,1.02,N,VIIRS_NOAA21_NRT,1.5653846153846156,13,0.026118853999595612,-34.84029484029485,Persistent / Stable
22.79934,86.08739,303.07,0.33,0.55,2026-10-07,1925,N20,VIIRS,n,2.0NRT,290.09,1.02,N,VIIRS_NOAA20_NRT,2.015,14,0.06914335977172532,-49.37965260545906,Persistent / Stable
22.80444,86.08802,308.71,0.33,0.55,2026-10-07,1925,N20,VIIRS,n,2.0NRT,291.06,1.02,N,VIIRS_NOAA20_NRT,2.015,14,0.0462775980255111,-49.37965260545906,Persistent / Stable
21.38777,81.64784,306.01,0.4,0.44,2026-10-07,2049,N,VIIRS,n,2.0NRT,292.18,1.02,N,VIIRS_SNPP_NRT,2.078888888888889,9,0.1812527242249416,-50.93532870122929,Persistent / Reduced
25.53931,91.23529,296.21,0.56,0.52,2026-10-07,2008,N21,VIIRS,n,2.0NRT,285.01,1.01,N,VIIRS_NOAA21_NRT,0.8525,4,0.08933395433966605,18.47507331378299,Persistent / Stable
25.54391,91.23656,300.21,0.56,0.52,2026-10-07,2008,N21,VIIRS,n,2.0NRT,285.22,1.01,N,VIIRS_NOAA21_NRT,0.8525,4,0.00767089545756486,18.47507331378299,Persistent / Stable
28.34717,77.25625,310.17,0.44,0.46,2026-10-07,2008,N21,VIIRS,n,2.0NRT,293.53,1.01,N,VIIRS_NOAA21_NRT,1.9188888888888889,9,0.010041300719577302,-47.36537348002316,Persistent / Stable
24.01101,80.52921,305.44,0.41,0.37,2026-10-07,2010,N21,VIIRS,n,2.0NRT,294.75,1.01,N,VIIRS_NOAA21_NRT,,0,,,New / No Local History
12.20323,79.93417,305.46,0.38,0.36,2026-10-07,2014,N21,VIIRS,n,2.0NRT,290.0,1.01,N,VIIRS_NOAA21_NRT,,0,,,New / No Local History
19.1045,82.16252,303.39,0.54,0.68,2026-10-07,1925,N20,VIIRS,n,2.0NRT,289.81,1.01,N,VIIRS_NOAA20_NRT,2.2891666666666666,36,0.07985375429020139,-55.879140880961046,Persistent / Reduced
21.87644,83.49376,303.03,0.51,0.49,2026-10-07,2046,N,VIIRS,n,2.0NRT,290.0,1.01,N,VIIRS_SNPP_NRT,1.6025,4,0.03818040801314714,-36.973478939157566,Persistent / Stable
20.8029,85.25648,305.72,0.34,0.56,2026-10-07,2049,N,VIIRS,n,2.0NRT,291.2,1.01,N,VIIRS_SNPP_NRT,4.153833333333335,60,0.005132810275632011,-75.68511013922884,Persistent / Reduced
20.96649,85.15207,310.81,0.34,0.56,2026-10-07,2049,N,VIIRS,n,2.0NRT,290.71,1.01,N,VIIRS_SNPP_NRT,3.4076666666666666,60,0.022117555362748363,-70.36095079722196,Persistent / Reduced
20.97156,85.1534,314.63,0.34,0.56,2026-10-07,2049,N,VIIRS,n,2.0NRT,290.98,1.01,N,VIIRS_SNPP_NRT,3.342857142857144,70,0.03747748189066427,-69.7863247863248,Persistent / Reduced
23.16911,82.33777,300.4,0.58,0.7,2026-10-07,1925,N20,VIIRS,n,2.0NRT,288.04,1.0,N,VIIRS_NOAA20_NRT,1.913076923076923,13,0.06320217029079325,-47.72818657016485,Persistent / Stable
23.67625,86.08311,303.0,0.34,0.56,2026-10-07,1925,N20,VIIRS,n,2.0NRT,289.46,1.0,N,VIIRS_NOAA20_NRT,2.4248837209302323,86,0.007184284431030711,-58.760909178095325,Persistent / Reduced
24.4515,83.03529,301.05,0.54,0.68,2026-10-07,1925,N20,VIIRS,n,2.0NRT,287.81,1.0,N,VIIRS_NOAA20_NRT,,0,,,New / No Local History
21.93821,81.97973,300.81,0.54,0.68,2026-10-07,2106,N20,VIIRS,n,2.0NRT,288.66,1.0,N,VIIRS_NOAA20_NRT,,0,,,New / No Local History
24.17338,82.61621,300.63,0.53,0.67,2026-10-07,2106,N20,VIIRS,n,2.0NRT,287.19,1.0,N,VIIRS_NOAA20_NRT,1.5083333333333337,6,0.4849606019617895,-33.70165745856355,Persistent / Stable
22.9097,69.69942,312.55,0.38,0.36,2026-10-07,2108,N20,VIIRS,n,2.0NRT,297.1,1.0,N,VIIRS_NOAA20_NRT,2.3864,25,0.05028091477883578,-58.09587663426081,Persistent / Reduced
23.16452,82.34415,306.86,0.41,0.45,2026-10-07,2046,N,VIIRS,n,2.0NRT,290.7,1.0,N,VIIRS_SNPP_NRT,1.913076923076923,13,0.08292813727181111,-47.72818657016485,Persistent / Stable
22.78921,86.21173,306.92,0.49,0.4,2026-10-07,2010,N21,VIIRS,n,2.0NRT,292.47,0.98,N,VIIRS_NOAA21_NRT,2.479821428571428,56,0.024694182104411204,-60.48102541945703,Persistent / Reduced
23.68092,86.39735,305.43,0.48,0.4,2026-10-07,2010,N21,VIIRS,n,2.0NRT,291.64,0.98,N,VIIRS_NOAA21_NRT,3.0147826086956515,92,0.009212109716673848,-67.49351023940005,Persistent / Reduced
23.68175,86.39272,305.03,0.48,0.4,2026-10-07,2010,N21,VIIRS,n,2.0NRT,292.42,0.98,N,VIIRS_NOAA21_NRT,3.0147826086956515,92,0.010314203848557113,-67.49351023940005,Persistent / Reduced
23.68538,86.39348,305.59,0.48,0.4,2026-10-07,2010,N21,VIIRS,n,2.0NRT,291.22,0.98,N,VIIRS_NOAA21_NRT,3.0147826086956515,92,0.00593177136368575,-67.49351023940005,Persistent / Reduced
27.22145,95.34562,309.85,0.39,0.36,2026-10-07,1923,N20,VIIRS,n,2.0NRT,292.4,0.98,N,VIIRS_NOAA20_NRT,1.69,1,0.045486291391102225,-42.01183431952663,Single Historical Detection
28.65623,77.58994,303.13,0.42,0.45,2026-10-07,2104,N20,VIIRS,n,2.0NRT,291.82,0.98,N,VIIRS_NOAA20_NRT,2.1744444444444446,9,0.09543200376833331,-54.93101686254471,Persistent / Reduced
9.98005,76.37558,298.95,0.4,0.6,2026-10-07,2110,N20,VIIRS,n,2.0NRT,281.97,0.98,N,VIIRS_NOAA20_NRT,1.38,3,0.0344186988972236,-28.985507246376805,Persistent / Stable
27.22318,95.34467,310.73,0.51,0.49,2026-10-07,1904,N,VIIRS,n,2.0NRT,290.8,0.98,N,VIIRS_SNPP_NRT,1.69,1,0.048595212993556805,-42.01183431952663,Single Historical Detection
22.06531,83.70389,303.57,0.52,0.5,2026-10-07,2046,N,VIIRS,n,2.0NRT,289.22,0.98,N,VIIRS_SNPP_NRT,1.34,1,0.14736579289694823,-26.86567164179105,Single Historical Detection
28.66371,77.57009,315.03,0.38,0.36,2026-10-07,2046,N,VIIRS,n,2.0NRT,293.35,0.98,N,VIIRS_SNPP_NRT,2.1744444444444446,9,0.1875435572293389,-54.93101686254471,Persistent / Reduced
28.74508,76.92702,310.1,0.39,0.44,2026-10-07,2104,N20,VIIRS,n,2.0NRT,292.73,0.97,N,VIIRS_NOAA20_NRT,1.8533333333333333,6,0.0053803327109143186,-47.66187050359712,Persistent / Stable
17.36945,77.44522,303.57,0.34,0.56,2026-10-07,2108,N20,VIIRS,n,2.0NRT,293.09,0.97,N,VIIRS_NOAA20_NRT,0.965,4,0.07979690850334979,0.5181347150259072,Persistent / Stable
21.30914,81.59237,311.8,0.39,0.36,2026-10-07,2010,N21,VIIRS,n,2.0NRT,294.47,0.96,N,VIIRS_NOAA21_NRT,1.5050000000000001,8,0.0038958179094148644,-36.21262458471762,Persistent / Stable
21.87665,83.55463,305.37,0.4,0.37,2026-10-07,2010,N21,VIIRS,n,2.0NRT,291.42,0.96,N,VIIRS_NOAA21_NRT,2.69,2,0.007440507049219475,-64.31226765799256,Persistent / Reduced
21.8779,83.54703,307.52,0.4,0.37,2026-10-07,2010,N21,VIIRS,n,2.0NRT,291.91,0.96,N,VIIRS_NOAA21_NRT,2.69,2,0.7099255120707904,-64.31226765799256,Persistent / Reduced
24.05129,80.61435,306.31,0.41,0.37,2026-10-07,2010,N21,VIIRS,n,2.0NRT,294.66,0.96,N,VIIRS_NOAA21_NRT,0.62,1,0.006122090891729189,54.83870967741935,Abnormal Increase
15.91475,77.36205,305.68,0.47,0.4,2026-10-07,2012,N21,VIIRS,n,2.0NRT,294.42,0.96,N,VIIRS_NOAA21_NRT,0.63,1,0.12727796125942265,52.38095238095237,Abnormal Increase
15.17501,77.10006,310.59,0.36,0.57,2026-10-07,2108,N20,VIIRS,n,2.0NRT,290.87,0.96,N,VIIRS_NOAA20_NRT,1.3944827586206896,29,0.00859034237609051,-31.15727002967359,Persistent / Stable
15.18019,77.10122,306.11,0.36,0.57,2026-10-07,2108,N20,VIIRS,n,2.0NRT,290.82,0.96,N,VIIRS_NOAA20_NRT,1.3944827586206896,29,0.007352340985609677,-31.15727002967359,Persistent / Stable
21.90106,83.98292,306.24,0.41,0.37,2026-10-07,2010,N21,VIIRS,n,2.0NRT,291.5,0.95,N,VIIRS_NOAA21_NRT,,0,,,New / No Local History
23.71461,86.42094,303.33,0.48,0.4,2026-10-07,2010,N21,VIIRS,n,2.0NRT,291.57,0.95,N,VIIRS_NOAA21_NRT,2.412881355932202,59,0.007192141487520154,-60.62798538915424,Persistent / Reduced
22.26491,73.51752,333.96,0.43,0.38,2026-10-07,820,N,VIIRS,l,2.0NRT,308.8,0.95,D,VIIRS_SNPP_NRT,,0,,,New / No Local History
19.80153,78.86562,307.71,0.46,0.39,2026-10-07,2046,N,VIIRS,n,2.0NRT,294.41,0.95,N,VIIRS_SNPP_NRT,0.61,2,0.019045122551674308,55.73770491803278,Abnormal Increase
23.66689,86.09247,303.89,0.47,0.4,2026-10-07,2010,N21,VIIRS,n,2.0NRT,290.63,0.94,N,VIIRS_NOAA21_NRT,2.460365853658537,82,0.006962833924408675,-61.79429987608427,Persistent / Reduced
26.60268,73.6833,307.04,0.35,0.57,2026-10-07,2010,N21,VIIRS,n,2.0NRT,295.92,0.94,N,VIIRS_NOAA21_NRT,0.8142857142857144,7,0.005713553791313992,15.438596491228049,Persistent / Stable
17.1401,77.17514,305.93,0.33,0.55,2026-10-07,2108,N20,VIIRS,n,2.0NRT,294.27,0.94,N,VIIRS_NOAA20_NRT,1.548,10,0.07225437362354707,-39.2764857881137,Persistent / Stable
22.37505,70.85835,307.09,0.39,0.36,2026-10-07,2108,N20,VIIRS,n,2.0NRT,296.82,0.94,N,VIIRS_NOAA20_NRT,,0,,,New / No Local History
21.38931,81.64741,308.23,0.38,0.36,2026-10-07,2010,N21,VIIRS,n,2.0NRT,293.9,0.93,N,VIIRS_NOAA21_NRT,2.078888888888889,9,0.1366795873518553,-55.264564404061986,Persistent / Reduced
21.81752,83.99593,306.15,0.41,0.37,2026-10-07,2010,N21,VIIRS,n,2.0NRT,292.33,0.93,N,VIIRS_NOAA21_NRT,2.4966666666666666,3,0.058841625136277775,-62.75033377837116,Persistent / Reduced
23.70858,86.44792,304.21,0.36,0.57,2026-10-07,2046,N,VIIRS,n,2.0NRT,288.76,0.93,N,VIIRS_SNPP_NRT,2.521249999999999,64,0.010567843483732482,-63.11353495290033,Persistent / Reduced
28.79723,77.07137,307.0,0.39,0.36,2026-10-07,2046,N,VIIRS,n,2.0NRT,295.13,0.93,N,VIIRS_SNPP_NRT,,0,,,New / No Local History
15.1742,76.78612,306.64,0.42,0.38,2026-10-07,2049,N,VIIRS,n,2.0NRT,292.22,0.93,N,VIIRS_SNPP_NRT,1.14,6,0.039720551372175755,-18.421052631578934,Persistent / Stable
21.34591,81.66682,304.85,0.4,0.45,2026-10-07,2049,N,VIIRS,n,2.0NRT,291.99,0.93,N,VIIRS_SNPP_NRT,2.4481818181818187,11,0.166965745336571,-62.01262532491645,Persistent / Reduced
16.17411,75.64647,305.4,0.39,0.44,2026-10-07,2012,N21,VIIRS,n,2.0NRT,293.83,0.92,N,VIIRS_NOAA21_NRT,,0,,,New / No Local History
27.95825,77.58655,332.76,0.44,0.38,2026-10-07,820,N,VIIRS,l,2.0NRT,304.78,0.92,D,VIIRS_SNPP_NRT,,0,,,New / No Local History
20.95322,85.01369,304.04,0.33,0.55,2026-10-07,2049,N,VIIRS,n,2.0NRT,290.54,0.92,N,VIIRS_SNPP_NRT,3.09125,8,0.03331912257777985,-70.23857662757784,Persistent / Reduced
21.36475,81.67897,304.45,0.41,0.45,2026-10-07,2049,N,VIIRS,n,2.0NRT,292.27,0.92,N,VIIRS_SNPP_NRT,2.3618750000000004,16,0.018721366163191606,-61.04789626885421,Persistent / Reduced
24.94607,72.94631,305.8,0.43,0.38,2026-10-07,2106,N20,VIIRS,n,2.0NRT,294.49,0.91,N,VIIRS_NOAA20_NRT,,0,,,New / No Local History
19.80279,78.86394,306.82,0.46,0.39,2026-10-07,2046,N,VIIRS,n,2.0NRT,294.1,0.91,N,VIIRS_SNPP_NRT,0.61,2,0.0020526738554583696,49.18032786885247,Persistent / Stable
28.74277,76.92857,305.19,0.47,0.47,2026-10-07,2008,N21,VIIRS,n,2.0NRT,292.96,0.9,N,VIIRS_NOAA21_NRT,1.8533333333333333,6,0.04977452866769832,-51.438848920863315,Persistent / Reduced
15.07076,76.86384,303.7,0.35,0.57,2026-10-07,2108,N20,VIIRS,n,2.0NRT,284.32,0.9,N,VIIRS_NOAA20_NRT,1.33,10,0.033688541004722225,-32.330827067669176,Persistent / Stable
23.55902,87.23205,304.01,0.4,0.6,2026-10-07,2046,N,VIIRS,n,2.0NRT,288.48,0.9,N,VIIRS_SNPP_NRT,2.9255263157894738,38,0.19774731688511257,-69.23630475847801,Persistent / Reduced
31.3292,76.89415,299.42,0.52,0.42,2026-10-07,2104,N20,VIIRS,n,2.0NRT,289.24,0.89,N,VIIRS_NOAA20_NRT,0.865,2,0.007560553858843449,2.890173410404627,Persistent / Stable
24.20095,82.71339,300.55,0.54,0.68,2026-10-07,2106,N20,VIIRS,n,2.0NRT,288.26,0.89,N,VIIRS_NOAA20_NRT,1.1085714285714285,7,0.12072298877748654,-19.71649484536082,Persistent / Stable
15.33917,76.27444,299.29,0.63,0.54,2026-10-07,2108,N20,VIIRS,n,2.0NRT,284.09,0.89,N,VIIRS_NOAA20_NRT,1.33375,32,0.019544199089466162,-33.270852858481724,Persistent / Stable
25.54118,91.23868,297.64,0.44,0.62,2026-10-07,1906,N,VIIRS,n,2.0NRT,284.03,0.89,N,VIIRS_SNPP_NRT,0.8525,4,0.13345551696697125,4.398826979472139,Persistent / Stable
25.54153,91.23428,307.22,0.44,0.62,2026-10-07,1906,N,VIIRS,n,2.0NRT,284.34,0.89,N,VIIRS_SNPP_NRT,0.8525,4,0.19063100695763127,4.398826979472139,Persistent / Stable
23.16863,82.34501,313.67,0.41,0.45,2026-10-07,2046,N,VIIRS,n,2.0NRT,291.77,0.89,N,VIIRS_SNPP_NRT,1.913076923076923,13,0.00618014566618187,-53.47808604744672,Persistent / Reduced
23.76649,86.40546,310.09,0.35,0.57,2026-10-07,2046,N,VIIRS,n,2.0NRT,288.67,0.89,N,VIIRS_SNPP_NRT,2.1704487179487177,156,0.01592702350033568,-58.99465430166276,Persistent / Reduced
23.76725,86.40208,306.89,0.35,0.57,2026-10-07,2046,N,VIIRS,n,2.0NRT,288.62,0.89,N,VIIRS_SNPP_NRT,2.158924050632911,158,0.005030267476321346,-58.77576148456508,Persistent / Reduced
24.76131,74.60906,305.19,0.42,0.37,2026-10-07,2046,N,VIIRS,n,2.0NRT,294.95,0.89,N,VIIRS_SNPP_NRT,1.0876923076923075,13,0.005259344645753582,-18.175388967468162,Persistent / Stable
24.76476,74.60965,313.91,0.42,0.37,2026-10-07,2046,N,VIIRS,n,2.0NRT,298.16,0.89,N,VIIRS_SNPP_NRT,1.0876923076923075,13,0.05958914721734311,-18.175388967468162,Persistent / Stable
21.18776,81.38617,308.14,0.39,0.36,2026-10-07,2010,N21,VIIRS,n,2.0NRT,294.07,0.88,N,VIIRS_NOAA21_NRT,2.7287500000000002,24,0.037613613952666575,-67.75080164910673,Persistent / Reduced
21.37177,81.44839,309.45,0.39,0.36,2026-10-07,2010,N21,VIIRS,n,2.0NRT,293.85,0.88,N,VIIRS_NOAA21_NRT,,0,,,New / No Local History
24.68932,72.99982,305.2,0.43,0.38,2026-10-07,2106,N20,VIIRS,n,2.0NRT,294.8,0.88,N,VIIRS_NOAA20_NRT,1.1736363636363636,11,0.08286918542687101,-25.019364833462426,Persistent / Stable
15.91584,77.36227,305.85,0.36,0.57,2026-10-07,2108,N20,VIIRS,n,2.0NRT,292.33,0.88,N,VIIRS_NOAA20_NRT,0.63,1,0.10383391295202472,39.682539682539684,Single Historical Detection
21.18378,81.38131,307.23,0.39,0.44,2026-10-07,2049,N,VIIRS,n,2.0NRT,292.34,0.88,N,VIIRS_SNPP_NRT,2.7287500000000002,24,0.011411526791685774,-67.75080164910673,Persistent / Reduced
11.81424,77.91603,303.88,0.41,0.37,2026-10-07,2014,N21,VIIRS,n,2.0NRT,281.98,0.87,N,VIIRS_NOAA21_NRT,1.7600000000000002,40,0.012534785397535041,-50.56818181818182,Persistent / Reduced
11.81763,77.91655,307.62,0.41,0.37,2026-10-07,2014,N21,VIIRS,n,2.0NRT,280.86,0.87,N,VIIRS_NOAA21_NRT,1.7600000000000002,40,0.01648023287765882,-50.56818181818182,Persistent / Reduced
20.97612,85.1717,305.97,0.36,0.57,2026-10-07,1925,N20,VIIRS,n,2.0NRT,292.13,0.87,N,VIIRS_NOAA20_NRT,3.547457627118643,118,0.018531950368968434,-75.47539417104633,Persistent / Reduced
20.97649,85.16817,307.02,0.36,0.57,2026-10-07,1925,N20,VIIRS,n,2.0NRT,291.73,0.87,N,VIIRS_NOAA20_NRT,3.542232142857142,112,0.002829013890548791,-75.43921558742721,Persistent / Reduced
26.63069,79.52911,307.35,0.41,0.37,2026-10-07,2046,N,VIIRS,n,2.0NRT,292.93,0.87,N,VIIRS_SNPP_NRT,,0,,,New / No Local History
27.37885,95.33501,304.63,0.46,0.63,2026-10-07,2008,N21,VIIRS,n,2.0NRT,289.3,0.86,N,VIIRS_NOAA21_NRT,3.152,10,0.006216237409597511,-72.71573604060914,Persistent / Reduced
21.73027,82.21581,308.81,0.38,0.36,2026-10-07,2010,N21,VIIRS,n,2.0NRT,294.46,0.86,N,VIIRS_NOAA21_NRT,1.1633333333333333,3,0.010354251433870122,-26.074498567335247,Persistent / Stable
21.93818,81.98074,305.21,0.41,0.45,2026-10-07,2046,N,VIIRS,n,2.0NRT,291.99,0.86,N,VIIRS_SNPP_NRT,,0,,,New / No Local History
23.68739,86.38994,301.99,0.32,0.55,2026-10-07,1925,N20,VIIRS,n,2.0NRT,288.89,0.85,N,VIIRS_NOAA20_NRT,3.0147826086956515,92,0.014480614459982399,-71.80559561580615,Persistent / Reduced
21.3645,81.67702,307.88,0.38,0.36,2026-10-07,2010,N21,VIIRS,n,2.0NRT,293.58,0.84,N,VIIRS_NOAA21_NRT,2.3618750000000004,16,0.034338693038189254,-64.43503572373645,Persistent / Reduced
22.26559,75.13167,306.47,0.39,0.36,2026-10-07,2049,N,VIIRS,n,2.0NRT,296.45,0.84,N,VIIRS_SNPP_NRT,0.86,2,0.16774055374145747,-2.325581395348839,Persistent / Stable
15.30141,76.22044,304.0,0.53,0.42,2026-10-07,2012,N21,VIIRS,n,2.0NRT,291.97,0.83,N,VIIRS_NOAA21_NRT,0.6260000000000001,5,0.0172254175627638,32.5878594249201,Persistent / Stable
25.54468,91.23621,305.65,0.52,0.42,2026-10-07,1925,N20,VIIRS,n,2.0NRT,285.66,0.83,N,VIIRS_NOAA20_NRT,0.8525,4,0.008289754801940965,-2.639296187683293,Persistent / Stable
21.73313,82.21318,304.23,0.57,0.69,2026-10-07,2106,N20,VIIRS,n,2.0NRT,289.53,0.83,N,VIIRS_NOAA20_NRT,1.1633333333333333,3,0.20870703334294724,-28.65329512893983,Persistent / Stable
26.64262,79.4804,312.37,0.41,0.37,2026-10-07,2046,N,VIIRS,n,2.0NRT,292.47,0.83,N,VIIRS_SNPP_NRT,1.8419999999999999,5,0.13616964043453358,-54.94028230184582,Persistent / Reduced
27.81071,96.06938,306.46,0.38,0.36,2026-10-07,1923,N20,VIIRS,n,2.0NRT,290.02,0.82,N,VIIRS_NOAA20_NRT,,0,,,New / No Local History
15.33203,76.28477,297.65,0.63,0.54,2026-10-07,2108,N20,VIIRS,n,2.0NRT,283.23,0.82,N,VIIRS_NOAA20_NRT,1.33375,32,0.012725545488352415,-38.519212746016876,Persistent / Stable
22.31576,69.85977,309.28,0.38,0.36,2026-10-07,2108,N20,VIIRS,n,2.0NRT,296.74,0.82,N,VIIRS_NOAA20_NRT,3.7053846153846157,13,0.22616186354961731,-77.87004359559893,Persistent / Reduced
23.56044,87.23212,305.46,0.4,0.6,2026-10-07,2046,N,VIIRS,n,2.0NRT,288.22,0.82,N,VIIRS_SNPP_NRT,2.9255263157894738,38,0.19060257229459981,-71.9708554466133,Persistent / Reduced
23.78638,86.34181,302.66,0.35,0.57,2026-10-07,2046,N,VIIRS,n,2.0NRT,288.7,0.82,N,VIIRS_SNPP_NRT,2.3209210526315793,76,0.04819737411866225,-64.66919893417995,Persistent / Reduced
24.45007,83.0406,303.61,0.43,0.46,2026-10-07,2046,N,VIIRS,n,2.0NRT,291.19,0.82,N,VIIRS_SNPP_NRT,,0,,,New / No Local History
28.17033,76.85588,305.98,0.46,0.47,2026-10-07,2008,N21,VIIRS,n,2.0NRT,293.58,0.81,N,VIIRS_NOAA21_NRT,,0,,,New / No Local History
13.16805,77.81783,302.53,0.42,0.38,2026-10-07,2014,N21,VIIRS,n,2.0NRT,283.92,0.81,N,VIIRS_NOAA21_NRT,,0,,,New / No Local History
16.17349,75.64588,304.04,0.55,0.51,2026-10-07,2108,N20,VIIRS,n,2.0NRT,293.43,0.81,N,VIIRS_NOAA20_NRT,,0,,,New / No Local History
28.2759,77.27467,306.79,0.39,0.36,2026-10-07,2046,N,VIIRS,n,2.0NRT,294.01,0.81,N,VIIRS_SNPP_NRT,1.065,2,0.1225451350251929,-23.943661971830977,Persistent / Stable
21.34212,81.67015,303.6,0.41,0.45,2026-10-07,2049,N,VIIRS,n,2.0NRT,291.83,0.81,N,VIIRS_SNPP_NRT,2.6757142857142857,7,0.09528790306761405,-69.72770955686065,Persistent / Reduced
22.00548,82.67357,304.7,0.39,0.36,2026-10-07,2010,N21,VIIRS,n,2.0NRT,293.24,0.8,N,VIIRS_NOAA21_NRT,1.743846153846154,13,0.1835265251014505,-54.1243934715483,Persistent / Reduced
22.15553,82.09312,301.37,0.54,0.68,2026-10-07,2106,N20,VIIRS,n,2.0NRT,288.89,0.8,N,VIIRS_NOAA20_NRT,,0,,,New / No Local History
21.18402,75.96451,331.73,0.39,0.36,2026-10-07,818,N,VIIRS,l,2.0NRT,306.24,0.8,D,VIIRS_SNPP_NRT,,0,,,New / No Local History
24.19525,82.71489,300.63,0.42,0.45,2026-10-07,2046,N,VIIRS,n,2.0NRT,289.83,0.8,N,VIIRS_SNPP_NRT,1.1085714285714285,7,0.03254039211589959,-27.83505154639175,Persistent / Stable
24.19934,82.71598,308.99,0.42,0.45,2026-10-07,2046,N,VIIRS,n,2.0NRT,290.84,0.8,N,VIIRS_SNPP_NRT,1.1085714285714285,7,0.14199368975444035,-27.83505154639175,Persistent / Stable
21.50029,81.80973,307.1,0.38,0.36,2026-10-07,2010,N21,VIIRS,n,2.0NRT,293.56,0.79,N,VIIRS_NOAA21_NRT,0.925,2,0.037270091596861316,-14.594594594594595,Persistent / Stable
22.0345,83.36126,304.12,0.39,0.36,2026-10-07,2010,N21,VIIRS,n,2.0NRT,292.57,0.79,N,VIIRS_NOAA21_NRT,1.5653846153846156,13,0.021850582107449966,-49.533169533169534,Persistent / Stable
23.67698,86.08757,302.25,0.47,0.39,2026-10-07,2010,N21,VIIRS,n,2.0NRT,290.74,0.79,N,VIIRS_NOAA21_NRT,2.3926666666666665,90,0.015611367730486554,-66.98244636388966,Persistent / Reduced
23.67974,86.09283,305.89,0.47,0.39,2026-10-07,2010,N21,VIIRS,n,2.0NRT,290.81,0.79,N,VIIRS_NOAA21_NRT,2.4330681818181823,88,0.013606398246793279,-67.53070851431508,Persistent / Reduced
18.37646,77.6089,306.57,0.48,0.4,2026-10-07,2012,N21,VIIRS,n,2.0NRT,291.99,0.79,N,VIIRS_NOAA21_NRT,,0,,,New / No Local History
21.97134,85.31134,304.02,0.36,0.58,2026-10-07,1925,N20,VIIRS,n,2.0NRT,287.69,0.79,N,VIIRS_NOAA20_NRT,0.845,2,0.08169685678779152,-6.508875739644964,Persistent / Stable
23.7417,85.00964,299.85,0.4,0.6,2026-10-07,1925,N20,VIIRS,n,2.0NRT,288.48,0.79,N,VIIRS_NOAA20_NRT,1.3593333333333328,15,0.041993299911703634,-41.88327611574299,Persistent / Stable
17.14529,78.22422,303.81,0.46,0.39,2026-10-07,2046,N,VIIRS,n,2.0NRT,292.58,0.79,N,VIIRS_SNPP_NRT,1.68,1,0.22423745577854975,-52.976190476190474,Single Historical Detection
23.79441,86.35467,301.75,0.35,0.57,2026-10-07,2046,N,VIIRS,n,2.0NRT,288.68,0.79,N,VIIRS_SNPP_NRT,1.9220000000000004,55,0.11110884559507354,-58.89698231009366,Persistent / Reduced
23.79517,86.3513,310.73,0.35,0.57,2026-10-07,2046,N,VIIRS,n,2.0NRT,289.3,0.79,N,VIIRS_SNPP_NRT,2.006379310344828,58,0.02091876323757733,-60.62559078800379,Persistent / Reduced
28.71044,76.85653,306.11,0.47,0.48,2026-10-07,2008,N21,VIIRS,n,2.0NRT,292.97,0.78,N,VIIRS_NOAA21_NRT,1.79,3,0.03871794742429231,-56.424581005586596,Persistent / Reduced
21.45757,81.80221,306.85,0.38,0.36,2026-10-07,2010,N21,VIIRS,n,2.0NRT,293.91,0.78,N,VIIRS_NOAA21_NRT,,0,,,New / No Local History
23.92591,85.34556,297.21,0.43,0.38,2026-10-07,2010,N21,VIIRS,n,2.0NRT,284.58,0.78,N,VIIRS_NOAA21_NRT,,0,,,New / No Local History
22.02257,83.30855,305.36,0.39,0.36,2026-10-07,2010,N21,VIIRS,n,2.0NRT,292.54,0.77,N,VIIRS_NOAA21_NRT,,0,,,New / No Local History
24.18067,82.64651,308.73,0.38,0.36,2026-10-07,2010,N21,VIIRS,n,2.0NRT,293.14,0.77,N,VIIRS_NOAA21_NRT,0.944,5,0.25359660288650576,-18.4322033898305,Persistent / Stable
21.31077,81.58948,304.08,0.53,0.67,2026-10-07,2106,N20,VIIRS,n,2.0NRT,289.38,0.77,N,VIIRS_NOAA20_NRT,1.5050000000000001,8,0.04277396463032745,-48.83720930232558,Persistent / Stable
23.8029,86.34972,308.42,0.33,0.55,2026-10-07,1925,N20,VIIRS,n,2.0NRT,289.07,0.76,N,VIIRS_NOAA20_NRT,2.1926984126984133,63,0.010665770422651289,-65.33951064137831,Persistent / Reduced
18.88752,77.99303,306.08,0.43,0.38,2026-10-07,2046,N,VIIRS,n,2.0NRT,291.26,0.76,N,VIIRS_SNPP_NRT,,0,,,New / No Local History
22.15494,82.09393,307.29,0.38,0.36,2026-10-07,2010,N21,VIIRS,n,2.0NRT,292.96,0.75,N,VIIRS_NOAA21_NRT,,0,,,New / No Local History
13.70939,79.62069,307.21,0.39,0.36,2026-10-07,2012,N21,VIIRS,n,2.0NRT,289.93,0.75,N,VIIRS_NOAA21_NRT,1.52875,8,0.02052997596604687,-50.9403107113655,Persistent / Reduced
22.79252,86.20961,304.11,0.32,0.55,2026-10-07,1925,N20,VIIRS,n,2.0NRT,291.34,0.75,N,VIIRS_NOAA20_NRT,2.479821428571428,56,0.0174609529871547,-69.75588680060487,Persistent / Reduced
28.34603,77.25562,304.85,0.39,0.36,2026-10-07,2046,N,VIIRS,n,2.0NRT,294.2,0.75,N,VIIRS_SNPP_NRT,1.9188888888888889,9,0.028717968184603166,-60.9148812970469,Persistent / Reduced
16.20564,75.20774,305.0,0.39,0.36,2026-10-07,2049,N,VIIRS,n,2.0NRT,294.89,0.75,N,VIIRS_SNPP_NRT,0.53,1,0.031138597172072464,41.50943396226414,Single Historical Detection
21.72999,82.21551,306.73,0.43,0.46,2026-10-07,2049,N,VIIRS,n,2.0NRT,292.72,0.75,N,VIIRS_SNPP_NRT,1.1633333333333333,3,0.003841650689076984,-35.53008595988539,Persistent / Stable
22.07063,83.34848,304.83,0.39,0.36,2026-10-07,2010,N21,VIIRS,n,2.0NRT,292.39,0.74,N,VIIRS_NOAA21_NRT,,0,,,New / No Local History
23.77921,86.14897,302.81,0.47,0.4,2026-10-07,2010,N21,VIIRS,n,2.0NRT,290.02,0.74,N,VIIRS_NOAA21_NRT,,0,,,New / No Local History
23.67752,86.06982,305.81,0.34,0.56,2026-10-07,1925,N20,VIIRS,n,2.0NRT,289.36,0.74,N,VIIRS_NOAA20_NRT,2.197169811320755,53,0.10401830994075531,-66.32030914555604,Persistent / Reduced
21.80204,82.03677,301.99,0.55,0.68,2026-10-07,2106,N20,VIIRS,n,2.0NRT,288.9,0.74,N,VIIRS_NOAA20_NRT,1.915,2,0.2075323203860847,-61.35770234986945,Persistent / Reduced
21.05291,72.83883,307.69,0.45,0.39,2026-10-07,2049,N,VIIRS,n,2.0NRT,296.28,0.74,N,VIIRS_SNPP_NRT,,0,,,New / No Local History
21.07711,85.04121,304.57,0.33,0.55,2026-10-07,2049,N,VIIRS,n,2.0NRT,287.04,0.74,N,VIIRS_SNPP_NRT,2.44,20,0.022870117099934365,-69.67213114754098,Persistent / Reduced
21.07777,85.03808,307.19,0.33,0.55,2026-10-07,2049,N,VIIRS,n,2.0NRT,288.37,0.74,N,VIIRS_SNPP_NRT,2.44,20,0.061264661163444895,-69.67213114754098,Persistent / Reduced
21.31074,81.5907,309.61,0.4,0.44,2026-10-07,2049,N,VIIRS,n,2.0NRT,292.43,0.74,N,VIIRS_SNPP_NRT,1.5050000000000001,8,0.007919204411308106,-50.83056478405316,Persistent / Reduced
21.34148,81.67298,304.36,0.38,0.36,2026-10-07,2010,N21,VIIRS,n,2.0NRT,293.08,0.73,N,VIIRS_NOAA21_NRT,2.6757142857142857,7,0.19782940576000727,-72.71756540309664,Persistent / Reduced
17.14857,78.22418,301.7,0.39,0.59,2026-10-07,2108,N20,VIIRS,n,2.0NRT,291.41,0.73,N,VIIRS_NOAA20_NRT,1.68,1,0.21994974767964712,-56.547619047619044,Single Historical Detection
12.74477,77.62108,297.22,0.43,0.38,2026-10-07,2014,N21,VIIRS,n,2.0NRT,269.64,0.72,N,VIIRS_NOAA21_NRT,1.1433333333333335,6,0.07267805074847042,-37.02623906705541,Persistent / Stable
22.10058,85.35059,299.94,0.36,0.57,2026-10-07,1925,N20,VIIRS,n,2.0NRT,287.99,0.72,N,VIIRS_NOAA20_NRT,,0,,,New / No Local History
21.24889,79.221,307.44,0.37,0.58,2026-10-07,2108,N20,VIIRS,n,2.0NRT,292.4,0.72,N,VIIRS_NOAA20_NRT,1.19375,8,0.07600959295422641,-39.68586387434556,Persistent / Stable
23.67585,86.0733,302.63,0.47,0.39,2026-10-07,2010,N21,VIIRS,n,2.0NRT,291.01,0.71,N,VIIRS_NOAA21_NRT,2.2495454545454545,66,0.046825475970800556,-68.43806829662559,Persistent / Reduced
22.07018,83.7041,301.62,0.46,0.64,2026-10-07,1925,N20,VIIRS,n,2.0NRT,287.08,0.7,N,VIIRS_NOAA20_NRT,1.34,1,0.12599985039418352,-47.76119402985075,Single Historical Detection
24.16673,80.69438,301.93,0.4,0.6,2026-10-07,2106,N20,VIIRS,n,2.0NRT,291.54,0.7,N,VIIRS_NOAA20_NRT,,0,,,New / No Local History
22.94682,69.15522,309.34,0.39,0.36,2026-10-07,2108,N20,VIIRS,n,2.0NRT,296.18,0.7,N,VIIRS_NOAA20_NRT,,0,,,New / No Local History
23.55867,87.23991,301.87,0.4,0.6,2026-10-07,2046,N,VIIRS,n,2.0NRT,287.81,0.7,N,VIIRS_SNPP_NRT,2.9255263157894738,38,0.007891648327622605,-76.07268147881624,Persistent / Reduced
24.11781,86.35236,299.91,0.35,0.56,2026-10-07,2046,N,VIIRS,n,2.0NRT,287.14,0.7,N,VIIRS_SNPP_NRT,2.335,2,0.18778368268118384,-70.02141327623127,Persistent / Reduced
24.57936,74.80534,305.93,0.41,0.37,2026-10-07,2046,N,VIIRS,n,2.0NRT,295.86,0.7,N,VIIRS_SNPP_NRT,,0,,,New / No Local History
27.22336,95.34521,301.48,0.46,0.64,2026-10-07,2008,N21,VIIRS,n,2.0NRT,289.76,0.69,N,VIIRS_NOAA21_NRT,1.69,1,0.006419568620988067,-59.171597633136095,Single Historical Detection
31.25039,76.92712,304.99,0.4,0.37,2026-10-07,2044,N,VIIRS,n,2.0NRT,287.87,0.69,N,VIIRS_SNPP_NRT,0.8307692307692308,13,0.009527679383369396,-16.944444444444457,Persistent / Stable
24.14659,82.65667,303.54,0.41,0.45,2026-10-07,2046,N,VIIRS,n,2.0NRT,290.05,0.69,N,VIIRS_SNPP_NRT,0.78,1,0.19380347965771494,-11.538461538461549,Single Historical Detection
21.80305,82.04052,307.22,0.42,0.45,2026-10-07,2049,N,VIIRS,n,2.0NRT,292.05,0.69,N,VIIRS_SNPP_NRT,1.915,2,0.1445398821195943,-63.968668407310716,Persistent / Reduced
24.17101,82.61989,304.24,0.41,0.45,2026-10-07,2046,N,VIIRS,n,2.0NRT,290.12,0.68,N,VIIRS_SNPP_NRT,1.5083333333333337,6,0.11161644549973591,-54.91712707182322,Persistent / Reduced
25.54167,91.23464,295.06,0.63,0.72,2026-10-07,2046,N,VIIRS,n,2.0NRT,283.6,0.68,N,VIIRS_SNPP_NRT,0.8525,4,0.15451730916126374,-20.234604105571847,Persistent / Stable
22.31128,82.53103,305.59,0.38,0.36,2026-10-07,2010,N21,VIIRS,n,2.0NRT,292.94,0.67,N,VIIRS_NOAA21_NRT,1.8900000000000001,10,0.18532900282714454,-64.55026455026456,Persistent / Reduced
22.31398,82.53532,305.08,0.38,0.36,2026-10-07,2010,N21,VIIRS,n,2.0NRT,292.9,0.67,N,VIIRS_NOAA21_NRT,1.8900000000000001,10,0.0845571838584369,-64.55026455026456,Persistent / Reduced
22.31456,82.53163,307.57,0.38,0.36,2026-10-07,2010,N21,VIIRS,n,2.0NRT,293.64,0.67,N,VIIRS_NOAA21_NRT,1.8900000000000001,10,0.12866406589508195,-64.55026455026456,Persistent / Reduced
21.80285,85.56536,306.51,0.35,0.56,2026-10-07,1925,N20,VIIRS,n,2.0NRT,290.24,0.67,N,VIIRS_NOAA20_NRT,0.77,1,0.08881220970429629,-12.987012987012983,Single Historical Detection
20.90925,71.46046,308.97,0.42,0.37,2026-10-07,2108,N20,VIIRS,n,2.0NRT,297.56,0.67,N,VIIRS_NOAA20_NRT,1.2485714285714289,14,0.004943248176712805,-46.33867276887873,Persistent / Stable
20.90993,71.4565,307.76,0.42,0.37,2026-10-07,2108,N20,VIIRS,n,2.0NRT,296.22,0.67,N,VIIRS_NOAA20_NRT,1.2485714285714289,14,0.017688189527425378,-46.33867276887873,Persistent / Stable
31.32884,76.89368,301.49,0.4,0.37,2026-10-07,2044,N,VIIRS,n,2.0NRT,289.73,0.67,N,VIIRS_SNPP_NRT,0.865,2,0.030679777814854297,-22.543352601156062,Persistent / Stable
23.61479,86.79069,301.17,0.38,0.58,2026-10-07,2046,N,VIIRS,n,2.0NRT,281.33,0.67,N,VIIRS_SNPP_NRT,1.6899999999999997,13,0.0560847893155916,-60.3550295857988,Persistent / Reduced
21.94004,81.98127,305.95,0.38,0.36,2026-10-07,2010,N21,VIIRS,n,2.0NRT,293.9,0.66,N,VIIRS_NOAA21_NRT,,0,,,New / No Local History
19.80237,78.86372,307.56,0.38,0.59,2026-10-07,2108,N20,VIIRS,n,2.0NRT,292.08,0.66,N,VIIRS_NOAA20_NRT,0.61,2,0.024081330808927274,8.196721311475418,Persistent / Stable
21.35463,81.67529,306.18,0.38,0.36,2026-10-07,2010,N21,VIIRS,n,2.0NRT,293.67,0.65,N,VIIRS_NOAA21_NRT,2.3618750000000004,16,0.1309903440748514,-72.47949192908177,Persistent / Reduced
21.36459,81.6544,307.92,0.38,0.36,2026-10-07,2010,N21,VIIRS,n,2.0NRT,293.83,0.65,N,VIIRS_NOAA21_NRT,2.4466666666666668,12,0.32150879088772844,-73.433242506812,Persistent / Reduced
21.87602,83.49207,301.58,0.47,0.64,2026-10-07,1925,N20,VIIRS,n,2.0NRT,286.64,0.65,N,VIIRS_NOAA20_NRT,1.6025,4,0.13621227256003174,-59.4383775351014,Persistent / Reduced
12.74633,77.62066,297.51,0.49,0.4,2026-10-07,2049,N,VIIRS,n,2.0NRT,275.21,0.65,N,VIIRS_SNPP_NRT,1.1433333333333335,6,0.027163852986797153,-43.14868804664724,Persistent / Stable
21.29893,81.6081,304.33,0.4,0.44,2026-10-07,2049,N,VIIRS,n,2.0NRT,291.97,0.65,N,VIIRS_SNPP_NRT,1.3085714285714285,7,0.04040722226513532,-50.32751091703056,Persistent / Reduced
21.92212,81.74734,305.79,0.39,0.36,2026-10-07,2010,N21,VIIRS,n,2.0NRT,293.53,0.64,N,VIIRS_NOAA21_NRT,,0,,,New / No Local History
22.08777,83.11623,307.53,0.39,0.36,2026-10-07,2010,N21,VIIRS,n,2.0NRT,292.55,0.64,N,VIIRS_NOAA21_NRT,1.335,2,0.3389838321082423,-52.059925093632955,Persistent / Reduced
24.1569,82.66905,303.98,0.38,0.36,2026-10-07,2010,N21,VIIRS,n,2.0NRT,291.59,0.64,N,VIIRS_NOAA21_NRT,0.8733333333333334,3,1.0624625114468735,-26.717557251908403,Persistent / Stable
12.09213,79.13664,310.41,0.4,0.44,2026-10-07,2049,N,VIIRS,n,2.0NRT,280.06,0.64,N,VIIRS_SNPP_NRT,,0,,,New / No Local History
27.37636,95.08764,303.38,0.44,0.62,2026-10-07,2008,N21,VIIRS,n,2.0NRT,290.23,0.63,N,VIIRS_NOAA21_NRT,2.12,7,0.03961674154823554,-70.28301886792453,Persistent / Reduced
21.24209,79.22675,303.29,0.37,0.58,2026-10-07,2108,N20,VIIRS,n,2.0NRT,292.73,0.63,N,VIIRS_NOAA20_NRT,1.226,5,0.3409837901757025,-48.61337683523654,Persistent / Stable
19.1015,73.05287,310.94,0.42,0.38,2026-10-07,2046,N,VIIRS,n,2.0NRT,294.69,0.63,N,VIIRS_SNPP_NRT,,0,,,New / No Local History
28.85076,77.1472,308.2,0.39,0.36,2026-10-07,2046,N,VIIRS,n,2.0NRT,293.09,0.63,N,VIIRS_SNPP_NRT,1.5866666666666667,3,0.23958956481300797,-60.29411764705882,Persistent / Reduced
17.30795,77.47402,304.7,0.35,0.56,2026-10-07,2108,N20,VIIRS,n,2.0NRT,293.19,0.62,N,VIIRS_NOAA20_NRT,,0,,,New / No Local History
21.91611,83.35527,306.44,0.39,0.36,2026-10-07,2010,N21,VIIRS,n,2.0NRT,292.62,0.61,N,VIIRS_NOAA21_NRT,2.8140740740740737,27,0.13411271233545177,-78.32324295867333,Persistent / Reduced
26.12748,90.4757,305.31,0.39,0.44,2026-10-07,1923,N20,VIIRS,n,2.0NRT,290.69,0.61,N,VIIRS_NOAA20_NRT,,0,,,New / No Local History
28.8518,77.14803,303.32,0.4,0.44,2026-10-07,2104,N20,VIIRS,n,2.0NRT,292.48,0.61,N,VIIRS_NOAA20_NRT,1.5866666666666667,3,0.15875256978443045,-61.5546218487395,Persistent / Reduced
28.65735,77.58902,309.59,0.38,0.36,2026-10-07,2046,N,VIIRS,n,2.0NRT,292.42,0.61,N,VIIRS_SNPP_NRT,2.1744444444444446,9,0.015167418531158538,-71.94685743484926,Persistent / Reduced
31.25119,76.92881,298.1,0.53,0.42,2026-10-07,2104,N20,VIIRS,n,2.0NRT,287.53,0.6,N,VIIRS_NOAA20_NRT,0.8307692307692308,13,0.0342748256706505,-27.777777777777786,Persistent / Stable
13.44556,80.09641,304.85,0.44,0.46,2026-10-07,2049,N,VIIRS,n,2.0NRT,289.94,0.6,N,VIIRS_SNPP_NRT,,0,,,New / No Local History
17.22875,79.00357,304.9,0.41,0.37,2026-10-07,2012,N21,VIIRS,n,2.0NRT,294.13,0.59,N,VIIRS_NOAA21_NRT,,0,,,New / No Local History
27.47133,95.42239,303.11,0.39,0.36,2026-10-07,1923,N20,VIIRS,n,2.0NRT,291.81,0.59,N,VIIRS_NOAA20_NRT,1.9975,4,0.011619899786941229,-70.46307884856071,Persistent / Reduced
24.14109,82.70591,304.32,0.42,0.45,2026-10-07,2046,N,VIIRS,n,2.0NRT,290.41,0.59,N,VIIRS_SNPP_NRT,0.53,2,0.06710793866341143,11.32075471698112,Persistent / Stable
23.60876,85.67304,300.38,0.36,0.57,2026-10-07,1925,N20,VIIRS,n,2.0NRT,287.48,0.58,N,VIIRS_NOAA20_NRT,1.0263636363636364,11,0.0031585063944822357,-43.48981399468557,Persistent / Stable
27.37935,95.08824,303.52,0.39,0.36,2026-10-07,1923,N20,VIIRS,n,2.0NRT,292.55,0.57,N,VIIRS_NOAA20_NRT,2.12,7,0.019933957915358222,-73.11320754716982,Persistent / Reduced
24.44912,83.03564,301.34,0.54,0.68,2026-10-07,1925,N20,VIIRS,n,2.0NRT,287.85,0.57,N,VIIRS_NOAA20_NRT,,0,,,New / No Local History
27.81081,96.06836,300.68,0.47,0.47,2026-10-07,1904,N,VIIRS,n,2.0NRT,288.57,0.56,N,VIIRS_SNPP_NRT,,0,,,New / No Local History
24.1965,82.71791,303.81,0.42,0.45,2026-10-07,2046,N,VIIRS,n,2.0NRT,290.24,0.56,N,VIIRS_SNPP_NRT,1.1085714285714285,7,0.33779677340439324,-49.48453608247422,Persistent / Stable
13.71073,79.62014,300.61,0.41,0.45,2026-10-07,2049,N,VIIRS,n,2.0NRT,278.51,0.56,N,VIIRS_SNPP_NRT,1.52875,8,0.01189127870456941,-63.3687653311529,Persistent / Reduced
20.86242,84.98533,306.38,0.37,0.58,2026-10-07,1925,N20,VIIRS,n,2.0NRT,290.95,0.55,N,VIIRS_NOAA20_NRT,3.015394736842105,76,0.0822598757021452,-81.76026530523191,Persistent / Reduced
31.25232,76.92766,297.38,0.53,0.42,2026-10-07,2104,N20,VIIRS,n,2.0NRT,287.37,0.55,N,VIIRS_NOAA20_NRT,0.8307692307692308,13,0.05475219052047102,-33.7962962962963,Persistent / Stable
15.30099,76.22138,303.08,0.4,0.37,2026-10-07,2049,N,VIIRS,n,2.0NRT,290.73,0.53,N,VIIRS_SNPP_NRT,0.6260000000000001,5,0.027929013869956415,-15.335463258785953,Persistent / Stable
23.68363,86.06055,305.68,0.34,0.56,2026-10-07,1925,N20,VIIRS,n,2.0NRT,288.76,0.52,N,VIIRS_NOAA20_NRT,1.7527777777777775,18,0.8401299804352971,-70.33280507131536,Persistent / Reduced
30.93752,74.69321,305.17,0.34,0.56,2026-10-07,2008,N21,VIIRS,n,2.0NRT,292.99,0.51,N,VIIRS_NOAA21_NRT,,0,,,New / No Local History
24.14065,82.70834,303.12,0.38,0.36,2026-10-07,2010,N21,VIIRS,n,2.0NRT,292.16,0.51,N,VIIRS_NOAA21_NRT,0.7566666666666667,3,0.06195853859835104,-32.59911894273128,Persistent / Stable
23.63358,75.14601,304.19,0.4,0.37,2026-10-07,2046,N,VIIRS,n,2.0NRT,292.29,0.51,N,VIIRS_SNPP_NRT,,0,,,New / No Local History
21.9856,83.36761,305.7,0.39,0.36,2026-10-07,2010,N21,VIIRS,n,2.0NRT,292.49,0.5,N,VIIRS_NOAA21_NRT,,0,,,New / No Local History
27.32708,95.27657,307.25,0.39,0.36,2026-10-07,1923,N20,VIIRS,n,2.0NRT,291.55,0.5,N,VIIRS_NOAA20_NRT,2.098095238095238,21,0.009706743887408978,-76.16886064457557,Persistent / Reduced
27.3247,95.27711,305.19,0.45,0.63,2026-10-07,2008,N21,VIIRS,n,2.0NRT,289.47,0.49,N,VIIRS_NOAA21_NRT,2.098095238095238,21,0.024790582295704335,-76.64548343168407,Persistent / Reduced
23.82363,86.29743,301.17,0.35,0.57,2026-10-07,2046,N,VIIRS,n,2.0NRT,287.88,0.49,N,VIIRS_SNPP_NRT,,0,,,New / No Local History
12.86772,79.88925,302.93,0.44,0.46,2026-10-07,2049,N,VIIRS,n,2.0NRT,286.65,0.49,N,VIIRS_SNPP_NRT,4.21125,8,1.213675454536156,-88.36449985158801,Persistent / Reduced
11.18486,79.099,296.67,0.58,0.7,2026-10-07,2110,N20,VIIRS,n,2.0NRT,271.77,0.44,N,VIIRS_NOAA20_NRT,1.2836363636363635,11,0.016612667787359734,-65.72237960339943,Persistent / Reduced
21.30017,76.10332,332.28,0.38,0.36,2026-10-07,818,N,VIIRS,l,2.0NRT,307.03,0.42,D,VIIRS_SNPP_NRT,,0,,,New / No Local History
10.61461,77.42186,301.73,0.42,0.37,2026-10-07,2014,N21,VIIRS,n,2.0NRT,281.29,0.37,N,VIIRS_NOAA21_NRT,0.8039999999999999,10,0.008761183275787185,-53.980099502487555,Persistent / Reduced
19.10499,73.05334,307.84,0.42,0.38,2026-10-07,2046,N,VIIRS,n,2.0NRT,294.39,0.36,N,VIIRS_SNPP_NRT,,0,,,New / No Local History
24.18336,82.64411,301.0,0.41,0.45,2026-10-07,2046,N,VIIRS,n,2.0NRT,290.3,0.33,N,VIIRS_SNPP_NRT,0.9633333333333334,6,0.011553705709495859,-65.7439446366782,Persistent / Reduced
20.77812,85.3381,303.76,0.35,0.57,2026-10-07,1925,N20,VIIRS,n,2.0NRT,291.3,0.32,N,VIIRS_NOAA20_NRT,,0,,,New / No Local History
16.64586,74.31256,305.89,0.39,0.36,2026-10-07,2049,N,VIIRS,n,2.0NRT,290.95,0.29,N,VIIRS_SNPP_NRT,1.16,3,0.04365746042954562,-75.0,Persistent / Reduced
16.64837,74.31261,306.01,0.39,0.36,2026-10-07,2049,N,VIIRS,n,2.0NRT,291.74,0.28,N,VIIRS_SNPP_NRT,1.16,3,0.03757157809369217,-75.86206896551724,Persistent / Reduced
15.13837,76.71203,295.15,0.34,0.56,2026-10-07,2108,N20,VIIRS,n,2.0NRT,272.61,0.25,N,VIIRS_NOAA20_NRT,0.852,10,0.03223039227005735,-70.65727699530517,Persistent / Reduced
