latitude,longitude,bright_ti4,scan,track,acq_date,acq_time,satellite,instrument,confidence,version,bright_ti5,frp,daynight,firms_source
13.76895,78.33397,332.77,0.48,0.4,2026-08-10,822,N20,VIIRS,n,2.0NRT,301.29,3.89,D,VIIRS_NOAA20_NRT
13.99193,79.82552,339.29,0.39,0.44,2026-08-10,822,N20,VIIRS,n,2.0NRT,297.06,5.74,D,VIIRS_NOAA20_NRT
14.14816,77.2318,341.68,0.43,0.38,2026-08-10,822,N20,VIIRS,n,2.0NRT,299.93,3.9,D,VIIRS_NOAA20_NRT
14.14929,77.23981,335.55,0.43,0.38,2026-08-10,822,N20,VIIRS,n,2.0NRT,300.64,4.95,D,VIIRS_NOAA20_NRT
14.14986,77.24381,345.82,0.43,0.38,2026-08-10,822,N20,VIIRS,n,2.0NRT,300.49,4.95,D,VIIRS_NOAA20_NRT
14.15165,77.23126,349.09,0.43,0.38,2026-08-10,822,N20,VIIRS,n,2.0NRT,299.95,3.9,D,VIIRS_NOAA20_NRT
14.15458,77.22675,337.66,0.43,0.38,2026-08-10,822,N20,VIIRS,n,2.0NRT,300.6,3.52,D,VIIRS_NOAA20_NRT
14.15537,79.64816,330.71,0.38,0.43,2026-08-10,822,N20,VIIRS,n,2.0NRT,299.53,2.06,D,VIIRS_NOAA20_NRT
14.21666,78.06795,339.0,0.47,0.4,2026-08-10,822,N20,VIIRS,n,2.0NRT,299.95,7.05,D,VIIRS_NOAA20_NRT
14.21716,78.06883,346.62,0.47,0.4,2026-08-10,822,N20,VIIRS,n,2.0NRT,299.61,10.0,D,VIIRS_NOAA20_NRT
14.24873,77.45737,338.59,0.44,0.39,2026-08-10,822,N20,VIIRS,n,2.0NRT,302.32,5.8,D,VIIRS_NOAA20_NRT
14.25112,77.44867,335.77,0.44,0.39,2026-08-10,822,N20,VIIRS,n,2.0NRT,302.1,4.59,D,VIIRS_NOAA20_NRT
14.25226,77.45686,332.16,0.44,0.39,2026-08-10,822,N20,VIIRS,n,2.0NRT,300.33,2.09,D,VIIRS_NOAA20_NRT
14.27824,77.43636,337.49,0.44,0.39,2026-08-10,822,N20,VIIRS,n,2.0NRT,302.37,4.45,D,VIIRS_NOAA20_NRT
14.2812,77.43176,346.66,0.44,0.39,2026-08-10,822,N20,VIIRS,n,2.0NRT,300.92,9.94,D,VIIRS_NOAA20_NRT
14.28178,77.43584,345.06,0.44,0.39,2026-08-10,822,N20,VIIRS,n,2.0NRT,302.88,4.45,D,VIIRS_NOAA20_NRT
14.28235,77.43993,346.08,0.44,0.39,2026-08-10,822,N20,VIIRS,n,2.0NRT,302.29,4.45,D,VIIRS_NOAA20_NRT
13.57614,77.34341,336.1,0.43,0.38,2026-08-10,822,N20,VIIRS,n,2.0NRT,301.8,4.29,D,VIIRS_NOAA20_NRT
14.28646,77.44348,338.54,0.44,0.39,2026-08-10,822,N20,VIIRS,n,2.0NRT,302.03,4.1,D,VIIRS_NOAA20_NRT
13.57464,77.34303,337.24,0.43,0.38,2026-08-10,822,N20,VIIRS,n,2.0NRT,301.7,4.53,D,VIIRS_NOAA20_NRT
13.43354,78.25616,333.66,0.47,0.4,2026-08-10,822,N20,VIIRS,n,2.0NRT,301.88,3.87,D,VIIRS_NOAA20_NRT
10.64331,79.07994,335.42,0.48,0.4,2026-08-10,822,N20,VIIRS,n,2.0NRT,303.35,5.48,D,VIIRS_NOAA20_NRT
10.72432,78.83788,339.84,0.47,0.4,2026-08-10,822,N20,VIIRS,n,2.0NRT,304.2,9.31,D,VIIRS_NOAA20_NRT
10.73855,78.73103,335.66,0.47,0.39,2026-08-10,822,N20,VIIRS,n,2.0NRT,302.84,1.7,D,VIIRS_NOAA20_NRT
10.73917,78.72775,332.28,0.47,0.4,2026-08-10,822,N20,VIIRS,n,2.0NRT,300.6,2.72,D,VIIRS_NOAA20_NRT
11.7135,77.73086,336.43,0.43,0.38,2026-08-10,822,N20,VIIRS,n,2.0NRT,301.54,6.6,D,VIIRS_NOAA20_NRT
11.86015,77.02831,338.33,0.41,0.37,2026-08-10,822,N20,VIIRS,n,2.0NRT,298.61,4.34,D,VIIRS_NOAA20_NRT
12.03508,77.07492,336.61,0.41,0.37,2026-08-10,822,N20,VIIRS,n,2.0NRT,300.23,3.05,D,VIIRS_NOAA20_NRT
12.27599,76.51857,335.51,0.4,0.37,2026-08-10,822,N20,VIIRS,n,2.0NRT,299.4,3.75,D,VIIRS_NOAA20_NRT
12.46242,78.27564,334.7,0.46,0.39,2026-08-10,822,N20,VIIRS,n,2.0NRT,299.94,2.77,D,VIIRS_NOAA20_NRT
12.55401,76.62975,330.41,0.4,0.37,2026-08-10,822,N20,VIIRS,n,2.0NRT,298.15,3.01,D,VIIRS_NOAA20_NRT
12.56628,76.95201,334.51,0.41,0.37,2026-08-10,822,N20,VIIRS,n,2.0NRT,299.9,5.57,D,VIIRS_NOAA20_NRT
12.60272,76.67905,332.22,0.4,0.37,2026-08-10,822,N20,VIIRS,n,2.0NRT,298.64,2.11,D,VIIRS_NOAA20_NRT
12.61552,77.65279,335.2,0.44,0.38,2026-08-10,822,N20,VIIRS,n,2.0NRT,299.09,3.03,D,VIIRS_NOAA20_NRT
12.86452,78.37373,333.13,0.47,0.4,2026-08-10,822,N20,VIIRS,n,2.0NRT,298.26,5.07,D,VIIRS_NOAA20_NRT
13.1379,79.62981,330.41,0.56,0.43,2026-08-10,822,N20,VIIRS,n,2.0NRT,298.81,3.1,D,VIIRS_NOAA20_NRT
13.21113,78.82519,335.3,0.5,0.41,2026-08-10,822,N20,VIIRS,n,2.0NRT,299.9,9.5,D,VIIRS_NOAA20_NRT
13.21487,78.82461,337.51,0.5,0.41,2026-08-10,822,N20,VIIRS,n,2.0NRT,302.15,9.5,D,VIIRS_NOAA20_NRT
13.49751,79.59806,334.53,0.56,0.43,2026-08-10,822,N20,VIIRS,n,2.0NRT,298.72,8.33,D,VIIRS_NOAA20_NRT
10.39875,79.41953,333.63,0.5,0.41,2026-08-10,822,N20,VIIRS,n,2.0NRT,298.99,3.65,D,VIIRS_NOAA20_NRT
14.28827,77.43073,336.0,0.44,0.39,2026-08-10,822,N20,VIIRS,n,2.0NRT,302.22,2.35,D,VIIRS_NOAA20_NRT
14.29591,77.43378,344.53,0.44,0.39,2026-08-10,822,N20,VIIRS,n,2.0NRT,299.26,6.74,D,VIIRS_NOAA20_NRT
14.78995,79.71188,339.35,0.39,0.44,2026-08-10,822,N20,VIIRS,n,2.0NRT,302.01,2.83,D,VIIRS_NOAA20_NRT
14.80234,79.93763,332.22,0.41,0.45,2026-08-10,822,N20,VIIRS,n,2.0NRT,299.74,3.3,D,VIIRS_NOAA20_NRT
14.84694,77.79433,337.54,0.47,0.39,2026-08-10,822,N20,VIIRS,n,2.0NRT,302.29,4.53,D,VIIRS_NOAA20_NRT
14.85055,77.79381,337.12,0.47,0.39,2026-08-10,822,N20,VIIRS,n,2.0NRT,300.49,4.53,D,VIIRS_NOAA20_NRT
14.88878,78.10177,338.18,0.48,0.4,2026-08-10,822,N20,VIIRS,n,2.0NRT,299.92,5.38,D,VIIRS_NOAA20_NRT
14.89306,78.10571,337.64,0.48,0.4,2026-08-10,822,N20,VIIRS,n,2.0NRT,299.29,5.38,D,VIIRS_NOAA20_NRT
14.97224,80.03103,336.77,0.41,0.45,2026-08-10,822,N20,VIIRS,n,2.0NRT,302.99,3.6,D,VIIRS_NOAA20_NRT
14.97743,79.43329,333.0,0.57,0.43,2026-08-10,822,N20,VIIRS,n,2.0NRT,301.7,2.72,D,VIIRS_NOAA20_NRT
15.09287,79.96823,339.81,0.41,0.45,2026-08-10,822,N20,VIIRS,n,2.0NRT,298.75,5.68,D,VIIRS_NOAA20_NRT
15.19627,76.08163,337.68,0.4,0.37,2026-08-10,822,N20,VIIRS,n,2.0NRT,297.28,2.54,D,VIIRS_NOAA20_NRT
15.31296,79.78638,342.14,0.4,0.45,2026-08-10,822,N20,VIIRS,n,2.0NRT,301.59,4.74,D,VIIRS_NOAA20_NRT
15.31365,79.78667,341.47,0.4,0.45,2026-08-10,822,N20,VIIRS,n,2.0NRT,301.37,5.44,D,VIIRS_NOAA20_NRT
15.41795,78.95978,331.92,0.54,0.42,2026-08-10,822,N20,VIIRS,n,2.0NRT,296.91,1.99,D,VIIRS_NOAA20_NRT
15.49235,79.8241,332.11,0.41,0.45,2026-08-10,822,N20,VIIRS,n,2.0NRT,300.36,0.97,D,VIIRS_NOAA20_NRT
15.5248,79.9765,351.78,0.42,0.45,2026-08-10,822,N20,VIIRS,n,2.0NRT,305.19,17.07,D,VIIRS_NOAA20_NRT
15.55135,76.48229,335.96,0.42,0.38,2026-08-10,822,N20,VIIRS,n,2.0NRT,301.98,1.88,D,VIIRS_NOAA20_NRT
15.55479,76.48177,339.78,0.42,0.38,2026-08-10,822,N20,VIIRS,n,2.0NRT,302.44,1.88,D,VIIRS_NOAA20_NRT
14.78591,79.71244,343.58,0.39,0.44,2026-08-10,822,N20,VIIRS,n,2.0NRT,300.97,2.83,D,VIIRS_NOAA20_NRT
14.28884,77.43481,350.18,0.44,0.39,2026-08-10,822,N20,VIIRS,n,2.0NRT,302.16,19.66,D,VIIRS_NOAA20_NRT
14.78524,77.37289,336.64,0.45,0.39,2026-08-10,822,N20,VIIRS,n,2.0NRT,299.47,2.63,D,VIIRS_NOAA20_NRT
14.71122,79.80875,330.02,0.4,0.44,2026-08-10,822,N20,VIIRS,n,2.0NRT,297.68,2.02,D,VIIRS_NOAA20_NRT
14.29648,77.43787,355.99,0.44,0.39,2026-08-10,822,N20,VIIRS,l,2.0NRT,301.71,6.74,D,VIIRS_NOAA20_NRT
14.29706,77.44194,340.53,0.44,0.39,2026-08-10,822,N20,VIIRS,n,2.0NRT,300.04,4.38,D,VIIRS_NOAA20_NRT
14.30181,77.42458,341.63,0.44,0.39,2026-08-10,822,N20,VIIRS,n,2.0NRT,301.31,3.63,D,VIIRS_NOAA20_NRT
14.30239,77.42867,343.69,0.44,0.39,2026-08-10,822,N20,VIIRS,n,2.0NRT,301.21,3.63,D,VIIRS_NOAA20_NRT
14.30297,77.43273,356.07,0.44,0.39,2026-08-10,822,N20,VIIRS,l,2.0NRT,301.55,24.5,D,VIIRS_NOAA20_NRT
14.30413,77.44093,340.38,0.44,0.39,2026-08-10,822,N20,VIIRS,n,2.0NRT,301.71,6.22,D,VIIRS_NOAA20_NRT
14.30471,77.44501,338.9,0.44,0.39,2026-08-10,822,N20,VIIRS,n,2.0NRT,302.53,6.22,D,VIIRS_NOAA20_NRT
14.30592,77.42816,341.86,0.44,0.39,2026-08-10,822,N20,VIIRS,n,2.0NRT,301.54,8.45,D,VIIRS_NOAA20_NRT
14.30825,77.44452,337.17,0.44,0.39,2026-08-10,822,N20,VIIRS,n,2.0NRT,303.21,4.87,D,VIIRS_NOAA20_NRT
14.31178,77.44402,343.64,0.44,0.39,2026-08-10,822,N20,VIIRS,n,2.0NRT,302.15,4.87,D,VIIRS_NOAA20_NRT
14.31236,77.44811,338.01,0.44,0.39,2026-08-10,822,N20,VIIRS,n,2.0NRT,302.26,5.85,D,VIIRS_NOAA20_NRT
14.32301,77.42155,337.25,0.44,0.39,2026-08-10,822,N20,VIIRS,n,2.0NRT,298.3,4.54,D,VIIRS_NOAA20_NRT
14.33125,77.40359,345.33,0.44,0.39,2026-08-10,822,N20,VIIRS,n,2.0NRT,301.16,5.09,D,VIIRS_NOAA20_NRT
14.33184,77.40768,355.06,0.44,0.39,2026-08-10,822,N20,VIIRS,n,2.0NRT,297.33,5.09,D,VIIRS_NOAA20_NRT
14.55706,77.39198,338.34,0.44,0.39,2026-08-10,822,N20,VIIRS,n,2.0NRT,290.59,8.6,D,VIIRS_NOAA20_NRT
14.55707,77.39243,337.62,0.44,0.39,2026-08-10,822,N20,VIIRS,n,2.0NRT,288.66,9.38,D,VIIRS_NOAA20_NRT
14.66078,77.3604,331.89,0.44,0.39,2026-08-10,822,N20,VIIRS,n,2.0NRT,297.28,1.97,D,VIIRS_NOAA20_NRT
14.78169,77.37339,336.48,0.45,0.39,2026-08-10,822,N20,VIIRS,n,2.0NRT,300.28,2.63,D,VIIRS_NOAA20_NRT
15.56125,76.03621,343.31,0.41,0.37,2026-08-10,822,N20,VIIRS,n,2.0NRT,295.74,7.6,D,VIIRS_NOAA20_NRT
10.14497,78.85644,331.26,0.47,0.39,2026-08-10,822,N20,VIIRS,n,2.0NRT,297.26,1.3,D,VIIRS_NOAA20_NRT
10.00979,78.03833,335.25,0.43,0.38,2026-08-10,822,N20,VIIRS,n,2.0NRT,303.46,3.88,D,VIIRS_NOAA20_NRT
27.77472,95.5388,330.86,0.39,0.36,2026-08-10,644,N20,VIIRS,l,2.0NRT,303.25,1.82,D,VIIRS_NOAA20_NRT
10.05825,77.90831,331.1,0.42,0.38,2026-08-10,822,N20,VIIRS,n,2.0NRT,300.13,3.81,D,VIIRS_NOAA20_NRT
9.11584,77.54512,347.39,0.41,0.37,2026-08-10,820,N20,VIIRS,n,2.0NRT,302.51,3.17,D,VIIRS_NOAA20_NRT
9.21488,78.68938,335.6,0.45,0.39,2026-08-10,820,N20,VIIRS,n,2.0NRT,300.89,3.08,D,VIIRS_NOAA20_NRT
9.21539,78.68924,335.67,0.45,0.39,2026-08-10,820,N20,VIIRS,n,2.0NRT,300.93,3.01,D,VIIRS_NOAA20_NRT
9.21721,77.95048,338.78,0.42,0.38,2026-08-10,820,N20,VIIRS,n,2.0NRT,303.7,10.42,D,VIIRS_NOAA20_NRT
9.24181,77.61673,341.53,0.41,0.37,2026-08-10,820,N20,VIIRS,n,2.0NRT,308.24,12.57,D,VIIRS_NOAA20_NRT
9.45328,77.62675,344.8,0.41,0.37,2026-08-10,820,N20,VIIRS,n,2.0NRT,304.54,8.88,D,VIIRS_NOAA20_NRT
9.5336,78.52003,333.08,0.44,0.39,2026-08-10,820,N20,VIIRS,l,2.0NRT,303.36,2.23,D,VIIRS_NOAA20_NRT
9.63104,77.74139,341.86,0.42,0.37,2026-08-10,820,N20,VIIRS,n,2.0NRT,307.31,11.65,D,VIIRS_NOAA20_NRT
9.67609,77.4088,347.17,0.41,0.37,2026-08-10,820,N20,VIIRS,n,2.0NRT,300.87,23.88,D,VIIRS_NOAA20_NRT
9.94512,78.71644,337.78,0.46,0.39,2026-08-10,820,N20,VIIRS,n,2.0NRT,300.32,4.88,D,VIIRS_NOAA20_NRT
10.00575,78.03493,346.98,0.43,0.38,2026-08-10,820,N20,VIIRS,n,2.0NRT,296.12,5.99,D,VIIRS_NOAA20_NRT
9.98345,77.63867,339.66,0.42,0.37,2026-08-10,822,N20,VIIRS,n,2.0NRT,303.11,6.1,D,VIIRS_NOAA20_NRT
9.11244,77.54563,339.22,0.41,0.37,2026-08-10,820,N20,VIIRS,n,2.0NRT,304.4,3.17,D,VIIRS_NOAA20_NRT
9.00506,77.7899,342.06,0.41,0.37,2026-08-10,820,N20,VIIRS,n,2.0NRT,306.95,6.79,D,VIIRS_NOAA20_NRT
8.66362,77.87156,336.94,0.41,0.37,2026-08-10,820,N20,VIIRS,n,2.0NRT,302.95,3.14,D,VIIRS_NOAA20_NRT
8.66383,77.87165,338.08,0.41,0.37,2026-08-10,820,N20,VIIRS,n,2.0NRT,303.43,5.11,D,VIIRS_NOAA20_NRT
8.73037,77.89612,340.37,0.41,0.37,2026-08-10,820,N20,VIIRS,n,2.0NRT,305.82,6.32,D,VIIRS_NOAA20_NRT
15.56179,76.03996,338.87,0.41,0.37,2026-08-10,822,N20,VIIRS,n,2.0NRT,296.91,2.83,D,VIIRS_NOAA20_NRT
15.56572,76.0432,336.78,0.41,0.37,2026-08-10,822,N20,VIIRS,n,2.0NRT,297.11,2.83,D,VIIRS_NOAA20_NRT
29.45847,76.86858,313.9,0.41,0.37,2026-08-10,2049,N20,VIIRS,n,2.0NRT,267.15,0.54,N,VIIRS_NOAA20_NRT
29.45921,76.86439,300.55,0.41,0.37,2026-08-10,2049,N20,VIIRS,n,2.0NRT,268.56,0.79,N,VIIRS_NOAA20_NRT
20.97868,85.13556,296.34,0.57,0.69,2026-08-10,2051,N20,VIIRS,n,2.0NRT,276.83,1.86,N,VIIRS_NOAA20_NRT
20.97995,85.1302,299.23,0.57,0.69,2026-08-10,2051,N20,VIIRS,n,2.0NRT,278.59,1.86,N,VIIRS_NOAA20_NRT
20.98315,85.13412,299.79,0.57,0.69,2026-08-10,2051,N20,VIIRS,n,2.0NRT,280.63,2.38,N,VIIRS_NOAA20_NRT
20.98444,85.12879,297.34,0.57,0.69,2026-08-10,2051,N20,VIIRS,n,2.0NRT,281.47,2.38,N,VIIRS_NOAA20_NRT
20.98612,85.1319,299.74,0.57,0.69,2026-08-10,2051,N20,VIIRS,n,2.0NRT,281.12,1.86,N,VIIRS_NOAA20_NRT
21.5029,81.81057,298.76,0.34,0.56,2026-08-10,2051,N20,VIIRS,n,2.0NRT,283.39,1.31,N,VIIRS_NOAA20_NRT
22.78837,86.20921,301.4,0.61,0.71,2026-08-10,2051,N20,VIIRS,n,2.0NRT,280.65,3.81,N,VIIRS_NOAA20_NRT
22.79116,86.1979,302.84,0.6,0.71,2026-08-10,2051,N20,VIIRS,n,2.0NRT,282.17,3.11,N,VIIRS_NOAA20_NRT
22.87393,86.06034,307.16,0.59,0.7,2026-08-10,2051,N20,VIIRS,n,2.0NRT,283.18,1.92,N,VIIRS_NOAA20_NRT
23.79861,86.34744,300.65,0.52,0.67,2026-08-10,1913,N20,VIIRS,n,2.0NRT,280.85,3.95,N,VIIRS_NOAA20_NRT
23.68155,86.0921,312.29,0.54,0.68,2026-08-10,1913,N20,VIIRS,n,2.0NRT,281.33,6.51,N,VIIRS_NOAA20_NRT
26.77439,94.50468,308.83,0.53,0.42,2026-08-10,1910,N20,VIIRS,n,2.0NRT,291.14,4.17,N,VIIRS_NOAA20_NRT
27.37869,95.33251,325.7,0.49,0.4,2026-08-10,1910,N20,VIIRS,n,2.0NRT,291.86,5.95,N,VIIRS_NOAA20_NRT
27.3791,95.08576,306.78,0.51,0.41,2026-08-10,1910,N20,VIIRS,n,2.0NRT,291.63,1.88,N,VIIRS_NOAA20_NRT
27.53482,95.39982,308.55,0.49,0.4,2026-08-10,1910,N20,VIIRS,n,2.0NRT,288.82,3.01,N,VIIRS_NOAA20_NRT
22.78907,86.20575,298.88,0.52,0.67,2026-08-10,1913,N20,VIIRS,n,2.0NRT,275.5,2.02,N,VIIRS_NOAA20_NRT
22.87483,86.0607,309.68,0.53,0.67,2026-08-10,1913,N20,VIIRS,n,2.0NRT,284.0,3.49,N,VIIRS_NOAA20_NRT
23.61393,86.78837,302.67,0.49,0.65,2026-08-10,1913,N20,VIIRS,n,2.0NRT,275.77,0.51,N,VIIRS_NOAA20_NRT
23.61654,86.78923,302.22,0.49,0.65,2026-08-10,1913,N20,VIIRS,n,2.0NRT,278.45,0.91,N,VIIRS_NOAA20_NRT
23.64957,85.43659,321.91,0.59,0.7,2026-08-10,1913,N20,VIIRS,n,2.0NRT,284.33,4.84,N,VIIRS_NOAA20_NRT
23.64963,85.43684,324.65,0.59,0.7,2026-08-10,1913,N20,VIIRS,n,2.0NRT,284.4,4.89,N,VIIRS_NOAA20_NRT
23.66453,87.15629,299.42,0.46,0.64,2026-08-10,1913,N20,VIIRS,n,2.0NRT,272.79,1.47,N,VIIRS_NOAA20_NRT
23.75644,85.85308,307.01,0.56,0.69,2026-08-10,1913,N20,VIIRS,n,2.0NRT,284.91,1.58,N,VIIRS_NOAA20_NRT
23.64582,85.43847,305.49,0.52,0.67,2026-08-10,2051,N20,VIIRS,n,2.0NRT,285.98,1.62,N,VIIRS_NOAA20_NRT
23.64775,85.43591,313.62,0.52,0.67,2026-08-10,2051,N20,VIIRS,n,2.0NRT,285.97,3.12,N,VIIRS_NOAA20_NRT
23.80698,86.32746,310.28,0.58,0.7,2026-08-10,2051,N20,VIIRS,n,2.0NRT,286.58,2.84,N,VIIRS_NOAA20_NRT
24.76402,74.60906,296.61,0.39,0.36,2026-08-10,2051,N20,VIIRS,n,2.0NRT,266.14,0.26,N,VIIRS_NOAA20_NRT
26.25819,74.0951,303.12,0.38,0.36,2026-08-10,2051,N20,VIIRS,n,2.0NRT,279.57,0.52,N,VIIRS_NOAA20_NRT
26.64114,79.47723,312.55,0.39,0.44,2026-08-10,2051,N20,VIIRS,n,2.0NRT,279.47,1.43,N,VIIRS_NOAA20_NRT
18.85651,72.9276,318.01,0.39,0.36,2026-08-10,2053,N20,VIIRS,n,2.0NRT,291.75,3.46,N,VIIRS_NOAA20_NRT
8.61649,77.94954,307.5,0.33,0.55,2026-08-10,2055,N20,VIIRS,n,2.0NRT,290.66,2.86,N,VIIRS_NOAA20_NRT
9.28053,77.3913,310.02,0.59,0.53,2026-08-10,2055,N20,VIIRS,n,2.0NRT,289.07,0.93,N,VIIRS_NOAA20_NRT
9.29199,77.49243,307.91,0.6,0.53,2026-08-10,2055,N20,VIIRS,n,2.0NRT,288.83,1.1,N,VIIRS_NOAA20_NRT
9.52623,77.45048,305.38,0.59,0.53,2026-08-10,2055,N20,VIIRS,n,2.0NRT,289.57,1.66,N,VIIRS_NOAA20_NRT
9.52703,77.44603,308.2,0.59,0.53,2026-08-10,2055,N20,VIIRS,n,2.0NRT,289.82,1.66,N,VIIRS_NOAA20_NRT
9.53123,77.45007,347.58,0.59,0.53,2026-08-10,2055,N20,VIIRS,n,2.0NRT,291.65,10.75,N,VIIRS_NOAA20_NRT
9.53198,77.44591,338.6,0.59,0.53,2026-08-10,2055,N20,VIIRS,n,2.0NRT,290.4,10.75,N,VIIRS_NOAA20_NRT
9.70288,77.59147,311.67,0.6,0.53,2026-08-10,2055,N20,VIIRS,n,2.0NRT,287.62,3.19,N,VIIRS_NOAA20_NRT
9.70375,77.58665,313.21,0.6,0.53,2026-08-10,2055,N20,VIIRS,n,2.0NRT,288.09,3.65,N,VIIRS_NOAA20_NRT
9.76019,77.70898,302.96,0.6,0.53,2026-08-10,2055,N20,VIIRS,n,2.0NRT,281.93,0.97,N,VIIRS_NOAA20_NRT
23.79513,86.34801,306.53,0.59,0.7,2026-08-10,2051,N20,VIIRS,n,2.0NRT,286.56,1.53,N,VIIRS_NOAA20_NRT
23.64651,85.44092,299.89,0.52,0.67,2026-08-10,2051,N20,VIIRS,n,2.0NRT,285.48,2.44,N,VIIRS_NOAA20_NRT
23.79377,86.35343,305.95,0.59,0.7,2026-08-10,2051,N20,VIIRS,n,2.0NRT,286.45,1.53,N,VIIRS_NOAA20_NRT
23.78405,86.33894,308.11,0.59,0.7,2026-08-10,2051,N20,VIIRS,n,2.0NRT,286.23,1.69,N,VIIRS_NOAA20_NRT
23.65179,85.44008,303.94,0.52,0.67,2026-08-10,2051,N20,VIIRS,n,2.0NRT,285.59,1.75,N,VIIRS_NOAA20_NRT
23.66668,86.09091,303.34,0.57,0.69,2026-08-10,2051,N20,VIIRS,n,2.0NRT,282.28,1.72,N,VIIRS_NOAA20_NRT
23.67991,86.39603,309.85,0.59,0.7,2026-08-10,2051,N20,VIIRS,n,2.0NRT,285.26,1.76,N,VIIRS_NOAA20_NRT
23.68129,86.39057,306.83,0.59,0.7,2026-08-10,2051,N20,VIIRS,n,2.0NRT,284.28,1.76,N,VIIRS_NOAA20_NRT
23.68758,86.39223,307.96,0.59,0.7,2026-08-10,2051,N20,VIIRS,n,2.0NRT,284.39,1.76,N,VIIRS_NOAA20_NRT
23.69436,85.36815,313.48,0.51,0.66,2026-08-10,2051,N20,VIIRS,n,2.0NRT,285.85,2.07,N,VIIRS_NOAA20_NRT
23.69555,85.37071,315.69,0.51,0.66,2026-08-10,2051,N20,VIIRS,n,2.0NRT,285.82,1.99,N,VIIRS_NOAA20_NRT
23.69679,85.28837,305.54,0.51,0.66,2026-08-10,2051,N20,VIIRS,n,2.0NRT,285.43,1.24,N,VIIRS_NOAA20_NRT
23.69786,86.07152,301.54,0.57,0.69,2026-08-10,2051,N20,VIIRS,n,2.0NRT,283.28,0.89,N,VIIRS_NOAA20_NRT
23.70771,86.44617,305.44,0.6,0.7,2026-08-10,2051,N20,VIIRS,n,2.0NRT,285.45,1.86,N,VIIRS_NOAA20_NRT
23.714,86.44791,310.79,0.6,0.7,2026-08-10,2051,N20,VIIRS,n,2.0NRT,285.56,1.86,N,VIIRS_NOAA20_NRT
23.73844,86.43079,311.63,0.6,0.7,2026-08-10,2051,N20,VIIRS,n,2.0NRT,285.34,3.82,N,VIIRS_NOAA20_NRT
23.73986,86.43388,312.4,0.59,0.7,2026-08-10,2051,N20,VIIRS,n,2.0NRT,285.6,2.78,N,VIIRS_NOAA20_NRT
23.76097,86.40368,303.25,0.59,0.7,2026-08-10,2051,N20,VIIRS,n,2.0NRT,285.83,1.93,N,VIIRS_NOAA20_NRT
23.76558,86.40242,313.51,0.59,0.7,2026-08-10,2051,N20,VIIRS,n,2.0NRT,286.18,3.01,N,VIIRS_NOAA20_NRT
23.76862,86.4,304.07,0.59,0.7,2026-08-10,2051,N20,VIIRS,n,2.0NRT,286.21,1.93,N,VIIRS_NOAA20_NRT
23.78147,85.5724,303.08,0.53,0.67,2026-08-10,2051,N20,VIIRS,n,2.0NRT,286.09,1.54,N,VIIRS_NOAA20_NRT
23.78639,85.55227,305.35,0.52,0.67,2026-08-10,2051,N20,VIIRS,n,2.0NRT,285.84,1.12,N,VIIRS_NOAA20_NRT
15.56518,76.03944,336.13,0.41,0.37,2026-08-10,822,N20,VIIRS,n,2.0NRT,297.8,2.83,D,VIIRS_NOAA20_NRT
15.60812,79.18585,330.25,0.56,0.43,2026-08-10,822,N20,VIIRS,n,2.0NRT,293.02,3.6,D,VIIRS_NOAA20_NRT
15.61103,79.78051,334.72,0.41,0.45,2026-08-10,822,N20,VIIRS,n,2.0NRT,300.47,1.71,D,VIIRS_NOAA20_NRT
15.66667,80.24131,343.19,0.44,0.46,2026-08-10,822,N20,VIIRS,n,2.0NRT,299.95,4.66,D,VIIRS_NOAA20_NRT
15.67091,80.24074,343.53,0.44,0.46,2026-08-10,822,N20,VIIRS,n,2.0NRT,299.35,4.66,D,VIIRS_NOAA20_NRT
15.73907,76.86617,338.1,0.43,0.38,2026-08-10,822,N20,VIIRS,n,2.0NRT,301.37,3.0,D,VIIRS_NOAA20_NRT
15.7542,79.77182,338.71,0.41,0.45,2026-08-10,822,N20,VIIRS,n,2.0NRT,299.5,2.03,D,VIIRS_NOAA20_NRT
15.75735,79.76363,336.35,0.41,0.45,2026-08-10,822,N20,VIIRS,n,2.0NRT,301.69,3.92,D,VIIRS_NOAA20_NRT
15.75783,79.76744,335.57,0.41,0.45,2026-08-10,822,N20,VIIRS,n,2.0NRT,300.93,3.92,D,VIIRS_NOAA20_NRT
15.81728,79.80627,336.88,0.41,0.45,2026-08-10,822,N20,VIIRS,n,2.0NRT,299.11,4.29,D,VIIRS_NOAA20_NRT
15.86669,79.77642,335.2,0.41,0.45,2026-08-10,822,N20,VIIRS,n,2.0NRT,297.79,4.62,D,VIIRS_NOAA20_NRT
16.05512,78.06351,330.08,0.49,0.41,2026-08-10,822,N20,VIIRS,n,2.0NRT,299.9,3.88,D,VIIRS_NOAA20_NRT
16.60608,75.57046,330.0,0.4,0.37,2026-08-10,822,N20,VIIRS,n,2.0NRT,298.43,1.41,D,VIIRS_NOAA20_NRT
16.62461,80.19436,331.67,0.45,0.47,2026-08-10,822,N20,VIIRS,n,2.0NRT,288.03,3.93,D,VIIRS_NOAA20_NRT
22.37571,87.28049,331.03,0.42,0.61,2026-08-10,644,N20,VIIRS,n,2.0NRT,288.67,6.12,D,VIIRS_NOAA20_NRT
22.78977,86.20351,316.04,0.61,0.71,2026-08-10,2051,N20,VIIRS,n,2.0NRT,281.73,3.11,N,VIIRS_NOAA20_NRT
26.77069,94.50476,307.0,0.53,0.5,2026-08-10,1955,N21,VIIRS,n,2.0NRT,289.58,2.48,N,VIIRS_NOAA21_NRT
22.36717,87.30176,344.08,0.41,0.37,2026-08-10,729,N21,VIIRS,n,2.0NRT,299.82,5.21,D,VIIRS_NOAA21_NRT
22.37055,87.3012,334.26,0.41,0.37,2026-08-10,729,N21,VIIRS,n,2.0NRT,293.45,5.21,D,VIIRS_NOAA21_NRT
22.3779,87.28001,343.35,0.41,0.37,2026-08-10,729,N21,VIIRS,n,2.0NRT,298.33,9.22,D,VIIRS_NOAA21_NRT
26.15964,93.67596,331.4,0.33,0.55,2026-08-10,729,N21,VIIRS,n,2.0NRT,289.89,1.76,D,VIIRS_NOAA21_NRT
23.56004,87.2403,333.02,0.41,0.37,2026-08-10,731,N21,VIIRS,n,2.0NRT,294.92,4.1,D,VIIRS_NOAA21_NRT
23.64777,85.43678,334.76,0.38,0.36,2026-08-10,731,N21,VIIRS,n,2.0NRT,297.63,4.68,D,VIIRS_NOAA21_NRT
23.64833,85.44051,343.27,0.38,0.36,2026-08-10,731,N21,VIIRS,n,2.0NRT,298.22,7.15,D,VIIRS_NOAA21_NRT
23.68788,87.12254,331.36,0.41,0.37,2026-08-10,731,N21,VIIRS,n,2.0NRT,296.22,5.25,D,VIIRS_NOAA21_NRT
23.69127,87.12198,331.33,0.41,0.37,2026-08-10,731,N21,VIIRS,n,2.0NRT,297.12,8.44,D,VIIRS_NOAA21_NRT
23.7799,86.21191,337.8,0.39,0.36,2026-08-10,731,N21,VIIRS,n,2.0NRT,296.55,6.15,D,VIIRS_NOAA21_NRT
27.37786,95.08848,306.89,0.55,0.51,2026-08-10,1955,N21,VIIRS,n,2.0NRT,289.84,4.96,N,VIIRS_NOAA21_NRT
17.9557,80.79392,304.46,0.48,0.4,2026-08-10,1957,N21,VIIRS,n,2.0NRT,277.39,1.63,N,VIIRS_NOAA21_NRT
18.68258,73.03286,308.24,0.51,0.66,2026-08-10,1957,N21,VIIRS,n,2.0NRT,288.29,3.46,N,VIIRS_NOAA21_NRT
23.66297,87.15327,317.13,0.39,0.37,2026-08-10,1957,N21,VIIRS,n,2.0NRT,284.28,1.7,N,VIIRS_NOAA21_NRT
23.67598,85.32647,305.81,0.39,0.36,2026-08-10,1957,N21,VIIRS,n,2.0NRT,290.95,1.51,N,VIIRS_NOAA21_NRT
23.68402,85.36255,313.13,0.39,0.36,2026-08-10,1957,N21,VIIRS,n,2.0NRT,291.28,2.1,N,VIIRS_NOAA21_NRT
23.68856,87.12273,315.81,0.39,0.36,2026-08-10,1957,N21,VIIRS,n,2.0NRT,289.44,2.97,N,VIIRS_NOAA21_NRT
23.689,87.09917,309.6,0.39,0.36,2026-08-10,1957,N21,VIIRS,n,2.0NRT,292.0,2.93,N,VIIRS_NOAA21_NRT
23.69488,85.29129,312.52,0.39,0.36,2026-08-10,1957,N21,VIIRS,n,2.0NRT,291.08,2.07,N,VIIRS_NOAA21_NRT
23.69545,85.28754,306.04,0.39,0.36,2026-08-10,1957,N21,VIIRS,n,2.0NRT,291.11,1.72,N,VIIRS_NOAA21_NRT
23.69605,85.37241,308.21,0.39,0.36,2026-08-10,1957,N21,VIIRS,n,2.0NRT,290.89,1.38,N,VIIRS_NOAA21_NRT
23.69662,85.36866,314.3,0.39,0.36,2026-08-10,1957,N21,VIIRS,n,2.0NRT,291.2,1.38,N,VIIRS_NOAA21_NRT
23.74367,85.50733,308.54,0.39,0.36,2026-08-10,1957,N21,VIIRS,n,2.0NRT,291.59,1.38,N,VIIRS_NOAA21_NRT
23.75513,85.85488,315.51,0.38,0.36,2026-08-10,1957,N21,VIIRS,n,2.0NRT,292.88,1.86,N,VIIRS_NOAA21_NRT
23.75571,85.85116,314.74,0.38,0.36,2026-08-10,1957,N21,VIIRS,n,2.0NRT,292.91,2.85,N,VIIRS_NOAA21_NRT
23.75841,85.85548,309.14,0.38,0.36,2026-08-10,1957,N21,VIIRS,n,2.0NRT,292.7,1.86,N,VIIRS_NOAA21_NRT
23.78053,85.57547,312.69,0.38,0.36,2026-08-10,1957,N21,VIIRS,n,2.0NRT,292.95,2.02,N,VIIRS_NOAA21_NRT
23.78168,85.56799,320.3,0.38,0.36,2026-08-10,1957,N21,VIIRS,n,2.0NRT,291.97,2.96,N,VIIRS_NOAA21_NRT
23.66234,87.1571,306.06,0.39,0.37,2026-08-10,1957,N21,VIIRS,n,2.0NRT,286.36,1.7,N,VIIRS_NOAA21_NRT
22.3638,87.30231,337.75,0.41,0.37,2026-08-10,729,N21,VIIRS,n,2.0NRT,298.68,7.16,D,VIIRS_NOAA21_NRT
23.65509,85.50732,309.62,0.38,0.36,2026-08-10,1957,N21,VIIRS,n,2.0NRT,291.51,1.55,N,VIIRS_NOAA21_NRT
23.64838,85.44078,323.99,0.39,0.36,2026-08-10,1957,N21,VIIRS,n,2.0NRT,291.58,2.52,N,VIIRS_NOAA21_NRT
22.20884,84.86089,301.49,0.39,0.36,2026-08-10,1957,N21,VIIRS,n,2.0NRT,276.5,0.88,N,VIIRS_NOAA21_NRT
22.21157,84.86518,304.41,0.39,0.36,2026-08-10,1957,N21,VIIRS,n,2.0NRT,281.65,1.61,N,VIIRS_NOAA21_NRT
22.21166,84.84229,305.07,0.39,0.36,2026-08-10,1957,N21,VIIRS,n,2.0NRT,273.71,1.0,N,VIIRS_NOAA21_NRT
22.36104,87.01694,305.68,0.4,0.37,2026-08-10,1957,N21,VIIRS,n,2.0NRT,278.32,0.83,N,VIIRS_NOAA21_NRT
22.36437,87.01758,303.06,0.4,0.37,2026-08-10,1957,N21,VIIRS,n,2.0NRT,281.37,0.83,N,VIIRS_NOAA21_NRT
22.7915,86.19377,306.76,0.39,0.36,2026-08-10,1957,N21,VIIRS,n,2.0NRT,282.36,1.67,N,VIIRS_NOAA21_NRT
22.808,86.08971,306.19,0.39,0.36,2026-08-10,1957,N21,VIIRS,n,2.0NRT,288.87,1.88,N,VIIRS_NOAA21_NRT
22.81188,86.0866,306.38,0.39,0.36,2026-08-10,1957,N21,VIIRS,n,2.0NRT,289.18,2.12,N,VIIRS_NOAA21_NRT
22.87397,86.06298,316.62,0.38,0.36,2026-08-10,1957,N21,VIIRS,n,2.0NRT,290.39,2.25,N,VIIRS_NOAA21_NRT
23.55993,87.24093,308.91,0.4,0.37,2026-08-10,1957,N21,VIIRS,n,2.0NRT,277.86,1.76,N,VIIRS_NOAA21_NRT
23.56183,87.22941,328.04,0.4,0.37,2026-08-10,1957,N21,VIIRS,n,2.0NRT,277.46,4.05,N,VIIRS_NOAA21_NRT
23.60892,85.67542,308.2,0.38,0.36,2026-08-10,1957,N21,VIIRS,n,2.0NRT,291.09,1.35,N,VIIRS_NOAA21_NRT
23.61301,86.79169,310.86,0.39,0.36,2026-08-10,1957,N21,VIIRS,n,2.0NRT,291.44,1.77,N,VIIRS_NOAA21_NRT
23.61509,85.65737,306.21,0.38,0.36,2026-08-10,1957,N21,VIIRS,n,2.0NRT,291.57,1.26,N,VIIRS_NOAA21_NRT
23.64509,85.44019,324.91,0.39,0.36,2026-08-10,1957,N21,VIIRS,n,2.0NRT,291.35,3.01,N,VIIRS_NOAA21_NRT
23.64895,85.43704,325.78,0.39,0.36,2026-08-10,1957,N21,VIIRS,n,2.0NRT,292.0,2.52,N,VIIRS_NOAA21_NRT
22.35876,87.29115,334.21,0.41,0.37,2026-08-10,729,N21,VIIRS,n,2.0NRT,297.02,5.9,D,VIIRS_NOAA21_NRT
22.24657,87.38881,333.61,0.41,0.37,2026-08-10,729,N21,VIIRS,n,2.0NRT,296.51,3.99,D,VIIRS_NOAA21_NRT
20.865,84.98891,340.15,0.39,0.36,2026-08-10,729,N21,VIIRS,n,2.0NRT,293.77,7.15,D,VIIRS_NOAA21_NRT
9.20456,78.36428,330.95,0.44,0.62,2026-08-10,726,N21,VIIRS,n,2.0NRT,293.21,3.77,D,VIIRS_NOAA21_NRT
9.31451,78.04694,330.23,0.46,0.64,2026-08-10,726,N21,VIIRS,n,2.0NRT,293.63,3.82,D,VIIRS_NOAA21_NRT
9.33854,78.72203,333.44,0.41,0.61,2026-08-10,726,N21,VIIRS,n,2.0NRT,294.26,2.84,D,VIIRS_NOAA21_NRT
9.51796,78.82596,331.44,0.4,0.6,2026-08-10,726,N21,VIIRS,n,2.0NRT,291.8,1.86,D,VIIRS_NOAA21_NRT
9.72778,77.59988,338.48,0.49,0.65,2026-08-10,726,N21,VIIRS,n,2.0NRT,292.15,4.03,D,VIIRS_NOAA21_NRT
23.78728,85.55363,319.06,0.38,0.36,2026-08-10,1957,N21,VIIRS,n,2.0NRT,292.16,1.93,N,VIIRS_NOAA21_NRT
9.76248,78.33206,331.55,0.43,0.62,2026-08-10,726,N21,VIIRS,n,2.0NRT,294.26,3.31,D,VIIRS_NOAA21_NRT
9.87769,77.43696,337.35,0.5,0.66,2026-08-10,726,N21,VIIRS,n,2.0NRT,292.2,5.76,D,VIIRS_NOAA21_NRT
14.91595,79.59067,330.0,0.57,0.52,2026-08-10,729,N21,VIIRS,n,2.0NRT,299.92,3.53,D,VIIRS_NOAA21_NRT
15.10113,79.99052,336.63,0.53,0.5,2026-08-10,729,N21,VIIRS,n,2.0NRT,297.38,4.22,D,VIIRS_NOAA21_NRT
15.24499,80.04926,331.15,0.53,0.5,2026-08-10,729,N21,VIIRS,n,2.0NRT,298.52,2.85,D,VIIRS_NOAA21_NRT
15.29655,79.9203,332.49,0.54,0.5,2026-08-10,729,N21,VIIRS,n,2.0NRT,299.57,4.51,D,VIIRS_NOAA21_NRT
15.31361,79.78432,337.27,0.55,0.51,2026-08-10,729,N21,VIIRS,n,2.0NRT,298.1,4.76,D,VIIRS_NOAA21_NRT
15.41752,78.95675,343.75,0.62,0.54,2026-08-10,729,N21,VIIRS,n,2.0NRT,294.6,7.34,D,VIIRS_NOAA21_NRT
15.52739,80.19402,335.57,0.51,0.49,2026-08-10,729,N21,VIIRS,n,2.0NRT,296.91,7.02,D,VIIRS_NOAA21_NRT
15.65816,80.04972,336.47,0.52,0.5,2026-08-10,729,N21,VIIRS,n,2.0NRT,300.65,3.89,D,VIIRS_NOAA21_NRT
15.75647,79.76901,354.72,0.54,0.51,2026-08-10,729,N21,VIIRS,n,2.0NRT,298.73,12.35,D,VIIRS_NOAA21_NRT
15.78391,79.83963,342.6,0.53,0.5,2026-08-10,729,N21,VIIRS,n,2.0NRT,300.26,6.58,D,VIIRS_NOAA21_NRT
15.86675,79.77457,342.33,0.54,0.5,2026-08-10,729,N21,VIIRS,n,2.0NRT,299.43,5.8,D,VIIRS_NOAA21_NRT
15.99041,76.83838,341.63,0.42,0.61,2026-08-10,729,N21,VIIRS,n,2.0NRT,287.11,10.14,D,VIIRS_NOAA21_NRT
15.99106,76.83946,351.18,0.42,0.61,2026-08-10,729,N21,VIIRS,n,2.0NRT,290.36,4.87,D,VIIRS_NOAA21_NRT
16.62688,80.19164,353.11,0.49,0.48,2026-08-10,729,N21,VIIRS,n,2.0NRT,296.77,15.58,D,VIIRS_NOAA21_NRT
17.73785,78.74373,332.53,0.58,0.52,2026-08-10,729,N21,VIIRS,n,2.0NRT,295.18,9.04,D,VIIRS_NOAA21_NRT
14.78906,79.7129,335.84,0.57,0.52,2026-08-10,729,N21,VIIRS,n,2.0NRT,299.47,7.21,D,VIIRS_NOAA21_NRT
9.86161,77.38474,330.94,0.5,0.66,2026-08-10,726,N21,VIIRS,n,2.0NRT,293.01,5.81,D,VIIRS_NOAA21_NRT
14.71236,79.8091,335.61,0.56,0.51,2026-08-10,729,N21,VIIRS,n,2.0NRT,298.62,5.99,D,VIIRS_NOAA21_NRT
14.60677,79.58267,345.75,0.58,0.52,2026-08-10,729,N21,VIIRS,n,2.0NRT,298.44,15.23,D,VIIRS_NOAA21_NRT
9.98394,79.04431,336.01,0.38,0.59,2026-08-10,726,N21,VIIRS,n,2.0NRT,293.72,5.35,D,VIIRS_NOAA21_NRT
10.39844,79.4175,344.61,0.36,0.57,2026-08-10,726,N21,VIIRS,n,2.0NRT,293.66,4.2,D,VIIRS_NOAA21_NRT
10.39993,79.41699,344.62,0.35,0.57,2026-08-10,726,N21,VIIRS,n,2.0NRT,293.34,4.29,D,VIIRS_NOAA21_NRT
11.99036,78.95662,334.23,0.36,0.57,2026-08-10,726,N21,VIIRS,n,2.0NRT,293.82,4.44,D,VIIRS_NOAA21_NRT
12.06076,79.03645,338.62,0.35,0.57,2026-08-10,726,N21,VIIRS,n,2.0NRT,294.49,2.54,D,VIIRS_NOAA21_NRT
12.06379,79.03509,336.54,0.35,0.57,2026-08-10,726,N21,VIIRS,n,2.0NRT,294.75,5.7,D,VIIRS_NOAA21_NRT
13.50082,79.60096,339.29,0.61,0.53,2026-08-10,726,N21,VIIRS,n,2.0NRT,295.45,22.49,D,VIIRS_NOAA21_NRT
13.98913,79.8261,340.59,0.57,0.52,2026-08-10,729,N21,VIIRS,n,2.0NRT,297.41,14.68,D,VIIRS_NOAA21_NRT
13.99597,79.86233,339.64,0.57,0.52,2026-08-10,729,N21,VIIRS,n,2.0NRT,297.91,6.42,D,VIIRS_NOAA21_NRT
14.04347,79.23308,334.18,0.63,0.54,2026-08-10,729,N21,VIIRS,n,2.0NRT,296.34,10.14,D,VIIRS_NOAA21_NRT
14.04673,79.23515,335.94,0.63,0.54,2026-08-10,729,N21,VIIRS,n,2.0NRT,296.23,8.01,D,VIIRS_NOAA21_NRT
14.12223,79.97894,342.05,0.56,0.51,2026-08-10,729,N21,VIIRS,n,2.0NRT,298.47,9.56,D,VIIRS_NOAA21_NRT
14.15374,79.6483,340.24,0.59,0.53,2026-08-10,729,N21,VIIRS,n,2.0NRT,296.51,9.77,D,VIIRS_NOAA21_NRT
14.21367,79.15493,339.22,0.63,0.54,2026-08-10,729,N21,VIIRS,n,2.0NRT,295.11,8.95,D,VIIRS_NOAA21_NRT
14.42585,77.91759,342.18,0.38,0.59,2026-08-10,729,N21,VIIRS,n,2.0NRT,296.78,4.76,D,VIIRS_NOAA21_NRT
14.7102,79.80735,332.98,0.56,0.51,2026-08-10,729,N21,VIIRS,n,2.0NRT,298.76,5.18,D,VIIRS_NOAA21_NRT
23.82354,85.49873,307.29,0.39,0.36,2026-08-10,1957,N21,VIIRS,n,2.0NRT,292.57,2.07,N,VIIRS_NOAA21_NRT
23.83799,85.47054,307.63,0.39,0.36,2026-08-10,1957,N21,VIIRS,n,2.0NRT,292.56,1.5,N,VIIRS_NOAA21_NRT
23.82411,85.49497,308.01,0.39,0.36,2026-08-10,1957,N21,VIIRS,n,2.0NRT,292.58,1.33,N,VIIRS_NOAA21_NRT
9.90871,77.29308,305.26,0.41,0.45,2026-08-10,2002,N21,VIIRS,n,2.0NRT,288.59,0.76,N,VIIRS_NOAA21_NRT
9.89888,77.68959,322.37,0.39,0.44,2026-08-10,2002,N21,VIIRS,n,2.0NRT,292.44,4.47,N,VIIRS_NOAA21_NRT
9.79602,77.71014,303.22,0.38,0.43,2026-08-10,2002,N21,VIIRS,n,2.0NRT,283.91,1.49,N,VIIRS_NOAA21_NRT
9.72094,77.61962,304.78,0.39,0.44,2026-08-10,2002,N21,VIIRS,n,2.0NRT,289.88,1.59,N,VIIRS_NOAA21_NRT
9.71671,77.59211,305.85,0.39,0.44,2026-08-10,2002,N21,VIIRS,n,2.0NRT,290.3,1.31,N,VIIRS_NOAA21_NRT
9.70789,77.59677,310.51,0.39,0.44,2026-08-10,2002,N21,VIIRS,n,2.0NRT,291.81,1.85,N,VIIRS_NOAA21_NRT
9.70502,77.5883,316.19,0.39,0.44,2026-08-10,2002,N21,VIIRS,n,2.0NRT,292.16,2.57,N,VIIRS_NOAA21_NRT
9.70394,77.59586,311.45,0.39,0.44,2026-08-10,2002,N21,VIIRS,n,2.0NRT,292.24,1.85,N,VIIRS_NOAA21_NRT
9.52916,77.44801,320.3,0.39,0.44,2026-08-10,2002,N21,VIIRS,n,2.0NRT,292.64,1.84,N,VIIRS_NOAA21_NRT
16.87159,80.02176,309.16,0.52,0.41,2026-08-10,2000,N21,VIIRS,n,2.0NRT,291.99,3.66,N,VIIRS_NOAA21_NRT
9.70103,77.58763,310.36,0.39,0.44,2026-08-10,2002,N21,VIIRS,n,2.0NRT,291.67,2.05,N,VIIRS_NOAA21_NRT
8.61557,77.95248,309.08,0.54,0.42,2026-08-10,2002,N21,VIIRS,n,2.0NRT,291.85,3.9,N,VIIRS_NOAA21_NRT
8.61773,77.95042,305.97,0.54,0.42,2026-08-10,2002,N21,VIIRS,n,2.0NRT,290.57,3.56,N,VIIRS_NOAA21_NRT
9.52524,77.44672,312.63,0.39,0.44,2026-08-10,2002,N21,VIIRS,n,2.0NRT,291.94,1.84,N,VIIRS_NOAA21_NRT
23.80262,86.32825,323.86,0.51,0.41,2026-08-11,1938,N21,VIIRS,n,2.0NRT,290.05,3.53,N,VIIRS_NOAA21_NRT
23.8064,86.32881,308.8,0.51,0.41,2026-08-11,1938,N21,VIIRS,n,2.0NRT,288.67,3.53,N,VIIRS_NOAA21_NRT
23.82011,84.57342,296.93,0.43,0.46,2026-08-11,1938,N21,VIIRS,n,2.0NRT,272.23,0.67,N,VIIRS_NOAA21_NRT
23.8243,84.574,308.76,0.43,0.46,2026-08-11,1938,N21,VIIRS,n,2.0NRT,272.21,1.08,N,VIIRS_NOAA21_NRT
23.82479,84.56979,307.49,0.43,0.46,2026-08-11,1938,N21,VIIRS,n,2.0NRT,273.38,1.08,N,VIIRS_NOAA21_NRT
23.82899,84.57037,295.96,0.43,0.46,2026-08-11,1938,N21,VIIRS,n,2.0NRT,272.58,1.08,N,VIIRS_NOAA21_NRT
25.03251,87.3704,310.17,0.47,0.4,2026-08-11,1938,N21,VIIRS,n,2.0NRT,292.53,0.88,N,VIIRS_NOAA21_NRT
25.03308,87.3727,307.64,0.47,0.4,2026-08-11,1938,N21,VIIRS,n,2.0NRT,292.49,1.06,N,VIIRS_NOAA21_NRT
23.80198,86.33326,316.81,0.51,0.41,2026-08-11,1938,N21,VIIRS,n,2.0NRT,286.62,2.39,N,VIIRS_NOAA21_NRT
25.03493,87.38713,306.7,0.47,0.4,2026-08-11,1938,N21,VIIRS,n,2.0NRT,292.36,0.81,N,VIIRS_NOAA21_NRT
25.54083,91.23685,302.55,0.38,0.36,2026-08-11,1938,N21,VIIRS,n,2.0NRT,288.26,0.95,N,VIIRS_NOAA21_NRT
23.8285,84.5746,296.31,0.43,0.46,2026-08-11,1938,N21,VIIRS,n,2.0NRT,272.15,1.08,N,VIIRS_NOAA21_NRT
23.79569,86.35265,316.86,0.51,0.41,2026-08-11,1938,N21,VIIRS,n,2.0NRT,286.01,4.58,N,VIIRS_NOAA21_NRT
23.75754,85.85731,305.93,0.54,0.42,2026-08-11,1938,N21,VIIRS,n,2.0NRT,288.37,2.75,N,VIIRS_NOAA21_NRT
23.77945,86.2088,301.96,0.52,0.42,2026-08-11,1938,N21,VIIRS,n,2.0NRT,283.93,1.79,N,VIIRS_NOAA21_NRT
23.7786,86.21165,300.72,0.52,0.42,2026-08-11,1938,N21,VIIRS,n,2.0NRT,283.56,2.09,N,VIIRS_NOAA21_NRT
23.77495,86.3648,308.4,0.51,0.41,2026-08-11,1938,N21,VIIRS,n,2.0NRT,283.09,3.04,N,VIIRS_NOAA21_NRT
23.7582,85.85198,306.24,0.54,0.42,2026-08-11,1938,N21,VIIRS,n,2.0NRT,287.77,1.29,N,VIIRS_NOAA21_NRT
26.52052,90.53381,313.44,0.39,0.36,2026-08-11,1938,N21,VIIRS,n,2.0NRT,294.12,1.46,N,VIIRS_NOAA21_NRT
23.75433,85.85139,309.45,0.54,0.42,2026-08-11,1938,N21,VIIRS,n,2.0NRT,288.41,1.29,N,VIIRS_NOAA21_NRT
23.68363,86.08366,326.15,0.53,0.42,2026-08-11,1938,N21,VIIRS,n,2.0NRT,286.87,3.09,N,VIIRS_NOAA21_NRT
23.68305,86.08019,311.16,0.53,0.42,2026-08-11,1938,N21,VIIRS,n,2.0NRT,286.55,2.11,N,VIIRS_NOAA21_NRT
23.68242,86.08536,317.33,0.53,0.42,2026-08-11,1938,N21,VIIRS,n,2.0NRT,287.06,2.11,N,VIIRS_NOAA21_NRT
23.6823,86.09393,316.92,0.53,0.42,2026-08-11,1938,N21,VIIRS,n,2.0NRT,286.31,4.78,N,VIIRS_NOAA21_NRT
23.68116,86.09563,317.63,0.53,0.42,2026-08-11,1938,N21,VIIRS,n,2.0NRT,286.4,4.64,N,VIIRS_NOAA21_NRT
23.6798,86.08313,305.34,0.53,0.42,2026-08-11,1938,N21,VIIRS,n,2.0NRT,287.15,3.09,N,VIIRS_NOAA21_NRT
23.67859,86.0848,308.54,0.53,0.42,2026-08-11,1938,N21,VIIRS,n,2.0NRT,287.29,2.11,N,VIIRS_NOAA21_NRT
23.78668,85.55422,304.69,0.57,0.43,2026-08-11,1938,N21,VIIRS,n,2.0NRT,284.9,1.98,N,VIIRS_NOAA21_NRT
26.63957,79.47667,308.39,0.49,0.65,2026-08-11,1938,N21,VIIRS,n,2.0NRT,287.76,3.2,N,VIIRS_NOAA21_NRT
15.82483,79.87877,295.87,0.34,0.56,2026-08-11,1940,N21,VIIRS,n,2.0NRT,285.76,1.82,N,VIIRS_NOAA21_NRT
15.17798,77.1003,305.63,0.52,0.67,2026-08-11,1940,N21,VIIRS,n,2.0NRT,285.48,1.84,N,VIIRS_NOAA21_NRT
28.34709,77.25639,304.01,0.39,0.59,2026-08-11,2118,N21,VIIRS,n,2.0NRT,288.06,0.49,N,VIIRS_NOAA21_NRT
12.74603,77.61998,303.38,0.45,0.63,2026-08-11,1942,N21,VIIRS,n,2.0NRT,280.68,1.11,N,VIIRS_NOAA21_NRT
9.5398,77.45322,304.77,0.41,0.61,2026-08-11,1942,N21,VIIRS,n,2.0NRT,285.87,1.35,N,VIIRS_NOAA21_NRT
21.36385,81.67879,302.52,0.61,0.53,2026-08-11,1940,N21,VIIRS,n,2.0NRT,283.08,3.31,N,VIIRS_NOAA21_NRT
21.35038,81.66521,306.13,0.61,0.54,2026-08-11,1940,N21,VIIRS,n,2.0NRT,286.28,3.89,N,VIIRS_NOAA21_NRT
21.1861,81.38841,306.12,0.64,0.54,2026-08-11,1940,N21,VIIRS,n,2.0NRT,287.02,4.36,N,VIIRS_NOAA21_NRT
21.18111,81.38785,307.76,0.64,0.54,2026-08-11,1940,N21,VIIRS,n,2.0NRT,286.86,6.91,N,VIIRS_NOAA21_NRT
21.07813,85.04013,310.36,0.56,0.43,2026-08-11,1940,N21,VIIRS,n,2.0NRT,289.49,2.88,N,VIIRS_NOAA21_NRT
21.07744,85.04552,307.24,0.56,0.43,2026-08-11,1940,N21,VIIRS,n,2.0NRT,288.77,2.88,N,VIIRS_NOAA21_NRT
20.98533,85.13896,303.64,0.55,0.43,2026-08-11,1940,N21,VIIRS,n,2.0NRT,282.72,1.25,N,VIIRS_NOAA21_NRT
20.97275,85.17474,307.19,0.55,0.43,2026-08-11,1940,N21,VIIRS,n,2.0NRT,286.01,2.59,N,VIIRS_NOAA21_NRT
20.96885,85.1742,321.09,0.55,0.43,2026-08-11,1940,N21,VIIRS,n,2.0NRT,286.26,3.82,N,VIIRS_NOAA21_NRT
20.96563,85.16841,307.63,0.55,0.43,2026-08-11,1940,N21,VIIRS,n,2.0NRT,286.48,3.82,N,VIIRS_NOAA21_NRT
20.9636,85.18417,314.97,0.55,0.43,2026-08-11,1940,N21,VIIRS,n,2.0NRT,285.63,4.72,N,VIIRS_NOAA21_NRT
20.96293,85.18935,321.55,0.55,0.43,2026-08-11,1940,N21,VIIRS,n,2.0NRT,286.34,5.15,N,VIIRS_NOAA21_NRT
20.96173,85.16788,308.17,0.55,0.43,2026-08-11,1940,N21,VIIRS,n,2.0NRT,286.81,2.11,N,VIIRS_NOAA21_NRT
20.96105,85.17313,309.47,0.55,0.43,2026-08-11,1940,N21,VIIRS,n,2.0NRT,285.33,2.11,N,VIIRS_NOAA21_NRT
19.10259,82.16623,296.83,0.53,0.5,2026-08-11,1940,N21,VIIRS,n,2.0NRT,271.18,0.8,N,VIIRS_NOAA21_NRT
15.82521,79.8756,296.09,0.34,0.56,2026-08-11,1940,N21,VIIRS,n,2.0NRT,285.9,1.82,N,VIIRS_NOAA21_NRT
23.67532,86.08772,306.49,0.53,0.42,2026-08-11,1938,N21,VIIRS,n,2.0NRT,286.72,1.91,N,VIIRS_NOAA21_NRT
15.82445,79.88194,296.25,0.34,0.56,2026-08-11,1940,N21,VIIRS,n,2.0NRT,286.19,3.55,N,VIIRS_NOAA21_NRT
15.17708,77.10262,305.21,0.52,0.67,2026-08-11,1940,N21,VIIRS,n,2.0NRT,285.59,2.34,N,VIIRS_NOAA21_NRT
22.8725,88.21297,304.07,0.42,0.38,2026-08-11,1938,N21,VIIRS,n,2.0NRT,281.22,0.59,N,VIIRS_NOAA21_NRT
22.79535,86.20437,329.04,0.51,0.41,2026-08-11,1938,N21,VIIRS,n,2.0NRT,277.06,3.03,N,VIIRS_NOAA21_NRT
22.79893,86.08892,305.93,0.51,0.41,2026-08-11,1938,N21,VIIRS,n,2.0NRT,273.27,2.12,N,VIIRS_NOAA21_NRT
27.95418,95.59555,330.24,0.46,0.47,2026-08-11,712,N21,VIIRS,l,2.0NRT,301.36,13.11,D,VIIRS_NOAA21_NRT
27.77261,95.53301,331.67,0.45,0.47,2026-08-11,712,N21,VIIRS,l,2.0NRT,302.75,2.7,D,VIIRS_NOAA21_NRT
27.46919,95.4225,335.99,0.44,0.46,2026-08-11,712,N21,VIIRS,n,2.0NRT,296.35,5.07,D,VIIRS_NOAA21_NRT
26.91881,82.54733,331.74,0.44,0.46,2026-08-11,712,N21,VIIRS,n,2.0NRT,293.76,4.34,D,VIIRS_NOAA21_NRT
26.90926,93.12027,335.9,0.49,0.4,2026-08-11,712,N21,VIIRS,n,2.0NRT,297.66,5.56,D,VIIRS_NOAA21_NRT
26.78612,90.26047,338.37,0.39,0.36,2026-08-11,712,N21,VIIRS,n,2.0NRT,298.67,4.77,D,VIIRS_NOAA21_NRT
26.3854,93.8444,331.92,0.52,0.42,2026-08-11,709,N21,VIIRS,n,2.0NRT,296.48,2.8,D,VIIRS_NOAA21_NRT
23.82465,84.57246,342.89,0.39,0.44,2026-08-11,709,N21,VIIRS,n,2.0NRT,297.52,10.61,D,VIIRS_NOAA21_NRT
23.68565,86.39246,331.76,0.47,0.4,2026-08-11,709,N21,VIIRS,l,2.0NRT,296.66,7.42,D,VIIRS_NOAA21_NRT
23.67569,86.39914,332.68,0.47,0.4,2026-08-11,709,N21,VIIRS,l,2.0NRT,298.43,13.01,D,VIIRS_NOAA21_NRT
23.64727,85.43806,342.63,0.52,0.42,2026-08-11,709,N21,VIIRS,n,2.0NRT,298.58,10.29,D,VIIRS_NOAA21_NRT
17.1208,79.64844,331.62,0.53,0.67,2026-08-11,709,N21,VIIRS,n,2.0NRT,289.3,5.11,D,VIIRS_NOAA21_NRT
16.58698,80.65855,344.55,0.47,0.64,2026-08-11,707,N21,VIIRS,n,2.0NRT,290.16,7.56,D,VIIRS_NOAA21_NRT
16.58618,80.65712,367.0,0.47,0.64,2026-08-11,707,N21,VIIRS,h,2.0NRT,290.45,12.48,D,VIIRS_NOAA21_NRT
16.58605,80.65424,331.11,0.47,0.64,2026-08-11,707,N21,VIIRS,n,2.0NRT,289.81,7.56,D,VIIRS_NOAA21_NRT
15.69567,79.26577,337.62,0.6,0.71,2026-08-11,707,N21,VIIRS,n,2.0NRT,292.59,5.39,D,VIIRS_NOAA21_NRT
15.07768,79.50777,353.84,0.6,0.71,2026-08-11,707,N21,VIIRS,n,2.0NRT,291.76,16.26,D,VIIRS_NOAA21_NRT
13.36684,80.15215,347.03,0.59,0.7,2026-08-11,707,N21,VIIRS,n,2.0NRT,289.65,12.38,D,VIIRS_NOAA21_NRT
22.79911,86.20488,308.11,0.51,0.41,2026-08-11,1938,N21,VIIRS,n,2.0NRT,277.32,1.78,N,VIIRS_NOAA21_NRT
22.79847,86.20977,306.86,0.51,0.41,2026-08-11,1938,N21,VIIRS,n,2.0NRT,278.22,2.07,N,VIIRS_NOAA21_NRT
22.79599,86.19947,301.74,0.51,0.41,2026-08-11,1938,N21,VIIRS,n,2.0NRT,276.71,3.03,N,VIIRS_NOAA21_NRT
22.79471,86.20924,324.38,0.51,0.41,2026-08-11,1938,N21,VIIRS,n,2.0NRT,277.9,2.59,N,VIIRS_NOAA21_NRT
22.79095,86.20874,300.27,0.51,0.41,2026-08-11,1938,N21,VIIRS,n,2.0NRT,276.82,2.59,N,VIIRS_NOAA21_NRT
22.78912,86.19343,302.03,0.51,0.41,2026-08-11,1938,N21,VIIRS,n,2.0NRT,278.7,0.77,N,VIIRS_NOAA21_NRT
22.57257,85.89838,302.9,0.52,0.42,2026-08-11,1938,N21,VIIRS,n,2.0NRT,283.89,1.17,N,VIIRS_NOAA21_NRT
22.37933,87.27896,316.6,0.45,0.39,2026-08-11,1938,N21,VIIRS,n,2.0NRT,289.47,2.93,N,VIIRS_NOAA21_NRT
22.37579,87.2784,316.74,0.45,0.39,2026-08-11,1938,N21,VIIRS,n,2.0NRT,286.76,2.68,N,VIIRS_NOAA21_NRT
22.36122,87.01827,309.3,0.46,0.39,2026-08-11,1938,N21,VIIRS,n,2.0NRT,284.65,2.12,N,VIIRS_NOAA21_NRT
21.92625,85.22292,298.38,0.56,0.43,2026-08-11,1938,N21,VIIRS,n,2.0NRT,268.88,0.95,N,VIIRS_NOAA21_NRT
15.56281,79.95138,343.95,0.7,0.75,2026-08-11,850,N21,VIIRS,n,2.0NRT,291.32,13.62,D,VIIRS_NOAA21_NRT
15.56153,79.95013,336.42,0.7,0.75,2026-08-11,850,N21,VIIRS,n,2.0NRT,290.42,6.93,D,VIIRS_NOAA21_NRT
14.83705,77.94846,346.93,0.5,0.66,2026-08-11,850,N21,VIIRS,n,2.0NRT,294.89,5.88,D,VIIRS_NOAA21_NRT
14.72327,79.55089,333.09,0.65,0.73,2026-08-11,848,N21,VIIRS,n,2.0NRT,291.06,14.2,D,VIIRS_NOAA21_NRT
14.27528,77.99455,331.24,0.5,0.66,2026-08-11,848,N21,VIIRS,n,2.0NRT,291.88,4.88,D,VIIRS_NOAA21_NRT
13.20075,78.67249,340.25,0.54,0.68,2026-08-11,848,N21,VIIRS,n,2.0NRT,291.2,4.37,D,VIIRS_NOAA21_NRT
13.20042,78.67389,331.44,0.54,0.68,2026-08-11,848,N21,VIIRS,n,2.0NRT,290.66,9.21,D,VIIRS_NOAA21_NRT
9.96719,78.07066,367.0,0.44,0.63,2026-08-11,848,N21,VIIRS,h,2.0NRT,290.87,15.53,D,VIIRS_NOAA21_NRT
9.08864,77.73862,337.47,0.41,0.6,2026-08-11,848,N21,VIIRS,n,2.0NRT,290.84,4.77,D,VIIRS_NOAA21_NRT
22.36931,87.29943,310.35,0.45,0.39,2026-08-11,1938,N21,VIIRS,n,2.0NRT,287.06,2.15,N,VIIRS_NOAA21_NRT
22.3811,87.27553,304.46,0.36,0.58,2026-08-11,2034,N20,VIIRS,n,2.0NRT,286.85,3.78,N,VIIRS_NOAA20_NRT
27.24037,88.29879,325.72,0.56,0.69,2026-08-11,625,N20,VIIRS,n,2.0NRT,289.41,6.31,D,VIIRS_NOAA20_NRT
28.66428,77.57787,311.08,0.4,0.37,2026-08-11,2032,N20,VIIRS,n,2.0NRT,292.87,3.12,N,VIIRS_NOAA20_NRT
17.95876,80.79718,309.9,0.52,0.42,2026-08-11,2034,N20,VIIRS,n,2.0NRT,292.35,2.29,N,VIIRS_NOAA20_NRT
17.95963,80.79234,310.82,0.52,0.42,2026-08-11,2034,N20,VIIRS,n,2.0NRT,291.78,2.29,N,VIIRS_NOAA20_NRT
19.10163,82.17058,303.57,0.4,0.44,2026-08-11,2034,N20,VIIRS,n,2.0NRT,289.52,0.72,N,VIIRS_NOAA20_NRT
21.00171,86.02567,299.76,0.32,0.55,2026-08-11,2034,N20,VIIRS,n,2.0NRT,275.18,1.8,N,VIIRS_NOAA20_NRT
21.23481,79.62927,307.62,0.42,0.38,2026-08-11,2034,N20,VIIRS,n,2.0NRT,288.67,1.19,N,VIIRS_NOAA20_NRT
21.96473,83.7708,299.18,0.44,0.46,2026-08-11,2034,N20,VIIRS,n,2.0NRT,278.46,1.31,N,VIIRS_NOAA20_NRT
22.05482,88.12746,303.38,0.42,0.61,2026-08-11,2034,N20,VIIRS,n,2.0NRT,273.33,2.13,N,VIIRS_NOAA20_NRT
28.37074,77.26344,310.58,0.4,0.37,2026-08-11,2032,N20,VIIRS,n,2.0NRT,293.01,1.82,N,VIIRS_NOAA20_NRT
28.35049,77.2597,307.19,0.4,0.37,2026-08-11,2032,N20,VIIRS,n,2.0NRT,293.07,1.43,N,VIIRS_NOAA20_NRT
28.34712,77.25909,311.4,0.4,0.37,2026-08-11,2032,N20,VIIRS,n,2.0NRT,292.85,1.43,N,VIIRS_NOAA20_NRT
28.2789,77.27592,309.9,0.4,0.37,2026-08-11,2032,N20,VIIRS,n,2.0NRT,293.16,1.41,N,VIIRS_NOAA20_NRT
22.05571,88.12351,308.61,0.42,0.61,2026-08-11,2034,N20,VIIRS,n,2.0NRT,273.33,2.39,N,VIIRS_NOAA20_NRT
25.56276,88.4414,295.25,0.79,0.78,2026-08-11,1851,N20,VIIRS,n,2.0NRT,285.08,8.44,N,VIIRS_NOAA20_NRT
25.56323,88.43333,295.19,0.79,0.78,2026-08-11,1851,N20,VIIRS,n,2.0NRT,284.91,9.22,N,VIIRS_NOAA20_NRT
25.03829,87.38792,312.24,0.32,0.55,2026-08-11,2032,N20,VIIRS,n,2.0NRT,289.55,1.33,N,VIIRS_NOAA20_NRT
22.36096,87.29205,303.43,0.36,0.58,2026-08-11,2034,N20,VIIRS,n,2.0NRT,286.16,1.53,N,VIIRS_NOAA20_NRT
22.37052,87.29823,305.28,0.36,0.58,2026-08-11,2034,N20,VIIRS,n,2.0NRT,286.59,1.59,N,VIIRS_NOAA20_NRT
22.37055,87.29816,306.46,0.36,0.58,2026-08-11,2034,N20,VIIRS,n,2.0NRT,286.41,1.7,N,VIIRS_NOAA20_NRT
13.15991,80.28368,303.75,0.38,0.43,2026-08-11,2036,N20,VIIRS,n,2.0NRT,278.56,1.01,N,VIIRS_NOAA20_NRT
13.39343,80.10166,305.49,0.56,0.43,2026-08-11,2036,N20,VIIRS,n,2.0NRT,286.45,1.32,N,VIIRS_NOAA20_NRT
13.89893,76.56593,308.17,0.39,0.36,2026-08-11,2036,N20,VIIRS,n,2.0NRT,290.63,0.93,N,VIIRS_NOAA20_NRT
14.87312,78.05287,318.43,0.42,0.38,2026-08-11,2036,N20,VIIRS,n,2.0NRT,292.77,2.14,N,VIIRS_NOAA20_NRT
14.93165,78.33964,306.82,0.43,0.38,2026-08-11,2036,N20,VIIRS,n,2.0NRT,293.13,2.28,N,VIIRS_NOAA20_NRT
15.024,78.01444,313.7,0.42,0.38,2026-08-11,2036,N20,VIIRS,n,2.0NRT,292.96,2.51,N,VIIRS_NOAA20_NRT
15.18219,76.66824,300.27,0.39,0.36,2026-08-11,2036,N20,VIIRS,n,2.0NRT,280.55,0.65,N,VIIRS_NOAA20_NRT
23.8256,84.57082,297.59,0.46,0.47,2026-08-11,2034,N20,VIIRS,n,2.0NRT,276.05,0.59,N,VIIRS_NOAA20_NRT
15.18492,76.6724,298.67,0.39,0.36,2026-08-11,2036,N20,VIIRS,n,2.0NRT,282.84,0.65,N,VIIRS_NOAA20_NRT
17.02847,81.78075,298.82,0.41,0.45,2026-08-11,2036,N20,VIIRS,n,2.0NRT,274.49,0.4,N,VIIRS_NOAA20_NRT
17.03654,81.80577,297.07,0.41,0.45,2026-08-11,2036,N20,VIIRS,n,2.0NRT,273.19,0.62,N,VIIRS_NOAA20_NRT
9.48627,77.62683,305.24,0.46,0.39,2026-08-11,2038,N20,VIIRS,n,2.0NRT,290.59,0.7,N,VIIRS_NOAA20_NRT
9.52236,77.44857,302.37,0.45,0.39,2026-08-11,2038,N20,VIIRS,n,2.0NRT,288.56,0.8,N,VIIRS_NOAA20_NRT
9.53981,77.45353,319.07,0.45,0.39,2026-08-11,2038,N20,VIIRS,n,2.0NRT,289.29,1.88,N,VIIRS_NOAA20_NRT
23.78876,85.55288,309.98,0.53,0.5,2026-08-11,2034,N20,VIIRS,n,2.0NRT,284.02,1.73,N,VIIRS_NOAA20_NRT
23.70853,86.07167,334.03,0.57,0.52,2026-08-11,2034,N20,VIIRS,n,2.0NRT,286.49,5.48,N,VIIRS_NOAA20_NRT
22.37516,87.27764,305.35,0.36,0.58,2026-08-11,2034,N20,VIIRS,n,2.0NRT,287.22,1.93,N,VIIRS_NOAA20_NRT
22.37947,87.28227,312.67,0.36,0.58,2026-08-11,2034,N20,VIIRS,n,2.0NRT,287.39,2.67,N,VIIRS_NOAA20_NRT
22.37956,87.28238,306.74,0.36,0.58,2026-08-11,2034,N20,VIIRS,n,2.0NRT,287.13,1.93,N,VIIRS_NOAA20_NRT
22.38022,87.27884,326.55,0.36,0.58,2026-08-11,2034,N20,VIIRS,n,2.0NRT,287.72,2.67,N,VIIRS_NOAA20_NRT
22.38033,87.27895,323.37,0.36,0.58,2026-08-11,2034,N20,VIIRS,n,2.0NRT,287.49,1.93,N,VIIRS_NOAA20_NRT
23.48532,87.36385,304.55,0.35,0.57,2026-08-11,2034,N20,VIIRS,n,2.0NRT,283.06,0.99,N,VIIRS_NOAA20_NRT
23.48966,87.36847,299.79,0.35,0.57,2026-08-11,2034,N20,VIIRS,n,2.0NRT,279.76,0.68,N,VIIRS_NOAA20_NRT
23.78448,85.57327,301.1,0.53,0.5,2026-08-11,2034,N20,VIIRS,n,2.0NRT,280.68,1.13,N,VIIRS_NOAA20_NRT
23.64632,85.43761,311.42,0.52,0.5,2026-08-11,2034,N20,VIIRS,n,2.0NRT,281.57,2.44,N,VIIRS_NOAA20_NRT
23.65055,85.43652,311.66,0.52,0.5,2026-08-11,2034,N20,VIIRS,n,2.0NRT,281.85,2.29,N,VIIRS_NOAA20_NRT
23.65083,85.43866,318.02,0.52,0.5,2026-08-11,2034,N20,VIIRS,n,2.0NRT,281.33,2.44,N,VIIRS_NOAA20_NRT
23.66999,86.09066,303.96,0.57,0.52,2026-08-11,2034,N20,VIIRS,n,2.0NRT,284.6,1.71,N,VIIRS_NOAA20_NRT
23.67584,86.08637,306.11,0.57,0.52,2026-08-11,2034,N20,VIIRS,n,2.0NRT,285.48,4.23,N,VIIRS_NOAA20_NRT
23.68402,86.0943,308.31,0.57,0.52,2026-08-11,2034,N20,VIIRS,n,2.0NRT,286.07,3.13,N,VIIRS_NOAA20_NRT
23.69359,85.3704,315.89,0.52,0.5,2026-08-11,2034,N20,VIIRS,n,2.0NRT,285.62,2.47,N,VIIRS_NOAA20_NRT
23.69675,85.28836,307.4,0.51,0.49,2026-08-11,2034,N20,VIIRS,n,2.0NRT,285.43,1.63,N,VIIRS_NOAA20_NRT
23.64951,85.4416,316.71,0.52,0.5,2026-08-11,2034,N20,VIIRS,n,2.0NRT,281.08,2.28,N,VIIRS_NOAA20_NRT
9.52275,77.44942,306.38,0.45,0.39,2026-08-11,2038,N20,VIIRS,n,2.0NRT,288.27,0.91,N,VIIRS_NOAA20_NRT
22.35736,82.30417,338.94,0.55,0.43,2026-08-11,807,N20,VIIRS,n,2.0NRT,294.1,6.84,D,VIIRS_NOAA20_NRT
27.24048,88.30505,337.86,0.56,0.69,2026-08-11,625,N20,VIIRS,n,2.0NRT,288.55,8.53,D,VIIRS_NOAA20_NRT
27.24228,88.3063,334.79,0.56,0.69,2026-08-11,625,N20,VIIRS,n,2.0NRT,289.05,7.74,D,VIIRS_NOAA20_NRT
27.72578,95.4888,331.18,0.41,0.45,2026-08-11,625,N20,VIIRS,l,2.0NRT,301.39,6.21,D,VIIRS_NOAA20_NRT
27.773,95.53599,330.11,0.4,0.44,2026-08-11,625,N20,VIIRS,l,2.0NRT,301.53,3.4,D,VIIRS_NOAA20_NRT
27.77858,95.54299,330.41,0.4,0.44,2026-08-11,625,N20,VIIRS,l,2.0NRT,301.45,4.04,D,VIIRS_NOAA20_NRT
27.95623,95.60721,329.33,0.4,0.44,2026-08-11,625,N20,VIIRS,l,2.0NRT,303.16,3.79,D,VIIRS_NOAA20_NRT
28.06248,95.35514,334.09,0.41,0.45,2026-08-11,625,N20,VIIRS,n,2.0NRT,303.28,5.03,D,VIIRS_NOAA20_NRT
28.06329,95.35921,332.38,0.41,0.45,2026-08-11,625,N20,VIIRS,n,2.0NRT,302.57,5.03,D,VIIRS_NOAA20_NRT
28.06727,95.37943,332.36,0.41,0.45,2026-08-11,625,N20,VIIRS,n,2.0NRT,302.15,7.23,D,VIIRS_NOAA20_NRT
27.80815,95.56168,329.71,0.4,0.44,2026-08-11,625,N20,VIIRS,l,2.0NRT,302.02,4.04,D,VIIRS_NOAA20_NRT
16.2183,79.40965,332.77,0.39,0.36,2026-08-11,805,N20,VIIRS,l,2.0NRT,302.94,1.93,D,VIIRS_NOAA20_NRT
16.33412,80.46732,331.58,0.4,0.37,2026-08-11,805,N20,VIIRS,n,2.0NRT,301.36,1.98,D,VIIRS_NOAA20_NRT
16.42483,80.22822,336.66,0.4,0.37,2026-08-11,805,N20,VIIRS,n,2.0NRT,300.14,6.94,D,VIIRS_NOAA20_NRT
16.77258,80.1543,338.17,0.4,0.37,2026-08-11,805,N20,VIIRS,n,2.0NRT,299.02,4.91,D,VIIRS_NOAA20_NRT
16.86279,78.9577,331.33,0.38,0.36,2026-08-11,805,N20,VIIRS,n,2.0NRT,296.12,1.33,D,VIIRS_NOAA20_NRT
16.93329,80.66364,331.57,0.41,0.37,2026-08-11,805,N20,VIIRS,n,2.0NRT,298.95,2.12,D,VIIRS_NOAA20_NRT
17.09067,81.20401,330.65,0.43,0.38,2026-08-11,805,N20,VIIRS,n,2.0NRT,296.48,2.17,D,VIIRS_NOAA20_NRT
16.19309,79.21957,331.36,0.38,0.36,2026-08-11,805,N20,VIIRS,l,2.0NRT,304.15,2.61,D,VIIRS_NOAA20_NRT
17.1221,79.64639,337.06,0.39,0.36,2026-08-11,805,N20,VIIRS,n,2.0NRT,301.15,5.15,D,VIIRS_NOAA20_NRT
17.23456,81.26965,334.53,0.43,0.38,2026-08-11,805,N20,VIIRS,n,2.0NRT,294.2,4.12,D,VIIRS_NOAA20_NRT
17.9502,79.46566,342.37,0.39,0.36,2026-08-11,805,N20,VIIRS,n,2.0NRT,299.18,3.99,D,VIIRS_NOAA20_NRT
17.95493,80.79514,330.24,0.42,0.38,2026-08-11,805,N20,VIIRS,n,2.0NRT,297.51,4.55,D,VIIRS_NOAA20_NRT
18.7149,79.54169,330.71,0.39,0.36,2026-08-11,805,N20,VIIRS,l,2.0NRT,301.37,3.21,D,VIIRS_NOAA20_NRT
24.16899,82.62115,335.93,0.4,0.44,2026-08-11,805,N20,VIIRS,n,2.0NRT,294.08,4.32,D,VIIRS_NOAA20_NRT
25.94187,72.19154,334.0,0.51,0.41,2026-08-11,805,N20,VIIRS,n,2.0NRT,292.66,2.2,D,VIIRS_NOAA20_NRT
17.14918,80.78049,336.76,0.42,0.37,2026-08-11,805,N20,VIIRS,n,2.0NRT,298.11,2.56,D,VIIRS_NOAA20_NRT
16.19033,79.22364,334.87,0.38,0.36,2026-08-11,805,N20,VIIRS,n,2.0NRT,303.11,2.61,D,VIIRS_NOAA20_NRT
16.90999,78.88714,334.77,0.38,0.36,2026-08-11,805,N20,VIIRS,n,2.0NRT,297.88,4.99,D,VIIRS_NOAA20_NRT
16.18925,79.21652,335.0,0.38,0.36,2026-08-11,805,N20,VIIRS,n,2.0NRT,303.43,4.39,D,VIIRS_NOAA20_NRT
16.18979,79.22009,330.28,0.38,0.36,2026-08-11,805,N20,VIIRS,l,2.0NRT,303.52,2.61,D,VIIRS_NOAA20_NRT
12.80698,79.95535,331.35,0.38,0.36,2026-08-11,803,N20,VIIRS,l,2.0NRT,301.86,3.13,D,VIIRS_NOAA20_NRT
13.36676,80.1537,345.95,0.39,0.36,2026-08-11,805,N20,VIIRS,n,2.0NRT,303.24,3.85,D,VIIRS_NOAA20_NRT
13.41835,80.20307,332.78,0.39,0.36,2026-08-11,805,N20,VIIRS,n,2.0NRT,295.71,2.27,D,VIIRS_NOAA20_NRT
14.44843,77.61977,337.0,0.41,0.37,2026-08-11,805,N20,VIIRS,l,2.0NRT,301.74,7.37,D,VIIRS_NOAA20_NRT
14.79032,79.71083,337.76,0.39,0.36,2026-08-11,805,N20,VIIRS,l,2.0NRT,307.86,4.16,D,VIIRS_NOAA20_NRT
14.798,79.71689,336.59,0.39,0.36,2026-08-11,805,N20,VIIRS,n,2.0NRT,304.42,3.3,D,VIIRS_NOAA20_NRT
15.17736,76.65829,331.25,0.43,0.38,2026-08-11,805,N20,VIIRS,l,2.0NRT,294.65,3.42,D,VIIRS_NOAA20_NRT
15.55267,80.06813,340.26,0.39,0.36,2026-08-11,805,N20,VIIRS,n,2.0NRT,306.64,6.58,D,VIIRS_NOAA20_NRT
15.63307,79.89992,348.35,0.39,0.36,2026-08-11,805,N20,VIIRS,n,2.0NRT,312.43,36.14,D,VIIRS_NOAA20_NRT
15.68148,79.9514,338.38,0.39,0.36,2026-08-11,805,N20,VIIRS,n,2.0NRT,303.04,6.19,D,VIIRS_NOAA20_NRT
15.7331,79.90997,337.28,0.39,0.36,2026-08-11,805,N20,VIIRS,n,2.0NRT,303.13,4.5,D,VIIRS_NOAA20_NRT
14.79469,79.71741,347.18,0.39,0.36,2026-08-11,805,N20,VIIRS,n,2.0NRT,307.65,6.21,D,VIIRS_NOAA20_NRT
21.92072,83.35084,327.23,0.39,0.36,2026-08-12,2017,N20,VIIRS,n,2.0NRT,274.68,2.05,N,VIIRS_NOAA20_NRT
21.92404,83.35147,309.96,0.39,0.36,2026-08-12,2017,N20,VIIRS,n,2.0NRT,273.67,2.05,N,VIIRS_NOAA20_NRT
21.92591,83.34019,309.86,0.39,0.36,2026-08-12,2017,N20,VIIRS,n,2.0NRT,273.82,1.13,N,VIIRS_NOAA20_NRT
21.98617,82.01643,300.01,0.38,0.36,2026-08-12,2017,N20,VIIRS,n,2.0NRT,280.39,0.58,N,VIIRS_NOAA20_NRT
22.03967,83.35366,301.84,0.39,0.36,2026-08-12,2017,N20,VIIRS,n,2.0NRT,278.65,1.25,N,VIIRS_NOAA20_NRT
22.04029,83.3499,304.76,0.39,0.36,2026-08-12,2017,N20,VIIRS,n,2.0NRT,277.92,0.99,N,VIIRS_NOAA20_NRT
22.08837,83.11952,312.44,0.39,0.36,2026-08-12,2017,N20,VIIRS,n,2.0NRT,286.71,1.96,N,VIIRS_NOAA20_NRT
22.35889,82.30314,320.33,0.38,0.36,2026-08-12,2017,N20,VIIRS,n,2.0NRT,276.69,1.44,N,VIIRS_NOAA20_NRT
8.67153,77.9933,304.22,0.39,0.36,2026-08-12,2019,N20,VIIRS,n,2.0NRT,283.63,1.2,N,VIIRS_NOAA20_NRT
12.85167,79.90427,341.34,0.38,0.36,2026-08-12,2019,N20,VIIRS,n,2.0NRT,285.65,9.3,N,VIIRS_NOAA20_NRT
14.1833,79.55907,304.67,0.39,0.36,2026-08-12,2019,N20,VIIRS,n,2.0NRT,280.86,1.34,N,VIIRS_NOAA20_NRT
15.33323,76.28339,300.09,0.53,0.42,2026-08-12,2019,N20,VIIRS,n,2.0NRT,281.15,1.13,N,VIIRS_NOAA20_NRT
21.91678,83.35397,300.5,0.39,0.36,2026-08-12,2017,N20,VIIRS,n,2.0NRT,272.91,0.45,N,VIIRS_NOAA20_NRT
22.3556,82.30254,305.44,0.38,0.36,2026-08-12,2017,N20,VIIRS,n,2.0NRT,277.28,1.44,N,VIIRS_NOAA20_NRT
21.33706,78.96845,302.49,0.45,0.39,2026-08-12,2017,N20,VIIRS,n,2.0NRT,282.99,0.67,N,VIIRS_NOAA20_NRT
10.92072,78.51337,318.72,0.39,0.36,2026-08-12,2017,N20,VIIRS,n,2.0NRT,284.41,1.39,N,VIIRS_NOAA20_NRT
21.29379,81.59311,305.98,0.39,0.36,2026-08-12,2017,N20,VIIRS,n,2.0NRT,287.1,0.81,N,VIIRS_NOAA20_NRT
10.6178,77.42089,304.49,0.42,0.37,2026-08-12,2017,N20,VIIRS,n,2.0NRT,284.63,0.51,N,VIIRS_NOAA20_NRT
15.33402,76.28646,299.45,0.52,0.42,2026-08-12,2019,N20,VIIRS,n,2.0NRT,281.96,1.35,N,VIIRS_NOAA20_NRT
10.92405,78.51392,312.26,0.39,0.36,2026-08-12,2017,N20,VIIRS,n,2.0NRT,283.96,1.39,N,VIIRS_NOAA20_NRT
10.92998,77.0639,306.78,0.43,0.38,2026-08-12,2017,N20,VIIRS,n,2.0NRT,281.66,0.97,N,VIIRS_NOAA20_NRT
11.15497,77.94162,302.25,0.41,0.37,2026-08-12,2017,N20,VIIRS,n,2.0NRT,282.0,0.49,N,VIIRS_NOAA20_NRT
11.76602,77.00774,317.57,0.44,0.39,2026-08-12,2017,N20,VIIRS,n,2.0NRT,280.34,1.88,N,VIIRS_NOAA20_NRT
21.31084,81.59235,309.73,0.39,0.36,2026-08-12,2017,N20,VIIRS,n,2.0NRT,287.69,1.27,N,VIIRS_NOAA20_NRT
21.18085,81.37692,303.51,0.39,0.36,2026-08-12,2017,N20,VIIRS,n,2.0NRT,287.71,0.96,N,VIIRS_NOAA20_NRT
21.18847,81.39343,306.85,0.39,0.36,2026-08-12,2017,N20,VIIRS,n,2.0NRT,290.45,1.17,N,VIIRS_NOAA20_NRT
21.1945,81.39828,317.88,0.39,0.36,2026-08-12,2017,N20,VIIRS,n,2.0NRT,289.66,2.1,N,VIIRS_NOAA20_NRT
21.21967,81.39117,307.04,0.39,0.36,2026-08-12,2017,N20,VIIRS,n,2.0NRT,289.54,0.82,N,VIIRS_NOAA20_NRT
21.24339,79.22346,305.21,0.44,0.38,2026-08-12,2017,N20,VIIRS,n,2.0NRT,284.65,1.06,N,VIIRS_NOAA20_NRT
21.2455,81.77003,307.98,0.38,0.36,2026-08-12,2017,N20,VIIRS,n,2.0NRT,289.21,1.85,N,VIIRS_NOAA20_NRT
21.24867,79.2114,303.02,0.44,0.38,2026-08-12,2017,N20,VIIRS,n,2.0NRT,284.09,0.95,N,VIIRS_NOAA20_NRT
21.24927,79.2072,305.11,0.44,0.38,2026-08-12,2017,N20,VIIRS,n,2.0NRT,284.2,1.17,N,VIIRS_NOAA20_NRT
21.18358,81.3812,311.86,0.39,0.36,2026-08-12,2017,N20,VIIRS,n,2.0NRT,289.77,0.96,N,VIIRS_NOAA20_NRT
25.93983,72.19559,309.26,0.66,0.73,2026-08-12,2153,N20,VIIRS,n,2.0NRT,271.73,2.05,N,VIIRS_NOAA20_NRT
10.54428,79.22142,334.24,0.51,0.49,2026-08-12,828,N21,VIIRS,n,2.0NRT,298.97,3.76,D,VIIRS_NOAA21_NRT
25.94436,72.19416,319.0,0.66,0.73,2026-08-12,2153,N20,VIIRS,n,2.0NRT,274.44,1.92,N,VIIRS_NOAA20_NRT
8.58918,77.91875,343.59,0.39,0.44,2026-08-12,828,N21,VIIRS,n,2.0NRT,304.03,48.72,D,VIIRS_NOAA21_NRT
8.90664,77.77869,339.52,0.39,0.44,2026-08-12,828,N21,VIIRS,n,2.0NRT,301.49,6.02,D,VIIRS_NOAA21_NRT
8.90712,77.78218,343.67,0.39,0.44,2026-08-12,828,N21,VIIRS,n,2.0NRT,303.58,9.93,D,VIIRS_NOAA21_NRT
8.98739,77.78809,335.97,0.39,0.44,2026-08-12,828,N21,VIIRS,n,2.0NRT,301.96,4.5,D,VIIRS_NOAA21_NRT
9.38032,77.60553,345.29,0.38,0.44,2026-08-12,828,N21,VIIRS,n,2.0NRT,308.58,13.05,D,VIIRS_NOAA21_NRT
9.42879,78.78382,331.89,0.46,0.47,2026-08-12,828,N21,VIIRS,n,2.0NRT,293.96,3.39,D,VIIRS_NOAA21_NRT
9.46649,77.59328,344.86,0.39,0.44,2026-08-12,828,N21,VIIRS,n,2.0NRT,303.59,5.23,D,VIIRS_NOAA21_NRT
9.49897,77.57352,344.37,0.38,0.44,2026-08-12,828,N21,VIIRS,n,2.0NRT,306.16,12.36,D,VIIRS_NOAA21_NRT
9.50032,77.57422,343.54,0.38,0.44,2026-08-12,828,N21,VIIRS,n,2.0NRT,305.5,5.85,D,VIIRS_NOAA21_NRT
9.64663,77.65572,341.87,0.39,0.44,2026-08-12,828,N21,VIIRS,n,2.0NRT,305.97,9.7,D,VIIRS_NOAA21_NRT
28.65299,77.58749,312.79,0.43,0.46,2026-08-12,2014,N20,VIIRS,n,2.0NRT,291.13,1.18,N,VIIRS_NOAA20_NRT
10.68781,79.70799,334.81,0.55,0.51,2026-08-12,828,N21,VIIRS,n,2.0NRT,298.56,6.39,D,VIIRS_NOAA21_NRT
23.82245,84.57461,327.65,0.38,0.58,2026-08-12,652,N21,VIIRS,n,2.0NRT,279.24,7.46,D,VIIRS_NOAA21_NRT
25.9415,72.18927,302.41,0.66,0.73,2026-08-12,2153,N20,VIIRS,n,2.0NRT,269.33,2.05,N,VIIRS_NOAA20_NRT
27.46261,95.47537,305.77,0.46,0.63,2026-08-12,2014,N20,VIIRS,n,2.0NRT,286.53,1.76,N,VIIRS_NOAA20_NRT
25.94514,72.18692,321.54,0.43,0.62,2026-08-12,2014,N20,VIIRS,n,2.0NRT,254.36,3.17,N,VIIRS_NOAA20_NRT
10.83158,79.46785,330.5,0.42,0.45,2026-08-12,744,N20,VIIRS,n,2.0NRT,299.45,3.6,D,VIIRS_NOAA20_NRT
10.85851,78.56897,338.97,0.47,0.48,2026-08-12,744,N20,VIIRS,n,2.0NRT,298.55,3.13,D,VIIRS_NOAA20_NRT
10.87308,78.57518,330.32,0.47,0.48,2026-08-12,744,N20,VIIRS,n,2.0NRT,297.91,2.05,D,VIIRS_NOAA20_NRT
10.9262,78.90511,330.07,0.45,0.47,2026-08-12,744,N20,VIIRS,l,2.0NRT,300.63,1.95,D,VIIRS_NOAA20_NRT
11.11998,79.63828,333.57,0.4,0.44,2026-08-12,744,N20,VIIRS,n,2.0NRT,297.67,2.63,D,VIIRS_NOAA20_NRT
18.08593,81.23905,356.33,0.41,0.37,2026-08-12,746,N20,VIIRS,l,2.0NRT,289.08,39.17,D,VIIRS_NOAA20_NRT
18.08656,81.24291,335.15,0.41,0.37,2026-08-12,746,N20,VIIRS,n,2.0NRT,289.21,39.17,D,VIIRS_NOAA20_NRT
21.67827,84.03967,331.58,0.4,0.37,2026-08-12,746,N20,VIIRS,n,2.0NRT,290.3,3.11,D,VIIRS_NOAA20_NRT
21.74458,83.84264,341.87,0.4,0.37,2026-08-12,746,N20,VIIRS,n,2.0NRT,296.36,4.97,D,VIIRS_NOAA20_NRT
21.74793,83.8421,345.22,0.4,0.37,2026-08-12,746,N20,VIIRS,n,2.0NRT,295.9,11.51,D,VIIRS_NOAA20_NRT
21.75521,83.84486,343.61,0.4,0.37,2026-08-12,746,N20,VIIRS,n,2.0NRT,296.36,7.93,D,VIIRS_NOAA20_NRT
21.76248,83.8476,331.66,0.4,0.37,2026-08-12,746,N20,VIIRS,n,2.0NRT,295.62,4.06,D,VIIRS_NOAA20_NRT
21.92081,83.35064,346.59,0.39,0.36,2026-08-12,746,N20,VIIRS,n,2.0NRT,298.87,6.75,D,VIIRS_NOAA20_NRT
22.35893,82.30504,333.67,0.38,0.36,2026-08-12,746,N20,VIIRS,n,2.0NRT,296.06,6.54,D,VIIRS_NOAA20_NRT
23.82221,84.57487,333.58,0.43,0.38,2026-08-12,746,N20,VIIRS,n,2.0NRT,293.93,6.54,D,VIIRS_NOAA20_NRT
10.77627,79.65818,343.0,0.41,0.45,2026-08-12,744,N20,VIIRS,n,2.0NRT,299.1,4.94,D,VIIRS_NOAA20_NRT
10.39741,79.03778,333.73,0.45,0.47,2026-08-12,744,N20,VIIRS,n,2.0NRT,295.39,2.55,D,VIIRS_NOAA20_NRT
10.04167,78.29845,331.42,0.51,0.49,2026-08-12,744,N20,VIIRS,n,2.0NRT,296.96,2.56,D,VIIRS_NOAA20_NRT
9.97957,79.08302,332.1,0.45,0.47,2026-08-12,744,N20,VIIRS,n,2.0NRT,297.91,1.8,D,VIIRS_NOAA20_NRT
10.81688,78.60809,336.99,0.47,0.47,2026-08-12,828,N21,VIIRS,n,2.0NRT,301.22,2.32,D,VIIRS_NOAA21_NRT
10.75858,78.97378,342.07,0.49,0.49,2026-08-12,828,N21,VIIRS,n,2.0NRT,299.74,5.24,D,VIIRS_NOAA21_NRT
25.33686,83.10394,330.3,0.4,0.37,2026-08-12,748,N20,VIIRS,l,2.0NRT,301.23,2.78,D,VIIRS_NOAA20_NRT
9.20449,77.60951,335.56,0.59,0.53,2026-08-12,744,N20,VIIRS,n,2.0NRT,297.11,5.87,D,VIIRS_NOAA20_NRT
9.20908,77.63577,341.99,0.59,0.52,2026-08-12,744,N20,VIIRS,n,2.0NRT,299.03,10.1,D,VIIRS_NOAA20_NRT
9.6383,78.88969,341.3,0.47,0.48,2026-08-12,744,N20,VIIRS,n,2.0NRT,297.69,4.82,D,VIIRS_NOAA20_NRT
9.91037,77.56055,335.31,0.58,0.52,2026-08-12,744,N20,VIIRS,n,2.0NRT,298.69,4.17,D,VIIRS_NOAA20_NRT
26.64241,79.47778,308.34,0.48,0.4,2026-08-12,2014,N20,VIIRS,n,2.0NRT,291.33,1.15,N,VIIRS_NOAA20_NRT
25.45755,83.14108,336.4,0.4,0.37,2026-08-12,748,N20,VIIRS,n,2.0NRT,304.34,5.37,D,VIIRS_NOAA20_NRT
25.4643,83.13992,333.19,0.4,0.37,2026-08-12,748,N20,VIIRS,n,2.0NRT,302.7,5.43,D,VIIRS_NOAA20_NRT
23.8232,84.57487,301.72,0.41,0.37,2026-08-12,2014,N20,VIIRS,n,2.0NRT,266.67,0.81,N,VIIRS_NOAA20_NRT
23.82724,84.57159,297.82,0.41,0.37,2026-08-12,2014,N20,VIIRS,n,2.0NRT,267.25,0.81,N,VIIRS_NOAA20_NRT
24.13923,82.70773,305.69,0.38,0.36,2026-08-12,2014,N20,VIIRS,n,2.0NRT,283.81,0.59,N,VIIRS_NOAA20_NRT
24.16145,82.631,302.49,0.38,0.36,2026-08-12,2014,N20,VIIRS,n,2.0NRT,283.59,0.98,N,VIIRS_NOAA20_NRT
24.16228,82.60419,304.2,0.38,0.36,2026-08-12,2014,N20,VIIRS,n,2.0NRT,283.57,0.44,N,VIIRS_NOAA20_NRT
24.16861,82.62848,309.23,0.38,0.36,2026-08-12,2014,N20,VIIRS,n,2.0NRT,284.02,1.19,N,VIIRS_NOAA20_NRT
24.1692,82.62474,306.16,0.38,0.36,2026-08-12,2014,N20,VIIRS,n,2.0NRT,283.65,1.06,N,VIIRS_NOAA20_NRT
24.16979,82.62099,318.69,0.38,0.36,2026-08-12,2014,N20,VIIRS,n,2.0NRT,284.07,1.06,N,VIIRS_NOAA20_NRT
24.17882,82.65287,307.32,0.38,0.36,2026-08-12,2014,N20,VIIRS,n,2.0NRT,284.87,0.93,N,VIIRS_NOAA20_NRT
24.1854,82.6541,306.41,0.38,0.36,2026-08-12,2014,N20,VIIRS,n,2.0NRT,284.83,0.91,N,VIIRS_NOAA20_NRT
24.19957,82.71458,303.79,0.38,0.36,2026-08-12,2014,N20,VIIRS,n,2.0NRT,280.69,0.71,N,VIIRS_NOAA20_NRT
24.20345,82.71145,304.55,0.38,0.36,2026-08-12,2014,N20,VIIRS,n,2.0NRT,281.36,1.3,N,VIIRS_NOAA20_NRT
24.20403,82.7077,305.63,0.38,0.36,2026-08-12,2014,N20,VIIRS,n,2.0NRT,281.62,0.58,N,VIIRS_NOAA20_NRT
24.20732,82.70832,305.55,0.38,0.36,2026-08-12,2014,N20,VIIRS,n,2.0NRT,281.68,0.58,N,VIIRS_NOAA20_NRT
29.32052,74.35227,338.87,0.4,0.45,2026-08-12,748,N20,VIIRS,n,2.0NRT,292.64,3.8,D,VIIRS_NOAA20_NRT
29.73349,78.01696,332.85,0.41,0.37,2026-08-12,748,N20,VIIRS,l,2.0NRT,303.52,5.29,D,VIIRS_NOAA20_NRT
25.46093,83.1405,335.44,0.4,0.37,2026-08-12,748,N20,VIIRS,n,2.0NRT,303.7,5.37,D,VIIRS_NOAA20_NRT
31.49857,75.84365,330.44,0.47,0.4,2026-08-12,750,N20,VIIRS,l,2.0NRT,301.14,5.11,D,VIIRS_NOAA20_NRT
10.77456,79.65791,333.56,0.55,0.51,2026-08-12,828,N21,VIIRS,n,2.0NRT,298.13,6.21,D,VIIRS_NOAA21_NRT
10.87168,78.57549,330.5,0.47,0.47,2026-08-12,828,N21,VIIRS,n,2.0NRT,298.34,1.83,D,VIIRS_NOAA21_NRT
12.08301,77.04526,331.82,0.39,0.44,2026-08-12,830,N21,VIIRS,n,2.0NRT,289.79,3.23,D,VIIRS_NOAA21_NRT
14.21533,79.22138,330.46,0.57,0.52,2026-08-12,830,N21,VIIRS,n,2.0NRT,287.01,2.86,D,VIIRS_NOAA21_NRT
14.31858,76.57759,340.13,0.39,0.44,2026-08-12,830,N21,VIIRS,n,2.0NRT,291.47,3.79,D,VIIRS_NOAA21_NRT
27.37738,70.97624,336.5,0.43,0.38,2026-08-12,835,N21,VIIRS,n,2.0NRT,300.32,6.73,D,VIIRS_NOAA21_NRT
27.37795,70.98054,339.4,0.43,0.38,2026-08-12,835,N21,VIIRS,n,2.0NRT,301.02,6.73,D,VIIRS_NOAA21_NRT
26.08573,93.95238,301.27,0.41,0.37,2026-08-12,1917,N21,VIIRS,n,2.0NRT,284.33,1.25,N,VIIRS_NOAA21_NRT
27.31904,95.2666,305.08,0.39,0.36,2026-08-12,1917,N21,VIIRS,n,2.0NRT,287.65,1.82,N,VIIRS_NOAA21_NRT
21.24663,79.20609,302.92,0.37,0.58,2026-08-12,2059,N21,VIIRS,n,2.0NRT,277.66,1.02,N,VIIRS_NOAA21_NRT
21.24735,79.20563,302.76,0.37,0.58,2026-08-12,2059,N21,VIIRS,n,2.0NRT,277.3,1.23,N,VIIRS_NOAA21_NRT
21.29765,81.6077,303.09,0.53,0.67,2026-08-12,2059,N21,VIIRS,n,2.0NRT,278.52,1.46,N,VIIRS_NOAA21_NRT
21.30816,81.58989,300.24,0.53,0.67,2026-08-12,2059,N21,VIIRS,n,2.0NRT,282.47,2.03,N,VIIRS_NOAA21_NRT
21.501,81.81009,297.09,0.54,0.68,2026-08-12,2059,N21,VIIRS,n,2.0NRT,273.28,0.54,N,VIIRS_NOAA21_NRT
22.35673,82.30051,306.78,0.55,0.68,2026-08-12,2059,N21,VIIRS,n,2.0NRT,270.3,2.54,N,VIIRS_NOAA21_NRT
23.16554,82.33848,297.78,0.53,0.67,2026-08-12,2059,N21,VIIRS,n,2.0NRT,263.37,2.31,N,VIIRS_NOAA21_NRT
23.16588,82.33901,301.79,0.53,0.67,2026-08-12,2059,N21,VIIRS,n,2.0NRT,264.42,1.26,N,VIIRS_NOAA21_NRT
25.94309,72.19233,295.66,0.4,0.37,2026-08-12,2059,N21,VIIRS,n,2.0NRT,269.83,0.51,N,VIIRS_NOAA21_NRT
26.6419,79.47903,313.1,0.6,0.53,2026-08-12,2059,N21,VIIRS,n,2.0NRT,290.46,1.97,N,VIIRS_NOAA21_NRT
16.42131,79.32549,295.02,0.47,0.64,2026-08-12,2101,N21,VIIRS,n,2.0NRT,281.89,4.25,N,VIIRS_NOAA21_NRT
11.81451,77.91617,295.43,0.47,0.64,2026-08-12,2104,N21,VIIRS,n,2.0NRT,266.51,0.74,N,VIIRS_NOAA21_NRT
11.81464,77.91698,295.48,0.47,0.64,2026-08-12,2104,N21,VIIRS,n,2.0NRT,266.43,0.75,N,VIIRS_NOAA21_NRT
12.8527,79.90166,295.89,0.61,0.71,2026-08-12,2104,N21,VIIRS,n,2.0NRT,259.57,1.75,N,VIIRS_NOAA21_NRT
12.85319,79.90437,301.93,0.61,0.71,2026-08-12,2104,N21,VIIRS,n,2.0NRT,259.75,1.47,N,VIIRS_NOAA21_NRT
27.46125,95.47672,303.32,0.39,0.36,2026-08-12,1917,N21,VIIRS,n,2.0NRT,288.33,1.45,N,VIIRS_NOAA21_NRT
21.37454,81.64083,303.61,0.63,0.72,2026-08-12,1919,N21,VIIRS,n,2.0NRT,283.57,3.58,N,VIIRS_NOAA21_NRT
21.37605,81.64108,305.16,0.63,0.72,2026-08-12,1919,N21,VIIRS,n,2.0NRT,283.39,3.01,N,VIIRS_NOAA21_NRT
21.80354,82.03912,298.4,0.6,0.71,2026-08-12,1919,N21,VIIRS,n,2.0NRT,275.57,2.72,N,VIIRS_NOAA21_NRT
22.03716,83.34946,302.43,0.5,0.65,2026-08-12,1919,N21,VIIRS,n,2.0NRT,270.62,2.21,N,VIIRS_NOAA21_NRT
11.65928,77.2301,341.05,0.39,0.44,2026-08-12,830,N21,VIIRS,n,2.0NRT,300.41,11.75,D,VIIRS_NOAA21_NRT
28.19945,76.90763,307.02,0.39,0.44,2026-08-12,2057,N21,VIIRS,n,2.0NRT,290.56,1.13,N,VIIRS_NOAA21_NRT
28.37061,77.26281,306.87,0.41,0.45,2026-08-12,2057,N21,VIIRS,n,2.0NRT,291.6,2.43,N,VIIRS_NOAA21_NRT
31.25021,76.92845,303.9,0.52,0.42,2026-08-12,2057,N21,VIIRS,n,2.0NRT,291.35,0.83,N,VIIRS_NOAA21_NRT
31.25867,76.92541,304.18,0.52,0.42,2026-08-12,2057,N21,VIIRS,n,2.0NRT,291.42,1.43,N,VIIRS_NOAA21_NRT
10.88172,79.22351,342.04,0.51,0.5,2026-08-12,828,N21,VIIRS,n,2.0NRT,300.56,8.97,D,VIIRS_NOAA21_NRT
27.96461,95.6046,331.27,0.43,0.38,2026-08-13,633,N21,VIIRS,l,2.0NRT,303.75,12.19,D,VIIRS_NOAA21_NRT
27.95773,95.60609,331.77,0.43,0.38,2026-08-13,633,N21,VIIRS,l,2.0NRT,304.08,7.46,D,VIIRS_NOAA21_NRT
27.95698,95.60178,331.25,0.43,0.38,2026-08-13,633,N21,VIIRS,l,2.0NRT,303.84,12.39,D,VIIRS_NOAA21_NRT
26.88691,93.05493,341.06,0.39,0.44,2026-08-13,633,N21,VIIRS,n,2.0NRT,295.2,5.03,D,VIIRS_NOAA21_NRT
26.26141,74.09524,303.01,0.44,0.62,2026-08-13,2136,N20,VIIRS,n,2.0NRT,287.05,0.9,N,VIIRS_NOAA20_NRT
9.30736,77.42999,306.93,0.49,0.48,2026-08-13,2000,N20,VIIRS,n,2.0NRT,285.54,2.33,N,VIIRS_NOAA20_NRT
17.06605,76.97811,296.17,0.33,0.56,2026-08-13,1957,N20,VIIRS,n,2.0NRT,268.56,0.29,N,VIIRS_NOAA20_NRT
23.76397,86.40507,300.84,0.39,0.36,2026-08-13,1955,N20,VIIRS,n,2.0NRT,285.27,0.83,N,VIIRS_NOAA20_NRT
9.61558,78.6358,334.43,0.52,0.67,2026-08-13,724,N20,VIIRS,n,2.0NRT,288.79,3.4,D,VIIRS_NOAA20_NRT
9.88432,78.81351,331.34,0.5,0.66,2026-08-13,724,N20,VIIRS,n,2.0NRT,290.97,3.15,D,VIIRS_NOAA20_NRT
23.67608,86.39724,331.99,0.38,0.36,2026-08-13,729,N20,VIIRS,n,2.0NRT,292.81,5.77,D,VIIRS_NOAA20_NRT
23.67665,86.40098,333.86,0.38,0.36,2026-08-13,729,N20,VIIRS,n,2.0NRT,294.06,4.48,D,VIIRS_NOAA20_NRT
23.68266,86.39605,333.38,0.38,0.36,2026-08-13,729,N20,VIIRS,n,2.0NRT,292.81,3.35,D,VIIRS_NOAA20_NRT
23.68537,86.39171,330.93,0.38,0.36,2026-08-13,729,N20,VIIRS,n,2.0NRT,292.41,3.35,D,VIIRS_NOAA20_NRT
23.71159,86.45226,346.75,0.38,0.36,2026-08-13,729,N20,VIIRS,n,2.0NRT,295.82,8.25,D,VIIRS_NOAA20_NRT
23.75834,86.40134,333.68,0.38,0.36,2026-08-13,729,N20,VIIRS,n,2.0NRT,294.78,4.42,D,VIIRS_NOAA20_NRT
22.05233,88.12492,307.35,0.39,0.36,2026-08-13,1955,N20,VIIRS,n,2.0NRT,290.93,1.41,N,VIIRS_NOAA20_NRT
22.05295,88.12115,313.37,0.39,0.36,2026-08-13,1955,N20,VIIRS,n,2.0NRT,290.19,1.41,N,VIIRS_NOAA20_NRT
22.06291,88.12305,322.96,0.39,0.36,2026-08-13,1955,N20,VIIRS,n,2.0NRT,290.8,7.71,N,VIIRS_NOAA20_NRT
22.06353,88.11928,312.11,0.39,0.36,2026-08-13,1955,N20,VIIRS,n,2.0NRT,290.33,5.62,N,VIIRS_NOAA20_NRT
22.06623,88.12367,330.11,0.39,0.36,2026-08-13,1955,N20,VIIRS,n,2.0NRT,290.98,3.02,N,VIIRS_NOAA20_NRT
23.69424,86.07922,300.84,0.4,0.37,2026-08-13,1955,N20,VIIRS,n,2.0NRT,284.35,0.7,N,VIIRS_NOAA20_NRT
23.69758,86.0798,298.91,0.4,0.37,2026-08-13,1955,N20,VIIRS,n,2.0NRT,284.13,0.7,N,VIIRS_NOAA20_NRT
23.75229,86.4147,299.86,0.39,0.36,2026-08-13,1955,N20,VIIRS,n,2.0NRT,284.89,1.37,N,VIIRS_NOAA20_NRT
23.75734,86.40388,307.4,0.39,0.36,2026-08-13,1955,N20,VIIRS,n,2.0NRT,285.38,1.18,N,VIIRS_NOAA20_NRT
23.76066,86.40447,303.03,0.39,0.36,2026-08-13,1955,N20,VIIRS,n,2.0NRT,286.09,0.83,N,VIIRS_NOAA20_NRT
23.76123,86.40067,307.01,0.39,0.36,2026-08-13,1955,N20,VIIRS,n,2.0NRT,284.53,0.83,N,VIIRS_NOAA20_NRT
22.06685,88.11991,311.52,0.39,0.36,2026-08-13,1955,N20,VIIRS,n,2.0NRT,290.01,2.32,N,VIIRS_NOAA20_NRT
23.76221,86.40449,340.79,0.38,0.36,2026-08-13,729,N20,VIIRS,n,2.0NRT,294.95,4.42,D,VIIRS_NOAA20_NRT
23.7655,86.40389,339.52,0.38,0.36,2026-08-13,729,N20,VIIRS,n,2.0NRT,294.25,5.14,D,VIIRS_NOAA20_NRT
23.77693,86.39029,334.95,0.38,0.36,2026-08-13,729,N20,VIIRS,n,2.0NRT,293.98,3.65,D,VIIRS_NOAA20_NRT
23.78022,86.38969,334.79,0.38,0.36,2026-08-13,729,N20,VIIRS,n,2.0NRT,294.71,3.65,D,VIIRS_NOAA20_NRT
23.79478,86.35245,333.48,0.38,0.36,2026-08-13,729,N20,VIIRS,n,2.0NRT,291.92,3.78,D,VIIRS_NOAA20_NRT
23.8039,86.32387,339.14,0.38,0.36,2026-08-13,729,N20,VIIRS,n,2.0NRT,291.69,5.76,D,VIIRS_NOAA20_NRT
25.2817,87.65293,335.42,0.4,0.37,2026-08-13,729,N20,VIIRS,n,2.0NRT,294.09,2.39,D,VIIRS_NOAA20_NRT
26.89398,93.03973,342.38,0.49,0.49,2026-08-13,729,N20,VIIRS,n,2.0NRT,293.88,6.64,D,VIIRS_NOAA20_NRT
26.93147,92.41478,342.18,0.45,0.47,2026-08-13,729,N20,VIIRS,n,2.0NRT,293.5,6.62,D,VIIRS_NOAA20_NRT
29.06069,79.5211,330.18,0.39,0.44,2026-08-13,731,N20,VIIRS,n,2.0NRT,297.26,3.85,D,VIIRS_NOAA20_NRT
31.2496,76.92681,302.25,0.38,0.36,2026-08-13,2040,N21,VIIRS,n,2.0NRT,288.06,0.73,N,VIIRS_NOAA21_NRT
29.1239,75.77663,310.57,0.39,0.36,2026-08-13,2040,N21,VIIRS,n,2.0NRT,291.49,1.07,N,VIIRS_NOAA21_NRT
28.66194,77.57907,311.79,0.4,0.37,2026-08-13,2040,N21,VIIRS,n,2.0NRT,282.72,1.33,N,VIIRS_NOAA21_NRT
28.64995,77.58897,306.76,0.4,0.37,2026-08-13,2040,N21,VIIRS,n,2.0NRT,280.16,0.82,N,VIIRS_NOAA21_NRT
28.13188,76.89797,316.67,0.39,0.36,2026-08-13,2040,N21,VIIRS,n,2.0NRT,283.88,1.3,N,VIIRS_NOAA21_NRT
26.30337,72.90213,304.93,0.43,0.38,2026-08-13,2040,N21,VIIRS,n,2.0NRT,291.55,1.36,N,VIIRS_NOAA21_NRT
26.2557,74.09644,304.59,0.4,0.37,2026-08-13,2040,N21,VIIRS,n,2.0NRT,288.02,1.13,N,VIIRS_NOAA21_NRT
25.94138,72.18976,310.18,0.45,0.39,2026-08-13,2040,N21,VIIRS,n,2.0NRT,291.24,1.91,N,VIIRS_NOAA21_NRT
31.32669,76.89336,305.92,0.38,0.36,2026-08-13,2040,N21,VIIRS,n,2.0NRT,289.85,0.97,N,VIIRS_NOAA21_NRT
9.30709,77.43063,301.39,0.46,0.47,2026-08-13,2046,N21,VIIRS,n,2.0NRT,277.06,0.82,N,VIIRS_NOAA21_NRT
18.43314,74.12675,302.22,0.39,0.36,2026-08-13,2044,N21,VIIRS,n,2.0NRT,286.57,0.5,N,VIIRS_NOAA21_NRT
15.65776,73.99023,303.71,0.39,0.36,2026-08-13,2044,N21,VIIRS,n,2.0NRT,273.26,0.56,N,VIIRS_NOAA21_NRT
15.33282,76.28719,296.83,0.48,0.4,2026-08-13,2044,N21,VIIRS,n,2.0NRT,273.93,0.79,N,VIIRS_NOAA21_NRT
10.44673,77.30595,329.87,0.52,0.5,2026-08-13,2000,N20,VIIRS,n,2.0NRT,269.9,4.47,N,VIIRS_NOAA20_NRT
15.18064,76.67478,299.57,0.5,0.41,2026-08-13,2044,N21,VIIRS,n,2.0NRT,273.85,2.93,N,VIIRS_NOAA21_NRT
15.17822,76.67643,304.48,0.5,0.41,2026-08-13,2044,N21,VIIRS,n,2.0NRT,274.83,2.17,N,VIIRS_NOAA21_NRT
15.17692,76.67406,310.03,0.5,0.41,2026-08-13,2044,N21,VIIRS,n,2.0NRT,274.04,1.98,N,VIIRS_NOAA21_NRT
15.17614,76.67867,300.04,0.5,0.41,2026-08-13,2044,N21,VIIRS,n,2.0NRT,274.73,1.98,N,VIIRS_NOAA21_NRT
15.17558,76.65949,298.78,0.5,0.41,2026-08-13,2044,N21,VIIRS,n,2.0NRT,272.52,0.85,N,VIIRS_NOAA21_NRT
15.17451,76.67571,302.01,0.5,0.41,2026-08-13,2044,N21,VIIRS,n,2.0NRT,274.52,2.17,N,VIIRS_NOAA21_NRT
15.17349,77.10117,295.67,0.53,0.42,2026-08-13,2044,N21,VIIRS,n,2.0NRT,272.47,1.22,N,VIIRS_NOAA21_NRT
23.31552,70.48516,305.93,0.51,0.41,2026-08-13,2042,N21,VIIRS,n,2.0NRT,289.89,1.95,N,VIIRS_NOAA21_NRT
22.06686,88.12373,330.36,0.65,0.73,2026-08-13,2042,N21,VIIRS,n,2.0NRT,284.05,9.21,N,VIIRS_NOAA21_NRT
22.06537,88.12983,300.66,0.65,0.73,2026-08-13,2042,N21,VIIRS,n,2.0NRT,283.8,5.76,N,VIIRS_NOAA21_NRT
22.06039,88.12177,367.0,0.65,0.73,2026-08-13,2042,N21,VIIRS,h,2.0NRT,284.21,17.81,N,VIIRS_NOAA21_NRT
22.0589,88.1279,304.57,0.65,0.73,2026-08-13,2042,N21,VIIRS,n,2.0NRT,283.94,10.63,N,VIIRS_NOAA21_NRT
22.05045,88.1057,298.14,0.65,0.73,2026-08-13,2042,N21,VIIRS,n,2.0NRT,283.94,3.37,N,VIIRS_NOAA21_NRT
15.17636,76.65489,300.15,0.5,0.41,2026-08-13,2044,N21,VIIRS,n,2.0NRT,275.86,0.85,N,VIIRS_NOAA21_NRT
15.18193,76.67715,300.0,0.5,0.41,2026-08-13,2044,N21,VIIRS,n,2.0NRT,273.07,1.93,N,VIIRS_NOAA21_NRT
9.97572,79.07961,338.9,0.41,0.37,2026-08-13,809,N21,VIIRS,n,2.0NRT,301.82,5.99,D,VIIRS_NOAA21_NRT
9.86046,78.54808,338.11,0.4,0.37,2026-08-13,809,N21,VIIRS,n,2.0NRT,304.41,2.79,D,VIIRS_NOAA21_NRT
9.82755,78.48745,335.85,0.39,0.36,2026-08-13,809,N21,VIIRS,n,2.0NRT,304.35,2.22,D,VIIRS_NOAA21_NRT
9.14321,78.50316,339.89,0.39,0.36,2026-08-13,809,N21,VIIRS,n,2.0NRT,300.79,4.71,D,VIIRS_NOAA21_NRT
10.04801,78.53002,339.68,0.4,0.37,2026-08-13,809,N21,VIIRS,n,2.0NRT,304.16,10.32,D,VIIRS_NOAA21_NRT
8.53019,78.08766,337.3,0.39,0.36,2026-08-13,809,N21,VIIRS,n,2.0NRT,303.26,4.93,D,VIIRS_NOAA21_NRT
8.66256,77.86464,335.69,0.38,0.36,2026-08-13,809,N21,VIIRS,n,2.0NRT,304.07,1.94,D,VIIRS_NOAA21_NRT
10.77482,79.65644,337.38,0.43,0.38,2026-08-13,809,N21,VIIRS,n,2.0NRT,297.9,3.48,D,VIIRS_NOAA21_NRT
9.93408,78.31805,302.76,0.44,0.46,2026-08-13,2000,N20,VIIRS,n,2.0NRT,277.62,0.25,N,VIIRS_NOAA20_NRT
11.01841,78.15247,334.04,0.39,0.36,2026-08-13,809,N21,VIIRS,n,2.0NRT,292.98,1.59,D,VIIRS_NOAA21_NRT
10.77733,78.9091,352.69,0.41,0.37,2026-08-13,809,N21,VIIRS,n,2.0NRT,301.95,12.87,D,VIIRS_NOAA21_NRT
31.15114,74.8723,330.75,0.43,0.38,2026-08-13,816,N21,VIIRS,l,2.0NRT,305.45,7.15,D,VIIRS_NOAA21_NRT
30.8752,76.01562,331.42,0.47,0.4,2026-08-13,816,N21,VIIRS,n,2.0NRT,299.34,3.37,D,VIIRS_NOAA21_NRT
11.05683,78.87433,337.61,0.41,0.37,2026-08-13,809,N21,VIIRS,n,2.0NRT,295.94,4.14,D,VIIRS_NOAA21_NRT
30.59028,74.81104,332.2,0.42,0.38,2026-08-13,816,N21,VIIRS,n,2.0NRT,300.42,3.41,D,VIIRS_NOAA21_NRT
11.81037,77.923,335.58,0.39,0.36,2026-08-13,809,N21,VIIRS,n,2.0NRT,285.03,2.99,D,VIIRS_NOAA21_NRT
15.07114,76.86419,304.21,0.39,0.36,2026-08-14,2025,N21,VIIRS,n,2.0NRT,287.39,1.78,N,VIIRS_NOAA21_NRT
28.77656,76.94697,309.26,0.48,0.4,2026-08-14,2021,N21,VIIRS,n,2.0NRT,283.83,1.01,N,VIIRS_NOAA21_NRT
12.96664,77.33076,307.6,0.39,0.36,2026-08-14,2025,N21,VIIRS,n,2.0NRT,276.07,1.16,N,VIIRS_NOAA21_NRT
22.33806,69.85318,301.63,0.35,0.57,2026-08-14,2023,N21,VIIRS,n,2.0NRT,287.78,2.08,N,VIIRS_NOAA21_NRT
17.36994,77.44634,302.25,0.39,0.36,2026-08-14,2023,N21,VIIRS,n,2.0NRT,283.63,1.09,N,VIIRS_NOAA21_NRT
15.91339,77.36324,301.26,0.38,0.36,2026-08-14,2023,N21,VIIRS,n,2.0NRT,281.92,0.63,N,VIIRS_NOAA21_NRT
29.12209,75.77994,305.7,0.55,0.43,2026-08-14,2021,N21,VIIRS,n,2.0NRT,286.54,1.66,N,VIIRS_NOAA21_NRT
23.68088,86.09412,298.85,0.45,0.47,2026-08-14,2021,N21,VIIRS,n,2.0NRT,264.4,0.73,N,VIIRS_NOAA21_NRT
23.78111,86.20776,302.91,0.46,0.47,2026-08-14,2021,N21,VIIRS,n,2.0NRT,266.36,1.0,N,VIIRS_NOAA21_NRT
23.78022,86.21217,302.71,0.46,0.47,2026-08-14,2021,N21,VIIRS,n,2.0NRT,263.72,1.0,N,VIIRS_NOAA21_NRT
23.69793,86.07546,310.07,0.45,0.47,2026-08-14,2021,N21,VIIRS,n,2.0NRT,265.7,2.22,N,VIIRS_NOAA21_NRT
23.3117,70.19884,296.28,0.34,0.56,2026-08-14,2021,N21,VIIRS,n,2.0NRT,278.56,1.04,N,VIIRS_NOAA21_NRT
22.36108,87.01765,299.81,0.55,0.51,2026-08-14,2021,N21,VIIRS,n,2.0NRT,273.09,1.08,N,VIIRS_NOAA21_NRT
21.7299,82.21591,301.56,0.45,0.39,2026-08-14,2021,N21,VIIRS,n,2.0NRT,281.85,1.24,N,VIIRS_NOAA21_NRT
15.16881,76.67149,313.67,0.39,0.36,2026-08-14,2025,N21,VIIRS,n,2.0NRT,290.93,1.76,N,VIIRS_NOAA21_NRT
28.77631,76.95009,309.9,0.48,0.4,2026-08-14,2021,N21,VIIRS,n,2.0NRT,283.92,1.33,N,VIIRS_NOAA21_NRT
15.16943,76.71198,304.01,0.39,0.36,2026-08-14,2025,N21,VIIRS,n,2.0NRT,290.34,0.75,N,VIIRS_NOAA21_NRT
15.18315,76.66641,336.19,0.39,0.36,2026-08-14,2025,N21,VIIRS,n,2.0NRT,291.06,3.57,N,VIIRS_NOAA21_NRT
15.1727,76.69048,319.58,0.39,0.36,2026-08-14,2025,N21,VIIRS,n,2.0NRT,290.51,1.54,N,VIIRS_NOAA21_NRT
15.33766,76.24979,314.96,0.4,0.37,2026-08-14,2025,N21,VIIRS,n,2.0NRT,290.03,1.87,N,VIIRS_NOAA21_NRT
15.33663,76.27954,306.53,0.4,0.37,2026-08-14,2025,N21,VIIRS,n,2.0NRT,288.26,1.23,N,VIIRS_NOAA21_NRT
15.3322,76.28632,309.72,0.4,0.37,2026-08-14,2025,N21,VIIRS,n,2.0NRT,288.92,1.39,N,VIIRS_NOAA21_NRT
15.18756,76.65977,308.31,0.39,0.36,2026-08-14,2025,N21,VIIRS,n,2.0NRT,292.07,1.66,N,VIIRS_NOAA21_NRT
15.18533,76.65205,304.95,0.39,0.36,2026-08-14,2025,N21,VIIRS,n,2.0NRT,290.93,1.4,N,VIIRS_NOAA21_NRT
15.18311,76.64435,330.63,0.39,0.36,2026-08-14,2025,N21,VIIRS,n,2.0NRT,291.69,7.91,N,VIIRS_NOAA21_NRT
15.17984,76.66589,307.06,0.39,0.36,2026-08-14,2025,N21,VIIRS,n,2.0NRT,291.25,3.57,N,VIIRS_NOAA21_NRT
15.17875,76.67307,305.99,0.39,0.36,2026-08-14,2025,N21,VIIRS,n,2.0NRT,290.94,2.57,N,VIIRS_NOAA21_NRT
15.17816,76.65459,323.15,0.39,0.36,2026-08-14,2025,N21,VIIRS,n,2.0NRT,290.91,1.85,N,VIIRS_NOAA21_NRT
15.17762,76.65818,316.18,0.39,0.36,2026-08-14,2025,N21,VIIRS,n,2.0NRT,290.81,1.85,N,VIIRS_NOAA21_NRT
15.17489,76.67612,305.4,0.39,0.36,2026-08-14,2025,N21,VIIRS,n,2.0NRT,290.78,1.19,N,VIIRS_NOAA21_NRT
15.17485,76.65406,327.9,0.39,0.36,2026-08-14,2025,N21,VIIRS,n,2.0NRT,290.9,1.85,N,VIIRS_NOAA21_NRT
15.17438,76.70177,305.85,0.39,0.36,2026-08-14,2025,N21,VIIRS,n,2.0NRT,290.27,0.49,N,VIIRS_NOAA21_NRT
15.1743,76.65765,310.65,0.39,0.36,2026-08-14,2025,N21,VIIRS,n,2.0NRT,290.8,1.85,N,VIIRS_NOAA21_NRT
15.17376,76.66125,320.71,0.39,0.36,2026-08-14,2025,N21,VIIRS,n,2.0NRT,291.03,1.57,N,VIIRS_NOAA21_NRT
15.17321,76.66483,307.47,0.39,0.36,2026-08-14,2025,N21,VIIRS,n,2.0NRT,290.17,1.57,N,VIIRS_NOAA21_NRT
15.17216,76.69408,309.58,0.39,0.36,2026-08-14,2025,N21,VIIRS,n,2.0NRT,290.41,1.54,N,VIIRS_NOAA21_NRT
15.17319,76.66232,335.42,0.52,0.41,2026-08-14,752,N21,VIIRS,n,2.0NRT,295.22,5.73,D,VIIRS_NOAA21_NRT
27.00496,94.63396,297.18,0.43,0.62,2026-08-14,1841,N21,VIIRS,n,2.0NRT,287.16,4.28,N,VIIRS_NOAA21_NRT
8.90293,77.7048,331.99,0.56,0.43,2026-08-14,750,N21,VIIRS,n,2.0NRT,299.06,2.92,D,VIIRS_NOAA21_NRT
8.72674,77.83636,334.57,0.55,0.43,2026-08-14,750,N21,VIIRS,n,2.0NRT,297.43,1.74,D,VIIRS_NOAA21_NRT
28.51908,95.82986,334.78,0.47,0.48,2026-08-14,616,N21,VIIRS,n,2.0NRT,293.55,3.11,D,VIIRS_NOAA21_NRT
25.06572,93.99839,347.14,0.36,0.57,2026-08-14,614,N21,VIIRS,n,2.0NRT,294.3,5.26,D,VIIRS_NOAA21_NRT
25.06441,93.99954,347.64,0.36,0.57,2026-08-14,614,N21,VIIRS,n,2.0NRT,293.68,5.98,D,VIIRS_NOAA21_NRT
9.12011,77.84572,343.81,0.54,0.42,2026-08-14,750,N21,VIIRS,n,2.0NRT,302.12,11.29,D,VIIRS_NOAA21_NRT
9.19533,78.4641,334.2,0.5,0.41,2026-08-14,750,N21,VIIRS,n,2.0NRT,299.74,4.26,D,VIIRS_NOAA21_NRT
16.98302,81.56271,338.91,0.39,0.36,2026-08-14,752,N21,VIIRS,n,2.0NRT,291.54,9.67,D,VIIRS_NOAA21_NRT
15.99327,76.8434,333.71,0.49,0.41,2026-08-14,752,N21,VIIRS,n,2.0NRT,282.62,2.92,D,VIIRS_NOAA21_NRT
15.18235,76.66698,334.88,0.52,0.41,2026-08-14,752,N21,VIIRS,n,2.0NRT,295.06,4.36,D,VIIRS_NOAA21_NRT
15.18152,76.66567,335.68,0.52,0.41,2026-08-14,752,N21,VIIRS,n,2.0NRT,295.83,4.43,D,VIIRS_NOAA21_NRT
15.17615,76.65688,330.16,0.52,0.42,2026-08-14,752,N21,VIIRS,n,2.0NRT,297.02,4.84,D,VIIRS_NOAA21_NRT
10.32337,79.36299,334.7,0.44,0.38,2026-08-14,752,N21,VIIRS,n,2.0NRT,298.81,6.63,D,VIIRS_NOAA21_NRT
10.22275,78.3579,335.27,0.49,0.4,2026-08-14,752,N21,VIIRS,n,2.0NRT,298.04,5.02,D,VIIRS_NOAA21_NRT
9.82805,78.29053,334.35,0.5,0.41,2026-08-14,752,N21,VIIRS,n,2.0NRT,297.64,3.12,D,VIIRS_NOAA21_NRT
9.50622,78.77958,332.95,0.48,0.4,2026-08-14,750,N21,VIIRS,n,2.0NRT,293.65,4.88,D,VIIRS_NOAA21_NRT
9.49129,78.61803,336.21,0.49,0.4,2026-08-14,750,N21,VIIRS,n,2.0NRT,301.61,12.14,D,VIIRS_NOAA21_NRT
9.43115,78.27111,337.53,0.51,0.41,2026-08-14,750,N21,VIIRS,n,2.0NRT,301.74,7.25,D,VIIRS_NOAA21_NRT
9.36281,78.79712,338.52,0.48,0.4,2026-08-14,750,N21,VIIRS,n,2.0NRT,302.49,4.93,D,VIIRS_NOAA21_NRT
27.26173,95.1496,299.67,0.4,0.6,2026-08-14,1841,N21,VIIRS,n,2.0NRT,288.13,3.16,N,VIIRS_NOAA21_NRT
14.38171,78.2594,338.71,0.41,0.61,2026-08-14,848,N20,VIIRS,n,2.0NRT,287.9,4.51,D,VIIRS_NOAA20_NRT
14.38047,78.25787,334.96,0.41,0.61,2026-08-14,848,N20,VIIRS,n,2.0NRT,288.42,4.14,D,VIIRS_NOAA20_NRT
26.76095,83.19885,295.11,0.35,0.57,2026-08-14,1936,N20,VIIRS,n,2.0NRT,264.71,0.46,N,VIIRS_NOAA20_NRT
23.48498,87.36285,306.09,0.54,0.42,2026-08-14,1938,N20,VIIRS,n,2.0NRT,273.58,0.93,N,VIIRS_NOAA20_NRT
25.94182,72.19268,312.41,0.54,0.42,2026-08-14,2118,N20,VIIRS,n,2.0NRT,290.45,1.71,N,VIIRS_NOAA20_NRT
22.93377,69.69614,312.98,0.45,0.39,2026-08-14,2118,N20,VIIRS,n,2.0NRT,288.2,2.25,N,VIIRS_NOAA20_NRT
21.37745,81.64008,295.18,0.38,0.59,2026-08-14,1938,N20,VIIRS,n,2.0NRT,271.24,1.24,N,VIIRS_NOAA20_NRT
15.18426,76.66785,297.5,0.69,0.74,2026-08-14,1940,N20,VIIRS,n,2.0NRT,273.19,3.55,N,VIIRS_NOAA20_NRT
15.18363,76.67431,295.95,0.69,0.74,2026-08-14,1940,N20,VIIRS,n,2.0NRT,273.16,2.31,N,VIIRS_NOAA20_NRT
15.1836,76.66831,298.19,0.69,0.74,2026-08-14,1940,N20,VIIRS,n,2.0NRT,273.15,0.97,N,VIIRS_NOAA20_NRT
15.18293,76.67477,296.27,0.69,0.74,2026-08-14,1940,N20,VIIRS,n,2.0NRT,273.59,0.97,N,VIIRS_NOAA20_NRT
15.17863,76.65427,300.27,0.69,0.74,2026-08-14,1940,N20,VIIRS,n,2.0NRT,276.02,3.04,N,VIIRS_NOAA20_NRT
15.17805,76.65479,300.83,0.69,0.74,2026-08-14,1940,N20,VIIRS,n,2.0NRT,276.68,2.51,N,VIIRS_NOAA20_NRT
23.56334,87.08531,298.19,0.56,0.43,2026-08-14,1938,N20,VIIRS,n,2.0NRT,271.17,0.68,N,VIIRS_NOAA20_NRT
9.89835,77.83366,350.48,0.33,0.56,2026-08-14,845,N20,VIIRS,n,2.0NRT,294.89,4.18,D,VIIRS_NOAA20_NRT
9.84466,77.92301,334.67,0.34,0.56,2026-08-14,845,N20,VIIRS,n,2.0NRT,294.46,3.64,D,VIIRS_NOAA20_NRT
25.99782,93.54985,346.08,0.43,0.38,2026-08-14,709,N20,VIIRS,n,2.0NRT,291.52,6.19,D,VIIRS_NOAA20_NRT
25.80267,93.35385,332.42,0.43,0.38,2026-08-14,709,N20,VIIRS,n,2.0NRT,297.05,3.28,D,VIIRS_NOAA20_NRT
9.84711,77.92158,338.34,0.34,0.56,2026-08-14,845,N20,VIIRS,n,2.0NRT,294.34,6.82,D,VIIRS_NOAA20_NRT
25.78723,93.29169,333.86,0.42,0.38,2026-08-14,709,N20,VIIRS,n,2.0NRT,297.44,2.67,D,VIIRS_NOAA20_NRT
9.67238,77.66545,340.87,0.32,0.55,2026-08-14,845,N20,VIIRS,n,2.0NRT,295.56,5.27,D,VIIRS_NOAA20_NRT
9.61044,77.69771,330.73,0.32,0.55,2026-08-14,845,N20,VIIRS,n,2.0NRT,294.45,1.82,D,VIIRS_NOAA20_NRT
9.48519,78.8107,351.98,0.38,0.59,2026-08-14,845,N20,VIIRS,n,2.0NRT,292.67,7.47,D,VIIRS_NOAA20_NRT
9.41618,77.8159,341.75,0.33,0.55,2026-08-14,845,N20,VIIRS,n,2.0NRT,292.3,4.27,D,VIIRS_NOAA20_NRT
8.89687,77.86032,347.59,0.32,0.55,2026-08-14,845,N20,VIIRS,n,2.0NRT,291.12,4.36,D,VIIRS_NOAA20_NRT
24.13888,82.70657,297.09,0.4,0.37,2026-08-15,2004,N21,VIIRS,n,2.0NRT,267.82,0.47,N,VIIRS_NOAA21_NRT
23.80388,86.3287,315.04,0.41,0.37,2026-08-15,2004,N21,VIIRS,n,2.0NRT,268.47,1.54,N,VIIRS_NOAA21_NRT
24.18051,82.64401,299.92,0.4,0.37,2026-08-15,2004,N21,VIIRS,n,2.0NRT,271.81,0.71,N,VIIRS_NOAA21_NRT
25.94142,72.18773,302.88,0.55,0.68,2026-08-15,2004,N21,VIIRS,n,2.0NRT,282.11,0.81,N,VIIRS_NOAA21_NRT
23.8032,86.33268,303.78,0.41,0.37,2026-08-15,2004,N21,VIIRS,n,2.0NRT,266.45,1.54,N,VIIRS_NOAA21_NRT
12.28897,78.93392,302.16,0.44,0.38,2026-08-15,2006,N21,VIIRS,n,2.0NRT,275.11,1.08,N,VIIRS_NOAA21_NRT
12.8923,79.8503,307.39,0.41,0.37,2026-08-15,2006,N21,VIIRS,n,2.0NRT,283.07,1.16,N,VIIRS_NOAA21_NRT
15.17528,76.65529,303.63,0.42,0.45,2026-08-15,2006,N21,VIIRS,n,2.0NRT,283.91,2.21,N,VIIRS_NOAA21_NRT
15.02366,78.01456,315.9,0.52,0.41,2026-08-15,2006,N21,VIIRS,n,2.0NRT,288.07,2.22,N,VIIRS_NOAA21_NRT
15.18103,76.67553,301.52,0.42,0.45,2026-08-15,2006,N21,VIIRS,n,2.0NRT,280.76,2.24,N,VIIRS_NOAA21_NRT
15.18153,76.6717,301.14,0.42,0.45,2026-08-15,2006,N21,VIIRS,n,2.0NRT,283.97,0.91,N,VIIRS_NOAA21_NRT
23.80117,86.32407,311.36,0.41,0.37,2026-08-15,2004,N21,VIIRS,n,2.0NRT,267.94,1.89,N,VIIRS_NOAA21_NRT
18.68459,73.04036,324.75,0.4,0.6,2026-08-15,2006,N21,VIIRS,n,2.0NRT,287.55,5.13,N,VIIRS_NOAA21_NRT
15.18204,76.66786,300.67,0.42,0.45,2026-08-15,2006,N21,VIIRS,n,2.0NRT,281.88,0.91,N,VIIRS_NOAA21_NRT
18.67984,73.03214,305.58,0.4,0.6,2026-08-15,2006,N21,VIIRS,n,2.0NRT,287.28,1.39,N,VIIRS_NOAA21_NRT
13.60485,76.79096,298.68,0.39,0.44,2026-08-15,2006,N21,VIIRS,n,2.0NRT,279.2,0.43,N,VIIRS_NOAA21_NRT
23.79641,86.35195,305.87,0.41,0.37,2026-08-15,2004,N21,VIIRS,n,2.0NRT,269.92,1.27,N,VIIRS_NOAA21_NRT
23.76577,86.40484,299.35,0.41,0.37,2026-08-15,2004,N21,VIIRS,n,2.0NRT,265.0,0.68,N,VIIRS_NOAA21_NRT
23.78097,86.21037,314.57,0.41,0.37,2026-08-15,2004,N21,VIIRS,n,2.0NRT,269.06,1.81,N,VIIRS_NOAA21_NRT
23.69623,87.09511,301.89,0.44,0.38,2026-08-15,2004,N21,VIIRS,n,2.0NRT,275.93,0.55,N,VIIRS_NOAA21_NRT
23.694,87.1078,300.63,0.44,0.38,2026-08-15,2004,N21,VIIRS,n,2.0NRT,276.68,0.75,N,VIIRS_NOAA21_NRT
18.68574,73.02896,310.28,0.4,0.6,2026-08-15,2006,N21,VIIRS,n,2.0NRT,287.37,1.63,N,VIIRS_NOAA21_NRT
23.7556,86.40281,301.35,0.41,0.37,2026-08-15,2004,N21,VIIRS,n,2.0NRT,267.61,1.28,N,VIIRS_NOAA21_NRT
23.75899,86.40348,308.39,0.41,0.37,2026-08-15,2004,N21,VIIRS,n,2.0NRT,266.17,1.05,N,VIIRS_NOAA21_NRT
23.75966,86.3995,295.89,0.41,0.37,2026-08-15,2004,N21,VIIRS,n,2.0NRT,265.79,1.04,N,VIIRS_NOAA21_NRT
23.76238,86.40415,303.35,0.41,0.37,2026-08-15,2004,N21,VIIRS,n,2.0NRT,264.89,1.05,N,VIIRS_NOAA21_NRT
23.76645,86.40085,297.18,0.41,0.37,2026-08-15,2004,N21,VIIRS,n,2.0NRT,264.94,0.87,N,VIIRS_NOAA21_NRT
23.7725,86.36485,297.12,0.41,0.37,2026-08-15,2004,N21,VIIRS,n,2.0NRT,266.94,0.48,N,VIIRS_NOAA21_NRT
23.77284,86.19653,298.99,0.41,0.37,2026-08-15,2004,N21,VIIRS,n,2.0NRT,270.23,1.2,N,VIIRS_NOAA21_NRT
23.77422,86.20907,296.75,0.41,0.37,2026-08-15,2004,N21,VIIRS,n,2.0NRT,269.44,1.37,N,VIIRS_NOAA21_NRT
23.77592,86.38617,296.63,0.41,0.37,2026-08-15,2004,N21,VIIRS,n,2.0NRT,267.2,0.99,N,VIIRS_NOAA21_NRT
23.77759,86.20972,303.54,0.41,0.37,2026-08-15,2004,N21,VIIRS,n,2.0NRT,268.91,1.81,N,VIIRS_NOAA21_NRT
23.77826,86.20576,295.41,0.41,0.37,2026-08-15,2004,N21,VIIRS,n,2.0NRT,269.02,1.26,N,VIIRS_NOAA21_NRT
23.77864,86.39085,305.66,0.41,0.37,2026-08-15,2004,N21,VIIRS,n,2.0NRT,267.05,1.37,N,VIIRS_NOAA21_NRT
23.78329,86.34228,301.4,0.41,0.37,2026-08-15,2004,N21,VIIRS,n,2.0NRT,269.38,1.02,N,VIIRS_NOAA21_NRT
34.07652,73.60866,301.93,0.41,0.6,2026-08-15,2142,N21,VIIRS,n,2.0NRT,283.15,1.38,N,VIIRS_NOAA21_NRT
22.93069,69.69711,303.82,0.43,0.62,2026-08-15,2144,N21,VIIRS,n,2.0NRT,284.85,2.21,N,VIIRS_NOAA21_NRT
25.94344,72.19431,304.75,0.53,0.67,2026-08-15,2144,N21,VIIRS,n,2.0NRT,287.73,1.05,N,VIIRS_NOAA21_NRT
14.7293,79.64517,295.15,0.43,0.62,2026-08-15,2101,N20,VIIRS,n,2.0NRT,283.88,3.81,N,VIIRS_NOAA20_NRT
14.72852,79.64909,295.51,0.43,0.62,2026-08-15,2101,N20,VIIRS,n,2.0NRT,284.39,3.81,N,VIIRS_NOAA20_NRT
13.16184,80.28695,302.34,0.5,0.66,2026-08-15,2101,N20,VIIRS,n,2.0NRT,281.67,1.69,N,VIIRS_NOAA20_NRT
23.69326,87.11204,299.87,0.44,0.38,2026-08-15,2004,N21,VIIRS,n,2.0NRT,277.17,0.72,N,VIIRS_NOAA21_NRT
11.83828,78.92923,300.05,0.43,0.62,2026-08-15,2101,N20,VIIRS,n,2.0NRT,269.3,1.43,N,VIIRS_NOAA20_NRT
11.85533,79.07175,303.95,0.43,0.38,2026-08-15,2008,N21,VIIRS,n,2.0NRT,278.72,0.53,N,VIIRS_NOAA21_NRT
8.84948,78.13552,301.57,0.44,0.38,2026-08-15,2008,N21,VIIRS,n,2.0NRT,278.13,0.4,N,VIIRS_NOAA21_NRT
9.33689,78.60879,312.96,0.42,0.38,2026-08-15,2008,N21,VIIRS,n,2.0NRT,277.63,0.99,N,VIIRS_NOAA21_NRT
9.99166,77.401,300.49,0.49,0.4,2026-08-15,2008,N21,VIIRS,n,2.0NRT,276.8,0.64,N,VIIRS_NOAA21_NRT
10.62463,79.11826,330.62,0.42,0.37,2026-08-15,2008,N21,VIIRS,n,2.0NRT,269.35,4.52,N,VIIRS_NOAA21_NRT
23.69252,87.11627,303.55,0.44,0.38,2026-08-15,2004,N21,VIIRS,n,2.0NRT,279.41,0.72,N,VIIRS_NOAA21_NRT
23.69104,87.12474,304.85,0.44,0.38,2026-08-15,2004,N21,VIIRS,n,2.0NRT,280.89,1.2,N,VIIRS_NOAA21_NRT
11.83588,78.92783,302.58,0.43,0.62,2026-08-15,2101,N20,VIIRS,n,2.0NRT,269.27,1.25,N,VIIRS_NOAA20_NRT
27.26608,88.32048,329.65,0.4,0.44,2026-08-15,735,N21,VIIRS,n,2.0NRT,290.17,1.72,D,VIIRS_NOAA21_NRT
17.46703,79.2114,331.08,0.43,0.46,2026-08-15,733,N21,VIIRS,n,2.0NRT,293.72,4.98,D,VIIRS_NOAA21_NRT
17.46508,79.2121,333.24,0.43,0.46,2026-08-15,733,N21,VIIRS,n,2.0NRT,293.94,3.73,D,VIIRS_NOAA21_NRT
14.42142,79.66338,332.09,0.45,0.47,2026-08-15,733,N21,VIIRS,n,2.0NRT,291.7,4.17,D,VIIRS_NOAA21_NRT
12.12039,78.81626,330.59,0.57,0.52,2026-08-15,731,N21,VIIRS,n,2.0NRT,287.88,6.52,D,VIIRS_NOAA21_NRT
23.69178,87.12051,311.83,0.44,0.38,2026-08-15,2004,N21,VIIRS,n,2.0NRT,281.6,1.2,N,VIIRS_NOAA21_NRT
22.5921,85.90424,305.4,0.41,0.37,2026-08-15,2004,N21,VIIRS,n,2.0NRT,286.7,1.28,N,VIIRS_NOAA21_NRT
22.60765,85.91538,303.87,0.41,0.37,2026-08-15,2004,N21,VIIRS,n,2.0NRT,286.49,0.99,N,VIIRS_NOAA21_NRT
22.7896,86.19486,303.96,0.41,0.37,2026-08-15,2004,N21,VIIRS,n,2.0NRT,274.91,1.93,N,VIIRS_NOAA21_NRT
22.7903,86.21149,304.71,0.42,0.37,2026-08-15,2004,N21,VIIRS,n,2.0NRT,278.59,1.16,N,VIIRS_NOAA21_NRT
22.80027,86.09014,314.02,0.41,0.37,2026-08-15,2004,N21,VIIRS,n,2.0NRT,285.76,1.94,N,VIIRS_NOAA21_NRT
23.56034,87.08199,298.46,0.44,0.38,2026-08-15,2004,N21,VIIRS,n,2.0NRT,269.75,0.3,N,VIIRS_NOAA21_NRT
23.66343,87.15858,305.82,0.44,0.38,2026-08-15,2004,N21,VIIRS,n,2.0NRT,274.29,1.18,N,VIIRS_NOAA21_NRT
23.66418,87.15434,318.53,0.44,0.38,2026-08-15,2004,N21,VIIRS,n,2.0NRT,275.81,2.82,N,VIIRS_NOAA21_NRT
23.6748,86.08788,300.76,0.41,0.37,2026-08-15,2004,N21,VIIRS,n,2.0NRT,275.89,1.64,N,VIIRS_NOAA21_NRT
23.67487,86.10822,307.29,0.41,0.37,2026-08-15,2004,N21,VIIRS,n,2.0NRT,274.98,0.86,N,VIIRS_NOAA21_NRT
23.67553,86.10428,298.55,0.41,0.37,2026-08-15,2004,N21,VIIRS,n,2.0NRT,274.35,0.92,N,VIIRS_NOAA21_NRT
23.68087,86.09315,301.73,0.41,0.37,2026-08-15,2004,N21,VIIRS,n,2.0NRT,275.42,1.2,N,VIIRS_NOAA21_NRT
23.6883,87.1198,308.36,0.44,0.38,2026-08-15,2004,N21,VIIRS,n,2.0NRT,280.97,1.2,N,VIIRS_NOAA21_NRT
23.68853,87.0979,298.0,0.44,0.38,2026-08-15,2004,N21,VIIRS,n,2.0NRT,275.06,0.71,N,VIIRS_NOAA21_NRT
23.68891,86.08664,309.32,0.41,0.37,2026-08-15,2004,N21,VIIRS,n,2.0NRT,274.64,1.72,N,VIIRS_NOAA21_NRT
11.21631,77.89581,297.11,0.38,0.58,2026-08-15,2101,N20,VIIRS,n,2.0NRT,270.39,0.42,N,VIIRS_NOAA20_NRT
26.8749,73.51551,304.76,0.39,0.36,2026-08-15,2057,N20,VIIRS,n,2.0NRT,283.94,0.8,N,VIIRS_NOAA20_NRT
23.69072,68.83242,302.62,0.43,0.38,2026-08-15,2059,N20,VIIRS,n,2.0NRT,288.23,0.99,N,VIIRS_NOAA20_NRT
26.34472,70.91782,340.29,0.39,0.36,2026-08-15,833,N20,VIIRS,n,2.0NRT,301.53,3.27,D,VIIRS_NOAA20_NRT
23.00243,72.25909,330.84,0.4,0.37,2026-08-15,833,N20,VIIRS,n,2.0NRT,299.77,5.34,D,VIIRS_NOAA20_NRT
17.76806,79.02612,331.63,0.49,0.49,2026-08-15,830,N20,VIIRS,n,2.0NRT,290.83,1.73,D,VIIRS_NOAA20_NRT
15.36085,78.26549,332.5,0.41,0.45,2026-08-15,828,N20,VIIRS,n,2.0NRT,285.98,1.69,D,VIIRS_NOAA20_NRT
15.17854,76.65572,333.15,0.49,0.41,2026-08-15,828,N20,VIIRS,n,2.0NRT,281.13,4.69,D,VIIRS_NOAA20_NRT
15.17682,76.6573,331.4,0.49,0.41,2026-08-15,828,N20,VIIRS,n,2.0NRT,282.24,2.04,D,VIIRS_NOAA20_NRT
15.11341,79.33398,330.16,0.48,0.48,2026-08-15,828,N20,VIIRS,n,2.0NRT,291.92,5.63,D,VIIRS_NOAA20_NRT
14.66441,79.82272,331.71,0.5,0.49,2026-08-15,828,N20,VIIRS,n,2.0NRT,284.79,3.71,D,VIIRS_NOAA20_NRT
14.66047,79.828,350.57,0.5,0.49,2026-08-15,828,N20,VIIRS,n,2.0NRT,285.43,12.56,D,VIIRS_NOAA20_NRT
14.04676,79.78108,332.58,0.49,0.49,2026-08-15,828,N20,VIIRS,n,2.0NRT,295.15,3.22,D,VIIRS_NOAA20_NRT
12.45564,77.96281,332.53,0.54,0.42,2026-08-15,828,N20,VIIRS,n,2.0NRT,292.7,13.54,D,VIIRS_NOAA20_NRT
12.45337,78.93562,331.98,0.41,0.45,2026-08-15,828,N20,VIIRS,n,2.0NRT,300.09,2.31,D,VIIRS_NOAA20_NRT
27.39485,70.48853,342.4,0.39,0.36,2026-08-15,833,N20,VIIRS,n,2.0NRT,305.48,6.81,D,VIIRS_NOAA20_NRT
11.94247,76.73534,346.45,0.46,0.39,2026-08-15,828,N20,VIIRS,n,2.0NRT,296.71,5.3,D,VIIRS_NOAA20_NRT
22.3657,87.30025,297.48,0.34,0.56,2026-08-15,1917,N20,VIIRS,n,2.0NRT,274.23,0.85,N,VIIRS_NOAA20_NRT
11.94186,76.73113,345.86,0.46,0.39,2026-08-15,828,N20,VIIRS,n,2.0NRT,296.88,5.3,D,VIIRS_NOAA20_NRT
11.91172,78.91966,334.19,0.4,0.45,2026-08-15,828,N20,VIIRS,n,2.0NRT,278.6,5.34,D,VIIRS_NOAA20_NRT
11.9112,78.91595,340.3,0.4,0.45,2026-08-15,828,N20,VIIRS,n,2.0NRT,280.15,7.64,D,VIIRS_NOAA20_NRT
28.15596,95.59682,334.4,0.39,0.36,2026-08-15,652,N20,VIIRS,n,2.0NRT,295.37,3.92,D,VIIRS_NOAA20_NRT
28.01448,95.62774,334.27,0.39,0.36,2026-08-15,652,N20,VIIRS,n,2.0NRT,297.59,4.13,D,VIIRS_NOAA20_NRT
27.96747,95.60845,330.97,0.39,0.36,2026-08-15,652,N20,VIIRS,n,2.0NRT,300.94,7.01,D,VIIRS_NOAA20_NRT
11.74272,79.05394,330.76,0.41,0.45,2026-08-15,828,N20,VIIRS,n,2.0NRT,283.42,2.19,D,VIIRS_NOAA20_NRT
9.26736,77.4988,334.12,0.47,0.4,2026-08-15,828,N20,VIIRS,n,2.0NRT,282.0,4.02,D,VIIRS_NOAA20_NRT
9.18277,78.05066,337.67,0.5,0.41,2026-08-15,828,N20,VIIRS,n,2.0NRT,286.37,8.23,D,VIIRS_NOAA20_NRT
8.98031,77.76226,331.28,0.48,0.4,2026-08-15,828,N20,VIIRS,n,2.0NRT,288.1,2.1,D,VIIRS_NOAA20_NRT
8.91909,77.88136,332.02,0.49,0.4,2026-08-15,828,N20,VIIRS,n,2.0NRT,291.9,1.8,D,VIIRS_NOAA20_NRT
8.86184,77.84931,333.46,0.48,0.4,2026-08-15,828,N20,VIIRS,n,2.0NRT,294.96,2.34,D,VIIRS_NOAA20_NRT
8.85816,77.84985,331.43,0.48,0.4,2026-08-15,828,N20,VIIRS,n,2.0NRT,295.32,1.75,D,VIIRS_NOAA20_NRT
8.72452,77.74837,332.27,0.48,0.4,2026-08-15,828,N20,VIIRS,n,2.0NRT,299.1,2.55,D,VIIRS_NOAA20_NRT
8.72422,77.74713,332.25,0.48,0.4,2026-08-15,828,N20,VIIRS,n,2.0NRT,299.0,3.01,D,VIIRS_NOAA20_NRT
8.71118,78.09945,330.16,0.5,0.41,2026-08-15,828,N20,VIIRS,l,2.0NRT,300.21,2.86,D,VIIRS_NOAA20_NRT
9.99408,77.39984,303.54,0.37,0.58,2026-08-15,2101,N20,VIIRS,n,2.0NRT,270.96,0.58,N,VIIRS_NOAA20_NRT
23.55642,87.2413,299.46,0.36,0.57,2026-08-15,1917,N20,VIIRS,n,2.0NRT,268.09,1.94,N,VIIRS_NOAA20_NRT
22.78325,86.20175,300.43,0.41,0.61,2026-08-15,1917,N20,VIIRS,n,2.0NRT,268.66,0.97,N,VIIRS_NOAA20_NRT
23.56204,87.23838,337.89,0.36,0.57,2026-08-15,1917,N20,VIIRS,n,2.0NRT,268.74,1.94,N,VIIRS_NOAA20_NRT
21.10713,72.64651,317.55,0.41,0.37,2026-08-15,2059,N20,VIIRS,n,2.0NRT,263.15,2.64,N,VIIRS_NOAA20_NRT
18.68538,73.04238,314.54,0.44,0.38,2026-08-15,2059,N20,VIIRS,n,2.0NRT,289.93,2.03,N,VIIRS_NOAA20_NRT
29.4775,76.85964,305.44,0.47,0.4,2026-08-15,2057,N20,VIIRS,n,2.0NRT,289.88,2.17,N,VIIRS_NOAA20_NRT
26.87821,73.5162,304.01,0.39,0.36,2026-08-15,2057,N20,VIIRS,n,2.0NRT,284.33,1.08,N,VIIRS_NOAA20_NRT
23.56076,87.08296,305.22,0.37,0.58,2026-08-15,1917,N20,VIIRS,n,2.0NRT,276.88,0.9,N,VIIRS_NOAA20_NRT
28.161,95.59473,347.52,0.57,0.69,2026-08-15,735,N21,VIIRS,n,2.0NRT,286.38,23.76,D,VIIRS_NOAA21_NRT
26.60431,73.68452,306.06,0.4,0.37,2026-08-15,2057,N20,VIIRS,n,2.0NRT,291.11,0.92,N,VIIRS_NOAA20_NRT
25.94181,72.19147,316.16,0.38,0.36,2026-08-15,2057,N20,VIIRS,n,2.0NRT,292.88,1.97,N,VIIRS_NOAA20_NRT
27.39476,70.4882,335.01,0.48,0.65,2026-08-15,737,N21,VIIRS,n,2.0NRT,292.69,3.22,D,VIIRS_NOAA21_NRT
23.69243,87.099,296.99,0.37,0.58,2026-08-15,1917,N20,VIIRS,n,2.0NRT,268.97,0.41,N,VIIRS_NOAA20_NRT
23.69569,87.12117,299.62,0.37,0.58,2026-08-15,1917,N20,VIIRS,n,2.0NRT,263.13,0.4,N,VIIRS_NOAA20_NRT
23.69037,87.12052,301.6,0.37,0.58,2026-08-15,1917,N20,VIIRS,n,2.0NRT,264.42,0.29,N,VIIRS_NOAA20_NRT
23.66566,87.15396,306.25,0.36,0.58,2026-08-15,1917,N20,VIIRS,n,2.0NRT,274.44,1.18,N,VIIRS_NOAA20_NRT
23.64931,85.43652,303.76,0.47,0.64,2026-08-15,1917,N20,VIIRS,n,2.0NRT,265.73,0.9,N,VIIRS_NOAA20_NRT
23.64892,85.44108,298.01,0.47,0.64,2026-08-15,1917,N20,VIIRS,n,2.0NRT,266.17,0.9,N,VIIRS_NOAA20_NRT
23.64725,85.43779,306.85,0.47,0.64,2026-08-15,1917,N20,VIIRS,n,2.0NRT,265.97,2.18,N,VIIRS_NOAA20_NRT
23.77708,86.20795,302.66,0.44,0.38,2026-08-16,1945,N21,VIIRS,n,2.0NRT,278.09,1.66,N,VIIRS_NOAA21_NRT
23.77694,85.99603,304.0,0.45,0.39,2026-08-16,1945,N21,VIIRS,n,2.0NRT,281.01,1.29,N,VIIRS_NOAA21_NRT
23.77124,86.19823,306.72,0.44,0.38,2026-08-16,1945,N21,VIIRS,n,2.0NRT,277.76,1.31,N,VIIRS_NOAA21_NRT
23.75659,85.8548,307.66,0.45,0.39,2026-08-16,1945,N21,VIIRS,n,2.0NRT,278.76,2.79,N,VIIRS_NOAA21_NRT
23.75303,85.85423,304.48,0.45,0.39,2026-08-16,1945,N21,VIIRS,n,2.0NRT,278.2,1.52,N,VIIRS_NOAA21_NRT
23.74472,85.50453,302.03,0.47,0.4,2026-08-16,1945,N21,VIIRS,n,2.0NRT,277.42,0.79,N,VIIRS_NOAA21_NRT
23.71972,85.00926,300.77,0.5,0.41,2026-08-16,1945,N21,VIIRS,n,2.0NRT,278.71,0.81,N,VIIRS_NOAA21_NRT
23.69549,85.36719,299.67,0.48,0.4,2026-08-16,1945,N21,VIIRS,n,2.0NRT,273.95,1.0,N,VIIRS_NOAA21_NRT
23.70859,86.44773,298.14,0.43,0.38,2026-08-16,1945,N21,VIIRS,n,2.0NRT,273.93,0.99,N,VIIRS_NOAA21_NRT
23.64878,85.43997,305.99,0.47,0.4,2026-08-16,1945,N21,VIIRS,n,2.0NRT,268.92,1.23,N,VIIRS_NOAA21_NRT
23.68196,86.08386,316.5,0.44,0.39,2026-08-16,1945,N21,VIIRS,n,2.0NRT,279.61,2.1,N,VIIRS_NOAA21_NRT
23.68079,86.0925,309.97,0.44,0.39,2026-08-16,1945,N21,VIIRS,n,2.0NRT,276.14,1.39,N,VIIRS_NOAA21_NRT
23.67433,86.08707,300.96,0.44,0.39,2026-08-16,1945,N21,VIIRS,n,2.0NRT,277.22,1.85,N,VIIRS_NOAA21_NRT
23.66669,86.09028,300.02,0.44,0.39,2026-08-16,1945,N21,VIIRS,n,2.0NRT,275.03,0.47,N,VIIRS_NOAA21_NRT
23.7797,85.57503,299.88,0.47,0.39,2026-08-16,1945,N21,VIIRS,n,2.0NRT,275.12,1.46,N,VIIRS_NOAA21_NRT
23.64938,85.43539,301.78,0.47,0.4,2026-08-16,1945,N21,VIIRS,n,2.0NRT,267.73,1.23,N,VIIRS_NOAA21_NRT
23.71148,86.4525,300.44,0.43,0.38,2026-08-16,1945,N21,VIIRS,n,2.0NRT,274.7,1.42,N,VIIRS_NOAA21_NRT
23.78,86.21283,308.95,0.44,0.38,2026-08-16,1945,N21,VIIRS,n,2.0NRT,276.91,1.3,N,VIIRS_NOAA21_NRT
23.80384,86.32544,299.72,0.43,0.38,2026-08-16,1945,N21,VIIRS,n,2.0NRT,270.99,0.64,N,VIIRS_NOAA21_NRT
23.78091,85.56597,300.19,0.47,0.4,2026-08-16,1945,N21,VIIRS,n,2.0NRT,275.75,0.87,N,VIIRS_NOAA21_NRT
17.60915,83.20374,313.98,0.52,0.42,2026-08-16,1947,N21,VIIRS,n,2.0NRT,280.71,1.92,N,VIIRS_NOAA21_NRT
17.60533,83.20322,304.52,0.52,0.42,2026-08-16,1947,N21,VIIRS,n,2.0NRT,281.01,1.92,N,VIIRS_NOAA21_NRT
27.60651,95.3998,306.05,0.56,0.43,2026-08-16,1945,N21,VIIRS,n,2.0NRT,286.01,1.33,N,VIIRS_NOAA21_NRT
25.03663,87.39027,306.75,0.41,0.37,2026-08-16,1945,N21,VIIRS,n,2.0NRT,278.08,1.15,N,VIIRS_NOAA21_NRT
23.82553,84.57439,302.71,0.52,0.42,2026-08-16,1945,N21,VIIRS,n,2.0NRT,280.19,1.56,N,VIIRS_NOAA21_NRT
23.82172,84.57381,312.73,0.52,0.42,2026-08-16,1945,N21,VIIRS,n,2.0NRT,280.57,2.21,N,VIIRS_NOAA21_NRT
23.80443,86.32117,296.07,0.44,0.38,2026-08-16,1945,N21,VIIRS,n,2.0NRT,268.39,0.64,N,VIIRS_NOAA21_NRT
23.64515,85.43939,311.53,0.47,0.4,2026-08-16,1945,N21,VIIRS,n,2.0NRT,267.75,1.23,N,VIIRS_NOAA21_NRT
23.80324,86.32969,301.39,0.43,0.38,2026-08-16,1945,N21,VIIRS,n,2.0NRT,271.54,0.97,N,VIIRS_NOAA21_NRT
23.80093,86.32062,295.85,0.44,0.38,2026-08-16,1945,N21,VIIRS,n,2.0NRT,270.62,0.64,N,VIIRS_NOAA21_NRT
23.78634,85.55292,303.98,0.47,0.4,2026-08-16,1945,N21,VIIRS,n,2.0NRT,276.06,0.88,N,VIIRS_NOAA21_NRT
23.78436,87.08208,298.61,0.41,0.37,2026-08-16,1945,N21,VIIRS,n,2.0NRT,277.82,1.1,N,VIIRS_NOAA21_NRT
23.78059,86.20853,309.33,0.44,0.38,2026-08-16,1945,N21,VIIRS,n,2.0NRT,278.21,1.8,N,VIIRS_NOAA21_NRT
23.63182,86.29402,303.6,0.43,0.38,2026-08-16,1945,N21,VIIRS,n,2.0NRT,275.99,0.56,N,VIIRS_NOAA21_NRT
22.943,85.96716,299.72,0.44,0.38,2026-08-16,1945,N21,VIIRS,n,2.0NRT,275.76,0.48,N,VIIRS_NOAA21_NRT
23.55814,87.24041,305.45,0.41,0.37,2026-08-16,1945,N21,VIIRS,n,2.0NRT,270.21,0.71,N,VIIRS_NOAA21_NRT
22.79004,86.20013,335.59,0.42,0.38,2026-08-16,716,N21,VIIRS,l,2.0NRT,295.98,8.88,D,VIIRS_NOAA21_NRT
12.54379,79.81878,332.84,0.5,0.66,2026-08-16,714,N21,VIIRS,n,2.0NRT,291.18,2.73,D,VIIRS_NOAA21_NRT
12.04138,79.50053,330.89,0.54,0.68,2026-08-16,714,N21,VIIRS,n,2.0NRT,293.41,2.99,D,VIIRS_NOAA21_NRT
23.61046,85.67487,306.4,0.46,0.39,2026-08-16,1945,N21,VIIRS,n,2.0NRT,285.48,1.15,N,VIIRS_NOAA21_NRT
9.8602,78.09454,336.21,0.57,0.69,2026-08-16,854,N21,VIIRS,n,2.0NRT,293.09,5.02,D,VIIRS_NOAA21_NRT
10.78192,78.65462,333.66,0.64,0.72,2026-08-16,854,N21,VIIRS,n,2.0NRT,290.93,10.84,D,VIIRS_NOAA21_NRT
23.55757,87.24435,296.81,0.4,0.37,2026-08-16,1945,N21,VIIRS,n,2.0NRT,270.33,0.71,N,VIIRS_NOAA21_NRT
23.55419,87.24378,296.68,0.4,0.37,2026-08-16,1945,N21,VIIRS,n,2.0NRT,269.67,0.71,N,VIIRS_NOAA21_NRT
10.78027,78.65516,330.25,0.64,0.72,2026-08-16,854,N21,VIIRS,n,2.0NRT,290.49,6.49,D,VIIRS_NOAA21_NRT
26.66642,72.53803,342.67,0.39,0.59,2026-08-16,858,N21,VIIRS,n,2.0NRT,293.11,4.49,D,VIIRS_NOAA21_NRT
15.34949,76.66209,339.72,0.54,0.68,2026-08-16,856,N21,VIIRS,n,2.0NRT,267.37,9.27,D,VIIRS_NOAA21_NRT
11.82039,78.73884,367.0,0.67,0.74,2026-08-16,854,N21,VIIRS,h,2.0NRT,291.8,25.54,D,VIIRS_NOAA21_NRT
11.8171,78.74201,351.81,0.67,0.74,2026-08-16,854,N21,VIIRS,n,2.0NRT,291.89,17.18,D,VIIRS_NOAA21_NRT
11.81638,78.73512,339.76,0.67,0.74,2026-08-16,854,N21,VIIRS,n,2.0NRT,291.69,17.18,D,VIIRS_NOAA21_NRT
10.98471,77.71185,332.97,0.56,0.69,2026-08-16,854,N21,VIIRS,n,2.0NRT,293.54,3.62,D,VIIRS_NOAA21_NRT
27.32211,71.15809,331.95,0.32,0.55,2026-08-16,858,N21,VIIRS,n,2.0NRT,297.31,1.24,D,VIIRS_NOAA21_NRT
10.50269,79.36618,330.64,0.39,0.36,2026-08-16,807,N20,VIIRS,n,2.0NRT,299.39,3.9,D,VIIRS_NOAA20_NRT
12.14472,77.20074,302.06,0.49,0.4,2026-08-16,2044,N20,VIIRS,n,2.0NRT,283.55,0.38,N,VIIRS_NOAA20_NRT
11.40161,79.70566,335.52,0.4,0.37,2026-08-16,807,N20,VIIRS,n,2.0NRT,303.15,2.48,D,VIIRS_NOAA20_NRT
11.24804,78.79435,338.86,0.38,0.36,2026-08-16,807,N20,VIIRS,n,2.0NRT,307.42,3.28,D,VIIRS_NOAA20_NRT
11.1945,79.81895,346.37,0.4,0.37,2026-08-16,807,N20,VIIRS,n,2.0NRT,305.63,5.9,D,VIIRS_NOAA20_NRT
11.03142,76.76571,330.82,0.41,0.37,2026-08-16,807,N20,VIIRS,n,2.0NRT,304.13,3.21,D,VIIRS_NOAA20_NRT
10.95592,78.34754,336.49,0.38,0.36,2026-08-16,807,N20,VIIRS,n,2.0NRT,303.39,1.51,D,VIIRS_NOAA20_NRT
10.74422,79.59622,335.18,0.39,0.36,2026-08-16,807,N20,VIIRS,n,2.0NRT,304.39,2.48,D,VIIRS_NOAA20_NRT
10.57658,79.36148,330.5,0.39,0.36,2026-08-16,807,N20,VIIRS,l,2.0NRT,301.8,1.54,D,VIIRS_NOAA20_NRT
10.50322,79.3697,338.78,0.39,0.36,2026-08-16,807,N20,VIIRS,n,2.0NRT,305.03,3.9,D,VIIRS_NOAA20_NRT
10.4347,77.16103,347.16,0.4,0.37,2026-08-16,807,N20,VIIRS,n,2.0NRT,307.88,21.89,D,VIIRS_NOAA20_NRT
10.41348,78.82151,340.48,0.38,0.36,2026-08-16,807,N20,VIIRS,n,2.0NRT,304.38,2.78,D,VIIRS_NOAA20_NRT
9.08676,77.46812,336.03,0.4,0.37,2026-08-16,807,N20,VIIRS,l,2.0NRT,298.85,1.83,D,VIIRS_NOAA20_NRT
9.76485,77.82865,346.29,0.39,0.36,2026-08-16,807,N20,VIIRS,n,2.0NRT,307.51,10.08,D,VIIRS_NOAA20_NRT
11.45258,79.22929,332.83,0.39,0.36,2026-08-16,807,N20,VIIRS,l,2.0NRT,306.72,2.22,D,VIIRS_NOAA20_NRT
11.46894,79.36105,337.89,0.39,0.36,2026-08-16,807,N20,VIIRS,n,2.0NRT,304.16,3.28,D,VIIRS_NOAA20_NRT
11.76464,79.29637,339.61,0.39,0.36,2026-08-16,809,N20,VIIRS,n,2.0NRT,306.59,4.33,D,VIIRS_NOAA20_NRT
15.1788,76.67311,316.93,0.43,0.38,2026-08-16,2042,N20,VIIRS,n,2.0NRT,269.99,2.02,N,VIIRS_NOAA20_NRT
15.17814,76.67706,295.31,0.43,0.38,2026-08-16,2042,N20,VIIRS,n,2.0NRT,269.5,1.03,N,VIIRS_NOAA20_NRT
15.17799,76.65668,304.93,0.43,0.38,2026-08-16,2042,N20,VIIRS,n,2.0NRT,271.26,1.34,N,VIIRS_NOAA20_NRT
15.17549,76.69284,296.27,0.43,0.38,2026-08-16,2042,N20,VIIRS,n,2.0NRT,268.34,0.72,N,VIIRS_NOAA20_NRT
15.17454,76.65605,297.47,0.43,0.38,2026-08-16,2042,N20,VIIRS,n,2.0NRT,270.71,0.73,N,VIIRS_NOAA20_NRT
15.17104,76.3823,299.58,0.42,0.38,2026-08-16,2042,N20,VIIRS,n,2.0NRT,281.57,1.18,N,VIIRS_NOAA20_NRT
27.79236,75.33102,306.99,0.41,0.37,2026-08-16,2040,N20,VIIRS,n,2.0NRT,290.27,0.82,N,VIIRS_NOAA20_NRT
27.02486,77.7508,304.76,0.39,0.36,2026-08-16,2040,N20,VIIRS,n,2.0NRT,280.78,0.45,N,VIIRS_NOAA20_NRT
26.87851,73.51432,306.08,0.47,0.4,2026-08-16,2040,N20,VIIRS,n,2.0NRT,292.43,1.78,N,VIIRS_NOAA20_NRT
26.60652,73.68246,302.52,0.46,0.39,2026-08-16,2040,N20,VIIRS,n,2.0NRT,285.26,0.59,N,VIIRS_NOAA20_NRT
23.78708,85.55046,295.8,0.33,0.55,2026-08-16,2040,N20,VIIRS,n,2.0NRT,264.25,0.22,N,VIIRS_NOAA20_NRT
23.75692,85.85303,298.55,0.35,0.57,2026-08-16,2040,N20,VIIRS,n,2.0NRT,267.47,0.9,N,VIIRS_NOAA20_NRT
22.799,86.09106,304.14,0.38,0.58,2026-08-16,2040,N20,VIIRS,n,2.0NRT,275.29,1.56,N,VIIRS_NOAA20_NRT
21.10734,72.64365,297.15,0.45,0.39,2026-08-16,2040,N20,VIIRS,n,2.0NRT,279.26,0.92,N,VIIRS_NOAA20_NRT
21.10674,72.64793,297.73,0.45,0.39,2026-08-16,2040,N20,VIIRS,n,2.0NRT,278.21,0.92,N,VIIRS_NOAA20_NRT
21.10499,72.63452,303.79,0.45,0.39,2026-08-16,2040,N20,VIIRS,n,2.0NRT,276.64,1.95,N,VIIRS_NOAA20_NRT
15.17896,77.10384,300.58,0.45,0.39,2026-08-16,2042,N20,VIIRS,n,2.0NRT,276.86,1.36,N,VIIRS_NOAA20_NRT
15.18013,76.66521,296.99,0.43,0.38,2026-08-16,2042,N20,VIIRS,n,2.0NRT,269.44,0.92,N,VIIRS_NOAA20_NRT
15.18358,76.66583,309.47,0.43,0.38,2026-08-16,2042,N20,VIIRS,n,2.0NRT,268.67,1.02,N,VIIRS_NOAA20_NRT
15.22637,76.76265,304.85,0.43,0.38,2026-08-16,2042,N20,VIIRS,n,2.0NRT,278.33,0.71,N,VIIRS_NOAA20_NRT
11.10944,77.769,299.08,0.54,0.42,2026-08-16,2044,N20,VIIRS,n,2.0NRT,277.5,1.21,N,VIIRS_NOAA20_NRT
10.92371,77.04568,305.87,0.5,0.41,2026-08-16,2044,N20,VIIRS,n,2.0NRT,269.63,1.28,N,VIIRS_NOAA20_NRT
17.37053,77.44719,301.84,0.44,0.38,2026-08-16,2042,N20,VIIRS,n,2.0NRT,279.0,0.79,N,VIIRS_NOAA20_NRT
16.6478,74.31516,317.34,0.38,0.36,2026-08-16,2042,N20,VIIRS,n,2.0NRT,289.71,1.71,N,VIIRS_NOAA20_NRT
16.14073,78.94716,301.78,0.54,0.42,2026-08-16,2042,N20,VIIRS,n,2.0NRT,283.4,0.97,N,VIIRS_NOAA20_NRT
15.659,73.98969,314.56,0.38,0.36,2026-08-16,2042,N20,VIIRS,n,2.0NRT,291.08,1.03,N,VIIRS_NOAA20_NRT
15.3352,76.28461,305.17,0.41,0.37,2026-08-16,2042,N20,VIIRS,n,2.0NRT,284.52,0.74,N,VIIRS_NOAA20_NRT
30.31769,74.11001,307.79,0.48,0.4,2026-08-16,2038,N20,VIIRS,n,2.0NRT,295.03,1.35,N,VIIRS_NOAA20_NRT
29.97257,77.51968,296.97,0.39,0.36,2026-08-16,2038,N20,VIIRS,n,2.0NRT,274.77,0.41,N,VIIRS_NOAA20_NRT
23.761,86.40435,327.5,0.43,0.62,2026-08-16,811,N20,VIIRS,n,2.0NRT,282.0,7.07,D,VIIRS_NOAA20_NRT
22.37585,87.28014,326.83,0.47,0.64,2026-08-16,811,N20,VIIRS,n,2.0NRT,282.12,4.03,D,VIIRS_NOAA20_NRT
17.15829,78.70078,330.48,0.4,0.37,2026-08-16,809,N20,VIIRS,n,2.0NRT,295.32,3.02,D,VIIRS_NOAA20_NRT
15.07026,79.59407,334.89,0.41,0.37,2026-08-16,809,N20,VIIRS,n,2.0NRT,290.55,1.91,D,VIIRS_NOAA20_NRT
14.94035,79.35041,340.04,0.41,0.37,2026-08-16,809,N20,VIIRS,n,2.0NRT,294.95,3.9,D,VIIRS_NOAA20_NRT
14.66595,79.14565,334.9,0.4,0.37,2026-08-16,809,N20,VIIRS,n,2.0NRT,296.56,3.04,D,VIIRS_NOAA20_NRT
14.64559,79.26608,337.61,0.4,0.37,2026-08-16,809,N20,VIIRS,n,2.0NRT,297.22,5.44,D,VIIRS_NOAA20_NRT
12.61728,80.07069,335.41,0.41,0.37,2026-08-16,809,N20,VIIRS,n,2.0NRT,303.58,3.68,D,VIIRS_NOAA20_NRT
12.55336,80.08884,337.4,0.41,0.37,2026-08-16,809,N20,VIIRS,n,2.0NRT,301.82,3.09,D,VIIRS_NOAA20_NRT
12.39126,80.05555,336.82,0.41,0.37,2026-08-16,809,N20,VIIRS,n,2.0NRT,302.91,3.27,D,VIIRS_NOAA20_NRT
12.23862,79.08592,342.84,0.39,0.36,2026-08-16,809,N20,VIIRS,n,2.0NRT,305.46,6.83,D,VIIRS_NOAA20_NRT
12.21756,79.85431,331.85,0.4,0.37,2026-08-16,809,N20,VIIRS,n,2.0NRT,301.67,4.79,D,VIIRS_NOAA20_NRT
12.21702,79.85063,330.12,0.4,0.37,2026-08-16,809,N20,VIIRS,l,2.0NRT,304.45,7.94,D,VIIRS_NOAA20_NRT
12.06248,79.60943,333.28,0.4,0.37,2026-08-16,809,N20,VIIRS,l,2.0NRT,306.16,2.52,D,VIIRS_NOAA20_NRT
12.03966,79.50204,333.34,0.39,0.37,2026-08-16,809,N20,VIIRS,l,2.0NRT,304.85,1.93,D,VIIRS_NOAA20_NRT
11.94815,79.04884,331.42,0.39,0.36,2026-08-16,809,N20,VIIRS,l,2.0NRT,303.77,1.2,D,VIIRS_NOAA20_NRT
13.70646,78.71186,336.81,0.39,0.36,2026-08-16,809,N20,VIIRS,n,2.0NRT,278.73,3.36,D,VIIRS_NOAA20_NRT
11.74016,79.31474,336.37,0.39,0.36,2026-08-16,809,N20,VIIRS,n,2.0NRT,303.34,3.33,D,VIIRS_NOAA20_NRT
29.47517,76.85713,306.58,0.39,0.36,2026-08-16,2038,N20,VIIRS,n,2.0NRT,287.84,1.79,N,VIIRS_NOAA20_NRT
28.74395,76.92806,306.2,0.39,0.36,2026-08-16,2038,N20,VIIRS,n,2.0NRT,282.12,0.94,N,VIIRS_NOAA20_NRT
27.60829,95.40208,304.73,0.49,0.49,2026-08-16,1858,N20,VIIRS,n,2.0NRT,284.27,0.97,N,VIIRS_NOAA20_NRT
27.37898,95.33293,305.35,0.49,0.49,2026-08-16,1858,N20,VIIRS,n,2.0NRT,288.02,2.55,N,VIIRS_NOAA20_NRT
31.68795,75.85299,338.05,0.42,0.38,2026-08-16,813,N20,VIIRS,n,2.0NRT,296.34,2.13,D,VIIRS_NOAA20_NRT
30.80121,75.47137,334.22,0.4,0.37,2026-08-16,813,N20,VIIRS,n,2.0NRT,300.67,2.36,D,VIIRS_NOAA20_NRT
31.14972,74.87548,331.94,0.39,0.37,2026-08-16,813,N20,VIIRS,l,2.0NRT,304.73,5.25,D,VIIRS_NOAA20_NRT
31.14698,74.88023,330.78,0.39,0.37,2026-08-16,813,N20,VIIRS,l,2.0NRT,304.1,6.1,D,VIIRS_NOAA20_NRT
31.14149,74.88973,330.12,0.39,0.37,2026-08-16,813,N20,VIIRS,l,2.0NRT,304.14,5.03,D,VIIRS_NOAA20_NRT
31.13776,74.91158,331.68,0.4,0.37,2026-08-16,813,N20,VIIRS,l,2.0NRT,304.88,6.56,D,VIIRS_NOAA20_NRT
31.13501,74.91634,330.24,0.4,0.37,2026-08-16,813,N20,VIIRS,l,2.0NRT,304.16,4.99,D,VIIRS_NOAA20_NRT
15.65921,73.99104,300.34,0.57,0.69,2026-08-16,2127,N21,VIIRS,n,2.0NRT,286.55,2.43,N,VIIRS_NOAA21_NRT
31.25765,76.92495,305.34,0.4,0.6,2026-08-16,2125,N21,VIIRS,n,2.0NRT,287.95,0.88,N,VIIRS_NOAA21_NRT
30.31607,74.10844,306.72,0.57,0.52,2026-08-16,2125,N21,VIIRS,n,2.0NRT,293.38,1.19,N,VIIRS_NOAA21_NRT
27.08006,73.81753,306.1,0.32,0.55,2026-08-16,2123,N21,VIIRS,n,2.0NRT,289.66,0.76,N,VIIRS_NOAA21_NRT
15.18195,76.6647,296.28,0.43,0.62,2026-08-16,1949,N21,VIIRS,n,2.0NRT,269.91,1.99,N,VIIRS_NOAA21_NRT
15.17715,76.65617,297.93,0.43,0.62,2026-08-16,1949,N21,VIIRS,n,2.0NRT,269.87,1.88,N,VIIRS_NOAA21_NRT
9.11447,78.39108,315.86,0.54,0.51,2026-08-16,1949,N21,VIIRS,n,2.0NRT,291.54,5.24,N,VIIRS_NOAA21_NRT
9.11096,78.39349,314.8,0.54,0.51,2026-08-16,1949,N21,VIIRS,n,2.0NRT,291.48,4.95,N,VIIRS_NOAA21_NRT
10.91836,78.14628,325.39,0.38,0.36,2026-08-17,2023,N20,VIIRS,n,2.0NRT,293.08,3.69,N,VIIRS_NOAA20_NRT
13.16142,80.28265,304.07,0.49,0.65,2026-08-17,1928,N21,VIIRS,n,2.0NRT,287.6,3.98,N,VIIRS_NOAA21_NRT
10.35903,77.1489,319.67,0.74,0.76,2026-08-17,1930,N21,VIIRS,n,2.0NRT,286.21,6.91,N,VIIRS_NOAA21_NRT
10.35939,77.14571,296.3,0.74,0.76,2026-08-17,1930,N21,VIIRS,n,2.0NRT,284.66,5.3,N,VIIRS_NOAA21_NRT
10.35987,77.14751,327.12,0.73,0.76,2026-08-17,1930,N21,VIIRS,n,2.0NRT,286.32,6.74,N,VIIRS_NOAA21_NRT
27.031,94.89075,309.57,0.38,0.36,2026-08-17,1923,N21,VIIRS,n,2.0NRT,289.41,1.18,N,VIIRS_NOAA21_NRT
34.35151,79.23702,298.14,0.49,0.49,2026-08-17,2104,N21,VIIRS,n,2.0NRT,270.99,0.15,N,VIIRS_NOAA21_NRT
24.65676,73.87511,298.79,0.57,0.43,2026-08-17,2106,N21,VIIRS,n,2.0NRT,286.3,1.59,N,VIIRS_NOAA21_NRT
24.69074,73.00394,303.84,0.51,0.41,2026-08-17,2106,N21,VIIRS,n,2.0NRT,292.14,1.37,N,VIIRS_NOAA21_NRT
26.87534,73.51603,306.1,0.5,0.41,2026-08-17,2106,N21,VIIRS,n,2.0NRT,294.46,1.97,N,VIIRS_NOAA21_NRT
18.80348,74.25902,305.8,0.5,0.49,2026-08-17,2108,N21,VIIRS,n,2.0NRT,286.35,1.36,N,VIIRS_NOAA21_NRT
9.24176,77.44679,341.82,0.48,0.48,2026-08-17,835,N21,VIIRS,n,2.0NRT,296.61,5.09,D,VIIRS_NOAA21_NRT
10.03546,78.13702,337.73,0.54,0.51,2026-08-17,835,N21,VIIRS,n,2.0NRT,298.43,6.1,D,VIIRS_NOAA21_NRT
13.79972,76.19382,334.03,0.45,0.47,2026-08-17,835,N21,VIIRS,n,2.0NRT,280.2,3.27,D,VIIRS_NOAA21_NRT
13.8013,76.19715,329.29,0.45,0.47,2026-08-17,835,N21,VIIRS,n,2.0NRT,280.06,3.24,D,VIIRS_NOAA21_NRT
13.83939,79.28998,353.64,0.37,0.58,2026-08-17,835,N21,VIIRS,n,2.0NRT,282.12,9.85,D,VIIRS_NOAA21_NRT
22.92817,70.10563,336.46,0.42,0.37,2026-08-17,837,N21,VIIRS,n,2.0NRT,300.52,7.37,D,VIIRS_NOAA21_NRT
21.10814,72.64586,321.87,0.55,0.51,2026-08-17,2021,N20,VIIRS,n,2.0NRT,289.32,2.68,N,VIIRS_NOAA20_NRT
21.106,72.636,308.2,0.55,0.51,2026-08-17,2021,N20,VIIRS,n,2.0NRT,288.91,3.09,N,VIIRS_NOAA20_NRT
21.10542,72.64137,305.78,0.55,0.51,2026-08-17,2021,N20,VIIRS,n,2.0NRT,288.82,1.8,N,VIIRS_NOAA20_NRT
21.10485,72.64671,312.79,0.55,0.51,2026-08-17,2021,N20,VIIRS,n,2.0NRT,289.28,1.8,N,VIIRS_NOAA20_NRT
21.10465,72.63456,332.47,0.55,0.51,2026-08-17,2021,N20,VIIRS,n,2.0NRT,289.83,7.53,N,VIIRS_NOAA20_NRT
21.10343,72.64525,304.25,0.55,0.51,2026-08-17,2021,N20,VIIRS,n,2.0NRT,288.69,2.68,N,VIIRS_NOAA20_NRT
19.92939,79.12095,304.87,0.39,0.36,2026-08-17,2021,N20,VIIRS,n,2.0NRT,284.16,0.89,N,VIIRS_NOAA20_NRT
21.10957,72.64733,310.48,0.55,0.51,2026-08-17,2021,N20,VIIRS,n,2.0NRT,289.46,1.8,N,VIIRS_NOAA20_NRT
10.65612,78.70348,309.85,0.39,0.36,2026-08-17,2023,N20,VIIRS,n,2.0NRT,292.85,2.76,N,VIIRS_NOAA20_NRT
10.93194,77.06419,307.67,0.39,0.36,2026-08-17,2023,N20,VIIRS,n,2.0NRT,291.45,1.06,N,VIIRS_NOAA20_NRT
10.3618,77.1484,322.49,0.39,0.36,2026-08-17,2025,N20,VIIRS,n,2.0NRT,290.47,1.87,N,VIIRS_NOAA20_NRT
9.20862,77.45641,307.69,0.38,0.36,2026-08-17,2025,N20,VIIRS,n,2.0NRT,294.48,0.61,N,VIIRS_NOAA20_NRT
8.67144,77.99295,313.03,0.39,0.36,2026-08-17,2025,N20,VIIRS,n,2.0NRT,294.47,1.66,N,VIIRS_NOAA20_NRT
17.06293,76.98039,297.19,0.43,0.38,2026-08-17,2023,N20,VIIRS,n,2.0NRT,270.52,0.61,N,VIIRS_NOAA20_NRT
15.17657,76.67589,305.77,0.42,0.38,2026-08-17,2023,N20,VIIRS,n,2.0NRT,269.17,1.38,N,VIIRS_NOAA20_NRT
15.17603,76.65577,304.84,0.42,0.38,2026-08-17,2023,N20,VIIRS,n,2.0NRT,269.55,1.07,N,VIIRS_NOAA20_NRT
15.17424,76.69157,301.98,0.42,0.38,2026-08-17,2023,N20,VIIRS,n,2.0NRT,268.52,0.85,N,VIIRS_NOAA20_NRT
10.92198,77.06261,304.11,0.39,0.36,2026-08-17,2023,N20,VIIRS,n,2.0NRT,291.46,0.57,N,VIIRS_NOAA20_NRT
15.024,78.01602,297.98,0.39,0.36,2026-08-17,2023,N20,VIIRS,n,2.0NRT,266.19,0.94,N,VIIRS_NOAA20_NRT
13.22706,80.0965,314.08,0.4,0.37,2026-08-17,2023,N20,VIIRS,n,2.0NRT,292.69,3.28,N,VIIRS_NOAA20_NRT
12.74496,77.61843,307.09,0.39,0.36,2026-08-17,2023,N20,VIIRS,n,2.0NRT,289.02,1.12,N,VIIRS_NOAA20_NRT
11.81827,77.91612,316.62,0.38,0.36,2026-08-17,2023,N20,VIIRS,n,2.0NRT,292.79,1.47,N,VIIRS_NOAA20_NRT
11.81772,77.91962,308.04,0.38,0.36,2026-08-17,2023,N20,VIIRS,n,2.0NRT,292.5,1.47,N,VIIRS_NOAA20_NRT
11.81497,77.91559,307.82,0.38,0.36,2026-08-17,2023,N20,VIIRS,n,2.0NRT,292.96,1.47,N,VIIRS_NOAA20_NRT
11.81057,77.92205,307.43,0.38,0.36,2026-08-17,2023,N20,VIIRS,n,2.0NRT,293.45,1.86,N,VIIRS_NOAA20_NRT
11.81002,77.92554,319.98,0.38,0.36,2026-08-17,2023,N20,VIIRS,n,2.0NRT,292.76,1.86,N,VIIRS_NOAA20_NRT
11.46036,79.0536,309.79,0.39,0.36,2026-08-17,2023,N20,VIIRS,n,2.0NRT,292.95,2.88,N,VIIRS_NOAA20_NRT
11.12606,79.288,312.9,0.4,0.37,2026-08-17,2023,N20,VIIRS,n,2.0NRT,291.84,3.61,N,VIIRS_NOAA20_NRT
13.39219,80.10155,312.05,0.4,0.37,2026-08-17,2023,N20,VIIRS,n,2.0NRT,292.44,2.93,N,VIIRS_NOAA20_NRT
15.5401,76.73624,343.71,0.41,0.45,2026-08-17,752,N20,VIIRS,n,2.0NRT,291.32,7.74,D,VIIRS_NOAA20_NRT
10.77951,79.40924,335.92,0.51,0.41,2026-08-17,750,N20,VIIRS,n,2.0NRT,298.88,5.01,D,VIIRS_NOAA20_NRT
10.08603,77.82216,336.11,0.43,0.46,2026-08-17,750,N20,VIIRS,n,2.0NRT,298.8,4.04,D,VIIRS_NOAA20_NRT
9.88949,77.86798,343.7,0.43,0.46,2026-08-17,750,N20,VIIRS,n,2.0NRT,299.3,2.61,D,VIIRS_NOAA20_NRT
9.7597,78.59876,343.24,0.39,0.44,2026-08-17,750,N20,VIIRS,n,2.0NRT,296.8,6.23,D,VIIRS_NOAA20_NRT
9.49715,77.61008,331.37,0.45,0.47,2026-08-17,750,N20,VIIRS,n,2.0NRT,298.36,1.59,D,VIIRS_NOAA20_NRT
9.48396,78.08734,343.99,0.42,0.45,2026-08-17,750,N20,VIIRS,n,2.0NRT,295.37,9.93,D,VIIRS_NOAA20_NRT
9.42815,77.81285,335.1,0.44,0.46,2026-08-17,750,N20,VIIRS,n,2.0NRT,291.53,3.04,D,VIIRS_NOAA20_NRT
9.4059,78.81127,333.92,0.38,0.43,2026-08-17,750,N20,VIIRS,n,2.0NRT,293.47,1.5,D,VIIRS_NOAA20_NRT
9.28788,78.06084,334.52,0.43,0.46,2026-08-17,750,N20,VIIRS,n,2.0NRT,297.66,7.84,D,VIIRS_NOAA20_NRT
8.77448,77.48844,333.78,0.48,0.48,2026-08-17,750,N20,VIIRS,n,2.0NRT,292.85,1.97,D,VIIRS_NOAA20_NRT
18.95518,73.94185,317.44,0.48,0.48,2026-08-17,2108,N21,VIIRS,n,2.0NRT,284.94,4.07,N,VIIRS_NOAA21_NRT
21.10417,72.63689,314.85,0.55,0.43,2026-08-17,2108,N21,VIIRS,n,2.0NRT,286.34,3.49,N,VIIRS_NOAA21_NRT
27.28793,73.83944,306.99,0.38,0.36,2026-08-18,2046,N21,VIIRS,n,2.0NRT,294.12,1.0,N,VIIRS_NOAA21_NRT
21.11055,72.63491,304.04,0.38,0.36,2026-08-18,2046,N21,VIIRS,n,2.0NRT,291.02,2.07,N,VIIRS_NOAA21_NRT
27.52979,77.66254,329.59,0.46,0.39,2026-08-18,2046,N21,VIIRS,n,2.0NRT,291.77,6.28,N,VIIRS_NOAA21_NRT
27.6057,95.40222,307.84,0.49,0.41,2026-08-18,1906,N21,VIIRS,n,2.0NRT,290.42,1.4,N,VIIRS_NOAA21_NRT
27.46843,95.42434,306.82,0.49,0.4,2026-08-18,1906,N21,VIIRS,n,2.0NRT,290.68,0.58,N,VIIRS_NOAA21_NRT
27.45964,95.47533,309.32,0.49,0.4,2026-08-18,1906,N21,VIIRS,n,2.0NRT,290.29,1.64,N,VIIRS_NOAA21_NRT
27.32405,95.27495,313.61,0.5,0.41,2026-08-18,1906,N21,VIIRS,n,2.0NRT,291.0,1.25,N,VIIRS_NOAA21_NRT
27.66689,76.13504,302.42,0.41,0.37,2026-08-18,2046,N21,VIIRS,n,2.0NRT,288.35,0.69,N,VIIRS_NOAA21_NRT
27.79099,75.33077,305.17,0.39,0.36,2026-08-18,2046,N21,VIIRS,n,2.0NRT,294.07,0.99,N,VIIRS_NOAA21_NRT
28.37118,77.22666,309.32,0.43,0.38,2026-08-18,2046,N21,VIIRS,n,2.0NRT,291.63,2.47,N,VIIRS_NOAA21_NRT
11.02996,76.90656,307.91,0.5,0.49,2026-08-18,2051,N21,VIIRS,n,2.0NRT,286.09,1.58,N,VIIRS_NOAA21_NRT
9.31414,77.44081,310.19,0.58,0.52,2026-08-18,2051,N21,VIIRS,n,2.0NRT,291.21,4.48,N,VIIRS_NOAA21_NRT
8.66845,77.99213,309.6,0.33,0.55,2026-08-18,2051,N21,VIIRS,n,2.0NRT,291.55,0.69,N,VIIRS_NOAA21_NRT
26.25689,74.0946,305.94,0.38,0.36,2026-08-18,2049,N21,VIIRS,n,2.0NRT,286.2,0.88,N,VIIRS_NOAA21_NRT
11.81033,77.92142,305.99,0.57,0.52,2026-08-18,2049,N21,VIIRS,n,2.0NRT,289.27,3.21,N,VIIRS_NOAA21_NRT
28.77098,77.56678,309.81,0.44,0.38,2026-08-18,2046,N21,VIIRS,n,2.0NRT,285.72,1.1,N,VIIRS_NOAA21_NRT
8.64255,77.83568,333.36,0.48,0.65,2026-08-18,729,N20,VIIRS,n,2.0NRT,296.06,4.54,D,VIIRS_NOAA20_NRT
10.48468,79.31949,308.8,0.47,0.4,2026-08-18,2006,N20,VIIRS,n,2.0NRT,290.09,2.3,N,VIIRS_NOAA20_NRT
9.31494,77.44009,310.01,0.39,0.44,2026-08-18,2006,N20,VIIRS,n,2.0NRT,292.23,0.73,N,VIIRS_NOAA20_NRT
9.31445,77.44357,314.49,0.39,0.44,2026-08-18,2006,N20,VIIRS,n,2.0NRT,293.05,0.99,N,VIIRS_NOAA20_NRT
10.48831,79.32004,322.7,0.47,0.4,2026-08-18,2006,N20,VIIRS,n,2.0NRT,289.91,3.84,N,VIIRS_NOAA20_NRT
28.85306,77.14323,306.41,0.35,0.57,2026-08-18,2002,N20,VIIRS,n,2.0NRT,285.71,1.07,N,VIIRS_NOAA20_NRT
28.70777,76.8554,308.89,0.37,0.58,2026-08-18,2002,N20,VIIRS,n,2.0NRT,282.13,2.04,N,VIIRS_NOAA20_NRT
28.37441,77.2247,306.28,0.35,0.56,2026-08-18,2002,N20,VIIRS,n,2.0NRT,285.45,0.33,N,VIIRS_NOAA20_NRT
27.53035,77.65999,331.65,0.32,0.54,2026-08-18,2002,N20,VIIRS,n,2.0NRT,288.29,2.97,N,VIIRS_NOAA20_NRT
23.7813,85.57607,298.28,0.38,0.36,2026-08-18,2002,N20,VIIRS,n,2.0NRT,281.82,0.41,N,VIIRS_NOAA20_NRT
27.60403,95.40225,310.42,0.58,0.52,2026-08-18,2000,N20,VIIRS,n,2.0NRT,288.0,0.98,N,VIIRS_NOAA20_NRT
27.37818,95.08637,309.36,0.56,0.51,2026-08-18,2000,N20,VIIRS,n,2.0NRT,288.45,2.1,N,VIIRS_NOAA20_NRT
27.32597,95.27937,305.62,0.58,0.52,2026-08-18,2000,N20,VIIRS,n,2.0NRT,288.11,2.14,N,VIIRS_NOAA20_NRT
27.31913,95.26543,309.59,0.58,0.52,2026-08-18,2000,N20,VIIRS,n,2.0NRT,288.04,2.89,N,VIIRS_NOAA20_NRT
27.22125,95.34516,305.31,0.59,0.52,2026-08-18,2000,N20,VIIRS,n,2.0NRT,288.15,1.69,N,VIIRS_NOAA20_NRT
21.10796,72.64498,295.71,0.56,0.69,2026-08-18,2004,N20,VIIRS,n,2.0NRT,270.75,1.01,N,VIIRS_NOAA20_NRT
10.61726,77.42172,303.89,0.4,0.44,2026-08-18,2006,N20,VIIRS,n,2.0NRT,289.28,1.33,N,VIIRS_NOAA20_NRT
12.65806,78.78379,305.3,0.53,0.42,2026-08-18,2006,N20,VIIRS,n,2.0NRT,284.35,1.9,N,VIIRS_NOAA20_NRT
11.02914,76.90601,316.92,0.44,0.46,2026-08-18,2006,N20,VIIRS,n,2.0NRT,277.0,1.32,N,VIIRS_NOAA20_NRT
12.66009,78.78571,301.56,0.53,0.42,2026-08-18,2006,N20,VIIRS,n,2.0NRT,281.69,0.94,N,VIIRS_NOAA20_NRT
10.27211,78.84418,330.88,0.38,0.59,2026-08-18,731,N20,VIIRS,n,2.0NRT,297.13,3.58,D,VIIRS_NOAA20_NRT
10.12096,77.56938,336.63,0.47,0.64,2026-08-18,731,N20,VIIRS,n,2.0NRT,292.6,2.67,D,VIIRS_NOAA20_NRT
9.74118,78.35052,336.33,0.42,0.61,2026-08-18,731,N20,VIIRS,n,2.0NRT,297.01,2.85,D,VIIRS_NOAA20_NRT
9.74047,78.34674,334.46,0.42,0.61,2026-08-18,731,N20,VIIRS,n,2.0NRT,296.37,2.85,D,VIIRS_NOAA20_NRT
9.48994,78.58805,334.45,0.41,0.61,2026-08-18,731,N20,VIIRS,n,2.0NRT,295.68,2.85,D,VIIRS_NOAA20_NRT
9.41546,77.51305,349.04,0.49,0.65,2026-08-18,731,N20,VIIRS,n,2.0NRT,298.06,8.05,D,VIIRS_NOAA20_NRT
9.38653,77.3917,345.28,0.5,0.66,2026-08-18,731,N20,VIIRS,n,2.0NRT,294.66,9.49,D,VIIRS_NOAA20_NRT
9.30694,77.47687,333.3,0.49,0.65,2026-08-18,731,N20,VIIRS,n,2.0NRT,297.46,1.9,D,VIIRS_NOAA20_NRT
9.35471,78.81271,334.23,0.4,0.6,2026-08-18,729,N20,VIIRS,n,2.0NRT,294.11,2.48,D,VIIRS_NOAA20_NRT
9.34194,78.71105,330.19,0.4,0.6,2026-08-18,729,N20,VIIRS,n,2.0NRT,295.92,0.99,D,VIIRS_NOAA20_NRT
10.47191,78.95943,336.3,0.37,0.58,2026-08-18,731,N20,VIIRS,n,2.0NRT,293.49,1.58,D,VIIRS_NOAA20_NRT
9.27297,77.61015,333.52,0.48,0.65,2026-08-18,729,N20,VIIRS,n,2.0NRT,298.23,3.71,D,VIIRS_NOAA20_NRT
8.92738,77.53544,339.7,0.5,0.65,2026-08-18,729,N20,VIIRS,n,2.0NRT,295.17,4.49,D,VIIRS_NOAA20_NRT
8.92457,77.53795,337.15,0.5,0.65,2026-08-18,729,N20,VIIRS,n,2.0NRT,294.55,2.19,D,VIIRS_NOAA20_NRT
8.88035,77.79259,330.85,0.48,0.64,2026-08-18,729,N20,VIIRS,n,2.0NRT,296.52,1.59,D,VIIRS_NOAA20_NRT
8.87058,77.64359,367.0,0.49,0.65,2026-08-18,729,N20,VIIRS,h,2.0NRT,297.1,8.71,D,VIIRS_NOAA20_NRT
10.47282,78.95932,337.07,0.37,0.58,2026-08-18,731,N20,VIIRS,n,2.0NRT,294.19,1.61,D,VIIRS_NOAA20_NRT
10.53808,79.23013,334.54,0.36,0.57,2026-08-18,731,N20,VIIRS,n,2.0NRT,296.45,2.3,D,VIIRS_NOAA20_NRT
10.53918,79.22962,334.6,0.35,0.57,2026-08-18,731,N20,VIIRS,n,2.0NRT,295.97,2.23,D,VIIRS_NOAA20_NRT
18.72185,74.42528,328.15,0.68,0.74,2026-08-18,913,N20,VIIRS,n,2.0NRT,287.41,3.98,D,VIIRS_NOAA20_NRT
18.72046,74.42578,328.05,0.68,0.74,2026-08-18,913,N20,VIIRS,n,2.0NRT,287.71,4.74,D,VIIRS_NOAA20_NRT
14.41142,78.21088,342.22,0.35,0.57,2026-08-18,731,N20,VIIRS,n,2.0NRT,292.02,4.65,D,VIIRS_NOAA20_NRT
14.02898,79.94829,333.71,0.55,0.51,2026-08-18,731,N20,VIIRS,n,2.0NRT,295.24,3.46,D,VIIRS_NOAA20_NRT
14.0267,79.94611,331.24,0.55,0.51,2026-08-18,731,N20,VIIRS,n,2.0NRT,294.46,4.7,D,VIIRS_NOAA20_NRT
13.98261,77.39257,337.62,0.41,0.61,2026-08-18,731,N20,VIIRS,n,2.0NRT,286.19,4.01,D,VIIRS_NOAA20_NRT
13.82664,79.285,334.08,0.61,0.54,2026-08-18,731,N20,VIIRS,n,2.0NRT,292.09,7.61,D,VIIRS_NOAA20_NRT
13.82569,79.28007,340.25,0.61,0.54,2026-08-18,731,N20,VIIRS,n,2.0NRT,293.6,7.61,D,VIIRS_NOAA20_NRT
13.37215,78.61613,339.53,0.35,0.57,2026-08-18,731,N20,VIIRS,n,2.0NRT,287.75,2.63,D,VIIRS_NOAA20_NRT
13.17513,78.8025,341.1,0.34,0.56,2026-08-18,731,N20,VIIRS,n,2.0NRT,286.19,4.42,D,VIIRS_NOAA20_NRT
12.9239,78.28851,330.52,0.37,0.58,2026-08-18,731,N20,VIIRS,n,2.0NRT,282.57,3.9,D,VIIRS_NOAA20_NRT
12.51642,80.06522,336.02,0.57,0.52,2026-08-18,731,N20,VIIRS,n,2.0NRT,291.75,6.83,D,VIIRS_NOAA20_NRT
12.51511,80.06248,336.83,0.57,0.52,2026-08-18,731,N20,VIIRS,n,2.0NRT,294.89,4.94,D,VIIRS_NOAA20_NRT
12.14322,77.04446,333.76,0.47,0.64,2026-08-18,731,N20,VIIRS,n,2.0NRT,291.29,5.26,D,VIIRS_NOAA20_NRT
11.7348,78.6478,335.23,0.37,0.58,2026-08-18,731,N20,VIIRS,n,2.0NRT,294.08,4.37,D,VIIRS_NOAA20_NRT
11.70979,78.74386,335.07,0.37,0.58,2026-08-18,731,N20,VIIRS,n,2.0NRT,294.06,4.04,D,VIIRS_NOAA20_NRT
11.14397,78.58115,334.84,0.38,0.59,2026-08-18,731,N20,VIIRS,n,2.0NRT,293.79,2.38,D,VIIRS_NOAA20_NRT
10.98911,79.11748,333.48,0.35,0.57,2026-08-18,731,N20,VIIRS,n,2.0NRT,294.0,1.7,D,VIIRS_NOAA20_NRT
10.98517,78.24707,335.45,0.41,0.6,2026-08-18,731,N20,VIIRS,n,2.0NRT,293.1,2.76,D,VIIRS_NOAA20_NRT
10.87521,77.78659,331.65,0.44,0.62,2026-08-18,731,N20,VIIRS,n,2.0NRT,293.08,1.33,D,VIIRS_NOAA20_NRT
10.77641,78.64904,336.14,0.38,0.59,2026-08-18,731,N20,VIIRS,n,2.0NRT,292.89,4.65,D,VIIRS_NOAA20_NRT
10.60104,79.33244,333.63,0.35,0.57,2026-08-18,731,N20,VIIRS,n,2.0NRT,294.01,1.96,D,VIIRS_NOAA20_NRT
10.57066,77.79511,332.07,0.44,0.63,2026-08-18,731,N20,VIIRS,n,2.0NRT,295.78,1.86,D,VIIRS_NOAA20_NRT
10.56489,79.45138,339.99,0.34,0.56,2026-08-18,731,N20,VIIRS,n,2.0NRT,296.58,4.4,D,VIIRS_NOAA20_NRT
10.56221,79.45248,342.0,0.34,0.56,2026-08-18,731,N20,VIIRS,n,2.0NRT,296.58,5.73,D,VIIRS_NOAA20_NRT
8.64393,77.83443,332.19,0.48,0.65,2026-08-18,729,N20,VIIRS,n,2.0NRT,296.37,3.67,D,VIIRS_NOAA20_NRT
8.94722,77.65343,336.49,0.41,0.37,2026-08-18,816,N21,VIIRS,l,2.0NRT,308.69,3.06,D,VIIRS_NOAA21_NRT
8.88104,77.79141,346.42,0.41,0.37,2026-08-18,816,N21,VIIRS,n,2.0NRT,309.68,14.99,D,VIIRS_NOAA21_NRT
8.86771,78.15748,336.8,0.42,0.38,2026-08-18,816,N21,VIIRS,n,2.0NRT,306.04,6.09,D,VIIRS_NOAA21_NRT
8.50197,77.86375,339.94,0.41,0.37,2026-08-18,816,N21,VIIRS,l,2.0NRT,311.27,14.87,D,VIIRS_NOAA21_NRT
8.62125,77.95941,334.1,0.41,0.37,2026-08-18,816,N21,VIIRS,l,2.0NRT,307.95,3.37,D,VIIRS_NOAA21_NRT
8.74016,78.05225,338.98,0.42,0.37,2026-08-18,816,N21,VIIRS,l,2.0NRT,310.04,8.91,D,VIIRS_NOAA21_NRT
8.75613,77.47073,335.69,0.4,0.37,2026-08-18,816,N21,VIIRS,l,2.0NRT,307.87,3.22,D,VIIRS_NOAA21_NRT
8.79578,77.95259,339.91,0.41,0.37,2026-08-18,816,N21,VIIRS,n,2.0NRT,309.78,2.07,D,VIIRS_NOAA21_NRT
8.82405,77.53445,337.3,0.4,0.37,2026-08-18,816,N21,VIIRS,n,2.0NRT,306.47,2.98,D,VIIRS_NOAA21_NRT
8.94777,77.65709,339.88,0.41,0.37,2026-08-18,816,N21,VIIRS,n,2.0NRT,307.83,3.06,D,VIIRS_NOAA21_NRT
13.17715,78.80562,332.46,0.5,0.41,2026-08-18,816,N21,VIIRS,n,2.0NRT,287.87,7.28,D,VIIRS_NOAA21_NRT
12.78902,77.06596,334.04,0.41,0.37,2026-08-18,816,N21,VIIRS,n,2.0NRT,296.73,3.01,D,VIIRS_NOAA21_NRT
12.57514,76.66086,336.42,0.4,0.37,2026-08-18,816,N21,VIIRS,n,2.0NRT,295.43,4.91,D,VIIRS_NOAA21_NRT
12.51825,80.06261,343.53,0.38,0.43,2026-08-18,816,N21,VIIRS,n,2.0NRT,295.02,4.32,D,VIIRS_NOAA21_NRT
12.51428,80.06317,337.69,0.38,0.43,2026-08-18,816,N21,VIIRS,n,2.0NRT,297.0,3.75,D,VIIRS_NOAA21_NRT
12.3312,76.78513,334.66,0.4,0.37,2026-08-18,816,N21,VIIRS,n,2.0NRT,296.79,3.38,D,VIIRS_NOAA21_NRT
12.21527,76.73492,332.83,0.4,0.37,2026-08-18,816,N21,VIIRS,n,2.0NRT,296.83,1.72,D,VIIRS_NOAA21_NRT
12.21201,79.72424,333.1,0.54,0.42,2026-08-18,816,N21,VIIRS,n,2.0NRT,297.22,2.57,D,VIIRS_NOAA21_NRT
11.97706,78.90929,333.62,0.49,0.4,2026-08-18,816,N21,VIIRS,n,2.0NRT,293.64,6.83,D,VIIRS_NOAA21_NRT
11.85452,78.7256,342.68,0.48,0.4,2026-08-18,816,N21,VIIRS,n,2.0NRT,297.23,15.32,D,VIIRS_NOAA21_NRT
11.84067,79.0536,335.6,0.49,0.41,2026-08-18,816,N21,VIIRS,n,2.0NRT,292.23,3.63,D,VIIRS_NOAA21_NRT
11.69771,78.67934,330.63,0.47,0.4,2026-08-18,816,N21,VIIRS,n,2.0NRT,294.82,46.2,D,VIIRS_NOAA21_NRT
13.2674,78.15524,334.54,0.46,0.39,2026-08-18,816,N21,VIIRS,n,2.0NRT,296.18,4.26,D,VIIRS_NOAA21_NRT
11.69411,78.67997,339.28,0.47,0.4,2026-08-18,816,N21,VIIRS,n,2.0NRT,293.29,11.29,D,VIIRS_NOAA21_NRT
11.47091,78.7398,336.52,0.47,0.4,2026-08-18,816,N21,VIIRS,n,2.0NRT,301.87,2.9,D,VIIRS_NOAA21_NRT
11.45509,79.44886,333.17,0.51,0.41,2026-08-18,816,N21,VIIRS,n,2.0NRT,299.03,3.69,D,VIIRS_NOAA21_NRT
11.35102,77.54483,340.72,0.42,0.38,2026-08-18,816,N21,VIIRS,n,2.0NRT,303.19,8.73,D,VIIRS_NOAA21_NRT
11.21398,78.13076,342.98,0.44,0.38,2026-08-18,816,N21,VIIRS,n,2.0NRT,306.1,13.42,D,VIIRS_NOAA21_NRT
11.1788,79.24069,331.52,0.5,0.41,2026-08-18,816,N21,VIIRS,n,2.0NRT,296.73,3.13,D,VIIRS_NOAA21_NRT
11.14468,78.58139,343.39,0.46,0.39,2026-08-18,816,N21,VIIRS,n,2.0NRT,303.98,6.13,D,VIIRS_NOAA21_NRT
11.12323,78.68747,341.71,0.47,0.39,2026-08-18,816,N21,VIIRS,n,2.0NRT,304.01,11.37,D,VIIRS_NOAA21_NRT
11.04446,77.91675,347.55,0.43,0.38,2026-08-18,816,N21,VIIRS,n,2.0NRT,302.18,8.44,D,VIIRS_NOAA21_NRT
11.02236,78.84486,339.64,0.47,0.4,2026-08-18,816,N21,VIIRS,n,2.0NRT,299.45,6.18,D,VIIRS_NOAA21_NRT
11.00285,79.80775,334.54,0.53,0.42,2026-08-18,816,N21,VIIRS,n,2.0NRT,299.87,4.0,D,VIIRS_NOAA21_NRT
11.00132,79.80522,334.94,0.53,0.42,2026-08-18,816,N21,VIIRS,n,2.0NRT,299.72,2.77,D,VIIRS_NOAA21_NRT
10.98373,78.245,338.95,0.44,0.39,2026-08-18,816,N21,VIIRS,n,2.0NRT,303.35,7.09,D,VIIRS_NOAA21_NRT
11.65042,78.09669,330.36,0.44,0.39,2026-08-18,816,N21,VIIRS,n,2.0NRT,299.96,2.0,D,VIIRS_NOAA21_NRT
13.37138,78.61485,335.28,0.49,0.4,2026-08-18,816,N21,VIIRS,n,2.0NRT,293.83,3.76,D,VIIRS_NOAA21_NRT
13.18419,76.22767,336.3,0.4,0.37,2026-08-18,818,N21,VIIRS,n,2.0NRT,299.45,3.37,D,VIIRS_NOAA21_NRT
13.66248,76.38867,332.38,0.4,0.37,2026-08-18,818,N21,VIIRS,n,2.0NRT,296.52,2.67,D,VIIRS_NOAA21_NRT
18.46759,74.2318,333.29,0.39,0.36,2026-08-18,818,N21,VIIRS,n,2.0NRT,298.87,3.92,D,VIIRS_NOAA21_NRT
15.08577,76.082,331.41,0.4,0.37,2026-08-18,818,N21,VIIRS,n,2.0NRT,296.3,2.09,D,VIIRS_NOAA21_NRT
14.86726,79.52043,330.19,0.57,0.43,2026-08-18,818,N21,VIIRS,n,2.0NRT,282.24,3.58,D,VIIRS_NOAA21_NRT
14.4102,78.20934,337.1,0.48,0.4,2026-08-18,818,N21,VIIRS,n,2.0NRT,294.02,6.66,D,VIIRS_NOAA21_NRT
14.30259,77.43807,340.33,0.44,0.38,2026-08-18,818,N21,VIIRS,n,2.0NRT,297.94,7.33,D,VIIRS_NOAA21_NRT
14.288,77.43612,342.89,0.44,0.38,2026-08-18,818,N21,VIIRS,n,2.0NRT,299.62,6.07,D,VIIRS_NOAA21_NRT
14.28449,77.43665,338.21,0.44,0.38,2026-08-18,818,N21,VIIRS,n,2.0NRT,300.56,6.07,D,VIIRS_NOAA21_NRT
14.24791,79.03074,332.04,0.53,0.42,2026-08-18,818,N21,VIIRS,n,2.0NRT,290.39,3.48,D,VIIRS_NOAA21_NRT
14.2471,79.02876,336.91,0.53,0.42,2026-08-18,818,N21,VIIRS,n,2.0NRT,291.53,3.32,D,VIIRS_NOAA21_NRT
14.15406,77.2313,342.85,0.43,0.38,2026-08-18,818,N21,VIIRS,n,2.0NRT,298.92,3.81,D,VIIRS_NOAA21_NRT
14.1535,77.22734,335.47,0.43,0.38,2026-08-18,818,N21,VIIRS,n,2.0NRT,299.24,3.81,D,VIIRS_NOAA21_NRT
14.15228,77.2437,337.29,0.43,0.38,2026-08-18,818,N21,VIIRS,n,2.0NRT,299.27,2.81,D,VIIRS_NOAA21_NRT
14.15172,77.23974,336.44,0.43,0.38,2026-08-18,818,N21,VIIRS,n,2.0NRT,299.78,4.77,D,VIIRS_NOAA21_NRT
14.1506,77.23183,344.31,0.43,0.38,2026-08-18,818,N21,VIIRS,n,2.0NRT,299.27,5.29,D,VIIRS_NOAA21_NRT
14.14881,77.24423,336.94,0.43,0.38,2026-08-18,818,N21,VIIRS,n,2.0NRT,299.55,2.81,D,VIIRS_NOAA21_NRT
13.95422,78.15399,336.75,0.47,0.4,2026-08-18,818,N21,VIIRS,n,2.0NRT,299.91,2.08,D,VIIRS_NOAA21_NRT
13.90555,77.54816,330.75,0.44,0.38,2026-08-18,818,N21,VIIRS,n,2.0NRT,296.39,3.56,D,VIIRS_NOAA21_NRT
13.82595,79.28137,346.03,0.54,0.42,2026-08-18,818,N21,VIIRS,n,2.0NRT,297.64,12.42,D,VIIRS_NOAA21_NRT
13.80109,76.19495,337.36,0.4,0.37,2026-08-18,818,N21,VIIRS,n,2.0NRT,298.07,4.55,D,VIIRS_NOAA21_NRT
10.94335,78.44159,338.42,0.45,0.39,2026-08-18,816,N21,VIIRS,n,2.0NRT,303.11,5.07,D,VIIRS_NOAA21_NRT
10.90672,78.53823,342.43,0.46,0.39,2026-08-18,816,N21,VIIRS,n,2.0NRT,300.87,7.58,D,VIIRS_NOAA21_NRT
10.80497,79.66894,337.91,0.52,0.41,2026-08-18,816,N21,VIIRS,n,2.0NRT,301.98,3.94,D,VIIRS_NOAA21_NRT
9.52314,78.22998,346.02,0.43,0.38,2026-08-18,816,N21,VIIRS,n,2.0NRT,309.9,4.29,D,VIIRS_NOAA21_NRT
9.52258,78.2261,342.9,0.43,0.38,2026-08-18,816,N21,VIIRS,n,2.0NRT,308.0,3.37,D,VIIRS_NOAA21_NRT
9.52202,78.22223,355.27,0.43,0.38,2026-08-18,816,N21,VIIRS,l,2.0NRT,308.62,3.37,D,VIIRS_NOAA21_NRT
9.52024,78.23438,339.51,0.43,0.38,2026-08-18,816,N21,VIIRS,n,2.0NRT,308.66,4.29,D,VIIRS_NOAA21_NRT
9.51968,78.23049,354.26,0.43,0.38,2026-08-18,816,N21,VIIRS,n,2.0NRT,309.04,4.29,D,VIIRS_NOAA21_NRT
9.51911,78.22663,338.14,0.43,0.38,2026-08-18,816,N21,VIIRS,n,2.0NRT,307.81,3.37,D,VIIRS_NOAA21_NRT
9.51855,78.22275,338.13,0.43,0.38,2026-08-18,816,N21,VIIRS,n,2.0NRT,307.69,3.37,D,VIIRS_NOAA21_NRT
9.44497,77.50709,334.97,0.41,0.37,2026-08-18,816,N21,VIIRS,l,2.0NRT,307.68,3.29,D,VIIRS_NOAA21_NRT
9.3862,77.38913,345.19,0.4,0.37,2026-08-18,816,N21,VIIRS,n,2.0NRT,309.38,5.73,D,VIIRS_NOAA21_NRT
9.33808,78.25658,345.42,0.43,0.38,2026-08-18,816,N21,VIIRS,n,2.0NRT,312.7,20.06,D,VIIRS_NOAA21_NRT
9.31806,77.47723,341.94,0.4,0.37,2026-08-18,816,N21,VIIRS,n,2.0NRT,313.03,8.24,D,VIIRS_NOAA21_NRT
9.52549,78.22171,348.73,0.43,0.38,2026-08-18,816,N21,VIIRS,n,2.0NRT,308.93,5.78,D,VIIRS_NOAA21_NRT
9.31469,77.47774,341.65,0.4,0.37,2026-08-18,816,N21,VIIRS,n,2.0NRT,311.2,8.24,D,VIIRS_NOAA21_NRT
9.27322,77.54752,339.11,0.41,0.37,2026-08-18,816,N21,VIIRS,l,2.0NRT,309.76,5.64,D,VIIRS_NOAA21_NRT
9.27162,78.79281,338.38,0.45,0.39,2026-08-18,816,N21,VIIRS,n,2.0NRT,304.73,4.59,D,VIIRS_NOAA21_NRT
9.2184,78.6481,337.96,0.44,0.39,2026-08-18,816,N21,VIIRS,n,2.0NRT,303.79,10.25,D,VIIRS_NOAA21_NRT
9.00249,77.50302,336.85,0.4,0.37,2026-08-18,816,N21,VIIRS,n,2.0NRT,306.51,2.49,D,VIIRS_NOAA21_NRT
9.52605,78.22559,351.49,0.43,0.38,2026-08-18,816,N21,VIIRS,n,2.0NRT,308.63,5.78,D,VIIRS_NOAA21_NRT
9.57388,78.30993,339.87,0.43,0.38,2026-08-18,816,N21,VIIRS,n,2.0NRT,305.08,4.52,D,VIIRS_NOAA21_NRT
9.57445,78.31384,341.46,0.43,0.38,2026-08-18,816,N21,VIIRS,n,2.0NRT,304.39,4.52,D,VIIRS_NOAA21_NRT
10.79064,79.03044,339.71,0.48,0.4,2026-08-18,816,N21,VIIRS,n,2.0NRT,305.43,12.0,D,VIIRS_NOAA21_NRT
10.78029,79.6581,347.67,0.52,0.41,2026-08-18,816,N21,VIIRS,n,2.0NRT,304.61,16.8,D,VIIRS_NOAA21_NRT
10.77713,78.64549,334.53,0.46,0.39,2026-08-18,816,N21,VIIRS,n,2.0NRT,302.12,3.61,D,VIIRS_NOAA21_NRT
10.72695,78.74613,339.14,0.46,0.39,2026-08-18,816,N21,VIIRS,n,2.0NRT,303.16,7.34,D,VIIRS_NOAA21_NRT
10.60196,79.33324,333.99,0.5,0.41,2026-08-18,816,N21,VIIRS,n,2.0NRT,301.31,2.86,D,VIIRS_NOAA21_NRT
10.60031,79.33021,336.51,0.5,0.41,2026-08-18,816,N21,VIIRS,n,2.0NRT,303.52,3.94,D,VIIRS_NOAA21_NRT
10.56157,79.44977,336.39,0.5,0.41,2026-08-18,816,N21,VIIRS,n,2.0NRT,303.88,9.6,D,VIIRS_NOAA21_NRT
10.55074,79.59185,339.79,0.51,0.41,2026-08-18,816,N21,VIIRS,n,2.0NRT,303.18,9.65,D,VIIRS_NOAA21_NRT
10.51628,77.66093,345.72,0.42,0.37,2026-08-18,816,N21,VIIRS,n,2.0NRT,306.56,8.8,D,VIIRS_NOAA21_NRT
10.50352,79.42883,337.6,0.5,0.41,2026-08-18,816,N21,VIIRS,n,2.0NRT,302.37,4.35,D,VIIRS_NOAA21_NRT
10.47384,78.95833,330.34,0.47,0.4,2026-08-18,816,N21,VIIRS,l,2.0NRT,300.46,1.15,D,VIIRS_NOAA21_NRT
10.20446,78.83449,336.57,0.46,0.39,2026-08-18,816,N21,VIIRS,n,2.0NRT,305.2,5.11,D,VIIRS_NOAA21_NRT
10.12364,77.9013,337.46,0.42,0.38,2026-08-18,816,N21,VIIRS,l,2.0NRT,308.95,6.96,D,VIIRS_NOAA21_NRT
10.10702,78.53771,335.82,0.45,0.39,2026-08-18,816,N21,VIIRS,n,2.0NRT,302.42,3.8,D,VIIRS_NOAA21_NRT
10.10463,77.69885,343.44,0.42,0.37,2026-08-18,816,N21,VIIRS,n,2.0NRT,305.52,11.17,D,VIIRS_NOAA21_NRT
10.08933,79.01897,337.66,0.47,0.4,2026-08-18,816,N21,VIIRS,n,2.0NRT,304.58,4.38,D,VIIRS_NOAA21_NRT
9.99415,78.07372,339.1,0.43,0.38,2026-08-18,816,N21,VIIRS,n,2.0NRT,307.49,5.2,D,VIIRS_NOAA21_NRT
9.97945,79.0864,337.5,0.47,0.4,2026-08-18,816,N21,VIIRS,n,2.0NRT,301.04,1.42,D,VIIRS_NOAA21_NRT
9.96622,78.06999,334.38,0.43,0.38,2026-08-18,816,N21,VIIRS,n,2.0NRT,302.78,2.89,D,VIIRS_NOAA21_NRT
9.94795,78.71426,339.63,0.45,0.39,2026-08-18,816,N21,VIIRS,n,2.0NRT,303.02,3.75,D,VIIRS_NOAA21_NRT
9.94499,78.7189,345.34,0.45,0.39,2026-08-18,816,N21,VIIRS,n,2.0NRT,303.91,3.75,D,VIIRS_NOAA21_NRT
9.94439,78.71479,342.61,0.45,0.39,2026-08-18,816,N21,VIIRS,n,2.0NRT,303.33,3.75,D,VIIRS_NOAA21_NRT
9.83649,78.466,336.28,0.44,0.39,2026-08-18,816,N21,VIIRS,n,2.0NRT,302.95,3.48,D,VIIRS_NOAA21_NRT
9.58084,78.3089,338.78,0.43,0.38,2026-08-18,816,N21,VIIRS,n,2.0NRT,305.32,6.77,D,VIIRS_NOAA21_NRT
9.57736,78.30942,342.87,0.43,0.38,2026-08-18,816,N21,VIIRS,n,2.0NRT,304.24,4.52,D,VIIRS_NOAA21_NRT
9.57502,78.31775,346.04,0.43,0.38,2026-08-18,816,N21,VIIRS,n,2.0NRT,304.92,8.2,D,VIIRS_NOAA21_NRT
10.87752,77.78307,338.59,0.42,0.38,2026-08-18,816,N21,VIIRS,n,2.0NRT,301.43,3.77,D,VIIRS_NOAA21_NRT
10.14966,79.14445,340.25,0.37,0.58,2026-08-18,731,N20,VIIRS,n,2.0NRT,296.01,1.94,D,VIIRS_NOAA20_NRT
8.74034,77.6055,340.56,0.4,0.6,2026-08-19,852,N20,VIIRS,n,2.0NRT,293.6,239.09,D,VIIRS_NOAA20_NRT
9.52572,78.76215,341.98,0.49,0.65,2026-08-19,852,N20,VIIRS,n,2.0NRT,285.98,5.93,D,VIIRS_NOAA20_NRT
10.74717,78.63906,334.31,0.5,0.66,2026-08-19,852,N20,VIIRS,n,2.0NRT,290.91,5.39,D,VIIRS_NOAA20_NRT
10.93393,78.49468,330.44,0.49,0.65,2026-08-19,852,N20,VIIRS,n,2.0NRT,292.35,1.95,D,VIIRS_NOAA20_NRT
10.95563,78.40146,332.42,0.48,0.65,2026-08-19,852,N20,VIIRS,n,2.0NRT,292.47,4.21,D,VIIRS_NOAA20_NRT
21.10254,72.63605,333.38,0.54,0.51,2026-08-19,856,N20,VIIRS,n,2.0NRT,287.38,4.28,D,VIIRS_NOAA20_NRT
8.64364,77.90237,344.29,0.42,0.61,2026-08-19,852,N20,VIIRS,n,2.0NRT,293.68,4.95,D,VIIRS_NOAA20_NRT
27.31678,95.26754,311.22,0.47,0.4,2026-08-19,1942,N20,VIIRS,n,2.0NRT,289.96,2.63,N,VIIRS_NOAA20_NRT
20.7594,85.29646,312.84,0.53,0.42,2026-08-19,1945,N20,VIIRS,n,2.0NRT,289.64,2.8,N,VIIRS_NOAA20_NRT
20.76076,85.30016,309.2,0.53,0.42,2026-08-19,1945,N20,VIIRS,n,2.0NRT,289.65,1.39,N,VIIRS_NOAA20_NRT
8.64316,77.89857,330.82,0.42,0.61,2026-08-19,852,N20,VIIRS,n,2.0NRT,293.39,3.76,D,VIIRS_NOAA20_NRT
8.63941,77.90063,339.32,0.42,0.61,2026-08-19,852,N20,VIIRS,n,2.0NRT,294.71,6.62,D,VIIRS_NOAA20_NRT
20.79179,85.25556,332.73,0.39,0.44,2026-08-19,714,N20,VIIRS,n,2.0NRT,292.92,4.96,D,VIIRS_NOAA20_NRT
20.79575,85.25475,342.63,0.39,0.44,2026-08-19,714,N20,VIIRS,n,2.0NRT,292.68,8.12,D,VIIRS_NOAA20_NRT
22.36498,87.30222,339.31,0.44,0.38,2026-08-19,716,N20,VIIRS,n,2.0NRT,297.24,8.62,D,VIIRS_NOAA20_NRT
8.63992,77.90443,337.42,0.42,0.61,2026-08-19,852,N20,VIIRS,n,2.0NRT,293.8,6.22,D,VIIRS_NOAA20_NRT
20.76146,85.29501,304.74,0.53,0.42,2026-08-19,1945,N20,VIIRS,n,2.0NRT,289.06,1.39,N,VIIRS_NOAA20_NRT
20.79224,85.25455,310.53,0.53,0.42,2026-08-19,1945,N20,VIIRS,n,2.0NRT,290.39,3.51,N,VIIRS_NOAA20_NRT
20.79609,85.25515,330.5,0.53,0.42,2026-08-19,1945,N20,VIIRS,n,2.0NRT,290.42,3.51,N,VIIRS_NOAA20_NRT
21.07858,85.04521,309.08,0.55,0.43,2026-08-19,1945,N20,VIIRS,n,2.0NRT,289.5,1.56,N,VIIRS_NOAA20_NRT
21.07927,85.03988,310.25,0.55,0.43,2026-08-19,1945,N20,VIIRS,n,2.0NRT,290.19,2.71,N,VIIRS_NOAA20_NRT
21.07996,85.03458,307.48,0.55,0.43,2026-08-19,1945,N20,VIIRS,n,2.0NRT,290.37,2.71,N,VIIRS_NOAA20_NRT
22.05307,88.12675,310.93,0.41,0.37,2026-08-19,1945,N20,VIIRS,n,2.0NRT,291.41,2.38,N,VIIRS_NOAA20_NRT
22.05502,85.46635,301.37,0.54,0.42,2026-08-19,1945,N20,VIIRS,n,2.0NRT,287.23,0.59,N,VIIRS_NOAA20_NRT
22.05706,88.12335,313.71,0.41,0.37,2026-08-19,1945,N20,VIIRS,n,2.0NRT,290.97,2.46,N,VIIRS_NOAA20_NRT
22.06446,88.12053,311.48,0.41,0.37,2026-08-19,1945,N20,VIIRS,n,2.0NRT,290.26,2.37,N,VIIRS_NOAA20_NRT
22.13304,85.38209,304.05,0.54,0.42,2026-08-19,1945,N20,VIIRS,n,2.0NRT,289.31,1.02,N,VIIRS_NOAA20_NRT
22.35701,87.28933,309.0,0.44,0.39,2026-08-19,1945,N20,VIIRS,n,2.0NRT,289.12,1.49,N,VIIRS_NOAA20_NRT
22.36053,87.2899,305.78,0.44,0.39,2026-08-19,1945,N20,VIIRS,n,2.0NRT,289.23,1.49,N,VIIRS_NOAA20_NRT
21.07466,85.04465,304.62,0.55,0.43,2026-08-19,1945,N20,VIIRS,n,2.0NRT,289.46,1.56,N,VIIRS_NOAA20_NRT
22.36126,87.01955,308.03,0.45,0.39,2026-08-19,1945,N20,VIIRS,n,2.0NRT,291.16,1.57,N,VIIRS_NOAA20_NRT
22.36542,87.01572,306.73,0.46,0.39,2026-08-19,1945,N20,VIIRS,n,2.0NRT,290.82,1.28,N,VIIRS_NOAA20_NRT
22.3664,87.29961,318.07,0.44,0.39,2026-08-19,1945,N20,VIIRS,n,2.0NRT,289.19,3.15,N,VIIRS_NOAA20_NRT
22.37644,87.27934,324.04,0.44,0.39,2026-08-19,1945,N20,VIIRS,n,2.0NRT,291.37,4.93,N,VIIRS_NOAA20_NRT
22.37997,87.27991,316.34,0.44,0.39,2026-08-19,1945,N20,VIIRS,n,2.0NRT,290.91,1.9,N,VIIRS_NOAA20_NRT
22.38057,87.27562,308.73,0.44,0.39,2026-08-19,1945,N20,VIIRS,n,2.0NRT,290.21,1.9,N,VIIRS_NOAA20_NRT
22.38231,87.28905,305.9,0.44,0.39,2026-08-19,1945,N20,VIIRS,n,2.0NRT,289.6,2.32,N,VIIRS_NOAA20_NRT
22.57419,85.89626,310.24,0.52,0.41,2026-08-19,1945,N20,VIIRS,n,2.0NRT,291.29,1.39,N,VIIRS_NOAA20_NRT
22.57485,85.89123,305.64,0.52,0.41,2026-08-19,1945,N20,VIIRS,n,2.0NRT,290.95,1.39,N,VIIRS_NOAA20_NRT
22.61008,85.91367,306.4,0.52,0.41,2026-08-19,1945,N20,VIIRS,n,2.0NRT,290.52,1.7,N,VIIRS_NOAA20_NRT
22.36285,87.01693,313.65,0.45,0.39,2026-08-19,1945,N20,VIIRS,n,2.0NRT,291.33,1.69,N,VIIRS_NOAA20_NRT
20.9997,86.02561,309.19,0.49,0.4,2026-08-19,1945,N20,VIIRS,n,2.0NRT,290.71,1.79,N,VIIRS_NOAA20_NRT
20.99724,86.01566,322.16,0.49,0.4,2026-08-19,1945,N20,VIIRS,n,2.0NRT,290.98,2.25,N,VIIRS_NOAA20_NRT
20.98905,85.12326,304.83,0.55,0.42,2026-08-19,1945,N20,VIIRS,n,2.0NRT,289.36,1.05,N,VIIRS_NOAA20_NRT
20.79929,85.26081,304.96,0.53,0.42,2026-08-19,1945,N20,VIIRS,n,2.0NRT,289.47,1.91,N,VIIRS_NOAA20_NRT
20.86544,84.99534,319.0,0.55,0.43,2026-08-19,1945,N20,VIIRS,n,2.0NRT,289.71,3.47,N,VIIRS_NOAA20_NRT
20.86612,84.99014,316.88,0.55,0.43,2026-08-19,1945,N20,VIIRS,n,2.0NRT,289.6,3.47,N,VIIRS_NOAA20_NRT
20.8871,84.98233,342.42,0.55,0.43,2026-08-19,1945,N20,VIIRS,n,2.0NRT,289.76,7.56,N,VIIRS_NOAA20_NRT
20.89102,84.9829,305.86,0.55,0.43,2026-08-19,1945,N20,VIIRS,n,2.0NRT,288.06,1.05,N,VIIRS_NOAA20_NRT
20.94882,86.04855,324.64,0.49,0.4,2026-08-19,1945,N20,VIIRS,n,2.0NRT,290.86,2.38,N,VIIRS_NOAA20_NRT
20.95251,86.04915,314.27,0.49,0.4,2026-08-19,1945,N20,VIIRS,n,2.0NRT,291.37,2.38,N,VIIRS_NOAA20_NRT
20.95314,86.04453,320.25,0.49,0.4,2026-08-19,1945,N20,VIIRS,n,2.0NRT,290.81,4.28,N,VIIRS_NOAA20_NRT
20.96163,85.17625,306.18,0.54,0.42,2026-08-19,1945,N20,VIIRS,n,2.0NRT,290.12,1.87,N,VIIRS_NOAA20_NRT
20.96231,85.17104,314.77,0.54,0.42,2026-08-19,1945,N20,VIIRS,n,2.0NRT,289.68,1.87,N,VIIRS_NOAA20_NRT
20.96358,86.05087,315.65,0.49,0.4,2026-08-19,1945,N20,VIIRS,n,2.0NRT,290.81,2.26,N,VIIRS_NOAA20_NRT
20.96414,85.18718,329.26,0.54,0.42,2026-08-19,1945,N20,VIIRS,n,2.0NRT,290.15,2.68,N,VIIRS_NOAA20_NRT
20.96482,85.182,307.27,0.54,0.42,2026-08-19,1945,N20,VIIRS,n,2.0NRT,289.82,2.68,N,VIIRS_NOAA20_NRT
20.96619,85.17161,317.35,0.54,0.42,2026-08-19,1945,N20,VIIRS,n,2.0NRT,289.82,2.88,N,VIIRS_NOAA20_NRT
20.96688,85.16637,309.23,0.54,0.42,2026-08-19,1945,N20,VIIRS,n,2.0NRT,289.76,3.25,N,VIIRS_NOAA20_NRT
20.96871,86.01344,307.98,0.49,0.4,2026-08-19,1945,N20,VIIRS,n,2.0NRT,291.67,2.98,N,VIIRS_NOAA20_NRT
20.96938,85.17738,324.77,0.54,0.42,2026-08-19,1945,N20,VIIRS,n,2.0NRT,289.99,2.88,N,VIIRS_NOAA20_NRT
20.96999,86.00407,327.37,0.49,0.4,2026-08-19,1945,N20,VIIRS,n,2.0NRT,291.15,2.78,N,VIIRS_NOAA20_NRT
20.97007,85.17216,318.33,0.54,0.42,2026-08-19,1945,N20,VIIRS,n,2.0NRT,289.7,2.88,N,VIIRS_NOAA20_NRT
20.97369,86.00464,317.65,0.49,0.4,2026-08-19,1945,N20,VIIRS,n,2.0NRT,291.47,2.78,N,VIIRS_NOAA20_NRT
20.97784,85.17326,306.79,0.54,0.42,2026-08-19,1945,N20,VIIRS,n,2.0NRT,289.69,2.69,N,VIIRS_NOAA20_NRT
20.97853,85.16805,305.89,0.54,0.42,2026-08-19,1945,N20,VIIRS,n,2.0NRT,289.28,1.58,N,VIIRS_NOAA20_NRT
20.97878,85.13621,305.9,0.54,0.42,2026-08-19,1945,N20,VIIRS,n,2.0NRT,289.72,3.01,N,VIIRS_NOAA20_NRT
22.78767,86.20531,307.42,0.5,0.41,2026-08-19,1945,N20,VIIRS,n,2.0NRT,290.98,2.63,N,VIIRS_NOAA20_NRT
8.74104,77.59702,330.52,0.47,0.39,2026-08-19,2032,N21,VIIRS,n,2.0NRT,295.83,17.22,N,VIIRS_NOAA21_NRT
11.42396,77.4256,304.77,0.43,0.38,2026-08-19,2032,N21,VIIRS,n,2.0NRT,277.28,1.06,N,VIIRS_NOAA21_NRT
15.16805,76.37964,302.05,0.39,0.36,2026-08-19,2032,N21,VIIRS,n,2.0NRT,276.49,1.51,N,VIIRS_NOAA21_NRT
27.82257,95.50542,332.09,0.41,0.45,2026-08-19,622,N21,VIIRS,n,2.0NRT,289.61,4.27,D,VIIRS_NOAA21_NRT
22.7884,86.20729,305.8,0.5,0.41,2026-08-19,1945,N20,VIIRS,n,2.0NRT,291.01,1.51,N,VIIRS_NOAA20_NRT
22.79029,86.1926,308.82,0.5,0.41,2026-08-19,1945,N20,VIIRS,n,2.0NRT,290.55,1.92,N,VIIRS_NOAA20_NRT
17.95761,80.79309,330.42,0.52,0.41,2026-08-19,2029,N21,VIIRS,n,2.0NRT,289.71,5.58,N,VIIRS_NOAA21_NRT
17.95757,80.7914,307.04,0.52,0.41,2026-08-19,2029,N21,VIIRS,n,2.0NRT,289.13,2.92,N,VIIRS_NOAA21_NRT
17.95672,80.79622,325.58,0.52,0.41,2026-08-19,2029,N21,VIIRS,n,2.0NRT,287.88,3.3,N,VIIRS_NOAA21_NRT
29.47554,76.85881,304.25,0.42,0.38,2026-08-19,2027,N21,VIIRS,n,2.0NRT,280.44,0.93,N,VIIRS_NOAA21_NRT
27.37795,95.08804,304.48,0.32,0.55,2026-08-19,1845,N21,VIIRS,n,2.0NRT,285.09,0.58,N,VIIRS_NOAA21_NRT
22.78966,86.19751,311.22,0.5,0.41,2026-08-19,1945,N20,VIIRS,n,2.0NRT,291.55,4.37,N,VIIRS_NOAA20_NRT
17.95841,80.78658,325.33,0.52,0.41,2026-08-19,2029,N21,VIIRS,n,2.0NRT,288.71,2.92,N,VIIRS_NOAA21_NRT
8.88492,78.10483,336.28,0.44,0.38,2026-08-19,758,N21,VIIRS,l,2.0NRT,303.21,7.56,D,VIIRS_NOAA21_NRT
8.88693,78.10458,335.91,0.44,0.38,2026-08-19,758,N21,VIIRS,l,2.0NRT,302.4,9.25,D,VIIRS_NOAA21_NRT
17.95848,80.78828,324.37,0.52,0.41,2026-08-19,2029,N21,VIIRS,n,2.0NRT,288.81,4.28,N,VIIRS_NOAA21_NRT
17.96787,83.15147,305.75,0.48,0.48,2026-08-19,2029,N21,VIIRS,n,2.0NRT,286.92,1.1,N,VIIRS_NOAA21_NRT
17.98248,80.82807,304.47,0.52,0.41,2026-08-19,2029,N21,VIIRS,n,2.0NRT,287.66,2.05,N,VIIRS_NOAA21_NRT
20.96274,86.0116,308.79,0.32,0.54,2026-08-19,2029,N21,VIIRS,n,2.0NRT,288.59,2.99,N,VIIRS_NOAA21_NRT
20.96247,85.17,313.47,0.56,0.52,2026-08-19,2029,N21,VIIRS,n,2.0NRT,288.86,5.18,N,VIIRS_NOAA21_NRT
20.96241,85.18444,327.9,0.57,0.52,2026-08-19,2029,N21,VIIRS,n,2.0NRT,288.8,4.95,N,VIIRS_NOAA21_NRT
20.96212,86.01457,303.95,0.32,0.55,2026-08-19,2029,N21,VIIRS,n,2.0NRT,288.19,3.42,N,VIIRS_NOAA21_NRT
20.96134,85.18983,314.1,0.57,0.52,2026-08-19,2029,N21,VIIRS,n,2.0NRT,288.67,4.95,N,VIIRS_NOAA21_NRT
20.96094,85.16736,308.04,0.56,0.52,2026-08-19,2029,N21,VIIRS,n,2.0NRT,288.57,2.2,N,VIIRS_NOAA21_NRT
20.95988,85.17266,304.86,0.56,0.52,2026-08-19,2029,N21,VIIRS,n,2.0NRT,288.3,1.71,N,VIIRS_NOAA21_NRT
20.95094,86.0435,319.75,0.32,0.55,2026-08-19,2029,N21,VIIRS,n,2.0NRT,288.39,2.18,N,VIIRS_NOAA21_NRT
20.95032,86.04649,314.01,0.32,0.55,2026-08-19,2029,N21,VIIRS,n,2.0NRT,288.43,2.18,N,VIIRS_NOAA21_NRT
20.94967,86.04959,307.92,0.32,0.55,2026-08-19,2029,N21,VIIRS,n,2.0NRT,288.26,1.72,N,VIIRS_NOAA21_NRT
20.88902,84.97868,309.65,0.55,0.51,2026-08-19,2029,N21,VIIRS,n,2.0NRT,288.05,2.75,N,VIIRS_NOAA21_NRT
20.88798,84.98393,318.63,0.55,0.51,2026-08-19,2029,N21,VIIRS,n,2.0NRT,288.05,3.33,N,VIIRS_NOAA21_NRT
20.88752,84.97923,317.33,0.55,0.51,2026-08-19,2029,N21,VIIRS,n,2.0NRT,288.37,4.04,N,VIIRS_NOAA21_NRT
20.88644,84.98445,330.03,0.55,0.51,2026-08-19,2029,N21,VIIRS,n,2.0NRT,288.59,4.04,N,VIIRS_NOAA21_NRT
20.8834,84.98273,312.96,0.55,0.51,2026-08-19,2029,N21,VIIRS,n,2.0NRT,288.69,3.33,N,VIIRS_NOAA21_NRT
20.86646,84.99509,307.84,0.55,0.51,2026-08-19,2029,N21,VIIRS,n,2.0NRT,288.79,2.61,N,VIIRS_NOAA21_NRT
20.8629,84.98873,316.21,0.55,0.51,2026-08-19,2029,N21,VIIRS,n,2.0NRT,288.47,2.61,N,VIIRS_NOAA21_NRT
20.86184,84.99403,314.66,0.55,0.51,2026-08-19,2029,N21,VIIRS,n,2.0NRT,288.24,2.61,N,VIIRS_NOAA21_NRT
20.79549,85.25102,317.46,0.57,0.52,2026-08-19,2029,N21,VIIRS,n,2.0NRT,288.47,5.71,N,VIIRS_NOAA21_NRT
20.79439,85.25645,326.47,0.58,0.52,2026-08-19,2029,N21,VIIRS,n,2.0NRT,288.69,5.71,N,VIIRS_NOAA21_NRT
20.78388,85.25973,304.54,0.58,0.52,2026-08-19,2029,N21,VIIRS,n,2.0NRT,288.79,2.13,N,VIIRS_NOAA21_NRT
20.76206,85.29421,309.18,0.58,0.52,2026-08-19,2029,N21,VIIRS,n,2.0NRT,288.7,2.32,N,VIIRS_NOAA21_NRT
9.36143,78.66453,340.4,0.41,0.37,2026-08-19,758,N21,VIIRS,l,2.0NRT,303.02,8.62,D,VIIRS_NOAA21_NRT
20.96356,85.16472,323.89,0.56,0.52,2026-08-19,2029,N21,VIIRS,n,2.0NRT,288.95,4.4,N,VIIRS_NOAA21_NRT
9.38254,78.68787,337.2,0.41,0.37,2026-08-19,758,N21,VIIRS,l,2.0NRT,302.15,4.57,D,VIIRS_NOAA21_NRT
9.49461,78.04112,342.19,0.44,0.38,2026-08-19,758,N21,VIIRS,l,2.0NRT,304.09,14.71,D,VIIRS_NOAA21_NRT
23.51684,87.27125,305.73,0.34,0.56,2026-08-19,2027,N21,VIIRS,n,2.0NRT,287.18,3.24,N,VIIRS_NOAA21_NRT
22.94316,85.96852,302.4,0.58,0.52,2026-08-19,2027,N21,VIIRS,n,2.0NRT,288.57,1.22,N,VIIRS_NOAA21_NRT
22.87371,86.06281,309.15,0.59,0.53,2026-08-19,2027,N21,VIIRS,n,2.0NRT,289.27,4.38,N,VIIRS_NOAA21_NRT
22.7908,86.1967,310.77,0.6,0.53,2026-08-19,2027,N21,VIIRS,n,2.0NRT,289.37,3.8,N,VIIRS_NOAA21_NRT
22.78961,86.20239,307.71,0.6,0.53,2026-08-19,2027,N21,VIIRS,n,2.0NRT,288.96,2.33,N,VIIRS_NOAA21_NRT
22.78841,86.2081,302.64,0.6,0.53,2026-08-19,2027,N21,VIIRS,n,2.0NRT,289.28,2.33,N,VIIRS_NOAA21_NRT
22.78364,86.20684,311.14,0.6,0.53,2026-08-19,2027,N21,VIIRS,n,2.0NRT,288.91,2.33,N,VIIRS_NOAA21_NRT
22.57461,85.8969,305.7,0.58,0.52,2026-08-19,2027,N21,VIIRS,n,2.0NRT,288.65,2.16,N,VIIRS_NOAA21_NRT
22.57429,85.89625,309.85,0.58,0.52,2026-08-19,2027,N21,VIIRS,n,2.0NRT,288.3,3.17,N,VIIRS_NOAA21_NRT
22.37956,87.2778,318.52,0.36,0.57,2026-08-19,2027,N21,VIIRS,n,2.0NRT,286.8,2.95,N,VIIRS_NOAA21_NRT
23.56305,87.08371,299.13,0.33,0.55,2026-08-19,2027,N21,VIIRS,n,2.0NRT,281.54,2.02,N,VIIRS_NOAA21_NRT
22.37883,87.28122,322.85,0.36,0.57,2026-08-19,2027,N21,VIIRS,n,2.0NRT,286.54,3.48,N,VIIRS_NOAA21_NRT
22.37474,87.27907,325.07,0.36,0.57,2026-08-19,2027,N21,VIIRS,n,2.0NRT,287.01,4.04,N,VIIRS_NOAA21_NRT
22.3643,87.30159,313.09,0.36,0.57,2026-08-19,2027,N21,VIIRS,n,2.0NRT,285.95,3.31,N,VIIRS_NOAA21_NRT
22.36413,87.29903,304.74,0.36,0.57,2026-08-19,2027,N21,VIIRS,n,2.0NRT,285.95,1.58,N,VIIRS_NOAA21_NRT
22.3634,87.30245,307.18,0.36,0.57,2026-08-19,2027,N21,VIIRS,n,2.0NRT,285.56,1.58,N,VIIRS_NOAA21_NRT
22.36007,87.01799,306.93,0.35,0.56,2026-08-19,2027,N21,VIIRS,n,2.0NRT,287.5,1.92,N,VIIRS_NOAA21_NRT
22.35531,87.28946,304.85,0.36,0.57,2026-08-19,2027,N21,VIIRS,n,2.0NRT,286.03,1.62,N,VIIRS_NOAA21_NRT
22.24631,87.38953,302.36,0.37,0.58,2026-08-19,2027,N21,VIIRS,n,2.0NRT,280.59,0.2,N,VIIRS_NOAA21_NRT
22.24621,87.38834,305.74,0.37,0.58,2026-08-19,2027,N21,VIIRS,n,2.0NRT,280.88,0.81,N,VIIRS_NOAA21_NRT
22.05219,88.1251,313.64,0.41,0.61,2026-08-19,2027,N21,VIIRS,n,2.0NRT,285.13,3.45,N,VIIRS_NOAA21_NRT
31.24827,76.92823,305.05,0.44,0.38,2026-08-19,2025,N21,VIIRS,n,2.0NRT,289.04,0.76,N,VIIRS_NOAA21_NRT
22.3755,87.27567,308.33,0.36,0.57,2026-08-19,2027,N21,VIIRS,n,2.0NRT,286.99,2.38,N,VIIRS_NOAA21_NRT
23.66281,87.15319,302.53,0.33,0.55,2026-08-19,2027,N21,VIIRS,n,2.0NRT,283.34,1.14,N,VIIRS_NOAA21_NRT
23.69736,86.07976,299.58,0.57,0.52,2026-08-19,2027,N21,VIIRS,n,2.0NRT,269.38,1.08,N,VIIRS_NOAA21_NRT
23.73811,86.43312,312.99,0.6,0.53,2026-08-19,2027,N21,VIIRS,n,2.0NRT,283.7,6.07,N,VIIRS_NOAA21_NRT
10.95938,76.78011,331.65,0.48,0.4,2026-08-19,758,N21,VIIRS,n,2.0NRT,295.71,5.83,D,VIIRS_NOAA21_NRT
10.96018,76.78088,331.84,0.48,0.4,2026-08-19,758,N21,VIIRS,n,2.0NRT,296.12,5.99,D,VIIRS_NOAA21_NRT
20.96184,86.00768,330.47,0.59,0.53,2026-08-19,801,N21,VIIRS,n,2.0NRT,286.25,7.16,D,VIIRS_NOAA21_NRT
26.77066,94.50631,308.8,0.35,0.56,2026-08-19,1845,N21,VIIRS,n,2.0NRT,287.51,1.52,N,VIIRS_NOAA21_NRT
23.8231,84.57227,304.64,0.46,0.47,2026-08-19,2027,N21,VIIRS,n,2.0NRT,288.22,1.34,N,VIIRS_NOAA21_NRT
23.80446,86.33112,306.85,0.59,0.53,2026-08-19,2027,N21,VIIRS,n,2.0NRT,277.33,3.63,N,VIIRS_NOAA21_NRT
23.80087,86.32375,300.02,0.59,0.53,2026-08-19,2027,N21,VIIRS,n,2.0NRT,278.51,0.62,N,VIIRS_NOAA21_NRT
23.79503,86.35194,303.87,0.59,0.53,2026-08-19,2027,N21,VIIRS,n,2.0NRT,275.02,2.05,N,VIIRS_NOAA21_NRT
23.7949,86.35249,303.64,0.59,0.53,2026-08-19,2027,N21,VIIRS,n,2.0NRT,274.8,3.33,N,VIIRS_NOAA21_NRT
23.782,86.34277,301.0,0.59,0.53,2026-08-19,2027,N21,VIIRS,n,2.0NRT,277.71,0.8,N,VIIRS_NOAA21_NRT
23.78083,86.34837,301.04,0.59,0.53,2026-08-19,2027,N21,VIIRS,n,2.0NRT,275.51,2.27,N,VIIRS_NOAA21_NRT
23.7806,86.2069,313.86,0.58,0.52,2026-08-19,2027,N21,VIIRS,n,2.0NRT,285.35,3.24,N,VIIRS_NOAA21_NRT
23.77945,86.21242,307.59,0.58,0.52,2026-08-19,2027,N21,VIIRS,n,2.0NRT,285.49,3.24,N,VIIRS_NOAA21_NRT
23.77258,86.36404,305.0,0.59,0.53,2026-08-19,2027,N21,VIIRS,n,2.0NRT,282.37,1.65,N,VIIRS_NOAA21_NRT
23.76667,86.3924,300.94,0.59,0.53,2026-08-19,2027,N21,VIIRS,n,2.0NRT,280.81,4.66,N,VIIRS_NOAA21_NRT
23.76431,86.40368,308.02,0.59,0.53,2026-08-19,2027,N21,VIIRS,n,2.0NRT,280.76,2.48,N,VIIRS_NOAA21_NRT
23.76379,86.40408,307.13,0.59,0.53,2026-08-19,2027,N21,VIIRS,n,2.0NRT,280.81,4.33,N,VIIRS_NOAA21_NRT
23.75956,86.40249,309.02,0.59,0.53,2026-08-19,2027,N21,VIIRS,n,2.0NRT,281.88,2.48,N,VIIRS_NOAA21_NRT
23.75904,86.40292,310.23,0.59,0.53,2026-08-19,2027,N21,VIIRS,n,2.0NRT,280.91,4.33,N,VIIRS_NOAA21_NRT
20.96382,85.18706,330.59,0.56,0.52,2026-08-19,2029,N21,VIIRS,n,2.0NRT,288.87,4.67,N,VIIRS_NOAA21_NRT
27.32586,95.27505,304.88,0.63,0.54,2026-08-19,1845,N21,VIIRS,n,2.0NRT,280.26,3.36,N,VIIRS_NOAA21_NRT
20.96462,86.00256,306.47,0.32,0.54,2026-08-19,2029,N21,VIIRS,n,2.0NRT,288.86,0.97,N,VIIRS_NOAA21_NRT
23.78208,86.3897,300.95,0.5,0.41,2026-08-19,1945,N20,VIIRS,n,2.0NRT,263.78,0.83,N,VIIRS_NOAA20_NRT
23.77833,86.3891,307.41,0.5,0.41,2026-08-19,1945,N20,VIIRS,n,2.0NRT,261.36,1.39,N,VIIRS_NOAA20_NRT
23.76894,86.40264,303.97,0.5,0.41,2026-08-19,1945,N20,VIIRS,n,2.0NRT,264.25,0.8,N,VIIRS_NOAA20_NRT
23.76519,86.40205,300.36,0.5,0.41,2026-08-19,1945,N20,VIIRS,n,2.0NRT,264.7,0.8,N,VIIRS_NOAA20_NRT
23.76455,86.40701,301.0,0.5,0.41,2026-08-19,1945,N20,VIIRS,n,2.0NRT,269.02,0.8,N,VIIRS_NOAA20_NRT
23.76145,86.40147,302.7,0.5,0.41,2026-08-19,1945,N20,VIIRS,n,2.0NRT,265.64,1.01,N,VIIRS_NOAA20_NRT
23.75834,86.3959,295.73,0.5,0.41,2026-08-19,1945,N20,VIIRS,n,2.0NRT,263.94,0.45,N,VIIRS_NOAA20_NRT
23.75707,86.40581,300.21,0.5,0.41,2026-08-19,1945,N20,VIIRS,n,2.0NRT,269.31,1.01,N,VIIRS_NOAA20_NRT
23.75207,86.41506,302.77,0.5,0.41,2026-08-19,1945,N20,VIIRS,n,2.0NRT,270.27,0.91,N,VIIRS_NOAA20_NRT
23.73835,86.43285,309.16,0.5,0.41,2026-08-19,1945,N20,VIIRS,n,2.0NRT,269.96,1.3,N,VIIRS_NOAA20_NRT
23.82477,84.57133,315.7,0.42,0.45,2026-08-19,1945,N20,VIIRS,n,2.0NRT,288.19,1.66,N,VIIRS_NOAA20_NRT
23.73741,86.43033,302.84,0.5,0.41,2026-08-19,1945,N20,VIIRS,n,2.0NRT,269.96,1.1,N,VIIRS_NOAA20_NRT
23.71062,86.43102,299.96,0.5,0.41,2026-08-19,1945,N20,VIIRS,n,2.0NRT,270.53,1.47,N,VIIRS_NOAA20_NRT
23.69857,86.07803,310.92,0.52,0.42,2026-08-19,1945,N20,VIIRS,n,2.0NRT,266.58,0.86,N,VIIRS_NOAA20_NRT
23.69476,86.07745,306.39,0.52,0.42,2026-08-19,1945,N20,VIIRS,n,2.0NRT,267.71,0.95,N,VIIRS_NOAA20_NRT
23.69281,87.12199,307.96,0.46,0.39,2026-08-19,1945,N20,VIIRS,n,2.0NRT,289.14,2.81,N,VIIRS_NOAA20_NRT
23.6914,86.40305,301.88,0.5,0.41,2026-08-19,1945,N20,VIIRS,n,2.0NRT,270.52,0.98,N,VIIRS_NOAA20_NRT
23.6892,87.12139,312.33,0.46,0.39,2026-08-19,1945,N20,VIIRS,n,2.0NRT,290.5,3.81,N,VIIRS_NOAA20_NRT
23.68521,86.392,303.69,0.5,0.41,2026-08-19,1945,N20,VIIRS,n,2.0NRT,268.94,0.81,N,VIIRS_NOAA20_NRT
23.68456,86.39696,296.71,0.5,0.41,2026-08-19,1945,N20,VIIRS,n,2.0NRT,268.16,0.81,N,VIIRS_NOAA20_NRT
23.68438,87.12988,307.68,0.46,0.39,2026-08-19,1945,N20,VIIRS,n,2.0NRT,290.51,2.41,N,VIIRS_NOAA20_NRT
23.68269,86.08083,317.23,0.52,0.42,2026-08-19,1945,N20,VIIRS,n,2.0NRT,274.19,1.35,N,VIIRS_NOAA20_NRT
23.73676,86.4352,303.04,0.5,0.41,2026-08-19,1945,N20,VIIRS,n,2.0NRT,271.82,1.1,N,VIIRS_NOAA20_NRT
23.6814,86.09103,302.15,0.52,0.42,2026-08-19,1945,N20,VIIRS,n,2.0NRT,275.0,2.21,N,VIIRS_NOAA20_NRT
23.82895,84.57195,315.83,0.42,0.45,2026-08-19,1945,N20,VIIRS,n,2.0NRT,288.72,1.66,N,VIIRS_NOAA20_NRT
9.93454,78.31564,305.78,0.36,0.57,2026-08-19,1949,N20,VIIRS,n,2.0NRT,288.45,1.08,N,VIIRS_NOAA20_NRT
9.93416,78.31787,313.76,0.36,0.57,2026-08-19,1949,N20,VIIRS,n,2.0NRT,288.26,1.07,N,VIIRS_NOAA20_NRT
9.76584,77.51328,308.24,0.4,0.6,2026-08-19,1949,N20,VIIRS,n,2.0NRT,276.11,1.12,N,VIIRS_NOAA20_NRT
8.74455,77.59845,334.36,0.38,0.59,2026-08-19,1949,N20,VIIRS,n,2.0NRT,285.6,3.12,N,VIIRS_NOAA20_NRT
8.7441,77.60194,322.96,0.38,0.59,2026-08-19,1949,N20,VIIRS,n,2.0NRT,286.54,3.12,N,VIIRS_NOAA20_NRT
15.29888,80.01089,302.36,0.32,0.55,2026-08-19,1947,N20,VIIRS,n,2.0NRT,286.6,0.86,N,VIIRS_NOAA20_NRT
8.74267,77.59756,367.0,0.38,0.59,2026-08-19,1947,N20,VIIRS,h,2.0NRT,286.78,11.51,N,VIIRS_NOAA20_NRT
8.74219,77.60104,353.29,0.38,0.59,2026-08-19,1947,N20,VIIRS,n,2.0NRT,291.75,11.51,N,VIIRS_NOAA20_NRT
24.92421,84.15677,303.69,0.46,0.47,2026-08-19,1945,N20,VIIRS,n,2.0NRT,286.72,1.67,N,VIIRS_NOAA20_NRT
20.96453,85.1738,310.19,0.56,0.52,2026-08-19,2029,N21,VIIRS,n,2.0NRT,288.44,5.96,N,VIIRS_NOAA21_NRT
23.68082,86.39635,299.78,0.5,0.41,2026-08-19,1945,N20,VIIRS,n,2.0NRT,270.74,0.81,N,VIIRS_NOAA20_NRT
23.67935,86.08384,303.33,0.52,0.42,2026-08-19,1945,N20,VIIRS,n,2.0NRT,277.48,0.83,N,VIIRS_NOAA20_NRT
22.79077,86.21069,310.22,0.5,0.41,2026-08-19,1945,N20,VIIRS,n,2.0NRT,290.82,2.89,N,VIIRS_NOAA20_NRT
8.73967,77.60538,317.62,0.47,0.39,2026-08-19,2032,N21,VIIRS,n,2.0NRT,294.05,27.52,N,VIIRS_NOAA21_NRT
8.73676,77.60059,314.17,0.47,0.39,2026-08-19,2032,N21,VIIRS,n,2.0NRT,295.12,3.34,N,VIIRS_NOAA21_NRT
21.00181,86.02744,304.39,0.32,0.54,2026-08-19,2029,N21,VIIRS,n,2.0NRT,288.32,1.87,N,VIIRS_NOAA21_NRT
21.00072,86.02725,305.34,0.32,0.55,2026-08-19,2029,N21,VIIRS,n,2.0NRT,288.28,0.72,N,VIIRS_NOAA21_NRT
20.99883,86.01723,303.7,0.32,0.54,2026-08-19,2029,N21,VIIRS,n,2.0NRT,288.47,1.16,N,VIIRS_NOAA21_NRT
20.99829,86.01398,312.3,0.32,0.54,2026-08-19,2029,N21,VIIRS,n,2.0NRT,288.23,1.72,N,VIIRS_NOAA21_NRT
20.99767,86.017,304.18,0.32,0.54,2026-08-19,2029,N21,VIIRS,n,2.0NRT,288.34,1.18,N,VIIRS_NOAA21_NRT
20.97935,85.13543,313.09,0.56,0.51,2026-08-19,2029,N21,VIIRS,n,2.0NRT,288.38,5.2,N,VIIRS_NOAA21_NRT
20.97758,85.13268,312.39,0.56,0.52,2026-08-19,2029,N21,VIIRS,n,2.0NRT,288.76,3.66,N,VIIRS_NOAA21_NRT
8.74035,77.6012,344.45,0.47,0.39,2026-08-19,2032,N21,VIIRS,n,2.0NRT,305.11,27.52,N,VIIRS_NOAA21_NRT
20.97748,85.16819,307.85,0.56,0.52,2026-08-19,2029,N21,VIIRS,n,2.0NRT,288.09,2.25,N,VIIRS_NOAA21_NRT
20.97175,85.17229,315.94,0.56,0.52,2026-08-19,2029,N21,VIIRS,n,2.0NRT,288.47,3.41,N,VIIRS_NOAA21_NRT
20.97067,85.17754,312.37,0.56,0.52,2026-08-19,2029,N21,VIIRS,n,2.0NRT,288.16,3.41,N,VIIRS_NOAA21_NRT
20.9695,86.00383,305.74,0.32,0.54,2026-08-19,2029,N21,VIIRS,n,2.0NRT,288.9,0.97,N,VIIRS_NOAA21_NRT
20.96918,85.17496,342.47,0.56,0.52,2026-08-19,2029,N21,VIIRS,n,2.0NRT,289.12,5.96,N,VIIRS_NOAA21_NRT
20.96873,85.1527,308.23,0.56,0.52,2026-08-19,2029,N21,VIIRS,n,2.0NRT,288.16,2.12,N,VIIRS_NOAA21_NRT
20.96764,86.01283,341.73,0.32,0.54,2026-08-19,2029,N21,VIIRS,n,2.0NRT,289.2,2.99,N,VIIRS_NOAA21_NRT
20.96711,85.17114,328.2,0.56,0.52,2026-08-19,2029,N21,VIIRS,n,2.0NRT,288.78,3.41,N,VIIRS_NOAA21_NRT
20.96602,85.1764,309.77,0.56,0.52,2026-08-19,2029,N21,VIIRS,n,2.0NRT,288.43,3.41,N,VIIRS_NOAA21_NRT
20.96558,85.16853,323.35,0.56,0.52,2026-08-19,2029,N21,VIIRS,n,2.0NRT,288.44,8.27,N,VIIRS_NOAA21_NRT
20.96493,85.1817,310.11,0.56,0.52,2026-08-19,2029,N21,VIIRS,n,2.0NRT,288.39,4.67,N,VIIRS_NOAA21_NRT
20.97639,85.17344,307.23,0.56,0.52,2026-08-19,2029,N21,VIIRS,n,2.0NRT,287.96,1.88,N,VIIRS_NOAA21_NRT
23.68076,86.09612,301.17,0.52,0.42,2026-08-19,1945,N20,VIIRS,n,2.0NRT,275.59,0.68,N,VIIRS_NOAA20_NRT
23.67823,86.08537,303.17,0.52,0.42,2026-08-19,1945,N20,VIIRS,n,2.0NRT,276.29,1.22,N,VIIRS_NOAA20_NRT
23.67708,86.39573,302.66,0.5,0.41,2026-08-19,1945,N20,VIIRS,n,2.0NRT,269.27,0.95,N,VIIRS_NOAA20_NRT
23.67645,86.40062,306.32,0.5,0.41,2026-08-19,1945,N20,VIIRS,n,2.0NRT,273.12,1.88,N,VIIRS_NOAA20_NRT
23.67504,86.11079,305.56,0.52,0.41,2026-08-19,1945,N20,VIIRS,n,2.0NRT,280.08,1.87,N,VIIRS_NOAA20_NRT
23.67219,86.10865,307.56,0.52,0.41,2026-08-19,1945,N20,VIIRS,n,2.0NRT,279.45,1.84,N,VIIRS_NOAA20_NRT
23.66273,87.15408,308.91,0.46,0.39,2026-08-19,1945,N20,VIIRS,n,2.0NRT,287.34,2.05,N,VIIRS_NOAA20_NRT
23.60963,85.675,305.59,0.55,0.42,2026-08-19,1945,N20,VIIRS,n,2.0NRT,285.06,1.24,N,VIIRS_NOAA20_NRT
23.60917,85.67301,301.79,0.55,0.42,2026-08-19,1945,N20,VIIRS,n,2.0NRT,285.24,0.84,N,VIIRS_NOAA20_NRT
22.87644,86.06029,304.74,0.51,0.41,2026-08-19,1945,N20,VIIRS,n,2.0NRT,289.8,2.45,N,VIIRS_NOAA20_NRT
22.79715,86.19865,311.6,0.5,0.41,2026-08-19,1945,N20,VIIRS,n,2.0NRT,290.38,1.42,N,VIIRS_NOAA20_NRT
22.79272,86.19611,310.55,0.5,0.41,2026-08-19,1945,N20,VIIRS,n,2.0NRT,290.67,3.17,N,VIIRS_NOAA20_NRT
22.79215,86.20784,319.15,0.5,0.41,2026-08-19,1945,N20,VIIRS,n,2.0NRT,290.83,1.51,N,VIIRS_NOAA20_NRT
22.79152,86.2127,304.03,0.5,0.41,2026-08-19,1945,N20,VIIRS,n,2.0NRT,290.42,1.51,N,VIIRS_NOAA20_NRT
22.79141,86.20586,325.08,0.5,0.41,2026-08-19,1945,N20,VIIRS,n,2.0NRT,291.18,2.63,N,VIIRS_NOAA20_NRT
29.47378,76.85699,305.11,0.35,0.57,2026-08-19,2123,N20,VIIRS,n,2.0NRT,284.97,0.4,N,VIIRS_NOAA20_NRT
18.69369,73.04151,301.77,0.34,0.56,2026-08-19,2125,N20,VIIRS,n,2.0NRT,285.42,1.18,N,VIIRS_NOAA20_NRT
26.2566,74.0971,305.83,0.56,0.52,2026-08-19,2125,N20,VIIRS,n,2.0NRT,291.73,1.03,N,VIIRS_NOAA20_NRT
26.25852,74.09779,304.08,0.56,0.52,2026-08-19,2125,N20,VIIRS,n,2.0NRT,291.72,1.19,N,VIIRS_NOAA20_NRT
26.87804,73.51413,299.8,0.5,0.49,2026-08-19,2125,N20,VIIRS,n,2.0NRT,286.16,0.89,N,VIIRS_NOAA20_NRT
22.79647,86.19669,310.02,0.5,0.41,2026-08-19,1945,N20,VIIRS,n,2.0NRT,290.31,1.57,N,VIIRS_NOAA20_NRT
21.76922,84.01998,300.88,0.41,0.37,2026-08-20,2010,N21,VIIRS,n,2.0NRT,290.44,1.59,N,VIIRS_NOAA21_NRT
29.45827,76.86245,339.56,0.49,0.48,2026-08-20,2008,N21,VIIRS,n,2.0NRT,289.43,11.33,N,VIIRS_NOAA21_NRT
23.6613,87.1546,318.36,0.52,0.41,2026-08-20,2010,N21,VIIRS,n,2.0NRT,290.45,1.8,N,VIIRS_NOAA21_NRT
23.66311,84.99789,304.41,0.42,0.38,2026-08-20,2010,N21,VIIRS,n,2.0NRT,288.81,0.61,N,VIIRS_NOAA21_NRT
23.66319,85.5509,305.72,0.44,0.38,2026-08-20,2010,N21,VIIRS,n,2.0NRT,290.82,1.52,N,VIIRS_NOAA21_NRT
23.66412,87.16042,311.05,0.52,0.41,2026-08-20,2010,N21,VIIRS,n,2.0NRT,290.0,1.8,N,VIIRS_NOAA21_NRT
23.66505,87.15543,308.46,0.52,0.41,2026-08-20,2010,N21,VIIRS,n,2.0NRT,290.54,1.8,N,VIIRS_NOAA21_NRT
23.66539,86.91727,309.68,0.51,0.41,2026-08-20,2010,N21,VIIRS,n,2.0NRT,287.72,2.82,N,VIIRS_NOAA21_NRT
23.67608,86.39792,306.97,0.48,0.4,2026-08-20,2010,N21,VIIRS,n,2.0NRT,288.01,1.94,N,VIIRS_NOAA21_NRT
23.67692,86.39332,305.64,0.48,0.4,2026-08-20,2010,N21,VIIRS,n,2.0NRT,287.99,1.94,N,VIIRS_NOAA21_NRT
23.679,86.10411,318.72,0.46,0.39,2026-08-20,2010,N21,VIIRS,n,2.0NRT,289.66,3.68,N,VIIRS_NOAA21_NRT
23.68058,86.09518,309.33,0.46,0.39,2026-08-20,2010,N21,VIIRS,n,2.0NRT,288.29,2.25,N,VIIRS_NOAA21_NRT
23.6819,87.12791,309.82,0.52,0.41,2026-08-20,2010,N21,VIIRS,n,2.0NRT,289.81,1.37,N,VIIRS_NOAA21_NRT
23.68416,86.39481,311.34,0.48,0.4,2026-08-20,2010,N21,VIIRS,n,2.0NRT,288.93,3.11,N,VIIRS_NOAA21_NRT
23.68499,86.39027,305.18,0.48,0.4,2026-08-20,2010,N21,VIIRS,n,2.0NRT,288.39,2.54,N,VIIRS_NOAA21_NRT
23.68657,87.12376,306.1,0.52,0.41,2026-08-20,2010,N21,VIIRS,n,2.0NRT,289.56,2.0,N,VIIRS_NOAA21_NRT
23.65031,85.43877,305.48,0.44,0.38,2026-08-20,2010,N21,VIIRS,n,2.0NRT,290.05,1.2,N,VIIRS_NOAA21_NRT
23.6886,86.39101,315.84,0.48,0.4,2026-08-20,2010,N21,VIIRS,n,2.0NRT,290.84,2.54,N,VIIRS_NOAA21_NRT
23.69217,87.11459,308.03,0.52,0.41,2026-08-20,2010,N21,VIIRS,n,2.0NRT,289.97,1.5,N,VIIRS_NOAA21_NRT
23.69309,87.10959,306.56,0.52,0.41,2026-08-20,2010,N21,VIIRS,n,2.0NRT,289.73,1.5,N,VIIRS_NOAA21_NRT
23.69402,87.10461,310.53,0.52,0.41,2026-08-20,2010,N21,VIIRS,n,2.0NRT,289.83,2.63,N,VIIRS_NOAA21_NRT
23.69448,85.28766,307.33,0.43,0.38,2026-08-20,2010,N21,VIIRS,n,2.0NRT,291.26,1.44,N,VIIRS_NOAA21_NRT
23.69462,85.36964,322.14,0.43,0.38,2026-08-20,2010,N21,VIIRS,n,2.0NRT,291.01,2.69,N,VIIRS_NOAA21_NRT
23.69586,87.09464,310.56,0.52,0.41,2026-08-20,2010,N21,VIIRS,n,2.0NRT,289.92,2.37,N,VIIRS_NOAA21_NRT
23.69721,85.29251,305.06,0.43,0.38,2026-08-20,2010,N21,VIIRS,n,2.0NRT,290.94,1.33,N,VIIRS_NOAA21_NRT
23.71254,86.42478,305.15,0.48,0.4,2026-08-20,2010,N21,VIIRS,n,2.0NRT,288.87,3.71,N,VIIRS_NOAA21_NRT
23.71616,86.42556,306.37,0.48,0.4,2026-08-20,2010,N21,VIIRS,n,2.0NRT,290.44,4.23,N,VIIRS_NOAA21_NRT
23.72135,85.00805,303.88,0.42,0.38,2026-08-20,2010,N21,VIIRS,n,2.0NRT,288.22,0.94,N,VIIRS_NOAA21_NRT
23.72423,86.42248,309.72,0.48,0.4,2026-08-20,2010,N21,VIIRS,n,2.0NRT,290.33,3.56,N,VIIRS_NOAA21_NRT
23.73705,86.43478,312.29,0.48,0.4,2026-08-20,2010,N21,VIIRS,n,2.0NRT,287.16,2.89,N,VIIRS_NOAA21_NRT
23.73912,85.00741,310.68,0.42,0.38,2026-08-20,2010,N21,VIIRS,n,2.0NRT,288.69,1.92,N,VIIRS_NOAA21_NRT
23.7559,85.85481,313.75,0.45,0.39,2026-08-20,2010,N21,VIIRS,n,2.0NRT,291.47,3.42,N,VIIRS_NOAA21_NRT
23.69119,87.0988,307.7,0.52,0.41,2026-08-20,2010,N21,VIIRS,n,2.0NRT,289.91,3.12,N,VIIRS_NOAA21_NRT
23.64684,85.43806,326.78,0.44,0.38,2026-08-20,2010,N21,VIIRS,n,2.0NRT,290.76,3.8,N,VIIRS_NOAA21_NRT
23.56099,87.08415,313.51,0.52,0.41,2026-08-20,2010,N21,VIIRS,n,2.0NRT,290.18,3.43,N,VIIRS_NOAA21_NRT
23.55925,87.24075,311.41,0.53,0.42,2026-08-20,2010,N21,VIIRS,n,2.0NRT,288.16,2.45,N,VIIRS_NOAA21_NRT
29.45899,76.86539,343.34,0.49,0.48,2026-08-20,2008,N21,VIIRS,n,2.0NRT,288.53,13.66,N,VIIRS_NOAA21_NRT
29.47335,76.85711,305.34,0.49,0.48,2026-08-20,2008,N21,VIIRS,n,2.0NRT,288.66,3.76,N,VIIRS_NOAA21_NRT
33.43012,78.19984,302.75,0.46,0.47,2026-08-20,2008,N21,VIIRS,n,2.0NRT,281.21,1.48,N,VIIRS_NOAA21_NRT
19.92169,79.11499,303.53,0.43,0.38,2026-08-20,2010,N21,VIIRS,n,2.0NRT,287.62,0.63,N,VIIRS_NOAA21_NRT
20.94982,86.05055,299.85,0.5,0.41,2026-08-20,2010,N21,VIIRS,n,2.0NRT,268.88,0.86,N,VIIRS_NOAA21_NRT
20.95068,86.04578,300.59,0.5,0.41,2026-08-20,2010,N21,VIIRS,n,2.0NRT,270.61,1.14,N,VIIRS_NOAA21_NRT
20.97016,86.00092,312.49,0.5,0.41,2026-08-20,2010,N21,VIIRS,n,2.0NRT,283.12,2.74,N,VIIRS_NOAA21_NRT
21.10216,72.6443,305.35,0.36,0.57,2026-08-20,2010,N21,VIIRS,n,2.0NRT,279.48,2.06,N,VIIRS_NOAA21_NRT
21.74303,83.84335,304.43,0.4,0.37,2026-08-20,2010,N21,VIIRS,n,2.0NRT,288.23,1.82,N,VIIRS_NOAA21_NRT
21.74638,83.84399,326.34,0.4,0.37,2026-08-20,2010,N21,VIIRS,n,2.0NRT,289.81,1.82,N,VIIRS_NOAA21_NRT
21.74702,83.84013,309.34,0.4,0.37,2026-08-20,2010,N21,VIIRS,n,2.0NRT,289.45,3.43,N,VIIRS_NOAA21_NRT
21.75037,83.84077,300.67,0.4,0.37,2026-08-20,2010,N21,VIIRS,n,2.0NRT,288.68,2.1,N,VIIRS_NOAA21_NRT
21.76586,84.01934,304.85,0.41,0.37,2026-08-20,2010,N21,VIIRS,n,2.0NRT,290.56,1.82,N,VIIRS_NOAA21_NRT
21.79336,83.9878,305.66,0.41,0.37,2026-08-20,2010,N21,VIIRS,n,2.0NRT,291.11,1.61,N,VIIRS_NOAA21_NRT
21.80106,83.89022,305.92,0.4,0.37,2026-08-20,2010,N21,VIIRS,n,2.0NRT,288.97,1.43,N,VIIRS_NOAA21_NRT
21.80221,83.89371,305.17,0.4,0.37,2026-08-20,2010,N21,VIIRS,n,2.0NRT,290.04,1.19,N,VIIRS_NOAA21_NRT
21.8591,83.96842,304.7,0.4,0.37,2026-08-20,2010,N21,VIIRS,n,2.0NRT,291.23,1.31,N,VIIRS_NOAA21_NRT
23.55139,86.54254,305.38,0.49,0.4,2026-08-20,2010,N21,VIIRS,n,2.0NRT,286.48,1.88,N,VIIRS_NOAA21_NRT
23.55074,87.24416,303.92,0.53,0.42,2026-08-20,2010,N21,VIIRS,n,2.0NRT,285.57,1.82,N,VIIRS_NOAA21_NRT
22.87224,86.06081,306.17,0.47,0.4,2026-08-20,2010,N21,VIIRS,n,2.0NRT,284.64,1.14,N,VIIRS_NOAA21_NRT
22.79629,86.2084,339.22,0.48,0.4,2026-08-20,2010,N21,VIIRS,n,2.0NRT,290.46,4.63,N,VIIRS_NOAA21_NRT
22.79431,86.19839,310.02,0.48,0.4,2026-08-20,2010,N21,VIIRS,n,2.0NRT,290.58,5.16,N,VIIRS_NOAA21_NRT
22.79184,86.21223,306.09,0.48,0.4,2026-08-20,2010,N21,VIIRS,n,2.0NRT,289.27,4.63,N,VIIRS_NOAA21_NRT
29.45779,76.86746,324.8,0.49,0.48,2026-08-20,2008,N21,VIIRS,n,2.0NRT,288.1,11.33,N,VIIRS_NOAA21_NRT
22.79068,86.19763,330.28,0.48,0.4,2026-08-20,2010,N21,VIIRS,n,2.0NRT,291.04,4.25,N,VIIRS_NOAA21_NRT
22.06585,83.70532,313.22,0.4,0.37,2026-08-20,2010,N21,VIIRS,n,2.0NRT,289.64,1.34,N,VIIRS_NOAA21_NRT
22.04119,83.73617,306.18,0.4,0.37,2026-08-20,2010,N21,VIIRS,n,2.0NRT,290.15,1.59,N,VIIRS_NOAA21_NRT
22.0391,83.72788,312.31,0.4,0.37,2026-08-20,2010,N21,VIIRS,n,2.0NRT,289.86,1.42,N,VIIRS_NOAA21_NRT
22.03848,83.7317,307.47,0.4,0.37,2026-08-20,2010,N21,VIIRS,n,2.0NRT,289.7,1.63,N,VIIRS_NOAA21_NRT
22.01404,83.75465,308.83,0.4,0.37,2026-08-20,2010,N21,VIIRS,n,2.0NRT,287.74,1.7,N,VIIRS_NOAA21_NRT
21.96282,83.77252,306.73,0.4,0.37,2026-08-20,2010,N21,VIIRS,n,2.0NRT,288.21,0.97,N,VIIRS_NOAA21_NRT
22.78706,86.19686,311.46,0.48,0.4,2026-08-20,2010,N21,VIIRS,n,2.0NRT,289.85,4.25,N,VIIRS_NOAA21_NRT
23.74444,85.50512,305.57,0.44,0.38,2026-08-20,2010,N21,VIIRS,n,2.0NRT,289.87,0.87,N,VIIRS_NOAA21_NRT
28.74317,76.92706,301.97,0.47,0.48,2026-08-20,2008,N21,VIIRS,n,2.0NRT,288.1,2.47,N,VIIRS_NOAA21_NRT
23.75665,85.85047,309.93,0.45,0.39,2026-08-20,2010,N21,VIIRS,n,2.0NRT,290.4,2.03,N,VIIRS_NOAA21_NRT
29.45455,76.86482,306.95,0.49,0.48,2026-08-20,2008,N21,VIIRS,n,2.0NRT,288.8,4.5,N,VIIRS_NOAA21_NRT
8.73922,77.60026,352.24,0.61,0.53,2026-08-20,737,N21,VIIRS,n,2.0NRT,282.23,8.25,D,VIIRS_NOAA21_NRT
23.80199,86.32909,336.98,0.52,0.41,2026-08-20,741,N21,VIIRS,n,2.0NRT,296.23,6.43,D,VIIRS_NOAA21_NRT
30.36296,74.2361,331.16,0.4,0.44,2026-08-20,744,N21,VIIRS,n,2.0NRT,298.43,2.27,D,VIIRS_NOAA21_NRT
23.80139,86.32409,332.78,0.52,0.41,2026-08-20,741,N21,VIIRS,n,2.0NRT,294.67,6.43,D,VIIRS_NOAA21_NRT
26.75916,83.19909,303.84,0.38,0.36,2026-08-20,2008,N21,VIIRS,n,2.0NRT,280.28,1.13,N,VIIRS_NOAA21_NRT
27.31682,95.26463,306.24,0.45,0.63,2026-08-20,2008,N21,VIIRS,n,2.0NRT,285.46,1.25,N,VIIRS_NOAA21_NRT
27.32581,95.27686,313.3,0.45,0.63,2026-08-20,2008,N21,VIIRS,n,2.0NRT,285.79,1.74,N,VIIRS_NOAA21_NRT
28.13022,76.89521,307.03,0.47,0.47,2026-08-20,2008,N21,VIIRS,n,2.0NRT,287.76,0.92,N,VIIRS_NOAA21_NRT
28.71234,76.83447,303.17,0.48,0.48,2026-08-20,2008,N21,VIIRS,n,2.0NRT,286.02,2.32,N,VIIRS_NOAA21_NRT
28.71263,76.83237,301.89,0.48,0.48,2026-08-20,2008,N21,VIIRS,n,2.0NRT,285.65,1.57,N,VIIRS_NOAA21_NRT
23.77984,86.21015,338.66,0.51,0.41,2026-08-20,741,N21,VIIRS,n,2.0NRT,298.09,9.99,D,VIIRS_NOAA21_NRT
22.37798,87.28054,335.0,0.56,0.43,2026-08-20,741,N21,VIIRS,n,2.0NRT,288.97,8.68,D,VIIRS_NOAA21_NRT
8.74019,77.60567,330.51,0.61,0.53,2026-08-20,737,N21,VIIRS,n,2.0NRT,281.6,8.25,D,VIIRS_NOAA21_NRT
9.06641,77.74824,340.86,0.59,0.53,2026-08-20,737,N21,VIIRS,n,2.0NRT,295.6,13.45,D,VIIRS_NOAA21_NRT
9.0671,77.75063,345.56,0.59,0.53,2026-08-20,737,N21,VIIRS,n,2.0NRT,295.33,10.05,D,VIIRS_NOAA21_NRT
9.14139,77.53202,335.88,0.61,0.53,2026-08-20,737,N21,VIIRS,n,2.0NRT,294.16,3.72,D,VIIRS_NOAA21_NRT
9.14298,77.53522,333.19,0.61,0.53,2026-08-20,737,N21,VIIRS,n,2.0NRT,293.66,6.2,D,VIIRS_NOAA21_NRT
15.18291,76.66628,335.93,0.54,0.51,2026-08-20,739,N21,VIIRS,n,2.0NRT,287.75,8.31,D,VIIRS_NOAA21_NRT
16.19041,78.37185,339.8,0.41,0.45,2026-08-20,739,N21,VIIRS,n,2.0NRT,290.86,5.61,D,VIIRS_NOAA21_NRT
16.97086,77.69366,330.17,0.43,0.46,2026-08-20,739,N21,VIIRS,n,2.0NRT,295.34,3.18,D,VIIRS_NOAA21_NRT
23.77916,86.21287,333.94,0.51,0.41,2026-08-20,741,N21,VIIRS,n,2.0NRT,296.94,5.8,D,VIIRS_NOAA21_NRT
17.5076,82.95037,367.0,0.39,0.36,2026-08-20,739,N21,VIIRS,h,2.0NRT,299.58,17.21,D,VIIRS_NOAA21_NRT
17.53239,83.00151,330.1,0.39,0.36,2026-08-20,739,N21,VIIRS,l,2.0NRT,300.25,3.38,D,VIIRS_NOAA21_NRT
17.60865,83.20535,332.41,0.38,0.36,2026-08-20,739,N21,VIIRS,n,2.0NRT,298.32,5.91,D,VIIRS_NOAA21_NRT
18.64043,74.56492,340.74,0.32,0.55,2026-08-20,739,N21,VIIRS,n,2.0NRT,293.78,4.3,D,VIIRS_NOAA21_NRT
20.75885,85.29925,332.16,0.43,0.38,2026-08-20,741,N21,VIIRS,n,2.0NRT,295.81,5.65,D,VIIRS_NOAA21_NRT
20.79548,85.25578,335.11,0.43,0.38,2026-08-20,741,N21,VIIRS,n,2.0NRT,296.34,11.08,D,VIIRS_NOAA21_NRT
20.79951,85.25935,331.28,0.43,0.38,2026-08-20,741,N21,VIIRS,n,2.0NRT,296.26,5.42,D,VIIRS_NOAA21_NRT
20.9649,85.1677,334.74,0.43,0.38,2026-08-20,741,N21,VIIRS,n,2.0NRT,289.33,4.19,D,VIIRS_NOAA21_NRT
21.10167,72.6348,336.17,0.38,0.59,2026-08-20,741,N21,VIIRS,n,2.0NRT,292.3,7.3,D,VIIRS_NOAA21_NRT
21.10398,72.64554,367.0,0.38,0.59,2026-08-20,741,N21,VIIRS,h,2.0NRT,292.84,12.56,D,VIIRS_NOAA21_NRT
17.51089,82.94982,348.7,0.39,0.36,2026-08-20,739,N21,VIIRS,l,2.0NRT,298.49,8.97,D,VIIRS_NOAA21_NRT
23.75729,86.40557,315.89,0.48,0.4,2026-08-20,2010,N21,VIIRS,n,2.0NRT,287.86,2.4,N,VIIRS_NOAA21_NRT
23.7662,86.39318,306.01,0.32,0.55,2026-08-20,1923,N20,VIIRS,n,2.0NRT,287.29,1.03,N,VIIRS_NOAA20_NRT
23.75942,85.85556,309.48,0.45,0.39,2026-08-20,2010,N21,VIIRS,n,2.0NRT,290.62,2.06,N,VIIRS_NOAA21_NRT
9.06651,77.75156,343.23,0.39,0.44,2026-08-20,835,N20,VIIRS,n,2.0NRT,301.81,4.95,D,VIIRS_NOAA20_NRT
9.01934,77.891,342.36,0.4,0.44,2026-08-20,835,N20,VIIRS,n,2.0NRT,301.08,9.86,D,VIIRS_NOAA20_NRT
8.82652,77.81555,343.01,0.4,0.44,2026-08-20,835,N20,VIIRS,n,2.0NRT,302.65,4.05,D,VIIRS_NOAA20_NRT
8.82577,77.81587,343.95,0.39,0.44,2026-08-20,835,N20,VIIRS,n,2.0NRT,303.01,3.89,D,VIIRS_NOAA20_NRT
9.07037,77.43026,333.84,0.57,0.43,2026-08-20,835,N20,VIIRS,n,2.0NRT,292.22,3.09,D,VIIRS_NOAA20_NRT
8.73847,77.60493,351.61,0.38,0.43,2026-08-20,835,N20,VIIRS,n,2.0NRT,295.21,5.83,D,VIIRS_NOAA20_NRT
8.73786,77.60059,352.24,0.57,0.43,2026-08-20,835,N20,VIIRS,n,2.0NRT,298.64,15.4,D,VIIRS_NOAA20_NRT
8.73457,78.0784,333.92,0.41,0.45,2026-08-20,835,N20,VIIRS,n,2.0NRT,299.67,1.92,D,VIIRS_NOAA20_NRT
8.74184,77.60004,340.6,0.57,0.43,2026-08-20,835,N20,VIIRS,n,2.0NRT,294.04,15.4,D,VIIRS_NOAA20_NRT
21.1025,72.64508,337.45,0.44,0.38,2026-08-20,837,N20,VIIRS,n,2.0NRT,297.21,6.08,D,VIIRS_NOAA20_NRT
21.10136,72.63664,343.8,0.44,0.38,2026-08-20,837,N20,VIIRS,n,2.0NRT,296.92,7.25,D,VIIRS_NOAA20_NRT
17.50858,82.95274,341.91,0.57,0.69,2026-08-20,837,N20,VIIRS,n,2.0NRT,288.14,8.28,D,VIIRS_NOAA20_NRT
14.90438,77.5486,337.93,0.46,0.47,2026-08-20,837,N20,VIIRS,n,2.0NRT,294.31,3.01,D,VIIRS_NOAA20_NRT
17.56894,75.63644,334.34,0.57,0.43,2026-08-20,835,N20,VIIRS,n,2.0NRT,300.19,4.39,D,VIIRS_NOAA20_NRT
14.39635,78.58465,337.63,0.53,0.5,2026-08-20,835,N20,VIIRS,n,2.0NRT,293.35,5.12,D,VIIRS_NOAA20_NRT
14.16944,77.45648,332.05,0.44,0.46,2026-08-20,835,N20,VIIRS,n,2.0NRT,299.1,4.22,D,VIIRS_NOAA20_NRT
13.30639,76.27603,331.69,0.55,0.43,2026-08-20,835,N20,VIIRS,n,2.0NRT,292.84,3.58,D,VIIRS_NOAA20_NRT
13.27826,79.15017,330.16,0.56,0.51,2026-08-20,835,N20,VIIRS,n,2.0NRT,297.19,2.5,D,VIIRS_NOAA20_NRT
11.72925,78.97382,332.49,0.51,0.5,2026-08-20,835,N20,VIIRS,n,2.0NRT,291.52,2.44,D,VIIRS_NOAA20_NRT
11.65141,79.12849,336.72,0.53,0.5,2026-08-20,835,N20,VIIRS,n,2.0NRT,290.81,4.74,D,VIIRS_NOAA20_NRT
11.56117,79.1529,336.28,0.53,0.5,2026-08-20,835,N20,VIIRS,n,2.0NRT,292.14,6.71,D,VIIRS_NOAA20_NRT
10.13192,77.77665,333.73,0.41,0.45,2026-08-20,835,N20,VIIRS,n,2.0NRT,297.5,1.71,D,VIIRS_NOAA20_NRT
23.77431,86.36192,310.16,0.32,0.55,2026-08-20,1923,N20,VIIRS,n,2.0NRT,287.06,1.51,N,VIIRS_NOAA20_NRT
23.77616,85.99555,311.53,0.34,0.56,2026-08-20,1923,N20,VIIRS,n,2.0NRT,287.23,1.73,N,VIIRS_NOAA20_NRT
23.77689,86.38827,321.22,0.32,0.55,2026-08-20,1923,N20,VIIRS,n,2.0NRT,287.64,1.56,N,VIIRS_NOAA20_NRT
23.7772,86.38509,312.07,0.32,0.55,2026-08-20,1923,N20,VIIRS,n,2.0NRT,287.29,1.56,N,VIIRS_NOAA20_NRT
23.78092,86.34646,307.39,0.33,0.55,2026-08-20,1923,N20,VIIRS,n,2.0NRT,287.44,0.66,N,VIIRS_NOAA20_NRT
23.78163,86.39211,307.42,0.32,0.55,2026-08-20,1923,N20,VIIRS,n,2.0NRT,286.59,1.87,N,VIIRS_NOAA20_NRT
23.78193,86.38895,322.21,0.32,0.55,2026-08-20,1923,N20,VIIRS,n,2.0NRT,287.21,1.56,N,VIIRS_NOAA20_NRT
23.79578,86.35166,314.03,0.32,0.55,2026-08-20,1923,N20,VIIRS,n,2.0NRT,287.2,1.34,N,VIIRS_NOAA20_NRT
23.79609,86.34841,309.63,0.33,0.55,2026-08-20,1923,N20,VIIRS,n,2.0NRT,287.07,1.34,N,VIIRS_NOAA20_NRT
23.80115,86.34909,306.33,0.33,0.55,2026-08-20,1923,N20,VIIRS,n,2.0NRT,287.49,1.04,N,VIIRS_NOAA20_NRT
23.80302,86.32994,330.01,0.33,0.55,2026-08-20,1923,N20,VIIRS,n,2.0NRT,287.58,3.2,N,VIIRS_NOAA20_NRT
23.80333,86.32668,304.86,0.33,0.55,2026-08-20,1923,N20,VIIRS,n,2.0NRT,287.07,1.58,N,VIIRS_NOAA20_NRT
23.80366,86.32339,314.84,0.33,0.55,2026-08-20,1923,N20,VIIRS,n,2.0NRT,287.17,1.58,N,VIIRS_NOAA20_NRT
23.8237,84.57314,308.88,0.42,0.61,2026-08-20,1923,N20,VIIRS,n,2.0NRT,285.26,1.0,N,VIIRS_NOAA20_NRT
23.82405,84.56894,303.8,0.42,0.61,2026-08-20,1923,N20,VIIRS,n,2.0NRT,283.31,1.0,N,VIIRS_NOAA20_NRT
23.774,86.36514,319.32,0.32,0.55,2026-08-20,1923,N20,VIIRS,n,2.0NRT,287.8,1.98,N,VIIRS_NOAA20_NRT
21.10601,72.64454,339.07,0.44,0.38,2026-08-20,837,N20,VIIRS,n,2.0NRT,298.59,6.08,D,VIIRS_NOAA20_NRT
23.77032,86.40342,316.13,0.32,0.55,2026-08-20,1923,N20,VIIRS,n,2.0NRT,287.46,1.68,N,VIIRS_NOAA20_NRT
23.76651,86.39001,306.97,0.32,0.55,2026-08-20,1923,N20,VIIRS,n,2.0NRT,287.55,1.03,N,VIIRS_NOAA20_NRT
26.26204,91.96658,331.64,0.41,0.37,2026-08-20,659,N20,VIIRS,n,2.0NRT,291.51,2.87,D,VIIRS_NOAA20_NRT
23.80376,86.32996,329.87,0.57,0.52,2026-08-20,657,N20,VIIRS,n,2.0NRT,289.93,5.71,D,VIIRS_NOAA20_NRT
23.77547,86.367,328.11,0.57,0.52,2026-08-20,657,N20,VIIRS,n,2.0NRT,292.36,5.74,D,VIIRS_NOAA20_NRT
23.77213,86.3663,327.08,0.57,0.52,2026-08-20,657,N20,VIIRS,n,2.0NRT,292.7,4.99,D,VIIRS_NOAA20_NRT
23.73539,86.43382,330.07,0.56,0.52,2026-08-20,657,N20,VIIRS,n,2.0NRT,293.01,4.75,D,VIIRS_NOAA20_NRT
23.76726,86.39173,306.31,0.32,0.55,2026-08-20,1923,N20,VIIRS,n,2.0NRT,287.39,2.0,N,VIIRS_NOAA20_NRT
21.10658,72.64876,341.75,0.44,0.38,2026-08-20,837,N20,VIIRS,n,2.0NRT,299.01,7.86,D,VIIRS_NOAA20_NRT
23.7215,86.44048,306.23,0.32,0.55,2026-08-20,1923,N20,VIIRS,n,2.0NRT,286.98,1.82,N,VIIRS_NOAA20_NRT
23.71838,86.42081,310.37,0.32,0.55,2026-08-20,1923,N20,VIIRS,n,2.0NRT,286.83,1.02,N,VIIRS_NOAA20_NRT
23.71616,86.44299,305.45,0.32,0.55,2026-08-20,1923,N20,VIIRS,n,2.0NRT,286.7,1.99,N,VIIRS_NOAA20_NRT
23.71552,86.44933,305.94,0.32,0.55,2026-08-20,1923,N20,VIIRS,n,2.0NRT,286.7,1.07,N,VIIRS_NOAA20_NRT
23.7152,86.4525,314.34,0.32,0.55,2026-08-20,1923,N20,VIIRS,n,2.0NRT,286.73,1.07,N,VIIRS_NOAA20_NRT
23.71304,86.42333,308.81,0.32,0.55,2026-08-20,1923,N20,VIIRS,n,2.0NRT,287.25,1.29,N,VIIRS_NOAA20_NRT
23.7105,86.44865,304.96,0.32,0.55,2026-08-20,1923,N20,VIIRS,n,2.0NRT,286.55,0.83,N,VIIRS_NOAA20_NRT
23.69801,85.366,296.73,0.38,0.58,2026-08-20,1923,N20,VIIRS,n,2.0NRT,280.04,0.31,N,VIIRS_NOAA20_NRT
23.69589,87.10812,307.9,0.58,0.52,2026-08-20,1923,N20,VIIRS,n,2.0NRT,286.25,1.59,N,VIIRS_NOAA20_NRT
23.69531,87.11382,304.39,0.58,0.52,2026-08-20,1923,N20,VIIRS,n,2.0NRT,285.56,1.59,N,VIIRS_NOAA20_NRT
23.69527,87.12024,308.66,0.58,0.52,2026-08-20,1923,N20,VIIRS,n,2.0NRT,285.29,3.67,N,VIIRS_NOAA20_NRT
23.69474,87.11948,307.93,0.58,0.52,2026-08-20,1923,N20,VIIRS,n,2.0NRT,284.63,3.13,N,VIIRS_NOAA20_NRT
23.69101,86.38829,322.7,0.32,0.55,2026-08-20,1923,N20,VIIRS,n,2.0NRT,286.84,1.89,N,VIIRS_NOAA20_NRT
23.69046,87.1196,308.55,0.58,0.52,2026-08-20,1923,N20,VIIRS,n,2.0NRT,285.35,2.91,N,VIIRS_NOAA20_NRT
23.68993,87.11884,307.32,0.58,0.52,2026-08-20,1923,N20,VIIRS,n,2.0NRT,285.0,2.71,N,VIIRS_NOAA20_NRT
23.72341,86.42146,305.21,0.32,0.55,2026-08-20,1923,N20,VIIRS,n,2.0NRT,287.18,1.02,N,VIIRS_NOAA20_NRT
23.68715,86.08223,309.67,0.34,0.56,2026-08-20,1923,N20,VIIRS,n,2.0NRT,283.56,0.85,N,VIIRS_NOAA20_NRT
23.72652,86.44112,306.92,0.32,0.55,2026-08-20,1923,N20,VIIRS,n,2.0NRT,287.07,1.49,N,VIIRS_NOAA20_NRT
23.73785,86.42977,305.94,0.32,0.55,2026-08-20,1923,N20,VIIRS,n,2.0NRT,286.92,1.76,N,VIIRS_NOAA20_NRT
23.76594,86.40452,331.77,0.32,0.55,2026-08-20,1923,N20,VIIRS,n,2.0NRT,287.55,2.4,N,VIIRS_NOAA20_NRT
23.76559,86.39957,304.72,0.32,0.55,2026-08-20,1923,N20,VIIRS,n,2.0NRT,286.97,2.87,N,VIIRS_NOAA20_NRT
23.76528,86.40279,322.87,0.32,0.55,2026-08-20,1923,N20,VIIRS,n,2.0NRT,287.55,1.68,N,VIIRS_NOAA20_NRT
23.76497,86.40604,316.25,0.32,0.55,2026-08-20,1923,N20,VIIRS,n,2.0NRT,287.06,1.68,N,VIIRS_NOAA20_NRT
23.76123,86.40065,315.37,0.32,0.55,2026-08-20,1923,N20,VIIRS,n,2.0NRT,287.07,2.07,N,VIIRS_NOAA20_NRT
23.7609,86.40388,311.13,0.32,0.55,2026-08-20,1923,N20,VIIRS,n,2.0NRT,287.22,2.4,N,VIIRS_NOAA20_NRT
23.76055,86.39892,317.79,0.32,0.55,2026-08-20,1923,N20,VIIRS,n,2.0NRT,287.23,1.49,N,VIIRS_NOAA20_NRT
23.76024,86.40215,311.01,0.32,0.55,2026-08-20,1923,N20,VIIRS,n,2.0NRT,287.21,2.3,N,VIIRS_NOAA20_NRT
23.75686,86.39356,305.28,0.32,0.55,2026-08-20,1923,N20,VIIRS,n,2.0NRT,286.76,0.75,N,VIIRS_NOAA20_NRT
23.75653,86.39675,309.74,0.32,0.55,2026-08-20,1923,N20,VIIRS,n,2.0NRT,287.44,1.41,N,VIIRS_NOAA20_NRT
23.75582,86.395,309.07,0.32,0.55,2026-08-20,1923,N20,VIIRS,n,2.0NRT,287.25,1.49,N,VIIRS_NOAA20_NRT
23.75455,86.41599,312.07,0.32,0.55,2026-08-20,1923,N20,VIIRS,n,2.0NRT,287.02,1.02,N,VIIRS_NOAA20_NRT
23.75368,86.41745,310.67,0.32,0.55,2026-08-20,1923,N20,VIIRS,n,2.0NRT,286.97,1.64,N,VIIRS_NOAA20_NRT
23.7492,86.41847,304.39,0.32,0.55,2026-08-20,1923,N20,VIIRS,n,2.0NRT,286.59,1.02,N,VIIRS_NOAA20_NRT
23.74441,85.50506,302.23,0.37,0.58,2026-08-20,1923,N20,VIIRS,n,2.0NRT,285.62,0.41,N,VIIRS_NOAA20_NRT
23.73754,86.43292,331.81,0.32,0.55,2026-08-20,1923,N20,VIIRS,n,2.0NRT,287.6,3.64,N,VIIRS_NOAA20_NRT
23.8264,84.57446,303.91,0.42,0.61,2026-08-20,1923,N20,VIIRS,n,2.0NRT,285.99,1.88,N,VIIRS_NOAA20_NRT
23.68566,86.39085,311.86,0.32,0.55,2026-08-20,1923,N20,VIIRS,n,2.0NRT,287.04,1.82,N,VIIRS_NOAA20_NRT
23.68428,86.08263,314.32,0.34,0.56,2026-08-20,1923,N20,VIIRS,n,2.0NRT,285.75,2.63,N,VIIRS_NOAA20_NRT
23.65019,85.43918,324.83,0.37,0.58,2026-08-20,1923,N20,VIIRS,n,2.0NRT,286.56,2.15,N,VIIRS_NOAA20_NRT
23.64835,85.43425,310.77,0.37,0.58,2026-08-20,1923,N20,VIIRS,n,2.0NRT,285.22,1.71,N,VIIRS_NOAA20_NRT
23.64802,85.43788,324.05,0.37,0.58,2026-08-20,1923,N20,VIIRS,n,2.0NRT,285.88,1.71,N,VIIRS_NOAA20_NRT
23.56301,87.08428,303.06,0.58,0.52,2026-08-20,1923,N20,VIIRS,n,2.0NRT,275.74,1.08,N,VIIRS_NOAA20_NRT
23.56148,87.23978,307.52,0.57,0.52,2026-08-20,1923,N20,VIIRS,n,2.0NRT,286.38,2.61,N,VIIRS_NOAA20_NRT
23.56105,87.23804,308.38,0.57,0.52,2026-08-20,1923,N20,VIIRS,n,2.0NRT,286.4,3.32,N,VIIRS_NOAA20_NRT
23.55093,87.24238,317.38,0.57,0.52,2026-08-20,1923,N20,VIIRS,n,2.0NRT,287.06,2.87,N,VIIRS_NOAA20_NRT
23.50349,87.32597,308.31,0.56,0.51,2026-08-20,1923,N20,VIIRS,n,2.0NRT,287.21,3.33,N,VIIRS_NOAA20_NRT
29.39208,74.30708,330.09,0.44,0.46,2026-08-20,839,N20,VIIRS,l,2.0NRT,301.2,5.84,D,VIIRS_NOAA20_NRT
23.65054,85.43557,314.67,0.37,0.58,2026-08-20,1923,N20,VIIRS,n,2.0NRT,286.01,2.15,N,VIIRS_NOAA20_NRT
23.68534,86.39413,313.52,0.32,0.55,2026-08-20,1923,N20,VIIRS,n,2.0NRT,287.08,1.83,N,VIIRS_NOAA20_NRT
23.65808,85.50532,300.06,0.37,0.58,2026-08-20,1923,N20,VIIRS,n,2.0NRT,283.68,0.59,N,VIIRS_NOAA20_NRT
23.66463,84.99976,307.31,0.4,0.6,2026-08-20,1923,N20,VIIRS,n,2.0NRT,285.3,1.03,N,VIIRS_NOAA20_NRT
23.68398,87.12962,301.02,0.58,0.52,2026-08-20,1923,N20,VIIRS,n,2.0NRT,282.41,0.58,N,VIIRS_NOAA20_NRT
23.68335,86.0926,316.53,0.34,0.56,2026-08-20,1923,N20,VIIRS,n,2.0NRT,286.62,2.0,N,VIIRS_NOAA20_NRT
23.68304,86.09592,304.76,0.34,0.56,2026-08-20,1923,N20,VIIRS,n,2.0NRT,286.85,2.0,N,VIIRS_NOAA20_NRT
23.682,86.08169,305.22,0.34,0.56,2026-08-20,1923,N20,VIIRS,n,2.0NRT,286.21,1.24,N,VIIRS_NOAA20_NRT
23.681,86.09164,306.58,0.34,0.56,2026-08-20,1923,N20,VIIRS,n,2.0NRT,286.78,1.34,N,VIIRS_NOAA20_NRT
23.68066,86.09496,313.73,0.34,0.56,2026-08-20,1923,N20,VIIRS,n,2.0NRT,286.74,1.34,N,VIIRS_NOAA20_NRT
23.68038,86.0688,303.18,0.34,0.56,2026-08-20,1923,N20,VIIRS,n,2.0NRT,286.49,1.4,N,VIIRS_NOAA20_NRT
23.67999,86.39662,313.66,0.32,0.55,2026-08-20,1923,N20,VIIRS,n,2.0NRT,286.93,1.83,N,VIIRS_NOAA20_NRT
23.67969,86.39977,311.24,0.32,0.55,2026-08-20,1923,N20,VIIRS,n,2.0NRT,287.24,1.8,N,VIIRS_NOAA20_NRT
23.67882,86.0854,310.11,0.34,0.56,2026-08-20,1923,N20,VIIRS,n,2.0NRT,287.15,3.31,N,VIIRS_NOAA20_NRT
23.67785,86.0712,305.14,0.34,0.56,2026-08-20,1923,N20,VIIRS,n,2.0NRT,286.53,0.74,N,VIIRS_NOAA20_NRT
23.67652,86.08445,310.09,0.34,0.56,2026-08-20,1923,N20,VIIRS,n,2.0NRT,286.43,2.58,N,VIIRS_NOAA20_NRT
23.67353,86.11418,315.17,0.34,0.56,2026-08-20,1923,N20,VIIRS,n,2.0NRT,285.27,1.21,N,VIIRS_NOAA20_NRT
23.6707,84.99498,307.3,0.4,0.6,2026-08-20,1923,N20,VIIRS,n,2.0NRT,285.14,0.93,N,VIIRS_NOAA20_NRT
23.67049,84.99657,305.79,0.4,0.6,2026-08-20,1923,N20,VIIRS,n,2.0NRT,284.66,1.03,N,VIIRS_NOAA20_NRT
23.6622,87.15623,310.78,0.58,0.52,2026-08-20,1923,N20,VIIRS,n,2.0NRT,284.22,2.8,N,VIIRS_NOAA20_NRT
23.7581,86.40099,314.97,0.48,0.4,2026-08-20,2010,N21,VIIRS,n,2.0NRT,290.15,2.4,N,VIIRS_NOAA21_NRT
23.82678,84.57025,314.18,0.42,0.61,2026-08-20,1923,N20,VIIRS,n,2.0NRT,285.28,1.88,N,VIIRS_NOAA20_NRT
23.82971,84.56965,305.91,0.42,0.61,2026-08-20,1923,N20,VIIRS,n,2.0NRT,286.19,1.0,N,VIIRS_NOAA20_NRT
12.91629,77.42502,301.72,0.44,0.38,2026-08-20,2014,N21,VIIRS,n,2.0NRT,288.99,0.65,N,VIIRS_NOAA21_NRT
29.91009,74.95052,314.37,0.76,0.77,2026-08-20,2148,N21,VIIRS,n,2.0NRT,284.39,4.09,N,VIIRS_NOAA21_NRT
29.9104,74.95412,317.88,0.76,0.77,2026-08-20,2148,N21,VIIRS,n,2.0NRT,284.31,4.68,N,VIIRS_NOAA21_NRT
25.93938,72.19437,309.92,0.66,0.73,2026-08-20,2150,N21,VIIRS,n,2.0NRT,290.38,2.26,N,VIIRS_NOAA21_NRT
23.76627,86.40129,312.34,0.32,0.55,2026-08-20,1923,N20,VIIRS,n,2.0NRT,286.92,2.07,N,VIIRS_NOAA20_NRT
16.35903,81.28316,312.12,0.39,0.36,2026-08-20,2012,N21,VIIRS,n,2.0NRT,291.7,2.97,N,VIIRS_NOAA21_NRT
15.3342,76.2842,308.27,0.53,0.42,2026-08-20,2012,N21,VIIRS,n,2.0NRT,290.18,1.35,N,VIIRS_NOAA21_NRT
15.33131,76.28654,307.73,0.53,0.42,2026-08-20,2012,N21,VIIRS,n,2.0NRT,290.18,1.93,N,VIIRS_NOAA21_NRT
12.74548,77.62041,311.39,0.43,0.38,2026-08-20,2014,N21,VIIRS,n,2.0NRT,286.21,1.3,N,VIIRS_NOAA21_NRT
15.18217,76.66879,310.68,0.5,0.41,2026-08-20,2012,N21,VIIRS,n,2.0NRT,286.69,2.89,N,VIIRS_NOAA21_NRT
15.17873,77.10238,306.46,0.48,0.4,2026-08-20,2012,N21,VIIRS,n,2.0NRT,291.4,1.25,N,VIIRS_NOAA21_NRT
15.17657,76.65381,315.11,0.5,0.41,2026-08-20,2012,N21,VIIRS,n,2.0NRT,292.56,3.37,N,VIIRS_NOAA21_NRT
15.17594,76.65845,313.18,0.5,0.41,2026-08-20,2012,N21,VIIRS,n,2.0NRT,291.77,4.29,N,VIIRS_NOAA21_NRT
15.17508,77.10185,306.65,0.48,0.4,2026-08-20,2012,N21,VIIRS,n,2.0NRT,291.37,1.02,N,VIIRS_NOAA21_NRT
15.175,76.65512,311.85,0.5,0.41,2026-08-20,2012,N21,VIIRS,n,2.0NRT,292.12,3.48,N,VIIRS_NOAA21_NRT
15.17435,76.65977,304.97,0.5,0.41,2026-08-20,2012,N21,VIIRS,n,2.0NRT,290.84,3.04,N,VIIRS_NOAA21_NRT
13.39201,80.10139,313.52,0.38,0.36,2026-08-20,2012,N21,VIIRS,n,2.0NRT,293.14,2.74,N,VIIRS_NOAA21_NRT
24.92798,84.14663,309.02,0.39,0.36,2026-08-20,2010,N21,VIIRS,n,2.0NRT,291.35,3.33,N,VIIRS_NOAA21_NRT
24.92358,84.15446,309.65,0.39,0.36,2026-08-20,2010,N21,VIIRS,n,2.0NRT,291.57,2.59,N,VIIRS_NOAA21_NRT
24.7619,74.60608,298.2,0.59,0.53,2026-08-20,2010,N21,VIIRS,n,2.0NRT,276.94,0.52,N,VIIRS_NOAA21_NRT
23.82633,85.49837,305.02,0.44,0.38,2026-08-20,2010,N21,VIIRS,n,2.0NRT,284.8,1.07,N,VIIRS_NOAA21_NRT
23.82936,84.57385,303.92,0.42,0.61,2026-08-20,1923,N20,VIIRS,n,2.0NRT,286.38,1.0,N,VIIRS_NOAA20_NRT
12.68491,76.4514,311.27,0.48,0.4,2026-08-20,2014,N21,VIIRS,n,2.0NRT,282.46,1.91,N,VIIRS_NOAA21_NRT
12.04919,79.05791,307.8,0.39,0.36,2026-08-20,2014,N21,VIIRS,n,2.0NRT,277.73,1.4,N,VIIRS_NOAA21_NRT
12.03978,79.0528,296.42,0.39,0.36,2026-08-20,2014,N21,VIIRS,n,2.0NRT,276.78,0.65,N,VIIRS_NOAA21_NRT
17.95719,80.79021,310.95,0.39,0.36,2026-08-20,2012,N21,VIIRS,n,2.0NRT,288.65,1.85,N,VIIRS_NOAA21_NRT
17.96913,83.15405,305.12,0.41,0.37,2026-08-20,2012,N21,VIIRS,n,2.0NRT,286.79,2.23,N,VIIRS_NOAA21_NRT
18.6829,73.02922,304.41,0.63,0.54,2026-08-20,2012,N21,VIIRS,n,2.0NRT,290.29,2.22,N,VIIRS_NOAA21_NRT
18.68787,73.02982,299.67,0.63,0.54,2026-08-20,2012,N21,VIIRS,n,2.0NRT,286.97,2.22,N,VIIRS_NOAA21_NRT
8.73815,77.60192,305.13,0.4,0.37,2026-08-20,2014,N21,VIIRS,n,2.0NRT,271.98,1.11,N,VIIRS_NOAA21_NRT
8.73869,77.59828,315.6,0.4,0.37,2026-08-20,2014,N21,VIIRS,n,2.0NRT,272.63,1.11,N,VIIRS_NOAA21_NRT
8.74152,77.60243,299.08,0.4,0.37,2026-08-20,2014,N21,VIIRS,n,2.0NRT,268.76,1.11,N,VIIRS_NOAA21_NRT
8.74207,77.59879,303.05,0.4,0.37,2026-08-20,2014,N21,VIIRS,n,2.0NRT,270.13,1.11,N,VIIRS_NOAA21_NRT
9.27709,78.06376,305.94,0.4,0.37,2026-08-20,2014,N21,VIIRS,n,2.0NRT,276.75,0.86,N,VIIRS_NOAA21_NRT
23.82524,85.49557,301.84,0.44,0.38,2026-08-20,2010,N21,VIIRS,n,2.0NRT,284.86,0.87,N,VIIRS_NOAA21_NRT
17.95664,80.79382,317.42,0.39,0.36,2026-08-20,2012,N21,VIIRS,n,2.0NRT,286.31,1.85,N,VIIRS_NOAA21_NRT
23.82452,85.4998,302.72,0.44,0.38,2026-08-20,2010,N21,VIIRS,n,2.0NRT,284.85,0.87,N,VIIRS_NOAA21_NRT
23.82177,85.49487,304.98,0.44,0.38,2026-08-20,2010,N21,VIIRS,n,2.0NRT,286.16,0.87,N,VIIRS_NOAA21_NRT
29.90928,74.94781,321.89,0.45,0.39,2026-08-20,2104,N20,VIIRS,n,2.0NRT,291.81,2.52,N,VIIRS_NOAA20_NRT
29.90844,74.95241,316.28,0.45,0.39,2026-08-20,2104,N20,VIIRS,n,2.0NRT,292.35,2.52,N,VIIRS_NOAA20_NRT
29.46148,76.86364,305.65,0.56,0.43,2026-08-20,2104,N20,VIIRS,n,2.0NRT,288.93,2.35,N,VIIRS_NOAA20_NRT
29.45761,76.86263,303.86,0.56,0.43,2026-08-20,2104,N20,VIIRS,n,2.0NRT,289.03,4.13,N,VIIRS_NOAA20_NRT
28.74485,76.92733,310.37,0.39,0.44,2026-08-20,2104,N20,VIIRS,n,2.0NRT,289.47,3.42,N,VIIRS_NOAA20_NRT
27.28837,73.83765,305.67,0.44,0.38,2026-08-20,2104,N20,VIIRS,n,2.0NRT,293.91,1.14,N,VIIRS_NOAA20_NRT
26.92761,73.46851,305.3,0.43,0.38,2026-08-20,2104,N20,VIIRS,n,2.0NRT,293.19,1.38,N,VIIRS_NOAA20_NRT
26.87785,73.51696,306.36,0.43,0.38,2026-08-20,2104,N20,VIIRS,n,2.0NRT,293.02,1.67,N,VIIRS_NOAA20_NRT
25.94392,72.19305,308.63,0.4,0.37,2026-08-20,2104,N20,VIIRS,n,2.0NRT,294.94,1.41,N,VIIRS_NOAA20_NRT
29.91172,74.95081,329.68,0.45,0.39,2026-08-20,2104,N20,VIIRS,n,2.0NRT,292.2,4.24,N,VIIRS_NOAA20_NRT
14.83003,79.30145,306.86,0.74,0.76,2026-08-20,1928,N20,VIIRS,n,2.0NRT,282.0,4.55,N,VIIRS_NOAA20_NRT
14.8294,79.30762,307.16,0.74,0.76,2026-08-20,1928,N20,VIIRS,n,2.0NRT,281.66,4.55,N,VIIRS_NOAA20_NRT
14.82782,79.30177,314.69,0.74,0.76,2026-08-20,1928,N20,VIIRS,n,2.0NRT,281.43,8.66,N,VIIRS_NOAA20_NRT
14.82725,79.30776,303.63,0.74,0.76,2026-08-20,1928,N20,VIIRS,n,2.0NRT,281.95,7.02,N,VIIRS_NOAA20_NRT
21.9578,83.80929,296.81,0.45,0.63,2026-08-20,1925,N20,VIIRS,n,2.0NRT,280.96,1.43,N,VIIRS_NOAA20_NRT
21.76537,85.57951,300.29,0.34,0.56,2026-08-20,1925,N20,VIIRS,n,2.0NRT,283.07,0.27,N,VIIRS_NOAA20_NRT
21.75726,84.02222,306.22,0.44,0.62,2026-08-20,1925,N20,VIIRS,n,2.0NRT,284.72,2.91,N,VIIRS_NOAA20_NRT
21.75551,84.02298,307.28,0.43,0.62,2026-08-20,1925,N20,VIIRS,n,2.0NRT,285.65,2.89,N,VIIRS_NOAA20_NRT
27.37922,95.33605,314.35,0.39,0.36,2026-08-20,1923,N20,VIIRS,n,2.0NRT,290.32,2.32,N,VIIRS_NOAA20_NRT
27.37876,95.0898,311.58,0.39,0.36,2026-08-20,1923,N20,VIIRS,n,2.0NRT,290.56,2.03,N,VIIRS_NOAA20_NRT
24.11533,86.85748,308.51,0.61,0.53,2026-08-20,1923,N20,VIIRS,n,2.0NRT,288.75,3.36,N,VIIRS_NOAA20_NRT
23.80334,85.5392,303.92,0.44,0.38,2026-08-20,2010,N21,VIIRS,n,2.0NRT,287.55,0.98,N,VIIRS_NOAA21_NRT
23.80141,86.33147,304.54,0.47,0.4,2026-08-20,2010,N21,VIIRS,n,2.0NRT,285.5,1.7,N,VIIRS_NOAA21_NRT
23.78648,85.55334,317.54,0.44,0.38,2026-08-20,2010,N21,VIIRS,n,2.0NRT,289.69,2.36,N,VIIRS_NOAA21_NRT
23.77931,85.57391,306.79,0.44,0.38,2026-08-20,2010,N21,VIIRS,n,2.0NRT,291.13,2.3,N,VIIRS_NOAA21_NRT
23.76533,86.40251,309.3,0.48,0.4,2026-08-20,2010,N21,VIIRS,n,2.0NRT,287.56,2.34,N,VIIRS_NOAA21_NRT
23.76171,86.40175,326.99,0.48,0.4,2026-08-20,2010,N21,VIIRS,n,2.0NRT,289.94,2.4,N,VIIRS_NOAA21_NRT
23.7609,86.40632,302.07,0.48,0.4,2026-08-20,2010,N21,VIIRS,n,2.0NRT,285.87,2.4,N,VIIRS_NOAA21_NRT
15.18593,76.31431,311.46,0.32,0.54,2026-08-20,2108,N20,VIIRS,n,2.0NRT,287.59,0.7,N,VIIRS_NOAA20_NRT
15.18351,76.66707,308.7,0.34,0.56,2026-08-20,2108,N20,VIIRS,n,2.0NRT,288.07,0.72,N,VIIRS_NOAA20_NRT
15.1829,76.67016,303.73,0.34,0.56,2026-08-20,2108,N20,VIIRS,n,2.0NRT,288.06,0.72,N,VIIRS_NOAA20_NRT
15.18032,76.65672,302.56,0.34,0.56,2026-08-20,2108,N20,VIIRS,n,2.0NRT,287.32,1.33,N,VIIRS_NOAA20_NRT
15.17791,77.10345,301.74,0.36,0.57,2026-08-20,2108,N20,VIIRS,n,2.0NRT,286.64,0.39,N,VIIRS_NOAA20_NRT
15.17664,76.67516,304.87,0.34,0.56,2026-08-20,2108,N20,VIIRS,n,2.0NRT,288.55,1.09,N,VIIRS_NOAA20_NRT
15.17281,76.38165,299.71,0.32,0.55,2026-08-20,2108,N20,VIIRS,n,2.0NRT,287.56,0.64,N,VIIRS_NOAA20_NRT
15.16786,76.38057,309.06,0.32,0.55,2026-08-20,2108,N20,VIIRS,n,2.0NRT,288.35,1.52,N,VIIRS_NOAA20_NRT
15.16292,76.37949,322.52,0.32,0.55,2026-08-20,2108,N20,VIIRS,n,2.0NRT,287.29,1.52,N,VIIRS_NOAA20_NRT
15.13828,76.70865,305.75,0.34,0.56,2026-08-20,2108,N20,VIIRS,n,2.0NRT,288.36,0.52,N,VIIRS_NOAA20_NRT
15.13766,76.71173,301.79,0.34,0.56,2026-08-20,2108,N20,VIIRS,n,2.0NRT,288.15,0.52,N,VIIRS_NOAA20_NRT
12.86819,78.8947,305.74,0.53,0.67,2026-08-20,2108,N20,VIIRS,n,2.0NRT,287.18,1.19,N,VIIRS_NOAA20_NRT
12.86719,78.89952,305.3,0.53,0.67,2026-08-20,2108,N20,VIIRS,n,2.0NRT,287.29,1.19,N,VIIRS_NOAA20_NRT
12.66981,76.85625,299.97,0.39,0.59,2026-08-20,2108,N20,VIIRS,n,2.0NRT,285.67,0.44,N,VIIRS_NOAA20_NRT
11.60833,77.55147,297.2,0.45,0.63,2026-08-20,2108,N20,VIIRS,n,2.0NRT,272.73,1.03,N,VIIRS_NOAA20_NRT
19.80504,78.86545,303.93,0.38,0.59,2026-08-20,2106,N20,VIIRS,n,2.0NRT,288.05,0.61,N,VIIRS_NOAA20_NRT
19.80188,78.86395,302.98,0.38,0.59,2026-08-20,2106,N20,VIIRS,n,2.0NRT,287.62,0.61,N,VIIRS_NOAA20_NRT
19.07515,73.13273,306.98,0.52,0.42,2026-08-20,2106,N20,VIIRS,n,2.0NRT,291.71,3.38,N,VIIRS_NOAA20_NRT
23.82286,85.49767,305.53,0.44,0.38,2026-08-20,2010,N21,VIIRS,n,2.0NRT,285.43,1.07,N,VIIRS_NOAA21_NRT
17.95608,80.79744,305.05,0.39,0.36,2026-08-20,2012,N21,VIIRS,n,2.0NRT,283.97,1.41,N,VIIRS_NOAA21_NRT
22.37758,87.2785,330.19,0.38,0.36,2026-08-21,1951,N21,VIIRS,n,2.0NRT,281.17,3.97,N,VIIRS_NOAA21_NRT
22.36423,87.29889,310.36,0.38,0.36,2026-08-21,1951,N21,VIIRS,n,2.0NRT,281.16,1.55,N,VIIRS_NOAA21_NRT
15.3342,76.2795,298.65,0.36,0.57,2026-08-21,1953,N21,VIIRS,n,2.0NRT,283.65,0.52,N,VIIRS_NOAA21_NRT
15.33372,76.2864,298.59,0.36,0.57,2026-08-21,1953,N21,VIIRS,n,2.0NRT,280.53,0.61,N,VIIRS_NOAA21_NRT
15.33343,76.28597,296.04,0.36,0.57,2026-08-21,1953,N21,VIIRS,n,2.0NRT,280.46,0.47,N,VIIRS_NOAA21_NRT
15.18721,76.65808,305.95,0.34,0.56,2026-08-21,1953,N21,VIIRS,n,2.0NRT,291.46,1.44,N,VIIRS_NOAA21_NRT
15.18496,76.67664,314.14,0.34,0.56,2026-08-21,1953,N21,VIIRS,n,2.0NRT,290.49,1.6,N,VIIRS_NOAA21_NRT
15.18433,76.66511,307.18,0.34,0.56,2026-08-21,1953,N21,VIIRS,n,2.0NRT,289.77,2.1,N,VIIRS_NOAA21_NRT
15.18398,76.66821,309.62,0.34,0.56,2026-08-21,1953,N21,VIIRS,n,2.0NRT,289.94,3.21,N,VIIRS_NOAA21_NRT
15.18328,76.67441,308.65,0.34,0.56,2026-08-21,1953,N21,VIIRS,n,2.0NRT,291.07,1.37,N,VIIRS_NOAA21_NRT
15.18292,76.67751,315.24,0.34,0.56,2026-08-21,1953,N21,VIIRS,n,2.0NRT,290.85,1.37,N,VIIRS_NOAA21_NRT
15.18097,76.6668,326.66,0.34,0.56,2026-08-21,1953,N21,VIIRS,n,2.0NRT,290.73,3.3,N,VIIRS_NOAA21_NRT
15.18022,76.67299,317.38,0.34,0.56,2026-08-21,1953,N21,VIIRS,n,2.0NRT,291.75,2.05,N,VIIRS_NOAA21_NRT
15.17971,77.10136,301.43,0.63,0.54,2026-08-21,1953,N21,VIIRS,n,2.0NRT,288.26,2.0,N,VIIRS_NOAA21_NRT
15.17816,76.67384,307.54,0.34,0.56,2026-08-21,1953,N21,VIIRS,n,2.0NRT,291.07,1.37,N,VIIRS_NOAA21_NRT
15.17781,76.67696,316.7,0.34,0.56,2026-08-21,1953,N21,VIIRS,n,2.0NRT,291.22,1.37,N,VIIRS_NOAA21_NRT
15.17734,76.65386,317.14,0.34,0.56,2026-08-21,1953,N21,VIIRS,n,2.0NRT,290.91,1.96,N,VIIRS_NOAA21_NRT
15.17696,76.65696,317.6,0.34,0.56,2026-08-21,1953,N21,VIIRS,n,2.0NRT,290.55,1.96,N,VIIRS_NOAA21_NRT
15.17473,76.67556,315.83,0.34,0.56,2026-08-21,1953,N21,VIIRS,n,2.0NRT,290.09,2.05,N,VIIRS_NOAA21_NRT
15.168,76.37878,310.47,0.35,0.57,2026-08-21,1953,N21,VIIRS,n,2.0NRT,289.63,2.12,N,VIIRS_NOAA21_NRT
15.13456,76.70862,308.41,0.33,0.56,2026-08-21,1953,N21,VIIRS,n,2.0NRT,290.28,0.9,N,VIIRS_NOAA21_NRT
15.06977,76.86726,303.67,0.32,0.55,2026-08-21,1953,N21,VIIRS,n,2.0NRT,288.87,1.0,N,VIIRS_NOAA21_NRT
15.02365,78.01412,306.23,0.54,0.51,2026-08-21,1953,N21,VIIRS,n,2.0NRT,288.0,1.89,N,VIIRS_NOAA21_NRT
15.02195,78.01622,304.53,0.54,0.51,2026-08-21,1953,N21,VIIRS,n,2.0NRT,287.99,1.8,N,VIIRS_NOAA21_NRT
14.87368,78.0514,299.72,0.54,0.51,2026-08-21,1953,N21,VIIRS,n,2.0NRT,280.11,0.81,N,VIIRS_NOAA21_NRT
22.377,87.2822,310.92,0.38,0.36,2026-08-21,1951,N21,VIIRS,n,2.0NRT,280.1,1.55,N,VIIRS_NOAA21_NRT
22.36752,87.29948,316.76,0.38,0.36,2026-08-21,1951,N21,VIIRS,n,2.0NRT,281.16,1.55,N,VIIRS_NOAA21_NRT
22.36418,87.01775,304.88,0.38,0.36,2026-08-21,1951,N21,VIIRS,n,2.0NRT,279.03,0.94,N,VIIRS_NOAA21_NRT
22.36365,87.30258,316.32,0.38,0.36,2026-08-21,1951,N21,VIIRS,n,2.0NRT,281.78,2.29,N,VIIRS_NOAA21_NRT
9.46267,77.93827,334.28,0.6,0.7,2026-08-21,720,N21,VIIRS,n,2.0NRT,296.67,4.1,D,VIIRS_NOAA21_NRT
26.37232,71.21835,330.16,0.4,0.6,2026-08-21,905,N21,VIIRS,n,2.0NRT,294.38,2.65,D,VIIRS_NOAA21_NRT
29.04118,75.70134,349.66,0.33,0.55,2026-08-21,726,N21,VIIRS,n,2.0NRT,291.73,6.91,D,VIIRS_NOAA21_NRT
27.68631,72.68755,335.23,0.54,0.68,2026-08-21,726,N21,VIIRS,n,2.0NRT,294.36,2.79,D,VIIRS_NOAA21_NRT
25.79926,94.77165,330.64,0.61,0.53,2026-08-21,724,N21,VIIRS,n,2.0NRT,292.82,5.49,D,VIIRS_NOAA21_NRT
23.78723,85.55419,331.56,0.39,0.36,2026-08-21,724,N21,VIIRS,l,2.0NRT,297.75,5.91,D,VIIRS_NOAA21_NRT
23.7813,86.20977,339.27,0.39,0.36,2026-08-21,724,N21,VIIRS,n,2.0NRT,296.76,4.46,D,VIIRS_NOAA21_NRT
23.75637,85.85545,331.17,0.39,0.36,2026-08-21,724,N21,VIIRS,l,2.0NRT,298.73,9.23,D,VIIRS_NOAA21_NRT
23.77894,86.39065,339.02,0.38,0.36,2026-08-21,722,N21,VIIRS,n,2.0NRT,293.0,5.67,D,VIIRS_NOAA21_NRT
23.77802,86.21037,333.93,0.39,0.36,2026-08-21,722,N21,VIIRS,n,2.0NRT,295.58,4.46,D,VIIRS_NOAA21_NRT
23.76754,86.40423,332.34,0.38,0.36,2026-08-21,722,N21,VIIRS,n,2.0NRT,293.08,2.7,D,VIIRS_NOAA21_NRT
23.76426,86.40483,342.4,0.38,0.36,2026-08-21,722,N21,VIIRS,n,2.0NRT,294.13,5.37,D,VIIRS_NOAA21_NRT
23.7604,86.4017,335.74,0.38,0.36,2026-08-21,722,N21,VIIRS,n,2.0NRT,293.96,5.92,D,VIIRS_NOAA21_NRT
23.70941,86.44951,331.8,0.38,0.36,2026-08-21,722,N21,VIIRS,n,2.0NRT,291.54,3.16,D,VIIRS_NOAA21_NRT
27.43703,70.86094,345.55,0.39,0.59,2026-08-21,907,N21,VIIRS,n,2.0NRT,300.8,3.58,D,VIIRS_NOAA21_NRT
23.5531,86.53947,305.74,0.39,0.36,2026-08-21,1949,N21,VIIRS,n,2.0NRT,285.35,2.72,N,VIIRS_NOAA21_NRT
23.56226,87.08412,315.95,0.38,0.36,2026-08-21,1949,N21,VIIRS,n,2.0NRT,288.09,3.93,N,VIIRS_NOAA21_NRT
23.64708,85.44088,321.18,0.41,0.37,2026-08-21,1949,N21,VIIRS,n,2.0NRT,283.61,1.65,N,VIIRS_NOAA21_NRT
22.35824,87.294,304.88,0.38,0.36,2026-08-21,1951,N21,VIIRS,n,2.0NRT,280.46,0.73,N,VIIRS_NOAA21_NRT
22.35731,82.30456,298.19,0.55,0.42,2026-08-21,1951,N21,VIIRS,n,2.0NRT,283.77,1.99,N,VIIRS_NOAA21_NRT
22.24465,87.3873,313.65,0.38,0.36,2026-08-21,1951,N21,VIIRS,n,2.0NRT,280.42,1.69,N,VIIRS_NOAA21_NRT
22.0553,88.1225,308.18,0.39,0.36,2026-08-21,1951,N21,VIIRS,n,2.0NRT,281.43,1.3,N,VIIRS_NOAA21_NRT
22.05469,88.12626,310.4,0.39,0.36,2026-08-21,1951,N21,VIIRS,n,2.0NRT,280.81,1.51,N,VIIRS_NOAA21_NRT
22.00436,82.67083,309.23,0.52,0.41,2026-08-21,1951,N21,VIIRS,n,2.0NRT,290.14,2.28,N,VIIRS_NOAA21_NRT
18.80127,74.25323,300.25,0.54,0.68,2026-08-21,1951,N21,VIIRS,n,2.0NRT,277.53,1.25,N,VIIRS_NOAA21_NRT
18.57163,74.18153,310.06,0.54,0.68,2026-08-21,1951,N21,VIIRS,n,2.0NRT,284.01,2.1,N,VIIRS_NOAA21_NRT
25.5407,91.23618,306.25,0.46,0.39,2026-08-21,1949,N21,VIIRS,n,2.0NRT,287.63,1.3,N,VIIRS_NOAA21_NRT
23.73866,86.43509,306.43,0.39,0.36,2026-08-21,1949,N21,VIIRS,n,2.0NRT,264.86,1.37,N,VIIRS_NOAA21_NRT
23.68382,86.39285,330.91,0.38,0.36,2026-08-21,722,N21,VIIRS,n,2.0NRT,292.82,5.77,D,VIIRS_NOAA21_NRT
23.73534,86.4345,304.61,0.39,0.36,2026-08-21,1949,N21,VIIRS,n,2.0NRT,270.0,1.37,N,VIIRS_NOAA21_NRT
23.7127,86.45013,316.83,0.39,0.36,2026-08-21,1949,N21,VIIRS,n,2.0NRT,279.57,2.39,N,VIIRS_NOAA21_NRT
23.70938,86.44955,318.48,0.39,0.36,2026-08-21,1949,N21,VIIRS,n,2.0NRT,282.9,2.5,N,VIIRS_NOAA21_NRT
23.68358,86.39426,309.69,0.39,0.36,2026-08-21,1949,N21,VIIRS,n,2.0NRT,287.44,2.39,N,VIIRS_NOAA21_NRT
23.68155,86.08361,333.34,0.4,0.37,2026-08-21,1949,N21,VIIRS,n,2.0NRT,289.93,3.81,N,VIIRS_NOAA21_NRT
23.67986,86.09519,319.22,0.4,0.37,2026-08-21,1949,N21,VIIRS,n,2.0NRT,290.36,4.94,N,VIIRS_NOAA21_NRT
23.67765,86.08691,310.23,0.4,0.37,2026-08-21,1949,N21,VIIRS,n,2.0NRT,290.24,3.81,N,VIIRS_NOAA21_NRT
23.67513,86.08725,315.89,0.4,0.37,2026-08-21,1949,N21,VIIRS,n,2.0NRT,290.53,4.09,N,VIIRS_NOAA21_NRT
23.6673,86.09382,309.03,0.4,0.37,2026-08-21,1949,N21,VIIRS,n,2.0NRT,290.14,3.18,N,VIIRS_NOAA21_NRT
23.6559,85.50668,315.01,0.41,0.37,2026-08-21,1949,N21,VIIRS,n,2.0NRT,288.54,1.53,N,VIIRS_NOAA21_NRT
23.64766,85.43689,313.62,0.41,0.37,2026-08-21,1949,N21,VIIRS,n,2.0NRT,281.92,1.65,N,VIIRS_NOAA21_NRT
23.72436,86.44046,306.09,0.39,0.36,2026-08-21,1949,N21,VIIRS,n,2.0NRT,278.36,2.41,N,VIIRS_NOAA21_NRT
23.67783,86.39777,338.05,0.38,0.36,2026-08-21,722,N21,VIIRS,n,2.0NRT,296.2,8.01,D,VIIRS_NOAA21_NRT
23.66353,87.1547,340.74,0.39,0.36,2026-08-21,722,N21,VIIRS,n,2.0NRT,298.79,6.18,D,VIIRS_NOAA21_NRT
9.55699,78.28705,331.02,0.56,0.69,2026-08-21,720,N21,VIIRS,n,2.0NRT,283.98,2.68,D,VIIRS_NOAA21_NRT
9.46023,77.93821,336.12,0.6,0.7,2026-08-21,720,N21,VIIRS,n,2.0NRT,297.78,5.13,D,VIIRS_NOAA21_NRT
9.91547,77.8808,330.27,0.59,0.7,2026-08-21,720,N21,VIIRS,n,2.0NRT,297.11,5.53,D,VIIRS_NOAA21_NRT
10.01859,77.58141,343.03,0.62,0.71,2026-08-21,720,N21,VIIRS,n,2.0NRT,296.89,17.06,D,VIIRS_NOAA21_NRT
10.02387,77.57968,350.54,0.62,0.71,2026-08-21,720,N21,VIIRS,n,2.0NRT,297.52,13.65,D,VIIRS_NOAA21_NRT
10.0502,77.95194,367.0,0.58,0.7,2026-08-21,720,N21,VIIRS,h,2.0NRT,294.07,13.76,D,VIIRS_NOAA21_NRT
23.48346,87.3627,337.08,0.39,0.36,2026-08-21,722,N21,VIIRS,n,2.0NRT,297.47,5.06,D,VIIRS_NOAA21_NRT
22.24823,87.38765,331.95,0.38,0.36,2026-08-21,722,N21,VIIRS,n,2.0NRT,292.07,3.08,D,VIIRS_NOAA21_NRT
17.49645,82.98081,339.61,0.39,0.44,2026-08-21,722,N21,VIIRS,n,2.0NRT,295.66,3.86,D,VIIRS_NOAA21_NRT
17.23297,79.42318,333.05,0.34,0.56,2026-08-21,722,N21,VIIRS,n,2.0NRT,294.1,2.64,D,VIIRS_NOAA21_NRT
16.60639,79.74261,332.67,0.33,0.55,2026-08-21,722,N21,VIIRS,n,2.0NRT,295.56,2.15,D,VIIRS_NOAA21_NRT
15.81428,80.01816,330.86,0.33,0.55,2026-08-21,722,N21,VIIRS,n,2.0NRT,294.34,2.83,D,VIIRS_NOAA21_NRT
15.74401,79.29642,350.7,0.37,0.58,2026-08-21,722,N21,VIIRS,n,2.0NRT,296.12,7.04,D,VIIRS_NOAA21_NRT
15.10624,79.37469,344.85,0.37,0.58,2026-08-21,722,N21,VIIRS,n,2.0NRT,290.84,6.03,D,VIIRS_NOAA21_NRT
14.52769,77.43334,338.86,0.52,0.67,2026-08-21,722,N21,VIIRS,n,2.0NRT,290.86,7.56,D,VIIRS_NOAA21_NRT
14.52584,77.43586,367.0,0.52,0.67,2026-08-21,722,N21,VIIRS,h,2.0NRT,290.84,15.67,D,VIIRS_NOAA21_NRT
23.67512,86.4021,330.3,0.38,0.36,2026-08-21,722,N21,VIIRS,n,2.0NRT,296.81,5.73,D,VIIRS_NOAA21_NRT
14.78502,79.98163,334.18,0.34,0.56,2026-08-21,720,N21,VIIRS,n,2.0NRT,294.46,2.91,D,VIIRS_NOAA21_NRT
14.6885,79.73643,335.87,0.36,0.57,2026-08-21,720,N21,VIIRS,n,2.0NRT,291.89,2.77,D,VIIRS_NOAA21_NRT
14.68743,79.7369,336.25,0.36,0.57,2026-08-21,720,N21,VIIRS,n,2.0NRT,292.67,3.61,D,VIIRS_NOAA21_NRT
14.67207,79.82387,330.08,0.35,0.57,2026-08-21,720,N21,VIIRS,n,2.0NRT,293.88,2.82,D,VIIRS_NOAA21_NRT
14.6078,79.66063,342.95,0.36,0.58,2026-08-21,720,N21,VIIRS,n,2.0NRT,294.46,6.46,D,VIIRS_NOAA21_NRT
13.40486,80.21468,330.46,0.35,0.57,2026-08-21,720,N21,VIIRS,n,2.0NRT,284.92,3.1,D,VIIRS_NOAA21_NRT
12.3086,79.8354,331.79,0.39,0.59,2026-08-21,720,N21,VIIRS,n,2.0NRT,291.55,2.32,D,VIIRS_NOAA21_NRT
11.77683,78.67175,345.59,0.48,0.65,2026-08-21,720,N21,VIIRS,n,2.0NRT,291.44,6.7,D,VIIRS_NOAA21_NRT
11.7761,78.67162,339.85,0.48,0.65,2026-08-21,720,N21,VIIRS,n,2.0NRT,291.28,5.95,D,VIIRS_NOAA21_NRT
11.71467,79.12849,333.78,0.45,0.63,2026-08-21,720,N21,VIIRS,n,2.0NRT,294.15,6.81,D,VIIRS_NOAA21_NRT
10.40672,77.98721,336.6,0.57,0.69,2026-08-21,720,N21,VIIRS,n,2.0NRT,291.87,3.91,D,VIIRS_NOAA21_NRT
14.75264,79.70685,332.97,0.36,0.57,2026-08-21,720,N21,VIIRS,n,2.0NRT,291.83,3.81,D,VIIRS_NOAA21_NRT
22.36089,87.01716,311.46,0.38,0.36,2026-08-21,1951,N21,VIIRS,n,2.0NRT,280.02,0.94,N,VIIRS_NOAA21_NRT
10.08887,77.23895,301.37,0.52,0.5,2026-08-21,1955,N21,VIIRS,n,2.0NRT,273.74,2.42,N,VIIRS_NOAA21_NRT
15.76939,73.70415,207.93,0.42,0.38,2026-08-21,816,N20,VIIRS,l,2.0NRT,297.41,115.94,D,VIIRS_NOAA20_NRT
15.77281,73.70358,337.78,0.42,0.38,2026-08-21,816,N20,VIIRS,l,2.0NRT,295.82,135.46,D,VIIRS_NOAA20_NRT
15.80123,79.52772,340.5,0.49,0.4,2026-08-21,816,N20,VIIRS,n,2.0NRT,305.68,14.67,D,VIIRS_NOAA20_NRT
15.94305,78.95891,332.2,0.46,0.39,2026-08-21,816,N20,VIIRS,l,2.0NRT,302.9,4.95,D,VIIRS_NOAA20_NRT
16.01146,80.31809,339.73,0.54,0.42,2026-08-21,816,N20,VIIRS,n,2.0NRT,300.01,10.58,D,VIIRS_NOAA20_NRT
16.04546,79.40362,338.7,0.48,0.4,2026-08-21,816,N20,VIIRS,n,2.0NRT,302.96,4.21,D,VIIRS_NOAA20_NRT
16.30597,78.48191,336.18,0.44,0.38,2026-08-21,816,N20,VIIRS,n,2.0NRT,300.5,3.14,D,VIIRS_NOAA20_NRT
16.38151,78.17361,334.6,0.43,0.38,2026-08-21,816,N20,VIIRS,n,2.0NRT,298.72,1.71,D,VIIRS_NOAA20_NRT
16.39512,78.57832,338.95,0.44,0.39,2026-08-21,816,N20,VIIRS,n,2.0NRT,303.23,3.81,D,VIIRS_NOAA20_NRT
16.70696,78.27788,338.78,0.44,0.38,2026-08-21,816,N20,VIIRS,n,2.0NRT,302.8,3.8,D,VIIRS_NOAA20_NRT
17.34807,80.77615,336.74,0.4,0.44,2026-08-21,816,N20,VIIRS,n,2.0NRT,294.6,4.11,D,VIIRS_NOAA20_NRT
17.61271,78.17559,330.62,0.44,0.38,2026-08-21,816,N20,VIIRS,n,2.0NRT,299.31,1.89,D,VIIRS_NOAA20_NRT
18.68543,73.03734,336.4,0.42,0.37,2026-08-21,818,N20,VIIRS,l,2.0NRT,297.7,5.13,D,VIIRS_NOAA20_NRT
18.68586,73.04067,338.76,0.42,0.37,2026-08-21,818,N20,VIIRS,n,2.0NRT,296.96,11.47,D,VIIRS_NOAA20_NRT
15.76875,73.70028,253.68,0.42,0.38,2026-08-21,816,N20,VIIRS,l,2.0NRT,296.55,115.94,D,VIIRS_NOAA20_NRT
18.68608,73.04124,335.45,0.42,0.37,2026-08-21,818,N20,VIIRS,n,2.0NRT,294.98,5.13,D,VIIRS_NOAA20_NRT
22.35882,87.29031,307.56,0.38,0.36,2026-08-21,1951,N21,VIIRS,n,2.0NRT,280.0,1.11,N,VIIRS_NOAA21_NRT
15.69083,79.12525,334.57,0.46,0.39,2026-08-21,816,N20,VIIRS,n,2.0NRT,302.75,6.67,D,VIIRS_NOAA20_NRT
15.60369,77.62315,334.52,0.41,0.37,2026-08-21,816,N20,VIIRS,n,2.0NRT,300.52,3.09,D,VIIRS_NOAA20_NRT
15.4127,79.60164,337.37,0.48,0.4,2026-08-21,816,N20,VIIRS,n,2.0NRT,294.92,4.21,D,VIIRS_NOAA20_NRT
11.10569,78.88302,340.59,0.41,0.37,2026-08-21,816,N20,VIIRS,n,2.0NRT,304.33,3.81,D,VIIRS_NOAA20_NRT
11.10589,78.88667,338.26,0.41,0.37,2026-08-21,816,N20,VIIRS,n,2.0NRT,303.68,1.82,D,VIIRS_NOAA20_NRT
11.1194,78.69011,339.67,0.41,0.37,2026-08-21,816,N20,VIIRS,n,2.0NRT,309.33,7.32,D,VIIRS_NOAA20_NRT
11.17897,76.86507,331.84,0.38,0.36,2026-08-21,816,N20,VIIRS,l,2.0NRT,302.16,3.47,D,VIIRS_NOAA20_NRT
11.21367,77.60988,338.37,0.39,0.36,2026-08-21,816,N20,VIIRS,l,2.0NRT,308.71,4.34,D,VIIRS_NOAA20_NRT
11.25254,77.55219,338.94,0.39,0.36,2026-08-21,816,N20,VIIRS,n,2.0NRT,306.19,4.97,D,VIIRS_NOAA20_NRT
11.42352,77.76451,339.77,0.39,0.36,2026-08-21,816,N20,VIIRS,n,2.0NRT,303.7,3.96,D,VIIRS_NOAA20_NRT
11.42366,77.74271,337.5,0.39,0.36,2026-08-21,816,N20,VIIRS,l,2.0NRT,308.16,3.7,D,VIIRS_NOAA20_NRT
11.52446,77.66854,337.79,0.39,0.36,2026-08-21,816,N20,VIIRS,n,2.0NRT,307.36,5.77,D,VIIRS_NOAA20_NRT
11.52499,77.67209,339.7,0.39,0.36,2026-08-21,816,N20,VIIRS,n,2.0NRT,306.95,5.68,D,VIIRS_NOAA20_NRT
11.71043,79.12439,333.44,0.43,0.38,2026-08-21,816,N20,VIIRS,n,2.0NRT,303.11,8.99,D,VIIRS_NOAA20_NRT
11.71099,79.12828,348.21,0.43,0.38,2026-08-21,816,N20,VIIRS,n,2.0NRT,307.85,30.85,D,VIIRS_NOAA20_NRT
11.81027,77.92296,343.83,0.39,0.36,2026-08-21,816,N20,VIIRS,n,2.0NRT,307.15,3.37,D,VIIRS_NOAA20_NRT
12.05095,79.61237,343.91,0.45,0.39,2026-08-21,816,N20,VIIRS,n,2.0NRT,301.8,5.05,D,VIIRS_NOAA20_NRT
12.31031,78.07397,331.42,0.4,0.37,2026-08-21,816,N20,VIIRS,n,2.0NRT,300.53,2.61,D,VIIRS_NOAA20_NRT
12.72135,79.78169,335.43,0.46,0.39,2026-08-21,816,N20,VIIRS,n,2.0NRT,298.23,3.63,D,VIIRS_NOAA20_NRT
12.79142,79.90376,332.75,0.47,0.4,2026-08-21,816,N20,VIIRS,n,2.0NRT,296.99,2.83,D,VIIRS_NOAA20_NRT
15.41208,79.59715,335.37,0.48,0.4,2026-08-21,816,N20,VIIRS,n,2.0NRT,295.13,2.69,D,VIIRS_NOAA20_NRT
15.10593,79.37793,341.84,0.47,0.4,2026-08-21,816,N20,VIIRS,n,2.0NRT,301.9,16.95,D,VIIRS_NOAA20_NRT
14.73303,79.92682,336.47,0.49,0.41,2026-08-21,816,N20,VIIRS,n,2.0NRT,297.07,3.95,D,VIIRS_NOAA20_NRT
14.72931,79.92735,336.28,0.49,0.41,2026-08-21,816,N20,VIIRS,n,2.0NRT,299.45,3.95,D,VIIRS_NOAA20_NRT
14.72149,79.72996,336.1,0.48,0.4,2026-08-21,816,N20,VIIRS,n,2.0NRT,299.34,3.0,D,VIIRS_NOAA20_NRT
14.68579,79.73881,336.96,0.48,0.4,2026-08-21,816,N20,VIIRS,n,2.0NRT,301.35,2.18,D,VIIRS_NOAA20_NRT
14.68322,79.69376,341.06,0.48,0.4,2026-08-21,816,N20,VIIRS,n,2.0NRT,303.28,7.5,D,VIIRS_NOAA20_NRT
14.60375,79.65997,333.91,0.48,0.4,2026-08-21,816,N20,VIIRS,n,2.0NRT,293.59,5.52,D,VIIRS_NOAA20_NRT
14.52269,77.43584,335.59,0.4,0.37,2026-08-21,816,N20,VIIRS,n,2.0NRT,301.68,4.98,D,VIIRS_NOAA20_NRT
13.26471,77.34718,341.7,0.39,0.36,2026-08-21,816,N20,VIIRS,n,2.0NRT,300.35,19.62,D,VIIRS_NOAA20_NRT
13.09303,77.44754,334.14,0.39,0.36,2026-08-21,816,N20,VIIRS,n,2.0NRT,298.91,2.67,D,VIIRS_NOAA20_NRT
12.86152,79.29686,336.55,0.44,0.38,2026-08-21,816,N20,VIIRS,n,2.0NRT,298.09,8.07,D,VIIRS_NOAA20_NRT
12.85799,79.29736,334.29,0.44,0.38,2026-08-21,816,N20,VIIRS,n,2.0NRT,297.84,3.16,D,VIIRS_NOAA20_NRT
14.68298,79.69458,344.78,0.48,0.4,2026-08-21,816,N20,VIIRS,n,2.0NRT,303.07,6.93,D,VIIRS_NOAA20_NRT
25.54232,91.23663,300.15,0.34,0.56,2026-08-21,1904,N20,VIIRS,n,2.0NRT,285.37,0.68,N,VIIRS_NOAA20_NRT
10.24284,77.21765,304.8,0.43,0.46,2026-08-21,2051,N20,VIIRS,n,2.0NRT,270.71,1.08,N,VIIRS_NOAA20_NRT
10.24635,77.22222,299.68,0.43,0.46,2026-08-21,2051,N20,VIIRS,n,2.0NRT,272.77,1.08,N,VIIRS_NOAA20_NRT
10.24693,77.2189,300.98,0.43,0.46,2026-08-21,2051,N20,VIIRS,n,2.0NRT,275.38,1.08,N,VIIRS_NOAA20_NRT
10.24748,77.21574,338.27,0.43,0.46,2026-08-21,2051,N20,VIIRS,n,2.0NRT,278.81,3.35,N,VIIRS_NOAA20_NRT
10.24804,77.21256,317.5,0.43,0.46,2026-08-21,2051,N20,VIIRS,n,2.0NRT,276.18,3.35,N,VIIRS_NOAA20_NRT
10.25036,77.22395,296.03,0.43,0.46,2026-08-21,2051,N20,VIIRS,n,2.0NRT,276.56,1.04,N,VIIRS_NOAA20_NRT
10.25207,77.21416,309.08,0.43,0.46,2026-08-21,2051,N20,VIIRS,n,2.0NRT,277.14,1.82,N,VIIRS_NOAA20_NRT
15.0239,78.01542,303.84,0.41,0.45,2026-08-21,2051,N20,VIIRS,n,2.0NRT,280.19,0.69,N,VIIRS_NOAA20_NRT
15.072,76.86435,304.88,0.52,0.42,2026-08-21,2051,N20,VIIRS,n,2.0NRT,290.77,1.57,N,VIIRS_NOAA20_NRT
15.13799,76.7103,303.41,0.51,0.41,2026-08-21,2051,N20,VIIRS,n,2.0NRT,290.44,0.82,N,VIIRS_NOAA20_NRT
15.16905,76.6702,304.24,0.51,0.41,2026-08-21,2051,N20,VIIRS,n,2.0NRT,290.75,1.59,N,VIIRS_NOAA20_NRT
15.17028,76.68485,304.26,0.51,0.41,2026-08-21,2051,N20,VIIRS,n,2.0NRT,290.14,0.55,N,VIIRS_NOAA20_NRT
15.17318,76.69025,309.94,0.51,0.41,2026-08-21,2051,N20,VIIRS,n,2.0NRT,290.03,1.05,N,VIIRS_NOAA20_NRT
15.17424,77.10195,302.77,0.54,0.42,2026-08-21,2051,N20,VIIRS,n,2.0NRT,284.43,1.03,N,VIIRS_NOAA20_NRT
15.17469,76.65448,311.08,0.51,0.41,2026-08-21,2051,N20,VIIRS,n,2.0NRT,290.84,1.16,N,VIIRS_NOAA20_NRT
15.17528,76.65698,318.44,0.51,0.41,2026-08-21,2051,N20,VIIRS,n,2.0NRT,291.38,3.34,N,VIIRS_NOAA20_NRT
15.17567,76.67632,307.26,0.51,0.41,2026-08-21,2051,N20,VIIRS,n,2.0NRT,290.1,2.05,N,VIIRS_NOAA20_NRT
10.05098,77.95471,305.12,0.47,0.48,2026-08-21,1955,N21,VIIRS,n,2.0NRT,277.48,2.58,N,VIIRS_NOAA21_NRT
15.65858,73.9884,298.11,0.4,0.37,2026-08-21,2051,N20,VIIRS,n,2.0NRT,285.78,0.84,N,VIIRS_NOAA20_NRT
15.34147,76.27382,319.07,0.48,0.4,2026-08-21,2051,N20,VIIRS,n,2.0NRT,288.03,1.78,N,VIIRS_NOAA20_NRT
15.34123,76.27532,314.56,0.48,0.4,2026-08-21,2051,N20,VIIRS,n,2.0NRT,288.28,1.74,N,VIIRS_NOAA20_NRT
15.33759,76.27462,307.51,0.48,0.4,2026-08-21,2051,N20,VIIRS,n,2.0NRT,287.9,1.74,N,VIIRS_NOAA20_NRT
15.33529,76.28797,301.39,0.48,0.4,2026-08-21,2051,N20,VIIRS,n,2.0NRT,287.79,0.81,N,VIIRS_NOAA20_NRT
10.09197,77.23583,313.81,0.44,0.46,2026-08-21,2051,N20,VIIRS,n,2.0NRT,274.71,1.44,N,VIIRS_NOAA20_NRT
15.226,76.76328,314.41,0.51,0.41,2026-08-21,2051,N20,VIIRS,n,2.0NRT,286.96,1.85,N,VIIRS_NOAA20_NRT
15.1848,76.66843,312.5,0.51,0.41,2026-08-21,2051,N20,VIIRS,n,2.0NRT,289.81,1.6,N,VIIRS_NOAA20_NRT
15.18107,76.66773,327.9,0.51,0.41,2026-08-21,2051,N20,VIIRS,n,2.0NRT,290.89,2.05,N,VIIRS_NOAA20_NRT
15.18023,76.67239,304.81,0.51,0.41,2026-08-21,2051,N20,VIIRS,n,2.0NRT,290.12,2.05,N,VIIRS_NOAA20_NRT
15.17984,76.65304,303.59,0.51,0.41,2026-08-21,2051,N20,VIIRS,n,2.0NRT,290.03,2.44,N,VIIRS_NOAA20_NRT
15.17901,76.65769,314.31,0.51,0.41,2026-08-21,2051,N20,VIIRS,n,2.0NRT,290.62,2.73,N,VIIRS_NOAA20_NRT
15.17806,77.1027,300.75,0.54,0.42,2026-08-21,2051,N20,VIIRS,n,2.0NRT,284.82,1.27,N,VIIRS_NOAA20_NRT
15.18605,76.63982,311.57,0.51,0.41,2026-08-21,2051,N20,VIIRS,n,2.0NRT,289.8,2.21,N,VIIRS_NOAA20_NRT
11.10533,78.88292,337.62,0.41,0.37,2026-08-21,816,N20,VIIRS,n,2.0NRT,304.54,1.82,D,VIIRS_NOAA20_NRT
10.0881,77.23328,303.94,0.44,0.46,2026-08-21,2051,N20,VIIRS,n,2.0NRT,273.18,1.44,N,VIIRS_NOAA20_NRT
9.25068,77.32387,328.2,0.46,0.47,2026-08-21,2051,N20,VIIRS,n,2.0NRT,282.69,2.05,N,VIIRS_NOAA20_NRT
22.24438,87.38752,299.85,0.54,0.68,2026-08-21,1906,N20,VIIRS,n,2.0NRT,267.89,0.61,N,VIIRS_NOAA20_NRT
22.36782,87.30148,299.16,0.58,0.69,2026-08-21,2046,N20,VIIRS,n,2.0NRT,266.13,1.25,N,VIIRS_NOAA20_NRT
22.37672,87.2793,308.26,0.57,0.69,2026-08-21,2046,N20,VIIRS,n,2.0NRT,266.1,1.69,N,VIIRS_NOAA20_NRT
22.37936,87.28155,301.83,0.57,0.69,2026-08-21,2046,N20,VIIRS,n,2.0NRT,266.54,1.29,N,VIIRS_NOAA20_NRT
22.38068,87.27615,299.45,0.57,0.69,2026-08-21,2046,N20,VIIRS,n,2.0NRT,267.45,1.29,N,VIIRS_NOAA20_NRT
23.31474,70.489,305.06,0.5,0.41,2026-08-21,2046,N20,VIIRS,n,2.0NRT,292.63,2.75,N,VIIRS_NOAA20_NRT
23.31622,70.48621,306.24,0.5,0.41,2026-08-21,2046,N20,VIIRS,n,2.0NRT,292.7,2.39,N,VIIRS_NOAA20_NRT
23.66597,87.15978,298.35,0.53,0.67,2026-08-21,2046,N20,VIIRS,n,2.0NRT,271.36,1.35,N,VIIRS_NOAA20_NRT
23.66717,87.15483,301.16,0.53,0.67,2026-08-21,2046,N20,VIIRS,n,2.0NRT,271.52,1.35,N,VIIRS_NOAA20_NRT
23.67524,86.10297,304.36,0.45,0.63,2026-08-21,2046,N20,VIIRS,n,2.0NRT,276.44,1.08,N,VIIRS_NOAA20_NRT
9.24611,77.32486,312.59,0.46,0.47,2026-08-21,2051,N20,VIIRS,n,2.0NRT,283.36,2.05,N,VIIRS_NOAA20_NRT
8.74148,77.59866,313.01,0.48,0.48,2026-08-21,2051,N20,VIIRS,n,2.0NRT,287.05,2.36,N,VIIRS_NOAA20_NRT
17.37239,77.44447,303.3,0.52,0.42,2026-08-21,2049,N20,VIIRS,n,2.0NRT,290.53,1.08,N,VIIRS_NOAA20_NRT
17.29276,78.40978,307.97,0.39,0.44,2026-08-21,2049,N20,VIIRS,n,2.0NRT,289.78,0.63,N,VIIRS_NOAA20_NRT
16.87272,80.02097,306.6,0.51,0.49,2026-08-21,2049,N20,VIIRS,n,2.0NRT,290.31,2.46,N,VIIRS_NOAA20_NRT
27.79147,75.33251,308.88,0.39,0.36,2026-08-21,2046,N20,VIIRS,n,2.0NRT,292.01,1.11,N,VIIRS_NOAA20_NRT
10.04989,77.95342,306.01,0.49,0.48,2026-08-21,2051,N20,VIIRS,n,2.0NRT,271.05,1.5,N,VIIRS_NOAA20_NRT
26.87782,73.51673,305.41,0.41,0.37,2026-08-21,2046,N20,VIIRS,n,2.0NRT,293.05,1.6,N,VIIRS_NOAA20_NRT
24.93433,74.63345,309.55,0.38,0.36,2026-08-21,2046,N20,VIIRS,n,2.0NRT,284.89,1.19,N,VIIRS_NOAA20_NRT
24.92892,84.14816,300.73,0.32,0.55,2026-08-21,2046,N20,VIIRS,n,2.0NRT,280.9,0.96,N,VIIRS_NOAA20_NRT
24.76488,74.60672,305.82,0.38,0.36,2026-08-21,2046,N20,VIIRS,n,2.0NRT,285.9,0.9,N,VIIRS_NOAA20_NRT
24.76429,74.6105,305.21,0.38,0.36,2026-08-21,2046,N20,VIIRS,n,2.0NRT,287.0,0.9,N,VIIRS_NOAA20_NRT
23.80517,86.32483,299.37,0.47,0.64,2026-08-21,2046,N20,VIIRS,n,2.0NRT,271.31,0.59,N,VIIRS_NOAA20_NRT
23.79865,86.35276,296.89,0.47,0.64,2026-08-21,2046,N20,VIIRS,n,2.0NRT,264.93,0.6,N,VIIRS_NOAA20_NRT
26.60544,73.68332,305.83,0.4,0.37,2026-08-21,2046,N20,VIIRS,n,2.0NRT,291.23,0.72,N,VIIRS_NOAA20_NRT
11.04524,77.91196,345.73,0.39,0.36,2026-08-21,816,N20,VIIRS,n,2.0NRT,302.89,4.75,D,VIIRS_NOAA20_NRT
11.34971,77.56582,335.42,0.39,0.36,2026-08-21,816,N20,VIIRS,n,2.0NRT,304.54,2.44,D,VIIRS_NOAA20_NRT
10.8966,78.69748,336.22,0.41,0.37,2026-08-21,816,N20,VIIRS,l,2.0NRT,306.77,3.04,D,VIIRS_NOAA20_NRT
10.90676,78.79072,337.1,0.41,0.37,2026-08-21,816,N20,VIIRS,l,2.0NRT,308.57,3.79,D,VIIRS_NOAA20_NRT
27.0781,73.81679,303.14,0.4,0.6,2026-08-21,2129,N21,VIIRS,n,2.0NRT,289.48,0.74,N,VIIRS_NOAA21_NRT
10.24649,77.21374,324.08,0.53,0.5,2026-08-21,1955,N21,VIIRS,n,2.0NRT,269.9,4.27,N,VIIRS_NOAA21_NRT
10.24561,77.22022,316.46,0.53,0.5,2026-08-21,1955,N21,VIIRS,n,2.0NRT,268.57,4.27,N,VIIRS_NOAA21_NRT
10.24489,77.22552,305.91,0.53,0.5,2026-08-21,1955,N21,VIIRS,n,2.0NRT,268.29,2.37,N,VIIRS_NOAA21_NRT
10.09406,77.23496,335.92,0.52,0.5,2026-08-21,1955,N21,VIIRS,n,2.0NRT,274.33,6.03,N,VIIRS_NOAA21_NRT
10.09354,77.23885,300.13,0.52,0.5,2026-08-21,1955,N21,VIIRS,n,2.0NRT,273.45,2.42,N,VIIRS_NOAA21_NRT
10.08932,77.23553,328.87,0.52,0.5,2026-08-21,1955,N21,VIIRS,n,2.0NRT,274.16,6.03,N,VIIRS_NOAA21_NRT
24.82004,73.09278,298.63,0.41,0.6,2026-08-21,2131,N21,VIIRS,n,2.0NRT,277.9,0.92,N,VIIRS_NOAA21_NRT
26.25637,74.09545,295.33,0.44,0.62,2026-08-21,2131,N21,VIIRS,n,2.0NRT,268.73,0.37,N,VIIRS_NOAA21_NRT
9.36586,78.66449,340.59,0.4,0.37,2026-08-21,813,N20,VIIRS,n,2.0NRT,308.73,6.32,D,VIIRS_NOAA20_NRT
9.39964,78.7998,334.22,0.4,0.37,2026-08-21,813,N20,VIIRS,l,2.0NRT,305.01,1.97,D,VIIRS_NOAA20_NRT
9.46058,77.93517,338.91,0.39,0.36,2026-08-21,813,N20,VIIRS,n,2.0NRT,302.82,3.24,D,VIIRS_NOAA20_NRT
9.46111,77.93867,345.08,0.39,0.36,2026-08-21,813,N20,VIIRS,n,2.0NRT,304.15,3.24,D,VIIRS_NOAA20_NRT
9.55428,78.28836,348.21,0.39,0.36,2026-08-21,813,N20,VIIRS,n,2.0NRT,310.48,8.67,D,VIIRS_NOAA20_NRT
9.56629,78.77435,335.88,0.4,0.37,2026-08-21,813,N20,VIIRS,n,2.0NRT,299.0,5.18,D,VIIRS_NOAA20_NRT
9.57572,78.31776,338.87,0.39,0.36,2026-08-21,813,N20,VIIRS,n,2.0NRT,307.25,5.01,D,VIIRS_NOAA20_NRT
9.57799,78.31016,340.05,0.39,0.36,2026-08-21,813,N20,VIIRS,n,2.0NRT,306.7,4.79,D,VIIRS_NOAA20_NRT
9.63681,77.75274,340.17,0.39,0.36,2026-08-21,813,N20,VIIRS,l,2.0NRT,311.74,7.12,D,VIIRS_NOAA20_NRT
9.6873,78.11195,334.47,0.39,0.36,2026-08-21,813,N20,VIIRS,l,2.0NRT,306.88,1.97,D,VIIRS_NOAA20_NRT
9.83491,78.12406,330.57,0.39,0.36,2026-08-21,813,N20,VIIRS,l,2.0NRT,300.74,2.45,D,VIIRS_NOAA20_NRT
9.36532,78.66089,339.1,0.4,0.37,2026-08-21,813,N20,VIIRS,n,2.0NRT,308.58,6.32,D,VIIRS_NOAA20_NRT
9.91944,78.34734,343.05,0.39,0.36,2026-08-21,813,N20,VIIRS,n,2.0NRT,303.09,3.79,D,VIIRS_NOAA20_NRT
9.91726,77.88062,340.62,0.39,0.36,2026-08-21,816,N20,VIIRS,n,2.0NRT,308.69,4.56,D,VIIRS_NOAA20_NRT
9.94108,77.94887,338.99,0.39,0.36,2026-08-21,816,N20,VIIRS,n,2.0NRT,303.92,3.52,D,VIIRS_NOAA20_NRT
10.00594,78.04284,331.05,0.39,0.36,2026-08-21,816,N20,VIIRS,n,2.0NRT,295.84,1.0,D,VIIRS_NOAA20_NRT
10.04691,77.9536,333.39,0.39,0.36,2026-08-21,816,N20,VIIRS,l,2.0NRT,303.77,6.6,D,VIIRS_NOAA20_NRT
10.0497,77.94958,347.7,0.39,0.36,2026-08-21,816,N20,VIIRS,n,2.0NRT,305.64,6.6,D,VIIRS_NOAA20_NRT
10.05023,77.95309,347.01,0.39,0.36,2026-08-21,816,N20,VIIRS,n,2.0NRT,303.4,6.6,D,VIIRS_NOAA20_NRT
10.40083,77.59858,336.57,0.39,0.36,2026-08-21,816,N20,VIIRS,n,2.0NRT,306.1,2.3,D,VIIRS_NOAA20_NRT
10.40833,77.98684,340.67,0.39,0.36,2026-08-21,816,N20,VIIRS,n,2.0NRT,298.48,3.38,D,VIIRS_NOAA20_NRT
10.42592,77.87876,341.73,0.39,0.36,2026-08-21,816,N20,VIIRS,n,2.0NRT,308.81,7.37,D,VIIRS_NOAA20_NRT
10.8054,77.76113,340.48,0.39,0.36,2026-08-21,816,N20,VIIRS,n,2.0NRT,309.96,4.65,D,VIIRS_NOAA20_NRT
10.82362,78.51756,333.02,0.4,0.37,2026-08-21,816,N20,VIIRS,l,2.0NRT,305.17,2.64,D,VIIRS_NOAA20_NRT
10.8357,78.05394,340.99,0.39,0.36,2026-08-21,816,N20,VIIRS,l,2.0NRT,311.62,4.7,D,VIIRS_NOAA20_NRT
10.84437,78.89214,337.08,0.41,0.37,2026-08-21,816,N20,VIIRS,n,2.0NRT,303.04,1.88,D,VIIRS_NOAA20_NRT
10.86226,78.60471,335.58,0.4,0.37,2026-08-21,816,N20,VIIRS,l,2.0NRT,306.96,5.59,D,VIIRS_NOAA20_NRT
9.91187,77.39479,333.92,0.38,0.36,2026-08-21,816,N20,VIIRS,n,2.0NRT,302.13,1.93,D,VIIRS_NOAA20_NRT
9.34447,78.8119,345.55,0.4,0.37,2026-08-21,813,N20,VIIRS,n,2.0NRT,309.19,6.08,D,VIIRS_NOAA20_NRT
9.57466,78.31066,340.16,0.39,0.36,2026-08-21,813,N20,VIIRS,n,2.0NRT,307.06,4.64,D,VIIRS_NOAA20_NRT
9.3411,78.81241,343.64,0.4,0.37,2026-08-21,813,N20,VIIRS,n,2.0NRT,307.32,6.08,D,VIIRS_NOAA20_NRT
8.6787,78.06282,340.22,0.39,0.36,2026-08-21,813,N20,VIIRS,n,2.0NRT,305.0,2.79,D,VIIRS_NOAA20_NRT
9.62576,77.42727,295.09,0.78,0.78,2026-08-22,2116,N21,VIIRS,n,2.0NRT,280.75,3.12,N,VIIRS_NOAA21_NRT
23.73342,86.43871,304.54,0.41,0.45,2026-08-22,1932,N21,VIIRS,n,2.0NRT,282.81,1.14,N,VIIRS_NOAA21_NRT
23.72473,86.44157,305.43,0.41,0.45,2026-08-22,1932,N21,VIIRS,n,2.0NRT,282.04,1.93,N,VIIRS_NOAA21_NRT
23.72299,86.42089,307.0,0.41,0.45,2026-08-22,1932,N21,VIIRS,n,2.0NRT,283.06,1.36,N,VIIRS_NOAA21_NRT
23.71888,86.42031,306.78,0.41,0.45,2026-08-22,1932,N21,VIIRS,n,2.0NRT,282.13,1.36,N,VIIRS_NOAA21_NRT
23.71651,86.44041,305.07,0.41,0.45,2026-08-22,1932,N21,VIIRS,n,2.0NRT,281.79,2.13,N,VIIRS_NOAA21_NRT
23.71429,86.42374,308.97,0.41,0.45,2026-08-22,1932,N21,VIIRS,n,2.0NRT,282.45,2.23,N,VIIRS_NOAA21_NRT
23.71099,86.45187,316.91,0.41,0.45,2026-08-22,1932,N21,VIIRS,n,2.0NRT,282.31,2.74,N,VIIRS_NOAA21_NRT
23.68847,86.08707,304.31,0.43,0.46,2026-08-22,1932,N21,VIIRS,n,2.0NRT,280.98,1.1,N,VIIRS_NOAA21_NRT
23.68464,86.39088,309.15,0.41,0.45,2026-08-22,1932,N21,VIIRS,n,2.0NRT,280.8,1.83,N,VIIRS_NOAA21_NRT
23.68417,86.39498,313.06,0.41,0.45,2026-08-22,1932,N21,VIIRS,n,2.0NRT,280.8,1.83,N,VIIRS_NOAA21_NRT
23.67959,86.3984,306.08,0.41,0.45,2026-08-22,1932,N21,VIIRS,n,2.0NRT,278.54,1.17,N,VIIRS_NOAA21_NRT
23.67658,86.39794,313.83,0.41,0.45,2026-08-22,1932,N21,VIIRS,n,2.0NRT,277.05,1.76,N,VIIRS_NOAA21_NRT
23.67609,86.40195,304.23,0.41,0.45,2026-08-22,1932,N21,VIIRS,n,2.0NRT,275.82,1.76,N,VIIRS_NOAA21_NRT
23.67594,86.39375,300.5,0.41,0.45,2026-08-22,1932,N21,VIIRS,n,2.0NRT,277.19,0.43,N,VIIRS_NOAA21_NRT
23.73438,86.43067,304.46,0.41,0.45,2026-08-22,1932,N21,VIIRS,n,2.0NRT,281.98,1.76,N,VIIRS_NOAA21_NRT
23.67586,86.08545,305.7,0.43,0.46,2026-08-22,1932,N21,VIIRS,n,2.0NRT,282.55,1.83,N,VIIRS_NOAA21_NRT
23.67502,86.40179,305.32,0.41,0.45,2026-08-22,1932,N21,VIIRS,n,2.0NRT,276.58,1.28,N,VIIRS_NOAA21_NRT
23.66648,86.09274,303.66,0.43,0.46,2026-08-22,1932,N21,VIIRS,n,2.0NRT,282.02,1.05,N,VIIRS_NOAA21_NRT
23.66484,84.99831,307.18,0.5,0.49,2026-08-22,1932,N21,VIIRS,n,2.0NRT,279.12,1.88,N,VIIRS_NOAA21_NRT
23.65716,85.50877,305.01,0.47,0.47,2026-08-22,1932,N21,VIIRS,n,2.0NRT,280.24,1.5,N,VIIRS_NOAA21_NRT
23.64755,85.43784,327.96,0.47,0.48,2026-08-22,1932,N21,VIIRS,n,2.0NRT,283.15,5.55,N,VIIRS_NOAA21_NRT
23.616,86.79124,295.4,0.39,0.44,2026-08-22,1932,N21,VIIRS,n,2.0NRT,268.0,0.82,N,VIIRS_NOAA21_NRT
23.60728,85.67543,305.11,0.45,0.47,2026-08-22,1932,N21,VIIRS,n,2.0NRT,281.7,1.5,N,VIIRS_NOAA21_NRT
22.87479,86.06349,310.39,0.42,0.45,2026-08-22,1932,N21,VIIRS,n,2.0NRT,278.8,1.19,N,VIIRS_NOAA21_NRT
22.79764,86.09138,299.01,0.42,0.45,2026-08-22,1932,N21,VIIRS,n,2.0NRT,274.78,1.16,N,VIIRS_NOAA21_NRT
22.79656,86.20597,303.93,0.41,0.45,2026-08-22,1932,N21,VIIRS,n,2.0NRT,278.65,1.51,N,VIIRS_NOAA21_NRT
22.79196,86.20944,304.11,0.41,0.45,2026-08-22,1932,N21,VIIRS,n,2.0NRT,279.24,1.56,N,VIIRS_NOAA21_NRT
22.58739,85.90622,295.89,0.43,0.46,2026-08-22,1932,N21,VIIRS,n,2.0NRT,270.98,0.5,N,VIIRS_NOAA21_NRT
22.57158,85.89577,304.16,0.43,0.46,2026-08-22,1932,N21,VIIRS,n,2.0NRT,280.21,1.74,N,VIIRS_NOAA21_NRT
20.97333,86.00673,303.25,0.4,0.44,2026-08-22,1932,N21,VIIRS,n,2.0NRT,276.26,1.48,N,VIIRS_NOAA21_NRT
23.67548,86.39777,310.03,0.41,0.45,2026-08-22,1932,N21,VIIRS,n,2.0NRT,277.49,1.28,N,VIIRS_NOAA21_NRT
23.73801,86.43526,321.21,0.41,0.45,2026-08-22,1932,N21,VIIRS,n,2.0NRT,282.21,1.76,N,VIIRS_NOAA21_NRT
23.73849,86.43127,305.03,0.41,0.45,2026-08-22,1932,N21,VIIRS,n,2.0NRT,281.43,1.76,N,VIIRS_NOAA21_NRT
23.75273,86.41698,310.47,0.41,0.45,2026-08-22,1932,N21,VIIRS,n,2.0NRT,282.96,1.62,N,VIIRS_NOAA21_NRT
24.12137,86.86515,302.81,0.39,0.44,2026-08-22,1932,N21,VIIRS,n,2.0NRT,281.78,0.37,N,VIIRS_NOAA21_NRT
24.11378,86.86015,315.62,0.39,0.44,2026-08-22,1932,N21,VIIRS,n,2.0NRT,282.24,2.06,N,VIIRS_NOAA21_NRT
23.82208,84.5723,300.45,0.54,0.51,2026-08-22,1932,N21,VIIRS,n,2.0NRT,271.34,1.33,N,VIIRS_NOAA21_NRT
23.80397,86.32408,318.77,0.42,0.45,2026-08-22,1932,N21,VIIRS,n,2.0NRT,283.04,2.73,N,VIIRS_NOAA21_NRT
23.8035,86.32822,322.66,0.42,0.45,2026-08-22,1932,N21,VIIRS,n,2.0NRT,283.66,2.73,N,VIIRS_NOAA21_NRT
23.80303,86.33231,315.43,0.42,0.45,2026-08-22,1932,N21,VIIRS,n,2.0NRT,283.14,2.69,N,VIIRS_NOAA21_NRT
23.79657,86.35204,321.86,0.42,0.45,2026-08-22,1932,N21,VIIRS,n,2.0NRT,283.16,4.0,N,VIIRS_NOAA21_NRT
23.78165,86.20951,308.3,0.42,0.45,2026-08-22,1932,N21,VIIRS,n,2.0NRT,283.19,1.8,N,VIIRS_NOAA21_NRT
23.78133,86.38822,307.36,0.41,0.45,2026-08-22,1932,N21,VIIRS,n,2.0NRT,282.54,1.36,N,VIIRS_NOAA21_NRT
23.78085,86.39223,312.07,0.41,0.45,2026-08-22,1932,N21,VIIRS,n,2.0NRT,283.04,1.36,N,VIIRS_NOAA21_NRT
23.77999,86.38698,305.25,0.41,0.45,2026-08-22,1932,N21,VIIRS,n,2.0NRT,282.07,2.34,N,VIIRS_NOAA21_NRT
23.77953,86.39101,321.81,0.41,0.45,2026-08-22,1932,N21,VIIRS,n,2.0NRT,283.06,2.34,N,VIIRS_NOAA21_NRT
23.77917,86.37136,304.31,0.41,0.45,2026-08-22,1932,N21,VIIRS,n,2.0NRT,282.56,1.09,N,VIIRS_NOAA21_NRT
23.77748,86.20891,307.56,0.42,0.45,2026-08-22,1932,N21,VIIRS,n,2.0NRT,283.22,1.8,N,VIIRS_NOAA21_NRT
23.77721,86.38763,321.98,0.41,0.45,2026-08-22,1932,N21,VIIRS,n,2.0NRT,283.63,2.26,N,VIIRS_NOAA21_NRT
23.7768,85.99547,299.36,0.44,0.46,2026-08-22,1932,N21,VIIRS,n,2.0NRT,276.54,0.83,N,VIIRS_NOAA21_NRT
23.77673,86.39163,304.84,0.41,0.45,2026-08-22,1932,N21,VIIRS,n,2.0NRT,283.2,2.26,N,VIIRS_NOAA21_NRT
23.75422,85.85241,313.16,0.45,0.47,2026-08-22,1932,N21,VIIRS,n,2.0NRT,283.22,1.81,N,VIIRS_NOAA21_NRT
23.75516,86.39672,306.59,0.41,0.45,2026-08-22,1932,N21,VIIRS,n,2.0NRT,283.74,2.24,N,VIIRS_NOAA21_NRT
23.7583,86.40547,308.8,0.41,0.45,2026-08-22,1932,N21,VIIRS,n,2.0NRT,283.33,1.76,N,VIIRS_NOAA21_NRT
23.75879,86.40139,311.84,0.41,0.45,2026-08-22,1932,N21,VIIRS,n,2.0NRT,283.66,1.76,N,VIIRS_NOAA21_NRT
23.76242,86.40607,310.94,0.41,0.45,2026-08-22,1932,N21,VIIRS,n,2.0NRT,283.46,1.81,N,VIIRS_NOAA21_NRT
23.76291,86.40199,314.31,0.41,0.45,2026-08-22,1932,N21,VIIRS,n,2.0NRT,283.6,1.81,N,VIIRS_NOAA21_NRT
20.96878,86.01003,321.97,0.4,0.44,2026-08-22,1932,N21,VIIRS,n,2.0NRT,275.97,1.48,N,VIIRS_NOAA21_NRT
23.76388,86.39387,307.45,0.41,0.45,2026-08-22,1932,N21,VIIRS,n,2.0NRT,284.08,3.06,N,VIIRS_NOAA21_NRT
23.76703,86.40255,317.39,0.41,0.45,2026-08-22,1932,N21,VIIRS,n,2.0NRT,283.71,1.81,N,VIIRS_NOAA21_NRT
23.7714,86.36617,305.57,0.41,0.45,2026-08-22,1932,N21,VIIRS,n,2.0NRT,283.03,0.79,N,VIIRS_NOAA21_NRT
23.77189,86.36209,303.78,0.42,0.45,2026-08-22,1932,N21,VIIRS,n,2.0NRT,282.53,0.79,N,VIIRS_NOAA21_NRT
23.7721,85.99903,295.9,0.44,0.46,2026-08-22,1932,N21,VIIRS,n,2.0NRT,272.08,0.33,N,VIIRS_NOAA21_NRT
23.77553,86.36674,306.45,0.41,0.45,2026-08-22,1932,N21,VIIRS,n,2.0NRT,282.87,1.14,N,VIIRS_NOAA21_NRT
23.77603,86.36266,307.98,0.42,0.45,2026-08-22,1932,N21,VIIRS,n,2.0NRT,282.62,1.14,N,VIIRS_NOAA21_NRT
23.76654,86.40663,314.25,0.41,0.45,2026-08-22,1932,N21,VIIRS,n,2.0NRT,283.42,1.81,N,VIIRS_NOAA21_NRT
20.95187,86.04675,310.45,0.4,0.44,2026-08-22,1932,N21,VIIRS,n,2.0NRT,275.47,2.11,N,VIIRS_NOAA21_NRT
20.86294,84.98755,302.98,0.46,0.47,2026-08-22,1932,N21,VIIRS,n,2.0NRT,277.99,1.6,N,VIIRS_NOAA21_NRT
27.90663,95.66188,307.39,0.42,0.38,2026-08-22,1930,N21,VIIRS,n,2.0NRT,292.62,3.67,N,VIIRS_NOAA21_NRT
29.46,76.86426,367.0,0.53,0.67,2026-08-22,705,N21,VIIRS,h,2.0NRT,290.49,52.02,D,VIIRS_NOAA21_NRT
29.45864,76.85911,330.26,0.53,0.67,2026-08-22,705,N21,VIIRS,n,2.0NRT,290.01,30.37,D,VIIRS_NOAA21_NRT
22.37667,87.27975,338.08,0.53,0.42,2026-08-22,703,N21,VIIRS,n,2.0NRT,293.11,8.72,D,VIIRS_NOAA21_NRT
22.37735,87.28273,330.92,0.53,0.42,2026-08-22,703,N21,VIIRS,n,2.0NRT,293.4,9.32,D,VIIRS_NOAA21_NRT
23.64585,85.43987,332.83,0.42,0.46,2026-08-22,703,N21,VIIRS,n,2.0NRT,289.32,8.73,D,VIIRS_NOAA21_NRT
23.66378,87.15511,333.81,0.51,0.41,2026-08-22,703,N21,VIIRS,n,2.0NRT,295.92,6.29,D,VIIRS_NOAA21_NRT
23.67692,86.3983,332.68,0.56,0.43,2026-08-22,703,N21,VIIRS,n,2.0NRT,294.29,7.84,D,VIIRS_NOAA21_NRT
27.1462,88.45207,340.92,0.41,0.37,2026-08-22,705,N21,VIIRS,n,2.0NRT,295.38,5.8,D,VIIRS_NOAA21_NRT
29.45838,76.86343,367.0,0.53,0.67,2026-08-22,705,N21,VIIRS,h,2.0NRT,291.86,44.95,D,VIIRS_NOAA21_NRT
23.66538,87.15651,332.25,0.51,0.41,2026-08-22,703,N21,VIIRS,n,2.0NRT,296.03,4.52,D,VIIRS_NOAA21_NRT
25.54005,91.23735,298.55,0.4,0.37,2026-08-22,1932,N21,VIIRS,n,2.0NRT,280.35,0.48,N,VIIRS_NOAA21_NRT
27.46791,95.42184,303.96,0.42,0.37,2026-08-22,1930,N21,VIIRS,n,2.0NRT,277.22,0.75,N,VIIRS_NOAA21_NRT
29.45823,76.87273,350.27,0.49,0.65,2026-08-22,845,N21,VIIRS,n,2.0NRT,291.98,24.83,D,VIIRS_NOAA21_NRT
29.45792,76.86768,352.46,0.49,0.65,2026-08-22,845,N21,VIIRS,n,2.0NRT,292.96,24.83,D,VIIRS_NOAA21_NRT
29.45762,76.86265,329.18,0.49,0.65,2026-08-22,845,N21,VIIRS,n,2.0NRT,292.79,12.13,D,VIIRS_NOAA21_NRT
29.45525,76.87004,329.19,0.49,0.65,2026-08-22,845,N21,VIIRS,n,2.0NRT,292.01,9.06,D,VIIRS_NOAA21_NRT
27.43514,70.78793,340.31,0.4,0.44,2026-08-22,845,N21,VIIRS,n,2.0NRT,305.64,3.19,D,VIIRS_NOAA21_NRT
9.18167,78.42713,335.64,0.36,0.57,2026-08-22,839,N21,VIIRS,n,2.0NRT,295.68,1.39,D,VIIRS_NOAA21_NRT
9.2724,77.87881,331.47,0.33,0.55,2026-08-22,841,N21,VIIRS,n,2.0NRT,272.12,2.79,D,VIIRS_NOAA21_NRT
9.42338,78.84542,336.06,0.38,0.59,2026-08-22,841,N21,VIIRS,n,2.0NRT,295.17,3.0,D,VIIRS_NOAA21_NRT
9.45034,78.84183,352.32,0.38,0.59,2026-08-22,841,N21,VIIRS,n,2.0NRT,298.5,5.93,D,VIIRS_NOAA21_NRT
21.10395,72.64455,338.21,0.43,0.46,2026-08-22,843,N21,VIIRS,n,2.0NRT,290.65,5.3,D,VIIRS_NOAA21_NRT
29.45857,76.8695,339.11,0.38,0.36,2026-08-22,801,N20,VIIRS,n,2.0NRT,296.9,29.94,D,VIIRS_NOAA20_NRT
29.46125,76.86491,337.25,0.38,0.36,2026-08-22,801,N20,VIIRS,n,2.0NRT,297.42,29.94,D,VIIRS_NOAA20_NRT
27.32765,95.27467,308.85,0.39,0.59,2026-08-22,1845,N20,VIIRS,n,2.0NRT,287.34,3.06,N,VIIRS_NOAA20_NRT
28.33879,77.21997,300.38,0.46,0.39,2026-08-22,2025,N20,VIIRS,n,2.0NRT,282.62,0.61,N,VIIRS_NOAA20_NRT
29.4581,76.86677,312.68,0.49,0.4,2026-08-22,2025,N20,VIIRS,n,2.0NRT,291.19,3.32,N,VIIRS_NOAA20_NRT
20.86397,84.99087,305.36,0.44,0.46,2026-08-22,2027,N20,VIIRS,n,2.0NRT,281.18,1.38,N,VIIRS_NOAA20_NRT
20.86482,84.9866,305.73,0.44,0.46,2026-08-22,2027,N20,VIIRS,n,2.0NRT,280.83,1.38,N,VIIRS_NOAA20_NRT
20.96893,86.00884,299.75,0.51,0.49,2026-08-22,2027,N20,VIIRS,n,2.0NRT,273.37,0.91,N,VIIRS_NOAA20_NRT
20.96992,86.00403,304.73,0.51,0.49,2026-08-22,2027,N20,VIIRS,n,2.0NRT,274.33,0.91,N,VIIRS_NOAA20_NRT
21.00268,86.02658,302.8,0.51,0.49,2026-08-22,2027,N20,VIIRS,n,2.0NRT,274.23,1.06,N,VIIRS_NOAA20_NRT
21.10335,72.63428,339.93,0.44,0.46,2026-08-22,2027,N20,VIIRS,n,2.0NRT,291.35,5.75,N,VIIRS_NOAA20_NRT
21.10608,72.64758,314.44,0.44,0.46,2026-08-22,2027,N20,VIIRS,n,2.0NRT,290.11,6.91,N,VIIRS_NOAA20_NRT
21.10659,72.64334,339.42,0.44,0.46,2026-08-22,2027,N20,VIIRS,n,2.0NRT,290.38,10.55,N,VIIRS_NOAA20_NRT
21.11185,72.63547,306.57,0.44,0.46,2026-08-22,2027,N20,VIIRS,n,2.0NRT,289.53,2.42,N,VIIRS_NOAA20_NRT
21.75515,83.8454,296.76,0.55,0.43,2026-08-22,2027,N20,VIIRS,n,2.0NRT,282.97,1.12,N,VIIRS_NOAA20_NRT
21.92231,83.34942,303.87,0.51,0.41,2026-08-22,2027,N20,VIIRS,n,2.0NRT,283.87,1.9,N,VIIRS_NOAA20_NRT
22.00303,82.67159,297.66,0.48,0.4,2026-08-22,2027,N20,VIIRS,n,2.0NRT,273.93,0.95,N,VIIRS_NOAA20_NRT
22.00384,82.66708,303.09,0.48,0.4,2026-08-22,2027,N20,VIIRS,n,2.0NRT,276.74,1.15,N,VIIRS_NOAA20_NRT
22.01529,83.75329,305.48,0.54,0.42,2026-08-22,2027,N20,VIIRS,n,2.0NRT,286.03,1.78,N,VIIRS_NOAA20_NRT
22.13482,85.38378,296.32,0.44,0.46,2026-08-22,2027,N20,VIIRS,n,2.0NRT,272.94,0.5,N,VIIRS_NOAA20_NRT
22.32,82.56749,298.3,0.47,0.39,2026-08-22,2027,N20,VIIRS,n,2.0NRT,270.71,0.68,N,VIIRS_NOAA20_NRT
20.96815,86.00194,305.77,0.51,0.49,2026-08-22,2027,N20,VIIRS,n,2.0NRT,275.25,1.79,N,VIIRS_NOAA20_NRT
27.43431,70.793,336.22,0.46,0.47,2026-08-22,801,N20,VIIRS,n,2.0NRT,303.02,4.25,D,VIIRS_NOAA20_NRT
27.42161,70.90594,342.23,0.46,0.47,2026-08-22,801,N20,VIIRS,n,2.0NRT,303.25,4.14,D,VIIRS_NOAA20_NRT
15.20626,77.16861,336.29,0.48,0.4,2026-08-22,758,N20,VIIRS,l,2.0NRT,295.59,8.04,D,VIIRS_NOAA20_NRT
15.2055,77.16421,342.71,0.48,0.4,2026-08-22,758,N20,VIIRS,n,2.0NRT,297.27,11.1,D,VIIRS_NOAA20_NRT
15.20262,77.16927,336.63,0.48,0.4,2026-08-22,758,N20,VIIRS,l,2.0NRT,297.13,11.0,D,VIIRS_NOAA20_NRT
12.45388,79.08898,334.18,0.42,0.38,2026-08-22,756,N20,VIIRS,l,2.0NRT,305.99,3.62,D,VIIRS_NOAA20_NRT
11.77874,79.49855,330.79,0.42,0.37,2026-08-22,756,N20,VIIRS,l,2.0NRT,296.19,3.48,D,VIIRS_NOAA20_NRT
11.72647,78.68995,333.28,0.45,0.39,2026-08-22,756,N20,VIIRS,n,2.0NRT,299.04,3.48,D,VIIRS_NOAA20_NRT
11.32219,78.36883,334.58,0.47,0.4,2026-08-22,756,N20,VIIRS,n,2.0NRT,297.03,10.39,D,VIIRS_NOAA20_NRT
22.3208,82.56306,301.62,0.47,0.39,2026-08-22,2027,N20,VIIRS,n,2.0NRT,271.16,0.68,N,VIIRS_NOAA20_NRT
10.95061,76.98169,331.47,0.56,0.43,2026-08-22,756,N20,VIIRS,n,2.0NRT,290.59,2.18,D,VIIRS_NOAA20_NRT
9.2991,77.3353,337.3,0.57,0.43,2026-08-22,756,N20,VIIRS,n,2.0NRT,294.32,5.79,D,VIIRS_NOAA20_NRT
9.29291,77.32247,336.47,0.57,0.43,2026-08-22,756,N20,VIIRS,n,2.0NRT,293.93,11.93,D,VIIRS_NOAA20_NRT
9.28679,77.33433,330.81,0.57,0.43,2026-08-22,756,N20,VIIRS,n,2.0NRT,293.38,6.25,D,VIIRS_NOAA20_NRT
9.2829,77.33524,345.97,0.57,0.43,2026-08-22,756,N20,VIIRS,n,2.0NRT,294.58,17.53,D,VIIRS_NOAA20_NRT
9.20352,78.30371,333.68,0.5,0.41,2026-08-22,756,N20,VIIRS,n,2.0NRT,302.82,1.62,D,VIIRS_NOAA20_NRT
22.80076,86.0909,311.78,0.48,0.48,2026-08-22,2027,N20,VIIRS,n,2.0NRT,282.33,2.11,N,VIIRS_NOAA20_NRT
23.64876,85.43883,317.96,0.42,0.45,2026-08-22,2027,N20,VIIRS,n,2.0NRT,280.79,2.37,N,VIIRS_NOAA20_NRT
10.23955,77.2112,300.55,0.39,0.36,2026-08-22,2032,N20,VIIRS,n,2.0NRT,279.32,1.0,N,VIIRS_NOAA20_NRT
10.24232,77.21516,301.37,0.39,0.36,2026-08-22,2032,N20,VIIRS,n,2.0NRT,278.85,1.0,N,VIIRS_NOAA20_NRT
10.61762,77.42123,308.25,0.39,0.36,2026-08-22,2032,N20,VIIRS,n,2.0NRT,293.57,0.95,N,VIIRS_NOAA20_NRT
10.68492,77.50858,312.86,0.39,0.37,2026-08-22,2032,N20,VIIRS,n,2.0NRT,293.28,1.24,N,VIIRS_NOAA20_NRT
10.92371,77.06046,303.12,0.39,0.36,2026-08-22,2032,N20,VIIRS,n,2.0NRT,292.05,0.32,N,VIIRS_NOAA20_NRT
10.92976,77.06505,307.27,0.39,0.36,2026-08-22,2032,N20,VIIRS,n,2.0NRT,291.69,0.81,N,VIIRS_NOAA20_NRT
11.18339,79.09859,303.85,0.44,0.38,2026-08-22,2032,N20,VIIRS,n,2.0NRT,286.39,0.93,N,VIIRS_NOAA20_NRT
11.25874,77.70227,301.2,0.4,0.37,2026-08-22,2032,N20,VIIRS,n,2.0NRT,277.19,0.33,N,VIIRS_NOAA20_NRT
11.8086,77.92253,314.27,0.4,0.37,2026-08-22,2032,N20,VIIRS,n,2.0NRT,284.16,1.3,N,VIIRS_NOAA20_NRT
11.81195,77.92308,308.09,0.4,0.37,2026-08-22,2032,N20,VIIRS,n,2.0NRT,284.27,0.85,N,VIIRS_NOAA20_NRT
11.81588,77.92001,304.56,0.4,0.37,2026-08-22,2032,N20,VIIRS,n,2.0NRT,285.52,0.85,N,VIIRS_NOAA20_NRT
11.81647,77.9164,309.18,0.4,0.37,2026-08-22,2032,N20,VIIRS,n,2.0NRT,285.3,1.24,N,VIIRS_NOAA20_NRT
23.40824,72.41575,303.37,0.4,0.44,2026-08-22,2114,N21,VIIRS,n,2.0NRT,292.03,0.72,N,VIIRS_NOAA21_NRT
21.43299,72.97752,310.47,0.47,0.48,2026-08-22,2114,N21,VIIRS,n,2.0NRT,291.75,2.15,N,VIIRS_NOAA21_NRT
21.43188,72.97569,307.25,0.47,0.48,2026-08-22,2114,N21,VIIRS,n,2.0NRT,291.64,1.58,N,VIIRS_NOAA21_NRT
21.1023,72.63681,321.2,0.46,0.47,2026-08-22,2114,N21,VIIRS,n,2.0NRT,289.79,3.0,N,VIIRS_NOAA21_NRT
10.0775,77.2383,302.68,0.56,0.69,2026-08-22,1936,N21,VIIRS,n,2.0NRT,288.38,1.41,N,VIIRS_NOAA21_NRT
10.08148,77.23804,303.41,0.56,0.69,2026-08-22,1936,N21,VIIRS,n,2.0NRT,288.31,1.61,N,VIIRS_NOAA21_NRT
10.23901,77.21459,316.59,0.39,0.36,2026-08-22,2032,N20,VIIRS,n,2.0NRT,278.66,1.0,N,VIIRS_NOAA20_NRT
10.59398,78.44864,308.07,0.47,0.64,2026-08-22,1936,N21,VIIRS,n,2.0NRT,288.38,1.01,N,VIIRS_NOAA21_NRT
24.6572,73.87634,304.12,0.47,0.47,2026-08-22,2112,N21,VIIRS,n,2.0NRT,293.14,1.08,N,VIIRS_NOAA21_NRT
24.66185,74.63312,307.91,0.52,0.5,2026-08-22,2112,N21,VIIRS,n,2.0NRT,292.76,2.01,N,VIIRS_NOAA21_NRT
24.93308,74.63296,307.26,0.51,0.5,2026-08-22,2112,N21,VIIRS,n,2.0NRT,292.86,1.44,N,VIIRS_NOAA21_NRT
24.9345,74.6351,305.76,0.51,0.49,2026-08-22,2112,N21,VIIRS,n,2.0NRT,292.62,1.22,N,VIIRS_NOAA21_NRT
26.25694,74.09481,309.59,0.45,0.47,2026-08-22,2112,N21,VIIRS,n,2.0NRT,293.38,1.3,N,VIIRS_NOAA21_NRT
22.87493,86.06339,307.34,0.47,0.48,2026-08-22,2027,N20,VIIRS,n,2.0NRT,276.88,0.99,N,VIIRS_NOAA20_NRT
8.74051,77.59778,296.69,0.41,0.37,2026-08-22,2032,N20,VIIRS,n,2.0NRT,268.68,0.78,N,VIIRS_NOAA20_NRT
23.7804,86.20914,318.35,0.46,0.47,2026-08-22,2027,N20,VIIRS,n,2.0NRT,275.53,2.25,N,VIIRS_NOAA20_NRT
23.76508,86.40316,303.43,0.48,0.48,2026-08-22,2027,N20,VIIRS,n,2.0NRT,258.66,1.05,N,VIIRS_NOAA20_NRT
23.76075,86.40213,300.03,0.48,0.48,2026-08-22,2027,N20,VIIRS,n,2.0NRT,257.5,1.05,N,VIIRS_NOAA20_NRT
23.75904,85.8523,301.91,0.44,0.46,2026-08-22,2027,N20,VIIRS,n,2.0NRT,277.38,1.26,N,VIIRS_NOAA20_NRT
23.75485,85.85135,305.09,0.44,0.46,2026-08-22,2027,N20,VIIRS,n,2.0NRT,277.75,1.26,N,VIIRS_NOAA20_NRT
23.74177,85.00876,306.46,0.4,0.44,2026-08-22,2027,N20,VIIRS,n,2.0NRT,283.42,1.97,N,VIIRS_NOAA20_NRT
23.78159,86.345,305.43,0.47,0.48,2026-08-22,2027,N20,VIIRS,n,2.0NRT,276.18,1.65,N,VIIRS_NOAA20_NRT
23.74022,86.43286,298.64,0.48,0.48,2026-08-22,2027,N20,VIIRS,n,2.0NRT,261.79,2.53,N,VIIRS_NOAA20_NRT
23.72109,85.00806,305.36,0.4,0.44,2026-08-22,2027,N20,VIIRS,n,2.0NRT,282.85,0.74,N,VIIRS_NOAA20_NRT
23.71044,86.44514,298.48,0.48,0.48,2026-08-22,2027,N20,VIIRS,n,2.0NRT,264.09,2.3,N,VIIRS_NOAA20_NRT
23.6965,85.3699,313.84,0.42,0.45,2026-08-22,2027,N20,VIIRS,n,2.0NRT,280.59,1.61,N,VIIRS_NOAA20_NRT
23.68413,86.39545,295.78,0.48,0.48,2026-08-22,2027,N20,VIIRS,n,2.0NRT,256.81,0.66,N,VIIRS_NOAA20_NRT
23.67979,86.39445,296.27,0.48,0.48,2026-08-22,2027,N20,VIIRS,n,2.0NRT,257.0,0.66,N,VIIRS_NOAA20_NRT
23.65643,85.50846,301.58,0.42,0.45,2026-08-22,2027,N20,VIIRS,n,2.0NRT,272.26,0.71,N,VIIRS_NOAA20_NRT
23.73578,86.4348,298.59,0.48,0.48,2026-08-22,2027,N20,VIIRS,n,2.0NRT,263.15,2.34,N,VIIRS_NOAA20_NRT
23.78274,86.20814,314.32,0.46,0.47,2026-08-22,2027,N20,VIIRS,n,2.0NRT,274.92,1.46,N,VIIRS_NOAA20_NRT
23.79524,86.23467,300.12,0.47,0.47,2026-08-22,2027,N20,VIIRS,n,2.0NRT,274.38,0.42,N,VIIRS_NOAA20_NRT
23.78721,85.55401,307.75,0.42,0.46,2026-08-22,2027,N20,VIIRS,n,2.0NRT,278.23,0.8,N,VIIRS_NOAA20_NRT
26.25696,74.09583,299.44,0.42,0.45,2026-08-22,2027,N20,VIIRS,n,2.0NRT,286.73,0.22,N,VIIRS_NOAA20_NRT
24.76343,74.60846,309.22,0.56,0.43,2026-08-22,2027,N20,VIIRS,n,2.0NRT,291.91,1.66,N,VIIRS_NOAA20_NRT
24.661,74.63132,303.41,0.56,0.43,2026-08-22,2027,N20,VIIRS,n,2.0NRT,290.51,1.23,N,VIIRS_NOAA20_NRT
23.80441,86.32185,314.37,0.47,0.48,2026-08-22,2027,N20,VIIRS,n,2.0NRT,278.84,3.96,N,VIIRS_NOAA20_NRT
23.79793,86.35358,312.09,0.47,0.48,2026-08-22,2027,N20,VIIRS,n,2.0NRT,278.26,2.19,N,VIIRS_NOAA20_NRT
16.07088,79.09984,317.51,0.4,0.37,2026-08-22,2029,N20,VIIRS,n,2.0NRT,290.36,2.05,N,VIIRS_NOAA20_NRT
23.80258,86.33081,319.81,0.47,0.48,2026-08-22,2027,N20,VIIRS,n,2.0NRT,279.36,3.4,N,VIIRS_NOAA20_NRT
10.90538,78.5389,341.88,0.61,0.53,2026-08-23,737,N20,VIIRS,n,2.0NRT,291.32,10.05,D,VIIRS_NOAA20_NRT
10.90437,78.53344,340.56,0.61,0.53,2026-08-23,737,N20,VIIRS,n,2.0NRT,292.03,10.56,D,VIIRS_NOAA20_NRT
9.9144,78.20298,338.69,0.33,0.56,2026-08-23,737,N20,VIIRS,n,2.0NRT,294.36,5.55,D,VIIRS_NOAA20_NRT
8.44259,77.65411,340.55,0.39,0.59,2026-08-23,737,N20,VIIRS,n,2.0NRT,301.35,2.73,D,VIIRS_NOAA20_NRT
10.90665,78.5351,345.92,0.61,0.53,2026-08-23,737,N20,VIIRS,n,2.0NRT,292.03,19.65,D,VIIRS_NOAA20_NRT
28.08151,95.72957,337.37,0.39,0.36,2026-08-23,646,N21,VIIRS,n,2.0NRT,296.07,3.99,D,VIIRS_NOAA21_NRT
12.66366,79.68339,333.57,0.47,0.48,2026-08-23,737,N20,VIIRS,n,2.0NRT,295.51,3.51,D,VIIRS_NOAA20_NRT
15.13026,77.57384,332.19,0.59,0.53,2026-08-23,737,N20,VIIRS,n,2.0NRT,286.74,3.87,D,VIIRS_NOAA20_NRT
21.10283,72.63239,315.35,0.45,0.63,2026-08-23,2010,N20,VIIRS,n,2.0NRT,288.47,1.66,N,VIIRS_NOAA20_NRT
21.10242,72.63674,303.85,0.45,0.63,2026-08-23,2010,N20,VIIRS,n,2.0NRT,288.59,1.66,N,VIIRS_NOAA20_NRT
18.68132,73.03327,296.61,0.39,0.6,2026-08-23,2010,N20,VIIRS,n,2.0NRT,286.61,1.48,N,VIIRS_NOAA20_NRT
18.68086,73.03121,297.68,0.39,0.6,2026-08-23,2010,N20,VIIRS,n,2.0NRT,285.37,1.5,N,VIIRS_NOAA20_NRT
29.46122,76.88956,307.93,0.6,0.53,2026-08-23,2008,N20,VIIRS,n,2.0NRT,290.09,3.65,N,VIIRS_NOAA20_NRT
29.46107,76.86459,308.59,0.6,0.53,2026-08-23,2008,N20,VIIRS,n,2.0NRT,290.43,3.9,N,VIIRS_NOAA20_NRT
29.45866,76.86417,337.19,0.6,0.53,2026-08-23,2008,N20,VIIRS,n,2.0NRT,290.59,6.75,N,VIIRS_NOAA20_NRT
29.45618,76.86398,333.18,0.6,0.53,2026-08-23,2008,N20,VIIRS,n,2.0NRT,290.69,3.9,N,VIIRS_NOAA20_NRT
28.83727,77.13653,303.18,0.57,0.52,2026-08-23,2008,N20,VIIRS,n,2.0NRT,287.27,2.26,N,VIIRS_NOAA20_NRT
28.35195,77.25737,303.02,0.55,0.51,2026-08-23,2008,N20,VIIRS,n,2.0NRT,285.41,3.28,N,VIIRS_NOAA20_NRT
28.35041,77.25633,305.0,0.55,0.51,2026-08-23,2008,N20,VIIRS,n,2.0NRT,286.05,2.99,N,VIIRS_NOAA20_NRT
27.32492,95.27525,299.75,0.36,0.57,2026-08-23,2008,N20,VIIRS,n,2.0NRT,268.02,0.65,N,VIIRS_NOAA20_NRT
27.31631,95.26515,296.82,0.36,0.57,2026-08-23,2008,N20,VIIRS,n,2.0NRT,265.87,0.28,N,VIIRS_NOAA20_NRT
26.26939,74.18853,303.21,0.4,0.6,2026-08-23,2008,N20,VIIRS,n,2.0NRT,287.36,0.91,N,VIIRS_NOAA20_NRT
24.66104,74.63218,300.17,0.36,0.58,2026-08-23,2008,N20,VIIRS,n,2.0NRT,287.28,1.07,N,VIIRS_NOAA20_NRT
24.66073,74.6358,299.51,0.36,0.58,2026-08-23,2008,N20,VIIRS,n,2.0NRT,287.08,1.07,N,VIIRS_NOAA20_NRT
24.12162,86.86566,304.33,0.43,0.38,2026-08-23,2008,N20,VIIRS,n,2.0NRT,284.77,1.56,N,VIIRS_NOAA20_NRT
24.12066,86.86448,311.8,0.43,0.38,2026-08-23,2008,N20,VIIRS,n,2.0NRT,285.06,1.33,N,VIIRS_NOAA20_NRT
24.11545,86.86011,314.86,0.43,0.38,2026-08-23,2008,N20,VIIRS,n,2.0NRT,285.22,2.03,N,VIIRS_NOAA20_NRT
23.76136,86.39938,305.61,0.42,0.37,2026-08-23,2008,N20,VIIRS,n,2.0NRT,283.78,1.31,N,VIIRS_NOAA20_NRT
23.76068,86.4034,312.84,0.42,0.37,2026-08-23,2008,N20,VIIRS,n,2.0NRT,283.52,1.63,N,VIIRS_NOAA20_NRT
27.37927,95.08714,301.67,0.35,0.57,2026-08-23,2008,N20,VIIRS,n,2.0NRT,268.78,0.49,N,VIIRS_NOAA20_NRT
10.07212,77.25668,332.29,0.49,0.4,2026-08-23,2012,N20,VIIRS,n,2.0NRT,290.02,2.6,N,VIIRS_NOAA20_NRT
10.07273,77.25261,322.31,0.49,0.4,2026-08-23,2012,N20,VIIRS,n,2.0NRT,288.36,2.32,N,VIIRS_NOAA20_NRT
10.07459,77.25485,309.07,0.49,0.4,2026-08-23,2012,N20,VIIRS,n,2.0NRT,288.03,1.31,N,VIIRS_NOAA20_NRT
31.25682,76.92467,299.45,0.74,0.76,2026-08-23,2146,N20,VIIRS,n,2.0NRT,287.71,1.46,N,VIIRS_NOAA20_NRT
10.88856,78.48952,318.63,0.44,0.38,2026-08-23,2012,N20,VIIRS,n,2.0NRT,291.13,3.34,N,VIIRS_NOAA20_NRT
10.07588,77.25687,302.63,0.49,0.4,2026-08-23,2012,N20,VIIRS,n,2.0NRT,288.18,2.6,N,VIIRS_NOAA20_NRT
23.75728,86.40272,319.82,0.42,0.37,2026-08-23,2008,N20,VIIRS,n,2.0NRT,286.0,1.89,N,VIIRS_NOAA20_NRT
12.83614,79.93994,330.37,0.45,0.47,2026-08-23,737,N20,VIIRS,n,2.0NRT,300.11,7.06,D,VIIRS_NOAA20_NRT
23.75659,86.40674,302.49,0.42,0.37,2026-08-23,2008,N20,VIIRS,n,2.0NRT,285.35,1.89,N,VIIRS_NOAA20_NRT
23.75112,86.41814,307.83,0.42,0.37,2026-08-23,2008,N20,VIIRS,n,2.0NRT,285.08,1.82,N,VIIRS_NOAA20_NRT
29.45937,76.86541,330.47,0.54,0.42,2026-08-23,741,N20,VIIRS,n,2.0NRT,295.22,1.98,D,VIIRS_NOAA20_NRT
29.45724,76.86423,336.34,0.54,0.42,2026-08-23,741,N20,VIIRS,n,2.0NRT,295.68,5.74,D,VIIRS_NOAA20_NRT
23.80175,86.3328,333.09,0.44,0.38,2026-08-23,739,N20,VIIRS,n,2.0NRT,293.6,2.54,D,VIIRS_NOAA20_NRT
23.80126,86.33157,336.99,0.44,0.38,2026-08-23,739,N20,VIIRS,n,2.0NRT,292.75,3.63,D,VIIRS_NOAA20_NRT
23.78134,86.21207,330.46,0.44,0.38,2026-08-23,739,N20,VIIRS,n,2.0NRT,294.77,2.2,D,VIIRS_NOAA20_NRT
23.75711,86.40475,335.49,0.44,0.39,2026-08-23,739,N20,VIIRS,n,2.0NRT,296.25,5.23,D,VIIRS_NOAA20_NRT
23.73584,86.43473,337.91,0.45,0.39,2026-08-23,739,N20,VIIRS,n,2.0NRT,294.67,6.75,D,VIIRS_NOAA20_NRT
23.68718,86.39358,330.24,0.44,0.39,2026-08-23,739,N20,VIIRS,n,2.0NRT,296.19,4.46,D,VIIRS_NOAA20_NRT
23.68365,86.39413,342.21,0.44,0.39,2026-08-23,739,N20,VIIRS,n,2.0NRT,297.15,4.46,D,VIIRS_NOAA20_NRT
23.67965,86.09396,336.48,0.43,0.38,2026-08-23,739,N20,VIIRS,n,2.0NRT,291.56,7.89,D,VIIRS_NOAA20_NRT
23.67718,86.3996,334.56,0.44,0.39,2026-08-23,739,N20,VIIRS,n,2.0NRT,296.72,8.98,D,VIIRS_NOAA20_NRT
21.1971,81.41568,330.6,0.43,0.38,2026-08-23,739,N20,VIIRS,l,2.0NRT,293.15,4.41,D,VIIRS_NOAA20_NRT
21.1777,81.38538,334.02,0.43,0.38,2026-08-23,739,N20,VIIRS,l,2.0NRT,292.62,6.9,D,VIIRS_NOAA20_NRT
18.70828,74.36279,342.67,0.41,0.61,2026-08-23,739,N20,VIIRS,n,2.0NRT,289.28,4.53,D,VIIRS_NOAA20_NRT
15.18056,77.62939,339.76,0.59,0.53,2026-08-23,737,N20,VIIRS,n,2.0NRT,281.51,7.16,D,VIIRS_NOAA20_NRT
23.76064,86.4042,333.93,0.44,0.39,2026-08-23,739,N20,VIIRS,n,2.0NRT,294.65,5.23,D,VIIRS_NOAA20_NRT
31.26112,76.91966,300.98,0.62,0.54,2026-08-23,2006,N20,VIIRS,n,2.0NRT,289.65,0.92,N,VIIRS_NOAA20_NRT
23.73815,86.43221,314.1,0.42,0.37,2026-08-23,2008,N20,VIIRS,n,2.0NRT,282.38,1.32,N,VIIRS_NOAA20_NRT
23.73746,86.43626,305.19,0.42,0.37,2026-08-23,2008,N20,VIIRS,n,2.0NRT,280.63,1.32,N,VIIRS_NOAA20_NRT
23.6954,87.12105,304.06,0.44,0.38,2026-08-23,2008,N20,VIIRS,n,2.0NRT,287.84,2.35,N,VIIRS_NOAA20_NRT
23.69465,87.12528,306.24,0.44,0.38,2026-08-23,2008,N20,VIIRS,n,2.0NRT,286.94,2.37,N,VIIRS_NOAA20_NRT
23.6919,87.12032,302.54,0.44,0.38,2026-08-23,2008,N20,VIIRS,n,2.0NRT,287.44,1.86,N,VIIRS_NOAA20_NRT
23.68035,86.39971,304.64,0.42,0.37,2026-08-23,2008,N20,VIIRS,n,2.0NRT,286.73,1.7,N,VIIRS_NOAA20_NRT
23.67764,86.39501,317.98,0.42,0.37,2026-08-23,2008,N20,VIIRS,n,2.0NRT,288.05,1.7,N,VIIRS_NOAA20_NRT
23.67694,86.39905,319.92,0.42,0.37,2026-08-23,2008,N20,VIIRS,n,2.0NRT,288.69,1.7,N,VIIRS_NOAA20_NRT
23.67624,86.40308,309.51,0.42,0.37,2026-08-23,2008,N20,VIIRS,n,2.0NRT,288.18,1.53,N,VIIRS_NOAA20_NRT
23.5534,86.54269,298.62,0.42,0.38,2026-08-23,2008,N20,VIIRS,n,2.0NRT,284.28,0.75,N,VIIRS_NOAA20_NRT
23.54998,86.54199,298.65,0.42,0.38,2026-08-23,2008,N20,VIIRS,n,2.0NRT,282.41,0.75,N,VIIRS_NOAA20_NRT
22.37793,87.27869,334.11,0.46,0.39,2026-08-23,2008,N20,VIIRS,n,2.0NRT,285.45,5.81,N,VIIRS_NOAA20_NRT
22.36682,87.2994,315.55,0.46,0.39,2026-08-23,2008,N20,VIIRS,n,2.0NRT,284.36,2.08,N,VIIRS_NOAA20_NRT
22.36603,87.30385,304.35,0.46,0.39,2026-08-23,2008,N20,VIIRS,n,2.0NRT,283.85,1.72,N,VIIRS_NOAA20_NRT
22.36573,87.01741,307.35,0.45,0.39,2026-08-23,2008,N20,VIIRS,n,2.0NRT,279.63,1.01,N,VIIRS_NOAA20_NRT
22.36325,87.29866,304.0,0.46,0.39,2026-08-23,2008,N20,VIIRS,n,2.0NRT,283.68,0.94,N,VIIRS_NOAA20_NRT
22.3622,87.01669,307.52,0.45,0.39,2026-08-23,2008,N20,VIIRS,n,2.0NRT,280.69,1.0,N,VIIRS_NOAA20_NRT
22.35769,87.28828,307.75,0.46,0.39,2026-08-23,2008,N20,VIIRS,n,2.0NRT,284.78,1.02,N,VIIRS_NOAA20_NRT
22.05326,88.12505,307.4,0.51,0.41,2026-08-23,2008,N20,VIIRS,n,2.0NRT,282.3,2.69,N,VIIRS_NOAA20_NRT
33.29054,75.72936,299.87,0.39,0.59,2026-08-23,2006,N20,VIIRS,n,2.0NRT,284.18,0.62,N,VIIRS_NOAA20_NRT
23.75456,86.39803,305.9,0.42,0.37,2026-08-23,2008,N20,VIIRS,n,2.0NRT,286.4,2.74,N,VIIRS_NOAA20_NRT
27.96467,96.95645,331.24,0.41,0.37,2026-08-23,646,N21,VIIRS,n,2.0NRT,296.94,10.19,D,VIIRS_NOAA21_NRT
23.72231,86.44004,307.72,0.41,0.61,2026-08-23,1913,N21,VIIRS,n,2.0NRT,280.41,1.38,N,VIIRS_NOAA21_NRT
23.61102,87.14495,296.59,0.37,0.58,2026-08-23,1913,N21,VIIRS,n,2.0NRT,282.12,1.75,N,VIIRS_NOAA21_NRT
23.67522,86.39812,310.65,0.41,0.61,2026-08-23,1913,N21,VIIRS,n,2.0NRT,282.19,1.89,N,VIIRS_NOAA21_NRT
23.67615,86.39944,309.56,0.41,0.61,2026-08-23,1913,N21,VIIRS,n,2.0NRT,281.61,1.87,N,VIIRS_NOAA21_NRT
23.67651,86.39543,302.59,0.41,0.61,2026-08-23,1913,N21,VIIRS,n,2.0NRT,281.37,1.87,N,VIIRS_NOAA21_NRT
23.68113,86.39481,304.32,0.41,0.61,2026-08-23,1913,N21,VIIRS,n,2.0NRT,281.36,1.89,N,VIIRS_NOAA21_NRT
23.68209,86.39613,302.18,0.41,0.61,2026-08-23,1913,N21,VIIRS,n,2.0NRT,280.93,1.68,N,VIIRS_NOAA21_NRT
23.68246,86.39201,301.55,0.41,0.61,2026-08-23,1913,N21,VIIRS,n,2.0NRT,280.19,2.7,N,VIIRS_NOAA21_NRT
23.71013,86.4509,313.27,0.41,0.61,2026-08-23,1913,N21,VIIRS,n,2.0NRT,280.99,2.59,N,VIIRS_NOAA21_NRT
23.71256,86.42266,304.64,0.41,0.61,2026-08-23,1913,N21,VIIRS,n,2.0NRT,278.41,1.87,N,VIIRS_NOAA21_NRT
23.71639,86.44345,302.59,0.41,0.61,2026-08-23,1913,N21,VIIRS,n,2.0NRT,280.95,1.38,N,VIIRS_NOAA21_NRT
23.6107,87.14855,296.84,0.37,0.58,2026-08-23,1913,N21,VIIRS,n,2.0NRT,282.29,2.08,N,VIIRS_NOAA21_NRT
23.72372,86.42384,299.81,0.41,0.61,2026-08-23,1913,N21,VIIRS,n,2.0NRT,278.08,1.41,N,VIIRS_NOAA21_NRT
23.73416,86.43314,310.8,0.41,0.61,2026-08-23,1913,N21,VIIRS,n,2.0NRT,280.59,2.99,N,VIIRS_NOAA21_NRT
23.73451,86.42915,300.72,0.41,0.61,2026-08-23,1913,N21,VIIRS,n,2.0NRT,279.93,1.86,N,VIIRS_NOAA21_NRT
23.73973,86.43378,308.15,0.41,0.61,2026-08-23,1913,N21,VIIRS,n,2.0NRT,281.62,1.43,N,VIIRS_NOAA21_NRT
23.75265,86.41494,300.55,0.41,0.61,2026-08-23,1913,N21,VIIRS,n,2.0NRT,280.09,1.31,N,VIIRS_NOAA21_NRT
23.7541,86.39857,300.5,0.41,0.61,2026-08-23,1913,N21,VIIRS,n,2.0NRT,281.19,1.4,N,VIIRS_NOAA21_NRT
23.7649,86.40394,305.66,0.41,0.61,2026-08-23,1913,N21,VIIRS,n,2.0NRT,281.22,0.73,N,VIIRS_NOAA21_NRT
23.76707,86.37955,301.3,0.41,0.61,2026-08-23,1913,N21,VIIRS,n,2.0NRT,282.87,1.8,N,VIIRS_NOAA21_NRT
23.77716,86.39299,300.96,0.41,0.61,2026-08-23,1913,N21,VIIRS,n,2.0NRT,280.75,1.9,N,VIIRS_NOAA21_NRT
23.77752,86.38899,314.19,0.41,0.61,2026-08-23,1913,N21,VIIRS,n,2.0NRT,281.5,1.9,N,VIIRS_NOAA21_NRT
23.7815,86.39215,302.41,0.41,0.61,2026-08-23,1913,N21,VIIRS,n,2.0NRT,282.18,1.27,N,VIIRS_NOAA21_NRT
23.72406,86.41985,301.15,0.41,0.61,2026-08-23,1913,N21,VIIRS,n,2.0NRT,278.41,1.28,N,VIIRS_NOAA21_NRT
23.56032,87.24065,314.83,0.36,0.58,2026-08-23,1913,N21,VIIRS,n,2.0NRT,279.56,2.5,N,VIIRS_NOAA21_NRT
23.55503,87.2401,311.8,0.36,0.58,2026-08-23,1913,N21,VIIRS,n,2.0NRT,278.82,1.65,N,VIIRS_NOAA21_NRT
23.54908,87.2466,298.31,0.36,0.58,2026-08-23,1913,N21,VIIRS,n,2.0NRT,277.37,1.92,N,VIIRS_NOAA21_NRT
10.66683,78.1728,335.13,0.52,0.42,2026-08-23,822,N21,VIIRS,n,2.0NRT,300.09,2.35,D,VIIRS_NOAA21_NRT
11.0347,77.14651,335.06,0.47,0.4,2026-08-23,822,N21,VIIRS,n,2.0NRT,298.72,3.86,D,VIIRS_NOAA21_NRT
14.26653,79.79261,333.38,0.49,0.49,2026-08-23,824,N21,VIIRS,n,2.0NRT,284.37,2.2,D,VIIRS_NOAA21_NRT
15.36111,78.60121,337.47,0.43,0.46,2026-08-23,824,N21,VIIRS,n,2.0NRT,292.24,4.05,D,VIIRS_NOAA21_NRT
16.113,78.21188,331.67,0.41,0.45,2026-08-23,824,N21,VIIRS,n,2.0NRT,288.08,3.53,D,VIIRS_NOAA21_NRT
21.10555,72.64699,341.5,0.39,0.36,2026-08-23,826,N21,VIIRS,n,2.0NRT,294.7,6.06,D,VIIRS_NOAA21_NRT
22.92903,70.10583,337.17,0.39,0.36,2026-08-23,826,N21,VIIRS,n,2.0NRT,303.9,7.97,D,VIIRS_NOAA21_NRT
29.45938,76.8674,332.56,0.5,0.49,2026-08-23,828,N21,VIIRS,n,2.0NRT,293.24,3.56,D,VIIRS_NOAA21_NRT
29.47683,76.85993,341.77,0.5,0.49,2026-08-23,828,N21,VIIRS,n,2.0NRT,293.84,11.04,D,VIIRS_NOAA21_NRT
22.24316,87.38877,306.4,0.34,0.56,2026-08-23,1913,N21,VIIRS,n,2.0NRT,285.23,1.74,N,VIIRS_NOAA21_NRT
22.35921,87.01627,303.4,0.36,0.58,2026-08-23,1913,N21,VIIRS,n,2.0NRT,277.71,1.1,N,VIIRS_NOAA21_NRT
22.36402,87.01662,312.78,0.36,0.58,2026-08-23,1913,N21,VIIRS,n,2.0NRT,278.07,2.27,N,VIIRS_NOAA21_NRT
22.3645,87.0169,310.71,0.36,0.58,2026-08-23,1913,N21,VIIRS,n,2.0NRT,278.18,1.1,N,VIIRS_NOAA21_NRT
22.37584,87.28196,305.92,0.35,0.57,2026-08-23,1913,N21,VIIRS,n,2.0NRT,282.73,2.63,N,VIIRS_NOAA21_NRT
22.37616,87.27859,325.24,0.35,0.57,2026-08-23,1913,N21,VIIRS,n,2.0NRT,283.28,4.3,N,VIIRS_NOAA21_NRT
23.78184,86.38814,296.29,0.41,0.61,2026-08-23,1913,N21,VIIRS,n,2.0NRT,281.44,1.27,N,VIIRS_NOAA21_NRT
10.10984,77.73901,332.03,0.49,0.4,2026-08-23,822,N21,VIIRS,n,2.0NRT,289.06,3.0,D,VIIRS_NOAA21_NRT
24.11502,86.86157,301.13,0.39,0.59,2026-08-23,1913,N21,VIIRS,n,2.0NRT,267.96,1.18,N,VIIRS_NOAA21_NRT
27.53554,95.39848,302.84,0.43,0.38,2026-08-23,1913,N21,VIIRS,n,2.0NRT,279.41,0.28,N,VIIRS_NOAA21_NRT
21.10195,72.64531,303.51,0.4,0.37,2026-08-23,2055,N21,VIIRS,n,2.0NRT,289.49,3.85,N,VIIRS_NOAA21_NRT
21.10324,72.63761,310.96,0.4,0.37,2026-08-23,2055,N21,VIIRS,n,2.0NRT,291.45,1.31,N,VIIRS_NOAA21_NRT
21.10388,72.63377,303.36,0.4,0.37,2026-08-23,2055,N21,VIIRS,n,2.0NRT,290.85,1.31,N,VIIRS_NOAA21_NRT
21.10467,72.6498,306.47,0.4,0.37,2026-08-23,2055,N21,VIIRS,n,2.0NRT,291.48,3.09,N,VIIRS_NOAA21_NRT
21.10531,72.64595,338.88,0.4,0.37,2026-08-23,2055,N21,VIIRS,n,2.0NRT,293.86,3.85,N,VIIRS_NOAA21_NRT
21.10596,72.6421,309.75,0.4,0.37,2026-08-23,2055,N21,VIIRS,n,2.0NRT,292.21,3.85,N,VIIRS_NOAA21_NRT
21.1066,72.63825,305.43,0.4,0.37,2026-08-23,2055,N21,VIIRS,n,2.0NRT,292.27,1.31,N,VIIRS_NOAA21_NRT
21.10867,72.64659,303.22,0.4,0.37,2026-08-23,2055,N21,VIIRS,n,2.0NRT,290.55,2.23,N,VIIRS_NOAA21_NRT
23.67958,86.39573,302.14,0.74,0.76,2026-08-23,2055,N21,VIIRS,n,2.0NRT,272.16,4.46,N,VIIRS_NOAA21_NRT
23.75898,86.39871,299.33,0.74,0.76,2026-08-23,2055,N21,VIIRS,n,2.0NRT,268.99,2.42,N,VIIRS_NOAA21_NRT
19.93539,73.71249,301.45,0.45,0.39,2026-08-23,2055,N21,VIIRS,n,2.0NRT,290.77,0.55,N,VIIRS_NOAA21_NRT
23.76476,86.40518,301.18,0.74,0.76,2026-08-23,2055,N21,VIIRS,n,2.0NRT,267.33,2.22,N,VIIRS_NOAA21_NRT
23.77993,86.34556,297.78,0.73,0.76,2026-08-23,2055,N21,VIIRS,n,2.0NRT,268.37,1.34,N,VIIRS_NOAA21_NRT
23.7934,86.34972,300.21,0.73,0.76,2026-08-23,2055,N21,VIIRS,n,2.0NRT,269.16,1.44,N,VIIRS_NOAA21_NRT
23.8,86.32664,300.61,0.73,0.76,2026-08-23,2055,N21,VIIRS,n,2.0NRT,268.36,3.28,N,VIIRS_NOAA21_NRT
23.80548,86.33092,299.17,0.73,0.76,2026-08-23,2055,N21,VIIRS,n,2.0NRT,268.63,1.82,N,VIIRS_NOAA21_NRT
24.93355,74.63254,311.44,0.43,0.38,2026-08-23,2055,N21,VIIRS,n,2.0NRT,291.35,1.37,N,VIIRS_NOAA21_NRT
25.94286,72.19045,307.37,0.38,0.36,2026-08-23,2055,N21,VIIRS,n,2.0NRT,294.51,0.97,N,VIIRS_NOAA21_NRT
26.25788,74.09489,310.07,0.41,0.37,2026-08-23,2055,N21,VIIRS,n,2.0NRT,292.99,1.23,N,VIIRS_NOAA21_NRT
26.87672,73.51546,306.5,0.39,0.36,2026-08-23,2055,N21,VIIRS,n,2.0NRT,293.53,1.63,N,VIIRS_NOAA21_NRT
27.28774,73.83964,308.69,0.4,0.37,2026-08-23,2055,N21,VIIRS,n,2.0NRT,293.64,1.09,N,VIIRS_NOAA21_NRT
10.06989,77.25764,295.88,0.35,0.57,2026-08-23,2057,N21,VIIRS,n,2.0NRT,283.55,1.09,N,VIIRS_NOAA21_NRT
23.76575,86.40074,300.08,0.74,0.76,2026-08-23,2055,N21,VIIRS,n,2.0NRT,268.31,2.42,N,VIIRS_NOAA21_NRT
19.04974,73.11978,305.42,0.44,0.38,2026-08-23,2055,N21,VIIRS,n,2.0NRT,292.19,1.5,N,VIIRS_NOAA21_NRT
22.57408,70.22664,303.8,0.39,0.36,2026-08-23,2053,N21,VIIRS,n,2.0NRT,292.27,1.72,N,VIIRS_NOAA21_NRT
23.3138,70.48741,307.62,0.39,0.36,2026-08-23,2053,N21,VIIRS,n,2.0NRT,294.43,1.24,N,VIIRS_NOAA21_NRT
24.65842,73.87619,309.35,0.41,0.37,2026-08-23,2053,N21,VIIRS,n,2.0NRT,294.33,1.25,N,VIIRS_NOAA21_NRT
24.68829,73.00064,305.3,0.39,0.36,2026-08-23,2053,N21,VIIRS,n,2.0NRT,292.89,0.98,N,VIIRS_NOAA21_NRT
24.69098,73.00512,304.11,0.39,0.36,2026-08-23,2053,N21,VIIRS,n,2.0NRT,293.03,0.98,N,VIIRS_NOAA21_NRT
24.81994,73.09312,315.29,0.39,0.36,2026-08-23,2053,N21,VIIRS,n,2.0NRT,294.73,1.72,N,VIIRS_NOAA21_NRT
29.12311,75.77846,310.56,0.43,0.38,2026-08-23,2053,N21,VIIRS,n,2.0NRT,291.34,2.22,N,VIIRS_NOAA21_NRT
29.35825,76.95921,307.37,0.48,0.4,2026-08-23,2053,N21,VIIRS,n,2.0NRT,290.96,1.47,N,VIIRS_NOAA21_NRT
29.45481,76.86952,332.79,0.47,0.4,2026-08-23,2053,N21,VIIRS,n,2.0NRT,292.29,4.23,N,VIIRS_NOAA21_NRT
29.45843,76.89032,307.74,0.47,0.4,2026-08-23,2053,N21,VIIRS,n,2.0NRT,291.53,0.61,N,VIIRS_NOAA21_NRT
29.47537,76.8596,306.94,0.47,0.4,2026-08-23,2053,N21,VIIRS,n,2.0NRT,292.43,0.83,N,VIIRS_NOAA21_NRT
31.2488,76.9297,300.72,0.45,0.39,2026-08-23,2053,N21,VIIRS,n,2.0NRT,290.7,0.38,N,VIIRS_NOAA21_NRT
24.11958,86.35051,302.42,0.42,0.61,2026-08-23,1913,N21,VIIRS,n,2.0NRT,282.55,1.21,N,VIIRS_NOAA21_NRT
10.07067,77.25338,296.24,0.35,0.57,2026-08-23,2057,N21,VIIRS,n,2.0NRT,284.9,1.7,N,VIIRS_NOAA21_NRT
9.91635,78.2001,341.27,0.52,0.41,2026-08-23,822,N21,VIIRS,n,2.0NRT,302.38,14.59,D,VIIRS_NOAA21_NRT
9.89958,77.78525,339.16,0.49,0.4,2026-08-23,822,N21,VIIRS,n,2.0NRT,303.59,13.81,D,VIIRS_NOAA21_NRT
9.90945,78.20588,336.58,0.52,0.41,2026-08-23,822,N21,VIIRS,n,2.0NRT,302.09,12.59,D,VIIRS_NOAA21_NRT
8.8975,77.86558,347.98,0.48,0.4,2026-08-23,822,N21,VIIRS,n,2.0NRT,302.76,7.04,D,VIIRS_NOAA21_NRT
8.89992,77.85637,346.67,0.48,0.4,2026-08-23,822,N21,VIIRS,n,2.0NRT,302.13,6.53,D,VIIRS_NOAA21_NRT
8.90054,77.86071,349.93,0.48,0.4,2026-08-23,822,N21,VIIRS,n,2.0NRT,302.74,7.04,D,VIIRS_NOAA21_NRT
8.90116,77.86504,342.45,0.48,0.4,2026-08-23,822,N21,VIIRS,n,2.0NRT,302.95,7.04,D,VIIRS_NOAA21_NRT
8.90358,77.85583,348.69,0.48,0.4,2026-08-23,822,N21,VIIRS,n,2.0NRT,302.48,9.02,D,VIIRS_NOAA21_NRT
8.90419,77.86017,346.76,0.48,0.4,2026-08-23,822,N21,VIIRS,n,2.0NRT,303.21,3.82,D,VIIRS_NOAA21_NRT
8.90481,77.86451,338.87,0.48,0.4,2026-08-23,822,N21,VIIRS,n,2.0NRT,303.44,3.82,D,VIIRS_NOAA21_NRT
8.9486,77.96073,336.94,0.49,0.4,2026-08-23,822,N21,VIIRS,n,2.0NRT,303.48,4.0,D,VIIRS_NOAA21_NRT
9.193,77.37519,336.48,0.46,0.39,2026-08-23,822,N21,VIIRS,n,2.0NRT,302.74,3.7,D,VIIRS_NOAA21_NRT
9.2187,77.62897,339.64,0.47,0.4,2026-08-23,822,N21,VIIRS,n,2.0NRT,307.61,10.49,D,VIIRS_NOAA21_NRT
9.22068,77.46474,338.5,0.46,0.39,2026-08-23,822,N21,VIIRS,n,2.0NRT,307.26,3.71,D,VIIRS_NOAA21_NRT
9.2728,77.32723,332.55,0.46,0.39,2026-08-23,822,N21,VIIRS,n,2.0NRT,300.12,3.22,D,VIIRS_NOAA21_NRT
9.28461,77.43481,335.92,0.46,0.39,2026-08-23,822,N21,VIIRS,n,2.0NRT,303.08,1.94,D,VIIRS_NOAA21_NRT
9.44357,78.05501,341.41,0.5,0.41,2026-08-23,822,N21,VIIRS,n,2.0NRT,303.99,12.43,D,VIIRS_NOAA21_NRT
8.73994,77.59967,336.65,0.47,0.39,2026-08-23,822,N21,VIIRS,n,2.0NRT,302.47,3.45,D,VIIRS_NOAA21_NRT
8.42499,77.62149,336.79,0.46,0.39,2026-08-23,822,N21,VIIRS,l,2.0NRT,307.22,8.42,D,VIIRS_NOAA21_NRT
8.44418,77.65283,338.54,0.46,0.39,2026-08-23,822,N21,VIIRS,l,2.0NRT,309.99,6.03,D,VIIRS_NOAA21_NRT
11.13734,77.35052,308.69,0.34,0.56,2026-08-23,2057,N21,VIIRS,n,2.0NRT,287.11,1.5,N,VIIRS_NOAA21_NRT
19.04779,73.11804,307.42,0.44,0.38,2026-08-23,2055,N21,VIIRS,n,2.0NRT,292.09,1.71,N,VIIRS_NOAA21_NRT
22.34017,69.86192,307.83,0.44,0.46,2026-08-24,2036,N21,VIIRS,n,2.0NRT,293.93,3.82,N,VIIRS_NOAA21_NRT
22.34343,69.87085,313.73,0.43,0.46,2026-08-24,2036,N21,VIIRS,n,2.0NRT,293.41,7.01,N,VIIRS_NOAA21_NRT
22.34392,69.86665,339.9,0.43,0.46,2026-08-24,2036,N21,VIIRS,n,2.0NRT,293.84,7.01,N,VIIRS_NOAA21_NRT
22.3444,69.86245,308.11,0.44,0.46,2026-08-24,2036,N21,VIIRS,n,2.0NRT,293.06,2.37,N,VIIRS_NOAA21_NRT
22.93092,69.6974,305.22,0.45,0.47,2026-08-24,2036,N21,VIIRS,n,2.0NRT,293.62,1.29,N,VIIRS_NOAA21_NRT
22.93522,69.69798,309.2,0.45,0.47,2026-08-24,2036,N21,VIIRS,n,2.0NRT,293.68,1.47,N,VIIRS_NOAA21_NRT
23.31523,70.48663,306.28,0.41,0.45,2026-08-24,2036,N21,VIIRS,n,2.0NRT,294.42,1.6,N,VIIRS_NOAA21_NRT
22.93402,69.69881,314.16,0.44,0.46,2026-08-24,2131,N20,VIIRS,n,2.0NRT,294.18,2.18,N,VIIRS_NOAA20_NRT
22.92938,70.10797,307.66,0.47,0.47,2026-08-24,2131,N20,VIIRS,n,2.0NRT,293.79,1.57,N,VIIRS_NOAA20_NRT
22.34236,69.87119,331.0,0.46,0.47,2026-08-24,2131,N20,VIIRS,n,2.0NRT,292.96,5.31,N,VIIRS_NOAA20_NRT
21.10818,72.64432,328.48,0.37,0.58,2026-08-24,2131,N20,VIIRS,n,2.0NRT,289.54,3.22,N,VIIRS_NOAA20_NRT
21.10742,72.64774,320.64,0.37,0.58,2026-08-24,2131,N20,VIIRS,n,2.0NRT,290.58,3.22,N,VIIRS_NOAA20_NRT
21.1045,72.63617,337.36,0.36,0.58,2026-08-24,2131,N20,VIIRS,n,2.0NRT,289.47,5.37,N,VIIRS_NOAA20_NRT
22.33969,69.86611,315.85,0.43,0.46,2026-08-24,2036,N21,VIIRS,n,2.0NRT,294.07,2.69,N,VIIRS_NOAA21_NRT
25.94493,72.19168,307.22,0.54,0.51,2026-08-24,2129,N20,VIIRS,n,2.0NRT,293.25,1.55,N,VIIRS_NOAA20_NRT
24.8207,73.09208,303.71,0.33,0.55,2026-08-24,2129,N20,VIIRS,n,2.0NRT,286.95,0.73,N,VIIRS_NOAA20_NRT
24.82048,73.09338,302.31,0.33,0.55,2026-08-24,2129,N20,VIIRS,n,2.0NRT,286.88,0.84,N,VIIRS_NOAA20_NRT
24.68919,73.00189,304.95,0.32,0.55,2026-08-24,2129,N20,VIIRS,n,2.0NRT,290.34,0.68,N,VIIRS_NOAA20_NRT
31.25751,76.92367,302.19,0.4,0.6,2026-08-24,2127,N20,VIIRS,n,2.0NRT,288.38,0.81,N,VIIRS_NOAA20_NRT
26.25711,74.09373,303.31,0.35,0.57,2026-08-24,2129,N20,VIIRS,n,2.0NRT,290.28,0.65,N,VIIRS_NOAA20_NRT
22.33921,69.8703,309.15,0.43,0.46,2026-08-24,2036,N21,VIIRS,n,2.0NRT,293.54,2.69,N,VIIRS_NOAA21_NRT
21.11185,72.63676,305.79,0.45,0.39,2026-08-24,2036,N21,VIIRS,n,2.0NRT,286.44,2.38,N,VIIRS_NOAA21_NRT
21.11155,72.63502,306.84,0.45,0.39,2026-08-24,2036,N21,VIIRS,n,2.0NRT,285.95,2.62,N,VIIRS_NOAA21_NRT
22.36792,87.30201,304.48,0.46,0.63,2026-08-24,2034,N21,VIIRS,n,2.0NRT,287.91,1.87,N,VIIRS_NOAA21_NRT
22.37782,87.28007,329.41,0.45,0.63,2026-08-24,2034,N21,VIIRS,n,2.0NRT,288.78,6.44,N,VIIRS_NOAA21_NRT
22.37859,87.28209,315.76,0.45,0.63,2026-08-24,2034,N21,VIIRS,n,2.0NRT,288.26,3.83,N,VIIRS_NOAA21_NRT
22.37879,87.27578,304.5,0.45,0.63,2026-08-24,2034,N21,VIIRS,n,2.0NRT,288.0,3.39,N,VIIRS_NOAA21_NRT
22.37958,87.27782,319.11,0.45,0.63,2026-08-24,2034,N21,VIIRS,n,2.0NRT,288.07,3.83,N,VIIRS_NOAA21_NRT
23.5561,87.23985,302.88,0.43,0.62,2026-08-24,2034,N21,VIIRS,n,2.0NRT,277.95,1.0,N,VIIRS_NOAA21_NRT
23.66204,87.15504,306.74,0.42,0.61,2026-08-24,2034,N21,VIIRS,n,2.0NRT,277.33,2.54,N,VIIRS_NOAA21_NRT
23.6974,85.3561,298.78,0.32,0.55,2026-08-24,2034,N21,VIIRS,n,2.0NRT,286.16,0.9,N,VIIRS_NOAA21_NRT
23.69767,85.35781,302.44,0.32,0.55,2026-08-24,2034,N21,VIIRS,n,2.0NRT,286.23,1.08,N,VIIRS_NOAA21_NRT
25.94196,72.19294,305.95,0.53,0.42,2026-08-24,2034,N21,VIIRS,n,2.0NRT,294.78,1.97,N,VIIRS_NOAA21_NRT
26.25869,74.09478,306.44,0.44,0.38,2026-08-24,2034,N21,VIIRS,n,2.0NRT,293.61,1.29,N,VIIRS_NOAA21_NRT
29.12299,75.77946,309.56,0.41,0.37,2026-08-24,2034,N21,VIIRS,n,2.0NRT,295.69,0.55,N,VIIRS_NOAA21_NRT
31.25072,76.92702,304.62,0.4,0.37,2026-08-24,2034,N21,VIIRS,n,2.0NRT,291.29,0.46,N,VIIRS_NOAA21_NRT
21.1083,72.63621,314.67,0.45,0.39,2026-08-24,2036,N21,VIIRS,n,2.0NRT,287.72,1.32,N,VIIRS_NOAA21_NRT
21.1077,72.6405,305.03,0.45,0.39,2026-08-24,2036,N21,VIIRS,n,2.0NRT,286.38,1.32,N,VIIRS_NOAA21_NRT
21.1071,72.6448,333.63,0.45,0.39,2026-08-24,2036,N21,VIIRS,n,2.0NRT,286.64,5.21,N,VIIRS_NOAA21_NRT
21.10649,72.64909,309.21,0.45,0.39,2026-08-24,2036,N21,VIIRS,n,2.0NRT,287.92,5.21,N,VIIRS_NOAA21_NRT
21.10475,72.63566,311.84,0.45,0.39,2026-08-24,2036,N21,VIIRS,n,2.0NRT,286.77,1.32,N,VIIRS_NOAA21_NRT
21.10415,72.63996,305.3,0.45,0.39,2026-08-24,2036,N21,VIIRS,n,2.0NRT,285.08,1.32,N,VIIRS_NOAA21_NRT
21.10355,72.64426,333.39,0.45,0.39,2026-08-24,2036,N21,VIIRS,n,2.0NRT,286.73,5.21,N,VIIRS_NOAA21_NRT
21.1012,72.63512,343.9,0.45,0.39,2026-08-24,2036,N21,VIIRS,n,2.0NRT,286.91,6.84,N,VIIRS_NOAA21_NRT
21.1006,72.63942,303.78,0.45,0.39,2026-08-24,2036,N21,VIIRS,n,2.0NRT,284.69,6.84,N,VIIRS_NOAA21_NRT
20.91008,71.45858,304.73,0.51,0.41,2026-08-24,2036,N21,VIIRS,n,2.0NRT,291.81,1.97,N,VIIRS_NOAA21_NRT
19.93503,73.71155,317.95,0.4,0.37,2026-08-24,2036,N21,VIIRS,n,2.0NRT,290.33,2.2,N,VIIRS_NOAA21_NRT
21.10295,72.64854,306.06,0.45,0.39,2026-08-24,2036,N21,VIIRS,n,2.0NRT,287.19,5.21,N,VIIRS_NOAA21_NRT
22.3673,87.3,308.18,0.46,0.63,2026-08-24,2034,N21,VIIRS,n,2.0NRT,288.31,2.55,N,VIIRS_NOAA21_NRT
32.00023,78.53627,343.6,0.47,0.48,2026-08-24,724,N20,VIIRS,n,2.0NRT,309.57,8.91,D,VIIRS_NOAA20_NRT
17.60995,83.20184,302.24,0.52,0.41,2026-08-24,1951,N20,VIIRS,n,2.0NRT,282.89,2.91,N,VIIRS_NOAA20_NRT
15.18871,76.6569,301.81,0.42,0.61,2026-08-24,1951,N20,VIIRS,n,2.0NRT,280.75,2.33,N,VIIRS_NOAA20_NRT
15.18643,76.67658,305.01,0.42,0.61,2026-08-24,1951,N20,VIIRS,n,2.0NRT,280.13,2.84,N,VIIRS_NOAA20_NRT
15.18525,76.66425,317.21,0.42,0.61,2026-08-24,1951,N20,VIIRS,n,2.0NRT,279.86,2.67,N,VIIRS_NOAA20_NRT
15.18397,76.67608,307.12,0.42,0.61,2026-08-24,1951,N20,VIIRS,n,2.0NRT,280.32,1.58,N,VIIRS_NOAA20_NRT
15.18214,76.66415,322.33,0.42,0.61,2026-08-24,1951,N20,VIIRS,n,2.0NRT,279.71,3.62,N,VIIRS_NOAA20_NRT
15.17959,76.6636,300.38,0.42,0.61,2026-08-24,1951,N20,VIIRS,n,2.0NRT,279.65,1.44,N,VIIRS_NOAA20_NRT
15.17831,76.67545,302.22,0.42,0.61,2026-08-24,1951,N20,VIIRS,n,2.0NRT,280.88,1.34,N,VIIRS_NOAA20_NRT
15.17784,76.65171,302.12,0.42,0.61,2026-08-24,1951,N20,VIIRS,n,2.0NRT,278.92,1.57,N,VIIRS_NOAA20_NRT
15.17738,76.65565,301.94,0.42,0.61,2026-08-24,1951,N20,VIIRS,n,2.0NRT,280.24,2.18,N,VIIRS_NOAA20_NRT
23.80593,86.32925,301.64,0.43,0.38,2026-08-24,1949,N20,VIIRS,n,2.0NRT,287.99,1.14,N,VIIRS_NOAA20_NRT
23.76,85.85234,302.56,0.45,0.39,2026-08-24,1949,N20,VIIRS,n,2.0NRT,289.08,1.51,N,VIIRS_NOAA20_NRT
23.7594,85.85674,309.62,0.45,0.39,2026-08-24,1949,N20,VIIRS,n,2.0NRT,290.4,1.51,N,VIIRS_NOAA20_NRT
22.3584,87.29185,309.63,0.4,0.37,2026-08-24,1949,N20,VIIRS,n,2.0NRT,292.17,1.39,N,VIIRS_NOAA20_NRT
22.35897,87.28802,314.13,0.4,0.37,2026-08-24,1949,N20,VIIRS,n,2.0NRT,291.69,1.39,N,VIIRS_NOAA20_NRT
22.36395,87.30066,327.09,0.4,0.37,2026-08-24,1949,N20,VIIRS,n,2.0NRT,292.72,2.36,N,VIIRS_NOAA20_NRT
22.36729,87.30124,307.56,0.4,0.37,2026-08-24,1949,N20,VIIRS,n,2.0NRT,292.01,2.36,N,VIIRS_NOAA20_NRT
22.37741,87.27945,342.9,0.4,0.37,2026-08-24,1949,N20,VIIRS,n,2.0NRT,295.02,3.79,N,VIIRS_NOAA20_NRT
22.37798,87.27563,312.37,0.4,0.37,2026-08-24,1949,N20,VIIRS,n,2.0NRT,291.75,3.79,N,VIIRS_NOAA20_NRT
23.55629,87.24419,306.97,0.4,0.37,2026-08-24,1949,N20,VIIRS,n,2.0NRT,287.04,2.3,N,VIIRS_NOAA20_NRT
23.56024,87.24084,317.79,0.4,0.37,2026-08-24,1949,N20,VIIRS,n,2.0NRT,285.5,2.15,N,VIIRS_NOAA20_NRT
23.65687,85.50671,300.76,0.46,0.39,2026-08-24,1949,N20,VIIRS,n,2.0NRT,289.06,0.68,N,VIIRS_NOAA20_NRT
23.65765,85.50914,301.62,0.46,0.39,2026-08-24,1949,N20,VIIRS,n,2.0NRT,289.07,1.35,N,VIIRS_NOAA20_NRT
23.66972,84.99499,300.78,0.49,0.4,2026-08-24,1949,N20,VIIRS,n,2.0NRT,288.22,1.35,N,VIIRS_NOAA20_NRT
23.68914,87.10023,300.3,0.41,0.37,2026-08-24,1949,N20,VIIRS,n,2.0NRT,277.44,0.92,N,VIIRS_NOAA20_NRT
23.75644,85.85175,306.19,0.45,0.39,2026-08-24,1949,N20,VIIRS,n,2.0NRT,289.93,1.51,N,VIIRS_NOAA20_NRT
23.55686,87.24026,330.3,0.4,0.37,2026-08-24,1949,N20,VIIRS,n,2.0NRT,287.55,2.3,N,VIIRS_NOAA20_NRT
22.36633,87.30431,305.57,0.46,0.63,2026-08-24,2034,N21,VIIRS,n,2.0NRT,287.65,1.78,N,VIIRS_NOAA21_NRT
31.32664,76.89409,303.53,0.4,0.37,2026-08-24,2034,N21,VIIRS,n,2.0NRT,291.91,0.76,N,VIIRS_NOAA21_NRT
22.36615,87.01677,304.84,0.44,0.62,2026-08-24,2034,N21,VIIRS,n,2.0NRT,285.86,2.41,N,VIIRS_NOAA21_NRT
15.18392,76.6673,336.44,0.39,0.36,2026-08-24,805,N21,VIIRS,l,2.0NRT,295.62,5.39,D,VIIRS_NOAA21_NRT
15.17561,76.65761,342.81,0.39,0.36,2026-08-24,805,N21,VIIRS,n,2.0NRT,296.54,8.73,D,VIIRS_NOAA21_NRT
10.44661,79.62756,332.75,0.39,0.36,2026-08-24,803,N21,VIIRS,n,2.0NRT,289.12,3.01,D,VIIRS_NOAA21_NRT
10.44382,79.63159,332.01,0.39,0.36,2026-08-24,803,N21,VIIRS,n,2.0NRT,288.22,3.01,D,VIIRS_NOAA21_NRT
10.44329,79.62807,335.68,0.39,0.36,2026-08-24,803,N21,VIIRS,n,2.0NRT,288.58,3.01,D,VIIRS_NOAA21_NRT
9.13882,78.25266,338.62,0.39,0.36,2026-08-24,803,N21,VIIRS,l,2.0NRT,298.43,6.03,D,VIIRS_NOAA21_NRT
9.04358,78.21024,332.46,0.39,0.36,2026-08-24,803,N21,VIIRS,l,2.0NRT,295.91,3.33,D,VIIRS_NOAA21_NRT
31.30223,75.0976,331.03,0.4,0.37,2026-08-24,809,N21,VIIRS,n,2.0NRT,300.39,2.69,D,VIIRS_NOAA21_NRT
22.37821,87.27383,305.16,0.71,0.75,2026-08-24,1853,N21,VIIRS,n,2.0NRT,284.54,4.15,N,VIIRS_NOAA21_NRT
22.37808,87.27341,305.13,0.71,0.75,2026-08-24,1853,N21,VIIRS,n,2.0NRT,284.62,3.57,N,VIIRS_NOAA21_NRT
22.37762,87.28032,313.01,0.71,0.75,2026-08-24,1853,N21,VIIRS,n,2.0NRT,284.39,3.57,N,VIIRS_NOAA21_NRT
22.36675,87.01879,301.37,0.74,0.76,2026-08-24,1853,N21,VIIRS,n,2.0NRT,284.57,1.66,N,VIIRS_NOAA21_NRT
22.36239,87.29989,303.55,0.71,0.75,2026-08-24,1853,N21,VIIRS,n,2.0NRT,284.66,2.58,N,VIIRS_NOAA21_NRT
22.36235,87.30032,303.61,0.71,0.75,2026-08-24,1853,N21,VIIRS,n,2.0NRT,284.88,2.75,N,VIIRS_NOAA21_NRT
31.99993,78.53543,342.79,0.54,0.42,2026-08-24,809,N21,VIIRS,n,2.0NRT,306.47,20.93,D,VIIRS_NOAA21_NRT
22.37771,87.28072,313.4,0.71,0.75,2026-08-24,1853,N21,VIIRS,n,2.0NRT,284.51,4.8,N,VIIRS_NOAA21_NRT
29.45627,76.8924,327.41,0.63,0.72,2026-08-25,705,N20,VIIRS,n,2.0NRT,281.67,4.73,D,VIIRS_NOAA20_NRT
22.93576,69.1861,331.31,0.4,0.37,2026-08-25,843,N20,VIIRS,n,2.0NRT,298.51,0.9,D,VIIRS_NOAA20_NRT
21.10536,72.64783,332.66,0.52,0.42,2026-08-25,843,N20,VIIRS,n,2.0NRT,289.06,6.03,D,VIIRS_NOAA20_NRT
21.10028,72.63832,336.63,0.52,0.42,2026-08-25,843,N20,VIIRS,n,2.0NRT,288.5,6.64,D,VIIRS_NOAA20_NRT
18.70882,74.45466,336.09,0.41,0.45,2026-08-25,841,N20,VIIRS,n,2.0NRT,295.12,3.57,D,VIIRS_NOAA20_NRT
17.08532,79.68513,332.03,0.43,0.62,2026-08-25,841,N20,VIIRS,n,2.0NRT,288.06,4.27,D,VIIRS_NOAA20_NRT
15.38928,75.22285,331.45,0.42,0.45,2026-08-25,841,N20,VIIRS,n,2.0NRT,297.05,3.57,D,VIIRS_NOAA20_NRT
14.86755,79.73705,337.02,0.41,0.61,2026-08-25,841,N20,VIIRS,n,2.0NRT,291.31,3.45,D,VIIRS_NOAA20_NRT
28.70671,76.85614,306.17,0.39,0.44,2026-08-25,2014,N21,VIIRS,n,2.0NRT,283.28,1.35,N,VIIRS_NOAA21_NRT
15.02118,78.01533,305.27,0.39,0.36,2026-08-25,2017,N21,VIIRS,n,2.0NRT,286.28,0.71,N,VIIRS_NOAA21_NRT
15.02173,78.0117,302.82,0.39,0.36,2026-08-25,2017,N21,VIIRS,n,2.0NRT,285.54,0.71,N,VIIRS_NOAA21_NRT
15.17156,76.69174,316.27,0.42,0.38,2026-08-25,2017,N21,VIIRS,n,2.0NRT,291.73,2.76,N,VIIRS_NOAA21_NRT
15.1733,76.65583,308.24,0.43,0.38,2026-08-25,2017,N21,VIIRS,n,2.0NRT,290.83,2.56,N,VIIRS_NOAA21_NRT
15.17445,77.10182,308.87,0.41,0.37,2026-08-25,2017,N21,VIIRS,n,2.0NRT,292.14,1.05,N,VIIRS_NOAA21_NRT
15.17503,76.69223,311.77,0.42,0.38,2026-08-25,2017,N21,VIIRS,n,2.0NRT,290.27,2.07,N,VIIRS_NOAA21_NRT
15.17676,76.65635,320.65,0.43,0.38,2026-08-25,2017,N21,VIIRS,n,2.0NRT,291.17,2.56,N,VIIRS_NOAA21_NRT
15.14153,76.96049,331.71,0.41,0.45,2026-08-25,746,N21,VIIRS,n,2.0NRT,289.56,1.82,D,VIIRS_NOAA21_NRT
15.17734,76.65241,311.91,0.43,0.38,2026-08-25,2017,N21,VIIRS,n,2.0NRT,290.79,3.24,N,VIIRS_NOAA21_NRT
15.17786,77.10236,309.04,0.41,0.37,2026-08-25,2017,N21,VIIRS,n,2.0NRT,292.29,1.05,N,VIIRS_NOAA21_NRT
15.18196,76.66917,306.06,0.43,0.38,2026-08-25,2017,N21,VIIRS,n,2.0NRT,287.83,2.35,N,VIIRS_NOAA21_NRT
15.18253,76.66524,319.43,0.43,0.38,2026-08-25,2017,N21,VIIRS,n,2.0NRT,286.59,2.35,N,VIIRS_NOAA21_NRT
22.37453,87.28033,298.06,0.46,0.47,2026-08-25,2017,N21,VIIRS,n,2.0NRT,274.56,1.31,N,VIIRS_NOAA21_NRT
22.37963,87.27699,300.96,0.46,0.47,2026-08-25,2017,N21,VIIRS,n,2.0NRT,278.05,1.96,N,VIIRS_NOAA21_NRT
23.16317,82.34101,299.79,0.4,0.37,2026-08-25,2017,N21,VIIRS,n,2.0NRT,265.73,0.75,N,VIIRS_NOAA21_NRT
23.16381,82.33716,304.82,0.4,0.37,2026-08-25,2017,N21,VIIRS,n,2.0NRT,266.63,1.46,N,VIIRS_NOAA21_NRT
23.16651,82.34164,303.04,0.4,0.37,2026-08-25,2017,N21,VIIRS,n,2.0NRT,266.14,0.75,N,VIIRS_NOAA21_NRT
23.55735,87.24048,308.03,0.43,0.46,2026-08-25,2017,N21,VIIRS,n,2.0NRT,279.43,1.85,N,VIIRS_NOAA21_NRT
25.94452,72.18851,300.18,0.34,0.56,2026-08-25,2017,N21,VIIRS,n,2.0NRT,277.97,0.85,N,VIIRS_NOAA21_NRT
26.75887,83.20107,310.96,0.4,0.37,2026-08-25,2017,N21,VIIRS,n,2.0NRT,289.53,1.19,N,VIIRS_NOAA21_NRT
22.35787,82.30326,311.19,0.4,0.37,2026-08-25,2017,N21,VIIRS,n,2.0NRT,264.88,1.31,N,VIIRS_NOAA21_NRT
10.77575,78.88298,305.38,0.39,0.36,2026-08-25,2019,N21,VIIRS,n,2.0NRT,283.61,1.6,N,VIIRS_NOAA21_NRT
12.2171,79.00295,299.01,0.39,0.36,2026-08-25,2019,N21,VIIRS,n,2.0NRT,272.29,0.9,N,VIIRS_NOAA21_NRT
12.91749,79.11784,304.36,0.39,0.36,2026-08-25,2019,N21,VIIRS,n,2.0NRT,281.42,0.7,N,VIIRS_NOAA21_NRT
17.95628,80.79455,329.1,0.39,0.36,2026-08-25,2019,N21,VIIRS,n,2.0NRT,292.45,5.23,N,VIIRS_NOAA21_NRT
17.95747,80.7872,309.77,0.39,0.36,2026-08-25,2019,N21,VIIRS,n,2.0NRT,291.44,3.33,N,VIIRS_NOAA21_NRT
19.82038,79.23856,322.73,0.39,0.36,2026-08-25,2019,N21,VIIRS,n,2.0NRT,286.31,1.6,N,VIIRS_NOAA21_NRT
20.91191,71.45881,305.05,0.33,0.55,2026-08-25,2019,N21,VIIRS,n,2.0NRT,290.37,0.96,N,VIIRS_NOAA21_NRT
21.74682,83.84542,303.7,0.46,0.39,2026-08-25,2017,N21,VIIRS,n,2.0NRT,279.88,2.91,N,VIIRS_NOAA21_NRT
21.37509,81.68103,314.57,0.39,0.36,2026-08-25,2017,N21,VIIRS,n,2.0NRT,290.19,3.85,N,VIIRS_NOAA21_NRT
15.18715,76.6579,302.1,0.43,0.38,2026-08-25,2017,N21,VIIRS,n,2.0NRT,288.92,2.19,N,VIIRS_NOAA21_NRT
15.22395,76.76291,305.15,0.42,0.38,2026-08-25,2017,N21,VIIRS,n,2.0NRT,292.43,1.23,N,VIIRS_NOAA21_NRT
15.65657,73.98945,298.34,0.39,0.44,2026-08-25,2017,N21,VIIRS,n,2.0NRT,286.54,1.7,N,VIIRS_NOAA21_NRT
15.68491,78.45717,305.93,0.39,0.36,2026-08-25,2017,N21,VIIRS,n,2.0NRT,291.89,2.33,N,VIIRS_NOAA21_NRT
17.46485,80.65231,308.11,0.39,0.36,2026-08-25,2017,N21,VIIRS,n,2.0NRT,286.21,1.05,N,VIIRS_NOAA21_NRT
18.67913,73.0365,304.98,0.49,0.49,2026-08-25,2017,N21,VIIRS,n,2.0NRT,290.52,4.0,N,VIIRS_NOAA21_NRT
18.69194,73.04287,307.97,0.49,0.49,2026-08-25,2017,N21,VIIRS,n,2.0NRT,291.16,2.48,N,VIIRS_NOAA21_NRT
18.69251,73.03823,306.34,0.49,0.49,2026-08-25,2017,N21,VIIRS,n,2.0NRT,291.2,3.2,N,VIIRS_NOAA21_NRT
21.73116,82.21548,306.81,0.4,0.37,2026-08-25,2017,N21,VIIRS,n,2.0NRT,287.73,1.19,N,VIIRS_NOAA21_NRT
18.80414,74.25832,314.73,0.41,0.45,2026-08-25,2017,N21,VIIRS,n,2.0NRT,290.13,1.88,N,VIIRS_NOAA21_NRT
21.18432,81.38468,308.6,0.39,0.36,2026-08-25,2017,N21,VIIRS,n,2.0NRT,290.35,1.61,N,VIIRS_NOAA21_NRT
21.18644,81.39273,307.39,0.39,0.36,2026-08-25,2017,N21,VIIRS,n,2.0NRT,290.17,2.81,N,VIIRS_NOAA21_NRT
21.19034,81.38962,306.42,0.39,0.36,2026-08-25,2017,N21,VIIRS,n,2.0NRT,289.59,1.27,N,VIIRS_NOAA21_NRT
21.19039,81.19882,308.46,0.39,0.36,2026-08-25,2017,N21,VIIRS,n,2.0NRT,290.78,1.32,N,VIIRS_NOAA21_NRT
21.19365,81.39023,312.39,0.39,0.36,2026-08-25,2017,N21,VIIRS,n,2.0NRT,290.55,1.27,N,VIIRS_NOAA21_NRT
21.19608,81.41749,317.2,0.39,0.36,2026-08-25,2017,N21,VIIRS,n,2.0NRT,289.77,1.76,N,VIIRS_NOAA21_NRT
21.24484,81.76915,304.63,0.4,0.37,2026-08-25,2017,N21,VIIRS,n,2.0NRT,289.61,1.21,N,VIIRS_NOAA21_NRT
21.31093,81.59187,307.1,0.39,0.36,2026-08-25,2017,N21,VIIRS,n,2.0NRT,290.05,1.29,N,VIIRS_NOAA21_NRT
21.36512,81.67917,306.52,0.39,0.36,2026-08-25,2017,N21,VIIRS,n,2.0NRT,289.6,1.98,N,VIIRS_NOAA21_NRT
21.37116,81.68417,308.19,0.39,0.36,2026-08-25,2017,N21,VIIRS,n,2.0NRT,289.83,2.32,N,VIIRS_NOAA21_NRT
21.37453,81.64227,309.0,0.39,0.36,2026-08-25,2017,N21,VIIRS,n,2.0NRT,289.59,2.78,N,VIIRS_NOAA21_NRT
21.18102,81.38407,309.56,0.39,0.36,2026-08-25,2017,N21,VIIRS,n,2.0NRT,290.28,2.19,N,VIIRS_NOAA21_NRT
22.41745,69.03764,310.21,0.39,0.36,2026-08-25,2112,N20,VIIRS,n,2.0NRT,285.03,0.7,N,VIIRS_NOAA20_NRT
22.3412,69.85442,306.8,0.41,0.37,2026-08-25,2112,N20,VIIRS,n,2.0NRT,291.97,2.19,N,VIIRS_NOAA20_NRT
22.33997,69.85574,308.37,0.41,0.37,2026-08-25,2112,N20,VIIRS,n,2.0NRT,292.92,3.06,N,VIIRS_NOAA20_NRT
21.18221,81.38339,302.23,0.65,0.73,2026-08-25,2112,N20,VIIRS,n,2.0NRT,282.69,3.38,N,VIIRS_NOAA20_NRT
21.10566,72.6433,330.23,0.56,0.43,2026-08-25,2112,N20,VIIRS,n,2.0NRT,288.03,9.44,N,VIIRS_NOAA20_NRT
21.10278,72.63721,322.81,0.56,0.43,2026-08-25,2112,N20,VIIRS,n,2.0NRT,288.84,5.36,N,VIIRS_NOAA20_NRT
22.42014,69.04203,302.36,0.39,0.36,2026-08-25,2112,N20,VIIRS,n,2.0NRT,284.81,0.79,N,VIIRS_NOAA20_NRT
20.9112,71.45757,302.1,0.49,0.4,2026-08-25,2112,N20,VIIRS,n,2.0NRT,284.29,0.57,N,VIIRS_NOAA20_NRT
22.92693,69.82433,307.02,0.4,0.37,2026-08-25,2112,N20,VIIRS,n,2.0NRT,294.39,2.03,N,VIIRS_NOAA20_NRT
22.9311,69.69724,306.28,0.4,0.37,2026-08-25,2112,N20,VIIRS,n,2.0NRT,294.03,1.76,N,VIIRS_NOAA20_NRT
17.95949,80.79189,304.32,0.7,0.75,2026-08-25,2114,N20,VIIRS,n,2.0NRT,282.64,2.56,N,VIIRS_NOAA20_NRT
17.95897,80.78802,301.14,0.7,0.75,2026-08-25,2114,N20,VIIRS,n,2.0NRT,282.43,3.86,N,VIIRS_NOAA20_NRT
15.34013,76.27901,303.12,0.4,0.6,2026-08-25,2114,N20,VIIRS,n,2.0NRT,286.55,1.89,N,VIIRS_NOAA20_NRT
22.92767,70.10764,315.24,0.41,0.37,2026-08-25,2112,N20,VIIRS,n,2.0NRT,293.46,1.1,N,VIIRS_NOAA20_NRT
15.33927,76.27831,307.71,0.4,0.6,2026-08-25,2114,N20,VIIRS,n,2.0NRT,286.95,2.0,N,VIIRS_NOAA20_NRT
15.10937,76.80316,296.23,0.44,0.62,2026-08-25,2114,N20,VIIRS,n,2.0NRT,286.09,2.57,N,VIIRS_NOAA20_NRT
25.9438,72.19157,304.35,0.45,0.39,2026-08-25,2112,N20,VIIRS,n,2.0NRT,280.35,0.77,N,VIIRS_NOAA20_NRT
23.49973,68.57806,299.67,0.38,0.36,2026-08-25,2112,N20,VIIRS,n,2.0NRT,289.53,0.72,N,VIIRS_NOAA20_NRT
22.93445,69.69788,330.6,0.4,0.37,2026-08-25,2112,N20,VIIRS,n,2.0NRT,293.92,3.76,N,VIIRS_NOAA20_NRT
22.9338,69.70174,317.05,0.4,0.37,2026-08-25,2112,N20,VIIRS,n,2.0NRT,294.03,2.97,N,VIIRS_NOAA20_NRT
15.11204,76.8075,300.58,0.44,0.62,2026-08-25,2114,N20,VIIRS,n,2.0NRT,287.16,2.02,N,VIIRS_NOAA20_NRT
26.75963,83.19836,301.32,0.44,0.62,2026-08-25,1930,N20,VIIRS,n,2.0NRT,278.65,1.23,N,VIIRS_NOAA20_NRT
17.60567,83.19904,306.36,0.34,0.56,2026-08-25,1932,N20,VIIRS,n,2.0NRT,285.52,1.83,N,VIIRS_NOAA20_NRT
17.6105,83.20296,318.58,0.34,0.56,2026-08-25,1932,N20,VIIRS,n,2.0NRT,287.06,1.83,N,VIIRS_NOAA20_NRT
21.19639,81.41189,307.28,0.5,0.66,2026-08-25,1932,N20,VIIRS,n,2.0NRT,281.28,2.93,N,VIIRS_NOAA20_NRT
21.3352,78.96751,301.03,0.72,0.76,2026-08-25,1932,N20,VIIRS,n,2.0NRT,280.3,2.37,N,VIIRS_NOAA20_NRT
21.37752,81.67648,303.65,0.48,0.65,2026-08-25,1932,N20,VIIRS,n,2.0NRT,277.68,1.85,N,VIIRS_NOAA20_NRT
21.39248,81.64462,301.02,0.48,0.65,2026-08-25,1932,N20,VIIRS,n,2.0NRT,277.24,0.73,N,VIIRS_NOAA20_NRT
21.74762,83.84057,298.87,0.35,0.57,2026-08-25,1932,N20,VIIRS,n,2.0NRT,279.45,0.68,N,VIIRS_NOAA20_NRT
21.19596,81.41667,327.82,0.5,0.66,2026-08-25,1932,N20,VIIRS,n,2.0NRT,281.6,2.93,N,VIIRS_NOAA20_NRT
22.36469,87.30035,317.29,0.43,0.46,2026-08-25,1932,N20,VIIRS,n,2.0NRT,288.75,3.38,N,VIIRS_NOAA20_NRT
22.35725,87.29079,305.1,0.43,0.46,2026-08-25,1932,N20,VIIRS,n,2.0NRT,287.79,1.92,N,VIIRS_NOAA20_NRT
34.47523,73.85731,331.54,0.42,0.38,2026-08-25,2108,N20,VIIRS,n,2.0NRT,291.71,6.61,N,VIIRS_NOAA20_NRT
34.47445,73.86165,303.5,0.42,0.38,2026-08-25,2108,N20,VIIRS,n,2.0NRT,288.2,6.61,N,VIIRS_NOAA20_NRT
34.47186,73.85632,298.24,0.42,0.38,2026-08-25,2108,N20,VIIRS,n,2.0NRT,287.8,1.3,N,VIIRS_NOAA20_NRT
23.66496,87.15575,310.24,0.46,0.47,2026-08-25,1932,N20,VIIRS,n,2.0NRT,276.63,1.93,N,VIIRS_NOAA20_NRT
23.61165,87.14617,298.73,0.46,0.47,2026-08-25,1932,N20,VIIRS,n,2.0NRT,274.79,0.41,N,VIIRS_NOAA20_NRT
34.47789,73.86224,296.97,0.42,0.38,2026-08-25,2108,N20,VIIRS,n,2.0NRT,286.25,6.61,N,VIIRS_NOAA20_NRT
22.80134,86.09074,308.76,0.52,0.5,2026-08-25,1932,N20,VIIRS,n,2.0NRT,281.25,2.73,N,VIIRS_NOAA20_NRT
22.78985,86.19658,299.79,0.51,0.49,2026-08-25,1932,N20,VIIRS,n,2.0NRT,278.86,1.59,N,VIIRS_NOAA20_NRT
22.7893,86.20161,298.23,0.51,0.49,2026-08-25,1932,N20,VIIRS,n,2.0NRT,279.01,0.92,N,VIIRS_NOAA20_NRT
22.78875,86.20664,298.14,0.51,0.49,2026-08-25,1932,N20,VIIRS,n,2.0NRT,276.01,0.92,N,VIIRS_NOAA20_NRT
22.3689,87.30096,305.95,0.43,0.46,2026-08-25,1932,N20,VIIRS,n,2.0NRT,288.76,2.38,N,VIIRS_NOAA20_NRT
23.56146,87.23864,298.85,0.45,0.47,2026-08-25,1932,N20,VIIRS,n,2.0NRT,276.18,0.59,N,VIIRS_NOAA20_NRT
17.02574,81.12362,305.54,0.45,0.39,2026-08-26,2000,N21,VIIRS,n,2.0NRT,291.23,1.64,N,VIIRS_NOAA21_NRT
17.02656,81.12515,305.65,0.45,0.39,2026-08-26,2000,N21,VIIRS,n,2.0NRT,291.0,1.45,N,VIIRS_NOAA21_NRT
15.84632,80.17049,316.79,0.49,0.4,2026-08-26,2000,N21,VIIRS,n,2.0NRT,292.15,6.76,N,VIIRS_NOAA21_NRT
15.65726,73.98717,305.45,0.4,0.6,2026-08-26,2000,N21,VIIRS,n,2.0NRT,290.46,1.46,N,VIIRS_NOAA21_NRT
11.81676,77.91685,300.49,0.39,0.44,2026-08-26,2000,N21,VIIRS,n,2.0NRT,280.09,0.64,N,VIIRS_NOAA21_NRT
15.33406,76.28747,307.41,0.56,0.51,2026-08-26,2000,N21,VIIRS,n,2.0NRT,290.89,2.0,N,VIIRS_NOAA21_NRT
11.80773,77.92281,307.55,0.39,0.44,2026-08-26,2000,N21,VIIRS,n,2.0NRT,279.96,1.42,N,VIIRS_NOAA21_NRT
14.60618,78.52363,308.46,0.39,0.44,2026-08-26,2000,N21,VIIRS,n,2.0NRT,292.48,2.22,N,VIIRS_NOAA21_NRT
15.01244,79.80169,322.25,0.5,0.41,2026-08-26,2000,N21,VIIRS,n,2.0NRT,291.52,6.81,N,VIIRS_NOAA21_NRT
15.17225,76.6562,303.66,0.52,0.5,2026-08-26,2000,N21,VIIRS,n,2.0NRT,286.09,1.92,N,VIIRS_NOAA21_NRT
15.17265,76.69075,305.8,0.52,0.5,2026-08-26,2000,N21,VIIRS,n,2.0NRT,287.56,1.27,N,VIIRS_NOAA21_NRT
15.1761,77.09933,304.79,0.49,0.49,2026-08-26,2000,N21,VIIRS,n,2.0NRT,288.41,1.4,N,VIIRS_NOAA21_NRT
15.17625,76.66158,302.46,0.52,0.5,2026-08-26,2000,N21,VIIRS,n,2.0NRT,286.37,2.16,N,VIIRS_NOAA21_NRT
15.17685,76.65675,314.98,0.52,0.5,2026-08-26,2000,N21,VIIRS,n,2.0NRT,287.7,1.92,N,VIIRS_NOAA21_NRT
15.17745,76.65191,305.61,0.52,0.5,2026-08-26,2000,N21,VIIRS,n,2.0NRT,286.41,1.92,N,VIIRS_NOAA21_NRT
15.17911,77.10237,305.35,0.49,0.49,2026-08-26,2000,N21,VIIRS,n,2.0NRT,288.52,1.45,N,VIIRS_NOAA21_NRT
15.17965,76.67181,304.26,0.52,0.5,2026-08-26,2000,N21,VIIRS,n,2.0NRT,288.23,3.57,N,VIIRS_NOAA21_NRT
15.17996,77.10442,304.53,0.49,0.49,2026-08-26,2000,N21,VIIRS,n,2.0NRT,288.03,1.88,N,VIIRS_NOAA21_NRT
15.18025,76.66698,302.76,0.52,0.5,2026-08-26,2000,N21,VIIRS,n,2.0NRT,287.54,2.13,N,VIIRS_NOAA21_NRT
15.18324,76.64272,309.38,0.53,0.5,2026-08-26,2000,N21,VIIRS,n,2.0NRT,285.39,2.15,N,VIIRS_NOAA21_NRT
15.65695,73.98811,308.16,0.4,0.6,2026-08-26,2000,N21,VIIRS,n,2.0NRT,290.45,1.29,N,VIIRS_NOAA21_NRT
22.4143,69.03838,306.35,0.32,0.55,2026-08-26,2138,N21,VIIRS,n,2.0NRT,290.09,0.72,N,VIIRS_NOAA21_NRT
15.17025,76.38171,304.26,0.4,0.44,2026-08-26,2055,N20,VIIRS,n,2.0NRT,286.12,0.89,N,VIIRS_NOAA20_NRT
23.31667,70.48634,308.92,0.43,0.38,2026-08-26,2053,N20,VIIRS,n,2.0NRT,294.09,1.21,N,VIIRS_NOAA20_NRT
23.31464,70.48708,307.11,0.43,0.38,2026-08-26,2053,N20,VIIRS,n,2.0NRT,293.75,1.62,N,VIIRS_NOAA20_NRT
22.41633,69.0387,309.0,0.48,0.4,2026-08-26,2053,N20,VIIRS,n,2.0NRT,292.91,2.63,N,VIIRS_NOAA20_NRT
22.32132,69.88142,317.54,0.44,0.38,2026-08-26,2053,N20,VIIRS,n,2.0NRT,287.39,1.49,N,VIIRS_NOAA20_NRT
22.32085,69.8827,311.16,0.44,0.38,2026-08-26,2053,N20,VIIRS,n,2.0NRT,286.86,1.41,N,VIIRS_NOAA20_NRT
21.1065,72.64651,300.89,0.38,0.36,2026-08-26,2053,N20,VIIRS,n,2.0NRT,270.92,0.55,N,VIIRS_NOAA20_NRT
11.80962,77.92208,298.71,0.58,0.52,2026-08-26,2055,N20,VIIRS,n,2.0NRT,276.25,0.74,N,VIIRS_NOAA20_NRT
20.91049,71.45941,312.46,0.39,0.36,2026-08-26,2053,N20,VIIRS,n,2.0NRT,289.09,1.26,N,VIIRS_NOAA20_NRT
20.80444,85.25613,301.92,0.58,0.7,2026-08-26,2053,N20,VIIRS,n,2.0NRT,284.07,1.25,N,VIIRS_NOAA20_NRT
20.79822,85.25431,308.68,0.58,0.7,2026-08-26,2053,N20,VIIRS,n,2.0NRT,283.63,1.25,N,VIIRS_NOAA20_NRT
20.78934,85.26369,304.73,0.59,0.7,2026-08-26,2053,N20,VIIRS,n,2.0NRT,284.02,1.07,N,VIIRS_NOAA20_NRT
20.78438,85.25655,302.13,0.58,0.7,2026-08-26,2053,N20,VIIRS,n,2.0NRT,283.99,1.07,N,VIIRS_NOAA20_NRT
20.78307,85.26205,301.72,0.59,0.7,2026-08-26,2053,N20,VIIRS,n,2.0NRT,283.99,1.07,N,VIIRS_NOAA20_NRT
20.81066,85.25798,303.54,0.58,0.7,2026-08-26,2053,N20,VIIRS,n,2.0NRT,284.2,2.64,N,VIIRS_NOAA20_NRT
13.71163,79.62034,301.42,0.35,0.56,2026-08-26,2055,N20,VIIRS,n,2.0NRT,282.07,1.07,N,VIIRS_NOAA20_NRT
13.84566,79.25454,303.89,0.33,0.55,2026-08-26,2055,N20,VIIRS,n,2.0NRT,283.38,1.01,N,VIIRS_NOAA20_NRT
15.33449,76.28466,307.06,0.39,0.44,2026-08-26,2055,N20,VIIRS,n,2.0NRT,290.93,1.15,N,VIIRS_NOAA20_NRT
15.33309,76.24698,309.09,0.39,0.44,2026-08-26,2055,N20,VIIRS,n,2.0NRT,290.15,0.78,N,VIIRS_NOAA20_NRT
15.30119,76.21846,301.59,0.39,0.44,2026-08-26,2055,N20,VIIRS,n,2.0NRT,288.41,0.8,N,VIIRS_NOAA20_NRT
15.18496,76.66879,312.05,0.42,0.45,2026-08-26,2055,N20,VIIRS,n,2.0NRT,285.84,2.38,N,VIIRS_NOAA20_NRT
13.71613,79.62455,302.5,0.35,0.56,2026-08-26,2055,N20,VIIRS,n,2.0NRT,282.05,0.91,N,VIIRS_NOAA20_NRT
15.18357,76.67648,309.53,0.42,0.45,2026-08-26,2055,N20,VIIRS,n,2.0NRT,286.52,1.65,N,VIIRS_NOAA20_NRT
15.17886,76.65562,312.26,0.42,0.45,2026-08-26,2055,N20,VIIRS,n,2.0NRT,286.36,1.55,N,VIIRS_NOAA20_NRT
15.17816,76.65945,310.09,0.42,0.45,2026-08-26,2055,N20,VIIRS,n,2.0NRT,285.4,1.55,N,VIIRS_NOAA20_NRT
15.17542,77.10057,302.32,0.45,0.47,2026-08-26,2055,N20,VIIRS,n,2.0NRT,285.01,1.32,N,VIIRS_NOAA20_NRT
15.17477,76.65479,318.72,0.42,0.45,2026-08-26,2055,N20,VIIRS,n,2.0NRT,284.95,1.55,N,VIIRS_NOAA20_NRT
15.17336,76.66246,301.82,0.42,0.45,2026-08-26,2055,N20,VIIRS,n,2.0NRT,285.19,1.14,N,VIIRS_NOAA20_NRT
13.84619,79.25174,311.52,0.33,0.55,2026-08-26,2055,N20,VIIRS,n,2.0NRT,279.9,1.27,N,VIIRS_NOAA20_NRT
15.17946,76.67565,307.05,0.42,0.45,2026-08-26,2055,N20,VIIRS,n,2.0NRT,285.67,1.65,N,VIIRS_NOAA20_NRT
24.14523,86.33312,317.53,0.38,0.36,2026-08-26,1957,N21,VIIRS,n,2.0NRT,288.81,3.46,N,VIIRS_NOAA21_NRT
22.21023,84.86258,331.63,0.39,0.36,2026-08-26,729,N21,VIIRS,n,2.0NRT,293.69,3.63,D,VIIRS_NOAA21_NRT
21.67999,84.03966,332.83,0.4,0.37,2026-08-26,729,N21,VIIRS,l,2.0NRT,296.61,9.21,D,VIIRS_NOAA21_NRT
21.67331,84.0409,329.78,0.4,0.37,2026-08-26,729,N21,VIIRS,l,2.0NRT,295.02,4.73,D,VIIRS_NOAA21_NRT
17.60913,83.20387,331.24,0.47,0.4,2026-08-26,729,N21,VIIRS,l,2.0NRT,296.24,9.96,D,VIIRS_NOAA21_NRT
16.83534,79.16514,330.52,0.56,0.51,2026-08-26,729,N21,VIIRS,n,2.0NRT,291.87,3.28,D,VIIRS_NOAA21_NRT
16.40067,79.36681,335.24,0.55,0.51,2026-08-26,729,N21,VIIRS,n,2.0NRT,293.52,8.29,D,VIIRS_NOAA21_NRT
15.62631,79.17872,330.99,0.59,0.53,2026-08-26,729,N21,VIIRS,n,2.0NRT,291.27,4.14,D,VIIRS_NOAA21_NRT
15.62259,79.18162,334.29,0.59,0.53,2026-08-26,729,N21,VIIRS,n,2.0NRT,292.53,6.57,D,VIIRS_NOAA21_NRT
11.7447,79.05466,333.07,0.35,0.57,2026-08-26,726,N21,VIIRS,n,2.0NRT,295.21,1.51,D,VIIRS_NOAA21_NRT
11.74077,78.97653,347.16,0.36,0.57,2026-08-26,726,N21,VIIRS,n,2.0NRT,294.02,3.99,D,VIIRS_NOAA21_NRT
10.38894,79.17622,330.34,0.37,0.58,2026-08-26,726,N21,VIIRS,n,2.0NRT,292.83,5.0,D,VIIRS_NOAA21_NRT
9.39075,78.88336,336.06,0.4,0.6,2026-08-26,726,N21,VIIRS,n,2.0NRT,291.74,2.89,D,VIIRS_NOAA21_NRT
22.21333,84.83915,330.66,0.39,0.36,2026-08-26,729,N21,VIIRS,n,2.0NRT,291.48,2.79,D,VIIRS_NOAA21_NRT
22.21391,84.84286,330.93,0.39,0.36,2026-08-26,729,N21,VIIRS,n,2.0NRT,291.89,3.38,D,VIIRS_NOAA21_NRT
22.21468,84.8694,334.29,0.39,0.36,2026-08-26,729,N21,VIIRS,n,2.0NRT,293.07,5.23,D,VIIRS_NOAA21_NRT
21.10038,72.63611,334.04,0.61,0.71,2026-08-26,731,N21,VIIRS,n,2.0NRT,287.11,6.31,D,VIIRS_NOAA21_NRT
20.86195,84.98651,328.95,0.38,0.36,2026-08-26,1957,N21,VIIRS,n,2.0NRT,288.09,2.02,N,VIIRS_NOAA21_NRT
20.86411,84.99441,322.59,0.38,0.36,2026-08-26,1957,N21,VIIRS,n,2.0NRT,289.01,3.46,N,VIIRS_NOAA21_NRT
20.86468,84.99075,316.09,0.38,0.36,2026-08-26,1957,N21,VIIRS,n,2.0NRT,289.13,2.02,N,VIIRS_NOAA21_NRT
20.86524,84.98709,310.12,0.38,0.36,2026-08-26,1957,N21,VIIRS,n,2.0NRT,288.65,2.02,N,VIIRS_NOAA21_NRT
20.86797,84.99133,305.97,0.38,0.36,2026-08-26,1957,N21,VIIRS,n,2.0NRT,288.27,1.49,N,VIIRS_NOAA21_NRT
20.88613,84.98322,326.31,0.38,0.36,2026-08-26,1957,N21,VIIRS,n,2.0NRT,287.05,4.18,N,VIIRS_NOAA21_NRT
20.79946,85.25735,306.59,0.38,0.36,2026-08-26,1957,N21,VIIRS,n,2.0NRT,278.15,0.78,N,VIIRS_NOAA21_NRT
20.88999,84.98014,310.5,0.38,0.36,2026-08-26,1957,N21,VIIRS,n,2.0NRT,286.79,1.28,N,VIIRS_NOAA21_NRT
22.24414,87.38998,323.61,0.41,0.37,2026-08-26,1957,N21,VIIRS,n,2.0NRT,290.59,5.3,N,VIIRS_NOAA21_NRT
22.35626,87.28948,309.68,0.41,0.37,2026-08-26,1957,N21,VIIRS,n,2.0NRT,289.94,1.98,N,VIIRS_NOAA21_NRT
22.37569,87.27717,308.06,0.41,0.37,2026-08-26,1957,N21,VIIRS,n,2.0NRT,288.14,1.47,N,VIIRS_NOAA21_NRT
22.37841,87.28172,302.42,0.41,0.37,2026-08-26,1957,N21,VIIRS,n,2.0NRT,281.42,1.97,N,VIIRS_NOAA21_NRT
22.37905,87.27782,312.36,0.41,0.37,2026-08-26,1957,N21,VIIRS,n,2.0NRT,283.16,1.47,N,VIIRS_NOAA21_NRT
20.98991,85.12567,300.84,0.38,0.36,2026-08-26,1957,N21,VIIRS,n,2.0NRT,285.29,0.71,N,VIIRS_NOAA21_NRT
23.68759,87.12062,303.46,0.39,0.37,2026-08-26,1957,N21,VIIRS,n,2.0NRT,283.41,2.11,N,VIIRS_NOAA21_NRT
18.95677,73.94353,329.4,0.41,0.37,2026-08-26,2053,N20,VIIRS,n,2.0NRT,290.9,2.58,N,VIIRS_NOAA20_NRT
30.34867,74.23013,338.78,0.6,0.53,2026-08-26,731,N21,VIIRS,n,2.0NRT,299.85,6.85,D,VIIRS_NOAA21_NRT
21.10424,72.64529,332.55,0.55,0.68,2026-08-26,909,N21,VIIRS,n,2.0NRT,288.95,7.18,D,VIIRS_NOAA21_NRT
21.10633,72.64521,332.78,0.55,0.68,2026-08-26,909,N21,VIIRS,n,2.0NRT,288.69,6.43,D,VIIRS_NOAA21_NRT
18.68589,73.02978,301.74,0.39,0.36,2026-08-26,2053,N20,VIIRS,n,2.0NRT,287.39,0.74,N,VIIRS_NOAA20_NRT
18.68135,73.03658,308.6,0.39,0.36,2026-08-26,2053,N20,VIIRS,n,2.0NRT,290.54,1.56,N,VIIRS_NOAA20_NRT
15.44035,76.97665,332.95,0.44,0.38,2026-08-26,822,N20,VIIRS,n,2.0NRT,302.63,1.86,D,VIIRS_NOAA20_NRT
15.18318,76.64153,337.25,0.42,0.38,2026-08-26,822,N20,VIIRS,n,2.0NRT,299.05,4.17,D,VIIRS_NOAA20_NRT
15.17841,76.68213,338.03,0.42,0.38,2026-08-26,822,N20,VIIRS,n,2.0NRT,301.96,5.5,D,VIIRS_NOAA20_NRT
15.17785,76.67822,336.4,0.42,0.38,2026-08-26,822,N20,VIIRS,n,2.0NRT,302.7,4.7,D,VIIRS_NOAA20_NRT
15.17506,76.65867,334.39,0.42,0.38,2026-08-26,822,N20,VIIRS,n,2.0NRT,302.05,4.09,D,VIIRS_NOAA20_NRT
15.01841,79.74989,340.98,0.4,0.44,2026-08-26,822,N20,VIIRS,n,2.0NRT,297.14,5.67,D,VIIRS_NOAA20_NRT
15.00306,76.99864,337.96,0.43,0.38,2026-08-26,822,N20,VIIRS,n,2.0NRT,302.29,4.52,D,VIIRS_NOAA20_NRT
14.23911,79.66386,333.76,0.39,0.44,2026-08-26,822,N20,VIIRS,n,2.0NRT,294.68,3.12,D,VIIRS_NOAA20_NRT
14.15628,77.23994,339.33,0.43,0.38,2026-08-26,822,N20,VIIRS,n,2.0NRT,298.39,3.71,D,VIIRS_NOAA20_NRT
13.973,78.2289,331.1,0.48,0.4,2026-08-26,822,N20,VIIRS,n,2.0NRT,298.76,3.09,D,VIIRS_NOAA20_NRT
13.09371,78.80157,334.78,0.5,0.41,2026-08-26,822,N20,VIIRS,n,2.0NRT,299.14,4.44,D,VIIRS_NOAA20_NRT
12.95476,79.27879,334.78,0.53,0.42,2026-08-26,822,N20,VIIRS,n,2.0NRT,298.13,3.78,D,VIIRS_NOAA20_NRT
12.30538,76.84256,330.79,0.41,0.37,2026-08-26,822,N20,VIIRS,n,2.0NRT,297.18,1.44,D,VIIRS_NOAA20_NRT
12.26599,77.0015,335.46,0.41,0.37,2026-08-26,822,N20,VIIRS,n,2.0NRT,300.16,2.81,D,VIIRS_NOAA20_NRT
12.13018,79.65379,342.13,0.54,0.42,2026-08-26,822,N20,VIIRS,n,2.0NRT,302.82,13.42,D,VIIRS_NOAA20_NRT
12.05793,76.91864,331.26,0.41,0.37,2026-08-26,822,N20,VIIRS,l,2.0NRT,303.36,1.61,D,VIIRS_NOAA20_NRT
11.67362,78.43934,330.64,0.46,0.39,2026-08-26,822,N20,VIIRS,n,2.0NRT,300.06,2.19,D,VIIRS_NOAA20_NRT
9.8038,78.17648,340.06,0.43,0.38,2026-08-26,822,N20,VIIRS,n,2.0NRT,300.91,4.38,D,VIIRS_NOAA20_NRT
10.05029,77.95355,349.07,0.43,0.38,2026-08-26,822,N20,VIIRS,n,2.0NRT,303.31,7.84,D,VIIRS_NOAA20_NRT
10.93808,79.54315,336.15,0.52,0.41,2026-08-26,822,N20,VIIRS,n,2.0NRT,294.31,4.04,D,VIIRS_NOAA20_NRT
11.35922,77.2625,330.28,0.41,0.37,2026-08-26,822,N20,VIIRS,n,2.0NRT,293.57,1.86,D,VIIRS_NOAA20_NRT
11.42405,78.16054,332.79,0.45,0.39,2026-08-26,822,N20,VIIRS,n,2.0NRT,300.25,4.18,D,VIIRS_NOAA20_NRT
11.46199,77.46516,341.29,0.42,0.38,2026-08-26,822,N20,VIIRS,n,2.0NRT,296.66,5.71,D,VIIRS_NOAA20_NRT
11.53354,78.71278,341.68,0.48,0.4,2026-08-26,822,N20,VIIRS,n,2.0NRT,303.65,4.61,D,VIIRS_NOAA20_NRT
11.55913,79.62791,336.44,0.53,0.42,2026-08-26,822,N20,VIIRS,n,2.0NRT,295.58,4.14,D,VIIRS_NOAA20_NRT
10.05376,77.95303,343.77,0.43,0.38,2026-08-26,822,N20,VIIRS,n,2.0NRT,299.95,7.84,D,VIIRS_NOAA20_NRT
9.38962,78.88501,347.44,0.46,0.39,2026-08-26,822,N20,VIIRS,n,2.0NRT,301.32,21.77,D,VIIRS_NOAA20_NRT
15.74739,77.78989,337.15,0.48,0.4,2026-08-26,822,N20,VIIRS,n,2.0NRT,294.81,4.12,D,VIIRS_NOAA20_NRT
16.0065,77.04945,340.97,0.44,0.39,2026-08-26,822,N20,VIIRS,n,2.0NRT,298.13,3.84,D,VIIRS_NOAA20_NRT
16.83671,79.16844,333.57,0.39,0.44,2026-08-26,824,N20,VIIRS,n,2.0NRT,297.69,2.33,D,VIIRS_NOAA20_NRT
19.99819,74.01125,333.16,0.39,0.36,2026-08-26,824,N20,VIIRS,n,2.0NRT,295.9,3.21,D,VIIRS_NOAA20_NRT
21.10113,72.63656,342.14,0.38,0.36,2026-08-26,824,N20,VIIRS,n,2.0NRT,300.87,8.04,D,VIIRS_NOAA20_NRT
21.10283,72.64758,339.05,0.38,0.36,2026-08-26,824,N20,VIIRS,n,2.0NRT,302.09,11.92,D,VIIRS_NOAA20_NRT
21.10612,72.647,344.97,0.38,0.36,2026-08-26,824,N20,VIIRS,n,2.0NRT,302.32,11.92,D,VIIRS_NOAA20_NRT
21.74298,83.84299,346.9,0.45,0.63,2026-08-26,824,N20,VIIRS,n,2.0NRT,287.63,11.6,D,VIIRS_NOAA20_NRT
15.97756,78.4123,330.46,0.52,0.41,2026-08-26,822,N20,VIIRS,n,2.0NRT,294.78,2.89,D,VIIRS_NOAA20_NRT
21.74881,83.84253,346.63,0.45,0.63,2026-08-26,824,N20,VIIRS,n,2.0NRT,287.28,5.28,D,VIIRS_NOAA20_NRT
21.75503,83.8465,334.17,0.45,0.63,2026-08-26,824,N20,VIIRS,n,2.0NRT,286.35,5.28,D,VIIRS_NOAA20_NRT
21.9208,83.35326,326.38,0.42,0.61,2026-08-26,824,N20,VIIRS,n,2.0NRT,277.14,2.84,D,VIIRS_NOAA20_NRT
22.35542,82.30332,334.63,0.36,0.58,2026-08-26,824,N20,VIIRS,n,2.0NRT,289.53,7.35,D,VIIRS_NOAA20_NRT
22.35975,82.30282,333.19,0.36,0.58,2026-08-26,824,N20,VIIRS,n,2.0NRT,286.99,8.21,D,VIIRS_NOAA20_NRT
22.92799,70.10835,334.26,0.42,0.38,2026-08-26,826,N20,VIIRS,l,2.0NRT,302.81,6.26,D,VIIRS_NOAA20_NRT
21.74921,83.84696,326.92,0.45,0.63,2026-08-26,824,N20,VIIRS,n,2.0NRT,286.66,5.28,D,VIIRS_NOAA20_NRT
9.30177,77.47569,336.04,0.41,0.37,2026-08-26,822,N20,VIIRS,n,2.0NRT,285.33,5.73,D,VIIRS_NOAA20_NRT
12.83705,79.94056,330.38,0.39,0.44,2026-08-26,822,N20,VIIRS,l,2.0NRT,301.2,2.86,D,VIIRS_NOAA20_NRT
9.21909,78.64851,335.48,0.45,0.39,2026-08-26,822,N20,VIIRS,n,2.0NRT,295.48,2.52,D,VIIRS_NOAA20_NRT
20.76468,85.29327,303.89,0.56,0.69,2026-08-26,1915,N20,VIIRS,n,2.0NRT,272.33,2.11,N,VIIRS_NOAA20_NRT
20.76239,85.29076,299.33,0.56,0.69,2026-08-26,1915,N20,VIIRS,n,2.0NRT,273.13,1.44,N,VIIRS_NOAA20_NRT
20.76191,85.29632,305.1,0.56,0.69,2026-08-26,1915,N20,VIIRS,n,2.0NRT,273.38,1.85,N,VIIRS_NOAA20_NRT
20.96951,85.17609,305.91,0.58,0.69,2026-08-26,1913,N20,VIIRS,n,2.0NRT,274.26,3.1,N,VIIRS_NOAA20_NRT
20.79809,85.25024,301.94,0.57,0.69,2026-08-26,1915,N20,VIIRS,n,2.0NRT,271.59,2.09,N,VIIRS_NOAA20_NRT
20.96356,85.1699,297.9,0.58,0.69,2026-08-26,1913,N20,VIIRS,n,2.0NRT,270.6,2.19,N,VIIRS_NOAA20_NRT
20.79373,85.25214,303.88,0.57,0.69,2026-08-26,1913,N20,VIIRS,n,2.0NRT,271.84,1.95,N,VIIRS_NOAA20_NRT
29.47616,76.85736,306.91,0.41,0.37,2026-08-26,2051,N20,VIIRS,n,2.0NRT,287.88,1.89,N,VIIRS_NOAA20_NRT
26.92686,73.4677,305.99,0.39,0.36,2026-08-26,2051,N20,VIIRS,n,2.0NRT,287.44,1.1,N,VIIRS_NOAA20_NRT
26.87866,73.51471,303.59,0.39,0.36,2026-08-26,2051,N20,VIIRS,n,2.0NRT,282.78,1.11,N,VIIRS_NOAA20_NRT
26.76138,83.19917,301.41,0.32,0.55,2026-08-26,2051,N20,VIIRS,n,2.0NRT,278.05,0.93,N,VIIRS_NOAA20_NRT
23.93222,72.36194,322.77,0.39,0.36,2026-08-26,2051,N20,VIIRS,n,2.0NRT,280.0,1.69,N,VIIRS_NOAA20_NRT
23.61789,86.78893,305.36,0.63,0.72,2026-08-26,2051,N20,VIIRS,n,2.0NRT,283.23,1.9,N,VIIRS_NOAA20_NRT
9.21554,78.64903,336.71,0.45,0.39,2026-08-26,822,N20,VIIRS,n,2.0NRT,297.98,3.51,D,VIIRS_NOAA20_NRT
18.68196,73.03288,302.89,0.39,0.36,2026-08-26,2053,N20,VIIRS,n,2.0NRT,289.13,1.56,N,VIIRS_NOAA20_NRT
21.10197,72.63417,314.93,0.57,0.52,2026-08-27,2121,N21,VIIRS,n,2.0NRT,273.63,6.06,N,VIIRS_NOAA21_NRT
29.45728,76.87041,308.61,0.35,0.57,2026-08-27,2118,N21,VIIRS,n,2.0NRT,291.22,1.12,N,VIIRS_NOAA21_NRT
29.90769,74.95112,324.48,0.53,0.5,2026-08-27,2118,N21,VIIRS,n,2.0NRT,295.82,4.03,N,VIIRS_NOAA21_NRT
18.40169,74.43215,301.42,0.43,0.62,2026-08-27,2121,N21,VIIRS,n,2.0NRT,286.53,1.29,N,VIIRS_NOAA21_NRT
26.63483,70.38657,342.14,0.45,0.47,2026-08-27,852,N21,VIIRS,n,2.0NRT,303.32,4.72,D,VIIRS_NOAA21_NRT
21.10285,72.63518,315.13,0.57,0.52,2026-08-27,2121,N21,VIIRS,n,2.0NRT,274.69,3.87,N,VIIRS_NOAA21_NRT
21.10449,72.64615,317.36,0.58,0.52,2026-08-27,2121,N21,VIIRS,n,2.0NRT,274.79,5.35,N,VIIRS_NOAA21_NRT
21.1053,72.64713,317.47,0.58,0.52,2026-08-27,2121,N21,VIIRS,n,2.0NRT,275.42,5.51,N,VIIRS_NOAA21_NRT
10.97389,77.72894,330.9,0.44,0.62,2026-08-27,848,N21,VIIRS,n,2.0NRT,295.82,4.69,D,VIIRS_NOAA21_NRT
9.18691,77.63944,331.4,0.41,0.6,2026-08-27,848,N21,VIIRS,n,2.0NRT,291.35,1.26,D,VIIRS_NOAA21_NRT
10.05289,77.95028,355.42,0.44,0.62,2026-08-27,848,N21,VIIRS,n,2.0NRT,292.05,11.04,D,VIIRS_NOAA21_NRT
22.92664,70.10658,313.67,0.56,0.43,2026-08-27,2121,N21,VIIRS,n,2.0NRT,293.11,2.39,N,VIIRS_NOAA21_NRT
20.79259,85.25351,339.62,0.39,0.44,2026-08-27,709,N21,VIIRS,n,2.0NRT,293.3,11.26,D,VIIRS_NOAA21_NRT
20.96798,85.17476,339.3,0.39,0.44,2026-08-27,709,N21,VIIRS,n,2.0NRT,293.99,9.02,D,VIIRS_NOAA21_NRT
27.50346,91.71323,333.87,0.44,0.38,2026-08-27,712,N21,VIIRS,n,2.0NRT,299.61,6.5,D,VIIRS_NOAA21_NRT
34.31184,76.76282,367.0,0.33,0.55,2026-08-27,714,N21,VIIRS,h,2.0NRT,307.05,11.73,D,VIIRS_NOAA21_NRT
9.08281,77.96626,331.57,0.43,0.62,2026-08-27,848,N21,VIIRS,n,2.0NRT,294.28,3.55,D,VIIRS_NOAA21_NRT
9.18647,77.63859,330.03,0.41,0.6,2026-08-27,848,N21,VIIRS,n,2.0NRT,292.53,0.83,D,VIIRS_NOAA21_NRT
9.20358,77.94232,343.32,0.43,0.62,2026-08-27,848,N21,VIIRS,n,2.0NRT,296.38,4.47,D,VIIRS_NOAA21_NRT
9.20698,77.93936,332.0,0.43,0.62,2026-08-27,848,N21,VIIRS,n,2.0NRT,296.61,9.27,D,VIIRS_NOAA21_NRT
9.38556,77.56399,330.37,0.4,0.6,2026-08-27,848,N21,VIIRS,n,2.0NRT,292.71,4.92,D,VIIRS_NOAA21_NRT
9.91148,78.28306,333.73,0.46,0.64,2026-08-27,848,N21,VIIRS,n,2.0NRT,291.88,3.22,D,VIIRS_NOAA21_NRT
10.87824,77.60252,332.96,0.43,0.62,2026-08-27,848,N21,VIIRS,n,2.0NRT,294.52,1.69,D,VIIRS_NOAA21_NRT
20.96261,85.16816,330.87,0.39,0.44,2026-08-27,709,N21,VIIRS,n,2.0NRT,293.93,5.52,D,VIIRS_NOAA21_NRT
22.37985,87.27941,320.47,0.36,0.58,2026-08-27,2034,N20,VIIRS,n,2.0NRT,279.73,1.3,N,VIIRS_NOAA20_NRT
10.59377,77.43021,304.6,0.44,0.38,2026-08-27,2038,N20,VIIRS,n,2.0NRT,293.55,0.34,N,VIIRS_NOAA20_NRT
15.17896,76.65481,304.88,0.39,0.36,2026-08-27,2036,N20,VIIRS,n,2.0NRT,280.47,1.3,N,VIIRS_NOAA20_NRT
15.17837,76.6584,305.75,0.39,0.36,2026-08-27,2036,N20,VIIRS,n,2.0NRT,281.15,1.42,N,VIIRS_NOAA20_NRT
15.17565,76.65424,313.9,0.39,0.36,2026-08-27,2036,N20,VIIRS,n,2.0NRT,276.75,1.3,N,VIIRS_NOAA20_NRT
15.17506,76.65783,308.19,0.39,0.36,2026-08-27,2036,N20,VIIRS,n,2.0NRT,279.7,1.42,N,VIIRS_NOAA20_NRT
15.17311,76.69072,304.56,0.39,0.36,2026-08-27,2036,N20,VIIRS,n,2.0NRT,262.63,1.07,N,VIIRS_NOAA20_NRT
15.16954,76.67191,312.8,0.39,0.36,2026-08-27,2036,N20,VIIRS,n,2.0NRT,288.34,2.47,N,VIIRS_NOAA20_NRT
15.16878,76.38122,305.46,0.39,0.36,2026-08-27,2036,N20,VIIRS,n,2.0NRT,285.14,1.21,N,VIIRS_NOAA20_NRT
13.82722,79.25863,311.67,0.49,0.41,2026-08-27,2036,N20,VIIRS,n,2.0NRT,291.84,1.24,N,VIIRS_NOAA20_NRT
13.39423,80.09978,310.06,0.56,0.43,2026-08-27,2036,N20,VIIRS,n,2.0NRT,294.26,1.02,N,VIIRS_NOAA20_NRT
13.39338,80.10246,309.41,0.56,0.43,2026-08-27,2036,N20,VIIRS,n,2.0NRT,294.36,1.67,N,VIIRS_NOAA20_NRT
25.94402,72.18896,306.37,0.43,0.46,2026-08-27,2034,N20,VIIRS,n,2.0NRT,291.48,1.26,N,VIIRS_NOAA20_NRT
15.18383,76.66673,310.39,0.39,0.36,2026-08-27,2036,N20,VIIRS,n,2.0NRT,272.53,2.11,N,VIIRS_NOAA20_NRT
23.56168,87.08423,296.94,0.33,0.56,2026-08-27,2034,N20,VIIRS,n,2.0NRT,264.64,0.31,N,VIIRS_NOAA20_NRT
23.55943,87.2403,303.16,0.34,0.56,2026-08-27,2034,N20,VIIRS,n,2.0NRT,268.87,0.64,N,VIIRS_NOAA20_NRT
23.55796,87.23771,309.96,0.34,0.56,2026-08-27,2034,N20,VIIRS,n,2.0NRT,268.63,1.5,N,VIIRS_NOAA20_NRT
23.11632,70.08329,303.57,0.54,0.5,2026-08-27,2034,N20,VIIRS,n,2.0NRT,288.7,1.73,N,VIIRS_NOAA20_NRT
22.38062,87.27596,304.0,0.36,0.58,2026-08-27,2034,N20,VIIRS,n,2.0NRT,279.93,1.3,N,VIIRS_NOAA20_NRT
22.37007,87.29873,302.4,0.36,0.58,2026-08-27,2034,N20,VIIRS,n,2.0NRT,277.69,1.6,N,VIIRS_NOAA20_NRT
22.36412,87.30086,309.14,0.36,0.58,2026-08-27,2034,N20,VIIRS,n,2.0NRT,277.95,1.91,N,VIIRS_NOAA20_NRT
21.11086,72.63392,297.67,0.53,0.42,2026-08-27,2034,N20,VIIRS,n,2.0NRT,269.91,0.95,N,VIIRS_NOAA20_NRT
23.56014,87.23705,302.58,0.34,0.56,2026-08-27,2034,N20,VIIRS,n,2.0NRT,268.41,0.64,N,VIIRS_NOAA20_NRT
15.3337,76.28465,314.4,0.39,0.36,2026-08-27,2036,N20,VIIRS,n,2.0NRT,291.46,0.98,N,VIIRS_NOAA20_NRT
15.33814,76.27811,331.25,0.39,0.36,2026-08-27,2036,N20,VIIRS,n,2.0NRT,291.87,3.12,N,VIIRS_NOAA20_NRT
15.84314,79.77197,313.9,0.49,0.41,2026-08-27,2036,N20,VIIRS,n,2.0NRT,290.13,1.41,N,VIIRS_NOAA20_NRT
17.95691,80.79494,321.04,0.52,0.42,2026-08-27,2036,N20,VIIRS,n,2.0NRT,291.35,3.85,N,VIIRS_NOAA20_NRT
17.95779,80.79296,325.37,0.52,0.42,2026-08-27,2036,N20,VIIRS,n,2.0NRT,291.51,2.27,N,VIIRS_NOAA20_NRT
17.95781,80.79008,305.78,0.52,0.42,2026-08-27,2036,N20,VIIRS,n,2.0NRT,290.77,1.44,N,VIIRS_NOAA20_NRT
17.95866,80.7881,307.84,0.52,0.42,2026-08-27,2036,N20,VIIRS,n,2.0NRT,291.04,2.27,N,VIIRS_NOAA20_NRT
17.9587,80.7852,305.22,0.52,0.42,2026-08-27,2036,N20,VIIRS,n,2.0NRT,290.86,1.44,N,VIIRS_NOAA20_NRT
8.30496,77.64027,311.47,0.48,0.4,2026-08-27,2038,N20,VIIRS,n,2.0NRT,293.23,2.34,N,VIIRS_NOAA20_NRT
9.49392,77.62406,314.42,0.46,0.39,2026-08-27,2038,N20,VIIRS,n,2.0NRT,287.72,1.32,N,VIIRS_NOAA20_NRT
17.14186,77.1844,313.21,0.39,0.36,2026-08-27,2036,N20,VIIRS,n,2.0NRT,292.77,1.4,N,VIIRS_NOAA20_NRT
10.61681,77.42193,304.47,0.44,0.38,2026-08-27,2038,N20,VIIRS,n,2.0NRT,293.73,0.58,N,VIIRS_NOAA20_NRT
11.1106,77.76625,305.12,0.45,0.39,2026-08-27,2038,N20,VIIRS,n,2.0NRT,293.15,0.44,N,VIIRS_NOAA20_NRT
11.1818,79.10095,308.51,0.52,0.42,2026-08-27,2038,N20,VIIRS,n,2.0NRT,292.24,2.46,N,VIIRS_NOAA20_NRT
11.80997,77.92491,298.4,0.45,0.39,2026-08-27,2038,N20,VIIRS,n,2.0NRT,278.41,0.98,N,VIIRS_NOAA20_NRT
11.81067,77.92082,315.05,0.45,0.39,2026-08-27,2038,N20,VIIRS,n,2.0NRT,281.52,0.98,N,VIIRS_NOAA20_NRT
11.81491,77.91734,307.82,0.45,0.39,2026-08-27,2038,N20,VIIRS,n,2.0NRT,281.99,1.2,N,VIIRS_NOAA20_NRT
11.81844,77.91795,306.9,0.45,0.39,2026-08-27,2038,N20,VIIRS,n,2.0NRT,280.05,0.67,N,VIIRS_NOAA20_NRT
12.24076,78.06161,315.57,0.45,0.39,2026-08-27,2038,N20,VIIRS,n,2.0NRT,293.7,1.02,N,VIIRS_NOAA20_NRT
12.64644,77.78779,297.84,0.44,0.38,2026-08-27,2038,N20,VIIRS,n,2.0NRT,285.68,0.22,N,VIIRS_NOAA20_NRT
12.91795,77.42487,300.73,0.42,0.38,2026-08-27,2038,N20,VIIRS,n,2.0NRT,290.06,0.66,N,VIIRS_NOAA20_NRT
17.13972,77.17654,308.27,0.39,0.36,2026-08-27,2036,N20,VIIRS,n,2.0NRT,292.26,1.22,N,VIIRS_NOAA20_NRT
17.06305,76.97786,312.97,0.39,0.36,2026-08-27,2036,N20,VIIRS,n,2.0NRT,291.9,1.5,N,VIIRS_NOAA20_NRT
16.65075,74.31296,303.68,0.41,0.37,2026-08-27,2036,N20,VIIRS,n,2.0NRT,289.91,1.22,N,VIIRS_NOAA20_NRT
15.99172,78.39793,311.61,0.43,0.38,2026-08-27,2036,N20,VIIRS,n,2.0NRT,291.91,2.61,N,VIIRS_NOAA20_NRT
15.93414,78.26305,311.11,0.42,0.38,2026-08-27,2036,N20,VIIRS,n,2.0NRT,292.98,2.6,N,VIIRS_NOAA20_NRT
15.84508,79.77524,311.52,0.49,0.41,2026-08-27,2036,N20,VIIRS,n,2.0NRT,291.09,1.2,N,VIIRS_NOAA20_NRT
17.46451,80.65163,306.31,0.52,0.42,2026-08-27,2036,N20,VIIRS,n,2.0NRT,291.11,1.53,N,VIIRS_NOAA20_NRT
29.91374,74.95001,317.18,0.51,0.41,2026-08-27,2032,N20,VIIRS,n,2.0NRT,296.17,15.45,N,VIIRS_NOAA20_NRT
29.90996,74.94939,349.11,0.51,0.41,2026-08-27,2032,N20,VIIRS,n,2.0NRT,300.01,15.45,N,VIIRS_NOAA20_NRT
9.23964,77.81049,339.38,0.44,0.39,2026-08-27,803,N20,VIIRS,l,2.0NRT,303.83,8.89,D,VIIRS_NOAA20_NRT
9.12931,77.84509,337.52,0.44,0.39,2026-08-27,803,N20,VIIRS,l,2.0NRT,305.71,5.56,D,VIIRS_NOAA20_NRT
8.95087,77.90591,336.68,0.44,0.38,2026-08-27,803,N20,VIIRS,l,2.0NRT,302.71,2.82,D,VIIRS_NOAA20_NRT
9.27336,77.94791,337.78,0.44,0.38,2026-08-27,803,N20,VIIRS,l,2.0NRT,304.71,10.83,D,VIIRS_NOAA20_NRT
29.91061,74.94411,315.32,0.51,0.41,2026-08-27,2032,N20,VIIRS,n,2.0NRT,294.79,15.45,N,VIIRS_NOAA20_NRT
9.82798,77.77052,338.56,0.44,0.38,2026-08-27,803,N20,VIIRS,l,2.0NRT,302.91,6.26,D,VIIRS_NOAA20_NRT
29.90931,74.95467,310.35,0.51,0.41,2026-08-27,2032,N20,VIIRS,n,2.0NRT,296.01,2.55,N,VIIRS_NOAA20_NRT
29.90619,74.94877,309.91,0.51,0.41,2026-08-27,2032,N20,VIIRS,n,2.0NRT,294.78,1.73,N,VIIRS_NOAA20_NRT
29.45695,76.86645,325.0,0.42,0.38,2026-08-27,2032,N20,VIIRS,n,2.0NRT,294.44,2.18,N,VIIRS_NOAA20_NRT
31.58428,75.88541,336.5,0.39,0.36,2026-08-27,807,N20,VIIRS,n,2.0NRT,299.75,7.07,D,VIIRS_NOAA20_NRT
26.6315,70.38902,341.86,0.41,0.45,2026-08-27,807,N20,VIIRS,n,2.0NRT,300.88,6.8,D,VIIRS_NOAA20_NRT
20.96367,85.19029,330.49,0.53,0.5,2026-08-27,807,N20,VIIRS,n,2.0NRT,291.14,6.6,D,VIIRS_NOAA20_NRT
20.96309,85.18516,332.56,0.53,0.5,2026-08-27,807,N20,VIIRS,n,2.0NRT,291.41,9.71,D,VIIRS_NOAA20_NRT
20.79344,85.25465,352.45,0.53,0.5,2026-08-27,807,N20,VIIRS,n,2.0NRT,289.7,11.97,D,VIIRS_NOAA20_NRT
22.7993,86.09131,332.6,0.32,0.54,2026-08-27,805,N20,VIIRS,n,2.0NRT,290.28,2.85,D,VIIRS_NOAA20_NRT
17.36462,75.19918,335.39,0.47,0.4,2026-08-27,805,N20,VIIRS,l,2.0NRT,305.04,8.72,D,VIIRS_NOAA20_NRT
15.81279,79.73833,335.02,0.39,0.36,2026-08-27,805,N20,VIIRS,n,2.0NRT,289.59,3.1,D,VIIRS_NOAA20_NRT
12.29649,78.82146,334.91,0.39,0.36,2026-08-27,805,N20,VIIRS,n,2.0NRT,300.14,3.56,D,VIIRS_NOAA20_NRT
12.1972,79.71706,332.4,0.38,0.36,2026-08-27,805,N20,VIIRS,n,2.0NRT,296.25,2.8,D,VIIRS_NOAA20_NRT
12.09427,77.76483,335.49,0.42,0.38,2026-08-27,805,N20,VIIRS,l,2.0NRT,302.06,9.48,D,VIIRS_NOAA20_NRT
12.05728,79.84831,333.91,0.38,0.36,2026-08-27,805,N20,VIIRS,n,2.0NRT,298.98,2.33,D,VIIRS_NOAA20_NRT
11.70355,78.596,334.69,0.4,0.37,2026-08-27,805,N20,VIIRS,l,2.0NRT,301.31,6.34,D,VIIRS_NOAA20_NRT
11.03474,77.58891,337.28,0.43,0.38,2026-08-27,803,N20,VIIRS,n,2.0NRT,302.23,4.86,D,VIIRS_NOAA20_NRT
11.03126,77.58949,337.59,0.43,0.38,2026-08-27,803,N20,VIIRS,n,2.0NRT,302.98,4.28,D,VIIRS_NOAA20_NRT
9.9415,78.59012,334.4,0.41,0.37,2026-08-27,803,N20,VIIRS,n,2.0NRT,301.16,2.2,D,VIIRS_NOAA20_NRT
20.79426,85.25369,341.39,0.53,0.5,2026-08-27,807,N20,VIIRS,n,2.0NRT,289.95,9.18,D,VIIRS_NOAA20_NRT
17.37144,77.44598,308.66,0.39,0.36,2026-08-27,2036,N20,VIIRS,n,2.0NRT,292.75,0.9,N,VIIRS_NOAA20_NRT
31.53816,75.11701,339.95,0.52,0.5,2026-08-28,835,N21,VIIRS,n,2.0NRT,297.84,5.36,D,VIIRS_NOAA21_NRT
31.53888,75.11586,337.82,0.52,0.5,2026-08-28,835,N21,VIIRS,n,2.0NRT,297.31,7.68,D,VIIRS_NOAA21_NRT
14.50992,76.59728,333.2,0.39,0.44,2026-08-28,830,N21,VIIRS,n,2.0NRT,299.81,3.17,D,VIIRS_NOAA21_NRT
9.40697,78.81196,338.76,0.46,0.47,2026-08-28,828,N21,VIIRS,n,2.0NRT,301.08,3.78,D,VIIRS_NOAA21_NRT
9.37401,78.6227,341.48,0.45,0.47,2026-08-28,828,N21,VIIRS,n,2.0NRT,302.93,5.53,D,VIIRS_NOAA21_NRT
9.37102,77.52661,334.6,0.38,0.43,2026-08-28,828,N21,VIIRS,l,2.0NRT,305.85,3.24,D,VIIRS_NOAA21_NRT
9.33282,78.42058,341.42,0.44,0.46,2026-08-28,828,N21,VIIRS,n,2.0NRT,303.56,6.56,D,VIIRS_NOAA21_NRT
9.28223,78.3957,342.73,0.43,0.46,2026-08-28,828,N21,VIIRS,n,2.0NRT,301.7,3.85,D,VIIRS_NOAA21_NRT
9.27803,78.39629,348.85,0.43,0.46,2026-08-28,828,N21,VIIRS,n,2.0NRT,302.26,4.12,D,VIIRS_NOAA21_NRT
9.2775,78.39238,332.61,0.43,0.46,2026-08-28,828,N21,VIIRS,n,2.0NRT,300.75,4.12,D,VIIRS_NOAA21_NRT
9.26581,77.91255,344.05,0.4,0.44,2026-08-28,828,N21,VIIRS,n,2.0NRT,295.15,5.95,D,VIIRS_NOAA21_NRT
9.18652,77.78751,350.7,0.4,0.44,2026-08-28,828,N21,VIIRS,n,2.0NRT,307.2,15.58,D,VIIRS_NOAA21_NRT
9.07731,77.57346,342.45,0.38,0.43,2026-08-28,828,N21,VIIRS,n,2.0NRT,305.29,4.03,D,VIIRS_NOAA21_NRT
9.40914,78.81119,334.12,0.46,0.47,2026-08-28,828,N21,VIIRS,n,2.0NRT,300.42,1.73,D,VIIRS_NOAA21_NRT
9.0767,77.56914,338.85,0.57,0.43,2026-08-28,828,N21,VIIRS,n,2.0NRT,306.27,4.9,D,VIIRS_NOAA21_NRT
8.99345,77.86612,337.63,0.4,0.44,2026-08-28,828,N21,VIIRS,n,2.0NRT,307.56,4.63,D,VIIRS_NOAA21_NRT
8.8614,77.99268,337.88,0.4,0.44,2026-08-28,828,N21,VIIRS,l,2.0NRT,308.55,3.59,D,VIIRS_NOAA21_NRT
8.86089,77.99239,337.56,0.4,0.44,2026-08-28,828,N21,VIIRS,l,2.0NRT,308.96,3.92,D,VIIRS_NOAA21_NRT
9.06493,77.68907,340.71,0.39,0.44,2026-08-28,828,N21,VIIRS,n,2.0NRT,305.91,4.13,D,VIIRS_NOAA21_NRT
9.4172,77.50932,337.26,0.38,0.43,2026-08-28,828,N21,VIIRS,l,2.0NRT,307.6,3.45,D,VIIRS_NOAA21_NRT
14.80563,76.7702,330.63,0.41,0.45,2026-08-28,830,N21,VIIRS,n,2.0NRT,298.49,2.35,D,VIIRS_NOAA21_NRT
14.50818,76.59798,339.54,0.39,0.44,2026-08-28,830,N21,VIIRS,n,2.0NRT,297.38,3.88,D,VIIRS_NOAA21_NRT
14.35824,77.18724,332.19,0.42,0.46,2026-08-28,830,N21,VIIRS,l,2.0NRT,302.46,3.29,D,VIIRS_NOAA21_NRT
14.16654,79.82394,342.83,0.63,0.54,2026-08-28,830,N21,VIIRS,n,2.0NRT,295.62,8.73,D,VIIRS_NOAA21_NRT
13.32397,76.02139,332.09,0.53,0.42,2026-08-28,830,N21,VIIRS,n,2.0NRT,294.29,6.95,D,VIIRS_NOAA21_NRT
12.65077,79.52586,340.98,0.58,0.52,2026-08-28,830,N21,VIIRS,n,2.0NRT,297.05,18.17,D,VIIRS_NOAA21_NRT
12.41271,77.18036,340.01,0.4,0.44,2026-08-28,830,N21,VIIRS,n,2.0NRT,289.55,6.76,D,VIIRS_NOAA21_NRT
11.48553,79.03905,333.95,0.51,0.5,2026-08-28,830,N21,VIIRS,n,2.0NRT,293.93,1.84,D,VIIRS_NOAA21_NRT
11.48213,79.03663,337.21,0.51,0.5,2026-08-28,830,N21,VIIRS,n,2.0NRT,293.55,2.53,D,VIIRS_NOAA21_NRT
11.09134,76.9546,332.31,0.56,0.43,2026-08-28,830,N21,VIIRS,n,2.0NRT,299.78,5.04,D,VIIRS_NOAA21_NRT
11.23093,78.85033,335.32,0.49,0.49,2026-08-28,828,N21,VIIRS,n,2.0NRT,296.68,1.73,D,VIIRS_NOAA21_NRT
11.16639,78.01994,337.01,0.44,0.46,2026-08-28,828,N21,VIIRS,n,2.0NRT,299.49,3.13,D,VIIRS_NOAA21_NRT
10.53212,78.34332,334.17,0.45,0.47,2026-08-28,828,N21,VIIRS,n,2.0NRT,295.99,4.64,D,VIIRS_NOAA21_NRT
10.53153,78.34397,332.5,0.45,0.47,2026-08-28,828,N21,VIIRS,n,2.0NRT,295.32,2.69,D,VIIRS_NOAA21_NRT
10.44864,79.65552,335.25,0.55,0.51,2026-08-28,828,N21,VIIRS,n,2.0NRT,294.59,3.77,D,VIIRS_NOAA21_NRT
10.03975,77.97247,338.0,0.42,0.45,2026-08-28,828,N21,VIIRS,n,2.0NRT,304.45,5.07,D,VIIRS_NOAA21_NRT
9.88012,78.4716,335.03,0.45,0.47,2026-08-28,828,N21,VIIRS,n,2.0NRT,303.66,2.73,D,VIIRS_NOAA21_NRT
9.8426,78.13952,339.23,0.42,0.46,2026-08-28,828,N21,VIIRS,n,2.0NRT,305.62,6.3,D,VIIRS_NOAA21_NRT
9.71987,77.97552,346.61,0.41,0.45,2026-08-28,828,N21,VIIRS,n,2.0NRT,304.06,8.76,D,VIIRS_NOAA21_NRT
9.68469,78.36857,345.19,0.44,0.46,2026-08-28,828,N21,VIIRS,n,2.0NRT,307.1,13.95,D,VIIRS_NOAA21_NRT
9.55345,78.51564,341.09,0.45,0.47,2026-08-28,828,N21,VIIRS,n,2.0NRT,308.43,54.45,D,VIIRS_NOAA21_NRT
9.53541,78.18616,344.4,0.42,0.46,2026-08-28,828,N21,VIIRS,n,2.0NRT,306.73,7.91,D,VIIRS_NOAA21_NRT
9.53326,78.18642,344.34,0.42,0.45,2026-08-28,828,N21,VIIRS,n,2.0NRT,307.81,11.28,D,VIIRS_NOAA21_NRT
8.71279,77.97305,343.0,0.4,0.44,2026-08-28,828,N21,VIIRS,n,2.0NRT,308.96,7.52,D,VIIRS_NOAA21_NRT
14.65814,75.65547,337.4,0.52,0.42,2026-08-28,830,N21,VIIRS,n,2.0NRT,294.19,5.13,D,VIIRS_NOAA21_NRT
8.60969,77.83566,339.17,0.39,0.44,2026-08-28,828,N21,VIIRS,n,2.0NRT,306.85,6.03,D,VIIRS_NOAA21_NRT
28.11855,95.48516,332.86,0.41,0.37,2026-08-28,652,N21,VIIRS,n,2.0NRT,295.18,3.0,D,VIIRS_NOAA21_NRT
15.00715,79.72668,340.51,0.32,0.55,2026-08-28,830,N21,VIIRS,n,2.0NRT,296.22,2.82,D,VIIRS_NOAA21_NRT
15.00776,79.72642,339.73,0.32,0.55,2026-08-28,830,N21,VIIRS,n,2.0NRT,296.21,1.83,D,VIIRS_NOAA21_NRT
15.08932,79.77341,333.03,0.32,0.55,2026-08-28,830,N21,VIIRS,n,2.0NRT,298.89,6.01,D,VIIRS_NOAA21_NRT
15.08967,79.7764,355.18,0.32,0.55,2026-08-28,830,N21,VIIRS,n,2.0NRT,299.22,7.39,D,VIIRS_NOAA21_NRT
15.17567,76.67754,337.31,0.4,0.45,2026-08-28,830,N21,VIIRS,n,2.0NRT,294.89,4.38,D,VIIRS_NOAA21_NRT
15.23541,76.44022,333.74,0.39,0.44,2026-08-28,830,N21,VIIRS,n,2.0NRT,295.41,3.65,D,VIIRS_NOAA21_NRT
15.39007,80.13628,330.71,0.34,0.56,2026-08-28,830,N21,VIIRS,n,2.0NRT,296.28,3.37,D,VIIRS_NOAA21_NRT
15.56243,79.89336,338.27,0.33,0.56,2026-08-28,830,N21,VIIRS,n,2.0NRT,294.8,2.59,D,VIIRS_NOAA21_NRT
15.84844,79.11243,333.77,0.6,0.53,2026-08-28,830,N21,VIIRS,n,2.0NRT,297.24,4.29,D,VIIRS_NOAA21_NRT
16.03076,79.71768,342.17,0.33,0.55,2026-08-28,830,N21,VIIRS,n,2.0NRT,297.93,3.48,D,VIIRS_NOAA21_NRT
18.69099,73.04218,333.21,0.43,0.38,2026-08-28,833,N21,VIIRS,n,2.0NRT,292.56,2.95,D,VIIRS_NOAA21_NRT
21.10448,72.6461,337.3,0.44,0.38,2026-08-28,833,N21,VIIRS,n,2.0NRT,295.3,5.25,D,VIIRS_NOAA21_NRT
21.74194,83.84369,327.14,0.73,0.76,2026-08-28,833,N21,VIIRS,n,2.0NRT,280.41,7.65,D,VIIRS_NOAA21_NRT
21.7424,83.8442,327.67,0.72,0.76,2026-08-28,833,N21,VIIRS,n,2.0NRT,281.35,7.46,D,VIIRS_NOAA21_NRT
22.92856,70.10652,343.86,0.39,0.36,2026-08-28,833,N21,VIIRS,n,2.0NRT,308.24,12.98,D,VIIRS_NOAA21_NRT
23.12482,70.94032,336.71,0.4,0.37,2026-08-28,833,N21,VIIRS,n,2.0NRT,301.49,3.33,D,VIIRS_NOAA21_NRT
25.9435,72.19397,337.43,0.47,0.39,2026-08-28,835,N21,VIIRS,n,2.0NRT,303.78,4.28,D,VIIRS_NOAA21_NRT
27.43725,70.85397,340.27,0.43,0.38,2026-08-28,835,N21,VIIRS,l,2.0NRT,313.15,3.56,D,VIIRS_NOAA21_NRT
16.99839,79.08223,331.13,0.61,0.54,2026-08-28,830,N21,VIIRS,n,2.0NRT,291.49,3.54,D,VIIRS_NOAA21_NRT
8.56604,78.08351,332.18,0.41,0.45,2026-08-28,828,N21,VIIRS,l,2.0NRT,303.65,1.94,D,VIIRS_NOAA21_NRT
21.76207,83.84924,333.38,0.4,0.37,2026-08-28,746,N20,VIIRS,n,2.0NRT,291.87,4.28,D,VIIRS_NOAA20_NRT
11.8118,77.92049,315.54,0.41,0.37,2026-08-28,2017,N20,VIIRS,n,2.0NRT,276.22,1.99,N,VIIRS_NOAA20_NRT
22.26705,75.13366,303.97,0.5,0.49,2026-08-28,2017,N20,VIIRS,n,2.0NRT,288.88,0.85,N,VIIRS_NOAA20_NRT
21.1097,72.63574,301.04,0.35,0.57,2026-08-28,2017,N20,VIIRS,n,2.0NRT,287.97,2.49,N,VIIRS_NOAA20_NRT
21.10907,72.63943,302.13,0.35,0.57,2026-08-28,2017,N20,VIIRS,n,2.0NRT,290.48,1.98,N,VIIRS_NOAA20_NRT
21.10903,72.64254,308.26,0.35,0.57,2026-08-28,2017,N20,VIIRS,n,2.0NRT,289.08,1.78,N,VIIRS_NOAA20_NRT
21.10871,72.64282,299.25,0.35,0.57,2026-08-28,2017,N20,VIIRS,n,2.0NRT,288.27,1.08,N,VIIRS_NOAA20_NRT
21.10869,72.64594,317.01,0.35,0.57,2026-08-28,2017,N20,VIIRS,n,2.0NRT,291.29,1.78,N,VIIRS_NOAA20_NRT
21.10835,72.64621,304.31,0.35,0.57,2026-08-28,2017,N20,VIIRS,n,2.0NRT,289.19,1.08,N,VIIRS_NOAA20_NRT
19.96314,79.33248,308.63,0.42,0.38,2026-08-28,2017,N20,VIIRS,n,2.0NRT,273.61,1.21,N,VIIRS_NOAA20_NRT
19.93703,73.71011,308.78,0.58,0.52,2026-08-28,2017,N20,VIIRS,n,2.0NRT,289.52,1.25,N,VIIRS_NOAA20_NRT
19.82014,79.23772,295.83,0.43,0.38,2026-08-28,2017,N20,VIIRS,n,2.0NRT,277.78,0.73,N,VIIRS_NOAA20_NRT
17.95774,80.78719,307.39,0.39,0.36,2026-08-28,2017,N20,VIIRS,n,2.0NRT,289.28,0.9,N,VIIRS_NOAA20_NRT
17.95662,80.79441,331.26,0.39,0.36,2026-08-28,2017,N20,VIIRS,n,2.0NRT,289.65,3.13,N,VIIRS_NOAA20_NRT
13.89907,76.56499,301.18,0.49,0.4,2026-08-28,2017,N20,VIIRS,n,2.0NRT,286.98,0.8,N,VIIRS_NOAA20_NRT
13.89451,77.03326,305.16,0.46,0.39,2026-08-28,2017,N20,VIIRS,n,2.0NRT,285.58,0.97,N,VIIRS_NOAA20_NRT
13.71465,79.62251,310.35,0.39,0.36,2026-08-28,2017,N20,VIIRS,n,2.0NRT,288.38,1.61,N,VIIRS_NOAA20_NRT
13.71189,79.61842,305.98,0.39,0.36,2026-08-28,2017,N20,VIIRS,n,2.0NRT,288.23,1.23,N,VIIRS_NOAA20_NRT
12.25146,79.63464,300.56,0.38,0.36,2026-08-28,2017,N20,VIIRS,n,2.0NRT,276.78,0.53,N,VIIRS_NOAA20_NRT
11.81577,77.91728,304.87,0.41,0.37,2026-08-28,2017,N20,VIIRS,n,2.0NRT,276.13,1.06,N,VIIRS_NOAA20_NRT
8.66846,77.99356,309.13,0.39,0.36,2026-08-28,2019,N20,VIIRS,n,2.0NRT,294.69,0.44,N,VIIRS_NOAA20_NRT
9.96297,78.39445,330.37,0.5,0.49,2026-08-28,744,N20,VIIRS,l,2.0NRT,300.83,1.75,D,VIIRS_NOAA20_NRT
8.6718,77.99409,309.52,0.39,0.36,2026-08-28,2019,N20,VIIRS,n,2.0NRT,294.29,0.44,N,VIIRS_NOAA20_NRT
10.61592,77.42117,301.41,0.42,0.37,2026-08-28,2019,N20,VIIRS,n,2.0NRT,284.19,0.45,N,VIIRS_NOAA20_NRT
25.9441,72.19492,304.05,0.66,0.73,2026-08-28,2155,N20,VIIRS,n,2.0NRT,291.75,1.16,N,VIIRS_NOAA20_NRT
25.9405,72.1935,303.76,0.66,0.73,2026-08-28,2155,N20,VIIRS,n,2.0NRT,291.23,0.95,N,VIIRS_NOAA20_NRT
17.14254,77.18425,305.29,0.49,0.4,2026-08-28,2019,N20,VIIRS,n,2.0NRT,290.03,0.8,N,VIIRS_NOAA20_NRT
17.14009,77.17446,305.66,0.49,0.41,2026-08-28,2019,N20,VIIRS,n,2.0NRT,290.32,1.09,N,VIIRS_NOAA20_NRT
17.0624,76.98022,307.14,0.5,0.41,2026-08-28,2019,N20,VIIRS,n,2.0NRT,288.72,1.3,N,VIIRS_NOAA20_NRT
16.09608,79.16954,307.79,0.4,0.37,2026-08-28,2019,N20,VIIRS,n,2.0NRT,279.43,0.87,N,VIIRS_NOAA20_NRT
15.98432,79.14418,304.46,0.4,0.37,2026-08-28,2019,N20,VIIRS,n,2.0NRT,272.88,1.04,N,VIIRS_NOAA20_NRT
15.89742,79.43373,298.3,0.4,0.37,2026-08-28,2019,N20,VIIRS,n,2.0NRT,261.11,0.61,N,VIIRS_NOAA20_NRT
15.33618,76.28429,304.01,0.52,0.42,2026-08-28,2019,N20,VIIRS,n,2.0NRT,289.95,1.01,N,VIIRS_NOAA20_NRT
15.183,76.66542,321.1,0.5,0.41,2026-08-28,2019,N20,VIIRS,n,2.0NRT,292.07,2.73,N,VIIRS_NOAA20_NRT
15.1825,76.64178,330.42,0.5,0.41,2026-08-28,2019,N20,VIIRS,n,2.0NRT,292.13,4.32,N,VIIRS_NOAA20_NRT
15.18056,76.65565,306.01,0.5,0.41,2026-08-28,2019,N20,VIIRS,n,2.0NRT,291.74,2.43,N,VIIRS_NOAA20_NRT
15.17798,76.6741,305.04,0.5,0.41,2026-08-28,2019,N20,VIIRS,n,2.0NRT,291.74,1.45,N,VIIRS_NOAA20_NRT
15.17739,77.10064,305.28,0.47,0.4,2026-08-28,2019,N20,VIIRS,n,2.0NRT,291.59,1.3,N,VIIRS_NOAA20_NRT
15.17731,77.1031,305.59,0.47,0.4,2026-08-28,2019,N20,VIIRS,n,2.0NRT,291.33,1.81,N,VIIRS_NOAA20_NRT
15.17683,76.65511,332.64,0.5,0.41,2026-08-28,2019,N20,VIIRS,n,2.0NRT,293.92,2.43,N,VIIRS_NOAA20_NRT
15.1754,76.69256,315.2,0.5,0.41,2026-08-28,2019,N20,VIIRS,n,2.0NRT,291.4,1.87,N,VIIRS_NOAA20_NRT
15.17368,76.78575,304.27,0.49,0.4,2026-08-28,2019,N20,VIIRS,n,2.0NRT,291.11,1.18,N,VIIRS_NOAA20_NRT
15.13364,79.95895,311.16,0.39,0.36,2026-08-28,2019,N20,VIIRS,n,2.0NRT,282.7,1.59,N,VIIRS_NOAA20_NRT
15.11159,76.8063,303.23,0.49,0.4,2026-08-28,2019,N20,VIIRS,n,2.0NRT,290.45,0.89,N,VIIRS_NOAA20_NRT
14.60621,78.52273,308.2,0.41,0.37,2026-08-28,2019,N20,VIIRS,n,2.0NRT,289.18,1.33,N,VIIRS_NOAA20_NRT
8.85032,78.13471,308.67,0.39,0.36,2026-08-28,2019,N20,VIIRS,n,2.0NRT,294.67,0.43,N,VIIRS_NOAA20_NRT
11.53513,77.22146,301.93,0.43,0.38,2026-08-28,2017,N20,VIIRS,n,2.0NRT,275.99,0.36,N,VIIRS_NOAA20_NRT
11.18338,79.09915,298.56,0.39,0.36,2026-08-28,2017,N20,VIIRS,n,2.0NRT,270.63,0.49,N,VIIRS_NOAA20_NRT
16.13541,77.827,340.62,0.43,0.46,2026-08-28,746,N20,VIIRS,n,2.0NRT,296.55,6.35,D,VIIRS_NOAA20_NRT
16.13124,77.82779,354.31,0.43,0.46,2026-08-28,746,N20,VIIRS,n,2.0NRT,298.26,10.46,D,VIIRS_NOAA20_NRT
15.99496,78.3997,331.18,0.4,0.44,2026-08-28,746,N20,VIIRS,n,2.0NRT,296.42,1.68,D,VIIRS_NOAA20_NRT
15.73366,79.84308,335.64,0.5,0.41,2026-08-28,746,N20,VIIRS,n,2.0NRT,300.32,4.96,D,VIIRS_NOAA20_NRT
15.63525,79.5853,340.53,0.52,0.41,2026-08-28,746,N20,VIIRS,n,2.0NRT,304.83,7.27,D,VIIRS_NOAA20_NRT
15.32899,78.96827,332.13,0.57,0.43,2026-08-28,746,N20,VIIRS,n,2.0NRT,300.66,4.34,D,VIIRS_NOAA20_NRT
15.089,79.77787,336.56,0.52,0.41,2026-08-28,746,N20,VIIRS,n,2.0NRT,303.76,21.57,D,VIIRS_NOAA20_NRT
15.08822,79.77559,344.05,0.52,0.41,2026-08-28,746,N20,VIIRS,n,2.0NRT,304.02,14.93,D,VIIRS_NOAA20_NRT
14.66463,79.55208,332.52,0.54,0.42,2026-08-28,746,N20,VIIRS,l,2.0NRT,303.65,3.81,D,VIIRS_NOAA20_NRT
14.66129,75.6529,330.09,0.64,0.54,2026-08-28,746,N20,VIIRS,n,2.0NRT,293.6,8.89,D,VIIRS_NOAA20_NRT
14.66086,75.65631,367.0,0.32,0.54,2026-08-28,746,N20,VIIRS,h,2.0NRT,295.26,12.84,D,VIIRS_NOAA20_NRT
14.66031,75.6534,336.45,0.32,0.54,2026-08-28,746,N20,VIIRS,n,2.0NRT,293.69,12.84,D,VIIRS_NOAA20_NRT
14.65638,75.65396,339.8,0.64,0.54,2026-08-28,746,N20,VIIRS,n,2.0NRT,295.19,12.07,D,VIIRS_NOAA20_NRT
14.59493,77.66154,334.05,0.47,0.48,2026-08-28,746,N20,VIIRS,n,2.0NRT,301.79,3.27,D,VIIRS_NOAA20_NRT
14.49,79.71088,344.64,0.53,0.42,2026-08-28,744,N20,VIIRS,n,2.0NRT,305.11,6.55,D,VIIRS_NOAA20_NRT
12.63144,79.54516,330.25,0.39,0.44,2026-08-28,744,N20,VIIRS,n,2.0NRT,298.38,1.88,D,VIIRS_NOAA20_NRT
11.9761,79.74409,340.97,0.38,0.43,2026-08-28,744,N20,VIIRS,n,2.0NRT,294.31,3.39,D,VIIRS_NOAA20_NRT
11.97214,79.74477,343.23,0.38,0.43,2026-08-28,744,N20,VIIRS,n,2.0NRT,294.73,2.69,D,VIIRS_NOAA20_NRT
11.62135,79.67422,342.53,0.39,0.44,2026-08-28,744,N20,VIIRS,n,2.0NRT,297.44,3.31,D,VIIRS_NOAA20_NRT
11.24631,77.76821,335.77,0.53,0.5,2026-08-28,744,N20,VIIRS,n,2.0NRT,297.73,3.18,D,VIIRS_NOAA20_NRT
11.24627,77.77045,337.19,0.53,0.5,2026-08-28,744,N20,VIIRS,n,2.0NRT,297.88,3.3,D,VIIRS_NOAA20_NRT
20.9654,86.01233,334.34,0.47,0.4,2026-08-28,746,N20,VIIRS,n,2.0NRT,283.91,3.23,D,VIIRS_NOAA20_NRT
20.96903,86.01181,331.01,0.47,0.4,2026-08-28,746,N20,VIIRS,n,2.0NRT,284.62,3.23,D,VIIRS_NOAA20_NRT
21.74418,83.84429,334.37,0.4,0.37,2026-08-28,746,N20,VIIRS,n,2.0NRT,290.9,5.74,D,VIIRS_NOAA20_NRT
11.14093,77.35009,300.35,0.42,0.38,2026-08-28,2017,N20,VIIRS,n,2.0NRT,280.83,0.38,N,VIIRS_NOAA20_NRT
11.04049,77.71588,304.81,0.41,0.37,2026-08-28,2017,N20,VIIRS,n,2.0NRT,280.31,0.56,N,VIIRS_NOAA20_NRT
27.37636,95.08469,301.57,0.44,0.62,2026-08-28,2014,N20,VIIRS,n,2.0NRT,286.52,2.8,N,VIIRS_NOAA20_NRT
26.26726,74.18773,305.62,0.32,0.55,2026-08-28,2014,N20,VIIRS,n,2.0NRT,294.02,1.44,N,VIIRS_NOAA20_NRT
26.26645,74.18758,305.63,0.32,0.55,2026-08-28,2014,N20,VIIRS,n,2.0NRT,294.62,0.62,N,VIIRS_NOAA20_NRT
25.94442,72.18835,312.48,0.43,0.62,2026-08-28,2014,N20,VIIRS,n,2.0NRT,294.26,1.62,N,VIIRS_NOAA20_NRT
25.03661,87.38615,304.83,0.51,0.41,2026-08-28,2014,N20,VIIRS,n,2.0NRT,280.05,0.69,N,VIIRS_NOAA20_NRT
27.43482,70.8578,340.0,0.35,0.57,2026-08-28,750,N20,VIIRS,n,2.0NRT,304.94,2.03,D,VIIRS_NOAA20_NRT
25.03555,87.38821,331.96,0.41,0.45,2026-08-28,748,N20,VIIRS,n,2.0NRT,295.33,3.03,D,VIIRS_NOAA20_NRT
23.80325,86.33153,341.8,0.52,0.42,2026-08-28,748,N20,VIIRS,n,2.0NRT,289.84,5.56,D,VIIRS_NOAA20_NRT
22.37538,87.27899,330.44,0.57,0.43,2026-08-28,746,N20,VIIRS,n,2.0NRT,292.8,10.47,D,VIIRS_NOAA20_NRT
10.06681,78.36839,330.13,0.5,0.49,2026-08-28,744,N20,VIIRS,l,2.0NRT,301.82,1.8,D,VIIRS_NOAA20_NRT
21.75426,83.84266,336.85,0.4,0.37,2026-08-28,746,N20,VIIRS,n,2.0NRT,291.59,4.53,D,VIIRS_NOAA20_NRT
21.74754,83.84375,344.84,0.4,0.37,2026-08-28,746,N20,VIIRS,n,2.0NRT,293.22,5.74,D,VIIRS_NOAA20_NRT
21.74363,83.84044,332.72,0.4,0.37,2026-08-28,746,N20,VIIRS,n,2.0NRT,291.66,5.74,D,VIIRS_NOAA20_NRT
8.72984,78.1073,341.09,0.55,0.51,2026-08-28,744,N20,VIIRS,n,2.0NRT,303.37,5.48,D,VIIRS_NOAA20_NRT
8.71625,77.97591,332.03,0.56,0.52,2026-08-28,744,N20,VIIRS,n,2.0NRT,301.28,4.69,D,VIIRS_NOAA20_NRT
8.71155,77.97672,334.12,0.56,0.52,2026-08-28,744,N20,VIIRS,n,2.0NRT,303.01,3.26,D,VIIRS_NOAA20_NRT
8.71066,77.97169,336.06,0.56,0.52,2026-08-28,744,N20,VIIRS,n,2.0NRT,303.05,3.26,D,VIIRS_NOAA20_NRT
8.56677,78.0841,336.43,0.56,0.51,2026-08-28,744,N20,VIIRS,n,2.0NRT,298.27,5.17,D,VIIRS_NOAA20_NRT
10.81325,78.80896,331.45,0.46,0.47,2026-08-28,744,N20,VIIRS,n,2.0NRT,293.85,2.33,D,VIIRS_NOAA20_NRT
8.78832,78.11234,330.5,0.55,0.51,2026-08-28,744,N20,VIIRS,l,2.0NRT,300.76,2.63,D,VIIRS_NOAA20_NRT
8.84528,78.0387,334.87,0.56,0.51,2026-08-28,744,N20,VIIRS,n,2.0NRT,303.61,3.18,D,VIIRS_NOAA20_NRT
9.7363,78.57832,337.02,0.49,0.49,2026-08-28,744,N20,VIIRS,n,2.0NRT,300.99,2.12,D,VIIRS_NOAA20_NRT
9.73857,78.34991,341.77,0.51,0.49,2026-08-28,744,N20,VIIRS,n,2.0NRT,303.77,5.67,D,VIIRS_NOAA20_NRT
9.73959,78.34672,340.85,0.51,0.49,2026-08-28,744,N20,VIIRS,n,2.0NRT,303.08,5.32,D,VIIRS_NOAA20_NRT
9.88019,78.4741,337.89,0.5,0.49,2026-08-28,744,N20,VIIRS,n,2.0NRT,302.38,1.87,D,VIIRS_NOAA20_NRT
9.94673,78.18559,332.32,0.52,0.5,2026-08-28,744,N20,VIIRS,n,2.0NRT,300.34,2.94,D,VIIRS_NOAA20_NRT
9.96105,78.39642,330.65,0.5,0.49,2026-08-28,744,N20,VIIRS,n,2.0NRT,299.87,0.94,D,VIIRS_NOAA20_NRT
9.93117,78.07159,339.46,0.53,0.5,2026-08-28,744,N20,VIIRS,n,2.0NRT,300.45,5.4,D,VIIRS_NOAA20_NRT
9.37273,78.62408,336.3,0.5,0.49,2026-08-28,744,N20,VIIRS,n,2.0NRT,301.6,3.75,D,VIIRS_NOAA20_NRT
10.59022,78.85231,333.44,0.46,0.47,2026-08-28,744,N20,VIIRS,n,2.0NRT,292.16,2.93,D,VIIRS_NOAA20_NRT
9.28536,78.39864,332.63,0.52,0.5,2026-08-28,744,N20,VIIRS,n,2.0NRT,298.54,2.22,D,VIIRS_NOAA20_NRT
8.98831,77.81923,339.23,0.57,0.52,2026-08-28,744,N20,VIIRS,n,2.0NRT,301.93,1.85,D,VIIRS_NOAA20_NRT
8.98947,77.82053,338.15,0.57,0.52,2026-08-28,744,N20,VIIRS,n,2.0NRT,302.18,3.48,D,VIIRS_NOAA20_NRT
9.30402,78.39236,330.72,0.52,0.5,2026-08-28,744,N20,VIIRS,n,2.0NRT,299.51,3.83,D,VIIRS_NOAA20_NRT
9.18515,77.78957,336.57,0.57,0.52,2026-08-28,744,N20,VIIRS,n,2.0NRT,299.73,8.65,D,VIIRS_NOAA20_NRT
9.18577,77.78692,337.19,0.57,0.52,2026-08-28,744,N20,VIIRS,n,2.0NRT,298.88,9.06,D,VIIRS_NOAA20_NRT
9.28004,78.3948,344.7,0.52,0.5,2026-08-28,744,N20,VIIRS,n,2.0NRT,298.62,7.43,D,VIIRS_NOAA20_NRT
9.28083,78.39944,338.08,0.52,0.5,2026-08-28,744,N20,VIIRS,n,2.0NRT,298.15,2.22,D,VIIRS_NOAA20_NRT
10.40814,79.51502,345.82,0.43,0.38,2026-08-29,809,N21,VIIRS,n,2.0NRT,303.98,4.87,D,VIIRS_NOAA21_NRT
10.40263,79.35952,336.63,0.42,0.38,2026-08-29,809,N21,VIIRS,n,2.0NRT,304.48,3.41,D,VIIRS_NOAA21_NRT
9.98556,78.31762,342.21,0.39,0.36,2026-08-29,809,N21,VIIRS,n,2.0NRT,309.43,6.83,D,VIIRS_NOAA21_NRT
9.96644,78.03188,340.46,0.39,0.36,2026-08-29,809,N21,VIIRS,n,2.0NRT,301.39,3.67,D,VIIRS_NOAA21_NRT
9.8565,78.18187,331.13,0.39,0.36,2026-08-29,809,N21,VIIRS,l,2.0NRT,302.4,2.82,D,VIIRS_NOAA21_NRT
9.42272,78.75917,331.63,0.4,0.37,2026-08-29,809,N21,VIIRS,n,2.0NRT,290.73,3.76,D,VIIRS_NOAA21_NRT
9.63193,78.56899,332.81,0.4,0.37,2026-08-29,809,N21,VIIRS,n,2.0NRT,289.55,1.55,D,VIIRS_NOAA21_NRT
9.6286,78.5695,330.03,0.4,0.37,2026-08-29,809,N21,VIIRS,n,2.0NRT,290.39,1.55,D,VIIRS_NOAA21_NRT
9.49544,78.76971,340.22,0.4,0.37,2026-08-29,809,N21,VIIRS,n,2.0NRT,281.45,4.96,D,VIIRS_NOAA21_NRT
10.51079,79.66752,337.73,0.43,0.38,2026-08-29,809,N21,VIIRS,n,2.0NRT,302.68,6.97,D,VIIRS_NOAA21_NRT
9.69329,77.82059,338.36,0.39,0.36,2026-08-29,809,N21,VIIRS,n,2.0NRT,305.19,5.11,D,VIIRS_NOAA21_NRT
10.52717,79.34861,335.93,0.42,0.38,2026-08-29,809,N21,VIIRS,n,2.0NRT,305.39,2.96,D,VIIRS_NOAA21_NRT
11.45934,79.18013,331.81,0.42,0.38,2026-08-29,809,N21,VIIRS,l,2.0NRT,304.5,1.85,D,VIIRS_NOAA21_NRT
10.93597,78.47108,339.62,0.4,0.37,2026-08-29,809,N21,VIIRS,n,2.0NRT,301.67,6.07,D,VIIRS_NOAA21_NRT
10.93779,78.20586,337.13,0.39,0.36,2026-08-29,809,N21,VIIRS,n,2.0NRT,302.71,4.0,D,VIIRS_NOAA21_NRT
10.95573,78.87653,347.12,0.41,0.37,2026-08-29,809,N21,VIIRS,n,2.0NRT,305.99,9.96,D,VIIRS_NOAA21_NRT
10.98005,79.4278,332.11,0.43,0.38,2026-08-29,809,N21,VIIRS,n,2.0NRT,293.0,2.61,D,VIIRS_NOAA21_NRT
11.12129,78.68881,340.11,0.41,0.37,2026-08-29,809,N21,VIIRS,n,2.0NRT,305.97,7.72,D,VIIRS_NOAA21_NRT
11.38602,78.86941,337.84,0.41,0.37,2026-08-29,809,N21,VIIRS,n,2.0NRT,306.96,3.92,D,VIIRS_NOAA21_NRT
11.63834,77.61632,332.91,0.39,0.36,2026-08-29,809,N21,VIIRS,n,2.0NRT,301.31,3.44,D,VIIRS_NOAA21_NRT
12.03365,79.08008,335.61,0.42,0.38,2026-08-29,809,N21,VIIRS,n,2.0NRT,304.57,6.0,D,VIIRS_NOAA21_NRT
12.03421,79.08394,335.8,0.42,0.38,2026-08-29,809,N21,VIIRS,n,2.0NRT,305.53,5.09,D,VIIRS_NOAA21_NRT
12.15724,79.71613,336.86,0.45,0.39,2026-08-29,809,N21,VIIRS,n,2.0NRT,304.83,5.78,D,VIIRS_NOAA21_NRT
12.17833,79.73863,346.04,0.45,0.39,2026-08-29,809,N21,VIIRS,n,2.0NRT,305.27,12.19,D,VIIRS_NOAA21_NRT
12.17855,79.73819,345.4,0.45,0.39,2026-08-29,809,N21,VIIRS,n,2.0NRT,305.64,11.61,D,VIIRS_NOAA21_NRT
12.46093,79.10439,332.34,0.43,0.38,2026-08-29,809,N21,VIIRS,l,2.0NRT,303.76,2.1,D,VIIRS_NOAA21_NRT
10.07835,77.31503,295.94,0.44,0.46,2026-08-29,2046,N21,VIIRS,n,2.0NRT,281.68,0.23,N,VIIRS_NOAA21_NRT
10.85161,78.75615,340.1,0.41,0.37,2026-08-29,809,N21,VIIRS,n,2.0NRT,307.17,8.61,D,VIIRS_NOAA21_NRT
9.75646,77.51951,339.71,0.46,0.47,2026-08-29,2046,N21,VIIRS,n,2.0NRT,290.17,6.77,N,VIIRS_NOAA21_NRT
13.58733,76.33072,335.08,0.38,0.36,2026-08-29,809,N21,VIIRS,n,2.0NRT,296.88,3.1,D,VIIRS_NOAA21_NRT
13.59061,76.3302,334.05,0.38,0.36,2026-08-29,809,N21,VIIRS,n,2.0NRT,301.06,4.77,D,VIIRS_NOAA21_NRT
31.53692,75.11433,330.56,0.44,0.39,2026-08-29,816,N21,VIIRS,n,2.0NRT,297.72,2.62,D,VIIRS_NOAA21_NRT
26.41152,89.41228,295.54,0.45,0.63,2026-08-29,1900,N21,VIIRS,n,2.0NRT,284.45,2.71,N,VIIRS_NOAA21_NRT
26.41184,89.40777,295.73,0.45,0.63,2026-08-29,1900,N21,VIIRS,n,2.0NRT,284.54,2.71,N,VIIRS_NOAA21_NRT
26.41217,89.40324,295.44,0.45,0.63,2026-08-29,1900,N21,VIIRS,n,2.0NRT,284.36,5.25,N,VIIRS_NOAA21_NRT
27.03239,94.89097,318.81,0.42,0.45,2026-08-29,1900,N21,VIIRS,n,2.0NRT,289.44,2.51,N,VIIRS_NOAA21_NRT
27.31635,95.26728,308.66,0.4,0.44,2026-08-29,1900,N21,VIIRS,n,2.0NRT,290.67,3.49,N,VIIRS_NOAA21_NRT
27.32357,95.2765,309.66,0.4,0.44,2026-08-29,1900,N21,VIIRS,n,2.0NRT,291.31,3.6,N,VIIRS_NOAA21_NRT
27.37929,95.33325,317.58,0.4,0.44,2026-08-29,1900,N21,VIIRS,n,2.0NRT,285.78,2.06,N,VIIRS_NOAA21_NRT
22.2442,87.38879,296.84,0.55,0.68,2026-08-29,1902,N21,VIIRS,n,2.0NRT,270.16,2.16,N,VIIRS_NOAA21_NRT
29.90875,74.95228,338.01,0.42,0.38,2026-08-29,816,N21,VIIRS,n,2.0NRT,303.3,6.19,D,VIIRS_NOAA21_NRT
13.38702,78.08879,333.31,0.4,0.37,2026-08-29,809,N21,VIIRS,n,2.0NRT,301.85,1.87,D,VIIRS_NOAA21_NRT
12.8281,79.57608,338.2,0.45,0.39,2026-08-29,809,N21,VIIRS,n,2.0NRT,302.42,9.18,D,VIIRS_NOAA21_NRT
12.81844,79.32784,330.65,0.44,0.38,2026-08-29,809,N21,VIIRS,n,2.0NRT,298.71,2.38,D,VIIRS_NOAA21_NRT
12.78404,79.31249,338.53,0.44,0.38,2026-08-29,809,N21,VIIRS,n,2.0NRT,300.19,8.47,D,VIIRS_NOAA21_NRT
12.62554,77.69179,330.23,0.39,0.36,2026-08-29,809,N21,VIIRS,l,2.0NRT,301.16,2.07,D,VIIRS_NOAA21_NRT
13.73211,78.2689,337.15,0.41,0.37,2026-08-29,809,N21,VIIRS,n,2.0NRT,304.6,8.58,D,VIIRS_NOAA21_NRT
14.65362,77.66443,338.32,0.4,0.37,2026-08-29,811,N21,VIIRS,n,2.0NRT,300.86,4.3,D,VIIRS_NOAA21_NRT
14.79919,79.08913,336.6,0.45,0.39,2026-08-29,811,N21,VIIRS,n,2.0NRT,298.41,4.9,D,VIIRS_NOAA21_NRT
14.8166,78.35658,337.68,0.42,0.38,2026-08-29,811,N21,VIIRS,n,2.0NRT,304.28,2.79,D,VIIRS_NOAA21_NRT
14.91997,79.67854,330.97,0.48,0.4,2026-08-29,811,N21,VIIRS,n,2.0NRT,296.32,3.0,D,VIIRS_NOAA21_NRT
14.98676,76.88111,336.84,0.39,0.36,2026-08-29,811,N21,VIIRS,n,2.0NRT,297.67,6.37,D,VIIRS_NOAA21_NRT
15.06239,79.87417,339.86,0.49,0.4,2026-08-29,811,N21,VIIRS,n,2.0NRT,304.15,7.63,D,VIIRS_NOAA21_NRT
15.08718,79.47825,336.48,0.47,0.4,2026-08-29,811,N21,VIIRS,n,2.0NRT,297.95,6.38,D,VIIRS_NOAA21_NRT
15.65413,80.13641,337.27,0.52,0.41,2026-08-29,811,N21,VIIRS,n,2.0NRT,300.91,4.69,D,VIIRS_NOAA21_NRT
16.03253,78.70424,338.63,0.44,0.39,2026-08-29,811,N21,VIIRS,n,2.0NRT,298.3,8.58,D,VIIRS_NOAA21_NRT
16.40797,79.41428,337.76,0.48,0.4,2026-08-29,811,N21,VIIRS,n,2.0NRT,300.39,4.87,D,VIIRS_NOAA21_NRT
16.70544,78.78356,335.05,0.45,0.39,2026-08-29,811,N21,VIIRS,n,2.0NRT,297.09,5.01,D,VIIRS_NOAA21_NRT
16.7619,79.13581,341.31,0.47,0.4,2026-08-29,811,N21,VIIRS,n,2.0NRT,296.11,5.96,D,VIIRS_NOAA21_NRT
18.12482,75.44324,330.11,0.38,0.36,2026-08-29,811,N21,VIIRS,n,2.0NRT,294.34,2.86,D,VIIRS_NOAA21_NRT
29.45856,76.89088,334.02,0.5,0.41,2026-08-29,816,N21,VIIRS,n,2.0NRT,295.66,4.19,D,VIIRS_NOAA21_NRT
26.29747,74.12477,303.83,0.39,0.37,2026-08-29,2040,N21,VIIRS,n,2.0NRT,288.53,0.64,N,VIIRS_NOAA21_NRT
21.10536,72.63088,301.49,0.4,0.37,2026-08-29,2042,N21,VIIRS,n,2.0NRT,289.49,1.21,N,VIIRS_NOAA21_NRT
21.10646,72.64668,328.62,0.4,0.37,2026-08-29,2042,N21,VIIRS,n,2.0NRT,293.11,4.56,N,VIIRS_NOAA21_NRT
21.10702,72.64287,304.47,0.4,0.37,2026-08-29,2042,N21,VIIRS,n,2.0NRT,292.99,1.33,N,VIIRS_NOAA21_NRT
21.10758,72.63906,308.44,0.4,0.37,2026-08-29,2042,N21,VIIRS,n,2.0NRT,293.06,1.33,N,VIIRS_NOAA21_NRT
21.10815,72.63525,307.06,0.4,0.37,2026-08-29,2042,N21,VIIRS,n,2.0NRT,292.54,1.21,N,VIIRS_NOAA21_NRT
24.68999,73.00279,303.15,0.41,0.37,2026-08-29,2042,N21,VIIRS,n,2.0NRT,289.02,0.98,N,VIIRS_NOAA21_NRT
24.69039,74.67906,299.8,0.38,0.36,2026-08-29,2042,N21,VIIRS,n,2.0NRT,280.34,0.43,N,VIIRS_NOAA21_NRT
24.76296,74.6066,295.01,0.39,0.36,2026-08-29,2042,N21,VIIRS,n,2.0NRT,261.21,0.41,N,VIIRS_NOAA21_NRT
10.93692,78.46759,317.71,0.5,0.49,2026-08-29,2044,N21,VIIRS,n,2.0NRT,290.06,2.94,N,VIIRS_NOAA21_NRT
21.10479,72.63469,312.83,0.4,0.37,2026-08-29,2042,N21,VIIRS,n,2.0NRT,290.99,1.21,N,VIIRS_NOAA21_NRT
10.94139,78.46842,329.14,0.5,0.49,2026-08-29,2044,N21,VIIRS,n,2.0NRT,289.92,4.22,N,VIIRS_NOAA21_NRT
12.98313,74.85271,296.84,0.44,0.38,2026-08-29,2044,N21,VIIRS,n,2.0NRT,278.07,0.62,N,VIIRS_NOAA21_NRT
18.67714,73.04291,304.94,0.39,0.36,2026-08-29,2044,N21,VIIRS,n,2.0NRT,293.04,1.8,N,VIIRS_NOAA21_NRT
18.68155,73.03622,310.04,0.39,0.36,2026-08-29,2044,N21,VIIRS,n,2.0NRT,293.71,2.4,N,VIIRS_NOAA21_NRT
18.6821,73.03259,305.51,0.39,0.36,2026-08-29,2044,N21,VIIRS,n,2.0NRT,293.75,2.8,N,VIIRS_NOAA21_NRT
18.77779,73.7496,321.51,0.38,0.36,2026-08-29,2044,N21,VIIRS,n,2.0NRT,289.43,1.86,N,VIIRS_NOAA21_NRT
8.67362,78.03297,305.07,0.52,0.5,2026-08-29,2046,N21,VIIRS,n,2.0NRT,283.77,1.52,N,VIIRS_NOAA21_NRT
9.30188,77.40331,309.77,0.46,0.47,2026-08-29,2046,N21,VIIRS,n,2.0NRT,290.41,0.96,N,VIIRS_NOAA21_NRT
9.75441,77.52235,304.88,0.46,0.47,2026-08-29,2046,N21,VIIRS,n,2.0NRT,288.71,3.36,N,VIIRS_NOAA21_NRT
9.75514,77.5182,336.79,0.46,0.47,2026-08-29,2046,N21,VIIRS,n,2.0NRT,290.51,3.36,N,VIIRS_NOAA21_NRT
11.58347,77.52039,316.58,0.43,0.46,2026-08-29,2044,N21,VIIRS,n,2.0NRT,287.12,1.7,N,VIIRS_NOAA21_NRT
21.10423,72.6385,312.79,0.4,0.37,2026-08-29,2042,N21,VIIRS,n,2.0NRT,291.45,1.33,N,VIIRS_NOAA21_NRT
21.10367,72.64231,306.36,0.4,0.37,2026-08-29,2042,N21,VIIRS,n,2.0NRT,291.88,1.33,N,VIIRS_NOAA21_NRT
21.1031,72.64612,335.99,0.4,0.37,2026-08-29,2042,N21,VIIRS,n,2.0NRT,293.69,4.56,N,VIIRS_NOAA21_NRT
26.87269,73.51617,312.82,0.41,0.37,2026-08-29,2040,N21,VIIRS,n,2.0NRT,293.62,2.18,N,VIIRS_NOAA21_NRT
26.88006,73.51327,306.75,0.41,0.37,2026-08-29,2040,N21,VIIRS,n,2.0NRT,293.71,1.88,N,VIIRS_NOAA21_NRT
28.35046,77.2559,305.23,0.39,0.37,2026-08-29,2040,N21,VIIRS,n,2.0NRT,282.68,0.81,N,VIIRS_NOAA21_NRT
28.37196,77.2264,322.5,0.39,0.36,2026-08-29,2040,N21,VIIRS,n,2.0NRT,285.43,2.13,N,VIIRS_NOAA21_NRT
28.74562,76.92708,301.37,0.39,0.36,2026-08-29,2040,N21,VIIRS,n,2.0NRT,281.89,0.66,N,VIIRS_NOAA21_NRT
29.43284,77.00395,329.48,0.39,0.36,2026-08-29,2040,N21,VIIRS,n,2.0NRT,286.1,3.7,N,VIIRS_NOAA21_NRT
29.45788,76.89092,321.48,0.39,0.36,2026-08-29,2040,N21,VIIRS,n,2.0NRT,291.28,4.24,N,VIIRS_NOAA21_NRT
29.46117,76.89161,328.7,0.39,0.36,2026-08-29,2040,N21,VIIRS,n,2.0NRT,287.95,4.24,N,VIIRS_NOAA21_NRT
21.09752,72.6374,303.42,0.4,0.37,2026-08-29,2042,N21,VIIRS,n,2.0NRT,290.67,2.39,N,VIIRS_NOAA21_NRT
21.09809,72.63358,304.5,0.4,0.37,2026-08-29,2042,N21,VIIRS,n,2.0NRT,291.35,3.0,N,VIIRS_NOAA21_NRT
21.10031,72.64175,304.8,0.4,0.37,2026-08-29,2042,N21,VIIRS,n,2.0NRT,291.14,2.39,N,VIIRS_NOAA21_NRT
21.10088,72.63794,326.61,0.4,0.37,2026-08-29,2042,N21,VIIRS,n,2.0NRT,292.55,2.39,N,VIIRS_NOAA21_NRT
21.10144,72.63414,333.85,0.4,0.37,2026-08-29,2042,N21,VIIRS,n,2.0NRT,293.5,3.0,N,VIIRS_NOAA21_NRT
21.10201,72.63033,302.99,0.4,0.37,2026-08-29,2042,N21,VIIRS,n,2.0NRT,291.01,3.0,N,VIIRS_NOAA21_NRT
26.25701,74.09737,304.69,0.39,0.37,2026-08-29,2040,N21,VIIRS,n,2.0NRT,288.98,1.17,N,VIIRS_NOAA21_NRT
11.47617,77.50427,301.06,0.52,0.5,2026-08-29,2000,N20,VIIRS,n,2.0NRT,278.95,0.54,N,VIIRS_NOAA20_NRT
29.46308,76.88765,309.87,0.47,0.64,2026-08-29,1953,N20,VIIRS,n,2.0NRT,275.01,1.01,N,VIIRS_NOAA20_NRT
29.46341,76.88279,298.15,0.47,0.64,2026-08-29,1953,N20,VIIRS,n,2.0NRT,275.22,1.01,N,VIIRS_NOAA20_NRT
22.36086,87.01711,305.35,0.38,0.36,2026-08-29,1955,N20,VIIRS,n,2.0NRT,272.58,0.68,N,VIIRS_NOAA20_NRT
22.36415,87.0177,300.28,0.38,0.36,2026-08-29,1955,N20,VIIRS,n,2.0NRT,272.12,0.68,N,VIIRS_NOAA20_NRT
22.36679,87.29976,303.34,0.38,0.36,2026-08-29,1955,N20,VIIRS,n,2.0NRT,263.87,0.5,N,VIIRS_NOAA20_NRT
22.37691,87.27876,322.63,0.38,0.36,2026-08-29,1955,N20,VIIRS,n,2.0NRT,272.46,2.35,N,VIIRS_NOAA20_NRT
23.54915,86.54485,302.9,0.39,0.36,2026-08-29,1955,N20,VIIRS,n,2.0NRT,274.32,0.93,N,VIIRS_NOAA20_NRT
28.66509,77.57698,306.44,0.42,0.61,2026-08-29,1955,N20,VIIRS,n,2.0NRT,286.13,0.68,N,VIIRS_NOAA20_NRT
9.30498,77.40442,309.28,0.49,0.48,2026-08-29,2000,N20,VIIRS,n,2.0NRT,295.01,1.74,N,VIIRS_NOAA20_NRT
9.75463,77.51933,333.11,0.49,0.48,2026-08-29,2000,N20,VIIRS,n,2.0NRT,292.28,9.74,N,VIIRS_NOAA20_NRT
9.79408,78.39436,313.48,0.43,0.46,2026-08-29,2000,N20,VIIRS,n,2.0NRT,292.35,1.2,N,VIIRS_NOAA20_NRT
10.08053,77.3137,303.46,0.51,0.49,2026-08-29,2000,N20,VIIRS,n,2.0NRT,288.4,0.74,N,VIIRS_NOAA20_NRT
10.32693,79.23083,303.13,0.39,0.44,2026-08-29,2000,N20,VIIRS,n,2.0NRT,287.41,0.51,N,VIIRS_NOAA20_NRT
10.61798,77.41872,305.55,0.51,0.49,2026-08-29,2000,N20,VIIRS,n,2.0NRT,289.22,0.93,N,VIIRS_NOAA20_NRT
10.93958,78.46883,338.63,0.44,0.46,2026-08-29,2000,N20,VIIRS,n,2.0NRT,278.32,2.72,N,VIIRS_NOAA20_NRT
10.94012,78.46482,300.86,0.44,0.46,2026-08-29,2000,N20,VIIRS,n,2.0NRT,276.99,2.72,N,VIIRS_NOAA20_NRT
10.94382,78.46944,298.61,0.44,0.46,2026-08-29,2000,N20,VIIRS,n,2.0NRT,278.11,0.31,N,VIIRS_NOAA20_NRT
11.17766,79.08904,301.17,0.4,0.44,2026-08-29,2000,N20,VIIRS,n,2.0NRT,279.92,0.51,N,VIIRS_NOAA20_NRT
11.47695,77.50159,298.16,0.52,0.5,2026-08-29,2000,N20,VIIRS,n,2.0NRT,278.39,0.36,N,VIIRS_NOAA20_NRT
11.56324,78.73071,319.18,0.43,0.46,2026-08-29,2000,N20,VIIRS,n,2.0NRT,287.17,1.9,N,VIIRS_NOAA20_NRT
13.83427,79.34254,308.41,0.42,0.45,2026-08-29,2000,N20,VIIRS,n,2.0NRT,286.61,1.24,N,VIIRS_NOAA20_NRT
13.8353,79.33482,308.27,0.42,0.45,2026-08-29,2000,N20,VIIRS,n,2.0NRT,286.56,1.42,N,VIIRS_NOAA20_NRT
13.83898,79.33909,308.77,0.42,0.45,2026-08-29,2000,N20,VIIRS,n,2.0NRT,286.83,1.24,N,VIIRS_NOAA20_NRT
9.75909,77.51995,355.55,0.49,0.48,2026-08-29,2000,N20,VIIRS,n,2.0NRT,295.61,9.74,N,VIIRS_NOAA20_NRT
9.3622,78.73381,332.95,0.52,0.67,2026-08-29,724,N20,VIIRS,n,2.0NRT,284.66,4.63,D,VIIRS_NOAA20_NRT
10.40738,79.5165,354.22,0.44,0.62,2026-08-29,726,N20,VIIRS,n,2.0NRT,289.07,6.75,D,VIIRS_NOAA20_NRT
10.98918,78.7616,330.06,0.48,0.65,2026-08-29,726,N20,VIIRS,n,2.0NRT,288.64,3.86,D,VIIRS_NOAA20_NRT
12.20977,79.82823,332.09,0.39,0.59,2026-08-29,726,N20,VIIRS,n,2.0NRT,295.71,2.73,D,VIIRS_NOAA20_NRT
13.56609,79.58166,331.28,0.38,0.59,2026-08-29,726,N20,VIIRS,n,2.0NRT,294.21,2.31,D,VIIRS_NOAA20_NRT
14.54888,79.80931,348.89,0.35,0.57,2026-08-29,726,N20,VIIRS,n,2.0NRT,295.27,3.21,D,VIIRS_NOAA20_NRT
14.55055,79.80936,349.62,0.35,0.57,2026-08-29,726,N20,VIIRS,n,2.0NRT,294.78,4.3,D,VIIRS_NOAA20_NRT
14.65011,77.66823,336.82,0.49,0.65,2026-08-29,726,N20,VIIRS,n,2.0NRT,290.02,5.27,D,VIIRS_NOAA20_NRT
14.6517,77.66785,340.19,0.49,0.65,2026-08-29,726,N20,VIIRS,n,2.0NRT,289.79,4.18,D,VIIRS_NOAA20_NRT
23.68707,87.12255,331.22,0.39,0.36,2026-08-29,729,N20,VIIRS,n,2.0NRT,295.74,3.21,D,VIIRS_NOAA20_NRT
25.03602,87.38899,335.28,0.39,0.36,2026-08-29,729,N20,VIIRS,n,2.0NRT,295.29,3.58,D,VIIRS_NOAA20_NRT
28.26528,94.83472,346.8,0.33,0.55,2026-08-29,731,N20,VIIRS,n,2.0NRT,291.97,4.26,D,VIIRS_NOAA20_NRT
31.65889,78.40624,336.85,0.4,0.44,2026-08-29,731,N20,VIIRS,l,2.0NRT,309.66,5.95,D,VIIRS_NOAA20_NRT
8.64795,77.84141,330.38,0.68,0.74,2026-08-29,905,N20,VIIRS,n,2.0NRT,283.86,3.16,D,VIIRS_NOAA20_NRT
13.8395,79.33519,305.55,0.42,0.45,2026-08-29,2000,N20,VIIRS,n,2.0NRT,286.54,1.42,N,VIIRS_NOAA20_NRT
8.60741,77.97129,337.16,0.39,0.36,2026-08-29,809,N21,VIIRS,n,2.0NRT,294.04,5.38,D,VIIRS_NOAA21_NRT
8.75016,78.08366,337.4,0.39,0.36,2026-08-29,809,N21,VIIRS,n,2.0NRT,300.03,6.22,D,VIIRS_NOAA21_NRT
8.75985,77.6738,337.27,0.38,0.36,2026-08-29,809,N21,VIIRS,n,2.0NRT,304.89,1.58,D,VIIRS_NOAA21_NRT
8.8745,77.98587,338.37,0.39,0.36,2026-08-29,809,N21,VIIRS,n,2.0NRT,303.04,5.31,D,VIIRS_NOAA21_NRT
8.96052,77.90134,337.09,0.39,0.36,2026-08-29,809,N21,VIIRS,n,2.0NRT,300.26,2.91,D,VIIRS_NOAA21_NRT
8.64932,77.84006,343.62,0.38,0.36,2026-08-29,809,N21,VIIRS,n,2.0NRT,300.52,3.29,D,VIIRS_NOAA21_NRT
26.90533,93.00866,332.56,0.39,0.44,2026-08-29,633,N21,VIIRS,n,2.0NRT,288.37,1.84,D,VIIRS_NOAA21_NRT
29.45926,76.88767,330.18,0.54,0.68,2026-08-29,2136,N20,VIIRS,n,2.0NRT,284.5,5.21,N,VIIRS_NOAA20_NRT
29.45783,76.893,315.97,0.54,0.68,2026-08-29,2136,N20,VIIRS,n,2.0NRT,283.12,5.21,N,VIIRS_NOAA20_NRT
25.94203,72.1932,304.41,0.34,0.56,2026-08-29,2136,N20,VIIRS,n,2.0NRT,286.63,0.39,N,VIIRS_NOAA20_NRT
29.45884,76.89159,331.32,0.54,0.68,2026-08-29,2136,N20,VIIRS,n,2.0NRT,283.78,4.41,N,VIIRS_NOAA20_NRT
29.46024,76.88624,304.02,0.54,0.68,2026-08-29,2136,N20,VIIRS,n,2.0NRT,284.39,4.2,N,VIIRS_NOAA20_NRT
21.10025,72.63715,330.55,0.44,0.46,2026-08-30,2023,N21,VIIRS,n,2.0NRT,293.27,5.24,N,VIIRS_NOAA21_NRT
18.68679,73.03175,299.44,0.39,0.44,2026-08-30,2023,N21,VIIRS,n,2.0NRT,288.82,0.79,N,VIIRS_NOAA21_NRT
18.54595,74.25349,306.23,0.5,0.41,2026-08-30,2023,N21,VIIRS,n,2.0NRT,289.56,1.61,N,VIIRS_NOAA21_NRT
21.10351,72.64619,339.7,0.44,0.46,2026-08-30,2023,N21,VIIRS,n,2.0NRT,294.58,5.52,N,VIIRS_NOAA21_NRT
17.06211,76.97839,296.6,0.39,0.36,2026-08-30,2023,N21,VIIRS,n,2.0NRT,276.06,0.27,N,VIIRS_NOAA21_NRT
26.87142,73.51697,304.58,0.46,0.47,2026-08-30,2021,N21,VIIRS,n,2.0NRT,291.92,1.0,N,VIIRS_NOAA21_NRT
21.10401,72.64194,305.83,0.44,0.46,2026-08-30,2023,N21,VIIRS,n,2.0NRT,292.22,5.52,N,VIIRS_NOAA21_NRT
21.10776,72.64674,316.31,0.44,0.46,2026-08-30,2023,N21,VIIRS,n,2.0NRT,294.45,5.52,N,VIIRS_NOAA21_NRT
21.43382,72.97546,306.45,0.43,0.46,2026-08-30,2023,N21,VIIRS,n,2.0NRT,292.27,1.11,N,VIIRS_NOAA21_NRT
22.38949,73.11753,317.74,0.43,0.46,2026-08-30,2023,N21,VIIRS,n,2.0NRT,291.33,2.05,N,VIIRS_NOAA21_NRT
21.10076,72.63288,318.99,0.44,0.46,2026-08-30,2023,N21,VIIRS,n,2.0NRT,292.62,5.24,N,VIIRS_NOAA21_NRT
25.9405,72.18806,308.88,0.54,0.51,2026-08-30,2021,N21,VIIRS,n,2.0NRT,291.81,1.27,N,VIIRS_NOAA21_NRT
32.32051,76.85158,332.07,0.38,0.36,2026-08-30,758,N21,VIIRS,n,2.0NRT,303.55,3.22,D,VIIRS_NOAA21_NRT
34.19078,74.22848,330.02,0.4,0.37,2026-08-30,758,N21,VIIRS,n,2.0NRT,299.59,3.13,D,VIIRS_NOAA21_NRT
23.69337,85.36873,306.66,0.41,0.45,2026-08-30,2021,N21,VIIRS,n,2.0NRT,268.01,1.79,N,VIIRS_NOAA21_NRT
15.17321,76.78666,303.84,0.39,0.36,2026-08-30,2025,N21,VIIRS,n,2.0NRT,287.31,0.98,N,VIIRS_NOAA21_NRT
15.17424,76.69155,320.05,0.39,0.36,2026-08-30,2025,N21,VIIRS,n,2.0NRT,286.43,1.86,N,VIIRS_NOAA21_NRT
15.17587,76.65878,330.77,0.39,0.36,2026-08-30,2025,N21,VIIRS,n,2.0NRT,289.41,3.02,N,VIIRS_NOAA21_NRT
15.17624,77.10066,301.93,0.38,0.36,2026-08-30,2025,N21,VIIRS,n,2.0NRT,283.36,0.92,N,VIIRS_NOAA21_NRT
15.17641,76.65518,321.08,0.39,0.36,2026-08-30,2025,N21,VIIRS,n,2.0NRT,291.05,3.2,N,VIIRS_NOAA21_NRT
15.17644,76.67721,323.12,0.39,0.36,2026-08-30,2025,N21,VIIRS,n,2.0NRT,289.4,1.48,N,VIIRS_NOAA21_NRT
15.17698,76.67363,305.17,0.39,0.36,2026-08-30,2025,N21,VIIRS,n,2.0NRT,286.87,1.48,N,VIIRS_NOAA21_NRT
15.17808,76.66647,304.26,0.39,0.36,2026-08-30,2025,N21,VIIRS,n,2.0NRT,289.01,0.67,N,VIIRS_NOAA21_NRT
15.17899,77.10476,300.35,0.38,0.36,2026-08-30,2025,N21,VIIRS,n,2.0NRT,281.93,0.66,N,VIIRS_NOAA21_NRT
15.1803,76.67416,315.15,0.39,0.36,2026-08-30,2025,N21,VIIRS,n,2.0NRT,287.12,2.21,N,VIIRS_NOAA21_NRT
27.62523,70.73109,341.31,0.47,0.48,2026-08-30,756,N21,VIIRS,n,2.0NRT,309.66,2.05,D,VIIRS_NOAA21_NRT
15.18139,76.66699,331.56,0.39,0.36,2026-08-30,2025,N21,VIIRS,n,2.0NRT,290.21,6.39,N,VIIRS_NOAA21_NRT
15.30024,76.21906,299.57,0.4,0.37,2026-08-30,2025,N21,VIIRS,n,2.0NRT,283.8,0.29,N,VIIRS_NOAA21_NRT
15.33369,76.24677,302.99,0.39,0.37,2026-08-30,2025,N21,VIIRS,n,2.0NRT,288.71,0.69,N,VIIRS_NOAA21_NRT
15.6589,73.98905,313.76,0.48,0.4,2026-08-30,2025,N21,VIIRS,n,2.0NRT,291.6,1.82,N,VIIRS_NOAA21_NRT
15.17146,76.66541,309.81,0.39,0.36,2026-08-30,2025,N21,VIIRS,n,2.0NRT,289.07,1.63,N,VIIRS_NOAA21_NRT
15.17045,76.38124,306.12,0.39,0.36,2026-08-30,2025,N21,VIIRS,n,2.0NRT,287.89,1.14,N,VIIRS_NOAA21_NRT
15.16712,76.38071,306.74,0.39,0.36,2026-08-30,2025,N21,VIIRS,n,2.0NRT,287.75,1.69,N,VIIRS_NOAA21_NRT
15.16705,76.67205,308.78,0.39,0.36,2026-08-30,2025,N21,VIIRS,n,2.0NRT,288.57,1.27,N,VIIRS_NOAA21_NRT
9.66644,77.4579,301.05,0.4,0.37,2026-08-30,2025,N21,VIIRS,n,2.0NRT,284.78,0.88,N,VIIRS_NOAA21_NRT
9.66702,77.4543,301.83,0.4,0.37,2026-08-30,2025,N21,VIIRS,n,2.0NRT,284.41,0.68,N,VIIRS_NOAA21_NRT
9.97713,76.37589,300.76,0.38,0.36,2026-08-30,2025,N21,VIIRS,n,2.0NRT,281.22,0.97,N,VIIRS_NOAA21_NRT
10.1045,77.46542,307.32,0.4,0.37,2026-08-30,2025,N21,VIIRS,n,2.0NRT,290.73,0.59,N,VIIRS_NOAA21_NRT
11.18236,79.10169,308.16,0.44,0.38,2026-08-30,2025,N21,VIIRS,n,2.0NRT,286.73,1.27,N,VIIRS_NOAA21_NRT
13.70962,79.62088,307.73,0.43,0.38,2026-08-30,2025,N21,VIIRS,n,2.0NRT,288.37,1.51,N,VIIRS_NOAA21_NRT
13.82651,79.33714,299.57,0.42,0.38,2026-08-30,2025,N21,VIIRS,n,2.0NRT,261.5,0.65,N,VIIRS_NOAA21_NRT
13.82714,79.33331,296.35,0.42,0.38,2026-08-30,2025,N21,VIIRS,n,2.0NRT,262.42,0.86,N,VIIRS_NOAA21_NRT
13.89755,76.56599,306.74,0.39,0.36,2026-08-30,2025,N21,VIIRS,n,2.0NRT,287.97,1.04,N,VIIRS_NOAA21_NRT
14.92978,78.3416,299.8,0.39,0.36,2026-08-30,2025,N21,VIIRS,n,2.0NRT,276.1,0.3,N,VIIRS_NOAA21_NRT
15.02291,78.01446,304.77,0.39,0.36,2026-08-30,2025,N21,VIIRS,n,2.0NRT,282.76,0.47,N,VIIRS_NOAA21_NRT
15.06977,76.86497,303.21,0.39,0.36,2026-08-30,2025,N21,VIIRS,n,2.0NRT,288.89,1.13,N,VIIRS_NOAA21_NRT
11.81654,77.91914,308.82,0.4,0.37,2026-08-30,2025,N21,VIIRS,n,2.0NRT,289.99,1.71,N,VIIRS_NOAA21_NRT
27.45659,70.43187,344.42,0.49,0.49,2026-08-30,756,N21,VIIRS,n,2.0NRT,308.22,9.08,D,VIIRS_NOAA21_NRT
23.77771,86.20815,329.0,0.52,0.5,2026-08-30,754,N21,VIIRS,n,2.0NRT,288.71,11.8,D,VIIRS_NOAA21_NRT
14.50168,79.70076,336.4,0.74,0.76,2026-08-30,707,N20,VIIRS,n,2.0NRT,289.36,6.06,D,VIIRS_NOAA20_NRT
23.55893,87.23925,343.58,0.5,0.41,2026-08-30,709,N20,VIIRS,n,2.0NRT,291.53,14.28,D,VIIRS_NOAA20_NRT
14.50181,79.70016,338.54,0.74,0.76,2026-08-30,707,N20,VIIRS,n,2.0NRT,289.82,4.28,D,VIIRS_NOAA20_NRT
28.1259,95.46807,330.19,0.56,0.43,2026-08-30,709,N20,VIIRS,n,2.0NRT,294.91,3.18,D,VIIRS_NOAA20_NRT
27.98966,94.22114,339.7,0.48,0.4,2026-08-30,709,N20,VIIRS,n,2.0NRT,298.03,6.97,D,VIIRS_NOAA20_NRT
23.80394,86.33237,333.77,0.55,0.43,2026-08-30,709,N20,VIIRS,n,2.0NRT,289.02,3.43,D,VIIRS_NOAA20_NRT
23.76081,86.4027,330.6,0.55,0.43,2026-08-30,709,N20,VIIRS,n,2.0NRT,289.95,7.03,D,VIIRS_NOAA20_NRT
23.64829,85.43843,333.96,0.42,0.45,2026-08-30,709,N20,VIIRS,n,2.0NRT,288.41,6.73,D,VIIRS_NOAA20_NRT
27.45579,70.42984,344.07,0.49,0.49,2026-08-30,756,N21,VIIRS,n,2.0NRT,308.36,7.92,D,VIIRS_NOAA21_NRT
8.93206,77.96355,336.81,0.53,0.42,2026-08-30,750,N21,VIIRS,n,2.0NRT,292.55,6.73,D,VIIRS_NOAA21_NRT
9.11486,77.77372,331.27,0.54,0.42,2026-08-30,750,N21,VIIRS,n,2.0NRT,292.81,3.44,D,VIIRS_NOAA21_NRT
9.44347,77.66592,337.18,0.55,0.42,2026-08-30,750,N21,VIIRS,n,2.0NRT,295.43,7.48,D,VIIRS_NOAA21_NRT
9.44426,77.67081,348.44,0.54,0.42,2026-08-30,750,N21,VIIRS,n,2.0NRT,298.89,16.1,D,VIIRS_NOAA21_NRT
9.44579,77.66801,351.06,0.54,0.42,2026-08-30,750,N21,VIIRS,n,2.0NRT,297.64,17.27,D,VIIRS_NOAA21_NRT
11.81002,77.2115,340.99,0.54,0.42,2026-08-30,752,N21,VIIRS,n,2.0NRT,298.3,11.53,D,VIIRS_NOAA21_NRT
13.83721,79.3314,339.47,0.41,0.37,2026-08-30,752,N21,VIIRS,l,2.0NRT,300.28,9.11,D,VIIRS_NOAA21_NRT
14.25786,80.12138,336.17,0.39,0.36,2026-08-30,752,N21,VIIRS,l,2.0NRT,304.46,9.42,D,VIIRS_NOAA21_NRT
14.67095,79.82304,333.89,0.39,0.36,2026-08-30,752,N21,VIIRS,n,2.0NRT,299.86,4.38,D,VIIRS_NOAA21_NRT
14.91308,77.69633,333.12,0.46,0.39,2026-08-30,752,N21,VIIRS,n,2.0NRT,296.36,6.48,D,VIIRS_NOAA21_NRT
15.18088,76.66781,333.34,0.52,0.41,2026-08-30,752,N21,VIIRS,n,2.0NRT,289.95,3.18,D,VIIRS_NOAA21_NRT
18.3947,74.34995,332.85,0.42,0.45,2026-08-30,754,N21,VIIRS,n,2.0NRT,298.89,1.79,D,VIIRS_NOAA21_NRT
18.56188,74.5267,335.86,0.41,0.45,2026-08-30,754,N21,VIIRS,n,2.0NRT,297.81,4.39,D,VIIRS_NOAA21_NRT
13.80737,79.89786,333.6,0.4,0.37,2026-08-30,752,N21,VIIRS,l,2.0NRT,301.04,3.51,D,VIIRS_NOAA21_NRT
27.39587,71.04128,339.04,0.41,0.45,2026-08-30,852,N20,VIIRS,n,2.0NRT,300.97,3.65,D,VIIRS_NOAA20_NRT
27.3954,71.0371,343.46,0.41,0.45,2026-08-30,852,N20,VIIRS,n,2.0NRT,301.58,4.08,D,VIIRS_NOAA20_NRT
21.10428,72.64712,347.97,0.43,0.46,2026-08-30,850,N20,VIIRS,n,2.0NRT,298.8,9.54,D,VIIRS_NOAA20_NRT
21.1033,72.63883,334.9,0.43,0.46,2026-08-30,850,N20,VIIRS,n,2.0NRT,296.27,5.36,D,VIIRS_NOAA20_NRT
21.10281,72.6347,341.97,0.43,0.46,2026-08-30,850,N20,VIIRS,n,2.0NRT,297.24,5.36,D,VIIRS_NOAA20_NRT
9.99573,77.29134,349.42,0.62,0.54,2026-08-30,845,N20,VIIRS,n,2.0NRT,294.98,9.26,D,VIIRS_NOAA20_NRT
9.44872,77.67133,331.78,0.32,0.55,2026-08-30,845,N20,VIIRS,n,2.0NRT,278.81,3.88,D,VIIRS_NOAA20_NRT
9.4436,77.67059,330.78,0.32,0.55,2026-08-30,845,N20,VIIRS,n,2.0NRT,276.36,3.65,D,VIIRS_NOAA20_NRT
9.44333,77.66908,335.62,0.32,0.55,2026-08-30,845,N20,VIIRS,n,2.0NRT,277.88,3.8,D,VIIRS_NOAA20_NRT
31.57862,74.81806,332.74,0.39,0.59,2026-08-30,852,N20,VIIRS,n,2.0NRT,293.89,3.13,D,VIIRS_NOAA20_NRT
9.11021,77.77234,350.61,0.32,0.55,2026-08-30,845,N20,VIIRS,n,2.0NRT,288.69,4.69,D,VIIRS_NOAA20_NRT
8.88266,77.78847,339.64,0.32,0.55,2026-08-30,845,N20,VIIRS,n,2.0NRT,291.16,1.91,D,VIIRS_NOAA20_NRT
8.93221,77.96577,367.0,0.33,0.55,2026-08-30,845,N20,VIIRS,h,2.0NRT,293.15,8.66,D,VIIRS_NOAA20_NRT
28.74474,76.9258,302.82,0.59,0.53,2026-08-30,2116,N20,VIIRS,n,2.0NRT,286.68,1.53,N,VIIRS_NOAA20_NRT
29.47735,76.8579,334.37,0.56,0.52,2026-08-30,2116,N20,VIIRS,n,2.0NRT,289.34,7.34,N,VIIRS_NOAA20_NRT
22.38943,73.11754,310.63,0.47,0.47,2026-08-30,2118,N20,VIIRS,n,2.0NRT,290.46,0.91,N,VIIRS_NOAA20_NRT
25.94213,72.19216,318.98,0.54,0.42,2026-08-30,2118,N20,VIIRS,n,2.0NRT,293.98,2.51,N,VIIRS_NOAA20_NRT
26.87585,73.51497,303.97,0.41,0.45,2026-08-30,2118,N20,VIIRS,n,2.0NRT,291.93,0.99,N,VIIRS_NOAA20_NRT
27.08151,73.8162,304.34,0.42,0.45,2026-08-30,2118,N20,VIIRS,n,2.0NRT,291.02,0.92,N,VIIRS_NOAA20_NRT
15.18226,76.66277,300.4,0.69,0.74,2026-08-30,1940,N20,VIIRS,n,2.0NRT,265.07,7.11,N,VIIRS_NOAA20_NRT
17.54469,73.15681,334.72,0.58,0.52,2026-08-30,2121,N20,VIIRS,n,2.0NRT,288.88,3.59,N,VIIRS_NOAA20_NRT
18.49127,74.60493,301.0,0.34,0.56,2026-08-30,2121,N20,VIIRS,n,2.0NRT,288.03,0.53,N,VIIRS_NOAA20_NRT
18.54775,74.2534,306.65,0.33,0.55,2026-08-30,2121,N20,VIIRS,n,2.0NRT,287.54,0.82,N,VIIRS_NOAA20_NRT
10.10931,77.46021,303.47,0.53,0.67,2026-08-30,1942,N20,VIIRS,n,2.0NRT,289.61,0.64,N,VIIRS_NOAA20_NRT
13.46564,79.86813,341.58,0.45,0.47,2026-08-31,733,N21,VIIRS,n,2.0NRT,297.63,10.54,D,VIIRS_NOAA21_NRT
22.79767,86.20526,330.49,0.43,0.38,2026-08-31,735,N21,VIIRS,n,2.0NRT,284.14,4.82,D,VIIRS_NOAA21_NRT
8.19619,77.55958,330.48,0.4,0.6,2026-08-31,731,N21,VIIRS,n,2.0NRT,293.99,3.4,D,VIIRS_NOAA21_NRT
8.74081,78.09372,309.71,0.44,0.38,2026-08-31,2008,N21,VIIRS,n,2.0NRT,295.3,0.88,N,VIIRS_NOAA21_NRT
8.7414,78.08978,308.15,0.44,0.38,2026-08-31,2008,N21,VIIRS,n,2.0NRT,295.37,0.94,N,VIIRS_NOAA21_NRT
8.86698,78.1198,308.69,0.44,0.38,2026-08-31,2008,N21,VIIRS,n,2.0NRT,296.2,0.48,N,VIIRS_NOAA21_NRT
9.06696,77.89515,314.44,0.45,0.39,2026-08-31,2008,N21,VIIRS,n,2.0NRT,295.57,0.92,N,VIIRS_NOAA21_NRT
10.26561,78.37807,308.2,0.44,0.38,2026-08-31,2008,N21,VIIRS,n,2.0NRT,294.61,1.49,N,VIIRS_NOAA21_NRT
10.41422,77.11642,320.12,0.51,0.41,2026-08-31,2008,N21,VIIRS,n,2.0NRT,290.43,2.48,N,VIIRS_NOAA21_NRT
11.08219,78.75288,315.78,0.43,0.38,2026-08-31,2008,N21,VIIRS,n,2.0NRT,292.3,1.2,N,VIIRS_NOAA21_NRT
11.0839,78.75246,309.64,0.43,0.38,2026-08-31,2008,N21,VIIRS,n,2.0NRT,293.1,1.03,N,VIIRS_NOAA21_NRT
11.81635,77.91774,305.18,0.48,0.4,2026-08-31,2008,N21,VIIRS,n,2.0NRT,293.35,1.96,N,VIIRS_NOAA21_NRT
12.17032,78.99065,297.43,0.43,0.38,2026-08-31,2008,N21,VIIRS,n,2.0NRT,286.67,1.61,N,VIIRS_NOAA21_NRT
30.18717,74.48603,305.14,0.57,0.69,2026-08-31,2142,N21,VIIRS,n,2.0NRT,289.73,1.24,N,VIIRS_NOAA21_NRT
22.3833,73.1189,311.62,0.73,0.76,2026-08-31,2144,N21,VIIRS,n,2.0NRT,268.93,2.43,N,VIIRS_NOAA21_NRT
22.39004,73.12098,309.44,0.73,0.76,2026-08-31,2144,N21,VIIRS,n,2.0NRT,270.65,4.01,N,VIIRS_NOAA21_NRT
18.79948,74.2539,305.94,0.33,0.55,2026-08-31,2006,N21,VIIRS,n,2.0NRT,288.24,1.46,N,VIIRS_NOAA21_NRT
18.6894,73.03887,302.48,0.4,0.6,2026-08-31,2006,N21,VIIRS,n,2.0NRT,289.75,0.61,N,VIIRS_NOAA21_NRT
19.93664,73.71329,302.54,0.37,0.58,2026-08-31,2004,N21,VIIRS,n,2.0NRT,286.53,1.72,N,VIIRS_NOAA21_NRT
21.10521,72.64474,328.52,0.45,0.63,2026-08-31,2004,N21,VIIRS,n,2.0NRT,285.25,6.75,N,VIIRS_NOAA21_NRT
24.76254,74.6077,300.58,0.37,0.58,2026-08-31,2004,N21,VIIRS,n,2.0NRT,276.94,0.93,N,VIIRS_NOAA21_NRT
12.80597,77.4342,303.35,0.52,0.42,2026-08-31,2006,N21,VIIRS,n,2.0NRT,281.03,1.99,N,VIIRS_NOAA21_NRT
13.39139,80.10024,308.06,0.4,0.37,2026-08-31,2006,N21,VIIRS,n,2.0NRT,289.62,1.4,N,VIIRS_NOAA21_NRT
13.39185,80.07369,307.57,0.41,0.37,2026-08-31,2006,N21,VIIRS,n,2.0NRT,292.82,1.15,N,VIIRS_NOAA21_NRT
13.62445,78.44543,303.26,0.47,0.4,2026-08-31,2006,N21,VIIRS,n,2.0NRT,290.03,1.39,N,VIIRS_NOAA21_NRT
13.62572,78.44389,308.4,0.47,0.4,2026-08-31,2006,N21,VIIRS,n,2.0NRT,289.97,0.99,N,VIIRS_NOAA21_NRT
13.7698,79.52962,315.63,0.42,0.38,2026-08-31,2006,N21,VIIRS,n,2.0NRT,293.75,3.59,N,VIIRS_NOAA21_NRT
13.8191,79.35138,304.87,0.43,0.38,2026-08-31,2006,N21,VIIRS,n,2.0NRT,292.17,2.95,N,VIIRS_NOAA21_NRT
13.82083,79.35246,308.89,0.43,0.38,2026-08-31,2006,N21,VIIRS,n,2.0NRT,292.28,2.29,N,VIIRS_NOAA21_NRT
17.06124,76.97998,300.95,0.42,0.45,2026-08-31,2006,N21,VIIRS,n,2.0NRT,277.75,0.42,N,VIIRS_NOAA21_NRT
17.06384,76.97977,302.15,0.42,0.45,2026-08-31,2006,N21,VIIRS,n,2.0NRT,278.25,0.78,N,VIIRS_NOAA21_NRT
17.13949,77.17442,301.3,0.41,0.45,2026-08-31,2006,N21,VIIRS,n,2.0NRT,280.77,0.6,N,VIIRS_NOAA21_NRT
18.68412,73.03058,318.49,0.4,0.6,2026-08-31,2006,N21,VIIRS,n,2.0NRT,289.99,2.81,N,VIIRS_NOAA21_NRT
18.68763,73.04997,301.29,0.4,0.6,2026-08-31,2006,N21,VIIRS,n,2.0NRT,289.04,1.39,N,VIIRS_NOAA21_NRT
13.04406,77.66707,304.66,0.51,0.41,2026-08-31,2006,N21,VIIRS,n,2.0NRT,288.69,0.53,N,VIIRS_NOAA21_NRT
13.81982,79.34018,332.98,0.48,0.48,2026-08-31,733,N21,VIIRS,n,2.0NRT,281.5,8.45,D,VIIRS_NOAA21_NRT
9.22205,78.65817,333.87,0.32,0.55,2026-08-31,731,N21,VIIRS,l,2.0NRT,305.2,1.05,D,VIIRS_NOAA21_NRT
9.20535,78.30312,332.69,0.34,0.56,2026-08-31,731,N21,VIIRS,n,2.0NRT,302.34,1.84,D,VIIRS_NOAA21_NRT
8.95907,77.42636,336.72,0.4,0.6,2026-08-31,731,N21,VIIRS,n,2.0NRT,299.34,6.43,D,VIIRS_NOAA21_NRT
8.95756,77.42812,343.07,0.4,0.6,2026-08-31,731,N21,VIIRS,n,2.0NRT,299.6,7.03,D,VIIRS_NOAA21_NRT
8.93458,77.4248,331.74,0.4,0.6,2026-08-31,731,N21,VIIRS,n,2.0NRT,296.67,2.81,D,VIIRS_NOAA21_NRT
8.73938,77.75655,342.22,0.38,0.59,2026-08-31,731,N21,VIIRS,n,2.0NRT,300.04,3.62,D,VIIRS_NOAA21_NRT
13.41108,80.26926,332.33,0.43,0.46,2026-08-31,733,N21,VIIRS,n,2.0NRT,296.76,1.98,D,VIIRS_NOAA21_NRT
13.38021,79.70301,333.34,0.47,0.47,2026-08-31,733,N21,VIIRS,n,2.0NRT,298.87,4.52,D,VIIRS_NOAA21_NRT
13.3195,79.92703,339.93,0.45,0.47,2026-08-31,733,N21,VIIRS,n,2.0NRT,295.66,5.81,D,VIIRS_NOAA21_NRT
13.31914,79.92836,337.11,0.45,0.47,2026-08-31,733,N21,VIIRS,n,2.0NRT,295.25,7.56,D,VIIRS_NOAA21_NRT
13.29946,79.8628,341.58,0.46,0.47,2026-08-31,733,N21,VIIRS,n,2.0NRT,299.8,2.73,D,VIIRS_NOAA21_NRT
12.81064,76.9621,329.86,0.36,0.58,2026-08-31,733,N21,VIIRS,n,2.0NRT,275.93,5.58,D,VIIRS_NOAA21_NRT
12.70339,79.7732,340.67,0.47,0.48,2026-08-31,731,N21,VIIRS,n,2.0NRT,298.26,6.14,D,VIIRS_NOAA21_NRT
12.58453,79.64104,332.82,0.49,0.48,2026-08-31,731,N21,VIIRS,n,2.0NRT,297.71,1.87,D,VIIRS_NOAA21_NRT
12.1731,79.82799,339.93,0.48,0.48,2026-08-31,731,N21,VIIRS,n,2.0NRT,294.09,8.65,D,VIIRS_NOAA21_NRT
11.39743,78.70004,354.25,0.59,0.53,2026-08-31,731,N21,VIIRS,n,2.0NRT,286.76,14.75,D,VIIRS_NOAA21_NRT
10.04896,78.97438,339.72,0.59,0.53,2026-08-31,731,N21,VIIRS,n,2.0NRT,301.32,8.45,D,VIIRS_NOAA21_NRT
9.8097,77.88875,340.38,0.36,0.57,2026-08-31,731,N21,VIIRS,n,2.0NRT,307.56,4.27,D,VIIRS_NOAA21_NRT
9.76943,78.36863,332.83,0.33,0.55,2026-08-31,731,N21,VIIRS,n,2.0NRT,289.29,3.13,D,VIIRS_NOAA21_NRT
9.71414,78.92452,340.23,0.61,0.53,2026-08-31,731,N21,VIIRS,n,2.0NRT,296.96,2.93,D,VIIRS_NOAA21_NRT
9.65658,77.64974,339.31,0.37,0.58,2026-08-31,731,N21,VIIRS,n,2.0NRT,304.18,7.4,D,VIIRS_NOAA21_NRT
9.65597,77.64645,331.61,0.37,0.58,2026-08-31,731,N21,VIIRS,l,2.0NRT,303.13,4.33,D,VIIRS_NOAA21_NRT
9.6418,77.65417,330.61,0.37,0.58,2026-08-31,731,N21,VIIRS,n,2.0NRT,299.92,2.09,D,VIIRS_NOAA21_NRT
9.52986,78.55909,344.82,0.32,0.55,2026-08-31,731,N21,VIIRS,n,2.0NRT,295.68,10.57,D,VIIRS_NOAA21_NRT
9.41918,77.50965,335.16,0.38,0.59,2026-08-31,731,N21,VIIRS,n,2.0NRT,299.91,2.45,D,VIIRS_NOAA21_NRT
9.7306,78.41191,337.64,0.33,0.55,2026-08-31,731,N21,VIIRS,n,2.0NRT,294.09,2.59,D,VIIRS_NOAA21_NRT
13.82067,79.34486,341.88,0.48,0.48,2026-08-31,733,N21,VIIRS,n,2.0NRT,281.74,8.45,D,VIIRS_NOAA21_NRT
9.94658,77.72368,338.91,0.49,0.4,2026-08-31,828,N20,VIIRS,n,2.0NRT,304.69,6.94,D,VIIRS_NOAA20_NRT
9.43492,77.46063,336.91,0.47,0.4,2026-08-31,828,N20,VIIRS,n,2.0NRT,306.59,2.32,D,VIIRS_NOAA20_NRT
9.65592,77.65157,340.63,0.48,0.4,2026-08-31,828,N20,VIIRS,n,2.0NRT,304.25,4.59,D,VIIRS_NOAA20_NRT
9.65621,77.65012,339.0,0.48,0.4,2026-08-31,828,N20,VIIRS,n,2.0NRT,303.15,4.92,D,VIIRS_NOAA20_NRT
9.7255,77.27241,331.44,0.46,0.39,2026-08-31,828,N20,VIIRS,l,2.0NRT,304.45,1.76,D,VIIRS_NOAA20_NRT
9.77065,78.36562,338.51,0.53,0.42,2026-08-31,828,N20,VIIRS,n,2.0NRT,307.27,5.6,D,VIIRS_NOAA20_NRT
9.78937,78.38755,333.79,0.53,0.42,2026-08-31,828,N20,VIIRS,n,2.0NRT,303.62,3.64,D,VIIRS_NOAA20_NRT
10.03775,78.14595,334.77,0.52,0.41,2026-08-31,828,N20,VIIRS,l,2.0NRT,305.02,4.01,D,VIIRS_NOAA20_NRT
10.04175,77.58042,339.12,0.48,0.4,2026-08-31,828,N20,VIIRS,n,2.0NRT,304.56,29.4,D,VIIRS_NOAA20_NRT
10.27317,78.84991,337.68,0.38,0.43,2026-08-31,828,N20,VIIRS,n,2.0NRT,288.04,3.9,D,VIIRS_NOAA20_NRT
10.28726,77.86376,336.28,0.5,0.41,2026-08-31,828,N20,VIIRS,n,2.0NRT,282.82,4.79,D,VIIRS_NOAA20_NRT
10.66276,78.48209,335.26,0.55,0.43,2026-08-31,828,N20,VIIRS,n,2.0NRT,299.46,2.22,D,VIIRS_NOAA20_NRT
10.73763,78.73309,335.81,0.57,0.43,2026-08-31,828,N20,VIIRS,n,2.0NRT,298.79,3.35,D,VIIRS_NOAA20_NRT
10.76245,78.65031,334.91,0.57,0.43,2026-08-31,828,N20,VIIRS,n,2.0NRT,299.28,3.55,D,VIIRS_NOAA20_NRT
10.76564,78.65233,338.36,0.57,0.43,2026-08-31,828,N20,VIIRS,n,2.0NRT,300.99,5.89,D,VIIRS_NOAA20_NRT
10.84943,78.79076,335.91,0.39,0.44,2026-08-31,828,N20,VIIRS,n,2.0NRT,300.38,3.38,D,VIIRS_NOAA20_NRT
11.19128,76.92039,332.0,0.46,0.39,2026-08-31,828,N20,VIIRS,n,2.0NRT,296.2,2.29,D,VIIRS_NOAA20_NRT
13.58984,78.21954,331.87,0.39,0.44,2026-08-31,828,N20,VIIRS,n,2.0NRT,293.69,1.78,D,VIIRS_NOAA20_NRT
13.1221,79.9063,336.64,0.49,0.48,2026-08-31,828,N20,VIIRS,n,2.0NRT,294.46,4.33,D,VIIRS_NOAA20_NRT
12.91149,79.43056,335.76,0.45,0.47,2026-08-31,828,N20,VIIRS,n,2.0NRT,299.59,2.51,D,VIIRS_NOAA20_NRT
12.40623,79.97924,330.41,0.48,0.48,2026-08-31,828,N20,VIIRS,n,2.0NRT,300.37,4.96,D,VIIRS_NOAA20_NRT
12.35043,79.22861,353.47,0.43,0.46,2026-08-31,828,N20,VIIRS,n,2.0NRT,303.73,20.52,D,VIIRS_NOAA20_NRT
12.34985,79.22876,351.38,0.43,0.46,2026-08-31,828,N20,VIIRS,n,2.0NRT,306.01,26.13,D,VIIRS_NOAA20_NRT
12.24117,79.08451,341.4,0.42,0.45,2026-08-31,828,N20,VIIRS,n,2.0NRT,299.69,3.57,D,VIIRS_NOAA20_NRT
11.88784,77.23312,339.3,0.49,0.4,2026-08-31,828,N20,VIIRS,n,2.0NRT,295.55,4.91,D,VIIRS_NOAA20_NRT
11.70993,79.0149,333.03,0.41,0.45,2026-08-31,828,N20,VIIRS,n,2.0NRT,300.21,1.34,D,VIIRS_NOAA20_NRT
11.62768,78.61454,338.59,0.39,0.44,2026-08-31,828,N20,VIIRS,n,2.0NRT,299.74,2.1,D,VIIRS_NOAA20_NRT
11.47324,77.20173,333.62,0.48,0.4,2026-08-31,828,N20,VIIRS,n,2.0NRT,295.28,3.2,D,VIIRS_NOAA20_NRT
11.46265,79.2357,335.83,0.42,0.45,2026-08-31,828,N20,VIIRS,n,2.0NRT,300.33,3.95,D,VIIRS_NOAA20_NRT
11.45847,79.20508,331.29,0.42,0.45,2026-08-31,828,N20,VIIRS,n,2.0NRT,298.72,4.75,D,VIIRS_NOAA20_NRT
12.05407,79.33384,333.4,0.43,0.46,2026-08-31,828,N20,VIIRS,l,2.0NRT,303.79,1.84,D,VIIRS_NOAA20_NRT
14.35068,77.20792,334.78,0.52,0.41,2026-08-31,828,N20,VIIRS,n,2.0NRT,294.14,5.55,D,VIIRS_NOAA20_NRT
9.33842,77.67591,348.33,0.48,0.4,2026-08-31,828,N20,VIIRS,n,2.0NRT,302.43,15.33,D,VIIRS_NOAA20_NRT
9.33629,76.59998,331.62,0.43,0.38,2026-08-31,828,N20,VIIRS,n,2.0NRT,297.35,2.3,D,VIIRS_NOAA20_NRT
9.33502,77.6755,340.82,0.48,0.4,2026-08-31,828,N20,VIIRS,n,2.0NRT,297.84,8.25,D,VIIRS_NOAA20_NRT
9.10032,78.18219,340.05,0.51,0.41,2026-08-31,828,N20,VIIRS,n,2.0NRT,305.68,12.25,D,VIIRS_NOAA20_NRT
9.09992,77.59845,340.12,0.47,0.4,2026-08-31,828,N20,VIIRS,n,2.0NRT,309.29,5.89,D,VIIRS_NOAA20_NRT
9.09946,77.59773,340.97,0.47,0.4,2026-08-31,828,N20,VIIRS,n,2.0NRT,309.36,6.5,D,VIIRS_NOAA20_NRT
9.02701,77.86887,341.66,0.49,0.4,2026-08-31,828,N20,VIIRS,n,2.0NRT,311.06,10.62,D,VIIRS_NOAA20_NRT
8.74155,77.75618,337.88,0.48,0.4,2026-08-31,828,N20,VIIRS,n,2.0NRT,305.11,6.5,D,VIIRS_NOAA20_NRT
14.47482,78.26068,337.14,0.4,0.44,2026-08-31,828,N20,VIIRS,n,2.0NRT,296.09,2.53,D,VIIRS_NOAA20_NRT
17.96539,75.48702,336.33,0.46,0.39,2026-08-31,830,N20,VIIRS,n,2.0NRT,299.52,3.37,D,VIIRS_NOAA20_NRT
30.18642,74.48694,311.31,0.39,0.36,2026-08-31,2057,N20,VIIRS,n,2.0NRT,294.97,2.35,N,VIIRS_NOAA20_NRT
30.25077,74.9136,308.85,0.4,0.37,2026-08-31,2057,N20,VIIRS,n,2.0NRT,296.36,1.01,N,VIIRS_NOAA20_NRT
20.90941,71.46135,307.93,0.39,0.36,2026-08-31,2059,N20,VIIRS,n,2.0NRT,292.29,1.31,N,VIIRS_NOAA20_NRT
20.91001,71.45766,306.84,0.39,0.36,2026-08-31,2059,N20,VIIRS,n,2.0NRT,292.26,1.23,N,VIIRS_NOAA20_NRT
21.10232,72.63803,306.19,0.41,0.37,2026-08-31,2059,N20,VIIRS,n,2.0NRT,282.98,2.63,N,VIIRS_NOAA20_NRT
21.10298,72.63417,330.34,0.41,0.37,2026-08-31,2059,N20,VIIRS,n,2.0NRT,284.89,2.63,N,VIIRS_NOAA20_NRT
21.10775,72.64704,312.17,0.41,0.37,2026-08-31,2059,N20,VIIRS,n,2.0NRT,281.09,1.67,N,VIIRS_NOAA20_NRT
22.93215,69.70328,304.41,0.4,0.37,2026-08-31,2059,N20,VIIRS,n,2.0NRT,291.76,1.67,N,VIIRS_NOAA20_NRT
22.9333,69.69547,319.81,0.4,0.37,2026-08-31,2059,N20,VIIRS,n,2.0NRT,288.73,3.34,N,VIIRS_NOAA20_NRT
23.26684,70.25716,302.45,0.39,0.36,2026-08-31,2059,N20,VIIRS,n,2.0NRT,291.01,1.26,N,VIIRS_NOAA20_NRT
9.13332,77.53674,314.12,0.39,0.59,2026-08-31,2104,N20,VIIRS,n,2.0NRT,292.41,1.0,N,VIIRS_NOAA20_NRT
29.46107,76.8892,307.39,0.47,0.4,2026-08-31,2057,N20,VIIRS,n,2.0NRT,292.41,3.12,N,VIIRS_NOAA20_NRT
13.11669,77.65411,321.12,0.34,0.56,2026-08-31,2101,N20,VIIRS,n,2.0NRT,283.66,2.26,N,VIIRS_NOAA20_NRT
11.18185,79.09965,306.88,0.46,0.63,2026-08-31,2101,N20,VIIRS,n,2.0NRT,286.8,1.49,N,VIIRS_NOAA20_NRT
24.76362,74.60734,304.43,0.44,0.38,2026-08-31,2059,N20,VIIRS,n,2.0NRT,284.22,1.04,N,VIIRS_NOAA20_NRT
24.69281,74.68075,300.04,0.44,0.38,2026-08-31,2059,N20,VIIRS,n,2.0NRT,281.62,0.54,N,VIIRS_NOAA20_NRT
24.6901,73.00169,313.08,0.39,0.36,2026-08-31,2059,N20,VIIRS,n,2.0NRT,290.52,1.11,N,VIIRS_NOAA20_NRT
24.65826,73.87632,305.2,0.41,0.37,2026-08-31,2059,N20,VIIRS,n,2.0NRT,285.77,0.81,N,VIIRS_NOAA20_NRT
11.28316,77.87854,300.36,0.38,0.58,2026-08-31,2101,N20,VIIRS,n,2.0NRT,283.12,0.23,N,VIIRS_NOAA20_NRT
28.37484,77.22419,310.89,0.51,0.41,2026-08-31,2057,N20,VIIRS,n,2.0NRT,291.18,2.22,N,VIIRS_NOAA20_NRT
28.3733,77.22678,310.67,0.51,0.41,2026-08-31,2057,N20,VIIRS,n,2.0NRT,291.11,2.65,N,VIIRS_NOAA20_NRT
26.85779,72.11017,338.83,0.41,0.37,2026-08-31,833,N20,VIIRS,l,2.0NRT,311.09,4.51,D,VIIRS_NOAA20_NRT
25.59085,72.62873,332.94,0.42,0.38,2026-08-31,833,N20,VIIRS,n,2.0NRT,297.48,2.74,D,VIIRS_NOAA20_NRT
21.10255,72.63916,337.23,0.39,0.37,2026-08-31,833,N20,VIIRS,n,2.0NRT,296.08,7.44,D,VIIRS_NOAA20_NRT
21.102,72.63538,337.48,0.39,0.37,2026-08-31,833,N20,VIIRS,n,2.0NRT,299.47,9.17,D,VIIRS_NOAA20_NRT
17.77075,75.83885,338.77,0.48,0.4,2026-08-31,830,N20,VIIRS,n,2.0NRT,299.26,1.97,D,VIIRS_NOAA20_NRT
28.34796,77.25802,308.08,0.51,0.41,2026-08-31,2057,N20,VIIRS,n,2.0NRT,290.84,2.59,N,VIIRS_NOAA20_NRT
27.28906,73.83814,309.89,0.4,0.37,2026-08-31,2057,N20,VIIRS,n,2.0NRT,294.14,1.08,N,VIIRS_NOAA20_NRT
26.87875,73.5166,305.81,0.39,0.36,2026-08-31,2057,N20,VIIRS,n,2.0NRT,293.32,1.52,N,VIIRS_NOAA20_NRT
26.87543,73.51593,309.98,0.39,0.36,2026-08-31,2057,N20,VIIRS,n,2.0NRT,293.26,1.34,N,VIIRS_NOAA20_NRT
26.60473,73.68454,305.84,0.4,0.37,2026-08-31,2057,N20,VIIRS,n,2.0NRT,293.13,0.89,N,VIIRS_NOAA20_NRT
26.25868,74.09715,310.54,0.41,0.37,2026-08-31,2057,N20,VIIRS,n,2.0NRT,290.76,1.08,N,VIIRS_NOAA20_NRT
25.94237,72.19138,308.51,0.38,0.36,2026-08-31,2057,N20,VIIRS,n,2.0NRT,292.63,1.0,N,VIIRS_NOAA20_NRT
8.72286,77.91467,338.28,0.49,0.4,2026-08-31,828,N20,VIIRS,n,2.0NRT,306.32,6.73,D,VIIRS_NOAA20_NRT
8.34184,77.54288,343.41,0.46,0.39,2026-08-31,828,N20,VIIRS,n,2.0NRT,302.56,8.3,D,VIIRS_NOAA20_NRT
8.44717,77.58348,335.04,0.46,0.39,2026-08-31,828,N20,VIIRS,n,2.0NRT,302.12,2.18,D,VIIRS_NOAA20_NRT
15.88765,79.82237,342.72,0.43,0.38,2026-09-01,809,N20,VIIRS,n,2.0NRT,304.43,10.4,D,VIIRS_NOAA20_NRT
15.90596,79.6264,337.02,0.42,0.38,2026-09-01,809,N20,VIIRS,n,2.0NRT,302.4,16.99,D,VIIRS_NOAA20_NRT
15.52438,73.99835,300.48,0.38,0.36,2026-09-01,2044,N20,VIIRS,n,2.0NRT,279.78,0.58,N,VIIRS_NOAA20_NRT
15.65856,73.98801,311.54,0.38,0.36,2026-09-01,2044,N20,VIIRS,n,2.0NRT,278.13,1.34,N,VIIRS_NOAA20_NRT
15.33847,76.27747,312.43,0.41,0.37,2026-09-01,2044,N20,VIIRS,n,2.0NRT,289.17,1.74,N,VIIRS_NOAA20_NRT
15.33782,76.2813,313.9,0.42,0.37,2026-09-01,2044,N20,VIIRS,n,2.0NRT,288.64,1.2,N,VIIRS_NOAA20_NRT
15.30256,76.21996,302.03,0.41,0.37,2026-09-01,2044,N20,VIIRS,n,2.0NRT,287.24,0.59,N,VIIRS_NOAA20_NRT
11.59199,77.27399,317.63,0.5,0.41,2026-09-01,2044,N20,VIIRS,n,2.0NRT,288.37,2.61,N,VIIRS_NOAA20_NRT
11.81575,77.91618,308.23,0.54,0.42,2026-09-01,2044,N20,VIIRS,n,2.0NRT,290.91,1.73,N,VIIRS_NOAA20_NRT
11.97294,78.38143,304.35,0.38,0.43,2026-09-01,2044,N20,VIIRS,n,2.0NRT,285.39,1.53,N,VIIRS_NOAA20_NRT
12.03402,79.0584,312.73,0.42,0.45,2026-09-01,2044,N20,VIIRS,n,2.0NRT,289.62,2.18,N,VIIRS_NOAA20_NRT
12.55545,76.66816,301.12,0.46,0.39,2026-09-01,2044,N20,VIIRS,n,2.0NRT,289.18,0.48,N,VIIRS_NOAA20_NRT
13.13984,80.18926,313.12,0.48,0.48,2026-09-01,2044,N20,VIIRS,n,2.0NRT,285.09,5.12,N,VIIRS_NOAA20_NRT
15.16355,76.37809,303.43,0.42,0.38,2026-09-01,2044,N20,VIIRS,n,2.0NRT,287.16,0.81,N,VIIRS_NOAA20_NRT
15.17021,76.37886,307.57,0.42,0.38,2026-09-01,2044,N20,VIIRS,n,2.0NRT,288.04,1.79,N,VIIRS_NOAA20_NRT
15.17364,76.69354,314.15,0.43,0.38,2026-09-01,2044,N20,VIIRS,n,2.0NRT,286.11,0.98,N,VIIRS_NOAA20_NRT
15.1762,76.65736,323.45,0.43,0.38,2026-09-01,2044,N20,VIIRS,n,2.0NRT,287.88,1.81,N,VIIRS_NOAA20_NRT
15.17631,76.67775,304.74,0.43,0.38,2026-09-01,2044,N20,VIIRS,n,2.0NRT,286.6,1.08,N,VIIRS_NOAA20_NRT
15.17686,76.65341,320.45,0.43,0.38,2026-09-01,2044,N20,VIIRS,n,2.0NRT,286.85,1.81,N,VIIRS_NOAA20_NRT
15.18032,76.65404,306.82,0.43,0.38,2026-09-01,2044,N20,VIIRS,n,2.0NRT,286.7,1.81,N,VIIRS_NOAA20_NRT
15.18044,76.67444,312.89,0.43,0.38,2026-09-01,2044,N20,VIIRS,n,2.0NRT,287.2,2.96,N,VIIRS_NOAA20_NRT
15.18178,76.66653,330.83,0.43,0.38,2026-09-01,2044,N20,VIIRS,n,2.0NRT,286.3,5.15,N,VIIRS_NOAA20_NRT
15.18232,76.6422,329.29,0.43,0.38,2026-09-01,2044,N20,VIIRS,n,2.0NRT,287.46,3.16,N,VIIRS_NOAA20_NRT
15.30218,76.2206,304.1,0.41,0.37,2026-09-01,2044,N20,VIIRS,n,2.0NRT,287.53,0.62,N,VIIRS_NOAA20_NRT
15.33378,76.28451,308.62,0.42,0.37,2026-09-01,2044,N20,VIIRS,n,2.0NRT,287.94,1.2,N,VIIRS_NOAA20_NRT
11.58907,77.26868,310.31,0.5,0.41,2026-09-01,2044,N20,VIIRS,n,2.0NRT,287.92,1.16,N,VIIRS_NOAA20_NRT
15.90541,79.62249,342.05,0.42,0.38,2026-09-01,809,N20,VIIRS,n,2.0NRT,305.56,16.99,D,VIIRS_NOAA20_NRT
11.43284,77.16509,304.91,0.5,0.41,2026-09-01,2044,N20,VIIRS,n,2.0NRT,292.31,1.98,N,VIIRS_NOAA20_NRT
23.12223,70.08524,315.36,0.43,0.46,2026-09-01,2040,N20,VIIRS,n,2.0NRT,285.85,1.37,N,VIIRS_NOAA20_NRT
23.25649,70.26151,301.47,0.42,0.45,2026-09-01,2040,N20,VIIRS,n,2.0NRT,280.96,0.55,N,VIIRS_NOAA20_NRT
23.43207,68.71054,305.54,0.52,0.5,2026-09-01,2040,N20,VIIRS,n,2.0NRT,291.03,1.08,N,VIIRS_NOAA20_NRT
15.91319,79.80233,347.16,0.43,0.38,2026-09-01,809,N20,VIIRS,n,2.0NRT,304.48,8.73,D,VIIRS_NOAA20_NRT
16.17905,80.00101,336.14,0.44,0.38,2026-09-01,809,N20,VIIRS,n,2.0NRT,298.23,4.45,D,VIIRS_NOAA20_NRT
16.19392,80.10727,338.44,0.44,0.38,2026-09-01,809,N20,VIIRS,n,2.0NRT,297.1,3.72,D,VIIRS_NOAA20_NRT
16.23223,80.54265,330.61,0.46,0.39,2026-09-01,809,N20,VIIRS,n,2.0NRT,294.34,2.07,D,VIIRS_NOAA20_NRT
16.33996,77.79362,330.08,0.39,0.36,2026-09-01,809,N20,VIIRS,n,2.0NRT,292.57,1.63,D,VIIRS_NOAA20_NRT
16.79762,80.1647,336.05,0.45,0.39,2026-09-01,809,N20,VIIRS,n,2.0NRT,295.72,3.51,D,VIIRS_NOAA20_NRT
17.64225,82.57277,341.11,0.41,0.45,2026-09-01,809,N20,VIIRS,n,2.0NRT,296.41,3.78,D,VIIRS_NOAA20_NRT
17.95593,80.79787,331.58,0.49,0.41,2026-09-01,809,N20,VIIRS,n,2.0NRT,293.05,5.56,D,VIIRS_NOAA20_NRT
17.99069,74.74986,333.18,0.42,0.38,2026-09-01,811,N20,VIIRS,n,2.0NRT,299.54,2.95,D,VIIRS_NOAA20_NRT
27.44247,72.41804,340.62,0.41,0.37,2026-09-01,813,N20,VIIRS,n,2.0NRT,309.17,3.09,D,VIIRS_NOAA20_NRT
27.52248,72.41055,367.0,0.41,0.37,2026-09-01,813,N20,VIIRS,h,2.0NRT,311.22,5.92,D,VIIRS_NOAA20_NRT
30.66109,76.31641,334.5,0.43,0.38,2026-09-01,813,N20,VIIRS,n,2.0NRT,298.08,3.62,D,VIIRS_NOAA20_NRT
31.13703,74.91448,330.19,0.4,0.37,2026-09-01,813,N20,VIIRS,l,2.0NRT,305.04,6.71,D,VIIRS_NOAA20_NRT
23.51416,72.41415,324.85,0.48,0.4,2026-09-01,2040,N20,VIIRS,n,2.0NRT,289.19,2.19,N,VIIRS_NOAA20_NRT
24.76563,74.60811,313.59,0.41,0.37,2026-09-01,2040,N20,VIIRS,n,2.0NRT,289.3,1.49,N,VIIRS_NOAA20_NRT
24.9335,74.63455,306.77,0.41,0.37,2026-09-01,2040,N20,VIIRS,n,2.0NRT,288.92,0.59,N,VIIRS_NOAA20_NRT
21.10893,72.63769,312.71,0.45,0.39,2026-09-01,2042,N20,VIIRS,n,2.0NRT,292.29,2.98,N,VIIRS_NOAA20_NRT
8.66958,77.99236,302.64,0.41,0.45,2026-09-01,2044,N20,VIIRS,n,2.0NRT,285.61,0.66,N,VIIRS_NOAA20_NRT
9.56806,77.53657,310.02,0.56,0.43,2026-09-01,2044,N20,VIIRS,n,2.0NRT,261.72,0.97,N,VIIRS_NOAA20_NRT
10.4508,77.30746,311.85,0.52,0.42,2026-09-01,2044,N20,VIIRS,n,2.0NRT,291.67,1.69,N,VIIRS_NOAA20_NRT
10.92422,78.5191,317.32,0.4,0.45,2026-09-01,2044,N20,VIIRS,n,2.0NRT,291.99,2.65,N,VIIRS_NOAA20_NRT
21.10774,72.64625,339.47,0.45,0.39,2026-09-01,2042,N20,VIIRS,n,2.0NRT,293.54,5.93,N,VIIRS_NOAA20_NRT
21.10419,72.64568,323.91,0.45,0.39,2026-09-01,2042,N20,VIIRS,n,2.0NRT,291.88,4.03,N,VIIRS_NOAA20_NRT
21.10184,72.63655,324.85,0.45,0.39,2026-09-01,2042,N20,VIIRS,n,2.0NRT,291.8,3.51,N,VIIRS_NOAA20_NRT
20.90987,71.45919,310.64,0.5,0.41,2026-09-01,2042,N20,VIIRS,n,2.0NRT,287.94,1.46,N,VIIRS_NOAA20_NRT
26.60596,73.68502,304.46,0.46,0.39,2026-09-01,2040,N20,VIIRS,n,2.0NRT,291.98,1.07,N,VIIRS_NOAA20_NRT
26.87395,73.51712,307.3,0.47,0.39,2026-09-01,2040,N20,VIIRS,n,2.0NRT,292.74,2.78,N,VIIRS_NOAA20_NRT
27.79342,75.33019,305.85,0.41,0.37,2026-09-01,2040,N20,VIIRS,n,2.0NRT,293.56,0.88,N,VIIRS_NOAA20_NRT
28.66423,77.57953,309.48,0.38,0.36,2026-09-01,2040,N20,VIIRS,n,2.0NRT,286.91,1.35,N,VIIRS_NOAA20_NRT
29.12574,75.77645,309.75,0.41,0.37,2026-09-01,2040,N20,VIIRS,n,2.0NRT,295.3,0.88,N,VIIRS_NOAA20_NRT
11.43157,77.16232,305.54,0.5,0.41,2026-09-01,2044,N20,VIIRS,n,2.0NRT,291.95,1.47,N,VIIRS_NOAA20_NRT
18.50696,74.2235,303.35,0.39,0.36,2026-09-01,2042,N20,VIIRS,n,2.0NRT,288.01,0.68,N,VIIRS_NOAA20_NRT
18.68214,73.03605,306.31,0.41,0.37,2026-09-01,2042,N20,VIIRS,n,2.0NRT,290.95,1.55,N,VIIRS_NOAA20_NRT
18.68271,73.03214,308.23,0.41,0.37,2026-09-01,2042,N20,VIIRS,n,2.0NRT,290.21,1.16,N,VIIRS_NOAA20_NRT
18.68613,73.0327,304.88,0.41,0.37,2026-09-01,2042,N20,VIIRS,n,2.0NRT,290.31,1.16,N,VIIRS_NOAA20_NRT
18.6867,73.02881,317.53,0.41,0.37,2026-09-01,2042,N20,VIIRS,n,2.0NRT,290.4,1.16,N,VIIRS_NOAA20_NRT
18.69181,73.0416,313.51,0.41,0.37,2026-09-01,2042,N20,VIIRS,n,2.0NRT,290.51,2.54,N,VIIRS_NOAA20_NRT
18.73721,74.40431,305.19,0.39,0.36,2026-09-01,2042,N20,VIIRS,n,2.0NRT,288.23,0.68,N,VIIRS_NOAA20_NRT
19.93619,73.71277,304.74,0.4,0.37,2026-09-01,2042,N20,VIIRS,n,2.0NRT,279.38,1.0,N,VIIRS_NOAA20_NRT
20.9094,71.45667,304.49,0.5,0.41,2026-09-01,2042,N20,VIIRS,n,2.0NRT,287.34,0.79,N,VIIRS_NOAA20_NRT
18.68157,73.03994,307.51,0.41,0.37,2026-09-01,2042,N20,VIIRS,n,2.0NRT,290.16,1.55,N,VIIRS_NOAA20_NRT
9.56769,77.5301,311.36,0.63,0.54,2026-09-01,1947,N21,VIIRS,n,2.0NRT,286.65,3.24,N,VIIRS_NOAA21_NRT
9.57194,77.53596,318.87,0.63,0.54,2026-09-01,1947,N21,VIIRS,n,2.0NRT,286.52,2.62,N,VIIRS_NOAA21_NRT
9.57271,77.53027,304.62,0.63,0.54,2026-09-01,1947,N21,VIIRS,n,2.0NRT,286.81,2.62,N,VIIRS_NOAA21_NRT
9.58051,77.54716,331.25,0.63,0.54,2026-09-01,1947,N21,VIIRS,n,2.0NRT,289.78,3.82,N,VIIRS_NOAA21_NRT
9.58125,77.54169,309.06,0.63,0.54,2026-09-01,1947,N21,VIIRS,n,2.0NRT,288.53,3.82,N,VIIRS_NOAA21_NRT
9.58175,77.54842,322.31,0.63,0.54,2026-09-01,1947,N21,VIIRS,n,2.0NRT,289.54,6.28,N,VIIRS_NOAA21_NRT
9.58245,77.54297,326.75,0.63,0.54,2026-09-01,1947,N21,VIIRS,n,2.0NRT,289.94,6.72,N,VIIRS_NOAA21_NRT
9.58542,77.54805,310.36,0.63,0.54,2026-09-01,1947,N21,VIIRS,n,2.0NRT,289.06,3.82,N,VIIRS_NOAA21_NRT
10.43844,77.555,304.16,0.32,0.55,2026-09-01,1947,N21,VIIRS,n,2.0NRT,290.23,0.47,N,VIIRS_NOAA21_NRT
10.99405,79.23645,332.49,0.5,0.49,2026-09-01,1947,N21,VIIRS,n,2.0NRT,290.43,7.05,N,VIIRS_NOAA21_NRT
11.42341,77.40266,324.28,0.34,0.56,2026-09-01,1947,N21,VIIRS,n,2.0NRT,290.37,1.92,N,VIIRS_NOAA21_NRT
11.42617,77.40337,319.32,0.34,0.56,2026-09-01,1947,N21,VIIRS,n,2.0NRT,290.58,2.14,N,VIIRS_NOAA21_NRT
11.43303,77.16435,309.49,0.35,0.57,2026-09-01,1947,N21,VIIRS,n,2.0NRT,290.7,1.15,N,VIIRS_NOAA21_NRT
11.59137,77.27103,348.16,0.35,0.57,2026-09-01,1947,N21,VIIRS,n,2.0NRT,283.6,3.82,N,VIIRS_NOAA21_NRT
11.59178,77.26778,306.06,0.35,0.57,2026-09-01,1947,N21,VIIRS,n,2.0NRT,281.89,3.82,N,VIIRS_NOAA21_NRT
16.85769,80.79336,340.49,0.35,0.57,2026-09-01,716,N21,VIIRS,n,2.0NRT,288.83,5.17,D,VIIRS_NOAA21_NRT
17.40365,80.95362,336.38,0.34,0.56,2026-09-01,716,N21,VIIRS,n,2.0NRT,288.08,3.34,D,VIIRS_NOAA21_NRT
31.1214,74.69007,350.72,0.42,0.61,2026-09-01,720,N21,VIIRS,n,2.0NRT,292.99,10.48,D,VIIRS_NOAA21_NRT
31.1218,74.69038,353.18,0.42,0.61,2026-09-01,720,N21,VIIRS,n,2.0NRT,293.24,13.13,D,VIIRS_NOAA21_NRT
8.95145,77.77085,345.86,0.53,0.67,2026-09-01,854,N21,VIIRS,n,2.0NRT,300.27,4.04,D,VIIRS_NOAA21_NRT
8.95153,77.77248,336.6,0.53,0.67,2026-09-01,854,N21,VIIRS,n,2.0NRT,300.01,4.11,D,VIIRS_NOAA21_NRT
9.11347,77.46972,367.0,0.51,0.66,2026-09-01,854,N21,VIIRS,h,2.0NRT,299.16,9.51,D,VIIRS_NOAA21_NRT
9.5979,77.7906,343.48,0.54,0.68,2026-09-01,854,N21,VIIRS,n,2.0NRT,299.17,18.25,D,VIIRS_NOAA21_NRT
9.59852,77.79555,335.09,0.54,0.68,2026-09-01,854,N21,VIIRS,n,2.0NRT,296.83,12.55,D,VIIRS_NOAA21_NRT
10.01406,78.08731,332.78,0.58,0.7,2026-09-01,854,N21,VIIRS,n,2.0NRT,297.7,3.52,D,VIIRS_NOAA21_NRT
10.8313,78.8009,336.72,0.66,0.73,2026-09-01,854,N21,VIIRS,n,2.0NRT,294.99,5.56,D,VIIRS_NOAA21_NRT
23.33648,69.71748,344.43,0.47,0.48,2026-09-01,858,N21,VIIRS,n,2.0NRT,297.19,12.0,D,VIIRS_NOAA21_NRT
12.29194,79.93996,319.76,0.47,0.48,2026-09-01,1947,N21,VIIRS,n,2.0NRT,289.14,5.06,N,VIIRS_NOAA21_NRT
12.29299,79.93951,323.45,0.47,0.48,2026-09-01,1947,N21,VIIRS,n,2.0NRT,289.13,5.71,N,VIIRS_NOAA21_NRT
12.74623,77.62025,303.7,0.34,0.56,2026-09-01,1947,N21,VIIRS,n,2.0NRT,286.49,0.65,N,VIIRS_NOAA21_NRT
14.51374,75.63936,299.94,0.49,0.65,2026-09-01,1949,N21,VIIRS,n,2.0NRT,280.55,0.72,N,VIIRS_NOAA21_NRT
15.1653,76.37858,298.37,0.45,0.63,2026-09-01,1949,N21,VIIRS,n,2.0NRT,279.99,1.61,N,VIIRS_NOAA21_NRT
15.17202,76.38217,295.27,0.45,0.63,2026-09-01,1949,N21,VIIRS,n,2.0NRT,279.88,2.13,N,VIIRS_NOAA21_NRT
15.17719,76.65791,300.23,0.43,0.62,2026-09-01,1949,N21,VIIRS,n,2.0NRT,278.41,1.44,N,VIIRS_NOAA21_NRT
15.17762,76.65395,304.08,0.43,0.62,2026-09-01,1949,N21,VIIRS,n,2.0NRT,279.58,1.44,N,VIIRS_NOAA21_NRT
15.182,76.66639,302.72,0.43,0.62,2026-09-01,1949,N21,VIIRS,n,2.0NRT,275.51,2.1,N,VIIRS_NOAA21_NRT
26.25521,74.09451,301.91,0.35,0.57,2026-09-01,2123,N21,VIIRS,n,2.0NRT,290.16,0.5,N,VIIRS_NOAA21_NRT
18.68674,73.02962,302.19,0.43,0.62,2026-09-01,2125,N21,VIIRS,n,2.0NRT,279.16,1.77,N,VIIRS_NOAA21_NRT
18.68805,73.05092,298.87,0.43,0.62,2026-09-01,2125,N21,VIIRS,n,2.0NRT,280.5,1.1,N,VIIRS_NOAA21_NRT
20.90965,71.45818,303.17,0.62,0.54,2026-09-01,2125,N21,VIIRS,n,2.0NRT,282.35,1.21,N,VIIRS_NOAA21_NRT
22.93195,69.69841,303.97,0.44,0.46,2026-09-01,2125,N21,VIIRS,n,2.0NRT,286.95,1.21,N,VIIRS_NOAA21_NRT
24.69068,73.00339,305.11,0.32,0.55,2026-09-01,2125,N21,VIIRS,n,2.0NRT,287.48,1.2,N,VIIRS_NOAA21_NRT
12.7745,80.06129,307.55,0.47,0.48,2026-09-01,1947,N21,VIIRS,n,2.0NRT,288.41,2.27,N,VIIRS_NOAA21_NRT
16.30448,77.35959,301.2,0.4,0.6,2026-09-01,1947,N21,VIIRS,n,2.0NRT,284.66,0.61,N,VIIRS_NOAA21_NRT
16.11085,81.14068,335.18,0.34,0.56,2026-09-01,716,N21,VIIRS,n,2.0NRT,289.37,2.67,D,VIIRS_NOAA21_NRT
15.88671,79.82129,337.9,0.43,0.62,2026-09-01,716,N21,VIIRS,n,2.0NRT,289.62,5.45,D,VIIRS_NOAA21_NRT
15.27038,79.58337,333.62,0.46,0.63,2026-09-01,714,N21,VIIRS,n,2.0NRT,288.42,4.71,D,VIIRS_NOAA21_NRT
15.16886,80.03398,337.89,0.43,0.62,2026-09-01,714,N21,VIIRS,n,2.0NRT,290.91,9.24,D,VIIRS_NOAA21_NRT
8.60666,77.96648,345.72,0.79,0.78,2026-09-01,714,N21,VIIRS,n,2.0NRT,293.74,16.02,D,VIIRS_NOAA21_NRT
24.93119,74.63396,301.45,0.4,0.6,2026-09-01,2125,N21,VIIRS,n,2.0NRT,286.91,0.97,N,VIIRS_NOAA21_NRT
10.3891,79.27283,340.75,0.59,0.7,2026-09-01,714,N21,VIIRS,n,2.0NRT,293.63,6.32,D,VIIRS_NOAA21_NRT
10.77498,78.64761,339.35,0.64,0.72,2026-09-01,714,N21,VIIRS,n,2.0NRT,298.22,9.28,D,VIIRS_NOAA21_NRT
11.14715,78.03418,342.27,0.7,0.75,2026-09-01,714,N21,VIIRS,n,2.0NRT,292.94,8.84,D,VIIRS_NOAA21_NRT
11.15095,78.03052,334.43,0.7,0.75,2026-09-01,714,N21,VIIRS,n,2.0NRT,293.33,14.18,D,VIIRS_NOAA21_NRT
11.23065,78.08495,331.82,0.69,0.74,2026-09-01,714,N21,VIIRS,n,2.0NRT,295.11,5.38,D,VIIRS_NOAA21_NRT
11.84292,78.90423,338.89,0.59,0.7,2026-09-01,714,N21,VIIRS,n,2.0NRT,296.6,12.68,D,VIIRS_NOAA21_NRT
12.70483,79.3057,335.48,0.53,0.67,2026-09-01,714,N21,VIIRS,n,2.0NRT,295.2,4.05,D,VIIRS_NOAA21_NRT
12.82289,79.10335,333.2,0.55,0.68,2026-09-01,714,N21,VIIRS,n,2.0NRT,294.83,5.79,D,VIIRS_NOAA21_NRT
12.9195,79.45843,337.1,0.52,0.67,2026-09-01,714,N21,VIIRS,n,2.0NRT,290.6,4.66,D,VIIRS_NOAA21_NRT
14.26651,79.09661,340.26,0.51,0.66,2026-09-01,714,N21,VIIRS,n,2.0NRT,285.82,2.99,D,VIIRS_NOAA21_NRT
14.26936,79.09819,334.88,0.51,0.66,2026-09-01,714,N21,VIIRS,n,2.0NRT,285.69,5.89,D,VIIRS_NOAA21_NRT
14.43295,77.70949,338.48,0.63,0.72,2026-09-01,714,N21,VIIRS,n,2.0NRT,287.65,11.05,D,VIIRS_NOAA21_NRT
14.97541,79.35614,330.4,0.48,0.65,2026-09-01,714,N21,VIIRS,n,2.0NRT,288.52,4.59,D,VIIRS_NOAA21_NRT
14.97559,79.35465,332.13,0.48,0.65,2026-09-01,714,N21,VIIRS,n,2.0NRT,289.04,2.02,D,VIIRS_NOAA21_NRT
8.69465,78.05344,333.02,0.77,0.77,2026-09-01,714,N21,VIIRS,n,2.0NRT,296.0,5.99,D,VIIRS_NOAA21_NRT
25.9415,72.19106,303.53,0.54,0.51,2026-09-01,2125,N21,VIIRS,n,2.0NRT,288.57,0.48,N,VIIRS_NOAA21_NRT
15.17626,80.0293,339.89,0.43,0.38,2026-09-01,809,N20,VIIRS,n,2.0NRT,302.75,4.72,D,VIIRS_NOAA20_NRT
15.17682,80.03327,334.42,0.43,0.38,2026-09-01,809,N20,VIIRS,n,2.0NRT,299.6,4.72,D,VIIRS_NOAA20_NRT
15.17716,76.65712,340.96,0.39,0.36,2026-09-01,809,N20,VIIRS,n,2.0NRT,297.93,4.07,D,VIIRS_NOAA20_NRT
15.17334,80.03379,344.88,0.43,0.38,2026-09-01,809,N20,VIIRS,n,2.0NRT,300.34,4.72,D,VIIRS_NOAA20_NRT
15.17278,80.02982,350.37,0.43,0.38,2026-09-01,809,N20,VIIRS,n,2.0NRT,304.02,4.72,D,VIIRS_NOAA20_NRT
14.81743,79.59486,337.92,0.41,0.37,2026-09-01,809,N20,VIIRS,n,2.0NRT,302.29,3.1,D,VIIRS_NOAA20_NRT
13.0373,79.91235,332.05,0.41,0.37,2026-09-01,809,N20,VIIRS,l,2.0NRT,303.39,2.44,D,VIIRS_NOAA20_NRT
13.05037,79.42616,339.02,0.4,0.37,2026-09-01,809,N20,VIIRS,n,2.0NRT,304.46,6.5,D,VIIRS_NOAA20_NRT
13.15914,79.90918,337.13,0.41,0.37,2026-09-01,809,N20,VIIRS,n,2.0NRT,297.14,4.29,D,VIIRS_NOAA20_NRT
13.15988,79.22352,338.59,0.39,0.37,2026-09-01,809,N20,VIIRS,n,2.0NRT,304.49,4.52,D,VIIRS_NOAA20_NRT
13.16089,79.89739,338.36,0.41,0.37,2026-09-01,809,N20,VIIRS,n,2.0NRT,300.66,6.29,D,VIIRS_NOAA20_NRT
13.2257,80.26954,335.92,0.42,0.38,2026-09-01,809,N20,VIIRS,n,2.0NRT,300.66,3.64,D,VIIRS_NOAA20_NRT
13.61584,78.73156,340.21,0.39,0.36,2026-09-01,809,N20,VIIRS,n,2.0NRT,303.16,5.53,D,VIIRS_NOAA20_NRT
13.77332,79.77724,332.02,0.41,0.37,2026-09-01,809,N20,VIIRS,n,2.0NRT,299.05,1.38,D,VIIRS_NOAA20_NRT
13.85828,79.33337,344.08,0.4,0.37,2026-09-01,809,N20,VIIRS,n,2.0NRT,300.18,5.53,D,VIIRS_NOAA20_NRT
14.06871,78.78734,334.46,0.39,0.36,2026-09-01,809,N20,VIIRS,n,2.0NRT,298.21,2.33,D,VIIRS_NOAA20_NRT
14.07877,80.00418,333.7,0.42,0.38,2026-09-01,809,N20,VIIRS,n,2.0NRT,299.9,2.4,D,VIIRS_NOAA20_NRT
14.19711,79.17576,336.17,0.4,0.37,2026-09-01,809,N20,VIIRS,n,2.0NRT,299.77,1.97,D,VIIRS_NOAA20_NRT
14.26449,79.09801,335.36,0.4,0.37,2026-09-01,809,N20,VIIRS,n,2.0NRT,298.67,1.7,D,VIIRS_NOAA20_NRT
14.26657,79.09671,336.51,0.4,0.37,2026-09-01,809,N20,VIIRS,n,2.0NRT,300.0,8.39,D,VIIRS_NOAA20_NRT
14.53993,79.6837,343.87,0.41,0.37,2026-09-01,809,N20,VIIRS,n,2.0NRT,301.86,5.01,D,VIIRS_NOAA20_NRT
14.71761,79.5095,339.25,0.41,0.37,2026-09-01,809,N20,VIIRS,n,2.0NRT,300.74,3.16,D,VIIRS_NOAA20_NRT
14.77542,78.97616,337.08,0.4,0.37,2026-09-01,809,N20,VIIRS,n,2.0NRT,299.76,3.41,D,VIIRS_NOAA20_NRT
15.16986,80.03432,340.61,0.43,0.38,2026-09-01,809,N20,VIIRS,n,2.0NRT,302.93,7.16,D,VIIRS_NOAA20_NRT
15.88581,79.82314,340.5,0.43,0.38,2026-09-01,809,N20,VIIRS,n,2.0NRT,303.44,5.52,D,VIIRS_NOAA20_NRT
15.88524,79.81916,337.62,0.43,0.38,2026-09-01,809,N20,VIIRS,n,2.0NRT,302.11,5.52,D,VIIRS_NOAA20_NRT
15.64317,77.96676,333.94,0.39,0.36,2026-09-01,809,N20,VIIRS,n,2.0NRT,295.75,4.13,D,VIIRS_NOAA20_NRT
15.36116,76.70337,331.68,0.39,0.36,2026-09-01,809,N20,VIIRS,l,2.0NRT,298.57,5.18,D,VIIRS_NOAA20_NRT
15.30314,78.21335,332.79,0.39,0.36,2026-09-01,809,N20,VIIRS,n,2.0NRT,300.01,2.01,D,VIIRS_NOAA20_NRT
15.17819,77.3232,334.22,0.38,0.36,2026-09-01,809,N20,VIIRS,n,2.0NRT,299.81,2.35,D,VIIRS_NOAA20_NRT
12.98432,79.59767,333.27,0.4,0.37,2026-09-01,809,N20,VIIRS,n,2.0NRT,302.23,4.21,D,VIIRS_NOAA20_NRT
12.9165,79.43965,338.17,0.4,0.37,2026-09-01,809,N20,VIIRS,n,2.0NRT,304.79,6.57,D,VIIRS_NOAA20_NRT
12.78816,76.8565,337.86,0.4,0.37,2026-09-01,809,N20,VIIRS,n,2.0NRT,296.43,9.55,D,VIIRS_NOAA20_NRT
12.82766,79.75002,338.87,0.4,0.37,2026-09-01,809,N20,VIIRS,n,2.0NRT,304.9,4.74,D,VIIRS_NOAA20_NRT
9.208,78.37176,338.92,0.39,0.36,2026-09-01,807,N20,VIIRS,n,2.0NRT,308.25,6.24,D,VIIRS_NOAA20_NRT
12.63377,79.85988,341.37,0.41,0.37,2026-09-01,809,N20,VIIRS,n,2.0NRT,307.0,4.43,D,VIIRS_NOAA20_NRT
11.99543,79.53955,338.87,0.4,0.37,2026-09-01,809,N20,VIIRS,n,2.0NRT,307.58,9.74,D,VIIRS_NOAA20_NRT
12.05794,79.8463,335.54,0.4,0.37,2026-09-01,809,N20,VIIRS,n,2.0NRT,302.75,2.41,D,VIIRS_NOAA20_NRT
12.06666,79.58771,338.45,0.4,0.37,2026-09-01,809,N20,VIIRS,n,2.0NRT,305.63,2.7,D,VIIRS_NOAA20_NRT
12.09079,79.56552,341.42,0.4,0.37,2026-09-01,809,N20,VIIRS,n,2.0NRT,308.34,10.37,D,VIIRS_NOAA20_NRT
12.13971,77.07882,345.6,0.4,0.37,2026-09-01,809,N20,VIIRS,l,2.0NRT,298.79,12.97,D,VIIRS_NOAA20_NRT
12.15436,75.98641,282.59,0.42,0.38,2026-09-01,809,N20,VIIRS,l,2.0NRT,294.41,179.92,D,VIIRS_NOAA20_NRT
12.15781,75.98586,351.45,0.42,0.38,2026-09-01,809,N20,VIIRS,n,2.0NRT,287.19,179.92,D,VIIRS_NOAA20_NRT
12.32097,79.67798,336.31,0.4,0.37,2026-09-01,809,N20,VIIRS,n,2.0NRT,304.35,4.51,D,VIIRS_NOAA20_NRT
11.84283,78.90457,340.49,0.39,0.36,2026-09-01,809,N20,VIIRS,l,2.0NRT,311.25,8.25,D,VIIRS_NOAA20_NRT
12.33323,78.84695,345.02,0.39,0.36,2026-09-01,809,N20,VIIRS,n,2.0NRT,310.36,6.94,D,VIIRS_NOAA20_NRT
12.39398,75.85985,335.37,0.43,0.38,2026-09-01,809,N20,VIIRS,n,2.0NRT,290.63,11.18,D,VIIRS_NOAA20_NRT
12.41561,79.51421,334.56,0.4,0.37,2026-09-01,809,N20,VIIRS,n,2.0NRT,304.89,1.9,D,VIIRS_NOAA20_NRT
12.54359,76.83745,331.47,0.4,0.37,2026-09-01,809,N20,VIIRS,n,2.0NRT,296.4,3.7,D,VIIRS_NOAA20_NRT
12.55405,79.97852,336.83,0.41,0.37,2026-09-01,809,N20,VIIRS,n,2.0NRT,306.29,6.11,D,VIIRS_NOAA20_NRT
12.61144,77.64263,330.97,0.39,0.36,2026-09-01,809,N20,VIIRS,l,2.0NRT,301.86,2.62,D,VIIRS_NOAA20_NRT
9.73185,78.95364,339.67,0.38,0.36,2026-09-01,807,N20,VIIRS,n,2.0NRT,309.4,7.88,D,VIIRS_NOAA20_NRT
12.65339,79.39956,341.11,0.4,0.37,2026-09-01,809,N20,VIIRS,n,2.0NRT,308.72,4.69,D,VIIRS_NOAA20_NRT
12.69653,75.9088,340.08,0.42,0.38,2026-09-01,809,N20,VIIRS,l,2.0NRT,292.13,7.3,D,VIIRS_NOAA20_NRT
12.33565,78.99867,348.36,0.39,0.36,2026-09-01,809,N20,VIIRS,n,2.0NRT,312.93,22.47,D,VIIRS_NOAA20_NRT
11.83702,75.93494,331.71,0.43,0.38,2026-09-01,809,N20,VIIRS,n,2.0NRT,292.59,2.87,D,VIIRS_NOAA20_NRT
12.32043,79.67432,334.36,0.4,0.37,2026-09-01,809,N20,VIIRS,l,2.0NRT,304.79,3.47,D,VIIRS_NOAA20_NRT
11.69631,79.12608,349.14,0.39,0.36,2026-09-01,809,N20,VIIRS,n,2.0NRT,310.78,13.01,D,VIIRS_NOAA20_NRT
10.04949,77.92572,342.23,0.39,0.36,2026-09-01,809,N20,VIIRS,l,2.0NRT,310.22,24.12,D,VIIRS_NOAA20_NRT
10.53186,79.39458,336.41,0.39,0.36,2026-09-01,809,N20,VIIRS,l,2.0NRT,308.6,4.3,D,VIIRS_NOAA20_NRT
10.67378,79.27847,337.66,0.39,0.36,2026-09-01,809,N20,VIIRS,n,2.0NRT,307.5,3.46,D,VIIRS_NOAA20_NRT
10.85916,79.8132,333.86,0.4,0.37,2026-09-01,809,N20,VIIRS,n,2.0NRT,303.25,1.98,D,VIIRS_NOAA20_NRT
10.86964,79.29421,338.56,0.39,0.36,2026-09-01,809,N20,VIIRS,l,2.0NRT,309.91,3.41,D,VIIRS_NOAA20_NRT
10.88104,79.32494,339.46,0.39,0.36,2026-09-01,809,N20,VIIRS,l,2.0NRT,310.8,2.56,D,VIIRS_NOAA20_NRT
10.89396,79.54767,331.55,0.39,0.36,2026-09-01,809,N20,VIIRS,l,2.0NRT,304.62,2.42,D,VIIRS_NOAA20_NRT
10.94656,79.55784,330.16,0.39,0.36,2026-09-01,809,N20,VIIRS,l,2.0NRT,302.62,3.76,D,VIIRS_NOAA20_NRT
10.16487,79.23363,332.5,0.39,0.36,2026-09-01,809,N20,VIIRS,l,2.0NRT,303.93,4.19,D,VIIRS_NOAA20_NRT
11.00979,79.4135,341.18,0.39,0.36,2026-09-01,809,N20,VIIRS,n,2.0NRT,308.25,3.37,D,VIIRS_NOAA20_NRT
11.01856,79.83994,338.87,0.4,0.37,2026-09-01,809,N20,VIIRS,n,2.0NRT,305.96,3.22,D,VIIRS_NOAA20_NRT
11.06238,79.42599,342.69,0.39,0.36,2026-09-01,809,N20,VIIRS,n,2.0NRT,308.14,3.87,D,VIIRS_NOAA20_NRT
11.14982,78.03407,340.69,0.39,0.36,2026-09-01,809,N20,VIIRS,n,2.0NRT,308.1,6.75,D,VIIRS_NOAA20_NRT
11.19052,79.69118,331.18,0.39,0.37,2026-09-01,809,N20,VIIRS,l,2.0NRT,301.92,2.07,D,VIIRS_NOAA20_NRT
11.47595,79.2412,333.51,0.39,0.36,2026-09-01,809,N20,VIIRS,l,2.0NRT,304.48,3.37,D,VIIRS_NOAA20_NRT
10.96822,79.74831,330.42,0.39,0.37,2026-09-01,809,N20,VIIRS,l,2.0NRT,302.13,3.13,D,VIIRS_NOAA20_NRT
11.33965,79.0102,340.85,0.39,0.36,2026-09-01,809,N20,VIIRS,n,2.0NRT,309.77,8.93,D,VIIRS_NOAA20_NRT
23.76676,86.40286,312.11,0.39,0.44,2026-09-02,2021,N20,VIIRS,n,2.0NRT,288.95,1.76,N,VIIRS_NOAA20_NRT
23.77753,86.38976,306.42,0.38,0.44,2026-09-02,2021,N20,VIIRS,n,2.0NRT,289.01,2.34,N,VIIRS_NOAA20_NRT
23.77585,86.20872,307.93,0.56,0.43,2026-09-02,2021,N20,VIIRS,n,2.0NRT,289.18,3.74,N,VIIRS_NOAA20_NRT
23.77406,86.19703,311.24,0.56,0.43,2026-09-02,2021,N20,VIIRS,n,2.0NRT,288.97,4.58,N,VIIRS_NOAA20_NRT
23.77825,86.38604,304.61,0.38,0.44,2026-09-02,2021,N20,VIIRS,n,2.0NRT,289.01,2.32,N,VIIRS_NOAA20_NRT
23.77394,86.36584,305.7,0.38,0.43,2026-09-02,2021,N20,VIIRS,n,2.0NRT,288.5,1.97,N,VIIRS_NOAA20_NRT
23.77299,86.20249,303.04,0.56,0.43,2026-09-02,2021,N20,VIIRS,n,2.0NRT,288.91,3.5,N,VIIRS_NOAA20_NRT
23.77466,86.36218,316.43,0.38,0.43,2026-09-02,2021,N20,VIIRS,n,2.0NRT,288.7,2.38,N,VIIRS_NOAA20_NRT
23.77976,86.20955,321.04,0.56,0.43,2026-09-02,2021,N20,VIIRS,n,2.0NRT,289.08,3.74,N,VIIRS_NOAA20_NRT
24.71521,75.95151,303.49,0.39,0.44,2026-09-02,2021,N20,VIIRS,n,2.0NRT,290.19,0.78,N,VIIRS_NOAA20_NRT
23.78148,86.39063,307.3,0.38,0.44,2026-09-02,2021,N20,VIIRS,n,2.0NRT,288.51,1.74,N,VIIRS_NOAA20_NRT
24.6637,74.63227,299.05,0.46,0.47,2026-09-02,2021,N20,VIIRS,n,2.0NRT,279.41,1.44,N,VIIRS_NOAA20_NRT
24.76503,74.60659,304.69,0.46,0.47,2026-09-02,2021,N20,VIIRS,n,2.0NRT,280.16,1.36,N,VIIRS_NOAA20_NRT
24.76607,74.60828,302.43,0.46,0.47,2026-09-02,2021,N20,VIIRS,n,2.0NRT,280.72,1.31,N,VIIRS_NOAA20_NRT
12.97479,77.43371,302.76,0.39,0.36,2026-09-02,2023,N20,VIIRS,n,2.0NRT,288.41,0.54,N,VIIRS_NOAA20_NRT
12.59921,77.88294,319.53,0.39,0.36,2026-09-02,2023,N20,VIIRS,n,2.0NRT,289.84,1.79,N,VIIRS_NOAA20_NRT
12.8508,79.90537,340.95,0.4,0.37,2026-09-02,2023,N20,VIIRS,n,2.0NRT,289.95,8.05,N,VIIRS_NOAA20_NRT
23.7811,86.37132,303.51,0.38,0.43,2026-09-02,2021,N20,VIIRS,n,2.0NRT,288.48,1.38,N,VIIRS_NOAA20_NRT
23.76498,86.39088,302.84,0.38,0.44,2026-09-02,2021,N20,VIIRS,n,2.0NRT,288.14,2.05,N,VIIRS_NOAA20_NRT
20.95171,86.04486,300.84,0.41,0.45,2026-09-02,2021,N20,VIIRS,n,2.0NRT,279.72,0.75,N,VIIRS_NOAA20_NRT
23.76354,86.39828,306.61,0.39,0.44,2026-09-02,2021,N20,VIIRS,n,2.0NRT,288.49,1.45,N,VIIRS_NOAA20_NRT
13.14871,77.53867,300.09,0.39,0.36,2026-09-02,2023,N20,VIIRS,n,2.0NRT,285.94,0.19,N,VIIRS_NOAA20_NRT
21.10572,72.64827,307.52,0.55,0.51,2026-09-02,2021,N20,VIIRS,n,2.0NRT,290.68,5.46,N,VIIRS_NOAA20_NRT
21.10632,72.64294,338.93,0.55,0.51,2026-09-02,2021,N20,VIIRS,n,2.0NRT,291.19,5.46,N,VIIRS_NOAA20_NRT
23.33018,70.21295,303.22,0.42,0.61,2026-09-02,2021,N20,VIIRS,n,2.0NRT,290.83,0.47,N,VIIRS_NOAA20_NRT
23.67866,86.39913,309.46,0.39,0.44,2026-09-02,2021,N20,VIIRS,n,2.0NRT,288.44,2.48,N,VIIRS_NOAA20_NRT
23.67937,86.09851,295.04,0.56,0.43,2026-09-02,2021,N20,VIIRS,n,2.0NRT,280.45,1.02,N,VIIRS_NOAA20_NRT
23.67938,86.39541,309.72,0.39,0.44,2026-09-02,2021,N20,VIIRS,n,2.0NRT,288.63,1.58,N,VIIRS_NOAA20_NRT
23.68009,86.39173,306.7,0.39,0.44,2026-09-02,2021,N20,VIIRS,n,2.0NRT,288.16,1.58,N,VIIRS_NOAA20_NRT
23.68032,86.09521,295.21,0.56,0.43,2026-09-02,2021,N20,VIIRS,n,2.0NRT,281.17,1.58,N,VIIRS_NOAA20_NRT
23.68334,86.39626,310.63,0.39,0.44,2026-09-02,2021,N20,VIIRS,n,2.0NRT,288.78,1.58,N,VIIRS_NOAA20_NRT
23.68404,86.39259,319.58,0.39,0.44,2026-09-02,2021,N20,VIIRS,n,2.0NRT,288.78,1.58,N,VIIRS_NOAA20_NRT
23.688,86.39345,309.56,0.39,0.44,2026-09-02,2021,N20,VIIRS,n,2.0NRT,288.21,1.84,N,VIIRS_NOAA20_NRT
23.6887,86.3898,304.81,0.39,0.44,2026-09-02,2021,N20,VIIRS,n,2.0NRT,288.67,2.16,N,VIIRS_NOAA20_NRT
23.69609,86.07645,303.17,0.56,0.43,2026-09-02,2021,N20,VIIRS,n,2.0NRT,283.9,1.8,N,VIIRS_NOAA20_NRT
23.75564,86.39656,306.11,0.39,0.44,2026-09-02,2021,N20,VIIRS,n,2.0NRT,288.67,2.29,N,VIIRS_NOAA20_NRT
23.75816,86.40479,315.88,0.39,0.44,2026-09-02,2021,N20,VIIRS,n,2.0NRT,288.62,2.32,N,VIIRS_NOAA20_NRT
23.75887,86.4011,316.14,0.39,0.44,2026-09-02,2021,N20,VIIRS,n,2.0NRT,289.04,2.32,N,VIIRS_NOAA20_NRT
23.76211,86.40564,303.0,0.39,0.44,2026-09-02,2021,N20,VIIRS,n,2.0NRT,288.27,1.76,N,VIIRS_NOAA20_NRT
23.76282,86.40197,325.48,0.39,0.44,2026-09-02,2021,N20,VIIRS,n,2.0NRT,289.28,1.76,N,VIIRS_NOAA20_NRT
23.76425,86.39459,305.18,0.38,0.44,2026-09-02,2021,N20,VIIRS,n,2.0NRT,288.97,1.45,N,VIIRS_NOAA20_NRT
13.16177,80.28377,320.68,0.41,0.37,2026-09-02,2023,N20,VIIRS,n,2.0NRT,289.13,2.78,N,VIIRS_NOAA20_NRT
11.81568,77.91785,302.56,0.38,0.36,2026-09-02,2025,N20,VIIRS,n,2.0NRT,273.32,1.16,N,VIIRS_NOAA20_NRT
13.89774,76.56654,300.92,0.42,0.37,2026-09-02,2023,N20,VIIRS,n,2.0NRT,286.08,1.13,N,VIIRS_NOAA20_NRT
9.55316,77.52426,315.45,0.38,0.36,2026-09-02,2025,N20,VIIRS,n,2.0NRT,287.14,1.52,N,VIIRS_NOAA20_NRT
9.55372,77.52083,321.43,0.38,0.36,2026-09-02,2025,N20,VIIRS,n,2.0NRT,286.47,1.52,N,VIIRS_NOAA20_NRT
9.55482,77.5139,324.17,0.38,0.36,2026-09-02,2025,N20,VIIRS,n,2.0NRT,285.49,2.42,N,VIIRS_NOAA20_NRT
9.55811,77.51443,309.54,0.38,0.36,2026-09-02,2025,N20,VIIRS,n,2.0NRT,284.56,1.76,N,VIIRS_NOAA20_NRT
9.56086,77.51841,328.06,0.38,0.36,2026-09-02,2025,N20,VIIRS,n,2.0NRT,285.83,1.76,N,VIIRS_NOAA20_NRT
9.5614,77.53619,316.03,0.38,0.36,2026-09-02,2025,N20,VIIRS,n,2.0NRT,285.93,0.91,N,VIIRS_NOAA20_NRT
9.56195,77.53275,309.24,0.38,0.36,2026-09-02,2025,N20,VIIRS,n,2.0NRT,286.62,1.62,N,VIIRS_NOAA20_NRT
9.56415,77.51893,324.02,0.38,0.36,2026-09-02,2025,N20,VIIRS,n,2.0NRT,285.03,1.41,N,VIIRS_NOAA20_NRT
9.5647,77.53674,311.02,0.38,0.36,2026-09-02,2025,N20,VIIRS,n,2.0NRT,285.37,0.91,N,VIIRS_NOAA20_NRT
9.5669,77.52291,312.26,0.38,0.36,2026-09-02,2025,N20,VIIRS,n,2.0NRT,284.65,1.61,N,VIIRS_NOAA20_NRT
9.56744,77.51945,308.43,0.38,0.36,2026-09-02,2025,N20,VIIRS,n,2.0NRT,283.59,1.41,N,VIIRS_NOAA20_NRT
11.59177,77.26229,297.35,0.39,0.36,2026-09-02,2025,N20,VIIRS,n,2.0NRT,272.69,0.44,N,VIIRS_NOAA20_NRT
11.59508,77.26291,332.16,0.39,0.36,2026-09-02,2025,N20,VIIRS,n,2.0NRT,274.37,3.05,N,VIIRS_NOAA20_NRT
11.81183,77.92081,299.39,0.38,0.36,2026-09-02,2025,N20,VIIRS,n,2.0NRT,272.09,1.04,N,VIIRS_NOAA20_NRT
12.08651,77.05036,296.31,0.39,0.37,2026-09-02,2025,N20,VIIRS,n,2.0NRT,274.71,0.68,N,VIIRS_NOAA20_NRT
20.95095,86.04876,311.4,0.41,0.45,2026-09-02,2021,N20,VIIRS,n,2.0NRT,282.08,0.75,N,VIIRS_NOAA20_NRT
13.39351,80.07467,307.0,0.4,0.37,2026-09-02,2023,N20,VIIRS,n,2.0NRT,285.9,1.28,N,VIIRS_NOAA20_NRT
15.16989,76.38091,299.16,0.43,0.38,2026-09-02,2023,N20,VIIRS,n,2.0NRT,283.74,0.52,N,VIIRS_NOAA20_NRT
15.17381,76.69349,309.9,0.42,0.38,2026-09-02,2023,N20,VIIRS,n,2.0NRT,287.59,1.19,N,VIIRS_NOAA20_NRT
15.17427,76.7852,308.11,0.42,0.38,2026-09-02,2023,N20,VIIRS,n,2.0NRT,288.96,1.08,N,VIIRS_NOAA20_NRT
15.17558,76.6577,319.62,0.42,0.38,2026-09-02,2023,N20,VIIRS,n,2.0NRT,289.15,2.78,N,VIIRS_NOAA20_NRT
15.17616,76.65379,312.81,0.42,0.38,2026-09-02,2023,N20,VIIRS,n,2.0NRT,288.41,2.39,N,VIIRS_NOAA20_NRT
15.18017,76.67442,312.62,0.42,0.38,2026-09-02,2023,N20,VIIRS,n,2.0NRT,286.62,1.49,N,VIIRS_NOAA20_NRT
15.18134,76.6666,323.6,0.42,0.38,2026-09-02,2023,N20,VIIRS,n,2.0NRT,287.62,1.93,N,VIIRS_NOAA20_NRT
15.18363,76.67496,304.17,0.42,0.38,2026-09-02,2023,N20,VIIRS,n,2.0NRT,288.26,1.49,N,VIIRS_NOAA20_NRT
15.18421,76.67104,307.15,0.42,0.38,2026-09-02,2023,N20,VIIRS,n,2.0NRT,287.73,1.93,N,VIIRS_NOAA20_NRT
15.18708,76.67549,304.11,0.42,0.38,2026-09-02,2023,N20,VIIRS,n,2.0NRT,287.53,1.0,N,VIIRS_NOAA20_NRT
15.18766,76.67159,311.27,0.42,0.38,2026-09-02,2023,N20,VIIRS,n,2.0NRT,288.07,1.29,N,VIIRS_NOAA20_NRT
15.33635,76.27782,307.79,0.44,0.38,2026-09-02,2023,N20,VIIRS,n,2.0NRT,274.67,1.05,N,VIIRS_NOAA20_NRT
16.87073,80.02078,304.58,0.39,0.36,2026-09-02,2023,N20,VIIRS,n,2.0NRT,286.09,1.03,N,VIIRS_NOAA20_NRT
20.94764,86.04403,299.83,0.41,0.45,2026-09-02,2021,N20,VIIRS,n,2.0NRT,277.34,1.03,N,VIIRS_NOAA20_NRT
9.12683,78.19602,344.99,0.42,0.45,2026-09-02,750,N20,VIIRS,n,2.0NRT,304.8,7.28,D,VIIRS_NOAA20_NRT
20.83645,70.69326,299.22,0.37,0.58,2026-09-02,2021,N20,VIIRS,n,2.0NRT,281.06,0.6,N,VIIRS_NOAA20_NRT
17.47544,76.39265,330.49,0.4,0.44,2026-09-02,752,N20,VIIRS,n,2.0NRT,293.24,2.59,D,VIIRS_NOAA20_NRT
16.01283,78.38216,338.02,0.49,0.4,2026-09-02,752,N20,VIIRS,n,2.0NRT,288.89,8.35,D,VIIRS_NOAA20_NRT
16.01212,78.38377,333.84,0.49,0.4,2026-09-02,752,N20,VIIRS,l,2.0NRT,288.69,6.07,D,VIIRS_NOAA20_NRT
15.9894,78.40038,333.48,0.49,0.4,2026-09-02,752,N20,VIIRS,n,2.0NRT,286.97,4.33,D,VIIRS_NOAA20_NRT
15.18141,76.66771,337.29,0.42,0.45,2026-09-02,752,N20,VIIRS,n,2.0NRT,296.2,5.19,D,VIIRS_NOAA20_NRT
15.17519,76.65701,334.72,0.42,0.45,2026-09-02,752,N20,VIIRS,n,2.0NRT,296.11,4.69,D,VIIRS_NOAA20_NRT
17.67695,75.30758,341.2,0.46,0.47,2026-09-02,752,N20,VIIRS,n,2.0NRT,295.72,7.62,D,VIIRS_NOAA20_NRT
14.8058,77.7021,334.23,0.55,0.43,2026-09-02,752,N20,VIIRS,n,2.0NRT,298.04,2.0,D,VIIRS_NOAA20_NRT
14.29297,77.98297,330.87,0.54,0.42,2026-09-02,752,N20,VIIRS,n,2.0NRT,295.71,4.37,D,VIIRS_NOAA20_NRT
12.42062,78.77126,334.62,0.52,0.42,2026-09-02,750,N20,VIIRS,n,2.0NRT,298.09,9.7,D,VIIRS_NOAA20_NRT
12.19443,78.03655,335.76,0.39,0.44,2026-09-02,750,N20,VIIRS,n,2.0NRT,297.46,2.58,D,VIIRS_NOAA20_NRT
12.17468,79.01917,336.76,0.51,0.41,2026-09-02,750,N20,VIIRS,l,2.0NRT,300.42,4.05,D,VIIRS_NOAA20_NRT
12.09333,76.95873,331.52,0.45,0.47,2026-09-02,750,N20,VIIRS,n,2.0NRT,293.45,2.39,D,VIIRS_NOAA20_NRT
12.00362,76.78979,335.07,0.47,0.48,2026-09-02,750,N20,VIIRS,n,2.0NRT,298.64,5.23,D,VIIRS_NOAA20_NRT
14.80575,77.70475,336.23,0.55,0.43,2026-09-02,752,N20,VIIRS,n,2.0NRT,298.83,5.17,D,VIIRS_NOAA20_NRT
26.25158,73.33974,334.79,0.43,0.46,2026-09-02,756,N20,VIIRS,n,2.0NRT,301.21,5.6,D,VIIRS_NOAA20_NRT
27.4374,70.85754,333.41,0.57,0.52,2026-09-02,756,N20,VIIRS,l,2.0NRT,303.63,2.38,D,VIIRS_NOAA20_NRT
30.21693,76.76219,306.64,0.4,0.45,2026-09-02,2019,N20,VIIRS,n,2.0NRT,288.61,1.37,N,VIIRS_NOAA20_NRT
35.71066,73.64983,314.17,0.35,0.57,2026-09-02,2017,N20,VIIRS,n,2.0NRT,278.12,2.51,N,VIIRS_NOAA20_NRT
35.7101,73.65376,304.81,0.35,0.57,2026-09-02,2017,N20,VIIRS,n,2.0NRT,277.26,2.41,N,VIIRS_NOAA20_NRT
27.4573,70.78467,345.02,0.57,0.52,2026-09-02,756,N20,VIIRS,n,2.0NRT,304.69,9.55,D,VIIRS_NOAA20_NRT
27.45672,70.78687,352.55,0.57,0.52,2026-09-02,756,N20,VIIRS,n,2.0NRT,304.5,9.37,D,VIIRS_NOAA20_NRT
11.14817,78.0351,356.46,0.4,0.44,2026-09-02,750,N20,VIIRS,n,2.0NRT,299.53,12.06,D,VIIRS_NOAA20_NRT
11.12016,76.91273,342.38,0.47,0.48,2026-09-02,750,N20,VIIRS,n,2.0NRT,297.55,12.59,D,VIIRS_NOAA20_NRT
10.86362,77.56113,342.21,0.43,0.46,2026-09-02,750,N20,VIIRS,n,2.0NRT,304.49,9.3,D,VIIRS_NOAA20_NRT
8.89923,78.11224,348.39,0.43,0.46,2026-09-02,750,N20,VIIRS,n,2.0NRT,303.39,5.21,D,VIIRS_NOAA20_NRT
8.83889,77.73864,333.26,0.46,0.47,2026-09-02,750,N20,VIIRS,n,2.0NRT,303.09,3.42,D,VIIRS_NOAA20_NRT
9.06309,76.54379,331.72,0.54,0.51,2026-09-02,750,N20,VIIRS,n,2.0NRT,295.09,3.23,D,VIIRS_NOAA20_NRT
8.68932,78.05498,340.2,0.44,0.46,2026-09-02,750,N20,VIIRS,n,2.0NRT,301.18,2.1,D,VIIRS_NOAA20_NRT
9.06449,76.54559,331.58,0.54,0.51,2026-09-02,750,N20,VIIRS,n,2.0NRT,294.83,3.75,D,VIIRS_NOAA20_NRT
9.12443,78.19585,342.43,0.42,0.45,2026-09-02,750,N20,VIIRS,n,2.0NRT,303.93,4.68,D,VIIRS_NOAA20_NRT
10.86017,77.56201,341.44,0.43,0.46,2026-09-02,750,N20,VIIRS,n,2.0NRT,304.23,9.43,D,VIIRS_NOAA20_NRT
10.85615,77.46578,335.41,0.44,0.46,2026-09-02,750,N20,VIIRS,n,2.0NRT,300.19,2.42,D,VIIRS_NOAA20_NRT
10.51527,78.92046,332.79,0.54,0.42,2026-09-02,750,N20,VIIRS,n,2.0NRT,297.0,2.76,D,VIIRS_NOAA20_NRT
10.42062,77.4873,343.63,0.45,0.47,2026-09-02,750,N20,VIIRS,n,2.0NRT,302.08,6.15,D,VIIRS_NOAA20_NRT
9.99262,79.18792,333.35,0.53,0.42,2026-09-02,750,N20,VIIRS,n,2.0NRT,297.52,1.47,D,VIIRS_NOAA20_NRT
9.98763,77.44791,351.24,0.46,0.47,2026-09-02,750,N20,VIIRS,n,2.0NRT,304.93,13.21,D,VIIRS_NOAA20_NRT
9.83309,78.53201,334.38,0.39,0.44,2026-09-02,750,N20,VIIRS,n,2.0NRT,303.16,3.08,D,VIIRS_NOAA20_NRT
9.81627,78.26504,335.11,0.41,0.45,2026-09-02,750,N20,VIIRS,n,2.0NRT,298.32,2.01,D,VIIRS_NOAA20_NRT
9.81357,78.67178,332.31,0.38,0.44,2026-09-02,750,N20,VIIRS,n,2.0NRT,301.02,4.68,D,VIIRS_NOAA20_NRT
9.78422,77.80275,338.92,0.44,0.46,2026-09-02,750,N20,VIIRS,n,2.0NRT,302.83,5.37,D,VIIRS_NOAA20_NRT
9.56955,77.54256,333.91,0.46,0.47,2026-09-02,750,N20,VIIRS,n,2.0NRT,296.6,4.47,D,VIIRS_NOAA20_NRT
9.44911,77.67039,342.56,0.45,0.47,2026-09-02,750,N20,VIIRS,n,2.0NRT,306.29,19.35,D,VIIRS_NOAA20_NRT
9.28854,77.59671,346.91,0.46,0.47,2026-09-02,750,N20,VIIRS,n,2.0NRT,305.91,12.3,D,VIIRS_NOAA20_NRT
11.11218,77.13387,334.45,0.46,0.47,2026-09-02,750,N20,VIIRS,n,2.0NRT,298.44,3.76,D,VIIRS_NOAA20_NRT
27.37714,95.33408,337.86,0.45,0.39,2026-09-02,659,N21,VIIRS,n,2.0NRT,293.68,3.63,D,VIIRS_NOAA21_NRT
8.49523,77.96259,352.28,0.51,0.49,2026-09-02,835,N21,VIIRS,n,2.0NRT,301.69,25.01,D,VIIRS_NOAA21_NRT
8.88936,77.75757,344.57,0.5,0.49,2026-09-02,835,N21,VIIRS,n,2.0NRT,306.66,7.23,D,VIIRS_NOAA21_NRT
8.6472,77.50002,340.26,0.47,0.48,2026-09-02,835,N21,VIIRS,n,2.0NRT,304.49,3.96,D,VIIRS_NOAA21_NRT
9.04555,77.72089,341.89,0.5,0.49,2026-09-02,835,N21,VIIRS,n,2.0NRT,305.84,5.52,D,VIIRS_NOAA21_NRT
9.554,77.51099,305.24,0.67,0.74,2026-09-02,1930,N21,VIIRS,n,2.0NRT,284.49,2.91,N,VIIRS_NOAA21_NRT
9.55277,77.52119,315.08,0.67,0.74,2026-09-02,1930,N21,VIIRS,n,2.0NRT,285.34,3.9,N,VIIRS_NOAA21_NRT
14.66532,79.29611,295.26,0.59,0.7,2026-09-02,1928,N21,VIIRS,n,2.0NRT,285.13,8.21,N,VIIRS_NOAA21_NRT
14.02264,79.48049,295.18,0.56,0.69,2026-09-02,1928,N21,VIIRS,n,2.0NRT,284.97,5.37,N,VIIRS_NOAA21_NRT
14.01969,79.48206,295.17,0.56,0.69,2026-09-02,1928,N21,VIIRS,n,2.0NRT,284.89,6.08,N,VIIRS_NOAA21_NRT
12.85405,79.90118,300.05,0.51,0.66,2026-09-02,1928,N21,VIIRS,n,2.0NRT,275.19,2.41,N,VIIRS_NOAA21_NRT
12.85352,79.90586,311.12,0.51,0.66,2026-09-02,1928,N21,VIIRS,n,2.0NRT,275.24,2.41,N,VIIRS_NOAA21_NRT
12.84799,79.90044,306.77,0.51,0.66,2026-09-02,1928,N21,VIIRS,n,2.0NRT,275.44,4.15,N,VIIRS_NOAA21_NRT
12.84747,79.90509,327.42,0.51,0.66,2026-09-02,1928,N21,VIIRS,n,2.0NRT,274.01,4.15,N,VIIRS_NOAA21_NRT
23.83971,84.94757,301.57,0.32,0.55,2026-09-02,1925,N21,VIIRS,n,2.0NRT,282.24,0.58,N,VIIRS_NOAA21_NRT
23.82531,84.93956,301.47,0.32,0.55,2026-09-02,1925,N21,VIIRS,n,2.0NRT,283.29,1.14,N,VIIRS_NOAA21_NRT
23.7809,86.37282,296.71,0.52,0.5,2026-09-02,1925,N21,VIIRS,n,2.0NRT,286.58,1.28,N,VIIRS_NOAA21_NRT
24.69158,73.00177,305.2,0.51,0.41,2026-09-02,2106,N21,VIIRS,n,2.0NRT,293.75,1.56,N,VIIRS_NOAA21_NRT
11.5922,77.26511,306.72,0.55,0.68,2026-09-02,2110,N21,VIIRS,n,2.0NRT,261.9,0.87,N,VIIRS_NOAA21_NRT
10.43311,77.06167,300.53,0.56,0.69,2026-09-02,2110,N21,VIIRS,n,2.0NRT,284.04,0.65,N,VIIRS_NOAA21_NRT
23.4986,68.57943,306.78,0.38,0.36,2026-09-02,2108,N21,VIIRS,n,2.0NRT,291.89,1.01,N,VIIRS_NOAA21_NRT
23.26631,70.25797,305.63,0.41,0.37,2026-09-02,2108,N21,VIIRS,n,2.0NRT,294.02,1.08,N,VIIRS_NOAA21_NRT
22.93328,69.69582,318.9,0.4,0.37,2026-09-02,2108,N21,VIIRS,n,2.0NRT,292.01,1.42,N,VIIRS_NOAA21_NRT
22.93265,69.69967,310.89,0.4,0.37,2026-09-02,2108,N21,VIIRS,n,2.0NRT,291.53,1.42,N,VIIRS_NOAA21_NRT
22.93201,69.70352,305.43,0.4,0.37,2026-09-02,2108,N21,VIIRS,n,2.0NRT,292.37,1.56,N,VIIRS_NOAA21_NRT
22.92994,69.69517,302.4,0.4,0.37,2026-09-02,2108,N21,VIIRS,n,2.0NRT,289.38,0.57,N,VIIRS_NOAA21_NRT
22.92629,69.82218,305.4,0.4,0.37,2026-09-02,2108,N21,VIIRS,n,2.0NRT,293.72,1.74,N,VIIRS_NOAA21_NRT
22.33987,69.85667,307.95,0.41,0.37,2026-09-02,2108,N21,VIIRS,n,2.0NRT,295.24,2.26,N,VIIRS_NOAA21_NRT
22.33454,69.86774,310.66,0.41,0.37,2026-09-02,2108,N21,VIIRS,n,2.0NRT,296.02,3.38,N,VIIRS_NOAA21_NRT
21.16569,72.67112,316.32,0.56,0.43,2026-09-02,2108,N21,VIIRS,n,2.0NRT,291.74,3.52,N,VIIRS_NOAA21_NRT
24.65985,74.63496,303.63,0.42,0.45,2026-09-02,2106,N21,VIIRS,n,2.0NRT,288.06,1.81,N,VIIRS_NOAA21_NRT
21.11116,72.63615,312.42,0.55,0.43,2026-09-02,2108,N21,VIIRS,n,2.0NRT,292.67,3.17,N,VIIRS_NOAA21_NRT
21.10441,72.65108,305.34,0.56,0.43,2026-09-02,2108,N21,VIIRS,n,2.0NRT,291.72,1.8,N,VIIRS_NOAA21_NRT
8.98586,77.47747,338.9,0.48,0.48,2026-09-02,835,N21,VIIRS,n,2.0NRT,304.56,3.8,D,VIIRS_NOAA21_NRT
21.10053,72.65025,308.09,0.56,0.43,2026-09-02,2108,N21,VIIRS,n,2.0NRT,291.26,1.8,N,VIIRS_NOAA21_NRT
20.91063,71.46042,308.72,0.48,0.4,2026-09-02,2108,N21,VIIRS,n,2.0NRT,292.74,1.09,N,VIIRS_NOAA21_NRT
15.18017,76.6749,301.96,0.43,0.62,2026-09-02,2108,N21,VIIRS,n,2.0NRT,283.24,3.11,N,VIIRS_NOAA21_NRT
26.30195,72.90171,306.66,0.48,0.4,2026-09-02,2106,N21,VIIRS,n,2.0NRT,295.26,1.35,N,VIIRS_NOAA21_NRT
24.93384,74.63349,307.05,0.41,0.45,2026-09-02,2106,N21,VIIRS,n,2.0NRT,289.51,1.33,N,VIIRS_NOAA21_NRT
24.69213,74.68027,301.01,0.42,0.45,2026-09-02,2106,N21,VIIRS,n,2.0NRT,285.86,0.77,N,VIIRS_NOAA21_NRT
21.10537,72.64582,338.79,0.55,0.43,2026-09-02,2108,N21,VIIRS,n,2.0NRT,292.98,13.36,N,VIIRS_NOAA21_NRT
23.69418,85.28749,295.67,0.6,0.53,2026-09-02,1925,N21,VIIRS,n,2.0NRT,280.78,1.46,N,VIIRS_NOAA21_NRT
21.10342,72.63448,331.44,0.55,0.43,2026-09-02,2108,N21,VIIRS,n,2.0NRT,292.86,11.47,N,VIIRS_NOAA21_NRT
23.67585,86.08719,306.47,0.54,0.51,2026-09-02,1925,N21,VIIRS,n,2.0NRT,288.21,1.51,N,VIIRS_NOAA21_NRT
10.86781,77.73611,336.59,0.53,0.5,2026-09-02,837,N21,VIIRS,n,2.0NRT,302.33,2.79,D,VIIRS_NOAA21_NRT
10.76591,78.63389,332.65,0.61,0.53,2026-09-02,837,N21,VIIRS,n,2.0NRT,299.67,4.46,D,VIIRS_NOAA21_NRT
16.16818,78.917,333.24,0.37,0.58,2026-09-02,835,N21,VIIRS,n,2.0NRT,288.62,3.14,D,VIIRS_NOAA21_NRT
15.66465,79.57255,335.9,0.41,0.61,2026-09-02,835,N21,VIIRS,n,2.0NRT,290.83,4.97,D,VIIRS_NOAA21_NRT
9.9884,77.44849,342.86,0.49,0.49,2026-09-02,835,N21,VIIRS,n,2.0NRT,301.58,5.8,D,VIIRS_NOAA21_NRT
9.80838,77.4108,333.03,0.48,0.48,2026-09-02,835,N21,VIIRS,n,2.0NRT,302.39,2.7,D,VIIRS_NOAA21_NRT
9.72765,77.54507,344.84,0.49,0.49,2026-09-02,835,N21,VIIRS,n,2.0NRT,307.1,27.73,D,VIIRS_NOAA21_NRT
9.46896,78.68177,340.97,0.58,0.52,2026-09-02,835,N21,VIIRS,n,2.0NRT,299.01,4.74,D,VIIRS_NOAA21_NRT
9.44849,77.66959,341.36,0.5,0.49,2026-09-02,835,N21,VIIRS,n,2.0NRT,308.53,21.3,D,VIIRS_NOAA21_NRT
9.12569,77.41118,334.03,0.47,0.48,2026-09-02,835,N21,VIIRS,n,2.0NRT,303.06,2.64,D,VIIRS_NOAA21_NRT
9.04664,77.71947,339.28,0.5,0.49,2026-09-02,835,N21,VIIRS,n,2.0NRT,306.41,5.58,D,VIIRS_NOAA21_NRT
23.67995,86.09299,338.55,0.54,0.51,2026-09-02,1925,N21,VIIRS,n,2.0NRT,287.94,7.49,N,VIIRS_NOAA21_NRT
10.86859,77.7392,338.51,0.53,0.5,2026-09-02,837,N21,VIIRS,n,2.0NRT,301.4,6.27,D,VIIRS_NOAA21_NRT
11.17819,77.71023,331.93,0.53,0.5,2026-09-02,837,N21,VIIRS,n,2.0NRT,298.86,4.45,D,VIIRS_NOAA21_NRT
12.0616,77.02872,343.15,0.49,0.49,2026-09-02,837,N21,VIIRS,n,2.0NRT,296.93,9.89,D,VIIRS_NOAA21_NRT
23.67422,86.10291,304.18,0.54,0.51,2026-09-02,1925,N21,VIIRS,n,2.0NRT,287.89,1.12,N,VIIRS_NOAA21_NRT
11.72303,78.5864,332.6,0.62,0.54,2026-09-02,837,N21,VIIRS,n,2.0NRT,293.09,5.77,D,VIIRS_NOAA21_NRT
23.66697,86.09344,305.05,0.54,0.51,2026-09-02,1925,N21,VIIRS,n,2.0NRT,287.69,1.51,N,VIIRS_NOAA21_NRT
23.61014,85.676,297.69,0.57,0.52,2026-09-02,1925,N21,VIIRS,n,2.0NRT,277.48,1.56,N,VIIRS_NOAA21_NRT
20.95447,85.01464,305.03,0.58,0.52,2026-09-02,1925,N21,VIIRS,n,2.0NRT,283.38,4.5,N,VIIRS_NOAA21_NRT
20.8899,84.98321,316.9,0.58,0.52,2026-09-02,1925,N21,VIIRS,n,2.0NRT,285.7,4.13,N,VIIRS_NOAA21_NRT
20.86519,84.98612,316.15,0.58,0.52,2026-09-02,1925,N21,VIIRS,n,2.0NRT,286.58,3.42,N,VIIRS_NOAA21_NRT
20.86458,84.99162,307.49,0.58,0.52,2026-09-02,1925,N21,VIIRS,n,2.0NRT,286.53,3.42,N,VIIRS_NOAA21_NRT
20.89001,84.97901,314.27,0.58,0.52,2026-09-02,1925,N21,VIIRS,n,2.0NRT,285.43,3.31,N,VIIRS_NOAA21_NRT
12.1201,79.1136,331.81,0.34,0.56,2026-09-02,837,N21,VIIRS,n,2.0NRT,296.61,3.43,D,VIIRS_NOAA21_NRT
17.58122,79.99252,336.43,0.46,0.64,2026-09-02,837,N21,VIIRS,n,2.0NRT,288.03,4.4,D,VIIRS_NOAA21_NRT
12.42042,78.76832,336.12,0.33,0.55,2026-09-02,837,N21,VIIRS,n,2.0NRT,288.62,3.86,D,VIIRS_NOAA21_NRT
18.45843,74.21844,334.79,0.4,0.44,2026-09-02,837,N21,VIIRS,n,2.0NRT,291.29,3.53,D,VIIRS_NOAA21_NRT
21.10416,72.63442,335.35,0.52,0.41,2026-09-02,837,N21,VIIRS,n,2.0NRT,290.75,8.63,D,VIIRS_NOAA21_NRT
17.6793,75.30967,333.82,0.45,0.47,2026-09-02,837,N21,VIIRS,n,2.0NRT,297.15,8.02,D,VIIRS_NOAA21_NRT
21.10544,72.64433,333.95,0.52,0.41,2026-09-02,837,N21,VIIRS,n,2.0NRT,292.7,5.69,D,VIIRS_NOAA21_NRT
8.60675,77.96529,339.2,0.41,0.37,2026-09-03,816,N21,VIIRS,n,2.0NRT,303.99,4.94,D,VIIRS_NOAA21_NRT
8.61016,77.96478,338.69,0.41,0.37,2026-09-03,816,N21,VIIRS,n,2.0NRT,304.46,3.89,D,VIIRS_NOAA21_NRT
8.6202,77.77351,354.2,0.41,0.37,2026-09-03,816,N21,VIIRS,n,2.0NRT,313.01,23.1,D,VIIRS_NOAA21_NRT
11.18059,79.10029,313.59,0.35,0.57,2026-09-03,2051,N21,VIIRS,n,2.0NRT,290.21,1.28,N,VIIRS_NOAA21_NRT
23.82409,85.49904,302.51,0.38,0.36,2026-09-03,2002,N20,VIIRS,n,2.0NRT,284.53,0.92,N,VIIRS_NOAA20_NRT
23.82467,85.49529,302.86,0.38,0.36,2026-09-03,2002,N20,VIIRS,n,2.0NRT,285.02,0.92,N,VIIRS_NOAA20_NRT
23.82555,84.93825,303.94,0.39,0.36,2026-09-03,2002,N20,VIIRS,n,2.0NRT,288.67,0.5,N,VIIRS_NOAA20_NRT
23.84097,84.94881,303.34,0.39,0.36,2026-09-03,2002,N20,VIIRS,n,2.0NRT,288.05,0.55,N,VIIRS_NOAA20_NRT
23.84145,86.50287,303.98,0.39,0.36,2026-09-03,2002,N20,VIIRS,n,2.0NRT,287.52,0.52,N,VIIRS_NOAA20_NRT
23.85833,86.33572,309.39,0.39,0.36,2026-09-03,2002,N20,VIIRS,n,2.0NRT,285.49,0.5,N,VIIRS_NOAA20_NRT
24.11708,86.85863,316.11,0.39,0.36,2026-09-03,2002,N20,VIIRS,n,2.0NRT,288.72,1.12,N,VIIRS_NOAA20_NRT
24.11976,86.86308,311.02,0.39,0.36,2026-09-03,2002,N20,VIIRS,n,2.0NRT,288.39,1.25,N,VIIRS_NOAA20_NRT
25.94085,72.18671,305.68,0.67,0.74,2026-09-03,2002,N20,VIIRS,n,2.0NRT,288.86,2.0,N,VIIRS_NOAA20_NRT
26.52291,90.5325,328.03,0.49,0.4,2026-09-03,2002,N20,VIIRS,n,2.0NRT,288.83,5.79,N,VIIRS_NOAA20_NRT
26.7609,83.19978,308.37,0.46,0.39,2026-09-03,2002,N20,VIIRS,n,2.0NRT,290.5,3.62,N,VIIRS_NOAA20_NRT
23.81538,86.57941,309.89,0.39,0.36,2026-09-03,2002,N20,VIIRS,n,2.0NRT,288.82,0.58,N,VIIRS_NOAA20_NRT
28.71685,76.8332,299.98,0.37,0.58,2026-09-03,2002,N20,VIIRS,n,2.0NRT,274.6,1.13,N,VIIRS_NOAA20_NRT
29.47446,76.85703,309.14,0.37,0.58,2026-09-03,2002,N20,VIIRS,n,2.0NRT,288.99,5.44,N,VIIRS_NOAA20_NRT
29.47475,76.85314,367.0,0.37,0.58,2026-09-03,2002,N20,VIIRS,h,2.0NRT,288.75,8.36,N,VIIRS_NOAA20_NRT
29.47725,76.85763,310.55,0.37,0.58,2026-09-03,2002,N20,VIIRS,n,2.0NRT,289.14,6.79,N,VIIRS_NOAA20_NRT
29.47757,76.85374,367.0,0.37,0.58,2026-09-03,2002,N20,VIIRS,h,2.0NRT,288.83,9.46,N,VIIRS_NOAA20_NRT
29.48014,76.85374,305.02,0.37,0.58,2026-09-03,2002,N20,VIIRS,n,2.0NRT,288.34,0.73,N,VIIRS_NOAA20_NRT
29.91007,74.94244,304.52,0.49,0.65,2026-09-03,2002,N20,VIIRS,n,2.0NRT,290.73,1.02,N,VIIRS_NOAA20_NRT
29.91132,74.94312,306.14,0.49,0.65,2026-09-03,2002,N20,VIIRS,n,2.0NRT,290.62,0.8,N,VIIRS_NOAA20_NRT
16.87099,80.02061,306.16,0.51,0.41,2026-09-03,2004,N20,VIIRS,n,2.0NRT,289.8,2.28,N,VIIRS_NOAA20_NRT
17.35811,76.87943,303.69,0.54,0.5,2026-09-03,2004,N20,VIIRS,n,2.0NRT,284.78,1.05,N,VIIRS_NOAA20_NRT
17.59818,83.19147,307.48,0.39,0.36,2026-09-03,2004,N20,VIIRS,n,2.0NRT,292.02,1.29,N,VIIRS_NOAA20_NRT
17.60372,83.19993,309.65,0.39,0.36,2026-09-03,2004,N20,VIIRS,n,2.0NRT,292.61,1.9,N,VIIRS_NOAA20_NRT
28.74499,76.92669,296.37,0.36,0.58,2026-09-03,2002,N20,VIIRS,n,2.0NRT,279.34,2.1,N,VIIRS_NOAA20_NRT
17.60705,83.20048,314.98,0.39,0.36,2026-09-03,2004,N20,VIIRS,n,2.0NRT,292.67,2.31,N,VIIRS_NOAA20_NRT
23.80459,86.32961,328.48,0.39,0.36,2026-09-03,2002,N20,VIIRS,n,2.0NRT,287.27,2.12,N,VIIRS_NOAA20_NRT
23.79767,86.3515,314.18,0.39,0.36,2026-09-03,2002,N20,VIIRS,n,2.0NRT,286.72,1.82,N,VIIRS_NOAA20_NRT
23.7255,85.52321,301.47,0.38,0.36,2026-09-03,2002,N20,VIIRS,n,2.0NRT,284.53,0.25,N,VIIRS_NOAA20_NRT
23.73697,86.43278,341.06,0.39,0.36,2026-09-03,2002,N20,VIIRS,n,2.0NRT,292.07,3.28,N,VIIRS_NOAA20_NRT
23.73758,86.42902,312.53,0.39,0.36,2026-09-03,2002,N20,VIIRS,n,2.0NRT,289.72,1.41,N,VIIRS_NOAA20_NRT
23.74007,85.00873,317.46,0.39,0.36,2026-09-03,2002,N20,VIIRS,n,2.0NRT,289.71,2.7,N,VIIRS_NOAA20_NRT
23.74027,86.43341,309.02,0.39,0.36,2026-09-03,2002,N20,VIIRS,n,2.0NRT,290.24,3.28,N,VIIRS_NOAA20_NRT
23.74545,85.50378,301.96,0.38,0.36,2026-09-03,2002,N20,VIIRS,n,2.0NRT,283.79,0.59,N,VIIRS_NOAA20_NRT
23.7532,86.41651,307.79,0.39,0.36,2026-09-03,2002,N20,VIIRS,n,2.0NRT,288.53,1.06,N,VIIRS_NOAA20_NRT
23.75456,85.85532,309.18,0.38,0.36,2026-09-03,2002,N20,VIIRS,n,2.0NRT,286.4,0.89,N,VIIRS_NOAA20_NRT
23.75515,85.85158,308.36,0.38,0.36,2026-09-03,2002,N20,VIIRS,n,2.0NRT,286.21,0.89,N,VIIRS_NOAA20_NRT
23.75785,85.85593,305.14,0.38,0.36,2026-09-03,2002,N20,VIIRS,n,2.0NRT,286.38,0.89,N,VIIRS_NOAA20_NRT
23.75844,85.8522,310.78,0.38,0.36,2026-09-03,2002,N20,VIIRS,n,2.0NRT,286.15,0.89,N,VIIRS_NOAA20_NRT
23.80129,86.32899,305.52,0.39,0.36,2026-09-03,2002,N20,VIIRS,n,2.0NRT,285.86,2.12,N,VIIRS_NOAA20_NRT
23.75893,86.40212,302.01,0.39,0.36,2026-09-03,2002,N20,VIIRS,n,2.0NRT,284.55,0.96,N,VIIRS_NOAA20_NRT
23.76552,86.40339,312.99,0.39,0.36,2026-09-03,2002,N20,VIIRS,n,2.0NRT,286.42,1.1,N,VIIRS_NOAA20_NRT
23.76881,86.40401,303.73,0.39,0.36,2026-09-03,2002,N20,VIIRS,n,2.0NRT,286.4,0.93,N,VIIRS_NOAA20_NRT
23.77119,86.19974,304.78,0.38,0.36,2026-09-03,2002,N20,VIIRS,n,2.0NRT,286.55,0.99,N,VIIRS_NOAA20_NRT
23.77179,86.196,308.84,0.38,0.36,2026-09-03,2002,N20,VIIRS,n,2.0NRT,286.19,1.67,N,VIIRS_NOAA20_NRT
23.77548,86.36273,301.78,0.39,0.36,2026-09-03,2002,N20,VIIRS,n,2.0NRT,279.86,0.87,N,VIIRS_NOAA20_NRT
23.77783,86.39025,303.92,0.39,0.36,2026-09-03,2002,N20,VIIRS,n,2.0NRT,286.71,1.05,N,VIIRS_NOAA20_NRT
23.77986,86.20908,318.46,0.39,0.36,2026-09-03,2002,N20,VIIRS,n,2.0NRT,288.61,2.21,N,VIIRS_NOAA20_NRT
23.78113,86.39088,309.56,0.39,0.36,2026-09-03,2002,N20,VIIRS,n,2.0NRT,287.67,1.05,N,VIIRS_NOAA20_NRT
23.78161,85.57585,304.27,0.38,0.36,2026-09-03,2002,N20,VIIRS,n,2.0NRT,284.23,1.39,N,VIIRS_NOAA20_NRT
23.78512,85.55343,308.22,0.38,0.36,2026-09-03,2002,N20,VIIRS,n,2.0NRT,282.57,0.94,N,VIIRS_NOAA20_NRT
23.78841,85.55404,308.98,0.38,0.36,2026-09-03,2002,N20,VIIRS,n,2.0NRT,283.02,1.41,N,VIIRS_NOAA20_NRT
23.76222,86.40276,308.28,0.39,0.36,2026-09-03,2002,N20,VIIRS,n,2.0NRT,285.25,1.1,N,VIIRS_NOAA20_NRT
23.725,86.42276,313.03,0.39,0.36,2026-09-03,2002,N20,VIIRS,n,2.0NRT,290.96,1.75,N,VIIRS_NOAA20_NRT
17.60983,83.20471,326.65,0.39,0.36,2026-09-03,2004,N20,VIIRS,n,2.0NRT,293.72,2.31,N,VIIRS_NOAA20_NRT
17.96308,83.15963,306.04,0.39,0.37,2026-09-03,2004,N20,VIIRS,n,2.0NRT,290.97,1.55,N,VIIRS_NOAA20_NRT
25.94266,72.1937,315.55,0.43,0.62,2026-09-03,2142,N20,VIIRS,n,2.0NRT,292.06,1.66,N,VIIRS_NOAA20_NRT
25.94423,72.19559,310.82,0.43,0.62,2026-09-03,2142,N20,VIIRS,n,2.0NRT,292.21,1.92,N,VIIRS_NOAA20_NRT
29.47375,76.85448,316.52,0.66,0.73,2026-09-03,2142,N20,VIIRS,n,2.0NRT,287.5,3.16,N,VIIRS_NOAA20_NRT
29.47733,76.8575,334.66,0.66,0.73,2026-09-03,2142,N20,VIIRS,n,2.0NRT,288.13,5.4,N,VIIRS_NOAA20_NRT
29.90804,74.94972,304.42,0.5,0.66,2026-09-03,2142,N20,VIIRS,n,2.0NRT,290.39,0.96,N,VIIRS_NOAA20_NRT
20.36032,72.94863,300.96,0.63,0.72,2026-09-03,2144,N20,VIIRS,n,2.0NRT,283.78,1.27,N,VIIRS_NOAA20_NRT
21.10505,72.65266,303.05,0.58,0.7,2026-09-03,2144,N20,VIIRS,n,2.0NRT,287.14,1.48,N,VIIRS_NOAA20_NRT
21.10634,72.64722,303.47,0.58,0.7,2026-09-03,2144,N20,VIIRS,n,2.0NRT,287.36,1.48,N,VIIRS_NOAA20_NRT
21.1091,72.64794,303.32,0.58,0.7,2026-09-03,2144,N20,VIIRS,n,2.0NRT,287.57,1.64,N,VIIRS_NOAA20_NRT
21.11042,72.64252,302.58,0.58,0.7,2026-09-03,2144,N20,VIIRS,n,2.0NRT,286.94,1.64,N,VIIRS_NOAA20_NRT
21.16396,72.66865,320.12,0.58,0.7,2026-09-03,2144,N20,VIIRS,n,2.0NRT,287.33,2.07,N,VIIRS_NOAA20_NRT
21.1702,72.67035,302.88,0.58,0.7,2026-09-03,2144,N20,VIIRS,n,2.0NRT,287.41,2.07,N,VIIRS_NOAA20_NRT
23.49735,68.57843,305.16,0.57,0.52,2026-09-03,2144,N20,VIIRS,n,2.0NRT,292.28,1.13,N,VIIRS_NOAA20_NRT
29.47193,76.86103,313.99,0.66,0.73,2026-09-03,2142,N20,VIIRS,n,2.0NRT,287.4,3.16,N,VIIRS_NOAA20_NRT
17.69188,83.24426,318.58,0.39,0.36,2026-09-03,2004,N20,VIIRS,n,2.0NRT,292.24,1.77,N,VIIRS_NOAA20_NRT
9.54893,77.52233,328.06,0.38,0.43,2026-09-03,2006,N20,VIIRS,n,2.0NRT,290.34,3.0,N,VIIRS_NOAA20_NRT
9.54934,77.51951,315.78,0.38,0.43,2026-09-03,2006,N20,VIIRS,n,2.0NRT,289.25,2.15,N,VIIRS_NOAA20_NRT
9.55857,77.51196,300.32,0.38,0.43,2026-09-03,2006,N20,VIIRS,n,2.0NRT,286.95,0.19,N,VIIRS_NOAA20_NRT
9.73645,77.55113,310.68,0.38,0.43,2026-09-03,2006,N20,VIIRS,n,2.0NRT,291.78,1.08,N,VIIRS_NOAA20_NRT
10.61815,77.42112,308.73,0.4,0.44,2026-09-03,2006,N20,VIIRS,n,2.0NRT,291.53,0.77,N,VIIRS_NOAA20_NRT
11.17709,79.08981,308.03,0.49,0.4,2026-09-03,2006,N20,VIIRS,n,2.0NRT,292.77,0.88,N,VIIRS_NOAA20_NRT
13.412,78.25958,303.36,0.39,0.44,2026-09-03,2006,N20,VIIRS,n,2.0NRT,288.87,0.43,N,VIIRS_NOAA20_NRT
15.02147,78.0108,299.92,0.42,0.45,2026-09-03,2006,N20,VIIRS,n,2.0NRT,279.86,1.15,N,VIIRS_NOAA20_NRT
15.02509,78.01545,308.47,0.42,0.45,2026-09-03,2006,N20,VIIRS,n,2.0NRT,282.53,1.15,N,VIIRS_NOAA20_NRT
15.06992,76.86325,298.07,0.5,0.49,2026-09-03,2006,N20,VIIRS,n,2.0NRT,280.71,1.13,N,VIIRS_NOAA20_NRT
15.13724,76.70645,303.86,0.51,0.5,2026-09-03,2006,N20,VIIRS,n,2.0NRT,287.7,0.62,N,VIIRS_NOAA20_NRT
15.17367,76.78399,303.2,0.51,0.49,2026-09-03,2006,N20,VIIRS,n,2.0NRT,288.63,1.27,N,VIIRS_NOAA20_NRT
15.17644,76.6531,311.26,0.52,0.5,2026-09-03,2006,N20,VIIRS,n,2.0NRT,279.38,2.15,N,VIIRS_NOAA20_NRT
15.17711,77.10126,300.53,0.48,0.48,2026-09-03,2006,N20,VIIRS,n,2.0NRT,273.71,0.93,N,VIIRS_NOAA20_NRT
15.18254,76.67829,306.64,0.52,0.5,2026-09-03,2006,N20,VIIRS,n,2.0NRT,286.46,2.6,N,VIIRS_NOAA20_NRT
15.18315,76.67349,309.9,0.52,0.5,2026-09-03,2006,N20,VIIRS,n,2.0NRT,286.21,3.3,N,VIIRS_NOAA20_NRT
15.18376,76.66869,317.37,0.52,0.5,2026-09-03,2006,N20,VIIRS,n,2.0NRT,285.48,3.3,N,VIIRS_NOAA20_NRT
15.18437,76.66389,316.88,0.52,0.5,2026-09-03,2006,N20,VIIRS,n,2.0NRT,282.7,4.2,N,VIIRS_NOAA20_NRT
15.22415,76.75953,308.39,0.51,0.49,2026-09-03,2006,N20,VIIRS,n,2.0NRT,288.75,1.9,N,VIIRS_NOAA20_NRT
15.2287,76.76014,318.43,0.51,0.49,2026-09-03,2006,N20,VIIRS,n,2.0NRT,288.89,1.69,N,VIIRS_NOAA20_NRT
15.17583,76.65791,312.3,0.52,0.5,2026-09-03,2006,N20,VIIRS,n,2.0NRT,284.12,3.54,N,VIIRS_NOAA20_NRT
23.72257,86.43778,308.92,0.39,0.36,2026-09-03,2002,N20,VIIRS,n,2.0NRT,289.46,2.16,N,VIIRS_NOAA20_NRT
23.71965,85.0089,304.95,0.39,0.36,2026-09-03,2002,N20,VIIRS,n,2.0NRT,285.67,0.69,N,VIIRS_NOAA20_NRT
23.71866,86.4409,314.11,0.39,0.36,2026-09-03,2002,N20,VIIRS,n,2.0NRT,289.64,1.28,N,VIIRS_NOAA20_NRT
9.65053,78.06663,343.52,0.44,0.63,2026-09-03,731,N20,VIIRS,n,2.0NRT,295.22,5.67,D,VIIRS_NOAA20_NRT
9.65259,78.06654,335.92,0.44,0.62,2026-09-03,731,N20,VIIRS,n,2.0NRT,294.43,6.03,D,VIIRS_NOAA20_NRT
9.7496,78.01988,342.77,0.44,0.63,2026-09-03,731,N20,VIIRS,n,2.0NRT,297.86,9.94,D,VIIRS_NOAA20_NRT
9.75129,78.01684,343.09,0.44,0.63,2026-09-03,731,N20,VIIRS,n,2.0NRT,297.06,10.6,D,VIIRS_NOAA20_NRT
10.49617,79.46641,343.03,0.34,0.56,2026-09-03,731,N20,VIIRS,n,2.0NRT,298.62,3.94,D,VIIRS_NOAA20_NRT
12.74508,78.65624,335.06,0.35,0.57,2026-09-03,731,N20,VIIRS,n,2.0NRT,292.08,4.03,D,VIIRS_NOAA20_NRT
14.10816,77.59407,330.93,0.39,0.6,2026-09-03,731,N20,VIIRS,n,2.0NRT,285.44,3.39,D,VIIRS_NOAA20_NRT
21.10291,72.64852,334.62,0.6,0.7,2026-09-03,733,N20,VIIRS,n,2.0NRT,288.64,9.08,D,VIIRS_NOAA20_NRT
21.16354,72.67133,338.1,0.59,0.7,2026-09-03,733,N20,VIIRS,n,2.0NRT,287.54,5.44,D,VIIRS_NOAA20_NRT
22.36557,87.30296,343.37,0.41,0.37,2026-09-03,733,N20,VIIRS,n,2.0NRT,298.96,9.64,D,VIIRS_NOAA20_NRT
23.66255,87.15377,330.63,0.41,0.37,2026-09-03,733,N20,VIIRS,n,2.0NRT,292.84,3.12,D,VIIRS_NOAA20_NRT
23.77443,86.36435,340.16,0.4,0.37,2026-09-03,733,N20,VIIRS,n,2.0NRT,296.49,4.56,D,VIIRS_NOAA20_NRT
23.77833,86.3914,333.93,0.4,0.37,2026-09-03,733,N20,VIIRS,n,2.0NRT,296.63,5.61,D,VIIRS_NOAA20_NRT
23.78466,85.55476,332.14,0.39,0.36,2026-09-03,733,N20,VIIRS,n,2.0NRT,294.27,2.83,D,VIIRS_NOAA20_NRT
23.78796,85.55418,332.27,0.39,0.36,2026-09-03,733,N20,VIIRS,n,2.0NRT,293.58,2.83,D,VIIRS_NOAA20_NRT
27.9844,95.93944,348.14,0.48,0.65,2026-09-03,735,N20,VIIRS,n,2.0NRT,289.43,7.85,D,VIIRS_NOAA20_NRT
12.44623,79.14983,338.77,0.33,0.55,2026-09-03,731,N20,VIIRS,n,2.0NRT,293.75,3.06,D,VIIRS_NOAA20_NRT
8.49436,77.96617,330.46,0.47,0.64,2026-09-03,731,N20,VIIRS,n,2.0NRT,294.43,3.34,D,VIIRS_NOAA20_NRT
8.86345,78.08493,338.14,0.46,0.63,2026-09-03,731,N20,VIIRS,n,2.0NRT,294.83,2.28,D,VIIRS_NOAA20_NRT
8.995,78.11643,341.06,0.45,0.63,2026-09-03,731,N20,VIIRS,n,2.0NRT,295.85,3.27,D,VIIRS_NOAA20_NRT
23.68607,86.38953,306.72,0.39,0.36,2026-09-03,2002,N20,VIIRS,n,2.0NRT,288.99,2.12,N,VIIRS_NOAA20_NRT
23.68842,87.11951,317.5,0.4,0.37,2026-09-03,2002,N20,VIIRS,n,2.0NRT,288.92,3.08,N,VIIRS_NOAA20_NRT
23.69164,87.1003,306.55,0.4,0.37,2026-09-03,2002,N20,VIIRS,n,2.0NRT,288.71,1.63,N,VIIRS_NOAA20_NRT
23.69175,87.12016,305.18,0.4,0.37,2026-09-03,2002,N20,VIIRS,n,2.0NRT,288.61,1.08,N,VIIRS_NOAA20_NRT
23.6924,87.11631,305.7,0.4,0.37,2026-09-03,2002,N20,VIIRS,n,2.0NRT,288.48,1.93,N,VIIRS_NOAA20_NRT
23.69433,87.10479,306.35,0.4,0.37,2026-09-03,2002,N20,VIIRS,n,2.0NRT,288.75,1.14,N,VIIRS_NOAA20_NRT
23.69442,85.37145,311.67,0.39,0.36,2026-09-03,2002,N20,VIIRS,n,2.0NRT,289.11,1.11,N,VIIRS_NOAA20_NRT
23.69444,87.12463,308.89,0.4,0.37,2026-09-03,2002,N20,VIIRS,n,2.0NRT,288.97,1.08,N,VIIRS_NOAA20_NRT
23.69508,87.1208,310.26,0.4,0.37,2026-09-03,2002,N20,VIIRS,n,2.0NRT,289.5,1.08,N,VIIRS_NOAA20_NRT
23.6953,86.07877,302.86,0.38,0.36,2026-09-03,2002,N20,VIIRS,n,2.0NRT,280.9,0.53,N,VIIRS_NOAA20_NRT
23.69626,87.09328,312.84,0.4,0.37,2026-09-03,2002,N20,VIIRS,n,2.0NRT,288.89,1.31,N,VIIRS_NOAA20_NRT
23.68547,86.39327,327.45,0.39,0.36,2026-09-03,2002,N20,VIIRS,n,2.0NRT,290.2,4.04,N,VIIRS_NOAA20_NRT
23.69672,85.29093,307.13,0.39,0.36,2026-09-03,2002,N20,VIIRS,n,2.0NRT,287.56,0.87,N,VIIRS_NOAA20_NRT
23.6973,85.28718,306.02,0.39,0.36,2026-09-03,2002,N20,VIIRS,n,2.0NRT,287.62,0.87,N,VIIRS_NOAA20_NRT
23.69766,87.10545,306.8,0.4,0.37,2026-09-03,2002,N20,VIIRS,n,2.0NRT,288.38,1.14,N,VIIRS_NOAA20_NRT
23.69829,85.36831,310.07,0.39,0.36,2026-09-03,2002,N20,VIIRS,n,2.0NRT,288.84,1.17,N,VIIRS_NOAA20_NRT
23.70932,85.42812,303.85,0.38,0.36,2026-09-03,2002,N20,VIIRS,n,2.0NRT,288.25,0.45,N,VIIRS_NOAA20_NRT
23.71023,86.45091,306.45,0.39,0.36,2026-09-03,2002,N20,VIIRS,n,2.0NRT,290.01,1.04,N,VIIRS_NOAA20_NRT
23.71049,85.2896,302.26,0.39,0.36,2026-09-03,2002,N20,VIIRS,n,2.0NRT,286.67,0.48,N,VIIRS_NOAA20_NRT
23.71084,86.44715,322.03,0.39,0.36,2026-09-03,2002,N20,VIIRS,n,2.0NRT,290.78,2.49,N,VIIRS_NOAA20_NRT
23.71121,86.424,305.78,0.39,0.36,2026-09-03,2002,N20,VIIRS,n,2.0NRT,289.23,1.27,N,VIIRS_NOAA20_NRT
23.71353,86.45154,330.73,0.39,0.36,2026-09-03,2002,N20,VIIRS,n,2.0NRT,291.4,2.89,N,VIIRS_NOAA20_NRT
23.71511,86.42087,306.05,0.39,0.36,2026-09-03,2002,N20,VIIRS,n,2.0NRT,289.26,1.27,N,VIIRS_NOAA20_NRT
23.71841,86.4215,305.64,0.39,0.36,2026-09-03,2002,N20,VIIRS,n,2.0NRT,289.83,1.67,N,VIIRS_NOAA20_NRT
23.69674,85.35646,304.52,0.39,0.36,2026-09-03,2002,N20,VIIRS,n,2.0NRT,288.92,0.59,N,VIIRS_NOAA20_NRT
23.68316,87.13036,310.17,0.4,0.37,2026-09-03,2002,N20,VIIRS,n,2.0NRT,289.84,1.98,N,VIIRS_NOAA20_NRT
23.67887,86.39201,304.49,0.39,0.36,2026-09-03,2002,N20,VIIRS,n,2.0NRT,286.75,0.87,N,VIIRS_NOAA20_NRT
23.67827,86.39577,306.12,0.39,0.36,2026-09-03,2002,N20,VIIRS,n,2.0NRT,284.6,0.87,N,VIIRS_NOAA20_NRT
35.70685,73.66389,339.6,0.49,0.48,2026-09-03,737,N20,VIIRS,n,2.0NRT,297.67,8.0,D,VIIRS_NOAA20_NRT
21.16206,72.674,341.15,0.56,0.68,2026-09-03,915,N20,VIIRS,n,2.0NRT,289.0,6.29,D,VIIRS_NOAA20_NRT
23.58009,86.72656,308.13,0.39,0.36,2026-09-03,2002,N20,VIIRS,n,2.0NRT,290.15,1.11,N,VIIRS_NOAA20_NRT
23.5834,86.7272,310.78,0.39,0.36,2026-09-03,2002,N20,VIIRS,n,2.0NRT,290.67,1.11,N,VIIRS_NOAA20_NRT
23.60976,85.67492,309.37,0.38,0.36,2026-09-03,2002,N20,VIIRS,n,2.0NRT,289.81,0.81,N,VIIRS_NOAA20_NRT
23.6138,86.7917,311.92,0.39,0.36,2026-09-03,2002,N20,VIIRS,n,2.0NRT,290.77,1.37,N,VIIRS_NOAA20_NRT
23.61443,86.78787,309.85,0.39,0.36,2026-09-03,2002,N20,VIIRS,n,2.0NRT,290.27,1.32,N,VIIRS_NOAA20_NRT
23.64655,85.43964,323.37,0.38,0.36,2026-09-03,2002,N20,VIIRS,n,2.0NRT,287.38,2.11,N,VIIRS_NOAA20_NRT
23.64714,85.43591,312.95,0.38,0.36,2026-09-03,2002,N20,VIIRS,n,2.0NRT,287.65,1.38,N,VIIRS_NOAA20_NRT
23.65043,85.43652,320.82,0.38,0.36,2026-09-03,2002,N20,VIIRS,n,2.0NRT,287.97,1.64,N,VIIRS_NOAA20_NRT
23.65641,85.50684,310.37,0.38,0.36,2026-09-03,2002,N20,VIIRS,n,2.0NRT,287.69,0.98,N,VIIRS_NOAA20_NRT
23.66284,87.15459,323.26,0.4,0.37,2026-09-03,2002,N20,VIIRS,n,2.0NRT,289.29,3.1,N,VIIRS_NOAA20_NRT
23.66344,84.99948,306.55,0.39,0.36,2026-09-03,2002,N20,VIIRS,n,2.0NRT,287.33,0.92,N,VIIRS_NOAA20_NRT
23.66433,86.91784,306.56,0.39,0.36,2026-09-03,2002,N20,VIIRS,n,2.0NRT,289.42,1.07,N,VIIRS_NOAA20_NRT
23.66554,87.1591,308.6,0.4,0.37,2026-09-03,2002,N20,VIIRS,n,2.0NRT,288.27,0.9,N,VIIRS_NOAA20_NRT
23.66618,87.15525,304.39,0.4,0.37,2026-09-03,2002,N20,VIIRS,n,2.0NRT,287.89,0.9,N,VIIRS_NOAA20_NRT
23.66732,84.99632,303.53,0.39,0.36,2026-09-03,2002,N20,VIIRS,n,2.0NRT,287.06,0.92,N,VIIRS_NOAA20_NRT
23.67437,86.3989,303.78,0.39,0.36,2026-09-03,2002,N20,VIIRS,n,2.0NRT,288.76,1.25,N,VIIRS_NOAA20_NRT
23.67766,86.39953,312.42,0.39,0.36,2026-09-03,2002,N20,VIIRS,n,2.0NRT,287.22,1.25,N,VIIRS_NOAA20_NRT
24.11562,86.86095,304.07,0.49,0.65,2026-09-03,1906,N21,VIIRS,n,2.0NRT,278.56,1.61,N,VIIRS_NOAA21_NRT
23.80364,86.32647,301.69,0.53,0.67,2026-09-03,1906,N21,VIIRS,n,2.0NRT,283.39,1.82,N,VIIRS_NOAA21_NRT
23.80322,86.3317,311.37,0.53,0.67,2026-09-03,1906,N21,VIIRS,n,2.0NRT,283.56,1.82,N,VIIRS_NOAA21_NRT
23.80305,86.3282,312.09,0.53,0.67,2026-09-03,1906,N21,VIIRS,n,2.0NRT,283.8,3.29,N,VIIRS_NOAA21_NRT
23.79543,86.35154,312.86,0.52,0.67,2026-09-03,1906,N21,VIIRS,n,2.0NRT,283.09,2.98,N,VIIRS_NOAA21_NRT
23.79538,86.34803,304.5,0.53,0.67,2026-09-03,1906,N21,VIIRS,n,2.0NRT,283.41,2.37,N,VIIRS_NOAA21_NRT
23.795,86.35329,302.7,0.52,0.67,2026-09-03,1906,N21,VIIRS,n,2.0NRT,283.1,1.73,N,VIIRS_NOAA21_NRT
23.78556,85.55293,302.25,0.59,0.7,2026-09-03,1906,N21,VIIRS,n,2.0NRT,283.21,1.09,N,VIIRS_NOAA21_NRT
23.78024,86.38665,305.68,0.52,0.67,2026-09-03,1906,N21,VIIRS,n,2.0NRT,283.81,2.3,N,VIIRS_NOAA21_NRT
23.77984,86.39172,314.52,0.52,0.67,2026-09-03,1906,N21,VIIRS,n,2.0NRT,283.68,2.3,N,VIIRS_NOAA21_NRT
23.77573,86.3653,316.44,0.52,0.67,2026-09-03,1906,N21,VIIRS,n,2.0NRT,283.69,3.08,N,VIIRS_NOAA21_NRT
23.77547,86.20876,305.42,0.54,0.68,2026-09-03,1906,N21,VIIRS,n,2.0NRT,284.93,2.54,N,VIIRS_NOAA21_NRT
23.7741,86.38596,304.86,0.52,0.67,2026-09-03,1906,N21,VIIRS,n,2.0NRT,283.64,2.68,N,VIIRS_NOAA21_NRT
23.77282,85.99427,298.26,0.55,0.68,2026-09-03,1906,N21,VIIRS,n,2.0NRT,281.58,1.41,N,VIIRS_NOAA21_NRT
23.76677,86.40059,304.12,0.52,0.67,2026-09-03,1906,N21,VIIRS,n,2.0NRT,282.21,3.92,N,VIIRS_NOAA21_NRT
20.9703,86.02133,307.25,0.51,0.66,2026-09-03,1908,N21,VIIRS,n,2.0NRT,285.23,3.2,N,VIIRS_NOAA21_NRT
20.97102,86.02231,301.24,0.51,0.66,2026-09-03,1908,N21,VIIRS,n,2.0NRT,285.24,2.33,N,VIIRS_NOAA21_NRT
23.64927,85.43691,316.21,0.6,0.7,2026-09-03,1908,N21,VIIRS,n,2.0NRT,279.81,5.08,N,VIIRS_NOAA21_NRT
21.16664,72.67046,322.83,0.38,0.36,2026-09-03,2046,N21,VIIRS,n,2.0NRT,294.07,3.7,N,VIIRS_NOAA21_NRT
21.11061,72.63454,307.53,0.38,0.36,2026-09-03,2046,N21,VIIRS,n,2.0NRT,294.41,2.17,N,VIIRS_NOAA21_NRT
21.10831,72.64921,307.64,0.38,0.36,2026-09-03,2046,N21,VIIRS,n,2.0NRT,294.94,2.7,N,VIIRS_NOAA21_NRT
21.10674,72.63763,308.49,0.38,0.36,2026-09-03,2046,N21,VIIRS,n,2.0NRT,294.77,2.86,N,VIIRS_NOAA21_NRT
21.10559,72.64497,336.85,0.38,0.36,2026-09-03,2046,N21,VIIRS,n,2.0NRT,296.19,5.98,N,VIIRS_NOAA21_NRT
21.10502,72.64862,318.53,0.38,0.36,2026-09-03,2046,N21,VIIRS,n,2.0NRT,294.39,5.98,N,VIIRS_NOAA21_NRT
21.10345,72.63704,333.77,0.38,0.36,2026-09-03,2046,N21,VIIRS,n,2.0NRT,294.36,2.86,N,VIIRS_NOAA21_NRT
23.76635,86.40579,319.98,0.52,0.67,2026-09-03,1906,N21,VIIRS,n,2.0NRT,282.72,4.16,N,VIIRS_NOAA21_NRT
21.10016,72.63646,332.79,0.38,0.36,2026-09-03,2046,N21,VIIRS,n,2.0NRT,294.58,6.12,N,VIIRS_NOAA21_NRT
20.86645,70.5637,309.83,0.41,0.37,2026-09-03,2046,N21,VIIRS,n,2.0NRT,293.44,1.05,N,VIIRS_NOAA21_NRT
23.66802,84.99591,300.08,0.64,0.72,2026-09-03,1908,N21,VIIRS,n,2.0NRT,279.53,3.24,N,VIIRS_NOAA21_NRT
23.65697,85.508,301.57,0.59,0.7,2026-09-03,1908,N21,VIIRS,n,2.0NRT,281.04,1.18,N,VIIRS_NOAA21_NRT
23.64955,85.43758,318.4,0.6,0.71,2026-09-03,1908,N21,VIIRS,n,2.0NRT,279.93,4.68,N,VIIRS_NOAA21_NRT
20.91031,71.45869,316.39,0.39,0.36,2026-09-03,2046,N21,VIIRS,n,2.0NRT,294.64,1.67,N,VIIRS_NOAA21_NRT
21.62968,72.911,299.73,0.38,0.36,2026-09-03,2046,N21,VIIRS,n,2.0NRT,278.8,0.25,N,VIIRS_NOAA21_NRT
23.76062,86.39999,309.65,0.52,0.67,2026-09-03,1906,N21,VIIRS,n,2.0NRT,282.62,4.13,N,VIIRS_NOAA21_NRT
23.73945,86.43385,311.62,0.52,0.67,2026-09-03,1906,N21,VIIRS,n,2.0NRT,283.86,2.52,N,VIIRS_NOAA21_NRT
31.81754,74.59283,340.73,0.5,0.41,2026-09-03,822,N21,VIIRS,n,2.0NRT,296.72,6.08,D,VIIRS_NOAA21_NRT
31.62567,74.98903,332.14,0.51,0.41,2026-09-03,822,N21,VIIRS,n,2.0NRT,296.26,4.15,D,VIIRS_NOAA21_NRT
31.16984,75.04272,335.59,0.51,0.41,2026-09-03,822,N21,VIIRS,n,2.0NRT,296.53,4.87,D,VIIRS_NOAA21_NRT
23.55742,87.24039,312.47,0.46,0.63,2026-09-03,1906,N21,VIIRS,n,2.0NRT,275.87,3.03,N,VIIRS_NOAA21_NRT
23.73829,85.00842,296.96,0.64,0.72,2026-09-03,1906,N21,VIIRS,n,2.0NRT,279.77,2.02,N,VIIRS_NOAA21_NRT
23.73333,86.43322,306.07,0.52,0.67,2026-09-03,1906,N21,VIIRS,n,2.0NRT,283.6,2.85,N,VIIRS_NOAA21_NRT
23.71572,86.42124,309.72,0.52,0.67,2026-09-03,1906,N21,VIIRS,n,2.0NRT,283.4,3.45,N,VIIRS_NOAA21_NRT
23.71524,86.422,309.37,0.52,0.67,2026-09-03,1906,N21,VIIRS,n,2.0NRT,283.62,3.55,N,VIIRS_NOAA21_NRT
23.7134,86.4518,307.77,0.52,0.67,2026-09-03,1906,N21,VIIRS,n,2.0NRT,283.45,1.76,N,VIIRS_NOAA21_NRT
23.71272,86.45254,306.22,0.52,0.66,2026-09-03,1906,N21,VIIRS,n,2.0NRT,283.52,1.88,N,VIIRS_NOAA21_NRT
23.69064,87.12126,317.22,0.47,0.64,2026-09-03,1906,N21,VIIRS,n,2.0NRT,283.34,4.43,N,VIIRS_NOAA21_NRT
23.76022,86.40524,301.39,0.52,0.67,2026-09-03,1906,N21,VIIRS,n,2.0NRT,282.12,2.26,N,VIIRS_NOAA21_NRT
23.68696,86.39274,304.28,0.52,0.67,2026-09-03,1906,N21,VIIRS,n,2.0NRT,283.9,2.9,N,VIIRS_NOAA21_NRT
23.68044,86.39726,305.35,0.52,0.67,2026-09-03,1906,N21,VIIRS,n,2.0NRT,283.69,2.2,N,VIIRS_NOAA21_NRT
23.68011,86.3982,305.86,0.52,0.67,2026-09-03,1906,N21,VIIRS,n,2.0NRT,283.25,1.98,N,VIIRS_NOAA21_NRT
23.67398,86.39745,304.41,0.52,0.67,2026-09-03,1906,N21,VIIRS,n,2.0NRT,283.26,1.98,N,VIIRS_NOAA21_NRT
23.66418,87.1554,311.03,0.46,0.64,2026-09-03,1906,N21,VIIRS,n,2.0NRT,283.84,2.19,N,VIIRS_NOAA21_NRT
23.6325,86.83428,304.83,0.49,0.65,2026-09-03,1906,N21,VIIRS,n,2.0NRT,283.22,1.12,N,VIIRS_NOAA21_NRT
23.612,86.78971,308.97,0.49,0.65,2026-09-03,1906,N21,VIIRS,n,2.0NRT,282.8,1.86,N,VIIRS_NOAA21_NRT
23.58093,86.72375,297.7,0.49,0.65,2026-09-03,1906,N21,VIIRS,n,2.0NRT,275.66,1.53,N,VIIRS_NOAA21_NRT
23.68665,86.39375,303.02,0.52,0.67,2026-09-03,1906,N21,VIIRS,n,2.0NRT,283.65,1.76,N,VIIRS_NOAA21_NRT
23.30886,69.4185,333.65,0.45,0.39,2026-09-03,820,N21,VIIRS,n,2.0NRT,301.35,5.76,D,VIIRS_NOAA21_NRT
22.33877,69.8551,308.15,0.44,0.39,2026-09-03,2046,N21,VIIRS,n,2.0NRT,295.5,4.3,N,VIIRS_NOAA21_NRT
22.41513,69.03777,309.75,0.48,0.4,2026-09-03,2046,N21,VIIRS,n,2.0NRT,293.26,3.19,N,VIIRS_NOAA21_NRT
18.69219,73.03861,308.87,0.39,0.36,2026-09-03,2049,N21,VIIRS,n,2.0NRT,291.31,2.04,N,VIIRS_NOAA21_NRT
18.68674,73.03004,319.05,0.39,0.36,2026-09-03,2049,N21,VIIRS,n,2.0NRT,291.93,1.67,N,VIIRS_NOAA21_NRT
18.68341,73.02945,308.6,0.39,0.36,2026-09-03,2049,N21,VIIRS,n,2.0NRT,290.98,1.67,N,VIIRS_NOAA21_NRT
18.68221,73.03683,331.89,0.39,0.36,2026-09-03,2049,N21,VIIRS,n,2.0NRT,291.55,5.42,N,VIIRS_NOAA21_NRT
18.67889,73.03624,314.72,0.39,0.36,2026-09-03,2049,N21,VIIRS,n,2.0NRT,290.86,2.73,N,VIIRS_NOAA21_NRT
17.69266,83.2471,313.2,0.5,0.66,2026-09-03,2049,N21,VIIRS,n,2.0NRT,286.96,3.47,N,VIIRS_NOAA21_NRT
17.69013,83.24277,307.09,0.5,0.66,2026-09-03,2049,N21,VIIRS,n,2.0NRT,286.83,1.13,N,VIIRS_NOAA21_NRT
17.60904,83.20199,309.25,0.5,0.66,2026-09-03,2049,N21,VIIRS,n,2.0NRT,287.21,3.25,N,VIIRS_NOAA21_NRT
17.60314,83.20052,309.35,0.5,0.66,2026-09-03,2049,N21,VIIRS,n,2.0NRT,287.32,1.59,N,VIIRS_NOAA21_NRT
17.60034,83.19914,304.38,0.5,0.66,2026-09-03,2049,N21,VIIRS,n,2.0NRT,287.1,2.14,N,VIIRS_NOAA21_NRT
15.18609,76.65908,306.28,0.42,0.45,2026-09-03,2049,N21,VIIRS,n,2.0NRT,290.85,1.64,N,VIIRS_NOAA21_NRT
23.61539,86.79142,302.16,0.63,0.72,2026-09-03,2049,N21,VIIRS,n,2.0NRT,282.7,1.86,N,VIIRS_NOAA21_NRT
23.61643,86.78899,302.57,0.63,0.72,2026-09-03,2049,N21,VIIRS,n,2.0NRT,282.4,1.6,N,VIIRS_NOAA21_NRT
23.68988,87.121,303.36,0.66,0.73,2026-09-03,2049,N21,VIIRS,n,2.0NRT,280.95,6.27,N,VIIRS_NOAA21_NRT
23.69308,87.10843,301.74,0.66,0.73,2026-09-03,2049,N21,VIIRS,n,2.0NRT,280.99,6.47,N,VIIRS_NOAA21_NRT
11.10315,77.76294,306.76,0.58,0.52,2026-09-03,2051,N21,VIIRS,n,2.0NRT,289.5,0.94,N,VIIRS_NOAA21_NRT
9.73405,77.55091,312.29,0.59,0.53,2026-09-03,2051,N21,VIIRS,n,2.0NRT,291.43,2.6,N,VIIRS_NOAA21_NRT
9.5471,77.52013,308.51,0.59,0.53,2026-09-03,2051,N21,VIIRS,n,2.0NRT,288.67,2.79,N,VIIRS_NOAA21_NRT
15.18064,76.66591,324.76,0.42,0.45,2026-09-03,2049,N21,VIIRS,n,2.0NRT,290.71,2.2,N,VIIRS_NOAA21_NRT
25.94356,72.19094,331.2,0.4,0.37,2026-09-03,2049,N21,VIIRS,n,2.0NRT,296.13,3.76,N,VIIRS_NOAA21_NRT
23.80544,86.33025,301.68,0.58,0.7,2026-09-03,2049,N21,VIIRS,n,2.0NRT,268.95,2.41,N,VIIRS_NOAA21_NRT
23.79371,86.35073,297.17,0.59,0.7,2026-09-03,2049,N21,VIIRS,n,2.0NRT,265.22,1.06,N,VIIRS_NOAA21_NRT
23.78815,85.55396,298.36,0.52,0.67,2026-09-03,2049,N21,VIIRS,n,2.0NRT,276.08,1.97,N,VIIRS_NOAA21_NRT
23.76123,86.40075,303.17,0.59,0.7,2026-09-03,2049,N21,VIIRS,n,2.0NRT,271.55,2.55,N,VIIRS_NOAA21_NRT
23.74199,85.00803,304.62,0.49,0.65,2026-09-03,2049,N21,VIIRS,n,2.0NRT,284.62,1.42,N,VIIRS_NOAA21_NRT
23.741,85.00602,300.73,0.49,0.65,2026-09-03,2049,N21,VIIRS,n,2.0NRT,284.48,1.68,N,VIIRS_NOAA21_NRT
23.70964,86.44592,302.83,0.6,0.7,2026-09-03,2049,N21,VIIRS,n,2.0NRT,276.64,2.9,N,VIIRS_NOAA21_NRT
24.69003,73.00208,312.72,0.38,0.36,2026-09-03,2049,N21,VIIRS,n,2.0NRT,293.86,1.68,N,VIIRS_NOAA21_NRT
22.39963,69.01791,305.54,0.48,0.4,2026-09-03,2046,N21,VIIRS,n,2.0NRT,293.77,3.18,N,VIIRS_NOAA21_NRT
15.17996,76.66974,305.7,0.42,0.45,2026-09-03,2049,N21,VIIRS,n,2.0NRT,290.04,2.2,N,VIIRS_NOAA21_NRT
15.17859,76.65359,305.26,0.42,0.45,2026-09-03,2049,N21,VIIRS,n,2.0NRT,289.91,1.04,N,VIIRS_NOAA21_NRT
27.28808,73.84085,313.3,0.38,0.36,2026-09-03,2046,N21,VIIRS,n,2.0NRT,296.34,0.68,N,VIIRS_NOAA21_NRT
26.87844,73.5161,307.83,0.39,0.36,2026-09-03,2046,N21,VIIRS,n,2.0NRT,295.38,2.37,N,VIIRS_NOAA21_NRT
26.87514,73.51547,309.26,0.39,0.36,2026-09-03,2046,N21,VIIRS,n,2.0NRT,295.3,2.07,N,VIIRS_NOAA21_NRT
26.60381,73.68258,305.3,0.38,0.36,2026-09-03,2046,N21,VIIRS,n,2.0NRT,289.46,0.86,N,VIIRS_NOAA21_NRT
23.31438,70.48576,309.94,0.43,0.38,2026-09-03,2046,N21,VIIRS,n,2.0NRT,294.84,1.63,N,VIIRS_NOAA21_NRT
23.30852,71.92302,302.05,0.39,0.36,2026-09-03,2046,N21,VIIRS,n,2.0NRT,283.2,0.58,N,VIIRS_NOAA21_NRT
23.30512,70.47572,306.69,0.43,0.38,2026-09-03,2046,N21,VIIRS,n,2.0NRT,294.57,1.37,N,VIIRS_NOAA21_NRT
23.1201,70.08562,326.09,0.44,0.38,2026-09-03,2046,N21,VIIRS,n,2.0NRT,294.36,4.11,N,VIIRS_NOAA21_NRT
23.11955,70.08704,324.6,0.44,0.38,2026-09-03,2046,N21,VIIRS,n,2.0NRT,294.09,3.51,N,VIIRS_NOAA21_NRT
22.96819,72.55517,307.07,0.39,0.36,2026-09-03,2046,N21,VIIRS,n,2.0NRT,293.79,0.4,N,VIIRS_NOAA21_NRT
22.93496,69.69643,307.76,0.46,0.39,2026-09-03,2046,N21,VIIRS,n,2.0NRT,293.57,2.03,N,VIIRS_NOAA21_NRT
22.93436,69.70084,309.93,0.46,0.39,2026-09-03,2046,N21,VIIRS,n,2.0NRT,293.97,2.03,N,VIIRS_NOAA21_NRT
22.93139,69.69586,308.31,0.46,0.39,2026-09-03,2046,N21,VIIRS,n,2.0NRT,293.95,3.15,N,VIIRS_NOAA21_NRT
22.92464,69.82479,305.3,0.45,0.39,2026-09-03,2046,N21,VIIRS,n,2.0NRT,294.49,2.91,N,VIIRS_NOAA21_NRT
29.47605,76.85793,329.76,0.41,0.37,2026-09-03,2046,N21,VIIRS,n,2.0NRT,293.88,4.09,N,VIIRS_NOAA21_NRT
15.17791,76.65741,326.69,0.42,0.45,2026-09-03,2049,N21,VIIRS,n,2.0NRT,290.55,1.81,N,VIIRS_NOAA21_NRT
15.17699,77.10145,303.07,0.44,0.46,2026-09-03,2049,N21,VIIRS,n,2.0NRT,283.13,1.21,N,VIIRS_NOAA21_NRT
15.17451,76.67654,305.63,0.42,0.45,2026-09-03,2049,N21,VIIRS,n,2.0NRT,289.91,1.13,N,VIIRS_NOAA21_NRT
15.1745,76.65276,305.33,0.42,0.45,2026-09-03,2049,N21,VIIRS,n,2.0NRT,289.85,1.04,N,VIIRS_NOAA21_NRT
15.17382,76.65658,306.57,0.42,0.45,2026-09-03,2049,N21,VIIRS,n,2.0NRT,290.34,1.81,N,VIIRS_NOAA21_NRT
15.17314,76.6604,303.5,0.42,0.45,2026-09-03,2049,N21,VIIRS,n,2.0NRT,289.81,1.81,N,VIIRS_NOAA21_NRT
15.17179,76.69175,307.81,0.42,0.45,2026-09-03,2049,N21,VIIRS,n,2.0NRT,289.5,1.18,N,VIIRS_NOAA21_NRT
15.1786,76.6774,304.63,0.42,0.45,2026-09-03,2049,N21,VIIRS,n,2.0NRT,290.54,2.62,N,VIIRS_NOAA21_NRT
15.1614,76.37529,298.67,0.4,0.44,2026-09-03,2049,N21,VIIRS,n,2.0NRT,282.96,0.52,N,VIIRS_NOAA21_NRT
15.02284,78.01471,303.58,0.51,0.49,2026-09-03,2049,N21,VIIRS,n,2.0NRT,285.32,1.34,N,VIIRS_NOAA21_NRT
14.87435,78.05117,321.22,0.52,0.5,2026-09-03,2049,N21,VIIRS,n,2.0NRT,288.81,2.81,N,VIIRS_NOAA21_NRT
13.89939,76.5644,304.03,0.43,0.46,2026-09-03,2049,N21,VIIRS,n,2.0NRT,287.4,1.15,N,VIIRS_NOAA21_NRT
15.07199,76.86526,301.83,0.43,0.46,2026-09-03,2049,N21,VIIRS,n,2.0NRT,281.27,1.11,N,VIIRS_NOAA21_NRT
22.92924,70.1059,335.84,0.43,0.38,2026-09-03,820,N21,VIIRS,l,2.0NRT,303.18,8.52,D,VIIRS_NOAA21_NRT
17.61118,83.20664,307.79,0.5,0.66,2026-09-03,2049,N21,VIIRS,n,2.0NRT,287.11,1.76,N,VIIRS_NOAA21_NRT
21.16552,72.67063,343.59,0.38,0.36,2026-09-03,820,N21,VIIRS,n,2.0NRT,300.03,5.56,D,VIIRS_NOAA21_NRT
22.92853,70.10656,332.86,0.43,0.38,2026-09-03,820,N21,VIIRS,l,2.0NRT,302.73,7.14,D,VIIRS_NOAA21_NRT
8.62075,77.77719,348.05,0.41,0.37,2026-09-03,816,N21,VIIRS,n,2.0NRT,312.84,31.99,D,VIIRS_NOAA21_NRT
10.74984,78.97149,332.9,0.48,0.4,2026-09-03,816,N21,VIIRS,n,2.0NRT,295.07,3.0,D,VIIRS_NOAA21_NRT
10.67869,78.942,335.66,0.48,0.4,2026-09-03,816,N21,VIIRS,n,2.0NRT,296.53,7.36,D,VIIRS_NOAA21_NRT
10.23588,79.19627,338.92,0.49,0.4,2026-09-03,816,N21,VIIRS,n,2.0NRT,303.12,9.69,D,VIIRS_NOAA21_NRT
10.11921,77.66613,342.56,0.42,0.37,2026-09-03,816,N21,VIIRS,n,2.0NRT,308.33,8.07,D,VIIRS_NOAA21_NRT
10.11183,77.66344,343.37,0.42,0.37,2026-09-03,816,N21,VIIRS,n,2.0NRT,308.57,6.72,D,VIIRS_NOAA21_NRT
10.11128,77.65968,349.06,0.42,0.37,2026-09-03,816,N21,VIIRS,n,2.0NRT,306.96,6.72,D,VIIRS_NOAA21_NRT
9.99129,78.08318,338.8,0.43,0.38,2026-09-03,816,N21,VIIRS,n,2.0NRT,304.35,6.7,D,VIIRS_NOAA21_NRT
9.97086,78.1619,338.94,0.43,0.38,2026-09-03,816,N21,VIIRS,n,2.0NRT,305.27,10.42,D,VIIRS_NOAA21_NRT
9.96184,78.0757,340.11,0.43,0.38,2026-09-03,816,N21,VIIRS,n,2.0NRT,306.26,4.62,D,VIIRS_NOAA21_NRT
9.96128,78.07182,336.64,0.43,0.38,2026-09-03,816,N21,VIIRS,n,2.0NRT,304.12,4.62,D,VIIRS_NOAA21_NRT
9.85865,78.18647,337.09,0.43,0.38,2026-09-03,816,N21,VIIRS,n,2.0NRT,302.06,9.4,D,VIIRS_NOAA21_NRT
9.73456,77.55122,337.71,0.41,0.37,2026-09-03,816,N21,VIIRS,n,2.0NRT,305.79,6.46,D,VIIRS_NOAA21_NRT
10.78625,77.79347,343.36,0.43,0.38,2026-09-03,816,N21,VIIRS,n,2.0NRT,305.5,9.5,D,VIIRS_NOAA21_NRT
10.82759,77.76785,337.1,0.42,0.38,2026-09-03,816,N21,VIIRS,n,2.0NRT,300.51,2.88,D,VIIRS_NOAA21_NRT
10.84841,78.50124,347.91,0.46,0.39,2026-09-03,816,N21,VIIRS,n,2.0NRT,299.73,10.66,D,VIIRS_NOAA21_NRT
11.00386,79.25903,335.16,0.5,0.41,2026-09-03,816,N21,VIIRS,n,2.0NRT,300.72,2.95,D,VIIRS_NOAA21_NRT
21.1085,72.63512,338.53,0.39,0.36,2026-09-03,820,N21,VIIRS,n,2.0NRT,301.34,6.92,D,VIIRS_NOAA21_NRT
21.10691,72.6467,353.0,0.39,0.36,2026-09-03,820,N21,VIIRS,n,2.0NRT,303.51,9.19,D,VIIRS_NOAA21_NRT
21.10363,72.64727,341.64,0.39,0.36,2026-09-03,820,N21,VIIRS,n,2.0NRT,302.04,9.19,D,VIIRS_NOAA21_NRT
21.10192,72.63627,339.66,0.39,0.36,2026-09-03,820,N21,VIIRS,n,2.0NRT,300.92,9.64,D,VIIRS_NOAA21_NRT
19.41619,74.73562,335.63,0.4,0.37,2026-09-03,820,N21,VIIRS,n,2.0NRT,295.77,4.98,D,VIIRS_NOAA21_NRT
18.65981,74.60452,333.35,0.39,0.36,2026-09-03,818,N21,VIIRS,l,2.0NRT,303.89,2.45,D,VIIRS_NOAA21_NRT
9.40985,78.81035,339.93,0.46,0.39,2026-09-03,816,N21,VIIRS,n,2.0NRT,299.81,5.62,D,VIIRS_NOAA21_NRT
18.5062,74.34609,343.88,0.39,0.36,2026-09-03,818,N21,VIIRS,n,2.0NRT,303.18,5.6,D,VIIRS_NOAA21_NRT
14.78736,79.80198,330.46,0.4,0.44,2026-09-03,818,N21,VIIRS,n,2.0NRT,289.61,3.45,D,VIIRS_NOAA21_NRT
13.943,76.36328,332.79,0.4,0.37,2026-09-03,818,N21,VIIRS,n,2.0NRT,295.38,3.33,D,VIIRS_NOAA21_NRT
13.24685,76.39126,339.05,0.4,0.37,2026-09-03,818,N21,VIIRS,n,2.0NRT,287.26,5.27,D,VIIRS_NOAA21_NRT
11.50959,79.52499,333.9,0.52,0.42,2026-09-03,816,N21,VIIRS,n,2.0NRT,290.66,5.71,D,VIIRS_NOAA21_NRT
11.45467,77.59742,332.46,0.42,0.38,2026-09-03,816,N21,VIIRS,n,2.0NRT,294.74,2.43,D,VIIRS_NOAA21_NRT
11.39026,78.14157,341.79,0.44,0.39,2026-09-03,816,N21,VIIRS,n,2.0NRT,296.62,3.98,D,VIIRS_NOAA21_NRT
11.18612,79.70135,330.95,0.53,0.42,2026-09-03,816,N21,VIIRS,n,2.0NRT,299.27,5.73,D,VIIRS_NOAA21_NRT
18.24572,75.4022,336.99,0.4,0.37,2026-09-03,818,N21,VIIRS,n,2.0NRT,294.85,4.06,D,VIIRS_NOAA21_NRT
16.46553,79.58845,331.47,0.41,0.45,2026-09-03,818,N21,VIIRS,n,2.0NRT,292.36,2.66,D,VIIRS_NOAA21_NRT
26.5233,90.5319,340.13,0.44,0.46,2026-09-03,640,N21,VIIRS,n,2.0NRT,291.91,5.37,D,VIIRS_NOAA21_NRT
27.98609,95.93691,333.62,0.39,0.36,2026-09-03,640,N21,VIIRS,n,2.0NRT,298.61,8.26,D,VIIRS_NOAA21_NRT
27.32438,95.27836,330.51,0.4,0.37,2026-09-03,640,N21,VIIRS,n,2.0NRT,294.53,2.0,D,VIIRS_NOAA21_NRT
9.21627,78.64738,335.65,0.45,0.39,2026-09-03,816,N21,VIIRS,n,2.0NRT,302.15,11.12,D,VIIRS_NOAA21_NRT
8.81242,78.05347,342.91,0.42,0.38,2026-09-03,816,N21,VIIRS,n,2.0NRT,305.82,8.02,D,VIIRS_NOAA21_NRT
9.38139,78.7643,336.4,0.45,0.39,2026-09-03,816,N21,VIIRS,n,2.0NRT,299.81,4.09,D,VIIRS_NOAA21_NRT
9.25096,77.98447,343.73,0.42,0.38,2026-09-03,816,N21,VIIRS,n,2.0NRT,303.2,48.71,D,VIIRS_NOAA21_NRT
8.99674,78.11518,340.06,0.42,0.38,2026-09-03,816,N21,VIIRS,n,2.0NRT,305.42,5.51,D,VIIRS_NOAA21_NRT
8.9933,78.1157,337.51,0.42,0.38,2026-09-03,816,N21,VIIRS,n,2.0NRT,304.75,5.51,D,VIIRS_NOAA21_NRT
8.86602,78.08418,348.47,0.42,0.38,2026-09-03,816,N21,VIIRS,n,2.0NRT,306.22,13.83,D,VIIRS_NOAA21_NRT
8.83873,77.68748,339.97,0.41,0.37,2026-09-03,816,N21,VIIRS,n,2.0NRT,309.13,7.33,D,VIIRS_NOAA21_NRT
8.94545,77.81496,344.36,0.41,0.37,2026-09-03,816,N21,VIIRS,n,2.0NRT,308.85,17.83,D,VIIRS_NOAA21_NRT
23.6727,86.11592,307.65,0.52,0.41,2026-09-04,1945,N20,VIIRS,n,2.0NRT,289.63,1.43,N,VIIRS_NOAA20_NRT
23.68725,86.39246,298.55,0.5,0.41,2026-09-04,1945,N20,VIIRS,n,2.0NRT,280.08,0.85,N,VIIRS_NOAA20_NRT
23.68351,86.09167,308.79,0.52,0.42,2026-09-04,1945,N20,VIIRS,n,2.0NRT,289.58,1.78,N,VIIRS_NOAA20_NRT
23.68287,86.09675,314.7,0.52,0.41,2026-09-04,1945,N20,VIIRS,n,2.0NRT,289.87,2.29,N,VIIRS_NOAA20_NRT
23.67757,86.0834,312.11,0.52,0.42,2026-09-04,1945,N20,VIIRS,n,2.0NRT,290.05,2.98,N,VIIRS_NOAA20_NRT
23.67913,86.39618,305.87,0.5,0.41,2026-09-04,1945,N20,VIIRS,n,2.0NRT,285.63,2.46,N,VIIRS_NOAA20_NRT
23.6769,86.08849,329.24,0.52,0.41,2026-09-04,1945,N20,VIIRS,n,2.0NRT,289.77,3.8,N,VIIRS_NOAA20_NRT
23.67653,86.08544,332.99,0.52,0.42,2026-09-04,1945,N20,VIIRS,n,2.0NRT,290.38,5.49,N,VIIRS_NOAA20_NRT
23.67355,86.11382,306.79,0.52,0.41,2026-09-04,1945,N20,VIIRS,n,2.0NRT,289.38,1.2,N,VIIRS_NOAA20_NRT
23.6797,86.09111,306.36,0.52,0.42,2026-09-04,1945,N20,VIIRS,n,2.0NRT,289.81,1.78,N,VIIRS_NOAA20_NRT
23.70133,86.07359,325.08,0.52,0.42,2026-09-04,1945,N20,VIIRS,n,2.0NRT,289.49,3.04,N,VIIRS_NOAA20_NRT
23.77746,85.9965,303.75,0.53,0.42,2026-09-04,1945,N20,VIIRS,n,2.0NRT,288.25,0.87,N,VIIRS_NOAA20_NRT
23.74095,85.01152,301.76,0.4,0.44,2026-09-04,1945,N20,VIIRS,n,2.0NRT,286.04,1.02,N,VIIRS_NOAA20_NRT
23.75638,85.85539,315.1,0.54,0.42,2026-09-04,1945,N20,VIIRS,n,2.0NRT,290.88,1.81,N,VIIRS_NOAA20_NRT
23.75705,85.85013,306.07,0.54,0.42,2026-09-04,1945,N20,VIIRS,n,2.0NRT,289.81,1.55,N,VIIRS_NOAA20_NRT
23.76024,85.85598,305.19,0.54,0.42,2026-09-04,1945,N20,VIIRS,n,2.0NRT,290.07,1.81,N,VIIRS_NOAA20_NRT
23.79674,86.35042,316.46,0.51,0.41,2026-09-04,1945,N20,VIIRS,n,2.0NRT,288.69,3.37,N,VIIRS_NOAA20_NRT
23.80306,86.33125,321.78,0.51,0.41,2026-09-04,1945,N20,VIIRS,n,2.0NRT,288.12,5.45,N,VIIRS_NOAA20_NRT
23.82189,85.4938,302.75,0.56,0.43,2026-09-04,1945,N20,VIIRS,n,2.0NRT,289.53,3.0,N,VIIRS_NOAA20_NRT
23.82713,84.57284,305.57,0.42,0.45,2026-09-04,1945,N20,VIIRS,n,2.0NRT,288.62,1.64,N,VIIRS_NOAA20_NRT
23.66861,86.09241,304.6,0.52,0.41,2026-09-04,1945,N20,VIIRS,n,2.0NRT,289.39,1.1,N,VIIRS_NOAA20_NRT
9.80491,77.56216,312.16,0.4,0.6,2026-09-04,1947,N20,VIIRS,n,2.0NRT,289.0,0.97,N,VIIRS_NOAA20_NRT
23.71379,86.45164,302.36,0.5,0.41,2026-09-04,1945,N20,VIIRS,n,2.0NRT,281.46,1.5,N,VIIRS_NOAA20_NRT
23.66828,86.08938,304.82,0.52,0.42,2026-09-04,1945,N20,VIIRS,n,2.0NRT,289.58,0.7,N,VIIRS_NOAA20_NRT
22.22502,84.75196,306.08,0.39,0.44,2026-09-04,1945,N20,VIIRS,n,2.0NRT,290.33,0.79,N,VIIRS_NOAA20_NRT
23.63086,86.29086,304.85,0.51,0.41,2026-09-04,1945,N20,VIIRS,n,2.0NRT,288.46,1.98,N,VIIRS_NOAA20_NRT
10.12954,77.52656,311.78,0.4,0.6,2026-09-04,1947,N20,VIIRS,n,2.0NRT,287.65,1.47,N,VIIRS_NOAA20_NRT
21.9245,85.22453,309.84,0.55,0.43,2026-09-04,1945,N20,VIIRS,n,2.0NRT,290.6,2.47,N,VIIRS_NOAA20_NRT
21.98605,83.23032,306.78,0.49,0.48,2026-09-04,1945,N20,VIIRS,n,2.0NRT,288.47,1.53,N,VIIRS_NOAA20_NRT
21.98718,82.01293,302.84,0.58,0.52,2026-09-04,1945,N20,VIIRS,n,2.0NRT,287.69,1.66,N,VIIRS_NOAA20_NRT
22.00649,82.67026,310.55,0.53,0.5,2026-09-04,1945,N20,VIIRS,n,2.0NRT,289.28,1.58,N,VIIRS_NOAA20_NRT
22.05358,85.46653,303.4,0.54,0.42,2026-09-04,1945,N20,VIIRS,n,2.0NRT,289.87,0.57,N,VIIRS_NOAA20_NRT
22.20486,84.84573,311.23,0.39,0.44,2026-09-04,1945,N20,VIIRS,n,2.0NRT,290.26,1.05,N,VIIRS_NOAA20_NRT
22.20825,84.86081,307.17,0.39,0.44,2026-09-04,1945,N20,VIIRS,n,2.0NRT,290.62,1.72,N,VIIRS_NOAA20_NRT
22.20911,84.5486,304.1,0.41,0.45,2026-09-04,1945,N20,VIIRS,n,2.0NRT,290.19,1.0,N,VIIRS_NOAA20_NRT
22.21096,84.862,323.3,0.39,0.44,2026-09-04,1945,N20,VIIRS,n,2.0NRT,290.84,2.77,N,VIIRS_NOAA20_NRT
22.21227,84.86139,322.69,0.39,0.44,2026-09-04,1945,N20,VIIRS,n,2.0NRT,290.81,1.72,N,VIIRS_NOAA20_NRT
22.21387,84.83931,303.66,0.39,0.44,2026-09-04,1945,N20,VIIRS,n,2.0NRT,290.17,0.71,N,VIIRS_NOAA20_NRT
22.22404,84.75963,304.25,0.39,0.44,2026-09-04,1945,N20,VIIRS,n,2.0NRT,290.23,1.29,N,VIIRS_NOAA20_NRT
23.66457,87.15292,306.12,0.46,0.39,2026-09-04,1945,N20,VIIRS,n,2.0NRT,285.22,1.98,N,VIIRS_NOAA20_NRT
22.2256,84.75111,306.1,0.39,0.44,2026-09-04,1945,N20,VIIRS,n,2.0NRT,290.53,0.84,N,VIIRS_NOAA20_NRT
22.32217,82.59026,309.99,0.54,0.51,2026-09-04,1945,N20,VIIRS,n,2.0NRT,288.49,1.83,N,VIIRS_NOAA20_NRT
22.32974,82.60709,313.55,0.54,0.51,2026-09-04,1945,N20,VIIRS,n,2.0NRT,288.71,1.69,N,VIIRS_NOAA20_NRT
22.35858,82.30212,306.68,0.56,0.52,2026-09-04,1945,N20,VIIRS,n,2.0NRT,288.32,1.72,N,VIIRS_NOAA20_NRT
22.78679,86.19888,302.33,0.5,0.41,2026-09-04,1945,N20,VIIRS,n,2.0NRT,285.6,1.55,N,VIIRS_NOAA20_NRT
22.78821,86.19647,300.73,0.5,0.41,2026-09-04,1945,N20,VIIRS,n,2.0NRT,284.59,1.52,N,VIIRS_NOAA20_NRT
22.79053,86.19944,301.18,0.5,0.41,2026-09-04,1945,N20,VIIRS,n,2.0NRT,286.04,1.55,N,VIIRS_NOAA20_NRT
22.79119,86.19455,301.64,0.5,0.41,2026-09-04,1945,N20,VIIRS,n,2.0NRT,284.17,1.28,N,VIIRS_NOAA20_NRT
22.79195,86.19707,302.5,0.5,0.41,2026-09-04,1945,N20,VIIRS,n,2.0NRT,283.82,1.52,N,VIIRS_NOAA20_NRT
22.7957,86.19765,309.13,0.5,0.41,2026-09-04,1945,N20,VIIRS,n,2.0NRT,282.16,2.39,N,VIIRS_NOAA20_NRT
22.79802,86.20056,307.02,0.5,0.41,2026-09-04,1945,N20,VIIRS,n,2.0NRT,283.16,2.58,N,VIIRS_NOAA20_NRT
23.58349,86.72443,310.74,0.48,0.4,2026-09-04,1945,N20,VIIRS,n,2.0NRT,289.96,3.5,N,VIIRS_NOAA20_NRT
23.61143,85.67391,299.32,0.55,0.42,2026-09-04,1945,N20,VIIRS,n,2.0NRT,285.78,0.67,N,VIIRS_NOAA20_NRT
23.6271,86.29028,316.74,0.51,0.41,2026-09-04,1945,N20,VIIRS,n,2.0NRT,287.85,2.62,N,VIIRS_NOAA20_NRT
22.3204,82.56351,312.32,0.54,0.51,2026-09-04,1945,N20,VIIRS,n,2.0NRT,288.91,2.95,N,VIIRS_NOAA20_NRT
13.7129,79.61954,305.32,0.33,0.55,2026-09-04,1947,N20,VIIRS,n,2.0NRT,289.35,1.35,N,VIIRS_NOAA20_NRT
15.13655,76.70815,302.65,0.53,0.67,2026-09-04,1947,N20,VIIRS,n,2.0NRT,289.77,1.34,N,VIIRS_NOAA20_NRT
31.25797,76.92616,299.97,0.32,0.55,2026-09-04,2123,N20,VIIRS,n,2.0NRT,287.19,1.0,N,VIIRS_NOAA20_NRT
31.25863,76.92339,299.65,0.32,0.55,2026-09-04,2123,N20,VIIRS,n,2.0NRT,286.47,0.74,N,VIIRS_NOAA20_NRT
21.80338,83.88976,304.01,0.44,0.46,2026-09-04,1945,N20,VIIRS,n,2.0NRT,285.71,3.25,N,VIIRS_NOAA20_NRT
15.07322,76.86325,302.44,0.72,0.76,2026-09-04,2125,N20,VIIRS,n,2.0NRT,288.4,1.44,N,VIIRS_NOAA20_NRT
15.07344,76.86353,302.69,0.72,0.76,2026-09-04,2125,N20,VIIRS,n,2.0NRT,288.8,1.65,N,VIIRS_NOAA20_NRT
15.13675,76.70895,301.39,0.7,0.75,2026-09-04,2125,N20,VIIRS,n,2.0NRT,287.8,1.44,N,VIIRS_NOAA20_NRT
15.17627,76.65868,301.35,0.7,0.75,2026-09-04,2125,N20,VIIRS,n,2.0NRT,287.48,2.5,N,VIIRS_NOAA20_NRT
15.17767,76.65236,304.58,0.7,0.75,2026-09-04,2125,N20,VIIRS,n,2.0NRT,287.09,2.23,N,VIIRS_NOAA20_NRT
15.17813,77.10228,303.75,0.74,0.76,2026-09-04,2125,N20,VIIRS,n,2.0NRT,287.15,2.86,N,VIIRS_NOAA20_NRT
15.17927,76.65517,309.6,0.69,0.75,2026-09-04,2125,N20,VIIRS,n,2.0NRT,287.34,4.31,N,VIIRS_NOAA20_NRT
15.18014,76.6731,303.04,0.7,0.75,2026-09-04,2125,N20,VIIRS,n,2.0NRT,287.38,3.38,N,VIIRS_NOAA20_NRT
15.18306,76.66953,303.1,0.7,0.75,2026-09-04,2125,N20,VIIRS,n,2.0NRT,287.56,3.27,N,VIIRS_NOAA20_NRT
18.68169,73.03407,301.62,0.34,0.56,2026-09-04,2125,N20,VIIRS,n,2.0NRT,290.29,1.48,N,VIIRS_NOAA20_NRT
18.6861,73.0384,301.8,0.34,0.56,2026-09-04,2125,N20,VIIRS,n,2.0NRT,290.11,0.96,N,VIIRS_NOAA20_NRT
18.68741,73.03207,306.38,0.34,0.56,2026-09-04,2125,N20,VIIRS,n,2.0NRT,290.44,2.08,N,VIIRS_NOAA20_NRT
18.69118,73.03957,303.11,0.34,0.56,2026-09-04,2125,N20,VIIRS,n,2.0NRT,289.73,0.96,N,VIIRS_NOAA20_NRT
19.02186,72.89457,332.93,0.33,0.55,2026-09-04,2125,N20,VIIRS,n,2.0NRT,290.4,4.03,N,VIIRS_NOAA20_NRT
19.02249,72.89153,334.0,0.33,0.55,2026-09-04,2125,N20,VIIRS,n,2.0NRT,290.05,3.86,N,VIIRS_NOAA20_NRT
20.91111,71.4613,304.79,0.49,0.49,2026-09-04,2125,N20,VIIRS,n,2.0NRT,291.61,1.05,N,VIIRS_NOAA20_NRT
22.93045,70.10779,305.4,0.56,0.43,2026-09-04,2125,N20,VIIRS,n,2.0NRT,293.7,3.36,N,VIIRS_NOAA20_NRT
22.93466,69.69984,313.25,0.54,0.42,2026-09-04,2125,N20,VIIRS,n,2.0NRT,294.09,3.11,N,VIIRS_NOAA20_NRT
23.12135,70.08555,317.95,0.56,0.43,2026-09-04,2125,N20,VIIRS,n,2.0NRT,293.71,3.21,N,VIIRS_NOAA20_NRT
23.12136,70.08435,318.21,0.56,0.43,2026-09-04,2125,N20,VIIRS,n,2.0NRT,293.79,2.74,N,VIIRS_NOAA20_NRT
23.30543,70.47614,304.73,0.39,0.44,2026-09-04,2125,N20,VIIRS,n,2.0NRT,293.76,0.81,N,VIIRS_NOAA20_NRT
23.31587,70.48626,307.31,0.39,0.44,2026-09-04,2125,N20,VIIRS,n,2.0NRT,293.87,0.85,N,VIIRS_NOAA20_NRT
11.19646,79.05567,300.86,0.33,0.55,2026-09-04,1949,N20,VIIRS,n,2.0NRT,286.76,1.55,N,VIIRS_NOAA20_NRT
11.17693,79.08677,307.96,0.33,0.55,2026-09-04,1949,N20,VIIRS,n,2.0NRT,288.59,2.11,N,VIIRS_NOAA20_NRT
15.16905,76.37527,300.28,0.56,0.69,2026-09-04,1947,N20,VIIRS,n,2.0NRT,287.84,1.53,N,VIIRS_NOAA20_NRT
15.17254,76.37836,300.32,0.56,0.69,2026-09-04,1947,N20,VIIRS,n,2.0NRT,287.79,2.1,N,VIIRS_NOAA20_NRT
15.17453,77.09926,303.72,0.5,0.66,2026-09-04,1947,N20,VIIRS,n,2.0NRT,286.09,0.74,N,VIIRS_NOAA20_NRT
15.17644,76.67462,307.18,0.54,0.68,2026-09-04,1947,N20,VIIRS,n,2.0NRT,289.89,1.85,N,VIIRS_NOAA20_NRT
15.17856,76.65443,308.14,0.54,0.68,2026-09-04,1947,N20,VIIRS,n,2.0NRT,290.38,2.77,N,VIIRS_NOAA20_NRT
15.18269,76.67524,311.05,0.54,0.68,2026-09-04,1947,N20,VIIRS,n,2.0NRT,290.06,1.85,N,VIIRS_NOAA20_NRT
15.18323,76.6702,308.2,0.54,0.68,2026-09-04,1947,N20,VIIRS,n,2.0NRT,289.93,1.85,N,VIIRS_NOAA20_NRT
15.18375,76.66516,317.98,0.54,0.68,2026-09-04,1947,N20,VIIRS,n,2.0NRT,290.41,4.16,N,VIIRS_NOAA20_NRT
15.52532,79.6533,307.48,0.34,0.56,2026-09-04,1947,N20,VIIRS,n,2.0NRT,289.95,1.91,N,VIIRS_NOAA20_NRT
15.54836,79.64817,316.16,0.34,0.56,2026-09-04,1947,N20,VIIRS,n,2.0NRT,290.33,4.15,N,VIIRS_NOAA20_NRT
15.54873,79.64497,326.96,0.34,0.56,2026-09-04,1947,N20,VIIRS,n,2.0NRT,289.97,4.15,N,VIIRS_NOAA20_NRT
15.55236,79.64706,354.8,0.34,0.56,2026-09-04,1947,N20,VIIRS,n,2.0NRT,291.67,14.79,N,VIIRS_NOAA20_NRT
15.55275,79.64386,307.83,0.34,0.56,2026-09-04,1947,N20,VIIRS,n,2.0NRT,289.81,8.43,N,VIIRS_NOAA20_NRT
14.99631,76.8468,303.2,0.52,0.67,2026-09-04,1947,N20,VIIRS,n,2.0NRT,289.58,0.57,N,VIIRS_NOAA20_NRT
15.55355,79.64883,306.53,0.34,0.56,2026-09-04,1947,N20,VIIRS,n,2.0NRT,290.09,4.15,N,VIIRS_NOAA20_NRT
16.87441,80.02161,305.42,0.34,0.56,2026-09-04,1947,N20,VIIRS,n,2.0NRT,291.09,0.95,N,VIIRS_NOAA20_NRT
16.87649,80.11887,306.51,0.33,0.55,2026-09-04,1947,N20,VIIRS,n,2.0NRT,291.59,0.89,N,VIIRS_NOAA20_NRT
17.14758,78.22211,302.44,0.45,0.63,2026-09-04,1947,N20,VIIRS,n,2.0NRT,286.05,1.68,N,VIIRS_NOAA20_NRT
17.46647,80.65131,304.12,0.62,0.54,2026-09-04,1947,N20,VIIRS,n,2.0NRT,289.24,0.92,N,VIIRS_NOAA20_NRT
17.60224,83.1994,307.87,0.43,0.46,2026-09-04,1947,N20,VIIRS,n,2.0NRT,288.87,2.41,N,VIIRS_NOAA20_NRT
17.69568,83.24305,303.24,0.43,0.46,2026-09-04,1947,N20,VIIRS,n,2.0NRT,283.8,1.39,N,VIIRS_NOAA20_NRT
17.95862,80.79625,305.51,0.62,0.54,2026-09-04,1947,N20,VIIRS,n,2.0NRT,289.73,2.32,N,VIIRS_NOAA20_NRT
17.95983,80.79558,304.9,0.62,0.54,2026-09-04,1947,N20,VIIRS,n,2.0NRT,289.34,1.29,N,VIIRS_NOAA20_NRT
19.09347,82.17397,303.72,0.52,0.5,2026-09-04,1947,N20,VIIRS,n,2.0NRT,289.7,1.55,N,VIIRS_NOAA20_NRT
19.09895,82.16625,310.93,0.52,0.5,2026-09-04,1947,N20,VIIRS,n,2.0NRT,289.45,1.37,N,VIIRS_NOAA20_NRT
19.09925,82.16467,310.06,0.52,0.5,2026-09-04,1947,N20,VIIRS,n,2.0NRT,289.21,2.96,N,VIIRS_NOAA20_NRT
19.10354,82.16685,305.84,0.52,0.5,2026-09-04,1947,N20,VIIRS,n,2.0NRT,290.14,1.37,N,VIIRS_NOAA20_NRT
19.10384,82.16526,302.63,0.52,0.5,2026-09-04,1947,N20,VIIRS,n,2.0NRT,289.75,1.53,N,VIIRS_NOAA20_NRT
15.55391,79.64561,367.0,0.34,0.56,2026-09-04,1947,N20,VIIRS,h,2.0NRT,290.49,4.15,N,VIIRS_NOAA20_NRT
21.80177,85.56622,303.26,0.53,0.42,2026-09-04,1945,N20,VIIRS,n,2.0NRT,290.29,0.77,N,VIIRS_NOAA20_NRT
20.86416,84.99455,306.71,0.55,0.43,2026-09-04,1945,N20,VIIRS,n,2.0NRT,291.36,2.92,N,VIIRS_NOAA20_NRT
21.67433,82.0772,305.67,0.57,0.52,2026-09-04,1945,N20,VIIRS,n,2.0NRT,288.67,1.64,N,VIIRS_NOAA20_NRT
8.42327,77.67912,342.48,0.4,0.6,2026-09-04,852,N20,VIIRS,n,2.0NRT,292.17,3.6,D,VIIRS_NOAA20_NRT
8.53678,77.81892,339.01,0.41,0.61,2026-09-04,852,N20,VIIRS,n,2.0NRT,295.86,5.15,D,VIIRS_NOAA20_NRT
8.53726,77.82267,367.0,0.41,0.61,2026-09-04,852,N20,VIIRS,h,2.0NRT,296.22,5.15,D,VIIRS_NOAA20_NRT
8.73432,77.86235,336.58,0.42,0.61,2026-09-04,852,N20,VIIRS,n,2.0NRT,294.95,1.87,D,VIIRS_NOAA20_NRT
8.83588,77.99625,330.84,0.43,0.62,2026-09-04,852,N20,VIIRS,n,2.0NRT,295.53,2.09,D,VIIRS_NOAA20_NRT
8.84148,77.70094,352.84,0.41,0.6,2026-09-04,852,N20,VIIRS,n,2.0NRT,300.24,8.48,D,VIIRS_NOAA20_NRT
8.84704,77.70026,350.85,0.41,0.6,2026-09-04,852,N20,VIIRS,n,2.0NRT,299.87,10.59,D,VIIRS_NOAA20_NRT
9.227,77.50995,333.23,0.4,0.6,2026-09-04,852,N20,VIIRS,n,2.0NRT,295.71,5.08,D,VIIRS_NOAA20_NRT
9.32813,77.77109,344.38,0.42,0.61,2026-09-04,852,N20,VIIRS,n,2.0NRT,296.84,2.23,D,VIIRS_NOAA20_NRT
9.84708,78.08351,330.17,0.45,0.63,2026-09-04,852,N20,VIIRS,n,2.0NRT,295.5,2.27,D,VIIRS_NOAA20_NRT
13.90252,78.07291,330.71,0.5,0.66,2026-09-04,854,N20,VIIRS,n,2.0NRT,292.87,2.74,D,VIIRS_NOAA20_NRT
17.60935,82.68137,336.49,0.32,0.55,2026-09-04,714,N20,VIIRS,n,2.0NRT,292.41,4.0,D,VIIRS_NOAA20_NRT
20.88834,84.98114,329.15,0.4,0.44,2026-09-04,716,N20,VIIRS,n,2.0NRT,289.91,2.35,D,VIIRS_NOAA20_NRT
21.74705,83.8432,333.02,0.45,0.47,2026-09-04,716,N20,VIIRS,n,2.0NRT,290.19,7.19,D,VIIRS_NOAA20_NRT
23.69273,87.12243,331.45,0.43,0.38,2026-09-04,716,N20,VIIRS,l,2.0NRT,296.84,5.66,D,VIIRS_NOAA20_NRT
23.71243,86.45306,334.05,0.46,0.39,2026-09-04,716,N20,VIIRS,l,2.0NRT,295.19,6.0,D,VIIRS_NOAA20_NRT
22.92564,70.10651,330.89,0.4,0.44,2026-09-04,856,N20,VIIRS,l,2.0NRT,303.22,6.03,D,VIIRS_NOAA20_NRT
23.32104,68.85722,336.7,0.51,0.41,2026-09-04,858,N20,VIIRS,n,2.0NRT,299.01,9.54,D,VIIRS_NOAA20_NRT
20.96266,85.18659,326.48,0.54,0.42,2026-09-04,1945,N20,VIIRS,n,2.0NRT,291.44,5.54,N,VIIRS_NOAA20_NRT
20.96366,86.01239,313.49,0.49,0.4,2026-09-04,1945,N20,VIIRS,n,2.0NRT,291.22,2.1,N,VIIRS_NOAA20_NRT
20.96403,85.17625,307.09,0.54,0.42,2026-09-04,1945,N20,VIIRS,n,2.0NRT,291.54,2.3,N,VIIRS_NOAA20_NRT
20.9643,86.00772,330.58,0.49,0.4,2026-09-04,1945,N20,VIIRS,n,2.0NRT,291.99,3.71,N,VIIRS_NOAA20_NRT
20.96471,85.17104,316.58,0.54,0.42,2026-09-04,1945,N20,VIIRS,n,2.0NRT,291.65,2.3,N,VIIRS_NOAA20_NRT
20.9654,85.16582,312.97,0.54,0.42,2026-09-04,1945,N20,VIIRS,n,2.0NRT,291.2,2.21,N,VIIRS_NOAA20_NRT
20.96592,86.0509,311.63,0.49,0.4,2026-09-04,1945,N20,VIIRS,n,2.0NRT,291.46,2.15,N,VIIRS_NOAA20_NRT
20.96609,85.16059,309.4,0.54,0.42,2026-09-04,1945,N20,VIIRS,n,2.0NRT,290.98,2.21,N,VIIRS_NOAA20_NRT
20.96678,85.15539,305.04,0.54,0.42,2026-09-04,1945,N20,VIIRS,n,2.0NRT,290.62,1.76,N,VIIRS_NOAA20_NRT
20.96736,86.01295,308.0,0.49,0.4,2026-09-04,1945,N20,VIIRS,n,2.0NRT,291.76,2.65,N,VIIRS_NOAA20_NRT
20.96791,85.1768,322.99,0.54,0.42,2026-09-04,1945,N20,VIIRS,n,2.0NRT,291.23,2.3,N,VIIRS_NOAA20_NRT
20.9686,85.17159,315.88,0.54,0.42,2026-09-04,1945,N20,VIIRS,n,2.0NRT,291.21,2.3,N,VIIRS_NOAA20_NRT
20.97066,85.15594,308.38,0.54,0.42,2026-09-04,1945,N20,VIIRS,n,2.0NRT,290.93,1.76,N,VIIRS_NOAA20_NRT
20.97179,85.17737,313.35,0.54,0.42,2026-09-04,1945,N20,VIIRS,n,2.0NRT,291.08,2.26,N,VIIRS_NOAA20_NRT
20.97234,86.00415,319.52,0.49,0.4,2026-09-04,1945,N20,VIIRS,n,2.0NRT,292.37,3.98,N,VIIRS_NOAA20_NRT
20.97636,85.1727,312.88,0.54,0.42,2026-09-04,1945,N20,VIIRS,n,2.0NRT,290.97,2.26,N,VIIRS_NOAA20_NRT
20.97705,85.16749,307.31,0.54,0.42,2026-09-04,1945,N20,VIIRS,n,2.0NRT,290.62,1.92,N,VIIRS_NOAA20_NRT
20.97789,85.16972,317.03,0.54,0.42,2026-09-04,1945,N20,VIIRS,n,2.0NRT,290.96,2.91,N,VIIRS_NOAA20_NRT
21.00192,86.02525,307.05,0.49,0.4,2026-09-04,1945,N20,VIIRS,n,2.0NRT,291.38,1.34,N,VIIRS_NOAA20_NRT
21.07399,85.03953,310.03,0.55,0.43,2026-09-04,1945,N20,VIIRS,n,2.0NRT,291.36,1.72,N,VIIRS_NOAA20_NRT
21.07651,85.05077,304.98,0.55,0.43,2026-09-04,1945,N20,VIIRS,n,2.0NRT,291.01,1.64,N,VIIRS_NOAA20_NRT
21.07721,85.04541,308.77,0.55,0.43,2026-09-04,1945,N20,VIIRS,n,2.0NRT,291.34,1.64,N,VIIRS_NOAA20_NRT
21.0779,85.04008,307.91,0.55,0.43,2026-09-04,1945,N20,VIIRS,n,2.0NRT,291.62,1.72,N,VIIRS_NOAA20_NRT
21.07859,85.03478,308.23,0.55,0.43,2026-09-04,1945,N20,VIIRS,n,2.0NRT,292.05,1.72,N,VIIRS_NOAA20_NRT
21.19856,81.41629,304.65,0.62,0.54,2026-09-04,1945,N20,VIIRS,n,2.0NRT,284.76,2.49,N,VIIRS_NOAA20_NRT
21.31351,81.58866,300.4,0.61,0.53,2026-09-04,1945,N20,VIIRS,n,2.0NRT,286.7,2.88,N,VIIRS_NOAA20_NRT
21.48853,81.76635,306.61,0.59,0.53,2026-09-04,1945,N20,VIIRS,n,2.0NRT,288.09,1.58,N,VIIRS_NOAA20_NRT
20.95728,85.01494,305.05,0.55,0.43,2026-09-04,1945,N20,VIIRS,n,2.0NRT,290.78,2.65,N,VIIRS_NOAA20_NRT
20.95179,86.04398,324.77,0.49,0.4,2026-09-04,1945,N20,VIIRS,n,2.0NRT,291.43,4.11,N,VIIRS_NOAA20_NRT
20.95116,86.04861,332.74,0.49,0.4,2026-09-04,1945,N20,VIIRS,n,2.0NRT,292.2,5.36,N,VIIRS_NOAA20_NRT
20.94188,86.06137,306.31,0.49,0.4,2026-09-04,1945,N20,VIIRS,n,2.0NRT,291.96,1.95,N,VIIRS_NOAA20_NRT
25.80458,72.25359,333.21,0.58,0.52,2026-09-04,858,N20,VIIRS,n,2.0NRT,299.16,3.59,D,VIIRS_NOAA20_NRT
25.80554,72.25489,332.06,0.58,0.52,2026-09-04,858,N20,VIIRS,n,2.0NRT,299.27,2.74,D,VIIRS_NOAA20_NRT
29.90779,74.95393,334.59,0.48,0.64,2026-09-04,858,N20,VIIRS,n,2.0NRT,293.52,3.63,D,VIIRS_NOAA20_NRT
20.52115,85.7233,306.01,0.5,0.41,2026-09-04,1945,N20,VIIRS,n,2.0NRT,290.54,0.8,N,VIIRS_NOAA20_NRT
21.76627,85.57944,303.93,0.53,0.42,2026-09-04,1945,N20,VIIRS,n,2.0NRT,290.72,0.84,N,VIIRS_NOAA20_NRT
20.75939,85.29863,308.31,0.53,0.42,2026-09-04,1945,N20,VIIRS,n,2.0NRT,290.16,1.49,N,VIIRS_NOAA20_NRT
20.76198,85.29599,315.32,0.53,0.42,2026-09-04,1945,N20,VIIRS,n,2.0NRT,290.69,3.06,N,VIIRS_NOAA20_NRT
20.78581,85.26316,304.97,0.53,0.42,2026-09-04,1945,N20,VIIRS,n,2.0NRT,284.95,0.74,N,VIIRS_NOAA20_NRT
20.78966,85.26375,300.47,0.53,0.42,2026-09-04,1945,N20,VIIRS,n,2.0NRT,283.23,0.48,N,VIIRS_NOAA20_NRT
20.79032,85.25867,304.98,0.53,0.42,2026-09-04,1945,N20,VIIRS,n,2.0NRT,284.65,3.83,N,VIIRS_NOAA20_NRT
20.79482,85.25418,336.09,0.53,0.42,2026-09-04,1945,N20,VIIRS,n,2.0NRT,288.01,3.83,N,VIIRS_NOAA20_NRT
20.79802,85.25985,309.64,0.53,0.42,2026-09-04,1945,N20,VIIRS,n,2.0NRT,286.98,1.69,N,VIIRS_NOAA20_NRT
20.80639,85.25585,312.76,0.53,0.42,2026-09-04,1945,N20,VIIRS,n,2.0NRT,285.5,1.39,N,VIIRS_NOAA20_NRT
20.81025,85.25641,303.44,0.53,0.42,2026-09-04,1945,N20,VIIRS,n,2.0NRT,285.19,1.39,N,VIIRS_NOAA20_NRT
20.86484,84.98934,323.11,0.55,0.43,2026-09-04,1945,N20,VIIRS,n,2.0NRT,291.81,2.92,N,VIIRS_NOAA20_NRT
20.86552,84.9841,305.95,0.55,0.43,2026-09-04,1945,N20,VIIRS,n,2.0NRT,290.19,0.94,N,VIIRS_NOAA20_NRT
20.872,84.9957,305.34,0.55,0.43,2026-09-04,1945,N20,VIIRS,n,2.0NRT,290.71,1.46,N,VIIRS_NOAA20_NRT
20.88582,84.98159,307.64,0.55,0.43,2026-09-04,1945,N20,VIIRS,n,2.0NRT,291.13,2.05,N,VIIRS_NOAA20_NRT
20.88974,84.98213,306.9,0.55,0.43,2026-09-04,1945,N20,VIIRS,n,2.0NRT,290.82,1.59,N,VIIRS_NOAA20_NRT
20.76009,85.29348,311.28,0.53,0.42,2026-09-04,1945,N20,VIIRS,n,2.0NRT,290.06,1.49,N,VIIRS_NOAA20_NRT
15.16934,76.71221,305.43,0.39,0.36,2026-09-04,2032,N21,VIIRS,n,2.0NRT,293.92,0.72,N,VIIRS_NOAA21_NRT
20.9639,85.18172,310.79,0.57,0.52,2026-09-04,2029,N21,VIIRS,n,2.0NRT,289.41,2.58,N,VIIRS_NOAA21_NRT
20.96346,86.00796,327.6,0.32,0.55,2026-09-04,2029,N21,VIIRS,n,2.0NRT,289.61,2.99,N,VIIRS_NOAA21_NRT
20.96306,85.17092,313.02,0.57,0.52,2026-09-04,2029,N21,VIIRS,n,2.0NRT,289.75,4.84,N,VIIRS_NOAA21_NRT
20.96283,86.01097,320.67,0.32,0.55,2026-09-04,2029,N21,VIIRS,n,2.0NRT,289.55,2.3,N,VIIRS_NOAA21_NRT
20.96282,85.1871,326.7,0.57,0.52,2026-09-04,2029,N21,VIIRS,n,2.0NRT,289.69,7.21,N,VIIRS_NOAA21_NRT
20.96244,85.16457,311.63,0.57,0.52,2026-09-04,2029,N21,VIIRS,n,2.0NRT,289.83,2.34,N,VIIRS_NOAA21_NRT
20.9622,86.01398,305.74,0.32,0.55,2026-09-04,2029,N21,VIIRS,n,2.0NRT,288.95,2.3,N,VIIRS_NOAA21_NRT
20.96416,85.16563,316.66,0.57,0.52,2026-09-04,2029,N21,VIIRS,n,2.0NRT,290.01,4.38,N,VIIRS_NOAA21_NRT
20.96137,85.16988,313.46,0.57,0.52,2026-09-04,2029,N21,VIIRS,n,2.0NRT,289.65,2.34,N,VIIRS_NOAA21_NRT
20.95973,85.18695,306.14,0.57,0.52,2026-09-04,2029,N21,VIIRS,n,2.0NRT,289.44,1.64,N,VIIRS_NOAA21_NRT
20.95401,85.01299,305.31,0.55,0.51,2026-09-04,2029,N21,VIIRS,n,2.0NRT,289.97,2.11,N,VIIRS_NOAA21_NRT
20.95094,86.04309,315.02,0.32,0.55,2026-09-04,2029,N21,VIIRS,n,2.0NRT,289.18,2.49,N,VIIRS_NOAA21_NRT
20.95031,86.0461,324.25,0.32,0.55,2026-09-04,2029,N21,VIIRS,n,2.0NRT,289.36,2.95,N,VIIRS_NOAA21_NRT
20.94966,86.04922,320.98,0.32,0.55,2026-09-04,2029,N21,VIIRS,n,2.0NRT,289.44,2.95,N,VIIRS_NOAA21_NRT
20.91005,71.45995,311.01,0.42,0.45,2026-09-04,2029,N21,VIIRS,n,2.0NRT,293.42,1.59,N,VIIRS_NOAA21_NRT
20.89007,84.97992,305.71,0.55,0.51,2026-09-04,2029,N21,VIIRS,n,2.0NRT,289.61,1.65,N,VIIRS_NOAA21_NRT
20.96085,85.18159,306.72,0.57,0.52,2026-09-04,2029,N21,VIIRS,n,2.0NRT,289.53,1.64,N,VIIRS_NOAA21_NRT
20.9644,85.1881,323.33,0.57,0.52,2026-09-04,2029,N21,VIIRS,n,2.0NRT,289.61,3.3,N,VIIRS_NOAA21_NRT
20.96473,86.00188,308.9,0.32,0.55,2026-09-04,2029,N21,VIIRS,n,2.0NRT,289.39,1.1,N,VIIRS_NOAA21_NRT
20.96497,85.17637,304.65,0.57,0.52,2026-09-04,2029,N21,VIIRS,n,2.0NRT,289.37,2.58,N,VIIRS_NOAA21_NRT
20.97238,85.17323,314.51,0.57,0.52,2026-09-04,2029,N21,VIIRS,n,2.0NRT,289.58,4.25,N,VIIRS_NOAA21_NRT
20.97069,85.1722,333.21,0.57,0.52,2026-09-04,2029,N21,VIIRS,n,2.0NRT,289.91,3.09,N,VIIRS_NOAA21_NRT
20.97029,85.14977,307.59,0.57,0.52,2026-09-04,2029,N21,VIIRS,n,2.0NRT,289.64,3.65,N,VIIRS_NOAA21_NRT
20.96963,85.17749,311.51,0.57,0.52,2026-09-04,2029,N21,VIIRS,n,2.0NRT,289.05,2.58,N,VIIRS_NOAA21_NRT
20.96962,86.00316,310.51,0.32,0.55,2026-09-04,2029,N21,VIIRS,n,2.0NRT,290.04,1.1,N,VIIRS_NOAA21_NRT
20.96922,85.15513,319.73,0.57,0.52,2026-09-04,2029,N21,VIIRS,n,2.0NRT,289.64,3.89,N,VIIRS_NOAA21_NRT
20.96836,86.00922,306.03,0.32,0.55,2026-09-04,2029,N21,VIIRS,n,2.0NRT,289.77,2.99,N,VIIRS_NOAA21_NRT
20.96774,86.01222,338.76,0.32,0.55,2026-09-04,2029,N21,VIIRS,n,2.0NRT,290.0,2.3,N,VIIRS_NOAA21_NRT
20.96772,85.17207,333.32,0.57,0.52,2026-09-04,2029,N21,VIIRS,n,2.0NRT,290.06,4.25,N,VIIRS_NOAA21_NRT
20.96747,85.14973,315.34,0.57,0.52,2026-09-04,2029,N21,VIIRS,n,2.0NRT,289.71,2.82,N,VIIRS_NOAA21_NRT
20.9671,86.01527,307.59,0.32,0.55,2026-09-04,2029,N21,VIIRS,n,2.0NRT,289.68,2.3,N,VIIRS_NOAA21_NRT
20.96709,85.16577,307.01,0.57,0.52,2026-09-04,2029,N21,VIIRS,n,2.0NRT,289.6,3.09,N,VIIRS_NOAA21_NRT
20.96663,85.17735,310.74,0.57,0.52,2026-09-04,2029,N21,VIIRS,n,2.0NRT,289.47,4.25,N,VIIRS_NOAA21_NRT
20.96636,85.15505,307.32,0.57,0.52,2026-09-04,2029,N21,VIIRS,n,2.0NRT,289.58,2.82,N,VIIRS_NOAA21_NRT
20.96603,85.17105,304.31,0.57,0.52,2026-09-04,2029,N21,VIIRS,n,2.0NRT,289.46,3.09,N,VIIRS_NOAA21_NRT
20.96552,85.1827,306.53,0.57,0.52,2026-09-04,2029,N21,VIIRS,n,2.0NRT,289.2,3.3,N,VIIRS_NOAA21_NRT
20.9651,86.04973,307.44,0.32,0.55,2026-09-04,2029,N21,VIIRS,n,2.0NRT,289.03,0.81,N,VIIRS_NOAA21_NRT
20.88799,84.98059,309.58,0.55,0.51,2026-09-04,2029,N21,VIIRS,n,2.0NRT,289.88,3.23,N,VIIRS_NOAA21_NRT
20.88442,84.98401,312.42,0.55,0.51,2026-09-04,2029,N21,VIIRS,n,2.0NRT,290.17,2.55,N,VIIRS_NOAA21_NRT
20.86384,84.99004,330.69,0.55,0.51,2026-09-04,2029,N21,VIIRS,n,2.0NRT,290.64,4.5,N,VIIRS_NOAA21_NRT
20.86278,84.99536,311.65,0.56,0.51,2026-09-04,2029,N21,VIIRS,n,2.0NRT,289.97,4.5,N,VIIRS_NOAA21_NRT
16.87203,80.02309,307.03,0.49,0.4,2026-09-04,2029,N21,VIIRS,n,2.0NRT,294.41,1.33,N,VIIRS_NOAA21_NRT
16.69608,79.64787,307.53,0.47,0.4,2026-09-04,2029,N21,VIIRS,n,2.0NRT,294.49,2.3,N,VIIRS_NOAA21_NRT
24.16057,82.56489,323.92,0.52,0.42,2026-09-04,2027,N21,VIIRS,n,2.0NRT,283.64,3.75,N,VIIRS_NOAA21_NRT
23.80973,84.8444,303.08,0.48,0.48,2026-09-04,2027,N21,VIIRS,n,2.0NRT,288.45,1.53,N,VIIRS_NOAA21_NRT
23.78857,85.55117,312.54,0.53,0.5,2026-09-04,2027,N21,VIIRS,n,2.0NRT,288.26,3.06,N,VIIRS_NOAA21_NRT
23.77994,86.21085,325.09,0.58,0.52,2026-09-04,2027,N21,VIIRS,n,2.0NRT,288.53,5.37,N,VIIRS_NOAA21_NRT
23.77521,86.20977,308.47,0.58,0.52,2026-09-04,2027,N21,VIIRS,n,2.0NRT,288.27,2.95,N,VIIRS_NOAA21_NRT
23.77284,86.19751,309.02,0.58,0.52,2026-09-04,2027,N21,VIIRS,n,2.0NRT,288.02,4.45,N,VIIRS_NOAA21_NRT
23.75455,85.85443,306.0,0.55,0.51,2026-09-04,2027,N21,VIIRS,n,2.0NRT,288.28,3.7,N,VIIRS_NOAA21_NRT
23.73676,85.02216,304.0,0.49,0.49,2026-09-04,2027,N21,VIIRS,n,2.0NRT,287.98,1.0,N,VIIRS_NOAA21_NRT
23.69927,86.07301,309.74,0.57,0.52,2026-09-04,2027,N21,VIIRS,n,2.0NRT,287.87,1.64,N,VIIRS_NOAA21_NRT
23.69345,86.07731,303.77,0.57,0.52,2026-09-04,2027,N21,VIIRS,n,2.0NRT,287.8,1.82,N,VIIRS_NOAA21_NRT
17.13875,77.17729,310.4,0.39,0.36,2026-09-04,2029,N21,VIIRS,n,2.0NRT,292.66,0.79,N,VIIRS_NOAA21_NRT
20.97535,85.17338,310.2,0.57,0.52,2026-09-04,2029,N21,VIIRS,n,2.0NRT,289.27,2.12,N,VIIRS_NOAA21_NRT
17.1409,77.18513,310.67,0.39,0.36,2026-09-04,2029,N21,VIIRS,n,2.0NRT,292.26,0.92,N,VIIRS_NOAA21_NRT
17.95817,80.79167,306.13,0.52,0.42,2026-09-04,2029,N21,VIIRS,n,2.0NRT,288.86,2.33,N,VIIRS_NOAA21_NRT
20.80516,85.25643,312.49,0.58,0.52,2026-09-04,2029,N21,VIIRS,n,2.0NRT,289.8,3.49,N,VIIRS_NOAA21_NRT
20.79577,85.25407,330.6,0.58,0.52,2026-09-04,2029,N21,VIIRS,n,2.0NRT,289.28,3.93,N,VIIRS_NOAA21_NRT
20.79106,85.25298,309.51,0.58,0.52,2026-09-04,2029,N21,VIIRS,n,2.0NRT,289.59,3.93,N,VIIRS_NOAA21_NRT
20.78993,85.25848,306.07,0.58,0.52,2026-09-04,2029,N21,VIIRS,n,2.0NRT,289.63,3.93,N,VIIRS_NOAA21_NRT
20.7841,85.26288,305.23,0.58,0.52,2026-09-04,2029,N21,VIIRS,n,2.0NRT,289.57,2.22,N,VIIRS_NOAA21_NRT
20.75744,85.29634,305.19,0.58,0.52,2026-09-04,2029,N21,VIIRS,n,2.0NRT,289.33,2.46,N,VIIRS_NOAA21_NRT
19.10266,82.16485,304.91,0.4,0.44,2026-09-04,2029,N21,VIIRS,n,2.0NRT,290.69,0.94,N,VIIRS_NOAA21_NRT
19.10197,82.16858,309.55,0.4,0.44,2026-09-04,2029,N21,VIIRS,n,2.0NRT,292.06,0.94,N,VIIRS_NOAA21_NRT
19.09797,82.16772,314.56,0.4,0.44,2026-09-04,2029,N21,VIIRS,n,2.0NRT,290.6,2.11,N,VIIRS_NOAA21_NRT
19.08926,82.16974,302.41,0.4,0.44,2026-09-04,2029,N21,VIIRS,n,2.0NRT,290.76,1.06,N,VIIRS_NOAA21_NRT
19.01937,72.89208,330.53,0.49,0.4,2026-09-04,2029,N21,VIIRS,n,2.0NRT,293.33,5.81,N,VIIRS_NOAA21_NRT
18.72065,79.53902,303.84,0.44,0.39,2026-09-04,2029,N21,VIIRS,n,2.0NRT,289.14,1.06,N,VIIRS_NOAA21_NRT
18.71714,79.53836,307.76,0.44,0.39,2026-09-04,2029,N21,VIIRS,n,2.0NRT,290.53,1.06,N,VIIRS_NOAA21_NRT
18.71292,79.54187,303.78,0.44,0.39,2026-09-04,2029,N21,VIIRS,n,2.0NRT,289.94,1.23,N,VIIRS_NOAA21_NRT
18.68379,73.03027,312.5,0.48,0.4,2026-09-04,2029,N21,VIIRS,n,2.0NRT,292.99,2.49,N,VIIRS_NOAA21_NRT
18.67952,73.03425,319.0,0.48,0.4,2026-09-04,2029,N21,VIIRS,n,2.0NRT,292.93,2.49,N,VIIRS_NOAA21_NRT
17.95732,80.79652,318.65,0.52,0.42,2026-09-04,2029,N21,VIIRS,n,2.0NRT,288.83,2.33,N,VIIRS_NOAA21_NRT
20.97641,85.16805,308.18,0.57,0.52,2026-09-04,2029,N21,VIIRS,n,2.0NRT,289.4,2.12,N,VIIRS_NOAA21_NRT
20.97812,85.13499,313.58,0.56,0.52,2026-09-04,2029,N21,VIIRS,n,2.0NRT,290.18,3.61,N,VIIRS_NOAA21_NRT
20.97813,85.16908,310.85,0.57,0.52,2026-09-04,2029,N21,VIIRS,n,2.0NRT,289.37,2.28,N,VIIRS_NOAA21_NRT
15.33238,76.28462,309.57,0.39,0.36,2026-09-04,2032,N21,VIIRS,n,2.0NRT,291.48,0.7,N,VIIRS_NOAA21_NRT
15.3368,76.27806,306.0,0.39,0.36,2026-09-04,2032,N21,VIIRS,n,2.0NRT,292.57,1.04,N,VIIRS_NOAA21_NRT
15.54826,79.64835,317.21,0.49,0.4,2026-09-04,2032,N21,VIIRS,n,2.0NRT,292.93,4.3,N,VIIRS_NOAA21_NRT
15.55151,79.64663,330.27,0.49,0.4,2026-09-04,2032,N21,VIIRS,n,2.0NRT,292.94,5.92,N,VIIRS_NOAA21_NRT
15.55193,79.64904,329.25,0.49,0.4,2026-09-04,2032,N21,VIIRS,n,2.0NRT,293.18,4.3,N,VIIRS_NOAA21_NRT
15.55518,79.64732,324.0,0.49,0.4,2026-09-04,2032,N21,VIIRS,n,2.0NRT,292.99,5.92,N,VIIRS_NOAA21_NRT
15.55637,79.6452,308.28,0.49,0.4,2026-09-04,2032,N21,VIIRS,n,2.0NRT,292.8,4.46,N,VIIRS_NOAA21_NRT
15.65936,73.9884,303.32,0.41,0.37,2026-09-04,2032,N21,VIIRS,n,2.0NRT,287.15,0.83,N,VIIRS_NOAA21_NRT
15.68357,78.45914,308.44,0.43,0.38,2026-09-04,2032,N21,VIIRS,n,2.0NRT,293.71,1.57,N,VIIRS_NOAA21_NRT
16.20395,75.20745,303.66,0.39,0.36,2026-09-04,2032,N21,VIIRS,n,2.0NRT,291.49,0.53,N,VIIRS_NOAA21_NRT
15.16758,76.38126,311.8,0.39,0.36,2026-09-04,2032,N21,VIIRS,n,2.0NRT,292.91,1.68,N,VIIRS_NOAA21_NRT
15.13563,76.71016,307.55,0.39,0.36,2026-09-04,2032,N21,VIIRS,n,2.0NRT,293.71,0.75,N,VIIRS_NOAA21_NRT
15.02215,78.01551,316.91,0.42,0.38,2026-09-04,2032,N21,VIIRS,n,2.0NRT,295.53,5.41,N,VIIRS_NOAA21_NRT
15.30179,76.22112,304.47,0.39,0.36,2026-09-04,2032,N21,VIIRS,n,2.0NRT,291.62,0.83,N,VIIRS_NOAA21_NRT
13.8985,76.56481,311.93,0.39,0.36,2026-09-04,2032,N21,VIIRS,n,2.0NRT,292.49,1.16,N,VIIRS_NOAA21_NRT
15.19841,76.37912,301.76,0.39,0.36,2026-09-04,2032,N21,VIIRS,n,2.0NRT,291.46,1.3,N,VIIRS_NOAA21_NRT
15.18366,76.64443,305.75,0.39,0.36,2026-09-04,2032,N21,VIIRS,n,2.0NRT,293.98,1.25,N,VIIRS_NOAA21_NRT
15.169,76.67155,316.31,0.39,0.36,2026-09-04,2032,N21,VIIRS,n,2.0NRT,294.31,2.09,N,VIIRS_NOAA21_NRT
15.16957,76.66797,307.85,0.39,0.36,2026-09-04,2032,N21,VIIRS,n,2.0NRT,294.26,1.3,N,VIIRS_NOAA21_NRT
15.1706,76.68289,314.21,0.39,0.36,2026-09-04,2032,N21,VIIRS,n,2.0NRT,293.82,1.6,N,VIIRS_NOAA21_NRT
15.17088,76.38181,306.5,0.39,0.36,2026-09-04,2032,N21,VIIRS,n,2.0NRT,292.88,1.14,N,VIIRS_NOAA21_NRT
15.17277,76.69064,311.73,0.39,0.36,2026-09-04,2032,N21,VIIRS,n,2.0NRT,293.65,1.65,N,VIIRS_NOAA21_NRT
15.17439,76.78685,306.9,0.39,0.36,2026-09-04,2032,N21,VIIRS,n,2.0NRT,293.39,1.34,N,VIIRS_NOAA21_NRT
15.17443,76.70186,308.74,0.39,0.36,2026-09-04,2032,N21,VIIRS,n,2.0NRT,293.76,1.07,N,VIIRS_NOAA21_NRT
15.1746,76.65777,340.33,0.39,0.36,2026-09-04,2032,N21,VIIRS,n,2.0NRT,295.67,4.05,N,VIIRS_NOAA21_NRT
15.17505,76.67628,312.61,0.39,0.36,2026-09-04,2032,N21,VIIRS,n,2.0NRT,294.55,1.42,N,VIIRS_NOAA21_NRT
15.17516,77.10014,308.97,0.4,0.37,2026-09-04,2032,N21,VIIRS,n,2.0NRT,293.79,1.19,N,VIIRS_NOAA21_NRT
15.17517,76.65417,324.8,0.39,0.36,2026-09-04,2032,N21,VIIRS,n,2.0NRT,295.4,2.87,N,VIIRS_NOAA21_NRT
15.17791,76.65833,313.8,0.39,0.36,2026-09-04,2032,N21,VIIRS,n,2.0NRT,294.63,4.05,N,VIIRS_NOAA21_NRT
15.17791,77.10437,309.33,0.4,0.37,2026-09-04,2032,N21,VIIRS,n,2.0NRT,293.66,1.18,N,VIIRS_NOAA21_NRT
15.17847,76.67673,308.26,0.39,0.36,2026-09-04,2032,N21,VIIRS,n,2.0NRT,294.39,1.38,N,VIIRS_NOAA21_NRT
15.17848,76.65473,333.16,0.39,0.36,2026-09-04,2032,N21,VIIRS,n,2.0NRT,295.13,2.87,N,VIIRS_NOAA21_NRT
15.18178,76.67729,306.3,0.39,0.36,2026-09-04,2032,N21,VIIRS,n,2.0NRT,294.38,1.38,N,VIIRS_NOAA21_NRT
15.18351,76.66653,341.14,0.39,0.36,2026-09-04,2032,N21,VIIRS,n,2.0NRT,294.26,7.62,N,VIIRS_NOAA21_NRT
15.18489,76.31473,308.09,0.39,0.36,2026-09-04,2032,N21,VIIRS,n,2.0NRT,292.65,0.86,N,VIIRS_NOAA21_NRT
23.68196,86.394,312.96,0.6,0.53,2026-09-04,2027,N21,VIIRS,n,2.0NRT,287.64,4.13,N,VIIRS_NOAA21_NRT
13.71096,79.62003,306.03,0.52,0.41,2026-09-04,2032,N21,VIIRS,n,2.0NRT,292.14,3.33,N,VIIRS_NOAA21_NRT
12.02063,76.65154,304.14,0.4,0.37,2026-09-04,2032,N21,VIIRS,n,2.0NRT,288.89,0.8,N,VIIRS_NOAA21_NRT
21.87629,83.49454,311.43,0.43,0.46,2026-09-04,2029,N21,VIIRS,n,2.0NRT,290.43,2.1,N,VIIRS_NOAA21_NRT
21.77244,83.82623,303.05,0.45,0.47,2026-09-04,2029,N21,VIIRS,n,2.0NRT,289.73,1.97,N,VIIRS_NOAA21_NRT
21.76404,83.84689,318.39,0.45,0.47,2026-09-04,2029,N21,VIIRS,n,2.0NRT,290.3,3.72,N,VIIRS_NOAA21_NRT
21.76321,83.85123,312.58,0.45,0.47,2026-09-04,2029,N21,VIIRS,n,2.0NRT,290.52,3.72,N,VIIRS_NOAA21_NRT
21.75642,83.84061,305.63,0.45,0.47,2026-09-04,2029,N21,VIIRS,n,2.0NRT,290.07,4.64,N,VIIRS_NOAA21_NRT
21.75558,83.84492,333.98,0.45,0.47,2026-09-04,2029,N21,VIIRS,n,2.0NRT,291.52,7.95,N,VIIRS_NOAA21_NRT
21.75135,83.84393,314.33,0.45,0.47,2026-09-04,2029,N21,VIIRS,n,2.0NRT,290.11,9.07,N,VIIRS_NOAA21_NRT
21.74713,83.84291,342.75,0.45,0.47,2026-09-04,2029,N21,VIIRS,n,2.0NRT,292.71,9.07,N,VIIRS_NOAA21_NRT
21.7429,83.84189,330.29,0.45,0.47,2026-09-04,2029,N21,VIIRS,n,2.0NRT,291.46,3.9,N,VIIRS_NOAA21_NRT
21.73868,83.84087,309.6,0.45,0.47,2026-09-04,2029,N21,VIIRS,n,2.0NRT,290.71,3.9,N,VIIRS_NOAA21_NRT
21.43282,72.97475,306.16,0.52,0.41,2026-09-04,2029,N21,VIIRS,n,2.0NRT,291.24,2.19,N,VIIRS_NOAA21_NRT
21.33749,78.96925,311.0,0.4,0.37,2026-09-04,2029,N21,VIIRS,n,2.0NRT,283.93,2.07,N,VIIRS_NOAA21_NRT
21.18247,81.38527,312.06,0.5,0.41,2026-09-04,2029,N21,VIIRS,n,2.0NRT,283.93,3.59,N,VIIRS_NOAA21_NRT
21.10807,72.64812,317.42,0.53,0.42,2026-09-04,2029,N21,VIIRS,n,2.0NRT,292.51,3.67,N,VIIRS_NOAA21_NRT
21.10421,72.64756,332.4,0.53,0.42,2026-09-04,2029,N21,VIIRS,n,2.0NRT,293.92,8.22,N,VIIRS_NOAA21_NRT
21.00091,86.02672,308.82,0.32,0.55,2026-09-04,2029,N21,VIIRS,n,2.0NRT,289.19,0.6,N,VIIRS_NOAA21_NRT
20.98007,85.13609,307.52,0.56,0.52,2026-09-04,2029,N21,VIIRS,n,2.0NRT,289.85,4.86,N,VIIRS_NOAA21_NRT
21.98617,82.01387,303.96,0.53,0.42,2026-09-04,2029,N21,VIIRS,n,2.0NRT,290.08,0.73,N,VIIRS_NOAA21_NRT
12.71426,76.89852,307.39,0.4,0.37,2026-09-04,2032,N21,VIIRS,n,2.0NRT,290.9,0.68,N,VIIRS_NOAA21_NRT
22.00226,82.66946,307.87,0.57,0.43,2026-09-04,2029,N21,VIIRS,n,2.0NRT,290.92,1.59,N,VIIRS_NOAA21_NRT
22.0062,82.6703,306.37,0.57,0.43,2026-09-04,2029,N21,VIIRS,n,2.0NRT,290.25,1.43,N,VIIRS_NOAA21_NRT
12.01868,76.65131,303.06,0.4,0.37,2026-09-04,2032,N21,VIIRS,n,2.0NRT,288.79,0.73,N,VIIRS_NOAA21_NRT
11.81028,77.91938,314.3,0.45,0.39,2026-09-04,2032,N21,VIIRS,n,2.0NRT,292.58,3.31,N,VIIRS_NOAA21_NRT
11.81003,77.92034,318.11,0.45,0.39,2026-09-04,2032,N21,VIIRS,n,2.0NRT,292.86,3.41,N,VIIRS_NOAA21_NRT
11.80959,77.92345,311.3,0.45,0.39,2026-09-04,2032,N21,VIIRS,n,2.0NRT,293.37,3.31,N,VIIRS_NOAA21_NRT
11.80936,77.92444,308.01,0.45,0.39,2026-09-04,2032,N21,VIIRS,n,2.0NRT,293.29,3.41,N,VIIRS_NOAA21_NRT
11.5186,77.70729,303.15,0.44,0.38,2026-09-04,2032,N21,VIIRS,n,2.0NRT,284.04,1.48,N,VIIRS_NOAA21_NRT
11.51788,77.70787,308.15,0.44,0.39,2026-09-04,2032,N21,VIIRS,n,2.0NRT,283.35,1.62,N,VIIRS_NOAA21_NRT
10.92628,78.4984,314.41,0.49,0.4,2026-09-04,2032,N21,VIIRS,n,2.0NRT,291.57,4.48,N,VIIRS_NOAA21_NRT
10.61504,77.50061,309.05,0.44,0.39,2026-09-04,2032,N21,VIIRS,n,2.0NRT,292.05,1.42,N,VIIRS_NOAA21_NRT
9.97884,76.37681,302.32,0.41,0.37,2026-09-04,2032,N21,VIIRS,n,2.0NRT,286.96,1.63,N,VIIRS_NOAA21_NRT
9.80522,77.56261,315.54,0.45,0.39,2026-09-04,2032,N21,VIIRS,n,2.0NRT,292.58,2.07,N,VIIRS_NOAA21_NRT
22.93502,69.69705,306.21,0.57,0.52,2026-09-04,2029,N21,VIIRS,n,2.0NRT,292.3,4.7,N,VIIRS_NOAA21_NRT
22.93105,69.69788,309.78,0.57,0.52,2026-09-04,2029,N21,VIIRS,n,2.0NRT,292.98,4.33,N,VIIRS_NOAA21_NRT
22.41646,69.03892,304.38,0.62,0.54,2026-09-04,2029,N21,VIIRS,n,2.0NRT,291.66,2.29,N,VIIRS_NOAA21_NRT
22.26482,75.1333,300.77,0.42,0.38,2026-09-04,2029,N21,VIIRS,n,2.0NRT,281.44,0.87,N,VIIRS_NOAA21_NRT
22.00347,82.66862,313.1,0.57,0.43,2026-09-04,2029,N21,VIIRS,n,2.0NRT,290.67,2.46,N,VIIRS_NOAA21_NRT
23.68097,86.39436,309.86,0.6,0.53,2026-09-04,2027,N21,VIIRS,n,2.0NRT,287.7,5.51,N,VIIRS_NOAA21_NRT
21.10486,72.64244,309.95,0.53,0.42,2026-09-04,2029,N21,VIIRS,n,2.0NRT,291.22,5.9,N,VIIRS_NOAA21_NRT
23.67716,86.08454,309.76,0.57,0.52,2026-09-04,2027,N21,VIIRS,n,2.0NRT,288.39,4.16,N,VIIRS_NOAA21_NRT
23.67951,86.09674,303.88,0.57,0.52,2026-09-04,2027,N21,VIIRS,n,2.0NRT,287.86,1.53,N,VIIRS_NOAA21_NRT
8.67037,77.99406,336.26,0.44,0.39,2026-09-04,758,N21,VIIRS,l,2.0NRT,305.55,6.68,D,VIIRS_NOAA21_NRT
22.01428,83.75243,298.04,0.44,0.46,2026-09-04,2027,N21,VIIRS,n,2.0NRT,286.23,2.24,N,VIIRS_NOAA21_NRT
21.98263,83.23072,306.36,0.41,0.45,2026-09-04,2027,N21,VIIRS,n,2.0NRT,290.26,1.56,N,VIIRS_NOAA21_NRT
21.93093,85.22124,303.45,0.55,0.51,2026-09-04,2027,N21,VIIRS,n,2.0NRT,289.3,1.05,N,VIIRS_NOAA21_NRT
21.92734,83.34194,303.6,0.42,0.45,2026-09-04,2027,N21,VIIRS,n,2.0NRT,290.16,2.46,N,VIIRS_NOAA21_NRT
21.92527,85.22544,309.87,0.55,0.51,2026-09-04,2027,N21,VIIRS,n,2.0NRT,289.84,3.27,N,VIIRS_NOAA21_NRT
21.92171,83.349,322.13,0.42,0.45,2026-09-04,2027,N21,VIIRS,n,2.0NRT,291.46,3.42,N,VIIRS_NOAA21_NRT
21.92094,83.35299,315.44,0.42,0.45,2026-09-04,2027,N21,VIIRS,n,2.0NRT,291.29,3.35,N,VIIRS_NOAA21_NRT
21.87757,83.55456,312.13,0.43,0.46,2026-09-04,2027,N21,VIIRS,n,2.0NRT,290.4,2.9,N,VIIRS_NOAA21_NRT
23.67618,86.39325,305.6,0.6,0.53,2026-09-04,2027,N21,VIIRS,n,2.0NRT,287.11,2.72,N,VIIRS_NOAA21_NRT
23.67495,86.39895,308.71,0.6,0.53,2026-09-04,2027,N21,VIIRS,n,2.0NRT,287.65,4.28,N,VIIRS_NOAA21_NRT
31.5513,74.73685,337.88,0.38,0.36,2026-09-04,805,N21,VIIRS,n,2.0NRT,299.64,9.12,D,VIIRS_NOAA21_NRT
22.0328,83.36366,305.03,0.42,0.45,2026-09-04,2027,N21,VIIRS,n,2.0NRT,290.02,1.01,N,VIIRS_NOAA21_NRT
22.03358,83.35964,304.65,0.42,0.45,2026-09-04,2027,N21,VIIRS,n,2.0NRT,290.11,1.01,N,VIIRS_NOAA21_NRT
22.05206,85.46372,302.45,0.56,0.52,2026-09-04,2027,N21,VIIRS,n,2.0NRT,288.64,1.51,N,VIIRS_NOAA21_NRT
23.6655,86.09307,304.43,0.57,0.52,2026-09-04,2027,N21,VIIRS,n,2.0NRT,287.67,0.9,N,VIIRS_NOAA21_NRT
23.649,85.43903,313.66,0.52,0.5,2026-09-04,2027,N21,VIIRS,n,2.0NRT,288.68,3.21,N,VIIRS_NOAA21_NRT
23.64511,85.43939,307.89,0.52,0.5,2026-09-04,2027,N21,VIIRS,n,2.0NRT,288.51,2.4,N,VIIRS_NOAA21_NRT
22.57533,85.8947,305.86,0.59,0.53,2026-09-04,2027,N21,VIIRS,n,2.0NRT,288.27,4.22,N,VIIRS_NOAA21_NRT
22.57509,85.89431,304.68,0.59,0.53,2026-09-04,2027,N21,VIIRS,n,2.0NRT,288.37,2.35,N,VIIRS_NOAA21_NRT
22.57397,85.89982,308.57,0.59,0.53,2026-09-04,2027,N21,VIIRS,n,2.0NRT,287.86,2.35,N,VIIRS_NOAA21_NRT
22.35892,82.30322,331.58,0.54,0.42,2026-09-04,2027,N21,VIIRS,n,2.0NRT,290.81,6.61,N,VIIRS_NOAA21_NRT
22.35509,82.3024,316.81,0.54,0.42,2026-09-04,2027,N21,VIIRS,n,2.0NRT,290.45,2.63,N,VIIRS_NOAA21_NRT
22.3314,82.60392,309.28,0.56,0.43,2026-09-04,2027,N21,VIIRS,n,2.0NRT,289.68,2.16,N,VIIRS_NOAA21_NRT
22.32191,82.54604,304.5,0.56,0.43,2026-09-04,2027,N21,VIIRS,n,2.0NRT,290.31,1.97,N,VIIRS_NOAA21_NRT
22.31894,82.56203,312.8,0.56,0.43,2026-09-04,2027,N21,VIIRS,n,2.0NRT,290.8,1.84,N,VIIRS_NOAA21_NRT
22.31794,82.56736,304.53,0.56,0.43,2026-09-04,2027,N21,VIIRS,n,2.0NRT,290.54,1.84,N,VIIRS_NOAA21_NRT
22.31613,82.53371,305.5,0.56,0.43,2026-09-04,2027,N21,VIIRS,n,2.0NRT,290.1,1.92,N,VIIRS_NOAA21_NRT
22.31225,82.53288,305.0,0.56,0.43,2026-09-04,2027,N21,VIIRS,n,2.0NRT,289.74,2.46,N,VIIRS_NOAA21_NRT
22.20785,84.86195,304.89,0.51,0.5,2026-09-04,2027,N21,VIIRS,n,2.0NRT,289.96,1.54,N,VIIRS_NOAA21_NRT
22.20184,84.84525,302.87,0.51,0.5,2026-09-04,2027,N21,VIIRS,n,2.0NRT,289.34,0.7,N,VIIRS_NOAA21_NRT
22.13197,85.41842,301.85,0.56,0.51,2026-09-04,2027,N21,VIIRS,n,2.0NRT,288.79,1.28,N,VIIRS_NOAA21_NRT
22.03922,83.35251,315.74,0.42,0.45,2026-09-04,2027,N21,VIIRS,n,2.0NRT,290.65,2.58,N,VIIRS_NOAA21_NRT
23.67599,86.39859,310.18,0.6,0.53,2026-09-04,2027,N21,VIIRS,n,2.0NRT,287.67,4.63,N,VIIRS_NOAA21_NRT
9.72387,78.35549,334.19,0.42,0.38,2026-09-04,758,N21,VIIRS,l,2.0NRT,305.43,5.33,D,VIIRS_NOAA21_NRT
9.82879,78.55407,334.45,0.41,0.37,2026-09-04,758,N21,VIIRS,l,2.0NRT,302.71,2.01,D,VIIRS_NOAA21_NRT
10.23521,79.19682,336.6,0.39,0.37,2026-09-04,758,N21,VIIRS,l,2.0NRT,302.56,5.05,D,VIIRS_NOAA21_NRT
10.87023,79.84801,337.26,0.39,0.36,2026-09-04,758,N21,VIIRS,n,2.0NRT,301.77,3.23,D,VIIRS_NOAA21_NRT
14.14273,76.50105,334.52,0.45,0.39,2026-09-04,758,N21,VIIRS,l,2.0NRT,299.57,7.06,D,VIIRS_NOAA21_NRT
14.58262,78.69115,332.81,0.39,0.36,2026-09-04,758,N21,VIIRS,n,2.0NRT,297.53,2.62,D,VIIRS_NOAA21_NRT
15.1836,76.64207,340.29,0.43,0.38,2026-09-04,758,N21,VIIRS,n,2.0NRT,301.44,6.27,D,VIIRS_NOAA21_NRT
15.24046,76.69371,332.44,0.43,0.38,2026-09-04,758,N21,VIIRS,l,2.0NRT,300.92,2.23,D,VIIRS_NOAA21_NRT
15.31594,75.73133,334.48,0.47,0.4,2026-09-04,758,N21,VIIRS,l,2.0NRT,300.38,8.92,D,VIIRS_NOAA21_NRT
17.08758,79.68736,338.48,0.39,0.36,2026-09-04,801,N21,VIIRS,n,2.0NRT,291.83,3.75,D,VIIRS_NOAA21_NRT
17.36039,81.81102,332.31,0.45,0.39,2026-09-04,801,N21,VIIRS,n,2.0NRT,296.45,2.81,D,VIIRS_NOAA21_NRT
21.10295,72.63681,342.12,0.38,0.43,2026-09-04,801,N21,VIIRS,n,2.0NRT,298.44,26.3,D,VIIRS_NOAA21_NRT
21.10447,72.64493,344.27,0.57,0.43,2026-09-04,801,N21,VIIRS,n,2.0NRT,298.24,26.51,D,VIIRS_NOAA21_NRT
21.74218,83.84354,342.51,0.44,0.46,2026-09-04,801,N21,VIIRS,n,2.0NRT,295.8,7.2,D,VIIRS_NOAA21_NRT
21.74643,83.84301,341.48,0.44,0.46,2026-09-04,801,N21,VIIRS,n,2.0NRT,293.51,7.2,D,VIIRS_NOAA21_NRT
21.75491,83.84193,335.54,0.44,0.46,2026-09-04,801,N21,VIIRS,n,2.0NRT,294.33,6.72,D,VIIRS_NOAA21_NRT
21.75494,83.84254,343.12,0.44,0.46,2026-09-04,801,N21,VIIRS,n,2.0NRT,294.29,8.02,D,VIIRS_NOAA21_NRT
9.82854,77.56429,338.99,0.45,0.39,2026-09-04,758,N21,VIIRS,n,2.0NRT,303.65,5.62,D,VIIRS_NOAA21_NRT
23.67067,86.93721,328.62,0.37,0.58,2026-09-04,801,N21,VIIRS,n,2.0NRT,288.51,3.42,D,VIIRS_NOAA21_NRT
21.80368,83.89217,332.23,0.45,0.47,2026-09-04,801,N21,VIIRS,n,2.0NRT,294.0,4.49,D,VIIRS_NOAA21_NRT
23.69087,87.12269,328.83,0.38,0.59,2026-09-04,803,N21,VIIRS,n,2.0NRT,289.42,5.68,D,VIIRS_NOAA21_NRT
23.70967,86.44809,332.23,0.34,0.56,2026-09-04,803,N21,VIIRS,n,2.0NRT,290.08,5.2,D,VIIRS_NOAA21_NRT
23.69337,87.12283,328.2,0.38,0.59,2026-09-04,803,N21,VIIRS,n,2.0NRT,289.76,4.18,D,VIIRS_NOAA21_NRT
9.14391,78.26399,338.19,0.43,0.38,2026-09-04,758,N21,VIIRS,l,2.0NRT,305.32,4.67,D,VIIRS_NOAA21_NRT
9.35835,78.81918,335.56,0.41,0.37,2026-09-04,758,N21,VIIRS,l,2.0NRT,301.0,3.34,D,VIIRS_NOAA21_NRT
9.14291,78.26405,337.37,0.43,0.38,2026-09-04,758,N21,VIIRS,l,2.0NRT,304.86,4.73,D,VIIRS_NOAA21_NRT
10.43859,77.31449,339.76,0.59,0.53,2026-09-05,737,N21,VIIRS,n,2.0NRT,301.16,12.02,D,VIIRS_NOAA21_NRT
10.43229,79.63264,342.49,0.41,0.45,2026-09-05,737,N21,VIIRS,n,2.0NRT,298.67,4.35,D,VIIRS_NOAA21_NRT
10.40149,79.27921,331.57,0.44,0.46,2026-09-05,737,N21,VIIRS,n,2.0NRT,297.24,7.13,D,VIIRS_NOAA21_NRT
10.09586,77.89691,340.86,0.55,0.51,2026-09-05,737,N21,VIIRS,n,2.0NRT,299.51,9.09,D,VIIRS_NOAA21_NRT
10.09445,77.89512,342.08,0.55,0.51,2026-09-05,737,N21,VIIRS,n,2.0NRT,301.1,13.48,D,VIIRS_NOAA21_NRT
8.87289,77.61432,343.61,0.6,0.53,2026-09-05,737,N21,VIIRS,n,2.0NRT,301.85,7.78,D,VIIRS_NOAA21_NRT
8.84688,77.52462,344.05,0.61,0.53,2026-09-05,737,N21,VIIRS,n,2.0NRT,303.55,11.27,D,VIIRS_NOAA21_NRT
8.84348,78.11538,332.2,0.55,0.51,2026-09-05,737,N21,VIIRS,n,2.0NRT,298.73,3.27,D,VIIRS_NOAA21_NRT
9.3084,78.79866,339.66,0.49,0.49,2026-09-05,737,N21,VIIRS,n,2.0NRT,297.82,3.98,D,VIIRS_NOAA21_NRT
9.39643,78.8873,333.15,0.48,0.48,2026-09-05,737,N21,VIIRS,n,2.0NRT,298.66,4.69,D,VIIRS_NOAA21_NRT
9.39592,78.88686,336.72,0.48,0.48,2026-09-05,737,N21,VIIRS,n,2.0NRT,298.79,4.61,D,VIIRS_NOAA21_NRT
9.39205,78.88804,340.54,0.48,0.48,2026-09-05,737,N21,VIIRS,n,2.0NRT,298.99,4.69,D,VIIRS_NOAA21_NRT
9.39154,78.88762,338.73,0.48,0.48,2026-09-05,737,N21,VIIRS,n,2.0NRT,299.34,4.61,D,VIIRS_NOAA21_NRT
9.33327,77.42467,339.48,0.61,0.53,2026-09-05,737,N21,VIIRS,n,2.0NRT,296.24,4.67,D,VIIRS_NOAA21_NRT
10.27044,77.25731,330.63,0.6,0.53,2026-09-05,737,N21,VIIRS,n,2.0NRT,297.08,7.7,D,VIIRS_NOAA21_NRT
11.48418,77.27011,333.99,0.57,0.52,2026-09-05,739,N21,VIIRS,n,2.0NRT,300.69,3.57,D,VIIRS_NOAA21_NRT
10.71123,79.4289,341.69,0.42,0.45,2026-09-05,737,N21,VIIRS,n,2.0NRT,300.29,6.18,D,VIIRS_NOAA21_NRT
14.74564,79.71235,336.25,0.53,0.42,2026-09-05,739,N21,VIIRS,n,2.0NRT,305.58,10.25,D,VIIRS_NOAA21_NRT
14.7626,79.65701,337.34,0.53,0.42,2026-09-05,739,N21,VIIRS,n,2.0NRT,305.71,8.58,D,VIIRS_NOAA21_NRT
14.88983,79.23417,337.37,0.56,0.43,2026-09-05,739,N21,VIIRS,n,2.0NRT,302.61,5.26,D,VIIRS_NOAA21_NRT
14.89373,79.23341,344.92,0.56,0.43,2026-09-05,739,N21,VIIRS,n,2.0NRT,306.78,11.33,D,VIIRS_NOAA21_NRT
14.8944,79.23558,337.63,0.56,0.43,2026-09-05,739,N21,VIIRS,n,2.0NRT,304.76,13.38,D,VIIRS_NOAA21_NRT
15.05152,77.10382,339.01,0.51,0.49,2026-09-05,739,N21,VIIRS,n,2.0NRT,300.38,6.89,D,VIIRS_NOAA21_NRT
15.05385,77.10737,337.91,0.51,0.49,2026-09-05,739,N21,VIIRS,n,2.0NRT,301.86,8.26,D,VIIRS_NOAA21_NRT
15.08309,77.31823,342.25,0.49,0.49,2026-09-05,739,N21,VIIRS,n,2.0NRT,300.72,6.51,D,VIIRS_NOAA21_NRT
15.08391,77.32272,339.45,0.49,0.49,2026-09-05,739,N21,VIIRS,n,2.0NRT,301.4,11.74,D,VIIRS_NOAA21_NRT
15.14559,77.5779,336.17,0.47,0.48,2026-09-05,739,N21,VIIRS,n,2.0NRT,301.03,5.52,D,VIIRS_NOAA21_NRT
15.16157,78.87546,343.2,0.39,0.44,2026-09-05,739,N21,VIIRS,n,2.0NRT,304.9,6.56,D,VIIRS_NOAA21_NRT
15.16326,78.87621,344.53,0.39,0.44,2026-09-05,739,N21,VIIRS,n,2.0NRT,306.18,8.69,D,VIIRS_NOAA21_NRT
15.18071,79.9314,331.23,0.51,0.41,2026-09-05,739,N21,VIIRS,n,2.0NRT,298.08,8.37,D,VIIRS_NOAA21_NRT
15.18146,76.66666,332.37,0.54,0.51,2026-09-05,739,N21,VIIRS,n,2.0NRT,300.59,8.52,D,VIIRS_NOAA21_NRT
15.97591,78.40904,341.13,0.4,0.44,2026-09-05,739,N21,VIIRS,n,2.0NRT,300.09,2.35,D,VIIRS_NOAA21_NRT
16.18167,75.15438,346.32,0.33,0.55,2026-09-05,739,N21,VIIRS,n,2.0NRT,297.58,3.88,D,VIIRS_NOAA21_NRT
16.46725,79.59427,331.45,0.51,0.41,2026-09-05,739,N21,VIIRS,l,2.0NRT,303.99,4.62,D,VIIRS_NOAA21_NRT
8.74992,77.84068,335.67,0.58,0.52,2026-09-05,737,N21,VIIRS,n,2.0NRT,298.97,15.53,D,VIIRS_NOAA21_NRT
16.518,78.36384,339.6,0.4,0.44,2026-09-05,739,N21,VIIRS,n,2.0NRT,297.35,6.01,D,VIIRS_NOAA21_NRT
14.74425,78.99921,339.52,0.39,0.44,2026-09-05,739,N21,VIIRS,n,2.0NRT,302.1,6.21,D,VIIRS_NOAA21_NRT
10.68266,77.4065,338.57,0.58,0.52,2026-09-05,737,N21,VIIRS,n,2.0NRT,303.34,11.41,D,VIIRS_NOAA21_NRT
14.74364,78.99567,342.35,0.39,0.44,2026-09-05,739,N21,VIIRS,n,2.0NRT,302.29,5.59,D,VIIRS_NOAA21_NRT
14.66492,79.76666,337.9,0.53,0.42,2026-09-05,739,N21,VIIRS,n,2.0NRT,303.79,5.81,D,VIIRS_NOAA21_NRT
10.87756,79.31715,332.91,0.43,0.46,2026-09-05,737,N21,VIIRS,n,2.0NRT,298.71,4.55,D,VIIRS_NOAA21_NRT
10.98393,78.21921,337.97,0.5,0.49,2026-09-05,737,N21,VIIRS,n,2.0NRT,300.17,7.0,D,VIIRS_NOAA21_NRT
11.00214,77.12466,339.89,0.6,0.53,2026-09-05,737,N21,VIIRS,n,2.0NRT,303.19,13.48,D,VIIRS_NOAA21_NRT
12.15397,78.16905,336.62,0.48,0.48,2026-09-05,739,N21,VIIRS,n,2.0NRT,302.19,4.39,D,VIIRS_NOAA21_NRT
12.8087,79.956,331.25,0.55,0.43,2026-09-05,739,N21,VIIRS,n,2.0NRT,300.28,3.42,D,VIIRS_NOAA21_NRT
12.98483,74.85038,331.47,0.39,0.59,2026-09-05,739,N21,VIIRS,n,2.0NRT,293.42,3.31,D,VIIRS_NOAA21_NRT
13.40306,77.79495,331.54,0.49,0.48,2026-09-05,739,N21,VIIRS,l,2.0NRT,303.21,4.98,D,VIIRS_NOAA21_NRT
13.83938,78.43033,333.73,0.44,0.46,2026-09-05,739,N21,VIIRS,l,2.0NRT,304.36,6.4,D,VIIRS_NOAA21_NRT
13.98039,77.90034,333.52,0.47,0.48,2026-09-05,739,N21,VIIRS,n,2.0NRT,297.82,4.5,D,VIIRS_NOAA21_NRT
13.99219,78.44974,339.86,0.43,0.46,2026-09-05,739,N21,VIIRS,n,2.0NRT,301.76,5.69,D,VIIRS_NOAA21_NRT
14.29248,79.05112,339.86,0.39,0.44,2026-09-05,739,N21,VIIRS,n,2.0NRT,299.56,5.16,D,VIIRS_NOAA21_NRT
14.29637,79.04987,339.91,0.39,0.44,2026-09-05,739,N21,VIIRS,n,2.0NRT,299.87,5.16,D,VIIRS_NOAA21_NRT
14.29697,79.05332,351.13,0.39,0.44,2026-09-05,739,N21,VIIRS,n,2.0NRT,300.03,10.83,D,VIIRS_NOAA21_NRT
14.38531,77.7276,340.52,0.47,0.48,2026-09-05,739,N21,VIIRS,n,2.0NRT,302.25,6.8,D,VIIRS_NOAA21_NRT
14.42101,78.31239,339.84,0.43,0.46,2026-09-05,739,N21,VIIRS,n,2.0NRT,305.8,7.07,D,VIIRS_NOAA21_NRT
14.52478,79.06197,339.03,0.39,0.44,2026-09-05,739,N21,VIIRS,n,2.0NRT,304.58,3.45,D,VIIRS_NOAA21_NRT
14.53701,79.08536,341.22,0.39,0.44,2026-09-05,739,N21,VIIRS,n,2.0NRT,301.77,7.22,D,VIIRS_NOAA21_NRT
14.57085,79.05241,331.71,0.39,0.44,2026-09-05,739,N21,VIIRS,l,2.0NRT,303.67,2.7,D,VIIRS_NOAA21_NRT
14.62758,79.59048,337.53,0.54,0.42,2026-09-05,739,N21,VIIRS,n,2.0NRT,302.9,3.52,D,VIIRS_NOAA21_NRT
14.66505,79.76515,338.05,0.53,0.42,2026-09-05,739,N21,VIIRS,n,2.0NRT,303.38,8.22,D,VIIRS_NOAA21_NRT
16.87762,79.99414,331.98,0.48,0.4,2026-09-05,739,N21,VIIRS,l,2.0NRT,301.59,4.26,D,VIIRS_NOAA21_NRT
8.62455,77.91331,335.09,0.58,0.52,2026-09-05,737,N21,VIIRS,n,2.0NRT,296.57,6.53,D,VIIRS_NOAA21_NRT
8.62842,77.79488,343.54,0.59,0.53,2026-09-05,737,N21,VIIRS,n,2.0NRT,300.2,9.66,D,VIIRS_NOAA21_NRT
8.74177,77.40366,340.22,0.62,0.54,2026-09-05,737,N21,VIIRS,n,2.0NRT,301.53,10.53,D,VIIRS_NOAA21_NRT
17.04735,81.88509,333.51,0.4,0.37,2026-09-05,739,N21,VIIRS,n,2.0NRT,297.78,3.4,D,VIIRS_NOAA21_NRT
23.70852,86.447,315.9,0.48,0.4,2026-09-05,2010,N21,VIIRS,n,2.0NRT,289.96,2.39,N,VIIRS_NOAA21_NRT
17.61126,83.20282,330.46,0.38,0.36,2026-09-05,739,N21,VIIRS,l,2.0NRT,300.55,3.1,D,VIIRS_NOAA21_NRT
23.68428,86.39372,330.86,0.48,0.4,2026-09-05,2010,N21,VIIRS,n,2.0NRT,294.16,3.98,N,VIIRS_NOAA21_NRT
23.68512,86.38915,307.59,0.48,0.4,2026-09-05,2010,N21,VIIRS,n,2.0NRT,291.83,3.98,N,VIIRS_NOAA21_NRT
23.68659,87.12218,311.02,0.52,0.41,2026-09-05,2010,N21,VIIRS,n,2.0NRT,288.57,5.3,N,VIIRS_NOAA21_NRT
23.69411,87.12382,314.47,0.52,0.41,2026-09-05,2010,N21,VIIRS,n,2.0NRT,289.23,4.7,N,VIIRS_NOAA21_NRT
23.69505,85.28721,305.53,0.43,0.38,2026-09-05,2010,N21,VIIRS,n,2.0NRT,289.69,1.94,N,VIIRS_NOAA21_NRT
23.69513,85.36953,317.14,0.43,0.38,2026-09-05,2010,N21,VIIRS,n,2.0NRT,288.69,2.54,N,VIIRS_NOAA21_NRT
23.69594,87.0929,308.84,0.52,0.41,2026-09-05,2010,N21,VIIRS,n,2.0NRT,287.72,2.14,N,VIIRS_NOAA21_NRT
23.69731,85.35693,301.44,0.43,0.38,2026-09-05,2010,N21,VIIRS,n,2.0NRT,284.32,0.98,N,VIIRS_NOAA21_NRT
23.69961,86.07338,323.47,0.46,0.39,2026-09-05,2010,N21,VIIRS,n,2.0NRT,285.72,4.46,N,VIIRS_NOAA21_NRT
23.71131,86.4524,319.92,0.48,0.4,2026-09-05,2010,N21,VIIRS,n,2.0NRT,290.31,3.36,N,VIIRS_NOAA21_NRT
23.71215,86.44777,312.63,0.48,0.4,2026-09-05,2010,N21,VIIRS,n,2.0NRT,289.7,2.39,N,VIIRS_NOAA21_NRT
23.71271,86.42383,309.43,0.48,0.4,2026-09-05,2010,N21,VIIRS,n,2.0NRT,291.78,3.71,N,VIIRS_NOAA21_NRT
23.71806,85.00999,307.03,0.42,0.38,2026-09-05,2010,N21,VIIRS,n,2.0NRT,287.2,0.49,N,VIIRS_NOAA21_NRT
23.73718,85.02235,302.78,0.42,0.38,2026-09-05,2010,N21,VIIRS,n,2.0NRT,286.36,0.7,N,VIIRS_NOAA21_NRT
23.73728,86.43386,331.03,0.48,0.4,2026-09-05,2010,N21,VIIRS,n,2.0NRT,286.7,6.3,N,VIIRS_NOAA21_NRT
23.73929,85.01005,312.86,0.42,0.38,2026-09-05,2010,N21,VIIRS,n,2.0NRT,289.07,2.29,N,VIIRS_NOAA21_NRT
23.74508,85.50452,300.71,0.44,0.38,2026-09-05,2010,N21,VIIRS,n,2.0NRT,282.52,0.54,N,VIIRS_NOAA21_NRT
23.75274,85.85497,307.17,0.45,0.39,2026-09-05,2010,N21,VIIRS,n,2.0NRT,289.72,1.31,N,VIIRS_NOAA21_NRT
23.75628,85.85568,308.78,0.45,0.39,2026-09-05,2010,N21,VIIRS,n,2.0NRT,290.23,2.67,N,VIIRS_NOAA21_NRT
23.75704,85.85133,309.4,0.45,0.39,2026-09-05,2010,N21,VIIRS,n,2.0NRT,289.26,1.52,N,VIIRS_NOAA21_NRT
23.75759,86.4045,310.67,0.48,0.4,2026-09-05,2010,N21,VIIRS,n,2.0NRT,279.56,2.42,N,VIIRS_NOAA21_NRT
23.75841,86.3999,304.9,0.48,0.4,2026-09-05,2010,N21,VIIRS,n,2.0NRT,277.02,2.01,N,VIIRS_NOAA21_NRT
23.68136,86.0927,329.91,0.46,0.39,2026-09-05,2010,N21,VIIRS,n,2.0NRT,291.39,8.96,N,VIIRS_NOAA21_NRT
23.76121,86.40527,312.45,0.48,0.4,2026-09-05,2010,N21,VIIRS,n,2.0NRT,277.56,1.75,N,VIIRS_NOAA21_NRT
23.68057,86.09719,326.49,0.46,0.39,2026-09-05,2010,N21,VIIRS,n,2.0NRT,291.32,6.99,N,VIIRS_NOAA21_NRT
23.67702,86.39223,309.54,0.48,0.4,2026-09-05,2010,N21,VIIRS,n,2.0NRT,291.7,2.6,N,VIIRS_NOAA21_NRT
22.57382,85.89554,342.22,0.47,0.4,2026-09-05,2010,N21,VIIRS,n,2.0NRT,294.39,7.45,N,VIIRS_NOAA21_NRT
22.57463,85.89106,309.35,0.47,0.4,2026-09-05,2010,N21,VIIRS,n,2.0NRT,292.93,2.21,N,VIIRS_NOAA21_NRT
22.59097,85.90384,307.25,0.47,0.4,2026-09-05,2010,N21,VIIRS,n,2.0NRT,292.47,1.84,N,VIIRS_NOAA21_NRT
22.78233,86.20396,306.54,0.48,0.4,2026-09-05,2010,N21,VIIRS,n,2.0NRT,293.29,1.65,N,VIIRS_NOAA21_NRT
22.78679,86.20014,308.97,0.48,0.4,2026-09-05,2010,N21,VIIRS,n,2.0NRT,293.68,1.65,N,VIIRS_NOAA21_NRT
22.7896,86.20553,310.74,0.48,0.4,2026-09-05,2010,N21,VIIRS,n,2.0NRT,293.44,3.02,N,VIIRS_NOAA21_NRT
22.79125,86.19631,308.75,0.48,0.4,2026-09-05,2010,N21,VIIRS,n,2.0NRT,293.4,2.41,N,VIIRS_NOAA21_NRT
22.79769,86.20249,307.99,0.48,0.4,2026-09-05,2010,N21,VIIRS,n,2.0NRT,293.22,2.29,N,VIIRS_NOAA21_NRT
22.81455,86.08678,319.93,0.48,0.4,2026-09-05,2010,N21,VIIRS,n,2.0NRT,292.35,3.02,N,VIIRS_NOAA21_NRT
22.87173,86.06425,309.81,0.47,0.4,2026-09-05,2010,N21,VIIRS,n,2.0NRT,292.42,1.5,N,VIIRS_NOAA21_NRT
22.87283,88.21246,305.18,0.41,0.45,2026-09-05,2010,N21,VIIRS,n,2.0NRT,289.89,2.67,N,VIIRS_NOAA21_NRT
23.55145,86.54217,304.01,0.49,0.4,2026-09-05,2010,N21,VIIRS,n,2.0NRT,285.36,1.05,N,VIIRS_NOAA21_NRT
23.55911,87.23907,315.09,0.53,0.42,2026-09-05,2010,N21,VIIRS,n,2.0NRT,291.65,5.76,N,VIIRS_NOAA21_NRT
23.56006,87.23399,310.14,0.53,0.42,2026-09-05,2010,N21,VIIRS,n,2.0NRT,291.54,2.63,N,VIIRS_NOAA21_NRT
23.561,87.22893,310.94,0.53,0.42,2026-09-05,2010,N21,VIIRS,n,2.0NRT,291.43,2.63,N,VIIRS_NOAA21_NRT
23.56101,87.08167,312.78,0.52,0.41,2026-09-05,2010,N21,VIIRS,n,2.0NRT,292.49,4.73,N,VIIRS_NOAA21_NRT
23.66368,84.99961,304.65,0.42,0.38,2026-09-05,2010,N21,VIIRS,n,2.0NRT,290.89,0.9,N,VIIRS_NOAA21_NRT
23.66405,87.15904,305.22,0.52,0.42,2026-09-05,2010,N21,VIIRS,n,2.0NRT,271.82,1.2,N,VIIRS_NOAA21_NRT
23.66499,87.15402,303.51,0.52,0.42,2026-09-05,2010,N21,VIIRS,n,2.0NRT,274.19,1.2,N,VIIRS_NOAA21_NRT
23.6678,84.99622,304.81,0.42,0.38,2026-09-05,2010,N21,VIIRS,n,2.0NRT,290.35,0.75,N,VIIRS_NOAA21_NRT
23.67502,86.08669,313.97,0.46,0.39,2026-09-05,2010,N21,VIIRS,n,2.0NRT,291.53,2.56,N,VIIRS_NOAA21_NRT
23.67533,86.40147,321.76,0.48,0.4,2026-09-05,2010,N21,VIIRS,n,2.0NRT,294.59,3.81,N,VIIRS_NOAA21_NRT
23.67618,86.39684,314.98,0.48,0.4,2026-09-05,2010,N21,VIIRS,n,2.0NRT,293.67,3.81,N,VIIRS_NOAA21_NRT
23.67981,86.39758,312.26,0.48,0.4,2026-09-05,2010,N21,VIIRS,n,2.0NRT,293.12,4.02,N,VIIRS_NOAA21_NRT
22.37877,87.28007,327.63,0.56,0.43,2026-09-05,2010,N21,VIIRS,n,2.0NRT,293.8,3.77,N,VIIRS_NOAA21_NRT
23.76203,86.40067,313.64,0.48,0.4,2026-09-05,2010,N21,VIIRS,n,2.0NRT,275.82,2.1,N,VIIRS_NOAA21_NRT
23.76565,86.40144,301.05,0.48,0.4,2026-09-05,2010,N21,VIIRS,n,2.0NRT,273.73,2.1,N,VIIRS_NOAA21_NRT
15.16609,76.37775,303.82,0.52,0.41,2026-09-05,2012,N21,VIIRS,n,2.0NRT,290.84,1.2,N,VIIRS_NOAA21_NRT
15.16922,76.38309,304.51,0.52,0.41,2026-09-05,2012,N21,VIIRS,n,2.0NRT,291.05,1.93,N,VIIRS_NOAA21_NRT
15.16989,76.37828,304.37,0.52,0.41,2026-09-05,2012,N21,VIIRS,n,2.0NRT,290.96,1.64,N,VIIRS_NOAA21_NRT
15.17172,76.69458,305.11,0.5,0.41,2026-09-05,2012,N21,VIIRS,n,2.0NRT,291.7,1.26,N,VIIRS_NOAA21_NRT
15.17192,76.66631,305.74,0.5,0.41,2026-09-05,2012,N21,VIIRS,n,2.0NRT,292.11,1.81,N,VIIRS_NOAA21_NRT
15.17237,76.68996,308.78,0.5,0.41,2026-09-05,2012,N21,VIIRS,n,2.0NRT,291.93,1.26,N,VIIRS_NOAA21_NRT
15.17375,76.6927,315.48,0.5,0.41,2026-09-05,2012,N21,VIIRS,n,2.0NRT,292.3,2.55,N,VIIRS_NOAA21_NRT
15.17379,77.10085,306.8,0.48,0.4,2026-09-05,2012,N21,VIIRS,n,2.0NRT,292.81,1.56,N,VIIRS_NOAA21_NRT
15.17387,76.65245,314.05,0.5,0.41,2026-09-05,2012,N21,VIIRS,n,2.0NRT,291.55,2.61,N,VIIRS_NOAA21_NRT
15.17434,76.67606,305.63,0.5,0.41,2026-09-05,2012,N21,VIIRS,n,2.0NRT,291.88,1.45,N,VIIRS_NOAA21_NRT
15.17502,76.65514,324.56,0.5,0.41,2026-09-05,2012,N21,VIIRS,n,2.0NRT,293.97,4.05,N,VIIRS_NOAA21_NRT
15.17563,76.67879,309.68,0.5,0.41,2026-09-05,2012,N21,VIIRS,n,2.0NRT,292.9,2.87,N,VIIRS_NOAA21_NRT
15.17626,76.67416,313.32,0.5,0.41,2026-09-05,2012,N21,VIIRS,n,2.0NRT,292.76,2.82,N,VIIRS_NOAA21_NRT
15.17696,76.65759,313.08,0.5,0.41,2026-09-05,2012,N21,VIIRS,n,2.0NRT,293.37,2.12,N,VIIRS_NOAA21_NRT
15.17761,76.65297,309.37,0.5,0.41,2026-09-05,2012,N21,VIIRS,n,2.0NRT,292.93,2.12,N,VIIRS_NOAA21_NRT
15.17808,76.67657,316.25,0.5,0.41,2026-09-05,2012,N21,VIIRS,n,2.0NRT,293.07,1.45,N,VIIRS_NOAA21_NRT
15.17873,76.67195,308.45,0.5,0.41,2026-09-05,2012,N21,VIIRS,n,2.0NRT,292.18,1.45,N,VIIRS_NOAA21_NRT
15.17876,76.65566,309.99,0.5,0.41,2026-09-05,2012,N21,VIIRS,n,2.0NRT,292.85,1.62,N,VIIRS_NOAA21_NRT
15.17999,76.67468,310.65,0.5,0.41,2026-09-05,2012,N21,VIIRS,n,2.0NRT,292.94,2.82,N,VIIRS_NOAA21_NRT
15.18124,76.66544,330.93,0.5,0.41,2026-09-05,2012,N21,VIIRS,n,2.0NRT,293.11,5.22,N,VIIRS_NOAA21_NRT
15.18312,76.65155,307.36,0.5,0.41,2026-09-05,2012,N21,VIIRS,n,2.0NRT,292.72,1.62,N,VIIRS_NOAA21_NRT
15.18623,76.65672,307.98,0.5,0.41,2026-09-05,2012,N21,VIIRS,n,2.0NRT,293.31,2.33,N,VIIRS_NOAA21_NRT
15.22446,76.76551,307.97,0.49,0.41,2026-09-05,2012,N21,VIIRS,n,2.0NRT,292.36,1.37,N,VIIRS_NOAA21_NRT
15.02234,78.01205,308.61,0.43,0.38,2026-09-05,2012,N21,VIIRS,n,2.0NRT,294.74,1.24,N,VIIRS_NOAA21_NRT
23.76483,86.40603,309.74,0.48,0.4,2026-09-05,2010,N21,VIIRS,n,2.0NRT,276.0,1.75,N,VIIRS_NOAA21_NRT
15.02176,78.01606,318.16,0.43,0.38,2026-09-05,2012,N21,VIIRS,n,2.0NRT,296.52,1.73,N,VIIRS_NOAA21_NRT
14.14932,77.59215,330.34,0.44,0.38,2026-09-05,2012,N21,VIIRS,n,2.0NRT,294.88,4.01,N,VIIRS_NOAA21_NRT
23.76927,86.40222,300.53,0.48,0.4,2026-09-05,2010,N21,VIIRS,n,2.0NRT,273.14,1.09,N,VIIRS_NOAA21_NRT
23.77187,86.19864,303.1,0.47,0.4,2026-09-05,2010,N21,VIIRS,n,2.0NRT,277.17,0.92,N,VIIRS_NOAA21_NRT
23.77222,86.36455,308.15,0.48,0.4,2026-09-05,2010,N21,VIIRS,n,2.0NRT,274.3,2.31,N,VIIRS_NOAA21_NRT
23.77267,86.19411,301.46,0.47,0.4,2026-09-05,2010,N21,VIIRS,n,2.0NRT,277.59,1.01,N,VIIRS_NOAA21_NRT
23.77583,86.36533,301.3,0.48,0.4,2026-09-05,2010,N21,VIIRS,n,2.0NRT,274.57,1.55,N,VIIRS_NOAA21_NRT
23.77627,86.38731,300.34,0.48,0.4,2026-09-05,2010,N21,VIIRS,n,2.0NRT,272.44,1.46,N,VIIRS_NOAA21_NRT
23.77744,86.20918,311.4,0.47,0.4,2026-09-05,2010,N21,VIIRS,n,2.0NRT,284.65,3.25,N,VIIRS_NOAA21_NRT
23.77898,86.38986,309.4,0.48,0.4,2026-09-05,2010,N21,VIIRS,n,2.0NRT,274.82,2.73,N,VIIRS_NOAA21_NRT
23.77909,86.34697,302.54,0.48,0.4,2026-09-05,2010,N21,VIIRS,n,2.0NRT,271.37,1.53,N,VIIRS_NOAA21_NRT
23.77989,86.38808,304.38,0.48,0.4,2026-09-05,2010,N21,VIIRS,n,2.0NRT,273.5,1.46,N,VIIRS_NOAA21_NRT
23.77997,85.57357,300.83,0.44,0.38,2026-09-05,2010,N21,VIIRS,n,2.0NRT,280.76,1.04,N,VIIRS_NOAA21_NRT
23.78103,86.2099,326.33,0.47,0.4,2026-09-05,2010,N21,VIIRS,n,2.0NRT,284.23,4.33,N,VIIRS_NOAA21_NRT
23.78718,85.55292,309.71,0.44,0.38,2026-09-05,2010,N21,VIIRS,n,2.0NRT,276.13,1.22,N,VIIRS_NOAA21_NRT
23.80162,86.33073,312.04,0.47,0.4,2026-09-05,2010,N21,VIIRS,n,2.0NRT,270.26,2.3,N,VIIRS_NOAA21_NRT
23.80522,86.3315,305.43,0.47,0.4,2026-09-05,2010,N21,VIIRS,n,2.0NRT,269.68,2.3,N,VIIRS_NOAA21_NRT
23.82782,84.57143,309.52,0.41,0.37,2026-09-05,2010,N21,VIIRS,n,2.0NRT,289.38,2.2,N,VIIRS_NOAA21_NRT
24.13681,82.726,310.82,0.38,0.36,2026-09-05,2010,N21,VIIRS,n,2.0NRT,289.68,1.21,N,VIIRS_NOAA21_NRT
24.14729,82.65858,302.08,0.38,0.36,2026-09-05,2010,N21,VIIRS,n,2.0NRT,287.02,0.78,N,VIIRS_NOAA21_NRT
24.20427,82.71069,306.37,0.38,0.36,2026-09-05,2010,N21,VIIRS,n,2.0NRT,283.66,2.18,N,VIIRS_NOAA21_NRT
13.37448,78.87302,304.49,0.4,0.37,2026-09-05,2012,N21,VIIRS,n,2.0NRT,292.03,0.63,N,VIIRS_NOAA21_NRT
13.70996,79.61896,311.56,0.39,0.36,2026-09-05,2012,N21,VIIRS,n,2.0NRT,295.77,1.22,N,VIIRS_NOAA21_NRT
14.60506,78.52165,312.98,0.41,0.37,2026-09-05,2012,N21,VIIRS,n,2.0NRT,296.64,1.12,N,VIIRS_NOAA21_NRT
22.3749,87.27922,314.23,0.56,0.43,2026-09-05,2010,N21,VIIRS,n,2.0NRT,293.32,3.77,N,VIIRS_NOAA21_NRT
22.36787,87.01679,307.73,0.54,0.42,2026-09-05,2010,N21,VIIRS,n,2.0NRT,292.8,1.5,N,VIIRS_NOAA21_NRT
22.36707,87.29963,314.18,0.56,0.43,2026-09-05,2010,N21,VIIRS,n,2.0NRT,293.19,2.93,N,VIIRS_NOAA21_NRT
21.80075,83.89083,331.1,0.4,0.37,2026-09-05,741,N21,VIIRS,n,2.0NRT,299.07,4.61,D,VIIRS_NOAA21_NRT
21.91979,83.35107,333.15,0.39,0.36,2026-09-05,741,N21,VIIRS,n,2.0NRT,295.87,4.81,D,VIIRS_NOAA21_NRT
21.98429,83.2333,330.89,0.39,0.36,2026-09-05,741,N21,VIIRS,n,2.0NRT,297.5,5.54,D,VIIRS_NOAA21_NRT
22.01548,83.75323,332.23,0.4,0.37,2026-09-05,741,N21,VIIRS,n,2.0NRT,298.5,4.0,D,VIIRS_NOAA21_NRT
22.20641,84.86032,333.67,0.43,0.38,2026-09-05,741,N21,VIIRS,n,2.0NRT,293.64,2.9,D,VIIRS_NOAA21_NRT
22.37712,87.28085,344.15,0.56,0.43,2026-09-05,741,N21,VIIRS,n,2.0NRT,301.14,10.49,D,VIIRS_NOAA21_NRT
23.55816,87.24094,340.7,0.39,0.44,2026-09-05,741,N21,VIIRS,n,2.0NRT,288.98,9.32,D,VIIRS_NOAA21_NRT
23.66361,87.15351,332.47,0.38,0.43,2026-09-05,741,N21,VIIRS,n,2.0NRT,294.03,6.54,D,VIIRS_NOAA21_NRT
23.67541,86.40211,331.36,0.52,0.42,2026-09-05,741,N21,VIIRS,n,2.0NRT,299.31,7.66,D,VIIRS_NOAA21_NRT
23.67755,86.08622,331.24,0.5,0.41,2026-09-05,741,N21,VIIRS,n,2.0NRT,298.56,6.59,D,VIIRS_NOAA21_NRT
23.67857,86.39642,332.5,0.52,0.42,2026-09-05,741,N21,VIIRS,n,2.0NRT,298.92,7.66,D,VIIRS_NOAA21_NRT
23.68237,86.39584,333.83,0.52,0.42,2026-09-05,741,N21,VIIRS,n,2.0NRT,298.26,8.94,D,VIIRS_NOAA21_NRT
23.68554,86.39025,330.44,0.52,0.42,2026-09-05,741,N21,VIIRS,n,2.0NRT,297.05,5.08,D,VIIRS_NOAA21_NRT
23.73679,86.4326,340.33,0.53,0.42,2026-09-05,741,N21,VIIRS,n,2.0NRT,296.6,9.67,D,VIIRS_NOAA21_NRT
23.75651,86.40362,330.47,0.52,0.42,2026-09-05,741,N21,VIIRS,n,2.0NRT,296.28,6.33,D,VIIRS_NOAA21_NRT
23.76031,86.40304,334.22,0.52,0.42,2026-09-05,741,N21,VIIRS,n,2.0NRT,296.61,6.5,D,VIIRS_NOAA21_NRT
23.76412,86.40247,339.26,0.52,0.42,2026-09-05,741,N21,VIIRS,n,2.0NRT,296.81,6.5,D,VIIRS_NOAA21_NRT
23.77806,86.38996,330.56,0.52,0.42,2026-09-05,741,N21,VIIRS,n,2.0NRT,296.61,7.18,D,VIIRS_NOAA21_NRT
23.77862,86.21019,337.05,0.51,0.41,2026-09-05,741,N21,VIIRS,n,2.0NRT,296.7,8.62,D,VIIRS_NOAA21_NRT
23.78238,86.20961,331.12,0.51,0.41,2026-09-05,741,N21,VIIRS,n,2.0NRT,295.78,4.32,D,VIIRS_NOAA21_NRT
24.16025,82.56627,335.71,0.39,0.36,2026-09-05,741,N21,VIIRS,n,2.0NRT,297.05,3.52,D,VIIRS_NOAA21_NRT
21.75295,83.84393,332.49,0.4,0.37,2026-09-05,741,N21,VIIRS,n,2.0NRT,299.16,4.44,D,VIIRS_NOAA21_NRT
21.7496,83.84448,332.62,0.4,0.37,2026-09-05,741,N21,VIIRS,n,2.0NRT,299.58,4.66,D,VIIRS_NOAA21_NRT
21.74626,83.84503,332.02,0.4,0.37,2026-09-05,741,N21,VIIRS,n,2.0NRT,300.45,4.66,D,VIIRS_NOAA21_NRT
19.09286,82.17107,333.96,0.39,0.36,2026-09-05,739,N21,VIIRS,n,2.0NRT,298.66,4.83,D,VIIRS_NOAA21_NRT
20.76047,85.29589,334.78,0.43,0.38,2026-09-05,741,N21,VIIRS,n,2.0NRT,301.5,9.92,D,VIIRS_NOAA21_NRT
20.79373,85.25279,337.35,0.43,0.38,2026-09-05,741,N21,VIIRS,n,2.0NRT,302.21,11.33,D,VIIRS_NOAA21_NRT
20.86238,84.98907,332.44,0.42,0.38,2026-09-05,741,N21,VIIRS,n,2.0NRT,298.19,4.32,D,VIIRS_NOAA21_NRT
20.86294,84.99312,332.71,0.42,0.38,2026-09-05,741,N21,VIIRS,n,2.0NRT,300.19,9.04,D,VIIRS_NOAA21_NRT
20.95183,86.04603,337.08,0.47,0.4,2026-09-05,741,N21,VIIRS,n,2.0NRT,299.89,11.3,D,VIIRS_NOAA21_NRT
20.95243,86.05051,337.76,0.47,0.4,2026-09-05,741,N21,VIIRS,n,2.0NRT,300.36,12.48,D,VIIRS_NOAA21_NRT
20.9564,85.01198,331.15,0.43,0.38,2026-09-05,741,N21,VIIRS,l,2.0NRT,302.24,5.42,D,VIIRS_NOAA21_NRT
20.96243,85.18635,344.47,0.43,0.38,2026-09-05,741,N21,VIIRS,n,2.0NRT,301.74,5.69,D,VIIRS_NOAA21_NRT
20.96299,85.19049,336.16,0.43,0.38,2026-09-05,741,N21,VIIRS,n,2.0NRT,302.37,5.69,D,VIIRS_NOAA21_NRT
20.96368,85.16933,337.04,0.43,0.38,2026-09-05,741,N21,VIIRS,n,2.0NRT,301.56,4.3,D,VIIRS_NOAA21_NRT
20.96423,85.17345,331.03,0.43,0.38,2026-09-05,741,N21,VIIRS,n,2.0NRT,300.29,4.3,D,VIIRS_NOAA21_NRT
20.96715,85.16881,330.83,0.43,0.38,2026-09-05,741,N21,VIIRS,l,2.0NRT,301.6,4.69,D,VIIRS_NOAA21_NRT
20.96771,85.17292,340.7,0.43,0.38,2026-09-05,741,N21,VIIRS,n,2.0NRT,302.02,4.69,D,VIIRS_NOAA21_NRT
20.96827,85.17702,336.07,0.43,0.38,2026-09-05,741,N21,VIIRS,n,2.0NRT,301.48,3.89,D,VIIRS_NOAA21_NRT
20.9684,85.15186,338.21,0.43,0.38,2026-09-05,741,N21,VIIRS,n,2.0NRT,302.5,7.87,D,VIIRS_NOAA21_NRT
20.97174,85.17648,330.59,0.43,0.38,2026-09-05,741,N21,VIIRS,n,2.0NRT,300.16,3.89,D,VIIRS_NOAA21_NRT
20.97349,86.00412,330.64,0.47,0.39,2026-09-05,741,N21,VIIRS,n,2.0NRT,298.91,7.97,D,VIIRS_NOAA21_NRT
20.97813,85.17133,330.81,0.43,0.38,2026-09-05,741,N21,VIIRS,n,2.0NRT,300.09,6.07,D,VIIRS_NOAA21_NRT
21.67903,84.03973,334.77,0.4,0.37,2026-09-05,741,N21,VIIRS,n,2.0NRT,301.91,6.22,D,VIIRS_NOAA21_NRT
21.73983,83.84127,330.66,0.4,0.37,2026-09-05,741,N21,VIIRS,l,2.0NRT,301.02,3.69,D,VIIRS_NOAA21_NRT
21.74318,83.84072,338.54,0.4,0.37,2026-09-05,741,N21,VIIRS,n,2.0NRT,301.18,3.69,D,VIIRS_NOAA21_NRT
21.74571,83.8412,337.03,0.4,0.37,2026-09-05,741,N21,VIIRS,n,2.0NRT,300.69,5.14,D,VIIRS_NOAA21_NRT
21.74906,83.84065,334.1,0.4,0.37,2026-09-05,741,N21,VIIRS,n,2.0NRT,298.25,5.14,D,VIIRS_NOAA21_NRT
21.77047,84.01955,310.59,0.41,0.37,2026-09-05,2010,N21,VIIRS,n,2.0NRT,292.24,2.59,N,VIIRS_NOAA21_NRT
21.80179,83.8933,302.5,0.4,0.37,2026-09-05,2010,N21,VIIRS,n,2.0NRT,289.19,1.38,N,VIIRS_NOAA21_NRT
21.81763,83.99536,305.71,0.41,0.37,2026-09-05,2010,N21,VIIRS,n,2.0NRT,291.41,3.04,N,VIIRS_NOAA21_NRT
21.85717,83.96687,309.54,0.41,0.37,2026-09-05,2010,N21,VIIRS,n,2.0NRT,291.72,3.14,N,VIIRS_NOAA21_NRT
21.9213,83.34872,300.73,0.39,0.36,2026-09-05,2010,N21,VIIRS,n,2.0NRT,285.13,0.91,N,VIIRS_NOAA21_NRT
21.92353,85.22436,317.76,0.45,0.39,2026-09-05,2010,N21,VIIRS,n,2.0NRT,290.94,2.65,N,VIIRS_NOAA21_NRT
21.92794,83.34996,295.74,0.39,0.36,2026-09-05,2010,N21,VIIRS,n,2.0NRT,283.72,0.86,N,VIIRS_NOAA21_NRT
21.93132,85.22147,310.59,0.45,0.39,2026-09-05,2010,N21,VIIRS,n,2.0NRT,291.02,1.77,N,VIIRS_NOAA21_NRT
21.98956,85.32646,305.55,0.45,0.39,2026-09-05,2010,N21,VIIRS,n,2.0NRT,290.81,1.09,N,VIIRS_NOAA21_NRT
22.05061,88.12418,308.05,0.42,0.45,2026-09-05,2010,N21,VIIRS,n,2.0NRT,292.31,2.71,N,VIIRS_NOAA21_NRT
22.05307,85.4641,309.95,0.46,0.39,2026-09-05,2010,N21,VIIRS,n,2.0NRT,291.15,1.36,N,VIIRS_NOAA21_NRT
22.0547,88.12509,313.7,0.42,0.45,2026-09-05,2010,N21,VIIRS,n,2.0NRT,292.83,3.41,N,VIIRS_NOAA21_NRT
22.20611,84.85925,317.65,0.43,0.38,2026-09-05,2010,N21,VIIRS,n,2.0NRT,289.35,2.82,N,VIIRS_NOAA21_NRT
22.20814,84.86816,305.04,0.43,0.38,2026-09-05,2010,N21,VIIRS,n,2.0NRT,290.68,2.03,N,VIIRS_NOAA21_NRT
22.20885,84.86406,322.75,0.43,0.38,2026-09-05,2010,N21,VIIRS,n,2.0NRT,291.11,5.04,N,VIIRS_NOAA21_NRT
22.20956,84.85995,329.75,0.43,0.38,2026-09-05,2010,N21,VIIRS,n,2.0NRT,291.42,5.04,N,VIIRS_NOAA21_NRT
22.21017,84.8771,305.71,0.43,0.38,2026-09-05,2010,N21,VIIRS,n,2.0NRT,291.75,1.91,N,VIIRS_NOAA21_NRT
22.21312,84.83941,306.67,0.43,0.38,2026-09-05,2010,N21,VIIRS,n,2.0NRT,291.11,1.68,N,VIIRS_NOAA21_NRT
22.24511,87.3878,316.97,0.57,0.43,2026-09-05,2010,N21,VIIRS,n,2.0NRT,292.8,5.6,N,VIIRS_NOAA21_NRT
22.35643,87.29174,309.11,0.56,0.43,2026-09-05,2010,N21,VIIRS,n,2.0NRT,292.3,1.61,N,VIIRS_NOAA21_NRT
22.36023,87.01515,306.85,0.54,0.42,2026-09-05,2010,N21,VIIRS,n,2.0NRT,293.05,1.64,N,VIIRS_NOAA21_NRT
22.3632,87.29877,315.58,0.56,0.43,2026-09-05,2010,N21,VIIRS,n,2.0NRT,293.03,2.93,N,VIIRS_NOAA21_NRT
22.36405,87.01598,307.67,0.54,0.42,2026-09-05,2010,N21,VIIRS,n,2.0NRT,293.27,1.64,N,VIIRS_NOAA21_NRT
21.76709,84.0189,322.11,0.41,0.37,2026-09-05,2010,N21,VIIRS,n,2.0NRT,293.11,2.59,N,VIIRS_NOAA21_NRT
21.76371,84.01826,312.38,0.41,0.37,2026-09-05,2010,N21,VIIRS,n,2.0NRT,292.64,4.55,N,VIIRS_NOAA21_NRT
21.75567,84.02476,307.75,0.41,0.37,2026-09-05,2010,N21,VIIRS,n,2.0NRT,292.57,2.65,N,VIIRS_NOAA21_NRT
21.33678,78.96844,304.58,0.45,0.39,2026-09-05,2010,N21,VIIRS,n,2.0NRT,286.98,1.0,N,VIIRS_NOAA21_NRT
27.38026,95.33467,301.69,0.61,0.71,2026-09-05,1828,N21,VIIRS,n,2.0NRT,275.98,4.51,N,VIIRS_NOAA21_NRT
27.45998,95.47742,302.81,0.46,0.63,2026-09-05,2008,N21,VIIRS,n,2.0NRT,285.46,0.34,N,VIIRS_NOAA21_NRT
29.47612,76.85525,303.57,0.48,0.48,2026-09-05,2008,N21,VIIRS,n,2.0NRT,287.24,0.57,N,VIIRS_NOAA21_NRT
17.60797,83.20338,331.3,0.38,0.36,2026-09-05,739,N21,VIIRS,n,2.0NRT,300.58,4.54,D,VIIRS_NOAA21_NRT
20.69557,78.63858,312.01,0.46,0.39,2026-09-05,2010,N21,VIIRS,n,2.0NRT,289.79,1.69,N,VIIRS_NOAA21_NRT
20.78375,85.26329,308.54,0.46,0.39,2026-09-05,2010,N21,VIIRS,n,2.0NRT,288.87,3.11,N,VIIRS_NOAA21_NRT
20.78809,85.25961,304.18,0.46,0.39,2026-09-05,2010,N21,VIIRS,n,2.0NRT,285.85,1.75,N,VIIRS_NOAA21_NRT
20.79319,85.25151,303.43,0.46,0.39,2026-09-05,2010,N21,VIIRS,n,2.0NRT,284.29,1.11,N,VIIRS_NOAA21_NRT
20.80549,85.25647,303.08,0.46,0.39,2026-09-05,2010,N21,VIIRS,n,2.0NRT,286.5,1.68,N,VIIRS_NOAA21_NRT
20.88697,84.98214,310.44,0.45,0.39,2026-09-05,2010,N21,VIIRS,n,2.0NRT,282.62,2.3,N,VIIRS_NOAA21_NRT
20.95448,85.01337,301.26,0.45,0.39,2026-09-05,2010,N21,VIIRS,n,2.0NRT,279.03,1.77,N,VIIRS_NOAA21_NRT
21.07742,85.0393,310.86,0.45,0.39,2026-09-05,2010,N21,VIIRS,n,2.0NRT,291.45,3.03,N,VIIRS_NOAA21_NRT
21.09986,72.63612,301.42,0.35,0.57,2026-09-05,2010,N21,VIIRS,n,2.0NRT,286.78,0.87,N,VIIRS_NOAA21_NRT
21.10406,72.64688,311.77,0.35,0.57,2026-09-05,2010,N21,VIIRS,n,2.0NRT,290.06,3.22,N,VIIRS_NOAA21_NRT
21.1044,72.64349,308.08,0.35,0.57,2026-09-05,2010,N21,VIIRS,n,2.0NRT,287.78,2.29,N,VIIRS_NOAA21_NRT
17.61015,83.20161,317.68,0.44,0.62,2026-09-05,1925,N20,VIIRS,n,2.0NRT,289.42,2.59,N,VIIRS_NOAA20_NRT
17.60911,83.20141,315.69,0.44,0.62,2026-09-05,1925,N20,VIIRS,n,2.0NRT,289.17,3.13,N,VIIRS_NOAA20_NRT
27.46206,95.47509,309.11,0.39,0.36,2026-09-05,1923,N20,VIIRS,n,2.0NRT,288.95,1.46,N,VIIRS_NOAA20_NRT
23.80851,86.32807,297.19,0.33,0.55,2026-09-05,1923,N20,VIIRS,n,2.0NRT,269.18,0.61,N,VIIRS_NOAA20_NRT
23.80344,86.32746,299.3,0.33,0.55,2026-09-05,1923,N20,VIIRS,n,2.0NRT,267.35,0.61,N,VIIRS_NOAA20_NRT
23.80313,86.3307,299.64,0.33,0.55,2026-09-05,1923,N20,VIIRS,n,2.0NRT,265.41,0.58,N,VIIRS_NOAA20_NRT
23.80125,86.34982,307.24,0.32,0.55,2026-09-05,1923,N20,VIIRS,n,2.0NRT,274.81,1.36,N,VIIRS_NOAA20_NRT
23.79619,86.34912,302.05,0.32,0.55,2026-09-05,1923,N20,VIIRS,n,2.0NRT,270.94,0.48,N,VIIRS_NOAA20_NRT
17.69332,83.24108,314.76,0.44,0.62,2026-09-05,1925,N20,VIIRS,n,2.0NRT,289.05,2.76,N,VIIRS_NOAA20_NRT
23.79588,86.35237,300.11,0.32,0.55,2026-09-05,1923,N20,VIIRS,n,2.0NRT,272.03,0.48,N,VIIRS_NOAA20_NRT
23.7791,86.20641,307.37,0.33,0.55,2026-09-05,1923,N20,VIIRS,n,2.0NRT,281.14,2.63,N,VIIRS_NOAA20_NRT
23.77879,86.20972,305.14,0.33,0.55,2026-09-05,1923,N20,VIIRS,n,2.0NRT,281.73,1.72,N,VIIRS_NOAA20_NRT
23.77727,86.38577,305.92,0.32,0.55,2026-09-05,1923,N20,VIIRS,n,2.0NRT,273.47,0.96,N,VIIRS_NOAA20_NRT
23.77696,86.38895,300.37,0.32,0.55,2026-09-05,1923,N20,VIIRS,n,2.0NRT,273.43,0.96,N,VIIRS_NOAA20_NRT
23.77525,86.19253,297.06,0.33,0.55,2026-09-05,1923,N20,VIIRS,n,2.0NRT,273.71,0.94,N,VIIRS_NOAA20_NRT
23.77493,86.19585,299.12,0.33,0.55,2026-09-05,1923,N20,VIIRS,n,2.0NRT,274.71,1.82,N,VIIRS_NOAA20_NRT
23.77441,86.36259,311.34,0.32,0.55,2026-09-05,1923,N20,VIIRS,n,2.0NRT,271.28,0.78,N,VIIRS_NOAA20_NRT
23.7741,86.36582,303.37,0.32,0.55,2026-09-05,1923,N20,VIIRS,n,2.0NRT,270.96,0.63,N,VIIRS_NOAA20_NRT
23.77039,86.40411,302.92,0.32,0.55,2026-09-05,1923,N20,VIIRS,n,2.0NRT,273.27,1.07,N,VIIRS_NOAA20_NRT
23.78201,86.38963,311.6,0.32,0.55,2026-09-05,1923,N20,VIIRS,n,2.0NRT,272.85,0.96,N,VIIRS_NOAA20_NRT
17.6948,83.24045,317.07,0.44,0.62,2026-09-05,1925,N20,VIIRS,n,2.0NRT,289.69,3.14,N,VIIRS_NOAA20_NRT
19.10137,82.16523,308.25,0.54,0.68,2026-09-05,1925,N20,VIIRS,n,2.0NRT,286.07,2.07,N,VIIRS_NOAA20_NRT
21.57263,85.64584,303.23,0.34,0.56,2026-09-05,1925,N20,VIIRS,n,2.0NRT,288.81,0.45,N,VIIRS_NOAA20_NRT
22.37088,87.29912,306.66,0.54,0.51,2026-09-05,1925,N20,VIIRS,n,2.0NRT,290.45,3.46,N,VIIRS_NOAA20_NRT
22.36829,87.29809,316.01,0.54,0.51,2026-09-05,1925,N20,VIIRS,n,2.0NRT,290.77,4.82,N,VIIRS_NOAA20_NRT
22.36625,87.01411,309.08,0.57,0.52,2026-09-05,1925,N20,VIIRS,n,2.0NRT,290.54,1.75,N,VIIRS_NOAA20_NRT
22.3662,87.29851,318.82,0.54,0.51,2026-09-05,1925,N20,VIIRS,n,2.0NRT,290.71,3.46,N,VIIRS_NOAA20_NRT
22.3609,87.01897,305.71,0.56,0.52,2026-09-05,1925,N20,VIIRS,n,2.0NRT,290.54,1.23,N,VIIRS_NOAA20_NRT
22.21696,84.86906,310.3,0.39,0.59,2026-09-05,1925,N20,VIIRS,n,2.0NRT,287.88,1.33,N,VIIRS_NOAA20_NRT
22.21219,84.86086,306.85,0.39,0.59,2026-09-05,1925,N20,VIIRS,n,2.0NRT,288.28,1.75,N,VIIRS_NOAA20_NRT
22.21149,84.86848,302.74,0.39,0.59,2026-09-05,1925,N20,VIIRS,n,2.0NRT,287.69,1.33,N,VIIRS_NOAA20_NRT
22.211,84.86073,307.75,0.39,0.59,2026-09-05,1925,N20,VIIRS,n,2.0NRT,287.87,2.26,N,VIIRS_NOAA20_NRT
22.0543,85.46281,303.28,0.35,0.57,2026-09-05,1925,N20,VIIRS,n,2.0NRT,288.26,0.63,N,VIIRS_NOAA20_NRT
22.05409,88.12331,313.14,0.48,0.48,2026-09-05,1925,N20,VIIRS,n,2.0NRT,291.68,4.8,N,VIIRS_NOAA20_NRT
21.96817,85.31213,302.9,0.36,0.57,2026-09-05,1925,N20,VIIRS,n,2.0NRT,287.98,0.6,N,VIIRS_NOAA20_NRT
21.9302,85.21793,299.16,0.36,0.58,2026-09-05,1925,N20,VIIRS,n,2.0NRT,287.91,1.0,N,VIIRS_NOAA20_NRT
21.92986,85.22138,308.46,0.36,0.58,2026-09-05,1925,N20,VIIRS,n,2.0NRT,288.07,1.0,N,VIIRS_NOAA20_NRT
21.92455,85.22067,308.0,0.36,0.58,2026-09-05,1925,N20,VIIRS,n,2.0NRT,287.07,1.0,N,VIIRS_NOAA20_NRT
21.75904,84.0227,302.35,0.43,0.62,2026-09-05,1925,N20,VIIRS,n,2.0NRT,286.48,0.82,N,VIIRS_NOAA20_NRT
21.75756,84.02261,308.01,0.43,0.62,2026-09-05,1925,N20,VIIRS,n,2.0NRT,286.78,1.54,N,VIIRS_NOAA20_NRT
21.68499,85.43456,304.08,0.35,0.57,2026-09-05,1925,N20,VIIRS,n,2.0NRT,288.44,0.57,N,VIIRS_NOAA20_NRT
21.68121,84.0351,307.64,0.43,0.62,2026-09-05,1925,N20,VIIRS,n,2.0NRT,287.15,1.76,N,VIIRS_NOAA20_NRT
21.68082,84.03934,309.86,0.43,0.62,2026-09-05,1925,N20,VIIRS,n,2.0NRT,287.56,1.31,N,VIIRS_NOAA20_NRT
21.6751,84.03875,304.72,0.43,0.62,2026-09-05,1925,N20,VIIRS,n,2.0NRT,286.63,1.31,N,VIIRS_NOAA20_NRT
23.76658,86.3907,303.87,0.32,0.55,2026-09-05,1923,N20,VIIRS,n,2.0NRT,277.18,1.54,N,VIIRS_NOAA20_NRT
23.76565,86.40026,300.97,0.32,0.55,2026-09-05,1923,N20,VIIRS,n,2.0NRT,272.02,1.82,N,VIIRS_NOAA20_NRT
23.76534,86.40349,315.82,0.32,0.55,2026-09-05,1923,N20,VIIRS,n,2.0NRT,272.15,1.07,N,VIIRS_NOAA20_NRT
23.76062,86.39961,302.62,0.32,0.55,2026-09-05,1923,N20,VIIRS,n,2.0NRT,270.63,1.06,N,VIIRS_NOAA20_NRT
14.6912,77.86673,332.75,0.48,0.48,2026-09-05,837,N20,VIIRS,n,2.0NRT,301.16,3.67,D,VIIRS_NOAA20_NRT
14.68694,79.73945,339.5,0.32,0.54,2026-09-05,837,N20,VIIRS,n,2.0NRT,299.13,2.39,D,VIIRS_NOAA20_NRT
14.68688,79.73868,351.12,0.32,0.54,2026-09-05,837,N20,VIIRS,n,2.0NRT,299.83,5.85,D,VIIRS_NOAA20_NRT
14.6866,79.73649,332.88,0.32,0.54,2026-09-05,837,N20,VIIRS,n,2.0NRT,299.25,2.21,D,VIIRS_NOAA20_NRT
14.61918,79.51504,331.84,0.61,0.54,2026-09-05,837,N20,VIIRS,n,2.0NRT,297.9,2.49,D,VIIRS_NOAA20_NRT
14.58984,76.70616,342.71,0.4,0.44,2026-09-05,837,N20,VIIRS,n,2.0NRT,300.07,1.09,D,VIIRS_NOAA20_NRT
14.43444,77.70826,342.64,0.46,0.47,2026-09-05,837,N20,VIIRS,n,2.0NRT,301.6,10.4,D,VIIRS_NOAA20_NRT
14.43309,77.70782,345.74,0.46,0.47,2026-09-05,837,N20,VIIRS,n,2.0NRT,300.74,5.09,D,VIIRS_NOAA20_NRT
14.30583,77.72722,344.62,0.46,0.47,2026-09-05,837,N20,VIIRS,n,2.0NRT,304.58,12.16,D,VIIRS_NOAA20_NRT
14.21385,79.22749,331.31,0.58,0.52,2026-09-05,837,N20,VIIRS,n,2.0NRT,296.92,2.16,D,VIIRS_NOAA20_NRT
13.97459,80.08726,332.92,0.33,0.55,2026-09-05,837,N20,VIIRS,n,2.0NRT,294.68,1.05,D,VIIRS_NOAA20_NRT
18.69589,74.44584,334.58,0.5,0.41,2026-09-05,835,N20,VIIRS,n,2.0NRT,296.48,3.78,D,VIIRS_NOAA20_NRT
18.5752,74.46596,332.15,0.5,0.41,2026-09-05,835,N20,VIIRS,n,2.0NRT,297.06,1.68,D,VIIRS_NOAA20_NRT
16.44525,77.82963,341.96,0.5,0.49,2026-09-05,835,N20,VIIRS,n,2.0NRT,298.94,8.84,D,VIIRS_NOAA20_NRT
16.17167,74.87211,335.74,0.5,0.41,2026-09-05,835,N20,VIIRS,n,2.0NRT,300.34,3.47,D,VIIRS_NOAA20_NRT
15.975,78.41002,330.59,0.54,0.51,2026-09-05,835,N20,VIIRS,n,2.0NRT,297.04,3.64,D,VIIRS_NOAA20_NRT
12.91732,76.07881,339.05,0.53,0.42,2026-09-05,835,N20,VIIRS,n,2.0NRT,303.88,11.8,D,VIIRS_NOAA20_NRT
12.91621,76.08082,335.2,0.53,0.42,2026-09-05,835,N20,VIIRS,n,2.0NRT,301.48,12.58,D,VIIRS_NOAA20_NRT
12.48486,77.34094,334.62,0.41,0.45,2026-09-05,835,N20,VIIRS,l,2.0NRT,305.56,4.6,D,VIIRS_NOAA20_NRT
12.17388,78.93881,342.31,0.52,0.5,2026-09-05,835,N20,VIIRS,n,2.0NRT,299.54,6.41,D,VIIRS_NOAA20_NRT
12.10958,76.89243,330.14,0.38,0.43,2026-09-05,835,N20,VIIRS,l,2.0NRT,303.45,0.64,D,VIIRS_NOAA20_NRT
14.77551,79.7985,336.79,0.32,0.55,2026-09-05,837,N20,VIIRS,n,2.0NRT,293.93,3.53,D,VIIRS_NOAA20_NRT
22.37779,87.27859,328.67,0.54,0.51,2026-09-05,1925,N20,VIIRS,n,2.0NRT,291.7,6.52,N,VIIRS_NOAA20_NRT
14.82764,78.13876,334.05,0.5,0.49,2026-09-05,837,N20,VIIRS,n,2.0NRT,299.55,6.95,D,VIIRS_NOAA20_NRT
15.08348,77.32135,348.9,0.45,0.47,2026-09-05,837,N20,VIIRS,n,2.0NRT,301.12,8.48,D,VIIRS_NOAA20_NRT
23.7603,86.40284,299.74,0.32,0.55,2026-09-05,1923,N20,VIIRS,n,2.0NRT,270.26,0.47,N,VIIRS_NOAA20_NRT
23.75404,86.41497,303.62,0.32,0.55,2026-09-05,1923,N20,VIIRS,n,2.0NRT,272.33,0.77,N,VIIRS_NOAA20_NRT
23.69551,87.10785,307.48,0.58,0.52,2026-09-05,1923,N20,VIIRS,n,2.0NRT,289.12,2.3,N,VIIRS_NOAA20_NRT
23.69493,87.11353,307.16,0.58,0.52,2026-09-05,1923,N20,VIIRS,n,2.0NRT,289.52,2.3,N,VIIRS_NOAA20_NRT
23.69436,87.11919,314.37,0.58,0.52,2026-09-05,1923,N20,VIIRS,n,2.0NRT,289.79,5.74,N,VIIRS_NOAA20_NRT
23.68955,87.11856,310.49,0.58,0.52,2026-09-05,1923,N20,VIIRS,n,2.0NRT,289.7,4.93,N,VIIRS_NOAA20_NRT
23.66634,87.15578,317.36,0.57,0.52,2026-09-05,1923,N20,VIIRS,n,2.0NRT,290.2,4.75,N,VIIRS_NOAA20_NRT
27.43381,70.85704,345.35,0.43,0.38,2026-09-05,839,N20,VIIRS,n,2.0NRT,309.37,7.71,D,VIIRS_NOAA20_NRT
27.43322,70.85271,339.12,0.43,0.38,2026-09-05,839,N20,VIIRS,n,2.0NRT,307.31,7.71,D,VIIRS_NOAA20_NRT
27.4251,70.81876,340.09,0.43,0.38,2026-09-05,839,N20,VIIRS,l,2.0NRT,310.94,4.51,D,VIIRS_NOAA20_NRT
22.93241,69.69872,333.68,0.38,0.36,2026-09-05,837,N20,VIIRS,n,2.0NRT,297.33,4.1,D,VIIRS_NOAA20_NRT
22.7807,69.45878,347.66,0.38,0.36,2026-09-05,837,N20,VIIRS,n,2.0NRT,304.55,5.93,D,VIIRS_NOAA20_NRT
22.41711,69.04068,332.95,0.39,0.36,2026-09-05,837,N20,VIIRS,n,2.0NRT,302.11,3.14,D,VIIRS_NOAA20_NRT
15.59282,79.31487,335.87,0.61,0.54,2026-09-05,837,N20,VIIRS,n,2.0NRT,298.05,4.19,D,VIIRS_NOAA20_NRT
14.90556,80.03411,331.57,0.34,0.56,2026-09-05,837,N20,VIIRS,n,2.0NRT,295.05,3.66,D,VIIRS_NOAA20_NRT
22.38003,87.27818,327.43,0.54,0.51,2026-09-05,1925,N20,VIIRS,n,2.0NRT,291.55,7.26,N,VIIRS_NOAA20_NRT
22.57469,85.89632,320.47,0.34,0.56,2026-09-05,1925,N20,VIIRS,n,2.0NRT,290.51,1.77,N,VIIRS_NOAA20_NRT
22.57535,85.88969,306.07,0.34,0.56,2026-09-05,1925,N20,VIIRS,n,2.0NRT,289.82,2.01,N,VIIRS_NOAA20_NRT
15.07157,76.86669,303.27,0.35,0.57,2026-09-05,2108,N20,VIIRS,n,2.0NRT,289.42,1.31,N,VIIRS_NOAA20_NRT
14.15187,77.58869,308.89,0.41,0.6,2026-09-05,2108,N20,VIIRS,n,2.0NRT,290.73,1.17,N,VIIRS_NOAA20_NRT
14.15109,77.59263,304.87,0.41,0.6,2026-09-05,2108,N20,VIIRS,n,2.0NRT,290.68,1.0,N,VIIRS_NOAA20_NRT
13.89865,76.5645,307.32,0.35,0.57,2026-09-05,2108,N20,VIIRS,n,2.0NRT,291.3,0.66,N,VIIRS_NOAA20_NRT
13.41738,75.9798,302.16,0.33,0.55,2026-09-05,2108,N20,VIIRS,n,2.0NRT,289.92,0.4,N,VIIRS_NOAA20_NRT
11.63562,77.6582,304.36,0.46,0.63,2026-09-05,2108,N20,VIIRS,n,2.0NRT,284.92,1.07,N,VIIRS_NOAA20_NRT
24.82338,73.09252,304.65,0.44,0.38,2026-09-05,2106,N20,VIIRS,n,2.0NRT,292.58,0.78,N,VIIRS_NOAA20_NRT
24.8199,73.09176,306.36,0.44,0.38,2026-09-05,2106,N20,VIIRS,n,2.0NRT,292.22,0.78,N,VIIRS_NOAA20_NRT
24.69006,73.00367,308.43,0.44,0.38,2026-09-05,2106,N20,VIIRS,n,2.0NRT,292.41,1.18,N,VIIRS_NOAA20_NRT
23.3177,70.48697,305.42,0.39,0.36,2026-09-05,2106,N20,VIIRS,n,2.0NRT,294.26,0.98,N,VIIRS_NOAA20_NRT
23.30572,70.47698,308.73,0.39,0.36,2026-09-05,2106,N20,VIIRS,n,2.0NRT,294.21,1.1,N,VIIRS_NOAA20_NRT
22.41734,69.04001,305.17,0.39,0.36,2026-09-05,2106,N20,VIIRS,n,2.0NRT,292.74,1.21,N,VIIRS_NOAA20_NRT
21.33948,78.96864,306.66,0.36,0.57,2026-09-05,2106,N20,VIIRS,n,2.0NRT,286.14,0.7,N,VIIRS_NOAA20_NRT
21.1022,72.63403,303.0,0.46,0.39,2026-09-05,2106,N20,VIIRS,n,2.0NRT,289.7,2.97,N,VIIRS_NOAA20_NRT
20.91168,71.4588,315.76,0.42,0.38,2026-09-05,2106,N20,VIIRS,n,2.0NRT,294.24,1.32,N,VIIRS_NOAA20_NRT
19.10254,82.16389,306.83,0.64,0.72,2026-09-05,2106,N20,VIIRS,n,2.0NRT,284.85,1.65,N,VIIRS_NOAA20_NRT
19.10114,82.16985,299.56,0.64,0.72,2026-09-05,2106,N20,VIIRS,n,2.0NRT,284.92,1.41,N,VIIRS_NOAA20_NRT
15.07222,76.8634,304.51,0.35,0.57,2026-09-05,2108,N20,VIIRS,n,2.0NRT,289.46,1.18,N,VIIRS_NOAA20_NRT
15.13699,76.71162,302.57,0.34,0.56,2026-09-05,2108,N20,VIIRS,n,2.0NRT,288.5,0.67,N,VIIRS_NOAA20_NRT
15.16696,76.37938,303.96,0.32,0.55,2026-09-05,2108,N20,VIIRS,n,2.0NRT,289.11,0.6,N,VIIRS_NOAA20_NRT
18.71488,79.53679,301.81,0.44,0.63,2026-09-05,2108,N20,VIIRS,n,2.0NRT,286.07,1.16,N,VIIRS_NOAA20_NRT
17.9612,80.79105,309.72,0.55,0.68,2026-09-05,2108,N20,VIIRS,n,2.0NRT,286.8,2.13,N,VIIRS_NOAA20_NRT
17.95665,80.78942,306.24,0.55,0.68,2026-09-05,2108,N20,VIIRS,n,2.0NRT,285.94,1.7,N,VIIRS_NOAA20_NRT
17.142,77.18357,304.72,0.33,0.56,2026-09-05,2108,N20,VIIRS,n,2.0NRT,289.48,0.53,N,VIIRS_NOAA20_NRT
17.08617,79.32299,297.99,0.46,0.64,2026-09-05,2108,N20,VIIRS,n,2.0NRT,271.15,1.33,N,VIIRS_NOAA20_NRT
17.08589,79.32469,303.71,0.46,0.64,2026-09-05,2108,N20,VIIRS,n,2.0NRT,271.13,1.23,N,VIIRS_NOAA20_NRT
15.86784,79.38237,317.85,0.49,0.65,2026-09-05,2108,N20,VIIRS,n,2.0NRT,278.42,1.71,N,VIIRS_NOAA20_NRT
15.86545,79.38067,326.38,0.49,0.65,2026-09-05,2108,N20,VIIRS,n,2.0NRT,278.45,2.76,N,VIIRS_NOAA20_NRT
15.86193,79.38101,300.06,0.49,0.65,2026-09-05,2108,N20,VIIRS,n,2.0NRT,278.62,1.73,N,VIIRS_NOAA20_NRT
15.65885,73.98855,310.57,0.44,0.46,2026-09-05,2108,N20,VIIRS,n,2.0NRT,289.49,1.39,N,VIIRS_NOAA20_NRT
15.33788,76.27744,309.63,0.63,0.54,2026-09-05,2108,N20,VIIRS,n,2.0NRT,289.55,2.58,N,VIIRS_NOAA20_NRT
15.2252,76.76069,303.33,0.34,0.56,2026-09-05,2108,N20,VIIRS,n,2.0NRT,288.64,0.86,N,VIIRS_NOAA20_NRT
15.22457,76.7638,306.29,0.34,0.56,2026-09-05,2108,N20,VIIRS,n,2.0NRT,289.33,0.92,N,VIIRS_NOAA20_NRT
15.19864,76.37866,304.09,0.32,0.55,2026-09-05,2108,N20,VIIRS,n,2.0NRT,288.49,0.76,N,VIIRS_NOAA20_NRT
15.18284,76.66691,308.78,0.34,0.56,2026-09-05,2108,N20,VIIRS,n,2.0NRT,289.42,1.37,N,VIIRS_NOAA20_NRT
15.18026,76.65346,304.16,0.34,0.56,2026-09-05,2108,N20,VIIRS,n,2.0NRT,288.74,0.73,N,VIIRS_NOAA20_NRT
15.17965,76.65654,312.82,0.34,0.56,2026-09-05,2108,N20,VIIRS,n,2.0NRT,289.26,2.34,N,VIIRS_NOAA20_NRT
15.1776,77.10127,312.62,0.36,0.57,2026-09-05,2108,N20,VIIRS,n,2.0NRT,289.71,1.56,N,VIIRS_NOAA20_NRT
15.17597,76.675,317.24,0.34,0.56,2026-09-05,2108,N20,VIIRS,n,2.0NRT,289.07,1.81,N,VIIRS_NOAA20_NRT
15.17531,76.78477,303.99,0.34,0.56,2026-09-05,2108,N20,VIIRS,n,2.0NRT,289.4,0.99,N,VIIRS_NOAA20_NRT
15.17523,76.65232,303.49,0.34,0.56,2026-09-05,2108,N20,VIIRS,n,2.0NRT,288.48,0.73,N,VIIRS_NOAA20_NRT
15.13762,76.70852,308.77,0.34,0.56,2026-09-05,2108,N20,VIIRS,n,2.0NRT,288.73,0.94,N,VIIRS_NOAA20_NRT
12.09133,76.81746,339.62,0.57,0.43,2026-09-05,835,N20,VIIRS,n,2.0NRT,306.51,5.82,D,VIIRS_NOAA20_NRT
29.47778,76.85781,305.57,0.56,0.43,2026-09-05,2104,N20,VIIRS,n,2.0NRT,290.94,1.29,N,VIIRS_NOAA20_NRT
23.666,84.999,310.1,0.4,0.6,2026-09-05,1925,N20,VIIRS,n,2.0NRT,287.88,1.49,N,VIIRS_NOAA20_NRT
23.66578,84.99745,310.52,0.39,0.6,2026-09-05,1925,N20,VIIRS,n,2.0NRT,287.52,2.08,N,VIIRS_NOAA20_NRT
23.65887,85.50546,303.29,0.37,0.58,2026-09-05,1925,N20,VIIRS,n,2.0NRT,281.76,0.63,N,VIIRS_NOAA20_NRT
23.64919,85.43445,316.86,0.37,0.58,2026-09-05,1925,N20,VIIRS,n,2.0NRT,285.85,1.69,N,VIIRS_NOAA20_NRT
23.64886,85.43806,325.92,0.37,0.58,2026-09-05,1925,N20,VIIRS,n,2.0NRT,286.51,1.69,N,VIIRS_NOAA20_NRT
23.61385,86.78893,307.47,0.6,0.53,2026-09-05,1925,N20,VIIRS,n,2.0NRT,289.84,4.17,N,VIIRS_NOAA20_NRT
23.61148,85.67413,303.14,0.36,0.57,2026-09-05,1925,N20,VIIRS,n,2.0NRT,280.36,0.55,N,VIIRS_NOAA20_NRT
23.61127,85.67277,299.22,0.36,0.57,2026-09-05,1925,N20,VIIRS,n,2.0NRT,278.63,0.36,N,VIIRS_NOAA20_NRT
23.56278,87.0825,310.48,0.58,0.52,2026-09-05,1925,N20,VIIRS,n,2.0NRT,290.43,1.79,N,VIIRS_NOAA20_NRT
23.56203,87.08309,312.8,0.58,0.52,2026-09-05,1925,N20,VIIRS,n,2.0NRT,290.18,2.37,N,VIIRS_NOAA20_NRT
23.56106,87.23698,315.76,0.57,0.52,2026-09-05,1925,N20,VIIRS,n,2.0NRT,289.88,5.72,N,VIIRS_NOAA20_NRT
23.56073,87.23611,310.71,0.57,0.52,2026-09-05,1925,N20,VIIRS,n,2.0NRT,289.86,2.63,N,VIIRS_NOAA20_NRT
23.56012,87.24169,307.16,0.57,0.52,2026-09-05,1925,N20,VIIRS,n,2.0NRT,289.86,2.63,N,VIIRS_NOAA20_NRT
23.55573,87.24197,307.49,0.57,0.52,2026-09-05,1925,N20,VIIRS,n,2.0NRT,290.31,6.12,N,VIIRS_NOAA20_NRT
23.55536,87.2411,306.2,0.57,0.52,2026-09-05,1925,N20,VIIRS,n,2.0NRT,290.09,2.63,N,VIIRS_NOAA20_NRT
22.96413,85.99792,304.65,0.33,0.56,2026-09-05,1925,N20,VIIRS,n,2.0NRT,289.82,0.55,N,VIIRS_NOAA20_NRT
22.87717,86.06215,314.57,0.33,0.55,2026-09-05,1925,N20,VIIRS,n,2.0NRT,290.6,1.64,N,VIIRS_NOAA20_NRT
22.80418,86.08908,310.46,0.33,0.55,2026-09-05,1925,N20,VIIRS,n,2.0NRT,290.64,1.47,N,VIIRS_NOAA20_NRT
22.7991,86.08846,311.78,0.33,0.55,2026-09-05,1925,N20,VIIRS,n,2.0NRT,290.22,1.15,N,VIIRS_NOAA20_NRT
22.79804,86.19794,313.33,0.32,0.55,2026-09-05,1925,N20,VIIRS,n,2.0NRT,290.93,1.39,N,VIIRS_NOAA20_NRT
22.79299,86.19738,307.98,0.32,0.55,2026-09-05,1925,N20,VIIRS,n,2.0NRT,290.96,1.39,N,VIIRS_NOAA20_NRT
23.66663,87.1541,313.19,0.57,0.52,2026-09-05,1925,N20,VIIRS,n,2.0NRT,290.34,4.14,N,VIIRS_NOAA20_NRT
31.25992,76.92314,300.63,0.53,0.42,2026-09-05,2104,N20,VIIRS,n,2.0NRT,289.45,0.4,N,VIIRS_NOAA20_NRT
23.67165,84.99418,304.73,0.4,0.6,2026-09-05,1925,N20,VIIRS,n,2.0NRT,285.84,1.6,N,VIIRS_NOAA20_NRT
23.67692,86.08381,300.61,0.34,0.56,2026-09-05,1925,N20,VIIRS,n,2.0NRT,268.52,0.81,N,VIIRS_NOAA20_NRT
13.16012,80.28133,306.44,0.61,0.71,2026-09-05,1928,N20,VIIRS,n,2.0NRT,286.03,2.69,N,VIIRS_NOAA20_NRT
13.15991,80.27797,306.34,0.61,0.71,2026-09-05,1928,N20,VIIRS,n,2.0NRT,285.87,1.59,N,VIIRS_NOAA20_NRT
23.84328,84.94684,298.18,0.4,0.6,2026-09-05,1925,N20,VIIRS,n,2.0NRT,278.39,0.52,N,VIIRS_NOAA20_NRT
23.8387,85.46757,300.7,0.37,0.58,2026-09-05,1925,N20,VIIRS,n,2.0NRT,280.21,0.52,N,VIIRS_NOAA20_NRT
23.8252,85.49538,298.88,0.37,0.58,2026-09-05,1925,N20,VIIRS,n,2.0NRT,278.12,0.74,N,VIIRS_NOAA20_NRT
23.75867,85.85409,299.35,0.35,0.57,2026-09-05,1925,N20,VIIRS,n,2.0NRT,273.16,1.02,N,VIIRS_NOAA20_NRT
23.75631,86.39796,299.4,0.32,0.55,2026-09-05,1925,N20,VIIRS,n,2.0NRT,275.0,0.77,N,VIIRS_NOAA20_NRT
23.75433,86.41714,301.97,0.32,0.55,2026-09-05,1925,N20,VIIRS,n,2.0NRT,273.02,1.2,N,VIIRS_NOAA20_NRT
23.73763,86.4309,300.79,0.32,0.55,2026-09-05,1925,N20,VIIRS,n,2.0NRT,264.87,0.39,N,VIIRS_NOAA20_NRT
23.7373,86.43405,300.68,0.32,0.55,2026-09-05,1925,N20,VIIRS,n,2.0NRT,264.62,0.39,N,VIIRS_NOAA20_NRT
23.70099,86.07278,318.05,0.34,0.56,2026-09-05,1925,N20,VIIRS,n,2.0NRT,276.9,1.13,N,VIIRS_NOAA20_NRT
23.69889,85.36634,305.06,0.37,0.58,2026-09-05,1925,N20,VIIRS,n,2.0NRT,286.86,0.82,N,VIIRS_NOAA20_NRT
23.68951,87.1226,309.86,0.58,0.52,2026-09-05,1925,N20,VIIRS,n,2.0NRT,290.08,2.17,N,VIIRS_NOAA20_NRT
23.68409,87.12768,308.02,0.58,0.52,2026-09-05,1925,N20,VIIRS,n,2.0NRT,289.24,2.17,N,VIIRS_NOAA20_NRT
23.68207,86.08438,305.68,0.34,0.56,2026-09-05,1925,N20,VIIRS,n,2.0NRT,267.27,0.81,N,VIIRS_NOAA20_NRT
23.6798,86.39781,304.47,0.32,0.55,2026-09-05,1925,N20,VIIRS,n,2.0NRT,269.34,0.55,N,VIIRS_NOAA20_NRT
23.67914,86.08373,311.44,0.34,0.56,2026-09-05,1925,N20,VIIRS,n,2.0NRT,268.6,0.8,N,VIIRS_NOAA20_NRT
23.67184,84.99578,302.86,0.4,0.6,2026-09-05,1925,N20,VIIRS,n,2.0NRT,286.5,0.76,N,VIIRS_NOAA20_NRT
12.08199,76.8081,337.54,0.57,0.43,2026-09-05,835,N20,VIIRS,l,2.0NRT,308.2,6.82,D,VIIRS_NOAA20_NRT
12.06562,77.03265,340.18,0.39,0.44,2026-09-05,835,N20,VIIRS,n,2.0NRT,305.58,3.69,D,VIIRS_NOAA20_NRT
12.00694,76.52467,335.43,0.55,0.42,2026-09-05,835,N20,VIIRS,n,2.0NRT,304.71,6.58,D,VIIRS_NOAA20_NRT
23.69259,87.12342,328.11,0.51,0.49,2026-09-05,659,N20,VIIRS,n,2.0NRT,292.48,5.48,D,VIIRS_NOAA20_NRT
20.96189,86.00809,343.96,0.34,0.56,2026-09-05,657,N20,VIIRS,n,2.0NRT,292.03,5.75,D,VIIRS_NOAA20_NRT
20.96386,86.00793,349.45,0.34,0.56,2026-09-05,657,N20,VIIRS,n,2.0NRT,292.29,4.4,D,VIIRS_NOAA20_NRT
20.86409,84.99059,331.74,0.4,0.6,2026-09-05,657,N20,VIIRS,n,2.0NRT,292.61,4.32,D,VIIRS_NOAA20_NRT
20.75933,85.29932,331.12,0.38,0.59,2026-09-05,657,N20,VIIRS,n,2.0NRT,293.52,4.79,D,VIIRS_NOAA20_NRT
8.66335,77.85443,342.19,0.4,0.44,2026-09-05,835,N20,VIIRS,n,2.0NRT,300.85,6.18,D,VIIRS_NOAA20_NRT
11.95854,78.75902,332.21,0.5,0.49,2026-09-05,835,N20,VIIRS,n,2.0NRT,297.02,4.19,D,VIIRS_NOAA20_NRT
11.00253,77.12383,346.08,0.38,0.43,2026-09-05,835,N20,VIIRS,n,2.0NRT,306.55,10.19,D,VIIRS_NOAA20_NRT
10.9785,76.98156,335.4,0.56,0.43,2026-09-05,835,N20,VIIRS,n,2.0NRT,298.12,3.11,D,VIIRS_NOAA20_NRT
10.93433,77.19016,340.17,0.39,0.44,2026-09-05,835,N20,VIIRS,n,2.0NRT,305.95,6.53,D,VIIRS_NOAA20_NRT
10.87593,77.97946,344.35,0.43,0.46,2026-09-05,835,N20,VIIRS,n,2.0NRT,302.68,10.19,D,VIIRS_NOAA20_NRT
10.85424,78.68019,351.58,0.48,0.48,2026-09-05,835,N20,VIIRS,n,2.0NRT,298.37,20.51,D,VIIRS_NOAA20_NRT
10.10579,77.83781,336.52,0.41,0.45,2026-09-05,835,N20,VIIRS,n,2.0NRT,302.21,4.29,D,VIIRS_NOAA20_NRT
10.02841,78.05846,335.35,0.43,0.46,2026-09-05,835,N20,VIIRS,n,2.0NRT,300.7,8.53,D,VIIRS_NOAA20_NRT
9.94851,78.64626,336.3,0.46,0.47,2026-09-05,835,N20,VIIRS,n,2.0NRT,300.88,5.68,D,VIIRS_NOAA20_NRT
9.81357,77.32077,333.04,0.57,0.43,2026-09-05,835,N20,VIIRS,l,2.0NRT,303.53,4.39,D,VIIRS_NOAA20_NRT
9.33417,77.69457,342.44,0.39,0.44,2026-09-05,835,N20,VIIRS,n,2.0NRT,304.48,7.78,D,VIIRS_NOAA20_NRT
9.30978,78.79932,335.84,0.46,0.47,2026-09-05,835,N20,VIIRS,n,2.0NRT,296.63,2.44,D,VIIRS_NOAA20_NRT
9.3083,78.79848,334.36,0.46,0.47,2026-09-05,835,N20,VIIRS,n,2.0NRT,296.31,2.19,D,VIIRS_NOAA20_NRT
9.1435,77.5413,342.79,0.38,0.44,2026-09-05,835,N20,VIIRS,n,2.0NRT,304.2,13.91,D,VIIRS_NOAA20_NRT
9.06088,77.72623,352.02,0.39,0.44,2026-09-05,835,N20,VIIRS,n,2.0NRT,304.68,12.33,D,VIIRS_NOAA20_NRT
9.0026,77.52624,337.58,0.57,0.43,2026-09-05,835,N20,VIIRS,n,2.0NRT,303.15,5.89,D,VIIRS_NOAA20_NRT
8.44955,77.58025,343.95,0.57,0.43,2026-09-05,835,N20,VIIRS,n,2.0NRT,300.87,6.76,D,VIIRS_NOAA20_NRT
8.62617,77.79392,344.77,0.39,0.44,2026-09-05,835,N20,VIIRS,n,2.0NRT,303.53,11.19,D,VIIRS_NOAA20_NRT
8.62524,77.79489,345.46,0.39,0.44,2026-09-05,835,N20,VIIRS,n,2.0NRT,303.16,9.68,D,VIIRS_NOAA20_NRT
8.62201,77.91603,344.29,0.4,0.44,2026-09-05,835,N20,VIIRS,n,2.0NRT,297.36,3.42,D,VIIRS_NOAA20_NRT
15.2251,76.76094,308.24,0.49,0.41,2026-09-05,2012,N21,VIIRS,n,2.0NRT,292.19,1.37,N,VIIRS_NOAA21_NRT
15.33241,76.28778,304.18,0.53,0.42,2026-09-05,2012,N21,VIIRS,n,2.0NRT,291.44,1.25,N,VIIRS_NOAA21_NRT
23.6451,85.44025,336.59,0.33,0.55,2026-09-05,659,N20,VIIRS,n,2.0NRT,292.04,3.74,D,VIIRS_NOAA20_NRT
15.65958,73.99016,306.89,0.49,0.49,2026-09-05,2012,N21,VIIRS,n,2.0NRT,291.5,1.05,N,VIIRS_NOAA21_NRT
15.33358,76.28581,307.91,0.53,0.42,2026-09-05,2012,N21,VIIRS,n,2.0NRT,291.42,1.29,N,VIIRS_NOAA21_NRT
13.4158,75.98129,309.57,0.52,0.41,2026-09-05,2014,N21,VIIRS,n,2.0NRT,291.52,1.67,N,VIIRS_NOAA21_NRT
12.95159,79.9017,308.28,0.38,0.36,2026-09-05,2014,N21,VIIRS,n,2.0NRT,292.92,0.77,N,VIIRS_NOAA21_NRT
12.80543,77.43291,306.42,0.44,0.38,2026-09-05,2014,N21,VIIRS,n,2.0NRT,290.17,0.66,N,VIIRS_NOAA21_NRT
12.62565,79.78779,314.52,0.38,0.36,2026-09-05,2014,N21,VIIRS,n,2.0NRT,290.27,2.0,N,VIIRS_NOAA21_NRT
11.94986,76.94534,307.4,0.45,0.39,2026-09-05,2014,N21,VIIRS,n,2.0NRT,289.7,1.03,N,VIIRS_NOAA21_NRT
8.70224,78.05685,307.38,0.39,0.36,2026-09-05,2014,N21,VIIRS,n,2.0NRT,285.29,1.29,N,VIIRS_NOAA21_NRT
8.67761,77.63989,315.85,0.4,0.37,2026-09-05,2014,N21,VIIRS,n,2.0NRT,287.39,2.61,N,VIIRS_NOAA21_NRT
13.01668,77.74179,303.01,0.43,0.38,2026-09-05,2014,N21,VIIRS,n,2.0NRT,290.02,0.5,N,VIIRS_NOAA21_NRT
17.06219,76.97944,307.89,0.51,0.41,2026-09-05,2012,N21,VIIRS,n,2.0NRT,292.18,1.92,N,VIIRS_NOAA21_NRT
17.08061,79.32659,310.3,0.41,0.37,2026-09-05,2012,N21,VIIRS,n,2.0NRT,275.83,1.28,N,VIIRS_NOAA21_NRT
17.08116,79.32281,308.76,0.41,0.37,2026-09-05,2012,N21,VIIRS,n,2.0NRT,276.7,1.28,N,VIIRS_NOAA21_NRT
17.14211,77.18413,309.55,0.49,0.41,2026-09-05,2012,N21,VIIRS,n,2.0NRT,292.69,3.88,N,VIIRS_NOAA21_NRT
17.4632,80.65212,310.59,0.39,0.36,2026-09-05,2012,N21,VIIRS,n,2.0NRT,289.62,1.14,N,VIIRS_NOAA21_NRT
17.13967,77.17435,310.04,0.49,0.41,2026-09-05,2012,N21,VIIRS,n,2.0NRT,293.07,4.25,N,VIIRS_NOAA21_NRT
17.60699,83.20371,310.74,0.41,0.37,2026-09-05,2012,N21,VIIRS,n,2.0NRT,294.66,1.1,N,VIIRS_NOAA21_NRT
17.6104,83.20434,330.16,0.41,0.37,2026-09-05,2012,N21,VIIRS,n,2.0NRT,295.47,3.91,N,VIIRS_NOAA21_NRT
17.62253,83.19462,310.5,0.41,0.37,2026-09-05,2012,N21,VIIRS,n,2.0NRT,294.19,1.23,N,VIIRS_NOAA21_NRT
17.69201,83.24284,315.25,0.42,0.37,2026-09-05,2012,N21,VIIRS,n,2.0NRT,293.91,2.79,N,VIIRS_NOAA21_NRT
18.72084,79.53776,312.1,0.41,0.37,2026-09-05,2012,N21,VIIRS,n,2.0NRT,292.04,2.03,N,VIIRS_NOAA21_NRT
17.60359,83.20309,311.08,0.41,0.37,2026-09-05,2012,N21,VIIRS,n,2.0NRT,294.39,1.1,N,VIIRS_NOAA21_NRT
27.87556,96.92477,338.88,0.39,0.36,2026-09-06,640,N20,VIIRS,n,2.0NRT,297.66,5.75,D,VIIRS_NOAA20_NRT
21.75684,84.02532,304.68,0.37,0.58,2026-09-06,2046,N20,VIIRS,n,2.0NRT,287.12,1.35,N,VIIRS_NOAA20_NRT
21.75297,83.84307,302.8,0.36,0.57,2026-09-06,2046,N20,VIIRS,n,2.0NRT,285.95,3.86,N,VIIRS_NOAA20_NRT
21.74859,83.83823,305.17,0.36,0.57,2026-09-06,2046,N20,VIIRS,n,2.0NRT,286.62,3.86,N,VIIRS_NOAA20_NRT
21.74783,83.84167,367.0,0.36,0.57,2026-09-06,2046,N20,VIIRS,h,2.0NRT,288.9,3.86,N,VIIRS_NOAA20_NRT
21.74269,83.84029,329.22,0.36,0.57,2026-09-06,2046,N20,VIIRS,n,2.0NRT,287.97,4.0,N,VIIRS_NOAA20_NRT
21.74193,83.84372,307.81,0.36,0.57,2026-09-06,2046,N20,VIIRS,n,2.0NRT,288.38,3.06,N,VIIRS_NOAA20_NRT
21.68195,84.03985,312.5,0.37,0.58,2026-09-06,2046,N20,VIIRS,n,2.0NRT,287.61,1.7,N,VIIRS_NOAA20_NRT
21.67781,84.03885,311.68,0.37,0.58,2026-09-06,2046,N20,VIIRS,n,2.0NRT,288.06,2.14,N,VIIRS_NOAA20_NRT
21.75759,84.02187,307.36,0.37,0.58,2026-09-06,2046,N20,VIIRS,n,2.0NRT,287.5,1.35,N,VIIRS_NOAA20_NRT
21.67672,84.03851,303.35,0.37,0.58,2026-09-06,2046,N20,VIIRS,n,2.0NRT,287.15,0.85,N,VIIRS_NOAA20_NRT
21.67595,84.04197,303.58,0.37,0.58,2026-09-06,2046,N20,VIIRS,n,2.0NRT,287.17,0.85,N,VIIRS_NOAA20_NRT
21.75812,83.8444,312.74,0.36,0.57,2026-09-06,2046,N20,VIIRS,n,2.0NRT,287.22,1.37,N,VIIRS_NOAA20_NRT
21.76253,83.84913,316.14,0.36,0.57,2026-09-06,2046,N20,VIIRS,n,2.0NRT,288.07,2.58,N,VIIRS_NOAA20_NRT
22.03745,83.35081,316.1,0.33,0.55,2026-09-06,2046,N20,VIIRS,n,2.0NRT,288.57,2.03,N,VIIRS_NOAA20_NRT
22.03604,83.36147,301.86,0.33,0.55,2026-09-06,2046,N20,VIIRS,n,2.0NRT,283.97,0.93,N,VIIRS_NOAA20_NRT
22.03537,83.3603,302.88,0.33,0.55,2026-09-06,2046,N20,VIIRS,n,2.0NRT,284.34,0.65,N,VIIRS_NOAA20_NRT
22.00615,82.67136,308.32,0.6,0.53,2026-09-06,2046,N20,VIIRS,n,2.0NRT,289.11,2.9,N,VIIRS_NOAA20_NRT
21.9854,83.2318,314.71,0.32,0.55,2026-09-06,2046,N20,VIIRS,n,2.0NRT,288.01,1.6,N,VIIRS_NOAA20_NRT
21.97846,83.23976,302.84,0.33,0.55,2026-09-06,2046,N20,VIIRS,n,2.0NRT,286.87,0.66,N,VIIRS_NOAA20_NRT
21.96607,83.77132,313.06,0.35,0.57,2026-09-06,2046,N20,VIIRS,n,2.0NRT,287.79,3.0,N,VIIRS_NOAA20_NRT
21.92394,83.34906,314.54,0.33,0.55,2026-09-06,2046,N20,VIIRS,n,2.0NRT,288.17,3.18,N,VIIRS_NOAA20_NRT
21.75887,83.841,308.51,0.36,0.57,2026-09-06,2046,N20,VIIRS,n,2.0NRT,287.4,1.37,N,VIIRS_NOAA20_NRT
21.92328,83.3522,314.68,0.33,0.55,2026-09-06,2046,N20,VIIRS,n,2.0NRT,288.88,1.76,N,VIIRS_NOAA20_NRT
21.92217,83.35345,306.53,0.33,0.55,2026-09-06,2046,N20,VIIRS,n,2.0NRT,288.65,2.17,N,VIIRS_NOAA20_NRT
21.91828,83.35097,308.0,0.33,0.55,2026-09-06,2046,N20,VIIRS,n,2.0NRT,287.49,1.76,N,VIIRS_NOAA20_NRT
21.87702,83.49468,312.44,0.34,0.56,2026-09-06,2046,N20,VIIRS,n,2.0NRT,287.18,1.73,N,VIIRS_NOAA20_NRT
21.82849,83.89872,303.3,0.36,0.57,2026-09-06,2046,N20,VIIRS,n,2.0NRT,287.25,1.08,N,VIIRS_NOAA20_NRT
21.80262,83.89235,319.43,0.36,0.57,2026-09-06,2046,N20,VIIRS,n,2.0NRT,287.47,2.08,N,VIIRS_NOAA20_NRT
21.80238,83.89133,326.47,0.36,0.57,2026-09-06,2046,N20,VIIRS,n,2.0NRT,286.57,2.19,N,VIIRS_NOAA20_NRT
21.76357,84.01971,307.82,0.37,0.58,2026-09-06,2046,N20,VIIRS,n,2.0NRT,287.01,2.0,N,VIIRS_NOAA20_NRT
21.76328,83.8457,314.75,0.36,0.57,2026-09-06,2046,N20,VIIRS,n,2.0NRT,288.19,1.37,N,VIIRS_NOAA20_NRT
21.92286,83.35031,328.74,0.33,0.55,2026-09-06,2046,N20,VIIRS,n,2.0NRT,289.37,4.41,N,VIIRS_NOAA20_NRT
23.61522,86.78616,301.38,0.61,0.71,2026-09-06,1906,N20,VIIRS,n,2.0NRT,278.86,2.27,N,VIIRS_NOAA20_NRT
22.5761,85.89494,311.96,0.68,0.74,2026-09-06,1906,N20,VIIRS,n,2.0NRT,283.58,5.09,N,VIIRS_NOAA20_NRT
25.70864,73.5811,335.02,0.38,0.36,2026-09-06,820,N20,VIIRS,n,2.0NRT,303.1,3.26,D,VIIRS_NOAA20_NRT
22.49699,70.026,338.11,0.5,0.41,2026-09-06,820,N20,VIIRS,n,2.0NRT,300.52,7.52,D,VIIRS_NOAA20_NRT
21.92242,83.35114,333.64,0.33,0.55,2026-09-06,818,N20,VIIRS,n,2.0NRT,288.87,5.12,D,VIIRS_NOAA20_NRT
21.92057,83.35059,336.8,0.33,0.55,2026-09-06,818,N20,VIIRS,n,2.0NRT,290.09,4.0,D,VIIRS_NOAA20_NRT
21.80248,83.89297,335.05,0.36,0.57,2026-09-06,818,N20,VIIRS,n,2.0NRT,289.94,2.6,D,VIIRS_NOAA20_NRT
21.75536,83.84563,332.59,0.36,0.57,2026-09-06,818,N20,VIIRS,n,2.0NRT,289.17,4.2,D,VIIRS_NOAA20_NRT
21.75508,83.84409,337.24,0.35,0.57,2026-09-06,818,N20,VIIRS,n,2.0NRT,289.89,4.68,D,VIIRS_NOAA20_NRT
21.74976,83.84266,334.32,0.35,0.57,2026-09-06,818,N20,VIIRS,n,2.0NRT,288.18,2.88,D,VIIRS_NOAA20_NRT
21.7445,83.84317,345.54,0.35,0.57,2026-09-06,818,N20,VIIRS,n,2.0NRT,285.43,2.88,D,VIIRS_NOAA20_NRT
21.10338,72.6466,336.51,0.41,0.37,2026-09-06,818,N20,VIIRS,l,2.0NRT,301.02,7.78,D,VIIRS_NOAA20_NRT
21.10146,72.63491,336.9,0.41,0.37,2026-09-06,818,N20,VIIRS,n,2.0NRT,300.88,8.87,D,VIIRS_NOAA20_NRT
21.10128,72.65502,335.5,0.41,0.37,2026-09-06,818,N20,VIIRS,l,2.0NRT,299.25,5.59,D,VIIRS_NOAA20_NRT
20.9636,86.00854,328.2,0.48,0.65,2026-09-06,818,N20,VIIRS,n,2.0NRT,289.11,4.5,D,VIIRS_NOAA20_NRT
18.28999,83.99493,330.29,0.33,0.55,2026-09-06,818,N20,VIIRS,n,2.0NRT,293.33,2.83,D,VIIRS_NOAA20_NRT
17.78408,75.71846,331.24,0.38,0.36,2026-09-06,818,N20,VIIRS,n,2.0NRT,300.33,3.33,D,VIIRS_NOAA20_NRT
17.31742,81.12641,340.08,0.42,0.45,2026-09-06,818,N20,VIIRS,n,2.0NRT,293.92,2.98,D,VIIRS_NOAA20_NRT
17.17197,80.99033,332.62,0.41,0.45,2026-09-06,818,N20,VIIRS,n,2.0NRT,294.98,3.92,D,VIIRS_NOAA20_NRT
21.10677,72.64597,342.58,0.41,0.37,2026-09-06,818,N20,VIIRS,n,2.0NRT,301.86,17.78,D,VIIRS_NOAA20_NRT
31.99819,78.26247,349.53,0.43,0.46,2026-09-06,822,N20,VIIRS,n,2.0NRT,315.66,14.92,D,VIIRS_NOAA20_NRT
20.9736,85.17626,304.78,0.73,0.76,2026-09-06,1906,N20,VIIRS,n,2.0NRT,284.46,2.43,N,VIIRS_NOAA20_NRT
20.97172,85.17448,306.84,0.73,0.76,2026-09-06,1906,N20,VIIRS,n,2.0NRT,284.44,1.82,N,VIIRS_NOAA20_NRT
20.96766,85.16129,303.68,0.73,0.76,2026-09-06,1906,N20,VIIRS,n,2.0NRT,284.51,2.67,N,VIIRS_NOAA20_NRT
20.96711,85.16849,306.05,0.73,0.76,2026-09-06,1906,N20,VIIRS,n,2.0NRT,284.62,2.43,N,VIIRS_NOAA20_NRT
20.96281,86.00195,313.96,0.64,0.72,2026-09-06,1906,N20,VIIRS,n,2.0NRT,274.27,3.3,N,VIIRS_NOAA20_NRT
20.95772,85.00848,301.26,0.75,0.77,2026-09-06,1906,N20,VIIRS,n,2.0NRT,284.55,2.16,N,VIIRS_NOAA20_NRT
20.88878,84.97369,302.11,0.75,0.77,2026-09-06,1906,N20,VIIRS,n,2.0NRT,283.53,1.3,N,VIIRS_NOAA20_NRT
20.88829,84.98077,301.28,0.75,0.77,2026-09-06,1906,N20,VIIRS,n,2.0NRT,283.86,1.3,N,VIIRS_NOAA20_NRT
20.79315,85.24971,302.34,0.72,0.75,2026-09-06,1906,N20,VIIRS,n,2.0NRT,283.59,4.78,N,VIIRS_NOAA20_NRT
20.76294,85.29334,312.9,0.71,0.75,2026-09-06,1906,N20,VIIRS,n,2.0NRT,284.32,4.71,N,VIIRS_NOAA20_NRT
20.76221,85.2887,303.39,0.71,0.75,2026-09-06,1906,N20,VIIRS,n,2.0NRT,284.33,4.01,N,VIIRS_NOAA20_NRT
20.7617,85.29582,307.43,0.71,0.75,2026-09-06,1906,N20,VIIRS,n,2.0NRT,284.38,3.49,N,VIIRS_NOAA20_NRT
27.60703,95.40102,308.03,0.4,0.44,2026-09-06,1904,N20,VIIRS,n,2.0NRT,289.98,1.33,N,VIIRS_NOAA20_NRT
27.4684,95.42167,306.34,0.39,0.44,2026-09-06,1904,N20,VIIRS,n,2.0NRT,289.87,1.59,N,VIIRS_NOAA20_NRT
27.46209,95.47723,307.11,0.39,0.44,2026-09-06,1904,N20,VIIRS,n,2.0NRT,289.77,3.02,N,VIIRS_NOAA20_NRT
27.46147,95.4744,308.8,0.39,0.44,2026-09-06,1904,N20,VIIRS,n,2.0NRT,289.8,2.91,N,VIIRS_NOAA20_NRT
26.77205,94.50575,307.34,0.43,0.46,2026-09-06,1904,N20,VIIRS,n,2.0NRT,289.01,2.39,N,VIIRS_NOAA20_NRT
22.03806,83.35194,315.42,0.33,0.55,2026-09-06,2046,N20,VIIRS,n,2.0NRT,288.22,1.15,N,VIIRS_NOAA20_NRT
17.1715,80.98653,341.76,0.41,0.45,2026-09-06,818,N20,VIIRS,n,2.0NRT,297.93,5.19,D,VIIRS_NOAA20_NRT
22.03872,83.34882,306.26,0.33,0.55,2026-09-06,2046,N20,VIIRS,n,2.0NRT,287.74,1.15,N,VIIRS_NOAA20_NRT
22.31933,82.55735,305.32,0.58,0.52,2026-09-06,2046,N20,VIIRS,n,2.0NRT,287.52,1.48,N,VIIRS_NOAA20_NRT
21.37864,81.64126,304.29,0.53,0.5,2026-09-06,2049,N20,VIIRS,n,2.0NRT,289.17,2.14,N,VIIRS_NOAA20_NRT
21.37506,81.68236,306.24,0.53,0.5,2026-09-06,2049,N20,VIIRS,n,2.0NRT,289.5,2.23,N,VIIRS_NOAA20_NRT
21.33615,78.96851,311.61,0.55,0.43,2026-09-06,2049,N20,VIIRS,n,2.0NRT,289.81,1.9,N,VIIRS_NOAA20_NRT
21.24994,79.20966,308.99,0.57,0.43,2026-09-06,2049,N20,VIIRS,n,2.0NRT,287.65,1.79,N,VIIRS_NOAA20_NRT
21.23569,79.63112,305.65,0.4,0.44,2026-09-06,2049,N20,VIIRS,n,2.0NRT,290.34,0.78,N,VIIRS_NOAA20_NRT
21.187,81.39117,308.22,0.52,0.5,2026-09-06,2049,N20,VIIRS,n,2.0NRT,291.13,2.1,N,VIIRS_NOAA20_NRT
21.1835,81.38528,310.78,0.51,0.5,2026-09-06,2049,N20,VIIRS,n,2.0NRT,290.65,2.1,N,VIIRS_NOAA20_NRT
20.97046,86.01247,349.73,0.51,0.66,2026-09-06,2049,N20,VIIRS,n,2.0NRT,286.7,13.14,N,VIIRS_NOAA20_NRT
21.43295,72.97732,314.63,0.39,0.36,2026-09-06,2049,N20,VIIRS,n,2.0NRT,290.76,1.49,N,VIIRS_NOAA20_NRT
20.96565,86.00595,333.88,0.51,0.66,2026-09-06,2049,N20,VIIRS,n,2.0NRT,285.75,11.28,N,VIIRS_NOAA20_NRT
20.86487,84.98684,321.44,0.44,0.63,2026-09-06,2049,N20,VIIRS,n,2.0NRT,286.55,1.7,N,VIIRS_NOAA20_NRT
20.86389,84.99117,309.71,0.44,0.63,2026-09-06,2049,N20,VIIRS,n,2.0NRT,286.74,1.7,N,VIIRS_NOAA20_NRT
20.6986,78.63525,305.89,0.54,0.42,2026-09-06,2049,N20,VIIRS,n,2.0NRT,291.73,0.94,N,VIIRS_NOAA20_NRT
19.93199,79.12053,307.07,0.39,0.44,2026-09-06,2049,N20,VIIRS,n,2.0NRT,292.13,1.01,N,VIIRS_NOAA20_NRT
19.9207,79.11429,311.57,0.39,0.44,2026-09-06,2049,N20,VIIRS,n,2.0NRT,292.34,1.09,N,VIIRS_NOAA20_NRT
19.72528,79.1739,306.8,0.4,0.44,2026-09-06,2049,N20,VIIRS,n,2.0NRT,291.87,1.18,N,VIIRS_NOAA20_NRT
20.8901,84.98042,304.51,0.44,0.63,2026-09-06,2049,N20,VIIRS,n,2.0NRT,286.19,1.24,N,VIIRS_NOAA20_NRT
21.486,81.76941,307.33,0.54,0.51,2026-09-06,2049,N20,VIIRS,n,2.0NRT,288.57,1.12,N,VIIRS_NOAA20_NRT
22.93556,69.69945,307.35,0.54,0.42,2026-09-06,2049,N20,VIIRS,n,2.0NRT,293.2,2.99,N,VIIRS_NOAA20_NRT
16.65053,74.31422,300.66,0.4,0.37,2026-09-06,2051,N20,VIIRS,n,2.0NRT,283.93,0.55,N,VIIRS_NOAA20_NRT
15.65921,73.98962,304.38,0.4,0.37,2026-09-06,2051,N20,VIIRS,n,2.0NRT,290.67,0.67,N,VIIRS_NOAA20_NRT
15.33446,76.28457,303.75,0.48,0.4,2026-09-06,2051,N20,VIIRS,n,2.0NRT,283.37,0.9,N,VIIRS_NOAA20_NRT
21.57573,82.02216,307.33,0.55,0.51,2026-09-06,2049,N20,VIIRS,n,2.0NRT,289.83,1.36,N,VIIRS_NOAA20_NRT
15.22549,76.76331,300.64,0.51,0.41,2026-09-06,2051,N20,VIIRS,n,2.0NRT,271.35,0.73,N,VIIRS_NOAA20_NRT
15.17836,76.65756,310.41,0.51,0.41,2026-09-06,2051,N20,VIIRS,n,2.0NRT,279.51,1.39,N,VIIRS_NOAA20_NRT
15.17463,76.65685,301.15,0.51,0.41,2026-09-06,2051,N20,VIIRS,n,2.0NRT,280.33,1.39,N,VIIRS_NOAA20_NRT
15.17381,76.66151,320.07,0.51,0.41,2026-09-06,2051,N20,VIIRS,n,2.0NRT,280.22,3.46,N,VIIRS_NOAA20_NRT
15.16806,76.37825,304.37,0.49,0.4,2026-09-06,2051,N20,VIIRS,n,2.0NRT,284.93,1.79,N,VIIRS_NOAA20_NRT
15.02487,78.01408,309.58,0.41,0.45,2026-09-06,2051,N20,VIIRS,n,2.0NRT,287.4,2.11,N,VIIRS_NOAA20_NRT
14.36366,78.77711,314.12,0.47,0.47,2026-09-06,2051,N20,VIIRS,n,2.0NRT,287.54,4.23,N,VIIRS_NOAA20_NRT
11.81744,77.91634,299.02,0.45,0.47,2026-09-06,2051,N20,VIIRS,n,2.0NRT,278.89,0.89,N,VIIRS_NOAA20_NRT
11.61621,77.75238,303.07,0.44,0.46,2026-09-06,2051,N20,VIIRS,n,2.0NRT,287.25,0.48,N,VIIRS_NOAA20_NRT
15.18417,76.66833,308.91,0.51,0.41,2026-09-06,2051,N20,VIIRS,n,2.0NRT,278.9,1.89,N,VIIRS_NOAA20_NRT
19.27255,74.6683,310.27,0.39,0.36,2026-09-06,2049,N20,VIIRS,n,2.0NRT,290.55,1.05,N,VIIRS_NOAA20_NRT
27.29016,73.84022,308.34,0.4,0.37,2026-09-06,2046,N20,VIIRS,n,2.0NRT,296.09,2.87,N,VIIRS_NOAA20_NRT
26.87837,73.51595,308.52,0.41,0.37,2026-09-06,2046,N20,VIIRS,n,2.0NRT,295.08,2.26,N,VIIRS_NOAA20_NRT
26.87441,73.51662,309.93,0.41,0.37,2026-09-06,2046,N20,VIIRS,n,2.0NRT,295.02,2.61,N,VIIRS_NOAA20_NRT
26.60538,73.68313,306.85,0.4,0.37,2026-09-06,2046,N20,VIIRS,n,2.0NRT,295.36,0.65,N,VIIRS_NOAA20_NRT
26.29863,74.12737,306.56,0.39,0.36,2026-09-06,2046,N20,VIIRS,n,2.0NRT,294.91,0.77,N,VIIRS_NOAA20_NRT
26.2588,74.09588,308.96,0.39,0.36,2026-09-06,2046,N20,VIIRS,n,2.0NRT,295.34,1.03,N,VIIRS_NOAA20_NRT
24.9338,74.63345,297.15,0.38,0.36,2026-09-06,2046,N20,VIIRS,n,2.0NRT,279.72,1.01,N,VIIRS_NOAA20_NRT
27.66805,76.12919,312.39,0.39,0.36,2026-09-06,2046,N20,VIIRS,n,2.0NRT,294.58,1.16,N,VIIRS_NOAA20_NRT
24.69204,73.00279,306.06,0.41,0.37,2026-09-06,2046,N20,VIIRS,n,2.0NRT,294.66,1.19,N,VIIRS_NOAA20_NRT
23.16659,82.34151,308.91,0.54,0.51,2026-09-06,2046,N20,VIIRS,n,2.0NRT,287.87,2.01,N,VIIRS_NOAA20_NRT
22.36226,82.29867,299.59,0.56,0.51,2026-09-06,2046,N20,VIIRS,n,2.0NRT,277.66,1.24,N,VIIRS_NOAA20_NRT
22.36117,82.30396,308.07,0.56,0.51,2026-09-06,2046,N20,VIIRS,n,2.0NRT,278.43,1.67,N,VIIRS_NOAA20_NRT
22.35952,82.30042,320.89,0.56,0.51,2026-09-06,2046,N20,VIIRS,n,2.0NRT,278.23,2.17,N,VIIRS_NOAA20_NRT
22.35839,82.3057,300.27,0.56,0.51,2026-09-06,2046,N20,VIIRS,n,2.0NRT,278.23,2.17,N,VIIRS_NOAA20_NRT
22.35652,82.30289,311.89,0.56,0.51,2026-09-06,2046,N20,VIIRS,n,2.0NRT,276.7,1.67,N,VIIRS_NOAA20_NRT
22.32286,82.56402,304.74,0.58,0.52,2026-09-06,2046,N20,VIIRS,n,2.0NRT,287.9,1.49,N,VIIRS_NOAA20_NRT
22.32277,82.56183,304.24,0.58,0.52,2026-09-06,2046,N20,VIIRS,n,2.0NRT,287.62,1.04,N,VIIRS_NOAA20_NRT
24.15967,82.56333,304.6,0.53,0.5,2026-09-06,2046,N20,VIIRS,n,2.0NRT,274.94,1.75,N,VIIRS_NOAA20_NRT
27.79425,75.32977,306.31,0.39,0.36,2026-09-06,2046,N20,VIIRS,n,2.0NRT,294.45,0.87,N,VIIRS_NOAA20_NRT
28.27557,77.18221,308.9,0.39,0.36,2026-09-06,2046,N20,VIIRS,n,2.0NRT,292.5,1.14,N,VIIRS_NOAA20_NRT
28.27742,77.27326,305.51,0.4,0.37,2026-09-06,2046,N20,VIIRS,n,2.0NRT,291.56,0.72,N,VIIRS_NOAA20_NRT
19.10323,82.16578,308.43,0.63,0.54,2026-09-06,2049,N20,VIIRS,n,2.0NRT,288.38,2.12,N,VIIRS_NOAA20_NRT
19.10193,82.16513,300.95,0.63,0.54,2026-09-06,2049,N20,VIIRS,n,2.0NRT,288.0,0.97,N,VIIRS_NOAA20_NRT
19.09703,82.16398,302.97,0.63,0.54,2026-09-06,2049,N20,VIIRS,n,2.0NRT,287.82,0.97,N,VIIRS_NOAA20_NRT
18.72052,79.50629,316.36,0.44,0.46,2026-09-06,2049,N20,VIIRS,n,2.0NRT,291.34,2.08,N,VIIRS_NOAA20_NRT
18.71923,79.53582,311.3,0.44,0.46,2026-09-06,2049,N20,VIIRS,n,2.0NRT,291.83,1.42,N,VIIRS_NOAA20_NRT
18.71426,79.53906,307.45,0.44,0.46,2026-09-06,2049,N20,VIIRS,n,2.0NRT,291.97,1.85,N,VIIRS_NOAA20_NRT
18.69241,73.03941,317.79,0.39,0.36,2026-09-06,2049,N20,VIIRS,n,2.0NRT,292.46,2.33,N,VIIRS_NOAA20_NRT
18.68694,73.03103,305.57,0.39,0.36,2026-09-06,2049,N20,VIIRS,n,2.0NRT,291.73,0.8,N,VIIRS_NOAA20_NRT
18.68307,73.03409,308.66,0.39,0.36,2026-09-06,2049,N20,VIIRS,n,2.0NRT,291.51,0.8,N,VIIRS_NOAA20_NRT
18.68251,73.0377,302.4,0.39,0.36,2026-09-06,2049,N20,VIIRS,n,2.0NRT,291.27,1.19,N,VIIRS_NOAA20_NRT
18.4227,73.94713,303.53,0.39,0.36,2026-09-06,2049,N20,VIIRS,n,2.0NRT,291.43,0.45,N,VIIRS_NOAA20_NRT
17.9584,80.79161,311.25,0.54,0.51,2026-09-06,2049,N20,VIIRS,n,2.0NRT,286.36,2.87,N,VIIRS_NOAA20_NRT
17.61012,83.20317,327.55,0.4,0.6,2026-09-06,2049,N20,VIIRS,n,2.0NRT,283.38,1.43,N,VIIRS_NOAA20_NRT
17.60474,83.20191,299.55,0.4,0.6,2026-09-06,2049,N20,VIIRS,n,2.0NRT,280.84,1.43,N,VIIRS_NOAA20_NRT
29.47528,76.8589,330.15,0.39,0.36,2026-09-06,2046,N20,VIIRS,n,2.0NRT,294.17,4.54,N,VIIRS_NOAA20_NRT
28.34659,77.23032,322.88,0.39,0.37,2026-09-06,2046,N20,VIIRS,n,2.0NRT,292.35,1.97,N,VIIRS_NOAA20_NRT
22.31806,82.56065,304.09,0.58,0.52,2026-09-06,2046,N20,VIIRS,n,2.0NRT,287.53,2.14,N,VIIRS_NOAA20_NRT
17.13425,80.19149,330.53,0.55,0.42,2026-09-06,818,N20,VIIRS,n,2.0NRT,291.93,2.86,D,VIIRS_NOAA20_NRT
16.39573,78.35094,334.08,0.44,0.38,2026-09-06,818,N20,VIIRS,n,2.0NRT,297.6,2.65,D,VIIRS_NOAA20_NRT
16.31662,77.81316,330.14,0.42,0.37,2026-09-06,818,N20,VIIRS,n,2.0NRT,298.24,1.62,D,VIIRS_NOAA20_NRT
8.49291,77.97705,347.7,0.39,0.36,2026-09-06,816,N20,VIIRS,n,2.0NRT,303.95,7.11,D,VIIRS_NOAA20_NRT
8.60927,77.95816,338.51,0.39,0.36,2026-09-06,816,N20,VIIRS,n,2.0NRT,304.16,4.67,D,VIIRS_NOAA20_NRT
8.58826,78.02264,342.12,0.39,0.36,2026-09-06,816,N20,VIIRS,n,2.0NRT,304.31,6.38,D,VIIRS_NOAA20_NRT
8.77137,77.9758,348.15,0.39,0.36,2026-09-06,816,N20,VIIRS,n,2.0NRT,308.01,15.66,D,VIIRS_NOAA20_NRT
8.64208,78.06361,337.16,0.39,0.36,2026-09-06,816,N20,VIIRS,n,2.0NRT,302.68,4.23,D,VIIRS_NOAA20_NRT
8.64155,78.06013,335.38,0.39,0.36,2026-09-06,816,N20,VIIRS,n,2.0NRT,303.31,4.76,D,VIIRS_NOAA20_NRT
8.63825,78.06062,337.95,0.39,0.36,2026-09-06,816,N20,VIIRS,n,2.0NRT,301.2,2.55,D,VIIRS_NOAA20_NRT
27.87494,96.92095,331.02,0.39,0.36,2026-09-06,640,N20,VIIRS,n,2.0NRT,296.46,5.75,D,VIIRS_NOAA20_NRT
13.04957,78.27469,341.92,0.41,0.37,2026-09-06,816,N20,VIIRS,n,2.0NRT,306.63,10.37,D,VIIRS_NOAA20_NRT
12.93068,78.92706,334.58,0.43,0.38,2026-09-06,816,N20,VIIRS,n,2.0NRT,299.93,2.48,D,VIIRS_NOAA20_NRT
12.93012,78.92313,334.35,0.43,0.38,2026-09-06,816,N20,VIIRS,n,2.0NRT,299.34,2.48,D,VIIRS_NOAA20_NRT
11.81078,77.92136,339.74,0.39,0.36,2026-09-06,816,N20,VIIRS,n,2.0NRT,301.72,4.8,D,VIIRS_NOAA20_NRT
11.77753,78.95534,334.49,0.42,0.38,2026-09-06,816,N20,VIIRS,n,2.0NRT,297.96,1.79,D,VIIRS_NOAA20_NRT
11.50757,79.17319,336.38,0.43,0.38,2026-09-06,816,N20,VIIRS,n,2.0NRT,297.05,2.86,D,VIIRS_NOAA20_NRT
11.27019,77.4155,336.34,0.39,0.36,2026-09-06,816,N20,VIIRS,n,2.0NRT,303.7,5.59,D,VIIRS_NOAA20_NRT
11.19163,79.82079,336.11,0.45,0.39,2026-09-06,816,N20,VIIRS,n,2.0NRT,293.65,1.99,D,VIIRS_NOAA20_NRT
13.22674,78.14415,341.57,0.41,0.37,2026-09-06,816,N20,VIIRS,n,2.0NRT,303.09,5.97,D,VIIRS_NOAA20_NRT
11.12472,77.62248,336.38,0.39,0.36,2026-09-06,816,N20,VIIRS,n,2.0NRT,300.0,3.95,D,VIIRS_NOAA20_NRT
11.03685,78.74722,339.8,0.41,0.37,2026-09-06,816,N20,VIIRS,n,2.0NRT,298.27,8.68,D,VIIRS_NOAA20_NRT
10.9437,78.16061,343.17,0.39,0.37,2026-09-06,816,N20,VIIRS,n,2.0NRT,302.39,14.29,D,VIIRS_NOAA20_NRT
10.94035,78.16111,354.38,0.39,0.37,2026-09-06,816,N20,VIIRS,n,2.0NRT,305.29,27.32,D,VIIRS_NOAA20_NRT
10.92934,78.49602,347.17,0.4,0.37,2026-09-06,816,N20,VIIRS,n,2.0NRT,297.66,7.02,D,VIIRS_NOAA20_NRT
10.92834,77.06563,340.58,0.38,0.36,2026-09-06,816,N20,VIIRS,n,2.0NRT,305.61,3.82,D,VIIRS_NOAA20_NRT
10.85708,77.46764,340.33,0.39,0.36,2026-09-06,816,N20,VIIRS,n,2.0NRT,308.54,6.24,D,VIIRS_NOAA20_NRT
10.80177,77.80022,340.26,0.39,0.36,2026-09-06,816,N20,VIIRS,n,2.0NRT,305.63,10.41,D,VIIRS_NOAA20_NRT
10.76739,76.23816,335.87,0.39,0.36,2026-09-06,816,N20,VIIRS,n,2.0NRT,293.55,2.63,D,VIIRS_NOAA20_NRT
11.1039,77.41711,342.02,0.39,0.36,2026-09-06,816,N20,VIIRS,n,2.0NRT,307.69,8.8,D,VIIRS_NOAA20_NRT
14.12156,77.65474,331.55,0.4,0.37,2026-09-06,816,N20,VIIRS,n,2.0NRT,300.58,1.97,D,VIIRS_NOAA20_NRT
14.24582,77.22956,338.79,0.39,0.36,2026-09-06,816,N20,VIIRS,n,2.0NRT,306.51,4.51,D,VIIRS_NOAA20_NRT
14.40978,78.3418,338.03,0.42,0.38,2026-09-06,816,N20,VIIRS,n,2.0NRT,295.11,5.06,D,VIIRS_NOAA20_NRT
16.07799,79.995,336.81,0.52,0.41,2026-09-06,816,N20,VIIRS,n,2.0NRT,296.71,7.28,D,VIIRS_NOAA20_NRT
15.99101,76.4836,341.67,0.39,0.36,2026-09-06,816,N20,VIIRS,n,2.0NRT,304.73,3.54,D,VIIRS_NOAA20_NRT
15.91067,80.06923,337.3,0.52,0.42,2026-09-06,816,N20,VIIRS,n,2.0NRT,290.29,5.49,D,VIIRS_NOAA20_NRT
15.49023,77.78264,337.37,0.41,0.37,2026-09-06,816,N20,VIIRS,n,2.0NRT,300.66,2.16,D,VIIRS_NOAA20_NRT
15.18472,76.31614,334.3,0.38,0.36,2026-09-06,816,N20,VIIRS,n,2.0NRT,303.79,3.42,D,VIIRS_NOAA20_NRT
15.18073,76.85435,337.89,0.39,0.36,2026-09-06,816,N20,VIIRS,n,2.0NRT,306.7,5.41,D,VIIRS_NOAA20_NRT
15.17512,76.65694,346.01,0.39,0.36,2026-09-06,816,N20,VIIRS,n,2.0NRT,308.7,6.8,D,VIIRS_NOAA20_NRT
15.17384,76.69377,336.43,0.39,0.36,2026-09-06,816,N20,VIIRS,n,2.0NRT,306.25,2.87,D,VIIRS_NOAA20_NRT
15.08338,77.32011,343.03,0.4,0.37,2026-09-06,816,N20,VIIRS,n,2.0NRT,305.11,8.28,D,VIIRS_NOAA20_NRT
14.94066,77.56884,333.46,0.4,0.37,2026-09-06,816,N20,VIIRS,n,2.0NRT,303.35,6.13,D,VIIRS_NOAA20_NRT
14.88016,77.46104,332.67,0.4,0.37,2026-09-06,816,N20,VIIRS,n,2.0NRT,302.42,3.99,D,VIIRS_NOAA20_NRT
14.80499,79.02848,341.25,0.45,0.39,2026-09-06,816,N20,VIIRS,n,2.0NRT,287.86,6.78,D,VIIRS_NOAA20_NRT
14.7934,77.75158,339.31,0.4,0.37,2026-09-06,816,N20,VIIRS,n,2.0NRT,306.25,6.86,D,VIIRS_NOAA20_NRT
14.79286,77.74784,338.51,0.4,0.37,2026-09-06,816,N20,VIIRS,n,2.0NRT,307.33,7.11,D,VIIRS_NOAA20_NRT
14.7651,77.04733,347.22,0.39,0.36,2026-09-06,816,N20,VIIRS,n,2.0NRT,307.53,8.96,D,VIIRS_NOAA20_NRT
14.56635,77.9285,337.95,0.41,0.37,2026-09-06,816,N20,VIIRS,n,2.0NRT,302.4,4.01,D,VIIRS_NOAA20_NRT
14.48702,78.5662,332.82,0.43,0.38,2026-09-06,816,N20,VIIRS,n,2.0NRT,295.59,3.75,D,VIIRS_NOAA20_NRT
14.46042,77.28085,339.89,0.39,0.36,2026-09-06,816,N20,VIIRS,n,2.0NRT,307.1,7.67,D,VIIRS_NOAA20_NRT
14.41287,78.34174,339.28,0.42,0.38,2026-09-06,816,N20,VIIRS,n,2.0NRT,295.97,4.97,D,VIIRS_NOAA20_NRT
10.71976,77.59386,341.83,0.39,0.36,2026-09-06,816,N20,VIIRS,n,2.0NRT,309.37,7.51,D,VIIRS_NOAA20_NRT
10.40158,79.16486,336.74,0.42,0.37,2026-09-06,816,N20,VIIRS,n,2.0NRT,300.75,5.23,D,VIIRS_NOAA20_NRT
9.01616,77.9118,347.92,0.39,0.36,2026-09-06,816,N20,VIIRS,n,2.0NRT,304.77,12.51,D,VIIRS_NOAA20_NRT
9.23043,78.75058,337.79,0.4,0.37,2026-09-06,816,N20,VIIRS,n,2.0NRT,301.47,2.36,D,VIIRS_NOAA20_NRT
9.71985,78.95872,338.14,0.41,0.37,2026-09-06,816,N20,VIIRS,n,2.0NRT,300.04,2.51,D,VIIRS_NOAA20_NRT
9.69185,77.82179,341.88,0.39,0.36,2026-09-06,816,N20,VIIRS,n,2.0NRT,300.58,5.7,D,VIIRS_NOAA20_NRT
9.69133,77.8183,347.18,0.39,0.36,2026-09-06,816,N20,VIIRS,n,2.0NRT,301.97,5.7,D,VIIRS_NOAA20_NRT
9.68716,78.94857,337.54,0.41,0.37,2026-09-06,816,N20,VIIRS,n,2.0NRT,300.0,1.65,D,VIIRS_NOAA20_NRT
9.63564,77.72035,339.18,0.39,0.36,2026-09-06,816,N20,VIIRS,n,2.0NRT,305.4,8.97,D,VIIRS_NOAA20_NRT
9.36442,77.60989,339.27,0.38,0.36,2026-09-06,816,N20,VIIRS,n,2.0NRT,300.83,3.3,D,VIIRS_NOAA20_NRT
9.28078,78.9957,336.14,0.4,0.37,2026-09-06,816,N20,VIIRS,n,2.0NRT,299.24,3.13,D,VIIRS_NOAA20_NRT
9.2399,78.45236,336.7,0.39,0.36,2026-09-06,816,N20,VIIRS,n,2.0NRT,302.61,3.4,D,VIIRS_NOAA20_NRT
10.39079,79.30653,333.3,0.42,0.38,2026-09-06,816,N20,VIIRS,n,2.0NRT,296.99,2.61,D,VIIRS_NOAA20_NRT
20.8653,84.9883,323.32,0.4,0.37,2026-09-06,1951,N21,VIIRS,n,2.0NRT,292.15,1.65,N,VIIRS_NOAA21_NRT
20.86473,84.99213,307.16,0.4,0.37,2026-09-06,1951,N21,VIIRS,n,2.0NRT,292.27,1.65,N,VIIRS_NOAA21_NRT
20.86192,84.98773,312.63,0.4,0.37,2026-09-06,1951,N21,VIIRS,n,2.0NRT,289.97,1.65,N,VIIRS_NOAA21_NRT
20.79797,85.25918,318.29,0.4,0.37,2026-09-06,1951,N21,VIIRS,n,2.0NRT,290.52,3.75,N,VIIRS_NOAA21_NRT
20.79518,85.25484,322.61,0.4,0.37,2026-09-06,1951,N21,VIIRS,n,2.0NRT,290.58,3.94,N,VIIRS_NOAA21_NRT
20.78736,85.2613,309.22,0.4,0.37,2026-09-06,1951,N21,VIIRS,n,2.0NRT,289.98,4.23,N,VIIRS_NOAA21_NRT
20.7868,85.26508,315.21,0.4,0.37,2026-09-06,1951,N21,VIIRS,n,2.0NRT,291.95,3.82,N,VIIRS_NOAA21_NRT
20.78345,85.26453,322.86,0.4,0.37,2026-09-06,1951,N21,VIIRS,n,2.0NRT,291.6,4.24,N,VIIRS_NOAA21_NRT
20.76168,85.29589,314.0,0.4,0.37,2026-09-06,1951,N21,VIIRS,n,2.0NRT,292.13,3.23,N,VIIRS_NOAA21_NRT
20.76113,85.29971,310.07,0.4,0.37,2026-09-06,1951,N21,VIIRS,n,2.0NRT,290.1,2.21,N,VIIRS_NOAA21_NRT
20.75834,85.29536,307.05,0.4,0.37,2026-09-06,1951,N21,VIIRS,n,2.0NRT,291.92,3.3,N,VIIRS_NOAA21_NRT
20.7025,78.62045,304.89,0.58,0.52,2026-09-06,1951,N21,VIIRS,n,2.0NRT,290.46,1.43,N,VIIRS_NOAA21_NRT
20.69586,78.63654,306.64,0.58,0.52,2026-09-06,1951,N21,VIIRS,n,2.0NRT,289.87,1.82,N,VIIRS_NOAA21_NRT
19.93681,73.71275,302.18,0.6,0.71,2026-09-06,1951,N21,VIIRS,n,2.0NRT,285.75,1.17,N,VIIRS_NOAA21_NRT
19.9364,73.71198,304.75,0.6,0.71,2026-09-06,1951,N21,VIIRS,n,2.0NRT,286.13,1.49,N,VIIRS_NOAA21_NRT
19.92065,79.11182,308.37,0.53,0.5,2026-09-06,1951,N21,VIIRS,n,2.0NRT,291.33,1.39,N,VIIRS_NOAA21_NRT
19.10446,82.16328,322.2,0.51,0.41,2026-09-06,1951,N21,VIIRS,n,2.0NRT,290.44,1.96,N,VIIRS_NOAA21_NRT
20.86811,84.9927,307.79,0.4,0.37,2026-09-06,1951,N21,VIIRS,n,2.0NRT,292.29,1.47,N,VIIRS_NOAA21_NRT
19.10381,82.16806,310.01,0.51,0.41,2026-09-06,1951,N21,VIIRS,n,2.0NRT,291.73,1.96,N,VIIRS_NOAA21_NRT
20.86867,84.98887,306.01,0.4,0.37,2026-09-06,1951,N21,VIIRS,n,2.0NRT,291.79,1.47,N,VIIRS_NOAA21_NRT
20.88726,84.98001,317.45,0.4,0.37,2026-09-06,1951,N21,VIIRS,n,2.0NRT,292.25,2.84,N,VIIRS_NOAA21_NRT
21.37604,81.67924,313.69,0.57,0.43,2026-09-06,1951,N21,VIIRS,n,2.0NRT,290.89,5.37,N,VIIRS_NOAA21_NRT
21.33674,78.96648,312.94,0.56,0.52,2026-09-06,1951,N21,VIIRS,n,2.0NRT,287.88,2.19,N,VIIRS_NOAA21_NRT
21.33617,78.97189,303.5,0.56,0.52,2026-09-06,1951,N21,VIIRS,n,2.0NRT,287.65,2.19,N,VIIRS_NOAA21_NRT
21.33481,78.9703,317.42,0.56,0.52,2026-09-06,1951,N21,VIIRS,n,2.0NRT,288.35,2.73,N,VIIRS_NOAA21_NRT
21.24511,79.22173,300.76,0.54,0.51,2026-09-06,1951,N21,VIIRS,n,2.0NRT,284.94,1.43,N,VIIRS_NOAA21_NRT
21.18746,81.39248,307.85,0.39,0.44,2026-09-06,1951,N21,VIIRS,n,2.0NRT,290.36,1.97,N,VIIRS_NOAA21_NRT
21.18388,81.38812,307.27,0.4,0.44,2026-09-06,1951,N21,VIIRS,n,2.0NRT,289.69,1.97,N,VIIRS_NOAA21_NRT
21.17984,81.38757,334.69,0.4,0.44,2026-09-06,1951,N21,VIIRS,n,2.0NRT,290.64,5.58,N,VIIRS_NOAA21_NRT
20.99956,86.02483,310.64,0.39,0.36,2026-09-06,1951,N21,VIIRS,n,2.0NRT,292.53,3.29,N,VIIRS_NOAA21_NRT
20.99737,86.01688,306.61,0.39,0.36,2026-09-06,1951,N21,VIIRS,n,2.0NRT,292.06,3.47,N,VIIRS_NOAA21_NRT
20.97534,86.00551,313.77,0.39,0.36,2026-09-06,1951,N21,VIIRS,n,2.0NRT,291.69,3.57,N,VIIRS_NOAA21_NRT
20.96684,85.15375,308.85,0.4,0.37,2026-09-06,1951,N21,VIIRS,n,2.0NRT,288.92,3.53,N,VIIRS_NOAA21_NRT
20.96533,86.0493,315.3,0.39,0.36,2026-09-06,1951,N21,VIIRS,n,2.0NRT,291.54,4.42,N,VIIRS_NOAA21_NRT
20.9647,86.00729,307.27,0.39,0.36,2026-09-06,1951,N21,VIIRS,n,2.0NRT,292.5,2.79,N,VIIRS_NOAA21_NRT
20.96414,86.01098,328.03,0.39,0.36,2026-09-06,1951,N21,VIIRS,n,2.0NRT,292.65,2.79,N,VIIRS_NOAA21_NRT
20.96139,86.00672,329.84,0.39,0.36,2026-09-06,1951,N21,VIIRS,n,2.0NRT,292.1,2.79,N,VIIRS_NOAA21_NRT
20.93917,86.06352,322.48,0.39,0.36,2026-09-06,1951,N21,VIIRS,n,2.0NRT,286.25,2.13,N,VIIRS_NOAA21_NRT
20.88332,84.98332,306.85,0.4,0.37,2026-09-06,1951,N21,VIIRS,n,2.0NRT,292.24,2.47,N,VIIRS_NOAA21_NRT
21.37648,81.64273,309.02,0.38,0.43,2026-09-06,1951,N21,VIIRS,n,2.0NRT,289.84,2.47,N,VIIRS_NOAA21_NRT
19.0963,82.16698,318.95,0.51,0.41,2026-09-06,1951,N21,VIIRS,n,2.0NRT,290.87,2.64,N,VIIRS_NOAA21_NRT
18.70239,72.87109,299.8,0.66,0.73,2026-09-06,1951,N21,VIIRS,n,2.0NRT,287.35,2.22,N,VIIRS_NOAA21_NRT
21.10568,72.64432,346.09,0.44,0.62,2026-09-06,905,N21,VIIRS,n,2.0NRT,288.81,7.04,D,VIIRS_NOAA21_NRT
21.10248,72.64528,336.07,0.44,0.62,2026-09-06,905,N21,VIIRS,n,2.0NRT,287.71,4.62,D,VIIRS_NOAA21_NRT
14.60401,76.94505,337.41,0.71,0.75,2026-09-06,902,N21,VIIRS,n,2.0NRT,292.54,11.72,D,VIIRS_NOAA21_NRT
9.01685,77.36189,330.32,0.64,0.72,2026-09-06,900,N21,VIIRS,n,2.0NRT,290.0,2.82,D,VIIRS_NOAA21_NRT
27.98621,96.97636,336.58,0.44,0.63,2026-09-06,724,N21,VIIRS,n,2.0NRT,291.79,6.46,D,VIIRS_NOAA21_NRT
27.98455,96.97561,328.55,0.44,0.63,2026-09-06,724,N21,VIIRS,n,2.0NRT,290.76,6.63,D,VIIRS_NOAA21_NRT
27.37982,95.33495,331.0,0.34,0.56,2026-09-06,724,N21,VIIRS,n,2.0NRT,289.17,3.08,D,VIIRS_NOAA21_NRT
26.75753,91.44517,339.79,0.39,0.44,2026-09-06,724,N21,VIIRS,n,2.0NRT,292.25,5.19,D,VIIRS_NOAA21_NRT
18.34005,83.61451,341.79,0.52,0.42,2026-09-06,722,N21,VIIRS,n,2.0NRT,299.78,6.89,D,VIIRS_NOAA21_NRT
17.85695,82.5862,340.58,0.41,0.45,2026-09-06,722,N21,VIIRS,n,2.0NRT,299.03,13.78,D,VIIRS_NOAA21_NRT
16.5745,79.53558,337.48,0.34,0.56,2026-09-06,722,N21,VIIRS,n,2.0NRT,295.02,3.57,D,VIIRS_NOAA21_NRT
22.49434,70.02252,334.17,0.61,0.53,2026-09-06,905,N21,VIIRS,n,2.0NRT,295.48,4.24,D,VIIRS_NOAA21_NRT
18.71861,79.50751,320.2,0.48,0.48,2026-09-06,1951,N21,VIIRS,n,2.0NRT,292.32,2.19,N,VIIRS_NOAA21_NRT
23.17906,68.86296,341.75,0.52,0.5,2026-09-06,905,N21,VIIRS,n,2.0NRT,298.62,7.71,D,VIIRS_NOAA21_NRT
23.48274,87.36269,312.05,0.38,0.36,2026-09-06,1949,N21,VIIRS,n,2.0NRT,292.75,3.34,N,VIIRS_NOAA21_NRT
17.95671,80.79757,308.92,0.39,0.44,2026-09-06,1951,N21,VIIRS,n,2.0NRT,286.23,1.28,N,VIIRS_NOAA21_NRT
17.69401,83.2431,307.37,0.44,0.38,2026-09-06,1951,N21,VIIRS,n,2.0NRT,292.97,3.07,N,VIIRS_NOAA21_NRT
17.60583,83.20129,309.33,0.44,0.38,2026-09-06,1951,N21,VIIRS,n,2.0NRT,288.42,3.22,N,VIIRS_NOAA21_NRT
29.47548,76.85191,304.26,0.47,0.64,2026-09-06,1949,N21,VIIRS,n,2.0NRT,290.19,3.72,N,VIIRS_NOAA21_NRT
29.47515,76.85677,331.04,0.47,0.64,2026-09-06,1949,N21,VIIRS,n,2.0NRT,290.31,5.28,N,VIIRS_NOAA21_NRT
29.47356,76.85158,302.93,0.47,0.64,2026-09-06,1949,N21,VIIRS,n,2.0NRT,289.78,3.15,N,VIIRS_NOAA21_NRT
29.47326,76.85646,324.33,0.47,0.64,2026-09-06,1949,N21,VIIRS,n,2.0NRT,290.26,4.33,N,VIIRS_NOAA21_NRT
28.77802,76.94595,304.33,0.46,0.63,2026-09-06,1949,N21,VIIRS,n,2.0NRT,289.64,1.37,N,VIIRS_NOAA21_NRT
28.34819,77.22955,305.35,0.44,0.62,2026-09-06,1949,N21,VIIRS,n,2.0NRT,280.96,1.15,N,VIIRS_NOAA21_NRT
27.37821,95.33459,305.64,0.47,0.47,2026-09-06,1949,N21,VIIRS,n,2.0NRT,288.04,2.09,N,VIIRS_NOAA21_NRT
27.32282,95.27635,306.54,0.46,0.47,2026-09-06,1949,N21,VIIRS,n,2.0NRT,289.34,2.59,N,VIIRS_NOAA21_NRT
27.3179,95.26727,307.94,0.46,0.47,2026-09-06,1949,N21,VIIRS,n,2.0NRT,289.22,1.68,N,VIIRS_NOAA21_NRT
27.31623,95.26494,305.56,0.46,0.47,2026-09-06,1949,N21,VIIRS,n,2.0NRT,288.89,1.88,N,VIIRS_NOAA21_NRT
24.20427,82.70858,297.39,0.54,0.42,2026-09-06,1949,N21,VIIRS,n,2.0NRT,270.96,1.13,N,VIIRS_NOAA21_NRT
24.15831,82.56628,305.94,0.55,0.43,2026-09-06,1949,N21,VIIRS,n,2.0NRT,282.34,1.9,N,VIIRS_NOAA21_NRT
23.61466,86.79137,308.98,0.39,0.36,2026-09-06,1949,N21,VIIRS,n,2.0NRT,286.72,1.61,N,VIIRS_NOAA21_NRT
23.1795,68.86138,345.87,0.52,0.5,2026-09-06,905,N21,VIIRS,n,2.0NRT,298.93,9.5,D,VIIRS_NOAA21_NRT
11.62928,76.9966,333.19,0.63,0.72,2026-09-06,720,N21,VIIRS,n,2.0NRT,288.3,10.29,D,VIIRS_NOAA21_NRT
21.48497,81.76863,308.04,0.57,0.43,2026-09-06,1951,N21,VIIRS,n,2.0NRT,290.88,1.78,N,VIIRS_NOAA21_NRT
21.67741,84.03861,319.51,0.44,0.38,2026-09-06,1951,N21,VIIRS,n,2.0NRT,292.17,2.02,N,VIIRS_NOAA21_NRT
15.18383,76.66652,300.28,0.33,0.56,2026-09-06,1953,N21,VIIRS,n,2.0NRT,258.15,0.76,N,VIIRS_NOAA21_NRT
15.17636,76.65552,297.68,0.33,0.56,2026-09-06,1953,N21,VIIRS,n,2.0NRT,256.27,0.89,N,VIIRS_NOAA21_NRT
15.16735,76.37926,295.86,0.35,0.57,2026-09-06,1953,N21,VIIRS,n,2.0NRT,269.0,0.78,N,VIIRS_NOAA21_NRT
15.02251,78.01427,306.85,0.54,0.51,2026-09-06,1953,N21,VIIRS,n,2.0NRT,280.86,1.86,N,VIIRS_NOAA21_NRT
15.02131,78.01621,302.1,0.54,0.51,2026-09-06,1953,N21,VIIRS,n,2.0NRT,279.67,1.34,N,VIIRS_NOAA21_NRT
11.92694,78.42115,310.15,0.46,0.47,2026-09-06,1953,N21,VIIRS,n,2.0NRT,279.06,1.68,N,VIIRS_NOAA21_NRT
10.90637,77.41584,305.31,0.52,0.5,2026-09-06,1953,N21,VIIRS,n,2.0NRT,288.22,1.64,N,VIIRS_NOAA21_NRT
10.90553,77.41677,303.06,0.52,0.5,2026-09-06,1953,N21,VIIRS,n,2.0NRT,288.18,0.89,N,VIIRS_NOAA21_NRT
10.61561,77.42004,305.64,0.51,0.5,2026-09-06,1953,N21,VIIRS,n,2.0NRT,289.97,1.34,N,VIIRS_NOAA21_NRT
23.16751,82.33961,309.71,0.55,0.43,2026-09-06,1951,N21,VIIRS,n,2.0NRT,290.04,2.29,N,VIIRS_NOAA21_NRT
23.16684,82.34496,304.82,0.55,0.43,2026-09-06,1951,N21,VIIRS,n,2.0NRT,289.89,1.37,N,VIIRS_NOAA21_NRT
23.16361,82.33897,317.03,0.55,0.43,2026-09-06,1951,N21,VIIRS,n,2.0NRT,290.2,2.29,N,VIIRS_NOAA21_NRT
22.93151,69.70107,302.36,0.55,0.51,2026-09-06,2131,N21,VIIRS,n,2.0NRT,292.14,1.36,N,VIIRS_NOAA21_NRT
21.10685,72.64314,298.83,0.46,0.64,2026-09-06,2131,N21,VIIRS,n,2.0NRT,284.33,1.82,N,VIIRS_NOAA21_NRT
21.10587,72.64745,308.43,0.46,0.64,2026-09-06,2131,N21,VIIRS,n,2.0NRT,284.69,1.82,N,VIIRS_NOAA21_NRT
29.47525,76.85799,324.48,0.54,0.68,2026-09-06,2129,N21,VIIRS,n,2.0NRT,289.53,3.96,N,VIIRS_NOAA21_NRT
28.34751,77.23099,304.74,0.6,0.71,2026-09-06,2129,N21,VIIRS,n,2.0NRT,286.45,1.08,N,VIIRS_NOAA21_NRT
27.28563,73.83921,303.97,0.4,0.6,2026-09-06,2129,N21,VIIRS,n,2.0NRT,291.86,0.89,N,VIIRS_NOAA21_NRT
10.39689,77.61567,334.0,0.49,0.49,2026-09-06,1955,N21,VIIRS,n,2.0NRT,287.66,6.43,N,VIIRS_NOAA21_NRT
21.67329,84.04231,307.47,0.44,0.38,2026-09-06,1951,N21,VIIRS,n,2.0NRT,291.54,1.34,N,VIIRS_NOAA21_NRT
22.8019,86.09149,318.96,0.39,0.36,2026-09-06,1951,N21,VIIRS,n,2.0NRT,289.46,2.05,N,VIIRS_NOAA21_NRT
22.3781,87.27927,319.56,0.38,0.36,2026-09-06,1951,N21,VIIRS,n,2.0NRT,288.59,3.42,N,VIIRS_NOAA21_NRT
21.82072,83.99737,307.74,0.44,0.39,2026-09-06,1951,N21,VIIRS,n,2.0NRT,290.2,2.84,N,VIIRS_NOAA21_NRT
21.8028,83.89114,316.61,0.45,0.39,2026-09-06,1951,N21,VIIRS,n,2.0NRT,291.41,5.2,N,VIIRS_NOAA21_NRT
21.7702,84.02148,307.86,0.44,0.39,2026-09-06,1951,N21,VIIRS,n,2.0NRT,291.52,2.41,N,VIIRS_NOAA21_NRT
21.76668,84.02093,315.08,0.44,0.39,2026-09-06,1951,N21,VIIRS,n,2.0NRT,291.84,2.41,N,VIIRS_NOAA21_NRT
21.76316,84.02039,316.08,0.44,0.39,2026-09-06,1951,N21,VIIRS,n,2.0NRT,292.6,5.04,N,VIIRS_NOAA21_NRT
21.76145,83.84943,332.73,0.45,0.39,2026-09-06,1951,N21,VIIRS,n,2.0NRT,292.77,7.56,N,VIIRS_NOAA21_NRT
21.75848,83.84456,312.83,0.45,0.39,2026-09-06,1951,N21,VIIRS,n,2.0NRT,291.95,3.45,N,VIIRS_NOAA21_NRT
21.75846,83.81814,305.94,0.45,0.39,2026-09-06,1951,N21,VIIRS,n,2.0NRT,291.27,2.72,N,VIIRS_NOAA21_NRT
21.75552,84.02353,308.12,0.44,0.39,2026-09-06,1951,N21,VIIRS,n,2.0NRT,292.38,3.79,N,VIIRS_NOAA21_NRT
21.75493,83.84402,325.2,0.45,0.39,2026-09-06,1951,N21,VIIRS,n,2.0NRT,292.45,3.45,N,VIIRS_NOAA21_NRT
21.75138,83.84347,307.62,0.45,0.39,2026-09-06,1951,N21,VIIRS,n,2.0NRT,291.53,6.22,N,VIIRS_NOAA21_NRT
21.74782,83.84293,333.05,0.45,0.39,2026-09-06,1951,N21,VIIRS,n,2.0NRT,293.38,6.22,N,VIIRS_NOAA21_NRT
21.74427,83.8424,321.89,0.45,0.39,2026-09-06,1951,N21,VIIRS,n,2.0NRT,292.42,3.14,N,VIIRS_NOAA21_NRT
21.74072,83.84187,313.14,0.45,0.39,2026-09-06,1951,N21,VIIRS,n,2.0NRT,292.44,3.14,N,VIIRS_NOAA21_NRT
21.73716,83.84133,306.03,0.45,0.39,2026-09-06,1951,N21,VIIRS,n,2.0NRT,291.7,3.15,N,VIIRS_NOAA21_NRT
21.69684,84.0316,305.16,0.44,0.38,2026-09-06,1951,N21,VIIRS,n,2.0NRT,291.21,2.18,N,VIIRS_NOAA21_NRT
21.68093,84.03916,306.01,0.44,0.38,2026-09-06,1951,N21,VIIRS,n,2.0NRT,291.78,2.02,N,VIIRS_NOAA21_NRT
21.83061,84.92894,306.5,0.41,0.37,2026-09-06,1951,N21,VIIRS,n,2.0NRT,291.41,1.79,N,VIIRS_NOAA21_NRT
22.79858,86.09092,305.09,0.39,0.36,2026-09-06,1951,N21,VIIRS,n,2.0NRT,289.32,2.05,N,VIIRS_NOAA21_NRT
21.92413,85.2254,305.64,0.4,0.37,2026-09-06,1951,N21,VIIRS,n,2.0NRT,290.96,1.53,N,VIIRS_NOAA21_NRT
21.92807,85.22208,307.39,0.4,0.37,2026-09-06,1951,N21,VIIRS,n,2.0NRT,291.47,1.84,N,VIIRS_NOAA21_NRT
22.36474,87.29965,320.44,0.38,0.36,2026-09-06,1951,N21,VIIRS,n,2.0NRT,289.36,3.58,N,VIIRS_NOAA21_NRT
22.35738,82.30347,319.05,0.54,0.42,2026-09-06,1951,N21,VIIRS,n,2.0NRT,289.87,4.29,N,VIIRS_NOAA21_NRT
22.35644,82.30141,314.88,0.54,0.42,2026-09-06,1951,N21,VIIRS,n,2.0NRT,289.64,2.76,N,VIIRS_NOAA21_NRT
22.33105,82.60877,308.47,0.52,0.42,2026-09-06,1951,N21,VIIRS,n,2.0NRT,287.6,3.44,N,VIIRS_NOAA21_NRT
22.3234,82.54583,306.81,0.53,0.42,2026-09-06,1951,N21,VIIRS,n,2.0NRT,291.22,2.56,N,VIIRS_NOAA21_NRT
22.32212,82.56421,305.79,0.52,0.42,2026-09-06,1951,N21,VIIRS,n,2.0NRT,290.22,2.06,N,VIIRS_NOAA21_NRT
22.32152,82.592,311.4,0.52,0.42,2026-09-06,1951,N21,VIIRS,n,2.0NRT,289.16,1.93,N,VIIRS_NOAA21_NRT
22.32086,82.56615,311.06,0.53,0.42,2026-09-06,1951,N21,VIIRS,n,2.0NRT,290.47,2.92,N,VIIRS_NOAA21_NRT
22.3183,82.56366,319.08,0.52,0.42,2026-09-06,1951,N21,VIIRS,n,2.0NRT,290.38,2.06,N,VIIRS_NOAA21_NRT
22.3178,82.53771,306.32,0.53,0.42,2026-09-06,1951,N21,VIIRS,n,2.0NRT,290.36,3.07,N,VIIRS_NOAA21_NRT
22.31768,82.56052,313.71,0.53,0.42,2026-09-06,1951,N21,VIIRS,n,2.0NRT,289.79,2.92,N,VIIRS_NOAA21_NRT
22.31763,82.56873,306.95,0.52,0.42,2026-09-06,1951,N21,VIIRS,n,2.0NRT,290.47,2.06,N,VIIRS_NOAA21_NRT
22.31702,82.5345,307.37,0.53,0.42,2026-09-06,1951,N21,VIIRS,n,2.0NRT,290.57,3.28,N,VIIRS_NOAA21_NRT
22.05496,85.4639,312.12,0.4,0.37,2026-09-06,1951,N21,VIIRS,n,2.0NRT,291.38,1.76,N,VIIRS_NOAA21_NRT
22.00321,82.67044,315.66,0.51,0.41,2026-09-06,1951,N21,VIIRS,n,2.0NRT,291.68,3.33,N,VIIRS_NOAA21_NRT
21.98265,83.23364,310.95,0.48,0.4,2026-09-06,1951,N21,VIIRS,n,2.0NRT,290.97,3.63,N,VIIRS_NOAA21_NRT
21.93201,85.21877,303.37,0.4,0.37,2026-09-06,1951,N21,VIIRS,n,2.0NRT,289.91,0.87,N,VIIRS_NOAA21_NRT
21.9247,85.22151,317.23,0.4,0.37,2026-09-06,1951,N21,VIIRS,n,2.0NRT,292.18,1.53,N,VIIRS_NOAA21_NRT
10.94046,78.16074,342.28,0.54,0.68,2026-09-06,720,N21,VIIRS,n,2.0NRT,285.74,3.88,D,VIIRS_NOAA21_NRT
10.89275,77.62709,335.17,0.58,0.7,2026-09-06,720,N21,VIIRS,n,2.0NRT,290.69,7.34,D,VIIRS_NOAA21_NRT
27.87482,96.91916,325.16,0.62,0.71,2026-09-06,544,N21,VIIRS,n,2.0NRT,288.27,9.28,D,VIIRS_NOAA21_NRT
10.93033,78.4953,331.85,0.51,0.66,2026-09-06,720,N21,VIIRS,n,2.0NRT,289.5,3.63,D,VIIRS_NOAA21_NRT
9.06089,77.65742,330.2,0.63,0.72,2026-09-06,720,N21,VIIRS,n,2.0NRT,289.16,6.47,D,VIIRS_NOAA21_NRT
10.35633,79.15871,337.42,0.47,0.64,2026-09-06,720,N21,VIIRS,n,2.0NRT,286.42,6.29,D,VIIRS_NOAA21_NRT
10.3562,79.15823,339.14,0.47,0.64,2026-09-06,720,N21,VIIRS,n,2.0NRT,286.24,5.56,D,VIIRS_NOAA21_NRT
9.77767,78.38486,346.77,0.54,0.68,2026-09-06,720,N21,VIIRS,n,2.0NRT,285.86,11.04,D,VIIRS_NOAA21_NRT
15.65738,73.98853,302.91,0.73,0.76,2026-09-06,2133,N21,VIIRS,n,2.0NRT,285.05,1.98,N,VIIRS_NOAA21_NRT
20.96761,86.01177,312.83,0.39,0.36,2026-09-06,1951,N21,VIIRS,n,2.0NRT,293.39,4.63,N,VIIRS_NOAA21_NRT
20.86642,84.99756,306.39,0.46,0.47,2026-09-07,1932,N21,VIIRS,n,2.0NRT,290.88,2.84,N,VIIRS_NOAA21_NRT
20.87122,84.99692,341.45,0.41,0.45,2026-09-07,801,N20,VIIRS,n,2.0NRT,295.73,4.38,D,VIIRS_NOAA20_NRT
20.88621,84.98294,337.22,0.41,0.45,2026-09-07,801,N20,VIIRS,n,2.0NRT,296.21,4.17,D,VIIRS_NOAA20_NRT
20.94981,86.04648,331.13,0.47,0.48,2026-09-07,801,N20,VIIRS,n,2.0NRT,296.62,5.24,D,VIIRS_NOAA20_NRT
20.95021,86.05007,340.86,0.47,0.48,2026-09-07,801,N20,VIIRS,n,2.0NRT,296.12,7.31,D,VIIRS_NOAA20_NRT
20.95033,86.05112,332.77,0.47,0.48,2026-09-07,801,N20,VIIRS,n,2.0NRT,296.42,7.12,D,VIIRS_NOAA20_NRT
20.9633,86.00773,348.77,0.47,0.48,2026-09-07,801,N20,VIIRS,n,2.0NRT,296.04,12.26,D,VIIRS_NOAA20_NRT
20.96817,85.15446,341.46,0.42,0.45,2026-09-07,801,N20,VIIRS,n,2.0NRT,293.35,2.84,D,VIIRS_NOAA20_NRT
20.86253,84.9941,333.85,0.41,0.45,2026-09-07,801,N20,VIIRS,n,2.0NRT,296.09,4.78,D,VIIRS_NOAA20_NRT
20.96821,86.01177,341.58,0.47,0.48,2026-09-07,801,N20,VIIRS,n,2.0NRT,296.75,12.09,D,VIIRS_NOAA20_NRT
21.74616,83.84521,338.03,0.54,0.42,2026-09-07,801,N20,VIIRS,n,2.0NRT,298.98,12.97,D,VIIRS_NOAA20_NRT
21.7539,83.84416,340.58,0.54,0.42,2026-09-07,801,N20,VIIRS,n,2.0NRT,298.58,9.39,D,VIIRS_NOAA20_NRT
21.75552,83.84646,333.55,0.54,0.42,2026-09-07,801,N20,VIIRS,n,2.0NRT,297.77,5.67,D,VIIRS_NOAA20_NRT
21.76231,83.8483,334.62,0.54,0.42,2026-09-07,801,N20,VIIRS,n,2.0NRT,297.63,5.14,D,VIIRS_NOAA20_NRT
21.80068,83.89312,336.54,0.54,0.42,2026-09-07,801,N20,VIIRS,n,2.0NRT,297.41,6.46,D,VIIRS_NOAA20_NRT
31.93335,74.71996,332.96,0.4,0.37,2026-09-07,801,N20,VIIRS,n,2.0NRT,300.15,3.03,D,VIIRS_NOAA20_NRT
21.74162,83.84051,331.78,0.54,0.42,2026-09-07,801,N20,VIIRS,n,2.0NRT,298.09,5.62,D,VIIRS_NOAA20_NRT
20.86206,84.99013,340.33,0.41,0.45,2026-09-07,801,N20,VIIRS,n,2.0NRT,295.76,4.78,D,VIIRS_NOAA20_NRT
20.78684,85.25983,333.27,0.42,0.45,2026-09-07,801,N20,VIIRS,n,2.0NRT,297.54,7.8,D,VIIRS_NOAA20_NRT
16.2048,79.93924,331.35,0.39,0.36,2026-09-07,758,N20,VIIRS,n,2.0NRT,299.62,0.85,D,VIIRS_NOAA20_NRT
16.70949,80.86193,331.56,0.39,0.36,2026-09-07,758,N20,VIIRS,n,2.0NRT,300.65,3.2,D,VIIRS_NOAA20_NRT
16.71002,80.86552,333.0,0.39,0.36,2026-09-07,758,N20,VIIRS,n,2.0NRT,298.99,2.81,D,VIIRS_NOAA20_NRT
16.87751,80.85262,337.08,0.39,0.36,2026-09-07,758,N20,VIIRS,n,2.0NRT,301.12,2.2,D,VIIRS_NOAA20_NRT
17.60594,83.19016,336.4,0.45,0.39,2026-09-07,758,N20,VIIRS,n,2.0NRT,299.77,4.36,D,VIIRS_NOAA20_NRT
17.60768,83.20284,331.05,0.45,0.39,2026-09-07,758,N20,VIIRS,n,2.0NRT,300.57,5.01,D,VIIRS_NOAA20_NRT
17.64549,77.66038,333.52,0.43,0.38,2026-09-07,758,N20,VIIRS,n,2.0NRT,294.47,7.32,D,VIIRS_NOAA20_NRT
20.79469,85.25458,344.67,0.42,0.45,2026-09-07,801,N20,VIIRS,n,2.0NRT,297.22,7.05,D,VIIRS_NOAA20_NRT
17.648,80.69142,333.24,0.39,0.36,2026-09-07,758,N20,VIIRS,l,2.0NRT,303.36,4.59,D,VIIRS_NOAA20_NRT
18.66639,79.11244,336.2,0.39,0.36,2026-09-07,758,N20,VIIRS,n,2.0NRT,297.08,2.92,D,VIIRS_NOAA20_NRT
18.71933,79.53963,330.8,0.38,0.36,2026-09-07,758,N20,VIIRS,l,2.0NRT,303.51,4.81,D,VIIRS_NOAA20_NRT
19.0995,82.16937,334.66,0.42,0.38,2026-09-07,758,N20,VIIRS,n,2.0NRT,299.24,4.49,D,VIIRS_NOAA20_NRT
19.10239,82.16484,332.4,0.42,0.38,2026-09-07,758,N20,VIIRS,n,2.0NRT,299.62,4.49,D,VIIRS_NOAA20_NRT
22.35682,82.30369,342.43,0.46,0.39,2026-09-07,758,N20,VIIRS,n,2.0NRT,299.76,6.37,D,VIIRS_NOAA20_NRT
22.3604,82.30314,331.8,0.46,0.39,2026-09-07,758,N20,VIIRS,n,2.0NRT,297.96,6.37,D,VIIRS_NOAA20_NRT
19.84601,75.83554,334.34,0.49,0.4,2026-09-07,801,N20,VIIRS,l,2.0NRT,303.92,7.27,D,VIIRS_NOAA20_NRT
17.91346,83.45412,331.62,0.47,0.39,2026-09-07,758,N20,VIIRS,n,2.0NRT,299.02,2.62,D,VIIRS_NOAA20_NRT
15.52241,78.59602,330.49,0.42,0.37,2026-09-07,758,N20,VIIRS,n,2.0NRT,298.13,4.41,D,VIIRS_NOAA20_NRT
26.77256,94.50258,302.32,0.64,0.72,2026-09-07,2025,N20,VIIRS,n,2.0NRT,285.2,0.97,N,VIIRS_NOAA20_NRT
28.34616,77.22871,313.07,0.46,0.39,2026-09-07,2025,N20,VIIRS,n,2.0NRT,294.52,1.12,N,VIIRS_NOAA20_NRT
19.81956,79.33749,308.58,0.39,0.36,2026-09-07,2027,N20,VIIRS,n,2.0NRT,293.32,1.07,N,VIIRS_NOAA20_NRT
19.92064,79.114,307.79,0.39,0.36,2026-09-07,2027,N20,VIIRS,n,2.0NRT,293.45,0.86,N,VIIRS_NOAA20_NRT
19.92994,79.11945,306.36,0.39,0.36,2026-09-07,2027,N20,VIIRS,n,2.0NRT,292.98,0.63,N,VIIRS_NOAA20_NRT
20.65921,78.49281,306.47,0.38,0.36,2026-09-07,2027,N20,VIIRS,n,2.0NRT,292.83,0.83,N,VIIRS_NOAA20_NRT
20.69721,78.6387,308.79,0.38,0.36,2026-09-07,2027,N20,VIIRS,n,2.0NRT,293.01,1.46,N,VIIRS_NOAA20_NRT
20.75979,85.29578,315.43,0.46,0.47,2026-09-07,2027,N20,VIIRS,n,2.0NRT,289.9,2.13,N,VIIRS_NOAA20_NRT
20.76065,85.29149,306.26,0.46,0.47,2026-09-07,2027,N20,VIIRS,n,2.0NRT,289.47,2.13,N,VIIRS_NOAA20_NRT
20.76273,85.2932,312.94,0.46,0.47,2026-09-07,2027,N20,VIIRS,n,2.0NRT,289.61,2.08,N,VIIRS_NOAA20_NRT
20.78562,85.25613,305.2,0.46,0.47,2026-09-07,2027,N20,VIIRS,n,2.0NRT,289.6,1.64,N,VIIRS_NOAA20_NRT
20.78815,85.2658,310.85,0.46,0.47,2026-09-07,2027,N20,VIIRS,n,2.0NRT,290.11,2.77,N,VIIRS_NOAA20_NRT
20.78902,85.26144,309.41,0.46,0.47,2026-09-07,2027,N20,VIIRS,n,2.0NRT,289.78,2.77,N,VIIRS_NOAA20_NRT
20.7899,85.25706,304.55,0.46,0.47,2026-09-07,2027,N20,VIIRS,n,2.0NRT,289.78,1.64,N,VIIRS_NOAA20_NRT
20.79505,85.2536,330.76,0.46,0.47,2026-09-07,2027,N20,VIIRS,n,2.0NRT,289.08,6.13,N,VIIRS_NOAA20_NRT
20.80785,85.25658,310.03,0.46,0.47,2026-09-07,2027,N20,VIIRS,n,2.0NRT,288.02,1.67,N,VIIRS_NOAA20_NRT
20.7619,85.29752,309.41,0.46,0.47,2026-09-07,2027,N20,VIIRS,n,2.0NRT,289.76,2.08,N,VIIRS_NOAA20_NRT
27.32047,95.26386,306.29,0.69,0.74,2026-09-07,2025,N20,VIIRS,n,2.0NRT,284.68,0.99,N,VIIRS_NOAA20_NRT
28.37247,77.22369,320.3,0.46,0.39,2026-09-07,2025,N20,VIIRS,n,2.0NRT,294.95,2.01,N,VIIRS_NOAA20_NRT
28.6644,77.5774,312.09,0.45,0.39,2026-09-07,2025,N20,VIIRS,n,2.0NRT,295.27,1.02,N,VIIRS_NOAA20_NRT
28.7105,76.8577,310.6,0.48,0.4,2026-09-07,2025,N20,VIIRS,n,2.0NRT,294.2,1.98,N,VIIRS_NOAA20_NRT
28.77723,76.9485,305.39,0.48,0.4,2026-09-07,2025,N20,VIIRS,n,2.0NRT,294.4,0.77,N,VIIRS_NOAA20_NRT
28.85133,77.14966,308.04,0.47,0.39,2026-09-07,2025,N20,VIIRS,n,2.0NRT,294.52,1.43,N,VIIRS_NOAA20_NRT
29.4769,76.8572,306.33,0.49,0.4,2026-09-07,2025,N20,VIIRS,n,2.0NRT,295.55,0.79,N,VIIRS_NOAA20_NRT
31.3681,76.355,309.79,0.54,0.42,2026-09-07,2025,N20,VIIRS,n,2.0NRT,293.52,2.15,N,VIIRS_NOAA20_NRT
29.91073,74.9476,340.01,0.41,0.45,2026-09-07,2025,N20,VIIRS,n,2.0NRT,294.89,5.88,N,VIIRS_NOAA20_NRT
15.34806,79.41764,336.9,0.4,0.37,2026-09-07,758,N20,VIIRS,l,2.0NRT,304.73,3.98,D,VIIRS_NOAA20_NRT
15.18157,76.66959,336.02,0.51,0.41,2026-09-07,758,N20,VIIRS,l,2.0NRT,301.93,6.93,D,VIIRS_NOAA20_NRT
15.0153,79.70184,335.52,0.39,0.36,2026-09-07,758,N20,VIIRS,l,2.0NRT,301.28,5.42,D,VIIRS_NOAA20_NRT
27.8688,96.92564,333.24,0.41,0.45,2026-09-07,620,N20,VIIRS,n,2.0NRT,291.64,4.24,D,VIIRS_NOAA20_NRT
9.63529,77.60835,342.81,0.54,0.42,2026-09-07,756,N20,VIIRS,n,2.0NRT,302.94,8.02,D,VIIRS_NOAA20_NRT
9.8457,78.13853,334.93,0.5,0.41,2026-09-07,756,N20,VIIRS,n,2.0NRT,300.66,2.71,D,VIIRS_NOAA20_NRT
9.8492,79.02195,337.74,0.45,0.39,2026-09-07,756,N20,VIIRS,n,2.0NRT,299.89,6.43,D,VIIRS_NOAA20_NRT
9.85275,79.02138,332.75,0.45,0.39,2026-09-07,756,N20,VIIRS,l,2.0NRT,300.37,6.25,D,VIIRS_NOAA20_NRT
10.22468,77.77197,334.69,0.52,0.41,2026-09-07,756,N20,VIIRS,l,2.0NRT,306.1,8.85,D,VIIRS_NOAA20_NRT
11.83675,79.64706,330.56,0.41,0.37,2026-09-07,758,N20,VIIRS,l,2.0NRT,303.37,2.82,D,VIIRS_NOAA20_NRT
12.96295,76.32122,331.95,0.38,0.43,2026-09-07,758,N20,VIIRS,n,2.0NRT,297.55,2.32,D,VIIRS_NOAA20_NRT
13.54776,78.48175,334.21,0.44,0.38,2026-09-07,758,N20,VIIRS,l,2.0NRT,304.84,3.39,D,VIIRS_NOAA20_NRT
13.62806,76.70334,339.65,0.53,0.42,2026-09-07,758,N20,VIIRS,n,2.0NRT,298.98,2.49,D,VIIRS_NOAA20_NRT
13.73131,77.50441,334.5,0.48,0.4,2026-09-07,758,N20,VIIRS,l,2.0NRT,306.13,7.2,D,VIIRS_NOAA20_NRT
13.86799,75.6541,342.27,0.41,0.45,2026-09-07,758,N20,VIIRS,n,2.0NRT,299.36,5.94,D,VIIRS_NOAA20_NRT
14.04605,80.13187,341.07,0.39,0.36,2026-09-07,758,N20,VIIRS,n,2.0NRT,305.84,6.63,D,VIIRS_NOAA20_NRT
14.41096,80.11783,335.9,0.39,0.36,2026-09-07,758,N20,VIIRS,l,2.0NRT,306.11,4.35,D,VIIRS_NOAA20_NRT
14.77634,79.65341,335.97,0.39,0.37,2026-09-07,758,N20,VIIRS,l,2.0NRT,304.72,5.99,D,VIIRS_NOAA20_NRT
13.38845,78.06381,332.82,0.46,0.39,2026-09-07,758,N20,VIIRS,l,2.0NRT,306.44,1.99,D,VIIRS_NOAA20_NRT
9.31087,78.70359,337.45,0.48,0.4,2026-09-07,756,N20,VIIRS,l,2.0NRT,297.83,5.85,D,VIIRS_NOAA20_NRT
9.17588,77.52955,333.67,0.55,0.43,2026-09-07,756,N20,VIIRS,n,2.0NRT,299.97,8.74,D,VIIRS_NOAA20_NRT
20.86428,84.99252,314.88,0.44,0.46,2026-09-07,2027,N20,VIIRS,n,2.0NRT,290.58,5.35,N,VIIRS_NOAA20_NRT
20.86512,84.98824,332.59,0.44,0.46,2026-09-07,2027,N20,VIIRS,n,2.0NRT,290.71,2.47,N,VIIRS_NOAA20_NRT
20.86933,84.98911,307.09,0.44,0.46,2026-09-07,2027,N20,VIIRS,n,2.0NRT,290.3,2.47,N,VIIRS_NOAA20_NRT
20.87185,84.99863,307.43,0.44,0.46,2026-09-07,2027,N20,VIIRS,n,2.0NRT,289.9,1.85,N,VIIRS_NOAA20_NRT
23.10501,70.18776,304.13,0.33,0.55,2026-09-07,2027,N20,VIIRS,n,2.0NRT,293.3,1.43,N,VIIRS_NOAA20_NRT
23.16477,82.34253,304.13,0.45,0.39,2026-09-07,2027,N20,VIIRS,n,2.0NRT,287.64,1.69,N,VIIRS_NOAA20_NRT
23.16829,82.34321,311.17,0.45,0.39,2026-09-07,2027,N20,VIIRS,n,2.0NRT,288.37,2.26,N,VIIRS_NOAA20_NRT
23.1686,82.34158,308.78,0.45,0.39,2026-09-07,2027,N20,VIIRS,n,2.0NRT,287.81,2.01,N,VIIRS_NOAA20_NRT
23.70962,85.40145,297.48,0.42,0.45,2026-09-07,2027,N20,VIIRS,n,2.0NRT,284.78,1.55,N,VIIRS_NOAA20_NRT
23.77872,86.20898,301.38,0.46,0.47,2026-09-07,2027,N20,VIIRS,n,2.0NRT,282.34,3.14,N,VIIRS_NOAA20_NRT
23.98966,79.39109,308.04,0.38,0.36,2026-09-07,2027,N20,VIIRS,n,2.0NRT,293.45,0.8,N,VIIRS_NOAA20_NRT
22.35971,82.3016,333.6,0.45,0.39,2026-09-07,2027,N20,VIIRS,n,2.0NRT,291.44,4.89,N,VIIRS_NOAA20_NRT
24.0516,80.61429,304.66,0.39,0.36,2026-09-07,2027,N20,VIIRS,n,2.0NRT,292.99,0.62,N,VIIRS_NOAA20_NRT
24.19896,80.79641,305.22,0.39,0.36,2026-09-07,2027,N20,VIIRS,n,2.0NRT,293.15,0.76,N,VIIRS_NOAA20_NRT
24.52834,81.17003,308.96,0.4,0.37,2026-09-07,2027,N20,VIIRS,n,2.0NRT,292.49,1.76,N,VIIRS_NOAA20_NRT
24.66297,74.63495,307.19,0.56,0.43,2026-09-07,2027,N20,VIIRS,n,2.0NRT,294.5,1.58,N,VIIRS_NOAA20_NRT
24.66357,74.63328,305.48,0.56,0.43,2026-09-07,2027,N20,VIIRS,n,2.0NRT,294.48,1.55,N,VIIRS_NOAA20_NRT
24.76294,74.60492,305.48,0.56,0.43,2026-09-07,2027,N20,VIIRS,n,2.0NRT,292.81,1.84,N,VIIRS_NOAA20_NRT
24.76596,74.6056,309.94,0.56,0.43,2026-09-07,2027,N20,VIIRS,n,2.0NRT,293.78,1.52,N,VIIRS_NOAA20_NRT
24.15984,82.56591,315.07,0.44,0.39,2026-09-07,2027,N20,VIIRS,n,2.0NRT,287.61,1.7,N,VIIRS_NOAA20_NRT
22.35616,82.30089,318.38,0.45,0.39,2026-09-07,2027,N20,VIIRS,n,2.0NRT,290.27,2.5,N,VIIRS_NOAA20_NRT
22.32366,82.54478,306.96,0.46,0.39,2026-09-07,2027,N20,VIIRS,n,2.0NRT,290.37,1.3,N,VIIRS_NOAA20_NRT
22.03932,83.72992,312.22,0.54,0.42,2026-09-07,2027,N20,VIIRS,n,2.0NRT,290.26,2.24,N,VIIRS_NOAA20_NRT
22.04022,83.35356,305.13,0.51,0.41,2026-09-07,2027,N20,VIIRS,n,2.0NRT,285.75,2.62,N,VIIRS_NOAA20_NRT
22.04062,83.73363,307.49,0.54,0.42,2026-09-07,2027,N20,VIIRS,n,2.0NRT,289.88,1.8,N,VIIRS_NOAA20_NRT
22.04157,83.7285,311.99,0.54,0.42,2026-09-07,2027,N20,VIIRS,n,2.0NRT,289.94,1.8,N,VIIRS_NOAA20_NRT
22.09414,83.12456,304.78,0.5,0.41,2026-09-07,2027,N20,VIIRS,n,2.0NRT,288.62,0.71,N,VIIRS_NOAA20_NRT
22.20781,84.55033,305.49,0.4,0.44,2026-09-07,2027,N20,VIIRS,n,2.0NRT,289.83,1.63,N,VIIRS_NOAA20_NRT
22.21273,84.87658,309.56,0.41,0.45,2026-09-07,2027,N20,VIIRS,n,2.0NRT,289.83,1.58,N,VIIRS_NOAA20_NRT
22.33119,82.6066,315.97,0.47,0.4,2026-09-07,2027,N20,VIIRS,n,2.0NRT,289.73,1.81,N,VIIRS_NOAA20_NRT
22.2135,84.87266,303.76,0.41,0.45,2026-09-07,2027,N20,VIIRS,n,2.0NRT,289.73,1.58,N,VIIRS_NOAA20_NRT
22.31173,82.5285,306.3,0.46,0.39,2026-09-07,2027,N20,VIIRS,n,2.0NRT,289.15,0.78,N,VIIRS_NOAA20_NRT
22.31361,84.76813,305.62,0.4,0.45,2026-09-07,2027,N20,VIIRS,n,2.0NRT,286.84,0.85,N,VIIRS_NOAA20_NRT
22.31451,82.53368,304.07,0.46,0.39,2026-09-07,2027,N20,VIIRS,n,2.0NRT,288.94,0.78,N,VIIRS_NOAA20_NRT
22.31531,82.52923,306.89,0.46,0.39,2026-09-07,2027,N20,VIIRS,n,2.0NRT,289.65,0.78,N,VIIRS_NOAA20_NRT
22.31967,82.56704,308.56,0.47,0.39,2026-09-07,2027,N20,VIIRS,n,2.0NRT,290.19,1.52,N,VIIRS_NOAA20_NRT
22.32047,82.56259,316.36,0.47,0.39,2026-09-07,2027,N20,VIIRS,n,2.0NRT,290.56,2.14,N,VIIRS_NOAA20_NRT
22.32363,82.58646,307.53,0.47,0.39,2026-09-07,2027,N20,VIIRS,n,2.0NRT,289.19,1.05,N,VIIRS_NOAA20_NRT
22.21425,84.86874,324.74,0.41,0.45,2026-09-07,2027,N20,VIIRS,n,2.0NRT,289.64,3.96,N,VIIRS_NOAA20_NRT
26.64215,79.47706,308.84,0.39,0.36,2026-09-07,2027,N20,VIIRS,n,2.0NRT,292.77,1.46,N,VIIRS_NOAA20_NRT
26.87715,73.51378,306.26,0.46,0.47,2026-09-07,2027,N20,VIIRS,n,2.0NRT,294.48,1.52,N,VIIRS_NOAA20_NRT
19.78885,79.0649,309.92,0.39,0.36,2026-09-07,2029,N20,VIIRS,n,2.0NRT,294.24,0.9,N,VIIRS_NOAA20_NRT
9.00589,77.40939,310.99,0.4,0.37,2026-09-07,2032,N20,VIIRS,n,2.0NRT,295.48,2.45,N,VIIRS_NOAA20_NRT
9.97781,76.37621,306.47,0.38,0.36,2026-09-07,2032,N20,VIIRS,n,2.0NRT,294.32,1.54,N,VIIRS_NOAA20_NRT
10.27329,77.25101,313.02,0.39,0.36,2026-09-07,2032,N20,VIIRS,n,2.0NRT,292.12,1.07,N,VIIRS_NOAA20_NRT
10.61625,77.42105,309.06,0.39,0.36,2026-09-07,2032,N20,VIIRS,n,2.0NRT,294.82,0.84,N,VIIRS_NOAA20_NRT
19.10256,82.16969,308.64,0.49,0.4,2026-09-07,2029,N20,VIIRS,n,2.0NRT,292.92,1.88,N,VIIRS_NOAA20_NRT
19.09889,82.16894,319.8,0.49,0.4,2026-09-07,2029,N20,VIIRS,n,2.0NRT,291.75,1.88,N,VIIRS_NOAA20_NRT
19.09522,82.1682,304.92,0.49,0.4,2026-09-07,2029,N20,VIIRS,n,2.0NRT,293.08,1.04,N,VIIRS_NOAA20_NRT
14.44538,80.06449,307.65,0.45,0.39,2026-09-07,2029,N20,VIIRS,n,2.0NRT,291.9,4.06,N,VIIRS_NOAA20_NRT
15.64072,79.25414,320.24,0.41,0.37,2026-09-07,2029,N20,VIIRS,n,2.0NRT,291.74,5.14,N,VIIRS_NOAA20_NRT
17.46345,80.65253,306.56,0.44,0.38,2026-09-07,2029,N20,VIIRS,n,2.0NRT,290.81,1.59,N,VIIRS_NOAA20_NRT
17.60396,83.20155,308.14,0.39,0.44,2026-09-07,2029,N20,VIIRS,n,2.0NRT,292.52,1.02,N,VIIRS_NOAA20_NRT
17.60795,83.20236,309.9,0.39,0.44,2026-09-07,2029,N20,VIIRS,n,2.0NRT,293.05,1.26,N,VIIRS_NOAA20_NRT
17.61194,83.20317,325.07,0.39,0.44,2026-09-07,2029,N20,VIIRS,n,2.0NRT,293.55,1.26,N,VIIRS_NOAA20_NRT
17.62192,83.19389,307.61,0.39,0.44,2026-09-07,2029,N20,VIIRS,n,2.0NRT,293.55,0.95,N,VIIRS_NOAA20_NRT
17.69325,83.2424,306.96,0.39,0.44,2026-09-07,2029,N20,VIIRS,n,2.0NRT,293.09,1.24,N,VIIRS_NOAA20_NRT
17.95813,80.79538,321.13,0.44,0.38,2026-09-07,2029,N20,VIIRS,n,2.0NRT,294.38,2.53,N,VIIRS_NOAA20_NRT
17.9696,83.15144,307.1,0.38,0.44,2026-09-07,2029,N20,VIIRS,n,2.0NRT,292.74,2.32,N,VIIRS_NOAA20_NRT
17.98198,80.82828,308.8,0.44,0.38,2026-09-07,2029,N20,VIIRS,n,2.0NRT,294.47,1.88,N,VIIRS_NOAA20_NRT
18.71382,79.54076,308.85,0.4,0.37,2026-09-07,2029,N20,VIIRS,n,2.0NRT,294.41,0.92,N,VIIRS_NOAA20_NRT
18.71778,79.53763,310.08,0.4,0.37,2026-09-07,2029,N20,VIIRS,n,2.0NRT,294.86,0.92,N,VIIRS_NOAA20_NRT
18.72112,79.53823,314.62,0.4,0.37,2026-09-07,2029,N20,VIIRS,n,2.0NRT,295.24,1.67,N,VIIRS_NOAA20_NRT
22.01773,83.74997,309.01,0.54,0.42,2026-09-07,2027,N20,VIIRS,n,2.0NRT,289.48,1.57,N,VIIRS_NOAA20_NRT
20.87075,84.99813,317.91,0.46,0.47,2026-09-07,1932,N21,VIIRS,n,2.0NRT,290.62,2.84,N,VIIRS_NOAA21_NRT
22.01677,83.75517,308.33,0.54,0.42,2026-09-07,2027,N20,VIIRS,n,2.0NRT,289.82,1.68,N,VIIRS_NOAA20_NRT
22.00406,82.66653,306.63,0.48,0.4,2026-09-07,2027,N20,VIIRS,n,2.0NRT,289.1,1.6,N,VIIRS_NOAA20_NRT
21.18152,81.38511,317.98,0.43,0.38,2026-09-07,2027,N20,VIIRS,n,2.0NRT,293.36,3.65,N,VIIRS_NOAA20_NRT
21.18772,81.39056,316.42,0.43,0.38,2026-09-07,2027,N20,VIIRS,n,2.0NRT,293.08,2.68,N,VIIRS_NOAA20_NRT
21.18921,81.19809,306.31,0.42,0.38,2026-09-07,2027,N20,VIIRS,n,2.0NRT,291.59,0.64,N,VIIRS_NOAA20_NRT
21.19382,81.41719,306.12,0.43,0.38,2026-09-07,2027,N20,VIIRS,n,2.0NRT,291.56,1.7,N,VIIRS_NOAA20_NRT
21.19464,81.39192,326.6,0.43,0.38,2026-09-07,2027,N20,VIIRS,n,2.0NRT,292.61,3.2,N,VIIRS_NOAA20_NRT
21.19525,81.40897,305.94,0.43,0.38,2026-09-07,2027,N20,VIIRS,n,2.0NRT,291.28,0.87,N,VIIRS_NOAA20_NRT
21.19728,81.41787,324.49,0.43,0.38,2026-09-07,2027,N20,VIIRS,n,2.0NRT,291.87,2.88,N,VIIRS_NOAA20_NRT
21.07948,85.0331,308.27,0.44,0.46,2026-09-07,2027,N20,VIIRS,n,2.0NRT,290.18,2.51,N,VIIRS_NOAA20_NRT
21.23266,79.62911,305.46,0.39,0.36,2026-09-07,2027,N20,VIIRS,n,2.0NRT,285.85,0.72,N,VIIRS_NOAA20_NRT
21.24493,81.77022,306.18,0.44,0.39,2026-09-07,2027,N20,VIIRS,n,2.0NRT,291.62,0.92,N,VIIRS_NOAA20_NRT
21.24923,79.21099,305.47,0.38,0.36,2026-09-07,2027,N20,VIIRS,n,2.0NRT,284.42,0.9,N,VIIRS_NOAA20_NRT
21.29867,81.60771,313.35,0.44,0.38,2026-09-07,2027,N20,VIIRS,n,2.0NRT,291.96,1.24,N,VIIRS_NOAA20_NRT
21.33513,78.96964,304.83,0.38,0.36,2026-09-07,2027,N20,VIIRS,n,2.0NRT,290.99,0.66,N,VIIRS_NOAA20_NRT
21.33572,78.96597,307.71,0.38,0.36,2026-09-07,2027,N20,VIIRS,n,2.0NRT,291.0,0.66,N,VIIRS_NOAA20_NRT
21.34257,81.67107,308.55,0.44,0.38,2026-09-07,2027,N20,VIIRS,n,2.0NRT,291.83,1.01,N,VIIRS_NOAA20_NRT
21.37251,81.68565,306.9,0.44,0.38,2026-09-07,2027,N20,VIIRS,n,2.0NRT,292.27,1.03,N,VIIRS_NOAA20_NRT
21.23597,79.62972,308.2,0.39,0.36,2026-09-07,2027,N20,VIIRS,n,2.0NRT,285.92,0.72,N,VIIRS_NOAA20_NRT
21.37398,81.6773,307.61,0.44,0.38,2026-09-07,2027,N20,VIIRS,n,2.0NRT,292.08,1.09,N,VIIRS_NOAA20_NRT
21.07866,85.03729,307.4,0.44,0.46,2026-09-07,2027,N20,VIIRS,n,2.0NRT,290.61,2.05,N,VIIRS_NOAA20_NRT
20.98084,85.13518,315.61,0.45,0.47,2026-09-07,2027,N20,VIIRS,n,2.0NRT,290.29,4.2,N,VIIRS_NOAA20_NRT
20.87267,84.99441,319.12,0.44,0.46,2026-09-07,2027,N20,VIIRS,n,2.0NRT,289.76,1.85,N,VIIRS_NOAA20_NRT
20.88771,84.98469,308.5,0.44,0.46,2026-09-07,2027,N20,VIIRS,n,2.0NRT,290.37,2.14,N,VIIRS_NOAA20_NRT
20.88852,84.9805,312.4,0.44,0.46,2026-09-07,2027,N20,VIIRS,n,2.0NRT,289.94,2.14,N,VIIRS_NOAA20_NRT
20.9568,85.01089,309.16,0.44,0.46,2026-09-07,2027,N20,VIIRS,n,2.0NRT,290.07,3.12,N,VIIRS_NOAA20_NRT
20.96157,85.18867,317.94,0.45,0.47,2026-09-07,2027,N20,VIIRS,n,2.0NRT,290.13,2.61,N,VIIRS_NOAA20_NRT
20.96241,85.18433,324.25,0.45,0.47,2026-09-07,2027,N20,VIIRS,n,2.0NRT,289.94,6.6,N,VIIRS_NOAA20_NRT
20.96492,85.17151,315.56,0.45,0.47,2026-09-07,2027,N20,VIIRS,n,2.0NRT,289.94,3.68,N,VIIRS_NOAA20_NRT
21.07784,85.04143,305.96,0.44,0.46,2026-09-07,2027,N20,VIIRS,n,2.0NRT,289.95,2.05,N,VIIRS_NOAA20_NRT
20.96575,85.16727,317.22,0.45,0.47,2026-09-07,2027,N20,VIIRS,n,2.0NRT,289.94,4.91,N,VIIRS_NOAA20_NRT
20.96824,85.15453,313.56,0.45,0.47,2026-09-07,2027,N20,VIIRS,n,2.0NRT,289.58,4.9,N,VIIRS_NOAA20_NRT
20.96832,85.17673,310.23,0.45,0.47,2026-09-07,2027,N20,VIIRS,n,2.0NRT,289.61,3.68,N,VIIRS_NOAA20_NRT
20.96907,85.15025,330.75,0.45,0.47,2026-09-07,2027,N20,VIIRS,n,2.0NRT,289.44,5.39,N,VIIRS_NOAA20_NRT
20.96915,85.17249,339.26,0.45,0.47,2026-09-07,2027,N20,VIIRS,n,2.0NRT,290.56,3.68,N,VIIRS_NOAA20_NRT
20.97339,85.17346,318.73,0.45,0.47,2026-09-07,2027,N20,VIIRS,n,2.0NRT,289.91,4.56,N,VIIRS_NOAA20_NRT
20.97661,85.13421,306.9,0.45,0.47,2026-09-07,2027,N20,VIIRS,n,2.0NRT,290.16,2.96,N,VIIRS_NOAA20_NRT
20.97845,85.1702,319.22,0.45,0.47,2026-09-07,2027,N20,VIIRS,n,2.0NRT,290.11,4.4,N,VIIRS_NOAA20_NRT
20.96581,85.18961,310.61,0.45,0.47,2026-09-07,2027,N20,VIIRS,n,2.0NRT,289.71,2.61,N,VIIRS_NOAA20_NRT
21.37673,81.68217,312.9,0.44,0.38,2026-09-07,2027,N20,VIIRS,n,2.0NRT,292.23,1.76,N,VIIRS_NOAA20_NRT
21.39025,81.64609,306.73,0.44,0.38,2026-09-07,2027,N20,VIIRS,n,2.0NRT,290.01,0.75,N,VIIRS_NOAA20_NRT
21.48899,81.76856,307.9,0.44,0.38,2026-09-07,2027,N20,VIIRS,n,2.0NRT,291.29,1.86,N,VIIRS_NOAA20_NRT
21.773,84.02078,305.85,0.56,0.43,2026-09-07,2027,N20,VIIRS,n,2.0NRT,290.33,1.75,N,VIIRS_NOAA20_NRT
21.79281,80.01548,312.13,0.39,0.36,2026-09-07,2027,N20,VIIRS,n,2.0NRT,285.72,1.1,N,VIIRS_NOAA20_NRT
21.80048,83.89414,308.96,0.55,0.43,2026-09-07,2027,N20,VIIRS,n,2.0NRT,289.67,1.57,N,VIIRS_NOAA20_NRT
21.80145,83.88892,306.9,0.55,0.43,2026-09-07,2027,N20,VIIRS,n,2.0NRT,290.24,1.57,N,VIIRS_NOAA20_NRT
21.80168,83.89066,321.82,0.55,0.43,2026-09-07,2027,N20,VIIRS,n,2.0NRT,290.34,4.38,N,VIIRS_NOAA20_NRT
21.87657,83.4964,301.59,0.52,0.42,2026-09-07,2027,N20,VIIRS,n,2.0NRT,284.08,0.64,N,VIIRS_NOAA20_NRT
21.87755,83.55391,308.02,0.53,0.42,2026-09-07,2027,N20,VIIRS,n,2.0NRT,289.15,2.48,N,VIIRS_NOAA20_NRT
21.77238,84.02225,305.69,0.56,0.43,2026-09-07,2027,N20,VIIRS,n,2.0NRT,290.4,2.6,N,VIIRS_NOAA20_NRT
21.9195,83.35107,318.16,0.51,0.41,2026-09-07,2027,N20,VIIRS,n,2.0NRT,289.17,3.05,N,VIIRS_NOAA20_NRT
21.92325,83.35185,316.26,0.51,0.41,2026-09-07,2027,N20,VIIRS,n,2.0NRT,288.86,3.05,N,VIIRS_NOAA20_NRT
21.92599,83.33717,314.47,0.51,0.41,2026-09-07,2027,N20,VIIRS,n,2.0NRT,289.11,1.95,N,VIIRS_NOAA20_NRT
21.92651,85.22144,307.8,0.44,0.46,2026-09-07,2027,N20,VIIRS,n,2.0NRT,288.97,2.05,N,VIIRS_NOAA20_NRT
21.9307,85.22234,305.95,0.44,0.46,2026-09-07,2027,N20,VIIRS,n,2.0NRT,288.97,2.1,N,VIIRS_NOAA20_NRT
21.93153,85.2181,303.26,0.44,0.46,2026-09-07,2027,N20,VIIRS,n,2.0NRT,288.45,1.34,N,VIIRS_NOAA20_NRT
21.966,83.77103,311.82,0.54,0.42,2026-09-07,2027,N20,VIIRS,n,2.0NRT,289.48,1.42,N,VIIRS_NOAA20_NRT
21.98401,83.23322,308.43,0.51,0.41,2026-09-07,2027,N20,VIIRS,n,2.0NRT,283.98,1.47,N,VIIRS_NOAA20_NRT
21.92042,83.34616,316.28,0.51,0.41,2026-09-07,2027,N20,VIIRS,n,2.0NRT,287.63,3.68,N,VIIRS_NOAA20_NRT
21.7691,84.01991,308.55,0.56,0.43,2026-09-07,2027,N20,VIIRS,n,2.0NRT,290.88,2.25,N,VIIRS_NOAA20_NRT
21.7652,84.01907,314.52,0.56,0.43,2026-09-07,2027,N20,VIIRS,n,2.0NRT,291.15,2.25,N,VIIRS_NOAA20_NRT
21.76477,83.8483,326.08,0.55,0.43,2026-09-07,2027,N20,VIIRS,n,2.0NRT,291.1,4.25,N,VIIRS_NOAA20_NRT
21.57575,82.02109,307.84,0.45,0.39,2026-09-07,2027,N20,VIIRS,n,2.0NRT,291.6,1.33,N,VIIRS_NOAA20_NRT
21.62273,81.79314,302.38,0.44,0.38,2026-09-07,2027,N20,VIIRS,n,2.0NRT,284.21,0.67,N,VIIRS_NOAA20_NRT
21.67473,82.0799,311.07,0.45,0.39,2026-09-07,2027,N20,VIIRS,n,2.0NRT,292.07,1.08,N,VIIRS_NOAA20_NRT
21.68,84.03977,314.18,0.57,0.43,2026-09-07,2027,N20,VIIRS,n,2.0NRT,291.0,3.39,N,VIIRS_NOAA20_NRT
21.73061,82.2152,308.64,0.46,0.39,2026-09-07,2027,N20,VIIRS,n,2.0NRT,291.63,1.06,N,VIIRS_NOAA20_NRT
21.74161,83.84318,326.19,0.55,0.43,2026-09-07,2027,N20,VIIRS,n,2.0NRT,291.12,3.05,N,VIIRS_NOAA20_NRT
21.74547,83.84406,322.29,0.55,0.43,2026-09-07,2027,N20,VIIRS,n,2.0NRT,291.0,3.05,N,VIIRS_NOAA20_NRT
21.74646,83.83878,305.91,0.55,0.43,2026-09-07,2027,N20,VIIRS,n,2.0NRT,289.78,3.13,N,VIIRS_NOAA20_NRT
21.74881,83.97661,305.69,0.56,0.43,2026-09-07,2027,N20,VIIRS,n,2.0NRT,290.23,1.94,N,VIIRS_NOAA20_NRT
21.74932,83.84492,327.62,0.55,0.43,2026-09-07,2027,N20,VIIRS,n,2.0NRT,291.58,8.83,N,VIIRS_NOAA20_NRT
21.75032,83.83964,331.05,0.55,0.43,2026-09-07,2027,N20,VIIRS,n,2.0NRT,290.3,4.38,N,VIIRS_NOAA20_NRT
21.75417,83.84051,315.8,0.55,0.43,2026-09-07,2027,N20,VIIRS,n,2.0NRT,290.18,4.38,N,VIIRS_NOAA20_NRT
21.7564,84.02274,311.19,0.56,0.43,2026-09-07,2027,N20,VIIRS,n,2.0NRT,290.89,3.07,N,VIIRS_NOAA20_NRT
21.75705,83.84661,312.94,0.55,0.43,2026-09-07,2027,N20,VIIRS,n,2.0NRT,290.65,2.02,N,VIIRS_NOAA20_NRT
21.75803,83.84136,321.18,0.55,0.43,2026-09-07,2027,N20,VIIRS,n,2.0NRT,290.18,3.89,N,VIIRS_NOAA20_NRT
21.76091,83.84745,305.86,0.55,0.43,2026-09-07,2027,N20,VIIRS,n,2.0NRT,289.81,2.02,N,VIIRS_NOAA20_NRT
21.76458,84.02055,313.73,0.56,0.43,2026-09-07,2027,N20,VIIRS,n,2.0NRT,291.6,4.11,N,VIIRS_NOAA20_NRT
22.00687,82.67179,307.18,0.48,0.4,2026-09-07,2027,N20,VIIRS,n,2.0NRT,289.37,1.6,N,VIIRS_NOAA20_NRT
11.0414,77.58978,306.72,0.39,0.37,2026-09-07,2032,N20,VIIRS,n,2.0NRT,293.93,0.66,N,VIIRS_NOAA20_NRT
10.92274,77.06081,307.83,0.39,0.36,2026-09-07,2032,N20,VIIRS,n,2.0NRT,293.84,0.83,N,VIIRS_NOAA20_NRT
11.81557,77.91275,305.57,0.52,0.67,2026-09-07,1936,N21,VIIRS,n,2.0NRT,290.74,1.99,N,VIIRS_NOAA21_NRT
21.61971,81.79224,305.05,0.38,0.59,2026-09-07,1932,N21,VIIRS,n,2.0NRT,287.47,1.01,N,VIIRS_NOAA21_NRT
21.67357,84.0414,304.03,0.54,0.51,2026-09-07,1932,N21,VIIRS,n,2.0NRT,287.79,2.61,N,VIIRS_NOAA21_NRT
21.67879,84.03669,312.44,0.54,0.51,2026-09-07,1932,N21,VIIRS,n,2.0NRT,288.62,3.53,N,VIIRS_NOAA21_NRT
21.67999,84.04037,309.32,0.54,0.51,2026-09-07,1932,N21,VIIRS,n,2.0NRT,288.14,3.42,N,VIIRS_NOAA21_NRT
21.7425,83.84057,307.16,0.56,0.51,2026-09-07,1932,N21,VIIRS,n,2.0NRT,288.59,2.97,N,VIIRS_NOAA21_NRT
21.74723,83.84109,318.11,0.56,0.51,2026-09-07,1932,N21,VIIRS,n,2.0NRT,288.42,4.12,N,VIIRS_NOAA21_NRT
21.75669,83.84213,308.73,0.56,0.51,2026-09-07,1932,N21,VIIRS,n,2.0NRT,288.36,2.66,N,VIIRS_NOAA21_NRT
21.76084,83.84806,311.27,0.56,0.51,2026-09-07,1932,N21,VIIRS,n,2.0NRT,286.58,2.66,N,VIIRS_NOAA21_NRT
21.79066,80.01683,306.09,0.5,0.66,2026-09-07,1932,N21,VIIRS,n,2.0NRT,284.0,2.2,N,VIIRS_NOAA21_NRT
21.79503,83.8849,305.3,0.56,0.51,2026-09-07,1932,N21,VIIRS,n,2.0NRT,288.23,2.26,N,VIIRS_NOAA21_NRT
21.80345,82.03878,307.21,0.37,0.58,2026-09-07,1932,N21,VIIRS,n,2.0NRT,287.02,1.11,N,VIIRS_NOAA21_NRT
21.87658,83.49339,302.13,0.59,0.53,2026-09-07,1932,N21,VIIRS,n,2.0NRT,279.79,1.94,N,VIIRS_NOAA21_NRT
21.92088,83.35279,313.94,0.6,0.53,2026-09-07,1932,N21,VIIRS,n,2.0NRT,285.99,2.88,N,VIIRS_NOAA21_NRT
21.92149,83.34697,307.16,0.6,0.53,2026-09-07,1932,N21,VIIRS,n,2.0NRT,285.24,2.88,N,VIIRS_NOAA21_NRT
21.927,83.34171,305.73,0.61,0.53,2026-09-07,1932,N21,VIIRS,n,2.0NRT,285.99,3.11,N,VIIRS_NOAA21_NRT
21.98534,83.23161,307.36,0.62,0.54,2026-09-07,1932,N21,VIIRS,n,2.0NRT,286.48,2.16,N,VIIRS_NOAA21_NRT
21.98602,82.01473,300.81,0.37,0.58,2026-09-07,1932,N21,VIIRS,n,2.0NRT,277.89,0.39,N,VIIRS_NOAA21_NRT
21.98742,82.01503,300.91,0.37,0.58,2026-09-07,1932,N21,VIIRS,n,2.0NRT,278.27,0.5,N,VIIRS_NOAA21_NRT
22.00196,82.66714,307.97,0.34,0.56,2026-09-07,1932,N21,VIIRS,n,2.0NRT,287.42,1.1,N,VIIRS_NOAA21_NRT
22.00673,82.67106,305.67,0.34,0.56,2026-09-07,1932,N21,VIIRS,n,2.0NRT,286.55,0.7,N,VIIRS_NOAA21_NRT
22.02972,83.7425,303.55,0.57,0.52,2026-09-07,1932,N21,VIIRS,n,2.0NRT,284.2,1.37,N,VIIRS_NOAA21_NRT
22.0376,83.35199,309.7,0.61,0.53,2026-09-07,1932,N21,VIIRS,n,2.0NRT,286.07,2.77,N,VIIRS_NOAA21_NRT
22.0399,83.73799,300.44,0.57,0.52,2026-09-07,1932,N21,VIIRS,n,2.0NRT,280.24,1.17,N,VIIRS_NOAA21_NRT
22.04051,83.73247,300.04,0.57,0.52,2026-09-07,1932,N21,VIIRS,n,2.0NRT,277.82,1.04,N,VIIRS_NOAA21_NRT
22.04097,83.73392,298.73,0.57,0.52,2026-09-07,1932,N21,VIIRS,n,2.0NRT,277.79,1.43,N,VIIRS_NOAA21_NRT
22.21465,84.8704,306.05,0.49,0.48,2026-09-07,1932,N21,VIIRS,n,2.0NRT,285.12,1.4,N,VIIRS_NOAA21_NRT
22.2152,84.86568,306.23,0.49,0.48,2026-09-07,1932,N21,VIIRS,n,2.0NRT,283.24,1.4,N,VIIRS_NOAA21_NRT
21.48848,81.76777,307.39,0.38,0.59,2026-09-07,1932,N21,VIIRS,n,2.0NRT,287.12,0.95,N,VIIRS_NOAA21_NRT
21.4856,81.76935,308.9,0.38,0.59,2026-09-07,1932,N21,VIIRS,n,2.0NRT,286.9,1.18,N,VIIRS_NOAA21_NRT
21.38556,81.65132,302.29,0.38,0.59,2026-09-07,1932,N21,VIIRS,n,2.0NRT,277.01,2.01,N,VIIRS_NOAA21_NRT
21.37957,81.68008,298.36,0.38,0.59,2026-09-07,1932,N21,VIIRS,n,2.0NRT,276.57,0.25,N,VIIRS_NOAA21_NRT
20.89015,84.9828,323.51,0.46,0.47,2026-09-07,1932,N21,VIIRS,n,2.0NRT,290.68,2.76,N,VIIRS_NOAA21_NRT
20.95461,85.01144,309.47,0.46,0.47,2026-09-07,1932,N21,VIIRS,n,2.0NRT,291.07,3.0,N,VIIRS_NOAA21_NRT
20.96004,85.18867,306.86,0.45,0.47,2026-09-07,1932,N21,VIIRS,n,2.0NRT,290.6,1.83,N,VIIRS_NOAA21_NRT
20.96054,85.18441,308.3,0.45,0.47,2026-09-07,1932,N21,VIIRS,n,2.0NRT,290.78,1.83,N,VIIRS_NOAA21_NRT
20.96156,85.17583,311.0,0.45,0.47,2026-09-07,1932,N21,VIIRS,n,2.0NRT,291.1,5.26,N,VIIRS_NOAA21_NRT
20.96207,85.17151,313.81,0.45,0.47,2026-09-07,1932,N21,VIIRS,n,2.0NRT,291.14,2.02,N,VIIRS_NOAA21_NRT
20.96258,85.16721,310.18,0.45,0.47,2026-09-07,1932,N21,VIIRS,n,2.0NRT,291.1,2.02,N,VIIRS_NOAA21_NRT
20.9631,85.16286,313.34,0.45,0.47,2026-09-07,1932,N21,VIIRS,n,2.0NRT,290.83,3.84,N,VIIRS_NOAA21_NRT
20.96432,85.18922,317.49,0.45,0.47,2026-09-07,1932,N21,VIIRS,n,2.0NRT,290.89,1.83,N,VIIRS_NOAA21_NRT
20.96482,85.18497,310.34,0.45,0.47,2026-09-07,1932,N21,VIIRS,n,2.0NRT,290.84,1.83,N,VIIRS_NOAA21_NRT
20.96636,85.17205,306.14,0.45,0.47,2026-09-07,1932,N21,VIIRS,n,2.0NRT,290.84,2.02,N,VIIRS_NOAA21_NRT
20.96688,85.16772,312.46,0.45,0.47,2026-09-07,1932,N21,VIIRS,n,2.0NRT,291.06,2.02,N,VIIRS_NOAA21_NRT
20.96842,85.15473,322.83,0.45,0.47,2026-09-07,1932,N21,VIIRS,n,2.0NRT,290.75,4.81,N,VIIRS_NOAA21_NRT
22.31631,82.5633,306.76,0.34,0.56,2026-09-07,1932,N21,VIIRS,n,2.0NRT,283.05,2.74,N,VIIRS_NOAA21_NRT
20.97013,85.17691,330.66,0.45,0.47,2026-09-07,1932,N21,VIIRS,n,2.0NRT,291.28,6.27,N,VIIRS_NOAA21_NRT
20.97546,85.16879,311.99,0.45,0.47,2026-09-07,1932,N21,VIIRS,n,2.0NRT,290.96,3.35,N,VIIRS_NOAA21_NRT
21.07166,85.04259,306.27,0.46,0.47,2026-09-07,1932,N21,VIIRS,n,2.0NRT,290.44,3.2,N,VIIRS_NOAA21_NRT
21.07547,85.04758,305.71,0.46,0.47,2026-09-07,1932,N21,VIIRS,n,2.0NRT,290.74,3.25,N,VIIRS_NOAA21_NRT
21.07599,85.04311,308.78,0.46,0.47,2026-09-07,1932,N21,VIIRS,n,2.0NRT,290.56,2.87,N,VIIRS_NOAA21_NRT
21.07651,85.03867,315.46,0.46,0.47,2026-09-07,1932,N21,VIIRS,n,2.0NRT,291.45,2.87,N,VIIRS_NOAA21_NRT
21.08136,85.03483,307.16,0.46,0.47,2026-09-07,1932,N21,VIIRS,n,2.0NRT,290.61,4.23,N,VIIRS_NOAA21_NRT
21.18266,81.38652,300.42,0.4,0.6,2026-09-07,1932,N21,VIIRS,n,2.0NRT,273.58,1.84,N,VIIRS_NOAA21_NRT
21.18779,81.39091,297.45,0.4,0.6,2026-09-07,1932,N21,VIIRS,n,2.0NRT,271.47,0.92,N,VIIRS_NOAA21_NRT
21.3091,81.59063,298.73,0.39,0.59,2026-09-07,1932,N21,VIIRS,n,2.0NRT,271.56,1.06,N,VIIRS_NOAA21_NRT
21.33561,78.96673,307.5,0.58,0.69,2026-09-07,1932,N21,VIIRS,n,2.0NRT,286.84,2.93,N,VIIRS_NOAA21_NRT
21.33755,78.9687,313.83,0.58,0.69,2026-09-07,1932,N21,VIIRS,n,2.0NRT,287.02,2.75,N,VIIRS_NOAA21_NRT
21.36597,81.68304,297.76,0.38,0.59,2026-09-07,1932,N21,VIIRS,n,2.0NRT,273.95,0.47,N,VIIRS_NOAA21_NRT
21.37718,81.68044,307.24,0.38,0.59,2026-09-07,1932,N21,VIIRS,n,2.0NRT,276.36,1.63,N,VIIRS_NOAA21_NRT
20.97494,85.17311,312.08,0.45,0.47,2026-09-07,1932,N21,VIIRS,n,2.0NRT,290.73,3.35,N,VIIRS_NOAA21_NRT
20.88581,84.98227,316.6,0.46,0.47,2026-09-07,1932,N21,VIIRS,n,2.0NRT,290.85,2.76,N,VIIRS_NOAA21_NRT
22.32403,82.59084,308.07,0.34,0.56,2026-09-07,1932,N21,VIIRS,n,2.0NRT,280.92,1.02,N,VIIRS_NOAA21_NRT
22.33269,82.60851,308.18,0.34,0.56,2026-09-07,1932,N21,VIIRS,n,2.0NRT,279.82,1.24,N,VIIRS_NOAA21_NRT
11.18451,79.09956,311.47,0.44,0.38,2026-09-07,2032,N20,VIIRS,n,2.0NRT,294.82,0.95,N,VIIRS_NOAA20_NRT
11.1834,79.10074,315.07,0.44,0.38,2026-09-07,2032,N20,VIIRS,n,2.0NRT,295.85,1.75,N,VIIRS_NOAA20_NRT
12.74653,77.61774,300.76,0.56,0.69,2026-09-07,1936,N21,VIIRS,n,2.0NRT,288.0,1.69,N,VIIRS_NOAA21_NRT
12.02786,79.03661,307.05,0.44,0.62,2026-09-07,1936,N21,VIIRS,n,2.0NRT,291.73,0.85,N,VIIRS_NOAA21_NRT
17.46402,80.6552,312.13,0.4,0.6,2026-09-07,1934,N21,VIIRS,n,2.0NRT,288.62,1.61,N,VIIRS_NOAA21_NRT
11.8151,77.91316,305.93,0.52,0.67,2026-09-07,1936,N21,VIIRS,n,2.0NRT,291.15,2.0,N,VIIRS_NOAA21_NRT
10.82716,78.82903,320.19,0.44,0.62,2026-09-07,1936,N21,VIIRS,n,2.0NRT,291.49,2.81,N,VIIRS_NOAA21_NRT
8.43688,77.6253,297.94,0.49,0.65,2026-09-07,1936,N21,VIIRS,n,2.0NRT,273.86,0.53,N,VIIRS_NOAA21_NRT
10.83034,78.82838,319.89,0.43,0.38,2026-09-07,2032,N20,VIIRS,n,2.0NRT,295.01,1.77,N,VIIRS_NOAA20_NRT
19.9212,79.11353,301.64,0.54,0.68,2026-09-07,1934,N21,VIIRS,n,2.0NRT,283.1,1.45,N,VIIRS_NOAA21_NRT
19.10409,82.16557,304.43,0.33,0.56,2026-09-07,1934,N21,VIIRS,n,2.0NRT,289.5,0.95,N,VIIRS_NOAA21_NRT
19.10374,82.16871,305.12,0.33,0.56,2026-09-07,1934,N21,VIIRS,n,2.0NRT,289.87,0.93,N,VIIRS_NOAA21_NRT
19.10234,82.16467,317.52,0.33,0.56,2026-09-07,1934,N21,VIIRS,n,2.0NRT,289.7,1.16,N,VIIRS_NOAA21_NRT
19.10202,82.16782,305.78,0.33,0.56,2026-09-07,1934,N21,VIIRS,n,2.0NRT,290.32,1.16,N,VIIRS_NOAA21_NRT
19.09863,82.16817,310.64,0.33,0.56,2026-09-07,1934,N21,VIIRS,n,2.0NRT,289.53,1.73,N,VIIRS_NOAA21_NRT
19.09691,82.16727,316.26,0.33,0.56,2026-09-07,1934,N21,VIIRS,n,2.0NRT,289.76,1.16,N,VIIRS_NOAA21_NRT
11.20358,77.90948,305.8,0.4,0.37,2026-09-07,2032,N20,VIIRS,n,2.0NRT,293.63,1.66,N,VIIRS_NOAA20_NRT
11.20418,77.90585,326.42,0.4,0.37,2026-09-07,2032,N20,VIIRS,n,2.0NRT,293.71,2.13,N,VIIRS_NOAA20_NRT
11.81094,77.92367,310.79,0.4,0.37,2026-09-07,2032,N20,VIIRS,n,2.0NRT,296.23,1.84,N,VIIRS_NOAA20_NRT
11.81153,77.92004,324.44,0.4,0.37,2026-09-07,2032,N20,VIIRS,n,2.0NRT,295.13,1.84,N,VIIRS_NOAA20_NRT
22.37626,87.27948,299.37,0.53,0.42,2026-09-07,1932,N21,VIIRS,n,2.0NRT,277.87,1.87,N,VIIRS_NOAA21_NRT
23.55897,87.2391,312.39,0.55,0.43,2026-09-07,1932,N21,VIIRS,n,2.0NRT,283.82,2.65,N,VIIRS_NOAA21_NRT
23.55958,87.24075,311.99,0.55,0.43,2026-09-07,1932,N21,VIIRS,n,2.0NRT,281.07,3.11,N,VIIRS_NOAA21_NRT
23.68455,86.3901,300.9,0.41,0.45,2026-09-07,1932,N21,VIIRS,n,2.0NRT,284.18,3.58,N,VIIRS_NOAA21_NRT
23.75419,85.85508,306.85,0.44,0.46,2026-09-07,1932,N21,VIIRS,n,2.0NRT,286.78,1.94,N,VIIRS_NOAA21_NRT
23.78814,85.55099,302.74,0.46,0.47,2026-09-07,1932,N21,VIIRS,n,2.0NRT,285.92,2.88,N,VIIRS_NOAA21_NRT
23.8034,86.32811,297.02,0.42,0.45,2026-09-07,1932,N21,VIIRS,n,2.0NRT,278.46,1.33,N,VIIRS_NOAA21_NRT
24.13313,82.59035,304.22,0.36,0.57,2026-09-07,1932,N21,VIIRS,n,2.0NRT,278.67,1.25,N,VIIRS_NOAA21_NRT
24.20175,82.71009,300.68,0.35,0.57,2026-09-07,1932,N21,VIIRS,n,2.0NRT,277.64,1.28,N,VIIRS_NOAA21_NRT
24.32804,81.32866,299.93,0.44,0.62,2026-09-07,1932,N21,VIIRS,n,2.0NRT,287.18,1.27,N,VIIRS_NOAA21_NRT
22.32787,82.60461,300.55,0.34,0.56,2026-09-07,1932,N21,VIIRS,n,2.0NRT,279.96,0.79,N,VIIRS_NOAA21_NRT
15.02316,78.01364,301.33,0.57,0.69,2026-09-07,1934,N21,VIIRS,n,2.0NRT,278.47,4.18,N,VIIRS_NOAA21_NRT
13.0258,77.4978,312.32,0.39,0.36,2026-09-07,2032,N20,VIIRS,n,2.0NRT,290.67,0.9,N,VIIRS_NOAA20_NRT
13.02523,77.50134,304.22,0.39,0.36,2026-09-07,2032,N20,VIIRS,n,2.0NRT,290.34,0.9,N,VIIRS_NOAA20_NRT
12.96717,77.33203,310.14,0.39,0.36,2026-09-07,2032,N20,VIIRS,n,2.0NRT,292.07,1.57,N,VIIRS_NOAA20_NRT
12.74784,77.61866,306.35,0.39,0.36,2026-09-07,2032,N20,VIIRS,n,2.0NRT,291.59,0.99,N,VIIRS_NOAA20_NRT
12.59471,76.87408,301.0,0.38,0.36,2026-09-07,2032,N20,VIIRS,n,2.0NRT,290.07,0.39,N,VIIRS_NOAA20_NRT
12.09703,76.79622,319.43,0.38,0.36,2026-09-07,2032,N20,VIIRS,n,2.0NRT,291.84,1.29,N,VIIRS_NOAA20_NRT
11.81775,77.91743,306.22,0.4,0.37,2026-09-07,2032,N20,VIIRS,n,2.0NRT,294.88,1.53,N,VIIRS_NOAA20_NRT
11.81546,77.91698,307.12,0.4,0.37,2026-09-07,2032,N20,VIIRS,n,2.0NRT,295.19,1.36,N,VIIRS_NOAA20_NRT
15.17382,77.09942,302.63,0.66,0.73,2026-09-07,1934,N21,VIIRS,n,2.0NRT,286.73,2.65,N,VIIRS_NOAA21_NRT
20.87126,84.9938,335.78,0.46,0.47,2026-09-07,1932,N21,VIIRS,n,2.0NRT,290.8,7.29,N,VIIRS_NOAA21_NRT
14.58273,79.70184,349.83,0.52,0.67,2026-09-07,841,N21,VIIRS,n,2.0NRT,292.5,4.41,D,VIIRS_NOAA21_NRT
14.49482,76.82112,337.0,0.33,0.55,2026-09-07,841,N21,VIIRS,n,2.0NRT,299.4,2.52,D,VIIRS_NOAA21_NRT
14.23907,76.68808,334.02,0.32,0.55,2026-09-07,841,N21,VIIRS,n,2.0NRT,300.85,2.67,D,VIIRS_NOAA21_NRT
14.14242,76.60857,334.84,0.63,0.54,2026-09-07,841,N21,VIIRS,n,2.0NRT,301.39,3.5,D,VIIRS_NOAA21_NRT
14.09951,77.17999,334.11,0.34,0.56,2026-09-07,841,N21,VIIRS,n,2.0NRT,298.12,2.63,D,VIIRS_NOAA21_NRT
14.00567,78.1367,332.7,0.4,0.6,2026-09-07,841,N21,VIIRS,n,2.0NRT,294.74,3.4,D,VIIRS_NOAA21_NRT
14.00484,78.13704,332.62,0.4,0.6,2026-09-07,841,N21,VIIRS,n,2.0NRT,296.18,3.08,D,VIIRS_NOAA21_NRT
13.86369,79.33259,336.09,0.48,0.65,2026-09-07,841,N21,VIIRS,n,2.0NRT,296.38,5.38,D,VIIRS_NOAA21_NRT
13.82392,77.46268,339.89,0.36,0.57,2026-09-07,841,N21,VIIRS,n,2.0NRT,300.31,3.11,D,VIIRS_NOAA21_NRT
13.82308,77.46265,337.35,0.36,0.57,2026-09-07,841,N21,VIIRS,n,2.0NRT,300.64,3.01,D,VIIRS_NOAA21_NRT
13.61422,76.79543,335.54,0.32,0.55,2026-09-07,841,N21,VIIRS,n,2.0NRT,300.97,2.84,D,VIIRS_NOAA21_NRT
13.39125,78.55362,342.85,0.42,0.61,2026-09-07,841,N21,VIIRS,n,2.0NRT,298.16,4.87,D,VIIRS_NOAA21_NRT
13.30328,77.49928,330.44,0.35,0.57,2026-09-07,841,N21,VIIRS,n,2.0NRT,297.74,3.78,D,VIIRS_NOAA21_NRT
12.62691,79.35641,343.88,0.46,0.64,2026-09-07,841,N21,VIIRS,n,2.0NRT,294.09,12.36,D,VIIRS_NOAA21_NRT
12.62642,79.35217,343.14,0.46,0.64,2026-09-07,841,N21,VIIRS,n,2.0NRT,293.93,11.39,D,VIIRS_NOAA21_NRT
12.19458,76.79126,340.22,0.61,0.53,2026-09-07,841,N21,VIIRS,n,2.0NRT,296.11,14.03,D,VIIRS_NOAA21_NRT
11.4255,79.19963,351.07,0.44,0.62,2026-09-07,841,N21,VIIRS,n,2.0NRT,295.32,7.34,D,VIIRS_NOAA21_NRT
10.52722,76.9183,336.19,0.59,0.53,2026-09-07,841,N21,VIIRS,n,2.0NRT,296.67,7.44,D,VIIRS_NOAA21_NRT
9.27757,77.48306,332.05,0.62,0.54,2026-09-07,841,N21,VIIRS,n,2.0NRT,292.42,3.24,D,VIIRS_NOAA21_NRT
9.20163,78.26099,330.33,0.35,0.57,2026-09-07,841,N21,VIIRS,n,2.0NRT,286.01,1.0,D,VIIRS_NOAA21_NRT
9.08718,77.47947,331.36,0.61,0.54,2026-09-07,841,N21,VIIRS,n,2.0NRT,295.48,3.5,D,VIIRS_NOAA21_NRT
9.01174,77.45811,338.72,0.61,0.53,2026-09-07,839,N21,VIIRS,n,2.0NRT,288.23,4.68,D,VIIRS_NOAA21_NRT
8.91237,77.5182,332.13,0.61,0.54,2026-09-07,839,N21,VIIRS,n,2.0NRT,289.1,3.2,D,VIIRS_NOAA21_NRT
8.90995,77.51759,330.26,0.62,0.54,2026-09-07,839,N21,VIIRS,n,2.0NRT,288.76,4.66,D,VIIRS_NOAA21_NRT
8.86686,78.08612,333.88,0.34,0.56,2026-09-07,839,N21,VIIRS,n,2.0NRT,284.26,2.78,D,VIIRS_NOAA21_NRT
14.82235,76.79653,342.41,0.33,0.55,2026-09-07,841,N21,VIIRS,n,2.0NRT,291.85,4.65,D,VIIRS_NOAA21_NRT
14.82348,76.79816,340.39,0.33,0.55,2026-09-07,841,N21,VIIRS,n,2.0NRT,296.98,4.78,D,VIIRS_NOAA21_NRT
14.88572,79.6793,340.72,0.52,0.67,2026-09-07,841,N21,VIIRS,n,2.0NRT,294.94,7.13,D,VIIRS_NOAA21_NRT
15.40742,79.91134,347.9,0.55,0.68,2026-09-07,841,N21,VIIRS,n,2.0NRT,292.62,7.07,D,VIIRS_NOAA21_NRT
20.86311,84.9883,335.65,0.46,0.47,2026-09-07,1932,N21,VIIRS,n,2.0NRT,291.32,2.96,N,VIIRS_NOAA21_NRT
20.8626,84.99263,307.0,0.46,0.47,2026-09-07,1932,N21,VIIRS,n,2.0NRT,290.79,2.96,N,VIIRS_NOAA21_NRT
20.80563,85.25608,322.07,0.44,0.46,2026-09-07,1932,N21,VIIRS,n,2.0NRT,291.07,5.55,N,VIIRS_NOAA21_NRT
20.79323,85.25481,337.99,0.44,0.46,2026-09-07,1932,N21,VIIRS,n,2.0NRT,289.68,8.31,N,VIIRS_NOAA21_NRT
20.79287,85.25444,338.42,0.44,0.46,2026-09-07,1932,N21,VIIRS,n,2.0NRT,290.03,9.84,N,VIIRS_NOAA21_NRT
20.7837,85.26202,313.38,0.44,0.46,2026-09-07,1932,N21,VIIRS,n,2.0NRT,290.15,3.75,N,VIIRS_NOAA21_NRT
20.78339,85.26167,309.48,0.44,0.46,2026-09-07,1932,N21,VIIRS,n,2.0NRT,290.09,4.05,N,VIIRS_NOAA21_NRT
20.76207,85.29778,305.05,0.44,0.46,2026-09-07,1932,N21,VIIRS,n,2.0NRT,290.05,1.97,N,VIIRS_NOAA21_NRT
20.75834,85.29301,308.63,0.44,0.46,2026-09-07,1932,N21,VIIRS,n,2.0NRT,290.09,3.7,N,VIIRS_NOAA21_NRT
20.75782,85.29731,305.4,0.44,0.46,2026-09-07,1932,N21,VIIRS,n,2.0NRT,290.09,1.97,N,VIIRS_NOAA21_NRT
27.37664,95.33227,317.79,0.41,0.37,2026-09-07,1930,N21,VIIRS,n,2.0NRT,290.96,2.69,N,VIIRS_NOAA21_NRT
27.32616,95.27573,307.73,0.41,0.37,2026-09-07,1930,N21,VIIRS,n,2.0NRT,289.94,1.99,N,VIIRS_NOAA21_NRT
27.31742,95.26527,318.26,0.41,0.37,2026-09-07,1930,N21,VIIRS,n,2.0NRT,290.95,2.94,N,VIIRS_NOAA21_NRT
23.22736,69.83858,335.03,0.48,0.4,2026-09-07,845,N21,VIIRS,l,2.0NRT,305.42,4.47,D,VIIRS_NOAA21_NRT
16.01439,78.2641,337.66,0.43,0.62,2026-09-07,843,N21,VIIRS,n,2.0NRT,291.69,4.22,D,VIIRS_NOAA21_NRT
27.37592,95.33641,312.16,0.42,0.37,2026-09-07,1930,N21,VIIRS,n,2.0NRT,291.02,2.64,N,VIIRS_NOAA21_NRT
29.47698,76.85517,331.49,0.52,0.67,2026-09-07,705,N21,VIIRS,n,2.0NRT,292.31,4.49,D,VIIRS_NOAA21_NRT
27.88228,96.89853,329.41,0.44,0.46,2026-09-07,703,N21,VIIRS,n,2.0NRT,293.58,4.82,D,VIIRS_NOAA21_NRT
27.872,96.92369,336.21,0.45,0.47,2026-09-07,703,N21,VIIRS,n,2.0NRT,289.51,4.62,D,VIIRS_NOAA21_NRT
26.20761,91.08835,332.69,0.38,0.36,2026-09-07,703,N21,VIIRS,n,2.0NRT,295.16,2.88,D,VIIRS_NOAA21_NRT
24.3796,93.99981,330.94,0.43,0.38,2026-09-07,703,N21,VIIRS,n,2.0NRT,295.21,4.59,D,VIIRS_NOAA21_NRT
23.69142,87.12231,329.5,0.51,0.41,2026-09-07,703,N21,VIIRS,n,2.0NRT,295.38,6.64,D,VIIRS_NOAA21_NRT
21.19355,81.41866,350.53,0.42,0.61,2026-09-07,703,N21,VIIRS,n,2.0NRT,289.18,8.94,D,VIIRS_NOAA21_NRT
20.96481,86.0078,341.06,0.43,0.46,2026-09-07,703,N21,VIIRS,n,2.0NRT,292.87,6.79,D,VIIRS_NOAA21_NRT
20.96383,85.18765,334.17,0.49,0.48,2026-09-07,703,N21,VIIRS,n,2.0NRT,293.97,7.03,D,VIIRS_NOAA21_NRT
20.86604,84.98908,335.39,0.51,0.49,2026-09-07,703,N21,VIIRS,n,2.0NRT,294.77,5.24,D,VIIRS_NOAA21_NRT
20.79466,85.25549,338.42,0.49,0.48,2026-09-07,703,N21,VIIRS,n,2.0NRT,294.85,8.97,D,VIIRS_NOAA21_NRT
23.67726,86.39882,333.07,0.56,0.43,2026-09-07,703,N21,VIIRS,n,2.0NRT,294.53,9.66,D,VIIRS_NOAA21_NRT
18.72132,79.53968,303.63,0.49,0.65,2026-09-07,1934,N21,VIIRS,n,2.0NRT,287.74,1.41,N,VIIRS_NOAA21_NRT
29.90703,74.94606,330.21,0.66,0.73,2026-09-07,705,N21,VIIRS,n,2.0NRT,290.46,3.28,D,VIIRS_NOAA21_NRT
31.93228,74.72265,338.69,0.6,0.71,2026-09-07,707,N21,VIIRS,n,2.0NRT,292.18,7.64,D,VIIRS_NOAA21_NRT
17.46438,80.65501,312.76,0.4,0.6,2026-09-07,1934,N21,VIIRS,n,2.0NRT,288.56,1.42,N,VIIRS_NOAA21_NRT
27.87317,96.85173,325.47,0.4,0.6,2026-09-08,601,N20,VIIRS,n,2.0NRT,291.61,2.94,D,VIIRS_NOAA20_NRT
11.17724,79.84092,346.86,0.49,0.49,2026-09-08,737,N20,VIIRS,n,2.0NRT,303.51,16.38,D,VIIRS_NOAA20_NRT
11.16917,79.591,334.12,0.51,0.49,2026-09-08,737,N20,VIIRS,n,2.0NRT,300.74,5.19,D,VIIRS_NOAA20_NRT
11.16835,79.58639,341.1,0.51,0.49,2026-09-08,737,N20,VIIRS,n,2.0NRT,301.93,6.55,D,VIIRS_NOAA20_NRT
11.11892,77.18589,330.45,0.37,0.58,2026-09-08,737,N20,VIIRS,n,2.0NRT,300.09,1.43,D,VIIRS_NOAA20_NRT
11.03551,79.73526,333.04,0.5,0.49,2026-09-08,737,N20,VIIRS,n,2.0NRT,302.85,4.81,D,VIIRS_NOAA20_NRT
11.01908,79.83974,334.91,0.49,0.49,2026-09-08,737,N20,VIIRS,n,2.0NRT,303.9,5.89,D,VIIRS_NOAA20_NRT
10.94746,78.17036,337.04,0.32,0.55,2026-09-08,737,N20,VIIRS,n,2.0NRT,304.57,2.11,D,VIIRS_NOAA20_NRT
10.92811,77.06596,330.52,0.38,0.59,2026-09-08,737,N20,VIIRS,l,2.0NRT,301.28,0.59,D,VIIRS_NOAA20_NRT
10.91535,78.45361,330.82,0.62,0.54,2026-09-08,737,N20,VIIRS,l,2.0NRT,303.79,1.56,D,VIIRS_NOAA20_NRT
11.17832,79.84326,343.88,0.49,0.49,2026-09-08,737,N20,VIIRS,n,2.0NRT,303.77,15.83,D,VIIRS_NOAA20_NRT
10.87606,79.16769,335.93,0.55,0.51,2026-09-08,737,N20,VIIRS,n,2.0NRT,303.2,2.8,D,VIIRS_NOAA20_NRT
10.80398,78.93729,335.88,0.57,0.52,2026-09-08,737,N20,VIIRS,l,2.0NRT,306.18,3.44,D,VIIRS_NOAA20_NRT
10.74739,78.56797,331.26,0.61,0.53,2026-09-08,737,N20,VIIRS,l,2.0NRT,305.01,1.41,D,VIIRS_NOAA20_NRT
10.63521,79.72103,339.15,0.51,0.49,2026-09-08,737,N20,VIIRS,n,2.0NRT,302.01,4.21,D,VIIRS_NOAA20_NRT
10.63439,79.71644,337.99,0.51,0.49,2026-09-08,737,N20,VIIRS,n,2.0NRT,304.58,4.21,D,VIIRS_NOAA20_NRT
10.4262,79.25689,338.69,0.55,0.51,2026-09-08,737,N20,VIIRS,n,2.0NRT,302.91,106.24,D,VIIRS_NOAA20_NRT
10.42373,79.25402,348.52,0.55,0.51,2026-09-08,737,N20,VIIRS,n,2.0NRT,307.26,51.8,D,VIIRS_NOAA20_NRT
10.42067,79.25273,342.26,0.55,0.51,2026-09-08,737,N20,VIIRS,n,2.0NRT,301.0,20.97,D,VIIRS_NOAA20_NRT
10.41998,79.25983,343.33,0.55,0.51,2026-09-08,737,N20,VIIRS,n,2.0NRT,298.72,14.54,D,VIIRS_NOAA20_NRT
10.40139,79.38857,330.58,0.54,0.51,2026-09-08,737,N20,VIIRS,l,2.0NRT,302.55,2.75,D,VIIRS_NOAA20_NRT
10.33086,79.31501,330.33,0.55,0.51,2026-09-08,737,N20,VIIRS,l,2.0NRT,301.21,3.01,D,VIIRS_NOAA20_NRT
10.80485,78.93539,335.98,0.57,0.52,2026-09-08,737,N20,VIIRS,l,2.0NRT,306.59,2.29,D,VIIRS_NOAA20_NRT
10.26741,77.25986,332.87,0.38,0.59,2026-09-08,737,N20,VIIRS,n,2.0NRT,302.06,3.61,D,VIIRS_NOAA20_NRT
11.22657,77.15887,339.14,0.37,0.58,2026-09-08,737,N20,VIIRS,n,2.0NRT,300.59,1.82,D,VIIRS_NOAA20_NRT
11.36853,77.68331,348.3,0.34,0.56,2026-09-08,737,N20,VIIRS,n,2.0NRT,305.64,4.31,D,VIIRS_NOAA20_NRT
17.60495,83.20261,334.29,0.41,0.37,2026-09-08,739,N20,VIIRS,l,2.0NRT,300.65,4.36,D,VIIRS_NOAA20_NRT
17.42646,82.72792,338.08,0.42,0.38,2026-09-08,739,N20,VIIRS,n,2.0NRT,297.94,4.04,D,VIIRS_NOAA20_NRT
16.39561,78.35156,340.22,0.5,0.49,2026-09-08,739,N20,VIIRS,n,2.0NRT,289.74,3.02,D,VIIRS_NOAA20_NRT
15.22604,76.76457,333.7,0.33,0.56,2026-09-08,739,N20,VIIRS,n,2.0NRT,294.67,5.15,D,VIIRS_NOAA20_NRT
15.18101,76.66863,337.79,0.34,0.56,2026-09-08,739,N20,VIIRS,n,2.0NRT,294.13,2.66,D,VIIRS_NOAA20_NRT
15.1602,78.27892,330.6,0.53,0.5,2026-09-08,739,N20,VIIRS,n,2.0NRT,296.53,8.58,D,VIIRS_NOAA20_NRT
14.88231,79.78946,341.48,0.43,0.46,2026-09-08,739,N20,VIIRS,n,2.0NRT,297.32,4.94,D,VIIRS_NOAA20_NRT
13.84826,79.97568,334.38,0.43,0.46,2026-09-08,737,N20,VIIRS,n,2.0NRT,301.25,2.9,D,VIIRS_NOAA20_NRT
13.84408,79.97645,330.11,0.43,0.46,2026-09-08,737,N20,VIIRS,l,2.0NRT,301.7,2.9,D,VIIRS_NOAA20_NRT
13.16077,78.74465,332.49,0.54,0.51,2026-09-08,737,N20,VIIRS,n,2.0NRT,300.55,3.35,D,VIIRS_NOAA20_NRT
11.2279,77.15961,336.15,0.37,0.58,2026-09-08,737,N20,VIIRS,n,2.0NRT,300.41,2.17,D,VIIRS_NOAA20_NRT
12.87861,79.90833,335.9,0.45,0.47,2026-09-08,737,N20,VIIRS,n,2.0NRT,302.38,7.05,D,VIIRS_NOAA20_NRT
12.83612,79.94167,331.02,0.45,0.47,2026-09-08,737,N20,VIIRS,l,2.0NRT,305.45,7.02,D,VIIRS_NOAA20_NRT
12.80382,79.89982,336.69,0.46,0.47,2026-09-08,737,N20,VIIRS,n,2.0NRT,299.57,3.47,D,VIIRS_NOAA20_NRT
12.75017,79.99485,332.77,0.45,0.47,2026-09-08,737,N20,VIIRS,n,2.0NRT,302.14,2.22,D,VIIRS_NOAA20_NRT
12.72328,79.6708,330.54,0.47,0.48,2026-09-08,737,N20,VIIRS,l,2.0NRT,301.42,3.54,D,VIIRS_NOAA20_NRT
12.30269,78.41156,330.4,0.59,0.53,2026-09-08,737,N20,VIIRS,l,2.0NRT,303.13,6.17,D,VIIRS_NOAA20_NRT
12.097,77.06121,342.82,0.36,0.58,2026-09-08,737,N20,VIIRS,n,2.0NRT,309.05,8.86,D,VIIRS_NOAA20_NRT
12.08317,79.02713,330.76,0.54,0.51,2026-09-08,737,N20,VIIRS,l,2.0NRT,302.97,2.54,D,VIIRS_NOAA20_NRT
11.44695,79.55542,335.41,0.51,0.49,2026-09-08,737,N20,VIIRS,n,2.0NRT,301.37,6.92,D,VIIRS_NOAA20_NRT
11.44468,79.55418,336.51,0.51,0.49,2026-09-08,737,N20,VIIRS,n,2.0NRT,301.08,3.23,D,VIIRS_NOAA20_NRT
11.37994,79.63191,336.79,0.5,0.49,2026-09-08,737,N20,VIIRS,n,2.0NRT,305.13,10.93,D,VIIRS_NOAA20_NRT
12.84465,79.94014,330.65,0.45,0.47,2026-09-08,737,N20,VIIRS,l,2.0NRT,304.71,4.62,D,VIIRS_NOAA20_NRT
17.60893,83.20582,339.56,0.41,0.37,2026-09-08,739,N20,VIIRS,n,2.0NRT,301.43,4.36,D,VIIRS_NOAA20_NRT
10.16759,78.79363,341.0,0.6,0.53,2026-09-08,737,N20,VIIRS,n,2.0NRT,300.08,6.27,D,VIIRS_NOAA20_NRT
10.01626,79.18711,332.54,0.57,0.52,2026-09-08,737,N20,VIIRS,n,2.0NRT,301.07,2.15,D,VIIRS_NOAA20_NRT
8.95272,77.88122,335.13,0.36,0.58,2026-09-08,737,N20,VIIRS,n,2.0NRT,304.15,1.94,D,VIIRS_NOAA20_NRT
8.92974,77.49213,336.9,0.39,0.59,2026-09-08,737,N20,VIIRS,n,2.0NRT,299.62,1.76,D,VIIRS_NOAA20_NRT
8.86435,78.08271,353.82,0.35,0.57,2026-09-08,737,N20,VIIRS,n,2.0NRT,305.22,5.25,D,VIIRS_NOAA20_NRT
9.1378,77.53764,339.12,0.38,0.59,2026-09-08,737,N20,VIIRS,n,2.0NRT,302.41,1.37,D,VIIRS_NOAA20_NRT
10.16361,79.21571,333.43,0.56,0.52,2026-09-08,737,N20,VIIRS,n,2.0NRT,298.81,2.41,D,VIIRS_NOAA20_NRT
9.95038,77.8317,367.0,0.35,0.57,2026-09-08,737,N20,VIIRS,h,2.0NRT,302.14,8.22,D,VIIRS_NOAA20_NRT
9.94897,77.83247,367.0,0.35,0.57,2026-09-08,737,N20,VIIRS,h,2.0NRT,302.37,7.77,D,VIIRS_NOAA20_NRT
9.93584,78.25494,337.36,0.33,0.55,2026-09-08,737,N20,VIIRS,n,2.0NRT,303.72,3.5,D,VIIRS_NOAA20_NRT
9.8512,77.64872,337.86,0.36,0.58,2026-09-08,737,N20,VIIRS,n,2.0NRT,301.41,3.49,D,VIIRS_NOAA20_NRT
9.77142,77.74419,338.38,0.36,0.57,2026-09-08,737,N20,VIIRS,n,2.0NRT,299.05,4.42,D,VIIRS_NOAA20_NRT
9.75761,78.38082,332.27,0.33,0.55,2026-09-08,737,N20,VIIRS,l,2.0NRT,305.11,1.85,D,VIIRS_NOAA20_NRT
9.53244,78.64364,345.48,0.63,0.54,2026-09-08,737,N20,VIIRS,n,2.0NRT,303.95,26.28,D,VIIRS_NOAA20_NRT
9.53154,78.64579,355.24,0.63,0.54,2026-09-08,737,N20,VIIRS,n,2.0NRT,303.0,24.88,D,VIIRS_NOAA20_NRT
9.52581,77.79107,367.0,0.36,0.57,2026-09-08,737,N20,VIIRS,h,2.0NRT,303.86,7.19,D,VIIRS_NOAA20_NRT
9.4671,77.59164,367.0,0.37,0.58,2026-09-08,737,N20,VIIRS,h,2.0NRT,302.52,6.33,D,VIIRS_NOAA20_NRT
9.1404,77.53792,338.53,0.38,0.59,2026-09-08,737,N20,VIIRS,n,2.0NRT,301.57,1.78,D,VIIRS_NOAA20_NRT
9.46437,78.80776,330.42,0.62,0.54,2026-09-08,737,N20,VIIRS,n,2.0NRT,298.47,4.15,D,VIIRS_NOAA20_NRT
9.34099,78.82201,337.07,0.62,0.54,2026-09-08,737,N20,VIIRS,n,2.0NRT,300.39,3.36,D,VIIRS_NOAA20_NRT
9.31936,78.7279,343.73,0.63,0.54,2026-09-08,737,N20,VIIRS,n,2.0NRT,301.61,3.44,D,VIIRS_NOAA20_NRT
9.31444,78.7288,334.21,0.63,0.54,2026-09-08,737,N20,VIIRS,n,2.0NRT,301.12,3.44,D,VIIRS_NOAA20_NRT
9.29947,77.67791,330.82,0.37,0.58,2026-09-08,737,N20,VIIRS,n,2.0NRT,300.73,2.44,D,VIIRS_NOAA20_NRT
9.28846,78.58205,352.93,0.32,0.55,2026-09-08,737,N20,VIIRS,n,2.0NRT,300.55,5.52,D,VIIRS_NOAA20_NRT
9.46298,77.59248,356.47,0.37,0.58,2026-09-08,737,N20,VIIRS,n,2.0NRT,302.33,5.8,D,VIIRS_NOAA20_NRT
17.62962,77.91116,332.2,0.51,0.49,2026-09-08,739,N20,VIIRS,n,2.0NRT,296.32,5.42,D,VIIRS_NOAA20_NRT
19.09773,82.16775,335.87,0.43,0.38,2026-09-08,739,N20,VIIRS,l,2.0NRT,300.91,9.23,D,VIIRS_NOAA20_NRT
17.73318,78.93163,334.18,0.43,0.46,2026-09-08,739,N20,VIIRS,n,2.0NRT,294.09,2.64,D,VIIRS_NOAA20_NRT
29.90781,74.94718,340.86,0.45,0.47,2026-09-08,744,N20,VIIRS,n,2.0NRT,300.6,4.43,D,VIIRS_NOAA20_NRT
28.65915,77.57201,330.62,0.51,0.41,2026-09-08,744,N20,VIIRS,n,2.0NRT,300.45,5.54,D,VIIRS_NOAA20_NRT
28.6588,77.57416,331.49,0.51,0.41,2026-09-08,744,N20,VIIRS,n,2.0NRT,299.83,4.53,D,VIIRS_NOAA20_NRT
28.09879,95.47135,331.48,0.56,0.69,2026-09-08,741,N20,VIIRS,n,2.0NRT,288.83,6.44,D,VIIRS_NOAA20_NRT
23.68195,86.08404,330.28,0.43,0.38,2026-09-08,741,N20,VIIRS,n,2.0NRT,293.56,5.04,D,VIIRS_NOAA20_NRT
23.67498,86.08513,331.2,0.43,0.38,2026-09-08,741,N20,VIIRS,n,2.0NRT,296.88,2.63,D,VIIRS_NOAA20_NRT
23.16684,82.34259,335.99,0.39,0.36,2026-09-08,741,N20,VIIRS,n,2.0NRT,298.83,4.42,D,VIIRS_NOAA20_NRT
22.57296,85.89826,340.39,0.42,0.37,2026-09-08,739,N20,VIIRS,n,2.0NRT,299.52,4.99,D,VIIRS_NOAA20_NRT
29.90877,74.95169,331.63,0.45,0.47,2026-09-08,744,N20,VIIRS,l,2.0NRT,303.04,4.43,D,VIIRS_NOAA20_NRT
22.37795,87.27967,338.84,0.47,0.4,2026-09-08,739,N20,VIIRS,n,2.0NRT,285.46,7.41,D,VIIRS_NOAA20_NRT
21.98455,83.23235,333.5,0.39,0.36,2026-09-08,739,N20,VIIRS,n,2.0NRT,300.03,4.75,D,VIIRS_NOAA20_NRT
21.924,85.22245,332.47,0.4,0.37,2026-09-08,739,N20,VIIRS,n,2.0NRT,298.89,4.98,D,VIIRS_NOAA20_NRT
21.76666,84.02632,330.12,0.38,0.36,2026-09-08,739,N20,VIIRS,n,2.0NRT,291.47,2.69,D,VIIRS_NOAA20_NRT
21.49219,81.76202,332.12,0.42,0.38,2026-09-08,739,N20,VIIRS,l,2.0NRT,296.78,1.92,D,VIIRS_NOAA20_NRT
21.34945,81.66482,336.39,0.42,0.38,2026-09-08,739,N20,VIIRS,n,2.0NRT,298.29,5.75,D,VIIRS_NOAA20_NRT
20.86505,84.98814,332.84,0.39,0.36,2026-09-08,739,N20,VIIRS,n,2.0NRT,292.18,6.29,D,VIIRS_NOAA20_NRT
20.86174,84.9887,335.67,0.39,0.36,2026-09-08,739,N20,VIIRS,n,2.0NRT,288.06,2.64,D,VIIRS_NOAA20_NRT
20.79765,85.3863,336.48,0.39,0.37,2026-09-08,739,N20,VIIRS,n,2.0NRT,286.43,3.88,D,VIIRS_NOAA20_NRT
20.78967,85.26066,334.69,0.39,0.36,2026-09-08,739,N20,VIIRS,n,2.0NRT,282.29,5.06,D,VIIRS_NOAA20_NRT
22.35765,82.30426,343.13,0.4,0.37,2026-09-08,739,N20,VIIRS,n,2.0NRT,303.15,7.11,D,VIIRS_NOAA20_NRT
29.9256,77.28622,332.66,0.51,0.41,2026-09-08,744,N20,VIIRS,n,2.0NRT,298.54,3.04,D,VIIRS_NOAA20_NRT
23.33532,70.11651,332.32,0.51,0.66,2026-09-08,922,N20,VIIRS,n,2.0NRT,295.3,2.4,D,VIIRS_NOAA20_NRT
22.92616,70.10849,334.08,0.5,0.66,2026-09-08,922,N20,VIIRS,n,2.0NRT,295.67,5.74,D,VIIRS_NOAA20_NRT
10.96945,78.0653,350.49,0.33,0.55,2026-09-08,737,N20,VIIRS,n,2.0NRT,305.17,3.07,D,VIIRS_NOAA20_NRT
10.16706,78.7907,338.75,0.57,0.43,2026-09-08,822,N21,VIIRS,n,2.0NRT,304.92,3.99,D,VIIRS_NOAA21_NRT
18.51579,83.0489,329.47,0.77,0.77,2026-09-08,644,N21,VIIRS,n,2.0NRT,287.13,7.09,D,VIIRS_NOAA21_NRT
29.91017,74.95127,335.65,0.39,0.44,2026-09-08,828,N21,VIIRS,n,2.0NRT,303.23,5.41,D,VIIRS_NOAA21_NRT
23.32236,73.02036,333.37,0.41,0.37,2026-09-08,826,N21,VIIRS,n,2.0NRT,298.97,4.23,D,VIIRS_NOAA21_NRT
23.04588,70.13788,338.51,0.39,0.36,2026-09-08,826,N21,VIIRS,n,2.0NRT,301.42,13.02,D,VIIRS_NOAA21_NRT
23.02547,71.60612,335.77,0.39,0.36,2026-09-08,826,N21,VIIRS,n,2.0NRT,300.71,5.45,D,VIIRS_NOAA21_NRT
22.93446,69.6957,333.52,0.4,0.37,2026-09-08,826,N21,VIIRS,n,2.0NRT,300.99,2.78,D,VIIRS_NOAA21_NRT
22.9283,70.10589,338.6,0.39,0.36,2026-09-08,826,N21,VIIRS,n,2.0NRT,308.02,8.42,D,VIIRS_NOAA21_NRT
21.10802,72.64745,345.05,0.39,0.36,2026-09-08,826,N21,VIIRS,n,2.0NRT,306.03,6.1,D,VIIRS_NOAA21_NRT
21.10469,72.648,339.09,0.39,0.36,2026-09-08,826,N21,VIIRS,n,2.0NRT,304.87,6.1,D,VIIRS_NOAA21_NRT
21.10306,72.63672,338.43,0.39,0.36,2026-09-08,826,N21,VIIRS,n,2.0NRT,304.32,18.55,D,VIIRS_NOAA21_NRT
19.45337,75.63052,333.22,0.49,0.4,2026-09-08,826,N21,VIIRS,n,2.0NRT,298.29,3.68,D,VIIRS_NOAA21_NRT
19.0964,82.16859,329.9,0.41,0.61,2026-09-08,826,N21,VIIRS,n,2.0NRT,292.08,2.91,D,VIIRS_NOAA21_NRT
19.09543,82.16656,329.77,0.41,0.61,2026-09-08,826,N21,VIIRS,n,2.0NRT,291.74,10.56,D,VIIRS_NOAA21_NRT
19.09082,82.16918,328.92,0.41,0.61,2026-09-08,826,N21,VIIRS,n,2.0NRT,291.15,2.91,D,VIIRS_NOAA21_NRT
17.3413,81.05385,336.4,0.33,0.55,2026-09-08,824,N21,VIIRS,n,2.0NRT,290.36,3.37,D,VIIRS_NOAA21_NRT
17.04641,76.16656,333.1,0.49,0.4,2026-09-08,824,N21,VIIRS,n,2.0NRT,301.81,5.85,D,VIIRS_NOAA21_NRT
16.72304,74.7004,332.97,0.42,0.38,2026-09-08,824,N21,VIIRS,n,2.0NRT,297.19,3.22,D,VIIRS_NOAA21_NRT
22.6441,70.74747,345.0,0.38,0.36,2026-09-08,826,N21,VIIRS,n,2.0NRT,301.73,5.6,D,VIIRS_NOAA21_NRT
8.93358,77.49417,335.99,0.46,0.39,2026-09-08,822,N21,VIIRS,n,2.0NRT,304.15,3.63,D,VIIRS_NOAA21_NRT
9.04233,78.01846,339.56,0.49,0.41,2026-09-08,822,N21,VIIRS,l,2.0NRT,310.43,11.21,D,VIIRS_NOAA21_NRT
9.05442,77.6814,338.42,0.48,0.4,2026-09-08,822,N21,VIIRS,l,2.0NRT,309.31,4.97,D,VIIRS_NOAA21_NRT
9.09004,77.77312,348.41,0.48,0.4,2026-09-08,822,N21,VIIRS,n,2.0NRT,311.34,10.56,D,VIIRS_NOAA21_NRT
9.09544,77.34049,336.61,0.46,0.39,2026-09-08,822,N21,VIIRS,n,2.0NRT,304.17,5.52,D,VIIRS_NOAA21_NRT
9.27549,78.66257,338.63,0.54,0.42,2026-09-08,822,N21,VIIRS,n,2.0NRT,305.96,5.92,D,VIIRS_NOAA21_NRT
9.31614,78.72684,345.46,0.55,0.42,2026-09-08,822,N21,VIIRS,n,2.0NRT,305.14,13.24,D,VIIRS_NOAA21_NRT
9.34192,78.82452,337.52,0.55,0.43,2026-09-08,822,N21,VIIRS,n,2.0NRT,304.14,31.48,D,VIIRS_NOAA21_NRT
9.52653,77.79057,342.79,0.49,0.4,2026-09-08,822,N21,VIIRS,n,2.0NRT,309.7,14.47,D,VIIRS_NOAA21_NRT
9.53313,78.64571,346.35,0.54,0.42,2026-09-08,822,N21,VIIRS,n,2.0NRT,312.4,54.78,D,VIIRS_NOAA21_NRT
9.75825,78.38308,336.88,0.53,0.42,2026-09-08,822,N21,VIIRS,l,2.0NRT,310.77,2.91,D,VIIRS_NOAA21_NRT
9.85383,77.64912,335.9,0.48,0.4,2026-09-08,822,N21,VIIRS,l,2.0NRT,308.28,5.26,D,VIIRS_NOAA21_NRT
9.86731,78.65581,336.69,0.55,0.43,2026-09-08,822,N21,VIIRS,l,2.0NRT,306.77,3.23,D,VIIRS_NOAA21_NRT
9.96227,78.9623,336.26,0.38,0.43,2026-09-08,822,N21,VIIRS,n,2.0NRT,302.92,3.07,D,VIIRS_NOAA21_NRT
9.97272,78.71961,331.94,0.56,0.43,2026-09-08,822,N21,VIIRS,l,2.0NRT,306.26,1.96,D,VIIRS_NOAA21_NRT
16.39796,78.34895,333.49,0.43,0.46,2026-09-08,824,N21,VIIRS,n,2.0NRT,291.35,13.95,D,VIIRS_NOAA21_NRT
16.19677,75.13605,330.82,0.43,0.38,2026-09-08,824,N21,VIIRS,n,2.0NRT,297.23,3.77,D,VIIRS_NOAA21_NRT
15.27007,75.14799,331.02,0.42,0.38,2026-09-08,824,N21,VIIRS,n,2.0NRT,300.15,4.15,D,VIIRS_NOAA21_NRT
15.17756,76.67593,335.87,0.49,0.41,2026-09-08,824,N21,VIIRS,n,2.0NRT,299.14,5.45,D,VIIRS_NOAA21_NRT
11.29268,79.53696,340.47,0.43,0.46,2026-09-08,822,N21,VIIRS,n,2.0NRT,302.23,5.31,D,VIIRS_NOAA21_NRT
11.18239,77.23586,337.91,0.48,0.4,2026-09-08,822,N21,VIIRS,n,2.0NRT,305.16,7.38,D,VIIRS_NOAA21_NRT
11.17862,79.84267,336.29,0.45,0.47,2026-09-08,822,N21,VIIRS,n,2.0NRT,302.6,7.35,D,VIIRS_NOAA21_NRT
11.16188,77.30102,339.64,0.48,0.4,2026-09-08,822,N21,VIIRS,n,2.0NRT,308.34,5.8,D,VIIRS_NOAA21_NRT
11.14424,79.74757,331.38,0.45,0.47,2026-09-08,822,N21,VIIRS,l,2.0NRT,301.7,2.46,D,VIIRS_NOAA21_NRT
11.13888,79.6744,330.75,0.44,0.46,2026-09-08,822,N21,VIIRS,l,2.0NRT,302.67,1.57,D,VIIRS_NOAA21_NRT
11.12294,77.05234,343.69,0.47,0.39,2026-09-08,822,N21,VIIRS,n,2.0NRT,310.02,15.77,D,VIIRS_NOAA21_NRT
11.02627,77.50809,338.93,0.49,0.4,2026-09-08,822,N21,VIIRS,n,2.0NRT,308.69,8.94,D,VIIRS_NOAA21_NRT
10.92993,77.06577,337.44,0.46,0.39,2026-09-08,822,N21,VIIRS,n,2.0NRT,307.43,5.02,D,VIIRS_NOAA21_NRT
10.86482,77.44711,338.97,0.48,0.4,2026-09-08,822,N21,VIIRS,l,2.0NRT,311.12,4.39,D,VIIRS_NOAA21_NRT
10.80565,78.98431,346.36,0.39,0.44,2026-09-08,822,N21,VIIRS,n,2.0NRT,310.46,6.58,D,VIIRS_NOAA21_NRT
10.7879,77.37819,340.86,0.48,0.4,2026-09-08,822,N21,VIIRS,l,2.0NRT,311.05,6.51,D,VIIRS_NOAA21_NRT
10.78738,77.37723,340.07,0.48,0.4,2026-09-08,822,N21,VIIRS,l,2.0NRT,310.99,6.63,D,VIIRS_NOAA21_NRT
10.78588,78.80675,338.74,0.38,0.44,2026-09-08,822,N21,VIIRS,l,2.0NRT,309.45,1.68,D,VIIRS_NOAA21_NRT
10.75671,78.84985,335.72,0.39,0.44,2026-09-08,822,N21,VIIRS,l,2.0NRT,309.18,2.77,D,VIIRS_NOAA21_NRT
10.55847,78.78347,341.32,0.57,0.43,2026-09-08,822,N21,VIIRS,n,2.0NRT,303.61,5.9,D,VIIRS_NOAA21_NRT
10.55287,77.33337,340.8,0.47,0.4,2026-09-08,822,N21,VIIRS,l,2.0NRT,312.49,9.0,D,VIIRS_NOAA21_NRT
10.49573,78.17871,335.43,0.53,0.42,2026-09-08,822,N21,VIIRS,l,2.0NRT,309.55,5.23,D,VIIRS_NOAA21_NRT
10.43482,77.7946,341.46,0.5,0.41,2026-09-08,822,N21,VIIRS,n,2.0NRT,308.28,9.44,D,VIIRS_NOAA21_NRT
10.42648,79.25591,350.01,0.41,0.45,2026-09-08,822,N21,VIIRS,n,2.0NRT,308.23,15.53,D,VIIRS_NOAA21_NRT
10.42191,79.25281,367.0,0.41,0.45,2026-09-08,822,N21,VIIRS,h,2.0NRT,309.42,13.69,D,VIIRS_NOAA21_NRT
10.40929,79.80421,338.02,0.44,0.46,2026-09-08,822,N21,VIIRS,n,2.0NRT,304.04,3.37,D,VIIRS_NOAA21_NRT
10.27256,77.2524,341.4,0.47,0.39,2026-09-08,822,N21,VIIRS,l,2.0NRT,315.02,16.81,D,VIIRS_NOAA21_NRT
10.23821,79.09862,344.63,0.39,0.44,2026-09-08,822,N21,VIIRS,n,2.0NRT,309.9,10.75,D,VIIRS_NOAA21_NRT
10.17314,78.80556,332.18,0.57,0.43,2026-09-08,822,N21,VIIRS,l,2.0NRT,305.28,3.25,D,VIIRS_NOAA21_NRT
11.29362,79.53706,336.2,0.43,0.46,2026-09-08,822,N21,VIIRS,n,2.0NRT,301.32,5.37,D,VIIRS_NOAA21_NRT
8.88382,77.79616,336.88,0.48,0.4,2026-09-08,822,N21,VIIRS,l,2.0NRT,310.04,4.84,D,VIIRS_NOAA21_NRT
11.44426,79.2206,330.32,0.42,0.45,2026-09-08,822,N21,VIIRS,l,2.0NRT,301.33,2.6,D,VIIRS_NOAA21_NRT
11.47736,78.03462,338.17,0.53,0.42,2026-09-08,822,N21,VIIRS,n,2.0NRT,306.83,7.99,D,VIIRS_NOAA21_NRT
15.17509,76.65768,331.27,0.49,0.4,2026-09-08,824,N21,VIIRS,n,2.0NRT,296.83,3.97,D,VIIRS_NOAA21_NRT
14.9011,76.80833,338.46,0.5,0.41,2026-09-08,824,N21,VIIRS,n,2.0NRT,304.26,9.15,D,VIIRS_NOAA21_NRT
14.71398,75.90421,341.75,0.45,0.39,2026-09-08,824,N21,VIIRS,n,2.0NRT,301.66,4.12,D,VIIRS_NOAA21_NRT
14.61038,79.57807,332.01,0.48,0.48,2026-09-08,824,N21,VIIRS,n,2.0NRT,298.28,3.66,D,VIIRS_NOAA21_NRT
14.53657,79.06839,367.0,0.45,0.47,2026-09-08,824,N21,VIIRS,h,2.0NRT,304.9,41.2,D,VIIRS_NOAA21_NRT
14.45216,79.08225,331.66,0.45,0.47,2026-09-08,824,N21,VIIRS,l,2.0NRT,301.84,1.77,D,VIIRS_NOAA21_NRT
14.36157,78.77882,333.15,0.43,0.46,2026-09-08,824,N21,VIIRS,l,2.0NRT,303.57,3.1,D,VIIRS_NOAA21_NRT
14.35181,79.77394,331.42,0.5,0.49,2026-09-08,824,N21,VIIRS,n,2.0NRT,300.25,5.07,D,VIIRS_NOAA21_NRT
14.21133,79.1557,335.5,0.45,0.47,2026-09-08,824,N21,VIIRS,n,2.0NRT,302.15,5.96,D,VIIRS_NOAA21_NRT
14.1913,78.70552,337.8,0.42,0.45,2026-09-08,824,N21,VIIRS,n,2.0NRT,304.64,4.35,D,VIIRS_NOAA21_NRT
14.18716,78.70611,342.37,0.42,0.45,2026-09-08,824,N21,VIIRS,n,2.0NRT,303.51,2.16,D,VIIRS_NOAA21_NRT
14.05006,77.53891,332.19,0.53,0.42,2026-09-08,824,N21,VIIRS,n,2.0NRT,301.96,7.04,D,VIIRS_NOAA21_NRT
14.04906,77.54129,331.43,0.53,0.42,2026-09-08,824,N21,VIIRS,l,2.0NRT,301.51,3.87,D,VIIRS_NOAA21_NRT
14.04394,77.44282,340.46,0.53,0.42,2026-09-08,824,N21,VIIRS,n,2.0NRT,305.77,12.21,D,VIIRS_NOAA21_NRT
13.99043,77.50262,338.3,0.53,0.42,2026-09-08,824,N21,VIIRS,n,2.0NRT,306.1,4.89,D,VIIRS_NOAA21_NRT
13.97903,77.95586,338.88,0.56,0.43,2026-09-08,824,N21,VIIRS,n,2.0NRT,307.37,17.1,D,VIIRS_NOAA21_NRT
13.83928,77.07301,341.14,0.5,0.41,2026-09-08,824,N21,VIIRS,n,2.0NRT,302.19,7.41,D,VIIRS_NOAA21_NRT
13.73269,76.40993,338.63,0.46,0.39,2026-09-08,824,N21,VIIRS,n,2.0NRT,306.36,5.03,D,VIIRS_NOAA21_NRT
13.38639,78.22185,341.05,0.38,0.43,2026-09-08,824,N21,VIIRS,n,2.0NRT,306.3,3.35,D,VIIRS_NOAA21_NRT
12.71969,79.77961,333.09,0.47,0.48,2026-09-08,824,N21,VIIRS,l,2.0NRT,305.08,6.31,D,VIIRS_NOAA21_NRT
12.53124,78.209,333.37,0.56,0.43,2026-09-08,824,N21,VIIRS,l,2.0NRT,307.81,3.75,D,VIIRS_NOAA21_NRT
12.47741,78.93455,342.01,0.41,0.45,2026-09-08,824,N21,VIIRS,n,2.0NRT,301.35,16.2,D,VIIRS_NOAA21_NRT
12.09626,77.0597,348.73,0.48,0.4,2026-09-08,822,N21,VIIRS,n,2.0NRT,316.96,20.08,D,VIIRS_NOAA21_NRT
11.999,79.72091,332.98,0.46,0.47,2026-09-08,822,N21,VIIRS,l,2.0NRT,303.48,4.93,D,VIIRS_NOAA21_NRT
11.70611,78.73426,337.6,0.39,0.44,2026-09-08,822,N21,VIIRS,n,2.0NRT,309.21,3.05,D,VIIRS_NOAA21_NRT
11.46137,79.28418,332.24,0.42,0.45,2026-09-08,822,N21,VIIRS,l,2.0NRT,304.44,3.45,D,VIIRS_NOAA21_NRT
10.04153,78.05537,338.27,0.51,0.41,2026-09-08,822,N21,VIIRS,n,2.0NRT,307.97,2.16,D,VIIRS_NOAA21_NRT
8.86913,78.08589,343.59,0.5,0.41,2026-09-08,822,N21,VIIRS,l,2.0NRT,314.46,13.19,D,VIIRS_NOAA21_NRT
8.86478,78.08195,343.18,0.5,0.41,2026-09-08,822,N21,VIIRS,n,2.0NRT,312.93,13.19,D,VIIRS_NOAA21_NRT
22.37533,87.27926,331.53,0.34,0.56,2026-09-08,646,N21,VIIRS,n,2.0NRT,290.29,6.75,D,VIIRS_NOAA21_NRT
27.32665,95.2774,332.03,0.38,0.36,2026-09-08,646,N21,VIIRS,n,2.0NRT,295.08,1.83,D,VIIRS_NOAA21_NRT
27.94668,95.25527,342.42,0.38,0.36,2026-09-08,646,N21,VIIRS,n,2.0NRT,297.97,6.59,D,VIIRS_NOAA21_NRT
27.94996,95.25465,330.52,0.38,0.36,2026-09-08,646,N21,VIIRS,n,2.0NRT,296.35,2.49,D,VIIRS_NOAA21_NRT
28.01318,96.66594,333.36,0.4,0.37,2026-09-08,646,N21,VIIRS,n,2.0NRT,297.95,12.3,D,VIIRS_NOAA21_NRT
28.01491,96.65388,329.84,0.4,0.37,2026-09-08,646,N21,VIIRS,n,2.0NRT,295.39,3.61,D,VIIRS_NOAA21_NRT
28.02114,96.64943,332.61,0.4,0.37,2026-09-08,646,N21,VIIRS,n,2.0NRT,297.6,4.96,D,VIIRS_NOAA21_NRT
28.11007,95.48288,336.75,0.39,0.36,2026-09-08,646,N21,VIIRS,n,2.0NRT,297.17,5.47,D,VIIRS_NOAA21_NRT
28.29347,96.58476,330.4,0.4,0.37,2026-09-08,646,N21,VIIRS,n,2.0NRT,291.44,2.65,D,VIIRS_NOAA21_NRT
8.58827,78.13114,338.22,0.5,0.41,2026-09-08,822,N21,VIIRS,n,2.0NRT,305.91,6.7,D,VIIRS_NOAA21_NRT
8.60539,77.96745,340.75,0.49,0.4,2026-09-08,822,N21,VIIRS,n,2.0NRT,309.4,22.28,D,VIIRS_NOAA21_NRT
8.73366,77.81716,339.76,0.48,0.4,2026-09-08,822,N21,VIIRS,l,2.0NRT,309.85,6.88,D,VIIRS_NOAA21_NRT
8.73731,77.81662,338.94,0.48,0.4,2026-09-08,822,N21,VIIRS,n,2.0NRT,308.82,6.88,D,VIIRS_NOAA21_NRT
8.84915,77.81451,337.79,0.48,0.4,2026-09-08,822,N21,VIIRS,l,2.0NRT,309.67,6.21,D,VIIRS_NOAA21_NRT
8.35129,77.57536,337.99,0.46,0.39,2026-09-08,822,N21,VIIRS,l,2.0NRT,308.27,7.94,D,VIIRS_NOAA21_NRT
