latitude,longitude,bright_ti4,scan,track,acq_date,acq_time,satellite,instrument,confidence,version,bright_ti5,frp,daynight,firms_source
21.10571,72.64698,342.07,0.41,0.37,2026-10-08,820,N20,VIIRS,n,2.0NRT,315.11,30.21,D,VIIRS_NOAA20_NRT
14.33957,78.99438,367.0,0.4,0.6,2026-10-08,720,N21,VIIRS,h,2.0NRT,296.22,22.75,D,VIIRS_NOAA21_NRT
17.18871,76.7673,340.96,0.39,0.37,2026-10-08,818,N20,VIIRS,n,2.0NRT,307.31,22.24,D,VIIRS_NOAA20_NRT
14.34071,78.99574,348.41,0.49,0.41,2026-10-08,758,N,VIIRS,n,2.0NRT,300.26,21.8,D,VIIRS_SNPP_NRT
21.1027,72.63417,339.73,0.75,0.77,2026-10-08,724,N21,VIIRS,n,2.0NRT,297.3,20.46,D,VIIRS_NOAA21_NRT
21.19232,71.89432,335.33,0.43,0.38,2026-10-08,820,N20,VIIRS,l,2.0NRT,306.6,20.15,D,VIIRS_NOAA20_NRT
21.1958,71.89365,343.41,0.43,0.38,2026-10-08,820,N20,VIIRS,n,2.0NRT,306.33,20.15,D,VIIRS_NOAA20_NRT
21.21846,71.95409,356.36,0.43,0.38,2026-10-08,820,N20,VIIRS,l,2.0NRT,307.59,17.96,D,VIIRS_NOAA20_NRT
21.10626,72.64507,346.17,0.61,0.53,2026-10-08,801,N,VIIRS,n,2.0NRT,304.91,14.54,D,VIIRS_SNPP_NRT
14.20309,80.08953,334.76,0.44,0.38,2026-10-08,758,N,VIIRS,n,2.0NRT,303.97,14.05,D,VIIRS_SNPP_NRT
14.34088,78.99617,350.94,0.44,0.39,2026-10-08,818,N20,VIIRS,n,2.0NRT,305.19,14.04,D,VIIRS_NOAA20_NRT
21.23543,81.41031,354.91,0.48,0.48,2026-10-08,820,N20,VIIRS,n,2.0NRT,304.56,13.52,D,VIIRS_NOAA20_NRT
20.97075,85.17619,346.44,0.42,0.37,2026-10-08,722,N21,VIIRS,n,2.0NRT,303.81,13.09,D,VIIRS_NOAA21_NRT
14.15736,80.10336,339.74,0.5,0.41,2026-10-08,818,N20,VIIRS,n,2.0NRT,304.4,12.83,D,VIIRS_NOAA20_NRT
23.77308,68.81184,338.33,0.53,0.5,2026-10-08,905,N21,VIIRS,n,2.0NRT,310.56,12.32,D,VIIRS_NOAA21_NRT
23.77363,68.81704,342.32,0.53,0.5,2026-10-08,905,N21,VIIRS,n,2.0NRT,310.18,12.32,D,VIIRS_NOAA21_NRT
11.68167,79.03643,367.0,0.45,0.63,2026-10-08,720,N21,VIIRS,h,2.0NRT,290.97,11.96,D,VIIRS_NOAA21_NRT
23.89048,71.2066,345.37,0.43,0.38,2026-10-08,820,N20,VIIRS,n,2.0NRT,310.57,11.89,D,VIIRS_NOAA20_NRT
23.89395,71.20589,352.7,0.43,0.38,2026-10-08,820,N20,VIIRS,n,2.0NRT,311.0,11.89,D,VIIRS_NOAA20_NRT
19.12465,75.66096,342.51,0.43,0.46,2026-10-08,801,N,VIIRS,n,2.0NRT,306.32,11.67,D,VIIRS_SNPP_NRT
20.96627,86.01536,337.54,0.55,0.42,2026-10-08,801,N,VIIRS,n,2.0NRT,301.7,11.28,D,VIIRS_SNPP_NRT
15.56939,77.86485,339.66,0.41,0.37,2026-10-08,818,N20,VIIRS,n,2.0NRT,307.98,11.01,D,VIIRS_NOAA20_NRT
15.12224,79.61401,337.86,0.48,0.4,2026-10-08,818,N20,VIIRS,n,2.0NRT,302.15,10.94,D,VIIRS_NOAA20_NRT
20.96258,86.00644,339.17,0.4,0.37,2026-10-08,722,N21,VIIRS,n,2.0NRT,300.97,10.41,D,VIIRS_NOAA21_NRT
24.99002,77.13029,345.61,0.47,0.39,2026-10-08,820,N20,VIIRS,n,2.0NRT,310.09,10.36,D,VIIRS_NOAA20_NRT
20.78381,85.26084,338.2,0.5,0.41,2026-10-08,801,N,VIIRS,n,2.0NRT,302.4,10.15,D,VIIRS_SNPP_NRT
24.99052,77.12925,341.19,0.45,0.39,2026-10-08,801,N,VIIRS,n,2.0NRT,309.36,10.02,D,VIIRS_SNPP_NRT
24.8908,76.84576,347.18,0.45,0.39,2026-10-08,820,N20,VIIRS,n,2.0NRT,312.0,9.92,D,VIIRS_NOAA20_NRT
22.55524,77.23544,347.81,0.36,0.57,2026-10-08,724,N21,VIIRS,n,2.0NRT,305.07,9.87,D,VIIRS_NOAA21_NRT
16.52321,78.68121,340.06,0.45,0.39,2026-10-08,818,N20,VIIRS,n,2.0NRT,307.26,9.87,D,VIIRS_NOAA20_NRT
13.872,80.21893,338.06,0.5,0.41,2026-10-08,816,N20,VIIRS,n,2.0NRT,304.17,9.8,D,VIIRS_NOAA20_NRT
27.61064,96.30098,343.26,0.4,0.6,2026-10-08,724,N21,VIIRS,n,2.0NRT,293.2,9.56,D,VIIRS_NOAA21_NRT
21.92116,83.35207,336.01,0.48,0.4,2026-10-08,722,N21,VIIRS,n,2.0NRT,304.52,9.54,D,VIIRS_NOAA21_NRT
25.97149,75.18304,350.28,0.41,0.6,2026-10-08,724,N21,VIIRS,n,2.0NRT,306.0,9.35,D,VIIRS_NOAA21_NRT
12.51271,76.93067,337.36,0.6,0.7,2026-10-08,720,N21,VIIRS,n,2.0NRT,291.17,9.29,D,VIIRS_NOAA21_NRT
27.66547,96.28793,338.26,0.41,0.37,2026-10-08,640,N20,VIIRS,n,2.0NRT,297.66,9.14,D,VIIRS_NOAA20_NRT
27.66448,96.28786,333.69,0.41,0.37,2026-10-08,640,N20,VIIRS,n,2.0NRT,298.51,8.98,D,VIIRS_NOAA20_NRT
20.95005,86.04453,344.12,0.55,0.43,2026-10-08,801,N,VIIRS,n,2.0NRT,298.93,8.57,D,VIIRS_SNPP_NRT
17.59289,82.78548,351.81,0.39,0.36,2026-10-08,758,N,VIIRS,n,2.0NRT,301.59,8.4,D,VIIRS_SNPP_NRT
21.1004,72.63587,345.33,0.41,0.37,2026-10-08,820,N20,VIIRS,n,2.0NRT,308.22,8.35,D,VIIRS_NOAA20_NRT
22.3579,82.30314,335.73,0.57,0.52,2026-10-08,820,N20,VIIRS,n,2.0NRT,301.57,8.28,D,VIIRS_NOAA20_NRT
28.0634,72.60036,342.5,0.45,0.47,2026-10-08,803,N,VIIRS,n,2.0NRT,312.28,8.2,D,VIIRS_SNPP_NRT
21.23421,81.40779,335.15,0.48,0.48,2026-10-08,820,N20,VIIRS,n,2.0NRT,304.75,8.18,D,VIIRS_NOAA20_NRT
21.23472,81.41249,340.62,0.49,0.48,2026-10-08,820,N20,VIIRS,n,2.0NRT,302.13,8.18,D,VIIRS_NOAA20_NRT
20.96811,86.0159,338.94,0.48,0.65,2026-10-08,818,N20,VIIRS,n,2.0NRT,293.6,7.98,D,VIIRS_NOAA20_NRT
21.92096,83.34953,338.76,0.48,0.4,2026-10-08,722,N21,VIIRS,n,2.0NRT,305.36,7.96,D,VIIRS_NOAA21_NRT
18.86817,78.25858,337.14,0.47,0.4,2026-10-08,758,N,VIIRS,n,2.0NRT,307.16,7.95,D,VIIRS_SNPP_NRT
21.10384,72.64342,333.1,0.44,0.62,2026-10-08,905,N21,VIIRS,n,2.0NRT,300.77,7.89,D,VIIRS_NOAA21_NRT
13.89953,79.70377,347.62,0.37,0.58,2026-10-08,720,N21,VIIRS,n,2.0NRT,294.74,7.81,D,VIIRS_NOAA21_NRT
23.24039,69.57374,342.46,0.59,0.53,2026-10-08,905,N21,VIIRS,n,2.0NRT,309.69,7.81,D,VIIRS_NOAA21_NRT
24.8988,76.84802,336.4,0.46,0.39,2026-10-08,801,N,VIIRS,l,2.0NRT,309.73,7.79,D,VIIRS_SNPP_NRT
16.89883,79.16354,338.91,0.48,0.4,2026-10-08,818,N20,VIIRS,l,2.0NRT,309.5,7.74,D,VIIRS_NOAA20_NRT
22.19164,75.44495,344.53,0.39,0.36,2026-10-08,820,N20,VIIRS,n,2.0NRT,314.06,7.72,D,VIIRS_NOAA20_NRT
24.89365,76.83977,341.69,0.46,0.39,2026-10-08,801,N,VIIRS,n,2.0NRT,310.6,7.72,D,VIIRS_SNPP_NRT
21.10422,72.64764,339.02,0.44,0.62,2026-10-08,905,N21,VIIRS,n,2.0NRT,302.27,7.7,D,VIIRS_NOAA21_NRT
22.19498,75.44607,337.9,0.69,0.74,2026-10-08,905,N21,VIIRS,n,2.0NRT,302.28,7.66,D,VIIRS_NOAA21_NRT
22.05233,88.12615,338.32,0.39,0.36,2026-10-08,722,N21,VIIRS,n,2.0NRT,302.62,7.62,D,VIIRS_NOAA21_NRT
21.21499,71.95475,355.42,0.43,0.38,2026-10-08,820,N20,VIIRS,l,2.0NRT,306.64,7.62,D,VIIRS_NOAA20_NRT
21.21569,71.95885,335.11,0.43,0.38,2026-10-08,820,N20,VIIRS,l,2.0NRT,306.14,7.62,D,VIIRS_NOAA20_NRT
25.9612,75.46159,350.72,0.39,0.59,2026-10-08,724,N21,VIIRS,n,2.0NRT,306.41,7.61,D,VIIRS_NOAA21_NRT
14.51125,79.6978,337.94,0.46,0.39,2026-10-08,758,N,VIIRS,n,2.0NRT,301.84,7.49,D,VIIRS_SNPP_NRT
26.30587,71.10632,356.52,0.41,0.37,2026-10-08,820,N20,VIIRS,l,2.0NRT,314.76,7.38,D,VIIRS_NOAA20_NRT
26.30655,71.11044,356.59,0.41,0.37,2026-10-08,820,N20,VIIRS,l,2.0NRT,314.01,7.38,D,VIIRS_NOAA20_NRT
20.97883,85.1339,331.15,0.49,0.4,2026-10-08,801,N,VIIRS,l,2.0NRT,303.0,7.36,D,VIIRS_SNPP_NRT
21.08158,85.03693,334.04,0.42,0.38,2026-10-08,722,N21,VIIRS,n,2.0NRT,303.97,7.11,D,VIIRS_NOAA21_NRT
26.30313,71.08989,352.4,0.41,0.37,2026-10-08,820,N20,VIIRS,n,2.0NRT,314.46,7.11,D,VIIRS_NOAA20_NRT
18.8444,78.19223,367.0,0.37,0.58,2026-10-08,722,N21,VIIRS,h,2.0NRT,299.08,7.08,D,VIIRS_NOAA21_NRT
23.78111,86.2093,334.19,0.39,0.36,2026-10-08,724,N21,VIIRS,n,2.0NRT,299.01,7.08,D,VIIRS_NOAA21_NRT
23.24119,69.57566,343.39,0.59,0.52,2026-10-08,905,N21,VIIRS,n,2.0NRT,309.31,7.06,D,VIIRS_NOAA21_NRT
20.96329,85.17352,336.52,0.42,0.37,2026-10-08,722,N21,VIIRS,n,2.0NRT,301.96,7.05,D,VIIRS_NOAA21_NRT
15.70127,78.09598,332.78,0.43,0.62,2026-10-08,722,N21,VIIRS,n,2.0NRT,300.84,7.02,D,VIIRS_NOAA21_NRT
23.77862,86.39047,340.22,0.38,0.36,2026-10-08,724,N21,VIIRS,n,2.0NRT,301.39,7.0,D,VIIRS_NOAA21_NRT
28.0086,77.76184,345.17,0.54,0.42,2026-10-08,822,N20,VIIRS,n,2.0NRT,302.55,7.0,D,VIIRS_NOAA20_NRT
20.96703,85.16782,329.78,0.49,0.41,2026-10-08,801,N,VIIRS,l,2.0NRT,302.09,7.0,D,VIIRS_SNPP_NRT
14.64601,79.66768,336.26,0.45,0.39,2026-10-08,758,N,VIIRS,n,2.0NRT,300.68,6.92,D,VIIRS_SNPP_NRT
17.06653,79.47192,367.0,0.33,0.55,2026-10-08,722,N21,VIIRS,h,2.0NRT,301.82,6.88,D,VIIRS_NOAA21_NRT
28.0079,77.76437,340.82,0.54,0.42,2026-10-08,822,N20,VIIRS,n,2.0NRT,301.97,6.82,D,VIIRS_NOAA20_NRT
20.9653,86.01694,331.03,0.48,0.65,2026-10-08,818,N20,VIIRS,n,2.0NRT,293.52,6.79,D,VIIRS_NOAA20_NRT
22.84736,69.76855,341.26,0.6,0.53,2026-10-08,905,N21,VIIRS,n,2.0NRT,305.18,6.76,D,VIIRS_NOAA21_NRT
15.86666,78.5023,340.08,0.44,0.38,2026-10-08,818,N20,VIIRS,n,2.0NRT,307.76,6.74,D,VIIRS_NOAA20_NRT
21.23399,79.63118,336.53,0.4,0.37,2026-10-08,801,N,VIIRS,l,2.0NRT,309.5,6.67,D,VIIRS_SNPP_NRT
15.54113,79.6535,338.84,0.45,0.39,2026-10-08,758,N,VIIRS,n,2.0NRT,301.11,6.62,D,VIIRS_SNPP_NRT
23.77971,86.20905,325.83,0.53,0.67,2026-10-08,820,N20,VIIRS,n,2.0NRT,290.34,6.59,D,VIIRS_NOAA20_NRT
18.84382,78.19179,349.8,0.37,0.58,2026-10-08,722,N21,VIIRS,n,2.0NRT,298.59,6.53,D,VIIRS_NOAA21_NRT
13.8728,80.21553,341.92,0.5,0.41,2026-10-08,816,N20,VIIRS,n,2.0NRT,305.49,6.53,D,VIIRS_NOAA20_NRT
23.77219,68.81365,338.43,0.56,0.43,2026-10-08,820,N20,VIIRS,n,2.0NRT,311.29,6.5,D,VIIRS_NOAA20_NRT
18.83755,77.49179,344.54,0.51,0.41,2026-10-08,758,N,VIIRS,n,2.0NRT,308.51,6.5,D,VIIRS_SNPP_NRT
15.46964,78.53142,337.64,0.43,0.38,2026-10-08,818,N20,VIIRS,n,2.0NRT,303.96,6.43,D,VIIRS_NOAA20_NRT
19.86744,83.45676,334.03,0.41,0.37,2026-10-08,758,N,VIIRS,n,2.0NRT,300.63,6.43,D,VIIRS_SNPP_NRT
22.5413,76.90157,336.55,0.43,0.38,2026-10-08,820,N20,VIIRS,l,2.0NRT,310.41,6.4,D,VIIRS_NOAA20_NRT
15.77177,75.69209,346.75,0.38,0.36,2026-10-08,818,N20,VIIRS,n,2.0NRT,311.59,6.38,D,VIIRS_NOAA20_NRT
15.5532,75.38562,331.54,0.52,0.5,2026-10-08,758,N,VIIRS,l,2.0NRT,304.11,6.37,D,VIIRS_SNPP_NRT
28.0646,72.59937,333.12,0.52,0.67,2026-10-08,726,N21,VIIRS,l,2.0NRT,305.52,6.35,D,VIIRS_NOAA21_NRT
20.95073,86.04984,332.23,0.55,0.43,2026-10-08,801,N,VIIRS,n,2.0NRT,299.58,6.35,D,VIIRS_SNPP_NRT
27.72927,96.25155,337.92,0.4,0.6,2026-10-08,724,N21,VIIRS,n,2.0NRT,294.95,6.32,D,VIIRS_NOAA21_NRT
15.22612,78.60056,333.82,0.5,0.41,2026-10-08,758,N,VIIRS,n,2.0NRT,298.12,6.32,D,VIIRS_SNPP_NRT
25.17683,76.30846,347.1,0.43,0.38,2026-10-08,820,N20,VIIRS,n,2.0NRT,313.23,6.31,D,VIIRS_NOAA20_NRT
23.77951,86.211,344.48,0.4,0.45,2026-10-08,801,N,VIIRS,n,2.0NRT,297.79,6.29,D,VIIRS_SNPP_NRT
16.36213,73.54802,337.23,0.42,0.38,2026-10-08,818,N20,VIIRS,n,2.0NRT,304.48,6.23,D,VIIRS_NOAA20_NRT
21.10379,72.63524,337.8,0.41,0.37,2026-10-08,820,N20,VIIRS,n,2.0NRT,307.58,6.23,D,VIIRS_NOAA20_NRT
13.98606,80.05667,339.04,0.49,0.4,2026-10-08,816,N20,VIIRS,n,2.0NRT,303.16,6.2,D,VIIRS_NOAA20_NRT
21.7464,83.84195,331.84,0.46,0.39,2026-10-08,722,N21,VIIRS,l,2.0NRT,304.72,6.15,D,VIIRS_NOAA21_NRT
22.53853,76.89524,341.45,0.49,0.4,2026-10-08,801,N,VIIRS,n,2.0NRT,306.45,6.14,D,VIIRS_SNPP_NRT
21.76212,83.84783,332.06,0.46,0.39,2026-10-08,722,N21,VIIRS,l,2.0NRT,303.98,6.12,D,VIIRS_NOAA21_NRT
22.78167,77.2028,335.7,0.47,0.4,2026-10-08,801,N,VIIRS,l,2.0NRT,309.56,6.11,D,VIIRS_SNPP_NRT
14.63638,78.11217,334.14,0.41,0.37,2026-10-08,818,N20,VIIRS,l,2.0NRT,304.2,6.08,D,VIIRS_NOAA20_NRT
31.15805,74.57412,333.87,0.42,0.38,2026-10-08,822,N20,VIIRS,n,2.0NRT,296.38,6.08,D,VIIRS_NOAA20_NRT
27.86844,77.56698,340.26,0.53,0.42,2026-10-08,822,N20,VIIRS,n,2.0NRT,304.83,6.06,D,VIIRS_NOAA20_NRT
12.07452,79.17736,341.25,0.43,0.62,2026-10-08,720,N21,VIIRS,n,2.0NRT,291.05,5.97,D,VIIRS_NOAA21_NRT
26.17334,71.21757,340.08,0.41,0.37,2026-10-08,820,N20,VIIRS,l,2.0NRT,313.56,5.97,D,VIIRS_NOAA20_NRT
20.76127,85.29667,330.2,0.5,0.41,2026-10-08,801,N,VIIRS,l,2.0NRT,301.68,5.97,D,VIIRS_SNPP_NRT
24.89793,76.84463,337.98,0.45,0.39,2026-10-08,820,N20,VIIRS,l,2.0NRT,310.79,5.93,D,VIIRS_NOAA20_NRT
29.36761,75.81517,345.06,0.45,0.39,2026-10-08,822,N20,VIIRS,n,2.0NRT,301.84,5.91,D,VIIRS_NOAA20_NRT
23.73774,86.43246,341.06,0.38,0.36,2026-10-08,724,N21,VIIRS,n,2.0NRT,299.96,5.84,D,VIIRS_NOAA21_NRT
11.699,78.76912,335.87,0.41,0.37,2026-10-08,816,N20,VIIRS,n,2.0NRT,300.89,5.83,D,VIIRS_NOAA20_NRT
21.21372,71.95818,335.55,0.43,0.38,2026-10-08,820,N20,VIIRS,l,2.0NRT,305.74,5.81,D,VIIRS_NOAA20_NRT
20.96766,85.17256,336.07,0.49,0.41,2026-10-08,801,N,VIIRS,n,2.0NRT,301.53,5.78,D,VIIRS_SNPP_NRT
20.96829,85.1773,330.79,0.49,0.41,2026-10-08,801,N,VIIRS,n,2.0NRT,299.86,5.78,D,VIIRS_SNPP_NRT
23.64945,85.43766,336.95,0.39,0.36,2026-10-08,724,N21,VIIRS,n,2.0NRT,298.36,5.7,D,VIIRS_NOAA21_NRT
26.28818,71.08452,345.41,0.41,0.37,2026-10-08,820,N20,VIIRS,n,2.0NRT,313.63,5.7,D,VIIRS_NOAA20_NRT
24.6143,76.76461,336.89,0.47,0.39,2026-10-08,801,N,VIIRS,l,2.0NRT,307.89,5.7,D,VIIRS_SNPP_NRT
26.17069,71.28537,350.59,0.41,0.37,2026-10-08,820,N20,VIIRS,n,2.0NRT,314.08,5.62,D,VIIRS_NOAA20_NRT
12.07208,79.17448,336.14,0.43,0.62,2026-10-08,720,N21,VIIRS,n,2.0NRT,291.17,5.57,D,VIIRS_NOAA21_NRT
16.12901,80.1554,337.56,0.53,0.42,2026-10-08,818,N20,VIIRS,n,2.0NRT,301.14,5.57,D,VIIRS_NOAA20_NRT
25.07847,76.28911,344.7,0.36,0.58,2026-10-08,724,N21,VIIRS,n,2.0NRT,305.85,5.55,D,VIIRS_NOAA21_NRT
20.88614,84.98267,331.96,0.42,0.38,2026-10-08,722,N21,VIIRS,l,2.0NRT,302.25,5.53,D,VIIRS_NOAA21_NRT
15.91977,78.49097,336.99,0.44,0.38,2026-10-08,818,N20,VIIRS,l,2.0NRT,307.21,5.52,D,VIIRS_NOAA20_NRT
20.86427,84.99102,341.41,0.41,0.61,2026-10-08,818,N20,VIIRS,n,2.0NRT,296.24,5.5,D,VIIRS_NOAA20_NRT
22.37749,87.27764,331.91,0.45,0.47,2026-10-08,801,N,VIIRS,n,2.0NRT,295.68,5.5,D,VIIRS_SNPP_NRT
16.14313,78.29359,343.21,0.41,0.61,2026-10-08,722,N21,VIIRS,n,2.0NRT,299.05,5.43,D,VIIRS_NOAA21_NRT
21.08092,85.03294,336.87,0.42,0.38,2026-10-08,722,N21,VIIRS,n,2.0NRT,302.51,5.43,D,VIIRS_NOAA21_NRT
23.12833,75.09306,334.61,0.48,0.64,2026-10-08,724,N21,VIIRS,n,2.0NRT,300.66,5.43,D,VIIRS_NOAA21_NRT
27.61529,96.28906,350.69,0.4,0.6,2026-10-08,724,N21,VIIRS,n,2.0NRT,293.58,5.39,D,VIIRS_NOAA21_NRT
21.15782,76.03259,338.85,0.4,0.37,2026-10-08,820,N20,VIIRS,n,2.0NRT,308.76,5.38,D,VIIRS_NOAA20_NRT
19.39572,76.13576,346.53,0.39,0.36,2026-10-08,818,N20,VIIRS,n,2.0NRT,307.7,5.36,D,VIIRS_NOAA20_NRT
12.14272,79.86363,339.52,0.46,0.39,2026-10-08,816,N20,VIIRS,n,2.0NRT,299.2,5.34,D,VIIRS_NOAA20_NRT
18.90485,77.90192,342.8,0.44,0.38,2026-10-08,818,N20,VIIRS,n,2.0NRT,307.35,5.34,D,VIIRS_NOAA20_NRT
13.39217,80.10206,334.24,0.45,0.39,2026-10-08,758,N,VIIRS,l,2.0NRT,303.2,5.33,D,VIIRS_SNPP_NRT
20.96712,86.01335,333.19,0.4,0.37,2026-10-08,722,N21,VIIRS,n,2.0NRT,301.52,5.32,D,VIIRS_NOAA21_NRT
19.9255,74.86707,333.95,0.38,0.36,2026-10-08,820,N20,VIIRS,l,2.0NRT,307.07,5.29,D,VIIRS_NOAA20_NRT
21.07771,85.03539,337.13,0.49,0.4,2026-10-08,801,N,VIIRS,n,2.0NRT,305.17,5.28,D,VIIRS_SNPP_NRT
21.07831,85.04008,332.96,0.49,0.4,2026-10-08,801,N,VIIRS,n,2.0NRT,302.91,5.28,D,VIIRS_SNPP_NRT
21.08142,85.03484,342.54,0.49,0.4,2026-10-08,801,N,VIIRS,n,2.0NRT,302.64,5.28,D,VIIRS_SNPP_NRT
23.73851,86.43465,340.23,0.42,0.45,2026-10-08,801,N,VIIRS,n,2.0NRT,296.57,5.28,D,VIIRS_SNPP_NRT
18.87411,78.27116,330.73,0.47,0.4,2026-10-08,758,N,VIIRS,l,2.0NRT,302.31,5.23,D,VIIRS_SNPP_NRT
21.24904,79.20914,337.06,0.41,0.37,2026-10-08,801,N,VIIRS,n,2.0NRT,308.36,5.22,D,VIIRS_SNPP_NRT
16.62538,80.19697,338.17,0.42,0.37,2026-10-08,758,N,VIIRS,n,2.0NRT,307.55,5.2,D,VIIRS_SNPP_NRT
10.52356,77.81869,330.85,0.57,0.69,2026-10-08,720,N21,VIIRS,n,2.0NRT,289.96,5.16,D,VIIRS_NOAA21_NRT
20.96833,86.02087,334.33,0.4,0.37,2026-10-08,722,N21,VIIRS,n,2.0NRT,302.01,5.16,D,VIIRS_NOAA21_NRT
22.76653,75.34298,342.09,0.39,0.36,2026-10-08,820,N20,VIIRS,n,2.0NRT,311.48,5.11,D,VIIRS_NOAA20_NRT
23.55351,87.2409,332.18,0.39,0.36,2026-10-08,722,N21,VIIRS,n,2.0NRT,295.89,5.1,D,VIIRS_NOAA21_NRT
23.55681,87.24032,333.75,0.39,0.36,2026-10-08,722,N21,VIIRS,n,2.0NRT,295.19,5.1,D,VIIRS_NOAA21_NRT
21.2491,79.21143,334.66,0.54,0.42,2026-10-08,820,N20,VIIRS,l,2.0NRT,308.5,5.1,D,VIIRS_NOAA20_NRT
25.29674,83.1515,341.36,0.44,0.39,2026-10-08,724,N21,VIIRS,n,2.0NRT,294.72,5.09,D,VIIRS_NOAA21_NRT
24.59052,76.61587,337.13,0.44,0.38,2026-10-08,820,N20,VIIRS,l,2.0NRT,311.73,5.08,D,VIIRS_NOAA20_NRT
23.56011,87.23974,339.7,0.39,0.36,2026-10-08,722,N21,VIIRS,n,2.0NRT,295.69,5.06,D,VIIRS_NOAA21_NRT
15.22443,76.76488,344.61,0.39,0.36,2026-10-08,818,N20,VIIRS,n,2.0NRT,306.76,5.06,D,VIIRS_NOAA20_NRT
14.49701,77.4768,330.88,0.77,0.77,2026-10-08,902,N21,VIIRS,n,2.0NRT,288.02,5.05,D,VIIRS_NOAA21_NRT
20.94913,86.04722,334.32,0.39,0.37,2026-10-08,722,N21,VIIRS,n,2.0NRT,300.51,5.03,D,VIIRS_NOAA21_NRT
22.60881,75.21506,339.26,0.39,0.36,2026-10-08,820,N20,VIIRS,l,2.0NRT,309.96,5.02,D,VIIRS_NOAA20_NRT
17.61049,83.2033,338.32,0.39,0.36,2026-10-08,758,N,VIIRS,n,2.0NRT,301.77,5.0,D,VIIRS_SNPP_NRT
22.03994,83.72912,332.61,0.46,0.39,2026-10-08,722,N21,VIIRS,l,2.0NRT,304.5,4.97,D,VIIRS_NOAA21_NRT
12.1425,79.86192,346.36,0.48,0.4,2026-10-08,758,N,VIIRS,n,2.0NRT,298.62,4.93,D,VIIRS_SNPP_NRT
26.31034,70.9651,341.17,0.42,0.38,2026-10-08,820,N20,VIIRS,l,2.0NRT,313.65,4.92,D,VIIRS_NOAA20_NRT
16.58003,79.55664,338.12,0.5,0.41,2026-10-08,818,N20,VIIRS,n,2.0NRT,306.52,4.91,D,VIIRS_NOAA20_NRT
12.0477,76.83636,333.45,0.38,0.36,2026-10-08,816,N20,VIIRS,n,2.0NRT,300.12,4.9,D,VIIRS_NOAA20_NRT
18.93119,78.42523,337.44,0.36,0.57,2026-10-08,722,N21,VIIRS,n,2.0NRT,296.84,4.87,D,VIIRS_NOAA21_NRT
24.91357,77.17349,342.14,0.47,0.4,2026-10-08,820,N20,VIIRS,n,2.0NRT,308.13,4.87,D,VIIRS_NOAA20_NRT
18.92957,78.22396,335.21,0.47,0.4,2026-10-08,758,N,VIIRS,n,2.0NRT,302.74,4.86,D,VIIRS_SNPP_NRT
20.9557,85.01261,330.24,0.48,0.4,2026-10-08,801,N,VIIRS,l,2.0NRT,303.94,4.86,D,VIIRS_SNPP_NRT
20.75963,85.29994,328.25,0.43,0.62,2026-10-08,818,N20,VIIRS,n,2.0NRT,295.35,4.85,D,VIIRS_NOAA20_NRT
24.7264,76.74204,337.37,0.47,0.39,2026-10-08,801,N,VIIRS,l,2.0NRT,310.01,4.85,D,VIIRS_SNPP_NRT
12.25665,76.8701,335.35,0.38,0.36,2026-10-08,816,N20,VIIRS,n,2.0NRT,299.65,4.84,D,VIIRS_NOAA20_NRT
24.89322,76.83627,342.65,0.45,0.39,2026-10-08,820,N20,VIIRS,n,2.0NRT,310.47,4.84,D,VIIRS_NOAA20_NRT
16.14337,78.29438,346.98,0.41,0.61,2026-10-08,722,N21,VIIRS,n,2.0NRT,298.95,4.83,D,VIIRS_NOAA21_NRT
18.96902,77.84317,335.2,0.49,0.4,2026-10-08,758,N,VIIRS,l,2.0NRT,307.22,4.82,D,VIIRS_SNPP_NRT
16.93931,81.37221,333.91,0.5,0.49,2026-10-08,722,N21,VIIRS,n,2.0NRT,295.41,4.81,D,VIIRS_NOAA21_NRT
15.63077,78.09563,338.19,0.42,0.38,2026-10-08,818,N20,VIIRS,l,2.0NRT,312.04,4.81,D,VIIRS_NOAA20_NRT
21.91809,83.35191,330.45,0.42,0.38,2026-10-08,801,N,VIIRS,l,2.0NRT,304.34,4.81,D,VIIRS_SNPP_NRT
25.94563,83.78312,338.86,0.42,0.37,2026-10-08,724,N21,VIIRS,n,2.0NRT,295.56,4.8,D,VIIRS_NOAA21_NRT
25.94633,83.78723,342.32,0.42,0.37,2026-10-08,724,N21,VIIRS,n,2.0NRT,294.49,4.8,D,VIIRS_NOAA21_NRT
18.74794,78.33275,333.96,0.36,0.58,2026-10-08,722,N21,VIIRS,n,2.0NRT,298.52,4.78,D,VIIRS_NOAA21_NRT
21.98488,83.23373,332.83,0.42,0.38,2026-10-08,801,N,VIIRS,l,2.0NRT,303.96,4.78,D,VIIRS_SNPP_NRT
20.86283,84.99081,338.25,0.41,0.61,2026-10-08,818,N20,VIIRS,n,2.0NRT,295.53,4.77,D,VIIRS_NOAA20_NRT
25.08095,77.71523,331.41,0.59,0.53,2026-10-08,724,N21,VIIRS,l,2.0NRT,304.85,4.76,D,VIIRS_NOAA21_NRT
25.181,77.53994,338.67,0.49,0.4,2026-10-08,820,N20,VIIRS,n,2.0NRT,310.82,4.76,D,VIIRS_NOAA20_NRT
26.4901,75.77313,346.35,0.43,0.38,2026-10-08,820,N20,VIIRS,n,2.0NRT,308.43,4.76,D,VIIRS_NOAA20_NRT
20.88593,84.98338,337.83,0.48,0.4,2026-10-08,801,N,VIIRS,n,2.0NRT,299.45,4.75,D,VIIRS_SNPP_NRT
26.30896,71.10175,339.89,0.41,0.37,2026-10-08,820,N20,VIIRS,l,2.0NRT,313.4,4.73,D,VIIRS_NOAA20_NRT
19.0727,83.70111,335.59,0.41,0.37,2026-10-08,758,N,VIIRS,n,2.0NRT,298.87,4.73,D,VIIRS_SNPP_NRT
16.62628,80.1954,335.17,0.6,0.53,2026-10-08,722,N21,VIIRS,n,2.0NRT,299.89,4.71,D,VIIRS_NOAA21_NRT
15.66762,75.89877,343.84,0.38,0.36,2026-10-08,818,N20,VIIRS,n,2.0NRT,311.87,4.7,D,VIIRS_NOAA20_NRT
25.08627,77.50541,339.62,0.49,0.4,2026-10-08,820,N20,VIIRS,n,2.0NRT,308.99,4.68,D,VIIRS_NOAA20_NRT
26.32515,71.07291,342.68,0.41,0.37,2026-10-08,820,N20,VIIRS,l,2.0NRT,313.45,4.68,D,VIIRS_NOAA20_NRT
21.20947,75.97723,333.4,0.46,0.64,2026-10-08,722,N21,VIIRS,n,2.0NRT,301.53,4.67,D,VIIRS_NOAA21_NRT
28.09236,77.5702,341.04,0.4,0.37,2026-10-08,803,N,VIIRS,n,2.0NRT,304.82,4.67,D,VIIRS_SNPP_NRT
15.70108,75.91885,341.53,0.38,0.36,2026-10-08,818,N20,VIIRS,l,2.0NRT,313.33,4.66,D,VIIRS_NOAA20_NRT
15.70857,75.94872,340.53,0.47,0.48,2026-10-08,758,N,VIIRS,n,2.0NRT,302.69,4.66,D,VIIRS_SNPP_NRT
24.88332,76.86533,336.57,0.46,0.39,2026-10-08,801,N,VIIRS,n,2.0NRT,310.72,4.66,D,VIIRS_SNPP_NRT
22.36591,87.30258,332.39,0.38,0.36,2026-10-08,722,N21,VIIRS,n,2.0NRT,298.33,4.65,D,VIIRS_NOAA21_NRT
23.88977,71.20241,337.12,0.43,0.38,2026-10-08,820,N20,VIIRS,l,2.0NRT,310.49,4.65,D,VIIRS_NOAA20_NRT
24.89723,76.93942,337.29,0.46,0.39,2026-10-08,820,N20,VIIRS,l,2.0NRT,310.14,4.65,D,VIIRS_NOAA20_NRT
27.43915,70.85339,337.99,0.58,0.52,2026-10-08,803,N,VIIRS,l,2.0NRT,310.78,4.63,D,VIIRS_SNPP_NRT
21.92007,83.3521,345.22,0.42,0.38,2026-10-08,801,N,VIIRS,n,2.0NRT,306.02,4.6,D,VIIRS_SNPP_NRT
21.92063,83.35619,330.71,0.42,0.38,2026-10-08,801,N,VIIRS,l,2.0NRT,302.04,4.6,D,VIIRS_SNPP_NRT
16.42334,79.68345,334.35,0.33,0.55,2026-10-08,722,N21,VIIRS,n,2.0NRT,301.06,4.59,D,VIIRS_NOAA21_NRT
15.70811,75.94661,339.97,0.47,0.48,2026-10-08,758,N,VIIRS,n,2.0NRT,302.99,4.59,D,VIIRS_SNPP_NRT
21.56581,74.11118,337.32,0.48,0.48,2026-10-08,801,N,VIIRS,n,2.0NRT,301.97,4.59,D,VIIRS_SNPP_NRT
18.96926,78.56714,331.73,0.47,0.4,2026-10-08,818,N20,VIIRS,l,2.0NRT,302.8,4.58,D,VIIRS_NOAA20_NRT
24.00478,78.07139,333.9,0.5,0.41,2026-10-08,820,N20,VIIRS,l,2.0NRT,306.22,4.55,D,VIIRS_NOAA20_NRT
26.28959,71.11398,356.72,0.41,0.37,2026-10-08,820,N20,VIIRS,l,2.0NRT,313.8,4.55,D,VIIRS_NOAA20_NRT
26.29298,71.11327,342.77,0.41,0.37,2026-10-08,820,N20,VIIRS,l,2.0NRT,313.56,4.55,D,VIIRS_NOAA20_NRT
21.10309,72.63501,340.01,0.44,0.62,2026-10-08,905,N21,VIIRS,n,2.0NRT,300.69,4.53,D,VIIRS_NOAA21_NRT
21.0754,85.04221,330.61,0.42,0.38,2026-10-08,722,N21,VIIRS,l,2.0NRT,302.18,4.52,D,VIIRS_NOAA21_NRT
21.07816,85.03757,342.85,0.42,0.38,2026-10-08,722,N21,VIIRS,n,2.0NRT,306.51,4.52,D,VIIRS_NOAA21_NRT
21.07882,85.04156,329.41,0.42,0.38,2026-10-08,722,N21,VIIRS,l,2.0NRT,303.05,4.52,D,VIIRS_NOAA21_NRT
21.23647,81.40827,341.03,0.42,0.45,2026-10-08,722,N21,VIIRS,n,2.0NRT,304.26,4.52,D,VIIRS_NOAA21_NRT
22.60365,77.23669,335.05,0.47,0.4,2026-10-08,801,N,VIIRS,n,2.0NRT,308.59,4.52,D,VIIRS_SNPP_NRT
25.92205,76.53989,334.04,0.46,0.39,2026-10-08,803,N,VIIRS,l,2.0NRT,307.47,4.52,D,VIIRS_SNPP_NRT
14.44328,76.53403,335.8,0.38,0.36,2026-10-08,818,N20,VIIRS,n,2.0NRT,300.93,4.49,D,VIIRS_NOAA20_NRT
20.80626,85.25754,332.17,0.5,0.41,2026-10-08,801,N,VIIRS,n,2.0NRT,301.25,4.49,D,VIIRS_SNPP_NRT
20.86378,84.9866,334.18,0.48,0.4,2026-10-08,801,N,VIIRS,n,2.0NRT,300.24,4.49,D,VIIRS_SNPP_NRT
20.86439,84.99129,335.46,0.48,0.4,2026-10-08,801,N,VIIRS,n,2.0NRT,302.31,4.49,D,VIIRS_SNPP_NRT
18.82409,77.76813,336.44,0.5,0.41,2026-10-08,758,N,VIIRS,n,2.0NRT,304.83,4.45,D,VIIRS_SNPP_NRT
24.8868,76.83855,341.6,0.34,0.56,2026-10-08,724,N21,VIIRS,n,2.0NRT,303.3,4.44,D,VIIRS_NOAA21_NRT
24.88751,76.84184,341.06,0.34,0.56,2026-10-08,724,N21,VIIRS,n,2.0NRT,305.72,4.44,D,VIIRS_NOAA21_NRT
20.97105,85.17606,333.72,0.42,0.61,2026-10-08,818,N20,VIIRS,n,2.0NRT,294.88,4.43,D,VIIRS_NOAA20_NRT
22.0381,83.35031,330.05,0.42,0.38,2026-10-08,801,N,VIIRS,l,2.0NRT,304.33,4.43,D,VIIRS_SNPP_NRT
22.06604,75.10469,343.82,0.41,0.45,2026-10-08,801,N,VIIRS,n,2.0NRT,305.96,4.42,D,VIIRS_SNPP_NRT
25.93472,83.78111,341.47,0.42,0.37,2026-10-08,724,N21,VIIRS,n,2.0NRT,295.25,4.41,D,VIIRS_NOAA21_NRT
18.62259,77.60668,337.42,0.43,0.38,2026-10-08,818,N20,VIIRS,n,2.0NRT,306.31,4.41,D,VIIRS_NOAA20_NRT
21.92268,83.35202,335.8,0.33,0.55,2026-10-08,820,N20,VIIRS,n,2.0NRT,299.03,4.41,D,VIIRS_NOAA20_NRT
21.7565,84.02557,335.27,0.45,0.39,2026-10-08,801,N,VIIRS,n,2.0NRT,304.17,4.41,D,VIIRS_SNPP_NRT
21.79754,71.92159,335.71,0.43,0.38,2026-10-08,820,N20,VIIRS,l,2.0NRT,308.54,4.38,D,VIIRS_NOAA20_NRT
18.86248,78.26882,330.4,0.47,0.4,2026-10-08,758,N,VIIRS,l,2.0NRT,304.69,4.37,D,VIIRS_SNPP_NRT
22.21031,84.87794,341.67,0.41,0.37,2026-10-08,722,N21,VIIRS,n,2.0NRT,301.66,4.36,D,VIIRS_NOAA21_NRT
13.39936,80.16844,330.85,0.45,0.39,2026-10-08,758,N,VIIRS,l,2.0NRT,302.3,4.32,D,VIIRS_SNPP_NRT
23.44088,75.9765,338.8,0.41,0.37,2026-10-08,820,N20,VIIRS,n,2.0NRT,312.46,4.31,D,VIIRS_NOAA20_NRT
24.8952,76.93639,339.78,0.46,0.39,2026-10-08,820,N20,VIIRS,n,2.0NRT,310.23,4.31,D,VIIRS_NOAA20_NRT
21.79862,71.9183,345.08,0.33,0.55,2026-10-08,801,N,VIIRS,n,2.0NRT,304.23,4.31,D,VIIRS_SNPP_NRT
22.21996,75.8077,330.9,0.72,0.76,2026-10-08,905,N21,VIIRS,n,2.0NRT,298.73,4.29,D,VIIRS_NOAA21_NRT
26.30686,71.08945,341.05,0.41,0.37,2026-10-08,820,N20,VIIRS,l,2.0NRT,315.92,4.28,D,VIIRS_NOAA20_NRT
18.75014,78.24626,339.74,0.45,0.39,2026-10-08,818,N20,VIIRS,n,2.0NRT,306.05,4.27,D,VIIRS_NOAA20_NRT
22.84741,69.76785,337.25,0.43,0.62,2026-10-08,801,N,VIIRS,n,2.0NRT,305.79,4.26,D,VIIRS_SNPP_NRT
23.37101,79.76193,335.17,0.48,0.48,2026-10-08,724,N21,VIIRS,n,2.0NRT,303.07,4.24,D,VIIRS_NOAA21_NRT
14.51996,79.73451,330.46,0.48,0.4,2026-10-08,818,N20,VIIRS,n,2.0NRT,300.31,4.22,D,VIIRS_NOAA20_NRT
15.10859,75.5775,342.05,0.39,0.36,2026-10-08,818,N20,VIIRS,n,2.0NRT,309.04,4.21,D,VIIRS_NOAA20_NRT
18.92228,78.41957,335.62,0.46,0.39,2026-10-08,818,N20,VIIRS,n,2.0NRT,304.02,4.21,D,VIIRS_NOAA20_NRT
27.76397,77.75552,332.62,0.54,0.42,2026-10-08,820,N20,VIIRS,n,2.0NRT,300.68,4.19,D,VIIRS_NOAA20_NRT
24.87138,76.96542,337.68,0.45,0.39,2026-10-08,801,N,VIIRS,n,2.0NRT,310.31,4.19,D,VIIRS_SNPP_NRT
26.57804,78.43847,330.67,0.56,0.43,2026-10-08,820,N20,VIIRS,l,2.0NRT,304.22,4.18,D,VIIRS_NOAA20_NRT
27.76537,96.13412,339.22,0.39,0.6,2026-10-08,724,N21,VIIRS,n,2.0NRT,294.05,4.14,D,VIIRS_NOAA21_NRT
24.89594,76.83882,331.32,0.34,0.56,2026-10-08,724,N21,VIIRS,l,2.0NRT,305.08,4.12,D,VIIRS_NOAA21_NRT
25.44197,75.97266,336.87,0.42,0.38,2026-10-08,820,N20,VIIRS,n,2.0NRT,308.42,4.07,D,VIIRS_NOAA20_NRT
15.02727,75.27247,337.85,0.39,0.36,2026-10-08,818,N20,VIIRS,n,2.0NRT,308.95,4.05,D,VIIRS_NOAA20_NRT
21.05989,75.29559,336.22,0.39,0.36,2026-10-08,820,N20,VIIRS,l,2.0NRT,309.81,4.03,D,VIIRS_NOAA20_NRT
21.75471,84.02473,331.46,0.36,0.58,2026-10-08,820,N20,VIIRS,n,2.0NRT,298.2,4.03,D,VIIRS_NOAA20_NRT
15.66496,78.42591,333.56,0.51,0.41,2026-10-08,758,N,VIIRS,l,2.0NRT,304.49,4.03,D,VIIRS_SNPP_NRT
23.68405,86.39558,334.37,0.38,0.36,2026-10-08,722,N21,VIIRS,n,2.0NRT,299.92,4.02,D,VIIRS_NOAA21_NRT
22.35745,82.30328,340.3,0.4,0.37,2026-10-08,801,N,VIIRS,n,2.0NRT,307.2,4.02,D,VIIRS_SNPP_NRT
22.36081,82.3027,338.73,0.4,0.37,2026-10-08,801,N,VIIRS,n,2.0NRT,306.41,4.02,D,VIIRS_SNPP_NRT
15.17466,76.65907,330.5,0.39,0.36,2026-10-08,818,N20,VIIRS,l,2.0NRT,303.35,4.0,D,VIIRS_NOAA20_NRT
26.2862,71.11469,349.14,0.41,0.37,2026-10-08,820,N20,VIIRS,n,2.0NRT,314.02,3.98,D,VIIRS_NOAA20_NRT
26.30724,71.11455,344.85,0.41,0.37,2026-10-08,820,N20,VIIRS,l,2.0NRT,316.34,3.98,D,VIIRS_NOAA20_NRT
12.55256,76.96216,336.96,0.38,0.36,2026-10-08,816,N20,VIIRS,n,2.0NRT,298.38,3.97,D,VIIRS_NOAA20_NRT
15.8638,78.48206,338.88,0.44,0.38,2026-10-08,818,N20,VIIRS,n,2.0NRT,307.18,3.97,D,VIIRS_NOAA20_NRT
20.97634,85.17155,328.11,0.42,0.61,2026-10-08,818,N20,VIIRS,n,2.0NRT,295.09,3.97,D,VIIRS_NOAA20_NRT
26.34414,71.06046,340.86,0.41,0.37,2026-10-08,820,N20,VIIRS,l,2.0NRT,313.69,3.96,D,VIIRS_NOAA20_NRT
26.17948,71.29611,340.53,0.41,0.37,2026-10-08,820,N20,VIIRS,l,2.0NRT,315.31,3.95,D,VIIRS_NOAA20_NRT
27.7141,71.97147,344.94,0.39,0.36,2026-10-08,822,N20,VIIRS,n,2.0NRT,316.54,3.95,D,VIIRS_NOAA20_NRT
26.2728,78.16425,334.25,0.4,0.37,2026-10-08,803,N,VIIRS,l,2.0NRT,307.83,3.94,D,VIIRS_SNPP_NRT
13.85736,77.81416,337.37,0.4,0.37,2026-10-08,818,N20,VIIRS,n,2.0NRT,303.41,3.93,D,VIIRS_NOAA20_NRT
24.5556,77.94334,334.92,0.59,0.53,2026-10-08,724,N21,VIIRS,n,2.0NRT,304.4,3.92,D,VIIRS_NOAA21_NRT
11.43665,78.07744,339.58,0.39,0.37,2026-10-08,816,N20,VIIRS,n,2.0NRT,298.2,3.92,D,VIIRS_NOAA20_NRT
26.33858,71.02757,340.31,0.42,0.37,2026-10-08,820,N20,VIIRS,l,2.0NRT,313.62,3.92,D,VIIRS_NOAA20_NRT
18.83685,78.24974,332.86,0.47,0.4,2026-10-08,758,N,VIIRS,l,2.0NRT,304.69,3.92,D,VIIRS_SNPP_NRT
24.61316,76.76318,342.37,0.35,0.57,2026-10-08,724,N21,VIIRS,n,2.0NRT,304.24,3.89,D,VIIRS_NOAA21_NRT
25.02526,76.55101,338.52,0.44,0.38,2026-10-08,820,N20,VIIRS,l,2.0NRT,312.47,3.88,D,VIIRS_NOAA20_NRT
27.37559,95.33427,332.79,0.44,0.38,2026-10-08,640,N20,VIIRS,n,2.0NRT,295.26,3.87,D,VIIRS_NOAA20_NRT
21.91758,83.3526,331.48,0.33,0.55,2026-10-08,820,N20,VIIRS,n,2.0NRT,299.49,3.87,D,VIIRS_NOAA20_NRT
22.57427,85.89797,330.78,0.39,0.36,2026-10-08,722,N21,VIIRS,l,2.0NRT,302.63,3.85,D,VIIRS_NOAA21_NRT
21.12219,75.97603,336.79,0.4,0.37,2026-10-08,820,N20,VIIRS,n,2.0NRT,308.55,3.85,D,VIIRS_NOAA20_NRT
22.97904,76.02245,339.9,0.41,0.37,2026-10-08,820,N20,VIIRS,l,2.0NRT,312.41,3.85,D,VIIRS_NOAA20_NRT
23.23803,69.57899,338.6,0.52,0.42,2026-10-08,820,N20,VIIRS,l,2.0NRT,311.6,3.85,D,VIIRS_NOAA20_NRT
20.86213,84.9872,331.55,0.42,0.38,2026-10-08,722,N21,VIIRS,n,2.0NRT,298.7,3.83,D,VIIRS_NOAA21_NRT
20.86622,84.99057,329.6,0.42,0.38,2026-10-08,722,N21,VIIRS,l,2.0NRT,301.97,3.83,D,VIIRS_NOAA21_NRT
23.68676,86.39124,328.72,0.38,0.36,2026-10-08,722,N21,VIIRS,n,2.0NRT,298.15,3.83,D,VIIRS_NOAA21_NRT
25.31132,77.10875,334.76,0.47,0.4,2026-10-08,820,N20,VIIRS,n,2.0NRT,305.67,3.83,D,VIIRS_NOAA20_NRT
25.14445,77.72975,339.17,0.5,0.41,2026-10-08,820,N20,VIIRS,n,2.0NRT,309.25,3.81,D,VIIRS_NOAA20_NRT
23.77747,86.3916,325.57,0.56,0.69,2026-10-08,640,N20,VIIRS,n,2.0NRT,288.63,3.8,D,VIIRS_NOAA20_NRT
15.22893,76.65762,337.41,0.39,0.36,2026-10-08,818,N20,VIIRS,n,2.0NRT,306.26,3.8,D,VIIRS_NOAA20_NRT
26.32915,71.05506,338.12,0.42,0.37,2026-10-08,820,N20,VIIRS,l,2.0NRT,313.09,3.8,D,VIIRS_NOAA20_NRT
27.05962,78.65559,332.25,0.39,0.36,2026-10-08,803,N,VIIRS,l,2.0NRT,303.79,3.8,D,VIIRS_SNPP_NRT
22.75507,77.46819,338.63,0.34,0.56,2026-10-08,724,N21,VIIRS,n,2.0NRT,299.99,3.79,D,VIIRS_NOAA21_NRT
26.29764,71.05701,344.77,0.42,0.37,2026-10-08,820,N20,VIIRS,n,2.0NRT,314.35,3.79,D,VIIRS_NOAA20_NRT
14.48429,75.75878,337.53,0.39,0.36,2026-10-08,818,N20,VIIRS,n,2.0NRT,307.21,3.78,D,VIIRS_NOAA20_NRT
22.6496,77.08879,345.93,0.44,0.38,2026-10-08,820,N20,VIIRS,n,2.0NRT,307.9,3.78,D,VIIRS_NOAA20_NRT
14.36164,77.33192,341.86,0.41,0.45,2026-10-08,758,N,VIIRS,n,2.0NRT,300.63,3.77,D,VIIRS_SNPP_NRT
24.99243,77.12906,347.54,0.32,0.55,2026-10-08,724,N21,VIIRS,n,2.0NRT,305.86,3.76,D,VIIRS_NOAA21_NRT
26.31067,71.0291,342.87,0.42,0.37,2026-10-08,820,N20,VIIRS,l,2.0NRT,313.73,3.76,D,VIIRS_NOAA20_NRT
26.31137,71.03322,341.31,0.42,0.37,2026-10-08,820,N20,VIIRS,l,2.0NRT,314.05,3.76,D,VIIRS_NOAA20_NRT
25.81054,78.444,335.91,0.4,0.37,2026-10-08,801,N,VIIRS,n,2.0NRT,303.06,3.76,D,VIIRS_SNPP_NRT
22.66452,77.32723,336.39,0.47,0.39,2026-10-08,801,N,VIIRS,n,2.0NRT,309.19,3.75,D,VIIRS_SNPP_NRT
15.25426,78.12886,335.98,0.42,0.37,2026-10-08,818,N20,VIIRS,n,2.0NRT,304.86,3.74,D,VIIRS_NOAA20_NRT
21.92353,83.35155,331.48,0.42,0.38,2026-10-08,801,N,VIIRS,l,2.0NRT,302.76,3.74,D,VIIRS_SNPP_NRT
22.63982,77.22931,342.02,0.47,0.4,2026-10-08,801,N,VIIRS,n,2.0NRT,306.36,3.74,D,VIIRS_SNPP_NRT
26.28276,71.09413,348.84,0.41,0.37,2026-10-08,820,N20,VIIRS,n,2.0NRT,314.32,3.73,D,VIIRS_NOAA20_NRT
26.29432,71.10024,343.65,0.41,0.37,2026-10-08,820,N20,VIIRS,l,2.0NRT,315.82,3.73,D,VIIRS_NOAA20_NRT
26.295,71.10435,352.4,0.41,0.37,2026-10-08,820,N20,VIIRS,n,2.0NRT,313.46,3.73,D,VIIRS_NOAA20_NRT
26.29771,71.09953,348.35,0.41,0.37,2026-10-08,820,N20,VIIRS,n,2.0NRT,314.5,3.73,D,VIIRS_NOAA20_NRT
26.2984,71.10364,355.04,0.41,0.37,2026-10-08,820,N20,VIIRS,l,2.0NRT,313.35,3.73,D,VIIRS_NOAA20_NRT
23.98163,77.60454,335.09,0.44,0.38,2026-10-08,801,N,VIIRS,l,2.0NRT,308.76,3.73,D,VIIRS_SNPP_NRT
27.05873,78.65186,340.31,0.39,0.44,2026-10-08,820,N20,VIIRS,n,2.0NRT,302.35,3.71,D,VIIRS_NOAA20_NRT
31.76967,74.9464,334.49,0.44,0.39,2026-10-08,822,N20,VIIRS,n,2.0NRT,298.53,3.71,D,VIIRS_NOAA20_NRT
22.19312,75.44505,342.88,0.39,0.44,2026-10-08,801,N,VIIRS,n,2.0NRT,310.22,3.71,D,VIIRS_SNPP_NRT
21.99852,75.54324,336.05,0.39,0.36,2026-10-08,820,N20,VIIRS,l,2.0NRT,310.42,3.7,D,VIIRS_NOAA20_NRT
31.76969,74.94802,334.48,0.44,0.39,2026-10-08,822,N20,VIIRS,n,2.0NRT,297.18,3.69,D,VIIRS_NOAA20_NRT
12.04899,76.83311,331.55,0.48,0.48,2026-10-08,758,N,VIIRS,n,2.0NRT,296.3,3.69,D,VIIRS_SNPP_NRT
11.78291,76.96029,331.47,0.62,0.71,2026-10-08,720,N21,VIIRS,n,2.0NRT,291.95,3.68,D,VIIRS_NOAA21_NRT
15.18302,78.55349,330.52,0.41,0.61,2026-10-08,722,N21,VIIRS,n,2.0NRT,295.05,3.68,D,VIIRS_NOAA21_NRT
26.29287,71.0495,341.2,0.42,0.37,2026-10-08,820,N20,VIIRS,l,2.0NRT,313.49,3.67,D,VIIRS_NOAA20_NRT
26.29696,71.05289,347.25,0.42,0.37,2026-10-08,820,N20,VIIRS,n,2.0NRT,314.56,3.67,D,VIIRS_NOAA20_NRT
24.58998,78.05898,330.98,0.58,0.52,2026-10-08,724,N21,VIIRS,n,2.0NRT,305.92,3.66,D,VIIRS_NOAA21_NRT
25.46964,71.09515,340.88,0.42,0.38,2026-10-08,820,N20,VIIRS,l,2.0NRT,315.65,3.66,D,VIIRS_NOAA20_NRT
31.78629,74.65812,336.19,0.43,0.38,2026-10-08,822,N20,VIIRS,n,2.0NRT,298.1,3.65,D,VIIRS_NOAA20_NRT
28.06896,77.62054,348.23,0.4,0.37,2026-10-08,803,N,VIIRS,n,2.0NRT,303.72,3.64,D,VIIRS_SNPP_NRT
28.07232,77.61983,333.32,0.4,0.37,2026-10-08,803,N,VIIRS,n,2.0NRT,302.71,3.64,D,VIIRS_SNPP_NRT
18.8757,78.26721,332.45,0.45,0.39,2026-10-08,818,N20,VIIRS,l,2.0NRT,306.15,3.62,D,VIIRS_NOAA20_NRT
23.19444,69.78484,332.26,0.72,0.76,2026-10-08,939,N,VIIRS,n,2.0NRT,299.64,3.62,D,VIIRS_SNPP_NRT
16.72251,80.36224,336.18,0.41,0.37,2026-10-08,758,N,VIIRS,n,2.0NRT,304.54,3.61,D,VIIRS_SNPP_NRT
22.68289,77.19696,335.28,0.47,0.4,2026-10-08,801,N,VIIRS,n,2.0NRT,305.96,3.61,D,VIIRS_SNPP_NRT
18.67683,77.76442,339.69,0.4,0.6,2026-10-08,722,N21,VIIRS,n,2.0NRT,298.98,3.6,D,VIIRS_NOAA21_NRT
25.21819,76.12865,339.0,0.43,0.38,2026-10-08,820,N20,VIIRS,n,2.0NRT,311.65,3.59,D,VIIRS_NOAA20_NRT
18.94626,78.42188,333.57,0.46,0.39,2026-10-08,818,N20,VIIRS,l,2.0NRT,304.1,3.58,D,VIIRS_NOAA20_NRT
18.81676,78.39951,333.34,0.46,0.39,2026-10-08,818,N20,VIIRS,n,2.0NRT,301.69,3.57,D,VIIRS_NOAA20_NRT
22.62571,75.20703,340.46,0.4,0.44,2026-10-08,801,N,VIIRS,l,2.0NRT,311.68,3.57,D,VIIRS_SNPP_NRT
22.48661,76.67596,332.28,0.39,0.59,2026-10-08,724,N21,VIIRS,l,2.0NRT,304.72,3.56,D,VIIRS_NOAA21_NRT
22.65747,76.44576,334.75,0.42,0.38,2026-10-08,820,N20,VIIRS,l,2.0NRT,308.46,3.56,D,VIIRS_NOAA20_NRT
24.00665,78.07079,340.59,0.42,0.38,2026-10-08,801,N,VIIRS,n,2.0NRT,306.84,3.54,D,VIIRS_SNPP_NRT
14.87262,78.05327,338.45,0.41,0.37,2026-10-08,818,N20,VIIRS,n,2.0NRT,303.9,3.53,D,VIIRS_NOAA20_NRT
14.87277,78.05316,336.82,0.41,0.37,2026-10-08,818,N20,VIIRS,n,2.0NRT,303.27,3.52,D,VIIRS_NOAA20_NRT
22.06551,75.07376,340.48,0.39,0.36,2026-10-08,820,N20,VIIRS,n,2.0NRT,310.18,3.52,D,VIIRS_NOAA20_NRT
15.10529,75.57804,340.45,0.39,0.36,2026-10-08,818,N20,VIIRS,n,2.0NRT,311.12,3.51,D,VIIRS_NOAA20_NRT
24.6375,76.76913,336.67,0.47,0.39,2026-10-08,801,N,VIIRS,n,2.0NRT,308.7,3.51,D,VIIRS_SNPP_NRT
23.71296,86.45177,333.16,0.38,0.36,2026-10-08,724,N21,VIIRS,n,2.0NRT,299.58,3.5,D,VIIRS_NOAA21_NRT
23.16824,82.34432,330.32,0.4,0.37,2026-10-08,801,N,VIIRS,n,2.0NRT,298.62,3.47,D,VIIRS_SNPP_NRT
26.71814,79.75539,336.63,0.42,0.45,2026-10-08,724,N21,VIIRS,n,2.0NRT,296.42,3.46,D,VIIRS_NOAA21_NRT
28.38234,76.26847,336.99,0.44,0.38,2026-10-08,803,N,VIIRS,n,2.0NRT,308.18,3.46,D,VIIRS_SNPP_NRT
26.27798,71.08663,342.9,0.41,0.37,2026-10-08,820,N20,VIIRS,l,2.0NRT,314.04,3.44,D,VIIRS_NOAA20_NRT
26.28138,71.08592,350.09,0.41,0.37,2026-10-08,820,N20,VIIRS,n,2.0NRT,314.03,3.44,D,VIIRS_NOAA20_NRT
26.28207,71.09003,350.71,0.41,0.37,2026-10-08,820,N20,VIIRS,n,2.0NRT,314.35,3.44,D,VIIRS_NOAA20_NRT
24.93551,76.29664,341.15,0.48,0.4,2026-10-08,801,N,VIIRS,n,2.0NRT,305.95,3.44,D,VIIRS_SNPP_NRT
18.75143,78.24564,333.81,0.37,0.58,2026-10-08,722,N21,VIIRS,n,2.0NRT,298.97,3.43,D,VIIRS_NOAA21_NRT
23.3931,76.93484,340.09,0.44,0.38,2026-10-08,820,N20,VIIRS,l,2.0NRT,310.32,3.43,D,VIIRS_NOAA20_NRT
25.21642,76.12821,338.97,0.43,0.38,2026-10-08,820,N20,VIIRS,l,2.0NRT,311.54,3.42,D,VIIRS_NOAA20_NRT
24.20233,77.60173,330.85,0.44,0.38,2026-10-08,801,N,VIIRS,l,2.0NRT,305.33,3.4,D,VIIRS_SNPP_NRT
23.76546,86.39286,328.7,0.38,0.36,2026-10-08,724,N21,VIIRS,l,2.0NRT,302.92,3.39,D,VIIRS_NOAA21_NRT
23.3378,77.45387,335.69,0.33,0.56,2026-10-08,724,N21,VIIRS,n,2.0NRT,304.41,3.38,D,VIIRS_NOAA21_NRT
28.23754,77.47572,331.12,0.52,0.42,2026-10-08,822,N20,VIIRS,n,2.0NRT,298.69,3.38,D,VIIRS_NOAA20_NRT
22.21451,84.86602,334.78,0.49,0.4,2026-10-08,801,N,VIIRS,n,2.0NRT,301.29,3.37,D,VIIRS_SNPP_NRT
24.98699,77.12998,340.72,0.45,0.39,2026-10-08,801,N,VIIRS,n,2.0NRT,307.27,3.37,D,VIIRS_SNPP_NRT
13.08784,79.94946,333.71,0.47,0.4,2026-10-08,816,N20,VIIRS,n,2.0NRT,298.74,3.36,D,VIIRS_NOAA20_NRT
18.88753,77.8997,330.61,0.39,0.59,2026-10-08,722,N21,VIIRS,l,2.0NRT,302.47,3.34,D,VIIRS_NOAA21_NRT
26.29027,71.11807,340.75,0.41,0.37,2026-10-08,820,N20,VIIRS,l,2.0NRT,313.07,3.34,D,VIIRS_NOAA20_NRT
26.29096,71.12217,348.05,0.41,0.37,2026-10-08,820,N20,VIIRS,n,2.0NRT,315.12,3.34,D,VIIRS_NOAA20_NRT
26.29366,71.11737,356.57,0.41,0.37,2026-10-08,820,N20,VIIRS,l,2.0NRT,313.59,3.34,D,VIIRS_NOAA20_NRT
26.29435,71.12147,356.55,0.41,0.37,2026-10-08,820,N20,VIIRS,l,2.0NRT,314.18,3.34,D,VIIRS_NOAA20_NRT
25.12415,77.69347,337.72,0.42,0.38,2026-10-08,801,N,VIIRS,n,2.0NRT,309.05,3.34,D,VIIRS_SNPP_NRT
26.45073,77.67572,336.14,0.41,0.37,2026-10-08,803,N,VIIRS,n,2.0NRT,308.66,3.34,D,VIIRS_SNPP_NRT
16.02163,74.82925,338.97,0.39,0.36,2026-10-08,818,N20,VIIRS,n,2.0NRT,309.13,3.33,D,VIIRS_NOAA20_NRT
25.76081,75.34058,338.57,0.41,0.37,2026-10-08,820,N20,VIIRS,l,2.0NRT,312.45,3.33,D,VIIRS_NOAA20_NRT
25.07033,77.27409,336.65,0.44,0.38,2026-10-08,801,N,VIIRS,n,2.0NRT,308.57,3.33,D,VIIRS_SNPP_NRT
24.90036,76.9247,343.41,0.34,0.56,2026-10-08,724,N21,VIIRS,n,2.0NRT,307.02,3.31,D,VIIRS_NOAA21_NRT
18.77667,78.44077,334.65,0.46,0.39,2026-10-08,818,N20,VIIRS,n,2.0NRT,303.63,3.31,D,VIIRS_NOAA20_NRT
15.18289,76.66875,336.91,0.39,0.36,2026-10-08,818,N20,VIIRS,n,2.0NRT,306.51,3.3,D,VIIRS_NOAA20_NRT
14.65918,79.72477,341.53,0.35,0.57,2026-10-08,720,N21,VIIRS,n,2.0NRT,293.29,3.29,D,VIIRS_NOAA21_NRT
22.33414,76.97623,331.96,0.38,0.58,2026-10-08,724,N21,VIIRS,l,2.0NRT,306.09,3.28,D,VIIRS_NOAA21_NRT
26.33672,71.07899,339.13,0.41,0.37,2026-10-08,820,N20,VIIRS,l,2.0NRT,313.25,3.27,D,VIIRS_NOAA20_NRT
26.95947,79.31641,332.42,0.43,0.46,2026-10-08,820,N20,VIIRS,n,2.0NRT,298.94,3.26,D,VIIRS_NOAA20_NRT
27.88623,77.9472,332.38,0.55,0.43,2026-10-08,822,N20,VIIRS,n,2.0NRT,297.78,3.26,D,VIIRS_NOAA20_NRT
15.62777,78.09583,337.33,0.44,0.62,2026-10-08,722,N21,VIIRS,n,2.0NRT,299.25,3.25,D,VIIRS_NOAA21_NRT
14.40415,76.61339,332.69,0.39,0.36,2026-10-08,818,N20,VIIRS,n,2.0NRT,301.96,3.24,D,VIIRS_NOAA20_NRT
26.39909,71.01066,351.34,0.42,0.37,2026-10-08,820,N20,VIIRS,n,2.0NRT,316.74,3.24,D,VIIRS_NOAA20_NRT
26.39978,71.01478,341.29,0.42,0.37,2026-10-08,820,N20,VIIRS,l,2.0NRT,316.25,3.24,D,VIIRS_NOAA20_NRT
27.9768,77.66914,330.63,0.53,0.42,2026-10-08,822,N20,VIIRS,n,2.0NRT,300.19,3.24,D,VIIRS_NOAA20_NRT
23.7735,86.19574,330.47,0.4,0.44,2026-10-08,801,N,VIIRS,n,2.0NRT,295.0,3.24,D,VIIRS_SNPP_NRT
15.02115,78.01505,332.3,0.41,0.37,2026-10-08,818,N20,VIIRS,l,2.0NRT,304.58,3.23,D,VIIRS_NOAA20_NRT
16.94353,78.38289,344.22,0.44,0.38,2026-10-08,818,N20,VIIRS,n,2.0NRT,299.09,3.23,D,VIIRS_NOAA20_NRT
26.31357,71.06683,342.04,0.41,0.37,2026-10-08,820,N20,VIIRS,l,2.0NRT,314.04,3.23,D,VIIRS_NOAA20_NRT
26.31696,71.06612,345.5,0.41,0.37,2026-10-08,820,N20,VIIRS,n,2.0NRT,314.45,3.23,D,VIIRS_NOAA20_NRT
23.29123,79.70686,332.17,0.49,0.48,2026-10-08,724,N21,VIIRS,l,2.0NRT,303.12,3.22,D,VIIRS_NOAA21_NRT
15.17743,76.65497,331.55,0.39,0.36,2026-10-08,818,N20,VIIRS,l,2.0NRT,304.55,3.22,D,VIIRS_NOAA20_NRT
23.82659,79.19104,330.16,0.38,0.43,2026-10-08,820,N20,VIIRS,l,2.0NRT,302.27,3.22,D,VIIRS_NOAA20_NRT
26.29706,71.11667,349.66,0.41,0.37,2026-10-08,820,N20,VIIRS,n,2.0NRT,313.57,3.22,D,VIIRS_NOAA20_NRT
26.29774,71.12077,342.58,0.41,0.37,2026-10-08,820,N20,VIIRS,l,2.0NRT,315.15,3.22,D,VIIRS_NOAA20_NRT
22.37576,87.27805,331.82,0.38,0.36,2026-10-08,722,N21,VIIRS,n,2.0NRT,299.87,3.21,D,VIIRS_NOAA21_NRT
22.37631,87.28175,332.53,0.38,0.36,2026-10-08,722,N21,VIIRS,n,2.0NRT,298.58,3.21,D,VIIRS_NOAA21_NRT
22.37905,87.27747,333.94,0.38,0.36,2026-10-08,722,N21,VIIRS,n,2.0NRT,298.17,3.21,D,VIIRS_NOAA21_NRT
15.34238,79.72704,335.65,0.49,0.4,2026-10-08,818,N20,VIIRS,n,2.0NRT,300.61,3.2,D,VIIRS_NOAA20_NRT
22.68276,77.19469,334.34,0.47,0.4,2026-10-08,801,N,VIIRS,n,2.0NRT,306.13,3.2,D,VIIRS_SNPP_NRT
23.79647,86.35265,328.87,0.38,0.36,2026-10-08,724,N21,VIIRS,n,2.0NRT,297.29,3.18,D,VIIRS_NOAA21_NRT
21.74609,83.84406,336.62,0.44,0.38,2026-10-08,801,N,VIIRS,n,2.0NRT,305.3,3.18,D,VIIRS_SNPP_NRT
21.74962,83.84353,330.95,0.44,0.38,2026-10-08,801,N,VIIRS,l,2.0NRT,304.4,3.18,D,VIIRS_SNPP_NRT
27.48928,77.39196,333.23,0.51,0.41,2026-10-08,820,N20,VIIRS,n,2.0NRT,301.99,3.17,D,VIIRS_NOAA20_NRT
16.85983,79.55433,343.59,0.33,0.55,2026-10-08,722,N21,VIIRS,n,2.0NRT,301.45,3.16,D,VIIRS_NOAA21_NRT
22.64196,77.2299,335.19,0.36,0.57,2026-10-08,724,N21,VIIRS,n,2.0NRT,304.95,3.16,D,VIIRS_NOAA21_NRT
22.72249,77.31986,331.33,0.35,0.57,2026-10-08,724,N21,VIIRS,l,2.0NRT,302.29,3.16,D,VIIRS_NOAA21_NRT
14.14478,80.03999,332.65,0.49,0.4,2026-10-08,818,N20,VIIRS,l,2.0NRT,302.77,3.16,D,VIIRS_NOAA20_NRT
21.74787,83.84264,333.48,0.35,0.57,2026-10-08,820,N20,VIIRS,n,2.0NRT,299.08,3.15,D,VIIRS_NOAA20_NRT
21.75347,83.84563,332.28,0.35,0.57,2026-10-08,820,N20,VIIRS,n,2.0NRT,297.67,3.15,D,VIIRS_NOAA20_NRT
23.54708,75.09483,336.7,0.39,0.44,2026-10-08,801,N,VIIRS,l,2.0NRT,310.2,3.15,D,VIIRS_SNPP_NRT
18.9491,78.77966,334.15,0.48,0.4,2026-10-08,818,N20,VIIRS,n,2.0NRT,303.08,3.14,D,VIIRS_NOAA20_NRT
31.51395,75.1564,333.44,0.45,0.39,2026-10-08,803,N,VIIRS,n,2.0NRT,298.46,3.13,D,VIIRS_SNPP_NRT
24.89878,76.93583,337.92,0.46,0.39,2026-10-08,820,N20,VIIRS,l,2.0NRT,310.42,3.1,D,VIIRS_NOAA20_NRT
24.90178,76.93079,337.22,0.46,0.39,2026-10-08,820,N20,VIIRS,l,2.0NRT,309.99,3.1,D,VIIRS_NOAA20_NRT
27.80837,77.99588,333.03,0.55,0.43,2026-10-08,820,N20,VIIRS,n,2.0NRT,302.44,3.09,D,VIIRS_NOAA20_NRT
20.74696,75.30952,335.7,0.42,0.46,2026-10-08,801,N,VIIRS,n,2.0NRT,307.4,3.09,D,VIIRS_SNPP_NRT
27.60718,96.30028,330.75,0.41,0.37,2026-10-08,640,N20,VIIRS,n,2.0NRT,297.48,3.08,D,VIIRS_NOAA20_NRT
24.49981,74.73763,338.38,0.39,0.36,2026-10-08,820,N20,VIIRS,n,2.0NRT,308.84,3.07,D,VIIRS_NOAA20_NRT
27.7521,77.44506,336.89,0.41,0.37,2026-10-08,803,N,VIIRS,n,2.0NRT,300.99,3.07,D,VIIRS_SNPP_NRT
14.36194,77.33143,334.96,0.39,0.36,2026-10-08,818,N20,VIIRS,n,2.0NRT,301.86,3.06,D,VIIRS_NOAA20_NRT
15.53667,77.56838,333.87,0.4,0.37,2026-10-08,818,N20,VIIRS,n,2.0NRT,303.68,3.05,D,VIIRS_NOAA20_NRT
15.29387,78.06327,332.98,0.42,0.37,2026-10-08,818,N20,VIIRS,l,2.0NRT,306.35,3.04,D,VIIRS_NOAA20_NRT
25.40285,75.68693,333.75,0.51,0.41,2026-10-08,801,N,VIIRS,n,2.0NRT,303.8,3.04,D,VIIRS_SNPP_NRT
28.24981,77.35881,333.03,0.41,0.37,2026-10-08,803,N,VIIRS,n,2.0NRT,304.0,3.04,D,VIIRS_SNPP_NRT
27.62153,77.44233,330.12,0.41,0.37,2026-10-08,803,N,VIIRS,l,2.0NRT,304.89,3.02,D,VIIRS_SNPP_NRT
26.37459,77.72555,333.83,0.41,0.37,2026-10-08,803,N,VIIRS,l,2.0NRT,307.08,3.0,D,VIIRS_SNPP_NRT
31.71308,75.45775,329.73,0.43,0.38,2026-10-08,803,N,VIIRS,n,2.0NRT,296.79,2.99,D,VIIRS_SNPP_NRT
16.41634,79.57098,336.24,0.33,0.56,2026-10-08,722,N21,VIIRS,n,2.0NRT,304.8,2.98,D,VIIRS_NOAA21_NRT
17.28473,74.34467,333.63,0.39,0.36,2026-10-08,818,N20,VIIRS,n,2.0NRT,305.2,2.98,D,VIIRS_NOAA20_NRT
14.61244,79.65539,335.66,0.46,0.39,2026-10-08,758,N,VIIRS,n,2.0NRT,303.03,2.98,D,VIIRS_SNPP_NRT
14.61314,79.65959,334.18,0.46,0.39,2026-10-08,758,N,VIIRS,n,2.0NRT,302.55,2.98,D,VIIRS_SNPP_NRT
26.30626,71.10657,350.53,0.41,0.37,2026-10-08,820,N20,VIIRS,n,2.0NRT,313.78,2.97,D,VIIRS_NOAA20_NRT
26.30696,71.11067,343.01,0.41,0.37,2026-10-08,820,N20,VIIRS,l,2.0NRT,313.38,2.97,D,VIIRS_NOAA20_NRT
26.30966,71.10587,347.71,0.41,0.37,2026-10-08,820,N20,VIIRS,n,2.0NRT,314.07,2.97,D,VIIRS_NOAA20_NRT
21.56284,74.11053,339.6,0.49,0.48,2026-10-08,801,N,VIIRS,n,2.0NRT,302.57,2.97,D,VIIRS_SNPP_NRT
15.75208,75.60941,331.15,0.5,0.49,2026-10-08,758,N,VIIRS,l,2.0NRT,304.2,2.96,D,VIIRS_SNPP_NRT
26.28692,78.16551,333.64,0.4,0.37,2026-10-08,803,N,VIIRS,n,2.0NRT,306.52,2.96,D,VIIRS_SNPP_NRT
18.20302,83.8284,330.91,0.41,0.37,2026-10-08,758,N,VIIRS,n,2.0NRT,300.88,2.94,D,VIIRS_SNPP_NRT
27.89188,77.52641,335.97,0.41,0.37,2026-10-08,803,N,VIIRS,n,2.0NRT,302.83,2.93,D,VIIRS_SNPP_NRT
20.95138,86.04331,333.13,0.39,0.37,2026-10-08,722,N21,VIIRS,n,2.0NRT,299.6,2.92,D,VIIRS_NOAA21_NRT
22.03959,83.72806,337.75,0.35,0.57,2026-10-08,820,N20,VIIRS,n,2.0NRT,298.54,2.92,D,VIIRS_NOAA20_NRT
23.76054,78.11756,332.66,0.5,0.41,2026-10-08,820,N20,VIIRS,l,2.0NRT,307.04,2.92,D,VIIRS_NOAA20_NRT
22.19241,75.44126,337.75,0.39,0.44,2026-10-08,801,N,VIIRS,l,2.0NRT,310.45,2.9,D,VIIRS_SNPP_NRT
14.73012,75.28551,334.37,0.39,0.36,2026-10-08,818,N20,VIIRS,n,2.0NRT,304.08,2.89,D,VIIRS_NOAA20_NRT
18.72693,77.76859,333.55,0.43,0.38,2026-10-08,818,N20,VIIRS,n,2.0NRT,303.47,2.89,D,VIIRS_NOAA20_NRT
22.7029,77.13737,338.62,0.44,0.39,2026-10-08,820,N20,VIIRS,n,2.0NRT,313.4,2.89,D,VIIRS_NOAA20_NRT
22.8557,75.91708,338.7,0.41,0.37,2026-10-08,820,N20,VIIRS,n,2.0NRT,310.77,2.88,D,VIIRS_NOAA20_NRT
15.93925,77.78482,334.7,0.41,0.37,2026-10-08,818,N20,VIIRS,l,2.0NRT,306.9,2.87,D,VIIRS_NOAA20_NRT
14.43262,75.94589,331.28,0.5,0.49,2026-10-08,758,N,VIIRS,n,2.0NRT,297.01,2.87,D,VIIRS_SNPP_NRT
15.05065,75.37871,334.33,0.39,0.36,2026-10-08,818,N20,VIIRS,n,2.0NRT,304.97,2.86,D,VIIRS_NOAA20_NRT
27.60787,96.30441,330.39,0.41,0.37,2026-10-08,640,N20,VIIRS,n,2.0NRT,295.97,2.85,D,VIIRS_NOAA20_NRT
15.7943,75.66287,339.64,0.38,0.36,2026-10-08,818,N20,VIIRS,l,2.0NRT,313.68,2.85,D,VIIRS_NOAA20_NRT
15.7976,75.66233,339.93,0.38,0.36,2026-10-08,818,N20,VIIRS,n,2.0NRT,312.48,2.85,D,VIIRS_NOAA20_NRT
26.29569,71.10845,351.53,0.41,0.37,2026-10-08,820,N20,VIIRS,n,2.0NRT,313.53,2.85,D,VIIRS_NOAA20_NRT
26.29638,71.11256,343.01,0.41,0.37,2026-10-08,820,N20,VIIRS,l,2.0NRT,313.3,2.85,D,VIIRS_NOAA20_NRT
26.29908,71.10775,345.84,0.41,0.37,2026-10-08,820,N20,VIIRS,n,2.0NRT,314.12,2.85,D,VIIRS_NOAA20_NRT
26.29977,71.11185,352.38,0.41,0.37,2026-10-08,820,N20,VIIRS,n,2.0NRT,315.4,2.85,D,VIIRS_NOAA20_NRT
11.73655,78.6899,332.35,0.41,0.37,2026-10-08,816,N20,VIIRS,n,2.0NRT,296.89,2.84,D,VIIRS_NOAA20_NRT
18.86145,78.48659,330.97,0.46,0.39,2026-10-08,818,N20,VIIRS,l,2.0NRT,304.18,2.84,D,VIIRS_NOAA20_NRT
18.9121,77.82479,334.42,0.44,0.38,2026-10-08,818,N20,VIIRS,l,2.0NRT,307.8,2.84,D,VIIRS_NOAA20_NRT
16.98795,77.01199,336.36,0.4,0.37,2026-10-08,818,N20,VIIRS,l,2.0NRT,311.31,2.83,D,VIIRS_NOAA20_NRT
26.16595,71.27793,343.43,0.41,0.37,2026-10-08,820,N20,VIIRS,l,2.0NRT,315.33,2.83,D,VIIRS_NOAA20_NRT
26.16663,71.282,351.6,0.41,0.37,2026-10-08,820,N20,VIIRS,n,2.0NRT,315.3,2.83,D,VIIRS_NOAA20_NRT
26.17001,71.2813,341.31,0.41,0.37,2026-10-08,820,N20,VIIRS,l,2.0NRT,314.89,2.83,D,VIIRS_NOAA20_NRT
18.19633,79.36884,333.81,0.43,0.38,2026-10-08,758,N,VIIRS,n,2.0NRT,298.01,2.82,D,VIIRS_SNPP_NRT
24.7629,76.67574,335.26,0.35,0.57,2026-10-08,724,N21,VIIRS,n,2.0NRT,305.49,2.81,D,VIIRS_NOAA21_NRT
27.74144,77.56764,333.81,0.52,0.42,2026-10-08,820,N20,VIIRS,n,2.0NRT,300.08,2.81,D,VIIRS_NOAA20_NRT
28.55088,75.54751,338.81,0.44,0.38,2026-10-08,822,N20,VIIRS,l,2.0NRT,312.33,2.81,D,VIIRS_NOAA20_NRT
30.23278,76.06738,333.22,0.43,0.38,2026-10-08,803,N,VIIRS,n,2.0NRT,293.31,2.81,D,VIIRS_SNPP_NRT
14.14497,80.04052,332.76,0.44,0.39,2026-10-08,758,N,VIIRS,l,2.0NRT,303.5,2.8,D,VIIRS_SNPP_NRT
18.86507,78.21632,331.91,0.45,0.39,2026-10-08,818,N20,VIIRS,n,2.0NRT,301.37,2.79,D,VIIRS_NOAA20_NRT
25.08804,77.68643,338.95,0.5,0.41,2026-10-08,820,N20,VIIRS,n,2.0NRT,307.87,2.79,D,VIIRS_NOAA20_NRT
23.67337,86.08599,333.9,0.39,0.36,2026-10-08,724,N21,VIIRS,n,2.0NRT,298.64,2.78,D,VIIRS_NOAA21_NRT
27.89526,77.52569,331.86,0.41,0.37,2026-10-08,803,N,VIIRS,l,2.0NRT,302.45,2.78,D,VIIRS_SNPP_NRT
14.84621,76.95857,336.12,0.39,0.36,2026-10-08,818,N20,VIIRS,l,2.0NRT,307.2,2.77,D,VIIRS_NOAA20_NRT
18.50286,77.63853,334.31,0.51,0.41,2026-10-08,758,N,VIIRS,n,2.0NRT,303.83,2.77,D,VIIRS_SNPP_NRT
27.47647,77.12717,340.98,0.42,0.38,2026-10-08,803,N,VIIRS,n,2.0NRT,306.65,2.77,D,VIIRS_SNPP_NRT
14.82834,77.96175,330.71,0.55,0.43,2026-10-08,758,N,VIIRS,l,2.0NRT,301.4,2.76,D,VIIRS_SNPP_NRT
19.18081,77.47334,333.04,0.43,0.38,2026-10-08,818,N20,VIIRS,l,2.0NRT,307.91,2.75,D,VIIRS_NOAA20_NRT
22.07544,75.66998,338.31,0.38,0.44,2026-10-08,801,N,VIIRS,n,2.0NRT,308.81,2.75,D,VIIRS_SNPP_NRT
13.30386,79.99557,333.44,0.36,0.57,2026-10-08,720,N21,VIIRS,n,2.0NRT,294.65,2.74,D,VIIRS_NOAA21_NRT
22.7666,77.09954,330.3,0.36,0.58,2026-10-08,724,N21,VIIRS,l,2.0NRT,304.25,2.74,D,VIIRS_NOAA21_NRT
26.17271,71.27654,341.5,0.41,0.37,2026-10-08,820,N20,VIIRS,l,2.0NRT,315.63,2.74,D,VIIRS_NOAA20_NRT
26.17609,71.27585,342.79,0.41,0.37,2026-10-08,820,N20,VIIRS,l,2.0NRT,314.59,2.74,D,VIIRS_NOAA20_NRT
20.9621,85.18793,330.29,0.49,0.41,2026-10-08,801,N,VIIRS,n,2.0NRT,295.76,2.74,D,VIIRS_SNPP_NRT
22.33115,82.60567,332.39,0.4,0.37,2026-10-08,801,N,VIIRS,n,2.0NRT,302.91,2.74,D,VIIRS_SNPP_NRT
24.09486,77.75333,338.78,0.43,0.38,2026-10-08,801,N,VIIRS,n,2.0NRT,307.82,2.74,D,VIIRS_SNPP_NRT
18.76084,78.24469,331.19,0.45,0.39,2026-10-08,818,N20,VIIRS,l,2.0NRT,304.12,2.73,D,VIIRS_NOAA20_NRT
25.13184,77.71773,338.19,0.42,0.38,2026-10-08,801,N,VIIRS,n,2.0NRT,310.73,2.73,D,VIIRS_SNPP_NRT
31.78181,75.20885,331.52,0.45,0.39,2026-10-08,822,N20,VIIRS,n,2.0NRT,297.87,2.72,D,VIIRS_NOAA20_NRT
21.23538,81.40813,336.87,0.42,0.45,2026-10-08,722,N21,VIIRS,n,2.0NRT,302.93,2.71,D,VIIRS_NOAA21_NRT
18.92934,77.94922,333.91,0.44,0.38,2026-10-08,818,N20,VIIRS,l,2.0NRT,307.43,2.7,D,VIIRS_NOAA20_NRT
26.54041,79.7548,330.97,0.38,0.36,2026-10-08,803,N,VIIRS,n,2.0NRT,300.44,2.69,D,VIIRS_SNPP_NRT
23.70241,86.07349,329.41,0.39,0.36,2026-10-08,724,N21,VIIRS,n,2.0NRT,299.14,2.68,D,VIIRS_NOAA21_NRT
22.76687,77.09739,331.42,0.36,0.58,2026-10-08,724,N21,VIIRS,l,2.0NRT,304.22,2.67,D,VIIRS_NOAA21_NRT
18.81867,78.39907,334.96,0.46,0.39,2026-10-08,818,N20,VIIRS,n,2.0NRT,301.39,2.67,D,VIIRS_NOAA20_NRT
15.15779,76.14048,333.3,0.38,0.36,2026-10-08,818,N20,VIIRS,l,2.0NRT,304.83,2.66,D,VIIRS_NOAA20_NRT
24.98641,77.13086,341.92,0.47,0.39,2026-10-08,820,N20,VIIRS,n,2.0NRT,308.22,2.66,D,VIIRS_NOAA20_NRT
24.5292,71.28011,352.49,0.42,0.38,2026-10-08,820,N20,VIIRS,n,2.0NRT,311.9,2.65,D,VIIRS_NOAA20_NRT
24.53263,71.27941,338.57,0.42,0.38,2026-10-08,820,N20,VIIRS,l,2.0NRT,311.34,2.65,D,VIIRS_NOAA20_NRT
31.25654,74.88118,330.08,0.46,0.39,2026-10-08,803,N,VIIRS,n,2.0NRT,296.25,2.65,D,VIIRS_SNPP_NRT
14.83148,77.96232,337.21,0.41,0.37,2026-10-08,818,N20,VIIRS,n,2.0NRT,305.44,2.64,D,VIIRS_NOAA20_NRT
15.89921,76.126,335.73,0.38,0.36,2026-10-08,818,N20,VIIRS,l,2.0NRT,309.2,2.64,D,VIIRS_NOAA20_NRT
24.84259,76.75882,330.66,0.34,0.56,2026-10-08,724,N21,VIIRS,l,2.0NRT,304.32,2.63,D,VIIRS_NOAA21_NRT
27.74731,77.43755,334.61,0.41,0.37,2026-10-08,803,N,VIIRS,n,2.0NRT,302.9,2.63,D,VIIRS_SNPP_NRT
13.08734,79.94816,333.41,0.47,0.4,2026-10-08,816,N20,VIIRS,n,2.0NRT,298.3,2.62,D,VIIRS_NOAA20_NRT
18.42714,77.75898,338.71,0.43,0.38,2026-10-08,818,N20,VIIRS,n,2.0NRT,307.12,2.62,D,VIIRS_NOAA20_NRT
24.51547,71.28289,339.07,0.42,0.38,2026-10-08,820,N20,VIIRS,l,2.0NRT,312.29,2.62,D,VIIRS_NOAA20_NRT
24.51617,71.28701,354.6,0.42,0.38,2026-10-08,820,N20,VIIRS,n,2.0NRT,311.82,2.62,D,VIIRS_NOAA20_NRT
24.5189,71.28219,351.99,0.42,0.38,2026-10-08,820,N20,VIIRS,n,2.0NRT,311.96,2.62,D,VIIRS_NOAA20_NRT
27.34806,77.65162,332.32,0.52,0.42,2026-10-08,820,N20,VIIRS,n,2.0NRT,300.62,2.61,D,VIIRS_NOAA20_NRT
22.54017,76.8932,333.07,0.43,0.38,2026-10-08,820,N20,VIIRS,l,2.0NRT,307.22,2.6,D,VIIRS_NOAA20_NRT
9.27063,78.81732,334.95,0.4,0.37,2026-10-08,816,N20,VIIRS,n,2.0NRT,296.32,2.59,D,VIIRS_NOAA20_NRT
26.29295,71.09203,353.54,0.41,0.37,2026-10-08,820,N20,VIIRS,n,2.0NRT,314.07,2.59,D,VIIRS_NOAA20_NRT
26.29363,71.09613,341.57,0.41,0.37,2026-10-08,820,N20,VIIRS,l,2.0NRT,315.3,2.59,D,VIIRS_NOAA20_NRT
26.29634,71.09132,339.61,0.41,0.37,2026-10-08,820,N20,VIIRS,l,2.0NRT,314.16,2.59,D,VIIRS_NOAA20_NRT
26.29703,71.09542,353.42,0.41,0.37,2026-10-08,820,N20,VIIRS,n,2.0NRT,314.09,2.59,D,VIIRS_NOAA20_NRT
18.76395,77.82121,330.91,0.43,0.38,2026-10-08,818,N20,VIIRS,l,2.0NRT,305.03,2.57,D,VIIRS_NOAA20_NRT
22.86527,77.25282,335.05,0.47,0.39,2026-10-08,801,N,VIIRS,n,2.0NRT,305.51,2.57,D,VIIRS_SNPP_NRT
23.18392,78.98448,330.59,0.4,0.37,2026-10-08,801,N,VIIRS,l,2.0NRT,304.73,2.57,D,VIIRS_SNPP_NRT
27.31933,77.69017,332.17,0.41,0.37,2026-10-08,803,N,VIIRS,n,2.0NRT,302.13,2.57,D,VIIRS_SNPP_NRT
14.05728,75.02589,332.53,0.4,0.37,2026-10-08,818,N20,VIIRS,n,2.0NRT,298.72,2.56,D,VIIRS_NOAA20_NRT
25.31269,72.75599,335.29,0.5,0.65,2026-10-08,905,N21,VIIRS,l,2.0NRT,309.81,2.55,D,VIIRS_NOAA21_NRT
25.31334,77.10605,333.8,0.44,0.39,2026-10-08,801,N,VIIRS,n,2.0NRT,306.75,2.55,D,VIIRS_SNPP_NRT
14.61362,79.65655,332.13,0.36,0.57,2026-10-08,720,N21,VIIRS,n,2.0NRT,296.9,2.54,D,VIIRS_NOAA21_NRT
14.87556,75.36783,336.97,0.39,0.36,2026-10-08,818,N20,VIIRS,n,2.0NRT,306.44,2.54,D,VIIRS_NOAA20_NRT
22.99618,75.26538,338.01,0.39,0.36,2026-10-08,820,N20,VIIRS,l,2.0NRT,311.27,2.53,D,VIIRS_NOAA20_NRT
21.7681,75.54567,334.89,0.4,0.44,2026-10-08,801,N,VIIRS,n,2.0NRT,307.28,2.52,D,VIIRS_SNPP_NRT
12.44151,79.14423,330.36,0.43,0.38,2026-10-08,816,N20,VIIRS,n,2.0NRT,298.87,2.51,D,VIIRS_NOAA20_NRT
14.855,75.27946,337.17,0.39,0.36,2026-10-08,818,N20,VIIRS,l,2.0NRT,312.08,2.5,D,VIIRS_NOAA20_NRT
16.14441,78.29364,331.3,0.43,0.38,2026-10-08,818,N20,VIIRS,l,2.0NRT,305.03,2.5,D,VIIRS_NOAA20_NRT
25.15973,75.34473,336.89,0.4,0.37,2026-10-08,820,N20,VIIRS,n,2.0NRT,307.22,2.49,D,VIIRS_NOAA20_NRT
19.77318,78.62833,331.2,0.44,0.39,2026-10-08,801,N,VIIRS,l,2.0NRT,305.16,2.49,D,VIIRS_SNPP_NRT
15.92075,77.74921,332.41,0.55,0.43,2026-10-08,758,N,VIIRS,l,2.0NRT,305.48,2.48,D,VIIRS_SNPP_NRT
18.68603,78.3554,331.01,0.46,0.39,2026-10-08,818,N20,VIIRS,n,2.0NRT,300.88,2.47,D,VIIRS_NOAA20_NRT
26.29905,71.0865,340.44,0.41,0.37,2026-10-08,820,N20,VIIRS,l,2.0NRT,314.23,2.47,D,VIIRS_NOAA20_NRT
26.30245,71.08579,342.1,0.41,0.37,2026-10-08,820,N20,VIIRS,l,2.0NRT,313.53,2.47,D,VIIRS_NOAA20_NRT
26.8798,76.66505,337.88,0.44,0.39,2026-10-08,803,N,VIIRS,l,2.0NRT,310.51,2.47,D,VIIRS_SNPP_NRT
20.80472,85.25894,330.91,0.41,0.37,2026-10-08,722,N21,VIIRS,l,2.0NRT,301.16,2.45,D,VIIRS_NOAA21_NRT
20.80812,85.2583,330.16,0.41,0.37,2026-10-08,722,N21,VIIRS,l,2.0NRT,301.24,2.45,D,VIIRS_NOAA21_NRT
9.79653,79.03997,334.51,0.41,0.37,2026-10-08,816,N20,VIIRS,n,2.0NRT,277.92,2.45,D,VIIRS_NOAA20_NRT
27.41836,78.63327,332.08,0.39,0.36,2026-10-08,803,N,VIIRS,n,2.0NRT,302.1,2.45,D,VIIRS_SNPP_NRT
23.19918,76.99378,330.73,0.36,0.57,2026-10-08,724,N21,VIIRS,l,2.0NRT,305.21,2.44,D,VIIRS_NOAA21_NRT
24.89678,76.93249,331.78,0.33,0.56,2026-10-08,724,N21,VIIRS,l,2.0NRT,306.54,2.44,D,VIIRS_NOAA21_NRT
13.05861,79.57869,336.77,0.46,0.39,2026-10-08,816,N20,VIIRS,n,2.0NRT,300.63,2.44,D,VIIRS_NOAA20_NRT
14.43457,75.94498,330.88,0.38,0.36,2026-10-08,818,N20,VIIRS,l,2.0NRT,300.98,2.44,D,VIIRS_NOAA20_NRT
18.80427,78.45453,330.33,0.46,0.39,2026-10-08,818,N20,VIIRS,l,2.0NRT,302.64,2.44,D,VIIRS_NOAA20_NRT
24.9341,76.29752,337.38,0.43,0.38,2026-10-08,820,N20,VIIRS,n,2.0NRT,306.27,2.44,D,VIIRS_NOAA20_NRT
26.15918,71.27932,342.12,0.41,0.37,2026-10-08,820,N20,VIIRS,l,2.0NRT,314.61,2.44,D,VIIRS_NOAA20_NRT
26.16257,71.27863,344.73,0.41,0.37,2026-10-08,820,N20,VIIRS,l,2.0NRT,315.57,2.44,D,VIIRS_NOAA20_NRT
26.16325,71.28269,340.9,0.41,0.37,2026-10-08,820,N20,VIIRS,l,2.0NRT,314.84,2.44,D,VIIRS_NOAA20_NRT
28.61166,78.54624,330.24,0.4,0.44,2026-10-08,822,N20,VIIRS,n,2.0NRT,297.86,2.44,D,VIIRS_NOAA20_NRT
22.45248,77.1785,336.27,0.44,0.39,2026-10-08,820,N20,VIIRS,l,2.0NRT,311.15,2.42,D,VIIRS_NOAA20_NRT
15.91257,78.35551,334.97,0.51,0.41,2026-10-08,758,N,VIIRS,n,2.0NRT,302.16,2.41,D,VIIRS_SNPP_NRT
27.94741,77.60773,335.77,0.4,0.37,2026-10-08,803,N,VIIRS,n,2.0NRT,306.71,2.4,D,VIIRS_SNPP_NRT
21.70323,75.63456,335.43,0.39,0.36,2026-10-08,820,N20,VIIRS,l,2.0NRT,309.64,2.39,D,VIIRS_NOAA20_NRT
23.6951,85.3719,328.82,0.47,0.64,2026-10-08,820,N20,VIIRS,n,2.0NRT,291.56,2.39,D,VIIRS_NOAA20_NRT
24.83852,77.04986,333.2,0.46,0.39,2026-10-08,820,N20,VIIRS,l,2.0NRT,308.16,2.39,D,VIIRS_NOAA20_NRT
15.68079,77.64573,331.55,0.41,0.37,2026-10-08,818,N20,VIIRS,l,2.0NRT,302.71,2.38,D,VIIRS_NOAA20_NRT
18.92845,78.4121,334.75,0.36,0.57,2026-10-08,722,N21,VIIRS,n,2.0NRT,293.72,2.37,D,VIIRS_NOAA21_NRT
17.80069,76.1765,331.9,0.39,0.36,2026-10-08,818,N20,VIIRS,n,2.0NRT,303.22,2.36,D,VIIRS_NOAA20_NRT
23.90504,71.20796,344.86,0.43,0.38,2026-10-08,820,N20,VIIRS,n,2.0NRT,311.08,2.35,D,VIIRS_NOAA20_NRT
15.18468,76.31795,331.07,0.38,0.36,2026-10-08,818,N20,VIIRS,l,2.0NRT,305.7,2.34,D,VIIRS_NOAA20_NRT
23.2441,79.5797,331.92,0.4,0.44,2026-10-08,820,N20,VIIRS,l,2.0NRT,305.98,2.34,D,VIIRS_NOAA20_NRT
18.96077,78.49372,333.64,0.46,0.39,2026-10-08,758,N,VIIRS,n,2.0NRT,301.51,2.34,D,VIIRS_SNPP_NRT
27.05885,77.02403,340.59,0.43,0.38,2026-10-08,803,N,VIIRS,n,2.0NRT,307.16,2.33,D,VIIRS_SNPP_NRT
18.75303,78.294,331.45,0.45,0.39,2026-10-08,818,N20,VIIRS,n,2.0NRT,304.24,2.32,D,VIIRS_NOAA20_NRT
27.3789,95.33431,327.86,0.35,0.56,2026-10-08,724,N21,VIIRS,n,2.0NRT,293.47,2.31,D,VIIRS_NOAA21_NRT
20.83196,76.78794,337.14,0.42,0.37,2026-10-08,820,N20,VIIRS,n,2.0NRT,307.01,2.3,D,VIIRS_NOAA20_NRT
23.03577,72.27823,339.02,0.41,0.37,2026-10-08,820,N20,VIIRS,n,2.0NRT,306.72,2.29,D,VIIRS_NOAA20_NRT
28.67666,78.48322,330.98,0.39,0.36,2026-10-08,803,N,VIIRS,n,2.0NRT,298.91,2.29,D,VIIRS_SNPP_NRT
24.74817,77.67365,331.51,0.43,0.38,2026-10-08,801,N,VIIRS,n,2.0NRT,304.19,2.28,D,VIIRS_SNPP_NRT
24.88561,76.16251,334.23,0.43,0.38,2026-10-08,820,N20,VIIRS,l,2.0NRT,308.8,2.27,D,VIIRS_NOAA20_NRT
14.96233,75.53234,335.75,0.39,0.36,2026-10-08,818,N20,VIIRS,l,2.0NRT,307.03,2.26,D,VIIRS_NOAA20_NRT
16.49622,79.58268,335.57,0.5,0.41,2026-10-08,818,N20,VIIRS,l,2.0NRT,307.28,2.26,D,VIIRS_NOAA20_NRT
11.86499,78.90057,330.37,0.42,0.38,2026-10-08,816,N20,VIIRS,n,2.0NRT,298.84,2.25,D,VIIRS_NOAA20_NRT
21.1673,71.93741,335.22,0.43,0.38,2026-10-08,820,N20,VIIRS,n,2.0NRT,305.03,2.25,D,VIIRS_NOAA20_NRT
26.30111,71.09882,344.86,0.41,0.37,2026-10-08,820,N20,VIIRS,l,2.0NRT,314.98,2.24,D,VIIRS_NOAA20_NRT
26.30179,71.10293,346.83,0.41,0.37,2026-10-08,820,N20,VIIRS,n,2.0NRT,313.99,2.24,D,VIIRS_NOAA20_NRT
26.3045,71.09811,342.25,0.41,0.37,2026-10-08,820,N20,VIIRS,l,2.0NRT,315.06,2.24,D,VIIRS_NOAA20_NRT
26.30519,71.10222,345.06,0.41,0.37,2026-10-08,820,N20,VIIRS,n,2.0NRT,313.31,2.24,D,VIIRS_NOAA20_NRT
21.75154,76.30173,337.8,0.54,0.42,2026-10-08,801,N,VIIRS,n,2.0NRT,310.31,2.23,D,VIIRS_SNPP_NRT
19.76331,78.61288,334.76,0.44,0.39,2026-10-08,801,N,VIIRS,l,2.0NRT,307.01,2.22,D,VIIRS_SNPP_NRT
28.46671,77.19024,334.5,0.41,0.37,2026-10-08,803,N,VIIRS,n,2.0NRT,301.47,2.22,D,VIIRS_SNPP_NRT
13.9985,77.32608,334.74,0.39,0.36,2026-10-08,818,N20,VIIRS,n,2.0NRT,301.28,2.2,D,VIIRS_NOAA20_NRT
18.2059,83.82793,331.53,0.41,0.37,2026-10-08,758,N,VIIRS,n,2.0NRT,299.76,2.19,D,VIIRS_SNPP_NRT
27.61137,95.95857,326.76,0.38,0.59,2026-10-08,724,N21,VIIRS,n,2.0NRT,293.65,2.18,D,VIIRS_NOAA21_NRT
18.68406,73.03023,333.07,0.42,0.37,2026-10-08,818,N20,VIIRS,l,2.0NRT,306.43,2.18,D,VIIRS_NOAA20_NRT
17.46757,81.13331,330.35,0.39,0.36,2026-10-08,758,N,VIIRS,n,2.0NRT,304.49,2.18,D,VIIRS_SNPP_NRT
16.42721,79.65093,334.96,0.33,0.55,2026-10-08,722,N21,VIIRS,n,2.0NRT,302.35,2.16,D,VIIRS_NOAA21_NRT
13.30303,79.99482,330.6,0.48,0.4,2026-10-08,816,N20,VIIRS,n,2.0NRT,298.45,2.15,D,VIIRS_NOAA20_NRT
14.88103,75.33758,337.04,0.39,0.36,2026-10-08,818,N20,VIIRS,l,2.0NRT,311.31,2.15,D,VIIRS_NOAA20_NRT
23.16134,79.43484,333.25,0.39,0.44,2026-10-08,820,N20,VIIRS,l,2.0NRT,305.51,2.14,D,VIIRS_NOAA20_NRT
26.53104,71.63135,339.3,0.4,0.37,2026-10-08,820,N20,VIIRS,l,2.0NRT,313.93,2.14,D,VIIRS_NOAA20_NRT
26.53439,71.63068,338.12,0.4,0.37,2026-10-08,820,N20,VIIRS,l,2.0NRT,312.92,2.14,D,VIIRS_NOAA20_NRT
16.79815,73.46426,332.81,0.42,0.38,2026-10-08,818,N20,VIIRS,n,2.0NRT,301.24,2.13,D,VIIRS_NOAA20_NRT
22.29373,75.89782,336.0,0.4,0.37,2026-10-08,820,N20,VIIRS,n,2.0NRT,309.38,2.13,D,VIIRS_NOAA20_NRT
28.38011,76.26691,334.56,0.46,0.39,2026-10-08,822,N20,VIIRS,l,2.0NRT,307.21,2.13,D,VIIRS_NOAA20_NRT
21.33579,78.9689,337.86,0.42,0.37,2026-10-08,801,N,VIIRS,n,2.0NRT,309.82,2.13,D,VIIRS_SNPP_NRT
20.52971,78.30808,335.2,0.45,0.39,2026-10-08,801,N,VIIRS,l,2.0NRT,306.57,2.12,D,VIIRS_SNPP_NRT
25.39795,76.48427,333.6,0.35,0.57,2026-10-08,724,N21,VIIRS,l,2.0NRT,307.22,2.11,D,VIIRS_NOAA21_NRT
18.96053,77.88925,333.42,0.44,0.38,2026-10-08,818,N20,VIIRS,l,2.0NRT,307.48,2.1,D,VIIRS_NOAA20_NRT
14.89745,75.29037,335.96,0.39,0.36,2026-10-08,818,N20,VIIRS,l,2.0NRT,310.09,2.09,D,VIIRS_NOAA20_NRT
23.13132,75.09109,332.96,0.4,0.44,2026-10-08,801,N,VIIRS,l,2.0NRT,306.89,2.08,D,VIIRS_SNPP_NRT
14.9187,77.49821,332.52,0.4,0.37,2026-10-08,818,N20,VIIRS,l,2.0NRT,305.05,2.07,D,VIIRS_NOAA20_NRT
24.51687,71.29114,347.49,0.42,0.38,2026-10-08,820,N20,VIIRS,n,2.0NRT,311.74,2.07,D,VIIRS_NOAA20_NRT
24.51758,71.29527,344.96,0.42,0.38,2026-10-08,820,N20,VIIRS,n,2.0NRT,311.65,2.07,D,VIIRS_NOAA20_NRT
24.52101,71.29457,337.41,0.42,0.38,2026-10-08,820,N20,VIIRS,l,2.0NRT,311.76,2.07,D,VIIRS_NOAA20_NRT
22.31763,82.55988,332.46,0.4,0.37,2026-10-08,801,N,VIIRS,l,2.0NRT,302.75,2.07,D,VIIRS_SNPP_NRT
9.44082,78.83886,336.53,0.4,0.37,2026-10-08,816,N20,VIIRS,n,2.0NRT,291.54,2.06,D,VIIRS_NOAA20_NRT
20.83098,78.59595,333.66,0.32,0.54,2026-10-08,722,N21,VIIRS,n,2.0NRT,305.41,2.05,D,VIIRS_NOAA21_NRT
22.63535,77.24934,331.61,0.36,0.57,2026-10-08,724,N21,VIIRS,l,2.0NRT,303.06,2.05,D,VIIRS_NOAA21_NRT
12.97114,79.31672,330.18,0.44,0.39,2026-10-08,816,N20,VIIRS,n,2.0NRT,299.77,2.04,D,VIIRS_NOAA20_NRT
18.82613,78.28908,330.11,0.37,0.58,2026-10-08,722,N21,VIIRS,n,2.0NRT,298.99,2.03,D,VIIRS_NOAA21_NRT
9.96265,76.79266,332.04,0.39,0.36,2026-10-08,816,N20,VIIRS,n,2.0NRT,295.67,2.03,D,VIIRS_NOAA20_NRT
11.73795,78.68997,331.73,0.56,0.43,2026-10-08,756,N,VIIRS,n,2.0NRT,292.61,2.03,D,VIIRS_SNPP_NRT
27.6064,96.27484,326.71,0.41,0.37,2026-10-08,640,N20,VIIRS,n,2.0NRT,296.92,2.01,D,VIIRS_NOAA20_NRT
16.49014,79.40147,331.98,0.45,0.39,2026-10-08,758,N,VIIRS,l,2.0NRT,306.75,2.01,D,VIIRS_SNPP_NRT
31.19011,75.00681,330.11,0.44,0.38,2026-10-08,822,N20,VIIRS,n,2.0NRT,299.19,2.0,D,VIIRS_NOAA20_NRT
11.05859,78.03193,336.4,0.42,0.45,2026-10-08,756,N,VIIRS,n,2.0NRT,295.15,1.98,D,VIIRS_SNPP_NRT
18.98202,78.41486,331.78,0.46,0.39,2026-10-08,758,N,VIIRS,n,2.0NRT,303.08,1.98,D,VIIRS_SNPP_NRT
20.19823,77.08901,330.92,0.41,0.61,2026-10-08,722,N21,VIIRS,l,2.0NRT,303.08,1.97,D,VIIRS_NOAA21_NRT
24.52234,71.2815,350.63,0.42,0.38,2026-10-08,820,N20,VIIRS,n,2.0NRT,311.74,1.96,D,VIIRS_NOAA20_NRT
24.52304,71.28563,343.13,0.42,0.38,2026-10-08,820,N20,VIIRS,n,2.0NRT,311.44,1.96,D,VIIRS_NOAA20_NRT
24.52577,71.2808,343.44,0.42,0.38,2026-10-08,820,N20,VIIRS,n,2.0NRT,311.54,1.96,D,VIIRS_NOAA20_NRT
24.52647,71.28493,338.79,0.42,0.38,2026-10-08,820,N20,VIIRS,l,2.0NRT,311.14,1.96,D,VIIRS_NOAA20_NRT
21.23482,81.40994,334.24,0.38,0.36,2026-10-08,801,N,VIIRS,l,2.0NRT,305.32,1.96,D,VIIRS_SNPP_NRT
22.60814,75.15851,334.15,0.4,0.44,2026-10-08,801,N,VIIRS,n,2.0NRT,306.21,1.96,D,VIIRS_SNPP_NRT
21.39951,70.48522,330.84,0.32,0.54,2026-10-08,905,N21,VIIRS,l,2.0NRT,303.21,1.95,D,VIIRS_NOAA21_NRT
19.39336,76.55901,340.07,0.4,0.37,2026-10-08,818,N20,VIIRS,n,2.0NRT,307.74,1.95,D,VIIRS_NOAA20_NRT
26.25091,75.68216,338.46,0.42,0.38,2026-10-08,820,N20,VIIRS,l,2.0NRT,313.42,1.95,D,VIIRS_NOAA20_NRT
20.59955,78.63258,335.07,0.43,0.38,2026-10-08,801,N,VIIRS,n,2.0NRT,305.69,1.95,D,VIIRS_SNPP_NRT
27.45275,78.45705,331.17,0.39,0.44,2026-10-08,820,N20,VIIRS,n,2.0NRT,300.64,1.93,D,VIIRS_NOAA20_NRT
28.46548,77.19356,330.12,0.51,0.41,2026-10-08,822,N20,VIIRS,n,2.0NRT,300.37,1.93,D,VIIRS_NOAA20_NRT
18.94499,77.92397,331.69,0.49,0.4,2026-10-08,758,N,VIIRS,l,2.0NRT,306.4,1.93,D,VIIRS_SNPP_NRT
14.01834,77.48212,331.88,0.39,0.37,2026-10-08,818,N20,VIIRS,l,2.0NRT,302.54,1.92,D,VIIRS_NOAA20_NRT
17.46816,81.13412,330.75,0.42,0.45,2026-10-08,818,N20,VIIRS,n,2.0NRT,301.31,1.92,D,VIIRS_NOAA20_NRT
24.68757,77.11656,333.88,0.45,0.39,2026-10-08,801,N,VIIRS,n,2.0NRT,308.48,1.92,D,VIIRS_SNPP_NRT
17.35664,75.01791,334.76,0.39,0.36,2026-10-08,818,N20,VIIRS,l,2.0NRT,308.96,1.9,D,VIIRS_NOAA20_NRT
22.65019,77.30774,334.35,0.45,0.39,2026-10-08,820,N20,VIIRS,n,2.0NRT,306.16,1.9,D,VIIRS_NOAA20_NRT
24.66175,76.76459,332.16,0.35,0.56,2026-10-08,724,N21,VIIRS,l,2.0NRT,304.45,1.89,D,VIIRS_NOAA21_NRT
16.93989,81.37455,330.14,0.39,0.36,2026-10-08,758,N,VIIRS,n,2.0NRT,296.89,1.89,D,VIIRS_SNPP_NRT
16.4948,79.58567,336.23,0.5,0.41,2026-10-08,818,N20,VIIRS,n,2.0NRT,305.36,1.87,D,VIIRS_NOAA20_NRT
22.50001,76.80983,334.32,0.49,0.41,2026-10-08,801,N,VIIRS,l,2.0NRT,308.48,1.87,D,VIIRS_SNPP_NRT
18.97162,77.94277,332.18,0.44,0.38,2026-10-08,818,N20,VIIRS,l,2.0NRT,307.13,1.85,D,VIIRS_NOAA20_NRT
22.3514,76.25729,336.07,0.41,0.37,2026-10-08,820,N20,VIIRS,l,2.0NRT,309.75,1.85,D,VIIRS_NOAA20_NRT
23.71697,77.14465,337.69,0.45,0.39,2026-10-08,820,N20,VIIRS,l,2.0NRT,310.26,1.85,D,VIIRS_NOAA20_NRT
24.89587,76.68025,333.52,0.47,0.39,2026-10-08,801,N,VIIRS,n,2.0NRT,306.42,1.84,D,VIIRS_SNPP_NRT
27.59163,96.29089,327.4,0.41,0.37,2026-10-08,640,N20,VIIRS,n,2.0NRT,297.33,1.8,D,VIIRS_NOAA20_NRT
19.07703,78.00034,330.21,0.44,0.39,2026-10-08,818,N20,VIIRS,l,2.0NRT,305.11,1.78,D,VIIRS_NOAA20_NRT
21.15431,76.1036,335.36,0.4,0.37,2026-10-08,820,N20,VIIRS,l,2.0NRT,308.69,1.78,D,VIIRS_NOAA20_NRT
22.49883,76.80969,334.84,0.43,0.38,2026-10-08,820,N20,VIIRS,l,2.0NRT,308.32,1.78,D,VIIRS_NOAA20_NRT
28.0582,77.63968,334.47,0.4,0.37,2026-10-08,803,N,VIIRS,n,2.0NRT,302.73,1.78,D,VIIRS_SNPP_NRT
20.55504,78.73737,331.69,0.43,0.38,2026-10-08,801,N,VIIRS,n,2.0NRT,305.91,1.77,D,VIIRS_SNPP_NRT
24.66457,76.76502,332.17,0.35,0.56,2026-10-08,724,N21,VIIRS,l,2.0NRT,304.16,1.75,D,VIIRS_NOAA21_NRT
11.68897,76.8921,330.1,0.48,0.48,2026-10-08,758,N,VIIRS,n,2.0NRT,298.71,1.75,D,VIIRS_SNPP_NRT
27.72685,96.27907,332.28,0.41,0.37,2026-10-08,640,N20,VIIRS,n,2.0NRT,298.06,1.73,D,VIIRS_NOAA20_NRT
19.75909,78.631,332.65,0.44,0.39,2026-10-08,801,N,VIIRS,l,2.0NRT,304.2,1.73,D,VIIRS_SNPP_NRT
27.06277,78.65926,333.38,0.39,0.36,2026-10-08,803,N,VIIRS,n,2.0NRT,303.85,1.73,D,VIIRS_SNPP_NRT
23.68171,86.09602,328.75,0.39,0.36,2026-10-08,724,N21,VIIRS,n,2.0NRT,297.36,1.72,D,VIIRS_NOAA21_NRT
18.75493,77.75567,331.21,0.43,0.38,2026-10-08,818,N20,VIIRS,l,2.0NRT,305.19,1.7,D,VIIRS_NOAA20_NRT
16.85998,79.55676,330.4,0.44,0.38,2026-10-08,758,N,VIIRS,l,2.0NRT,304.71,1.7,D,VIIRS_SNPP_NRT
12.34489,79.84022,331.01,0.46,0.39,2026-10-08,816,N20,VIIRS,n,2.0NRT,293.17,1.69,D,VIIRS_NOAA20_NRT
23.24857,77.23021,332.1,0.45,0.39,2026-10-08,820,N20,VIIRS,l,2.0NRT,306.49,1.69,D,VIIRS_NOAA20_NRT
23.33331,76.6317,338.03,0.43,0.38,2026-10-08,820,N20,VIIRS,l,2.0NRT,310.7,1.69,D,VIIRS_NOAA20_NRT
22.14783,75.09534,334.22,0.41,0.45,2026-10-08,801,N,VIIRS,n,2.0NRT,306.67,1.69,D,VIIRS_SNPP_NRT
18.45288,74.59422,336.6,0.39,0.36,2026-10-08,818,N20,VIIRS,n,2.0NRT,306.6,1.67,D,VIIRS_NOAA20_NRT
24.30315,78.21176,331.38,0.41,0.37,2026-10-08,801,N,VIIRS,l,2.0NRT,304.16,1.67,D,VIIRS_SNPP_NRT
17.2833,75.18148,336.74,0.38,0.36,2026-10-08,818,N20,VIIRS,l,2.0NRT,310.93,1.66,D,VIIRS_NOAA20_NRT
13.303,79.99628,330.51,0.48,0.4,2026-10-08,816,N20,VIIRS,n,2.0NRT,298.27,1.65,D,VIIRS_NOAA20_NRT
21.2022,75.41241,332.21,0.41,0.45,2026-10-08,801,N,VIIRS,l,2.0NRT,305.8,1.65,D,VIIRS_SNPP_NRT
24.34145,77.36031,335.02,0.32,0.55,2026-10-08,724,N21,VIIRS,n,2.0NRT,303.05,1.64,D,VIIRS_NOAA21_NRT
14.44956,80.14507,333.8,0.33,0.56,2026-10-08,720,N21,VIIRS,n,2.0NRT,295.24,1.62,D,VIIRS_NOAA21_NRT
25.17845,77.74823,333.97,0.42,0.38,2026-10-08,801,N,VIIRS,l,2.0NRT,307.73,1.62,D,VIIRS_SNPP_NRT
24.45157,74.91878,337.73,0.39,0.36,2026-10-08,820,N20,VIIRS,n,2.0NRT,311.57,1.61,D,VIIRS_NOAA20_NRT
29.49921,75.58569,332.18,0.45,0.39,2026-10-08,803,N,VIIRS,n,2.0NRT,301.36,1.59,D,VIIRS_SNPP_NRT
24.80888,76.67953,331.42,0.35,0.57,2026-10-08,724,N21,VIIRS,l,2.0NRT,304.97,1.58,D,VIIRS_NOAA21_NRT
23.06454,75.05975,335.32,0.39,0.36,2026-10-08,820,N20,VIIRS,l,2.0NRT,308.47,1.58,D,VIIRS_NOAA20_NRT
23.10341,76.11227,336.03,0.41,0.37,2026-10-08,820,N20,VIIRS,l,2.0NRT,309.13,1.57,D,VIIRS_NOAA20_NRT
18.82397,77.84149,333.18,0.44,0.38,2026-10-08,818,N20,VIIRS,l,2.0NRT,307.46,1.55,D,VIIRS_NOAA20_NRT
9.79993,79.03946,332.79,0.41,0.37,2026-10-08,816,N20,VIIRS,n,2.0NRT,278.13,1.54,D,VIIRS_NOAA20_NRT
14.46836,77.79944,331.44,0.4,0.37,2026-10-08,818,N20,VIIRS,n,2.0NRT,299.42,1.54,D,VIIRS_NOAA20_NRT
18.82515,78.31059,331.24,0.36,0.58,2026-10-08,722,N21,VIIRS,n,2.0NRT,298.83,1.52,D,VIIRS_NOAA21_NRT
14.92483,77.71726,334.83,0.4,0.37,2026-10-08,818,N20,VIIRS,n,2.0NRT,302.14,1.49,D,VIIRS_NOAA20_NRT
15.07069,77.42075,334.64,0.4,0.37,2026-10-08,818,N20,VIIRS,l,2.0NRT,306.06,1.45,D,VIIRS_NOAA20_NRT
28.44084,76.7299,331.34,0.49,0.4,2026-10-08,822,N20,VIIRS,l,2.0NRT,303.24,1.45,D,VIIRS_NOAA20_NRT
27.08887,78.77883,333.07,0.39,0.36,2026-10-08,803,N,VIIRS,n,2.0NRT,301.67,1.45,D,VIIRS_SNPP_NRT
27.02854,76.76647,338.41,0.44,0.38,2026-10-08,803,N,VIIRS,l,2.0NRT,312.47,1.44,D,VIIRS_SNPP_NRT
22.9617,75.79245,335.3,0.43,0.62,2026-10-08,724,N21,VIIRS,n,2.0NRT,304.13,1.41,D,VIIRS_NOAA21_NRT
24.92212,76.58897,336.97,0.44,0.38,2026-10-08,820,N20,VIIRS,l,2.0NRT,309.39,1.41,D,VIIRS_NOAA20_NRT
10.8806,77.69263,335.32,0.39,0.36,2026-10-08,816,N20,VIIRS,n,2.0NRT,300.58,1.36,D,VIIRS_NOAA20_NRT
28.0156,77.55161,336.81,0.41,0.37,2026-10-08,803,N,VIIRS,n,2.0NRT,303.09,1.36,D,VIIRS_SNPP_NRT
14.77843,75.68347,330.46,0.39,0.36,2026-10-08,818,N20,VIIRS,n,2.0NRT,297.96,1.35,D,VIIRS_NOAA20_NRT
24.73502,76.79261,331.38,0.34,0.56,2026-10-08,724,N21,VIIRS,l,2.0NRT,305.55,1.31,D,VIIRS_NOAA21_NRT
22.98103,79.52112,330.59,0.39,0.44,2026-10-08,820,N20,VIIRS,n,2.0NRT,302.07,1.26,D,VIIRS_NOAA20_NRT
24.30903,71.55938,336.01,0.42,0.37,2026-10-08,820,N20,VIIRS,l,2.0NRT,309.39,1.25,D,VIIRS_NOAA20_NRT
21.63782,76.16354,333.94,0.55,0.43,2026-10-08,801,N,VIIRS,n,2.0NRT,305.87,1.25,D,VIIRS_SNPP_NRT
11.33179,78.93762,330.42,0.42,0.37,2026-10-08,816,N20,VIIRS,n,2.0NRT,295.61,1.24,D,VIIRS_NOAA20_NRT
27.88098,77.71396,333.14,0.4,0.37,2026-10-08,803,N,VIIRS,n,2.0NRT,302.01,1.24,D,VIIRS_SNPP_NRT
28.06514,76.44601,335.46,0.44,0.38,2026-10-08,803,N,VIIRS,l,2.0NRT,309.71,1.22,D,VIIRS_SNPP_NRT
15.07059,77.42097,331.35,0.39,0.44,2026-10-08,758,N,VIIRS,l,2.0NRT,302.95,1.21,D,VIIRS_SNPP_NRT
27.99184,77.70774,331.5,0.4,0.37,2026-10-08,803,N,VIIRS,l,2.0NRT,302.62,1.15,D,VIIRS_SNPP_NRT
24.81697,76.69173,331.78,0.35,0.57,2026-10-08,724,N21,VIIRS,l,2.0NRT,305.94,1.09,D,VIIRS_NOAA21_NRT
28.537,77.71703,330.34,0.4,0.37,2026-10-08,803,N,VIIRS,l,2.0NRT,300.39,1.08,D,VIIRS_SNPP_NRT
22.18193,75.17228,336.42,0.39,0.36,2026-10-08,820,N20,VIIRS,l,2.0NRT,311.12,1.06,D,VIIRS_NOAA20_NRT
24.07242,78.04947,332.79,0.42,0.38,2026-10-08,801,N,VIIRS,n,2.0NRT,306.64,1.05,D,VIIRS_SNPP_NRT
17.5706,75.32794,332.22,0.38,0.36,2026-10-08,818,N20,VIIRS,l,2.0NRT,306.0,1.01,D,VIIRS_NOAA20_NRT
22.80714,77.33834,334.04,0.35,0.57,2026-10-08,724,N21,VIIRS,n,2.0NRT,302.42,1.0,D,VIIRS_NOAA21_NRT
10.94723,77.6169,334.26,0.39,0.36,2026-10-08,816,N20,VIIRS,n,2.0NRT,303.0,0.99,D,VIIRS_NOAA20_NRT
22.90258,75.25409,334.87,0.39,0.44,2026-10-08,801,N,VIIRS,l,2.0NRT,307.49,0.85,D,VIIRS_SNPP_NRT
27.27642,77.02309,334.72,0.43,0.38,2026-10-08,803,N,VIIRS,l,2.0NRT,307.38,0.67,D,VIIRS_SNPP_NRT
20.40619,75.12879,344.29,0.57,0.43,2026-10-07,837,N20,VIIRS,n,2.0NRT,310.59,23.52,D,VIIRS_NOAA20_NRT
24.48103,77.14761,343.06,0.57,0.52,2026-10-07,837,N20,VIIRS,n,2.0NRT,302.74,21.43,D,VIIRS_NOAA20_NRT
31.80039,74.5827,334.4,0.39,0.36,2026-10-07,822,N,VIIRS,n,2.0NRT,300.42,19.35,D,VIIRS_SNPP_NRT
20.40406,75.12663,346.11,0.57,0.43,2026-10-07,837,N20,VIIRS,n,2.0NRT,308.62,17.24,D,VIIRS_NOAA20_NRT
20.40806,75.12612,343.3,0.57,0.43,2026-10-07,837,N20,VIIRS,n,2.0NRT,304.02,17.24,D,VIIRS_NOAA20_NRT
21.10517,72.64448,340.53,0.48,0.4,2026-10-07,818,N,VIIRS,n,2.0NRT,308.0,15.7,D,VIIRS_SNPP_NRT
21.10598,72.64908,333.95,0.48,0.4,2026-10-07,818,N,VIIRS,l,2.0NRT,306.08,15.7,D,VIIRS_SNPP_NRT
25.55704,79.08351,355.84,0.42,0.38,2026-10-07,741,N21,VIIRS,l,2.0NRT,302.56,14.98,D,VIIRS_NOAA21_NRT
25.55774,79.08762,347.99,0.42,0.38,2026-10-07,741,N21,VIIRS,n,2.0NRT,302.21,14.98,D,VIIRS_NOAA21_NRT
15.25488,77.48218,349.27,0.47,0.48,2026-10-07,739,N21,VIIRS,n,2.0NRT,301.39,13.94,D,VIIRS_NOAA21_NRT
21.10359,72.64757,336.82,0.35,0.57,2026-10-07,2010,N21,VIIRS,n,2.0NRT,296.84,13.62,N,VIIRS_NOAA21_NRT
21.10392,72.6442,367.0,0.35,0.57,2026-10-07,2010,N21,VIIRS,h,2.0NRT,298.35,13.62,N,VIIRS_NOAA21_NRT
20.78141,85.26153,332.58,0.47,0.39,2026-10-07,2010,N21,VIIRS,n,2.0NRT,296.02,13.07,N,VIIRS_NOAA21_NRT
20.78499,85.26225,322.79,0.47,0.39,2026-10-07,2010,N21,VIIRS,n,2.0NRT,295.54,13.07,N,VIIRS_NOAA21_NRT
24.48314,77.14733,347.16,0.4,0.37,2026-10-07,820,N,VIIRS,n,2.0NRT,306.22,13.03,D,VIIRS_SNPP_NRT
22.52534,76.97836,354.77,0.53,0.5,2026-10-07,837,N20,VIIRS,n,2.0NRT,306.05,12.77,D,VIIRS_NOAA20_NRT
31.87902,74.86026,336.96,0.52,0.41,2026-10-07,744,N21,VIIRS,n,2.0NRT,301.1,12.47,D,VIIRS_NOAA21_NRT
24.48131,77.15086,341.16,0.57,0.52,2026-10-07,837,N20,VIIRS,n,2.0NRT,301.67,11.81,D,VIIRS_NOAA20_NRT
16.20538,77.7427,343.86,0.49,0.49,2026-10-07,835,N20,VIIRS,n,2.0NRT,305.89,11.62,D,VIIRS_NOAA20_NRT
23.34131,69.24453,331.36,0.57,0.69,2026-10-07,924,N21,VIIRS,l,2.0NRT,303.77,11.48,D,VIIRS_NOAA21_NRT
20.96663,86.01311,338.27,0.47,0.4,2026-10-07,741,N21,VIIRS,n,2.0NRT,305.2,11.41,D,VIIRS_NOAA21_NRT
24.88261,76.94803,334.15,0.52,0.42,2026-10-07,741,N21,VIIRS,l,2.0NRT,308.05,11.4,D,VIIRS_NOAA21_NRT
20.79552,85.25574,335.31,0.43,0.38,2026-10-07,741,N21,VIIRS,n,2.0NRT,303.48,11.29,D,VIIRS_NOAA21_NRT
21.07648,85.03743,337.31,0.43,0.38,2026-10-07,741,N21,VIIRS,l,2.0NRT,309.87,11.02,D,VIIRS_NOAA21_NRT
21.07996,85.03689,340.76,0.43,0.38,2026-10-07,741,N21,VIIRS,n,2.0NRT,307.86,10.45,D,VIIRS_NOAA21_NRT
20.96465,86.00629,350.84,0.36,0.57,2026-10-07,818,N,VIIRS,n,2.0NRT,298.19,10.39,D,VIIRS_SNPP_NRT
21.75635,83.84553,329.64,0.54,0.5,2026-10-07,818,N,VIIRS,n,2.0NRT,299.22,10.13,D,VIIRS_SNPP_NRT
10.60209,77.88742,353.58,0.42,0.45,2026-10-07,835,N20,VIIRS,n,2.0NRT,300.61,9.95,D,VIIRS_NOAA20_NRT
17.59283,82.78714,345.77,0.39,0.36,2026-10-07,739,N21,VIIRS,n,2.0NRT,303.19,9.93,D,VIIRS_NOAA21_NRT
25.94276,72.19291,331.97,0.4,0.37,2026-10-07,2106,N20,VIIRS,n,2.0NRT,299.24,9.92,N,VIIRS_NOAA20_NRT
24.48077,77.14523,336.54,0.57,0.52,2026-10-07,837,N20,VIIRS,n,2.0NRT,301.95,9.84,D,VIIRS_NOAA20_NRT
20.78562,85.26157,334.15,0.43,0.38,2026-10-07,741,N21,VIIRS,l,2.0NRT,304.56,9.82,D,VIIRS_NOAA21_NRT
21.10591,72.64562,338.32,0.46,0.39,2026-10-07,2049,N,VIIRS,n,2.0NRT,301.63,9.82,N,VIIRS_SNPP_NRT
17.6,83.18454,341.59,0.38,0.36,2026-10-07,739,N21,VIIRS,n,2.0NRT,301.76,9.69,D,VIIRS_NOAA21_NRT
24.88166,76.94291,334.78,0.53,0.42,2026-10-07,741,N21,VIIRS,l,2.0NRT,309.3,9.51,D,VIIRS_NOAA21_NRT
24.47974,74.89939,346.25,0.39,0.36,2026-10-07,820,N,VIIRS,n,2.0NRT,310.19,9.48,D,VIIRS_SNPP_NRT
12.76045,76.86853,340.13,0.57,0.52,2026-10-07,739,N21,VIIRS,n,2.0NRT,296.45,9.47,D,VIIRS_NOAA21_NRT
21.76127,84.02175,341.15,0.55,0.51,2026-10-07,818,N,VIIRS,n,2.0NRT,297.81,9.47,D,VIIRS_SNPP_NRT
21.74834,83.84128,336.02,0.4,0.37,2026-10-07,741,N21,VIIRS,n,2.0NRT,305.49,9.46,D,VIIRS_NOAA21_NRT
20.78605,85.26023,353.48,0.35,0.57,2026-10-07,1925,N20,VIIRS,n,2.0NRT,293.65,9.4,N,VIIRS_NOAA20_NRT
20.78639,85.25684,324.3,0.35,0.57,2026-10-07,1925,N20,VIIRS,n,2.0NRT,291.43,9.4,N,VIIRS_NOAA20_NRT
24.48418,77.14616,337.68,0.38,0.36,2026-10-07,2046,N,VIIRS,n,2.0NRT,295.8,9.37,N,VIIRS_SNPP_NRT
23.41446,72.35252,330.79,0.42,0.38,2026-10-07,2106,N20,VIIRS,n,2.0NRT,297.02,9.33,N,VIIRS_NOAA20_NRT
22.35753,82.30158,336.85,0.38,0.36,2026-10-07,741,N21,VIIRS,l,2.0NRT,307.13,9.28,D,VIIRS_NOAA21_NRT
21.88718,77.86402,344.65,0.52,0.42,2026-10-07,741,N21,VIIRS,n,2.0NRT,302.67,9.22,D,VIIRS_NOAA21_NRT
22.35872,82.30399,338.6,0.44,0.46,2026-10-07,818,N,VIIRS,n,2.0NRT,304.35,9.14,D,VIIRS_SNPP_NRT
21.0802,85.03526,343.37,0.45,0.39,2026-10-07,2010,N21,VIIRS,n,2.0NRT,296.31,8.91,N,VIIRS_NOAA21_NRT
18.75324,78.75483,343.05,0.62,0.54,2026-10-07,837,N20,VIIRS,n,2.0NRT,298.72,8.89,D,VIIRS_NOAA20_NRT
21.10353,72.63525,347.71,0.48,0.4,2026-10-07,818,N,VIIRS,n,2.0NRT,304.72,8.87,D,VIIRS_SNPP_NRT
17.24965,78.38809,340.45,0.38,0.43,2026-10-07,739,N21,VIIRS,n,2.0NRT,302.21,8.84,D,VIIRS_NOAA21_NRT
27.40905,72.2069,357.08,0.43,0.38,2026-10-07,820,N,VIIRS,l,2.0NRT,314.4,8.66,D,VIIRS_SNPP_NRT
27.41249,72.20615,357.09,0.43,0.38,2026-10-07,820,N,VIIRS,l,2.0NRT,314.56,8.66,D,VIIRS_SNPP_NRT
20.86406,84.99367,330.78,0.43,0.38,2026-10-07,741,N21,VIIRS,l,2.0NRT,304.71,8.64,D,VIIRS_NOAA21_NRT
20.80658,85.2583,337.18,0.43,0.38,2026-10-07,741,N21,VIIRS,n,2.0NRT,305.92,8.55,D,VIIRS_NOAA21_NRT
20.96241,86.00916,336.87,0.47,0.4,2026-10-07,741,N21,VIIRS,n,2.0NRT,303.92,8.51,D,VIIRS_NOAA21_NRT
20.96291,85.1871,342.26,0.46,0.39,2026-10-07,2010,N21,VIIRS,n,2.0NRT,296.23,8.46,N,VIIRS_NOAA21_NRT
21.10607,72.64434,345.24,0.37,0.58,2026-10-07,741,N21,VIIRS,n,2.0NRT,300.36,8.42,D,VIIRS_NOAA21_NRT
15.3626,76.69579,342.03,0.41,0.45,2026-10-07,835,N20,VIIRS,n,2.0NRT,302.1,8.35,D,VIIRS_NOAA20_NRT
22.35764,82.30582,329.53,0.58,0.7,2026-10-07,837,N20,VIIRS,n,2.0NRT,294.57,8.33,D,VIIRS_NOAA20_NRT
29.96034,74.98039,340.39,0.39,0.36,2026-10-07,820,N,VIIRS,n,2.0NRT,302.24,8.28,D,VIIRS_SNPP_NRT
26.91652,78.30311,341.77,0.43,0.38,2026-10-07,744,N21,VIIRS,n,2.0NRT,302.06,8.27,D,VIIRS_NOAA21_NRT
15.18397,76.66541,337.5,0.53,0.5,2026-10-07,739,N21,VIIRS,n,2.0NRT,296.68,8.26,D,VIIRS_NOAA21_NRT
21.09937,72.63689,317.59,0.35,0.57,2026-10-07,2010,N21,VIIRS,n,2.0NRT,295.87,8.22,N,VIIRS_NOAA21_NRT
20.96538,86.01336,340.23,0.36,0.57,2026-10-07,818,N,VIIRS,n,2.0NRT,299.64,8.19,D,VIIRS_SNPP_NRT
25.60965,79.12373,347.76,0.42,0.37,2026-10-07,741,N21,VIIRS,n,2.0NRT,302.16,8.14,D,VIIRS_NOAA21_NRT
25.61034,79.12783,347.07,0.42,0.37,2026-10-07,741,N21,VIIRS,n,2.0NRT,301.53,8.14,D,VIIRS_NOAA21_NRT
25.61306,79.12303,335.86,0.42,0.37,2026-10-07,741,N21,VIIRS,n,2.0NRT,299.7,8.14,D,VIIRS_NOAA21_NRT
23.33913,69.24986,340.28,0.57,0.69,2026-10-07,924,N21,VIIRS,n,2.0NRT,303.26,8.13,D,VIIRS_NOAA21_NRT
21.2951,74.87717,338.08,0.54,0.5,2026-10-07,741,N21,VIIRS,n,2.0NRT,301.53,7.79,D,VIIRS_NOAA21_NRT
21.76015,84.02085,338.01,0.4,0.37,2026-10-07,741,N21,VIIRS,n,2.0NRT,303.31,7.74,D,VIIRS_NOAA21_NRT
21.10345,72.63675,345.93,0.44,0.38,2026-10-07,837,N20,VIIRS,n,2.0NRT,306.11,7.66,D,VIIRS_NOAA20_NRT
23.73762,86.43596,334.03,0.53,0.42,2026-10-07,741,N21,VIIRS,n,2.0NRT,298.05,7.64,D,VIIRS_NOAA21_NRT
16.62747,80.19129,339.75,0.44,0.38,2026-10-07,816,N,VIIRS,n,2.0NRT,303.95,7.6,D,VIIRS_SNPP_NRT
31.01438,75.3229,337.39,0.4,0.37,2026-10-07,822,N,VIIRS,n,2.0NRT,299.88,7.58,D,VIIRS_SNPP_NRT
21.07891,85.03384,333.22,0.63,0.54,2026-10-07,818,N,VIIRS,n,2.0NRT,301.05,7.55,D,VIIRS_SNPP_NRT
21.92043,83.3537,327.24,0.67,0.74,2026-10-07,837,N20,VIIRS,n,2.0NRT,290.81,7.34,D,VIIRS_NOAA20_NRT
25.72495,79.11828,355.5,0.42,0.37,2026-10-07,741,N21,VIIRS,l,2.0NRT,303.6,7.33,D,VIIRS_NOAA21_NRT
25.72835,79.11759,343.97,0.42,0.37,2026-10-07,741,N21,VIIRS,n,2.0NRT,303.84,7.33,D,VIIRS_NOAA21_NRT
22.05401,88.12441,329.42,0.42,0.45,2026-10-07,2010,N21,VIIRS,n,2.0NRT,297.0,7.3,N,VIIRS_NOAA21_NRT
13.90064,80.20292,345.65,0.42,0.37,2026-10-07,816,N,VIIRS,n,2.0NRT,306.24,7.29,D,VIIRS_SNPP_NRT
20.51354,74.11707,335.22,0.62,0.54,2026-10-07,741,N21,VIIRS,n,2.0NRT,302.41,7.21,D,VIIRS_NOAA21_NRT
9.86343,79.02348,340.91,0.38,0.36,2026-10-07,816,N,VIIRS,n,2.0NRT,300.95,7.21,D,VIIRS_SNPP_NRT
18.95178,77.93187,336.73,0.38,0.43,2026-10-07,739,N21,VIIRS,l,2.0NRT,307.15,7.2,D,VIIRS_NOAA21_NRT
21.92178,83.34959,339.31,0.39,0.36,2026-10-07,741,N21,VIIRS,n,2.0NRT,303.52,7.18,D,VIIRS_NOAA21_NRT
25.56045,79.08282,340.8,0.42,0.38,2026-10-07,741,N21,VIIRS,n,2.0NRT,301.43,7.17,D,VIIRS_NOAA21_NRT
10.38504,79.27505,336.22,0.52,0.5,2026-10-07,835,N20,VIIRS,n,2.0NRT,292.85,7.15,D,VIIRS_NOAA20_NRT
22.98383,69.48546,336.88,0.58,0.7,2026-10-07,922,N21,VIIRS,n,2.0NRT,305.57,7.1,D,VIIRS_NOAA21_NRT
20.96271,86.00835,343.17,0.36,0.57,2026-10-07,818,N,VIIRS,n,2.0NRT,298.49,7.1,D,VIIRS_SNPP_NRT
12.23924,79.83154,336.23,0.56,0.43,2026-10-07,739,N21,VIIRS,n,2.0NRT,299.0,7.09,D,VIIRS_NOAA21_NRT
16.62494,80.19379,335.85,0.47,0.4,2026-10-07,739,N21,VIIRS,n,2.0NRT,301.93,7.05,D,VIIRS_NOAA21_NRT
16.62854,80.19314,347.41,0.47,0.4,2026-10-07,739,N21,VIIRS,n,2.0NRT,303.25,7.05,D,VIIRS_NOAA21_NRT
24.48088,77.14553,336.54,0.38,0.36,2026-10-07,2046,N,VIIRS,n,2.0NRT,292.96,7.0,N,VIIRS_SNPP_NRT
21.1046,72.64516,342.16,0.44,0.38,2026-10-07,837,N20,VIIRS,n,2.0NRT,307.92,6.99,D,VIIRS_NOAA20_NRT
21.10517,72.64938,333.55,0.44,0.38,2026-10-07,837,N20,VIIRS,l,2.0NRT,306.3,6.99,D,VIIRS_NOAA20_NRT
21.33569,78.96772,333.64,0.47,0.4,2026-10-07,741,N21,VIIRS,l,2.0NRT,304.72,6.97,D,VIIRS_NOAA21_NRT
16.62803,80.19537,344.24,0.44,0.38,2026-10-07,816,N,VIIRS,n,2.0NRT,303.7,6.97,D,VIIRS_SNPP_NRT
25.07763,76.33001,344.3,0.52,0.5,2026-10-07,839,N20,VIIRS,n,2.0NRT,307.38,6.95,D,VIIRS_NOAA20_NRT
20.7587,85.29961,330.53,0.44,0.38,2026-10-07,741,N21,VIIRS,l,2.0NRT,304.59,6.92,D,VIIRS_NOAA21_NRT
17.88844,83.16116,336.19,0.38,0.36,2026-10-07,739,N21,VIIRS,n,2.0NRT,301.87,6.91,D,VIIRS_NOAA21_NRT
21.10765,72.64571,347.15,0.38,0.58,2026-10-07,741,N21,VIIRS,n,2.0NRT,301.34,6.78,D,VIIRS_NOAA21_NRT
20.95998,86.00842,334.73,0.34,0.56,2026-10-07,659,N20,VIIRS,n,2.0NRT,297.16,6.77,D,VIIRS_NOAA20_NRT
24.62917,76.65649,340.14,0.55,0.43,2026-10-07,741,N21,VIIRS,n,2.0NRT,309.28,6.76,D,VIIRS_NOAA21_NRT
23.67841,86.39774,328.73,0.53,0.42,2026-10-07,741,N21,VIIRS,l,2.0NRT,299.58,6.74,D,VIIRS_NOAA21_NRT
21.7556,83.84402,339.36,0.4,0.37,2026-10-07,741,N21,VIIRS,n,2.0NRT,304.99,6.72,D,VIIRS_NOAA21_NRT
20.96766,86.01208,330.94,0.5,0.41,2026-10-07,2010,N21,VIIRS,n,2.0NRT,296.19,6.65,N,VIIRS_NOAA21_NRT
20.86349,84.98957,333.47,0.43,0.38,2026-10-07,741,N21,VIIRS,l,2.0NRT,304.81,6.64,D,VIIRS_NOAA21_NRT
15.36211,76.69199,330.41,0.41,0.45,2026-10-07,835,N20,VIIRS,l,2.0NRT,302.66,6.61,D,VIIRS_NOAA20_NRT
26.91997,78.30237,351.71,0.43,0.38,2026-10-07,744,N21,VIIRS,n,2.0NRT,304.87,6.6,D,VIIRS_NOAA21_NRT
23.6483,85.43622,331.72,0.47,0.4,2026-10-07,741,N21,VIIRS,n,2.0NRT,297.71,6.57,D,VIIRS_NOAA21_NRT
27.94522,77.40046,331.96,0.45,0.39,2026-10-07,744,N21,VIIRS,l,2.0NRT,302.55,6.57,D,VIIRS_NOAA21_NRT
32.0274,74.98964,342.3,0.4,0.37,2026-10-07,822,N,VIIRS,n,2.0NRT,299.43,6.57,D,VIIRS_SNPP_NRT
20.4089,75.12548,337.67,0.4,0.37,2026-10-07,818,N,VIIRS,l,2.0NRT,310.74,6.56,D,VIIRS_SNPP_NRT
22.70332,76.44808,339.02,0.39,0.36,2026-10-07,820,N,VIIRS,l,2.0NRT,311.73,6.56,D,VIIRS_SNPP_NRT
25.0582,76.5544,333.16,0.53,0.5,2026-10-07,839,N20,VIIRS,l,2.0NRT,304.14,6.55,D,VIIRS_NOAA20_NRT
27.56479,72.46851,341.29,0.42,0.37,2026-10-07,820,N,VIIRS,l,2.0NRT,313.88,6.52,D,VIIRS_SNPP_NRT
20.78619,85.26572,330.12,0.43,0.38,2026-10-07,741,N21,VIIRS,l,2.0NRT,303.05,6.48,D,VIIRS_NOAA21_NRT
20.79288,85.25482,339.56,0.32,0.55,2026-10-07,818,N,VIIRS,n,2.0NRT,297.81,6.48,D,VIIRS_SNPP_NRT
22.47102,76.78339,340.99,0.39,0.44,2026-10-07,741,N21,VIIRS,n,2.0NRT,306.93,6.45,D,VIIRS_NOAA21_NRT
15.81944,78.37453,340.45,0.4,0.45,2026-10-07,739,N21,VIIRS,n,2.0NRT,299.37,6.44,D,VIIRS_NOAA21_NRT
24.69402,77.5784,336.57,0.41,0.37,2026-10-07,820,N,VIIRS,l,2.0NRT,308.54,6.41,D,VIIRS_SNPP_NRT
22.37729,87.27744,325.69,0.55,0.51,2026-10-07,1925,N20,VIIRS,n,2.0NRT,292.17,6.4,N,VIIRS_NOAA20_NRT
14.8137,76.30908,338.59,0.57,0.52,2026-10-07,739,N21,VIIRS,n,2.0NRT,297.14,6.39,D,VIIRS_NOAA21_NRT
23.64776,85.43947,329.88,0.47,0.4,2026-10-07,741,N21,VIIRS,n,2.0NRT,297.72,6.38,D,VIIRS_NOAA21_NRT
27.60469,72.24575,347.46,0.42,0.38,2026-10-07,820,N,VIIRS,n,2.0NRT,313.17,6.36,D,VIIRS_SNPP_NRT
27.37657,95.33617,332.38,0.4,0.37,2026-10-07,659,N20,VIIRS,n,2.0NRT,297.95,6.33,D,VIIRS_NOAA20_NRT
10.888,79.21818,340.83,0.43,0.46,2026-10-07,737,N21,VIIRS,n,2.0NRT,296.28,6.28,D,VIIRS_NOAA21_NRT
15.36397,76.69617,337.85,0.39,0.36,2026-10-07,816,N,VIIRS,n,2.0NRT,305.66,6.28,D,VIIRS_SNPP_NRT
20.94901,86.04792,330.39,0.47,0.4,2026-10-07,741,N21,VIIRS,l,2.0NRT,303.17,6.27,D,VIIRS_NOAA21_NRT
21.74162,83.84237,332.33,0.4,0.37,2026-10-07,741,N21,VIIRS,l,2.0NRT,306.95,6.27,D,VIIRS_NOAA21_NRT
17.81255,77.3092,334.33,0.48,0.48,2026-10-07,837,N20,VIIRS,l,2.0NRT,305.28,6.27,D,VIIRS_NOAA20_NRT
27.61176,72.26624,352.92,0.42,0.38,2026-10-07,820,N,VIIRS,n,2.0NRT,313.77,6.23,D,VIIRS_SNPP_NRT
27.95652,77.69163,343.2,0.44,0.39,2026-10-07,744,N21,VIIRS,n,2.0NRT,304.04,6.22,D,VIIRS_NOAA21_NRT
31.67325,74.63107,331.31,0.53,0.42,2026-10-07,744,N21,VIIRS,n,2.0NRT,297.77,6.2,D,VIIRS_NOAA21_NRT
15.75378,75.62264,343.11,0.42,0.37,2026-10-07,816,N,VIIRS,n,2.0NRT,307.49,6.15,D,VIIRS_SNPP_NRT
27.34483,72.0425,345.68,0.43,0.38,2026-10-07,820,N,VIIRS,n,2.0NRT,314.38,6.15,D,VIIRS_SNPP_NRT
20.70618,78.62012,333.06,0.5,0.41,2026-10-07,741,N21,VIIRS,l,2.0NRT,308.03,6.12,D,VIIRS_NOAA21_NRT
25.09994,76.64836,335.24,0.54,0.42,2026-10-07,741,N21,VIIRS,n,2.0NRT,308.68,6.12,D,VIIRS_NOAA21_NRT
22.43082,76.74947,339.53,0.51,0.49,2026-10-07,837,N20,VIIRS,n,2.0NRT,304.04,6.12,D,VIIRS_NOAA20_NRT
22.5709,76.8742,337.24,0.39,0.36,2026-10-07,818,N,VIIRS,l,2.0NRT,310.57,6.11,D,VIIRS_SNPP_NRT
19.13034,77.18503,339.93,0.49,0.49,2026-10-07,837,N20,VIIRS,n,2.0NRT,304.13,6.09,D,VIIRS_NOAA20_NRT
19.1309,77.18968,341.95,0.49,0.49,2026-10-07,837,N20,VIIRS,n,2.0NRT,302.82,6.09,D,VIIRS_NOAA20_NRT
22.26909,73.521,336.95,0.43,0.38,2026-10-07,820,N,VIIRS,l,2.0NRT,309.21,6.09,D,VIIRS_SNPP_NRT
31.6928,74.7765,341.79,0.39,0.36,2026-10-07,822,N,VIIRS,n,2.0NRT,303.39,6.09,D,VIIRS_SNPP_NRT
31.80074,74.57668,340.23,0.49,0.48,2026-10-07,839,N20,VIIRS,n,2.0NRT,297.53,6.03,D,VIIRS_NOAA20_NRT
10.38446,79.27504,342.58,0.51,0.5,2026-10-07,835,N20,VIIRS,n,2.0NRT,292.69,6.02,D,VIIRS_NOAA20_NRT
20.96399,85.18916,342.02,0.43,0.38,2026-10-07,741,N21,VIIRS,n,2.0NRT,302.32,6.0,D,VIIRS_NOAA21_NRT
23.19561,75.2226,335.87,0.47,0.48,2026-10-07,741,N21,VIIRS,l,2.0NRT,310.74,5.97,D,VIIRS_NOAA21_NRT
11.73905,78.66151,342.56,0.49,0.49,2026-10-07,837,N20,VIIRS,n,2.0NRT,293.92,5.92,D,VIIRS_NOAA20_NRT
23.31191,69.02585,341.6,0.38,0.36,2026-10-07,837,N20,VIIRS,l,2.0NRT,313.6,5.91,D,VIIRS_NOAA20_NRT
15.25374,77.48306,344.78,0.38,0.36,2026-10-07,816,N,VIIRS,n,2.0NRT,301.23,5.87,D,VIIRS_SNPP_NRT
24.84876,76.75697,348.68,0.39,0.37,2026-10-07,820,N,VIIRS,n,2.0NRT,312.51,5.84,D,VIIRS_SNPP_NRT
27.60396,72.2415,345.43,0.42,0.38,2026-10-07,820,N,VIIRS,n,2.0NRT,313.28,5.82,D,VIIRS_SNPP_NRT
27.22311,74.00657,346.1,0.39,0.36,2026-10-07,820,N,VIIRS,n,2.0NRT,315.23,5.81,D,VIIRS_SNPP_NRT
22.31794,82.55951,332.38,0.38,0.36,2026-10-07,741,N21,VIIRS,n,2.0NRT,302.27,5.79,D,VIIRS_NOAA21_NRT
12.1493,76.63713,329.23,0.61,0.53,2026-10-07,739,N21,VIIRS,n,2.0NRT,296.45,5.78,D,VIIRS_NOAA21_NRT
23.21667,79.50432,340.49,0.43,0.38,2026-10-07,741,N21,VIIRS,n,2.0NRT,304.71,5.78,D,VIIRS_NOAA21_NRT
22.04111,83.73074,332.53,0.4,0.37,2026-10-07,741,N21,VIIRS,l,2.0NRT,303.18,5.77,D,VIIRS_NOAA21_NRT
23.31191,69.02473,345.44,0.47,0.48,2026-10-07,820,N,VIIRS,n,2.0NRT,310.56,5.76,D,VIIRS_SNPP_NRT
20.88618,84.98323,331.44,0.43,0.38,2026-10-07,741,N21,VIIRS,l,2.0NRT,303.45,5.75,D,VIIRS_NOAA21_NRT
31.79805,74.57906,341.3,0.49,0.48,2026-10-07,839,N20,VIIRS,n,2.0NRT,298.23,5.75,D,VIIRS_NOAA20_NRT
23.69727,86.07793,329.03,0.47,0.39,2026-10-07,2010,N21,VIIRS,n,2.0NRT,291.8,5.74,N,VIIRS_NOAA21_NRT
23.69808,86.07343,309.54,0.47,0.39,2026-10-07,2010,N21,VIIRS,n,2.0NRT,290.61,5.74,N,VIIRS_NOAA21_NRT
22.00521,76.44094,346.26,0.38,0.36,2026-10-07,818,N,VIIRS,n,2.0NRT,312.11,5.73,D,VIIRS_SNPP_NRT
25.02167,76.6713,347.73,0.39,0.36,2026-10-07,820,N,VIIRS,n,2.0NRT,309.61,5.71,D,VIIRS_SNPP_NRT
23.77884,86.20919,332.06,0.51,0.41,2026-10-07,741,N21,VIIRS,n,2.0NRT,298.46,5.69,D,VIIRS_NOAA21_NRT
16.35947,74.77878,343.33,0.44,0.38,2026-10-07,818,N,VIIRS,n,2.0NRT,309.6,5.67,D,VIIRS_SNPP_NRT
23.16588,82.34039,330.91,0.45,0.47,2026-10-07,818,N,VIIRS,n,2.0NRT,296.28,5.67,D,VIIRS_SNPP_NRT
25.84811,76.41697,341.01,0.53,0.5,2026-10-07,839,N20,VIIRS,n,2.0NRT,308.94,5.64,D,VIIRS_NOAA20_NRT
27.39524,72.20992,357.61,0.43,0.38,2026-10-07,820,N,VIIRS,l,2.0NRT,314.03,5.63,D,VIIRS_SNPP_NRT
27.39598,72.21419,347.23,0.43,0.38,2026-10-07,820,N,VIIRS,n,2.0NRT,314.26,5.63,D,VIIRS_SNPP_NRT
27.3987,72.20916,356.92,0.43,0.38,2026-10-07,820,N,VIIRS,l,2.0NRT,314.62,5.63,D,VIIRS_SNPP_NRT
31.79602,75.00217,333.23,0.51,0.41,2026-10-07,744,N21,VIIRS,n,2.0NRT,301.78,5.61,D,VIIRS_NOAA21_NRT
24.54648,77.78642,331.06,0.63,0.54,2026-10-07,837,N20,VIIRS,n,2.0NRT,300.4,5.59,D,VIIRS_NOAA20_NRT
21.65055,71.23047,336.32,0.56,0.43,2026-10-07,818,N,VIIRS,n,2.0NRT,303.09,5.58,D,VIIRS_SNPP_NRT
23.08244,75.22727,337.08,0.47,0.48,2026-10-07,741,N21,VIIRS,n,2.0NRT,305.46,5.57,D,VIIRS_NOAA21_NRT
28.30235,77.5218,336.92,0.44,0.39,2026-10-07,744,N21,VIIRS,n,2.0NRT,303.64,5.54,D,VIIRS_NOAA21_NRT
10.9504,79.81792,336.07,0.39,0.36,2026-10-07,816,N,VIIRS,n,2.0NRT,300.08,5.54,D,VIIRS_SNPP_NRT
18.94783,77.93263,339.1,0.38,0.43,2026-10-07,739,N21,VIIRS,n,2.0NRT,306.81,5.52,D,VIIRS_NOAA21_NRT
10.59793,77.88797,342.66,0.42,0.45,2026-10-07,835,N20,VIIRS,n,2.0NRT,302.09,5.52,D,VIIRS_NOAA20_NRT
18.83755,78.37957,333.72,0.54,0.42,2026-10-07,739,N21,VIIRS,n,2.0NRT,303.01,5.44,D,VIIRS_NOAA21_NRT
18.97875,77.92297,332.38,0.38,0.43,2026-10-07,739,N21,VIIRS,l,2.0NRT,304.29,5.44,D,VIIRS_NOAA21_NRT
26.9378,72.0814,343.56,0.44,0.38,2026-10-07,820,N,VIIRS,l,2.0NRT,315.64,5.44,D,VIIRS_SNPP_NRT
26.94128,72.08063,348.5,0.44,0.38,2026-10-07,820,N,VIIRS,n,2.0NRT,316.34,5.44,D,VIIRS_SNPP_NRT
27.56314,72.47256,344.13,0.42,0.37,2026-10-07,820,N,VIIRS,l,2.0NRT,314.86,5.44,D,VIIRS_SNPP_NRT
21.10514,72.64563,335.14,0.46,0.39,2026-10-07,2108,N20,VIIRS,n,2.0NRT,300.53,5.4,N,VIIRS_NOAA20_NRT
17.60073,83.18348,343.36,0.43,0.46,2026-10-07,818,N,VIIRS,n,2.0NRT,298.25,5.39,D,VIIRS_SNPP_NRT
13.41865,79.71624,337.43,0.4,0.37,2026-10-07,816,N,VIIRS,n,2.0NRT,303.53,5.38,D,VIIRS_SNPP_NRT
14.07141,76.22833,333.29,0.41,0.37,2026-10-07,816,N,VIIRS,n,2.0NRT,301.59,5.37,D,VIIRS_SNPP_NRT
24.48321,77.14547,338.66,0.48,0.48,2026-10-07,2106,N20,VIIRS,n,2.0NRT,292.91,5.36,N,VIIRS_NOAA20_NRT
23.45296,75.76958,341.32,0.38,0.36,2026-10-07,820,N,VIIRS,l,2.0NRT,312.43,5.36,D,VIIRS_SNPP_NRT
15.02199,78.01276,315.37,0.43,0.38,2026-10-07,2012,N21,VIIRS,n,2.0NRT,293.24,5.32,N,VIIRS_NOAA21_NRT
31.15773,74.66592,331.77,0.54,0.42,2026-10-07,744,N21,VIIRS,n,2.0NRT,299.7,5.3,D,VIIRS_NOAA21_NRT
10.38575,79.276,341.87,0.38,0.36,2026-10-07,816,N,VIIRS,n,2.0NRT,298.86,5.3,D,VIIRS_SNPP_NRT
29.0563,77.25268,334.54,0.44,0.38,2026-10-07,820,N,VIIRS,n,2.0NRT,300.84,5.29,D,VIIRS_SNPP_NRT
22.75439,75.23854,342.98,0.41,0.45,2026-10-07,837,N20,VIIRS,n,2.0NRT,308.71,5.27,D,VIIRS_NOAA20_NRT
29.034,75.69624,343.45,0.39,0.37,2026-10-07,820,N,VIIRS,n,2.0NRT,311.65,5.27,D,VIIRS_SNPP_NRT
23.76681,86.40356,333.73,0.32,0.55,2026-10-07,1925,N20,VIIRS,n,2.0NRT,290.23,5.23,N,VIIRS_NOAA20_NRT
27.40068,72.19985,357.16,0.43,0.38,2026-10-07,820,N,VIIRS,l,2.0NRT,314.92,5.23,D,VIIRS_SNPP_NRT
27.40413,72.1991,354.9,0.43,0.38,2026-10-07,820,N,VIIRS,n,2.0NRT,314.4,5.23,D,VIIRS_SNPP_NRT
27.40486,72.20337,348.85,0.43,0.38,2026-10-07,820,N,VIIRS,n,2.0NRT,315.31,5.23,D,VIIRS_SNPP_NRT
21.07939,85.03278,337.21,0.43,0.38,2026-10-07,741,N21,VIIRS,n,2.0NRT,306.57,5.2,D,VIIRS_NOAA21_NRT
21.07932,85.0367,338.1,0.39,0.6,2026-10-07,659,N20,VIIRS,n,2.0NRT,294.78,5.2,D,VIIRS_NOAA20_NRT
18.82018,78.27535,335.31,0.4,0.37,2026-10-07,818,N,VIIRS,n,2.0NRT,303.89,5.19,D,VIIRS_SNPP_NRT
10.94932,79.8178,340.88,0.39,0.44,2026-10-07,737,N21,VIIRS,n,2.0NRT,299.08,5.17,D,VIIRS_NOAA21_NRT
16.20676,77.74144,340.67,0.49,0.49,2026-10-07,835,N20,VIIRS,n,2.0NRT,304.3,5.16,D,VIIRS_NOAA20_NRT
16.20735,77.74603,340.43,0.49,0.49,2026-10-07,835,N20,VIIRS,n,2.0NRT,306.35,5.16,D,VIIRS_NOAA20_NRT
27.48927,72.10157,350.78,0.43,0.38,2026-10-07,820,N,VIIRS,n,2.0NRT,314.44,5.14,D,VIIRS_SNPP_NRT
12.23897,79.82919,334.12,0.56,0.43,2026-10-07,739,N21,VIIRS,n,2.0NRT,299.45,5.13,D,VIIRS_NOAA21_NRT
15.26167,78.10972,338.17,0.38,0.36,2026-10-07,816,N,VIIRS,l,2.0NRT,308.3,5.13,D,VIIRS_SNPP_NRT
15.26498,78.10918,339.47,0.38,0.36,2026-10-07,816,N,VIIRS,n,2.0NRT,308.15,5.13,D,VIIRS_SNPP_NRT
9.62333,78.87234,335.66,0.47,0.48,2026-10-07,737,N21,VIIRS,n,2.0NRT,295.04,5.12,D,VIIRS_NOAA21_NRT
25.93792,79.68209,347.46,0.4,0.37,2026-10-07,741,N21,VIIRS,n,2.0NRT,301.98,5.12,D,VIIRS_NOAA21_NRT
27.40758,72.19834,357.08,0.43,0.38,2026-10-07,820,N,VIIRS,l,2.0NRT,314.23,5.11,D,VIIRS_SNPP_NRT
27.40831,72.20263,357.1,0.43,0.38,2026-10-07,820,N,VIIRS,l,2.0NRT,314.5,5.11,D,VIIRS_SNPP_NRT
27.41103,72.19759,349.18,0.43,0.38,2026-10-07,820,N,VIIRS,n,2.0NRT,314.9,5.11,D,VIIRS_SNPP_NRT
27.41176,72.20187,355.29,0.43,0.38,2026-10-07,820,N,VIIRS,n,2.0NRT,313.78,5.11,D,VIIRS_SNPP_NRT
23.16606,82.34232,344.99,0.38,0.36,2026-10-07,741,N21,VIIRS,n,2.0NRT,298.36,5.09,D,VIIRS_NOAA21_NRT
23.68543,86.39148,329.15,0.52,0.42,2026-10-07,741,N21,VIIRS,n,2.0NRT,297.13,5.09,D,VIIRS_NOAA21_NRT
31.40207,74.77271,341.06,0.39,0.36,2026-10-07,822,N,VIIRS,n,2.0NRT,301.09,5.09,D,VIIRS_SNPP_NRT
24.8722,76.93431,339.24,0.53,0.42,2026-10-07,741,N21,VIIRS,n,2.0NRT,309.32,5.08,D,VIIRS_NOAA21_NRT
14.50237,77.64665,340.87,0.46,0.47,2026-10-07,835,N20,VIIRS,n,2.0NRT,297.28,5.08,D,VIIRS_NOAA20_NRT
21.10176,72.63322,329.84,0.46,0.39,2026-10-07,2108,N20,VIIRS,n,2.0NRT,297.73,5.08,N,VIIRS_NOAA20_NRT
20.96342,85.18501,334.77,0.43,0.38,2026-10-07,741,N21,VIIRS,n,2.0NRT,301.36,5.07,D,VIIRS_NOAA21_NRT
22.20897,84.86016,333.13,0.43,0.38,2026-10-07,741,N21,VIIRS,l,2.0NRT,303.9,5.06,D,VIIRS_NOAA21_NRT
23.34815,75.21173,337.98,0.47,0.47,2026-10-07,741,N21,VIIRS,n,2.0NRT,309.69,5.06,D,VIIRS_NOAA21_NRT
23.55988,87.23315,328.69,0.53,0.42,2026-10-07,2010,N21,VIIRS,n,2.0NRT,291.71,5.06,N,VIIRS_NOAA21_NRT
20.78571,85.2636,304.27,0.35,0.57,2026-10-07,1925,N20,VIIRS,n,2.0NRT,291.35,5.05,N,VIIRS_NOAA20_NRT
23.80273,86.32919,325.04,0.48,0.4,2026-10-07,2010,N21,VIIRS,n,2.0NRT,293.02,5.03,N,VIIRS_NOAA21_NRT
15.3369,76.27736,345.76,0.39,0.44,2026-10-07,835,N20,VIIRS,n,2.0NRT,310.24,5.02,D,VIIRS_NOAA20_NRT
10.94871,79.81425,333.86,0.39,0.44,2026-10-07,737,N21,VIIRS,n,2.0NRT,298.78,4.98,D,VIIRS_NOAA21_NRT
16.82666,75.46597,341.73,0.6,0.53,2026-10-07,739,N21,VIIRS,n,2.0NRT,311.56,4.98,D,VIIRS_NOAA21_NRT
18.8638,77.839,344.51,0.39,0.36,2026-10-07,818,N,VIIRS,n,2.0NRT,308.34,4.98,D,VIIRS_SNPP_NRT
22.57192,77.25431,350.66,0.39,0.36,2026-10-07,818,N,VIIRS,n,2.0NRT,308.19,4.98,D,VIIRS_SNPP_NRT
22.57527,77.25375,339.49,0.39,0.36,2026-10-07,818,N,VIIRS,n,2.0NRT,305.97,4.98,D,VIIRS_SNPP_NRT
15.17676,76.67664,323.06,0.5,0.41,2026-10-07,2012,N21,VIIRS,n,2.0NRT,292.85,4.97,N,VIIRS_NOAA21_NRT
15.62529,78.11893,341.76,0.38,0.36,2026-10-07,816,N,VIIRS,n,2.0NRT,310.87,4.95,D,VIIRS_SNPP_NRT
22.53669,76.94299,333.32,0.57,0.43,2026-10-07,741,N21,VIIRS,l,2.0NRT,308.15,4.93,D,VIIRS_NOAA21_NRT
14.07194,76.2309,330.22,0.55,0.43,2026-10-07,835,N20,VIIRS,l,2.0NRT,301.26,4.91,D,VIIRS_NOAA20_NRT
15.52656,73.99458,333.08,0.49,0.4,2026-10-07,816,N,VIIRS,l,2.0NRT,306.61,4.91,D,VIIRS_SNPP_NRT
17.60989,83.20499,343.33,0.38,0.36,2026-10-07,739,N21,VIIRS,n,2.0NRT,303.78,4.87,D,VIIRS_NOAA21_NRT
20.96733,85.17567,329.22,0.32,0.54,2026-10-07,818,N,VIIRS,n,2.0NRT,295.36,4.87,D,VIIRS_SNPP_NRT
25.13193,77.70123,336.59,0.42,0.38,2026-10-07,820,N,VIIRS,l,2.0NRT,307.87,4.87,D,VIIRS_SNPP_NRT
29.52773,74.17687,330.5,0.43,0.46,2026-10-07,839,N20,VIIRS,n,2.0NRT,300.12,4.84,D,VIIRS_NOAA20_NRT
23.208,76.02421,341.63,0.42,0.45,2026-10-07,741,N21,VIIRS,n,2.0NRT,312.15,4.83,D,VIIRS_NOAA21_NRT
13.35536,80.04942,338.15,0.41,0.37,2026-10-07,816,N,VIIRS,n,2.0NRT,301.38,4.83,D,VIIRS_SNPP_NRT
14.07154,76.22809,332.74,0.56,0.43,2026-10-07,835,N20,VIIRS,n,2.0NRT,301.5,4.82,D,VIIRS_NOAA20_NRT
31.12748,74.69012,336.11,0.49,0.48,2026-10-07,839,N20,VIIRS,n,2.0NRT,297.66,4.82,D,VIIRS_NOAA20_NRT
10.598,77.88769,334.49,0.39,0.36,2026-10-07,816,N,VIIRS,n,2.0NRT,297.54,4.76,D,VIIRS_SNPP_NRT
23.64861,78.24293,336.88,0.42,0.38,2026-10-07,820,N,VIIRS,n,2.0NRT,306.42,4.74,D,VIIRS_SNPP_NRT
15.18381,76.66747,335.67,0.39,0.37,2026-10-07,816,N,VIIRS,n,2.0NRT,299.03,4.73,D,VIIRS_SNPP_NRT
18.84323,78.25611,338.05,0.4,0.37,2026-10-07,818,N,VIIRS,n,2.0NRT,304.29,4.72,D,VIIRS_SNPP_NRT
28.27134,77.24106,344.26,0.43,0.38,2026-10-07,820,N,VIIRS,n,2.0NRT,305.14,4.72,D,VIIRS_SNPP_NRT
19.39457,76.9298,330.53,0.48,0.48,2026-10-07,837,N20,VIIRS,l,2.0NRT,300.63,4.71,D,VIIRS_NOAA20_NRT
20.71286,73.08111,332.78,0.45,0.39,2026-10-07,837,N20,VIIRS,n,2.0NRT,302.49,4.71,D,VIIRS_NOAA20_NRT
18.78237,78.53569,334.98,0.4,0.37,2026-10-07,818,N,VIIRS,n,2.0NRT,304.82,4.71,D,VIIRS_SNPP_NRT
22.7347,77.22128,335.15,0.55,0.43,2026-10-07,741,N21,VIIRS,l,2.0NRT,307.84,4.7,D,VIIRS_NOAA21_NRT
27.11374,72.09019,349.55,0.43,0.38,2026-10-07,820,N,VIIRS,n,2.0NRT,315.16,4.7,D,VIIRS_SNPP_NRT
27.11721,72.08945,343.08,0.43,0.38,2026-10-07,820,N,VIIRS,l,2.0NRT,315.04,4.7,D,VIIRS_SNPP_NRT
29.42352,78.52497,340.83,0.4,0.37,2026-10-07,744,N21,VIIRS,n,2.0NRT,296.9,4.69,D,VIIRS_NOAA21_NRT
21.33683,78.96978,328.05,0.45,0.39,2026-10-07,2010,N21,VIIRS,n,2.0NRT,296.46,4.69,N,VIIRS_NOAA21_NRT
18.68072,73.03326,309.58,0.62,0.54,2026-10-07,2012,N21,VIIRS,n,2.0NRT,293.89,4.69,N,VIIRS_NOAA21_NRT
27.11298,72.08587,341.58,0.43,0.38,2026-10-07,820,N,VIIRS,l,2.0NRT,315.7,4.69,D,VIIRS_SNPP_NRT
27.87953,77.54556,336.22,0.45,0.39,2026-10-07,744,N21,VIIRS,n,2.0NRT,303.85,4.68,D,VIIRS_NOAA21_NRT
20.69633,78.63895,335.14,0.42,0.37,2026-10-07,818,N,VIIRS,l,2.0NRT,308.36,4.68,D,VIIRS_SNPP_NRT
23.8044,86.32858,329.5,0.41,0.6,2026-10-07,818,N,VIIRS,n,2.0NRT,293.85,4.68,D,VIIRS_SNPP_NRT
31.95203,74.97358,332.46,0.51,0.41,2026-10-07,744,N21,VIIRS,n,2.0NRT,299.45,4.65,D,VIIRS_NOAA21_NRT
14.62079,75.39613,335.99,0.51,0.41,2026-10-07,835,N20,VIIRS,n,2.0NRT,302.71,4.62,D,VIIRS_NOAA20_NRT
22.41661,69.03922,343.73,0.39,0.36,2026-10-07,837,N20,VIIRS,n,2.0NRT,311.7,4.62,D,VIIRS_NOAA20_NRT
26.17732,75.85731,335.8,0.5,0.49,2026-10-07,839,N20,VIIRS,l,2.0NRT,309.81,4.62,D,VIIRS_NOAA20_NRT
29.90961,74.94949,324.78,0.63,0.54,2026-10-07,2008,N21,VIIRS,n,2.0NRT,293.91,4.61,N,VIIRS_NOAA21_NRT
27.38981,72.21997,349.13,0.43,0.38,2026-10-07,820,N,VIIRS,n,2.0NRT,314.04,4.6,D,VIIRS_SNPP_NRT
27.39326,72.21922,349.94,0.43,0.38,2026-10-07,820,N,VIIRS,n,2.0NRT,314.46,4.6,D,VIIRS_SNPP_NRT
15.74036,77.75137,330.83,0.44,0.46,2026-10-07,739,N21,VIIRS,l,2.0NRT,302.96,4.59,D,VIIRS_NOAA21_NRT
18.92669,78.42744,338.84,0.4,0.37,2026-10-07,818,N,VIIRS,n,2.0NRT,305.84,4.59,D,VIIRS_SNPP_NRT
18.93005,78.4269,338.39,0.4,0.37,2026-10-07,818,N,VIIRS,n,2.0NRT,303.55,4.59,D,VIIRS_SNPP_NRT
23.76536,86.40282,327.13,0.41,0.61,2026-10-07,818,N,VIIRS,n,2.0NRT,293.38,4.59,D,VIIRS_SNPP_NRT
23.02933,75.27037,339.2,0.39,0.36,2026-10-07,820,N,VIIRS,l,2.0NRT,311.33,4.58,D,VIIRS_SNPP_NRT
21.76352,84.02029,338.08,0.4,0.37,2026-10-07,741,N21,VIIRS,n,2.0NRT,303.44,4.54,D,VIIRS_NOAA21_NRT
21.76407,84.02418,336.77,0.4,0.37,2026-10-07,741,N21,VIIRS,n,2.0NRT,302.31,4.54,D,VIIRS_NOAA21_NRT
21.76689,84.01974,332.37,0.4,0.37,2026-10-07,741,N21,VIIRS,l,2.0NRT,303.14,4.54,D,VIIRS_NOAA21_NRT
23.80139,86.3297,332.26,0.52,0.42,2026-10-07,741,N21,VIIRS,n,2.0NRT,298.56,4.54,D,VIIRS_NOAA21_NRT
23.8052,86.32914,330.26,0.52,0.42,2026-10-07,741,N21,VIIRS,n,2.0NRT,299.1,4.54,D,VIIRS_NOAA21_NRT
9.86047,78.07657,331.22,0.42,0.45,2026-10-07,835,N20,VIIRS,n,2.0NRT,298.37,4.54,D,VIIRS_NOAA20_NRT
25.84628,76.41676,347.42,0.39,0.36,2026-10-07,820,N,VIIRS,n,2.0NRT,313.15,4.54,D,VIIRS_SNPP_NRT
14.0722,76.23153,334.3,0.41,0.37,2026-10-07,816,N,VIIRS,n,2.0NRT,303.06,4.53,D,VIIRS_SNPP_NRT
18.13236,74.43147,339.42,0.49,0.41,2026-10-07,837,N20,VIIRS,n,2.0NRT,305.34,4.5,D,VIIRS_NOAA20_NRT
31.55656,75.06023,332.86,0.52,0.5,2026-10-07,839,N20,VIIRS,n,2.0NRT,297.35,4.5,D,VIIRS_NOAA20_NRT
25.19666,78.43423,337.32,0.44,0.39,2026-10-07,741,N21,VIIRS,n,2.0NRT,304.05,4.49,D,VIIRS_NOAA21_NRT
17.77914,75.07703,337.36,0.53,0.42,2026-10-07,837,N20,VIIRS,n,2.0NRT,307.05,4.49,D,VIIRS_NOAA20_NRT
10.92669,78.49996,335.23,0.38,0.36,2026-10-07,816,N,VIIRS,n,2.0NRT,300.36,4.47,D,VIIRS_SNPP_NRT
18.8383,78.44556,332.19,0.4,0.37,2026-10-07,818,N,VIIRS,l,2.0NRT,304.93,4.47,D,VIIRS_SNPP_NRT
16.59598,80.71703,330.59,0.45,0.39,2026-10-07,739,N21,VIIRS,n,2.0NRT,299.85,4.44,D,VIIRS_NOAA21_NRT
23.48897,76.63536,337.88,0.38,0.43,2026-10-07,741,N21,VIIRS,l,2.0NRT,309.81,4.43,D,VIIRS_NOAA21_NRT
18.7513,78.75546,331.71,0.41,0.37,2026-10-07,818,N,VIIRS,n,2.0NRT,301.15,4.43,D,VIIRS_SNPP_NRT
18.7547,78.75492,334.41,0.41,0.37,2026-10-07,818,N,VIIRS,n,2.0NRT,301.69,4.43,D,VIIRS_SNPP_NRT
28.29624,77.38297,335.02,0.45,0.39,2026-10-07,744,N21,VIIRS,n,2.0NRT,304.85,4.42,D,VIIRS_NOAA21_NRT
21.27259,72.95258,342.1,0.45,0.39,2026-10-07,837,N20,VIIRS,n,2.0NRT,308.9,4.41,D,VIIRS_NOAA20_NRT
15.17559,76.65779,320.38,0.5,0.41,2026-10-07,2012,N21,VIIRS,n,2.0NRT,294.03,4.4,N,VIIRS_NOAA21_NRT
27.28333,72.08579,348.75,0.43,0.38,2026-10-07,820,N,VIIRS,n,2.0NRT,313.95,4.4,D,VIIRS_SNPP_NRT
10.04431,79.12309,339.28,0.38,0.36,2026-10-07,816,N,VIIRS,n,2.0NRT,303.55,4.39,D,VIIRS_SNPP_NRT
21.74682,83.9755,330.96,0.4,0.37,2026-10-07,741,N21,VIIRS,l,2.0NRT,302.94,4.38,D,VIIRS_NOAA21_NRT
18.83033,78.48547,342.24,0.4,0.37,2026-10-07,818,N,VIIRS,n,2.0NRT,306.62,4.38,D,VIIRS_SNPP_NRT
22.56991,77.25498,330.21,0.55,0.51,2026-10-07,837,N20,VIIRS,l,2.0NRT,301.98,4.37,D,VIIRS_NOAA20_NRT
20.96839,86.01136,334.61,0.36,0.57,2026-10-07,818,N,VIIRS,n,2.0NRT,299.47,4.37,D,VIIRS_SNPP_NRT
20.96873,86.01492,333.04,0.36,0.57,2026-10-07,818,N,VIIRS,n,2.0NRT,299.16,4.37,D,VIIRS_SNPP_NRT
21.7622,83.84912,325.55,0.4,0.37,2026-10-07,2010,N21,VIIRS,n,2.0NRT,293.89,4.35,N,VIIRS_NOAA21_NRT
31.46113,74.83475,331.81,0.53,0.42,2026-10-07,744,N21,VIIRS,n,2.0NRT,298.9,4.34,D,VIIRS_NOAA21_NRT
11.0383,79.82059,341.45,0.39,0.44,2026-10-07,737,N21,VIIRS,n,2.0NRT,301.21,4.32,D,VIIRS_NOAA21_NRT
24.55332,75.2729,334.4,0.44,0.46,2026-10-07,741,N21,VIIRS,l,2.0NRT,306.27,4.32,D,VIIRS_NOAA21_NRT
20.96894,85.15237,328.37,0.46,0.39,2026-10-07,2010,N21,VIIRS,n,2.0NRT,295.32,4.32,N,VIIRS_NOAA21_NRT
27.03576,72.26681,344.48,0.43,0.38,2026-10-07,820,N,VIIRS,n,2.0NRT,313.59,4.32,D,VIIRS_SNPP_NRT
26.05046,75.67398,338.73,0.39,0.44,2026-10-07,744,N21,VIIRS,l,2.0NRT,309.44,4.31,D,VIIRS_NOAA21_NRT
22.4174,69.03989,337.51,0.39,0.36,2026-10-07,2108,N20,VIIRS,n,2.0NRT,298.34,4.31,N,VIIRS_NOAA20_NRT
21.10375,72.63381,333.08,0.38,0.58,2026-10-07,741,N21,VIIRS,n,2.0NRT,300.3,4.3,D,VIIRS_NOAA21_NRT
27.39476,78.58557,339.6,0.42,0.37,2026-10-07,744,N21,VIIRS,n,2.0NRT,298.94,4.3,D,VIIRS_NOAA21_NRT
16.52192,75.93202,347.2,0.4,0.37,2026-10-07,818,N,VIIRS,n,2.0NRT,307.81,4.3,D,VIIRS_SNPP_NRT
18.87168,78.07608,330.14,0.39,0.36,2026-10-07,818,N,VIIRS,l,2.0NRT,303.27,4.3,D,VIIRS_SNPP_NRT
14.51207,78.29173,330.8,0.43,0.46,2026-10-07,739,N21,VIIRS,n,2.0NRT,300.1,4.29,D,VIIRS_NOAA21_NRT
20.95048,86.04311,329.26,0.5,0.41,2026-10-07,2010,N21,VIIRS,n,2.0NRT,294.61,4.29,N,VIIRS_NOAA21_NRT
21.74642,83.84132,336.53,0.53,0.5,2026-10-07,818,N,VIIRS,n,2.0NRT,300.95,4.29,D,VIIRS_SNPP_NRT
24.14961,77.56783,330.13,0.41,0.37,2026-10-07,820,N,VIIRS,l,2.0NRT,303.7,4.28,D,VIIRS_SNPP_NRT
20.96607,86.01241,323.04,0.38,0.59,2026-10-07,2049,N,VIIRS,n,2.0NRT,291.88,4.28,N,VIIRS_SNPP_NRT
23.77463,86.36499,328.93,0.52,0.42,2026-10-07,741,N21,VIIRS,n,2.0NRT,297.86,4.26,D,VIIRS_NOAA21_NRT
25.55572,79.09652,339.77,0.42,0.38,2026-10-07,741,N21,VIIRS,n,2.0NRT,300.87,4.26,D,VIIRS_NOAA21_NRT
25.55843,79.09173,353.28,0.42,0.38,2026-10-07,741,N21,VIIRS,n,2.0NRT,302.0,4.26,D,VIIRS_NOAA21_NRT
25.55913,79.09583,339.78,0.42,0.38,2026-10-07,741,N21,VIIRS,n,2.0NRT,300.83,4.26,D,VIIRS_NOAA21_NRT
27.65231,77.35904,337.86,0.46,0.39,2026-10-07,744,N21,VIIRS,l,2.0NRT,310.99,4.25,D,VIIRS_NOAA21_NRT
23.73833,86.43566,325.12,0.48,0.4,2026-10-07,2010,N21,VIIRS,n,2.0NRT,292.41,4.25,N,VIIRS_NOAA21_NRT
16.42421,75.92729,337.25,0.57,0.43,2026-10-07,835,N20,VIIRS,l,2.0NRT,309.43,4.25,D,VIIRS_NOAA20_NRT
20.94718,86.04828,328.81,0.34,0.56,2026-10-07,659,N20,VIIRS,n,2.0NRT,296.88,4.24,D,VIIRS_NOAA20_NRT
18.92153,78.46307,341.14,0.4,0.37,2026-10-07,818,N,VIIRS,n,2.0NRT,303.8,4.24,D,VIIRS_SNPP_NRT
27.30439,72.14085,349.21,0.43,0.38,2026-10-07,820,N,VIIRS,n,2.0NRT,314.07,4.23,D,VIIRS_SNPP_NRT
21.98039,83.24012,329.48,0.39,0.36,2026-10-07,741,N21,VIIRS,l,2.0NRT,302.41,4.22,D,VIIRS_NOAA21_NRT
16.89236,78.13446,332.49,0.39,0.36,2026-10-07,818,N,VIIRS,l,2.0NRT,305.54,4.22,D,VIIRS_SNPP_NRT
21.68766,76.599,340.44,0.38,0.36,2026-10-07,818,N,VIIRS,n,2.0NRT,306.89,4.21,D,VIIRS_SNPP_NRT
16.87269,80.02412,306.72,0.38,0.44,2026-10-07,2046,N,VIIRS,n,2.0NRT,294.02,4.2,N,VIIRS_SNPP_NRT
20.7937,85.25484,326.36,0.46,0.39,2026-10-07,2010,N21,VIIRS,n,2.0NRT,295.24,4.19,N,VIIRS_NOAA21_NRT
22.57148,77.25206,331.67,0.55,0.51,2026-10-07,837,N20,VIIRS,l,2.0NRT,303.38,4.19,D,VIIRS_NOAA20_NRT
27.74846,77.55301,330.7,0.33,0.55,2026-10-07,839,N20,VIIRS,n,2.0NRT,299.92,4.19,D,VIIRS_NOAA20_NRT
27.74875,77.55639,367.0,0.33,0.55,2026-10-07,839,N20,VIIRS,h,2.0NRT,300.02,4.19,D,VIIRS_NOAA20_NRT
26.33946,77.67475,340.41,0.43,0.38,2026-10-07,820,N,VIIRS,n,2.0NRT,308.12,4.19,D,VIIRS_SNPP_NRT
25.20091,78.43785,336.74,0.44,0.39,2026-10-07,741,N21,VIIRS,n,2.0NRT,304.56,4.14,D,VIIRS_NOAA21_NRT
25.20441,78.43712,342.29,0.44,0.39,2026-10-07,741,N21,VIIRS,n,2.0NRT,304.02,4.14,D,VIIRS_NOAA21_NRT
25.20516,78.44147,339.02,0.44,0.39,2026-10-07,741,N21,VIIRS,n,2.0NRT,303.37,4.14,D,VIIRS_NOAA21_NRT
23.06936,76.84219,333.04,0.39,0.36,2026-10-07,820,N,VIIRS,l,2.0NRT,307.9,4.14,D,VIIRS_SNPP_NRT
14.92776,75.55183,331.98,0.43,0.38,2026-10-07,816,N,VIIRS,l,2.0NRT,305.37,4.12,D,VIIRS_SNPP_NRT
24.50239,73.68558,337.45,0.53,0.42,2026-10-07,839,N20,VIIRS,n,2.0NRT,309.35,4.11,D,VIIRS_NOAA20_NRT
18.68998,78.38094,338.42,0.4,0.37,2026-10-07,818,N,VIIRS,n,2.0NRT,304.2,4.11,D,VIIRS_SNPP_NRT
11.43459,77.51595,321.87,0.5,0.41,2026-10-07,2049,N,VIIRS,n,2.0NRT,281.14,4.11,N,VIIRS_SNPP_NRT
25.00902,76.89709,341.62,0.56,0.51,2026-10-07,839,N20,VIIRS,n,2.0NRT,305.06,4.07,D,VIIRS_NOAA20_NRT
28.00392,77.69487,351.45,0.34,0.56,2026-10-07,839,N20,VIIRS,n,2.0NRT,300.08,4.07,D,VIIRS_NOAA20_NRT
11.48411,77.24403,337.58,0.39,0.44,2026-10-07,837,N20,VIIRS,n,2.0NRT,297.17,4.06,D,VIIRS_NOAA20_NRT
19.38283,74.57294,343.8,0.42,0.38,2026-10-07,818,N,VIIRS,n,2.0NRT,306.36,4.06,D,VIIRS_SNPP_NRT
12.53773,80.15834,334.88,0.53,0.42,2026-10-07,739,N21,VIIRS,n,2.0NRT,300.45,4.05,D,VIIRS_NOAA21_NRT
22.17716,75.43599,333.4,0.42,0.45,2026-10-07,837,N20,VIIRS,l,2.0NRT,305.22,4.05,D,VIIRS_NOAA20_NRT
16.72378,77.33218,332.26,0.45,0.47,2026-10-07,739,N21,VIIRS,n,2.0NRT,298.79,4.04,D,VIIRS_NOAA21_NRT
22.35264,77.2713,344.66,0.39,0.36,2026-10-07,818,N,VIIRS,n,2.0NRT,309.54,4.04,D,VIIRS_SNPP_NRT
16.81164,74.50633,333.23,0.48,0.4,2026-10-07,837,N20,VIIRS,n,2.0NRT,307.36,4.02,D,VIIRS_NOAA20_NRT
22.43104,77.2244,335.74,0.55,0.51,2026-10-07,837,N20,VIIRS,l,2.0NRT,309.05,4.02,D,VIIRS_NOAA20_NRT
22.33176,82.60657,335.1,0.39,0.36,2026-10-07,741,N21,VIIRS,n,2.0NRT,302.54,3.98,D,VIIRS_NOAA21_NRT
13.00605,79.96468,329.49,0.38,0.36,2026-10-07,2014,N21,VIIRS,n,2.0NRT,289.71,3.98,N,VIIRS_NOAA21_NRT
13.90197,80.2057,336.89,0.33,0.55,2026-10-07,835,N20,VIIRS,n,2.0NRT,297.28,3.97,D,VIIRS_NOAA20_NRT
31.72959,74.8701,335.68,0.51,0.49,2026-10-07,839,N20,VIIRS,n,2.0NRT,298.08,3.97,D,VIIRS_NOAA20_NRT
17.60626,83.20171,317.32,0.42,0.37,2026-10-07,2012,N21,VIIRS,n,2.0NRT,294.46,3.96,N,VIIRS_NOAA21_NRT
22.05614,76.85776,330.0,0.51,0.49,2026-10-07,837,N20,VIIRS,l,2.0NRT,301.69,3.96,D,VIIRS_NOAA20_NRT
27.40559,72.20766,355.96,0.43,0.38,2026-10-07,820,N,VIIRS,n,2.0NRT,314.24,3.96,D,VIIRS_SNPP_NRT
27.40633,72.21194,345.87,0.43,0.38,2026-10-07,820,N,VIIRS,n,2.0NRT,314.72,3.96,D,VIIRS_SNPP_NRT
17.59941,82.79232,331.29,0.65,0.73,2026-10-07,657,N20,VIIRS,n,2.0NRT,292.21,3.95,D,VIIRS_NOAA20_NRT
23.31116,69.02483,346.44,0.57,0.69,2026-10-07,741,N21,VIIRS,n,2.0NRT,304.63,3.94,D,VIIRS_NOAA21_NRT
31.63316,74.62996,333.26,0.54,0.42,2026-10-07,744,N21,VIIRS,n,2.0NRT,299.48,3.94,D,VIIRS_NOAA21_NRT
14.88527,75.32943,340.23,0.51,0.41,2026-10-07,835,N20,VIIRS,n,2.0NRT,309.75,3.94,D,VIIRS_NOAA20_NRT
23.14715,79.4453,334.18,0.43,0.38,2026-10-07,741,N21,VIIRS,l,2.0NRT,305.1,3.93,D,VIIRS_NOAA21_NRT
27.9979,77.82426,335.39,0.44,0.38,2026-10-07,744,N21,VIIRS,n,2.0NRT,302.79,3.93,D,VIIRS_NOAA21_NRT
21.91988,83.35136,319.84,0.5,0.49,2026-10-07,2046,N,VIIRS,n,2.0NRT,292.18,3.93,N,VIIRS_SNPP_NRT
23.21066,79.57317,330.45,0.42,0.38,2026-10-07,741,N21,VIIRS,l,2.0NRT,302.17,3.92,D,VIIRS_NOAA21_NRT
15.74431,77.72514,332.28,0.44,0.46,2026-10-07,739,N21,VIIRS,l,2.0NRT,303.21,3.91,D,VIIRS_NOAA21_NRT
27.59291,72.23948,340.76,0.42,0.38,2026-10-07,820,N,VIIRS,l,2.0NRT,313.07,3.91,D,VIIRS_SNPP_NRT
25.4379,86.06689,330.48,0.53,0.42,2026-10-07,741,N21,VIIRS,n,2.0NRT,298.71,3.89,D,VIIRS_NOAA21_NRT
25.94126,79.68143,347.25,0.4,0.37,2026-10-07,741,N21,VIIRS,n,2.0NRT,301.6,3.89,D,VIIRS_NOAA21_NRT
25.94461,79.68076,336.7,0.4,0.37,2026-10-07,741,N21,VIIRS,n,2.0NRT,300.43,3.89,D,VIIRS_NOAA21_NRT
25.94525,79.68472,341.73,0.4,0.37,2026-10-07,741,N21,VIIRS,n,2.0NRT,299.8,3.89,D,VIIRS_NOAA21_NRT
27.39451,72.20564,347.26,0.43,0.38,2026-10-07,820,N,VIIRS,n,2.0NRT,315.33,3.89,D,VIIRS_SNPP_NRT
27.39723,72.20061,348.28,0.43,0.38,2026-10-07,820,N,VIIRS,n,2.0NRT,315.76,3.89,D,VIIRS_SNPP_NRT
27.39796,72.20489,356.92,0.43,0.38,2026-10-07,820,N,VIIRS,l,2.0NRT,314.49,3.89,D,VIIRS_SNPP_NRT
21.24985,79.2103,330.83,0.46,0.39,2026-10-07,741,N21,VIIRS,l,2.0NRT,305.28,3.87,D,VIIRS_NOAA21_NRT
27.52572,77.52589,336.73,0.45,0.39,2026-10-07,744,N21,VIIRS,n,2.0NRT,306.28,3.86,D,VIIRS_NOAA21_NRT
18.86731,78.39831,336.49,0.4,0.37,2026-10-07,818,N,VIIRS,n,2.0NRT,303.97,3.86,D,VIIRS_SNPP_NRT
24.975,76.69147,341.69,0.39,0.36,2026-10-07,820,N,VIIRS,n,2.0NRT,309.65,3.84,D,VIIRS_SNPP_NRT
27.59781,72.24724,346.72,0.42,0.38,2026-10-07,820,N,VIIRS,n,2.0NRT,312.87,3.84,D,VIIRS_SNPP_NRT
27.59854,72.25149,352.29,0.42,0.38,2026-10-07,820,N,VIIRS,n,2.0NRT,313.8,3.84,D,VIIRS_SNPP_NRT
27.60198,72.25075,346.04,0.42,0.38,2026-10-07,820,N,VIIRS,n,2.0NRT,313.29,3.84,D,VIIRS_SNPP_NRT
27.60615,72.25425,344.06,0.42,0.38,2026-10-07,820,N,VIIRS,n,2.0NRT,313.44,3.84,D,VIIRS_SNPP_NRT
27.60958,72.2535,350.65,0.42,0.38,2026-10-07,820,N,VIIRS,n,2.0NRT,312.77,3.84,D,VIIRS_SNPP_NRT
23.44061,75.91015,339.26,0.38,0.36,2026-10-07,820,N,VIIRS,l,2.0NRT,312.47,3.83,D,VIIRS_SNPP_NRT
10.93731,79.81985,339.29,0.39,0.44,2026-10-07,737,N21,VIIRS,n,2.0NRT,296.88,3.82,D,VIIRS_NOAA21_NRT
17.64322,75.38452,335.86,0.41,0.37,2026-10-07,818,N,VIIRS,l,2.0NRT,306.3,3.82,D,VIIRS_SNPP_NRT
13.77664,77.61855,334.76,0.49,0.48,2026-10-07,739,N21,VIIRS,n,2.0NRT,296.18,3.81,D,VIIRS_NOAA21_NRT
23.79571,77.90601,333.72,0.49,0.4,2026-10-07,741,N21,VIIRS,l,2.0NRT,307.72,3.81,D,VIIRS_NOAA21_NRT
17.24777,78.38988,337.91,0.39,0.36,2026-10-07,818,N,VIIRS,n,2.0NRT,303.44,3.81,D,VIIRS_SNPP_NRT
27.38908,72.2157,352.36,0.43,0.38,2026-10-07,820,N,VIIRS,n,2.0NRT,313.69,3.81,D,VIIRS_SNPP_NRT
27.3918,72.21067,351.53,0.43,0.38,2026-10-07,820,N,VIIRS,n,2.0NRT,313.95,3.81,D,VIIRS_SNPP_NRT
27.39253,72.21495,355.73,0.43,0.38,2026-10-07,820,N,VIIRS,n,2.0NRT,313.54,3.81,D,VIIRS_SNPP_NRT
22.7838,75.82207,341.9,0.38,0.36,2026-10-07,820,N,VIIRS,n,2.0NRT,312.99,3.78,D,VIIRS_SNPP_NRT
23.26225,75.3097,333.51,0.46,0.47,2026-10-07,741,N21,VIIRS,l,2.0NRT,307.13,3.77,D,VIIRS_NOAA21_NRT
14.31469,76.31567,332.67,0.57,0.43,2026-10-07,835,N20,VIIRS,n,2.0NRT,301.56,3.77,D,VIIRS_NOAA20_NRT
17.60605,83.20195,331.36,0.38,0.36,2026-10-07,739,N21,VIIRS,l,2.0NRT,302.93,3.76,D,VIIRS_NOAA21_NRT
18.79054,77.82594,337.11,0.39,0.44,2026-10-07,739,N21,VIIRS,n,2.0NRT,304.66,3.76,D,VIIRS_NOAA21_NRT
22.36554,73.11492,308.06,0.47,0.39,2026-10-07,2108,N20,VIIRS,n,2.0NRT,297.7,3.76,N,VIIRS_NOAA20_NRT
9.80407,78.19509,334.35,0.43,0.46,2026-10-07,835,N20,VIIRS,n,2.0NRT,297.1,3.74,D,VIIRS_NOAA20_NRT
29.52751,74.17796,338.88,0.44,0.46,2026-10-07,839,N20,VIIRS,n,2.0NRT,300.08,3.74,D,VIIRS_NOAA20_NRT
28.9737,79.44719,331.89,0.39,0.36,2026-10-07,744,N21,VIIRS,n,2.0NRT,292.95,3.73,D,VIIRS_NOAA21_NRT
16.82287,80.37765,330.56,0.45,0.39,2026-10-07,816,N,VIIRS,n,2.0NRT,299.94,3.73,D,VIIRS_SNPP_NRT
23.24216,75.37008,342.37,0.39,0.36,2026-10-07,820,N,VIIRS,n,2.0NRT,314.09,3.73,D,VIIRS_SNPP_NRT
23.73399,76.7868,340.68,0.39,0.36,2026-10-07,820,N,VIIRS,n,2.0NRT,310.79,3.73,D,VIIRS_SNPP_NRT
21.75418,84.02543,308.97,0.55,0.51,2026-10-07,2046,N,VIIRS,n,2.0NRT,289.78,3.73,N,VIIRS_SNPP_NRT
25.94362,72.18799,322.12,0.55,0.42,2026-10-07,2046,N,VIIRS,n,2.0NRT,297.05,3.73,N,VIIRS_SNPP_NRT
22.93213,69.69771,340.59,0.38,0.36,2026-10-07,837,N20,VIIRS,l,2.0NRT,311.74,3.72,D,VIIRS_NOAA20_NRT
18.77281,78.39818,341.39,0.4,0.37,2026-10-07,818,N,VIIRS,n,2.0NRT,303.63,3.72,D,VIIRS_SNPP_NRT
20.967,85.17259,332.46,0.32,0.54,2026-10-07,818,N,VIIRS,n,2.0NRT,295.41,3.72,D,VIIRS_SNPP_NRT
27.41794,72.16614,342.04,0.43,0.38,2026-10-07,820,N,VIIRS,l,2.0NRT,313.31,3.72,D,VIIRS_SNPP_NRT
23.77931,86.21016,323.77,0.47,0.4,2026-10-07,2010,N21,VIIRS,n,2.0NRT,292.18,3.7,N,VIIRS_NOAA21_NRT
21.92435,83.34673,309.29,0.66,0.73,2026-10-07,2106,N20,VIIRS,n,2.0NRT,287.33,3.7,N,VIIRS_NOAA20_NRT
18.77828,78.43584,331.11,0.4,0.37,2026-10-07,818,N,VIIRS,l,2.0NRT,305.45,3.69,D,VIIRS_SNPP_NRT
22.70042,76.78998,334.56,0.39,0.36,2026-10-07,818,N,VIIRS,l,2.0NRT,309.12,3.69,D,VIIRS_SNPP_NRT
22.70098,76.79374,337.76,0.39,0.36,2026-10-07,818,N,VIIRS,l,2.0NRT,309.25,3.69,D,VIIRS_SNPP_NRT
18.6804,77.61752,331.35,0.4,0.44,2026-10-07,739,N21,VIIRS,l,2.0NRT,306.0,3.67,D,VIIRS_NOAA21_NRT
22.03776,83.73129,330.04,0.4,0.37,2026-10-07,741,N21,VIIRS,l,2.0NRT,302.6,3.67,D,VIIRS_NOAA21_NRT
11.67445,79.02821,330.16,0.52,0.5,2026-10-07,837,N20,VIIRS,n,2.0NRT,294.59,3.67,D,VIIRS_NOAA20_NRT
25.22962,73.42804,334.0,0.55,0.51,2026-10-07,744,N21,VIIRS,l,2.0NRT,307.05,3.66,D,VIIRS_NOAA21_NRT
28.87032,77.20425,334.2,0.43,0.38,2026-10-07,820,N,VIIRS,n,2.0NRT,301.48,3.66,D,VIIRS_SNPP_NRT
18.84402,77.91667,334.96,0.38,0.44,2026-10-07,739,N21,VIIRS,n,2.0NRT,304.77,3.65,D,VIIRS_NOAA21_NRT
12.55808,76.97843,334.41,0.4,0.37,2026-10-07,816,N,VIIRS,n,2.0NRT,297.19,3.64,D,VIIRS_SNPP_NRT
22.03919,83.72762,332.7,0.53,0.5,2026-10-07,818,N,VIIRS,n,2.0NRT,297.26,3.63,D,VIIRS_SNPP_NRT
14.61709,75.5239,330.41,0.32,0.55,2026-10-07,739,N21,VIIRS,l,2.0NRT,303.06,3.62,D,VIIRS_NOAA21_NRT
17.59708,82.79118,327.79,0.65,0.73,2026-10-07,657,N20,VIIRS,n,2.0NRT,292.46,3.61,D,VIIRS_NOAA20_NRT
14.88501,77.94583,338.27,0.38,0.36,2026-10-07,816,N,VIIRS,n,2.0NRT,306.1,3.6,D,VIIRS_SNPP_NRT
15.16986,76.66608,335.16,0.39,0.37,2026-10-07,816,N,VIIRS,n,2.0NRT,297.4,3.6,D,VIIRS_SNPP_NRT
31.27304,75.05997,330.14,0.52,0.41,2026-10-07,744,N21,VIIRS,n,2.0NRT,296.86,3.59,D,VIIRS_NOAA21_NRT
22.36237,82.29765,310.94,0.55,0.68,2026-10-07,2106,N20,VIIRS,n,2.0NRT,288.85,3.59,N,VIIRS_NOAA20_NRT
29.55144,74.47864,332.44,0.39,0.44,2026-10-07,744,N21,VIIRS,n,2.0NRT,304.87,3.58,D,VIIRS_NOAA21_NRT
22.03861,83.72998,325.11,0.4,0.37,2026-10-07,2010,N21,VIIRS,n,2.0NRT,294.39,3.57,N,VIIRS_NOAA21_NRT
27.54664,72.45873,353.26,0.42,0.37,2026-10-07,820,N,VIIRS,n,2.0NRT,314.81,3.56,D,VIIRS_SNPP_NRT
27.54735,72.46292,347.62,0.42,0.37,2026-10-07,820,N,VIIRS,n,2.0NRT,314.12,3.56,D,VIIRS_SNPP_NRT
27.55006,72.458,357.0,0.42,0.37,2026-10-07,820,N,VIIRS,l,2.0NRT,314.53,3.56,D,VIIRS_SNPP_NRT
27.55076,72.4622,347.69,0.42,0.37,2026-10-07,820,N,VIIRS,n,2.0NRT,313.73,3.56,D,VIIRS_SNPP_NRT
23.79589,77.9045,333.57,0.49,0.4,2026-10-07,741,N21,VIIRS,l,2.0NRT,307.93,3.55,D,VIIRS_NOAA21_NRT
29.90997,74.95027,316.96,0.64,0.54,2026-10-07,2008,N21,VIIRS,n,2.0NRT,294.08,3.55,N,VIIRS_NOAA21_NRT
29.9105,74.94372,313.15,0.64,0.54,2026-10-07,2008,N21,VIIRS,n,2.0NRT,293.08,3.55,N,VIIRS_NOAA21_NRT
15.28878,74.98153,335.19,0.49,0.4,2026-10-07,835,N20,VIIRS,n,2.0NRT,304.71,3.55,D,VIIRS_NOAA20_NRT
21.16996,76.14576,336.35,0.45,0.47,2026-10-07,837,N20,VIIRS,n,2.0NRT,306.88,3.55,D,VIIRS_NOAA20_NRT
21.10315,72.63617,335.12,0.46,0.39,2026-10-07,2108,N20,VIIRS,n,2.0NRT,299.19,3.55,N,VIIRS_NOAA20_NRT
21.10671,72.63689,316.05,0.46,0.39,2026-10-07,2108,N20,VIIRS,n,2.0NRT,298.39,3.55,N,VIIRS_NOAA20_NRT
17.60748,83.20324,332.38,0.43,0.46,2026-10-07,818,N,VIIRS,n,2.0NRT,299.62,3.55,D,VIIRS_SNPP_NRT
19.79181,78.55225,338.39,0.41,0.37,2026-10-07,818,N,VIIRS,n,2.0NRT,304.86,3.55,D,VIIRS_SNPP_NRT
16.87796,81.31918,330.13,0.42,0.38,2026-10-07,739,N21,VIIRS,n,2.0NRT,297.86,3.54,D,VIIRS_NOAA21_NRT
23.40316,75.73438,336.77,0.43,0.46,2026-10-07,741,N21,VIIRS,l,2.0NRT,309.49,3.54,D,VIIRS_NOAA21_NRT
23.78599,85.55344,331.05,0.48,0.4,2026-10-07,741,N21,VIIRS,n,2.0NRT,297.01,3.54,D,VIIRS_NOAA21_NRT
31.46008,75.11741,335.6,0.4,0.37,2026-10-07,822,N,VIIRS,n,2.0NRT,300.87,3.54,D,VIIRS_SNPP_NRT
31.68362,75.05061,330.91,0.51,0.41,2026-10-07,744,N21,VIIRS,n,2.0NRT,300.57,3.53,D,VIIRS_NOAA21_NRT
22.35822,82.30176,325.15,0.42,0.45,2026-10-07,2046,N,VIIRS,n,2.0NRT,294.28,3.53,N,VIIRS_SNPP_NRT
21.67804,84.0376,331.0,0.4,0.37,2026-10-07,741,N21,VIIRS,l,2.0NRT,301.83,3.52,D,VIIRS_NOAA21_NRT
21.76149,83.84737,301.08,0.71,0.75,2026-10-07,2106,N20,VIIRS,n,2.0NRT,286.12,3.51,N,VIIRS_NOAA20_NRT
21.25879,75.38605,342.09,0.39,0.36,2026-10-07,818,N,VIIRS,n,2.0NRT,308.11,3.51,D,VIIRS_SNPP_NRT
27.56031,72.4558,352.31,0.42,0.37,2026-10-07,820,N,VIIRS,n,2.0NRT,313.98,3.51,D,VIIRS_SNPP_NRT
27.56373,72.45507,341.26,0.42,0.37,2026-10-07,820,N,VIIRS,l,2.0NRT,314.3,3.51,D,VIIRS_SNPP_NRT
27.56444,72.45926,341.19,0.42,0.37,2026-10-07,820,N,VIIRS,l,2.0NRT,314.08,3.51,D,VIIRS_SNPP_NRT
27.40935,72.19903,351.11,0.43,0.38,2026-10-07,820,N,VIIRS,n,2.0NRT,313.44,3.5,D,VIIRS_SNPP_NRT
27.4101,72.20329,354.87,0.43,0.38,2026-10-07,820,N,VIIRS,n,2.0NRT,313.47,3.5,D,VIIRS_SNPP_NRT
27.41355,72.20255,348.81,0.43,0.38,2026-10-07,820,N,VIIRS,n,2.0NRT,314.42,3.5,D,VIIRS_SNPP_NRT
22.63825,77.33322,343.29,0.4,0.37,2026-10-07,818,N,VIIRS,n,2.0NRT,308.43,3.49,D,VIIRS_SNPP_NRT
27.41943,72.17467,345.57,0.43,0.38,2026-10-07,820,N,VIIRS,n,2.0NRT,314.12,3.49,D,VIIRS_SNPP_NRT
27.42213,72.16965,338.74,0.43,0.38,2026-10-07,820,N,VIIRS,l,2.0NRT,313.73,3.49,D,VIIRS_SNPP_NRT
21.0997,72.63349,319.08,0.35,0.57,2026-10-07,2010,N21,VIIRS,n,2.0NRT,295.92,3.48,N,VIIRS_NOAA21_NRT
22.36564,87.29744,318.32,0.54,0.51,2026-10-07,1925,N20,VIIRS,n,2.0NRT,291.47,3.47,N,VIIRS_NOAA20_NRT
20.97239,85.17517,330.36,0.32,0.54,2026-10-07,818,N,VIIRS,n,2.0NRT,296.21,3.46,D,VIIRS_SNPP_NRT
28.85397,76.52732,332.25,0.48,0.4,2026-10-07,744,N21,VIIRS,l,2.0NRT,302.87,3.45,D,VIIRS_NOAA21_NRT
14.81196,76.31028,336.45,0.4,0.37,2026-10-07,816,N,VIIRS,n,2.0NRT,304.48,3.45,D,VIIRS_SNPP_NRT
16.65423,80.38526,334.26,0.44,0.39,2026-10-07,816,N,VIIRS,n,2.0NRT,303.25,3.45,D,VIIRS_SNPP_NRT
19.08938,76.21931,338.16,0.39,0.36,2026-10-07,818,N,VIIRS,n,2.0NRT,308.53,3.45,D,VIIRS_SNPP_NRT
22.2592,77.05457,341.21,0.39,0.36,2026-10-07,818,N,VIIRS,n,2.0NRT,308.6,3.45,D,VIIRS_SNPP_NRT
16.58842,80.67157,333.69,0.45,0.39,2026-10-07,739,N21,VIIRS,n,2.0NRT,300.6,3.44,D,VIIRS_NOAA21_NRT
20.51561,74.11891,334.98,0.43,0.38,2026-10-07,818,N,VIIRS,n,2.0NRT,306.63,3.43,D,VIIRS_SNPP_NRT
11.59555,78.6584,332.47,0.45,0.47,2026-10-07,737,N21,VIIRS,n,2.0NRT,298.09,3.42,D,VIIRS_NOAA21_NRT
26.57275,75.47401,340.5,0.39,0.44,2026-10-07,744,N21,VIIRS,n,2.0NRT,312.36,3.42,D,VIIRS_NOAA21_NRT
27.67475,77.46309,331.0,0.45,0.39,2026-10-07,744,N21,VIIRS,l,2.0NRT,304.81,3.42,D,VIIRS_NOAA21_NRT
15.11421,78.52187,338.63,0.39,0.36,2026-10-07,816,N,VIIRS,n,2.0NRT,301.4,3.42,D,VIIRS_SNPP_NRT
22.20611,75.37877,337.96,0.39,0.36,2026-10-07,818,N,VIIRS,l,2.0NRT,309.95,3.42,D,VIIRS_SNPP_NRT
23.76686,86.40313,318.35,0.48,0.4,2026-10-07,2010,N21,VIIRS,n,2.0NRT,292.17,3.41,N,VIIRS_NOAA21_NRT
22.38054,76.0662,335.17,0.43,0.46,2026-10-07,741,N21,VIIRS,l,2.0NRT,309.89,3.4,D,VIIRS_NOAA21_NRT
17.24926,78.38922,332.38,0.56,0.51,2026-10-07,837,N20,VIIRS,n,2.0NRT,297.36,3.4,D,VIIRS_NOAA20_NRT
22.78895,77.29137,334.86,0.56,0.51,2026-10-07,837,N20,VIIRS,n,2.0NRT,305.62,3.4,D,VIIRS_NOAA20_NRT
16.54909,75.24494,336.89,0.42,0.38,2026-10-07,818,N,VIIRS,l,2.0NRT,311.31,3.4,D,VIIRS_SNPP_NRT
22.7547,75.48248,341.42,0.39,0.36,2026-10-07,820,N,VIIRS,n,2.0NRT,310.78,3.4,D,VIIRS_SNPP_NRT
23.35983,77.35493,334.75,0.4,0.37,2026-10-07,820,N,VIIRS,l,2.0NRT,309.04,3.4,D,VIIRS_SNPP_NRT
27.5951,72.25224,343.7,0.42,0.38,2026-10-07,820,N,VIIRS,l,2.0NRT,314.2,3.4,D,VIIRS_SNPP_NRT
18.57604,77.73538,330.15,0.4,0.44,2026-10-07,739,N21,VIIRS,l,2.0NRT,303.95,3.39,D,VIIRS_NOAA21_NRT
28.09001,77.53897,330.17,0.45,0.39,2026-10-07,744,N21,VIIRS,l,2.0NRT,302.37,3.39,D,VIIRS_NOAA21_NRT
31.77821,74.60777,333.88,0.49,0.49,2026-10-07,839,N20,VIIRS,n,2.0NRT,298.09,3.39,D,VIIRS_NOAA20_NRT
27.79612,78.37281,335.13,0.42,0.38,2026-10-07,744,N21,VIIRS,n,2.0NRT,301.62,3.38,D,VIIRS_NOAA21_NRT
28.38684,77.90492,332.35,0.43,0.38,2026-10-07,744,N21,VIIRS,n,2.0NRT,300.64,3.38,D,VIIRS_NOAA21_NRT
9.85838,78.07375,336.6,0.39,0.36,2026-10-07,816,N,VIIRS,n,2.0NRT,300.54,3.38,D,VIIRS_SNPP_NRT
18.71898,79.53831,334.43,0.43,0.38,2026-10-07,818,N,VIIRS,l,2.0NRT,308.16,3.37,D,VIIRS_SNPP_NRT
18.72247,79.53777,333.44,0.43,0.38,2026-10-07,818,N,VIIRS,l,2.0NRT,307.43,3.37,D,VIIRS_SNPP_NRT
20.96518,85.17404,306.83,0.46,0.39,2026-10-07,2010,N21,VIIRS,n,2.0NRT,294.56,3.36,N,VIIRS_NOAA21_NRT
20.96873,85.17477,344.18,0.46,0.39,2026-10-07,2010,N21,VIIRS,n,2.0NRT,296.64,3.36,N,VIIRS_NOAA21_NRT
20.96948,85.17043,306.23,0.46,0.39,2026-10-07,2010,N21,VIIRS,n,2.0NRT,294.38,3.36,N,VIIRS_NOAA21_NRT
23.07435,75.85807,336.44,0.46,0.47,2026-10-07,837,N20,VIIRS,l,2.0NRT,309.17,3.36,D,VIIRS_NOAA20_NRT
21.08123,75.37554,334.44,0.39,0.36,2026-10-07,818,N,VIIRS,l,2.0NRT,309.11,3.36,D,VIIRS_SNPP_NRT
21.77198,75.84802,336.65,0.39,0.36,2026-10-07,818,N,VIIRS,n,2.0NRT,308.82,3.36,D,VIIRS_SNPP_NRT
22.08142,75.68285,333.79,0.46,0.47,2026-10-07,741,N21,VIIRS,n,2.0NRT,304.66,3.35,D,VIIRS_NOAA21_NRT
23.21114,79.57275,334.65,0.42,0.38,2026-10-07,741,N21,VIIRS,n,2.0NRT,302.63,3.35,D,VIIRS_NOAA21_NRT
9.62373,78.87314,339.84,0.38,0.36,2026-10-07,816,N,VIIRS,n,2.0NRT,301.53,3.34,D,VIIRS_SNPP_NRT
21.67743,84.04075,305.7,0.56,0.51,2026-10-07,2046,N,VIIRS,n,2.0NRT,289.31,3.34,N,VIIRS_SNPP_NRT
13.40915,80.26591,337.32,0.51,0.41,2026-10-07,739,N21,VIIRS,n,2.0NRT,302.93,3.33,D,VIIRS_NOAA21_NRT
22.547,77.26024,334.85,0.55,0.43,2026-10-07,741,N21,VIIRS,n,2.0NRT,304.58,3.33,D,VIIRS_NOAA21_NRT
15.18886,75.26196,332.32,0.51,0.41,2026-10-07,835,N20,VIIRS,l,2.0NRT,306.86,3.33,D,VIIRS_NOAA20_NRT
22.04082,83.72971,313.75,0.52,0.5,2026-10-07,2046,N,VIIRS,n,2.0NRT,290.21,3.33,N,VIIRS_SNPP_NRT
25.94295,72.19347,322.23,0.55,0.42,2026-10-07,2046,N,VIIRS,n,2.0NRT,297.43,3.33,N,VIIRS_SNPP_NRT
22.66601,75.57564,339.35,0.46,0.47,2026-10-07,741,N21,VIIRS,n,2.0NRT,310.3,3.32,D,VIIRS_NOAA21_NRT
21.29282,72.99408,336.16,0.46,0.39,2026-10-07,837,N20,VIIRS,n,2.0NRT,307.74,3.32,D,VIIRS_NOAA20_NRT
21.8025,82.03709,305.36,0.59,0.7,2026-10-07,1925,N20,VIIRS,n,2.0NRT,289.4,3.31,N,VIIRS_NOAA20_NRT
21.76227,84.01782,301.41,0.73,0.76,2026-10-07,2106,N20,VIIRS,n,2.0NRT,285.68,3.31,N,VIIRS_NOAA20_NRT
34.15234,73.85137,332.67,0.39,0.36,2026-10-07,822,N,VIIRS,n,2.0NRT,305.51,3.31,D,VIIRS_SNPP_NRT
15.16463,78.53975,334.71,0.4,0.45,2026-10-07,739,N21,VIIRS,n,2.0NRT,299.76,3.3,D,VIIRS_NOAA21_NRT
27.28418,72.08715,346.81,0.43,0.38,2026-10-07,820,N,VIIRS,n,2.0NRT,313.52,3.3,D,VIIRS_SNPP_NRT
22.19329,77.06221,338.88,0.39,0.36,2026-10-07,818,N,VIIRS,l,2.0NRT,311.71,3.29,D,VIIRS_SNPP_NRT
27.6152,72.26549,341.26,0.42,0.38,2026-10-07,820,N,VIIRS,l,2.0NRT,313.52,3.29,D,VIIRS_SNPP_NRT
21.74981,83.83645,302.94,0.71,0.75,2026-10-07,2106,N20,VIIRS,n,2.0NRT,286.06,3.28,N,VIIRS_NOAA20_NRT
25.10555,76.34011,338.38,0.39,0.36,2026-10-07,820,N,VIIRS,l,2.0NRT,311.18,3.28,D,VIIRS_SNPP_NRT
15.54393,74.94463,337.98,0.49,0.4,2026-10-07,835,N20,VIIRS,n,2.0NRT,310.94,3.27,D,VIIRS_NOAA20_NRT
15.17263,76.66187,335.52,0.39,0.37,2026-10-07,816,N,VIIRS,n,2.0NRT,298.39,3.27,D,VIIRS_SNPP_NRT
18.68109,73.03464,336.3,0.5,0.41,2026-10-07,818,N,VIIRS,n,2.0NRT,302.32,3.26,D,VIIRS_SNPP_NRT
19.86592,83.45311,330.83,0.48,0.48,2026-10-07,818,N,VIIRS,n,2.0NRT,297.65,3.26,D,VIIRS_SNPP_NRT
25.72426,79.1142,336.48,0.42,0.37,2026-10-07,741,N21,VIIRS,n,2.0NRT,303.5,3.25,D,VIIRS_NOAA21_NRT
25.72767,79.1135,336.27,0.42,0.37,2026-10-07,741,N21,VIIRS,n,2.0NRT,303.1,3.25,D,VIIRS_NOAA21_NRT
22.36291,87.01942,306.33,0.54,0.42,2026-10-07,2010,N21,VIIRS,n,2.0NRT,293.94,3.25,N,VIIRS_NOAA21_NRT
18.89,78.31763,334.47,0.4,0.37,2026-10-07,818,N,VIIRS,n,2.0NRT,303.75,3.25,D,VIIRS_SNPP_NRT
21.09993,72.63562,327.15,0.46,0.39,2026-10-07,2049,N,VIIRS,n,2.0NRT,297.47,3.24,N,VIIRS_SNPP_NRT
21.10292,72.64062,308.37,0.46,0.39,2026-10-07,2049,N,VIIRS,n,2.0NRT,297.24,3.24,N,VIIRS_SNPP_NRT
21.10355,72.63619,332.36,0.46,0.39,2026-10-07,2049,N,VIIRS,n,2.0NRT,300.02,3.24,N,VIIRS_SNPP_NRT
23.68678,78.2878,332.23,0.43,0.38,2026-10-07,820,N,VIIRS,l,2.0NRT,305.92,3.23,D,VIIRS_SNPP_NRT
27.91776,77.53393,336.0,0.33,0.55,2026-10-07,839,N20,VIIRS,n,2.0NRT,298.68,3.22,D,VIIRS_NOAA20_NRT
27.86693,77.87592,331.01,0.45,0.39,2026-10-07,820,N,VIIRS,l,2.0NRT,301.52,3.22,D,VIIRS_SNPP_NRT
20.4813,74.04534,332.75,0.5,0.41,2026-10-07,837,N20,VIIRS,l,2.0NRT,306.6,3.21,D,VIIRS_NOAA20_NRT
18.92426,77.84783,335.78,0.39,0.44,2026-10-07,739,N21,VIIRS,n,2.0NRT,305.28,3.2,D,VIIRS_NOAA21_NRT
21.76846,84.01867,315.07,0.41,0.37,2026-10-07,2010,N21,VIIRS,n,2.0NRT,292.92,3.2,N,VIIRS_NOAA21_NRT
20.86773,84.98618,320.03,0.37,0.58,2026-10-07,1925,N20,VIIRS,n,2.0NRT,292.16,3.2,N,VIIRS_NOAA20_NRT
22.33547,69.86702,315.34,0.38,0.36,2026-10-07,2108,N20,VIIRS,n,2.0NRT,301.39,3.2,N,VIIRS_NOAA20_NRT
23.68786,78.28808,331.45,0.43,0.38,2026-10-07,820,N,VIIRS,l,2.0NRT,304.71,3.2,D,VIIRS_SNPP_NRT
20.96668,85.16538,319.88,0.46,0.39,2026-10-07,2010,N21,VIIRS,n,2.0NRT,295.17,3.19,N,VIIRS_NOAA21_NRT
21.92463,83.34633,312.02,0.48,0.65,2026-10-07,1925,N20,VIIRS,n,2.0NRT,287.85,3.19,N,VIIRS_NOAA20_NRT
27.5398,72.46019,351.82,0.42,0.37,2026-10-07,820,N,VIIRS,n,2.0NRT,313.91,3.19,D,VIIRS_SNPP_NRT
27.54051,72.46438,349.36,0.42,0.37,2026-10-07,820,N,VIIRS,n,2.0NRT,313.33,3.19,D,VIIRS_SNPP_NRT
27.54393,72.46365,346.63,0.42,0.37,2026-10-07,820,N,VIIRS,n,2.0NRT,313.92,3.19,D,VIIRS_SNPP_NRT
23.45279,75.76669,341.85,0.43,0.46,2026-10-07,741,N21,VIIRS,n,2.0NRT,309.92,3.18,D,VIIRS_NOAA21_NRT
18.85457,78.35791,332.86,0.4,0.37,2026-10-07,818,N,VIIRS,n,2.0NRT,300.5,3.18,D,VIIRS_SNPP_NRT
24.6503,76.67627,337.81,0.39,0.36,2026-10-07,820,N,VIIRS,n,2.0NRT,310.78,3.18,D,VIIRS_SNPP_NRT
13.41899,79.71804,332.21,0.61,0.53,2026-10-07,837,N20,VIIRS,n,2.0NRT,296.32,3.17,D,VIIRS_NOAA20_NRT
13.61755,79.52794,333.75,0.4,0.37,2026-10-07,816,N,VIIRS,n,2.0NRT,301.47,3.17,D,VIIRS_SNPP_NRT
15.68989,78.47973,333.56,0.39,0.36,2026-10-07,816,N,VIIRS,l,2.0NRT,307.9,3.17,D,VIIRS_SNPP_NRT
18.42284,74.50503,335.67,0.43,0.38,2026-10-07,818,N,VIIRS,l,2.0NRT,307.99,3.17,D,VIIRS_SNPP_NRT
27.41084,72.20757,346.19,0.43,0.38,2026-10-07,820,N,VIIRS,n,2.0NRT,315.14,3.17,D,VIIRS_SNPP_NRT
27.41429,72.20682,347.63,0.43,0.38,2026-10-07,820,N,VIIRS,n,2.0NRT,315.47,3.17,D,VIIRS_SNPP_NRT
23.68232,86.3934,315.68,0.35,0.57,2026-10-07,2046,N,VIIRS,n,2.0NRT,289.97,3.16,N,VIIRS_SNPP_NRT
21.79509,76.39445,336.62,0.38,0.36,2026-10-07,818,N,VIIRS,n,2.0NRT,308.95,3.15,D,VIIRS_SNPP_NRT
24.82182,73.09235,322.44,0.44,0.38,2026-10-07,2106,N20,VIIRS,n,2.0NRT,300.54,3.14,N,VIIRS_NOAA20_NRT
21.76509,84.01801,314.19,0.41,0.37,2026-10-07,2010,N21,VIIRS,n,2.0NRT,291.92,3.13,N,VIIRS_NOAA21_NRT
23.71311,86.44964,317.92,0.48,0.4,2026-10-07,2010,N21,VIIRS,n,2.0NRT,292.06,3.13,N,VIIRS_NOAA21_NRT
9.80342,78.1953,334.76,0.43,0.46,2026-10-07,835,N20,VIIRS,n,2.0NRT,297.64,3.13,D,VIIRS_NOAA20_NRT
22.97652,70.98911,332.45,0.55,0.43,2026-10-07,820,N,VIIRS,n,2.0NRT,304.61,3.13,D,VIIRS_SNPP_NRT
24.55424,75.27048,339.4,0.38,0.36,2026-10-07,820,N,VIIRS,n,2.0NRT,309.73,3.13,D,VIIRS_SNPP_NRT
25.16804,76.14778,340.22,0.39,0.36,2026-10-07,820,N,VIIRS,n,2.0NRT,311.1,3.13,D,VIIRS_SNPP_NRT
15.70898,77.66982,334.18,0.38,0.36,2026-10-07,816,N,VIIRS,l,2.0NRT,304.21,3.12,D,VIIRS_SNPP_NRT
18.82235,77.84233,331.97,0.39,0.44,2026-10-07,739,N21,VIIRS,l,2.0NRT,304.73,3.11,D,VIIRS_NOAA21_NRT
25.07391,76.33388,336.86,0.39,0.36,2026-10-07,820,N,VIIRS,l,2.0NRT,310.75,3.11,D,VIIRS_SNPP_NRT
25.49779,76.64137,334.9,0.4,0.37,2026-10-07,820,N,VIIRS,l,2.0NRT,308.4,3.09,D,VIIRS_SNPP_NRT
19.77024,75.29041,331.63,0.38,0.43,2026-10-07,837,N20,VIIRS,l,2.0NRT,305.84,3.08,D,VIIRS_NOAA20_NRT
23.55969,87.2291,327.08,0.53,0.42,2026-10-07,2010,N21,VIIRS,n,2.0NRT,291.83,3.07,N,VIIRS_NOAA21_NRT
24.48173,77.14658,332.3,0.4,0.44,2026-10-07,2010,N21,VIIRS,n,2.0NRT,292.93,3.07,N,VIIRS_NOAA21_NRT
16.94123,80.83343,330.04,0.4,0.6,2026-10-07,835,N20,VIIRS,n,2.0NRT,293.45,3.07,D,VIIRS_NOAA20_NRT
22.43021,76.74855,337.15,0.39,0.36,2026-10-07,818,N,VIIRS,l,2.0NRT,307.49,3.07,D,VIIRS_SNPP_NRT
17.98266,80.82618,309.52,0.41,0.45,2026-10-07,2046,N,VIIRS,n,2.0NRT,294.62,3.07,N,VIIRS_SNPP_NRT
22.89912,75.27193,334.66,0.47,0.48,2026-10-07,741,N21,VIIRS,l,2.0NRT,309.56,3.06,D,VIIRS_NOAA21_NRT
19.31896,76.91225,337.34,0.38,0.36,2026-10-07,818,N,VIIRS,l,2.0NRT,309.69,3.06,D,VIIRS_SNPP_NRT
26.34184,77.50948,335.67,0.42,0.38,2026-10-07,820,N,VIIRS,n,2.0NRT,307.38,3.06,D,VIIRS_SNPP_NRT
31.74856,75.02059,338.71,0.4,0.37,2026-10-07,822,N,VIIRS,n,2.0NRT,301.78,3.06,D,VIIRS_SNPP_NRT
25.58116,73.7332,335.39,0.55,0.43,2026-10-07,839,N20,VIIRS,l,2.0NRT,310.29,3.03,D,VIIRS_NOAA20_NRT
22.97077,75.2615,339.78,0.39,0.36,2026-10-07,820,N,VIIRS,n,2.0NRT,314.53,3.03,D,VIIRS_SNPP_NRT
21.76106,84.02127,309.59,0.41,0.37,2026-10-07,2010,N21,VIIRS,n,2.0NRT,284.54,3.02,N,VIIRS_NOAA21_NRT
25.9414,72.19615,309.65,0.67,0.74,2026-10-07,2150,N21,VIIRS,n,2.0NRT,295.15,3.02,N,VIIRS_NOAA21_NRT
21.74965,83.84028,312.14,0.71,0.75,2026-10-07,2106,N20,VIIRS,n,2.0NRT,286.22,3.02,N,VIIRS_NOAA20_NRT
21.75632,83.84238,307.57,0.71,0.75,2026-10-07,2106,N20,VIIRS,n,2.0NRT,286.65,3.02,N,VIIRS_NOAA20_NRT
22.04056,83.72689,334.14,0.4,0.37,2026-10-07,741,N21,VIIRS,n,2.0NRT,300.23,3.01,D,VIIRS_NOAA21_NRT
25.60968,81.38057,335.22,0.38,0.36,2026-10-07,741,N21,VIIRS,n,2.0NRT,300.37,3.01,D,VIIRS_NOAA21_NRT
23.64674,85.44073,333.51,0.33,0.55,2026-10-07,659,N20,VIIRS,n,2.0NRT,291.81,3.01,D,VIIRS_NOAA20_NRT
21.08069,85.0351,331.27,0.37,0.58,2026-10-07,1925,N20,VIIRS,n,2.0NRT,294.02,3.0,N,VIIRS_NOAA20_NRT
21.08105,85.03157,314.23,0.37,0.58,2026-10-07,1925,N20,VIIRS,n,2.0NRT,291.96,3.0,N,VIIRS_NOAA20_NRT
27.6667,76.13056,307.56,0.55,0.43,2026-10-07,2106,N20,VIIRS,n,2.0NRT,294.9,3.0,N,VIIRS_NOAA20_NRT
15.17628,76.67937,328.67,0.42,0.38,2026-10-07,2049,N,VIIRS,n,2.0NRT,291.09,3.0,N,VIIRS_SNPP_NRT
23.67147,78.01244,333.78,0.42,0.37,2026-10-07,820,N,VIIRS,l,2.0NRT,307.96,2.99,D,VIIRS_SNPP_NRT
23.08772,75.25189,337.21,0.39,0.36,2026-10-07,820,N,VIIRS,n,2.0NRT,307.95,2.98,D,VIIRS_SNPP_NRT
21.74328,83.8409,306.28,0.54,0.51,2026-10-07,2046,N,VIIRS,n,2.0NRT,289.58,2.98,N,VIIRS_SNPP_NRT
21.74789,83.84206,320.79,0.54,0.51,2026-10-07,2046,N,VIIRS,n,2.0NRT,290.07,2.98,N,VIIRS_SNPP_NRT
15.17995,76.65372,308.8,0.5,0.41,2026-10-07,2012,N21,VIIRS,n,2.0NRT,292.67,2.97,N,VIIRS_NOAA21_NRT
18.84653,77.8833,335.75,0.39,0.36,2026-10-07,818,N,VIIRS,l,2.0NRT,308.48,2.96,D,VIIRS_SNPP_NRT
22.44808,76.96092,336.84,0.39,0.36,2026-10-07,818,N,VIIRS,n,2.0NRT,306.45,2.96,D,VIIRS_SNPP_NRT
23.14641,79.44753,333.06,0.47,0.4,2026-10-07,820,N,VIIRS,l,2.0NRT,303.64,2.96,D,VIIRS_SNPP_NRT
23.52728,77.45509,338.08,0.4,0.37,2026-10-07,820,N,VIIRS,n,2.0NRT,310.93,2.96,D,VIIRS_SNPP_NRT
24.95686,76.50783,338.56,0.39,0.36,2026-10-07,820,N,VIIRS,l,2.0NRT,310.41,2.96,D,VIIRS_SNPP_NRT
25.73175,79.1169,340.49,0.42,0.37,2026-10-07,741,N21,VIIRS,n,2.0NRT,302.98,2.95,D,VIIRS_NOAA21_NRT
25.98091,81.58565,331.98,0.38,0.36,2026-10-07,741,N21,VIIRS,n,2.0NRT,297.73,2.92,D,VIIRS_NOAA21_NRT
22.32974,82.60657,324.19,0.38,0.36,2026-10-07,2010,N21,VIIRS,n,2.0NRT,293.8,2.92,N,VIIRS_NOAA21_NRT
27.56946,72.4545,342.22,0.42,0.37,2026-10-07,820,N,VIIRS,l,2.0NRT,314.66,2.92,D,VIIRS_SNPP_NRT
27.57018,72.45869,341.21,0.42,0.37,2026-10-07,820,N,VIIRS,l,2.0NRT,314.37,2.92,D,VIIRS_SNPP_NRT
21.33679,78.96783,319.94,0.44,0.39,2026-10-07,2049,N,VIIRS,n,2.0NRT,295.16,2.92,N,VIIRS_SNPP_NRT
19.14337,76.02483,341.87,0.39,0.36,2026-10-07,818,N,VIIRS,n,2.0NRT,304.5,2.91,D,VIIRS_SNPP_NRT
31.40399,74.77277,333.8,0.39,0.36,2026-10-07,822,N,VIIRS,n,2.0NRT,299.89,2.9,D,VIIRS_SNPP_NRT
11.79232,78.72071,330.34,0.5,0.49,2026-10-07,837,N20,VIIRS,n,2.0NRT,295.1,2.89,D,VIIRS_NOAA20_NRT
21.18027,81.38291,303.04,0.52,0.66,2026-10-07,2106,N20,VIIRS,n,2.0NRT,289.9,2.89,N,VIIRS_NOAA20_NRT
26.61864,80.9173,337.91,0.41,0.45,2026-10-07,820,N,VIIRS,n,2.0NRT,295.59,2.89,D,VIIRS_SNPP_NRT
24.90244,76.92768,333.83,0.53,0.42,2026-10-07,741,N21,VIIRS,l,2.0NRT,308.24,2.88,D,VIIRS_NOAA21_NRT
25.09847,77.73106,330.36,0.63,0.54,2026-10-07,839,N20,VIIRS,l,2.0NRT,301.72,2.88,D,VIIRS_NOAA20_NRT
23.76208,86.39969,311.04,0.32,0.55,2026-10-07,1925,N20,VIIRS,n,2.0NRT,289.85,2.88,N,VIIRS_NOAA20_NRT
15.47079,77.7061,334.35,0.38,0.36,2026-10-07,816,N,VIIRS,l,2.0NRT,304.63,2.88,D,VIIRS_SNPP_NRT
24.92091,76.69691,334.56,0.39,0.36,2026-10-07,820,N,VIIRS,l,2.0NRT,308.33,2.88,D,VIIRS_SNPP_NRT
22.3661,87.30038,305.18,0.43,0.62,2026-10-07,2046,N,VIIRS,n,2.0NRT,286.74,2.88,N,VIIRS_SNPP_NRT
23.79497,86.35152,320.63,0.48,0.4,2026-10-07,2010,N21,VIIRS,n,2.0NRT,292.39,2.87,N,VIIRS_NOAA21_NRT
17.11261,80.77728,333.57,0.47,0.4,2026-10-07,818,N,VIIRS,n,2.0NRT,299.08,2.87,D,VIIRS_SNPP_NRT
28.75044,77.02119,333.53,0.46,0.39,2026-10-07,744,N21,VIIRS,n,2.0NRT,302.98,2.86,D,VIIRS_NOAA21_NRT
20.97228,85.1755,316.28,0.46,0.39,2026-10-07,2010,N21,VIIRS,n,2.0NRT,294.71,2.86,N,VIIRS_NOAA21_NRT
20.97658,85.17188,321.14,0.46,0.39,2026-10-07,2010,N21,VIIRS,n,2.0NRT,294.9,2.86,N,VIIRS_NOAA21_NRT
17.95596,80.79582,313.1,0.39,0.36,2026-10-07,2012,N21,VIIRS,n,2.0NRT,297.04,2.86,N,VIIRS_NOAA21_NRT
20.96367,85.18274,313.74,0.46,0.39,2026-10-07,2010,N21,VIIRS,n,2.0NRT,294.56,2.85,N,VIIRS_NOAA21_NRT
20.96442,85.17839,322.52,0.46,0.39,2026-10-07,2010,N21,VIIRS,n,2.0NRT,295.24,2.85,N,VIIRS_NOAA21_NRT
22.68337,77.20803,337.23,0.39,0.36,2026-10-07,818,N,VIIRS,n,2.0NRT,306.41,2.85,D,VIIRS_SNPP_NRT
24.6762,74.11398,338.12,0.4,0.37,2026-10-07,820,N,VIIRS,n,2.0NRT,309.75,2.85,D,VIIRS_SNPP_NRT
18.68335,73.04192,310.45,0.42,0.38,2026-10-07,2046,N,VIIRS,n,2.0NRT,297.21,2.85,N,VIIRS_SNPP_NRT
19.96319,79.33321,333.69,0.43,0.38,2026-10-07,818,N,VIIRS,n,2.0NRT,302.4,2.84,D,VIIRS_SNPP_NRT
17.6,82.78966,330.31,0.39,0.36,2026-10-07,739,N21,VIIRS,l,2.0NRT,302.38,2.83,D,VIIRS_NOAA21_NRT
31.33072,75.01452,332.4,0.39,0.36,2026-10-07,822,N,VIIRS,n,2.0NRT,299.35,2.83,D,VIIRS_SNPP_NRT
10.79655,77.37138,333.6,0.39,0.44,2026-10-07,837,N20,VIIRS,n,2.0NRT,299.97,2.82,D,VIIRS_NOAA20_NRT
10.93849,79.8204,333.38,0.39,0.36,2026-10-07,816,N,VIIRS,n,2.0NRT,299.89,2.82,D,VIIRS_SNPP_NRT
18.85503,78.38484,337.95,0.4,0.37,2026-10-07,818,N,VIIRS,n,2.0NRT,303.68,2.82,D,VIIRS_SNPP_NRT
30.70007,74.74068,332.02,0.39,0.36,2026-10-07,822,N,VIIRS,n,2.0NRT,299.9,2.82,D,VIIRS_SNPP_NRT
22.41749,69.03816,315.09,0.5,0.49,2026-10-07,2049,N,VIIRS,n,2.0NRT,297.02,2.82,N,VIIRS_SNPP_NRT
15.22439,76.76299,331.34,0.42,0.38,2026-10-07,2049,N,VIIRS,n,2.0NRT,291.75,2.81,N,VIIRS_SNPP_NRT
22.7881,86.19705,311.7,0.48,0.4,2026-10-07,2010,N21,VIIRS,n,2.0NRT,292.96,2.8,N,VIIRS_NOAA21_NRT
20.15537,74.23093,334.28,0.43,0.38,2026-10-07,818,N,VIIRS,n,2.0NRT,300.16,2.8,D,VIIRS_SNPP_NRT
20.95676,85.01167,313.76,0.45,0.39,2026-10-07,2010,N21,VIIRS,n,2.0NRT,295.39,2.79,N,VIIRS_NOAA21_NRT
15.17059,76.66645,314.16,0.5,0.41,2026-10-07,2012,N21,VIIRS,n,2.0NRT,292.61,2.79,N,VIIRS_NOAA21_NRT
23.75961,86.40157,324.16,0.48,0.4,2026-10-07,2010,N21,VIIRS,n,2.0NRT,292.11,2.78,N,VIIRS_NOAA21_NRT
23.76045,86.39697,303.04,0.48,0.4,2026-10-07,2010,N21,VIIRS,n,2.0NRT,291.27,2.78,N,VIIRS_NOAA21_NRT
23.76324,86.40234,329.36,0.48,0.4,2026-10-07,2010,N21,VIIRS,n,2.0NRT,292.47,2.78,N,VIIRS_NOAA21_NRT
25.76635,81.31789,331.57,0.53,0.67,2026-10-07,659,N20,VIIRS,n,2.0NRT,290.85,2.77,D,VIIRS_NOAA20_NRT
18.89116,78.30209,331.46,0.4,0.37,2026-10-07,818,N,VIIRS,l,2.0NRT,302.71,2.77,D,VIIRS_SNPP_NRT
22.66036,75.66074,336.94,0.38,0.36,2026-10-07,820,N,VIIRS,l,2.0NRT,309.86,2.77,D,VIIRS_SNPP_NRT
21.25878,75.38722,335.24,0.41,0.45,2026-10-07,837,N20,VIIRS,n,2.0NRT,305.33,2.76,D,VIIRS_NOAA20_NRT
21.67838,84.03431,301.63,0.74,0.76,2026-10-07,2106,N20,VIIRS,n,2.0NRT,284.99,2.76,N,VIIRS_NOAA20_NRT
23.68828,86.39132,305.07,0.35,0.57,2026-10-07,2046,N,VIIRS,n,2.0NRT,289.24,2.76,N,VIIRS_SNPP_NRT
20.96163,85.17331,320.52,0.46,0.39,2026-10-07,2010,N21,VIIRS,n,2.0NRT,294.88,2.75,N,VIIRS_NOAA21_NRT
20.96238,85.16898,318.51,0.46,0.39,2026-10-07,2010,N21,VIIRS,n,2.0NRT,295.61,2.75,N,VIIRS_NOAA21_NRT
21.18117,81.38504,319.33,0.39,0.36,2026-10-07,2010,N21,VIIRS,n,2.0NRT,295.9,2.75,N,VIIRS_NOAA21_NRT
21.18447,81.3856,330.12,0.39,0.36,2026-10-07,2010,N21,VIIRS,n,2.0NRT,294.34,2.75,N,VIIRS_NOAA21_NRT
23.36741,76.03069,337.7,0.38,0.36,2026-10-07,820,N,VIIRS,l,2.0NRT,310.12,2.75,D,VIIRS_SNPP_NRT
31.75191,74.86307,335.91,0.39,0.36,2026-10-07,822,N,VIIRS,n,2.0NRT,301.85,2.75,D,VIIRS_SNPP_NRT
20.78464,85.26598,309.18,0.35,0.56,2026-10-07,2049,N,VIIRS,n,2.0NRT,292.0,2.75,N,VIIRS_SNPP_NRT
19.93647,73.71288,321.94,0.54,0.42,2026-10-07,2108,N20,VIIRS,n,2.0NRT,293.01,2.74,N,VIIRS_NOAA20_NRT
27.48507,72.09802,341.32,0.43,0.38,2026-10-07,820,N,VIIRS,l,2.0NRT,315.06,2.74,D,VIIRS_SNPP_NRT
27.48853,72.09727,341.54,0.43,0.38,2026-10-07,820,N,VIIRS,l,2.0NRT,314.98,2.74,D,VIIRS_SNPP_NRT
27.58236,78.43828,330.2,0.47,0.4,2026-10-07,820,N,VIIRS,n,2.0NRT,301.31,2.74,D,VIIRS_SNPP_NRT
18.94878,78.57928,332.88,0.4,0.37,2026-10-07,818,N,VIIRS,n,2.0NRT,304.0,2.72,D,VIIRS_SNPP_NRT
30.34445,75.78986,332.94,0.4,0.37,2026-10-07,822,N,VIIRS,n,2.0NRT,298.27,2.72,D,VIIRS_SNPP_NRT
27.40632,78.34399,330.14,0.42,0.38,2026-10-07,744,N21,VIIRS,n,2.0NRT,302.0,2.71,D,VIIRS_NOAA21_NRT
18.6829,73.03872,307.99,0.62,0.54,2026-10-07,2012,N21,VIIRS,n,2.0NRT,294.28,2.71,N,VIIRS_NOAA21_NRT
18.68357,73.03288,310.37,0.62,0.54,2026-10-07,2012,N21,VIIRS,n,2.0NRT,294.1,2.71,N,VIIRS_NOAA21_NRT
25.56184,79.09103,336.75,0.42,0.38,2026-10-07,741,N21,VIIRS,n,2.0NRT,301.18,2.7,D,VIIRS_NOAA21_NRT
20.97902,85.13648,316.21,0.46,0.39,2026-10-07,2010,N21,VIIRS,n,2.0NRT,295.89,2.7,N,VIIRS_NOAA21_NRT
15.82441,78.2252,335.47,0.52,0.5,2026-10-07,835,N20,VIIRS,n,2.0NRT,301.33,2.7,D,VIIRS_NOAA20_NRT
21.92741,83.33448,301.73,0.66,0.73,2026-10-07,2106,N20,VIIRS,n,2.0NRT,286.93,2.7,N,VIIRS_NOAA20_NRT
15.17134,76.66647,319.45,0.42,0.38,2026-10-07,2049,N,VIIRS,n,2.0NRT,290.16,2.7,N,VIIRS_SNPP_NRT
27.09056,77.72842,330.3,0.45,0.39,2026-10-07,744,N21,VIIRS,n,2.0NRT,303.65,2.69,D,VIIRS_NOAA21_NRT
15.86157,77.70403,332.01,0.48,0.48,2026-10-07,835,N20,VIIRS,l,2.0NRT,304.08,2.69,D,VIIRS_NOAA20_NRT
27.56262,72.45596,341.25,0.42,0.37,2026-10-07,820,N,VIIRS,l,2.0NRT,313.71,2.69,D,VIIRS_SNPP_NRT
27.56604,72.45523,340.02,0.42,0.37,2026-10-07,820,N,VIIRS,l,2.0NRT,314.22,2.69,D,VIIRS_SNPP_NRT
27.56676,72.45942,343.17,0.42,0.37,2026-10-07,820,N,VIIRS,l,2.0NRT,313.34,2.69,D,VIIRS_SNPP_NRT
28.05695,77.62602,333.93,0.44,0.38,2026-10-07,820,N,VIIRS,n,2.0NRT,303.82,2.69,D,VIIRS_SNPP_NRT
19.77231,75.29076,335.09,0.38,0.43,2026-10-07,837,N20,VIIRS,l,2.0NRT,307.28,2.68,D,VIIRS_NOAA20_NRT
23.94436,77.3983,330.69,0.4,0.37,2026-10-07,820,N,VIIRS,l,2.0NRT,305.31,2.68,D,VIIRS_SNPP_NRT
20.96442,85.1683,308.48,0.34,0.56,2026-10-07,2049,N,VIIRS,n,2.0NRT,291.41,2.67,N,VIIRS_SNPP_NRT
20.96511,85.16511,316.39,0.34,0.56,2026-10-07,2049,N,VIIRS,n,2.0NRT,291.4,2.67,N,VIIRS_SNPP_NRT
17.77195,80.93687,330.3,0.42,0.38,2026-10-07,739,N21,VIIRS,l,2.0NRT,302.1,2.66,D,VIIRS_NOAA21_NRT
20.94961,86.04787,308.19,0.5,0.41,2026-10-07,2010,N21,VIIRS,n,2.0NRT,294.53,2.66,N,VIIRS_NOAA21_NRT
23.67645,86.40126,311.41,0.48,0.4,2026-10-07,2010,N21,VIIRS,n,2.0NRT,292.61,2.66,N,VIIRS_NOAA21_NRT
27.94776,77.40167,343.98,0.33,0.55,2026-10-07,839,N20,VIIRS,n,2.0NRT,298.37,2.66,D,VIIRS_NOAA20_NRT
25.00735,76.91402,338.52,0.4,0.37,2026-10-07,820,N,VIIRS,n,2.0NRT,308.4,2.66,D,VIIRS_SNPP_NRT
20.96981,86.02119,308.46,0.38,0.59,2026-10-07,2049,N,VIIRS,n,2.0NRT,291.63,2.66,N,VIIRS_SNPP_NRT
18.97217,78.2121,330.9,0.4,0.37,2026-10-07,818,N,VIIRS,n,2.0NRT,302.68,2.65,D,VIIRS_SNPP_NRT
27.39128,72.22851,341.79,0.43,0.38,2026-10-07,820,N,VIIRS,l,2.0NRT,313.83,2.65,D,VIIRS_SNPP_NRT
27.39472,72.22775,339.0,0.43,0.38,2026-10-07,820,N,VIIRS,l,2.0NRT,313.87,2.65,D,VIIRS_SNPP_NRT
27.55347,72.45727,340.92,0.42,0.37,2026-10-07,820,N,VIIRS,l,2.0NRT,314.99,2.65,D,VIIRS_SNPP_NRT
27.55418,72.46146,349.49,0.42,0.37,2026-10-07,820,N,VIIRS,n,2.0NRT,314.13,2.65,D,VIIRS_SNPP_NRT
27.55689,72.45654,350.45,0.42,0.37,2026-10-07,820,N,VIIRS,n,2.0NRT,313.6,2.65,D,VIIRS_SNPP_NRT
27.5576,72.46072,342.43,0.42,0.37,2026-10-07,820,N,VIIRS,l,2.0NRT,314.42,2.65,D,VIIRS_SNPP_NRT
22.05649,88.12495,316.64,0.49,0.65,2026-10-07,2046,N,VIIRS,n,2.0NRT,290.15,2.65,N,VIIRS_SNPP_NRT
23.6506,85.43492,302.05,0.62,0.54,2026-10-07,2046,N,VIIRS,n,2.0NRT,287.69,2.65,N,VIIRS_SNPP_NRT
23.77598,86.36254,326.06,0.32,0.55,2026-10-07,1925,N20,VIIRS,n,2.0NRT,289.87,2.64,N,VIIRS_NOAA20_NRT
27.73664,78.77251,334.28,0.41,0.37,2026-10-07,744,N21,VIIRS,n,2.0NRT,299.51,2.63,D,VIIRS_NOAA21_NRT
23.54147,70.53769,336.61,0.4,0.37,2026-10-07,837,N20,VIIRS,n,2.0NRT,310.85,2.63,D,VIIRS_NOAA20_NRT
27.829,77.49324,336.15,0.33,0.55,2026-10-07,839,N20,VIIRS,n,2.0NRT,300.21,2.63,D,VIIRS_NOAA20_NRT
22.93239,69.69901,306.53,0.58,0.69,2026-10-07,2010,N21,VIIRS,n,2.0NRT,295.11,2.62,N,VIIRS_NOAA21_NRT
22.04424,83.7284,312.46,0.46,0.63,2026-10-07,1925,N20,VIIRS,n,2.0NRT,287.86,2.62,N,VIIRS_NOAA20_NRT
10.88719,79.21658,331.76,0.38,0.36,2026-10-07,816,N,VIIRS,n,2.0NRT,298.79,2.62,D,VIIRS_SNPP_NRT
16.48532,79.59827,330.55,0.5,0.41,2026-10-07,739,N21,VIIRS,n,2.0NRT,298.37,2.61,D,VIIRS_NOAA21_NRT
17.61077,74.83668,333.42,0.63,0.54,2026-10-07,739,N21,VIIRS,n,2.0NRT,302.55,2.61,D,VIIRS_NOAA21_NRT
18.10416,82.55094,331.53,0.39,0.36,2026-10-07,739,N21,VIIRS,n,2.0NRT,300.52,2.61,D,VIIRS_NOAA21_NRT
20.88792,84.98018,323.57,0.37,0.58,2026-10-07,1925,N20,VIIRS,n,2.0NRT,292.46,2.61,N,VIIRS_NOAA20_NRT
18.41235,77.65134,332.52,0.39,0.36,2026-10-07,818,N,VIIRS,n,2.0NRT,305.91,2.61,D,VIIRS_SNPP_NRT
23.71654,77.90639,331.32,0.49,0.4,2026-10-07,741,N21,VIIRS,l,2.0NRT,305.47,2.6,D,VIIRS_NOAA21_NRT
13.3614,80.11385,336.31,0.41,0.37,2026-10-07,816,N,VIIRS,n,2.0NRT,299.85,2.6,D,VIIRS_SNPP_NRT
18.84554,78.47144,330.38,0.4,0.37,2026-10-07,818,N,VIIRS,l,2.0NRT,304.27,2.59,D,VIIRS_SNPP_NRT
27.60416,72.26348,342.22,0.42,0.38,2026-10-07,820,N,VIIRS,l,2.0NRT,315.03,2.59,D,VIIRS_SNPP_NRT
27.60489,72.26772,343.97,0.42,0.38,2026-10-07,820,N,VIIRS,l,2.0NRT,315.45,2.59,D,VIIRS_SNPP_NRT
20.78021,85.26141,344.68,0.35,0.56,2026-10-07,2049,N,VIIRS,n,2.0NRT,291.25,2.59,N,VIIRS_SNPP_NRT
20.78092,85.25809,303.4,0.35,0.56,2026-10-07,2049,N,VIIRS,n,2.0NRT,291.24,2.59,N,VIIRS_SNPP_NRT
20.78535,85.26267,341.1,0.35,0.56,2026-10-07,2049,N,VIIRS,n,2.0NRT,293.0,2.59,N,VIIRS_SNPP_NRT
20.78607,85.25932,304.59,0.35,0.56,2026-10-07,2049,N,VIIRS,n,2.0NRT,291.89,2.59,N,VIIRS_SNPP_NRT
20.96405,85.18897,322.78,0.34,0.56,2026-10-07,2049,N,VIIRS,n,2.0NRT,291.99,2.59,N,VIIRS_SNPP_NRT
20.96475,85.18567,322.95,0.34,0.56,2026-10-07,2049,N,VIIRS,n,2.0NRT,291.72,2.59,N,VIIRS_SNPP_NRT
21.37871,81.6743,305.3,0.61,0.71,2026-10-07,1925,N20,VIIRS,n,2.0NRT,288.76,2.58,N,VIIRS_NOAA20_NRT
18.89473,78.56445,334.71,0.4,0.37,2026-10-07,818,N,VIIRS,n,2.0NRT,303.78,2.57,D,VIIRS_SNPP_NRT
28.34634,77.23142,325.81,0.39,0.36,2026-10-07,2046,N,VIIRS,n,2.0NRT,293.98,2.57,N,VIIRS_SNPP_NRT
23.47572,77.01878,334.7,0.55,0.42,2026-10-07,741,N21,VIIRS,l,2.0NRT,308.04,2.56,D,VIIRS_NOAA21_NRT
26.45634,76.23568,337.62,0.53,0.5,2026-10-07,839,N20,VIIRS,l,2.0NRT,310.23,2.56,D,VIIRS_NOAA20_NRT
31.91549,74.8441,333.78,0.39,0.36,2026-10-07,822,N,VIIRS,n,2.0NRT,299.46,2.55,D,VIIRS_SNPP_NRT
20.96371,85.17152,316.94,0.34,0.56,2026-10-07,2049,N,VIIRS,n,2.0NRT,291.4,2.55,N,VIIRS_SNPP_NRT
20.96809,85.17603,315.92,0.34,0.56,2026-10-07,2049,N,VIIRS,n,2.0NRT,291.36,2.55,N,VIIRS_SNPP_NRT
20.96879,85.17283,340.86,0.34,0.56,2026-10-07,2049,N,VIIRS,n,2.0NRT,292.27,2.55,N,VIIRS_SNPP_NRT
23.16156,75.61557,339.44,0.38,0.36,2026-10-07,820,N,VIIRS,l,2.0NRT,313.15,2.54,D,VIIRS_SNPP_NRT
20.96352,85.1848,312.36,0.36,0.57,2026-10-07,1925,N20,VIIRS,n,2.0NRT,292.36,2.53,N,VIIRS_NOAA20_NRT
22.0419,83.35078,307.31,0.49,0.65,2026-10-07,1925,N20,VIIRS,n,2.0NRT,287.45,2.53,N,VIIRS_NOAA20_NRT
27.92753,77.10484,335.33,0.47,0.39,2026-10-07,744,N21,VIIRS,l,2.0NRT,307.1,2.52,D,VIIRS_NOAA21_NRT
10.6505,77.45954,335.3,0.4,0.44,2026-10-07,835,N20,VIIRS,n,2.0NRT,298.58,2.52,D,VIIRS_NOAA20_NRT
23.71389,86.42375,307.02,0.48,0.4,2026-10-07,2010,N21,VIIRS,n,2.0NRT,292.9,2.51,N,VIIRS_NOAA21_NRT
15.17623,76.6532,317.28,0.5,0.41,2026-10-07,2012,N21,VIIRS,n,2.0NRT,293.52,2.51,N,VIIRS_NOAA21_NRT
25.03097,73.86556,333.77,0.55,0.43,2026-10-07,839,N20,VIIRS,l,2.0NRT,307.48,2.51,D,VIIRS_NOAA20_NRT
31.54686,74.70376,333.54,0.39,0.36,2026-10-07,822,N,VIIRS,n,2.0NRT,299.11,2.51,D,VIIRS_SNPP_NRT
21.10278,75.15515,338.29,0.4,0.37,2026-10-07,818,N,VIIRS,n,2.0NRT,310.01,2.5,D,VIIRS_SNPP_NRT
21.10339,75.15893,334.12,0.4,0.37,2026-10-07,818,N,VIIRS,l,2.0NRT,308.97,2.5,D,VIIRS_SNPP_NRT
23.35106,75.20296,340.3,0.39,0.36,2026-10-07,820,N,VIIRS,n,2.0NRT,313.69,2.5,D,VIIRS_SNPP_NRT
18.68508,73.02989,314.37,0.42,0.38,2026-10-07,2046,N,VIIRS,n,2.0NRT,296.32,2.5,N,VIIRS_SNPP_NRT
20.91188,71.45867,308.8,0.52,0.42,2026-10-07,2046,N,VIIRS,n,2.0NRT,297.3,2.5,N,VIIRS_SNPP_NRT
23.78545,85.55318,303.59,0.63,0.54,2026-10-07,2046,N,VIIRS,n,2.0NRT,287.95,2.5,N,VIIRS_SNPP_NRT
10.2864,77.8652,335.6,0.39,0.36,2026-10-07,816,N,VIIRS,n,2.0NRT,300.32,2.48,D,VIIRS_SNPP_NRT
31.68396,75.05025,337.05,0.4,0.37,2026-10-07,822,N,VIIRS,n,2.0NRT,302.37,2.48,D,VIIRS_SNPP_NRT
31.68456,75.05441,334.07,0.4,0.37,2026-10-07,822,N,VIIRS,n,2.0NRT,301.08,2.48,D,VIIRS_SNPP_NRT
21.24574,79.22325,317.54,0.46,0.39,2026-10-07,2049,N,VIIRS,n,2.0NRT,295.97,2.48,N,VIIRS_SNPP_NRT
18.94453,78.4788,335.52,0.4,0.37,2026-10-07,818,N,VIIRS,l,2.0NRT,305.57,2.47,D,VIIRS_SNPP_NRT
23.0914,75.77367,338.8,0.38,0.36,2026-10-07,820,N,VIIRS,l,2.0NRT,312.87,2.47,D,VIIRS_SNPP_NRT
29.47104,74.50541,331.36,0.45,0.47,2026-10-07,839,N20,VIIRS,n,2.0NRT,301.21,2.46,D,VIIRS_NOAA20_NRT
27.23279,72.1058,340.38,0.43,0.38,2026-10-07,820,N,VIIRS,l,2.0NRT,313.51,2.46,D,VIIRS_SNPP_NRT
21.10277,72.64755,311.29,0.46,0.39,2026-10-07,2049,N,VIIRS,n,2.0NRT,297.86,2.46,N,VIIRS_SNPP_NRT
21.10337,72.64313,314.64,0.46,0.39,2026-10-07,2049,N,VIIRS,n,2.0NRT,297.67,2.46,N,VIIRS_SNPP_NRT
21.10638,72.64812,329.32,0.46,0.39,2026-10-07,2049,N,VIIRS,n,2.0NRT,300.54,2.46,N,VIIRS_SNPP_NRT
21.10699,72.64369,331.13,0.46,0.39,2026-10-07,2049,N,VIIRS,n,2.0NRT,299.4,2.46,N,VIIRS_SNPP_NRT
25.94266,72.188,315.32,0.43,0.62,2026-10-07,2010,N21,VIIRS,n,2.0NRT,296.34,2.45,N,VIIRS_NOAA21_NRT
13.79008,76.59678,336.49,0.39,0.44,2026-10-07,835,N20,VIIRS,n,2.0NRT,298.66,2.45,D,VIIRS_NOAA20_NRT
22.0351,83.35941,301.74,0.48,0.65,2026-10-07,1925,N20,VIIRS,n,2.0NRT,287.31,2.45,N,VIIRS_NOAA20_NRT
27.82602,77.48138,335.02,0.43,0.38,2026-10-07,820,N,VIIRS,n,2.0NRT,304.51,2.45,D,VIIRS_SNPP_NRT
20.96792,85.15226,319.43,0.34,0.56,2026-10-07,2049,N,VIIRS,n,2.0NRT,291.35,2.45,N,VIIRS_SNPP_NRT
9.46668,78.77068,315.32,0.39,0.36,2026-10-07,2014,N21,VIIRS,n,2.0NRT,289.06,2.44,N,VIIRS_NOAA21_NRT
18.7037,78.26379,330.02,0.4,0.37,2026-10-07,818,N,VIIRS,n,2.0NRT,302.33,2.44,D,VIIRS_SNPP_NRT
22.05431,88.12855,311.28,0.49,0.65,2026-10-07,2046,N,VIIRS,n,2.0NRT,290.18,2.44,N,VIIRS_SNPP_NRT
22.05542,88.12376,315.25,0.49,0.65,2026-10-07,2046,N,VIIRS,n,2.0NRT,290.16,2.44,N,VIIRS_SNPP_NRT
11.59686,79.66467,336.55,0.39,0.36,2026-10-07,816,N,VIIRS,n,2.0NRT,302.43,2.43,D,VIIRS_SNPP_NRT
21.85634,75.84785,337.43,0.39,0.36,2026-10-07,818,N,VIIRS,n,2.0NRT,309.57,2.43,D,VIIRS_SNPP_NRT
25.00455,76.45987,337.28,0.39,0.36,2026-10-07,820,N,VIIRS,l,2.0NRT,310.41,2.43,D,VIIRS_SNPP_NRT
22.95505,75.2914,338.15,0.39,0.36,2026-10-07,820,N,VIIRS,l,2.0NRT,311.31,2.41,D,VIIRS_SNPP_NRT
15.17693,76.67549,321.96,0.42,0.38,2026-10-07,2049,N,VIIRS,n,2.0NRT,291.62,2.41,N,VIIRS_SNPP_NRT
15.18037,76.67612,306.86,0.42,0.38,2026-10-07,2049,N,VIIRS,n,2.0NRT,290.78,2.41,N,VIIRS_SNPP_NRT
20.69566,78.63636,312.76,0.46,0.39,2026-10-07,2010,N21,VIIRS,n,2.0NRT,296.42,2.4,N,VIIRS_NOAA21_NRT
20.97977,85.13214,308.28,0.46,0.39,2026-10-07,2010,N21,VIIRS,n,2.0NRT,294.93,2.4,N,VIIRS_NOAA21_NRT
21.11028,72.6376,316.35,0.46,0.39,2026-10-07,2108,N20,VIIRS,n,2.0NRT,299.43,2.4,N,VIIRS_NOAA20_NRT
23.77357,86.3661,314.85,0.48,0.4,2026-10-07,2010,N21,VIIRS,n,2.0NRT,291.56,2.39,N,VIIRS_NOAA21_NRT
23.7744,86.3615,315.26,0.48,0.4,2026-10-07,2010,N21,VIIRS,n,2.0NRT,291.46,2.39,N,VIIRS_NOAA21_NRT
23.16994,82.34286,305.04,0.54,0.68,2026-10-07,2106,N20,VIIRS,n,2.0NRT,289.26,2.39,N,VIIRS_NOAA20_NRT
11.48008,77.24461,340.0,0.39,0.44,2026-10-07,837,N20,VIIRS,n,2.0NRT,298.13,2.38,D,VIIRS_NOAA20_NRT
25.90757,75.3139,335.8,0.46,0.47,2026-10-07,839,N20,VIIRS,l,2.0NRT,309.88,2.38,D,VIIRS_NOAA20_NRT
18.88251,77.94164,332.95,0.39,0.36,2026-10-07,818,N,VIIRS,l,2.0NRT,307.04,2.38,D,VIIRS_SNPP_NRT
23.71375,86.42562,305.19,0.48,0.4,2026-10-07,2010,N21,VIIRS,n,2.0NRT,293.01,2.37,N,VIIRS_NOAA21_NRT
15.18495,76.64505,304.24,0.5,0.41,2026-10-07,2012,N21,VIIRS,n,2.0NRT,291.41,2.37,N,VIIRS_NOAA21_NRT
20.96517,85.17406,318.59,0.36,0.57,2026-10-07,1925,N20,VIIRS,n,2.0NRT,292.25,2.37,N,VIIRS_NOAA20_NRT
20.97046,85.17464,322.71,0.36,0.57,2026-10-07,1925,N20,VIIRS,n,2.0NRT,292.56,2.37,N,VIIRS_NOAA20_NRT
21.10871,72.64635,325.39,0.46,0.39,2026-10-07,2108,N20,VIIRS,n,2.0NRT,299.8,2.37,N,VIIRS_NOAA20_NRT
18.52915,82.6929,335.94,0.41,0.45,2026-10-07,818,N,VIIRS,n,2.0NRT,301.62,2.37,D,VIIRS_SNPP_NRT
10.24736,79.1907,335.6,0.38,0.36,2026-10-07,816,N,VIIRS,n,2.0NRT,299.44,2.36,D,VIIRS_SNPP_NRT
22.27474,77.06736,335.56,0.39,0.36,2026-10-07,818,N,VIIRS,l,2.0NRT,309.78,2.36,D,VIIRS_SNPP_NRT
22.42837,77.16583,340.57,0.39,0.36,2026-10-07,818,N,VIIRS,n,2.0NRT,309.63,2.36,D,VIIRS_SNPP_NRT
26.65517,72.31332,343.12,0.43,0.38,2026-10-07,820,N,VIIRS,l,2.0NRT,313.78,2.36,D,VIIRS_SNPP_NRT
18.68104,73.03333,312.96,0.42,0.38,2026-10-07,2046,N,VIIRS,n,2.0NRT,296.16,2.36,N,VIIRS_SNPP_NRT
15.13767,76.71302,306.29,0.49,0.41,2026-10-07,2012,N21,VIIRS,n,2.0NRT,291.23,2.35,N,VIIRS_NOAA21_NRT
26.28811,91.97646,331.94,0.41,0.37,2026-10-07,659,N20,VIIRS,n,2.0NRT,298.67,2.35,D,VIIRS_NOAA20_NRT
23.03306,75.96793,340.94,0.38,0.36,2026-10-07,820,N,VIIRS,l,2.0NRT,314.82,2.35,D,VIIRS_SNPP_NRT
22.03047,83.3651,309.02,0.5,0.49,2026-10-07,2046,N,VIIRS,n,2.0NRT,290.36,2.35,N,VIIRS_SNPP_NRT
24.82012,73.09413,310.06,0.48,0.4,2026-10-07,2046,N,VIIRS,n,2.0NRT,297.82,2.35,N,VIIRS_SNPP_NRT
11.6002,79.66416,332.99,0.39,0.36,2026-10-07,816,N,VIIRS,n,2.0NRT,301.41,2.34,D,VIIRS_SNPP_NRT
20.7383,75.61084,336.03,0.39,0.36,2026-10-07,818,N,VIIRS,n,2.0NRT,305.17,2.34,D,VIIRS_SNPP_NRT
14.87231,78.05326,306.05,0.48,0.4,2026-10-07,2049,N,VIIRS,n,2.0NRT,291.58,2.34,N,VIIRS_SNPP_NRT
23.16039,77.21925,334.02,0.54,0.42,2026-10-07,741,N21,VIIRS,l,2.0NRT,305.45,2.33,D,VIIRS_NOAA21_NRT
23.65661,85.50866,312.56,0.44,0.38,2026-10-07,2010,N21,VIIRS,n,2.0NRT,289.45,2.33,N,VIIRS_NOAA21_NRT
22.38066,87.27443,299.63,0.71,0.75,2026-10-07,1906,N,VIIRS,n,2.0NRT,282.89,2.33,N,VIIRS_SNPP_NRT
21.92435,83.35241,307.93,0.5,0.49,2026-10-07,2046,N,VIIRS,n,2.0NRT,291.12,2.33,N,VIIRS_SNPP_NRT
23.7789,86.20689,300.88,0.34,0.56,2026-10-07,2046,N,VIIRS,n,2.0NRT,288.61,2.33,N,VIIRS_SNPP_NRT
20.96963,86.02238,318.8,0.5,0.41,2026-10-07,2010,N21,VIIRS,n,2.0NRT,294.68,2.32,N,VIIRS_NOAA21_NRT
21.34919,81.66679,328.88,0.38,0.36,2026-10-07,2010,N21,VIIRS,n,2.0NRT,293.35,2.32,N,VIIRS_NOAA21_NRT
24.55904,77.86491,331.42,0.32,0.54,2026-10-07,837,N20,VIIRS,l,2.0NRT,302.15,2.32,D,VIIRS_NOAA20_NRT
27.4144,76.98358,335.35,0.6,0.53,2026-10-07,839,N20,VIIRS,l,2.0NRT,306.69,2.32,D,VIIRS_NOAA20_NRT
14.02297,79.7056,336.29,0.4,0.37,2026-10-07,816,N,VIIRS,n,2.0NRT,299.15,2.32,D,VIIRS_SNPP_NRT
21.92508,85.22314,311.47,0.33,0.55,2026-10-07,2046,N,VIIRS,n,2.0NRT,288.55,2.32,N,VIIRS_SNPP_NRT
22.35705,82.30418,317.93,0.38,0.36,2026-10-07,2010,N21,VIIRS,n,2.0NRT,296.55,2.31,N,VIIRS_NOAA21_NRT
23.73919,86.43391,324.01,0.36,0.57,2026-10-07,2046,N,VIIRS,n,2.0NRT,288.99,2.31,N,VIIRS_SNPP_NRT
20.6337,78.78693,333.1,0.49,0.4,2026-10-07,741,N21,VIIRS,n,2.0NRT,307.29,2.3,D,VIIRS_NOAA21_NRT
22.26589,75.13266,308.57,0.5,0.49,2026-10-07,2010,N21,VIIRS,n,2.0NRT,296.3,2.3,N,VIIRS_NOAA21_NRT
23.77997,86.37226,313.37,0.48,0.4,2026-10-07,2010,N21,VIIRS,n,2.0NRT,291.99,2.3,N,VIIRS_NOAA21_NRT
22.4668,77.1615,332.0,0.54,0.51,2026-10-07,837,N20,VIIRS,l,2.0NRT,305.45,2.3,D,VIIRS_NOAA20_NRT
22.87261,86.06201,309.6,0.48,0.4,2026-10-07,2010,N21,VIIRS,n,2.0NRT,290.81,2.29,N,VIIRS_NOAA21_NRT
22.34113,69.85281,311.63,0.38,0.36,2026-10-07,2108,N20,VIIRS,n,2.0NRT,298.6,2.29,N,VIIRS_NOAA20_NRT
14.74986,75.46679,335.35,0.51,0.41,2026-10-07,835,N20,VIIRS,l,2.0NRT,305.95,2.28,D,VIIRS_NOAA20_NRT
23.67555,86.39903,305.3,0.36,0.57,2026-10-07,2046,N,VIIRS,n,2.0NRT,289.83,2.28,N,VIIRS_SNPP_NRT
27.66661,76.13063,314.12,0.4,0.37,2026-10-07,2046,N,VIIRS,n,2.0NRT,296.48,2.28,N,VIIRS_SNPP_NRT
28.67094,77.5675,327.31,0.38,0.36,2026-10-07,2046,N,VIIRS,n,2.0NRT,293.25,2.28,N,VIIRS_SNPP_NRT
22.59069,76.69536,338.28,0.39,0.44,2026-10-07,741,N21,VIIRS,n,2.0NRT,312.54,2.27,D,VIIRS_NOAA21_NRT
20.69664,78.63732,312.33,0.46,0.39,2026-10-07,2010,N21,VIIRS,n,2.0NRT,296.11,2.27,N,VIIRS_NOAA21_NRT
20.76008,85.29822,317.88,0.47,0.4,2026-10-07,2010,N21,VIIRS,n,2.0NRT,295.65,2.27,N,VIIRS_NOAA21_NRT
20.76085,85.29386,315.01,0.47,0.39,2026-10-07,2010,N21,VIIRS,n,2.0NRT,295.53,2.27,N,VIIRS_NOAA21_NRT
24.19703,82.71493,318.57,0.38,0.36,2026-10-07,2010,N21,VIIRS,n,2.0NRT,292.52,2.27,N,VIIRS_NOAA21_NRT
20.76131,85.29517,318.85,0.35,0.57,2026-10-07,1925,N20,VIIRS,n,2.0NRT,292.35,2.27,N,VIIRS_NOAA20_NRT
23.76807,86.39075,303.56,0.32,0.55,2026-10-07,1925,N20,VIIRS,n,2.0NRT,289.33,2.27,N,VIIRS_NOAA20_NRT
26.87622,73.51451,308.13,0.48,0.4,2026-10-07,2046,N,VIIRS,n,2.0NRT,295.73,2.27,N,VIIRS_SNPP_NRT
15.18166,76.66836,316.03,0.42,0.38,2026-10-07,2049,N,VIIRS,n,2.0NRT,289.72,2.26,N,VIIRS_SNPP_NRT
22.77314,75.23622,334.35,0.42,0.45,2026-10-07,837,N20,VIIRS,l,2.0NRT,308.9,2.25,D,VIIRS_NOAA20_NRT
9.53262,78.76575,338.8,0.39,0.36,2026-10-07,816,N,VIIRS,n,2.0NRT,304.1,2.25,D,VIIRS_SNPP_NRT
20.96768,86.00507,303.8,0.38,0.59,2026-10-07,2049,N,VIIRS,n,2.0NRT,291.83,2.25,N,VIIRS_SNPP_NRT
15.18111,76.67258,305.62,0.5,0.41,2026-10-07,2012,N21,VIIRS,n,2.0NRT,292.03,2.24,N,VIIRS_NOAA21_NRT
15.18175,76.66799,316.97,0.5,0.41,2026-10-07,2012,N21,VIIRS,n,2.0NRT,292.72,2.24,N,VIIRS_NOAA21_NRT
22.46477,77.15965,331.74,0.54,0.51,2026-10-07,837,N20,VIIRS,l,2.0NRT,306.22,2.24,D,VIIRS_NOAA20_NRT
20.97267,85.15365,319.99,0.36,0.57,2026-10-07,1925,N20,VIIRS,n,2.0NRT,292.0,2.24,N,VIIRS_NOAA20_NRT
13.89058,79.7986,334.83,0.4,0.37,2026-10-07,816,N,VIIRS,n,2.0NRT,299.86,2.24,D,VIIRS_SNPP_NRT
18.95293,77.89577,337.97,0.39,0.36,2026-10-07,818,N,VIIRS,n,2.0NRT,308.73,2.24,D,VIIRS_SNPP_NRT
24.79226,76.62767,338.53,0.39,0.36,2026-10-07,820,N,VIIRS,n,2.0NRT,310.91,2.24,D,VIIRS_SNPP_NRT
31.51602,75.05118,331.12,0.39,0.37,2026-10-07,822,N,VIIRS,n,2.0NRT,301.03,2.24,D,VIIRS_SNPP_NRT
15.17607,76.65936,312.8,0.42,0.38,2026-10-07,2049,N,VIIRS,n,2.0NRT,289.0,2.24,N,VIIRS_SNPP_NRT
15.17671,76.65547,326.43,0.42,0.38,2026-10-07,2049,N,VIIRS,n,2.0NRT,291.07,2.24,N,VIIRS_SNPP_NRT
22.59076,85.90574,304.83,0.47,0.4,2026-10-07,2010,N21,VIIRS,n,2.0NRT,292.12,2.23,N,VIIRS_NOAA21_NRT
22.93062,69.69562,309.38,0.38,0.36,2026-10-07,2108,N20,VIIRS,n,2.0NRT,296.7,2.23,N,VIIRS_NOAA20_NRT
22.93391,69.69623,338.93,0.38,0.36,2026-10-07,2108,N20,VIIRS,n,2.0NRT,297.41,2.23,N,VIIRS_NOAA20_NRT
22.78087,77.13346,336.1,0.39,0.36,2026-10-07,820,N,VIIRS,n,2.0NRT,307.6,2.23,D,VIIRS_SNPP_NRT
20.86544,84.98791,317.06,0.33,0.55,2026-10-07,2049,N,VIIRS,n,2.0NRT,290.89,2.23,N,VIIRS_SNPP_NRT
22.04258,83.72678,323.5,0.4,0.37,2026-10-07,2010,N21,VIIRS,n,2.0NRT,292.54,2.22,N,VIIRS_NOAA21_NRT
20.97188,85.15395,318.05,0.36,0.57,2026-10-07,1925,N20,VIIRS,n,2.0NRT,292.17,2.22,N,VIIRS_NOAA20_NRT
24.93372,74.63474,314.44,0.51,0.41,2026-10-07,2106,N20,VIIRS,n,2.0NRT,295.7,2.22,N,VIIRS_NOAA20_NRT
13.39216,80.10324,317.48,0.38,0.36,2026-10-07,2012,N21,VIIRS,n,2.0NRT,292.4,2.21,N,VIIRS_NOAA21_NRT
21.1845,81.38329,302.93,0.64,0.72,2026-10-07,1925,N20,VIIRS,n,2.0NRT,288.55,2.21,N,VIIRS_NOAA20_NRT
18.92989,78.66441,332.59,0.4,0.37,2026-10-07,818,N,VIIRS,n,2.0NRT,299.17,2.21,D,VIIRS_SNPP_NRT
22.15069,75.58015,331.21,0.47,0.47,2026-10-07,741,N21,VIIRS,n,2.0NRT,305.2,2.2,D,VIIRS_NOAA21_NRT
27.3793,95.33376,327.92,0.39,0.36,2026-10-07,1923,N20,VIIRS,n,2.0NRT,292.08,2.2,N,VIIRS_NOAA20_NRT
28.21555,77.56789,331.97,0.44,0.39,2026-10-07,744,N21,VIIRS,n,2.0NRT,304.09,2.19,D,VIIRS_NOAA21_NRT
22.04037,83.34821,305.89,0.66,0.73,2026-10-07,2106,N20,VIIRS,n,2.0NRT,286.58,2.19,N,VIIRS_NOAA20_NRT
23.39218,78.16361,332.26,0.32,0.55,2026-10-07,837,N20,VIIRS,n,2.0NRT,302.96,2.18,D,VIIRS_NOAA20_NRT
29.03368,75.69736,331.23,0.53,0.5,2026-10-07,839,N20,VIIRS,l,2.0NRT,304.57,2.18,D,VIIRS_NOAA20_NRT
20.96453,85.17441,314.78,0.36,0.57,2026-10-07,1925,N20,VIIRS,n,2.0NRT,292.29,2.18,N,VIIRS_NOAA20_NRT
20.96982,85.175,322.5,0.36,0.57,2026-10-07,1925,N20,VIIRS,n,2.0NRT,292.45,2.18,N,VIIRS_NOAA20_NRT
22.80374,75.92928,337.84,0.38,0.36,2026-10-07,820,N,VIIRS,n,2.0NRT,310.32,2.18,D,VIIRS_SNPP_NRT
20.86703,84.993,304.12,0.37,0.58,2026-10-07,1925,N20,VIIRS,n,2.0NRT,292.4,2.17,N,VIIRS_NOAA20_NRT
23.80516,86.32719,315.19,0.33,0.55,2026-10-07,1925,N20,VIIRS,n,2.0NRT,290.14,2.17,N,VIIRS_NOAA20_NRT
11.79316,78.72153,333.72,0.38,0.36,2026-10-07,816,N,VIIRS,n,2.0NRT,299.89,2.17,D,VIIRS_SNPP_NRT
21.8967,75.69873,332.03,0.46,0.47,2026-10-07,741,N21,VIIRS,n,2.0NRT,304.91,2.16,D,VIIRS_NOAA21_NRT
21.92004,83.35212,323.97,0.39,0.36,2026-10-07,2010,N21,VIIRS,n,2.0NRT,295.38,2.15,N,VIIRS_NOAA21_NRT
21.92066,83.34835,317.07,0.39,0.36,2026-10-07,2010,N21,VIIRS,n,2.0NRT,294.21,2.15,N,VIIRS_NOAA21_NRT
21.92336,83.35274,316.49,0.39,0.36,2026-10-07,2010,N21,VIIRS,n,2.0NRT,293.81,2.15,N,VIIRS_NOAA21_NRT
23.79798,86.31393,305.76,0.48,0.4,2026-10-07,2010,N21,VIIRS,n,2.0NRT,291.44,2.15,N,VIIRS_NOAA21_NRT
14.68266,75.48782,331.39,0.43,0.38,2026-10-07,816,N,VIIRS,n,2.0NRT,300.45,2.15,D,VIIRS_SNPP_NRT
22.59637,77.32849,335.81,0.4,0.37,2026-10-07,818,N,VIIRS,n,2.0NRT,307.29,2.15,D,VIIRS_SNPP_NRT
25.05988,76.55698,330.87,0.53,0.5,2026-10-07,839,N20,VIIRS,l,2.0NRT,301.43,2.14,D,VIIRS_NOAA20_NRT
23.76713,86.40034,312.68,0.32,0.55,2026-10-07,1925,N20,VIIRS,n,2.0NRT,288.88,2.14,N,VIIRS_NOAA20_NRT
23.77218,86.40097,305.87,0.32,0.55,2026-10-07,1925,N20,VIIRS,n,2.0NRT,288.93,2.14,N,VIIRS_NOAA20_NRT
21.15744,75.66899,332.25,0.39,0.36,2026-10-07,818,N,VIIRS,n,2.0NRT,306.19,2.14,D,VIIRS_SNPP_NRT
31.32873,75.01426,332.66,0.39,0.36,2026-10-07,822,N,VIIRS,n,2.0NRT,299.33,2.14,D,VIIRS_SNPP_NRT
27.42497,77.61739,332.58,0.45,0.39,2026-10-07,744,N21,VIIRS,n,2.0NRT,302.64,2.13,D,VIIRS_NOAA21_NRT
20.97733,85.16756,316.22,0.46,0.39,2026-10-07,2010,N21,VIIRS,n,2.0NRT,294.47,2.13,N,VIIRS_NOAA21_NRT
21.74743,83.84331,305.11,0.4,0.37,2026-10-07,2010,N21,VIIRS,n,2.0NRT,289.45,2.13,N,VIIRS_NOAA21_NRT
16.54598,79.75666,307.39,0.39,0.36,2026-10-07,2012,N21,VIIRS,n,2.0NRT,293.47,2.13,N,VIIRS_NOAA21_NRT
21.65069,71.22896,335.4,0.4,0.37,2026-10-07,837,N20,VIIRS,n,2.0NRT,304.56,2.13,D,VIIRS_NOAA20_NRT
23.75546,86.4151,312.4,0.32,0.55,2026-10-07,1925,N20,VIIRS,n,2.0NRT,287.94,2.13,N,VIIRS_NOAA20_NRT
21.75249,83.84324,307.66,0.54,0.51,2026-10-07,2046,N,VIIRS,n,2.0NRT,289.63,2.13,N,VIIRS_SNPP_NRT
21.7571,83.84436,314.14,0.54,0.51,2026-10-07,2046,N,VIIRS,n,2.0NRT,290.17,2.13,N,VIIRS_SNPP_NRT
21.9839,83.23177,317.52,0.39,0.36,2026-10-07,2010,N21,VIIRS,n,2.0NRT,294.42,2.12,N,VIIRS_NOAA21_NRT
24.20267,82.71223,300.57,0.56,0.69,2026-10-07,1925,N20,VIIRS,n,2.0NRT,287.84,2.12,N,VIIRS_NOAA20_NRT
15.17576,76.65606,310.49,0.34,0.56,2026-10-07,2108,N20,VIIRS,n,2.0NRT,281.34,2.12,N,VIIRS_NOAA20_NRT
27.56172,72.46418,341.55,0.42,0.37,2026-10-07,820,N,VIIRS,l,2.0NRT,314.48,2.12,D,VIIRS_SNPP_NRT
27.56243,72.46837,344.6,0.42,0.37,2026-10-07,820,N,VIIRS,n,2.0NRT,313.8,2.12,D,VIIRS_SNPP_NRT
27.56514,72.46345,340.83,0.42,0.37,2026-10-07,820,N,VIIRS,l,2.0NRT,315.34,2.12,D,VIIRS_SNPP_NRT
27.56585,72.46764,342.87,0.42,0.37,2026-10-07,820,N,VIIRS,l,2.0NRT,314.74,2.12,D,VIIRS_SNPP_NRT
34.12949,74.0731,328.64,0.52,0.41,2026-10-07,746,N21,VIIRS,n,2.0NRT,301.8,2.11,D,VIIRS_NOAA21_NRT
20.95264,86.04898,304.21,0.63,0.54,2026-10-07,1925,N20,VIIRS,n,2.0NRT,292.13,2.11,N,VIIRS_NOAA20_NRT
20.9533,86.04292,308.79,0.63,0.54,2026-10-07,1925,N20,VIIRS,n,2.0NRT,292.28,2.11,N,VIIRS_NOAA20_NRT
21.75638,84.02193,308.14,0.55,0.51,2026-10-07,2046,N,VIIRS,n,2.0NRT,290.12,2.11,N,VIIRS_SNPP_NRT
21.76105,84.02302,304.02,0.55,0.51,2026-10-07,2046,N,VIIRS,n,2.0NRT,289.67,2.11,N,VIIRS_SNPP_NRT
21.11078,72.63734,310.17,0.46,0.39,2026-10-07,2049,N,VIIRS,n,2.0NRT,299.1,2.11,N,VIIRS_SNPP_NRT
22.97626,70.98857,335.31,0.4,0.37,2026-10-07,837,N20,VIIRS,l,2.0NRT,306.63,2.1,D,VIIRS_NOAA20_NRT
20.96372,85.18787,314.06,0.36,0.57,2026-10-07,1925,N20,VIIRS,n,2.0NRT,292.05,2.1,N,VIIRS_NOAA20_NRT
22.33013,69.7482,311.11,0.38,0.36,2026-10-07,2108,N20,VIIRS,n,2.0NRT,299.9,2.1,N,VIIRS_NOAA20_NRT
27.93583,77.90182,330.45,0.45,0.39,2026-10-07,820,N,VIIRS,l,2.0NRT,301.36,2.1,D,VIIRS_SNPP_NRT
21.76064,83.85071,308.48,0.54,0.51,2026-10-07,2046,N,VIIRS,n,2.0NRT,289.47,2.1,N,VIIRS_SNPP_NRT
21.76171,83.84547,312.45,0.54,0.51,2026-10-07,2046,N,VIIRS,n,2.0NRT,289.42,2.1,N,VIIRS_SNPP_NRT
23.69571,85.37025,311.52,0.61,0.54,2026-10-07,2046,N,VIIRS,n,2.0NRT,288.95,2.1,N,VIIRS_SNPP_NRT
13.00884,79.96837,316.77,0.44,0.46,2026-10-07,2049,N,VIIRS,n,2.0NRT,287.23,2.1,N,VIIRS_SNPP_NRT
13.00958,79.96431,308.87,0.44,0.46,2026-10-07,2049,N,VIIRS,n,2.0NRT,286.8,2.1,N,VIIRS_SNPP_NRT
20.70226,78.62096,309.95,0.44,0.38,2026-10-07,2049,N,VIIRS,n,2.0NRT,295.84,2.1,N,VIIRS_SNPP_NRT
22.8502,75.27219,334.71,0.39,0.36,2026-10-07,820,N,VIIRS,l,2.0NRT,307.71,2.09,D,VIIRS_SNPP_NRT
27.58257,78.43676,331.25,0.47,0.4,2026-10-07,820,N,VIIRS,n,2.0NRT,301.21,2.09,D,VIIRS_SNPP_NRT
20.96581,85.1619,304.17,0.34,0.56,2026-10-07,2049,N,VIIRS,n,2.0NRT,290.89,2.09,N,VIIRS_SNPP_NRT
17.25889,82.47933,330.81,0.39,0.36,2026-10-07,739,N21,VIIRS,n,2.0NRT,300.79,2.08,D,VIIRS_NOAA21_NRT
28.43244,76.23793,335.58,0.5,0.41,2026-10-07,744,N21,VIIRS,n,2.0NRT,307.35,2.08,D,VIIRS_NOAA21_NRT
18.79216,77.88466,330.2,0.39,0.36,2026-10-07,818,N,VIIRS,l,2.0NRT,304.92,2.08,D,VIIRS_SNPP_NRT
22.2753,77.07112,338.15,0.39,0.36,2026-10-07,818,N,VIIRS,l,2.0NRT,308.79,2.08,D,VIIRS_SNPP_NRT
21.74995,83.97427,307.68,0.55,0.51,2026-10-07,2046,N,VIIRS,n,2.0NRT,289.57,2.08,N,VIIRS_SNPP_NRT
20.78779,85.26736,312.92,0.47,0.39,2026-10-07,2010,N21,VIIRS,n,2.0NRT,294.53,2.07,N,VIIRS_NOAA21_NRT
23.48061,87.36098,303.42,0.54,0.42,2026-10-07,2010,N21,VIIRS,n,2.0NRT,291.75,2.07,N,VIIRS_NOAA21_NRT
27.73332,96.29401,331.22,0.43,0.38,2026-10-07,659,N20,VIIRS,n,2.0NRT,297.47,2.07,D,VIIRS_NOAA20_NRT
18.66664,76.97503,312.31,0.6,0.53,2026-10-07,2108,N20,VIIRS,n,2.0NRT,289.31,2.07,N,VIIRS_NOAA20_NRT
20.14947,78.88996,330.39,0.42,0.38,2026-10-07,818,N,VIIRS,n,2.0NRT,303.63,2.07,D,VIIRS_SNPP_NRT
22.24312,77.03799,335.81,0.39,0.36,2026-10-07,818,N,VIIRS,l,2.0NRT,310.71,2.07,D,VIIRS_SNPP_NRT
23.71379,86.44926,309.41,0.36,0.57,2026-10-07,2046,N,VIIRS,n,2.0NRT,289.27,2.07,N,VIIRS_SNPP_NRT
29.03448,75.69575,330.24,0.53,0.5,2026-10-07,839,N20,VIIRS,l,2.0NRT,304.3,2.06,D,VIIRS_NOAA20_NRT
23.76176,86.40294,304.38,0.32,0.55,2026-10-07,1925,N20,VIIRS,n,2.0NRT,289.08,2.06,N,VIIRS_NOAA20_NRT
23.19677,79.52906,331.13,0.42,0.38,2026-10-07,741,N21,VIIRS,l,2.0NRT,304.91,2.05,D,VIIRS_NOAA21_NRT
22.82283,75.22958,333.41,0.42,0.45,2026-10-07,837,N20,VIIRS,l,2.0NRT,308.18,2.05,D,VIIRS_NOAA20_NRT
22.32437,82.55974,300.99,0.58,0.69,2026-10-07,2106,N20,VIIRS,n,2.0NRT,289.05,2.05,N,VIIRS_NOAA20_NRT
12.72894,80.10341,332.43,0.41,0.37,2026-10-07,816,N,VIIRS,n,2.0NRT,298.53,2.05,D,VIIRS_SNPP_NRT
18.85938,77.83221,332.38,0.39,0.36,2026-10-07,818,N,VIIRS,l,2.0NRT,305.32,2.05,D,VIIRS_SNPP_NRT
20.9659,85.16707,311.72,0.36,0.57,2026-10-07,1925,N20,VIIRS,n,2.0NRT,292.1,2.04,N,VIIRS_NOAA20_NRT
20.9712,85.16761,305.15,0.36,0.57,2026-10-07,1925,N20,VIIRS,n,2.0NRT,292.3,2.04,N,VIIRS_NOAA20_NRT
22.42567,76.67262,331.17,0.39,0.36,2026-10-07,818,N,VIIRS,l,2.0NRT,303.96,2.04,D,VIIRS_SNPP_NRT
13.00877,79.96439,316.95,0.64,0.72,2026-10-07,1928,N20,VIIRS,n,2.0NRT,273.97,2.03,N,VIIRS_NOAA20_NRT
13.00941,79.95852,303.13,0.64,0.72,2026-10-07,1928,N20,VIIRS,n,2.0NRT,273.57,2.03,N,VIIRS_NOAA20_NRT
22.31239,82.52757,300.83,0.57,0.69,2026-10-07,2106,N20,VIIRS,n,2.0NRT,288.56,2.03,N,VIIRS_NOAA20_NRT
18.59935,77.67686,335.35,0.39,0.36,2026-10-07,818,N,VIIRS,l,2.0NRT,308.91,2.03,D,VIIRS_SNPP_NRT
23.69006,75.88084,338.27,0.38,0.36,2026-10-07,820,N,VIIRS,n,2.0NRT,310.69,2.03,D,VIIRS_SNPP_NRT
24.47754,74.89901,338.65,0.42,0.45,2026-10-07,839,N20,VIIRS,n,2.0NRT,307.7,2.02,D,VIIRS_NOAA20_NRT
22.37551,87.28232,302.13,0.71,0.75,2026-10-07,1906,N,VIIRS,n,2.0NRT,285.7,2.02,N,VIIRS_SNPP_NRT
22.37604,87.27512,307.5,0.71,0.75,2026-10-07,1906,N,VIIRS,n,2.0NRT,285.06,2.02,N,VIIRS_SNPP_NRT
21.92368,85.22295,309.25,0.33,0.55,2026-10-07,2046,N,VIIRS,n,2.0NRT,288.32,2.02,N,VIIRS_SNPP_NRT
15.82047,77.73613,330.99,0.44,0.46,2026-10-07,739,N21,VIIRS,l,2.0NRT,302.73,2.01,D,VIIRS_NOAA21_NRT
24.69833,76.81895,336.51,0.4,0.37,2026-10-07,820,N,VIIRS,n,2.0NRT,309.1,2.01,D,VIIRS_SNPP_NRT
26.34061,77.6833,333.58,0.43,0.38,2026-10-07,820,N,VIIRS,l,2.0NRT,306.08,2.01,D,VIIRS_SNPP_NRT
23.65538,85.50957,311.85,0.44,0.38,2026-10-07,2010,N21,VIIRS,n,2.0NRT,287.98,2.0,N,VIIRS_NOAA21_NRT
28.349,77.22935,318.22,0.41,0.45,2026-10-07,2104,N20,VIIRS,n,2.0NRT,292.53,2.0,N,VIIRS_NOAA20_NRT
26.87636,73.5143,308.07,0.43,0.38,2026-10-07,2106,N20,VIIRS,n,2.0NRT,295.58,2.0,N,VIIRS_NOAA20_NRT
21.13596,72.82585,321.19,0.47,0.4,2026-10-07,2108,N20,VIIRS,n,2.0NRT,297.22,2.0,N,VIIRS_NOAA20_NRT
23.99278,78.07169,333.93,0.42,0.38,2026-10-07,820,N,VIIRS,n,2.0NRT,304.31,2.0,D,VIIRS_SNPP_NRT
22.41767,69.03993,313.54,0.5,0.49,2026-10-07,2049,N,VIIRS,n,2.0NRT,296.84,2.0,N,VIIRS_SNPP_NRT
20.9694,86.00256,308.25,0.5,0.41,2026-10-07,2010,N21,VIIRS,n,2.0NRT,295.3,1.99,N,VIIRS_NOAA21_NRT
20.97309,86.00335,313.69,0.5,0.41,2026-10-07,2010,N21,VIIRS,n,2.0NRT,294.89,1.99,N,VIIRS_NOAA21_NRT
21.3459,81.66621,317.96,0.38,0.36,2026-10-07,2010,N21,VIIRS,n,2.0NRT,293.87,1.99,N,VIIRS_NOAA21_NRT
17.1398,77.17461,311.6,0.49,0.4,2026-10-07,2012,N21,VIIRS,n,2.0NRT,296.61,1.99,N,VIIRS_NOAA21_NRT
22.13826,75.17363,333.24,0.4,0.45,2026-10-07,837,N20,VIIRS,l,2.0NRT,307.82,1.99,D,VIIRS_NOAA20_NRT
21.7097,75.64572,336.56,0.39,0.36,2026-10-07,818,N,VIIRS,n,2.0NRT,307.5,1.99,D,VIIRS_SNPP_NRT
29.36957,75.33394,333.02,0.39,0.36,2026-10-07,820,N,VIIRS,l,2.0NRT,306.67,1.99,D,VIIRS_SNPP_NRT
20.88596,75.94613,336.5,0.47,0.48,2026-10-07,741,N21,VIIRS,n,2.0NRT,303.12,1.98,D,VIIRS_NOAA21_NRT
20.94376,76.38577,333.89,0.44,0.46,2026-10-07,741,N21,VIIRS,n,2.0NRT,303.44,1.98,D,VIIRS_NOAA21_NRT
18.69275,73.0399,305.85,0.62,0.54,2026-10-07,2012,N21,VIIRS,n,2.0NRT,294.2,1.98,N,VIIRS_NOAA21_NRT
23.21435,71.81664,335.97,0.43,0.38,2026-10-07,837,N20,VIIRS,l,2.0NRT,307.95,1.98,D,VIIRS_NOAA20_NRT
18.89189,78.42527,334.47,0.4,0.37,2026-10-07,818,N,VIIRS,n,2.0NRT,302.36,1.98,D,VIIRS_SNPP_NRT
24.62971,76.69099,336.37,0.39,0.36,2026-10-07,820,N,VIIRS,n,2.0NRT,308.41,1.98,D,VIIRS_SNPP_NRT
21.252,79.20694,320.99,0.37,0.58,2026-10-07,2108,N20,VIIRS,n,2.0NRT,292.35,1.97,N,VIIRS_NOAA20_NRT
22.38017,87.28164,300.17,0.71,0.75,2026-10-07,1906,N,VIIRS,n,2.0NRT,282.23,1.97,N,VIIRS_SNPP_NRT
22.01732,83.75437,304.19,0.53,0.5,2026-10-07,2046,N,VIIRS,n,2.0NRT,290.03,1.97,N,VIIRS_SNPP_NRT
23.04767,76.51042,335.72,0.4,0.44,2026-10-07,741,N21,VIIRS,l,2.0NRT,309.62,1.96,D,VIIRS_NOAA21_NRT
20.80441,85.25703,316.92,0.46,0.39,2026-10-07,2010,N21,VIIRS,n,2.0NRT,295.52,1.96,N,VIIRS_NOAA21_NRT
20.80798,85.25776,312.6,0.46,0.39,2026-10-07,2010,N21,VIIRS,n,2.0NRT,294.98,1.96,N,VIIRS_NOAA21_NRT
11.48187,77.24241,334.19,0.4,0.37,2026-10-07,816,N,VIIRS,n,2.0NRT,299.61,1.96,D,VIIRS_SNPP_NRT
31.91215,74.84476,332.24,0.39,0.36,2026-10-07,822,N,VIIRS,n,2.0NRT,300.13,1.96,D,VIIRS_SNPP_NRT
14.35422,78.44683,331.27,0.51,0.5,2026-10-07,835,N20,VIIRS,n,2.0NRT,296.3,1.95,D,VIIRS_NOAA20_NRT
17.95833,80.79694,311.38,0.41,0.45,2026-10-07,2046,N,VIIRS,n,2.0NRT,294.28,1.95,N,VIIRS_SNPP_NRT
21.24348,79.2238,314.81,0.44,0.38,2026-10-07,2010,N21,VIIRS,n,2.0NRT,296.28,1.94,N,VIIRS_NOAA21_NRT
21.67564,82.07607,307.67,0.58,0.7,2026-10-07,1925,N20,VIIRS,n,2.0NRT,290.29,1.94,N,VIIRS_NOAA20_NRT
21.76303,83.84435,304.78,0.71,0.75,2026-10-07,2106,N20,VIIRS,n,2.0NRT,285.88,1.94,N,VIIRS_NOAA20_NRT
22.31606,82.52683,303.8,0.57,0.69,2026-10-07,2106,N20,VIIRS,n,2.0NRT,288.98,1.94,N,VIIRS_NOAA20_NRT
22.97646,72.63395,316.7,0.44,0.38,2026-10-07,2106,N20,VIIRS,n,2.0NRT,298.38,1.94,N,VIIRS_NOAA20_NRT
22.97721,72.62971,317.23,0.44,0.38,2026-10-07,2106,N20,VIIRS,n,2.0NRT,297.83,1.94,N,VIIRS_NOAA20_NRT
18.72048,79.53705,304.75,0.44,0.62,2026-10-07,2108,N20,VIIRS,n,2.0NRT,292.3,1.94,N,VIIRS_NOAA20_NRT
18.45708,77.65515,333.2,0.39,0.36,2026-10-07,818,N,VIIRS,l,2.0NRT,307.12,1.94,D,VIIRS_SNPP_NRT
21.24804,79.21015,321.35,0.46,0.39,2026-10-07,2049,N,VIIRS,n,2.0NRT,294.55,1.94,N,VIIRS_SNPP_NRT
22.31646,82.56235,310.76,0.38,0.36,2026-10-07,2010,N21,VIIRS,n,2.0NRT,295.5,1.93,N,VIIRS_NOAA21_NRT
22.31705,82.55865,317.43,0.38,0.36,2026-10-07,2010,N21,VIIRS,n,2.0NRT,294.52,1.93,N,VIIRS_NOAA21_NRT
15.8246,78.22688,338.78,0.52,0.5,2026-10-07,835,N20,VIIRS,n,2.0NRT,301.7,1.93,D,VIIRS_NOAA20_NRT
25.54219,91.23431,316.23,0.52,0.42,2026-10-07,1925,N20,VIIRS,n,2.0NRT,285.96,1.93,N,VIIRS_NOAA20_NRT
14.78613,77.80959,336.07,0.38,0.36,2026-10-07,816,N,VIIRS,n,2.0NRT,303.17,1.93,D,VIIRS_SNPP_NRT
20.96444,86.05096,313.38,0.5,0.41,2026-10-07,2010,N21,VIIRS,n,2.0NRT,294.34,1.92,N,VIIRS_NOAA21_NRT
10.38244,79.27652,333.7,0.38,0.36,2026-10-07,816,N,VIIRS,n,2.0NRT,297.42,1.92,D,VIIRS_SNPP_NRT
20.69586,78.63698,315.03,0.44,0.38,2026-10-07,2049,N,VIIRS,n,2.0NRT,296.19,1.92,N,VIIRS_SNPP_NRT
15.33164,76.28409,306.01,0.52,0.42,2026-10-07,2012,N21,VIIRS,n,2.0NRT,292.99,1.91,N,VIIRS_NOAA21_NRT
20.96318,85.18822,311.34,0.36,0.57,2026-10-07,1925,N20,VIIRS,n,2.0NRT,292.25,1.91,N,VIIRS_NOAA20_NRT
23.16512,82.33617,310.81,0.54,0.68,2026-10-07,2106,N20,VIIRS,n,2.0NRT,289.21,1.91,N,VIIRS_NOAA20_NRT
23.17117,82.33781,300.63,0.54,0.68,2026-10-07,2106,N20,VIIRS,n,2.0NRT,288.91,1.91,N,VIIRS_NOAA20_NRT
23.76491,86.3931,308.53,0.48,0.4,2026-10-07,2010,N21,VIIRS,n,2.0NRT,293.33,1.9,N,VIIRS_NOAA21_NRT
20.76165,85.29177,309.76,0.35,0.57,2026-10-07,1925,N20,VIIRS,n,2.0NRT,292.3,1.9,N,VIIRS_NOAA20_NRT
31.53878,74.6717,332.71,0.39,0.36,2026-10-07,822,N,VIIRS,n,2.0NRT,298.41,1.9,D,VIIRS_SNPP_NRT
24.94524,72.94757,314.7,0.49,0.4,2026-10-07,2046,N,VIIRS,n,2.0NRT,295.18,1.9,N,VIIRS_SNPP_NRT
20.97095,86.02035,310.09,0.63,0.54,2026-10-07,1925,N20,VIIRS,n,2.0NRT,292.0,1.89,N,VIIRS_NOAA20_NRT
21.75647,83.8386,307.01,0.71,0.75,2026-10-07,2106,N20,VIIRS,n,2.0NRT,286.16,1.89,N,VIIRS_NOAA20_NRT
21.76316,83.84067,300.48,0.71,0.75,2026-10-07,2106,N20,VIIRS,n,2.0NRT,285.88,1.89,N,VIIRS_NOAA20_NRT
22.26473,75.13316,317.43,0.4,0.44,2026-10-07,2108,N20,VIIRS,n,2.0NRT,296.85,1.89,N,VIIRS_NOAA20_NRT
20.96544,85.1824,305.87,0.34,0.56,2026-10-07,2049,N,VIIRS,n,2.0NRT,291.19,1.89,N,VIIRS_SNPP_NRT
20.96613,85.17914,313.09,0.34,0.56,2026-10-07,2049,N,VIIRS,n,2.0NRT,291.35,1.89,N,VIIRS_SNPP_NRT
12.75778,80.20602,331.01,0.41,0.37,2026-10-07,816,N,VIIRS,l,2.0NRT,302.09,1.88,D,VIIRS_SNPP_NRT
23.66702,75.48857,337.36,0.38,0.36,2026-10-07,820,N,VIIRS,n,2.0NRT,312.17,1.88,D,VIIRS_SNPP_NRT
27.75545,77.79365,330.89,0.44,0.38,2026-10-07,744,N21,VIIRS,n,2.0NRT,301.38,1.87,D,VIIRS_NOAA21_NRT
23.72295,86.43721,303.25,0.48,0.4,2026-10-07,2010,N21,VIIRS,n,2.0NRT,291.03,1.87,N,VIIRS_NOAA21_NRT
20.95892,85.01184,304.32,0.33,0.55,2026-10-07,2049,N,VIIRS,n,2.0NRT,291.22,1.87,N,VIIRS_SNPP_NRT
17.60902,83.2062,309.38,0.42,0.37,2026-10-07,2012,N21,VIIRS,n,2.0NRT,294.12,1.86,N,VIIRS_NOAA21_NRT
17.60966,83.20235,312.22,0.42,0.37,2026-10-07,2012,N21,VIIRS,n,2.0NRT,293.82,1.86,N,VIIRS_NOAA21_NRT
28.08758,77.77734,332.08,0.45,0.39,2026-10-07,820,N,VIIRS,n,2.0NRT,300.53,1.86,D,VIIRS_SNPP_NRT
23.77099,86.19432,311.35,0.47,0.4,2026-10-07,2010,N21,VIIRS,n,2.0NRT,291.04,1.85,N,VIIRS_NOAA21_NRT
23.79941,86.34768,305.09,0.48,0.4,2026-10-07,2010,N21,VIIRS,n,2.0NRT,291.56,1.85,N,VIIRS_NOAA21_NRT
22.31848,82.56138,308.1,0.55,0.68,2026-10-07,1925,N20,VIIRS,n,2.0NRT,289.71,1.85,N,VIIRS_NOAA20_NRT
19.10266,73.05063,308.99,0.51,0.41,2026-10-07,2108,N20,VIIRS,n,2.0NRT,293.99,1.85,N,VIIRS_NOAA20_NRT
11.46289,79.15313,331.3,0.39,0.36,2026-10-07,816,N,VIIRS,l,2.0NRT,304.38,1.85,D,VIIRS_SNPP_NRT
18.67988,73.04134,318.74,0.42,0.38,2026-10-07,2046,N,VIIRS,n,2.0NRT,296.16,1.85,N,VIIRS_SNPP_NRT
18.68046,73.03735,316.51,0.42,0.38,2026-10-07,2046,N,VIIRS,n,2.0NRT,296.01,1.85,N,VIIRS_SNPP_NRT
21.7582,83.85234,306.04,0.4,0.37,2026-10-07,2010,N21,VIIRS,n,2.0NRT,290.89,1.84,N,VIIRS_NOAA21_NRT
17.46342,80.65453,312.56,0.39,0.36,2026-10-07,2012,N21,VIIRS,n,2.0NRT,295.01,1.84,N,VIIRS_NOAA21_NRT
21.74145,83.84108,301.76,0.71,0.75,2026-10-07,2106,N20,VIIRS,n,2.0NRT,285.86,1.84,N,VIIRS_NOAA20_NRT
21.74811,83.84325,305.23,0.71,0.75,2026-10-07,2106,N20,VIIRS,n,2.0NRT,286.22,1.84,N,VIIRS_NOAA20_NRT
22.79732,86.2087,306.67,0.49,0.4,2026-10-07,2010,N21,VIIRS,n,2.0NRT,292.31,1.83,N,VIIRS_NOAA21_NRT
22.93145,69.69636,306.41,0.47,0.47,2026-10-07,2049,N,VIIRS,n,2.0NRT,295.72,1.83,N,VIIRS_SNPP_NRT
18.68554,73.02791,311.91,0.52,0.41,2026-10-07,2108,N20,VIIRS,n,2.0NRT,295.27,1.82,N,VIIRS_NOAA20_NRT
25.21248,72.46599,340.13,0.44,0.38,2026-10-07,820,N,VIIRS,l,2.0NRT,312.18,1.82,D,VIIRS_SNPP_NRT
20.9623,85.17796,306.33,0.34,0.56,2026-10-07,2049,N,VIIRS,n,2.0NRT,291.4,1.82,N,VIIRS_SNPP_NRT
20.96739,85.17924,308.33,0.34,0.56,2026-10-07,2049,N,VIIRS,n,2.0NRT,291.28,1.82,N,VIIRS_SNPP_NRT
24.48219,77.14262,302.07,0.4,0.44,2026-10-07,2010,N21,VIIRS,n,2.0NRT,291.17,1.8,N,VIIRS_NOAA21_NRT
20.9758,85.16856,305.05,0.36,0.57,2026-10-07,1925,N20,VIIRS,n,2.0NRT,291.71,1.8,N,VIIRS_NOAA20_NRT
21.16578,75.08514,334.43,0.4,0.37,2026-10-07,818,N,VIIRS,l,2.0NRT,306.76,1.8,D,VIIRS_SNPP_NRT
21.76683,84.01885,312.05,0.55,0.51,2026-10-07,2046,N,VIIRS,n,2.0NRT,290.19,1.8,N,VIIRS_SNPP_NRT
21.77149,84.01997,304.51,0.55,0.51,2026-10-07,2046,N,VIIRS,n,2.0NRT,289.72,1.8,N,VIIRS_SNPP_NRT
20.97721,85.13425,307.98,0.34,0.56,2026-10-07,2049,N,VIIRS,n,2.0NRT,291.83,1.8,N,VIIRS_SNPP_NRT
22.37518,70.85814,314.11,0.48,0.64,2026-10-07,2010,N21,VIIRS,n,2.0NRT,295.26,1.79,N,VIIRS_NOAA21_NRT
23.16498,82.34144,335.9,0.38,0.36,2026-10-07,2010,N21,VIIRS,n,2.0NRT,294.26,1.79,N,VIIRS_NOAA21_NRT
23.16768,82.34573,303.91,0.38,0.36,2026-10-07,2010,N21,VIIRS,n,2.0NRT,291.3,1.79,N,VIIRS_NOAA21_NRT
23.16826,82.34203,306.57,0.38,0.36,2026-10-07,2010,N21,VIIRS,n,2.0NRT,291.86,1.79,N,VIIRS_NOAA21_NRT
23.7347,86.4349,313.17,0.48,0.4,2026-10-07,2010,N21,VIIRS,n,2.0NRT,292.33,1.79,N,VIIRS_NOAA21_NRT
23.73555,86.43022,308.98,0.48,0.4,2026-10-07,2010,N21,VIIRS,n,2.0NRT,291.65,1.79,N,VIIRS_NOAA21_NRT
27.37582,95.33338,329.29,0.53,0.42,2026-10-07,637,N,VIIRS,n,2.0NRT,295.66,1.79,D,VIIRS_SNPP_NRT
31.79113,74.70696,332.18,0.39,0.36,2026-10-07,822,N,VIIRS,n,2.0NRT,299.67,1.79,D,VIIRS_SNPP_NRT
22.31972,82.56264,310.17,0.44,0.46,2026-10-07,2046,N,VIIRS,n,2.0NRT,293.13,1.79,N,VIIRS_SNPP_NRT
22.35762,82.30049,320.58,0.38,0.36,2026-10-07,2010,N21,VIIRS,n,2.0NRT,294.53,1.78,N,VIIRS_NOAA21_NRT
23.77663,86.39074,304.34,0.48,0.4,2026-10-07,2010,N21,VIIRS,n,2.0NRT,291.52,1.78,N,VIIRS_NOAA21_NRT
23.78025,86.39151,313.53,0.48,0.4,2026-10-07,2010,N21,VIIRS,n,2.0NRT,292.66,1.78,N,VIIRS_NOAA21_NRT
22.00718,82.66508,306.85,0.54,0.68,2026-10-07,1925,N20,VIIRS,n,2.0NRT,289.49,1.78,N,VIIRS_NOAA20_NRT
23.65255,85.43452,306.45,0.37,0.58,2026-10-07,1925,N20,VIIRS,n,2.0NRT,283.91,1.78,N,VIIRS_NOAA20_NRT
21.48729,81.76772,309.76,0.54,0.68,2026-10-07,2106,N20,VIIRS,n,2.0NRT,289.48,1.78,N,VIIRS_NOAA20_NRT
22.31634,82.55745,308.41,0.44,0.46,2026-10-07,2046,N,VIIRS,n,2.0NRT,292.26,1.78,N,VIIRS_SNPP_NRT
15.16774,76.38042,306.76,0.52,0.41,2026-10-07,2012,N21,VIIRS,n,2.0NRT,291.27,1.77,N,VIIRS_NOAA21_NRT
11.05007,77.74774,338.24,0.42,0.45,2026-10-07,837,N20,VIIRS,n,2.0NRT,301.51,1.77,D,VIIRS_NOAA20_NRT
23.53194,77.02496,335.38,0.39,0.36,2026-10-07,820,N,VIIRS,l,2.0NRT,309.82,1.77,D,VIIRS_SNPP_NRT
24.95185,77.1543,336.94,0.4,0.37,2026-10-07,820,N,VIIRS,n,2.0NRT,308.26,1.77,D,VIIRS_SNPP_NRT
31.79742,74.96842,331.83,0.51,0.41,2026-10-07,744,N21,VIIRS,n,2.0NRT,300.46,1.76,D,VIIRS_NOAA21_NRT
21.67673,84.03844,312.35,0.41,0.37,2026-10-07,2010,N21,VIIRS,n,2.0NRT,291.48,1.76,N,VIIRS_NOAA21_NRT
21.68011,84.0391,306.73,0.41,0.37,2026-10-07,2010,N21,VIIRS,n,2.0NRT,289.49,1.76,N,VIIRS_NOAA21_NRT
15.17636,76.65298,302.02,0.33,0.56,2026-10-07,2108,N20,VIIRS,n,2.0NRT,280.55,1.76,N,VIIRS_NOAA20_NRT
11.46571,77.6757,337.24,0.39,0.36,2026-10-07,816,N,VIIRS,n,2.0NRT,298.94,1.76,D,VIIRS_SNPP_NRT
28.34578,77.22873,316.26,0.44,0.46,2026-10-07,2008,N21,VIIRS,n,2.0NRT,292.99,1.75,N,VIIRS_NOAA21_NRT
21.48625,81.76955,314.68,0.38,0.36,2026-10-07,2010,N21,VIIRS,n,2.0NRT,294.26,1.75,N,VIIRS_NOAA21_NRT
21.8586,83.9667,315.14,0.41,0.37,2026-10-07,2010,N21,VIIRS,n,2.0NRT,293.53,1.75,N,VIIRS_NOAA21_NRT
18.54045,83.34286,314.69,0.41,0.37,2026-10-07,2012,N21,VIIRS,n,2.0NRT,294.48,1.75,N,VIIRS_NOAA21_NRT
21.92546,83.33677,305.02,0.49,0.65,2026-10-07,1925,N20,VIIRS,n,2.0NRT,287.75,1.75,N,VIIRS_NOAA20_NRT
23.77566,86.36578,307.42,0.32,0.55,2026-10-07,1925,N20,VIIRS,n,2.0NRT,289.83,1.75,N,VIIRS_NOAA20_NRT
17.9576,80.79029,304.6,0.55,0.68,2026-10-07,2108,N20,VIIRS,n,2.0NRT,290.82,1.75,N,VIIRS_NOAA20_NRT
23.76363,86.3939,302.8,0.35,0.57,2026-10-07,2046,N,VIIRS,n,2.0NRT,289.32,1.75,N,VIIRS_SNPP_NRT
23.77067,86.19287,300.48,0.34,0.56,2026-10-07,2046,N,VIIRS,n,2.0NRT,287.76,1.74,N,VIIRS_SNPP_NRT
24.76482,74.60693,308.32,0.58,0.52,2026-10-07,2010,N21,VIIRS,n,2.0NRT,295.92,1.73,N,VIIRS_NOAA21_NRT
20.88454,84.98066,321.16,0.37,0.58,2026-10-07,1925,N20,VIIRS,n,2.0NRT,292.34,1.73,N,VIIRS_NOAA20_NRT
15.82028,78.60642,337.94,0.39,0.36,2026-10-07,816,N,VIIRS,n,2.0NRT,304.98,1.73,D,VIIRS_SNPP_NRT
18.13211,74.43112,333.05,0.44,0.38,2026-10-07,818,N,VIIRS,l,2.0NRT,305.1,1.73,D,VIIRS_SNPP_NRT
22.5359,77.27995,337.97,0.39,0.36,2026-10-07,818,N,VIIRS,n,2.0NRT,310.1,1.73,D,VIIRS_SNPP_NRT
19.1028,82.1703,309.34,0.48,0.48,2026-10-07,2046,N,VIIRS,n,2.0NRT,292.72,1.73,N,VIIRS_SNPP_NRT
22.03244,83.35544,303.28,0.5,0.49,2026-10-07,2046,N,VIIRS,n,2.0NRT,290.26,1.73,N,VIIRS_SNPP_NRT
22.03789,83.35164,317.66,0.5,0.49,2026-10-07,2046,N,VIIRS,n,2.0NRT,291.43,1.73,N,VIIRS_SNPP_NRT
22.05057,88.12335,310.32,0.49,0.65,2026-10-07,2046,N,VIIRS,n,2.0NRT,289.84,1.73,N,VIIRS_SNPP_NRT
20.96445,85.16174,305.06,0.34,0.56,2026-10-07,2049,N,VIIRS,n,2.0NRT,290.75,1.73,N,VIIRS_SNPP_NRT
20.97387,85.17413,313.39,0.34,0.56,2026-10-07,2049,N,VIIRS,n,2.0NRT,291.1,1.73,N,VIIRS_SNPP_NRT
23.33936,77.09329,332.11,0.39,0.36,2026-10-07,820,N,VIIRS,l,2.0NRT,306.59,1.72,D,VIIRS_SNPP_NRT
21.11014,72.63465,309.84,0.35,0.57,2026-10-07,2010,N21,VIIRS,n,2.0NRT,296.96,1.71,N,VIIRS_NOAA21_NRT
26.64165,79.47871,310.54,0.48,0.4,2026-10-07,2010,N21,VIIRS,n,2.0NRT,292.6,1.71,N,VIIRS_NOAA21_NRT
22.80102,86.0883,317.83,0.33,0.55,2026-10-07,1925,N20,VIIRS,n,2.0NRT,291.11,1.71,N,VIIRS_NOAA20_NRT
22.00354,82.6678,304.72,0.6,0.7,2026-10-07,2106,N20,VIIRS,n,2.0NRT,289.3,1.7,N,VIIRS_NOAA20_NRT
15.17435,76.69099,321.87,0.42,0.38,2026-10-07,2049,N,VIIRS,n,2.0NRT,289.61,1.7,N,VIIRS_SNPP_NRT
20.96309,85.16815,307.96,0.34,0.56,2026-10-07,2049,N,VIIRS,n,2.0NRT,291.56,1.7,N,VIIRS_SNPP_NRT
20.96377,85.16496,313.65,0.34,0.56,2026-10-07,2049,N,VIIRS,n,2.0NRT,291.37,1.7,N,VIIRS_SNPP_NRT
20.96816,85.16949,303.39,0.34,0.56,2026-10-07,2049,N,VIIRS,n,2.0NRT,290.93,1.7,N,VIIRS_SNPP_NRT
27.75931,77.73318,330.37,0.44,0.39,2026-10-07,744,N21,VIIRS,l,2.0NRT,302.26,1.69,D,VIIRS_NOAA21_NRT
24.14552,82.65542,314.32,0.38,0.36,2026-10-07,2010,N21,VIIRS,n,2.0NRT,292.25,1.69,N,VIIRS_NOAA21_NRT
22.65302,76.91306,332.91,0.52,0.5,2026-10-07,837,N20,VIIRS,l,2.0NRT,305.07,1.69,D,VIIRS_NOAA20_NRT
10.14465,78.87096,330.97,0.38,0.36,2026-10-07,816,N,VIIRS,n,2.0NRT,297.49,1.69,D,VIIRS_SNPP_NRT
18.71702,79.53655,306.65,0.51,0.41,2026-10-07,2046,N,VIIRS,n,2.0NRT,296.01,1.69,N,VIIRS_SNPP_NRT
18.72079,79.53725,312.41,0.51,0.41,2026-10-07,2046,N,VIIRS,n,2.0NRT,295.82,1.69,N,VIIRS_SNPP_NRT
20.53163,85.90583,313.24,0.38,0.59,2026-10-07,2049,N,VIIRS,n,2.0NRT,291.91,1.69,N,VIIRS_SNPP_NRT
23.69594,85.36758,302.94,0.44,0.38,2026-10-07,2010,N21,VIIRS,n,2.0NRT,285.86,1.68,N,VIIRS_NOAA21_NRT
23.70948,86.44886,309.72,0.48,0.4,2026-10-07,2010,N21,VIIRS,n,2.0NRT,292.33,1.68,N,VIIRS_NOAA21_NRT
23.78051,86.34844,306.12,0.48,0.4,2026-10-07,2010,N21,VIIRS,n,2.0NRT,291.08,1.68,N,VIIRS_NOAA21_NRT
12.21088,78.59972,331.4,0.38,0.36,2026-10-07,816,N,VIIRS,n,2.0NRT,302.95,1.68,D,VIIRS_SNPP_NRT
28.70746,76.85873,318.41,0.39,0.36,2026-10-07,2046,N,VIIRS,n,2.0NRT,293.81,1.68,N,VIIRS_SNPP_NRT
15.17896,76.67471,314.01,0.42,0.38,2026-10-07,2049,N,VIIRS,n,2.0NRT,291.12,1.68,N,VIIRS_SNPP_NRT
15.1824,76.67533,306.95,0.42,0.38,2026-10-07,2049,N,VIIRS,n,2.0NRT,291.17,1.68,N,VIIRS_SNPP_NRT
20.96173,85.17461,304.05,0.34,0.56,2026-10-07,2049,N,VIIRS,n,2.0NRT,291.56,1.68,N,VIIRS_SNPP_NRT
20.96241,85.17139,316.83,0.34,0.56,2026-10-07,2049,N,VIIRS,n,2.0NRT,291.77,1.68,N,VIIRS_SNPP_NRT
20.96681,85.17592,314.14,0.34,0.56,2026-10-07,2049,N,VIIRS,n,2.0NRT,291.14,1.68,N,VIIRS_SNPP_NRT
20.96749,85.17269,335.5,0.34,0.56,2026-10-07,2049,N,VIIRS,n,2.0NRT,291.56,1.68,N,VIIRS_SNPP_NRT
21.19436,81.39143,310.48,0.39,0.44,2026-10-07,2049,N,VIIRS,n,2.0NRT,293.03,1.68,N,VIIRS_SNPP_NRT
21.8263,83.90132,306.45,0.41,0.37,2026-10-07,2010,N21,VIIRS,n,2.0NRT,292.39,1.67,N,VIIRS_NOAA21_NRT
18.91187,77.91266,330.19,0.55,0.51,2026-10-07,837,N20,VIIRS,l,2.0NRT,304.55,1.67,D,VIIRS_NOAA20_NRT
23.78102,86.20576,302.65,0.33,0.55,2026-10-07,1925,N20,VIIRS,n,2.0NRT,289.76,1.67,N,VIIRS_NOAA20_NRT
21.4869,81.76952,302.86,0.54,0.68,2026-10-07,2106,N20,VIIRS,n,2.0NRT,289.94,1.67,N,VIIRS_NOAA20_NRT
20.86208,84.98997,309.62,0.45,0.39,2026-10-07,2010,N21,VIIRS,n,2.0NRT,294.03,1.66,N,VIIRS_NOAA21_NRT
17.58314,80.31984,312.96,0.39,0.36,2026-10-07,2012,N21,VIIRS,n,2.0NRT,294.81,1.66,N,VIIRS_NOAA21_NRT
20.88757,84.9836,311.29,0.33,0.55,2026-10-07,2049,N,VIIRS,n,2.0NRT,291.36,1.66,N,VIIRS_SNPP_NRT
20.86486,84.99499,309.04,0.45,0.39,2026-10-07,2010,N21,VIIRS,n,2.0NRT,295.22,1.64,N,VIIRS_NOAA21_NRT
20.86561,84.99066,312.34,0.45,0.39,2026-10-07,2010,N21,VIIRS,n,2.0NRT,295.29,1.64,N,VIIRS_NOAA21_NRT
20.86839,84.99569,311.29,0.45,0.39,2026-10-07,2010,N21,VIIRS,n,2.0NRT,296.76,1.64,N,VIIRS_NOAA21_NRT
23.67729,86.10635,316.49,0.47,0.4,2026-10-07,2010,N21,VIIRS,n,2.0NRT,290.64,1.63,N,VIIRS_NOAA21_NRT
24.76819,76.53298,333.47,0.39,0.36,2026-10-07,820,N,VIIRS,l,2.0NRT,308.08,1.63,D,VIIRS_SNPP_NRT
23.80573,86.32866,307.09,0.35,0.57,2026-10-07,2046,N,VIIRS,n,2.0NRT,289.27,1.63,N,VIIRS_SNPP_NRT
20.79265,85.25388,319.16,0.34,0.56,2026-10-07,2049,N,VIIRS,n,2.0NRT,291.65,1.63,N,VIIRS_SNPP_NRT
21.9252,83.34145,307.19,0.39,0.36,2026-10-07,2010,N21,VIIRS,n,2.0NRT,293.98,1.61,N,VIIRS_NOAA21_NRT
24.82221,73.09283,308.53,0.36,0.58,2026-10-07,2010,N21,VIIRS,n,2.0NRT,298.28,1.61,N,VIIRS_NOAA21_NRT
15.16947,76.38171,308.57,0.41,0.37,2026-10-07,2049,N,VIIRS,n,2.0NRT,287.56,1.61,N,VIIRS_SNPP_NRT
21.11181,72.63539,314.84,0.46,0.39,2026-10-07,2049,N,VIIRS,n,2.0NRT,299.16,1.61,N,VIIRS_SNPP_NRT
21.24934,79.20765,311.13,0.44,0.38,2026-10-07,2010,N21,VIIRS,n,2.0NRT,295.65,1.6,N,VIIRS_NOAA21_NRT
29.39794,73.64119,331.31,0.4,0.45,2026-10-07,839,N20,VIIRS,l,2.0NRT,303.76,1.6,D,VIIRS_NOAA20_NRT
15.18279,76.67367,301.64,0.34,0.56,2026-10-07,2108,N20,VIIRS,n,2.0NRT,279.37,1.6,N,VIIRS_NOAA20_NRT
24.93499,74.63226,309.98,0.42,0.38,2026-10-07,2046,N,VIIRS,n,2.0NRT,296.15,1.6,N,VIIRS_SNPP_NRT
21.30661,78.02324,331.39,0.52,0.42,2026-10-07,741,N21,VIIRS,n,2.0NRT,301.14,1.59,D,VIIRS_NOAA21_NRT
21.67641,82.07809,301.71,0.56,0.69,2026-10-07,2106,N20,VIIRS,n,2.0NRT,289.04,1.59,N,VIIRS_NOAA20_NRT
23.16199,82.33515,303.18,0.41,0.45,2026-10-07,2046,N,VIIRS,n,2.0NRT,290.4,1.59,N,VIIRS_SNPP_NRT
23.1653,82.34013,326.26,0.41,0.45,2026-10-07,2046,N,VIIRS,n,2.0NRT,292.9,1.59,N,VIIRS_SNPP_NRT
23.16609,82.33607,307.4,0.41,0.45,2026-10-07,2046,N,VIIRS,n,2.0NRT,291.78,1.59,N,VIIRS_SNPP_NRT
24.20476,82.70866,314.0,0.38,0.36,2026-10-07,2010,N21,VIIRS,n,2.0NRT,293.4,1.58,N,VIIRS_NOAA21_NRT
23.67948,86.10367,323.15,0.34,0.56,2026-10-07,1925,N20,VIIRS,n,2.0NRT,289.93,1.58,N,VIIRS_NOAA20_NRT
21.74298,83.83816,302.13,0.71,0.75,2026-10-07,2106,N20,VIIRS,n,2.0NRT,285.76,1.58,N,VIIRS_NOAA20_NRT
23.73784,86.43472,323.07,0.36,0.57,2026-10-07,2046,N,VIIRS,n,2.0NRT,288.87,1.58,N,VIIRS_SNPP_NRT
23.73864,86.43124,301.85,0.36,0.57,2026-10-07,2046,N,VIIRS,n,2.0NRT,287.7,1.58,N,VIIRS_SNPP_NRT
18.62821,77.67439,331.91,0.4,0.44,2026-10-07,739,N21,VIIRS,l,2.0NRT,304.12,1.57,D,VIIRS_NOAA21_NRT
20.86282,84.98568,316.95,0.45,0.39,2026-10-07,2010,N21,VIIRS,n,2.0NRT,293.82,1.57,N,VIIRS_NOAA21_NRT
20.88546,84.98138,308.2,0.45,0.39,2026-10-07,2010,N21,VIIRS,n,2.0NRT,294.77,1.57,N,VIIRS_NOAA21_NRT
21.23458,79.62901,310.68,0.42,0.38,2026-10-07,2010,N21,VIIRS,n,2.0NRT,294.75,1.57,N,VIIRS_NOAA21_NRT
23.80355,86.32463,302.94,0.48,0.4,2026-10-07,2010,N21,VIIRS,n,2.0NRT,291.52,1.57,N,VIIRS_NOAA21_NRT
22.33389,82.60603,308.83,0.55,0.68,2026-10-07,1925,N20,VIIRS,n,2.0NRT,288.97,1.57,N,VIIRS_NOAA20_NRT
22.35717,82.29996,306.63,0.56,0.68,2026-10-07,2106,N20,VIIRS,n,2.0NRT,289.49,1.57,N,VIIRS_NOAA20_NRT
20.89889,75.49337,332.48,0.39,0.36,2026-10-07,818,N,VIIRS,l,2.0NRT,305.19,1.57,D,VIIRS_SNPP_NRT
18.67927,73.03433,308.04,0.42,0.38,2026-10-07,2046,N,VIIRS,n,2.0NRT,295.48,1.57,N,VIIRS_SNPP_NRT
22.03904,83.35433,309.64,0.39,0.36,2026-10-07,2010,N21,VIIRS,n,2.0NRT,292.9,1.56,N,VIIRS_NOAA21_NRT
22.60936,85.91264,310.22,0.47,0.4,2026-10-07,2010,N21,VIIRS,n,2.0NRT,292.35,1.56,N,VIIRS_NOAA21_NRT
23.77571,86.20943,304.64,0.47,0.4,2026-10-07,2010,N21,VIIRS,n,2.0NRT,291.52,1.56,N,VIIRS_NOAA21_NRT
21.19105,81.39092,304.55,0.52,0.66,2026-10-07,2106,N20,VIIRS,n,2.0NRT,290.07,1.56,N,VIIRS_NOAA20_NRT
18.9303,78.20738,331.47,0.4,0.37,2026-10-07,818,N,VIIRS,l,2.0NRT,305.02,1.56,D,VIIRS_SNPP_NRT
13.15935,80.28446,309.92,0.38,0.36,2026-10-07,2012,N21,VIIRS,n,2.0NRT,289.84,1.55,N,VIIRS_NOAA21_NRT
15.01063,76.90276,305.99,0.48,0.4,2026-10-07,2012,N21,VIIRS,n,2.0NRT,293.11,1.55,N,VIIRS_NOAA21_NRT
20.96225,86.007,304.26,0.63,0.54,2026-10-07,1925,N20,VIIRS,n,2.0NRT,291.8,1.55,N,VIIRS_NOAA20_NRT
20.96726,86.00758,306.27,0.63,0.54,2026-10-07,1925,N20,VIIRS,n,2.0NRT,292.62,1.55,N,VIIRS_NOAA20_NRT
22.00235,82.67021,310.11,0.45,0.47,2026-10-07,2046,N,VIIRS,n,2.0NRT,292.34,1.55,N,VIIRS_SNPP_NRT
23.77797,86.20882,316.53,0.34,0.56,2026-10-07,2046,N,VIIRS,n,2.0NRT,288.54,1.55,N,VIIRS_SNPP_NRT
23.78311,86.21007,314.11,0.34,0.56,2026-10-07,2046,N,VIIRS,n,2.0NRT,288.66,1.55,N,VIIRS_SNPP_NRT
22.90842,69.70242,310.42,0.47,0.47,2026-10-07,2049,N,VIIRS,n,2.0NRT,295.84,1.55,N,VIIRS_SNPP_NRT
22.01409,83.75298,313.87,0.4,0.37,2026-10-07,2010,N21,VIIRS,n,2.0NRT,293.02,1.54,N,VIIRS_NOAA21_NRT
21.87901,83.55148,300.2,0.47,0.64,2026-10-07,1925,N20,VIIRS,n,2.0NRT,287.06,1.54,N,VIIRS_NOAA20_NRT
23.64686,85.4374,305.04,0.37,0.58,2026-10-07,1925,N20,VIIRS,n,2.0NRT,285.95,1.54,N,VIIRS_NOAA20_NRT
22.79249,76.09946,335.62,0.38,0.36,2026-10-07,820,N,VIIRS,l,2.0NRT,309.63,1.54,D,VIIRS_SNPP_NRT
34.12964,74.07207,333.17,0.39,0.36,2026-10-07,822,N,VIIRS,n,2.0NRT,299.83,1.54,D,VIIRS_SNPP_NRT
19.9341,73.71413,303.35,0.41,0.37,2026-10-07,2046,N,VIIRS,n,2.0NRT,292.36,1.54,N,VIIRS_SNPP_NRT
19.93467,73.71022,325.26,0.41,0.37,2026-10-07,2046,N,VIIRS,n,2.0NRT,293.08,1.54,N,VIIRS_SNPP_NRT
15.18641,76.65524,303.01,0.33,0.56,2026-10-07,2108,N20,VIIRS,n,2.0NRT,281.31,1.53,N,VIIRS_NOAA20_NRT
21.07519,85.04309,311.35,0.45,0.39,2026-10-07,2010,N21,VIIRS,n,2.0NRT,293.79,1.52,N,VIIRS_NOAA21_NRT
21.07593,85.03883,318.86,0.45,0.39,2026-10-07,2010,N21,VIIRS,n,2.0NRT,295.94,1.52,N,VIIRS_NOAA21_NRT
21.07872,85.04382,311.14,0.45,0.39,2026-10-07,2010,N21,VIIRS,n,2.0NRT,294.32,1.52,N,VIIRS_NOAA21_NRT
21.07946,85.03954,306.52,0.45,0.39,2026-10-07,2010,N21,VIIRS,n,2.0NRT,294.12,1.52,N,VIIRS_NOAA21_NRT
21.6727,84.04169,306.49,0.41,0.37,2026-10-07,2010,N21,VIIRS,n,2.0NRT,291.11,1.52,N,VIIRS_NOAA21_NRT
21.87779,83.55595,304.73,0.51,0.5,2026-10-07,2046,N,VIIRS,n,2.0NRT,289.84,1.52,N,VIIRS_SNPP_NRT
28.80172,77.05463,306.67,0.46,0.47,2026-10-07,2008,N21,VIIRS,n,2.0NRT,293.89,1.51,N,VIIRS_NOAA21_NRT
22.06705,83.70381,309.84,0.4,0.37,2026-10-07,2010,N21,VIIRS,n,2.0NRT,291.82,1.51,N,VIIRS_NOAA21_NRT
15.18219,76.67674,304.16,0.34,0.56,2026-10-07,2108,N20,VIIRS,n,2.0NRT,278.78,1.51,N,VIIRS_NOAA20_NRT
12.80328,78.87148,333.27,0.39,0.36,2026-10-07,816,N,VIIRS,n,2.0NRT,299.67,1.51,D,VIIRS_SNPP_NRT
22.28962,76.93764,330.28,0.39,0.36,2026-10-07,818,N,VIIRS,n,2.0NRT,303.12,1.51,D,VIIRS_SNPP_NRT
21.98594,83.23249,309.32,0.49,0.49,2026-10-07,2046,N,VIIRS,n,2.0NRT,291.0,1.51,N,VIIRS_SNPP_NRT
15.65669,73.99054,313.27,0.39,0.36,2026-10-07,2049,N,VIIRS,n,2.0NRT,294.3,1.51,N,VIIRS_SNPP_NRT
20.97457,85.17094,312.36,0.34,0.56,2026-10-07,2049,N,VIIRS,n,2.0NRT,291.29,1.51,N,VIIRS_SNPP_NRT
20.97527,85.16773,309.88,0.34,0.56,2026-10-07,2049,N,VIIRS,n,2.0NRT,290.67,1.51,N,VIIRS_SNPP_NRT
21.10397,72.63869,309.15,0.46,0.39,2026-10-07,2049,N,VIIRS,n,2.0NRT,297.59,1.51,N,VIIRS_SNPP_NRT
21.10457,72.63424,319.97,0.46,0.39,2026-10-07,2049,N,VIIRS,n,2.0NRT,298.11,1.51,N,VIIRS_SNPP_NRT
21.48558,81.76948,314.79,0.41,0.45,2026-10-07,2049,N,VIIRS,n,2.0NRT,293.32,1.51,N,VIIRS_SNPP_NRT
20.96487,85.17088,305.16,0.36,0.57,2026-10-07,1925,N20,VIIRS,n,2.0NRT,291.7,1.5,N,VIIRS_NOAA20_NRT
20.96521,85.1674,311.62,0.36,0.57,2026-10-07,1925,N20,VIIRS,n,2.0NRT,292.6,1.5,N,VIIRS_NOAA20_NRT
20.97051,85.16796,308.07,0.36,0.57,2026-10-07,1925,N20,VIIRS,n,2.0NRT,292.04,1.5,N,VIIRS_NOAA20_NRT
22.2139,77.20172,333.48,0.39,0.36,2026-10-07,818,N,VIIRS,l,2.0NRT,305.78,1.5,D,VIIRS_SNPP_NRT
21.96537,83.77396,305.77,0.53,0.5,2026-10-07,2046,N,VIIRS,n,2.0NRT,290.02,1.5,N,VIIRS_SNPP_NRT
22.36271,87.0192,306.71,0.41,0.61,2026-10-07,2046,N,VIIRS,n,2.0NRT,291.07,1.5,N,VIIRS_SNPP_NRT
21.37634,81.6413,308.58,0.4,0.44,2026-10-07,2049,N,VIIRS,n,2.0NRT,292.47,1.5,N,VIIRS_SNPP_NRT
21.91943,83.35589,312.32,0.39,0.36,2026-10-07,2010,N21,VIIRS,n,2.0NRT,292.73,1.49,N,VIIRS_NOAA21_NRT
22.3609,82.30109,316.15,0.38,0.36,2026-10-07,2010,N21,VIIRS,n,2.0NRT,294.82,1.49,N,VIIRS_NOAA21_NRT
21.36649,81.67943,303.89,0.61,0.71,2026-10-07,1925,N20,VIIRS,n,2.0NRT,288.9,1.49,N,VIIRS_NOAA20_NRT
18.68001,73.03686,307.41,0.52,0.41,2026-10-07,2108,N20,VIIRS,n,2.0NRT,294.94,1.49,N,VIIRS_NOAA20_NRT
18.68378,73.03761,307.77,0.52,0.41,2026-10-07,2108,N20,VIIRS,n,2.0NRT,295.54,1.49,N,VIIRS_NOAA20_NRT
18.68466,73.03276,307.02,0.52,0.41,2026-10-07,2108,N20,VIIRS,n,2.0NRT,295.72,1.49,N,VIIRS_NOAA20_NRT
13.75959,79.04883,330.45,0.39,0.36,2026-10-07,816,N,VIIRS,n,2.0NRT,300.33,1.49,D,VIIRS_SNPP_NRT
20.88898,84.9821,308.26,0.45,0.39,2026-10-07,2010,N21,VIIRS,n,2.0NRT,294.27,1.48,N,VIIRS_NOAA21_NRT
23.78737,85.55158,308.44,0.44,0.38,2026-10-07,2010,N21,VIIRS,n,2.0NRT,291.43,1.48,N,VIIRS_NOAA21_NRT
15.07185,76.86635,304.96,0.48,0.4,2026-10-07,2012,N21,VIIRS,n,2.0NRT,292.8,1.48,N,VIIRS_NOAA21_NRT
19.72361,79.17499,309.53,0.43,0.38,2026-10-07,2010,N21,VIIRS,n,2.0NRT,294.73,1.47,N,VIIRS_NOAA21_NRT
24.16775,82.62105,314.56,0.38,0.36,2026-10-07,2010,N21,VIIRS,n,2.0NRT,292.45,1.47,N,VIIRS_NOAA21_NRT
23.75611,86.4028,313.55,0.35,0.57,2026-10-07,2046,N,VIIRS,n,2.0NRT,288.07,1.47,N,VIIRS_SNPP_NRT
23.76131,86.40411,321.19,0.35,0.57,2026-10-07,2046,N,VIIRS,n,2.0NRT,288.28,1.47,N,VIIRS_SNPP_NRT
23.76207,86.40073,312.22,0.35,0.57,2026-10-07,2046,N,VIIRS,n,2.0NRT,288.53,1.47,N,VIIRS_SNPP_NRT
20.86405,84.99448,307.25,0.33,0.55,2026-10-07,2049,N,VIIRS,n,2.0NRT,290.89,1.47,N,VIIRS_SNPP_NRT
20.86474,84.99122,315.28,0.33,0.55,2026-10-07,2049,N,VIIRS,n,2.0NRT,290.98,1.47,N,VIIRS_SNPP_NRT
20.95266,86.04774,309.03,0.38,0.59,2026-10-07,2049,N,VIIRS,n,2.0NRT,291.86,1.47,N,VIIRS_SNPP_NRT
20.95348,86.04401,309.99,0.38,0.59,2026-10-07,2049,N,VIIRS,n,2.0NRT,291.53,1.47,N,VIIRS_SNPP_NRT
23.70973,86.44706,305.89,0.48,0.4,2026-10-07,2010,N21,VIIRS,n,2.0NRT,291.84,1.46,N,VIIRS_NOAA21_NRT
23.71254,86.45248,313.59,0.48,0.4,2026-10-07,2010,N21,VIIRS,n,2.0NRT,291.61,1.46,N,VIIRS_NOAA21_NRT
23.71337,86.44782,304.62,0.48,0.4,2026-10-07,2010,N21,VIIRS,n,2.0NRT,291.46,1.46,N,VIIRS_NOAA21_NRT
21.67428,82.07963,304.62,0.58,0.7,2026-10-07,1925,N20,VIIRS,n,2.0NRT,290.2,1.46,N,VIIRS_NOAA20_NRT
23.6814,86.08369,307.18,0.34,0.56,2026-10-07,1925,N20,VIIRS,n,2.0NRT,290.24,1.46,N,VIIRS_NOAA20_NRT
23.80483,86.33046,310.25,0.33,0.55,2026-10-07,1925,N20,VIIRS,n,2.0NRT,290.3,1.46,N,VIIRS_NOAA20_NRT
26.87981,73.51506,307.45,0.43,0.38,2026-10-07,2106,N20,VIIRS,n,2.0NRT,296.21,1.46,N,VIIRS_NOAA20_NRT
20.8691,84.9957,306.1,0.33,0.55,2026-10-07,2049,N,VIIRS,n,2.0NRT,291.97,1.46,N,VIIRS_SNPP_NRT
21.07845,85.0349,317.36,0.33,0.55,2026-10-07,2049,N,VIIRS,n,2.0NRT,288.51,1.46,N,VIIRS_SNPP_NRT
21.07912,85.03173,310.88,0.33,0.55,2026-10-07,2049,N,VIIRS,n,2.0NRT,287.11,1.46,N,VIIRS_SNPP_NRT
15.22444,76.76054,312.62,0.49,0.4,2026-10-07,2012,N21,VIIRS,n,2.0NRT,291.62,1.45,N,VIIRS_NOAA21_NRT
20.88989,84.98121,307.09,0.37,0.58,2026-10-07,1925,N20,VIIRS,n,2.0NRT,292.12,1.45,N,VIIRS_NOAA20_NRT
22.79789,86.20699,314.03,0.32,0.55,2026-10-07,1925,N20,VIIRS,n,2.0NRT,291.38,1.45,N,VIIRS_NOAA20_NRT
16.23561,77.464,334.26,0.38,0.36,2026-10-07,816,N,VIIRS,l,2.0NRT,309.22,1.45,D,VIIRS_SNPP_NRT
23.31451,70.48627,307.33,0.39,0.36,2026-10-07,2106,N20,VIIRS,n,2.0NRT,297.02,1.44,N,VIIRS_NOAA20_NRT
23.87346,77.98949,332.27,0.42,0.38,2026-10-07,820,N,VIIRS,l,2.0NRT,306.77,1.44,D,VIIRS_SNPP_NRT
28.71151,76.83439,306.8,0.38,0.43,2026-10-07,2104,N20,VIIRS,n,2.0NRT,293.57,1.43,N,VIIRS_NOAA20_NRT
21.75247,83.9707,302.62,0.73,0.76,2026-10-07,2106,N20,VIIRS,n,2.0NRT,285.39,1.43,N,VIIRS_NOAA20_NRT
23.2665,70.25764,310.64,0.39,0.36,2026-10-07,2106,N20,VIIRS,n,2.0NRT,297.81,1.43,N,VIIRS_NOAA20_NRT
23.4864,87.36121,301.0,0.72,0.76,2026-10-07,1906,N,VIIRS,n,2.0NRT,286.68,1.43,N,VIIRS_SNPP_NRT
22.31632,82.53535,305.5,0.44,0.46,2026-10-07,2046,N,VIIRS,n,2.0NRT,291.56,1.43,N,VIIRS_SNPP_NRT
20.53083,85.90948,310.6,0.38,0.59,2026-10-07,2049,N,VIIRS,n,2.0NRT,291.77,1.43,N,VIIRS_SNPP_NRT
21.18169,81.38958,304.73,0.39,0.44,2026-10-07,2049,N,VIIRS,n,2.0NRT,292.42,1.43,N,VIIRS_SNPP_NRT
21.18239,81.38583,316.96,0.39,0.44,2026-10-07,2049,N,VIIRS,n,2.0NRT,294.08,1.43,N,VIIRS_SNPP_NRT
21.1857,81.39046,311.37,0.39,0.44,2026-10-07,2049,N,VIIRS,n,2.0NRT,293.83,1.43,N,VIIRS_SNPP_NRT
13.0055,79.96819,304.96,0.38,0.36,2026-10-07,2014,N21,VIIRS,n,2.0NRT,288.91,1.42,N,VIIRS_NOAA21_NRT
13.00879,79.96872,308.84,0.38,0.36,2026-10-07,2014,N21,VIIRS,n,2.0NRT,289.01,1.42,N,VIIRS_NOAA21_NRT
21.48987,81.76549,307.67,0.61,0.71,2026-10-07,1925,N20,VIIRS,n,2.0NRT,288.77,1.42,N,VIIRS_NOAA20_NRT
9.46555,78.77082,308.95,0.42,0.45,2026-10-07,2049,N,VIIRS,n,2.0NRT,287.79,1.42,N,VIIRS_SNPP_NRT
28.3453,77.23322,304.99,0.44,0.46,2026-10-07,2008,N21,VIIRS,n,2.0NRT,292.72,1.41,N,VIIRS_NOAA21_NRT
21.67273,82.08127,310.28,0.38,0.36,2026-10-07,2010,N21,VIIRS,n,2.0NRT,295.42,1.41,N,VIIRS_NOAA21_NRT
23.75552,85.85512,307.35,0.45,0.39,2026-10-07,2010,N21,VIIRS,n,2.0NRT,291.5,1.41,N,VIIRS_NOAA21_NRT
23.75906,85.85586,307.07,0.45,0.39,2026-10-07,2010,N21,VIIRS,n,2.0NRT,291.15,1.41,N,VIIRS_NOAA21_NRT
15.18483,76.6731,305.8,0.5,0.41,2026-10-07,2012,N21,VIIRS,n,2.0NRT,290.27,1.41,N,VIIRS_NOAA21_NRT
17.14224,77.18431,304.86,0.49,0.4,2026-10-07,2012,N21,VIIRS,n,2.0NRT,294.71,1.41,N,VIIRS_NOAA21_NRT
27.37663,95.33614,308.48,0.51,0.49,2026-10-07,1904,N,VIIRS,n,2.0NRT,290.17,1.41,N,VIIRS_SNPP_NRT
23.67365,86.39584,304.45,0.48,0.4,2026-10-07,2010,N21,VIIRS,n,2.0NRT,292.46,1.4,N,VIIRS_NOAA21_NRT
23.67729,86.39658,310.19,0.48,0.4,2026-10-07,2010,N21,VIIRS,n,2.0NRT,292.49,1.4,N,VIIRS_NOAA21_NRT
23.67812,86.39196,310.92,0.48,0.4,2026-10-07,2010,N21,VIIRS,n,2.0NRT,291.3,1.4,N,VIIRS_NOAA21_NRT
20.96555,85.1639,308.76,0.36,0.57,2026-10-07,1925,N20,VIIRS,n,2.0NRT,292.14,1.4,N,VIIRS_NOAA20_NRT
20.9659,85.16036,311.78,0.36,0.57,2026-10-07,1925,N20,VIIRS,n,2.0NRT,291.73,1.4,N,VIIRS_NOAA20_NRT
23.79751,86.35227,310.62,0.33,0.55,2026-10-07,1925,N20,VIIRS,n,2.0NRT,289.46,1.4,N,VIIRS_NOAA20_NRT
23.79784,86.34901,322.49,0.33,0.55,2026-10-07,1925,N20,VIIRS,n,2.0NRT,290.1,1.4,N,VIIRS_NOAA20_NRT
17.89226,75.02594,336.27,0.42,0.38,2026-10-07,818,N,VIIRS,n,2.0NRT,305.78,1.4,D,VIIRS_SNPP_NRT
21.14982,76.91602,330.36,0.39,0.36,2026-10-07,818,N,VIIRS,l,2.0NRT,305.04,1.4,D,VIIRS_SNPP_NRT
19.78767,79.06359,310.07,0.43,0.38,2026-10-07,2010,N21,VIIRS,n,2.0NRT,294.75,1.39,N,VIIRS_NOAA21_NRT
21.24875,79.21182,309.73,0.44,0.38,2026-10-07,2010,N21,VIIRS,n,2.0NRT,295.14,1.39,N,VIIRS_NOAA21_NRT
21.75614,83.84396,304.9,0.4,0.37,2026-10-07,2010,N21,VIIRS,n,2.0NRT,288.23,1.39,N,VIIRS_NOAA21_NRT
21.75884,83.84847,319.28,0.4,0.37,2026-10-07,2010,N21,VIIRS,n,2.0NRT,291.06,1.39,N,VIIRS_NOAA21_NRT
21.75949,83.84461,315.05,0.4,0.37,2026-10-07,2010,N21,VIIRS,n,2.0NRT,292.02,1.39,N,VIIRS_NOAA21_NRT
23.98878,79.39123,309.05,0.46,0.39,2026-10-07,2010,N21,VIIRS,n,2.0NRT,296.07,1.39,N,VIIRS_NOAA21_NRT
13.00716,79.96441,308.3,0.61,0.71,2026-10-07,2110,N20,VIIRS,n,2.0NRT,280.87,1.39,N,VIIRS_NOAA20_NRT
23.77582,86.36433,311.23,0.35,0.57,2026-10-07,2046,N,VIIRS,n,2.0NRT,289.06,1.39,N,VIIRS_SNPP_NRT
19.9957,79.17791,305.58,0.43,0.38,2026-10-07,2010,N21,VIIRS,n,2.0NRT,294.92,1.38,N,VIIRS_NOAA21_NRT
21.37672,81.64143,309.27,0.38,0.36,2026-10-07,2010,N21,VIIRS,n,2.0NRT,293.8,1.38,N,VIIRS_NOAA21_NRT
23.16555,82.33772,308.86,0.38,0.36,2026-10-07,2010,N21,VIIRS,n,2.0NRT,292.66,1.38,N,VIIRS_NOAA21_NRT
15.10979,76.80632,306.44,0.49,0.4,2026-10-07,2012,N21,VIIRS,n,2.0NRT,292.3,1.38,N,VIIRS_NOAA21_NRT
21.37653,81.63766,304.64,0.62,0.71,2026-10-07,1925,N20,VIIRS,n,2.0NRT,288.53,1.38,N,VIIRS_NOAA20_NRT
17.61105,83.19946,307.52,0.44,0.62,2026-10-07,1928,N20,VIIRS,n,2.0NRT,289.19,1.38,N,VIIRS_NOAA20_NRT
22.93274,69.70365,313.69,0.38,0.36,2026-10-07,2108,N20,VIIRS,n,2.0NRT,297.58,1.38,N,VIIRS_NOAA20_NRT
22.93332,69.69994,318.9,0.38,0.36,2026-10-07,2108,N20,VIIRS,n,2.0NRT,297.35,1.38,N,VIIRS_NOAA20_NRT
23.80497,86.33204,315.11,0.35,0.57,2026-10-07,2046,N,VIIRS,n,2.0NRT,289.6,1.38,N,VIIRS_SNPP_NRT
24.18427,82.66132,304.07,0.41,0.45,2026-10-07,2046,N,VIIRS,n,2.0NRT,290.93,1.38,N,VIIRS_SNPP_NRT
21.07461,85.04166,306.11,0.37,0.58,2026-10-07,1925,N20,VIIRS,n,2.0NRT,292.06,1.37,N,VIIRS_NOAA20_NRT
21.07995,85.04224,310.21,0.37,0.58,2026-10-07,1925,N20,VIIRS,n,2.0NRT,292.37,1.37,N,VIIRS_NOAA20_NRT
21.08032,85.03865,307.91,0.37,0.58,2026-10-07,1925,N20,VIIRS,n,2.0NRT,292.86,1.37,N,VIIRS_NOAA20_NRT
16.17209,75.64723,310.46,0.39,0.36,2026-10-07,2049,N,VIIRS,n,2.0NRT,294.39,1.37,N,VIIRS_SNPP_NRT
19.96318,79.33355,308.88,0.42,0.38,2026-10-07,2010,N21,VIIRS,n,2.0NRT,294.48,1.36,N,VIIRS_NOAA21_NRT
21.24698,79.22436,308.93,0.44,0.38,2026-10-07,2010,N21,VIIRS,n,2.0NRT,295.73,1.36,N,VIIRS_NOAA21_NRT
22.0347,83.36406,307.76,0.48,0.65,2026-10-07,1925,N20,VIIRS,n,2.0NRT,287.45,1.36,N,VIIRS_NOAA20_NRT
25.54087,91.23564,308.47,0.52,0.42,2026-10-07,1925,N20,VIIRS,n,2.0NRT,285.64,1.36,N,VIIRS_NOAA20_NRT
22.36332,82.30154,305.01,0.56,0.68,2026-10-07,2106,N20,VIIRS,n,2.0NRT,289.71,1.36,N,VIIRS_NOAA20_NRT
17.37036,77.44656,311.97,0.43,0.38,2026-10-07,2046,N,VIIRS,n,2.0NRT,296.25,1.36,N,VIIRS_SNPP_NRT
22.87431,86.06052,315.94,0.33,0.55,2026-10-07,1925,N20,VIIRS,n,2.0NRT,291.28,1.35,N,VIIRS_NOAA20_NRT
21.3797,81.67986,307.22,0.53,0.67,2026-10-07,2106,N20,VIIRS,n,2.0NRT,289.56,1.35,N,VIIRS_NOAA20_NRT
26.64351,79.48023,306.5,0.6,0.53,2026-10-07,2106,N20,VIIRS,n,2.0NRT,290.19,1.35,N,VIIRS_NOAA20_NRT
21.33751,78.96658,308.48,0.36,0.57,2026-10-07,2108,N20,VIIRS,n,2.0NRT,292.33,1.35,N,VIIRS_NOAA20_NRT
21.76311,83.84987,304.27,0.45,0.63,2026-10-07,1925,N20,VIIRS,n,2.0NRT,289.0,1.34,N,VIIRS_NOAA20_NRT
21.76349,83.84557,308.83,0.45,0.63,2026-10-07,1925,N20,VIIRS,n,2.0NRT,289.1,1.34,N,VIIRS_NOAA20_NRT
20.35755,72.94891,313.51,0.33,0.55,2026-10-07,2010,N21,VIIRS,n,2.0NRT,294.08,1.33,N,VIIRS_NOAA21_NRT
21.28476,79.13969,306.54,0.44,0.38,2026-10-07,2010,N21,VIIRS,n,2.0NRT,295.2,1.33,N,VIIRS_NOAA21_NRT
23.71846,86.44109,306.84,0.48,0.4,2026-10-07,2010,N21,VIIRS,n,2.0NRT,291.73,1.33,N,VIIRS_NOAA21_NRT
18.71706,79.53905,309.28,0.41,0.37,2026-10-07,2012,N21,VIIRS,n,2.0NRT,296.93,1.33,N,VIIRS_NOAA21_NRT
18.72044,79.5396,312.3,0.41,0.37,2026-10-07,2012,N21,VIIRS,n,2.0NRT,296.78,1.33,N,VIIRS_NOAA21_NRT
21.80292,82.03743,303.0,0.59,0.7,2026-10-07,1925,N20,VIIRS,n,2.0NRT,289.26,1.33,N,VIIRS_NOAA20_NRT
27.78417,77.6814,332.94,0.44,0.38,2026-10-07,820,N,VIIRS,n,2.0NRT,303.37,1.33,D,VIIRS_SNPP_NRT
21.82089,83.99659,309.9,0.41,0.37,2026-10-07,2010,N21,VIIRS,n,2.0NRT,292.74,1.32,N,VIIRS_NOAA21_NRT
13.00773,79.96428,307.93,0.61,0.71,2026-10-07,2110,N20,VIIRS,n,2.0NRT,281.28,1.32,N,VIIRS_NOAA20_NRT
23.67633,86.39556,305.85,0.35,0.57,2026-10-07,2046,N,VIIRS,n,2.0NRT,289.54,1.32,N,VIIRS_SNPP_NRT
23.67711,86.39213,309.26,0.35,0.57,2026-10-07,2046,N,VIIRS,n,2.0NRT,288.91,1.32,N,VIIRS_SNPP_NRT
23.65677,85.505,307.62,0.37,0.58,2026-10-07,1925,N20,VIIRS,n,2.0NRT,287.22,1.31,N,VIIRS_NOAA20_NRT
23.7807,86.20905,304.22,0.33,0.55,2026-10-07,1925,N20,VIIRS,n,2.0NRT,290.24,1.31,N,VIIRS_NOAA20_NRT
22.35825,77.22433,337.13,0.39,0.36,2026-10-07,818,N,VIIRS,n,2.0NRT,306.96,1.31,D,VIIRS_SNPP_NRT
17.58371,80.32094,304.32,0.39,0.44,2026-10-07,2046,N,VIIRS,n,2.0NRT,293.03,1.31,N,VIIRS_SNPP_NRT
23.79571,86.28487,305.67,0.47,0.4,2026-10-07,2010,N21,VIIRS,n,2.0NRT,291.32,1.3,N,VIIRS_NOAA21_NRT
31.90655,74.78204,330.04,0.39,0.36,2026-10-07,822,N,VIIRS,n,2.0NRT,299.11,1.3,D,VIIRS_SNPP_NRT
21.67476,82.07394,301.4,0.58,0.7,2026-10-07,1925,N20,VIIRS,n,2.0NRT,289.24,1.29,N,VIIRS_NOAA20_NRT
21.17123,76.14476,333.61,0.38,0.36,2026-10-07,818,N,VIIRS,l,2.0NRT,308.59,1.29,D,VIIRS_SNPP_NRT
20.89119,84.98139,303.25,0.33,0.55,2026-10-07,2049,N,VIIRS,n,2.0NRT,290.2,1.29,N,VIIRS_SNPP_NRT
21.23296,79.63059,310.09,0.48,0.4,2026-10-07,2049,N,VIIRS,n,2.0NRT,294.95,1.29,N,VIIRS_SNPP_NRT
23.54916,86.54212,302.72,0.49,0.4,2026-10-07,2010,N21,VIIRS,n,2.0NRT,291.38,1.28,N,VIIRS_NOAA21_NRT
26.64217,79.47661,308.29,0.48,0.4,2026-10-07,2010,N21,VIIRS,n,2.0NRT,292.47,1.28,N,VIIRS_NOAA21_NRT
20.96017,85.18773,308.96,0.34,0.56,2026-10-07,2049,N,VIIRS,n,2.0NRT,290.94,1.28,N,VIIRS_SNPP_NRT
20.96088,85.18448,312.38,0.34,0.56,2026-10-07,2049,N,VIIRS,n,2.0NRT,291.49,1.28,N,VIIRS_SNPP_NRT
20.96525,85.18903,317.99,0.34,0.56,2026-10-07,2049,N,VIIRS,n,2.0NRT,291.65,1.28,N,VIIRS_SNPP_NRT
20.96597,85.18574,313.39,0.34,0.56,2026-10-07,2049,N,VIIRS,n,2.0NRT,291.43,1.28,N,VIIRS_SNPP_NRT
23.16228,82.33713,311.61,0.38,0.36,2026-10-07,2010,N21,VIIRS,n,2.0NRT,291.85,1.27,N,VIIRS_NOAA21_NRT
23.75515,86.40543,311.51,0.48,0.4,2026-10-07,2010,N21,VIIRS,n,2.0NRT,291.3,1.27,N,VIIRS_NOAA21_NRT
24.14713,82.65209,301.65,0.57,0.69,2026-10-07,1925,N20,VIIRS,n,2.0NRT,287.2,1.27,N,VIIRS_NOAA20_NRT
19.93809,73.7108,311.5,0.41,0.37,2026-10-07,2046,N,VIIRS,n,2.0NRT,292.66,1.27,N,VIIRS_SNPP_NRT
21.1831,81.38208,308.92,0.39,0.44,2026-10-07,2049,N,VIIRS,n,2.0NRT,292.47,1.27,N,VIIRS_SNPP_NRT
21.62178,81.79369,305.33,0.38,0.36,2026-10-07,2010,N21,VIIRS,n,2.0NRT,292.86,1.26,N,VIIRS_NOAA21_NRT
21.75633,72.72121,314.44,0.35,0.57,2026-10-07,2010,N21,VIIRS,n,2.0NRT,295.42,1.26,N,VIIRS_NOAA21_NRT
23.71999,85.00822,308.86,0.42,0.38,2026-10-07,2010,N21,VIIRS,n,2.0NRT,289.93,1.26,N,VIIRS_NOAA21_NRT
15.65886,73.9894,316.26,0.44,0.46,2026-10-07,2108,N20,VIIRS,n,2.0NRT,294.23,1.26,N,VIIRS_NOAA20_NRT
23.68359,77.97292,330.52,0.42,0.37,2026-10-07,820,N,VIIRS,l,2.0NRT,305.11,1.25,D,VIIRS_SNPP_NRT
23.48397,87.36274,306.65,0.41,0.61,2026-10-07,2046,N,VIIRS,n,2.0NRT,288.87,1.25,N,VIIRS_SNPP_NRT
20.88547,84.98331,309.41,0.33,0.55,2026-10-07,2049,N,VIIRS,n,2.0NRT,290.85,1.25,N,VIIRS_SNPP_NRT
20.98228,85.13552,305.36,0.34,0.56,2026-10-07,2049,N,VIIRS,n,2.0NRT,291.1,1.25,N,VIIRS_SNPP_NRT
21.05055,72.84054,307.28,0.34,0.56,2026-10-07,2010,N21,VIIRS,n,2.0NRT,295.05,1.24,N,VIIRS_NOAA21_NRT
22.32376,82.60167,306.76,0.38,0.36,2026-10-07,2010,N21,VIIRS,n,2.0NRT,294.17,1.24,N,VIIRS_NOAA21_NRT
19.93494,73.71381,308.53,0.58,0.52,2026-10-07,2012,N21,VIIRS,n,2.0NRT,291.27,1.24,N,VIIRS_NOAA21_NRT
20.96627,85.16353,306.92,0.36,0.57,2026-10-07,1925,N20,VIIRS,n,2.0NRT,291.8,1.24,N,VIIRS_NOAA20_NRT
20.96664,85.16005,309.75,0.36,0.57,2026-10-07,1925,N20,VIIRS,n,2.0NRT,291.47,1.24,N,VIIRS_NOAA20_NRT
22.01622,83.75565,303.96,0.53,0.5,2026-10-07,2046,N,VIIRS,n,2.0NRT,289.82,1.24,N,VIIRS_SNPP_NRT
20.76139,85.29837,318.06,0.35,0.57,2026-10-07,2049,N,VIIRS,n,2.0NRT,293.17,1.24,N,VIIRS_SNPP_NRT
20.76208,85.2952,309.04,0.35,0.57,2026-10-07,2049,N,VIIRS,n,2.0NRT,292.46,1.24,N,VIIRS_SNPP_NRT
22.31916,82.56664,306.4,0.38,0.36,2026-10-07,2010,N21,VIIRS,n,2.0NRT,294.51,1.23,N,VIIRS_NOAA21_NRT
22.31975,82.56294,309.88,0.38,0.36,2026-10-07,2010,N21,VIIRS,n,2.0NRT,295.28,1.23,N,VIIRS_NOAA21_NRT
23.66486,84.99671,306.74,0.4,0.6,2026-10-07,1925,N20,VIIRS,n,2.0NRT,286.53,1.23,N,VIIRS_NOAA20_NRT
22.00663,82.67117,309.58,0.45,0.47,2026-10-07,2046,N,VIIRS,n,2.0NRT,292.15,1.23,N,VIIRS_SNPP_NRT
23.55721,87.23981,301.95,0.4,0.6,2026-10-07,2046,N,VIIRS,n,2.0NRT,287.87,1.23,N,VIIRS_SNPP_NRT
11.18307,79.09898,305.53,0.41,0.45,2026-10-07,2049,N,VIIRS,n,2.0NRT,284.43,1.23,N,VIIRS_SNPP_NRT
22.37662,70.85825,308.05,0.39,0.44,2026-10-07,2049,N,VIIRS,n,2.0NRT,296.13,1.23,N,VIIRS_SNPP_NRT
21.19323,81.39468,312.86,0.39,0.36,2026-10-07,2010,N21,VIIRS,n,2.0NRT,293.39,1.22,N,VIIRS_NOAA21_NRT
21.19379,81.39099,308.79,0.39,0.36,2026-10-07,2010,N21,VIIRS,n,2.0NRT,294.43,1.22,N,VIIRS_NOAA21_NRT
21.75861,83.81753,305.86,0.4,0.37,2026-10-07,2010,N21,VIIRS,n,2.0NRT,291.48,1.22,N,VIIRS_NOAA21_NRT
21.92581,83.33768,308.9,0.39,0.36,2026-10-07,2010,N21,VIIRS,n,2.0NRT,293.37,1.22,N,VIIRS_NOAA21_NRT
26.64353,79.47597,302.39,0.6,0.53,2026-10-07,2106,N20,VIIRS,n,2.0NRT,289.99,1.22,N,VIIRS_NOAA20_NRT
31.69488,74.51545,330.34,0.39,0.36,2026-10-07,822,N,VIIRS,n,2.0NRT,298.43,1.22,D,VIIRS_SNPP_NRT
23.73399,86.43256,307.28,0.36,0.57,2026-10-07,2046,N,VIIRS,n,2.0NRT,289.05,1.22,N,VIIRS_SNPP_NRT
21.3003,81.60592,310.37,0.39,0.36,2026-10-07,2010,N21,VIIRS,n,2.0NRT,293.26,1.21,N,VIIRS_NOAA21_NRT
24.16272,82.63166,305.33,0.38,0.36,2026-10-07,2010,N21,VIIRS,n,2.0NRT,292.38,1.21,N,VIIRS_NOAA21_NRT
24.32588,81.32622,307.28,0.4,0.37,2026-10-07,2010,N21,VIIRS,n,2.0NRT,293.6,1.21,N,VIIRS_NOAA21_NRT
22.78961,86.19702,305.71,0.32,0.55,2026-10-07,1925,N20,VIIRS,n,2.0NRT,291.72,1.21,N,VIIRS_NOAA20_NRT
9.44249,78.83789,334.59,0.38,0.36,2026-10-07,816,N,VIIRS,n,2.0NRT,301.67,1.21,D,VIIRS_SNPP_NRT
22.31295,82.53018,309.52,0.44,0.46,2026-10-07,2046,N,VIIRS,n,2.0NRT,291.78,1.21,N,VIIRS_SNPP_NRT
23.77814,86.21023,321.34,0.34,0.56,2026-10-07,2046,N,VIIRS,n,2.0NRT,288.72,1.21,N,VIIRS_SNPP_NRT
23.78327,86.21151,301.9,0.34,0.56,2026-10-07,2046,N,VIIRS,n,2.0NRT,288.07,1.21,N,VIIRS_SNPP_NRT
15.17796,77.10145,304.78,0.43,0.38,2026-10-07,2049,N,VIIRS,n,2.0NRT,292.91,1.21,N,VIIRS_SNPP_NRT
21.1929,81.39896,304.22,0.39,0.44,2026-10-07,2049,N,VIIRS,n,2.0NRT,292.26,1.21,N,VIIRS_SNPP_NRT
28.85109,77.14895,309.73,0.45,0.47,2026-10-07,2008,N21,VIIRS,n,2.0NRT,292.49,1.2,N,VIIRS_NOAA21_NRT
28.85322,77.14647,305.92,0.45,0.47,2026-10-07,2008,N21,VIIRS,n,2.0NRT,292.55,1.2,N,VIIRS_NOAA21_NRT
19.8012,78.86388,307.63,0.44,0.38,2026-10-07,2010,N21,VIIRS,n,2.0NRT,293.76,1.2,N,VIIRS_NOAA21_NRT
9.24278,78.72741,330.34,0.39,0.36,2026-10-07,816,N,VIIRS,n,2.0NRT,298.92,1.2,D,VIIRS_SNPP_NRT
21.92643,85.21989,308.83,0.37,0.58,2026-10-07,1925,N20,VIIRS,n,2.0NRT,288.92,1.19,N,VIIRS_NOAA20_NRT
21.93175,85.22065,302.5,0.37,0.58,2026-10-07,1925,N20,VIIRS,n,2.0NRT,289.61,1.19,N,VIIRS_NOAA20_NRT
21.93375,85.21822,302.33,0.37,0.58,2026-10-07,1925,N20,VIIRS,n,2.0NRT,289.08,1.19,N,VIIRS_NOAA20_NRT
17.60529,83.19878,306.46,0.44,0.62,2026-10-07,1928,N20,VIIRS,n,2.0NRT,290.35,1.19,N,VIIRS_NOAA20_NRT
17.61062,83.20367,305.25,0.44,0.62,2026-10-07,1928,N20,VIIRS,n,2.0NRT,289.68,1.19,N,VIIRS_NOAA20_NRT
23.66743,86.09102,302.51,0.34,0.56,2026-10-07,2046,N,VIIRS,n,2.0NRT,286.03,1.19,N,VIIRS_SNPP_NRT
18.93614,77.8455,330.72,0.39,0.44,2026-10-07,739,N21,VIIRS,l,2.0NRT,305.37,1.18,D,VIIRS_NOAA21_NRT
21.74609,83.97488,303.36,0.44,0.62,2026-10-07,1925,N20,VIIRS,n,2.0NRT,288.33,1.18,N,VIIRS_NOAA20_NRT
15.33804,76.2802,305.05,0.63,0.54,2026-10-07,2108,N20,VIIRS,n,2.0NRT,284.09,1.18,N,VIIRS_NOAA20_NRT
21.7467,83.97515,305.05,0.55,0.51,2026-10-07,2046,N,VIIRS,n,2.0NRT,288.92,1.18,N,VIIRS_SNPP_NRT
21.75137,83.9762,304.08,0.55,0.51,2026-10-07,2046,N,VIIRS,n,2.0NRT,289.12,1.18,N,VIIRS_SNPP_NRT
21.57607,82.0232,312.31,0.38,0.36,2026-10-07,2010,N21,VIIRS,n,2.0NRT,295.52,1.17,N,VIIRS_NOAA21_NRT
20.96408,85.18446,310.48,0.36,0.57,2026-10-07,1925,N20,VIIRS,n,2.0NRT,291.95,1.17,N,VIIRS_NOAA20_NRT
20.96444,85.18102,305.06,0.36,0.57,2026-10-07,1925,N20,VIIRS,n,2.0NRT,292.06,1.17,N,VIIRS_NOAA20_NRT
21.92808,85.22088,311.03,0.37,0.58,2026-10-07,1925,N20,VIIRS,n,2.0NRT,289.04,1.17,N,VIIRS_NOAA20_NRT
21.93208,85.21719,301.98,0.37,0.58,2026-10-07,1925,N20,VIIRS,n,2.0NRT,288.86,1.17,N,VIIRS_NOAA20_NRT
21.93339,85.22166,301.12,0.37,0.58,2026-10-07,1925,N20,VIIRS,n,2.0NRT,289.45,1.17,N,VIIRS_NOAA20_NRT
21.21273,76.04302,335.19,0.38,0.36,2026-10-07,818,N,VIIRS,n,2.0NRT,304.59,1.16,D,VIIRS_SNPP_NRT
15.17446,77.10081,312.0,0.43,0.38,2026-10-07,2049,N,VIIRS,n,2.0NRT,293.02,1.16,N,VIIRS_SNPP_NRT
21.1088,72.64815,308.84,0.35,0.57,2026-10-07,2010,N21,VIIRS,n,2.0NRT,296.7,1.15,N,VIIRS_NOAA21_NRT
21.10913,72.64478,308.28,0.35,0.57,2026-10-07,2010,N21,VIIRS,n,2.0NRT,295.68,1.15,N,VIIRS_NOAA21_NRT
22.03057,83.3644,307.96,0.39,0.36,2026-10-07,2010,N21,VIIRS,n,2.0NRT,292.92,1.15,N,VIIRS_NOAA21_NRT
22.03715,83.72726,306.08,0.52,0.5,2026-10-07,2046,N,VIIRS,n,2.0NRT,289.35,1.15,N,VIIRS_SNPP_NRT
24.05283,80.61255,304.27,0.49,0.4,2026-10-07,2046,N,VIIRS,n,2.0NRT,293.77,1.15,N,VIIRS_SNPP_NRT
15.11614,76.80504,306.04,0.42,0.38,2026-10-07,2049,N,VIIRS,n,2.0NRT,292.98,1.15,N,VIIRS_SNPP_NRT
20.86337,84.9977,317.45,0.33,0.55,2026-10-07,2049,N,VIIRS,n,2.0NRT,290.19,1.15,N,VIIRS_SNPP_NRT
22.00278,82.66927,312.29,0.39,0.36,2026-10-07,2010,N21,VIIRS,n,2.0NRT,294.65,1.14,N,VIIRS_NOAA21_NRT
22.00607,82.66988,308.32,0.39,0.36,2026-10-07,2010,N21,VIIRS,n,2.0NRT,293.74,1.14,N,VIIRS_NOAA21_NRT
23.7563,85.85074,305.18,0.45,0.39,2026-10-07,2010,N21,VIIRS,n,2.0NRT,290.68,1.14,N,VIIRS_NOAA21_NRT
12.86698,79.89153,311.54,0.38,0.36,2026-10-07,2014,N21,VIIRS,n,2.0NRT,289.72,1.14,N,VIIRS_NOAA21_NRT
15.5521,78.10559,331.12,0.38,0.36,2026-10-07,816,N,VIIRS,l,2.0NRT,303.9,1.14,D,VIIRS_SNPP_NRT
16.34066,75.9166,333.95,0.4,0.37,2026-10-07,818,N,VIIRS,l,2.0NRT,307.54,1.14,D,VIIRS_SNPP_NRT
20.88824,84.98042,304.17,0.33,0.55,2026-10-07,2049,N,VIIRS,n,2.0NRT,290.55,1.14,N,VIIRS_SNPP_NRT
21.67344,82.07919,308.15,0.42,0.45,2026-10-07,2049,N,VIIRS,n,2.0NRT,292.67,1.14,N,VIIRS_SNPP_NRT
23.84252,84.94541,302.66,0.4,0.6,2026-10-07,1925,N20,VIIRS,n,2.0NRT,286.65,1.13,N,VIIRS_NOAA20_NRT
23.05675,69.99344,310.53,0.38,0.36,2026-10-07,2108,N20,VIIRS,n,2.0NRT,297.17,1.13,N,VIIRS_NOAA20_NRT
18.93803,77.90111,330.77,0.38,0.44,2026-10-07,739,N21,VIIRS,l,2.0NRT,304.79,1.12,D,VIIRS_NOAA21_NRT
21.87601,83.49578,306.75,0.4,0.37,2026-10-07,2010,N21,VIIRS,n,2.0NRT,291.59,1.12,N,VIIRS_NOAA21_NRT
20.80773,85.25597,316.04,0.35,0.57,2026-10-07,1925,N20,VIIRS,n,2.0NRT,292.37,1.12,N,VIIRS_NOAA20_NRT
20.80808,85.25259,302.95,0.35,0.57,2026-10-07,1925,N20,VIIRS,n,2.0NRT,291.3,1.12,N,VIIRS_NOAA20_NRT
26.92759,73.468,309.0,0.43,0.38,2026-10-07,2106,N20,VIIRS,n,2.0NRT,295.82,1.12,N,VIIRS_NOAA20_NRT
15.6599,73.98877,306.15,0.49,0.48,2026-10-07,2012,N21,VIIRS,n,2.0NRT,294.17,1.11,N,VIIRS_NOAA21_NRT
23.78075,86.39089,302.28,0.35,0.57,2026-10-07,2046,N,VIIRS,n,2.0NRT,289.12,1.11,N,VIIRS_SNPP_NRT
23.79038,85.55439,298.82,0.63,0.54,2026-10-07,2046,N,VIIRS,n,2.0NRT,284.86,1.11,N,VIIRS_SNPP_NRT
22.94636,69.15843,306.85,0.5,0.49,2026-10-07,2049,N,VIIRS,n,2.0NRT,295.58,1.11,N,VIIRS_SNPP_NRT
21.37436,81.67873,309.32,0.38,0.36,2026-10-07,2010,N21,VIIRS,n,2.0NRT,294.53,1.1,N,VIIRS_NOAA21_NRT
21.37708,81.68298,305.46,0.38,0.36,2026-10-07,2010,N21,VIIRS,n,2.0NRT,293.24,1.1,N,VIIRS_NOAA21_NRT
17.06154,76.98089,305.76,0.5,0.41,2026-10-07,2012,N21,VIIRS,n,2.0NRT,294.86,1.1,N,VIIRS_NOAA21_NRT
20.86634,70.56554,309.22,0.4,0.37,2026-10-07,2108,N20,VIIRS,n,2.0NRT,295.95,1.1,N,VIIRS_NOAA20_NRT
15.33235,76.28502,312.65,0.41,0.37,2026-10-07,2049,N,VIIRS,n,2.0NRT,291.54,1.1,N,VIIRS_SNPP_NRT
21.67266,82.08324,309.65,0.42,0.45,2026-10-07,2049,N,VIIRS,n,2.0NRT,292.98,1.1,N,VIIRS_SNPP_NRT
21.80164,82.03977,309.98,0.38,0.36,2026-10-07,2010,N21,VIIRS,n,2.0NRT,293.96,1.09,N,VIIRS_NOAA21_NRT
23.13548,72.03136,308.34,0.41,0.6,2026-10-07,2010,N21,VIIRS,n,2.0NRT,295.04,1.09,N,VIIRS_NOAA21_NRT
22.36238,82.30267,307.28,0.42,0.45,2026-10-07,2046,N,VIIRS,n,2.0NRT,292.42,1.09,N,VIIRS_SNPP_NRT
15.01264,76.90128,306.46,0.43,0.38,2026-10-07,2049,N,VIIRS,n,2.0NRT,292.18,1.09,N,VIIRS_SNPP_NRT
21.37695,81.68172,308.06,0.41,0.45,2026-10-07,2049,N,VIIRS,n,2.0NRT,292.22,1.09,N,VIIRS_SNPP_NRT
24.18163,82.66208,307.9,0.38,0.36,2026-10-07,2010,N21,VIIRS,n,2.0NRT,293.32,1.08,N,VIIRS_NOAA21_NRT
19.1033,82.16935,310.53,0.39,0.36,2026-10-07,2012,N21,VIIRS,n,2.0NRT,295.06,1.08,N,VIIRS_NOAA21_NRT
19.10388,82.16571,313.82,0.39,0.36,2026-10-07,2012,N21,VIIRS,n,2.0NRT,293.75,1.08,N,VIIRS_NOAA21_NRT
21.08414,85.03478,306.97,0.37,0.58,2026-10-07,1925,N20,VIIRS,n,2.0NRT,291.99,1.08,N,VIIRS_NOAA20_NRT
23.98944,79.39201,307.94,0.43,0.38,2026-10-07,2046,N,VIIRS,n,2.0NRT,295.4,1.08,N,VIIRS_SNPP_NRT
19.45227,78.53709,304.52,0.45,0.39,2026-10-07,2012,N21,VIIRS,n,2.0NRT,291.62,1.07,N,VIIRS_NOAA21_NRT
21.49076,81.76368,303.08,0.61,0.71,2026-10-07,1925,N20,VIIRS,n,2.0NRT,288.42,1.07,N,VIIRS_NOAA20_NRT
23.67046,86.08917,303.9,0.34,0.56,2026-10-07,1925,N20,VIIRS,n,2.0NRT,289.1,1.07,N,VIIRS_NOAA20_NRT
22.10662,83.12697,303.12,0.48,0.48,2026-10-07,2046,N,VIIRS,n,2.0NRT,290.34,1.07,N,VIIRS_SNPP_NRT
24.14335,82.71269,303.95,0.38,0.36,2026-10-07,2010,N21,VIIRS,n,2.0NRT,291.95,1.06,N,VIIRS_NOAA21_NRT
23.67072,84.99344,304.01,0.4,0.6,2026-10-07,1925,N20,VIIRS,n,2.0NRT,288.13,1.06,N,VIIRS_NOAA20_NRT
24.19731,82.71392,303.57,0.42,0.45,2026-10-07,2046,N,VIIRS,n,2.0NRT,290.49,1.06,N,VIIRS_SNPP_NRT
15.17366,77.10257,305.32,0.47,0.4,2026-10-07,2012,N21,VIIRS,n,2.0NRT,292.17,1.05,N,VIIRS_NOAA21_NRT
15.17729,77.10309,307.59,0.47,0.4,2026-10-07,2012,N21,VIIRS,n,2.0NRT,292.52,1.05,N,VIIRS_NOAA21_NRT
21.82005,83.99831,303.99,0.55,0.51,2026-10-07,2046,N,VIIRS,n,2.0NRT,289.37,1.05,N,VIIRS_SNPP_NRT
15.1865,76.67208,305.33,0.42,0.38,2026-10-07,2049,N,VIIRS,n,2.0NRT,289.24,1.05,N,VIIRS_SNPP_NRT
20.96154,86.00729,313.8,0.38,0.59,2026-10-07,2049,N,VIIRS,n,2.0NRT,291.32,1.05,N,VIIRS_SNPP_NRT
22.02348,83.75875,305.36,0.4,0.37,2026-10-07,2010,N21,VIIRS,n,2.0NRT,291.86,1.04,N,VIIRS_NOAA21_NRT
24.01038,80.53046,306.15,0.41,0.37,2026-10-07,2010,N21,VIIRS,n,2.0NRT,294.98,1.04,N,VIIRS_NOAA21_NRT
23.6354,86.29305,301.98,0.33,0.55,2026-10-07,1925,N20,VIIRS,n,2.0NRT,288.88,1.04,N,VIIRS_NOAA20_NRT
26.64771,72.16384,336.47,0.43,0.38,2026-10-07,820,N,VIIRS,l,2.0NRT,311.25,1.04,D,VIIRS_SNPP_NRT
23.72552,85.00384,304.08,0.4,0.6,2026-10-07,1925,N20,VIIRS,n,2.0NRT,287.25,1.03,N,VIIRS_NOAA20_NRT
23.77944,86.37249,304.08,0.35,0.57,2026-10-07,2046,N,VIIRS,n,2.0NRT,288.76,1.03,N,VIIRS_SNPP_NRT
15.18028,76.66696,304.63,0.42,0.38,2026-10-07,2049,N,VIIRS,n,2.0NRT,289.12,1.03,N,VIIRS_SNPP_NRT
15.18372,76.66758,309.65,0.42,0.38,2026-10-07,2049,N,VIIRS,n,2.0NRT,289.11,1.03,N,VIIRS_SNPP_NRT
15.33795,76.25114,316.57,0.41,0.37,2026-10-07,2049,N,VIIRS,n,2.0NRT,291.19,1.03,N,VIIRS_SNPP_NRT
22.03634,83.34995,304.27,0.39,0.36,2026-10-07,2010,N21,VIIRS,n,2.0NRT,292.24,1.02,N,VIIRS_NOAA21_NRT
22.03965,83.35056,311.17,0.39,0.36,2026-10-07,2010,N21,VIIRS,n,2.0NRT,292.75,1.02,N,VIIRS_NOAA21_NRT
22.79934,86.08739,303.07,0.33,0.55,2026-10-07,1925,N20,VIIRS,n,2.0NRT,290.09,1.02,N,VIIRS_NOAA20_NRT
22.80444,86.08802,308.71,0.33,0.55,2026-10-07,1925,N20,VIIRS,n,2.0NRT,291.06,1.02,N,VIIRS_NOAA20_NRT
21.38777,81.64784,306.01,0.4,0.44,2026-10-07,2049,N,VIIRS,n,2.0NRT,292.18,1.02,N,VIIRS_SNPP_NRT
25.53931,91.23529,296.21,0.56,0.52,2026-10-07,2008,N21,VIIRS,n,2.0NRT,285.01,1.01,N,VIIRS_NOAA21_NRT
25.54391,91.23656,300.21,0.56,0.52,2026-10-07,2008,N21,VIIRS,n,2.0NRT,285.22,1.01,N,VIIRS_NOAA21_NRT
28.34717,77.25625,310.17,0.44,0.46,2026-10-07,2008,N21,VIIRS,n,2.0NRT,293.53,1.01,N,VIIRS_NOAA21_NRT
24.01101,80.52921,305.44,0.41,0.37,2026-10-07,2010,N21,VIIRS,n,2.0NRT,294.75,1.01,N,VIIRS_NOAA21_NRT
12.20323,79.93417,305.46,0.38,0.36,2026-10-07,2014,N21,VIIRS,n,2.0NRT,290.0,1.01,N,VIIRS_NOAA21_NRT
19.1045,82.16252,303.39,0.54,0.68,2026-10-07,1925,N20,VIIRS,n,2.0NRT,289.81,1.01,N,VIIRS_NOAA20_NRT
21.87644,83.49376,303.03,0.51,0.49,2026-10-07,2046,N,VIIRS,n,2.0NRT,290.0,1.01,N,VIIRS_SNPP_NRT
20.8029,85.25648,305.72,0.34,0.56,2026-10-07,2049,N,VIIRS,n,2.0NRT,291.2,1.01,N,VIIRS_SNPP_NRT
20.96649,85.15207,310.81,0.34,0.56,2026-10-07,2049,N,VIIRS,n,2.0NRT,290.71,1.01,N,VIIRS_SNPP_NRT
20.97156,85.1534,314.63,0.34,0.56,2026-10-07,2049,N,VIIRS,n,2.0NRT,290.98,1.01,N,VIIRS_SNPP_NRT
23.16911,82.33777,300.4,0.58,0.7,2026-10-07,1925,N20,VIIRS,n,2.0NRT,288.04,1.0,N,VIIRS_NOAA20_NRT
23.67625,86.08311,303.0,0.34,0.56,2026-10-07,1925,N20,VIIRS,n,2.0NRT,289.46,1.0,N,VIIRS_NOAA20_NRT
24.4515,83.03529,301.05,0.54,0.68,2026-10-07,1925,N20,VIIRS,n,2.0NRT,287.81,1.0,N,VIIRS_NOAA20_NRT
21.93821,81.97973,300.81,0.54,0.68,2026-10-07,2106,N20,VIIRS,n,2.0NRT,288.66,1.0,N,VIIRS_NOAA20_NRT
24.17338,82.61621,300.63,0.53,0.67,2026-10-07,2106,N20,VIIRS,n,2.0NRT,287.19,1.0,N,VIIRS_NOAA20_NRT
22.9097,69.69942,312.55,0.38,0.36,2026-10-07,2108,N20,VIIRS,n,2.0NRT,297.1,1.0,N,VIIRS_NOAA20_NRT
23.16452,82.34415,306.86,0.41,0.45,2026-10-07,2046,N,VIIRS,n,2.0NRT,290.7,1.0,N,VIIRS_SNPP_NRT
22.78921,86.21173,306.92,0.49,0.4,2026-10-07,2010,N21,VIIRS,n,2.0NRT,292.47,0.98,N,VIIRS_NOAA21_NRT
23.68092,86.39735,305.43,0.48,0.4,2026-10-07,2010,N21,VIIRS,n,2.0NRT,291.64,0.98,N,VIIRS_NOAA21_NRT
23.68175,86.39272,305.03,0.48,0.4,2026-10-07,2010,N21,VIIRS,n,2.0NRT,292.42,0.98,N,VIIRS_NOAA21_NRT
23.68538,86.39348,305.59,0.48,0.4,2026-10-07,2010,N21,VIIRS,n,2.0NRT,291.22,0.98,N,VIIRS_NOAA21_NRT
27.22145,95.34562,309.85,0.39,0.36,2026-10-07,1923,N20,VIIRS,n,2.0NRT,292.4,0.98,N,VIIRS_NOAA20_NRT
28.65623,77.58994,303.13,0.42,0.45,2026-10-07,2104,N20,VIIRS,n,2.0NRT,291.82,0.98,N,VIIRS_NOAA20_NRT
9.98005,76.37558,298.95,0.4,0.6,2026-10-07,2110,N20,VIIRS,n,2.0NRT,281.97,0.98,N,VIIRS_NOAA20_NRT
27.22318,95.34467,310.73,0.51,0.49,2026-10-07,1904,N,VIIRS,n,2.0NRT,290.8,0.98,N,VIIRS_SNPP_NRT
22.06531,83.70389,303.57,0.52,0.5,2026-10-07,2046,N,VIIRS,n,2.0NRT,289.22,0.98,N,VIIRS_SNPP_NRT
28.66371,77.57009,315.03,0.38,0.36,2026-10-07,2046,N,VIIRS,n,2.0NRT,293.35,0.98,N,VIIRS_SNPP_NRT
28.74508,76.92702,310.1,0.39,0.44,2026-10-07,2104,N20,VIIRS,n,2.0NRT,292.73,0.97,N,VIIRS_NOAA20_NRT
17.36945,77.44522,303.57,0.34,0.56,2026-10-07,2108,N20,VIIRS,n,2.0NRT,293.09,0.97,N,VIIRS_NOAA20_NRT
21.30914,81.59237,311.8,0.39,0.36,2026-10-07,2010,N21,VIIRS,n,2.0NRT,294.47,0.96,N,VIIRS_NOAA21_NRT
21.87665,83.55463,305.37,0.4,0.37,2026-10-07,2010,N21,VIIRS,n,2.0NRT,291.42,0.96,N,VIIRS_NOAA21_NRT
21.8779,83.54703,307.52,0.4,0.37,2026-10-07,2010,N21,VIIRS,n,2.0NRT,291.91,0.96,N,VIIRS_NOAA21_NRT
24.05129,80.61435,306.31,0.41,0.37,2026-10-07,2010,N21,VIIRS,n,2.0NRT,294.66,0.96,N,VIIRS_NOAA21_NRT
15.91475,77.36205,305.68,0.47,0.4,2026-10-07,2012,N21,VIIRS,n,2.0NRT,294.42,0.96,N,VIIRS_NOAA21_NRT
15.17501,77.10006,310.59,0.36,0.57,2026-10-07,2108,N20,VIIRS,n,2.0NRT,290.87,0.96,N,VIIRS_NOAA20_NRT
15.18019,77.10122,306.11,0.36,0.57,2026-10-07,2108,N20,VIIRS,n,2.0NRT,290.82,0.96,N,VIIRS_NOAA20_NRT
21.90106,83.98292,306.24,0.41,0.37,2026-10-07,2010,N21,VIIRS,n,2.0NRT,291.5,0.95,N,VIIRS_NOAA21_NRT
23.71461,86.42094,303.33,0.48,0.4,2026-10-07,2010,N21,VIIRS,n,2.0NRT,291.57,0.95,N,VIIRS_NOAA21_NRT
22.26491,73.51752,333.96,0.43,0.38,2026-10-07,820,N,VIIRS,l,2.0NRT,308.8,0.95,D,VIIRS_SNPP_NRT
19.80153,78.86562,307.71,0.46,0.39,2026-10-07,2046,N,VIIRS,n,2.0NRT,294.41,0.95,N,VIIRS_SNPP_NRT
23.66689,86.09247,303.89,0.47,0.4,2026-10-07,2010,N21,VIIRS,n,2.0NRT,290.63,0.94,N,VIIRS_NOAA21_NRT
26.60268,73.6833,307.04,0.35,0.57,2026-10-07,2010,N21,VIIRS,n,2.0NRT,295.92,0.94,N,VIIRS_NOAA21_NRT
17.1401,77.17514,305.93,0.33,0.55,2026-10-07,2108,N20,VIIRS,n,2.0NRT,294.27,0.94,N,VIIRS_NOAA20_NRT
22.37505,70.85835,307.09,0.39,0.36,2026-10-07,2108,N20,VIIRS,n,2.0NRT,296.82,0.94,N,VIIRS_NOAA20_NRT
21.38931,81.64741,308.23,0.38,0.36,2026-10-07,2010,N21,VIIRS,n,2.0NRT,293.9,0.93,N,VIIRS_NOAA21_NRT
21.81752,83.99593,306.15,0.41,0.37,2026-10-07,2010,N21,VIIRS,n,2.0NRT,292.33,0.93,N,VIIRS_NOAA21_NRT
23.70858,86.44792,304.21,0.36,0.57,2026-10-07,2046,N,VIIRS,n,2.0NRT,288.76,0.93,N,VIIRS_SNPP_NRT
28.79723,77.07137,307.0,0.39,0.36,2026-10-07,2046,N,VIIRS,n,2.0NRT,295.13,0.93,N,VIIRS_SNPP_NRT
15.1742,76.78612,306.64,0.42,0.38,2026-10-07,2049,N,VIIRS,n,2.0NRT,292.22,0.93,N,VIIRS_SNPP_NRT
21.34591,81.66682,304.85,0.4,0.45,2026-10-07,2049,N,VIIRS,n,2.0NRT,291.99,0.93,N,VIIRS_SNPP_NRT
16.17411,75.64647,305.4,0.39,0.44,2026-10-07,2012,N21,VIIRS,n,2.0NRT,293.83,0.92,N,VIIRS_NOAA21_NRT
27.95825,77.58655,332.76,0.44,0.38,2026-10-07,820,N,VIIRS,l,2.0NRT,304.78,0.92,D,VIIRS_SNPP_NRT
20.95322,85.01369,304.04,0.33,0.55,2026-10-07,2049,N,VIIRS,n,2.0NRT,290.54,0.92,N,VIIRS_SNPP_NRT
21.36475,81.67897,304.45,0.41,0.45,2026-10-07,2049,N,VIIRS,n,2.0NRT,292.27,0.92,N,VIIRS_SNPP_NRT
24.94607,72.94631,305.8,0.43,0.38,2026-10-07,2106,N20,VIIRS,n,2.0NRT,294.49,0.91,N,VIIRS_NOAA20_NRT
19.80279,78.86394,306.82,0.46,0.39,2026-10-07,2046,N,VIIRS,n,2.0NRT,294.1,0.91,N,VIIRS_SNPP_NRT
28.74277,76.92857,305.19,0.47,0.47,2026-10-07,2008,N21,VIIRS,n,2.0NRT,292.96,0.9,N,VIIRS_NOAA21_NRT
15.07076,76.86384,303.7,0.35,0.57,2026-10-07,2108,N20,VIIRS,n,2.0NRT,284.32,0.9,N,VIIRS_NOAA20_NRT
23.55902,87.23205,304.01,0.4,0.6,2026-10-07,2046,N,VIIRS,n,2.0NRT,288.48,0.9,N,VIIRS_SNPP_NRT
31.3292,76.89415,299.42,0.52,0.42,2026-10-07,2104,N20,VIIRS,n,2.0NRT,289.24,0.89,N,VIIRS_NOAA20_NRT
24.20095,82.71339,300.55,0.54,0.68,2026-10-07,2106,N20,VIIRS,n,2.0NRT,288.26,0.89,N,VIIRS_NOAA20_NRT
15.33917,76.27444,299.29,0.63,0.54,2026-10-07,2108,N20,VIIRS,n,2.0NRT,284.09,0.89,N,VIIRS_NOAA20_NRT
25.54118,91.23868,297.64,0.44,0.62,2026-10-07,1906,N,VIIRS,n,2.0NRT,284.03,0.89,N,VIIRS_SNPP_NRT
25.54153,91.23428,307.22,0.44,0.62,2026-10-07,1906,N,VIIRS,n,2.0NRT,284.34,0.89,N,VIIRS_SNPP_NRT
23.16863,82.34501,313.67,0.41,0.45,2026-10-07,2046,N,VIIRS,n,2.0NRT,291.77,0.89,N,VIIRS_SNPP_NRT
23.76649,86.40546,310.09,0.35,0.57,2026-10-07,2046,N,VIIRS,n,2.0NRT,288.67,0.89,N,VIIRS_SNPP_NRT
23.76725,86.40208,306.89,0.35,0.57,2026-10-07,2046,N,VIIRS,n,2.0NRT,288.62,0.89,N,VIIRS_SNPP_NRT
24.76131,74.60906,305.19,0.42,0.37,2026-10-07,2046,N,VIIRS,n,2.0NRT,294.95,0.89,N,VIIRS_SNPP_NRT
24.76476,74.60965,313.91,0.42,0.37,2026-10-07,2046,N,VIIRS,n,2.0NRT,298.16,0.89,N,VIIRS_SNPP_NRT
21.18776,81.38617,308.14,0.39,0.36,2026-10-07,2010,N21,VIIRS,n,2.0NRT,294.07,0.88,N,VIIRS_NOAA21_NRT
21.37177,81.44839,309.45,0.39,0.36,2026-10-07,2010,N21,VIIRS,n,2.0NRT,293.85,0.88,N,VIIRS_NOAA21_NRT
24.68932,72.99982,305.2,0.43,0.38,2026-10-07,2106,N20,VIIRS,n,2.0NRT,294.8,0.88,N,VIIRS_NOAA20_NRT
15.91584,77.36227,305.85,0.36,0.57,2026-10-07,2108,N20,VIIRS,n,2.0NRT,292.33,0.88,N,VIIRS_NOAA20_NRT
21.18378,81.38131,307.23,0.39,0.44,2026-10-07,2049,N,VIIRS,n,2.0NRT,292.34,0.88,N,VIIRS_SNPP_NRT
11.81424,77.91603,303.88,0.41,0.37,2026-10-07,2014,N21,VIIRS,n,2.0NRT,281.98,0.87,N,VIIRS_NOAA21_NRT
11.81763,77.91655,307.62,0.41,0.37,2026-10-07,2014,N21,VIIRS,n,2.0NRT,280.86,0.87,N,VIIRS_NOAA21_NRT
20.97612,85.1717,305.97,0.36,0.57,2026-10-07,1925,N20,VIIRS,n,2.0NRT,292.13,0.87,N,VIIRS_NOAA20_NRT
20.97649,85.16817,307.02,0.36,0.57,2026-10-07,1925,N20,VIIRS,n,2.0NRT,291.73,0.87,N,VIIRS_NOAA20_NRT
26.63069,79.52911,307.35,0.41,0.37,2026-10-07,2046,N,VIIRS,n,2.0NRT,292.93,0.87,N,VIIRS_SNPP_NRT
27.37885,95.33501,304.63,0.46,0.63,2026-10-07,2008,N21,VIIRS,n,2.0NRT,289.3,0.86,N,VIIRS_NOAA21_NRT
21.73027,82.21581,308.81,0.38,0.36,2026-10-07,2010,N21,VIIRS,n,2.0NRT,294.46,0.86,N,VIIRS_NOAA21_NRT
21.93818,81.98074,305.21,0.41,0.45,2026-10-07,2046,N,VIIRS,n,2.0NRT,291.99,0.86,N,VIIRS_SNPP_NRT
23.68739,86.38994,301.99,0.32,0.55,2026-10-07,1925,N20,VIIRS,n,2.0NRT,288.89,0.85,N,VIIRS_NOAA20_NRT
21.3645,81.67702,307.88,0.38,0.36,2026-10-07,2010,N21,VIIRS,n,2.0NRT,293.58,0.84,N,VIIRS_NOAA21_NRT
22.26559,75.13167,306.47,0.39,0.36,2026-10-07,2049,N,VIIRS,n,2.0NRT,296.45,0.84,N,VIIRS_SNPP_NRT
15.30141,76.22044,304.0,0.53,0.42,2026-10-07,2012,N21,VIIRS,n,2.0NRT,291.97,0.83,N,VIIRS_NOAA21_NRT
25.54468,91.23621,305.65,0.52,0.42,2026-10-07,1925,N20,VIIRS,n,2.0NRT,285.66,0.83,N,VIIRS_NOAA20_NRT
21.73313,82.21318,304.23,0.57,0.69,2026-10-07,2106,N20,VIIRS,n,2.0NRT,289.53,0.83,N,VIIRS_NOAA20_NRT
26.64262,79.4804,312.37,0.41,0.37,2026-10-07,2046,N,VIIRS,n,2.0NRT,292.47,0.83,N,VIIRS_SNPP_NRT
27.81071,96.06938,306.46,0.38,0.36,2026-10-07,1923,N20,VIIRS,n,2.0NRT,290.02,0.82,N,VIIRS_NOAA20_NRT
15.33203,76.28477,297.65,0.63,0.54,2026-10-07,2108,N20,VIIRS,n,2.0NRT,283.23,0.82,N,VIIRS_NOAA20_NRT
22.31576,69.85977,309.28,0.38,0.36,2026-10-07,2108,N20,VIIRS,n,2.0NRT,296.74,0.82,N,VIIRS_NOAA20_NRT
23.56044,87.23212,305.46,0.4,0.6,2026-10-07,2046,N,VIIRS,n,2.0NRT,288.22,0.82,N,VIIRS_SNPP_NRT
23.78638,86.34181,302.66,0.35,0.57,2026-10-07,2046,N,VIIRS,n,2.0NRT,288.7,0.82,N,VIIRS_SNPP_NRT
24.45007,83.0406,303.61,0.43,0.46,2026-10-07,2046,N,VIIRS,n,2.0NRT,291.19,0.82,N,VIIRS_SNPP_NRT
28.17033,76.85588,305.98,0.46,0.47,2026-10-07,2008,N21,VIIRS,n,2.0NRT,293.58,0.81,N,VIIRS_NOAA21_NRT
13.16805,77.81783,302.53,0.42,0.38,2026-10-07,2014,N21,VIIRS,n,2.0NRT,283.92,0.81,N,VIIRS_NOAA21_NRT
16.17349,75.64588,304.04,0.55,0.51,2026-10-07,2108,N20,VIIRS,n,2.0NRT,293.43,0.81,N,VIIRS_NOAA20_NRT
28.2759,77.27467,306.79,0.39,0.36,2026-10-07,2046,N,VIIRS,n,2.0NRT,294.01,0.81,N,VIIRS_SNPP_NRT
21.34212,81.67015,303.6,0.41,0.45,2026-10-07,2049,N,VIIRS,n,2.0NRT,291.83,0.81,N,VIIRS_SNPP_NRT
22.00548,82.67357,304.7,0.39,0.36,2026-10-07,2010,N21,VIIRS,n,2.0NRT,293.24,0.8,N,VIIRS_NOAA21_NRT
22.15553,82.09312,301.37,0.54,0.68,2026-10-07,2106,N20,VIIRS,n,2.0NRT,288.89,0.8,N,VIIRS_NOAA20_NRT
21.18402,75.96451,331.73,0.39,0.36,2026-10-07,818,N,VIIRS,l,2.0NRT,306.24,0.8,D,VIIRS_SNPP_NRT
24.19525,82.71489,300.63,0.42,0.45,2026-10-07,2046,N,VIIRS,n,2.0NRT,289.83,0.8,N,VIIRS_SNPP_NRT
24.19934,82.71598,308.99,0.42,0.45,2026-10-07,2046,N,VIIRS,n,2.0NRT,290.84,0.8,N,VIIRS_SNPP_NRT
21.50029,81.80973,307.1,0.38,0.36,2026-10-07,2010,N21,VIIRS,n,2.0NRT,293.56,0.79,N,VIIRS_NOAA21_NRT
22.0345,83.36126,304.12,0.39,0.36,2026-10-07,2010,N21,VIIRS,n,2.0NRT,292.57,0.79,N,VIIRS_NOAA21_NRT
23.67698,86.08757,302.25,0.47,0.39,2026-10-07,2010,N21,VIIRS,n,2.0NRT,290.74,0.79,N,VIIRS_NOAA21_NRT
23.67974,86.09283,305.89,0.47,0.39,2026-10-07,2010,N21,VIIRS,n,2.0NRT,290.81,0.79,N,VIIRS_NOAA21_NRT
18.37646,77.6089,306.57,0.48,0.4,2026-10-07,2012,N21,VIIRS,n,2.0NRT,291.99,0.79,N,VIIRS_NOAA21_NRT
21.97134,85.31134,304.02,0.36,0.58,2026-10-07,1925,N20,VIIRS,n,2.0NRT,287.69,0.79,N,VIIRS_NOAA20_NRT
23.7417,85.00964,299.85,0.4,0.6,2026-10-07,1925,N20,VIIRS,n,2.0NRT,288.48,0.79,N,VIIRS_NOAA20_NRT
17.14529,78.22422,303.81,0.46,0.39,2026-10-07,2046,N,VIIRS,n,2.0NRT,292.58,0.79,N,VIIRS_SNPP_NRT
23.79441,86.35467,301.75,0.35,0.57,2026-10-07,2046,N,VIIRS,n,2.0NRT,288.68,0.79,N,VIIRS_SNPP_NRT
23.79517,86.3513,310.73,0.35,0.57,2026-10-07,2046,N,VIIRS,n,2.0NRT,289.3,0.79,N,VIIRS_SNPP_NRT
28.71044,76.85653,306.11,0.47,0.48,2026-10-07,2008,N21,VIIRS,n,2.0NRT,292.97,0.78,N,VIIRS_NOAA21_NRT
21.45757,81.80221,306.85,0.38,0.36,2026-10-07,2010,N21,VIIRS,n,2.0NRT,293.91,0.78,N,VIIRS_NOAA21_NRT
23.92591,85.34556,297.21,0.43,0.38,2026-10-07,2010,N21,VIIRS,n,2.0NRT,284.58,0.78,N,VIIRS_NOAA21_NRT
22.02257,83.30855,305.36,0.39,0.36,2026-10-07,2010,N21,VIIRS,n,2.0NRT,292.54,0.77,N,VIIRS_NOAA21_NRT
24.18067,82.64651,308.73,0.38,0.36,2026-10-07,2010,N21,VIIRS,n,2.0NRT,293.14,0.77,N,VIIRS_NOAA21_NRT
21.31077,81.58948,304.08,0.53,0.67,2026-10-07,2106,N20,VIIRS,n,2.0NRT,289.38,0.77,N,VIIRS_NOAA20_NRT
23.8029,86.34972,308.42,0.33,0.55,2026-10-07,1925,N20,VIIRS,n,2.0NRT,289.07,0.76,N,VIIRS_NOAA20_NRT
18.88752,77.99303,306.08,0.43,0.38,2026-10-07,2046,N,VIIRS,n,2.0NRT,291.26,0.76,N,VIIRS_SNPP_NRT
22.15494,82.09393,307.29,0.38,0.36,2026-10-07,2010,N21,VIIRS,n,2.0NRT,292.96,0.75,N,VIIRS_NOAA21_NRT
13.70939,79.62069,307.21,0.39,0.36,2026-10-07,2012,N21,VIIRS,n,2.0NRT,289.93,0.75,N,VIIRS_NOAA21_NRT
22.79252,86.20961,304.11,0.32,0.55,2026-10-07,1925,N20,VIIRS,n,2.0NRT,291.34,0.75,N,VIIRS_NOAA20_NRT
28.34603,77.25562,304.85,0.39,0.36,2026-10-07,2046,N,VIIRS,n,2.0NRT,294.2,0.75,N,VIIRS_SNPP_NRT
16.20564,75.20774,305.0,0.39,0.36,2026-10-07,2049,N,VIIRS,n,2.0NRT,294.89,0.75,N,VIIRS_SNPP_NRT
21.72999,82.21551,306.73,0.43,0.46,2026-10-07,2049,N,VIIRS,n,2.0NRT,292.72,0.75,N,VIIRS_SNPP_NRT
22.07063,83.34848,304.83,0.39,0.36,2026-10-07,2010,N21,VIIRS,n,2.0NRT,292.39,0.74,N,VIIRS_NOAA21_NRT
23.77921,86.14897,302.81,0.47,0.4,2026-10-07,2010,N21,VIIRS,n,2.0NRT,290.02,0.74,N,VIIRS_NOAA21_NRT
23.67752,86.06982,305.81,0.34,0.56,2026-10-07,1925,N20,VIIRS,n,2.0NRT,289.36,0.74,N,VIIRS_NOAA20_NRT
21.80204,82.03677,301.99,0.55,0.68,2026-10-07,2106,N20,VIIRS,n,2.0NRT,288.9,0.74,N,VIIRS_NOAA20_NRT
21.05291,72.83883,307.69,0.45,0.39,2026-10-07,2049,N,VIIRS,n,2.0NRT,296.28,0.74,N,VIIRS_SNPP_NRT
21.07711,85.04121,304.57,0.33,0.55,2026-10-07,2049,N,VIIRS,n,2.0NRT,287.04,0.74,N,VIIRS_SNPP_NRT
21.07777,85.03808,307.19,0.33,0.55,2026-10-07,2049,N,VIIRS,n,2.0NRT,288.37,0.74,N,VIIRS_SNPP_NRT
21.31074,81.5907,309.61,0.4,0.44,2026-10-07,2049,N,VIIRS,n,2.0NRT,292.43,0.74,N,VIIRS_SNPP_NRT
21.34148,81.67298,304.36,0.38,0.36,2026-10-07,2010,N21,VIIRS,n,2.0NRT,293.08,0.73,N,VIIRS_NOAA21_NRT
17.14857,78.22418,301.7,0.39,0.59,2026-10-07,2108,N20,VIIRS,n,2.0NRT,291.41,0.73,N,VIIRS_NOAA20_NRT
12.74477,77.62108,297.22,0.43,0.38,2026-10-07,2014,N21,VIIRS,n,2.0NRT,269.64,0.72,N,VIIRS_NOAA21_NRT
22.10058,85.35059,299.94,0.36,0.57,2026-10-07,1925,N20,VIIRS,n,2.0NRT,287.99,0.72,N,VIIRS_NOAA20_NRT
21.24889,79.221,307.44,0.37,0.58,2026-10-07,2108,N20,VIIRS,n,2.0NRT,292.4,0.72,N,VIIRS_NOAA20_NRT
23.67585,86.0733,302.63,0.47,0.39,2026-10-07,2010,N21,VIIRS,n,2.0NRT,291.01,0.71,N,VIIRS_NOAA21_NRT
22.07018,83.7041,301.62,0.46,0.64,2026-10-07,1925,N20,VIIRS,n,2.0NRT,287.08,0.7,N,VIIRS_NOAA20_NRT
24.16673,80.69438,301.93,0.4,0.6,2026-10-07,2106,N20,VIIRS,n,2.0NRT,291.54,0.7,N,VIIRS_NOAA20_NRT
22.94682,69.15522,309.34,0.39,0.36,2026-10-07,2108,N20,VIIRS,n,2.0NRT,296.18,0.7,N,VIIRS_NOAA20_NRT
23.55867,87.23991,301.87,0.4,0.6,2026-10-07,2046,N,VIIRS,n,2.0NRT,287.81,0.7,N,VIIRS_SNPP_NRT
24.11781,86.35236,299.91,0.35,0.56,2026-10-07,2046,N,VIIRS,n,2.0NRT,287.14,0.7,N,VIIRS_SNPP_NRT
24.57936,74.80534,305.93,0.41,0.37,2026-10-07,2046,N,VIIRS,n,2.0NRT,295.86,0.7,N,VIIRS_SNPP_NRT
27.22336,95.34521,301.48,0.46,0.64,2026-10-07,2008,N21,VIIRS,n,2.0NRT,289.76,0.69,N,VIIRS_NOAA21_NRT
31.25039,76.92712,304.99,0.4,0.37,2026-10-07,2044,N,VIIRS,n,2.0NRT,287.87,0.69,N,VIIRS_SNPP_NRT
24.14659,82.65667,303.54,0.41,0.45,2026-10-07,2046,N,VIIRS,n,2.0NRT,290.05,0.69,N,VIIRS_SNPP_NRT
21.80305,82.04052,307.22,0.42,0.45,2026-10-07,2049,N,VIIRS,n,2.0NRT,292.05,0.69,N,VIIRS_SNPP_NRT
24.17101,82.61989,304.24,0.41,0.45,2026-10-07,2046,N,VIIRS,n,2.0NRT,290.12,0.68,N,VIIRS_SNPP_NRT
25.54167,91.23464,295.06,0.63,0.72,2026-10-07,2046,N,VIIRS,n,2.0NRT,283.6,0.68,N,VIIRS_SNPP_NRT
22.31128,82.53103,305.59,0.38,0.36,2026-10-07,2010,N21,VIIRS,n,2.0NRT,292.94,0.67,N,VIIRS_NOAA21_NRT
22.31398,82.53532,305.08,0.38,0.36,2026-10-07,2010,N21,VIIRS,n,2.0NRT,292.9,0.67,N,VIIRS_NOAA21_NRT
22.31456,82.53163,307.57,0.38,0.36,2026-10-07,2010,N21,VIIRS,n,2.0NRT,293.64,0.67,N,VIIRS_NOAA21_NRT
21.80285,85.56536,306.51,0.35,0.56,2026-10-07,1925,N20,VIIRS,n,2.0NRT,290.24,0.67,N,VIIRS_NOAA20_NRT
20.90925,71.46046,308.97,0.42,0.37,2026-10-07,2108,N20,VIIRS,n,2.0NRT,297.56,0.67,N,VIIRS_NOAA20_NRT
20.90993,71.4565,307.76,0.42,0.37,2026-10-07,2108,N20,VIIRS,n,2.0NRT,296.22,0.67,N,VIIRS_NOAA20_NRT
31.32884,76.89368,301.49,0.4,0.37,2026-10-07,2044,N,VIIRS,n,2.0NRT,289.73,0.67,N,VIIRS_SNPP_NRT
23.61479,86.79069,301.17,0.38,0.58,2026-10-07,2046,N,VIIRS,n,2.0NRT,281.33,0.67,N,VIIRS_SNPP_NRT
21.94004,81.98127,305.95,0.38,0.36,2026-10-07,2010,N21,VIIRS,n,2.0NRT,293.9,0.66,N,VIIRS_NOAA21_NRT
19.80237,78.86372,307.56,0.38,0.59,2026-10-07,2108,N20,VIIRS,n,2.0NRT,292.08,0.66,N,VIIRS_NOAA20_NRT
21.35463,81.67529,306.18,0.38,0.36,2026-10-07,2010,N21,VIIRS,n,2.0NRT,293.67,0.65,N,VIIRS_NOAA21_NRT
21.36459,81.6544,307.92,0.38,0.36,2026-10-07,2010,N21,VIIRS,n,2.0NRT,293.83,0.65,N,VIIRS_NOAA21_NRT
21.87602,83.49207,301.58,0.47,0.64,2026-10-07,1925,N20,VIIRS,n,2.0NRT,286.64,0.65,N,VIIRS_NOAA20_NRT
12.74633,77.62066,297.51,0.49,0.4,2026-10-07,2049,N,VIIRS,n,2.0NRT,275.21,0.65,N,VIIRS_SNPP_NRT
21.29893,81.6081,304.33,0.4,0.44,2026-10-07,2049,N,VIIRS,n,2.0NRT,291.97,0.65,N,VIIRS_SNPP_NRT
21.92212,81.74734,305.79,0.39,0.36,2026-10-07,2010,N21,VIIRS,n,2.0NRT,293.53,0.64,N,VIIRS_NOAA21_NRT
22.08777,83.11623,307.53,0.39,0.36,2026-10-07,2010,N21,VIIRS,n,2.0NRT,292.55,0.64,N,VIIRS_NOAA21_NRT
24.1569,82.66905,303.98,0.38,0.36,2026-10-07,2010,N21,VIIRS,n,2.0NRT,291.59,0.64,N,VIIRS_NOAA21_NRT
12.09213,79.13664,310.41,0.4,0.44,2026-10-07,2049,N,VIIRS,n,2.0NRT,280.06,0.64,N,VIIRS_SNPP_NRT
27.37636,95.08764,303.38,0.44,0.62,2026-10-07,2008,N21,VIIRS,n,2.0NRT,290.23,0.63,N,VIIRS_NOAA21_NRT
21.24209,79.22675,303.29,0.37,0.58,2026-10-07,2108,N20,VIIRS,n,2.0NRT,292.73,0.63,N,VIIRS_NOAA20_NRT
19.1015,73.05287,310.94,0.42,0.38,2026-10-07,2046,N,VIIRS,n,2.0NRT,294.69,0.63,N,VIIRS_SNPP_NRT
28.85076,77.1472,308.2,0.39,0.36,2026-10-07,2046,N,VIIRS,n,2.0NRT,293.09,0.63,N,VIIRS_SNPP_NRT
17.30795,77.47402,304.7,0.35,0.56,2026-10-07,2108,N20,VIIRS,n,2.0NRT,293.19,0.62,N,VIIRS_NOAA20_NRT
21.91611,83.35527,306.44,0.39,0.36,2026-10-07,2010,N21,VIIRS,n,2.0NRT,292.62,0.61,N,VIIRS_NOAA21_NRT
26.12748,90.4757,305.31,0.39,0.44,2026-10-07,1923,N20,VIIRS,n,2.0NRT,290.69,0.61,N,VIIRS_NOAA20_NRT
28.8518,77.14803,303.32,0.4,0.44,2026-10-07,2104,N20,VIIRS,n,2.0NRT,292.48,0.61,N,VIIRS_NOAA20_NRT
28.65735,77.58902,309.59,0.38,0.36,2026-10-07,2046,N,VIIRS,n,2.0NRT,292.42,0.61,N,VIIRS_SNPP_NRT
31.25119,76.92881,298.1,0.53,0.42,2026-10-07,2104,N20,VIIRS,n,2.0NRT,287.53,0.6,N,VIIRS_NOAA20_NRT
13.44556,80.09641,304.85,0.44,0.46,2026-10-07,2049,N,VIIRS,n,2.0NRT,289.94,0.6,N,VIIRS_SNPP_NRT
17.22875,79.00357,304.9,0.41,0.37,2026-10-07,2012,N21,VIIRS,n,2.0NRT,294.13,0.59,N,VIIRS_NOAA21_NRT
27.47133,95.42239,303.11,0.39,0.36,2026-10-07,1923,N20,VIIRS,n,2.0NRT,291.81,0.59,N,VIIRS_NOAA20_NRT
24.14109,82.70591,304.32,0.42,0.45,2026-10-07,2046,N,VIIRS,n,2.0NRT,290.41,0.59,N,VIIRS_SNPP_NRT
23.60876,85.67304,300.38,0.36,0.57,2026-10-07,1925,N20,VIIRS,n,2.0NRT,287.48,0.58,N,VIIRS_NOAA20_NRT
27.37935,95.08824,303.52,0.39,0.36,2026-10-07,1923,N20,VIIRS,n,2.0NRT,292.55,0.57,N,VIIRS_NOAA20_NRT
24.44912,83.03564,301.34,0.54,0.68,2026-10-07,1925,N20,VIIRS,n,2.0NRT,287.85,0.57,N,VIIRS_NOAA20_NRT
27.81081,96.06836,300.68,0.47,0.47,2026-10-07,1904,N,VIIRS,n,2.0NRT,288.57,0.56,N,VIIRS_SNPP_NRT
24.1965,82.71791,303.81,0.42,0.45,2026-10-07,2046,N,VIIRS,n,2.0NRT,290.24,0.56,N,VIIRS_SNPP_NRT
13.71073,79.62014,300.61,0.41,0.45,2026-10-07,2049,N,VIIRS,n,2.0NRT,278.51,0.56,N,VIIRS_SNPP_NRT
20.86242,84.98533,306.38,0.37,0.58,2026-10-07,1925,N20,VIIRS,n,2.0NRT,290.95,0.55,N,VIIRS_NOAA20_NRT
31.25232,76.92766,297.38,0.53,0.42,2026-10-07,2104,N20,VIIRS,n,2.0NRT,287.37,0.55,N,VIIRS_NOAA20_NRT
15.30099,76.22138,303.08,0.4,0.37,2026-10-07,2049,N,VIIRS,n,2.0NRT,290.73,0.53,N,VIIRS_SNPP_NRT
23.68363,86.06055,305.68,0.34,0.56,2026-10-07,1925,N20,VIIRS,n,2.0NRT,288.76,0.52,N,VIIRS_NOAA20_NRT
30.93752,74.69321,305.17,0.34,0.56,2026-10-07,2008,N21,VIIRS,n,2.0NRT,292.99,0.51,N,VIIRS_NOAA21_NRT
24.14065,82.70834,303.12,0.38,0.36,2026-10-07,2010,N21,VIIRS,n,2.0NRT,292.16,0.51,N,VIIRS_NOAA21_NRT
23.63358,75.14601,304.19,0.4,0.37,2026-10-07,2046,N,VIIRS,n,2.0NRT,292.29,0.51,N,VIIRS_SNPP_NRT
21.9856,83.36761,305.7,0.39,0.36,2026-10-07,2010,N21,VIIRS,n,2.0NRT,292.49,0.5,N,VIIRS_NOAA21_NRT
27.32708,95.27657,307.25,0.39,0.36,2026-10-07,1923,N20,VIIRS,n,2.0NRT,291.55,0.5,N,VIIRS_NOAA20_NRT
27.3247,95.27711,305.19,0.45,0.63,2026-10-07,2008,N21,VIIRS,n,2.0NRT,289.47,0.49,N,VIIRS_NOAA21_NRT
23.82363,86.29743,301.17,0.35,0.57,2026-10-07,2046,N,VIIRS,n,2.0NRT,287.88,0.49,N,VIIRS_SNPP_NRT
12.86772,79.88925,302.93,0.44,0.46,2026-10-07,2049,N,VIIRS,n,2.0NRT,286.65,0.49,N,VIIRS_SNPP_NRT
11.18486,79.099,296.67,0.58,0.7,2026-10-07,2110,N20,VIIRS,n,2.0NRT,271.77,0.44,N,VIIRS_NOAA20_NRT
21.30017,76.10332,332.28,0.38,0.36,2026-10-07,818,N,VIIRS,l,2.0NRT,307.03,0.42,D,VIIRS_SNPP_NRT
10.61461,77.42186,301.73,0.42,0.37,2026-10-07,2014,N21,VIIRS,n,2.0NRT,281.29,0.37,N,VIIRS_NOAA21_NRT
19.10499,73.05334,307.84,0.42,0.38,2026-10-07,2046,N,VIIRS,n,2.0NRT,294.39,0.36,N,VIIRS_SNPP_NRT
24.18336,82.64411,301.0,0.41,0.45,2026-10-07,2046,N,VIIRS,n,2.0NRT,290.3,0.33,N,VIIRS_SNPP_NRT
20.77812,85.3381,303.76,0.35,0.57,2026-10-07,1925,N20,VIIRS,n,2.0NRT,291.3,0.32,N,VIIRS_NOAA20_NRT
16.64586,74.31256,305.89,0.39,0.36,2026-10-07,2049,N,VIIRS,n,2.0NRT,290.95,0.29,N,VIIRS_SNPP_NRT
16.64837,74.31261,306.01,0.39,0.36,2026-10-07,2049,N,VIIRS,n,2.0NRT,291.74,0.28,N,VIIRS_SNPP_NRT
15.13837,76.71203,295.15,0.34,0.56,2026-10-07,2108,N20,VIIRS,n,2.0NRT,272.61,0.25,N,VIIRS_NOAA20_NRT
27.98464,73.57498,347.81,0.42,0.38,2026-10-06,803,N21,VIIRS,n,2.0NRT,317.14,27.2,D,VIIRS_NOAA21_NRT
21.10661,72.6442,338.03,0.57,0.43,2026-10-06,801,N21,VIIRS,n,2.0NRT,305.44,19.43,D,VIIRS_NOAA21_NRT
20.96899,86.01167,350.4,0.6,0.53,2026-10-06,801,N21,VIIRS,n,2.0NRT,300.99,17.33,D,VIIRS_NOAA21_NRT
21.10769,72.64663,346.41,0.57,0.43,2026-10-06,801,N21,VIIRS,n,2.0NRT,305.09,16.9,D,VIIRS_NOAA21_NRT
28.14116,72.9666,355.66,0.44,0.38,2026-10-06,803,N21,VIIRS,l,2.0NRT,315.54,15.82,D,VIIRS_NOAA21_NRT
21.079,85.03679,331.36,0.52,0.5,2026-10-06,801,N21,VIIRS,l,2.0NRT,303.46,14.65,D,VIIRS_NOAA21_NRT
21.10434,72.64611,336.99,0.53,0.42,2026-10-06,2029,N21,VIIRS,n,2.0NRT,298.83,14.38,N,VIIRS_NOAA21_NRT
20.96268,86.00727,333.67,0.73,0.76,2026-10-06,837,N,VIIRS,n,2.0NRT,292.79,13.35,D,VIIRS_SNPP_NRT
20.58105,75.70119,335.02,0.42,0.37,2026-10-06,801,N21,VIIRS,l,2.0NRT,308.36,12.87,D,VIIRS_NOAA21_NRT
20.79543,85.25149,339.36,0.53,0.5,2026-10-06,801,N21,VIIRS,n,2.0NRT,298.73,12.82,D,VIIRS_NOAA21_NRT
31.52016,75.01768,355.36,0.4,0.45,2026-10-06,839,N,VIIRS,n,2.0NRT,299.69,12.81,D,VIIRS_SNPP_NRT
28.44852,73.29267,350.04,0.42,0.38,2026-10-06,803,N21,VIIRS,n,2.0NRT,317.52,12.8,D,VIIRS_NOAA21_NRT
21.10375,72.6452,340.74,0.4,0.37,2026-10-06,2106,N,VIIRS,n,2.0NRT,298.42,12.3,N,VIIRS_SNPP_NRT
16.62753,80.19865,355.38,0.49,0.65,2026-10-06,716,N20,VIIRS,n,2.0NRT,297.75,12.26,D,VIIRS_NOAA20_NRT
23.67714,86.39638,329.77,0.46,0.39,2026-10-06,716,N20,VIIRS,l,2.0NRT,302.35,10.73,D,VIIRS_NOAA20_NRT
20.96643,86.00964,330.44,0.73,0.76,2026-10-06,837,N,VIIRS,n,2.0NRT,292.25,10.47,D,VIIRS_SNPP_NRT
16.625,80.19709,345.92,0.49,0.65,2026-10-06,716,N20,VIIRS,n,2.0NRT,296.38,10.25,D,VIIRS_NOAA20_NRT
28.27166,73.23266,350.3,0.43,0.38,2026-10-06,803,N21,VIIRS,n,2.0NRT,316.47,10.23,D,VIIRS_NOAA21_NRT
21.92155,83.35005,342.16,0.42,0.45,2026-10-06,801,N21,VIIRS,n,2.0NRT,303.85,10.22,D,VIIRS_NOAA21_NRT
18.68431,73.04039,343.88,0.39,0.44,2026-10-06,801,N21,VIIRS,n,2.0NRT,302.18,9.97,D,VIIRS_NOAA21_NRT
20.79244,85.25555,344.5,0.39,0.44,2026-10-06,716,N20,VIIRS,n,2.0NRT,304.11,9.93,D,VIIRS_NOAA20_NRT
21.10181,72.63667,342.02,0.57,0.43,2026-10-06,801,N21,VIIRS,n,2.0NRT,303.96,9.7,D,VIIRS_NOAA21_NRT
21.24601,75.57088,346.67,0.42,0.37,2026-10-06,801,N21,VIIRS,n,2.0NRT,310.27,9.51,D,VIIRS_NOAA21_NRT
28.2766,73.24052,352.2,0.43,0.38,2026-10-06,803,N21,VIIRS,n,2.0NRT,317.01,9.38,D,VIIRS_NOAA21_NRT
8.59111,77.78579,347.96,0.46,0.39,2026-10-06,835,N,VIIRS,n,2.0NRT,303.82,9.1,D,VIIRS_SNPP_NRT
21.10654,72.64894,336.48,0.54,0.51,2026-10-06,858,N20,VIIRS,n,2.0NRT,300.93,9.08,D,VIIRS_NOAA20_NRT
20.96733,86.00977,334.32,0.6,0.53,2026-10-06,801,N21,VIIRS,n,2.0NRT,299.6,9.05,D,VIIRS_NOAA21_NRT
20.96792,86.01556,342.52,0.6,0.53,2026-10-06,801,N21,VIIRS,n,2.0NRT,299.82,9.05,D,VIIRS_NOAA21_NRT
22.32257,76.94799,336.75,0.39,0.36,2026-10-06,801,N21,VIIRS,l,2.0NRT,310.45,9.0,D,VIIRS_NOAA21_NRT
21.07864,85.03707,335.55,0.5,0.66,2026-10-06,657,N,VIIRS,n,2.0NRT,296.02,8.88,D,VIIRS_SNPP_NRT
14.34215,77.50565,333.84,0.41,0.37,2026-10-06,758,N21,VIIRS,l,2.0NRT,304.34,8.83,D,VIIRS_NOAA21_NRT
31.6369,74.67302,333.27,0.38,0.36,2026-10-06,805,N21,VIIRS,n,2.0NRT,300.89,8.71,D,VIIRS_NOAA21_NRT
21.07953,85.03519,339.22,0.52,0.5,2026-10-06,801,N21,VIIRS,n,2.0NRT,304.07,8.67,D,VIIRS_NOAA21_NRT
21.07585,85.03815,339.46,0.4,0.44,2026-10-06,716,N20,VIIRS,n,2.0NRT,306.01,8.65,D,VIIRS_NOAA20_NRT
17.65799,78.95304,346.63,0.38,0.36,2026-10-06,801,N21,VIIRS,n,2.0NRT,309.58,8.44,D,VIIRS_NOAA21_NRT
21.74716,83.84311,341.7,0.44,0.46,2026-10-06,801,N21,VIIRS,n,2.0NRT,303.39,8.42,D,VIIRS_NOAA21_NRT
28.63134,73.16565,342.04,0.43,0.38,2026-10-06,803,N21,VIIRS,l,2.0NRT,314.56,8.38,D,VIIRS_NOAA21_NRT
21.10183,72.6348,336.52,0.39,0.36,2026-10-06,837,N,VIIRS,n,2.0NRT,305.91,8.33,D,VIIRS_SNPP_NRT
18.79733,77.74922,340.97,0.39,0.36,2026-10-06,801,N21,VIIRS,n,2.0NRT,311.38,8.32,D,VIIRS_NOAA21_NRT
18.55763,74.2403,340.1,0.51,0.41,2026-10-06,801,N21,VIIRS,n,2.0NRT,302.9,8.3,D,VIIRS_NOAA21_NRT
21.10066,72.63424,334.53,0.57,0.43,2026-10-06,801,N21,VIIRS,n,2.0NRT,303.83,8.29,D,VIIRS_NOAA21_NRT
28.15238,72.9687,355.72,0.44,0.38,2026-10-06,803,N21,VIIRS,l,2.0NRT,315.73,8.22,D,VIIRS_NOAA21_NRT
28.15586,72.96793,353.25,0.44,0.38,2026-10-06,803,N21,VIIRS,n,2.0NRT,315.09,8.22,D,VIIRS_NOAA21_NRT
28.15662,72.97234,355.68,0.44,0.38,2026-10-06,803,N21,VIIRS,l,2.0NRT,314.99,8.22,D,VIIRS_NOAA21_NRT
21.10181,72.6354,333.79,0.53,0.42,2026-10-06,2029,N21,VIIRS,n,2.0NRT,297.33,8.19,N,VIIRS_NOAA21_NRT
18.80394,78.36434,341.9,0.38,0.36,2026-10-06,801,N21,VIIRS,n,2.0NRT,308.76,7.96,D,VIIRS_NOAA21_NRT
23.77831,86.20827,330.96,0.33,0.56,2026-10-06,803,N21,VIIRS,n,2.0NRT,287.54,7.94,D,VIIRS_NOAA21_NRT
22.35747,82.30475,335.75,0.55,0.43,2026-10-06,801,N21,VIIRS,n,2.0NRT,304.25,7.89,D,VIIRS_NOAA21_NRT
15.19557,79.89353,333.93,0.69,0.74,2026-10-06,856,N20,VIIRS,n,2.0NRT,289.26,7.86,D,VIIRS_NOAA20_NRT
15.17746,76.67488,336.35,0.43,0.38,2026-10-06,758,N21,VIIRS,n,2.0NRT,306.3,7.85,D,VIIRS_NOAA21_NRT
16.62658,80.19725,347.01,0.54,0.51,2026-10-06,835,N,VIIRS,n,2.0NRT,299.32,7.85,D,VIIRS_SNPP_NRT
22.11594,75.26002,338.01,0.49,0.4,2026-10-06,837,N,VIIRS,n,2.0NRT,311.29,7.78,D,VIIRS_SNPP_NRT
20.88737,84.98315,338.73,0.51,0.49,2026-10-06,801,N21,VIIRS,n,2.0NRT,302.85,7.75,D,VIIRS_NOAA21_NRT
23.67485,86.08686,339.23,0.48,0.4,2026-10-06,716,N20,VIIRS,n,2.0NRT,303.44,7.73,D,VIIRS_NOAA20_NRT
21.10166,72.63692,336.67,0.4,0.37,2026-10-06,2106,N,VIIRS,n,2.0NRT,298.37,7.63,N,VIIRS_SNPP_NRT
17.68246,79.5506,333.5,0.39,0.36,2026-10-06,801,N21,VIIRS,l,2.0NRT,305.44,7.62,D,VIIRS_NOAA21_NRT
28.29799,73.24029,346.85,0.43,0.38,2026-10-06,803,N21,VIIRS,l,2.0NRT,316.92,7.62,D,VIIRS_NOAA21_NRT
28.29677,73.25395,340.84,0.43,0.38,2026-10-06,803,N21,VIIRS,l,2.0NRT,315.33,7.59,D,VIIRS_NOAA21_NRT
20.9629,85.17416,332.02,0.39,0.44,2026-10-06,716,N20,VIIRS,l,2.0NRT,302.02,7.51,D,VIIRS_NOAA20_NRT
18.87689,78.26679,339.46,0.38,0.36,2026-10-06,801,N21,VIIRS,n,2.0NRT,309.71,7.5,D,VIIRS_NOAA21_NRT
20.96975,85.17754,329.59,0.5,0.66,2026-10-06,657,N,VIIRS,n,2.0NRT,295.74,7.49,D,VIIRS_SNPP_NRT
21.75569,83.84202,333.17,0.44,0.46,2026-10-06,801,N21,VIIRS,n,2.0NRT,302.42,7.47,D,VIIRS_NOAA21_NRT
21.76421,84.02422,338.87,0.44,0.46,2026-10-06,716,N20,VIIRS,n,2.0NRT,300.09,7.45,D,VIIRS_NOAA20_NRT
21.07775,85.0387,331.82,0.5,0.66,2026-10-06,657,N,VIIRS,n,2.0NRT,296.09,7.39,D,VIIRS_SNPP_NRT
21.07984,85.03728,344.2,0.4,0.44,2026-10-06,716,N20,VIIRS,n,2.0NRT,304.79,7.34,D,VIIRS_NOAA20_NRT
19.69321,78.53364,345.86,0.39,0.36,2026-10-06,801,N21,VIIRS,n,2.0NRT,305.79,7.27,D,VIIRS_NOAA21_NRT
28.28571,73.25191,345.74,0.43,0.38,2026-10-06,803,N21,VIIRS,l,2.0NRT,315.93,7.26,D,VIIRS_NOAA21_NRT
15.39082,76.1191,342.43,0.45,0.39,2026-10-06,837,N,VIIRS,n,2.0NRT,307.48,7.24,D,VIIRS_SNPP_NRT
30.32723,75.8262,340.53,0.39,0.36,2026-10-06,805,N21,VIIRS,n,2.0NRT,300.56,7.23,D,VIIRS_NOAA21_NRT
27.98805,73.57423,345.04,0.42,0.38,2026-10-06,803,N21,VIIRS,n,2.0NRT,317.82,7.19,D,VIIRS_NOAA21_NRT
27.98878,73.57845,355.49,0.42,0.38,2026-10-06,803,N21,VIIRS,l,2.0NRT,318.59,7.19,D,VIIRS_NOAA21_NRT
21.10075,72.63907,333.63,0.54,0.51,2026-10-06,858,N20,VIIRS,n,2.0NRT,300.13,7.11,D,VIIRS_NOAA20_NRT
22.63052,77.13672,342.37,0.38,0.36,2026-10-06,803,N21,VIIRS,n,2.0NRT,307.85,7.09,D,VIIRS_NOAA21_NRT
28.29529,73.24535,347.52,0.43,0.38,2026-10-06,803,N21,VIIRS,n,2.0NRT,317.21,6.99,D,VIIRS_NOAA21_NRT
23.34,69.32784,345.4,0.54,0.42,2026-10-06,858,N20,VIIRS,n,2.0NRT,303.99,6.99,D,VIIRS_NOAA20_NRT
28.15934,72.96716,342.73,0.44,0.38,2026-10-06,803,N21,VIIRS,l,2.0NRT,314.01,6.98,D,VIIRS_NOAA21_NRT
28.1601,72.97157,354.09,0.44,0.38,2026-10-06,803,N21,VIIRS,n,2.0NRT,314.74,6.98,D,VIIRS_NOAA21_NRT
23.24466,76.00783,338.85,0.55,0.43,2026-10-06,837,N,VIIRS,l,2.0NRT,311.16,6.97,D,VIIRS_SNPP_NRT
21.10361,72.64784,306.03,0.58,0.52,2026-10-06,2125,N20,VIIRS,n,2.0NRT,294.3,6.93,N,VIIRS_NOAA20_NRT
21.10475,72.64243,338.7,0.58,0.52,2026-10-06,2125,N20,VIIRS,n,2.0NRT,295.02,6.93,N,VIIRS_NOAA20_NRT
23.73508,86.43285,312.98,0.61,0.53,2026-10-06,2027,N21,VIIRS,n,2.0NRT,290.28,6.9,N,VIIRS_NOAA21_NRT
9.90723,77.46474,337.17,0.46,0.39,2026-10-06,835,N,VIIRS,n,2.0NRT,299.42,6.84,D,VIIRS_SNPP_NRT
8.67118,77.99274,337.34,0.44,0.38,2026-10-06,758,N21,VIIRS,l,2.0NRT,305.38,6.79,D,VIIRS_NOAA21_NRT
21.33712,78.96988,344.3,0.4,0.37,2026-10-06,801,N21,VIIRS,n,2.0NRT,310.65,6.78,D,VIIRS_NOAA21_NRT
31.79626,74.80151,333.45,0.38,0.36,2026-10-06,805,N21,VIIRS,n,2.0NRT,300.59,6.75,D,VIIRS_NOAA21_NRT
23.71323,86.45191,300.91,0.69,0.74,2026-10-06,2104,N,VIIRS,n,2.0NRT,284.3,6.73,N,VIIRS_SNPP_NRT
21.10348,72.64604,339.13,0.39,0.36,2026-10-06,837,N,VIIRS,n,2.0NRT,305.5,6.71,D,VIIRS_SNPP_NRT
21.10682,72.64549,347.44,0.39,0.36,2026-10-06,837,N,VIIRS,n,2.0NRT,305.98,6.71,D,VIIRS_SNPP_NRT
23.24505,76.01025,339.37,0.55,0.43,2026-10-06,837,N,VIIRS,l,2.0NRT,311.12,6.71,D,VIIRS_SNPP_NRT
15.18308,76.66575,335.98,0.43,0.38,2026-10-06,758,N21,VIIRS,l,2.0NRT,308.33,6.7,D,VIIRS_NOAA21_NRT
28.30143,73.23955,346.61,0.43,0.38,2026-10-06,803,N21,VIIRS,n,2.0NRT,316.01,6.66,D,VIIRS_NOAA21_NRT
22.05412,88.12498,342.73,0.41,0.37,2026-10-06,716,N20,VIIRS,n,2.0NRT,306.73,6.65,D,VIIRS_NOAA20_NRT
12.70526,79.45885,334.86,0.38,0.36,2026-10-06,758,N21,VIIRS,n,2.0NRT,302.12,6.58,D,VIIRS_NOAA21_NRT
28.63086,73.18361,343.93,0.43,0.38,2026-10-06,803,N21,VIIRS,n,2.0NRT,313.8,6.57,D,VIIRS_NOAA21_NRT
20.97822,85.13322,330.14,0.52,0.5,2026-10-06,801,N21,VIIRS,l,2.0NRT,302.69,6.46,D,VIIRS_NOAA21_NRT
18.58472,74.29473,343.34,0.41,0.37,2026-10-06,835,N,VIIRS,n,2.0NRT,311.64,6.43,D,VIIRS_SNPP_NRT
20.80499,85.25667,331.29,0.39,0.44,2026-10-06,716,N20,VIIRS,l,2.0NRT,302.16,6.42,D,VIIRS_NOAA20_NRT
15.18105,76.66624,338.1,0.48,0.4,2026-10-06,837,N,VIIRS,l,2.0NRT,308.7,6.41,D,VIIRS_SNPP_NRT
18.24343,79.04853,347.12,0.39,0.36,2026-10-06,801,N21,VIIRS,n,2.0NRT,305.79,6.36,D,VIIRS_NOAA21_NRT
20.96989,85.17513,325.21,0.67,0.73,2026-10-06,2106,N,VIIRS,n,2.0NRT,290.63,6.35,N,VIIRS_SNPP_NRT
9.96542,76.39758,345.79,0.34,0.56,2026-10-06,854,N20,VIIRS,n,2.0NRT,293.27,6.34,D,VIIRS_NOAA20_NRT
18.85877,72.92841,331.67,0.42,0.38,2026-10-06,2108,N,VIIRS,n,2.0NRT,294.72,6.32,N,VIIRS_SNPP_NRT
28.14465,72.96583,345.95,0.44,0.38,2026-10-06,803,N21,VIIRS,l,2.0NRT,316.19,6.31,D,VIIRS_NOAA21_NRT
20.79506,85.25397,331.56,0.5,0.65,2026-10-06,657,N,VIIRS,n,2.0NRT,295.45,6.28,D,VIIRS_SNPP_NRT
22.05674,88.12496,312.2,0.62,0.54,2026-10-06,1925,N,VIIRS,n,2.0NRT,292.01,6.28,N,VIIRS_SNPP_NRT
23.73878,86.43397,313.73,0.61,0.53,2026-10-06,2027,N21,VIIRS,n,2.0NRT,290.4,6.27,N,VIIRS_NOAA21_NRT
28.6343,73.18286,350.67,0.43,0.38,2026-10-06,803,N21,VIIRS,n,2.0NRT,313.86,6.23,D,VIIRS_NOAA21_NRT
28.63773,73.18211,347.0,0.43,0.38,2026-10-06,803,N21,VIIRS,n,2.0NRT,315.51,6.23,D,VIIRS_NOAA21_NRT
22.36337,87.3003,336.37,0.44,0.38,2026-10-06,716,N20,VIIRS,n,2.0NRT,300.98,6.23,D,VIIRS_NOAA20_NRT
23.13301,79.72758,331.94,0.61,0.54,2026-10-06,837,N,VIIRS,n,2.0NRT,300.24,6.18,D,VIIRS_SNPP_NRT
18.85902,72.92523,331.01,0.33,0.55,2026-10-06,2125,N20,VIIRS,n,2.0NRT,291.63,6.15,N,VIIRS_NOAA20_NRT
23.73563,86.43519,338.95,0.46,0.39,2026-10-06,716,N20,VIIRS,n,2.0NRT,301.96,6.12,D,VIIRS_NOAA20_NRT
21.74914,83.84158,328.28,0.54,0.68,2026-10-06,837,N,VIIRS,n,2.0NRT,295.2,6.11,D,VIIRS_SNPP_NRT
21.33634,78.9668,330.87,0.52,0.5,2026-10-06,837,N,VIIRS,l,2.0NRT,305.1,6.09,D,VIIRS_SNPP_NRT
22.37934,87.27762,334.0,0.44,0.39,2026-10-06,1945,N20,VIIRS,n,2.0NRT,294.79,6.08,N,VIIRS_NOAA20_NRT
18.68425,73.04254,337.55,0.39,0.36,2026-10-06,835,N,VIIRS,n,2.0NRT,304.37,6.08,D,VIIRS_SNPP_NRT
28.03574,73.0523,344.06,0.44,0.38,2026-10-06,803,N21,VIIRS,l,2.0NRT,316.83,6.03,D,VIIRS_NOAA21_NRT
20.96413,85.18931,327.23,0.57,0.52,2026-10-06,2029,N21,VIIRS,n,2.0NRT,295.38,6.03,N,VIIRS_NOAA21_NRT
18.71434,78.29086,338.79,0.38,0.36,2026-10-06,801,N21,VIIRS,l,2.0NRT,309.76,6.02,D,VIIRS_NOAA21_NRT
9.96207,76.39758,347.88,0.34,0.56,2026-10-06,854,N20,VIIRS,n,2.0NRT,293.51,6.0,D,VIIRS_NOAA20_NRT
22.18518,77.00375,339.01,0.4,0.44,2026-10-06,837,N,VIIRS,n,2.0NRT,307.37,6.0,D,VIIRS_SNPP_NRT
21.75583,84.0261,329.52,0.44,0.46,2026-10-06,716,N20,VIIRS,l,2.0NRT,302.61,5.99,D,VIIRS_NOAA20_NRT
20.97006,85.17533,332.63,0.54,0.42,2026-10-06,1947,N20,VIIRS,n,2.0NRT,296.96,5.99,N,VIIRS_NOAA20_NRT
23.73775,86.43223,329.47,0.5,0.41,2026-10-06,1945,N20,VIIRS,n,2.0NRT,292.63,5.98,N,VIIRS_NOAA20_NRT
8.91218,78.05815,331.53,0.43,0.62,2026-10-06,854,N20,VIIRS,n,2.0NRT,293.37,5.96,D,VIIRS_NOAA20_NRT
28.63282,73.17426,339.89,0.43,0.38,2026-10-06,803,N21,VIIRS,l,2.0NRT,314.78,5.94,D,VIIRS_NOAA21_NRT
28.63356,73.17855,351.85,0.43,0.38,2026-10-06,803,N21,VIIRS,n,2.0NRT,314.31,5.94,D,VIIRS_NOAA21_NRT
15.17615,76.65781,333.49,0.48,0.4,2026-10-06,837,N,VIIRS,l,2.0NRT,307.6,5.94,D,VIIRS_SNPP_NRT
28.13457,72.99089,344.37,0.44,0.38,2026-10-06,803,N21,VIIRS,n,2.0NRT,313.98,5.92,D,VIIRS_NOAA21_NRT
15.17766,76.65447,334.76,0.43,0.38,2026-10-06,758,N21,VIIRS,l,2.0NRT,308.71,5.9,D,VIIRS_NOAA21_NRT
21.10118,72.63589,338.65,0.58,0.52,2026-10-06,2125,N20,VIIRS,n,2.0NRT,294.86,5.9,N,VIIRS_NOAA20_NRT
21.10588,72.63701,313.13,0.58,0.52,2026-10-06,2125,N20,VIIRS,n,2.0NRT,294.75,5.9,N,VIIRS_NOAA20_NRT
22.05171,88.12572,316.57,0.42,0.61,2026-10-06,2027,N21,VIIRS,n,2.0NRT,289.16,5.88,N,VIIRS_NOAA21_NRT
28.30217,73.24385,343.54,0.43,0.38,2026-10-06,803,N21,VIIRS,l,2.0NRT,316.05,5.86,D,VIIRS_NOAA21_NRT
22.36757,87.30383,331.75,0.44,0.38,2026-10-06,716,N20,VIIRS,n,2.0NRT,301.48,5.85,D,VIIRS_NOAA20_NRT
17.90666,77.08655,336.17,0.4,0.37,2026-10-06,801,N21,VIIRS,l,2.0NRT,308.62,5.84,D,VIIRS_NOAA21_NRT
27.5214,72.15826,342.47,0.48,0.4,2026-10-06,803,N21,VIIRS,n,2.0NRT,317.32,5.79,D,VIIRS_NOAA21_NRT
28.14511,77.54943,330.38,0.51,0.5,2026-10-06,839,N,VIIRS,l,2.0NRT,301.52,5.77,D,VIIRS_SNPP_NRT
21.33536,78.96868,334.36,0.52,0.5,2026-10-06,837,N,VIIRS,l,2.0NRT,304.37,5.76,D,VIIRS_SNPP_NRT
28.14771,72.98343,340.61,0.44,0.38,2026-10-06,803,N21,VIIRS,l,2.0NRT,315.33,5.75,D,VIIRS_NOAA21_NRT
22.63198,75.13664,337.55,0.42,0.38,2026-10-06,803,N21,VIIRS,l,2.0NRT,312.3,5.72,D,VIIRS_NOAA21_NRT
22.93765,75.40714,338.82,0.41,0.37,2026-10-06,803,N21,VIIRS,n,2.0NRT,311.53,5.72,D,VIIRS_NOAA21_NRT
20.96165,85.18964,337.25,0.39,0.44,2026-10-06,716,N20,VIIRS,n,2.0NRT,302.92,5.71,D,VIIRS_NOAA20_NRT
22.67944,77.10735,335.17,0.58,0.69,2026-10-06,716,N20,VIIRS,n,2.0NRT,299.36,5.67,D,VIIRS_NOAA20_NRT
16.05692,79.67704,334.3,0.39,0.36,2026-10-06,758,N21,VIIRS,n,2.0NRT,301.1,5.65,D,VIIRS_NOAA21_NRT
28.13999,72.98055,348.54,0.44,0.38,2026-10-06,803,N21,VIIRS,n,2.0NRT,315.75,5.65,D,VIIRS_NOAA21_NRT
28.14075,72.98495,350.21,0.44,0.38,2026-10-06,803,N21,VIIRS,n,2.0NRT,315.39,5.65,D,VIIRS_NOAA21_NRT
28.14347,72.97979,352.18,0.44,0.38,2026-10-06,803,N21,VIIRS,n,2.0NRT,314.09,5.65,D,VIIRS_NOAA21_NRT
28.14423,72.98419,355.66,0.44,0.38,2026-10-06,803,N21,VIIRS,l,2.0NRT,315.14,5.65,D,VIIRS_NOAA21_NRT
18.86865,78.25706,336.24,0.38,0.36,2026-10-06,801,N21,VIIRS,l,2.0NRT,307.75,5.61,D,VIIRS_NOAA21_NRT
20.96091,85.18642,332.6,0.53,0.5,2026-10-06,801,N21,VIIRS,n,2.0NRT,299.95,5.61,D,VIIRS_NOAA21_NRT
28.01836,73.05611,340.59,0.44,0.38,2026-10-06,803,N21,VIIRS,l,2.0NRT,315.04,5.61,D,VIIRS_NOAA21_NRT
23.59859,75.62834,339.89,0.53,0.42,2026-10-06,837,N,VIIRS,n,2.0NRT,312.97,5.61,D,VIIRS_SNPP_NRT
30.64689,74.1944,331.8,0.39,0.36,2026-10-06,805,N21,VIIRS,n,2.0NRT,303.37,5.6,D,VIIRS_NOAA21_NRT
11.65664,79.18148,341.46,0.4,0.44,2026-10-06,835,N,VIIRS,n,2.0NRT,297.62,5.6,D,VIIRS_SNPP_NRT
28.44779,73.28839,349.54,0.42,0.38,2026-10-06,803,N21,VIIRS,n,2.0NRT,316.48,5.58,D,VIIRS_NOAA21_NRT
28.45122,73.28763,349.69,0.42,0.38,2026-10-06,803,N21,VIIRS,n,2.0NRT,315.84,5.58,D,VIIRS_NOAA21_NRT
31.70687,74.90691,334.48,0.38,0.36,2026-10-06,805,N21,VIIRS,n,2.0NRT,301.9,5.57,D,VIIRS_NOAA21_NRT
16.4637,77.52975,336.45,0.55,0.43,2026-10-06,835,N,VIIRS,n,2.0NRT,306.01,5.57,D,VIIRS_SNPP_NRT
21.10711,72.64583,340.85,0.4,0.37,2026-10-06,2106,N,VIIRS,n,2.0NRT,299.4,5.56,N,VIIRS_SNPP_NRT
28.13032,72.98727,342.61,0.44,0.38,2026-10-06,803,N21,VIIRS,l,2.0NRT,312.84,5.54,D,VIIRS_NOAA21_NRT
15.6514,75.92497,334.17,0.38,0.59,2026-10-06,856,N20,VIIRS,l,2.0NRT,305.22,5.52,D,VIIRS_NOAA20_NRT
23.56058,87.0857,330.03,0.43,0.38,2026-10-06,716,N20,VIIRS,l,2.0NRT,304.76,5.49,D,VIIRS_NOAA20_NRT
20.79667,85.25388,333.55,0.53,0.42,2026-10-06,1947,N20,VIIRS,n,2.0NRT,296.14,5.49,N,VIIRS_NOAA20_NRT
15.17898,76.67258,304.77,0.69,0.75,2026-10-06,2127,N20,VIIRS,n,2.0NRT,293.2,5.48,N,VIIRS_NOAA20_NRT
11.03608,77.10208,334.15,0.46,0.39,2026-10-06,758,N21,VIIRS,l,2.0NRT,300.58,5.47,D,VIIRS_NOAA21_NRT
22.05586,88.12292,326.46,0.41,0.37,2026-10-06,1945,N20,VIIRS,n,2.0NRT,295.91,5.47,N,VIIRS_NOAA20_NRT
18.79669,78.41041,336.08,0.38,0.36,2026-10-06,801,N21,VIIRS,l,2.0NRT,310.03,5.44,D,VIIRS_NOAA21_NRT
21.92264,83.34924,334.98,0.48,0.48,2026-10-06,1947,N20,VIIRS,n,2.0NRT,294.35,5.4,N,VIIRS_NOAA20_NRT
18.55917,74.24247,332.44,0.51,0.41,2026-10-06,801,N21,VIIRS,n,2.0NRT,303.41,5.39,D,VIIRS_NOAA21_NRT
23.2977,77.0565,344.39,0.42,0.45,2026-10-06,837,N,VIIRS,n,2.0NRT,307.69,5.38,D,VIIRS_SNPP_NRT
9.96333,76.3942,335.83,0.51,0.41,2026-10-06,758,N21,VIIRS,n,2.0NRT,297.69,5.37,D,VIIRS_NOAA21_NRT
23.99192,87.31908,335.16,0.42,0.38,2026-10-06,716,N20,VIIRS,n,2.0NRT,298.64,5.35,D,VIIRS_NOAA20_NRT
31.49308,74.9435,342.46,0.49,0.65,2026-10-06,900,N20,VIIRS,n,2.0NRT,294.08,5.35,D,VIIRS_NOAA20_NRT
23.71383,86.44715,299.82,0.69,0.74,2026-10-06,2104,N,VIIRS,n,2.0NRT,284.16,5.35,N,VIIRS_SNPP_NRT
16.44831,79.5914,338.49,0.39,0.36,2026-10-06,758,N21,VIIRS,n,2.0NRT,307.35,5.33,D,VIIRS_NOAA21_NRT
23.93172,76.04697,346.39,0.39,0.36,2026-10-06,803,N21,VIIRS,n,2.0NRT,310.64,5.32,D,VIIRS_NOAA21_NRT
21.24977,79.20687,330.8,0.54,0.51,2026-10-06,837,N,VIIRS,l,2.0NRT,303.54,5.31,D,VIIRS_SNPP_NRT
13.90086,80.20213,337.39,0.5,0.49,2026-10-06,837,N,VIIRS,n,2.0NRT,299.21,5.28,D,VIIRS_SNPP_NRT
27.32696,95.27876,332.42,0.42,0.45,2026-10-06,622,N21,VIIRS,n,2.0NRT,292.52,5.25,D,VIIRS_NOAA21_NRT
12.58909,76.87035,336.48,0.45,0.39,2026-10-06,758,N21,VIIRS,n,2.0NRT,298.59,5.23,D,VIIRS_NOAA21_NRT
22.75127,77.32419,340.69,0.38,0.36,2026-10-06,803,N21,VIIRS,n,2.0NRT,311.53,5.23,D,VIIRS_NOAA21_NRT
31.76721,74.5918,344.27,0.38,0.36,2026-10-06,805,N21,VIIRS,n,2.0NRT,297.98,5.22,D,VIIRS_NOAA21_NRT
22.36802,87.30066,334.03,0.44,0.38,2026-10-06,716,N20,VIIRS,n,2.0NRT,300.13,5.2,D,VIIRS_NOAA20_NRT
21.92084,83.35249,334.05,0.42,0.45,2026-10-06,2027,N21,VIIRS,n,2.0NRT,294.07,5.19,N,VIIRS_NOAA21_NRT
17.03259,81.07611,339.59,0.42,0.61,2026-10-06,716,N20,VIIRS,n,2.0NRT,293.25,5.17,D,VIIRS_NOAA20_NRT
28.14541,72.97023,350.05,0.44,0.38,2026-10-06,803,N21,VIIRS,n,2.0NRT,316.49,5.16,D,VIIRS_NOAA21_NRT
28.1489,72.96947,344.8,0.44,0.38,2026-10-06,803,N21,VIIRS,l,2.0NRT,316.02,5.16,D,VIIRS_NOAA21_NRT
18.6909,73.04144,343.91,0.39,0.36,2026-10-06,835,N,VIIRS,n,2.0NRT,306.02,5.16,D,VIIRS_SNPP_NRT
24.67008,76.82352,342.64,0.42,0.45,2026-10-06,837,N,VIIRS,n,2.0NRT,308.78,5.16,D,VIIRS_SNPP_NRT
22.41866,76.71307,339.27,0.39,0.36,2026-10-06,801,N21,VIIRS,n,2.0NRT,311.7,5.15,D,VIIRS_NOAA21_NRT
22.68318,77.10816,336.14,0.58,0.69,2026-10-06,716,N20,VIIRS,n,2.0NRT,300.42,5.12,D,VIIRS_NOAA20_NRT
27.47767,70.68176,349.24,0.39,0.36,2026-10-06,839,N,VIIRS,n,2.0NRT,314.74,5.12,D,VIIRS_SNPP_NRT
28.14152,72.98936,355.58,0.44,0.38,2026-10-06,803,N21,VIIRS,l,2.0NRT,314.87,5.11,D,VIIRS_NOAA21_NRT
28.145,72.98859,342.7,0.44,0.38,2026-10-06,803,N21,VIIRS,l,2.0NRT,314.39,5.11,D,VIIRS_NOAA21_NRT
23.05833,76.49246,341.0,0.39,0.36,2026-10-06,803,N21,VIIRS,l,2.0NRT,311.11,5.07,D,VIIRS_NOAA21_NRT
24.98059,76.69881,335.82,0.38,0.36,2026-10-06,803,N21,VIIRS,n,2.0NRT,309.32,5.07,D,VIIRS_NOAA21_NRT
31.81884,74.90462,338.05,0.38,0.36,2026-10-06,805,N21,VIIRS,n,2.0NRT,299.99,5.07,D,VIIRS_NOAA21_NRT
9.79657,78.86886,335.2,0.4,0.37,2026-10-06,758,N21,VIIRS,l,2.0NRT,305.34,5.05,D,VIIRS_NOAA21_NRT
15.17751,76.6581,324.1,0.5,0.49,2026-10-06,2108,N,VIIRS,n,2.0NRT,297.36,5.01,N,VIIRS_SNPP_NRT
25.17403,76.16434,343.59,0.39,0.44,2026-10-06,837,N,VIIRS,n,2.0NRT,310.46,5.0,D,VIIRS_SNPP_NRT
28.15739,72.97672,344.79,0.44,0.38,2026-10-06,803,N21,VIIRS,n,2.0NRT,313.78,4.99,D,VIIRS_NOAA21_NRT
17.624,77.42522,335.72,0.56,0.43,2026-10-06,835,N,VIIRS,n,2.0NRT,302.61,4.98,D,VIIRS_SNPP_NRT
23.77951,86.20925,329.75,0.47,0.4,2026-10-06,716,N20,VIIRS,l,2.0NRT,302.25,4.97,D,VIIRS_NOAA20_NRT
18.93888,77.92441,341.85,0.42,0.45,2026-10-06,835,N,VIIRS,n,2.0NRT,311.09,4.97,D,VIIRS_SNPP_NRT
13.8989,80.20156,341.42,0.39,0.36,2026-10-06,758,N21,VIIRS,n,2.0NRT,305.34,4.96,D,VIIRS_NOAA21_NRT
13.90222,80.20103,339.73,0.39,0.36,2026-10-06,758,N21,VIIRS,n,2.0NRT,305.25,4.96,D,VIIRS_NOAA21_NRT
21.05284,75.55262,344.56,0.42,0.38,2026-10-06,801,N21,VIIRS,n,2.0NRT,310.36,4.96,D,VIIRS_NOAA21_NRT
28.62938,73.17501,345.74,0.43,0.38,2026-10-06,803,N21,VIIRS,n,2.0NRT,315.47,4.96,D,VIIRS_NOAA21_NRT
28.63012,73.17931,351.08,0.43,0.38,2026-10-06,803,N21,VIIRS,n,2.0NRT,315.34,4.96,D,VIIRS_NOAA21_NRT
20.63943,75.28712,346.54,0.47,0.4,2026-10-06,837,N,VIIRS,n,2.0NRT,306.1,4.95,D,VIIRS_SNPP_NRT
20.964,86.00549,340.42,0.44,0.62,2026-10-06,657,N,VIIRS,n,2.0NRT,294.76,4.92,D,VIIRS_SNPP_NRT
20.789,85.26406,313.68,0.68,0.74,2026-10-06,2106,N,VIIRS,n,2.0NRT,289.94,4.91,N,VIIRS_SNPP_NRT
15.79427,75.66636,338.64,0.47,0.4,2026-10-06,758,N21,VIIRS,n,2.0NRT,313.27,4.9,D,VIIRS_NOAA21_NRT
17.87132,77.81255,332.9,0.54,0.68,2026-10-06,856,N20,VIIRS,n,2.0NRT,300.11,4.89,D,VIIRS_NOAA20_NRT
22.78369,86.2075,313.48,0.61,0.54,2026-10-06,2027,N21,VIIRS,n,2.0NRT,289.78,4.87,N,VIIRS_NOAA21_NRT
18.85842,72.92812,329.47,0.33,0.55,2026-10-06,2125,N20,VIIRS,n,2.0NRT,292.11,4.8,N,VIIRS_NOAA20_NRT
22.7987,76.80486,331.87,0.4,0.44,2026-10-06,837,N,VIIRS,l,2.0NRT,302.67,4.79,D,VIIRS_SNPP_NRT
18.76503,78.31999,338.54,0.44,0.46,2026-10-06,835,N,VIIRS,n,2.0NRT,307.08,4.78,D,VIIRS_SNPP_NRT
10.83061,79.30345,334.67,0.39,0.36,2026-10-06,758,N21,VIIRS,n,2.0NRT,302.51,4.73,D,VIIRS_NOAA21_NRT
20.96277,85.17198,313.2,0.57,0.52,2026-10-06,2029,N21,VIIRS,n,2.0NRT,294.95,4.73,N,VIIRS_NOAA21_NRT
20.96387,85.16661,315.85,0.57,0.52,2026-10-06,2029,N21,VIIRS,n,2.0NRT,295.33,4.73,N,VIIRS_NOAA21_NRT
20.96745,85.17312,331.24,0.57,0.52,2026-10-06,2029,N21,VIIRS,n,2.0NRT,295.42,4.73,N,VIIRS_NOAA21_NRT
21.18189,81.38445,321.78,0.62,0.54,2026-10-06,1947,N20,VIIRS,n,2.0NRT,292.18,4.72,N,VIIRS_NOAA20_NRT
8.71318,78.08781,335.58,0.48,0.4,2026-10-06,835,N,VIIRS,n,2.0NRT,302.16,4.72,D,VIIRS_SNPP_NRT
12.07865,79.83046,335.23,0.38,0.36,2026-10-06,758,N21,VIIRS,n,2.0NRT,302.84,4.71,D,VIIRS_NOAA21_NRT
24.03489,78.18333,342.59,0.39,0.36,2026-10-06,803,N21,VIIRS,n,2.0NRT,305.0,4.71,D,VIIRS_NOAA21_NRT
16.46312,77.53212,336.87,0.55,0.43,2026-10-06,835,N,VIIRS,n,2.0NRT,306.57,4.68,D,VIIRS_SNPP_NRT
22.76241,75.19941,337.71,0.41,0.37,2026-10-06,803,N21,VIIRS,l,2.0NRT,308.99,4.66,D,VIIRS_NOAA21_NRT
20.80542,85.25725,316.21,0.59,0.52,2026-10-06,2029,N21,VIIRS,n,2.0NRT,294.36,4.66,N,VIIRS_NOAA21_NRT
9.72167,78.01968,331.94,0.43,0.38,2026-10-06,758,N21,VIIRS,l,2.0NRT,304.26,4.65,D,VIIRS_NOAA21_NRT
15.02378,78.01365,312.92,0.42,0.38,2026-10-06,2032,N21,VIIRS,n,2.0NRT,295.5,4.65,N,VIIRS_NOAA21_NRT
27.90915,80.39804,330.02,0.55,0.51,2026-10-06,718,N20,VIIRS,n,2.0NRT,292.29,4.65,D,VIIRS_NOAA20_NRT
18.94025,78.18945,337.2,0.38,0.36,2026-10-06,801,N21,VIIRS,l,2.0NRT,307.58,4.64,D,VIIRS_NOAA21_NRT
24.89024,76.84287,335.93,0.38,0.36,2026-10-06,803,N21,VIIRS,l,2.0NRT,310.87,4.63,D,VIIRS_NOAA21_NRT
15.18363,76.66614,329.47,0.39,0.36,2026-10-06,2032,N21,VIIRS,n,2.0NRT,296.31,4.61,N,VIIRS_NOAA21_NRT
23.73986,86.43405,303.96,0.61,0.53,2026-10-06,2027,N21,VIIRS,n,2.0NRT,289.8,4.56,N,VIIRS_NOAA21_NRT
15.18439,76.67366,334.1,0.43,0.38,2026-10-06,758,N21,VIIRS,l,2.0NRT,309.03,4.54,D,VIIRS_NOAA21_NRT
31.55684,75.08587,335.62,0.38,0.36,2026-10-06,805,N21,VIIRS,n,2.0NRT,303.39,4.54,D,VIIRS_NOAA21_NRT
31.56074,75.0892,335.71,0.38,0.36,2026-10-06,805,N21,VIIRS,n,2.0NRT,303.39,4.54,D,VIIRS_NOAA21_NRT
20.95733,85.00888,305.23,0.56,0.51,2026-10-06,2029,N21,VIIRS,n,2.0NRT,293.81,4.54,N,VIIRS_NOAA21_NRT
23.77022,86.19594,313.45,0.59,0.52,2026-10-06,2027,N21,VIIRS,n,2.0NRT,290.31,4.51,N,VIIRS_NOAA21_NRT
24.92606,76.94534,334.96,0.52,0.67,2026-10-06,718,N20,VIIRS,n,2.0NRT,299.51,4.51,D,VIIRS_NOAA20_NRT
18.8319,78.50418,338.1,0.38,0.36,2026-10-06,801,N21,VIIRS,n,2.0NRT,308.86,4.5,D,VIIRS_NOAA21_NRT
22.46583,77.12049,340.07,0.41,0.45,2026-10-06,837,N,VIIRS,n,2.0NRT,306.41,4.5,D,VIIRS_SNPP_NRT
23.73399,86.43276,304.65,0.61,0.53,2026-10-06,2027,N21,VIIRS,n,2.0NRT,290.14,4.48,N,VIIRS_NOAA21_NRT
28.16087,72.97597,342.58,0.44,0.38,2026-10-06,803,N21,VIIRS,n,2.0NRT,314.7,4.47,D,VIIRS_NOAA21_NRT
17.35938,74.80222,332.42,0.34,0.56,2026-10-06,856,N20,VIIRS,l,2.0NRT,306.25,4.47,D,VIIRS_NOAA20_NRT
19.19245,74.40977,336.68,0.49,0.4,2026-10-06,801,N21,VIIRS,l,2.0NRT,310.9,4.46,D,VIIRS_NOAA21_NRT
15.70908,75.93015,337.45,0.38,0.59,2026-10-06,856,N20,VIIRS,n,2.0NRT,307.2,4.46,D,VIIRS_NOAA20_NRT
16.93105,74.33212,334.62,0.4,0.37,2026-10-06,835,N,VIIRS,n,2.0NRT,300.79,4.46,D,VIIRS_SNPP_NRT
28.09815,77.6593,333.91,0.4,0.37,2026-10-06,803,N21,VIIRS,n,2.0NRT,303.08,4.44,D,VIIRS_NOAA21_NRT
21.24935,79.20956,339.92,0.4,0.37,2026-10-06,801,N21,VIIRS,n,2.0NRT,308.22,4.41,D,VIIRS_NOAA21_NRT
15.17486,76.65726,330.82,0.39,0.36,2026-10-06,2032,N21,VIIRS,n,2.0NRT,298.26,4.41,N,VIIRS_NOAA21_NRT
13.20328,80.00487,332.53,0.39,0.36,2026-10-06,758,N21,VIIRS,l,2.0NRT,303.47,4.4,D,VIIRS_NOAA21_NRT
22.79827,86.09086,329.38,0.49,0.4,2026-10-06,716,N20,VIIRS,l,2.0NRT,301.65,4.39,D,VIIRS_NOAA20_NRT
18.84455,78.36493,334.92,0.38,0.36,2026-10-06,801,N21,VIIRS,l,2.0NRT,308.14,4.38,D,VIIRS_NOAA21_NRT
15.1188,79.85906,332.57,0.39,0.36,2026-10-06,758,N21,VIIRS,n,2.0NRT,297.43,4.37,D,VIIRS_NOAA21_NRT
13.34836,79.6273,330.83,0.63,0.72,2026-10-06,854,N20,VIIRS,n,2.0NRT,288.81,4.37,D,VIIRS_NOAA20_NRT
28.02107,73.05099,342.9,0.44,0.38,2026-10-06,803,N21,VIIRS,l,2.0NRT,315.58,4.36,D,VIIRS_NOAA21_NRT
28.02184,73.05535,343.22,0.44,0.38,2026-10-06,803,N21,VIIRS,l,2.0NRT,315.32,4.36,D,VIIRS_NOAA21_NRT
12.75175,79.73012,335.21,0.45,0.47,2026-10-06,835,N,VIIRS,n,2.0NRT,297.85,4.36,D,VIIRS_SNPP_NRT
21.74702,83.84161,319.22,0.53,0.67,2026-10-06,2106,N,VIIRS,n,2.0NRT,289.0,4.36,N,VIIRS_SNPP_NRT
28.02098,77.78455,343.12,0.4,0.37,2026-10-06,803,N21,VIIRS,n,2.0NRT,305.28,4.34,D,VIIRS_NOAA21_NRT
24.93786,77.86482,334.76,0.46,0.64,2026-10-06,718,N20,VIIRS,n,2.0NRT,298.48,4.33,D,VIIRS_NOAA20_NRT
18.24322,79.04747,332.25,0.48,0.48,2026-10-06,835,N,VIIRS,n,2.0NRT,301.0,4.32,D,VIIRS_SNPP_NRT
17.87301,74.94636,338.3,0.48,0.4,2026-10-06,801,N21,VIIRS,n,2.0NRT,306.11,4.31,D,VIIRS_NOAA21_NRT
18.8451,78.36855,339.19,0.38,0.36,2026-10-06,801,N21,VIIRS,n,2.0NRT,309.01,4.31,D,VIIRS_NOAA21_NRT
20.5735,76.82784,338.17,0.39,0.36,2026-10-06,801,N21,VIIRS,n,2.0NRT,311.64,4.31,D,VIIRS_NOAA21_NRT
23.08757,75.6122,341.91,0.4,0.37,2026-10-06,803,N21,VIIRS,n,2.0NRT,314.43,4.31,D,VIIRS_NOAA21_NRT
23.04354,75.95006,337.31,0.4,0.37,2026-10-06,803,N21,VIIRS,l,2.0NRT,311.63,4.3,D,VIIRS_NOAA21_NRT
28.30439,73.25675,343.46,0.43,0.38,2026-10-06,803,N21,VIIRS,l,2.0NRT,316.73,4.3,D,VIIRS_NOAA21_NRT
20.96514,86.01431,317.26,0.32,0.55,2026-10-06,2029,N21,VIIRS,n,2.0NRT,293.4,4.3,N,VIIRS_NOAA21_NRT
17.62627,77.42233,335.79,0.56,0.43,2026-10-06,835,N,VIIRS,n,2.0NRT,305.98,4.3,D,VIIRS_SNPP_NRT
21.11506,74.83364,338.46,0.44,0.39,2026-10-06,801,N21,VIIRS,n,2.0NRT,308.85,4.29,D,VIIRS_NOAA21_NRT
18.67963,73.03439,324.79,0.48,0.4,2026-10-06,2029,N21,VIIRS,n,2.0NRT,295.73,4.29,N,VIIRS_NOAA21_NRT
15.023,78.01637,313.05,0.42,0.38,2026-10-06,2032,N21,VIIRS,n,2.0NRT,296.19,4.28,N,VIIRS_NOAA21_NRT
21.76078,83.84946,332.2,0.45,0.47,2026-10-06,716,N20,VIIRS,l,2.0NRT,303.12,4.28,D,VIIRS_NOAA20_NRT
24.85082,76.99059,339.12,0.43,0.46,2026-10-06,837,N,VIIRS,n,2.0NRT,306.53,4.28,D,VIIRS_SNPP_NRT
23.54077,75.96687,342.89,0.39,0.36,2026-10-06,803,N21,VIIRS,n,2.0NRT,313.72,4.27,D,VIIRS_NOAA21_NRT
24.92475,76.94323,331.48,0.52,0.67,2026-10-06,718,N20,VIIRS,n,2.0NRT,301.24,4.23,D,VIIRS_NOAA20_NRT
18.82918,78.46384,337.55,0.38,0.36,2026-10-06,801,N21,VIIRS,n,2.0NRT,311.14,4.22,D,VIIRS_NOAA21_NRT
31.43185,75.07019,334.82,0.38,0.36,2026-10-06,805,N21,VIIRS,n,2.0NRT,303.12,4.21,D,VIIRS_NOAA21_NRT
20.88767,84.98082,317.59,0.56,0.43,2026-10-06,1947,N20,VIIRS,n,2.0NRT,295.1,4.21,N,VIIRS_NOAA20_NRT
14.66021,75.61199,331.58,0.49,0.4,2026-10-06,758,N21,VIIRS,l,2.0NRT,304.44,4.2,D,VIIRS_NOAA21_NRT
15.20069,79.8919,330.95,0.5,0.49,2026-10-06,837,N,VIIRS,n,2.0NRT,294.89,4.2,D,VIIRS_SNPP_NRT
21.08088,85.03268,327.28,0.55,0.43,2026-10-06,1947,N20,VIIRS,n,2.0NRT,295.1,4.19,N,VIIRS_NOAA20_NRT
15.18328,76.64532,334.84,0.43,0.38,2026-10-06,758,N21,VIIRS,l,2.0NRT,306.9,4.18,D,VIIRS_NOAA21_NRT
15.00375,79.58876,331.46,0.58,0.7,2026-10-06,714,N20,VIIRS,n,2.0NRT,288.83,4.18,D,VIIRS_NOAA20_NRT
23.77726,86.2094,318.54,0.59,0.53,2026-10-06,2027,N21,VIIRS,n,2.0NRT,292.11,4.17,N,VIIRS_NOAA21_NRT
23.78199,86.21051,315.64,0.59,0.53,2026-10-06,2027,N21,VIIRS,n,2.0NRT,290.98,4.17,N,VIIRS_NOAA21_NRT
18.7021,78.26462,336.09,0.43,0.46,2026-10-06,835,N,VIIRS,n,2.0NRT,303.61,4.17,D,VIIRS_SNPP_NRT
22.35821,82.30381,320.89,0.54,0.42,2026-10-06,2027,N21,VIIRS,n,2.0NRT,293.23,4.16,N,VIIRS_NOAA21_NRT
21.19344,81.39823,337.14,0.48,0.4,2026-10-06,801,N21,VIIRS,n,2.0NRT,302.66,4.15,D,VIIRS_NOAA21_NRT
31.55115,75.43045,332.36,0.39,0.36,2026-10-06,805,N21,VIIRS,n,2.0NRT,300.78,4.13,D,VIIRS_NOAA21_NRT
23.34934,75.23865,338.16,0.5,0.41,2026-10-06,837,N,VIIRS,l,2.0NRT,310.9,4.13,D,VIIRS_SNPP_NRT
28.27808,73.24912,350.81,0.43,0.38,2026-10-06,803,N21,VIIRS,n,2.0NRT,317.52,4.12,D,VIIRS_NOAA21_NRT
28.27883,73.25342,343.11,0.43,0.38,2026-10-06,803,N21,VIIRS,l,2.0NRT,316.75,4.12,D,VIIRS_NOAA21_NRT
20.9684,85.17918,307.6,0.47,0.64,2026-10-06,1925,N,VIIRS,n,2.0NRT,292.64,4.12,N,VIIRS_SNPP_NRT
14.83265,78.23106,317.42,0.43,0.38,2026-10-06,2032,N21,VIIRS,n,2.0NRT,293.54,4.11,N,VIIRS_NOAA21_NRT
18.91649,77.71242,334.05,0.4,0.45,2026-10-06,835,N,VIIRS,l,2.0NRT,307.22,4.11,D,VIIRS_SNPP_NRT
18.80396,78.40878,337.4,0.38,0.36,2026-10-06,801,N21,VIIRS,n,2.0NRT,307.09,4.1,D,VIIRS_NOAA21_NRT
23.7768,86.20885,310.3,0.59,0.53,2026-10-06,2027,N21,VIIRS,n,2.0NRT,291.32,4.08,N,VIIRS_NOAA21_NRT
23.78153,86.20997,322.0,0.59,0.53,2026-10-06,2027,N21,VIIRS,n,2.0NRT,291.62,4.08,N,VIIRS_NOAA21_NRT
22.90078,69.85229,334.34,0.38,0.43,2026-10-06,858,N20,VIIRS,l,2.0NRT,305.99,4.08,D,VIIRS_NOAA20_NRT
23.92389,76.04064,336.2,0.39,0.36,2026-10-06,803,N21,VIIRS,l,2.0NRT,311.05,4.07,D,VIIRS_NOAA21_NRT
17.61049,83.20518,317.08,0.5,0.49,2026-10-06,2029,N21,VIIRS,n,2.0NRT,294.44,4.06,N,VIIRS_NOAA21_NRT
21.75569,84.02405,319.07,0.43,0.46,2026-10-06,1947,N20,VIIRS,n,2.0NRT,292.91,4.05,N,VIIRS_NOAA20_NRT
21.92125,83.35123,328.48,0.49,0.65,2026-10-06,2106,N,VIIRS,n,2.0NRT,289.52,4.03,N,VIIRS_SNPP_NRT
15.18285,76.64475,304.06,0.69,0.74,2026-10-06,2127,N20,VIIRS,n,2.0NRT,293.69,4.02,N,VIIRS_NOAA20_NRT
20.79322,85.25362,330.24,0.46,0.64,2026-10-06,1925,N,VIIRS,n,2.0NRT,293.27,4.02,N,VIIRS_SNPP_NRT
15.18185,76.65245,303.32,0.54,0.68,2026-10-06,1947,N20,VIIRS,n,2.0NRT,293.02,4.01,N,VIIRS_NOAA20_NRT
12.56443,76.85307,339.39,0.45,0.39,2026-10-06,758,N21,VIIRS,n,2.0NRT,297.79,3.99,D,VIIRS_NOAA21_NRT
23.33933,79.33273,331.97,0.42,0.37,2026-10-06,803,N21,VIIRS,l,2.0NRT,302.66,3.99,D,VIIRS_NOAA21_NRT
20.95303,86.04523,322.35,0.49,0.4,2026-10-06,1947,N20,VIIRS,n,2.0NRT,293.64,3.98,N,VIIRS_NOAA20_NRT
24.05188,79.35111,335.38,0.42,0.38,2026-10-06,803,N21,VIIRS,n,2.0NRT,304.38,3.97,D,VIIRS_NOAA21_NRT
21.10817,72.64666,322.17,0.53,0.42,2026-10-06,2029,N21,VIIRS,n,2.0NRT,298.04,3.97,N,VIIRS_NOAA21_NRT
22.81425,75.19891,334.63,0.49,0.4,2026-10-06,837,N,VIIRS,l,2.0NRT,307.11,3.96,D,VIIRS_SNPP_NRT
20.86579,84.99144,309.18,0.56,0.52,2026-10-06,2029,N21,VIIRS,n,2.0NRT,294.17,3.94,N,VIIRS_NOAA21_NRT
18.68017,73.03711,314.0,0.43,0.38,2026-10-06,2108,N,VIIRS,n,2.0NRT,294.34,3.94,N,VIIRS_SNPP_NRT
11.49876,79.32476,341.9,0.41,0.45,2026-10-06,835,N,VIIRS,n,2.0NRT,297.35,3.93,D,VIIRS_SNPP_NRT
20.9648,85.16674,307.78,0.67,0.73,2026-10-06,2106,N,VIIRS,n,2.0NRT,290.33,3.93,N,VIIRS_SNPP_NRT
28.81108,77.32294,333.82,0.4,0.37,2026-10-06,803,N21,VIIRS,l,2.0NRT,304.17,3.92,D,VIIRS_NOAA21_NRT
23.16328,82.33509,312.19,0.53,0.42,2026-10-06,2027,N21,VIIRS,n,2.0NRT,290.72,3.92,N,VIIRS_NOAA21_NRT
23.16611,82.34106,332.42,0.53,0.42,2026-10-06,2027,N21,VIIRS,n,2.0NRT,292.59,3.92,N,VIIRS_NOAA21_NRT
15.67196,78.31413,331.96,0.68,0.74,2026-10-06,714,N20,VIIRS,n,2.0NRT,293.79,3.92,D,VIIRS_NOAA20_NRT
20.9697,86.0137,335.23,0.32,0.55,2026-10-06,2029,N21,VIIRS,n,2.0NRT,294.16,3.9,N,VIIRS_NOAA21_NRT
31.73294,75.0106,341.2,0.41,0.45,2026-10-06,839,N,VIIRS,n,2.0NRT,298.47,3.9,D,VIIRS_SNPP_NRT
18.68501,73.02972,316.12,0.43,0.38,2026-10-06,2108,N,VIIRS,n,2.0NRT,294.54,3.9,N,VIIRS_SNPP_NRT
31.67693,74.66867,340.0,0.38,0.36,2026-10-06,805,N21,VIIRS,n,2.0NRT,298.71,3.89,D,VIIRS_NOAA21_NRT
15.70128,75.85379,338.68,0.45,0.39,2026-10-06,835,N,VIIRS,l,2.0NRT,313.04,3.89,D,VIIRS_SNPP_NRT
15.86252,78.48379,336.32,0.41,0.45,2026-10-06,837,N,VIIRS,n,2.0NRT,304.78,3.89,D,VIIRS_SNPP_NRT
24.94061,77.85954,336.51,0.49,0.49,2026-10-06,837,N,VIIRS,n,2.0NRT,298.04,3.87,D,VIIRS_SNPP_NRT
20.97211,85.17429,318.58,0.57,0.52,2026-10-06,2029,N21,VIIRS,n,2.0NRT,294.96,3.86,N,VIIRS_NOAA21_NRT
20.97787,85.17011,320.26,0.57,0.52,2026-10-06,2029,N21,VIIRS,n,2.0NRT,294.23,3.86,N,VIIRS_NOAA21_NRT
20.9673,86.01117,334.26,0.49,0.4,2026-10-06,1947,N20,VIIRS,n,2.0NRT,295.24,3.86,N,VIIRS_NOAA20_NRT
20.96791,86.00646,314.04,0.49,0.4,2026-10-06,1947,N20,VIIRS,n,2.0NRT,293.89,3.86,N,VIIRS_NOAA20_NRT
22.378,87.27985,326.34,0.37,0.58,2026-10-06,2027,N21,VIIRS,n,2.0NRT,291.46,3.85,N,VIIRS_NOAA21_NRT
22.97833,72.56929,338.41,0.4,0.37,2026-10-06,837,N,VIIRS,l,2.0NRT,310.56,3.85,D,VIIRS_SNPP_NRT
26.36007,88.8485,332.84,0.38,0.36,2026-10-06,718,N20,VIIRS,n,2.0NRT,298.28,3.84,D,VIIRS_NOAA20_NRT
14.42423,75.61916,331.0,0.49,0.4,2026-10-06,758,N21,VIIRS,l,2.0NRT,301.89,3.83,D,VIIRS_NOAA21_NRT
22.03917,83.35163,316.37,0.42,0.45,2026-10-06,2027,N21,VIIRS,n,2.0NRT,291.91,3.83,N,VIIRS_NOAA21_NRT
18.85827,72.92875,318.64,0.48,0.4,2026-10-06,2029,N21,VIIRS,n,2.0NRT,292.8,3.83,N,VIIRS_NOAA21_NRT
20.96427,85.18152,329.9,0.39,0.44,2026-10-06,716,N20,VIIRS,l,2.0NRT,302.15,3.83,D,VIIRS_NOAA20_NRT
20.96755,85.17699,346.42,0.39,0.44,2026-10-06,716,N20,VIIRS,n,2.0NRT,303.33,3.83,D,VIIRS_NOAA20_NRT
12.56447,76.8534,337.01,0.45,0.39,2026-10-06,758,N21,VIIRS,n,2.0NRT,297.42,3.82,D,VIIRS_NOAA21_NRT
14.87299,78.05245,328.08,0.43,0.38,2026-10-06,2032,N21,VIIRS,n,2.0NRT,295.53,3.82,N,VIIRS_NOAA21_NRT
31.55624,75.08186,335.41,0.38,0.36,2026-10-06,805,N21,VIIRS,n,2.0NRT,302.8,3.81,D,VIIRS_NOAA21_NRT
20.96497,85.1613,306.3,0.57,0.52,2026-10-06,2029,N21,VIIRS,n,2.0NRT,294.7,3.81,N,VIIRS_NOAA21_NRT
21.07915,85.03355,330.07,0.4,0.44,2026-10-06,716,N20,VIIRS,l,2.0NRT,303.65,3.81,D,VIIRS_NOAA20_NRT
16.4641,77.53301,333.68,0.5,0.66,2026-10-06,856,N20,VIIRS,n,2.0NRT,299.77,3.81,D,VIIRS_NOAA20_NRT
17.95652,80.79413,313.84,0.52,0.42,2026-10-06,2029,N21,VIIRS,n,2.0NRT,296.06,3.8,N,VIIRS_NOAA21_NRT
16.84121,79.12978,333.53,0.38,0.36,2026-10-06,801,N21,VIIRS,l,2.0NRT,305.72,3.78,D,VIIRS_NOAA21_NRT
24.89846,76.86067,330.1,0.53,0.67,2026-10-06,718,N20,VIIRS,n,2.0NRT,303.79,3.77,D,VIIRS_NOAA20_NRT
22.79522,86.20996,315.57,0.61,0.54,2026-10-06,2027,N21,VIIRS,n,2.0NRT,289.65,3.76,N,VIIRS_NOAA21_NRT
18.68266,73.03942,310.64,0.48,0.4,2026-10-06,2029,N21,VIIRS,n,2.0NRT,295.24,3.76,N,VIIRS_NOAA21_NRT
23.11797,75.73122,338.07,0.69,0.74,2026-10-06,718,N20,VIIRS,n,2.0NRT,301.75,3.76,D,VIIRS_NOAA20_NRT
31.35176,74.86839,339.18,0.39,0.44,2026-10-06,839,N,VIIRS,n,2.0NRT,300.59,3.75,D,VIIRS_SNPP_NRT
22.8372,75.92416,338.81,0.54,0.42,2026-10-06,837,N,VIIRS,l,2.0NRT,311.97,3.74,D,VIIRS_SNPP_NRT
23.29919,77.05437,339.8,0.38,0.36,2026-10-06,803,N21,VIIRS,n,2.0NRT,312.98,3.73,D,VIIRS_NOAA21_NRT
8.66954,77.99238,334.84,0.47,0.4,2026-10-06,835,N,VIIRS,l,2.0NRT,305.05,3.73,D,VIIRS_SNPP_NRT
16.13665,78.30855,338.46,0.41,0.45,2026-10-06,835,N,VIIRS,n,2.0NRT,301.73,3.73,D,VIIRS_SNPP_NRT
22.41552,77.13319,340.98,0.38,0.36,2026-10-06,801,N21,VIIRS,n,2.0NRT,309.38,3.72,D,VIIRS_NOAA21_NRT
23.12281,75.76497,339.84,0.4,0.37,2026-10-06,803,N21,VIIRS,l,2.0NRT,314.58,3.72,D,VIIRS_NOAA21_NRT
22.78805,86.19578,303.31,0.61,0.54,2026-10-06,2027,N21,VIIRS,n,2.0NRT,290.23,3.72,N,VIIRS_NOAA21_NRT
18.88681,77.98424,335.16,0.42,0.45,2026-10-06,835,N,VIIRS,l,2.0NRT,305.32,3.72,D,VIIRS_SNPP_NRT
31.35241,74.86799,336.92,0.39,0.44,2026-10-06,839,N,VIIRS,n,2.0NRT,300.18,3.72,D,VIIRS_SNPP_NRT
16.47119,79.35587,340.75,0.39,0.36,2026-10-06,758,N21,VIIRS,n,2.0NRT,306.38,3.7,D,VIIRS_NOAA21_NRT
28.28078,73.24406,343.09,0.43,0.38,2026-10-06,803,N21,VIIRS,l,2.0NRT,317.46,3.7,D,VIIRS_NOAA21_NRT
28.28422,73.2433,341.71,0.43,0.38,2026-10-06,803,N21,VIIRS,l,2.0NRT,315.67,3.7,D,VIIRS_NOAA21_NRT
22.41708,69.03851,330.49,0.42,0.38,2026-10-06,837,N,VIIRS,l,2.0NRT,305.08,3.67,D,VIIRS_SNPP_NRT
22.76183,75.19872,333.85,0.42,0.37,2026-10-06,803,N21,VIIRS,l,2.0NRT,305.63,3.66,D,VIIRS_NOAA21_NRT
13.66833,80.02389,336.79,0.39,0.36,2026-10-06,758,N21,VIIRS,n,2.0NRT,303.2,3.65,D,VIIRS_NOAA21_NRT
21.92401,83.35111,306.27,0.62,0.72,2026-10-06,1925,N,VIIRS,n,2.0NRT,288.07,3.65,N,VIIRS_SNPP_NRT
11.02615,79.84393,332.36,0.38,0.36,2026-10-06,758,N21,VIIRS,l,2.0NRT,303.05,3.64,D,VIIRS_NOAA21_NRT
23.55876,87.24153,331.36,0.43,0.38,2026-10-06,716,N20,VIIRS,n,2.0NRT,297.45,3.64,D,VIIRS_NOAA20_NRT
28.00361,77.83376,334.41,0.41,0.37,2026-10-06,803,N21,VIIRS,l,2.0NRT,304.56,3.62,D,VIIRS_NOAA21_NRT
15.49238,75.84707,335.78,0.37,0.58,2026-10-06,856,N20,VIIRS,n,2.0NRT,301.25,3.62,D,VIIRS_NOAA20_NRT
23.68486,86.39185,319.53,0.5,0.41,2026-10-06,1945,N20,VIIRS,n,2.0NRT,291.06,3.62,N,VIIRS_NOAA20_NRT
15.38936,76.11395,335.4,0.45,0.39,2026-10-06,758,N21,VIIRS,l,2.0NRT,308.22,3.6,D,VIIRS_NOAA21_NRT
15.39007,76.1181,334.84,0.45,0.39,2026-10-06,758,N21,VIIRS,l,2.0NRT,308.88,3.6,D,VIIRS_NOAA21_NRT
30.26996,76.15293,336.03,0.39,0.36,2026-10-06,805,N21,VIIRS,n,2.0NRT,304.37,3.6,D,VIIRS_NOAA21_NRT
20.78432,85.26375,311.01,0.59,0.53,2026-10-06,2029,N21,VIIRS,n,2.0NRT,294.2,3.6,N,VIIRS_NOAA21_NRT
20.78543,85.25823,313.23,0.59,0.53,2026-10-06,2029,N21,VIIRS,n,2.0NRT,293.86,3.6,N,VIIRS_NOAA21_NRT
15.67365,75.7065,340.28,0.44,0.38,2026-10-06,835,N,VIIRS,n,2.0NRT,311.85,3.59,D,VIIRS_SNPP_NRT
14.94421,75.55537,330.23,0.49,0.4,2026-10-06,758,N21,VIIRS,l,2.0NRT,303.04,3.58,D,VIIRS_NOAA21_NRT
23.10289,76.51497,338.98,0.39,0.36,2026-10-06,803,N21,VIIRS,n,2.0NRT,309.79,3.58,D,VIIRS_NOAA21_NRT
27.17183,79.19541,333.5,0.44,0.38,2026-10-06,803,N21,VIIRS,n,2.0NRT,300.56,3.58,D,VIIRS_NOAA21_NRT
18.57953,77.64066,332.04,0.66,0.73,2026-10-06,716,N20,VIIRS,n,2.0NRT,298.25,3.58,D,VIIRS_NOAA20_NRT
27.67184,77.52189,335.64,0.4,0.37,2026-10-06,803,N21,VIIRS,n,2.0NRT,305.62,3.57,D,VIIRS_NOAA21_NRT
27.67519,77.52129,332.04,0.4,0.37,2026-10-06,803,N21,VIIRS,n,2.0NRT,305.44,3.57,D,VIIRS_NOAA21_NRT
21.33587,78.96794,326.08,0.4,0.37,2026-10-06,2029,N21,VIIRS,n,2.0NRT,294.44,3.57,N,VIIRS_NOAA21_NRT
9.96479,76.3928,335.0,0.42,0.37,2026-10-06,835,N,VIIRS,n,2.0NRT,298.4,3.57,D,VIIRS_SNPP_NRT
22.36392,73.11423,311.5,0.52,0.41,2026-10-06,2029,N21,VIIRS,n,2.0NRT,297.34,3.56,N,VIIRS_NOAA21_NRT
20.96411,85.19033,323.39,0.54,0.42,2026-10-06,1947,N20,VIIRS,n,2.0NRT,296.85,3.56,N,VIIRS_NOAA20_NRT
20.96479,85.18517,319.72,0.54,0.42,2026-10-06,1947,N20,VIIRS,n,2.0NRT,295.89,3.56,N,VIIRS_NOAA20_NRT
23.76442,86.40601,329.15,0.36,0.58,2026-10-06,659,N,VIIRS,n,2.0NRT,294.52,3.56,D,VIIRS_SNPP_NRT
25.83014,72.20473,344.2,0.4,0.37,2026-10-06,837,N,VIIRS,n,2.0NRT,314.57,3.56,D,VIIRS_SNPP_NRT
21.19549,81.39835,315.29,0.62,0.54,2026-10-06,1947,N20,VIIRS,n,2.0NRT,291.34,3.55,N,VIIRS_NOAA20_NRT
11.21563,79.77025,334.77,0.38,0.36,2026-10-06,758,N21,VIIRS,l,2.0NRT,304.78,3.54,D,VIIRS_NOAA21_NRT
22.03605,83.35333,328.49,0.48,0.48,2026-10-06,716,N20,VIIRS,l,2.0NRT,299.7,3.54,D,VIIRS_NOAA20_NRT
26.38731,88.82293,333.88,0.46,0.47,2026-10-06,659,N,VIIRS,n,2.0NRT,295.3,3.54,D,VIIRS_SNPP_NRT
9.93996,78.16019,333.58,0.5,0.41,2026-10-06,835,N,VIIRS,n,2.0NRT,301.93,3.54,D,VIIRS_SNPP_NRT
20.96106,85.18558,315.05,0.67,0.73,2026-10-06,2106,N,VIIRS,n,2.0NRT,290.56,3.53,N,VIIRS_SNPP_NRT
20.96269,85.17907,306.02,0.67,0.73,2026-10-06,2106,N,VIIRS,n,2.0NRT,290.51,3.53,N,VIIRS_SNPP_NRT
28.53967,76.75604,331.11,0.39,0.36,2026-10-06,803,N21,VIIRS,l,2.0NRT,305.76,3.52,D,VIIRS_NOAA21_NRT
22.79931,86.20553,308.55,0.61,0.54,2026-10-06,2027,N21,VIIRS,n,2.0NRT,289.4,3.52,N,VIIRS_NOAA21_NRT
18.80006,78.39254,339.61,0.44,0.46,2026-10-06,835,N,VIIRS,n,2.0NRT,306.97,3.52,D,VIIRS_SNPP_NRT
20.88531,84.98128,331.42,0.4,0.44,2026-10-06,716,N20,VIIRS,l,2.0NRT,302.92,3.51,D,VIIRS_NOAA20_NRT
20.88932,84.9804,341.9,0.4,0.44,2026-10-06,716,N20,VIIRS,n,2.0NRT,303.34,3.51,D,VIIRS_NOAA20_NRT
22.78564,86.20731,323.09,0.61,0.54,2026-10-06,2027,N21,VIIRS,n,2.0NRT,290.14,3.49,N,VIIRS_NOAA21_NRT
15.70086,75.85593,332.83,0.38,0.58,2026-10-06,856,N20,VIIRS,l,2.0NRT,306.71,3.49,D,VIIRS_NOAA20_NRT
28.8654,77.2304,338.84,0.4,0.37,2026-10-06,803,N21,VIIRS,n,2.0NRT,301.79,3.48,D,VIIRS_NOAA21_NRT
20.79601,85.25487,313.64,0.59,0.52,2026-10-06,2029,N21,VIIRS,n,2.0NRT,293.31,3.48,N,VIIRS_NOAA21_NRT
25.02646,76.66709,336.0,0.38,0.36,2026-10-06,803,N21,VIIRS,l,2.0NRT,310.97,3.47,D,VIIRS_NOAA21_NRT
25.12802,75.8324,335.82,0.39,0.36,2026-10-06,803,N21,VIIRS,n,2.0NRT,307.78,3.47,D,VIIRS_NOAA21_NRT
31.48735,74.94912,336.11,0.49,0.65,2026-10-06,900,N20,VIIRS,n,2.0NRT,293.99,3.47,D,VIIRS_NOAA20_NRT
21.77886,76.45951,335.89,0.56,0.43,2026-10-06,837,N,VIIRS,l,2.0NRT,306.84,3.47,D,VIIRS_SNPP_NRT
22.99551,75.26572,339.29,0.41,0.37,2026-10-06,803,N21,VIIRS,l,2.0NRT,312.51,3.46,D,VIIRS_NOAA21_NRT
26.03614,76.77379,343.35,0.38,0.36,2026-10-06,803,N21,VIIRS,n,2.0NRT,310.76,3.46,D,VIIRS_NOAA21_NRT
22.88627,75.26617,333.74,0.41,0.37,2026-10-06,803,N21,VIIRS,l,2.0NRT,308.59,3.45,D,VIIRS_NOAA21_NRT
22.8112,75.19608,332.98,0.49,0.4,2026-10-06,837,N,VIIRS,l,2.0NRT,305.13,3.45,D,VIIRS_SNPP_NRT
22.93248,69.69913,343.14,0.4,0.37,2026-10-06,837,N,VIIRS,n,2.0NRT,312.06,3.45,D,VIIRS_SNPP_NRT
24.07672,75.33639,339.76,0.4,0.37,2026-10-06,803,N21,VIIRS,l,2.0NRT,310.19,3.44,D,VIIRS_NOAA21_NRT
26.64208,79.48026,333.41,0.39,0.36,2026-10-06,2027,N21,VIIRS,n,2.0NRT,295.82,3.44,N,VIIRS_NOAA21_NRT
22.79627,75.23403,333.35,0.41,0.37,2026-10-06,803,N21,VIIRS,l,2.0NRT,306.42,3.43,D,VIIRS_NOAA21_NRT
20.96056,85.18274,306.72,0.57,0.52,2026-10-06,2029,N21,VIIRS,n,2.0NRT,294.74,3.43,N,VIIRS_NOAA21_NRT
20.96524,85.18387,309.18,0.57,0.52,2026-10-06,2029,N21,VIIRS,n,2.0NRT,294.33,3.43,N,VIIRS_NOAA21_NRT
20.96635,85.17847,320.19,0.57,0.52,2026-10-06,2029,N21,VIIRS,n,2.0NRT,294.75,3.43,N,VIIRS_NOAA21_NRT
23.33582,79.70899,335.55,0.43,0.38,2026-10-06,803,N21,VIIRS,n,2.0NRT,306.43,3.42,D,VIIRS_NOAA21_NRT
10.37444,79.29422,336.87,0.39,0.44,2026-10-06,835,N,VIIRS,n,2.0NRT,299.83,3.42,D,VIIRS_SNPP_NRT
22.79855,86.09019,330.3,0.32,0.54,2026-10-06,801,N21,VIIRS,n,2.0NRT,298.65,3.41,D,VIIRS_NOAA21_NRT
24.10756,77.84218,338.23,0.39,0.36,2026-10-06,803,N21,VIIRS,n,2.0NRT,310.09,3.41,D,VIIRS_NOAA21_NRT
22.9041,69.8514,336.54,0.4,0.37,2026-10-06,837,N,VIIRS,l,2.0NRT,310.37,3.41,D,VIIRS_SNPP_NRT
21.3464,81.66639,318.07,0.52,0.42,2026-10-06,2029,N21,VIIRS,n,2.0NRT,293.46,3.4,N,VIIRS_NOAA21_NRT
23.12238,75.73122,335.44,0.69,0.74,2026-10-06,718,N20,VIIRS,n,2.0NRT,301.16,3.38,D,VIIRS_NOAA20_NRT
20.96429,85.17269,310.48,0.67,0.73,2026-10-06,2106,N,VIIRS,n,2.0NRT,290.46,3.37,N,VIIRS_SNPP_NRT
20.96588,85.16636,307.87,0.67,0.73,2026-10-06,2106,N,VIIRS,n,2.0NRT,290.47,3.37,N,VIIRS_SNPP_NRT
20.97094,85.17467,325.33,0.67,0.73,2026-10-06,2106,N,VIIRS,n,2.0NRT,290.85,3.37,N,VIIRS_SNPP_NRT
18.959,78.44595,335.73,0.38,0.36,2026-10-06,801,N21,VIIRS,n,2.0NRT,307.14,3.35,D,VIIRS_NOAA21_NRT
26.9454,79.45107,333.13,0.45,0.39,2026-10-06,803,N21,VIIRS,n,2.0NRT,299.36,3.35,D,VIIRS_NOAA21_NRT
23.68008,86.0953,329.31,0.48,0.4,2026-10-06,716,N20,VIIRS,l,2.0NRT,301.66,3.35,D,VIIRS_NOAA20_NRT
18.88524,78.42564,335.63,0.45,0.47,2026-10-06,835,N,VIIRS,n,2.0NRT,305.7,3.34,D,VIIRS_SNPP_NRT
27.98438,77.60524,334.87,0.52,0.5,2026-10-06,839,N,VIIRS,n,2.0NRT,302.31,3.33,D,VIIRS_SNPP_NRT
20.97853,85.17122,318.22,0.54,0.42,2026-10-06,1947,N20,VIIRS,n,2.0NRT,295.02,3.31,N,VIIRS_NOAA20_NRT
15.17661,76.65197,306.28,0.69,0.74,2026-10-06,2127,N20,VIIRS,n,2.0NRT,293.55,3.31,N,VIIRS_NOAA20_NRT
20.9637,85.1646,306.62,0.47,0.64,2026-10-06,1925,N,VIIRS,n,2.0NRT,293.13,3.31,N,VIIRS_SNPP_NRT
22.78973,86.20297,303.44,0.61,0.54,2026-10-06,2027,N21,VIIRS,n,2.0NRT,290.18,3.3,N,VIIRS_NOAA21_NRT
10.62944,79.76101,336.51,0.39,0.36,2026-10-06,758,N21,VIIRS,n,2.0NRT,304.23,3.29,D,VIIRS_NOAA21_NRT
20.98088,85.13145,306.0,0.57,0.52,2026-10-06,2029,N21,VIIRS,n,2.0NRT,294.45,3.29,N,VIIRS_NOAA21_NRT
21.07533,85.03816,307.79,0.56,0.51,2026-10-06,2029,N21,VIIRS,n,2.0NRT,294.21,3.29,N,VIIRS_NOAA21_NRT
10.34039,79.1648,342.7,0.38,0.44,2026-10-06,835,N,VIIRS,n,2.0NRT,298.02,3.29,D,VIIRS_SNPP_NRT
22.05709,88.12479,315.86,0.42,0.61,2026-10-06,2027,N21,VIIRS,n,2.0NRT,289.39,3.28,N,VIIRS_NOAA21_NRT
15.60197,79.15446,330.64,0.6,0.71,2026-10-06,714,N20,VIIRS,n,2.0NRT,290.79,3.28,D,VIIRS_NOAA20_NRT
15.26308,78.61442,334.06,0.39,0.36,2026-10-06,758,N21,VIIRS,l,2.0NRT,305.47,3.25,D,VIIRS_NOAA21_NRT
28.21823,77.64246,335.2,0.4,0.37,2026-10-06,803,N21,VIIRS,n,2.0NRT,305.22,3.25,D,VIIRS_NOAA21_NRT
22.72251,74.96073,336.68,0.42,0.38,2026-10-06,803,N21,VIIRS,l,2.0NRT,310.63,3.24,D,VIIRS_NOAA21_NRT
27.95797,77.72894,332.33,0.4,0.37,2026-10-06,803,N21,VIIRS,l,2.0NRT,304.33,3.24,D,VIIRS_NOAA21_NRT
21.76408,84.01898,306.49,0.57,0.69,2026-10-06,1925,N,VIIRS,n,2.0NRT,289.84,3.24,N,VIIRS_SNPP_NRT
28.97547,77.77505,335.54,0.41,0.37,2026-10-06,803,N21,VIIRS,n,2.0NRT,301.0,3.22,D,VIIRS_NOAA21_NRT
21.18229,81.38458,311.35,0.51,0.41,2026-10-06,2029,N21,VIIRS,n,2.0NRT,294.86,3.22,N,VIIRS_NOAA21_NRT
22.1552,77.0317,332.14,0.4,0.45,2026-10-06,837,N,VIIRS,l,2.0NRT,304.55,3.22,D,VIIRS_SNPP_NRT
24.76382,74.60773,315.13,0.47,0.39,2026-10-06,2027,N21,VIIRS,n,2.0NRT,298.05,3.21,N,VIIRS_NOAA21_NRT
21.19094,81.39883,340.17,0.33,0.55,2026-10-06,716,N20,VIIRS,n,2.0NRT,297.78,3.21,D,VIIRS_NOAA20_NRT
10.81853,78.61309,333.92,0.54,0.42,2026-10-06,835,N,VIIRS,n,2.0NRT,303.79,3.21,D,VIIRS_SNPP_NRT
20.7591,85.29747,309.21,0.69,0.74,2026-10-06,2106,N,VIIRS,n,2.0NRT,289.79,3.21,N,VIIRS_SNPP_NRT
22.81255,75.97823,335.1,0.47,0.64,2026-10-06,858,N20,VIIRS,n,2.0NRT,303.75,3.2,D,VIIRS_NOAA20_NRT
22.9355,69.69973,311.54,0.53,0.42,2026-10-06,2125,N20,VIIRS,n,2.0NRT,296.69,3.2,N,VIIRS_NOAA20_NRT
22.61091,75.22225,342.73,0.49,0.4,2026-10-06,837,N,VIIRS,n,2.0NRT,312.57,3.2,D,VIIRS_SNPP_NRT
20.97224,86.00234,319.0,0.49,0.4,2026-10-06,1947,N20,VIIRS,n,2.0NRT,295.21,3.19,N,VIIRS_NOAA20_NRT
28.03197,77.9636,331.01,0.41,0.37,2026-10-06,803,N21,VIIRS,l,2.0NRT,305.32,3.18,D,VIIRS_NOAA21_NRT
17.27904,78.44785,323.15,0.42,0.38,2026-10-06,2029,N21,VIIRS,n,2.0NRT,293.76,3.18,N,VIIRS_NOAA21_NRT
24.93863,77.86594,337.31,0.46,0.64,2026-10-06,718,N20,VIIRS,n,2.0NRT,297.77,3.18,D,VIIRS_NOAA20_NRT
15.17839,76.65344,311.84,0.5,0.49,2026-10-06,2108,N,VIIRS,n,2.0NRT,296.65,3.18,N,VIIRS_SNPP_NRT
21.75549,84.0246,313.54,0.47,0.48,2026-10-06,2027,N21,VIIRS,n,2.0NRT,293.23,3.17,N,VIIRS_NOAA21_NRT
21.0795,85.03534,310.26,0.65,0.73,2026-10-06,2106,N,VIIRS,n,2.0NRT,288.24,3.17,N,VIIRS_SNPP_NRT
21.19542,81.39732,315.88,0.51,0.41,2026-10-06,2029,N21,VIIRS,n,2.0NRT,294.05,3.16,N,VIIRS_NOAA21_NRT
9.74165,78.20967,333.7,0.42,0.38,2026-10-06,758,N21,VIIRS,n,2.0NRT,302.19,3.14,D,VIIRS_NOAA21_NRT
20.79281,85.2533,316.98,0.53,0.42,2026-10-06,1947,N20,VIIRS,n,2.0NRT,295.74,3.14,N,VIIRS_NOAA20_NRT
16.66845,80.37075,330.12,0.4,0.37,2026-10-06,801,N21,VIIRS,l,2.0NRT,304.06,3.13,D,VIIRS_NOAA21_NRT
16.67181,80.37022,342.2,0.4,0.37,2026-10-06,801,N21,VIIRS,n,2.0NRT,305.81,3.13,D,VIIRS_NOAA21_NRT
21.07996,85.03928,308.0,0.56,0.51,2026-10-06,2029,N21,VIIRS,n,2.0NRT,293.19,3.13,N,VIIRS_NOAA21_NRT
21.08104,85.03401,323.9,0.56,0.51,2026-10-06,2029,N21,VIIRS,n,2.0NRT,293.7,3.13,N,VIIRS_NOAA21_NRT
21.34549,78.95686,333.29,0.4,0.37,2026-10-06,801,N21,VIIRS,l,2.0NRT,307.51,3.12,D,VIIRS_NOAA21_NRT
20.75988,85.29531,317.92,0.53,0.42,2026-10-06,1947,N20,VIIRS,n,2.0NRT,296.43,3.11,N,VIIRS_NOAA20_NRT
13.1612,80.28104,308.54,0.58,0.52,2026-10-06,1949,N20,VIIRS,n,2.0NRT,291.83,3.11,N,VIIRS_NOAA20_NRT
20.78537,85.26071,316.13,0.59,0.52,2026-10-06,2029,N21,VIIRS,n,2.0NRT,294.64,3.1,N,VIIRS_NOAA21_NRT
20.79124,85.25629,304.4,0.58,0.52,2026-10-06,2029,N21,VIIRS,n,2.0NRT,293.59,3.1,N,VIIRS_NOAA21_NRT
18.75354,78.75139,334.01,0.39,0.36,2026-10-06,801,N21,VIIRS,n,2.0NRT,306.28,3.08,D,VIIRS_NOAA21_NRT
23.77139,86.19568,307.64,0.67,0.73,2026-10-06,2104,N,VIIRS,n,2.0NRT,285.61,3.08,N,VIIRS_SNPP_NRT
12.9852,79.84538,332.14,0.38,0.36,2026-10-06,758,N21,VIIRS,n,2.0NRT,297.95,3.07,D,VIIRS_NOAA21_NRT
22.36514,87.30166,328.25,0.44,0.39,2026-10-06,1945,N20,VIIRS,n,2.0NRT,294.44,3.07,N,VIIRS_NOAA20_NRT
22.36927,87.29795,306.13,0.44,0.39,2026-10-06,1945,N20,VIIRS,n,2.0NRT,293.31,3.07,N,VIIRS_NOAA20_NRT
27.73031,77.75183,332.46,0.4,0.37,2026-10-06,803,N21,VIIRS,l,2.0NRT,305.99,3.06,D,VIIRS_NOAA21_NRT
23.21354,79.63519,333.82,0.42,0.38,2026-10-06,803,N21,VIIRS,l,2.0NRT,305.86,3.05,D,VIIRS_NOAA21_NRT
23.68172,86.09621,308.11,0.58,0.52,2026-10-06,2027,N21,VIIRS,n,2.0NRT,290.02,3.05,N,VIIRS_NOAA21_NRT
21.19691,81.39379,312.69,0.62,0.54,2026-10-06,1947,N20,VIIRS,n,2.0NRT,292.39,3.05,N,VIIRS_NOAA20_NRT
8.16976,77.59241,333.38,0.45,0.39,2026-10-06,835,N,VIIRS,n,2.0NRT,299.94,3.05,D,VIIRS_SNPP_NRT
18.68593,73.031,334.62,0.39,0.36,2026-10-06,835,N,VIIRS,l,2.0NRT,305.45,3.05,D,VIIRS_SNPP_NRT
23.78908,85.55006,303.51,0.61,0.71,2026-10-06,2104,N,VIIRS,n,2.0NRT,285.27,3.05,N,VIIRS_SNPP_NRT
17.2568,78.9717,331.3,0.38,0.36,2026-10-06,801,N21,VIIRS,n,2.0NRT,306.12,3.04,D,VIIRS_NOAA21_NRT
22.31783,82.5585,308.55,0.56,0.43,2026-10-06,2027,N21,VIIRS,n,2.0NRT,292.41,3.03,N,VIIRS_NOAA21_NRT
20.88807,84.98032,320.61,0.56,0.43,2026-10-06,1947,N20,VIIRS,n,2.0NRT,294.94,3.02,N,VIIRS_NOAA20_NRT
20.97144,85.1688,302.02,0.67,0.73,2026-10-06,2106,N,VIIRS,n,2.0NRT,290.03,3.02,N,VIIRS_SNPP_NRT
20.97807,85.17083,309.27,0.67,0.73,2026-10-06,2106,N,VIIRS,n,2.0NRT,290.14,3.02,N,VIIRS_SNPP_NRT
22.44496,77.05593,339.31,0.38,0.36,2026-10-06,801,N21,VIIRS,n,2.0NRT,311.52,3.0,D,VIIRS_NOAA21_NRT
23.12097,70.08612,343.67,0.39,0.36,2026-10-06,837,N,VIIRS,n,2.0NRT,309.25,3.0,D,VIIRS_SNPP_NRT
20.96681,86.01849,304.7,0.75,0.77,2026-10-06,2106,N,VIIRS,n,2.0NRT,290.14,3.0,N,VIIRS_SNPP_NRT
23.04599,76.11433,341.69,0.39,0.36,2026-10-06,803,N21,VIIRS,n,2.0NRT,315.63,2.99,D,VIIRS_NOAA21_NRT
27.66933,76.13024,307.42,0.45,0.39,2026-10-06,2104,N,VIIRS,n,2.0NRT,297.13,2.99,N,VIIRS_SNPP_NRT
11.7029,78.67889,330.74,0.4,0.37,2026-10-06,758,N21,VIIRS,n,2.0NRT,294.26,2.98,D,VIIRS_NOAA21_NRT
25.49447,71.103,336.81,0.39,0.44,2026-10-06,803,N21,VIIRS,l,2.0NRT,311.16,2.98,D,VIIRS_NOAA21_NRT
20.9805,85.13642,304.11,0.66,0.73,2026-10-06,2106,N,VIIRS,n,2.0NRT,290.34,2.97,N,VIIRS_SNPP_NRT
22.10748,76.85751,337.98,0.39,0.36,2026-10-06,801,N21,VIIRS,n,2.0NRT,309.28,2.96,D,VIIRS_NOAA21_NRT
21.92652,85.22467,305.56,0.64,0.72,2026-10-06,2106,N,VIIRS,n,2.0NRT,286.49,2.96,N,VIIRS_SNPP_NRT
14.32806,79.6843,335.75,0.38,0.36,2026-10-06,758,N21,VIIRS,n,2.0NRT,300.77,2.95,D,VIIRS_NOAA21_NRT
20.96906,85.15366,303.27,0.66,0.73,2026-10-06,2106,N,VIIRS,n,2.0NRT,289.94,2.95,N,VIIRS_SNPP_NRT
24.82497,77.72971,337.76,0.39,0.36,2026-10-06,803,N21,VIIRS,n,2.0NRT,306.05,2.94,D,VIIRS_NOAA21_NRT
26.87619,73.51502,307.28,0.56,0.43,2026-10-06,2027,N21,VIIRS,n,2.0NRT,295.52,2.94,N,VIIRS_NOAA21_NRT
18.68389,73.03044,312.43,0.48,0.4,2026-10-06,2029,N21,VIIRS,n,2.0NRT,295.37,2.94,N,VIIRS_NOAA21_NRT
21.0803,76.10271,332.64,0.4,0.37,2026-10-06,801,N21,VIIRS,l,2.0NRT,307.61,2.93,D,VIIRS_NOAA21_NRT
24.83218,76.64438,338.44,0.38,0.36,2026-10-06,803,N21,VIIRS,l,2.0NRT,313.4,2.93,D,VIIRS_NOAA21_NRT
22.60985,75.22355,338.6,0.41,0.61,2026-10-06,858,N20,VIIRS,n,2.0NRT,307.34,2.93,D,VIIRS_NOAA20_NRT
20.9682,85.16647,316.15,0.54,0.42,2026-10-06,1947,N20,VIIRS,n,2.0NRT,296.3,2.93,N,VIIRS_NOAA20_NRT
20.97951,85.13406,308.94,0.55,0.42,2026-10-06,1947,N20,VIIRS,n,2.0NRT,296.2,2.93,N,VIIRS_NOAA20_NRT
15.17848,76.67768,310.58,0.5,0.49,2026-10-06,2108,N,VIIRS,n,2.0NRT,297.24,2.93,N,VIIRS_SNPP_NRT
27.97152,77.82687,334.65,0.41,0.37,2026-10-06,803,N21,VIIRS,n,2.0NRT,304.26,2.92,D,VIIRS_NOAA21_NRT
18.68994,73.0405,308.8,0.48,0.4,2026-10-06,2029,N21,VIIRS,n,2.0NRT,295.0,2.92,N,VIIRS_NOAA21_NRT
20.96558,86.00882,305.88,0.49,0.4,2026-10-06,1947,N20,VIIRS,n,2.0NRT,294.44,2.92,N,VIIRS_NOAA20_NRT
20.96865,86.01408,325.18,0.49,0.4,2026-10-06,1947,N20,VIIRS,n,2.0NRT,295.41,2.92,N,VIIRS_NOAA20_NRT
20.96929,86.00938,333.11,0.49,0.4,2026-10-06,1947,N20,VIIRS,n,2.0NRT,295.03,2.92,N,VIIRS_NOAA20_NRT
24.78565,75.08302,338.47,0.4,0.37,2026-10-06,803,N21,VIIRS,l,2.0NRT,311.76,2.91,D,VIIRS_NOAA21_NRT
24.78629,75.08696,338.1,0.4,0.37,2026-10-06,803,N21,VIIRS,l,2.0NRT,311.62,2.91,D,VIIRS_NOAA21_NRT
15.18032,76.66557,321.34,0.39,0.36,2026-10-06,2032,N21,VIIRS,n,2.0NRT,297.7,2.91,N,VIIRS_NOAA21_NRT
21.07949,85.04333,309.69,0.55,0.43,2026-10-06,1947,N20,VIIRS,n,2.0NRT,294.49,2.91,N,VIIRS_NOAA20_NRT
21.08019,85.03799,324.19,0.55,0.43,2026-10-06,1947,N20,VIIRS,n,2.0NRT,296.22,2.91,N,VIIRS_NOAA20_NRT
28.42293,77.22211,332.06,0.4,0.37,2026-10-06,803,N21,VIIRS,n,2.0NRT,301.68,2.9,D,VIIRS_NOAA21_NRT
26.28857,77.72565,336.28,0.39,0.37,2026-10-06,803,N21,VIIRS,l,2.0NRT,308.41,2.88,D,VIIRS_NOAA21_NRT
20.80653,85.25421,308.67,0.58,0.52,2026-10-06,2029,N21,VIIRS,n,2.0NRT,294.07,2.87,N,VIIRS_NOAA21_NRT
31.70508,75.0938,334.8,0.5,0.66,2026-10-06,900,N20,VIIRS,n,2.0NRT,290.01,2.87,D,VIIRS_NOAA20_NRT
21.76507,84.02,309.3,0.43,0.46,2026-10-06,1947,N20,VIIRS,n,2.0NRT,292.95,2.87,N,VIIRS_NOAA20_NRT
15.18395,76.67172,305.14,0.69,0.75,2026-10-06,2127,N20,VIIRS,n,2.0NRT,293.21,2.87,N,VIIRS_NOAA20_NRT
25.72128,76.69476,333.22,0.38,0.36,2026-10-06,803,N21,VIIRS,n,2.0NRT,305.15,2.86,D,VIIRS_NOAA21_NRT
12.35073,76.41669,331.01,0.37,0.58,2026-10-06,854,N20,VIIRS,n,2.0NRT,294.66,2.86,D,VIIRS_NOAA20_NRT
20.97977,85.13684,307.52,0.57,0.52,2026-10-06,2029,N21,VIIRS,n,2.0NRT,294.84,2.85,N,VIIRS_NOAA21_NRT
21.74752,83.83972,305.64,0.46,0.47,2026-10-06,2029,N21,VIIRS,n,2.0NRT,291.82,2.85,N,VIIRS_NOAA21_NRT
15.8013,75.65526,333.44,0.36,0.58,2026-10-06,856,N20,VIIRS,l,2.0NRT,304.86,2.85,D,VIIRS_NOAA20_NRT
22.78457,86.20514,331.13,0.32,0.55,2026-10-06,801,N21,VIIRS,n,2.0NRT,299.13,2.84,D,VIIRS_NOAA21_NRT
22.22036,84.75711,302.62,0.51,0.49,2026-10-06,2027,N21,VIIRS,n,2.0NRT,291.44,2.84,N,VIIRS_NOAA21_NRT
20.97018,85.15076,309.84,0.54,0.42,2026-10-06,1947,N20,VIIRS,n,2.0NRT,296.14,2.84,N,VIIRS_NOAA20_NRT
20.75765,85.29751,306.33,0.59,0.53,2026-10-06,2029,N21,VIIRS,n,2.0NRT,293.37,2.83,N,VIIRS_NOAA21_NRT
15.17874,76.65424,314.56,0.39,0.36,2026-10-06,2032,N21,VIIRS,n,2.0NRT,297.26,2.83,N,VIIRS_NOAA21_NRT
22.03757,83.35512,301.42,0.63,0.72,2026-10-06,1925,N,VIIRS,n,2.0NRT,287.75,2.83,N,VIIRS_SNPP_NRT
29.18993,75.89108,334.28,0.38,0.36,2026-10-06,803,N21,VIIRS,n,2.0NRT,305.22,2.82,D,VIIRS_NOAA21_NRT
13.76707,79.84455,338.72,0.38,0.36,2026-10-06,758,N21,VIIRS,n,2.0NRT,304.27,2.81,D,VIIRS_NOAA21_NRT
18.71931,78.36781,335.1,0.38,0.36,2026-10-06,801,N21,VIIRS,l,2.0NRT,308.14,2.81,D,VIIRS_NOAA21_NRT
21.75512,83.8461,305.61,0.46,0.47,2026-10-06,2029,N21,VIIRS,n,2.0NRT,292.03,2.81,N,VIIRS_NOAA21_NRT
21.02744,76.81187,336.01,0.39,0.36,2026-10-06,801,N21,VIIRS,l,2.0NRT,310.76,2.8,D,VIIRS_NOAA21_NRT
13.41738,79.71364,338.5,0.38,0.36,2026-10-06,758,N21,VIIRS,n,2.0NRT,298.45,2.79,D,VIIRS_NOAA21_NRT
26.34779,77.69125,334.71,0.39,0.37,2026-10-06,803,N21,VIIRS,l,2.0NRT,306.81,2.79,D,VIIRS_NOAA21_NRT
21.6788,84.04074,309.41,0.47,0.48,2026-10-06,2029,N21,VIIRS,n,2.0NRT,292.72,2.79,N,VIIRS_NOAA21_NRT
14.40817,79.83491,332.42,0.39,0.36,2026-10-06,758,N21,VIIRS,n,2.0NRT,299.87,2.78,D,VIIRS_NOAA21_NRT
20.97598,85.16759,312.96,0.54,0.42,2026-10-06,1947,N20,VIIRS,n,2.0NRT,295.4,2.78,N,VIIRS_NOAA20_NRT
21.92161,83.34846,308.65,0.42,0.45,2026-10-06,2027,N21,VIIRS,n,2.0NRT,292.31,2.77,N,VIIRS_NOAA21_NRT
22.79097,86.19721,303.67,0.61,0.54,2026-10-06,2027,N21,VIIRS,n,2.0NRT,290.14,2.77,N,VIIRS_NOAA21_NRT
18.68204,73.04389,310.76,0.48,0.4,2026-10-06,2029,N21,VIIRS,n,2.0NRT,296.73,2.77,N,VIIRS_NOAA21_NRT
20.96579,86.01127,325.4,0.32,0.55,2026-10-06,2029,N21,VIIRS,n,2.0NRT,294.07,2.76,N,VIIRS_NOAA21_NRT
20.96645,86.00822,308.44,0.32,0.55,2026-10-06,2029,N21,VIIRS,n,2.0NRT,293.67,2.76,N,VIIRS_NOAA21_NRT
20.96868,86.01118,317.51,0.75,0.77,2026-10-06,2106,N,VIIRS,n,2.0NRT,290.31,2.76,N,VIIRS_SNPP_NRT
20.97054,86.00394,301.99,0.75,0.77,2026-10-06,2106,N,VIIRS,n,2.0NRT,290.42,2.76,N,VIIRS_SNPP_NRT
21.74241,83.84306,312.53,0.46,0.47,2026-10-06,2029,N21,VIIRS,n,2.0NRT,293.49,2.75,N,VIIRS_NOAA21_NRT
21.74665,83.84409,327.81,0.46,0.47,2026-10-06,2029,N21,VIIRS,n,2.0NRT,293.85,2.75,N,VIIRS_NOAA21_NRT
22.80009,86.08941,307.84,0.6,0.53,2026-10-06,2027,N21,VIIRS,n,2.0NRT,289.88,2.74,N,VIIRS_NOAA21_NRT
21.33823,78.96763,318.33,0.45,0.63,2026-10-06,1947,N20,VIIRS,n,2.0NRT,290.28,2.74,N,VIIRS_NOAA20_NRT
22.75663,77.42606,334.33,0.38,0.36,2026-10-06,803,N21,VIIRS,l,2.0NRT,307.74,2.73,D,VIIRS_NOAA21_NRT
24.99185,77.15774,336.48,0.38,0.36,2026-10-06,803,N21,VIIRS,n,2.0NRT,308.86,2.73,D,VIIRS_NOAA21_NRT
29.1611,75.96935,331.92,0.38,0.36,2026-10-06,803,N21,VIIRS,l,2.0NRT,303.93,2.73,D,VIIRS_NOAA21_NRT
24.8515,76.98957,333.41,0.43,0.46,2026-10-06,837,N,VIIRS,l,2.0NRT,305.94,2.73,D,VIIRS_SNPP_NRT
22.37874,87.28192,310.95,0.44,0.39,2026-10-06,1945,N20,VIIRS,n,2.0NRT,293.89,2.72,N,VIIRS_NOAA20_NRT
23.48626,87.36324,318.79,0.45,0.39,2026-10-06,1945,N20,VIIRS,n,2.0NRT,291.94,2.72,N,VIIRS_NOAA20_NRT
8.17084,77.59177,330.68,0.45,0.39,2026-10-06,835,N,VIIRS,n,2.0NRT,299.49,2.72,D,VIIRS_SNPP_NRT
18.88131,78.31797,333.53,0.38,0.36,2026-10-06,801,N21,VIIRS,n,2.0NRT,306.57,2.71,D,VIIRS_NOAA21_NRT
23.08897,79.36874,330.58,0.41,0.37,2026-10-06,803,N21,VIIRS,l,2.0NRT,304.19,2.71,D,VIIRS_NOAA21_NRT
23.77354,86.36236,311.3,0.51,0.41,2026-10-06,1945,N20,VIIRS,n,2.0NRT,287.99,2.71,N,VIIRS_NOAA20_NRT
22.49054,75.42719,336.94,0.5,0.41,2026-10-06,837,N,VIIRS,n,2.0NRT,310.05,2.71,D,VIIRS_SNPP_NRT
31.85982,74.99559,333.39,0.38,0.36,2026-10-06,805,N21,VIIRS,n,2.0NRT,299.67,2.7,D,VIIRS_NOAA21_NRT
21.7477,83.84226,311.16,0.44,0.46,2026-10-06,1947,N20,VIIRS,n,2.0NRT,292.89,2.7,N,VIIRS_NOAA20_NRT
27.88948,77.86469,332.48,0.53,0.5,2026-10-06,839,N,VIIRS,n,2.0NRT,300.52,2.7,D,VIIRS_SNPP_NRT
23.77473,86.2107,301.13,0.67,0.73,2026-10-06,2104,N,VIIRS,n,2.0NRT,285.93,2.7,N,VIIRS_SNPP_NRT
21.07667,85.03465,305.85,0.65,0.73,2026-10-06,2106,N,VIIRS,n,2.0NRT,288.44,2.7,N,VIIRS_SNPP_NRT
23.25807,75.79953,337.21,0.4,0.37,2026-10-06,803,N21,VIIRS,l,2.0NRT,312.11,2.69,D,VIIRS_NOAA21_NRT
22.4144,69.04095,306.62,0.61,0.54,2026-10-06,2029,N21,VIIRS,n,2.0NRT,295.82,2.69,N,VIIRS_NOAA21_NRT
22.35987,87.28764,310.88,0.44,0.39,2026-10-06,1945,N20,VIIRS,n,2.0NRT,293.39,2.69,N,VIIRS_NOAA20_NRT
18.68613,73.03742,305.35,0.34,0.56,2026-10-06,2125,N20,VIIRS,n,2.0NRT,291.57,2.69,N,VIIRS_NOAA20_NRT
21.66988,76.20374,336.77,0.4,0.37,2026-10-06,801,N21,VIIRS,l,2.0NRT,310.81,2.68,D,VIIRS_NOAA21_NRT
24.07736,75.34031,342.73,0.4,0.37,2026-10-06,803,N21,VIIRS,n,2.0NRT,310.45,2.68,D,VIIRS_NOAA21_NRT
26.93414,79.47591,331.63,0.45,0.39,2026-10-06,803,N21,VIIRS,n,2.0NRT,298.56,2.68,D,VIIRS_NOAA21_NRT
22.31128,82.52922,303.49,0.56,0.43,2026-10-06,2027,N21,VIIRS,n,2.0NRT,291.31,2.68,N,VIIRS_NOAA21_NRT
22.79168,75.18555,333.66,0.42,0.37,2026-10-06,803,N21,VIIRS,l,2.0NRT,308.63,2.67,D,VIIRS_NOAA21_NRT
17.65377,78.95511,332.06,0.56,0.69,2026-10-06,716,N20,VIIRS,n,2.0NRT,295.75,2.67,D,VIIRS_NOAA20_NRT
8.71255,78.08345,336.93,0.48,0.4,2026-10-06,835,N,VIIRS,n,2.0NRT,303.34,2.67,D,VIIRS_SNPP_NRT
17.03176,81.07738,337.51,0.42,0.61,2026-10-06,716,N20,VIIRS,n,2.0NRT,293.2,2.66,D,VIIRS_NOAA20_NRT
22.81951,75.59437,341.25,0.4,0.37,2026-10-06,803,N21,VIIRS,n,2.0NRT,312.26,2.65,D,VIIRS_NOAA21_NRT
31.77562,74.6897,331.63,0.38,0.36,2026-10-06,805,N21,VIIRS,n,2.0NRT,300.54,2.65,D,VIIRS_NOAA21_NRT
15.18078,76.66257,306.54,0.54,0.68,2026-10-06,1947,N20,VIIRS,n,2.0NRT,293.62,2.64,N,VIIRS_NOAA20_NRT
15.18705,76.66322,314.2,0.54,0.68,2026-10-06,1947,N20,VIIRS,n,2.0NRT,292.61,2.64,N,VIIRS_NOAA20_NRT
21.10832,72.64896,310.19,0.58,0.52,2026-10-06,2125,N20,VIIRS,n,2.0NRT,295.97,2.64,N,VIIRS_NOAA20_NRT
21.10945,72.64354,314.88,0.58,0.52,2026-10-06,2125,N20,VIIRS,n,2.0NRT,295.27,2.64,N,VIIRS_NOAA20_NRT
23.14174,77.22825,337.13,0.38,0.36,2026-10-06,803,N21,VIIRS,l,2.0NRT,310.82,2.63,D,VIIRS_NOAA21_NRT
27.94068,77.55376,330.67,0.41,0.61,2026-10-06,718,N20,VIIRS,n,2.0NRT,299.55,2.63,D,VIIRS_NOAA20_NRT
26.87732,73.51322,305.93,0.5,0.49,2026-10-06,2123,N20,VIIRS,n,2.0NRT,294.31,2.63,N,VIIRS_NOAA20_NRT
23.05245,76.57999,336.78,0.39,0.44,2026-10-06,837,N,VIIRS,l,2.0NRT,307.1,2.63,D,VIIRS_SNPP_NRT
23.4278,75.2169,337.2,0.41,0.37,2026-10-06,803,N21,VIIRS,l,2.0NRT,311.97,2.61,D,VIIRS_NOAA21_NRT
26.64549,79.473,319.52,0.48,0.64,2026-10-06,1945,N20,VIIRS,n,2.0NRT,291.64,2.61,N,VIIRS_NOAA20_NRT
27.72846,77.75105,331.01,0.4,0.37,2026-10-06,803,N21,VIIRS,l,2.0NRT,305.31,2.6,D,VIIRS_NOAA21_NRT
22.78924,86.20663,302.88,0.7,0.75,2026-10-06,2106,N,VIIRS,n,2.0NRT,286.27,2.6,N,VIIRS_SNPP_NRT
20.80539,85.2597,310.46,0.58,0.52,2026-10-06,2029,N21,VIIRS,n,2.0NRT,293.73,2.59,N,VIIRS_NOAA21_NRT
20.95375,85.01283,305.24,0.56,0.52,2026-10-06,2029,N21,VIIRS,n,2.0NRT,293.47,2.59,N,VIIRS_NOAA21_NRT
26.64513,79.47786,307.86,0.48,0.64,2026-10-06,1945,N20,VIIRS,n,2.0NRT,292.09,2.59,N,VIIRS_NOAA20_NRT
15.46085,79.30193,340.48,0.46,0.47,2026-10-06,837,N,VIIRS,n,2.0NRT,298.69,2.59,D,VIIRS_SNPP_NRT
18.92383,78.23674,333.35,0.38,0.36,2026-10-06,801,N21,VIIRS,l,2.0NRT,306.49,2.58,D,VIIRS_NOAA21_NRT
12.87481,79.88409,305.76,0.55,0.43,2026-10-06,2032,N21,VIIRS,n,2.0NRT,292.73,2.58,N,VIIRS_NOAA21_NRT
18.68782,78.38844,330.67,0.38,0.36,2026-10-06,801,N21,VIIRS,l,2.0NRT,303.8,2.57,D,VIIRS_NOAA21_NRT
24.82294,73.09169,312.66,0.52,0.5,2026-10-06,2125,N20,VIIRS,n,2.0NRT,297.66,2.57,N,VIIRS_NOAA20_NRT
31.61101,75.03779,334.49,0.38,0.36,2026-10-06,805,N21,VIIRS,n,2.0NRT,300.4,2.56,D,VIIRS_NOAA21_NRT
31.72281,74.74605,334.18,0.38,0.36,2026-10-06,805,N21,VIIRS,n,2.0NRT,299.96,2.56,D,VIIRS_NOAA21_NRT
20.96428,86.01578,310.96,0.75,0.77,2026-10-06,2106,N,VIIRS,n,2.0NRT,289.88,2.56,N,VIIRS_SNPP_NRT
20.96612,86.00846,307.42,0.75,0.77,2026-10-06,2106,N,VIIRS,n,2.0NRT,290.32,2.56,N,VIIRS_SNPP_NRT
20.97121,86.01796,303.01,0.75,0.77,2026-10-06,2106,N,VIIRS,n,2.0NRT,290.23,2.56,N,VIIRS_SNPP_NRT
16.45162,79.59087,336.25,0.39,0.36,2026-10-06,758,N21,VIIRS,l,2.0NRT,306.53,2.55,D,VIIRS_NOAA21_NRT
22.53431,76.89382,333.62,0.6,0.7,2026-10-06,716,N20,VIIRS,n,2.0NRT,297.98,2.55,D,VIIRS_NOAA20_NRT
22.33969,69.85344,309.67,0.56,0.43,2026-10-06,2125,N20,VIIRS,n,2.0NRT,299.13,2.55,N,VIIRS_NOAA20_NRT
20.55213,78.80386,335.78,0.39,0.36,2026-10-06,801,N21,VIIRS,n,2.0NRT,306.66,2.54,D,VIIRS_NOAA21_NRT
21.92449,85.22059,301.74,0.55,0.51,2026-10-06,2027,N21,VIIRS,n,2.0NRT,289.67,2.54,N,VIIRS_NOAA21_NRT
23.64938,85.43887,307.93,0.53,0.5,2026-10-06,2027,N21,VIIRS,n,2.0NRT,288.74,2.54,N,VIIRS_NOAA21_NRT
22.57192,85.89232,305.21,0.59,0.53,2026-10-06,2027,N21,VIIRS,n,2.0NRT,290.23,2.52,N,VIIRS_NOAA21_NRT
28.4092,75.93038,332.0,0.5,0.66,2026-10-06,718,N20,VIIRS,l,2.0NRT,306.09,2.52,D,VIIRS_NOAA20_NRT
8.72527,78.08177,331.14,0.43,0.62,2026-10-06,854,N20,VIIRS,n,2.0NRT,294.77,2.52,D,VIIRS_NOAA20_NRT
15.79066,75.65638,339.53,0.36,0.58,2026-10-06,856,N20,VIIRS,n,2.0NRT,305.65,2.52,D,VIIRS_NOAA20_NRT
24.82143,73.09456,312.11,0.52,0.5,2026-10-06,2125,N20,VIIRS,n,2.0NRT,298.35,2.52,N,VIIRS_NOAA20_NRT
31.55995,74.77122,334.41,0.38,0.36,2026-10-06,805,N21,VIIRS,n,2.0NRT,300.48,2.51,D,VIIRS_NOAA21_NRT
21.98546,83.23209,314.05,0.42,0.45,2026-10-06,2027,N21,VIIRS,n,2.0NRT,292.51,2.51,N,VIIRS_NOAA21_NRT
15.17543,76.65367,322.16,0.39,0.36,2026-10-06,2032,N21,VIIRS,n,2.0NRT,297.12,2.51,N,VIIRS_NOAA21_NRT
15.17971,76.67268,306.43,0.54,0.68,2026-10-06,1947,N20,VIIRS,n,2.0NRT,293.3,2.51,N,VIIRS_NOAA20_NRT
15.18598,76.67332,318.62,0.54,0.68,2026-10-06,1947,N20,VIIRS,n,2.0NRT,292.99,2.51,N,VIIRS_NOAA20_NRT
31.65231,74.97537,330.78,0.38,0.36,2026-10-06,805,N21,VIIRS,n,2.0NRT,300.43,2.5,D,VIIRS_NOAA21_NRT
22.05473,88.12295,306.3,0.78,0.78,2026-10-06,1847,N21,VIIRS,n,2.0NRT,288.9,2.5,N,VIIRS_NOAA21_NRT
22.35678,82.30114,310.86,0.54,0.42,2026-10-06,2027,N21,VIIRS,n,2.0NRT,288.11,2.5,N,VIIRS_NOAA21_NRT
22.36061,82.30196,317.38,0.54,0.42,2026-10-06,2027,N21,VIIRS,n,2.0NRT,291.74,2.5,N,VIIRS_NOAA21_NRT
21.92344,85.22383,300.9,0.64,0.72,2026-10-06,2106,N,VIIRS,n,2.0NRT,286.24,2.5,N,VIIRS_SNPP_NRT
23.37352,75.92373,338.16,0.39,0.37,2026-10-06,803,N21,VIIRS,n,2.0NRT,310.86,2.49,D,VIIRS_NOAA21_NRT
27.54055,77.51749,330.77,0.5,0.49,2026-10-06,839,N,VIIRS,l,2.0NRT,301.7,2.49,D,VIIRS_SNPP_NRT
22.31417,82.53323,308.95,0.56,0.43,2026-10-06,2027,N21,VIIRS,n,2.0NRT,291.63,2.47,N,VIIRS_NOAA21_NRT
22.2448,87.3885,318.9,0.44,0.38,2026-10-06,1945,N20,VIIRS,n,2.0NRT,294.3,2.47,N,VIIRS_NOAA20_NRT
12.87506,79.88673,306.51,0.61,0.54,2026-10-06,1949,N20,VIIRS,n,2.0NRT,290.73,2.47,N,VIIRS_NOAA20_NRT
22.36377,87.01647,311.17,0.35,0.57,2026-10-06,2027,N21,VIIRS,n,2.0NRT,290.48,2.46,N,VIIRS_NOAA21_NRT
8.71441,78.08717,330.01,0.43,0.62,2026-10-06,854,N20,VIIRS,n,2.0NRT,294.8,2.46,D,VIIRS_NOAA20_NRT
21.33824,78.96499,313.24,0.45,0.63,2026-10-06,1947,N20,VIIRS,n,2.0NRT,289.47,2.46,N,VIIRS_NOAA20_NRT
22.54234,77.07367,335.98,0.41,0.45,2026-10-06,837,N,VIIRS,n,2.0NRT,305.16,2.46,D,VIIRS_SNPP_NRT
20.95179,86.04297,315.79,0.41,0.61,2026-10-06,1925,N,VIIRS,n,2.0NRT,290.41,2.46,N,VIIRS_SNPP_NRT
18.58453,74.29425,333.45,0.32,0.55,2026-10-06,856,N20,VIIRS,l,2.0NRT,306.36,2.45,D,VIIRS_NOAA20_NRT
25.9723,90.06287,331.03,0.4,0.44,2026-10-06,659,N,VIIRS,n,2.0NRT,296.79,2.45,D,VIIRS_SNPP_NRT
22.35723,82.30286,314.79,0.42,0.61,2026-10-06,2106,N,VIIRS,n,2.0NRT,288.12,2.44,N,VIIRS_SNPP_NRT
20.96977,86.02113,309.96,0.49,0.4,2026-10-06,1947,N20,VIIRS,n,2.0NRT,293.92,2.43,N,VIIRS_NOAA20_NRT
27.22213,95.34696,328.7,0.42,0.45,2026-10-06,620,N21,VIIRS,n,2.0NRT,293.23,2.42,D,VIIRS_NOAA21_NRT
11.49183,78.01223,330.61,0.42,0.37,2026-10-06,758,N21,VIIRS,n,2.0NRT,293.72,2.41,D,VIIRS_NOAA21_NRT
15.17507,77.09747,303.23,0.74,0.76,2026-10-06,2127,N20,VIIRS,n,2.0NRT,291.75,2.41,N,VIIRS_NOAA20_NRT
21.19293,81.40076,331.36,0.37,0.58,2026-10-06,837,N,VIIRS,n,2.0NRT,296.12,2.41,D,VIIRS_SNPP_NRT
21.67912,84.04051,306.71,0.55,0.68,2026-10-06,2106,N,VIIRS,n,2.0NRT,288.68,2.41,N,VIIRS_SNPP_NRT
9.75972,78.50099,334.66,0.41,0.37,2026-10-06,758,N21,VIIRS,n,2.0NRT,301.28,2.4,D,VIIRS_NOAA21_NRT
18.93204,77.89384,338.4,0.39,0.36,2026-10-06,801,N21,VIIRS,l,2.0NRT,311.63,2.4,D,VIIRS_NOAA21_NRT
22.05162,88.12334,315.0,0.42,0.61,2026-10-06,2027,N21,VIIRS,n,2.0NRT,289.65,2.39,N,VIIRS_NOAA21_NRT
23.69481,85.28729,306.7,0.52,0.5,2026-10-06,2027,N21,VIIRS,n,2.0NRT,288.97,2.39,N,VIIRS_NOAA21_NRT
20.8639,84.98838,312.81,0.56,0.52,2026-10-06,2029,N21,VIIRS,n,2.0NRT,293.55,2.39,N,VIIRS_NOAA21_NRT
26.04003,76.77425,331.08,0.51,0.66,2026-10-06,718,N20,VIIRS,l,2.0NRT,303.28,2.39,D,VIIRS_NOAA20_NRT
20.56507,74.62199,338.7,0.36,0.57,2026-10-06,856,N20,VIIRS,n,2.0NRT,306.21,2.39,D,VIIRS_NOAA20_NRT
20.96229,85.17422,319.05,0.54,0.42,2026-10-06,1947,N20,VIIRS,n,2.0NRT,296.41,2.39,N,VIIRS_NOAA20_NRT
20.96548,85.17999,318.94,0.54,0.42,2026-10-06,1947,N20,VIIRS,n,2.0NRT,296.37,2.39,N,VIIRS_NOAA20_NRT
20.96617,85.17477,307.85,0.54,0.42,2026-10-06,1947,N20,VIIRS,n,2.0NRT,295.99,2.39,N,VIIRS_NOAA20_NRT
31.27839,75.20634,337.88,0.41,0.45,2026-10-06,839,N,VIIRS,n,2.0NRT,298.24,2.39,D,VIIRS_SNPP_NRT
17.91269,79.3375,333.61,0.39,0.36,2026-10-06,801,N21,VIIRS,n,2.0NRT,304.6,2.38,D,VIIRS_NOAA21_NRT
21.99296,76.84338,334.55,0.39,0.36,2026-10-06,801,N21,VIIRS,l,2.0NRT,308.05,2.38,D,VIIRS_NOAA21_NRT
24.19572,82.7185,302.0,0.54,0.42,2026-10-06,2027,N21,VIIRS,n,2.0NRT,291.23,2.38,N,VIIRS_NOAA21_NRT
20.96623,86.00414,308.21,0.49,0.4,2026-10-06,1947,N20,VIIRS,n,2.0NRT,294.83,2.38,N,VIIRS_NOAA20_NRT
22.94077,75.44704,337.97,0.41,0.37,2026-10-06,803,N21,VIIRS,l,2.0NRT,309.63,2.37,D,VIIRS_NOAA21_NRT
31.85885,74.90037,332.21,0.38,0.36,2026-10-06,805,N21,VIIRS,n,2.0NRT,299.1,2.36,D,VIIRS_NOAA21_NRT
23.37871,77.0504,338.3,0.42,0.45,2026-10-06,837,N,VIIRS,n,2.0NRT,308.64,2.36,D,VIIRS_SNPP_NRT
22.03618,83.35365,309.36,0.49,0.65,2026-10-06,2106,N,VIIRS,n,2.0NRT,288.14,2.36,N,VIIRS_SNPP_NRT
18.91499,78.17887,333.21,0.38,0.36,2026-10-06,801,N21,VIIRS,n,2.0NRT,305.65,2.35,D,VIIRS_NOAA21_NRT
20.91312,79.01976,333.18,0.39,0.37,2026-10-06,801,N21,VIIRS,n,2.0NRT,302.97,2.35,D,VIIRS_NOAA21_NRT
18.71788,79.53873,311.49,0.45,0.39,2026-10-06,2029,N21,VIIRS,n,2.0NRT,294.43,2.35,N,VIIRS_NOAA21_NRT
18.81176,78.45163,331.02,0.45,0.47,2026-10-06,835,N,VIIRS,n,2.0NRT,304.78,2.35,D,VIIRS_SNPP_NRT
23.69297,85.36844,303.91,0.6,0.7,2026-10-06,2106,N,VIIRS,n,2.0NRT,285.06,2.35,N,VIIRS_SNPP_NRT
21.37557,81.6812,303.89,0.6,0.53,2026-10-06,1947,N20,VIIRS,n,2.0NRT,291.77,2.34,N,VIIRS_NOAA20_NRT
20.7897,85.25859,312.71,0.46,0.64,2026-10-06,1925,N,VIIRS,n,2.0NRT,293.19,2.34,N,VIIRS_SNPP_NRT
20.79603,85.25485,321.58,0.46,0.64,2026-10-06,1925,N,VIIRS,n,2.0NRT,293.16,2.34,N,VIIRS_SNPP_NRT
18.85048,78.18225,333.51,0.38,0.36,2026-10-06,801,N21,VIIRS,l,2.0NRT,305.47,2.33,D,VIIRS_NOAA21_NRT
23.21302,75.50071,336.18,0.4,0.37,2026-10-06,803,N21,VIIRS,l,2.0NRT,311.01,2.33,D,VIIRS_NOAA21_NRT
20.75875,85.29211,306.54,0.59,0.53,2026-10-06,2029,N21,VIIRS,n,2.0NRT,293.28,2.33,N,VIIRS_NOAA21_NRT
14.77322,75.41463,333.4,0.42,0.38,2026-10-06,837,N,VIIRS,l,2.0NRT,305.23,2.33,D,VIIRS_SNPP_NRT
17.16592,81.15886,332.94,0.43,0.38,2026-10-06,801,N21,VIIRS,l,2.0NRT,303.41,2.32,D,VIIRS_NOAA21_NRT
22.98812,75.41775,335.66,0.41,0.37,2026-10-06,803,N21,VIIRS,l,2.0NRT,309.5,2.32,D,VIIRS_NOAA21_NRT
20.96298,85.169,312.32,0.54,0.42,2026-10-06,1947,N20,VIIRS,n,2.0NRT,297.02,2.32,N,VIIRS_NOAA20_NRT
20.96687,85.16955,309.66,0.54,0.42,2026-10-06,1947,N20,VIIRS,n,2.0NRT,295.89,2.32,N,VIIRS_NOAA20_NRT
20.96756,85.16431,314.99,0.54,0.42,2026-10-06,1947,N20,VIIRS,n,2.0NRT,296.04,2.32,N,VIIRS_NOAA20_NRT
21.75998,83.84825,316.96,0.44,0.46,2026-10-06,1947,N20,VIIRS,n,2.0NRT,292.53,2.32,N,VIIRS_NOAA20_NRT
21.76424,83.84883,316.1,0.44,0.46,2026-10-06,1947,N20,VIIRS,n,2.0NRT,293.58,2.32,N,VIIRS_NOAA20_NRT
14.86639,75.14045,332.09,0.41,0.37,2026-10-06,837,N,VIIRS,n,2.0NRT,298.73,2.32,D,VIIRS_SNPP_NRT
23.12267,70.08536,327.01,0.4,0.37,2026-10-06,2106,N,VIIRS,n,2.0NRT,296.72,2.32,N,VIIRS_SNPP_NRT
13.58434,79.78032,338.45,0.38,0.36,2026-10-06,758,N21,VIIRS,n,2.0NRT,301.87,2.31,D,VIIRS_NOAA21_NRT
14.80023,79.81902,335.98,0.39,0.36,2026-10-06,758,N21,VIIRS,n,2.0NRT,300.91,2.31,D,VIIRS_NOAA21_NRT
15.04599,80.03203,333.8,0.39,0.36,2026-10-06,758,N21,VIIRS,n,2.0NRT,302.69,2.31,D,VIIRS_NOAA21_NRT
23.66903,86.93545,329.36,0.37,0.58,2026-10-06,801,N21,VIIRS,n,2.0NRT,294.4,2.31,D,VIIRS_NOAA21_NRT
27.37462,77.68356,304.26,0.62,0.72,2026-10-06,1945,N20,VIIRS,n,2.0NRT,292.04,2.31,N,VIIRS_NOAA20_NRT
21.24874,79.20113,299.57,0.75,0.77,2026-10-06,2125,N20,VIIRS,n,2.0NRT,286.26,2.31,N,VIIRS_NOAA20_NRT
20.96696,86.00367,304.64,0.41,0.61,2026-10-06,1925,N,VIIRS,n,2.0NRT,290.95,2.31,N,VIIRS_SNPP_NRT
10.25785,79.20624,316.85,0.55,0.43,2026-10-06,2032,N21,VIIRS,n,2.0NRT,293.66,2.3,N,VIIRS_NOAA21_NRT
20.80509,85.25482,308.59,0.46,0.64,2026-10-06,1925,N,VIIRS,n,2.0NRT,293.06,2.3,N,VIIRS_SNPP_NRT
9.82017,78.34545,333.36,0.51,0.41,2026-10-06,835,N,VIIRS,n,2.0NRT,298.69,2.29,D,VIIRS_SNPP_NRT
17.0319,81.07726,331.6,0.42,0.38,2026-10-06,801,N21,VIIRS,n,2.0NRT,298.95,2.27,D,VIIRS_NOAA21_NRT
23.18748,75.32352,341.31,0.41,0.37,2026-10-06,803,N21,VIIRS,n,2.0NRT,313.65,2.27,D,VIIRS_NOAA21_NRT
20.96169,85.17952,303.03,0.67,0.73,2026-10-06,2106,N,VIIRS,n,2.0NRT,290.49,2.27,N,VIIRS_SNPP_NRT
20.96325,85.1731,308.47,0.67,0.73,2026-10-06,2106,N,VIIRS,n,2.0NRT,290.37,2.27,N,VIIRS_SNPP_NRT
22.07642,75.37547,333.63,0.42,0.37,2026-10-06,801,N21,VIIRS,n,2.0NRT,307.88,2.26,D,VIIRS_NOAA21_NRT
23.65092,85.43442,314.48,0.57,0.43,2026-10-06,1945,N20,VIIRS,n,2.0NRT,289.58,2.26,N,VIIRS_NOAA20_NRT
20.96158,85.18769,309.2,0.47,0.64,2026-10-06,1925,N,VIIRS,n,2.0NRT,292.83,2.26,N,VIIRS_SNPP_NRT
23.77341,86.1918,303.35,0.67,0.73,2026-10-06,2104,N,VIIRS,n,2.0NRT,285.84,2.26,N,VIIRS_SNPP_NRT
22.20831,84.86147,303.45,0.52,0.5,2026-10-06,2027,N21,VIIRS,n,2.0NRT,291.94,2.25,N,VIIRS_NOAA21_NRT
22.03279,83.36196,302.53,0.48,0.48,2026-10-06,1945,N20,VIIRS,n,2.0NRT,291.07,2.25,N,VIIRS_NOAA20_NRT
17.65667,78.95226,332.72,0.47,0.47,2026-10-06,835,N,VIIRS,n,2.0NRT,302.59,2.25,D,VIIRS_SNPP_NRT
21.68846,76.42614,337.49,0.39,0.36,2026-10-06,801,N21,VIIRS,n,2.0NRT,311.08,2.23,D,VIIRS_NOAA21_NRT
23.7559,85.85071,303.14,0.56,0.51,2026-10-06,2027,N21,VIIRS,n,2.0NRT,289.96,2.23,N,VIIRS_NOAA21_NRT
21.67791,84.03579,303.7,0.56,0.69,2026-10-06,1925,N,VIIRS,n,2.0NRT,289.21,2.23,N,VIIRS_SNPP_NRT
22.41716,69.03638,307.51,0.61,0.54,2026-10-06,2029,N21,VIIRS,n,2.0NRT,295.92,2.22,N,VIIRS_NOAA21_NRT
24.94273,77.86137,331.02,0.49,0.49,2026-10-06,837,N,VIIRS,n,2.0NRT,297.61,2.22,D,VIIRS_SNPP_NRT
23.652,85.43527,302.23,0.48,0.65,2026-10-06,1923,N,VIIRS,n,2.0NRT,285.92,2.22,N,VIIRS_SNPP_NRT
20.88737,84.98013,315.39,0.48,0.65,2026-10-06,1925,N,VIIRS,n,2.0NRT,292.12,2.22,N,VIIRS_SNPP_NRT
26.87742,73.5151,313.48,0.39,0.36,2026-10-06,2104,N,VIIRS,n,2.0NRT,295.43,2.22,N,VIIRS_SNPP_NRT
20.95141,86.047,312.99,0.41,0.61,2026-10-06,1925,N,VIIRS,n,2.0NRT,290.33,2.21,N,VIIRS_SNPP_NRT
16.04591,79.74194,333.32,0.39,0.36,2026-10-06,758,N21,VIIRS,n,2.0NRT,302.19,2.2,D,VIIRS_NOAA21_NRT
21.05205,75.55197,334.8,0.49,0.4,2026-10-06,837,N,VIIRS,l,2.0NRT,307.1,2.2,D,VIIRS_SNPP_NRT
21.10647,72.64966,322.6,0.4,0.37,2026-10-06,2106,N,VIIRS,n,2.0NRT,297.99,2.2,N,VIIRS_SNPP_NRT
22.93177,69.69856,318.95,0.41,0.37,2026-10-06,2106,N,VIIRS,n,2.0NRT,297.71,2.2,N,VIIRS_SNPP_NRT
22.57423,85.89503,312.79,0.52,0.41,2026-10-06,1945,N20,VIIRS,n,2.0NRT,292.06,2.19,N,VIIRS_NOAA20_NRT
20.91011,71.45829,313.62,0.49,0.48,2026-10-06,2125,N20,VIIRS,n,2.0NRT,297.18,2.19,N,VIIRS_NOAA20_NRT
24.20548,82.71104,300.04,0.72,0.76,2026-10-06,1923,N,VIIRS,n,2.0NRT,287.82,2.19,N,VIIRS_SNPP_NRT
20.9662,86.01175,305.78,0.41,0.61,2026-10-06,1925,N,VIIRS,n,2.0NRT,290.85,2.19,N,VIIRS_SNPP_NRT
22.37876,87.27639,304.39,0.37,0.58,2026-10-06,2027,N21,VIIRS,n,2.0NRT,290.06,2.18,N,VIIRS_NOAA21_NRT
22.32004,82.56062,310.97,0.54,0.51,2026-10-06,1945,N20,VIIRS,n,2.0NRT,291.48,2.18,N,VIIRS_NOAA20_NRT
22.00602,82.66793,312.77,0.53,0.5,2026-10-06,1947,N20,VIIRS,n,2.0NRT,291.78,2.18,N,VIIRS_NOAA20_NRT
20.96557,85.18735,322.93,0.54,0.42,2026-10-06,1947,N20,VIIRS,n,2.0NRT,295.87,2.17,N,VIIRS_NOAA20_NRT
20.96622,85.18217,311.72,0.54,0.42,2026-10-06,1947,N20,VIIRS,n,2.0NRT,295.5,2.17,N,VIIRS_NOAA20_NRT
20.96688,85.17696,314.75,0.54,0.42,2026-10-06,1947,N20,VIIRS,n,2.0NRT,295.83,2.17,N,VIIRS_NOAA20_NRT
20.96754,85.17172,308.67,0.54,0.42,2026-10-06,1947,N20,VIIRS,n,2.0NRT,295.54,2.17,N,VIIRS_NOAA20_NRT
20.97077,85.17751,321.89,0.54,0.42,2026-10-06,1947,N20,VIIRS,n,2.0NRT,296.03,2.17,N,VIIRS_NOAA20_NRT
20.97143,85.17226,319.37,0.54,0.42,2026-10-06,1947,N20,VIIRS,n,2.0NRT,296.11,2.17,N,VIIRS_NOAA20_NRT
22.40314,77.13721,331.08,0.41,0.45,2026-10-06,837,N,VIIRS,l,2.0NRT,305.65,2.17,D,VIIRS_SNPP_NRT
23.2461,77.46198,337.94,0.44,0.46,2026-10-06,837,N,VIIRS,n,2.0NRT,303.42,2.17,D,VIIRS_SNPP_NRT
24.20185,77.08369,335.54,0.38,0.36,2026-10-06,803,N21,VIIRS,n,2.0NRT,309.47,2.16,D,VIIRS_NOAA21_NRT
20.95292,86.04475,325.1,0.33,0.55,2026-10-06,2029,N21,VIIRS,n,2.0NRT,292.98,2.16,N,VIIRS_NOAA21_NRT
20.88721,84.97994,302.11,0.65,0.73,2026-10-06,2106,N,VIIRS,n,2.0NRT,288.87,2.16,N,VIIRS_SNPP_NRT
23.41402,76.9614,335.96,0.38,0.36,2026-10-06,803,N21,VIIRS,l,2.0NRT,309.27,2.15,D,VIIRS_NOAA21_NRT
20.96009,85.18606,308.81,0.67,0.74,2026-10-06,2106,N,VIIRS,n,2.0NRT,290.53,2.15,N,VIIRS_SNPP_NRT
21.07557,85.04277,311.34,0.55,0.43,2026-10-06,1947,N20,VIIRS,n,2.0NRT,293.9,2.14,N,VIIRS_NOAA20_NRT
21.07627,85.03743,310.98,0.55,0.43,2026-10-06,1947,N20,VIIRS,n,2.0NRT,295.98,2.14,N,VIIRS_NOAA20_NRT
23.75832,85.85243,303.8,0.56,0.51,2026-10-06,2027,N21,VIIRS,n,2.0NRT,289.84,2.13,N,VIIRS_NOAA21_NRT
23.76969,86.19533,307.13,0.59,0.53,2026-10-06,2027,N21,VIIRS,n,2.0NRT,289.48,2.13,N,VIIRS_NOAA21_NRT
23.77441,86.19649,307.06,0.59,0.53,2026-10-06,2027,N21,VIIRS,n,2.0NRT,290.79,2.13,N,VIIRS_NOAA21_NRT
28.78152,76.94775,328.64,0.41,0.37,2026-10-06,2027,N21,VIIRS,n,2.0NRT,295.24,2.13,N,VIIRS_NOAA21_NRT
22.3218,82.58746,309.75,0.54,0.51,2026-10-06,1945,N20,VIIRS,n,2.0NRT,290.93,2.13,N,VIIRS_NOAA20_NRT
21.24821,79.20834,314.67,0.56,0.52,2026-10-06,2106,N,VIIRS,n,2.0NRT,291.13,2.13,N,VIIRS_SNPP_NRT
27.35553,79.13979,331.12,0.44,0.38,2026-10-06,803,N21,VIIRS,n,2.0NRT,300.64,2.12,D,VIIRS_NOAA21_NRT
21.10949,72.6365,312.31,0.53,0.42,2026-10-06,2029,N21,VIIRS,n,2.0NRT,297.4,2.12,N,VIIRS_NOAA21_NRT
21.98479,83.23138,310.48,0.49,0.48,2026-10-06,1947,N20,VIIRS,n,2.0NRT,291.58,2.12,N,VIIRS_NOAA20_NRT
15.59356,75.72619,337.23,0.44,0.38,2026-10-06,837,N,VIIRS,l,2.0NRT,310.65,2.12,D,VIIRS_SNPP_NRT
20.96676,85.18798,309.16,0.67,0.74,2026-10-06,2106,N,VIIRS,n,2.0NRT,290.43,2.12,N,VIIRS_SNPP_NRT
15.81963,75.32847,335.86,0.49,0.4,2026-10-06,758,N21,VIIRS,l,2.0NRT,308.42,2.1,D,VIIRS_NOAA21_NRT
20.16371,77.93385,335.56,0.38,0.36,2026-10-06,801,N21,VIIRS,n,2.0NRT,309.78,2.1,D,VIIRS_NOAA21_NRT
20.88753,84.98016,304.59,0.56,0.51,2026-10-06,2029,N21,VIIRS,n,2.0NRT,293.2,2.1,N,VIIRS_NOAA21_NRT
25.20226,75.32056,337.04,0.53,0.42,2026-10-06,837,N,VIIRS,n,2.0NRT,309.14,2.1,D,VIIRS_SNPP_NRT
22.36399,87.29997,313.88,0.35,0.57,2026-10-06,1925,N,VIIRS,n,2.0NRT,289.36,2.1,N,VIIRS_SNPP_NRT
18.8665,78.39832,336.57,0.38,0.36,2026-10-06,801,N21,VIIRS,n,2.0NRT,306.39,2.09,D,VIIRS_NOAA21_NRT
21.3755,81.67912,314.37,0.52,0.42,2026-10-06,2029,N21,VIIRS,n,2.0NRT,294.43,2.09,N,VIIRS_NOAA21_NRT
18.82151,78.47765,332.26,0.61,0.71,2026-10-06,856,N20,VIIRS,n,2.0NRT,298.05,2.09,D,VIIRS_NOAA20_NRT
15.65764,73.98994,330.55,0.39,0.36,2026-10-06,835,N,VIIRS,n,2.0NRT,299.16,2.09,D,VIIRS_SNPP_NRT
29.21368,75.73923,335.62,0.42,0.45,2026-10-06,839,N,VIIRS,n,2.0NRT,310.34,2.09,D,VIIRS_SNPP_NRT
17.98237,80.82462,307.14,0.53,0.42,2026-10-06,2029,N21,VIIRS,n,2.0NRT,295.37,2.08,N,VIIRS_NOAA21_NRT
27.47565,70.68224,337.65,0.49,0.48,2026-10-06,858,N20,VIIRS,l,2.0NRT,311.95,2.08,D,VIIRS_NOAA20_NRT
17.60523,83.19949,310.48,0.43,0.46,2026-10-06,1947,N20,VIIRS,n,2.0NRT,294.18,2.08,N,VIIRS_NOAA20_NRT
18.68743,73.03111,306.6,0.34,0.56,2026-10-06,2125,N20,VIIRS,n,2.0NRT,291.47,2.08,N,VIIRS_NOAA20_NRT
20.80791,85.25596,313.41,0.46,0.64,2026-10-06,1925,N,VIIRS,n,2.0NRT,293.69,2.08,N,VIIRS_SNPP_NRT
21.92039,83.35051,310.33,0.63,0.72,2026-10-06,1925,N,VIIRS,n,2.0NRT,288.63,2.08,N,VIIRS_SNPP_NRT
20.80681,85.25474,302.05,0.68,0.74,2026-10-06,2106,N,VIIRS,n,2.0NRT,289.89,2.08,N,VIIRS_SNPP_NRT
22.01491,83.75268,309.97,0.45,0.47,2026-10-06,2027,N21,VIIRS,n,2.0NRT,292.08,2.07,N,VIIRS_NOAA21_NRT
20.7924,85.25077,309.31,0.58,0.52,2026-10-06,2029,N21,VIIRS,n,2.0NRT,293.38,2.07,N,VIIRS_NOAA21_NRT
26.64302,79.47813,314.11,0.58,0.7,2026-10-06,2123,N20,VIIRS,n,2.0NRT,291.24,2.07,N,VIIRS_NOAA20_NRT
21.07426,85.04336,304.64,0.56,0.51,2026-10-06,2029,N21,VIIRS,n,2.0NRT,293.11,2.06,N,VIIRS_NOAA21_NRT
21.93165,85.21916,295.99,0.64,0.72,2026-10-06,2106,N,VIIRS,n,2.0NRT,285.74,2.06,N,VIIRS_SNPP_NRT
18.86271,83.57099,330.16,0.39,0.44,2026-10-06,801,N21,VIIRS,n,2.0NRT,303.27,2.05,D,VIIRS_NOAA21_NRT
23.23554,75.26954,341.04,0.41,0.37,2026-10-06,803,N21,VIIRS,l,2.0NRT,312.99,2.05,D,VIIRS_NOAA21_NRT
23.66949,84.9972,300.21,0.51,0.66,2026-10-06,1923,N,VIIRS,n,2.0NRT,285.72,2.05,N,VIIRS_SNPP_NRT
20.86235,84.9871,305.36,0.48,0.65,2026-10-06,1925,N,VIIRS,n,2.0NRT,291.99,2.05,N,VIIRS_SNPP_NRT
25.27237,76.01369,332.57,0.39,0.36,2026-10-06,803,N21,VIIRS,l,2.0NRT,305.94,2.04,D,VIIRS_NOAA21_NRT
27.2053,77.97039,314.26,0.39,0.36,2026-10-06,2027,N21,VIIRS,n,2.0NRT,296.9,2.04,N,VIIRS_NOAA21_NRT
22.79691,86.19866,307.35,0.5,0.41,2026-10-06,1945,N20,VIIRS,n,2.0NRT,290.68,2.04,N,VIIRS_NOAA20_NRT
21.67358,82.07869,310.38,0.57,0.52,2026-10-06,1947,N20,VIIRS,n,2.0NRT,292.13,2.04,N,VIIRS_NOAA20_NRT
18.80548,78.36607,330.04,0.44,0.46,2026-10-06,835,N,VIIRS,l,2.0NRT,304.62,2.04,D,VIIRS_SNPP_NRT
20.95563,85.01235,311.2,0.55,0.43,2026-10-06,1947,N20,VIIRS,n,2.0NRT,295.9,2.03,N,VIIRS_NOAA20_NRT
20.86283,84.99377,307.17,0.56,0.52,2026-10-06,2029,N21,VIIRS,n,2.0NRT,293.77,2.02,N,VIIRS_NOAA21_NRT
22.7919,86.20786,309.61,0.5,0.41,2026-10-06,1945,N20,VIIRS,n,2.0NRT,290.87,2.02,N,VIIRS_NOAA20_NRT
22.93275,69.70165,307.83,0.56,0.52,2026-10-06,2029,N21,VIIRS,n,2.0NRT,296.73,2.01,N,VIIRS_NOAA21_NRT
22.93332,69.69617,312.12,0.56,0.52,2026-10-06,2029,N21,VIIRS,n,2.0NRT,296.43,2.01,N,VIIRS_NOAA21_NRT
22.4171,69.03897,320.9,0.5,0.41,2026-10-06,2125,N20,VIIRS,n,2.0NRT,296.21,2.01,N,VIIRS_NOAA20_NRT
8.16195,77.60555,332.84,0.45,0.39,2026-10-06,835,N,VIIRS,n,2.0NRT,300.93,2.01,D,VIIRS_SNPP_NRT
22.04194,83.73161,303.09,0.59,0.7,2026-10-06,1925,N,VIIRS,n,2.0NRT,288.27,2.01,N,VIIRS_SNPP_NRT
22.80973,86.08658,304.93,0.6,0.53,2026-10-06,2027,N21,VIIRS,n,2.0NRT,289.69,2.0,N,VIIRS_NOAA21_NRT
27.38377,76.56329,334.99,0.44,0.46,2026-10-06,839,N,VIIRS,l,2.0NRT,309.43,1.99,D,VIIRS_SNPP_NRT
21.92862,85.2227,307.96,0.48,0.64,2026-10-06,1925,N,VIIRS,n,2.0NRT,287.88,1.99,N,VIIRS_SNPP_NRT
23.78758,85.55586,298.63,0.61,0.71,2026-10-06,2104,N,VIIRS,n,2.0NRT,285.12,1.99,N,VIIRS_SNPP_NRT
23.79328,78.2752,333.71,0.39,0.36,2026-10-06,803,N21,VIIRS,n,2.0NRT,308.16,1.98,D,VIIRS_NOAA21_NRT
17.76074,77.40818,320.79,0.39,0.36,2026-10-06,2029,N21,VIIRS,n,2.0NRT,289.75,1.98,N,VIIRS_NOAA21_NRT
21.48812,81.76759,310.19,0.53,0.42,2026-10-06,2029,N21,VIIRS,n,2.0NRT,292.69,1.98,N,VIIRS_NOAA21_NRT
22.35793,82.30353,302.56,0.56,0.52,2026-10-06,1945,N20,VIIRS,n,2.0NRT,290.92,1.98,N,VIIRS_NOAA20_NRT
15.17558,76.65181,305.36,0.54,0.68,2026-10-06,1947,N20,VIIRS,n,2.0NRT,292.82,1.98,N,VIIRS_NOAA20_NRT
14.41452,79.03372,331.4,0.43,0.46,2026-10-06,837,N,VIIRS,n,2.0NRT,299.2,1.98,D,VIIRS_SNPP_NRT
22.01136,72.96666,332.05,0.4,0.37,2026-10-06,837,N,VIIRS,l,2.0NRT,306.16,1.98,D,VIIRS_SNPP_NRT
22.03804,83.34885,303.99,0.63,0.72,2026-10-06,1925,N,VIIRS,n,2.0NRT,287.6,1.98,N,VIIRS_SNPP_NRT
21.74709,83.97646,310.81,0.47,0.47,2026-10-06,2027,N21,VIIRS,n,2.0NRT,292.07,1.97,N,VIIRS_NOAA21_NRT
20.96478,86.01243,311.68,0.32,0.55,2026-10-06,2029,N21,VIIRS,n,2.0NRT,293.38,1.97,N,VIIRS_NOAA21_NRT
20.80439,85.255,311.67,0.53,0.42,2026-10-06,1947,N20,VIIRS,n,2.0NRT,295.53,1.97,N,VIIRS_NOAA20_NRT
20.80825,85.25555,318.03,0.53,0.42,2026-10-06,1947,N20,VIIRS,n,2.0NRT,296.75,1.97,N,VIIRS_NOAA20_NRT
21.76464,84.02106,303.74,0.43,0.46,2026-10-06,1947,N20,VIIRS,n,2.0NRT,292.41,1.97,N,VIIRS_NOAA20_NRT
21.26654,72.93814,309.93,0.6,0.53,2026-10-06,2125,N20,VIIRS,n,2.0NRT,293.89,1.97,N,VIIRS_NOAA20_NRT
24.82993,76.64674,336.07,0.41,0.45,2026-10-06,837,N,VIIRS,l,2.0NRT,309.8,1.97,D,VIIRS_SNPP_NRT
21.07977,85.04068,303.36,0.48,0.65,2026-10-06,1925,N,VIIRS,n,2.0NRT,291.65,1.96,N,VIIRS_SNPP_NRT
21.0802,85.03592,323.85,0.48,0.65,2026-10-06,1925,N,VIIRS,n,2.0NRT,292.18,1.96,N,VIIRS_SNPP_NRT
25.5429,91.23596,312.9,0.54,0.68,2026-10-06,1847,N21,VIIRS,n,2.0NRT,285.67,1.95,N,VIIRS_NOAA21_NRT
20.79128,85.25377,306.1,0.59,0.52,2026-10-06,2029,N21,VIIRS,n,2.0NRT,293.82,1.95,N,VIIRS_NOAA21_NRT
20.96605,86.04932,313.78,0.49,0.4,2026-10-06,1947,N20,VIIRS,n,2.0NRT,293.78,1.95,N,VIIRS_NOAA20_NRT
28.2664,77.46721,333.4,0.51,0.49,2026-10-06,839,N,VIIRS,n,2.0NRT,301.72,1.95,D,VIIRS_SNPP_NRT
22.5746,85.89516,307.37,0.44,0.62,2026-10-06,1925,N,VIIRS,n,2.0NRT,288.47,1.95,N,VIIRS_SNPP_NRT
21.43195,72.9782,310.89,0.51,0.41,2026-10-06,2029,N21,VIIRS,n,2.0NRT,295.2,1.94,N,VIIRS_NOAA21_NRT
22.36791,87.01776,311.38,0.46,0.39,2026-10-06,1945,N20,VIIRS,n,2.0NRT,292.95,1.94,N,VIIRS_NOAA20_NRT
21.67683,84.03926,307.37,0.55,0.68,2026-10-06,2106,N,VIIRS,n,2.0NRT,288.36,1.94,N,VIIRS_SNPP_NRT
22.63084,75.29101,331.26,0.42,0.61,2026-10-06,858,N20,VIIRS,l,2.0NRT,305.92,1.93,D,VIIRS_NOAA20_NRT
22.04399,83.72915,314.71,0.45,0.47,2026-10-06,1945,N20,VIIRS,n,2.0NRT,291.31,1.93,N,VIIRS_NOAA20_NRT
21.67351,82.0797,311.71,0.57,0.52,2026-10-06,1947,N20,VIIRS,n,2.0NRT,292.72,1.93,N,VIIRS_NOAA20_NRT
23.06772,75.92975,337.42,0.4,0.37,2026-10-06,803,N21,VIIRS,l,2.0NRT,312.3,1.92,D,VIIRS_NOAA21_NRT
23.7382,85.00747,303.77,0.49,0.49,2026-10-06,2027,N21,VIIRS,n,2.0NRT,288.79,1.92,N,VIIRS_NOAA21_NRT
24.14515,82.65694,314.16,0.53,0.42,2026-10-06,2027,N21,VIIRS,n,2.0NRT,292.12,1.92,N,VIIRS_NOAA21_NRT
22.21328,84.87058,314.28,0.39,0.44,2026-10-06,1945,N20,VIIRS,n,2.0NRT,292.44,1.92,N,VIIRS_NOAA20_NRT
24.14537,82.65628,312.18,0.56,0.52,2026-10-06,1945,N20,VIIRS,n,2.0NRT,290.45,1.92,N,VIIRS_NOAA20_NRT
20.96791,85.15401,303.07,0.67,0.73,2026-10-06,2106,N,VIIRS,n,2.0NRT,290.01,1.92,N,VIIRS_SNPP_NRT
22.03785,83.35246,310.74,0.49,0.65,2026-10-06,2106,N,VIIRS,n,2.0NRT,288.18,1.92,N,VIIRS_SNPP_NRT
24.76465,74.60686,306.49,0.42,0.38,2026-10-06,2106,N,VIIRS,n,2.0NRT,295.48,1.92,N,VIIRS_SNPP_NRT
22.31701,82.56174,305.1,0.56,0.43,2026-10-06,2027,N21,VIIRS,n,2.0NRT,292.87,1.91,N,VIIRS_NOAA21_NRT
22.3209,82.5626,307.14,0.56,0.43,2026-10-06,2027,N21,VIIRS,n,2.0NRT,292.72,1.91,N,VIIRS_NOAA21_NRT
20.94934,86.04461,311.71,0.49,0.4,2026-10-06,1947,N20,VIIRS,n,2.0NRT,293.8,1.91,N,VIIRS_NOAA20_NRT
21.75718,84.02401,308.16,0.56,0.69,2026-10-06,1925,N,VIIRS,n,2.0NRT,289.5,1.91,N,VIIRS_SNPP_NRT
28.2345,76.69095,336.73,0.39,0.36,2026-10-06,803,N21,VIIRS,l,2.0NRT,311.53,1.9,D,VIIRS_NOAA21_NRT
21.7585,83.85142,306.88,0.46,0.47,2026-10-06,2029,N21,VIIRS,n,2.0NRT,291.86,1.9,N,VIIRS_NOAA21_NRT
21.75936,83.84708,306.32,0.46,0.47,2026-10-06,2029,N21,VIIRS,n,2.0NRT,291.69,1.9,N,VIIRS_NOAA21_NRT
21.7636,83.84807,316.58,0.46,0.47,2026-10-06,2029,N21,VIIRS,n,2.0NRT,293.46,1.9,N,VIIRS_NOAA21_NRT
22.61358,75.22296,337.9,0.41,0.61,2026-10-06,858,N20,VIIRS,n,2.0NRT,306.91,1.9,D,VIIRS_NOAA20_NRT
21.75711,84.02126,304.95,0.56,0.69,2026-10-06,1925,N,VIIRS,n,2.0NRT,289.61,1.9,N,VIIRS_SNPP_NRT
21.76405,84.01621,301.8,0.56,0.69,2026-10-06,1925,N,VIIRS,n,2.0NRT,289.39,1.9,N,VIIRS_SNPP_NRT
30.60082,75.63003,332.08,0.38,0.36,2026-10-06,805,N21,VIIRS,n,2.0NRT,299.91,1.89,D,VIIRS_NOAA21_NRT
20.91159,71.45988,310.45,0.38,0.36,2026-10-06,2106,N,VIIRS,n,2.0NRT,297.2,1.89,N,VIIRS_SNPP_NRT
22.34077,69.85437,311.99,0.4,0.37,2026-10-06,2106,N,VIIRS,n,2.0NRT,299.82,1.89,N,VIIRS_SNPP_NRT
12.93262,79.54433,332.02,0.38,0.36,2026-10-06,758,N21,VIIRS,n,2.0NRT,299.99,1.88,D,VIIRS_NOAA21_NRT
17.06278,76.97889,314.58,0.39,0.36,2026-10-06,2029,N21,VIIRS,n,2.0NRT,298.38,1.88,N,VIIRS_NOAA21_NRT
23.48331,87.35825,321.75,0.45,0.39,2026-10-06,1945,N20,VIIRS,n,2.0NRT,292.16,1.88,N,VIIRS_NOAA20_NRT
22.68476,74.98904,339.78,0.42,0.38,2026-10-06,803,N21,VIIRS,n,2.0NRT,312.84,1.87,D,VIIRS_NOAA21_NRT
11.18376,79.10061,308.05,0.53,0.42,2026-10-06,2032,N21,VIIRS,n,2.0NRT,291.86,1.87,N,VIIRS_NOAA21_NRT
15.17241,76.69372,327.69,0.39,0.36,2026-10-06,2032,N21,VIIRS,n,2.0NRT,295.56,1.87,N,VIIRS_NOAA21_NRT
12.49965,76.27473,331.79,0.36,0.58,2026-10-06,854,N20,VIIRS,n,2.0NRT,290.36,1.87,D,VIIRS_NOAA20_NRT
21.7605,83.84398,308.15,0.44,0.46,2026-10-06,1947,N20,VIIRS,n,2.0NRT,292.11,1.87,N,VIIRS_NOAA20_NRT
21.75615,84.02217,303.18,0.55,0.68,2026-10-06,2106,N,VIIRS,n,2.0NRT,288.56,1.87,N,VIIRS_SNPP_NRT
18.85179,77.87778,336.15,0.39,0.36,2026-10-06,801,N21,VIIRS,l,2.0NRT,310.79,1.86,D,VIIRS_NOAA21_NRT
23.30026,75.17511,335.68,0.41,0.37,2026-10-06,803,N21,VIIRS,l,2.0NRT,310.36,1.86,D,VIIRS_NOAA21_NRT
20.78794,85.27039,304.81,0.59,0.53,2026-10-06,2029,N21,VIIRS,n,2.0NRT,293.37,1.86,N,VIIRS_NOAA21_NRT
15.17529,76.67578,312.05,0.39,0.36,2026-10-06,2032,N21,VIIRS,n,2.0NRT,297.22,1.86,N,VIIRS_NOAA21_NRT
15.1786,76.67635,315.31,0.39,0.36,2026-10-06,2032,N21,VIIRS,n,2.0NRT,297.25,1.86,N,VIIRS_NOAA21_NRT
21.24448,79.22126,307.29,0.43,0.62,2026-10-06,1947,N20,VIIRS,n,2.0NRT,290.19,1.86,N,VIIRS_NOAA20_NRT
11.05863,78.54042,336.22,0.4,0.37,2026-10-06,758,N21,VIIRS,n,2.0NRT,300.51,1.85,D,VIIRS_NOAA21_NRT
23.82353,85.49617,302.94,0.56,0.43,2026-10-06,1945,N20,VIIRS,n,2.0NRT,290.85,1.85,N,VIIRS_NOAA20_NRT
17.61192,83.20389,306.88,0.57,0.69,2026-10-06,1925,N,VIIRS,n,2.0NRT,291.04,1.85,N,VIIRS_SNPP_NRT
23.32894,77.18285,333.6,0.38,0.36,2026-10-06,803,N21,VIIRS,l,2.0NRT,307.86,1.84,D,VIIRS_NOAA21_NRT
21.87629,83.49516,309.45,0.43,0.46,2026-10-06,2027,N21,VIIRS,n,2.0NRT,291.61,1.84,N,VIIRS_NOAA21_NRT
23.67608,86.40048,311.52,0.5,0.41,2026-10-06,1945,N20,VIIRS,n,2.0NRT,291.71,1.84,N,VIIRS_NOAA20_NRT
23.67672,86.3956,307.83,0.5,0.41,2026-10-06,1945,N20,VIIRS,n,2.0NRT,290.96,1.84,N,VIIRS_NOAA20_NRT
23.68047,86.3962,310.74,0.5,0.41,2026-10-06,1945,N20,VIIRS,n,2.0NRT,291.69,1.84,N,VIIRS_NOAA20_NRT
22.32071,82.5647,305.67,0.56,0.43,2026-10-06,2027,N21,VIIRS,n,2.0NRT,292.74,1.83,N,VIIRS_NOAA21_NRT
28.34643,77.23029,316.66,0.4,0.37,2026-10-06,2027,N21,VIIRS,n,2.0NRT,295.56,1.83,N,VIIRS_NOAA21_NRT
15.17817,76.65783,308.11,0.39,0.36,2026-10-06,2032,N21,VIIRS,n,2.0NRT,296.32,1.83,N,VIIRS_NOAA21_NRT
25.19974,73.32238,336.79,0.33,0.56,2026-10-06,858,N20,VIIRS,n,2.0NRT,306.41,1.83,D,VIIRS_NOAA20_NRT
29.27073,76.03911,335.01,0.43,0.46,2026-10-06,839,N,VIIRS,n,2.0NRT,303.8,1.83,D,VIIRS_SNPP_NRT
23.16803,82.34461,309.7,0.4,0.6,2026-10-06,2106,N,VIIRS,n,2.0NRT,288.16,1.83,N,VIIRS_SNPP_NRT
21.43183,72.97634,308.96,0.51,0.41,2026-10-06,2029,N21,VIIRS,n,2.0NRT,294.95,1.82,N,VIIRS_NOAA21_NRT
21.75175,83.84075,305.23,0.46,0.47,2026-10-06,2029,N21,VIIRS,n,2.0NRT,292.19,1.82,N,VIIRS_NOAA21_NRT
21.75598,83.84175,317.72,0.46,0.47,2026-10-06,2029,N21,VIIRS,n,2.0NRT,293.23,1.82,N,VIIRS_NOAA21_NRT
25.02227,76.53057,341.01,0.41,0.45,2026-10-06,837,N,VIIRS,n,2.0NRT,310.59,1.82,D,VIIRS_SNPP_NRT
23.77172,86.19829,300.34,0.67,0.73,2026-10-06,2104,N,VIIRS,n,2.0NRT,285.86,1.82,N,VIIRS_SNPP_NRT
20.96716,85.1506,310.54,0.57,0.52,2026-10-06,2029,N21,VIIRS,n,2.0NRT,294.66,1.81,N,VIIRS_NOAA21_NRT
20.97182,85.15176,307.08,0.57,0.52,2026-10-06,2029,N21,VIIRS,n,2.0NRT,294.29,1.81,N,VIIRS_NOAA21_NRT
21.24326,79.22285,311.82,0.41,0.37,2026-10-06,2029,N21,VIIRS,n,2.0NRT,294.69,1.81,N,VIIRS_NOAA21_NRT
24.19781,82.71442,306.78,0.56,0.51,2026-10-06,1945,N20,VIIRS,n,2.0NRT,290.32,1.81,N,VIIRS_NOAA20_NRT
20.96436,85.15853,306.28,0.54,0.42,2026-10-06,1947,N20,VIIRS,n,2.0NRT,294.71,1.81,N,VIIRS_NOAA20_NRT
20.96894,85.15385,314.47,0.54,0.42,2026-10-06,1947,N20,VIIRS,n,2.0NRT,295.69,1.81,N,VIIRS_NOAA20_NRT
28.14634,77.54722,334.77,0.4,0.37,2026-10-06,803,N21,VIIRS,n,2.0NRT,305.61,1.8,D,VIIRS_NOAA21_NRT
21.96278,83.77393,307.36,0.45,0.47,2026-10-06,2027,N21,VIIRS,n,2.0NRT,292.36,1.8,N,VIIRS_NOAA21_NRT
22.03829,83.3534,308.18,0.48,0.48,2026-10-06,1945,N20,VIIRS,n,2.0NRT,291.64,1.8,N,VIIRS_NOAA20_NRT
22.03884,83.34876,309.16,0.48,0.48,2026-10-06,1945,N20,VIIRS,n,2.0NRT,291.34,1.8,N,VIIRS_NOAA20_NRT
23.78168,85.57358,303.41,0.56,0.43,2026-10-06,1945,N20,VIIRS,n,2.0NRT,290.74,1.8,N,VIIRS_NOAA20_NRT
13.18831,80.24599,330.94,0.39,0.36,2026-10-06,758,N21,VIIRS,l,2.0NRT,301.67,1.79,D,VIIRS_NOAA21_NRT
18.96497,78.21866,332.12,0.38,0.36,2026-10-06,801,N21,VIIRS,l,2.0NRT,305.43,1.79,D,VIIRS_NOAA21_NRT
15.17772,77.10363,310.33,0.4,0.37,2026-10-06,2032,N21,VIIRS,n,2.0NRT,296.06,1.79,N,VIIRS_NOAA21_NRT
21.75623,83.84339,307.46,0.44,0.46,2026-10-06,1947,N20,VIIRS,n,2.0NRT,292.77,1.79,N,VIIRS_NOAA20_NRT
18.79563,77.70176,335.26,0.4,0.44,2026-10-06,835,N,VIIRS,l,2.0NRT,307.13,1.79,D,VIIRS_SNPP_NRT
21.76679,84.02103,306.77,0.55,0.68,2026-10-06,2106,N,VIIRS,n,2.0NRT,288.23,1.79,N,VIIRS_SNPP_NRT
22.20822,84.85026,302.58,0.6,0.71,2026-10-06,2106,N,VIIRS,n,2.0NRT,287.89,1.79,N,VIIRS_SNPP_NRT
10.79094,79.79585,337.5,0.39,0.36,2026-10-06,758,N21,VIIRS,n,2.0NRT,302.95,1.78,D,VIIRS_NOAA21_NRT
22.24462,87.38802,313.76,0.37,0.58,2026-10-06,2027,N21,VIIRS,n,2.0NRT,291.56,1.78,N,VIIRS_NOAA21_NRT
21.93103,85.21888,306.06,0.55,0.43,2026-10-06,1945,N20,VIIRS,n,2.0NRT,290.62,1.78,N,VIIRS_NOAA20_NRT
27.37843,95.33485,316.28,0.47,0.4,2026-10-06,1945,N20,VIIRS,n,2.0NRT,290.06,1.78,N,VIIRS_NOAA20_NRT
20.78763,85.26291,311.22,0.53,0.42,2026-10-06,1947,N20,VIIRS,n,2.0NRT,296.01,1.78,N,VIIRS_NOAA20_NRT
20.78829,85.25779,321.18,0.53,0.42,2026-10-06,1947,N20,VIIRS,n,2.0NRT,295.91,1.78,N,VIIRS_NOAA20_NRT
20.79214,85.25841,307.33,0.53,0.42,2026-10-06,1947,N20,VIIRS,n,2.0NRT,295.76,1.78,N,VIIRS_NOAA20_NRT
15.87202,80.59831,331.54,0.4,0.37,2026-10-06,758,N21,VIIRS,l,2.0NRT,301.94,1.77,D,VIIRS_NOAA21_NRT
19.18747,78.00204,335.44,0.38,0.36,2026-10-06,801,N21,VIIRS,l,2.0NRT,310.42,1.77,D,VIIRS_NOAA21_NRT
23.32529,77.11465,333.8,0.38,0.36,2026-10-06,803,N21,VIIRS,l,2.0NRT,308.53,1.77,D,VIIRS_NOAA21_NRT
25.54252,91.23489,318.52,0.38,0.36,2026-10-06,1945,N20,VIIRS,n,2.0NRT,286.41,1.77,N,VIIRS_NOAA20_NRT
25.02503,76.44336,338.49,0.41,0.45,2026-10-06,837,N,VIIRS,n,2.0NRT,310.25,1.77,D,VIIRS_SNPP_NRT
31.88841,74.75747,330.76,0.38,0.36,2026-10-06,805,N21,VIIRS,n,2.0NRT,299.7,1.76,D,VIIRS_NOAA21_NRT
17.36931,77.44614,310.28,0.39,0.36,2026-10-06,2029,N21,VIIRS,n,2.0NRT,295.51,1.76,N,VIIRS_NOAA21_NRT
20.69513,78.63806,319.47,0.4,0.37,2026-10-06,2029,N21,VIIRS,n,2.0NRT,295.2,1.76,N,VIIRS_NOAA21_NRT
23.11929,70.08477,310.52,0.4,0.37,2026-10-06,2106,N,VIIRS,n,2.0NRT,297.13,1.76,N,VIIRS_SNPP_NRT
22.03916,83.73299,304.38,0.45,0.47,2026-10-06,1945,N20,VIIRS,n,2.0NRT,292.25,1.75,N,VIIRS_NOAA20_NRT
24.93356,74.633,315.27,0.42,0.38,2026-10-06,2106,N,VIIRS,n,2.0NRT,296.85,1.75,N,VIIRS_SNPP_NRT
18.85608,78.37412,332.34,0.38,0.36,2026-10-06,801,N21,VIIRS,l,2.0NRT,304.55,1.74,D,VIIRS_NOAA21_NRT
21.9291,85.22168,305.62,0.55,0.51,2026-10-06,2027,N21,VIIRS,n,2.0NRT,290.01,1.74,N,VIIRS_NOAA21_NRT
17.13997,77.1776,313.71,0.39,0.36,2026-10-06,2029,N21,VIIRS,n,2.0NRT,297.74,1.74,N,VIIRS_NOAA21_NRT
21.92458,83.33701,301.43,0.49,0.65,2026-10-06,2106,N,VIIRS,n,2.0NRT,288.16,1.74,N,VIIRS_SNPP_NRT
22.32938,82.60432,305.19,0.54,0.51,2026-10-06,1945,N20,VIIRS,n,2.0NRT,290.93,1.73,N,VIIRS_NOAA20_NRT
20.79986,85.25957,307.29,0.53,0.42,2026-10-06,1947,N20,VIIRS,n,2.0NRT,295.47,1.73,N,VIIRS_NOAA20_NRT
21.75226,83.97294,310.77,0.47,0.47,2026-10-06,2027,N21,VIIRS,n,2.0NRT,292.16,1.72,N,VIIRS_NOAA21_NRT
28.79635,77.0694,310.5,0.41,0.37,2026-10-06,2027,N21,VIIRS,n,2.0NRT,297.11,1.72,N,VIIRS_NOAA21_NRT
8.70574,78.0644,333.24,0.43,0.62,2026-10-06,854,N20,VIIRS,n,2.0NRT,295.56,1.72,D,VIIRS_NOAA20_NRT
15.41117,76.0435,334.37,0.45,0.39,2026-10-06,837,N,VIIRS,l,2.0NRT,308.72,1.72,D,VIIRS_SNPP_NRT
20.97924,85.13675,303.98,0.66,0.73,2026-10-06,2106,N,VIIRS,n,2.0NRT,290.28,1.72,N,VIIRS_SNPP_NRT
20.78421,85.26622,307.57,0.59,0.53,2026-10-06,2029,N21,VIIRS,n,2.0NRT,293.98,1.71,N,VIIRS_NOAA21_NRT
20.78894,85.2673,305.24,0.59,0.53,2026-10-06,2029,N21,VIIRS,n,2.0NRT,293.51,1.71,N,VIIRS_NOAA21_NRT
20.97158,86.00454,305.19,0.32,0.55,2026-10-06,2029,N21,VIIRS,n,2.0NRT,293.69,1.71,N,VIIRS_NOAA21_NRT
29.28153,74.26197,331.95,0.42,0.61,2026-10-06,900,N20,VIIRS,l,2.0NRT,306.0,1.71,D,VIIRS_NOAA20_NRT
20.86635,84.9934,306.68,0.55,0.43,2026-10-06,1947,N20,VIIRS,n,2.0NRT,295.47,1.71,N,VIIRS_NOAA20_NRT
20.78643,85.26189,309.96,0.46,0.64,2026-10-06,1925,N,VIIRS,n,2.0NRT,293.47,1.71,N,VIIRS_SNPP_NRT
20.78686,85.25739,309.22,0.46,0.64,2026-10-06,1925,N,VIIRS,n,2.0NRT,293.17,1.71,N,VIIRS_SNPP_NRT
20.78931,85.26306,304.93,0.46,0.64,2026-10-06,1925,N,VIIRS,n,2.0NRT,293.02,1.71,N,VIIRS_SNPP_NRT
17.959,80.79363,307.08,0.41,0.61,2026-10-06,2108,N,VIIRS,n,2.0NRT,292.64,1.71,N,VIIRS_SNPP_NRT
24.18268,82.66164,307.11,0.53,0.42,2026-10-06,2027,N21,VIIRS,n,2.0NRT,292.14,1.7,N,VIIRS_NOAA21_NRT
21.18143,81.38938,307.41,0.51,0.41,2026-10-06,2029,N21,VIIRS,n,2.0NRT,293.79,1.7,N,VIIRS_NOAA21_NRT
23.1159,70.08373,307.08,0.54,0.51,2026-10-06,2029,N21,VIIRS,n,2.0NRT,296.39,1.7,N,VIIRS_NOAA21_NRT
23.83889,85.47031,304.64,0.57,0.43,2026-10-06,1945,N20,VIIRS,n,2.0NRT,290.92,1.7,N,VIIRS_NOAA20_NRT
18.76206,78.24946,333.77,0.38,0.36,2026-10-06,801,N21,VIIRS,n,2.0NRT,306.2,1.69,D,VIIRS_NOAA21_NRT
23.69193,85.37009,301.95,0.52,0.5,2026-10-06,2027,N21,VIIRS,n,2.0NRT,288.75,1.69,N,VIIRS_NOAA21_NRT
23.69641,85.37119,309.43,0.52,0.5,2026-10-06,2027,N21,VIIRS,n,2.0NRT,288.78,1.69,N,VIIRS_NOAA21_NRT
26.63063,79.5298,310.58,0.39,0.36,2026-10-06,2027,N21,VIIRS,n,2.0NRT,295.41,1.69,N,VIIRS_NOAA21_NRT
20.96844,86.01982,311.46,0.32,0.55,2026-10-06,2029,N21,VIIRS,n,2.0NRT,293.72,1.68,N,VIIRS_NOAA21_NRT
22.32157,82.59444,302.04,0.7,0.75,2026-10-06,1925,N,VIIRS,n,2.0NRT,287.22,1.68,N,VIIRS_SNPP_NRT
20.78736,85.27071,301.62,0.68,0.74,2026-10-06,2106,N,VIIRS,n,2.0NRT,289.55,1.68,N,VIIRS_SNPP_NRT
15.33316,76.28509,310.92,0.47,0.48,2026-10-06,2108,N,VIIRS,n,2.0NRT,293.89,1.68,N,VIIRS_SNPP_NRT
18.85,78.51228,333.36,0.38,0.36,2026-10-06,801,N21,VIIRS,n,2.0NRT,306.71,1.67,D,VIIRS_NOAA21_NRT
20.90922,71.45831,311.97,0.41,0.45,2026-10-06,2029,N21,VIIRS,n,2.0NRT,297.59,1.67,N,VIIRS_NOAA21_NRT
21.73818,83.84205,306.18,0.46,0.47,2026-10-06,2029,N21,VIIRS,n,2.0NRT,292.72,1.67,N,VIIRS_NOAA21_NRT
22.06434,83.7051,304.67,0.46,0.47,2026-10-06,1945,N20,VIIRS,n,2.0NRT,291.04,1.67,N,VIIRS_NOAA20_NRT
21.76557,84.01578,306.3,0.43,0.46,2026-10-06,1947,N20,VIIRS,n,2.0NRT,292.68,1.67,N,VIIRS_NOAA20_NRT
21.76979,84.01638,311.98,0.43,0.46,2026-10-06,1947,N20,VIIRS,n,2.0NRT,292.85,1.67,N,VIIRS_NOAA20_NRT
20.786,85.2664,314.53,0.46,0.63,2026-10-06,1925,N,VIIRS,n,2.0NRT,293.33,1.67,N,VIIRS_SNPP_NRT
27.66879,76.13136,307.16,0.43,0.38,2026-10-06,2027,N21,VIIRS,n,2.0NRT,297.15,1.66,N,VIIRS_NOAA21_NRT
21.48671,81.76804,307.55,0.4,0.6,2026-10-06,2106,N,VIIRS,n,2.0NRT,290.57,1.66,N,VIIRS_SNPP_NRT
21.7531,83.84348,311.7,0.53,0.67,2026-10-06,2106,N,VIIRS,n,2.0NRT,288.57,1.66,N,VIIRS_SNPP_NRT
21.7592,83.84521,309.49,0.53,0.67,2026-10-06,2106,N,VIIRS,n,2.0NRT,288.85,1.66,N,VIIRS_SNPP_NRT
23.78753,85.55511,306.89,0.53,0.5,2026-10-06,2027,N21,VIIRS,n,2.0NRT,288.73,1.65,N,VIIRS_NOAA21_NRT
23.78856,85.55009,300.97,0.53,0.5,2026-10-06,2027,N21,VIIRS,n,2.0NRT,288.86,1.65,N,VIIRS_NOAA21_NRT
22.57134,85.89451,300.88,0.68,0.74,2026-10-06,2106,N,VIIRS,n,2.0NRT,285.68,1.65,N,VIIRS_SNPP_NRT
15.17735,77.09908,309.09,0.51,0.66,2026-10-06,1947,N20,VIIRS,n,2.0NRT,289.4,1.64,N,VIIRS_NOAA20_NRT
20.96049,86.0081,304.28,0.32,0.55,2026-10-06,2029,N21,VIIRS,n,2.0NRT,293.33,1.63,N,VIIRS_NOAA21_NRT
20.96541,86.00938,318.32,0.32,0.55,2026-10-06,2029,N21,VIIRS,n,2.0NRT,294.33,1.63,N,VIIRS_NOAA21_NRT
21.77053,84.01962,307.86,0.57,0.69,2026-10-06,1925,N,VIIRS,n,2.0NRT,289.45,1.63,N,VIIRS_SNPP_NRT
15.07175,76.86691,305.32,0.52,0.5,2026-10-06,2108,N,VIIRS,n,2.0NRT,294.11,1.63,N,VIIRS_SNPP_NRT
21.76022,83.84275,309.74,0.46,0.47,2026-10-06,2029,N21,VIIRS,n,2.0NRT,291.52,1.62,N,VIIRS_NOAA21_NRT
27.30311,77.43669,332.31,0.43,0.62,2026-10-06,718,N20,VIIRS,l,2.0NRT,304.1,1.62,D,VIIRS_NOAA20_NRT
23.7767,86.20671,302.98,0.67,0.73,2026-10-06,2104,N,VIIRS,n,2.0NRT,285.86,1.62,N,VIIRS_SNPP_NRT
23.78341,86.20849,303.82,0.67,0.73,2026-10-06,2104,N,VIIRS,n,2.0NRT,286.28,1.62,N,VIIRS_SNPP_NRT
22.21421,84.863,305.7,0.39,0.44,2026-10-06,1945,N20,VIIRS,n,2.0NRT,293.09,1.61,N,VIIRS_NOAA20_NRT
23.56051,87.23902,301.43,0.37,0.58,2026-10-06,1923,N,VIIRS,n,2.0NRT,284.36,1.6,N,VIIRS_SNPP_NRT
20.97524,85.17037,307.38,0.47,0.64,2026-10-06,1925,N,VIIRS,n,2.0NRT,292.6,1.6,N,VIIRS_SNPP_NRT
21.24482,79.22449,304.19,0.56,0.52,2026-10-06,2106,N,VIIRS,n,2.0NRT,291.42,1.6,N,VIIRS_SNPP_NRT
23.16459,82.34111,318.73,0.4,0.6,2026-10-06,2106,N,VIIRS,n,2.0NRT,288.84,1.6,N,VIIRS_SNPP_NRT
23.16549,82.3371,313.7,0.4,0.6,2026-10-06,2106,N,VIIRS,n,2.0NRT,288.64,1.6,N,VIIRS_SNPP_NRT
22.65938,79.77796,330.04,0.42,0.38,2026-10-06,801,N21,VIIRS,n,2.0NRT,302.35,1.59,D,VIIRS_NOAA21_NRT
15.33323,76.28425,311.09,0.39,0.36,2026-10-06,2032,N21,VIIRS,n,2.0NRT,294.95,1.59,N,VIIRS_NOAA21_NRT
22.03747,83.72695,305.61,0.44,0.46,2026-10-06,2027,N21,VIIRS,n,2.0NRT,291.22,1.58,N,VIIRS_NOAA21_NRT
22.04083,83.73217,302.9,0.44,0.46,2026-10-06,2027,N21,VIIRS,n,2.0NRT,291.61,1.58,N,VIIRS_NOAA21_NRT
22.04165,83.72794,313.81,0.44,0.46,2026-10-06,2027,N21,VIIRS,n,2.0NRT,291.61,1.58,N,VIIRS_NOAA21_NRT
21.76516,84.01685,312.36,0.43,0.46,2026-10-06,1947,N20,VIIRS,n,2.0NRT,292.94,1.58,N,VIIRS_NOAA20_NRT
21.76938,84.01745,315.27,0.43,0.46,2026-10-06,1947,N20,VIIRS,n,2.0NRT,293.91,1.58,N,VIIRS_NOAA20_NRT
21.77351,84.02118,308.43,0.43,0.46,2026-10-06,1947,N20,VIIRS,n,2.0NRT,292.04,1.58,N,VIIRS_NOAA20_NRT
18.89943,78.39279,335.38,0.38,0.36,2026-10-06,801,N21,VIIRS,n,2.0NRT,309.42,1.57,D,VIIRS_NOAA21_NRT
21.7701,84.01875,307.56,0.47,0.48,2026-10-06,2027,N21,VIIRS,n,2.0NRT,292.96,1.57,N,VIIRS_NOAA21_NRT
22.57076,85.89784,308.15,0.59,0.53,2026-10-06,2027,N21,VIIRS,n,2.0NRT,290.27,1.57,N,VIIRS_NOAA21_NRT
24.20316,82.70918,304.56,0.56,0.51,2026-10-06,1945,N20,VIIRS,n,2.0NRT,290.5,1.57,N,VIIRS_NOAA20_NRT
21.24861,79.21175,313.34,0.41,0.37,2026-10-06,2029,N21,VIIRS,n,2.0NRT,293.75,1.56,N,VIIRS_NOAA21_NRT
21.24926,79.20784,314.66,0.41,0.37,2026-10-06,2029,N21,VIIRS,n,2.0NRT,294.61,1.56,N,VIIRS_NOAA21_NRT
29.39177,76.19278,332.01,0.46,0.63,2026-10-06,718,N20,VIIRS,n,2.0NRT,297.83,1.56,D,VIIRS_NOAA20_NRT
23.66626,84.99821,313.47,0.4,0.44,2026-10-06,1945,N20,VIIRS,n,2.0NRT,289.52,1.56,N,VIIRS_NOAA20_NRT
21.48808,81.76674,307.0,0.6,0.53,2026-10-06,1947,N20,VIIRS,n,2.0NRT,292.08,1.56,N,VIIRS_NOAA20_NRT
21.80396,82.04059,305.17,0.58,0.52,2026-10-06,1947,N20,VIIRS,n,2.0NRT,291.71,1.56,N,VIIRS_NOAA20_NRT
18.92216,77.89552,335.6,0.39,0.36,2026-10-06,801,N21,VIIRS,l,2.0NRT,308.97,1.55,D,VIIRS_NOAA21_NRT
20.97915,85.17037,307.04,0.67,0.73,2026-10-06,2106,N,VIIRS,n,2.0NRT,289.78,1.55,N,VIIRS_SNPP_NRT
15.17935,76.67303,307.39,0.5,0.49,2026-10-06,2108,N,VIIRS,n,2.0NRT,296.05,1.55,N,VIIRS_SNPP_NRT
15.18023,76.66836,319.45,0.5,0.49,2026-10-06,2108,N,VIIRS,n,2.0NRT,296.96,1.55,N,VIIRS_SNPP_NRT
15.18471,76.66933,305.36,0.5,0.49,2026-10-06,2108,N,VIIRS,n,2.0NRT,294.79,1.55,N,VIIRS_SNPP_NRT
21.10839,72.63819,311.47,0.4,0.37,2026-10-06,2106,N,VIIRS,n,2.0NRT,298.64,1.54,N,VIIRS_SNPP_NRT
21.10902,72.63438,323.18,0.4,0.37,2026-10-06,2106,N,VIIRS,n,2.0NRT,297.08,1.54,N,VIIRS_SNPP_NRT
21.74226,83.84501,302.69,0.53,0.67,2026-10-06,2106,N,VIIRS,n,2.0NRT,288.87,1.54,N,VIIRS_SNPP_NRT
21.67218,82.08361,308.89,0.54,0.42,2026-10-06,2029,N21,VIIRS,n,2.0NRT,293.56,1.53,N,VIIRS_NOAA21_NRT
22.21909,84.75505,306.7,0.4,0.44,2026-10-06,1945,N20,VIIRS,n,2.0NRT,292.49,1.53,N,VIIRS_NOAA20_NRT
15.081,78.58273,330.19,0.39,0.36,2026-10-06,758,N21,VIIRS,l,2.0NRT,301.77,1.52,D,VIIRS_NOAA21_NRT
22.26326,75.13358,312.82,0.42,0.38,2026-10-06,2029,N21,VIIRS,n,2.0NRT,296.63,1.52,N,VIIRS_NOAA21_NRT
23.1651,82.33635,302.52,0.57,0.52,2026-10-06,1945,N20,VIIRS,n,2.0NRT,288.88,1.52,N,VIIRS_NOAA20_NRT
20.97429,86.00056,313.19,0.49,0.4,2026-10-06,1947,N20,VIIRS,n,2.0NRT,294.37,1.52,N,VIIRS_NOAA20_NRT
20.97735,86.00582,305.47,0.49,0.4,2026-10-06,1947,N20,VIIRS,n,2.0NRT,293.51,1.52,N,VIIRS_NOAA20_NRT
20.96176,86.00902,302.91,0.75,0.77,2026-10-06,2106,N,VIIRS,n,2.0NRT,290.07,1.52,N,VIIRS_SNPP_NRT
24.95222,76.51407,337.97,0.38,0.36,2026-10-06,803,N21,VIIRS,l,2.0NRT,312.46,1.51,D,VIIRS_NOAA21_NRT
20.96775,86.00211,308.04,0.32,0.55,2026-10-06,2029,N21,VIIRS,n,2.0NRT,294.02,1.51,N,VIIRS_NOAA21_NRT
20.97266,86.00337,309.56,0.32,0.55,2026-10-06,2029,N21,VIIRS,n,2.0NRT,293.82,1.51,N,VIIRS_NOAA21_NRT
21.67688,84.03819,304.32,0.43,0.46,2026-10-06,1947,N20,VIIRS,n,2.0NRT,291.85,1.51,N,VIIRS_NOAA20_NRT
21.68109,84.03876,316.43,0.43,0.46,2026-10-06,1947,N20,VIIRS,n,2.0NRT,293.24,1.51,N,VIIRS_NOAA20_NRT
21.75078,83.81663,307.73,0.44,0.46,2026-10-06,1947,N20,VIIRS,n,2.0NRT,292.26,1.51,N,VIIRS_NOAA20_NRT
21.67551,82.07746,302.57,0.75,0.77,2026-10-06,1925,N,VIIRS,n,2.0NRT,288.31,1.51,N,VIIRS_SNPP_NRT
21.76419,83.8513,302.13,0.58,0.7,2026-10-06,1925,N,VIIRS,n,2.0NRT,288.46,1.51,N,VIIRS_SNPP_NRT
26.64119,79.4795,316.83,0.46,0.47,2026-10-06,2104,N,VIIRS,n,2.0NRT,294.47,1.51,N,VIIRS_SNPP_NRT
21.76358,84.01862,303.0,0.55,0.68,2026-10-06,2106,N,VIIRS,n,2.0NRT,288.21,1.51,N,VIIRS_SNPP_NRT
21.76976,84.02034,307.34,0.55,0.68,2026-10-06,2106,N,VIIRS,n,2.0NRT,288.62,1.51,N,VIIRS_SNPP_NRT
22.93955,73.63852,330.35,0.47,0.4,2026-10-06,803,N21,VIIRS,n,2.0NRT,303.78,1.5,D,VIIRS_NOAA21_NRT
24.80587,76.64924,335.73,0.38,0.36,2026-10-06,803,N21,VIIRS,l,2.0NRT,309.16,1.5,D,VIIRS_NOAA21_NRT
22.3623,87.30138,311.51,0.37,0.58,2026-10-06,2027,N21,VIIRS,n,2.0NRT,290.62,1.5,N,VIIRS_NOAA21_NRT
22.36749,87.30273,318.36,0.37,0.58,2026-10-06,2027,N21,VIIRS,n,2.0NRT,290.51,1.5,N,VIIRS_NOAA21_NRT
22.36825,87.29926,305.14,0.37,0.58,2026-10-06,2027,N21,VIIRS,n,2.0NRT,290.55,1.5,N,VIIRS_NOAA21_NRT
22.61009,85.91301,307.24,0.52,0.41,2026-10-06,1945,N20,VIIRS,n,2.0NRT,291.3,1.5,N,VIIRS_NOAA20_NRT
26.70309,77.84756,316.85,0.39,0.36,2026-10-06,2027,N21,VIIRS,n,2.0NRT,296.78,1.49,N,VIIRS_NOAA21_NRT
25.197,73.32112,337.89,0.33,0.56,2026-10-06,858,N20,VIIRS,n,2.0NRT,306.66,1.49,D,VIIRS_NOAA20_NRT
21.82345,83.99839,304.25,0.43,0.46,2026-10-06,1947,N20,VIIRS,n,2.0NRT,292.07,1.49,N,VIIRS_NOAA20_NRT
20.75928,85.29575,314.39,0.46,0.63,2026-10-06,1925,N,VIIRS,n,2.0NRT,293.51,1.49,N,VIIRS_SNPP_NRT
20.75973,85.29106,305.78,0.46,0.63,2026-10-06,1925,N,VIIRS,n,2.0NRT,292.85,1.49,N,VIIRS_SNPP_NRT
21.76531,83.84694,301.73,0.53,0.67,2026-10-06,2106,N,VIIRS,n,2.0NRT,288.14,1.49,N,VIIRS_SNPP_NRT
18.70426,77.79277,309.08,0.39,0.36,2026-10-06,2029,N21,VIIRS,n,2.0NRT,293.65,1.48,N,VIIRS_NOAA21_NRT
21.07794,85.04155,301.15,0.65,0.73,2026-10-06,2106,N,VIIRS,n,2.0NRT,288.18,1.48,N,VIIRS_SNPP_NRT
24.247,78.28984,332.93,0.4,0.37,2026-10-06,803,N21,VIIRS,n,2.0NRT,304.33,1.47,D,VIIRS_NOAA21_NRT
22.21876,84.75368,305.54,0.51,0.49,2026-10-06,2027,N21,VIIRS,n,2.0NRT,291.58,1.46,N,VIIRS_NOAA21_NRT
22.22225,84.75959,302.57,0.51,0.49,2026-10-06,2027,N21,VIIRS,n,2.0NRT,291.26,1.46,N,VIIRS_NOAA21_NRT
9.98041,76.3724,301.81,0.48,0.65,2026-10-06,1947,N20,VIIRS,n,2.0NRT,284.44,1.46,N,VIIRS_NOAA20_NRT
21.37692,81.64192,306.92,0.4,0.6,2026-10-06,2106,N,VIIRS,n,2.0NRT,291.04,1.46,N,VIIRS_SNPP_NRT
22.93518,69.69915,313.75,0.41,0.37,2026-10-06,2106,N,VIIRS,n,2.0NRT,297.12,1.46,N,VIIRS_SNPP_NRT
18.73358,78.39505,330.44,0.38,0.36,2026-10-06,801,N21,VIIRS,l,2.0NRT,303.91,1.45,D,VIIRS_NOAA21_NRT
15.1675,76.38098,311.56,0.39,0.36,2026-10-06,2032,N21,VIIRS,n,2.0NRT,295.99,1.45,N,VIIRS_NOAA21_NRT
15.1708,76.38153,307.73,0.39,0.36,2026-10-06,2032,N21,VIIRS,n,2.0NRT,295.11,1.45,N,VIIRS_NOAA21_NRT
22.31117,82.5296,300.77,0.43,0.62,2026-10-06,2106,N,VIIRS,n,2.0NRT,286.86,1.45,N,VIIRS_SNPP_NRT
22.00418,82.67128,317.14,0.39,0.44,2026-10-06,2027,N21,VIIRS,n,2.0NRT,293.2,1.44,N,VIIRS_NOAA21_NRT
22.00487,82.66765,305.26,0.39,0.44,2026-10-06,2027,N21,VIIRS,n,2.0NRT,292.21,1.44,N,VIIRS_NOAA21_NRT
15.33227,76.24763,314.05,0.39,0.36,2026-10-06,2032,N21,VIIRS,n,2.0NRT,294.64,1.44,N,VIIRS_NOAA21_NRT
22.3168,82.53104,299.81,0.43,0.62,2026-10-06,2106,N,VIIRS,n,2.0NRT,287.52,1.44,N,VIIRS_SNPP_NRT
30.64509,76.73197,334.47,0.4,0.37,2026-10-06,805,N21,VIIRS,n,2.0NRT,301.8,1.43,D,VIIRS_NOAA21_NRT
22.01683,83.7537,308.15,0.45,0.47,2026-10-06,1945,N20,VIIRS,n,2.0NRT,292.06,1.43,N,VIIRS_NOAA20_NRT
23.70224,86.07542,303.03,0.66,0.73,2026-10-06,2104,N,VIIRS,n,2.0NRT,285.78,1.43,N,VIIRS_SNPP_NRT
15.18535,76.65537,315.58,0.39,0.36,2026-10-06,2032,N21,VIIRS,n,2.0NRT,296.79,1.42,N,VIIRS_NOAA21_NRT
15.18593,76.65178,307.17,0.39,0.36,2026-10-06,2032,N21,VIIRS,n,2.0NRT,295.64,1.42,N,VIIRS_NOAA21_NRT
23.64629,85.43929,310.11,0.57,0.43,2026-10-06,1945,N20,VIIRS,n,2.0NRT,290.03,1.42,N,VIIRS_NOAA20_NRT
20.96285,85.17391,311.46,0.47,0.64,2026-10-06,1925,N,VIIRS,n,2.0NRT,293.03,1.42,N,VIIRS_SNPP_NRT
20.96327,85.16928,308.2,0.47,0.64,2026-10-06,1925,N,VIIRS,n,2.0NRT,293.19,1.42,N,VIIRS_SNPP_NRT
20.96883,85.17449,309.33,0.47,0.64,2026-10-06,1925,N,VIIRS,n,2.0NRT,293.17,1.42,N,VIIRS_SNPP_NRT
20.96926,85.16982,306.48,0.47,0.64,2026-10-06,1925,N,VIIRS,n,2.0NRT,293.28,1.42,N,VIIRS_SNPP_NRT
15.33916,76.27729,305.69,0.47,0.48,2026-10-06,2108,N,VIIRS,n,2.0NRT,294.76,1.42,N,VIIRS_SNPP_NRT
21.82322,83.99873,303.81,0.47,0.47,2026-10-06,2027,N21,VIIRS,n,2.0NRT,291.74,1.41,N,VIIRS_NOAA21_NRT
21.73932,83.84324,308.72,0.46,0.47,2026-10-06,2029,N21,VIIRS,n,2.0NRT,293.24,1.41,N,VIIRS_NOAA21_NRT
21.74355,83.84428,309.39,0.46,0.47,2026-10-06,2029,N21,VIIRS,n,2.0NRT,292.89,1.41,N,VIIRS_NOAA21_NRT
22.21018,84.86243,305.96,0.39,0.44,2026-10-06,1945,N20,VIIRS,n,2.0NRT,292.9,1.41,N,VIIRS_NOAA20_NRT
20.94309,86.06263,313.94,0.49,0.4,2026-10-06,1947,N20,VIIRS,n,2.0NRT,293.1,1.41,N,VIIRS_NOAA20_NRT
27.37902,95.33649,330.45,0.38,0.36,2026-10-06,659,N,VIIRS,n,2.0NRT,294.98,1.41,D,VIIRS_SNPP_NRT
21.7587,83.84834,310.54,0.58,0.7,2026-10-06,1925,N,VIIRS,n,2.0NRT,288.28,1.41,N,VIIRS_SNPP_NRT
21.76522,83.84892,301.43,0.58,0.7,2026-10-06,1925,N,VIIRS,n,2.0NRT,288.79,1.41,N,VIIRS_SNPP_NRT
22.78837,86.20889,299.67,0.7,0.75,2026-10-06,2106,N,VIIRS,n,2.0NRT,286.23,1.41,N,VIIRS_SNPP_NRT
21.70972,75.67189,333.8,0.41,0.37,2026-10-06,801,N21,VIIRS,l,2.0NRT,307.76,1.4,D,VIIRS_NOAA21_NRT
22.81084,86.08601,301.85,0.6,0.53,2026-10-06,2027,N21,VIIRS,n,2.0NRT,289.5,1.4,N,VIIRS_NOAA21_NRT
22.87536,86.06118,304.68,0.6,0.53,2026-10-06,2027,N21,VIIRS,n,2.0NRT,289.98,1.4,N,VIIRS_NOAA21_NRT
22.18867,75.43169,330.88,0.42,0.61,2026-10-06,858,N20,VIIRS,l,2.0NRT,304.23,1.4,D,VIIRS_NOAA20_NRT
23.29844,79.64317,335.06,0.42,0.38,2026-10-06,803,N21,VIIRS,n,2.0NRT,305.05,1.39,D,VIIRS_NOAA21_NRT
22.3291,82.6059,306.41,0.57,0.43,2026-10-06,2027,N21,VIIRS,n,2.0NRT,291.53,1.39,N,VIIRS_NOAA21_NRT
22.35942,87.28962,304.8,0.37,0.58,2026-10-06,2027,N21,VIIRS,n,2.0NRT,290.19,1.39,N,VIIRS_NOAA21_NRT
21.67314,82.07847,306.39,0.54,0.42,2026-10-06,2029,N21,VIIRS,n,2.0NRT,293.37,1.39,N,VIIRS_NOAA21_NRT
22.36076,87.01659,307.62,0.46,0.39,2026-10-06,1945,N20,VIIRS,n,2.0NRT,292.75,1.39,N,VIIRS_NOAA20_NRT
22.36433,87.01717,310.79,0.46,0.39,2026-10-06,1945,N20,VIIRS,n,2.0NRT,292.89,1.39,N,VIIRS_NOAA20_NRT
23.65024,85.43992,307.88,0.57,0.43,2026-10-06,1945,N20,VIIRS,n,2.0NRT,289.61,1.39,N,VIIRS_NOAA20_NRT
20.86312,84.98753,310.4,0.55,0.43,2026-10-06,1947,N20,VIIRS,n,2.0NRT,293.98,1.39,N,VIIRS_NOAA20_NRT
20.86703,84.9882,309.16,0.55,0.43,2026-10-06,1947,N20,VIIRS,n,2.0NRT,295.35,1.39,N,VIIRS_NOAA20_NRT
20.9711,86.02045,305.91,0.41,0.61,2026-10-06,1925,N,VIIRS,n,2.0NRT,290.24,1.39,N,VIIRS_SNPP_NRT
23.16344,82.3394,311.19,0.4,0.6,2026-10-06,2106,N,VIIRS,n,2.0NRT,288.11,1.39,N,VIIRS_SNPP_NRT
23.1644,82.3353,307.96,0.4,0.6,2026-10-06,2106,N,VIIRS,n,2.0NRT,288.23,1.39,N,VIIRS_SNPP_NRT
23.16895,82.34065,306.06,0.4,0.6,2026-10-06,2106,N,VIIRS,n,2.0NRT,288.32,1.39,N,VIIRS_SNPP_NRT
31.62292,75.02703,330.3,0.38,0.36,2026-10-06,805,N21,VIIRS,l,2.0NRT,300.96,1.38,D,VIIRS_NOAA21_NRT
25.18251,73.25065,340.1,0.33,0.55,2026-10-06,858,N20,VIIRS,n,2.0NRT,308.44,1.38,D,VIIRS_NOAA20_NRT
22.78942,86.1975,306.37,0.5,0.41,2026-10-06,1945,N20,VIIRS,n,2.0NRT,291.42,1.38,N,VIIRS_NOAA20_NRT
15.17697,77.10397,308.11,0.53,0.5,2026-10-06,2108,N,VIIRS,n,2.0NRT,292.29,1.38,N,VIIRS_SNPP_NRT
21.85867,83.96715,305.84,0.46,0.47,2026-10-06,2027,N21,VIIRS,n,2.0NRT,292.1,1.37,N,VIIRS_NOAA21_NRT
15.17472,76.67937,307.47,0.39,0.36,2026-10-06,2032,N21,VIIRS,n,2.0NRT,296.9,1.37,N,VIIRS_NOAA21_NRT
22.26658,75.13486,306.47,0.39,0.6,2026-10-06,2125,N20,VIIRS,n,2.0NRT,294.21,1.37,N,VIIRS_NOAA20_NRT
21.18514,81.39016,307.49,0.51,0.41,2026-10-06,2029,N21,VIIRS,n,2.0NRT,294.84,1.36,N,VIIRS_NOAA21_NRT
21.18885,81.39095,306.46,0.51,0.41,2026-10-06,2029,N21,VIIRS,n,2.0NRT,294.08,1.36,N,VIIRS_NOAA21_NRT
19.96348,79.33044,309.76,0.41,0.61,2026-10-06,1947,N20,VIIRS,n,2.0NRT,290.6,1.36,N,VIIRS_NOAA20_NRT
18.68872,73.03867,304.67,0.34,0.56,2026-10-06,2125,N20,VIIRS,n,2.0NRT,291.34,1.36,N,VIIRS_NOAA20_NRT
18.69378,73.03983,306.01,0.34,0.56,2026-10-06,2125,N20,VIIRS,n,2.0NRT,291.49,1.36,N,VIIRS_NOAA20_NRT
22.61092,85.91083,302.94,0.52,0.41,2026-10-06,1945,N20,VIIRS,n,2.0NRT,290.62,1.35,N,VIIRS_NOAA20_NRT
21.92815,83.34058,307.63,0.48,0.48,2026-10-06,1947,N20,VIIRS,n,2.0NRT,292.36,1.35,N,VIIRS_NOAA20_NRT
21.9287,83.33591,303.48,0.48,0.48,2026-10-06,1947,N20,VIIRS,n,2.0NRT,291.13,1.35,N,VIIRS_NOAA20_NRT
24.71445,75.95296,309.7,0.41,0.37,2026-10-06,2027,N21,VIIRS,n,2.0NRT,297.15,1.34,N,VIIRS_NOAA21_NRT
21.37471,81.68261,309.54,0.52,0.42,2026-10-06,2029,N21,VIIRS,n,2.0NRT,293.41,1.34,N,VIIRS_NOAA21_NRT
21.3756,81.67767,304.98,0.52,0.42,2026-10-06,2029,N21,VIIRS,n,2.0NRT,293.55,1.34,N,VIIRS_NOAA21_NRT
26.33168,77.69813,334.67,0.39,0.37,2026-10-06,803,N21,VIIRS,l,2.0NRT,308.34,1.33,D,VIIRS_NOAA21_NRT
17.58297,80.31969,307.84,0.5,0.41,2026-10-06,2029,N21,VIIRS,n,2.0NRT,293.51,1.33,N,VIIRS_NOAA21_NRT
22.63414,75.13552,333.34,0.41,0.61,2026-10-06,858,N20,VIIRS,l,2.0NRT,306.08,1.33,D,VIIRS_NOAA20_NRT
22.63449,75.13953,332.84,0.41,0.61,2026-10-06,858,N20,VIIRS,l,2.0NRT,305.64,1.33,D,VIIRS_NOAA20_NRT
15.17791,77.10072,301.87,0.51,0.66,2026-10-06,1947,N20,VIIRS,n,2.0NRT,288.84,1.33,N,VIIRS_NOAA20_NRT
15.1784,77.09598,305.24,0.51,0.66,2026-10-06,1947,N20,VIIRS,n,2.0NRT,288.55,1.33,N,VIIRS_NOAA20_NRT
22.26344,75.13427,311.67,0.47,0.4,2026-10-06,2106,N,VIIRS,n,2.0NRT,295.33,1.33,N,VIIRS_SNPP_NRT
23.68421,86.39682,305.14,0.5,0.41,2026-10-06,1945,N20,VIIRS,n,2.0NRT,290.22,1.32,N,VIIRS_NOAA20_NRT
24.18394,82.66226,303.54,0.56,0.52,2026-10-06,1945,N20,VIIRS,n,2.0NRT,291.1,1.32,N,VIIRS_NOAA20_NRT
15.17498,77.0994,313.51,0.4,0.37,2026-10-06,2032,N21,VIIRS,n,2.0NRT,296.39,1.31,N,VIIRS_NOAA21_NRT
21.9313,85.21843,301.31,0.55,0.43,2026-10-06,1945,N20,VIIRS,n,2.0NRT,290.2,1.31,N,VIIRS_NOAA20_NRT
21.67492,82.08099,304.54,0.42,0.61,2026-10-06,2106,N,VIIRS,n,2.0NRT,290.64,1.31,N,VIIRS_SNPP_NRT
22.03967,83.72858,310.0,0.45,0.47,2026-10-06,1945,N20,VIIRS,n,2.0NRT,291.65,1.3,N,VIIRS_NOAA20_NRT
22.57489,85.88999,303.35,0.52,0.41,2026-10-06,1945,N20,VIIRS,n,2.0NRT,291.22,1.3,N,VIIRS_NOAA20_NRT
20.704,78.61812,300.74,0.71,0.75,2026-10-06,2125,N20,VIIRS,n,2.0NRT,288.64,1.3,N,VIIRS_NOAA20_NRT
20.88998,84.9807,301.18,0.65,0.73,2026-10-06,2106,N,VIIRS,n,2.0NRT,288.8,1.3,N,VIIRS_SNPP_NRT
13.37961,79.6872,330.39,0.38,0.36,2026-10-06,758,N21,VIIRS,l,2.0NRT,304.14,1.29,D,VIIRS_NOAA21_NRT
18.89943,78.41505,334.9,0.38,0.36,2026-10-06,801,N21,VIIRS,n,2.0NRT,306.3,1.29,D,VIIRS_NOAA21_NRT
23.77987,86.15128,304.27,0.58,0.52,2026-10-06,2027,N21,VIIRS,n,2.0NRT,289.26,1.29,N,VIIRS_NOAA21_NRT
21.62064,81.79205,304.09,0.52,0.42,2026-10-06,2029,N21,VIIRS,n,2.0NRT,292.52,1.29,N,VIIRS_NOAA21_NRT
21.37761,81.63835,304.37,0.6,0.53,2026-10-06,1947,N20,VIIRS,n,2.0NRT,291.19,1.29,N,VIIRS_NOAA20_NRT
26.92619,73.46883,312.48,0.39,0.36,2026-10-06,2104,N,VIIRS,n,2.0NRT,295.1,1.29,N,VIIRS_SNPP_NRT
15.07222,76.86494,305.24,0.52,0.5,2026-10-06,2108,N,VIIRS,n,2.0NRT,293.79,1.29,N,VIIRS_SNPP_NRT
18.96711,77.85403,343.48,0.39,0.36,2026-10-06,801,N21,VIIRS,n,2.0NRT,311.25,1.28,D,VIIRS_NOAA21_NRT
26.64547,79.48061,314.71,0.46,0.47,2026-10-06,2104,N,VIIRS,n,2.0NRT,294.24,1.28,N,VIIRS_SNPP_NRT
18.92483,77.86902,338.43,0.39,0.36,2026-10-06,801,N21,VIIRS,n,2.0NRT,309.65,1.27,D,VIIRS_NOAA21_NRT
21.37378,81.68127,304.37,0.4,0.6,2026-10-06,2106,N,VIIRS,n,2.0NRT,290.45,1.27,N,VIIRS_SNPP_NRT
22.92958,75.27422,331.57,0.41,0.37,2026-10-06,803,N21,VIIRS,l,2.0NRT,305.56,1.26,D,VIIRS_NOAA21_NRT
24.1706,82.62116,301.92,0.53,0.42,2026-10-06,2027,N21,VIIRS,n,2.0NRT,291.3,1.26,N,VIIRS_NOAA21_NRT
21.37798,81.67998,303.36,0.6,0.53,2026-10-06,1947,N20,VIIRS,n,2.0NRT,291.0,1.26,N,VIIRS_NOAA20_NRT
15.20021,76.37698,306.95,0.66,0.73,2026-10-06,2127,N20,VIIRS,n,2.0NRT,292.46,1.26,N,VIIRS_NOAA20_NRT
11.03817,77.10335,334.79,0.46,0.39,2026-10-06,835,N,VIIRS,n,2.0NRT,298.76,1.26,D,VIIRS_SNPP_NRT
23.78871,85.55586,300.46,0.61,0.71,2026-10-06,2104,N,VIIRS,n,2.0NRT,285.39,1.26,N,VIIRS_SNPP_NRT
23.79017,85.55004,300.26,0.61,0.71,2026-10-06,2104,N,VIIRS,n,2.0NRT,285.36,1.26,N,VIIRS_SNPP_NRT
21.80405,82.04097,301.88,0.41,0.61,2026-10-06,2106,N,VIIRS,n,2.0NRT,288.49,1.26,N,VIIRS_SNPP_NRT
11.1657,79.73518,333.32,0.39,0.36,2026-10-06,758,N21,VIIRS,n,2.0NRT,300.35,1.25,D,VIIRS_NOAA21_NRT
22.20631,84.87125,308.49,0.52,0.5,2026-10-06,2027,N21,VIIRS,n,2.0NRT,291.25,1.25,N,VIIRS_NOAA21_NRT
22.33404,82.60494,309.64,0.54,0.51,2026-10-06,1945,N20,VIIRS,n,2.0NRT,291.01,1.25,N,VIIRS_NOAA20_NRT
23.48688,76.99006,336.88,0.38,0.36,2026-10-06,803,N21,VIIRS,l,2.0NRT,310.99,1.24,D,VIIRS_NOAA21_NRT
23.99018,79.39147,306.16,0.4,0.37,2026-10-06,2027,N21,VIIRS,n,2.0NRT,294.35,1.24,N,VIIRS_NOAA21_NRT
20.96877,86.02165,310.38,0.32,0.55,2026-10-06,2029,N21,VIIRS,n,2.0NRT,293.57,1.24,N,VIIRS_NOAA21_NRT
9.95806,78.15292,333.6,0.5,0.41,2026-10-06,835,N,VIIRS,l,2.0NRT,303.71,1.24,D,VIIRS_SNPP_NRT
24.14765,82.65565,304.96,0.72,0.76,2026-10-06,1923,N,VIIRS,n,2.0NRT,287.89,1.24,N,VIIRS_SNPP_NRT
16.84127,79.60567,330.25,0.39,0.36,2026-10-06,801,N21,VIIRS,n,2.0NRT,300.97,1.23,D,VIIRS_NOAA21_NRT
15.33764,76.2777,309.35,0.39,0.36,2026-10-06,2032,N21,VIIRS,n,2.0NRT,297.03,1.23,N,VIIRS_NOAA21_NRT
27.31502,95.26694,304.81,0.62,0.54,2026-10-06,1845,N21,VIIRS,n,2.0NRT,289.3,1.22,N,VIIRS_NOAA21_NRT
20.70492,78.62032,307.61,0.4,0.37,2026-10-06,2029,N21,VIIRS,n,2.0NRT,294.98,1.22,N,VIIRS_NOAA21_NRT
26.21146,73.90018,333.31,0.37,0.58,2026-10-06,858,N20,VIIRS,l,2.0NRT,307.47,1.22,D,VIIRS_NOAA20_NRT
21.49012,81.7663,307.38,0.59,0.53,2026-10-06,1947,N20,VIIRS,n,2.0NRT,291.36,1.22,N,VIIRS_NOAA20_NRT
27.37724,95.33238,317.9,0.43,0.38,2026-10-06,1923,N,VIIRS,n,2.0NRT,290.21,1.22,N,VIIRS_SNPP_NRT
33.50881,74.97801,302.57,0.56,0.43,2026-10-06,2025,N21,VIIRS,n,2.0NRT,276.93,1.21,N,VIIRS_NOAA21_NRT
24.44795,83.04002,302.05,0.55,0.43,2026-10-06,2027,N21,VIIRS,n,2.0NRT,290.75,1.21,N,VIIRS_NOAA21_NRT
22.05554,85.465,304.99,0.54,0.42,2026-10-06,1945,N20,VIIRS,n,2.0NRT,290.83,1.21,N,VIIRS_NOAA20_NRT
20.9717,86.01932,307.56,0.49,0.4,2026-10-06,1947,N20,VIIRS,n,2.0NRT,293.89,1.21,N,VIIRS_NOAA20_NRT
15.17594,77.09731,302.75,0.74,0.76,2026-10-06,2127,N20,VIIRS,n,2.0NRT,291.64,1.21,N,VIIRS_NOAA20_NRT
21.08325,85.03661,301.55,0.65,0.73,2026-10-06,2106,N,VIIRS,n,2.0NRT,288.05,1.21,N,VIIRS_SNPP_NRT
28.66212,77.56879,307.65,0.4,0.37,2026-10-06,2027,N21,VIIRS,n,2.0NRT,295.2,1.19,N,VIIRS_NOAA21_NRT
21.34174,81.67054,304.45,0.52,0.42,2026-10-06,2029,N21,VIIRS,n,2.0NRT,292.64,1.19,N,VIIRS_NOAA21_NRT
22.01508,83.75196,302.77,0.45,0.47,2026-10-06,1945,N20,VIIRS,n,2.0NRT,291.29,1.19,N,VIIRS_NOAA20_NRT
23.60897,85.67639,302.13,0.55,0.42,2026-10-06,1945,N20,VIIRS,n,2.0NRT,289.56,1.19,N,VIIRS_NOAA20_NRT
26.64094,79.47745,308.8,0.46,0.47,2026-10-06,2104,N,VIIRS,n,2.0NRT,294.17,1.19,N,VIIRS_SNPP_NRT
22.32521,82.60501,307.49,0.57,0.43,2026-10-06,2027,N21,VIIRS,n,2.0NRT,291.3,1.18,N,VIIRS_NOAA21_NRT
24.71498,75.95235,309.23,0.41,0.37,2026-10-06,2027,N21,VIIRS,n,2.0NRT,297.28,1.18,N,VIIRS_NOAA21_NRT
21.7487,83.9762,306.29,0.43,0.46,2026-10-06,1947,N20,VIIRS,n,2.0NRT,292.07,1.18,N,VIIRS_NOAA20_NRT
24.93471,74.63213,311.93,0.32,0.55,2026-10-06,2125,N20,VIIRS,n,2.0NRT,294.52,1.18,N,VIIRS_NOAA20_NRT
20.96667,86.00324,309.33,0.32,0.55,2026-10-06,2029,N21,VIIRS,n,2.0NRT,294.03,1.17,N,VIIRS_NOAA21_NRT
20.96782,86.04748,312.87,0.49,0.4,2026-10-06,1947,N20,VIIRS,n,2.0NRT,293.15,1.17,N,VIIRS_NOAA20_NRT
20.78378,85.25785,303.6,0.46,0.64,2026-10-06,1925,N,VIIRS,n,2.0NRT,292.73,1.17,N,VIIRS_SNPP_NRT
23.69979,86.07513,301.47,0.66,0.73,2026-10-06,2104,N,VIIRS,n,2.0NRT,285.79,1.17,N,VIIRS_SNPP_NRT
24.1662,80.69629,300.79,0.61,0.53,2026-10-06,2106,N,VIIRS,n,2.0NRT,289.1,1.17,N,VIIRS_SNPP_NRT
27.46674,95.42262,300.83,0.61,0.53,2026-10-06,1845,N21,VIIRS,n,2.0NRT,288.64,1.16,N,VIIRS_NOAA21_NRT
19.93635,73.71458,311.39,0.46,0.39,2026-10-06,2029,N21,VIIRS,n,2.0NRT,293.73,1.16,N,VIIRS_NOAA21_NRT
19.93694,73.71025,304.53,0.46,0.39,2026-10-06,2029,N21,VIIRS,n,2.0NRT,293.19,1.16,N,VIIRS_NOAA21_NRT
22.81149,86.08543,306.46,0.51,0.41,2026-10-06,1945,N20,VIIRS,n,2.0NRT,290.97,1.16,N,VIIRS_NOAA20_NRT
26.88074,73.51578,305.76,0.39,0.36,2026-10-06,2104,N,VIIRS,n,2.0NRT,295.2,1.16,N,VIIRS_SNPP_NRT
18.71887,79.53813,305.62,0.38,0.59,2026-10-06,1947,N20,VIIRS,n,2.0NRT,293.45,1.15,N,VIIRS_NOAA20_NRT
15.32544,75.10954,330.88,0.42,0.37,2026-10-06,837,N,VIIRS,l,2.0NRT,304.63,1.15,D,VIIRS_SNPP_NRT
21.18149,81.38831,307.95,0.39,0.59,2026-10-06,2106,N,VIIRS,n,2.0NRT,291.46,1.15,N,VIIRS_SNPP_NRT
21.18686,81.38971,306.73,0.39,0.59,2026-10-06,2106,N,VIIRS,n,2.0NRT,292.35,1.15,N,VIIRS_SNPP_NRT
22.32586,82.6028,304.97,0.43,0.62,2026-10-06,2106,N,VIIRS,n,2.0NRT,287.72,1.15,N,VIIRS_SNPP_NRT
22.41442,69.03732,310.64,0.43,0.38,2026-10-06,2106,N,VIIRS,n,2.0NRT,296.37,1.15,N,VIIRS_SNPP_NRT
15.2254,76.76096,307.0,0.53,0.67,2026-10-06,1947,N20,VIIRS,n,2.0NRT,292.2,1.14,N,VIIRS_NOAA20_NRT
22.2674,75.13113,305.18,0.39,0.6,2026-10-06,2125,N20,VIIRS,n,2.0NRT,292.37,1.14,N,VIIRS_NOAA20_NRT
23.668,84.99822,301.35,0.51,0.66,2026-10-06,1923,N,VIIRS,n,2.0NRT,285.78,1.14,N,VIIRS_SNPP_NRT
21.74774,83.97482,302.52,0.54,0.68,2026-10-06,2106,N,VIIRS,n,2.0NRT,288.14,1.14,N,VIIRS_SNPP_NRT
18.71736,79.53587,304.84,0.33,0.55,2026-10-06,2108,N,VIIRS,n,2.0NRT,293.38,1.14,N,VIIRS_SNPP_NRT
18.72243,79.53691,314.56,0.33,0.55,2026-10-06,2108,N,VIIRS,n,2.0NRT,293.86,1.14,N,VIIRS_SNPP_NRT
21.24665,79.2235,310.01,0.41,0.37,2026-10-06,2029,N21,VIIRS,n,2.0NRT,294.69,1.13,N,VIIRS_NOAA21_NRT
15.33266,76.28782,309.54,0.39,0.36,2026-10-06,2032,N21,VIIRS,n,2.0NRT,295.91,1.13,N,VIIRS_NOAA21_NRT
21.9267,85.2231,307.71,0.55,0.43,2026-10-06,1945,N20,VIIRS,n,2.0NRT,291.23,1.13,N,VIIRS_NOAA20_NRT
21.93062,85.22371,301.86,0.55,0.43,2026-10-06,1945,N20,VIIRS,n,2.0NRT,290.83,1.13,N,VIIRS_NOAA20_NRT
23.72318,85.00549,307.47,0.4,0.44,2026-10-06,1945,N20,VIIRS,n,2.0NRT,288.86,1.13,N,VIIRS_NOAA20_NRT
11.18263,79.10056,311.6,0.43,0.62,2026-10-06,2108,N,VIIRS,n,2.0NRT,288.91,1.13,N,VIIRS_SNPP_NRT
15.22718,76.75987,305.94,0.53,0.67,2026-10-06,1947,N20,VIIRS,n,2.0NRT,292.28,1.12,N,VIIRS_NOAA20_NRT
15.65771,73.98856,309.69,0.51,0.41,2026-10-06,2108,N,VIIRS,n,2.0NRT,292.84,1.12,N,VIIRS_SNPP_NRT
16.62618,80.19848,332.81,0.4,0.37,2026-10-06,758,N21,VIIRS,n,2.0NRT,302.05,1.11,D,VIIRS_NOAA21_NRT
20.97532,85.17283,306.62,0.54,0.42,2026-10-06,1947,N20,VIIRS,n,2.0NRT,295.74,1.11,N,VIIRS_NOAA20_NRT
20.97921,85.17339,306.58,0.54,0.42,2026-10-06,1947,N20,VIIRS,n,2.0NRT,294.26,1.11,N,VIIRS_NOAA20_NRT
21.73916,83.84116,304.39,0.44,0.46,2026-10-06,1947,N20,VIIRS,n,2.0NRT,292.68,1.11,N,VIIRS_NOAA20_NRT
22.007,82.66981,302.28,0.45,0.63,2026-10-06,2106,N,VIIRS,n,2.0NRT,289.12,1.11,N,VIIRS_SNPP_NRT
28.78492,76.94835,310.03,0.41,0.37,2026-10-06,2027,N21,VIIRS,n,2.0NRT,294.96,1.1,N,VIIRS_NOAA21_NRT
15.06992,76.86539,306.96,0.39,0.36,2026-10-06,2032,N21,VIIRS,n,2.0NRT,294.18,1.1,N,VIIRS_NOAA21_NRT
15.13991,76.70637,301.89,0.54,0.68,2026-10-06,1947,N20,VIIRS,n,2.0NRT,291.47,1.1,N,VIIRS_NOAA20_NRT
20.51509,85.72264,305.89,0.5,0.41,2026-10-06,1947,N20,VIIRS,n,2.0NRT,294.84,1.1,N,VIIRS_NOAA20_NRT
26.60614,73.68448,307.88,0.39,0.36,2026-10-06,2104,N,VIIRS,n,2.0NRT,296.48,1.1,N,VIIRS_SNPP_NRT
22.31585,82.53522,300.36,0.43,0.62,2026-10-06,2106,N,VIIRS,n,2.0NRT,287.39,1.1,N,VIIRS_SNPP_NRT
11.30162,79.73095,333.72,0.38,0.36,2026-10-06,758,N21,VIIRS,n,2.0NRT,302.77,1.09,D,VIIRS_NOAA21_NRT
19.72219,79.17402,307.76,0.42,0.38,2026-10-06,2029,N21,VIIRS,n,2.0NRT,295.44,1.09,N,VIIRS_NOAA21_NRT
18.5423,83.34099,304.86,0.43,0.46,2026-10-06,1947,N20,VIIRS,n,2.0NRT,293.22,1.09,N,VIIRS_NOAA20_NRT
22.10511,83.12386,305.44,0.47,0.64,2026-10-06,2106,N,VIIRS,n,2.0NRT,288.54,1.09,N,VIIRS_SNPP_NRT
22.81706,86.0392,305.43,0.69,0.74,2026-10-06,2106,N,VIIRS,n,2.0NRT,285.62,1.09,N,VIIRS_SNPP_NRT
21.87764,83.55569,305.58,0.44,0.46,2026-10-06,2027,N21,VIIRS,n,2.0NRT,291.34,1.08,N,VIIRS_NOAA21_NRT
22.03225,83.36655,306.73,0.48,0.48,2026-10-06,1945,N20,VIIRS,n,2.0NRT,291.5,1.08,N,VIIRS_NOAA20_NRT
21.96368,83.772,301.18,0.52,0.67,2026-10-06,2106,N,VIIRS,n,2.0NRT,288.06,1.08,N,VIIRS_SNPP_NRT
24.9254,84.15505,306.12,0.46,0.47,2026-10-06,1945,N20,VIIRS,n,2.0NRT,288.74,1.07,N,VIIRS_NOAA20_NRT
23.64557,85.43929,309.15,0.48,0.65,2026-10-06,1923,N,VIIRS,n,2.0NRT,285.79,1.07,N,VIIRS_SNPP_NRT
23.65161,85.44003,301.49,0.48,0.65,2026-10-06,1923,N,VIIRS,n,2.0NRT,285.85,1.07,N,VIIRS_SNPP_NRT
19.92842,79.12099,306.77,0.42,0.38,2026-10-06,2029,N21,VIIRS,n,2.0NRT,294.78,1.06,N,VIIRS_NOAA21_NRT
21.43383,72.97529,306.07,0.4,0.37,2026-10-06,2106,N,VIIRS,n,2.0NRT,295.1,1.06,N,VIIRS_SNPP_NRT
24.81931,73.09395,307.62,0.39,0.36,2026-10-06,2106,N,VIIRS,n,2.0NRT,297.14,1.06,N,VIIRS_SNPP_NRT
24.81994,73.09012,308.77,0.39,0.36,2026-10-06,2106,N,VIIRS,n,2.0NRT,296.89,1.06,N,VIIRS_SNPP_NRT
24.82264,73.09461,309.4,0.39,0.36,2026-10-06,2106,N,VIIRS,n,2.0NRT,297.78,1.06,N,VIIRS_SNPP_NRT
22.20813,84.55098,303.48,0.5,0.49,2026-10-06,2027,N21,VIIRS,n,2.0NRT,291.42,1.05,N,VIIRS_NOAA21_NRT
23.67081,84.99492,305.16,0.4,0.44,2026-10-06,1945,N20,VIIRS,n,2.0NRT,289.23,1.05,N,VIIRS_NOAA20_NRT
22.59127,85.90566,301.95,0.44,0.62,2026-10-06,1925,N,VIIRS,n,2.0NRT,287.92,1.05,N,VIIRS_SNPP_NRT
21.1968,81.39872,308.55,0.39,0.59,2026-10-06,2106,N,VIIRS,n,2.0NRT,291.28,1.05,N,VIIRS_SNPP_NRT
24.19792,82.7137,301.41,0.4,0.6,2026-10-06,2106,N,VIIRS,n,2.0NRT,288.82,1.05,N,VIIRS_SNPP_NRT
20.99901,86.02579,312.27,0.32,0.55,2026-10-06,2029,N21,VIIRS,n,2.0NRT,293.1,1.04,N,VIIRS_NOAA21_NRT
15.16868,76.67463,310.74,0.39,0.36,2026-10-06,2032,N21,VIIRS,n,2.0NRT,295.74,1.04,N,VIIRS_NOAA21_NRT
15.16925,76.67104,307.73,0.39,0.36,2026-10-06,2032,N21,VIIRS,n,2.0NRT,296.65,1.04,N,VIIRS_NOAA21_NRT
23.842,84.94625,307.61,0.4,0.45,2026-10-06,1945,N20,VIIRS,n,2.0NRT,288.15,1.04,N,VIIRS_NOAA20_NRT
21.00061,86.01163,309.95,0.41,0.61,2026-10-06,1925,N,VIIRS,n,2.0NRT,290.57,1.04,N,VIIRS_SNPP_NRT
20.86901,70.56631,307.05,0.39,0.36,2026-10-06,2106,N,VIIRS,n,2.0NRT,296.97,1.04,N,VIIRS_SNPP_NRT
23.71967,85.00803,301.99,0.5,0.49,2026-10-06,2027,N21,VIIRS,n,2.0NRT,287.98,1.03,N,VIIRS_NOAA21_NRT
24.14325,82.71007,302.48,0.54,0.42,2026-10-06,2027,N21,VIIRS,n,2.0NRT,291.39,1.03,N,VIIRS_NOAA21_NRT
15.11745,76.80263,304.55,0.39,0.36,2026-10-06,2032,N21,VIIRS,n,2.0NRT,294.34,1.03,N,VIIRS_NOAA21_NRT
22.65054,75.12994,332.35,0.41,0.6,2026-10-06,858,N20,VIIRS,l,2.0NRT,306.73,1.03,D,VIIRS_NOAA20_NRT
22.80274,86.08913,301.57,0.43,0.62,2026-10-06,1925,N,VIIRS,n,2.0NRT,286.79,1.03,N,VIIRS_SNPP_NRT
22.00619,82.67136,309.58,0.45,0.63,2026-10-06,2106,N,VIIRS,n,2.0NRT,289.52,1.03,N,VIIRS_SNPP_NRT
24.68836,73.00189,306.43,0.39,0.36,2026-10-06,2106,N,VIIRS,n,2.0NRT,295.97,1.03,N,VIIRS_SNPP_NRT
22.03199,83.36689,304.86,0.42,0.45,2026-10-06,2027,N21,VIIRS,n,2.0NRT,290.84,1.01,N,VIIRS_NOAA21_NRT
20.88414,84.97977,306.03,0.56,0.43,2026-10-06,1947,N20,VIIRS,n,2.0NRT,294.6,1.01,N,VIIRS_NOAA20_NRT
15.91564,77.36013,303.34,0.5,0.66,2026-10-06,1947,N20,VIIRS,n,2.0NRT,292.19,1.0,N,VIIRS_NOAA20_NRT
19.81834,79.33605,305.52,0.43,0.38,2026-10-06,2029,N21,VIIRS,n,2.0NRT,294.93,0.99,N,VIIRS_NOAA21_NRT
21.8786,83.49656,304.67,0.47,0.48,2026-10-06,1947,N20,VIIRS,n,2.0NRT,291.34,0.99,N,VIIRS_NOAA20_NRT
21.18689,81.39225,303.36,0.39,0.59,2026-10-06,2106,N,VIIRS,n,2.0NRT,291.08,0.99,N,VIIRS_SNPP_NRT
21.18772,81.38855,303.67,0.39,0.59,2026-10-06,2106,N,VIIRS,n,2.0NRT,291.66,0.99,N,VIIRS_SNPP_NRT
21.30927,81.59215,305.0,0.52,0.41,2026-10-06,2029,N21,VIIRS,n,2.0NRT,293.43,0.98,N,VIIRS_NOAA21_NRT
23.71421,85.28159,301.9,0.39,0.44,2026-10-06,1945,N20,VIIRS,n,2.0NRT,289.98,0.98,N,VIIRS_NOAA20_NRT
24.16851,82.62035,302.27,0.57,0.52,2026-10-06,1945,N20,VIIRS,n,2.0NRT,290.92,0.98,N,VIIRS_NOAA20_NRT
21.92261,85.22202,299.91,0.48,0.64,2026-10-06,1925,N,VIIRS,n,2.0NRT,287.43,0.98,N,VIIRS_SNPP_NRT
28.65586,77.58838,308.09,0.4,0.37,2026-10-06,2027,N21,VIIRS,n,2.0NRT,294.37,0.97,N,VIIRS_NOAA21_NRT
22.85754,86.05701,303.06,0.51,0.41,2026-10-06,1945,N20,VIIRS,n,2.0NRT,290.5,0.97,N,VIIRS_NOAA20_NRT
15.65753,73.98749,309.85,0.45,0.63,2026-10-06,2127,N20,VIIRS,n,2.0NRT,290.85,0.96,N,VIIRS_NOAA20_NRT
21.19142,81.39733,305.69,0.39,0.59,2026-10-06,2106,N,VIIRS,n,2.0NRT,291.06,0.96,N,VIIRS_SNPP_NRT
21.18885,81.19888,304.47,0.5,0.41,2026-10-06,2029,N21,VIIRS,n,2.0NRT,293.18,0.95,N,VIIRS_NOAA21_NRT
23.69686,85.29034,309.45,0.38,0.44,2026-10-06,1945,N20,VIIRS,n,2.0NRT,290.0,0.95,N,VIIRS_NOAA20_NRT
23.69731,85.28661,308.07,0.38,0.44,2026-10-06,1945,N20,VIIRS,n,2.0NRT,290.2,0.95,N,VIIRS_NOAA20_NRT
24.1445,82.6544,302.72,0.72,0.76,2026-10-06,1923,N,VIIRS,n,2.0NRT,287.82,0.95,N,VIIRS_SNPP_NRT
21.37864,81.67988,300.54,0.78,0.78,2026-10-06,1925,N,VIIRS,n,2.0NRT,286.85,0.95,N,VIIRS_SNPP_NRT
21.80276,82.03899,300.53,0.41,0.61,2026-10-06,2106,N,VIIRS,n,2.0NRT,288.38,0.95,N,VIIRS_SNPP_NRT
21.87924,83.54739,301.94,0.44,0.46,2026-10-06,2027,N21,VIIRS,n,2.0NRT,290.89,0.94,N,VIIRS_NOAA21_NRT
22.20739,84.54877,306.12,0.41,0.45,2026-10-06,1945,N20,VIIRS,n,2.0NRT,292.09,0.94,N,VIIRS_NOAA20_NRT
22.03277,83.36819,300.14,0.49,0.65,2026-10-06,2106,N,VIIRS,n,2.0NRT,287.52,0.94,N,VIIRS_SNPP_NRT
24.16795,82.6188,305.22,0.53,0.42,2026-10-06,2027,N21,VIIRS,n,2.0NRT,291.63,0.93,N,VIIRS_NOAA21_NRT
15.13795,76.7091,302.57,0.54,0.68,2026-10-06,1947,N20,VIIRS,n,2.0NRT,291.3,0.93,N,VIIRS_NOAA20_NRT
19.93646,73.71211,306.74,0.36,0.57,2026-10-06,2125,N20,VIIRS,n,2.0NRT,291.24,0.93,N,VIIRS_NOAA20_NRT
18.43745,76.53847,305.65,0.38,0.36,2026-10-06,2029,N21,VIIRS,n,2.0NRT,290.75,0.92,N,VIIRS_NOAA21_NRT
20.94795,86.04371,305.32,0.33,0.55,2026-10-06,2029,N21,VIIRS,n,2.0NRT,293.23,0.92,N,VIIRS_NOAA21_NRT
22.32237,82.66685,308.24,0.53,0.5,2026-10-06,1945,N20,VIIRS,n,2.0NRT,290.51,0.92,N,VIIRS_NOAA20_NRT
21.72986,82.21355,303.88,0.42,0.61,2026-10-06,2106,N,VIIRS,n,2.0NRT,289.62,0.92,N,VIIRS_SNPP_NRT
26.16881,87.35429,304.63,0.48,0.4,2026-10-06,1945,N20,VIIRS,n,2.0NRT,292.18,0.91,N,VIIRS_NOAA20_NRT
15.16953,76.71169,305.91,0.39,0.36,2026-10-06,2032,N21,VIIRS,n,2.0NRT,295.55,0.9,N,VIIRS_NOAA21_NRT
23.2782,75.11112,332.35,0.41,0.61,2026-10-06,858,N20,VIIRS,l,2.0NRT,305.57,0.9,D,VIIRS_NOAA20_NRT
26.87346,73.51831,308.85,0.39,0.36,2026-10-06,2104,N,VIIRS,n,2.0NRT,295.22,0.9,N,VIIRS_SNPP_NRT
22.99358,69.41593,309.06,0.42,0.37,2026-10-06,2106,N,VIIRS,n,2.0NRT,295.89,0.9,N,VIIRS_SNPP_NRT
23.01011,72.70626,310.46,0.39,0.36,2026-10-06,2106,N,VIIRS,n,2.0NRT,295.83,0.9,N,VIIRS_SNPP_NRT
24.16687,80.69588,304.42,0.43,0.38,2026-10-06,2027,N21,VIIRS,n,2.0NRT,292.46,0.89,N,VIIRS_NOAA21_NRT
19.80272,78.86418,307.09,0.41,0.37,2026-10-06,2029,N21,VIIRS,n,2.0NRT,294.5,0.89,N,VIIRS_NOAA21_NRT
15.9164,77.36234,306.9,0.4,0.37,2026-10-06,2032,N21,VIIRS,n,2.0NRT,295.99,0.89,N,VIIRS_NOAA21_NRT
27.22159,95.34624,307.94,0.48,0.4,2026-10-06,1945,N20,VIIRS,n,2.0NRT,290.43,0.89,N,VIIRS_NOAA20_NRT
20.69983,78.63575,303.22,0.47,0.64,2026-10-06,1947,N20,VIIRS,n,2.0NRT,290.43,0.89,N,VIIRS_NOAA20_NRT
16.87021,80.01922,305.02,0.34,0.56,2026-10-06,1947,N20,VIIRS,n,2.0NRT,291.66,0.88,N,VIIRS_NOAA20_NRT
23.48336,87.36304,302.31,0.36,0.58,2026-10-06,1923,N,VIIRS,n,2.0NRT,289.06,0.88,N,VIIRS_SNPP_NRT
22.6083,85.91191,303.49,0.44,0.62,2026-10-06,1925,N,VIIRS,n,2.0NRT,288.26,0.88,N,VIIRS_SNPP_NRT
17.51052,78.43266,308.22,0.42,0.37,2026-10-06,2029,N21,VIIRS,n,2.0NRT,293.93,0.87,N,VIIRS_NOAA21_NRT
16.20444,75.21001,306.05,0.39,0.36,2026-10-06,2032,N21,VIIRS,n,2.0NRT,294.92,0.87,N,VIIRS_NOAA21_NRT
24.19773,80.79678,305.66,0.44,0.38,2026-10-06,2027,N21,VIIRS,n,2.0NRT,292.99,0.86,N,VIIRS_NOAA21_NRT
13.15997,80.28595,311.53,0.39,0.44,2026-10-06,2032,N21,VIIRS,n,2.0NRT,293.74,0.86,N,VIIRS_NOAA21_NRT
22.60977,85.91354,299.79,0.68,0.74,2026-10-06,2106,N,VIIRS,n,2.0NRT,285.74,0.86,N,VIIRS_SNPP_NRT
24.18186,82.65862,300.83,0.4,0.6,2026-10-06,2106,N,VIIRS,n,2.0NRT,288.95,0.86,N,VIIRS_SNPP_NRT
22.61092,75.11581,336.22,0.42,0.38,2026-10-06,803,N21,VIIRS,l,2.0NRT,310.01,0.85,D,VIIRS_NOAA21_NRT
24.13753,82.69811,304.76,0.54,0.42,2026-10-06,2027,N21,VIIRS,n,2.0NRT,291.41,0.85,N,VIIRS_NOAA21_NRT
24.1611,82.62963,302.45,0.53,0.42,2026-10-06,2027,N21,VIIRS,n,2.0NRT,292.12,0.85,N,VIIRS_NOAA21_NRT
24.16228,82.6282,302.52,0.53,0.42,2026-10-06,2027,N21,VIIRS,n,2.0NRT,292.19,0.85,N,VIIRS_NOAA21_NRT
22.13412,85.382,301.8,0.55,0.42,2026-10-06,1945,N20,VIIRS,n,2.0NRT,290.32,0.85,N,VIIRS_NOAA20_NRT
28.35114,77.22469,303.22,0.68,0.74,2026-10-06,1945,N20,VIIRS,n,2.0NRT,292.17,0.85,N,VIIRS_NOAA20_NRT
10.12856,78.27602,313.36,0.36,0.57,2026-10-06,1947,N20,VIIRS,n,2.0NRT,281.42,0.85,N,VIIRS_NOAA20_NRT
13.27163,80.07721,331.16,0.39,0.36,2026-10-06,758,N21,VIIRS,n,2.0NRT,300.05,0.84,D,VIIRS_NOAA21_NRT
23.64486,85.43779,301.3,0.53,0.5,2026-10-06,2027,N21,VIIRS,n,2.0NRT,288.47,0.84,N,VIIRS_NOAA21_NRT
22.62784,75.12805,330.2,0.41,0.6,2026-10-06,858,N20,VIIRS,l,2.0NRT,304.93,0.84,D,VIIRS_NOAA20_NRT
22.0202,83.33908,303.54,0.42,0.45,2026-10-06,2027,N21,VIIRS,n,2.0NRT,291.1,0.83,N,VIIRS_NOAA21_NRT
15.12699,76.78574,306.34,0.39,0.36,2026-10-06,2032,N21,VIIRS,n,2.0NRT,294.42,0.83,N,VIIRS_NOAA21_NRT
22.87645,86.05992,303.4,0.51,0.41,2026-10-06,1945,N20,VIIRS,n,2.0NRT,290.56,0.83,N,VIIRS_NOAA20_NRT
23.67629,85.32565,303.12,0.38,0.43,2026-10-06,1945,N20,VIIRS,n,2.0NRT,289.96,0.83,N,VIIRS_NOAA20_NRT
27.37826,95.33687,300.24,0.61,0.54,2026-10-06,1845,N21,VIIRS,n,2.0NRT,289.06,0.82,N,VIIRS_NOAA21_NRT
12.74484,77.61864,304.37,0.43,0.38,2026-10-06,2032,N21,VIIRS,n,2.0NRT,288.42,0.82,N,VIIRS_NOAA21_NRT
16.87227,80.02051,305.49,0.34,0.56,2026-10-06,1947,N20,VIIRS,n,2.0NRT,292.31,0.82,N,VIIRS_NOAA20_NRT
21.8393,83.98091,301.22,0.57,0.69,2026-10-06,1925,N,VIIRS,n,2.0NRT,288.6,0.82,N,VIIRS_SNPP_NRT
18.5919,74.51981,311.24,0.41,0.37,2026-10-06,2029,N21,VIIRS,n,2.0NRT,291.61,0.81,N,VIIRS_NOAA21_NRT
20.93916,86.06106,305.11,0.33,0.55,2026-10-06,2029,N21,VIIRS,n,2.0NRT,292.35,0.81,N,VIIRS_NOAA21_NRT
19.93628,73.71206,304.46,0.44,0.38,2026-10-06,2106,N,VIIRS,n,2.0NRT,289.54,0.81,N,VIIRS_SNPP_NRT
28.83511,77.14048,309.45,0.41,0.37,2026-10-06,2027,N21,VIIRS,n,2.0NRT,295.25,0.8,N,VIIRS_NOAA21_NRT
23.71328,85.28911,302.74,0.38,0.44,2026-10-06,1945,N20,VIIRS,n,2.0NRT,288.76,0.8,N,VIIRS_NOAA20_NRT
19.81867,79.33676,303.02,0.41,0.61,2026-10-06,1947,N20,VIIRS,n,2.0NRT,291.71,0.8,N,VIIRS_NOAA20_NRT
35.37478,73.73856,296.55,0.39,0.36,2026-10-06,2101,N,VIIRS,n,2.0NRT,279.11,0.8,N,VIIRS_SNPP_NRT
19.99623,79.17826,306.13,0.42,0.38,2026-10-06,2029,N21,VIIRS,n,2.0NRT,294.45,0.79,N,VIIRS_NOAA21_NRT
21.81973,83.99355,303.19,0.43,0.46,2026-10-06,1947,N20,VIIRS,n,2.0NRT,291.94,0.79,N,VIIRS_NOAA20_NRT
23.83901,84.94794,302.59,0.52,0.67,2026-10-06,1923,N,VIIRS,n,2.0NRT,285.34,0.79,N,VIIRS_SNPP_NRT
21.82505,83.99673,302.52,0.57,0.69,2026-10-06,1925,N,VIIRS,n,2.0NRT,288.69,0.79,N,VIIRS_SNPP_NRT
22.61094,85.91325,299.01,0.68,0.74,2026-10-06,2106,N,VIIRS,n,2.0NRT,285.38,0.79,N,VIIRS_SNPP_NRT
22.0871,83.11221,304.19,0.5,0.49,2026-10-06,1945,N20,VIIRS,n,2.0NRT,290.93,0.78,N,VIIRS_NOAA20_NRT
11.81556,77.91808,305.07,0.35,0.56,2026-10-06,2108,N,VIIRS,n,2.0NRT,285.13,0.78,N,VIIRS_SNPP_NRT
23.77904,86.1505,305.7,0.58,0.52,2026-10-06,2027,N21,VIIRS,n,2.0NRT,288.8,0.76,N,VIIRS_NOAA21_NRT
22.20398,84.57619,308.88,0.41,0.45,2026-10-06,1945,N20,VIIRS,n,2.0NRT,292.04,0.76,N,VIIRS_NOAA20_NRT
21.98631,83.23357,301.36,0.48,0.65,2026-10-06,2106,N,VIIRS,n,2.0NRT,288.32,0.76,N,VIIRS_SNPP_NRT
21.80346,85.56601,302.07,0.53,0.42,2026-10-06,1945,N20,VIIRS,n,2.0NRT,291.14,0.75,N,VIIRS_NOAA20_NRT
22.08905,83.11486,303.38,0.5,0.49,2026-10-06,1945,N20,VIIRS,n,2.0NRT,290.69,0.75,N,VIIRS_NOAA20_NRT
19.81734,79.33508,306.59,0.41,0.61,2026-10-06,1947,N20,VIIRS,n,2.0NRT,291.69,0.75,N,VIIRS_NOAA20_NRT
21.86191,83.96522,303.76,0.44,0.46,2026-10-06,1947,N20,VIIRS,n,2.0NRT,291.65,0.75,N,VIIRS_NOAA20_NRT
16.87363,80.0239,304.21,0.38,0.59,2026-10-06,2108,N,VIIRS,n,2.0NRT,291.82,0.75,N,VIIRS_SNPP_NRT
15.30173,76.22095,305.84,0.39,0.36,2026-10-06,2032,N21,VIIRS,n,2.0NRT,294.66,0.74,N,VIIRS_NOAA21_NRT
23.73944,85.00793,303.98,0.4,0.44,2026-10-06,1945,N20,VIIRS,n,2.0NRT,289.63,0.74,N,VIIRS_NOAA20_NRT
23.73991,85.00404,299.98,0.4,0.44,2026-10-06,1945,N20,VIIRS,n,2.0NRT,288.5,0.74,N,VIIRS_NOAA20_NRT
27.22177,95.34355,305.94,0.48,0.4,2026-10-06,1945,N20,VIIRS,n,2.0NRT,290.62,0.74,N,VIIRS_NOAA20_NRT
20.78298,85.26686,304.79,0.46,0.64,2026-10-06,1925,N,VIIRS,n,2.0NRT,292.33,0.74,N,VIIRS_SNPP_NRT
20.78338,85.26235,303.8,0.46,0.64,2026-10-06,1925,N,VIIRS,n,2.0NRT,292.88,0.74,N,VIIRS_SNPP_NRT
21.82452,83.99638,304.27,0.57,0.69,2026-10-06,1925,N,VIIRS,n,2.0NRT,289.0,0.74,N,VIIRS_SNPP_NRT
23.17009,82.34241,304.01,0.4,0.6,2026-10-06,2106,N,VIIRS,n,2.0NRT,288.35,0.74,N,VIIRS_SNPP_NRT
11.18493,79.09963,303.18,0.43,0.62,2026-10-06,2108,N,VIIRS,n,2.0NRT,288.71,0.74,N,VIIRS_SNPP_NRT
22.13479,85.38141,300.4,0.56,0.52,2026-10-06,2027,N21,VIIRS,n,2.0NRT,289.21,0.73,N,VIIRS_NOAA21_NRT
21.71525,84.03941,304.16,0.43,0.46,2026-10-06,1947,N20,VIIRS,n,2.0NRT,292.0,0.73,N,VIIRS_NOAA20_NRT
24.18292,82.65897,302.1,0.4,0.6,2026-10-06,2106,N,VIIRS,n,2.0NRT,289.05,0.73,N,VIIRS_SNPP_NRT
21.25137,79.2093,301.97,0.43,0.62,2026-10-06,1947,N20,VIIRS,n,2.0NRT,290.1,0.72,N,VIIRS_NOAA20_NRT
35.49458,74.29476,295.77,0.39,0.36,2026-10-06,2101,N,VIIRS,n,2.0NRT,281.84,0.72,N,VIIRS_SNPP_NRT
21.87953,83.55626,303.16,0.51,0.66,2026-10-06,2106,N,VIIRS,n,2.0NRT,288.26,0.72,N,VIIRS_SNPP_NRT
21.19061,81.39854,302.61,0.39,0.59,2026-10-06,2106,N,VIIRS,n,2.0NRT,290.28,0.71,N,VIIRS_SNPP_NRT
21.19599,81.39993,315.93,0.39,0.59,2026-10-06,2106,N,VIIRS,n,2.0NRT,291.1,0.71,N,VIIRS_SNPP_NRT
22.32136,82.56326,302.54,0.43,0.62,2026-10-06,2106,N,VIIRS,n,2.0NRT,288.17,0.71,N,VIIRS_SNPP_NRT
31.25852,76.92593,299.56,0.43,0.38,2026-10-06,2025,N21,VIIRS,n,2.0NRT,285.91,0.69,N,VIIRS_NOAA21_NRT
23.60979,85.67248,303.62,0.55,0.43,2026-10-06,1945,N20,VIIRS,n,2.0NRT,289.34,0.69,N,VIIRS_NOAA20_NRT
21.73552,83.97847,305.2,0.43,0.46,2026-10-06,1947,N20,VIIRS,n,2.0NRT,291.73,0.69,N,VIIRS_NOAA20_NRT
25.03698,87.38742,307.87,0.33,0.55,2026-10-06,2027,N21,VIIRS,n,2.0NRT,291.64,0.67,N,VIIRS_NOAA21_NRT
22.06407,83.70374,300.45,0.6,0.7,2026-10-06,1925,N,VIIRS,n,2.0NRT,287.74,0.66,N,VIIRS_SNPP_NRT
16.69605,79.64949,305.17,0.37,0.58,2026-10-06,2108,N,VIIRS,n,2.0NRT,292.79,0.66,N,VIIRS_SNPP_NRT
15.13586,76.70963,303.95,0.39,0.36,2026-10-06,2032,N21,VIIRS,n,2.0NRT,293.65,0.65,N,VIIRS_NOAA21_NRT
8.66933,77.99134,296.8,0.36,0.57,2026-10-06,1949,N20,VIIRS,n,2.0NRT,271.52,0.65,N,VIIRS_NOAA20_NRT
31.25798,76.92443,304.24,0.32,0.55,2026-10-06,2123,N20,VIIRS,n,2.0NRT,287.46,0.65,N,VIIRS_NOAA20_NRT
21.06806,86.4565,307.31,0.47,0.4,2026-10-06,1947,N20,VIIRS,n,2.0NRT,294.29,0.64,N,VIIRS_NOAA20_NRT
22.10784,83.12594,303.72,0.47,0.64,2026-10-06,2106,N,VIIRS,n,2.0NRT,288.39,0.64,N,VIIRS_SNPP_NRT
23.64793,85.43769,301.56,0.6,0.71,2026-10-06,2106,N,VIIRS,n,2.0NRT,284.55,0.64,N,VIIRS_SNPP_NRT
14.99372,76.84636,301.56,0.52,0.67,2026-10-06,1949,N20,VIIRS,n,2.0NRT,288.6,0.63,N,VIIRS_NOAA20_NRT
22.10002,84.3761,302.83,0.42,0.45,2026-10-06,1945,N20,VIIRS,n,2.0NRT,291.04,0.61,N,VIIRS_NOAA20_NRT
21.80346,82.04029,299.88,0.75,0.77,2026-10-06,1925,N,VIIRS,n,2.0NRT,287.29,0.61,N,VIIRS_SNPP_NRT
27.37655,95.08687,302.63,0.32,0.54,2026-10-06,1845,N21,VIIRS,n,2.0NRT,289.61,0.6,N,VIIRS_NOAA21_NRT
27.22093,95.34534,304.56,0.43,0.38,2026-10-06,1923,N,VIIRS,n,2.0NRT,290.6,0.6,N,VIIRS_SNPP_NRT
27.46925,95.42273,303.94,0.43,0.38,2026-10-06,1923,N,VIIRS,n,2.0NRT,290.33,0.6,N,VIIRS_SNPP_NRT
23.3749,75.37217,302.21,0.42,0.38,2026-10-06,2027,N21,VIIRS,n,2.0NRT,291.82,0.59,N,VIIRS_NOAA21_NRT
21.75933,83.81781,303.05,0.44,0.46,2026-10-06,1947,N20,VIIRS,n,2.0NRT,291.77,0.59,N,VIIRS_NOAA20_NRT
22.20671,84.54934,301.34,0.53,0.67,2026-10-06,1925,N,VIIRS,n,2.0NRT,289.56,0.58,N,VIIRS_SNPP_NRT
17.08554,74.41473,304.46,0.41,0.37,2026-10-06,2029,N21,VIIRS,n,2.0NRT,291.86,0.56,N,VIIRS_NOAA21_NRT
22.24411,87.38899,305.64,0.35,0.57,2026-10-06,1925,N,VIIRS,n,2.0NRT,290.52,0.56,N,VIIRS_SNPP_NRT
15.3648,76.30974,304.12,0.47,0.48,2026-10-06,2108,N,VIIRS,n,2.0NRT,293.31,0.56,N,VIIRS_SNPP_NRT
21.06444,86.45592,305.49,0.47,0.4,2026-10-06,1947,N20,VIIRS,n,2.0NRT,293.82,0.55,N,VIIRS_NOAA20_NRT
29.12432,75.78016,306.2,0.42,0.38,2026-10-06,2104,N,VIIRS,n,2.0NRT,295.93,0.55,N,VIIRS_SNPP_NRT
27.22095,95.34778,301.11,0.61,0.53,2026-10-06,1845,N21,VIIRS,n,2.0NRT,289.26,0.53,N,VIIRS_NOAA21_NRT
25.54057,91.23676,310.0,0.44,0.46,2026-10-06,1923,N,VIIRS,n,2.0NRT,285.75,0.52,N,VIIRS_SNPP_NRT
25.54485,91.23734,297.79,0.44,0.46,2026-10-06,1923,N,VIIRS,n,2.0NRT,285.73,0.52,N,VIIRS_SNPP_NRT
24.92363,84.15652,300.9,0.48,0.64,2026-10-06,2104,N,VIIRS,n,2.0NRT,285.06,0.52,N,VIIRS_SNPP_NRT
24.9234,84.15646,301.18,0.42,0.45,2026-10-06,2027,N21,VIIRS,n,2.0NRT,283.39,0.51,N,VIIRS_NOAA21_NRT
22.13311,85.38271,300.66,0.47,0.64,2026-10-06,1925,N,VIIRS,n,2.0NRT,287.62,0.5,N,VIIRS_SNPP_NRT
17.1471,78.22308,304.1,0.41,0.37,2026-10-06,2029,N21,VIIRS,n,2.0NRT,293.06,0.49,N,VIIRS_NOAA21_NRT
21.79206,80.01582,307.63,0.43,0.38,2026-10-06,2029,N21,VIIRS,n,2.0NRT,291.55,0.49,N,VIIRS_NOAA21_NRT
27.37612,95.08649,301.77,0.46,0.39,2026-10-06,1945,N20,VIIRS,n,2.0NRT,289.87,0.48,N,VIIRS_NOAA20_NRT
27.37798,95.08696,305.14,0.44,0.39,2026-10-06,1923,N,VIIRS,n,2.0NRT,291.01,0.48,N,VIIRS_SNPP_NRT
33.51151,74.97691,298.72,0.39,0.36,2026-10-06,2104,N,VIIRS,n,2.0NRT,271.84,0.48,N,VIIRS_SNPP_NRT
31.25094,76.92943,297.88,0.43,0.38,2026-10-06,2025,N21,VIIRS,n,2.0NRT,285.25,0.47,N,VIIRS_NOAA21_NRT
22.98343,76.54141,301.26,0.39,0.36,2026-10-06,2029,N21,VIIRS,n,2.0NRT,291.03,0.46,N,VIIRS_NOAA21_NRT
15.27589,76.23484,305.37,0.39,0.36,2026-10-06,2032,N21,VIIRS,n,2.0NRT,295.32,0.46,N,VIIRS_NOAA21_NRT
22.13377,85.38046,301.46,0.55,0.42,2026-10-06,1945,N20,VIIRS,n,2.0NRT,290.23,0.44,N,VIIRS_NOAA20_NRT
24.14365,77.75808,303.32,0.41,0.45,2026-10-06,2106,N,VIIRS,n,2.0NRT,291.16,0.42,N,VIIRS_SNPP_NRT
23.60828,85.67571,300.08,0.47,0.64,2026-10-06,1923,N,VIIRS,n,2.0NRT,286.53,0.4,N,VIIRS_SNPP_NRT
23.71865,85.00877,300.19,0.4,0.44,2026-10-06,1945,N20,VIIRS,n,2.0NRT,288.48,0.38,N,VIIRS_NOAA20_NRT
31.25971,76.925,297.51,0.44,0.38,2026-10-06,2104,N,VIIRS,n,2.0NRT,282.87,0.38,N,VIIRS_SNPP_NRT
22.74038,76.59747,303.88,0.39,0.36,2026-10-06,2029,N21,VIIRS,n,2.0NRT,292.42,0.37,N,VIIRS_NOAA21_NRT
21.9602,75.75227,334.42,0.45,0.39,2026-10-05,820,N21,VIIRS,l,2.0NRT,308.23,23.62,D,VIIRS_NOAA21_NRT
31.59773,75.45393,344.19,0.48,0.48,2026-10-05,737,N20,VIIRS,n,2.0NRT,300.67,16.59,D,VIIRS_NOAA20_NRT
16.62516,80.19954,354.71,0.48,0.48,2026-10-05,733,N20,VIIRS,n,2.0NRT,297.41,16.34,D,VIIRS_NOAA20_NRT
18.76703,74.5808,338.64,0.39,0.36,2026-10-05,818,N21,VIIRS,n,2.0NRT,311.72,16.33,D,VIIRS_NOAA21_NRT
20.97091,85.17109,334.6,0.54,0.68,2026-10-05,820,N21,VIIRS,n,2.0NRT,301.03,14.88,D,VIIRS_NOAA21_NRT
25.26839,75.98923,350.34,0.6,0.53,2026-10-05,735,N20,VIIRS,n,2.0NRT,304.86,14.86,D,VIIRS_NOAA20_NRT
22.37502,87.28062,331.15,0.77,0.77,2026-10-05,820,N21,VIIRS,l,2.0NRT,303.2,14.35,D,VIIRS_NOAA21_NRT
21.10539,72.64848,367.0,0.55,0.68,2026-10-05,915,N20,VIIRS,h,2.0NRT,299.97,14.07,D,VIIRS_NOAA20_NRT
20.97064,86.01397,337.72,0.61,0.71,2026-10-05,820,N21,VIIRS,n,2.0NRT,297.54,13.75,D,VIIRS_NOAA21_NRT
18.8423,78.25877,348.35,0.58,0.52,2026-10-05,733,N20,VIIRS,n,2.0NRT,305.22,13.44,D,VIIRS_NOAA20_NRT
13.25786,79.43702,343.14,0.55,0.42,2026-10-05,816,N21,VIIRS,n,2.0NRT,297.46,13.14,D,VIIRS_NOAA21_NRT
20.79462,85.25275,335.69,0.39,0.36,2026-10-05,733,N20,VIIRS,l,2.0NRT,309.33,12.67,D,VIIRS_NOAA20_NRT
28.49755,76.83422,353.33,0.46,0.47,2026-10-05,737,N20,VIIRS,n,2.0NRT,305.84,12.17,D,VIIRS_NOAA20_NRT
22.37832,87.27936,352.17,0.41,0.37,2026-10-05,733,N20,VIIRS,n,2.0NRT,314.95,12.15,D,VIIRS_NOAA20_NRT
31.36692,74.89655,347.23,0.52,0.5,2026-10-05,737,N20,VIIRS,n,2.0NRT,301.06,12.04,D,VIIRS_NOAA20_NRT
16.62555,80.20097,343.41,0.63,0.72,2026-10-05,714,N,VIIRS,n,2.0NRT,289.62,11.92,D,VIIRS_SNPP_NRT
22.3789,87.27841,344.24,0.53,0.42,2026-10-05,716,N,VIIRS,n,2.0NRT,309.8,11.91,D,VIIRS_SNPP_NRT
12.82446,79.57549,338.57,0.55,0.43,2026-10-05,816,N21,VIIRS,n,2.0NRT,303.86,11.76,D,VIIRS_NOAA21_NRT
20.96362,86.00849,339.06,0.61,0.71,2026-10-05,820,N21,VIIRS,n,2.0NRT,296.95,11.57,D,VIIRS_NOAA21_NRT
17.11551,80.71388,340.11,0.49,0.49,2026-10-05,818,N21,VIIRS,n,2.0NRT,297.14,11.55,D,VIIRS_NOAA21_NRT
21.10206,72.64545,348.49,0.55,0.68,2026-10-05,915,N20,VIIRS,n,2.0NRT,298.64,11.13,D,VIIRS_NOAA20_NRT
21.9594,75.74702,331.95,0.44,0.39,2026-10-05,820,N21,VIIRS,l,2.0NRT,306.28,10.87,D,VIIRS_NOAA21_NRT
21.95999,75.75128,343.31,0.45,0.39,2026-10-05,820,N21,VIIRS,n,2.0NRT,311.22,10.87,D,VIIRS_NOAA21_NRT
31.04178,74.61548,354.24,0.36,0.57,2026-10-05,858,N,VIIRS,n,2.0NRT,303.27,10.87,D,VIIRS_SNPP_NRT
31.04207,74.61929,367.0,0.36,0.57,2026-10-05,858,N,VIIRS,h,2.0NRT,301.73,10.87,D,VIIRS_SNPP_NRT
20.97056,85.17423,337.31,0.5,0.49,2026-10-05,716,N,VIIRS,n,2.0NRT,304.18,10.82,D,VIIRS_SNPP_NRT
21.10249,72.65085,339.33,0.55,0.68,2026-10-05,915,N20,VIIRS,n,2.0NRT,298.45,10.58,D,VIIRS_NOAA20_NRT
13.24444,80.24971,343.92,0.41,0.45,2026-10-05,816,N21,VIIRS,n,2.0NRT,298.92,10.5,D,VIIRS_NOAA21_NRT
13.15824,80.28001,340.83,0.38,0.59,2026-10-05,1947,N,VIIRS,n,2.0NRT,289.85,10.42,N,VIIRS_SNPP_NRT
20.88989,84.98284,342.02,0.51,0.5,2026-10-05,716,N,VIIRS,n,2.0NRT,304.04,10.4,D,VIIRS_SNPP_NRT
13.65847,79.76639,332.25,0.58,0.52,2026-10-05,733,N20,VIIRS,n,2.0NRT,298.06,10.31,D,VIIRS_NOAA20_NRT
20.78825,85.25938,332.7,0.5,0.49,2026-10-05,716,N,VIIRS,l,2.0NRT,303.7,10.05,D,VIIRS_SNPP_NRT
21.10457,72.6455,344.11,0.38,0.36,2026-10-05,820,N21,VIIRS,n,2.0NRT,310.3,9.96,D,VIIRS_NOAA21_NRT
13.15781,80.28359,351.44,0.38,0.59,2026-10-05,1947,N,VIIRS,n,2.0NRT,290.04,9.88,N,VIIRS_SNPP_NRT
22.68121,77.0265,339.65,0.52,0.42,2026-10-05,820,N21,VIIRS,n,2.0NRT,309.38,9.8,D,VIIRS_NOAA21_NRT
19.01517,72.8997,351.18,0.52,0.66,2026-10-05,2004,N20,VIIRS,n,2.0NRT,293.3,9.76,N,VIIRS_NOAA20_NRT
18.85513,78.39912,338.16,0.56,0.43,2026-10-05,818,N21,VIIRS,n,2.0NRT,308.35,9.51,D,VIIRS_NOAA21_NRT
9.03149,77.71165,339.91,0.41,0.37,2026-10-05,816,N21,VIIRS,n,2.0NRT,305.22,9.5,D,VIIRS_NOAA21_NRT
15.95493,78.51303,340.16,0.52,0.42,2026-10-05,818,N21,VIIRS,n,2.0NRT,306.2,9.37,D,VIIRS_NOAA21_NRT
23.77971,86.38972,337.98,0.57,0.43,2026-10-05,716,N,VIIRS,n,2.0NRT,302.96,9.34,D,VIIRS_SNPP_NRT
20.88947,84.98093,339.97,0.51,0.5,2026-10-05,716,N,VIIRS,n,2.0NRT,303.83,9.31,D,VIIRS_SNPP_NRT
21.92253,83.35157,332.49,0.42,0.61,2026-10-05,820,N21,VIIRS,n,2.0NRT,299.08,9.1,D,VIIRS_NOAA21_NRT
21.10807,72.64636,335.22,0.6,0.7,2026-10-05,735,N20,VIIRS,n,2.0NRT,298.1,9.08,D,VIIRS_NOAA20_NRT
20.96767,85.15098,328.17,0.54,0.68,2026-10-05,820,N21,VIIRS,l,2.0NRT,300.74,9.07,D,VIIRS_NOAA21_NRT
22.35779,82.3041,338.83,0.45,0.39,2026-10-05,735,N20,VIIRS,n,2.0NRT,308.59,8.99,D,VIIRS_NOAA20_NRT
20.96923,86.01278,347.06,0.38,0.36,2026-10-05,733,N20,VIIRS,n,2.0NRT,308.93,8.83,D,VIIRS_NOAA20_NRT
14.90195,78.65208,367.0,0.42,0.61,2026-10-05,854,N,VIIRS,h,2.0NRT,290.84,8.73,D,VIIRS_SNPP_NRT
18.69374,78.38651,336.26,0.55,0.43,2026-10-05,818,N21,VIIRS,l,2.0NRT,307.68,8.72,D,VIIRS_NOAA21_NRT
28.49739,76.83034,342.53,0.4,0.44,2026-10-05,822,N21,VIIRS,n,2.0NRT,307.86,8.63,D,VIIRS_NOAA21_NRT
9.38484,77.7757,346.74,0.62,0.54,2026-10-05,852,N,VIIRS,n,2.0NRT,299.32,8.59,D,VIIRS_SNPP_NRT
23.32618,79.78199,341.59,0.39,0.44,2026-10-05,735,N20,VIIRS,n,2.0NRT,304.18,8.46,D,VIIRS_NOAA20_NRT
21.10499,72.64183,367.0,0.57,0.69,2026-10-05,2004,N20,VIIRS,h,2.0NRT,294.95,8.45,N,VIIRS_NOAA20_NRT
21.10544,72.63631,307.1,0.57,0.69,2026-10-05,2004,N20,VIIRS,n,2.0NRT,294.23,8.45,N,VIIRS_NOAA20_NRT
14.2388,79.22295,342.47,0.55,0.42,2026-10-05,818,N21,VIIRS,n,2.0NRT,299.43,8.41,D,VIIRS_NOAA21_NRT
23.66536,87.15977,331.35,0.41,0.37,2026-10-05,735,N20,VIIRS,l,2.0NRT,302.92,8.34,D,VIIRS_NOAA20_NRT
13.65978,79.76913,336.79,0.57,0.52,2026-10-05,733,N20,VIIRS,n,2.0NRT,297.6,8.24,D,VIIRS_NOAA20_NRT
8.99685,77.47536,346.7,0.4,0.37,2026-10-05,816,N21,VIIRS,n,2.0NRT,307.4,8.16,D,VIIRS_NOAA21_NRT
16.59305,80.76095,330.74,0.49,0.48,2026-10-05,818,N21,VIIRS,n,2.0NRT,295.77,8.08,D,VIIRS_NOAA21_NRT
22.66302,75.20378,343.66,0.43,0.38,2026-10-05,820,N21,VIIRS,n,2.0NRT,312.44,8.02,D,VIIRS_NOAA21_NRT
16.6277,80.19713,339.86,0.63,0.72,2026-10-05,714,N,VIIRS,n,2.0NRT,289.4,7.98,D,VIIRS_SNPP_NRT
20.96162,85.18903,344.49,0.39,0.36,2026-10-05,733,N20,VIIRS,n,2.0NRT,309.74,7.97,D,VIIRS_NOAA20_NRT
25.27084,75.98856,333.51,0.49,0.4,2026-10-05,820,N21,VIIRS,l,2.0NRT,307.11,7.93,D,VIIRS_NOAA21_NRT
20.79499,85.25465,339.14,0.46,0.47,2026-10-05,1945,N,VIIRS,n,2.0NRT,294.92,7.93,N,VIIRS_SNPP_NRT
20.96936,85.17168,337.12,0.54,0.68,2026-10-05,820,N21,VIIRS,n,2.0NRT,301.29,7.91,D,VIIRS_NOAA21_NRT
20.97561,85.17119,331.05,0.54,0.68,2026-10-05,820,N21,VIIRS,n,2.0NRT,300.39,7.91,D,VIIRS_NOAA21_NRT
14.82003,79.63269,340.1,0.39,0.44,2026-10-05,818,N21,VIIRS,n,2.0NRT,297.44,7.9,D,VIIRS_NOAA21_NRT
23.13597,75.11527,337.45,0.63,0.54,2026-10-05,856,N,VIIRS,n,2.0NRT,303.26,7.88,D,VIIRS_SNPP_NRT
12.53391,76.93244,328.63,0.6,0.53,2026-10-05,854,N,VIIRS,n,2.0NRT,289.33,7.82,D,VIIRS_SNPP_NRT
9.38463,77.77301,344.34,0.62,0.54,2026-10-05,852,N,VIIRS,n,2.0NRT,299.57,7.78,D,VIIRS_SNPP_NRT
14.18804,78.4772,334.46,0.5,0.41,2026-10-05,818,N21,VIIRS,n,2.0NRT,300.56,7.73,D,VIIRS_NOAA21_NRT
21.10587,72.64703,338.88,0.38,0.36,2026-10-05,2046,N21,VIIRS,n,2.0NRT,303.69,7.63,N,VIIRS_NOAA21_NRT
21.10103,72.63487,340.91,0.38,0.36,2026-10-05,2046,N21,VIIRS,n,2.0NRT,299.32,7.62,N,VIIRS_NOAA21_NRT
21.10431,72.63546,331.55,0.38,0.36,2026-10-05,2046,N21,VIIRS,n,2.0NRT,298.36,7.62,N,VIIRS_NOAA21_NRT
28.49533,76.83236,334.5,0.46,0.47,2026-10-05,737,N20,VIIRS,l,2.0NRT,305.08,7.62,D,VIIRS_NOAA20_NRT
28.49957,76.83123,342.04,0.46,0.47,2026-10-05,737,N20,VIIRS,n,2.0NRT,303.55,7.62,D,VIIRS_NOAA20_NRT
20.78587,85.26184,340.18,0.39,0.36,2026-10-05,733,N20,VIIRS,n,2.0NRT,308.65,7.48,D,VIIRS_NOAA20_NRT
19.01222,72.90653,332.28,0.39,0.36,2026-10-05,2049,N21,VIIRS,n,2.0NRT,297.71,7.43,N,VIIRS_NOAA21_NRT
16.68367,78.30025,333.4,0.52,0.41,2026-10-05,818,N21,VIIRS,l,2.0NRT,304.86,7.42,D,VIIRS_NOAA21_NRT
22.36035,82.29956,330.2,0.36,0.58,2026-10-05,820,N21,VIIRS,n,2.0NRT,297.73,7.4,D,VIIRS_NOAA21_NRT
21.10287,72.63643,350.66,0.41,0.45,2026-10-05,856,N,VIIRS,n,2.0NRT,304.39,7.35,D,VIIRS_SNPP_NRT
20.96442,86.00521,333.16,0.55,0.68,2026-10-05,637,N21,VIIRS,n,2.0NRT,296.98,7.25,D,VIIRS_NOAA21_NRT
20.96979,85.17625,350.04,0.39,0.36,2026-10-05,733,N20,VIIRS,n,2.0NRT,309.47,7.24,D,VIIRS_NOAA20_NRT
20.96262,85.17374,337.76,0.39,0.36,2026-10-05,733,N20,VIIRS,n,2.0NRT,305.76,7.14,D,VIIRS_NOAA20_NRT
20.96797,86.01743,309.17,0.65,0.73,2026-10-05,2046,N21,VIIRS,n,2.0NRT,291.63,7.0,N,VIIRS_NOAA21_NRT
20.95693,77.7907,338.71,0.57,0.52,2026-10-05,735,N20,VIIRS,n,2.0NRT,304.15,6.92,D,VIIRS_NOAA20_NRT
23.5598,87.08356,331.98,0.41,0.61,2026-10-05,640,N21,VIIRS,n,2.0NRT,302.2,6.84,D,VIIRS_NOAA21_NRT
13.3531,80.16232,336.98,0.4,0.45,2026-10-05,816,N21,VIIRS,n,2.0NRT,299.54,6.76,D,VIIRS_NOAA21_NRT
20.80566,85.25835,339.93,0.39,0.36,2026-10-05,733,N20,VIIRS,l,2.0NRT,310.33,6.76,D,VIIRS_NOAA20_NRT
23.46318,79.86514,333.43,0.52,0.5,2026-10-05,820,N21,VIIRS,n,2.0NRT,302.58,6.75,D,VIIRS_NOAA21_NRT
21.0777,85.03973,337.55,0.39,0.36,2026-10-05,733,N20,VIIRS,l,2.0NRT,310.48,6.74,D,VIIRS_NOAA20_NRT
21.08043,85.03545,352.67,0.39,0.36,2026-10-05,733,N20,VIIRS,n,2.0NRT,312.58,6.74,D,VIIRS_NOAA20_NRT
21.07587,85.03718,333.97,0.51,0.49,2026-10-05,716,N,VIIRS,l,2.0NRT,307.26,6.74,D,VIIRS_SNPP_NRT
21.08035,85.03615,344.57,0.51,0.49,2026-10-05,716,N,VIIRS,n,2.0NRT,305.75,6.74,D,VIIRS_SNPP_NRT
18.96704,78.49025,335.14,0.57,0.43,2026-10-05,818,N21,VIIRS,l,2.0NRT,307.96,6.69,D,VIIRS_NOAA21_NRT
30.74923,74.7304,333.22,0.49,0.4,2026-10-05,822,N21,VIIRS,n,2.0NRT,303.5,6.69,D,VIIRS_NOAA21_NRT
23.67637,86.39896,333.27,0.4,0.37,2026-10-05,735,N20,VIIRS,l,2.0NRT,304.14,6.68,D,VIIRS_NOAA20_NRT
17.78158,79.47192,347.12,0.51,0.49,2026-10-05,733,N20,VIIRS,n,2.0NRT,295.0,6.65,D,VIIRS_NOAA20_NRT
20.88516,84.98307,338.51,0.39,0.36,2026-10-05,733,N20,VIIRS,l,2.0NRT,308.86,6.63,D,VIIRS_NOAA20_NRT
29.00667,79.73643,330.9,0.6,0.53,2026-10-05,822,N21,VIIRS,n,2.0NRT,294.75,6.61,D,VIIRS_NOAA21_NRT
21.67698,84.03873,332.3,0.4,0.37,2026-10-05,733,N20,VIIRS,l,2.0NRT,306.4,6.61,D,VIIRS_NOAA20_NRT
26.33207,77.69214,339.29,0.49,0.65,2026-10-05,858,N,VIIRS,n,2.0NRT,300.34,6.61,D,VIIRS_SNPP_NRT
23.39617,77.29367,337.84,0.55,0.43,2026-10-05,820,N21,VIIRS,n,2.0NRT,307.94,6.55,D,VIIRS_NOAA21_NRT
15.75329,75.6133,346.38,0.4,0.37,2026-10-05,818,N21,VIIRS,n,2.0NRT,306.42,6.54,D,VIIRS_NOAA21_NRT
20.96711,85.16866,307.86,0.58,0.7,2026-10-05,2046,N21,VIIRS,n,2.0NRT,290.92,6.52,N,VIIRS_NOAA21_NRT
23.6469,85.43924,334.96,0.39,0.36,2026-10-05,735,N20,VIIRS,l,2.0NRT,305.19,6.52,D,VIIRS_NOAA20_NRT
15.13915,79.88644,341.16,0.41,0.45,2026-10-05,818,N21,VIIRS,n,2.0NRT,295.83,6.46,D,VIIRS_NOAA21_NRT
20.86159,84.98963,328.57,0.53,0.67,2026-10-05,820,N21,VIIRS,l,2.0NRT,298.99,6.45,D,VIIRS_NOAA21_NRT
25.4778,91.2942,346.04,0.38,0.36,2026-10-05,716,N,VIIRS,n,2.0NRT,296.29,6.45,D,VIIRS_SNPP_NRT
26.35071,77.6957,348.97,0.49,0.65,2026-10-05,858,N,VIIRS,n,2.0NRT,301.6,6.45,D,VIIRS_SNPP_NRT
31.83156,74.69801,336.87,0.5,0.41,2026-10-05,822,N21,VIIRS,n,2.0NRT,301.64,6.44,D,VIIRS_NOAA21_NRT
21.10861,72.64594,322.62,0.58,0.7,2026-10-05,2144,N20,VIIRS,n,2.0NRT,294.58,6.44,N,VIIRS_NOAA20_NRT
23.18598,69.87981,341.39,0.43,0.38,2026-10-05,820,N21,VIIRS,n,2.0NRT,308.97,6.32,D,VIIRS_NOAA21_NRT
20.86591,84.99031,334.47,0.39,0.36,2026-10-05,733,N20,VIIRS,l,2.0NRT,307.79,6.31,D,VIIRS_NOAA20_NRT
21.76215,83.84919,338.51,0.4,0.37,2026-10-05,733,N20,VIIRS,l,2.0NRT,309.85,6.18,D,VIIRS_NOAA20_NRT
24.91288,77.15907,340.84,0.56,0.43,2026-10-05,820,N21,VIIRS,n,2.0NRT,307.13,6.14,D,VIIRS_NOAA21_NRT
15.74708,79.25618,343.85,0.57,0.52,2026-10-05,733,N20,VIIRS,n,2.0NRT,299.93,6.13,D,VIIRS_NOAA20_NRT
22.37503,87.2794,330.41,0.42,0.61,2026-10-05,637,N21,VIIRS,n,2.0NRT,297.89,6.1,D,VIIRS_NOAA21_NRT
14.22807,79.32264,333.38,0.55,0.43,2026-10-05,818,N21,VIIRS,n,2.0NRT,297.52,6.1,D,VIIRS_NOAA21_NRT
15.27044,78.61903,340.99,0.52,0.42,2026-10-05,818,N21,VIIRS,n,2.0NRT,301.34,6.07,D,VIIRS_NOAA21_NRT
20.96331,85.18468,319.25,0.58,0.7,2026-10-05,2046,N21,VIIRS,n,2.0NRT,290.83,6.07,N,VIIRS_NOAA21_NRT
23.76602,86.40415,335.07,0.57,0.43,2026-10-05,716,N,VIIRS,n,2.0NRT,299.12,6.06,D,VIIRS_SNPP_NRT
15.1692,78.52676,338.21,0.33,0.55,2026-10-05,733,N20,VIIRS,n,2.0NRT,293.9,6.0,D,VIIRS_NOAA20_NRT
18.54906,74.13888,339.27,0.55,0.68,2026-10-05,733,N20,VIIRS,n,2.0NRT,294.19,5.99,D,VIIRS_NOAA20_NRT
21.1059,72.64246,329.54,0.58,0.7,2026-10-05,2144,N20,VIIRS,n,2.0NRT,293.82,5.93,N,VIIRS_NOAA20_NRT
12.1437,78.44839,336.05,0.47,0.4,2026-10-05,816,N21,VIIRS,n,2.0NRT,299.23,5.92,D,VIIRS_NOAA21_NRT
23.7237,69.82798,346.89,0.43,0.38,2026-10-05,820,N21,VIIRS,n,2.0NRT,308.63,5.91,D,VIIRS_NOAA21_NRT
20.96153,86.00656,345.81,0.38,0.36,2026-10-05,733,N20,VIIRS,n,2.0NRT,307.75,5.88,D,VIIRS_NOAA20_NRT
20.96208,86.01024,340.31,0.38,0.36,2026-10-05,733,N20,VIIRS,n,2.0NRT,308.87,5.88,D,VIIRS_NOAA20_NRT
18.86685,78.46071,336.07,0.56,0.43,2026-10-05,818,N21,VIIRS,n,2.0NRT,310.18,5.85,D,VIIRS_NOAA21_NRT
23.77266,86.1972,335.84,0.39,0.36,2026-10-05,735,N20,VIIRS,l,2.0NRT,305.98,5.85,D,VIIRS_NOAA20_NRT
34.08611,75.32043,332.5,0.38,0.43,2026-10-05,822,N21,VIIRS,n,2.0NRT,302.69,5.84,D,VIIRS_NOAA21_NRT
16.27232,74.87001,341.24,0.49,0.49,2026-10-05,856,N,VIIRS,n,2.0NRT,298.32,5.82,D,VIIRS_SNPP_NRT
18.85504,78.39768,339.85,0.56,0.43,2026-10-05,818,N21,VIIRS,n,2.0NRT,307.14,5.8,D,VIIRS_NOAA21_NRT
27.91443,78.16158,340.98,0.4,0.44,2026-10-05,737,N20,VIIRS,n,2.0NRT,301.46,5.8,D,VIIRS_NOAA20_NRT
20.96593,86.01334,336.06,0.38,0.36,2026-10-05,733,N20,VIIRS,l,2.0NRT,308.62,5.78,D,VIIRS_NOAA20_NRT
18.92981,78.41944,334.29,0.56,0.43,2026-10-05,818,N21,VIIRS,n,2.0NRT,308.45,5.77,D,VIIRS_NOAA21_NRT
26.34185,77.67166,341.16,0.42,0.45,2026-10-05,820,N21,VIIRS,n,2.0NRT,306.24,5.72,D,VIIRS_NOAA21_NRT
26.34231,77.67583,343.85,0.42,0.45,2026-10-05,820,N21,VIIRS,n,2.0NRT,307.16,5.72,D,VIIRS_NOAA21_NRT
14.14547,79.82944,337.78,0.56,0.51,2026-10-05,733,N20,VIIRS,n,2.0NRT,298.05,5.71,D,VIIRS_NOAA20_NRT
16.59452,80.76034,344.9,0.44,0.46,2026-10-05,733,N20,VIIRS,n,2.0NRT,295.52,5.7,D,VIIRS_NOAA20_NRT
20.95682,77.78899,336.26,0.55,0.42,2026-10-05,820,N21,VIIRS,n,2.0NRT,306.28,5.64,D,VIIRS_NOAA21_NRT
16.35899,77.53367,342.06,0.47,0.4,2026-10-05,818,N21,VIIRS,n,2.0NRT,301.16,5.63,D,VIIRS_NOAA21_NRT
21.75417,83.84274,338.25,0.4,0.37,2026-10-05,733,N20,VIIRS,l,2.0NRT,310.14,5.62,D,VIIRS_NOAA20_NRT
20.96378,85.1811,333.69,0.39,0.36,2026-10-05,733,N20,VIIRS,l,2.0NRT,306.92,5.6,D,VIIRS_NOAA20_NRT
21.91954,83.35212,337.34,0.42,0.37,2026-10-05,735,N20,VIIRS,l,2.0NRT,308.26,5.58,D,VIIRS_NOAA20_NRT
23.66344,87.15801,332.9,0.52,0.41,2026-10-05,716,N,VIIRS,l,2.0NRT,305.24,5.52,D,VIIRS_SNPP_NRT
20.79906,85.25951,333.78,0.39,0.36,2026-10-05,733,N20,VIIRS,l,2.0NRT,307.31,5.45,D,VIIRS_NOAA20_NRT
17.21682,77.58856,345.96,0.38,0.59,2026-10-05,856,N,VIIRS,n,2.0NRT,297.98,5.44,D,VIIRS_SNPP_NRT
23.77638,86.38651,309.11,0.52,0.67,2026-10-05,1906,N21,VIIRS,n,2.0NRT,287.75,5.42,N,VIIRS_NOAA21_NRT
22.37923,87.27937,323.91,0.44,0.62,2026-10-05,1908,N21,VIIRS,n,2.0NRT,293.97,5.41,N,VIIRS_NOAA21_NRT
30.54804,76.77113,340.49,0.42,0.45,2026-10-05,822,N21,VIIRS,n,2.0NRT,302.11,5.38,D,VIIRS_NOAA21_NRT
34.59123,73.73303,338.32,0.35,0.56,2026-10-05,900,N,VIIRS,n,2.0NRT,297.01,5.37,D,VIIRS_SNPP_NRT
15.74416,79.25972,334.81,0.57,0.52,2026-10-05,733,N20,VIIRS,n,2.0NRT,299.76,5.36,D,VIIRS_NOAA20_NRT
23.13605,75.11126,341.8,0.63,0.54,2026-10-05,856,N,VIIRS,n,2.0NRT,305.22,5.36,D,VIIRS_SNPP_NRT
19.10218,83.3059,333.31,0.39,0.59,2026-10-05,818,N21,VIIRS,n,2.0NRT,294.42,5.35,D,VIIRS_NOAA21_NRT
23.77601,86.39154,303.4,0.52,0.67,2026-10-05,1906,N21,VIIRS,n,2.0NRT,287.11,5.29,N,VIIRS_NOAA21_NRT
23.77597,86.38704,308.1,0.52,0.67,2026-10-05,1906,N21,VIIRS,n,2.0NRT,287.86,5.27,N,VIIRS_NOAA21_NRT
14.89973,78.65263,353.44,0.42,0.61,2026-10-05,854,N,VIIRS,n,2.0NRT,291.72,5.27,D,VIIRS_SNPP_NRT
16.2756,74.87206,336.56,0.49,0.49,2026-10-05,854,N,VIIRS,n,2.0NRT,297.42,5.26,D,VIIRS_SNPP_NRT
31.42363,74.83177,335.42,0.51,0.41,2026-10-05,822,N21,VIIRS,n,2.0NRT,303.5,5.25,D,VIIRS_NOAA21_NRT
21.10308,72.64614,313.75,0.44,0.46,2026-10-05,2125,N,VIIRS,n,2.0NRT,295.97,5.24,N,VIIRS_SNPP_NRT
21.10729,72.64709,342.44,0.44,0.46,2026-10-05,2125,N,VIIRS,n,2.0NRT,300.33,5.24,N,VIIRS_SNPP_NRT
20.97328,85.17049,310.44,0.58,0.7,2026-10-05,2046,N21,VIIRS,n,2.0NRT,290.88,5.2,N,VIIRS_NOAA21_NRT
22.79574,75.25236,345.87,0.43,0.38,2026-10-05,820,N21,VIIRS,n,2.0NRT,311.33,5.19,D,VIIRS_NOAA21_NRT
27.54873,77.51828,336.41,0.42,0.45,2026-10-05,822,N21,VIIRS,n,2.0NRT,304.05,5.11,D,VIIRS_NOAA21_NRT
22.24667,75.77925,349.37,0.34,0.56,2026-10-05,856,N,VIIRS,n,2.0NRT,304.37,5.1,D,VIIRS_SNPP_NRT
8.70273,78.11082,338.25,0.46,0.63,2026-10-05,731,N20,VIIRS,n,2.0NRT,288.51,5.09,D,VIIRS_NOAA20_NRT
13.20051,80.00928,331.87,0.56,0.52,2026-10-05,731,N20,VIIRS,n,2.0NRT,297.51,5.08,D,VIIRS_NOAA20_NRT
23.78168,86.39268,303.01,0.52,0.67,2026-10-05,1906,N21,VIIRS,n,2.0NRT,287.83,5.07,N,VIIRS_NOAA21_NRT
15.16862,78.52518,350.55,0.33,0.55,2026-10-05,733,N20,VIIRS,n,2.0NRT,293.21,5.03,D,VIIRS_NOAA20_NRT
22.37866,87.27748,339.63,0.41,0.37,2026-10-05,2004,N20,VIIRS,n,2.0NRT,299.95,5.02,N,VIIRS_NOAA20_NRT
20.97581,85.17139,342.83,0.39,0.36,2026-10-05,733,N20,VIIRS,n,2.0NRT,308.02,5.0,D,VIIRS_NOAA20_NRT
13.25533,79.44006,333.73,0.55,0.42,2026-10-05,816,N21,VIIRS,n,2.0NRT,297.64,4.98,D,VIIRS_NOAA21_NRT
22.01467,83.75496,333.48,0.4,0.37,2026-10-05,735,N20,VIIRS,l,2.0NRT,308.18,4.98,D,VIIRS_NOAA20_NRT
11.91448,78.8637,331.91,0.49,0.4,2026-10-05,816,N21,VIIRS,n,2.0NRT,301.12,4.97,D,VIIRS_NOAA21_NRT
20.96477,85.16579,333.19,0.39,0.36,2026-10-05,733,N20,VIIRS,l,2.0NRT,305.42,4.93,D,VIIRS_NOAA20_NRT
21.07618,85.03979,308.51,0.59,0.7,2026-10-05,1908,N21,VIIRS,n,2.0NRT,290.97,4.92,N,VIIRS_NOAA21_NRT
25.00994,77.11996,331.89,0.64,0.72,2026-10-05,716,N,VIIRS,n,2.0NRT,299.92,4.92,D,VIIRS_SNPP_NRT
11.87197,79.46246,330.06,0.32,0.55,2026-10-05,731,N20,VIIRS,l,2.0NRT,302.47,4.89,D,VIIRS_NOAA20_NRT
22.20944,84.86179,342.09,0.39,0.36,2026-10-05,735,N20,VIIRS,n,2.0NRT,307.48,4.88,D,VIIRS_NOAA20_NRT
20.79417,85.25175,329.9,0.38,0.36,2026-10-05,2004,N20,VIIRS,n,2.0NRT,295.41,4.88,N,VIIRS_NOAA20_NRT
24.6824,77.0749,342.76,0.43,0.62,2026-10-05,858,N,VIIRS,n,2.0NRT,305.02,4.87,D,VIIRS_SNPP_NRT
20.96355,85.18575,330.4,0.5,0.49,2026-10-05,716,N,VIIRS,l,2.0NRT,304.45,4.86,D,VIIRS_SNPP_NRT
20.96449,85.19045,333.46,0.5,0.49,2026-10-05,716,N,VIIRS,l,2.0NRT,304.72,4.86,D,VIIRS_SNPP_NRT
23.73776,86.4331,328.32,0.42,0.45,2026-10-05,1945,N,VIIRS,n,2.0NRT,292.31,4.86,N,VIIRS_SNPP_NRT
15.36649,76.6871,340.42,0.42,0.38,2026-10-05,818,N21,VIIRS,n,2.0NRT,304.44,4.83,D,VIIRS_NOAA21_NRT
15.37227,76.1447,338.04,0.41,0.37,2026-10-05,818,N21,VIIRS,n,2.0NRT,301.87,4.83,D,VIIRS_NOAA21_NRT
20.79156,85.25258,322.76,0.59,0.7,2026-10-05,2046,N21,VIIRS,n,2.0NRT,289.87,4.83,N,VIIRS_NOAA21_NRT
20.78889,85.2637,302.59,0.59,0.7,2026-10-05,2046,N21,VIIRS,n,2.0NRT,289.91,4.81,N,VIIRS_NOAA21_NRT
21.74931,83.84263,335.32,0.45,0.63,2026-10-05,820,N21,VIIRS,n,2.0NRT,303.09,4.79,D,VIIRS_NOAA21_NRT
21.75512,83.84209,332.67,0.45,0.63,2026-10-05,820,N21,VIIRS,n,2.0NRT,302.64,4.79,D,VIIRS_NOAA21_NRT
17.15532,78.85986,330.79,0.57,0.43,2026-10-05,818,N21,VIIRS,l,2.0NRT,303.21,4.77,D,VIIRS_NOAA21_NRT
24.93683,76.40753,336.39,0.51,0.41,2026-10-05,820,N21,VIIRS,n,2.0NRT,309.21,4.74,D,VIIRS_NOAA21_NRT
22.60841,75.2328,339.56,0.43,0.38,2026-10-05,820,N21,VIIRS,l,2.0NRT,313.77,4.72,D,VIIRS_NOAA21_NRT
13.7038,79.84642,332.17,0.57,0.52,2026-10-05,733,N20,VIIRS,n,2.0NRT,299.47,4.71,D,VIIRS_NOAA20_NRT
21.10473,72.63777,339.46,0.44,0.46,2026-10-05,2125,N,VIIRS,n,2.0NRT,297.23,4.7,N,VIIRS_SNPP_NRT
21.10894,72.63871,308.69,0.44,0.46,2026-10-05,2125,N,VIIRS,n,2.0NRT,297.44,4.7,N,VIIRS_SNPP_NRT
20.79358,85.25541,311.89,0.38,0.36,2026-10-05,2004,N20,VIIRS,n,2.0NRT,295.46,4.69,N,VIIRS_NOAA20_NRT
22.37876,87.28288,307.78,0.73,0.76,2026-10-05,2049,N21,VIIRS,n,2.0NRT,289.91,4.68,N,VIIRS_NOAA21_NRT
23.16562,82.33963,328.88,0.37,0.58,2026-10-05,820,N21,VIIRS,n,2.0NRT,298.26,4.67,D,VIIRS_NOAA21_NRT
25.19633,74.078,336.71,0.57,0.52,2026-10-05,858,N,VIIRS,n,2.0NRT,310.87,4.64,D,VIIRS_SNPP_NRT
23.77739,86.38782,323.13,0.42,0.46,2026-10-05,1945,N,VIIRS,n,2.0NRT,291.43,4.62,N,VIIRS_SNPP_NRT
23.80223,86.33008,341.05,0.4,0.37,2026-10-05,735,N20,VIIRS,n,2.0NRT,305.77,4.61,D,VIIRS_NOAA20_NRT
23.69205,87.11039,302.32,0.66,0.73,2026-10-05,2049,N21,VIIRS,n,2.0NRT,290.06,4.6,N,VIIRS_NOAA21_NRT
21.08185,85.03591,307.93,0.56,0.69,2026-10-05,2046,N21,VIIRS,n,2.0NRT,290.69,4.58,N,VIIRS_NOAA21_NRT
17.60073,82.79327,330.72,0.49,0.4,2026-10-05,733,N20,VIIRS,n,2.0NRT,290.14,4.58,D,VIIRS_NOAA20_NRT
21.98411,83.23314,330.47,0.42,0.38,2026-10-05,735,N20,VIIRS,l,2.0NRT,304.43,4.56,D,VIIRS_NOAA20_NRT
21.43523,72.97899,339.25,0.45,0.47,2026-10-05,2125,N,VIIRS,n,2.0NRT,295.33,4.56,N,VIIRS_SNPP_NRT
18.86282,78.26877,336.92,0.55,0.43,2026-10-05,818,N21,VIIRS,n,2.0NRT,308.91,4.54,D,VIIRS_NOAA21_NRT
26.33171,77.68708,331.27,0.49,0.65,2026-10-05,858,N,VIIRS,n,2.0NRT,299.97,4.54,D,VIIRS_SNPP_NRT
13.3532,80.16222,336.01,0.4,0.45,2026-10-05,816,N21,VIIRS,n,2.0NRT,299.4,4.53,D,VIIRS_NOAA21_NRT
22.78807,86.20612,310.71,0.61,0.71,2026-10-05,2049,N21,VIIRS,n,2.0NRT,288.0,4.5,N,VIIRS_NOAA21_NRT
22.79432,86.20824,319.67,0.61,0.71,2026-10-05,2049,N21,VIIRS,n,2.0NRT,287.39,4.5,N,VIIRS_NOAA21_NRT
22.70778,75.14144,337.09,0.43,0.38,2026-10-05,820,N21,VIIRS,l,2.0NRT,311.39,4.49,D,VIIRS_NOAA21_NRT
24.7949,76.53912,335.47,0.52,0.41,2026-10-05,820,N21,VIIRS,l,2.0NRT,308.86,4.48,D,VIIRS_NOAA21_NRT
24.8805,72.78442,336.44,0.39,0.36,2026-10-05,820,N21,VIIRS,l,2.0NRT,310.29,4.48,D,VIIRS_NOAA21_NRT
21.74745,83.84401,340.35,0.4,0.37,2026-10-05,733,N20,VIIRS,l,2.0NRT,310.53,4.48,D,VIIRS_NOAA20_NRT
28.83831,76.2436,335.8,0.56,0.43,2026-10-05,822,N21,VIIRS,l,2.0NRT,306.83,4.47,D,VIIRS_NOAA21_NRT
21.07667,85.03409,314.11,0.6,0.7,2026-10-05,1908,N21,VIIRS,n,2.0NRT,291.35,4.47,N,VIIRS_NOAA21_NRT
21.29969,71.09039,342.47,0.51,0.41,2026-10-05,856,N,VIIRS,n,2.0NRT,306.87,4.46,D,VIIRS_SNPP_NRT
23.25697,79.5495,333.98,0.4,0.44,2026-10-05,735,N20,VIIRS,n,2.0NRT,303.84,4.43,D,VIIRS_NOAA20_NRT
21.07706,85.03564,307.71,0.56,0.69,2026-10-05,2046,N21,VIIRS,n,2.0NRT,291.39,4.42,N,VIIRS_NOAA21_NRT
20.96755,86.01272,332.57,0.39,0.36,2026-10-05,2004,N20,VIIRS,n,2.0NRT,298.57,4.39,N,VIIRS_NOAA20_NRT
20.963,86.00938,316.71,0.65,0.73,2026-10-05,2046,N21,VIIRS,n,2.0NRT,291.15,4.38,N,VIIRS_NOAA21_NRT
20.96403,86.01299,316.8,0.66,0.73,2026-10-05,2046,N21,VIIRS,n,2.0NRT,291.3,4.38,N,VIIRS_NOAA21_NRT
20.96449,86.00327,310.15,0.65,0.73,2026-10-05,2046,N21,VIIRS,n,2.0NRT,291.03,4.38,N,VIIRS_NOAA21_NRT
20.96548,86.00689,314.29,0.65,0.73,2026-10-05,2046,N21,VIIRS,n,2.0NRT,291.24,4.38,N,VIIRS_NOAA21_NRT
20.96945,86.01136,321.02,0.65,0.73,2026-10-05,2046,N21,VIIRS,n,2.0NRT,292.27,4.38,N,VIIRS_NOAA21_NRT
20.97047,86.01502,314.08,0.66,0.73,2026-10-05,2046,N21,VIIRS,n,2.0NRT,291.84,4.38,N,VIIRS_NOAA21_NRT
20.79178,85.25372,339.87,0.5,0.49,2026-10-05,716,N,VIIRS,n,2.0NRT,305.46,4.36,D,VIIRS_SNPP_NRT
20.79624,85.25277,338.49,0.5,0.49,2026-10-05,716,N,VIIRS,n,2.0NRT,303.67,4.36,D,VIIRS_SNPP_NRT
11.28398,77.37505,334.81,0.42,0.37,2026-10-05,816,N21,VIIRS,l,2.0NRT,304.97,4.35,D,VIIRS_NOAA21_NRT
21.0785,85.03918,319.82,0.47,0.48,2026-10-05,1945,N,VIIRS,n,2.0NRT,294.78,4.35,N,VIIRS_SNPP_NRT
21.07903,85.03458,330.84,0.48,0.48,2026-10-05,1945,N,VIIRS,n,2.0NRT,295.6,4.35,N,VIIRS_SNPP_NRT
23.77752,86.38789,332.78,0.57,0.43,2026-10-05,716,N,VIIRS,n,2.0NRT,301.73,4.34,D,VIIRS_SNPP_NRT
22.41043,77.01708,336.2,0.52,0.41,2026-10-05,820,N21,VIIRS,l,2.0NRT,308.93,4.32,D,VIIRS_NOAA21_NRT
13.33579,80.00392,341.79,0.39,0.44,2026-10-05,816,N21,VIIRS,n,2.0NRT,300.79,4.29,D,VIIRS_NOAA21_NRT
18.69104,73.04173,340.11,0.39,0.36,2026-10-05,818,N21,VIIRS,n,2.0NRT,305.63,4.29,D,VIIRS_NOAA21_NRT
18.93752,78.38603,331.34,0.56,0.43,2026-10-05,818,N21,VIIRS,l,2.0NRT,306.16,4.29,D,VIIRS_NOAA21_NRT
15.49454,79.99913,333.95,0.42,0.45,2026-10-05,818,N21,VIIRS,n,2.0NRT,298.12,4.27,D,VIIRS_NOAA21_NRT
20.96464,86.00571,329.23,0.41,0.45,2026-10-05,1945,N,VIIRS,n,2.0NRT,295.92,4.27,N,VIIRS_SNPP_NRT
13.3368,80.00366,341.3,0.4,0.44,2026-10-05,816,N21,VIIRS,n,2.0NRT,300.47,4.25,D,VIIRS_NOAA21_NRT
23.68885,87.12305,308.1,0.67,0.73,2026-10-05,2049,N21,VIIRS,n,2.0NRT,290.41,4.2,N,VIIRS_NOAA21_NRT
17.60267,82.78948,328.1,0.41,0.61,2026-10-05,714,N,VIIRS,n,2.0NRT,289.97,4.2,D,VIIRS_SNPP_NRT
24.60576,77.8338,335.79,0.48,0.48,2026-10-05,735,N20,VIIRS,n,2.0NRT,303.47,4.17,D,VIIRS_NOAA20_NRT
20.96329,85.18796,325.06,0.46,0.47,2026-10-05,1945,N,VIIRS,n,2.0NRT,294.6,4.16,N,VIIRS_SNPP_NRT
32.54265,76.43205,339.59,0.42,0.45,2026-10-05,822,N21,VIIRS,n,2.0NRT,303.5,4.15,D,VIIRS_NOAA21_NRT
22.33811,69.8551,313.38,0.44,0.38,2026-10-05,2046,N21,VIIRS,n,2.0NRT,301.03,4.15,N,VIIRS_NOAA21_NRT
20.96029,85.18356,310.68,0.58,0.7,2026-10-05,2046,N21,VIIRS,n,2.0NRT,290.67,4.14,N,VIIRS_NOAA21_NRT
22.05295,88.12444,315.93,0.43,0.38,2026-10-05,2004,N20,VIIRS,n,2.0NRT,300.95,4.14,N,VIIRS_NOAA20_NRT
15.3301,76.84525,330.98,0.32,0.55,2026-10-05,854,N,VIIRS,n,2.0NRT,291.89,4.14,D,VIIRS_SNPP_NRT
21.92631,85.22373,315.12,0.56,0.69,2026-10-05,2049,N21,VIIRS,n,2.0NRT,291.3,4.13,N,VIIRS_NOAA21_NRT
21.31358,76.09869,337.62,0.45,0.39,2026-10-05,820,N21,VIIRS,n,2.0NRT,312.46,4.12,D,VIIRS_NOAA21_NRT
31.42112,74.7461,330.58,0.5,0.41,2026-10-05,822,N21,VIIRS,n,2.0NRT,302.31,4.1,D,VIIRS_NOAA21_NRT
23.80343,86.33032,333.54,0.57,0.43,2026-10-05,716,N,VIIRS,l,2.0NRT,304.22,4.1,D,VIIRS_SNPP_NRT
18.76023,78.37498,335.17,0.56,0.43,2026-10-05,818,N21,VIIRS,l,2.0NRT,308.34,4.09,D,VIIRS_NOAA21_NRT
22.91258,75.45052,341.65,0.33,0.55,2026-10-05,856,N,VIIRS,n,2.0NRT,305.51,4.08,D,VIIRS_SNPP_NRT
20.96964,85.15356,334.59,0.39,0.36,2026-10-05,733,N20,VIIRS,l,2.0NRT,309.25,4.07,D,VIIRS_NOAA20_NRT
22.81878,75.31746,336.58,0.44,0.38,2026-10-05,820,N21,VIIRS,l,2.0NRT,310.99,4.06,D,VIIRS_NOAA21_NRT
16.35653,77.53591,347.66,0.36,0.57,2026-10-05,733,N20,VIIRS,n,2.0NRT,296.06,4.06,D,VIIRS_NOAA20_NRT
17.21711,77.58707,354.7,0.38,0.59,2026-10-05,856,N,VIIRS,n,2.0NRT,298.51,4.06,D,VIIRS_SNPP_NRT
13.16329,80.2843,319.39,0.38,0.59,2026-10-05,1947,N,VIIRS,n,2.0NRT,290.01,4.06,N,VIIRS_SNPP_NRT
16.35778,77.53289,332.95,0.47,0.4,2026-10-05,818,N21,VIIRS,n,2.0NRT,299.98,4.05,D,VIIRS_NOAA21_NRT
17.61072,83.20423,320.97,0.51,0.66,2026-10-05,2049,N21,VIIRS,n,2.0NRT,288.59,4.05,N,VIIRS_NOAA21_NRT
23.80557,86.32951,333.73,0.4,0.37,2026-10-05,735,N20,VIIRS,l,2.0NRT,306.03,4.05,D,VIIRS_NOAA20_NRT
25.35369,81.94979,335.75,0.43,0.38,2026-10-05,735,N20,VIIRS,n,2.0NRT,304.17,4.04,D,VIIRS_NOAA20_NRT
20.94981,86.04585,316.66,0.51,0.66,2026-10-05,1908,N21,VIIRS,n,2.0NRT,293.39,4.03,N,VIIRS_NOAA21_NRT
18.96663,78.49337,334.96,0.57,0.43,2026-10-05,818,N21,VIIRS,l,2.0NRT,308.97,4.01,D,VIIRS_NOAA21_NRT
21.92294,83.35147,336.84,0.42,0.37,2026-10-05,735,N20,VIIRS,n,2.0NRT,306.28,4.01,D,VIIRS_NOAA20_NRT
20.96459,85.17928,304.35,0.58,0.7,2026-10-05,2046,N21,VIIRS,n,2.0NRT,290.52,4.0,N,VIIRS_NOAA21_NRT
20.96586,85.17393,314.57,0.58,0.7,2026-10-05,2046,N21,VIIRS,n,2.0NRT,290.57,4.0,N,VIIRS_NOAA21_NRT
20.96903,86.02112,306.94,0.66,0.73,2026-10-05,2046,N21,VIIRS,n,2.0NRT,291.46,4.0,N,VIIRS_NOAA21_NRT
15.18248,76.67712,309.11,0.52,0.5,2026-10-05,2006,N20,VIIRS,n,2.0NRT,288.36,4.0,N,VIIRS_NOAA20_NRT
18.76599,78.29445,332.63,0.55,0.43,2026-10-05,818,N21,VIIRS,n,2.0NRT,304.45,3.99,D,VIIRS_NOAA21_NRT
15.6725,79.67914,330.82,0.5,0.66,2026-10-05,854,N,VIIRS,n,2.0NRT,291.26,3.99,D,VIIRS_SNPP_NRT
19.01158,72.90734,317.14,0.67,0.73,2026-10-05,2146,N20,VIIRS,n,2.0NRT,291.08,3.96,N,VIIRS_NOAA20_NRT
22.21313,84.84203,334.68,0.39,0.36,2026-10-05,735,N20,VIIRS,l,2.0NRT,306.42,3.95,D,VIIRS_NOAA20_NRT
28.49951,76.83308,338.97,0.55,0.68,2026-10-05,718,N,VIIRS,n,2.0NRT,297.97,3.95,D,VIIRS_SNPP_NRT
22.37969,87.28124,309.24,0.73,0.76,2026-10-05,2049,N21,VIIRS,n,2.0NRT,290.1,3.94,N,VIIRS_NOAA21_NRT
23.7873,85.55302,317.11,0.53,0.67,2026-10-05,2049,N21,VIIRS,n,2.0NRT,292.06,3.94,N,VIIRS_NOAA21_NRT
23.79557,86.35497,330.34,0.4,0.37,2026-10-05,735,N20,VIIRS,l,2.0NRT,300.63,3.94,D,VIIRS_NOAA20_NRT
21.91864,83.34981,326.5,0.42,0.61,2026-10-05,2046,N21,VIIRS,n,2.0NRT,294.03,3.93,N,VIIRS_NOAA21_NRT
23.77661,86.38984,331.44,0.4,0.37,2026-10-05,735,N20,VIIRS,n,2.0NRT,300.14,3.93,D,VIIRS_NOAA20_NRT
21.7484,83.84243,329.51,0.4,0.37,2026-10-05,2004,N20,VIIRS,n,2.0NRT,297.3,3.93,N,VIIRS_NOAA20_NRT
20.86278,84.989,330.31,0.51,0.5,2026-10-05,716,N,VIIRS,l,2.0NRT,301.17,3.93,D,VIIRS_SNPP_NRT
20.88483,84.98042,310.33,0.6,0.7,2026-10-05,1908,N21,VIIRS,n,2.0NRT,291.31,3.92,N,VIIRS_NOAA21_NRT
34.11062,75.41262,337.18,0.43,0.62,2026-10-05,900,N,VIIRS,n,2.0NRT,302.66,3.88,D,VIIRS_SNPP_NRT
23.55959,87.08421,331.72,0.41,0.61,2026-10-05,640,N21,VIIRS,n,2.0NRT,302.08,3.87,D,VIIRS_NOAA21_NRT
18.68605,73.03141,334.32,0.39,0.36,2026-10-05,818,N21,VIIRS,l,2.0NRT,306.15,3.87,D,VIIRS_NOAA21_NRT
23.77176,86.36539,308.38,0.52,0.67,2026-10-05,1906,N21,VIIRS,n,2.0NRT,286.09,3.86,N,VIIRS_NOAA21_NRT
22.90907,69.69914,326.87,0.45,0.39,2026-10-05,2046,N21,VIIRS,n,2.0NRT,296.91,3.86,N,VIIRS_NOAA21_NRT
9.70403,78.92448,336.75,0.37,0.58,2026-10-05,852,N,VIIRS,n,2.0NRT,290.67,3.86,D,VIIRS_SNPP_NRT
21.25031,79.20747,336.16,0.45,0.47,2026-10-05,820,N21,VIIRS,n,2.0NRT,306.81,3.85,D,VIIRS_NOAA21_NRT
15.17575,76.65666,311.13,0.52,0.5,2026-10-05,2006,N20,VIIRS,n,2.0NRT,287.5,3.85,N,VIIRS_NOAA20_NRT
22.31798,82.56116,331.48,0.44,0.38,2026-10-05,735,N20,VIIRS,l,2.0NRT,302.93,3.84,D,VIIRS_NOAA20_NRT
23.00249,75.82925,337.08,0.46,0.39,2026-10-05,820,N21,VIIRS,l,2.0NRT,311.32,3.82,D,VIIRS_NOAA21_NRT
23.02551,75.40379,341.04,0.44,0.38,2026-10-05,820,N21,VIIRS,n,2.0NRT,311.79,3.81,D,VIIRS_NOAA21_NRT
20.96152,85.17181,304.53,0.58,0.7,2026-10-05,1908,N21,VIIRS,n,2.0NRT,290.46,3.81,N,VIIRS_NOAA21_NRT
26.33079,77.69017,339.57,0.45,0.47,2026-10-05,735,N20,VIIRS,n,2.0NRT,306.44,3.81,D,VIIRS_NOAA20_NRT
19.01501,72.90777,323.29,0.67,0.74,2026-10-05,2146,N20,VIIRS,n,2.0NRT,290.85,3.81,N,VIIRS_NOAA20_NRT
22.9219,75.49358,337.73,0.44,0.39,2026-10-05,820,N21,VIIRS,l,2.0NRT,311.02,3.8,D,VIIRS_NOAA21_NRT
21.68012,84.04173,303.95,0.47,0.64,2026-10-05,2046,N21,VIIRS,n,2.0NRT,291.64,3.8,N,VIIRS_NOAA21_NRT
23.75821,86.40485,330.74,0.4,0.37,2026-10-05,735,N20,VIIRS,n,2.0NRT,297.6,3.8,D,VIIRS_NOAA20_NRT
21.10848,72.64788,332.15,0.41,0.45,2026-10-05,856,N,VIIRS,l,2.0NRT,304.98,3.8,D,VIIRS_SNPP_NRT
15.33361,76.28618,330.33,0.41,0.37,2026-10-05,818,N21,VIIRS,l,2.0NRT,304.61,3.79,D,VIIRS_NOAA21_NRT
15.82552,75.4591,336.76,0.39,0.37,2026-10-05,818,N21,VIIRS,n,2.0NRT,304.18,3.78,D,VIIRS_NOAA21_NRT
22.7697,77.2692,333.19,0.54,0.42,2026-10-05,820,N21,VIIRS,l,2.0NRT,307.46,3.78,D,VIIRS_NOAA21_NRT
23.69229,87.11217,303.31,0.46,0.64,2026-10-05,1906,N21,VIIRS,n,2.0NRT,291.88,3.78,N,VIIRS_NOAA21_NRT
21.01724,76.25042,338.84,0.35,0.57,2026-10-05,735,N20,VIIRS,n,2.0NRT,301.47,3.78,D,VIIRS_NOAA20_NRT
23.64832,85.44047,329.54,0.43,0.46,2026-10-05,716,N,VIIRS,l,2.0NRT,299.91,3.77,D,VIIRS_SNPP_NRT
15.49621,79.99623,336.31,0.42,0.45,2026-10-05,818,N21,VIIRS,n,2.0NRT,297.96,3.76,D,VIIRS_NOAA21_NRT
17.75548,77.37379,333.08,0.48,0.4,2026-10-05,818,N21,VIIRS,n,2.0NRT,306.44,3.74,D,VIIRS_NOAA21_NRT
22.32297,82.59049,333.23,0.44,0.38,2026-10-05,735,N20,VIIRS,n,2.0NRT,300.99,3.73,D,VIIRS_NOAA20_NRT
21.07725,85.04048,305.82,0.6,0.7,2026-10-05,1908,N21,VIIRS,n,2.0NRT,290.47,3.72,N,VIIRS_NOAA21_NRT
21.07771,85.03472,319.81,0.6,0.7,2026-10-05,1908,N21,VIIRS,n,2.0NRT,291.46,3.72,N,VIIRS_NOAA21_NRT
23.70395,86.07336,334.67,0.39,0.44,2026-10-05,716,N,VIIRS,n,2.0NRT,300.0,3.71,D,VIIRS_SNPP_NRT
21.10786,72.64493,336.46,0.38,0.36,2026-10-05,820,N21,VIIRS,l,2.0NRT,308.36,3.7,D,VIIRS_NOAA21_NRT
17.60093,82.79154,338.71,0.41,0.61,2026-10-05,714,N,VIIRS,n,2.0NRT,290.61,3.7,D,VIIRS_SNPP_NRT
22.04852,88.1011,319.37,0.38,0.59,2026-10-05,1908,N21,VIIRS,n,2.0NRT,295.27,3.69,N,VIIRS_NOAA21_NRT
22.05642,88.12513,311.5,0.43,0.38,2026-10-05,2004,N20,VIIRS,n,2.0NRT,300.08,3.69,N,VIIRS_NOAA20_NRT
22.31949,82.56113,322.31,0.44,0.39,2026-10-05,2004,N20,VIIRS,n,2.0NRT,297.25,3.69,N,VIIRS_NOAA20_NRT
20.96748,85.17791,310.35,0.58,0.7,2026-10-05,1908,N21,VIIRS,n,2.0NRT,290.29,3.68,N,VIIRS_NOAA21_NRT
22.36595,87.29936,318.24,0.44,0.62,2026-10-05,1908,N21,VIIRS,n,2.0NRT,293.81,3.68,N,VIIRS_NOAA21_NRT
22.1967,75.53065,336.09,0.37,0.58,2026-10-05,735,N20,VIIRS,n,2.0NRT,303.11,3.67,D,VIIRS_NOAA20_NRT
22.23452,75.75201,335.32,0.45,0.39,2026-10-05,820,N21,VIIRS,l,2.0NRT,309.97,3.65,D,VIIRS_NOAA21_NRT
21.75512,83.84357,323.65,0.4,0.37,2026-10-05,2004,N20,VIIRS,n,2.0NRT,297.18,3.64,N,VIIRS_NOAA20_NRT
16.43892,79.66592,332.29,0.52,0.5,2026-10-05,733,N20,VIIRS,n,2.0NRT,299.4,3.63,D,VIIRS_NOAA20_NRT
13.25922,79.43955,333.2,0.55,0.42,2026-10-05,816,N21,VIIRS,n,2.0NRT,297.09,3.62,D,VIIRS_NOAA21_NRT
21.92229,83.35015,309.11,0.78,0.78,2026-10-05,1908,N21,VIIRS,n,2.0NRT,290.84,3.62,N,VIIRS_NOAA21_NRT
23.18686,69.8815,341.19,0.47,0.4,2026-10-05,856,N,VIIRS,n,2.0NRT,307.73,3.59,D,VIIRS_SNPP_NRT
24.89549,76.92197,334.29,0.54,0.5,2026-10-05,735,N20,VIIRS,n,2.0NRT,307.23,3.58,D,VIIRS_NOAA20_NRT
19.24694,77.50523,331.37,0.5,0.41,2026-10-05,818,N21,VIIRS,l,2.0NRT,305.2,3.57,D,VIIRS_NOAA21_NRT
22.32929,82.60654,330.56,0.44,0.38,2026-10-05,735,N20,VIIRS,l,2.0NRT,302.31,3.57,D,VIIRS_NOAA20_NRT
28.83721,77.06979,336.02,0.41,0.45,2026-10-05,822,N21,VIIRS,n,2.0NRT,304.8,3.56,D,VIIRS_NOAA21_NRT
20.808,85.25513,304.17,0.59,0.7,2026-10-05,2046,N21,VIIRS,n,2.0NRT,289.8,3.56,N,VIIRS_NOAA21_NRT
20.96692,86.00079,303.01,0.65,0.73,2026-10-05,2046,N21,VIIRS,n,2.0NRT,291.17,3.56,N,VIIRS_NOAA21_NRT
31.32706,74.82339,330.68,0.52,0.5,2026-10-05,737,N20,VIIRS,n,2.0NRT,300.44,3.55,D,VIIRS_NOAA20_NRT
22.3653,87.29794,310.49,0.54,0.42,2026-10-05,1945,N,VIIRS,n,2.0NRT,295.45,3.54,N,VIIRS_SNPP_NRT
18.93377,77.8474,334.99,0.42,0.61,2026-10-05,856,N,VIIRS,n,2.0NRT,301.97,3.53,D,VIIRS_SNPP_NRT
21.10384,72.64442,336.29,0.41,0.45,2026-10-05,856,N,VIIRS,n,2.0NRT,304.84,3.51,D,VIIRS_SNPP_NRT
21.10433,72.64842,344.99,0.41,0.45,2026-10-05,856,N,VIIRS,n,2.0NRT,306.12,3.51,D,VIIRS_SNPP_NRT
20.96549,86.00798,308.81,0.51,0.66,2026-10-05,1908,N21,VIIRS,n,2.0NRT,292.97,3.49,N,VIIRS_NOAA21_NRT
23.77996,86.38927,334.26,0.4,0.37,2026-10-05,735,N20,VIIRS,l,2.0NRT,305.42,3.48,D,VIIRS_NOAA20_NRT
23.56362,87.08411,309.09,0.67,0.73,2026-10-05,2049,N21,VIIRS,n,2.0NRT,289.18,3.47,N,VIIRS_NOAA21_NRT
18.3772,84.14768,334.38,0.42,0.38,2026-10-05,733,N20,VIIRS,n,2.0NRT,301.5,3.47,D,VIIRS_NOAA20_NRT
23.64676,85.43709,314.33,0.6,0.7,2026-10-05,1906,N21,VIIRS,n,2.0NRT,289.2,3.46,N,VIIRS_NOAA21_NRT
11.28343,77.37125,335.7,0.42,0.37,2026-10-05,816,N21,VIIRS,n,2.0NRT,302.38,3.45,D,VIIRS_NOAA21_NRT
20.91107,75.37691,339.46,0.42,0.38,2026-10-05,820,N21,VIIRS,n,2.0NRT,311.81,3.45,D,VIIRS_NOAA21_NRT
25.19152,74.07854,342.18,0.57,0.52,2026-10-05,858,N,VIIRS,n,2.0NRT,310.75,3.45,D,VIIRS_SNPP_NRT
9.56878,78.87778,336.83,0.39,0.59,2026-10-05,731,N20,VIIRS,n,2.0NRT,287.63,3.44,D,VIIRS_NOAA20_NRT
23.64805,85.43838,324.61,0.48,0.48,2026-10-05,1945,N,VIIRS,n,2.0NRT,293.21,3.44,N,VIIRS_SNPP_NRT
21.764,84.02129,305.64,0.47,0.64,2026-10-05,2046,N21,VIIRS,n,2.0NRT,291.75,3.42,N,VIIRS_NOAA21_NRT
22.3597,82.30204,324.96,0.45,0.39,2026-10-05,2004,N20,VIIRS,n,2.0NRT,296.65,3.42,N,VIIRS_NOAA20_NRT
22.19264,76.94296,336.36,0.51,0.41,2026-10-05,820,N21,VIIRS,n,2.0NRT,308.11,3.41,D,VIIRS_NOAA21_NRT
23.66628,87.15674,303.92,0.67,0.74,2026-10-05,2049,N21,VIIRS,n,2.0NRT,290.12,3.41,N,VIIRS_NOAA21_NRT
20.86547,84.98603,328.35,0.64,0.72,2026-10-05,637,N21,VIIRS,n,2.0NRT,296.66,3.39,D,VIIRS_NOAA21_NRT
11.08781,77.66624,340.87,0.43,0.38,2026-10-05,816,N21,VIIRS,n,2.0NRT,303.66,3.39,D,VIIRS_NOAA21_NRT
20.86325,84.98821,309.69,0.57,0.69,2026-10-05,2046,N21,VIIRS,n,2.0NRT,291.32,3.39,N,VIIRS_NOAA21_NRT
20.96832,86.01028,309.71,0.41,0.45,2026-10-05,1945,N,VIIRS,n,2.0NRT,296.66,3.39,N,VIIRS_SNPP_NRT
15.43765,78.59979,331.14,0.52,0.42,2026-10-05,818,N21,VIIRS,n,2.0NRT,299.66,3.38,D,VIIRS_NOAA21_NRT
22.41566,69.03934,317.48,0.48,0.4,2026-10-05,2046,N21,VIIRS,n,2.0NRT,297.38,3.37,N,VIIRS_NOAA21_NRT
30.71092,74.68651,336.7,0.55,0.51,2026-10-05,737,N20,VIIRS,n,2.0NRT,301.61,3.37,D,VIIRS_NOAA20_NRT
17.14101,74.54513,331.21,0.39,0.36,2026-10-05,818,N21,VIIRS,l,2.0NRT,302.91,3.35,D,VIIRS_NOAA21_NRT
20.97186,86.01978,308.27,0.51,0.66,2026-10-05,1908,N21,VIIRS,n,2.0NRT,292.89,3.35,N,VIIRS_NOAA21_NRT
22.33634,69.86784,311.14,0.44,0.38,2026-10-05,2046,N21,VIIRS,n,2.0NRT,300.63,3.35,N,VIIRS_NOAA21_NRT
20.78584,85.26155,331.16,0.38,0.36,2026-10-05,2004,N20,VIIRS,n,2.0NRT,296.21,3.35,N,VIIRS_NOAA20_NRT
23.66463,87.15726,327.54,0.4,0.37,2026-10-05,2004,N20,VIIRS,n,2.0NRT,297.25,3.35,N,VIIRS_NOAA20_NRT
20.96593,86.00317,314.27,0.51,0.66,2026-10-05,1908,N21,VIIRS,n,2.0NRT,293.03,3.32,N,VIIRS_NOAA21_NRT
22.93459,69.6987,324.55,0.45,0.39,2026-10-05,2046,N21,VIIRS,n,2.0NRT,296.73,3.31,N,VIIRS_NOAA21_NRT
23.68466,86.39128,324.33,0.39,0.36,2026-10-05,2004,N20,VIIRS,n,2.0NRT,293.64,3.31,N,VIIRS_NOAA20_NRT
18.8207,78.2169,333.18,0.54,0.42,2026-10-05,818,N21,VIIRS,n,2.0NRT,302.4,3.29,D,VIIRS_NOAA21_NRT
20.79579,85.25134,308.85,0.57,0.69,2026-10-05,1908,N21,VIIRS,n,2.0NRT,292.7,3.29,N,VIIRS_NOAA21_NRT
31.53385,75.14354,347.79,0.39,0.59,2026-10-05,858,N,VIIRS,n,2.0NRT,299.19,3.29,D,VIIRS_SNPP_NRT
31.53937,75.14305,331.68,0.39,0.59,2026-10-05,858,N,VIIRS,n,2.0NRT,296.65,3.29,D,VIIRS_SNPP_NRT
15.32916,79.60514,330.11,0.55,0.51,2026-10-05,733,N20,VIIRS,n,2.0NRT,299.74,3.28,D,VIIRS_NOAA20_NRT
24.14669,82.65842,333.65,0.42,0.38,2026-10-05,735,N20,VIIRS,n,2.0NRT,298.85,3.28,D,VIIRS_NOAA20_NRT
8.70406,78.10685,332.41,0.42,0.38,2026-10-05,816,N21,VIIRS,n,2.0NRT,298.69,3.27,D,VIIRS_NOAA21_NRT
8.70462,78.11066,337.63,0.42,0.38,2026-10-05,816,N21,VIIRS,n,2.0NRT,300.43,3.27,D,VIIRS_NOAA21_NRT
29.07272,75.72501,333.96,0.53,0.42,2026-10-05,822,N21,VIIRS,n,2.0NRT,304.88,3.27,D,VIIRS_NOAA21_NRT
21.25004,79.20895,323.45,0.47,0.48,2026-10-05,2046,N21,VIIRS,n,2.0NRT,295.89,3.26,N,VIIRS_NOAA21_NRT
20.88689,84.99415,334.53,0.39,0.36,2026-10-05,733,N20,VIIRS,l,2.0NRT,308.52,3.26,D,VIIRS_NOAA20_NRT
21.76209,84.02049,307.38,0.56,0.52,2026-10-05,1945,N,VIIRS,n,2.0NRT,293.77,3.26,N,VIIRS_SNPP_NRT
9.83267,78.27568,330.77,0.44,0.38,2026-10-05,816,N21,VIIRS,n,2.0NRT,300.26,3.25,D,VIIRS_NOAA21_NRT
20.759,85.2938,307.57,0.6,0.7,2026-10-05,2046,N21,VIIRS,n,2.0NRT,289.44,3.24,N,VIIRS_NOAA21_NRT
21.91698,83.35346,303.99,0.42,0.61,2026-10-05,2046,N21,VIIRS,n,2.0NRT,293.05,3.24,N,VIIRS_NOAA21_NRT
22.36772,87.29964,306.93,0.73,0.76,2026-10-05,2049,N21,VIIRS,n,2.0NRT,290.04,3.23,N,VIIRS_NOAA21_NRT
28.50264,76.83472,347.24,0.46,0.63,2026-10-05,858,N,VIIRS,n,2.0NRT,298.55,3.23,D,VIIRS_SNPP_NRT
22.37588,87.27785,316.7,0.55,0.42,2026-10-05,1945,N,VIIRS,n,2.0NRT,295.94,3.23,N,VIIRS_SNPP_NRT
22.3798,87.27844,324.5,0.55,0.42,2026-10-05,1945,N,VIIRS,n,2.0NRT,296.48,3.23,N,VIIRS_SNPP_NRT
20.96089,86.00417,319.97,0.51,0.66,2026-10-05,1908,N21,VIIRS,n,2.0NRT,292.23,3.22,N,VIIRS_NOAA21_NRT
20.80401,85.25618,309.19,0.59,0.7,2026-10-05,2046,N21,VIIRS,n,2.0NRT,290.11,3.22,N,VIIRS_NOAA21_NRT
23.77894,86.20781,315.71,0.38,0.36,2026-10-05,2004,N20,VIIRS,n,2.0NRT,294.98,3.21,N,VIIRS_NOAA20_NRT
21.76086,83.85056,309.54,0.58,0.52,2026-10-05,1945,N,VIIRS,n,2.0NRT,293.42,3.21,N,VIIRS_SNPP_NRT
22.36456,87.2989,331.97,0.41,0.37,2026-10-05,2004,N20,VIIRS,n,2.0NRT,298.8,3.2,N,VIIRS_NOAA20_NRT
20.97088,85.15273,304.18,0.58,0.69,2026-10-05,2046,N21,VIIRS,n,2.0NRT,290.48,3.19,N,VIIRS_NOAA21_NRT
21.07622,85.03759,316.16,0.38,0.36,2026-10-05,2004,N20,VIIRS,n,2.0NRT,298.18,3.19,N,VIIRS_NOAA20_NRT
21.07951,85.03818,327.08,0.38,0.36,2026-10-05,2004,N20,VIIRS,n,2.0NRT,297.61,3.19,N,VIIRS_NOAA20_NRT
21.08009,85.03451,347.81,0.38,0.36,2026-10-05,2004,N20,VIIRS,n,2.0NRT,299.19,3.19,N,VIIRS_NOAA20_NRT
23.79846,86.35008,317.06,0.43,0.46,2026-10-05,1945,N,VIIRS,n,2.0NRT,292.07,3.19,N,VIIRS_SNPP_NRT
23.48117,87.36091,311.86,0.56,0.43,2026-10-05,1945,N,VIIRS,n,2.0NRT,294.66,3.18,N,VIIRS_SNPP_NRT
8.16971,77.5972,335.44,0.4,0.37,2026-10-05,816,N21,VIIRS,n,2.0NRT,300.45,3.17,D,VIIRS_NOAA21_NRT
20.75989,85.29762,312.97,0.57,0.69,2026-10-05,1908,N21,VIIRS,n,2.0NRT,292.97,3.17,N,VIIRS_NOAA21_NRT
22.33998,69.85398,310.88,0.36,0.58,2026-10-05,2144,N20,VIIRS,n,2.0NRT,298.4,3.17,N,VIIRS_NOAA20_NRT
22.98381,75.33978,338.58,0.44,0.38,2026-10-05,820,N21,VIIRS,l,2.0NRT,312.83,3.15,D,VIIRS_NOAA21_NRT
14.10756,77.56952,333.0,0.45,0.39,2026-10-05,818,N21,VIIRS,n,2.0NRT,300.01,3.14,D,VIIRS_NOAA21_NRT
15.34914,75.17947,332.0,0.39,0.36,2026-10-05,818,N21,VIIRS,n,2.0NRT,296.89,3.14,D,VIIRS_NOAA21_NRT
22.77038,77.03113,331.12,0.52,0.42,2026-10-05,820,N21,VIIRS,l,2.0NRT,306.08,3.14,D,VIIRS_NOAA21_NRT
23.05334,75.91383,336.07,0.35,0.57,2026-10-05,856,N,VIIRS,n,2.0NRT,304.49,3.14,D,VIIRS_SNPP_NRT
21.76361,84.02213,303.43,0.47,0.64,2026-10-05,2046,N21,VIIRS,n,2.0NRT,291.54,3.13,N,VIIRS_NOAA21_NRT
23.06044,75.93451,337.66,0.46,0.39,2026-10-05,820,N21,VIIRS,l,2.0NRT,312.57,3.12,D,VIIRS_NOAA21_NRT
21.92563,85.22263,312.23,0.56,0.69,2026-10-05,2049,N21,VIIRS,n,2.0NRT,291.24,3.12,N,VIIRS_NOAA21_NRT
21.08043,85.03251,314.48,0.47,0.48,2026-10-05,1945,N,VIIRS,n,2.0NRT,293.47,3.12,N,VIIRS_SNPP_NRT
20.97203,85.17575,308.26,0.58,0.7,2026-10-05,2046,N21,VIIRS,n,2.0NRT,290.34,3.11,N,VIIRS_NOAA21_NRT
21.33695,78.96855,328.44,0.44,0.46,2026-10-05,2004,N20,VIIRS,n,2.0NRT,295.74,3.11,N,VIIRS_NOAA20_NRT
12.5233,76.69773,333.4,0.41,0.37,2026-10-05,816,N21,VIIRS,n,2.0NRT,299.45,3.1,D,VIIRS_NOAA21_NRT
21.91864,83.34934,306.91,0.78,0.78,2026-10-05,1908,N21,VIIRS,n,2.0NRT,290.81,3.1,N,VIIRS_NOAA21_NRT
27.73503,77.83669,337.24,0.42,0.45,2026-10-05,737,N20,VIIRS,n,2.0NRT,301.23,3.1,D,VIIRS_NOAA20_NRT
21.25569,75.41249,335.11,0.62,0.54,2026-10-05,856,N,VIIRS,n,2.0NRT,305.61,3.1,D,VIIRS_SNPP_NRT
17.98376,80.82999,308.98,0.35,0.57,2026-10-05,2049,N21,VIIRS,n,2.0NRT,295.06,3.09,N,VIIRS_NOAA21_NRT
21.48511,81.76908,330.06,0.33,0.55,2026-10-05,820,N21,VIIRS,l,2.0NRT,301.1,3.08,D,VIIRS_NOAA21_NRT
22.7788,75.39299,334.55,0.44,0.38,2026-10-05,820,N21,VIIRS,l,2.0NRT,309.38,3.08,D,VIIRS_NOAA21_NRT
23.0594,75.41769,346.08,0.33,0.55,2026-10-05,856,N,VIIRS,n,2.0NRT,308.06,3.08,D,VIIRS_SNPP_NRT
23.07718,75.93799,339.74,0.47,0.39,2026-10-05,820,N21,VIIRS,l,2.0NRT,311.45,3.07,D,VIIRS_NOAA21_NRT
22.35823,82.30338,319.34,0.36,0.57,2026-10-05,2046,N21,VIIRS,n,2.0NRT,294.6,3.07,N,VIIRS_NOAA21_NRT
18.6807,73.03771,328.91,0.39,0.37,2026-10-05,2049,N21,VIIRS,n,2.0NRT,296.77,3.07,N,VIIRS_NOAA21_NRT
18.6813,73.03402,331.35,0.39,0.36,2026-10-05,2049,N21,VIIRS,n,2.0NRT,297.34,3.07,N,VIIRS_NOAA21_NRT
15.67278,79.68069,334.54,0.5,0.66,2026-10-05,854,N,VIIRS,n,2.0NRT,292.55,3.07,D,VIIRS_SNPP_NRT
21.92624,83.33601,304.22,0.62,0.54,2026-10-05,1945,N,VIIRS,n,2.0NRT,292.71,3.07,N,VIIRS_SNPP_NRT
8.70375,78.11228,332.64,0.46,0.63,2026-10-05,731,N20,VIIRS,n,2.0NRT,286.83,3.06,D,VIIRS_NOAA20_NRT
18.116,74.11591,332.19,0.47,0.47,2026-10-05,856,N,VIIRS,n,2.0NRT,302.3,3.06,D,VIIRS_SNPP_NRT
27.66906,76.12869,315.22,0.41,0.37,2026-10-05,2046,N21,VIIRS,n,2.0NRT,298.5,3.05,N,VIIRS_NOAA21_NRT
26.33168,77.69459,331.18,0.45,0.47,2026-10-05,735,N20,VIIRS,l,2.0NRT,305.1,3.05,D,VIIRS_NOAA20_NRT
10.00268,77.47824,334.6,0.41,0.37,2026-10-05,816,N21,VIIRS,n,2.0NRT,300.13,3.04,D,VIIRS_NOAA21_NRT
20.79428,85.25691,307.92,0.59,0.7,2026-10-05,2046,N21,VIIRS,n,2.0NRT,289.91,3.04,N,VIIRS_NOAA21_NRT
20.79558,85.25137,309.61,0.59,0.7,2026-10-05,2046,N21,VIIRS,n,2.0NRT,289.37,3.04,N,VIIRS_NOAA21_NRT
20.96522,85.16213,303.06,0.58,0.7,2026-10-05,2046,N21,VIIRS,n,2.0NRT,290.54,3.04,N,VIIRS_NOAA21_NRT
24.89643,76.92427,332.39,0.54,0.5,2026-10-05,735,N20,VIIRS,n,2.0NRT,306.76,3.04,D,VIIRS_NOAA20_NRT
13.16372,80.28071,311.0,0.38,0.59,2026-10-05,1947,N,VIIRS,n,2.0NRT,289.95,3.04,N,VIIRS_SNPP_NRT
23.95912,88.59467,332.21,0.47,0.4,2026-10-05,735,N20,VIIRS,n,2.0NRT,299.64,3.03,D,VIIRS_NOAA20_NRT
22.04007,83.73026,301.38,0.74,0.76,2026-10-05,1908,N21,VIIRS,n,2.0NRT,290.05,3.02,N,VIIRS_NOAA21_NRT
31.40779,74.78336,334.8,0.37,0.58,2026-10-05,858,N,VIIRS,n,2.0NRT,299.01,3.02,D,VIIRS_SNPP_NRT
28.49639,76.83039,330.17,0.46,0.63,2026-10-05,858,N,VIIRS,l,2.0NRT,300.58,3.01,D,VIIRS_SNPP_NRT
28.49672,76.83518,342.91,0.46,0.63,2026-10-05,858,N,VIIRS,n,2.0NRT,301.05,3.01,D,VIIRS_SNPP_NRT
22.36691,87.30129,309.87,0.73,0.76,2026-10-05,2049,N21,VIIRS,n,2.0NRT,290.18,3.0,N,VIIRS_NOAA21_NRT
21.11031,72.64029,308.7,0.38,0.36,2026-10-05,2046,N21,VIIRS,n,2.0NRT,297.51,2.99,N,VIIRS_NOAA21_NRT
21.75726,84.02414,307.13,0.47,0.64,2026-10-05,2046,N21,VIIRS,n,2.0NRT,291.74,2.99,N,VIIRS_NOAA21_NRT
22.35894,82.30003,318.77,0.35,0.57,2026-10-05,2046,N21,VIIRS,n,2.0NRT,293.32,2.99,N,VIIRS_NOAA21_NRT
21.67631,84.03781,304.98,0.7,0.75,2026-10-05,1908,N21,VIIRS,n,2.0NRT,291.29,2.97,N,VIIRS_NOAA21_NRT
21.75691,84.02496,306.33,0.47,0.64,2026-10-05,2046,N21,VIIRS,n,2.0NRT,291.6,2.97,N,VIIRS_NOAA21_NRT
23.08846,75.60566,337.6,0.45,0.39,2026-10-05,820,N21,VIIRS,l,2.0NRT,310.47,2.96,D,VIIRS_NOAA21_NRT
24.8233,76.61331,336.35,0.52,0.42,2026-10-05,820,N21,VIIRS,l,2.0NRT,311.24,2.96,D,VIIRS_NOAA21_NRT
20.97345,86.00288,312.35,0.41,0.45,2026-10-05,1945,N,VIIRS,n,2.0NRT,296.13,2.95,N,VIIRS_SNPP_NRT
21.67847,84.03678,310.46,0.56,0.51,2026-10-05,1945,N,VIIRS,n,2.0NRT,293.44,2.95,N,VIIRS_SNPP_NRT
18.93164,77.84608,330.7,0.42,0.61,2026-10-05,856,N,VIIRS,l,2.0NRT,301.0,2.94,D,VIIRS_SNPP_NRT
20.86684,84.99442,312.55,0.47,0.48,2026-10-05,1945,N,VIIRS,n,2.0NRT,294.26,2.94,N,VIIRS_SNPP_NRT
24.07319,77.48036,333.07,0.57,0.43,2026-10-05,820,N21,VIIRS,l,2.0NRT,304.96,2.93,D,VIIRS_NOAA21_NRT
21.91788,83.34949,322.24,0.42,0.61,2026-10-05,2046,N21,VIIRS,n,2.0NRT,293.25,2.93,N,VIIRS_NOAA21_NRT
21.92336,83.35092,315.81,0.42,0.61,2026-10-05,2046,N21,VIIRS,n,2.0NRT,293.29,2.93,N,VIIRS_NOAA21_NRT
22.94186,75.4374,341.19,0.36,0.58,2026-10-05,735,N20,VIIRS,n,2.0NRT,305.78,2.93,D,VIIRS_NOAA20_NRT
15.32626,76.67718,331.36,0.42,0.38,2026-10-05,818,N21,VIIRS,n,2.0NRT,298.67,2.92,D,VIIRS_NOAA21_NRT
18.11586,74.11653,331.55,0.47,0.48,2026-10-05,856,N,VIIRS,n,2.0NRT,302.11,2.92,D,VIIRS_SNPP_NRT
22.2438,87.39003,333.69,0.41,0.37,2026-10-05,733,N20,VIIRS,l,2.0NRT,307.66,2.91,D,VIIRS_NOAA20_NRT
22.04029,83.73335,307.01,0.59,0.53,2026-10-05,1945,N,VIIRS,n,2.0NRT,293.38,2.91,N,VIIRS_SNPP_NRT
22.16894,75.39817,336.25,0.43,0.38,2026-10-05,820,N21,VIIRS,n,2.0NRT,310.49,2.9,D,VIIRS_NOAA21_NRT
31.52342,74.60462,333.93,0.5,0.41,2026-10-05,822,N21,VIIRS,n,2.0NRT,303.45,2.9,D,VIIRS_NOAA21_NRT
19.75005,75.25882,336.41,0.41,0.37,2026-10-05,820,N21,VIIRS,l,2.0NRT,310.26,2.89,D,VIIRS_NOAA21_NRT
20.78853,85.26147,306.33,0.57,0.69,2026-10-05,1908,N21,VIIRS,n,2.0NRT,293.45,2.89,N,VIIRS_NOAA21_NRT
20.79533,85.25681,306.54,0.57,0.69,2026-10-05,1908,N21,VIIRS,n,2.0NRT,292.97,2.89,N,VIIRS_NOAA21_NRT
18.76594,78.54233,330.13,0.56,0.51,2026-10-05,733,N20,VIIRS,l,2.0NRT,304.52,2.89,D,VIIRS_NOAA20_NRT
22.71943,76.35012,335.68,0.32,0.55,2026-10-05,735,N20,VIIRS,n,2.0NRT,304.69,2.89,D,VIIRS_NOAA20_NRT
22.41811,69.03836,327.35,0.42,0.38,2026-10-05,2125,N,VIIRS,n,2.0NRT,296.95,2.89,N,VIIRS_SNPP_NRT
18.70174,78.2637,332.56,0.55,0.42,2026-10-05,818,N21,VIIRS,l,2.0NRT,305.78,2.88,D,VIIRS_NOAA21_NRT
21.74401,83.84128,309.68,0.46,0.63,2026-10-05,2046,N21,VIIRS,n,2.0NRT,292.19,2.87,N,VIIRS_NOAA21_NRT
21.74964,83.84294,320.46,0.46,0.63,2026-10-05,2046,N21,VIIRS,n,2.0NRT,292.39,2.87,N,VIIRS_NOAA21_NRT
22.67079,75.22201,333.37,0.38,0.59,2026-10-05,735,N20,VIIRS,n,2.0NRT,303.14,2.87,D,VIIRS_NOAA20_NRT
20.96925,85.17503,328.62,0.46,0.47,2026-10-05,1945,N,VIIRS,n,2.0NRT,294.46,2.87,N,VIIRS_SNPP_NRT
20.96978,85.17051,307.08,0.46,0.47,2026-10-05,1945,N,VIIRS,n,2.0NRT,293.79,2.87,N,VIIRS_SNPP_NRT
21.25597,75.41509,337.81,0.62,0.54,2026-10-05,856,N,VIIRS,n,2.0NRT,306.49,2.86,D,VIIRS_SNPP_NRT
20.96793,85.17229,302.7,0.58,0.7,2026-10-05,1908,N21,VIIRS,n,2.0NRT,290.65,2.85,N,VIIRS_NOAA21_NRT
20.9684,85.16662,303.55,0.58,0.7,2026-10-05,1908,N21,VIIRS,n,2.0NRT,291.2,2.85,N,VIIRS_NOAA21_NRT
22.78644,86.20409,301.96,0.52,0.67,2026-10-05,1908,N21,VIIRS,n,2.0NRT,287.43,2.84,N,VIIRS_NOAA21_NRT
24.82033,73.09268,326.6,0.38,0.36,2026-10-05,2049,N21,VIIRS,n,2.0NRT,300.75,2.84,N,VIIRS_NOAA21_NRT
23.69513,85.36903,311.81,0.52,0.67,2026-10-05,2049,N21,VIIRS,n,2.0NRT,288.5,2.83,N,VIIRS_NOAA21_NRT
21.7668,84.01798,319.48,0.4,0.37,2026-10-05,2004,N20,VIIRS,n,2.0NRT,296.69,2.83,N,VIIRS_NOAA20_NRT
22.36024,82.30252,322.85,0.35,0.57,2026-10-05,2046,N21,VIIRS,n,2.0NRT,294.13,2.82,N,VIIRS_NOAA21_NRT
25.25851,75.98051,331.5,0.49,0.4,2026-10-05,820,N21,VIIRS,l,2.0NRT,305.55,2.81,D,VIIRS_NOAA21_NRT
21.765,84.01697,303.34,0.47,0.64,2026-10-05,2046,N21,VIIRS,n,2.0NRT,291.82,2.81,N,VIIRS_NOAA21_NRT
23.6874,87.12094,321.07,0.38,0.44,2026-10-05,1945,N,VIIRS,n,2.0NRT,295.57,2.81,N,VIIRS_SNPP_NRT
22.80053,86.09199,338.49,0.39,0.36,2026-10-05,735,N20,VIIRS,n,2.0NRT,305.77,2.8,D,VIIRS_NOAA20_NRT
20.96399,85.19083,310.45,0.38,0.36,2026-10-05,2004,N20,VIIRS,n,2.0NRT,296.91,2.8,N,VIIRS_NOAA20_NRT
20.96458,85.18716,339.46,0.38,0.36,2026-10-05,2004,N20,VIIRS,n,2.0NRT,297.12,2.8,N,VIIRS_NOAA20_NRT
21.1059,72.63075,325.85,0.57,0.69,2026-10-05,2004,N20,VIIRS,n,2.0NRT,294.3,2.8,N,VIIRS_NOAA20_NRT
21.11228,72.63142,307.91,0.57,0.69,2026-10-05,2004,N20,VIIRS,n,2.0NRT,295.02,2.8,N,VIIRS_NOAA20_NRT
28.00611,77.59029,341.32,0.42,0.46,2026-10-05,737,N20,VIIRS,n,2.0NRT,303.82,2.79,D,VIIRS_NOAA20_NRT
25.12732,76.14893,330.12,0.38,0.59,2026-10-05,858,N,VIIRS,l,2.0NRT,304.44,2.79,D,VIIRS_SNPP_NRT
22.94266,75.43331,336.26,0.44,0.38,2026-10-05,820,N21,VIIRS,l,2.0NRT,310.62,2.78,D,VIIRS_NOAA21_NRT
23.78621,85.55268,317.36,0.53,0.67,2026-10-05,2049,N21,VIIRS,n,2.0NRT,291.82,2.78,N,VIIRS_NOAA21_NRT
15.55498,78.48721,333.87,0.32,0.55,2026-10-05,733,N20,VIIRS,n,2.0NRT,299.97,2.78,D,VIIRS_NOAA20_NRT
24.82276,73.09258,313.39,0.51,0.66,2026-10-05,2144,N20,VIIRS,n,2.0NRT,297.3,2.78,N,VIIRS_NOAA20_NRT
24.88287,72.84652,335.51,0.39,0.36,2026-10-05,820,N21,VIIRS,l,2.0NRT,309.95,2.77,D,VIIRS_NOAA21_NRT
23.69153,87.12115,320.55,0.46,0.64,2026-10-05,1906,N21,VIIRS,n,2.0NRT,292.78,2.77,N,VIIRS_NOAA21_NRT
23.69191,87.11664,307.75,0.46,0.64,2026-10-05,1906,N21,VIIRS,n,2.0NRT,291.93,2.77,N,VIIRS_NOAA21_NRT
19.01425,72.90993,313.22,0.5,0.49,2026-10-05,2125,N,VIIRS,n,2.0NRT,293.77,2.77,N,VIIRS_SNPP_NRT
19.01506,72.90581,321.22,0.5,0.49,2026-10-05,2125,N,VIIRS,n,2.0NRT,294.44,2.77,N,VIIRS_SNPP_NRT
23.25793,70.26186,320.49,0.43,0.38,2026-10-05,2046,N21,VIIRS,n,2.0NRT,297.19,2.75,N,VIIRS_NOAA21_NRT
20.76036,85.29198,304.94,0.57,0.69,2026-10-05,1908,N21,VIIRS,n,2.0NRT,292.48,2.73,N,VIIRS_NOAA21_NRT
21.69474,72.60424,330.35,0.38,0.36,2026-10-05,2046,N21,VIIRS,n,2.0NRT,296.85,2.73,N,VIIRS_NOAA21_NRT
23.04175,68.9792,338.0,0.43,0.38,2026-10-05,856,N,VIIRS,n,2.0NRT,298.7,2.73,D,VIIRS_SNPP_NRT
23.17033,75.36446,340.87,0.32,0.55,2026-10-05,856,N,VIIRS,n,2.0NRT,305.44,2.73,D,VIIRS_SNPP_NRT
27.91523,76.88001,338.6,0.39,0.44,2026-10-05,822,N21,VIIRS,n,2.0NRT,307.57,2.72,D,VIIRS_NOAA21_NRT
21.2457,79.2235,315.21,0.43,0.46,2026-10-05,2004,N20,VIIRS,n,2.0NRT,296.77,2.72,N,VIIRS_NOAA20_NRT
22.78662,75.34409,338.68,0.44,0.38,2026-10-05,820,N21,VIIRS,n,2.0NRT,307.42,2.71,D,VIIRS_NOAA21_NRT
20.9698,85.15419,324.28,0.38,0.36,2026-10-05,2004,N20,VIIRS,n,2.0NRT,296.23,2.71,N,VIIRS_NOAA20_NRT
21.92206,83.35179,326.98,0.41,0.37,2026-10-05,2004,N20,VIIRS,n,2.0NRT,298.42,2.71,N,VIIRS_NOAA20_NRT
21.92264,83.34782,318.47,0.41,0.37,2026-10-05,2004,N20,VIIRS,n,2.0NRT,296.09,2.71,N,VIIRS_NOAA20_NRT
22.99677,75.87791,339.01,0.35,0.57,2026-10-05,856,N,VIIRS,n,2.0NRT,308.55,2.71,D,VIIRS_SNPP_NRT
22.9971,75.88139,340.85,0.35,0.57,2026-10-05,856,N,VIIRS,n,2.0NRT,307.91,2.71,D,VIIRS_SNPP_NRT
22.80142,86.08916,305.52,0.6,0.71,2026-10-05,2049,N21,VIIRS,n,2.0NRT,288.24,2.7,N,VIIRS_NOAA21_NRT
15.8294,75.46223,330.26,0.39,0.37,2026-10-05,818,N21,VIIRS,l,2.0NRT,304.37,2.67,D,VIIRS_NOAA21_NRT
22.70485,76.06216,332.91,0.47,0.39,2026-10-05,820,N21,VIIRS,l,2.0NRT,306.93,2.66,D,VIIRS_NOAA21_NRT
27.66689,76.13017,305.24,0.53,0.5,2026-10-05,2125,N,VIIRS,n,2.0NRT,295.13,2.66,N,VIIRS_SNPP_NRT
18.68648,73.02702,312.11,0.5,0.66,2026-10-05,2004,N20,VIIRS,n,2.0NRT,292.23,2.65,N,VIIRS_NOAA20_NRT
24.66248,74.62944,306.86,0.46,0.64,2026-10-05,2004,N20,VIIRS,n,2.0NRT,295.45,2.65,N,VIIRS_NOAA20_NRT
20.98212,85.13311,307.04,0.57,0.69,2026-10-05,2046,N21,VIIRS,n,2.0NRT,290.69,2.64,N,VIIRS_NOAA21_NRT
27.94973,77.60851,334.41,0.43,0.46,2026-10-05,822,N21,VIIRS,n,2.0NRT,304.04,2.63,D,VIIRS_NOAA21_NRT
31.62882,75.04133,332.06,0.52,0.42,2026-10-05,822,N21,VIIRS,n,2.0NRT,304.97,2.63,D,VIIRS_NOAA21_NRT
22.05189,88.12384,312.19,0.38,0.59,2026-10-05,1908,N21,VIIRS,n,2.0NRT,295.95,2.61,N,VIIRS_NOAA21_NRT
22.05729,88.12444,306.57,0.38,0.59,2026-10-05,1908,N21,VIIRS,n,2.0NRT,295.24,2.61,N,VIIRS_NOAA21_NRT
15.41121,79.30983,331.59,0.57,0.52,2026-10-05,733,N20,VIIRS,n,2.0NRT,297.65,2.61,D,VIIRS_NOAA20_NRT
23.764,86.40582,321.35,0.39,0.36,2026-10-05,2004,N20,VIIRS,n,2.0NRT,293.95,2.61,N,VIIRS_NOAA20_NRT
23.7646,86.40207,331.31,0.39,0.36,2026-10-05,2004,N20,VIIRS,n,2.0NRT,293.81,2.61,N,VIIRS_NOAA20_NRT
23.7679,86.4027,323.67,0.39,0.36,2026-10-05,2004,N20,VIIRS,n,2.0NRT,294.29,2.61,N,VIIRS_NOAA20_NRT
23.78223,86.20844,323.38,0.38,0.36,2026-10-05,2004,N20,VIIRS,n,2.0NRT,294.05,2.61,N,VIIRS_NOAA20_NRT
24.89787,76.92246,331.17,0.43,0.62,2026-10-05,858,N,VIIRS,l,2.0NRT,303.45,2.61,D,VIIRS_SNPP_NRT
18.52143,74.66631,334.89,0.39,0.36,2026-10-05,818,N21,VIIRS,n,2.0NRT,308.46,2.59,D,VIIRS_NOAA21_NRT
23.71778,86.42194,303.08,0.52,0.66,2026-10-05,1906,N21,VIIRS,n,2.0NRT,286.61,2.59,N,VIIRS_NOAA21_NRT
22.94155,75.43731,339.95,0.36,0.58,2026-10-05,735,N20,VIIRS,n,2.0NRT,305.49,2.59,D,VIIRS_NOAA20_NRT
20.94883,86.04366,308.41,0.39,0.36,2026-10-05,2004,N20,VIIRS,n,2.0NRT,297.12,2.59,N,VIIRS_NOAA20_NRT
20.95215,86.04426,332.86,0.39,0.36,2026-10-05,2004,N20,VIIRS,n,2.0NRT,297.33,2.59,N,VIIRS_NOAA20_NRT
23.66528,87.15343,324.37,0.4,0.37,2026-10-05,2004,N20,VIIRS,n,2.0NRT,297.82,2.59,N,VIIRS_NOAA20_NRT
21.11117,72.6351,308.3,0.58,0.7,2026-10-05,2144,N20,VIIRS,n,2.0NRT,293.95,2.59,N,VIIRS_NOAA20_NRT
18.68523,73.03091,319.62,0.39,0.36,2026-10-05,2049,N21,VIIRS,n,2.0NRT,297.26,2.58,N,VIIRS_NOAA21_NRT
22.34041,69.85499,314.18,0.45,0.39,2026-10-05,2125,N,VIIRS,n,2.0NRT,300.68,2.58,N,VIIRS_SNPP_NRT
23.16622,75.43168,336.69,0.44,0.39,2026-10-05,820,N21,VIIRS,l,2.0NRT,311.47,2.57,D,VIIRS_NOAA21_NRT
20.97071,86.0182,308.05,0.51,0.66,2026-10-05,1908,N21,VIIRS,n,2.0NRT,292.86,2.57,N,VIIRS_NOAA21_NRT
15.1837,76.66749,304.71,0.52,0.5,2026-10-05,2006,N20,VIIRS,n,2.0NRT,287.61,2.57,N,VIIRS_NOAA20_NRT
21.3362,78.96754,312.61,0.58,0.7,2026-10-05,1945,N,VIIRS,n,2.0NRT,291.9,2.57,N,VIIRS_SNPP_NRT
22.31495,82.53194,305.14,0.37,0.58,2026-10-05,2046,N21,VIIRS,n,2.0NRT,292.33,2.56,N,VIIRS_NOAA21_NRT
22.79034,86.19562,312.19,0.39,0.36,2026-10-05,2004,N20,VIIRS,n,2.0NRT,294.17,2.56,N,VIIRS_NOAA20_NRT
23.21053,75.73112,339.01,0.34,0.56,2026-10-05,856,N,VIIRS,n,2.0NRT,306.21,2.56,D,VIIRS_SNPP_NRT
21.91933,83.3538,306.04,0.62,0.54,2026-10-05,1945,N,VIIRS,n,2.0NRT,293.14,2.56,N,VIIRS_SNPP_NRT
21.91996,83.34769,317.05,0.62,0.54,2026-10-05,1945,N,VIIRS,n,2.0NRT,293.55,2.56,N,VIIRS_SNPP_NRT
23.64602,85.43661,309.16,0.6,0.7,2026-10-05,1908,N21,VIIRS,n,2.0NRT,289.14,2.54,N,VIIRS_NOAA21_NRT
18.68403,73.03831,311.09,0.39,0.37,2026-10-05,2049,N21,VIIRS,n,2.0NRT,296.3,2.54,N,VIIRS_NOAA21_NRT
20.96815,86.009,310.53,0.39,0.36,2026-10-05,2004,N20,VIIRS,n,2.0NRT,297.25,2.52,N,VIIRS_NOAA20_NRT
20.97985,85.1334,316.71,0.38,0.36,2026-10-05,2004,N20,VIIRS,n,2.0NRT,296.49,2.52,N,VIIRS_NOAA20_NRT
22.0377,83.34985,315.62,0.41,0.37,2026-10-05,2004,N20,VIIRS,n,2.0NRT,294.86,2.52,N,VIIRS_NOAA20_NRT
23.68406,86.39503,323.13,0.39,0.36,2026-10-05,2004,N20,VIIRS,n,2.0NRT,294.45,2.52,N,VIIRS_NOAA20_NRT
23.16861,72.65588,335.35,0.44,0.46,2026-10-05,856,N,VIIRS,n,2.0NRT,304.4,2.52,D,VIIRS_SNPP_NRT
22.78893,86.20588,305.56,0.42,0.45,2026-10-05,1945,N,VIIRS,n,2.0NRT,291.42,2.52,N,VIIRS_SNPP_NRT
22.96907,75.41605,337.74,0.44,0.38,2026-10-05,820,N21,VIIRS,l,2.0NRT,310.71,2.51,D,VIIRS_NOAA21_NRT
15.1794,76.67582,302.52,0.42,0.45,2026-10-05,2049,N21,VIIRS,n,2.0NRT,276.9,2.51,N,VIIRS_NOAA21_NRT
23.78077,85.57379,309.57,0.38,0.36,2026-10-05,2004,N20,VIIRS,n,2.0NRT,296.27,2.51,N,VIIRS_NOAA20_NRT
12.11508,79.11592,333.11,0.51,0.41,2026-10-05,816,N21,VIIRS,n,2.0NRT,298.44,2.5,D,VIIRS_NOAA21_NRT
23.67576,86.0853,305.28,0.54,0.68,2026-10-05,1906,N21,VIIRS,n,2.0NRT,287.57,2.5,N,VIIRS_NOAA21_NRT
20.78855,85.2658,316.85,0.38,0.36,2026-10-05,2004,N20,VIIRS,n,2.0NRT,295.65,2.5,N,VIIRS_NOAA20_NRT
23.56125,87.08227,321.53,0.4,0.37,2026-10-05,2004,N20,VIIRS,n,2.0NRT,295.3,2.5,N,VIIRS_NOAA20_NRT
21.94806,75.72231,343.62,0.37,0.58,2026-10-05,735,N20,VIIRS,n,2.0NRT,301.95,2.49,D,VIIRS_NOAA20_NRT
20.96964,86.02075,325.38,0.39,0.36,2026-10-05,2004,N20,VIIRS,n,2.0NRT,296.68,2.48,N,VIIRS_NOAA20_NRT
20.90944,71.45821,314.15,0.56,0.43,2026-10-05,2125,N,VIIRS,n,2.0NRT,296.68,2.48,N,VIIRS_SNPP_NRT
22.7858,75.34911,331.37,0.37,0.58,2026-10-05,735,N20,VIIRS,l,2.0NRT,305.6,2.47,D,VIIRS_NOAA20_NRT
22.57503,85.89722,302.99,0.54,0.68,2026-10-05,1908,N21,VIIRS,n,2.0NRT,287.46,2.46,N,VIIRS_NOAA21_NRT
26.64262,79.48232,325.84,0.39,0.44,2026-10-05,2046,N21,VIIRS,n,2.0NRT,293.7,2.46,N,VIIRS_NOAA21_NRT
20.86533,84.98663,335.41,0.39,0.36,2026-10-05,733,N20,VIIRS,n,2.0NRT,305.1,2.46,D,VIIRS_NOAA20_NRT
22.0418,83.72894,307.11,0.44,0.63,2026-10-05,2046,N21,VIIRS,n,2.0NRT,292.43,2.45,N,VIIRS_NOAA21_NRT
18.69067,73.03951,313.43,0.39,0.37,2026-10-05,2049,N21,VIIRS,n,2.0NRT,296.32,2.45,N,VIIRS_NOAA21_NRT
23.80367,86.32832,332.24,0.39,0.36,2026-10-05,2004,N20,VIIRS,n,2.0NRT,295.68,2.44,N,VIIRS_NOAA20_NRT
23.80696,86.32895,313.64,0.39,0.36,2026-10-05,2004,N20,VIIRS,n,2.0NRT,293.84,2.44,N,VIIRS_NOAA20_NRT
22.96052,70.0252,331.66,0.47,0.4,2026-10-05,856,N,VIIRS,l,2.0NRT,305.52,2.44,D,VIIRS_SNPP_NRT
24.76339,74.60822,321.06,0.39,0.37,2026-10-05,2049,N21,VIIRS,n,2.0NRT,299.71,2.43,N,VIIRS_NOAA21_NRT
21.25054,79.20815,328.91,0.54,0.68,2026-10-05,856,N,VIIRS,l,2.0NRT,299.07,2.43,D,VIIRS_SNPP_NRT
23.71433,86.45089,313.39,0.42,0.45,2026-10-05,1945,N,VIIRS,n,2.0NRT,291.65,2.43,N,VIIRS_SNPP_NRT
21.43334,72.9764,324.03,0.45,0.47,2026-10-05,2125,N,VIIRS,n,2.0NRT,294.51,2.43,N,VIIRS_SNPP_NRT
15.25343,79.67999,332.5,0.4,0.44,2026-10-05,818,N21,VIIRS,n,2.0NRT,300.02,2.42,D,VIIRS_NOAA21_NRT
13.27573,80.28493,330.3,0.54,0.51,2026-10-05,731,N20,VIIRS,n,2.0NRT,296.29,2.42,D,VIIRS_NOAA20_NRT
23.08939,75.76543,331.8,0.34,0.56,2026-10-05,735,N20,VIIRS,l,2.0NRT,306.57,2.42,D,VIIRS_NOAA20_NRT
22.33154,82.6042,323.29,0.44,0.38,2026-10-05,2004,N20,VIIRS,n,2.0NRT,295.84,2.42,N,VIIRS_NOAA20_NRT
21.7665,75.65354,335.26,0.44,0.38,2026-10-05,820,N21,VIIRS,l,2.0NRT,309.41,2.41,D,VIIRS_NOAA21_NRT
22.64421,75.47907,332.93,0.37,0.58,2026-10-05,735,N20,VIIRS,l,2.0NRT,306.91,2.41,D,VIIRS_NOAA20_NRT
23.75607,85.85282,330.37,0.39,0.36,2026-10-05,735,N20,VIIRS,l,2.0NRT,302.55,2.41,D,VIIRS_NOAA20_NRT
12.54666,76.30463,330.11,0.4,0.37,2026-10-05,816,N21,VIIRS,n,2.0NRT,292.32,2.4,D,VIIRS_NOAA21_NRT
21.24907,79.2068,315.51,0.48,0.48,2026-10-05,2046,N21,VIIRS,n,2.0NRT,295.45,2.4,N,VIIRS_NOAA21_NRT
21.75524,84.01997,302.43,0.71,0.75,2026-10-05,1908,N21,VIIRS,n,2.0NRT,291.42,2.39,N,VIIRS_NOAA21_NRT
22.00516,82.67018,315.08,0.38,0.59,2026-10-05,2046,N21,VIIRS,n,2.0NRT,294.14,2.39,N,VIIRS_NOAA21_NRT
22.36402,87.01716,306.17,0.7,0.75,2026-10-05,2049,N21,VIIRS,n,2.0NRT,288.96,2.38,N,VIIRS_NOAA21_NRT
15.18244,78.56871,330.85,0.32,0.55,2026-10-05,733,N20,VIIRS,n,2.0NRT,296.63,2.38,D,VIIRS_NOAA20_NRT
22.0051,82.66857,314.94,0.44,0.38,2026-10-05,2004,N20,VIIRS,n,2.0NRT,295.44,2.38,N,VIIRS_NOAA20_NRT
24.81995,73.09161,311.85,0.4,0.44,2026-10-05,2123,N,VIIRS,n,2.0NRT,296.74,2.38,N,VIIRS_SNPP_NRT
20.95414,85.01133,302.05,0.57,0.69,2026-10-05,2046,N21,VIIRS,n,2.0NRT,290.96,2.37,N,VIIRS_NOAA21_NRT
20.96768,85.15145,309.35,0.58,0.7,2026-10-05,2046,N21,VIIRS,n,2.0NRT,290.58,2.37,N,VIIRS_NOAA21_NRT
21.07829,85.03033,306.14,0.56,0.69,2026-10-05,2046,N21,VIIRS,n,2.0NRT,290.3,2.37,N,VIIRS_NOAA21_NRT
22.03868,83.72898,309.1,0.44,0.63,2026-10-05,2046,N21,VIIRS,n,2.0NRT,292.57,2.37,N,VIIRS_NOAA21_NRT
23.67723,86.40041,311.36,0.42,0.45,2026-10-05,1945,N,VIIRS,n,2.0NRT,290.78,2.37,N,VIIRS_SNPP_NRT
15.33188,76.84149,330.8,0.43,0.38,2026-10-05,818,N21,VIIRS,l,2.0NRT,301.23,2.36,D,VIIRS_NOAA21_NRT
26.8775,73.51493,311.02,0.38,0.36,2026-10-05,2046,N21,VIIRS,n,2.0NRT,295.85,2.36,N,VIIRS_NOAA21_NRT
23.67625,86.40128,318.66,0.39,0.36,2026-10-05,2004,N20,VIIRS,n,2.0NRT,294.86,2.36,N,VIIRS_NOAA20_NRT
23.73935,86.43208,326.58,0.39,0.36,2026-10-05,2004,N20,VIIRS,n,2.0NRT,293.51,2.36,N,VIIRS_NOAA20_NRT
20.80807,85.25634,313.57,0.46,0.47,2026-10-05,1945,N,VIIRS,n,2.0NRT,294.6,2.36,N,VIIRS_SNPP_NRT
23.76275,86.40273,320.94,0.42,0.45,2026-10-05,1945,N,VIIRS,n,2.0NRT,291.68,2.36,N,VIIRS_SNPP_NRT
23.76645,86.40758,312.85,0.42,0.45,2026-10-05,1945,N,VIIRS,n,2.0NRT,291.67,2.36,N,VIIRS_SNPP_NRT
23.76696,86.40332,325.49,0.42,0.45,2026-10-05,1945,N,VIIRS,n,2.0NRT,292.31,2.36,N,VIIRS_SNPP_NRT
20.88525,84.98154,316.01,0.48,0.48,2026-10-05,1945,N,VIIRS,n,2.0NRT,293.76,2.34,N,VIIRS_SNPP_NRT
20.88969,84.98209,319.51,0.48,0.48,2026-10-05,1945,N,VIIRS,n,2.0NRT,294.15,2.34,N,VIIRS_SNPP_NRT
23.8232,85.49519,304.99,0.48,0.48,2026-10-05,1945,N,VIIRS,n,2.0NRT,293.56,2.34,N,VIIRS_SNPP_NRT
20.78543,85.26635,307.05,0.59,0.7,2026-10-05,2046,N21,VIIRS,n,2.0NRT,290.07,2.33,N,VIIRS_NOAA21_NRT
20.78672,85.26081,309.68,0.59,0.7,2026-10-05,2046,N21,VIIRS,n,2.0NRT,290.19,2.33,N,VIIRS_NOAA21_NRT
21.23488,79.6302,314.29,0.51,0.49,2026-10-05,2046,N21,VIIRS,n,2.0NRT,295.07,2.33,N,VIIRS_NOAA21_NRT
23.71355,86.42104,305.76,0.42,0.45,2026-10-05,1945,N,VIIRS,n,2.0NRT,290.77,2.33,N,VIIRS_SNPP_NRT
23.77822,86.21195,333.9,0.39,0.36,2026-10-05,735,N20,VIIRS,n,2.0NRT,301.77,2.32,D,VIIRS_NOAA20_NRT
14.82065,79.92574,338.6,0.41,0.45,2026-10-05,818,N21,VIIRS,n,2.0NRT,297.83,2.31,D,VIIRS_NOAA21_NRT
23.61327,86.79004,310.12,0.49,0.65,2026-10-05,1906,N21,VIIRS,n,2.0NRT,291.25,2.31,N,VIIRS_NOAA21_NRT
22.05463,88.12431,317.81,0.38,0.59,2026-10-05,1908,N21,VIIRS,n,2.0NRT,296.95,2.31,N,VIIRS_NOAA21_NRT
23.79463,86.35162,310.67,0.43,0.46,2026-10-05,1945,N,VIIRS,n,2.0NRT,291.27,2.31,N,VIIRS_SNPP_NRT
23.79885,86.35223,313.65,0.43,0.46,2026-10-05,1945,N,VIIRS,n,2.0NRT,291.92,2.31,N,VIIRS_SNPP_NRT
20.75777,85.29903,305.42,0.6,0.7,2026-10-05,2046,N21,VIIRS,n,2.0NRT,289.63,2.3,N,VIIRS_NOAA21_NRT
23.78155,86.21138,333.6,0.39,0.36,2026-10-05,735,N20,VIIRS,n,2.0NRT,302.46,2.3,D,VIIRS_NOAA20_NRT
20.96128,85.18657,311.97,0.38,0.36,2026-10-05,2004,N20,VIIRS,n,2.0NRT,295.74,2.3,N,VIIRS_NOAA20_NRT
20.91022,71.46024,324.53,0.39,0.36,2026-10-05,2046,N21,VIIRS,n,2.0NRT,299.54,2.29,N,VIIRS_NOAA21_NRT
20.95412,86.04572,302.53,0.66,0.73,2026-10-05,2046,N21,VIIRS,n,2.0NRT,290.93,2.29,N,VIIRS_NOAA21_NRT
23.56139,87.08239,307.45,0.67,0.73,2026-10-05,2049,N21,VIIRS,n,2.0NRT,289.52,2.29,N,VIIRS_NOAA21_NRT
21.75562,84.02387,308.81,0.4,0.37,2026-10-05,2004,N20,VIIRS,n,2.0NRT,295.89,2.28,N,VIIRS_NOAA20_NRT
23.72419,86.43961,312.36,0.42,0.45,2026-10-05,1945,N,VIIRS,n,2.0NRT,291.51,2.28,N,VIIRS_SNPP_NRT
23.55938,87.08334,315.42,0.47,0.64,2026-10-05,1906,N21,VIIRS,n,2.0NRT,291.9,2.26,N,VIIRS_NOAA21_NRT
23.77148,86.366,306.17,0.52,0.67,2026-10-05,1906,N21,VIIRS,n,2.0NRT,285.62,2.26,N,VIIRS_NOAA21_NRT
22.31919,82.56234,307.38,0.37,0.58,2026-10-05,2046,N21,VIIRS,n,2.0NRT,293.5,2.26,N,VIIRS_NOAA21_NRT
20.96419,85.16825,321.51,0.38,0.36,2026-10-05,2004,N20,VIIRS,n,2.0NRT,297.18,2.26,N,VIIRS_NOAA20_NRT
20.96477,85.16459,316.77,0.38,0.36,2026-10-05,2004,N20,VIIRS,n,2.0NRT,296.46,2.26,N,VIIRS_NOAA20_NRT
23.77396,86.36518,321.67,0.39,0.36,2026-10-05,2004,N20,VIIRS,n,2.0NRT,293.97,2.26,N,VIIRS_NOAA20_NRT
23.67656,86.39748,308.28,0.52,0.67,2026-10-05,1906,N21,VIIRS,n,2.0NRT,288.81,2.25,N,VIIRS_NOAA21_NRT
23.68305,86.39306,306.68,0.52,0.67,2026-10-05,1906,N21,VIIRS,n,2.0NRT,288.18,2.25,N,VIIRS_NOAA21_NRT
20.97203,86.00361,306.61,0.51,0.66,2026-10-05,1908,N21,VIIRS,n,2.0NRT,293.2,2.25,N,VIIRS_NOAA21_NRT
24.66032,74.63271,310.53,0.4,0.37,2026-10-05,2049,N21,VIIRS,n,2.0NRT,298.56,2.25,N,VIIRS_NOAA21_NRT
20.96632,85.17617,309.76,0.38,0.36,2026-10-05,2004,N20,VIIRS,n,2.0NRT,295.8,2.25,N,VIIRS_NOAA20_NRT
20.9669,85.17251,310.65,0.38,0.36,2026-10-05,2004,N20,VIIRS,n,2.0NRT,295.4,2.25,N,VIIRS_NOAA20_NRT
20.96961,85.17677,322.46,0.38,0.36,2026-10-05,2004,N20,VIIRS,n,2.0NRT,296.13,2.25,N,VIIRS_NOAA20_NRT
20.97019,85.1731,339.39,0.38,0.36,2026-10-05,2004,N20,VIIRS,n,2.0NRT,297.92,2.25,N,VIIRS_NOAA20_NRT
23.69284,87.11021,309.59,0.38,0.44,2026-10-05,1945,N,VIIRS,n,2.0NRT,295.04,2.25,N,VIIRS_SNPP_NRT
24.21986,72.16692,334.79,0.38,0.36,2026-10-05,820,N21,VIIRS,n,2.0NRT,309.64,2.24,D,VIIRS_NOAA21_NRT
22.57465,85.89669,307.17,0.44,0.46,2026-10-05,1945,N,VIIRS,n,2.0NRT,291.69,2.24,N,VIIRS_SNPP_NRT
23.69024,87.09825,312.76,0.39,0.44,2026-10-05,1945,N,VIIRS,n,2.0NRT,296.15,2.24,N,VIIRS_SNPP_NRT
23.75906,86.39784,305.68,0.42,0.45,2026-10-05,1945,N,VIIRS,n,2.0NRT,291.07,2.24,N,VIIRS_SNPP_NRT
24.66017,74.63242,308.85,0.5,0.49,2026-10-05,2123,N,VIIRS,n,2.0NRT,294.92,2.24,N,VIIRS_SNPP_NRT
21.91777,83.35379,304.78,0.42,0.61,2026-10-05,2046,N21,VIIRS,n,2.0NRT,292.7,2.23,N,VIIRS_NOAA21_NRT
23.77691,86.38895,315.32,0.39,0.36,2026-10-05,2004,N20,VIIRS,n,2.0NRT,293.32,2.23,N,VIIRS_NOAA20_NRT
23.76642,86.39082,309.55,0.39,0.36,2026-10-05,2004,N20,VIIRS,n,2.0NRT,294.4,2.22,N,VIIRS_NOAA20_NRT
23.71775,86.42164,310.61,0.42,0.45,2026-10-05,1945,N,VIIRS,n,2.0NRT,290.81,2.22,N,VIIRS_SNPP_NRT
18.48203,75.62569,335.83,0.41,0.37,2026-10-05,818,N21,VIIRS,l,2.0NRT,307.87,2.21,D,VIIRS_NOAA21_NRT
20.89131,84.98087,305.58,0.6,0.7,2026-10-05,1908,N21,VIIRS,n,2.0NRT,290.97,2.21,N,VIIRS_NOAA21_NRT
21.31709,76.0941,336.51,0.36,0.57,2026-10-05,735,N20,VIIRS,n,2.0NRT,303.27,2.21,D,VIIRS_NOAA20_NRT
22.78662,86.20673,309.58,0.61,0.71,2026-10-05,2049,N21,VIIRS,n,2.0NRT,288.03,2.2,N,VIIRS_NOAA21_NRT
22.79288,86.20885,304.33,0.61,0.71,2026-10-05,2049,N21,VIIRS,n,2.0NRT,287.32,2.2,N,VIIRS_NOAA21_NRT
24.14664,82.65588,317.02,0.46,0.39,2026-10-05,2004,N20,VIIRS,n,2.0NRT,291.51,2.2,N,VIIRS_NOAA20_NRT
18.68792,73.03222,305.11,0.51,0.49,2026-10-05,2125,N,VIIRS,n,2.0NRT,293.93,2.2,N,VIIRS_SNPP_NRT
21.24857,79.20868,309.99,0.56,0.68,2026-10-05,2125,N,VIIRS,n,2.0NRT,292.05,2.2,N,VIIRS_SNPP_NRT
22.76663,75.28659,332.64,0.38,0.58,2026-10-05,735,N20,VIIRS,l,2.0NRT,305.04,2.19,D,VIIRS_NOAA20_NRT
22.67403,75.21971,331.53,0.38,0.59,2026-10-05,735,N20,VIIRS,l,2.0NRT,305.46,2.18,D,VIIRS_NOAA20_NRT
20.96277,85.17278,305.15,0.58,0.7,2026-10-05,2046,N21,VIIRS,n,2.0NRT,290.85,2.17,N,VIIRS_NOAA21_NRT
20.964,85.16743,305.05,0.58,0.7,2026-10-05,2046,N21,VIIRS,n,2.0NRT,290.76,2.17,N,VIIRS_NOAA21_NRT
22.57482,85.89945,305.76,0.59,0.7,2026-10-05,2049,N21,VIIRS,n,2.0NRT,289.02,2.17,N,VIIRS_NOAA21_NRT
21.3374,78.96791,312.56,0.58,0.7,2026-10-05,1945,N,VIIRS,n,2.0NRT,291.54,2.17,N,VIIRS_SNPP_NRT
21.6173,76.45837,331.07,0.33,0.56,2026-10-05,735,N20,VIIRS,l,2.0NRT,303.86,2.16,D,VIIRS_NOAA20_NRT
22.78644,86.19872,310.66,0.39,0.36,2026-10-05,2004,N20,VIIRS,n,2.0NRT,292.89,2.16,N,VIIRS_NOAA20_NRT
17.61193,83.20289,304.37,0.72,0.76,2026-10-05,1908,N21,VIIRS,n,2.0NRT,286.81,2.15,N,VIIRS_NOAA21_NRT
23.77423,86.19679,307.64,0.44,0.46,2026-10-05,1945,N,VIIRS,n,2.0NRT,291.54,2.15,N,VIIRS_SNPP_NRT
22.36607,87.01865,304.64,0.7,0.75,2026-10-05,2049,N21,VIIRS,n,2.0NRT,288.83,2.14,N,VIIRS_NOAA21_NRT
23.69162,87.11895,306.5,0.4,0.37,2026-10-05,2004,N20,VIIRS,n,2.0NRT,294.84,2.14,N,VIIRS_NOAA20_NRT
21.72196,75.67426,336.11,0.33,0.55,2026-10-05,856,N,VIIRS,n,2.0NRT,305.41,2.14,D,VIIRS_SNPP_NRT
22.21467,84.87016,310.44,0.5,0.49,2026-10-05,1945,N,VIIRS,n,2.0NRT,292.4,2.14,N,VIIRS_SNPP_NRT
20.96186,85.1829,311.16,0.38,0.36,2026-10-05,2004,N20,VIIRS,n,2.0NRT,295.92,2.13,N,VIIRS_NOAA20_NRT
23.67953,86.08554,319.88,0.38,0.36,2026-10-05,2004,N20,VIIRS,n,2.0NRT,294.1,2.13,N,VIIRS_NOAA20_NRT
20.88472,84.98611,306.33,0.48,0.48,2026-10-05,1945,N,VIIRS,n,2.0NRT,293.62,2.13,N,VIIRS_SNPP_NRT
22.87485,86.06397,312.28,0.43,0.46,2026-10-05,1945,N,VIIRS,n,2.0NRT,291.3,2.13,N,VIIRS_SNPP_NRT
17.95668,80.79388,311.61,0.35,0.57,2026-10-05,2049,N21,VIIRS,n,2.0NRT,294.56,2.12,N,VIIRS_NOAA21_NRT
15.73982,77.7143,330.2,0.36,0.57,2026-10-05,733,N20,VIIRS,n,2.0NRT,296.96,2.12,D,VIIRS_NOAA20_NRT
22.20733,84.87057,321.68,0.39,0.36,2026-10-05,2004,N20,VIIRS,n,2.0NRT,294.27,2.12,N,VIIRS_NOAA20_NRT
23.67624,86.08492,322.02,0.38,0.36,2026-10-05,2004,N20,VIIRS,n,2.0NRT,294.56,2.12,N,VIIRS_NOAA20_NRT
20.96591,85.16541,313.5,0.46,0.47,2026-10-05,1945,N,VIIRS,n,2.0NRT,294.35,2.12,N,VIIRS_SNPP_NRT
20.96644,85.16086,309.42,0.47,0.47,2026-10-05,1945,N,VIIRS,n,2.0NRT,294.06,2.12,N,VIIRS_SNPP_NRT
17.30045,76.99165,334.88,0.45,0.39,2026-10-05,818,N21,VIIRS,l,2.0NRT,309.57,2.11,D,VIIRS_NOAA21_NRT
23.15661,75.96156,336.03,0.33,0.56,2026-10-05,735,N20,VIIRS,l,2.0NRT,307.01,2.1,D,VIIRS_NOAA20_NRT
22.35816,87.29146,315.4,0.54,0.42,2026-10-05,1945,N,VIIRS,n,2.0NRT,295.62,2.1,N,VIIRS_SNPP_NRT
18.72127,79.53659,303.71,0.66,0.73,2026-10-05,2125,N,VIIRS,n,2.0NRT,291.89,2.1,N,VIIRS_SNPP_NRT
20.96303,85.17558,308.3,0.38,0.36,2026-10-05,2004,N20,VIIRS,n,2.0NRT,296.42,2.09,N,VIIRS_NOAA20_NRT
20.9636,85.17192,323.53,0.38,0.36,2026-10-05,2004,N20,VIIRS,n,2.0NRT,296.86,2.09,N,VIIRS_NOAA20_NRT
21.92497,83.34834,304.57,0.62,0.54,2026-10-05,1945,N,VIIRS,n,2.0NRT,292.71,2.09,N,VIIRS_SNPP_NRT
20.96512,86.00172,316.87,0.41,0.45,2026-10-05,1945,N,VIIRS,n,2.0NRT,295.15,2.08,N,VIIRS_SNPP_NRT
28.2092,78.14164,335.83,0.39,0.44,2026-10-05,737,N20,VIIRS,n,2.0NRT,301.8,2.07,D,VIIRS_NOAA20_NRT
18.71987,79.53692,307.71,0.57,0.43,2026-10-05,2004,N20,VIIRS,n,2.0NRT,296.16,2.07,N,VIIRS_NOAA20_NRT
21.98502,83.23161,315.5,0.42,0.37,2026-10-05,2004,N20,VIIRS,n,2.0NRT,295.68,2.06,N,VIIRS_NOAA20_NRT
22.32457,82.59229,329.99,0.34,0.56,2026-10-05,716,N,VIIRS,n,2.0NRT,296.8,2.06,D,VIIRS_SNPP_NRT
18.87988,78.37262,331.48,0.56,0.43,2026-10-05,818,N21,VIIRS,l,2.0NRT,303.9,2.05,D,VIIRS_NOAA21_NRT
20.95115,86.04745,314.95,0.51,0.66,2026-10-05,1908,N21,VIIRS,n,2.0NRT,293.63,2.05,N,VIIRS_NOAA21_NRT
20.95156,86.04258,306.83,0.51,0.66,2026-10-05,1908,N21,VIIRS,n,2.0NRT,293.0,2.05,N,VIIRS_NOAA21_NRT
22.22025,84.75401,301.72,0.64,0.72,2026-10-05,1908,N21,VIIRS,n,2.0NRT,289.95,2.05,N,VIIRS_NOAA21_NRT
23.78021,86.38957,327.82,0.39,0.36,2026-10-05,2004,N20,VIIRS,n,2.0NRT,295.23,2.05,N,VIIRS_NOAA20_NRT
23.7829,86.39395,306.9,0.39,0.36,2026-10-05,2004,N20,VIIRS,n,2.0NRT,293.45,2.05,N,VIIRS_NOAA20_NRT
20.97841,85.13483,305.95,0.47,0.48,2026-10-05,1945,N,VIIRS,n,2.0NRT,294.03,2.03,N,VIIRS_SNPP_NRT
22.67674,74.89082,336.27,0.42,0.38,2026-10-05,820,N21,VIIRS,n,2.0NRT,310.93,2.02,D,VIIRS_NOAA21_NRT
24.1173,86.86134,305.55,0.49,0.65,2026-10-05,1906,N21,VIIRS,n,2.0NRT,291.22,2.02,N,VIIRS_NOAA21_NRT
22.35814,82.3035,318.32,0.45,0.39,2026-10-05,2004,N20,VIIRS,n,2.0NRT,296.77,2.02,N,VIIRS_NOAA20_NRT
22.35874,82.29911,309.44,0.45,0.39,2026-10-05,2004,N20,VIIRS,n,2.0NRT,293.92,2.02,N,VIIRS_NOAA20_NRT
23.80307,86.33206,313.27,0.39,0.36,2026-10-05,2004,N20,VIIRS,n,2.0NRT,293.85,2.02,N,VIIRS_NOAA20_NRT
20.96381,85.18348,308.57,0.46,0.47,2026-10-05,1945,N,VIIRS,n,2.0NRT,293.96,2.02,N,VIIRS_SNPP_NRT
20.96433,85.17898,309.26,0.46,0.47,2026-10-05,1945,N,VIIRS,n,2.0NRT,293.91,2.02,N,VIIRS_SNPP_NRT
24.9333,74.63285,317.52,0.39,0.36,2026-10-05,2049,N21,VIIRS,n,2.0NRT,297.72,2.01,N,VIIRS_NOAA21_NRT
22.04052,83.73279,306.66,0.4,0.37,2026-10-05,2004,N20,VIIRS,n,2.0NRT,296.33,2.01,N,VIIRS_NOAA20_NRT
22.0411,83.7289,326.22,0.4,0.37,2026-10-05,2004,N20,VIIRS,n,2.0NRT,296.41,2.01,N,VIIRS_NOAA20_NRT
23.48344,87.36177,316.97,0.4,0.37,2026-10-05,2004,N20,VIIRS,n,2.0NRT,296.54,2.01,N,VIIRS_NOAA20_NRT
23.77457,86.36143,320.75,0.39,0.36,2026-10-05,2004,N20,VIIRS,n,2.0NRT,293.0,2.01,N,VIIRS_NOAA20_NRT
23.7566,85.85318,313.75,0.46,0.47,2026-10-05,1945,N,VIIRS,n,2.0NRT,293.29,2.01,N,VIIRS_SNPP_NRT
23.76045,85.85831,309.37,0.46,0.47,2026-10-05,1945,N,VIIRS,n,2.0NRT,291.84,2.01,N,VIIRS_SNPP_NRT
22.26374,75.13409,316.44,0.42,0.38,2026-10-05,2046,N21,VIIRS,n,2.0NRT,298.63,2.0,N,VIIRS_NOAA21_NRT
22.68815,76.70034,332.77,0.39,0.59,2026-10-05,856,N,VIIRS,n,2.0NRT,298.6,2.0,D,VIIRS_SNPP_NRT
20.86199,84.99368,304.41,0.57,0.69,2026-10-05,2046,N21,VIIRS,n,2.0NRT,291.35,1.99,N,VIIRS_NOAA21_NRT
20.86814,84.99538,302.86,0.57,0.69,2026-10-05,2046,N21,VIIRS,n,2.0NRT,291.82,1.99,N,VIIRS_NOAA21_NRT
22.20624,84.84941,308.99,0.52,0.67,2026-10-05,2049,N21,VIIRS,n,2.0NRT,290.7,1.99,N,VIIRS_NOAA21_NRT
20.95103,86.04839,314.99,0.41,0.45,2026-10-05,1945,N,VIIRS,n,2.0NRT,296.49,1.99,N,VIIRS_SNPP_NRT
20.95151,86.04443,319.16,0.41,0.45,2026-10-05,1945,N,VIIRS,n,2.0NRT,295.52,1.99,N,VIIRS_SNPP_NRT
21.37726,81.68095,312.23,0.39,0.59,2026-10-05,1945,N,VIIRS,n,2.0NRT,293.58,1.99,N,VIIRS_SNPP_NRT
24.11485,86.85966,317.83,0.4,0.44,2026-10-05,1945,N,VIIRS,n,2.0NRT,294.34,1.99,N,VIIRS_SNPP_NRT
17.60628,83.19987,305.33,0.56,0.52,2026-10-05,1947,N,VIIRS,n,2.0NRT,290.52,1.99,N,VIIRS_SNPP_NRT
21.75528,83.84456,317.2,0.46,0.63,2026-10-05,2046,N21,VIIRS,n,2.0NRT,292.49,1.98,N,VIIRS_NOAA21_NRT
21.75995,83.85046,304.26,0.46,0.63,2026-10-05,2046,N21,VIIRS,n,2.0NRT,291.71,1.98,N,VIIRS_NOAA21_NRT
21.76093,83.84613,312.52,0.46,0.63,2026-10-05,2046,N21,VIIRS,n,2.0NRT,291.79,1.98,N,VIIRS_NOAA21_NRT
21.17936,75.90668,333.04,0.37,0.58,2026-10-05,735,N20,VIIRS,n,2.0NRT,304.03,1.98,D,VIIRS_NOAA20_NRT
21.61631,76.45805,331.44,0.33,0.56,2026-10-05,735,N20,VIIRS,n,2.0NRT,304.4,1.98,D,VIIRS_NOAA20_NRT
23.67206,86.11108,323.28,0.38,0.36,2026-10-05,2004,N20,VIIRS,n,2.0NRT,292.25,1.98,N,VIIRS_NOAA20_NRT
23.11671,75.91304,333.0,0.35,0.57,2026-10-05,856,N,VIIRS,l,2.0NRT,306.42,1.98,D,VIIRS_SNPP_NRT
23.66935,84.99577,305.08,0.51,0.5,2026-10-05,1945,N,VIIRS,n,2.0NRT,291.34,1.98,N,VIIRS_SNPP_NRT
23.17315,79.47949,331.53,0.49,0.49,2026-10-05,820,N21,VIIRS,l,2.0NRT,303.43,1.97,D,VIIRS_NOAA21_NRT
20.7347,78.22038,330.55,0.38,0.43,2026-10-05,820,N21,VIIRS,l,2.0NRT,305.52,1.96,D,VIIRS_NOAA21_NRT
20.80346,85.25719,310.07,0.38,0.36,2026-10-05,2004,N20,VIIRS,n,2.0NRT,294.77,1.96,N,VIIRS_NOAA20_NRT
20.80675,85.25778,327.88,0.38,0.36,2026-10-05,2004,N20,VIIRS,n,2.0NRT,297.44,1.96,N,VIIRS_NOAA20_NRT
21.18813,81.3909,306.07,0.49,0.4,2026-10-05,2004,N20,VIIRS,n,2.0NRT,290.96,1.96,N,VIIRS_NOAA20_NRT
20.80371,85.25579,312.65,0.46,0.47,2026-10-05,1945,N,VIIRS,n,2.0NRT,293.84,1.96,N,VIIRS_SNPP_NRT
22.04092,83.72755,308.89,0.59,0.53,2026-10-05,1945,N,VIIRS,n,2.0NRT,292.48,1.96,N,VIIRS_SNPP_NRT
23.77571,86.36608,319.3,0.43,0.46,2026-10-05,1945,N,VIIRS,n,2.0NRT,291.58,1.96,N,VIIRS_SNPP_NRT
23.77622,86.36183,309.35,0.43,0.46,2026-10-05,1945,N,VIIRS,n,2.0NRT,290.33,1.96,N,VIIRS_SNPP_NRT
20.97735,85.17062,331.31,0.38,0.36,2026-10-05,2004,N20,VIIRS,n,2.0NRT,297.16,1.95,N,VIIRS_NOAA20_NRT
20.97793,85.16695,307.99,0.38,0.36,2026-10-05,2004,N20,VIIRS,n,2.0NRT,295.35,1.95,N,VIIRS_NOAA20_NRT
23.72409,86.42144,309.48,0.39,0.36,2026-10-05,2004,N20,VIIRS,n,2.0NRT,294.98,1.95,N,VIIRS_NOAA20_NRT
23.66512,84.99907,304.04,0.64,0.72,2026-10-05,1908,N21,VIIRS,n,2.0NRT,289.22,1.94,N,VIIRS_NOAA21_NRT
23.69357,87.12286,321.15,0.4,0.37,2026-10-05,2004,N20,VIIRS,n,2.0NRT,295.91,1.94,N,VIIRS_NOAA20_NRT
21.07487,85.04118,307.29,0.47,0.48,2026-10-05,1945,N,VIIRS,n,2.0NRT,293.4,1.94,N,VIIRS_SNPP_NRT
21.07543,85.03654,312.84,0.47,0.48,2026-10-05,1945,N,VIIRS,n,2.0NRT,295.24,1.94,N,VIIRS_SNPP_NRT
21.0793,85.04173,306.96,0.47,0.48,2026-10-05,1945,N,VIIRS,n,2.0NRT,293.47,1.94,N,VIIRS_SNPP_NRT
21.07987,85.03711,331.49,0.47,0.48,2026-10-05,1945,N,VIIRS,n,2.0NRT,295.79,1.94,N,VIIRS_SNPP_NRT
23.76326,86.39848,304.72,0.42,0.45,2026-10-05,1945,N,VIIRS,n,2.0NRT,290.51,1.94,N,VIIRS_SNPP_NRT
23.76377,86.39426,308.68,0.42,0.46,2026-10-05,1945,N,VIIRS,n,2.0NRT,291.68,1.94,N,VIIRS_SNPP_NRT
21.17729,81.37572,309.38,0.33,0.55,2026-10-05,2046,N21,VIIRS,n,2.0NRT,292.82,1.93,N,VIIRS_NOAA21_NRT
20.96478,86.05043,325.99,0.39,0.36,2026-10-05,2004,N20,VIIRS,n,2.0NRT,297.12,1.93,N,VIIRS_NOAA20_NRT
22.32274,82.58971,315.34,0.44,0.38,2026-10-05,2004,N20,VIIRS,n,2.0NRT,295.61,1.93,N,VIIRS_NOAA20_NRT
23.46759,75.70912,337.95,0.34,0.56,2026-10-05,856,N,VIIRS,n,2.0NRT,306.59,1.93,D,VIIRS_SNPP_NRT
20.97268,86.0022,310.7,0.39,0.36,2026-10-05,2004,N20,VIIRS,n,2.0NRT,297.5,1.92,N,VIIRS_NOAA20_NRT
23.80087,86.32896,306.54,0.43,0.46,2026-10-05,1945,N,VIIRS,n,2.0NRT,291.23,1.92,N,VIIRS_SNPP_NRT
23.8051,86.32956,321.66,0.43,0.46,2026-10-05,1945,N,VIIRS,n,2.0NRT,293.35,1.92,N,VIIRS_SNPP_NRT
20.88473,84.98155,318.92,0.38,0.36,2026-10-05,2004,N20,VIIRS,n,2.0NRT,295.56,1.91,N,VIIRS_NOAA20_NRT
22.24337,87.38899,317.83,0.41,0.37,2026-10-05,2004,N20,VIIRS,n,2.0NRT,295.96,1.91,N,VIIRS_NOAA20_NRT
24.11566,86.86021,315.93,0.39,0.36,2026-10-05,2004,N20,VIIRS,n,2.0NRT,295.41,1.91,N,VIIRS_NOAA20_NRT
20.88407,84.98296,304.1,0.57,0.69,2026-10-05,2046,N21,VIIRS,n,2.0NRT,291.66,1.9,N,VIIRS_NOAA21_NRT
23.00921,70.10409,312.63,0.44,0.38,2026-10-05,2046,N21,VIIRS,n,2.0NRT,296.41,1.9,N,VIIRS_NOAA21_NRT
21.77014,84.01856,312.84,0.4,0.37,2026-10-05,2004,N20,VIIRS,n,2.0NRT,296.01,1.9,N,VIIRS_NOAA20_NRT
23.72434,86.44083,305.63,0.39,0.36,2026-10-05,2004,N20,VIIRS,n,2.0NRT,293.06,1.9,N,VIIRS_NOAA20_NRT
9.97962,76.37564,306.58,0.46,0.47,2026-10-05,2008,N20,VIIRS,n,2.0NRT,291.77,1.9,N,VIIRS_NOAA20_NRT
23.08131,75.48428,339.54,0.33,0.55,2026-10-05,856,N,VIIRS,n,2.0NRT,305.68,1.9,D,VIIRS_SNPP_NRT
23.66513,87.15506,306.92,0.46,0.64,2026-10-05,1906,N21,VIIRS,n,2.0NRT,292.24,1.89,N,VIIRS_NOAA21_NRT
20.5318,85.90757,325.23,0.39,0.36,2026-10-05,2004,N20,VIIRS,n,2.0NRT,296.57,1.89,N,VIIRS_NOAA20_NRT
23.69147,87.09911,311.88,0.39,0.37,2026-10-05,2004,N20,VIIRS,n,2.0NRT,295.74,1.89,N,VIIRS_NOAA20_NRT
23.67774,86.39625,307.37,0.42,0.45,2026-10-05,1945,N,VIIRS,n,2.0NRT,288.73,1.89,N,VIIRS_SNPP_NRT
21.1076,72.63604,317.99,0.38,0.36,2026-10-05,2046,N21,VIIRS,n,2.0NRT,298.78,1.88,N,VIIRS_NOAA21_NRT
21.67812,84.03776,323.77,0.4,0.37,2026-10-05,2004,N20,VIIRS,n,2.0NRT,296.65,1.88,N,VIIRS_NOAA20_NRT
21.68089,84.04213,310.14,0.4,0.37,2026-10-05,2004,N20,VIIRS,n,2.0NRT,295.62,1.88,N,VIIRS_NOAA20_NRT
23.69486,87.1152,311.53,0.4,0.37,2026-10-05,2004,N20,VIIRS,n,2.0NRT,295.78,1.88,N,VIIRS_NOAA20_NRT
21.33811,78.96708,314.16,0.46,0.47,2026-10-05,2046,N21,VIIRS,n,2.0NRT,294.19,1.87,N,VIIRS_NOAA21_NRT
20.95154,86.04798,318.65,0.39,0.36,2026-10-05,2004,N20,VIIRS,n,2.0NRT,297.34,1.87,N,VIIRS_NOAA20_NRT
22.87417,86.06218,312.1,0.43,0.46,2026-10-05,1945,N,VIIRS,n,2.0NRT,291.26,1.87,N,VIIRS_SNPP_NRT
22.93347,69.70113,318.32,0.45,0.39,2026-10-05,2046,N21,VIIRS,n,2.0NRT,297.03,1.86,N,VIIRS_NOAA21_NRT
22.93405,69.69673,314.88,0.45,0.39,2026-10-05,2046,N21,VIIRS,n,2.0NRT,296.17,1.86,N,VIIRS_NOAA21_NRT
20.86642,84.98849,308.72,0.48,0.48,2026-10-05,1945,N,VIIRS,n,2.0NRT,294.28,1.86,N,VIIRS_SNPP_NRT
23.7195,86.44318,304.65,0.42,0.45,2026-10-05,1945,N,VIIRS,n,2.0NRT,291.04,1.86,N,VIIRS_SNPP_NRT
21.95252,73.30225,332.48,0.39,0.36,2026-10-05,820,N21,VIIRS,l,2.0NRT,306.77,1.85,D,VIIRS_NOAA21_NRT
20.8655,84.99357,328.99,0.38,0.36,2026-10-05,2004,N20,VIIRS,n,2.0NRT,296.28,1.85,N,VIIRS_NOAA20_NRT
20.86607,84.98991,312.41,0.38,0.36,2026-10-05,2004,N20,VIIRS,n,2.0NRT,295.8,1.85,N,VIIRS_NOAA20_NRT
20.86937,84.99049,313.33,0.38,0.36,2026-10-05,2004,N20,VIIRS,n,2.0NRT,296.8,1.85,N,VIIRS_NOAA20_NRT
8.92368,77.64126,331.47,0.6,0.53,2026-10-05,852,N,VIIRS,n,2.0NRT,297.74,1.85,D,VIIRS_SNPP_NRT
22.02993,83.36394,303.21,0.42,0.61,2026-10-05,2046,N21,VIIRS,n,2.0NRT,291.9,1.84,N,VIIRS_NOAA21_NRT
22.36098,82.29919,302.51,0.35,0.57,2026-10-05,2046,N21,VIIRS,n,2.0NRT,292.18,1.84,N,VIIRS_NOAA21_NRT
15.92615,78.29282,330.84,0.33,0.55,2026-10-05,733,N20,VIIRS,l,2.0NRT,302.57,1.84,D,VIIRS_NOAA20_NRT
22.32291,82.58784,318.35,0.44,0.38,2026-10-05,2004,N20,VIIRS,n,2.0NRT,295.37,1.84,N,VIIRS_NOAA20_NRT
20.78523,85.26217,306.98,0.46,0.47,2026-10-05,1945,N,VIIRS,n,2.0NRT,294.26,1.84,N,VIIRS_SNPP_NRT
20.96047,85.17388,309.45,0.46,0.47,2026-10-05,1945,N,VIIRS,n,2.0NRT,293.82,1.84,N,VIIRS_SNPP_NRT
20.96486,85.17447,313.38,0.46,0.47,2026-10-05,1945,N,VIIRS,n,2.0NRT,294.25,1.84,N,VIIRS_SNPP_NRT
20.96539,85.16992,312.15,0.46,0.47,2026-10-05,1945,N,VIIRS,n,2.0NRT,294.06,1.84,N,VIIRS_SNPP_NRT
26.64257,79.47656,313.42,0.61,0.71,2026-10-05,1945,N,VIIRS,n,2.0NRT,290.13,1.84,N,VIIRS_SNPP_NRT
23.6938,87.09411,307.58,0.47,0.64,2026-10-05,1906,N21,VIIRS,n,2.0NRT,291.92,1.83,N,VIIRS_NOAA21_NRT
24.68794,73.00314,307.51,0.38,0.36,2026-10-05,2049,N21,VIIRS,n,2.0NRT,296.48,1.83,N,VIIRS_NOAA21_NRT
17.60579,83.20206,317.4,0.39,0.36,2026-10-05,2004,N20,VIIRS,n,2.0NRT,294.08,1.83,N,VIIRS_NOAA20_NRT
20.96783,86.01428,318.22,0.41,0.45,2026-10-05,1945,N,VIIRS,n,2.0NRT,297.16,1.83,N,VIIRS_SNPP_NRT
20.97151,86.01884,307.78,0.41,0.45,2026-10-05,1945,N,VIIRS,n,2.0NRT,295.49,1.83,N,VIIRS_SNPP_NRT
23.48255,87.36452,305.03,0.45,0.63,2026-10-05,1908,N21,VIIRS,n,2.0NRT,292.53,1.82,N,VIIRS_NOAA21_NRT
20.88803,84.98213,312.27,0.38,0.36,2026-10-05,2004,N20,VIIRS,n,2.0NRT,296.26,1.82,N,VIIRS_NOAA20_NRT
23.69289,87.11127,311.75,0.4,0.37,2026-10-05,2004,N20,VIIRS,n,2.0NRT,296.2,1.82,N,VIIRS_NOAA20_NRT
23.79615,86.35394,322.92,0.39,0.36,2026-10-05,2004,N20,VIIRS,n,2.0NRT,292.9,1.82,N,VIIRS_NOAA20_NRT
23.68756,87.09808,307.99,0.47,0.64,2026-10-05,1906,N21,VIIRS,n,2.0NRT,292.11,1.81,N,VIIRS_NOAA21_NRT
22.03199,83.36514,311.28,0.41,0.37,2026-10-05,2004,N20,VIIRS,n,2.0NRT,295.62,1.81,N,VIIRS_NOAA20_NRT
22.57291,85.89533,324.56,0.38,0.36,2026-10-05,2004,N20,VIIRS,n,2.0NRT,295.78,1.81,N,VIIRS_NOAA20_NRT
22.5735,85.89162,313.74,0.38,0.36,2026-10-05,2004,N20,VIIRS,n,2.0NRT,294.52,1.81,N,VIIRS_NOAA20_NRT
18.75774,78.38681,333.06,0.45,0.63,2026-10-05,856,N,VIIRS,n,2.0NRT,300.69,1.81,D,VIIRS_SNPP_NRT
21.76688,84.02112,305.46,0.56,0.52,2026-10-05,1945,N,VIIRS,n,2.0NRT,293.22,1.81,N,VIIRS_SNPP_NRT
21.77167,84.02171,304.65,0.56,0.52,2026-10-05,1945,N,VIIRS,n,2.0NRT,292.76,1.81,N,VIIRS_SNPP_NRT
20.86539,84.99747,304.64,0.47,0.48,2026-10-05,1945,N,VIIRS,n,2.0NRT,293.43,1.8,N,VIIRS_SNPP_NRT
20.8659,84.99295,308.86,0.48,0.48,2026-10-05,1945,N,VIIRS,n,2.0NRT,294.0,1.8,N,VIIRS_SNPP_NRT
23.7811,86.39262,311.03,0.42,0.46,2026-10-05,1945,N,VIIRS,n,2.0NRT,291.88,1.8,N,VIIRS_SNPP_NRT
23.7816,86.38845,312.84,0.42,0.46,2026-10-05,1945,N,VIIRS,n,2.0NRT,290.69,1.8,N,VIIRS_SNPP_NRT
23.68766,87.12214,327.91,0.4,0.37,2026-10-05,2004,N20,VIIRS,n,2.0NRT,296.96,1.79,N,VIIRS_NOAA20_NRT
23.69099,87.12279,310.66,0.4,0.37,2026-10-05,2004,N20,VIIRS,n,2.0NRT,295.83,1.79,N,VIIRS_NOAA20_NRT
23.69142,87.12156,319.47,0.38,0.44,2026-10-05,1945,N,VIIRS,n,2.0NRT,295.49,1.79,N,VIIRS_SNPP_NRT
23.69474,87.09505,308.51,0.39,0.44,2026-10-05,1945,N,VIIRS,n,2.0NRT,294.89,1.79,N,VIIRS_SNPP_NRT
23.69544,87.12215,309.31,0.38,0.44,2026-10-05,1945,N,VIIRS,n,2.0NRT,295.25,1.79,N,VIIRS_SNPP_NRT
20.86582,84.99726,303.08,0.57,0.69,2026-10-05,2046,N21,VIIRS,n,2.0NRT,291.63,1.78,N,VIIRS_NOAA21_NRT
20.86713,84.99174,304.25,0.57,0.69,2026-10-05,2046,N21,VIIRS,n,2.0NRT,291.57,1.78,N,VIIRS_NOAA21_NRT
23.04224,68.97955,336.9,0.34,0.56,2026-10-05,915,N20,VIIRS,n,2.0NRT,297.72,1.78,D,VIIRS_NOAA20_NRT
21.37562,81.68096,309.12,0.47,0.4,2026-10-05,2004,N20,VIIRS,n,2.0NRT,295.78,1.78,N,VIIRS_NOAA20_NRT
23.61632,86.79015,308.93,0.39,0.36,2026-10-05,2004,N20,VIIRS,n,2.0NRT,293.92,1.78,N,VIIRS_NOAA20_NRT
9.80655,78.28014,332.83,0.34,0.56,2026-10-05,852,N,VIIRS,n,2.0NRT,294.16,1.78,D,VIIRS_SNPP_NRT
22.33292,82.60545,307.07,0.35,0.57,2026-10-05,1945,N,VIIRS,n,2.0NRT,292.53,1.78,N,VIIRS_SNPP_NRT
22.36462,87.30322,315.94,0.54,0.42,2026-10-05,1945,N,VIIRS,n,2.0NRT,295.38,1.78,N,VIIRS_SNPP_NRT
22.36853,87.30381,316.94,0.54,0.42,2026-10-05,1945,N,VIIRS,n,2.0NRT,295.22,1.78,N,VIIRS_SNPP_NRT
22.56371,75.11301,335.82,0.43,0.38,2026-10-05,820,N21,VIIRS,l,2.0NRT,310.01,1.77,D,VIIRS_NOAA21_NRT
22.35915,87.28978,316.34,0.41,0.37,2026-10-05,2004,N20,VIIRS,n,2.0NRT,297.1,1.77,N,VIIRS_NOAA20_NRT
21.67192,82.07947,311.81,0.37,0.58,2026-10-05,1945,N,VIIRS,n,2.0NRT,293.52,1.77,N,VIIRS_SNPP_NRT
22.41467,69.03767,312.67,0.42,0.38,2026-10-05,2125,N,VIIRS,n,2.0NRT,296.08,1.77,N,VIIRS_SNPP_NRT
23.55182,87.24538,312.88,0.45,0.63,2026-10-05,1906,N21,VIIRS,n,2.0NRT,293.17,1.76,N,VIIRS_NOAA21_NRT
23.55219,87.24092,306.37,0.45,0.63,2026-10-05,1906,N21,VIIRS,n,2.0NRT,292.58,1.76,N,VIIRS_NOAA21_NRT
23.55799,87.24149,308.05,0.45,0.63,2026-10-05,1906,N21,VIIRS,n,2.0NRT,291.86,1.76,N,VIIRS_NOAA21_NRT
21.75068,83.97182,304.75,0.47,0.64,2026-10-05,2046,N21,VIIRS,n,2.0NRT,291.57,1.76,N,VIIRS_NOAA21_NRT
20.96516,85.18349,318.1,0.38,0.36,2026-10-05,2004,N20,VIIRS,n,2.0NRT,296.01,1.76,N,VIIRS_NOAA20_NRT
20.96574,85.17983,322.95,0.38,0.36,2026-10-05,2004,N20,VIIRS,n,2.0NRT,296.56,1.76,N,VIIRS_NOAA20_NRT
23.48391,87.36245,304.76,0.45,0.63,2026-10-05,1906,N21,VIIRS,n,2.0NRT,292.67,1.75,N,VIIRS_NOAA21_NRT
28.47959,77.46022,331.91,0.42,0.45,2026-10-05,737,N20,VIIRS,n,2.0NRT,301.07,1.75,D,VIIRS_NOAA20_NRT
20.75967,85.29824,322.28,0.38,0.36,2026-10-05,2004,N20,VIIRS,n,2.0NRT,296.49,1.75,N,VIIRS_NOAA20_NRT
20.76025,85.29459,311.0,0.38,0.36,2026-10-05,2004,N20,VIIRS,n,2.0NRT,295.28,1.75,N,VIIRS_NOAA20_NRT
21.25196,79.2076,311.27,0.43,0.46,2026-10-05,2004,N20,VIIRS,n,2.0NRT,294.94,1.75,N,VIIRS_NOAA20_NRT
17.46367,80.65499,310.91,0.48,0.4,2026-10-05,2006,N20,VIIRS,n,2.0NRT,294.46,1.75,N,VIIRS_NOAA20_NRT
22.05141,88.10159,317.29,0.38,0.59,2026-10-05,1908,N21,VIIRS,n,2.0NRT,294.81,1.74,N,VIIRS_NOAA21_NRT
18.69007,73.0432,312.53,0.39,0.37,2026-10-05,2049,N21,VIIRS,n,2.0NRT,295.9,1.74,N,VIIRS_NOAA21_NRT
22.20752,84.85285,303.58,0.52,0.67,2026-10-05,2049,N21,VIIRS,n,2.0NRT,290.85,1.74,N,VIIRS_NOAA21_NRT
20.96534,85.16093,310.72,0.38,0.36,2026-10-05,2004,N20,VIIRS,n,2.0NRT,295.97,1.74,N,VIIRS_NOAA20_NRT
17.14053,77.17505,304.99,0.51,0.49,2026-10-05,2006,N20,VIIRS,n,2.0NRT,294.59,1.74,N,VIIRS_NOAA20_NRT
22.3608,87.01679,308.12,0.56,0.43,2026-10-05,1945,N,VIIRS,n,2.0NRT,293.51,1.74,N,VIIRS_SNPP_NRT
22.36478,87.0174,311.24,0.56,0.43,2026-10-05,1945,N,VIIRS,n,2.0NRT,293.74,1.74,N,VIIRS_SNPP_NRT
22.36113,87.01662,307.11,0.46,0.63,2026-10-05,1908,N21,VIIRS,n,2.0NRT,291.44,1.73,N,VIIRS_NOAA21_NRT
22.36693,87.01727,312.22,0.46,0.63,2026-10-05,1908,N21,VIIRS,n,2.0NRT,291.24,1.73,N,VIIRS_NOAA21_NRT
22.80063,86.09005,332.76,0.39,0.36,2026-10-05,2004,N20,VIIRS,n,2.0NRT,293.54,1.73,N,VIIRS_NOAA20_NRT
22.80393,86.09067,305.32,0.39,0.36,2026-10-05,2004,N20,VIIRS,n,2.0NRT,292.34,1.73,N,VIIRS_NOAA20_NRT
23.56409,87.08427,315.49,0.38,0.44,2026-10-05,1945,N,VIIRS,n,2.0NRT,294.64,1.73,N,VIIRS_SNPP_NRT
15.17958,76.65706,301.14,0.51,0.66,2026-10-05,2125,N,VIIRS,n,2.0NRT,285.41,1.73,N,VIIRS_SNPP_NRT
23.13554,76.00504,331.5,0.33,0.55,2026-10-05,735,N20,VIIRS,l,2.0NRT,306.23,1.72,D,VIIRS_NOAA20_NRT
23.80615,86.32747,305.71,0.43,0.46,2026-10-05,1945,N,VIIRS,n,2.0NRT,291.88,1.72,N,VIIRS_SNPP_NRT
20.9665,85.1536,311.13,0.38,0.36,2026-10-05,2004,N20,VIIRS,n,2.0NRT,295.61,1.71,N,VIIRS_NOAA20_NRT
21.74903,83.815,311.53,0.4,0.37,2026-10-05,2004,N20,VIIRS,n,2.0NRT,295.35,1.71,N,VIIRS_NOAA20_NRT
21.24459,79.22251,306.64,0.56,0.69,2026-10-05,1945,N,VIIRS,n,2.0NRT,292.59,1.71,N,VIIRS_SNPP_NRT
23.64569,85.43752,304.33,0.38,0.36,2026-10-05,2004,N20,VIIRS,n,2.0NRT,294.02,1.7,N,VIIRS_NOAA20_NRT
23.64898,85.43814,330.89,0.38,0.36,2026-10-05,2004,N20,VIIRS,n,2.0NRT,296.2,1.7,N,VIIRS_NOAA20_NRT
23.64956,85.43439,319.68,0.38,0.36,2026-10-05,2004,N20,VIIRS,n,2.0NRT,294.49,1.7,N,VIIRS_NOAA20_NRT
20.95758,85.01336,310.92,0.38,0.36,2026-10-05,2004,N20,VIIRS,n,2.0NRT,296.45,1.69,N,VIIRS_NOAA20_NRT
23.7574,86.40457,321.08,0.39,0.36,2026-10-05,2004,N20,VIIRS,n,2.0NRT,292.8,1.69,N,VIIRS_NOAA20_NRT
23.75801,86.40081,306.63,0.39,0.36,2026-10-05,2004,N20,VIIRS,n,2.0NRT,292.43,1.69,N,VIIRS_NOAA20_NRT
23.76131,86.40144,323.23,0.39,0.36,2026-10-05,2004,N20,VIIRS,n,2.0NRT,293.59,1.69,N,VIIRS_NOAA20_NRT
23.78028,86.34707,310.77,0.39,0.36,2026-10-05,2004,N20,VIIRS,n,2.0NRT,293.11,1.69,N,VIIRS_NOAA20_NRT
23.18369,76.10834,331.81,0.33,0.55,2026-10-05,735,N20,VIIRS,l,2.0NRT,306.51,1.68,D,VIIRS_NOAA20_NRT
26.64337,79.47724,314.1,0.48,0.48,2026-10-05,2002,N20,VIIRS,n,2.0NRT,293.25,1.68,N,VIIRS_NOAA20_NRT
22.79634,86.20058,311.89,0.39,0.36,2026-10-05,2004,N20,VIIRS,n,2.0NRT,293.08,1.68,N,VIIRS_NOAA20_NRT
21.43762,72.97737,321.29,0.45,0.47,2026-10-05,2125,N,VIIRS,n,2.0NRT,294.46,1.68,N,VIIRS_SNPP_NRT
17.95843,80.79804,310.09,0.48,0.4,2026-10-05,2004,N20,VIIRS,n,2.0NRT,296.25,1.67,N,VIIRS_NOAA20_NRT
21.07564,85.04126,312.86,0.38,0.36,2026-10-05,2004,N20,VIIRS,n,2.0NRT,294.6,1.67,N,VIIRS_NOAA20_NRT
21.07894,85.04185,315.27,0.38,0.36,2026-10-05,2004,N20,VIIRS,n,2.0NRT,295.29,1.67,N,VIIRS_NOAA20_NRT
20.97928,85.13705,307.83,0.38,0.36,2026-10-05,2004,N20,VIIRS,n,2.0NRT,296.31,1.66,N,VIIRS_NOAA20_NRT
22.78974,86.19933,315.02,0.39,0.36,2026-10-05,2004,N20,VIIRS,n,2.0NRT,294.42,1.66,N,VIIRS_NOAA20_NRT
22.79304,86.19996,307.31,0.39,0.36,2026-10-05,2004,N20,VIIRS,n,2.0NRT,292.72,1.66,N,VIIRS_NOAA20_NRT
23.66589,84.99764,314.57,0.39,0.36,2026-10-05,2004,N20,VIIRS,n,2.0NRT,293.0,1.66,N,VIIRS_NOAA20_NRT
22.3237,82.59032,315.14,0.35,0.57,2026-10-05,1945,N,VIIRS,n,2.0NRT,292.98,1.66,N,VIIRS_SNPP_NRT
23.68665,86.39331,307.33,0.42,0.45,2026-10-05,1945,N,VIIRS,n,2.0NRT,287.04,1.66,N,VIIRS_SNPP_NRT
26.879,73.51408,305.35,0.39,0.44,2026-10-05,2125,N,VIIRS,n,2.0NRT,294.87,1.66,N,VIIRS_SNPP_NRT
17.36977,77.44598,306.56,0.43,0.46,2026-10-05,2049,N21,VIIRS,n,2.0NRT,294.85,1.65,N,VIIRS_NOAA21_NRT
25.12746,76.14783,330.52,0.38,0.59,2026-10-05,858,N,VIIRS,l,2.0NRT,304.43,1.65,D,VIIRS_SNPP_NRT
22.78992,86.1975,317.46,0.42,0.45,2026-10-05,1945,N,VIIRS,n,2.0NRT,292.66,1.65,N,VIIRS_SNPP_NRT
22.79413,86.1981,308.61,0.42,0.45,2026-10-05,1945,N,VIIRS,n,2.0NRT,291.49,1.65,N,VIIRS_SNPP_NRT
23.82655,85.49753,309.38,0.38,0.36,2026-10-05,2004,N20,VIIRS,n,2.0NRT,295.73,1.64,N,VIIRS_NOAA20_NRT
23.74119,85.01158,304.52,0.51,0.5,2026-10-05,1945,N,VIIRS,n,2.0NRT,291.52,1.64,N,VIIRS_SNPP_NRT
22.01683,83.75261,313.03,0.4,0.37,2026-10-05,2004,N20,VIIRS,n,2.0NRT,296.14,1.63,N,VIIRS_NOAA20_NRT
22.06679,83.70483,318.08,0.4,0.37,2026-10-05,2004,N20,VIIRS,n,2.0NRT,294.38,1.63,N,VIIRS_NOAA20_NRT
23.68163,86.09364,306.44,0.38,0.36,2026-10-05,2004,N20,VIIRS,n,2.0NRT,292.97,1.63,N,VIIRS_NOAA20_NRT
23.83781,85.46877,312.2,0.39,0.36,2026-10-05,2004,N20,VIIRS,n,2.0NRT,297.08,1.63,N,VIIRS_NOAA20_NRT
22.36072,87.01681,307.36,0.46,0.63,2026-10-05,1908,N21,VIIRS,n,2.0NRT,291.14,1.62,N,VIIRS_NOAA21_NRT
22.36652,87.01743,312.7,0.46,0.63,2026-10-05,1908,N21,VIIRS,n,2.0NRT,291.17,1.62,N,VIIRS_NOAA21_NRT
21.76459,84.01778,306.58,0.47,0.64,2026-10-05,2046,N21,VIIRS,n,2.0NRT,292.23,1.62,N,VIIRS_NOAA21_NRT
21.77031,84.01934,307.06,0.47,0.64,2026-10-05,2046,N21,VIIRS,n,2.0NRT,292.14,1.62,N,VIIRS_NOAA21_NRT
20.78756,85.26922,303.92,0.59,0.7,2026-10-05,2046,N21,VIIRS,n,2.0NRT,289.79,1.61,N,VIIRS_NOAA21_NRT
21.33727,78.9714,305.81,0.46,0.47,2026-10-05,2046,N21,VIIRS,n,2.0NRT,294.15,1.61,N,VIIRS_NOAA21_NRT
21.98436,83.23412,304.23,0.41,0.61,2026-10-05,2046,N21,VIIRS,n,2.0NRT,292.53,1.61,N,VIIRS_NOAA21_NRT
19.10361,82.16729,308.82,0.43,0.38,2026-10-05,2004,N20,VIIRS,n,2.0NRT,295.14,1.61,N,VIIRS_NOAA20_NRT
22.21178,84.86372,306.36,0.39,0.36,2026-10-05,2004,N20,VIIRS,n,2.0NRT,294.94,1.61,N,VIIRS_NOAA20_NRT
21.87307,83.49499,304.47,0.43,0.62,2026-10-05,2046,N21,VIIRS,n,2.0NRT,291.9,1.6,N,VIIRS_NOAA21_NRT
24.14551,82.65662,307.78,0.34,0.56,2026-10-05,2049,N21,VIIRS,n,2.0NRT,288.3,1.6,N,VIIRS_NOAA21_NRT
22.87312,86.06145,312.24,0.39,0.36,2026-10-05,2004,N20,VIIRS,n,2.0NRT,292.82,1.6,N,VIIRS_NOAA20_NRT
23.66248,87.15675,314.24,0.57,0.43,2026-10-05,1945,N,VIIRS,n,2.0NRT,294.02,1.6,N,VIIRS_SNPP_NRT
23.66649,87.15736,309.98,0.57,0.43,2026-10-05,1945,N,VIIRS,n,2.0NRT,295.02,1.6,N,VIIRS_SNPP_NRT
23.6755,86.40079,302.31,0.52,0.67,2026-10-05,1906,N21,VIIRS,n,2.0NRT,288.57,1.59,N,VIIRS_NOAA21_NRT
23.67591,86.39574,303.51,0.52,0.67,2026-10-05,1906,N21,VIIRS,n,2.0NRT,288.74,1.59,N,VIIRS_NOAA21_NRT
21.76862,76.37214,331.72,0.36,0.58,2026-10-05,856,N,VIIRS,l,2.0NRT,303.85,1.59,D,VIIRS_SNPP_NRT
21.19189,81.41512,313.53,0.41,0.6,2026-10-05,1945,N,VIIRS,n,2.0NRT,292.24,1.58,N,VIIRS_SNPP_NRT
20.86828,70.56557,311.3,0.41,0.37,2026-10-05,2046,N21,VIIRS,n,2.0NRT,297.22,1.57,N,VIIRS_NOAA21_NRT
18.72385,79.53751,307.23,0.57,0.43,2026-10-05,2004,N20,VIIRS,n,2.0NRT,295.7,1.57,N,VIIRS_NOAA20_NRT
21.87708,83.49383,308.65,0.41,0.37,2026-10-05,2004,N20,VIIRS,n,2.0NRT,294.55,1.57,N,VIIRS_NOAA20_NRT
15.22736,76.7613,307.22,0.51,0.49,2026-10-05,2006,N20,VIIRS,n,2.0NRT,289.28,1.57,N,VIIRS_NOAA20_NRT
8.88136,78.15096,336.4,0.32,0.55,2026-10-05,852,N,VIIRS,n,2.0NRT,295.76,1.57,D,VIIRS_SNPP_NRT
26.87363,73.51814,307.96,0.38,0.36,2026-10-05,2046,N21,VIIRS,n,2.0NRT,295.88,1.56,N,VIIRS_NOAA21_NRT
23.66825,86.93467,303.3,0.65,0.73,2026-10-05,2049,N21,VIIRS,n,2.0NRT,289.13,1.56,N,VIIRS_NOAA21_NRT
22.37799,87.28137,323.18,0.41,0.37,2026-10-05,2004,N20,VIIRS,n,2.0NRT,298.67,1.56,N,VIIRS_NOAA20_NRT
22.3807,87.28593,307.92,0.41,0.37,2026-10-05,2004,N20,VIIRS,n,2.0NRT,295.43,1.56,N,VIIRS_NOAA20_NRT
23.74838,86.41832,308.84,0.39,0.36,2026-10-05,2004,N20,VIIRS,n,2.0NRT,292.71,1.56,N,VIIRS_NOAA20_NRT
23.75229,86.41519,318.43,0.39,0.36,2026-10-05,2004,N20,VIIRS,n,2.0NRT,292.95,1.56,N,VIIRS_NOAA20_NRT
23.76582,86.39456,311.96,0.39,0.36,2026-10-05,2004,N20,VIIRS,n,2.0NRT,294.85,1.56,N,VIIRS_NOAA20_NRT
23.7685,86.39895,308.25,0.39,0.36,2026-10-05,2004,N20,VIIRS,n,2.0NRT,294.14,1.56,N,VIIRS_NOAA20_NRT
21.82277,83.99603,304.16,0.56,0.52,2026-10-05,1945,N,VIIRS,n,2.0NRT,292.92,1.56,N,VIIRS_SNPP_NRT
21.10052,72.63682,324.09,0.44,0.46,2026-10-05,2125,N,VIIRS,n,2.0NRT,296.04,1.56,N,VIIRS_SNPP_NRT
23.73874,86.43584,309.43,0.39,0.36,2026-10-05,2004,N20,VIIRS,n,2.0NRT,293.4,1.55,N,VIIRS_NOAA20_NRT
20.75925,85.29455,308.86,0.45,0.47,2026-10-05,1945,N,VIIRS,n,2.0NRT,294.21,1.55,N,VIIRS_SNPP_NRT
20.75978,85.29008,305.93,0.45,0.47,2026-10-05,1945,N,VIIRS,n,2.0NRT,294.02,1.55,N,VIIRS_SNPP_NRT
23.7756,85.99703,305.22,0.45,0.47,2026-10-05,1945,N,VIIRS,n,2.0NRT,291.94,1.55,N,VIIRS_SNPP_NRT
13.16149,80.28535,303.55,0.4,0.6,2026-10-05,2049,N21,VIIRS,n,2.0NRT,278.45,1.53,N,VIIRS_NOAA21_NRT
23.66407,86.91243,307.36,0.39,0.36,2026-10-05,2004,N20,VIIRS,n,2.0NRT,294.08,1.53,N,VIIRS_NOAA20_NRT
23.73606,86.43146,318.16,0.39,0.36,2026-10-05,2004,N20,VIIRS,n,2.0NRT,293.44,1.53,N,VIIRS_NOAA20_NRT
23.73667,86.4277,307.44,0.39,0.36,2026-10-05,2004,N20,VIIRS,n,2.0NRT,292.39,1.53,N,VIIRS_NOAA20_NRT
23.7995,86.31208,307.85,0.39,0.36,2026-10-05,2004,N20,VIIRS,n,2.0NRT,292.72,1.53,N,VIIRS_NOAA20_NRT
23.8014,86.33113,313.97,0.43,0.46,2026-10-05,1945,N,VIIRS,n,2.0NRT,291.65,1.53,N,VIIRS_SNPP_NRT
15.0223,78.01602,297.78,0.52,0.5,2026-10-05,2049,N21,VIIRS,n,2.0NRT,275.59,1.52,N,VIIRS_NOAA21_NRT
21.00166,76.84964,330.92,0.32,0.55,2026-10-05,735,N20,VIIRS,l,2.0NRT,304.71,1.52,D,VIIRS_NOAA20_NRT
21.76183,83.84472,314.01,0.4,0.37,2026-10-05,2004,N20,VIIRS,n,2.0NRT,295.38,1.52,N,VIIRS_NOAA20_NRT
23.16525,82.33932,320.2,0.46,0.39,2026-10-05,2004,N20,VIIRS,n,2.0NRT,294.75,1.52,N,VIIRS_NOAA20_NRT
23.16585,82.33487,305.58,0.46,0.39,2026-10-05,2004,N20,VIIRS,n,2.0NRT,293.21,1.52,N,VIIRS_NOAA20_NRT
22.83461,75.94742,335.53,0.46,0.39,2026-10-05,820,N21,VIIRS,n,2.0NRT,307.44,1.51,D,VIIRS_NOAA21_NRT
26.2979,74.12503,310.03,0.38,0.36,2026-10-05,2049,N21,VIIRS,n,2.0NRT,297.7,1.51,N,VIIRS_NOAA21_NRT
20.5235,85.72252,311.0,0.42,0.45,2026-10-05,1945,N,VIIRS,n,2.0NRT,294.17,1.51,N,VIIRS_SNPP_NRT
23.68568,87.12054,306.69,0.46,0.64,2026-10-05,1906,N21,VIIRS,n,2.0NRT,292.13,1.5,N,VIIRS_NOAA21_NRT
21.4859,81.77072,309.58,0.34,0.56,2026-10-05,2046,N21,VIIRS,n,2.0NRT,293.44,1.5,N,VIIRS_NOAA21_NRT
20.91159,71.45676,309.12,0.49,0.65,2026-10-05,2144,N20,VIIRS,n,2.0NRT,294.78,1.5,N,VIIRS_NOAA20_NRT
24.13414,82.69808,299.04,0.34,0.56,2026-10-05,2049,N21,VIIRS,n,2.0NRT,284.54,1.49,N,VIIRS_NOAA21_NRT
21.87457,83.4952,303.84,0.61,0.53,2026-10-05,1945,N,VIIRS,n,2.0NRT,292.3,1.49,N,VIIRS_SNPP_NRT
22.10659,83.1256,306.56,0.41,0.6,2026-10-05,2046,N21,VIIRS,n,2.0NRT,291.97,1.48,N,VIIRS_NOAA21_NRT
22.87082,75.76677,330.47,0.35,0.57,2026-10-05,735,N20,VIIRS,l,2.0NRT,304.34,1.48,D,VIIRS_NOAA20_NRT
17.60913,83.20262,310.64,0.39,0.36,2026-10-05,2004,N20,VIIRS,n,2.0NRT,293.14,1.48,N,VIIRS_NOAA20_NRT
17.61246,83.20317,319.94,0.39,0.36,2026-10-05,2004,N20,VIIRS,n,2.0NRT,293.41,1.48,N,VIIRS_NOAA20_NRT
21.91865,83.35121,309.2,0.41,0.37,2026-10-05,2004,N20,VIIRS,n,2.0NRT,295.23,1.48,N,VIIRS_NOAA20_NRT
21.37548,81.6413,307.45,0.39,0.6,2026-10-05,1945,N,VIIRS,n,2.0NRT,293.12,1.48,N,VIIRS_SNPP_NRT
23.6642,85.00018,307.6,0.51,0.5,2026-10-05,1945,N,VIIRS,n,2.0NRT,291.29,1.48,N,VIIRS_SNPP_NRT
21.37603,81.64301,300.81,0.78,0.78,2026-10-05,2123,N,VIIRS,n,2.0NRT,288.54,1.48,N,VIIRS_SNPP_NRT
26.92515,73.46871,307.91,0.39,0.36,2026-10-05,2046,N21,VIIRS,n,2.0NRT,295.77,1.47,N,VIIRS_NOAA21_NRT
21.34786,81.66499,308.19,0.47,0.4,2026-10-05,2004,N20,VIIRS,n,2.0NRT,295.67,1.47,N,VIIRS_NOAA20_NRT
21.10494,72.6334,305.26,0.58,0.7,2026-10-05,2144,N20,VIIRS,n,2.0NRT,293.35,1.47,N,VIIRS_NOAA20_NRT
20.97102,86.02283,305.94,0.41,0.45,2026-10-05,1945,N,VIIRS,n,2.0NRT,295.24,1.47,N,VIIRS_SNPP_NRT
18.4391,76.53622,305.64,0.55,0.43,2026-10-05,2049,N21,VIIRS,n,2.0NRT,289.68,1.46,N,VIIRS_NOAA21_NRT
23.77563,85.99535,306.28,0.38,0.36,2026-10-05,2004,N20,VIIRS,n,2.0NRT,292.48,1.46,N,VIIRS_NOAA20_NRT
20.79881,85.25964,308.71,0.46,0.47,2026-10-05,1945,N,VIIRS,n,2.0NRT,293.5,1.46,N,VIIRS_SNPP_NRT
20.96347,86.0502,307.56,0.41,0.45,2026-10-05,1945,N,VIIRS,n,2.0NRT,295.97,1.46,N,VIIRS_SNPP_NRT
23.80563,86.33173,311.71,0.43,0.46,2026-10-05,1945,N,VIIRS,n,2.0NRT,292.55,1.46,N,VIIRS_SNPP_NRT
23.61133,87.1468,307.18,0.4,0.37,2026-10-05,2004,N20,VIIRS,n,2.0NRT,296.29,1.45,N,VIIRS_NOAA20_NRT
23.73484,86.43896,308.1,0.39,0.36,2026-10-05,2004,N20,VIIRS,n,2.0NRT,295.32,1.45,N,VIIRS_NOAA20_NRT
23.73545,86.43521,309.92,0.39,0.36,2026-10-05,2004,N20,VIIRS,n,2.0NRT,293.71,1.45,N,VIIRS_NOAA20_NRT
22.32077,82.56543,309.56,0.35,0.57,2026-10-05,1945,N,VIIRS,n,2.0NRT,294.58,1.45,N,VIIRS_SNPP_NRT
23.75614,85.85098,304.86,0.46,0.47,2026-10-05,1945,N,VIIRS,n,2.0NRT,291.79,1.45,N,VIIRS_SNPP_NRT
18.68245,73.03605,308.59,0.51,0.49,2026-10-05,2125,N,VIIRS,n,2.0NRT,294.59,1.45,N,VIIRS_SNPP_NRT
18.68339,73.03123,306.26,0.51,0.49,2026-10-05,2125,N,VIIRS,n,2.0NRT,293.66,1.45,N,VIIRS_SNPP_NRT
21.37663,81.64328,305.55,0.34,0.56,2026-10-05,2046,N21,VIIRS,n,2.0NRT,293.24,1.44,N,VIIRS_NOAA21_NRT
21.86192,76.53378,331.18,0.33,0.55,2026-10-05,735,N20,VIIRS,l,2.0NRT,305.89,1.44,D,VIIRS_NOAA20_NRT
19.92956,79.12154,305.11,0.42,0.45,2026-10-05,2004,N20,VIIRS,n,2.0NRT,294.65,1.44,N,VIIRS_NOAA20_NRT
20.96018,85.18836,302.4,0.58,0.7,2026-10-05,1908,N21,VIIRS,n,2.0NRT,289.8,1.43,N,VIIRS_NOAA21_NRT
21.87483,83.49573,309.89,0.43,0.62,2026-10-05,2046,N21,VIIRS,n,2.0NRT,292.24,1.43,N,VIIRS_NOAA21_NRT
25.03748,87.38783,309.56,0.39,0.36,2026-10-05,2002,N20,VIIRS,n,2.0NRT,293.89,1.43,N,VIIRS_NOAA20_NRT
20.96748,85.16885,314.55,0.38,0.36,2026-10-05,2004,N20,VIIRS,n,2.0NRT,296.1,1.43,N,VIIRS_NOAA20_NRT
20.96806,85.16518,312.32,0.38,0.36,2026-10-05,2004,N20,VIIRS,n,2.0NRT,295.75,1.43,N,VIIRS_NOAA20_NRT
21.48667,81.76982,315.6,0.47,0.4,2026-10-05,2004,N20,VIIRS,n,2.0NRT,296.22,1.43,N,VIIRS_NOAA20_NRT
21.79416,83.88171,315.31,0.4,0.37,2026-10-05,2004,N20,VIIRS,n,2.0NRT,294.68,1.43,N,VIIRS_NOAA20_NRT
22.20905,84.85942,309.63,0.39,0.36,2026-10-05,2004,N20,VIIRS,n,2.0NRT,294.4,1.43,N,VIIRS_NOAA20_NRT
16.55782,80.65046,310.82,0.47,0.4,2026-10-05,2006,N20,VIIRS,n,2.0NRT,293.77,1.43,N,VIIRS_NOAA20_NRT
25.41591,86.02852,331.98,0.4,0.37,2026-10-05,735,N20,VIIRS,n,2.0NRT,301.91,1.42,D,VIIRS_NOAA20_NRT
19.72441,79.17515,306.69,0.41,0.45,2026-10-05,2004,N20,VIIRS,n,2.0NRT,295.8,1.42,N,VIIRS_NOAA20_NRT
21.79752,83.88229,309.33,0.4,0.37,2026-10-05,2004,N20,VIIRS,n,2.0NRT,295.18,1.42,N,VIIRS_NOAA20_NRT
22.26446,75.13212,307.19,0.4,0.6,2026-10-05,2004,N20,VIIRS,n,2.0NRT,295.67,1.42,N,VIIRS_NOAA20_NRT
23.75497,86.41958,316.25,0.39,0.36,2026-10-05,2004,N20,VIIRS,n,2.0NRT,292.03,1.42,N,VIIRS_NOAA20_NRT
24.76392,74.60424,309.24,0.46,0.64,2026-10-05,2004,N20,VIIRS,n,2.0NRT,295.57,1.42,N,VIIRS_NOAA20_NRT
17.51231,78.43385,313.82,0.43,0.46,2026-10-05,2006,N20,VIIRS,n,2.0NRT,292.96,1.42,N,VIIRS_NOAA20_NRT
21.75671,84.02541,309.18,0.56,0.52,2026-10-05,1945,N,VIIRS,n,2.0NRT,293.38,1.42,N,VIIRS_SNPP_NRT
21.48657,81.76752,304.01,0.34,0.56,2026-10-05,2046,N21,VIIRS,n,2.0NRT,292.99,1.41,N,VIIRS_NOAA21_NRT
22.60809,85.91153,301.75,0.59,0.7,2026-10-05,2049,N21,VIIRS,n,2.0NRT,288.6,1.41,N,VIIRS_NOAA21_NRT
21.55938,81.75356,306.0,0.47,0.4,2026-10-05,2004,N20,VIIRS,n,2.0NRT,294.91,1.41,N,VIIRS_NOAA20_NRT
23.64858,85.43362,305.45,0.48,0.48,2026-10-05,1945,N,VIIRS,n,2.0NRT,291.72,1.41,N,VIIRS_SNPP_NRT
23.58261,86.72507,313.54,0.39,0.36,2026-10-05,2004,N20,VIIRS,n,2.0NRT,294.1,1.4,N,VIIRS_NOAA20_NRT
23.68306,87.12916,312.45,0.4,0.37,2026-10-05,2004,N20,VIIRS,n,2.0NRT,295.76,1.4,N,VIIRS_NOAA20_NRT
23.68243,87.12794,306.08,0.38,0.43,2026-10-05,1945,N,VIIRS,n,2.0NRT,294.09,1.4,N,VIIRS_SNPP_NRT
21.15082,72.74053,307.96,0.44,0.46,2026-10-05,2125,N,VIIRS,n,2.0NRT,295.04,1.4,N,VIIRS_SNPP_NRT
20.80734,85.25412,306.84,0.38,0.36,2026-10-05,2004,N20,VIIRS,n,2.0NRT,295.27,1.39,N,VIIRS_NOAA20_NRT
21.73218,82.21468,308.86,0.45,0.39,2026-10-05,2004,N20,VIIRS,n,2.0NRT,295.71,1.39,N,VIIRS_NOAA20_NRT
21.73458,83.98117,309.0,0.4,0.37,2026-10-05,2004,N20,VIIRS,n,2.0NRT,295.83,1.39,N,VIIRS_NOAA20_NRT
23.77356,86.19908,306.45,0.38,0.36,2026-10-05,2004,N20,VIIRS,n,2.0NRT,292.4,1.39,N,VIIRS_NOAA20_NRT
23.77415,86.19534,317.12,0.38,0.36,2026-10-05,2004,N20,VIIRS,n,2.0NRT,292.9,1.39,N,VIIRS_NOAA20_NRT
23.77752,86.38519,305.37,0.39,0.36,2026-10-05,2004,N20,VIIRS,n,2.0NRT,292.2,1.39,N,VIIRS_NOAA20_NRT
24.19958,82.71284,306.73,0.45,0.39,2026-10-05,2004,N20,VIIRS,n,2.0NRT,290.83,1.39,N,VIIRS_NOAA20_NRT
24.20377,82.70891,313.91,0.45,0.39,2026-10-05,2004,N20,VIIRS,n,2.0NRT,291.68,1.39,N,VIIRS_NOAA20_NRT
22.00436,82.66678,305.65,0.34,0.56,2026-10-05,1945,N,VIIRS,n,2.0NRT,292.6,1.39,N,VIIRS_SNPP_NRT
23.51153,72.41315,318.05,0.39,0.36,2026-10-05,2046,N21,VIIRS,n,2.0NRT,296.95,1.38,N,VIIRS_NOAA21_NRT
18.71837,79.53492,306.82,0.56,0.51,2026-10-05,2049,N21,VIIRS,n,2.0NRT,295.15,1.38,N,VIIRS_NOAA21_NRT
18.72301,79.53586,307.03,0.56,0.51,2026-10-05,2049,N21,VIIRS,n,2.0NRT,294.94,1.38,N,VIIRS_NOAA21_NRT
20.96214,86.00406,306.05,0.39,0.36,2026-10-05,2004,N20,VIIRS,n,2.0NRT,294.72,1.38,N,VIIRS_NOAA20_NRT
20.96485,86.00839,314.49,0.39,0.36,2026-10-05,2004,N20,VIIRS,n,2.0NRT,297.33,1.38,N,VIIRS_NOAA20_NRT
20.96545,86.00468,326.4,0.39,0.36,2026-10-05,2004,N20,VIIRS,n,2.0NRT,296.25,1.38,N,VIIRS_NOAA20_NRT
23.61301,86.78834,308.4,0.4,0.44,2026-10-05,1945,N,VIIRS,n,2.0NRT,293.38,1.38,N,VIIRS_SNPP_NRT
21.2482,79.2113,307.84,0.48,0.48,2026-10-05,2046,N21,VIIRS,n,2.0NRT,294.42,1.37,N,VIIRS_NOAA21_NRT
22.21843,84.75452,310.99,0.39,0.36,2026-10-05,2004,N20,VIIRS,n,2.0NRT,294.65,1.37,N,VIIRS_NOAA20_NRT
22.3245,82.60308,308.39,0.44,0.38,2026-10-05,2004,N20,VIIRS,n,2.0NRT,295.03,1.37,N,VIIRS_NOAA20_NRT
23.77505,86.21095,306.18,0.38,0.36,2026-10-05,2004,N20,VIIRS,n,2.0NRT,291.66,1.37,N,VIIRS_NOAA20_NRT
23.77834,86.21156,320.04,0.38,0.36,2026-10-05,2004,N20,VIIRS,n,2.0NRT,292.93,1.37,N,VIIRS_NOAA20_NRT
23.82325,85.49693,308.95,0.38,0.36,2026-10-05,2004,N20,VIIRS,n,2.0NRT,296.14,1.37,N,VIIRS_NOAA20_NRT
23.64759,85.43464,301.07,0.52,0.67,2026-10-05,2049,N21,VIIRS,n,2.0NRT,289.74,1.36,N,VIIRS_NOAA21_NRT
20.7963,85.25966,318.34,0.38,0.36,2026-10-05,2004,N20,VIIRS,n,2.0NRT,294.81,1.36,N,VIIRS_NOAA20_NRT
20.79959,85.26025,320.8,0.38,0.36,2026-10-05,2004,N20,VIIRS,n,2.0NRT,295.09,1.36,N,VIIRS_NOAA20_NRT
20.80017,85.25659,308.59,0.38,0.36,2026-10-05,2004,N20,VIIRS,n,2.0NRT,294.05,1.36,N,VIIRS_NOAA20_NRT
22.3881,87.28335,307.98,0.41,0.37,2026-10-05,2004,N20,VIIRS,n,2.0NRT,295.82,1.36,N,VIIRS_NOAA20_NRT
20.97857,85.17164,312.62,0.46,0.47,2026-10-05,1945,N,VIIRS,n,2.0NRT,293.34,1.36,N,VIIRS_SNPP_NRT
20.8863,84.99312,309.24,0.38,0.36,2026-10-05,2004,N20,VIIRS,n,2.0NRT,296.13,1.35,N,VIIRS_NOAA20_NRT
21.76069,83.85238,307.75,0.4,0.37,2026-10-05,2004,N20,VIIRS,n,2.0NRT,295.24,1.35,N,VIIRS_NOAA20_NRT
21.76126,83.84855,310.49,0.4,0.37,2026-10-05,2004,N20,VIIRS,n,2.0NRT,295.68,1.35,N,VIIRS_NOAA20_NRT
21.76462,83.84911,321.36,0.4,0.37,2026-10-05,2004,N20,VIIRS,n,2.0NRT,296.55,1.35,N,VIIRS_NOAA20_NRT
24.19896,82.71737,310.36,0.45,0.39,2026-10-05,2004,N20,VIIRS,n,2.0NRT,290.78,1.35,N,VIIRS_NOAA20_NRT
21.67344,82.08046,306.19,0.35,0.57,2026-10-05,2046,N21,VIIRS,n,2.0NRT,294.25,1.34,N,VIIRS_NOAA21_NRT
23.67356,86.3969,306.91,0.39,0.36,2026-10-05,2004,N20,VIIRS,n,2.0NRT,293.8,1.34,N,VIIRS_NOAA20_NRT
26.87425,73.51698,305.58,0.39,0.44,2026-10-05,2125,N,VIIRS,n,2.0NRT,294.89,1.34,N,VIIRS_SNPP_NRT
25.41746,86.02524,305.99,0.38,0.36,2026-10-05,2002,N20,VIIRS,n,2.0NRT,274.9,1.33,N,VIIRS_NOAA20_NRT
21.30979,81.58913,306.71,0.48,0.4,2026-10-05,2004,N20,VIIRS,n,2.0NRT,294.92,1.33,N,VIIRS_NOAA20_NRT
21.67565,82.0781,307.47,0.46,0.39,2026-10-05,2004,N20,VIIRS,n,2.0NRT,295.51,1.33,N,VIIRS_NOAA20_NRT
21.98043,83.23906,307.53,0.42,0.37,2026-10-05,2004,N20,VIIRS,n,2.0NRT,295.59,1.33,N,VIIRS_NOAA20_NRT
22.36169,87.01878,313.26,0.4,0.37,2026-10-05,2004,N20,VIIRS,n,2.0NRT,294.75,1.33,N,VIIRS_NOAA20_NRT
22.36504,87.01942,308.7,0.4,0.37,2026-10-05,2004,N20,VIIRS,n,2.0NRT,294.77,1.33,N,VIIRS_NOAA20_NRT
22.36568,87.01558,312.25,0.4,0.37,2026-10-05,2004,N20,VIIRS,n,2.0NRT,294.57,1.33,N,VIIRS_NOAA20_NRT
22.38004,87.28983,313.4,0.41,0.37,2026-10-05,2004,N20,VIIRS,n,2.0NRT,295.86,1.33,N,VIIRS_NOAA20_NRT
8.92583,77.64353,331.65,0.6,0.53,2026-10-05,852,N,VIIRS,n,2.0NRT,297.84,1.33,D,VIIRS_SNPP_NRT
21.37434,81.67931,306.46,0.34,0.56,2026-10-05,2046,N21,VIIRS,n,2.0NRT,293.41,1.32,N,VIIRS_NOAA21_NRT
22.35512,82.30127,303.89,0.35,0.57,2026-10-05,2046,N21,VIIRS,n,2.0NRT,292.57,1.32,N,VIIRS_NOAA21_NRT
27.28725,73.8395,313.74,0.38,0.36,2026-10-05,2046,N21,VIIRS,n,2.0NRT,298.26,1.32,N,VIIRS_NOAA21_NRT
17.14668,78.22319,303.43,0.49,0.48,2026-10-05,2049,N21,VIIRS,n,2.0NRT,292.01,1.32,N,VIIRS_NOAA21_NRT
20.95816,85.00969,306.88,0.38,0.36,2026-10-05,2004,N20,VIIRS,n,2.0NRT,295.51,1.32,N,VIIRS_NOAA20_NRT
23.71359,86.42331,314.94,0.39,0.36,2026-10-05,2004,N20,VIIRS,n,2.0NRT,294.01,1.32,N,VIIRS_NOAA20_NRT
23.71627,86.42769,307.51,0.39,0.36,2026-10-05,2004,N20,VIIRS,n,2.0NRT,292.64,1.32,N,VIIRS_NOAA20_NRT
23.79675,86.3502,307.79,0.39,0.36,2026-10-05,2004,N20,VIIRS,n,2.0NRT,293.06,1.32,N,VIIRS_NOAA20_NRT
27.28901,73.83877,311.34,0.4,0.44,2026-10-05,2125,N,VIIRS,n,2.0NRT,296.99,1.32,N,VIIRS_SNPP_NRT
27.93548,77.54986,331.36,0.43,0.46,2026-10-05,737,N20,VIIRS,n,2.0NRT,301.39,1.3,D,VIIRS_NOAA20_NRT
21.37748,81.63932,309.6,0.47,0.4,2026-10-05,2004,N20,VIIRS,n,2.0NRT,295.6,1.3,N,VIIRS_NOAA20_NRT
20.94913,86.04917,306.61,0.41,0.45,2026-10-05,1945,N,VIIRS,n,2.0NRT,295.78,1.3,N,VIIRS_SNPP_NRT
20.94963,86.04525,315.89,0.41,0.45,2026-10-05,1945,N,VIIRS,n,2.0NRT,295.63,1.3,N,VIIRS_SNPP_NRT
20.95377,86.0459,313.87,0.41,0.45,2026-10-05,1945,N,VIIRS,n,2.0NRT,296.05,1.3,N,VIIRS_SNPP_NRT
21.07353,85.04326,306.34,0.47,0.48,2026-10-05,1945,N,VIIRS,n,2.0NRT,293.07,1.3,N,VIIRS_SNPP_NRT
21.07796,85.04385,309.37,0.47,0.48,2026-10-05,1945,N,VIIRS,n,2.0NRT,293.56,1.3,N,VIIRS_SNPP_NRT
21.48597,81.76643,307.58,0.39,0.59,2026-10-05,1945,N,VIIRS,n,2.0NRT,292.94,1.3,N,VIIRS_SNPP_NRT
18.8825,72.9708,307.09,0.39,0.36,2026-10-05,2049,N21,VIIRS,n,2.0NRT,295.21,1.29,N,VIIRS_NOAA21_NRT
20.97656,85.1328,307.54,0.38,0.36,2026-10-05,2004,N20,VIIRS,n,2.0NRT,296.27,1.29,N,VIIRS_NOAA20_NRT
21.76231,84.02502,306.67,0.4,0.37,2026-10-05,2004,N20,VIIRS,n,2.0NRT,294.7,1.29,N,VIIRS_NOAA20_NRT
21.76288,84.02122,309.1,0.4,0.37,2026-10-05,2004,N20,VIIRS,n,2.0NRT,296.18,1.29,N,VIIRS_NOAA20_NRT
23.68342,86.08243,307.64,0.38,0.36,2026-10-05,2004,N20,VIIRS,n,2.0NRT,293.65,1.29,N,VIIRS_NOAA20_NRT
22.00402,82.67023,314.08,0.34,0.56,2026-10-05,1945,N,VIIRS,n,2.0NRT,293.53,1.29,N,VIIRS_SNPP_NRT
22.31581,82.56129,307.08,0.35,0.57,2026-10-05,1945,N,VIIRS,n,2.0NRT,293.21,1.29,N,VIIRS_SNPP_NRT
23.69844,85.36855,303.52,0.49,0.48,2026-10-05,1945,N,VIIRS,n,2.0NRT,292.28,1.29,N,VIIRS_SNPP_NRT
21.73832,83.84073,308.15,0.4,0.37,2026-10-05,2004,N20,VIIRS,n,2.0NRT,295.81,1.28,N,VIIRS_NOAA20_NRT
21.74168,83.84129,309.03,0.4,0.37,2026-10-05,2004,N20,VIIRS,n,2.0NRT,296.57,1.28,N,VIIRS_NOAA20_NRT
21.74504,83.84187,314.45,0.4,0.37,2026-10-05,2004,N20,VIIRS,n,2.0NRT,296.86,1.28,N,VIIRS_NOAA20_NRT
23.74814,86.41767,306.27,0.42,0.45,2026-10-05,1945,N,VIIRS,n,2.0NRT,290.83,1.28,N,VIIRS_SNPP_NRT
23.75804,86.40634,307.25,0.42,0.45,2026-10-05,1945,N,VIIRS,n,2.0NRT,290.53,1.28,N,VIIRS_SNPP_NRT
23.75855,86.40211,308.87,0.42,0.45,2026-10-05,1945,N,VIIRS,n,2.0NRT,291.23,1.28,N,VIIRS_SNPP_NRT
23.6631,84.99883,302.59,0.64,0.72,2026-10-05,1906,N21,VIIRS,n,2.0NRT,289.15,1.27,N,VIIRS_NOAA21_NRT
21.73232,82.21468,309.92,0.36,0.57,2026-10-05,2046,N21,VIIRS,n,2.0NRT,293.93,1.26,N,VIIRS_NOAA21_NRT
23.72495,86.43708,309.45,0.39,0.36,2026-10-05,2004,N20,VIIRS,n,2.0NRT,292.4,1.26,N,VIIRS_NOAA20_NRT
15.22797,76.76395,306.02,0.51,0.5,2026-10-05,2006,N20,VIIRS,n,2.0NRT,288.97,1.26,N,VIIRS_NOAA20_NRT
21.96928,85.31314,299.94,0.56,0.69,2026-10-05,2049,N21,VIIRS,n,2.0NRT,289.49,1.25,N,VIIRS_NOAA21_NRT
22.26283,75.13183,302.13,0.78,0.78,2026-10-05,2144,N20,VIIRS,n,2.0NRT,292.13,1.25,N,VIIRS_NOAA20_NRT
23.75234,86.41829,317.9,0.42,0.45,2026-10-05,1945,N,VIIRS,n,2.0NRT,291.87,1.25,N,VIIRS_SNPP_NRT
23.75604,86.42307,303.75,0.42,0.45,2026-10-05,1945,N,VIIRS,n,2.0NRT,290.25,1.25,N,VIIRS_SNPP_NRT
22.57041,85.89478,302.27,0.54,0.68,2026-10-05,1908,N21,VIIRS,n,2.0NRT,287.41,1.24,N,VIIRS_NOAA21_NRT
21.82387,83.99615,307.03,0.4,0.37,2026-10-05,2004,N20,VIIRS,n,2.0NRT,294.74,1.24,N,VIIRS_NOAA20_NRT
23.16823,82.3444,313.94,0.46,0.39,2026-10-05,2004,N20,VIIRS,n,2.0NRT,293.49,1.24,N,VIIRS_NOAA20_NRT
23.75702,85.85396,313.8,0.38,0.36,2026-10-05,2004,N20,VIIRS,n,2.0NRT,294.83,1.24,N,VIIRS_NOAA20_NRT
23.75972,85.85831,309.04,0.38,0.36,2026-10-05,2004,N20,VIIRS,n,2.0NRT,292.75,1.24,N,VIIRS_NOAA20_NRT
23.76031,85.85457,316.01,0.38,0.36,2026-10-05,2004,N20,VIIRS,n,2.0NRT,293.22,1.24,N,VIIRS_NOAA20_NRT
23.78194,85.56631,304.96,0.38,0.36,2026-10-05,2004,N20,VIIRS,n,2.0NRT,294.45,1.24,N,VIIRS_NOAA20_NRT
23.84177,84.94701,302.89,0.52,0.5,2026-10-05,1945,N,VIIRS,n,2.0NRT,290.61,1.24,N,VIIRS_SNPP_NRT
20.99703,86.01257,304.55,0.51,0.66,2026-10-05,1908,N21,VIIRS,n,2.0NRT,293.18,1.23,N,VIIRS_NOAA21_NRT
22.61116,85.9137,316.99,0.38,0.36,2026-10-05,2004,N20,VIIRS,n,2.0NRT,294.25,1.23,N,VIIRS_NOAA20_NRT
23.67686,86.39753,316.05,0.39,0.36,2026-10-05,2004,N20,VIIRS,n,2.0NRT,294.17,1.23,N,VIIRS_NOAA20_NRT
23.67747,86.39377,313.07,0.39,0.36,2026-10-05,2004,N20,VIIRS,n,2.0NRT,292.43,1.23,N,VIIRS_NOAA20_NRT
23.68016,86.39816,314.8,0.39,0.36,2026-10-05,2004,N20,VIIRS,n,2.0NRT,293.89,1.23,N,VIIRS_NOAA20_NRT
23.68076,86.3944,306.56,0.39,0.36,2026-10-05,2004,N20,VIIRS,n,2.0NRT,292.81,1.23,N,VIIRS_NOAA20_NRT
23.70932,86.44958,305.69,0.39,0.36,2026-10-05,2004,N20,VIIRS,n,2.0NRT,293.16,1.23,N,VIIRS_NOAA20_NRT
23.71262,86.45021,322.32,0.39,0.36,2026-10-05,2004,N20,VIIRS,n,2.0NRT,294.11,1.23,N,VIIRS_NOAA20_NRT
23.71323,86.44646,307.71,0.39,0.36,2026-10-05,2004,N20,VIIRS,n,2.0NRT,292.61,1.23,N,VIIRS_NOAA20_NRT
20.75872,85.29902,307.95,0.45,0.47,2026-10-05,1945,N,VIIRS,n,2.0NRT,294.07,1.23,N,VIIRS_SNPP_NRT
21.71544,84.04031,309.79,0.4,0.37,2026-10-05,2004,N20,VIIRS,n,2.0NRT,294.7,1.22,N,VIIRS_NOAA20_NRT
23.66847,86.09116,310.55,0.38,0.36,2026-10-05,2004,N20,VIIRS,n,2.0NRT,293.46,1.22,N,VIIRS_NOAA20_NRT
23.77994,86.37019,305.52,0.39,0.36,2026-10-05,2004,N20,VIIRS,n,2.0NRT,292.54,1.22,N,VIIRS_NOAA20_NRT
23.75559,85.85555,307.47,0.46,0.47,2026-10-05,1945,N,VIIRS,n,2.0NRT,292.2,1.22,N,VIIRS_SNPP_NRT
23.75942,85.86065,306.84,0.46,0.47,2026-10-05,1945,N,VIIRS,n,2.0NRT,291.35,1.22,N,VIIRS_SNPP_NRT
23.75995,85.85613,313.67,0.46,0.47,2026-10-05,1945,N,VIIRS,n,2.0NRT,292.23,1.22,N,VIIRS_SNPP_NRT
24.14714,82.65591,310.42,0.37,0.58,2026-10-05,1945,N,VIIRS,n,2.0NRT,288.71,1.22,N,VIIRS_SNPP_NRT
23.1765,75.61292,330.96,0.35,0.57,2026-10-05,735,N20,VIIRS,l,2.0NRT,305.12,1.21,D,VIIRS_NOAA20_NRT
23.67686,85.32382,310.16,0.39,0.36,2026-10-05,2004,N20,VIIRS,n,2.0NRT,294.29,1.21,N,VIIRS_NOAA20_NRT
23.69527,85.29245,305.16,0.39,0.36,2026-10-05,2004,N20,VIIRS,n,2.0NRT,294.12,1.21,N,VIIRS_NOAA20_NRT
23.69585,85.28871,314.66,0.39,0.36,2026-10-05,2004,N20,VIIRS,n,2.0NRT,294.94,1.21,N,VIIRS_NOAA20_NRT
21.87836,83.55618,303.08,0.6,0.53,2026-10-05,1945,N,VIIRS,n,2.0NRT,292.2,1.21,N,VIIRS_SNPP_NRT
26.49597,73.80153,309.19,0.38,0.36,2026-10-05,2049,N21,VIIRS,n,2.0NRT,296.63,1.2,N,VIIRS_NOAA21_NRT
11.1828,79.09991,304.02,0.36,0.57,2026-10-05,2051,N21,VIIRS,n,2.0NRT,275.55,1.2,N,VIIRS_NOAA21_NRT
23.55169,87.24323,309.79,0.4,0.37,2026-10-05,2004,N20,VIIRS,n,2.0NRT,296.4,1.2,N,VIIRS_NOAA20_NRT
23.55568,87.24003,307.35,0.4,0.37,2026-10-05,2004,N20,VIIRS,n,2.0NRT,295.59,1.2,N,VIIRS_NOAA20_NRT
18.68821,73.91566,300.87,0.79,0.78,2026-10-05,2146,N20,VIIRS,n,2.0NRT,287.74,1.2,N,VIIRS_NOAA20_NRT
22.35525,87.28979,304.88,0.44,0.62,2026-10-05,1908,N21,VIIRS,n,2.0NRT,292.47,1.19,N,VIIRS_NOAA21_NRT
17.13987,77.18553,306.58,0.42,0.45,2026-10-05,2049,N21,VIIRS,n,2.0NRT,293.66,1.19,N,VIIRS_NOAA21_NRT
31.25794,76.92406,300.81,0.6,0.71,2026-10-05,2142,N20,VIIRS,n,2.0NRT,289.13,1.19,N,VIIRS_NOAA20_NRT
23.16548,82.33974,307.15,0.37,0.58,2026-10-05,1945,N,VIIRS,n,2.0NRT,291.78,1.19,N,VIIRS_SNPP_NRT
24.69103,73.00221,310.87,0.4,0.44,2026-10-05,2123,N,VIIRS,n,2.0NRT,296.98,1.19,N,VIIRS_SNPP_NRT
21.37729,81.64012,304.06,0.34,0.56,2026-10-05,2046,N21,VIIRS,n,2.0NRT,292.75,1.18,N,VIIRS_NOAA21_NRT
23.71713,86.44333,308.99,0.39,0.36,2026-10-05,2004,N20,VIIRS,n,2.0NRT,293.22,1.18,N,VIIRS_NOAA20_NRT
23.71774,86.43958,308.0,0.39,0.36,2026-10-05,2004,N20,VIIRS,n,2.0NRT,292.17,1.18,N,VIIRS_NOAA20_NRT
23.76191,86.39769,312.58,0.39,0.36,2026-10-05,2004,N20,VIIRS,n,2.0NRT,292.69,1.18,N,VIIRS_NOAA20_NRT
23.76252,86.39394,307.84,0.39,0.36,2026-10-05,2004,N20,VIIRS,n,2.0NRT,294.01,1.18,N,VIIRS_NOAA20_NRT
15.22673,76.76606,304.32,0.51,0.49,2026-10-05,2006,N20,VIIRS,n,2.0NRT,288.96,1.18,N,VIIRS_NOAA20_NRT
21.80363,82.0373,303.74,0.38,0.58,2026-10-05,1945,N,VIIRS,n,2.0NRT,293.07,1.18,N,VIIRS_SNPP_NRT
19.81847,79.33668,304.49,0.51,0.5,2026-10-05,2046,N21,VIIRS,n,2.0NRT,293.9,1.17,N,VIIRS_NOAA21_NRT
22.08905,83.11567,308.23,0.42,0.38,2026-10-05,2004,N20,VIIRS,n,2.0NRT,294.78,1.17,N,VIIRS_NOAA20_NRT
22.5887,85.9057,306.83,0.38,0.36,2026-10-05,2004,N20,VIIRS,n,2.0NRT,293.32,1.17,N,VIIRS_NOAA20_NRT
23.38144,75.91115,335.33,0.35,0.57,2026-10-05,856,N,VIIRS,n,2.0NRT,305.6,1.17,D,VIIRS_SNPP_NRT
23.75995,85.86279,306.97,0.46,0.47,2026-10-05,1945,N,VIIRS,n,2.0NRT,291.39,1.17,N,VIIRS_SNPP_NRT
22.03814,83.35331,305.81,0.42,0.61,2026-10-05,2046,N21,VIIRS,n,2.0NRT,292.25,1.16,N,VIIRS_NOAA21_NRT
22.03903,83.34937,304.7,0.42,0.61,2026-10-05,2046,N21,VIIRS,n,2.0NRT,291.74,1.16,N,VIIRS_NOAA21_NRT
20.76084,85.29092,307.94,0.38,0.36,2026-10-05,2004,N20,VIIRS,n,2.0NRT,294.93,1.16,N,VIIRS_NOAA20_NRT
23.65302,85.34645,309.2,0.39,0.36,2026-10-05,2004,N20,VIIRS,n,2.0NRT,295.88,1.16,N,VIIRS_NOAA20_NRT
22.41546,69.03745,310.91,0.32,0.55,2026-10-05,2144,N20,VIIRS,n,2.0NRT,294.82,1.16,N,VIIRS_NOAA20_NRT
20.99791,86.01051,307.51,0.41,0.45,2026-10-05,1945,N,VIIRS,n,2.0NRT,295.03,1.16,N,VIIRS_SNPP_NRT
26.60589,73.68349,307.41,0.4,0.44,2026-10-05,2123,N,VIIRS,n,2.0NRT,295.53,1.16,N,VIIRS_SNPP_NRT
22.21191,84.84081,313.67,0.39,0.36,2026-10-05,2004,N20,VIIRS,n,2.0NRT,293.72,1.15,N,VIIRS_NOAA20_NRT
22.79842,86.20867,305.43,0.39,0.36,2026-10-05,2004,N20,VIIRS,n,2.0NRT,292.79,1.15,N,VIIRS_NOAA20_NRT
21.30967,81.59163,312.32,0.34,0.56,2026-10-05,2046,N21,VIIRS,n,2.0NRT,293.68,1.14,N,VIIRS_NOAA21_NRT
15.22295,76.76471,303.66,0.43,0.46,2026-10-05,2049,N21,VIIRS,n,2.0NRT,282.29,1.14,N,VIIRS_NOAA21_NRT
23.78757,85.55196,310.61,0.38,0.36,2026-10-05,2004,N20,VIIRS,n,2.0NRT,294.81,1.14,N,VIIRS_NOAA20_NRT
22.76968,71.76691,332.34,0.5,0.66,2026-10-05,915,N20,VIIRS,n,2.0NRT,301.23,1.13,D,VIIRS_NOAA20_NRT
20.86665,84.98624,310.96,0.38,0.36,2026-10-05,2004,N20,VIIRS,n,2.0NRT,294.68,1.13,N,VIIRS_NOAA20_NRT
21.7499,83.81498,305.57,0.58,0.52,2026-10-05,1945,N,VIIRS,n,2.0NRT,293.02,1.13,N,VIIRS_SNPP_NRT
23.56006,87.08368,307.81,0.38,0.44,2026-10-05,1945,N,VIIRS,n,2.0NRT,293.65,1.13,N,VIIRS_SNPP_NRT
16.86954,80.02126,308.29,0.32,0.55,2026-10-05,2049,N21,VIIRS,n,2.0NRT,293.38,1.12,N,VIIRS_NOAA21_NRT
23.80005,86.35082,309.21,0.39,0.36,2026-10-05,2004,N20,VIIRS,n,2.0NRT,292.81,1.12,N,VIIRS_NOAA20_NRT
15.16779,76.37904,298.77,0.54,0.51,2026-10-05,2006,N20,VIIRS,n,2.0NRT,281.81,1.12,N,VIIRS_NOAA20_NRT
15.65704,73.98646,307.23,0.4,0.6,2026-10-05,2006,N20,VIIRS,n,2.0NRT,288.85,1.12,N,VIIRS_NOAA20_NRT
20.97538,86.00653,310.77,0.39,0.36,2026-10-05,2004,N20,VIIRS,n,2.0NRT,295.81,1.11,N,VIIRS_NOAA20_NRT
20.86296,84.98926,306.07,0.47,0.48,2026-10-05,1945,N,VIIRS,n,2.0NRT,293.37,1.11,N,VIIRS_SNPP_NRT
20.86351,84.98474,309.04,0.48,0.48,2026-10-05,1945,N,VIIRS,n,2.0NRT,292.84,1.11,N,VIIRS_SNPP_NRT
25.54052,91.23884,297.23,0.53,0.5,2026-10-05,1906,N21,VIIRS,n,2.0NRT,286.04,1.1,N,VIIRS_NOAA21_NRT
25.54107,91.23362,300.34,0.53,0.5,2026-10-05,1906,N21,VIIRS,n,2.0NRT,286.09,1.1,N,VIIRS_NOAA21_NRT
20.86095,84.99017,303.56,0.57,0.69,2026-10-05,2046,N21,VIIRS,n,2.0NRT,290.99,1.1,N,VIIRS_NOAA21_NRT
23.66685,86.93554,302.67,0.65,0.73,2026-10-05,2049,N21,VIIRS,n,2.0NRT,289.09,1.1,N,VIIRS_NOAA21_NRT
22.01625,83.75648,307.34,0.4,0.37,2026-10-05,2004,N20,VIIRS,n,2.0NRT,295.19,1.1,N,VIIRS_NOAA20_NRT
23.63209,86.29626,310.73,0.39,0.36,2026-10-05,2004,N20,VIIRS,n,2.0NRT,292.46,1.1,N,VIIRS_NOAA20_NRT
16.87243,80.0203,307.72,0.51,0.41,2026-10-05,2006,N20,VIIRS,n,2.0NRT,295.4,1.1,N,VIIRS_NOAA20_NRT
22.35691,82.30258,304.5,0.37,0.58,2026-10-05,1945,N,VIIRS,n,2.0NRT,292.13,1.1,N,VIIRS_SNPP_NRT
21.48409,81.7697,310.11,0.34,0.56,2026-10-05,2046,N21,VIIRS,n,2.0NRT,293.51,1.09,N,VIIRS_NOAA21_NRT
20.95429,85.01277,307.2,0.38,0.36,2026-10-05,2004,N20,VIIRS,n,2.0NRT,295.77,1.09,N,VIIRS_NOAA20_NRT
21.80227,82.04182,308.94,0.35,0.57,2026-10-05,2046,N21,VIIRS,n,2.0NRT,293.17,1.08,N,VIIRS_NOAA21_NRT
21.85913,83.967,311.74,0.4,0.37,2026-10-05,2004,N20,VIIRS,n,2.0NRT,295.4,1.08,N,VIIRS_NOAA20_NRT
22.32273,82.56351,310.49,0.44,0.39,2026-10-05,2004,N20,VIIRS,n,2.0NRT,296.7,1.08,N,VIIRS_NOAA20_NRT
21.24355,79.22145,303.12,0.56,0.69,2026-10-05,1945,N,VIIRS,n,2.0NRT,291.89,1.08,N,VIIRS_SNPP_NRT
25.4875,73.4276,308.02,0.38,0.36,2026-10-05,2049,N21,VIIRS,n,2.0NRT,295.51,1.06,N,VIIRS_NOAA21_NRT
24.16328,82.62963,306.64,0.46,0.39,2026-10-05,2004,N20,VIIRS,n,2.0NRT,291.41,1.06,N,VIIRS_NOAA20_NRT
22.05237,88.12589,313.95,0.49,0.4,2026-10-05,1945,N,VIIRS,n,2.0NRT,298.82,1.06,N,VIIRS_SNPP_NRT
22.05301,88.12115,309.21,0.49,0.4,2026-10-05,1945,N,VIIRS,n,2.0NRT,296.99,1.06,N,VIIRS_SNPP_NRT
28.74281,76.92688,310.17,0.42,0.38,2026-10-05,2046,N21,VIIRS,n,2.0NRT,295.82,1.05,N,VIIRS_NOAA21_NRT
15.16997,76.38102,302.99,0.4,0.45,2026-10-05,2049,N21,VIIRS,n,2.0NRT,282.67,1.05,N,VIIRS_NOAA21_NRT
25.54235,91.23412,304.16,0.54,0.42,2026-10-05,2002,N20,VIIRS,n,2.0NRT,285.89,1.05,N,VIIRS_NOAA20_NRT
28.71362,76.83231,309.57,0.37,0.58,2026-10-05,2002,N20,VIIRS,n,2.0NRT,294.72,1.05,N,VIIRS_NOAA20_NRT
19.80252,78.86515,306.1,0.43,0.46,2026-10-05,2004,N20,VIIRS,n,2.0NRT,294.93,1.05,N,VIIRS_NOAA20_NRT
20.9729,85.17735,307.6,0.38,0.36,2026-10-05,2004,N20,VIIRS,n,2.0NRT,294.81,1.05,N,VIIRS_NOAA20_NRT
20.97677,85.17429,306.88,0.38,0.36,2026-10-05,2004,N20,VIIRS,n,2.0NRT,294.78,1.05,N,VIIRS_NOAA20_NRT
22.20122,84.57876,310.29,0.39,0.36,2026-10-05,2004,N20,VIIRS,n,2.0NRT,293.69,1.05,N,VIIRS_NOAA20_NRT
22.61058,75.37244,336.13,0.32,0.55,2026-10-05,856,N,VIIRS,n,2.0NRT,307.81,1.05,D,VIIRS_SNPP_NRT
23.78266,87.08348,305.91,0.39,0.44,2026-10-05,1945,N,VIIRS,n,2.0NRT,294.44,1.05,N,VIIRS_SNPP_NRT
16.87168,80.02198,305.22,0.44,0.63,2026-10-05,1947,N,VIIRS,n,2.0NRT,291.8,1.05,N,VIIRS_SNPP_NRT
28.71175,76.85519,315.66,0.37,0.58,2026-10-05,2002,N20,VIIRS,n,2.0NRT,294.82,1.04,N,VIIRS_NOAA20_NRT
22.21121,84.86745,307.26,0.39,0.36,2026-10-05,2004,N20,VIIRS,n,2.0NRT,293.51,1.04,N,VIIRS_NOAA20_NRT
22.21394,84.87175,309.63,0.39,0.36,2026-10-05,2004,N20,VIIRS,n,2.0NRT,295.13,1.04,N,VIIRS_NOAA20_NRT
22.21451,84.86803,321.2,0.39,0.36,2026-10-05,2004,N20,VIIRS,n,2.0NRT,293.95,1.04,N,VIIRS_NOAA20_NRT
22.04051,83.35226,304.06,0.62,0.54,2026-10-05,1945,N,VIIRS,n,2.0NRT,292.34,1.04,N,VIIRS_SNPP_NRT
22.018,83.33979,304.56,0.42,0.61,2026-10-05,2046,N21,VIIRS,n,2.0NRT,291.91,1.03,N,VIIRS_NOAA21_NRT
19.10088,73.05425,314.4,0.39,0.36,2026-10-05,2049,N21,VIIRS,n,2.0NRT,294.4,1.03,N,VIIRS_NOAA21_NRT
22.20949,84.8786,307.44,0.39,0.36,2026-10-05,2004,N20,VIIRS,n,2.0NRT,293.98,1.03,N,VIIRS_NOAA20_NRT
22.21336,84.87547,310.93,0.39,0.36,2026-10-05,2004,N20,VIIRS,n,2.0NRT,294.72,1.03,N,VIIRS_NOAA20_NRT
22.43271,69.83217,309.59,0.36,0.57,2026-10-05,2144,N20,VIIRS,n,2.0NRT,295.74,1.03,N,VIIRS_NOAA20_NRT
22.87947,75.30873,333.32,0.44,0.38,2026-10-05,820,N21,VIIRS,l,2.0NRT,307.93,1.02,D,VIIRS_NOAA21_NRT
23.69537,87.12494,302.11,0.67,0.73,2026-10-05,2049,N21,VIIRS,n,2.0NRT,289.99,1.02,N,VIIRS_NOAA21_NRT
20.9876,85.12725,305.95,0.38,0.36,2026-10-05,2004,N20,VIIRS,n,2.0NRT,294.6,1.02,N,VIIRS_NOAA20_NRT
22.78853,86.2068,306.74,0.39,0.36,2026-10-05,2004,N20,VIIRS,n,2.0NRT,293.87,1.02,N,VIIRS_NOAA20_NRT
22.79122,86.21116,305.69,0.39,0.36,2026-10-05,2004,N20,VIIRS,n,2.0NRT,292.64,1.02,N,VIIRS_NOAA20_NRT
22.79183,86.20742,312.03,0.39,0.36,2026-10-05,2004,N20,VIIRS,n,2.0NRT,293.5,1.02,N,VIIRS_NOAA20_NRT
23.68043,86.10111,307.41,0.38,0.36,2026-10-05,2004,N20,VIIRS,n,2.0NRT,293.24,1.02,N,VIIRS_NOAA20_NRT
24.183,82.64639,303.73,0.46,0.39,2026-10-05,2004,N20,VIIRS,n,2.0NRT,290.76,1.02,N,VIIRS_NOAA20_NRT
28.34624,77.22903,311.3,0.44,0.38,2026-10-05,2046,N21,VIIRS,n,2.0NRT,295.39,1.01,N,VIIRS_NOAA21_NRT
23.55837,87.24454,306.75,0.4,0.37,2026-10-05,2004,N20,VIIRS,n,2.0NRT,294.29,1.01,N,VIIRS_NOAA20_NRT
23.55902,87.24068,316.85,0.4,0.37,2026-10-05,2004,N20,VIIRS,n,2.0NRT,295.27,1.01,N,VIIRS_NOAA20_NRT
23.78478,86.34019,310.04,0.39,0.36,2026-10-05,2004,N20,VIIRS,n,2.0NRT,292.74,1.01,N,VIIRS_NOAA20_NRT
23.67455,85.32468,302.65,0.49,0.49,2026-10-05,1945,N,VIIRS,n,2.0NRT,291.68,1.01,N,VIIRS_SNPP_NRT
21.24808,79.20853,310.13,0.43,0.46,2026-10-05,2004,N20,VIIRS,n,2.0NRT,294.09,1.0,N,VIIRS_NOAA20_NRT
21.25228,79.20914,305.75,0.43,0.46,2026-10-05,2004,N20,VIIRS,n,2.0NRT,294.43,1.0,N,VIIRS_NOAA20_NRT
22.36793,87.29956,313.92,0.41,0.37,2026-10-05,2004,N20,VIIRS,n,2.0NRT,297.87,1.0,N,VIIRS_NOAA20_NRT
22.36859,87.29566,308.96,0.41,0.37,2026-10-05,2004,N20,VIIRS,n,2.0NRT,295.39,1.0,N,VIIRS_NOAA20_NRT
20.86199,84.98775,306.3,0.48,0.48,2026-10-05,1945,N,VIIRS,n,2.0NRT,292.8,1.0,N,VIIRS_SNPP_NRT
21.6223,81.7919,303.47,0.39,0.59,2026-10-05,1945,N,VIIRS,n,2.0NRT,292.76,1.0,N,VIIRS_SNPP_NRT
23.69712,85.36707,303.33,0.49,0.48,2026-10-05,1945,N,VIIRS,n,2.0NRT,292.17,1.0,N,VIIRS_SNPP_NRT
28.34667,77.22791,311.89,0.35,0.56,2026-10-05,2002,N20,VIIRS,n,2.0NRT,293.64,0.99,N,VIIRS_NOAA20_NRT
19.7871,79.06139,306.83,0.42,0.45,2026-10-05,2004,N20,VIIRS,n,2.0NRT,294.21,0.99,N,VIIRS_NOAA20_NRT
21.24613,79.22507,305.72,0.43,0.46,2026-10-05,2004,N20,VIIRS,n,2.0NRT,295.46,0.99,N,VIIRS_NOAA20_NRT
21.24661,79.22094,310.64,0.43,0.46,2026-10-05,2004,N20,VIIRS,n,2.0NRT,295.5,0.99,N,VIIRS_NOAA20_NRT
21.34704,78.95693,308.91,0.45,0.47,2026-10-05,2004,N20,VIIRS,n,2.0NRT,292.81,0.99,N,VIIRS_NOAA20_NRT
26.92639,73.46768,306.15,0.39,0.44,2026-10-05,2125,N,VIIRS,n,2.0NRT,295.17,0.99,N,VIIRS_SNPP_NRT
21.30899,81.58979,306.3,0.34,0.56,2026-10-05,2046,N21,VIIRS,n,2.0NRT,292.87,0.98,N,VIIRS_NOAA21_NRT
21.87869,83.55439,309.73,0.41,0.37,2026-10-05,2004,N20,VIIRS,n,2.0NRT,294.32,0.98,N,VIIRS_NOAA20_NRT
23.75373,85.85334,307.29,0.38,0.36,2026-10-05,2004,N20,VIIRS,n,2.0NRT,292.73,0.98,N,VIIRS_NOAA20_NRT
23.77806,86.14984,306.58,0.38,0.36,2026-10-05,2004,N20,VIIRS,n,2.0NRT,290.3,0.98,N,VIIRS_NOAA20_NRT
21.62198,81.79267,306.54,0.39,0.59,2026-10-05,1945,N,VIIRS,n,2.0NRT,292.74,0.98,N,VIIRS_SNPP_NRT
23.54871,86.54393,304.43,0.41,0.45,2026-10-05,1945,N,VIIRS,n,2.0NRT,291.5,0.98,N,VIIRS_SNPP_NRT
23.67126,86.93442,305.85,0.48,0.64,2026-10-05,1906,N21,VIIRS,n,2.0NRT,291.12,0.97,N,VIIRS_NOAA21_NRT
21.34556,81.66547,305.29,0.34,0.56,2026-10-05,2046,N21,VIIRS,n,2.0NRT,293.03,0.97,N,VIIRS_NOAA21_NRT
23.56094,87.22913,310.12,0.4,0.37,2026-10-05,2004,N20,VIIRS,n,2.0NRT,294.39,0.97,N,VIIRS_NOAA20_NRT
23.69543,87.09593,307.18,0.39,0.37,2026-10-05,2004,N20,VIIRS,n,2.0NRT,296.58,0.97,N,VIIRS_NOAA20_NRT
23.69607,87.09209,307.32,0.39,0.37,2026-10-05,2004,N20,VIIRS,n,2.0NRT,294.46,0.97,N,VIIRS_NOAA20_NRT
22.93388,69.69632,310.85,0.34,0.56,2026-10-05,2144,N20,VIIRS,n,2.0NRT,295.38,0.97,N,VIIRS_NOAA20_NRT
24.65651,73.87813,304.81,0.39,0.36,2026-10-05,2049,N21,VIIRS,n,2.0NRT,294.32,0.96,N,VIIRS_NOAA21_NRT
22.03204,83.74329,304.87,0.4,0.37,2026-10-05,2004,N20,VIIRS,n,2.0NRT,294.38,0.96,N,VIIRS_NOAA20_NRT
22.81831,86.08569,303.73,0.39,0.36,2026-10-05,2004,N20,VIIRS,n,2.0NRT,291.96,0.96,N,VIIRS_NOAA20_NRT
23.60891,85.67294,306.64,0.38,0.36,2026-10-05,2004,N20,VIIRS,n,2.0NRT,292.16,0.96,N,VIIRS_NOAA20_NRT
21.89745,76.16227,331.45,0.35,0.57,2026-10-05,856,N,VIIRS,n,2.0NRT,301.28,0.96,D,VIIRS_SNPP_NRT
23.71749,86.42017,307.08,0.39,0.36,2026-10-05,2004,N20,VIIRS,n,2.0NRT,291.88,0.95,N,VIIRS_NOAA20_NRT
20.78905,85.2672,311.46,0.46,0.47,2026-10-05,1945,N,VIIRS,n,2.0NRT,294.04,0.95,N,VIIRS_SNPP_NRT
23.69648,85.2928,303.98,0.49,0.49,2026-10-05,1945,N,VIIRS,n,2.0NRT,292.65,0.95,N,VIIRS_SNPP_NRT
23.69703,85.28796,304.56,0.49,0.49,2026-10-05,1945,N,VIIRS,n,2.0NRT,293.06,0.95,N,VIIRS_SNPP_NRT
24.71625,75.94967,304.09,0.38,0.59,2026-10-05,2004,N20,VIIRS,n,2.0NRT,294.02,0.94,N,VIIRS_NOAA20_NRT
25.49048,73.42333,304.69,0.56,0.69,2026-10-05,2004,N20,VIIRS,n,2.0NRT,293.81,0.94,N,VIIRS_NOAA20_NRT
21.37464,81.65276,305.85,0.34,0.56,2026-10-05,2046,N21,VIIRS,n,2.0NRT,293.1,0.93,N,VIIRS_NOAA21_NRT
28.70889,76.85728,307.9,0.42,0.38,2026-10-05,2046,N21,VIIRS,n,2.0NRT,295.98,0.93,N,VIIRS_NOAA21_NRT
12.27929,79.45914,330.11,0.32,0.55,2026-10-05,731,N20,VIIRS,n,2.0NRT,292.06,0.92,D,VIIRS_NOAA20_NRT
19.96441,79.33376,304.81,0.41,0.45,2026-10-05,2004,N20,VIIRS,n,2.0NRT,293.65,0.92,N,VIIRS_NOAA20_NRT
22.0534,85.4633,307.23,0.38,0.36,2026-10-05,2004,N20,VIIRS,n,2.0NRT,291.68,0.92,N,VIIRS_NOAA20_NRT
21.87671,83.55635,302.57,0.44,0.62,2026-10-05,2046,N21,VIIRS,n,2.0NRT,291.37,0.91,N,VIIRS_NOAA21_NRT
21.75911,83.81673,306.18,0.4,0.37,2026-10-05,2004,N20,VIIRS,n,2.0NRT,294.68,0.9,N,VIIRS_NOAA20_NRT
22.20912,84.54936,309.7,0.39,0.36,2026-10-05,2004,N20,VIIRS,n,2.0NRT,293.7,0.9,N,VIIRS_NOAA20_NRT
22.59327,85.90585,305.15,0.44,0.46,2026-10-05,1945,N,VIIRS,n,2.0NRT,291.14,0.9,N,VIIRS_SNPP_NRT
22.59333,85.90397,300.69,0.54,0.68,2026-10-05,1908,N21,VIIRS,n,2.0NRT,287.28,0.89,N,VIIRS_NOAA21_NRT
24.19818,82.71564,304.31,0.36,0.58,2026-10-05,1945,N,VIIRS,n,2.0NRT,287.46,0.89,N,VIIRS_SNPP_NRT
19.93592,73.70927,301.71,0.47,0.64,2026-10-05,2004,N20,VIIRS,n,2.0NRT,290.48,0.88,N,VIIRS_NOAA20_NRT
23.63226,86.8349,306.3,0.4,0.44,2026-10-05,1945,N,VIIRS,n,2.0NRT,292.83,0.88,N,VIIRS_SNPP_NRT
15.91622,77.36255,301.24,0.55,0.68,2026-10-05,2125,N,VIIRS,n,2.0NRT,288.35,0.88,N,VIIRS_SNPP_NRT
21.336,78.9684,302.68,0.54,0.68,2026-10-05,2125,N,VIIRS,n,2.0NRT,291.92,0.88,N,VIIRS_SNPP_NRT
21.57192,81.73542,305.65,0.39,0.59,2026-10-05,1945,N,VIIRS,n,2.0NRT,293.21,0.87,N,VIIRS_SNPP_NRT
21.78164,72.13307,308.31,0.4,0.44,2026-10-05,2125,N,VIIRS,n,2.0NRT,295.14,0.87,N,VIIRS_SNPP_NRT
17.58433,80.31889,307.69,0.33,0.55,2026-10-05,2049,N21,VIIRS,n,2.0NRT,292.47,0.85,N,VIIRS_NOAA21_NRT
24.45037,83.03964,305.73,0.44,0.39,2026-10-05,2004,N20,VIIRS,n,2.0NRT,292.11,0.85,N,VIIRS_NOAA20_NRT
15.18372,76.67545,298.41,0.7,0.75,2026-10-05,1947,N,VIIRS,n,2.0NRT,280.55,0.85,N,VIIRS_SNPP_NRT
23.66918,86.93477,305.58,0.39,0.44,2026-10-05,1945,N,VIIRS,n,2.0NRT,293.01,0.84,N,VIIRS_SNPP_NRT
21.24669,79.20783,302.96,0.56,0.69,2026-10-05,2125,N,VIIRS,n,2.0NRT,291.26,0.84,N,VIIRS_SNPP_NRT
21.25292,79.20954,305.69,0.56,0.69,2026-10-05,2125,N,VIIRS,n,2.0NRT,292.28,0.84,N,VIIRS_SNPP_NRT
22.33081,82.5323,307.89,0.44,0.39,2026-10-05,2004,N20,VIIRS,n,2.0NRT,294.35,0.83,N,VIIRS_NOAA20_NRT
23.67087,86.93338,305.53,0.39,0.36,2026-10-05,2004,N20,VIIRS,n,2.0NRT,294.13,0.83,N,VIIRS_NOAA20_NRT
24.18477,82.66037,303.57,0.46,0.39,2026-10-05,2004,N20,VIIRS,n,2.0NRT,290.62,0.83,N,VIIRS_NOAA20_NRT
23.01323,70.10251,306.45,0.36,0.58,2026-10-05,2144,N20,VIIRS,n,2.0NRT,296.23,0.83,N,VIIRS_NOAA20_NRT
23.18562,75.36274,336.23,0.32,0.55,2026-10-05,856,N,VIIRS,n,2.0NRT,305.51,0.83,D,VIIRS_SNPP_NRT
22.3717,73.14964,331.96,0.39,0.36,2026-10-05,820,N21,VIIRS,l,2.0NRT,304.03,0.82,D,VIIRS_NOAA21_NRT
21.10259,72.64644,312.89,0.38,0.36,2026-10-05,2046,N21,VIIRS,n,2.0NRT,297.74,0.82,N,VIIRS_NOAA21_NRT
23.74401,85.50544,305.1,0.38,0.36,2026-10-05,2004,N20,VIIRS,n,2.0NRT,293.45,0.81,N,VIIRS_NOAA20_NRT
26.63973,79.47594,303.38,0.61,0.71,2026-10-05,1945,N,VIIRS,n,2.0NRT,289.57,0.81,N,VIIRS_SNPP_NRT
26.64639,79.47649,304.93,0.61,0.71,2026-10-05,1945,N,VIIRS,n,2.0NRT,290.0,0.81,N,VIIRS_SNPP_NRT
18.68947,73.92124,307.63,0.58,0.52,2026-10-05,2125,N,VIIRS,n,2.0NRT,290.52,0.8,N,VIIRS_SNPP_NRT
22.01287,83.75209,303.22,0.45,0.63,2026-10-05,2046,N21,VIIRS,n,2.0NRT,291.71,0.79,N,VIIRS_NOAA21_NRT
22.31003,82.52869,302.97,0.37,0.58,2026-10-05,2046,N21,VIIRS,n,2.0NRT,292.04,0.79,N,VIIRS_NOAA21_NRT
22.31447,82.53349,304.62,0.37,0.58,2026-10-05,2046,N21,VIIRS,n,2.0NRT,292.21,0.79,N,VIIRS_NOAA21_NRT
22.31522,82.53001,304.94,0.37,0.58,2026-10-05,2046,N21,VIIRS,n,2.0NRT,292.78,0.79,N,VIIRS_NOAA21_NRT
23.81018,85.53249,300.48,0.53,0.67,2026-10-05,2049,N21,VIIRS,n,2.0NRT,290.29,0.79,N,VIIRS_NOAA21_NRT
21.45941,81.80035,305.64,0.47,0.4,2026-10-05,2004,N20,VIIRS,n,2.0NRT,295.3,0.79,N,VIIRS_NOAA20_NRT
23.01348,70.10165,308.11,0.36,0.58,2026-10-05,2144,N20,VIIRS,n,2.0NRT,296.23,0.79,N,VIIRS_NOAA20_NRT
21.87983,83.54656,307.28,0.41,0.37,2026-10-05,2004,N20,VIIRS,n,2.0NRT,294.2,0.77,N,VIIRS_NOAA20_NRT
23.69686,85.36989,306.29,0.39,0.36,2026-10-05,2004,N20,VIIRS,n,2.0NRT,293.51,0.77,N,VIIRS_NOAA20_NRT
23.69744,85.36613,309.97,0.39,0.36,2026-10-05,2004,N20,VIIRS,n,2.0NRT,293.41,0.77,N,VIIRS_NOAA20_NRT
15.65701,73.98745,304.73,0.4,0.6,2026-10-05,2006,N20,VIIRS,n,2.0NRT,289.02,0.77,N,VIIRS_NOAA20_NRT
22.60987,85.91257,306.35,0.44,0.46,2026-10-05,1945,N,VIIRS,n,2.0NRT,291.5,0.77,N,VIIRS_SNPP_NRT
22.57455,70.22729,309.74,0.46,0.39,2026-10-05,2125,N,VIIRS,n,2.0NRT,295.72,0.77,N,VIIRS_SNPP_NRT
31.24827,76.92833,303.34,0.4,0.37,2026-10-05,2046,N21,VIIRS,n,2.0NRT,290.58,0.76,N,VIIRS_NOAA21_NRT
22.05609,88.12647,310.34,0.49,0.4,2026-10-05,1945,N,VIIRS,n,2.0NRT,298.4,0.76,N,VIIRS_SNPP_NRT
22.05674,88.12173,308.7,0.49,0.4,2026-10-05,1945,N,VIIRS,n,2.0NRT,297.54,0.76,N,VIIRS_SNPP_NRT
23.65877,87.1206,305.75,0.38,0.43,2026-10-05,1945,N,VIIRS,n,2.0NRT,293.87,0.76,N,VIIRS_SNPP_NRT
16.10315,80.18124,305.7,0.42,0.61,2026-10-05,1947,N,VIIRS,n,2.0NRT,290.06,0.76,N,VIIRS_SNPP_NRT
23.75761,85.85022,308.02,0.38,0.36,2026-10-05,2004,N20,VIIRS,n,2.0NRT,291.96,0.75,N,VIIRS_NOAA20_NRT
22.1545,82.09426,305.8,0.38,0.59,2026-10-05,1945,N,VIIRS,n,2.0NRT,292.5,0.75,N,VIIRS_SNPP_NRT
22.32246,82.54793,304.62,0.35,0.57,2026-10-05,1945,N,VIIRS,n,2.0NRT,293.46,0.75,N,VIIRS_SNPP_NRT
16.10466,80.17995,311.39,0.42,0.61,2026-10-05,1947,N,VIIRS,n,2.0NRT,290.08,0.75,N,VIIRS_SNPP_NRT
21.61414,72.13734,305.82,0.39,0.36,2026-10-05,2046,N21,VIIRS,n,2.0NRT,295.67,0.74,N,VIIRS_NOAA21_NRT
17.1412,77.18619,302.7,0.42,0.45,2026-10-05,2049,N21,VIIRS,n,2.0NRT,292.33,0.74,N,VIIRS_NOAA21_NRT
24.18036,82.65816,301.16,0.34,0.56,2026-10-05,2049,N21,VIIRS,n,2.0NRT,288.26,0.74,N,VIIRS_NOAA21_NRT
23.78263,86.37457,305.54,0.39,0.36,2026-10-05,2004,N20,VIIRS,n,2.0NRT,292.41,0.74,N,VIIRS_NOAA20_NRT
21.80396,82.03783,306.2,0.46,0.39,2026-10-05,2004,N20,VIIRS,n,2.0NRT,294.96,0.73,N,VIIRS_NOAA20_NRT
20.00492,79.18208,303.46,0.5,0.49,2026-10-05,2046,N21,VIIRS,n,2.0NRT,293.07,0.72,N,VIIRS_NOAA21_NRT
22.22118,84.75826,304.53,0.39,0.36,2026-10-05,2004,N20,VIIRS,n,2.0NRT,293.77,0.72,N,VIIRS_NOAA20_NRT
23.69356,85.36929,306.99,0.39,0.36,2026-10-05,2004,N20,VIIRS,n,2.0NRT,294.66,0.72,N,VIIRS_NOAA20_NRT
31.32908,76.89391,305.03,0.4,0.37,2026-10-05,2046,N21,VIIRS,n,2.0NRT,292.13,0.71,N,VIIRS_NOAA21_NRT
22.13256,85.38184,300.66,0.56,0.69,2026-10-05,2049,N21,VIIRS,n,2.0NRT,288.91,0.71,N,VIIRS_NOAA21_NRT
22.07298,83.34769,304.55,0.41,0.37,2026-10-05,2004,N20,VIIRS,n,2.0NRT,294.25,0.71,N,VIIRS_NOAA20_NRT
23.66978,84.99446,306.08,0.39,0.36,2026-10-05,2004,N20,VIIRS,n,2.0NRT,292.6,0.71,N,VIIRS_NOAA20_NRT
27.71612,76.1425,330.84,0.41,0.6,2026-10-05,858,N,VIIRS,l,2.0NRT,305.29,0.71,D,VIIRS_SNPP_NRT
18.43814,76.53375,300.29,0.58,0.52,2026-10-05,2004,N20,VIIRS,n,2.0NRT,287.74,0.7,N,VIIRS_NOAA20_NRT
24.20393,82.71199,300.61,0.36,0.58,2026-10-05,1945,N,VIIRS,n,2.0NRT,288.07,0.69,N,VIIRS_SNPP_NRT
24.20424,82.70859,302.29,0.36,0.58,2026-10-05,1945,N,VIIRS,n,2.0NRT,288.13,0.69,N,VIIRS_SNPP_NRT
25.54125,91.23753,308.6,0.4,0.37,2026-10-05,1945,N,VIIRS,n,2.0NRT,286.38,0.69,N,VIIRS_SNPP_NRT
22.87092,86.06059,300.76,0.6,0.7,2026-10-05,2049,N21,VIIRS,n,2.0NRT,287.86,0.68,N,VIIRS_NOAA21_NRT
24.14369,82.65545,304.23,0.34,0.56,2026-10-05,2049,N21,VIIRS,n,2.0NRT,287.81,0.68,N,VIIRS_NOAA21_NRT
23.69807,87.09602,306.48,0.39,0.37,2026-10-05,2004,N20,VIIRS,n,2.0NRT,295.28,0.68,N,VIIRS_NOAA20_NRT
23.70868,85.40289,306.06,0.39,0.36,2026-10-05,2004,N20,VIIRS,n,2.0NRT,293.01,0.68,N,VIIRS_NOAA20_NRT
22.20802,84.55183,303.96,0.53,0.5,2026-10-05,1945,N,VIIRS,n,2.0NRT,292.45,0.67,N,VIIRS_SNPP_NRT
31.25713,76.92621,301.48,0.5,0.49,2026-10-05,2123,N,VIIRS,n,2.0NRT,289.91,0.67,N,VIIRS_SNPP_NRT
23.81007,85.53214,301.75,0.48,0.48,2026-10-05,1945,N,VIIRS,n,2.0NRT,290.74,0.66,N,VIIRS_SNPP_NRT
25.54183,91.23354,297.67,0.4,0.37,2026-10-05,1945,N,VIIRS,n,2.0NRT,286.14,0.65,N,VIIRS_SNPP_NRT
28.64953,77.58761,306.84,0.33,0.55,2026-10-05,2002,N20,VIIRS,n,2.0NRT,293.77,0.64,N,VIIRS_NOAA20_NRT
22.85724,86.05464,306.75,0.39,0.36,2026-10-05,2004,N20,VIIRS,n,2.0NRT,292.27,0.63,N,VIIRS_NOAA20_NRT
23.54753,86.5435,304.95,0.39,0.36,2026-10-05,2004,N20,VIIRS,n,2.0NRT,292.27,0.63,N,VIIRS_NOAA20_NRT
23.81083,85.53316,308.18,0.38,0.36,2026-10-05,2004,N20,VIIRS,n,2.0NRT,292.84,0.63,N,VIIRS_NOAA20_NRT
23.58281,86.72723,305.63,0.4,0.44,2026-10-05,1945,N,VIIRS,n,2.0NRT,292.39,0.63,N,VIIRS_SNPP_NRT
19.80151,78.86506,300.89,0.57,0.69,2026-10-05,2125,N,VIIRS,n,2.0NRT,289.83,0.62,N,VIIRS_SNPP_NRT
21.80232,85.56655,306.77,0.38,0.36,2026-10-05,2004,N20,VIIRS,n,2.0NRT,291.81,0.61,N,VIIRS_NOAA20_NRT
23.31502,70.19933,306.42,0.36,0.58,2026-10-05,2144,N20,VIIRS,n,2.0NRT,295.95,0.61,N,VIIRS_NOAA20_NRT
23.16425,82.34129,304.31,0.37,0.58,2026-10-05,1945,N,VIIRS,n,2.0NRT,291.04,0.61,N,VIIRS_SNPP_NRT
21.77857,72.12771,310.84,0.39,0.36,2026-10-05,2046,N21,VIIRS,n,2.0NRT,296.3,0.6,N,VIIRS_NOAA21_NRT
28.7757,76.69724,307.04,0.38,0.59,2026-10-05,2002,N20,VIIRS,n,2.0NRT,294.59,0.6,N,VIIRS_NOAA20_NRT
26.75882,83.198,302.74,0.36,0.57,2026-10-05,1945,N,VIIRS,n,2.0NRT,290.25,0.6,N,VIIRS_SNPP_NRT
19.1048,73.05112,306.13,0.39,0.36,2026-10-05,2049,N21,VIIRS,n,2.0NRT,294.36,0.59,N,VIIRS_NOAA21_NRT
17.61043,83.20589,307.45,0.56,0.52,2026-10-05,1947,N,VIIRS,n,2.0NRT,290.59,0.59,N,VIIRS_SNPP_NRT
23.84005,84.94625,307.55,0.39,0.36,2026-10-05,2004,N20,VIIRS,n,2.0NRT,292.24,0.58,N,VIIRS_NOAA20_NRT
22.09943,84.37607,303.55,0.39,0.36,2026-10-05,2004,N20,VIIRS,n,2.0NRT,293.55,0.57,N,VIIRS_NOAA20_NRT
22.31492,84.76726,303.82,0.39,0.36,2026-10-05,2004,N20,VIIRS,n,2.0NRT,293.72,0.56,N,VIIRS_NOAA20_NRT
24.1375,82.69552,308.79,0.45,0.39,2026-10-05,2004,N20,VIIRS,n,2.0NRT,290.45,0.56,N,VIIRS_NOAA20_NRT
20.86336,84.98566,313.59,0.38,0.36,2026-10-05,2004,N20,VIIRS,n,2.0NRT,294.32,0.55,N,VIIRS_NOAA20_NRT
23.78023,85.51212,303.61,0.38,0.36,2026-10-05,2004,N20,VIIRS,n,2.0NRT,293.1,0.54,N,VIIRS_NOAA20_NRT
23.62136,86.88905,304.84,0.4,0.44,2026-10-05,1945,N,VIIRS,n,2.0NRT,293.21,0.54,N,VIIRS_SNPP_NRT
19.85042,75.86031,302.05,0.37,0.58,2026-10-05,2125,N,VIIRS,n,2.0NRT,291.14,0.54,N,VIIRS_SNPP_NRT
23.6953,85.35804,308.98,0.39,0.36,2026-10-05,2004,N20,VIIRS,n,2.0NRT,293.92,0.53,N,VIIRS_NOAA20_NRT
23.70334,86.07417,305.3,0.44,0.46,2026-10-05,1945,N,VIIRS,n,2.0NRT,290.65,0.53,N,VIIRS_SNPP_NRT
22.17633,75.41486,332.02,0.32,0.54,2026-10-05,856,N,VIIRS,n,2.0NRT,303.67,0.52,D,VIIRS_SNPP_NRT
24.44923,83.03902,305.31,0.35,0.57,2026-10-05,1945,N,VIIRS,n,2.0NRT,289.05,0.51,N,VIIRS_SNPP_NRT
23.66517,87.23689,305.56,0.4,0.37,2026-10-05,2004,N20,VIIRS,n,2.0NRT,293.74,0.5,N,VIIRS_NOAA20_NRT
24.19563,82.7169,300.7,0.36,0.58,2026-10-05,1945,N,VIIRS,n,2.0NRT,287.83,0.47,N,VIIRS_SNPP_NRT
17.14783,78.22123,303.33,0.44,0.46,2026-10-05,2006,N20,VIIRS,n,2.0NRT,291.56,0.46,N,VIIRS_NOAA20_NRT
21.60327,81.82447,303.65,0.34,0.56,2026-10-05,2046,N21,VIIRS,n,2.0NRT,293.04,0.45,N,VIIRS_NOAA21_NRT
15.17474,76.65491,298.11,0.42,0.45,2026-10-05,2049,N21,VIIRS,n,2.0NRT,262.24,0.45,N,VIIRS_NOAA21_NRT
22.08555,83.11466,306.21,0.32,0.55,2026-10-05,1945,N,VIIRS,n,2.0NRT,292.48,0.44,N,VIIRS_SNPP_NRT
15.91416,77.36185,297.29,0.48,0.48,2026-10-05,2006,N20,VIIRS,n,2.0NRT,278.3,0.43,N,VIIRS_NOAA20_NRT
23.40864,72.41142,304.51,0.62,0.71,2026-10-05,2004,N20,VIIRS,n,2.0NRT,293.25,0.39,N,VIIRS_NOAA20_NRT
23.73961,86.0276,302.34,0.38,0.36,2026-10-05,2004,N20,VIIRS,n,2.0NRT,290.76,0.39,N,VIIRS_NOAA20_NRT
18.44036,76.53733,299.47,0.43,0.62,2026-10-05,2125,N,VIIRS,n,2.0NRT,288.0,0.39,N,VIIRS_SNPP_NRT
31.25898,76.92656,302.47,0.4,0.37,2026-10-05,2046,N21,VIIRS,n,2.0NRT,291.2,0.38,N,VIIRS_NOAA21_NRT
23.03387,75.97263,300.58,0.36,0.58,2026-10-05,2004,N20,VIIRS,n,2.0NRT,289.79,0.36,N,VIIRS_NOAA20_NRT
11.18112,79.10049,299.19,0.49,0.4,2026-10-05,2008,N20,VIIRS,n,2.0NRT,283.08,0.27,N,VIIRS_NOAA20_NRT
24.16819,77.99114,302.6,0.41,0.6,2026-10-05,2123,N,VIIRS,n,2.0NRT,289.61,0.26,N,VIIRS_SNPP_NRT
22.17007,85.43472,306.02,0.38,0.36,2026-10-05,2004,N20,VIIRS,n,2.0NRT,291.24,0.23,N,VIIRS_NOAA20_NRT
