{
"type": "FeatureCollection",
"name": "india_boundary",
"crs": { "type": "name", "properties": { "name": "urn:ogc:def:crs:OGC:1.3:CRS84" } },
"features": [
{ "type": "Feature", "properties": { }, "geometry": { "type": "MultiPolygon", "coordinates": [ [ [ [ 77.518734194050282, 35.485657323893747 ], [ 77.536043, 35.488528 ], [ 77.549828, 35.483508 ], [ 77.558801, 35.488032 ], [ 77.586345, 35.478031 ], [ 77.584013601094199, 35.468033275286864 ], [ 77.593168708651802, 35.466649694884836 ], [ 77.605452, 35.472681 ], [ 77.62974, 35.462078001000066 ], [ 77.638372382885947, 35.466129082517746 ], [ 77.638419, 35.483603 ], [ 77.651208, 35.487425 ], [ 77.661427, 35.483146 ], [ 77.665577, 35.47274 ], [ 77.687740290662902, 35.453102685108263 ], [ 77.698195, 35.463573 ], [ 77.718398, 35.461618 ], [ 77.741704, 35.494524 ], [ 77.759005, 35.502513 ], [ 77.78007, 35.4978 ], [ 77.783547, 35.504007001000048 ], [ 77.798433, 35.509611 ], [ 77.802859, 35.519382 ], [ 77.814613, 35.522256 ], [ 77.82772744600004, 35.504256016000056 ], [ 77.839681261000067, 35.503522736000036 ], [ 77.85346398400003, 35.490876275000062 ], [ 77.860109, 35.500153 ], [ 77.866928, 35.498211 ], [ 77.882192, 35.479673001000037 ], [ 77.888938, 35.479677 ], [ 77.91099100100007, 35.46209900100007 ], [ 77.921503, 35.482455 ], [ 77.918223, 35.490549001000034 ], [ 77.936656, 35.524846 ], [ 77.930847, 35.528153001000078 ], [ 77.933064, 35.537963001000037 ], [ 77.928345, 35.541257001000076 ], [ 77.93785, 35.559317001000068 ], [ 77.950642, 35.552064 ], [ 77.977623, 35.572185001000037 ], [ 77.996028, 35.559229 ], [ 78.004674, 35.569377001000078 ], [ 78.012265, 35.571157 ], [ 78.022426, 35.564233 ], [ 78.03234, 35.572328 ], [ 78.027949, 35.582705 ], [ 78.04037, 35.586846 ], [ 78.048269, 35.578246 ], [ 78.068142, 35.570284 ], [ 78.076615, 35.559965 ], [ 78.072538, 35.544486 ], [ 78.090516, 35.533402 ], [ 78.103074, 35.55609 ], [ 78.129723, 35.545539 ], [ 78.15719, 35.550947001000054 ], [ 78.162092, 35.563358 ], [ 78.158024, 35.581799001000036 ], [ 78.161735, 35.59293 ], [ 78.181259, 35.600793001000056 ], [ 78.172933, 35.616715 ], [ 78.180038, 35.634402 ], [ 78.197422, 35.639844 ], [ 78.192434, 35.645739 ], [ 78.194399, 35.658135 ], [ 78.181701, 35.66735600100003 ], [ 78.185934, 35.675217 ], [ 78.208307, 35.667659 ], [ 78.228588, 35.698044 ], [ 78.240101, 35.706209 ], [ 78.243632, 35.725290001000076 ], [ 78.301889, 35.726995 ], [ 78.317981, 35.720759 ], [ 78.325008, 35.723893 ], [ 78.340292, 35.719822 ], [ 78.370813, 35.728882001000045 ], [ 78.408756, 35.730696001000069 ], [ 78.418279, 35.746569001000069 ], [ 78.417194001000041, 35.762396 ], [ 78.440501, 35.780733001000044 ], [ 78.460304, 35.774988 ], [ 78.462723, 35.764406 ], [ 78.505353, 35.771209 ], [ 78.522586, 35.762744 ], [ 78.535586, 35.763499001000071 ], [ 78.561738, 35.775442 ], [ 78.574113, 35.787157 ], [ 78.576735, 35.797215001000041 ], [ 78.607587, 35.815177001000052 ], [ 78.631381001000079, 35.813987001000044 ], [ 78.656603, 35.822078001000079 ], [ 78.673497, 35.852059 ], [ 78.694675, 35.849679 ], [ 78.701575, 35.856580001000054 ], [ 78.716927, 35.858174001000066 ], [ 78.721763, 35.863010001000077 ], [ 78.750341001000038, 35.859712 ], [ 78.800242, 35.869825 ], [ 78.82772, 35.908514001000071 ], [ 78.827281, 35.919506001000059 ], [ 78.836074, 35.941928 ], [ 78.845087, 35.948084 ], [ 78.855859, 35.974243 ], [ 78.875643, 35.969187 ], [ 78.896527, 35.954019 ], [ 78.914113, 35.952700001000039 ], [ 78.926424, 35.945226 ], [ 78.954782, 35.948523 ], [ 78.965993, 35.935334 ], [ 78.97238, 35.934076001000051 ], [ 78.976459, 35.939769001000059 ], [ 78.988415, 35.929178 ], [ 78.996989, 35.933575 ], [ 79.003584, 35.928299 ], [ 79.011498, 35.931157 ], [ 79.028424, 35.91423 ], [ 79.040075, 35.918407 ], [ 79.042494, 35.927859001000058 ], [ 79.057222, 35.941489001000036 ], [ 79.077666, 35.94698500100003 ], [ 79.130645, 35.942368001000034 ], [ 79.164498, 35.944786001000068 ], [ 79.191318, 35.932256 ], [ 79.269576, 35.92742 ], [ 79.294417001000056, 35.938631 ], [ 79.308047, 35.954459001000032 ], [ 79.338383, 35.963472 ], [ 79.336185, 35.976661 ], [ 79.343439, 35.987873 ], [ 79.441727, 35.968321001000049 ], [ 79.444584, 35.965315 ], [ 79.439623, 35.954491 ], [ 79.439623, 35.934198 ], [ 79.456334, 35.924093001000074 ], [ 79.468368, 35.900339001000077 ], [ 79.464426, 35.888649 ], [ 79.45225, 35.882786001000056 ], [ 79.456459, 35.87196300100004 ], [ 79.488896, 35.849221 ], [ 79.501331, 35.846524 ], [ 79.517341, 35.850316001000067 ], [ 79.525308, 35.865800001000025 ], [ 79.538086, 35.867904 ], [ 79.546211, 35.881070001000069 ], [ 79.557839, 35.880355 ], [ 79.563165, 35.896790001000056 ], [ 79.572129, 35.89653 ], [ 79.588434, 35.876978001000055 ], [ 79.581613, 35.865285 ], [ 79.584017, 35.853918 ], [ 79.574915, 35.848738001000072 ], [ 79.56427, 35.829791 ], [ 79.571909, 35.81266000100004 ], [ 79.575817, 35.809954 ], [ 79.588413, 35.814962001000026 ], [ 79.58449, 35.799683 ], [ 79.592542, 35.788879 ], [ 79.638582, 35.777730001000066 ], [ 79.629382, 35.767085001000055 ], [ 79.642642, 35.75104 ], [ 79.634111, 35.74157800100005 ], [ 79.645124, 35.723895 ], [ 79.664592, 35.718543001000057 ], [ 79.670331, 35.703419 ], [ 79.678629, 35.70024 ], [ 79.679405, 35.670690001000025 ], [ 79.68654, 35.66355400100008 ], [ 79.693116, 35.666639 ], [ 79.698242, 35.663450001000058 ], [ 79.704278, 35.639045 ], [ 79.721114, 35.636039 ], [ 79.734015, 35.642769 ], [ 79.771473, 35.625666 ], [ 79.787557, 35.623712001000058 ], [ 79.794773, 35.629424001000075 ], [ 79.800936, 35.623862001000077 ], [ 79.816842, 35.626974 ], [ 79.839269, 35.60161400100003 ], [ 79.836714, 35.586281 ], [ 79.845733, 35.574556 ], [ 79.860766, 35.57666 ], [ 79.866929, 35.584327 ], [ 79.869034, 35.598307 ], [ 79.920957, 35.604706 ], [ 79.924588, 35.620652 ], [ 79.938008, 35.620968 ], [ 79.954191, 35.633914 ], [ 79.958453, 35.629493 ], [ 79.954585, 35.616231 ], [ 79.973926, 35.605495001000065 ], [ 79.99895, 35.602417 ], [ 80.001081, 35.592470001000038 ], [ 79.995319, 35.584102001000076 ], [ 79.984819, 35.579366 ], [ 79.971005, 35.580392 ], [ 79.965321, 35.574708 ], [ 79.96632, 35.553565001000038 ], [ 79.978301, 35.548796 ], [ 79.982342, 35.533107001000076 ], [ 79.994715, 35.523113 ], [ 79.994001, 35.509788 ], [ 80.006850001000032, 35.496225001000028 ], [ 80.016844, 35.465768001000072 ], [ 80.033976, 35.44697 ], [ 80.034928, 35.438642001000062 ], [ 80.054915, 35.423414 ], [ 80.072285, 35.423176001000058 ], [ 80.079662, 35.431742 ], [ 80.08799, 35.432456001000048 ], [ 80.080996, 35.450408 ], [ 80.095772, 35.458355001000029 ], [ 80.11, 35.478379 ], [ 80.127132, 35.478379 ], [ 80.138700001000075, 35.48755200100004 ], [ 80.141948, 35.497994 ], [ 80.182587, 35.508846001000052 ], [ 80.171535, 35.527116001000024 ], [ 80.166197, 35.552757 ], [ 80.205413, 35.575150001000054 ], [ 80.224883, 35.554691001000037 ], [ 80.232663, 35.560048 ], [ 80.241719, 35.554946001000076 ], [ 80.250009, 35.556859001000078 ], [ 80.263783, 35.568338 ], [ 80.276793, 35.552905 ], [ 80.297454, 35.556094001000076 ], [ 80.303959, 35.545125 ], [ 80.302173, 35.534029 ], [ 80.31582, 35.523826 ], [ 80.32756, 35.534929 ], [ 80.346595, 35.524628 ], [ 80.358424, 35.529051001000028 ], [ 80.36647, 35.525107001000038 ], [ 80.365031, 35.515729001000068 ], [ 80.371167, 35.506592 ], [ 80.384619, 35.500943001000053 ], [ 80.389468, 35.48768 ], [ 80.411595, 35.477111 ], [ 80.421723, 35.451681 ], [ 80.411926, 35.426031 ], [ 80.394972, 35.414692001000049 ], [ 80.376918, 35.392344001000026 ], [ 80.360735, 35.386729 ], [ 80.346754, 35.391023 ], [ 80.310865, 35.369996001000061 ], [ 80.298755, 35.368455001000029 ], [ 80.285875, 35.354254001000072 ], [ 80.276443, 35.328331 ], [ 80.273588, 35.300492001000066 ], [ 80.266212, 35.296447 ], [ 80.294289, 35.267893 ], [ 80.285485, 35.232915001000038 ], [ 80.277395, 35.226966001000051 ], [ 80.27454, 35.216735 ], [ 80.285247, 35.211262 ], [ 80.28263, 35.203886 ], [ 80.255266, 35.205551 ], [ 80.244796, 35.185326 ], [ 80.222667, 35.171287 ], [ 80.222905, 35.163911 ], [ 80.235517, 35.153917001000025 ], [ 80.233137, 35.147968001000038 ], [ 80.227188, 35.147968001000038 ], [ 80.216243, 35.139164 ], [ 80.207915, 35.123936 ], [ 80.194828, 35.117987 ], [ 80.216083001000072, 34.992703 ], [ 80.233575, 34.989589 ], [ 80.224879, 34.980409001000055 ], [ 80.224886, 34.970414 ], [ 80.211595, 34.961320001000047 ], [ 80.19336300100008, 34.958696 ], [ 80.186257, 34.946487 ], [ 80.203497, 34.920628 ], [ 80.205051, 34.891236 ], [ 80.167464, 34.880073001000028 ], [ 80.16817, 34.872867 ], [ 80.157075, 34.868462 ], [ 80.13685, 34.86893800100006 ], [ 80.136136, 34.855137 ], [ 80.120462, 34.837705 ], [ 80.120118, 34.831086001000074 ], [ 80.111822, 34.826298 ], [ 80.110416, 34.804427001000079 ], [ 80.098992, 34.774536 ], [ 80.091091, 34.768539 ], [ 80.072243, 34.768634 ], [ 80.066912, 34.762256 ], [ 80.079206, 34.733439001000079 ], [ 80.079382, 34.717229 ], [ 80.074146, 34.705806001000042 ], [ 79.994776, 34.692031 ], [ 79.97219, 34.699703001000046 ], [ 79.951539, 34.673747001000038 ], [ 79.943795, 34.676113 ], [ 79.932394, 34.691888 ], [ 79.917838, 34.688231 ], [ 79.898478, 34.696190001000048 ], [ 79.848643, 34.672241001000032 ], [ 79.829713, 34.646069 ], [ 79.815874, 34.641695 ], [ 79.800458, 34.629075 ], [ 79.786547, 34.627354001000072 ], [ 79.78583, 34.608639 ], [ 79.801813, 34.58926400100006 ], [ 79.788808, 34.57434900100003 ], [ 79.78825, 34.564019 ], [ 79.808837, 34.544547001000069 ], [ 79.811454, 34.534077001000071 ], [ 79.794322, 34.480063 ], [ 79.778618, 34.479111 ], [ 79.76553, 34.470545 ], [ 79.755537, 34.472211 ], [ 79.752681, 34.477684 ], [ 79.72163, 34.471735 ], [ 79.70188, 34.486012 ], [ 79.694028, 34.47816 ], [ 79.684986, 34.476732 ], [ 79.680941, 34.461741001000064 ], [ 79.673565, 34.454603001000066 ], [ 79.656195, 34.45151 ], [ 79.645487, 34.456269 ], [ 79.623358, 34.449844001000031 ], [ 79.600515, 34.466262 ], [ 79.561117, 34.458409001000064 ], [ 79.547934, 34.474927001000026 ], [ 79.538163, 34.478881 ], [ 79.525523, 34.460736 ], [ 79.508851, 34.453679 ], [ 79.530592, 34.442644 ], [ 79.529233, 34.423171001000071 ], [ 79.537611, 34.412076001000059 ], [ 79.534781, 34.400754 ], [ 79.559017, 34.371622 ], [ 79.563062, 34.346876001000055 ], [ 79.567583, 34.333075001000054 ], [ 79.573056001000054, 34.330933 ], [ 79.574721, 34.319036 ], [ 79.602809, 34.306550001000062 ], [ 79.610078, 34.284162001000027 ], [ 79.607364, 34.238222 ], [ 79.589831, 34.24099 ], [ 79.55866, 34.209343 ], [ 79.544859, 34.202918001000057 ], [ 79.507822, 34.198376001000042 ], [ 79.490589, 34.1909 ], [ 79.497984, 34.168416 ], [ 79.495842, 34.149618001000078 ], [ 79.49037, 34.145097001000067 ], [ 79.491321, 34.134152001000075 ], [ 79.485611001000052, 34.125586 ], [ 79.470144, 34.116068 ], [ 79.427552, 34.113451 ], [ 79.41613, 34.100126001000035 ], [ 79.419462, 34.079900001000055 ], [ 79.427314, 34.075855 ], [ 79.430407, 34.061341 ], [ 79.41851, 34.05444 ], [ 79.422079, 34.044684001000064 ], [ 79.404471, 34.027314 ], [ 79.410182, 34.010182001000032 ], [ 79.403281, 34.00233 ], [ 79.39067, 33.997095001000048 ], [ 79.377107, 34.000664001000075 ], [ 79.36651, 33.994337 ], [ 79.33166, 34.00447100100007 ], [ 79.316193, 34.014941001000068 ], [ 79.300489, 34.008516 ], [ 79.290971, 34.014941001000068 ], [ 79.278836, 34.012324 ], [ 79.248854, 34.023983 ], [ 79.234102, 34.012086 ], [ 79.225298, 34.010658 ], [ 79.189606, 34.025173 ], [ 79.171046, 34.021841 ], [ 79.161528, 34.012324 ], [ 79.15082, 34.009230001000049 ], [ 79.147251, 33.998999 ], [ 79.138923, 33.994478 ], [ 79.099424, 33.98995700100005 ], [ 79.029468001000055, 34.010420001000057 ], [ 78.995204, 34.036832 ], [ 78.911685, 34.009706 ], [ 78.902643, 34.001616 ], [ 78.887176, 33.972587001000079 ], [ 78.937145, 33.912624 ], [ 78.965223, 33.821253001000059 ], [ 78.9933, 33.794603 ], [ 79.000439, 33.773426 ], [ 79.028278001000047, 33.753676001000031 ], [ 79.010212, 33.71439 ], [ 79.007572, 33.693302001000063 ], [ 79.011855, 33.685212001000025 ], [ 79.022087, 33.674266001000035 ], [ 79.06396600100004, 33.666414 ], [ 79.090382, 33.637189 ], [ 79.085143, 33.619538 ], [ 79.02518, 33.619063 ], [ 79.003527, 33.607403 ], [ 78.907397, 33.62049 ], [ 78.905296, 33.605516 ], [ 78.885744, 33.576232001000051 ], [ 78.90975, 33.565431001000036 ], [ 78.913517, 33.554639 ], [ 78.93143, 33.486764 ], [ 78.927385, 33.440603001000056 ], [ 78.934047, 33.417046 ], [ 78.931864, 33.406853 ], [ 78.940135, 33.395882001000075 ], [ 78.936605, 33.386916 ], [ 78.940111001000048, 33.380019 ], [ 78.95406, 33.371464001000049 ], [ 78.950447001000043, 33.364317 ], [ 78.963013, 33.339130001000058 ], [ 78.976643, 33.33445400100004 ], [ 78.981824, 33.326696 ], [ 79.004487, 33.327254001000028 ], [ 79.026725, 33.320346 ], [ 79.029063, 33.307832001000065 ], [ 79.037778, 33.305414001000031 ], [ 79.03219800100004, 33.294441 ], [ 79.039292, 33.286311 ], [ 79.033607, 33.27842 ], [ 79.035201001000075, 33.272681 ], [ 79.045137, 33.260779 ], [ 79.052417, 33.261815 ], [ 79.079942, 33.244917001000033 ], [ 79.067481, 33.23793 ], [ 79.066844, 33.232005 ], [ 79.072848, 33.22323700100003 ], [ 79.084645, 33.219863001000078 ], [ 79.107388, 33.19975 ], [ 79.124365, 33.202620001000071 ], [ 79.151971, 33.181869001000052 ], [ 79.174461, 33.203966001000026 ], [ 79.174208, 33.210282001000053 ], [ 79.182293, 33.212241 ], [ 79.182862, 33.22001 ], [ 79.192873, 33.218589 ], [ 79.20058, 33.209714 ], [ 79.209644, 33.212651 ], [ 79.216971, 33.237886 ], [ 79.238447001000054, 33.233117 ], [ 79.255818, 33.215399 ], [ 79.27223, 33.221216 ], [ 79.273322, 33.212617 ], [ 79.295864, 33.202703 ], [ 79.302497, 33.190670001000058 ], [ 79.323878, 33.190291 ], [ 79.324447, 33.195218 ], [ 79.337553, 33.20425 ], [ 79.362314, 33.19727 ], [ 79.38518, 33.201913 ], [ 79.408298, 33.188838 ], [ 79.410951, 33.171152 ], [ 79.395886, 33.169414 ], [ 79.392949, 33.155992001000072 ], [ 79.400371, 33.14857 ], [ 79.398981, 33.139980001000026 ], [ 79.390398, 33.138851001000035 ], [ 79.364312, 33.106121 ], [ 79.368157, 33.085343 ], [ 79.358311, 33.068874 ], [ 79.358511, 33.061133 ], [ 79.340579, 33.057364 ], [ 79.328358, 33.034464 ], [ 79.341436, 33.01973 ], [ 79.338468, 33.002309 ], [ 79.331457, 33.000793 ], [ 79.343932, 32.97998 ], [ 79.354355, 32.976567 ], [ 79.36345, 32.962988001000042 ], [ 79.352869, 32.954682 ], [ 79.364081, 32.938164 ], [ 79.379557, 32.945744001000037 ], [ 79.399706001000084, 32.941670001000034 ], [ 79.390484, 32.917004001000066 ], [ 79.421467, 32.894991 ], [ 79.45207, 32.888832 ], [ 79.456618, 32.879358 ], [ 79.461324, 32.8822 ], [ 79.471241, 32.878789 ], [ 79.47282, 32.849512 ], [ 79.460914, 32.83343700100005 ], [ 79.480323, 32.811529 ], [ 79.4808, 32.800677 ], [ 79.505323, 32.783541 ], [ 79.544722, 32.773017001000028 ], [ 79.541146, 32.763977 ], [ 79.549985001000039, 32.764609 ], [ 79.557271, 32.759179 ], [ 79.546914, 32.74873 ], [ 79.543035, 32.730346 ], [ 79.561282, 32.714367 ], [ 79.550722, 32.704904001000045 ], [ 79.540843, 32.703226001000075 ], [ 79.538583, 32.682818 ], [ 79.548375, 32.676552 ], [ 79.538552, 32.671231 ], [ 79.524636, 32.651546001000042 ], [ 79.502924, 32.643717 ], [ 79.494317, 32.631564 ], [ 79.469798, 32.617097 ], [ 79.462950001000081, 32.606116 ], [ 79.452456, 32.603784001000065 ], [ 79.451668, 32.59256 ], [ 79.427628, 32.560989 ], [ 79.428374, 32.554864 ], [ 79.435295, 32.551138 ], [ 79.433113, 32.543962 ], [ 79.427904, 32.539716 ], [ 79.413656, 32.540534 ], [ 79.418317, 32.529967 ], [ 79.413331, 32.520026001000076 ], [ 79.367269, 32.532445001000042 ], [ 79.356025, 32.526552 ], [ 79.350972, 32.528539 ], [ 79.333917, 32.542562 ], [ 79.34001, 32.554136001000074 ], [ 79.331177001000071, 32.565447001000052 ], [ 79.321614, 32.559004 ], [ 79.311149001000047, 32.560112 ], [ 79.308175, 32.551162 ], [ 79.293452, 32.539559 ], [ 79.276039, 32.556002 ], [ 79.267449, 32.538588001000051 ], [ 79.256193001000042, 32.5362 ], [ 79.248154, 32.5167 ], [ 79.223373, 32.524706001000027 ], [ 79.220914, 32.509591001000047 ], [ 79.188294, 32.515877 ], [ 79.182709, 32.510799001000066 ], [ 79.183966, 32.497826 ], [ 79.155563, 32.494538001000024 ], [ 79.149152, 32.476865001000078 ], [ 79.131546, 32.480951 ], [ 79.132044, 32.469457001000023 ], [ 79.117527, 32.454475 ], [ 79.121115, 32.447665 ], [ 79.117261, 32.437931 ], [ 79.126430001000074, 32.421654 ], [ 79.114338, 32.418298 ], [ 79.113009, 32.411688 ], [ 79.105435, 32.407469 ], [ 79.10012, 32.394945001000053 ], [ 79.104505, 32.39082600100005 ], [ 79.104671, 32.37501300100007 ], [ 79.100153, 32.370628 ], [ 79.086832, 32.372389 ], [ 79.08135, 32.379498001000059 ], [ 79.060389, 32.387138001000039 ], [ 79.028182, 32.379690001000029 ], [ 79.022801, 32.383311 ], [ 79.013599, 32.381218 ], [ 78.990179, 32.370820001000027 ], [ 78.968287, 32.33574 ], [ 78.93736, 32.359127 ], [ 78.907529, 32.37251400100007 ], [ 78.901981, 32.380985 ], [ 78.905502, 32.389323001000037 ], [ 78.892347, 32.40051800100008 ], [ 78.881983, 32.398193 ], [ 78.868629, 32.413507001000028 ], [ 78.838598, 32.41271000100005 ], [ 78.832187, 32.427891 ], [ 78.8087, 32.43825600100007 ], [ 78.795711, 32.47493 ], [ 78.779367, 32.479016001000048 ], [ 78.780829, 32.515658001000077 ], [ 78.770132, 32.524826001000065 ], [ 78.767342, 32.536752 ], [ 78.771029, 32.538878 ], [ 78.757475, 32.567181001000051 ], [ 78.761927, 32.579439 ], [ 78.774384, 32.585419 ], [ 78.78136, 32.616313 ], [ 78.773919, 32.619104 ], [ 78.770465, 32.630432 ], [ 78.751711, 32.640886 ], [ 78.742145, 32.655287001000033 ], [ 78.740502, 32.662847 ], [ 78.749869, 32.686577 ], [ 78.739588616000049, 32.695718145000058 ], [ 78.723049, 32.674252 ], [ 78.710461, 32.667744 ], [ 78.664064143000076, 32.657524986000055 ], [ 78.643338, 32.644104 ], [ 78.634103, 32.645428 ], [ 78.631405146000077, 32.634732303000078 ], [ 78.641037, 32.610975 ], [ 78.633472, 32.605395 ], [ 78.608308850000071, 32.600534202000063 ], [ 78.583014, 32.603738 ], [ 78.578037, 32.613061 ], [ 78.563007, 32.616265001000045 ], [ 78.558426, 32.622458 ], [ 78.556158, 32.617101001000037 ], [ 78.546528, 32.618875 ], [ 78.541632, 32.612283 ], [ 78.516279, 32.614515 ], [ 78.517453, 32.603837 ], [ 78.500948, 32.583603001000029 ], [ 78.492345, 32.585228 ], [ 78.479127, 32.576293 ], [ 78.453766, 32.581337001000065 ], [ 78.448672, 32.573974 ], [ 78.416068, 32.567467 ], [ 78.405312, 32.554792 ], [ 78.404597, 32.546924 ], [ 78.393465, 32.539206 ], [ 78.395036, 32.529874001000053 ], [ 78.407734, 32.525495 ], [ 78.427596, 32.504924 ], [ 78.427389, 32.49718 ], [ 78.440424, 32.479831001000036 ], [ 78.454965, 32.471319 ], [ 78.45068, 32.460649 ], [ 78.462266, 32.454944 ], [ 78.463477, 32.447082 ], [ 78.472197, 32.44188100100007 ], [ 78.470926, 32.397103001000062 ], [ 78.454345001000036, 32.386462001000041 ], [ 78.469419, 32.364916 ], [ 78.480975, 32.366482 ], [ 78.485231, 32.358946 ], [ 78.475938, 32.33233 ], [ 78.478811, 32.325087001000043 ], [ 78.497358, 32.324564001000056 ], [ 78.510376, 32.303065 ], [ 78.499164, 32.295018001000074 ], [ 78.488363, 32.275637 ], [ 78.497731, 32.275732001000051 ], [ 78.520188, 32.261967 ], [ 78.525045, 32.246593001000065 ], [ 78.537604, 32.237159 ], [ 78.543256, 32.221883001000037 ], [ 78.559918, 32.202245001000051 ], [ 78.580108, 32.203893 ], [ 78.595748, 32.197991 ], [ 78.599978, 32.174481 ], [ 78.591592, 32.167153 ], [ 78.59675, 32.158104 ], [ 78.626817001000063, 32.137936 ], [ 78.631200795000041, 32.125781949000043 ], [ 78.656950800000061, 32.116037876000064 ], [ 78.682504443000084, 32.114643357000034 ], [ 78.694451473000072, 32.095091731000025 ], [ 78.682642, 32.0801 ], [ 78.705739, 32.064442 ], [ 78.712705, 32.04662600100005 ], [ 78.721938, 32.039761001000045 ], [ 78.720894, 32.029805 ], [ 78.734263, 32.013224 ], [ 78.734384, 32.004954 ], [ 78.739803, 32.001422001000037 ], [ 78.766863, 32.003567001000079 ], [ 78.769672, 31.996925 ], [ 78.779628, 31.993593 ], [ 78.774112, 31.986235 ], [ 78.773546, 31.974316 ], [ 78.779118, 31.966646001000072 ], [ 78.764768, 31.958738 ], [ 78.768919, 31.930776 ], [ 78.760013, 31.925564 ], [ 78.742444500000033, 31.901596290000043 ], [ 78.747671564000029, 31.891358479000075 ], [ 78.740786526000079, 31.885211333000029 ], [ 78.749401151000029, 31.874532707000071 ], [ 78.740716330000055, 31.85997487800006 ], [ 78.744424931000083, 31.854855934000057 ], [ 78.739672858000063, 31.841750460000071 ], [ 78.733716012000059, 31.831479964000039 ], [ 78.71693431500006, 31.822715467000023 ], [ 78.702297619000035, 31.806613187000039 ], [ 78.705121236000082, 31.773786780000023 ], [ 78.725474, 31.758071 ], [ 78.729999, 31.733204 ], [ 78.734325, 31.723825 ], [ 78.742845, 31.718904 ], [ 78.745025, 31.705628 ], [ 78.753644, 31.695325 ], [ 78.751134, 31.680167001000029 ], [ 78.767779, 31.674651001000029 ], [ 78.798756, 31.681553001000054 ], [ 78.801893, 31.647571 ], [ 78.808432, 31.639117001000045 ], [ 78.819033, 31.637235 ], [ 78.828379, 31.625049 ], [ 78.841622, 31.621911 ], [ 78.846641, 31.609164001000067 ], [ 78.840697, 31.597440001000052 ], [ 78.832936, 31.597968001000027 ], [ 78.822401, 31.578649 ], [ 78.806451, 31.577229 ], [ 78.803412, 31.565571 ], [ 78.78013, 31.555862001000037 ], [ 78.775209, 31.543577001000074 ], [ 78.761636, 31.548597 ], [ 78.758136, 31.542454 ], [ 78.744298, 31.54219 ], [ 78.735283, 31.536477001000037 ], [ 78.720455, 31.508868001000053 ], [ 78.725838, 31.483803001000069 ], [ 78.757541, 31.482878 ], [ 78.767779, 31.47307 ], [ 78.775276, 31.454213 ], [ 78.796741, 31.444074 ], [ 78.796114, 31.437568001000045 ], [ 78.782541, 31.428652 ], [ 78.761537, 31.40068 ], [ 78.753017, 31.384927 ], [ 78.757145, 31.372840001000043 ], [ 78.749516, 31.367787 ], [ 78.769529, 31.349029001000076 ], [ 78.763288, 31.341071001000046 ], [ 78.773822, 31.333343 ], [ 78.768439, 31.326309001000027 ], [ 78.778049, 31.319902 ], [ 78.778182, 31.312339 ], [ 78.792184, 31.304116001000068 ], [ 78.81223, 31.306758 ], [ 78.81474, 31.301045 ], [ 78.827025, 31.295563 ], [ 78.853411, 31.294407001000025 ], [ 78.856681, 31.299724 ], [ 78.851397, 31.308905 ], [ 78.861582, 31.3153 ], [ 78.876979, 31.302394 ], [ 78.88339, 31.286193001000072 ], [ 78.899509001000069, 31.289732 ], [ 78.901853, 31.295710001000032 ], [ 78.897494, 31.302645 ], [ 78.917144, 31.31493 ], [ 78.917573, 31.321766001000071 ], [ 78.941582, 31.350662 ], [ 78.943861, 31.365656 ], [ 78.969686, 31.356904 ], [ 78.979362, 31.363938 ], [ 78.989203, 31.356211 ], [ 78.987651, 31.347954 ], [ 79.000465, 31.341845 ], [ 79.018694, 31.349011001000065 ], [ 79.010108, 31.382168 ], [ 79.018034, 31.390985 ], [ 79.018892, 31.426718 ], [ 79.037122, 31.433224 ], [ 79.044783, 31.43329 ], [ 79.049737, 31.425628 ], [ 79.060767, 31.429558 ], [ 79.075166, 31.459016 ], [ 79.086036, 31.450417001000062 ], [ 79.099114, 31.454677 ], [ 79.109121, 31.444902001000059 ], [ 79.142343001000029, 31.432088001000068 ], [ 79.154661, 31.40907 ], [ 79.165361, 31.397445 ], [ 79.170909, 31.399064 ], [ 79.17725, 31.385491 ], [ 79.168664, 31.374394 ], [ 79.170612, 31.363133001000051 ], [ 79.192276, 31.354877 ], [ 79.213412, 31.353985001000069 ], [ 79.236496, 31.334996 ], [ 79.223914, 31.326377 ], [ 79.220248, 31.31650200100006 ], [ 79.228967, 31.303689001000066 ], [ 79.250069, 31.293649001000063 ], [ 79.249211, 31.284667 ], [ 79.246569, 31.276939 ], [ 79.226325, 31.260592001000077 ], [ 79.260604, 31.239786001000027 ], [ 79.282697, 31.238895 ], [ 79.28884, 31.226444001000061 ], [ 79.300861, 31.219047 ], [ 79.308853, 31.172879 ], [ 79.304725, 31.169576001000053 ], [ 79.312353, 31.148275 ], [ 79.325695, 31.135429001000034 ], [ 79.338608, 31.132787 ], [ 79.352082, 31.12245 ], [ 79.364994, 31.123837 ], [ 79.376666, 31.113468001000058 ], [ 79.3909, 31.117464 ], [ 79.402954, 31.115251 ], [ 79.412762, 31.108019 ], [ 79.417254, 31.087775 ], [ 79.413061495000079, 31.072992732000046 ], [ 79.419113251000056, 31.068445775000043 ], [ 79.419464, 31.042636 ], [ 79.427466, 31.022924001000035 ], [ 79.471443, 31.034764001000042 ], [ 79.506865, 31.03239 ], [ 79.509077, 31.015118 ], [ 79.516363, 31.012516 ], [ 79.519518, 31.005522 ], [ 79.516038, 30.997456001000046 ], [ 79.538254, 30.980346 ], [ 79.553208709000046, 30.956880345000059 ], [ 79.603135654000084, 30.939882462000071 ], [ 79.620155, 30.950915 ], [ 79.663156, 30.96445 ], [ 79.665555, 30.982895 ], [ 79.70073300100006, 30.970731 ], [ 79.707585, 30.976042001000053 ], [ 79.734932, 30.979515001000038 ], [ 79.752312, 31.005804001000058 ], [ 79.775642, 30.986541 ], [ 79.792081, 30.986171 ], [ 79.797392, 30.978540001000056 ], [ 79.808217, 30.980288 ], [ 79.816588, 30.971682 ], [ 79.855718, 30.975884001000054 ], [ 79.866039, 30.971783 ], [ 79.876393, 30.965766001000077 ], [ 79.882148, 30.955117001000076 ], [ 79.883782, 30.939803 ], [ 79.888589, 30.937365 ], [ 79.888784, 30.917653001000076 ], [ 79.908398, 30.914693001000046 ], [ 79.930972, 30.880540001000043 ], [ 79.961515, 30.888541001000078 ], [ 79.968964, 30.880605001000049 ], [ 79.988707, 30.876923 ], [ 79.996644, 30.865864 ], [ 80.008171, 30.866245001000038 ], [ 80.031916, 30.84083 ], [ 80.054002, 30.838813001000062 ], [ 80.074006, 30.820566 ], [ 80.087505, 30.795617001000039 ], [ 80.112388, 30.779679001000034 ], [ 80.126960001000043, 30.780004 ], [ 80.129205, 30.78582700100003 ], [ 80.142769, 30.792104001000041 ], [ 80.154251, 30.789567001000023 ], [ 80.158219, 30.806937 ], [ 80.172791, 30.809018 ], [ 80.179362, 30.806026001000077 ], [ 80.185509, 30.791226001000041 ], [ 80.200472, 30.775873 ], [ 80.197187, 30.765660001000072 ], [ 80.21254, 30.752681 ], [ 80.21885, 30.751543001000073 ], [ 80.238638, 30.762319 ], [ 80.240649, 30.749297001000059 ], [ 80.248098, 30.743572 ], [ 80.248781, 30.720413001000054 ], [ 80.233103, 30.7088 ], [ 80.232973, 30.690488 ], [ 80.197811, 30.686161 ], [ 80.192574, 30.666027001000032 ], [ 80.219409, 30.64277 ], [ 80.219214, 30.633662 ], [ 80.211668, 30.62637600100004 ], [ 80.216319, 30.60991800100004 ], [ 80.207926, 30.588318 ], [ 80.218345001000046, 30.58015 ], [ 80.236560001000043, 30.578621001000045 ], [ 80.254515, 30.564569 ], [ 80.283286001000079, 30.569839 ], [ 80.31539, 30.564537001000076 ], [ 80.319131, 30.545443 ], [ 80.335069, 30.53536 ], [ 80.345478, 30.520332001000043 ], [ 80.36456, 30.527527001000067 ], [ 80.385411, 30.517508 ], [ 80.418295001000047, 30.523591 ], [ 80.416051, 30.517345001000024 ], [ 80.428639, 30.512857001000043 ], [ 80.445976, 30.496886001000064 ], [ 80.483415, 30.490218001000073 ], [ 80.488522, 30.484623001000045 ], [ 80.499158, 30.487941 ], [ 80.507225, 30.475678 ], [ 80.518284, 30.472425 ], [ 80.540747, 30.449059 ], [ 80.558912, 30.453825001000041 ], [ 80.565157, 30.46381000100007 ], [ 80.60663, 30.471487 ], [ 80.613623001000065, 30.459289001000059 ], [ 80.623869, 30.462867 ], [ 80.636913, 30.450377001000049 ], [ 80.677571, 30.429201001000024 ], [ 80.677734, 30.423216 ], [ 80.688435, 30.415020001000073 ], [ 80.707301, 30.417394 ], [ 80.734136, 30.400610001000075 ], [ 80.749684, 30.386656 ], [ 80.7504, 30.379858001000059 ], [ 80.765298, 30.372409001000051 ], [ 80.777918, 30.3553 ], [ 80.785464, 30.353478 ], [ 80.78738300100008, 30.3405 ], [ 80.801956, 30.332921001000045 ], [ 80.801598, 30.323033001000056 ], [ 80.818382, 30.322707 ], [ 80.825505, 30.314933 ], [ 80.834756922000054, 30.313003398000035 ], [ 80.845285059000048, 30.317102047000049 ], [ 80.860895, 30.31425 ], [ 80.873613, 30.301174 ], [ 80.907084001000044, 30.303679 ], [ 80.914594, 30.286827 ], [ 80.930361, 30.278452001000062 ], [ 80.925533001000076, 30.272726 ], [ 80.929421, 30.265847 ], [ 80.936557, 30.263454001000071 ], [ 80.950956, 30.270077 ], [ 80.982445984000037, 30.271106850000024 ], [ 81.004624, 30.263625 ], [ 81.012358, 30.253711 ], [ 81.03086, 30.247088001000066 ], [ 81.025808754000082, 30.226493205000054 ], [ 81.029912694000075, 30.225349624000046 ], [ 81.028809520000038, 30.21931225000003 ], [ 81.044776346000049, 30.211048012000049 ], [ 81.044688948000044, 30.205898054000045 ], [ 81.029388166000047, 30.19495316800004 ], [ 81.009338283000034, 30.193722434000051 ], [ 80.997109480000063, 30.185989259000053 ], [ 80.974967297000035, 30.191614442000059 ], [ 80.970363324000061, 30.186143131000051 ], [ 80.932949239000038, 30.177139844000067 ], [ 80.931765678000033, 30.185893135000072 ], [ 80.923620572000061, 30.193719900000076 ], [ 80.923487803000057, 30.203593688000069 ], [ 80.930333914000073, 30.213330840000026 ], [ 80.919871688000057, 30.22612268000006 ], [ 80.909950896000055, 30.223323103000041 ], [ 80.883842918000084, 30.194601086000034 ], [ 80.885439544000064, 30.188336656000047 ], [ 80.880208121000067, 30.181196466000074 ], [ 80.862563746000035, 30.169459365000023 ], [ 80.871480326000039, 30.160910286000046 ], [ 80.877669704000084, 30.128691113000059 ], [ 80.844862813000077, 30.11613593800007 ], [ 80.841760184000066, 30.110525219000067 ], [ 80.845165345000055, 30.102429994000033 ], [ 80.837018221000051, 30.097559665000063 ], [ 80.822443926000062, 30.100001464000059 ], [ 80.815350016000082, 30.09646192200006 ], [ 80.789757767000083, 30.073208187000034 ], [ 80.779374751000034, 30.056764731000044 ], [ 80.761138803000051, 30.04961015400005 ], [ 80.755629874000078, 30.039712121000036 ], [ 80.757459741000048, 30.024006235000058 ], [ 80.746892734000085, 30.00604862800003 ], [ 80.738011540000059, 29.999625725000044 ], [ 80.719504640000082, 30.000419863000047 ], [ 80.674036056000034, 29.957289810000077 ], [ 80.648543149000034, 29.956024366000065 ], [ 80.630191125000067, 29.965273441000079 ], [ 80.602881139000033, 29.958508751000068 ], [ 80.59038126300004, 29.948535151000044 ], [ 80.574198797000065, 29.923576698000034 ], [ 80.56964460100005, 29.909117839000032 ], [ 80.572587017000046, 29.895368968000071 ], [ 80.556842381000081, 29.87072771000004 ], [ 80.561522934000038, 29.866516550000028 ], [ 80.551476007000076, 29.856624038000064 ], [ 80.55265180400005, 29.850513379000063 ], [ 80.538848096000038, 29.847265347000075 ], [ 80.535777068000073, 29.838780687000053 ], [ 80.521706599000083, 29.827157526000065 ], [ 80.507215038000083, 29.823213533000057 ], [ 80.497342715000059, 29.811693599000023 ], [ 80.500225944000078, 29.808822005000025 ], [ 80.492660670000078, 29.802157492000049 ], [ 80.493648112000074, 29.795958644000052 ], [ 80.479512283000076, 29.795813523000049 ], [ 80.46389546100005, 29.802386788000035 ], [ 80.44410982100004, 29.799242096000057 ], [ 80.434694716000081, 29.806128783000077 ], [ 80.428876685000034, 29.798216319000062 ], [ 80.413081549000083, 29.791962577000049 ], [ 80.406840099000078, 29.794564622000053 ], [ 80.397487907000084, 29.759399793000057 ], [ 80.385117016000038, 29.758652690000076 ], [ 80.38573781100007, 29.750533526000027 ], [ 80.365741440000079, 29.747885964000034 ], [ 80.364133157000083, 29.739889276000042 ], [ 80.369630908000033, 29.734540719000051 ], [ 80.366014200000052, 29.724964627000077 ], [ 80.375317624000047, 29.720389576000059 ], [ 80.371974145000081, 29.715422921000027 ], [ 80.379827738000074, 29.701148712000077 ], [ 80.380334455000082, 29.688673564000055 ], [ 80.385194906000038, 29.68520015200005 ], [ 80.38445630800004, 29.674519079000049 ], [ 80.398062991000074, 29.658968800000025 ], [ 80.405622147000031, 29.660121653000033 ], [ 80.414470707000078, 29.654098151000028 ], [ 80.413984881000033, 29.64446259500005 ], [ 80.420184917000086, 29.639256990000035 ], [ 80.420893274000036, 29.629904081000063 ], [ 80.410612633000085, 29.62512666300006 ], [ 80.405662189000054, 29.61296070700007 ], [ 80.407941468000047, 29.595506146000048 ], [ 80.391395147000082, 29.581740094000054 ], [ 80.387886768000044, 29.571885222000049 ], [ 80.379058599000075, 29.571609660000036 ], [ 80.378781765000042, 29.561456091000025 ], [ 80.363592499000049, 29.564196866000032 ], [ 80.363977815000055, 29.556744091000041 ], [ 80.34264201700006, 29.553047129000049 ], [ 80.345608789000039, 29.548731106000048 ], [ 80.341784939000036, 29.540450105000048 ], [ 80.348507841000071, 29.540605036000045 ], [ 80.357943593000073, 29.53265949200005 ], [ 80.348458433000076, 29.524269996000044 ], [ 80.34959955000005, 29.519042666000075 ], [ 80.341227488000072, 29.51009420500003 ], [ 80.332271153000079, 29.513049438000053 ], [ 80.328660350000064, 29.50547059400003 ], [ 80.313810146000037, 29.499185225000076 ], [ 80.313013192000085, 29.484652987000061 ], [ 80.299030620000053, 29.490719707000039 ], [ 80.29298232900004, 29.479017396000074 ], [ 80.286589157000037, 29.47700965100006 ], [ 80.302449368000055, 29.453234258000066 ], [ 80.28043492900008, 29.451050984000062 ], [ 80.280437992000031, 29.457738777000031 ], [ 80.276162339000052, 29.458678726000073 ], [ 80.269126545000063, 29.455175727000039 ], [ 80.274232006000034, 29.449659461000067 ], [ 80.258083536000072, 29.451927523000052 ], [ 80.24290889100007, 29.443909268000027 ], [ 80.247422011000083, 29.434835883000062 ], [ 80.24591194900006, 29.416232388000026 ], [ 80.24159635400008, 29.411730571000078 ], [ 80.274605492000035, 29.39315687900006 ], [ 80.272882313000082, 29.386328832000061 ], [ 80.278872044000082, 29.378692335000039 ], [ 80.271251737000057, 29.373808136000036 ], [ 80.271074562000081, 29.364653945000043 ], [ 80.279289947000052, 29.359580623000056 ], [ 80.280088166000041, 29.346394140000029 ], [ 80.296155378000037, 29.324363534000042 ], [ 80.308352810000031, 29.322961132000046 ], [ 80.316869477000068, 29.314911790000053 ], [ 80.317904213000077, 29.301784790000056 ], [ 80.304243603000032, 29.285430907000034 ], [ 80.300303118000045, 29.242259890000071 ], [ 80.290645641000083, 29.231727010000043 ], [ 80.297235326000077, 29.205230762000042 ], [ 80.287191184000051, 29.19534070800006 ], [ 80.274950426000032, 29.207211901000051 ], [ 80.260768060000032, 29.206861378000042 ], [ 80.255967358000078, 29.219585949000077 ], [ 80.248271841000076, 29.221157972000071 ], [ 80.24075629400005, 29.202605718000029 ], [ 80.257878897000069, 29.187496392000071 ], [ 80.258307134000063, 29.165927885000031 ], [ 80.271616515000062, 29.142237426000065 ], [ 80.254039630000079, 29.138107598000033 ], [ 80.233244321000029, 29.118618551000054 ], [ 80.209672700000056, 29.121996007000064 ], [ 80.203395076000049, 29.12949050900005 ], [ 80.183421139000075, 29.137242551000043 ], [ 80.177969696000048, 29.128119812000079 ], [ 80.16762579300007, 29.126412594000044 ], [ 80.164830770000037, 29.117014973000039 ], [ 80.144830355000067, 29.104288956000062 ], [ 80.128464592000057, 29.061219373000029 ], [ 80.136449914000082, 29.059040903000039 ], [ 80.126411080000082, 29.031858260000035 ], [ 80.131309499000054, 29.030476137000051 ], [ 80.124784281000075, 29.012962736000077 ], [ 80.135422482000081, 29.007356614000059 ], [ 80.126718706000077, 29.006058934000066 ], [ 80.118100936000076, 28.981915941000068 ], [ 80.100225384000055, 28.986647857000037 ], [ 80.058469896000076, 28.916583330000037 ], [ 80.064796156000057, 28.837602265000044 ], [ 80.075216780000062, 28.824454545000037 ], [ 80.118096157000082, 28.828954869000029 ], [ 80.170923309000045, 28.782491526000058 ], [ 80.216092696000032, 28.755547048000039 ], [ 80.23477186100007, 28.758833331000062 ], [ 80.254380471000047, 28.755523874000062 ], [ 80.265326334000065, 28.742249461000029 ], [ 80.256491445000051, 28.72923170200005 ], [ 80.278767775000063, 28.709140792000028 ], [ 80.293468616000041, 28.71143403700006 ], [ 80.316149999000061, 28.70059999800003 ], [ 80.325771743000075, 28.666445654000029 ], [ 80.360585241000081, 28.645671598000035 ], [ 80.356780736000076, 28.640903749000074 ], [ 80.360685598000032, 28.634568673000047 ], [ 80.368867071000068, 28.634808401000043 ], [ 80.376572908000071, 28.628669068000079 ], [ 80.416372756000044, 28.639583366000068 ], [ 80.451478971000085, 28.628722195000023 ], [ 80.463801385000068, 28.615168838000045 ], [ 80.460048074000042, 28.613592439000058 ], [ 80.471852527000067, 28.591593920000037 ], [ 80.468482494000057, 28.583126364000066 ], [ 80.480150633000051, 28.587602423000078 ], [ 80.498371415000065, 28.569288400000062 ], [ 80.506502589000036, 28.568936156000063 ], [ 80.517049417000067, 28.551839500000028 ], [ 80.522741813000039, 28.552733167000042 ], [ 80.530727338000077, 28.572420304000048 ], [ 80.521670605000054, 28.576732739000079 ], [ 80.503534202000083, 28.664933222000059 ], [ 80.506292361000078, 28.671154055000045 ], [ 80.539718167000046, 28.690659913000047 ], [ 80.568549352000048, 28.688044996000031 ], [ 80.590377115000081, 28.679953072000046 ], [ 80.58019955900005, 28.66140041500006 ], [ 80.597560412000064, 28.656018445000029 ], [ 80.589842784000041, 28.648151360000043 ], [ 80.606219121000038, 28.652459168000064 ], [ 80.612265345000083, 28.639352387000031 ], [ 80.633089050000081, 28.637348011000029 ], [ 80.64150079500007, 28.643364158000054 ], [ 80.651284372000077, 28.634137731000067 ], [ 80.667589399000065, 28.642097728000067 ], [ 80.670829892000086, 28.628057887000068 ], [ 80.679536589000065, 28.620602084000041 ], [ 80.67750273300004, 28.604433291000078 ], [ 80.695829321000076, 28.603454291000048 ], [ 80.690441600000042, 28.587701698000046 ], [ 80.714578741000082, 28.568379152000034 ], [ 80.724406855000041, 28.575240843000074 ], [ 80.738523989000043, 28.566378554000039 ], [ 80.738347345000079, 28.574837029000037 ], [ 80.767942699000059, 28.566148488000067 ], [ 80.769403055000055, 28.549961609000036 ], [ 80.789291150000054, 28.543519668000044 ], [ 80.784458805000043, 28.529394467000031 ], [ 80.78861327900006, 28.524770004000061 ], [ 80.815346182000042, 28.520754540000041 ], [ 80.844728781000072, 28.495619844000032 ], [ 80.855663914000047, 28.49751075000006 ], [ 80.86601700500006, 28.489574429000072 ], [ 80.861612955000055, 28.504387515000076 ], [ 80.875522591000049, 28.510699285000044 ], [ 80.89612783900003, 28.506964048000043 ], [ 80.908648622000044, 28.49792013900003 ], [ 80.901686657000084, 28.486461468000073 ], [ 80.902974447000076, 28.477668430000051 ], [ 80.905585187000042, 28.466188049000039 ], [ 80.915646241000047, 28.45797471700007 ], [ 80.914208522000081, 28.468354356000077 ], [ 80.91954892800004, 28.464180636000037 ], [ 80.917429804000051, 28.460200379000071 ], [ 80.930696153000042, 28.458030227000052 ], [ 80.942630213000029, 28.46878509000004 ], [ 80.945380868000029, 28.466430267000078 ], [ 80.932104034000076, 28.458832019000056 ], [ 80.951458556000034, 28.455733417000033 ], [ 80.951728223000032, 28.447556001000066 ], [ 80.964027936000036, 28.449676976000035 ], [ 80.967016799000078, 28.457078895000052 ], [ 80.980171187000053, 28.455122709000079 ], [ 80.964596929000038, 28.44469166500005 ], [ 80.967861964000065, 28.442925543000058 ], [ 80.964959813000064, 28.437747753000053 ], [ 80.978806934000033, 28.434044601000039 ], [ 80.977646718000074, 28.442312315000038 ], [ 80.989088152000079, 28.441496763000032 ], [ 80.999816329000055, 28.453717715000039 ], [ 81.017681521000043, 28.45180891900003 ], [ 81.012893677000079, 28.438165862000062 ], [ 81.01904713700003, 28.431706574000032 ], [ 81.029445030000034, 28.438707374000046 ], [ 81.033716122000044, 28.428024095000069 ], [ 81.016637099000036, 28.415863124000055 ], [ 81.033547092000049, 28.397493525000073 ], [ 81.035665227000038, 28.413785620000056 ], [ 81.046991540000079, 28.410388330000046 ], [ 81.079778174000069, 28.385027415000025 ], [ 81.210590961000037, 28.360782764000078 ], [ 81.234353755000029, 28.324730300000056 ], [ 81.232548737000059, 28.289069080000047 ], [ 81.286011611000049, 28.228571518000024 ], [ 81.32087341600004, 28.197488156000077 ], [ 81.318326678000062, 28.182453557000031 ], [ 81.324641518000078, 28.175273570000058 ], [ 81.32193131300005, 28.169513988000062 ], [ 81.301549675000047, 28.166285377000065 ], [ 81.311301540000045, 28.155575932000033 ], [ 81.320377293000035, 28.160297490000062 ], [ 81.328045897000038, 28.148095314000045 ], [ 81.31834924900005, 28.14524934700006 ], [ 81.317947194000055, 28.133663459000047 ], [ 81.334481830000072, 28.140228886000045 ], [ 81.371345164000047, 28.142648859000076 ], [ 81.378251396000053, 28.155900276000068 ], [ 81.367085277000058, 28.165359184000067 ], [ 81.37460027700007, 28.176993808000077 ], [ 81.416579887000069, 28.17396453300006 ], [ 81.446585433000052, 28.161052978000043 ], [ 81.449944120000055, 28.140801521000071 ], [ 81.484034570000063, 28.118569638000054 ], [ 81.478246064000075, 28.082768202000068 ], [ 81.547420350000039, 28.049361974000078 ], [ 81.618016394000051, 28.009502892000057 ], [ 81.624765875000037, 28.001333987000066 ], [ 81.643797323000058, 27.993668891000027 ], [ 81.698453203000042, 27.988194279000027 ], [ 81.804986005000046, 27.903369584000075 ], [ 81.821115077000059, 27.90368294600006 ], [ 81.832890164000048, 27.89800770100004 ], [ 81.884925241000076, 27.856965091000063 ], [ 81.900004821000039, 27.853635023000038 ], [ 81.92583662800007, 27.859605153000075 ], [ 81.925283903000036, 27.875644063000038 ], [ 81.968135619000066, 27.929154941000036 ], [ 82.070024493000062, 27.923673668000049 ], [ 82.090899758000035, 27.894562579000024 ], [ 82.114448906000064, 27.87704665800004 ], [ 82.121113775000083, 27.865855962000069 ], [ 82.150092031000042, 27.858188441000038 ], [ 82.154071241000054, 27.866611576000025 ], [ 82.208991293000054, 27.842924535000066 ], [ 82.23040026700005, 27.820943757000066 ], [ 82.252665094000065, 27.810284331000048 ], [ 82.303431810000063, 27.772724161000042 ], [ 82.367969311000081, 27.742496217000053 ], [ 82.382718791000059, 27.720655951000026 ], [ 82.401870608000081, 27.703529244000038 ], [ 82.448713462000057, 27.679329058000064 ], [ 82.473155940000083, 27.676449343000058 ], [ 82.482179324000072, 27.682909130000041 ], [ 82.490065255000047, 27.681388774000027 ], [ 82.516604247000032, 27.690607028000045 ], [ 82.541376564000075, 27.685736836000046 ], [ 82.585002307000082, 27.698755295000069 ], [ 82.593746767000084, 27.696816489000071 ], [ 82.605209629000058, 27.706046231000073 ], [ 82.618969895000077, 27.702205323000044 ], [ 82.627320804000078, 27.711457731000053 ], [ 82.638097895000044, 27.70915307100006 ], [ 82.655240711000033, 27.713474231000077 ], [ 82.664340195000079, 27.722692918000064 ], [ 82.665829822000035, 27.716021889000046 ], [ 82.680948383000043, 27.713988112000038 ], [ 82.699159082000051, 27.722365356000068 ], [ 82.70515153100007, 27.716562144000079 ], [ 82.707902018000084, 27.722829140000044 ], [ 82.704335682000078, 27.70392062600007 ], [ 82.718119285000057, 27.689485670000067 ], [ 82.719314719000067, 27.678752902000042 ], [ 82.713739349000036, 27.677617775000044 ], [ 82.712896922000084, 27.669381375000057 ], [ 82.718466706000072, 27.667283906000023 ], [ 82.712370273000033, 27.662967707000064 ], [ 82.721614377000037, 27.662240682000061 ], [ 82.719605498000078, 27.654937342000039 ], [ 82.724606331000075, 27.659069797000029 ], [ 82.727616094000041, 27.651481015000059 ], [ 82.73167346300005, 27.653848165000056 ], [ 82.729898590000062, 27.643023719000041 ], [ 82.735981106000054, 27.646082992000061 ], [ 82.738469782000038, 27.637409853000065 ], [ 82.731206898000039, 27.631533647000026 ], [ 82.740015891000041, 27.631802634000053 ], [ 82.732828882000035, 27.629514788000051 ], [ 82.740426246000084, 27.625343116000067 ], [ 82.732428908000031, 27.618286074000025 ], [ 82.738246992000086, 27.614967811000042 ], [ 82.735021546000041, 27.611008059000028 ], [ 82.748519715000043, 27.600599177000049 ], [ 82.744662943000037, 27.595188688000064 ], [ 82.755186977000051, 27.59396606100006 ], [ 82.75802049400005, 27.585802639000065 ], [ 82.742482389000031, 27.560759684000061 ], [ 82.748784620000038, 27.55591744700007 ], [ 82.738119568000059, 27.551867481000045 ], [ 82.743170923000037, 27.541114493000066 ], [ 82.741758144000073, 27.531856080000068 ], [ 82.746982446000061, 27.53145278900007 ], [ 82.749682790000065, 27.52253784100003 ], [ 82.741958629000067, 27.520785156000045 ], [ 82.743036090000032, 27.516504391000069 ], [ 82.736677586000042, 27.517833256000074 ], [ 82.73557302200004, 27.502320116000078 ], [ 82.801394010000081, 27.496434405000059 ], [ 82.832522922000067, 27.501987765000024 ], [ 82.865871649000042, 27.498577907000026 ], [ 82.929305205000048, 27.501211478000073 ], [ 82.954112043000066, 27.467750114000069 ], [ 83.034573038000076, 27.448792368000056 ], [ 83.165718826000045, 27.457529213000043 ], [ 83.187898545000053, 27.454389756000069 ], [ 83.218887420000044, 27.41625894200007 ], [ 83.272196300000076, 27.383426257000053 ], [ 83.26537763500005, 27.365425185000049 ], [ 83.272439904000066, 27.352684927000041 ], [ 83.294496665000054, 27.333367458000055 ], [ 83.317258526000046, 27.330045768000048 ], [ 83.317859376000058, 27.337364016000038 ], [ 83.33731307000005, 27.332619693000026 ], [ 83.35492750800006, 27.344337728000028 ], [ 83.359051138000041, 27.342906901000049 ], [ 83.357827511000039, 27.350683894000042 ], [ 83.373512599000037, 27.356956036000042 ], [ 83.374492095000051, 27.369957850000048 ], [ 83.387678099000084, 27.375460995000026 ], [ 83.384531503000062, 27.390282832000025 ], [ 83.402821050000057, 27.401294627000027 ], [ 83.409493700000041, 27.412641073000032 ], [ 83.384322621000081, 27.435990411000034 ], [ 83.383615496000061, 27.442605871000069 ], [ 83.396551508000073, 27.447380305000024 ], [ 83.401725853000073, 27.457166178000023 ], [ 83.402374884000039, 27.466056930000036 ], [ 83.388423283000066, 27.47062035700003 ], [ 83.393309481000074, 27.476098428000057 ], [ 83.388133768000046, 27.479801416000043 ], [ 83.614262137000082, 27.469482328000026 ], [ 83.830687241000078, 27.369801351000035 ], [ 83.863733177000086, 27.345854425000027 ], [ 83.882295302000045, 27.36688711000005 ], [ 83.884444719000044, 27.37727661200006 ], [ 83.876647407000064, 27.387696394000045 ], [ 83.860561754000059, 27.39559427100005 ], [ 83.856888920000074, 27.405133835000072 ], [ 83.833171819000086, 27.425722189000055 ], [ 83.847435257000086, 27.445351754000058 ], [ 83.855495733000055, 27.445949223000071 ], [ 83.884591425000053, 27.433144628000036 ], [ 83.933529631000056, 27.450359217000027 ], [ 83.942063059000077, 27.448423978000051 ], [ 83.946078259000046, 27.44191573300003 ], [ 83.967675653000072, 27.446952772000031 ], [ 83.977870073000076, 27.43897060300003 ], [ 83.996148082000047, 27.446472418000042 ], [ 83.997904824000045, 27.441288257000053 ], [ 84.005040656000062, 27.442668567000055 ], [ 84.023911309000084, 27.432584999000028 ], [ 84.031763306000073, 27.441898843000047 ], [ 84.051795398000081, 27.442735709000033 ], [ 84.061350853000079, 27.456569500000057 ], [ 84.061879, 27.46686515600004 ], [ 84.069044670000039, 27.469304348000037 ], [ 84.069987998000045, 27.481094840000026 ], [ 84.09530575000008, 27.489795475000051 ], [ 84.100415380000072, 27.499361420000071 ], [ 84.097697799000059, 27.517233789000045 ], [ 84.108467910000059, 27.521832646000064 ], [ 84.123797741000033, 27.511322219000078 ], [ 84.138920025000061, 27.517870383000059 ], [ 84.150712617000067, 27.516926634000072 ], [ 84.149802133000037, 27.501117595000039 ], [ 84.144425226000067, 27.497190115000024 ], [ 84.148631689000069, 27.48611509400007 ], [ 84.162991829000077, 27.484282228000041 ], [ 84.186048199000084, 27.470704934000025 ], [ 84.205657872000074, 27.470214767000073 ], [ 84.208806437000078, 27.465354021000053 ], [ 84.203429205000077, 27.457777151000073 ], [ 84.208121562000031, 27.453801640000052 ], [ 84.208152770000083, 27.44245511500003 ], [ 84.21985760900003, 27.441154906000065 ], [ 84.220528379000029, 27.448129345000041 ], [ 84.231339123000055, 27.456481156000052 ], [ 84.254108974000076, 27.454130985000063 ], [ 84.258630446000041, 27.438799872000061 ], [ 84.27246511900006, 27.428969484000049 ], [ 84.27802880400003, 27.41592378200005 ], [ 84.276393450000057, 27.39646639800003 ], [ 84.28431773300008, 27.394697863000033 ], [ 84.291725432000078, 27.385073815000055 ], [ 84.300163908000059, 27.390886329000068 ], [ 84.347735653000086, 27.374633386000028 ], [ 84.373391179000066, 27.376852025000062 ], [ 84.391925402000084, 27.368296312000041 ], [ 84.440795263000041, 27.370519870000066 ], [ 84.445211722000067, 27.364292229000057 ], [ 84.469137748000037, 27.355283196000073 ], [ 84.476815999000053, 27.362404877000074 ], [ 84.606929068000056, 27.336012056000072 ], [ 84.620008233000078, 27.338758593000023 ], [ 84.646656918000076, 27.300120487000072 ], [ 84.689012013000081, 27.220647253000038 ], [ 84.684965865000038, 27.219989646000045 ], [ 84.687121382000043, 27.208876462000035 ], [ 84.681206265000071, 27.20073145200007 ], [ 84.680362506000051, 27.187859176000075 ], [ 84.685202312000058, 27.182193360000042 ], [ 84.675154513000052, 27.171359362000032 ], [ 84.679732966000074, 27.166085563000024 ], [ 84.676406157000031, 27.161543728000026 ], [ 84.68344748100003, 27.155328500000053 ], [ 84.676793274000033, 27.115258260000076 ], [ 84.671716941000057, 27.114577440000062 ], [ 84.669469872000036, 27.108218310000041 ], [ 84.674175602000048, 27.106946550000032 ], [ 84.674782054000048, 27.096862793000071 ], [ 84.664297738000073, 27.094591250000065 ], [ 84.670312766000052, 27.091157967000072 ], [ 84.654566171000056, 27.083820565000053 ], [ 84.658417474000032, 27.07979189200006 ], [ 84.64614610600006, 27.075667622000026 ], [ 84.643302990000052, 27.046176426000045 ], [ 84.756749, 27.002891264000027 ], [ 84.773277410000048, 27.017786613000055 ], [ 84.782506484000066, 27.014297570000053 ], [ 84.784480810000048, 27.007478778000063 ], [ 84.78875845500005, 27.009552542000051 ], [ 84.786166267000056, 26.998558381000066 ], [ 84.793147576000081, 26.995919782000044 ], [ 84.797148479000043, 27.004240737000032 ], [ 84.800360418000082, 27.000976939000054 ], [ 84.807954675000076, 27.007690145000026 ], [ 84.808601406000037, 27.018292932000065 ], [ 84.825317936000033, 27.020997675000046 ], [ 84.854351350000059, 27.008279814000048 ], [ 84.850306221000039, 26.998255737000079 ], [ 84.857333168000082, 26.998510502000045 ], [ 84.855676962000075, 26.986517968000044 ], [ 84.858279852000067, 26.989634939000041 ], [ 84.888586939000049, 26.977358724000055 ], [ 84.89173476600007, 26.969757190000053 ], [ 84.896072943000036, 26.973090192000029 ], [ 84.909945401000073, 26.967968631000076 ], [ 84.929182811000032, 26.968823858000064 ], [ 84.962526064000031, 26.960515951000048 ], [ 84.978158701000041, 26.940640635000022 ], [ 84.976266269000064, 26.93213817700007 ], [ 84.970137263000083, 26.929373216000045 ], [ 84.969062825000037, 26.916011974000071 ], [ 84.999886291000053, 26.911959719000038 ], [ 85.002389847000074, 26.903461374000074 ], [ 84.996007494000082, 26.906716323000069 ], [ 84.992626654000048, 26.903037898000036 ], [ 85.004706791000046, 26.89477658900006 ], [ 85.05270291100004, 26.889243836000048 ], [ 85.048777337000047, 26.878185587000075 ], [ 85.025029341000049, 26.873287661000063 ], [ 85.032673307000039, 26.866984150000064 ], [ 85.026811701000042, 26.861588022000035 ], [ 85.032695131000082, 26.859509822000064 ], [ 85.024018378000051, 26.854442214000073 ], [ 85.057370399000035, 26.849203375000059 ], [ 85.057585452000069, 26.855978336000078 ], [ 85.060264686000039, 26.853640523000024 ], [ 85.061229415000071, 26.856872210000063 ], [ 85.063127307000059, 26.857957597000052 ], [ 85.063792345000081, 26.849518450000062 ], [ 85.077141142000073, 26.858799533000024 ], [ 85.086864717000083, 26.852792546000046 ], [ 85.086502514000074, 26.86725222900003 ], [ 85.111275105000061, 26.872382962000074 ], [ 85.13530946700007, 26.867865799000072 ], [ 85.139810705000059, 26.871212291000063 ], [ 85.190655926000034, 26.869979317000059 ], [ 85.191045170000052, 26.83090911000005 ], [ 85.176533876000065, 26.809812203000035 ], [ 85.182549824000034, 26.800578866000023 ], [ 85.180262895000055, 26.795898319000059 ], [ 85.192850924000084, 26.790517596000029 ], [ 85.191387117000033, 26.782136171000047 ], [ 85.197130150000078, 26.769751993000057 ], [ 85.21148764600008, 26.758273405000068 ], [ 85.239884910000058, 26.762042995000058 ], [ 85.26099429900006, 26.755393623000032 ], [ 85.30681525500006, 26.752077475000078 ], [ 85.333974019000038, 26.741596908000076 ], [ 85.354557868000086, 26.759954263000054 ], [ 85.375271836000081, 26.761215384000025 ], [ 85.384272601000077, 26.774363808000032 ], [ 85.396540868000045, 26.777833198000053 ], [ 85.40753049500006, 26.791426106000074 ], [ 85.426285730000075, 26.786122357000067 ], [ 85.432275749000041, 26.790252815000031 ], [ 85.451729991000036, 26.78152725800004 ], [ 85.477649223000071, 26.792955753000058 ], [ 85.479653035000069, 26.802433988000075 ], [ 85.495353610000052, 26.797174104000078 ], [ 85.497816082000043, 26.812306144000047 ], [ 85.507396733000064, 26.816845416000035 ], [ 85.519653947000052, 26.814463214000057 ], [ 85.543125253000085, 26.83835541600007 ], [ 85.553474128000062, 26.834523819000026 ], [ 85.55764061900004, 26.844278702000054 ], [ 85.565784721000057, 26.841094056000031 ], [ 85.575428016000046, 26.861013979000063 ], [ 85.585555679000038, 26.856070466000062 ], [ 85.585536440000055, 26.847339608000027 ], [ 85.606127271000048, 26.856731049000075 ], [ 85.626966682000045, 26.873467138000024 ], [ 85.634392928000068, 26.872255170000074 ], [ 85.642323786000077, 26.853168611000058 ], [ 85.680048296000052, 26.843687243000034 ], [ 85.70412458900006, 26.832290994000061 ], [ 85.720905924000078, 26.820391261000054 ], [ 85.72888434500004, 26.808067399000038 ], [ 85.734333602000049, 26.795909628000061 ], [ 85.72862678000007, 26.749852697000051 ], [ 85.733862821000059, 26.737334168000075 ], [ 85.725632653000048, 26.720845797000038 ], [ 85.723547204000056, 26.674332974000038 ], [ 85.736655914000039, 26.664291478000052 ], [ 85.734010430000069, 26.650828345000036 ], [ 85.769709958000078, 26.629947233000053 ], [ 85.801553277000039, 26.624325866000049 ], [ 85.803374614000063, 26.615006120000032 ], [ 85.817500942000038, 26.60284714900007 ], [ 85.830402750000076, 26.601660105000065 ], [ 85.831023518000052, 26.61147879300006 ], [ 85.851134559000059, 26.608659384000077 ], [ 85.857912328000054, 26.589920687000074 ], [ 85.848389173000044, 26.577028424000048 ], [ 85.851598266000053, 26.568029742000078 ], [ 85.855389373000037, 26.572982897000031 ], [ 85.857954444000086, 26.568869301000063 ], [ 85.864087191000067, 26.57177559400003 ], [ 85.879140112000073, 26.58403816200007 ], [ 85.887852265000049, 26.583216461000063 ], [ 85.891017971000053, 26.594378733000042 ], [ 85.899989382000058, 26.594228165000061 ], [ 85.900125570000057, 26.600281216000042 ], [ 85.912835428000051, 26.604448299000069 ], [ 85.912979611000083, 26.60872037200005 ], [ 85.926504182000031, 26.609540909000032 ], [ 85.928274210000041, 26.61679626800003 ], [ 85.947098915000083, 26.612998281000046 ], [ 85.945429594000075, 26.620701027000052 ], [ 85.95556875300008, 26.630098921000069 ], [ 85.953073905000053, 26.643158794000044 ], [ 85.958515042000045, 26.651270566000051 ], [ 85.967481473000078, 26.651457876000052 ], [ 85.975060537000047, 26.658458885000073 ], [ 86.009648587000072, 26.653983222000079 ], [ 86.011736369000062, 26.659939786000052 ], [ 86.026937056000065, 26.666811359000064 ], [ 86.069365102000063, 26.657574760000045 ], [ 86.073633921000066, 26.650062287000026 ], [ 86.11934636400008, 26.630102572000055 ], [ 86.138671328000044, 26.62886244300006 ], [ 86.14083658800007, 26.616843287000052 ], [ 86.136186132000034, 26.60644192500007 ], [ 86.172013518000085, 26.617063600000051 ], [ 86.191935692000072, 26.614921765000076 ], [ 86.196190026000068, 26.593853333000027 ], [ 86.205589471000053, 26.596666356000071 ], [ 86.217453136000074, 26.58856613100005 ], [ 86.234368084000039, 26.590768849000028 ], [ 86.234597851000046, 26.598108969000066 ], [ 86.252618276000078, 26.617185844000062 ], [ 86.292847967000057, 26.613173938000045 ], [ 86.307564381000077, 26.620080372000075 ], [ 86.333116976000042, 26.619105969000032 ], [ 86.344936490000066, 26.61674808500004 ], [ 86.338705257000072, 26.607251704000078 ], [ 86.397561180000082, 26.593080355000041 ], [ 86.394753145000038, 26.585177696000073 ], [ 86.45571951800008, 26.567991821000078 ], [ 86.497551877000035, 26.542392610000036 ], [ 86.515405889000078, 26.539285895000035 ], [ 86.522946970000078, 26.543658448000031 ], [ 86.541618679000067, 26.538706293000075 ], [ 86.555285515000037, 26.523857384000053 ], [ 86.553411493000056, 26.518159888000071 ], [ 86.570009541000047, 26.49650390100004 ], [ 86.614655105000054, 26.486818141000072 ], [ 86.629454406000036, 26.477711061000036 ], [ 86.625615757000048, 26.467914748000055 ], [ 86.631489527000042, 26.468894759000023 ], [ 86.633609788000058, 26.463686497000026 ], [ 86.637182849000055, 26.46641629100003 ], [ 86.693810284000051, 26.451208603000055 ], [ 86.699868838000043, 26.437174693000031 ], [ 86.719919284000071, 26.434992206000061 ], [ 86.730554989000041, 26.42264711200005 ], [ 86.746774689000063, 26.428877230000069 ], [ 86.748175238000044, 26.433082184000057 ], [ 86.743500737000033, 26.435609409000051 ], [ 86.753501534000065, 26.442085133000035 ], [ 86.753245135000043, 26.44769885900007 ], [ 86.764718825000045, 26.451033682000059 ], [ 86.76564946700006, 26.459300051000071 ], [ 86.833562194000081, 26.43902922500007 ], [ 86.846661625000081, 26.442083850000074 ], [ 86.845295015000033, 26.447923403000061 ], [ 86.856040599000039, 26.448829782000075 ], [ 86.861400207000031, 26.457792913000048 ], [ 86.872682541000074, 26.454034960000058 ], [ 86.893735992000074, 26.462046217000079 ], [ 86.891431242000067, 26.486113863000071 ], [ 86.929591901000038, 26.48975977300006 ], [ 86.932697037000082, 26.517395615000055 ], [ 86.961235172000045, 26.523963094000067 ], [ 86.97513678100006, 26.52011815000003 ], [ 86.979197934000069, 26.525220194000042 ], [ 86.990722185000038, 26.523170563000065 ], [ 87.015153314000031, 26.532159385000057 ], [ 87.042310137000072, 26.568432391000044 ], [ 87.044509412000082, 26.587331121000034 ], [ 87.071566747000077, 26.585831268000049 ], [ 87.072648499000081, 26.542094827000028 ], [ 87.080227323000031, 26.521873183000025 ], [ 87.091475013000036, 26.450375503000032 ], [ 87.139368945000058, 26.414677532000042 ], [ 87.162380829000085, 26.403982635000034 ], [ 87.188832332000061, 26.405535648000068 ], [ 87.185661408000044, 26.414298672000029 ], [ 87.212508600000035, 26.413231223000025 ], [ 87.210997382000073, 26.409340003000068 ], [ 87.218609340000057, 26.403136068000038 ], [ 87.22910386500007, 26.41372222800004 ], [ 87.260351058000083, 26.409614853000051 ], [ 87.266059750000068, 26.405702950000034 ], [ 87.265778554000065, 26.37393331100003 ], [ 87.28927986900004, 26.373780741000076 ], [ 87.301387435000038, 26.366178989000048 ], [ 87.312326645000041, 26.371561651000036 ], [ 87.340624481000077, 26.347374245000026 ], [ 87.358177264000062, 26.361157484000046 ], [ 87.353320047000068, 26.372085424000034 ], [ 87.356292292000035, 26.388473419000036 ], [ 87.368651911000086, 26.40802855000004 ], [ 87.37598421000007, 26.407051934000037 ], [ 87.388389542000084, 26.41917969800005 ], [ 87.427673406000054, 26.422451721000073 ], [ 87.443207672000085, 26.433174957000062 ], [ 87.465807762000054, 26.44040377500005 ], [ 87.516330151000034, 26.430879609000044 ], [ 87.54750350300003, 26.418462868000063 ], [ 87.552953315000082, 26.405815921000055 ], [ 87.582691986000043, 26.393800536000072 ], [ 87.586661842000069, 26.382055215000037 ], [ 87.604618266000045, 26.380933760000062 ], [ 87.612101541000072, 26.390211591000025 ], [ 87.651684149000062, 26.393644985000037 ], [ 87.649999965000063, 26.406032931000027 ], [ 87.677945579000038, 26.415937859000053 ], [ 87.677452680000044, 26.43562928800003 ], [ 87.692088349000073, 26.43579277200007 ], [ 87.698120159000041, 26.428466246000028 ], [ 87.711663668000085, 26.427514372000076 ], [ 87.723074964000034, 26.419197638000071 ], [ 87.722894095000072, 26.412603804000071 ], [ 87.733724715000051, 26.407691945000067 ], [ 87.739101223000034, 26.417680319000056 ], [ 87.748084238000047, 26.41799101600003 ], [ 87.753646155000069, 26.40807671500005 ], [ 87.767127762000086, 26.410670379000067 ], [ 87.766509253000038, 26.417957710000053 ], [ 87.776530197000056, 26.424194812000053 ], [ 87.77039860800005, 26.427784830000064 ], [ 87.778553005000049, 26.434802476000073 ], [ 87.776840680000078, 26.448651151000035 ], [ 87.772126079000031, 26.449671189000071 ], [ 87.779308029000049, 26.450253579000048 ], [ 87.776260158000071, 26.453341814000055 ], [ 87.782815503000052, 26.453538506000029 ], [ 87.789055684000061, 26.462099895000051 ], [ 87.78680264500008, 26.467286412000078 ], [ 87.792760657000031, 26.46886218800006 ], [ 87.829525157000035, 26.450084083000036 ], [ 87.828112695000073, 26.440102815000046 ], [ 87.848649935000083, 26.436530037000068 ], [ 87.850845446000051, 26.445366935000038 ], [ 87.861435493000045, 26.448999665000031 ], [ 87.858196396000039, 26.463948775000063 ], [ 87.885785663000036, 26.476503838000042 ], [ 87.888081144000068, 26.486883208000052 ], [ 87.900009126000043, 26.477427154000054 ], [ 87.909652341000083, 26.457698616000073 ], [ 87.898574714000063, 26.448851625000032 ], [ 87.92449447000007, 26.446477867000056 ], [ 87.924816282000052, 26.439204529000051 ], [ 87.915997759000049, 26.43167035700003 ], [ 87.925858073000086, 26.427635120000048 ], [ 87.926923399000032, 26.417624322000052 ], [ 87.965749347000042, 26.397287204000065 ], [ 87.991708291000066, 26.39269814000005 ], [ 87.991395306000072, 26.370428423000078 ], [ 88.008422456000062, 26.36126273800005 ], [ 88.030150269000046, 26.36490974000003 ], [ 88.026725102000057, 26.38268766300007 ], [ 88.030812443000059, 26.382333687000028 ], [ 88.03124708100006, 26.388539692000052 ], [ 88.090595190000045, 26.426005147000069 ], [ 88.097742358000062, 26.450993407000055 ], [ 88.088123393000046, 26.462490772000024 ], [ 88.10129799200007, 26.463026905000049 ], [ 88.105507507000084, 26.469085585000073 ], [ 88.098280488000057, 26.481394856000065 ], [ 88.106020262000072, 26.488568487000066 ], [ 88.098972097000058, 26.49480838900007 ], [ 88.101639438000063, 26.502876880000031 ], [ 88.093654140000069, 26.509492601000034 ], [ 88.104466523000042, 26.527932821000036 ], [ 88.096640253000032, 26.535530148000078 ], [ 88.111389315000054, 26.54519289600006 ], [ 88.105155593000063, 26.550822973000038 ], [ 88.105299721000051, 26.560913784000036 ], [ 88.112648747000037, 26.557982409000033 ], [ 88.11203990100006, 26.571599344000049 ], [ 88.119139248000067, 26.568556415000046 ], [ 88.117510655000046, 26.574777796000035 ], [ 88.122690399000078, 26.572552769000026 ], [ 88.12406971200005, 26.57759625500006 ], [ 88.130106066000053, 26.57366406500006 ], [ 88.126887302000057, 26.581674606000036 ], [ 88.131742613000085, 26.593020076000073 ], [ 88.129805175000058, 26.601317063000067 ], [ 88.139053654000065, 26.60688784000007 ], [ 88.141943468000079, 26.625774061000072 ], [ 88.160281446000056, 26.636598208000066 ], [ 88.167075151000063, 26.699614754000038 ], [ 88.181930209000086, 26.719681022000032 ], [ 88.186272058000043, 26.73849049100005 ], [ 88.187702490000049, 26.772309484000061 ], [ 88.177505242000052, 26.804684192000025 ], [ 88.179046024000058, 26.816499161000024 ], [ 88.172014329000035, 26.82789212800003 ], [ 88.174066427000071, 26.834153489000073 ], [ 88.167356221000034, 26.837964746000068 ], [ 88.168045855000059, 26.850043920000076 ], [ 88.175089755000045, 26.85339712800004 ], [ 88.173572648000061, 26.865412381000056 ], [ 88.156749293000075, 26.885420871000065 ], [ 88.136199484000031, 26.898592087000054 ], [ 88.145867195000051, 26.921014709000076 ], [ 88.120307169000057, 26.950430177000044 ], [ 88.122719037000081, 26.969055850000075 ], [ 88.135315107000054, 26.985065524000049 ], [ 88.114642877000051, 26.988730632000056 ], [ 88.09884558400006, 27.003983323000057 ], [ 88.091588650000062, 27.005108829000051 ], [ 88.07754383200006, 27.035255449000033 ], [ 88.059522641000058, 27.029246641000043 ], [ 88.037243050000086, 27.036817344000042 ], [ 88.015571948000058, 27.073963813000034 ], [ 88.020633697000051, 27.087600071000054 ], [ 88.002977222000084, 27.104569573000049 ], [ 87.991312691000076, 27.105586358000039 ], [ 87.987277647000042, 27.119423088000076 ], [ 87.991154221000045, 27.130751032000035 ], [ 88.007307222000065, 27.143444514000066 ], [ 88.010938312000064, 27.165958798000077 ], [ 88.019221247000075, 27.171179287000029 ], [ 88.012263045000054, 27.177741043000026 ], [ 88.01611902500008, 27.196326391000071 ], [ 88.011412177000068, 27.203595303000043 ], [ 88.015512752000063, 27.21078071900007 ], [ 88.012242148000041, 27.216023543000063 ], [ 88.018722367000066, 27.225024078000047 ], [ 88.019318500000054, 27.236096638000049 ], [ 88.024697112000069, 27.238168822000034 ], [ 88.031271986000036, 27.25221932900007 ], [ 88.031623787000058, 27.286275053000054 ], [ 88.044678587000078, 27.29366662800004 ], [ 88.041391048000037, 27.304150431000039 ], [ 88.052566481000042, 27.324727928000073 ], [ 88.06652060600004, 27.336025559000063 ], [ 88.057567044000052, 27.355722193000076 ], [ 88.050375555000073, 27.358665414000029 ], [ 88.041661120000072, 27.371958489000065 ], [ 88.050593486000082, 27.412813349000032 ], [ 88.073854459000074, 27.426432447000025 ], [ 88.074817412000073, 27.432100362000028 ], [ 88.067803967000032, 27.438525145000028 ], [ 88.072754907000046, 27.445860110000069 ], [ 88.064369494000061, 27.454004458000043 ], [ 88.066768049000075, 27.458054745000027 ], [ 88.043739874000039, 27.478340901000024 ], [ 88.043676524000034, 27.495919055000059 ], [ 88.061217764000048, 27.512378538000064 ], [ 88.056974069000034, 27.521018393000077 ], [ 88.067305592000082, 27.526322002000029 ], [ 88.058930258000032, 27.53535224500007 ], [ 88.06879125200004, 27.546460934000038 ], [ 88.069050588000039, 27.555418063000047 ], [ 88.079927832000067, 27.563151308000045 ], [ 88.07498791200004, 27.572199151000063 ], [ 88.082792674000075, 27.587005846000068 ], [ 88.113398454000048, 27.610158664000039 ], [ 88.119923953000068, 27.64540792400004 ], [ 88.144310393000069, 27.664097612000035 ], [ 88.154084673000057, 27.691593116000035 ], [ 88.147436185000061, 27.702681477000056 ], [ 88.155705227000055, 27.718492924000032 ], [ 88.155632482000044, 27.735195661000034 ], [ 88.158268432000057, 27.740320988000065 ], [ 88.177996361000055, 27.746601765000037 ], [ 88.18135215500007, 27.775828619000038 ], [ 88.19701746800007, 27.791043376000061 ], [ 88.186908662000064, 27.801151234000031 ], [ 88.185182306000058, 27.810760435000077 ], [ 88.173013471000047, 27.820604398000057 ], [ 88.187611802000049, 27.825568977000046 ], [ 88.191848495000045, 27.833773926000049 ], [ 88.200907781000069, 27.837366399000075 ], [ 88.196155283000053, 27.853995912000073 ], [ 88.178372497000055, 27.856852865000064 ], [ 88.164594831000045, 27.868323753000027 ], [ 88.139445712000054, 27.878336644000058 ], [ 88.135627456000066, 27.881582533000028 ], [ 88.138581, 27.89078500100004 ], [ 88.124761, 27.903691 ], [ 88.117999, 27.918068001000051 ], [ 88.136749, 27.937342001000047 ], [ 88.130086, 27.950191001000064 ], [ 88.142459, 27.965277 ], [ 88.163113, 27.958614001000058 ], [ 88.18743100100005, 27.942672 ], [ 88.20699, 27.94067300100005 ], [ 88.205325, 27.956758 ], [ 88.208847, 27.962374 ], [ 88.223504, 27.960946 ], [ 88.237638, 27.969512 ], [ 88.251327, 27.941664 ], [ 88.26029, 27.945845 ], [ 88.264717, 27.956529001000035 ], [ 88.279254, 27.95478 ], [ 88.284173, 27.965164001000062 ], [ 88.304169, 27.965452 ], [ 88.315957, 27.977829 ], [ 88.331861, 27.975937 ], [ 88.334866, 27.984208 ], [ 88.3404, 27.985807 ], [ 88.377328, 27.989267 ], [ 88.389845, 27.976505 ], [ 88.413592, 27.981077001000074 ], [ 88.417354, 27.999983 ], [ 88.468154, 28.016892 ], [ 88.47546, 28.036264 ], [ 88.491196, 28.047066 ], [ 88.494911, 28.055118 ], [ 88.511015, 28.042183 ], [ 88.519613, 28.043118001000039 ], [ 88.524626, 28.035325 ], [ 88.545952, 28.034001 ], [ 88.553562, 28.039430001000028 ], [ 88.550238, 28.047612 ], [ 88.557303, 28.075301 ], [ 88.554446, 28.082288 ], [ 88.568186, 28.090912001000049 ], [ 88.583278, 28.084152 ], [ 88.602365, 28.089627001000053 ], [ 88.612479, 28.110729001000038 ], [ 88.637255978000042, 28.118234627000049 ], [ 88.647515457000054, 28.099817563000045 ], [ 88.664813386000048, 28.088381584000047 ], [ 88.670614, 28.074115 ], [ 88.679511, 28.071871 ], [ 88.68962, 28.079257 ], [ 88.730446, 28.072635 ], [ 88.754741, 28.080301 ], [ 88.777874, 28.053844001000073 ], [ 88.792552, 28.048612001000038 ], [ 88.804286, 28.030004 ], [ 88.836082, 28.015297 ], [ 88.844137185000079, 27.989201636000075 ], [ 88.836233117000063, 27.927848352000069 ], [ 88.860842750000074, 27.92716432900005 ], [ 88.867636, 27.919711001000053 ], [ 88.870718, 27.900821 ], [ 88.881431, 27.891503 ], [ 88.87806, 27.874916001000031 ], [ 88.888121, 27.856407001000036 ], [ 88.882012, 27.851639 ], [ 88.880435, 27.830465 ], [ 88.857085, 27.815528001000075 ], [ 88.86082, 27.802421 ], [ 88.854203, 27.764587 ], [ 88.85665, 27.753456001000075 ], [ 88.861926, 27.753692001000047 ], [ 88.867002, 27.742706 ], [ 88.859116, 27.738374 ], [ 88.856733, 27.717185001000075 ], [ 88.840814, 27.712093001000028 ], [ 88.838506, 27.705407001000026 ], [ 88.847953, 27.696127 ], [ 88.842402, 27.682617 ], [ 88.848262, 27.676370001000066 ], [ 88.84823, 27.668192 ], [ 88.831745001000058, 27.647231001000023 ], [ 88.822412, 27.643773 ], [ 88.814822, 27.646914 ], [ 88.804257, 27.624333 ], [ 88.811229001000072, 27.61936 ], [ 88.80628, 27.608985 ], [ 88.808754, 27.603060001000074 ], [ 88.805399, 27.595113 ], [ 88.788219, 27.585857001000079 ], [ 88.791806001000054, 27.574232 ], [ 88.763302, 27.566424 ], [ 88.772797, 27.555419001000075 ], [ 88.777113, 27.532565001000023 ], [ 88.790727, 27.53154500100004 ], [ 88.793572, 27.526935 ], [ 88.788236, 27.522011001000067 ], [ 88.790237, 27.514772 ], [ 88.782908451000083, 27.500454643000069 ], [ 88.782645, 27.47489 ], [ 88.776827, 27.469292 ], [ 88.782839, 27.453449 ], [ 88.793479, 27.447159 ], [ 88.794721, 27.429081 ], [ 88.801181, 27.422773 ], [ 88.808243, 27.423149 ], [ 88.805691001000071, 27.407046 ], [ 88.82109, 27.404662 ], [ 88.821635, 27.393774 ], [ 88.830829, 27.390125001000058 ], [ 88.837896, 27.37961000100006 ], [ 88.84571, 27.385011001000066 ], [ 88.861137, 27.386304001000042 ], [ 88.86289, 27.37013 ], [ 88.881362, 27.360534 ], [ 88.882782859000031, 27.346034014000054 ], [ 88.895321327000033, 27.332933667000077 ], [ 88.92136938200008, 27.327287628000079 ], [ 88.908837840000047, 27.304201980000073 ], [ 88.914670920000049, 27.29074896000003 ], [ 88.906289041000036, 27.274365 ], [ 88.879344480000043, 27.260822481000048 ], [ 88.864780360000054, 27.264561195000056 ], [ 88.83180530900006, 27.262600415000065 ], [ 88.827309283000034, 27.256901937000066 ], [ 88.80238330800006, 27.248772817000031 ], [ 88.803032040000062, 27.219096001000025 ], [ 88.789074840000069, 27.193817970000055 ], [ 88.789074840000069, 27.18531 ], [ 88.765067161000047, 27.177775021000059 ], [ 88.757303040000068, 27.165255031000072 ], [ 88.760081880000087, 27.152992980000079 ], [ 88.745553334000078, 27.141983681000056 ], [ 88.781757925000079, 27.134705642000029 ], [ 88.802493955000045, 27.139300220000052 ], [ 88.811850002000085, 27.126820060000057 ], [ 88.840152076000038, 27.115653938000037 ], [ 88.84239653800006, 27.111003086000039 ], [ 88.871627962000048, 27.108796158000075 ], [ 88.874761910000075, 27.070593031000044 ], [ 88.88084716000003, 27.062293293000039 ], [ 88.876083458000039, 27.045364284000073 ], [ 88.880052976000059, 27.036515606000023 ], [ 88.868936122000036, 26.994294721000074 ], [ 88.87398648900006, 26.986342042000047 ], [ 88.870848, 26.962217975000044 ], [ 88.87510775800007, 26.958182704000023 ], [ 88.875257102000035, 26.943214074000025 ], [ 88.911152892000075, 26.98795627800007 ], [ 88.921267927000031, 26.99421736100004 ], [ 88.952229898000041, 26.96848381600006 ], [ 88.95413719700008, 26.947926876000054 ], [ 88.94511095200005, 26.933495684000036 ], [ 88.979113357000074, 26.917887213000029 ], [ 89.021444738000071, 26.940731284000037 ], [ 89.030031146000056, 26.923051416000078 ], [ 89.05112166300006, 26.916244603000052 ], [ 89.048516263000067, 26.899327304000053 ], [ 89.06987851100007, 26.904022561000033 ], [ 89.095674428000052, 26.891723870000078 ], [ 89.092526307000071, 26.87289422200007 ], [ 89.106519142000082, 26.859727645000078 ], [ 89.101055427000063, 26.844086988000072 ], [ 89.133633469000074, 26.80747167800007 ], [ 89.176097381000034, 26.819111217000057 ], [ 89.19370563800004, 26.810676622000074 ], [ 89.228172829000073, 26.818379419000053 ], [ 89.262539946000061, 26.814192185000024 ], [ 89.27466714500008, 26.828595122000024 ], [ 89.278531661000045, 26.826589255000044 ], [ 89.318781981000086, 26.851631461000068 ], [ 89.326787522000075, 26.843345372000044 ], [ 89.378938639000069, 26.862298718000034 ], [ 89.389872275000073, 26.841926225000066 ], [ 89.422846638000067, 26.836049510000066 ], [ 89.439382844000079, 26.840516749000074 ], [ 89.450474330000077, 26.830816823000077 ], [ 89.450182174000076, 26.818105371000058 ], [ 89.46961294700003, 26.802712841000073 ], [ 89.496689848000074, 26.803358358000025 ], [ 89.514367268000058, 26.814095025000029 ], [ 89.533328554000036, 26.814889710000045 ], [ 89.54916300800005, 26.809619230000067 ], [ 89.55736462200008, 26.813404040000023 ], [ 89.566087535000065, 26.799099940000076 ], [ 89.614824935000058, 26.786601165000036 ], [ 89.621082105000085, 26.778299293000032 ], [ 89.63144681600005, 26.782794612000032 ], [ 89.64975208900006, 26.776981613000032 ], [ 89.652883471000052, 26.767180993000068 ], [ 89.643070535000049, 26.760202095000068 ], [ 89.643445543000041, 26.748691804000032 ], [ 89.626491933000068, 26.741886430000079 ], [ 89.617129172000034, 26.728998707000073 ], [ 89.62608248500004, 26.723471226000072 ], [ 89.635182105000069, 26.725887062000027 ], [ 89.650032081000063, 26.717435539000064 ], [ 89.658100629000046, 26.718684726000049 ], [ 89.669043328000043, 26.731104612000024 ], [ 89.670518319000053, 26.739586712000062 ], [ 89.689570295000067, 26.733003427000028 ], [ 89.700080589000038, 26.737708704000056 ], [ 89.724037549000059, 26.723217921000071 ], [ 89.755015697000033, 26.733845626000061 ], [ 89.76012503000004, 26.719209871000032 ], [ 89.768985912000062, 26.713775134000059 ], [ 89.774688817000083, 26.702067016000058 ], [ 89.806426227000031, 26.710798322000073 ], [ 89.860949733000041, 26.702020985000047 ], [ 89.859061915000041, 26.717617006000069 ], [ 89.866184756000052, 26.728165319000027 ], [ 89.864684533000059, 26.734159350000027 ], [ 89.858181814000034, 26.735247156000071 ], [ 89.861716760000036, 26.737626401000057 ], [ 89.897077024000055, 26.724581111000077 ], [ 89.966895417000046, 26.724319225000045 ], [ 90.008037723000086, 26.732487964000029 ], [ 90.045655100000033, 26.729652842000064 ], [ 90.139612799000076, 26.753631347000066 ], [ 90.193900492000068, 26.773501085000078 ], [ 90.187549567000076, 26.807093542000075 ], [ 90.201154818000077, 26.83581896000004 ], [ 90.230449975000056, 26.859034574000077 ], [ 90.30030484200006, 26.848434461000068 ], [ 90.346015584000043, 26.874301397000067 ], [ 90.346958332000042, 26.886300941000059 ], [ 90.355501928000081, 26.900848415000041 ], [ 90.41733490200005, 26.904819191000058 ], [ 90.546447629000056, 26.816758936000042 ], [ 90.584446417000038, 26.803849691000039 ], [ 90.633996965000051, 26.794207307000079 ], [ 90.645978082000056, 26.777701382000032 ], [ 90.676222999000061, 26.785316186000045 ], [ 90.693605931000036, 26.772240087000057 ], [ 90.717232022000076, 26.769856059000062 ], [ 90.742225941000072, 26.776407324000047 ], [ 90.951807281000072, 26.785418059000051 ], [ 90.952084930000069, 26.779025444000069 ], [ 90.992263311000045, 26.794863625000062 ], [ 91.052785165000046, 26.782927322000035 ], [ 91.096798154000055, 26.821954678000054 ], [ 91.14459580700003, 26.810979341000063 ], [ 91.188188360000083, 26.81585388600007 ], [ 91.235559924000086, 26.812483779000047 ], [ 91.27669620000006, 26.800491155000032 ], [ 91.295837001000052, 26.787366029000054 ], [ 91.33644189000006, 26.780441344000053 ], [ 91.375019666000071, 26.79528700700007 ], [ 91.407562516000041, 26.840185776000055 ], [ 91.463748093000049, 26.802589997000041 ], [ 91.495094539000036, 26.791552320000051 ], [ 91.592355663000035, 26.805481676000056 ], [ 91.625339572000087, 26.821082231000048 ], [ 91.689732160000062, 26.806690139000068 ], [ 91.70395555500005, 26.813390929000036 ], [ 91.720607045000065, 26.812040951000029 ], [ 91.824361133000082, 26.864503296000066 ], [ 91.859197488000063, 26.913390219000064 ], [ 91.892397923000033, 26.92055232000007 ], [ 91.96386106500006, 26.883922298000073 ], [ 91.982773746000078, 26.859588736000035 ], [ 92.056431466000049, 26.847273689000076 ], [ 92.10256094600004, 26.867456902000072 ], [ 92.10126783700008, 26.880742740000073 ], [ 92.117162181000083, 26.89921246800003 ], [ 92.11482, 26.93331 ], [ 92.118520080000053, 26.942275980000034 ], [ 92.112789960000043, 26.950908960000049 ], [ 92.12134608000008, 26.960671981000075 ], [ 92.119599, 26.972130960000072 ], [ 92.105262, 26.980378021000035 ], [ 92.107652040000062, 26.98906203100006 ], [ 92.103387120000036, 27.00401499000003 ], [ 92.077952040000071, 27.017965981000032 ], [ 92.08170288000008, 27.040574970000023 ], [ 92.044706040000051, 27.051982020000025 ], [ 92.031192, 27.08003898100003 ], [ 92.030292, 27.099873 ], [ 92.023098120000043, 27.110201040000049 ], [ 92.03596992000007, 27.13725504100006 ], [ 92.026927080000064, 27.16857396100005 ], [ 92.036436840000079, 27.180388980000032 ], [ 92.056923, 27.188285040000039 ], [ 92.061632160000045, 27.210115981000058 ], [ 92.069404921000057, 27.216676980000045 ], [ 92.071838160000084, 27.234779041000024 ], [ 92.059346160000075, 27.252090001000056 ], [ 92.03862096000006, 27.254939040000068 ], [ 92.037692880000066, 27.258485040000039 ], [ 92.046741120000036, 27.269273970000029 ], [ 92.074059, 27.27853704000006 ], [ 92.087025120000078, 27.269422020000036 ], [ 92.119524120000051, 27.270891001000052 ], [ 92.124696960000051, 27.278159040000048 ], [ 92.123283960000037, 27.286608960000024 ], [ 92.10381588000007, 27.300915 ], [ 92.088475920000064, 27.304894981000075 ], [ 92.064912840000034, 27.327294 ], [ 92.062551960000064, 27.342057961000023 ], [ 92.047685040000033, 27.362250991000053 ], [ 92.056146840000054, 27.399933990000079 ], [ 92.037130403000049, 27.418333759000063 ], [ 92.044275255000059, 27.426771254000073 ], [ 92.042244031000052, 27.435887628000046 ], [ 92.026767163000045, 27.440594567000062 ], [ 92.022248860000047, 27.447002334000047 ], [ 92.023112767000043, 27.462421190000043 ], [ 92.016664202000072, 27.480615111000077 ], [ 92.007060968000076, 27.476130241000078 ], [ 91.994564166000032, 27.478571730000056 ], [ 91.988875922000034, 27.46737537000007 ], [ 91.978864686000065, 27.463356458000078 ], [ 91.972304969000049, 27.466733250000061 ], [ 91.960785550000082, 27.460113361000026 ], [ 91.943489016000058, 27.459833204000063 ], [ 91.923027783000066, 27.474193522000064 ], [ 91.899600398000075, 27.470670150000046 ], [ 91.883290704000046, 27.474881116000063 ], [ 91.872568685000033, 27.470376217000023 ], [ 91.862156490000075, 27.484766844000035 ], [ 91.855638229000078, 27.481610981000074 ], [ 91.848682298000085, 27.486509229000035 ], [ 91.842016453000042, 27.476474600000074 ], [ 91.828076856000052, 27.468139266000037 ], [ 91.805697309000038, 27.475955999000064 ], [ 91.76742280600007, 27.464913774000024 ], [ 91.765273522000086, 27.474213298000052 ], [ 91.751392885000087, 27.475471612000035 ], [ 91.730154130000074, 27.469426712000029 ], [ 91.708904389000054, 27.476511990000063 ], [ 91.717634478000036, 27.49812014400004 ], [ 91.707031080000036, 27.497941020000042 ], [ 91.694527920000041, 27.50556798100007 ], [ 91.681998840000063, 27.493692030000034 ], [ 91.651994003000084, 27.483301729000061 ], [ 91.646902880000084, 27.500595693000037 ], [ 91.623547357000064, 27.512621036000041 ], [ 91.612443432000077, 27.543699760000038 ], [ 91.594264147000047, 27.542269280000028 ], [ 91.581962040000064, 27.557018011000025 ], [ 91.581153120000067, 27.569058031000054 ], [ 91.565722191000077, 27.583620221000047 ], [ 91.571445, 27.596303010000042 ], [ 91.584484920000079, 27.608437981000066 ], [ 91.562331960000051, 27.631447020000053 ], [ 91.572849, 27.660834 ], [ 91.595256034000045, 27.670862982000074 ], [ 91.596048856000039, 27.679527011000062 ], [ 91.604342264000081, 27.683273412000062 ], [ 91.607364664000045, 27.690375264000068 ], [ 91.629294462000075, 27.70001447900006 ], [ 91.627102670000056, 27.715666575000057 ], [ 91.632053080000048, 27.717238414000064 ], [ 91.637637323000035, 27.730463454000073 ], [ 91.635127570000066, 27.746204933000058 ], [ 91.641738177000036, 27.752245833000075 ], [ 91.642996047000054, 27.761111 ], [ 91.847664361000056, 27.761110694000024 ], [ 91.858560302000058, 27.747610239000039 ], [ 91.861523558000044, 27.735036139000044 ], [ 91.872532505000038, 27.729374183000061 ], [ 91.873503285000083, 27.721965478000072 ], [ 91.889471864000086, 27.72152561200005 ], [ 91.903206690000047, 27.729227810000054 ], [ 91.924395066000045, 27.716514477000032 ], [ 91.952950417000068, 27.736578033000058 ], [ 91.965398533000041, 27.739084475000027 ], [ 91.982680888000061, 27.777340708000054 ], [ 92.003016132000084, 27.783749274000058 ], [ 92.017392082000072, 27.776526962000048 ], [ 92.056903167000087, 27.780001691000052 ], [ 92.062554693000038, 27.789813333000041 ], [ 92.110965303000057, 27.803375206000055 ], [ 92.14288790300003, 27.835030410000059 ], [ 92.164401286000043, 27.831144523000034 ], [ 92.174008322000077, 27.847315063000053 ], [ 92.186637964000056, 27.84690643700003 ], [ 92.193338294000057, 27.856557174000045 ], [ 92.213495350000073, 27.86331202100007 ], [ 92.213181122000037, 27.87320193100004 ], [ 92.243656918000056, 27.888167514000031 ], [ 92.256064134000042, 27.879904760000045 ], [ 92.266498977000083, 27.88688348900007 ], [ 92.293352408000032, 27.872482427000023 ], [ 92.303027, 27.852902 ], [ 92.297394, 27.833469 ], [ 92.316405, 27.816993001000071 ], [ 92.320488001000058, 27.809811 ], [ 92.31908, 27.797418 ], [ 92.33795, 27.796292 ], [ 92.355412, 27.805023001000052 ], [ 92.364847, 27.8046 ], [ 92.395405, 27.81995 ], [ 92.407798, 27.820795001000079 ], [ 92.41174, 27.828399001000037 ], [ 92.423851, 27.834877001000052 ], [ 92.426809, 27.803474 ], [ 92.437511, 27.804319001000067 ], [ 92.455818, 27.793335001000059 ], [ 92.4768, 27.826005001000055 ], [ 92.477645, 27.834314001000052 ], [ 92.500317, 27.851212 ], [ 92.511724, 27.84741 ], [ 92.527073, 27.85388800100003 ], [ 92.532706, 27.865998001000037 ], [ 92.545239, 27.866562 ], [ 92.569602001000078, 27.882193 ], [ 92.580304, 27.88163 ], [ 92.594668, 27.910357 ], [ 92.606919, 27.916835 ], [ 92.627056, 27.910216 ], [ 92.646349, 27.912610001000075 ], [ 92.676766, 27.949083 ], [ 92.68944, 27.952604 ], [ 92.698171, 27.962320001000023 ], [ 92.707888001000072, 27.963165 ], [ 92.72957400100006, 27.978233001000035 ], [ 92.732391, 27.985697 ], [ 92.724223, 27.990062 ], [ 92.720855, 27.999410001000058 ], [ 92.736325, 28.037778 ], [ 92.731518, 28.054471 ], [ 92.701802, 28.068193001000054 ], [ 92.668328, 28.068106 ], [ 92.656442, 28.079992001000051 ], [ 92.67733, 28.150960001000044 ], [ 92.691664, 28.150173 ], [ 92.717246094000075, 28.167669372000034 ], [ 92.739043439000056, 28.153723741000078 ], [ 92.749247859000036, 28.162373118000062 ], [ 92.762995714000056, 28.160666411000079 ], [ 92.773571779000065, 28.169310589000077 ], [ 92.770680596000034, 28.178432498000063 ], [ 92.784394, 28.186706001000061 ], [ 92.793746, 28.187580001000072 ], [ 92.832726, 28.175169 ], [ 92.867336, 28.189677 ], [ 92.882893, 28.201564001000065 ], [ 92.921611, 28.200690001000055 ], [ 92.935857, 28.217033001000061 ], [ 92.928253, 28.225598 ], [ 92.932273, 28.248759001000053 ], [ 92.946869, 28.261607 ], [ 92.991267, 28.273143 ], [ 93.00228, 28.294469001000039 ], [ 93.024916, 28.298402 ], [ 93.050611, 28.31055 ], [ 93.060225, 28.304607 ], [ 93.077093001000037, 28.324971001000051 ], [ 93.149153218000038, 28.366877346000024 ], [ 93.145915975000037, 28.37951991400007 ], [ 93.163455619000047, 28.400639817000069 ], [ 93.167498152000064, 28.414122183000075 ], [ 93.170978419000051, 28.439253240000028 ], [ 93.168196613000077, 28.454792089000023 ], [ 93.180702973000052, 28.477132321000056 ], [ 93.189246553000032, 28.482295339000075 ], [ 93.192391607000047, 28.494038179000029 ], [ 93.201765286000068, 28.494516275000024 ], [ 93.251039394000031, 28.545398797000075 ], [ 93.312435414000049, 28.577567610000074 ], [ 93.370597438000061, 28.599726831000055 ], [ 93.425631597000063, 28.661985712000046 ], [ 93.480424373000062, 28.674018487000069 ], [ 93.511249798000051, 28.667373476000023 ], [ 93.52239157200006, 28.673649906000037 ], [ 93.572015632000046, 28.675375966000047 ], [ 93.622843775000035, 28.685467998000036 ], [ 93.637254, 28.654530001000069 ], [ 93.657116, 28.667443001000038 ], [ 93.688514, 28.678325001000076 ], [ 93.705507, 28.664756 ], [ 93.712243, 28.664707001000068 ], [ 93.75469600100007, 28.698583001000031 ], [ 93.784275, 28.713301 ], [ 93.789848, 28.737021001000073 ], [ 93.804138, 28.735592 ], [ 93.841147001000081, 28.748739001000047 ], [ 93.859867, 28.742308001000026 ], [ 93.896591, 28.757455 ], [ 93.910023, 28.740165001000037 ], [ 93.914596, 28.741022001000033 ], [ 93.919311, 28.746452 ], [ 93.912166, 28.773174 ], [ 93.939031, 28.789464001000056 ], [ 93.947604, 28.803182 ], [ 93.974898, 28.821472 ], [ 93.987044, 28.808326 ], [ 93.988044, 28.795037001000026 ], [ 93.995474, 28.790607 ], [ 94.019745, 28.793489 ], [ 94.018584, 28.828327001000048 ], [ 94.028261, 28.852809 ], [ 94.058163, 28.858712001000072 ], [ 94.059228, 28.87497 ], [ 94.078678, 28.882711 ], [ 94.131708, 28.888905 ], [ 94.1619, 28.904485001000069 ], [ 94.174771, 28.911839 ], [ 94.166448, 28.923839 ], [ 94.178641, 28.935935001000075 ], [ 94.230994, 28.927613001000054 ], [ 94.260509, 28.931677 ], [ 94.274734, 28.952483 ], [ 94.27396, 28.967869 ], [ 94.302991, 28.98461 ], [ 94.309474, 28.993997001000025 ], [ 94.322151, 28.993416 ], [ 94.341892, 29.001932001000057 ], [ 94.366375, 29.025931 ], [ 94.360375, 29.034253 ], [ 94.32757, 29.04054300100006 ], [ 94.324087, 29.054962 ], [ 94.313345, 29.06618700100006 ], [ 94.315571, 29.07586400100007 ], [ 94.284604, 29.086412001000042 ], [ 94.276863, 29.093863001000045 ], [ 94.275992, 29.112733 ], [ 94.29012, 29.121346 ], [ 94.295249, 29.134507001000031 ], [ 94.293217, 29.152312001000041 ], [ 94.3177, 29.15599 ], [ 94.346053, 29.151732 ], [ 94.378907, 29.154127 ], [ 94.385439, 29.160368 ], [ 94.390519, 29.184174001000031 ], [ 94.417373, 29.178948001000037 ], [ 94.429203, 29.18744 ], [ 94.448073, 29.183376001000056 ], [ 94.456855, 29.213132001000076 ], [ 94.491982, 29.207762 ], [ 94.510635, 29.231204 ], [ 94.540972, 29.219737 ], [ 94.568406, 29.241220001000045 ], [ 94.571527, 29.256243 ], [ 94.590688, 29.272138 ], [ 94.619065, 29.283895 ], [ 94.626468, 29.295798 ], [ 94.644323, 29.296524001000023 ], [ 94.655862, 29.305741 ], [ 94.665733, 29.304652 ], [ 94.691643, 29.317716 ], [ 94.697159, 29.315394 ], [ 94.715521, 29.291516 ], [ 94.734899, 29.286943 ], [ 94.735697, 29.275912001000052 ], [ 94.747745, 29.256171 ], [ 94.744842, 29.243252 ], [ 94.751664, 29.22968 ], [ 94.770752, 29.218285001000027 ], [ 94.79434, 29.217705 ], [ 94.803702, 29.208415001000049 ], [ 94.797388, 29.186061 ], [ 94.807259, 29.164868001000059 ], [ 94.847539, 29.182577001000027 ], [ 94.884191001000033, 29.179093 ], [ 94.899505, 29.173723001000042 ], [ 94.917577, 29.157465 ], [ 94.940293, 29.161167 ], [ 94.964824, 29.158844001000034 ], [ 94.992331, 29.145998 ], [ 94.999581, 29.132322001000034 ], [ 95.021816, 29.127475 ], [ 95.011034513000084, 29.152442420000057 ], [ 94.986502956000038, 29.173229226000046 ], [ 94.994651, 29.173582001000057 ], [ 95.042117, 29.150687001000051 ], [ 95.054795, 29.153412 ], [ 95.065695, 29.147014 ], [ 95.097212, 29.142038 ], [ 95.101003, 29.128293 ], [ 95.119368, 29.112416 ], [ 95.100885, 29.101397 ], [ 95.103847, 29.096066001000054 ], [ 95.13015, 29.09808 ], [ 95.135957001000065, 29.088483001000043 ], [ 95.149819, 29.090023001000077 ], [ 95.159179, 29.098791 ], [ 95.178966, 29.10436 ], [ 95.192829, 29.101634 ], [ 95.211549, 29.107559 ], [ 95.230389, 29.103649001000065 ], [ 95.23655, 29.085757 ], [ 95.258825, 29.080307001000051 ], [ 95.262616, 29.06834 ], [ 95.271384, 29.073198 ], [ 95.271858, 29.103175 ], [ 95.282996, 29.109928 ], [ 95.277545, 29.11609 ], [ 95.289038, 29.122725001000049 ], [ 95.299347, 29.136469 ], [ 95.378850001000046, 29.136824001000036 ], [ 95.391646, 29.134455 ], [ 95.397333, 29.124857 ], [ 95.412736, 29.125924001000044 ], [ 95.409419, 29.144289 ], [ 95.414988, 29.147962001000053 ], [ 95.419016, 29.180664001000025 ], [ 95.433945, 29.192749 ], [ 95.45385, 29.176398 ], [ 95.45468, 29.164668 ], [ 95.448756, 29.160758 ], [ 95.457879, 29.136824001000036 ], [ 95.467832, 29.134929 ], [ 95.474111, 29.141445001000079 ], [ 95.480509, 29.14109 ], [ 95.503614, 29.12604200100003 ], [ 95.509538, 29.126398 ], [ 95.515344, 29.143222001000026 ], [ 95.513922, 29.163839 ], [ 95.500415, 29.18173 ], [ 95.502074, 29.192157 ], [ 95.508353, 29.194882001000053 ], [ 95.529088, 29.189194 ], [ 95.532287, 29.194763001000069 ], [ 95.548749758000042, 29.19688397300007 ], [ 95.573826831000076, 29.179853086000037 ], [ 95.595676, 29.18801 ], [ 95.603496, 29.19583 ], [ 95.59461, 29.20673 ], [ 95.596269, 29.223792 ], [ 95.605629, 29.235996 ], [ 95.63608, 29.223318001000052 ], [ 95.63762, 29.216446 ], [ 95.648046, 29.210403001000032 ], [ 95.66416, 29.223555 ], [ 95.698284, 29.224740001000043 ], [ 95.705748, 29.213247 ], [ 95.703379, 29.205427 ], [ 95.708829, 29.204005001000041 ], [ 95.743189, 29.225688 ], [ 95.734422, 29.230072 ], [ 95.730275, 29.239669 ], [ 95.735962, 29.255427 ], [ 95.752431, 29.276162001000046 ], [ 95.748403, 29.288366 ], [ 95.737147, 29.297963 ], [ 95.757408, 29.322608 ], [ 95.776839001000042, 29.322964 ], [ 95.812326, 29.34753 ], [ 95.838883, 29.353088 ], [ 95.841083, 29.321233001000053 ], [ 95.877492, 29.314569 ], [ 95.892604, 29.331228 ], [ 95.938816, 29.348921001000065 ], [ 95.941527, 29.3658 ], [ 95.955326, 29.367402 ], [ 95.965675, 29.375780001000066 ], [ 95.980953, 29.361981 ], [ 95.994629, 29.368634 ], [ 96.016531, 29.362545 ], [ 96.053699, 29.382748 ], [ 96.061858, 29.374459 ], [ 96.136324, 29.34558 ], [ 96.14509348100006, 29.333581567000067 ], [ 96.143078780000053, 29.314168487000074 ], [ 96.149115884000082, 29.311248103000025 ], [ 96.152310318000048, 29.296357865000061 ], [ 96.170329407000054, 29.294952224000042 ], [ 96.172033955000074, 29.288091884000039 ], [ 96.195094261000065, 29.265623930000061 ], [ 96.21502539800008, 29.265676545000076 ], [ 96.225302072000034, 29.256155911000064 ], [ 96.264366361000043, 29.246009633000028 ], [ 96.259644442000081, 29.232776950000073 ], [ 96.265384531000052, 29.221703691000073 ], [ 96.260253507000073, 29.217342358000053 ], [ 96.286832906000086, 29.209023479000052 ], [ 96.284381271000086, 29.202574167000023 ], [ 96.302809761000049, 29.192280071000027 ], [ 96.304716512000084, 29.179867558000069 ], [ 96.297933660000069, 29.164900072000023 ], [ 96.298506840000073, 29.151878127000032 ], [ 96.287822987000084, 29.132101248000026 ], [ 96.249253427000042, 29.111791508000067 ], [ 96.212872437000044, 29.113513002000047 ], [ 96.199617293000074, 29.098763919000078 ], [ 96.214978387000087, 29.069320957000059 ], [ 96.184826299000065, 29.04560555300003 ], [ 96.186817741000084, 29.03730968900004 ], [ 96.206909825000082, 29.032565464000072 ], [ 96.212422334000053, 29.048047016000055 ], [ 96.228739059000077, 29.056178260000024 ], [ 96.237022251000042, 29.067077668000024 ], [ 96.244362740000042, 29.087354002000041 ], [ 96.256900255000062, 29.083039014000065 ], [ 96.273994344000073, 29.098036645000036 ], [ 96.299004099000058, 29.098821844000042 ], [ 96.308410015000049, 29.114561970000068 ], [ 96.317986321000035, 29.117188015000067 ], [ 96.330200869000066, 29.113145902000042 ], [ 96.35085934600005, 29.081379706000064 ], [ 96.366031108000072, 29.081482470000026 ], [ 96.36401580200004, 29.042266661000042 ], [ 96.379113696000047, 29.032815731000028 ], [ 96.390957420000063, 29.033624056000065 ], [ 96.414488489000064, 29.023815328000069 ], [ 96.433671753000056, 29.009663528000033 ], [ 96.444103509000058, 28.995104459000061 ], [ 96.435935196000059, 28.970601345000034 ], [ 96.448487155000066, 28.940254063000054 ], [ 96.46695466400007, 28.933006082000077 ], [ 96.503412026000035, 28.948591882000073 ], [ 96.52169447700004, 28.938938956000072 ], [ 96.528643973000044, 28.917127175000076 ], [ 96.516691523000077, 28.907707149000032 ], [ 96.519584885000086, 28.88806928300005 ], [ 96.526587291000055, 28.880585823000047 ], [ 96.522839771000065, 28.86207670500005 ], [ 96.530646568000066, 28.860165301000052 ], [ 96.539282612000079, 28.849227596000048 ], [ 96.550254861000042, 28.849534540000036 ], [ 96.556590192000044, 28.835216298000034 ], [ 96.571541552000042, 28.822643292000066 ], [ 96.588889459000086, 28.819478808000042 ], [ 96.577002502000084, 28.803485698000031 ], [ 96.573276363000048, 28.783491307000077 ], [ 96.580476347000058, 28.779075513000066 ], [ 96.602817807000065, 28.780888345000051 ], [ 96.602631231000032, 28.759303492000072 ], [ 96.615358866000065, 28.740577905000066 ], [ 96.631809518000068, 28.733707333000041 ], [ 96.628623765000043, 28.70479920300005 ], [ 96.64675204100007, 28.691428163000069 ], [ 96.641125534000082, 28.679902765000065 ], [ 96.632309413000087, 28.679897016000041 ], [ 96.624478798000041, 28.67363290000003 ], [ 96.602967769000031, 28.673436564000042 ], [ 96.592675296000039, 28.682578899000077 ], [ 96.576903467000079, 28.683313050000038 ], [ 96.57608014200008, 28.690332664000039 ], [ 96.562661215000048, 28.69777526300004 ], [ 96.555777539000076, 28.685885061000079 ], [ 96.54472497900008, 28.687396764000027 ], [ 96.537489551000078, 28.677618190000032 ], [ 96.545502687000067, 28.664259831000038 ], [ 96.543773823000038, 28.651033895000069 ], [ 96.525677508000058, 28.643284838000056 ], [ 96.528024146000064, 28.619567754000059 ], [ 96.510215163000055, 28.609856133000051 ], [ 96.517813955000065, 28.593631034000055 ], [ 96.514031045000081, 28.582337403000054 ], [ 96.490060275000076, 28.58423063400005 ], [ 96.483617441000035, 28.575666730000023 ], [ 96.475408954000045, 28.573339267000051 ], [ 96.481778666000082, 28.558987959000035 ], [ 96.462277787000062, 28.545465764000028 ], [ 96.466897154000037, 28.536124028000074 ], [ 96.465627811000047, 28.522886251000045 ], [ 96.438598110000044, 28.517712610000046 ], [ 96.409183209000048, 28.524471047000077 ], [ 96.406453369000076, 28.505854386000067 ], [ 96.410838767000087, 28.502804737000076 ], [ 96.423507563000044, 28.511373829000036 ], [ 96.430586308000045, 28.510683236000034 ], [ 96.455665574000079, 28.486041121000028 ], [ 96.461137863000033, 28.49333484400006 ], [ 96.474480572000061, 28.495633369000075 ], [ 96.489828112000055, 28.461460234000072 ], [ 96.491940517000046, 28.430776059000038 ], [ 96.498105789000078, 28.42899383200006 ], [ 96.511945051000055, 28.453464483000062 ], [ 96.50354522300006, 28.477682800000025 ], [ 96.505734060000066, 28.487548741000069 ], [ 96.497569460000079, 28.495008606000056 ], [ 96.505721828000048, 28.502839812000047 ], [ 96.507904693000057, 28.520293972000047 ], [ 96.496814550000067, 28.529411348000053 ], [ 96.493143977000045, 28.541797246000044 ], [ 96.519498589000079, 28.556811934000052 ], [ 96.55121203200008, 28.56180893800007 ], [ 96.560647910000057, 28.582533502000047 ], [ 96.591257688000042, 28.59783231800003 ], [ 96.60007980000006, 28.604911903000072 ], [ 96.599884304000057, 28.61076220700005 ], [ 96.61397175500008, 28.620385486000032 ], [ 96.632909504000054, 28.623127453000052 ], [ 96.647597781000059, 28.618743178000045 ], [ 96.665504571000042, 28.599993434000055 ], [ 96.686946191000061, 28.589768968000044 ], [ 96.703530472000068, 28.597824240000079 ], [ 96.711883367000041, 28.611443849000068 ], [ 96.71864245900008, 28.606017774000065 ], [ 96.717379636000032, 28.592605694000042 ], [ 96.722447361000036, 28.578770165000037 ], [ 96.749696659000051, 28.568506787000047 ], [ 96.752429297000049, 28.559597325000027 ], [ 96.762016489000075, 28.553143021000039 ], [ 96.750896255000043, 28.541699425000047 ], [ 96.760041219000072, 28.519409105000079 ], [ 96.800585954000042, 28.50394576900004 ], [ 96.820964907000075, 28.50472473700006 ], [ 96.860611336000034, 28.483045717000039 ], [ 96.861958512000058, 28.452971016000049 ], [ 96.893447422000065, 28.418109800000025 ], [ 96.883618228000046, 28.403252288000033 ], [ 96.887816887000042, 28.387294402000066 ], [ 96.922366373000045, 28.364306180000028 ], [ 96.925121878000084, 28.352618581000058 ], [ 96.954407697000079, 28.346261089000052 ], [ 96.973269314000049, 28.331147513000076 ], [ 97.000581859000079, 28.325061419000065 ], [ 97.025372953000044, 28.330334136000033 ], [ 97.053386590000059, 28.357574993000071 ], [ 97.07781486500005, 28.370821442000079 ], [ 97.126426885000058, 28.361892004000026 ], [ 97.136952962000066, 28.351598157000069 ], [ 97.147645509000085, 28.350748991000046 ], [ 97.153330737000033, 28.337807522000048 ], [ 97.166932449000058, 28.329392761000065 ], [ 97.179501547000086, 28.332813524000073 ], [ 97.205472109000084, 28.303090290000057 ], [ 97.214374642000053, 28.305166847000066 ], [ 97.237209029000041, 28.294226810000055 ], [ 97.235214587000087, 28.285495249000064 ], [ 97.242576062000069, 28.265826278000077 ], [ 97.264411280000047, 28.265117822000036 ], [ 97.269959982000046, 28.245080857000062 ], [ 97.280951068000036, 28.245520787000032 ], [ 97.284412905000067, 28.231426843000065 ], [ 97.298113195000042, 28.23340124300006 ], [ 97.297796066000046, 28.229532402000075 ], [ 97.327495615000032, 28.215009782000038 ], [ 97.345480561000045, 28.215456710000069 ], [ 97.347296042000039, 28.207464042000026 ], [ 97.360074403000056, 28.204805068000042 ], [ 97.361978816000033, 28.198476623000033 ], [ 97.353602609000063, 28.176695337000069 ], [ 97.358706321000057, 28.163196234000054 ], [ 97.345629808000069, 28.149533599000051 ], [ 97.340345749000051, 28.150776071000053 ], [ 97.336636426000041, 28.142532643000038 ], [ 97.325104483000075, 28.138427374000059 ], [ 97.329105836000053, 28.127141531000063 ], [ 97.323648545000083, 28.126094826000042 ], [ 97.322666482000045, 28.113017552000031 ], [ 97.332013402000086, 28.105763765000063 ], [ 97.323817855000073, 28.102575877000049 ], [ 97.327122289000044, 28.084265717000051 ], [ 97.312265750000051, 28.062068095000029 ], [ 97.338017956000044, 28.058424824000042 ], [ 97.354488168000046, 28.066836059000025 ], [ 97.359174505000055, 28.062828307000075 ], [ 97.358317110000087, 28.052572356000042 ], [ 97.373220857000035, 28.036437023000076 ], [ 97.377557033000073, 28.022555966000027 ], [ 97.386440013000083, 28.021383439000033 ], [ 97.395358705000035, 28.011741800000038 ], [ 97.384554196000067, 28.000041398000064 ], [ 97.383895460000076, 27.986070844000039 ], [ 97.367508151000038, 27.977094284000032 ], [ 97.363147607000087, 27.965320817000077 ], [ 97.377101348000053, 27.949768212000038 ], [ 97.366926745000058, 27.936541230000046 ], [ 97.379136267000035, 27.892063686000029 ], [ 97.366199988000062, 27.877237839000031 ], [ 97.360240578000059, 27.873167998000042 ], [ 97.342507701000045, 27.885522871000035 ], [ 97.319106118000036, 27.888575252000066 ], [ 97.32079858600008, 27.893848413000057 ], [ 97.308287376000067, 27.904268985000044 ], [ 97.306645189000051, 27.913440098000024 ], [ 97.298103305000041, 27.916077355000027 ], [ 97.247476473000063, 27.900083961000064 ], [ 97.225995838000074, 27.873629513000026 ], [ 97.215225941000085, 27.869538971000054 ], [ 97.197438759000079, 27.849349989000075 ], [ 97.181927423000047, 27.840768945000036 ], [ 97.184784002000072, 27.832082245000038 ], [ 97.16515097000007, 27.828196537000053 ], [ 97.164576822000072, 27.814772257000072 ], [ 97.149209950000056, 27.804815401000042 ], [ 97.139643228000068, 27.806160980000072 ], [ 97.121317368000064, 27.784603814000036 ], [ 97.113259999000036, 27.785314284000037 ], [ 97.109944968000036, 27.775633686000049 ], [ 97.097098524000046, 27.765698706000023 ], [ 97.092222277000076, 27.75547892000003 ], [ 97.097734295000066, 27.750692278000031 ], [ 97.087729254000067, 27.734184302000074 ], [ 97.071924204000084, 27.73869254400006 ], [ 97.061516665000056, 27.748625034000042 ], [ 97.047538020000047, 27.739300468000067 ], [ 97.040300718000083, 27.74809539000006 ], [ 97.031542921000039, 27.749486575000049 ], [ 97.031497886000068, 27.742882481000038 ], [ 97.01930429500004, 27.73954827700004 ], [ 97.018137936000073, 27.727779398000052 ], [ 97.008423037000057, 27.710270970000067 ], [ 96.985408995000057, 27.68586824700003 ], [ 96.983023305000074, 27.666495058000066 ], [ 96.935116964000088, 27.661659125000028 ], [ 96.921398090000082, 27.632923721000054 ], [ 96.912554725000064, 27.62881920500007 ], [ 96.903539207000051, 27.613849744000049 ], [ 96.892876478000062, 27.615910867000025 ], [ 96.889812005000067, 27.605873904000077 ], [ 96.890210731000082, 27.579381860000069 ], [ 96.908372671000052, 27.579384395000034 ], [ 96.90668564200007, 27.544315204000043 ], [ 96.919574130000058, 27.536681337000061 ], [ 96.926518378000083, 27.527027872000076 ], [ 96.927701006000063, 27.512144256000056 ], [ 96.935340558000064, 27.508311007000032 ], [ 96.926019764000046, 27.507973337000067 ], [ 96.910467295000046, 27.486679989000038 ], [ 96.903380679000065, 27.452783631000045 ], [ 96.932353170000056, 27.431350941000062 ], [ 96.934736437000083, 27.415325855000049 ], [ 96.962377393000054, 27.401618291000034 ], [ 96.960385228000064, 27.394559404000063 ], [ 96.967621862000044, 27.381182328000023 ], [ 96.96209540600006, 27.372932847000072 ], [ 96.978619842000057, 27.356362777000072 ], [ 96.981001067000079, 27.345833035000055 ], [ 96.990241884000056, 27.344062608000058 ], [ 96.99841325400007, 27.318788709000046 ], [ 97.008708223000042, 27.310503199000038 ], [ 97.01491659800007, 27.313019592000046 ], [ 97.024278364000054, 27.306238222000047 ], [ 97.028090672000076, 27.30848420500007 ], [ 97.040546547000076, 27.282211659000041 ], [ 97.054716152000083, 27.275189227000055 ], [ 97.054904563000036, 27.265365850000023 ], [ 97.088221692000047, 27.238837072000024 ], [ 97.092504402000031, 27.225620333000052 ], [ 97.09049570600007, 27.21356266600003 ], [ 97.121875273000057, 27.190377480000052 ], [ 97.124551945000064, 27.174702239000055 ], [ 97.136295920000066, 27.165456642000038 ], [ 97.146964474000072, 27.165316783000037 ], [ 97.151016933000051, 27.149341082000035 ], [ 97.163566896000077, 27.142182573000071 ], [ 97.161591092000037, 27.123234327000034 ], [ 97.149549615000069, 27.11761752600006 ], [ 97.138210212000047, 27.091486874000054 ], [ 97.125004516000047, 27.095763183000031 ], [ 97.119144150000068, 27.104328838000072 ], [ 97.10042551500004, 27.108965514000033 ], [ 97.094768639000051, 27.104010168000059 ], [ 97.096814447000042, 27.096755719000043 ], [ 97.076591599000039, 27.099202757000057 ], [ 97.070904607000045, 27.089831115000038 ], [ 97.063440808000053, 27.091770747000055 ], [ 97.06197054900008, 27.099188876000028 ], [ 97.03386361400004, 27.118498036000062 ], [ 97.036217806000082, 27.124162472000023 ], [ 97.030559975000074, 27.131371161000061 ], [ 97.027166583000053, 27.129473364000035 ], [ 97.008670324000036, 27.140188716000068 ], [ 96.992871273000048, 27.140227512000024 ], [ 96.984158178000087, 27.154366645000039 ], [ 96.955879759000084, 27.16422949300005 ], [ 96.931255805000035, 27.161630027000058 ], [ 96.901335183000072, 27.168556628000033 ], [ 96.867665416000079, 27.184722442000066 ], [ 96.856779546000041, 27.192473771000039 ], [ 96.854680924000036, 27.210779937000041 ], [ 96.885609068000065, 27.226930691000064 ], [ 96.887809794000077, 27.235523926000042 ], [ 96.881486498000072, 27.239845006000053 ], [ 96.887895248000063, 27.247764392000079 ], [ 96.884272323000062, 27.260187525000049 ], [ 96.862830168000073, 27.259663079000063 ], [ 96.846877827000071, 27.271643236000045 ], [ 96.848070421000045, 27.290384778000032 ], [ 96.822159076000048, 27.309132456000043 ], [ 96.796739187000071, 27.345819246000076 ], [ 96.76681921100004, 27.357351770000037 ], [ 96.751318879000053, 27.35264251500007 ], [ 96.704217220000032, 27.372258742000042 ], [ 96.702320654000061, 27.360040871000024 ], [ 96.697685352000065, 27.357702826000036 ], [ 96.675598445000048, 27.361412745000052 ], [ 96.672478487000035, 27.357696970000063 ], [ 96.660346393000054, 27.36440839100004 ], [ 96.647004262000053, 27.359360945000049 ], [ 96.625687221000078, 27.366439917000037 ], [ 96.605652454000051, 27.365828888000067 ], [ 96.59115706700004, 27.347965445000057 ], [ 96.596150713000043, 27.333571514000027 ], [ 96.58851886900004, 27.335741853000059 ], [ 96.564346348000072, 27.318586731000039 ], [ 96.550896388000069, 27.318296744000065 ], [ 96.551105826000082, 27.313596197000038 ], [ 96.542472188000033, 27.308928951000041 ], [ 96.541250944000069, 27.300203817000067 ], [ 96.523627763000036, 27.286293487000023 ], [ 96.517631227000038, 27.285535887000037 ], [ 96.507581513000048, 27.299008702000037 ], [ 96.490215354000043, 27.30252076000005 ], [ 96.488179810000076, 27.296156834000044 ], [ 96.462498595000056, 27.306085328000052 ], [ 96.450912575000075, 27.301197793000028 ], [ 96.440647308000052, 27.306334967000055 ], [ 96.42139181400006, 27.301438631000053 ], [ 96.407706664000045, 27.287753204000069 ], [ 96.402552792000051, 27.293243595000035 ], [ 96.386237359000063, 27.284741540000027 ], [ 96.374791061000053, 27.285038567000072 ], [ 96.369202994000034, 27.290043301000026 ], [ 96.366941055000041, 27.286767894000036 ], [ 96.352239240000074, 27.294888640000067 ], [ 96.345914093000033, 27.285393760000034 ], [ 96.340199116000065, 27.284867051000049 ], [ 96.307446438000056, 27.294218568000076 ], [ 96.274196728000049, 27.283387997000034 ], [ 96.271449647000054, 27.271395006000034 ], [ 96.228589352000085, 27.278800822000051 ], [ 96.209476357000085, 27.261361373000057 ], [ 96.193909412000039, 27.261496217000058 ], [ 96.185309909000068, 27.249169564000056 ], [ 96.155104882000046, 27.248412100000053 ], [ 96.120318868000084, 27.231475971000066 ], [ 96.089910199000087, 27.223237065000035 ], [ 96.077167921000068, 27.208205908000025 ], [ 96.064046321000035, 27.205825828000059 ], [ 96.054016395000076, 27.195904315000064 ], [ 96.022636787000067, 27.179952335000053 ], [ 96.010148234000042, 27.142319097000041 ], [ 95.998830622000071, 27.135390719000043 ], [ 95.984676249000074, 27.112355334000029 ], [ 95.967401137000081, 27.098469933000047 ], [ 95.945734645000073, 27.05138822300006 ], [ 95.910142403000066, 27.036577670000042 ], [ 95.904020326000079, 27.039067107000051 ], [ 95.893983605000074, 27.025804519000076 ], [ 95.879014711000082, 27.022749885000053 ], [ 95.87021788900006, 27.013119112000027 ], [ 95.842628723000075, 27.01424576900007 ], [ 95.830975661000082, 27.007488202000047 ], [ 95.802256334000049, 27.015073313000073 ], [ 95.796092667000039, 26.998130090000075 ], [ 95.783429295000076, 26.990109707000045 ], [ 95.781189870000048, 26.977690325000026 ], [ 95.768409375000033, 26.976977823000027 ], [ 95.755235629000083, 26.953950147000057 ], [ 95.75982421100008, 26.936698264000029 ], [ 95.747935152000082, 26.926134238000031 ], [ 95.746480605000045, 26.915480783000078 ], [ 95.750575966000042, 26.909018413000069 ], [ 95.744966258000034, 26.896256383000036 ], [ 95.734524030000046, 26.893951131000051 ], [ 95.72305902800008, 26.88147771000007 ], [ 95.705798647000051, 26.880555342000036 ], [ 95.694484437000085, 26.892065205000051 ], [ 95.667223690000071, 26.902908708000041 ], [ 95.646062528000073, 26.884499135000056 ], [ 95.643939164000074, 26.876071515000035 ], [ 95.631537016000038, 26.873745692000057 ], [ 95.634213370000055, 26.868382083000029 ], [ 95.62625167200008, 26.861924012000031 ], [ 95.626602672000047, 26.842799953000053 ], [ 95.608003717000031, 26.813191944000039 ], [ 95.569620248000035, 26.81633703600005 ], [ 95.556558135000046, 26.832632003000072 ], [ 95.543172481000056, 26.835436777000041 ], [ 95.524649558000078, 26.822662482000055 ], [ 95.522375573000033, 26.813535330000036 ], [ 95.506478706000053, 26.808094046000065 ], [ 95.50472357700005, 26.792484409000053 ], [ 95.484556016000056, 26.758392254000057 ], [ 95.48236090100005, 26.746451980000074 ], [ 95.473875786000065, 26.740405908000071 ], [ 95.459291176000079, 26.742859776000046 ], [ 95.432245850000072, 26.715231578000044 ], [ 95.430585292000046, 26.700023479000038 ], [ 95.417967102000034, 26.693468220000057 ], [ 95.403269795000085, 26.694428456000026 ], [ 95.39445857000004, 26.684850405000077 ], [ 95.374032639000063, 26.684014950000062 ], [ 95.360227093000049, 26.670932266000023 ], [ 95.335133058000054, 26.673635627000067 ], [ 95.326213633000066, 26.664548234000051 ], [ 95.313727337000046, 26.66273041200003 ], [ 95.30339233400008, 26.650843802000054 ], [ 95.274272560000043, 26.658821372000034 ], [ 95.259574126000075, 26.655351561000032 ], [ 95.257342407000067, 26.676131544000043 ], [ 95.249239540000076, 26.683894959000042 ], [ 95.233919682000078, 26.682458570000051 ], [ 95.208454471000039, 26.647811343000058 ], [ 95.192761959000052, 26.641161703000023 ], [ 95.181035302000055, 26.642975192000051 ], [ 95.166574599000057, 26.63412278800007 ], [ 95.163469796000072, 26.621544867000068 ], [ 95.149107197000035, 26.616014375000077 ], [ 95.146693649000042, 26.593230435000066 ], [ 95.15427184300006, 26.582821366000076 ], [ 95.140978735000033, 26.566717789000052 ], [ 95.139293046000034, 26.556116084000053 ], [ 95.125303870000039, 26.557703139000068 ], [ 95.107216920000042, 26.541475504000061 ], [ 95.113044827000067, 26.535447151000028 ], [ 95.114100035000035, 26.518359886000042 ], [ 95.099988687000064, 26.505879766000078 ], [ 95.096495443000038, 26.493443270000057 ], [ 95.072945571000048, 26.472541697000054 ], [ 95.061748562000048, 26.449515918000031 ], [ 95.066084271000079, 26.441553831000078 ], [ 95.072584268000071, 26.447710417000053 ], [ 95.084438034000073, 26.447317388000045 ], [ 95.103998923000063, 26.420552530000066 ], [ 95.096459093000078, 26.400740062000068 ], [ 95.099796594000054, 26.394019415000059 ], [ 95.107396530000074, 26.395553973000062 ], [ 95.12023072900007, 26.386611957000071 ], [ 95.125284257000033, 26.388020350000033 ], [ 95.132198982000034, 26.377741581000066 ], [ 95.121089871000038, 26.349581478000061 ], [ 95.128239283000084, 26.339580553000076 ], [ 95.122831988000087, 26.330712813000048 ], [ 95.125939394000056, 26.323409854000033 ], [ 95.122306546000061, 26.30720337200006 ], [ 95.128096613000082, 26.301734323000062 ], [ 95.128247646000034, 26.293183524000028 ], [ 95.119413157000054, 26.26486725500007 ], [ 95.127230993000069, 26.253723496000077 ], [ 95.114455649000035, 26.232724808000057 ], [ 95.142533675000038, 26.211553251000055 ], [ 95.121911560000058, 26.184922873000062 ], [ 95.126557403000049, 26.178073404000031 ], [ 95.117118676000075, 26.158698400000048 ], [ 95.123557245000086, 26.145267429000057 ], [ 95.118941234000033, 26.140796875000035 ], [ 95.126360443000067, 26.129211498000075 ], [ 95.115587242000061, 26.112877342000047 ], [ 95.117740978000086, 26.101248414000054 ], [ 95.142015360000073, 26.094577878000052 ], [ 95.150567849000083, 26.08661601600005 ], [ 95.164701530000059, 26.09253972700003 ], [ 95.185683403000041, 26.073299559000077 ], [ 95.163985855000078, 26.048796927000069 ], [ 95.158865096000056, 26.024818327000048 ], [ 95.145164645000079, 26.01458430200006 ], [ 95.125768253000047, 25.986202277000075 ], [ 95.116749859000038, 25.985027788000025 ], [ 95.11319880800005, 25.974056829000062 ], [ 95.10308324500005, 25.968654454000045 ], [ 95.089245166000069, 25.95055731900004 ], [ 95.073131740000065, 25.941786694000029 ], [ 95.058235555000067, 25.940558358000033 ], [ 95.043820951000043, 25.926925113000038 ], [ 95.030988749000073, 25.931326010000078 ], [ 95.028439079000066, 25.913965455000039 ], [ 95.011593459000039, 25.897953100000052 ], [ 95.01902201200005, 25.880996412000059 ], [ 95.010143431000074, 25.875237715000026 ], [ 95.008851229000072, 25.866905071000076 ], [ 95.018030752000072, 25.860078775000034 ], [ 95.022651265000036, 25.845195481000076 ], [ 95.029332431000057, 25.840266480000025 ], [ 95.032929132000049, 25.814345006000053 ], [ 95.049763970000072, 25.80091507800006 ], [ 95.043955600000061, 25.77369909600003 ], [ 95.048670761000039, 25.759796779000055 ], [ 95.040457233000041, 25.741718667000043 ], [ 95.022798568000042, 25.731484482000042 ], [ 95.003371479000066, 25.728597842000056 ], [ 94.992081345000031, 25.719940268000073 ], [ 94.988905270000032, 25.706989294000039 ], [ 94.970232484000064, 25.688561543000048 ], [ 94.935482900000068, 25.666830455000024 ], [ 94.922565251000037, 25.645373637000034 ], [ 94.914834580000047, 25.60745016900006 ], [ 94.881850075000045, 25.590757275000044 ], [ 94.881397709000055, 25.585023795000041 ], [ 94.898231082000052, 25.565570274000038 ], [ 94.845644513000082, 25.561325224000029 ], [ 94.825270149000062, 25.542406138000047 ], [ 94.824844714000051, 25.523804356000028 ], [ 94.811979320000034, 25.511546002000046 ], [ 94.807850564000034, 25.493890405000059 ], [ 94.78895355700007, 25.489533739000024 ], [ 94.783834345000059, 25.48064382900003 ], [ 94.761964058000046, 25.482074229000034 ], [ 94.751739047000058, 25.493772662000026 ], [ 94.744163775000061, 25.481242061000046 ], [ 94.718082845000083, 25.469163193000043 ], [ 94.683425861000046, 25.466157673000055 ], [ 94.671239826000033, 25.442268463000062 ], [ 94.670420326000055, 25.418725447000043 ], [ 94.660120499000072, 25.40552260100003 ], [ 94.649086831000034, 25.405831437000074 ], [ 94.634740795000084, 25.395189526000024 ], [ 94.634373227000083, 25.355691921000073 ], [ 94.622353063000048, 25.345824738000033 ], [ 94.618673326000078, 25.329789436000056 ], [ 94.607387048000078, 25.316144173000055 ], [ 94.585119621000047, 25.266754443000025 ], [ 94.589481638000052, 25.255355974000054 ], [ 94.585777820000033, 25.229103137000038 ], [ 94.575639945000034, 25.213862879000033 ], [ 94.605983697000056, 25.181372862000046 ], [ 94.620026765000034, 25.186824339000054 ], [ 94.64006269500004, 25.166096602000039 ], [ 94.648254357000042, 25.16834618300004 ], [ 94.664192986000046, 25.162758279000059 ], [ 94.680141133000063, 25.148907636000047 ], [ 94.689470697000047, 25.157611969000072 ], [ 94.697451023000042, 25.154940994000071 ], [ 94.70238183500004, 25.14551947800004 ], [ 94.71464469700004, 25.138060987000074 ], [ 94.736476721000031, 25.135052565000024 ], [ 94.740944833000071, 25.126575704000061 ], [ 94.736320098000078, 25.110133484000073 ], [ 94.744671929000049, 25.080128073000026 ], [ 94.737693704000037, 25.065592308000078 ], [ 94.744611350000071, 25.060085205000064 ], [ 94.744081230000063, 25.037007641000059 ], [ 94.727465442000039, 25.01001993400007 ], [ 94.726970213000072, 25.00003900400003 ], [ 94.70711728200007, 24.987118802000055 ], [ 94.696348500000056, 24.968260699000041 ], [ 94.696596853000074, 24.960180291000029 ], [ 94.713602611000056, 24.935002558000065 ], [ 94.710242939000068, 24.928982736000023 ], [ 94.701794753000058, 24.929577694000045 ], [ 94.687644983000041, 24.889338432000045 ], [ 94.673236237000083, 24.875411859000053 ], [ 94.656929059000049, 24.871313162000035 ], [ 94.648329190000084, 24.860835430000066 ], [ 94.64986947500006, 24.85516762900005 ], [ 94.63224271200005, 24.839631067000028 ], [ 94.629613727000049, 24.80535033600006 ], [ 94.617902374000039, 24.780570648000037 ], [ 94.629112731000077, 24.757130029000052 ], [ 94.612414310000077, 24.74072299200003 ], [ 94.604999716000066, 24.712627368000028 ], [ 94.585544209000034, 24.70594172400007 ], [ 94.577645434000033, 24.711239730000045 ], [ 94.579732439000054, 24.724889659000041 ], [ 94.572076729000059, 24.719256466000047 ], [ 94.568163225000035, 24.705926593000072 ], [ 94.558801901000038, 24.713305099000024 ], [ 94.541872058000081, 24.704358509000031 ], [ 94.548268962000066, 24.683822887000076 ], [ 94.539910361000068, 24.644312702000036 ], [ 94.508622264000053, 24.593900449000046 ], [ 94.475024002000055, 24.580377443000032 ], [ 94.467948279000041, 24.571688510000058 ], [ 94.456481028000042, 24.573120346000053 ], [ 94.42575021600004, 24.481315477000066 ], [ 94.398226573000045, 24.482340220000026 ], [ 94.397071458000084, 24.454365573000075 ], [ 94.408491008000055, 24.439883610000038 ], [ 94.39502271200007, 24.409594040000059 ], [ 94.360855676000085, 24.394423544000063 ], [ 94.378456110000059, 24.379733778000059 ], [ 94.349930693000033, 24.334412555000029 ], [ 94.321954137000034, 24.328911100000028 ], [ 94.321917932000076, 24.277219620000039 ], [ 94.303294527000048, 24.235534748000077 ], [ 94.292344237000066, 24.233970248000048 ], [ 94.276383990000056, 24.173277765000023 ], [ 94.259911138000064, 24.165469452000025 ], [ 94.251601537000056, 24.126415763000068 ], [ 94.254509768000048, 24.082472391000067 ], [ 94.239169076000053, 24.052066747000026 ], [ 94.232860844000072, 24.058145720000027 ], [ 94.227700507000065, 24.056688197000028 ], [ 94.237365724000085, 24.035416405000035 ], [ 94.201876570000081, 23.982562744000063 ], [ 94.189931576000049, 23.933472707000078 ], [ 94.177813584000035, 23.925989812000068 ], [ 94.169604805000063, 23.92867751700004 ], [ 94.156587268000067, 23.847907993000035 ], [ 94.145580455000072, 23.849710020000032 ], [ 94.143756210000049, 23.835236833000067 ], [ 94.126061233000087, 23.833477974000061 ], [ 94.113458537000042, 23.843331858000056 ], [ 94.110654091000072, 23.849325989000079 ], [ 94.116107819000035, 23.852380310000058 ], [ 94.109442663000038, 23.854789460000063 ], [ 94.113083689000064, 23.862973766000039 ], [ 94.103126844000087, 23.870132887000068 ], [ 94.104888302000063, 23.875365438000074 ], [ 94.099320400000067, 23.880598421000059 ], [ 94.102482057000032, 23.883261712000035 ], [ 94.098190361000036, 23.883074675000046 ], [ 94.096063957000069, 23.889188014000069 ], [ 94.081690054000035, 23.882115537000061 ], [ 94.06814687800005, 23.889973748000045 ], [ 94.049025762000042, 23.887240167000073 ], [ 94.040488032000042, 23.910733421000032 ], [ 94.02523778300008, 23.915644306000047 ], [ 94.016732905000083, 23.926910951000025 ], [ 93.99815764300007, 23.921787350000045 ], [ 93.988667427000053, 23.928640446000031 ], [ 93.97524956400008, 23.924724610000055 ], [ 93.960364718000051, 23.928407952000043 ], [ 93.944086377000076, 23.946250010000028 ], [ 93.930108192000034, 23.950039533000052 ], [ 93.893382351000071, 23.952934666000033 ], [ 93.88275690200004, 23.94170809600007 ], [ 93.871912203000079, 23.941256647000046 ], [ 93.859132487000068, 23.932101804000069 ], [ 93.839933470000062, 23.932295834000058 ], [ 93.819645721000086, 23.923610531000065 ], [ 93.807762675000049, 23.926760203000072 ], [ 93.799541157000078, 23.932719673000065 ], [ 93.797863693000068, 23.947347405000073 ], [ 93.771966554000073, 23.96902017900004 ], [ 93.761481942000046, 23.999614873000041 ], [ 93.754301852000083, 24.005539799000076 ], [ 93.744812847000048, 24.003588818000026 ], [ 93.741210497000054, 23.997156979000067 ], [ 93.74010506500008, 24.002559478000023 ], [ 93.723324899000033, 23.997537462000025 ], [ 93.690432562000069, 24.009097621000024 ], [ 93.656424325000046, 24.002006549000043 ], [ 93.652356905000033, 24.009705723000025 ], [ 93.623758622000082, 24.011372566000034 ], [ 93.611981263000075, 23.997176482000043 ], [ 93.60852581100005, 23.971912549000024 ], [ 93.599240922000035, 23.972649169000078 ], [ 93.591853256000036, 23.960692165000069 ], [ 93.573591060000069, 23.966983316000039 ], [ 93.570938468000065, 23.97758039200005 ], [ 93.559544308000056, 23.982026521000023 ], [ 93.550339228000041, 23.959547780000037 ], [ 93.524983396000039, 23.956073914000058 ], [ 93.514991532000067, 23.942834056000038 ], [ 93.505117735000056, 23.94249383500005 ], [ 93.49590889600006, 23.953154951000045 ], [ 93.489550482000084, 23.951459259000046 ], [ 93.463356531000045, 23.973610938000036 ], [ 93.461336276000054, 23.998260753000068 ], [ 93.452680260000079, 23.999590193000074 ], [ 93.452454954000075, 24.014086137000049 ], [ 93.439706913000066, 24.01538602100004 ], [ 93.43313657200008, 24.024325530000056 ], [ 93.421598849000077, 24.064017904000025 ], [ 93.41395397000008, 24.074131132000048 ], [ 93.398560533000079, 24.085391317000074 ], [ 93.390147291000062, 24.082786326000075 ], [ 93.372281850000036, 24.090864845000056 ], [ 93.357942148000063, 24.091261627000051 ], [ 93.354443693000064, 24.098962177000033 ], [ 93.348364159000084, 24.099061758000062 ], [ 93.348699040000042, 24.104986114000042 ], [ 93.341840569000055, 24.102381028000025 ], [ 93.342831037000053, 24.097420869000075 ], [ 93.353932458000031, 24.090607463000026 ], [ 93.335345335000056, 24.090275422000047 ], [ 93.328465359000063, 24.081022520000033 ], [ 93.338382184000068, 24.062050745000079 ], [ 93.326019650000035, 24.051979732000063 ], [ 93.32597594300006, 24.046465690000048 ], [ 93.337885308000068, 24.040360097000075 ], [ 93.325955466000039, 24.02975138100004 ], [ 93.331483098000035, 24.030363050000062 ], [ 93.338915716000031, 24.021944250000047 ], [ 93.329776946000038, 24.020720320000066 ], [ 93.337249254000085, 23.989679571000067 ], [ 93.328709890000084, 23.985032569000055 ], [ 93.334311319000051, 23.985017286000073 ], [ 93.333018714000048, 23.97893748000007 ], [ 93.339391479000085, 23.980324453000037 ], [ 93.336572536000062, 23.975785040000062 ], [ 93.342997499000035, 23.974876968000046 ], [ 93.341072059000055, 23.969407634000049 ], [ 93.351284342000042, 23.961379933000046 ], [ 93.353810524000039, 23.95157795800003 ], [ 93.348793603000047, 23.948333552000065 ], [ 93.354688420000059, 23.943411006000076 ], [ 93.351378333000071, 23.941458030000035 ], [ 93.361227969000083, 23.944710680000071 ], [ 93.359595762000083, 23.940894160000028 ], [ 93.369364047000033, 23.929914024000027 ], [ 93.381085745000064, 23.934626722000075 ], [ 93.393633845000068, 23.929096424000022 ], [ 93.391739391000044, 23.923710736000032 ], [ 93.39515867700004, 23.923936394000066 ], [ 93.38460556800004, 23.875794107000047 ], [ 93.388793163000059, 23.865285399000072 ], [ 93.384903226000063, 23.848234836000074 ], [ 93.388685642000041, 23.825496921000024 ], [ 93.392788577000033, 23.823338797000076 ], [ 93.390277868000055, 23.817721950000077 ], [ 93.39879523500008, 23.815266856000051 ], [ 93.404265458000054, 23.806756932000042 ], [ 93.391760694000084, 23.756185269000071 ], [ 93.403802938000069, 23.745087324000053 ], [ 93.405753336000032, 23.733370447000027 ], [ 93.410877504000041, 23.729315315000065 ], [ 93.412177978000045, 23.717406650000044 ], [ 93.406140165000068, 23.714903794000065 ], [ 93.40728394000007, 23.707161919000043 ], [ 93.419292718000065, 23.701663376000056 ], [ 93.425682337000069, 23.689434771000037 ], [ 93.437687396000058, 23.686806918000059 ], [ 93.436691195000037, 23.678248427000028 ], [ 93.415889741000058, 23.647012984000071 ], [ 93.416835571000036, 23.63746573800006 ], [ 93.424098334000064, 23.629367277000028 ], [ 93.419243006000045, 23.623344536000047 ], [ 93.419807382000045, 23.612005778000025 ], [ 93.427994935000072, 23.588215204000051 ], [ 93.422947491000059, 23.585057191000033 ], [ 93.421683030000054, 23.571141503000035 ], [ 93.414522179000073, 23.571060930000044 ], [ 93.409722349000049, 23.564329484000041 ], [ 93.413337507000051, 23.560144127000058 ], [ 93.408822558000054, 23.557098339000049 ], [ 93.418277342000067, 23.540116897000075 ], [ 93.408721478000075, 23.517449399000043 ], [ 93.403755329000035, 23.516857842000036 ], [ 93.394821881000041, 23.503758179000044 ], [ 93.392469151000057, 23.47869686100006 ], [ 93.399103345000071, 23.472020258000043 ], [ 93.392052295000042, 23.457851427000037 ], [ 93.394569180000076, 23.447946692000073 ], [ 93.389757624000083, 23.450366602000031 ], [ 93.38765942200007, 23.445543913000051 ], [ 93.388101907000078, 23.420479345000047 ], [ 93.401432939000074, 23.384218932000067 ], [ 93.386358577000067, 23.374359941000023 ], [ 93.39112496100006, 23.369746890000044 ], [ 93.387693156000068, 23.359462565000058 ], [ 93.383783878000031, 23.361951298000065 ], [ 93.355371061000085, 23.35260581600005 ], [ 93.362007046000031, 23.336659828000052 ], [ 93.372487271000068, 23.329387428000075 ], [ 93.366401275000044, 23.321462862000033 ], [ 93.371143835000055, 23.313623365000069 ], [ 93.363273997000078, 23.312906166000062 ], [ 93.371330459000035, 23.309387538000067 ], [ 93.36463453600004, 23.305938283000046 ], [ 93.369641041000079, 23.28712716800004 ], [ 93.36209838700006, 23.279930400000069 ], [ 93.368816847000062, 23.276028964000034 ], [ 93.36531579800004, 23.268703616000039 ], [ 93.373537666000061, 23.260740278000071 ], [ 93.368886343000042, 23.250066713000024 ], [ 93.375938806000079, 23.247858197000028 ], [ 93.380195837000031, 23.22518558400003 ], [ 93.387975562000065, 23.216466747000027 ], [ 93.37937443800007, 23.214981056000056 ], [ 93.374747643000035, 23.204546164000078 ], [ 93.379783241000041, 23.19970741800006 ], [ 93.376370441000063, 23.190634487000068 ], [ 93.380411582000079, 23.186941704000049 ], [ 93.368117521000045, 23.175373612000044 ], [ 93.372130782000056, 23.170308951000038 ], [ 93.367529736000051, 23.144236669000065 ], [ 93.377767563000077, 23.14085177100003 ], [ 93.385560781000038, 23.144517844000063 ], [ 93.385302279000086, 23.134666222000078 ], [ 93.37658958600008, 23.132699532000061 ], [ 93.376866138000082, 23.126842658000044 ], [ 93.365565051000033, 23.121766502000071 ], [ 93.362551180000082, 23.115423601000032 ], [ 93.355323892000058, 23.116608081000038 ], [ 93.357655055000066, 23.109309104000033 ], [ 93.35344980800005, 23.096747909000044 ], [ 93.349808632000077, 23.091698853000025 ], [ 93.344135043000051, 23.092593627000042 ], [ 93.338536995000084, 23.074170830000071 ], [ 93.351391462000038, 23.070508951000022 ], [ 93.339957051000056, 23.067584513000043 ], [ 93.342992612000046, 23.058775964000063 ], [ 93.334104345000071, 23.059480883000049 ], [ 93.333425959000067, 23.049575477000076 ], [ 93.326809981000054, 23.047623215000044 ], [ 93.327430935000052, 23.03985186400007 ], [ 93.320052042000043, 23.037097141000061 ], [ 93.313153194000051, 23.019112740000025 ], [ 93.305274952000048, 23.020729346000053 ], [ 93.293620023000074, 23.006661672000064 ], [ 93.283180450000032, 23.008682385000043 ], [ 93.275328246000072, 23.004203457000074 ], [ 93.269963001000065, 23.011296488000028 ], [ 93.241332885000077, 23.006723583000053 ], [ 93.228770695000037, 23.01155790100006 ], [ 93.229212962000076, 23.019891767000047 ], [ 93.21479755200005, 23.026921682000022 ], [ 93.216968127000086, 23.034358949000023 ], [ 93.212032728000054, 23.037339718000055 ], [ 93.209930538000037, 23.047923560000072 ], [ 93.201327080000056, 23.054652307000026 ], [ 93.187857578000035, 23.052254789000074 ], [ 93.184631499000034, 23.059487039000032 ], [ 93.168594748000032, 23.046633540000073 ], [ 93.160566910000057, 23.048167963000026 ], [ 93.155199616000061, 23.043454189000045 ], [ 93.151239228000065, 23.054043989000036 ], [ 93.140509141000052, 23.053286309000043 ], [ 93.136372615000084, 23.060757285000022 ], [ 93.134926260000043, 23.048204340000041 ], [ 93.126500775000068, 23.044013930000062 ], [ 93.127846436000084, 23.031041753000068 ], [ 93.119740239000066, 23.002371487000062 ], [ 93.125326288000053, 23.002648210000075 ], [ 93.132068521000065, 22.990954750000071 ], [ 93.140345482000043, 22.989659653000047 ], [ 93.138572314000044, 22.981938570000068 ], [ 93.143316610000056, 22.97562591600007 ], [ 93.135350062000043, 22.970802311000057 ], [ 93.140959850000058, 22.958376260000023 ], [ 93.137734555000065, 22.951018114000078 ], [ 93.144998913000052, 22.946021401000053 ], [ 93.147706610000057, 22.925696021000078 ], [ 93.164185407000048, 22.911484248000022 ], [ 93.149699509000072, 22.90838575600003 ], [ 93.139683142000081, 22.914229086000034 ], [ 93.131003722000059, 22.906968689000053 ], [ 93.128898524000078, 22.901846753000029 ], [ 93.133861201000059, 22.892170081000074 ], [ 93.126030487000037, 22.870988089000036 ], [ 93.117081281000083, 22.863793196000074 ], [ 93.11767182300008, 22.842508752000072 ], [ 93.109515833000046, 22.833193510000058 ], [ 93.111831623000057, 22.828304173000049 ], [ 93.103089546000035, 22.824051502000032 ], [ 93.110337406000042, 22.818930367000064 ], [ 93.094209835000072, 22.806208297000069 ], [ 93.099707633000037, 22.764227585000071 ], [ 93.107135433000053, 22.750940165000031 ], [ 93.090901329000076, 22.704757932000064 ], [ 93.098749013000031, 22.694270995000068 ], [ 93.096598228000062, 22.686919794000062 ], [ 93.102005337000037, 22.683090286000038 ], [ 93.094491449000031, 22.680639032000045 ], [ 93.095445658000074, 22.672286974000031 ], [ 93.109625470000083, 22.655844803000036 ], [ 93.107692266000072, 22.636935498000071 ], [ 93.128310841000086, 22.623964958000045 ], [ 93.127221648000045, 22.617695377000075 ], [ 93.133737391000068, 22.614427270000078 ], [ 93.140155783000068, 22.592715179000038 ], [ 93.138368937000052, 22.583663977000072 ], [ 93.126165978000074, 22.576022840000064 ], [ 93.111860304000061, 22.557766541000035 ], [ 93.109050322000087, 22.536689580000029 ], [ 93.112291077000066, 22.532976829000063 ], [ 93.106414758000085, 22.526887951000049 ], [ 93.128354228000035, 22.52364390200006 ], [ 93.123738736000064, 22.508495322000044 ], [ 93.134855405000053, 22.492102050000028 ], [ 93.131173384000078, 22.467873743000041 ], [ 93.138872936000041, 22.454220441000075 ], [ 93.163172340000074, 22.451184552000029 ], [ 93.185225426000045, 22.427690126000073 ], [ 93.181673985000032, 22.417588229000046 ], [ 93.187432844000057, 22.403170523000028 ], [ 93.181769057000054, 22.394868944000052 ], [ 93.189839244000041, 22.382609842000022 ], [ 93.183375492000039, 22.373654222000027 ], [ 93.188087942000038, 22.365249988000073 ], [ 93.185728832000052, 22.339879797000037 ], [ 93.196563764000075, 22.328971774000024 ], [ 93.189076379000085, 22.32313788600004 ], [ 93.19573858800004, 22.314404316000036 ], [ 93.190584758000057, 22.309067219000042 ], [ 93.195430631000079, 22.301645651000058 ], [ 93.18978947100004, 22.300495887000068 ], [ 93.199238720000039, 22.294076889000053 ], [ 93.193727703000036, 22.28824006900004 ], [ 93.202041034000047, 22.264134406000039 ], [ 93.199173564000034, 22.255873907000023 ], [ 93.177119024000035, 22.245998625000027 ], [ 93.16282534000004, 22.250170203000039 ], [ 93.141739881000035, 22.245657640000047 ], [ 93.143258567000032, 22.238649613000064 ], [ 93.139431147000039, 22.235462062000067 ], [ 93.147335542000064, 22.229363419000038 ], [ 93.151895379000052, 22.217282606000026 ], [ 93.148290469000074, 22.211754100000064 ], [ 93.16121254400008, 22.196513522000032 ], [ 93.150691341000083, 22.176314817000048 ], [ 93.123644293000041, 22.174011715000063 ], [ 93.110899995000068, 22.20430841700005 ], [ 93.088496371000076, 22.196820435000063 ], [ 93.062667200000078, 22.207753062000052 ], [ 93.057173280000086, 22.201705479000054 ], [ 93.045844701000078, 22.202975595000055 ], [ 93.037757198000065, 22.195408832000055 ], [ 93.048833708000075, 22.169394607000072 ], [ 93.036642111000049, 22.144838158000027 ], [ 93.043635674000086, 22.143202372000076 ], [ 93.039102144000083, 22.139187258000049 ], [ 93.056685557000037, 22.12202491000005 ], [ 93.059176152000077, 22.101228136000032 ], [ 93.047323518000042, 22.098677709000071 ], [ 93.004538604000061, 22.104735953000045 ], [ 93.011906424000074, 22.088861721000058 ], [ 93.005338033000044, 22.080548574000034 ], [ 93.006879283000046, 22.071447516000035 ], [ 93.001790650000032, 22.067619912000055 ], [ 92.994102981000083, 22.042196040000078 ], [ 92.997469527000078, 22.036138362000031 ], [ 92.994454575000077, 22.031423121000046 ], [ 93.00441728100003, 22.017066159000024 ], [ 93.005087834000051, 21.987158120000061 ], [ 92.997189977000062, 21.978781871000024 ], [ 92.981422702000032, 21.980749373000037 ], [ 92.977970176000042, 21.998245342000075 ], [ 92.964283625000064, 22.011186161000069 ], [ 92.959921329000053, 22.026158075000069 ], [ 92.951235193000059, 22.030018283000061 ], [ 92.939794427000038, 22.014079711000022 ], [ 92.926636993000045, 22.015403001000038 ], [ 92.92853081700008, 22.008724449000056 ], [ 92.934324921000041, 22.010589474000028 ], [ 92.935020726000062, 22.006081961000064 ], [ 92.929452067000057, 21.996230620000063 ], [ 92.921642708000036, 21.993338941000047 ], [ 92.915495239000052, 21.979815448000068 ], [ 92.911967743000048, 21.951789881000025 ], [ 92.90620677000004, 21.941421308000031 ], [ 92.899256688000037, 21.956921773000033 ], [ 92.891261821000057, 22.011464810000064 ], [ 92.878420428000084, 22.015103772000032 ], [ 92.879663581000045, 22.022328455000036 ], [ 92.864138148000052, 22.025019537000048 ], [ 92.86253176200006, 22.062930488000063 ], [ 92.851997158000074, 22.066744658000061 ], [ 92.840855880000049, 22.059490456000049 ], [ 92.836479613000051, 22.072173992000046 ], [ 92.81834212800004, 22.075218341000038 ], [ 92.817777138000054, 22.086942401000044 ], [ 92.810024811000062, 22.096268783000028 ], [ 92.803877422000085, 22.098308581000026 ], [ 92.797816281000053, 22.093943947000071 ], [ 92.790087291000077, 22.105409431000055 ], [ 92.771016237000083, 22.109483878000049 ], [ 92.760002523000082, 22.125812038000049 ], [ 92.753263925000056, 22.124778234000075 ], [ 92.735091556000043, 22.134240068000054 ], [ 92.727018410000085, 22.149098501000026 ], [ 92.712923080000053, 22.147306797000056 ], [ 92.699542014000031, 22.155041426000025 ], [ 92.694711634000043, 22.153537310000047 ], [ 92.696834982000041, 22.141676042000029 ], [ 92.691546465000044, 22.13409740000003 ], [ 92.690299786000082, 22.072288737000065 ], [ 92.687767230000077, 22.103839907000065 ], [ 92.681554879000032, 22.103465071000073 ], [ 92.685389463000035, 22.041736153000045 ], [ 92.679635404000067, 22.011523013000044 ], [ 92.670049825000035, 22.009635238000044 ], [ 92.651793128000065, 22.016342318000056 ], [ 92.634634205000054, 21.983543630000042 ], [ 92.607485914000051, 21.974612056000069 ], [ 92.602542915000072, 21.97812090900004 ], [ 92.611104094000041, 21.983728947000031 ], [ 92.612697603000072, 21.991364824000073 ], [ 92.597975340000062, 22.008832012000028 ], [ 92.600151646000086, 22.028581541000051 ], [ 92.592569663000063, 22.037892063000072 ], [ 92.599315937000085, 22.042565334000074 ], [ 92.602519476000055, 22.061962920000042 ], [ 92.592271302000086, 22.064966250000055 ], [ 92.590700963000074, 22.080848240000023 ], [ 92.585040227000036, 22.083023012000069 ], [ 92.575019142000031, 22.115733377000026 ], [ 92.562207778000072, 22.12784769600006 ], [ 92.563932856000065, 22.133629516000042 ], [ 92.579859360000057, 22.143012862000035 ], [ 92.59201530100006, 22.139180665000026 ], [ 92.589441452000074, 22.131069783000044 ], [ 92.593368894000037, 22.126005731000078 ], [ 92.606205746000057, 22.123784835000038 ], [ 92.611234818000071, 22.138046451000037 ], [ 92.609408056000063, 22.164340881000044 ], [ 92.607414080000069, 22.172063212000069 ], [ 92.59484016600004, 22.174612832000037 ], [ 92.595040040000072, 22.203385275000073 ], [ 92.587539980000031, 22.215963106000061 ], [ 92.591079352000065, 22.254936452000038 ], [ 92.581229649000079, 22.26897273700007 ], [ 92.580763275000038, 22.276249128000075 ], [ 92.58647398100004, 22.280156203000047 ], [ 92.58144855900008, 22.282112122000058 ], [ 92.583823262000067, 22.299382249000075 ], [ 92.580263588000037, 22.303027583000073 ], [ 92.583766155000035, 22.304217315000074 ], [ 92.577531967000084, 22.311055884000041 ], [ 92.581281997000076, 22.322106102000077 ], [ 92.574410114000045, 22.331876168000065 ], [ 92.572025894000035, 22.358497578000026 ], [ 92.55934097100004, 22.38203270200006 ], [ 92.559983426000031, 22.395655116000057 ], [ 92.55599860600006, 22.398856487000046 ], [ 92.559860185000048, 22.402107202000025 ], [ 92.554598705000046, 22.405636955000034 ], [ 92.557151867000073, 22.409122866000075 ], [ 92.552105030000064, 22.409003893000033 ], [ 92.554910415000052, 22.417296552000039 ], [ 92.550550676000057, 22.423717886000077 ], [ 92.556723564000038, 22.424492042000054 ], [ 92.551200835000031, 22.427271253000072 ], [ 92.555216371000085, 22.431355259000043 ], [ 92.545493893000071, 22.463008634000062 ], [ 92.543183437000039, 22.490681766000023 ], [ 92.550216108000086, 22.497141791000047 ], [ 92.542805102000045, 22.498990845000037 ], [ 92.549260930000059, 22.501260627000079 ], [ 92.551035313000057, 22.509857166000074 ], [ 92.546461687000033, 22.510064560000046 ], [ 92.551408766000065, 22.51336266800007 ], [ 92.54708699300005, 22.516975934000072 ], [ 92.543820555000082, 22.513406438000061 ], [ 92.539920056000085, 22.541025146000038 ], [ 92.531335438000042, 22.545404533000067 ], [ 92.531138605000081, 22.553459087000078 ], [ 92.521839732000046, 22.560211021000043 ], [ 92.528177416000062, 22.565787245000024 ], [ 92.527315975000079, 22.57319308700005 ], [ 92.538325817000043, 22.575427631000025 ], [ 92.538430056000038, 22.586215473000038 ], [ 92.532917835000035, 22.587666124000066 ], [ 92.539382298000078, 22.589285612000026 ], [ 92.530388297000059, 22.603495244000044 ], [ 92.529760042000078, 22.609399860000053 ], [ 92.534028511000031, 22.607826372000034 ], [ 92.535378126000069, 22.611919872000044 ], [ 92.52735258000007, 22.621006827000031 ], [ 92.53238760000005, 22.633069695000074 ], [ 92.526073817000054, 22.63348744700005 ], [ 92.524791470000082, 22.640055244000052 ], [ 92.527762513000084, 22.650764335000076 ], [ 92.523446170000057, 22.656070532000058 ], [ 92.528880859000083, 22.664660386000037 ], [ 92.522356775000048, 22.673952949000068 ], [ 92.513680862000058, 22.708275907000029 ], [ 92.516816992000031, 22.72225762000005 ], [ 92.509830894000061, 22.729605395000078 ], [ 92.512977769000031, 22.733381700000052 ], [ 92.508649224000067, 22.731847163000054 ], [ 92.505449315000078, 22.739201058000049 ], [ 92.49111660300008, 22.741281929000024 ], [ 92.488757236000083, 22.746437802000059 ], [ 92.474127369000087, 22.74673604000003 ], [ 92.479191802000059, 22.752905179000038 ], [ 92.47350964900005, 22.759886517000041 ], [ 92.472645905000036, 22.783528842000067 ], [ 92.469133821000071, 22.782650819000025 ], [ 92.471996312000044, 22.796420761000036 ], [ 92.465236263000065, 22.802359895000052 ], [ 92.465714535000075, 22.809626769000033 ], [ 92.462666445000082, 22.811425641000028 ], [ 92.461281599000074, 22.807178304000047 ], [ 92.459118669000077, 22.818685377000065 ], [ 92.454397795000034, 22.819092124000065 ], [ 92.458240648000071, 22.823446680000075 ], [ 92.455299634000085, 22.82603077400006 ], [ 92.46202, 22.830838802000073 ], [ 92.452805537000074, 22.842753953000056 ], [ 92.463709418000064, 22.842040114000042 ], [ 92.456544885000085, 22.851306172000022 ], [ 92.464514890000032, 22.854279308000059 ], [ 92.459646513000052, 22.857973422000043 ], [ 92.461436761000073, 22.861437572000057 ], [ 92.452050202000066, 22.862790166000025 ], [ 92.454258344000039, 22.869562110000061 ], [ 92.460318830000062, 22.870944579000025 ], [ 92.447788587000048, 22.877024101000075 ], [ 92.44983611400005, 22.89387901200007 ], [ 92.445770805000052, 22.897226915000033 ], [ 92.434181640000077, 22.885416459000055 ], [ 92.421325412000044, 22.906496106000077 ], [ 92.420294898000066, 22.918911998000056 ], [ 92.413405989000069, 22.91329193200005 ], [ 92.404235713000048, 22.918084733000057 ], [ 92.40059911700007, 22.911867737000023 ], [ 92.396954973000049, 22.917739057000063 ], [ 92.401377860000082, 22.924006376000023 ], [ 92.396841916000085, 22.930320531000064 ], [ 92.376370354000073, 22.929277660000025 ], [ 92.376474147000067, 22.935016708000035 ], [ 92.371416164000038, 22.936249853000049 ], [ 92.376098944000034, 22.936870894000037 ], [ 92.372636828000054, 22.940154551000035 ], [ 92.378076276000058, 22.953060746000062 ], [ 92.372651105000045, 22.958336011000029 ], [ 92.377255361000039, 22.95964947300007 ], [ 92.374250102000076, 22.971185100000071 ], [ 92.385007646000076, 22.986204260000022 ], [ 92.384593619000043, 23.009632432000046 ], [ 92.379503579000072, 23.01188766100006 ], [ 92.384772354000063, 23.027477986000065 ], [ 92.382203125000046, 23.033152777000055 ], [ 92.392374184000062, 23.056404219000058 ], [ 92.379953680000085, 23.086617985000032 ], [ 92.374827569000047, 23.084751891000053 ], [ 92.369996064000077, 23.096698856000046 ], [ 92.358165385000063, 23.103213821000054 ], [ 92.368062240000086, 23.127338859000076 ], [ 92.356822399000066, 23.134302998000067 ], [ 92.361486316000082, 23.145152820000078 ], [ 92.357931858000086, 23.146762079000041 ], [ 92.364691991000086, 23.156658669000024 ], [ 92.354446727000038, 23.178998120000074 ], [ 92.361357404000046, 23.182384364000029 ], [ 92.353750926000032, 23.184573589000024 ], [ 92.353984714000035, 23.221584222000047 ], [ 92.346515897000074, 23.236465789000079 ], [ 92.401877200000058, 23.236468609000042 ], [ 92.404199033000054, 23.240833360000067 ], [ 92.395801696000035, 23.247929043000056 ], [ 92.398510368000075, 23.255679734000068 ], [ 92.389365294000072, 23.259563396000033 ], [ 92.388499033000073, 23.265992053000048 ], [ 92.394566710000049, 23.264815061000036 ], [ 92.388143145000072, 23.281279477000055 ], [ 92.38096278200004, 23.285220414000037 ], [ 92.385841631000062, 23.306092654000054 ], [ 92.376095737000071, 23.313080585000023 ], [ 92.375980050000067, 23.32014612200004 ], [ 92.371215663000044, 23.318129487000078 ], [ 92.367456840000045, 23.323042781000026 ], [ 92.368480064000039, 23.317256819000079 ], [ 92.364328001000047, 23.322965013000044 ], [ 92.380569276000074, 23.351420875000031 ], [ 92.376578735000066, 23.356754634000026 ], [ 92.378953737000074, 23.361857486000076 ], [ 92.36947292900004, 23.36701942600007 ], [ 92.370685021000043, 23.373553533000063 ], [ 92.363966395000034, 23.366074250000054 ], [ 92.356545229000062, 23.372040494000032 ], [ 92.364955499000075, 23.379853375000039 ], [ 92.352603379000072, 23.381172568000068 ], [ 92.358765019000032, 23.390494803000024 ], [ 92.35415785400005, 23.389252871000053 ], [ 92.353078824000079, 23.395967868000071 ], [ 92.357355876000042, 23.410562723000055 ], [ 92.347532394000041, 23.413114682000071 ], [ 92.346316505000061, 23.433222456000067 ], [ 92.335506794000082, 23.433706034000068 ], [ 92.33388145400005, 23.428539277000027 ], [ 92.326945564000084, 23.448821967000072 ], [ 92.333111694000081, 23.456059940000046 ], [ 92.325331304000031, 23.459331296000073 ], [ 92.330448821000061, 23.459680812000045 ], [ 92.33171649600007, 23.466379218000043 ], [ 92.316879296000081, 23.471645632000047 ], [ 92.326083926000081, 23.478806381000027 ], [ 92.315941907000081, 23.48678099600005 ], [ 92.321922899000072, 23.490859264000051 ], [ 92.317139414000053, 23.49414654900005 ], [ 92.322353759000066, 23.501170070000057 ], [ 92.319686544000035, 23.51245816900007 ], [ 92.315470391000076, 23.513205045000063 ], [ 92.31861211100005, 23.515715844000056 ], [ 92.313370649000035, 23.516053146000047 ], [ 92.317694771000049, 23.526383796000061 ], [ 92.313979376000077, 23.533311167000022 ], [ 92.306223546000069, 23.535040680000066 ], [ 92.313426522000043, 23.555867376000037 ], [ 92.306732541000031, 23.563713093000047 ], [ 92.308178955000074, 23.578032036000025 ], [ 92.301353129000063, 23.592881744000067 ], [ 92.29669797300005, 23.58808594900006 ], [ 92.293403863000037, 23.595086604000073 ], [ 92.287159242000087, 23.596112498000025 ], [ 92.287458563000087, 23.616875853000067 ], [ 92.296167597000078, 23.621447922000073 ], [ 92.283133599000053, 23.630425226000057 ], [ 92.278579204000039, 23.624875583000062 ], [ 92.276672881000081, 23.631820686000026 ], [ 92.282070179000073, 23.638489445000062 ], [ 92.27296827400005, 23.642206633000058 ], [ 92.291265323000061, 23.681457850000072 ], [ 92.289537976000076, 23.702039109000054 ], [ 92.278381266000054, 23.710029501000065 ], [ 92.279974422000066, 23.71938024800005 ], [ 92.257466581000074, 23.725283486000023 ], [ 92.24124947100006, 23.720386606000034 ], [ 92.236556901000085, 23.711675549000063 ], [ 92.242306626000072, 23.69478491600006 ], [ 92.231974555000079, 23.683136375000061 ], [ 92.23320401400008, 23.667464979000044 ], [ 92.225691184000084, 23.655061236000051 ], [ 92.214682175000064, 23.652100954000048 ], [ 92.206972672000063, 23.660812677000024 ], [ 92.206167742000048, 23.672611062000044 ], [ 92.213784226000087, 23.685245997000038 ], [ 92.202961720000076, 23.705801521000069 ], [ 92.186239512000043, 23.71099018700005 ], [ 92.17803466600003, 23.707696003000024 ], [ 92.169743502000074, 23.723376947000077 ], [ 92.171083017000058, 23.73914295000003 ], [ 92.148284129000047, 23.735563891000027 ], [ 92.125394158000063, 23.706755378000025 ], [ 92.120829975000049, 23.692883669000025 ], [ 92.107077411000034, 23.689346850000049 ], [ 92.100225612000031, 23.676710864000029 ], [ 92.08338731300006, 23.679980084000078 ], [ 92.076492925000082, 23.668166043000042 ], [ 92.079347635000033, 23.648685350000051 ], [ 92.063302055000065, 23.645226161000039 ], [ 92.050118314000031, 23.649478572000078 ], [ 92.047091996000063, 23.64578414600004 ], [ 92.029673574000071, 23.658608217000051 ], [ 92.022394717000054, 23.658277960000078 ], [ 92.023676768000087, 23.66272817600003 ], [ 92.015357354000059, 23.660007926000048 ], [ 92.007666458000074, 23.664609316000053 ], [ 92.00648284500005, 23.670906162000051 ], [ 92.000851606000083, 23.670697218000043 ], [ 91.985385699000062, 23.722212838000075 ], [ 91.980640670000071, 23.723394970000072 ], [ 91.978126982000049, 23.733210834000033 ], [ 91.967112962000044, 23.729609379000067 ], [ 91.966219152000065, 23.733902649000072 ], [ 91.957033902000035, 23.734121667000068 ], [ 91.950529566000057, 23.726251769000044 ], [ 91.953804464000086, 23.719341752000048 ], [ 91.948229326000046, 23.714211829000078 ], [ 91.950763867000035, 23.699650503000043 ], [ 91.958033430000057, 23.694632786000057 ], [ 91.941609339000081, 23.693685396000035 ], [ 91.933996034000074, 23.684657237000067 ], [ 91.946628572000066, 23.646361634000073 ], [ 91.942361161000065, 23.633907564000026 ], [ 91.95414818900008, 23.609559449000074 ], [ 91.952239403000078, 23.598997712000028 ], [ 91.959482852000065, 23.563983860000064 ], [ 91.95675559600005, 23.551265193000063 ], [ 91.964532425000073, 23.535323917000028 ], [ 91.955928525000047, 23.527133105000075 ], [ 91.970946045000062, 23.503427495000039 ], [ 91.970266957000035, 23.478289090000033 ], [ 91.958414665000078, 23.479478599000061 ], [ 91.957947718000071, 23.473810725000078 ], [ 91.947122024000066, 23.466140854000059 ], [ 91.937159070000064, 23.466623369000047 ], [ 91.943250116000058, 23.43544647300007 ], [ 91.928150511000069, 23.433149700000058 ], [ 91.919010535000041, 23.439540720000025 ], [ 91.908265266000058, 23.436870590000069 ], [ 91.899574967000035, 23.440801564000026 ], [ 91.896187328000053, 23.433450458000038 ], [ 91.887547047000055, 23.433264095000027 ], [ 91.885802529000046, 23.426779839000062 ], [ 91.877401925000072, 23.423875936000059 ], [ 91.872640553000053, 23.413998263000053 ], [ 91.858597945000042, 23.405338401000051 ], [ 91.845097854000073, 23.406255414000043 ], [ 91.845131496000079, 23.400725239000053 ], [ 91.840918412000065, 23.400461747000065 ], [ 91.84193222600004, 23.389124200000026 ], [ 91.836686478000047, 23.38672570500006 ], [ 91.837727559000086, 23.371161641000072 ], [ 91.825714513000037, 23.363495712000031 ], [ 91.824861560000045, 23.353879533000054 ], [ 91.812602627000047, 23.35375437700003 ], [ 91.802692292000074, 23.334454703000063 ], [ 91.793025742000054, 23.335109091000049 ], [ 91.792986349000046, 23.327776700000072 ], [ 91.766148826000062, 23.311645589000022 ], [ 91.762004842000067, 23.300122160000058 ], [ 91.761215084000071, 23.277103600000032 ], [ 91.777006434000043, 23.269293013000038 ], [ 91.774876216000052, 23.256758398000045 ], [ 91.780326052000078, 23.247008951000055 ], [ 91.776136294000082, 23.24327415700003 ], [ 91.779788526000061, 23.239898008000068 ], [ 91.783327167000039, 23.243212687000039 ], [ 91.783976687000063, 23.232753880000075 ], [ 91.791165051000064, 23.226924580000059 ], [ 91.788998303000085, 23.204305714000043 ], [ 91.798258231000034, 23.195444443000042 ], [ 91.794849576000047, 23.186733401000026 ], [ 91.80582267300008, 23.180226537000067 ], [ 91.804749387000072, 23.168443613000022 ], [ 91.810014333000083, 23.165343205000056 ], [ 91.806175529000086, 23.15753667000007 ], [ 91.814057304000073, 23.145976651000069 ], [ 91.808267052000076, 23.135394059000078 ], [ 91.814574500000049, 23.133805060000043 ], [ 91.811091137000062, 23.121569176000037 ], [ 91.818010895000043, 23.112107072000072 ], [ 91.813154664000081, 23.098569901000076 ], [ 91.824979444000064, 23.099141306000035 ], [ 91.835659231000079, 23.092363774000034 ], [ 91.822423578000041, 23.08647138300006 ], [ 91.819688368000072, 23.080065038000043 ], [ 91.816256502000044, 23.082728987000053 ], [ 91.818668562000084, 23.072585486000037 ], [ 91.812925260000043, 23.073977651000064 ], [ 91.812226936000059, 23.066373831000078 ], [ 91.806062263000058, 23.067283295000038 ], [ 91.806290192000063, 23.063446873000032 ], [ 91.794031987000039, 23.062470071000064 ], [ 91.795741020000037, 23.067434745000071 ], [ 91.789402636000034, 23.071847618000049 ], [ 91.788983208000047, 23.067498289000071 ], [ 91.78481071200008, 23.071630045000063 ], [ 91.774339538000049, 23.069461209000053 ], [ 91.783965111000043, 23.039999268000031 ], [ 91.781716693000078, 23.034081707000041 ], [ 91.778998676000072, 23.036741164000034 ], [ 91.780138772000043, 23.028998327000068 ], [ 91.774122208000051, 23.027290681000068 ], [ 91.774229371000047, 23.038908642000024 ], [ 91.768205269000077, 23.040895102000036 ], [ 91.771796048000056, 23.033234599000025 ], [ 91.761404076000076, 23.030149831000074 ], [ 91.74355883000004, 23.006461525000077 ], [ 91.724447473000055, 22.997852880000039 ], [ 91.720661222000047, 22.987613450000026 ], [ 91.709895300000085, 22.98821014300006 ], [ 91.708442704000049, 22.981763585000067 ], [ 91.703565695000066, 22.988320961000056 ], [ 91.694095363000031, 22.988349224000046 ], [ 91.678996458000086, 22.976106994000077 ], [ 91.675727904000041, 22.982696205000025 ], [ 91.671846805000087, 22.976958530000047 ], [ 91.657152543000052, 22.981714445000023 ], [ 91.65799710400006, 22.978289737000068 ], [ 91.651557207000053, 22.976477720000048 ], [ 91.645334553000055, 22.984812189000024 ], [ 91.645627370000057, 22.976579835000052 ], [ 91.640842779000081, 22.975161427000046 ], [ 91.635446227000045, 22.961130601000036 ], [ 91.624613156000066, 22.961984139000037 ], [ 91.625572568000052, 22.944254317000059 ], [ 91.61858158800004, 22.937311046000048 ], [ 91.612568529000043, 22.947878834000051 ], [ 91.615601695000066, 22.951696927000057 ], [ 91.607209858000033, 22.950266402000068 ], [ 91.608737645000076, 22.957179489000055 ], [ 91.600105027000041, 22.954806200000064 ], [ 91.604929662000075, 22.962254257000041 ], [ 91.613575012000069, 22.958388609000053 ], [ 91.605508250000071, 22.965567653000051 ], [ 91.605895209000039, 22.971835958000042 ], [ 91.590408536000041, 22.977043940000044 ], [ 91.576575781000031, 22.965182545000062 ], [ 91.557276496000043, 22.978560508000044 ], [ 91.556973048000032, 22.996685802000059 ], [ 91.547502001000055, 22.994307339000045 ], [ 91.542508501000043, 22.999673850000079 ], [ 91.548173617000032, 23.019335217000048 ], [ 91.538256125000032, 23.019311939000033 ], [ 91.550309138000046, 23.038487271000065 ], [ 91.530207972000085, 23.038386925000054 ], [ 91.53622658200004, 23.054624990000036 ], [ 91.525046787000065, 23.055417252000041 ], [ 91.525754730000074, 23.060043646000054 ], [ 91.535259848000067, 23.063456451000036 ], [ 91.525124575000063, 23.082912632000046 ], [ 91.529742768000062, 23.091755794000051 ], [ 91.518893379000076, 23.094257588000062 ], [ 91.52230131500005, 23.104116285000032 ], [ 91.511264327000049, 23.104355187000067 ], [ 91.512253211000086, 23.113342057000068 ], [ 91.520349123000074, 23.114579445000061 ], [ 91.515373188000069, 23.117775818000041 ], [ 91.517480790000036, 23.125558524000041 ], [ 91.503129541000078, 23.130629449000025 ], [ 91.514802314000065, 23.138725455000042 ], [ 91.515276061000066, 23.144928423000067 ], [ 91.507677270000045, 23.139784497000051 ], [ 91.499843118000058, 23.142000663000033 ], [ 91.494822900000031, 23.147238673000061 ], [ 91.507181561000039, 23.154359741000064 ], [ 91.494266182000047, 23.152319602000034 ], [ 91.490933344000041, 23.157764574000055 ], [ 91.498199974000045, 23.171757657000057 ], [ 91.492366665000077, 23.172087230000045 ], [ 91.491694952000046, 23.177679038000065 ], [ 91.506683895000037, 23.180073237000045 ], [ 91.507489632000045, 23.183792876000041 ], [ 91.501056221000056, 23.185365542000056 ], [ 91.503172014000086, 23.192212612000048 ], [ 91.492181630000061, 23.18893313500007 ], [ 91.488430221000044, 23.192269381000074 ], [ 91.484898259000033, 23.188321622000046 ], [ 91.470767962000082, 23.196535021000045 ], [ 91.482410380000033, 23.198546706000059 ], [ 91.48442383400004, 23.209322289000056 ], [ 91.475367452000057, 23.220483949000027 ], [ 91.458393802000046, 23.213349677000053 ], [ 91.450495775000036, 23.21929687100004 ], [ 91.470280823000053, 23.227768152000067 ], [ 91.457863180000061, 23.246158920000028 ], [ 91.44785526000004, 23.243851221000057 ], [ 91.445980655000085, 23.249834373000056 ], [ 91.454173922000052, 23.260417708000034 ], [ 91.43136493600008, 23.262579138000035 ], [ 91.424871299000074, 23.258190973000069 ], [ 91.421138132000067, 23.261954980000041 ], [ 91.41826999500006, 23.255628762000072 ], [ 91.41578551200007, 23.269031131000077 ], [ 91.419526198000085, 23.273311890000059 ], [ 91.411515869000084, 23.284141969000075 ], [ 91.411338841000031, 23.255728928000053 ], [ 91.397517922000077, 23.265182031000052 ], [ 91.39727829800006, 23.256377770000029 ], [ 91.40869549100006, 23.247731862000023 ], [ 91.392436516000032, 23.245937756000046 ], [ 91.400793650000082, 23.229246864000061 ], [ 91.386443750000069, 23.227667303000032 ], [ 91.392102568000041, 23.220178755000063 ], [ 91.380719348000071, 23.208565331000045 ], [ 91.38770016400008, 23.208005503000038 ], [ 91.379887330000031, 23.184588060000067 ], [ 91.385182024000073, 23.175319230000071 ], [ 91.384765909000066, 23.156251882000049 ], [ 91.397286291000057, 23.130268566000041 ], [ 91.396963378000066, 23.11778103000006 ], [ 91.403396186000066, 23.113855712000031 ], [ 91.400225840000076, 23.096539766000035 ], [ 91.406008425000039, 23.097024571000077 ], [ 91.408072037000068, 23.083545246000028 ], [ 91.417239184000039, 23.082604341000035 ], [ 91.410838044000059, 23.066289665000056 ], [ 91.417237189000048, 23.064654445000031 ], [ 91.395844147000048, 23.056202330000076 ], [ 91.369746239000051, 23.070501225000044 ], [ 91.346957237000083, 23.102435425000067 ], [ 91.347579254000038, 23.118887892000032 ], [ 91.341734802000076, 23.117904065000062 ], [ 91.333146944000077, 23.152988512000036 ], [ 91.323389461000033, 23.158207751000077 ], [ 91.323645833000057, 23.237614076000057 ], [ 91.318689535000033, 23.245613866000042 ], [ 91.325501990000078, 23.247255047000067 ], [ 91.326532101000055, 23.252462277000063 ], [ 91.318025023000075, 23.253074655000034 ], [ 91.309807100000057, 23.276528760000076 ], [ 91.317007671000056, 23.281953891000057 ], [ 91.302359292000062, 23.286515078000036 ], [ 91.300234920000037, 23.292611588000057 ], [ 91.307108972000037, 23.299967662000029 ], [ 91.315007442000081, 23.296837810000056 ], [ 91.313142387000084, 23.306503808000059 ], [ 91.309547984000062, 23.313976719000038 ], [ 91.296220475000041, 23.313559755000028 ], [ 91.289893357000039, 23.318625265000037 ], [ 91.296149083000046, 23.340782844000046 ], [ 91.310810816000071, 23.342568196000059 ], [ 91.311176512000031, 23.353704408000056 ], [ 91.318264655000064, 23.353602240000043 ], [ 91.320088202000079, 23.360244743000067 ], [ 91.291072803000077, 23.350677562000044 ], [ 91.294794472000035, 23.361364293000065 ], [ 91.286175845000059, 23.36330993200005 ], [ 91.284296140000038, 23.371084586000052 ], [ 91.293794150000053, 23.371376134000059 ], [ 91.294471239000075, 23.375598983000032 ], [ 91.279729220000036, 23.376604732000033 ], [ 91.276440429000047, 23.414817414000026 ], [ 91.263410107000084, 23.423821252000039 ], [ 91.270627925000042, 23.429917688000046 ], [ 91.256413631000044, 23.441090088000067 ], [ 91.251496778000046, 23.452892030000044 ], [ 91.249287894000076, 23.490278253000042 ], [ 91.236329707000039, 23.489140786000064 ], [ 91.235522254000045, 23.501908181000033 ], [ 91.219925555000032, 23.498412328000029 ], [ 91.223557115000062, 23.514171660000045 ], [ 91.207812626000077, 23.51225398400004 ], [ 91.20074173200004, 23.520218207000028 ], [ 91.212926597000035, 23.550529765000078 ], [ 91.205354930000055, 23.545477561000041 ], [ 91.201934669000082, 23.550230371000055 ], [ 91.194422312000086, 23.547444529000074 ], [ 91.195160638000061, 23.562598233000074 ], [ 91.187237351000078, 23.577613194000037 ], [ 91.175156265000055, 23.585708073000035 ], [ 91.177121340000042, 23.593296037000073 ], [ 91.162465191000081, 23.595082724000065 ], [ 91.159640188000083, 23.610588914000061 ], [ 91.160975269000062, 23.654442032000077 ], [ 91.15631873500007, 23.670900698000025 ], [ 91.170124333000047, 23.657846891000077 ], [ 91.176255432000062, 23.660219376000043 ], [ 91.192832138000085, 23.654168626000057 ], [ 91.190883791000033, 23.647037414000067 ], [ 91.199580650000087, 23.646522051000034 ], [ 91.205409486000065, 23.654062226000065 ], [ 91.201812757000084, 23.655663872000048 ], [ 91.203266872000086, 23.68000930200003 ], [ 91.208403951000037, 23.686518110000065 ], [ 91.195513027000061, 23.692262878000065 ], [ 91.15343387300004, 23.688765043000046 ], [ 91.149706176000052, 23.71242604400004 ], [ 91.157140197000047, 23.742230234000033 ], [ 91.167261401000076, 23.749763149000046 ], [ 91.196669977000056, 23.75118731200007 ], [ 91.210318667000081, 23.749233201000038 ], [ 91.218975279000063, 23.736579436000056 ], [ 91.230672846000061, 23.764997358000073 ], [ 91.230543461000082, 23.784376503000033 ], [ 91.226328313000067, 23.790757061000079 ], [ 91.233009675000062, 23.811107468000046 ], [ 91.254141201000039, 23.837166197000045 ], [ 91.235729387000049, 23.877670460000047 ], [ 91.229650826000068, 23.881135129000029 ], [ 91.228508194000085, 23.898648496000078 ], [ 91.244874431000085, 23.907159139000044 ], [ 91.246301347000042, 23.913724456000068 ], [ 91.241366564000032, 23.92298659100004 ], [ 91.232754065000051, 23.927220448000071 ], [ 91.27621528800006, 23.922664189000045 ], [ 91.272921749000034, 23.937781330000064 ], [ 91.264230673000043, 23.944363103000057 ], [ 91.284824505000074, 23.982694552000055 ], [ 91.287431059000085, 23.96813009300007 ], [ 91.299784808000084, 23.972308920000046 ], [ 91.297287393000033, 23.976413814000068 ], [ 91.303934506000076, 23.998290470000029 ], [ 91.314989, 23.990501001000041 ], [ 91.330191, 23.992587001000061 ], [ 91.341120008000075, 23.982077 ], [ 91.361691001000054, 23.98628 ], [ 91.379301400000031, 23.975371623000058 ], [ 91.375977, 23.987583 ], [ 91.379321, 23.991313 ], [ 91.373229, 24.002935 ], [ 91.391408825000042, 24.026740314000051 ], [ 91.396535, 24.049774 ], [ 91.377068998000084, 24.080016006000051 ], [ 91.374483335000036, 24.107540472000039 ], [ 91.400232, 24.10764 ], [ 91.412305184000047, 24.11587912300007 ], [ 91.426845864000086, 24.108218798000053 ], [ 91.431804244000034, 24.099599563000027 ], [ 91.440842649000047, 24.102712393000047 ], [ 91.442235802000084, 24.096756714000037 ], [ 91.450201976000074, 24.101306641000065 ], [ 91.456948788000034, 24.09685227500006 ], [ 91.474474969000084, 24.100253518000045 ], [ 91.492944053000031, 24.095662832000073 ], [ 91.497788169000046, 24.087540791000038 ], [ 91.545392432000085, 24.07439529100003 ], [ 91.57225801900006, 24.074886996000032 ], [ 91.574462677000042, 24.080116241000042 ], [ 91.586114869000085, 24.07272385300007 ], [ 91.599536576000048, 24.085475976000055 ], [ 91.590984396000067, 24.091344368000023 ], [ 91.595730335000042, 24.097293929000045 ], [ 91.611261, 24.091873001000067 ], [ 91.638186705000066, 24.104203647000077 ], [ 91.641511715000036, 24.115645271000062 ], [ 91.634518407000087, 24.138362112000038 ], [ 91.646565342000031, 24.156699082000046 ], [ 91.646597216000032, 24.179338726000026 ], [ 91.655617334000056, 24.176284301000067 ], [ 91.660056993000069, 24.189794643000027 ], [ 91.659030127000051, 24.195509342000037 ], [ 91.65258665500005, 24.196040523000079 ], [ 91.654616, 24.202594 ], [ 91.647689, 24.218768001000058 ], [ 91.66587, 24.233536 ], [ 91.667205, 24.211353 ], [ 91.679561, 24.193613001000074 ], [ 91.680085, 24.175859 ], [ 91.688134, 24.162177001000032 ], [ 91.694899, 24.159817001000079 ], [ 91.702022, 24.164248 ], [ 91.70592, 24.154342 ], [ 91.72141, 24.153125001000035 ], [ 91.728512, 24.1434 ], [ 91.762564043000054, 24.141801557000065 ], [ 91.744772996000052, 24.247415879000073 ], [ 91.789187997000056, 24.221376374000045 ], [ 91.806548267000039, 24.220969144000037 ], [ 91.816477, 24.210090001000026 ], [ 91.837832, 24.218765001000065 ], [ 91.836778278000054, 24.225462327000059 ], [ 91.844872481000039, 24.226454484000044 ], [ 91.843446896000046, 24.220281015000069 ], [ 91.850478015000078, 24.223752421000029 ], [ 91.845627901000057, 24.217236897000078 ], [ 91.851067776000036, 24.217942743000037 ], [ 91.855386305000081, 24.21233453800005 ], [ 91.850121005000062, 24.213566381000078 ], [ 91.849299895000058, 24.202143189000026 ], [ 91.841945397000075, 24.200544900000068 ], [ 91.845289001000083, 24.191385002000061 ], [ 91.852838, 24.189982001000033 ], [ 91.855471, 24.181651 ], [ 91.861074, 24.182925001000058 ], [ 91.874024991000056, 24.173988003000034 ], [ 91.877763002000052, 24.147869014000037 ], [ 91.884945309000045, 24.138710125000046 ], [ 91.901577442000075, 24.136646037000048 ], [ 91.91452208700008, 24.15367253900007 ], [ 91.915237199000046, 24.166638839000029 ], [ 91.911778302000073, 24.168211877000033 ], [ 91.940497209000057, 24.268447937000076 ], [ 91.919907518000059, 24.337085816000069 ], [ 91.940749620000076, 24.342634472000043 ], [ 91.942817175000073, 24.348586287000046 ], [ 91.957280112000035, 24.356627412000023 ], [ 91.967205343000046, 24.349951750000059 ], [ 91.981608450000067, 24.323162233000062 ], [ 91.995722088000036, 24.32219869000005 ], [ 91.998224426000036, 24.334831005000069 ], [ 91.978393931000085, 24.357416646000047 ], [ 91.984750105000046, 24.361047669000072 ], [ 91.977503372000058, 24.373108643000023 ], [ 91.970221467000044, 24.374774948000038 ], [ 91.972311434000062, 24.379540291000069 ], [ 91.96713113800007, 24.379052315000024 ], [ 91.969694712000035, 24.384666097000036 ], [ 91.985645933000058, 24.37591039800003 ], [ 91.991760705000047, 24.386901748000071 ], [ 91.987698675000047, 24.391112057000043 ], [ 91.994646113000044, 24.38815197200006 ], [ 91.996669764000046, 24.393841107000071 ], [ 92.007765950000078, 24.381387906000043 ], [ 92.019996918000061, 24.386708001000045 ], [ 92.027179043000046, 24.379702360000067 ], [ 92.043945759000053, 24.374939905000076 ], [ 92.083288877000086, 24.377160404000051 ], [ 92.097271033000084, 24.372525468000049 ], [ 92.101762619000056, 24.382786251000027 ], [ 92.121923048000042, 24.382376648000047 ], [ 92.118906892000041, 24.390344199000026 ], [ 92.134911512000031, 24.406824224000047 ], [ 92.136639226000057, 24.425124873000073 ], [ 92.147758208000084, 24.421136530000069 ], [ 92.153585152000062, 24.42584123000006 ], [ 92.163963800000033, 24.418627160000028 ], [ 92.169286563000071, 24.427995234000036 ], [ 92.163268949000042, 24.437028983000062 ], [ 92.157845553000072, 24.459632087000045 ], [ 92.160565315000042, 24.463465206000023 ], [ 92.155210465000039, 24.465732762000073 ], [ 92.158991942000057, 24.469112043000052 ], [ 92.153448037000032, 24.472044794000055 ], [ 92.157656186000054, 24.473939579000046 ], [ 92.152098481000053, 24.48288894600006 ], [ 92.151579932000061, 24.499276719000022 ], [ 92.158805249000068, 24.507946134000065 ], [ 92.15218236000004, 24.508636353000043 ], [ 92.157886836000046, 24.515759439000078 ], [ 92.154542707000076, 24.523214458000041 ], [ 92.169318787000066, 24.531897758000071 ], [ 92.175954172000047, 24.523868261000075 ], [ 92.185508010000035, 24.523170578000077 ], [ 92.201405409000074, 24.507511992000047 ], [ 92.212355831000082, 24.503686410000057 ], [ 92.22368369600008, 24.517395948000058 ], [ 92.231123062000052, 24.531329001000074 ], [ 92.235401092000075, 24.597535401000073 ], [ 92.243977709000035, 24.616560074000063 ], [ 92.249823653000078, 24.648183997000046 ], [ 92.247106950000045, 24.654909371000031 ], [ 92.257068145000062, 24.673126647000061 ], [ 92.254361886000083, 24.678084973000068 ], [ 92.296403702000077, 24.736653005000051 ], [ 92.279114255000081, 24.745576903000028 ], [ 92.28605071800007, 24.756131974000027 ], [ 92.292595553000069, 24.756654716000071 ], [ 92.285279631000037, 24.769023894000043 ], [ 92.288778519000061, 24.788013484000032 ], [ 92.272963003000086, 24.799520605000055 ], [ 92.276101286000085, 24.810493554000061 ], [ 92.273031558000071, 24.827591014000063 ], [ 92.249923038000077, 24.830304726000065 ], [ 92.254687516000047, 24.838579891000052 ], [ 92.241418985000053, 24.842169175000038 ], [ 92.23976164700008, 24.857855716000074 ], [ 92.235074269000052, 24.861819832000037 ], [ 92.237931737000054, 24.868365781000023 ], [ 92.246268866000037, 24.867574116000071 ], [ 92.248124318000066, 24.886062137000067 ], [ 92.236372907000032, 24.892162441000039 ], [ 92.235852314000056, 24.899414984000032 ], [ 92.231795144000046, 24.900259246000076 ], [ 92.247701813000049, 24.908974428000079 ], [ 92.280762078000066, 24.905844553000065 ], [ 92.299439720000066, 24.915979703000062 ], [ 92.305564890000085, 24.911443892000023 ], [ 92.307313194000074, 24.902294748000031 ], [ 92.316365359000031, 24.894945978000067 ], [ 92.326345644000071, 24.896694395000054 ], [ 92.339455378000082, 24.87829410300003 ], [ 92.344503453000073, 24.881031184000051 ], [ 92.343421007000074, 24.892612134000046 ], [ 92.346838950000063, 24.893888856000046 ], [ 92.363178475000041, 24.872302036000065 ], [ 92.375009555000076, 24.873657293000065 ], [ 92.384469060000072, 24.852680034000059 ], [ 92.399816510000051, 24.848697345000062 ], [ 92.406289656000069, 24.859347772000035 ], [ 92.423403908000068, 24.853398651000077 ], [ 92.43864751600006, 24.856362584000067 ], [ 92.442559195000058, 24.870899862000044 ], [ 92.459080799000049, 24.873996029000068 ], [ 92.476236988000039, 24.867963299000053 ], [ 92.497979993000058, 24.876450844000033 ], [ 92.491850567000085, 24.878345484000079 ], [ 92.496610154000052, 24.902298859000041 ], [ 92.492356247000032, 24.912700021000035 ], [ 92.494724928000039, 24.918368634000046 ], [ 92.484272305000047, 24.928867843000035 ], [ 92.488710969000067, 24.948458576000064 ], [ 92.47442133900006, 24.941529993000074 ], [ 92.44940650500007, 24.939873097000032 ], [ 92.451249163000057, 24.951680206000049 ], [ 92.465494953000075, 24.955385106000051 ], [ 92.46914496800008, 24.964049682000052 ], [ 92.456948781000051, 24.971536603000061 ], [ 92.447880495000049, 24.964756865000027 ], [ 92.418973314000084, 24.966542100000026 ], [ 92.422702039000058, 24.989811572000065 ], [ 92.416231979000031, 24.991319482000051 ], [ 92.424914013000034, 25.013306297000042 ], [ 92.425445099000058, 25.03030276100003 ], [ 92.412943634000044, 25.028862210000057 ], [ 92.383880122000051, 25.042535100000066 ], [ 92.383237888000053, 25.038756802000023 ], [ 92.374637207000035, 25.043761762000031 ], [ 92.369363875000033, 25.040966604000062 ], [ 92.362967934000039, 25.050055282000073 ], [ 92.361166902000036, 25.046959750000042 ], [ 92.339611504000061, 25.050237094000067 ], [ 92.34757970000004, 25.061313674000075 ], [ 92.347459604000051, 25.073563625000077 ], [ 92.334750392000046, 25.078678460000049 ], [ 92.321676749000062, 25.078279165000026 ], [ 92.318856823000033, 25.070156043000054 ], [ 92.310809999000071, 25.069437575000052 ], [ 92.231312015000071, 25.096946484000057 ], [ 92.227355016000047, 25.093164494000064 ], [ 92.223138540000036, 25.10337176400003 ], [ 92.207238717000052, 25.111436162000075 ], [ 92.209330846000057, 25.118593418000046 ], [ 92.220668782000075, 25.113761245000035 ], [ 92.227335950000054, 25.117514645000028 ], [ 92.193531324000048, 25.126433851000058 ], [ 92.195213835000061, 25.130215133000036 ], [ 92.188467051000032, 25.135911736000025 ], [ 92.190046666000057, 25.126684038000064 ], [ 92.181935750000036, 25.119151069000054 ], [ 92.178509673000065, 25.126351450000072 ], [ 92.164577072000043, 25.126344264000068 ], [ 92.159033975000057, 25.132249044000048 ], [ 92.164056600000038, 25.13604648200004 ], [ 92.152155852000078, 25.13378184000004 ], [ 92.134090674000049, 25.142711509000037 ], [ 92.135452106000059, 25.152769264000028 ], [ 92.140533346000041, 25.154726803000074 ], [ 92.132637350000039, 25.160112913000034 ], [ 92.10360066800007, 25.175206081000056 ], [ 92.080294002000073, 25.18207674100006 ], [ 92.075638722000065, 25.179267190000076 ], [ 92.072856734000084, 25.184749860000068 ], [ 92.061693236000053, 25.187848781000071 ], [ 92.026902951000068, 25.183178346000034 ], [ 92.025418303000038, 25.17934643600006 ], [ 92.015136135000034, 25.187317783000026 ], [ 92.003706828000077, 25.186009621000039 ], [ 91.97616737900006, 25.168344095000066 ], [ 91.964534050000054, 25.177095877000056 ], [ 91.919272449000061, 25.182449319000057 ], [ 91.880522624000037, 25.173048673000039 ], [ 91.875816402000055, 25.177589339000065 ], [ 91.86125743100007, 25.172615927000038 ], [ 91.827360162000048, 25.177460805000067 ], [ 91.806401401000073, 25.168200589000037 ], [ 91.775779783000075, 25.163318680000032 ], [ 91.757706532000043, 25.168504854000048 ], [ 91.752143513000078, 25.176106676000074 ], [ 91.744714422000072, 25.169645657000046 ], [ 91.748820101000035, 25.156211344000042 ], [ 91.742536274000031, 25.144859465000025 ], [ 91.746863894000057, 25.140505523000058 ], [ 91.736440018000053, 25.14361199700005 ], [ 91.735540222000054, 25.149839107000048 ], [ 91.703088110000067, 25.159313551000025 ], [ 91.703472924000039, 25.150498929000037 ], [ 91.694449674000055, 25.146202320000043 ], [ 91.691812227000071, 25.13730713700005 ], [ 91.669642980000049, 25.137975063000056 ], [ 91.663988499000084, 25.135319106000054 ], [ 91.664285328000062, 25.129396040000074 ], [ 91.652642142000047, 25.131373174000032 ], [ 91.637764975000039, 25.122705732000043 ], [ 91.623026585000048, 25.128047309000067 ], [ 91.62133945100004, 25.143563030000053 ], [ 91.612413810000078, 25.142071190000024 ], [ 91.610967532000075, 25.146415243000035 ], [ 91.603615822000052, 25.14033310800005 ], [ 91.601883517000033, 25.142947798000023 ], [ 91.598570264000045, 25.155081020000068 ], [ 91.603238761000057, 25.158061716000077 ], [ 91.598831080000082, 25.159473755000079 ], [ 91.60389586000008, 25.167578992000074 ], [ 91.615232410000033, 25.17023346700006 ], [ 91.612456064000071, 25.176299528000072 ], [ 91.577234115000067, 25.172849421000024 ], [ 91.570644494000078, 25.164894620000041 ], [ 91.576025851000054, 25.160425841000063 ], [ 91.562872705000075, 25.160821335000037 ], [ 91.557049340000049, 25.149903369000072 ], [ 91.527519489000042, 25.14468606500003 ], [ 91.509333566000066, 25.14759168300003 ], [ 91.501489317000051, 25.143889602000058 ], [ 91.499797855000054, 25.135724577000076 ], [ 91.492550982000068, 25.139098477000061 ], [ 91.470406400000059, 25.13393579500007 ], [ 91.46397113200004, 25.135104209000076 ], [ 91.47007379300004, 25.139843142000075 ], [ 91.468473751000033, 25.152004800000043 ], [ 91.440298638000058, 25.150132856000027 ], [ 91.432646438000063, 25.156960823000077 ], [ 91.424906665000037, 25.157214184000054 ], [ 91.414522397000042, 25.171313130000044 ], [ 91.41035295000006, 25.163330703000042 ], [ 91.386427137000055, 25.170088320000048 ], [ 91.375118613000041, 25.168430320000027 ], [ 91.362741995000079, 25.178397940000025 ], [ 91.353648111000041, 25.171409512000025 ], [ 91.351425448000043, 25.175982805000046 ], [ 91.326973506000058, 25.176317288000064 ], [ 91.317616772000065, 25.183810057000073 ], [ 91.286197965000042, 25.185585781000043 ], [ 91.292073482000035, 25.193247378000024 ], [ 91.267911970000057, 25.207313843000065 ], [ 91.250393639000038, 25.196279356000048 ], [ 91.194924745000037, 25.201459790000058 ], [ 91.131700807000072, 25.194411054000057 ], [ 91.074762596000085, 25.197658463000039 ], [ 91.067681451000055, 25.191582151000034 ], [ 91.019494961000078, 25.186843134000071 ], [ 91.015920050000034, 25.182777502000079 ], [ 90.948068092000085, 25.17110664300003 ], [ 90.925463416000071, 25.162053252000078 ], [ 90.88408658600008, 25.166559047000078 ], [ 90.862121940000065, 25.157696562000069 ], [ 90.845538372000078, 25.15824247200004 ], [ 90.841940368000053, 25.164361108000037 ], [ 90.832245840000041, 25.161147173000074 ], [ 90.818919153000081, 25.162815967000029 ], [ 90.817749237000044, 25.167673544000024 ], [ 90.813674491000086, 25.16754043800006 ], [ 90.814495269000076, 25.163866055000028 ], [ 90.805842348000056, 25.166031633000046 ], [ 90.805621931000076, 25.173698595000076 ], [ 90.798637254000084, 25.174431464000065 ], [ 90.794528218000039, 25.181063049000045 ], [ 90.781657963000043, 25.180727114000035 ], [ 90.78041653300005, 25.186217088000035 ], [ 90.762644065000075, 25.177711471000066 ], [ 90.760116117000052, 25.168366904000038 ], [ 90.747520648000034, 25.164042547000065 ], [ 90.741689592000057, 25.170268625000062 ], [ 90.734304300000076, 25.166590214000053 ], [ 90.733171967000033, 25.161906336000072 ], [ 90.741536233000033, 25.160751990000051 ], [ 90.73321, 25.155145787000038 ], [ 90.723541140000066, 25.164916255000037 ], [ 90.710139379000054, 25.168888806000041 ], [ 90.70586456500007, 25.161493025000027 ], [ 90.700196575000064, 25.164295158000073 ], [ 90.697912092000081, 25.157055851000052 ], [ 90.682412633000069, 25.164766475000079 ], [ 90.680446212000049, 25.169199380000066 ], [ 90.685605803000044, 25.174974887000076 ], [ 90.678493959000036, 25.172300422000035 ], [ 90.67361128500005, 25.176400522000051 ], [ 90.666071274000046, 25.165861242000062 ], [ 90.663262086000032, 25.197454393000044 ], [ 90.656444122000039, 25.185156994000067 ], [ 90.654732196000055, 25.19183894300005 ], [ 90.649036567000053, 25.193720986000073 ], [ 90.650204731000031, 25.182108593000066 ], [ 90.64021017400006, 25.18372329400006 ], [ 90.641135084000041, 25.174898140000039 ], [ 90.626856505000035, 25.172379039000077 ], [ 90.609413055000061, 25.178652714000066 ], [ 90.604591636000066, 25.174721820000059 ], [ 90.554988882000032, 25.171591330000069 ], [ 90.551173747000064, 25.17525738300003 ], [ 90.518704231000072, 25.172248695000064 ], [ 90.508766554000033, 25.176744599000074 ], [ 90.509583754000062, 25.170392951000053 ], [ 90.499058706000085, 25.172019499000044 ], [ 90.485831750000045, 25.161209315000065 ], [ 90.450735665000082, 25.152524143000051 ], [ 90.449175327000034, 25.14506775600006 ], [ 90.440937906000045, 25.144644119000077 ], [ 90.41800913700007, 25.149369620000073 ], [ 90.404095875000053, 25.160172013000079 ], [ 90.370429864000073, 25.162980775000051 ], [ 90.33014421300004, 25.193805243000043 ], [ 90.310298325000076, 25.18889499900007 ], [ 90.233999880000056, 25.204426004000027 ], [ 90.225088379000056, 25.200834248000035 ], [ 90.219294163000086, 25.206792140000061 ], [ 90.194969435000075, 25.210816056000056 ], [ 90.172037684000031, 25.222528642000043 ], [ 90.118795942000077, 25.22328697100005 ], [ 90.07381824600003, 25.244188433000033 ], [ 90.054978746000074, 25.260452180000073 ], [ 90.033615802000043, 25.262835505000055 ], [ 90.004581360000032, 25.280413203000023 ], [ 89.995887848000052, 25.276801981000062 ], [ 89.980544597000062, 25.280923630000075 ], [ 89.977162723000049, 25.296281647000058 ], [ 89.966548924000051, 25.30377334700006 ], [ 89.95433859700006, 25.300947393000058 ], [ 89.949052135000045, 25.292848899000035 ], [ 89.94373141300008, 25.304637982000031 ], [ 89.938942964000034, 25.299146157000052 ], [ 89.908645384000067, 25.308182561000024 ], [ 89.876479842000037, 25.285412119000057 ], [ 89.838312011000085, 25.293235523000078 ], [ 89.831129353000051, 25.296183811000049 ], [ 89.841478062000078, 25.30824619200007 ], [ 89.841065187000083, 25.316565627000045 ], [ 89.822971187000064, 25.349012628000025 ], [ 89.819829596000034, 25.38184013800003 ], [ 89.83293868800007, 25.438199759000042 ], [ 89.852175187000057, 25.465998628000023 ], [ 89.849133470000083, 25.492537339000023 ], [ 89.854955188000076, 25.497329626000067 ], [ 89.860082187000046, 25.517253627000059 ], [ 89.851210188000039, 25.538719628000024 ], [ 89.865931187000058, 25.54645062700007 ], [ 89.882381800000076, 25.617284813000026 ], [ 89.870990043000063, 25.662583020000056 ], [ 89.863066835000041, 25.666011957000023 ], [ 89.846420709000085, 25.695827473000065 ], [ 89.851000461000069, 25.711607989000072 ], [ 89.835287435000055, 25.715983775000041 ], [ 89.827411122000058, 25.732275402000027 ], [ 89.827150854000081, 25.740881561000037 ], [ 89.840975484000069, 25.761152237000033 ], [ 89.825907344000086, 25.810563902000069 ], [ 89.816468064000048, 25.815496937000034 ], [ 89.834528349000038, 25.840363235000041 ], [ 89.832448896000074, 25.870688004000044 ], [ 89.878169552000031, 25.924442053000064 ], [ 89.886941584000056, 25.945342663000076 ], [ 89.842551869000033, 25.940213162000077 ], [ 89.839034047000041, 25.941258921000042 ], [ 89.84194311300007, 25.944273610000039 ], [ 89.825340598000082, 25.945455321000054 ], [ 89.830251855000085, 25.95534628200005 ], [ 89.849040481000031, 25.94906442000007 ], [ 89.838593226000057, 25.968198947000076 ], [ 89.871588719000044, 25.974116140000035 ], [ 89.871123417000035, 25.981070680000073 ], [ 89.850838879000037, 25.989587430000029 ], [ 89.84422, 26.00608174100006 ], [ 89.835356552000064, 26.01073864600005 ], [ 89.830788281000082, 26.003479015000039 ], [ 89.835919989000047, 25.982352002000027 ], [ 89.81947701200005, 25.988081001000069 ], [ 89.814417, 25.998371001000066 ], [ 89.820413, 25.997997001000044 ], [ 89.82192000100008, 26.010070001000031 ], [ 89.815294, 26.020363 ], [ 89.819208, 26.025962001000039 ], [ 89.808812719000059, 26.043300879000071 ], [ 89.805501573000072, 26.044588525000052 ], [ 89.801817604000064, 26.031590921000031 ], [ 89.790419200000031, 26.017849829000056 ], [ 89.787620221000054, 26.020805602000053 ], [ 89.793465471000047, 26.023009900000034 ], [ 89.801666991000047, 26.040348746000063 ], [ 89.793467505000081, 26.042392715000062 ], [ 89.790373979000037, 26.033855976000041 ], [ 89.78814630800008, 26.040313732000072 ], [ 89.779780997000046, 26.040513260000068 ], [ 89.776442419000034, 26.035023684000066 ], [ 89.773530748000042, 26.037732960000028 ], [ 89.788382460000037, 26.048630450000076 ], [ 89.785179377000077, 26.056820148000043 ], [ 89.798591650000049, 26.059309379000069 ], [ 89.796465297000054, 26.076403260000063 ], [ 89.790437748000045, 26.075336669000023 ], [ 89.794576823000057, 26.087991586000044 ], [ 89.78117783600004, 26.083519091000028 ], [ 89.784208189000083, 26.105235342000071 ], [ 89.756310889000076, 26.109135360000039 ], [ 89.766095546000031, 26.13080347600004 ], [ 89.762907361000032, 26.137297981000074 ], [ 89.755015233000051, 26.139360256000032 ], [ 89.747495623000077, 26.157527592000065 ], [ 89.720396400000084, 26.156370256000059 ], [ 89.719339160000061, 26.166420062000043 ], [ 89.714614776000076, 26.168908034000026 ], [ 89.709917908000079, 26.156297556000027 ], [ 89.701856147000058, 26.151928823000048 ], [ 89.697177485000054, 26.158549726000047 ], [ 89.681451732000085, 26.163720942000054 ], [ 89.684168736000061, 26.16973398500005 ], [ 89.701264047000052, 26.173507044000075 ], [ 89.687471839000068, 26.181572446000075 ], [ 89.681941337000069, 26.192577782000058 ], [ 89.686363683000081, 26.198296178000078 ], [ 89.676912142000049, 26.197596795000038 ], [ 89.673381878000043, 26.201732120000031 ], [ 89.675925628000073, 26.208773609000048 ], [ 89.685789185000033, 26.206559533000075 ], [ 89.691725391000034, 26.212840482000047 ], [ 89.684490922000066, 26.208393909000051 ], [ 89.679847917000075, 26.214018769000063 ], [ 89.678790288000073, 26.223640789000058 ], [ 89.689406433000045, 26.221395201000064 ], [ 89.683845544000064, 26.223286776000066 ], [ 89.686424762000058, 26.230238677000045 ], [ 89.681976771000052, 26.227667269000051 ], [ 89.679250212000056, 26.238307654000039 ], [ 89.672269344000085, 26.229164962000027 ], [ 89.671865824000065, 26.219944405000035 ], [ 89.655555585000059, 26.21920876300004 ], [ 89.634265490000075, 26.229220989000055 ], [ 89.632633042000066, 26.210020720000045 ], [ 89.638399479000043, 26.209921163000047 ], [ 89.639428548000069, 26.199860422000029 ], [ 89.649494460000085, 26.190263919000074 ], [ 89.643573561000039, 26.185129714000027 ], [ 89.630140862000076, 26.195893021000074 ], [ 89.63236818300004, 26.190347495000026 ], [ 89.627190978000044, 26.189900530000045 ], [ 89.627689996000072, 26.184076891000075 ], [ 89.639030735000063, 26.178738198000076 ], [ 89.643476166000085, 26.182802643000059 ], [ 89.65535004700007, 26.18153578700003 ], [ 89.658606116000044, 26.176547648000053 ], [ 89.649247492000086, 26.164534541000023 ], [ 89.631890665000071, 26.172382233000064 ], [ 89.636998739000035, 26.178901191000023 ], [ 89.630218636000052, 26.179618744000038 ], [ 89.624714929000049, 26.171298764000028 ], [ 89.621439853000084, 26.172042514000054 ], [ 89.623720921000086, 26.179237528000044 ], [ 89.612921554000081, 26.176689574000079 ], [ 89.609060391000071, 26.18060820900007 ], [ 89.60859855800004, 26.176467445000071 ], [ 89.615359200000057, 26.174761773000057 ], [ 89.610903454000038, 26.174439895000035 ], [ 89.611186073000056, 26.168686147000074 ], [ 89.619283946000053, 26.167592432000049 ], [ 89.60813009900005, 26.159052891000044 ], [ 89.610383747000071, 26.154722605000075 ], [ 89.599695, 26.160921 ], [ 89.590835, 26.157303 ], [ 89.597606, 26.153872 ], [ 89.596368029000075, 26.134988943000053 ], [ 89.607479534000049, 26.125106835000054 ], [ 89.601200988000073, 26.123507129000075 ], [ 89.603849402000037, 26.117601019000062 ], [ 89.611926, 26.127901001000055 ], [ 89.619832, 26.119834 ], [ 89.625768, 26.128724 ], [ 89.630087, 26.118513 ], [ 89.615813, 26.106692 ], [ 89.605135, 26.106271001000039 ], [ 89.597853075000046, 26.112907476000032 ], [ 89.600917837000054, 26.107847414000048 ], [ 89.595346583000037, 26.107303556000033 ], [ 89.600639, 26.106903 ], [ 89.593938, 26.102948 ], [ 89.596279, 26.098562 ], [ 89.608856, 26.088742001000071 ], [ 89.609821995000061, 26.095993991000057 ], [ 89.616905999000039, 26.095206001000065 ], [ 89.614029, 26.104082 ], [ 89.621088, 26.100536001000023 ], [ 89.623604010000065, 26.107906003000039 ], [ 89.629775003000077, 26.107281003000026 ], [ 89.63631500300005, 26.099302995000073 ], [ 89.633126, 26.094659 ], [ 89.639646, 26.090162001000067 ], [ 89.633674, 26.080755 ], [ 89.650117994000084, 26.062830990000066 ], [ 89.630518, 26.062879001000056 ], [ 89.620624, 26.053477 ], [ 89.616321, 26.055928 ], [ 89.61783, 26.060174001000064 ], [ 89.60508, 26.063649 ], [ 89.612696288000052, 26.052654128000029 ], [ 89.592178029000081, 26.044899627000063 ], [ 89.597226611000053, 26.037902227000075 ], [ 89.586772194000048, 26.038419798000064 ], [ 89.585327569000071, 26.02642017900007 ], [ 89.578642051000031, 26.026348875000053 ], [ 89.581661494000059, 26.011575410000034 ], [ 89.578663639000069, 26.006865732000051 ], [ 89.585778799000082, 25.996095744000058 ], [ 89.582833890000074, 25.990252385000076 ], [ 89.58662027400004, 25.980825934000052 ], [ 89.58484211800004, 25.975931506000052 ], [ 89.573777226000061, 25.980119657000046 ], [ 89.577435724000054, 25.96909953200003 ], [ 89.568804509000074, 25.967811777000065 ], [ 89.565979970000058, 25.98038871600005 ], [ 89.557556313000077, 25.965422800000056 ], [ 89.540075462000061, 25.970168577000038 ], [ 89.541670285000066, 25.983342097000047 ], [ 89.535044715000083, 25.989131808000025 ], [ 89.548120228000073, 26.000183851000031 ], [ 89.540757840000083, 26.005988012000046 ], [ 89.534274118000042, 26.005631349000055 ], [ 89.539414845000067, 26.005198953000047 ], [ 89.538097060000041, 26.002147044000026 ], [ 89.517394553000031, 26.009497190000047 ], [ 89.506800127000076, 26.001785168000026 ], [ 89.491170812000064, 26.006249302000072 ], [ 89.480554421000079, 25.996893496000041 ], [ 89.46200069300005, 25.998566790000041 ], [ 89.447383832000071, 26.007882769000048 ], [ 89.430801829000075, 26.011148459000026 ], [ 89.426610379000067, 26.015169625000055 ], [ 89.432664, 26.038316 ], [ 89.423505373000069, 26.047571334000054 ], [ 89.423266039000055, 26.043580312000074 ], [ 89.407002153000064, 26.04149699900006 ], [ 89.406683644000054, 26.030769535000047 ], [ 89.390772472000037, 26.02303584200007 ], [ 89.393159238000067, 26.006505068000024 ], [ 89.373766504000059, 26.012022376000061 ], [ 89.356395355000075, 26.007682971000065 ], [ 89.344353188000071, 26.012693629000069 ], [ 89.349339187000055, 26.016350627000065 ], [ 89.34030012900007, 26.015093659000058 ], [ 89.337348789000032, 26.02220451200003 ], [ 89.336185689000047, 26.020284373000038 ], [ 89.334401675000038, 26.019855280000058 ], [ 89.335347185000046, 26.022591430000034 ], [ 89.338961363000067, 26.02346790200005 ], [ 89.327485187000036, 26.029771628000049 ], [ 89.323989187000052, 26.038111626000045 ], [ 89.314741188000085, 26.037094631000059 ], [ 89.317488187000038, 26.038336628000025 ], [ 89.300322197000071, 26.050421613000026 ], [ 89.296506523000062, 26.045373961000053 ], [ 89.275615354000081, 26.049128084000074 ], [ 89.281447059000072, 26.055821064000042 ], [ 89.280503187000079, 26.065687626000056 ], [ 89.269621187000041, 26.059649628000045 ], [ 89.253976451000085, 26.06404808800005 ], [ 89.254916437000077, 26.075175952000052 ], [ 89.266514461000043, 26.093917612000041 ], [ 89.251189808000049, 26.09139766100003 ], [ 89.251574359000074, 26.101465569000027 ], [ 89.238883775000033, 26.108474953000041 ], [ 89.241939560000048, 26.113313916000038 ], [ 89.229116152000074, 26.116600113000061 ], [ 89.229731187000084, 26.123886628000037 ], [ 89.21116618700006, 26.123901627000066 ], [ 89.203085875000056, 26.129397994000044 ], [ 89.192431110000086, 26.124201624000023 ], [ 89.175344187000064, 26.132112627000026 ], [ 89.166838187000053, 26.129873628000041 ], [ 89.160062187000051, 26.139619627000059 ], [ 89.155327187000069, 26.138323627000034 ], [ 89.148991489000082, 26.158502035000026 ], [ 89.157154505000051, 26.163239637000061 ], [ 89.149033373000066, 26.17009947300005 ], [ 89.140931789000035, 26.169354790000057 ], [ 89.141084735000049, 26.175466563000043 ], [ 89.134484130000033, 26.181224389000079 ], [ 89.138889359000075, 26.19880560200005 ], [ 89.14926532700008, 26.208843541000078 ], [ 89.142086605000031, 26.214644591000024 ], [ 89.140865008000048, 26.235854812000071 ], [ 89.131866001000049, 26.239624530000071 ], [ 89.130107442000053, 26.248843695000062 ], [ 89.119751129000065, 26.252767971000026 ], [ 89.125170905000061, 26.263564682000037 ], [ 89.105679637000037, 26.274163745000067 ], [ 89.106004862000077, 26.281154676000028 ], [ 89.099995336000063, 26.279583002000038 ], [ 89.107139440000083, 26.290964829000075 ], [ 89.103716976000044, 26.297019892000037 ], [ 89.107284228000083, 26.300176881000027 ], [ 89.099357105000081, 26.303770960000065 ], [ 89.104677118000041, 26.315917900000045 ], [ 89.122504295000056, 26.286530282000058 ], [ 89.132411759000036, 26.298807403000069 ], [ 89.127338009000084, 26.302256926000041 ], [ 89.131288840000082, 26.301007895000055 ], [ 89.130499815000064, 26.305263986000057 ], [ 89.125114038000049, 26.305445306000024 ], [ 89.136354027000039, 26.308009778000041 ], [ 89.134764720000078, 26.313230532000034 ], [ 89.129498445000081, 26.313113639000051 ], [ 89.135111942000037, 26.313907269000026 ], [ 89.136221741000043, 26.32019396000004 ], [ 89.112706156000058, 26.318551135000064 ], [ 89.109995944000048, 26.325362711000025 ], [ 89.100498810000033, 26.323400956000057 ], [ 89.097123900000042, 26.329336437000052 ], [ 89.091833020000081, 26.320232084000054 ], [ 89.084320231000049, 26.322234801000036 ], [ 89.101300843000047, 26.336613692000071 ], [ 89.09335122300007, 26.353023501000052 ], [ 89.097823624000057, 26.359112056000072 ], [ 89.079529775000083, 26.362964904000023 ], [ 89.079906797000035, 26.366737465000028 ], [ 89.088348973000052, 26.365780654000048 ], [ 89.090000899000074, 26.385834825000074 ], [ 89.096230503000072, 26.390958402000024 ], [ 89.080147355000065, 26.389977920000035 ], [ 89.087376706000043, 26.39772767200003 ], [ 89.075330290000068, 26.396105742000032 ], [ 89.074471365000079, 26.391131767000047 ], [ 89.074871208000047, 26.396223733000056 ], [ 89.06624946900007, 26.399792860000048 ], [ 89.06305485300004, 26.396801223000068 ], [ 89.063119940000036, 26.400830257000052 ], [ 89.057913947000031, 26.395182275000025 ], [ 89.040712978000045, 26.400481676000027 ], [ 89.034961707000036, 26.395173507000038 ], [ 89.030050490000065, 26.407022190000077 ], [ 89.019320894000032, 26.404264649000027 ], [ 89.022092118000046, 26.413944405000052 ], [ 89.007142564000048, 26.412847523000039 ], [ 89.005851061000044, 26.421519960000069 ], [ 88.993536468000059, 26.423083678000069 ], [ 88.998496721000038, 26.413996876000056 ], [ 88.993727056000068, 26.41286950500006 ], [ 88.992703321000079, 26.419024504000049 ], [ 88.98069147800004, 26.425384371000064 ], [ 88.982953817000066, 26.431009786000061 ], [ 88.97855353500006, 26.435065947000055 ], [ 88.983175755000048, 26.446614976000035 ], [ 88.978441340000074, 26.446313668000073 ], [ 88.979317280000032, 26.449744087000056 ], [ 88.975723630000061, 26.446522437000056 ], [ 88.956501944000081, 26.459670042000027 ], [ 88.965182032000087, 26.451299866000056 ], [ 88.960969852000062, 26.448281639000072 ], [ 88.951090419000082, 26.452126735000036 ], [ 88.951763493000044, 26.448495339000033 ], [ 88.946109223000065, 26.448048822000032 ], [ 88.951241970000069, 26.435136037000063 ], [ 88.944575121000071, 26.431967547000056 ], [ 88.944696332000035, 26.425700606000078 ], [ 88.926141579000046, 26.432150353000054 ], [ 88.925804804000052, 26.427746712000044 ], [ 88.932716373000062, 26.426914942000053 ], [ 88.923215603000074, 26.423572233000073 ], [ 88.930057041000055, 26.414244048000057 ], [ 88.926437829000065, 26.40711963800004 ], [ 88.904659134000042, 26.408623376000037 ], [ 88.909995483000046, 26.400936580000064 ], [ 88.91811457700004, 26.400491615000078 ], [ 88.916476140000043, 26.384981496000023 ], [ 88.908969051000042, 26.380163953000078 ], [ 88.920733914000039, 26.378704116000051 ], [ 88.910266958000079, 26.370383914000058 ], [ 88.911974131000079, 26.366167885000038 ], [ 88.919960493000076, 26.366347583000049 ], [ 88.91887368600004, 26.359450247000041 ], [ 88.927000687000032, 26.364632954000058 ], [ 88.931749179000064, 26.359093771000062 ], [ 88.946733549000044, 26.355616626000028 ], [ 88.949715235000042, 26.366035440000076 ], [ 88.958330397000054, 26.361788706000027 ], [ 88.946236800000065, 26.346411080000053 ], [ 88.958950988000083, 26.343636551000031 ], [ 88.952125830000057, 26.342435129000023 ], [ 88.952379160000078, 26.331595238000034 ], [ 88.959878806000063, 26.330148376000068 ], [ 88.959400789000085, 26.336336212000049 ], [ 88.962828391000073, 26.336391122000066 ], [ 88.961339701000043, 26.352427007000074 ], [ 88.965095198000085, 26.34884138700005 ], [ 88.975448358000051, 26.350860529000045 ], [ 88.977987633000055, 26.346559305000028 ], [ 88.985036152000077, 26.350048360000073 ], [ 88.987171595000063, 26.348419629000034 ], [ 88.989963321000062, 26.338601875000052 ], [ 88.981727271000068, 26.341132289000029 ], [ 88.985456104000036, 26.332863565000025 ], [ 88.990466664000053, 26.335454326000047 ], [ 89.000873783000031, 26.329878922000034 ], [ 88.997873404000075, 26.322476275000042 ], [ 88.991423246000068, 26.322342641000034 ], [ 88.996995496000068, 26.313894729000026 ], [ 88.984647445000064, 26.317808122000031 ], [ 88.982610832000034, 26.310019884000042 ], [ 88.984810734000064, 26.300680605000025 ], [ 88.994960728000081, 26.296803509000028 ], [ 88.997491960000048, 26.299764313000026 ], [ 88.99586848000007, 26.290087061000065 ], [ 89.006710238000039, 26.304768623000029 ], [ 89.012384931000042, 26.292125153000029 ], [ 89.018305163000036, 26.289785057000074 ], [ 89.014669790000085, 26.300359138000033 ], [ 89.021079900000075, 26.30920453300007 ], [ 89.026811751000082, 26.305512201000056 ], [ 89.01913840900005, 26.289252826000052 ], [ 89.027437260000056, 26.28255600500006 ], [ 89.040518925000072, 26.28590579300004 ], [ 89.037225038000031, 26.282520546000057 ], [ 89.039785230000064, 26.276637188000052 ], [ 89.045016665000048, 26.275306616000023 ], [ 89.047943469000074, 26.280544255000052 ], [ 89.050304471000061, 26.288336987000037 ], [ 89.046765187000062, 26.282643627000027 ], [ 89.046215073000042, 26.289621029000045 ], [ 89.042010688000062, 26.290093318000061 ], [ 89.045718187000034, 26.295589626000037 ], [ 89.060156344000063, 26.293121540000072 ], [ 89.057368211000039, 26.285896313000023 ], [ 89.06284116300003, 26.27833342100007 ], [ 89.054172332000064, 26.277413811000031 ], [ 89.062709010000049, 26.271018123000033 ], [ 89.062557372000072, 26.253643479000061 ], [ 89.051885172000084, 26.256129023000028 ], [ 89.047974706000048, 26.245872226000074 ], [ 89.050696760000051, 26.241748631000064 ], [ 89.027418027000067, 26.24776630100007 ], [ 89.019934983000041, 26.242828389000067 ], [ 88.993248716000039, 26.245668231000025 ], [ 88.958947377000072, 26.24020966300003 ], [ 88.953041166000048, 26.242229150000071 ], [ 88.926205266000068, 26.283921127000042 ], [ 88.898344187000077, 26.288767627000027 ], [ 88.875748187000056, 26.286587628000063 ], [ 88.861742187000061, 26.273474626000052 ], [ 88.861419186000035, 26.252041625000061 ], [ 88.872166187000062, 26.245256626000071 ], [ 88.872214190000079, 26.239894626000023 ], [ 88.877711187000045, 26.242259628000056 ], [ 88.877815187000067, 26.233550627000056 ], [ 88.859698132000062, 26.231545511000036 ], [ 88.852925671000037, 26.235125392000043 ], [ 88.841513977000034, 26.23086317800005 ], [ 88.838022268000032, 26.238241065000068 ], [ 88.827542193000056, 26.239727474000063 ], [ 88.829220971000041, 26.250145805000045 ], [ 88.813108025000076, 26.255468873000041 ], [ 88.815004368000075, 26.269578635000073 ], [ 88.809930449000035, 26.277028081000026 ], [ 88.819018220000032, 26.294590945000039 ], [ 88.793449187000078, 26.310058627000046 ], [ 88.764050024000085, 26.29896304500005 ], [ 88.756452893000073, 26.310911585000042 ], [ 88.747236632000067, 26.311053098000059 ], [ 88.740644864000046, 26.294928938000055 ], [ 88.744568499000081, 26.289326026000026 ], [ 88.730425549000074, 26.293289559000073 ], [ 88.726687327000036, 26.288089564000074 ], [ 88.726639332000047, 26.292700312000079 ], [ 88.71970949100006, 26.293107519000046 ], [ 88.718835712000043, 26.282082387000059 ], [ 88.70748102500005, 26.284260418000031 ], [ 88.691410646000065, 26.276532025000051 ], [ 88.685420276000059, 26.279695806000063 ], [ 88.692244457000072, 26.269299652000029 ], [ 88.685652229000084, 26.267869014000041 ], [ 88.683112603000041, 26.260956630000067 ], [ 88.679344548000074, 26.259040695000067 ], [ 88.676686524000047, 26.264807554000072 ], [ 88.666173357000048, 26.262827625000057 ], [ 88.672130263000042, 26.268842694000057 ], [ 88.666745653000078, 26.273572028000046 ], [ 88.667920193000043, 26.297300661000065 ], [ 88.680750386000057, 26.295579008000061 ], [ 88.687109747000079, 26.288349586000038 ], [ 88.681827129000055, 26.284230624000031 ], [ 88.686126829000045, 26.282147785000063 ], [ 88.708787404000077, 26.288066662000062 ], [ 88.684257950000074, 26.294594897000025 ], [ 88.684546942000054, 26.301519840000026 ], [ 88.677870096000049, 26.307085825000058 ], [ 88.682432905000042, 26.312612245000025 ], [ 88.675197537000031, 26.311458873000049 ], [ 88.674998883000058, 26.320188461000043 ], [ 88.689625298000067, 26.322943076000058 ], [ 88.69081021900007, 26.329187386000058 ], [ 88.695647048000069, 26.328803157000038 ], [ 88.690339526000059, 26.322609371000055 ], [ 88.69706748200008, 26.312159301000065 ], [ 88.715047575000085, 26.318114150000042 ], [ 88.718972575000066, 26.313150999000072 ], [ 88.724347146000071, 26.314732296000045 ], [ 88.73111786700008, 26.318464496000047 ], [ 88.73056355500006, 26.323739820000071 ], [ 88.746441064000066, 26.322430992000079 ], [ 88.748658070000033, 26.331717619000074 ], [ 88.734063832000061, 26.328737275000037 ], [ 88.743374610000046, 26.337772003000055 ], [ 88.745418898000082, 26.347919586000046 ], [ 88.733143343000052, 26.353923318000056 ], [ 88.735816056000033, 26.348092270000052 ], [ 88.729535978000058, 26.34813772800004 ], [ 88.726018495000062, 26.34136569900005 ], [ 88.712638189000074, 26.343723474000058 ], [ 88.709145438000064, 26.333423626000069 ], [ 88.70260681600007, 26.334541078000029 ], [ 88.703969255000061, 26.341684550000025 ], [ 88.694200476000049, 26.346302870000045 ], [ 88.698399928000072, 26.357251231000077 ], [ 88.691386550000061, 26.361261340000055 ], [ 88.696178186000054, 26.362041797000074 ], [ 88.688863598000069, 26.36506025500006 ], [ 88.686255804000041, 26.378864930000077 ], [ 88.680901338000069, 26.379813868000042 ], [ 88.702204282000082, 26.388560976000065 ], [ 88.687361417000034, 26.386782895000067 ], [ 88.689061366000033, 26.395796459000053 ], [ 88.678058143000044, 26.393535776000078 ], [ 88.669634277000057, 26.397189186000048 ], [ 88.687317222000047, 26.401069186000029 ], [ 88.683425168000042, 26.406792395000025 ], [ 88.685934364000047, 26.413015083000062 ], [ 88.667763122000053, 26.407286875000068 ], [ 88.660130719000051, 26.416405613000052 ], [ 88.644439187000046, 26.41898962700003 ], [ 88.65103397300004, 26.421654114000034 ], [ 88.649739193000073, 26.42971435000004 ], [ 88.623766186000069, 26.435062627000036 ], [ 88.628242145000058, 26.441117701000053 ], [ 88.622889187000055, 26.471018628000024 ], [ 88.594341187000055, 26.470861628000023 ], [ 88.592665046000036, 26.449990271000047 ], [ 88.584308187000033, 26.450352627000029 ], [ 88.578772187000084, 26.456732626000075 ], [ 88.559893187000057, 26.457575628000029 ], [ 88.563765187000058, 26.460007626000049 ], [ 88.559476187000087, 26.461936627000057 ], [ 88.56266518700005, 26.467328628000075 ], [ 88.558326184000066, 26.466660626000078 ], [ 88.560604187000081, 26.473522626000033 ], [ 88.554056414000058, 26.471699630000046 ], [ 88.557050187000073, 26.475089628000035 ], [ 88.55213918700008, 26.476947628000062 ], [ 88.556823511000061, 26.485339937000049 ], [ 88.526493220000077, 26.480720314000052 ], [ 88.523670186000061, 26.485709627000062 ], [ 88.527741187000061, 26.48682162700004 ], [ 88.522834182000054, 26.486821634000023 ], [ 88.524493986000039, 26.493075397000041 ], [ 88.518596288000083, 26.501242517000037 ], [ 88.521388565000052, 26.51057103100004 ], [ 88.510622187000081, 26.510759628000073 ], [ 88.507064663000051, 26.516485653000075 ], [ 88.489428187000044, 26.510224626000024 ], [ 88.489766187000043, 26.523425627000051 ], [ 88.485295187000077, 26.526297627000076 ], [ 88.489630187000046, 26.531903627000077 ], [ 88.48300518700006, 26.529840627000056 ], [ 88.481660187000045, 26.533324628000059 ], [ 88.484572187000083, 26.541302628000039 ], [ 88.458801104000031, 26.547208326000032 ], [ 88.456382449000046, 26.536954741000045 ], [ 88.448098780000066, 26.535368640000058 ], [ 88.442979468000033, 26.544208989000026 ], [ 88.435857213000077, 26.545146720000048 ], [ 88.421322516000032, 26.570597219000035 ], [ 88.416023499000062, 26.631677883000066 ], [ 88.410459049000053, 26.633913530000029 ], [ 88.399469187000079, 26.626634627000044 ], [ 88.396726189000049, 26.618130627000028 ], [ 88.386926187000086, 26.610796626000024 ], [ 88.397704628000042, 26.601766411000028 ], [ 88.376815187000034, 26.593530627000064 ], [ 88.36996818700004, 26.574913626000068 ], [ 88.370978217000072, 26.560464698000033 ], [ 88.357164193000074, 26.542781625000032 ], [ 88.359192187000076, 26.529127628000026 ], [ 88.352516187000049, 26.524559626000041 ], [ 88.350748187000079, 26.510905627000056 ], [ 88.332119187000046, 26.494953627000029 ], [ 88.331592182000065, 26.481949627000063 ], [ 88.340618187000075, 26.478458626000076 ], [ 88.340401187000055, 26.469050627000058 ], [ 88.346988761000034, 26.468397739000068 ], [ 88.353068867000047, 26.447654704000058 ], [ 88.361432563000051, 26.455072017000077 ], [ 88.360359749000054, 26.465548153000043 ], [ 88.365717808000056, 26.471142330000077 ], [ 88.360237256000062, 26.484267119000037 ], [ 88.371580532000053, 26.487974526000073 ], [ 88.388418202000082, 26.478287262000038 ], [ 88.404698286000041, 26.48598389700004 ], [ 88.404896011000062, 26.480631112000026 ], [ 88.419469697000068, 26.465864730000078 ], [ 88.422719545000064, 26.47276921100007 ], [ 88.43412978200007, 26.472700246000045 ], [ 88.436724573000049, 26.466067869000028 ], [ 88.458136187000036, 26.466693627000041 ], [ 88.485137014000031, 26.460404261000065 ], [ 88.478510869000047, 26.452470353000024 ], [ 88.487503703000073, 26.450778132000039 ], [ 88.485943526000085, 26.445880142000078 ], [ 88.497023867000053, 26.43646760200005 ], [ 88.489331738000033, 26.431058335000046 ], [ 88.49869923600005, 26.426256003000049 ], [ 88.494081102000052, 26.418671751000034 ], [ 88.503503938000051, 26.417679853000038 ], [ 88.49577103300004, 26.408951158000036 ], [ 88.501343313000064, 26.408933733000026 ], [ 88.502981856000076, 26.403029039000046 ], [ 88.509840584000074, 26.408171482000057 ], [ 88.504394297000033, 26.398715591000041 ], [ 88.512502569000048, 26.387727657000028 ], [ 88.519995920000042, 26.390221791000045 ], [ 88.512602193000077, 26.376981217000036 ], [ 88.517920840000045, 26.370322412000064 ], [ 88.525044782000066, 26.375452596000059 ], [ 88.521802798000067, 26.366165654000042 ], [ 88.514750946000049, 26.364697493000051 ], [ 88.522766090000061, 26.36381059100006 ], [ 88.524218339000072, 26.359436569000025 ], [ 88.517040010000073, 26.355997183000056 ], [ 88.517306460000043, 26.351800378000064 ], [ 88.504390234000084, 26.348747384000035 ], [ 88.507709785000031, 26.362624269000037 ], [ 88.488215, 26.360359001000063 ], [ 88.492197, 26.351125 ], [ 88.480229931000054, 26.35070481200006 ], [ 88.477753933000031, 26.357668483000054 ], [ 88.462908, 26.357960001000038 ], [ 88.45874, 26.362254001000053 ], [ 88.457636473000036, 26.376638554000067 ], [ 88.445855105000078, 26.364593442000057 ], [ 88.434199911000064, 26.335233793000043 ], [ 88.412674995000032, 26.337453991000075 ], [ 88.403346, 26.328951 ], [ 88.407856761000062, 26.327762609000047 ], [ 88.406960347000052, 26.323760693000054 ], [ 88.415605392000032, 26.324432237000053 ], [ 88.414826273000074, 26.315164312000036 ], [ 88.38412917800008, 26.313202903000047 ], [ 88.383974114000068, 26.308727462000036 ], [ 88.370148062000055, 26.304857737000077 ], [ 88.349538413000062, 26.282336025000063 ], [ 88.348257536000062, 26.268824004000066 ], [ 88.352756697000075, 26.267534578000038 ], [ 88.348439518000077, 26.250241447000064 ], [ 88.359800600000085, 26.242647466000051 ], [ 88.35383180000008, 26.237812930000075 ], [ 88.356391102000032, 26.23408220500005 ], [ 88.350534223000068, 26.229260512000053 ], [ 88.353614845000038, 26.226347307000026 ], [ 88.349729830000058, 26.226605622000079 ], [ 88.350246975000061, 26.220340529000055 ], [ 88.330157169000074, 26.217231819000062 ], [ 88.33113312200004, 26.212970014000064 ], [ 88.322620280000081, 26.209505747000037 ], [ 88.325921060000042, 26.204828337000038 ], [ 88.308333810000079, 26.204192695000074 ], [ 88.304297770000062, 26.199230607000061 ], [ 88.300632263000068, 26.201129994000041 ], [ 88.300893860000031, 26.196621934000063 ], [ 88.292287201000079, 26.202015114000062 ], [ 88.28755981900008, 26.19752064000005 ], [ 88.285445320000065, 26.200681408000037 ], [ 88.269301302000031, 26.186390611000036 ], [ 88.263604016000045, 26.190161185000079 ], [ 88.252159672000062, 26.184928300000024 ], [ 88.247125609000079, 26.190668548000076 ], [ 88.236285648000035, 26.181564945000048 ], [ 88.233129709000082, 26.184586120000063 ], [ 88.238380944000085, 26.178143831000057 ], [ 88.226211948000071, 26.172104274000048 ], [ 88.227310926000087, 26.168000646000053 ], [ 88.22180949400007, 26.165646537000043 ], [ 88.214639589000058, 26.170088344000078 ], [ 88.212078495000071, 26.167596081000056 ], [ 88.216347107000047, 26.162787239000068 ], [ 88.204827984000076, 26.158566538000059 ], [ 88.195999221000079, 26.163788345000057 ], [ 88.191392700000051, 26.155802397000059 ], [ 88.195610103000035, 26.152059004000023 ], [ 88.18695058600008, 26.154477901000064 ], [ 88.17701260900003, 26.147980919000076 ], [ 88.179989001000081, 26.138792340000066 ], [ 88.172907155000075, 26.12725143800003 ], [ 88.179633210000077, 26.124774856000045 ], [ 88.172568907000084, 26.118415356000071 ], [ 88.173709772000052, 26.110033123000051 ], [ 88.163511241000037, 26.107987106000053 ], [ 88.163390754000034, 26.100676093000061 ], [ 88.157915212000034, 26.096985614000062 ], [ 88.165516529000058, 26.087443996000047 ], [ 88.157457426000065, 26.079484688000036 ], [ 88.162758506000046, 26.07677727500004 ], [ 88.168261133000044, 26.083048541000039 ], [ 88.172822269000051, 26.075460259000067 ], [ 88.184132232000081, 26.072515031000023 ], [ 88.181315339000037, 26.068345657000066 ], [ 88.185476717000086, 26.062268119000066 ], [ 88.175635268000065, 26.058562049000045 ], [ 88.178573725000035, 26.046629300000063 ], [ 88.173943028000053, 26.049893878000034 ], [ 88.169067493000057, 26.045864017000042 ], [ 88.173774049000031, 26.040511690000073 ], [ 88.170504164000079, 26.03301829000003 ], [ 88.181538127000067, 26.030314904000079 ], [ 88.18348048200005, 26.025152465000076 ], [ 88.173060220000082, 26.01934675800004 ], [ 88.152774095000041, 26.020390374000044 ], [ 88.147281873000054, 26.013816511000073 ], [ 88.139552094000067, 26.013115682000034 ], [ 88.143757913000059, 26.000817917000063 ], [ 88.129597293000074, 25.997003348000078 ], [ 88.12945731800005, 25.980193327000052 ], [ 88.119243634000043, 25.971585178000055 ], [ 88.124221258000034, 25.96636912200006 ], [ 88.115060704000086, 25.962477383000078 ], [ 88.122303630000033, 25.948063667000042 ], [ 88.112588521000077, 25.943451251000056 ], [ 88.111399160000076, 25.933325471000046 ], [ 88.095461390000082, 25.932271697000033 ], [ 88.08574236000004, 25.916805381000074 ], [ 88.09382639200004, 25.909889860000078 ], [ 88.089225001000045, 25.896296191000033 ], [ 88.102946068000051, 25.888894023000034 ], [ 88.093272439000032, 25.873780416000045 ], [ 88.101582187000076, 25.871975426000063 ], [ 88.100948564000078, 25.862292055000069 ], [ 88.107833491000065, 25.86971769400003 ], [ 88.112087834000079, 25.865151190000063 ], [ 88.109512819000031, 25.860198210000078 ], [ 88.113483863000056, 25.852397325000027 ], [ 88.100261310000064, 25.84344406200006 ], [ 88.108824149000043, 25.837702690000071 ], [ 88.10105197200005, 25.829041389000054 ], [ 88.111469037000063, 25.821705574000077 ], [ 88.106923014000074, 25.81512550900004 ], [ 88.119968762000042, 25.812553609000076 ], [ 88.114456696000047, 25.79831712400005 ], [ 88.144351860000086, 25.794026555000073 ], [ 88.141071902000078, 25.78061165500003 ], [ 88.148088294000047, 25.781490673000064 ], [ 88.147005334000085, 25.776393395000071 ], [ 88.150851962000047, 25.775663573000031 ], [ 88.159799171000031, 25.78764448000004 ], [ 88.173264949000043, 25.786593166000046 ], [ 88.18370427900004, 25.801976164000052 ], [ 88.193364656000085, 25.801675051000075 ], [ 88.199394075000043, 25.790077372000042 ], [ 88.209922345000052, 25.78696173000003 ], [ 88.214774194000086, 25.800656741000068 ], [ 88.230594579000069, 25.796413567000059 ], [ 88.233857407000073, 25.799680989000024 ], [ 88.229890774000069, 25.80289562300004 ], [ 88.236595558000033, 25.810122874000058 ], [ 88.246830507000084, 25.806079375000024 ], [ 88.248532901000033, 25.81350487800006 ], [ 88.259549765000031, 25.813964684000041 ], [ 88.269421212000054, 25.808334443000035 ], [ 88.271541367000054, 25.789651809000077 ], [ 88.266437075000056, 25.782593846000054 ], [ 88.278077812000049, 25.774414358000058 ], [ 88.290746866000063, 25.773837167000067 ], [ 88.288616829000034, 25.767998286000079 ], [ 88.314162470000042, 25.755086160000076 ], [ 88.320655585000054, 25.737513725000042 ], [ 88.337455416000068, 25.73771971900004 ], [ 88.34394780000008, 25.729527355000073 ], [ 88.358776866000085, 25.728134264000062 ], [ 88.356694554000057, 25.721405369000024 ], [ 88.374382722000064, 25.716924974000051 ], [ 88.373232727000072, 25.709530412000049 ], [ 88.369936142000086, 25.710229483000035 ], [ 88.371331189000045, 25.696579665000058 ], [ 88.391434937000042, 25.693606385000066 ], [ 88.390125397000077, 25.684094191000042 ], [ 88.404134764000048, 25.685579312000073 ], [ 88.401877171000081, 25.67263289400006 ], [ 88.453763554000034, 25.66496877000003 ], [ 88.456182, 25.628639001000067 ], [ 88.445, 25.615523 ], [ 88.449665222000078, 25.604580918000067 ], [ 88.444147008000073, 25.596975995000037 ], [ 88.458456048000073, 25.598678951000068 ], [ 88.470021942000074, 25.583163452000065 ], [ 88.480281411000078, 25.585752054000068 ], [ 88.482575059000055, 25.58229616400007 ], [ 88.48358077000006, 25.586574867000024 ], [ 88.49995685500005, 25.584040752000078 ], [ 88.493462437000062, 25.558867976000045 ], [ 88.499186292000047, 25.55872482500007 ], [ 88.500277879000066, 25.550843912000062 ], [ 88.508921036000061, 25.544254819000059 ], [ 88.518996316000084, 25.545157201000052 ], [ 88.518027275000065, 25.538646616000051 ], [ 88.523492187000045, 25.535218972000052 ], [ 88.527321611000048, 25.543543876000058 ], [ 88.533216880000055, 25.542137964000062 ], [ 88.532761983000057, 25.532290719000059 ], [ 88.539851635000048, 25.532890943000041 ], [ 88.539895580000064, 25.508401583000023 ], [ 88.545955930000048, 25.508590102000028 ], [ 88.552148164000073, 25.52081596000005 ], [ 88.556143851000058, 25.513993084000049 ], [ 88.595463001000041, 25.506102 ], [ 88.602591939000035, 25.516104924000047 ], [ 88.608977120000077, 25.516433729000028 ], [ 88.606736953000052, 25.508492094000076 ], [ 88.612969264000071, 25.509993758000064 ], [ 88.622423515000037, 25.497019780000073 ], [ 88.648461976000078, 25.496880218000058 ], [ 88.642654943000082, 25.492810644000031 ], [ 88.646864, 25.477937 ], [ 88.660135335000064, 25.481915669000045 ], [ 88.662944995000032, 25.473778806000041 ], [ 88.688009093000062, 25.475644983000052 ], [ 88.699316086000067, 25.471327938000059 ], [ 88.710308524000084, 25.480755289000058 ], [ 88.707482588000062, 25.499980793000077 ], [ 88.713256422000086, 25.500111421000042 ], [ 88.711879399000054, 25.496914051000033 ], [ 88.713809082000068, 25.495700525000075 ], [ 88.714515506000055, 25.499514871000031 ], [ 88.74224558700007, 25.505148710000071 ], [ 88.740460678000034, 25.489254642000049 ], [ 88.744150958000034, 25.488257648000058 ], [ 88.74862571400007, 25.49515486100006 ], [ 88.760069462000047, 25.493227001000037 ], [ 88.767300033000083, 25.497749504000069 ], [ 88.770022899000082, 25.503588305000051 ], [ 88.757468801000073, 25.509363179000047 ], [ 88.759831078000047, 25.525557370000058 ], [ 88.782310864000067, 25.51523998600004 ], [ 88.792317897000032, 25.522836386000051 ], [ 88.810467356000061, 25.523295449000045 ], [ 88.807876, 25.513227001000075 ], [ 88.813198235000073, 25.48922938100003 ], [ 88.829613899000037, 25.490358150000077 ], [ 88.83930063300005, 25.458243967000044 ], [ 88.826160906000041, 25.444606977000035 ], [ 88.82711977200006, 25.43748327000003 ], [ 88.834266366000065, 25.431822786000055 ], [ 88.834415969000077, 25.427543083000046 ], [ 88.828528928000082, 25.426155161000054 ], [ 88.82992162100004, 25.417065985000079 ], [ 88.818219866000049, 25.418216243000074 ], [ 88.812602894000065, 25.410518945000035 ], [ 88.823258958000054, 25.409658832000048 ], [ 88.823674012000083, 25.401174492000052 ], [ 88.837119373000064, 25.401895678000074 ], [ 88.840762433000066, 25.397271009000065 ], [ 88.836854909000067, 25.390619781000055 ], [ 88.841646516000083, 25.381746609000061 ], [ 88.838426178000077, 25.381511957000043 ], [ 88.837782325000035, 25.368146126000056 ], [ 88.840877680000062, 25.363885735000054 ], [ 88.854503444000045, 25.363176700000054 ], [ 88.854928187000041, 25.35475262600005 ], [ 88.868837757000051, 25.352294636000067 ], [ 88.866496710000035, 25.342975868000053 ], [ 88.884260836000067, 25.325841940000032 ], [ 88.88848273900004, 25.326213704000054 ], [ 88.887613922000071, 25.337196013000039 ], [ 88.90616979400005, 25.337773552000044 ], [ 88.906511187000035, 25.326933628000063 ], [ 88.915105212000071, 25.312495593000051 ], [ 88.92397875100005, 25.312075898000046 ], [ 88.92832230700003, 25.316801458000043 ], [ 88.929363507000062, 25.304223891000049 ], [ 88.957884026000045, 25.300879210000062 ], [ 88.961180976000037, 25.30596362700004 ], [ 88.971236898000086, 25.301073080000037 ], [ 88.975579144000051, 25.306222566000031 ], [ 88.985230748000049, 25.306045137000069 ], [ 88.982038107000051, 25.30297340900006 ], [ 88.985104097000033, 25.298722874000077 ], [ 89.000413094000066, 25.295133561000057 ], [ 89.00893854800006, 25.303065660000073 ], [ 89.008403687000055, 25.264385059000062 ], [ 88.986660035000057, 25.274545269000043 ], [ 88.982368498000085, 25.265232440000034 ], [ 88.956161029000043, 25.255158612000059 ], [ 88.950682714000038, 25.244764731000032 ], [ 88.951564507000057, 25.232578643000068 ], [ 88.961343508000084, 25.208515224000053 ], [ 88.944348098000034, 25.206222123000032 ], [ 88.936329797000042, 25.210596636000048 ], [ 88.933589835000078, 25.199663601000054 ], [ 88.938313063000066, 25.193545533000076 ], [ 88.947474944000078, 25.194569859000069 ], [ 88.943470851000086, 25.183162243000027 ], [ 88.949453782000035, 25.181308108000053 ], [ 88.948555407000072, 25.177873102000035 ], [ 88.940656965000073, 25.173560298000041 ], [ 88.933360551000078, 25.181810926000026 ], [ 88.923032141000078, 25.165110728000059 ], [ 88.911659783000061, 25.168269447000057 ], [ 88.910841168000047, 25.18018943900006 ], [ 88.890096928000048, 25.184819698000069 ], [ 88.889806723000049, 25.178489971000033 ], [ 88.87505681600004, 25.179161414000077 ], [ 88.874750449000032, 25.196233364000022 ], [ 88.864058840000041, 25.190141857000071 ], [ 88.864879244000065, 25.200751103000073 ], [ 88.851474512000038, 25.200646380000023 ], [ 88.847958687000073, 25.205388176000042 ], [ 88.85046535500004, 25.210274237000078 ], [ 88.843837551000036, 25.213901681000038 ], [ 88.830269187000056, 25.205376628000067 ], [ 88.827366187000052, 25.192141628000059 ], [ 88.817841652000084, 25.188659036000047 ], [ 88.813329405000047, 25.174367891000031 ], [ 88.80581283500004, 25.170619098000031 ], [ 88.773894233000078, 25.179667735000066 ], [ 88.769307767000043, 25.189944635000074 ], [ 88.766960279000045, 25.183322408000038 ], [ 88.758733469000049, 25.186791521000032 ], [ 88.749143701000037, 25.176735720000067 ], [ 88.750909960000058, 25.18319843200004 ], [ 88.734435930000075, 25.184713170000066 ], [ 88.732932623000067, 25.198837565000076 ], [ 88.724452185000075, 25.198770728000056 ], [ 88.711300410000035, 25.207742276000033 ], [ 88.679992187000039, 25.209058209000034 ], [ 88.678539189000048, 25.203101622000077 ], [ 88.669270187000052, 25.198198627000068 ], [ 88.642906242000038, 25.206475627000032 ], [ 88.628985188000058, 25.201632628000027 ], [ 88.612700940000082, 25.204213801000037 ], [ 88.597828187000061, 25.190894627000034 ], [ 88.590280477000078, 25.194783897000036 ], [ 88.591135187000077, 25.185496627000077 ], [ 88.58145309300005, 25.182513216000075 ], [ 88.579610149000075, 25.176909812000076 ], [ 88.565550230000042, 25.175200312000072 ], [ 88.555887196000072, 25.179198629000041 ], [ 88.559747006000066, 25.184488345000034 ], [ 88.557452939000086, 25.192762688000073 ], [ 88.548248840000042, 25.195487042000025 ], [ 88.533928457000059, 25.187778883000078 ], [ 88.53263671600007, 25.193742180000072 ], [ 88.537924137000061, 25.197867471000052 ], [ 88.499929825000038, 25.203523175000043 ], [ 88.499294931000065, 25.210204207000061 ], [ 88.475408667000067, 25.21344137400007 ], [ 88.469536634000065, 25.200849774000062 ], [ 88.47203446900005, 25.197582024000042 ], [ 88.463569170000085, 25.194935106000059 ], [ 88.440470015000074, 25.200890612000023 ], [ 88.437253712000086, 25.198699375000047 ], [ 88.441715110000075, 25.210497223000061 ], [ 88.435374944000046, 25.199668235000047 ], [ 88.443445777000079, 25.195242202000031 ], [ 88.445704680000063, 25.179451363000055 ], [ 88.441753992000031, 25.173569539000027 ], [ 88.449196820000054, 25.171963392000066 ], [ 88.452121220000038, 25.163947776000043 ], [ 88.457652187000065, 25.164646627000025 ], [ 88.457104186000038, 25.15276362000003 ], [ 88.462128187000076, 25.149737627000036 ], [ 88.457137188000047, 25.147579628000074 ], [ 88.461065187000031, 25.144118626000079 ], [ 88.460421186000076, 25.138515627000061 ], [ 88.456847187000051, 25.139191628000049 ], [ 88.459289718000036, 25.135321425000029 ], [ 88.441367255000046, 25.127865935000045 ], [ 88.442009796000036, 25.115049866000049 ], [ 88.447631310000077, 25.109772107000026 ], [ 88.443982470000037, 25.09980213800003 ], [ 88.446019799000055, 25.083008628000073 ], [ 88.452699761000076, 25.079182655000068 ], [ 88.435029320000069, 25.055968 ], [ 88.437800893000031, 25.042813955000042 ], [ 88.452653187000067, 25.037146627000027 ], [ 88.438481187000036, 25.022283627000036 ], [ 88.442061187000036, 25.012750627000059 ], [ 88.435139184000036, 25.013351625000041 ], [ 88.436421177000057, 25.006493625000076 ], [ 88.427242187000047, 25.007755627000051 ], [ 88.42712991500008, 25.01296006900003 ], [ 88.425238679000074, 25.01625251300004 ], [ 88.420564583000044, 24.999435885000025 ], [ 88.411889411000061, 24.998677425000039 ], [ 88.411746118000053, 24.985342512000045 ], [ 88.418918059000077, 24.98459351200006 ], [ 88.412180677000038, 24.982303278000074 ], [ 88.41736903900005, 24.974513344000059 ], [ 88.41021144900003, 24.973498814000038 ], [ 88.405125183000052, 24.979823950000025 ], [ 88.405236033000051, 24.973148425000034 ], [ 88.395226819000072, 24.969169960000045 ], [ 88.39341887300003, 24.960227537000037 ], [ 88.39912797900007, 24.959110073000033 ], [ 88.401856599000041, 24.950754614000061 ], [ 88.398987232000081, 24.945242002000043 ], [ 88.380560080000066, 24.939279980000038 ], [ 88.366253547000042, 24.944916704000036 ], [ 88.363730496000073, 24.953442973000051 ], [ 88.354425272000071, 24.941927029000055 ], [ 88.350054053000065, 24.94492546400005 ], [ 88.34042719100006, 24.940407618000052 ], [ 88.338291187000038, 24.926870626000039 ], [ 88.334223187000077, 24.926736627000025 ], [ 88.336607187000084, 24.91875262700006 ], [ 88.324228185000038, 24.916235627000049 ], [ 88.32767775700006, 24.904301910000072 ], [ 88.334154082000055, 24.904574988000036 ], [ 88.332405188000052, 24.897429628000054 ], [ 88.343593187000067, 24.899785628000075 ], [ 88.347140187000036, 24.892456628000048 ], [ 88.330305187000079, 24.870182628000066 ], [ 88.317758408000032, 24.883928984000079 ], [ 88.301853742000048, 24.871861825000053 ], [ 88.297984798000073, 24.880819052000049 ], [ 88.301878587000033, 24.885962677000066 ], [ 88.29134867700003, 24.889529249000077 ], [ 88.285535592000031, 24.886542835000057 ], [ 88.281222530000036, 24.890896500000053 ], [ 88.277990341000077, 24.888176449000071 ], [ 88.276134974000058, 24.897867002000055 ], [ 88.268971107000084, 24.891353687000048 ], [ 88.267125277000048, 24.878348653000046 ], [ 88.25715851800004, 24.877962645000025 ], [ 88.264156315000037, 24.899936750000052 ], [ 88.26103782000007, 24.917744528000071 ], [ 88.223839260000034, 24.961778528000025 ], [ 88.20639350700003, 24.961324060000038 ], [ 88.189763257000038, 24.951714516000038 ], [ 88.183703473000037, 24.954088103000061 ], [ 88.175205847000086, 24.946342220000076 ], [ 88.170156140000074, 24.950413600000047 ], [ 88.164491941000051, 24.941446464000023 ], [ 88.157690954000032, 24.941632946000027 ], [ 88.157371557000033, 24.933507444000043 ], [ 88.13789451100007, 24.936307031000069 ], [ 88.139993289000074, 24.914024948000076 ], [ 88.148932483000067, 24.911098663000075 ], [ 88.162081527000055, 24.892963694000059 ], [ 88.168925737000052, 24.892976760000067 ], [ 88.168560846000048, 24.888291937000076 ], [ 88.157686147000049, 24.892383111000072 ], [ 88.152584898000043, 24.884446951000029 ], [ 88.16364303000006, 24.877989673000059 ], [ 88.158998550000035, 24.871950445000039 ], [ 88.165851720000035, 24.863414354000042 ], [ 88.175257610000074, 24.863355680000041 ], [ 88.175022378000051, 24.86021921400004 ], [ 88.162042350000036, 24.858241061000058 ], [ 88.16370794200003, 24.850681346000044 ], [ 88.160223048000034, 24.848508035000066 ], [ 88.145273733000067, 24.851393346000066 ], [ 88.140984156000059, 24.83442388900005 ], [ 88.132200739000041, 24.836137442000052 ], [ 88.136421828000039, 24.805339440000068 ], [ 88.130594342000052, 24.804809162000026 ], [ 88.123493542000062, 24.823160969000071 ], [ 88.111192992000042, 24.813107979000051 ], [ 88.105469615000061, 24.801138131000073 ], [ 88.106064080000067, 24.779700505000051 ], [ 88.088958062000074, 24.782991263000042 ], [ 88.077844773000038, 24.769136941000056 ], [ 88.072420346000058, 24.773014172000046 ], [ 88.06827105900004, 24.769230260000029 ], [ 88.07448284000003, 24.760855163000031 ], [ 88.065674444000081, 24.750757743000065 ], [ 88.072392502000071, 24.743686666000031 ], [ 88.062112950000085, 24.72091583200006 ], [ 88.008614373000057, 24.667818025000031 ], [ 88.036241981000046, 24.645829151000044 ], [ 88.069189288000075, 24.603350858000056 ], [ 88.095352221000041, 24.558505515000036 ], [ 88.141564748000064, 24.510738465000031 ], [ 88.173278513000071, 24.493252874000063 ], [ 88.191360479000082, 24.46845692900007 ], [ 88.203484562000085, 24.459996481000076 ], [ 88.272057354000083, 24.440576250000049 ], [ 88.284882548000041, 24.422305460000075 ], [ 88.333889012000043, 24.381516876000035 ], [ 88.356933999000034, 24.373695124000051 ], [ 88.388571751000086, 24.371491396000067 ], [ 88.42566531500006, 24.383243532000051 ], [ 88.444972514000085, 24.378910590000032 ], [ 88.509116138000081, 24.343270866000069 ], [ 88.526491993000036, 24.344767469000033 ], [ 88.555067862000044, 24.293414609000024 ], [ 88.570048377000035, 24.327074789000051 ], [ 88.587054794000039, 24.325377802000048 ], [ 88.58774022700004, 24.314591310000026 ], [ 88.60079034000006, 24.31074084200003 ], [ 88.60610599000006, 24.31029529500006 ], [ 88.606706437000071, 24.315276500000039 ], [ 88.623474546000068, 24.315524086000039 ], [ 88.629564469000059, 24.306002450000051 ], [ 88.648690143000067, 24.311535520000064 ], [ 88.652447582000036, 24.305176706000054 ], [ 88.658677939000086, 24.315028285000039 ], [ 88.698794471000042, 24.313680822000038 ], [ 88.722209575000079, 24.300466880000045 ], [ 88.735403086000076, 24.279074642000069 ], [ 88.740319983000063, 24.252135699000064 ], [ 88.731317801000046, 24.173327027000028 ], [ 88.746094435000032, 24.146976434000067 ], [ 88.707081637000044, 24.119278005000069 ], [ 88.698679869000046, 24.120655087000046 ], [ 88.708986448000076, 24.092420521000065 ], [ 88.721004814000082, 24.079797323000037 ], [ 88.72445539000006, 24.068281130000059 ], [ 88.733831724000083, 24.066723153000055 ], [ 88.742508106000059, 24.055393388000027 ], [ 88.741790321000053, 24.048446603000059 ], [ 88.723828507000064, 24.047396577000029 ], [ 88.725273186000038, 24.040955267000072 ], [ 88.740838149000069, 24.035894916000075 ], [ 88.728978458000086, 23.994210946000067 ], [ 88.736744858000066, 23.995568522000042 ], [ 88.746036980000042, 24.00664567900003 ], [ 88.757908991000079, 24.006977276000043 ], [ 88.763068234000059, 24.004556549000029 ], [ 88.76944418000005, 23.982068574000039 ], [ 88.737850105000064, 23.983237681000048 ], [ 88.732408941000074, 23.961267727000063 ], [ 88.742457943000034, 23.951144670000076 ], [ 88.738768252000057, 23.949686308000025 ], [ 88.74333779300008, 23.929787477000048 ], [ 88.734942386000057, 23.933046909000041 ], [ 88.733401333000074, 23.911088532000065 ], [ 88.722975950000034, 23.916441023000061 ], [ 88.712984833000064, 23.912602069000059 ], [ 88.706322902000068, 23.916395341000054 ], [ 88.699285109000073, 23.910239971000067 ], [ 88.70525583400007, 23.900225036000052 ], [ 88.688395211000056, 23.901591521000057 ], [ 88.682901818000062, 23.88871586700003 ], [ 88.664273150000042, 23.882501672000046 ], [ 88.66755506100003, 23.869615860000067 ], [ 88.661022150000065, 23.870876091000071 ], [ 88.654179997000085, 23.865580228000056 ], [ 88.637285204000079, 23.871607664000067 ], [ 88.627120135000041, 23.865148567000062 ], [ 88.62520218800006, 23.874918682000043 ], [ 88.617563256000039, 23.876879544000076 ], [ 88.608790254000041, 23.873056559000077 ], [ 88.608343163000086, 23.862950666000074 ], [ 88.587683681000044, 23.871775350000064 ], [ 88.581995642000038, 23.862520214000028 ], [ 88.575480319000064, 23.861822158000052 ], [ 88.578382556000065, 23.850738961000047 ], [ 88.584399251000036, 23.85489364600005 ], [ 88.591110138000033, 23.852609575000031 ], [ 88.586443262000046, 23.831147544000032 ], [ 88.602015161000054, 23.817010626000069 ], [ 88.594644684000059, 23.808859875000053 ], [ 88.589475915000037, 23.813681300000042 ], [ 88.585077282000043, 23.813788235000061 ], [ 88.596134237000058, 23.80503456200006 ], [ 88.592345072000057, 23.804564692000042 ], [ 88.591889152000078, 23.797871558000054 ], [ 88.581037269000035, 23.796979555000064 ], [ 88.577956249000067, 23.786733683000023 ], [ 88.556053495000072, 23.78462595600007 ], [ 88.562519759000054, 23.778353416000073 ], [ 88.579537612000081, 23.774799398000027 ], [ 88.580969194000033, 23.760574751000036 ], [ 88.570140092000031, 23.748219482000025 ], [ 88.572008071000084, 23.733821703000046 ], [ 88.575168413000085, 23.738782086000072 ], [ 88.576279170000078, 23.733259199000031 ], [ 88.569123390000073, 23.727656787000058 ], [ 88.56470359900004, 23.712097583000059 ], [ 88.567593024000075, 23.686243027000046 ], [ 88.572982503000048, 23.685130150000077 ], [ 88.574873257000036, 23.677134620000061 ], [ 88.573834491000071, 23.667046179000067 ], [ 88.558270608000043, 23.649230768000052 ], [ 88.563760196000032, 23.64533437700004 ], [ 88.562371987000063, 23.637109438000039 ], [ 88.593777555000031, 23.640900217000024 ], [ 88.594212283000047, 23.61696739000007 ], [ 88.585334044000035, 23.616532795000069 ], [ 88.580390402000035, 23.602798126000039 ], [ 88.597240571000043, 23.602045257000043 ], [ 88.597189144000083, 23.606221601000072 ], [ 88.606290240000078, 23.61047211500005 ], [ 88.601646545000051, 23.606871933000036 ], [ 88.609150499000066, 23.604712183000061 ], [ 88.605228666000073, 23.601835110000025 ], [ 88.60570188500003, 23.600240873000075 ], [ 88.621056942000052, 23.602719809000064 ], [ 88.629403789000037, 23.609035003000031 ], [ 88.63639532500008, 23.607285624000042 ], [ 88.637726146000034, 23.611023096000054 ], [ 88.646111583000049, 23.609160624000026 ], [ 88.638692943000081, 23.590849348000063 ], [ 88.644536448000053, 23.59157880600003 ], [ 88.650555266000083, 23.585300626000048 ], [ 88.65379822400007, 23.556411558000036 ], [ 88.659522226000036, 23.549237654000024 ], [ 88.674223246000054, 23.548103583000056 ], [ 88.682914106000055, 23.541847666000024 ], [ 88.684404240000049, 23.529590640000038 ], [ 88.691343115000052, 23.531017577000057 ], [ 88.691265163000082, 23.524762665000026 ], [ 88.696340238000062, 23.525065587000029 ], [ 88.695558207000033, 23.517304614000068 ], [ 88.705860236000035, 23.516962634000038 ], [ 88.713715253000032, 23.508595651000064 ], [ 88.724514162000048, 23.512153601000023 ], [ 88.730724155000075, 23.502583659000038 ], [ 88.729312603000039, 23.496237875000077 ], [ 88.742670477000047, 23.486711442000058 ], [ 88.741434397000035, 23.479747534000069 ], [ 88.745889858000055, 23.483693979000066 ], [ 88.760830266000085, 23.478719698000077 ], [ 88.755892152000058, 23.48705969100007 ], [ 88.761493107000035, 23.490750579000064 ], [ 88.767710132000047, 23.481214654000041 ], [ 88.774635261000071, 23.480206647000045 ], [ 88.767652130000045, 23.488375650000023 ], [ 88.770284215000061, 23.497594571000036 ], [ 88.786521570000048, 23.507194681000044 ], [ 88.78521231700006, 23.498033460000045 ], [ 88.792203737000079, 23.503159614000026 ], [ 88.800793166000062, 23.497288345000072 ], [ 88.794608050000079, 23.485835233000046 ], [ 88.800970868000036, 23.486321768000039 ], [ 88.800172935000035, 23.482267948000072 ], [ 88.787475716000074, 23.469876831000079 ], [ 88.791973311000049, 23.463592853000023 ], [ 88.789196208000078, 23.448008156000071 ], [ 88.795424161000085, 23.443103475000044 ], [ 88.785405467000032, 23.444873255000061 ], [ 88.780297325000049, 23.43774714500006 ], [ 88.77297177500003, 23.448846949000028 ], [ 88.763860395000052, 23.448046384000065 ], [ 88.761552836000078, 23.427113101000032 ], [ 88.754378250000059, 23.416517948000035 ], [ 88.760656997000069, 23.409197842000026 ], [ 88.749467528000082, 23.400912253000058 ], [ 88.754316915000061, 23.395191670000031 ], [ 88.752744360000065, 23.389336163000053 ], [ 88.758928195000067, 23.38476118400007 ], [ 88.762858319000031, 23.387334459000044 ], [ 88.758586294000054, 23.373863146000076 ], [ 88.765415167000072, 23.367349685000079 ], [ 88.757444145000079, 23.359755681000024 ], [ 88.747691130000078, 23.36223370600004 ], [ 88.743545105000067, 23.354306606000023 ], [ 88.74599111200007, 23.349015613000063 ], [ 88.732079165000073, 23.352244658000075 ], [ 88.739023237000083, 23.343160687000022 ], [ 88.733002180000085, 23.327694566000048 ], [ 88.743821205000074, 23.327981562000048 ], [ 88.749688202000073, 23.321409648000042 ], [ 88.745502112000054, 23.307786707000048 ], [ 88.73924820600007, 23.304838625000059 ], [ 88.731359159000078, 23.308400598000048 ], [ 88.730261130000031, 23.319792610000036 ], [ 88.724918169000034, 23.318021682000051 ], [ 88.725620238000033, 23.298702569000056 ], [ 88.719229204000044, 23.297811572000057 ], [ 88.719919202000085, 23.303563568000072 ], [ 88.714377257000081, 23.305923577000044 ], [ 88.706680154000082, 23.303911585000037 ], [ 88.710783263000053, 23.312909560000037 ], [ 88.696191208000073, 23.302177706000066 ], [ 88.697382109000046, 23.292038621000074 ], [ 88.709360184000047, 23.28958758400006 ], [ 88.711540149000086, 23.278036651000036 ], [ 88.724187267000048, 23.272060689000057 ], [ 88.718756130000031, 23.255148691000045 ], [ 88.752058888000079, 23.239995176000036 ], [ 88.759983668000075, 23.245818298000074 ], [ 88.76945911200005, 23.244912012000043 ], [ 88.778014447000032, 23.236062859000072 ], [ 88.773235280000051, 23.231122833000029 ], [ 88.77437063900004, 23.224528184000064 ], [ 88.789746324000077, 23.21844395200003 ], [ 88.81145183600006, 23.221677372000045 ], [ 88.805890799000053, 23.237931746000072 ], [ 88.81152207100007, 23.256187565000062 ], [ 88.829120394000086, 23.244831624000028 ], [ 88.824126208000052, 23.233879611000077 ], [ 88.836595127000066, 23.243815686000062 ], [ 88.844517864000068, 23.230684004000068 ], [ 88.850986467000041, 23.230954802000042 ], [ 88.853737359000036, 23.236444213000027 ], [ 88.861176343000068, 23.231783332000077 ], [ 88.873287063000078, 23.234487219000073 ], [ 88.886012571000037, 23.226078617000042 ], [ 88.886688354000057, 23.231544291000034 ], [ 88.906780267000045, 23.236051984000028 ], [ 88.916875343000072, 23.223463723000066 ], [ 88.91463212900004, 23.213504467000064 ], [ 88.920976004000067, 23.216449012000055 ], [ 88.916645244000051, 23.219962417000033 ], [ 88.926582844000052, 23.218018393000023 ], [ 88.929316309000058, 23.21172140300007 ], [ 88.942623257000037, 23.206179714000029 ], [ 88.963984237000034, 23.214724662000037 ], [ 88.970811987000047, 23.22272306900004 ], [ 88.978536442000063, 23.215099444000032 ], [ 88.97598140100007, 23.22454932900007 ], [ 88.981252152000081, 23.222245255000075 ], [ 88.979496919000042, 23.215991987000052 ], [ 88.98262193000005, 23.221956826000053 ], [ 88.995821043000035, 23.215008691000037 ], [ 88.995673672000066, 23.210535149000066 ], [ 88.986296253000035, 23.215568673000064 ], [ 88.979892144000075, 23.212366618000033 ], [ 88.987688194000043, 23.20275158000004 ], [ 88.97892306500006, 23.190914446000022 ], [ 88.980102553000052, 23.182600856000079 ], [ 88.976005978000046, 23.18193804200007 ], [ 88.97435478400007, 23.192927369000074 ], [ 88.966498589000082, 23.193776856000056 ], [ 88.958705609000049, 23.190645467000024 ], [ 88.956719022000073, 23.182444617000044 ], [ 88.938874147000035, 23.177374410000027 ], [ 88.934150288000069, 23.161838154000066 ], [ 88.927570775000049, 23.16273891700007 ], [ 88.932398582000076, 23.154284396000037 ], [ 88.930747293000081, 23.143095269000071 ], [ 88.923276093000084, 23.145357777000072 ], [ 88.917920010000046, 23.129174699000032 ], [ 88.910321510000074, 23.129897218000053 ], [ 88.899725058000058, 23.111352587000056 ], [ 88.891282677000049, 23.107801083000027 ], [ 88.88266703100004, 23.111227912000061 ], [ 88.883492912000065, 23.104615610000053 ], [ 88.868717215000061, 23.100992555000062 ], [ 88.874513696000065, 23.090024694000078 ], [ 88.860968350000064, 23.077404285000057 ], [ 88.874071896000032, 23.065878620000035 ], [ 88.874893966000059, 23.044466078000028 ], [ 88.884125841000071, 23.040346109000041 ], [ 88.880875796000055, 23.025781647000031 ], [ 88.872153172000083, 23.016924610000046 ], [ 88.879971141000055, 23.006928686000037 ], [ 88.876985171000058, 23.003196560000049 ], [ 88.844903269000042, 23.009240583000064 ], [ 88.85185320800008, 23.001985711000032 ], [ 88.865318233000039, 23.000904614000035 ], [ 88.864785144000052, 22.986992665000059 ], [ 88.871128233000036, 22.978858700000046 ], [ 88.85594324200008, 22.965663570000061 ], [ 88.859516112000051, 22.942686595000055 ], [ 88.868754143000046, 22.951125664000074 ], [ 88.875951180000072, 22.948573710000062 ], [ 88.879337134000082, 22.954264686000045 ], [ 88.893969254000069, 22.952409603000035 ], [ 88.892455147000078, 22.937658627000076 ], [ 88.887087209000072, 22.933609665000063 ], [ 88.890583133000064, 22.927628674000061 ], [ 88.908159147000049, 22.919674584000063 ], [ 88.90485818500008, 22.914383592000036 ], [ 88.895356124000045, 22.913753607000046 ], [ 88.901260169000068, 22.906224646000055 ], [ 88.89800419900007, 22.897884637000061 ], [ 88.907605699000044, 22.893125538000049 ], [ 88.905433333000076, 22.885843525000041 ], [ 88.90936109200004, 22.879908906000026 ], [ 88.918432797000037, 22.877266733000056 ], [ 88.923256819000073, 22.880618535000053 ], [ 88.929304781000042, 22.872090353000033 ], [ 88.945283863000043, 22.880810972000063 ], [ 88.968522260000043, 22.844968693000055 ], [ 88.962996239000063, 22.818821679000052 ], [ 88.956605216000071, 22.81220789300005 ], [ 88.956314337000038, 22.808707584000047 ], [ 88.961039630000073, 22.809412988000076 ], [ 88.958759360000045, 22.797250678000069 ], [ 88.949558246000038, 22.797332814000072 ], [ 88.942656597000052, 22.790854110000055 ], [ 88.937397603000079, 22.79301926200003 ], [ 88.935677177000059, 22.783000911000045 ], [ 88.925153937000061, 22.779364346000023 ], [ 88.926401497000086, 22.769448318000059 ], [ 88.918249070000059, 22.769741717000045 ], [ 88.911540454000033, 22.757252471000072 ], [ 88.920515402000035, 22.753080849000071 ], [ 88.916327436000074, 22.736736368000038 ], [ 88.927845510000054, 22.718209444000024 ], [ 88.955984625000042, 22.703937599000028 ], [ 88.962313361000042, 22.694466328000033 ], [ 88.962248129000045, 22.68492589400006 ], [ 88.955461035000042, 22.68515883200007 ], [ 88.948644523000041, 22.67845281600006 ], [ 88.945030941000084, 22.662275145000024 ], [ 88.935326509000049, 22.658935360000044 ], [ 88.933092177000049, 22.651741437000055 ], [ 88.926109671000063, 22.652113080000049 ], [ 88.934534319000079, 22.618116468000039 ], [ 88.955822998000031, 22.621078940000075 ], [ 88.960330106000072, 22.61607159700003 ], [ 88.939039580000042, 22.590848233000031 ], [ 88.937631679000049, 22.560147703000041 ], [ 88.960616113000071, 22.550271705000057 ], [ 88.97638616100005, 22.494300709000072 ], [ 88.996204166000041, 22.469406624000044 ], [ 88.98982922600004, 22.444897603000072 ], [ 89.000087166000071, 22.429581686000063 ], [ 88.97234323400005, 22.411278627000058 ], [ 88.990354229000047, 22.39209640100006 ], [ 88.983294191000084, 22.374726658000043 ], [ 88.989509204000058, 22.364417586000059 ], [ 88.984773261000043, 22.326188563000073 ], [ 88.989607105000061, 22.322241693000024 ], [ 89.000153215000068, 22.32376954700004 ], [ 89.024373229000048, 22.29582361100006 ], [ 88.998797191000051, 22.296612682000045 ], [ 88.995978189000084, 22.285745546000044 ], [ 89.018698176000044, 22.269936606000044 ], [ 89.015123128000084, 22.253800605000038 ], [ 89.033150254000077, 22.258509558000071 ], [ 89.039619239000046, 22.22820160200007 ], [ 89.070735210000066, 22.196899552000048 ], [ 89.063046155000052, 22.169698600000061 ], [ 89.07140811000005, 22.148553573000072 ], [ 89.076835224000035, 22.147685711000065 ], [ 89.089500112000053, 22.159632604000024 ], [ 89.098032219000061, 22.15508961300003 ], [ 89.092409136000072, 22.144565631000035 ], [ 89.052674222000064, 22.120745603000046 ], [ 89.039936242000067, 22.102491663000023 ], [ 89.043119895000075, 22.075716503000024 ], [ 89.039474487000064, 22.06413841400007 ], [ 89.043693542000085, 22.049110412000061 ], [ 89.03366851800007, 22.045804978000035 ], [ 89.04538726800007, 22.042444229000068 ], [ 89.076407070000073, 21.997500776000038 ], [ 89.077299120000077, 21.980656981000038 ], [ 89.063616960000047, 21.936538980000023 ], [ 89.030832120000071, 21.925229041000023 ], [ 89.007469177000075, 21.940221788000031 ], [ 89.002830505000077, 21.952333451000072 ], [ 89.018753052000079, 21.96819496300003 ], [ 89.01911163300008, 21.97611045900004 ], [ 88.994529724000074, 21.950805664000029 ], [ 88.99622344900007, 21.940805435000073 ], [ 89.018661960000031, 21.923694991000048 ], [ 89.016707160000067, 21.899402011000063 ], [ 88.993331910000052, 21.904582977000075 ], [ 88.98574829100005, 21.895555496000043 ], [ 88.987503052000079, 21.887916565000069 ], [ 89.032081604000041, 21.863193513000056 ], [ 89.03455352800006, 21.852333069000053 ], [ 89.023719787000061, 21.845638275000056 ], [ 89.033691406000059, 21.839000703000067 ], [ 89.029502869000055, 21.820693970000036 ], [ 89.022468567000033, 21.813611984000033 ], [ 89.002029419000053, 21.809028626000043 ], [ 89.020835877000081, 21.810249328000054 ], [ 89.017829895000034, 21.79066658000005 ], [ 89.025390625000057, 21.755722046000074 ], [ 89.060363769000048, 21.72816658000005 ], [ 89.060806275000061, 21.721082687000035 ], [ 89.053695679000043, 21.720666885000071 ], [ 89.067916870000033, 21.714805603000059 ], [ 89.075332641000045, 21.701528550000035 ], [ 89.071197510000047, 21.687360763000072 ], [ 89.077445983000075, 21.68694496300003 ], [ 89.08161163300008, 21.677778244000024 ], [ 89.088279724000074, 21.679416658000036 ], [ 89.091224670000031, 21.675693512000066 ], [ 89.09955596900005, 21.637332917000037 ], [ 89.072418213000049, 21.613611221000042 ], [ 89.057418823000035, 21.61194419800006 ], [ 89.03125, 21.634000778000029 ], [ 89.03121948200004, 21.654832841000029 ], [ 89.01997375500008, 21.660305024000024 ], [ 89.017860413000051, 21.655666351000036 ], [ 89.027053833000082, 21.649833679000039 ], [ 89.027000427000075, 21.629028322000067 ], [ 89.042053223000039, 21.618165970000064 ], [ 89.041221619000055, 21.610666275000028 ], [ 89.026641846000075, 21.598638534000031 ], [ 89.004081726000038, 21.599416733000055 ], [ 89.0, 21.619472503000054 ], [ 88.984947205000083, 21.608722687000068 ], [ 88.972503662000065, 21.608749390000071 ], [ 88.95747375500008, 21.617082595000056 ], [ 88.940414429000043, 21.644971847000022 ], [ 88.949554443000068, 21.662471771000071 ], [ 88.944747925000058, 21.665750503000027 ], [ 88.937858582000047, 21.665027618000067 ], [ 88.92622375500008, 21.632472992000032 ], [ 88.919998169000053, 21.630361558000061 ], [ 88.886253357000044, 21.658277511000051 ], [ 88.887054443000068, 21.668306350000023 ], [ 88.872085571000071, 21.70580482500003 ], [ 88.885391235000043, 21.743278505000035 ], [ 88.878753662000065, 21.765832902000056 ], [ 88.859970093000072, 21.777055740000037 ], [ 88.839164734000065, 21.777055740000037 ], [ 88.831863403000057, 21.76774978800006 ], [ 88.834968566000043, 21.762083053000026 ], [ 88.867080688000044, 21.757472993000079 ], [ 88.867080688000044, 21.751693725000052 ], [ 88.851196289000086, 21.734138490000078 ], [ 88.842918396000073, 21.709972382000046 ], [ 88.847030640000071, 21.672472 ], [ 88.864608765000071, 21.635805131000041 ], [ 88.849975586000085, 21.622888565000039 ], [ 88.846252441000047, 21.638305664000029 ], [ 88.844558716000051, 21.625833512000042 ], [ 88.850440979000041, 21.620832445000076 ], [ 88.849136353000063, 21.616193771000042 ], [ 88.817474365000066, 21.623722076000035 ], [ 88.813697815000069, 21.63500022900007 ], [ 88.809555054000043, 21.634138108000059 ], [ 88.826248169000053, 21.659111024000026 ], [ 88.81866455100004, 21.68391609300005 ], [ 88.81208038300008, 21.683305740000037 ], [ 88.811248779000039, 21.660833358000048 ], [ 88.800804139000036, 21.654582978000064 ], [ 88.790802002000078, 21.655389785000068 ], [ 88.791664124000079, 21.660417558000063 ], [ 88.761695862000067, 21.662055971000029 ], [ 88.75330352800006, 21.669555664000029 ], [ 88.758720398000037, 21.660833358000048 ], [ 88.751640320000035, 21.658721925000066 ], [ 88.722503662000065, 21.67788887100005 ], [ 88.712028503000056, 21.691638946000069 ], [ 88.697914123000032, 21.742500305000078 ], [ 88.712059021000073, 21.776638031000061 ], [ 88.713722229000041, 21.803304673000071 ], [ 88.722030640000071, 21.804193497000028 ], [ 88.711639405000085, 21.807916642000066 ], [ 88.707054138000046, 21.815805435000073 ], [ 88.709136963000049, 21.82536125300004 ], [ 88.719169617000034, 21.825387955000053 ], [ 88.708305359000065, 21.827054978000035 ], [ 88.704170227000077, 21.821222307000028 ], [ 88.697891235000043, 21.839138031000061 ], [ 88.708358765000071, 21.852916719000063 ], [ 88.720390320000035, 21.852500915000064 ], [ 88.706665039000086, 21.854583742000045 ], [ 88.70163726800007, 21.844554901000038 ], [ 88.700363159000062, 21.856666565000069 ], [ 88.713752747000058, 21.881639480000047 ], [ 88.717857361000085, 21.902471542000058 ], [ 88.721641540000064, 21.905416488000071 ], [ 88.72791290300006, 21.899972916000024 ], [ 88.719581604000041, 21.913305283000057 ], [ 88.722030640000071, 21.926639557000044 ], [ 88.730445862000067, 21.930110931000058 ], [ 88.723724366000056, 21.940834045000031 ], [ 88.72702789300007, 21.975000382000076 ], [ 88.751640320000035, 21.976222993000079 ], [ 88.75830841100003, 21.967889787000047 ], [ 88.753753662000065, 21.981637956000043 ], [ 88.764556885000047, 21.995805740000037 ], [ 88.762802124000075, 22.010723114000029 ], [ 88.778640747000054, 22.014055253000038 ], [ 88.762832642000035, 22.018249513000058 ], [ 88.751113891000045, 22.045722961000024 ], [ 88.762802124000075, 22.049888611000029 ], [ 88.749443054000039, 22.054056167000056 ], [ 88.756942749000075, 22.069915773000048 ], [ 88.754859925000062, 22.075332641000045 ], [ 88.726524354000048, 22.052804948000073 ], [ 88.709053040000072, 22.058666230000028 ], [ 88.704475402000071, 22.070749282000065 ], [ 88.698249817000033, 22.074499131000039 ], [ 88.690666199000077, 22.074499131000039 ], [ 88.685302734000061, 22.067388536000067 ], [ 88.691497803000061, 22.051971435000041 ], [ 88.735305786000083, 22.029888154000048 ], [ 88.737831116000052, 22.010694504000071 ], [ 88.719886779000035, 22.002805711000065 ], [ 88.714889527000082, 22.006139755000049 ], [ 88.704887390000067, 22.003639221000071 ], [ 88.677360534000059, 22.020334245000072 ], [ 88.663635254000042, 22.020750046000046 ], [ 88.65616607700008, 22.064083099000072 ], [ 88.649917602000073, 22.072805404000064 ], [ 88.639053345000036, 22.076194764000036 ], [ 88.626167298000041, 22.061582567000073 ], [ 88.62780761700003, 22.049055100000032 ], [ 88.637802124000075, 22.039888383000061 ], [ 88.619079590000069, 22.017833710000048 ], [ 88.603225708000082, 22.018611909000072 ], [ 88.603668213000049, 22.030776979000052 ], [ 88.598640442000033, 22.030694962000041 ], [ 88.600303650000058, 22.017389298000069 ], [ 88.61360931400003, 22.012443543000074 ], [ 88.601249695000035, 21.964971542000058 ], [ 88.617919922000056, 21.938304902000027 ], [ 88.616638184000067, 21.929527284000073 ], [ 88.60788726800007, 21.933361053000056 ], [ 88.581192017000035, 21.965000152000073 ], [ 88.581275940000069, 21.977500917000043 ], [ 88.578720093000072, 21.975805284000046 ], [ 88.580390930000078, 21.954166414000042 ], [ 88.594947815000069, 21.947082520000038 ], [ 88.613723754000034, 21.920804979000025 ], [ 88.607086181000057, 21.904972078000071 ], [ 88.585830689000034, 21.888721467000039 ], [ 88.579559327000084, 21.893304826000076 ], [ 88.577888489000031, 21.904167175000055 ], [ 88.57077789300007, 21.907054901000038 ], [ 88.579559327000084, 21.888305664000029 ], [ 88.575416565000069, 21.880832672000054 ], [ 88.576248169000053, 21.857500077000054 ], [ 88.563751221000075, 21.830833435000045 ], [ 88.559974671000077, 21.82708358900004 ], [ 88.554946899000072, 21.830389022000077 ], [ 88.554969788000051, 21.815361024000026 ], [ 88.534614563000048, 21.840000154000052 ], [ 88.53455352800006, 21.846639633000052 ], [ 88.546195984000065, 21.855833055000062 ], [ 88.543746948000035, 21.867500306000068 ], [ 88.552085876000035, 21.875778198000035 ], [ 88.541191101000038, 21.87083244300004 ], [ 88.541252136000082, 21.863332748000062 ], [ 88.526611328000058, 21.852056505000064 ], [ 88.49958038300008, 21.875804902000027 ], [ 88.501251221000075, 21.888305664000029 ], [ 88.527885437000066, 21.919137956000043 ], [ 88.527885437000066, 21.935832977000075 ], [ 88.518302917000085, 21.947916031000034 ], [ 88.5, 21.955415727000059 ], [ 88.511253357000044, 21.938278198000035 ], [ 88.504608154000039, 21.914138794000053 ], [ 88.482444763000046, 21.906194687000038 ], [ 88.475807191000058, 21.892889023000066 ], [ 88.45788574200003, 21.895805359000065 ], [ 88.482055664000086, 21.884971619000055 ], [ 88.49124908400006, 21.840860368000051 ], [ 88.487503052000079, 21.835388185000056 ], [ 88.474166870000033, 21.835388185000056 ], [ 88.448753357000044, 21.811639786000057 ], [ 88.452499390000071, 21.800416946000041 ], [ 88.465774536000083, 21.791221618000066 ], [ 88.477531433000081, 21.79125022900007 ], [ 88.47791290300006, 21.787500381000029 ], [ 88.46875, 21.761611938000044 ], [ 88.466224670000031, 21.724971771000071 ], [ 88.459968567000033, 21.720388412000034 ], [ 88.457084655000074, 21.725805282000067 ], [ 88.456253051000033, 21.709972382000046 ], [ 88.472915650000061, 21.67083358800005 ], [ 88.462913513000046, 21.634944915000062 ], [ 88.450859070000035, 21.612054826000076 ], [ 88.429580688000044, 21.606695176000073 ], [ 88.439529419000053, 21.614166259000058 ], [ 88.440414429000043, 21.623332977000075 ], [ 88.42038726800007, 21.653278352000029 ], [ 88.419555664000086, 21.686666488000071 ], [ 88.434555054000043, 21.701639175000025 ], [ 88.424163818000068, 21.71875 ], [ 88.428718567000033, 21.700027466000051 ], [ 88.413719177000075, 21.686666488000071 ], [ 88.412887573000035, 21.651611329000048 ], [ 88.427886963000049, 21.635833742000045 ], [ 88.433692932000042, 21.619943619000026 ], [ 88.414970398000037, 21.611221313000044 ], [ 88.409553527000071, 21.592472077000025 ], [ 88.396614075000059, 21.591249466000022 ], [ 88.386222839000084, 21.607444763000046 ], [ 88.391220093000072, 21.623361587000034 ], [ 88.384552002000078, 21.625833512000042 ], [ 88.387054443000068, 21.644971847000022 ], [ 88.379554748000032, 21.674972535000052 ], [ 88.380363465000073, 21.680805206000059 ], [ 88.399559021000073, 21.698305130000051 ], [ 88.402084350000052, 21.719972612000049 ], [ 88.393280029000039, 21.724582672000054 ], [ 88.372474670000031, 21.722055435000073 ], [ 88.364997864000031, 21.731250764000038 ], [ 88.367469787000061, 21.719583513000032 ], [ 88.397056580000083, 21.714166641000077 ], [ 88.393722534000062, 21.70580482500003 ], [ 88.375808716000051, 21.693750383000065 ], [ 88.368331909000062, 21.682056427000077 ], [ 88.356636048000041, 21.684555055000033 ], [ 88.348724365000066, 21.692472459000044 ], [ 88.339553833000082, 21.708333970000069 ], [ 88.34333038300008, 21.720417022000049 ], [ 88.326667785000041, 21.722026825000057 ], [ 88.328697205000083, 21.709167480000076 ], [ 88.316635132000044, 21.707082748000062 ], [ 88.306198120000033, 21.714166641000077 ], [ 88.307472229000041, 21.730388641000047 ], [ 88.30036163300008, 21.719999313000073 ], [ 88.30039215100004, 21.707500458000027 ], [ 88.294975281000063, 21.705415725000023 ], [ 88.274948120000033, 21.733722687000068 ], [ 88.28119659400005, 21.70999908400006 ], [ 88.309524536000083, 21.674943925000036 ], [ 88.302886963000049, 21.650806427000077 ], [ 88.294555664000086, 21.647472383000036 ], [ 88.299583435000045, 21.645833970000069 ], [ 88.286224366000056, 21.599138261000064 ], [ 88.304946900000061, 21.587917329000049 ], [ 88.309585571000071, 21.579166413000053 ], [ 88.290802002000078, 21.556249618000038 ], [ 88.26914215100004, 21.554582596000046 ], [ 88.246635437000066, 21.561222076000035 ], [ 88.237030031000074, 21.570833206000032 ], [ 88.242057800000055, 21.575834274000044 ], [ 88.231246948000035, 21.595832825000059 ], [ 88.21536254800003, 21.61252784800007 ], [ 88.216224670000031, 21.618305208000038 ], [ 88.234580994000055, 21.635833742000045 ], [ 88.23288726800007, 21.666639328000031 ], [ 88.22666931200007, 21.67288970900006 ], [ 88.205802918000074, 21.673721313000044 ], [ 88.198753357000044, 21.680833818000053 ], [ 88.199554444000057, 21.688360214000056 ], [ 88.21958160500003, 21.698305130000051 ], [ 88.212028504000045, 21.727500916000054 ], [ 88.216247559000067, 21.76086044300007 ], [ 88.219558716000051, 21.761693955000055 ], [ 88.215415955000083, 21.764139175000025 ], [ 88.21369171200007, 21.78747177200006 ], [ 88.202857971000071, 21.812444688000028 ], [ 88.177886963000049, 21.847528458000056 ], [ 88.168724060000045, 21.869138718000045 ], [ 88.167053223000039, 21.881666185000029 ], [ 88.17624664300007, 21.925832748000062 ], [ 88.15621948200004, 21.955804826000076 ], [ 88.157890320000035, 21.962499619000027 ], [ 88.192886353000063, 21.995000840000046 ], [ 88.211166382000044, 22.029083252000078 ], [ 88.224472046000074, 22.074943542000028 ], [ 88.216163635000044, 22.11824989400003 ], [ 88.207031250000057, 22.129917146000025 ], [ 88.208663940000065, 22.149110794000023 ], [ 88.180778503000056, 22.191194534000033 ], [ 88.13580322200005, 22.198667526000065 ], [ 88.119972229000041, 22.206193925000036 ], [ 88.074081421000074, 22.207000734000076 ], [ 88.056472778000057, 22.224332811000068 ], [ 88.048278810000056, 22.21619415300006 ], [ 88.019554138000046, 22.222917557000073 ], [ 88.015525818000071, 22.210889818000055 ], [ 88.021614075000059, 22.20036125200005 ], [ 88.028274536000083, 22.207889557000044 ], [ 88.037445068000068, 22.207834244000026 ], [ 88.067474366000056, 22.186166763000074 ], [ 88.086669922000056, 22.184555055000033 ], [ 88.104141235000043, 22.190332414000068 ], [ 88.13327789300007, 22.183666230000028 ], [ 88.188720703000058, 22.117416382000044 ], [ 88.190330507000056, 22.104110717000026 ], [ 88.181198120000033, 22.087417602000073 ], [ 88.148307800000055, 22.059499740000035 ], [ 88.12830352800006, 22.052000046000046 ], [ 88.072441101000038, 22.014528274000043 ], [ 88.048278810000056, 22.014499664000027 ], [ 88.052001953000058, 22.010805131000041 ], [ 88.04877471900005, 21.994138717000055 ], [ 88.025413513000046, 21.961666108000031 ], [ 88.027084350000052, 21.954999923000059 ], [ 88.016250610000043, 21.934972763000076 ], [ 88.012886047000052, 21.914167406000047 ], [ 87.998748779000039, 21.899972916000024 ], [ 88.002052307000042, 21.894971849000058 ], [ 87.973747253000056, 21.854166032000023 ], [ 87.938331604000041, 21.814556121000066 ], [ 87.919136048000041, 21.801250458000027 ], [ 87.893280029000039, 21.792888641000047 ], [ 87.875640869000051, 21.817388534000031 ], [ 87.879585266000049, 21.802499771000043 ], [ 87.891250611000032, 21.789972305000049 ], [ 87.887107850000064, 21.777444839000054 ], [ 87.819137573000035, 21.71372223000003 ], [ 87.794555664000086, 21.699138641000047 ], [ 87.80744171200007, 21.70122146600005 ], [ 87.804168701000037, 21.696222305000049 ], [ 87.777496338000049, 21.690389633000052 ], [ 87.763305664000086, 21.697860719000062 ], [ 87.754997253000056, 21.69372177200006 ], [ 87.750831604000041, 21.696193696000023 ], [ 87.754135131000055, 21.684583664000058 ], [ 87.709167480000076, 21.660417558000063 ], [ 87.657470703000058, 21.646223070000076 ], [ 87.642028809000067, 21.649166107000042 ], [ 87.645805359000065, 21.657917022000049 ], [ 87.63416290300006, 21.643722534000062 ], [ 87.567474367000045, 21.632055282000067 ], [ 87.559196472000053, 21.632083893000072 ], [ 87.557472229000041, 21.636194229000068 ], [ 87.540000915000064, 21.624555587000032 ], [ 87.50494384700005, 21.617027283000027 ], [ 87.465835571000071, 21.601194383000063 ], [ 87.434135437000066, 21.596250534000035 ], [ 87.387474060000045, 21.571222305000049 ], [ 87.371635437000066, 21.578722 ], [ 87.349998474000074, 21.578722 ], [ 87.347503662000065, 21.582916260000047 ], [ 87.34049987800006, 21.577749253000036 ], [ 87.341636658000084, 21.570417404000068 ], [ 87.37496948200004, 21.560417177000033 ], [ 87.379585266000049, 21.555805208000038 ], [ 87.376663208000082, 21.550416947000031 ], [ 87.346641540000064, 21.556222917000071 ], [ 87.279975891000049, 21.556249618000038 ], [ 87.209968567000033, 21.547056198000064 ], [ 87.199996948000035, 21.549583435000045 ], [ 87.179969788000051, 21.542888643000026 ], [ 87.184974671000077, 21.552083969000023 ], [ 87.190864563000048, 21.550388336000026 ], [ 87.197113037000065, 21.554971695000063 ], [ 87.187469483000086, 21.554582596000046 ], [ 87.172080993000066, 21.549972534000062 ], [ 87.17624664300007, 21.546638489000031 ], [ 87.169555664000086, 21.538305284000046 ], [ 87.199996948000035, 21.547861099000045 ], [ 87.201225281000063, 21.545000076000065 ], [ 87.127525330000083, 21.512945175000027 ], [ 87.120780944000046, 21.518749237000065 ], [ 87.12494659400005, 21.516222 ], [ 87.13291931200007, 21.518333436000034 ], [ 87.12244415300006, 21.520389557000044 ], [ 87.109138488000042, 21.518749237000065 ], [ 87.097053527000071, 21.527471542000058 ], [ 87.092475891000049, 21.53705596900005 ], [ 87.098274231000062, 21.523750305000078 ], [ 87.117919922000056, 21.514139177000061 ], [ 87.108749390000071, 21.501638412000034 ], [ 87.075836181000057, 21.472917557000073 ], [ 87.068336486000078, 21.472917557000073 ], [ 87.059997559000067, 21.482055665000075 ], [ 87.054138183000077, 21.477916718000074 ], [ 87.038749695000035, 21.478332519000048 ], [ 87.057502747000058, 21.475389481000036 ], [ 87.060447693000071, 21.469999314000063 ], [ 86.992446900000061, 21.415416719000063 ], [ 86.919998169000053, 21.336221695000063 ], [ 86.912109375000057, 21.33833313100007 ], [ 86.91541290300006, 21.331611634000069 ], [ 86.896194459000071, 21.313304901000038 ], [ 86.890388488000042, 21.295000077000054 ], [ 86.862083435000045, 21.25580596900005 ], [ 86.857086182000046, 21.233304977000046 ], [ 86.85208129800003, 21.232500076000065 ], [ 86.841194152000071, 21.215833664000058 ], [ 86.83833313000008, 21.204526901000065 ], [ 86.832084656000063, 21.212444307000055 ], [ 86.834556579000036, 21.196611404000066 ], [ 86.823753357000044, 21.174972535000052 ], [ 86.830360413000051, 21.159139634000041 ], [ 86.827079773000037, 21.136638641000047 ], [ 86.853775024000072, 21.065805435000073 ], [ 86.892082214000084, 21.010026932000073 ], [ 86.912918091000051, 20.952499390000071 ], [ 86.937057495000033, 20.916639328000031 ], [ 86.947082519000048, 20.883306503000028 ], [ 86.961250306000068, 20.863277436000033 ], [ 86.953750610000043, 20.853305818000024 ], [ 86.960830688000044, 20.854583740000066 ], [ 86.958747864000031, 20.850833893000072 ], [ 86.97455596900005, 20.82077789300007 ], [ 86.967498779000039, 20.782054902000027 ], [ 86.88749695000007, 20.797111511000026 ], [ 86.869140626000046, 20.787916185000029 ], [ 86.867614746000072, 20.775222778000057 ], [ 86.892440796000074, 20.767026901000065 ], [ 86.955833435000045, 20.765417099000047 ], [ 86.995803833000082, 20.769611358000077 ], [ 87.011222839000084, 20.738306045000058 ], [ 87.003364563000048, 20.712083816000074 ], [ 86.942497254000045, 20.716222763000076 ], [ 86.925781250000057, 20.710416793000036 ], [ 86.928359985000043, 20.705389024000056 ], [ 86.946640015000071, 20.712888719000034 ], [ 86.981224060000045, 20.704999924000049 ], [ 86.975860595000086, 20.697860718000072 ], [ 86.964164734000065, 20.694555282000067 ], [ 86.974998474000074, 20.695417405000057 ], [ 86.985809327000084, 20.702861787000074 ], [ 87.007446289000086, 20.701250078000044 ], [ 86.993309021000073, 20.69874954200003 ], [ 86.998359680000078, 20.695417405000057 ], [ 87.022445679000043, 20.697055818000024 ], [ 87.069580078000058, 20.720806121000066 ], [ 87.032501221000075, 20.692916870000033 ], [ 86.86911010700004, 20.590415956000072 ], [ 86.860832215000073, 20.588750839000056 ], [ 86.860832215000073, 20.592945099000076 ], [ 86.859970093000072, 20.587083817000064 ], [ 86.867111206000061, 20.588277818000051 ], [ 86.796669007000048, 20.540416719000063 ], [ 86.782081604000041, 20.52583313100007 ], [ 86.76914215100004, 20.502861024000026 ], [ 86.754974365000066, 20.521194458000025 ], [ 86.731636047000052, 20.534610748000034 ], [ 86.737052918000074, 20.523305894000032 ], [ 86.758697510000047, 20.511638642000037 ], [ 86.762084961000085, 20.502500534000035 ], [ 86.745803833000082, 20.46875 ], [ 86.738304138000046, 20.479583741000056 ], [ 86.715835571000071, 20.47875022900007 ], [ 86.737892152000086, 20.476667405000057 ], [ 86.731246948000035, 20.44416618300005 ], [ 86.735420227000077, 20.415832519000048 ], [ 86.725830078000058, 20.396249771000043 ], [ 86.707916259000058, 20.409139633000052 ], [ 86.720001220000086, 20.39377784800007 ], [ 86.730003357000044, 20.393722534000062 ], [ 86.735809326000037, 20.402915954000036 ], [ 86.746635437000066, 20.400417327000071 ], [ 86.73913574200003, 20.382888794000053 ], [ 86.745803833000082, 20.394556046000048 ], [ 86.759193422000067, 20.398694993000049 ], [ 86.75791931200007, 20.391639711000039 ], [ 86.74461364900003, 20.380777360000025 ], [ 86.744972229000041, 20.377056123000045 ], [ 86.760833740000066, 20.392110826000078 ], [ 86.779136658000084, 20.395416261000037 ], [ 86.784584047000067, 20.385833740000066 ], [ 86.768722535000052, 20.369972229000041 ], [ 86.787887573000035, 20.37663841400007 ], [ 86.774581909000062, 20.349138261000064 ], [ 86.777053833000082, 20.337444307000055 ], [ 86.768302917000085, 20.328777314000035 ], [ 86.737503052000079, 20.311222078000071 ], [ 86.732086181000057, 20.312471391000031 ], [ 86.734970093000072, 20.317083360000026 ], [ 86.729141235000043, 20.315416337000045 ], [ 86.732086181000057, 20.309139251000033 ], [ 86.721641542000043, 20.302083969000023 ], [ 86.697502136000082, 20.301221849000058 ], [ 86.689552307000042, 20.306110382000043 ], [ 86.689163208000082, 20.301221849000058 ], [ 86.683746338000049, 20.300806045000058 ], [ 86.684196472000053, 20.291221619000055 ], [ 86.675834656000063, 20.297861099000045 ], [ 86.67377471900005, 20.294137955000053 ], [ 86.688331604000041, 20.285444260000077 ], [ 86.724136354000052, 20.293750763000048 ], [ 86.788307190000069, 20.339527130000022 ], [ 86.805419922000056, 20.364166260000047 ], [ 86.798751831000061, 20.346666336000055 ], [ 86.773361206000061, 20.321250915000064 ], [ 86.73252868700007, 20.294584275000034 ], [ 86.681663513000046, 20.267915726000069 ], [ 86.677108765000071, 20.269971847000022 ], [ 86.677474975000052, 20.276250839000056 ], [ 86.672058106000065, 20.274166107000042 ], [ 86.679138183000077, 20.259611129000064 ], [ 86.605834961000085, 20.227888107000069 ], [ 86.559165955000083, 20.196222305000049 ], [ 86.535003662000065, 20.194555282000067 ], [ 86.520858765000071, 20.184583664000058 ], [ 86.512359619000051, 20.175111772000037 ], [ 86.513725281000063, 20.170110704000024 ], [ 86.54291534400005, 20.187528610000072 ], [ 86.539108276000036, 20.192888259000028 ], [ 86.554191590000073, 20.193750381000029 ], [ 86.521224976000042, 20.163305284000046 ], [ 86.477890015000071, 20.091638565000039 ], [ 86.439552307000042, 20.057472229000041 ], [ 86.434555054000043, 20.019138336000026 ], [ 86.42253112800006, 20.002056121000066 ], [ 86.386222841000063, 19.976638795000042 ], [ 86.382446289000086, 19.965444565000041 ], [ 86.374580384000069, 19.977443695000034 ], [ 86.382499695000035, 19.984527587000059 ], [ 86.378334045000031, 19.99124908400006 ], [ 86.372497558000077, 19.979583741000056 ], [ 86.36660766600005, 19.977888108000059 ], [ 86.34669494700006, 19.984582901000067 ], [ 86.342529297000056, 19.980443954000066 ], [ 86.337913513000046, 19.990804673000071 ], [ 86.333335877000081, 19.98705482500003 ], [ 86.32680511500007, 19.993583680000029 ], [ 86.315002441000047, 19.987916946000041 ], [ 86.31580352900005, 19.980388641000047 ], [ 86.32330322200005, 19.984556199000053 ], [ 86.350830078000058, 19.962917327000071 ], [ 86.373306275000061, 19.958749771000043 ], [ 86.371635437000066, 19.95208358900004 ], [ 86.311668396000073, 19.942916870000033 ], [ 86.237503052000079, 19.906221390000042 ], [ 86.245414734000065, 19.912471771000071 ], [ 86.243331909000062, 19.921222687000068 ], [ 86.225830078000058, 19.909555435000073 ], [ 86.219581604000041, 19.910804748000032 ], [ 86.22666931100008, 19.902915955000026 ], [ 86.235389710000049, 19.904138566000029 ], [ 86.216636658000084, 19.894556047000037 ], [ 86.069969177000075, 19.851194382000074 ], [ 86.057914734000065, 19.851667404000068 ], [ 86.073776245000033, 19.855806350000023 ], [ 86.040390014000081, 19.850833894000061 ], [ 86.056640625000057, 19.850389480000047 ], [ 86.048362732000044, 19.846221925000066 ], [ 85.924194336000085, 19.821250915000064 ], [ 85.911613465000073, 19.823778152000045 ], [ 85.913276673000041, 19.819528580000053 ], [ 85.919586181000057, 19.820833206000032 ], [ 85.765830994000055, 19.773750306000068 ], [ 85.605392456000061, 19.713333130000024 ], [ 85.674972534000062, 19.744527817000062 ], [ 85.65583038300008, 19.742916107000042 ], [ 85.639968872000054, 19.736249925000038 ], [ 85.633331300000066, 19.727083206000032 ], [ 85.63327789300007, 19.732915879000075 ], [ 85.620803833000082, 19.72455596900005 ], [ 85.604164124000079, 19.722888947000058 ], [ 85.540000916000054, 19.696222305000049 ], [ 85.526641846000075, 19.685388566000029 ], [ 85.52786254800003, 19.679306031000067 ], [ 85.545829774000083, 19.681249619000027 ], [ 85.589164734000065, 19.705389023000066 ], [ 85.592086792000032, 19.703277588000049 ], [ 85.486640930000078, 19.648721695000063 ], [ 85.430831909000062, 19.627889634000041 ], [ 85.343276977000073, 19.581222535000052 ], [ 85.148307800000055, 19.44702720600003 ], [ 85.099609375000057, 19.405805589000067 ], [ 85.083305359000065, 19.377861023000037 ], [ 85.079582214000084, 19.377500534000035 ], [ 85.080863953000062, 19.382083893000072 ], [ 85.063278198000035, 19.370361328000058 ], [ 85.047470093000072, 19.377082825000059 ], [ 85.037940979000041, 19.391666412000063 ], [ 85.036224365000066, 19.379138946000069 ], [ 85.050003051000033, 19.367889404000039 ], [ 85.066635131000055, 19.366222381000057 ], [ 85.082084656000063, 19.374195100000065 ], [ 85.004974365000066, 19.329526901000065 ], [ 84.917472839000084, 19.259611131000042 ], [ 84.911224365000066, 19.262443544000064 ], [ 84.909141542000043, 19.278722764000065 ], [ 84.907058716000051, 19.263334274000044 ], [ 84.915390015000071, 19.258306503000028 ], [ 84.837059021000073, 19.184972763000076 ], [ 84.809585571000071, 19.149139404000039 ], [ 84.794975281000063, 19.116222383000036 ], [ 84.797500610000043, 19.131221771000071 ], [ 84.79538726800007, 19.126667023000039 ], [ 84.787887573000035, 19.127471925000066 ], [ 84.78702545200008, 19.119167329000049 ], [ 84.777473450000059, 19.107915878000028 ], [ 84.745803833000082, 19.117055893000042 ], [ 84.737052917000085, 19.09497261000007 ], [ 84.726249695000035, 19.090833664000058 ], [ 84.740837097000053, 19.08791732800006 ], [ 84.741218567000033, 19.075805665000075 ], [ 84.745834351000042, 19.074556352000059 ], [ 84.759552002000078, 19.086639404000039 ], [ 84.76166534400005, 19.099582672000054 ], [ 84.768302918000074, 19.098749161000057 ], [ 84.792892456000061, 19.114110946000039 ], [ 84.767059326000037, 19.071666717000028 ], [ 84.68708038300008, 18.968276979000052 ], [ 84.690391542000043, 18.966667175000055 ], [ 84.608718872000054, 18.888334274000044 ], [ 84.589553833000082, 18.863306045000058 ], [ 84.579582214000084, 18.836666107000042 ], [ 84.561225891000049, 18.810806276000051 ], [ 84.557914734000065, 18.790000915000064 ], [ 84.505836487000067, 18.749555589000067 ], [ 84.471221924000076, 18.711666108000031 ], [ 84.454582214000084, 18.689971925000066 ], [ 84.442085266000049, 18.65747261000007 ], [ 84.372055054000043, 18.594165803000067 ], [ 84.362052918000074, 18.567472458000054 ], [ 84.359107971000071, 18.571222305000049 ], [ 84.353279114000031, 18.563749315000052 ], [ 84.345390320000035, 18.572471620000044 ], [ 84.35791778600003, 18.578306198000064 ], [ 84.356636049000031, 18.583749771000043 ], [ 84.343330384000069, 18.57622146600005 ], [ 84.334556580000083, 18.576665879000075 ], [ 84.34919738800005, 18.560417175000055 ], [ 84.338302612000064, 18.567888260000075 ], [ 84.33750152600004, 18.553722382000046 ], [ 84.322052002000078, 18.549999237000065 ], [ 84.30625152500005, 18.533306122000056 ], [ 84.339164734000065, 18.543693544000064 ], [ 84.360832214000084, 18.565389633000052 ], [ 84.359558105000076, 18.554138184000067 ], [ 84.244140625000057, 18.460416793000036 ], [ 84.16458129800003, 18.385833741000056 ], [ 84.138336182000046, 18.351222992000032 ], [ 84.135025024000072, 18.355417253000041 ], [ 84.131248474000074, 18.35499954200003 ], [ 84.133331299000076, 18.351249696000025 ], [ 84.123336792000032, 18.354555130000051 ], [ 84.09955596900005, 18.350000383000065 ], [ 84.132026672000052, 18.343334198000036 ], [ 84.133750915000064, 18.314971925000066 ], [ 84.129165649000072, 18.309555053000054 ], [ 84.041664123000032, 18.259555817000034 ], [ 83.997474671000077, 18.239555360000054 ], [ 83.989166260000047, 18.242055893000042 ], [ 83.994552613000053, 18.237499237000065 ], [ 83.95166778600003, 18.21372223000003 ], [ 83.941635132000044, 18.22455596900005 ], [ 83.945831299000076, 18.216222763000076 ], [ 83.924552918000074, 18.229166032000023 ], [ 83.940025329000036, 18.209554672000024 ], [ 83.918304444000057, 18.206222534000062 ], [ 83.887443542000085, 18.193721771000071 ], [ 83.859169006000059, 18.170415878000028 ], [ 83.814109803000065, 18.154556276000051 ], [ 83.806610108000029, 18.16205596900005 ], [ 83.80458069000008, 18.159166336000055 ], [ 83.810447693000071, 18.154167176000044 ], [ 83.704971314000034, 18.105388641000047 ], [ 83.679969788000051, 18.087028503000056 ], [ 83.670829773000037, 18.084583284000075 ], [ 83.668304443000068, 18.087888717000055 ], [ 83.670806885000047, 18.082056047000037 ], [ 83.678337097000053, 18.08372306900003 ], [ 83.586639404000039, 18.018749237000065 ], [ 83.570419313000059, 18.019138337000072 ], [ 83.57166290300006, 18.014528274000043 ], [ 83.577888489000031, 18.014165878000028 ], [ 83.566635132000044, 18.012083055000062 ], [ 83.55625152600004, 18.025806428000067 ], [ 83.558746338000049, 18.016666413000053 ], [ 83.555419922000056, 18.013305664000029 ], [ 83.570419313000059, 18.006639482000026 ], [ 83.543724060000045, 17.964166642000066 ], [ 83.530830384000069, 17.950387955000053 ], [ 83.469139099000074, 17.913722993000022 ], [ 83.456611634000069, 17.90041732800006 ], [ 83.460418701000037, 17.914194107000071 ], [ 83.459587097000053, 17.920000076000065 ], [ 83.454528808000077, 17.923334121000039 ], [ 83.45788574200003, 17.909973145000038 ], [ 83.45502471900005, 17.906221391000031 ], [ 83.44541931200007, 17.909944534000033 ], [ 83.452079773000037, 17.902471542000058 ], [ 83.44541931200007, 17.900833130000024 ], [ 83.45664215100004, 17.897888183000077 ], [ 83.456253052000079, 17.890832901000067 ], [ 83.440002442000036, 17.867860794000023 ], [ 83.41541290300006, 17.851667405000057 ], [ 83.412086487000067, 17.840000153000062 ], [ 83.417114258000083, 17.82250023000006 ], [ 83.411224365000066, 17.808305741000027 ], [ 83.387863160000052, 17.785804750000068 ], [ 83.388748169000053, 17.779138565000039 ], [ 83.382499696000082, 17.772916795000071 ], [ 83.350387574000081, 17.749166488000071 ], [ 83.352081299000076, 17.745000839000056 ], [ 83.344558716000051, 17.737527847000024 ], [ 83.349586487000067, 17.728332519000048 ], [ 83.344108583000036, 17.722026826000047 ], [ 83.310836792000032, 17.703722001000074 ], [ 83.294975281000063, 17.68872261000007 ], [ 83.282890320000035, 17.68913841400007 ], [ 83.299110412000061, 17.685417175000055 ], [ 83.297920227000077, 17.675832750000041 ], [ 83.287109375000057, 17.662471771000071 ], [ 83.264945984000065, 17.65122223000003 ], [ 83.258308410000041, 17.641250611000032 ], [ 83.237915039000086, 17.628360748000034 ], [ 83.23874664300007, 17.614166259000058 ], [ 83.214942932000042, 17.590389252000023 ], [ 83.177474976000042, 17.575387955000053 ], [ 83.165832520000038, 17.562889099000074 ], [ 83.104110718000072, 17.542917253000041 ], [ 83.084197998000036, 17.530389786000057 ], [ 83.026611328000058, 17.509582519000048 ], [ 83.006225586000085, 17.494138717000055 ], [ 83.006225586000085, 17.487472534000062 ], [ 82.995803833000082, 17.473722458000054 ], [ 82.882499695000035, 17.424583435000045 ], [ 82.883720398000037, 17.433277130000022 ], [ 82.896224976000042, 17.445861818000026 ], [ 82.891639710000049, 17.447111131000042 ], [ 82.871635437000066, 17.425416948000077 ], [ 82.854942321000067, 17.425416948000077 ], [ 82.86746978900004, 17.422082902000056 ], [ 82.865386963000049, 17.417444229000068 ], [ 82.869140625000057, 17.415416719000063 ], [ 82.825836182000046, 17.400388718000045 ], [ 82.817497253000056, 17.392084123000075 ], [ 82.751640320000035, 17.365417480000076 ], [ 82.60166931100008, 17.283750535000024 ], [ 82.512443542000085, 17.226194381000028 ], [ 82.464141845000086, 17.188749314000063 ], [ 82.306198121000079, 17.038333893000072 ], [ 82.291191101000038, 17.017471313000044 ], [ 82.273719787000061, 16.961639404000039 ], [ 82.274559021000073, 16.944139480000047 ], [ 82.250419617000034, 16.935806276000051 ], [ 82.247863770000038, 16.911638260000075 ], [ 82.256225586000085, 16.895805359000065 ], [ 82.251251221000075, 16.891666412000063 ], [ 82.256225586000085, 16.886638642000037 ], [ 82.250389099000074, 16.879138948000048 ], [ 82.250778198000035, 16.875360489000059 ], [ 82.261642456000061, 16.885389329000077 ], [ 82.270416260000047, 16.876611711000066 ], [ 82.268692017000035, 16.871639252000023 ], [ 82.284973144000048, 16.872055054000043 ], [ 82.276641846000075, 16.854555131000041 ], [ 82.28916931200007, 16.866222383000036 ], [ 82.303337097000053, 16.863721847000022 ], [ 82.317085266000049, 16.850833892000026 ], [ 82.31580352800006, 16.841222763000076 ], [ 82.325805664000029, 16.854583741000056 ], [ 82.341667175000055, 16.856250764000038 ], [ 82.355834961000085, 16.851222992000032 ], [ 82.356246948000035, 16.826665880000064 ], [ 82.359558105000076, 16.824972153000033 ], [ 82.365386963000049, 16.850000383000065 ], [ 82.362083435000045, 16.943277359000035 ], [ 82.356224060000045, 16.957500459000073 ], [ 82.329582214000084, 16.984138489000031 ], [ 82.333305359000065, 16.988750458000027 ], [ 82.344139099000074, 16.985416412000063 ], [ 82.36289215100004, 16.962444305000076 ], [ 82.371246338000049, 16.909139633000052 ], [ 82.370414734000065, 16.868333816000074 ], [ 82.362052917000085, 16.815834047000067 ], [ 82.355392456000061, 16.782472612000049 ], [ 82.349945614000035, 16.767751739000062 ], [ 82.34438324000007, 16.764410020000071 ], [ 82.341918945000032, 16.736280441000076 ], [ 82.312495118000072, 16.731312934000073 ], [ 82.308016493000082, 16.71997857100007 ], [ 82.292823623000061, 16.707800157000065 ], [ 82.268914659000075, 16.706697727000062 ], [ 82.271291775000066, 16.700841066000066 ], [ 82.289688585000079, 16.696069607000027 ], [ 82.316629232000082, 16.703442112000062 ], [ 82.326861166000072, 16.713863525000022 ], [ 82.338884549000056, 16.713484565000044 ], [ 82.345191956000065, 16.703729631000044 ], [ 82.333961487000067, 16.698259354000072 ], [ 82.333518982000044, 16.687620163000076 ], [ 82.355323791000046, 16.710519792000071 ], [ 82.33995056200007, 16.716730119000033 ], [ 82.354942322000056, 16.714809419000062 ], [ 82.359382630000084, 16.709419252000032 ], [ 82.366096497000058, 16.718650819000061 ], [ 82.362998963000052, 16.724849702000029 ], [ 82.344833374000075, 16.727590561000056 ], [ 82.362480164000033, 16.73208999600007 ], [ 82.370010376000039, 16.724039078000033 ], [ 82.368606569000065, 16.713029863000031 ], [ 82.328720093000072, 16.665540695000061 ], [ 82.317642212000067, 16.616119386000037 ], [ 82.308853149000072, 16.597469330000024 ], [ 82.284279785000081, 16.641275364000023 ], [ 82.258476021000035, 16.649612496000032 ], [ 82.256305610000084, 16.656778294000048 ], [ 82.265986328000054, 16.673883192000062 ], [ 82.25823486400003, 16.688662653000051 ], [ 82.261163195000051, 16.666700169000023 ], [ 82.253721789000053, 16.656537137000043 ], [ 82.25537543400003, 16.648010525000075 ], [ 82.282316081000033, 16.630113255000026 ], [ 82.30039215000005, 16.584943773000077 ], [ 82.290832520000038, 16.571222305000049 ], [ 82.27500152600004, 16.570417404000068 ], [ 82.258720398000037, 16.560806276000051 ], [ 82.26161194000008, 16.555389404000039 ], [ 82.297500611000032, 16.564582826000048 ], [ 82.283691406000059, 16.557500839000056 ], [ 82.292442322000056, 16.557056427000077 ], [ 82.302474976000042, 16.567888260000075 ], [ 82.304557800000055, 16.55994415300006 ], [ 82.234169007000048, 16.542943955000055 ], [ 82.029998779000039, 16.441249847000051 ], [ 82.049583435000045, 16.453306199000053 ], [ 82.039581299000076, 16.463306427000077 ], [ 82.044586182000046, 16.45413970900006 ], [ 82.026191711000081, 16.442472458000054 ], [ 82.027496338000049, 16.438722612000049 ], [ 81.961639405000085, 16.397054672000024 ], [ 81.963500977000081, 16.436138154000048 ], [ 81.950805664000029, 16.392915726000069 ], [ 81.876663208000082, 16.380388261000064 ], [ 81.719108581000057, 16.308721542000058 ], [ 81.716224670000031, 16.313304901000038 ], [ 81.726219177000075, 16.349971771000071 ], [ 81.72455596900005, 16.362472534000062 ], [ 81.717086792000032, 16.364639283000031 ], [ 81.717025757000044, 16.325027466000051 ], [ 81.705390930000078, 16.310832977000075 ], [ 81.711639404000039, 16.31125068800003 ], [ 81.709968567000033, 16.305416108000031 ], [ 81.694526673000041, 16.312471391000031 ], [ 81.688308716000051, 16.330389024000056 ], [ 81.685836793000078, 16.325416566000058 ], [ 81.677444458000082, 16.324583053000026 ], [ 81.546607971000071, 16.345388412000034 ], [ 81.541641235000043, 16.352916719000063 ], [ 81.555831909000062, 16.348749162000047 ], [ 81.56208038300008, 16.366638183000077 ], [ 81.557472229000041, 16.36205482500003 ], [ 81.553276062000066, 16.372055055000033 ], [ 81.553359986000032, 16.352083206000032 ], [ 81.542472839000084, 16.356250764000038 ], [ 81.537475586000085, 16.350416184000039 ], [ 81.477470398000037, 16.352916719000063 ], [ 81.39785766600005, 16.342445374000022 ], [ 81.319168091000051, 16.309583664000058 ], [ 81.271667481000065, 16.277027130000022 ], [ 81.267471313000044, 16.292888641000047 ], [ 81.267913818000068, 16.273305893000042 ], [ 81.227027894000059, 16.224166871000023 ], [ 81.207084656000063, 16.174999238000055 ], [ 81.203750612000078, 16.180778503000056 ], [ 81.208274842000037, 16.193750383000065 ], [ 81.197860718000072, 16.174139022000077 ], [ 81.19828033400006, 16.170415880000064 ], [ 81.20202636700003, 16.174139022000077 ], [ 81.199974060000045, 16.143777847000024 ], [ 81.187919617000034, 16.142444610000041 ], [ 81.204559326000037, 16.142499924000049 ], [ 81.204559326000037, 16.138305664000029 ], [ 81.191253662000065, 16.09250068800003 ], [ 81.147918701000037, 16.013334275000034 ], [ 81.152084350000052, 15.971666336000055 ], [ 81.14497375500008, 15.968722343000024 ], [ 81.13666534400005, 15.972944260000077 ], [ 81.126220703000058, 15.993305206000059 ], [ 81.128776550000055, 15.979139328000031 ], [ 81.138748169000053, 15.965000154000052 ], [ 81.064552307000042, 15.904138566000029 ], [ 81.052917481000065, 15.884166718000074 ], [ 81.023719787000061, 15.857472420000022 ], [ 80.997085573000049, 15.822472572000038 ], [ 81.009552002000078, 15.810000421000041 ], [ 81.008308410000041, 15.804528238000046 ], [ 80.994941711000081, 15.817083360000026 ], [ 81.006225586000085, 15.776638986000023 ], [ 81.010025024000072, 15.779555322000022 ], [ 81.01914215100004, 15.766249658000049 ], [ 81.027442932000042, 15.766249658000049 ], [ 81.027442932000042, 15.789555551000035 ], [ 81.03455352800006, 15.782500268000035 ], [ 81.03125, 15.760805131000041 ], [ 80.995864868000069, 15.767055511000024 ], [ 80.981613159000062, 15.774639130000025 ], [ 80.995864868000069, 15.758749962000024 ], [ 81.012916565000069, 15.756667138000068 ], [ 80.996612549000076, 15.741222381000057 ], [ 80.975807190000069, 15.737916947000031 ], [ 80.975387573000035, 15.753333093000037 ], [ 80.959136963000049, 15.758749962000024 ], [ 80.963302613000053, 15.752083780000078 ], [ 80.970832825000059, 15.754555702000062 ], [ 80.971252442000036, 15.749972343000024 ], [ 80.95749664300007, 15.740416528000026 ], [ 80.95163726800007, 15.732055665000075 ], [ 80.974136352000073, 15.749555588000078 ], [ 80.96869659400005, 15.730833053000026 ], [ 80.938308716000051, 15.710389138000039 ], [ 80.932914734000065, 15.71166706200006 ], [ 80.929580688000044, 15.724971771000071 ], [ 80.919555664000029, 15.737500192000027 ], [ 80.897918701000037, 15.755000116000076 ], [ 80.895385743000077, 15.749194145000047 ], [ 80.917083740000066, 15.730833053000026 ], [ 80.921218872000054, 15.71997261000007 ], [ 80.926696777000075, 15.719583511000053 ], [ 80.923309326000037, 15.714583398000059 ], [ 80.904998779000039, 15.715444566000031 ], [ 80.83164215100004, 15.70127773400003 ], [ 80.83164215100004, 15.707055093000065 ], [ 80.835418701000037, 15.704944610000041 ], [ 80.835441589000084, 15.750805856000056 ], [ 80.833030701000041, 15.753389360000028 ], [ 80.827499390000071, 15.744555473000048 ], [ 80.812530517000084, 15.742083551000064 ], [ 80.807914734000065, 15.765832901000067 ], [ 80.784584045000031, 15.808361055000034 ], [ 80.786224365000066, 15.827472688000057 ], [ 80.781280518000074, 15.854166984000074 ], [ 80.786666870000033, 15.853694917000041 ], [ 80.788719177000075, 15.818333626000026 ], [ 80.810806274000072, 15.779555322000022 ], [ 80.808723450000059, 15.800000192000027 ], [ 80.816253662000065, 15.811666489000061 ], [ 80.805358887000068, 15.842472076000035 ], [ 80.76999664300007, 15.869527818000051 ], [ 80.766670227000077, 15.86538887100005 ], [ 80.732498169000053, 15.877055168000027 ], [ 80.682502747000058, 15.880389213000058 ], [ 80.677497864000031, 15.889555931000075 ], [ 80.676666260000047, 15.880389213000058 ], [ 80.639968872000054, 15.876250267000046 ], [ 80.632469177000075, 15.884555816000045 ], [ 80.634552002000078, 15.878305436000062 ], [ 80.629165650000061, 15.874555588000078 ], [ 80.590805054000043, 15.868749618000038 ], [ 80.535804748000032, 15.848722458000054 ], [ 80.53705596900005, 15.854971887000033 ], [ 80.528335571000071, 15.852083207000078 ], [ 80.522445679000043, 15.857083320000072 ], [ 80.528335571000071, 15.84702777800004 ], [ 80.478332520000038, 15.828722001000074 ], [ 80.374969483000029, 15.772083284000075 ], [ 80.311225891000049, 15.715806007000026 ], [ 80.270835876000035, 15.667055130000051 ], [ 80.264190674000076, 15.672082902000056 ], [ 80.259582520000038, 15.653306007000026 ], [ 80.250389099000074, 15.651666641000077 ], [ 80.262886047000052, 15.651638985000034 ], [ 80.240417481000065, 15.609138488000042 ], [ 80.228721618000066, 15.568277360000025 ], [ 80.227890014000081, 15.542444229000068 ], [ 80.21833038300008, 15.531222343000024 ], [ 80.232086182000046, 15.542471885000054 ], [ 80.215385437000066, 15.508305550000046 ], [ 80.204193115000066, 15.51205539700004 ], [ 80.207054138000046, 15.507472039000049 ], [ 80.192916870000033, 15.501638412000034 ], [ 80.200386047000052, 15.498332979000054 ], [ 80.197471619000055, 15.489583017000029 ], [ 80.208358765000071, 15.492055893000042 ], [ 80.207084656000063, 15.497500420000051 ], [ 80.214584350000052, 15.504166604000034 ], [ 80.204528809000067, 15.468333244000064 ], [ 80.186225891000049, 15.440805436000062 ], [ 80.128753662000065, 15.375833511000053 ], [ 80.099586486000078, 15.320805549000056 ], [ 80.099136352000073, 15.310388565000039 ], [ 80.10788726800007, 15.328277588000049 ], [ 80.10791778600003, 15.319167138000068 ], [ 80.093780517000084, 15.297527313000046 ], [ 80.082916260000047, 15.262527465000062 ], [ 80.089584351000042, 15.207500459000073 ], [ 80.081665040000075, 15.182083130000024 ], [ 80.080802918000074, 15.186222076000035 ], [ 80.074974060000045, 15.18372249600003 ], [ 80.064552307000042, 15.189999581000052 ], [ 80.075836182000046, 15.177944185000058 ], [ 80.080413818000068, 15.180832864000024 ], [ 80.06291961800008, 15.14411067900005 ], [ 80.047920227000077, 15.074138642000037 ], [ 80.05374908400006, 15.010805130000051 ], [ 80.067916870000033, 14.94330596900005 ], [ 80.088752747000058, 14.878305436000062 ], [ 80.092918396000073, 14.813333513000032 ], [ 80.089973451000048, 14.807861329000048 ], [ 80.084167480000076, 14.815416336000055 ], [ 80.08247375500008, 14.808750154000052 ], [ 80.077888489000031, 14.809139253000069 ], [ 80.090835571000071, 14.803722381000057 ], [ 80.094970703000058, 14.812083244000064 ], [ 80.108718872000054, 14.756610872000067 ], [ 80.129585266000049, 14.728333473000077 ], [ 80.112472534000062, 14.745388986000023 ], [ 80.112030030000085, 14.739166261000037 ], [ 80.117057800000055, 14.738333702000034 ], [ 80.11374664300007, 14.724139213000058 ], [ 80.116638184000067, 14.722027780000076 ], [ 80.119140626000046, 14.733750345000033 ], [ 80.134582519000048, 14.717444421000039 ], [ 80.139556884000058, 14.701611519000039 ], [ 80.134109497000054, 14.692055702000062 ], [ 80.141197205000083, 14.700833320000072 ], [ 80.136253357000044, 14.717444421000039 ], [ 80.140388488000042, 14.715806007000026 ], [ 80.168746948000035, 14.62077808500004 ], [ 80.175415039000029, 14.605833055000062 ], [ 80.185417175000055, 14.596666336000055 ], [ 80.181610108000029, 14.585416794000025 ], [ 80.139968872000054, 14.565388681000059 ], [ 80.184165955000083, 14.567916870000033 ], [ 80.19580841100003, 14.577944755000033 ], [ 80.182914735000054, 14.522500038000032 ], [ 80.174583435000045, 14.430832863000035 ], [ 80.174552917000085, 14.375833513000032 ], [ 80.170829773000037, 14.377888679000023 ], [ 80.173751831000061, 14.37244415300006 ], [ 80.167861939000034, 14.339138985000034 ], [ 80.14538574200003, 14.287500383000065 ], [ 80.137474060000045, 14.244583130000024 ], [ 80.131614685000045, 14.256221771000071 ], [ 80.12208557200006, 14.255833626000026 ], [ 80.129585266000049, 14.251667022000049 ], [ 80.125808715000062, 14.247916223000061 ], [ 80.103721619000055, 14.252499581000052 ], [ 80.109947204000036, 14.241277694000075 ], [ 80.113281250000057, 14.247083664000058 ], [ 80.137084961000085, 14.24163913700005 ], [ 80.127891541000054, 14.184139252000023 ], [ 80.132888794000053, 14.10580539700004 ], [ 80.142082214000084, 14.072472572000038 ], [ 80.138305664000029, 14.075388908000036 ], [ 80.138336182000046, 14.067944527000066 ], [ 80.126220703000058, 14.065833092000048 ], [ 80.135002138000061, 14.06372261000007 ], [ 80.143722534000062, 14.069167137000022 ], [ 80.154556275000061, 14.020805360000054 ], [ 80.151664734000065, 14.023722650000025 ], [ 80.148750305000078, 14.017499925000038 ], [ 80.154975891000049, 14.018722534000062 ], [ 80.161247253000056, 14.009166719000063 ], [ 80.24372100800008, 13.814167022000049 ], [ 80.224975586000085, 13.818694114000039 ], [ 80.236640931000068, 13.811277389000054 ], [ 80.244972229000041, 13.812055589000067 ], [ 80.257110596000075, 13.781639100000064 ], [ 80.237915039000029, 13.722472192000055 ], [ 80.233718872000054, 13.677499771000043 ], [ 80.236221313000044, 13.644139291000045 ], [ 80.240417481000065, 13.621639251000033 ], [ 80.274559021000073, 13.552499772000033 ], [ 80.297859191000043, 13.486666679000052 ], [ 80.310417175000055, 13.466666222000072 ], [ 80.311279297000056, 13.456666946000041 ], [ 80.305419922000056, 13.454138757000067 ], [ 80.316253662000065, 13.434971809000047 ], [ 80.309997559000067, 13.425389291000045 ], [ 80.31580352800006, 13.427055359000065 ], [ 80.321220398000037, 13.415805816000045 ], [ 80.317916870000033, 13.409138681000059 ], [ 80.322891235000043, 13.409166337000045 ], [ 80.322860718000072, 13.39916706200006 ], [ 80.327079773000037, 13.396666526000047 ], [ 80.322082520000038, 13.389166833000047 ], [ 80.330413819000057, 13.385805131000041 ], [ 80.33249664300007, 13.376222612000049 ], [ 80.324554443000068, 13.42249965700006 ], [ 80.327056885000047, 13.434139253000069 ], [ 80.322052002000078, 13.433333397000069 ], [ 80.322029114000031, 13.443333625000037 ], [ 80.327919007000048, 13.439999580000062 ], [ 80.329582215000073, 13.409972191000065 ], [ 80.344558715000062, 13.344166757000039 ], [ 80.34622192300003, 13.283305169000073 ], [ 80.337890625000057, 13.24997234500006 ], [ 80.327919007000048, 13.232500078000044 ], [ 80.317474365000066, 13.229555131000041 ], [ 80.313720703000058, 13.246639252000023 ], [ 80.315391540000064, 13.223333359000037 ], [ 80.305419922000056, 13.208333015000051 ], [ 80.309165955000083, 13.20208358900004 ], [ 80.321250916000054, 13.224166871000023 ], [ 80.33002472000004, 13.230388641000047 ], [ 80.331253051000033, 13.226666452000075 ], [ 80.314552307000042, 13.168333055000062 ], [ 80.294586182000046, 13.121666908000066 ], [ 80.29875183200005, 13.118332862000045 ], [ 80.29577636700003, 13.086222650000025 ], [ 80.303306579000036, 13.099583626000026 ], [ 80.304557801000044, 13.090806009000062 ], [ 80.286666870000033, 13.065416336000055 ], [ 80.276222229000041, 13.068333626000026 ], [ 80.28455352800006, 13.063361167000039 ], [ 80.279525757000044, 13.015805244000035 ], [ 80.277442933000032, 13.011194230000058 ], [ 80.275802612000064, 13.014583587000061 ], [ 80.26413726800007, 13.011221885000054 ], [ 80.277053833000082, 13.006667138000068 ], [ 80.257057190000069, 12.919166565000069 ], [ 80.249557495000033, 12.859138488000042 ], [ 80.249168396000073, 12.802861213000028 ], [ 80.245803833000082, 12.825416566000058 ], [ 80.245391846000075, 12.804972649000035 ], [ 80.242057800000055, 12.804972649000035 ], [ 80.232940674000076, 12.84497261000007 ], [ 80.23872375500008, 12.803305626000054 ], [ 80.229614258000083, 12.786611558000061 ], [ 80.24036407400007, 12.784999848000041 ], [ 80.23874664300007, 12.797499658000049 ], [ 80.242469787000061, 12.800389290000055 ], [ 80.246665955000083, 12.792083741000056 ], [ 80.247474670000031, 12.800389290000055 ], [ 80.256225586000085, 12.780833244000064 ], [ 80.200386047000052, 12.624166489000061 ], [ 80.202056884000058, 12.61663913700005 ], [ 80.189552307000042, 12.589166642000066 ], [ 80.187858581000057, 12.572444916000052 ], [ 80.171249390000071, 12.539999963000071 ], [ 80.16455841100003, 12.510833740000066 ], [ 80.155387879000045, 12.511666298000023 ], [ 80.16288757500007, 12.507499695000035 ], [ 80.15625, 12.462444305000076 ], [ 80.146194459000071, 12.44250011400004 ], [ 80.134140015000071, 12.431194305000076 ], [ 80.115417481000065, 12.444167137000022 ], [ 80.114974976000042, 12.453694343000052 ], [ 80.11289215100004, 12.44330597000004 ], [ 80.122497558000077, 12.438750268000035 ], [ 80.131248474000074, 12.425805092000076 ], [ 80.044609070000035, 12.315833091000059 ], [ 80.014556885000047, 12.264166832000058 ], [ 79.986640930000078, 12.249555587000032 ], [ 79.971641542000043, 12.234582901000067 ], [ 79.975807190000069, 12.227889061000042 ], [ 80.012001038000051, 12.258694649000063 ], [ 79.872886658000084, 12.039972305000049 ], [ 79.845413208000082, 11.968305587000032 ], [ 79.831222534000062, 11.903306007000026 ], [ 79.829559326000037, 11.912500383000065 ], [ 79.82416534400005, 11.917055131000041 ], [ 79.827888489000031, 11.90747261000007 ], [ 79.819557190000069, 11.905777933000024 ], [ 79.829612732000044, 11.899971962000052 ], [ 79.826248169000053, 11.881638527000064 ], [ 79.81208038300008, 11.880777360000025 ], [ 79.819557190000069, 11.874944687000038 ], [ 79.813331604000041, 11.874583244000064 ], [ 79.815780639000081, 11.871277809000048 ], [ 79.824584961000085, 11.876638413000023 ], [ 79.805419921000066, 11.820805549000056 ], [ 79.782859802000075, 11.709972383000036 ], [ 79.778358460000049, 11.703749658000049 ], [ 79.774528503000056, 11.710778236000067 ], [ 79.776252746000068, 11.702472687000068 ], [ 79.762886047000052, 11.685028077000027 ], [ 79.758750915000064, 11.671610832000056 ], [ 79.760002136000082, 11.667888643000026 ], [ 79.765388489000031, 11.684166908000066 ], [ 79.779586792000032, 11.700805664000029 ], [ 79.764526368000077, 11.642472267000073 ], [ 79.756248474000074, 11.578305244000035 ], [ 79.762886047000052, 11.526666641000077 ], [ 79.775413514000036, 11.50747203800006 ], [ 79.770835876000035, 11.507055284000046 ], [ 79.772918702000084, 11.496610643000054 ], [ 79.765388489000031, 11.484999658000049 ], [ 79.78169250500008, 11.499583246000043 ], [ 79.785446167000032, 11.480833055000062 ], [ 79.809585571000071, 11.437527657000032 ], [ 79.822891235000043, 11.377471924000076 ], [ 79.832084656000063, 11.360777856000027 ], [ 79.827499389000081, 11.357889177000061 ], [ 79.8125, 11.370416641000077 ], [ 79.817863465000073, 11.364166260000047 ], [ 79.814163208000082, 11.362083436000034 ], [ 79.77500152600004, 11.386221886000044 ], [ 79.766639710000049, 11.38624954200003 ], [ 79.761253357000044, 11.379166603000044 ], [ 79.773307800000055, 11.379555703000051 ], [ 79.802497864000031, 11.362916946000041 ], [ 79.829139710000049, 11.353722574000074 ], [ 79.835830688000044, 11.357083320000072 ], [ 79.838752746000068, 11.352499961000035 ], [ 79.837059021000073, 11.298333169000045 ], [ 79.857055664000029, 11.195805550000046 ], [ 79.860420228000066, 11.098333360000026 ], [ 79.852058410000041, 10.837499620000074 ], [ 79.848724365000066, 10.827500345000033 ], [ 79.82702636700003, 10.817472459000044 ], [ 79.850418091000051, 10.824972153000033 ], [ 79.85455322200005, 10.60827732100006 ], [ 79.862052918000074, 10.525805473000048 ], [ 79.86624908400006, 10.392472267000073 ], [ 79.878723144000048, 10.326666832000058 ], [ 79.86875152600004, 10.341666223000061 ], [ 79.876251221000075, 10.318333626000026 ], [ 79.87494659400005, 10.310388566000029 ], [ 79.86958313000008, 10.321639061000042 ], [ 79.872024536000083, 10.297472001000074 ], [ 79.872055054000043, 10.305805208000038 ], [ 79.87583160500003, 10.30288887100005 ], [ 79.878723144000048, 10.31166649000005 ], [ 79.877525329000036, 10.322916984000074 ], [ 79.881225586000085, 10.310832977000075 ], [ 79.860809326000037, 10.280444145000047 ], [ 79.850830078000058, 10.276277542000059 ], [ 79.793334961000085, 10.272889139000029 ], [ 79.811195374000079, 10.286639213000058 ], [ 79.798309327000084, 10.304555894000032 ], [ 79.785858154000039, 10.304555894000032 ], [ 79.770835876000035, 10.315416336000055 ], [ 79.755027771000073, 10.312889099000074 ], [ 79.729110717000083, 10.325416565000069 ], [ 79.699996949000081, 10.327888489000031 ], [ 79.689971924000076, 10.324583055000062 ], [ 79.672500611000032, 10.331222534000062 ], [ 79.662498474000074, 10.347888948000048 ], [ 79.668746948000035, 10.326611520000029 ], [ 79.658332825000059, 10.322889328000031 ], [ 79.641220093000072, 10.335805893000042 ], [ 79.635360718000072, 10.349139214000047 ], [ 79.63913726800007, 10.365416528000026 ], [ 79.62541961800008, 10.343305588000021 ], [ 79.633720398000037, 10.340806009000062 ], [ 79.629585266000049, 10.335805893000042 ], [ 79.61413574200003, 10.336194040000066 ], [ 79.580802917000085, 10.312055588000021 ], [ 79.558334350000052, 10.315388679000023 ], [ 79.560386657000038, 10.326666832000058 ], [ 79.566612244000055, 10.332888603000072 ], [ 79.592498779000039, 10.328694343000052 ], [ 79.605003357000044, 10.346278192000057 ], [ 79.578330994000055, 10.343750001000046 ], [ 79.554168702000084, 10.35122203800006 ], [ 79.548278809000067, 10.345388412000034 ], [ 79.545417785000041, 10.349971771000071 ], [ 79.547920227000077, 10.341638565000039 ], [ 79.539581300000066, 10.337471962000052 ], [ 79.552024841000048, 10.325833321000061 ], [ 79.543334961000085, 10.323721885000054 ], [ 79.534942627000078, 10.332055093000065 ], [ 79.520835877000081, 10.329583168000056 ], [ 79.518722536000041, 10.332500458000027 ], [ 79.523750305000078, 10.335000039000022 ], [ 79.517471313000044, 10.340416908000066 ], [ 79.512496948000035, 10.337055206000059 ], [ 79.50830841100003, 10.342916488000071 ], [ 79.495834351000042, 10.331250190000048 ], [ 79.496635437000066, 10.339583397000069 ], [ 79.500778198000035, 10.336222649000035 ], [ 79.498336792000032, 10.341250419000062 ], [ 79.479141235000043, 10.339555742000073 ], [ 79.461639404000039, 10.349583627000072 ], [ 79.459197998000036, 10.341250419000062 ], [ 79.483329773000037, 10.33711147300005 ], [ 79.492057801000044, 10.328305244000035 ], [ 79.461219788000051, 10.328332901000067 ], [ 79.468330384000069, 10.322055818000024 ], [ 79.524139404000039, 10.314555169000073 ], [ 79.510833740000066, 10.308694839000054 ], [ 79.450836182000046, 10.318750381000029 ], [ 79.393302917000085, 10.320361137000077 ], [ 79.382080078000058, 10.314971924000076 ], [ 79.376251221000075, 10.299139023000066 ], [ 79.38291931200007, 10.303305627000043 ], [ 79.37830352800006, 10.296222688000057 ], [ 79.359970094000062, 10.28952789300007 ], [ 79.354141236000032, 10.292083740000066 ], [ 79.352500915000064, 10.287083627000072 ], [ 79.339164734000065, 10.287083627000072 ], [ 79.320030212000063, 10.277916908000066 ], [ 79.309997559000067, 10.266194343000052 ], [ 79.294136047000052, 10.260389328000031 ], [ 79.271224975000052, 10.233277322000049 ], [ 79.279586792000032, 10.221611023000037 ], [ 79.278724671000077, 10.210805893000042 ], [ 79.242858887000068, 10.182499887000063 ], [ 79.242080689000034, 10.157444 ], [ 79.231246948000035, 10.146666528000026 ], [ 79.230392456000061, 10.136610986000051 ], [ 79.239585877000081, 10.129138948000048 ], [ 79.229583740000066, 10.113305093000065 ], [ 79.229553224000085, 10.097472192000055 ], [ 79.240386963000049, 10.075805665000075 ], [ 79.253753662000065, 10.069167137000022 ], [ 79.257080078000058, 10.060805322000022 ], [ 79.252914428000054, 10.052472116000047 ], [ 79.267913818000068, 10.039972305000049 ], [ 79.245002746000068, 10.026249887000063 ], [ 79.19830322200005, 9.969555855000067 ], [ 79.15625, 9.930805207000049 ], [ 79.154586792000032, 9.917471887000033 ], [ 79.128753663000055, 9.893333435000045 ], [ 79.11958313000008, 9.872500420000051 ], [ 79.122085571000071, 9.864999771000043 ], [ 79.112052919000064, 9.863333702000034 ], [ 79.123306275000061, 9.862083435000045 ], [ 79.124557495000033, 9.855833053000026 ], [ 79.091224670000031, 9.825778007000054 ], [ 79.061225891000049, 9.776666641000077 ], [ 79.035385132000044, 9.761638641000047 ], [ 79.018775940000069, 9.733305931000075 ], [ 78.995391846000075, 9.711667061000071 ], [ 78.993774414000029, 9.701666833000047 ], [ 78.984558106000065, 9.694138527000064 ], [ 78.973724365000066, 9.669972421000068 ], [ 78.964584350000052, 9.629166604000034 ], [ 78.94541931200007, 9.614999772000033 ], [ 78.93125152500005, 9.586667061000071 ], [ 78.921195984000065, 9.545000076000065 ], [ 78.92622375500008, 9.527527809000048 ], [ 78.917945862000067, 9.502499580000062 ], [ 78.919555664000029, 9.492527962000054 ], [ 78.904167175000055, 9.492083550000075 ], [ 78.900390625000057, 9.486666679000052 ], [ 78.922027588000049, 9.435028077000027 ], [ 78.963722229000041, 9.383305551000035 ], [ 78.999557495000033, 9.347472191000065 ], [ 78.994552614000042, 9.340777397000068 ], [ 78.998748779000039, 9.333360673000072 ], [ 78.994941711000081, 9.331250191000038 ], [ 78.959197998000036, 9.340416908000066 ], [ 78.995834351000042, 9.329555513000059 ], [ 79.001197815000069, 9.333333015000051 ], [ 78.997497559000067, 9.342055321000032 ], [ 79.004165649000072, 9.341221810000036 ], [ 79.060806275000061, 9.298722267000073 ], [ 79.126640320000035, 9.28705596900005 ], [ 79.140808105000076, 9.292888641000047 ], [ 79.15583038300008, 9.284583093000037 ], [ 79.189140319000046, 9.280388833000075 ], [ 79.090835571000071, 9.258749962000024 ], [ 78.96583557200006, 9.271222116000047 ], [ 78.930831909000062, 9.266194343000052 ], [ 78.910835267000039, 9.247888565000039 ], [ 78.88330841100003, 9.254555702000062 ], [ 78.860862732000044, 9.251277925000068 ], [ 78.857475281000063, 9.246250152000073 ], [ 78.840835571000071, 9.244555473000048 ], [ 78.756637573000035, 9.212055208000038 ], [ 78.733329773000037, 9.207916260000047 ], [ 78.719581604000041, 9.19669437400006 ], [ 78.722946167000032, 9.189138413000023 ], [ 78.720024109000065, 9.185388565000039 ], [ 78.690864563000048, 9.192083359000037 ], [ 78.666641235000043, 9.188777925000068 ], [ 78.646224976000042, 9.172499658000049 ], [ 78.647087097000053, 9.164999962000024 ], [ 78.659584046000077, 9.152444839000054 ], [ 78.608306884000058, 9.143750192000027 ], [ 78.583358764000081, 9.127111435000074 ], [ 78.564140320000035, 9.132888794000053 ], [ 78.532501221000075, 9.132888794000053 ], [ 78.486251831000061, 9.124138832000028 ], [ 78.492919922000056, 9.13080596900005 ], [ 78.491668701000037, 9.141222001000074 ], [ 78.482444763000046, 9.123722078000071 ], [ 78.415802002000078, 9.108722687000068 ], [ 78.37244415300006, 9.07708358800005 ], [ 78.367027282000038, 9.084166527000036 ], [ 78.36958313000008, 9.089111329000048 ], [ 78.368309021000073, 9.092055321000032 ], [ 78.364555359000065, 9.084166527000036 ], [ 78.370391846000075, 9.075027466000051 ], [ 78.362472534000062, 9.067028046000075 ], [ 78.272529602000077, 9.001194 ], [ 78.268753052000079, 9.013333322000051 ], [ 78.280418396000073, 9.012444497000047 ], [ 78.265830994000055, 9.017916681000031 ], [ 78.267059326000037, 9.0 ], [ 78.206253052000079, 8.953305244000035 ], [ 78.186248779000039, 8.920000076000065 ], [ 78.180419922000056, 8.890805244000035 ], [ 78.172027588000049, 8.884139061000042 ], [ 78.166275024000072, 8.837528228000053 ], [ 78.169555664000029, 8.824110986000051 ], [ 78.164581299000076, 8.803305626000054 ], [ 78.159584046000077, 8.800805092000076 ], [ 78.163719177000075, 8.784999847000051 ], [ 78.158721924000076, 8.770000458000027 ], [ 78.166221619000055, 8.769139291000045 ], [ 78.163719177000075, 8.756667137000022 ], [ 78.160003662000065, 8.752055168000027 ], [ 78.132469179000054, 8.762916566000058 ], [ 78.125389099000074, 8.761666298000023 ], [ 78.160026550000055, 8.749583244000064 ], [ 78.16541290300006, 8.754166604000034 ], [ 78.169136047000052, 8.770416260000047 ], [ 78.190834045000031, 8.763750076000065 ], [ 78.197914124000079, 8.772472381000057 ], [ 78.193725586000085, 8.785805702000062 ], [ 78.201225281000063, 8.784999847000051 ], [ 78.198776245000033, 8.758305550000046 ], [ 78.190834045000031, 8.748722077000025 ], [ 78.169586181000057, 8.743277549000027 ], [ 78.160415650000061, 8.729971885000054 ], [ 78.15621948200004, 8.709972381000057 ], [ 78.137054443000068, 8.690833091000059 ], [ 78.129554748000032, 8.648333551000064 ], [ 78.123779297000056, 8.650805473000048 ], [ 78.126663208000082, 8.639527322000049 ], [ 78.11413574200003, 8.643750191000038 ], [ 78.109558106000065, 8.639166832000058 ], [ 78.128364563000048, 8.637944223000034 ], [ 78.127891540000064, 8.621639251000033 ], [ 78.136276245000033, 8.59749984900003 ], [ 78.118331909000062, 8.589555741000027 ], [ 78.114944459000071, 8.580416681000031 ], [ 78.117889405000085, 8.587499620000074 ], [ 78.13416290300006, 8.59375 ], [ 78.139556885000047, 8.588333130000024 ], [ 78.123725891000049, 8.52747249600003 ], [ 78.123748779000039, 8.513305664000029 ], [ 78.131225586000085, 8.494999887000063 ], [ 78.069526674000031, 8.421694755000033 ], [ 78.060417175000055, 8.384944917000041 ], [ 78.048309326000037, 8.388722420000022 ], [ 78.043724060000045, 8.383333207000021 ], [ 78.050003052000079, 8.386249543000076 ], [ 78.069999694000046, 8.373722076000035 ], [ 78.007499695000035, 8.35122203800006 ], [ 77.969139099000074, 8.328722 ], [ 77.940834046000077, 8.302888870000061 ], [ 77.909111023000037, 8.287917138000068 ], [ 77.896697998000036, 8.273722649000035 ], [ 77.806663513000046, 8.240388870000061 ], [ 77.787086487000067, 8.223333359000037 ], [ 77.787918091000051, 8.209138870000061 ], [ 77.77869415400005, 8.194972039000049 ], [ 77.746665954000036, 8.175416946000041 ], [ 77.70747375500008, 8.162888528000053 ], [ 77.625808716000051, 8.152916909000055 ], [ 77.584136962000059, 8.13705539800003 ], [ 77.563751221000075, 8.118305208000038 ], [ 77.55960845900006, 8.092499733000068 ], [ 77.567085266000049, 8.088333130000024 ], [ 77.559974670000031, 8.086194040000066 ], [ 77.55622100800008, 8.076639176000072 ], [ 77.550003052000079, 8.073694230000058 ], [ 77.450836182000046, 8.092027664000057 ], [ 77.336669921000066, 8.12622261000007 ], [ 77.316665649000072, 8.122888565000039 ], [ 77.30708313000008, 8.131610871000021 ], [ 77.30374908400006, 8.142472267000073 ], [ 77.288330078000058, 8.154555322000022 ], [ 77.243331909000062, 8.17288875600002 ], [ 77.221611023000037, 8.194582939000043 ], [ 77.182914734000065, 8.216666223000061 ], [ 77.16705322200005, 8.235805513000059 ], [ 77.169555664000029, 8.239999772000033 ], [ 77.164138794000053, 8.249610902000029 ], [ 77.161224365000066, 8.244972229000041 ], [ 77.165802002000078, 8.238750459000073 ], [ 77.025802613000053, 8.344583512000042 ], [ 77.012474060000045, 8.350388527000064 ], [ 76.996665954000036, 8.373777389000054 ], [ 76.984970093000072, 8.377083778000042 ], [ 76.972084045000031, 8.388360977000048 ], [ 76.973724365000066, 8.396666527000036 ], [ 76.956192017000035, 8.420000076000065 ], [ 76.961608887000068, 8.420389175000025 ], [ 76.966194152000071, 8.413361549000058 ], [ 76.971252441000047, 8.409944535000022 ], [ 76.955390930000078, 8.439999581000052 ], [ 76.949554444000057, 8.4375 ], [ 76.95502471900005, 8.423749925000038 ], [ 76.699554443000068, 8.736694337000074 ], [ 76.678779602000077, 8.773305894000032 ], [ 76.640388489000031, 8.824972153000033 ], [ 76.60166931200007, 8.865444184000069 ], [ 76.577468872000054, 8.87874984900003 ], [ 76.568336487000067, 8.875389099000074 ], [ 76.546195984000065, 8.899999618000038 ], [ 76.540359497000054, 8.927472114000068 ], [ 76.544136047000052, 8.932055473000048 ], [ 76.56327820000007, 8.925416948000077 ], [ 76.569114685000045, 8.912888527000064 ], [ 76.571640015000071, 8.920389175000025 ], [ 76.58249664300007, 8.921222688000057 ], [ 76.602943421000077, 8.934166909000055 ], [ 76.595832825000059, 8.934583664000058 ], [ 76.592445374000079, 8.941277504000027 ], [ 76.589996338000049, 8.932027817000062 ], [ 76.572914123000032, 8.926638604000061 ], [ 76.592475891000049, 8.947860718000072 ], [ 76.597114563000048, 8.946639061000042 ], [ 76.599586487000067, 8.960805893000042 ], [ 76.595390320000035, 8.966638565000039 ], [ 76.599975586000085, 8.971194267000044 ], [ 76.606224060000045, 8.96997261000007 ], [ 76.606636047000052, 8.951250078000044 ], [ 76.61708069000008, 8.959138870000061 ], [ 76.609580994000055, 8.962499620000074 ], [ 76.614166260000047, 8.967916488000071 ], [ 76.627029419000053, 8.964138986000023 ], [ 76.622085571000071, 8.954972267000073 ], [ 76.626640320000035, 8.957083703000023 ], [ 76.629135132000044, 8.947083475000056 ], [ 76.64538574200003, 8.951666832000058 ], [ 76.635803223000039, 8.952917100000036 ], [ 76.636642456000061, 8.956222534000062 ], [ 76.631248474000074, 8.953332901000067 ], [ 76.63327789300007, 8.968694688000028 ], [ 76.63578033400006, 8.960416794000025 ], [ 76.642440796000074, 8.966250420000051 ], [ 76.647941589000084, 8.964166642000066 ], [ 76.647445679000043, 8.95877742700003 ], [ 76.652885437000066, 8.96166706200006 ], [ 76.651641845000029, 8.957083703000023 ], [ 76.660003663000055, 8.963694572000065 ], [ 76.662498475000064, 8.953694343000052 ], [ 76.672058105000076, 8.964166642000066 ], [ 76.662887573000035, 8.964944840000044 ], [ 76.668304444000057, 8.973722458000054 ], [ 76.652496338000049, 8.967055322000022 ], [ 76.652496338000049, 8.975388527000064 ], [ 76.646636963000049, 8.969555855000067 ], [ 76.632057190000069, 8.979166985000063 ], [ 76.635833740000066, 8.982083320000072 ], [ 76.644165039000029, 8.97702789300007 ], [ 76.639579773000037, 8.981638910000072 ], [ 76.654136657000038, 8.984582902000056 ], [ 76.661224365000066, 8.978333473000021 ], [ 76.657913208000082, 8.989138604000061 ], [ 76.666252136000082, 8.994166374000031 ], [ 76.656608582000047, 8.995416641000077 ], [ 76.647056580000083, 8.987472535000052 ], [ 76.648780823000038, 8.995805740000037 ], [ 76.64497375500008, 8.998749734000057 ], [ 76.644607544000053, 8.993277551000062 ], [ 76.636642456000061, 8.992917061000071 ], [ 76.63330841100003, 8.986222268000063 ], [ 76.629135132000044, 8.985361099000045 ], [ 76.627502442000036, 8.991250038000032 ], [ 76.629524231000062, 8.983305932000064 ], [ 76.621696473000043, 8.982083320000072 ], [ 76.619972229000041, 8.975417137000022 ], [ 76.616638184000067, 8.979583740000066 ], [ 76.610809327000084, 8.975417137000022 ], [ 76.607498169000053, 8.990416528000026 ], [ 76.597473144000048, 8.981194496000057 ], [ 76.597862244000055, 8.990860939000072 ], [ 76.58750152600004, 8.993694306000066 ], [ 76.584587099000032, 8.979139329000077 ], [ 76.566665650000061, 8.947055818000024 ], [ 76.559165954000036, 8.945416452000075 ], [ 76.563308716000051, 8.954527856000027 ], [ 76.556640625000057, 8.952111244000037 ], [ 76.549552917000085, 8.958333017000029 ], [ 76.563720703000058, 8.962471962000052 ], [ 76.557914734000065, 8.967472077000025 ], [ 76.576248169000053, 8.976638794000053 ], [ 76.572471619000055, 8.982055665000075 ], [ 76.569168091000051, 8.975417137000022 ], [ 76.553306581000072, 8.971221924000076 ], [ 76.543334962000074, 8.957027436000033 ], [ 76.536636352000073, 8.961194038000031 ], [ 76.545440674000076, 8.938305856000056 ], [ 76.538719179000054, 8.934139253000069 ], [ 76.512886048000041, 9.024138450000066 ], [ 76.46035766600005, 9.135805130000051 ], [ 76.462913513000046, 9.137527466000051 ], [ 76.470359802000075, 9.119111061000069 ], [ 76.475830078000058, 9.116222382000046 ], [ 76.475418090000062, 9.124138832000028 ], [ 76.479972839000084, 9.125389100000064 ], [ 76.486640930000078, 9.114583015000051 ], [ 76.483749389000081, 9.129166603000044 ], [ 76.48789215100004, 9.135805130000051 ], [ 76.48039245700005, 9.155027391000033 ], [ 76.484191894000048, 9.165389061000042 ], [ 76.48913574200003, 9.163777351000022 ], [ 76.495803833000082, 9.167888641000047 ], [ 76.492469788000051, 9.171222687000068 ], [ 76.488357544000053, 9.166250228000024 ], [ 76.477890015000071, 9.16749954200003 ], [ 76.478752136000082, 9.147500038000032 ], [ 76.472473144000048, 9.142083168000056 ], [ 76.464584351000042, 9.164166452000075 ], [ 76.459556579000036, 9.163305282000067 ], [ 76.443748475000064, 9.197472572000038 ], [ 76.442054749000079, 9.23333358800005 ], [ 76.428306580000083, 9.249555589000067 ], [ 76.422943115000066, 9.239138603000072 ], [ 76.437889099000074, 9.206639291000045 ], [ 76.441223145000038, 9.186638832000028 ], [ 76.45202636700003, 9.173277856000027 ], [ 76.447860718000072, 9.172499658000049 ], [ 76.448722840000073, 9.166694641000049 ], [ 76.457862854000041, 9.159138679000023 ], [ 76.455413818000068, 9.154138566000029 ], [ 76.461219787000061, 9.145805359000065 ], [ 76.457916260000047, 9.141666412000063 ], [ 76.384552002000078, 9.307499887000063 ], [ 76.395835878000071, 9.323721887000033 ], [ 76.391197205000083, 9.324999811000055 ], [ 76.38916778600003, 9.337916375000077 ], [ 76.389556885000047, 9.319999695000035 ], [ 76.382026672000052, 9.315833092000048 ], [ 76.357086181000057, 9.364972114000068 ], [ 76.319580078000058, 9.475028038000062 ], [ 76.30374908400006, 9.589166641000077 ], [ 76.297058106000065, 9.607444763000046 ], [ 76.283752441000047, 9.744166374000031 ], [ 76.288749695000035, 9.749944688000028 ], [ 76.282913208000082, 9.751638412000034 ], [ 76.248748779000039, 9.923333169000045 ], [ 76.236221313000044, 9.95994472600006 ], [ 76.245002747000058, 9.971221925000066 ], [ 76.256614685000045, 9.96452808500004 ], [ 76.262916565000069, 9.957500457000037 ], [ 76.262886047000052, 9.93913841400007 ], [ 76.271667481000065, 9.930360794000023 ], [ 76.277168274000076, 9.93322181700006 ], [ 76.268753052000079, 9.938305856000056 ], [ 76.267059326000037, 9.955833435000045 ], [ 76.257858278000072, 9.970833778000042 ], [ 76.274169922000056, 9.966250419000062 ], [ 76.288002014000085, 9.946611404000066 ], [ 76.27038574200003, 9.99083328200004 ], [ 76.274559021000073, 9.989944458000025 ], [ 76.276222229000041, 10.004972459000044 ], [ 76.267112732000044, 10.025860788000045 ], [ 76.259552002000078, 10.022500038000032 ], [ 76.263275147000058, 10.030388832000028 ], [ 76.270416260000047, 10.032500267000046 ], [ 76.264999389000081, 10.036250116000076 ], [ 76.244026184000063, 10.03591633000002 ], [ 76.234169006000059, 10.017889024000056 ], [ 76.230392456000061, 10.018305778000069 ], [ 76.239555359000065, 10.003333092000048 ], [ 76.24375152600004, 9.976638794000053 ], [ 76.240837097000053, 9.972916604000034 ], [ 76.236190795000084, 9.986666679000052 ], [ 76.219558716000051, 9.999111177000032 ], [ 76.200386047000052, 10.064167024000028 ], [ 76.179580689000034, 10.108333587000061 ], [ 76.180030823000038, 10.11786079500007 ], [ 76.192863465000073, 10.09997177200006 ], [ 76.184585571000071, 10.119166375000077 ], [ 76.18708038300008, 10.131638527000064 ], [ 76.183334351000042, 10.137083053000026 ], [ 76.174972535000052, 10.134555817000034 ], [ 76.172080994000055, 10.139944076000063 ], [ 76.180778504000045, 10.13958358900004 ], [ 76.182891846000075, 10.144166946000041 ], [ 76.167892456000061, 10.180000306000068 ], [ 76.173309327000084, 10.182888986000023 ], [ 76.178306579000036, 10.174555779000059 ], [ 76.178337097000053, 10.183750152000073 ], [ 76.19080352800006, 10.183750152000073 ], [ 76.208305359000065, 10.195388794000053 ], [ 76.19580841100003, 10.200388910000072 ], [ 76.177497864000031, 10.188750268000035 ], [ 76.159584045000031, 10.186666489000061 ], [ 76.161636352000073, 10.177888870000061 ], [ 76.15625, 10.184166909000055 ], [ 76.13952636700003, 10.257499695000035 ], [ 76.111221313000044, 10.349971771000071 ], [ 76.044975281000063, 10.499555588000021 ], [ 76.059165954000036, 10.475388528000053 ], [ 76.055358888000058, 10.486666679000052 ], [ 76.059555054000043, 10.488305093000065 ], [ 76.037109375000057, 10.522500038000032 ], [ 76.042083740000066, 10.521611214000075 ], [ 76.033752442000036, 10.527500154000052 ], [ 76.056640625000057, 10.533749580000062 ], [ 76.063331604000041, 10.524582864000024 ], [ 76.053695680000033, 10.541666984000074 ], [ 76.0625, 10.536250116000076 ], [ 76.065361023000037, 10.54330539800003 ], [ 76.050003051000033, 10.544555664000029 ], [ 76.044975281000063, 10.552055360000054 ], [ 76.047058105000076, 10.534166336000055 ], [ 76.03121948200004, 10.534166336000055 ], [ 76.028358460000049, 10.527860642000064 ], [ 75.942886352000073, 10.722499847000051 ], [ 75.940391540000064, 10.74163913700005 ], [ 75.94541931200007, 10.752471924000076 ], [ 75.938774109000065, 10.742500305000021 ], [ 75.938278198000035, 10.733722688000057 ], [ 75.928718568000079, 10.759166719000063 ], [ 75.930358887000068, 10.765777587000059 ], [ 75.919555664000029, 10.778333665000048 ], [ 75.955001831000061, 10.803722381000057 ], [ 75.960418701000037, 10.810832977000075 ], [ 75.957885743000077, 10.816638946000069 ], [ 75.944190979000041, 10.801221849000058 ], [ 75.916641235000043, 10.793722153000033 ], [ 75.92038726800007, 10.807499886000073 ], [ 75.910003662000065, 10.827055931000075 ], [ 75.911224365000066, 10.81166649000005 ], [ 75.916191101000038, 10.806638717000055 ], [ 75.916252137000072, 10.782472612000049 ], [ 75.912086487000067, 10.784944534000033 ], [ 75.882080078000058, 10.936638832000028 ], [ 75.86372375500008, 10.990777969000021 ], [ 75.86374664300007, 11.007499694000046 ], [ 75.83786010700004, 11.101638794000053 ], [ 75.826225281000063, 11.11997223000003 ], [ 75.841247558000077, 11.127471925000066 ], [ 75.842918396000073, 11.137444496000057 ], [ 75.848335266000049, 11.141222 ], [ 75.86624908400006, 11.124972343000024 ], [ 75.864608765000071, 11.115805627000043 ], [ 75.869552613000053, 11.124111175000053 ], [ 75.855445862000067, 11.140805244000035 ], [ 75.846664429000043, 11.143750191000038 ], [ 75.825836181000057, 11.123722076000035 ], [ 75.815391540000064, 11.145805359000065 ], [ 75.805389405000085, 11.154944421000039 ], [ 75.809997559000067, 11.16125011400004 ], [ 75.8125, 11.157055854000021 ], [ 75.828720093000072, 11.156611444000077 ], [ 75.813720703000058, 11.162444116000074 ], [ 75.827110290000064, 11.17913913700005 ], [ 75.816635132000044, 11.179555894000032 ], [ 75.810363770000038, 11.165805816000045 ], [ 75.803718567000033, 11.162471771000071 ], [ 75.780418396000073, 11.222499847000051 ], [ 75.787475586000085, 11.233722687000068 ], [ 75.800834656000063, 11.231222153000033 ], [ 75.801666260000047, 11.233750343000054 ], [ 75.786666870000033, 11.237055778000069 ], [ 75.782058716000051, 11.227472307000028 ], [ 75.777915954000036, 11.228361130000053 ], [ 75.747085571000071, 11.316638946000069 ], [ 75.735420227000077, 11.330805778000069 ], [ 75.737052917000085, 11.351638794000053 ], [ 75.740837097000053, 11.352889061000042 ], [ 75.745414734000065, 11.344944001000044 ], [ 75.747055054000043, 11.35499954200003 ], [ 75.75791931200007, 11.359972 ], [ 75.75, 11.362916946000041 ], [ 75.742469787000061, 11.354555131000041 ], [ 75.735420227000077, 11.356638909000026 ], [ 75.733718872000054, 11.346638679000023 ], [ 75.71875, 11.389972688000057 ], [ 75.713752746000068, 11.39080524600007 ], [ 75.688720703000058, 11.439944267000044 ], [ 75.659973144000048, 11.463749886000073 ], [ 75.649139405000085, 11.467888833000075 ], [ 75.635803223000039, 11.461277961000064 ], [ 75.629196167000032, 11.472083093000037 ], [ 75.620414734000065, 11.475832939000043 ], [ 75.622055054000043, 11.484138489000031 ], [ 75.596221924000076, 11.54994487700003 ], [ 75.597442627000078, 11.553750038000032 ], [ 75.60208129800003, 11.544944764000036 ], [ 75.596252441000047, 11.563333512000042 ], [ 75.599586486000078, 11.569999695000035 ], [ 75.586639405000085, 11.590389251000033 ], [ 75.592086792000032, 11.575805664000029 ], [ 75.589584351000042, 11.570805551000035 ], [ 75.567024231000062, 11.63080596900005 ], [ 75.532058716000051, 11.701611520000029 ], [ 75.54291534400005, 11.710778236000067 ], [ 75.527496337000059, 11.706222534000062 ], [ 75.511253357000044, 11.727499962000024 ], [ 75.504135133000034, 11.733722686000021 ], [ 75.497085571000071, 11.73333358800005 ], [ 75.475418091000051, 11.763278007000054 ], [ 75.483329773000037, 11.767916681000031 ], [ 75.489974976000042, 11.76458358800005 ], [ 75.484970093000072, 11.769583703000023 ], [ 75.475418091000051, 11.768278123000073 ], [ 75.486663819000057, 11.780444146000036 ], [ 75.468307495000033, 11.765360832000056 ], [ 75.456253051000033, 11.77244472600006 ], [ 75.464530945000035, 11.780805589000067 ], [ 75.462944031000063, 11.804139139000029 ], [ 75.459609985000043, 11.800000191000038 ], [ 75.462081909000062, 11.78166675600005 ], [ 75.452941894000048, 11.782500268000035 ], [ 75.45502472000004, 11.777889253000069 ], [ 75.43794250600007, 11.804166795000071 ], [ 75.38333129800003, 11.857889177000061 ], [ 75.376640320000035, 11.858694077000052 ], [ 75.366668701000037, 11.851249695000035 ], [ 75.35541534400005, 11.861666679000052 ], [ 75.337028503000056, 11.894166947000031 ], [ 75.317916870000033, 11.905805588000021 ], [ 75.321250916000054, 11.915778161000048 ], [ 75.300415039000029, 11.94330597000004 ], [ 75.304138183000077, 11.949583053000026 ], [ 75.33002471900005, 11.935416223000061 ], [ 75.344558716000051, 11.933333397000069 ], [ 75.33249664300007, 11.947083473000077 ], [ 75.317916870000033, 11.952500343000054 ], [ 75.309585571000071, 11.965806007000026 ], [ 75.314552308000032, 11.970000267000046 ], [ 75.303695678000054, 11.970027923000032 ], [ 75.313774109000065, 11.958305359000065 ], [ 75.314163208000082, 11.950416566000058 ], [ 75.304557800000055, 11.959972381000057 ], [ 75.29286194000008, 11.985833168000056 ], [ 75.280807495000033, 11.995416642000066 ], [ 75.287086487000067, 11.97497177300005 ], [ 75.304557800000055, 11.954166412000063 ], [ 75.292503357000044, 11.952055932000064 ], [ 75.264526368000077, 11.990777969000021 ], [ 75.232055664000029, 12.021666526000047 ], [ 75.219970703000058, 12.010360717000026 ], [ 75.201248169000053, 12.004111291000072 ], [ 75.120414734000065, 12.194999696000025 ], [ 75.124969483000029, 12.202055931000075 ], [ 75.130218506000062, 12.197860719000062 ], [ 75.131225586000085, 12.212499620000074 ], [ 75.11711120700005, 12.214638710000031 ], [ 75.123748780000085, 12.203305244000035 ], [ 75.117919922000056, 12.202444078000042 ], [ 75.082054138000046, 12.297444343000052 ], [ 75.04877471900005, 12.369972229000041 ], [ 75.040832519000048, 12.386249544000066 ], [ 75.028747559000067, 12.393305778000069 ], [ 75.004554748000032, 12.437472344000071 ], [ 75.005386352000073, 12.441666604000034 ], [ 75.010002136000082, 12.442055702000062 ], [ 75.01413726800007, 12.447055817000034 ], [ 75.003334045000031, 12.44124984900003 ], [ 74.985389710000049, 12.477499963000071 ], [ 74.994972229000041, 12.468694687000038 ], [ 75.003334045000031, 12.468694687000038 ], [ 75.006248474000074, 12.479139329000077 ], [ 75.002052307000042, 12.491611480000074 ], [ 75.0, 12.47455596900005 ], [ 74.992057801000044, 12.478361130000053 ], [ 74.982475280000074, 12.497083664000058 ], [ 74.985389710000049, 12.481638908000036 ], [ 74.979614258000083, 12.487472534000062 ], [ 74.953697204000036, 12.558333397000069 ], [ 74.933692932000042, 12.593305588000021 ], [ 74.930358887000068, 12.604971887000033 ], [ 74.942085266000049, 12.585833549000029 ], [ 74.933692932000042, 12.606694222000044 ], [ 74.936225891000049, 12.614138604000061 ], [ 74.929138183000077, 12.607083320000072 ], [ 74.888694763000046, 12.699972152000043 ], [ 74.892440796000074, 12.703722001000074 ], [ 74.900413513000046, 12.692472459000044 ], [ 74.895416260000047, 12.704166412000063 ], [ 74.883720398000037, 12.706639291000045 ], [ 74.855392456000061, 12.781666757000039 ], [ 74.844612122000058, 12.795000078000044 ], [ 74.825386047000052, 12.83833313100007 ], [ 74.828308107000055, 12.840416908000066 ], [ 74.833747864000031, 12.830805778000069 ], [ 74.843307495000033, 12.822889329000077 ], [ 74.840362549000076, 12.826639175000025 ], [ 74.847030640000071, 12.82830524600007 ], [ 74.837081910000052, 12.829972268000063 ], [ 74.840026856000065, 12.832027435000043 ], [ 74.869552612000064, 12.833305359000065 ], [ 74.866638183000077, 12.841221811000025 ], [ 74.845802307000042, 12.838749885000027 ], [ 74.832107544000053, 12.847472191000065 ], [ 74.831222534000062, 12.869972229000041 ], [ 74.821250915000064, 12.884166717000028 ], [ 74.822891235000043, 12.899999618000038 ], [ 74.813919067000029, 12.907527924000021 ], [ 74.817916870000033, 12.898333549000029 ], [ 74.815391541000054, 12.889139177000061 ], [ 74.830413819000057, 12.845805169000073 ], [ 74.822113037000065, 12.849194526000076 ], [ 74.807052612000064, 12.914972305000049 ], [ 74.807472229000041, 12.920389175000025 ], [ 74.811691285000052, 12.917916299000069 ], [ 74.82041931100008, 12.927444458000025 ], [ 74.816635132000044, 12.932055473000048 ], [ 74.817085266000049, 12.927444458000025 ], [ 74.810806274000072, 12.924583435000045 ], [ 74.804527282000038, 12.929166794000025 ], [ 74.77536010700004, 13.064999580000062 ], [ 74.77583313000008, 13.074583055000062 ], [ 74.78083038300008, 13.058750154000052 ], [ 74.777885437000066, 13.075778007000054 ], [ 74.78119659400005, 13.08997249600003 ], [ 74.777442932000042, 13.095417022000049 ], [ 74.778335571000071, 13.082916261000037 ], [ 74.772888184000067, 13.086638450000066 ], [ 74.77500152600004, 13.077055931000075 ], [ 74.762084961000085, 13.115805626000054 ], [ 74.763725280000074, 13.124972343000024 ], [ 74.751251220000029, 13.173333168000056 ], [ 74.734558105000076, 13.220805169000073 ], [ 74.73041534400005, 13.251667024000028 ], [ 74.71871948200004, 13.279972076000035 ], [ 74.714553833000082, 13.317472458000054 ], [ 74.708747864000031, 13.332500459000073 ], [ 74.69541931100008, 13.343277931000046 ], [ 74.713722229000041, 13.334972381000057 ], [ 74.712081909000062, 13.341638565000039 ], [ 74.707443237000064, 13.340360641000075 ], [ 74.70163726800007, 13.349611283000058 ], [ 74.699996948000035, 13.345417024000028 ], [ 74.696220398000037, 13.348333360000026 ], [ 74.691253662000065, 13.444167138000068 ], [ 74.694999695000035, 13.451222421000068 ], [ 74.696220398000037, 13.414999963000071 ], [ 74.70747375500008, 13.409555436000062 ], [ 74.711219787000061, 13.415805816000045 ], [ 74.702056885000047, 13.425000192000027 ], [ 74.702888489000031, 13.433333397000069 ], [ 74.714141846000075, 13.433750154000052 ], [ 74.71871948200004, 13.439138412000034 ], [ 74.71958160500003, 13.452472687000068 ], [ 74.714530944000046, 13.449999810000065 ], [ 74.717056274000072, 13.442472458000054 ], [ 74.70664215100004, 13.437055589000067 ], [ 74.698753357000044, 13.446639061000042 ], [ 74.699554444000057, 13.467472077000025 ], [ 74.696197510000047, 13.468333244000064 ], [ 74.697052002000078, 13.454166414000042 ], [ 74.688774109000065, 13.462471962000052 ], [ 74.677886963000049, 13.568333626000026 ], [ 74.666252136000082, 13.630861284000048 ], [ 74.672058105000076, 13.632472040000039 ], [ 74.671249389000081, 13.619999885000027 ], [ 74.680000305000078, 13.605388641000047 ], [ 74.682052612000064, 13.619166375000077 ], [ 74.675415039000029, 13.622471810000036 ], [ 74.679138184000067, 13.633749963000071 ], [ 74.685836792000032, 13.637944223000034 ], [ 74.70249939100006, 13.637110710000059 ], [ 74.700836183000035, 13.626250267000046 ], [ 74.706222534000062, 13.628305436000062 ], [ 74.706665039000029, 13.637110710000059 ], [ 74.720832825000059, 13.632861138000067 ], [ 74.72205352800006, 13.638333322000051 ], [ 74.69830322200005, 13.653750420000051 ], [ 74.679527283000084, 13.649999618000038 ], [ 74.686225891000049, 13.65586090000005 ], [ 74.679580689000034, 13.656639099000074 ], [ 74.682502746000068, 13.672027588000049 ], [ 74.677917481000065, 13.681694031000063 ], [ 74.672859192000033, 13.678277969000021 ], [ 74.669113159000062, 13.663749695000035 ], [ 74.674613953000062, 13.648305894000032 ], [ 74.669586181000057, 13.636666299000069 ], [ 74.66458129800003, 13.636638643000026 ], [ 74.660385132000044, 13.655833245000053 ], [ 74.650390625000057, 13.664138795000042 ], [ 74.643722534000062, 13.681638719000034 ], [ 74.626220703000058, 13.796667099000047 ], [ 74.622055053000054, 13.798333168000056 ], [ 74.606246948000035, 13.867500305000021 ], [ 74.596252442000036, 13.880861282000069 ], [ 74.584526062000066, 13.920805932000064 ], [ 74.589584351000042, 13.919138910000072 ], [ 74.58583069000008, 13.922916412000063 ], [ 74.576248169000053, 13.923305511000024 ], [ 74.567497253000056, 13.945388795000042 ], [ 74.560806275000061, 13.942055702000062 ], [ 74.55661010700004, 13.948721885000054 ], [ 74.547447206000072, 13.944555282000067 ], [ 74.54577636700003, 13.954555511000024 ], [ 74.540359497000054, 13.955861091000031 ], [ 74.535003662000065, 13.966250419000062 ], [ 74.532470703000058, 13.962027549000027 ], [ 74.512916566000058, 13.986639023000066 ], [ 74.502891540000064, 14.023305893000042 ], [ 74.514190674000076, 14.026277543000049 ], [ 74.526664734000065, 14.020444871000052 ], [ 74.529197693000071, 14.022055627000043 ], [ 74.509582520000038, 14.030777931000046 ], [ 74.507499695000035, 14.042111398000031 ], [ 74.507057190000069, 14.027444839000054 ], [ 74.502052307000042, 14.026638986000023 ], [ 74.488693237000064, 14.088277817000062 ], [ 74.481224060000045, 14.090833664000058 ], [ 74.485809326000037, 14.092055320000043 ], [ 74.487083435000045, 14.099111558000061 ], [ 74.467056275000061, 14.191694260000077 ], [ 74.46333313000008, 14.197083473000077 ], [ 74.454559326000037, 14.197527887000035 ], [ 74.449584961000085, 14.214972497000076 ], [ 74.443725586000085, 14.220000267000046 ], [ 74.44541931200007, 14.225805282000067 ], [ 74.427108764000081, 14.277500153000062 ], [ 74.430000305000078, 14.278750421000041 ], [ 74.434135437000066, 14.267055513000059 ], [ 74.43708038300008, 14.268333436000034 ], [ 74.454971313000044, 14.245388986000023 ], [ 74.472503662000065, 14.252916336000055 ], [ 74.490837097000053, 14.242888450000066 ], [ 74.517082214000084, 14.24163913700005 ], [ 74.492919922000056, 14.254944801000022 ], [ 74.486251831000061, 14.265805245000024 ], [ 74.493721010000058, 14.267472267000073 ], [ 74.481697083000029, 14.277028084000051 ], [ 74.442497254000045, 14.27208328200004 ], [ 74.428718567000033, 14.288277626000024 ], [ 74.429527283000084, 14.296667099000047 ], [ 74.423751831000061, 14.300777435000043 ], [ 74.427917481000065, 14.305000306000068 ], [ 74.427444458000082, 14.30872249600003 ], [ 74.422058105000076, 14.299972534000062 ], [ 74.430389404000039, 14.283305168000027 ], [ 74.425804138000046, 14.281222343000024 ], [ 74.422027588000049, 14.285805703000051 ], [ 74.412887573000035, 14.310805321000032 ], [ 74.404609680000078, 14.374972343000024 ], [ 74.393722534000062, 14.413305284000046 ], [ 74.405029296000066, 14.417916297000033 ], [ 74.409164429000043, 14.408749582000041 ], [ 74.40955352800006, 14.414999962000024 ], [ 74.405776978000063, 14.419583320000072 ], [ 74.388305664000029, 14.413749694000046 ], [ 74.38291931100008, 14.416666984000074 ], [ 74.383750916000054, 14.435777664000057 ], [ 74.372055054000043, 14.469972612000049 ], [ 74.360443115000066, 14.496639251000033 ], [ 74.349586487000067, 14.50163841400007 ], [ 74.369140625000057, 14.524555206000059 ], [ 74.377441406000059, 14.525888444000032 ], [ 74.371223450000059, 14.535805702000062 ], [ 74.377471924000076, 14.538749695000035 ], [ 74.383331300000066, 14.530388832000028 ], [ 74.382888794000053, 14.539111137000077 ], [ 74.36289215100004, 14.540778160000059 ], [ 74.366668701000037, 14.547916414000042 ], [ 74.37708282400007, 14.545805931000075 ], [ 74.364585878000071, 14.550777436000033 ], [ 74.371612549000076, 14.562055588000021 ], [ 74.353302002000078, 14.537083625000037 ], [ 74.345802307000042, 14.542916298000023 ], [ 74.356224060000045, 14.524971963000041 ], [ 74.353302002000078, 14.518722534000062 ], [ 74.341636657000038, 14.511221886000044 ], [ 74.310806274000072, 14.517916680000042 ], [ 74.314552307000042, 14.523305893000042 ], [ 74.310363769000048, 14.529972076000035 ], [ 74.312919616000045, 14.541666984000074 ], [ 74.292053223000039, 14.594139099000074 ], [ 74.300804138000046, 14.587055208000038 ], [ 74.305809021000073, 14.595388412000034 ], [ 74.314163208000082, 14.594555856000056 ], [ 74.319969177000075, 14.600360872000067 ], [ 74.334136963000049, 14.602889061000042 ], [ 74.349945068000068, 14.597861290000026 ], [ 74.346221924000076, 14.602527618000067 ], [ 74.349586487000067, 14.604139328000031 ], [ 74.327445984000065, 14.608722687000068 ], [ 74.314163208000082, 14.59955596900005 ], [ 74.315391541000054, 14.60580539800003 ], [ 74.322082519000048, 14.609167100000036 ], [ 74.31327820000007, 14.615388870000061 ], [ 74.311195373000032, 14.600000383000065 ], [ 74.290000916000054, 14.596194268000033 ], [ 74.267913818000068, 14.624166489000061 ], [ 74.271667480000076, 14.627083778000042 ], [ 74.279113770000038, 14.623722077000025 ], [ 74.282470703000058, 14.64124965600007 ], [ 74.285774231000062, 14.639527322000049 ], [ 74.289970398000037, 14.641277313000046 ], [ 74.293334962000074, 14.636221887000033 ], [ 74.296218872000054, 14.638305664000029 ], [ 74.278747559000067, 14.647500038000032 ], [ 74.277053833000082, 14.655805587000032 ], [ 74.291191101000038, 14.659999847000051 ], [ 74.276222229000041, 14.659138679000023 ], [ 74.274559021000073, 14.669138908000036 ], [ 74.280357360000039, 14.673333168000056 ], [ 74.265419006000059, 14.700833320000072 ], [ 74.254554749000079, 14.704944612000077 ], [ 74.278305054000043, 14.708749772000033 ], [ 74.283721924000076, 14.712499618000038 ], [ 74.26997375500008, 14.712055206000059 ], [ 74.269165039000029, 14.721249580000062 ], [ 74.261253357000044, 14.709972382000046 ], [ 74.247886658000084, 14.735805511000024 ], [ 74.233360290000064, 14.744610788000045 ], [ 74.22705841100003, 14.742527961000064 ], [ 74.227890015000071, 14.736666680000042 ], [ 74.222473144000048, 14.732916832000058 ], [ 74.208335876000035, 14.730388642000037 ], [ 74.203720094000062, 14.734167099000047 ], [ 74.205863952000072, 14.713749885000027 ], [ 74.190414429000043, 14.723333360000026 ], [ 74.191223145000038, 14.731666565000069 ], [ 74.179969788000051, 14.744583130000024 ], [ 74.162918091000051, 14.749194146000036 ], [ 74.169113160000052, 14.760389328000031 ], [ 74.165802002000078, 14.76124954200003 ], [ 74.154136658000084, 14.742083551000064 ], [ 74.149581909000062, 14.746666910000044 ], [ 74.154556274000072, 14.758333207000021 ], [ 74.138725281000063, 14.775833129000034 ], [ 74.126640320000035, 14.777055742000073 ], [ 74.117500306000068, 14.771222116000047 ], [ 74.114974976000042, 14.783721924000076 ], [ 74.109169006000059, 14.780388832000028 ], [ 74.109527588000049, 14.787444115000028 ], [ 74.094169616000045, 14.795416832000058 ], [ 74.092086792000032, 14.800805092000076 ], [ 74.112503052000079, 14.801221849000058 ], [ 74.110809326000037, 14.793749809000076 ], [ 74.120002747000058, 14.798722268000063 ], [ 74.124557495000033, 14.805805208000038 ], [ 74.125808716000051, 14.837055206000059 ], [ 74.139968872000054, 14.832111360000056 ], [ 74.151641846000075, 14.839555742000073 ], [ 74.16416931200007, 14.837082863000035 ], [ 74.161636353000063, 14.817083359000037 ], [ 74.16455841100003, 14.824972154000022 ], [ 74.167945862000067, 14.823305131000041 ], [ 74.16541290300006, 14.829166413000053 ], [ 74.169975281000063, 14.827917100000036 ], [ 74.171249389000081, 14.837444305000076 ], [ 74.169975281000063, 14.841221809000047 ], [ 74.158691406000059, 14.842499733000068 ], [ 74.167472839000084, 14.849611283000058 ], [ 74.16471862800006, 14.858555795000029 ], [ 74.152442932000042, 14.856277467000041 ], [ 74.132499695000035, 14.842055322000022 ], [ 74.118309021000073, 14.847916604000034 ], [ 74.127029419000053, 14.83997249600003 ], [ 74.115386964000038, 14.840806009000062 ], [ 74.103691101000038, 14.872500421000041 ], [ 74.097885132000044, 14.87747192300003 ], [ 74.09705352800006, 14.891638757000067 ], [ 74.081222534000062, 14.899167061000071 ], [ 74.07663726800007, 14.907055855000067 ], [ 74.058334352000031, 14.90625 ], [ 74.041221619000055, 14.917471887000033 ], [ 74.04536438000008, 14.929139138000039 ], [ 74.042945862000067, 14.946639062000031 ], [ 74.054580688000044, 14.954972267000073 ], [ 74.05039215100004, 14.958333015000051 ], [ 74.052497864000031, 14.962082864000024 ], [ 74.049613953000062, 14.960000038000032 ], [ 74.049552918000074, 14.957471847000022 ], [ 74.052108765000071, 14.95494461100003 ], [ 74.047920227000077, 14.956666948000077 ], [ 74.040390015000071, 14.975861549000058 ], [ 74.033752441000047, 14.980833055000062 ], [ 74.05127716100003, 14.984167100000036 ], [ 74.043334961000085, 14.987055780000048 ], [ 74.037109375000057, 14.983305931000075 ], [ 74.035385131000055, 14.997471809000047 ], [ 74.027053833000082, 15.001610757000037 ], [ 74.028724671000077, 15.006610870000031 ], [ 74.01914215100004, 15.014611246000072 ], [ 74.014968873000043, 15.009583473000077 ], [ 74.00830841100003, 15.016222001000074 ], [ 73.992027283000084, 15.018333435000045 ], [ 73.98789215100004, 15.029166222000072 ], [ 73.992919922000056, 15.031639099000074 ], [ 73.984191895000038, 15.053750039000022 ], [ 73.976638794000053, 15.048722267000073 ], [ 73.969558716000051, 15.063333511000053 ], [ 73.954971314000034, 15.072055816000045 ], [ 73.941612243000066, 15.073721887000033 ], [ 73.930809021000073, 15.083722115000057 ], [ 73.912918091000051, 15.083277702000032 ], [ 73.92624664300007, 15.095805169000073 ], [ 73.92038726800007, 15.10827732100006 ], [ 73.93708038300008, 15.114166261000037 ], [ 73.941276550000055, 15.129166604000034 ], [ 73.93708038300008, 15.131610870000031 ], [ 73.94666290300006, 15.140388490000078 ], [ 73.957084657000053, 15.135833740000066 ], [ 73.952919007000048, 15.144944192000025 ], [ 73.956275940000069, 15.145833015000051 ], [ 73.956275940000069, 15.15747261000007 ], [ 73.949195862000067, 15.142861366000034 ], [ 73.934555054000043, 15.208360673000072 ], [ 73.89785766600005, 15.328305244000035 ], [ 73.877502442000036, 15.367083549000029 ], [ 73.843307495000033, 15.357083320000072 ], [ 73.829971314000034, 15.36958313100007 ], [ 73.808364868000069, 15.375444413000025 ], [ 73.80708313000008, 15.391666412000063 ], [ 73.792442322000056, 15.392916680000042 ], [ 73.78455352800006, 15.408305168000027 ], [ 73.787498474000074, 15.412917138000068 ], [ 73.796669007000048, 15.412917138000068 ], [ 73.808280945000035, 15.39788913700005 ], [ 73.817886353000063, 15.403333664000058 ], [ 73.818336487000067, 15.409583092000048 ], [ 73.825836182000046, 15.402916910000044 ], [ 73.844139099000074, 15.408749581000052 ], [ 73.846611023000037, 15.398722650000025 ], [ 73.868309021000073, 15.402111053000056 ], [ 73.876640320000035, 15.396222114000068 ], [ 73.885833741000056, 15.400416374000031 ], [ 73.885223390000078, 15.427555084000062 ], [ 73.86413574200003, 15.427916526000047 ], [ 73.859580994000055, 15.439999580000062 ], [ 73.848274231000062, 15.450388908000036 ], [ 73.842445374000079, 15.445416450000039 ], [ 73.82661438000008, 15.452055931000075 ], [ 73.802474976000042, 15.45036125200005 ], [ 73.788749694000046, 15.459138870000061 ], [ 73.801666259000058, 15.459610939000072 ], [ 73.80625152600004, 15.464166641000077 ], [ 73.809555054000043, 15.486694337000074 ], [ 73.826080322000053, 15.503833772000064 ], [ 73.819137573000035, 15.508722307000028 ], [ 73.809974670000031, 15.494610786000067 ], [ 73.781669617000034, 15.497888565000039 ], [ 73.787918090000062, 15.494138719000034 ], [ 73.769996644000059, 15.489555360000054 ], [ 73.761276245000033, 15.532444 ], [ 73.742080688000044, 15.564138412000034 ], [ 73.733779907000041, 15.588305475000027 ], [ 73.737503053000069, 15.607916832000058 ], [ 73.750778198000035, 15.604555130000051 ], [ 73.757888794000053, 15.613305091000029 ], [ 73.748725891000049, 15.620833397000069 ], [ 73.76166534400005, 15.625389099000074 ], [ 73.78958129800003, 15.652444841000033 ], [ 73.77586364800004, 15.650416375000077 ], [ 73.76413726800007, 15.63624954200003 ], [ 73.742500305000078, 15.622056008000072 ], [ 73.738281250000057, 15.613721847000022 ], [ 73.733718872000054, 15.614944458000025 ], [ 73.719581604000041, 15.637472154000022 ], [ 73.717918396000073, 15.653306007000026 ], [ 73.713752747000058, 15.654138565000039 ], [ 73.691223144000048, 15.713305473000048 ], [ 73.692497253000056, 15.717111589000069 ], [ 73.715805054000043, 15.722916604000034 ], [ 73.716247559000067, 15.729166985000063 ], [ 73.70749664300007, 15.733722687000068 ], [ 73.697891236000032, 15.728333473000077 ], [ 73.695808410000041, 15.71872234500006 ], [ 73.680809021000073, 15.718750001000046 ], [ 73.670829773000037, 15.732861519000039 ], [ 73.652885437000066, 15.740805626000054 ], [ 73.668304443000068, 15.754555702000062 ], [ 73.67622375600007, 15.751667023000039 ], [ 73.669998169000053, 15.758749962000024 ], [ 73.664581299000076, 15.754166603000044 ], [ 73.655418396000073, 15.788332940000032 ], [ 73.666252137000072, 15.808305740000037 ], [ 73.655807495000033, 15.79125023000006 ], [ 73.638694763000046, 15.813305855000067 ], [ 73.640388489000031, 15.819110870000031 ], [ 73.629585266000049, 15.849166871000023 ], [ 73.622474670000031, 15.855388641000047 ], [ 73.616668701000037, 15.852889061000042 ], [ 73.61127471900005, 15.862500191000038 ], [ 73.629196167000032, 15.871222497000076 ], [ 73.611663818000068, 15.865416526000047 ], [ 73.590385438000055, 15.90747261100006 ], [ 73.597526550000055, 15.921222687000068 ], [ 73.58747100800008, 15.909583093000037 ], [ 73.573280335000049, 15.911250116000076 ], [ 73.538330078000058, 15.939611435000074 ], [ 73.535003662000065, 15.932055473000048 ], [ 73.525802612000064, 15.93872261000007 ], [ 73.511222839000084, 15.938333511000053 ], [ 73.503753662000065, 15.95330524600007 ], [ 73.508720398000037, 15.961667061000071 ], [ 73.509109497000054, 15.989555360000054 ], [ 73.498725891000049, 15.984167100000036 ], [ 73.504974365000066, 15.96372223000003 ], [ 73.487052917000028, 15.988305093000065 ], [ 73.492080689000034, 16.014110566000056 ], [ 73.482086182000046, 16.038333893000072 ], [ 73.470832825000059, 16.043750763000048 ], [ 73.465835571000071, 16.053693771000042 ], [ 73.457054138000046, 16.053304673000071 ], [ 73.45788574200003, 16.061695099000076 ], [ 73.473724365000066, 16.072471618000066 ], [ 73.466636657000038, 16.072082520000038 ], [ 73.459587098000043, 16.07913970900006 ], [ 73.459526062000066, 16.085805893000042 ], [ 73.468719483000029, 16.087472915000035 ], [ 73.476196289000029, 16.095777512000041 ], [ 73.470802307000042, 16.096221924000076 ], [ 73.467025757000044, 16.105833053000026 ], [ 73.467086792000032, 16.124139786000057 ], [ 73.473724365000066, 16.131639482000026 ], [ 73.466636657000038, 16.140417100000036 ], [ 73.462890625000057, 16.135805131000041 ], [ 73.46247100800008, 16.091222764000065 ], [ 73.459556580000083, 16.122472763000076 ], [ 73.438751220000029, 16.19416618300005 ], [ 73.444190979000041, 16.197082519000048 ], [ 73.447502137000072, 16.190389633000052 ], [ 73.446220398000037, 16.200834274000044 ], [ 73.456253052000079, 16.212499620000074 ], [ 73.449584961000085, 16.215026857000055 ], [ 73.45161438000008, 16.225416185000029 ], [ 73.437919616000045, 16.200805664000029 ], [ 73.430442810000045, 16.199167251000063 ], [ 73.432052612000064, 16.205833435000045 ], [ 73.412918091000051, 16.259971619000055 ], [ 73.412940979000041, 16.272472382000046 ], [ 73.416664124000079, 16.281221389000052 ], [ 73.427497863000042, 16.279582977000075 ], [ 73.434997559000067, 16.283721925000066 ], [ 73.422470093000072, 16.282083511000053 ], [ 73.419136047000052, 16.289583207000078 ], [ 73.408691406000059, 16.274166107000042 ], [ 73.405441284000062, 16.294971467000039 ], [ 73.393722534000062, 16.310832977000075 ], [ 73.394554138000046, 16.324972152000043 ], [ 73.385391236000032, 16.335805894000032 ], [ 73.390830994000055, 16.359527588000049 ], [ 73.399971009000069, 16.353750228000024 ], [ 73.427886963000049, 16.371639252000023 ], [ 73.406639099000074, 16.359556199000053 ], [ 73.395835876000035, 16.360445024000057 ], [ 73.394165039000029, 16.367027282000038 ], [ 73.385864258000083, 16.358694077000052 ], [ 73.374137878000056, 16.358722687000068 ], [ 73.370361328000058, 16.361665727000059 ], [ 73.372886658000084, 16.372499466000022 ], [ 73.367080689000034, 16.379167557000073 ], [ 73.370803834000071, 16.38872146600005 ], [ 73.375389099000074, 16.386667253000041 ], [ 73.375, 16.37622261000007 ], [ 73.388305664000029, 16.392915726000069 ], [ 73.401641845000029, 16.38958358900004 ], [ 73.410003662000065, 16.407083512000042 ], [ 73.456665039000029, 16.40788841400007 ], [ 73.46875, 16.413305282000067 ], [ 73.425804138000046, 16.409555436000062 ], [ 73.407501221000075, 16.415388109000048 ], [ 73.40619659400005, 16.407527923000032 ], [ 73.396636963000049, 16.399583818000053 ], [ 73.386642456000061, 16.40122223000003 ], [ 73.38080596900005, 16.394582748000062 ], [ 73.36997223000003, 16.394556045000058 ], [ 73.35788726800007, 16.440834045000031 ], [ 73.367500305000078, 16.436195375000068 ], [ 73.381668091000051, 16.448694229000068 ], [ 73.387886048000041, 16.448360444000059 ], [ 73.38080596900005, 16.45208358800005 ], [ 73.369163513000046, 16.441194534000033 ], [ 73.353279114000031, 16.442916871000023 ], [ 73.342086792000032, 16.474166870000033 ], [ 73.332054138000046, 16.485834121000039 ], [ 73.327079773000037, 16.510833740000066 ], [ 73.317085266000049, 16.510805130000051 ], [ 73.320388794000053, 16.520000459000073 ], [ 73.312889099000074, 16.539972305000049 ], [ 73.321281433000081, 16.548305511000024 ], [ 73.320808410000041, 16.554555893000042 ], [ 73.324195861000078, 16.549583435000045 ], [ 73.336692810000045, 16.560417176000044 ], [ 73.348724365000066, 16.538305283000057 ], [ 73.347915649000072, 16.528305055000033 ], [ 73.364585877000081, 16.514165878000028 ], [ 73.35208129800003, 16.513305664000029 ], [ 73.356224060000045, 16.509166717000028 ], [ 73.352912902000071, 16.499139785000068 ], [ 73.362442016000045, 16.477945329000022 ], [ 73.362052917000028, 16.494972229000041 ], [ 73.35541534400005, 16.499971389000052 ], [ 73.360832215000073, 16.507083894000061 ], [ 73.411636352000073, 16.506250381000029 ], [ 73.418334961000085, 16.510389328000031 ], [ 73.434196473000043, 16.498750686000051 ], [ 73.443748474000074, 16.499971389000052 ], [ 73.424972534000062, 16.512056350000023 ], [ 73.40000152600004, 16.510416031000034 ], [ 73.378303527000071, 16.514554977000046 ], [ 73.362472534000062, 16.523721695000063 ], [ 73.357475281000063, 16.53705596900005 ], [ 73.37544250500008, 16.537500383000065 ], [ 73.372497558000077, 16.542055130000051 ], [ 73.354164124000079, 16.541221620000044 ], [ 73.349113466000063, 16.554555893000042 ], [ 73.372497558000077, 16.547056198000064 ], [ 73.388359070000035, 16.552055359000065 ], [ 73.398307801000044, 16.548749925000038 ], [ 73.400024414000029, 16.543693542000028 ], [ 73.40955352800006, 16.556638717000055 ], [ 73.404197693000071, 16.557916641000077 ], [ 73.399971009000069, 16.551221847000022 ], [ 73.392440796000074, 16.552083970000069 ], [ 73.391639710000049, 16.556194307000055 ], [ 73.359138489000031, 16.552917480000076 ], [ 73.358749390000071, 16.564167022000049 ], [ 73.348335266000049, 16.563722612000049 ], [ 73.344169617000034, 16.577054977000046 ], [ 73.33164215100004, 16.576221467000039 ], [ 73.321281433000081, 16.590833665000048 ], [ 73.322860718000072, 16.598304748000032 ], [ 73.318748474000074, 16.598333359000037 ], [ 73.332496644000059, 16.606250763000048 ], [ 73.354141235000043, 16.592916488000071 ], [ 73.35205841100003, 16.600833893000072 ], [ 73.348335266000049, 16.598722457000065 ], [ 73.342918396000073, 16.605806352000059 ], [ 73.354530335000049, 16.611639023000066 ], [ 73.354972839000084, 16.622083664000058 ], [ 73.373306274000072, 16.628723146000027 ], [ 73.383720398000037, 16.613306045000058 ], [ 73.380416870000033, 16.598304748000032 ], [ 73.400779724000074, 16.588750839000056 ], [ 73.400390625000057, 16.593276978000063 ], [ 73.384552002000078, 16.600860597000064 ], [ 73.389968872000054, 16.614555358000075 ], [ 73.402114868000069, 16.615804672000024 ], [ 73.394554138000046, 16.620777130000022 ], [ 73.390808106000065, 16.635389328000031 ], [ 73.386642456000061, 16.630361558000061 ], [ 73.375030519000063, 16.630388260000075 ], [ 73.371635438000055, 16.636222841000063 ], [ 73.369552612000064, 16.63080596900005 ], [ 73.349166870000033, 16.619556427000077 ], [ 73.332862854000041, 16.619138717000055 ], [ 73.342918396000073, 16.625833513000032 ], [ 73.342086792000032, 16.632472992000032 ], [ 73.333335876000035, 16.639583587000061 ], [ 73.32666778600003, 16.634527207000076 ], [ 73.324554445000047, 16.64330482400004 ], [ 73.334587097000053, 16.647443773000077 ], [ 73.332084656000063, 16.682500841000035 ], [ 73.342918396000073, 16.68247223000003 ], [ 73.345390320000035, 16.691667556000027 ], [ 73.330802918000074, 16.685417176000044 ], [ 73.321609497000054, 16.69372177300005 ], [ 73.31461334200003, 16.719999313000073 ], [ 73.30708313000008, 16.728305817000034 ], [ 73.305389404000039, 16.764165878000028 ], [ 73.310386658000084, 16.785833359000037 ], [ 73.317886353000063, 16.793306350000023 ], [ 73.319580078000058, 16.804166794000025 ], [ 73.331665040000075, 16.809583665000048 ], [ 73.342887878000056, 16.795000077000054 ], [ 73.338752747000058, 16.784166336000055 ], [ 73.342918396000073, 16.785804748000032 ], [ 73.346221924000076, 16.794971467000039 ], [ 73.331222534000062, 16.82250023000006 ], [ 73.346252441000047, 16.828306198000064 ], [ 73.33247375500008, 16.827917099000047 ], [ 73.316635132000044, 16.805389405000028 ], [ 73.297027588000049, 16.813333511000053 ], [ 73.298721314000034, 16.824138643000026 ], [ 73.288749695000035, 16.840805054000043 ], [ 73.293693542000028, 16.846639633000052 ], [ 73.288719177000075, 16.856637955000053 ], [ 73.296249389000081, 16.860834122000028 ], [ 73.287940979000041, 16.871665956000072 ], [ 73.288749695000035, 16.879138948000048 ], [ 73.297500611000032, 16.88872146600005 ], [ 73.317085266000049, 16.883333207000078 ], [ 73.298362732000044, 16.898721695000063 ], [ 73.285804748000032, 16.889610290000064 ], [ 73.277915955000083, 16.890806198000064 ], [ 73.286247255000035, 16.913305282000067 ], [ 73.282058716000051, 16.92830467400006 ], [ 73.290359497000054, 16.931638718000045 ], [ 73.282913208000082, 16.952472686000021 ], [ 73.293724060000045, 16.955833436000034 ], [ 73.296669007000048, 16.980417252000052 ], [ 73.302917480000076, 16.97497177200006 ], [ 73.30622100800008, 16.958333969000023 ], [ 73.310775757000044, 16.954526902000055 ], [ 73.31827545200008, 16.957056045000058 ], [ 73.33164215100004, 16.944555283000057 ], [ 73.32702636700003, 16.95913887100005 ], [ 73.330413818000068, 16.96750068800003 ], [ 73.320808410000041, 16.960416795000071 ], [ 73.314140320000035, 16.961221695000063 ], [ 73.313331604000041, 16.977056503000028 ], [ 73.307502746000068, 16.971221924000076 ], [ 73.305000305000078, 16.982084274000044 ], [ 73.290802002000078, 16.988750458000027 ], [ 73.272026062000066, 16.986639024000056 ], [ 73.270362854000041, 16.995000839000056 ], [ 73.283332825000059, 16.997917175000055 ], [ 73.286247255000035, 17.010805131000041 ], [ 73.278335571000071, 17.023721696000052 ], [ 73.259140014000081, 17.019527435000043 ], [ 73.257057190000069, 17.047527313000046 ], [ 73.265808105000076, 17.047889710000049 ], [ 73.279586792000032, 17.034166337000045 ], [ 73.277114868000069, 17.025833129000034 ], [ 73.289581299000076, 17.010833740000066 ], [ 73.287498474000074, 16.998750686000051 ], [ 73.294525146000069, 17.004972458000054 ], [ 73.292892456000061, 17.015806199000053 ], [ 73.297920227000077, 17.019971848000068 ], [ 73.28955841100003, 17.027471542000058 ], [ 73.291221619000055, 17.033361435000074 ], [ 73.317497253000056, 17.029556274000072 ], [ 73.324996948000035, 17.032083511000053 ], [ 73.325416565000069, 17.040000917000043 ], [ 73.304191589000084, 17.037944794000055 ], [ 73.292526245000033, 17.04955482500003 ], [ 73.281639100000064, 17.03791618300005 ], [ 73.290390015000071, 17.054166794000025 ], [ 73.291221619000055, 17.074138641000047 ], [ 73.297080993000066, 17.073333741000056 ], [ 73.296669007000048, 17.067083359000037 ], [ 73.315414430000033, 17.084167480000076 ], [ 73.306640625000057, 17.077083587000061 ], [ 73.285385132000044, 17.07913970900006 ], [ 73.286247255000035, 17.108304977000046 ], [ 73.291641235000043, 17.113750459000073 ], [ 73.282913208000082, 17.109138489000031 ], [ 73.285003662000065, 17.100444794000055 ], [ 73.279136658000084, 17.108694076000063 ], [ 73.268692017000035, 17.109138489000031 ], [ 73.274612428000069, 17.122499467000068 ], [ 73.265388489000031, 17.150028230000032 ], [ 73.272087097000053, 17.149944305000076 ], [ 73.265419006000059, 17.154138565000039 ], [ 73.252502441000047, 17.190416337000045 ], [ 73.243309021000073, 17.18872261000007 ], [ 73.233695984000065, 17.195806503000028 ], [ 73.236640930000078, 17.199583054000072 ], [ 73.251251221000075, 17.194999696000025 ], [ 73.246192932000042, 17.199138641000047 ], [ 73.247917175000055, 17.219972612000049 ], [ 73.236190796000074, 17.226638794000053 ], [ 73.235420227000077, 17.240804672000024 ], [ 73.225387573000035, 17.24583244300004 ], [ 73.228752137000072, 17.251667024000028 ], [ 73.224525451000034, 17.254138947000058 ], [ 73.222503662000065, 17.268749238000055 ], [ 73.210830689000034, 17.27708244400003 ], [ 73.212913513000046, 17.270000458000027 ], [ 73.207527160000041, 17.266222001000074 ], [ 73.205390930000078, 17.284166336000055 ], [ 73.191223144000048, 17.296638489000031 ], [ 73.196640015000071, 17.303693773000077 ], [ 73.20664215100004, 17.297082901000067 ], [ 73.21333313100007, 17.302055360000054 ], [ 73.223335266000049, 17.299583436000034 ], [ 73.227859497000054, 17.28086090100004 ], [ 73.250808717000041, 17.28041649000005 ], [ 73.24958038300008, 17.270833970000069 ], [ 73.261642456000061, 17.257917404000068 ], [ 73.264556885000047, 17.26000023000006 ], [ 73.260391236000032, 17.284111023000037 ], [ 73.270774841000048, 17.289556505000064 ], [ 73.277496337000059, 17.279556276000051 ], [ 73.284141541000054, 17.279556276000051 ], [ 73.289138794000053, 17.28705596900005 ], [ 73.297500611000032, 17.282028198000035 ], [ 73.299552918000074, 17.291639328000031 ], [ 73.294166565000069, 17.293693543000074 ], [ 73.279167175000055, 17.287027359000035 ], [ 73.272468567000033, 17.294555664000029 ], [ 73.256690979000041, 17.29624939100006 ], [ 73.239524841000048, 17.290832519000048 ], [ 73.24372100800008, 17.314971925000066 ], [ 73.232475281000063, 17.317028047000065 ], [ 73.221275329000036, 17.327499390000071 ], [ 73.222473146000084, 17.332111359000066 ], [ 73.231246948000035, 17.333333969000023 ], [ 73.217025757000044, 17.34497261000007 ], [ 73.22791290300006, 17.351667405000057 ], [ 73.21871948200004, 17.354972840000073 ], [ 73.212913513000046, 17.380777359000035 ], [ 73.181640625000057, 17.383722306000038 ], [ 73.172058106000065, 17.399166108000031 ], [ 73.172470092000083, 17.405389787000047 ], [ 73.180778503000056, 17.404582977000075 ], [ 73.190391540000064, 17.413278579000064 ], [ 73.191635132000044, 17.429582597000035 ], [ 73.213722229000041, 17.433277130000022 ], [ 73.200859070000035, 17.436222076000035 ], [ 73.200805664000029, 17.440416336000055 ], [ 73.188720703000058, 17.440805435000073 ], [ 73.188720703000058, 17.454166414000042 ], [ 73.195358276000036, 17.464166641000077 ], [ 73.184608460000049, 17.500833513000032 ], [ 73.191192628000067, 17.510833741000056 ], [ 73.183334351000042, 17.503749848000041 ], [ 73.178718567000033, 17.514165878000028 ], [ 73.158332825000059, 17.527055742000073 ], [ 73.143753051000033, 17.544137956000043 ], [ 73.139556885000047, 17.557500840000046 ], [ 73.148277283000084, 17.569528580000053 ], [ 73.155807495000033, 17.571250915000064 ], [ 73.159141541000054, 17.565389633000052 ], [ 73.16416931100008, 17.566223146000027 ], [ 73.166664123000032, 17.572916032000023 ], [ 73.181640625000057, 17.577917099000047 ], [ 73.190834045000031, 17.572916032000023 ], [ 73.194114685000045, 17.579584122000028 ], [ 73.21333313100007, 17.583723070000076 ], [ 73.216583253000067, 17.588806152000075 ], [ 73.199996948000035, 17.595417022000049 ], [ 73.197502136000082, 17.587888718000045 ], [ 73.181640625000057, 17.582056047000037 ], [ 73.170829773000037, 17.585388183000077 ], [ 73.174530029000039, 17.580778123000073 ], [ 73.17077636700003, 17.579555511000024 ], [ 73.137947082000039, 17.610000610000043 ], [ 73.130363466000063, 17.635805130000051 ], [ 73.143753051000033, 17.637472152000043 ], [ 73.123748779000039, 17.661666871000023 ], [ 73.116195679000043, 17.680000305000021 ], [ 73.118331909000062, 17.694555284000046 ], [ 73.132469177000075, 17.703750612000022 ], [ 73.138725281000063, 17.702472688000057 ], [ 73.137054443000068, 17.713306427000077 ], [ 73.111221314000034, 17.784999847000051 ], [ 73.120414734000065, 17.780805588000078 ], [ 73.107025146000069, 17.789972305000049 ], [ 73.092941284000062, 17.808361053000056 ], [ 73.092918396000073, 17.828332901000067 ], [ 73.088722229000041, 17.83413887200004 ], [ 73.097473145000038, 17.838750840000046 ], [ 73.108306885000047, 17.833749772000033 ], [ 73.129554748000032, 17.834194183000022 ], [ 73.115837097000053, 17.836221695000063 ], [ 73.098335266000049, 17.847084047000067 ], [ 73.090805054000043, 17.839555740000037 ], [ 73.072052002000078, 17.884971618000066 ], [ 73.075859070000035, 17.893722535000052 ], [ 73.08535766600005, 17.894166946000041 ], [ 73.078308106000065, 17.90041732800006 ], [ 73.065864563000048, 17.887083054000072 ], [ 73.053718567000033, 17.901638032000051 ], [ 73.054557800000055, 17.924139023000066 ], [ 73.070831299000076, 17.926250458000027 ], [ 73.092086792000032, 17.940000535000024 ], [ 73.055000305000078, 17.927083970000069 ], [ 73.040802002000078, 17.931249618000038 ], [ 73.03125, 17.949167251000063 ], [ 73.034973144000048, 17.955389023000066 ], [ 73.038330079000048, 17.953750610000043 ], [ 73.033752441000047, 17.967472077000025 ], [ 73.042442322000056, 17.977888107000069 ], [ 73.06580352800006, 17.980417253000041 ], [ 73.071609497000054, 17.985416412000063 ], [ 73.085807800000055, 17.981250763000048 ], [ 73.090942382000037, 17.990360261000035 ], [ 73.04205322200005, 17.991666795000071 ], [ 73.048751831000061, 17.987472535000052 ], [ 73.044998169000053, 17.98538970900006 ], [ 73.034141540000064, 17.992889404000039 ], [ 73.043746948000035, 17.984167099000047 ], [ 73.041641236000032, 17.981222153000033 ], [ 73.030807495000033, 17.989528657000051 ], [ 73.019584656000063, 17.990804672000024 ], [ 73.017913819000057, 18.00666618300005 ], [ 73.010803223000039, 18.008722305000049 ], [ 73.003723146000084, 18.019945146000055 ], [ 73.014945984000065, 18.025388719000034 ], [ 73.029998779000039, 18.024583816000074 ], [ 73.038719177000075, 18.033332825000059 ], [ 73.026611328000058, 18.027055741000027 ], [ 73.023750306000068, 18.036666871000023 ], [ 73.029113770000038, 18.044584275000034 ], [ 73.040031433000081, 18.046249390000071 ], [ 73.040390014000081, 18.051639558000034 ], [ 73.025390625000057, 18.044944763000046 ], [ 73.022087098000043, 18.036666871000023 ], [ 73.022056580000083, 18.027471542000058 ], [ 73.018333435000045, 18.02708244300004 ], [ 73.00830841100003, 18.050388336000026 ], [ 72.995002747000058, 18.047916412000063 ], [ 72.992080689000034, 18.05247306800004 ], [ 72.992858886000079, 18.060806274000072 ], [ 73.001251220000029, 18.069139482000026 ], [ 72.998695373000032, 18.080833435000045 ], [ 72.992889404000039, 18.096666336000055 ], [ 72.981193543000074, 18.105833054000072 ], [ 72.972885132000044, 18.12994384700005 ], [ 72.98291778600003, 18.134971620000044 ], [ 72.992919923000045, 18.15747261100006 ], [ 72.981193543000074, 18.184999466000022 ], [ 72.98327636700003, 18.191278457000067 ], [ 72.989585877000081, 18.191667557000073 ], [ 72.972503662000065, 18.199583053000026 ], [ 72.95664215100004, 18.216222763000076 ], [ 72.946640015000071, 18.219554901000038 ], [ 72.936637878000056, 18.21291732800006 ], [ 72.932914734000065, 18.217472076000035 ], [ 72.942886353000063, 18.231611251000061 ], [ 72.943725586000085, 18.243333816000074 ], [ 72.936279297000056, 18.279972078000071 ], [ 72.953330994000055, 18.283777237000038 ], [ 72.956665039000029, 18.27708244400003 ], [ 72.966667175000055, 18.278749467000068 ], [ 72.973724366000056, 18.266666412000063 ], [ 72.976669313000059, 18.244556428000067 ], [ 72.984138489000031, 18.24124908400006 ], [ 73.004165650000061, 18.247055054000043 ], [ 73.007446289000029, 18.242916107000042 ], [ 73.020835876000035, 18.242944717000057 ], [ 73.072860719000062, 18.217472076000035 ], [ 73.072113037000065, 18.205833435000045 ], [ 73.057914733000075, 18.190834046000077 ], [ 73.059585571000071, 18.182472229000041 ], [ 73.076248169000053, 18.16749954200003 ], [ 73.075775146000069, 18.153722763000076 ], [ 73.089141846000075, 18.144556046000048 ], [ 73.102081299000076, 18.142444612000077 ], [ 73.100387573000035, 18.155000686000051 ], [ 73.090362549000076, 18.170833587000061 ], [ 73.084968566000043, 18.169584274000044 ], [ 73.062889100000064, 18.190805435000073 ], [ 73.081222534000062, 18.215833664000058 ], [ 73.080413820000047, 18.235000610000043 ], [ 73.062057496000079, 18.254943848000039 ], [ 73.068725586000085, 18.270833969000023 ], [ 73.052055359000065, 18.280834198000036 ], [ 73.044555664000029, 18.29583358800005 ], [ 73.047470093000072, 18.302917480000076 ], [ 73.082473754000034, 18.29955482500003 ], [ 73.086219788000051, 18.319166185000029 ], [ 73.084197999000082, 18.324583054000072 ], [ 73.077919007000048, 18.310806276000051 ], [ 73.067474365000066, 18.302888870000061 ], [ 73.045829773000037, 18.304582597000035 ], [ 73.041221618000066, 18.293277742000043 ], [ 73.055419921000066, 18.269166946000041 ], [ 73.029975891000049, 18.262887955000053 ], [ 73.022888184000067, 18.268304826000076 ], [ 73.026252746000068, 18.273332596000046 ], [ 73.022888184000067, 18.279945373000032 ], [ 73.015029907000041, 18.284584047000067 ], [ 73.0, 18.282083511000053 ], [ 72.994163513000046, 18.272888185000056 ], [ 72.98538970900006, 18.290805817000034 ], [ 72.971611024000083, 18.297027588000049 ], [ 72.968719483000029, 18.308305740000037 ], [ 72.957916260000047, 18.313360215000046 ], [ 72.959136963000049, 18.317028046000075 ], [ 72.968276978000063, 18.314556122000056 ], [ 72.970832825000059, 18.317916871000023 ], [ 72.960861206000061, 18.318721771000071 ], [ 72.944969177000075, 18.341278077000027 ], [ 72.9375, 18.342056274000072 ], [ 72.937858581000057, 18.346639633000052 ], [ 72.921218872000054, 18.347499847000051 ], [ 72.91452789300007, 18.36916732800006 ], [ 72.926666259000058, 18.370388031000061 ], [ 72.928749085000049, 18.381639482000026 ], [ 72.907028198000035, 18.408306122000056 ], [ 72.907913209000071, 18.434139253000069 ], [ 72.89538574200003, 18.456666946000041 ], [ 72.895416260000047, 18.469165802000077 ], [ 72.903724670000031, 18.478305817000034 ], [ 72.904609680000078, 18.5 ], [ 72.912086486000078, 18.512472152000043 ], [ 72.907058716000051, 18.539943695000034 ], [ 72.913330078000058, 18.528722763000076 ], [ 72.942443849000028, 18.537944795000044 ], [ 72.96497344900007, 18.535417558000063 ], [ 72.974586487000067, 18.499166489000061 ], [ 72.995414735000054, 18.48247146600005 ], [ 73.005836487000067, 18.462888719000034 ], [ 73.006248474000074, 18.466667175000055 ], [ 72.998748779000039, 18.485027313000046 ], [ 72.979553223000039, 18.510805130000051 ], [ 72.96833038300008, 18.539583207000078 ], [ 72.953308106000065, 18.545389177000061 ], [ 72.924552917000028, 18.541639328000031 ], [ 72.92539215100004, 18.547445298000071 ], [ 72.910415649000072, 18.571666718000074 ], [ 72.911224365000066, 18.578332902000056 ], [ 72.885391237000078, 18.625804901000038 ], [ 72.886642456000061, 18.635416031000034 ], [ 72.899581909000062, 18.634166717000028 ], [ 72.890830994000055, 18.641250612000022 ], [ 72.883331299000076, 18.634555816000045 ], [ 72.871192933000032, 18.639139175000025 ], [ 72.857086181000057, 18.694166185000029 ], [ 72.865364075000059, 18.724138260000075 ], [ 72.86374664300007, 18.791610719000062 ], [ 72.867919922000056, 18.800806046000048 ], [ 72.888275146000069, 18.802917480000076 ], [ 72.893363953000062, 18.797916412000063 ], [ 72.902496338000049, 18.802917480000076 ], [ 72.907501221000075, 18.792917253000041 ], [ 72.913307190000069, 18.792083740000066 ], [ 72.925361635000058, 18.799999238000055 ], [ 72.939163208000082, 18.825387954000064 ], [ 72.948722839000084, 18.820806504000075 ], [ 72.964141845000029, 18.796249389000025 ], [ 72.997055054000043, 18.778305055000033 ], [ 72.980392456000061, 18.752471925000066 ], [ 72.98538970900006, 18.752471925000066 ], [ 72.98789215100004, 18.739139557000044 ], [ 73.0, 18.722917556000027 ], [ 73.016250611000032, 18.715000154000052 ], [ 72.996223450000059, 18.73247146600005 ], [ 72.989585877000081, 18.749139785000068 ], [ 73.00208282400007, 18.779167175000055 ], [ 72.978752136000082, 18.799972534000062 ], [ 73.012886047000052, 18.802499771000043 ], [ 73.002891542000043, 18.805833817000064 ], [ 73.010002136000082, 18.812915803000067 ], [ 72.995002747000058, 18.804555893000042 ], [ 72.984558105000076, 18.810806276000051 ], [ 72.990447998000036, 18.824167251000063 ], [ 72.991218567000033, 18.833305359000065 ], [ 72.983749390000071, 18.849166870000033 ], [ 72.989166260000047, 18.865417480000076 ], [ 72.946640015000071, 18.843721391000031 ], [ 72.927474976000042, 18.849582673000043 ], [ 72.92288970900006, 18.86497306800004 ], [ 72.90708160500003, 18.884971618000066 ], [ 72.908752441000047, 18.897443773000077 ], [ 72.921669007000048, 18.910444260000077 ], [ 72.929191589000084, 18.911222458000054 ], [ 72.935386658000084, 18.892471315000023 ], [ 72.947502138000061, 18.891222 ], [ 72.942085266000049, 18.907444001000044 ], [ 72.949142456000061, 18.910388948000048 ], [ 72.95749664300007, 18.901250839000056 ], [ 72.965385437000066, 18.916666031000034 ], [ 72.948722839000084, 18.934999467000068 ], [ 72.950386047000052, 18.945806504000075 ], [ 72.969970703000058, 18.951250077000054 ], [ 72.980781555000078, 18.940416336000055 ], [ 72.986663818000068, 18.942888260000075 ], [ 72.978721619000055, 18.94750022900007 ], [ 72.974166870000033, 18.95955467400006 ], [ 72.95664215100004, 18.962055206000059 ], [ 72.957054138000046, 18.969165802000077 ], [ 72.962448120000033, 18.970443726000042 ], [ 72.974136352000073, 18.962083816000074 ], [ 72.985832214000084, 18.971250535000024 ], [ 72.995002747000058, 18.967916489000061 ], [ 73.019584656000063, 18.979999543000076 ], [ 73.02249908400006, 18.989555359000065 ], [ 73.032470703000058, 18.986221313000044 ], [ 73.029586792000032, 18.991638184000067 ], [ 73.034973144000048, 19.00122261000007 ], [ 73.044944763000046, 19.002889633000052 ], [ 73.054168701000037, 18.997055055000033 ], [ 73.046218872000054, 19.008306503000028 ], [ 73.054168701000037, 19.01544380200005 ], [ 73.059165955000083, 19.015361787000074 ], [ 73.067085266000049, 19.003360748000034 ], [ 73.060386658000084, 19.01744461100003 ], [ 73.067054748000032, 19.020805359000065 ], [ 73.049110413000051, 19.018722534000062 ], [ 73.029975891000049, 19.001249314000063 ], [ 73.023307800000055, 19.01286125200005 ], [ 73.024559021000073, 19.004167557000073 ], [ 73.020858765000071, 19.000389100000064 ], [ 73.018280029000039, 19.003749847000051 ], [ 73.017440796000074, 18.997917175000055 ], [ 73.008331299000076, 18.997888565000039 ], [ 73.009193420000031, 19.008750915000064 ], [ 73.001220703000058, 19.004138946000069 ], [ 72.998779297000056, 19.014999389000025 ], [ 73.005386353000063, 19.029138566000029 ], [ 72.995414735000054, 19.05247306800004 ], [ 72.993751527000029, 19.060832978000064 ], [ 72.997055054000043, 19.061611176000042 ], [ 72.984558105000076, 19.06830596900005 ], [ 72.998748779000039, 19.091638566000029 ], [ 72.988357544000053, 19.08372306800004 ], [ 72.982940674000076, 19.097499848000041 ], [ 72.99036407400007, 19.101638795000042 ], [ 72.978721619000055, 19.102500915000064 ], [ 72.979583740000066, 19.120000839000056 ], [ 72.98789215100004, 19.112443924000047 ], [ 72.98286438000008, 19.122499466000022 ], [ 72.987113952000072, 19.126667023000039 ], [ 72.980392456000061, 19.128334045000031 ], [ 72.98789215100004, 19.15747261000007 ], [ 72.985809326000037, 19.189527511000051 ], [ 72.981193543000074, 19.185806276000051 ], [ 72.98288726800007, 19.176639557000044 ], [ 72.973724366000056, 19.141666412000063 ], [ 72.965858460000049, 19.132055284000046 ], [ 72.95788574200003, 19.137472153000033 ], [ 72.961280822000049, 19.142444612000077 ], [ 72.956222534000062, 19.139972686000078 ], [ 72.956275940000069, 19.136667253000041 ], [ 72.964584351000042, 19.127471925000066 ], [ 72.961219787000061, 19.115777969000078 ], [ 72.955802918000074, 19.106250764000038 ], [ 72.946609497000054, 19.111249924000049 ], [ 72.955413818000068, 19.093334199000026 ], [ 72.940864563000048, 19.095417023000039 ], [ 72.933280945000035, 19.092056275000061 ], [ 72.930389404000039, 19.087499618000038 ], [ 72.943359375000057, 19.092861177000032 ], [ 72.950447083000029, 19.089971544000036 ], [ 72.95788574200003, 19.06830596900005 ], [ 72.942916870000033, 19.059139251000033 ], [ 72.959587097000053, 19.064138413000023 ], [ 72.957916260000047, 19.037445068000068 ], [ 72.94580841100003, 19.026250839000056 ], [ 72.935806274000072, 19.024583816000074 ], [ 72.914192200000059, 18.997083664000058 ], [ 72.90083313000008, 18.99458313100007 ], [ 72.893333435000045, 18.997888565000039 ], [ 72.885025024000072, 19.011222839000027 ], [ 72.865776062000066, 19.00622177200006 ], [ 72.865386963000049, 18.99416732800006 ], [ 72.85788726800007, 18.994943618000036 ], [ 72.862052918000074, 18.980833054000072 ], [ 72.853363037000065, 18.978721619000055 ], [ 72.856246948000035, 18.974166871000023 ], [ 72.850387573000035, 18.969972612000049 ], [ 72.846221924000076, 18.92747306800004 ], [ 72.841667175000055, 18.931194305000076 ], [ 72.837081909000062, 18.926694870000063 ], [ 72.841224670000031, 18.919166566000058 ], [ 72.833694458000082, 18.918333053000026 ], [ 72.833747864000031, 18.909999847000051 ], [ 72.828277588000049, 18.91205597000004 ], [ 72.829582214000084, 18.909166336000055 ], [ 72.82166290300006, 18.906250001000046 ], [ 72.814971925000066, 18.892915726000069 ], [ 72.80622100800008, 18.893333435000045 ], [ 72.805419922000056, 18.909166336000055 ], [ 72.814971925000066, 18.907028198000035 ], [ 72.814582825000059, 18.914138794000053 ], [ 72.825363159000062, 18.918333053000026 ], [ 72.817916870000033, 18.921638490000078 ], [ 72.822914123000032, 18.936666489000061 ], [ 72.81580352900005, 18.94874954200003 ], [ 72.809165954000036, 18.950387955000053 ], [ 72.792472839000084, 18.935388565000039 ], [ 72.790390015000071, 18.947471619000055 ], [ 72.79877471900005, 18.956693649000044 ], [ 72.805389404000039, 18.975805283000057 ], [ 72.815361023000037, 18.979139328000031 ], [ 72.811225891000049, 18.987472535000052 ], [ 72.817497253000056, 19.023750306000068 ], [ 72.822525026000051, 19.017889024000056 ], [ 72.828308105000076, 19.018749238000055 ], [ 72.836250305000078, 19.029167176000044 ], [ 72.838722229000041, 19.043306350000023 ], [ 72.834968567000033, 19.052917481000065 ], [ 72.824943544000064, 19.043722154000022 ], [ 72.817886353000063, 19.043306350000023 ], [ 72.822082519000048, 19.051666260000047 ], [ 72.822052002000078, 19.075805665000075 ], [ 72.834587097000053, 19.087499618000038 ], [ 72.834587097000053, 19.090805054000043 ], [ 72.827499390000071, 19.08372306800004 ], [ 72.82041931200007, 19.124139786000057 ], [ 72.804580688000044, 19.143333435000045 ], [ 72.816635133000034, 19.157083511000053 ], [ 72.821281433000081, 19.154945373000032 ], [ 72.823333740000066, 19.162889482000026 ], [ 72.832054138000046, 19.161611558000061 ], [ 72.831253052000079, 19.179971696000052 ], [ 72.805809021000073, 19.15041732800006 ], [ 72.800804138000046, 19.153722763000076 ], [ 72.803718567000033, 19.145000459000073 ], [ 72.797058107000055, 19.129138948000048 ], [ 72.788696289000029, 19.129972458000054 ], [ 72.788780212000063, 19.148305894000032 ], [ 72.785003662000065, 19.154582977000075 ], [ 72.779586792000032, 19.154111863000026 ], [ 72.782470703000058, 19.167055130000051 ], [ 72.794136047000052, 19.171249390000071 ], [ 72.79877471900005, 19.199138641000047 ], [ 72.813308717000041, 19.222084047000067 ], [ 72.821281433000081, 19.223333360000026 ], [ 72.816253662000065, 19.223333360000026 ], [ 72.827888489000031, 19.243305206000059 ], [ 72.841247559000067, 19.250804902000027 ], [ 72.841224670000031, 19.254138947000058 ], [ 72.818695068000068, 19.24497223000003 ], [ 72.822113037000065, 19.243360521000056 ], [ 72.819526672000052, 19.235805511000024 ], [ 72.792083740000066, 19.20249939100006 ], [ 72.794525146000069, 19.194999695000035 ], [ 72.783279419000053, 19.192054748000032 ], [ 72.786224365000066, 19.203332901000067 ], [ 72.776222229000041, 19.205804826000076 ], [ 72.782081604000041, 19.210805893000042 ], [ 72.776252747000058, 19.225833893000072 ], [ 72.783721924000076, 19.249139786000057 ], [ 72.785415650000061, 19.263334274000044 ], [ 72.780418396000073, 19.276638032000051 ], [ 72.786224365000066, 19.284166337000045 ], [ 72.786247254000045, 19.304971695000063 ], [ 72.794975281000063, 19.311222076000035 ], [ 72.797943115000066, 19.301610948000075 ], [ 72.809974671000077, 19.292083740000066 ], [ 72.829193115000066, 19.309555054000043 ], [ 72.857444763000046, 19.315416336000055 ], [ 72.891220093000072, 19.297500612000022 ], [ 72.897468567000033, 19.288749695000035 ], [ 72.912109375000057, 19.288333893000072 ], [ 72.892059326000037, 19.303304672000024 ], [ 72.878334045000031, 19.327054977000046 ], [ 72.85786438000008, 19.339166642000066 ], [ 72.85788726800007, 19.346666336000055 ], [ 72.854164124000079, 19.350416185000029 ], [ 72.854942323000046, 19.33958244300004 ], [ 72.834136963000049, 19.338693619000026 ], [ 72.813308717000041, 19.323778152000045 ], [ 72.785003662000065, 19.347055435000073 ], [ 72.777084351000042, 19.348333358000048 ], [ 72.777114869000059, 19.354999543000076 ], [ 72.758750917000043, 19.371639252000023 ], [ 72.762031555000078, 19.388305664000029 ], [ 72.770805359000065, 19.396194459000071 ], [ 72.764556885000047, 19.39749908400006 ], [ 72.757080078000058, 19.432527542000059 ], [ 72.744552613000053, 19.459943771000042 ], [ 72.778335571000071, 19.492082596000046 ], [ 72.792472839000084, 19.496276855000076 ], [ 72.821693422000067, 19.492027282000038 ], [ 72.840835571000071, 19.517026901000065 ], [ 72.844169617000034, 19.511222839000027 ], [ 72.847084046000077, 19.515861512000072 ], [ 72.842941284000062, 19.518333435000045 ], [ 72.848335266000049, 19.521249771000043 ], [ 72.881637573000035, 19.519582748000062 ], [ 72.88877868700007, 19.524139404000039 ], [ 72.866638184000067, 19.537082672000054 ], [ 72.845832825000059, 19.54125022900007 ], [ 72.84369659400005, 19.528305054000043 ], [ 72.82913970900006, 19.509555816000045 ], [ 72.780776977000073, 19.503749847000051 ], [ 72.787498474000074, 19.523721695000063 ], [ 72.776664734000065, 19.507888794000053 ], [ 72.763305664000029, 19.506221771000071 ], [ 72.745002747000058, 19.513750076000065 ], [ 72.730392456000061, 19.529167177000033 ], [ 72.722915650000061, 19.540832519000048 ], [ 72.716224670000031, 19.591667176000044 ], [ 72.747863770000038, 19.599111558000061 ], [ 72.73041534500004, 19.601667405000057 ], [ 72.726249695000035, 19.630861282000069 ], [ 72.717109680000078, 19.639165879000075 ], [ 72.713691711000081, 19.66577720600003 ], [ 72.70788574200003, 19.674999238000055 ], [ 72.708724976000042, 19.688333513000032 ], [ 72.712081909000062, 19.689971925000066 ], [ 72.711250305000078, 19.684972763000076 ], [ 72.716224670000031, 19.684110643000054 ], [ 72.712890626000046, 19.685806276000051 ], [ 72.715415954000036, 19.694139481000036 ], [ 72.708694458000082, 19.711666108000031 ], [ 72.69541931200007, 19.725833893000072 ], [ 72.708747863000042, 19.728361130000053 ], [ 72.714942932000042, 19.744611740000039 ], [ 72.707443239000042, 19.735389710000049 ], [ 72.692085266000049, 19.739139557000044 ], [ 72.687057495000033, 19.750833513000032 ], [ 72.68794250500008, 19.785778047000065 ], [ 72.691253662000065, 19.800777435000043 ], [ 72.697052002000078, 19.801666259000058 ], [ 72.689140320000035, 19.803749086000039 ], [ 72.688308716000051, 19.793693544000064 ], [ 72.67624664300007, 19.815860749000024 ], [ 72.666610718000072, 19.819555282000067 ], [ 72.655441284000062, 19.833305360000054 ], [ 72.660804749000079, 19.847888948000048 ], [ 72.674552918000074, 19.849138261000064 ], [ 72.674552918000074, 19.857471467000039 ], [ 72.679969787000061, 19.862916946000041 ], [ 72.692108155000028, 19.863306045000058 ], [ 72.681198120000033, 19.866666795000071 ], [ 72.683723450000059, 19.88500022900007 ], [ 72.68208313000008, 19.897472382000046 ], [ 72.677055359000065, 19.900833130000024 ], [ 72.679557801000044, 19.917444230000058 ], [ 72.666252136000082, 19.928277969000078 ], [ 72.665779114000031, 19.933721542000058 ], [ 72.681663513000046, 19.942083360000026 ], [ 72.687889099000074, 19.940776825000057 ], [ 72.684555054000043, 19.944139480000047 ], [ 72.689529419000053, 19.956638336000026 ], [ 72.710830689000034, 19.968721390000042 ], [ 72.72455596900005, 19.966667176000044 ], [ 72.732940674000076, 19.958333970000069 ], [ 72.736251831000061, 19.94330596900005 ], [ 72.742500305000078, 19.938749315000052 ], [ 72.746276856000065, 19.941638947000058 ], [ 72.737083435000045, 19.947444916000052 ], [ 72.736251831000061, 19.959138870000061 ], [ 72.745002747000058, 19.96372223000003 ], [ 72.730834961000085, 19.962110520000067 ], [ 72.71871948200004, 19.972499848000041 ], [ 72.723724365000066, 19.996639252000023 ], [ 72.713775635000047, 20.021667482000055 ], [ 72.70788574200003, 20.071666717000028 ], [ 72.71250152600004, 20.080389023000066 ], [ 72.727081299000076, 20.082445145000065 ], [ 72.737915039000029, 20.114999771000043 ], [ 72.747917175000055, 20.201665878000028 ], [ 72.763336182000046, 20.213722229000041 ], [ 72.782890320000035, 20.210832596000046 ], [ 72.763305664000029, 20.216249466000022 ], [ 72.747055053000054, 20.206638336000026 ], [ 72.74124908400006, 20.242471695000063 ], [ 72.744163513000046, 20.249555588000078 ], [ 72.752052307000042, 20.251667023000039 ], [ 72.748748779000039, 20.257472992000032 ], [ 72.757110595000029, 20.263305664000029 ], [ 72.750808716000051, 20.262887955000053 ], [ 72.753753662000065, 20.290000917000043 ], [ 72.760002136000082, 20.299528122000027 ], [ 72.773719788000051, 20.30333328200004 ], [ 72.777114869000059, 20.335832597000035 ], [ 72.789108276000036, 20.350444795000044 ], [ 72.813308717000041, 20.354583740000066 ], [ 72.822441101000038, 20.366222382000046 ], [ 72.82913970900006, 20.366249086000039 ], [ 72.837081909000062, 20.372472764000065 ], [ 72.822029114000031, 20.370000839000056 ], [ 72.828720093000072, 20.405000686000051 ], [ 72.833335877000081, 20.409526826000047 ], [ 72.852531433000081, 20.408750535000024 ], [ 72.829559327000084, 20.414138795000042 ], [ 72.830390930000078, 20.442472457000065 ], [ 72.842475892000039, 20.457082748000062 ], [ 72.858779907000041, 20.466638566000029 ], [ 72.871612549000076, 20.492889406000074 ], [ 72.892059326000037, 20.503334045000031 ], [ 72.886253357000044, 20.53000068700004 ], [ 72.900444030000074, 20.53000068700004 ], [ 72.890777588000049, 20.532917024000028 ], [ 72.887054445000047, 20.54249954200003 ], [ 72.899559021000073, 20.582527160000041 ], [ 72.889610291000054, 20.627471924000076 ], [ 72.899971009000069, 20.632083893000072 ], [ 72.909111023000037, 20.630416871000023 ], [ 72.912940979000041, 20.636638641000047 ], [ 72.892471314000034, 20.632028581000043 ], [ 72.886611938000044, 20.637083055000062 ], [ 72.885414123000032, 20.65747261000007 ], [ 72.890441895000038, 20.659999847000051 ], [ 72.881668091000051, 20.656221391000031 ], [ 72.876220703000058, 20.660804748000032 ], [ 72.845024109000065, 20.743749618000038 ], [ 72.876663208000082, 20.734556199000053 ], [ 72.914138794000053, 20.745388031000061 ], [ 72.930419922000056, 20.759138108000059 ], [ 72.925804138000046, 20.76124954200003 ], [ 72.912475586000085, 20.75122261000007 ], [ 72.902496338000049, 20.752889633000052 ], [ 72.894165039000029, 20.743722916000024 ], [ 72.873306275000061, 20.743749618000038 ], [ 72.856666565000069, 20.75202751300003 ], [ 72.850418091000051, 20.759166719000063 ], [ 72.846221924000076, 20.792499543000076 ], [ 72.853302002000078, 20.796194076000063 ], [ 72.867080689000034, 20.788278581000043 ], [ 72.850418091000051, 20.800806045000058 ], [ 72.854141235000043, 20.82374954200003 ], [ 72.83750152500005, 20.792055130000051 ], [ 72.826248169000053, 20.794137954000064 ], [ 72.829612732000044, 20.815805436000062 ], [ 72.782890320000035, 20.919166565000069 ], [ 72.801696777000075, 20.919584274000044 ], [ 72.813308717000041, 20.931194305000076 ], [ 72.820442200000059, 20.926639557000044 ], [ 72.824142456000061, 20.914527894000059 ], [ 72.822891236000032, 20.926694870000063 ], [ 72.816223144000048, 20.940027238000027 ], [ 72.824142456000061, 20.949583053000026 ], [ 72.83747100800008, 20.952054977000046 ], [ 72.864166260000047, 20.946250917000043 ], [ 72.833335877000081, 20.959554672000024 ], [ 72.840835571000071, 20.969583511000053 ], [ 72.849586487000067, 20.971639633000052 ], [ 72.839996337000059, 20.971221924000076 ], [ 72.834197998000036, 20.963693618000036 ], [ 72.808334350000052, 20.953722 ], [ 72.795829773000037, 20.942916871000023 ], [ 72.776275635000047, 20.941610338000032 ], [ 72.776611328000058, 20.947082521000027 ], [ 72.764190674000076, 20.929527283000027 ], [ 72.758331299000076, 20.928777695000065 ], [ 72.733718872000054, 20.998277665000046 ], [ 72.735389710000049, 21.006610870000031 ], [ 72.726219177000075, 21.034139633000052 ], [ 72.728302003000067, 21.053722381000057 ], [ 72.733718872000054, 21.05247306800004 ], [ 72.73913574200003, 21.04125022900007 ], [ 72.763336182000046, 21.047945022000079 ], [ 72.782470703000058, 21.042917253000041 ], [ 72.787025451000034, 21.04497146600005 ], [ 72.783302307000042, 21.052028657000051 ], [ 72.777114869000059, 21.047472001000074 ], [ 72.777915955000083, 21.053277971000057 ], [ 72.791641235000043, 21.056222917000071 ], [ 72.796195984000065, 21.04411125200005 ], [ 72.811607361000029, 21.042888643000026 ], [ 72.82166290300006, 21.032054901000038 ], [ 72.83247375500008, 21.036277771000073 ], [ 72.848724365000066, 21.03247261000007 ], [ 72.835807800000055, 21.043722152000043 ], [ 72.825027466000051, 21.037027360000025 ], [ 72.797889711000039, 21.049999238000055 ], [ 72.799552919000064, 21.069110872000067 ], [ 72.80872344900007, 21.074167251000063 ], [ 72.810417175000055, 21.083305359000065 ], [ 72.819168091000051, 21.090415956000072 ], [ 72.830001831000061, 21.082056046000048 ], [ 72.827888489000031, 21.091667175000055 ], [ 72.811668396000073, 21.093694687000038 ], [ 72.799140930000078, 21.08458328200004 ], [ 72.792503357000044, 21.071250915000064 ], [ 72.778305054000043, 21.065389634000041 ], [ 72.763336182000046, 21.065361023000037 ], [ 72.763336182000046, 21.07374954200003 ], [ 72.75580597000004, 21.074556350000023 ], [ 72.746665955000083, 21.085388183000077 ], [ 72.744972229000041, 21.079584123000075 ], [ 72.731697083000029, 21.077110292000043 ], [ 72.714942932000042, 21.080389023000066 ], [ 72.707031250000057, 21.087499620000074 ], [ 72.703750611000032, 21.102472306000038 ], [ 72.710441589000084, 21.112472534000062 ], [ 72.709609985000043, 21.130832672000054 ], [ 72.719169616000045, 21.140417100000036 ], [ 72.739166260000047, 21.139528274000043 ], [ 72.747474671000077, 21.143722534000062 ], [ 72.77583313000008, 21.164556503000028 ], [ 72.788696289000029, 21.180000305000078 ], [ 72.752525330000083, 21.178693771000042 ], [ 72.747085571000071, 21.16997146600005 ], [ 72.74622344900007, 21.150806428000067 ], [ 72.733306884000058, 21.143749237000065 ], [ 72.709968567000033, 21.146194459000071 ], [ 72.68411254800003, 21.158750534000035 ], [ 72.677474975000052, 21.157917023000039 ], [ 72.662109376000046, 21.13586044300007 ], [ 72.662109376000046, 21.100805284000046 ], [ 72.65036010700004, 21.089138032000051 ], [ 72.655807495000033, 21.085416794000025 ], [ 72.662498474000074, 21.091249466000022 ], [ 72.664558410000041, 21.088306428000067 ], [ 72.65333557200006, 21.079526901000065 ], [ 72.639999389000081, 21.080389023000066 ], [ 72.624557496000079, 21.098333359000037 ], [ 72.622024536000083, 21.137472154000022 ], [ 72.635025024000072, 21.127916336000055 ], [ 72.651252746000068, 21.146638870000061 ], [ 72.647499085000049, 21.150388719000034 ], [ 72.633331299000076, 21.13122177200006 ], [ 72.632499695000035, 21.141222 ], [ 72.625389100000064, 21.141639711000039 ], [ 72.620445251000035, 21.169166566000058 ], [ 72.620834351000042, 21.178749086000039 ], [ 72.63291931200007, 21.169166566000058 ], [ 72.637863159000062, 21.206611633000023 ], [ 72.643302917000028, 21.211221696000052 ], [ 72.654167176000044, 21.208723070000076 ], [ 72.657890319000046, 21.224166871000023 ], [ 72.662498474000074, 21.226222992000032 ], [ 72.673751831000061, 21.219165802000077 ], [ 72.677085876000035, 21.202444078000042 ], [ 72.690025329000036, 21.203722001000074 ], [ 72.696281433000081, 21.198305130000051 ], [ 72.694946289000029, 21.192888260000075 ], [ 72.702468872000054, 21.200387955000053 ], [ 72.722503662000065, 21.202917099000047 ], [ 72.736640930000078, 21.197082519000048 ], [ 72.741668701000037, 21.197889328000031 ], [ 72.728332519000048, 21.204584121000039 ], [ 72.705001831000061, 21.203750610000043 ], [ 72.700363159000062, 21.210805893000042 ], [ 72.705833435000045, 21.212888718000045 ], [ 72.681663513000046, 21.225389481000036 ], [ 72.677474975000052, 21.220417022000049 ], [ 72.668746948000035, 21.226667404000068 ], [ 72.669136048000041, 21.232915878000028 ], [ 72.666664123000032, 21.229555130000051 ], [ 72.64997100800008, 21.230417252000052 ], [ 72.652946472000053, 21.235834123000075 ], [ 72.639968872000054, 21.235361099000045 ], [ 72.629608155000028, 21.249971391000031 ], [ 72.646247864000031, 21.26744461100003 ], [ 72.625808716000051, 21.253749847000051 ], [ 72.617919921000066, 21.26830482500003 ], [ 72.622474670000031, 21.285417558000063 ], [ 72.637886047000052, 21.285861969000052 ], [ 72.638725281000063, 21.29830551200007 ], [ 72.627471924000076, 21.291221618000066 ], [ 72.620025635000047, 21.302055359000065 ], [ 72.619140625000057, 21.295389177000061 ], [ 72.609191895000038, 21.29788970900006 ], [ 72.607498169000053, 21.303722383000036 ], [ 72.608718872000054, 21.293306350000023 ], [ 72.60166931100008, 21.28705596900005 ], [ 72.597862244000055, 21.29830551200007 ], [ 72.599197387000061, 21.303722383000036 ], [ 72.60291290300006, 21.299194337000074 ], [ 72.606636048000041, 21.316194534000033 ], [ 72.624168396000073, 21.313749315000052 ], [ 72.636253357000044, 21.319139480000047 ], [ 72.637084961000085, 21.324943542000028 ], [ 72.623748779000039, 21.325000763000048 ], [ 72.626640320000035, 21.342861177000032 ], [ 72.634582520000038, 21.343334199000026 ], [ 72.635025024000072, 21.335416794000025 ], [ 72.637496948000035, 21.340389253000069 ], [ 72.641670227000077, 21.33372306800004 ], [ 72.64538574200003, 21.337444307000055 ], [ 72.65333557200006, 21.330389023000066 ], [ 72.65333557200006, 21.346221924000076 ], [ 72.669975281000063, 21.34375 ], [ 72.686248779000039, 21.35499954200003 ], [ 72.660774231000062, 21.347084045000031 ], [ 72.662887573000035, 21.357471467000039 ], [ 72.655029297000056, 21.352027894000059 ], [ 72.646194458000082, 21.386667253000041 ], [ 72.659141541000054, 21.392055513000059 ], [ 72.665359498000043, 21.389972686000078 ], [ 72.660415649000072, 21.400777817000062 ], [ 72.677085876000035, 21.42830467400006 ], [ 72.691635132000044, 21.432861329000048 ], [ 72.698776245000033, 21.442499162000047 ], [ 72.699111939000034, 21.46291732800006 ], [ 72.715805054000043, 21.461250305000078 ], [ 72.732498169000053, 21.467082977000075 ], [ 72.735420227000077, 21.457500459000073 ], [ 72.730392456000061, 21.453306199000053 ], [ 72.731224060000045, 21.446666717000028 ], [ 72.73913574200003, 21.434555053000054 ], [ 72.73627471900005, 21.44169425900003 ], [ 72.740806579000036, 21.445417404000068 ], [ 72.747497559000067, 21.447055817000034 ], [ 72.752502441000047, 21.437889099000074 ], [ 72.751220703000058, 21.444972993000079 ], [ 72.762443543000074, 21.447889328000031 ], [ 72.753334045000031, 21.458778382000048 ], [ 72.739997864000031, 21.449527740000065 ], [ 72.74461364800004, 21.469139100000064 ], [ 72.748748779000039, 21.470806123000045 ], [ 72.727500915000064, 21.477916718000074 ], [ 72.717445373000032, 21.47038841400007 ], [ 72.697502136000082, 21.469583511000053 ], [ 72.683280944000046, 21.457860947000029 ], [ 72.67663574200003, 21.459554672000024 ], [ 72.676696778000064, 21.452917099000047 ], [ 72.657081604000041, 21.449138641000047 ], [ 72.660415649000072, 21.446666717000028 ], [ 72.657524109000065, 21.444555283000057 ], [ 72.645774842000037, 21.446222306000038 ], [ 72.641250612000078, 21.454999923000059 ], [ 72.66541290300006, 21.472473146000027 ], [ 72.679580688000044, 21.500833513000032 ], [ 72.686668397000062, 21.507917404000068 ], [ 72.687530517000084, 21.50374984900003 ], [ 72.706665039000029, 21.528722764000065 ], [ 72.727531433000081, 21.538749695000035 ], [ 72.747497559000067, 21.570388795000042 ], [ 72.758720398000037, 21.574972154000022 ], [ 72.77500152600004, 21.597084045000031 ], [ 72.795860291000054, 21.592027664000057 ], [ 72.822502136000082, 21.61038970900006 ], [ 72.836250305000078, 21.633333206000032 ], [ 72.828750610000043, 21.655834198000036 ], [ 72.834167481000065, 21.666276931000027 ], [ 72.850776673000041, 21.671249390000071 ], [ 72.894165039000029, 21.662916185000029 ], [ 72.924972534000062, 21.670415878000028 ], [ 72.927886963000049, 21.675777435000043 ], [ 72.88919067300003, 21.68872261000007 ], [ 72.869163513000046, 21.690416337000045 ], [ 72.823280336000039, 21.668722154000022 ], [ 72.784164428000054, 21.663722993000079 ], [ 72.759109497000054, 21.672056199000053 ], [ 72.747497559000067, 21.688749314000063 ], [ 72.737503052000079, 21.690389633000052 ], [ 72.714996338000049, 21.680389404000039 ], [ 72.69916534400005, 21.684583664000058 ], [ 72.654998780000028, 21.681222916000024 ], [ 72.609191895000038, 21.684583664000058 ], [ 72.554969788000051, 21.658721925000066 ], [ 72.536666870000033, 21.662860870000031 ], [ 72.527915955000083, 21.673334123000075 ], [ 72.527084351000042, 21.710832597000035 ], [ 72.53125, 21.711639404000039 ], [ 72.536224366000056, 21.732471467000039 ], [ 72.553337097000053, 21.737083436000034 ], [ 72.550415039000029, 21.741666794000025 ], [ 72.55625152600004, 21.746639251000033 ], [ 72.549583435000045, 21.747499466000022 ], [ 72.561225891000049, 21.756639480000047 ], [ 72.553749085000049, 21.759944916000052 ], [ 72.567085266000049, 21.780805589000067 ], [ 72.562026977000073, 21.784973146000027 ], [ 72.572082519000048, 21.793306351000069 ], [ 72.568725586000085, 21.795778274000043 ], [ 72.569610596000075, 21.812471390000042 ], [ 72.577499389000081, 21.811222077000025 ], [ 72.577056885000047, 21.818332672000054 ], [ 72.591224671000077, 21.829999924000049 ], [ 72.583747864000031, 21.837444306000066 ], [ 72.597030640000071, 21.84997177300005 ], [ 72.595390321000082, 21.856666565000069 ], [ 72.61875152500005, 21.896610260000045 ], [ 72.61872100800008, 21.90586090100004 ], [ 72.63080596900005, 21.913749696000025 ], [ 72.639579773000037, 21.911638260000075 ], [ 72.637054443000068, 21.915000915000064 ], [ 72.643753052000079, 21.91997146600005 ], [ 72.640388489000031, 21.93247223000003 ], [ 72.651641846000075, 21.947082520000038 ], [ 72.679191590000073, 21.954584123000075 ], [ 72.689163209000071, 21.94124984900003 ], [ 72.714141846000075, 21.936277389000054 ], [ 72.741279602000077, 21.95413970900006 ], [ 72.74958038300008, 21.973278047000065 ], [ 72.737052918000074, 21.982528686000023 ], [ 72.743309021000073, 21.987943649000044 ], [ 72.730834961000085, 21.987943649000044 ], [ 72.72702789300007, 21.979166030000044 ], [ 72.734580994000055, 21.957471848000068 ], [ 72.72666931100008, 21.952083587000061 ], [ 72.71583557200006, 21.952861786000028 ], [ 72.703308105000076, 21.971221924000076 ], [ 72.668304444000057, 21.962055206000059 ], [ 72.647468567000033, 21.965444565000041 ], [ 72.61994171300006, 21.952888490000078 ], [ 72.594169617000034, 21.932888031000061 ], [ 72.580001831000061, 21.928722382000046 ], [ 72.537475586000085, 21.89622306800004 ], [ 72.52747344900007, 21.906221391000031 ], [ 72.522468567000033, 21.903749466000022 ], [ 72.510414123000032, 21.921667099000047 ], [ 72.512863159000062, 21.934139253000069 ], [ 72.506225587000074, 21.934165954000036 ], [ 72.513725280000074, 21.938333513000032 ], [ 72.507110596000075, 21.94330596900005 ], [ 72.512947084000075, 21.94750022900007 ], [ 72.510391235000043, 21.959167481000065 ], [ 72.515808106000065, 21.966249466000022 ], [ 72.522468567000033, 21.963750839000056 ], [ 72.523719788000051, 21.967445373000032 ], [ 72.517501831000061, 21.972055436000062 ], [ 72.514968872000054, 21.967889787000047 ], [ 72.507888795000042, 21.975805284000046 ], [ 72.526252747000058, 21.976667404000068 ], [ 72.525024414000029, 21.983749389000025 ], [ 72.516639710000049, 21.981222152000043 ], [ 72.512886047000052, 21.985000612000078 ], [ 72.527862549000076, 21.994167327000071 ], [ 72.526252747000058, 21.999139786000057 ], [ 72.512916565000069, 21.998306276000051 ], [ 72.52536010700004, 22.003334045000031 ], [ 72.51914215100004, 22.004554750000068 ], [ 72.522087097000053, 22.008333206000032 ], [ 72.515808106000065, 22.01286125200005 ], [ 72.527885437000066, 22.010833741000056 ], [ 72.520805359000065, 22.015417100000036 ], [ 72.519195557000046, 22.019582749000051 ], [ 72.523719788000051, 22.020000458000027 ], [ 72.514579773000037, 22.029138565000039 ], [ 72.522918701000037, 22.055805208000038 ], [ 72.528724671000077, 22.058305740000037 ], [ 72.535446167000032, 22.107471467000039 ], [ 72.54205322200005, 22.118305207000049 ], [ 72.54788970900006, 22.148305893000042 ], [ 72.562057495000033, 22.179138183000077 ], [ 72.585830688000044, 22.204555511000024 ], [ 72.615859987000078, 22.216222763000076 ], [ 72.645835876000035, 22.216222763000076 ], [ 72.70166778600003, 22.183750152000073 ], [ 72.721664428000054, 22.183750152000073 ], [ 72.743331909000062, 22.173721313000044 ], [ 72.76080322200005, 22.173749923000059 ], [ 72.779998779000039, 22.201250076000065 ], [ 72.794136047000052, 22.196222306000038 ], [ 72.797058107000055, 22.198305130000051 ], [ 72.781608581000057, 22.204526901000065 ], [ 72.780418396000073, 22.210805894000032 ], [ 72.794136047000052, 22.231250764000038 ], [ 72.802474976000042, 22.226249695000035 ], [ 72.806640625000057, 22.226194381000028 ], [ 72.80039215100004, 22.229139328000031 ], [ 72.800415039000029, 22.23580551200007 ], [ 72.808303833000082, 22.234582901000067 ], [ 72.82166290300006, 22.238721847000022 ], [ 72.80661010700004, 22.236221313000044 ], [ 72.808280945000035, 22.243694305000076 ], [ 72.802886963000049, 22.241638183000077 ], [ 72.813331604000041, 22.252082825000059 ], [ 72.819168091000051, 22.253723144000048 ], [ 72.825836182000046, 22.247888565000039 ], [ 72.829559327000084, 22.250000001000046 ], [ 72.818748475000064, 22.256639480000047 ], [ 72.834136963000049, 22.257083894000061 ], [ 72.875808716000051, 22.230388641000047 ], [ 72.872497558000077, 22.23705482500003 ], [ 72.895805359000065, 22.243722915000035 ], [ 72.909164429000043, 22.253694534000033 ], [ 72.91205596900005, 22.264972687000068 ], [ 72.890777588000049, 22.267055513000059 ], [ 72.869140625000057, 22.284610749000024 ], [ 72.839973450000059, 22.282028199000024 ], [ 72.763359070000035, 22.233694078000042 ], [ 72.748306275000061, 22.231250764000038 ], [ 72.710807800000055, 22.242082597000035 ], [ 72.695808412000076, 22.255388261000064 ], [ 72.64502716100003, 22.28372192300003 ], [ 72.605804444000057, 22.285388946000069 ], [ 72.584136963000049, 22.292083742000045 ], [ 72.56580352800006, 22.304582597000035 ], [ 72.549942017000035, 22.302055360000054 ], [ 72.535026550000055, 22.289556505000064 ], [ 72.535003662000065, 22.305389405000028 ], [ 72.526252747000058, 22.304166794000025 ], [ 72.532913208000082, 22.299943924000047 ], [ 72.533721924000076, 22.285804750000068 ], [ 72.512474060000045, 22.269556045000058 ], [ 72.492530823000038, 22.26458358900004 ], [ 72.470832825000059, 22.252056121000066 ], [ 72.430809021000073, 22.204526901000065 ], [ 72.422027588000049, 22.21333313100007 ], [ 72.428695679000043, 22.221639633000052 ], [ 72.424583435000045, 22.231666565000069 ], [ 72.429580689000034, 22.234945297000024 ], [ 72.430000305000078, 22.238750458000027 ], [ 72.422027588000049, 22.233278274000043 ], [ 72.42539215100004, 22.22077751300003 ], [ 72.408721924000076, 22.209972381000057 ], [ 72.412109375000057, 22.257499694000046 ], [ 72.398719787000061, 22.277444841000033 ], [ 72.397026062000066, 22.302473070000076 ], [ 72.387886048000041, 22.310806274000072 ], [ 72.388725282000053, 22.325777054000071 ], [ 72.379997253000056, 22.337055207000049 ], [ 72.372528076000037, 22.338722229000041 ], [ 72.360389711000039, 22.324972153000033 ], [ 72.355361938000044, 22.310806274000072 ], [ 72.349586488000057, 22.310832978000064 ], [ 72.353721619000055, 22.305778503000056 ], [ 72.348724365000066, 22.299972534000062 ], [ 72.355834961000085, 22.285417556000027 ], [ 72.348274231000062, 22.293722153000033 ], [ 72.344558716000051, 22.29249954200003 ], [ 72.348747254000045, 22.289138795000042 ], [ 72.34586334200003, 22.28288841400007 ], [ 72.330863952000072, 22.287860871000078 ], [ 72.332084656000063, 22.300777437000022 ], [ 72.326225281000063, 22.308305741000027 ], [ 72.331222535000052, 22.299972534000062 ], [ 72.327888489000031, 22.288333892000026 ], [ 72.337913513000046, 22.28247261000007 ], [ 72.333724976000042, 22.28000068700004 ], [ 72.337913513000046, 22.275777817000062 ], [ 72.334968567000033, 22.264554978000035 ], [ 72.329109193000079, 22.27208328200004 ], [ 72.329559328000073, 22.265832902000056 ], [ 72.321250916000054, 22.267471313000044 ], [ 72.334609986000032, 22.261611938000044 ], [ 72.331222535000052, 22.248332979000054 ], [ 72.314971924000076, 22.232055664000029 ], [ 72.307052612000064, 22.236639023000066 ], [ 72.310417175000055, 22.239166260000047 ], [ 72.310386657000038, 22.243333816000074 ], [ 72.305831911000041, 22.247055055000033 ], [ 72.309135437000066, 22.240388870000061 ], [ 72.305000307000057, 22.242055893000042 ], [ 72.302497864000031, 22.237888336000026 ], [ 72.295829773000037, 22.238750458000027 ], [ 72.289970399000083, 22.248722077000025 ], [ 72.282890320000035, 22.244943619000026 ], [ 72.285774231000062, 22.238750458000027 ], [ 72.287498474000074, 22.245361328000058 ], [ 72.30124664300007, 22.232471467000039 ], [ 72.292083741000056, 22.215805054000043 ], [ 72.29291534500004, 22.191638947000058 ], [ 72.307861328000058, 22.146638870000061 ], [ 72.298721314000034, 22.103332521000027 ], [ 72.288307191000058, 22.091249466000022 ], [ 72.28121948200004, 22.09250068700004 ], [ 72.280387878000056, 22.075000764000038 ], [ 72.242111206000061, 22.031665802000077 ], [ 72.234970092000083, 22.012111665000077 ], [ 72.224166870000033, 22.014554977000046 ], [ 72.222473145000038, 22.019582749000051 ], [ 72.213302612000064, 22.007083893000072 ], [ 72.202468873000043, 22.021249771000043 ], [ 72.190780639000081, 22.018749237000065 ], [ 72.1875, 22.013750078000044 ], [ 72.182029724000074, 22.02249908400006 ], [ 72.185836792000032, 22.011278152000045 ], [ 72.201637269000059, 22.016250610000043 ], [ 72.204559326000037, 22.00580596900005 ], [ 72.210029602000077, 22.002916336000055 ], [ 72.227470398000037, 22.009555818000024 ], [ 72.237915039000029, 22.0 ], [ 72.237052918000074, 21.968334198000036 ], [ 72.247055054000043, 21.924165725000023 ], [ 72.236251831000061, 21.933277130000079 ], [ 72.231666565000069, 21.944555283000057 ], [ 72.211669922000056, 21.953722 ], [ 72.190002442000036, 21.942916871000023 ], [ 72.182472229000041, 21.953750610000043 ], [ 72.169998169000053, 21.953777313000046 ], [ 72.163307190000069, 21.959554672000024 ], [ 72.167503357000044, 21.952917100000036 ], [ 72.178337097000053, 21.951221467000039 ], [ 72.1875, 21.941223144000048 ], [ 72.201667785000041, 21.942111969000052 ], [ 72.210807800000055, 21.950387954000064 ], [ 72.22666931100008, 21.943721771000071 ], [ 72.242858887000068, 21.921638488000042 ], [ 72.242080688000044, 21.914972305000049 ], [ 72.249526978000063, 21.910804750000068 ], [ 72.247055054000043, 21.902500153000062 ], [ 72.25791931200007, 21.886638641000047 ], [ 72.252029419000053, 21.882472993000079 ], [ 72.257057190000069, 21.876667022000049 ], [ 72.257080078000058, 21.837499618000038 ], [ 72.249557495000033, 21.809972764000065 ], [ 72.238334656000063, 21.806249620000074 ], [ 72.214584350000052, 21.824972153000033 ], [ 72.219558715000062, 21.837499618000038 ], [ 72.214996338000049, 21.857084274000044 ], [ 72.214530945000035, 21.83413887100005 ], [ 72.202941894000048, 21.839971543000047 ], [ 72.209587097000053, 21.833333969000023 ], [ 72.208724976000042, 21.826665880000064 ], [ 72.203308105000076, 21.824556351000069 ], [ 72.201667785000041, 21.832056045000058 ], [ 72.198303223000039, 21.828722 ], [ 72.197471619000055, 21.837083818000053 ], [ 72.192474365000066, 21.829526902000055 ], [ 72.188308716000051, 21.840415954000036 ], [ 72.187858582000047, 21.831638336000026 ], [ 72.177886963000049, 21.826639175000025 ], [ 72.174552917000028, 21.814971925000066 ], [ 72.166191101000038, 21.809999466000022 ], [ 72.175003052000079, 21.81125068800003 ], [ 72.1875, 21.822055816000045 ], [ 72.194168090000062, 21.821250917000043 ], [ 72.19330596900005, 21.817054748000032 ], [ 72.200416565000069, 21.815000534000035 ], [ 72.193725586000085, 21.812471390000042 ], [ 72.202919008000038, 21.809999466000022 ], [ 72.197891235000043, 21.805833816000074 ], [ 72.203277588000049, 21.806222915000035 ], [ 72.200775146000069, 21.802110673000072 ], [ 72.208274842000037, 21.804527283000027 ], [ 72.20788574200003, 21.799999237000065 ], [ 72.215385437000066, 21.795804977000046 ], [ 72.217086792000032, 21.78747177200006 ], [ 72.221252441000047, 21.787500381000029 ], [ 72.217918396000073, 21.783306122000056 ], [ 72.222885131000055, 21.78247261100006 ], [ 72.220390319000046, 21.77583313100007 ], [ 72.237503052000079, 21.766277313000046 ], [ 72.228752136000082, 21.761638643000026 ], [ 72.239555359000065, 21.761667253000041 ], [ 72.22455596900005, 21.746665956000072 ], [ 72.232055664000029, 21.73997306800004 ], [ 72.23374939100006, 21.721666336000055 ], [ 72.242942810000045, 21.713333130000024 ], [ 72.237915039000029, 21.709194185000058 ], [ 72.248275756000055, 21.706249238000055 ], [ 72.251609802000075, 21.695360183000048 ], [ 72.28121948200004, 21.690000534000035 ], [ 72.286193848000039, 21.676666259000058 ], [ 72.283752442000036, 21.663333894000061 ], [ 72.302917480000076, 21.644971847000022 ], [ 72.30625152600004, 21.626667023000039 ], [ 72.285415650000061, 21.596639634000041 ], [ 72.280418396000073, 21.595806121000066 ], [ 72.282913208000082, 21.592472077000025 ], [ 72.267913818000068, 21.57250022900007 ], [ 72.27038574200003, 21.56830596900005 ], [ 72.263725281000063, 21.554138185000056 ], [ 72.266220093000072, 21.541639329000077 ], [ 72.23627471900005, 21.454111099000045 ], [ 72.128753662000065, 21.334167480000076 ], [ 72.11038970900006, 21.300832750000041 ], [ 72.102470398000037, 21.312055588000078 ], [ 72.089164734000065, 21.315444948000049 ], [ 72.11289215100004, 21.297500610000043 ], [ 72.110420227000077, 21.284166336000055 ], [ 72.104141235000043, 21.278722763000076 ], [ 72.094169617000034, 21.285417558000063 ], [ 72.104583740000066, 21.272472381000057 ], [ 72.083747864000031, 21.246610641000075 ], [ 72.087059021000073, 21.230806350000023 ], [ 72.108779907000041, 21.211610794000023 ], [ 72.11127471900005, 21.199111938000044 ], [ 72.087524414000029, 21.191249847000051 ], [ 72.044136047000052, 21.162860870000031 ], [ 72.018302918000074, 21.152915956000072 ], [ 72.008720398000037, 21.144138337000072 ], [ 72.00916290300006, 21.134582519000048 ], [ 71.994941711000081, 21.138944626000068 ], [ 71.986640930000078, 21.136472703000038 ], [ 71.973724365000066, 21.128555298000038 ], [ 71.976638794000053, 21.122304916000076 ], [ 71.95747375500008, 21.123167039000066 ], [ 71.952499390000071, 21.11813926700006 ], [ 71.943336487000067, 21.118999482000049 ], [ 71.941635132000044, 21.113222123000071 ], [ 71.899169922000056, 21.109083175000023 ], [ 71.89833069000008, 21.113250734000076 ], [ 71.88327789300007, 21.089138032000051 ], [ 71.870803833000082, 21.089111328000058 ], [ 71.828330994000055, 21.068332672000054 ], [ 71.82166290300006, 21.070861818000026 ], [ 71.794166565000069, 21.050888063000059 ], [ 71.792083741000056, 21.059638977000077 ], [ 71.799583435000045, 21.068805696000027 ], [ 71.782470703000058, 21.065082550000056 ], [ 71.781669617000034, 21.060916900000052 ], [ 71.778305054000043, 21.067556382000078 ], [ 71.782470703000058, 21.04513931300005 ], [ 71.802497864000031, 21.045888902000058 ], [ 71.808303833000082, 21.036722183000052 ], [ 71.793334961000085, 21.035083771000075 ], [ 71.789970398000037, 21.042610169000056 ], [ 71.776611328000058, 21.039249420000033 ], [ 71.773719788000051, 21.062139512000044 ], [ 71.764945984000065, 21.065944673000047 ], [ 71.764556885000047, 21.053861618000042 ], [ 71.753723144000048, 21.05299949700003 ], [ 71.74958038300008, 21.047222137000063 ], [ 71.755386352000073, 21.041389467000045 ], [ 71.742942810000045, 21.034694671000068 ], [ 71.744140625000057, 21.030111312000031 ], [ 71.764137269000059, 21.032583238000029 ], [ 71.77497100800008, 21.03922271700003 ], [ 71.783752441000047, 21.032222748000038 ], [ 71.765830993000066, 21.020971298000063 ], [ 71.739997864000031, 21.016805649000048 ], [ 71.721641541000054, 21.020999909000068 ], [ 71.697502136000082, 21.00683403000005 ], [ 71.679580689000034, 21.002305984000031 ], [ 71.684585571000071, 20.997472763000076 ], [ 71.679946900000061, 20.994556427000077 ], [ 71.661636352000073, 20.997888566000029 ], [ 71.629165650000061, 20.983778001000076 ], [ 71.625358581000057, 20.973333360000026 ], [ 71.630386354000052, 20.974166870000033 ], [ 71.631637573000035, 20.982084274000044 ], [ 71.635414123000032, 20.972499847000051 ], [ 71.631668091000051, 20.969583511000053 ], [ 71.599975586000085, 20.965415954000036 ], [ 71.566665649000072, 20.948722839000027 ], [ 71.553337097000053, 20.95122146600005 ], [ 71.534942627000078, 20.943750381000029 ], [ 71.541664124000079, 20.95122146600005 ], [ 71.557472229000041, 20.954584122000028 ], [ 71.563697815000069, 20.960805894000032 ], [ 71.562080385000058, 20.967472076000035 ], [ 71.574142456000061, 20.972917556000027 ], [ 71.58247375500008, 20.987916948000077 ], [ 71.539947510000047, 20.953695298000071 ], [ 71.51416778600003, 20.955415726000069 ], [ 71.50916290300006, 20.944528580000053 ], [ 71.505836487000067, 20.946250917000043 ], [ 71.497474672000067, 20.934555054000043 ], [ 71.492027283000084, 20.934972763000076 ], [ 71.497055054000043, 20.932500839000056 ], [ 71.490386962000059, 20.924972534000062 ], [ 71.498725891000049, 20.919166565000069 ], [ 71.483779907000041, 20.914972305000049 ], [ 71.500389099000074, 20.916610718000072 ], [ 71.482086181000057, 20.904972076000035 ], [ 71.479553223000039, 20.888305665000075 ], [ 71.46333313000008, 20.877889633000052 ], [ 71.452468872000054, 20.877916337000045 ], [ 71.442497253000056, 20.867916107000042 ], [ 71.401664735000054, 20.862943651000023 ], [ 71.39163970900006, 20.87375068800003 ], [ 71.375, 20.867082596000046 ], [ 71.364524841000048, 20.87244415300006 ], [ 71.371696472000053, 20.865417481000065 ], [ 71.380836487000067, 20.864610673000072 ], [ 71.385414124000079, 20.854972841000063 ], [ 71.32414245700005, 20.844554902000027 ], [ 71.260002136000082, 20.81458282400007 ], [ 71.239997864000031, 20.809555055000033 ], [ 71.230781555000078, 20.801250459000073 ], [ 71.21497344900007, 20.800416946000041 ], [ 71.21497344900007, 20.804555893000042 ], [ 71.208358765000071, 20.806249618000038 ], [ 71.204170227000077, 20.787027359000035 ], [ 71.160003662000065, 20.777055740000037 ], [ 71.150802613000053, 20.764610292000043 ], [ 71.145835876000035, 20.771249771000043 ], [ 71.138336182000046, 20.77122306900003 ], [ 71.123748780000028, 20.762472152000043 ], [ 71.148277283000084, 20.762916565000069 ], [ 71.147468567000033, 20.757944107000071 ], [ 71.090805055000033, 20.75622177300005 ], [ 71.086669922000056, 20.769582748000062 ], [ 71.081253052000079, 20.764999390000071 ], [ 71.08535766600005, 20.764139175000025 ], [ 71.086250305000078, 20.75666618300005 ], [ 71.076248169000053, 20.75827789300007 ], [ 71.082862854000041, 20.754999160000068 ], [ 71.074584961000028, 20.751667024000028 ], [ 71.079612732000044, 20.748332977000075 ], [ 71.078330994000055, 20.743694305000076 ], [ 71.066253662000065, 20.752445222000063 ], [ 71.072891237000078, 20.743305207000049 ], [ 71.08288574200003, 20.739166259000058 ], [ 71.072502136000082, 20.732915879000075 ], [ 71.059974671000077, 20.734582901000067 ], [ 71.046669007000048, 20.728694916000052 ], [ 71.038330078000058, 20.734527589000038 ], [ 71.012527466000051, 20.737888336000026 ], [ 70.989997864000031, 20.720388412000034 ], [ 70.972473146000084, 20.727888107000069 ], [ 70.997886657000038, 20.713306428000067 ], [ 70.980834961000028, 20.700416565000069 ], [ 70.924140930000078, 20.708749771000043 ], [ 70.914970398000037, 20.697027207000076 ], [ 70.898330689000034, 20.697055818000024 ], [ 70.893302917000028, 20.70536041400004 ], [ 70.873779297000056, 20.708333969000023 ], [ 70.877502441000047, 20.727916717000028 ], [ 70.870391847000064, 20.725000381000029 ], [ 70.869552613000053, 20.706666946000041 ], [ 70.87458038300008, 20.703332901000067 ], [ 70.843330384000069, 20.705389024000056 ], [ 70.835388184000067, 20.699972153000033 ], [ 70.838752746000068, 20.689945222000063 ], [ 70.822052002000078, 20.690834045000031 ], [ 70.82416534400005, 20.69372177200006 ], [ 70.803337097000053, 20.700416565000069 ], [ 70.78916931200007, 20.712110519000078 ], [ 70.761642456000061, 20.720417023000039 ], [ 70.748306274000072, 20.717916489000061 ], [ 70.700805664000029, 20.738695145000065 ], [ 70.67038726800007, 20.75580596900005 ], [ 70.677917481000065, 20.758306504000075 ], [ 70.674140930000078, 20.765388488000042 ], [ 70.669136047000052, 20.757888795000042 ], [ 70.653274536000083, 20.758722305000049 ], [ 70.651252747000058, 20.762472152000043 ], [ 70.662498474000074, 20.766250610000043 ], [ 70.660362243000066, 20.770805360000054 ], [ 70.666252136000082, 20.774139405000028 ], [ 70.659973144000048, 20.772943498000075 ], [ 70.659111023000037, 20.779527665000046 ], [ 70.654167175000055, 20.772888184000067 ], [ 70.646667480000076, 20.772888184000067 ], [ 70.645805359000065, 20.777889253000069 ], [ 70.640808106000065, 20.772888184000067 ], [ 70.636611938000044, 20.774583816000074 ], [ 70.63416290300006, 20.766250610000043 ], [ 70.615837097000053, 20.769582748000062 ], [ 70.612503052000079, 20.776193620000072 ], [ 70.563308717000041, 20.792888641000047 ], [ 70.551666260000047, 20.804582596000046 ], [ 70.543334961000028, 20.801221849000058 ], [ 70.494972229000041, 20.827054979000025 ], [ 70.485862732000044, 20.836194993000049 ], [ 70.47086334200003, 20.837862016000031 ], [ 70.449974060000045, 20.848722458000054 ], [ 70.412086487000067, 20.875833511000053 ], [ 70.42539215100004, 20.882499695000035 ], [ 70.42038726800007, 20.884138107000069 ], [ 70.422080995000044, 20.89330482500003 ], [ 70.409164429000043, 20.877916337000045 ], [ 70.389968872000054, 20.894582748000062 ], [ 70.374168396000073, 20.902055740000037 ], [ 70.362503052000079, 20.902055740000037 ], [ 70.34705352800006, 20.914167405000057 ], [ 70.353363037000065, 20.922889711000039 ], [ 70.341636657000038, 20.915416719000063 ], [ 70.314140320000035, 20.932888032000051 ], [ 70.26166534500004, 20.969583511000053 ], [ 70.237861635000058, 20.992471696000052 ], [ 70.240837097000053, 20.997917175000055 ], [ 70.228302002000078, 20.995361329000048 ], [ 70.155776978000063, 21.054555893000042 ], [ 70.136253357000044, 21.074138641000047 ], [ 70.14163970900006, 21.077083587000061 ], [ 70.151275635000047, 21.073333740000066 ], [ 70.14414215100004, 21.082111360000056 ], [ 70.134140014000081, 21.077054977000046 ], [ 70.091667175000055, 21.111249925000038 ], [ 70.002891540000064, 21.200834274000044 ], [ 69.777053833000082, 21.454944612000077 ], [ 69.810836792000032, 21.448722839000027 ], [ 69.803749085000049, 21.45413970900006 ], [ 69.805030823000038, 21.45958328200004 ], [ 69.786666870000033, 21.454555513000059 ], [ 69.775802614000042, 21.464555740000037 ], [ 69.774971010000058, 21.457889558000034 ], [ 69.714584351000042, 21.526666641000077 ], [ 69.681663513000046, 21.55374908400006 ], [ 69.611640930000078, 21.627056123000045 ], [ 69.59583282400007, 21.637916565000069 ], [ 69.585830689000034, 21.633693695000034 ], [ 69.573333740000066, 21.64286041400004 ], [ 69.510803223000039, 21.697916031000034 ], [ 69.475776672000052, 21.735416414000042 ], [ 69.444526673000041, 21.758333206000032 ], [ 69.449142456000061, 21.762056352000059 ], [ 69.455390930000078, 21.757444383000063 ], [ 69.447052002000078, 21.764139175000025 ], [ 69.448722839000084, 21.76830482500003 ], [ 69.445030212000063, 21.762083053000026 ], [ 69.436607362000075, 21.762027741000054 ], [ 69.391220092000083, 21.805000306000068 ], [ 69.373725891000049, 21.828277589000038 ], [ 69.382469177000075, 21.822055816000045 ], [ 69.381248474000074, 21.84250068700004 ], [ 69.38666534500004, 21.849582673000043 ], [ 69.389968872000054, 21.848722459000044 ], [ 69.396247864000031, 21.853305818000024 ], [ 69.395774841000048, 21.854555131000041 ], [ 69.383750915000064, 21.85747146600005 ], [ 69.384109497000054, 21.86205482500003 ], [ 69.369552612000064, 21.83413887100005 ], [ 69.371696474000032, 21.829610826000078 ], [ 69.355003358000033, 21.835388185000056 ], [ 69.334968567000033, 21.847917556000027 ], [ 69.259582519000048, 21.914167406000047 ], [ 69.247055054000043, 21.929138184000067 ], [ 69.249168396000073, 21.932916641000077 ], [ 69.23913574200003, 21.937084199000026 ], [ 69.200836182000046, 21.977056503000028 ], [ 69.210441590000073, 21.986694336000028 ], [ 69.197502136000082, 21.981250763000048 ], [ 68.976219177000075, 22.214971544000036 ], [ 68.967056275000061, 22.230806351000069 ], [ 68.97455596900005, 22.22999954200003 ], [ 68.957054138000046, 22.239110946000039 ], [ 68.953720093000072, 22.251611711000066 ], [ 68.957054138000046, 22.259138107000069 ], [ 68.935386658000084, 22.306694030000074 ], [ 68.942054750000068, 22.330833436000034 ], [ 68.949996949000081, 22.330389023000066 ], [ 68.95788574200003, 22.34250068700004 ], [ 68.959609985000043, 22.373306276000051 ], [ 68.976638794000053, 22.402055742000073 ], [ 68.981636048000041, 22.398721695000063 ], [ 68.989135743000077, 22.401250839000056 ], [ 68.981636048000041, 22.401250839000056 ], [ 68.980392456000061, 22.408306123000045 ], [ 69.012474060000045, 22.443750381000029 ], [ 69.053337097000053, 22.464555742000073 ], [ 69.068336486000078, 22.478721620000044 ], [ 69.078277588000049, 22.478721620000044 ], [ 69.08288574200003, 22.471666337000045 ], [ 69.074554443000068, 22.454971313000044 ], [ 69.042083740000066, 22.434165954000036 ], [ 69.046218872000054, 22.418333053000026 ], [ 69.035415649000072, 22.399972915000035 ], [ 69.039558410000041, 22.398305893000042 ], [ 69.035415649000072, 22.389972687000068 ], [ 69.042503357000044, 22.385389328000031 ], [ 69.042083740000066, 22.389972687000068 ], [ 69.046638489000031, 22.387916564000022 ], [ 69.044975281000063, 22.393722535000052 ], [ 69.049163818000068, 22.391250610000043 ], [ 69.050834656000063, 22.39708328200004 ], [ 69.054527283000084, 22.394166946000041 ], [ 69.052497864000031, 22.388721467000039 ], [ 69.061691284000062, 22.391250610000043 ], [ 69.0625, 22.384582520000038 ], [ 69.07913970900006, 22.385389328000031 ], [ 69.093330384000069, 22.392889023000066 ], [ 69.100807190000069, 22.407917024000028 ], [ 69.111663818000068, 22.409584047000067 ], [ 69.129112244000055, 22.396249772000033 ], [ 69.137474060000045, 22.402889251000033 ], [ 69.151641846000075, 22.40208244300004 ], [ 69.160774231000062, 22.41119384700005 ], [ 69.157081604000041, 22.40500068800003 ], [ 69.164108276000036, 22.403722764000065 ], [ 69.175003052000079, 22.422082902000056 ], [ 69.192085266000049, 22.418333053000026 ], [ 69.18708038300008, 22.412471771000071 ], [ 69.190391540000064, 22.403305055000033 ], [ 69.186637879000045, 22.404556274000072 ], [ 69.185386657000038, 22.399972915000035 ], [ 69.198722840000073, 22.399972915000035 ], [ 69.196220398000037, 22.392499923000059 ], [ 69.199554444000057, 22.389110566000056 ], [ 69.187469483000029, 22.386222840000073 ], [ 69.179191589000084, 22.375389099000074 ], [ 69.167526245000033, 22.372055053000054 ], [ 69.171669006000059, 22.366193771000042 ], [ 69.18122100800008, 22.368305206000059 ], [ 69.167861938000044, 22.351638794000053 ], [ 69.174972534000062, 22.353694915000062 ], [ 69.172058106000065, 22.346639633000052 ], [ 69.175392152000029, 22.344165802000077 ], [ 69.162086487000067, 22.346666337000045 ], [ 69.168724060000045, 22.340000153000062 ], [ 69.16791534500004, 22.32913970900006 ], [ 69.157081604000041, 22.309999466000022 ], [ 69.177474976000042, 22.283777237000038 ], [ 69.206665039000029, 22.262916566000058 ], [ 69.227470398000037, 22.256221771000071 ], [ 69.250808716000051, 22.267026902000055 ], [ 69.283332825000059, 22.270416260000047 ], [ 69.283721924000076, 22.274999618000038 ], [ 69.29291534400005, 22.278305054000043 ], [ 69.290832520000038, 22.285388946000069 ], [ 69.308334350000052, 22.285417556000027 ], [ 69.319999695000035, 22.292028427000048 ], [ 69.336196899000072, 22.310832978000064 ], [ 69.336219787000061, 22.322471619000055 ], [ 69.330802918000074, 22.322082521000027 ], [ 69.330802918000074, 22.327917099000047 ], [ 69.35166931200007, 22.32708358800005 ], [ 69.355834962000074, 22.320417404000068 ], [ 69.365806581000072, 22.318721771000071 ], [ 69.38666534500004, 22.320388794000053 ], [ 69.414138794000053, 22.315389634000041 ], [ 69.432472229000041, 22.320388794000053 ], [ 69.452499389000081, 22.33372306800004 ], [ 69.457916261000037, 22.331638336000026 ], [ 69.456665039000029, 22.326250076000065 ], [ 69.480003357000044, 22.332082750000041 ], [ 69.487030029000039, 22.338306427000077 ], [ 69.48627471900005, 22.34997177200006 ], [ 69.496635437000066, 22.367082597000035 ], [ 69.51164245700005, 22.371221542000058 ], [ 69.524139404000039, 22.368722917000071 ], [ 69.518753052000079, 22.375 ], [ 69.525413513000046, 22.390806199000053 ], [ 69.515388489000031, 22.401666641000077 ], [ 69.521224976000042, 22.411638260000075 ], [ 69.507057190000069, 22.419137956000043 ], [ 69.510002136000082, 22.425388337000072 ], [ 69.529167177000033, 22.421249389000025 ], [ 69.532890319000046, 22.410861970000042 ], [ 69.55122375500008, 22.399139404000039 ], [ 69.544525146000069, 22.394166946000041 ], [ 69.554557802000033, 22.387500763000048 ], [ 69.557052613000053, 22.374971390000042 ], [ 69.54538726800007, 22.375028610000072 ], [ 69.561248779000039, 22.363306047000037 ], [ 69.552497864000031, 22.348722459000044 ], [ 69.559196472000053, 22.354555130000051 ], [ 69.564163208000082, 22.352056504000075 ], [ 69.574974060000045, 22.369583130000024 ], [ 69.583335877000081, 22.363750457000037 ], [ 69.590362549000076, 22.364999771000043 ], [ 69.591247559000067, 22.354139328000031 ], [ 69.571220398000037, 22.340860368000051 ], [ 69.56913757500007, 22.332082750000041 ], [ 69.572891235000043, 22.340833664000058 ], [ 69.578750610000043, 22.34250068700004 ], [ 69.571220398000037, 22.329999923000059 ], [ 69.574081421000074, 22.322082521000027 ], [ 69.581222534000062, 22.344139100000064 ], [ 69.594139099000074, 22.352083206000032 ], [ 69.598747254000045, 22.345806123000045 ], [ 69.596252442000036, 22.339166641000077 ], [ 69.600830078000058, 22.34538841400007 ], [ 69.605392456000061, 22.343305587000032 ], [ 69.604164123000032, 22.330415727000059 ], [ 69.609527588000049, 22.346611023000037 ], [ 69.607055664000029, 22.329999923000059 ], [ 69.611640930000078, 22.336221695000063 ], [ 69.612915039000029, 22.328306199000053 ], [ 69.610420227000077, 22.349138260000075 ], [ 69.621635437000066, 22.365388870000061 ], [ 69.650802612000064, 22.347888946000069 ], [ 69.654556274000072, 22.332500459000073 ], [ 69.663307190000069, 22.331222535000052 ], [ 69.667892456000061, 22.323333740000066 ], [ 69.65955352800006, 22.347444535000022 ], [ 69.64833069000008, 22.351222992000032 ], [ 69.646224976000042, 22.356637956000043 ], [ 69.654556274000072, 22.359167099000047 ], [ 69.655387878000056, 22.379138948000048 ], [ 69.66416931200007, 22.394582750000041 ], [ 69.698722840000073, 22.398361206000061 ], [ 69.697891236000032, 22.41997146600005 ], [ 69.708694458000082, 22.432500839000056 ], [ 69.701225282000053, 22.441638946000069 ], [ 69.702919006000059, 22.449943543000074 ], [ 69.728363037000065, 22.47455597000004 ], [ 69.740447998000036, 22.449972154000022 ], [ 69.732475281000063, 22.449527740000065 ], [ 69.737083435000045, 22.444110872000067 ], [ 69.729553223000039, 22.442499162000047 ], [ 69.74375152600004, 22.434165954000036 ], [ 69.739974976000042, 22.42874908400006 ], [ 69.750808715000062, 22.427888870000061 ], [ 69.760833740000066, 22.44124984900003 ], [ 69.764579773000037, 22.430805207000049 ], [ 69.787475586000028, 22.404527664000057 ], [ 69.808334350000052, 22.397888183000077 ], [ 69.821220399000083, 22.416639329000077 ], [ 69.83164215100004, 22.449583055000062 ], [ 69.866691590000073, 22.446222305000049 ], [ 69.898330688000044, 22.465389252000023 ], [ 69.915000915000064, 22.445388795000042 ], [ 69.913749695000035, 22.452528001000076 ], [ 69.917442322000056, 22.453750610000043 ], [ 69.920806886000037, 22.437915803000067 ], [ 69.922920227000077, 22.449138641000047 ], [ 69.912918091000051, 22.458305360000054 ], [ 69.904525757000044, 22.479110718000072 ], [ 69.907890320000035, 22.489139558000034 ], [ 69.916221618000066, 22.492471695000063 ], [ 69.914581299000076, 22.495805740000037 ], [ 69.929969787000061, 22.509555818000024 ], [ 69.935386658000084, 22.50666618300005 ], [ 69.942474365000066, 22.512056351000069 ], [ 69.947891235000043, 22.507499696000025 ], [ 69.944557190000069, 22.501667023000039 ], [ 69.94916534400005, 22.507083892000026 ], [ 69.960807800000055, 22.502889633000052 ], [ 69.955390930000078, 22.506639482000026 ], [ 69.960830689000034, 22.507083892000026 ], [ 69.958747864000031, 22.509944916000052 ], [ 69.965362549000076, 22.517499924000049 ], [ 69.952445984000065, 22.508722305000049 ], [ 69.946220398000037, 22.526666643000056 ], [ 69.972473145000038, 22.538722993000079 ], [ 69.982475281000063, 22.536249162000047 ], [ 69.985389710000049, 22.539972306000038 ], [ 69.98041534400005, 22.541666031000034 ], [ 69.985809326000037, 22.544555664000029 ], [ 70.002471924000076, 22.547111512000072 ], [ 70.004135132000044, 22.536249162000047 ], [ 70.007469178000065, 22.547056199000053 ], [ 70.019943238000053, 22.546249390000071 ], [ 70.027526855000076, 22.552110672000026 ], [ 70.027114868000069, 22.545804977000046 ], [ 70.017913818000068, 22.537471771000071 ], [ 70.025802612000064, 22.536222458000054 ], [ 70.032943726000042, 22.557472229000041 ], [ 70.042472839000084, 22.560443878000058 ], [ 70.065361023000037, 22.549972535000052 ], [ 70.065780640000071, 22.54125023000006 ], [ 70.07166290300006, 22.551250459000073 ], [ 70.087081909000062, 22.546667099000047 ], [ 70.087524414000029, 22.540416717000028 ], [ 70.087890625000057, 22.549110412000061 ], [ 70.118278503000056, 22.550416946000041 ], [ 70.122085571000071, 22.546638490000078 ], [ 70.120391845000029, 22.536693573000036 ], [ 70.107475281000063, 22.519556047000037 ], [ 70.114196777000075, 22.525417329000049 ], [ 70.115837098000043, 22.520416261000037 ], [ 70.116668701000037, 22.526222229000041 ], [ 70.119972229000041, 22.521249771000043 ], [ 70.122886657000038, 22.54583358800005 ], [ 70.131637573000035, 22.552083969000023 ], [ 70.140830994000055, 22.550361634000069 ], [ 70.144165039000029, 22.536222458000054 ], [ 70.145805359000065, 22.555444719000036 ], [ 70.163307190000069, 22.552083969000023 ], [ 70.174163820000047, 22.542028427000048 ], [ 70.180419922000056, 22.552499772000033 ], [ 70.177886963000049, 22.566610336000053 ], [ 70.191665649000072, 22.580389024000056 ], [ 70.194137573000035, 22.574583054000072 ], [ 70.203720093000072, 22.576639175000025 ], [ 70.200416565000069, 22.570806504000075 ], [ 70.204109192000033, 22.572055817000034 ], [ 70.20502471900005, 22.567916870000033 ], [ 70.20999908400006, 22.572916032000023 ], [ 70.215774536000083, 22.570417405000057 ], [ 70.206222534000062, 22.579139711000039 ], [ 70.212890625000057, 22.579944610000041 ], [ 70.211669922000056, 22.586277008000025 ], [ 70.199974060000045, 22.58372306900003 ], [ 70.197891236000032, 22.600833894000061 ], [ 70.214973450000059, 22.597888948000048 ], [ 70.207916260000047, 22.609167100000036 ], [ 70.228752136000082, 22.624166488000071 ], [ 70.228332520000038, 22.633750916000054 ], [ 70.235809326000037, 22.634611130000053 ], [ 70.258750915000064, 22.656610489000059 ], [ 70.254608154000039, 22.669166565000069 ], [ 70.260414123000032, 22.670778274000043 ], [ 70.250389099000074, 22.674972534000062 ], [ 70.255386353000063, 22.682472229000041 ], [ 70.261611938000044, 22.680416107000042 ], [ 70.263336182000046, 22.68625068800003 ], [ 70.269165039000029, 22.67288970900006 ], [ 70.284141540000064, 22.676221847000022 ], [ 70.268692018000081, 22.684139252000023 ], [ 70.272087097000053, 22.687500001000046 ], [ 70.266220092000083, 22.690805435000073 ], [ 70.272918701000037, 22.692472457000065 ], [ 70.269554138000046, 22.69750023000006 ], [ 70.283752441000047, 22.69416618300005 ], [ 70.274971009000069, 22.700416566000058 ], [ 70.264945984000065, 22.699583053000026 ], [ 70.262886047000052, 22.703277589000038 ], [ 70.272087097000053, 22.709167482000055 ], [ 70.259552003000067, 22.718334199000026 ], [ 70.267501831000061, 22.721250534000035 ], [ 70.269943237000064, 22.71791649000005 ], [ 70.285804748000032, 22.729583741000056 ], [ 70.29502868600008, 22.729583741000056 ], [ 70.299613952000072, 22.742500306000068 ], [ 70.31794738800005, 22.759166717000028 ], [ 70.316276550000055, 22.778333664000058 ], [ 70.317863464000084, 22.784166337000045 ], [ 70.322891235000043, 22.784166337000045 ], [ 70.319580078000058, 22.795000076000065 ], [ 70.335418702000084, 22.824972154000022 ], [ 70.351219177000075, 22.885000228000024 ], [ 70.376663208000082, 22.909555435000073 ], [ 70.417083740000066, 22.922500612000078 ], [ 70.411193848000039, 22.927499771000043 ], [ 70.427886963000049, 22.955833435000045 ], [ 70.447502136000082, 22.957027437000022 ], [ 70.440361023000037, 22.963306428000067 ], [ 70.447502136000082, 22.970388412000034 ], [ 70.430831909000062, 22.96458244300004 ], [ 70.436248779000039, 22.970861435000074 ], [ 70.434135437000066, 22.978721620000044 ], [ 70.395835876000035, 22.980388642000037 ], [ 70.395446777000075, 22.971611024000026 ], [ 70.402885437000066, 22.963277817000062 ], [ 70.390419008000038, 22.935806275000061 ], [ 70.35166931100008, 22.92288970900006 ], [ 70.287475586000028, 22.944610596000075 ], [ 70.26413726800007, 22.954584122000028 ], [ 70.259582519000048, 22.962499620000074 ], [ 70.23538970900006, 22.979139329000077 ], [ 70.231246948000035, 23.037500381000029 ], [ 70.227081299000076, 23.051639558000034 ], [ 70.219139099000074, 23.055416108000031 ], [ 70.214553833000082, 23.049139023000066 ], [ 70.220390320000035, 23.042444230000058 ], [ 70.221221924000076, 23.026611329000048 ], [ 70.213722229000041, 23.024139405000028 ], [ 70.21958160500003, 23.023305893000042 ], [ 70.23288726800007, 22.964138032000051 ], [ 70.206192017000035, 22.977472307000028 ], [ 70.22791290300006, 22.959972383000036 ], [ 70.224136352000073, 22.952888489000031 ], [ 70.195808410000041, 22.942054750000068 ], [ 70.173362732000044, 22.946222305000049 ], [ 70.164192201000048, 22.940389633000052 ], [ 70.147529602000077, 22.946250915000064 ], [ 70.11961364800004, 22.962444305000076 ], [ 70.11872100800008, 22.968305589000067 ], [ 70.132080079000048, 22.979972839000027 ], [ 70.128723145000038, 22.986639023000066 ], [ 70.131668091000051, 22.995861055000034 ], [ 70.125389099000074, 22.988332750000041 ], [ 70.126274108000075, 22.98247146600005 ], [ 70.107025146000069, 22.964138032000051 ], [ 70.13044738800005, 22.948305131000041 ], [ 70.12830352800006, 22.944610596000075 ], [ 70.11413574200003, 22.946250915000064 ], [ 70.137474060000045, 22.942888260000075 ], [ 70.139556886000037, 22.93333244400003 ], [ 70.109169007000048, 22.919555665000075 ], [ 70.100028992000034, 22.907861711000066 ], [ 70.089164734000065, 22.912860870000031 ], [ 70.070831299000076, 22.910417557000073 ], [ 70.067497253000056, 22.919555665000075 ], [ 70.017440796000074, 22.910417557000073 ], [ 70.019584655000074, 22.90747261000007 ], [ 70.010864258000083, 22.905361175000053 ], [ 70.004135132000044, 22.919584276000023 ], [ 70.006637574000081, 22.904527664000057 ], [ 70.002471924000076, 22.90369415300006 ], [ 70.001640320000035, 22.908750534000035 ], [ 69.997474670000031, 22.902055742000073 ], [ 69.964996338000049, 22.89708328200004 ], [ 69.944999694000046, 22.907888413000023 ], [ 69.947052002000078, 22.900806428000067 ], [ 69.956253052000079, 22.896638870000061 ], [ 69.929946901000051, 22.89622306800004 ], [ 69.911666871000079, 22.886222841000063 ], [ 69.90955352800006, 22.877471924000076 ], [ 69.898330688000044, 22.871276856000065 ], [ 69.890357972000061, 22.876638412000034 ], [ 69.89538574200003, 22.914138794000053 ], [ 69.890808107000055, 22.903722764000065 ], [ 69.884971619000055, 22.912860870000031 ], [ 69.881248474000074, 22.909166337000045 ], [ 69.891250611000032, 22.897472383000036 ], [ 69.891220093000072, 22.890806199000053 ], [ 69.87496948200004, 22.86711120700005 ], [ 69.839164734000065, 22.856222152000043 ], [ 69.83247375500008, 22.863721847000022 ], [ 69.833747864000031, 22.856637956000043 ], [ 69.829139710000049, 22.852888107000069 ], [ 69.812446596000029, 22.847055436000062 ], [ 69.809997559000067, 22.853721620000044 ], [ 69.808303833000082, 22.847888946000069 ], [ 69.799140930000078, 22.845417024000028 ], [ 69.790000916000054, 22.848722458000054 ], [ 69.784141540000064, 22.863721847000022 ], [ 69.784584045000031, 22.85499954200003 ], [ 69.777885437000066, 22.854972839000027 ], [ 69.790390015000071, 22.841611863000026 ], [ 69.782470703000058, 22.834527969000078 ], [ 69.772468567000033, 22.835388184000067 ], [ 69.773750305000078, 22.831666946000041 ], [ 69.759140014000081, 22.818721771000071 ], [ 69.750030518000074, 22.816223144000048 ], [ 69.744163513000046, 22.830415727000059 ], [ 69.742446899000072, 22.811222076000035 ], [ 69.728752136000082, 22.819139481000036 ], [ 69.742919922000056, 22.804166794000025 ], [ 69.74375152600004, 22.78747177300005 ], [ 69.734107971000071, 22.779582977000075 ], [ 69.721221924000076, 22.797500610000043 ], [ 69.713752747000058, 22.799139024000056 ], [ 69.729553223000039, 22.784139633000052 ], [ 69.723724365000066, 22.781639100000064 ], [ 69.731246948000035, 22.776666641000077 ], [ 69.725807190000069, 22.764610290000064 ], [ 69.713722229000041, 22.774166108000031 ], [ 69.719558716000051, 22.761638642000037 ], [ 69.716636658000084, 22.752082825000059 ], [ 69.705001831000061, 22.760389329000077 ], [ 69.716667175000055, 22.743694305000076 ], [ 69.682914734000065, 22.763305664000029 ], [ 69.709197998000036, 22.744527817000062 ], [ 69.710830688000044, 22.737888337000072 ], [ 69.691665649000072, 22.739583970000069 ], [ 69.674942016000045, 22.752082825000059 ], [ 69.665802002000078, 22.752861024000026 ], [ 69.66205596900005, 22.755805971000029 ], [ 69.662086488000057, 22.760805130000051 ], [ 69.667892456000061, 22.762500763000048 ], [ 69.664108277000082, 22.77208328200004 ], [ 69.658752442000036, 22.763334275000034 ], [ 69.661247254000045, 22.758333207000078 ], [ 69.652114869000059, 22.758333207000078 ], [ 69.663780212000063, 22.751667023000039 ], [ 69.660835266000049, 22.747917175000055 ], [ 69.617469788000051, 22.759555817000034 ], [ 69.603332519000048, 22.777889251000033 ], [ 69.613304138000046, 22.757055284000046 ], [ 69.57663726800007, 22.759582521000027 ], [ 69.561248779000039, 22.774166108000031 ], [ 69.569114685000045, 22.777915954000036 ], [ 69.559135437000066, 22.77541732800006 ], [ 69.552085876000035, 22.782499313000073 ], [ 69.554138183000077, 22.787027359000035 ], [ 69.564971924000076, 22.790361406000045 ], [ 69.56913757500007, 22.796222688000057 ], [ 69.555000305000078, 22.791276933000063 ], [ 69.547470092000083, 22.782054901000038 ], [ 69.527526855000076, 22.785388946000069 ], [ 69.494163513000046, 22.782054901000038 ], [ 69.470802307000042, 22.79125022900007 ], [ 69.497863770000038, 22.776666641000077 ], [ 69.478279114000031, 22.77122306800004 ], [ 69.45163726800007, 22.77541732800006 ], [ 69.382469177000075, 22.814556122000056 ], [ 69.35202789300007, 22.818361282000069 ], [ 69.372055054000043, 22.854944229000068 ], [ 69.35827636700003, 22.840415956000072 ], [ 69.35291290300006, 22.845027925000068 ], [ 69.352890015000071, 22.861665725000023 ], [ 69.361663818000068, 22.881195068000068 ], [ 69.348693848000039, 22.867471695000063 ], [ 69.349555971000029, 22.84497261000007 ], [ 69.35788726800007, 22.832500459000073 ], [ 69.349998474000074, 22.817888261000064 ], [ 69.317474365000066, 22.831222535000052 ], [ 69.303306580000083, 22.830389023000066 ], [ 69.320831299000076, 22.83619499200006 ], [ 69.326225280000074, 22.840833664000058 ], [ 69.324142456000061, 22.843694687000038 ], [ 69.319168091000051, 22.837055206000059 ], [ 69.304168701000037, 22.835361482000053 ], [ 69.298278808000077, 22.827917100000036 ], [ 69.275802613000053, 22.822055818000024 ], [ 69.23041534400005, 22.832500459000073 ], [ 69.235359192000033, 22.838361741000028 ], [ 69.229553223000039, 22.84250068800003 ], [ 69.224975586000028, 22.87622261100006 ], [ 69.222030639000081, 22.85833358900004 ], [ 69.227081299000076, 22.837499618000038 ], [ 69.219139099000074, 22.832916260000047 ], [ 69.200386048000041, 22.834972382000046 ], [ 69.204170227000077, 22.839611055000034 ], [ 69.195808410000041, 22.836221695000063 ], [ 69.197860718000072, 22.842472078000071 ], [ 69.192054748000032, 22.845806123000045 ], [ 69.193359375000057, 22.850389480000047 ], [ 69.169975280000074, 22.857889175000025 ], [ 69.174972534000062, 22.848749161000057 ], [ 69.121223450000059, 22.877500535000024 ], [ 69.142471313000044, 22.89622306800004 ], [ 69.124137879000045, 22.883750915000064 ], [ 69.115837097000053, 22.89205551200007 ], [ 69.108329773000037, 22.887083055000062 ], [ 69.086250305000078, 22.901666642000066 ], [ 69.093307495000033, 22.901193619000026 ], [ 69.091636658000084, 22.904582979000054 ], [ 69.084945679000043, 22.902915956000072 ], [ 69.079559326000037, 22.907527925000068 ], [ 69.085388184000067, 22.908306122000056 ], [ 69.08249664300007, 22.928749086000039 ], [ 69.080390930000078, 22.921638489000031 ], [ 69.069168090000062, 22.917055130000051 ], [ 69.066253662000065, 22.921638489000031 ], [ 69.075836181000057, 22.95208358800005 ], [ 69.063720703000058, 22.924972534000062 ], [ 69.064163208000082, 22.915388107000069 ], [ 69.008720398000037, 22.947471618000066 ], [ 69.014556885000047, 22.949193956000045 ], [ 69.013694764000036, 22.954971315000023 ], [ 69.009971619000055, 22.951250078000044 ], [ 69.007057190000069, 22.954166413000053 ], [ 69.014190674000076, 22.982915879000075 ], [ 69.003723145000038, 22.959167480000076 ], [ 69.007057190000069, 22.949193956000045 ], [ 68.990837097000053, 22.953722 ], [ 68.968719483000029, 22.966693879000047 ], [ 68.982475281000063, 22.992027283000027 ], [ 68.96247100800008, 22.967889785000068 ], [ 68.814445495000029, 23.056554794000078 ], [ 68.815719605000083, 23.065332414000068 ], [ 68.80905914300007, 23.059499741000025 ], [ 68.78155517600004, 23.073667527000055 ], [ 68.756553651000047, 23.080360413000051 ], [ 68.714080811000031, 23.117055893000042 ], [ 68.654891968000072, 23.149499893000041 ], [ 68.640724182000042, 23.165361404000066 ], [ 68.631584167000028, 23.168666841000061 ], [ 68.629890442000033, 23.177860260000045 ], [ 68.658248902000082, 23.151193619000026 ], [ 68.717414857000051, 23.125360488000069 ], [ 68.71530914300007, 23.132415772000058 ], [ 68.721107483000083, 23.134111406000045 ], [ 68.705718994000051, 23.137056352000059 ], [ 68.707832336000081, 23.143249512000068 ], [ 68.693252563000044, 23.150388717000055 ], [ 68.683250428000065, 23.149499893000041 ], [ 68.660774231000062, 23.179527283000027 ], [ 68.65905761700003, 23.174528123000073 ], [ 68.644058227000073, 23.169555664000029 ], [ 68.637832642000035, 23.176610946000039 ], [ 68.649055481000062, 23.18036079500007 ], [ 68.648246765000067, 23.182888032000051 ], [ 68.638664246000076, 23.185777665000046 ], [ 68.637390138000058, 23.179527283000027 ], [ 68.61658477800006, 23.187860489000059 ], [ 68.57947540300006, 23.227443695000034 ], [ 68.584114075000059, 23.236194610000041 ], [ 68.598251344000062, 23.240360260000045 ], [ 68.603668213000049, 23.234972001000074 ], [ 68.601997375000053, 23.226583482000024 ], [ 68.609886171000028, 23.230388641000047 ], [ 68.619056701000034, 23.214527131000068 ], [ 68.630332947000056, 23.219944 ], [ 68.61822509700005, 23.217861177000032 ], [ 68.603637695000032, 23.240833284000075 ], [ 68.630752563000044, 23.244556427000077 ], [ 68.640724182000042, 23.255361557000072 ], [ 68.648246765000067, 23.253723144000048 ], [ 68.648223877000078, 23.257860185000027 ], [ 68.657806396000069, 23.251611711000066 ], [ 68.65032958900008, 23.263305664000029 ], [ 68.659889221000071, 23.266195298000071 ], [ 68.65533447200005, 23.269166946000041 ], [ 68.662414550000051, 23.272861482000053 ], [ 68.642387390000067, 23.263694763000046 ], [ 68.634475708000082, 23.266582489000029 ], [ 68.626113892000035, 23.283277512000041 ], [ 68.627830505000077, 23.293306352000059 ], [ 68.679473877000078, 23.301639557000044 ], [ 68.659919739000031, 23.302055359000065 ], [ 68.662002564000034, 23.317472458000054 ], [ 68.658638, 23.317472458000054 ], [ 68.655746460000046, 23.301221847000022 ], [ 68.639892578000058, 23.309583664000058 ], [ 68.635749817000033, 23.306167602000073 ], [ 68.630722046000074, 23.321250915000064 ], [ 68.635780335000049, 23.313694 ], [ 68.636970520000034, 23.315000535000024 ], [ 68.623664856000062, 23.334943773000077 ], [ 68.626197815000069, 23.34497261000007 ], [ 68.621170044000053, 23.339971542000058 ], [ 68.622024536000083, 23.347499847000051 ], [ 68.611968994000051, 23.364166260000047 ], [ 68.608253479000041, 23.367082595000056 ], [ 68.618667602000073, 23.349166870000033 ], [ 68.619026184000063, 23.32536125300004 ], [ 68.612472534000062, 23.323722841000063 ], [ 68.593246460000046, 23.335388183000077 ], [ 68.582389832000047, 23.349527360000025 ], [ 68.57575225800008, 23.347026825000057 ], [ 68.571998596000071, 23.356666566000058 ], [ 68.576225281000063, 23.358278276000078 ], [ 68.563697815000069, 23.364944458000025 ], [ 68.569084168000074, 23.372888566000029 ], [ 68.589080811000031, 23.372083664000058 ], [ 68.598693848000039, 23.362472534000062 ], [ 68.596580506000066, 23.356222153000033 ], [ 68.601196289000029, 23.359138489000031 ], [ 68.599472045000084, 23.365804672000024 ], [ 68.581581115000063, 23.382888795000042 ], [ 68.585723877000078, 23.372888566000029 ], [ 68.563636780000081, 23.379972459000044 ], [ 68.558639527000082, 23.391611100000034 ], [ 68.572418213000049, 23.397054673000071 ], [ 68.574081421000074, 23.400388719000034 ], [ 68.569053650000058, 23.397888183000077 ], [ 68.569915772000058, 23.402889252000023 ], [ 68.559135437000066, 23.395389557000044 ], [ 68.537834167000028, 23.407499314000063 ], [ 68.541168213000049, 23.413305284000046 ], [ 68.53033447200005, 23.419166566000058 ], [ 68.527030945000035, 23.441638946000069 ], [ 68.522026062000066, 23.44416618300005 ], [ 68.524497986000029, 23.44750022900007 ], [ 68.522415161000083, 23.457056047000037 ], [ 68.521583557000042, 23.446222305000049 ], [ 68.504974365000066, 23.456222534000062 ], [ 68.497886658000084, 23.454111101000024 ], [ 68.492835999000079, 23.470806122000056 ], [ 68.502029419000053, 23.479139328000031 ], [ 68.502029419000053, 23.489110947000029 ], [ 68.509941101000038, 23.490417482000055 ], [ 68.509109497000054, 23.493749618000038 ], [ 68.489913940000065, 23.485416412000063 ], [ 68.484916687000066, 23.477888107000069 ], [ 68.461585998000032, 23.481250763000048 ], [ 68.454940796000074, 23.476222992000032 ], [ 68.448722839000084, 23.479999543000076 ], [ 68.450302125000064, 23.498361587000034 ], [ 68.48538970900006, 23.517471315000023 ], [ 68.484107971000071, 23.52708244300004 ], [ 68.483695984000065, 23.51830482500003 ], [ 68.469917297000052, 23.510416031000034 ], [ 68.45661163300008, 23.511222839000027 ], [ 68.453720092000083, 23.515806198000064 ], [ 68.448692322000056, 23.532472612000049 ], [ 68.465805053000054, 23.545389177000061 ], [ 68.469139099000074, 23.551250459000073 ], [ 68.440361023000037, 23.529111862000036 ], [ 68.449554443000068, 23.50494384700005 ], [ 68.432441711000081, 23.50208282400007 ], [ 68.42539215100004, 23.509166718000074 ], [ 68.427864075000059, 23.55833244300004 ], [ 68.445747376000043, 23.562915802000077 ], [ 68.461196899000072, 23.574167253000041 ], [ 68.448303223000039, 23.567054748000032 ], [ 68.444557190000069, 23.570833206000032 ], [ 68.452919006000059, 23.580778122000027 ], [ 68.452835083000082, 23.596666336000055 ], [ 68.467475891000049, 23.597084045000031 ], [ 68.470359802000075, 23.620027542000059 ], [ 68.478279113000042, 23.630443574000026 ], [ 68.480781555000078, 23.627111435000074 ], [ 68.483695984000065, 23.63080597000004 ], [ 68.482055664000029, 23.635833740000066 ], [ 68.491996765000067, 23.654167176000044 ], [ 68.537864685000045, 23.698360444000059 ], [ 68.547836304000043, 23.714166641000077 ], [ 68.58747100800008, 23.734582902000056 ], [ 68.624137878000056, 23.762083055000062 ], [ 68.629585266000049, 23.760833740000066 ], [ 68.632888794000053, 23.772499085000049 ], [ 68.666641236000032, 23.812139511000055 ], [ 68.67536163300008, 23.8125 ], [ 68.679946899000072, 23.798749925000038 ], [ 68.67536163300008, 23.815834045000031 ], [ 68.681640625000057, 23.821277618000067 ], [ 68.718307495000033, 23.826250078000044 ], [ 68.742446899000072, 23.83958244300004 ], [ 68.764892578000058, 23.841278076000037 ], [ 68.790306091000048, 23.860027313000046 ], [ 68.796218872000054, 23.873388292000072 ], [ 68.792831421000074, 23.878389360000028 ], [ 68.79824829100005, 23.882917405000057 ], [ 68.810806275000061, 23.87880516000007 ], [ 68.799057007000044, 23.885444642000039 ], [ 68.78988647400007, 23.883777620000046 ], [ 68.78705596900005, 23.868389130000025 ], [ 68.77905273500005, 23.867111206000061 ], [ 68.778724670000031, 23.861722946000043 ], [ 68.772415161000083, 23.858778 ], [ 68.773635865000074, 23.869222641000079 ], [ 68.762390136000079, 23.883777620000046 ], [ 68.769531250000057, 23.86583328200004 ], [ 68.749107361000029, 23.847110748000034 ], [ 68.716613769000048, 23.855417253000041 ], [ 68.715751649000083, 23.847110748000034 ], [ 68.690750122000054, 23.846250534000035 ], [ 68.679946899000072, 23.857084276000023 ], [ 68.659080506000066, 23.858749390000071 ], [ 68.668281555000078, 23.852111816000047 ], [ 68.679946899000072, 23.854610444000059 ], [ 68.682891845000029, 23.849166870000033 ], [ 68.659080506000066, 23.835472107000044 ], [ 68.639945984000065, 23.844610215000046 ], [ 68.632888794000053, 23.840055466000024 ], [ 68.643249512000068, 23.842138290000037 ], [ 68.64700317300003, 23.834167480000076 ], [ 68.639915466000048, 23.825445175000027 ], [ 68.58161163300008, 23.813777923000032 ], [ 68.532447815000069, 23.752082826000048 ], [ 68.522026062000066, 23.759166718000074 ], [ 68.524497986000029, 23.775861741000028 ], [ 68.517440796000074, 23.781278611000062 ], [ 68.515335083000082, 23.780027389000054 ], [ 68.521163941000054, 23.770000459000073 ], [ 68.514083862000064, 23.745445252000025 ], [ 68.498275757000044, 23.757944108000061 ], [ 68.465774536000083, 23.765472413000055 ], [ 68.464141845000029, 23.773777009000071 ], [ 68.459526062000066, 23.769166946000041 ], [ 68.47702789300007, 23.743360521000056 ], [ 68.434135438000055, 23.736278535000054 ], [ 68.43125152600004, 23.742500306000068 ], [ 68.449501037000061, 23.766666414000042 ], [ 68.452888488000042, 23.779167175000055 ], [ 68.446220398000037, 23.791721344000052 ], [ 68.445556640000063, 23.81802749600007 ], [ 68.438056946000074, 23.82336044300007 ], [ 68.426780701000041, 23.819360734000043 ], [ 68.422363281000059, 23.805915832000039 ], [ 68.427864075000059, 23.80002784900006 ], [ 68.427024843000083, 23.789972306000038 ], [ 68.433692932000042, 23.776695251000035 ], [ 68.421607971000071, 23.761222841000063 ], [ 68.413276673000041, 23.76124954200003 ], [ 68.399108887000068, 23.751277923000032 ], [ 68.417892456000061, 23.758361818000026 ], [ 68.42038726800007, 23.716667175000055 ], [ 68.412864685000045, 23.688360215000046 ], [ 68.39538574200003, 23.654167176000044 ], [ 68.399559021000073, 23.636693954000066 ], [ 68.39414215100004, 23.626277925000068 ], [ 68.384109497000054, 23.624584198000036 ], [ 68.374969483000029, 23.638778686000023 ], [ 68.376197815000069, 23.628334045000031 ], [ 68.369552612000064, 23.624166489000061 ], [ 68.377029419000053, 23.624139786000057 ], [ 68.376197815000069, 23.617500306000068 ], [ 68.379135131000055, 23.613721847000022 ], [ 68.381584167000028, 23.621250152000073 ], [ 68.39199829100005, 23.605806351000069 ], [ 68.38578033400006, 23.600444794000055 ], [ 68.37494659400005, 23.604583741000056 ], [ 68.372474671000077, 23.611221315000023 ], [ 68.36413574200003, 23.61205482400004 ], [ 68.363723754000034, 23.608333587000061 ], [ 68.375389099000074, 23.602527618000067 ], [ 68.374557495000033, 23.597473146000027 ], [ 68.369163513000046, 23.590389253000069 ], [ 68.349975586000028, 23.582056045000058 ], [ 68.293281556000068, 23.572055816000045 ], [ 68.282859803000065, 23.562500001000046 ], [ 68.265808105000076, 23.556278229000043 ], [ 68.260360717000083, 23.559972764000065 ], [ 68.260391235000043, 23.568277360000025 ], [ 68.272056580000083, 23.594165803000067 ], [ 68.276580811000031, 23.595388412000034 ], [ 68.278305054000043, 23.58872223000003 ], [ 68.283302307000042, 23.597084045000031 ], [ 68.289581300000066, 23.598304750000068 ], [ 68.274497986000029, 23.601694107000071 ], [ 68.271636963000049, 23.624610902000029 ], [ 68.267059326000037, 23.618333816000074 ], [ 68.270385744000066, 23.603332519000048 ], [ 68.254135132000044, 23.567916870000033 ], [ 68.209114075000059, 23.577110290000064 ], [ 68.177886963000049, 23.603332519000048 ], [ 68.172027588000049, 23.616666793000036 ], [ 68.177085876000035, 23.632499694000046 ], [ 68.190834045000031, 23.64622306800004 ], [ 68.211608887000068, 23.647943496000039 ], [ 68.194557190000069, 23.636667253000041 ], [ 68.20163726800007, 23.63958358900004 ], [ 68.199943543000074, 23.632917404000068 ], [ 68.216667176000044, 23.646249772000033 ], [ 68.227470399000083, 23.63872146600005 ], [ 68.234947206000072, 23.637916566000058 ], [ 68.241218567000033, 23.640806198000064 ], [ 68.230834961000028, 23.639554977000046 ], [ 68.228248596000071, 23.643722535000052 ], [ 68.26166534400005, 23.65041732800006 ], [ 68.284141541000054, 23.67461204600005 ], [ 68.290832519000048, 23.678777694000075 ], [ 68.298309326000037, 23.676250457000037 ], [ 68.302055359000065, 23.676666261000037 ], [ 68.292861938000044, 23.682527543000049 ], [ 68.302024841000048, 23.69169425900003 ], [ 68.314109802000075, 23.717082977000075 ], [ 68.327468872000054, 23.722084047000067 ], [ 68.332443237000064, 23.712055206000059 ], [ 68.329528809000067, 23.723361970000042 ], [ 68.339080811000031, 23.741277694000075 ], [ 68.34955596900005, 23.730028152000045 ], [ 68.336219787000061, 23.751722336000057 ], [ 68.320304871000076, 23.758417129000065 ], [ 68.32702636700003, 23.733304979000025 ], [ 68.298309326000037, 23.723722459000044 ], [ 68.285385132000044, 23.729166031000034 ], [ 68.29538726800007, 23.71997261000007 ], [ 68.281669616000045, 23.702888490000078 ], [ 68.270805359000065, 23.697971345000042 ], [ 68.258697509000058, 23.710861206000061 ], [ 68.266220093000072, 23.72255516000007 ], [ 68.262474060000045, 23.736305237000067 ], [ 68.262863159000062, 23.722528457000067 ], [ 68.255386352000073, 23.713361741000028 ], [ 68.268753051000033, 23.6875 ], [ 68.261642456000061, 23.677110672000026 ], [ 68.245780945000035, 23.671222688000057 ], [ 68.22705841100003, 23.688333511000053 ], [ 68.230834961000028, 23.707111360000056 ], [ 68.226638795000042, 23.696250917000043 ], [ 68.21583557200006, 23.694583894000061 ], [ 68.189582825000059, 23.726694107000071 ], [ 68.20788574200003, 23.757528305000051 ], [ 68.215362549000076, 23.758361818000026 ], [ 68.214553833000082, 23.790889740000068 ], [ 68.207054138000046, 23.805860520000067 ], [ 68.207054138000046, 23.834194183000022 ], [ 68.230804443000068, 23.834611893000044 ], [ 68.245780945000035, 23.853776931000027 ], [ 68.26080322200005, 23.835443497000028 ], [ 68.257888794000053, 23.844139099000074 ], [ 68.263725281000063, 23.850027084000033 ], [ 68.266586304000043, 23.871250154000052 ], [ 68.257080078000058, 23.875 ], [ 68.257919313000059, 23.882528305000051 ], [ 68.266754694000042, 23.895092006000027 ], [ 68.282202521000045, 23.889455272000077 ], [ 68.290689525000062, 23.892949921000024 ], [ 68.289191819000052, 23.90293463200004 ], [ 68.278407120000054, 23.908569030000024 ], [ 68.279445, 23.917066021000039 ], [ 68.293582920000063, 23.92189299100005 ], [ 68.321512080000048, 23.913272970000037 ], [ 68.334814081000047, 23.916240001000062 ], [ 68.350874481000062, 23.939590017000057 ], [ 68.346338040000035, 23.960856960000058 ], [ 68.356976426000074, 23.974152712000034 ], [ 68.364077150000071, 23.951360481000052 ], [ 68.361081737000063, 23.942374240000049 ], [ 68.365075623000052, 23.940377297000055 ], [ 68.37154270700006, 23.942387222000036 ], [ 68.371565684000075, 23.965339075000031 ], [ 68.379553453000028, 23.97083066600004 ], [ 68.39387221000004, 23.966541925000058 ], [ 68.398061400000074, 23.97014882600007 ], [ 68.752991253000062, 23.971423774000073 ], [ 68.769408233000036, 24.265541941000038 ], [ 68.76469570900008, 24.295788630000061 ], [ 68.80801, 24.313490001000048 ], [ 68.82019, 24.31230000100004 ], [ 68.82616, 24.31736 ], [ 68.830800001000057, 24.311520001000076 ], [ 68.84356, 24.277530001000059 ], [ 68.8473, 24.238720001000047 ], [ 68.856738940000071, 24.213882567000041 ], [ 68.866022518000079, 24.21220308900007 ], [ 68.8799, 24.216230001000042 ], [ 68.90678, 24.27983000100005 ], [ 68.94538, 24.302530001000036 ], [ 68.96732, 24.27214 ], [ 68.984846355000059, 24.227665109000043 ], [ 69.00342, 24.223060001000079 ], [ 69.02105, 24.22833 ], [ 69.09482, 24.27444 ], [ 69.19416, 24.23639 ], [ 69.31276, 24.281430001000047 ], [ 69.38088, 24.269300001000033 ], [ 69.44448, 24.28048 ], [ 69.49398, 24.26782 ], [ 69.55874, 24.280410001000064 ], [ 69.59429, 24.29238 ], [ 69.73152, 24.17104 ], [ 70.02502, 24.171030001000076 ], [ 70.03863, 24.176200001000041 ], [ 70.066540001000078, 24.19897 ], [ 70.10992, 24.295000001000062 ], [ 70.139340001000051, 24.302860001000056 ], [ 70.16598, 24.30347 ], [ 70.21436, 24.3213 ], [ 70.25388, 24.32541 ], [ 70.28490000100004, 24.3408 ], [ 70.32687, 24.352080001000047 ], [ 70.36865, 24.350910001000045 ], [ 70.39205, 24.3606 ], [ 70.41166000100003, 24.3754 ], [ 70.5487, 24.41193000100003 ], [ 70.56134, 24.42085 ], [ 70.57314, 24.42234 ], [ 70.6025, 24.408150001000024 ], [ 70.58046, 24.36315 ], [ 70.56211, 24.354 ], [ 70.58201, 24.30421 ], [ 70.57938, 24.29542 ], [ 70.58466, 24.29041 ], [ 70.58504, 24.27799 ], [ 70.571340001000067, 24.25175 ], [ 70.583, 24.24417 ], [ 70.58619, 24.246870001000048 ], [ 70.64438, 24.2248 ], [ 70.714, 24.215710001000048 ], [ 70.80537, 24.22083 ], [ 70.8362, 24.231580001000054 ], [ 70.85156, 24.244900001000076 ], [ 70.87658, 24.24583 ], [ 70.90668, 24.2594 ], [ 70.90866, 24.26326 ], [ 70.88233, 24.27325 ], [ 70.87519, 24.28069 ], [ 70.87394, 24.29485 ], [ 70.88199, 24.30027 ], [ 70.87825, 24.3018 ], [ 70.92407, 24.326380001000075 ], [ 70.94692, 24.34852 ], [ 70.986, 24.36528 ], [ 71.0034, 24.350870001000033 ], [ 71.02019, 24.34726 ], [ 71.04204, 24.351050001000033 ], [ 71.05775, 24.36214 ], [ 71.08428, 24.394520001000046 ], [ 71.10679, 24.39642 ], [ 71.11965, 24.40245 ], [ 71.12577, 24.42009 ], [ 71.10315, 24.43572 ], [ 71.06651, 24.436930001000064 ], [ 71.03738, 24.43209 ], [ 71.00873, 24.444850001000077 ], [ 70.9985, 24.44437 ], [ 70.99612, 24.47494000100005 ], [ 71.00498, 24.523210001000052 ], [ 70.98746, 24.54352 ], [ 70.99265, 24.56399 ], [ 70.98629, 24.59557 ], [ 71.00888, 24.63541 ], [ 71.04973, 24.64863 ], [ 71.0746, 24.66205 ], [ 71.09618, 24.68863 ], [ 71.065541608000046, 24.717392677000078 ], [ 71.026680119000048, 24.808834672000046 ], [ 70.937705614000038, 24.938612225000043 ], [ 70.916074916000071, 25.01043323600004 ], [ 70.888493009000058, 25.14810380800003 ], [ 70.751671449000071, 25.277707719000034 ], [ 70.736786265000035, 25.332444025000029 ], [ 70.66482306000006, 25.39689362200005 ], [ 70.672000195000066, 25.420321697000077 ], [ 70.671432458000083, 25.460963784000057 ], [ 70.678556841000045, 25.525542212000062 ], [ 70.667229576000068, 25.531274142000029 ], [ 70.674023286000079, 25.675804548000031 ], [ 70.660149872000034, 25.702020599000036 ], [ 70.647280494000029, 25.712577832000079 ], [ 70.60861030600006, 25.714852001000054 ], [ 70.530166518000044, 25.683372843000029 ], [ 70.448825090000071, 25.681889641000055 ], [ 70.387023308000039, 25.673739735000026 ], [ 70.357981876000053, 25.680238131000067 ], [ 70.268639991000043, 25.713643215000047 ], [ 70.246959355000058, 25.762126634000026 ], [ 70.222474051000063, 25.793102346000069 ], [ 70.197152949000042, 25.815458165000052 ], [ 70.174378458000035, 25.828356550000024 ], [ 70.099805945000071, 25.938240668000049 ], [ 70.083435406000035, 26.083376596000051 ], [ 70.141203149000035, 26.155970917000047 ], [ 70.168301499000052, 26.218133270000067 ], [ 70.175154018000057, 26.251480162000064 ], [ 70.16355627400003, 26.29486164900004 ], [ 70.185350647000064, 26.374242037000045 ], [ 70.176969926000083, 26.424047241000039 ], [ 70.184416673000044, 26.484654747000036 ], [ 70.174283863000028, 26.551333114000045 ], [ 70.117448210000077, 26.586895322000032 ], [ 70.056278174000056, 26.600515116000054 ], [ 69.934634671000083, 26.581452916000046 ], [ 69.88616115800005, 26.578732714000068 ], [ 69.823166950000029, 26.588955524000028 ], [ 69.791925829000036, 26.598239094000064 ], [ 69.722496533000083, 26.653371667000044 ], [ 69.510300400000062, 26.74353908300003 ], [ 69.484436778000031, 26.804873095000062 ], [ 69.497685970000077, 26.866918145000056 ], [ 69.513377131000084, 27.009928626000033 ], [ 69.58682895100003, 27.183251056000074 ], [ 69.644789426000045, 27.225139034000051 ], [ 69.702770788000066, 27.284251048000044 ], [ 69.760226858000067, 27.321066286000075 ], [ 69.862888041000076, 27.402154334000045 ], [ 69.890868135000062, 27.433477198000048 ], [ 69.933749987000056, 27.497740254000064 ], [ 70.025926918000039, 27.562868552000054 ], [ 70.132550649000052, 27.805980638000051 ], [ 70.197757180000053, 27.867191181000067 ], [ 70.227000360000034, 27.901376618000029 ], [ 70.296235957000079, 27.936015413000064 ], [ 70.372232894000035, 28.011824310000065 ], [ 70.439458607000063, 28.020222248000039 ], [ 70.505714266000041, 28.036976906000064 ], [ 70.554296952000072, 28.02632342000004 ], [ 70.589497784000059, 28.010463672000071 ], [ 70.598616909000043, 27.993122705000076 ], [ 70.677414254000041, 27.92182856900007 ], [ 70.68434631100007, 27.828200035000066 ], [ 70.732504020000079, 27.760348087000068 ], [ 70.739845428000081, 27.741907025000046 ], [ 70.759444497000061, 27.721219289000032 ], [ 70.87200318500004, 27.705547913000032 ], [ 70.906244685000047, 27.709499343000061 ], [ 70.951393591000055, 27.728839899000036 ], [ 70.963166796000053, 27.729299806000029 ], [ 70.982828530000063, 27.742221443000062 ], [ 71.205568927000058, 27.835337060000029 ], [ 71.383071413000039, 27.872526725000057 ], [ 71.666485814000055, 27.877807285000074 ], [ 71.898347465000029, 27.961237617000052 ], [ 71.927332552000053, 28.121702571000071 ], [ 72.00431747500005, 28.218542482000032 ], [ 72.13225751300007, 28.312947541000028 ], [ 72.206631538000067, 28.394757076000076 ], [ 72.299309490000041, 28.669709459000046 ], [ 72.390253125000072, 28.769714420000071 ], [ 72.403846992000069, 28.782950646000074 ], [ 72.479497929000047, 28.811923679000074 ], [ 72.733101888000078, 28.948014602000057 ], [ 72.945831105000082, 29.027797622000037 ], [ 73.00439506400005, 29.152996782000059 ], [ 73.084419767000043, 29.236189048000028 ], [ 73.282254720000083, 29.572061120000058 ], [ 73.39699, 29.945934 ], [ 73.597099339000067, 30.018942077000077 ], [ 73.806629025000063, 30.06796941500005 ], [ 73.826187910000044, 30.090889080000068 ], [ 73.972689135000053, 30.198253024000053 ], [ 73.964120419000039, 30.256566904000067 ], [ 73.956467110000062, 30.276035260000072 ], [ 73.930950440000061, 30.320141833000037 ], [ 73.902647137000031, 30.349098560000073 ], [ 73.879833571000063, 30.359761623000054 ], [ 73.884123202000069, 30.367015811000044 ], [ 73.913841864000062, 30.382384333000061 ], [ 73.922371601000066, 30.398042292000071 ], [ 73.936167411000042, 30.401693320000049 ], [ 73.949322149000068, 30.417270414000029 ], [ 73.964376627000036, 30.424185712000053 ], [ 73.97381689100007, 30.443952134000028 ], [ 73.949747724000076, 30.43700608000006 ], [ 73.926505768000084, 30.438913292000052 ], [ 73.937242239000057, 30.444963423000047 ], [ 73.937658466000073, 30.45213263200003 ], [ 73.928038123000078, 30.465832338000041 ], [ 73.931888219000029, 30.467211172000077 ], [ 73.934656559000075, 30.490159893000055 ], [ 73.947784981000041, 30.483865612000045 ], [ 73.945895733000043, 30.46819369800005 ], [ 73.950189162000072, 30.460043004000056 ], [ 73.964183917000071, 30.456433479000054 ], [ 73.969810739000081, 30.475215008000077 ], [ 73.963727430000063, 30.484787483000048 ], [ 73.982029509000029, 30.503972774000033 ], [ 73.992768152000053, 30.514199784000027 ], [ 74.019976448000079, 30.514146488000051 ], [ 74.01099393700008, 30.52105666500006 ], [ 74.011928570000066, 30.533624910000071 ], [ 74.023882545000049, 30.526023602000066 ], [ 74.031071795000059, 30.526872514000047 ], [ 74.038048927000034, 30.531663811000044 ], [ 74.039257383000063, 30.542547013000046 ], [ 74.049856570000031, 30.537539965000065 ], [ 74.057400999000038, 30.518649460000063 ], [ 74.072342149000065, 30.52288808000003 ], [ 74.090917245000071, 30.549393551000037 ], [ 74.079935895000062, 30.548329822000028 ], [ 74.073494478000043, 30.554640421000045 ], [ 74.101966404000052, 30.579164109000033 ], [ 74.096315895000032, 30.587294642000074 ], [ 74.095282346000033, 30.601142431000028 ], [ 74.101359421000041, 30.60320583400005 ], [ 74.101927110000076, 30.610962355000026 ], [ 74.095974076000061, 30.611426924000057 ], [ 74.105052543000056, 30.619218666000052 ], [ 74.117964671000038, 30.607886633000078 ], [ 74.127416011000037, 30.634755901000062 ], [ 74.137756922000051, 30.627409238000041 ], [ 74.148819318000051, 30.631452308000064 ], [ 74.163199399000064, 30.648397807000038 ], [ 74.193385712000065, 30.66512509100005 ], [ 74.219186634000039, 30.693499268000039 ], [ 74.232433942000057, 30.724427902000059 ], [ 74.260922062000077, 30.72308845200007 ], [ 74.267028243000084, 30.726312528000051 ], [ 74.26840102400007, 30.734356877000039 ], [ 74.271292114000062, 30.732175754000025 ], [ 74.274850443000048, 30.737231931000053 ], [ 74.281487136000067, 30.730848664000064 ], [ 74.286547644000052, 30.735581325000055 ], [ 74.274371023000072, 30.744157275000077 ], [ 74.261151445000053, 30.774652194000055 ], [ 74.301855002000082, 30.779368805000047 ], [ 74.306810179000081, 30.789197469000044 ], [ 74.294744300000048, 30.794406610000067 ], [ 74.31979074700007, 30.827345845000025 ], [ 74.320427333000055, 30.846555305000038 ], [ 74.34061867500003, 30.849041384000031 ], [ 74.33877930400007, 30.852547533000063 ], [ 74.348243973000081, 30.854962002000036 ], [ 74.363386189000039, 30.847187794000035 ], [ 74.368491091000067, 30.851844122000045 ], [ 74.364591114000063, 30.857321539000054 ], [ 74.382176635000064, 30.860388495000052 ], [ 74.360887707000074, 30.873689126000045 ], [ 74.36588081900004, 30.892975604000071 ], [ 74.383016269000052, 30.895334912000067 ], [ 74.39732336000003, 30.909373575000075 ], [ 74.422774231000062, 30.907770919000029 ], [ 74.42433696900008, 30.916038597000068 ], [ 74.411108146000061, 30.919528081000067 ], [ 74.410330925000039, 30.923446484000067 ], [ 74.423541661000058, 30.920742443000051 ], [ 74.428776719000041, 30.931128952000051 ], [ 74.413775850000036, 30.929605078000066 ], [ 74.416471085000069, 30.940328785000077 ], [ 74.439492805000043, 30.942073806000053 ], [ 74.442008803000078, 30.951716177000037 ], [ 74.455144666000081, 30.951313138000046 ], [ 74.451548206000041, 30.955823727000052 ], [ 74.466380754000056, 30.956767200000058 ], [ 74.456968278000033, 30.964221576000057 ], [ 74.479866830000049, 30.974235514000043 ], [ 74.481446923000078, 30.970652449000056 ], [ 74.491981530000032, 30.974406675000068 ], [ 74.498764956000059, 30.96407011000008 ], [ 74.506164348000084, 30.965946229000053 ], [ 74.516270647000056, 30.979513635000046 ], [ 74.546469986000034, 30.992461791000039 ], [ 74.539719941000044, 31.008768203000045 ], [ 74.542255327000078, 31.016584660000035 ], [ 74.548000117000072, 31.032471799000064 ], [ 74.558841291000078, 31.037406271000066 ], [ 74.561463453000044, 31.048758486000054 ], [ 74.568273744000066, 31.054784042000051 ], [ 74.574458159000073, 31.056799918000024 ], [ 74.590370125000049, 31.049983850000046 ], [ 74.596924694000052, 31.037639966000029 ], [ 74.613205605000076, 31.04477563100005 ], [ 74.671134790000053, 31.053558586000065 ], [ 74.69609569000005, 31.073957236000069 ], [ 74.690729111000053, 31.081384352000043 ], [ 74.702387668000028, 31.092297562000056 ], [ 74.698236098000052, 31.112410809000039 ], [ 74.68986764400006, 31.118253745000061 ], [ 74.689154687000041, 31.127951078000024 ], [ 74.666502923000053, 31.12440717100003 ], [ 74.659121402000039, 31.134006771000031 ], [ 74.636418045000084, 31.118139213000063 ], [ 74.630897799000081, 31.132711314000062 ], [ 74.60244980300007, 31.133334128000058 ], [ 74.596539352000036, 31.127296587000046 ], [ 74.609959396000079, 31.111705466000046 ], [ 74.610583322000082, 31.09911461300004 ], [ 74.599323696000056, 31.093048364000026 ], [ 74.600752516000057, 31.087967035000077 ], [ 74.589089459000036, 31.092445380000072 ], [ 74.588736674000074, 31.087660153000058 ], [ 74.573784307000039, 31.08580100100005 ], [ 74.571291632000055, 31.081357119000074 ], [ 74.551438369000039, 31.086458826000069 ], [ 74.548498922000078, 31.122038986000064 ], [ 74.510407445000055, 31.13196294200003 ], [ 74.51532626900007, 31.151071265000041 ], [ 74.510767309000073, 31.157789818000026 ], [ 74.51048893400008, 31.180285414000025 ], [ 74.519569347000072, 31.184094606000031 ], [ 74.526089063000029, 31.211910203000059 ], [ 74.517169076000073, 31.228399465000052 ], [ 74.53269937400006, 31.249402848000045 ], [ 74.521130153000058, 31.272081879000041 ], [ 74.542095558000028, 31.303728096000043 ], [ 74.526373158000069, 31.312426627000036 ], [ 74.53482166100008, 31.313459812000076 ], [ 74.536817007000082, 31.33018101600004 ], [ 74.548782585000083, 31.334845573000052 ], [ 74.545942467000032, 31.340731553000069 ], [ 74.553149790000077, 31.356374946000074 ], [ 74.55173742900007, 31.364399503000072 ], [ 74.583488454000076, 31.379011737000042 ], [ 74.587080196000045, 31.39764576400006 ], [ 74.596506601000044, 31.416283215000078 ], [ 74.602673202000062, 31.415624815000058 ], [ 74.601254880000056, 31.419934094000041 ], [ 74.60897858900006, 31.423602147000054 ], [ 74.619318638000038, 31.419839620000062 ], [ 74.622377652000068, 31.430135716000052 ], [ 74.642535487000032, 31.415946860000076 ], [ 74.654671233000045, 31.425909463000039 ], [ 74.638628966000056, 31.444169153000075 ], [ 74.651309323000078, 31.451897511000027 ], [ 74.652236182000081, 31.457207925000034 ], [ 74.636326128000064, 31.477671523000026 ], [ 74.627773346000083, 31.476864118000037 ], [ 74.629621514000064, 31.484134398000037 ], [ 74.636685400000033, 31.484739018000027 ], [ 74.625087543000063, 31.485854565000068 ], [ 74.622281432000079, 31.481977076000078 ], [ 74.609832784000048, 31.499788924000029 ], [ 74.594814149000058, 31.50152115700007 ], [ 74.593616406000081, 31.496130029000028 ], [ 74.58741698800003, 31.496080376000066 ], [ 74.575359678000041, 31.500907168000026 ], [ 74.581233780000048, 31.498770280000031 ], [ 74.587287339000056, 31.504172076000032 ], [ 74.580145175000041, 31.507002783000075 ], [ 74.58411708400007, 31.506749316000025 ], [ 74.58027211700005, 31.511092657000063 ], [ 74.584220537000078, 31.52075205400007 ], [ 74.612856850000071, 31.527254667000079 ], [ 74.614399705000039, 31.551102344000071 ], [ 74.618753513000058, 31.551550173000066 ], [ 74.606713138000032, 31.562512010000034 ], [ 74.615890128000046, 31.569039579000048 ], [ 74.592130331000078, 31.574084056000061 ], [ 74.574855393000064, 31.597806116000072 ], [ 74.578940379000073, 31.599698704000048 ], [ 74.57543809200007, 31.603974317000052 ], [ 74.555471202000035, 31.607907887000067 ], [ 74.546275507000075, 31.63324175300005 ], [ 74.546625421000044, 31.645700248000026 ], [ 74.537490805000061, 31.653196268000045 ], [ 74.540321944000084, 31.659942466000075 ], [ 74.528835201000049, 31.666398895000043 ], [ 74.535112014000049, 31.67762513200006 ], [ 74.524285906000046, 31.686934339000061 ], [ 74.501987519000068, 31.695623864000027 ], [ 74.499299568000083, 31.709422731000075 ], [ 74.486624955000082, 31.715053800000078 ], [ 74.490625746000035, 31.723573108000039 ], [ 74.503033032000076, 31.728449294000029 ], [ 74.503899686000068, 31.740301956000053 ], [ 74.547379712000065, 31.749378006000029 ], [ 74.559418812000047, 31.757856789000073 ], [ 74.561728455000036, 31.763108725000052 ], [ 74.55492117600005, 31.766908737000051 ], [ 74.551304048000077, 31.77867370000007 ], [ 74.555571289000056, 31.791349332000038 ], [ 74.567174924000085, 31.796321509000052 ], [ 74.557912854000051, 31.804785588000072 ], [ 74.573097152000059, 31.816102590000071 ], [ 74.572084907000033, 31.839049488000057 ], [ 74.583391404000054, 31.851898533000053 ], [ 74.590697576000082, 31.848541791000059 ], [ 74.597777538000059, 31.86800174800004 ], [ 74.60660706300007, 31.868491794000079 ], [ 74.609984347000079, 31.878290950000064 ], [ 74.607392865000065, 31.89007904500005 ], [ 74.629324604000033, 31.882156206000047 ], [ 74.636247193000031, 31.884222790000024 ], [ 74.650938285000052, 31.902341328000034 ], [ 74.657540891000053, 31.901887988000055 ], [ 74.658289713000045, 31.910355775000028 ], [ 74.668324882000036, 31.91792072100003 ], [ 74.666713859000083, 31.922594478000065 ], [ 74.67423404300007, 31.918586162000054 ], [ 74.677094975000045, 31.926225405000025 ], [ 74.699437409000041, 31.92621015800006 ], [ 74.706482038000047, 31.921158111000068 ], [ 74.719055319000063, 31.923766668000042 ], [ 74.713925945000085, 31.932164384000032 ], [ 74.719937449000042, 31.941446916000075 ], [ 74.730959539000082, 31.94104918000005 ], [ 74.734351424000067, 31.945324621000054 ], [ 74.743103184000063, 31.939720910000062 ], [ 74.756369896000081, 31.943741435000049 ], [ 74.755393797000067, 31.95582180200006 ], [ 74.768489038000041, 31.947733903000028 ], [ 74.781645448000063, 31.955769977000045 ], [ 74.80222699400008, 31.957873465000034 ], [ 74.805877378000048, 31.962987640000051 ], [ 74.819006376000061, 31.958707774000061 ], [ 74.831243484000083, 31.980782589000057 ], [ 74.828860378000059, 31.999180813000066 ], [ 74.853125700000078, 32.013394995000056 ], [ 74.848311284000033, 32.020492475000026 ], [ 74.865596760000074, 32.023193346000028 ], [ 74.865477594000083, 32.030427648000057 ], [ 74.868788231000053, 32.021976963000043 ], [ 74.879986833000032, 32.031874704000074 ], [ 74.86878420100004, 32.041859832000057 ], [ 74.879426736000084, 32.053751256000055 ], [ 74.904762273000074, 32.050288709000029 ], [ 74.924600582000039, 32.066173792000029 ], [ 74.933636412000055, 32.065646609000055 ], [ 74.973963591000029, 32.053456231000041 ], [ 74.978044521000072, 32.047076619000052 ], [ 74.971874355000068, 32.042522447000067 ], [ 75.002971956000067, 32.043580164000048 ], [ 75.004907569000068, 32.037517427000068 ], [ 75.012411271000076, 32.03567924400005 ], [ 75.021624091000035, 32.048622542000032 ], [ 75.033973334000052, 32.050681626000028 ], [ 75.040730979000045, 32.042598600000076 ], [ 75.050624706000065, 32.052674499000034 ], [ 75.062760131000061, 32.055898325000044 ], [ 75.068077588000051, 32.062408130000051 ], [ 75.064126883000029, 32.065577403000077 ], [ 75.068710065000062, 32.067175690000056 ], [ 75.073031619000062, 32.059736789000056 ], [ 75.083989704000032, 32.060044709000067 ], [ 75.091507243000081, 32.065879050000035 ], [ 75.091095646000042, 32.071815938000043 ], [ 75.104883391000044, 32.058679895000068 ], [ 75.109018583000079, 32.064833660000033 ], [ 75.106685178000077, 32.069683522000048 ], [ 75.120733648000055, 32.075425135000046 ], [ 75.122914600000058, 32.081466834000025 ], [ 75.157678111000052, 32.081826353000054 ], [ 75.174272219000045, 32.067670960000044 ], [ 75.179319717000055, 32.07641185500006 ], [ 75.198341190000065, 32.082789382000044 ], [ 75.197923417000084, 32.098626008000053 ], [ 75.204124094000065, 32.096670990000064 ], [ 75.205753857000047, 32.102587751000044 ], [ 75.203406031000043, 32.120222708000028 ], [ 75.215673323000033, 32.121145605000038 ], [ 75.220333337000056, 32.107663825000031 ], [ 75.217808539000032, 32.103362481000033 ], [ 75.223752614000034, 32.098135364000029 ], [ 75.227040487000068, 32.106762198000069 ], [ 75.235096476000081, 32.10372293000006 ], [ 75.229440735000082, 32.093267055000069 ], [ 75.240269305000083, 32.091029586000047 ], [ 75.245107918000031, 32.099911949000045 ], [ 75.262145238000073, 32.102024095000047 ], [ 75.266519061000054, 32.107377482000061 ], [ 75.262771875000055, 32.11191670200003 ], [ 75.278610317000073, 32.116890641000055 ], [ 75.283438356000033, 32.131815998000036 ], [ 75.277397099000041, 32.136884505000069 ], [ 75.285396306000052, 32.151630503000035 ], [ 75.299465729000076, 32.153353398000036 ], [ 75.306788508000068, 32.169028627000046 ], [ 75.322312627000031, 32.179327655000066 ], [ 75.316194369000073, 32.180941088000054 ], [ 75.318346743000063, 32.187530078000066 ], [ 75.310267797000051, 32.194636302000049 ], [ 75.320102417000044, 32.204147024000065 ], [ 75.316220111000064, 32.208041047000052 ], [ 75.33132719200006, 32.219563398000048 ], [ 75.357376665000061, 32.218010737000043 ], [ 75.372316779000073, 32.225777827000059 ], [ 75.370553941000082, 32.257854788000031 ], [ 75.373006370000041, 32.266575640000042 ], [ 75.381477845000063, 32.268787220000036 ], [ 75.371647, 32.279497 ], [ 75.343853114000069, 32.278584179000063 ], [ 75.350451736000082, 32.289959993000025 ], [ 75.320802221000065, 32.29724518200004 ], [ 75.334982586000081, 32.310902161000058 ], [ 75.330017845000043, 32.312563645000068 ], [ 75.337512710000055, 32.320582482000077 ], [ 75.32654688000008, 32.328062672000044 ], [ 75.322001364000073, 32.343696612000031 ], [ 75.298991184000045, 32.346607619000054 ], [ 75.299557715000049, 32.353302457000041 ], [ 75.289203076000035, 32.355830025000046 ], [ 75.286998421000078, 32.360962452000024 ], [ 75.289689619000058, 32.370112334000055 ], [ 75.272822053000084, 32.37632730100006 ], [ 75.258249922000061, 32.372343001000047 ], [ 75.256942329000083, 32.389401483000029 ], [ 75.251303297000049, 32.390983446000064 ], [ 75.24542763200003, 32.38475310900003 ], [ 75.213216289000059, 32.402716208000072 ], [ 75.209142862000078, 32.394731970000066 ], [ 75.192819653000072, 32.401005127000076 ], [ 75.193070995000085, 32.411197489000074 ], [ 75.201607719000037, 32.415278577000038 ], [ 75.200690172000066, 32.421004899000025 ], [ 75.191772729000036, 32.426149470000041 ], [ 75.180410816000062, 32.425424265000061 ], [ 75.178183779000051, 32.421051285000033 ], [ 75.153476658000045, 32.421100693000028 ], [ 75.132911746000048, 32.408830782000052 ], [ 75.12750520700007, 32.423947412000075 ], [ 75.134381531000031, 32.428210608000029 ], [ 75.118989576000047, 32.443665259000056 ], [ 75.120856725000067, 32.455209346000061 ], [ 75.108773446000043, 32.460241292000035 ], [ 75.108846450000044, 32.473934369000062 ], [ 75.101694675000033, 32.477465186000074 ], [ 75.09200861000005, 32.469160547000058 ], [ 75.085220683000045, 32.469085876000065 ], [ 75.077703049000036, 32.47639459100003 ], [ 75.042998598000054, 32.486233779000031 ], [ 75.026530096000045, 32.497587386000077 ], [ 75.015874337000071, 32.477492252000047 ], [ 75.015336751000063, 32.470666075000054 ], [ 75.019894470000054, 32.468344582000043 ], [ 75.015500907000046, 32.464385944000071 ], [ 74.992025887000068, 32.45238409600006 ], [ 74.965721517000077, 32.458153421000077 ], [ 74.95164423500006, 32.446473799000046 ], [ 74.943128375000072, 32.452248223000026 ], [ 74.936299572000053, 32.468106147000071 ], [ 74.939249393000068, 32.471283352000057 ], [ 74.930425497000044, 32.47162945000008 ], [ 74.918473480000046, 32.464049438000075 ], [ 74.905443818000037, 32.473002912000027 ], [ 74.900475052000047, 32.467119414000024 ], [ 74.876379308000082, 32.477293326000051 ], [ 74.884503324000036, 32.490432714000065 ], [ 74.877099018000081, 32.493910487000051 ], [ 74.867609, 32.485132 ], [ 74.857683, 32.494076 ], [ 74.846244, 32.490118 ], [ 74.820029186000056, 32.499531010000055 ], [ 74.812594047000061, 32.480054915000039 ], [ 74.80137577000005, 32.482740596000042 ], [ 74.796267649000072, 32.476921344000061 ], [ 74.755311363000033, 32.48290908000007 ], [ 74.752702930000055, 32.478463671000043 ], [ 74.72950738000003, 32.481125465000048 ], [ 74.72716919100003, 32.475844219000066 ], [ 74.711715325000057, 32.478670531000034 ], [ 74.714189494000038, 32.487524968000059 ], [ 74.710377368000081, 32.492861674000039 ], [ 74.691684876000068, 32.486594549000074 ], [ 74.681416057000035, 32.492754270000034 ], [ 74.690229783000063, 32.534256491000065 ], [ 74.66188435600003, 32.545844956000053 ], [ 74.661139254000034, 32.554070218000049 ], [ 74.673281733000067, 32.55360128600006 ], [ 74.673098961000051, 32.567981352000061 ], [ 74.651617345000034, 32.562999070000046 ], [ 74.655029930000069, 32.58094039100007 ], [ 74.648443351000083, 32.58553198900006 ], [ 74.659057309000048, 32.596744545000035 ], [ 74.641531562000068, 32.599573478000025 ], [ 74.638484422000033, 32.614611307000075 ], [ 74.65416447900003, 32.615217622000046 ], [ 74.654544318000035, 32.637138496000034 ], [ 74.669575132000034, 32.638269111000056 ], [ 74.671920965000083, 32.64616532000008 ], [ 74.680914449000056, 32.652470716000039 ], [ 74.688469202000078, 32.651538517000063 ], [ 74.695099798000058, 32.660571196000035 ], [ 74.696165156000063, 32.665888685000027 ], [ 74.666235357000062, 32.675603799000044 ], [ 74.653688610000074, 32.696986783000057 ], [ 74.663869970000064, 32.725748004000025 ], [ 74.654472143000078, 32.729099442000063 ], [ 74.674672779000048, 32.757042338000076 ], [ 74.69592513200007, 32.811339737000026 ], [ 74.70456353700007, 32.817278224000063 ], [ 74.705251285000031, 32.841954689000033 ], [ 74.682435899000041, 32.836512879000054 ], [ 74.665524981000033, 32.823911366000061 ], [ 74.658639351000033, 32.829853420000063 ], [ 74.652550026000029, 32.827845632000049 ], [ 74.632885979000037, 32.808914493000032 ], [ 74.639593944000069, 32.798304461000043 ], [ 74.658637132000081, 32.787458452000067 ], [ 74.653938106000055, 32.780594054000062 ], [ 74.639579477000041, 32.782267147000027 ], [ 74.632033594000063, 32.776004397000065 ], [ 74.630543273000058, 32.767352420000066 ], [ 74.639110671000083, 32.757560453000053 ], [ 74.63763067800005, 32.75147021600003 ], [ 74.617496136000057, 32.761358189000077 ], [ 74.579570383000032, 32.749421984000037 ], [ 74.566133681000053, 32.760067867000032 ], [ 74.555593227000031, 32.758669486000031 ], [ 74.547076420000053, 32.745581220000076 ], [ 74.542998100000034, 32.75144111700007 ], [ 74.533249256000033, 32.745326771000066 ], [ 74.518625546000067, 32.74835670300007 ], [ 74.514296823000052, 32.744220071000029 ], [ 74.509878937000053, 32.747279756000069 ], [ 74.515291865000052, 32.75653273100005 ], [ 74.511169032000055, 32.764409129000057 ], [ 74.484671614000035, 32.765227184000025 ], [ 74.475257673000044, 32.776553682000042 ], [ 74.463835490000065, 32.776624040000058 ], [ 74.460000214000047, 32.788611114000048 ], [ 74.448271212000066, 32.793571817000043 ], [ 74.445194320068836, 32.804084009657387 ], [ 74.439519155000085, 32.788142394000033 ], [ 74.410651340000072, 32.771981328000038 ], [ 74.391551340000035, 32.767381328000056 ], [ 74.37175134000006, 32.769581328000072 ], [ 74.349351340000055, 32.782581328000049 ], [ 74.341251340000042, 32.809681328000067 ], [ 74.201551340000037, 32.873481328000025 ], [ 74.172851340000079, 32.882581328000072 ], [ 74.083151340000029, 32.927981328000044 ], [ 74.05295134000005, 32.930681328000048 ], [ 74.00099, 32.954384 ], [ 73.984032, 32.96682 ], [ 73.94503, 33.019954 ], [ 73.925811, 33.034085 ], [ 73.904332, 33.039172 ], [ 73.877765, 33.03465 ], [ 73.829718, 33.01204 ], [ 73.816152, 33.010344 ], [ 73.776019, 33.021084 ], [ 73.746061, 33.05613 ], [ 73.729669, 33.064044 ], [ 73.653359, 33.080436 ], [ 73.634141, 33.093437 ], [ 73.623966, 33.114351 ], [ 73.625096, 33.131874 ], [ 73.670317, 33.152224 ], [ 73.670317, 33.21101 ], [ 73.661838, 33.221185 ], [ 73.647141, 33.222881 ], [ 73.64488, 33.234186 ], [ 73.627357, 33.241534 ], [ 73.622835, 33.26471 ], [ 73.614357, 33.278841 ], [ 73.618313, 33.289016 ], [ 73.603698730000076, 33.319091797000056 ], [ 73.60827636700003, 33.334899902000075 ], [ 73.588833782000052, 33.341773342000067 ], [ 73.579311, 33.357977 ], [ 73.575977865000084, 33.377401190000057 ], [ 73.582702, 33.402632 ], [ 73.601920500000062, 33.434852 ], [ 73.630183500000044, 33.456331 ], [ 73.625661, 33.471593 ], [ 73.61153, 33.491943 ], [ 73.612095, 33.508335 ], [ 73.620574, 33.520205 ], [ 73.633575, 33.526423 ], [ 73.63301, 33.539989 ], [ 73.625729938000063, 33.545077028000037 ], [ 73.628487500000062, 33.567687 ], [ 73.601921, 33.606124 ], [ 73.571962, 33.63043 ], [ 73.577049, 33.666607 ], [ 73.595702500000073, 33.680738 ], [ 73.600790500000073, 33.698826 ], [ 73.598529, 33.739525 ], [ 73.566874, 33.797746 ], [ 73.592285156000059, 33.862670898000033 ], [ 73.594573, 33.891579 ], [ 73.588355, 33.907406 ], [ 73.569137, 33.920407 ], [ 73.543699, 33.954322 ], [ 73.534655, 33.988237 ], [ 73.519394, 34.000108 ], [ 73.52448, 34.012543 ], [ 73.501413387000071, 34.018002034000062 ], [ 73.511033, 34.018706 ], [ 73.514869, 34.03685 ], [ 73.510913, 34.05946 ], [ 73.502999, 34.069069 ], [ 73.495085, 34.135204 ], [ 73.499042, 34.207557 ], [ 73.473606, 34.256169 ], [ 73.488302, 34.279344 ], [ 73.480389, 34.291215 ], [ 73.479258, 34.283866 ], [ 73.469649, 34.27991 ], [ 73.462301, 34.287823 ], [ 73.451561, 34.300259 ], [ 73.4493, 34.321173 ], [ 73.402949, 34.366394 ], [ 73.398426305000044, 34.378263918000073 ], [ 73.412558, 34.385613 ], [ 73.42782, 34.416702 ], [ 73.432907, 34.435355 ], [ 73.428951, 34.46927 ], [ 73.444212, 34.505447 ], [ 73.435734, 34.526927 ], [ 73.448169, 34.535971 ], [ 73.453256, 34.569321 ], [ 73.465692, 34.574973 ], [ 73.479824500000063, 34.571016500000042 ], [ 73.495651061000046, 34.57723363100007 ], [ 73.523348, 34.569886 ], [ 73.537480500000072, 34.571582 ], [ 73.564046440000084, 34.589669755000045 ], [ 73.574221, 34.584018 ], [ 73.617745, 34.582322 ], [ 73.62792, 34.577234 ], [ 73.636399, 34.564799 ], [ 73.656748, 34.562538 ], [ 73.665792, 34.580061 ], [ 73.659009, 34.599279 ], [ 73.699707, 34.647892 ], [ 73.663531, 34.662588 ], [ 73.664661, 34.669936 ], [ 73.686706, 34.691981 ], [ 73.685576, 34.705548 ], [ 73.703664, 34.719114 ], [ 73.715534, 34.736071 ], [ 73.715534, 34.74455 ], [ 73.723447, 34.746811 ], [ 73.727969, 34.75416 ], [ 73.727969, 34.764334 ], [ 73.777712, 34.794858 ], [ 73.795235, 34.790336 ], [ 73.801452, 34.794293 ], [ 73.830847500000061, 34.79146650000007 ], [ 73.837630500000046, 34.802206500000068 ], [ 73.838196, 34.814076500000056 ], [ 73.852890243000047, 34.81464191300006 ], [ 73.865326, 34.80899 ], [ 73.870978, 34.814077 ], [ 73.898111, 34.819729 ], [ 73.927504, 34.811251 ], [ 73.934287, 34.817468 ], [ 73.934287, 34.8316 ], [ 73.968202, 34.835557 ], [ 73.977811, 34.866081 ], [ 73.994771, 34.86495 ], [ 74.007771910000031, 34.874558884000066 ], [ 74.021903, 34.873994 ], [ 74.045079, 34.890386500000034 ], [ 74.038861, 34.914127 ], [ 74.071645500000045, 34.937868 ], [ 74.060906, 34.988741 ], [ 74.069384500000069, 34.996654500000034 ], [ 74.097082, 35.000611500000048 ], [ 74.111213500000076, 35.017569 ], [ 74.107821500000057, 35.026048 ], [ 74.082950500000038, 35.037353 ], [ 74.076733, 35.047527500000058 ], [ 74.087472500000047, 35.082573500000024 ], [ 74.094821, 35.091052500000046 ], [ 74.128577299000028, 35.105233168000041 ], [ 74.131948500000078, 35.119287500000041 ], [ 74.115906500000051, 35.123447 ], [ 74.112935500000049, 35.133547500000077 ], [ 74.116500500000029, 35.145430500000032 ], [ 74.11234150000007, 35.153154500000028 ], [ 74.096891952000078, 35.146025440000074 ], [ 74.080255, 35.156126 ], [ 74.035694, 35.14959 ], [ 74.018463, 35.167414 ], [ 74.007768, 35.170979 ], [ 74.003015, 35.184645 ], [ 73.95786, 35.165038 ], [ 73.945385, 35.18821 ], [ 73.925778, 35.210193500000059 ], [ 73.900824, 35.211976 ], [ 73.871116, 35.204846 ], [ 73.84735, 35.226236 ], [ 73.832496, 35.227424 ], [ 73.809335193000038, 35.242867025000066 ], [ 73.765470908000054, 35.22089438200004 ], [ 73.74990850000006, 35.220888 ], [ 73.74990850000006, 35.230989 ], [ 73.73027090800008, 35.273694382000031 ], [ 73.711870908000037, 35.279694382000059 ], [ 73.7101, 35.302882 ], [ 73.699405500000069, 35.314171 ], [ 73.692869500000029, 35.33259 ], [ 73.692869500000029, 35.349226 ], [ 73.700593500000082, 35.352791 ], [ 73.698217, 35.37121 ], [ 73.727330500000051, 35.419337 ], [ 73.752879, 35.432408 ], [ 73.754661500000054, 35.443103 ], [ 73.79447, 35.44904450000007 ], [ 73.785558, 35.463304 ], [ 73.785556824000082, 35.524488677000079 ], [ 73.751070908000031, 35.523894382000037 ], [ 73.735055, 35.531632500000057 ], [ 73.664944500000047, 35.531038 ], [ 73.616870908000067, 35.54109438200004 ], [ 73.499870908000048, 35.542894382000043 ], [ 73.417870908000054, 35.525094382000077 ], [ 73.405298500000072, 35.529256 ], [ 73.395198, 35.586889 ], [ 73.364270908000037, 35.600494382000079 ], [ 73.355983500000036, 35.609467 ], [ 73.331029500000056, 35.662941 ], [ 73.296568500000035, 35.662347 ], [ 73.29062650000003, 35.670665 ], [ 73.240123500000038, 35.657593500000075 ], [ 73.23596450000008, 35.667694 ], [ 73.191997, 35.677201 ], [ 73.183084500000064, 35.689678 ], [ 73.148623500000042, 35.71285 ], [ 73.126046, 35.721168 ], [ 73.110003500000062, 35.749094 ], [ 73.111786, 35.759194 ], [ 73.120104, 35.765136 ], [ 73.15813, 35.761571 ], [ 73.187838, 35.785337 ], [ 73.200315, 35.78712 ], [ 73.200315, 35.826928 ], [ 73.17833150000007, 35.860201 ], [ 73.149812, 35.843565 ], [ 73.129070908000074, 35.84589438200004 ], [ 73.092179, 35.875649 ], [ 73.073166, 35.860795 ], [ 73.055935500000032, 35.861983500000065 ], [ 73.047770908000075, 35.850094382000066 ], [ 73.034530410000059, 35.848899751000033 ], [ 73.026270908000072, 35.842294382000034 ], [ 73.016070908000074, 35.84589438200004 ], [ 73.010779500000069, 35.855448 ], [ 72.998896500000058, 35.862578 ], [ 72.981666, 35.861389 ], [ 72.960370908000073, 35.848894382000026 ], [ 72.903831500000081, 35.841782 ], [ 72.891948500000069, 35.849506 ], [ 72.896107500000085, 35.865548 ], [ 72.89076, 35.877431500000057 ], [ 72.836692, 35.873272500000041 ], [ 72.819470908000028, 35.888094382000077 ], [ 72.809470908000037, 35.862494382000079 ], [ 72.797470908000037, 35.866094382000028 ], [ 72.785718216000078, 35.848077587000034 ], [ 72.683368444000052, 35.820428002000028 ], [ 72.627419418000045, 35.839409696000075 ], [ 72.568500363000055, 35.851801117000036 ], [ 72.551996974000076, 35.880254765000075 ], [ 72.528246559000081, 35.897710974000063 ], [ 72.509905801000059, 35.902388047000045 ], [ 72.568133406000072, 36.012306672000079 ], [ 72.565757075000079, 36.028942561000065 ], [ 72.530108108000036, 36.060433204000049 ], [ 72.521196337000049, 36.078852052000059 ], [ 72.523572620000039, 36.111529869000037 ], [ 72.54020973400003, 36.136484800000062 ], [ 72.542585832000043, 36.148961738000025 ], [ 72.540210239000032, 36.191740472000049 ], [ 72.549121, 36.232737 ], [ 72.572294606000071, 36.255909243000076 ], [ 72.593684584000073, 36.269575264000025 ], [ 72.65250625200008, 36.263634160000038 ], [ 72.686372003000031, 36.275517671000046 ], [ 72.721755936000079, 36.313464468000063 ], [ 72.759453474000054, 36.327208712000072 ], [ 72.818274913000039, 36.364640770000051 ], [ 72.848344438000083, 36.376432715000078 ], [ 72.857226985000068, 36.388276262000034 ], [ 72.863169729000049, 36.433431782000071 ], [ 72.87148796300005, 36.452444635000063 ], [ 72.888385834000076, 36.463270518000058 ], [ 72.924035187000072, 36.473965624000073 ], [ 72.959089936000055, 36.472777798000038 ], [ 72.96740791600007, 36.476936813000066 ], [ 72.970379190000074, 36.509020636000059 ], [ 73.010187558000041, 36.524468734000038 ], [ 73.041083558000082, 36.547641244000033 ], [ 73.054749323000067, 36.586855576000062 ], [ 73.074950890000082, 36.609433538000076 ], [ 73.049402647000079, 36.673008038000035 ], [ 73.049402756000063, 36.684890968000047 ], [ 73.06188028400004, 36.697367953000025 ], [ 73.124860477000084, 36.711034172000041 ], [ 73.152191464000055, 36.730047189000061 ], [ 73.213983425000038, 36.717569558000037 ], [ 73.26805108700006, 36.721134795000069 ], [ 73.374404694000077, 36.757973083000024 ], [ 73.408865963000039, 36.758567243000073 ], [ 73.449267528000064, 36.741337538000039 ], [ 73.506900530000053, 36.730048880000027 ], [ 73.568692660000067, 36.73599013900008 ], [ 73.578792433000046, 36.718760290000034 ], [ 73.603747180000084, 36.709847462000027 ], [ 73.656626790000075, 36.706877732000066 ], [ 73.673262703000034, 36.709847793000051 ], [ 73.687522725000065, 36.722919784000055 ], [ 73.715447550000079, 36.724701906000064 ], [ 73.734460365000075, 36.718761032000032 ], [ 73.775457170000038, 36.728267171000027 ], [ 73.834277598000028, 36.709848561000058 ], [ 73.861014551000039, 36.724702600000057 ], [ 73.868144779000033, 36.755004454000073 ], [ 73.856856085000061, 36.779959252000026 ], [ 73.839032403000033, 36.801349040000048 ], [ 73.82655455400004, 36.808478438000066 ], [ 73.793282814000065, 36.812042758000075 ], [ 73.78496407800003, 36.834620584000049 ], [ 73.748127401000033, 36.842344363000052 ], [ 73.720796089000032, 36.842344232000073 ], [ 73.697029866000037, 36.854822045000049 ], [ 73.68395905400007, 36.865516919000072 ], [ 73.650573, 36.915757 ], [ 73.66987, 36.922372 ], [ 73.700109, 36.919703 ], [ 73.728569, 36.909919 ], [ 73.75525, 36.912587 ], [ 73.800608, 36.900135 ], [ 73.842408, 36.90725 ], [ 73.890434, 36.885904 ], [ 73.910889, 36.888572 ], [ 73.945574, 36.869004 ], [ 73.974922, 36.840542 ], [ 74.022058, 36.841431 ], [ 74.040734, 36.834316 ], [ 74.064001, 36.839948 ], [ 74.085201, 36.852104 ], [ 74.115439, 36.852104 ], [ 74.129668, 36.857441 ], [ 74.135894, 36.885903 ], [ 74.151013, 36.917923 ], [ 74.217713, 36.914365 ], [ 74.242614, 36.90547 ], [ 74.277298, 36.915254 ], [ 74.324432, 36.945495 ], [ 74.358227, 36.974847 ], [ 74.40625, 36.989078 ], [ 74.424037, 37.006866 ], [ 74.521861, 37.005977 ], [ 74.531644, 36.998861 ], [ 74.53698, 36.976625 ], [ 74.547651, 36.967731 ], [ 74.562769, 36.971289 ], [ 74.576109, 37.004198 ], [ 74.573441, 37.038886 ], [ 74.623241, 37.059343 ], [ 74.631245, 37.075353 ], [ 74.672152, 37.086027 ], [ 74.689049, 37.095811 ], [ 74.704166, 37.09759 ], [ 74.716578, 37.074847 ], [ 74.720453, 37.051813 ], [ 74.734752, 37.037511 ], [ 74.780827, 37.034333 ], [ 74.79142, 37.037511 ], [ 74.793538, 37.05711 ], [ 74.812074, 37.065055 ], [ 74.840672, 37.065585 ], [ 74.846498, 37.053402 ], [ 74.842791, 37.023739 ], [ 74.87033, 36.998314 ], [ 74.902106, 36.940578 ], [ 74.9217, 36.944286 ], [ 74.924348, 36.950113 ], [ 74.939176, 36.947994 ], [ 74.939176, 36.959118 ], [ 74.923289, 36.983483 ], [ 74.937058, 36.992488 ], [ 74.978895, 37.003612 ], [ 74.996934, 37.00064 ], [ 75.033441, 37.025859 ], [ 75.051446, 37.022681 ], [ 75.063627, 37.013147 ], [ 75.130882, 37.020563 ], [ 75.145711, 37.034335 ], [ 75.1706, 37.022682 ], [ 75.168733, 36.999313 ], [ 75.241032, 36.971832 ], [ 75.281808, 36.982956 ], [ 75.312522, 36.980308 ], [ 75.378186, 36.964948 ], [ 75.406252, 36.965478 ], [ 75.417902, 36.959121 ], [ 75.418961, 36.94482 ], [ 75.400957, 36.937934 ], [ 75.394073, 36.928399 ], [ 75.39778, 36.90933 ], [ 75.4232, 36.895558 ], [ 75.433261, 36.87649 ], [ 75.423732, 36.800743 ], [ 75.42638, 36.784323 ], [ 75.460103, 36.729847 ], [ 75.478276, 36.729773 ], [ 75.490985, 36.746186 ], [ 75.503693, 36.748835 ], [ 75.51501, 36.734387 ], [ 75.534407, 36.734004 ], [ 75.535465, 36.77426 ], [ 75.539701, 36.780087 ], [ 75.570945, 36.779558 ], [ 75.585772, 36.772142 ], [ 75.633429, 36.780088 ], [ 75.67685, 36.771084 ], [ 75.70373, 36.755507 ], [ 75.735626, 36.753075 ], [ 75.846823, 36.686336 ], [ 75.897655, 36.639195 ], [ 75.941074, 36.606355 ], [ 75.933661, 36.589934 ], [ 75.93578, 36.575633 ], [ 75.951135, 36.557094 ], [ 75.969014, 36.521542 ], [ 75.998261, 36.501477 ], [ 75.997737, 36.488764 ], [ 76.007797, 36.480289 ], [ 76.013981, 36.454866 ], [ 76.027851592625069, 36.439633459329038 ], [ 76.14928430200024, 36.424547832000087 ], [ 76.238994588000196, 36.319903056000072 ], [ 76.318576294000138, 36.330083313000046 ], [ 76.388856242000145, 36.309774475000012 ], [ 76.428647095000144, 36.239546204000135 ], [ 76.469264771000098, 36.220012513000114 ], [ 76.568276815000104, 36.190401917000088 ], [ 76.668942505000132, 36.190401917000088 ], [ 76.718758586000092, 36.159912822000081 ], [ 76.758652792000191, 36.110045065000037 ], [ 76.778909953000209, 36.039816793000057 ], [ 76.778909953000209, 35.910263977000056 ], [ 76.839061320000155, 35.85951772100006 ], [ 76.939003540000215, 35.840035706000066 ], [ 77.008560018000196, 35.81972686800006 ], [ 77.068608032000043, 35.779936015000146 ], [ 77.089588664000132, 35.740196839000049 ], [ 77.208961222000255, 35.709656067000054 ], [ 77.348590943000204, 35.719784648000115 ], [ 77.421351359000084, 35.640151266000061 ], [ 77.468893677000096, 35.651881816000071 ], [ 77.508684530000096, 35.58015492800007 ], [ 77.518734194050282, 35.485657323893747 ] ] ], [ [ [ 93.845832825000059, 7.244555475000027 ], [ 93.853302002000078, 7.244527818000051 ], [ 93.86289215100004, 7.236639023000066 ], [ 93.857055664000086, 7.223277569000061 ], [ 93.862503052000079, 7.211194515000045 ], [ 93.879135132000044, 7.212888719000034 ], [ 93.886642456000061, 7.200361251000061 ], [ 93.893722534000062, 7.204138757000067 ], [ 93.893753051000033, 7.183277608000026 ], [ 93.887916565000069, 7.174972057000048 ], [ 93.893692016000045, 7.165777685000023 ], [ 93.894584655000074, 7.120805740000037 ], [ 93.902862549000076, 7.117444515000045 ], [ 93.896163940000065, 7.108277797000028 ], [ 93.897056580000083, 7.088277818000051 ], [ 93.916252137000072, 7.074972154000022 ], [ 93.923751831000061, 7.056638718000045 ], [ 93.919555664000086, 7.037472248000029 ], [ 93.925804138000046, 7.027861118000033 ], [ 93.939140320000035, 7.027888776000054 ], [ 93.949111939000034, 7.011222362000069 ], [ 93.958305359000065, 7.009527684000034 ], [ 93.962890625000057, 7.003333570000052 ], [ 93.955001831000061, 6.993722439000067 ], [ 93.94541931200007, 7.0 ], [ 93.939971924000076, 7.011166573000025 ], [ 93.932891845000086, 7.006666660000064 ], [ 93.928718568000079, 6.995777607000036 ], [ 93.930862427000079, 6.989583492000065 ], [ 93.941253662000065, 6.985027790000061 ], [ 93.941665649000072, 6.96869421100007 ], [ 93.949111939000034, 6.959555626000054 ], [ 93.957054139000036, 6.95913887100005 ], [ 93.952499390000071, 6.952083111000036 ], [ 93.939971924000076, 6.954583169000045 ], [ 93.926277161000087, 6.941611290000026 ], [ 93.927055360000054, 6.934166431000051 ], [ 93.921218872000054, 6.926639081000076 ], [ 93.924530029000039, 6.909111023000037 ], [ 93.909530640000071, 6.905000211000072 ], [ 93.908752442000036, 6.888305665000075 ], [ 93.914611816000047, 6.884166718000074 ], [ 93.912918091000051, 6.873305321000032 ], [ 93.904556274000072, 6.863333225000076 ], [ 93.90625, 6.846666814000059 ], [ 93.910026550000055, 6.838722229000041 ], [ 93.925392152000086, 6.83663892900006 ], [ 93.916275024000072, 6.822472097000059 ], [ 93.914581299000076, 6.809999943000037 ], [ 93.89499664300007, 6.794583320000072 ], [ 93.879997253000056, 6.817083360000026 ], [ 93.868331909000062, 6.815444469000056 ], [ 93.859558106000065, 6.796666622000032 ], [ 93.861221314000034, 6.786666871000023 ], [ 93.852890015000071, 6.756639004000021 ], [ 93.842475891000049, 6.752916814000059 ], [ 93.829559326000037, 6.758305549000056 ], [ 93.828361512000072, 6.762888908000036 ], [ 93.822029114000031, 6.762499809000076 ], [ 93.820442200000059, 6.769972324000037 ], [ 93.827919007000048, 6.778333187000044 ], [ 93.825416565000069, 6.789999962000024 ], [ 93.830360412000061, 6.794138910000072 ], [ 93.825386047000052, 6.804138660000035 ], [ 93.827941894000048, 6.818305493000025 ], [ 93.825836181000057, 6.821249963000071 ], [ 93.816665650000061, 6.814555645000041 ], [ 93.802917480000076, 6.835027694000075 ], [ 93.809555055000033, 6.851666452000075 ], [ 93.793746948000035, 6.860833169000045 ], [ 93.789581299000076, 6.877472402000024 ], [ 93.802474975000052, 6.883722305000049 ], [ 93.793746948000035, 6.885805607000066 ], [ 93.794975281000063, 6.892055511000024 ], [ 93.78916931100008, 6.88955545400006 ], [ 93.782890320000035, 6.893277646000058 ], [ 93.774139404000039, 6.919555664000029 ], [ 93.762916565000069, 6.908305645000041 ], [ 93.754554749000079, 6.926639081000076 ], [ 93.762886047000052, 6.931638719000034 ], [ 93.757858277000082, 6.948305608000055 ], [ 93.751609802000075, 6.960416795000071 ], [ 93.743331909000062, 6.957055570000023 ], [ 93.729614258000083, 6.994972229000041 ], [ 93.722473144000048, 6.999583246000043 ], [ 93.71247100800008, 6.997889043000043 ], [ 93.704559326000037, 7.013305664000029 ], [ 93.706253052000079, 7.018305778000069 ], [ 93.699974060000045, 7.022055625000064 ], [ 93.684165955000083, 7.021222116000047 ], [ 93.681640625000057, 7.013694288000067 ], [ 93.669555664000086, 7.017444612000077 ], [ 93.67624664300007, 7.036611080000057 ], [ 93.666252136000082, 7.072472095000023 ], [ 93.671195984000065, 7.081611158000044 ], [ 93.662086487000067, 7.093277931000046 ], [ 93.662086487000067, 7.104138851000073 ], [ 93.67539215100004, 7.115833283000029 ], [ 93.662475586000085, 7.117055416000028 ], [ 93.660385132000044, 7.128305435000073 ], [ 93.672080994000055, 7.135833263000052 ], [ 93.672920227000077, 7.143277645000069 ], [ 93.686279297000056, 7.155777931000046 ], [ 93.679557800000055, 7.179111004000049 ], [ 93.68746948200004, 7.187027932000035 ], [ 93.719169617000034, 7.19202757000005 ], [ 93.734970093000072, 7.18869447700007 ], [ 93.752471924000076, 7.205360889000076 ], [ 93.757080078000058, 7.201638700000046 ], [ 93.756225586000085, 7.211611271000038 ], [ 93.762496948000035, 7.215333463000036 ], [ 93.769165039000086, 7.214527607000036 ], [ 93.770835876000035, 7.209527969000021 ], [ 93.800003052000079, 7.212861062000059 ], [ 93.810386659000073, 7.205777645000069 ], [ 93.810386659000073, 7.213305473000048 ], [ 93.815414429000043, 7.215777874000025 ], [ 93.812057495000033, 7.236639023000066 ], [ 93.836669922000056, 7.237027646000058 ], [ 93.845832825000059, 7.244555475000027 ] ] ], [ [ [ 93.736221313000044, 7.423250200000041 ], [ 93.73872375500008, 7.400777817000062 ], [ 93.771247864000031, 7.384944439000037 ], [ 93.776252746000068, 7.37827777900003 ], [ 93.77500152600004, 7.365416526000047 ], [ 93.766197204000036, 7.363305568000044 ], [ 93.768722534000062, 7.355777740000065 ], [ 93.755363465000073, 7.342472076000035 ], [ 93.754585266000049, 7.328277588000049 ], [ 93.73872375500008, 7.309972286000061 ], [ 93.730003357000044, 7.309527875000072 ], [ 93.717475891000049, 7.296222211000043 ], [ 93.703277588000049, 7.294528007000054 ], [ 93.693695068000068, 7.284138679000023 ], [ 93.686195373000032, 7.264111043000071 ], [ 93.664138794000053, 7.247889042000054 ], [ 93.647026063000055, 7.264972210000053 ], [ 93.650802613000053, 7.299555780000048 ], [ 93.637886048000041, 7.308305741000027 ], [ 93.651252748000047, 7.321610927000052 ], [ 93.652885437000066, 7.33491659200007 ], [ 93.645362855000087, 7.350777626000024 ], [ 93.64785766600005, 7.372444630000075 ], [ 93.654136657000038, 7.374555588000021 ], [ 93.663276672000052, 7.367083549000029 ], [ 93.67910766600005, 7.378722191000065 ], [ 93.69080352800006, 7.376222133000056 ], [ 93.695808411000087, 7.385361194000041 ], [ 93.709114075000059, 7.391194345000031 ], [ 93.723335266000049, 7.388694287000021 ], [ 93.727890014000081, 7.39494466900004 ], [ 93.717887879000045, 7.399972439000067 ], [ 93.725387573000035, 7.419138908000036 ], [ 93.721252441000047, 7.423277855000038 ], [ 93.720832825000059, 7.44452762700007 ], [ 93.726219177000075, 7.442444326000043 ], [ 93.736221313000044, 7.423250200000041 ] ] ], [ [ [ 93.377502441000047, 8.021249772000033 ], [ 93.388336182000046, 8.018722535000052 ], [ 93.403724670000031, 8.005833625000037 ], [ 93.397026062000066, 7.994916439000065 ], [ 93.400390626000046, 7.968249799000034 ], [ 93.411613464000084, 7.957055569000033 ], [ 93.426612854000041, 7.964555740000037 ], [ 93.427055359000065, 7.959111215000064 ], [ 93.454559326000037, 7.932472229000041 ], [ 93.467887878000056, 7.889944553000021 ], [ 93.459167481000065, 7.870333195000057 ], [ 93.448280335000049, 7.871194364000075 ], [ 93.442886352000073, 7.884916782000062 ], [ 93.426582336000081, 7.900333404000037 ], [ 93.395835877000081, 7.895360948000075 ], [ 93.376640320000035, 7.877861024000026 ], [ 93.339942933000032, 7.888694288000067 ], [ 93.341224671000077, 7.912416458000052 ], [ 93.348724365000066, 7.920750142000031 ], [ 93.343719483000086, 7.922416687000066 ], [ 93.358695984000065, 7.934916496000028 ], [ 93.351608276000036, 7.932055473000048 ], [ 93.349945068000068, 7.942055702000062 ], [ 93.342857361000085, 7.93575000900006 ], [ 93.345390320000035, 7.929944515000045 ], [ 93.329940796000074, 7.927833557000042 ], [ 93.327857971000071, 7.919083120000039 ], [ 93.318725586000085, 7.924110889000076 ], [ 93.309524536000083, 7.954944612000077 ], [ 93.320358277000082, 7.971611023000037 ], [ 93.319503784000062, 7.994111061000069 ], [ 93.334968566000043, 8.008722305000049 ], [ 93.345001222000064, 8.011221886000044 ], [ 93.356697083000086, 8.005416871000023 ], [ 93.377502441000047, 8.021249772000033 ] ] ], [ [ [ 93.557052612000064, 8.024138452000045 ], [ 93.576248169000053, 8.022472383000036 ], [ 93.592918396000073, 7.988305569000033 ], [ 93.595390320000035, 7.941611291000072 ], [ 93.589942932000042, 7.92616653400006 ], [ 93.556640625000057, 7.952000141000042 ], [ 93.549140930000078, 7.964527607000036 ], [ 93.535774231000062, 7.968666555000027 ], [ 93.518753052000079, 7.983277798000074 ], [ 93.517890931000068, 7.993277550000073 ], [ 93.522468567000033, 7.997860910000043 ], [ 93.530807495000033, 7.993722439000067 ], [ 93.541252136000082, 8.005000116000076 ], [ 93.543746948000035, 8.023305893000042 ], [ 93.56244659400005, 7.996166707000043 ], [ 93.565391541000054, 8.00580596900005 ], [ 93.557052612000064, 8.024138452000045 ] ] ], [ [ [ 93.58833313000008, 8.130416870000033 ], [ 93.599586486000078, 8.100832940000032 ], [ 93.59371948200004, 8.099971771000071 ], [ 93.59369659400005, 8.095833778000042 ], [ 93.602058411000087, 8.092499733000068 ], [ 93.602081298000087, 8.074972154000022 ], [ 93.61374664300007, 8.049972534000062 ], [ 93.606636047000052, 8.037917137000022 ], [ 93.584609986000032, 8.065805435000073 ], [ 93.58535766600005, 8.074999809000076 ], [ 93.592056274000072, 8.079138757000067 ], [ 93.582054138000046, 8.095805168000027 ], [ 93.584556579000036, 8.107500076000065 ], [ 93.577468872000054, 8.108722687000068 ], [ 93.572944641000049, 8.122528077000027 ], [ 93.58833313000008, 8.130416870000033 ] ] ], [ [ [ 93.537475586000085, 8.236222267000073 ], [ 93.551635742000087, 8.232889177000061 ], [ 93.557914734000065, 8.220805169000073 ], [ 93.549552918000074, 8.180777551000062 ], [ 93.543334961000085, 8.182916641000077 ], [ 93.536636352000073, 8.174611093000067 ], [ 93.52500152600004, 8.17536067900005 ], [ 93.515419006000059, 8.165833473000021 ], [ 93.517059327000084, 8.154138565000039 ], [ 93.508697510000047, 8.150805473000048 ], [ 93.531280517000084, 8.128305436000062 ], [ 93.532058716000051, 8.114999772000033 ], [ 93.537086487000067, 8.114110948000075 ], [ 93.54041290300006, 8.101666450000039 ], [ 93.557029725000064, 8.089166642000066 ], [ 93.561225891000049, 8.075833321000061 ], [ 93.561225891000049, 8.037471771000071 ], [ 93.543334961000085, 8.046222688000057 ], [ 93.537475586000085, 8.032111168000029 ], [ 93.520835877000081, 8.031250001000046 ], [ 93.519584656000063, 8.0 ], [ 93.512443544000064, 7.997889042000054 ], [ 93.499557495000033, 8.012499811000055 ], [ 93.496246338000049, 8.042499543000076 ], [ 93.51080322200005, 8.039555550000046 ], [ 93.514968872000054, 8.042860986000051 ], [ 93.519584656000063, 8.039138794000053 ], [ 93.515441895000038, 8.055805208000038 ], [ 93.520835877000081, 8.066249848000041 ], [ 93.52500152600004, 8.047916412000063 ], [ 93.540390015000071, 8.052499771000043 ], [ 93.53705596900005, 8.060028077000027 ], [ 93.548721314000034, 8.065805435000073 ], [ 93.534530639000081, 8.06830596900005 ], [ 93.535415651000051, 8.074138641000047 ], [ 93.544586181000057, 8.079138757000067 ], [ 93.526664733000075, 8.083694459000071 ], [ 93.524581909000062, 8.07250022900007 ], [ 93.512496948000035, 8.062861442000042 ], [ 93.507499695000035, 8.06372261100006 ], [ 93.500808717000041, 8.049555778000069 ], [ 93.497055053000054, 8.051638605000051 ], [ 93.490417480000076, 8.085805893000042 ], [ 93.501251221000075, 8.090806009000062 ], [ 93.496635437000066, 8.094583511000053 ], [ 93.489974976000042, 8.090416908000066 ], [ 93.48288726800007, 8.096666336000055 ], [ 93.476280212000063, 8.112472535000052 ], [ 93.479553223000039, 8.120805740000037 ], [ 93.471275329000036, 8.124944687000038 ], [ 93.471275329000036, 8.134139062000031 ], [ 93.477058411000087, 8.141666412000063 ], [ 93.464553833000082, 8.149999620000074 ], [ 93.462890625000057, 8.167471887000033 ], [ 93.466667175000055, 8.182110786000067 ], [ 93.481666565000069, 8.186222078000071 ], [ 93.498748779000039, 8.202444078000042 ], [ 93.504997253000056, 8.227889061000042 ], [ 93.537475586000085, 8.236222267000073 ] ] ], [ [ [ 93.254554750000068, 8.234167100000036 ], [ 93.254554750000068, 8.219972612000049 ], [ 93.244163513000046, 8.21791649000005 ], [ 93.235000610000043, 8.232110977000048 ], [ 93.227058411000087, 8.234972 ], [ 93.225387574000081, 8.255833627000072 ], [ 93.243331909000062, 8.263750076000065 ], [ 93.254554750000068, 8.234167100000036 ] ] ], [ [ [ 73.067054748000032, 8.283333780000021 ], [ 73.046638489000031, 8.262916566000058 ], [ 73.034141540000064, 8.262916566000058 ], [ 73.017913819000057, 8.270805358000075 ], [ 73.018280029000039, 8.277083397000069 ], [ 73.023330688000044, 8.270388605000051 ], [ 73.029998779000039, 8.270416261000037 ], [ 73.043304444000057, 8.272083283000029 ], [ 73.054168701000037, 8.279555320000043 ], [ 73.065391540000064, 8.294972421000068 ], [ 73.072029114000031, 8.315805435000073 ], [ 73.079559326000037, 8.323361397000042 ], [ 73.067886352000073, 8.301666260000047 ], [ 73.067054748000032, 8.283333780000021 ] ] ], [ [ [ 93.130859375000057, 8.354555131000041 ], [ 93.148750305000078, 8.345000267000046 ], [ 93.143722534000062, 8.323305130000051 ], [ 93.136222841000063, 8.313305855000067 ], [ 93.131248474000074, 8.285805702000062 ], [ 93.133720398000037, 8.273333551000064 ], [ 93.159141540000064, 8.242888452000045 ], [ 93.189163208000082, 8.232055664000029 ], [ 93.210388183000077, 8.217472076000035 ], [ 93.202468872000054, 8.196222305000049 ], [ 93.190834046000077, 8.194555283000057 ], [ 93.165802002000078, 8.202027322000049 ], [ 93.148277283000084, 8.217027665000046 ], [ 93.124137879000045, 8.22622203800006 ], [ 93.107086181000057, 8.24336147300005 ], [ 93.095413208000082, 8.264944077000052 ], [ 93.087944031000063, 8.294138908000036 ], [ 93.092086792000032, 8.311666488000071 ], [ 93.100418091000051, 8.32250023000006 ], [ 93.099609375000057, 8.334166528000026 ], [ 93.109107971000071, 8.348694802000068 ], [ 93.119163513000046, 8.347888946000069 ], [ 93.130859375000057, 8.354555131000041 ] ] ], [ [ [ 93.07913970900006, 8.428777694000075 ], [ 93.060386657000038, 8.440833092000048 ], [ 93.066696167000032, 8.461222648000046 ], [ 93.080413818000068, 8.453305244000035 ], [ 93.07913970900006, 8.428777694000075 ] ] ], [ [ [ 93.627891541000054, 8.529138565000039 ], [ 93.643722534000062, 8.518305780000048 ], [ 93.645416260000047, 8.46166706200006 ], [ 93.642471314000034, 8.457888603000072 ], [ 93.634971619000055, 8.462888719000034 ], [ 93.629554749000079, 8.454111099000045 ], [ 93.63291931100008, 8.425805091000029 ], [ 93.628334045000031, 8.417083741000056 ], [ 93.622886658000084, 8.449138641000047 ], [ 93.627891541000054, 8.466638565000039 ], [ 93.624557495000033, 8.474971771000071 ], [ 93.631278992000034, 8.484972001000074 ], [ 93.63044738800005, 8.509139061000042 ], [ 93.617057800000055, 8.540805816000045 ], [ 93.61911010700004, 8.571249962000024 ], [ 93.622917176000044, 8.569110871000021 ], [ 93.627891541000054, 8.529138565000039 ] ] ], [ [ [ 92.775802613000053, 9.254638672000056 ], [ 92.818725586000085, 9.214221954000038 ], [ 92.825363160000052, 9.192527771000073 ], [ 92.823692322000056, 9.174194337000074 ], [ 92.832031250000057, 9.161694526000076 ], [ 92.830360413000051, 9.141694069000039 ], [ 92.825805664000086, 9.132111549000058 ], [ 92.804138184000067, 9.117944719000036 ], [ 92.783279420000042, 9.117083549000029 ], [ 92.773277283000084, 9.126277925000068 ], [ 92.739112854000041, 9.120444299000042 ], [ 92.725364685000045, 9.130027771000073 ], [ 92.721191406000059, 9.141694069000039 ], [ 92.720390320000035, 9.210833551000064 ], [ 92.764083863000053, 9.214611055000034 ], [ 92.77038574200003, 9.224194526000076 ], [ 92.775802613000053, 9.254638672000056 ] ] ], [ [ [ 72.281639099000074, 10.032083513000032 ], [ 72.276222229000041, 10.040805818000024 ], [ 72.279136658000084, 10.046222687000068 ], [ 72.285003662000065, 10.046222687000068 ], [ 72.281639099000074, 10.032083513000032 ] ] ], [ [ [ 73.651641846000075, 10.096249580000062 ], [ 73.648719788000051, 10.057472229000041 ], [ 73.641670227000077, 10.055388452000045 ], [ 73.635864258000083, 10.071194650000052 ], [ 73.64538574200003, 10.074972153000033 ], [ 73.651641846000075, 10.096249580000062 ] ] ], [ [ [ 73.662445068000068, 10.127916336000055 ], [ 73.658691407000049, 10.150805474000038 ], [ 73.661636354000052, 10.154555321000032 ], [ 73.666221619000055, 10.141666412000063 ], [ 73.662445068000068, 10.127916336000055 ] ] ], [ [ [ 72.617889404000039, 10.562500001000046 ], [ 72.585807800000055, 10.540389061000042 ], [ 72.58288574200003, 10.541639328000031 ], [ 72.592918396000073, 10.549972534000062 ], [ 72.609169006000059, 10.577917099000047 ], [ 72.61875152500005, 10.570833207000021 ], [ 72.617889404000039, 10.562500001000046 ] ] ], [ [ [ 72.529136657000038, 10.785416604000034 ], [ 72.531219483000029, 10.779999733000068 ], [ 72.521636963000049, 10.775388719000034 ], [ 72.522468567000033, 10.785388948000048 ], [ 72.529136657000038, 10.785416604000034 ] ] ], [ [ [ 73.662445068000068, 10.816222192000055 ], [ 73.698280335000049, 10.816222192000055 ], [ 73.70202636700003, 10.811638833000075 ], [ 73.675804138000046, 10.802055359000065 ], [ 73.665832519000048, 10.802861215000064 ], [ 73.659584046000077, 10.809166908000066 ], [ 73.662445068000068, 10.816222192000055 ] ] ], [ [ [ 72.199996948000035, 10.881250383000065 ], [ 72.195388794000053, 10.852444650000052 ], [ 72.17910766600005, 10.841250419000062 ], [ 72.174552917000028, 10.856638910000072 ], [ 72.17624664300007, 10.870805740000037 ], [ 72.199996948000035, 10.881250383000065 ] ] ], [ [ [ 92.549140930000078, 10.880389213000058 ], [ 92.544975280000074, 10.86538887100005 ], [ 92.556640625000057, 10.860416412000063 ], [ 92.55036163300008, 10.868332862000045 ], [ 92.55122375500008, 10.879138946000069 ], [ 92.554946899000072, 10.880389213000058 ], [ 92.588722229000041, 10.853333473000021 ], [ 92.584587097000053, 10.836610794000023 ], [ 92.59371948200004, 10.816638946000069 ], [ 92.589553833000082, 10.800805092000076 ], [ 92.595390320000035, 10.789944650000052 ], [ 92.566223144000048, 10.79583358900004 ], [ 92.58750152600004, 10.787860870000031 ], [ 92.602500915000064, 10.766249658000049 ], [ 92.595390320000035, 10.783277511000051 ], [ 92.604164124000079, 10.783749582000041 ], [ 92.622024536000083, 10.761610984000072 ], [ 92.617027283000084, 10.717499734000057 ], [ 92.619529724000074, 10.669944764000036 ], [ 92.61413574200003, 10.662027359000035 ], [ 92.607444764000036, 10.667860985000061 ], [ 92.595390320000035, 10.656666757000039 ], [ 92.591636658000084, 10.635389328000031 ], [ 92.577468872000054, 10.635389328000031 ], [ 92.563720703000058, 10.624166489000061 ], [ 92.547859192000033, 10.592499734000057 ], [ 92.557472229000041, 10.577055932000064 ], [ 92.56827545200008, 10.573749543000076 ], [ 92.570808410000041, 10.577888489000031 ], [ 92.577857971000071, 10.56830597000004 ], [ 92.541221619000055, 10.528333664000058 ], [ 92.540390015000071, 10.514166832000058 ], [ 92.524139404000039, 10.507055284000046 ], [ 92.502502441000047, 10.506221771000071 ], [ 92.484970092000083, 10.511194229000068 ], [ 92.4375, 10.544528007000054 ], [ 92.42077636700003, 10.54125022900007 ], [ 92.401664734000065, 10.52622223000003 ], [ 92.387443542000085, 10.527055740000037 ], [ 92.383697510000047, 10.537444115000028 ], [ 92.411224365000066, 10.588305474000038 ], [ 92.416191101000038, 10.629138948000048 ], [ 92.404136657000038, 10.650388718000045 ], [ 92.386253357000044, 10.65747261000007 ], [ 92.384582520000038, 10.790805816000045 ], [ 92.396636963000049, 10.80288887100005 ], [ 92.408302307000042, 10.78872203800006 ], [ 92.430389404000039, 10.810832977000075 ], [ 92.433723450000059, 10.824944497000047 ], [ 92.444969177000075, 10.827917099000047 ], [ 92.462448120000033, 10.842055322000022 ], [ 92.469581604000041, 10.852472306000038 ], [ 92.467056275000061, 10.85999965600007 ], [ 92.486640930000078, 10.870361328000058 ], [ 92.503334045000031, 10.889499664000027 ], [ 92.512916566000058, 10.888305665000075 ], [ 92.517890930000078, 10.872471811000025 ], [ 92.512474060000045, 10.867055894000032 ], [ 92.522056581000072, 10.869944573000055 ], [ 92.516220093000072, 10.888278009000032 ], [ 92.524917603000063, 10.897055627000043 ], [ 92.540802003000067, 10.895360947000029 ], [ 92.549140930000078, 10.880389213000058 ] ] ], [ [ [ 72.288307191000058, 10.934583665000048 ], [ 72.283775330000083, 10.936666488000071 ], [ 72.284584046000077, 10.942472458000054 ], [ 72.290832519000048, 10.945388794000053 ], [ 72.288307191000058, 10.934583665000048 ] ] ], [ [ [ 72.720802307000042, 11.112889291000045 ], [ 72.717056274000072, 11.11663913700005 ], [ 72.71871948200004, 11.127499581000052 ], [ 72.733306884000058, 11.136221887000033 ], [ 72.73291778600003, 11.126638412000034 ], [ 72.720802307000042, 11.112889291000045 ] ] ], [ [ [ 72.817054749000079, 11.256667138000068 ], [ 72.775444031000063, 11.189110756000048 ], [ 72.790390015000071, 11.239138604000061 ], [ 72.805000306000068, 11.26124954200003 ], [ 72.815834045000031, 11.26458358800005 ], [ 72.817054749000079, 11.256667138000068 ] ] ], [ [ [ 92.700836183000035, 11.235416412000063 ], [ 92.696250915000064, 11.240860939000072 ], [ 92.703720093000072, 11.25747203800006 ], [ 92.701248169000053, 11.276638986000023 ], [ 92.714164734000065, 11.28625011400004 ], [ 92.717056274000072, 11.259139062000031 ], [ 92.700836183000035, 11.235416412000063 ] ] ], [ [ [ 92.734558105000076, 11.314167024000028 ], [ 92.715774536000083, 11.298749923000059 ], [ 92.707946778000064, 11.304139138000039 ], [ 92.719558716000051, 11.307499885000027 ], [ 92.72455597000004, 11.325805665000075 ], [ 92.731636047000052, 11.328749658000049 ], [ 92.734558105000076, 11.314167024000028 ] ] ], [ [ [ 73.002441407000049, 11.497056009000062 ], [ 73.011253357000044, 11.485027315000025 ], [ 73.010803223000039, 11.46791649000005 ], [ 72.998725891000049, 11.494138719000034 ], [ 73.002441407000049, 11.497056009000062 ] ] ], [ [ [ 92.654586792000032, 11.496639252000023 ], [ 92.667503357000044, 11.487083435000045 ], [ 92.673332216000063, 11.487889290000055 ], [ 92.67539215100004, 11.474166870000033 ], [ 92.687919617000034, 11.465833664000058 ], [ 92.683723450000059, 11.456666947000031 ], [ 92.694526672000052, 11.421638490000021 ], [ 92.68161010700004, 11.421222687000068 ], [ 92.677497864000031, 11.411222458000054 ], [ 92.654556274000072, 11.404999733000068 ], [ 92.674140930000078, 11.399555207000049 ], [ 92.674140930000078, 11.390360832000056 ], [ 92.680778503000056, 11.394583702000034 ], [ 92.689971923000087, 11.38624954200003 ], [ 92.698692322000056, 11.386666299000069 ], [ 92.699607849000074, 11.364972116000047 ], [ 92.675804138000046, 11.358722687000068 ], [ 92.672447204000036, 11.347888948000048 ], [ 92.657470704000048, 11.353722574000074 ], [ 92.64497375500008, 11.34291649000005 ], [ 92.610832215000073, 11.339528084000051 ], [ 92.591247559000067, 11.35499954200003 ], [ 92.588752747000058, 11.364999772000033 ], [ 92.600418092000041, 11.377471924000076 ], [ 92.597473145000038, 11.397055627000043 ], [ 92.619140625000057, 11.394555092000076 ], [ 92.629554749000079, 11.399971963000041 ], [ 92.630363464000084, 11.434139252000023 ], [ 92.61958313000008, 11.449972153000033 ], [ 92.623725891000049, 11.488333703000023 ], [ 92.640808105000076, 11.511221887000033 ], [ 92.653335571000071, 11.50702762700007 ], [ 92.654586792000032, 11.496639252000023 ] ] ], [ [ [ 92.564140320000035, 11.53705596900005 ], [ 92.575416565000069, 11.520833015000051 ], [ 92.574974060000045, 11.511249544000066 ], [ 92.558692932000042, 11.520805359000065 ], [ 92.555419922000056, 11.533333780000021 ], [ 92.564140320000035, 11.53705596900005 ] ] ], [ [ [ 92.621192932000042, 11.553333284000075 ], [ 92.628692627000078, 11.550833703000023 ], [ 92.626220703000058, 11.533305168000027 ], [ 92.618309021000073, 11.526222229000041 ], [ 92.608718872000054, 11.549139024000056 ], [ 92.621192932000042, 11.553333284000075 ] ] ], [ [ [ 92.604583740000066, 11.556638718000045 ], [ 92.603363037000065, 11.527083398000059 ], [ 92.596641541000054, 11.528721811000025 ], [ 92.590385437000066, 11.54330539800003 ], [ 92.597526550000055, 11.573749543000076 ], [ 92.604583740000066, 11.556638718000045 ] ] ], [ [ [ 92.618698120000033, 11.583305359000065 ], [ 92.624557495000033, 11.569138528000053 ], [ 92.621635437000066, 11.559556009000062 ], [ 92.60788726800007, 11.563305855000067 ], [ 92.607475281000063, 11.583749772000033 ], [ 92.618698120000033, 11.583305359000065 ] ] ], [ [ [ 92.224975586000085, 11.590389251000033 ], [ 92.273330688000044, 11.585416795000071 ], [ 92.281280517000084, 11.574972154000022 ], [ 92.282058716000051, 11.545805931000075 ], [ 92.28705597000004, 11.541639328000031 ], [ 92.287918091000051, 11.531639100000064 ], [ 92.274139406000074, 11.513750076000065 ], [ 92.260803223000039, 11.521249772000033 ], [ 92.225387573000035, 11.526666641000077 ], [ 92.219581604000041, 11.540833473000077 ], [ 92.223747254000045, 11.570805551000035 ], [ 92.220001221000075, 11.579583169000045 ], [ 92.211250305000078, 11.582500459000073 ], [ 92.224975586000085, 11.590389251000033 ] ] ], [ [ [ 92.547500610000043, 11.604583740000066 ], [ 92.557052612000064, 11.595805168000027 ], [ 92.557472229000041, 11.588749885000027 ], [ 92.574142456000061, 11.587916375000077 ], [ 92.579559328000073, 11.583333015000051 ], [ 92.571250916000054, 11.578305244000035 ], [ 92.573753357000044, 11.569999695000035 ], [ 92.563697816000058, 11.564110756000048 ], [ 92.564163208000082, 11.557055473000048 ], [ 92.548332214000084, 11.558750153000062 ], [ 92.539138795000042, 11.549555778000069 ], [ 92.542861938000044, 11.585778237000056 ], [ 92.538780212000063, 11.597499847000051 ], [ 92.547500610000043, 11.604583740000066 ] ] ], [ [ [ 72.194137573000035, 11.591221810000036 ], [ 72.185806274000072, 11.592916488000071 ], [ 72.184165955000083, 11.605416299000069 ], [ 72.194168090000062, 11.606249809000076 ], [ 72.199584961000085, 11.595805168000027 ], [ 72.194137573000035, 11.591221810000036 ] ] ], [ [ [ 72.693336486000078, 11.680388451000056 ], [ 72.688720703000058, 11.68247223000003 ], [ 72.699974060000045, 11.70208358800005 ], [ 72.701225281000063, 11.692444801000022 ], [ 72.693336486000078, 11.680388451000056 ] ] ], [ [ [ 93.024192810000045, 11.847916603000044 ], [ 93.045829773000037, 11.837916374000031 ], [ 93.072471618000066, 11.84291649000005 ], [ 93.082084656000063, 11.833333015000051 ], [ 93.073753357000044, 11.824999809000076 ], [ 93.068336487000067, 11.809556007000026 ], [ 93.054969788000051, 11.809556007000026 ], [ 93.029136658000084, 11.82874965700006 ], [ 93.020416260000047, 11.829138755000031 ], [ 93.020416260000047, 11.845805169000073 ], [ 93.024192810000045, 11.847916603000044 ] ] ], [ [ [ 92.765808106000065, 11.967082977000075 ], [ 92.775413515000082, 11.960027696000054 ], [ 92.777885437000066, 11.948305130000051 ], [ 92.76411438000008, 11.942889214000047 ], [ 92.746223450000059, 11.947472573000027 ], [ 92.75, 11.960416795000071 ], [ 92.765808106000065, 11.967082977000075 ] ] ], [ [ [ 92.975440979000041, 12.033249856000054 ], [ 92.980804443000068, 12.028666497000074 ], [ 92.982086182000046, 12.038249969000049 ], [ 92.990837097000053, 12.040333749000069 ], [ 93.005836487000067, 12.032111168000029 ], [ 93.016220093000072, 12.018305780000048 ], [ 93.014579773000037, 12.002471925000066 ], [ 93.037025451000034, 11.95330524600007 ], [ 93.048751831000061, 11.94330597000004 ], [ 93.054527283000084, 11.909138679000023 ], [ 93.061225891000049, 11.900805473000048 ], [ 93.057891845000086, 11.887472153000033 ], [ 93.048332215000073, 11.87955570400004 ], [ 93.03125, 11.887499809000076 ], [ 93.014579773000037, 11.925805093000065 ], [ 93.003723144000048, 11.934166908000066 ], [ 93.002914429000043, 11.941638948000048 ], [ 93.008331299000076, 11.944582940000032 ], [ 93.020835877000081, 11.936249733000068 ], [ 93.029167175000055, 11.937110902000029 ], [ 93.032890320000035, 11.930777549000027 ], [ 93.028274536000083, 11.941249847000051 ], [ 93.021224976000042, 11.94077777800004 ], [ 93.022529602000077, 11.946222307000028 ], [ 93.010391235000043, 11.949166297000033 ], [ 93.019531250000057, 11.957500459000073 ], [ 93.017082214000084, 11.964138984000044 ], [ 93.010391235000043, 11.965806007000026 ], [ 93.010391235000043, 11.975000383000065 ], [ 93.002052307000042, 11.979139328000031 ], [ 93.008750917000043, 11.971611023000037 ], [ 93.009552002000078, 11.962499618000038 ], [ 93.016220093000072, 11.957500459000073 ], [ 93.006668091000051, 11.948694229000068 ], [ 93.005363464000084, 11.964166641000077 ], [ 92.997055053000054, 11.965000154000052 ], [ 92.999557495000033, 11.970000267000046 ], [ 92.995414734000065, 11.970805169000073 ], [ 92.994552613000053, 11.96333313100007 ], [ 93.002052307000042, 11.960027696000054 ], [ 93.002052307000042, 11.949972153000033 ], [ 92.989997864000031, 11.942889214000047 ], [ 92.978752138000061, 11.949138642000037 ], [ 92.964553833000082, 11.980833055000062 ], [ 92.940834045000031, 11.982916832000058 ], [ 92.930442810000045, 11.992500306000068 ], [ 92.939163209000071, 12.005332948000046 ], [ 92.953330994000055, 12.007805824000059 ], [ 92.97083282400007, 12.047833444000048 ], [ 92.976249695000035, 12.04238891600005 ], [ 92.975440979000041, 12.033249856000054 ] ] ], [ [ [ 93.000808716000051, 12.107055665000075 ], [ 93.008697509000058, 12.095833778000042 ], [ 93.003753662000065, 12.085861206000061 ], [ 93.008697509000058, 12.062472343000024 ], [ 93.006248474000074, 12.048305511000024 ], [ 92.997497559000067, 12.045305252000048 ], [ 92.985832214000084, 12.056972503000054 ], [ 92.977943420000031, 12.055777550000073 ], [ 92.980392456000061, 12.064083099000072 ], [ 92.969612123000047, 12.069889069000055 ], [ 92.96871948200004, 12.078222276000076 ], [ 92.978775024000072, 12.087416649000033 ], [ 92.967918396000073, 12.09405517700003 ], [ 92.97083282400007, 12.104527473000076 ], [ 92.980804443000068, 12.100333213000056 ], [ 93.000808716000051, 12.107055665000075 ] ] ], [ [ [ 92.972503662000065, 12.151139259000047 ], [ 92.982498169000053, 12.142833710000048 ], [ 92.995864868000069, 12.144499780000046 ], [ 93.002914429000043, 12.136666298000023 ], [ 93.004554748000032, 12.124972343000024 ], [ 92.995002747000058, 12.112000465000051 ], [ 92.984191896000084, 12.110333443000059 ], [ 92.981224060000045, 12.115777971000057 ], [ 92.967918396000073, 12.118249893000041 ], [ 92.962059022000062, 12.142416954000055 ], [ 92.972503662000065, 12.151139259000047 ] ] ], [ [ [ 93.034973145000038, 12.16372203800006 ], [ 93.032913208000082, 12.140805244000035 ], [ 93.022468567000033, 12.141222 ], [ 93.038749696000082, 12.131667138000068 ], [ 93.039558411000087, 12.101638794000053 ], [ 93.05625152600004, 12.079999923000059 ], [ 93.058746338000049, 12.069138528000053 ], [ 93.058746338000049, 12.053333284000075 ], [ 93.051696777000075, 12.044555665000075 ], [ 93.04538726800007, 12.04583358900004 ], [ 93.029998779000039, 12.070416452000075 ], [ 93.013725281000063, 12.079999923000059 ], [ 93.016220093000072, 12.095833778000042 ], [ 93.00794219900007, 12.131667138000068 ], [ 93.012886047000052, 12.148333549000029 ], [ 93.034973145000038, 12.16372203800006 ] ] ], [ [ [ 93.073333740000066, 12.211250306000068 ], [ 93.096252442000036, 12.191666603000044 ], [ 93.092056274000072, 12.188333511000053 ], [ 93.095390320000035, 12.18494415400005 ], [ 93.092918396000073, 12.175833702000034 ], [ 93.099586487000067, 12.176610948000075 ], [ 93.092025757000044, 12.14911079500007 ], [ 93.102081299000076, 12.14411068000004 ], [ 93.092025757000044, 12.126667023000039 ], [ 93.097915650000061, 12.115805627000043 ], [ 93.096221924000076, 12.096693993000031 ], [ 93.080802917000085, 12.082055093000065 ], [ 93.05625152600004, 12.109167099000047 ], [ 93.061691284000062, 12.117083551000064 ], [ 93.044586181000057, 12.125805856000056 ], [ 93.054580688000044, 12.175833702000034 ], [ 93.073333740000066, 12.211250306000068 ] ] ], [ [ [ 92.941635132000044, 12.192028046000075 ], [ 92.932052614000042, 12.204083444000048 ], [ 92.930419922000056, 12.214083673000061 ], [ 92.94330596900005, 12.222861291000072 ], [ 92.949554443000068, 12.214944839000054 ], [ 92.944557190000069, 12.210749626000052 ], [ 92.941635132000044, 12.192028046000075 ] ] ], [ [ [ 92.703308106000065, 12.239527702000032 ], [ 92.717857360000039, 12.214916229000039 ], [ 92.715362548000087, 12.195805549000056 ], [ 92.720390320000035, 12.189083099000072 ], [ 92.714553833000082, 12.181555748000051 ], [ 92.717025756000055, 12.174083710000048 ], [ 92.707054138000046, 12.16327762700007 ], [ 92.721641540000064, 12.174500465000051 ], [ 92.725776673000041, 12.172833442000069 ], [ 92.728363037000065, 12.178638458000023 ], [ 92.741668701000037, 12.181166650000023 ], [ 92.754974365000066, 12.174528122000027 ], [ 92.760002137000072, 12.178667068000038 ], [ 92.763725280000074, 12.172416688000055 ], [ 92.752914428000054, 12.114055634000067 ], [ 92.740447998000036, 12.099055290000024 ], [ 92.74708557200006, 12.054916383000034 ], [ 92.738334655000074, 12.057027817000062 ], [ 92.730857849000074, 12.047833444000048 ], [ 92.712081909000062, 12.049083711000037 ], [ 92.717475891000049, 12.042805671000053 ], [ 92.721664429000043, 12.047027588000049 ], [ 92.733329773000037, 12.045305252000048 ], [ 92.73913574200003, 12.05369472600006 ], [ 92.749580384000069, 12.051583290000053 ], [ 92.748359680000078, 12.062027932000035 ], [ 92.754554749000079, 12.052444458000025 ], [ 92.764999390000071, 12.052000047000035 ], [ 92.772056579000036, 12.044944764000036 ], [ 92.797920227000077, 12.050749779000057 ], [ 92.791664125000068, 12.041166305000047 ], [ 92.780418396000073, 12.035750389000043 ], [ 92.783752441000047, 12.02655601500004 ], [ 92.77586364800004, 12.026166917000069 ], [ 92.770805359000065, 12.020360947000029 ], [ 92.765830994000055, 12.020360947000029 ], [ 92.760002137000072, 12.031999588000076 ], [ 92.742919922000056, 12.029916763000074 ], [ 92.748748780000085, 12.028249741000025 ], [ 92.742080689000034, 12.022388458000023 ], [ 92.749557495000033, 12.019083023000064 ], [ 92.745414734000065, 12.01408291000007 ], [ 92.749168396000073, 12.01113891600005 ], [ 92.756690979000041, 12.016166687000066 ], [ 92.76166534500004, 12.003639221000071 ], [ 92.773307801000044, 12.012027740000065 ], [ 92.772918701000037, 12.0 ], [ 92.752052307000042, 11.994972229000041 ], [ 92.754112244000055, 11.98958301600004 ], [ 92.76413726800007, 11.990388870000061 ], [ 92.766250610000043, 11.986666681000031 ], [ 92.761642456000061, 11.977055549000056 ], [ 92.744140625000057, 11.973722459000044 ], [ 92.736610412000061, 11.980388641000047 ], [ 92.733306885000047, 11.97702789300007 ], [ 92.740417481000065, 11.973305702000062 ], [ 92.74375152600004, 11.964138984000044 ], [ 92.735809326000037, 11.965389252000023 ], [ 92.723693848000039, 11.958305359000065 ], [ 92.733718872000054, 11.949138642000037 ], [ 92.72702789300007, 11.943333627000072 ], [ 92.722862244000055, 11.923333168000056 ], [ 92.727500916000054, 11.931221963000041 ], [ 92.732940674000076, 11.92913913700005 ], [ 92.73288726800007, 11.899971962000052 ], [ 92.739387512000064, 11.892805100000032 ], [ 92.752471924000076, 11.93036079500007 ], [ 92.757469177000075, 11.927916527000036 ], [ 92.765830994000055, 11.934583665000048 ], [ 92.789970398000037, 11.935388565000039 ], [ 92.797920227000077, 11.916639328000031 ], [ 92.793724060000045, 11.899971962000052 ], [ 92.80039215100004, 11.89663887100005 ], [ 92.78952789300007, 11.888305665000075 ], [ 92.798751831000061, 11.882527351000022 ], [ 92.79538726800007, 11.845805169000073 ], [ 92.790390014000081, 11.841666223000061 ], [ 92.792892456000061, 11.834166528000026 ], [ 92.785385132000044, 11.827500344000043 ], [ 92.78119659400005, 11.810832977000075 ], [ 92.774559021000073, 11.745027542000059 ], [ 92.762916565000069, 11.728305817000034 ], [ 92.762886047000052, 11.697472572000038 ], [ 92.757057191000058, 11.695805549000056 ], [ 92.751220703000058, 11.704972267000073 ], [ 92.754554749000079, 11.687472343000024 ], [ 92.748336792000032, 11.682861328000058 ], [ 92.745803833000082, 11.692111016000069 ], [ 92.732475281000063, 11.690361023000037 ], [ 92.724998474000074, 11.700416565000069 ], [ 92.721221924000076, 11.690833093000037 ], [ 92.714164734000065, 11.702055931000075 ], [ 92.709136963000049, 11.701250078000044 ], [ 92.697914123000032, 11.692472459000044 ], [ 92.713752747000058, 11.693333626000026 ], [ 92.711219787000061, 11.67083358900004 ], [ 92.717857360000039, 11.665778160000059 ], [ 92.695808410000041, 11.657888413000023 ], [ 92.69330596900005, 11.646222116000047 ], [ 92.675003052000079, 11.650388719000034 ], [ 92.672027588000049, 11.647472383000036 ], [ 92.679580689000034, 11.620833397000069 ], [ 92.690002441000047, 11.632111549000058 ], [ 92.694557190000069, 11.616666794000025 ], [ 92.698333740000066, 11.622860910000043 ], [ 92.703308106000065, 11.616250038000032 ], [ 92.702056885000047, 11.631667138000068 ], [ 92.709556579000036, 11.636666298000023 ], [ 92.705413818000068, 11.646638870000061 ], [ 92.711669922000056, 11.648722649000035 ], [ 92.722084045000031, 11.639139177000061 ], [ 92.720802307000042, 11.647861482000053 ], [ 92.73874664300007, 11.653333665000048 ], [ 92.725387574000081, 11.659999847000051 ], [ 92.729164124000079, 11.677110672000026 ], [ 92.738304138000046, 11.675389291000045 ], [ 92.740837097000053, 11.667055130000051 ], [ 92.744941711000081, 11.67205524600007 ], [ 92.75577545200008, 11.670416832000058 ], [ 92.762916565000069, 11.658361435000074 ], [ 92.762916565000069, 11.639111520000029 ], [ 92.747497558000077, 11.637888908000036 ], [ 92.741279602000077, 11.632499695000035 ], [ 92.758720399000083, 11.634111404000066 ], [ 92.762084961000085, 11.608277322000049 ], [ 92.755386353000063, 11.597472191000065 ], [ 92.752914428000054, 11.574972154000022 ], [ 92.74708557200006, 11.56997203800006 ], [ 92.749526977000073, 11.564971925000066 ], [ 92.740386963000049, 11.555832864000024 ], [ 92.746223450000059, 11.549166680000042 ], [ 92.742057800000055, 11.546638488000042 ], [ 92.742919922000056, 11.537444116000074 ], [ 92.731224060000045, 11.522444725000071 ], [ 92.736190796000074, 11.50747203800006 ], [ 92.719169617000034, 11.472888946000069 ], [ 92.709587097000053, 11.499166489000061 ], [ 92.683334350000052, 11.506221771000071 ], [ 92.675804138000046, 11.498749733000068 ], [ 92.65621948200004, 11.514972686000021 ], [ 92.652084351000042, 11.534138679000023 ], [ 92.657058716000051, 11.549139024000056 ], [ 92.649559021000073, 11.553333284000075 ], [ 92.65621948200004, 11.566638948000048 ], [ 92.650802613000053, 11.565388679000023 ], [ 92.642471313000044, 11.57455539700004 ], [ 92.626251221000075, 11.557472229000041 ], [ 92.627914429000043, 11.572472574000074 ], [ 92.618698120000033, 11.589972497000076 ], [ 92.61374664300007, 11.589972497000076 ], [ 92.614585876000035, 11.614138604000061 ], [ 92.62494659400005, 11.616222381000057 ], [ 92.632469177000075, 11.612055778000069 ], [ 92.634971618000066, 11.619583130000024 ], [ 92.643302917000085, 11.612916948000077 ], [ 92.649581909000062, 11.629972458000054 ], [ 92.646667481000065, 11.632916452000075 ], [ 92.643280029000039, 11.627055169000073 ], [ 92.639945984000065, 11.637888908000036 ], [ 92.63913726800007, 11.624583245000053 ], [ 92.635025025000061, 11.624583245000053 ], [ 92.625808716000051, 11.630416871000023 ], [ 92.616668701000037, 11.627888679000023 ], [ 92.61286163300008, 11.634139061000042 ], [ 92.610389711000039, 11.653306007000026 ], [ 92.599525451000034, 11.666666985000063 ], [ 92.607025146000069, 11.681666374000031 ], [ 92.601219177000075, 11.702500344000043 ], [ 92.61289215100004, 11.702472687000068 ], [ 92.606636047000052, 11.71211147300005 ], [ 92.601692200000059, 11.707111360000056 ], [ 92.595802307000042, 11.719555855000067 ], [ 92.593307495000033, 11.712082863000035 ], [ 92.581253052000079, 11.712471963000041 ], [ 92.581253052000079, 11.695027353000057 ], [ 92.572052002000078, 11.691611290000026 ], [ 92.565391540000064, 11.708305360000054 ], [ 92.567085266000049, 11.716638565000039 ], [ 92.561225891000049, 11.721693992000041 ], [ 92.55872344900007, 11.760777475000054 ], [ 92.564552307000042, 11.767527581000024 ], [ 92.557891845000086, 11.778306009000062 ], [ 92.561248779000039, 11.786639215000037 ], [ 92.558692932000042, 11.807472229000041 ], [ 92.548721314000034, 11.813305854000077 ], [ 92.548721314000034, 11.821639062000031 ], [ 92.559555053000054, 11.830805778000069 ], [ 92.55708313000008, 11.843305589000067 ], [ 92.552055359000065, 11.842499733000068 ], [ 92.55622100800008, 11.833305359000065 ], [ 92.552444458000082, 11.826250076000065 ], [ 92.547889710000049, 11.825778009000032 ], [ 92.547470092000083, 11.836222650000025 ], [ 92.53333282400007, 11.822083473000077 ], [ 92.523750305000078, 11.829138755000031 ], [ 92.527053833000082, 11.837471963000041 ], [ 92.521224976000042, 11.843305589000067 ], [ 92.533752442000036, 11.876694680000071 ], [ 92.533752442000036, 11.889139175000025 ], [ 92.547080993000066, 11.899971962000052 ], [ 92.542114258000083, 11.90827751300003 ], [ 92.556663515000082, 11.922082901000067 ], [ 92.561668396000073, 11.917916298000023 ], [ 92.564552307000042, 11.934971809000047 ], [ 92.571609497000054, 11.940388680000069 ], [ 92.578720093000072, 11.935000419000062 ], [ 92.579559328000073, 11.925000190000048 ], [ 92.591247559000067, 11.919166565000069 ], [ 92.59375, 11.884139061000042 ], [ 92.602081300000066, 11.889944076000063 ], [ 92.600776673000041, 11.899582864000024 ], [ 92.61122131500008, 11.893333435000045 ], [ 92.614974976000042, 11.847055435000073 ], [ 92.617080688000044, 11.872500420000051 ], [ 92.622886657000038, 11.884111406000045 ], [ 92.615386963000049, 11.919138908000036 ], [ 92.623779296000066, 11.933333397000069 ], [ 92.622055053000054, 11.984138488000042 ], [ 92.627052307000042, 11.986611367000023 ], [ 92.622108460000049, 11.992472650000025 ], [ 92.620361328000058, 12.012444496000057 ], [ 92.628753663000055, 12.022444725000071 ], [ 92.625419617000034, 12.037416459000042 ], [ 92.63291931100008, 12.040778160000059 ], [ 92.627975464000031, 12.047416688000055 ], [ 92.631248475000064, 12.05994415300006 ], [ 92.625419617000034, 12.073249817000033 ], [ 92.628692627000078, 12.101638794000053 ], [ 92.633750915000064, 12.115777971000057 ], [ 92.640419006000059, 12.120778084000051 ], [ 92.640388490000078, 12.135749818000022 ], [ 92.668724060000045, 12.209055901000056 ], [ 92.672500612000078, 12.212861062000059 ], [ 92.67624664300007, 12.209083557000042 ], [ 92.67539215100004, 12.187417030000063 ], [ 92.68125152600004, 12.174111366000034 ], [ 92.678749085000049, 12.20741653400006 ], [ 92.68208313000008, 12.214083673000061 ], [ 92.68744659400005, 12.222000122000054 ], [ 92.695388794000053, 12.212416649000033 ], [ 92.694557190000069, 12.225749971000027 ], [ 92.703308106000065, 12.239527702000032 ] ] ], [ [ [ 92.740386963000049, 12.20575046700003 ], [ 92.744552612000064, 12.20575046700003 ], [ 92.74372100800008, 12.216555595000045 ], [ 92.752052307000042, 12.219083786000056 ], [ 92.75, 12.234472276000076 ], [ 92.754974365000066, 12.226166726000031 ], [ 92.771614075000059, 12.22202777800004 ], [ 92.774581911000041, 12.182416917000069 ], [ 92.754135132000044, 12.177861215000064 ], [ 92.745391846000075, 12.183250427000075 ], [ 92.743278503000056, 12.192028046000075 ], [ 92.734169006000059, 12.186166763000074 ], [ 92.731193543000074, 12.189944267000044 ], [ 92.729583740000066, 12.229916574000072 ], [ 92.73913574200003, 12.240333558000032 ], [ 92.74375152600004, 12.238249779000057 ], [ 92.740386963000049, 12.20575046700003 ] ] ], [ [ [ 92.908332825000059, 12.251166343000023 ], [ 92.922058106000065, 12.236583709000058 ], [ 92.922889710000049, 12.215749742000071 ], [ 92.918746948000035, 12.215749742000071 ], [ 92.912498474000074, 12.228666307000026 ], [ 92.898307800000055, 12.229527473000076 ], [ 92.888725281000063, 12.22158336800004 ], [ 92.886642456000061, 12.206138610000039 ], [ 92.877861023000037, 12.230777740000065 ], [ 92.882942201000048, 12.241582872000038 ], [ 92.887496948000035, 12.243694305000076 ], [ 92.894165039000086, 12.238694192000025 ], [ 92.899169922000056, 12.247833253000067 ], [ 92.908332825000059, 12.251166343000023 ] ] ], [ [ [ 93.113723754000034, 12.237500191000038 ], [ 93.108718872000054, 12.229166984000074 ], [ 93.110809326000037, 12.203722001000074 ], [ 93.098724365000066, 12.215777398000057 ], [ 93.095863343000076, 12.226249695000035 ], [ 93.087524414000086, 12.222916604000034 ], [ 93.068725586000085, 12.229166984000074 ], [ 93.076248169000053, 12.250833511000053 ], [ 93.08747100800008, 12.258749963000071 ], [ 93.093780517000084, 12.25500011400004 ], [ 93.095001221000075, 12.237083436000034 ], [ 93.104553223000039, 12.241639138000039 ], [ 93.10788726800007, 12.256610870000031 ], [ 93.112525940000069, 12.258722305000049 ], [ 93.113723754000034, 12.237500191000038 ] ] ], [ [ [ 93.860809326000037, 12.28125 ], [ 93.872947693000071, 12.274999619000027 ], [ 93.876220703000058, 12.263333322000051 ], [ 93.870002748000047, 12.252083779000031 ], [ 93.853279114000031, 12.247027397000068 ], [ 93.844558715000062, 12.25580596900005 ], [ 93.845413208000082, 12.267499925000038 ], [ 93.849998474000074, 12.277083397000069 ], [ 93.860809326000037, 12.28125 ] ] ], [ [ [ 92.713752747000058, 12.29411125300004 ], [ 92.736221313000044, 12.292471886000044 ], [ 92.723274231000062, 12.226972580000051 ], [ 92.71369171200007, 12.241611482000053 ], [ 92.717086793000078, 12.276583673000061 ], [ 92.713752747000058, 12.29411125300004 ] ] ], [ [ [ 92.942886352000073, 12.286611558000061 ], [ 92.951248169000053, 12.270750047000035 ], [ 92.935363770000038, 12.248250007000024 ], [ 92.93794250500008, 12.233249665000073 ], [ 92.932525634000058, 12.229527473000076 ], [ 92.927886963000049, 12.238249779000057 ], [ 92.930419922000056, 12.258305549000056 ], [ 92.927085876000035, 12.265749931000073 ], [ 92.920829773000037, 12.270360948000075 ], [ 92.912475586000085, 12.264499664000027 ], [ 92.907859802000075, 12.266611100000034 ], [ 92.91205596900005, 12.272417070000074 ], [ 92.911247253000056, 12.285750389000043 ], [ 92.92253112800006, 12.288666725000041 ], [ 92.929168701000037, 12.277832986000021 ], [ 92.938331605000087, 12.27622223000003 ], [ 92.938751221000075, 12.301583290000053 ], [ 92.945808412000076, 12.307861328000058 ], [ 92.942886352000073, 12.286611558000061 ] ] ], [ [ [ 92.81744384700005, 12.308666229000039 ], [ 92.83247375500008, 12.297888757000067 ], [ 92.841636657000038, 12.302027702000032 ], [ 92.876663208000082, 12.301166536000039 ], [ 92.883720398000037, 12.294917106000071 ], [ 92.877891540000064, 12.289916993000077 ], [ 92.882057190000069, 12.284111023000037 ], [ 92.894554138000046, 12.283277512000041 ], [ 92.891220093000072, 12.262416840000071 ], [ 92.898750305000078, 12.263278009000032 ], [ 92.897888184000067, 12.254888536000067 ], [ 92.88913726800007, 12.246972084000049 ], [ 92.873306274000072, 12.245361328000058 ], [ 92.869583129000034, 12.239083291000043 ], [ 92.888748169000053, 12.193222046000074 ], [ 92.881614685000045, 12.188694 ], [ 92.871635437000066, 12.192000389000043 ], [ 92.870002747000058, 12.198666573000025 ], [ 92.850807190000069, 12.194527626000024 ], [ 92.856636048000041, 12.182861328000058 ], [ 92.862472534000062, 12.187861443000031 ], [ 92.859558105000076, 12.171610832000056 ], [ 92.864585877000081, 12.164083480000045 ], [ 92.857940674000076, 12.162416458000052 ], [ 92.854972840000073, 12.153694152000071 ], [ 92.844169617000034, 12.161166191000063 ], [ 92.833305359000065, 12.16033363300005 ], [ 92.831665039000086, 12.166999817000033 ], [ 92.823333740000066, 12.15952777800004 ], [ 92.832916260000047, 12.147417068000038 ], [ 92.819137573000035, 12.126166344000069 ], [ 92.809585571000071, 12.126610756000048 ], [ 92.820442200000059, 12.114110948000075 ], [ 92.819580078000058, 12.104916572000036 ], [ 92.813331604000041, 12.101194383000063 ], [ 92.803337097000053, 12.105305672000043 ], [ 92.792083740000066, 12.099111557000072 ], [ 92.80960845900006, 12.08905601500004 ], [ 92.798751831000061, 12.084111214000075 ], [ 92.799163818000068, 12.075333597000053 ], [ 92.780029298000045, 12.070333481000034 ], [ 92.773330688000044, 12.058666229000039 ], [ 92.763748169000053, 12.06824970200006 ], [ 92.764968872000054, 12.072028160000059 ], [ 92.754196167000032, 12.072028160000059 ], [ 92.748748780000085, 12.078222276000076 ], [ 92.746223450000059, 12.094083787000045 ], [ 92.756248474000074, 12.108249665000073 ], [ 92.762863159000062, 12.15155601500004 ], [ 92.777885437000066, 12.183278084000051 ], [ 92.774559021000073, 12.204916954000055 ], [ 92.786247253000056, 12.237444879000066 ], [ 92.769165039000086, 12.227027894000059 ], [ 92.758781433000081, 12.232417106000071 ], [ 92.749526977000073, 12.246582985000032 ], [ 92.76078033400006, 12.268722534000062 ], [ 92.774169922000056, 12.256194116000074 ], [ 92.781219483000086, 12.274916650000023 ], [ 92.786224366000056, 12.276583673000061 ], [ 92.785804748000032, 12.298694610000041 ], [ 92.775413515000082, 12.296638490000021 ], [ 92.78083038300008, 12.307833671000026 ], [ 92.803337097000053, 12.301194192000025 ], [ 92.81744384700005, 12.308666229000039 ] ] ], [ [ [ 92.862472534000062, 12.407860756000048 ], [ 92.88327789300007, 12.404527664000057 ], [ 92.888305664000086, 12.397832872000038 ], [ 92.900390625000057, 12.404083253000067 ], [ 92.903724671000077, 12.397417068000038 ], [ 92.892059326000037, 12.379916191000063 ], [ 92.892471314000034, 12.37030601500004 ], [ 92.886611938000044, 12.383694650000052 ], [ 92.882888794000053, 12.375778198000035 ], [ 92.872474670000031, 12.377027511000051 ], [ 92.869552612000064, 12.386610986000051 ], [ 92.857475281000063, 12.392000198000062 ], [ 92.85291290300006, 12.399944305000076 ], [ 92.862472534000062, 12.407860756000048 ] ] ], [ [ [ 92.970390320000035, 12.412416458000052 ], [ 92.963302612000064, 12.402028084000051 ], [ 92.952919007000048, 12.397444725000071 ], [ 92.950416565000069, 12.375778198000035 ], [ 92.941635132000044, 12.354472160000057 ], [ 92.927474975000052, 12.360333444000048 ], [ 92.92874908400006, 12.377388954000025 ], [ 92.937919617000034, 12.384111405000056 ], [ 92.932052614000042, 12.393250465000051 ], [ 92.939529419000053, 12.413222313000063 ], [ 92.953247070000032, 12.418694497000047 ], [ 92.95747375500008, 12.412027359000035 ], [ 92.957054138000046, 12.424083710000048 ], [ 92.967475891000049, 12.43280601500004 ], [ 92.970390320000035, 12.412416458000052 ] ] ], [ [ [ 92.72491455100004, 12.825388910000072 ], [ 92.724502563000044, 12.768250465000051 ], [ 92.736999512000068, 12.753277780000076 ], [ 92.735778808000077, 12.740361214000075 ], [ 92.730331421000074, 12.751610757000037 ], [ 92.726997375000053, 12.747416498000064 ], [ 92.729530335000049, 12.728305818000024 ], [ 92.733695984000065, 12.724971771000071 ], [ 92.731582642000035, 12.715360643000054 ], [ 92.720359802000075, 12.719083786000056 ], [ 92.721191406000059, 12.750805854000077 ], [ 92.715332031000059, 12.774110794000023 ], [ 92.70447540300006, 12.791610718000072 ], [ 92.716972351000038, 12.81658363300005 ], [ 92.716194152000071, 12.824110986000051 ], [ 92.72491455100004, 12.825388910000072 ] ] ], [ [ [ 92.739913940000065, 12.861166954000055 ], [ 92.73286438000008, 12.836583137000048 ], [ 92.721580505000077, 12.828722 ], [ 92.717002869000055, 12.839111328000058 ], [ 92.723251343000072, 12.844499589000065 ], [ 92.726997375000053, 12.859944344000041 ], [ 92.739913940000065, 12.861166954000055 ] ] ], [ [ [ 92.909500122000054, 12.910778046000075 ], [ 92.91241455100004, 12.913722039000049 ], [ 92.918220520000034, 12.906194687000038 ], [ 92.930335998000032, 12.909138681000059 ], [ 92.919525146000069, 12.897417068000038 ], [ 92.914497375000053, 12.882416726000031 ], [ 92.937026978000063, 12.884083748000023 ], [ 92.937026978000063, 12.859916687000066 ], [ 92.949501038000051, 12.853249551000033 ], [ 92.947052002000078, 12.835749627000041 ], [ 92.957054138000046, 12.835749627000041 ], [ 92.954528808000077, 12.820750236000038 ], [ 92.96286010700004, 12.807444572000065 ], [ 92.963668823000035, 12.790778161000048 ], [ 92.941192627000078, 12.773278236000067 ], [ 92.947418213000049, 12.767000198000062 ], [ 92.958694458000082, 12.767472268000063 ], [ 92.956192016000045, 12.759944916000052 ], [ 92.969528199000081, 12.751638413000023 ], [ 92.969528199000081, 12.74324989400003 ], [ 92.977836609000065, 12.736639023000066 ], [ 92.973693848000039, 12.720805169000073 ], [ 92.991165161000083, 12.708277704000068 ], [ 92.989944458000082, 12.703694345000031 ], [ 92.980751037000061, 12.706999780000046 ], [ 92.975387573000035, 12.70161151800005 ], [ 92.97702789300007, 12.67158317600007 ], [ 92.97116851800007, 12.662444114000039 ], [ 92.967857361000085, 12.622416496000028 ], [ 92.955802917000085, 12.622027397000068 ], [ 92.948722839000084, 12.615750314000024 ], [ 92.949974060000045, 12.612833024000054 ], [ 92.959945679000043, 12.618694305000076 ], [ 92.967857361000085, 12.612444879000066 ], [ 92.965385437000066, 12.599111557000072 ], [ 92.989524841000048, 12.534916878000047 ], [ 92.987030029000039, 12.519916536000039 ], [ 92.976219177000075, 12.500749589000065 ], [ 92.978721619000055, 12.488277435000043 ], [ 92.975418091000051, 12.481555938000042 ], [ 92.968276977000073, 12.479499818000022 ], [ 92.958274843000083, 12.493694307000055 ], [ 92.955360412000061, 12.480750085000068 ], [ 92.941223144000048, 12.476555825000048 ], [ 92.94327545200008, 12.464500427000075 ], [ 92.93244171200007, 12.463694573000055 ], [ 92.94080352800006, 12.460361482000053 ], [ 92.953308105000076, 12.461972238000044 ], [ 92.963302612000064, 12.471166610000068 ], [ 92.970390320000035, 12.468250275000059 ], [ 92.967918396000073, 12.457444192000025 ], [ 92.953308105000076, 12.458666801000049 ], [ 92.947052002000078, 12.44405555700007 ], [ 92.929557801000044, 12.437472344000071 ], [ 92.934555054000043, 12.43327808500004 ], [ 92.932891846000075, 12.422416687000066 ], [ 92.92622375500008, 12.416610719000062 ], [ 92.922470093000072, 12.402028084000051 ], [ 92.91705322200005, 12.404944420000049 ], [ 92.917861938000044, 12.419083595000075 ], [ 92.89785766600005, 12.44077777800004 ], [ 92.910362244000055, 12.45158291000007 ], [ 92.909553527000071, 12.457444192000025 ], [ 92.891670227000077, 12.441971779000028 ], [ 92.872024536000083, 12.455750465000051 ], [ 92.87244415300006, 12.462027551000062 ], [ 92.864082336000081, 12.459472658000038 ], [ 92.850418091000051, 12.469916343000023 ], [ 92.882446289000086, 12.438638688000026 ], [ 92.896636963000049, 12.432861329000048 ], [ 92.907058715000062, 12.419083595000075 ], [ 92.907470703000058, 12.412805558000059 ], [ 92.895774842000037, 12.419528007000054 ], [ 92.888305664000086, 12.41033363300005 ], [ 92.87830352800006, 12.423666954000055 ], [ 92.85827636700003, 12.419528007000054 ], [ 92.818275451000034, 12.437000275000059 ], [ 92.811225891000049, 12.43575000900006 ], [ 92.815361023000037, 12.45158291000007 ], [ 92.809913635000044, 12.457027435000043 ], [ 92.813720703000058, 12.449916839000025 ], [ 92.808723450000059, 12.43327808500004 ], [ 92.840385437000066, 12.423305511000024 ], [ 92.839584350000052, 12.414111139000056 ], [ 92.851219177000075, 12.400722503000054 ], [ 92.842857361000085, 12.398249627000041 ], [ 92.858749390000071, 12.385749817000033 ], [ 92.869552612000064, 12.367444040000066 ], [ 92.866249085000049, 12.361583710000048 ], [ 92.879135132000044, 12.357000351000067 ], [ 92.881614685000045, 12.350333215000035 ], [ 92.88913726800007, 12.354527475000054 ], [ 92.899559021000073, 12.345749855000065 ], [ 92.902473450000059, 12.335361481000064 ], [ 92.891670227000077, 12.337861061000069 ], [ 92.884941101000038, 12.331138611000029 ], [ 92.875419617000034, 12.33161068000004 ], [ 92.884140015000071, 12.327027322000049 ], [ 92.894943238000053, 12.329500198000062 ], [ 92.897026062000066, 12.320750236000038 ], [ 92.889167785000041, 12.314499855000065 ], [ 92.861663818000068, 12.312027931000046 ], [ 92.855003357000044, 12.303694725000071 ], [ 92.834968567000033, 12.302000046000046 ], [ 92.81580352800006, 12.31372261000007 ], [ 92.800003052000079, 12.306194305000076 ], [ 92.78083038300008, 12.315361024000026 ], [ 92.76997375500008, 12.297027588000049 ], [ 92.768280029000039, 12.304555893000042 ], [ 92.764556884000058, 12.294888496000056 ], [ 92.746612549000076, 12.296138763000044 ], [ 92.74411010700004, 12.306138992000058 ], [ 92.737442016000045, 12.300333023000064 ], [ 92.71869659400005, 12.307416916000022 ], [ 92.717056274000072, 12.319889070000045 ], [ 92.706253052000079, 12.327388765000023 ], [ 92.71369171200007, 12.387472153000033 ], [ 92.707054138000046, 12.387472153000033 ], [ 92.71035766600005, 12.410778046000075 ], [ 92.707054138000046, 12.41830539800003 ], [ 92.712829590000069, 12.430777550000073 ], [ 92.708747864000031, 12.439944268000033 ], [ 92.715385437000066, 12.452416420000077 ], [ 92.709587097000053, 12.469916343000023 ], [ 92.717857360000039, 12.491582870000059 ], [ 92.701164245000086, 12.518278122000027 ], [ 92.716194152000071, 12.557444574000044 ], [ 92.710388183000077, 12.589083671000026 ], [ 92.715332031000059, 12.597472191000065 ], [ 92.694946290000075, 12.601972580000051 ], [ 92.693695068000068, 12.612444879000066 ], [ 92.696609498000043, 12.617028238000046 ], [ 92.704109192000033, 12.608722687000068 ], [ 92.719108582000047, 12.61366653400006 ], [ 92.725364685000045, 12.626583099000072 ], [ 92.724113465000073, 12.642833710000048 ], [ 92.730331421000074, 12.636583328000029 ], [ 92.732444763000046, 12.622860910000043 ], [ 92.736167908000084, 12.63327789300007 ], [ 92.744529724000074, 12.638278007000054 ], [ 92.742889404000039, 12.654916764000063 ], [ 92.759109497000054, 12.666999817000033 ], [ 92.783691406000059, 12.665749550000044 ], [ 92.791610717000083, 12.632861139000056 ], [ 92.796165466000048, 12.700778009000032 ], [ 92.792831421000074, 12.701582908000034 ], [ 92.792861939000034, 12.688278199000024 ], [ 92.779945374000079, 12.671194076000063 ], [ 92.742858887000068, 12.66911125300004 ], [ 92.743667603000063, 12.685750007000024 ], [ 92.737861635000058, 12.696611406000045 ], [ 92.749496460000046, 12.696611406000045 ], [ 92.746170044000053, 12.714138986000023 ], [ 92.752052307000042, 12.722444534000033 ], [ 92.744499207000047, 12.729971886000044 ], [ 92.73200225800008, 12.779916763000074 ], [ 92.731163025000058, 12.786639215000037 ], [ 92.742858887000068, 12.792444230000058 ], [ 92.732025147000058, 12.793250084000022 ], [ 92.730308534000073, 12.822472572000038 ], [ 92.742889404000039, 12.829944612000077 ], [ 92.749107361000085, 12.809499742000071 ], [ 92.748664856000062, 12.832471849000058 ], [ 92.753250122000054, 12.82116699200003 ], [ 92.754524231000062, 12.834944725000071 ], [ 92.76078033400006, 12.842027664000057 ], [ 92.770774841000048, 12.834500314000024 ], [ 92.778221131000066, 12.842027664000057 ], [ 92.782028198000035, 12.826582909000024 ], [ 92.788253784000062, 12.824527740000065 ], [ 92.803276062000066, 12.887888910000072 ], [ 92.826583862000064, 12.894555092000076 ], [ 92.844085694000057, 12.884528160000059 ], [ 92.856613159000062, 12.891194343000052 ], [ 92.856140136000079, 12.877388954000025 ], [ 92.869079590000069, 12.875333787000045 ], [ 92.88363647400007, 12.88327789300007 ], [ 92.884941101000038, 12.892000198000062 ], [ 92.894058228000063, 12.89033317600007 ], [ 92.903663635000044, 12.894944192000025 ], [ 92.907386780000081, 12.92369461100003 ], [ 92.909500122000054, 12.910778046000075 ] ] ], [ [ [ 92.70700073200004, 12.991611480000074 ], [ 92.725334167000085, 12.976638794000053 ], [ 92.721168519000059, 12.942472458000054 ], [ 92.724472046000074, 12.916639328000031 ], [ 92.735336304000043, 12.898278238000046 ], [ 92.734497070000032, 12.889139177000061 ], [ 92.72988891600005, 12.877027511000051 ], [ 92.721168519000059, 12.877416611000058 ], [ 92.730308534000073, 12.867416383000034 ], [ 92.708694458000082, 12.844083786000056 ], [ 92.70700073200004, 12.830778122000027 ], [ 92.69830322200005, 12.824500085000068 ], [ 92.689109802000075, 12.826999666000063 ], [ 92.685363769000048, 12.823277473000076 ], [ 92.685722351000038, 12.817889213000058 ], [ 92.695358276000036, 12.819083214000045 ], [ 92.696975708000082, 12.806583406000073 ], [ 92.685333252000078, 12.800777437000022 ], [ 92.681137085000046, 12.779972076000035 ], [ 92.677474976000042, 12.77869415300006 ], [ 92.67324829100005, 12.787027359000035 ], [ 92.667861938000044, 12.787416458000052 ], [ 92.673637391000057, 12.792416574000072 ], [ 92.675331116000052, 12.805805206000059 ], [ 92.662002564000034, 12.834972381000057 ], [ 92.657890320000035, 12.857472421000068 ], [ 92.677864075000059, 12.881610870000031 ], [ 92.677001953000058, 12.924166680000042 ], [ 92.685333252000078, 12.939944269000023 ], [ 92.676139831000057, 12.943277359000035 ], [ 92.677001953000058, 12.963250161000076 ], [ 92.698219299000073, 12.990388870000061 ], [ 92.70700073200004, 12.991611480000074 ] ] ], [ [ [ 93.017112732000044, 12.987500192000027 ], [ 92.992858887000068, 12.962416649000033 ], [ 92.997833252000078, 12.950778007000054 ], [ 92.991165161000083, 12.94077777800004 ], [ 92.991165161000083, 12.927389146000053 ], [ 92.988304138000046, 12.925333024000054 ], [ 92.984085083000082, 12.93372249600003 ], [ 92.97953033400006, 12.933250428000065 ], [ 92.980751037000061, 12.937055589000067 ], [ 92.961608887000068, 12.934527397000068 ], [ 92.970726013000046, 12.944499971000027 ], [ 92.982025146000069, 12.943249703000049 ], [ 92.981163025000058, 12.951639177000061 ], [ 92.974945068000068, 12.949500084000022 ], [ 92.964530945000035, 12.958222389000071 ], [ 92.965751648000037, 12.963694572000065 ], [ 92.975364685000045, 12.962416649000033 ], [ 92.971611023000037, 12.970360757000037 ], [ 92.96282958900008, 12.973278047000065 ], [ 92.972419738000042, 12.986194612000077 ], [ 92.982025146000069, 12.979083062000029 ], [ 92.982025146000069, 12.968277931000046 ], [ 92.986579895000034, 12.967027664000057 ], [ 92.99491882500007, 12.989527703000022 ], [ 93.005859375000057, 12.987055778000069 ], [ 93.01663970900006, 12.993721962000052 ], [ 93.017112732000044, 12.987500192000027 ] ] ], [ [ [ 92.929557801000044, 13.022472383000036 ], [ 92.950386047000052, 13.020805360000054 ], [ 92.954559326000037, 13.012499810000065 ], [ 92.95075225800008, 12.993721962000052 ], [ 92.928665161000083, 12.999111176000042 ], [ 92.92622375500008, 13.010805131000041 ], [ 92.929557801000044, 13.022472383000036 ] ] ], [ [ [ 92.702445984000065, 13.106249810000065 ], [ 92.732475281000063, 13.096249582000041 ], [ 92.734580994000055, 13.090000152000073 ], [ 92.724586486000078, 13.067472459000044 ], [ 92.716697693000071, 13.061249734000057 ], [ 92.697914123000032, 13.085000039000022 ], [ 92.702445984000065, 13.106249810000065 ] ] ], [ [ [ 94.287109375000057, 13.446639061000042 ], [ 94.302947998000036, 13.446666719000063 ], [ 94.305389405000085, 13.433333397000069 ], [ 94.30039215100004, 13.417444229000068 ], [ 94.290802002000078, 13.41205596900005 ], [ 94.277053833000082, 13.419972419000032 ], [ 94.277030945000035, 13.426638604000061 ], [ 94.287109375000057, 13.446639061000042 ] ] ], [ [ [ 93.04872131500008, 13.54583358800005 ], [ 93.05374908400006, 13.513333322000051 ], [ 93.05039215100004, 13.479166985000063 ], [ 93.044998169000053, 13.480360986000051 ], [ 93.047943115000066, 13.474971771000071 ], [ 93.040832519000048, 13.459527969000021 ], [ 93.028747559000067, 13.457471847000022 ], [ 93.041252136000082, 13.452472687000068 ], [ 93.042053223000039, 13.430832864000024 ], [ 93.015419006000059, 13.427499771000043 ], [ 93.020835877000081, 13.420361519000039 ], [ 93.024581909000062, 13.42083358900004 ], [ 93.021224976000042, 13.423305511000024 ], [ 93.024169923000045, 13.426221848000068 ], [ 93.040000915000064, 13.423694612000077 ], [ 93.053306580000083, 13.402055742000073 ], [ 93.060836792000032, 13.402055742000073 ], [ 93.070442200000059, 13.412500382000076 ], [ 93.067916870000033, 13.395000459000073 ], [ 93.079582214000084, 13.39916706200006 ], [ 93.074996948000035, 13.39124965700006 ], [ 93.060417175000055, 13.385805131000041 ], [ 93.059585571000071, 13.375805855000067 ], [ 93.077857971000071, 13.34497261000007 ], [ 93.086669921000066, 13.343694687000038 ], [ 93.088302612000064, 13.336250305000021 ], [ 93.096221924000076, 13.335833549000029 ], [ 93.096275329000036, 13.327500343000054 ], [ 93.082916260000047, 13.318333626000026 ], [ 93.078330994000055, 13.305417061000071 ], [ 93.071640014000081, 13.305417061000071 ], [ 93.06830596900005, 13.324583053000026 ], [ 93.055000306000068, 13.316222191000065 ], [ 93.047920227000077, 13.318277360000025 ], [ 93.053718567000033, 13.340833664000058 ], [ 93.051666260000047, 13.350444793000065 ], [ 93.042503357000044, 13.340389251000033 ], [ 93.012496948000035, 13.347916603000044 ], [ 93.002891540000064, 13.339138984000044 ], [ 92.996635437000066, 13.324583053000026 ], [ 92.978691101000038, 13.341694831000041 ], [ 92.978691101000038, 13.35499954200003 ], [ 92.974136353000063, 13.359582902000056 ], [ 92.973724365000066, 13.353278161000048 ], [ 92.962890626000046, 13.342472078000071 ], [ 92.965385437000066, 13.329972268000063 ], [ 92.972503662000065, 13.322916984000074 ], [ 92.985809326000037, 13.322916984000074 ], [ 93.006225586000085, 13.309166909000055 ], [ 93.002525330000083, 13.298749924000049 ], [ 92.993721009000069, 13.296667100000036 ], [ 92.997055053000054, 13.288332939000043 ], [ 93.006225586000085, 13.284166336000055 ], [ 93.001220703000058, 13.292444229000068 ], [ 93.018363952000072, 13.316222191000065 ], [ 93.016250610000043, 13.298305511000024 ], [ 93.01911163300008, 13.295361520000029 ], [ 93.021697998000036, 13.298749924000049 ], [ 93.027915955000083, 13.291639328000031 ], [ 93.017890932000057, 13.277444841000033 ], [ 93.020805359000065, 13.272916795000071 ], [ 93.026664734000065, 13.272055626000054 ], [ 93.031669616000045, 13.278721811000025 ], [ 93.039970398000037, 13.272055626000054 ], [ 93.045776368000077, 13.277055740000037 ], [ 93.054580688000044, 13.274167061000071 ], [ 93.04877471900005, 13.266666412000063 ], [ 93.054168702000084, 13.255389213000058 ], [ 93.072914123000032, 13.263333320000072 ], [ 93.065361023000037, 13.250805855000067 ], [ 93.064582825000059, 13.228305818000024 ], [ 93.049583435000045, 13.217499733000068 ], [ 93.055442810000045, 13.203332902000056 ], [ 93.043724060000045, 13.185805321000032 ], [ 93.042892456000061, 13.173360824000042 ], [ 93.048751831000061, 13.169166565000069 ], [ 93.044586181000057, 13.160833359000037 ], [ 93.048751831000061, 13.129138946000069 ], [ 93.041252136000082, 13.125805855000067 ], [ 93.040359497000054, 13.119138718000045 ], [ 93.046218872000054, 13.082444191000036 ], [ 93.044166565000069, 13.074527742000043 ], [ 93.037086487000067, 13.074999809000076 ], [ 93.033752442000036, 13.069138527000064 ], [ 93.041252136000082, 13.05747223000003 ], [ 93.030807495000033, 13.044555665000075 ], [ 93.022918701000037, 13.04330539700004 ], [ 93.022918701000037, 13.031639099000074 ], [ 93.014999390000071, 13.023722649000035 ], [ 93.007080078000058, 13.027500152000073 ], [ 93.005859375000057, 13.033694267000044 ], [ 93.002052307000042, 13.024971962000052 ], [ 92.994140625000057, 13.021222116000047 ], [ 92.976608276000036, 13.031277657000032 ], [ 92.975387573000035, 13.024138451000056 ], [ 92.982086182000046, 13.010833741000056 ], [ 92.969947815000069, 13.007027626000024 ], [ 92.960418701000037, 13.022472383000036 ], [ 92.943725586000085, 13.034999847000051 ], [ 92.94541931200007, 13.052499771000043 ], [ 92.953720093000072, 13.0625 ], [ 92.94541931200007, 13.058305740000037 ], [ 92.942054748000032, 13.075833322000051 ], [ 92.949554443000068, 13.095805168000027 ], [ 92.944580078000058, 13.094139099000074 ], [ 92.945388794000053, 13.087471963000041 ], [ 92.937919617000034, 13.078277588000049 ], [ 92.940025329000036, 13.050389291000045 ], [ 92.928306579000036, 13.053722381000057 ], [ 92.922920227000077, 13.065028190000021 ], [ 92.912086487000067, 13.073333742000045 ], [ 92.910362244000055, 13.083333017000029 ], [ 92.898307800000055, 13.084527969000021 ], [ 92.896667480000076, 13.088722229000041 ], [ 92.894554138000046, 13.082471847000022 ], [ 92.904167176000044, 13.082055092000076 ], [ 92.906219483000086, 13.069999696000025 ], [ 92.919586182000046, 13.063305856000056 ], [ 92.92038726800007, 13.056638717000055 ], [ 92.903305054000043, 13.051221849000058 ], [ 92.894973754000034, 13.037917137000022 ], [ 92.887084961000085, 13.040833473000077 ], [ 92.895805359000065, 13.033721925000066 ], [ 92.908332825000059, 13.047916412000063 ], [ 92.921218872000054, 13.041639329000077 ], [ 92.916252136000082, 13.022472383000036 ], [ 92.911224365000066, 13.019139290000055 ], [ 92.914443970000036, 12.996582986000021 ], [ 92.921997071000078, 12.995778083000062 ], [ 92.924942017000035, 12.984527588000049 ], [ 92.939109802000075, 12.987000465000051 ], [ 92.938636780000081, 12.979083062000029 ], [ 92.944503784000062, 12.977472306000038 ], [ 92.947029114000031, 12.966610908000064 ], [ 92.936607360000039, 12.95202732100006 ], [ 92.92910766600005, 12.958694459000071 ], [ 92.919914245000086, 12.944555283000057 ], [ 92.914947510000047, 12.944555283000057 ], [ 92.914527894000059, 12.979110719000062 ], [ 92.906135559000063, 12.990777971000057 ], [ 92.890335083000082, 12.969111444000077 ], [ 92.889472961000081, 12.95494461100003 ], [ 92.88366699200003, 12.949083329000075 ], [ 92.887832642000035, 12.937417032000042 ], [ 92.874084473000039, 12.930360794000023 ], [ 92.864891052000075, 12.937861442000042 ], [ 92.86872100800008, 12.906639100000064 ], [ 92.882835388000046, 12.904916763000074 ], [ 92.876640320000035, 12.881194114000039 ], [ 92.86074829100005, 12.880332948000046 ], [ 92.862808227000073, 12.889916420000077 ], [ 92.857414245000086, 12.895305635000057 ], [ 92.843246460000046, 12.889499665000073 ], [ 92.82575225800008, 12.898694038000031 ], [ 92.811584473000039, 12.896139145000063 ], [ 92.803665161000083, 12.913249969000049 ], [ 92.807052612000064, 12.943277359000035 ], [ 92.797836304000043, 12.957471848000068 ], [ 92.799057007000044, 12.96619415400005 ], [ 92.806968689000087, 12.966610908000064 ], [ 92.799530029000039, 12.974111557000072 ], [ 92.808219910000048, 12.989527703000022 ], [ 92.81491851800007, 12.981194496000057 ], [ 92.826553345000036, 12.982861519000039 ], [ 92.837081910000052, 13.009166719000063 ], [ 92.830001831000061, 13.007888795000042 ], [ 92.827468872000054, 13.002111436000064 ], [ 92.80744171200007, 13.002888679000023 ], [ 92.794555664000086, 13.013333321000061 ], [ 92.800003052000079, 13.027055742000073 ], [ 92.80708313000008, 13.028333665000048 ], [ 92.80039215100004, 13.044166566000058 ], [ 92.805419922000056, 13.068277359000035 ], [ 92.798721313000044, 13.088333130000024 ], [ 92.808746338000049, 13.085805893000042 ], [ 92.811607361000085, 13.071222305000049 ], [ 92.822441101000038, 13.072083473000077 ], [ 92.819168092000041, 13.077888488000042 ], [ 92.814140320000035, 13.076222421000068 ], [ 92.813720703000058, 13.093333246000043 ], [ 92.822502136000082, 13.100388528000053 ], [ 92.827468872000054, 13.091221809000047 ], [ 92.832916260000047, 13.111666679000052 ], [ 92.822502136000082, 13.109582901000067 ], [ 92.817024231000062, 13.122500421000041 ], [ 92.833305359000065, 13.132055283000057 ], [ 92.838302612000064, 13.123722078000071 ], [ 92.842445374000079, 13.127055168000027 ], [ 92.849998475000064, 13.120388984000044 ], [ 92.851249695000035, 13.128333092000048 ], [ 92.845443726000042, 13.132499696000025 ], [ 92.857025147000058, 13.13500022900007 ], [ 92.849998475000064, 13.140444755000033 ], [ 92.827499389000081, 13.138750076000065 ], [ 92.817474365000066, 13.144555091000029 ], [ 92.817085266000049, 13.151666642000066 ], [ 92.822441101000038, 13.170389177000061 ], [ 92.841247558000077, 13.167471887000033 ], [ 92.839141845000086, 13.174528122000027 ], [ 92.826248169000053, 13.17833328200004 ], [ 92.832107544000053, 13.186638832000028 ], [ 92.827857972000061, 13.19577789300007 ], [ 92.839584350000052, 13.214166641000077 ], [ 92.830390930000078, 13.214166641000077 ], [ 92.835418702000084, 13.218305589000067 ], [ 92.835418702000084, 13.233333587000061 ], [ 92.847473145000038, 13.241222383000036 ], [ 92.855804444000057, 13.234555244000035 ], [ 92.862083435000045, 13.235833168000056 ], [ 92.860832214000084, 13.252943992000041 ], [ 92.851692200000059, 13.255389213000058 ], [ 92.847473145000038, 13.252055168000027 ], [ 92.842086792000032, 13.262444496000057 ], [ 92.829582215000073, 13.266638756000077 ], [ 92.83249664300007, 13.287083626000026 ], [ 92.844169617000034, 13.281222343000024 ], [ 92.842941284000062, 13.291666985000063 ], [ 92.84955596900005, 13.297472001000074 ], [ 92.848724365000066, 13.302472114000068 ], [ 92.839164734000065, 13.299611091000031 ], [ 92.829559326000037, 13.308333396000023 ], [ 92.834587098000043, 13.311666489000061 ], [ 92.83288574200003, 13.325833320000072 ], [ 92.842918396000073, 13.336638452000045 ], [ 92.842056275000061, 13.363333702000034 ], [ 92.847915649000072, 13.372471809000047 ], [ 92.85788726800007, 13.371666910000044 ], [ 92.859947205000083, 13.357889175000025 ], [ 92.86289215100004, 13.374138832000028 ], [ 92.886276245000033, 13.385805131000041 ], [ 92.873306274000072, 13.38786125300004 ], [ 92.86374664300007, 13.38247203800006 ], [ 92.864585877000081, 13.386666298000023 ], [ 92.852081299000076, 13.388333320000072 ], [ 92.852081299000076, 13.399971962000052 ], [ 92.856636048000041, 13.408721924000076 ], [ 92.876640320000035, 13.399582863000035 ], [ 92.878753662000065, 13.40419483200003 ], [ 92.874526978000063, 13.405777931000046 ], [ 92.878334046000077, 13.409583091000059 ], [ 92.886253357000044, 13.403333665000048 ], [ 92.877861023000037, 13.41830539700004 ], [ 92.891639710000049, 13.423722268000063 ], [ 92.893692016000045, 13.429166794000025 ], [ 92.889999389000081, 13.437889099000074 ], [ 92.882080078000058, 13.438305856000056 ], [ 92.882888794000053, 13.459138870000061 ], [ 92.877914429000043, 13.46166706200006 ], [ 92.878723144000048, 13.466666222000072 ], [ 92.907470703000058, 13.476249694000046 ], [ 92.909973145000038, 13.496250154000052 ], [ 92.937919617000034, 13.494111061000069 ], [ 92.932052614000042, 13.504972459000044 ], [ 92.918724060000045, 13.504166603000044 ], [ 92.924110413000051, 13.513750078000044 ], [ 92.927474975000052, 13.511221885000054 ], [ 92.941253662000065, 13.520833017000029 ], [ 92.925834656000063, 13.521222115000057 ], [ 92.929168701000037, 13.532083511000053 ], [ 92.954971313000044, 13.53122234500006 ], [ 92.963302612000064, 13.537888528000053 ], [ 92.976692200000059, 13.539610864000053 ], [ 92.982498169000053, 13.529555322000022 ], [ 92.997474671000077, 13.527889252000023 ], [ 92.992889405000085, 13.552472116000047 ], [ 92.998748779000039, 13.565777780000076 ], [ 93.002525330000083, 13.567889213000058 ], [ 93.015388489000031, 13.560832977000075 ], [ 93.022468567000033, 13.54125023000006 ], [ 93.027885437000066, 13.565805436000062 ], [ 93.03669738800005, 13.57455539800003 ], [ 93.04872131500008, 13.54583358800005 ] ] ], [ [ [ 93.029197693000071, 13.669583321000061 ], [ 93.033775329000036, 13.666639328000031 ], [ 93.043746948000035, 13.629138946000069 ], [ 93.039970398000037, 13.622083665000048 ], [ 93.03083038300008, 13.62622261000007 ], [ 93.023307800000055, 13.642916679000052 ], [ 92.995834351000042, 13.637916566000058 ], [ 92.990417480000076, 13.650028230000032 ], [ 92.994163513000046, 13.660416603000044 ], [ 93.015808105000076, 13.665389061000042 ], [ 93.01914215100004, 13.659583093000037 ], [ 93.029197693000071, 13.669583321000061 ] ] ], [ [ [ 88.18775514500004, 21.577346739000063 ], [ 88.197558524000044, 21.574491386000034 ], [ 88.187850323000077, 21.568114431000026 ], [ 88.176428911000073, 21.572778174000064 ], [ 88.170147134000047, 21.591052435000051 ], [ 88.177761409000084, 21.599713673000053 ], [ 88.185280506000083, 21.593431896000027 ], [ 88.18775514500004, 21.577346739000063 ] ] ], [ [ [ 88.534999576000075, 21.571865471000024 ], [ 88.529994693000049, 21.550226601000077 ], [ 88.50906004400008, 21.547457432000044 ], [ 88.509656305000078, 21.557693232000076 ], [ 88.502440587000081, 21.549596215000065 ], [ 88.481664926000064, 21.559082993000061 ], [ 88.484966007000082, 21.583504112000071 ], [ 88.491664615000047, 21.596004875000062 ], [ 88.497229406000031, 21.599747830000069 ], [ 88.532054630000061, 21.581392677000053 ], [ 88.534999576000075, 21.571865471000024 ] ] ], [ [ [ 88.834331297000062, 21.60648567000004 ], [ 88.87489336200008, 21.59226906400005 ], [ 88.892561942000043, 21.579405697000027 ], [ 88.899548735000053, 21.565724771000077 ], [ 88.884039710000081, 21.55737375800004 ], [ 88.840196890000072, 21.564631186000042 ], [ 88.831149959000072, 21.577058289000036 ], [ 88.834331297000062, 21.60648567000004 ] ] ], [ [ [ 88.540331906000063, 21.635389328000031 ], [ 88.58821968400008, 21.606694080000068 ], [ 88.588939808000077, 21.611996555000076 ], [ 88.589884823000034, 21.601667404000068 ], [ 88.578988902000049, 21.580048910000073 ], [ 88.544684464000056, 21.568526809000048 ], [ 88.538218563000044, 21.587472916000024 ], [ 88.511558422000064, 21.599034191000044 ], [ 88.511165623000068, 21.60518804000003 ], [ 88.524912899000071, 21.623332977000075 ], [ 88.52154833600008, 21.63080596900005 ], [ 88.524104183000077, 21.652471542000058 ], [ 88.540331906000063, 21.635389328000031 ] ] ], [ [ [ 88.300316143000032, 21.704961569000034 ], [ 88.330178638000064, 21.704820040000072 ], [ 88.344541149000065, 21.691685924000069 ], [ 88.349568030000057, 21.674532961000068 ], [ 88.343340780000062, 21.664909029000057 ], [ 88.353314953000051, 21.651269206000052 ], [ 88.342491609000035, 21.624431904000062 ], [ 88.31748731600004, 21.606242427000041 ], [ 88.307065563000037, 21.613381633000074 ], [ 88.307065563000037, 21.633353481000029 ], [ 88.316175061000081, 21.665047893000065 ], [ 88.312070446000064, 21.685853252000072 ], [ 88.300316143000032, 21.704961569000034 ] ] ], [ [ [ 88.70381020700006, 21.684407700000065 ], [ 88.74994659400005, 21.65041732800006 ], [ 88.76881084200005, 21.654640588000063 ], [ 88.774002268000061, 21.646121121000078 ], [ 88.769960907000041, 21.630806489000065 ], [ 88.774214971000049, 21.617193483000051 ], [ 88.789742306000051, 21.602942368000072 ], [ 88.788466087000074, 21.59911371000004 ], [ 88.793738215000076, 21.601237560000072 ], [ 88.795272590000081, 21.597888947000058 ], [ 88.791018525000084, 21.584437188000038 ], [ 88.757836824000037, 21.580608530000063 ], [ 88.749115992000043, 21.587202330000025 ], [ 88.75188113300004, 21.596135865000065 ], [ 88.745925443000033, 21.58422448500005 ], [ 88.731036218000042, 21.576141762000077 ], [ 88.709754120000071, 21.591259765000075 ], [ 88.720826464000083, 21.639101914000037 ], [ 88.708724976000042, 21.659973145000038 ], [ 88.712081909000062, 21.663333893000072 ], [ 88.703330994000055, 21.665416718000074 ], [ 88.689563478000082, 21.682918817000029 ], [ 88.697107849000076, 21.710561343000052 ], [ 88.70381020700006, 21.684407700000065 ] ] ], [ [ [ 88.20163726800007, 21.672916412000063 ], [ 88.22705841100003, 21.668306351000069 ], [ 88.23291778600003, 21.64163970900006 ], [ 88.211196899000072, 21.620000839000056 ], [ 88.21333313000008, 21.595388412000034 ], [ 88.202056885000047, 21.606637955000053 ], [ 88.180419922000056, 21.689167023000039 ], [ 88.187889099000074, 21.70999908400006 ], [ 88.205001831000061, 21.723749161000057 ], [ 88.216224670000031, 21.699138641000047 ], [ 88.19916534400005, 21.692888260000075 ], [ 88.196250916000054, 21.68166732800006 ], [ 88.20163726800007, 21.672916412000063 ] ] ], [ [ [ 88.558877251000069, 21.729892035000034 ], [ 88.569763285000079, 21.732568929000024 ], [ 88.586624646000075, 21.71042791800005 ], [ 88.58578863300005, 21.702569401000062 ], [ 88.59247673200008, 21.692035644000043 ], [ 88.602676084000052, 21.684177128000044 ], [ 88.602843287000042, 21.674646586000051 ], [ 88.592128261000084, 21.660098158000039 ], [ 88.586741908000079, 21.660515868000061 ], [ 88.594211086000087, 21.654625975000044 ], [ 88.602676084000052, 21.623148221000065 ], [ 88.596489592000069, 21.619971374000045 ], [ 88.55702980600006, 21.635186800000042 ], [ 88.553798183000083, 21.642737471000032 ], [ 88.551295741000047, 21.638403975000074 ], [ 88.544322417000046, 21.638698052000052 ], [ 88.528377040000066, 21.658820235000064 ], [ 88.534457470000063, 21.670132119000073 ], [ 88.517785465000031, 21.711636245000022 ], [ 88.528741377000074, 21.719255845000077 ], [ 88.541293605000078, 21.736765944000069 ], [ 88.553750864000051, 21.73580264800006 ], [ 88.558877251000069, 21.729892035000034 ] ] ], [ [ [ 88.544858486000066, 21.811844189000055 ], [ 88.564443142000073, 21.800594647000025 ], [ 88.571080715000051, 21.789732296000068 ], [ 88.561988756000062, 21.762790532000054 ], [ 88.571857211000065, 21.743240812000067 ], [ 88.571331541000063, 21.735009414000046 ], [ 88.559484014000077, 21.730391722000036 ], [ 88.552335293000056, 21.73767693700006 ], [ 88.539830715000051, 21.73767693700006 ], [ 88.522722775000034, 21.719358063000072 ], [ 88.508611233000067, 21.74053796000004 ], [ 88.503606350000041, 21.761400540000068 ], [ 88.513608486000066, 21.766428311000027 ], [ 88.503583462000051, 21.76473267800003 ], [ 88.504920513000059, 21.772259820000045 ], [ 88.529027493000058, 21.803510983000024 ], [ 88.544858486000066, 21.811844189000055 ] ] ], [ [ [ 88.590802893000046, 21.852289618000043 ], [ 88.605939082000077, 21.834688810000046 ], [ 88.617664771000079, 21.82872728500007 ], [ 88.607067240000049, 21.814732671000058 ], [ 88.612851577000072, 21.798719513000037 ], [ 88.590898152000079, 21.797841991000041 ], [ 88.577077612000039, 21.816067161000035 ], [ 88.584769675000075, 21.845775673000048 ], [ 88.590802893000046, 21.852289618000043 ] ] ], [ [ [ 88.169555664000086, 21.803361893000044 ], [ 88.172080993000066, 21.735805513000059 ], [ 88.155418396000073, 21.695833206000032 ], [ 88.155357361000085, 21.68166732800006 ], [ 88.147468567000033, 21.67788887100005 ], [ 88.127861023000037, 21.679971695000063 ], [ 88.132499695000035, 21.676250459000073 ], [ 88.154975892000039, 21.67788887100005 ], [ 88.157081604000041, 21.674139023000066 ], [ 88.158721924000076, 21.64749908400006 ], [ 88.154998779000039, 21.649610521000056 ], [ 88.155418396000073, 21.642499925000038 ], [ 88.148719787000061, 21.634166719000063 ], [ 88.134109497000054, 21.624555587000032 ], [ 88.110000611000032, 21.622888565000039 ], [ 88.086669922000056, 21.630388260000075 ], [ 88.090774536000083, 21.637887955000053 ], [ 88.072502136000082, 21.63122177300005 ], [ 88.051666260000047, 21.640361787000074 ], [ 88.042083741000056, 21.649999620000074 ], [ 88.038696289000086, 21.665000917000043 ], [ 88.040802003000067, 21.667917252000052 ], [ 88.042053223000039, 21.662445068000068 ], [ 88.044525146000069, 21.666694641000049 ], [ 88.043724060000045, 21.680000305000078 ], [ 88.059585571000071, 21.709943771000042 ], [ 88.052085876000035, 21.715000154000052 ], [ 88.062889099000074, 21.731666565000069 ], [ 88.060386657000038, 21.735834123000075 ], [ 88.068336487000067, 21.737888336000026 ], [ 88.07702636700003, 21.752527238000027 ], [ 88.079559328000073, 21.776666641000077 ], [ 88.090415955000083, 21.784166336000055 ], [ 88.086196900000061, 21.785833359000037 ], [ 88.087913513000046, 21.794944763000046 ], [ 88.106224060000045, 21.834999086000039 ], [ 88.12458038300008, 21.864973070000076 ], [ 88.136642456000061, 21.875389099000074 ], [ 88.17624664300007, 21.809999466000022 ], [ 88.169555664000086, 21.803361893000044 ] ] ], [ [ [ 88.635072386000047, 21.917562348000047 ], [ 88.667401453000082, 21.912650896000059 ], [ 88.652185118000034, 21.872146470000075 ], [ 88.640931761000047, 21.871728761000043 ], [ 88.653057242000045, 21.867899753000074 ], [ 88.642714621000039, 21.788631523000049 ], [ 88.63674891200003, 21.786186503000067 ], [ 88.620072996000033, 21.796756608000067 ], [ 88.612542784000084, 21.816728455000032 ], [ 88.620935118000034, 21.830867631000046 ], [ 88.609208738000063, 21.836784226000077 ], [ 88.608438169000067, 21.84503541600003 ], [ 88.59507147000005, 21.852561814000069 ], [ 88.59507147000005, 21.85842309700007 ], [ 88.618852293000032, 21.895534379000026 ], [ 88.624681150000072, 21.896339280000063 ], [ 88.62882391100004, 21.887174470000048 ], [ 88.623407041000064, 21.901729447000037 ], [ 88.635072386000047, 21.917562348000047 ] ] ], [ [ [ 88.654033431000073, 22.019128971000043 ], [ 88.677372800000057, 22.017050467000047 ], [ 88.699445149000042, 22.004227483000022 ], [ 88.715106006000042, 22.000548758000036 ], [ 88.701414678000049, 21.98763929100005 ], [ 88.692994187000068, 21.969503056000065 ], [ 88.687042591000079, 21.978371303000074 ], [ 88.684835356000065, 21.975113004000036 ], [ 88.693769402000044, 21.964707468000029 ], [ 88.686201740000058, 21.955458102000023 ], [ 88.674429820000057, 21.951989590000039 ], [ 88.685781314000053, 21.952935548000028 ], [ 88.679264716000034, 21.944316822000076 ], [ 88.655720877000078, 21.955458102000023 ], [ 88.634594486000083, 21.951989590000039 ], [ 88.629382908000082, 21.959014341000056 ], [ 88.639159091000067, 22.003939096000067 ], [ 88.654033431000073, 22.019128971000043 ] ] ], [ [ [ 88.070239482000034, 21.921723912000061 ], [ 88.048824333000084, 21.91601320500007 ], [ 88.059293961000037, 21.969313132000025 ], [ 88.080233218000046, 22.009288077000065 ], [ 88.143302917000085, 22.027860641000075 ], [ 88.143669128000056, 22.021610260000045 ], [ 88.133057253000061, 22.012619322000035 ], [ 88.085660775000065, 21.937753396000062 ], [ 88.070239482000034, 21.921723912000061 ] ] ], [ [ [ 68.192916870000033, 23.774194719000036 ], [ 68.165584385000045, 23.731860935000043 ], [ 68.162385990000075, 23.745675435000066 ], [ 68.16438293200008, 23.763148679000039 ], [ 68.16837681700008, 23.770637212000054 ], [ 68.194836301000066, 23.787611221000077 ], [ 68.192916870000033, 23.774194719000036 ] ] ], [ [ [ 68.327718120000043, 23.933271961000059 ], [ 68.315404039000043, 23.93392000800003 ], [ 68.314977038000052, 23.936482013000045 ], [ 68.324637543000051, 23.940377297000055 ], [ 68.327718120000043, 23.933271961000059 ] ] ] ] } }
]
}
