latitude,longitude,bright_ti4,scan,track,acq_date,acq_time,satellite,instrument,confidence,version,bright_ti5,frp,daynight,firms_source,baseline_frp,historical_detections,nearest_historical_distance_km,frp_change_percent,persistence_status,is_current,dist_to_industry_km,nearest_industrial_facility,near_industry,dist_to_mining_km,near_mining,dist_to_gas_infrastructure_km,near_gas_infra,land_cover_context,land_cover_code,baseline_available,frp_anomaly_score,frp_ratio,high_frp,strong_anomaly,persistent_heat,new_event,confidence_score,is_night,brightness_diff,classification,risk_score,risk_category,ai_classification,ai_confidence,prob_agricultural_burning,prob_forest___wildfire,prob_gas_flare,prob_industrial_fire,prob_mining_activity,prob_normal_persistent_source,prob_other_thermal_event,secondary_class,prediction_margin,is_uncertain,uncertainty_flag,Nearest Industrial Facility,Distance to Industry (km),final_risk_score,final_risk_category
21.10322,72.63692,337.13,0.39,0.36,2026-09-24,826,N21,VIIRS,n,2.0NRT,296.52,26.55,D,VIIRS_NOAA21_NRT,4.8750967741935485,155,0.0036172383023057,444.6045736064793,Abnormal Increase,1,0.12,Hazira Industrial Complex SURAT,1,378.53,0,0.21,1,Industrial,0,1,444.6045736064793,4.52,1,1,1,0,70.0,0,40.610000000000014,Gas Flare,75,HIGH,Gas Flare,99.95,0.0,0.0,99.95,0.0,0.0,0.0,0.05,Other Thermal Event,99.89,False,Confident Assessment,Hazira Industrial Complex SURAT,0.12,80.0,HIGH
27.87736,96.90147,334.61,0.4,0.37,2026-09-26,646,N,VIIRS,n,2.0NRT,305.51,52.61,D,VIIRS_SNPP_NRT,6.616666666666667,3,0.2891261165415315,695.1133501259445,Abnormal Increase,1,131.8,Unnamed Industrial Feature,0,1141.4,0,136.92,0,Forest / Woodland,2,1,500.0,6.91,1,1,1,0,70.0,0,29.100000000000023,Forest / Wildfire,70,HIGH,Forest / Wildfire,68.59,8.39,68.59,6.35,6.51,0.0,0.0,10.16,Other Thermal Event,58.43,False,Confident Assessment,Unnamed Industrial Feature,131.8,78.0,HIGH
21.10767,72.64611,367.0,0.53,0.67,2026-09-23,922,N,VIIRS,h,2.0NRT,292.69,12.9,D,VIIRS_SNPP_NRT,4.8750967741935485,155,0.0062771977919722,164.61013180879783,Abnormal Increase,1,0.35,ArcelorMittal Nippon Steel India,1,377.78,0,1.06,1,Industrial,0,1,164.61013180879783,2.2,0,1,1,0,95.0,0,74.31,Gas Flare,65,MEDIUM,Gas Flare,99.24,0.0,0.0,99.24,0.31,0.0,0.05,0.4,Other Thermal Event,98.84,False,Confident Assessment,ArcelorMittal Nippon Steel India,0.35,70.0,HIGH
21.10619,72.64642,344.71,0.47,0.4,2026-09-25,807,N21,VIIRS,n,2.0NRT,305.16,23.31,D,VIIRS_NOAA21_NRT,4.8750967741935485,155,0.0093555381398967,378.14435445450215,Abnormal Increase,1,0.49,ArcelorMittal Nippon Steel India,1,377.92,0,0.96,1,Industrial,0,1,378.14435445450215,3.97,1,1,1,0,70.0,0,39.54999999999996,Gas Flare,65,MEDIUM,Gas Flare,100.0,0.0,0.0,100.0,0.0,0.0,0.0,0.0,Normal Persistent Source,100.0,False,Confident Assessment,ArcelorMittal Nippon Steel India,0.49,70.0,HIGH
27.96431,96.95971,332.54,0.55,0.43,2026-09-26,703,N20,VIIRS,n,2.0NRT,296.95,30.92,D,VIIRS_NOAA20_NRT,7.759999999999999,3,0.3201706680495381,298.4536082474228,Abnormal Increase,1,141.61,Unnamed Industrial Feature,0,1150.24,0,146.18,0,Forest / Woodland,2,1,298.4536082474228,3.53,1,1,1,0,70.0,0,35.59000000000003,Forest / Wildfire,60,MEDIUM,Forest / Wildfire,81.76,2.95,81.76,7.15,3.43,0.0,0.0,4.71,Gas Flare,74.61,False,Confident Assessment,Unnamed Industrial Feature,141.61,68.0,MEDIUM
11.65035,79.12324,349.37,0.51,0.41,2026-09-26,746,N21,VIIRS,n,2.0NRT,310.68,25.38,D,VIIRS_NOAA21_NRT,4.74,1,0.5717491752812517,435.44303797468353,Abnormal Increase,1,33.93,Ramco Cements,0,70.97,0,125.85,0,Cropland / Agriculture,3,1,435.44303797468353,4.42,1,1,0,0,70.0,0,38.69,Forest / Wildfire,60,MEDIUM,Forest / Wildfire,64.87,6.89,64.87,7.24,6.79,0.0,0.0,14.22,Other Thermal Event,50.65,False,Confident Assessment,Ramco Cements,33.93,68.0,MEDIUM
21.76,84.02171,338.19,0.55,0.43,2026-09-23,758,N20,VIIRS,n,2.0NRT,292.74,11.6,D,VIIRS_NOAA20_NRT,2.5425,24,0.0171728081587433,356.2438544739429,Abnormal Increase,1,0.27,Bhushan Power & Steel,1,112.88,0,16.2,0,Industrial,0,1,356.2438544739429,3.27,0,1,1,0,70.0,0,45.44999999999999,Industrial Fire,55,MEDIUM,Industrial Fire,75.73,0.0,0.15,2.0,75.73,0.0,16.88,5.23,Normal Persistent Source,58.85,False,Confident Assessment,Bhushan Power & Steel,0.27,67.0,MEDIUM
21.10433,72.64516,349.35,0.46,0.47,2026-09-23,2114,N21,VIIRS,n,2.0NRT,297.07,13.4,N,VIIRS_NOAA21_NRT,4.8750967741935485,155,0.0064783038290938,174.86633846805356,Abnormal Increase,1,0.63,ArcelorMittal Nippon Steel India,1,378.16,0,0.72,1,Industrial,0,1,174.86633846805356,2.28,0,1,1,0,70.0,1,52.28000000000003,Gas Flare,55,MEDIUM,Gas Flare,98.39,0.0,0.0,98.39,0.71,0.0,0.05,0.85,Other Thermal Event,97.54,False,Confident Assessment,ArcelorMittal Nippon Steel India,0.63,60.0,MEDIUM
22.36418,73.11755,344.55,0.47,0.48,2026-09-23,2114,N21,VIIRS,n,2.0NRT,296.51,8.91,N,VIIRS_NOAA21_NRT,2.35,4,0.049013905178237,279.1489361702128,Abnormal Increase,1,1.69,Gujarat Refinery,1,229.96,0,1.69,1,Industrial,0,1,279.1489361702128,2.66,0,1,1,0,70.0,1,48.04000000000002,Gas Flare,55,MEDIUM,Gas Flare,75.79,0.0,0.0,75.79,16.07,0.0,5.26,2.88,Industrial Fire,59.71,False,Confident Assessment,Gujarat Refinery,1.69,60.0,MEDIUM
21.10218,72.63695,344.92,0.43,0.38,2026-09-25,843,N,VIIRS,n,2.0NRT,299.83,13.62,D,VIIRS_SNPP_NRT,4.8750967741935485,155,0.0073250620749346,179.37906939812603,Abnormal Increase,1,0.23,Hazira Industrial Complex SURAT,1,378.64,0,0.32,1,Industrial,0,1,179.37906939812603,2.32,0,1,1,0,70.0,0,45.09000000000003,Gas Flare,55,MEDIUM,Gas Flare,98.04,0.0,0.0,98.04,0.71,0.0,0.05,1.2,Other Thermal Event,96.84,False,Confident Assessment,Hazira Industrial Complex SURAT,0.23,60.0,MEDIUM
27.87408,96.90246,340.75,0.4,0.37,2026-09-26,646,N,VIIRS,n,2.0NRT,305.69,23.33,D,VIIRS_SNPP_NRT,6.616666666666667,3,0.386607613694123,252.5944584382871,Abnormal Increase,1,131.71,Unnamed Industrial Feature,0,1141.36,0,136.87,0,Forest / Woodland,2,1,252.5944584382871,3.06,1,1,1,0,70.0,0,35.06,Forest / Wildfire,50,MEDIUM,Forest / Wildfire,74.79,6.97,74.79,3.79,2.68,0.0,0.0,11.76,Other Thermal Event,63.03,False,Confident Assessment,Unnamed Industrial Feature,131.71,58.0,MEDIUM
21.10728,72.64566,344.76,0.52,0.5,2026-09-24,902,N,VIIRS,n,2.0NRT,278.27,10.58,D,VIIRS_SNPP_NRT,4.8750967741935485,155,0.0063455697623478,117.02133290985124,Abnormal Increase,1,0.35,ArcelorMittal Nippon Steel India,1,377.83,0,1.0,1,Industrial,0,1,117.02133290985124,1.8,0,1,1,0,70.0,0,66.49000000000001,Gas Flare,45,MEDIUM,Gas Flare,99.29,0.0,0.0,99.29,0.7,0.0,0.0,0.01,Industrial Fire,98.59,False,Confident Assessment,ArcelorMittal Nippon Steel India,0.35,50.0,MEDIUM
21.10402,72.63878,341.32,0.47,0.48,2026-09-23,758,N20,VIIRS,n,2.0NRT,296.57,11.77,D,VIIRS_NOAA20_NRT,4.8750967741935485,155,0.0053717763101737,141.43110475887988,Abnormal Increase,1,0.27,Hazira Industrial Complex SURAT,1,378.39,0,0.28,1,Industrial,0,1,141.43110475887988,2.0,0,1,1,0,70.0,0,44.75,Gas Flare,45,MEDIUM,Gas Flare,99.6,0.0,0.0,99.6,0.4,0.0,0.0,0.0,Industrial Fire,99.2,False,Confident Assessment,Hazira Industrial Complex SURAT,0.27,50.0,MEDIUM
21.10679,72.64727,340.31,0.59,0.53,2026-09-26,748,N21,VIIRS,n,2.0NRT,281.18,11.32,D,VIIRS_NOAA21_NRT,4.8750967741935485,155,0.0052597649036055,132.20051876554973,Abnormal Increase,1,0.5,ArcelorMittal Nippon Steel India,1,377.83,0,1.07,1,Industrial,0,1,132.20051876554973,1.93,0,1,1,0,70.0,0,59.13,Gas Flare,45,MEDIUM,Gas Flare,99.6,0.0,0.0,99.6,0.4,0.0,0.0,0.0,Industrial Fire,99.2,False,Confident Assessment,ArcelorMittal Nippon Steel India,0.5,50.0,MEDIUM
21.10512,72.64679,338.88,0.55,0.51,2026-09-26,2019,N21,VIIRS,n,2.0NRT,297.19,10.99,N,VIIRS_NOAA21_NRT,4.8750967741935485,155,0.0072905880591601,125.43142237044096,Abnormal Increase,1,0.62,ArcelorMittal Nippon Steel India,1,378.03,0,0.91,1,Industrial,0,1,125.43142237044096,1.87,0,1,1,0,70.0,1,41.69,Gas Flare,45,MEDIUM,Gas Flare,99.29,0.0,0.0,99.29,0.7,0.0,0.0,0.01,Industrial Fire,98.59,False,Confident Assessment,ArcelorMittal Nippon Steel India,0.62,50.0,MEDIUM
27.87459,96.90467,337.6,0.55,0.42,2026-09-26,703,N20,VIIRS,n,2.0NRT,300.8,20.04,D,VIIRS_NOAA20_NRT,6.0440000000000005,5,0.6036840640795488,231.5684976836532,Abnormal Increase,1,131.93,Unnamed Industrial Feature,0,1141.59,0,137.09,0,Forest / Woodland,2,1,231.5684976836532,2.84,1,1,1,0,70.0,0,36.80000000000001,Forest / Wildfire,40,MEDIUM,Forest / Wildfire,75.88,7.87,75.88,3.39,1.48,0.0,0.0,11.38,Other Thermal Event,64.49,False,Confident Assessment,Unnamed Industrial Feature,131.93,48.0,MEDIUM
22.96784,72.55392,305.93,0.47,0.4,2026-09-25,2036,N21,VIIRS,n,2.0NRT,289.62,0.83,N,VIIRS_NOAA21_NRT,0.4,1,0.1279764374818937,107.49999999999996,Abnormal Increase,1,0.35,Unnamed Industrial Feature,1,195.91,0,53.57,0,Industrial,0,1,107.49999999999996,0.59,0,1,0,0,70.0,1,16.310000000000002,Other Thermal Event,45,MEDIUM,Other Thermal Event,65.02,0.84,0.0,0.73,0.54,2.29,30.59,65.02,Normal Persistent Source,34.43,False,Confident Assessment,Unnamed Industrial Feature,0.35,45.0,MEDIUM
21.10326,72.63518,343.46,0.43,0.46,2026-09-23,843,N21,VIIRS,n,2.0NRT,299.24,9.71,D,VIIRS_NOAA21_NRT,4.870454545454545,154,0.0007956942083972,99.36537564162391,Abnormal Increase,1,0.14,Hazira Industrial Complex SURAT,1,378.58,0,0.23,1,Industrial,0,1,99.36537564162391,1.65,0,0,1,0,70.0,0,44.21999999999997,Gas Flare,35,LOW,Gas Flare,99.3,0.0,0.0,99.3,0.7,0.0,0.0,0.0,Industrial Fire,98.61,False,Confident Assessment,Hazira Industrial Complex SURAT,0.14,40.0,MEDIUM
21.10364,72.64616,312.07,0.44,0.46,2026-09-23,2029,N20,VIIRS,n,2.0NRT,295.86,7.65,N,VIIRS_NOAA20_NRT,4.8750967741935485,155,0.0019486781595128,56.91996188661268,Abnormal Increase,1,0.74,ArcelorMittal Nippon Steel India,1,378.2,0,0.76,1,Industrial,0,1,56.91996188661268,1.3,0,0,1,0,70.0,1,16.20999999999998,Gas Flare,35,LOW,Gas Flare,99.9,0.0,0.0,99.9,0.0,0.0,0.1,0.0,Normal Persistent Source,99.79,False,Confident Assessment,ArcelorMittal Nippon Steel India,0.74,40.0,MEDIUM
21.10195,72.63409,337.04,0.55,0.51,2026-09-24,2131,N,VIIRS,n,2.0NRT,295.58,8.93,N,VIIRS_SNPP_NRT,4.870454545454545,154,0.0052805147211726,83.35044330377976,Abnormal Increase,1,0.26,Essar Steel Hazira,1,378.75,0,0.41,1,Industrial,0,1,83.35044330377976,1.52,0,0,1,0,70.0,1,41.46000000000004,Gas Flare,35,LOW,Gas Flare,100.0,0.0,0.0,100.0,0.0,0.0,0.0,0.0,Normal Persistent Source,100.0,False,Confident Assessment,Essar Steel Hazira,0.26,40.0,MEDIUM
15.16244,76.38383,334.13,0.49,0.49,2026-09-26,841,N20,VIIRS,n,2.0NRT,295.88,8.43,D,VIIRS_NOAA20_NRT,1.3534615384615385,26,0.0805011418329017,522.8473998294971,Abnormal Increase,1,22.28,APMC,0,26.91,0,249.14,0,Forest / Woodland,2,1,500.0,3.58,0,1,1,0,70.0,0,38.25,Other Thermal Event,40,MEDIUM,Other Thermal Event,90.78,0.06,0.15,0.35,7.58,0.92,0.15,90.78,Industrial Fire,83.2,False,Confident Assessment,APMC,22.28,40.0,MEDIUM
12.89057,79.12044,342.29,0.43,0.38,2026-09-26,822,N,VIIRS,n,2.0NRT,301.97,3.42,D,VIIRS_SNPP_NRT,0.7,1,0.2866074245639948,388.57142857142856,Abnormal Increase,1,23.82,SIPCOT Ranipet Industrial Estate,0,114.49,0,126.86,0,Cropland / Agriculture,3,1,388.57142857142856,2.01,0,1,0,0,70.0,0,40.31999999999999,Other Thermal Event,40,MEDIUM,Other Thermal Event,66.34,24.66,2.65,0.05,5.55,0.56,0.19,66.34,Agricultural Burning,41.68,False,Confident Assessment,SIPCOT Ranipet Industrial Estate,23.82,40.0,MEDIUM
21.10445,72.64579,344.67,0.55,0.51,2026-09-24,2131,N,VIIRS,n,2.0NRT,296.21,8.79,N,VIIRS_SNPP_NRT,4.8750967741935485,155,0.0035878907741969,80.30411306971573,Abnormal Increase,1,0.64,ArcelorMittal Nippon Steel India,1,378.13,0,0.78,1,Industrial,0,1,80.30411306971573,1.5,0,0,1,0,70.0,1,48.46000000000004,Gas Flare,35,LOW,Gas Flare,100.0,0.0,0.0,100.0,0.0,0.0,0.0,0.0,Normal Persistent Source,100.0,False,Confident Assessment,ArcelorMittal Nippon Steel India,0.64,40.0,MEDIUM
21.1084,72.64253,339.67,0.44,0.46,2026-09-23,2029,N20,VIIRS,n,2.0NRT,296.11,7.86,N,VIIRS_NOAA20_NRT,4.8750967741935485,155,0.0016034164409051,61.22756868350008,Abnormal Increase,1,0.21,ArcelorMittal Nippon Steel India,1,377.81,0,0.75,1,Industrial,0,1,61.22756868350008,1.34,0,0,1,0,70.0,1,43.56,Gas Flare,35,LOW,Gas Flare,99.9,0.0,0.0,99.9,0.0,0.0,0.1,0.0,Normal Persistent Source,99.79,False,Confident Assessment,ArcelorMittal Nippon Steel India,0.21,40.0,MEDIUM
15.16371,76.38297,333.94,0.38,0.36,2026-09-26,822,N,VIIRS,n,2.0NRT,297.58,6.82,D,VIIRS_SNPP_NRT,1.3534615384615385,26,0.0167393887157231,403.89315146348406,Abnormal Increase,1,22.28,APMC,0,27.08,0,249.22,0,Forest / Woodland,2,1,403.89315146348406,2.9,0,1,1,0,70.0,0,36.360000000000014,Other Thermal Event,40,MEDIUM,Other Thermal Event,94.06,0.55,0.15,0.0,3.35,1.2,0.68,94.06,Industrial Fire,90.7,False,Confident Assessment,APMC,22.28,40.0,MEDIUM
22.04193,83.73155,332.56,0.53,0.42,2026-09-23,758,N20,VIIRS,n,2.0NRT,287.68,7.42,D,VIIRS_NOAA20_NRT,1.550909090909091,11,0.0168478867415004,378.4290738569754,Abnormal Increase,1,16.57,Hemgir Coal Washery,0,107.58,0,34.17,0,Other,4,1,378.4290738569754,2.91,0,1,1,0,70.0,0,44.88,Other Thermal Event,40,MEDIUM,Other Thermal Event,89.8,0.98,1.69,0.0,5.18,1.65,0.69,89.8,Industrial Fire,84.62,False,Confident Assessment,Hemgir Coal Washery,16.57,40.0,MEDIUM
21.10174,72.63547,340.95,0.46,0.47,2026-09-23,2114,N21,VIIRS,n,2.0NRT,296.33,7.99,N,VIIRS_NOAA21_NRT,4.870454545454545,154,0.0093500805901951,64.050396640224,Abnormal Increase,1,0.24,Essar Steel Hazira,1,378.73,0,0.37,1,Industrial,0,1,64.050396640224,1.36,0,0,1,0,70.0,1,44.620000000000005,Gas Flare,35,LOW,Gas Flare,99.97,0.0,0.0,99.97,0.0,0.0,0.03,0.0,Normal Persistent Source,99.93,False,Confident Assessment,Essar Steel Hazira,0.24,40.0,MEDIUM
21.10415,72.64194,311.95,0.44,0.46,2026-09-23,2029,N20,VIIRS,n,2.0NRT,295.69,7.86,N,VIIRS_NOAA20_NRT,4.8750967741935485,155,0.000271700461411,61.22756868350008,Abnormal Increase,1,0.59,ONGC Hazira Gas Processing,1,378.28,0,0.5,1,Industrial,0,1,61.22756868350008,1.34,0,0,1,0,70.0,1,16.25999999999999,Gas Flare,35,LOW,Gas Flare,99.9,0.0,0.0,99.9,0.0,0.0,0.1,0.0,Normal Persistent Source,99.79,False,Confident Assessment,ONGC Hazira Gas Processing,0.59,40.0,MEDIUM
21.10789,72.64676,329.9,0.44,0.46,2026-09-23,2029,N20,VIIRS,n,2.0NRT,299.0,7.65,N,VIIRS_NOAA20_NRT,4.8750967741935485,155,0.0020899684820015,56.91996188661268,Abnormal Increase,1,0.38,ArcelorMittal Nippon Steel India,1,377.73,0,1.12,1,Industrial,0,1,56.91996188661268,1.3,0,0,1,0,70.0,1,30.899999999999977,Gas Flare,35,LOW,Gas Flare,99.9,0.0,0.0,99.9,0.0,0.0,0.1,0.0,Normal Persistent Source,99.79,False,Confident Assessment,ArcelorMittal Nippon Steel India,0.38,40.0,MEDIUM
21.10302,72.63522,337.09,0.57,0.69,2026-09-23,2010,N,VIIRS,n,2.0NRT,290.03,9.64,N,VIIRS_SNPP_NRT,4.870454545454545,154,0.0041626011449241,97.92813812412508,Abnormal Increase,1,0.16,Hazira Industrial Complex SURAT,1,378.61,0,0.25,1,Industrial,0,1,97.92813812412508,1.64,0,0,1,0,70.0,1,47.06,Gas Flare,35,LOW,Gas Flare,99.3,0.0,0.0,99.3,0.7,0.0,0.0,0.0,Industrial Fire,98.61,False,Confident Assessment,Hazira Industrial Complex SURAT,0.16,40.0,MEDIUM
22.36439,73.12109,324.01,0.55,0.68,2026-09-23,2150,N,VIIRS,n,2.0NRT,292.19,4.07,N,VIIRS_SNPP_NRT,2.35,4,0.051048154054322,73.19148936170214,Abnormal Increase,1,1.68,Gujarat Refinery,1,229.83,0,1.68,1,Industrial,0,1,73.19148936170214,1.21,0,0,1,0,70.0,1,31.819999999999997,Gas Flare,35,LOW,Gas Flare,92.91,0.0,0.0,92.91,0.0,0.29,4.17,2.64,Normal Persistent Source,88.74,False,Confident Assessment,Gujarat Refinery,1.68,40.0,MEDIUM
22.0394,83.72916,331.83,0.53,0.42,2026-09-23,758,N20,VIIRS,n,2.0NRT,289.34,7.14,D,VIIRS_NOAA20_NRT,1.5490000000000002,10,0.0681555652708224,360.9425435765009,Abnormal Increase,1,16.28,Hemgir Coal Washery,0,107.21,0,34.27,0,Other,4,1,360.9425435765009,2.8,0,1,1,0,70.0,0,42.49000000000001,Other Thermal Event,40,MEDIUM,Other Thermal Event,91.39,0.98,1.54,0.0,4.17,0.94,0.97,91.39,Industrial Fire,87.22,False,Confident Assessment,Hemgir Coal Washery,16.28,40.0,MEDIUM
21.10316,72.63433,339.89,0.47,0.48,2026-09-23,758,N20,VIIRS,n,2.0NRT,297.53,8.46,D,VIIRS_NOAA20_NRT,4.870454545454545,154,0.0051999615536412,73.7004199720019,Abnormal Increase,1,0.22,Hazira Industrial Complex SURAT,1,378.62,0,0.29,1,Industrial,0,1,73.7004199720019,1.44,0,0,1,0,70.0,0,42.360000000000014,Gas Flare,35,LOW,Gas Flare,99.6,0.0,0.0,99.6,0.0,0.0,0.4,0.0,Normal Persistent Source,99.2,False,Confident Assessment,Hazira Industrial Complex SURAT,0.22,40.0,MEDIUM
21.10473,72.64751,343.56,0.43,0.46,2026-09-23,843,N21,VIIRS,n,2.0NRT,299.7,9.08,D,VIIRS_NOAA21_NRT,4.8750967741935485,155,0.0052840915711401,86.25271293208407,Abnormal Increase,1,0.69,ArcelorMittal Nippon Steel India,1,378.05,0,0.94,1,Industrial,0,1,86.25271293208407,1.55,0,0,1,0,70.0,0,43.860000000000014,Gas Flare,35,LOW,Gas Flare,99.6,0.0,0.0,99.6,0.0,0.0,0.4,0.0,Normal Persistent Source,99.2,False,Confident Assessment,ArcelorMittal Nippon Steel India,0.69,40.0,MEDIUM
18.85814,72.92683,346.9,0.42,0.38,2026-09-25,843,N,VIIRS,n,2.0NRT,299.88,7.12,D,VIIRS_SNPP_NRT,3.46,1,0.0810862799188128,105.78034682080926,Abnormal Increase,1,9.35,ONGC Uran Plant Maharashtra,0,571.2,0,2.8,1,Other,4,1,105.78034682080926,1.6,0,1,0,0,70.0,0,47.01999999999998,Gas Flare,30,LOW,Gas Flare,70.25,19.32,0.76,70.25,0.35,0.0,0.17,9.15,Agricultural Burning,50.93,False,Confident Assessment,ONGC Uran Plant Maharashtra,9.35,35.0,LOW
20.8681,70.56425,309.02,0.44,0.39,2026-09-26,2114,N20,VIIRS,n,2.0NRT,296.42,1.62,N,VIIRS_NOAA20_NRT,1.05,1,0.0572354380267726,54.28571428571429,Abnormal Increase,1,0.61,Gujarat Sidhee Cement,1,275.9,0,178.53,0,Industrial,0,1,54.28571428571429,0.79,0,0,0,0,70.0,1,12.599999999999966,Other Thermal Event,35,LOW,Other Thermal Event,83.22,0.66,0.0,1.86,0.0,1.11,13.16,83.22,Normal Persistent Source,70.05,False,Confident Assessment,Gujarat Sidhee Cement,0.61,35.0,LOW
18.85949,72.92673,344.8,0.42,0.38,2026-09-25,843,N,VIIRS,n,2.0NRT,298.95,9.86,D,VIIRS_SNPP_NRT,3.46,1,0.091729346770381,184.971098265896,Abnormal Increase,1,9.29,ONGC Uran Plant Maharashtra,0,571.34,0,2.67,1,Other,4,1,184.971098265896,2.21,0,1,0,0,70.0,0,45.85000000000002,Gas Flare,30,LOW,Gas Flare,67.48,11.18,0.39,67.48,0.74,0.0,0.17,20.05,Other Thermal Event,47.43,False,Confident Assessment,ONGC Uran Plant Maharashtra,9.29,35.0,LOW
18.8579,72.92867,367.0,0.34,0.56,2026-09-25,902,N20,VIIRS,h,2.0NRT,296.78,6.48,D,VIIRS_NOAA20_NRT,3.46,1,0.112624949704472,87.28323699421966,Abnormal Increase,1,9.2,ONGC Uran Plant Maharashtra,0,571.08,0,2.73,1,Other,4,1,87.28323699421966,1.45,0,0,0,0,95.0,0,70.22000000000003,Gas Flare,30,LOW,Gas Flare,72.17,21.55,1.41,72.17,0.72,0.25,0.17,3.72,Agricultural Burning,50.63,False,Confident Assessment,ONGC Uran Plant Maharashtra,9.2,35.0,LOW
28.05057,96.9763,367.0,0.5,0.49,2026-09-26,608,N21,VIIRS,h,2.0NRT,301.06,18.44,D,VIIRS_NOAA21_NRT,0.0,0,,0.0,New / No Local History,1,148.18,Unnamed Industrial Feature,0,1155.28,0,152.06,0,Forest / Woodland,2,0,0.0,18.44,0,0,0,1,95.0,0,65.94,Forest / Wildfire,25,LOW,Forest / Wildfire,80.77,16.03,80.77,0.61,1.87,0.0,0.0,0.72,Agricultural Burning,64.74,False,Confident Assessment,Unnamed Industrial Feature,148.18,33.0,LOW
24.21687,72.29862,348.44,0.45,0.47,2026-09-23,845,N21,VIIRS,n,2.0NRT,308.0,34.08,D,VIIRS_NOAA21_NRT,0.0,0,,0.0,New / No Local History,1,47.31,GT Agro Industries,0,96.62,0,126.55,0,Other,4,0,0.0,34.08,1,0,0,1,70.0,0,40.44,Forest / Wildfire,25,LOW,Forest / Wildfire,83.3,14.18,83.3,0.61,1.31,0.0,0.0,0.6,Agricultural Burning,69.12,False,Confident Assessment,GT Agro Industries,47.31,33.0,LOW
28.03974,96.48805,338.22,0.41,0.37,2026-09-26,646,N,VIIRS,n,2.0NRT,301.55,35.89,D,VIIRS_SNPP_NRT,0.0,0,,0.0,New / No Local History,1,110.99,Unnamed Industrial Feature,0,1110.5,0,111.88,0,Forest / Woodland,2,0,0.0,35.89,1,0,0,1,70.0,0,36.670000000000016,Forest / Wildfire,25,LOW,Forest / Wildfire,80.98,15.53,80.98,1.01,1.31,0.0,0.0,1.17,Agricultural Burning,65.46,False,Confident Assessment,Unnamed Industrial Feature,110.99,33.0,LOW
27.7288,96.28497,331.04,0.51,0.41,2026-09-26,703,N20,VIIRS,n,2.0NRT,294.71,34.68,D,VIIRS_NOAA20_NRT,0.0,0,,0.0,New / No Local History,1,72.42,Unnamed Industrial Feature,0,1078.92,0,75.32,0,Forest / Woodland,2,0,0.0,34.68,1,0,0,1,70.0,0,36.33000000000004,Forest / Wildfire,25,LOW,Forest / Wildfire,81.11,15.46,81.11,0.61,1.31,0.0,0.0,1.51,Agricultural Burning,65.64,False,Confident Assessment,Unnamed Industrial Feature,72.42,33.0,LOW
24.22035,72.29929,336.74,0.45,0.47,2026-09-23,845,N21,VIIRS,n,2.0NRT,309.02,28.07,D,VIIRS_NOAA21_NRT,0.0,0,,0.0,New / No Local History,1,47.68,GT Agro Industries,0,96.4,0,126.95,0,Other,4,0,0.0,28.07,1,0,0,1,70.0,0,27.720000000000027,Forest / Wildfire,25,LOW,Forest / Wildfire,81.38,16.56,81.38,0.07,1.31,0.0,0.0,0.68,Agricultural Burning,64.83,False,Confident Assessment,GT Agro Industries,47.68,33.0,LOW
21.10598,72.63249,353.9,0.45,0.63,2026-09-24,2010,N20,VIIRS,n,2.0NRT,293.02,5.36,N,VIIRS_NOAA20_NRT,4.892614379084967,153,0.0120409642406011,9.55288082610846,Persistent / Stable,1,0.41,ONGC Hazira Gas Processing,1,378.38,0,0.41,1,Industrial,0,1,9.55288082610846,0.91,0,0,1,0,70.0,1,60.88,Gas Flare,25,LOW,Gas Flare,100.0,0.0,0.0,100.0,0.0,0.0,0.0,0.0,Normal Persistent Source,100.0,False,Confident Assessment,ONGC Hazira Gas Processing,0.41,30.0,LOW
24.82137,73.09346,315.8,0.43,0.38,2026-09-25,2112,N,VIIRS,n,2.0NRT,298.85,2.14,N,VIIRS_SNPP_NRT,0.9616666666666668,6,0.0082565438605282,122.53032928942804,Abnormal Increase,1,46.01,India One,0,84.35,0,211.06,0,Other,4,1,122.53032928942804,1.09,0,1,1,0,70.0,1,16.94999999999999,Other Thermal Event,30,LOW,Other Thermal Event,87.0,8.85,0.38,0.0,0.0,1.67,2.09,87.0,Agricultural Burning,78.15,False,Confident Assessment,India One,46.01,30.0,LOW
21.10517,72.64117,326.59,0.45,0.63,2026-09-24,2010,N20,VIIRS,n,2.0NRT,292.64,6.44,N,VIIRS_NOAA20_NRT,4.8750967741935485,155,0.0207528722677693,32.099941771213814,Persistent / Stable,1,0.51,ONGC Hazira Gas Processing,1,378.19,0,0.51,1,Industrial,0,1,32.099941771213814,1.1,0,0,1,0,70.0,1,33.94999999999999,Gas Flare,25,LOW,Gas Flare,100.0,0.0,0.0,100.0,0.0,0.0,0.0,0.0,Normal Persistent Source,100.0,False,Confident Assessment,ONGC Hazira Gas Processing,0.51,30.0,LOW
21.10558,72.63684,324.14,0.45,0.63,2026-09-24,2010,N20,VIIRS,n,2.0NRT,293.42,6.44,N,VIIRS_NOAA20_NRT,4.8750967741935485,155,0.0058643836821092,32.099941771213814,Persistent / Stable,1,0.09,ONGC Hazira Gas Processing,1,378.28,0,0.09,1,Industrial,0,1,32.099941771213814,1.1,0,0,1,0,70.0,1,30.71999999999997,Gas Flare,25,LOW,Gas Flare,100.0,0.0,0.0,100.0,0.0,0.0,0.0,0.0,Normal Persistent Source,100.0,False,Confident Assessment,ONGC Hazira Gas Processing,0.09,30.0,LOW
27.32366,95.27543,318.86,0.42,0.38,2026-09-24,1910,N21,VIIRS,n,2.0NRT,292.53,5.51,N,VIIRS_NOAA21_NRT,2.098095238095238,21,0.0179492054374162,162.6191556967771,Abnormal Increase,1,4.97,Unnamed Industrial Feature,0,969.76,0,34.76,0,Other,4,1,162.6191556967771,1.78,0,1,1,0,70.0,1,26.33000000000004,Other Thermal Event,30,LOW,Other Thermal Event,87.22,1.23,1.1,1.02,1.77,3.17,4.48,87.22,Normal Persistent Source,82.74,False,Confident Assessment,Unnamed Industrial Feature,4.97,30.0,LOW
21.10432,72.64445,335.33,0.39,0.37,2026-09-24,826,N21,VIIRS,n,2.0NRT,297.61,5.68,D,VIIRS_NOAA21_NRT,4.8750967741935485,155,0.0098955900035934,16.510507649145087,Persistent / Stable,1,0.62,ArcelorMittal Nippon Steel India,1,378.18,0,0.67,1,Industrial,0,1,16.510507649145087,0.97,0,0,1,0,70.0,0,37.71999999999997,Gas Flare,25,LOW,Gas Flare,100.0,0.0,0.0,100.0,0.0,0.0,0.0,0.0,Normal Persistent Source,100.0,False,Confident Assessment,ArcelorMittal Nippon Steel India,0.62,30.0,LOW
21.1082,72.64767,335.4,0.39,0.37,2026-09-24,826,N21,VIIRS,n,2.0NRT,300.11,5.68,D,VIIRS_NOAA21_NRT,4.8750967741935485,155,0.007417503246804,16.510507649145087,Persistent / Stable,1,0.45,ArcelorMittal Nippon Steel India,1,377.67,0,1.21,1,Industrial,0,1,16.510507649145087,0.97,0,0,1,0,70.0,0,35.289999999999964,Gas Flare,25,LOW,Gas Flare,100.0,0.0,0.0,100.0,0.0,0.0,0.0,0.0,Normal Persistent Source,100.0,False,Confident Assessment,ArcelorMittal Nippon Steel India,0.45,30.0,LOW
21.11178,72.63314,312.71,0.45,0.63,2026-09-24,2010,N20,VIIRS,n,2.0NRT,294.26,5.36,N,VIIRS_NOAA20_NRT,4.892614379084967,153,0.0344214463014587,9.55288082610846,Persistent / Stable,1,0.82,ONGC Hazira Gas Processing,1,377.74,0,0.82,1,Industrial,0,1,9.55288082610846,0.91,0,0,1,0,70.0,1,18.44999999999999,Gas Flare,25,LOW,Gas Flare,99.6,0.0,0.0,99.6,0.0,0.0,0.4,0.0,Normal Persistent Source,99.2,False,Confident Assessment,ONGC Hazira Gas Processing,0.82,30.0,LOW
21.1029,72.63873,333.08,0.42,0.37,2026-09-26,824,N,VIIRS,n,2.0NRT,287.95,5.1,D,VIIRS_SNPP_NRT,4.8750967741935485,155,0.0104027583335953,4.613307924408439,Persistent / Stable,1,0.29,Hazira Industrial Complex SURAT,1,378.51,0,0.34,1,Industrial,0,1,4.613307924408439,0.87,0,0,1,0,70.0,0,45.13,Gas Flare,25,LOW,Gas Flare,100.0,0.0,0.0,100.0,0.0,0.0,0.0,0.0,Normal Persistent Source,100.0,False,Confident Assessment,Hazira Industrial Complex SURAT,0.29,30.0,LOW
21.10267,72.63477,338.82,0.57,0.69,2026-09-23,2010,N,VIIRS,n,2.0NRT,289.86,5.29,N,VIIRS_SNPP_NRT,4.870454545454545,154,0.0036676742510958,8.614092393840417,Persistent / Stable,1,0.22,Hazira Industrial Complex SURAT,1,378.66,0,0.3,1,Industrial,0,1,8.614092393840417,0.9,0,0,1,0,70.0,1,48.95999999999998,Gas Flare,25,LOW,Gas Flare,100.0,0.0,0.0,100.0,0.0,0.0,0.0,0.0,Normal Persistent Source,100.0,False,Confident Assessment,Hazira Industrial Complex SURAT,0.22,30.0,LOW
23.25508,70.26201,330.16,0.47,0.4,2026-09-23,2114,N21,VIIRS,n,2.0NRT,298.35,3.13,N,VIIRS_NOAA21_NRT,0.9633333333333334,3,0.0511534878702248,224.91349480968856,Abnormal Increase,1,11.17,Unnamed Industrial Feature,0,53.66,0,89.06,0,Other,4,1,224.91349480968856,1.59,0,1,1,0,70.0,1,31.81,Other Thermal Event,30,LOW,Other Thermal Event,56.97,31.79,1.84,0.0,1.82,3.17,4.42,56.97,Agricultural Burning,25.19,True,Low Confidence (57.0%),Unnamed Industrial Feature,11.17,30.0,LOW
21.10826,72.64685,312.44,0.57,0.69,2026-09-23,2010,N,VIIRS,n,2.0NRT,290.66,4.92,N,VIIRS_SNPP_NRT,4.8750967741935485,155,0.0087249043376768,0.9210735270763822,Persistent / Stable,1,0.37,ArcelorMittal Nippon Steel India,1,377.69,0,1.15,1,Industrial,0,1,0.9210735270763822,0.84,0,0,1,0,70.0,1,21.779999999999973,Gas Flare,25,LOW,Gas Flare,99.93,0.0,0.0,99.93,0.0,0.0,0.07,0.0,Normal Persistent Source,99.86,False,Confident Assessment,ArcelorMittal Nippon Steel India,0.37,30.0,LOW
21.10421,72.64667,332.45,0.42,0.37,2026-09-26,824,N,VIIRS,n,2.0NRT,288.16,5.53,D,VIIRS_SNPP_NRT,4.8750967741935485,155,0.0043313671026102,13.433645651368378,Persistent / Stable,1,0.7,ArcelorMittal Nippon Steel India,1,378.13,0,0.84,1,Industrial,0,1,13.433645651368378,0.94,0,0,1,0,70.0,0,44.28999999999997,Gas Flare,25,LOW,Gas Flare,100.0,0.0,0.0,100.0,0.0,0.0,0.0,0.0,Normal Persistent Source,100.0,False,Confident Assessment,ArcelorMittal Nippon Steel India,0.7,30.0,LOW
15.18148,76.66534,329.72,0.42,0.38,2026-09-26,2017,N21,VIIRS,n,2.0NRT,295.08,7.96,N,VIIRS_NOAA21_NRT,2.4463876651982392,227,0.0090777805418467,225.3777033475589,Abnormal Increase,1,21.67,Food Corporation of India,0,23.63,0,267.08,0,Forest / Woodland,2,1,225.3777033475589,2.31,0,1,1,0,70.0,1,34.64000000000004,Other Thermal Event,30,LOW,Other Thermal Event,94.68,0.13,1.8,0.0,0.72,1.99,0.68,94.68,Mining Activity,92.69,False,Confident Assessment,Food Corporation of India,21.67,30.0,LOW
24.76546,74.60892,308.73,0.56,0.43,2026-09-23,2027,N20,VIIRS,n,2.0NRT,296.15,2.38,N,VIIRS_NOAA20_NRT,1.0876923076923075,13,0.0144092538930455,118.81188118811885,Abnormal Increase,1,41.14,Unnamed Industrial Feature,0,98.66,0,305.71,0,Cropland / Agriculture,3,1,118.81188118811885,1.14,0,1,1,0,70.0,1,12.58000000000004,Other Thermal Event,30,LOW,Other Thermal Event,90.9,6.43,0.38,0.33,0.0,0.82,1.14,90.9,Agricultural Burning,84.47,False,Confident Assessment,Unnamed Industrial Feature,41.14,30.0,LOW
21.10871,72.64114,313.28,0.57,0.69,2026-09-23,2010,N,VIIRS,n,2.0NRT,290.47,5.29,N,VIIRS_SNPP_NRT,4.8750967741935485,155,0.0246985706336502,8.510666454925625,Persistent / Stable,1,0.3,ArcelorMittal Nippon Steel India,1,377.82,0,0.65,1,Industrial,0,1,8.510666454925625,0.9,0,0,1,0,70.0,1,22.809999999999945,Gas Flare,25,LOW,Gas Flare,100.0,0.0,0.0,100.0,0.0,0.0,0.0,0.0,Normal Persistent Source,100.0,False,Confident Assessment,ArcelorMittal Nippon Steel India,0.3,30.0,LOW
15.18379,76.67366,315.74,0.42,0.38,2026-09-26,2017,N21,VIIRS,n,2.0NRT,294.29,5.93,N,VIIRS_NOAA21_NRT,2.468115942028985,207,0.01360275987967,140.26423957721664,Abnormal Increase,1,20.8,Food Corporation of India,0,24.28,0,267.8,0,Forest / Woodland,2,1,140.26423957721664,1.71,0,1,1,0,70.0,1,21.44999999999999,Other Thermal Event,30,LOW,Other Thermal Event,97.18,0.74,0.0,0.0,0.0,1.04,1.04,97.18,Mining Activity,96.13,False,Confident Assessment,Food Corporation of India,20.8,30.0,LOW
23.40779,72.41864,306.86,0.39,0.36,2026-09-24,2053,N21,VIIRS,n,2.0NRT,295.84,2.32,N,VIIRS_NOAA21_NRT,0.72,1,0.2949069494518535,222.22222222222223,Abnormal Increase,1,4.68,Nirma ltd,0,170.92,0,50.69,0,Other,4,1,222.22222222222223,1.35,0,1,0,0,70.0,1,11.02000000000004,Other Thermal Event,30,LOW,Other Thermal Event,50.4,39.3,1.0,0.0,3.61,2.85,2.84,50.4,Agricultural Burning,11.1,True,Ambiguous (Other Thermal Event vs Agricultural Burning),Nirma ltd,4.68,30.0,LOW
21.10763,72.64603,341.69,0.42,0.37,2026-09-26,824,N,VIIRS,n,2.0NRT,287.13,5.53,D,VIIRS_SNPP_NRT,4.8750967741935485,155,0.0064439732725435,13.433645651368378,Persistent / Stable,1,0.34,ArcelorMittal Nippon Steel India,1,377.78,0,1.05,1,Industrial,0,1,13.433645651368378,0.94,0,0,1,0,70.0,0,54.56,Gas Flare,25,LOW,Gas Flare,100.0,0.0,0.0,100.0,0.0,0.0,0.0,0.0,Normal Persistent Source,100.0,False,Confident Assessment,ArcelorMittal Nippon Steel India,0.34,30.0,LOW
21.10574,72.64767,344.02,0.47,0.48,2026-09-23,758,N20,VIIRS,n,2.0NRT,298.18,6.6,D,VIIRS_NOAA20_NRT,4.8750967741935485,155,0.0079598369387758,35.38192790217563,Persistent / Stable,1,0.61,ArcelorMittal Nippon Steel India,1,377.93,0,1.02,1,Industrial,0,1,35.38192790217563,1.12,0,0,1,0,70.0,0,45.839999999999975,Gas Flare,25,LOW,Gas Flare,100.0,0.0,0.0,100.0,0.0,0.0,0.0,0.0,Normal Persistent Source,100.0,False,Confident Assessment,ArcelorMittal Nippon Steel India,0.61,30.0,LOW
21.10461,72.63748,334.96,0.47,0.4,2026-09-25,807,N21,VIIRS,n,2.0NRT,301.99,5.38,D,VIIRS_NOAA21_NRT,4.8750967741935485,155,0.0137454010311304,10.356783653591654,Persistent / Stable,1,0.13,ONGC Hazira Gas Processing,1,378.37,0,0.13,1,Industrial,0,1,10.356783653591654,0.92,0,0,1,0,70.0,0,32.96999999999997,Gas Flare,25,LOW,Gas Flare,100.0,0.0,0.0,100.0,0.0,0.0,0.0,0.0,Normal Persistent Source,100.0,False,Confident Assessment,ONGC Hazira Gas Processing,0.13,30.0,LOW
21.10739,72.64888,331.22,0.43,0.38,2026-09-25,843,N,VIIRS,n,2.0NRT,301.17,5.85,D,VIIRS_SNPP_NRT,4.8750967741935485,155,0.0125470421838576,19.99761791329204,Persistent / Stable,1,0.6,ArcelorMittal Nippon Steel India,1,377.72,0,1.23,1,Industrial,0,1,19.99761791329204,1.0,0,0,1,0,70.0,0,30.05000000000001,Gas Flare,25,LOW,Gas Flare,100.0,0.0,0.0,100.0,0.0,0.0,0.0,0.0,Normal Persistent Source,100.0,False,Confident Assessment,ArcelorMittal Nippon Steel India,0.6,30.0,LOW
21.10682,72.64472,340.35,0.43,0.38,2026-09-25,843,N,VIIRS,n,2.0NRT,300.65,5.22,D,VIIRS_SNPP_NRT,4.8750967741935485,155,0.0037506355706664,7.074797522629817,Persistent / Stable,1,0.35,ArcelorMittal Nippon Steel India,1,377.91,0,0.9,1,Industrial,0,1,7.074797522629817,0.89,0,0,1,0,70.0,0,39.700000000000045,Gas Flare,25,LOW,Gas Flare,100.0,0.0,0.0,100.0,0.0,0.0,0.0,0.0,Normal Persistent Source,100.0,False,Confident Assessment,ArcelorMittal Nippon Steel India,0.35,30.0,LOW
21.10332,72.64526,337.71,0.43,0.38,2026-09-25,843,N,VIIRS,n,2.0NRT,299.43,5.22,D,VIIRS_SNPP_NRT,4.8750967741935485,155,0.0010591113538853,7.074797522629817,Persistent / Stable,1,0.74,ArcelorMittal Nippon Steel India,1,378.26,0,0.66,1,Industrial,0,1,7.074797522629817,0.89,0,0,1,0,70.0,0,38.27999999999997,Gas Flare,25,LOW,Gas Flare,100.0,0.0,0.0,100.0,0.0,0.0,0.0,0.0,Normal Persistent Source,100.0,False,Confident Assessment,ArcelorMittal Nippon Steel India,0.74,30.0,LOW
8.70809,78.06082,348.23,0.38,0.36,2026-09-26,822,N,VIIRS,n,2.0NRT,306.85,9.22,D,VIIRS_SNPP_NRT,2.818,5,0.227113787067031,227.1823988644429,Abnormal Increase,1,15.19,SPIC Tuticorin Fertilizers,0,129.69,0,163.32,0,Other,4,1,227.1823988644429,2.41,0,1,1,0,70.0,0,41.38,Other Thermal Event,30,LOW,Other Thermal Event,66.9,26.44,1.38,0.0,3.41,0.95,0.92,66.9,Agricultural Burning,40.45,False,Confident Assessment,SPIC Tuticorin Fertilizers,15.19,30.0,LOW
28.73252,76.92909,331.28,0.49,0.4,2026-09-26,826,N,VIIRS,n,2.0NRT,299.81,3.84,D,VIIRS_SNPP_NRT,1.8533333333333333,6,0.1028442460809323,107.19424460431657,Abnormal Increase,1,3.84,Unnamed Industrial Feature,0,39.13,0,73.28,0,Cropland / Agriculture,3,1,107.19424460431657,1.35,0,1,1,0,70.0,0,31.46999999999997,Other Thermal Event,30,LOW,Other Thermal Event,87.02,4.83,0.37,0.0,0.0,1.02,6.75,87.02,Normal Persistent Source,80.28,False,Confident Assessment,Unnamed Industrial Feature,3.84,30.0,LOW
15.48053,79.82989,336.67,0.49,0.4,2026-09-26,822,N,VIIRS,n,2.0NRT,302.57,3.2,D,VIIRS_SNPP_NRT,0.97,1,0.6208678468988265,229.89690721649487,Abnormal Increase,1,30.57,kummitha's farm,0,257.23,0,250.42,0,Cropland / Agriculture,3,1,229.89690721649487,1.62,0,1,0,0,70.0,0,34.10000000000002,Other Thermal Event,30,LOW,Other Thermal Event,57.48,35.01,1.18,0.0,3.65,1.25,1.42,57.48,Agricultural Burning,22.47,True,Low Confidence (57.5%),kummitha's farm,30.57,30.0,LOW
22.0388,83.72911,328.5,0.45,0.39,2026-09-26,2017,N21,VIIRS,n,2.0NRT,294.53,3.47,N,VIIRS_NOAA21_NRT,1.5490000000000002,10,0.0631014355535688,124.01549386701096,Abnormal Increase,1,16.21,Hemgir Coal Washery,0,107.15,0,34.25,0,Other,4,1,124.01549386701096,1.36,0,1,1,0,70.0,1,33.97000000000003,Other Thermal Event,30,LOW,Other Thermal Event,93.54,2.62,0.4,0.28,0.0,0.83,2.34,93.54,Agricultural Burning,90.91,False,Confident Assessment,Hemgir Coal Washery,16.21,30.0,LOW
21.10101,72.63819,334.78,0.47,0.4,2026-09-25,807,N21,VIIRS,n,2.0NRT,302.27,5.5,D,VIIRS_NOAA21_NRT,4.8750967741935485,155,0.0125073303324221,12.81827325181303,Persistent / Stable,1,0.38,Essar Steel Hazira,1,378.73,0,0.22,1,Industrial,0,1,12.81827325181303,0.94,0,0,1,0,70.0,0,32.50999999999999,Gas Flare,25,LOW,Gas Flare,100.0,0.0,0.0,100.0,0.0,0.0,0.0,0.0,Normal Persistent Source,100.0,False,Confident Assessment,Essar Steel Hazira,0.38,30.0,LOW
22.93247,69.69941,341.66,0.47,0.48,2026-09-25,905,N20,VIIRS,n,2.0NRT,308.89,4.91,D,VIIRS_NOAA20_NRT,2.3864,25,0.0072622872459038,105.74924572577942,Abnormal Increase,1,10.64,Mundra Port Industrial SEZ,0,33.1,0,54.8,0,Other,4,1,105.74924572577942,1.45,0,1,1,0,70.0,0,32.77000000000004,Other Thermal Event,30,LOW,Other Thermal Event,95.65,1.2,0.75,0.0,0.0,0.71,1.68,95.65,Normal Persistent Source,93.97,False,Confident Assessment,Mundra Port Industrial SEZ,10.64,30.0,LOW
9.48945,78.58305,338.52,0.58,0.52,2026-09-26,839,N20,VIIRS,n,2.0NRT,306.39,8.26,D,VIIRS_NOAA20_NRT,2.85,1,0.5483670952492168,189.8245614035088,Abnormal Increase,1,70.79,Tourist bus parking,0,155.53,0,198.15,0,Other,4,1,189.8245614035088,2.15,0,1,0,0,70.0,0,32.129999999999995,Other Thermal Event,30,LOW,Other Thermal Event,60.36,31.99,1.78,0.0,4.17,1.39,0.31,60.36,Agricultural Burning,28.37,False,Confident Assessment,Tourist bus parking,70.79,30.0,LOW
15.16958,76.38083,314.93,0.43,0.38,2026-09-26,2017,N21,VIIRS,n,2.0NRT,294.0,2.7,N,VIIRS_NOAA21_NRT,1.3303571428571428,28,0.0086066788576473,102.9530201342282,Abnormal Increase,1,22.49,APMC,0,27.7,0,249.68,0,Forest / Woodland,2,1,102.9530201342282,1.16,0,1,1,0,70.0,1,20.930000000000007,Other Thermal Event,30,LOW,Other Thermal Event,97.76,1.25,0.0,0.0,0.0,0.49,0.5,97.76,Agricultural Burning,96.51,False,Confident Assessment,APMC,22.49,30.0,LOW
12.74497,77.61557,308.45,0.71,0.75,2026-09-26,1934,N20,VIIRS,n,2.0NRT,285.16,2.8,N,VIIRS_NOAA20_NRT,1.1433333333333335,6,0.2353666872995574,144.8979591836734,Abnormal Increase,1,4.21,Jigani Industrial Estate,0,26.73,0,36.38,0,Cropland / Agriculture,3,1,144.8979591836734,1.31,0,1,1,0,70.0,1,23.289999999999964,Other Thermal Event,30,LOW,Other Thermal Event,85.12,3.45,0.0,0.33,0.38,4.77,5.95,85.12,Normal Persistent Source,79.17,False,Confident Assessment,Jigani Industrial Estate,4.21,30.0,LOW
22.3666,73.11555,306.54,0.54,0.5,2026-09-26,2017,N21,VIIRS,n,2.0NRT,295.3,3.13,N,VIIRS_NOAA21_NRT,2.35,4,0.2083759538033105,33.19148936170212,Persistent / Stable,1,1.45,Gujarat Refinery,1,229.76,0,1.45,1,Industrial,0,1,33.19148936170212,0.93,0,0,1,0,70.0,1,11.240000000000007,Gas Flare,25,LOW,Gas Flare,94.66,0.0,0.0,94.66,0.0,0.0,4.5,0.85,Normal Persistent Source,90.16,False,Confident Assessment,Gujarat Refinery,1.45,30.0,LOW
22.04232,83.72985,321.47,0.45,0.39,2026-09-26,2017,N21,VIIRS,n,2.0NRT,292.78,3.47,N,VIIRS_NOAA21_NRT,1.5490000000000002,10,0.0092709582558611,124.01549386701096,Abnormal Increase,1,16.6,Hemgir Coal Washery,0,107.5,0,34.35,0,Other,4,1,124.01549386701096,1.36,0,1,1,0,70.0,1,28.69000000000005,Other Thermal Event,30,LOW,Other Thermal Event,94.63,1.86,0.4,0.0,0.0,0.47,2.64,94.63,Normal Persistent Source,91.99,False,Confident Assessment,Hemgir Coal Washery,16.6,30.0,LOW
21.10151,72.63606,335.39,0.52,0.5,2026-09-24,902,N,VIIRS,n,2.0NRT,277.16,5.42,D,VIIRS_SNPP_NRT,4.8750967741935485,155,0.0022520925247034,11.177280186332112,Persistent / Stable,1,0.24,Essar Steel Hazira,1,378.74,0,0.39,1,Industrial,0,1,11.177280186332112,0.92,0,0,1,0,70.0,0,58.22999999999996,Gas Flare,25,LOW,Gas Flare,100.0,0.0,0.0,100.0,0.0,0.0,0.0,0.0,Normal Persistent Source,100.0,False,Confident Assessment,Essar Steel Hazira,0.24,30.0,LOW
21.10157,72.63496,311.93,0.55,0.43,2026-09-26,2114,N20,VIIRS,n,2.0NRT,295.29,3.4,N,VIIRS_NOAA20_NRT,4.870454545454545,154,0.0051913232939228,-30.19132057862809,Persistent / Stable,1,0.21,Essar Steel Hazira,1,378.77,0,0.41,1,Industrial,0,1,-30.19132057862809,0.58,0,0,1,0,70.0,1,16.639999999999986,Gas Flare,20,LOW,Gas Flare,100.0,0.0,0.0,100.0,0.0,0.0,0.0,0.0,Normal Persistent Source,100.0,False,Confident Assessment,Essar Steel Hazira,0.21,25.0,LOW
21.10736,72.64713,334.25,0.56,0.43,2026-09-26,2114,N20,VIIRS,n,2.0NRT,297.41,4.1,N,VIIRS_NOAA20_NRT,4.8750967741935485,155,0.0039978782178096,-15.899105394103024,Persistent / Stable,1,0.45,ArcelorMittal Nippon Steel India,1,377.78,0,1.1,1,Industrial,0,1,-15.899105394103024,0.7,0,0,1,0,70.0,1,36.839999999999975,Gas Flare,20,LOW,Gas Flare,99.93,0.0,0.0,99.93,0.0,0.0,0.07,0.0,Normal Persistent Source,99.86,False,Confident Assessment,ArcelorMittal Nippon Steel India,0.45,25.0,LOW
9.7139,77.27146,342.21,0.38,0.36,2026-09-26,822,N,VIIRS,n,2.0NRT,306.89,4.06,D,VIIRS_SNPP_NRT,1.76,1,0.1065248188136687,130.68181818181816,Abnormal Increase,1,16.2,Bismi Chicken store,0,16.2,0,78.66,0,Other,4,1,130.68181818181816,1.47,0,1,0,0,70.0,0,35.31999999999999,Other Thermal Event,30,LOW,Agricultural Burning,54.36,54.36,3.04,0.0,0.35,0.15,1.86,40.24,Other Thermal Event,14.12,True,Ambiguous (Agricultural Burning vs Other Thermal Event),Bismi Chicken store,16.2,25.0,LOW
21.10225,72.63475,331.91,0.42,0.37,2026-09-26,824,N,VIIRS,n,2.0NRT,289.28,3.53,D,VIIRS_SNPP_NRT,4.870454545454545,154,0.0052995315532049,-27.5221651889874,Persistent / Stable,1,0.25,Hazira Industrial Complex SURAT,1,378.7,0,0.35,1,Industrial,0,1,-27.5221651889874,0.6,0,0,1,0,70.0,0,42.63000000000005,Gas Flare,20,LOW,Gas Flare,100.0,0.0,0.0,100.0,0.0,0.0,0.0,0.0,Normal Persistent Source,100.0,False,Confident Assessment,Hazira Industrial Complex SURAT,0.25,25.0,LOW
21.11179,72.63943,303.2,0.55,0.68,2026-09-23,2150,N,VIIRS,n,2.0NRT,288.21,1.48,N,VIIRS_SNPP_NRT,4.8750967741935485,155,0.0052787518215708,-69.64162828860304,Persistent / Reduced,1,0.5,ArcelorMittal Nippon Steel India,1,377.54,0,0.82,1,Industrial,0,1,-69.64162828860304,0.25,0,0,1,0,70.0,1,14.990000000000007,Gas Flare,20,LOW,Gas Flare,100.0,0.0,0.0,100.0,0.0,0.0,0.0,0.0,Normal Persistent Source,100.0,False,Confident Assessment,ArcelorMittal Nippon Steel India,0.5,25.0,LOW
21.10435,72.64301,313.45,0.55,0.68,2026-09-23,2150,N,VIIRS,n,2.0NRT,286.5,2.72,N,VIIRS_SNPP_NRT,4.8750967741935485,155,0.0082064978433298,-44.20623577364882,Persistent / Stable,1,0.62,ArcelorMittal Nippon Steel India,1,378.22,0,0.58,1,Industrial,0,1,-44.20623577364882,0.46,0,0,1,0,70.0,1,26.94999999999999,Gas Flare,20,LOW,Gas Flare,100.0,0.0,0.0,100.0,0.0,0.0,0.0,0.0,Normal Persistent Source,100.0,False,Confident Assessment,ArcelorMittal Nippon Steel India,0.62,25.0,LOW
21.10941,72.63404,312.34,0.44,0.46,2026-09-23,2029,N20,VIIRS,n,2.0NRT,296.16,2.72,N,VIIRS_NOAA20_NRT,4.870454545454545,154,0.0127620291887636,-44.15305646290247,Persistent / Stable,1,0.54,ONGC Hazira Gas Processing,1,377.96,0,0.54,1,Industrial,0,1,-44.15305646290247,0.46,0,0,1,0,70.0,1,16.17999999999995,Gas Flare,20,LOW,Gas Flare,100.0,0.0,0.0,100.0,0.0,0.0,0.0,0.0,Normal Persistent Source,100.0,False,Confident Assessment,ONGC Hazira Gas Processing,0.54,25.0,LOW
21.10308,72.64829,312.94,0.55,0.68,2026-09-23,2150,N,VIIRS,n,2.0NRT,287.9,2.72,N,VIIRS_SNPP_NRT,4.8750967741935485,155,0.0055276315008072,-44.20623577364882,Persistent / Stable,1,0.89,ArcelorMittal Nippon Steel India,1,378.2,0,0.93,1,Industrial,0,1,-44.20623577364882,0.46,0,0,1,0,70.0,1,25.04000000000002,Gas Flare,20,LOW,Gas Flare,98.8,0.0,0.0,98.8,0.0,0.0,1.2,0.0,Normal Persistent Source,97.6,False,Confident Assessment,ArcelorMittal Nippon Steel India,0.89,25.0,LOW
21.1086,72.64614,313.21,0.46,0.47,2026-09-23,2114,N21,VIIRS,n,2.0NRT,296.39,2.43,N,VIIRS_NOAA21_NRT,4.8750967741935485,155,0.0072775553936259,-50.15483563601715,Persistent / Reduced,1,0.29,ArcelorMittal Nippon Steel India,1,377.68,0,1.1,1,Industrial,0,1,-50.15483563601715,0.41,0,0,1,0,70.0,1,16.819999999999993,Gas Flare,20,LOW,Gas Flare,100.0,0.0,0.0,100.0,0.0,0.0,0.0,0.0,Normal Persistent Source,100.0,False,Confident Assessment,ArcelorMittal Nippon Steel India,0.29,25.0,LOW
21.10902,72.64156,313.04,0.57,0.69,2026-09-23,2010,N,VIIRS,n,2.0NRT,290.25,2.59,N,VIIRS_SNPP_NRT,4.8750967741935485,155,0.0209112425072933,-46.87284950505532,Persistent / Stable,1,0.24,ArcelorMittal Nippon Steel India,1,377.77,0,0.71,1,Industrial,0,1,-46.87284950505532,0.44,0,0,1,0,70.0,1,22.79000000000002,Gas Flare,20,LOW,Gas Flare,100.0,0.0,0.0,100.0,0.0,0.0,0.0,0.0,Normal Persistent Source,100.0,False,Confident Assessment,ArcelorMittal Nippon Steel India,0.24,25.0,LOW
21.10854,72.64725,309.54,0.57,0.69,2026-09-23,2010,N,VIIRS,n,2.0NRT,290.49,2.59,N,VIIRS_SNPP_NRT,4.8750967741935485,155,0.0052833762049265,-46.87284950505532,Persistent / Stable,1,0.39,ArcelorMittal Nippon Steel India,1,377.65,0,1.2,1,Industrial,0,1,-46.87284950505532,0.44,0,0,1,0,70.0,1,19.05000000000001,Gas Flare,20,LOW,Gas Flare,100.0,0.0,0.0,100.0,0.0,0.0,0.0,0.0,Normal Persistent Source,100.0,False,Confident Assessment,ArcelorMittal Nippon Steel India,0.39,25.0,LOW
21.10253,72.64093,307.57,0.57,0.69,2026-09-23,2010,N,VIIRS,n,2.0NRT,290.05,2.59,N,VIIRS_SNPP_NRT,4.8750967741935485,155,0.045721047690048,-46.87284950505532,Persistent / Stable,1,0.52,Hazira Industrial Complex SURAT,1,378.48,0,0.3,1,Industrial,0,1,-46.87284950505532,0.44,0,0,1,0,70.0,1,17.519999999999982,Gas Flare,20,LOW,Gas Flare,100.0,0.0,0.0,100.0,0.0,0.0,0.0,0.0,Normal Persistent Source,100.0,False,Confident Assessment,Hazira Industrial Complex SURAT,0.52,25.0,LOW
21.09943,72.63602,321.83,0.55,0.68,2026-09-23,2150,N,VIIRS,n,2.0NRT,287.3,2.84,N,VIIRS_SNPP_NRT,4.8750967741935485,155,0.006790762404566,-41.74474617542746,Persistent / Stable,1,0.13,Essar Steel Hazira,1,378.96,0,0.42,1,Industrial,0,1,-41.74474617542746,0.48,0,0,1,0,70.0,1,34.52999999999997,Gas Flare,20,LOW,Gas Flare,100.0,0.0,0.0,100.0,0.0,0.0,0.0,0.0,Normal Persistent Source,100.0,False,Confident Assessment,Essar Steel Hazira,0.13,25.0,LOW
21.10516,72.63345,339.39,0.44,0.46,2026-09-23,2029,N20,VIIRS,n,2.0NRT,296.5,2.72,N,VIIRS_NOAA20_NRT,4.870454545454545,154,0.0192388908312961,-44.15305646290247,Persistent / Stable,1,0.3,ONGC Hazira Gas Processing,1,378.43,0,0.3,1,Industrial,0,1,-44.15305646290247,0.46,0,0,1,0,70.0,1,42.88999999999999,Gas Flare,20,LOW,Gas Flare,100.0,0.0,0.0,100.0,0.0,0.0,0.0,0.0,Normal Persistent Source,100.0,False,Confident Assessment,ONGC Hazira Gas Processing,0.3,25.0,LOW
21.10051,72.63617,333.75,0.53,0.67,2026-09-23,922,N,VIIRS,n,2.0NRT,292.95,4.46,D,VIIRS_SNPP_NRT,4.8750967741935485,155,0.0053381685837827,-8.514636599438889,Persistent / Stable,1,0.17,Essar Steel Hazira,1,378.84,0,0.4,1,Industrial,0,1,-8.514636599438889,0.76,0,0,1,0,70.0,0,40.80000000000001,Gas Flare,20,LOW,Gas Flare,99.93,0.0,0.0,99.93,0.0,0.0,0.07,0.0,Normal Persistent Source,99.86,False,Confident Assessment,Essar Steel Hazira,0.17,25.0,LOW
21.11128,72.63631,313.0,0.55,0.51,2026-09-24,2131,N,VIIRS,n,2.0NRT,296.1,2.0,N,VIIRS_SNPP_NRT,4.8750967741935485,155,0.0118765341024004,-58.97517336297709,Persistent / Reduced,1,0.7,ONGC Hazira Gas Processing,1,377.69,0,0.7,1,Industrial,0,1,-58.97517336297709,0.34,0,0,1,0,70.0,1,16.899999999999977,Gas Flare,20,LOW,Gas Flare,100.0,0.0,0.0,100.0,0.0,0.0,0.0,0.0,Normal Persistent Source,100.0,False,Confident Assessment,ONGC Hazira Gas Processing,0.7,25.0,LOW
21.10911,72.6469,309.38,0.55,0.51,2026-09-24,2131,N,VIIRS,n,2.0NRT,296.05,1.66,N,VIIRS_SNPP_NRT,4.8750967741935485,155,0.0100178148747331,-65.94939389127097,Persistent / Reduced,1,0.34,ArcelorMittal Nippon Steel India,1,377.6,0,1.19,1,Industrial,0,1,-65.94939389127097,0.28,0,0,1,0,70.0,1,13.329999999999984,Gas Flare,20,LOW,Gas Flare,100.0,0.0,0.0,100.0,0.0,0.0,0.0,0.0,Normal Persistent Source,100.0,False,Confident Assessment,ArcelorMittal Nippon Steel India,0.34,25.0,LOW
22.36764,73.12083,317.95,0.55,0.68,2026-09-23,2150,N,VIIRS,n,2.0NRT,292.8,2.3,N,VIIRS_SNPP_NRT,2.35,4,0.0461269151020328,-2.1276595744680966,Persistent / Stable,1,1.32,Gujarat Refinery,1,229.49,0,1.32,1,Industrial,0,1,-2.1276595744680966,0.69,0,0,1,0,70.0,1,25.149999999999977,Gas Flare,20,LOW,Gas Flare,92.58,0.0,0.0,92.58,0.0,0.0,6.54,0.89,Normal Persistent Source,86.04,False,Confident Assessment,Gujarat Refinery,1.32,25.0,LOW
22.36667,73.11252,312.7,0.43,0.46,2026-09-23,2027,N20,VIIRS,n,2.0NRT,297.21,2.22,N,VIIRS_NOAA20_NRT,2.35,4,0.5170335866615583,-5.531914893617016,Persistent / Stable,1,1.54,Gujarat Refinery,1,229.84,0,1.54,1,Industrial,0,1,-5.531914893617016,0.66,0,0,1,0,70.0,1,15.490000000000007,Gas Flare,20,LOW,Gas Flare,91.86,0.0,0.0,91.86,0.0,0.0,7.24,0.9,Normal Persistent Source,84.63,False,Confident Assessment,Gujarat Refinery,1.54,25.0,LOW
21.11305,72.63417,303.9,0.55,0.68,2026-09-23,2150,N,VIIRS,n,2.0NRT,288.6,1.48,N,VIIRS_SNPP_NRT,4.870454545454545,154,0.0195430260453185,-69.61269248716752,Persistent / Reduced,1,0.92,ONGC Hazira Gas Processing,1,377.57,0,0.92,1,Industrial,0,1,-69.61269248716752,0.25,0,0,1,0,70.0,1,15.299999999999956,Gas Flare,20,LOW,Gas Flare,99.2,0.0,0.0,99.2,0.0,0.0,0.8,0.0,Normal Persistent Source,98.4,False,Confident Assessment,ONGC Hazira Gas Processing,0.92,25.0,LOW
22.36144,73.1191,309.33,0.55,0.68,2026-09-23,2150,N,VIIRS,n,2.0NRT,292.27,2.3,N,VIIRS_SNPP_NRT,2.35,4,0.0471457778190825,-2.1276595744680966,Persistent / Stable,1,1.99,Gujarat Refinery,1,230.21,0,1.99,1,Industrial,0,1,-2.1276595744680966,0.69,0,0,1,0,70.0,1,17.060000000000002,Gas Flare,20,LOW,Gas Flare,92.58,0.0,0.0,92.58,0.0,0.0,6.54,0.89,Normal Persistent Source,86.04,False,Confident Assessment,Gujarat Refinery,1.99,25.0,LOW
21.1009,72.63284,317.01,0.44,0.46,2026-09-23,2029,N20,VIIRS,n,2.0NRT,295.54,1.09,N,VIIRS_NOAA20_NRT,4.892614379084967,153,0.0041584503316349,-77.7215223693175,Persistent / Reduced,1,0.24,Essar Steel Hazira,1,378.9,0,0.58,1,Industrial,0,1,-77.7215223693175,0.18,0,0,1,0,70.0,1,21.46999999999997,Gas Flare,20,LOW,Gas Flare,99.6,0.0,0.0,99.6,0.0,0.0,0.4,0.0,Normal Persistent Source,99.2,False,Confident Assessment,Essar Steel Hazira,0.24,25.0,LOW
21.11367,72.63464,313.76,0.44,0.46,2026-09-23,2029,N20,VIIRS,n,2.0NRT,296.75,1.25,N,VIIRS_NOAA20_NRT,4.870454545454545,154,0.0119527641786952,-74.33504433037797,Persistent / Reduced,1,0.98,ONGC Hazira Gas Processing,1,377.49,0,0.98,1,Industrial,0,1,-74.33504433037797,0.21,0,0,1,0,70.0,1,17.00999999999999,Gas Flare,20,LOW,Gas Flare,99.2,0.0,0.0,99.2,0.0,0.0,0.8,0.0,Normal Persistent Source,98.4,False,Confident Assessment,ONGC Hazira Gas Processing,0.98,25.0,LOW
21.10561,72.63773,315.81,0.55,0.68,2026-09-23,2150,N,VIIRS,n,2.0NRT,287.45,1.48,N,VIIRS_SNPP_NRT,4.8750967741935485,155,0.0076636801344772,-69.64162828860304,Persistent / Reduced,1,0.16,ONGC Hazira Gas Processing,1,378.25,0,0.16,1,Industrial,0,1,-69.64162828860304,0.25,0,0,1,0,70.0,1,28.360000000000014,Gas Flare,20,LOW,Gas Flare,100.0,0.0,0.0,100.0,0.0,0.0,0.0,0.0,Normal Persistent Source,100.0,False,Confident Assessment,ONGC Hazira Gas Processing,0.16,25.0,LOW
21.10477,72.65004,302.08,0.45,0.39,2026-09-25,2112,N,VIIRS,n,2.0NRT,279.51,1.09,N,VIIRS_SNPP_NRT,4.887272727272728,154,0.0232872180225168,-77.69717261904762,Persistent / Reduced,1,0.87,ArcelorMittal Nippon Steel India,1,377.96,0,1.17,1,Industrial,0,1,-77.69717261904762,0.19,0,0,1,0,70.0,1,22.569999999999997,Gas Flare,20,LOW,Gas Flare,99.2,0.0,0.0,99.2,0.0,0.0,0.8,0.0,Normal Persistent Source,98.4,False,Confident Assessment,ArcelorMittal Nippon Steel India,0.87,25.0,LOW
21.10304,72.64174,302.26,0.45,0.39,2026-09-25,2036,N21,VIIRS,n,2.0NRT,276.9,1.14,N,VIIRS_NOAA21_NRT,4.8750967741935485,155,0.0053987643969352,-76.61584881689694,Persistent / Reduced,1,0.59,Hazira Industrial Complex SURAT,1,378.4,0,0.38,1,Industrial,0,1,-76.61584881689694,0.19,0,0,1,0,70.0,1,25.360000000000014,Gas Flare,20,LOW,Gas Flare,99.6,0.0,0.0,99.6,0.0,0.0,0.4,0.0,Normal Persistent Source,99.2,False,Confident Assessment,Hazira Industrial Complex SURAT,0.59,25.0,LOW
21.10501,72.64906,298.86,0.36,0.58,2026-09-25,2131,N20,VIIRS,n,2.0NRT,271.47,1.02,N,VIIRS_NOAA20_NRT,4.8750967741935485,155,0.0042349582850079,-79.07733841511832,Persistent / Reduced,1,0.77,ArcelorMittal Nippon Steel India,1,377.97,0,1.09,1,Industrial,0,1,-79.07733841511832,0.17,0,0,1,0,70.0,1,27.389999999999983,Gas Flare,20,LOW,Gas Flare,99.6,0.0,0.0,99.6,0.0,0.0,0.4,0.0,Normal Persistent Source,99.2,False,Confident Assessment,ArcelorMittal Nippon Steel India,0.77,25.0,LOW
21.10069,72.63265,304.63,0.45,0.39,2026-09-25,2036,N21,VIIRS,n,2.0NRT,276.58,1.68,N,VIIRS_NOAA21_NRT,4.892614379084967,153,0.0238604012053419,-65.66252989032422,Persistent / Reduced,1,0.25,Essar Steel Hazira,1,378.93,0,0.61,1,Industrial,0,1,-65.66252989032422,0.29,0,0,1,0,70.0,1,28.05000000000001,Gas Flare,20,LOW,Gas Flare,100.0,0.0,0.0,100.0,0.0,0.0,0.0,0.0,Normal Persistent Source,100.0,False,Confident Assessment,Essar Steel Hazira,0.25,25.0,LOW
21.10423,72.6332,302.99,0.45,0.39,2026-09-25,2036,N21,VIIRS,n,2.0NRT,276.49,0.74,N,VIIRS_NOAA21_NRT,4.892614379084967,153,0.0338723305684077,-84.87516197549995,Persistent / Reduced,1,0.31,Hazira Industrial Complex SURAT,1,378.54,0,0.33,1,Industrial,0,1,-84.87516197549995,0.13,0,0,1,0,70.0,1,26.5,Gas Flare,20,LOW,Gas Flare,99.6,0.0,0.0,99.6,0.0,0.0,0.4,0.0,Normal Persistent Source,99.2,False,Confident Assessment,Hazira Industrial Complex SURAT,0.31,25.0,LOW
21.10027,72.63811,339.28,0.34,0.56,2026-09-25,905,N20,VIIRS,n,2.0NRT,291.47,2.53,D,VIIRS_NOAA20_NRT,4.8750967741935485,155,0.0092034424255318,-48.10359430416601,Persistent / Stable,1,0.35,Essar Steel Hazira,1,378.81,0,0.2,1,Industrial,0,1,-48.10359430416601,0.43,0,0,1,0,70.0,0,47.809999999999945,Gas Flare,20,LOW,Gas Flare,100.0,0.0,0.0,100.0,0.0,0.0,0.0,0.0,Normal Persistent Source,100.0,False,Confident Assessment,Essar Steel Hazira,0.35,25.0,LOW
21.10282,72.63406,309.43,0.36,0.58,2026-09-25,2131,N20,VIIRS,n,2.0NRT,274.91,1.58,N,VIIRS_NOAA20_NRT,4.870454545454545,154,0.0033366455641757,-67.55949603359775,Persistent / Reduced,1,0.26,Hazira Industrial Complex SURAT,1,378.66,0,0.34,1,Industrial,0,1,-67.55949603359775,0.27,0,0,1,0,70.0,1,34.51999999999998,Gas Flare,20,LOW,Gas Flare,100.0,0.0,0.0,100.0,0.0,0.0,0.0,0.0,Normal Persistent Source,100.0,False,Confident Assessment,Hazira Industrial Complex SURAT,0.26,25.0,LOW
22.3375,69.86721,309.72,0.38,0.36,2026-09-25,2112,N,VIIRS,n,2.0NRT,299.49,2.07,N,VIIRS_SNPP_NRT,3.4046666666666665,15,0.0548134508142821,-39.20109653416879,Persistent / Stable,1,0.1,Reliance Refinery,1,99.92,0,0.1,1,Industrial,0,1,-39.20109653416879,0.47,0,0,1,0,70.0,1,10.230000000000018,Gas Flare,20,LOW,Gas Flare,98.7,0.0,0.0,98.7,0.0,0.0,1.3,0.0,Normal Persistent Source,97.4,False,Confident Assessment,Reliance Refinery,0.1,25.0,LOW
21.09977,72.65229,332.49,0.47,0.4,2026-09-25,807,N21,VIIRS,n,2.0NRT,301.41,3.44,D,VIIRS_NOAA21_NRT,4.9306622516556295,151,0.0397273272021854,-30.232495668408266,Persistent / Stable,1,1.43,ArcelorMittal Nippon Steel India,1,378.43,0,1.28,1,Industrial,0,1,-30.232495668408266,0.58,0,0,1,0,70.0,0,31.079999999999984,Gas Flare,20,LOW,Gas Flare,98.8,0.0,0.0,98.8,0.0,0.0,1.2,0.0,Normal Persistent Source,97.6,False,Confident Assessment,ArcelorMittal Nippon Steel India,1.43,25.0,LOW
21.10648,72.64751,338.48,0.34,0.56,2026-09-25,905,N20,VIIRS,n,2.0NRT,290.39,4.37,D,VIIRS_NOAA20_NRT,4.8750967741935485,155,0.0063357067620699,-10.360753798104918,Persistent / Stable,1,0.54,ArcelorMittal Nippon Steel India,1,377.86,0,1.06,1,Industrial,0,1,-10.360753798104918,0.74,0,0,1,0,70.0,0,48.09000000000003,Gas Flare,20,LOW,Gas Flare,99.93,0.0,0.0,99.93,0.0,0.0,0.07,0.0,Normal Persistent Source,99.86,False,Confident Assessment,ArcelorMittal Nippon Steel India,0.54,25.0,LOW
21.1001,72.63693,328.81,0.45,0.39,2026-09-25,2036,N21,VIIRS,n,2.0NRT,276.8,2.87,N,VIIRS_NOAA21_NRT,4.8750967741935485,155,0.0089223523665232,-41.12937377587211,Persistent / Stable,1,0.23,Essar Steel Hazira,1,378.86,0,0.32,1,Industrial,0,1,-41.12937377587211,0.49,0,0,1,0,70.0,1,52.00999999999999,Gas Flare,20,LOW,Gas Flare,100.0,0.0,0.0,100.0,0.0,0.0,0.0,0.0,Normal Persistent Source,100.0,False,Confident Assessment,Essar Steel Hazira,0.23,25.0,LOW
27.66577,76.1305,309.77,0.46,0.39,2026-09-24,2053,N21,VIIRS,n,2.0NRT,296.42,2.07,N,VIIRS_NOAA21_NRT,0.925,2,0.1290861195477127,123.7837837837838,Abnormal Increase,1,39.64,Unnamed Industrial Feature,0,154.9,0,153.31,0,Cropland / Agriculture,3,1,123.7837837837838,1.08,0,1,1,0,70.0,1,13.349999999999966,Other Thermal Event,30,LOW,Agricultural Burning,64.72,64.72,0.71,0.0,0.0,0.99,2.21,31.38,Other Thermal Event,33.34,False,Confident Assessment,Unnamed Industrial Feature,39.64,25.0,LOW
22.33986,69.85315,308.4,0.46,0.47,2026-09-25,2131,N20,VIIRS,n,2.0NRT,298.15,3.19,N,VIIRS_NOAA20_NRT,3.705384615384616,13,0.0046608347441894,-13.909072036537273,Persistent / Stable,1,0.78,Unnamed Industrial Feature,1,99.48,0,1.42,1,Industrial,0,1,-13.909072036537273,0.68,0,0,1,0,70.0,1,10.25,Gas Flare,20,LOW,Gas Flare,98.51,0.0,0.0,98.51,0.0,0.0,1.42,0.07,Normal Persistent Source,97.09,False,Confident Assessment,Unnamed Industrial Feature,0.78,25.0,LOW
21.10245,72.646,305.9,0.45,0.39,2026-09-25,2036,N21,VIIRS,n,2.0NRT,277.07,3.78,N,VIIRS_NOAA21_NRT,4.8750967741935485,155,0.0075967708713797,-22.463077656026684,Persistent / Stable,1,0.86,ArcelorMittal Nippon Steel India,1,378.33,0,0.68,1,Industrial,0,1,-22.463077656026684,0.64,0,0,1,0,70.0,1,28.829999999999984,Gas Flare,20,LOW,Gas Flare,99.53,0.0,0.0,99.53,0.0,0.0,0.47,0.0,Normal Persistent Source,99.06,False,Confident Assessment,ArcelorMittal Nippon Steel India,0.86,25.0,LOW
21.10599,72.64655,342.77,0.45,0.39,2026-09-25,2036,N21,VIIRS,n,2.0NRT,277.16,3.78,N,VIIRS_NOAA21_NRT,4.8750967741935485,155,0.004265825666733,-22.463077656026684,Persistent / Stable,1,0.52,ArcelorMittal Nippon Steel India,1,377.94,0,0.95,1,Industrial,0,1,-22.463077656026684,0.64,0,0,1,0,70.0,1,65.60999999999996,Gas Flare,20,LOW,Gas Flare,99.93,0.0,0.0,99.93,0.0,0.0,0.07,0.0,Normal Persistent Source,99.86,False,Confident Assessment,ArcelorMittal Nippon Steel India,0.52,25.0,LOW
27.66809,76.13132,308.5,0.53,0.42,2026-09-25,2110,N,VIIRS,n,2.0NRT,294.89,2.38,N,VIIRS_SNPP_NRT,0.925,2,0.2097625611139211,157.29729729729732,Abnormal Increase,1,39.7,Unnamed Industrial Feature,0,154.66,0,153.26,0,Cropland / Agriculture,3,1,157.29729729729732,1.24,0,1,1,0,70.0,1,13.610000000000014,Other Thermal Event,30,LOW,Agricultural Burning,53.22,53.22,0.38,0.0,0.33,1.33,1.97,42.77,Other Thermal Event,10.45,True,Ambiguous (Agricultural Burning vs Other Thermal Event),Unnamed Industrial Feature,39.7,25.0,LOW
20.8686,70.56738,305.22,0.39,0.36,2026-09-25,2114,N,VIIRS,n,2.0NRT,294.89,1.28,N,VIIRS_SNPP_NRT,1.05,1,0.3823794199932705,21.9047619047619,Single Historical Detection,1,0.29,Gujarat Sidhee Cement,1,275.95,0,178.61,0,Industrial,0,1,21.9047619047619,0.62,0,0,0,0,70.0,1,10.33000000000004,Other Thermal Event,25,LOW,Other Thermal Event,84.92,0.4,0.0,2.54,0.0,0.0,12.14,84.92,Normal Persistent Source,72.78,False,Confident Assessment,Gujarat Sidhee Cement,0.29,25.0,LOW
21.10508,72.6461,338.49,0.41,0.37,2026-09-24,2055,N21,VIIRS,n,2.0NRT,299.27,3.74,N,VIIRS_NOAA21_NRT,4.8750967741935485,155,0.0011644305488822,-23.283574188767133,Persistent / Stable,1,0.59,ArcelorMittal Nippon Steel India,1,378.05,0,0.85,1,Industrial,0,1,-23.283574188767133,0.64,0,0,1,0,70.0,1,39.22000000000003,Gas Flare,20,LOW,Gas Flare,99.93,0.0,0.0,99.93,0.0,0.0,0.07,0.0,Normal Persistent Source,99.86,False,Confident Assessment,ArcelorMittal Nippon Steel India,0.59,25.0,LOW
21.10989,72.63582,332.52,0.39,0.36,2026-09-24,826,N21,VIIRS,n,2.0NRT,296.71,4.19,D,VIIRS_NOAA21_NRT,4.8750967741935485,155,0.0083068164706184,-14.052988195436974,Persistent / Stable,1,0.55,ONGC Hazira Gas Processing,1,377.86,0,0.55,1,Industrial,0,1,-14.052988195436974,0.71,0,0,1,0,70.0,0,35.81,Gas Flare,20,LOW,Gas Flare,99.93,0.0,0.0,99.93,0.0,0.0,0.07,0.0,Normal Persistent Source,99.86,False,Confident Assessment,ONGC Hazira Gas Processing,0.55,25.0,LOW
21.11037,72.63515,323.39,0.41,0.37,2026-09-24,2055,N21,VIIRS,n,2.0NRT,297.99,3.8,N,VIIRS_NOAA21_NRT,4.870454545454545,154,0.0047807083616158,-21.978534764349043,Persistent / Stable,1,0.61,ONGC Hazira Gas Processing,1,377.83,0,0.61,1,Industrial,0,1,-21.978534764349043,0.65,0,0,1,0,70.0,1,25.399999999999977,Gas Flare,20,LOW,Gas Flare,99.93,0.0,0.0,99.93,0.0,0.0,0.07,0.0,Normal Persistent Source,99.86,False,Confident Assessment,ONGC Hazira Gas Processing,0.61,25.0,LOW
21.11055,72.64613,307.98,0.44,0.63,2026-09-24,2010,N20,VIIRS,n,2.0NRT,293.7,2.93,N,VIIRS_NOAA20_NRT,4.8750967741935485,155,0.0093325696160265,-39.898628976761415,Persistent / Stable,1,0.26,ArcelorMittal Nippon Steel India,1,377.47,0,1.19,1,Industrial,0,1,-39.898628976761415,0.5,0,0,1,0,70.0,1,14.28000000000003,Gas Flare,20,LOW,Gas Flare,100.0,0.0,0.0,100.0,0.0,0.0,0.0,0.0,Normal Persistent Source,100.0,False,Confident Assessment,ArcelorMittal Nippon Steel India,0.26,25.0,LOW
21.10476,72.6455,323.23,0.44,0.63,2026-09-24,2010,N20,VIIRS,n,2.0NRT,292.86,2.93,N,VIIRS_NOAA20_NRT,4.8750967741935485,155,0.0044169599700307,-39.898628976761415,Persistent / Stable,1,0.6,ArcelorMittal Nippon Steel India,1,378.1,0,0.78,1,Industrial,0,1,-39.898628976761415,0.5,0,0,1,0,70.0,1,30.370000000000005,Gas Flare,20,LOW,Gas Flare,100.0,0.0,0.0,100.0,0.0,0.0,0.0,0.0,Normal Persistent Source,100.0,False,Confident Assessment,ArcelorMittal Nippon Steel India,0.6,25.0,LOW
21.103,72.63773,329.76,0.41,0.37,2026-09-24,2055,N21,VIIRS,n,2.0NRT,298.57,4.61,N,VIIRS_NOAA21_NRT,4.8750967741935485,155,0.0122336519191982,-5.437774601662163,Persistent / Stable,1,0.2,Hazira Industrial Complex SURAT,1,378.53,0,0.27,1,Industrial,0,1,-5.437774601662163,0.78,0,0,1,0,70.0,1,31.19,Gas Flare,20,LOW,Gas Flare,99.93,0.0,0.0,99.93,0.0,0.0,0.07,0.0,Normal Persistent Source,99.86,False,Confident Assessment,Hazira Industrial Complex SURAT,0.2,25.0,LOW
21.10364,72.63388,308.87,0.41,0.37,2026-09-24,2055,N21,VIIRS,n,2.0NRT,296.46,4.61,N,VIIRS_NOAA21_NRT,4.870454545454545,154,0.0114205798828127,-5.347643490433959,Persistent / Stable,1,0.25,Hazira Industrial Complex SURAT,1,378.58,0,0.29,1,Industrial,0,1,-5.347643490433959,0.79,0,0,1,0,70.0,1,12.410000000000023,Gas Flare,20,LOW,Gas Flare,99.93,0.0,0.0,99.93,0.0,0.0,0.07,0.0,Normal Persistent Source,99.86,False,Confident Assessment,Hazira Industrial Complex SURAT,0.25,25.0,LOW
21.10685,72.63995,305.47,0.73,0.76,2026-09-24,2150,N20,VIIRS,n,2.0NRT,292.41,4.26,N,VIIRS_NOAA20_NRT,4.8750967741935485,155,0.0053416343461125,-12.617119263141186,Persistent / Stable,1,0.43,ONGC Hazira Gas Processing,1,378.05,0,0.43,1,Industrial,0,1,-12.617119263141186,0.73,0,0,1,0,70.0,1,13.060000000000002,Gas Flare,20,LOW,Gas Flare,99.93,0.0,0.0,99.93,0.0,0.0,0.07,0.0,Normal Persistent Source,99.86,False,Confident Assessment,ONGC Hazira Gas Processing,0.43,25.0,LOW
21.10514,72.64676,305.79,0.73,0.76,2026-09-24,2150,N20,VIIRS,n,2.0NRT,292.37,3.39,N,VIIRS_NOAA20_NRT,4.8750967741935485,155,0.0052172555973343,-30.462918850246147,Persistent / Stable,1,0.61,ArcelorMittal Nippon Steel India,1,378.03,0,0.9,1,Industrial,0,1,-30.462918850246147,0.58,0,0,1,0,70.0,1,13.420000000000016,Gas Flare,20,LOW,Gas Flare,100.0,0.0,0.0,100.0,0.0,0.0,0.0,0.0,Normal Persistent Source,100.0,False,Confident Assessment,ArcelorMittal Nippon Steel India,0.61,25.0,LOW
21.10845,72.64675,313.64,0.41,0.37,2026-09-24,2055,N21,VIIRS,n,2.0NRT,297.94,3.74,N,VIIRS_NOAA21_NRT,4.8750967741935485,155,0.0016938863004452,-23.283574188767133,Persistent / Stable,1,0.35,ArcelorMittal Nippon Steel India,1,377.67,0,1.15,1,Industrial,0,1,-23.283574188767133,0.64,0,0,1,0,70.0,1,15.699999999999989,Gas Flare,20,LOW,Gas Flare,99.93,0.0,0.0,99.93,0.0,0.0,0.07,0.0,Normal Persistent Source,99.86,False,Confident Assessment,ArcelorMittal Nippon Steel India,0.35,25.0,LOW
25.54252,91.23544,319.39,0.43,0.46,2026-09-24,1910,N21,VIIRS,n,2.0NRT,284.79,2.14,N,VIIRS_NOAA21_NRT,0.8525,4,0.0743267760882465,151.02639296187684,Abnormal Increase,1,54.44,Unnamed Industrial Feature,0,522.89,0,80.84,0,Forest / Woodland,2,1,151.02639296187684,1.16,0,1,1,0,70.0,1,34.599999999999966,Other Thermal Event,30,LOW,Agricultural Burning,50.31,50.31,0.3,0.34,0.39,1.23,2.38,45.04,Other Thermal Event,5.27,True,Ambiguous (Agricultural Burning vs Other Thermal Event),Unnamed Industrial Feature,54.44,25.0,LOW
21.10576,72.64562,302.38,0.36,0.58,2026-09-25,2131,N20,VIIRS,n,2.0NRT,272.42,1.03,N,VIIRS_NOAA20_NRT,4.8750967741935485,155,0.0069299420268273,-78.8722142819332,Persistent / Reduced,1,0.5,ArcelorMittal Nippon Steel India,1,377.99,0,0.87,1,Industrial,0,1,-78.8722142819332,0.18,0,0,1,0,70.0,1,29.95999999999998,Gas Flare,20,LOW,Gas Flare,99.6,0.0,0.0,99.6,0.0,0.0,0.4,0.0,Normal Persistent Source,99.2,False,Confident Assessment,ArcelorMittal Nippon Steel India,0.5,25.0,LOW
21.10909,72.64645,301.06,0.45,0.39,2026-09-25,2112,N,VIIRS,n,2.0NRT,279.44,1.12,N,VIIRS_SNPP_NRT,4.8750967741935485,155,0.0072943568575368,-77.02609708326716,Persistent / Reduced,1,0.29,ArcelorMittal Nippon Steel India,1,377.62,0,1.15,1,Industrial,0,1,-77.02609708326716,0.19,0,0,1,0,70.0,1,21.620000000000005,Gas Flare,20,LOW,Gas Flare,99.6,0.0,0.0,99.6,0.0,0.0,0.4,0.0,Normal Persistent Source,99.2,False,Confident Assessment,ArcelorMittal Nippon Steel India,0.29,25.0,LOW
21.10658,72.64229,304.66,0.45,0.39,2026-09-25,2036,N21,VIIRS,n,2.0NRT,276.46,1.14,N,VIIRS_NOAA21_NRT,4.8750967741935485,155,0.006016526861605,-76.61584881689694,Persistent / Reduced,1,0.39,ArcelorMittal Nippon Steel India,1,378.01,0,0.65,1,Industrial,0,1,-76.61584881689694,0.19,0,0,1,0,70.0,1,28.200000000000045,Gas Flare,20,LOW,Gas Flare,99.6,0.0,0.0,99.6,0.0,0.0,0.4,0.0,Normal Persistent Source,99.2,False,Confident Assessment,ArcelorMittal Nippon Steel India,0.39,25.0,LOW
21.10364,72.63747,312.04,0.45,0.39,2026-09-25,2036,N21,VIIRS,n,2.0NRT,276.87,1.14,N,VIIRS_NOAA21_NRT,4.8750967741935485,155,0.0139212320657062,-76.61584881689694,Persistent / Reduced,1,0.14,Hazira Industrial Complex SURAT,1,378.47,0,0.19,1,Industrial,0,1,-76.61584881689694,0.19,0,0,1,0,70.0,1,35.170000000000016,Gas Flare,20,LOW,Gas Flare,99.6,0.0,0.0,99.6,0.0,0.0,0.4,0.0,Normal Persistent Source,99.2,False,Confident Assessment,Hazira Industrial Complex SURAT,0.14,25.0,LOW
22.3413,69.85323,311.25,0.41,0.37,2026-09-26,2114,N20,VIIRS,n,2.0NRT,297.7,1.98,N,VIIRS_NOAA20_NRT,3.705384615384616,13,0.0081229913388528,-46.56425160888521,Persistent / Stable,1,0.74,Unnamed Industrial Feature,1,99.32,0,1.46,1,Industrial,0,1,-46.56425160888521,0.42,0,0,1,0,70.0,1,13.550000000000011,Gas Flare,20,LOW,Gas Flare,99.42,0.0,0.0,99.42,0.0,0.0,0.58,0.0,Normal Persistent Source,98.84,False,Confident Assessment,Unnamed Industrial Feature,0.74,25.0,LOW
21.1016,72.6356,303.55,0.55,0.51,2026-09-26,2019,N21,VIIRS,n,2.0NRT,292.6,2.33,N,VIIRS_NOAA21_NRT,4.870454545454545,154,0.0087242894668526,-52.16052263182453,Persistent / Reduced,1,0.23,Essar Steel Hazira,1,378.74,0,0.38,1,Industrial,0,1,-52.16052263182453,0.4,0,0,1,0,70.0,1,10.949999999999989,Gas Flare,20,LOW,Gas Flare,100.0,0.0,0.0,100.0,0.0,0.0,0.0,0.0,Normal Persistent Source,100.0,False,Confident Assessment,Essar Steel Hazira,0.23,25.0,LOW
22.33768,69.85425,306.93,0.44,0.62,2026-09-26,2017,N21,VIIRS,n,2.0NRT,295.88,2.36,N,VIIRS_NOAA21_NRT,3.705384615384616,13,0.0187715776201552,-36.3089059580652,Persistent / Stable,1,0.8,Unnamed Industrial Feature,1,99.73,0,1.27,1,Industrial,0,1,-36.3089059580652,0.5,0,0,1,0,70.0,1,11.050000000000011,Gas Flare,20,LOW,Gas Flare,98.58,0.0,0.0,98.58,0.0,0.0,1.34,0.07,Normal Persistent Source,97.24,False,Confident Assessment,Unnamed Industrial Feature,0.8,25.0,LOW
21.1132,72.63744,308.02,0.55,0.43,2026-09-26,2114,N20,VIIRS,n,2.0NRT,295.47,3.72,N,VIIRS_NOAA20_NRT,4.8750967741935485,155,0.0233587367356785,-23.693822455137365,Persistent / Stable,1,0.75,ArcelorMittal Nippon Steel India,1,377.46,0,0.92,1,Industrial,0,1,-23.693822455137365,0.63,0,0,1,0,70.0,1,12.549999999999956,Gas Flare,20,LOW,Gas Flare,99.93,0.0,0.0,99.93,0.0,0.0,0.07,0.0,Normal Persistent Source,99.86,False,Confident Assessment,ArcelorMittal Nippon Steel India,0.75,25.0,LOW
21.10834,72.64188,307.25,0.56,0.43,2026-09-26,2114,N20,VIIRS,n,2.0NRT,295.52,4.1,N,VIIRS_NOAA20_NRT,4.8750967741935485,155,0.0104573074476893,-15.899105394103024,Persistent / Stable,1,0.26,ArcelorMittal Nippon Steel India,1,377.83,0,0.69,1,Industrial,0,1,-15.899105394103024,0.7,0,0,1,0,70.0,1,11.730000000000018,Gas Flare,20,LOW,Gas Flare,99.93,0.0,0.0,99.93,0.0,0.0,0.07,0.0,Normal Persistent Source,99.86,False,Confident Assessment,ArcelorMittal Nippon Steel India,0.26,25.0,LOW
21.1132,72.63664,300.77,0.36,0.58,2026-09-25,2131,N20,VIIRS,n,2.0NRT,273.92,0.71,N,VIIRS_NOAA20_NRT,4.8750967741935485,155,0.0127204485107762,-85.43618654385686,Persistent / Reduced,1,0.82,ArcelorMittal Nippon Steel India,1,377.48,0,0.91,1,Industrial,0,1,-85.43618654385686,0.12,0,0,1,0,70.0,1,26.84999999999997,Gas Flare,20,LOW,Gas Flare,99.2,0.0,0.0,99.2,0.0,0.0,0.8,0.0,Normal Persistent Source,98.4,False,Confident Assessment,ArcelorMittal Nippon Steel India,0.82,25.0,LOW
22.33527,69.86819,311.6,0.41,0.37,2026-09-26,2114,N20,VIIRS,n,2.0NRT,298.88,2.3,N,VIIRS_NOAA20_NRT,3.4046666666666665,15,0.0463054838866372,-32.4456628157431,Persistent / Stable,1,0.24,Reliance Refinery,1,100.18,0,0.24,1,Industrial,0,1,-32.4456628157431,0.52,0,0,1,0,70.0,1,12.720000000000027,Gas Flare,20,LOW,Gas Flare,98.7,0.0,0.0,98.7,0.0,0.0,1.3,0.0,Normal Persistent Source,97.4,False,Confident Assessment,Reliance Refinery,0.24,25.0,LOW
22.33927,69.85606,315.73,0.38,0.36,2026-09-25,2112,N,VIIRS,n,2.0NRT,300.93,2.53,N,VIIRS_SNPP_NRT,3.705384615384616,13,0.0329398416460698,-31.720988166908874,Persistent / Stable,1,0.55,Unnamed Industrial Feature,1,99.58,0,1.12,1,Industrial,0,1,-31.720988166908874,0.54,0,0,1,0,70.0,1,14.800000000000011,Gas Flare,20,LOW,Gas Flare,98.81,0.0,0.0,98.81,0.0,0.0,1.16,0.04,Normal Persistent Source,97.65,False,Confident Assessment,Unnamed Industrial Feature,0.55,25.0,LOW
27.92341,96.75948,344.4,0.45,0.39,2026-09-25,703,N,VIIRS,n,2.0NRT,301.67,15.06,D,VIIRS_SNPP_NRT,0.0,0,,0.0,New / No Local History,1,122.62,Unnamed Industrial Feature,0,1130.27,0,126.6,0,Forest / Woodland,2,0,0.0,15.06,0,0,0,1,70.0,0,42.72999999999996,Forest / Wildfire,15,LOW,Forest / Wildfire,73.33,23.84,73.33,0.61,1.56,0.0,0.0,0.66,Agricultural Burning,49.49,False,Confident Assessment,Unnamed Industrial Feature,122.62,23.0,LOW
28.04113,96.48763,338.79,0.54,0.51,2026-09-26,608,N21,VIIRS,n,2.0NRT,292.9,14.87,D,VIIRS_NOAA21_NRT,0.0,0,,0.0,New / No Local History,1,111.08,Unnamed Industrial Feature,0,1110.52,0,111.95,0,Forest / Woodland,2,0,0.0,14.87,0,0,0,1,70.0,0,45.89000000000004,Forest / Wildfire,15,LOW,Forest / Wildfire,70.8,25.03,70.8,0.61,1.31,0.0,0.0,2.25,Agricultural Burning,45.78,False,Confident Assessment,Unnamed Industrial Feature,111.08,23.0,LOW
31.10823,74.83191,344.33,0.43,0.38,2026-09-26,828,N,VIIRS,n,2.0NRT,301.87,14.72,D,VIIRS_SNPP_NRT,0.0,0,,0.0,New / No Local History,1,53.22,Rail Coach Factory - RCF Kapurthala,0,366.61,0,106.24,0,Cropland / Agriculture,3,0,0.0,14.72,0,0,0,1,70.0,0,42.45999999999998,Forest / Wildfire,15,LOW,Forest / Wildfire,66.88,29.87,66.88,0.61,1.18,0.0,0.0,1.46,Agricultural Burning,37.01,False,Confident Assessment,Rail Coach Factory - RCF Kapurthala,53.22,23.0,LOW
30.98238,74.5671,352.28,0.39,0.44,2026-09-24,828,N21,VIIRS,n,2.0NRT,300.61,21.27,D,VIIRS_NOAA21_NRT,0.0,0,,0.0,New / No Local History,1,82.03,Rail Coach Factory - RCF Kapurthala,0,373.76,0,99.55,0,Cropland / Agriculture,3,0,0.0,21.27,1,0,0,1,70.0,0,51.66999999999996,Forest / Wildfire,15,LOW,Forest / Wildfire,79.89,16.9,79.89,1.01,1.31,0.0,0.0,0.89,Agricultural Burning,62.99,False,Confident Assessment,Rail Coach Factory - RCF Kapurthala,82.03,23.0,LOW
9.14211,77.68827,345.84,0.46,0.47,2026-09-26,744,N21,VIIRS,n,2.0NRT,307.57,15.25,D,VIIRS_NOAA21_NRT,0.0,0,,0.0,New / No Local History,1,21.19,Unnamed Industrial Feature,0,76.94,0,110.16,0,Other,4,0,0.0,15.25,0,0,0,1,70.0,0,38.26999999999998,Forest / Wildfire,15,LOW,Forest / Wildfire,73.65,22.6,73.65,0.21,1.56,0.0,0.0,1.98,Agricultural Burning,51.06,False,Confident Assessment,Unnamed Industrial Feature,21.19,23.0,LOW
27.6227,96.29795,340.55,0.51,0.41,2026-09-26,703,N20,VIIRS,n,2.0NRT,295.56,20.07,D,VIIRS_NOAA20_NRT,0.0,0,,0.0,New / No Local History,1,66.28,Unnamed Industrial Feature,0,1075.8,0,71.19,0,Forest / Woodland,2,0,0.0,20.07,1,0,0,1,70.0,0,44.99000000000001,Forest / Wildfire,15,LOW,Forest / Wildfire,80.78,15.35,80.78,1.01,1.31,0.0,0.0,1.55,Agricultural Burning,65.43,False,Confident Assessment,Unnamed Industrial Feature,66.28,23.0,LOW
27.72819,96.27991,344.91,0.51,0.41,2026-09-26,703,N20,VIIRS,n,2.0NRT,297.72,18.54,D,VIIRS_NOAA20_NRT,0.0,0,,0.0,New / No Local History,1,72.0,Unnamed Industrial Feature,0,1078.43,0,74.86,0,Forest / Woodland,2,0,0.0,18.54,0,0,0,1,70.0,0,47.19,Forest / Wildfire,15,LOW,Forest / Wildfire,76.36,19.76,76.36,0.61,1.56,0.0,0.0,1.71,Agricultural Burning,56.6,False,Confident Assessment,Unnamed Industrial Feature,72.0,23.0,LOW
28.72721,77.15845,307.25,0.5,0.41,2026-09-24,2053,N21,VIIRS,n,2.0NRT,295.65,1.66,N,VIIRS_NOAA21_NRT,0.0,0,,0.0,New / No Local History,1,1.97,Shershah Cold Storage,1,19.76,0,76.19,0,Industrial,0,0,0.0,1.66,0,0,0,1,70.0,1,11.600000000000025,Other Thermal Event,20,LOW,Other Thermal Event,79.16,2.04,0.0,1.18,2.24,1.34,14.05,79.16,Normal Persistent Source,65.1,False,Confident Assessment,Shershah Cold Storage,1.97,20.0,LOW
28.56854,77.55767,299.95,0.38,0.59,2026-09-24,2129,N,VIIRS,n,2.0NRT,289.8,0.73,N,VIIRS_SNPP_NRT,0.0,0,,0.0,New / No Local History,1,1.62,Unnamed Industrial Feature,1,25.3,0,108.18,0,Industrial,0,0,0.0,0.73,0,0,0,1,70.0,1,10.149999999999975,Other Thermal Event,20,LOW,Other Thermal Event,90.22,1.38,0.0,1.59,0.0,1.99,4.82,90.22,Normal Persistent Source,85.39,False,Confident Assessment,Unnamed Industrial Feature,1.62,20.0,LOW
28.5668,77.55826,301.95,0.38,0.59,2026-09-24,2129,N,VIIRS,n,2.0NRT,290.25,1.16,N,VIIRS_SNPP_NRT,0.0,0,,0.0,New / No Local History,1,1.68,Unnamed Industrial Feature,1,25.39,0,108.37,0,Industrial,0,0,0.0,1.16,0,0,0,1,70.0,1,11.699999999999989,Other Thermal Event,20,LOW,Other Thermal Event,90.66,1.18,0.0,1.56,0.0,1.36,5.24,90.66,Normal Persistent Source,85.43,False,Confident Assessment,Unnamed Industrial Feature,1.68,20.0,LOW
28.56959,77.54662,300.79,0.38,0.59,2026-09-24,2129,N,VIIRS,n,2.0NRT,290.16,1.05,N,VIIRS_SNPP_NRT,0.0,0,,0.0,New / No Local History,1,0.56,Unnamed Industrial Feature,1,24.22,0,107.51,0,Industrial,0,0,0.0,1.05,0,0,0,1,70.0,1,10.629999999999995,Other Thermal Event,20,LOW,Other Thermal Event,91.76,1.55,0.0,1.64,0.0,0.95,4.1,91.76,Normal Persistent Source,87.66,False,Confident Assessment,Unnamed Industrial Feature,0.56,20.0,LOW
24.69099,73.00126,308.12,0.39,0.36,2026-09-24,2053,N21,VIIRS,n,2.0NRT,297.26,2.07,N,VIIRS_NOAA21_NRT,1.1736363636363636,11,0.0434768647745666,76.37490317583269,Abnormal Increase,1,29.18,India One,0,84.44,0,201.41,0,Other,4,1,76.37490317583269,0.95,0,0,1,0,70.0,1,10.860000000000014,Other Thermal Event,20,LOW,Other Thermal Event,91.61,4.99,0.0,0.0,0.0,0.58,2.83,91.61,Agricultural Burning,86.62,False,Confident Assessment,India One,29.18,20.0,LOW
28.56323,77.55599,302.02,0.38,0.59,2026-09-24,2129,N,VIIRS,n,2.0NRT,290.87,0.73,N,VIIRS_SNPP_NRT,0.0,0,,0.0,New / No Local History,1,1.56,Unnamed Industrial Feature,1,25.23,0,108.59,0,Industrial,0,0,0.0,0.73,0,0,0,1,70.0,1,11.149999999999975,Other Thermal Event,20,LOW,Other Thermal Event,90.54,1.38,0.0,1.59,0.0,1.99,4.5,90.54,Normal Persistent Source,86.03,False,Confident Assessment,Unnamed Industrial Feature,1.56,20.0,LOW
28.56227,77.55989,301.04,0.38,0.59,2026-09-24,2129,N,VIIRS,n,2.0NRT,290.21,0.73,N,VIIRS_SNPP_NRT,0.0,0,,0.0,New / No Local History,1,1.95,Unnamed Industrial Feature,1,25.63,0,108.88,0,Industrial,0,0,0.0,0.73,0,0,0,1,70.0,1,10.83000000000004,Other Thermal Event,20,LOW,Other Thermal Event,89.99,2.0,0.0,1.59,0.0,1.99,4.42,89.99,Normal Persistent Source,85.57,False,Confident Assessment,Unnamed Industrial Feature,1.95,20.0,LOW
26.25531,74.0969,307.94,0.45,0.47,2026-09-23,2112,N21,VIIRS,n,2.0NRT,296.7,1.72,N,VIIRS_NOAA21_NRT,0.905625,16,0.0201010301288546,89.92408557625949,Abnormal Increase,1,5.87,Unnamed Industrial Feature,0,214.77,0,277.52,0,Cropland / Agriculture,3,1,89.92408557625949,0.9,0,0,1,0,70.0,1,11.240000000000007,Other Thermal Event,20,LOW,Other Thermal Event,89.28,8.27,0.0,0.06,0.0,0.75,1.63,89.28,Agricultural Burning,81.0,False,Confident Assessment,Unnamed Industrial Feature,5.87,20.0,LOW
19.96283,79.33596,332.47,0.38,0.36,2026-09-23,801,N20,VIIRS,n,2.0NRT,284.71,2.12,D,VIIRS_NOAA20_NRT,1.21,1,0.3637078237423452,75.20661157024794,Abnormal Increase,1,3.34,Chandrapur Thermal Power Station,0,3.77,1,223.12,0,Mining,1,1,75.20661157024794,0.96,0,0,0,0,70.0,0,47.76000000000005,Other Thermal Event,20,LOW,Other Thermal Event,46.32,8.82,0.3,1.37,4.08,21.28,17.82,46.32,Mining Activity,25.04,True,Low Confidence (46.3%),Chandrapur Thermal Power Station,3.34,20.0,LOW
26.60619,73.68221,308.11,0.45,0.47,2026-09-23,2027,N20,VIIRS,n,2.0NRT,297.92,1.58,N,VIIRS_NOAA20_NRT,0.8142857142857144,7,0.0248632226409081,94.03508771929825,Abnormal Increase,1,55.66,Unnamed Industrial Feature,0,250.97,0,246.21,0,Other,4,1,94.03508771929825,0.87,0,0,1,0,70.0,1,10.189999999999998,Other Thermal Event,20,LOW,Other Thermal Event,88.4,9.74,0.0,0.0,0.0,0.07,1.79,88.4,Agricultural Burning,78.66,False,Confident Assessment,Unnamed Industrial Feature,55.66,20.0,LOW
24.81977,73.09304,308.27,0.49,0.65,2026-09-23,2150,N,VIIRS,n,2.0NRT,294.42,1.77,N,VIIRS_SNPP_NRT,0.9616666666666668,6,0.0080806644386171,84.05545927209704,Abnormal Increase,1,45.85,India One,0,84.27,0,211.13,0,Other,4,1,84.05545927209704,0.9,0,0,1,0,70.0,1,13.849999999999966,Other Thermal Event,20,LOW,Other Thermal Event,87.92,9.31,0.0,0.0,0.0,0.16,2.61,87.92,Agricultural Burning,78.61,False,Confident Assessment,India One,45.85,20.0,LOW
21.67955,84.03915,334.13,0.4,0.37,2026-09-23,739,N,VIIRS,n,2.0NRT,294.64,4.78,D,VIIRS_SNPP_NRT,2.826315789473685,19,0.0028706081810628,69.12476722532585,Abnormal Increase,1,6.45,Unnamed Industrial Feature,0,111.01,0,25.15,0,Other,4,1,69.12476722532585,1.25,0,0,1,0,70.0,0,39.49000000000001,Other Thermal Event,20,LOW,Other Thermal Event,94.62,3.41,0.0,0.0,0.0,0.69,1.28,94.62,Agricultural Burning,91.21,False,Confident Assessment,Unnamed Industrial Feature,6.45,20.0,LOW
28.56773,77.55437,302.28,0.38,0.59,2026-09-24,2129,N,VIIRS,n,2.0NRT,290.83,1.39,N,VIIRS_SNPP_NRT,0.0,0,,0.0,New / No Local History,1,1.3,Unnamed Industrial Feature,1,25.0,0,108.08,0,Industrial,0,0,0.0,1.39,0,0,0,1,70.0,1,11.449999999999989,Other Thermal Event,20,LOW,Other Thermal Event,89.21,1.43,0.0,1.56,0.0,1.36,6.43,89.21,Normal Persistent Source,82.78,False,Confident Assessment,Unnamed Industrial Feature,1.3,20.0,LOW
24.6881,73.00338,307.14,0.5,0.49,2026-09-24,2129,N,VIIRS,n,2.0NRT,296.09,2.03,N,VIIRS_SNPP_NRT,1.1736363636363636,11,0.0051079615783887,72.9666924864446,Abnormal Increase,1,29.13,India One,0,84.1,0,201.23,0,Other,4,1,72.9666924864446,0.93,0,0,1,0,70.0,1,11.050000000000011,Other Thermal Event,20,LOW,Other Thermal Event,91.32,5.15,0.0,0.0,0.0,0.58,2.96,91.32,Agricultural Burning,86.17,False,Confident Assessment,India One,29.13,20.0,LOW
26.25632,74.09438,311.66,0.41,0.37,2026-09-24,2055,N21,VIIRS,n,2.0NRT,299.02,1.58,N,VIIRS_NOAA21_NRT,0.905625,16,0.0131417181481859,74.46514837819186,Abnormal Increase,1,5.9,Unnamed Industrial Feature,0,214.84,0,277.29,0,Cropland / Agriculture,3,1,74.46514837819186,0.83,0,0,1,0,70.0,1,12.640000000000043,Other Thermal Event,20,LOW,Other Thermal Event,90.93,7.05,0.0,0.06,0.0,0.36,1.6,90.93,Agricultural Burning,83.88,False,Confident Assessment,Unnamed Industrial Feature,5.9,20.0,LOW
17.60976,83.20496,344.48,0.4,0.37,2026-09-26,746,N21,VIIRS,n,2.0NRT,304.33,4.58,D,VIIRS_NOAA21_NRT,2.702857142857144,35,0.0264964025083822,69.4503171247357,Abnormal Increase,1,8.69,Visakhapatnam Steel Plant RINL,0,306.49,0,14.42,0,Other,4,1,69.4503171247357,1.24,0,0,1,0,70.0,0,40.150000000000034,Other Thermal Event,20,LOW,Other Thermal Event,94.04,3.38,0.0,0.73,0.0,0.4,1.45,94.04,Agricultural Burning,90.66,False,Confident Assessment,Visakhapatnam Steel Plant RINL,8.69,20.0,LOW
24.69133,73.00352,312.34,0.43,0.38,2026-09-25,2112,N,VIIRS,n,2.0NRT,297.42,2.04,N,VIIRS_SNPP_NRT,1.1736363636363636,11,0.0131941845844346,73.81874515879164,Abnormal Increase,1,29.38,India One,0,84.25,0,201.55,0,Other,4,1,73.81874515879164,0.94,0,0,1,0,70.0,1,14.91999999999996,Other Thermal Event,20,LOW,Other Thermal Event,92.78,3.56,0.0,0.0,0.0,0.63,3.02,92.78,Agricultural Burning,89.23,False,Confident Assessment,India One,29.38,20.0,LOW
24.66125,74.63567,305.73,0.63,0.54,2026-09-24,2129,N,VIIRS,n,2.0NRT,293.44,2.49,N,VIIRS_SNPP_NRT,1.4700000000000002,8,0.0131756097805902,69.3877551020408,Abnormal Increase,1,30.93,Unnamed Industrial Feature,0,96.35,0,297.15,0,Cropland / Agriculture,3,1,69.3877551020408,1.01,0,0,1,0,70.0,1,12.29000000000002,Other Thermal Event,20,LOW,Other Thermal Event,94.46,3.06,0.0,0.33,0.0,0.25,1.9,94.46,Agricultural Burning,91.4,False,Confident Assessment,Unnamed Industrial Feature,30.93,20.0,LOW
25.94217,72.20272,330.22,0.73,0.76,2026-09-24,924,N20,VIIRS,l,2.0NRT,302.52,3.65,D,VIIRS_NOAA20_NRT,1.6684374999999998,32,0.7129371412056315,118.76755946806522,Abnormal Increase,1,10.4,Industrial Area,0,140.16,0,85.57,0,Other,4,1,118.76755946806522,1.37,0,1,1,0,30.0,0,27.700000000000045,Other Thermal Event,20,LOW,Other Thermal Event,93.99,3.69,0.4,0.0,0.0,0.03,1.9,93.99,Agricultural Burning,90.3,False,Confident Assessment,Industrial Area,10.4,20.0,LOW
22.43056,69.83376,308.34,0.38,0.36,2026-09-25,2112,N,VIIRS,n,2.0NRT,297.18,0.72,N,VIIRS_SNPP_NRT,0.0,0,,0.0,New / No Local History,1,0.17,SHREE DIGVIJAY CEMENT,1,89.23,0,8.69,0,Industrial,0,0,0.0,0.72,0,0,0,1,70.0,1,11.159999999999968,Other Thermal Event,20,LOW,Other Thermal Event,91.15,1.06,0.0,1.86,0.0,0.0,5.93,91.15,Normal Persistent Source,85.22,False,Confident Assessment,SHREE DIGVIJAY CEMENT,0.17,20.0,LOW
15.18433,76.66764,340.48,0.42,0.45,2026-09-26,746,N21,VIIRS,n,2.0NRT,298.8,4.2,D,VIIRS_NOAA21_NRT,2.4380701754385976,228,0.0094097384667043,72.26739584082888,Abnormal Increase,1,21.45,Food Corporation of India,0,24.02,0,267.48,0,Forest / Woodland,2,1,72.26739584082888,1.22,0,0,1,0,70.0,0,41.68000000000001,Other Thermal Event,20,LOW,Other Thermal Event,92.28,5.32,0.0,0.0,0.0,0.63,1.76,92.28,Agricultural Burning,86.96,False,Confident Assessment,Food Corporation of India,21.45,20.0,LOW
18.68566,73.03166,312.27,0.5,0.41,2026-09-25,2114,N,VIIRS,n,2.0NRT,295.15,3.63,N,VIIRS_SNPP_NRT,2.30734693877551,49,0.0097303678494573,57.32354502034318,Abnormal Increase,1,24.04,ONGC Uran Plant Maharashtra,0,549.11,0,23.67,0,Forest / Woodland,2,1,57.32354502034318,1.1,0,0,1,0,70.0,1,17.120000000000005,Other Thermal Event,20,LOW,Other Thermal Event,96.65,2.2,0.0,0.0,0.0,0.3,0.86,96.65,Agricultural Burning,94.45,False,Confident Assessment,ONGC Uran Plant Maharashtra,24.04,20.0,LOW
26.0373,91.26945,305.54,0.4,0.37,2026-09-25,1949,N20,VIIRS,n,2.0NRT,289.56,0.94,N,VIIRS_NOAA20_NRT,0.0,0,,0.0,New / No Local History,1,0.79,Unnamed Industrial Feature,1,547.9,0,44.17,0,Industrial,0,0,0.0,0.94,0,0,0,1,70.0,1,15.980000000000018,Other Thermal Event,20,LOW,Other Thermal Event,87.58,1.82,0.0,4.61,0.0,0.3,5.69,87.58,Normal Persistent Source,81.9,False,Confident Assessment,Unnamed Industrial Feature,0.79,20.0,LOW
15.17771,76.65653,326.68,0.49,0.4,2026-09-26,2055,N,VIIRS,n,2.0NRT,295.79,3.87,N,VIIRS_SNPP_NRT,2.572060301507538,199,0.0039149499641159,50.46303532353858,Abnormal Increase,1,22.59,Food Corporation of India,0,22.83,0,266.19,0,Forest / Woodland,2,1,50.46303532353858,1.08,0,0,1,0,70.0,1,30.889999999999983,Other Thermal Event,20,LOW,Other Thermal Event,98.2,0.66,0.0,0.0,0.0,0.03,1.11,98.2,Normal Persistent Source,97.08,False,Confident Assessment,Food Corporation of India,22.59,20.0,LOW
15.18352,76.66707,331.11,0.49,0.4,2026-09-26,2055,N,VIIRS,n,2.0NRT,293.53,4.08,N,VIIRS_SNPP_NRT,2.4380701754385976,228,1.9407175817276545e-05,67.34547024537663,Abnormal Increase,1,21.51,Food Corporation of India,0,23.92,0,267.37,0,Forest / Woodland,2,1,67.34547024537663,1.19,0,0,1,0,70.0,1,37.58000000000004,Other Thermal Event,20,LOW,Other Thermal Event,99.08,0.59,0.0,0.0,0.0,0.03,0.31,99.08,Agricultural Burning,98.49,False,Confident Assessment,Food Corporation of India,21.51,20.0,LOW
21.37213,81.44747,304.94,0.39,0.36,2026-09-26,2017,N21,VIIRS,n,2.0NRT,293.06,0.51,N,VIIRS_NOAA21_NRT,0.0,0,,0.0,New / No Local History,1,0.21,JK Lakshmi Cement Ltd.,1,164.84,0,273.29,0,Industrial,0,0,0.0,0.51,0,0,0,1,70.0,1,11.879999999999995,Other Thermal Event,20,LOW,Other Thermal Event,92.06,0.47,0.0,2.14,0.0,0.0,5.34,92.06,Normal Persistent Source,86.72,False,Confident Assessment,JK Lakshmi Cement Ltd.,0.21,20.0,LOW
23.92689,85.3446,302.11,0.38,0.59,2026-09-26,2055,N,VIIRS,n,2.0NRT,288.68,0.46,N,VIIRS_SNPP_NRT,0.0,0,,0.0,New / No Local History,1,0.22,Unnamed Industrial Feature,1,60.03,0,182.24,0,Industrial,0,0,0.0,0.46,0,0,0,1,70.0,1,13.430000000000009,Other Thermal Event,20,LOW,Other Thermal Event,93.34,0.73,0.0,1.09,0.0,0.0,4.84,93.34,Normal Persistent Source,88.5,False,Confident Assessment,Unnamed Industrial Feature,0.22,20.0,LOW
22.2037,84.57739,302.72,0.32,0.55,2026-09-26,1932,N20,VIIRS,n,2.0NRT,290.03,0.54,N,VIIRS_NOAA20_NRT,0.0,0,,0.0,New / No Local History,1,1.29,Unnamed Industrial Feature,1,70.85,0,65.37,0,Industrial,0,0,0.0,0.54,0,0,0,1,70.0,1,12.690000000000056,Other Thermal Event,20,LOW,Other Thermal Event,91.33,1.39,0.0,1.38,0.0,0.22,5.68,91.33,Normal Persistent Source,85.65,False,Confident Assessment,Unnamed Industrial Feature,1.29,20.0,LOW
13.09015,79.98143,306.57,0.4,0.37,2026-09-26,2019,N21,VIIRS,n,2.0NRT,294.59,0.64,N,VIIRS_NOAA21_NRT,0.0,0,,0.0,New / No Local History,1,1.28,Spartek Granites,1,24.85,0,31.19,0,Industrial,0,0,0.0,0.64,0,0,0,1,70.0,1,11.980000000000018,Other Thermal Event,20,LOW,Other Thermal Event,89.7,1.38,0.0,2.35,0.0,1.66,4.91,89.7,Normal Persistent Source,84.79,False,Confident Assessment,Spartek Granites,1.28,20.0,LOW
22.36717,87.01602,309.6,0.44,0.46,2026-09-26,2017,N21,VIIRS,n,2.0NRT,293.34,2.34,N,VIIRS_NOAA21_NRT,1.3695833333333332,24,0.0073199719744818,70.8548828719197,Abnormal Increase,1,24.62,Unnamed Industrial Feature,0,161.25,0,113.83,0,Other,4,1,70.8548828719197,0.99,0,0,1,0,70.0,1,16.260000000000048,Other Thermal Event,20,LOW,Other Thermal Event,95.24,2.59,0.0,0.0,0.0,0.35,1.81,95.24,Agricultural Burning,92.65,False,Confident Assessment,Unnamed Industrial Feature,24.62,20.0,LOW
22.36214,87.01932,308.46,0.44,0.46,2026-09-26,2017,N21,VIIRS,n,2.0NRT,293.4,2.34,N,VIIRS_NOAA21_NRT,1.3695833333333332,24,0.0237131991549849,70.8548828719197,Abnormal Increase,1,24.18,Unnamed Industrial Feature,0,161.9,0,113.32,0,Other,4,1,70.8548828719197,0.99,0,0,1,0,70.0,1,15.060000000000002,Other Thermal Event,20,LOW,Other Thermal Event,94.78,2.58,0.0,0.0,0.0,0.35,2.3,94.78,Agricultural Burning,92.2,False,Confident Assessment,Unnamed Industrial Feature,24.18,20.0,LOW
15.34453,75.16792,334.12,0.39,0.36,2026-09-26,822,N,VIIRS,n,2.0NRT,303.3,2.28,D,VIIRS_SNPP_NRT,0.0,0,,0.0,New / No Local History,1,0.26,Food Corporation of India - FSD,1,114.16,0,237.54,0,Industrial,0,0,0.0,2.28,0,0,0,1,70.0,0,30.819999999999997,Other Thermal Event,20,LOW,Other Thermal Event,65.96,7.66,0.0,0.91,7.29,0.51,17.66,65.96,Normal Persistent Source,48.3,False,Confident Assessment,Food Corporation of India - FSD,0.26,20.0,LOW
23.66749,84.99522,303.37,0.63,0.54,2026-09-26,1932,N20,VIIRS,n,2.0NRT,289.48,2.32,N,VIIRS_NOAA20_NRT,1.2993333333333337,15,0.023820000431348,78.55310415597737,Abnormal Increase,1,23.01,Tori Power Project,0,92.86,0,219.41,0,Other,4,1,78.55310415597737,1.01,0,0,1,0,70.0,1,13.889999999999986,Other Thermal Event,20,LOW,Other Thermal Event,94.02,3.51,0.0,0.0,0.0,0.33,2.14,94.02,Agricultural Burning,90.51,False,Confident Assessment,Tori Power Project,23.01,20.0,LOW
21.24499,79.22237,313.99,0.39,0.36,2026-09-26,2017,N21,VIIRS,n,2.0NRT,295.17,1.84,N,VIIRS_NOAA21_NRT,1.19375,8,0.0663287467955986,54.13612565445026,Abnormal Increase,1,36.11,MIDC Nagpur Butibori,0,143.11,0,366.08,0,Forest / Woodland,2,1,54.13612565445026,0.84,0,0,1,0,70.0,1,18.819999999999997,Other Thermal Event,20,LOW,Other Thermal Event,95.49,3.8,0.0,0.0,0.0,0.23,0.48,95.49,Agricultural Burning,91.68,False,Confident Assessment,MIDC Nagpur Butibori,36.11,20.0,LOW
24.76354,74.60736,310.4,0.46,0.47,2026-09-26,2017,N21,VIIRS,n,2.0NRT,293.22,1.91,N,VIIRS_NOAA21_NRT,1.0876923076923075,13,0.002025357077131,75.60113154172562,Abnormal Increase,1,41.07,Unnamed Industrial Feature,0,98.43,0,305.45,0,Cropland / Agriculture,3,1,75.60113154172562,0.91,0,0,1,0,70.0,1,17.17999999999995,Other Thermal Event,20,LOW,Other Thermal Event,94.23,4.68,0.0,0.06,0.0,0.25,0.77,94.23,Agricultural Burning,89.55,False,Confident Assessment,Unnamed Industrial Feature,41.07,20.0,LOW
12.7444,77.61497,307.83,0.71,0.75,2026-09-26,1934,N20,VIIRS,n,2.0NRT,285.57,1.95,N,VIIRS_NOAA20_NRT,1.1433333333333335,6,0.3004489539937401,70.55393586005827,Abnormal Increase,1,4.29,Jigani Industrial Estate,0,26.78,0,36.47,0,Cropland / Agriculture,3,1,70.55393586005827,0.91,0,0,1,0,70.0,1,22.25999999999999,Other Thermal Event,20,LOW,Other Thermal Event,89.03,5.53,0.0,0.06,0.0,2.56,2.82,89.03,Agricultural Burning,83.51,False,Confident Assessment,Jigani Industrial Estate,4.29,20.0,LOW
15.34119,75.16848,335.91,0.39,0.36,2026-09-26,822,N,VIIRS,n,2.0NRT,303.18,2.28,D,VIIRS_SNPP_NRT,0.0,0,,0.0,New / No Local History,1,0.2,Food Corporation of India - FSD,1,113.82,0,237.17,0,Industrial,0,0,0.0,2.28,0,0,0,1,70.0,0,32.73000000000002,Other Thermal Event,20,LOW,Other Thermal Event,64.76,7.66,0.0,0.91,8.06,0.33,18.29,64.76,Normal Persistent Source,46.47,False,Confident Assessment,Food Corporation of India - FSD,0.2,20.0,LOW
22.42947,69.83372,307.75,0.41,0.37,2026-09-26,2114,N20,VIIRS,n,2.0NRT,296.11,1.08,N,VIIRS_NOAA20_NRT,0.0,0,,0.0,New / No Local History,1,0.18,SHREE DIGVIJAY CEMENT,1,89.35,0,8.58,0,Industrial,0,0,0.0,1.08,0,0,0,1,70.0,1,11.639999999999986,Other Thermal Event,20,LOW,Other Thermal Event,91.9,0.88,0.0,2.39,0.0,0.0,4.84,91.9,Normal Persistent Source,87.06,False,Confident Assessment,SHREE DIGVIJAY CEMENT,0.18,20.0,LOW
16.80883,79.91459,307.24,0.39,0.36,2026-09-26,2017,N21,VIIRS,n,2.0NRT,296.14,1.18,N,VIIRS_NOAA21_NRT,0.0,0,,0.0,New / No Local History,1,0.26,Maha Cement,1,356.34,0,133.42,0,Industrial,0,0,0.0,1.18,0,0,0,1,70.0,1,11.100000000000025,Other Thermal Event,20,LOW,Other Thermal Event,91.07,1.24,0.0,2.72,0.0,0.0,4.97,91.07,Normal Persistent Source,86.1,False,Confident Assessment,Maha Cement,0.26,20.0,LOW
15.47682,79.83042,332.04,0.49,0.4,2026-09-26,822,N,VIIRS,l,2.0NRT,302.47,3.2,D,VIIRS_SNPP_NRT,0.97,1,0.6779139757328569,229.89690721649487,Abnormal Increase,1,30.99,kummitha's farm,0,256.82,0,250.81,0,Cropland / Agriculture,3,1,229.89690721649487,1.62,0,1,0,0,30.0,0,29.569999999999997,Other Thermal Event,20,LOW,Other Thermal Event,55.51,36.4,1.18,0.0,3.65,1.78,1.47,55.51,Agricultural Burning,19.11,True,Low Confidence (55.5%),kummitha's farm,30.99,20.0,LOW
22.03805,83.73342,304.97,0.45,0.39,2026-09-26,2017,N21,VIIRS,n,2.0NRT,292.94,2.64,N,VIIRS_NOAA21_NRT,1.6083333333333336,12,0.0222118271534448,64.14507772020724,Abnormal Increase,1,16.15,Hemgir Coal Washery,0,107.39,0,33.81,0,Other,4,1,64.14507772020724,1.01,0,0,1,0,70.0,1,12.03000000000003,Other Thermal Event,20,LOW,Other Thermal Event,94.88,2.21,0.0,0.0,0.0,0.25,2.66,94.88,Normal Persistent Source,92.21,False,Confident Assessment,Hemgir Coal Washery,16.15,20.0,LOW
19.09715,82.1658,327.07,0.42,0.38,2026-09-26,2019,N21,VIIRS,n,2.0NRT,293.09,3.58,N,VIIRS_NOAA21_NRT,2.2891666666666666,36,0.0119852347755996,56.38878776847472,Abnormal Increase,1,36.78,Unnamed Industrial Feature,0,183.03,0,75.32,0,Forest / Woodland,2,1,56.38878776847472,1.09,0,0,1,0,70.0,1,33.98000000000002,Other Thermal Event,20,LOW,Other Thermal Event,96.97,2.18,0.0,0.0,0.0,0.11,0.74,96.97,Agricultural Burning,94.78,False,Confident Assessment,Unnamed Industrial Feature,36.78,20.0,LOW
11.1814,79.09946,314.01,0.39,0.36,2026-09-26,2019,N21,VIIRS,n,2.0NRT,296.03,2.39,N,VIIRS_NOAA21_NRT,1.2836363636363637,11,0.0124668075981606,86.18980169971675,Abnormal Increase,1,11.46,Unnamed Industrial Feature,0,96.47,0,93.5,0,Cropland / Agriculture,3,1,86.18980169971675,1.05,0,0,1,0,70.0,1,17.980000000000018,Other Thermal Event,20,LOW,Other Thermal Event,95.02,3.64,0.0,0.33,0.0,0.34,0.67,95.02,Agricultural Burning,91.38,False,Confident Assessment,Unnamed Industrial Feature,11.46,20.0,LOW
19.96315,79.33319,328.63,0.39,0.36,2026-09-26,2019,N21,VIIRS,n,2.0NRT,296.31,2.38,N,VIIRS_NOAA21_NRT,1.21,1,0.0742045828936279,96.69421487603306,Abnormal Increase,1,3.06,Chandrapur Thermal Power Station,0,3.49,1,223.19,0,Mining,1,1,96.69421487603306,1.08,0,0,0,0,70.0,1,32.31999999999999,Other Thermal Event,20,LOW,Other Thermal Event,52.14,5.36,0.0,1.06,1.02,20.46,19.96,52.14,Mining Activity,31.68,True,Low Confidence (52.1%),Chandrapur Thermal Power Station,3.06,20.0,LOW
23.74021,85.01069,310.03,0.49,0.4,2026-09-26,2017,N21,VIIRS,n,2.0NRT,292.96,2.65,N,VIIRS_NOAA21_NRT,1.3593333333333328,15,0.0651675053655989,94.94850416871022,Abnormal Increase,1,24.38,Tori Power Project,0,90.8,0,215.92,0,Other,4,1,94.94850416871022,1.12,0,0,1,0,70.0,1,17.069999999999993,Other Thermal Event,20,LOW,Other Thermal Event,95.26,2.77,0.0,0.0,0.39,0.3,1.28,95.26,Agricultural Burning,92.49,False,Confident Assessment,Tori Power Project,24.38,20.0,LOW
23.80282,86.33121,329.53,0.38,0.43,2026-09-26,2017,N21,VIIRS,n,2.0NRT,291.71,5.24,N,VIIRS_NOAA21_NRT,2.3069230769230784,65,0.0040960311770681,127.14238079359772,Abnormal Increase,1,3.41,Unnamed Industrial Feature,0,10.12,0,183.15,0,Other,4,1,127.14238079359772,1.58,0,1,1,0,70.0,1,37.81999999999999,Other Thermal Event,30,LOW,Normal Persistent Source,61.37,0.05,0.0,0.0,7.61,3.72,61.37,27.25,Other Thermal Event,34.13,False,Confident Assessment,Unnamed Industrial Feature,3.41,18.0,LOW
23.80353,86.32755,315.46,0.38,0.43,2026-09-26,2017,N21,VIIRS,n,2.0NRT,290.97,5.24,N,VIIRS_NOAA21_NRT,2.402592592592593,54,0.0091579187243559,118.09773392939718,Abnormal Increase,1,3.35,Unnamed Industrial Feature,0,10.5,0,183.01,0,Other,4,1,118.09773392939718,1.54,0,1,1,0,70.0,1,24.489999999999952,Other Thermal Event,30,LOW,Normal Persistent Source,66.6,0.09,0.76,0.0,2.62,3.76,66.6,26.18,Other Thermal Event,40.43,False,Confident Assessment,Unnamed Industrial Feature,3.35,18.0,LOW
22.26526,75.13473,311.51,0.49,0.41,2026-09-24,2053,N21,VIIRS,n,2.0NRT,290.79,1.79,N,VIIRS_NOAA21_NRT,0.86,2,0.1101615672842289,108.13953488372094,Abnormal Increase,1,69.87,Pithampur Industrial Area,0,271.68,0,201.05,0,Other,4,1,108.13953488372094,0.96,0,1,1,0,70.0,1,20.71999999999997,Agricultural Burning,20,LOW,Agricultural Burning,77.97,77.97,0.77,0.0,0.0,0.33,1.03,19.9,Other Thermal Event,58.07,False,Confident Assessment,Pithampur Industrial Area,69.87,15.0,LOW
27.77599,95.53706,325.66,0.62,0.54,2026-09-26,608,N21,VIIRS,l,2.0NRT,299.08,6.81,D,VIIRS_NOAA21_NRT,2.99,4,0.1054306798096255,127.7591973244147,Abnormal Increase,1,35.44,Truck Stand and Weight Bridge,0,1013.08,0,43.67,0,Forest / Woodland,2,1,127.7591973244147,1.71,0,1,1,0,30.0,0,26.58000000000004,Other Thermal Event,20,LOW,Agricultural Burning,55.93,55.93,3.03,0.0,0.38,0.39,2.24,38.04,Other Thermal Event,17.89,True,Low Confidence (55.9%),Truck Stand and Weight Bridge,35.44,15.0,LOW
13.1235,80.26916,331.02,0.43,0.38,2026-09-26,746,N21,VIIRS,l,2.0NRT,302.72,4.48,D,VIIRS_NOAA21_NRT,0.0,0,,0.0,New / No Local History,1,0.5,Korukkupet Goods Shed,1,5.83,0,0.8,1,Industrial,0,0,0.0,4.48,0,0,0,1,30.0,0,28.299999999999955,Other Thermal Event,10,LOW,Gas Flare,80.38,0.61,0.0,80.38,4.67,1.45,6.07,6.83,Other Thermal Event,73.55,False,Confident Assessment,Korukkupet Goods Shed,0.5,15.0,LOW
18.86038,72.92651,314.22,0.32,0.54,2026-09-24,2131,N,VIIRS,n,2.0NRT,289.68,3.58,N,VIIRS_SNPP_NRT,3.46,1,0.1149419678082941,3.4682080924855523,Single Historical Detection,1,9.26,ONGC Uran Plant Maharashtra,0,571.43,0,2.6,1,Other,4,1,3.4682080924855523,0.8,0,0,0,0,70.0,1,24.54000000000002,Gas Flare,10,LOW,Gas Flare,76.05,22.97,0.0,76.05,0.0,0.0,0.0,0.98,Agricultural Burning,53.08,False,Confident Assessment,ONGC Uran Plant Maharashtra,9.26,15.0,LOW
13.12521,80.26895,333.74,0.43,0.38,2026-09-26,746,N21,VIIRS,l,2.0NRT,302.48,4.73,D,VIIRS_NOAA21_NRT,0.0,0,,0.0,New / No Local History,1,0.69,Korukkupet Goods Shed,1,6.0,0,0.98,1,Industrial,0,0,0.0,4.73,0,0,0,1,30.0,0,31.25999999999999,Other Thermal Event,10,LOW,Gas Flare,82.33,0.61,0.0,82.33,4.05,1.65,4.88,6.48,Other Thermal Event,75.84,False,Confident Assessment,Korukkupet Goods Shed,0.69,15.0,LOW
18.85897,72.92894,329.83,0.43,0.38,2026-09-24,2055,N21,VIIRS,n,2.0NRT,295.55,4.68,N,VIIRS_NOAA21_NRT,3.46,1,0.1410842153376161,35.26011560693641,Single Historical Detection,1,9.11,ONGC Uran Plant Maharashtra,0,571.16,0,2.61,1,Other,4,1,35.26011560693641,1.05,0,0,0,0,70.0,1,34.27999999999997,Gas Flare,10,LOW,Gas Flare,77.5,20.92,0.0,77.5,0.0,0.0,0.0,1.58,Agricultural Burning,56.57,False,Confident Assessment,ONGC Uran Plant Maharashtra,9.11,15.0,LOW
24.93191,74.63173,309.15,0.44,0.38,2026-09-24,2053,N21,VIIRS,n,2.0NRT,295.99,1.21,N,VIIRS_NOAA21_NRT,1.14,8,0.0817358568370578,6.140350877192988,Persistent / Stable,1,43.56,Unnamed Industrial Feature,0,110.38,0,322.96,0,Cropland / Agriculture,3,1,6.140350877192988,0.57,0,0,1,0,70.0,1,13.159999999999968,Other Thermal Event,10,LOW,Other Thermal Event,93.73,5.67,0.0,0.06,0.0,0.06,0.48,93.73,Agricultural Burning,88.06,False,Confident Assessment,Unnamed Industrial Feature,43.56,10.0,LOW
21.74591,83.84197,337.45,0.54,0.42,2026-09-23,758,N20,VIIRS,n,2.0NRT,290.95,7.04,D,VIIRS_NOAA20_NRT,4.736385542168675,83,0.0101190391711197,48.63654863654864,Persistent / Stable,1,6.28,Unnamed Industrial Feature,0,95.68,0,26.19,0,Other,4,1,48.63654863654864,1.23,0,0,1,0,70.0,0,46.5,Other Thermal Event,10,LOW,Other Thermal Event,96.75,2.34,0.0,0.0,0.0,0.32,0.6,96.75,Agricultural Burning,94.41,False,Confident Assessment,Unnamed Industrial Feature,6.28,10.0,LOW
24.66307,74.63187,308.28,0.56,0.43,2026-09-23,2027,N20,VIIRS,n,2.0NRT,297.4,1.85,N,VIIRS_NOAA20_NRT,1.4700000000000002,8,0.0315729558853718,25.850340136054413,Persistent / Stable,1,31.36,Unnamed Industrial Feature,0,96.07,0,297.12,0,Cropland / Agriculture,3,1,25.850340136054413,0.75,0,0,1,0,70.0,1,10.879999999999995,Other Thermal Event,10,LOW,Other Thermal Event,94.68,4.66,0.0,0.06,0.0,0.06,0.54,94.68,Agricultural Burning,90.01,False,Confident Assessment,Unnamed Industrial Feature,31.36,10.0,LOW
15.18511,76.65795,308.63,0.49,0.4,2026-09-26,2055,N,VIIRS,n,2.0NRT,293.68,2.73,N,VIIRS_SNPP_NRT,2.513302752293579,218,0.0066681216349652,8.622011315933523,Persistent / Stable,1,22.5,Food Corporation of India,0,23.63,0,266.96,0,Forest / Woodland,2,1,8.622011315933523,0.78,0,0,1,0,70.0,1,14.949999999999989,Other Thermal Event,10,LOW,Other Thermal Event,98.57,0.73,0.0,0.0,0.0,0.02,0.68,98.57,Agricultural Burning,97.84,False,Confident Assessment,Food Corporation of India,22.5,10.0,LOW
21.24668,79.21109,305.5,0.39,0.36,2026-09-26,2017,N21,VIIRS,n,2.0NRT,293.05,1.79,N,VIIRS_NOAA21_NRT,1.19375,8,0.011484558788946,49.94764397905758,Persistent / Stable,1,35.63,MIDC Nagpur Butibori,0,143.37,0,366.4,0,Forest / Woodland,2,1,49.94764397905758,0.82,0,0,1,0,70.0,1,12.449999999999989,Other Thermal Event,10,LOW,Other Thermal Event,94.11,5.01,0.0,0.0,0.0,0.17,0.71,94.11,Agricultural Burning,89.09,False,Confident Assessment,MIDC Nagpur Butibori,35.63,10.0,LOW
18.68565,73.03086,308.45,0.49,0.48,2026-09-26,2017,N21,VIIRS,n,2.0NRT,291.35,2.5,N,VIIRS_NOAA21_NRT,2.326458333333333,48,0.0180808566688139,7.459478821527727,Persistent / Stable,1,24.03,ONGC Uran Plant Maharashtra,0,549.15,0,23.63,0,Forest / Woodland,2,1,7.459478821527727,0.75,0,0,1,0,70.0,1,17.099999999999966,Other Thermal Event,10,LOW,Other Thermal Event,96.0,2.92,0.0,0.0,0.0,0.12,0.96,96.0,Agricultural Burning,93.09,False,Confident Assessment,ONGC Uran Plant Maharashtra,24.03,10.0,LOW
15.1843,76.66751,307.89,0.43,0.62,2026-09-26,2114,N20,VIIRS,n,2.0NRT,291.12,2.62,N,VIIRS_NOAA20_NRT,2.4380701754385976,228,0.0221834637729409,7.462042167374208,Persistent / Stable,1,21.47,Food Corporation of India,0,24.01,0,267.47,0,Forest / Woodland,2,1,7.462042167374208,0.76,0,0,1,0,70.0,1,16.769999999999982,Other Thermal Event,10,LOW,Other Thermal Event,98.4,0.86,0.0,0.0,0.0,0.02,0.72,98.4,Agricultural Burning,97.55,False,Confident Assessment,Food Corporation of India,21.47,10.0,LOW
18.68112,73.03539,315.74,0.44,0.38,2026-09-24,2055,N21,VIIRS,n,2.0NRT,296.17,2.56,N,VIIRS_NOAA21_NRT,2.2831999999999995,50,0.069550201728253,12.123335669236187,Persistent / Stable,1,24.59,ONGC Uran Plant Maharashtra,0,548.47,0,24.29,0,Forest / Woodland,2,1,12.123335669236187,0.78,0,0,1,0,70.0,1,19.569999999999997,Other Thermal Event,10,LOW,Other Thermal Event,96.94,1.94,0.37,0.0,0.0,0.12,0.63,96.94,Agricultural Burning,95.0,False,Confident Assessment,ONGC Uran Plant Maharashtra,24.59,10.0,LOW
15.17401,76.65582,321.55,0.49,0.4,2026-09-26,2055,N,VIIRS,n,2.0NRT,294.09,2.66,N,VIIRS_SNPP_NRT,2.5956544502617804,191,0.001746527120779,2.478972103999831,Persistent / Stable,1,22.42,NMDC Donimalai Iron Mine,0,22.42,0,265.81,0,Forest / Woodland,2,1,2.478972103999831,0.74,0,0,1,0,70.0,1,27.46000000000004,Other Thermal Event,10,LOW,Other Thermal Event,98.32,0.98,0.0,0.0,0.0,0.0,0.7,98.32,Agricultural Burning,97.34,False,Confident Assessment,NMDC Donimalai Iron Mine,22.42,10.0,LOW
23.16602,82.33613,306.92,0.67,0.74,2026-09-26,2112,N20,VIIRS,n,2.0NRT,281.27,2.67,N,VIIRS_NOAA20_NRT,1.913076923076923,13,0.1053842046577591,39.565741857659845,Persistent / Stable,1,80.09,Salora Power Station,0,97.35,0,223.28,0,Forest / Woodland,2,1,39.565741857659845,0.92,0,0,1,0,70.0,1,25.650000000000038,Other Thermal Event,10,LOW,Other Thermal Event,96.59,2.33,0.0,0.0,0.0,0.14,0.95,96.59,Agricultural Burning,94.26,False,Confident Assessment,Salora Power Station,80.09,10.0,LOW
15.16891,76.38219,309.23,0.48,0.4,2026-09-26,2055,N,VIIRS,n,2.0NRT,292.5,1.37,N,VIIRS_SNPP_NRT,1.3303571428571428,28,0.0064059252751933,2.9798657718120936,Persistent / Stable,1,22.56,APMC,0,27.54,0,249.68,0,Forest / Woodland,2,1,2.9798657718120936,0.59,0,0,1,0,70.0,1,16.730000000000018,Other Thermal Event,10,LOW,Other Thermal Event,97.69,1.65,0.0,0.0,0.0,0.4,0.26,97.69,Agricultural Burning,96.04,False,Confident Assessment,APMC,22.56,10.0,LOW
18.685,73.03051,311.81,0.43,0.46,2026-09-26,2114,N20,VIIRS,n,2.0NRT,293.54,2.73,N,VIIRS_NOAA20_NRT,2.326458333333333,48,0.0075686207645841,17.34575087310828,Persistent / Stable,1,24.09,ONGC Uran Plant Maharashtra,0,549.11,0,23.68,0,Forest / Woodland,2,1,17.34575087310828,0.82,0,0,1,0,70.0,1,18.269999999999985,Other Thermal Event,10,LOW,Other Thermal Event,96.35,2.7,0.0,0.0,0.0,0.16,0.79,96.35,Agricultural Burning,93.64,False,Confident Assessment,ONGC Uran Plant Maharashtra,24.09,10.0,LOW
24.93318,74.63246,305.64,0.62,0.54,2026-09-24,2129,N,VIIRS,n,2.0NRT,293.87,1.39,N,VIIRS_SNPP_NRT,1.14,8,0.0080984103502449,21.92982456140351,Persistent / Stable,1,43.43,Unnamed Industrial Feature,0,110.53,0,323.12,0,Cropland / Agriculture,3,1,21.92982456140351,0.65,0,0,1,0,70.0,1,11.769999999999982,Other Thermal Event,10,LOW,Other Thermal Event,93.04,6.1,0.0,0.06,0.0,0.06,0.74,93.04,Agricultural Burning,86.93,False,Confident Assessment,Unnamed Industrial Feature,43.43,10.0,LOW
24.81914,73.0939,307.86,0.4,0.37,2026-09-24,2053,N21,VIIRS,n,2.0NRT,297.78,1.35,N,VIIRS_NOAA21_NRT,0.9616666666666668,6,0.0525449345033842,40.38128249566724,Persistent / Stable,1,45.86,India One,0,84.16,0,211.24,0,Other,4,1,40.38128249566724,0.69,0,0,1,0,70.0,1,10.08000000000004,Other Thermal Event,10,LOW,Other Thermal Event,87.21,10.56,0.0,0.0,0.0,0.07,2.17,87.21,Agricultural Burning,76.65,False,Confident Assessment,India One,45.86,10.0,LOW
24.81978,73.09007,308.99,0.4,0.37,2026-09-24,2053,N21,VIIRS,n,2.0NRT,297.96,1.35,N,VIIRS_NOAA21_NRT,0.9616666666666668,6,0.170561877122445,40.38128249566724,Persistent / Stable,1,45.65,India One,0,84.51,0,210.88,0,Other,4,1,40.38128249566724,0.69,0,0,1,0,70.0,1,11.03000000000003,Other Thermal Event,10,LOW,Other Thermal Event,87.21,10.56,0.0,0.0,0.0,0.07,2.17,87.21,Agricultural Burning,76.65,False,Confident Assessment,India One,45.65,10.0,LOW
22.31353,69.85732,309.2,0.4,0.37,2026-09-24,2053,N21,VIIRS,n,2.0NRT,297.0,1.18,N,VIIRS_NOAA21_NRT,3.5263636363636364,11,0.0841613675054539,-66.53776746584172,Persistent / Reduced,1,2.76,Reliance Refinery,0,102.43,0,2.76,1,Other,4,1,-66.53776746584172,0.26,0,0,1,0,70.0,1,12.199999999999989,Gas Flare,5,LOW,Gas Flare,88.34,0.12,0.0,88.34,0.0,0.0,10.39,1.15,Normal Persistent Source,77.96,False,Confident Assessment,Reliance Refinery,2.76,10.0,LOW
22.04054,83.73252,306.62,0.41,0.37,2026-09-23,2010,N,VIIRS,n,2.0NRT,281.23,1.82,N,VIIRS_SNPP_NRT,1.550909090909091,11,0.0051537615209185,17.350527549824147,Persistent / Stable,1,16.42,Hemgir Coal Washery,0,107.53,0,34.01,0,Other,4,1,17.350527549824147,0.71,0,0,1,0,70.0,1,25.389999999999983,Other Thermal Event,10,LOW,Other Thermal Event,95.96,2.64,0.0,0.0,0.0,0.16,1.24,95.96,Agricultural Burning,93.32,False,Confident Assessment,Hemgir Coal Washery,16.42,10.0,LOW
15.65814,73.9877,316.1,0.39,0.44,2026-09-26,2017,N21,VIIRS,n,2.0NRT,291.44,1.58,N,VIIRS_NOAA21_NRT,1.3135714285714286,14,0.0332011746726701,20.282762370853728,Persistent / Stable,1,56.26,J P Foundry,0,232.45,0,304.31,0,Forest / Woodland,2,1,20.282762370853728,0.68,0,0,1,0,70.0,1,24.660000000000025,Other Thermal Event,10,LOW,Other Thermal Event,96.2,3.25,0.0,0.0,0.0,0.11,0.43,96.2,Agricultural Burning,92.95,False,Confident Assessment,J P Foundry,56.26,10.0,LOW
24.76542,74.60632,304.71,0.46,0.47,2026-09-26,2017,N21,VIIRS,n,2.0NRT,293.17,1.56,N,VIIRS_NOAA21_NRT,1.0876923076923075,13,0.0251772401467031,43.42291371994345,Persistent / Stable,1,41.3,Unnamed Industrial Feature,0,98.43,0,305.58,0,Cropland / Agriculture,3,1,43.42291371994345,0.75,0,0,1,0,70.0,1,11.539999999999964,Other Thermal Event,10,LOW,Other Thermal Event,93.61,5.3,0.0,0.06,0.0,0.17,0.85,93.61,Agricultural Burning,88.31,False,Confident Assessment,Unnamed Industrial Feature,41.3,10.0,LOW
12.74399,77.62009,312.63,0.39,0.36,2026-09-26,2019,N21,VIIRS,n,2.0NRT,289.74,1.32,N,VIIRS_NOAA21_NRT,1.1433333333333335,6,0.0125698427998419,15.451895043731763,Persistent / Stable,1,4.06,Jigani Industrial Estate,0,26.95,0,36.13,0,Cropland / Agriculture,3,1,15.451895043731763,0.62,0,0,1,0,70.0,1,22.889999999999983,Other Thermal Event,10,LOW,Other Thermal Event,89.04,5.24,0.0,0.06,0.0,2.59,3.07,89.04,Agricultural Burning,83.81,False,Confident Assessment,Jigani Industrial Estate,4.06,10.0,LOW
18.68454,73.04005,315.28,0.49,0.48,2026-09-26,2017,N21,VIIRS,n,2.0NRT,292.37,3.23,N,VIIRS_NOAA21_NRT,2.2831999999999995,50,0.0129413798281614,41.46811492641909,Persistent / Stable,1,24.28,ONGC Uran Plant Maharashtra,0,548.52,0,24.15,0,Forest / Woodland,2,1,41.46811492641909,0.98,0,0,1,0,70.0,1,22.909999999999968,Other Thermal Event,10,LOW,Other Thermal Event,96.56,2.22,0.0,0.0,0.0,0.3,0.93,96.56,Agricultural Burning,94.34,False,Confident Assessment,ONGC Uran Plant Maharashtra,24.28,10.0,LOW
18.68066,73.03488,322.42,0.49,0.48,2026-09-26,2017,N21,VIIRS,n,2.0NRT,291.87,3.23,N,VIIRS_NOAA21_NRT,2.2831999999999995,50,0.0663994053555651,41.46811492641909,Persistent / Stable,1,24.63,ONGC Uran Plant Maharashtra,0,548.46,0,24.31,0,Forest / Woodland,2,1,41.46811492641909,0.98,0,0,1,0,70.0,1,30.55000000000001,Other Thermal Event,10,LOW,Other Thermal Event,94.87,3.87,0.0,0.38,0.0,0.11,0.77,94.87,Agricultural Burning,91.0,False,Confident Assessment,ONGC Uran Plant Maharashtra,24.63,10.0,LOW
22.31483,69.8546,304.84,0.34,0.56,2026-09-23,2027,N20,VIIRS,n,2.0NRT,294.71,0.33,N,VIIRS_NOAA20_NRT,3.705384615384616,13,0.0544228012635964,-91.0940419348142,Persistent / Reduced,1,2.73,Reliance Refinery,0,102.26,0,2.73,1,Other,4,1,-91.0940419348142,0.07,0,0,1,0,70.0,1,10.129999999999995,Gas Flare,5,LOW,Gas Flare,88.73,0.0,0.0,88.73,0.0,0.0,6.98,4.29,Normal Persistent Source,81.74,False,Confident Assessment,Reliance Refinery,2.73,10.0,LOW
15.17403,76.69215,316.36,0.42,0.38,2026-09-26,2017,N21,VIIRS,n,2.0NRT,294.27,1.9,N,VIIRS_NOAA21_NRT,1.8696052631578937,76,0.0088020458137686,1.6257301710184229,Persistent / Stable,1,18.76,Food Corporation of India,0,24.41,0,268.07,0,Forest / Woodland,2,1,1.6257301710184229,0.66,0,0,1,0,70.0,1,22.090000000000032,Other Thermal Event,10,LOW,Other Thermal Event,97.33,1.48,0.0,0.0,0.0,0.07,1.12,97.33,Agricultural Burning,95.86,False,Confident Assessment,Food Corporation of India,18.76,10.0,LOW
8.66979,77.99287,310.54,0.39,0.36,2026-09-26,2019,N21,VIIRS,n,2.0NRT,295.35,1.69,N,VIIRS_NOAA21_NRT,1.6814285714285713,7,0.0093588020506089,0.5097706032285533,Persistent / Stable,1,23.44,SPIC Tuticorin Fertilizers,0,121.62,0,158.32,0,Other,4,1,0.5097706032285533,0.63,0,0,1,0,70.0,1,15.189999999999998,Other Thermal Event,10,LOW,Other Thermal Event,94.07,4.27,0.0,0.0,0.0,0.16,1.49,94.07,Agricultural Burning,89.79,False,Confident Assessment,SPIC Tuticorin Fertilizers,23.44,10.0,LOW
24.69028,73.0013,309.07,0.51,0.41,2026-09-26,2112,N20,VIIRS,n,2.0NRT,295.59,1.54,N,VIIRS_NOAA20_NRT,1.1736363636363636,11,0.0394030356684673,31.21611154144075,Persistent / Stable,1,29.13,India One,0,84.4,0,201.34,0,Other,4,1,31.21611154144075,0.71,0,0,1,0,70.0,1,13.480000000000018,Other Thermal Event,10,LOW,Other Thermal Event,94.3,3.05,0.0,0.0,0.0,0.28,2.37,94.3,Agricultural Burning,91.26,False,Confident Assessment,India One,29.13,10.0,LOW
22.02913,83.36737,305.12,0.44,0.38,2026-09-26,2017,N21,VIIRS,n,2.0NRT,284.95,1.74,N,VIIRS_NOAA21_NRT,1.5653846153846156,13,0.3824768496314876,11.15479115479114,Persistent / Stable,1,4.42,Unnamed Industrial Feature,0,79.26,0,69.55,0,Other,4,1,11.15479115479114,0.68,0,0,1,0,70.0,1,20.170000000000016,Other Thermal Event,10,LOW,Other Thermal Event,90.27,5.15,0.0,0.0,0.0,0.31,4.27,90.27,Agricultural Burning,85.12,False,Confident Assessment,Unnamed Industrial Feature,4.42,10.0,LOW
24.66132,74.63155,305.29,0.42,0.45,2026-09-26,2112,N20,VIIRS,n,2.0NRT,295.07,1.52,N,VIIRS_NOAA20_NRT,1.4700000000000002,8,0.0232504796372997,3.401360544217674,Persistent / Stable,1,31.25,Unnamed Industrial Feature,0,95.97,0,296.94,0,Cropland / Agriculture,3,1,3.401360544217674,0.62,0,0,1,0,70.0,1,10.220000000000027,Other Thermal Event,10,LOW,Other Thermal Event,94.97,4.5,0.0,0.06,0.0,0.06,0.41,94.97,Agricultural Burning,90.47,False,Confident Assessment,Unnamed Industrial Feature,31.25,10.0,LOW
23.16797,82.34313,298.81,0.67,0.74,2026-09-26,2112,N20,VIIRS,n,2.0NRT,282.51,2.12,N,VIIRS_NOAA20_NRT,1.913076923076923,13,0.0082017486330187,10.81624447125052,Persistent / Stable,1,80.05,Salora Power Station,0,97.29,0,222.86,0,Forest / Woodland,2,1,10.81624447125052,0.73,0,0,1,0,70.0,1,16.30000000000001,Other Thermal Event,10,LOW,Other Thermal Event,95.91,3.1,0.0,0.0,0.0,0.09,0.9,95.91,Agricultural Burning,92.82,False,Confident Assessment,Salora Power Station,80.05,10.0,LOW
22.93416,69.69668,319.15,0.4,0.37,2026-09-26,2114,N20,VIIRS,n,2.0NRT,296.41,2.41,N,VIIRS_NOAA20_NRT,2.3864,25,0.0256482907806254,0.9889373114314476,Persistent / Stable,1,10.89,Mundra Port Industrial SEZ,0,32.95,0,55.0,0,Other,4,1,0.9889373114314476,0.71,0,0,1,0,70.0,1,22.739999999999952,Other Thermal Event,10,LOW,Other Thermal Event,95.48,1.7,0.0,0.0,0.0,0.4,2.43,95.48,Normal Persistent Source,93.05,False,Confident Assessment,Mundra Port Industrial SEZ,10.89,10.0,LOW
11.80806,77.92495,338.09,0.39,0.36,2026-09-26,822,N,VIIRS,n,2.0NRT,305.88,1.88,D,VIIRS_SNPP_NRT,1.7600000000000002,40,0.0057179110206135,6.818181818181798,Persistent / Stable,1,13.68,TNSTC Depot Mettur Dam,0,136.11,0,109.92,0,Cropland / Agriculture,3,1,6.818181818181798,0.68,0,0,1,0,70.0,0,32.20999999999998,Other Thermal Event,10,LOW,Other Thermal Event,85.8,12.07,0.0,0.37,0.0,0.03,1.73,85.8,Agricultural Burning,73.73,False,Confident Assessment,TNSTC Depot Mettur Dam,13.68,10.0,LOW
18.71724,79.53783,308.77,0.38,0.36,2026-09-26,2019,N21,VIIRS,n,2.0NRT,296.88,1.93,N,VIIRS_NOAA21_NRT,1.7500000000000002,13,0.01015664962303,10.285714285714269,Persistent / Stable,1,5.99,"TGSRTC Bus Depot , Godavarikhani",0,140.42,0,83.09,0,Other,4,1,10.285714285714269,0.7,0,0,1,0,70.0,1,11.889999999999986,Other Thermal Event,10,LOW,Other Thermal Event,92.68,4.98,0.0,0.0,0.0,0.24,2.1,92.68,Agricultural Burning,87.71,False,Confident Assessment,"TGSRTC Bus Depot , Godavarikhani",5.99,10.0,LOW
12.96205,80.15907,330.19,0.47,0.4,2026-09-26,822,N,VIIRS,l,2.0NRT,302.72,1.93,D,VIIRS_SNPP_NRT,0.0,0,,0.0,New / No Local History,1,1.75,Unnamed Industrial Feature,1,1.75,1,20.84,0,Industrial,0,0,0.0,1.93,0,0,0,1,30.0,0,27.46999999999997,Other Thermal Event,10,LOW,Other Thermal Event,44.52,4.62,0.0,5.1,4.62,11.06,30.08,44.52,Normal Persistent Source,14.44,True,Ambiguous (Other Thermal Event vs Normal Persistent Source),Unnamed Industrial Feature,1.75,10.0,LOW
24.76594,74.60468,309.21,0.37,0.58,2026-09-24,2010,N20,VIIRS,n,2.0NRT,293.31,1.1,N,VIIRS_NOAA20_NRT,1.0876923076923075,13,0.0249222088780598,1.1315417256011562,Persistent / Stable,1,41.45,Unnamed Industrial Feature,0,98.31,0,305.54,0,Cropland / Agriculture,3,1,1.1315417256011562,0.53,0,0,1,0,70.0,1,15.899999999999975,Other Thermal Event,10,LOW,Other Thermal Event,94.27,5.06,0.0,0.06,0.0,0.09,0.52,94.27,Agricultural Burning,89.21,False,Confident Assessment,Unnamed Industrial Feature,41.45,10.0,LOW
26.2579,74.09552,306.96,0.54,0.51,2026-09-24,2129,N,VIIRS,n,2.0NRT,296.36,1.25,N,VIIRS_SNPP_NRT,0.905625,16,0.0075857927688063,38.02622498274672,Persistent / Stable,1,5.69,Unnamed Industrial Feature,0,215.04,0,277.42,0,Cropland / Agriculture,3,1,38.02622498274672,0.66,0,0,1,0,70.0,1,10.599999999999966,Other Thermal Event,10,LOW,Other Thermal Event,90.24,7.33,0.0,0.06,0.0,0.58,1.79,90.24,Agricultural Burning,82.91,False,Confident Assessment,Unnamed Industrial Feature,5.69,10.0,LOW
26.25828,74.09519,306.89,0.44,0.38,2026-09-25,2034,N21,VIIRS,n,2.0NRT,296.61,1.34,N,VIIRS_NOAA21_NRT,0.905625,16,0.0078586713226371,47.964113181504494,Persistent / Stable,1,5.67,Unnamed Industrial Feature,0,215.07,0,277.4,0,Cropland / Agriculture,3,1,47.964113181504494,0.7,0,0,1,0,70.0,1,10.279999999999973,Other Thermal Event,10,LOW,Other Thermal Event,89.71,7.86,0.0,0.06,0.0,0.58,1.79,89.71,Agricultural Burning,81.85,False,Confident Assessment,Unnamed Industrial Feature,5.67,10.0,LOW
18.68532,73.03194,317.96,0.44,0.38,2026-09-24,2055,N21,VIIRS,n,2.0NRT,295.89,2.56,N,VIIRS_NOAA21_NRT,2.2831999999999995,50,0.0142814483811327,12.123335669236187,Persistent / Stable,1,24.08,ONGC Uran Plant Maharashtra,0,549.06,0,23.71,0,Forest / Woodland,2,1,12.123335669236187,0.78,0,0,1,0,70.0,1,22.069999999999997,Other Thermal Event,10,LOW,Other Thermal Event,96.94,1.94,0.37,0.0,0.0,0.12,0.63,96.94,Agricultural Burning,95.0,False,Confident Assessment,ONGC Uran Plant Maharashtra,24.08,10.0,LOW
18.85483,72.92818,309.94,0.32,0.54,2026-09-24,2131,N,VIIRS,n,2.0NRT,291.55,1.68,N,VIIRS_SNPP_NRT,3.46,1,0.0611191074489412,-51.44508670520232,Single Historical Detection,1,9.42,ONGC Uran Plant Maharashtra,0,570.82,0,3.06,1,Other,4,1,-51.44508670520232,0.38,0,0,0,0,70.0,1,18.389999999999983,Gas Flare,5,LOW,Gas Flare,75.65,22.12,0.0,75.65,0.0,0.0,0.31,1.92,Agricultural Burning,53.53,False,Confident Assessment,ONGC Uran Plant Maharashtra,9.42,10.0,LOW
18.85981,72.92925,318.23,0.32,0.54,2026-09-24,2131,N,VIIRS,n,2.0NRT,290.75,1.68,N,VIIRS_SNPP_NRT,3.46,1,0.1737412513301892,-51.44508670520232,Single Historical Detection,1,9.04,ONGC Uran Plant Maharashtra,0,571.22,0,2.51,1,Other,4,1,-51.44508670520232,0.38,0,0,0,0,70.0,1,27.480000000000015,Gas Flare,5,LOW,Gas Flare,75.65,22.12,0.0,75.65,0.0,0.0,0.31,1.92,Agricultural Burning,53.53,False,Confident Assessment,ONGC Uran Plant Maharashtra,9.04,10.0,LOW
22.35779,82.30328,336.75,0.4,0.37,2026-09-26,2017,N21,VIIRS,n,2.0NRT,291.04,4.66,N,VIIRS_NOAA21_NRT,3.82625,24,0.0020625714493427,21.790264619405413,Persistent / Stable,1,13.54,Bhandhakhar Power Station,0,38.75,0,184.68,0,Forest / Woodland,2,1,21.790264619405413,0.97,0,0,1,0,70.0,1,45.70999999999998,Other Thermal Event,10,LOW,Other Thermal Event,97.54,1.38,0.0,0.35,0.0,0.04,0.69,97.54,Agricultural Burning,96.17,False,Confident Assessment,Bhandhakhar Power Station,13.54,10.0,LOW
22.93351,69.70054,312.48,0.4,0.37,2026-09-26,2114,N20,VIIRS,n,2.0NRT,296.47,2.41,N,VIIRS_NOAA20_NRT,2.3864,25,0.0307659059023226,0.9889373114314476,Persistent / Stable,1,10.73,Mundra Port Industrial SEZ,0,32.98,0,54.91,0,Other,4,1,0.9889373114314476,0.71,0,0,1,0,70.0,1,16.00999999999999,Other Thermal Event,10,LOW,Other Thermal Event,94.87,1.7,0.0,0.0,0.0,0.4,3.03,94.87,Normal Persistent Source,91.85,False,Confident Assessment,Mundra Port Industrial SEZ,10.73,10.0,LOW
18.69088,73.04147,322.28,0.44,0.38,2026-09-24,2055,N21,VIIRS,n,2.0NRT,293.67,2.71,N,VIIRS_NOAA21_NRT,2.2831999999999995,50,0.006891351788747,18.69306236860549,Persistent / Stable,1,23.61,ONGC Uran Plant Maharashtra,0,549.03,0,23.59,0,Forest / Woodland,2,1,18.69306236860549,0.83,0,0,1,0,70.0,1,28.60999999999996,Other Thermal Event,10,LOW,Other Thermal Event,97.03,2.02,0.0,0.38,0.0,0.08,0.48,97.03,Agricultural Burning,95.01,False,Confident Assessment,ONGC Uran Plant Maharashtra,23.61,10.0,LOW
23.3141,70.48811,311.21,0.39,0.36,2026-09-24,2053,N21,VIIRS,n,2.0NRT,298.1,1.61,N,VIIRS_NOAA21_NRT,1.5000000000000002,13,0.071483477495958,7.333333333333323,Persistent / Stable,1,34.35,Unnamed Industrial Feature,0,77.26,0,103.33,0,Other,4,1,7.333333333333323,0.64,0,0,1,0,70.0,1,13.109999999999957,Other Thermal Event,10,LOW,Other Thermal Event,95.04,3.1,0.0,0.0,0.0,0.05,1.81,95.04,Agricultural Burning,91.94,False,Confident Assessment,Unnamed Industrial Feature,34.35,10.0,LOW
21.0802,85.03572,318.87,0.54,0.42,2026-09-26,2017,N21,VIIRS,n,2.0NRT,290.47,3.38,N,VIIRS_NOAA21_NRT,2.44,20,0.0923677168439116,38.52459016393443,Persistent / Stable,1,4.3,Talcher Super Thermal Powerstation,0,23.99,0,138.77,0,Other,4,1,38.52459016393443,0.98,0,0,1,0,70.0,1,28.399999999999977,Other Thermal Event,10,LOW,Other Thermal Event,95.24,0.75,0.0,0.0,0.0,0.69,3.32,95.24,Normal Persistent Source,91.92,False,Confident Assessment,Talcher Super Thermal Powerstation,4.3,10.0,LOW
27.28735,73.83863,311.34,0.4,0.37,2026-09-24,2055,N21,VIIRS,n,2.0NRT,299.3,1.71,N,VIIRS_NOAA21_NRT,1.25,7,0.048535499019575,36.8,Persistent / Stable,1,92.0,Unnamed Industrial Feature,0,326.76,0,292.78,0,Other,4,1,36.8,0.76,0,0,1,0,70.0,1,12.039999999999964,Other Thermal Event,10,LOW,Other Thermal Event,91.15,6.86,0.0,0.0,0.0,0.07,1.92,91.15,Agricultural Burning,84.3,False,Confident Assessment,Unnamed Industrial Feature,92.0,10.0,LOW
12.96144,80.15998,332.25,0.47,0.4,2026-09-26,822,N,VIIRS,l,2.0NRT,303.17,1.93,D,VIIRS_SNPP_NRT,0.0,0,,0.0,New / No Local History,1,1.69,Unnamed Industrial Feature,1,1.69,1,20.84,0,Industrial,0,0,0.0,1.93,0,0,0,1,30.0,0,29.079999999999984,Other Thermal Event,10,LOW,Other Thermal Event,43.65,5.49,0.0,5.1,4.62,11.65,29.49,43.65,Normal Persistent Source,14.16,True,Ambiguous (Other Thermal Event vs Normal Persistent Source),Unnamed Industrial Feature,1.69,10.0,LOW
24.66206,74.63296,306.49,0.46,0.47,2026-09-26,2017,N21,VIIRS,n,2.0NRT,294.68,1.77,N,VIIRS_NOAA21_NRT,1.4700000000000002,8,0.0161735086302111,20.408163265306108,Persistent / Stable,1,31.2,Unnamed Industrial Feature,0,96.13,0,297.09,0,Cropland / Agriculture,3,1,20.408163265306108,0.72,0,0,1,0,70.0,1,11.810000000000002,Other Thermal Event,10,LOW,Other Thermal Event,96.69,2.65,0.0,0.06,0.0,0.06,0.54,96.69,Agricultural Burning,94.05,False,Confident Assessment,Unnamed Industrial Feature,31.2,10.0,LOW
23.69375,85.28631,308.72,0.51,0.41,2026-09-26,2017,N21,VIIRS,n,2.0NRT,292.08,1.54,N,VIIRS_NOAA21_NRT,1.3681818181818182,11,0.0888513679753341,12.558139534883724,Persistent / Stable,1,5.72,Patratu Thermal Power Station,0,63.07,0,208.46,0,Other,4,1,12.558139534883724,0.65,0,0,1,0,70.0,1,16.640000000000043,Other Thermal Event,10,LOW,Other Thermal Event,93.11,3.48,0.0,0.0,0.0,0.5,2.91,93.11,Agricultural Burning,89.63,False,Confident Assessment,Patratu Thermal Power Station,5.72,10.0,LOW
23.69657,85.29201,306.25,0.51,0.41,2026-09-26,2017,N21,VIIRS,n,2.0NRT,292.47,1.54,N,VIIRS_NOAA21_NRT,1.3681818181818182,11,0.050924879559407,12.558139534883724,Persistent / Stable,1,5.99,Patratu Thermal Power Station,0,62.46,0,207.95,0,Other,4,1,12.558139534883724,0.65,0,0,1,0,70.0,1,13.779999999999973,Other Thermal Event,10,LOW,Other Thermal Event,93.07,3.73,0.0,0.0,0.0,0.28,2.91,93.07,Agricultural Burning,89.34,False,Confident Assessment,Patratu Thermal Power Station,5.99,10.0,LOW
18.6829,73.04022,309.66,0.41,0.37,2026-09-25,2036,N21,VIIRS,n,2.0NRT,289.68,2.44,N,VIIRS_NOAA21_NRT,2.2831999999999995,50,0.0151072363922062,6.867554309740738,Persistent / Stable,1,24.46,ONGC Uran Plant Maharashtra,0,548.36,0,24.32,0,Forest / Woodland,2,1,6.867554309740738,0.74,0,0,1,0,70.0,1,19.980000000000015,Other Thermal Event,10,LOW,Other Thermal Event,96.77,2.32,0.0,0.0,0.0,0.12,0.79,96.77,Agricultural Burning,94.46,False,Confident Assessment,ONGC Uran Plant Maharashtra,24.46,10.0,LOW
18.68107,73.03566,308.87,0.5,0.41,2026-09-25,2114,N,VIIRS,n,2.0NRT,295.23,2.95,N,VIIRS_SNPP_NRT,2.2831999999999995,50,0.0411336524518271,29.2046250875964,Persistent / Stable,1,24.6,ONGC Uran Plant Maharashtra,0,548.45,0,24.3,0,Forest / Woodland,2,1,29.2046250875964,0.9,0,0,1,0,70.0,1,13.639999999999986,Other Thermal Event,10,LOW,Other Thermal Event,95.17,2.99,0.0,0.0,0.0,0.13,1.71,95.17,Agricultural Burning,92.18,False,Confident Assessment,ONGC Uran Plant Maharashtra,24.6,10.0,LOW
18.68006,73.0358,309.58,0.41,0.37,2026-09-25,2036,N21,VIIRS,n,2.0NRT,289.18,2.84,N,VIIRS_NOAA21_NRT,2.2831999999999995,50,0.0266417731248407,24.386825508058887,Persistent / Stable,1,24.71,ONGC Uran Plant Maharashtra,0,548.35,0,24.41,0,Forest / Woodland,2,1,24.386825508058887,0.87,0,0,1,0,70.0,1,20.399999999999977,Other Thermal Event,10,LOW,Other Thermal Event,96.92,2.25,0.0,0.0,0.0,0.16,0.67,96.92,Agricultural Burning,94.67,False,Confident Assessment,ONGC Uran Plant Maharashtra,24.71,10.0,LOW
24.11442,86.85885,311.92,0.42,0.37,2026-09-25,1949,N20,VIIRS,n,2.0NRT,292.06,2.3,N,VIIRS_NOAA20_NRT,1.5869999999999995,10,0.0229168174143728,44.92753623188407,Persistent / Stable,1,28.85,Chittaranjan Locomotive Works,0,56.14,0,167.17,0,Other,4,1,44.92753623188407,0.89,0,0,1,0,70.0,1,19.860000000000014,Other Thermal Event,10,LOW,Other Thermal Event,94.13,2.61,0.0,0.0,0.0,0.56,2.71,94.13,Normal Persistent Source,91.42,False,Confident Assessment,Chittaranjan Locomotive Works,28.85,10.0,LOW
13.71378,79.62415,314.06,0.39,0.36,2026-09-26,2019,N21,VIIRS,n,2.0NRT,296.06,2.13,N,VIIRS_NOAA21_NRT,1.52875,8,0.0434498002280871,39.32951757972199,Persistent / Stable,1,29.75,TTD Transport Yard,0,93.52,0,92.49,0,Cropland / Agriculture,3,1,39.32951757972199,0.84,0,0,1,0,70.0,1,18.0,Other Thermal Event,10,LOW,Other Thermal Event,95.6,2.76,0.0,0.33,0.0,0.48,0.84,95.6,Agricultural Burning,92.85,False,Confident Assessment,TTD Transport Yard,29.75,10.0,LOW
18.68553,73.03807,303.34,0.43,0.62,2026-09-25,2131,N20,VIIRS,n,2.0NRT,291.74,2.39,N,VIIRS_NOAA20_NRT,2.2831999999999995,50,0.021622358437783,4.677645409950976,Persistent / Stable,1,24.14,ONGC Uran Plant Maharashtra,0,548.73,0,23.96,0,Forest / Woodland,2,1,4.677645409950976,0.73,0,0,1,0,70.0,1,11.599999999999966,Other Thermal Event,10,LOW,Other Thermal Event,93.16,5.17,0.0,0.0,0.0,0.05,1.62,93.16,Agricultural Burning,88.0,False,Confident Assessment,ONGC Uran Plant Maharashtra,24.14,10.0,LOW
22.93579,69.70051,308.08,0.44,0.46,2026-09-25,2131,N20,VIIRS,n,2.0NRT,296.13,3.45,N,VIIRS_NOAA20_NRT,2.3864,25,0.0339072934983799,44.569225611800206,Persistent / Stable,1,10.98,Mundra Port Industrial SEZ,0,32.72,0,55.17,0,Other,4,1,44.569225611800206,1.02,0,0,1,0,70.0,1,11.949999999999989,Other Thermal Event,10,LOW,Other Thermal Event,94.84,1.51,0.0,0.0,0.0,0.26,3.39,94.84,Normal Persistent Source,91.45,False,Confident Assessment,Mundra Port Industrial SEZ,10.98,10.0,LOW
18.68396,73.04115,309.64,0.5,0.41,2026-09-25,2114,N,VIIRS,n,2.0NRT,294.91,3.04,N,VIIRS_SNPP_NRT,2.2831999999999995,50,0.0103343930545787,33.146461107217974,Persistent / Stable,1,24.36,ONGC Uran Plant Maharashtra,0,548.41,0,24.26,0,Forest / Woodland,2,1,33.146461107217974,0.93,0,0,1,0,70.0,1,14.72999999999996,Other Thermal Event,10,LOW,Other Thermal Event,95.05,2.53,0.0,0.0,0.0,0.25,2.17,95.05,Agricultural Burning,92.52,False,Confident Assessment,ONGC Uran Plant Maharashtra,24.36,10.0,LOW
22.36356,87.01646,309.33,0.4,0.37,2026-09-25,1949,N20,VIIRS,n,2.0NRT,290.18,1.87,N,VIIRS_NOAA20_NRT,1.3695833333333332,24,0.0164772555394944,36.537876483115326,Persistent / Stable,1,24.49,Unnamed Industrial Feature,0,161.64,0,113.65,0,Other,4,1,36.537876483115326,0.79,0,0,1,0,70.0,1,19.149999999999977,Other Thermal Event,10,LOW,Other Thermal Event,95.47,2.73,0.0,0.0,0.0,0.27,1.52,95.47,Agricultural Burning,92.74,False,Confident Assessment,Unnamed Industrial Feature,24.49,10.0,LOW
23.77531,86.3656,314.16,0.43,0.38,2026-09-25,1949,N20,VIIRS,n,2.0NRT,290.39,2.02,N,VIIRS_NOAA20_NRT,1.9725000000000004,52,0.0225097316904731,2.408111533586801,Persistent / Stable,1,4.88,Unnamed Industrial Feature,0,6.79,0,186.72,0,Other,4,1,2.408111533586801,0.68,0,0,1,0,70.0,1,23.77000000000004,Other Thermal Event,10,LOW,Other Thermal Event,92.53,1.85,0.0,0.0,0.0,0.75,4.87,92.53,Normal Persistent Source,87.66,False,Confident Assessment,Unnamed Industrial Feature,4.88,10.0,LOW
26.87664,73.51504,312.01,0.42,0.38,2026-09-25,2110,N,VIIRS,n,2.0NRT,296.95,2.11,N,VIIRS_SNPP_NRT,1.669047619047619,21,0.0071101608910317,26.41940085592012,Persistent / Stable,1,88.2,Unnamed Industrial Feature,0,281.92,0,242.48,0,Other,4,1,26.41940085592012,0.79,0,0,1,0,70.0,1,15.060000000000002,Other Thermal Event,10,LOW,Other Thermal Event,95.73,2.96,0.0,0.0,0.0,0.13,1.18,95.73,Agricultural Burning,92.76,False,Confident Assessment,Unnamed Industrial Feature,88.2,10.0,LOW
13.71104,79.62001,312.31,0.39,0.36,2026-09-26,2019,N21,VIIRS,n,2.0NRT,296.5,2.08,N,VIIRS_NOAA21_NRT,1.52875,8,0.0021660967923374,36.05887162714636,Persistent / Stable,1,29.27,TTD Transport Yard,0,93.7,0,92.64,0,Cropland / Agriculture,3,1,36.05887162714636,0.82,0,0,1,0,70.0,1,15.810000000000002,Other Thermal Event,10,LOW,Other Thermal Event,95.75,2.9,0.0,0.33,0.0,0.26,0.76,95.75,Agricultural Burning,92.85,False,Confident Assessment,TTD Transport Yard,29.27,10.0,LOW
18.68625,73.03223,312.36,0.39,0.36,2026-09-26,2053,N,VIIRS,n,2.0NRT,293.97,2.36,N,VIIRS_SNPP_NRT,2.2831999999999995,50,0.011707751278882,3.363700070077104,Persistent / Stable,1,23.98,ONGC Uran Plant Maharashtra,0,549.13,0,23.63,0,Forest / Woodland,2,1,3.363700070077104,0.72,0,0,1,0,70.0,1,18.389999999999983,Other Thermal Event,10,LOW,Other Thermal Event,95.8,3.12,0.0,0.0,0.0,0.12,0.96,95.8,Agricultural Burning,92.68,False,Confident Assessment,ONGC Uran Plant Maharashtra,23.98,10.0,LOW
18.72053,79.53838,314.81,0.38,0.36,2026-09-26,2019,N21,VIIRS,n,2.0NRT,297.58,2.08,N,VIIRS_NOAA21_NRT,1.7500000000000002,13,0.0069079680368183,18.857142857142847,Persistent / Stable,1,5.72,"TGSRTC Bus Depot , Godavarikhani",0,140.07,0,83.45,0,Other,4,1,18.857142857142847,0.76,0,0,1,0,70.0,1,17.230000000000018,Other Thermal Event,10,LOW,Other Thermal Event,94.49,2.63,0.0,0.0,0.0,0.57,2.31,94.49,Agricultural Burning,91.86,False,Confident Assessment,"TGSRTC Bus Depot , Godavarikhani",5.72,10.0,LOW
23.56011,87.08329,310.35,0.43,0.46,2026-09-26,2017,N21,VIIRS,n,2.0NRT,292.0,2.25,N,VIIRS_NOAA21_NRT,1.9581818181818185,11,0.0207227779048,14.902506963788284,Persistent / Stable,1,5.72,Unnamed Industrial Feature,0,70.46,0,197.74,0,Other,4,1,14.902506963788284,0.76,0,0,1,0,70.0,1,18.350000000000023,Other Thermal Event,10,LOW,Other Thermal Event,93.36,1.73,0.0,0.0,0.0,0.89,4.02,93.36,Normal Persistent Source,89.33,False,Confident Assessment,Unnamed Industrial Feature,5.72,10.0,LOW
23.66502,87.15584,314.97,0.46,0.47,2026-09-26,1932,N20,VIIRS,n,2.0NRT,292.05,3.2,N,VIIRS_NOAA20_NRT,2.5206666666666666,30,0.0066258821979987,26.95054218460725,Persistent / Stable,1,4.79,Unnamed Industrial Feature,0,75.26,0,204.4,0,Other,4,1,26.95054218460725,0.91,0,0,1,0,70.0,1,22.920000000000016,Other Thermal Event,10,LOW,Other Thermal Event,93.79,1.54,0.0,0.0,0.0,1.42,3.25,93.79,Normal Persistent Source,90.54,False,Confident Assessment,Unnamed Industrial Feature,4.79,10.0,LOW
27.28836,73.83954,308.93,0.42,0.45,2026-09-23,2112,N21,VIIRS,n,2.0NRT,298.46,1.52,N,VIIRS_NOAA21_NRT,1.25,7,0.0099172011292913,21.6,Persistent / Stable,1,91.95,Unnamed Industrial Feature,0,326.88,0,292.92,0,Other,4,1,21.6,0.68,0,0,1,0,70.0,1,10.470000000000027,Other Thermal Event,10,LOW,Other Thermal Event,91.47,6.88,0.0,0.0,0.0,0.07,1.58,91.47,Agricultural Burning,84.59,False,Confident Assessment,Unnamed Industrial Feature,91.95,10.0,LOW
24.69162,73.00175,307.71,0.42,0.45,2026-09-23,2112,N21,VIIRS,n,2.0NRT,296.87,1.7,N,VIIRS_NOAA21_NRT,1.1736363636363636,11,0.002022056891872,44.84895429899304,Persistent / Stable,1,29.27,India One,0,84.43,0,201.5,0,Other,4,1,44.84895429899304,0.78,0,0,1,0,70.0,1,10.839999999999977,Other Thermal Event,10,LOW,Other Thermal Event,92.8,4.4,0.0,0.0,0.0,0.22,2.57,92.8,Agricultural Burning,88.4,False,Confident Assessment,India One,29.27,10.0,LOW
26.87691,73.5162,307.21,0.46,0.64,2026-09-23,2148,N,VIIRS,n,2.0NRT,295.05,2.3,N,VIIRS_SNPP_NRT,1.669047619047619,21,0.0025229328559002,37.803138373751786,Persistent / Stable,1,88.14,Unnamed Industrial Feature,0,281.94,0,242.59,0,Other,4,1,37.803138373751786,0.86,0,0,1,0,70.0,1,12.159999999999968,Other Thermal Event,10,LOW,Other Thermal Event,93.9,3.95,0.0,0.0,0.0,0.19,1.96,93.9,Agricultural Burning,89.95,False,Confident Assessment,Unnamed Industrial Feature,88.14,10.0,LOW
18.86057,72.92706,310.13,0.4,0.44,2026-09-23,2029,N20,VIIRS,n,2.0NRT,285.32,2.01,N,VIIRS_NOAA20_NRT,3.46,1,0.0573656984871723,-41.907514450867055,Single Historical Detection,1,9.2,ONGC Uran Plant Maharashtra,0,571.42,0,2.55,1,Other,4,1,-41.907514450867055,0.45,0,0,0,0,70.0,1,24.81,Gas Flare,5,LOW,Gas Flare,75.65,22.12,0.0,75.65,0.0,0.0,0.31,1.92,Agricultural Burning,53.53,False,Confident Assessment,ONGC Uran Plant Maharashtra,9.2,10.0,LOW
24.65983,74.63229,309.89,0.52,0.5,2026-09-23,2112,N21,VIIRS,n,2.0NRT,296.38,2.04,N,VIIRS_NOAA21_NRT,1.4700000000000002,8,0.0077777509179491,38.77551020408161,Persistent / Stable,1,31.09,Unnamed Industrial Feature,0,95.98,0,296.84,0,Cropland / Agriculture,3,1,38.77551020408161,0.83,0,0,1,0,70.0,1,13.509999999999993,Other Thermal Event,10,LOW,Other Thermal Event,96.44,2.4,0.0,0.33,0.0,0.23,0.61,96.44,Agricultural Burning,94.04,False,Confident Assessment,Unnamed Industrial Feature,31.09,10.0,LOW
21.6728,84.04043,329.34,0.4,0.37,2026-09-23,739,N,VIIRS,n,2.0NRT,291.65,3.89,D,VIIRS_SNPP_NRT,2.826315789473685,19,0.0152691266699095,37.63500931098694,Persistent / Stable,1,7.15,Unnamed Industrial Feature,0,110.86,0,25.91,0,Other,4,1,37.63500931098694,1.02,0,0,1,0,70.0,0,37.69,Other Thermal Event,10,LOW,Other Thermal Event,93.55,4.37,0.0,0.4,0.0,0.4,1.27,93.55,Agricultural Burning,89.18,False,Confident Assessment,Unnamed Industrial Feature,7.15,10.0,LOW
18.69341,73.04121,312.14,0.49,0.48,2026-09-26,2017,N21,VIIRS,n,2.0NRT,291.67,2.86,N,VIIRS_NOAA21_NRT,2.2831999999999995,50,0.0145721972853943,25.2627890679748,Persistent / Stable,1,23.33,ONGC Uran Plant Maharashtra,0,549.28,0,23.32,0,Forest / Woodland,2,1,25.2627890679748,0.87,0,0,1,0,70.0,1,20.46999999999997,Other Thermal Event,10,LOW,Other Thermal Event,97.37,1.8,0.0,0.0,0.0,0.16,0.67,97.37,Agricultural Burning,95.57,False,Confident Assessment,ONGC Uran Plant Maharashtra,23.33,10.0,LOW
23.16959,82.33674,301.42,0.67,0.74,2026-09-26,2112,N20,VIIRS,n,2.0NRT,280.64,2.78,N,VIIRS_NOAA20_NRT,1.913076923076923,13,0.0443771453108227,45.315641334941695,Persistent / Stable,1,80.44,Salora Power Station,0,97.69,0,223.48,0,Forest / Woodland,2,1,45.315641334941695,0.95,0,0,1,0,70.0,1,20.78000000000003,Other Thermal Event,10,LOW,Other Thermal Event,96.76,2.16,0.0,0.0,0.0,0.27,0.81,96.76,Agricultural Burning,94.6,False,Confident Assessment,Salora Power Station,80.44,10.0,LOW
26.25668,74.09562,308.23,0.52,0.67,2026-09-23,2148,N,VIIRS,n,2.0NRT,294.47,1.1,N,VIIRS_SNPP_NRT,0.905625,16,0.0169634284198714,21.46307798481712,Persistent / Stable,1,5.8,Unnamed Industrial Feature,0,214.9,0,277.42,0,Cropland / Agriculture,3,1,21.46307798481712,0.58,0,0,1,0,70.0,1,13.759999999999993,Other Thermal Event,10,LOW,Other Thermal Event,92.71,4.93,0.0,0.06,0.0,0.32,1.98,92.71,Agricultural Burning,87.79,False,Confident Assessment,Unnamed Industrial Feature,5.8,10.0,LOW
8.8704,78.0858,341.85,0.52,0.5,2026-09-26,839,N20,VIIRS,n,2.0NRT,300.36,8.56,D,VIIRS_NOAA20_NRT,8.42,6,0.0101904226275739,1.6627078384798168,Persistent / Stable,1,9.51,SPIC Tuticorin Fertilizers,0,129.75,0,159.62,0,Other,4,1,1.6627078384798168,0.91,0,0,1,0,70.0,0,41.49000000000001,Other Thermal Event,10,LOW,Other Thermal Event,74.73,23.99,0.0,1.11,0.0,0.0,0.17,74.73,Agricultural Burning,50.74,False,Confident Assessment,SPIC Tuticorin Fertilizers,9.51,10.0,LOW
24.9317,74.63189,305.52,0.52,0.5,2026-09-23,2112,N21,VIIRS,n,2.0NRT,295.07,1.49,N,VIIRS_NOAA21_NRT,1.14,8,0.0656390771584735,30.701754385964925,Persistent / Stable,1,43.59,Unnamed Industrial Feature,0,110.38,0,322.95,0,Cropland / Agriculture,3,1,30.701754385964925,0.7,0,0,1,0,70.0,1,10.449999999999989,Other Thermal Event,10,LOW,Other Thermal Event,91.49,7.66,0.0,0.06,0.0,0.17,0.61,91.49,Agricultural Burning,83.83,False,Confident Assessment,Unnamed Industrial Feature,43.59,10.0,LOW
15.17823,76.67547,322.53,0.49,0.4,2026-09-26,2055,N,VIIRS,n,2.0NRT,294.92,3.17,N,VIIRS_SNPP_NRT,2.462052631578948,190,0.0021519278198031,28.75435558690864,Persistent / Stable,1,20.57,Food Corporation of India,0,23.84,0,267.41,0,Forest / Woodland,2,1,28.75435558690864,0.92,0,0,1,0,70.0,1,27.60999999999996,Other Thermal Event,10,LOW,Other Thermal Event,98.8,0.75,0.0,0.0,0.0,0.03,0.42,98.8,Agricultural Burning,98.05,False,Confident Assessment,Food Corporation of India,20.57,10.0,LOW
18.68236,73.03533,321.29,0.39,0.36,2026-09-26,2053,N,VIIRS,n,2.0NRT,295.36,3.3,N,VIIRS_SNPP_NRT,2.2831999999999995,50,0.0758431338018941,44.53398738612477,Persistent / Stable,1,24.45,ONGC Uran Plant Maharashtra,0,548.59,0,24.16,0,Forest / Woodland,2,1,44.53398738612477,1.01,0,0,1,0,70.0,1,25.930000000000007,Other Thermal Event,10,LOW,Other Thermal Event,96.5,2.14,0.0,0.0,0.0,0.16,1.19,96.5,Agricultural Burning,94.35,False,Confident Assessment,ONGC Uran Plant Maharashtra,24.45,10.0,LOW
27.9493,96.65916,345.55,0.53,0.5,2026-09-26,608,N21,VIIRS,n,2.0NRT,294.59,14.04,D,VIIRS_NOAA21_NRT,0.0,0,,0.0,New / No Local History,1,116.39,Unnamed Industrial Feature,0,1122.19,0,119.5,0,Forest / Woodland,2,0,0.0,14.04,0,0,0,1,70.0,0,50.96000000000004,Forest / Wildfire,15,LOW,Agricultural Burning,56.23,56.23,40.57,0.54,0.9,0.0,0.0,1.76,Forest / Wildfire,15.66,True,Low Confidence (56.2%),Unnamed Industrial Feature,116.39,10.0,LOW
21.24878,79.20621,312.19,0.47,0.64,2026-09-26,2114,N20,VIIRS,n,2.0NRT,290.55,1.25,N,VIIRS_NOAA20_NRT,1.19375,8,0.0131176464577322,4.712041884816746,Persistent / Stable,1,35.57,MIDC Nagpur Butibori,0,143.64,0,366.69,0,Forest / Woodland,2,1,4.712041884816746,0.57,0,0,1,0,70.0,1,21.639999999999983,Other Thermal Event,10,LOW,Other Thermal Event,95.98,3.62,0.0,0.0,0.0,0.08,0.32,95.98,Agricultural Burning,92.37,False,Confident Assessment,MIDC Nagpur Butibori,35.57,10.0,LOW
15.65958,73.98894,308.44,0.56,0.51,2026-09-26,2114,N20,VIIRS,n,2.0NRT,290.46,1.33,N,VIIRS_NOAA20_NRT,1.3135714285714286,14,0.0118511660208265,1.2506797172376314,Persistent / Stable,1,56.08,J P Foundry,0,232.43,0,304.39,0,Forest / Woodland,2,1,1.2506797172376314,0.57,0,0,1,0,70.0,1,17.980000000000018,Other Thermal Event,10,LOW,Other Thermal Event,95.9,3.23,0.0,0.0,0.0,0.08,0.79,95.9,Agricultural Burning,92.66,False,Confident Assessment,J P Foundry,56.08,10.0,LOW
21.76391,84.02116,329.27,0.55,0.43,2026-09-23,758,N20,VIIRS,n,2.0NRT,292.89,7.47,D,VIIRS_NOAA20_NRT,2.5425,24,0.0243523814074083,193.8053097345133,Abnormal Increase,1,0.18,Bhushan Power & Steel,1,113.01,0,15.77,0,Industrial,0,1,193.8053097345133,2.11,0,1,1,0,70.0,0,36.38,Normal Persistent Source,20,LOW,Normal Persistent Source,77.06,0.0,0.0,1.2,17.44,0.25,77.06,4.05,Industrial Fire,59.62,False,Confident Assessment,Bhushan Power & Steel,0.18,8.0,LOW
27.37759,95.33515,330.97,0.39,0.36,2026-09-26,1930,N20,VIIRS,n,2.0NRT,292.17,5.4,N,VIIRS_NOAA20_NRT,3.152,10,0.0202165781197899,71.31979695431473,Abnormal Increase,1,3.15,Unnamed Industrial Feature,0,977.47,0,28.1,0,Other,4,1,71.31979695431473,1.3,0,0,1,0,70.0,1,38.80000000000001,Other Thermal Event,20,LOW,Normal Persistent Source,67.93,0.65,0.0,0.35,0.38,1.51,67.93,29.19,Other Thermal Event,38.74,False,Confident Assessment,Unnamed Industrial Feature,3.15,8.0,LOW
22.21941,84.75349,308.22,0.5,0.41,2026-09-26,2017,N21,VIIRS,n,2.0NRT,292.78,2.2,N,VIIRS_NOAA21_NRT,0.9733333333333332,3,0.1578676713822179,126.027397260274,Abnormal Increase,1,0.52,Unnamed Industrial Feature,1,55.31,0,82.27,0,Industrial,0,1,126.027397260274,1.11,0,1,1,0,70.0,1,15.440000000000056,Normal Persistent Source,20,LOW,Normal Persistent Source,92.24,0.0,0.0,0.0,0.89,0.77,92.24,6.1,Other Thermal Event,86.14,False,Confident Assessment,Unnamed Industrial Feature,0.52,8.0,LOW
22.37762,87.28019,328.15,0.46,0.47,2026-09-26,2017,N21,VIIRS,n,2.0NRT,294.87,6.96,N,VIIRS_NOAA21_NRT,3.345697674418606,86,0.0061830921923735,108.02835992075894,Abnormal Increase,1,0.94,Unnamed Industrial Feature,1,173.4,0,89.15,0,Industrial,0,1,108.02835992075894,1.6,0,1,1,0,70.0,1,33.27999999999997,Normal Persistent Source,20,LOW,Normal Persistent Source,90.29,0.0,0.0,0.0,8.34,0.0,90.29,1.37,Industrial Fire,81.94,False,Confident Assessment,Unnamed Industrial Feature,0.94,8.0,LOW
19.09974,82.16422,308.15,0.42,0.61,2026-09-26,1934,N20,VIIRS,n,2.0NRT,290.44,1.18,N,VIIRS_NOAA20_NRT,2.2891666666666666,36,0.0257604889099199,-48.45285766290498,Persistent / Stable,1,36.7,Unnamed Industrial Feature,0,182.92,0,75.58,0,Forest / Woodland,2,1,-48.45285766290498,0.36,0,0,1,0,70.0,1,17.70999999999998,Other Thermal Event,5,LOW,Other Thermal Event,97.83,1.68,0.0,0.0,0.0,0.08,0.41,97.83,Agricultural Burning,96.16,False,Confident Assessment,Unnamed Industrial Feature,36.7,5.0,LOW
21.7456,83.84255,298.09,0.4,0.37,2026-09-23,2010,N,VIIRS,n,2.0NRT,278.41,1.61,N,VIIRS_SNPP_NRT,4.736385542168675,83,0.0065632297140411,-66.00783475783474,Persistent / Reduced,1,6.29,Unnamed Industrial Feature,0,95.71,0,26.17,0,Other,4,1,-66.00783475783474,0.28,0,0,1,0,70.0,1,19.67999999999995,Other Thermal Event,5,LOW,Other Thermal Event,98.22,0.56,0.0,0.0,0.0,0.4,0.82,98.22,Normal Persistent Source,97.39,False,Confident Assessment,Unnamed Industrial Feature,6.29,5.0,LOW
10.0807,77.73286,335.91,0.44,0.46,2026-09-26,744,N21,VIIRS,l,2.0NRT,308.19,6.59,D,VIIRS_NOAA21_NRT,3.0,1,0.6756321631375314,119.66666666666666,Abnormal Increase,1,42.44,Chicken shop,0,81.04,0,127.15,0,Cropland / Agriculture,3,1,119.66666666666666,1.65,0,1,0,0,30.0,0,27.720000000000027,Agricultural Burning,10,LOW,Agricultural Burning,65.14,65.14,2.61,0.0,0.78,0.32,0.38,30.76,Other Thermal Event,34.38,False,Confident Assessment,Chicken shop,42.44,5.0,LOW
24.66043,74.63132,304.31,0.47,0.64,2026-09-23,2008,N,VIIRS,n,2.0NRT,292.85,1.32,N,VIIRS_SNPP_NRT,1.4700000000000002,8,0.0011062090214366,-10.204081632653068,Persistent / Stable,1,31.21,Unnamed Industrial Feature,0,95.91,0,296.84,0,Cropland / Agriculture,3,1,-10.204081632653068,0.53,0,0,1,0,70.0,1,11.45999999999998,Other Thermal Event,5,LOW,Other Thermal Event,96.83,2.76,0.0,0.06,0.0,0.06,0.3,96.83,Agricultural Burning,94.07,False,Confident Assessment,Unnamed Industrial Feature,31.21,5.0,LOW
26.87499,73.51781,307.78,0.41,0.45,2026-09-23,2112,N21,VIIRS,n,2.0NRT,297.62,1.48,N,VIIRS_NOAA21_NRT,1.669047619047619,21,0.0684679352305192,-11.32667617689015,Persistent / Stable,1,87.88,Unnamed Industrial Feature,0,281.72,0,242.64,0,Other,4,1,-11.32667617689015,0.55,0,0,1,0,70.0,1,10.159999999999968,Other Thermal Event,5,LOW,Other Thermal Event,94.81,4.38,0.0,0.0,0.0,0.07,0.74,94.81,Agricultural Burning,90.43,False,Confident Assessment,Unnamed Industrial Feature,87.88,5.0,LOW
22.03116,83.36672,295.29,0.6,0.53,2026-09-23,1932,N21,VIIRS,n,2.0NRT,271.59,1.45,N,VIIRS_NOAA21_NRT,1.5653846153846156,13,0.3154251756569406,-7.371007371007386,Persistent / Stable,1,4.21,Unnamed Industrial Feature,0,79.09,0,69.66,0,Other,4,1,-7.371007371007386,0.57,0,0,1,0,70.0,1,23.700000000000045,Other Thermal Event,5,LOW,Other Thermal Event,94.0,1.98,0.0,0.0,0.0,0.31,3.72,94.0,Normal Persistent Source,90.28,False,Confident Assessment,Unnamed Industrial Feature,4.21,5.0,LOW
9.89073,77.68811,341.6,0.44,0.46,2026-09-26,744,N21,VIIRS,n,2.0NRT,304.77,6.79,D,VIIRS_NOAA21_NRT,4.47,1,0.1628902566357789,51.901565995525736,Abnormal Increase,1,45.25,TNSTC Ponmeni Bus depot,0,64.91,0,127.55,0,Other,4,1,51.901565995525736,1.24,0,0,0,0,70.0,0,36.83000000000004,Agricultural Burning,10,LOW,Agricultural Burning,93.85,93.85,0.29,0.0,0.0,0.0,0.02,5.85,Other Thermal Event,88.0,False,Confident Assessment,TNSTC Ponmeni Bus depot,45.25,5.0,LOW
11.81787,77.91727,300.11,0.4,0.44,2026-09-23,2012,N,VIIRS,n,2.0NRT,274.5,0.56,N,VIIRS_SNPP_NRT,1.7600000000000002,40,0.0042183333862843,-68.18181818181819,Persistent / Reduced,1,13.06,TNSTC Depot Mettur Dam,0,134.83,0,109.88,0,Cropland / Agriculture,3,1,-68.18181818181819,0.2,0,0,1,0,70.0,1,25.610000000000014,Other Thermal Event,5,LOW,Other Thermal Event,95.52,2.86,0.0,0.06,0.0,0.75,0.81,95.52,Agricultural Burning,92.66,False,Confident Assessment,TNSTC Depot Mettur Dam,13.06,5.0,LOW
10.61679,77.42041,298.39,0.41,0.45,2026-09-23,2012,N,VIIRS,n,2.0NRT,279.94,0.23,N,VIIRS_SNPP_NRT,0.8039999999999999,10,0.0405026975650179,-71.39303482587064,Persistent / Reduced,1,49.78,Unnamed Industrial Feature,0,115.47,0,58.84,0,Cropland / Agriculture,3,1,-71.39303482587064,0.13,0,0,1,0,70.0,1,18.44999999999999,Other Thermal Event,5,LOW,Other Thermal Event,89.51,7.4,0.0,0.46,0.0,0.23,2.4,89.51,Agricultural Burning,82.12,False,Confident Assessment,Unnamed Industrial Feature,49.78,5.0,LOW
26.87525,73.51791,305.21,0.46,0.64,2026-09-23,2148,N,VIIRS,n,2.0NRT,294.8,1.52,N,VIIRS_SNPP_NRT,1.669047619047619,21,0.0783972725594,-8.930099857346638,Persistent / Stable,1,87.89,Unnamed Industrial Feature,0,281.75,0,242.66,0,Other,4,1,-8.930099857346638,0.57,0,0,1,0,70.0,1,10.409999999999968,Other Thermal Event,5,LOW,Other Thermal Event,94.56,4.63,0.0,0.0,0.0,0.07,0.74,94.56,Agricultural Burning,89.93,False,Confident Assessment,Unnamed Industrial Feature,87.89,5.0,LOW
22.93655,69.69582,307.62,0.36,0.57,2026-09-23,2027,N20,VIIRS,n,2.0NRT,296.8,0.87,N,VIIRS_NOAA20_NRT,2.3864,25,0.006346146491379,-63.5434126718069,Persistent / Reduced,1,11.17,Mundra Port Industrial SEZ,0,32.7,0,55.27,0,Other,4,1,-63.5434126718069,0.26,0,0,1,0,70.0,1,10.819999999999991,Other Thermal Event,5,LOW,Other Thermal Event,94.82,3.95,0.0,0.0,0.0,0.03,1.21,94.82,Agricultural Burning,90.87,False,Confident Assessment,Mundra Port Industrial SEZ,11.17,5.0,LOW
28.64878,77.56,313.59,0.33,0.55,2026-09-23,2112,N21,VIIRS,n,2.0NRT,294.67,1.3,N,VIIRS_NOAA21_NRT,2.51,7,1.1720734638284522,-48.20717131474104,Persistent / Stable,1,5.67,Unnamed Industrial Feature,0,25.81,0,100.86,0,Cropland / Agriculture,3,1,-48.20717131474104,0.37,0,0,1,0,70.0,1,18.91999999999996,Other Thermal Event,5,LOW,Other Thermal Event,95.01,1.46,0.0,0.8,0.0,1.78,0.95,95.01,Mining Activity,93.22,False,Confident Assessment,Unnamed Industrial Feature,5.67,5.0,LOW
21.75172,83.9734,327.73,0.47,0.39,2026-09-26,2017,N21,VIIRS,n,2.0NRT,293.43,3.15,N,VIIRS_NOAA21_NRT,1.94,1,0.3315727882330163,62.37113402061856,Abnormal Increase,1,5.14,Bhushan Power & Steel,0,107.98,0,18.03,0,Other,4,1,62.37113402061856,1.07,0,0,0,0,70.0,1,34.30000000000001,Agricultural Burning,10,LOW,Agricultural Burning,84.79,84.79,0.32,0.28,0.0,0.0,0.63,13.98,Other Thermal Event,70.81,False,Confident Assessment,Bhushan Power & Steel,5.14,5.0,LOW
21.67838,84.03748,313.72,0.4,0.37,2026-09-23,2010,N,VIIRS,n,2.0NRT,284.25,1.86,N,VIIRS_SNPP_NRT,2.826315789473685,19,0.0816347262457374,-34.18994413407822,Persistent / Stable,1,6.62,Unnamed Industrial Feature,0,110.8,0,25.28,0,Other,4,1,-34.18994413407822,0.49,0,0,1,0,70.0,1,29.470000000000027,Other Thermal Event,5,LOW,Other Thermal Event,97.3,0.77,0.0,0.0,0.0,0.95,0.99,97.3,Normal Persistent Source,96.31,False,Confident Assessment,Unnamed Industrial Feature,6.62,5.0,LOW
28.03121,76.49477,310.38,0.39,0.59,2026-09-23,2008,N,VIIRS,n,2.0NRT,295.19,1.3,N,VIIRS_SNPP_NRT,0.0,0,,0.0,New / No Local History,1,3.0,Unnamed Industrial Feature,0,101.23,0,130.56,0,Other,4,0,0.0,1.3,0,0,0,1,70.0,1,15.189999999999998,Other Thermal Event,5,LOW,Other Thermal Event,58.92,26.33,0.21,0.86,1.1,0.0,12.6,58.92,Agricultural Burning,32.59,True,Low Confidence (58.9%),Unnamed Industrial Feature,3.0,5.0,LOW
22.01605,83.75665,304.13,0.41,0.37,2026-09-23,2010,N,VIIRS,n,2.0NRT,284.08,0.7,N,VIIRS_SNPP_NRT,1.93875,8,0.152573983973958,-63.89426176660219,Persistent / Reduced,1,14.1,Hemgir Coal Washery,0,107.24,0,30.61,0,Other,4,1,-63.89426176660219,0.24,0,0,1,0,70.0,1,20.05000000000001,Other Thermal Event,5,LOW,Other Thermal Event,95.14,2.94,0.0,0.0,0.0,0.05,1.86,95.14,Agricultural Burning,92.2,False,Confident Assessment,Hemgir Coal Washery,14.1,5.0,LOW
18.69296,73.03981,298.27,0.39,0.44,2026-09-23,2029,N20,VIIRS,n,2.0NRT,271.78,0.81,N,VIIRS_NOAA20_NRT,2.2831999999999995,50,0.0255141192358213,-64.52347582340575,Persistent / Reduced,1,23.35,ONGC Uran Plant Maharashtra,0,549.32,0,23.3,0,Forest / Woodland,2,1,-64.52347582340575,0.25,0,0,1,0,70.0,1,26.49000000000001,Other Thermal Event,5,LOW,Other Thermal Event,96.84,1.92,0.0,0.0,0.0,0.75,0.49,96.84,Agricultural Burning,94.92,False,Confident Assessment,ONGC Uran Plant Maharashtra,23.35,5.0,LOW
22.04112,83.72858,304.01,0.41,0.37,2026-09-23,2010,N,VIIRS,n,2.0NRT,278.76,0.9,N,VIIRS_SNPP_NRT,1.5490000000000002,10,0.0082915648294708,-41.89799870884442,Persistent / Stable,1,16.47,Hemgir Coal Washery,0,107.31,0,34.41,0,Other,4,1,-41.89799870884442,0.35,0,0,1,0,70.0,1,25.25,Other Thermal Event,5,LOW,Other Thermal Event,95.77,3.16,0.0,0.0,0.0,0.05,1.01,95.77,Agricultural Burning,92.61,False,Confident Assessment,Hemgir Coal Washery,16.47,5.0,LOW
28.03079,76.49374,318.41,0.49,0.4,2026-09-23,2027,N20,VIIRS,n,2.0NRT,296.42,1.62,N,VIIRS_NOAA20_NRT,0.0,0,,0.0,New / No Local History,1,2.89,Unnamed Industrial Feature,0,101.33,0,130.63,0,Other,4,0,0.0,1.62,0,0,0,1,70.0,1,21.99000000000001,Other Thermal Event,5,LOW,Other Thermal Event,55.61,26.07,0.21,0.56,2.55,0.0,15.0,55.61,Agricultural Burning,29.54,True,Low Confidence (55.6%),Unnamed Industrial Feature,2.89,5.0,LOW
21.74899,83.84311,305.73,0.4,0.37,2026-09-23,2010,N,VIIRS,n,2.0NRT,277.92,1.27,N,VIIRS_SNPP_NRT,4.736385542168675,83,0.0087594098532924,-73.18630443630444,Persistent / Reduced,1,5.92,Unnamed Industrial Feature,0,95.95,0,25.87,0,Other,4,1,-73.18630443630444,0.22,0,0,1,0,70.0,1,27.81,Other Thermal Event,5,LOW,Other Thermal Event,97.74,0.52,0.0,0.0,0.0,0.64,1.11,97.74,Normal Persistent Source,96.63,False,Confident Assessment,Unnamed Industrial Feature,5.92,5.0,LOW
10.6167,77.42141,303.17,0.39,0.36,2026-09-23,2032,N20,VIIRS,n,2.0NRT,285.49,0.43,N,VIIRS_NOAA20_NRT,0.8039999999999999,10,0.0197532903176871,-46.517412935323385,Persistent / Stable,1,49.82,Unnamed Industrial Feature,0,115.49,0,58.91,0,Cropland / Agriculture,3,1,-46.517412935323385,0.24,0,0,1,0,70.0,1,17.680000000000007,Other Thermal Event,5,LOW,Other Thermal Event,89.01,8.04,0.0,0.06,0.0,0.23,2.67,89.01,Agricultural Burning,80.97,False,Confident Assessment,Unnamed Industrial Feature,49.82,5.0,LOW
19.93739,73.71162,303.25,0.45,0.39,2026-09-24,2055,N21,VIIRS,n,2.0NRT,292.1,0.73,N,VIIRS_NOAA21_NRT,1.34,7,0.0086324139151687,-45.52238805970149,Persistent / Stable,1,10.42,MIDC Nashik Industrial Area,0,490.66,0,133.69,0,Forest / Woodland,2,1,-45.52238805970149,0.31,0,0,1,0,70.0,1,11.149999999999975,Other Thermal Event,5,LOW,Other Thermal Event,92.69,6.57,0.0,0.0,0.0,0.01,0.72,92.69,Agricultural Burning,86.11,False,Confident Assessment,MIDC Nashik Industrial Area,10.42,5.0,LOW
21.76271,83.84775,323.33,0.46,0.39,2026-09-26,2017,N21,VIIRS,n,2.0NRT,294.64,3.09,N,VIIRS_NOAA21_NRT,4.770121951219512,82,0.0154969072616895,-35.22178192509267,Persistent / Stable,1,4.32,Unnamed Industrial Feature,0,97.12,0,24.51,0,Other,4,1,-35.22178192509267,0.54,0,0,1,0,70.0,1,28.69,Other Thermal Event,5,LOW,Other Thermal Event,98.79,0.37,0.0,0.0,0.0,0.0,0.84,98.79,Normal Persistent Source,97.95,False,Confident Assessment,Unnamed Industrial Feature,4.32,5.0,LOW
15.18116,76.65443,305.22,0.43,0.62,2026-09-26,2114,N20,VIIRS,n,2.0NRT,290.51,2.42,N,VIIRS_NOAA20_NRT,2.6274576271186443,177,0.0050458657118005,-7.895755386401765,Persistent / Stable,1,22.84,Food Corporation of India,0,23.08,0,266.38,0,Forest / Woodland,2,1,-7.895755386401765,0.67,0,0,1,0,70.0,1,14.710000000000036,Other Thermal Event,5,LOW,Other Thermal Event,98.39,0.57,0.0,0.0,0.0,0.28,0.76,98.39,Normal Persistent Source,97.64,False,Confident Assessment,Food Corporation of India,22.84,5.0,LOW
24.66301,74.63254,305.33,0.36,0.58,2026-09-24,2010,N20,VIIRS,n,2.0NRT,294.24,1.32,N,VIIRS_NOAA20_NRT,1.4700000000000002,8,0.0273166649951949,-10.204081632653068,Persistent / Stable,1,31.3,Unnamed Industrial Feature,0,96.13,0,297.15,0,Cropland / Agriculture,3,1,-10.204081632653068,0.53,0,0,1,0,70.0,1,11.089999999999977,Other Thermal Event,5,LOW,Other Thermal Event,95.6,4.02,0.0,0.06,0.0,0.06,0.27,95.6,Agricultural Burning,91.58,False,Confident Assessment,Unnamed Industrial Feature,31.3,5.0,LOW
22.93351,69.70295,309.17,0.4,0.37,2026-09-24,2053,N21,VIIRS,n,2.0NRT,298.12,1.31,N,VIIRS_NOAA21_NRT,2.3864,25,0.0338970034675996,-45.10559839088166,Persistent / Stable,1,10.68,Mundra Port Industrial SEZ,0,32.95,0,54.9,0,Other,4,1,-45.10559839088166,0.39,0,0,1,0,70.0,1,11.050000000000011,Other Thermal Event,5,LOW,Other Thermal Event,95.27,3.15,0.0,0.0,0.0,0.03,1.55,95.27,Agricultural Burning,92.11,False,Confident Assessment,Mundra Port Industrial SEZ,10.68,5.0,LOW
22.93258,69.69608,315.49,0.45,0.39,2026-09-23,2114,N21,VIIRS,n,2.0NRT,298.68,1.52,N,VIIRS_NOAA21_NRT,2.3864,25,0.0065640529633534,-36.30573248407644,Persistent / Stable,1,10.73,Mundra Port Industrial SEZ,0,33.13,0,54.83,0,Other,4,1,-36.30573248407644,0.45,0,0,1,0,70.0,1,16.810000000000002,Other Thermal Event,5,LOW,Other Thermal Event,97.35,0.95,0.0,0.0,0.0,0.1,1.6,97.35,Normal Persistent Source,95.75,False,Confident Assessment,Mundra Port Industrial SEZ,10.73,5.0,LOW
26.8731,73.51719,313.12,0.39,0.36,2026-09-24,2055,N21,VIIRS,n,2.0NRT,299.0,1.29,N,VIIRS_NOAA21_NRT,1.669047619047619,21,0.007136337968899,-22.71041369472182,Persistent / Stable,1,87.77,Unnamed Industrial Feature,0,281.51,0,242.49,0,Other,4,1,-22.71041369472182,0.48,0,0,1,0,70.0,1,14.120000000000005,Other Thermal Event,5,LOW,Other Thermal Event,96.34,2.71,0.0,0.0,0.0,0.09,0.85,96.34,Agricultural Burning,93.62,False,Confident Assessment,Unnamed Industrial Feature,87.77,5.0,LOW
21.7543,83.84614,329.5,0.54,0.42,2026-09-23,758,N20,VIIRS,n,2.0NRT,289.79,3.22,D,VIIRS_NOAA20_NRT,4.770121951219512,82,0.0331328266334235,-32.49648472453022,Persistent / Stable,1,5.26,Unnamed Industrial Feature,0,96.51,0,25.25,0,Other,4,1,-32.49648472453022,0.56,0,0,1,0,70.0,0,39.70999999999998,Other Thermal Event,5,LOW,Other Thermal Event,97.28,1.96,0.0,0.0,0.0,0.0,0.76,97.28,Agricultural Burning,95.32,False,Confident Assessment,Unnamed Industrial Feature,5.26,5.0,LOW
26.92724,73.46787,308.68,0.41,0.45,2026-09-23,2112,N21,VIIRS,n,2.0NRT,297.41,2.44,N,VIIRS_NOAA21_NRT,1.24,2,0.0168698589356935,96.77419354838707,Abnormal Increase,1,95.5,Unnamed Industrial Feature,0,287.95,0,240.93,0,Other,4,1,96.77419354838707,1.09,0,0,1,0,70.0,1,11.269999999999982,Agricultural Burning,10,LOW,Agricultural Burning,86.01,86.01,0.39,0.23,0.0,0.39,1.69,11.29,Other Thermal Event,74.71,False,Confident Assessment,Unnamed Industrial Feature,95.5,5.0,LOW
11.81518,77.91682,316.54,0.4,0.37,2026-09-23,2032,N20,VIIRS,n,2.0NRT,284.17,1.17,N,VIIRS_NOAA20_NRT,1.7600000000000002,40,0.0044792508369112,-33.52272727272729,Persistent / Stable,1,12.95,TNSTC Depot Mettur Dam,0,135.1,0,109.67,0,Cropland / Agriculture,3,1,-33.52272727272729,0.42,0,0,1,0,70.0,1,32.370000000000005,Other Thermal Event,5,LOW,Other Thermal Event,95.53,3.38,0.0,0.06,0.0,0.06,0.97,95.53,Agricultural Burning,92.15,False,Confident Assessment,TNSTC Depot Mettur Dam,12.95,5.0,LOW
22.03713,83.73196,303.54,0.41,0.37,2026-09-23,2010,N,VIIRS,n,2.0NRT,281.55,1.2,N,VIIRS_SNPP_NRT,1.550909090909091,11,0.0269261321294235,-22.626025791324743,Persistent / Stable,1,16.04,Hemgir Coal Washery,0,107.21,0,33.9,0,Other,4,1,-22.626025791324743,0.47,0,0,1,0,70.0,1,21.99000000000001,Other Thermal Event,5,LOW,Other Thermal Event,96.96,2.12,0.0,0.0,0.0,0.09,0.83,96.96,Agricultural Burning,94.84,False,Confident Assessment,Hemgir Coal Washery,16.04,5.0,LOW
28.20892,77.32211,309.78,0.35,0.57,2026-09-23,2008,N,VIIRS,n,2.0NRT,294.72,1.4,N,VIIRS_SNPP_NRT,0.0,0,,0.0,New / No Local History,1,2.4,Unnamed Industrial Feature,1,43.65,0,86.85,0,Other,4,0,0.0,1.4,0,0,0,1,70.0,1,15.059999999999944,Other Thermal Event,5,LOW,Other Thermal Event,80.71,6.58,0.0,0.61,0.0,0.32,11.78,80.71,Normal Persistent Source,68.93,False,Confident Assessment,Unnamed Industrial Feature,2.4,5.0,LOW
28.21419,77.32272,334.28,0.35,0.57,2026-09-23,2008,N,VIIRS,n,2.0NRT,295.36,1.4,N,VIIRS_SNPP_NRT,0.0,0,,0.0,New / No Local History,1,2.07,Venus Ind. Co. Ltd.,1,43.07,0,87.36,0,Other,4,0,0.0,1.4,0,0,0,1,70.0,1,38.91999999999996,Other Thermal Event,5,LOW,Other Thermal Event,78.41,7.69,0.0,1.09,0.0,0.32,12.5,78.41,Normal Persistent Source,65.91,False,Confident Assessment,Venus Ind. Co. Ltd.,2.07,5.0,LOW
22.93182,69.70041,308.82,0.45,0.39,2026-09-23,2114,N21,VIIRS,n,2.0NRT,298.45,1.52,N,VIIRS_NOAA21_NRT,2.3864,25,0.0443096902945793,-36.30573248407644,Persistent / Stable,1,10.55,Mundra Port Industrial SEZ,0,33.16,0,54.72,0,Other,4,1,-36.30573248407644,0.45,0,0,1,0,70.0,1,10.370000000000005,Other Thermal Event,5,LOW,Other Thermal Event,95.26,3.15,0.0,0.0,0.0,0.03,1.56,95.26,Agricultural Burning,92.1,False,Confident Assessment,Mundra Port Industrial SEZ,10.55,5.0,LOW
11.81853,77.91739,309.7,0.4,0.37,2026-09-23,2032,N20,VIIRS,n,2.0NRT,283.46,1.17,N,VIIRS_NOAA20_NRT,1.7600000000000002,40,0.0046091825793213,-33.52272727272729,Persistent / Stable,1,13.09,TNSTC Depot Mettur Dam,0,134.76,0,109.94,0,Cropland / Agriculture,3,1,-33.52272727272729,0.42,0,0,1,0,70.0,1,26.24000000000001,Other Thermal Event,5,LOW,Other Thermal Event,95.66,3.51,0.0,0.06,0.0,0.08,0.68,95.66,Agricultural Burning,92.15,False,Confident Assessment,TNSTC Depot Mettur Dam,13.09,5.0,LOW
11.81681,77.91839,310.02,0.38,0.36,2026-09-26,2019,N21,VIIRS,n,2.0NRT,294.33,1.48,N,VIIRS_NOAA21_NRT,1.7600000000000002,40,0.0479931255351203,-15.90909090909092,Persistent / Stable,1,13.15,TNSTC Depot Mettur Dam,0,134.97,0,109.91,0,Cropland / Agriculture,3,1,-15.90909090909092,0.54,0,0,1,0,70.0,1,15.689999999999998,Other Thermal Event,5,LOW,Other Thermal Event,95.86,3.24,0.0,0.06,0.0,0.1,0.72,95.86,Agricultural Burning,92.62,False,Confident Assessment,TNSTC Depot Mettur Dam,13.15,5.0,LOW
21.33637,78.97024,316.78,0.4,0.37,2026-09-26,2017,N21,VIIRS,n,2.0NRT,293.12,1.29,N,VIIRS_NOAA21_NRT,1.755384615384615,13,0.0069126918298128,-26.51183172655564,Persistent / Stable,1,40.75,MIDC Nagpur Butibori,0,156.84,0,379.94,0,Forest / Woodland,2,1,-26.51183172655564,0.47,0,0,1,0,70.0,1,23.659999999999968,Other Thermal Event,5,LOW,Other Thermal Event,97.44,2.21,0.0,0.0,0.0,0.08,0.27,97.44,Agricultural Burning,95.22,False,Confident Assessment,MIDC Nagpur Butibori,40.75,5.0,LOW
22.01665,83.75141,308.04,0.45,0.39,2026-09-26,2017,N21,VIIRS,n,2.0NRT,293.03,1.5,N,VIIRS_NOAA21_NRT,1.7808333333333335,12,0.1052491812015025,-15.769770706598052,Persistent / Stable,1,14.04,Hemgir Coal Washery,0,106.91,0,31.13,0,Other,4,1,-15.769770706598052,0.54,0,0,1,0,70.0,1,15.010000000000048,Other Thermal Event,5,LOW,Other Thermal Event,96.62,1.93,0.0,0.0,0.0,0.12,1.33,96.62,Agricultural Burning,94.69,False,Confident Assessment,Hemgir Coal Washery,14.04,5.0,LOW
22.32063,82.58907,305.18,0.41,0.37,2026-09-26,2017,N21,VIIRS,n,2.0NRT,289.91,1.44,N,VIIRS_NOAA21_NRT,1.502222222222222,9,0.122443284624535,-4.142011834319524,Persistent / Stable,1,6.92,S V Power Private Limited Renki,0,9.91,0,155.3,0,Other,4,1,-4.142011834319524,0.58,0,0,1,0,70.0,1,15.269999999999982,Other Thermal Event,5,LOW,Other Thermal Event,96.77,1.21,0.0,0.0,0.0,0.12,1.91,96.77,Normal Persistent Source,94.86,False,Confident Assessment,S V Power Private Limited Renki,6.92,5.0,LOW
12.97608,80.02245,306.8,0.57,0.52,2026-09-26,2057,N,VIIRS,n,2.0NRT,292.44,1.5,N,VIIRS_SNPP_NRT,0.0,0,,0.0,New / No Local History,1,2.67,SIPCOT Irungattukottai,0,16.43,0,30.86,0,Other,4,0,0.0,1.5,0,0,0,1,70.0,1,14.360000000000014,Other Thermal Event,5,LOW,Other Thermal Event,61.02,25.32,0.0,0.86,1.47,0.29,11.05,61.02,Agricultural Burning,35.71,False,Confident Assessment,SIPCOT Irungattukottai,2.67,5.0,LOW
17.95654,80.78795,307.18,0.39,0.36,2026-09-26,2017,N21,VIIRS,n,2.0NRT,296.59,1.41,N,VIIRS_NOAA21_NRT,2.711818181818181,33,0.0087787309781013,-48.005363727790815,Persistent / Stable,1,11.0,Aswapuram Heavy Water Plant,0,272.23,0,124.53,0,Other,4,1,-48.005363727790815,0.38,0,0,1,0,70.0,1,10.590000000000032,Other Thermal Event,5,LOW,Other Thermal Event,94.73,4.4,0.0,0.0,0.0,0.03,0.84,94.73,Agricultural Burning,90.34,False,Confident Assessment,Aswapuram Heavy Water Plant,11.0,5.0,LOW
15.18193,76.67618,305.14,0.49,0.4,2026-09-26,2055,N,VIIRS,n,2.0NRT,293.64,1.41,N,VIIRS_SNPP_NRT,2.410944444444444,180,0.0114383693708491,-41.51669470239877,Persistent / Stable,1,20.52,Food Corporation of India,0,24.23,0,267.79,0,Forest / Woodland,2,1,-41.51669470239877,0.41,0,0,1,0,70.0,1,11.5,Other Thermal Event,5,LOW,Other Thermal Event,96.65,2.94,0.0,0.0,0.0,0.0,0.41,96.65,Agricultural Burning,93.71,False,Confident Assessment,Food Corporation of India,20.52,5.0,LOW
18.68423,73.03449,305.42,0.43,0.46,2026-09-26,2114,N20,VIIRS,n,2.0NRT,293.67,1.2,N,VIIRS_NOAA20_NRT,2.2831999999999995,50,0.0268824783912933,-47.44218640504554,Persistent / Stable,1,24.23,ONGC Uran Plant Maharashtra,0,548.81,0,23.93,0,Forest / Woodland,2,1,-47.44218640504554,0.37,0,0,1,0,70.0,1,11.75,Other Thermal Event,5,LOW,Other Thermal Event,96.51,2.76,0.0,0.0,0.0,0.0,0.73,96.51,Agricultural Burning,93.75,False,Confident Assessment,ONGC Uran Plant Maharashtra,24.23,5.0,LOW
21.07639,85.03489,307.23,0.54,0.42,2026-09-26,2017,N21,VIIRS,n,2.0NRT,290.04,2.19,N,VIIRS_NOAA21_NRT,2.44,20,0.0114798537935844,-10.245901639344265,Persistent / Stable,1,4.55,Talcher Super Thermal Powerstation,0,23.81,0,138.98,0,Other,4,1,-10.245901639344265,0.64,0,0,1,0,70.0,1,17.189999999999998,Other Thermal Event,5,LOW,Other Thermal Event,97.39,0.43,0.0,0.0,0.0,0.32,1.86,97.39,Normal Persistent Source,95.52,False,Confident Assessment,Talcher Super Thermal Powerstation,4.55,5.0,LOW
18.68455,73.04321,322.44,0.39,0.36,2026-09-26,2053,N,VIIRS,n,2.0NRT,295.59,2.24,N,VIIRS_SNPP_NRT,2.2831999999999995,50,0.0347193384401768,-1.892081289418328,Persistent / Stable,1,24.34,ONGC Uran Plant Maharashtra,0,548.34,0,24.3,0,Forest / Woodland,2,1,-1.892081289418328,0.68,0,0,1,0,70.0,1,26.850000000000023,Other Thermal Event,5,LOW,Other Thermal Event,96.41,2.56,0.0,0.0,0.0,0.08,0.95,96.41,Agricultural Burning,93.85,False,Confident Assessment,ONGC Uran Plant Maharashtra,24.34,5.0,LOW
18.68512,73.03955,318.43,0.39,0.36,2026-09-26,2053,N,VIIRS,n,2.0NRT,294.46,2.24,N,VIIRS_SNPP_NRT,2.2831999999999995,50,0.0119479357102828,-1.892081289418328,Persistent / Stable,1,24.21,ONGC Uran Plant Maharashtra,0,548.61,0,24.07,0,Forest / Woodland,2,1,-1.892081289418328,0.68,0,0,1,0,70.0,1,23.970000000000027,Other Thermal Event,5,LOW,Other Thermal Event,96.3,2.6,0.0,0.0,0.0,0.1,0.99,96.3,Agricultural Burning,93.7,False,Confident Assessment,ONGC Uran Plant Maharashtra,24.21,5.0,LOW
18.68179,73.03899,308.16,0.39,0.36,2026-09-26,2053,N,VIIRS,n,2.0NRT,294.07,2.22,N,VIIRS_SNPP_NRT,2.2831999999999995,50,0.0194394104834957,-2.768044849334236,Persistent / Stable,1,24.57,ONGC Uran Plant Maharashtra,0,548.33,0,24.38,0,Forest / Woodland,2,1,-2.768044849334236,0.68,0,0,1,0,70.0,1,14.090000000000032,Other Thermal Event,5,LOW,Other Thermal Event,95.74,2.77,0.0,0.0,0.0,0.07,1.42,95.74,Agricultural Burning,92.97,False,Confident Assessment,ONGC Uran Plant Maharashtra,24.57,5.0,LOW
15.1804,76.66515,297.42,0.43,0.38,2026-09-25,2038,N21,VIIRS,n,2.0NRT,268.3,0.68,N,VIIRS_NOAA21_NRT,2.4463876651982392,227,0.0064601843957429,-72.20391478940451,Persistent / Reduced,1,21.69,Food Corporation of India,0,23.51,0,266.97,0,Forest / Woodland,2,1,-72.20391478940451,0.2,0,0,1,0,70.0,1,29.120000000000005,Other Thermal Event,5,LOW,Other Thermal Event,98.01,0.86,0.0,0.0,0.0,0.01,1.11,98.01,Normal Persistent Source,96.89,False,Confident Assessment,Food Corporation of India,21.69,5.0,LOW
27.31708,95.26753,304.63,0.39,0.36,2026-09-25,1930,N,VIIRS,n,2.0NRT,290.4,0.59,N,VIIRS_SNPP_NRT,2.098095238095238,21,0.0011467401601964,-71.87925556059919,Persistent / Reduced,1,6.04,Unnamed Industrial Feature,0,968.76,0,35.68,0,Other,4,1,-71.87925556059919,0.19,0,0,1,0,70.0,1,14.230000000000018,Other Thermal Event,5,LOW,Other Thermal Event,95.44,2.36,0.0,0.0,0.0,0.24,1.96,95.44,Agricultural Burning,93.08,False,Confident Assessment,Unnamed Industrial Feature,6.04,5.0,LOW
28.74282,76.92647,308.37,0.39,0.36,2026-09-25,2034,N21,VIIRS,n,2.0NRT,293.81,0.58,N,VIIRS_NOAA21_NRT,1.8533333333333333,6,0.0218580507597798,-68.70503597122303,Persistent / Reduced,1,4.93,Unnamed Industrial Feature,0,39.81,0,72.15,0,Cropland / Agriculture,3,1,-68.70503597122303,0.2,0,0,1,0,70.0,1,14.560000000000002,Other Thermal Event,5,LOW,Other Thermal Event,91.63,3.96,0.0,0.06,0.0,1.51,2.84,91.63,Agricultural Burning,87.67,False,Confident Assessment,Unnamed Industrial Feature,4.93,5.0,LOW
27.32738,95.27514,304.16,0.57,0.43,2026-09-25,1949,N20,VIIRS,n,2.0NRT,288.64,0.46,N,VIIRS_NOAA20_NRT,2.098095238095238,21,0.0093673448332677,-78.07535179300953,Persistent / Reduced,1,4.72,Unnamed Industrial Feature,0,969.89,0,34.7,0,Other,4,1,-78.07535179300953,0.15,0,0,1,0,70.0,1,15.52000000000004,Other Thermal Event,5,LOW,Other Thermal Event,95.84,1.56,0.0,0.38,0.0,0.56,1.65,95.84,Normal Persistent Source,94.19,False,Confident Assessment,Unnamed Industrial Feature,4.72,5.0,LOW
26.25904,74.09378,305.02,0.35,0.57,2026-09-25,2129,N20,VIIRS,n,2.0NRT,294.57,0.73,N,VIIRS_NOAA20_NRT,0.905625,16,0.0062361834999047,-19.39268461007592,Persistent / Stable,1,5.68,Unnamed Industrial Feature,0,215.13,0,277.27,0,Cropland / Agriculture,3,1,-19.39268461007592,0.38,0,0,1,0,70.0,1,10.449999999999989,Other Thermal Event,5,LOW,Other Thermal Event,89.6,8.54,0.0,0.06,0.0,1.21,0.58,89.6,Agricultural Burning,81.06,False,Confident Assessment,Unnamed Industrial Feature,5.68,5.0,LOW
24.82184,73.0936,307.68,0.33,0.55,2026-09-25,2131,N20,VIIRS,n,2.0NRT,295.81,0.73,N,VIIRS_NOAA20_NRT,0.9616666666666668,6,0.0223593907864903,-24.090121317157724,Persistent / Stable,1,46.06,India One,0,84.37,0,211.05,0,Other,4,1,-24.090121317157724,0.37,0,0,1,0,70.0,1,11.870000000000005,Other Thermal Event,5,LOW,Other Thermal Event,89.91,7.85,0.0,0.0,0.0,0.08,2.16,89.91,Agricultural Burning,82.06,False,Confident Assessment,India One,46.06,5.0,LOW
11.13447,76.97626,333.39,0.47,0.48,2026-09-26,746,N21,VIIRS,n,2.0NRT,301.03,4.55,D,VIIRS_NOAA21_NRT,0.0,0,,0.0,New / No Local History,1,3.1,Lakshmi Machine Works Limited,0,80.65,0,16.48,0,Other,4,0,0.0,4.55,0,0,0,1,70.0,0,32.360000000000014,Other Thermal Event,5,LOW,Other Thermal Event,53.46,29.32,0.0,1.51,7.44,0.46,7.82,53.46,Agricultural Burning,24.14,True,Low Confidence (53.5%),Lakshmi Machine Works Limited,3.1,5.0,LOW
11.1185,76.91002,334.29,0.48,0.48,2026-09-26,746,N21,VIIRS,n,2.0NRT,301.66,4.54,D,VIIRS_NOAA21_NRT,12.59,1,0.2956989759124037,-63.939634630659256,Single Historical Detection,1,2.63,KSB Pumps,0,73.63,0,21.23,0,Other,4,1,-63.939634630659256,0.33,0,0,0,0,70.0,0,32.629999999999995,Other Thermal Event,5,LOW,Other Thermal Event,50.65,30.99,0.0,4.76,0.37,0.0,13.24,50.65,Agricultural Burning,19.66,True,Low Confidence (50.6%),KSB Pumps,2.63,5.0,LOW
15.65695,73.98927,299.47,0.38,0.36,2026-09-25,2038,N21,VIIRS,n,2.0NRT,265.49,0.43,N,VIIRS_NOAA21_NRT,1.3135714285714286,14,0.0192865455711831,-67.26481783578032,Persistent / Reduced,1,56.15,J P Foundry,0,232.24,0,304.11,0,Forest / Woodland,2,1,-67.26481783578032,0.19,0,0,1,0,70.0,1,33.98000000000002,Other Thermal Event,5,LOW,Other Thermal Event,96.69,2.76,0.0,0.3,0.0,0.01,0.24,96.69,Agricultural Burning,93.94,False,Confident Assessment,J P Foundry,56.15,5.0,LOW
15.17825,76.65662,296.11,0.43,0.38,2026-09-25,2038,N21,VIIRS,n,2.0NRT,268.64,0.87,N,VIIRS_NOAA21_NRT,2.5684500000000003,200,0.0064587044192042,-66.1274309408398,Persistent / Reduced,1,22.59,Food Corporation of India,0,22.89,0,266.25,0,Forest / Woodland,2,1,-66.1274309408398,0.24,0,0,1,0,70.0,1,27.470000000000027,Other Thermal Event,5,LOW,Other Thermal Event,97.77,0.99,0.0,0.0,0.0,1.04,0.2,97.77,Mining Activity,96.74,False,Confident Assessment,Food Corporation of India,22.59,5.0,LOW
15.18386,76.66578,307.36,0.43,0.38,2026-09-25,2038,N21,VIIRS,n,2.0NRT,267.98,0.76,N,VIIRS_NOAA21_NRT,2.4463876651982392,227,0.0053931068375124,-68.93378711756975,Persistent / Reduced,1,21.65,Food Corporation of India,0,23.89,0,267.32,0,Forest / Woodland,2,1,-68.93378711756975,0.22,0,0,1,0,70.0,1,39.38,Other Thermal Event,5,LOW,Other Thermal Event,98.09,1.1,0.0,0.0,0.0,0.41,0.4,98.09,Agricultural Burning,96.99,False,Confident Assessment,Food Corporation of India,21.65,5.0,LOW
26.8758,73.51379,309.18,0.41,0.45,2026-09-23,2112,N21,VIIRS,n,2.0NRT,297.41,1.48,N,VIIRS_NOAA21_NRT,1.669047619047619,21,0.0028014251603391,-11.32667617689015,Persistent / Stable,1,88.22,Unnamed Industrial Feature,0,281.84,0,242.32,0,Other,4,1,-11.32667617689015,0.55,0,0,1,0,70.0,1,11.769999999999982,Other Thermal Event,5,LOW,Other Thermal Event,95.98,3.18,0.0,0.0,0.0,0.07,0.77,95.98,Agricultural Burning,92.8,False,Confident Assessment,Unnamed Industrial Feature,88.22,5.0,LOW
24.82252,73.09056,305.09,0.33,0.55,2026-09-25,2131,N20,VIIRS,n,2.0NRT,293.7,0.73,N,VIIRS_NOAA20_NRT,0.9616666666666668,6,0.1212142656284871,-24.090121317157724,Persistent / Stable,1,45.9,India One,0,84.66,0,210.75,0,Other,4,1,-24.090121317157724,0.37,0,0,1,0,70.0,1,11.389999999999986,Other Thermal Event,5,LOW,Other Thermal Event,89.91,7.85,0.0,0.0,0.0,0.08,2.16,89.91,Agricultural Burning,82.06,False,Confident Assessment,India One,45.9,5.0,LOW
28.34614,77.23,308.85,0.4,0.44,2026-09-25,2110,N,VIIRS,n,2.0NRT,291.76,0.7,N,VIIRS_SNPP_NRT,1.612727272727273,11,0.031327990617606,-56.59526493799325,Persistent / Reduced,1,3.87,Unnamed Industrial Feature,0,29.19,0,104.46,0,Cropland / Agriculture,3,1,-56.59526493799325,0.27,0,0,1,0,70.0,1,17.090000000000032,Other Thermal Event,5,LOW,Other Thermal Event,94.3,1.98,0.0,0.44,0.0,1.45,1.82,94.3,Agricultural Burning,92.32,False,Confident Assessment,Unnamed Industrial Feature,3.87,5.0,LOW
27.32386,95.27807,314.37,0.41,0.45,2026-09-26,1910,N,VIIRS,n,2.0NRT,290.84,2.03,N,VIIRS_SNPP_NRT,2.098095238095238,21,0.0286663614629392,-3.245574216976856,Persistent / Stable,1,4.77,Unnamed Industrial Feature,0,970.01,0,34.5,0,Other,4,1,-3.245574216976856,0.66,0,0,1,0,70.0,1,23.53000000000003,Other Thermal Event,5,LOW,Other Thermal Event,96.64,1.64,0.0,0.0,0.0,0.31,1.41,96.64,Agricultural Burning,95.0,False,Confident Assessment,Unnamed Industrial Feature,4.77,5.0,LOW
15.17573,76.6565,334.96,0.42,0.38,2026-09-26,2017,N21,VIIRS,n,2.0NRT,297.69,2.26,N,VIIRS_NOAA21_NRT,2.579545454545455,198,0.0087351376308813,-12.38766519823791,Persistent / Stable,1,22.59,Food Corporation of India,0,22.63,0,266.01,0,Forest / Woodland,2,1,-12.38766519823791,0.63,0,0,1,0,70.0,1,37.26999999999998,Other Thermal Event,5,LOW,Other Thermal Event,98.67,1.11,0.0,0.0,0.0,0.0,0.21,98.67,Agricultural Burning,97.56,False,Confident Assessment,Food Corporation of India,22.59,5.0,LOW
15.1763,76.6526,314.94,0.42,0.38,2026-09-26,2017,N21,VIIRS,n,2.0NRT,294.33,2.26,N,VIIRS_NOAA21_NRT,2.683734939759036,166,0.0167742113569779,-15.789001122334463,Persistent / Stable,1,22.5,NMDC Donimalai Iron Mine,0,22.5,0,265.82,0,Forest / Woodland,2,1,-15.789001122334463,0.61,0,0,1,0,70.0,1,20.610000000000014,Other Thermal Event,5,LOW,Other Thermal Event,99.19,0.59,0.0,0.0,0.0,0.02,0.2,99.19,Agricultural Burning,98.61,False,Confident Assessment,NMDC Donimalai Iron Mine,22.5,5.0,LOW
15.17975,76.65311,308.08,0.42,0.38,2026-09-26,2017,N21,VIIRS,n,2.0NRT,294.06,2.26,N,VIIRS_NOAA21_NRT,2.656176470588236,170,0.0065127998417398,-14.915291772782648,Persistent / Stable,1,22.87,NMDC Donimalai Iron Mine,0,22.87,0,266.17,0,Forest / Woodland,2,1,-14.915291772782648,0.62,0,0,1,0,70.0,1,14.019999999999982,Other Thermal Event,5,LOW,Other Thermal Event,99.12,0.53,0.0,0.0,0.0,0.02,0.33,99.12,Agricultural Burning,98.59,False,Confident Assessment,NMDC Donimalai Iron Mine,22.87,5.0,LOW
21.74848,83.84482,324.81,0.46,0.39,2026-09-26,2017,N21,VIIRS,n,2.0NRT,294.07,2.23,N,VIIRS_NOAA21_NRT,4.736385542168675,83,0.0104558370179141,-52.917684167684165,Persistent / Reduced,1,5.89,Unnamed Industrial Feature,0,96.07,0,25.78,0,Other,4,1,-52.917684167684165,0.39,0,0,1,0,70.0,1,30.74000000000001,Other Thermal Event,5,LOW,Other Thermal Event,97.46,0.34,0.0,0.0,0.0,0.82,1.38,97.46,Normal Persistent Source,96.08,False,Confident Assessment,Unnamed Industrial Feature,5.89,5.0,LOW
21.74926,83.84042,313.18,0.46,0.39,2026-09-26,2017,N21,VIIRS,n,2.0NRT,293.53,2.23,N,VIIRS_NOAA21_NRT,4.736385542168675,83,0.0111197816838693,-52.917684167684165,Persistent / Reduced,1,5.98,Unnamed Industrial Feature,0,95.72,0,26.06,0,Other,4,1,-52.917684167684165,0.39,0,0,1,0,70.0,1,19.650000000000038,Other Thermal Event,5,LOW,Other Thermal Event,98.15,0.4,0.0,0.0,0.0,0.4,1.05,98.15,Normal Persistent Source,97.1,False,Confident Assessment,Unnamed Industrial Feature,5.98,5.0,LOW
21.75281,83.84116,313.06,0.46,0.39,2026-09-26,2017,N21,VIIRS,n,2.0NRT,293.67,2.23,N,VIIRS_NOAA21_NRT,4.736385542168675,83,0.0130206628048396,-52.917684167684165,Persistent / Reduced,1,5.59,Unnamed Industrial Feature,0,95.98,0,25.74,0,Other,4,1,-52.917684167684165,0.39,0,0,1,0,70.0,1,19.389999999999983,Other Thermal Event,5,LOW,Other Thermal Event,98.15,0.4,0.0,0.0,0.0,0.4,1.05,98.15,Normal Persistent Source,97.1,False,Confident Assessment,Unnamed Industrial Feature,5.59,5.0,LOW
22.93245,69.69536,314.2,0.44,0.46,2026-09-25,2131,N20,VIIRS,n,2.0NRT,295.33,1.54,N,VIIRS_NOAA20_NRT,2.3864,25,0.011384837366822,-35.467650016761645,Persistent / Stable,1,10.74,Mundra Port Industrial SEZ,0,33.16,0,54.82,0,Other,4,1,-35.467650016761645,0.45,0,0,1,0,70.0,1,18.870000000000005,Other Thermal Event,5,LOW,Other Thermal Event,97.39,0.95,0.0,0.0,0.0,0.1,1.56,97.39,Normal Persistent Source,95.83,False,Confident Assessment,Mundra Port Industrial SEZ,10.74,5.0,LOW
22.93663,69.69632,314.88,0.44,0.46,2026-09-25,2131,N20,VIIRS,n,2.0NRT,296.04,1.54,N,VIIRS_NOAA20_NRT,2.3864,25,0.0117214293816652,-35.467650016761645,Persistent / Stable,1,11.16,Mundra Port Industrial SEZ,0,32.68,0,55.28,0,Other,4,1,-35.467650016761645,0.45,0,0,1,0,70.0,1,18.83999999999997,Other Thermal Event,5,LOW,Other Thermal Event,97.39,0.95,0.0,0.0,0.0,0.1,1.56,97.39,Normal Persistent Source,95.83,False,Confident Assessment,Mundra Port Industrial SEZ,11.16,5.0,LOW
18.69145,73.04265,306.07,0.5,0.41,2026-09-25,2114,N,VIIRS,n,2.0NRT,294.5,1.98,N,VIIRS_SNPP_NRT,2.2831999999999995,50,0.0231921358577579,-13.279607568325138,Persistent / Stable,1,23.57,ONGC Uran Plant Maharashtra,0,549.02,0,23.57,0,Forest / Woodland,2,1,-13.279607568325138,0.6,0,0,1,0,70.0,1,11.569999999999991,Other Thermal Event,5,LOW,Other Thermal Event,94.23,4.73,0.0,0.0,0.0,0.05,0.99,94.23,Agricultural Burning,89.5,False,Confident Assessment,ONGC Uran Plant Maharashtra,23.57,5.0,LOW
21.74492,83.84408,314.72,0.46,0.39,2026-09-26,2017,N21,VIIRS,n,2.0NRT,293.9,2.09,N,VIIRS_NOAA21_NRT,4.736385542168675,83,0.0023251301407423,-55.87352462352463,Persistent / Reduced,1,6.23,Unnamed Industrial Feature,0,95.81,0,26.11,0,Other,4,1,-55.87352462352463,0.36,0,0,1,0,70.0,1,20.82000000000005,Other Thermal Event,5,LOW,Other Thermal Event,98.03,0.52,0.0,0.0,0.0,0.4,1.05,98.03,Normal Persistent Source,96.98,False,Confident Assessment,Unnamed Industrial Feature,6.23,5.0,LOW
11.11987,76.91008,331.46,0.38,0.36,2026-09-26,822,N,VIIRS,n,2.0NRT,301.23,2.09,D,VIIRS_SNPP_NRT,12.59,1,0.2891348421761967,-83.39952343129468,Single Historical Detection,1,2.59,KSB Pumps,0,73.62,0,21.29,0,Other,4,1,-83.39952343129468,0.15,0,0,0,0,70.0,0,30.22999999999996,Other Thermal Event,5,LOW,Other Thermal Event,50.87,28.99,0.0,4.01,0.37,0.0,15.76,50.87,Agricultural Burning,21.88,True,Low Confidence (50.9%),KSB Pumps,2.59,5.0,LOW
23.77411,86.20876,298.15,0.37,0.58,2026-09-25,2034,N21,VIIRS,n,2.0NRT,284.73,2.04,N,VIIRS_NOAA21_NRT,3.051874999999999,48,0.0026393759107792,-33.15584681548226,Persistent / Stable,1,6.84,Unnamed Industrial Feature,0,17.39,0,184.89,0,Other,4,1,-33.15584681548226,0.5,0,0,1,0,70.0,1,13.41999999999996,Other Thermal Event,5,LOW,Other Thermal Event,98.04,0.59,0.0,0.0,0.0,0.13,1.24,98.04,Normal Persistent Source,96.8,False,Confident Assessment,Unnamed Industrial Feature,6.84,5.0,LOW
27.32425,95.2787,312.0,0.49,0.49,2026-09-25,1851,N21,VIIRS,n,2.0NRT,290.68,1.06,N,VIIRS_NOAA21_NRT,2.098095238095238,21,0.0335888933997584,-49.47798456650022,Persistent / Stable,1,4.7,Unnamed Industrial Feature,0,970.08,0,34.43,0,Other,4,1,-49.47798456650022,0.34,0,0,1,0,70.0,1,21.319999999999997,Other Thermal Event,5,LOW,Other Thermal Event,95.91,2.4,0.0,0.0,0.0,0.29,1.4,95.91,Agricultural Burning,93.51,False,Confident Assessment,Unnamed Industrial Feature,4.7,5.0,LOW
23.77129,86.19691,301.84,0.37,0.58,2026-09-25,2034,N21,VIIRS,n,2.0NRT,285.57,1.06,N,VIIRS_NOAA21_NRT,3.051874999999999,48,0.013342161199799,-65.26725373745647,Persistent / Reduced,1,5.71,Unnamed Industrial Feature,0,18.2,0,185.11,0,Other,4,1,-65.26725373745647,0.26,0,0,1,0,70.0,1,16.269999999999982,Other Thermal Event,5,LOW,Other Thermal Event,95.84,0.69,0.0,0.0,0.0,1.69,1.79,95.84,Normal Persistent Source,94.05,False,Confident Assessment,Unnamed Industrial Feature,5.71,5.0,LOW
23.77207,86.19344,299.23,0.37,0.58,2026-09-25,2034,N21,VIIRS,n,2.0NRT,285.14,1.06,N,VIIRS_NOAA21_NRT,3.051874999999999,48,0.0681894780201634,-65.26725373745647,Persistent / Reduced,1,5.51,Unnamed Industrial Feature,0,18.54,0,185.0,0,Other,4,1,-65.26725373745647,0.26,0,0,1,0,70.0,1,14.090000000000032,Other Thermal Event,5,LOW,Other Thermal Event,95.74,0.79,0.0,0.0,0.0,1.69,1.79,95.74,Normal Persistent Source,93.95,False,Confident Assessment,Unnamed Industrial Feature,5.51,5.0,LOW
15.16872,76.67115,295.99,0.43,0.38,2026-09-25,2038,N21,VIIRS,n,2.0NRT,269.62,1.04,N,VIIRS_NOAA21_NRT,2.4570909090909097,220,0.0322964616397139,-57.67352375314489,Persistent / Reduced,1,21.0,Food Corporation of India,0,22.69,0,266.28,0,Forest / Woodland,2,1,-57.67352375314489,0.3,0,0,1,0,70.0,1,26.370000000000005,Other Thermal Event,5,LOW,Other Thermal Event,98.51,0.66,0.0,0.0,0.0,0.55,0.28,98.51,Agricultural Burning,97.84,False,Confident Assessment,Food Corporation of India,21.0,5.0,LOW
28.74586,77.12883,308.73,0.55,0.68,2026-09-25,1949,N20,VIIRS,n,2.0NRT,290.46,1.81,N,VIIRS_NOAA20_NRT,0.0,0,,0.0,New / No Local History,1,3.0,Rithala Power Plant,0,23.28,0,73.5,0,Other,4,0,0.0,1.81,0,0,0,1,70.0,1,18.27000000000004,Other Thermal Event,5,LOW,Other Thermal Event,53.69,27.0,0.0,0.86,2.21,1.04,15.19,53.69,Agricultural Burning,26.69,True,Low Confidence (53.7%),Rithala Power Plant,3.0,5.0,LOW
28.74622,77.12306,304.49,0.55,0.68,2026-09-25,1949,N20,VIIRS,n,2.0NRT,290.21,1.6,N,VIIRS_NOAA20_NRT,0.0,0,,0.0,New / No Local History,1,2.54,Rithala Power Plant,0,23.72,0,73.34,0,Other,4,0,0.0,1.6,0,0,0,1,70.0,1,14.28000000000003,Other Thermal Event,5,LOW,Other Thermal Event,58.53,25.96,0.0,0.86,1.85,0.29,12.51,58.53,Agricultural Burning,32.57,True,Low Confidence (58.5%),Rithala Power Plant,2.54,5.0,LOW
15.1748,76.65598,304.81,0.43,0.38,2026-09-25,2038,N21,VIIRS,n,2.0NRT,269.3,1.09,N,VIIRS_NOAA21_NRT,2.5956544502617804,191,0.0075291742603684,-58.00673699497752,Persistent / Reduced,1,22.51,NMDC Donimalai Iron Mine,0,22.51,0,265.89,0,Forest / Woodland,2,1,-58.00673699497752,0.3,0,0,1,0,70.0,1,35.50999999999999,Other Thermal Event,5,LOW,Other Thermal Event,98.09,1.2,0.0,0.0,0.0,0.27,0.44,98.09,Agricultural Burning,96.89,False,Confident Assessment,NMDC Donimalai Iron Mine,22.51,5.0,LOW
18.6863,73.04076,302.8,0.41,0.37,2026-09-25,2036,N21,VIIRS,n,2.0NRT,289.59,1.23,N,VIIRS_NOAA21_NRT,2.2831999999999995,50,0.0095184078374399,-46.12824106517168,Persistent / Stable,1,24.1,ONGC Uran Plant Maharashtra,0,548.65,0,24.01,0,Forest / Woodland,2,1,-46.12824106517168,0.37,0,0,1,0,70.0,1,13.210000000000036,Other Thermal Event,5,LOW,Other Thermal Event,97.62,1.59,0.0,0.0,0.0,0.02,0.77,97.62,Agricultural Burning,96.03,False,Confident Assessment,ONGC Uran Plant Maharashtra,24.1,5.0,LOW
23.31582,70.48887,309.64,0.39,0.36,2026-09-25,2112,N,VIIRS,n,2.0NRT,298.28,1.01,N,VIIRS_SNPP_NRT,1.5000000000000002,13,0.0134393776995453,-32.66666666666668,Persistent / Stable,1,34.5,Unnamed Industrial Feature,0,77.36,0,103.54,0,Other,4,1,-32.66666666666668,0.4,0,0,1,0,70.0,1,11.360000000000014,Other Thermal Event,5,LOW,Other Thermal Event,95.15,3.11,0.0,0.0,0.0,0.03,1.71,95.15,Agricultural Burning,92.05,False,Confident Assessment,Unnamed Industrial Feature,34.5,5.0,LOW
22.93252,69.70126,317.92,0.38,0.36,2026-09-25,2112,N,VIIRS,n,2.0NRT,295.28,1.0,N,VIIRS_SNPP_NRT,2.3864,25,0.0195558025661816,-58.09587663426081,Persistent / Reduced,1,10.61,Mundra Port Industrial SEZ,0,33.08,0,54.8,0,Other,4,1,-58.09587663426081,0.3,0,0,1,0,70.0,1,22.640000000000043,Other Thermal Event,5,LOW,Other Thermal Event,97.35,1.16,0.0,0.0,0.0,0.36,1.13,97.35,Agricultural Burning,96.18,False,Confident Assessment,Mundra Port Industrial SEZ,10.61,5.0,LOW
22.9331,69.69752,307.6,0.38,0.36,2026-09-25,2112,N,VIIRS,n,2.0NRT,295.95,1.0,N,VIIRS_SNPP_NRT,2.3864,25,0.0129967234530785,-58.09587663426081,Persistent / Reduced,1,10.75,Mundra Port Industrial SEZ,0,33.06,0,54.88,0,Other,4,1,-58.09587663426081,0.3,0,0,1,0,70.0,1,11.650000000000034,Other Thermal Event,5,LOW,Other Thermal Event,96.77,2.01,0.0,0.0,0.0,0.03,1.19,96.77,Agricultural Burning,94.75,False,Confident Assessment,Mundra Port Industrial SEZ,10.75,5.0,LOW
18.69312,73.04184,307.14,0.41,0.37,2026-09-25,2036,N21,VIIRS,n,2.0NRT,290.49,1.18,N,VIIRS_NOAA21_NRT,2.2831999999999995,50,0.0254066404464599,-48.31814996496145,Persistent / Stable,1,23.37,ONGC Uran Plant Maharashtra,0,549.22,0,23.37,0,Forest / Woodland,2,1,-48.31814996496145,0.36,0,0,1,0,70.0,1,16.649999999999977,Other Thermal Event,5,LOW,Other Thermal Event,97.43,1.73,0.0,0.0,0.0,0.08,0.76,97.43,Agricultural Burning,95.7,False,Confident Assessment,ONGC Uran Plant Maharashtra,23.37,5.0,LOW
18.6846,73.02856,303.04,0.41,0.37,2026-09-25,2036,N21,VIIRS,n,2.0NRT,287.09,1.14,N,VIIRS_NOAA21_NRT,2.326458333333333,48,0.026646982944618,-50.99847765738336,Persistent / Reduced,1,24.11,ONGC Uran Plant Maharashtra,0,549.19,0,23.64,0,Forest / Woodland,2,1,-50.99847765738336,0.34,0,0,1,0,70.0,1,15.950000000000044,Other Thermal Event,5,LOW,Other Thermal Event,97.14,1.85,0.0,0.0,0.0,0.08,0.93,97.14,Agricultural Burning,95.3,False,Confident Assessment,ONGC Uran Plant Maharashtra,24.11,5.0,LOW
17.95867,80.7959,309.15,0.39,0.36,2026-09-26,2017,N21,VIIRS,n,2.0NRT,296.48,1.87,N,VIIRS_NOAA21_NRT,2.711818181818181,33,0.0339234435048711,-31.042574589339576,Persistent / Stable,1,10.69,Aswapuram Heavy Water Plant,0,272.52,0,125.36,0,Other,4,1,-31.042574589339576,0.5,0,0,1,0,70.0,1,12.66999999999996,Other Thermal Event,5,LOW,Other Thermal Event,96.79,2.05,0.0,0.0,0.0,0.03,1.13,96.79,Agricultural Burning,94.74,False,Confident Assessment,Aswapuram Heavy Water Plant,10.69,5.0,LOW
22.93414,69.6973,304.81,0.45,0.63,2026-09-26,2017,N21,VIIRS,n,2.0NRT,293.61,1.87,N,VIIRS_NOAA21_NRT,2.3864,25,0.0085182712120989,-21.63928930606772,Persistent / Stable,1,10.87,Mundra Port Industrial SEZ,0,32.95,0,55.0,0,Other,4,1,-21.63928930606772,0.55,0,0,1,0,70.0,1,11.199999999999989,Other Thermal Event,5,LOW,Other Thermal Event,95.6,2.81,0.0,0.0,0.0,0.03,1.55,95.6,Agricultural Burning,92.79,False,Confident Assessment,Mundra Port Industrial SEZ,10.87,5.0,LOW
20.70626,78.61716,302.78,0.75,0.77,2026-09-26,1932,N20,VIIRS,n,2.0NRT,291.82,2.13,N,VIIRS_NOAA20_NRT,1.185,2,0.3422826194289785,79.74683544303795,Abnormal Increase,1,52.26,MIDC Nagpur Butibori,0,109.34,0,321.29,0,Forest / Woodland,2,1,79.74683544303795,0.97,0,0,1,0,70.0,1,10.95999999999998,Agricultural Burning,10,LOW,Agricultural Burning,91.4,91.4,0.0,0.0,0.0,0.6,0.45,7.55,Other Thermal Event,83.85,False,Confident Assessment,MIDC Nagpur Butibori,52.26,5.0,LOW
27.32554,95.27709,313.71,0.39,0.36,2026-09-26,1930,N20,VIIRS,n,2.0NRT,291.91,1.83,N,VIIRS_NOAA20_NRT,2.098095238095238,21,0.0227270202387873,-12.778029959146613,Persistent / Stable,1,4.71,Unnamed Industrial Feature,0,969.99,0,34.56,0,Other,4,1,-12.778029959146613,0.59,0,0,1,0,70.0,1,21.799999999999955,Other Thermal Event,5,LOW,Other Thermal Event,97.51,0.93,0.0,0.0,0.0,0.32,1.24,97.51,Normal Persistent Source,96.27,False,Confident Assessment,Unnamed Industrial Feature,4.71,5.0,LOW
15.17294,76.68385,307.17,0.49,0.4,2026-09-26,2055,N,VIIRS,n,2.0NRT,293.27,1.82,N,VIIRS_SNPP_NRT,2.2774999999999994,140,0.1031265564576183,-20.08781558726672,Persistent / Stable,1,19.64,Food Corporation of India,0,23.81,0,267.45,0,Forest / Woodland,2,1,-20.08781558726672,0.56,0,0,1,0,70.0,1,13.900000000000034,Other Thermal Event,5,LOW,Other Thermal Event,98.79,0.53,0.0,0.0,0.0,0.02,0.66,98.79,Normal Persistent Source,98.13,False,Confident Assessment,Food Corporation of India,19.64,5.0,LOW
21.74137,83.84333,316.35,0.46,0.39,2026-09-26,2017,N21,VIIRS,n,2.0NRT,294.52,2.09,N,VIIRS_NOAA21_NRT,4.770121951219512,82,0.0038269735392797,-56.185606544803775,Persistent / Reduced,1,6.08,IB Thermal Power Plant,0,95.55,0,26.43,0,Other,4,1,-56.185606544803775,0.36,0,0,1,0,70.0,1,21.83000000000004,Other Thermal Event,5,LOW,Other Thermal Event,98.03,0.52,0.0,0.0,0.0,0.4,1.05,98.03,Normal Persistent Source,96.98,False,Confident Assessment,IB Thermal Power Plant,6.08,5.0,LOW
20.95502,85.01289,306.44,0.54,0.42,2026-09-26,2017,N21,VIIRS,n,2.0NRT,289.38,2.05,N,VIIRS_NOAA21_NRT,3.09125,8,0.0105674803056401,-33.68378487666802,Persistent / Stable,1,4.11,Angul Monnet Power Company Limited,0,21.51,0,146.73,0,Other,4,1,-33.68378487666802,0.5,0,0,1,0,70.0,1,17.060000000000002,Other Thermal Event,5,LOW,Other Thermal Event,98.17,0.32,0.0,0.0,0.0,0.09,1.43,98.17,Normal Persistent Source,96.74,False,Confident Assessment,Angul Monnet Power Company Limited,4.11,5.0,LOW
27.02924,94.89082,331.41,0.51,0.49,2026-09-25,724,N20,VIIRS,n,2.0NRT,295.33,3.25,D,VIIRS_NOAA20_NRT,1.845,2,0.0077291049193874,76.1517615176152,Abnormal Increase,1,6.31,LTPS,0,922.36,0,25.48,0,Other,4,1,76.1517615176152,1.14,0,0,1,0,70.0,0,36.08000000000004,Agricultural Burning,10,LOW,Agricultural Burning,75.86,75.86,0.32,1.05,0.0,0.29,1.11,21.38,Other Thermal Event,54.48,False,Confident Assessment,LTPS,6.31,5.0,LOW
27.94313,95.60423,331.88,0.49,0.41,2026-09-25,629,N21,VIIRS,n,2.0NRT,299.07,3.73,D,VIIRS_NOAA21_NRT,9.325,6,0.055303758998396,-60.0,Persistent / Reduced,1,55.13,Truck Stand and Weight Bridge,0,1026.73,0,61.51,0,Forest / Woodland,2,1,-60.0,0.36,0,0,1,0,70.0,0,32.81,Other Thermal Event,5,LOW,Other Thermal Event,82.45,15.77,0.0,0.4,0.0,0.0,1.38,82.45,Agricultural Burning,66.68,False,Confident Assessment,Truck Stand and Weight Bridge,55.13,5.0,LOW
27.9468,95.60338,329.78,0.49,0.41,2026-09-25,629,N21,VIIRS,n,2.0NRT,298.84,3.73,D,VIIRS_NOAA21_NRT,9.325,6,0.1247133384481209,-60.0,Persistent / Reduced,1,55.48,Truck Stand and Weight Bridge,0,1026.83,0,61.92,0,Forest / Woodland,2,1,-60.0,0.36,0,0,1,0,70.0,0,30.94,Other Thermal Event,5,LOW,Other Thermal Event,83.01,14.78,0.37,0.4,0.0,0.0,1.45,83.01,Agricultural Burning,68.22,False,Confident Assessment,Truck Stand and Weight Bridge,55.48,5.0,LOW
21.75559,83.8463,308.99,0.46,0.39,2026-09-26,2017,N21,VIIRS,n,2.0NRT,293.08,1.8,N,VIIRS_NOAA21_NRT,4.770121951219512,82,0.0165245447891098,-62.26511568452,Persistent / Reduced,1,5.12,Unnamed Industrial Feature,0,96.6,0,25.14,0,Other,4,1,-62.26511568452,0.31,0,0,1,0,70.0,1,15.910000000000023,Other Thermal Event,5,LOW,Other Thermal Event,97.83,0.53,0.0,0.4,0.0,0.4,0.84,97.83,Normal Persistent Source,96.99,False,Confident Assessment,Unnamed Industrial Feature,5.12,5.0,LOW
21.75637,83.8419,325.08,0.46,0.39,2026-09-26,2017,N21,VIIRS,n,2.0NRT,294.6,1.8,N,VIIRS_NOAA21_NRT,4.736385542168675,83,0.0041985177796104,-61.996336996337,Persistent / Reduced,1,5.19,Unnamed Industrial Feature,0,96.25,0,25.42,0,Other,4,1,-61.996336996337,0.31,0,0,1,0,70.0,1,30.47999999999996,Other Thermal Event,5,LOW,Other Thermal Event,97.83,0.51,0.0,0.0,0.0,0.49,1.17,97.83,Normal Persistent Source,96.66,False,Confident Assessment,Unnamed Industrial Feature,5.19,5.0,LOW
21.75915,83.84702,312.09,0.46,0.39,2026-09-26,2017,N21,VIIRS,n,2.0NRT,292.91,1.8,N,VIIRS_NOAA21_NRT,4.770121951219512,82,0.0164407258266743,-62.26511568452,Persistent / Reduced,1,4.72,Unnamed Industrial Feature,0,96.86,0,24.82,0,Other,4,1,-62.26511568452,0.31,0,0,1,0,70.0,1,19.17999999999995,Other Thermal Event,5,LOW,Other Thermal Event,97.48,0.59,0.0,0.4,0.0,0.4,1.13,97.48,Normal Persistent Source,96.35,False,Confident Assessment,Unnamed Industrial Feature,4.72,5.0,LOW
21.75992,83.84264,308.41,0.46,0.39,2026-09-26,2017,N21,VIIRS,n,2.0NRT,292.92,1.8,N,VIIRS_NOAA21_NRT,4.736385542168675,83,0.0111769667911858,-61.996336996337,Persistent / Reduced,1,4.8,Unnamed Industrial Feature,0,96.51,0,25.11,0,Other,4,1,-61.996336996337,0.31,0,0,1,0,70.0,1,15.490000000000007,Other Thermal Event,5,LOW,Other Thermal Event,98.23,0.53,0.0,0.0,0.0,0.4,0.84,98.23,Normal Persistent Source,97.39,False,Confident Assessment,Unnamed Industrial Feature,4.8,5.0,LOW
17.95534,80.79531,312.86,0.39,0.36,2026-09-26,2017,N21,VIIRS,n,2.0NRT,296.94,1.87,N,VIIRS_NOAA21_NRT,2.711818181818181,33,0.0091730333259548,-31.042574589339576,Persistent / Stable,1,10.42,Aswapuram Heavy Water Plant,0,272.79,0,125.31,0,Other,4,1,-31.042574589339576,0.5,0,0,1,0,70.0,1,15.920000000000016,Other Thermal Event,5,LOW,Other Thermal Event,97.6,1.35,0.0,0.0,0.0,0.1,0.95,97.6,Agricultural Burning,96.24,False,Confident Assessment,Aswapuram Heavy Water Plant,10.42,5.0,LOW
22.93297,69.70076,310.22,0.45,0.47,2026-09-25,2036,N21,VIIRS,n,2.0NRT,297.04,2.27,N,VIIRS_NOAA21_NRT,2.3864,25,0.0086251591809095,-4.877639959772044,Persistent / Stable,1,10.67,Mundra Port Industrial SEZ,0,33.03,0,54.85,0,Other,4,1,-4.877639959772044,0.67,0,0,1,0,70.0,1,13.180000000000009,Other Thermal Event,5,LOW,Other Thermal Event,96.64,0.92,0.0,0.0,0.0,0.09,2.35,96.64,Normal Persistent Source,94.29,False,Confident Assessment,Mundra Port Industrial SEZ,10.67,5.0,LOW
22.05646,88.12705,306.21,0.39,0.36,2026-09-25,1949,N20,VIIRS,n,2.0NRT,289.67,2.66,N,VIIRS_NOAA20_NRT,4.386363636363635,22,0.0316097211306926,-39.35751295336785,Persistent / Stable,1,5.38,Haldia Port Industrial Area,0,256.16,0,7.87,0,Other,4,1,-39.35751295336785,0.49,0,0,1,0,70.0,1,16.539999999999964,Other Thermal Event,5,LOW,Other Thermal Event,98.24,0.45,0.0,0.17,0.0,0.0,1.14,98.24,Normal Persistent Source,97.1,False,Confident Assessment,Haldia Port Industrial Area,5.38,5.0,LOW
15.17844,76.67702,298.07,0.43,0.38,2026-09-25,2038,N21,VIIRS,n,2.0NRT,270.28,1.38,N,VIIRS_NOAA21_NRT,2.359756097560976,164,0.0043319424096009,-41.51937984496124,Persistent / Stable,1,20.4,Food Corporation of India,0,23.95,0,267.52,0,Forest / Woodland,2,1,-41.51937984496124,0.41,0,0,1,0,70.0,1,27.79000000000002,Other Thermal Event,5,LOW,Other Thermal Event,99.06,0.59,0.0,0.0,0.0,0.0,0.36,99.06,Agricultural Burning,98.47,False,Confident Assessment,Food Corporation of India,20.4,5.0,LOW
27.32594,95.27735,316.89,0.39,0.36,2026-09-25,1930,N,VIIRS,n,2.0NRT,291.3,1.36,N,VIIRS_SNPP_NRT,2.098095238095238,21,0.0051279111951087,-35.179300953245566,Persistent / Stable,1,4.66,Unnamed Industrial Feature,0,970.03,0,34.52,0,Other,4,1,-35.179300953245566,0.44,0,0,1,0,70.0,1,25.58999999999997,Other Thermal Event,5,LOW,Other Thermal Event,96.58,1.38,0.0,0.0,0.0,0.27,1.77,96.58,Normal Persistent Source,94.81,False,Confident Assessment,Unnamed Industrial Feature,4.66,5.0,LOW
18.6873,73.03009,308.32,0.43,0.62,2026-09-25,2131,N20,VIIRS,n,2.0NRT,292.29,1.7,N,VIIRS_NOAA20_NRT,2.326458333333333,48,0.0053776172570859,-26.92755440136115,Persistent / Stable,1,23.83,ONGC Uran Plant Maharashtra,0,549.35,0,23.43,0,Forest / Woodland,2,1,-26.92755440136115,0.51,0,0,1,0,70.0,1,16.029999999999973,Other Thermal Event,5,LOW,Other Thermal Event,97.65,1.64,0.0,0.0,0.0,0.09,0.63,97.65,Agricultural Burning,96.01,False,Confident Assessment,ONGC Uran Plant Maharashtra,23.83,5.0,LOW
23.77252,86.19855,299.03,0.34,0.56,2026-09-25,1932,N,VIIRS,n,2.0NRT,284.83,1.54,N,VIIRS_SNPP_NRT,3.051874999999999,48,0.0092449250100334,-49.53921769404053,Persistent / Stable,1,5.92,Unnamed Industrial Feature,0,18.14,0,184.98,0,Other,4,1,-49.53921769404053,0.38,0,0,1,0,70.0,1,14.199999999999989,Other Thermal Event,5,LOW,Other Thermal Event,96.38,0.33,0.0,0.0,0.0,1.06,2.24,96.38,Normal Persistent Source,94.14,False,Confident Assessment,Unnamed Industrial Feature,5.92,5.0,LOW
22.05213,88.12674,302.62,0.53,0.67,2026-09-25,2034,N21,VIIRS,n,2.0NRT,281.9,1.53,N,VIIRS_NOAA21_NRT,4.386363636363635,22,0.0020952591621179,-65.11917098445595,Persistent / Reduced,1,5.42,Haldia Port Industrial Area,0,256.49,0,7.64,0,Other,4,1,-65.11917098445595,0.28,0,0,1,0,70.0,1,20.720000000000027,Other Thermal Event,5,LOW,Other Thermal Event,98.53,0.61,0.0,0.17,0.0,0.0,0.68,98.53,Normal Persistent Source,97.84,False,Confident Assessment,Haldia Port Industrial Area,5.42,5.0,LOW
22.05331,88.12173,303.19,0.53,0.67,2026-09-25,2034,N21,VIIRS,n,2.0NRT,282.13,1.53,N,VIIRS_NOAA21_NRT,4.342173913043477,23,0.0143453274849012,-64.76419345148692,Persistent / Reduced,1,4.89,Haldia Port Industrial Area,0,256.04,0,7.22,0,Other,4,1,-64.76419345148692,0.29,0,0,1,0,70.0,1,21.06,Other Thermal Event,5,LOW,Other Thermal Event,95.5,0.57,0.0,2.9,0.35,0.0,0.68,95.5,Gas Flare,92.59,False,Confident Assessment,Haldia Port Industrial Area,4.89,5.0,LOW
28.74872,77.1236,312.17,0.55,0.68,2026-09-25,1949,N20,VIIRS,n,2.0NRT,290.16,2.71,N,VIIRS_NOAA20_NRT,0.0,0,,0.0,New / No Local History,1,2.75,Rithala Power Plant,0,23.87,0,73.08,0,Other,4,0,0.0,2.71,0,0,0,1,70.0,1,22.00999999999999,Other Thermal Event,5,LOW,Other Thermal Event,57.24,23.84,0.0,0.56,4.9,0.81,12.65,57.24,Agricultural Burning,33.4,True,Low Confidence (57.2%),Rithala Power Plant,2.75,5.0,LOW
23.16853,82.33825,302.26,0.46,0.63,2026-09-26,1932,N20,VIIRS,n,2.0NRT,286.96,0.79,N,VIIRS_NOAA20_NRT,1.913076923076923,13,0.0242179833729488,-58.70526739043023,Persistent / Reduced,1,80.27,Salora Power Station,0,97.53,0,223.28,0,Forest / Woodland,2,1,-58.70526739043023,0.27,0,0,1,0,70.0,1,15.300000000000011,Other Thermal Event,5,LOW,Other Thermal Event,96.12,3.37,0.0,0.0,0.0,0.03,0.48,96.12,Agricultural Burning,92.75,False,Confident Assessment,Salora Power Station,80.27,5.0,LOW
20.3576,72.94836,313.98,0.4,0.44,2026-09-26,2114,N20,VIIRS,n,2.0NRT,292.82,0.83,N,VIIRS_NOAA20_NRT,1.27,1,0.028637873448705,-34.645669291338585,Single Historical Detection,1,3.23,Unnamed Industrial Feature,0,451.45,0,88.56,0,Other,4,1,-34.645669291338585,0.37,0,0,0,0,70.0,1,21.160000000000025,Other Thermal Event,5,LOW,Other Thermal Event,62.62,14.21,0.0,1.26,0.73,0.0,21.18,62.62,Normal Persistent Source,41.45,False,Confident Assessment,Unnamed Industrial Feature,3.23,5.0,LOW
22.31847,82.56032,313.19,0.41,0.37,2026-09-26,2017,N21,VIIRS,n,2.0NRT,290.69,1.67,N,VIIRS_NOAA21_NRT,1.9195,20,0.0206301112010402,-12.998176608491798,Persistent / Stable,1,4.23,S V Power Private Limited Renki,0,12.8,0,158.06,0,Other,4,1,-12.998176608491798,0.57,0,0,1,0,70.0,1,22.5,Other Thermal Event,5,LOW,Other Thermal Event,95.7,1.04,0.0,0.0,0.0,1.08,2.17,95.7,Normal Persistent Source,93.53,False,Confident Assessment,S V Power Private Limited Renki,4.23,5.0,LOW
22.32119,82.56489,310.59,0.41,0.37,2026-09-26,2017,N21,VIIRS,n,2.0NRT,290.66,1.67,N,VIIRS_NOAA21_NRT,1.9521052631578943,19,0.0699698992343085,-14.4513345915341,Persistent / Stable,1,4.79,S V Power Private Limited Renki,0,12.27,0,157.7,0,Other,4,1,-14.4513345915341,0.57,0,0,1,0,70.0,1,19.92999999999995,Other Thermal Event,5,LOW,Other Thermal Event,95.98,0.44,0.0,0.0,0.0,1.41,2.17,95.98,Normal Persistent Source,93.81,False,Confident Assessment,S V Power Private Limited Renki,4.79,5.0,LOW
12.97514,80.02472,308.5,0.57,0.52,2026-09-26,2057,N,VIIRS,n,2.0NRT,292.57,1.74,N,VIIRS_SNPP_NRT,0.0,0,,0.0,New / No Local History,1,2.88,SIPCOT Irungattukottai,0,16.18,0,30.7,0,Other,4,0,0.0,1.74,0,0,0,1,70.0,1,15.930000000000009,Other Thermal Event,5,LOW,Other Thermal Event,56.65,24.35,0.0,0.86,2.21,0.64,15.29,56.65,Agricultural Burning,32.29,True,Low Confidence (56.6%),SIPCOT Irungattukottai,2.88,5.0,LOW
18.6876,73.03934,305.69,0.43,0.46,2026-09-26,2114,N20,VIIRS,n,2.0NRT,293.42,1.73,N,VIIRS_NOAA20_NRT,2.2831999999999995,50,0.0118955155685423,-24.229152067273983,Persistent / Stable,1,23.93,ONGC Uran Plant Maharashtra,0,548.85,0,23.81,0,Forest / Woodland,2,1,-24.229152067273983,0.53,0,0,1,0,70.0,1,12.269999999999982,Other Thermal Event,5,LOW,Other Thermal Event,95.84,3.01,0.0,0.0,0.0,0.34,0.8,95.84,Agricultural Burning,92.84,False,Confident Assessment,ONGC Uran Plant Maharashtra,23.93,5.0,LOW
18.69175,73.0402,320.16,0.43,0.46,2026-09-26,2114,N20,VIIRS,n,2.0NRT,293.43,1.73,N,VIIRS_NOAA20_NRT,2.2831999999999995,50,0.0218429722663017,-24.229152067273983,Persistent / Stable,1,23.49,ONGC Uran Plant Maharashtra,0,549.19,0,23.44,0,Forest / Woodland,2,1,-24.229152067273983,0.53,0,0,1,0,70.0,1,26.730000000000015,Other Thermal Event,5,LOW,Other Thermal Event,97.53,1.56,0.0,0.0,0.0,0.37,0.53,97.53,Agricultural Burning,95.97,False,Confident Assessment,ONGC Uran Plant Maharashtra,23.49,5.0,LOW
15.65874,73.98966,313.44,0.39,0.36,2026-09-26,2055,N,VIIRS,n,2.0NRT,292.1,0.82,N,VIIRS_SNPP_NRT,1.3135714285714286,14,0.0032514320779674,-37.57476889613921,Persistent / Stable,1,56.04,J P Foundry,0,232.31,0,304.27,0,Forest / Woodland,2,1,-37.57476889613921,0.35,0,0,1,0,70.0,1,21.33999999999997,Other Thermal Event,5,LOW,Other Thermal Event,96.59,3.06,0.0,0.0,0.0,0.04,0.31,96.59,Agricultural Burning,93.53,False,Confident Assessment,J P Foundry,56.04,5.0,LOW
26.8735,73.51535,308.27,0.48,0.48,2026-09-24,2129,N,VIIRS,n,2.0NRT,297.2,1.63,N,VIIRS_SNPP_NRT,1.669047619047619,21,0.0123205114244802,-2.3395149786019944,Persistent / Stable,1,87.93,Unnamed Industrial Feature,0,281.57,0,242.35,0,Other,4,1,-2.3395149786019944,0.61,0,0,1,0,70.0,1,11.069999999999991,Other Thermal Event,5,LOW,Other Thermal Event,94.29,4.52,0.0,0.0,0.0,0.07,1.12,94.29,Agricultural Burning,89.77,False,Confident Assessment,Unnamed Industrial Feature,87.93,5.0,LOW
8.60636,77.96252,338.78,0.45,0.47,2026-09-26,744,N21,VIIRS,n,2.0NRT,299.03,5.26,D,VIIRS_NOAA21_NRT,7.087000000000001,10,0.2485790056704242,-25.779596444193604,Persistent / Stable,1,30.82,SPIC Tuticorin Fertilizers,0,117.42,0,158.61,0,Other,4,1,-25.779596444193604,0.65,0,0,1,0,70.0,0,39.75,Other Thermal Event,5,LOW,Other Thermal Event,90.14,9.68,0.0,0.0,0.0,0.0,0.19,90.14,Agricultural Burning,80.46,False,Confident Assessment,SPIC Tuticorin Fertilizers,30.82,5.0,LOW
22.9342,69.69633,320.12,0.43,0.62,2026-09-24,2150,N20,VIIRS,n,2.0NRT,296.4,2.37,N,VIIRS_NOAA20_NRT,2.3864,25,0.0103461744743475,-0.6872276231981214,Persistent / Stable,1,10.9,Mundra Port Industrial SEZ,0,32.95,0,55.01,0,Other,4,1,-0.6872276231981214,0.7,0,0,1,0,70.0,1,23.720000000000027,Other Thermal Event,5,LOW,Other Thermal Event,94.31,3.26,0.0,0.0,0.0,0.12,2.31,94.31,Agricultural Burning,91.06,False,Confident Assessment,Mundra Port Industrial SEZ,10.9,5.0,LOW
23.77379,86.19624,299.69,0.44,0.38,2026-09-25,1949,N20,VIIRS,n,2.0NRT,287.25,0.88,N,VIIRS_NOAA20_NRT,3.051874999999999,48,0.0247289541397522,-71.16526725373745,Persistent / Reduced,1,5.85,Unnamed Industrial Feature,0,18.41,0,184.83,0,Other,4,1,-71.16526725373745,0.22,0,0,1,0,70.0,1,12.439999999999998,Other Thermal Event,5,LOW,Other Thermal Event,94.93,1.76,0.0,0.0,0.0,1.46,1.85,94.93,Normal Persistent Source,93.07,False,Confident Assessment,Unnamed Industrial Feature,5.85,5.0,LOW
22.93426,69.69944,316.17,0.52,0.41,2026-09-24,2131,N,VIIRS,n,2.0NRT,298.09,2.33,N,VIIRS_SNPP_NRT,2.3864,25,0.0027228411097283,-2.3633925578276904,Persistent / Stable,1,10.84,Mundra Port Industrial SEZ,0,32.91,0,55.0,0,Other,4,1,-2.3633925578276904,0.69,0,0,1,0,70.0,1,18.08000000000004,Other Thermal Event,5,LOW,Other Thermal Event,96.23,1.18,0.0,0.0,0.0,0.14,2.45,96.23,Normal Persistent Source,93.78,False,Confident Assessment,Mundra Port Industrial SEZ,10.84,5.0,LOW
18.69164,73.04081,308.78,0.33,0.55,2026-09-24,2131,N,VIIRS,n,2.0NRT,292.65,1.49,N,VIIRS_SNPP_NRT,2.2831999999999995,50,0.0185280181709584,-34.740714786264874,Persistent / Stable,1,23.52,ONGC Uran Plant Maharashtra,0,549.14,0,23.48,0,Forest / Woodland,2,1,-34.740714786264874,0.45,0,0,1,0,70.0,1,16.129999999999995,Other Thermal Event,5,LOW,Other Thermal Event,97.36,1.99,0.0,0.0,0.0,0.09,0.57,97.36,Agricultural Burning,95.37,False,Confident Assessment,ONGC Uran Plant Maharashtra,23.52,5.0,LOW
18.68225,73.03543,312.15,0.33,0.55,2026-09-24,2131,N,VIIRS,n,2.0NRT,292.48,1.9,N,VIIRS_SNPP_NRT,2.2831999999999995,50,0.0653087004522355,-16.783461807988772,Persistent / Stable,1,24.46,ONGC Uran Plant Maharashtra,0,548.57,0,24.18,0,Forest / Woodland,2,1,-16.783461807988772,0.58,0,0,1,0,70.0,1,19.66999999999996,Other Thermal Event,5,LOW,Other Thermal Event,97.58,1.67,0.0,0.0,0.0,0.12,0.63,97.58,Agricultural Burning,95.9,False,Confident Assessment,ONGC Uran Plant Maharashtra,24.46,5.0,LOW
24.66439,74.63258,305.09,0.36,0.58,2026-09-24,2010,N20,VIIRS,n,2.0NRT,294.22,1.44,N,VIIRS_NOAA20_NRT,1.4700000000000002,8,0.0313543063216574,-2.0408163265306287,Persistent / Stable,1,31.4,Unnamed Industrial Feature,0,96.19,0,297.29,0,Cropland / Agriculture,3,1,-2.0408163265306287,0.58,0,0,1,0,70.0,1,10.869999999999948,Other Thermal Event,5,LOW,Other Thermal Event,94.91,4.53,0.0,0.06,0.0,0.06,0.44,94.91,Agricultural Burning,90.38,False,Confident Assessment,Unnamed Industrial Feature,31.4,5.0,LOW
28.34856,77.23132,307.67,0.55,0.51,2026-09-24,2008,N20,VIIRS,n,2.0NRT,294.1,0.87,N,VIIRS_NOAA20_NRT,1.612727272727273,11,0.0323581544140758,-46.05411499436303,Persistent / Stable,1,3.7,Unnamed Industrial Feature,0,28.9,0,104.65,0,Cropland / Agriculture,3,1,-46.05411499436303,0.33,0,0,1,0,70.0,1,13.569999999999991,Other Thermal Event,5,LOW,Other Thermal Event,93.4,2.81,0.0,0.44,0.0,1.77,1.57,93.4,Agricultural Burning,90.59,False,Confident Assessment,Unnamed Industrial Feature,3.7,5.0,LOW
18.68353,73.0293,308.32,0.33,0.55,2026-09-24,2131,N,VIIRS,n,2.0NRT,292.15,2.26,N,VIIRS_SNPP_NRT,2.326458333333333,48,0.0085150688957842,-2.8566311453389432,Persistent / Stable,1,24.24,ONGC Uran Plant Maharashtra,0,549.04,0,23.78,0,Forest / Woodland,2,1,-2.8566311453389432,0.68,0,0,1,0,70.0,1,16.170000000000016,Other Thermal Event,5,LOW,Other Thermal Event,96.2,2.48,0.0,0.0,0.0,0.12,1.21,96.2,Agricultural Burning,93.72,False,Confident Assessment,ONGC Uran Plant Maharashtra,24.24,5.0,LOW
24.6637,74.63251,303.17,0.41,0.61,2026-09-25,2131,N20,VIIRS,n,2.0NRT,287.34,1.3,N,VIIRS_NOAA20_NRT,1.4700000000000002,8,0.0242522202709057,-11.564625850340144,Persistent / Stable,1,31.35,Unnamed Industrial Feature,0,96.15,0,297.22,0,Cropland / Agriculture,3,1,-11.564625850340144,0.53,0,0,1,0,70.0,1,15.83000000000004,Other Thermal Event,5,LOW,Other Thermal Event,97.72,1.81,0.0,0.06,0.0,0.08,0.34,97.72,Agricultural Burning,95.91,False,Confident Assessment,Unnamed Industrial Feature,31.35,5.0,LOW
26.87706,73.51396,310.51,0.39,0.36,2026-09-24,2055,N21,VIIRS,n,2.0NRT,298.91,1.29,N,VIIRS_NOAA21_NRT,1.669047619047619,21,0.0169680476634283,-22.71041369472182,Persistent / Stable,1,88.31,Unnamed Industrial Feature,0,281.98,0,242.4,0,Other,4,1,-22.71041369472182,0.48,0,0,1,0,70.0,1,11.599999999999966,Other Thermal Event,5,LOW,Other Thermal Event,95.86,3.3,0.0,0.0,0.0,0.07,0.77,95.86,Agricultural Burning,92.56,False,Confident Assessment,Unnamed Industrial Feature,88.31,5.0,LOW
24.66351,74.63251,302.88,0.41,0.61,2026-09-25,2131,N20,VIIRS,n,2.0NRT,287.11,1.2,N,VIIRS_NOAA20_NRT,1.4700000000000002,8,0.0242550417472824,-18.36734693877553,Persistent / Stable,1,31.34,Unnamed Industrial Feature,0,96.14,0,297.2,0,Cropland / Agriculture,3,1,-18.36734693877553,0.49,0,0,1,0,70.0,1,15.769999999999982,Other Thermal Event,5,LOW,Other Thermal Event,97.85,1.68,0.0,0.06,0.0,0.08,0.34,97.85,Agricultural Burning,96.17,False,Confident Assessment,Unnamed Industrial Feature,31.34,5.0,LOW
26.87246,73.51851,309.67,0.42,0.38,2026-09-25,2110,N,VIIRS,n,2.0NRT,297.04,1.2,N,VIIRS_SNPP_NRT,1.669047619047619,21,0.137900080967714,-28.10271041369472,Persistent / Stable,1,87.62,Unnamed Industrial Feature,0,281.43,0,242.57,0,Other,4,1,-28.10271041369472,0.45,0,0,1,0,70.0,1,12.629999999999995,Other Thermal Event,5,LOW,Other Thermal Event,95.96,3.21,0.0,0.0,0.0,0.07,0.76,95.96,Agricultural Burning,92.75,False,Confident Assessment,Unnamed Industrial Feature,87.62,5.0,LOW
15.1819,76.67766,302.52,0.43,0.38,2026-09-25,2038,N21,VIIRS,n,2.0NRT,270.07,1.19,N,VIIRS_NOAA21_NRT,2.337610062893081,159,0.0145250497581883,-49.0933060697374,Persistent / Stable,1,20.36,Food Corporation of India,0,24.31,0,267.88,0,Forest / Woodland,2,1,-49.0933060697374,0.36,0,0,1,0,70.0,1,32.44999999999999,Other Thermal Event,5,LOW,Other Thermal Event,98.17,1.06,0.0,0.0,0.0,0.29,0.48,98.17,Agricultural Burning,97.1,False,Confident Assessment,Food Corporation of India,20.36,5.0,LOW
15.17237,76.69218,300.31,0.43,0.38,2026-09-25,2038,N21,VIIRS,n,2.0NRT,267.19,0.67,N,VIIRS_NOAA21_NRT,1.8696052631578937,76,0.0074459707630684,-64.16355830811456,Persistent / Reduced,1,18.75,Food Corporation of India,0,24.26,0,267.92,0,Forest / Woodland,2,1,-64.16355830811456,0.23,0,0,1,0,70.0,1,33.120000000000005,Other Thermal Event,5,LOW,Other Thermal Event,97.36,1.2,0.0,0.0,0.0,0.78,0.66,97.36,Agricultural Burning,96.16,False,Confident Assessment,Food Corporation of India,18.75,5.0,LOW
22.01591,83.75215,300.85,0.36,0.57,2026-09-26,1932,N20,VIIRS,n,2.0NRT,287.08,0.81,N,VIIRS_NOAA20_NRT,1.8481818181818184,11,0.0290372316145329,-56.17314313821938,Persistent / Reduced,1,13.97,Hemgir Coal Washery,0,106.9,0,31.03,0,Other,4,1,-56.17314313821938,0.28,0,0,1,0,70.0,1,13.77000000000004,Other Thermal Event,5,LOW,Other Thermal Event,94.45,2.82,0.0,0.0,0.0,0.62,2.11,94.45,Agricultural Burning,91.63,False,Confident Assessment,Hemgir Coal Washery,13.97,5.0,LOW
22.03189,83.7429,300.65,0.36,0.57,2026-09-26,1932,N20,VIIRS,n,2.0NRT,286.36,0.86,N,VIIRS_NOAA20_NRT,1.77875,16,0.0414448129385525,-51.651440618411804,Persistent / Reduced,1,15.56,Hemgir Coal Washery,0,107.54,0,32.63,0,Other,4,1,-51.651440618411804,0.31,0,0,1,0,70.0,1,14.289999999999964,Other Thermal Event,5,LOW,Other Thermal Event,95.51,3.45,0.0,0.0,0.0,0.32,0.72,95.51,Agricultural Burning,92.06,False,Confident Assessment,Hemgir Coal Washery,15.56,5.0,LOW
22.03302,83.36328,297.85,0.38,0.59,2026-09-26,1932,N20,VIIRS,n,2.0NRT,270.69,0.85,N,VIIRS_NOAA20_NRT,1.5653846153846156,13,0.0391705221992303,-45.70024570024571,Persistent / Stable,1,3.82,Unnamed Industrial Feature,0,78.68,0,70.05,0,Other,4,1,-45.70024570024571,0.33,0,0,1,0,70.0,1,27.160000000000025,Other Thermal Event,5,LOW,Other Thermal Event,92.42,2.11,0.0,0.0,0.0,0.54,4.93,92.42,Normal Persistent Source,87.49,False,Confident Assessment,Unnamed Industrial Feature,3.82,5.0,LOW
18.69138,73.05018,303.69,0.43,0.62,2026-09-25,2131,N20,VIIRS,n,2.0NRT,291.33,1.26,N,VIIRS_NOAA20_NRT,2.435384615384615,39,0.0232860946935342,-48.26279216677194,Persistent / Stable,1,23.73,ONGC Uran Plant Maharashtra,0,548.58,0,23.73,0,Forest / Woodland,2,1,-48.26279216677194,0.37,0,0,1,0,70.0,1,12.360000000000014,Other Thermal Event,5,LOW,Other Thermal Event,97.14,2.14,0.0,0.0,0.0,0.0,0.72,97.14,Agricultural Burning,95.0,False,Confident Assessment,ONGC Uran Plant Maharashtra,23.73,5.0,LOW
22.03854,83.72939,301.45,0.36,0.57,2026-09-26,1932,N20,VIIRS,n,2.0NRT,285.92,0.85,N,VIIRS_NOAA20_NRT,1.5490000000000002,10,0.0546479714684182,-45.12588766946418,Persistent / Stable,1,16.18,Hemgir Coal Washery,0,107.15,0,34.21,0,Other,4,1,-45.12588766946418,0.33,0,0,1,0,70.0,1,15.529999999999973,Other Thermal Event,5,LOW,Other Thermal Event,96.14,2.68,0.0,0.0,0.0,0.05,1.13,96.14,Agricultural Burning,93.45,False,Confident Assessment,Hemgir Coal Washery,16.18,5.0,LOW
23.69284,85.36963,308.13,0.39,0.59,2026-09-26,2055,N,VIIRS,n,2.0NRT,288.18,0.8,N,VIIRS_SNPP_NRT,1.4726315789473683,19,0.0036014141429982,-45.67548248749106,Persistent / Stable,1,8.34,Jindal Steel,0,54.65,0,205.54,0,Other,4,1,-45.67548248749106,0.32,0,0,1,0,70.0,1,19.94999999999999,Other Thermal Event,5,LOW,Other Thermal Event,96.1,2.2,0.0,0.0,0.0,0.06,1.64,96.1,Agricultural Burning,93.91,False,Confident Assessment,Jindal Steel,8.34,5.0,LOW
23.69822,85.37103,304.14,0.39,0.59,2026-09-26,2055,N,VIIRS,n,2.0NRT,288.39,0.8,N,VIIRS_SNPP_NRT,1.4726315789473683,19,0.0329916929823309,-45.67548248749106,Persistent / Stable,1,8.91,Jindal Steel,0,54.44,0,204.93,0,Other,4,1,-45.67548248749106,0.32,0,0,1,0,70.0,1,15.75,Other Thermal Event,5,LOW,Other Thermal Event,94.91,2.45,0.0,0.0,0.0,0.06,2.58,94.91,Normal Persistent Source,92.33,False,Confident Assessment,Jindal Steel,8.91,5.0,LOW
22.36216,82.29951,302.56,0.45,0.63,2026-09-26,1932,N20,VIIRS,n,2.0NRT,285.92,0.75,N,VIIRS_NOAA20_NRT,3.82625,24,0.0863797310518556,-80.3985625612545,Persistent / Reduced,1,13.99,Bhandhakhar Power Station,0,39.15,0,185.18,0,Forest / Woodland,2,1,-80.3985625612545,0.16,0,0,1,0,70.0,1,16.639999999999986,Other Thermal Event,5,LOW,Other Thermal Event,95.94,2.76,0.0,0.0,0.0,0.59,0.71,95.94,Agricultural Burning,93.18,False,Confident Assessment,Bhandhakhar Power Station,13.99,5.0,LOW
15.17412,77.09929,305.54,0.41,0.37,2026-09-26,2017,N21,VIIRS,n,2.0NRT,292.87,0.74,N,VIIRS_NOAA21_NRT,1.3944827586206896,29,0.0033164085262988,-46.93372898120673,Persistent / Stable,1,19.48,Bellary JSW Steel Plant,0,19.43,0,256.34,0,Cropland / Agriculture,3,1,-46.93372898120673,0.31,0,0,1,0,70.0,1,12.670000000000016,Other Thermal Event,5,LOW,Other Thermal Event,96.81,2.57,0.0,0.06,0.0,0.01,0.55,96.81,Agricultural Burning,94.24,False,Confident Assessment,Bellary JSW Steel Plant,19.48,5.0,LOW
22.20723,84.55261,303.46,0.49,0.4,2026-09-26,2017,N21,VIIRS,n,2.0NRT,292.08,0.69,N,VIIRS_NOAA21_NRT,1.315,2,0.2347209392120184,-47.52851711026616,Persistent / Stable,1,3.85,Unnamed Industrial Feature,0,73.37,0,63.39,0,Other,4,1,-47.52851711026616,0.3,0,0,1,0,70.0,1,11.379999999999995,Other Thermal Event,5,LOW,Other Thermal Event,53.0,33.37,0.0,0.14,0.0,0.0,13.49,53.0,Agricultural Burning,19.64,True,Low Confidence (53.0%),Unnamed Industrial Feature,3.85,5.0,LOW
15.1626,76.37978,303.36,0.43,0.38,2026-09-26,2017,N21,VIIRS,n,2.0NRT,292.48,0.56,N,VIIRS_NOAA21_NRT,1.3534615384615385,26,0.0183746139409717,-58.62460926399544,Persistent / Reduced,1,21.93,APMC,0,27.24,0,248.95,0,Forest / Woodland,2,1,-58.62460926399544,0.24,0,0,1,0,70.0,1,10.879999999999995,Other Thermal Event,5,LOW,Other Thermal Event,94.41,5.32,0.0,0.0,0.0,0.01,0.26,94.41,Agricultural Burning,89.1,False,Confident Assessment,APMC,21.93,5.0,LOW
15.33711,76.28581,303.49,0.4,0.6,2026-09-26,2114,N20,VIIRS,n,2.0NRT,289.52,0.56,N,VIIRS_NOAA20_NRT,1.33375,32,0.0068507330625603,-58.01312089971883,Persistent / Reduced,1,33.12,APMC,0,48.45,0,261.54,0,Forest / Woodland,2,1,-58.01312089971883,0.24,0,0,1,0,70.0,1,13.970000000000027,Other Thermal Event,5,LOW,Other Thermal Event,96.01,3.53,0.0,0.0,0.0,0.03,0.43,96.01,Agricultural Burning,92.48,False,Confident Assessment,APMC,33.12,5.0,LOW
13.8992,76.56593,306.16,0.42,0.37,2026-09-26,2019,N21,VIIRS,n,2.0NRT,291.86,0.64,N,VIIRS_NOAA21_NRT,0.9814285714285714,7,0.0005239937469954,-34.78893740902475,Persistent / Stable,1,72.0,Ammasandra Cement Factory,0,107.36,0,161.55,0,Forest / Woodland,2,1,-34.78893740902475,0.32,0,0,1,0,70.0,1,14.300000000000011,Other Thermal Event,5,LOW,Other Thermal Event,93.87,5.33,0.0,0.0,0.0,0.08,0.72,93.87,Agricultural Burning,88.53,False,Confident Assessment,Ammasandra Cement Factory,72.0,5.0,LOW
23.82671,84.57066,302.88,0.33,0.56,2026-09-26,1932,N20,VIIRS,n,2.0NRT,286.21,0.84,N,VIIRS_NOAA20_NRT,2.1268,25,0.0164168893033022,-60.504043633628,Persistent / Reduced,1,24.49,Tori Power Project,0,135.79,0,220.61,0,Other,4,1,-60.504043633628,0.27,0,0,1,0,70.0,1,16.670000000000016,Other Thermal Event,5,LOW,Other Thermal Event,96.0,2.56,0.0,0.0,0.0,0.05,1.39,96.0,Agricultural Burning,93.44,False,Confident Assessment,Tori Power Project,24.49,5.0,LOW
21.33975,78.96712,302.67,0.45,0.63,2026-09-26,2114,N20,VIIRS,n,2.0NRT,289.94,0.84,N,VIIRS_NOAA20_NRT,1.755384615384615,13,0.0411846929530824,-52.14723926380368,Persistent / Reduced,1,41.17,MIDC Nagpur Butibori,0,157.28,0,380.36,0,Forest / Woodland,2,1,-52.14723926380368,0.3,0,0,1,0,70.0,1,12.730000000000018,Other Thermal Event,5,LOW,Other Thermal Event,95.5,4.21,0.0,0.0,0.0,0.01,0.27,95.5,Agricultural Burning,91.29,False,Confident Assessment,MIDC Nagpur Butibori,41.17,5.0,LOW
12.74702,77.6179,302.81,0.4,0.44,2026-09-26,2057,N,VIIRS,n,2.0NRT,288.75,0.45,N,VIIRS_SNPP_NRT,1.1433333333333335,6,0.0173787569857791,-60.64139941690964,Persistent / Reduced,1,3.88,Jigani Industrial Estate,0,26.57,0,36.04,0,Other,4,1,-60.64139941690964,0.21,0,0,1,0,70.0,1,14.060000000000002,Other Thermal Event,5,LOW,Other Thermal Event,93.4,2.77,0.0,0.0,0.0,1.25,2.59,93.4,Agricultural Burning,90.63,False,Confident Assessment,Jigani Industrial Estate,3.88,5.0,LOW
23.00401,70.06116,343.98,0.4,0.44,2026-09-25,807,N21,VIIRS,n,2.0NRT,308.39,6.74,D,VIIRS_NOAA21_NRT,0.0,0,,0.0,New / No Local History,1,2.46,Unnamed Industrial Feature,1,41.42,0,58.33,0,Other,4,0,0.0,6.74,0,0,0,1,70.0,0,35.59000000000003,Other Thermal Event,5,LOW,Other Thermal Event,64.3,15.56,0.0,0.67,7.93,0.0,11.54,64.3,Agricultural Burning,48.74,False,Confident Assessment,Unnamed Industrial Feature,2.46,5.0,LOW
22.3241,82.58992,299.79,0.43,0.62,2026-09-26,1932,N20,VIIRS,n,2.0NRT,269.44,0.33,N,VIIRS_NOAA20_NRT,1.6959999999999995,10,0.0351729409483794,-80.54245283018867,Persistent / Reduced,1,6.97,Unnamed Industrial Feature,0,9.7,0,155.33,0,Other,4,1,-80.54245283018867,0.12,0,0,1,0,70.0,1,30.350000000000023,Other Thermal Event,5,LOW,Other Thermal Event,95.33,2.13,0.0,0.0,0.0,0.67,1.86,95.33,Agricultural Burning,93.2,False,Confident Assessment,Unnamed Industrial Feature,6.97,5.0,LOW
12.80658,77.43319,302.02,0.39,0.36,2026-09-26,2019,N21,VIIRS,n,2.0NRT,290.15,0.38,N,VIIRS_NOAA21_NRT,1.325,2,0.0304420640383144,-71.32075471698113,Persistent / Reduced,1,3.28,Bidadi Industrial Area,0,23.76,0,48.72,0,Other,4,1,-71.32075471698113,0.16,0,0,1,0,70.0,1,11.870000000000005,Other Thermal Event,5,LOW,Other Thermal Event,46.67,10.7,0.0,1.3,0.0,0.35,40.98,46.67,Normal Persistent Source,5.69,True,Ambiguous (Other Thermal Event vs Normal Persistent Source),Bidadi Industrial Area,3.28,5.0,LOW
22.0382,83.73293,301.94,0.36,0.57,2026-09-26,1932,N20,VIIRS,n,2.0NRT,286.4,0.85,N,VIIRS_NOAA20_NRT,1.550909090909091,11,0.0476234493170877,-45.193434935521694,Persistent / Stable,1,16.16,Hemgir Coal Washery,0,107.37,0,33.86,0,Other,4,1,-45.193434935521694,0.33,0,0,1,0,70.0,1,15.54000000000002,Other Thermal Event,5,LOW,Other Thermal Event,96.14,2.68,0.0,0.0,0.0,0.05,1.13,96.14,Agricultural Burning,93.45,False,Confident Assessment,Hemgir Coal Washery,16.16,5.0,LOW
22.04418,83.72646,307.13,0.36,0.57,2026-09-26,1932,N20,VIIRS,n,2.0NRT,285.9,0.72,N,VIIRS_NOAA20_NRT,1.5490000000000002,10,0.1466880135872127,-53.51839896707554,Persistent / Reduced,1,16.8,Hemgir Coal Washery,0,107.42,0,34.75,0,Other,4,1,-53.51839896707554,0.28,0,0,1,0,70.0,1,21.230000000000015,Other Thermal Event,5,LOW,Other Thermal Event,95.88,2.57,0.0,0.0,0.0,0.32,1.23,95.88,Agricultural Burning,93.31,False,Confident Assessment,Hemgir Coal Washery,16.8,5.0,LOW
17.46264,80.65208,303.25,0.51,0.66,2026-09-26,1934,N20,VIIRS,n,2.0NRT,291.84,0.66,N,VIIRS_NOAA20_NRT,1.3228571428571427,7,0.0043797859788764,-50.10799136069114,Persistent / Reduced,1,10.37,Unnamed Industrial Feature,0,312.07,0,124.04,0,Cropland / Agriculture,3,1,-50.10799136069114,0.28,0,0,1,0,70.0,1,11.410000000000023,Other Thermal Event,5,LOW,Other Thermal Event,93.31,5.45,0.0,0.06,0.0,0.01,1.17,93.31,Agricultural Burning,87.86,False,Confident Assessment,Unnamed Industrial Feature,10.37,5.0,LOW
13.70815,79.62062,305.39,0.52,0.5,2026-09-26,2055,N,VIIRS,n,2.0NRT,293.72,1.51,N,VIIRS_SNPP_NRT,1.52875,8,0.0282315974519959,-1.2264922322158656,Persistent / Stable,1,29.29,TTD Transport Yard,0,93.46,0,92.38,0,Cropland / Agriculture,3,1,-1.2264922322158656,0.6,0,0,1,0,70.0,1,11.66999999999996,Other Thermal Event,5,LOW,Other Thermal Event,95.2,4.07,0.0,0.06,0.0,0.03,0.63,95.2,Agricultural Burning,91.12,False,Confident Assessment,TTD Transport Yard,29.29,5.0,LOW
22.0159,83.75575,312.04,0.45,0.39,2026-09-26,2017,N21,VIIRS,n,2.0NRT,292.81,1.78,N,VIIRS_NOAA21_NRT,1.93875,8,0.059813866449454,-8.188265635074144,Persistent / Stable,1,14.06,Hemgir Coal Washery,0,107.16,0,30.69,0,Other,4,1,-8.188265635074144,0.61,0,0,1,0,70.0,1,19.230000000000015,Other Thermal Event,5,LOW,Other Thermal Event,95.62,2.43,0.0,0.0,0.0,0.14,1.82,95.62,Agricultural Burning,93.19,False,Confident Assessment,Hemgir Coal Washery,14.06,5.0,LOW
23.78251,86.3729,304.01,0.39,0.44,2026-09-26,2017,N21,VIIRS,n,2.0NRT,288.64,0.77,N,VIIRS_NOAA21_NRT,2.076764705882353,68,0.0087193238493997,-62.92309871123069,Persistent / Reduced,1,5.69,Unnamed Industrial Feature,0,6.03,0,186.05,0,Other,4,1,-62.92309871123069,0.25,0,0,1,0,70.0,1,15.370000000000005,Other Thermal Event,5,LOW,Other Thermal Event,82.71,1.0,0.0,0.0,0.0,12.9,3.38,82.71,Mining Activity,69.8,False,Confident Assessment,Unnamed Industrial Feature,5.69,5.0,LOW
21.24293,79.22042,300.31,0.69,0.74,2026-09-26,1932,N20,VIIRS,n,2.0NRT,288.28,0.94,N,VIIRS_NOAA20_NRT,1.19375,8,0.1358326691166506,-21.25654450261781,Persistent / Stable,1,35.8,MIDC Nagpur Butibori,0,142.9,0,365.87,0,Forest / Woodland,2,1,-21.25654450261781,0.43,0,0,1,0,70.0,1,12.03000000000003,Other Thermal Event,5,LOW,Other Thermal Event,96.12,3.64,0.0,0.0,0.0,0.07,0.17,96.12,Agricultural Burning,92.47,False,Confident Assessment,MIDC Nagpur Butibori,35.8,5.0,LOW
24.93401,74.63475,310.31,0.41,0.45,2026-09-26,2112,N20,VIIRS,n,2.0NRT,294.77,0.94,N,VIIRS_NOAA20_NRT,1.14,8,0.0201904931469364,-17.543859649122805,Persistent / Stable,1,43.36,Unnamed Industrial Feature,0,110.77,0,323.31,0,Cropland / Agriculture,3,1,-17.543859649122805,0.44,0,0,1,0,70.0,1,15.54000000000002,Other Thermal Event,5,LOW,Other Thermal Event,95.69,3.84,0.0,0.06,0.0,0.09,0.32,95.69,Agricultural Burning,91.86,False,Confident Assessment,Unnamed Industrial Feature,43.36,5.0,LOW
21.24318,79.22143,301.95,0.69,0.74,2026-09-26,1932,N20,VIIRS,n,2.0NRT,288.61,1.02,N,VIIRS_NOAA20_NRT,1.19375,8,0.0313164007447202,-14.554973821989533,Persistent / Stable,1,35.88,MIDC Nagpur Butibori,0,142.92,0,365.89,0,Forest / Woodland,2,1,-14.554973821989533,0.46,0,0,1,0,70.0,1,13.339999999999977,Other Thermal Event,5,LOW,Other Thermal Event,95.97,3.66,0.0,0.0,0.0,0.09,0.27,95.97,Agricultural Burning,92.31,False,Confident Assessment,MIDC Nagpur Butibori,35.88,5.0,LOW
15.17333,76.37848,305.91,0.48,0.4,2026-09-26,2055,N,VIIRS,n,2.0NRT,292.28,1.02,N,VIIRS_SNPP_NRT,1.3303571428571428,28,0.0129691851294575,-23.32885906040268,Persistent / Stable,1,22.54,APMC,0,28.17,0,249.92,0,Forest / Woodland,2,1,-23.32885906040268,0.44,0,0,1,0,70.0,1,13.630000000000052,Other Thermal Event,5,LOW,Other Thermal Event,97.82,1.72,0.0,0.0,0.0,0.09,0.37,97.82,Agricultural Burning,96.1,False,Confident Assessment,APMC,22.54,5.0,LOW
23.69333,85.37317,304.5,0.51,0.41,2026-09-26,2017,N21,VIIRS,n,2.0NRT,291.76,0.9,N,VIIRS_NOAA21_NRT,1.4726315789473683,19,0.0775639301244132,-38.884917798427445,Persistent / Stable,1,8.6,Jindal Steel,0,54.29,0,205.37,0,Other,4,1,-38.884917798427445,0.36,0,0,1,0,70.0,1,12.740000000000007,Other Thermal Event,5,LOW,Other Thermal Event,95.24,3.36,0.0,0.0,0.0,0.04,1.36,95.24,Agricultural Burning,91.88,False,Confident Assessment,Jindal Steel,8.6,5.0,LOW
23.69605,85.35832,304.81,0.51,0.41,2026-09-26,2017,N21,VIIRS,n,2.0NRT,291.57,0.98,N,VIIRS_NOAA21_NRT,1.4726315789473683,19,0.0520230250196166,-33.45246604717655,Persistent / Stable,1,8.04,Jindal Steel,0,55.75,0,205.59,0,Other,4,1,-33.45246604717655,0.4,0,0,1,0,70.0,1,13.240000000000007,Other Thermal Event,5,LOW,Other Thermal Event,95.36,3.23,0.0,0.0,0.0,0.06,1.35,95.36,Agricultural Burning,92.14,False,Confident Assessment,Jindal Steel,8.04,5.0,LOW
19.96566,79.33081,305.53,0.66,0.73,2026-09-26,1932,N20,VIIRS,n,2.0NRT,291.57,0.98,N,VIIRS_NOAA20_NRT,1.21,1,0.1746046507514701,-19.008264462809915,Single Historical Detection,1,2.84,Chandrapur Thermal Power Station,0,3.28,1,223.5,0,Mining,1,1,-19.008264462809915,0.44,0,0,0,0,70.0,1,13.95999999999998,Other Thermal Event,5,LOW,Other Thermal Event,46.95,4.22,0.0,0.67,0.34,11.09,36.73,46.95,Normal Persistent Source,10.22,True,Ambiguous (Other Thermal Event vs Normal Persistent Source),Chandrapur Thermal Power Station,2.84,5.0,LOW
13.39157,80.07682,309.68,0.4,0.37,2026-09-26,2019,N21,VIIRS,n,2.0NRT,295.58,0.77,N,VIIRS_NOAA21_NRT,1.215,2,0.2325983311861011,-36.62551440329217,Persistent / Stable,1,3.93,SIPCOT Gummidipundi,0,32.87,0,32.32,0,Other,4,1,-36.62551440329217,0.35,0,0,1,0,70.0,1,14.100000000000025,Other Thermal Event,5,LOW,Other Thermal Event,60.08,30.6,0.0,0.14,0.0,0.02,9.15,60.08,Agricultural Burning,29.48,False,Confident Assessment,SIPCOT Gummidipundi,3.93,5.0,LOW
26.60577,73.68585,306.35,0.41,0.37,2026-09-26,2055,N,VIIRS,n,2.0NRT,295.22,0.77,N,VIIRS_SNPP_NRT,0.8142857142857144,7,0.0825196875559565,-5.43859649122808,Persistent / Stable,1,55.35,Unnamed Industrial Feature,0,250.92,0,246.54,0,Other,4,1,-5.43859649122808,0.42,0,0,1,0,70.0,1,11.129999999999995,Other Thermal Event,5,LOW,Other Thermal Event,91.78,6.87,0.0,0.0,0.0,0.08,1.26,91.78,Agricultural Burning,84.91,False,Confident Assessment,Unnamed Industrial Feature,55.35,5.0,LOW
17.6123,83.20313,309.77,0.48,0.4,2026-09-26,2017,N21,VIIRS,n,2.0NRT,295.11,0.8,N,VIIRS_NOAA21_NRT,2.702857142857144,35,0.0042964994201477,-70.40169133192389,Persistent / Reduced,1,8.44,Visakhapatnam Steel Plant RINL,0,306.21,0,14.34,0,Other,4,1,-70.40169133192389,0.22,0,0,1,0,70.0,1,14.659999999999968,Other Thermal Event,5,LOW,Other Thermal Event,96.87,1.89,0.0,0.0,0.0,0.05,1.19,96.87,Agricultural Burning,94.98,False,Confident Assessment,Visakhapatnam Steel Plant RINL,8.44,5.0,LOW
15.17479,76.65704,310.07,0.43,0.62,2026-09-26,2114,N20,VIIRS,n,2.0NRT,290.81,1.0,N,VIIRS_NOAA20_NRT,2.54619512195122,205,0.0033117959687671,-60.72571220568233,Persistent / Reduced,1,22.53,Food Corporation of India,0,22.56,0,265.96,0,Forest / Woodland,2,1,-60.72571220568233,0.28,0,0,1,0,70.0,1,19.25999999999999,Other Thermal Event,5,LOW,Other Thermal Event,97.95,0.74,0.0,0.0,0.0,1.06,0.25,97.95,Mining Activity,96.89,False,Confident Assessment,Food Corporation of India,22.53,5.0,LOW
15.1756,76.65312,302.74,0.43,0.62,2026-09-26,2114,N20,VIIRS,n,2.0NRT,290.7,1.0,N,VIIRS_NOAA20_NRT,2.656176470588236,170,0.0026952453863356,-62.3518990145056,Persistent / Reduced,1,22.46,NMDC Donimalai Iron Mine,0,22.46,0,265.79,0,Forest / Woodland,2,1,-62.3518990145056,0.27,0,0,1,0,70.0,1,12.04000000000002,Other Thermal Event,5,LOW,Other Thermal Event,96.28,2.45,0.0,0.0,0.0,1.04,0.23,96.28,Agricultural Burning,93.83,False,Confident Assessment,NMDC Donimalai Iron Mine,22.46,5.0,LOW
23.82501,84.93794,303.13,0.49,0.4,2026-09-26,2017,N21,VIIRS,n,2.0NRT,291.67,0.99,N,VIIRS_NOAA21_NRT,0.6579999999999999,5,0.0315503200595361,50.45592705167174,Abnormal Increase,1,21.14,Tori Power Project,0,98.51,0,211.59,0,Other,4,1,50.45592705167174,0.6,0,0,1,0,70.0,1,11.45999999999998,Agricultural Burning,10,LOW,Agricultural Burning,92.55,92.55,0.0,0.0,0.0,0.0,0.69,6.76,Other Thermal Event,85.8,False,Confident Assessment,Tori Power Project,21.14,5.0,LOW
22.3207,82.56414,295.96,0.43,0.62,2026-09-26,1932,N20,VIIRS,n,2.0NRT,271.57,0.78,N,VIIRS_NOAA20_NRT,1.9195,20,0.0077097531768818,-59.36441781713988,Persistent / Reduced,1,4.7,S V Power Private Limited Renki,0,12.35,0,157.76,0,Other,4,1,-59.36441781713988,0.27,0,0,1,0,70.0,1,24.389999999999983,Other Thermal Event,5,LOW,Other Thermal Event,95.91,1.08,0.0,0.0,0.0,1.39,1.61,95.91,Normal Persistent Source,94.3,False,Confident Assessment,S V Power Private Limited Renki,4.7,5.0,LOW
18.69177,73.04069,308.1,0.39,0.36,2026-09-26,2053,N,VIIRS,n,2.0NRT,294.05,1.88,N,VIIRS_SNPP_NRT,2.2831999999999995,50,0.0116615002940035,-17.65942536790468,Persistent / Stable,1,23.5,ONGC Uran Plant Maharashtra,0,549.16,0,23.46,0,Forest / Woodland,2,1,-17.65942536790468,0.57,0,0,1,0,70.0,1,14.050000000000011,Other Thermal Event,5,LOW,Other Thermal Event,96.4,2.37,0.0,0.0,0.0,0.39,0.84,96.4,Agricultural Burning,94.03,False,Confident Assessment,ONGC Uran Plant Maharashtra,23.5,5.0,LOW
19.104,82.1671,318.52,0.42,0.38,2026-09-26,2019,N21,VIIRS,n,2.0NRT,294.21,1.93,N,VIIRS_NOAA21_NRT,2.2891666666666666,36,0.0195522653168876,-15.689843465598836,Persistent / Stable,1,37.12,Unnamed Industrial Feature,0,182.36,0,75.48,0,Forest / Woodland,2,1,-15.689843465598836,0.59,0,0,1,0,70.0,1,24.31,Other Thermal Event,5,LOW,Other Thermal Event,97.46,1.95,0.0,0.0,0.0,0.1,0.49,97.46,Agricultural Burning,95.51,False,Confident Assessment,Unnamed Industrial Feature,37.12,5.0,LOW
21.07451,85.04505,307.02,0.54,0.42,2026-09-26,2017,N21,VIIRS,n,2.0NRT,289.73,1.85,N,VIIRS_NOAA21_NRT,2.44,20,0.0183842887709634,-24.18032786885245,Persistent / Stable,1,3.75,Talcher Super Thermal Powerstation,0,22.84,0,139.91,0,Other,4,1,-24.18032786885245,0.54,0,0,1,0,70.0,1,17.289999999999964,Other Thermal Event,5,LOW,Other Thermal Event,97.31,0.32,0.0,0.0,0.0,0.29,2.09,97.31,Normal Persistent Source,95.22,False,Confident Assessment,Talcher Super Thermal Powerstation,3.75,5.0,LOW
21.07545,85.03998,310.74,0.54,0.42,2026-09-26,2017,N21,VIIRS,n,2.0NRT,289.65,1.85,N,VIIRS_NOAA21_NRT,2.44,20,0.0114131841906943,-24.18032786885245,Persistent / Stable,1,4.13,Talcher Super Thermal Powerstation,0,23.32,0,139.45,0,Other,4,1,-24.18032786885245,0.54,0,0,1,0,70.0,1,21.090000000000032,Other Thermal Event,5,LOW,Other Thermal Event,97.95,0.35,0.0,0.0,0.0,0.29,1.41,97.95,Normal Persistent Source,96.53,False,Confident Assessment,Talcher Super Thermal Powerstation,4.13,5.0,LOW
17.60865,83.20243,316.3,0.48,0.4,2026-09-26,2017,N21,VIIRS,n,2.0NRT,296.34,1.59,N,VIIRS_NOAA21_NRT,2.702857142857144,35,0.0075423103888972,-41.17336152219874,Persistent / Stable,1,8.86,Visakhapatnam Steel Plant RINL,0,306.62,0,14.69,0,Other,4,1,-41.17336152219874,0.43,0,0,1,0,70.0,1,19.96000000000004,Other Thermal Event,5,LOW,Other Thermal Event,98.11,0.8,0.0,0.0,0.0,0.1,0.99,98.11,Normal Persistent Source,97.11,False,Confident Assessment,Visakhapatnam Steel Plant RINL,8.86,5.0,LOW
21.67406,84.03917,309.02,0.34,0.56,2026-09-26,1932,N20,VIIRS,n,2.0NRT,290.1,1.4,N,VIIRS_NOAA20_NRT,2.826315789473685,19,0.0133727114836622,-50.46554934823092,Persistent / Reduced,1,7.04,Unnamed Industrial Feature,0,110.79,0,25.76,0,Other,4,1,-50.46554934823092,0.37,0,0,1,0,70.0,1,18.91999999999996,Other Thermal Event,5,LOW,Other Thermal Event,98.32,0.88,0.0,0.0,0.0,0.1,0.7,98.32,Agricultural Burning,97.44,False,Confident Assessment,Unnamed Industrial Feature,7.04,5.0,LOW
21.67957,84.03642,324.84,0.34,0.56,2026-09-26,1932,N20,VIIRS,n,2.0NRT,291.96,1.4,N,VIIRS_NOAA20_NRT,2.826315789473685,19,0.0279400725051121,-50.46554934823092,Persistent / Reduced,1,6.53,Unnamed Industrial Feature,0,110.74,0,25.14,0,Other,4,1,-50.46554934823092,0.37,0,0,1,0,70.0,1,32.879999999999995,Other Thermal Event,5,LOW,Other Thermal Event,96.04,1.11,0.0,0.93,0.0,0.69,1.23,96.04,Normal Persistent Source,94.81,False,Confident Assessment,Unnamed Industrial Feature,6.53,5.0,LOW
22.35843,82.29942,308.19,0.4,0.37,2026-09-26,2017,N21,VIIRS,n,2.0NRT,288.13,1.64,N,VIIRS_NOAA21_NRT,3.82625,24,0.0774829437631218,-57.13819013394316,Persistent / Reduced,1,13.94,Bhandhakhar Power Station,0,39.15,0,185.08,0,Forest / Woodland,2,1,-57.13819013394316,0.34,0,0,1,0,70.0,1,20.06,Other Thermal Event,5,LOW,Other Thermal Event,97.6,1.21,0.0,0.0,0.0,0.7,0.48,97.6,Agricultural Burning,96.39,False,Confident Assessment,Bhandhakhar Power Station,13.94,5.0,LOW
15.17505,76.69367,305.29,0.49,0.41,2026-09-26,2055,N,VIIRS,n,2.0NRT,293.22,1.62,N,VIIRS_SNPP_NRT,1.7891803278688527,61,0.010985706479454,-9.455744914788353,Persistent / Stable,1,18.6,Food Corporation of India,0,24.45,0,268.25,0,Forest / Woodland,2,1,-9.455744914788353,0.58,0,0,1,0,70.0,1,12.069999999999991,Other Thermal Event,5,LOW,Other Thermal Event,95.79,3.35,0.0,0.0,0.0,0.05,0.82,95.79,Agricultural Burning,92.44,False,Confident Assessment,Food Corporation of India,18.6,5.0,LOW
26.87734,73.51556,306.41,0.5,0.41,2026-09-26,2112,N20,VIIRS,n,2.0NRT,293.52,1.55,N,VIIRS_NOAA20_NRT,1.669047619047619,21,0.0068569214281621,-7.132667617689005,Persistent / Stable,1,88.22,Unnamed Industrial Feature,0,282.0,0,242.56,0,Other,4,1,-7.132667617689005,0.58,0,0,1,0,70.0,1,12.890000000000043,Other Thermal Event,5,LOW,Other Thermal Event,96.65,2.51,0.0,0.0,0.0,0.07,0.77,96.65,Agricultural Burning,94.13,False,Confident Assessment,Unnamed Industrial Feature,88.22,5.0,LOW
17.60446,83.19833,307.66,0.34,0.56,2026-09-26,1934,N20,VIIRS,n,2.0NRT,294.03,1.08,N,VIIRS_NOAA20_NRT,2.702857142857144,35,0.0752873965633011,-60.04228329809725,Persistent / Reduced,1,9.4,Visakhapatnam Steel Plant RINL,0,307.09,0,15.33,0,Other,4,1,-60.04228329809725,0.29,0,0,1,0,70.0,1,13.630000000000052,Other Thermal Event,5,LOW,Other Thermal Event,97.36,1.62,0.0,0.0,0.0,0.05,0.96,97.36,Agricultural Burning,95.74,False,Confident Assessment,Visakhapatnam Steel Plant RINL,9.4,5.0,LOW
22.01663,83.75273,307.91,0.41,0.37,2026-09-23,2010,N,VIIRS,n,2.0NRT,283.73,0.7,N,VIIRS_SNPP_NRT,1.8481818181818184,11,0.0312605451764022,-62.12493851451059,Persistent / Reduced,1,14.07,Hemgir Coal Washery,0,107.0,0,31.01,0,Other,4,1,-62.12493851451059,0.25,0,0,1,0,70.0,1,24.180000000000007,Other Thermal Event,5,LOW,Other Thermal Event,94.86,2.4,0.0,0.0,0.0,0.62,2.12,94.86,Agricultural Burning,92.46,False,Confident Assessment,Hemgir Coal Washery,14.07,5.0,LOW
22.04385,83.72995,304.14,0.36,0.57,2026-09-26,1932,N20,VIIRS,n,2.0NRT,285.83,0.72,N,VIIRS_NOAA20_NRT,1.5490000000000002,10,0.009319350497374,-53.51839896707554,Persistent / Reduced,1,16.77,Hemgir Coal Washery,0,107.63,0,34.42,0,Other,4,1,-53.51839896707554,0.28,0,0,1,0,70.0,1,18.31,Other Thermal Event,5,LOW,Other Thermal Event,95.44,2.95,0.0,0.0,0.0,0.32,1.28,95.44,Agricultural Burning,92.5,False,Confident Assessment,Hemgir Coal Washery,16.77,5.0,LOW
28.74422,76.92708,306.1,0.37,0.58,2026-09-23,2008,N,VIIRS,n,2.0NRT,295.77,0.61,N,VIIRS_SNPP_NRT,1.8533333333333333,6,0.0027170046140483,-67.0863309352518,Persistent / Reduced,1,5.09,Unnamed Industrial Feature,0,39.82,0,71.99,0,Cropland / Agriculture,3,1,-67.0863309352518,0.21,0,0,1,0,70.0,1,10.33000000000004,Other Thermal Event,5,LOW,Other Thermal Event,89.71,7.26,0.0,0.06,0.0,0.94,2.03,89.71,Agricultural Burning,82.44,False,Confident Assessment,Unnamed Industrial Feature,5.09,5.0,LOW
23.30098,70.47238,308.39,0.32,0.55,2026-09-23,2027,N20,VIIRS,n,2.0NRT,296.44,0.48,N,VIIRS_NOAA20_NRT,1.5000000000000002,13,0.3411895647642075,-68.0,Persistent / Reduced,1,32.29,Unnamed Industrial Feature,0,75.5,0,101.32,0,Other,4,1,-68.0,0.19,0,0,1,0,70.0,1,11.949999999999989,Other Thermal Event,5,LOW,Other Thermal Event,94.99,3.92,0.0,0.0,0.0,0.03,1.06,94.99,Agricultural Burning,91.07,False,Confident Assessment,Unnamed Industrial Feature,32.29,5.0,LOW
13.70913,79.61923,307.51,0.52,0.5,2026-09-26,2055,N,VIIRS,n,2.0NRT,294.07,1.37,N,VIIRS_SNPP_NRT,1.52875,8,0.0292117201258064,-10.384300899427632,Persistent / Stable,1,29.15,TTD Transport Yard,0,93.64,0,92.56,0,Cropland / Agriculture,3,1,-10.384300899427632,0.54,0,0,1,0,70.0,1,13.439999999999998,Other Thermal Event,5,LOW,Other Thermal Event,96.77,2.65,0.0,0.06,0.0,0.06,0.46,96.77,Agricultural Burning,94.11,False,Confident Assessment,TTD Transport Yard,29.15,5.0,LOW
28.64853,77.55903,308.05,0.33,0.55,2026-09-23,2112,N21,VIIRS,n,2.0NRT,294.48,1.01,N,VIIRS_NOAA21_NRT,2.7033333333333336,6,1.266719625818841,-62.63871763255241,Persistent / Reduced,1,5.72,Unnamed Industrial Feature,0,25.71,0,100.83,0,Cropland / Agriculture,3,1,-62.63871763255241,0.27,0,0,1,0,70.0,1,13.569999999999991,Other Thermal Event,5,LOW,Other Thermal Event,93.87,3.13,0.0,0.06,0.0,1.42,1.52,93.87,Agricultural Burning,90.74,False,Confident Assessment,Unnamed Industrial Feature,5.72,5.0,LOW
28.65629,77.58827,306.02,0.34,0.56,2026-09-23,2008,N,VIIRS,n,2.0NRT,294.57,0.57,N,VIIRS_SNPP_NRT,2.1744444444444446,9,0.0694038705160597,-73.78640776699031,Persistent / Reduced,1,4.56,Unnamed Industrial Feature,0,28.68,0,101.8,0,Cropland / Agriculture,3,1,-73.78640776699031,0.18,0,0,1,0,70.0,1,11.449999999999989,Other Thermal Event,5,LOW,Other Thermal Event,93.67,4.22,0.0,0.06,0.0,0.48,1.56,93.67,Agricultural Burning,89.45,False,Confident Assessment,Unnamed Industrial Feature,4.56,5.0,LOW
11.81378,77.91667,295.38,0.4,0.44,2026-09-23,2012,N,VIIRS,n,2.0NRT,274.35,0.56,N,VIIRS_SNPP_NRT,1.7600000000000002,40,0.0204268262976516,-68.18181818181819,Persistent / Reduced,1,12.9,TNSTC Depot Mettur Dam,0,135.24,0,109.56,0,Cropland / Agriculture,3,1,-68.18181818181819,0.2,0,0,1,0,70.0,1,21.029999999999973,Other Thermal Event,5,LOW,Other Thermal Event,95.85,2.85,0.0,0.06,0.0,0.43,0.81,95.85,Agricultural Burning,93.0,False,Confident Assessment,TNSTC Depot Mettur Dam,12.9,5.0,LOW
28.65901,77.58726,308.6,0.45,0.39,2026-09-23,2027,N20,VIIRS,n,2.0NRT,295.29,0.7,N,VIIRS_NOAA20_NRT,2.1744444444444446,9,0.0253012202723578,-67.80786918753195,Persistent / Reduced,1,4.25,Unnamed Industrial Feature,0,28.65,0,101.49,0,Cropland / Agriculture,3,1,-67.80786918753195,0.22,0,0,1,0,70.0,1,13.310000000000002,Other Thermal Event,5,LOW,Other Thermal Event,94.5,3.1,0.0,0.06,0.0,0.74,1.6,94.5,Agricultural Burning,91.39,False,Confident Assessment,Unnamed Industrial Feature,4.25,5.0,LOW
21.67242,84.03824,305.25,0.34,0.56,2026-09-26,1932,N20,VIIRS,n,2.0NRT,290.27,1.2,N,VIIRS_NOAA20_NRT,2.826315789473685,19,0.0291212366280774,-57.5418994413408,Persistent / Reduced,1,7.24,Unnamed Industrial Feature,0,110.64,0,25.94,0,Other,4,1,-57.5418994413408,0.31,0,0,1,0,70.0,1,14.980000000000018,Other Thermal Event,5,LOW,Other Thermal Event,98.27,0.94,0.0,0.0,0.0,0.09,0.71,98.27,Agricultural Burning,97.33,False,Confident Assessment,Unnamed Industrial Feature,7.24,5.0,LOW
21.67795,84.03548,319.28,0.34,0.56,2026-09-26,1932,N20,VIIRS,n,2.0NRT,291.1,1.2,N,VIIRS_NOAA20_NRT,2.826315789473685,19,0.0397716429433908,-57.5418994413408,Persistent / Reduced,1,6.73,Unnamed Industrial Feature,0,110.59,0,25.32,0,Other,4,1,-57.5418994413408,0.31,0,0,1,0,70.0,1,28.17999999999995,Other Thermal Event,5,LOW,Other Thermal Event,96.98,0.98,0.0,0.0,0.0,0.86,1.19,96.98,Normal Persistent Source,95.79,False,Confident Assessment,Unnamed Industrial Feature,6.73,5.0,LOW
22.05432,88.12502,310.96,0.38,0.43,2026-09-26,1932,N20,VIIRS,n,2.0NRT,296.03,1.2,N,VIIRS_NOAA20_NRT,4.342173913043477,23,0.0037136167936351,-72.36407329528386,Persistent / Reduced,1,5.2,Haldia Port Industrial Area,0,256.19,0,7.58,0,Other,4,1,-72.36407329528386,0.22,0,0,1,0,70.0,1,14.930000000000009,Other Thermal Event,5,LOW,Other Thermal Event,97.62,0.66,0.0,0.17,0.35,0.31,0.9,97.62,Normal Persistent Source,96.72,False,Confident Assessment,Haldia Port Industrial Area,5.2,5.0,LOW
18.68008,73.03363,308.52,0.43,0.46,2026-09-26,2114,N20,VIIRS,n,2.0NRT,292.7,1.2,N,VIIRS_NOAA20_NRT,2.2831999999999995,50,0.0379975941752855,-47.44218640504554,Persistent / Stable,1,24.68,ONGC Uran Plant Maharashtra,0,548.47,0,24.32,0,Forest / Woodland,2,1,-47.44218640504554,0.37,0,0,1,0,70.0,1,15.819999999999991,Other Thermal Event,5,LOW,Other Thermal Event,97.16,2.01,0.0,0.0,0.0,0.07,0.77,97.16,Agricultural Burning,95.15,False,Confident Assessment,ONGC Uran Plant Maharashtra,24.68,5.0,LOW
15.17632,76.67653,308.61,0.42,0.38,2026-09-26,2017,N21,VIIRS,n,2.0NRT,295.36,1.37,N,VIIRS_NOAA21_NRT,2.368011695906433,171,0.0036729764865402,-42.145556022028494,Persistent / Stable,1,20.44,Food Corporation of India,0,23.72,0,267.3,0,Forest / Woodland,2,1,-42.145556022028494,0.41,0,0,1,0,70.0,1,13.25,Other Thermal Event,5,LOW,Other Thermal Event,98.93,0.6,0.0,0.0,0.0,0.02,0.45,98.93,Agricultural Burning,98.34,False,Confident Assessment,Food Corporation of India,20.44,5.0,LOW
21.68278,84.03941,309.58,0.34,0.56,2026-09-26,1932,N20,VIIRS,n,2.0NRT,291.18,1.36,N,VIIRS_NOAA20_NRT,2.826315789473685,19,0.0081721805675933,-51.88081936685289,Persistent / Reduced,1,6.1,Unnamed Industrial Feature,0,111.16,0,24.8,0,Other,4,1,-51.88081936685289,0.36,0,0,1,0,70.0,1,18.399999999999977,Other Thermal Event,5,LOW,Other Thermal Event,98.27,0.71,0.0,0.0,0.0,0.1,0.92,98.27,Normal Persistent Source,97.35,False,Confident Assessment,Unnamed Industrial Feature,6.1,5.0,LOW
15.17685,77.10255,302.98,0.52,0.41,2026-09-26,2055,N,VIIRS,n,2.0NRT,291.93,1.34,N,VIIRS_SNPP_NRT,1.3944827586206896,29,0.0075254151352158,-3.90702274975271,Persistent / Stable,1,19.88,Bellary JSW Steel Plant,0,19.82,0,256.52,0,Cropland / Agriculture,3,1,-3.90702274975271,0.56,0,0,1,0,70.0,1,11.050000000000011,Other Thermal Event,5,LOW,Other Thermal Event,94.12,5.3,0.0,0.06,0.0,0.06,0.46,94.12,Agricultural Burning,88.82,False,Confident Assessment,Bellary JSW Steel Plant,19.88,5.0,LOW
28.0289,76.49574,313.7,0.49,0.4,2026-09-23,2027,N20,VIIRS,n,2.0NRT,296.13,1.84,N,VIIRS_NOAA20_NRT,0.0,0,,0.0,New / No Local History,1,2.93,Unnamed Industrial Feature,0,101.31,0,130.36,0,Other,4,0,0.0,1.84,0,0,0,1,70.0,1,17.569999999999993,Other Thermal Event,5,LOW,Other Thermal Event,50.16,28.0,0.21,0.86,2.55,0.69,17.54,50.16,Agricultural Burning,22.17,True,Low Confidence (50.2%),Unnamed Industrial Feature,2.93,5.0,LOW
14.79062,79.70827,334.2,0.47,0.4,2026-09-26,822,N,VIIRS,n,2.0NRT,301.31,2.59,D,VIIRS_SNPP_NRT,4.423333333333334,6,0.2752276974473672,-41.44687264506406,Persistent / Stable,1,50.42,COW Farm,0,187.1,0,189.86,0,Cropland / Agriculture,3,1,-41.44687264506406,0.48,0,0,1,0,70.0,0,32.889999999999986,Other Thermal Event,5,LOW,Other Thermal Event,86.4,12.39,0.0,0.0,0.0,0.04,1.17,86.4,Agricultural Burning,74.0,False,Confident Assessment,COW Farm,50.42,5.0,LOW
21.43102,72.97679,312.02,0.53,0.5,2026-09-26,2019,N21,VIIRS,n,2.0NRT,294.73,2.58,N,VIIRS_NOAA21_NRT,1.704,5,0.0549859104527,51.40845070422536,Abnormal Increase,1,9.94,SUGEN Mega Power Plant,0,334.01,0,21.91,0,Other,4,1,51.40845070422536,0.95,0,0,1,0,70.0,1,17.289999999999964,Agricultural Burning,10,LOW,Agricultural Burning,83.94,83.94,0.0,0.0,0.0,0.16,1.47,14.43,Other Thermal Event,69.51,False,Confident Assessment,SUGEN Mega Power Plant,9.94,5.0,LOW
27.28993,73.83958,307.08,0.51,0.41,2026-09-26,2112,N20,VIIRS,n,2.0NRT,296.04,1.12,N,VIIRS_NOAA20_NRT,1.25,7,0.0072951443790171,-10.399999999999991,Persistent / Stable,1,92.0,Unnamed Industrial Feature,0,327.05,0,293.01,0,Other,4,1,-10.399999999999991,0.5,0,0,1,0,70.0,1,11.039999999999964,Other Thermal Event,5,LOW,Other Thermal Event,92.71,6.39,0.0,0.0,0.0,0.08,0.81,92.71,Agricultural Burning,86.33,False,Confident Assessment,Unnamed Industrial Feature,92.0,5.0,LOW
26.87406,73.51788,306.91,0.42,0.37,2026-09-26,2055,N,VIIRS,n,2.0NRT,294.23,1.12,N,VIIRS_SNPP_NRT,1.669047619047619,21,0.075381795691502,-32.89586305278173,Persistent / Stable,1,87.8,Unnamed Industrial Feature,0,281.61,0,242.6,0,Other,4,1,-32.89586305278173,0.42,0,0,1,0,70.0,1,12.680000000000009,Other Thermal Event,5,LOW,Other Thermal Event,95.29,3.93,0.0,0.0,0.0,0.08,0.7,95.29,Agricultural Burning,91.36,False,Confident Assessment,Unnamed Industrial Feature,87.8,5.0,LOW
26.8781,73.51431,309.08,0.42,0.37,2026-09-26,2055,N,VIIRS,n,2.0NRT,294.16,1.12,N,VIIRS_SNPP_NRT,1.669047619047619,21,0.0012715518789776,-32.89586305278173,Persistent / Stable,1,88.37,Unnamed Industrial Feature,0,282.09,0,242.48,0,Other,4,1,-32.89586305278173,0.42,0,0,1,0,70.0,1,14.91999999999996,Other Thermal Event,5,LOW,Other Thermal Event,94.89,4.27,0.0,0.0,0.0,0.11,0.74,94.89,Agricultural Burning,90.63,False,Confident Assessment,Unnamed Industrial Feature,88.37,5.0,LOW
22.33151,82.60744,306.78,0.41,0.37,2026-09-26,2017,N21,VIIRS,n,2.0NRT,290.01,1.38,N,VIIRS_NOAA21_NRT,1.767777777777778,9,0.0361631359354878,-21.93588937774985,Persistent / Stable,1,6.22,Unnamed Industrial Feature,0,7.74,0,153.86,0,Other,4,1,-21.93588937774985,0.5,0,0,1,0,70.0,1,16.769999999999982,Other Thermal Event,5,LOW,Other Thermal Event,97.24,0.77,0.0,0.0,0.0,0.27,1.72,97.24,Normal Persistent Source,95.53,False,Confident Assessment,Unnamed Industrial Feature,6.22,5.0,LOW
22.0396,83.73006,307.14,0.36,0.57,2026-09-26,1932,N20,VIIRS,n,2.0NRT,286.59,1.44,N,VIIRS_NOAA20_NRT,1.5490000000000002,10,0.014439948197251,-7.036797934151077,Persistent / Stable,1,16.3,Hemgir Coal Washery,0,107.29,0,34.2,0,Other,4,1,-7.036797934151077,0.56,0,0,1,0,70.0,1,20.55000000000001,Other Thermal Event,5,LOW,Other Thermal Event,97.18,1.86,0.0,0.0,0.0,0.12,0.84,97.18,Agricultural Burning,95.31,False,Confident Assessment,Hemgir Coal Washery,16.3,5.0,LOW
13.71303,79.61565,305.6,0.54,0.67,2026-09-26,1934,N20,VIIRS,n,2.0NRT,292.4,1.44,N,VIIRS_NOAA20_NRT,1.52875,8,0.2992391005537315,-5.805396565821757,Persistent / Stable,1,28.83,TTD Transport Yard,0,94.21,0,93.14,0,Cropland / Agriculture,3,1,-5.805396565821757,0.57,0,0,1,0,70.0,1,13.200000000000044,Other Thermal Event,5,LOW,Other Thermal Event,97.47,1.95,0.0,0.06,0.0,0.06,0.46,97.47,Agricultural Burning,95.52,False,Confident Assessment,TTD Transport Yard,28.83,5.0,LOW
17.60501,83.20171,314.83,0.48,0.4,2026-09-26,2017,N21,VIIRS,n,2.0NRT,296.63,1.59,N,VIIRS_NOAA21_NRT,2.702857142857144,35,0.0145545758023558,-41.17336152219874,Persistent / Stable,1,9.27,Visakhapatnam Steel Plant RINL,0,307.02,0,15.04,0,Other,4,1,-41.17336152219874,0.43,0,0,1,0,70.0,1,18.19999999999999,Other Thermal Event,5,LOW,Other Thermal Event,97.53,1.38,0.0,0.0,0.0,0.1,0.99,97.53,Agricultural Burning,96.15,False,Confident Assessment,Visakhapatnam Steel Plant RINL,9.27,5.0,LOW
23.69424,85.36821,305.07,0.51,0.41,2026-09-26,2017,N21,VIIRS,n,2.0NRT,291.93,0.9,N,VIIRS_NOAA21_NRT,1.4726315789473683,19,0.0061137260453011,-38.884917798427445,Persistent / Stable,1,8.39,Jindal Steel,0,54.78,0,205.44,0,Other,4,1,-38.884917798427445,0.36,0,0,1,0,70.0,1,13.139999999999986,Other Thermal Event,5,LOW,Other Thermal Event,95.24,3.36,0.0,0.0,0.0,0.04,1.36,95.24,Agricultural Burning,91.88,False,Confident Assessment,Jindal Steel,8.39,5.0,LOW
23.69797,85.36903,304.21,0.51,0.41,2026-09-26,2017,N21,VIIRS,n,2.0NRT,291.46,0.9,N,VIIRS_NOAA21_NRT,1.4726315789473683,19,0.0318239276571218,-38.884917798427445,Persistent / Stable,1,8.78,Jindal Steel,0,54.65,0,205.02,0,Other,4,1,-38.884917798427445,0.36,0,0,1,0,70.0,1,12.75,Other Thermal Event,5,LOW,Other Thermal Event,94.93,3.36,0.0,0.0,0.0,0.04,1.67,94.93,Agricultural Burning,91.57,False,Confident Assessment,Jindal Steel,8.78,5.0,LOW
15.65785,73.98664,305.97,0.56,0.51,2026-09-26,2114,N20,VIIRS,n,2.0NRT,290.28,1.11,N,VIIRS_NOAA20_NRT,1.3135714285714286,14,0.0567579614447446,-15.49755301794453,Persistent / Stable,1,56.38,J P Foundry,0,232.53,0,304.33,0,Forest / Woodland,2,1,-15.49755301794453,0.48,0,0,1,0,70.0,1,15.690000000000056,Other Thermal Event,5,LOW,Other Thermal Event,95.8,3.67,0.0,0.0,0.0,0.09,0.44,95.8,Agricultural Burning,92.12,False,Confident Assessment,J P Foundry,56.38,5.0,LOW
11.80914,77.92432,307.67,0.38,0.36,2026-09-26,2019,N21,VIIRS,n,2.0NRT,295.25,1.1,N,VIIRS_NOAA21_NRT,1.7600000000000002,40,0.0130679464821515,-37.50000000000001,Persistent / Stable,1,13.63,TNSTC Depot Mettur Dam,0,135.98,0,109.93,0,Cropland / Agriculture,3,1,-37.50000000000001,0.4,0,0,1,0,70.0,1,12.420000000000016,Other Thermal Event,5,LOW,Other Thermal Event,94.42,4.56,0.0,0.06,0.0,0.01,0.94,94.42,Agricultural Burning,89.86,False,Confident Assessment,TNSTC Depot Mettur Dam,13.63,5.0,LOW
11.80968,77.92083,308.78,0.38,0.36,2026-09-26,2019,N21,VIIRS,n,2.0NRT,294.74,1.1,N,VIIRS_NOAA21_NRT,1.7600000000000002,40,0.0022081827453875,-37.50000000000001,Persistent / Stable,1,13.26,TNSTC Depot Mettur Dam,0,135.81,0,109.66,0,Cropland / Agriculture,3,1,-37.50000000000001,0.4,0,0,1,0,70.0,1,14.039999999999964,Other Thermal Event,5,LOW,Other Thermal Event,94.4,4.48,0.0,0.06,0.0,0.03,1.03,94.4,Agricultural Burning,89.92,False,Confident Assessment,TNSTC Depot Mettur Dam,13.26,5.0,LOW
15.17696,77.10359,306.06,0.41,0.37,2026-09-26,2017,N21,VIIRS,n,2.0NRT,293.25,1.15,N,VIIRS_NOAA21_NRT,1.3944827586206896,29,0.0151369971389093,-17.53214638971316,Persistent / Stable,1,19.99,Bellary JSW Steel Plant,0,19.93,0,256.49,0,Cropland / Agriculture,3,1,-17.53214638971316,0.48,0,0,1,0,70.0,1,12.810000000000002,Other Thermal Event,5,LOW,Other Thermal Event,97.72,1.85,0.0,0.06,0.0,0.07,0.31,97.72,Agricultural Burning,95.87,False,Confident Assessment,Bellary JSW Steel Plant,19.99,5.0,LOW
17.95807,80.79958,307.93,0.39,0.36,2026-09-26,2017,N21,VIIRS,n,2.0NRT,296.02,1.14,N,VIIRS_NOAA21_NRT,2.711818181818181,33,0.1809287668395741,-57.961783439490446,Persistent / Reduced,1,10.43,Aswapuram Heavy Water Plant,0,272.8,0,125.75,0,Other,4,1,-57.961783439490446,0.31,0,0,1,0,70.0,1,11.910000000000023,Other Thermal Event,5,LOW,Other Thermal Event,96.5,2.64,0.0,0.0,0.0,0.03,0.84,96.5,Agricultural Burning,93.86,False,Confident Assessment,Aswapuram Heavy Water Plant,10.43,5.0,LOW
15.17503,76.37742,300.99,0.41,0.61,2026-09-26,2114,N20,VIIRS,n,2.0NRT,289.38,1.09,N,VIIRS_NOAA20_NRT,1.3303571428571428,28,0.0394371082093047,-18.06711409395972,Persistent / Stable,1,22.57,APMC,0,28.39,0,250.03,0,Forest / Woodland,2,1,-18.06711409395972,0.47,0,0,1,0,70.0,1,11.610000000000014,Other Thermal Event,5,LOW,Other Thermal Event,96.84,2.8,0.0,0.0,0.0,0.07,0.29,96.84,Agricultural Burning,94.05,False,Confident Assessment,APMC,22.57,5.0,LOW
17.61041,83.20229,321.15,0.34,0.56,2026-09-26,1934,N20,VIIRS,n,2.0NRT,294.46,1.74,N,VIIRS_NOAA20_NRT,2.702857142857144,35,0.0088223032514289,-35.62367864693447,Persistent / Stable,1,8.67,Visakhapatnam Steel Plant RINL,0,306.42,0,14.56,0,Other,4,1,-35.62367864693447,0.47,0,0,1,0,70.0,1,26.69,Other Thermal Event,5,LOW,Other Thermal Event,97.36,0.81,0.0,0.0,0.0,0.06,1.76,97.36,Normal Persistent Source,95.6,False,Confident Assessment,Visakhapatnam Steel Plant RINL,8.67,5.0,LOW
15.17977,76.67704,305.12,0.42,0.38,2026-09-26,2017,N21,VIIRS,n,2.0NRT,293.96,1.76,N,VIIRS_NOAA21_NRT,2.365521472392638,163,0.0038227694385829,-25.59780071580476,Persistent / Stable,1,20.41,Food Corporation of India,0,24.07,0,267.65,0,Forest / Woodland,2,1,-25.59780071580476,0.52,0,0,1,0,70.0,1,11.160000000000023,Other Thermal Event,5,LOW,Other Thermal Event,95.65,4.03,0.0,0.0,0.0,0.0,0.31,95.65,Agricultural Burning,91.62,False,Confident Assessment,Food Corporation of India,20.41,5.0,LOW
23.77213,86.36285,316.32,0.38,0.44,2026-09-26,2017,N21,VIIRS,n,2.0NRT,289.53,1.76,N,VIIRS_NOAA21_NRT,1.9622641509433965,53,0.013834010041484,-10.307692307692315,Persistent / Stable,1,4.61,Unnamed Industrial Feature,0,6.83,0,187.02,0,Other,4,1,-10.307692307692315,0.59,0,0,1,0,70.0,1,26.79000000000002,Other Thermal Event,5,LOW,Other Thermal Event,93.59,0.64,0.0,0.0,0.0,1.19,4.59,93.59,Normal Persistent Source,89.0,False,Confident Assessment,Unnamed Industrial Feature,4.61,5.0,LOW
23.77606,86.36375,304.32,0.38,0.44,2026-09-26,2017,N21,VIIRS,n,2.0NRT,289.85,1.76,N,VIIRS_NOAA21_NRT,1.9622641509433965,53,0.0302730669637879,-10.307692307692315,Persistent / Stable,1,4.7,Unnamed Industrial Feature,0,6.99,0,186.6,0,Other,4,1,-10.307692307692315,0.59,0,0,1,0,70.0,1,14.46999999999997,Other Thermal Event,5,LOW,Other Thermal Event,94.84,0.38,0.0,0.0,0.0,0.37,4.41,94.84,Normal Persistent Source,90.43,False,Confident Assessment,Unnamed Industrial Feature,4.7,5.0,LOW
27.28707,73.84006,307.24,0.41,0.37,2026-09-26,2055,N,VIIRS,n,2.0NRT,296.46,0.94,N,VIIRS_SNPP_NRT,1.25,7,0.0169102085929462,-24.800000000000004,Persistent / Stable,1,91.86,Unnamed Industrial Feature,0,326.73,0,292.89,0,Other,4,1,-24.800000000000004,0.42,0,0,1,0,70.0,1,10.78000000000003,Other Thermal Event,5,LOW,Other Thermal Event,93.06,6.1,0.0,0.0,0.0,0.08,0.75,93.06,Agricultural Burning,86.96,False,Confident Assessment,Unnamed Industrial Feature,91.86,5.0,LOW
21.75838,83.85141,307.48,0.46,0.39,2026-09-26,2017,N21,VIIRS,n,2.0NRT,292.92,1.13,N,VIIRS_NOAA21_NRT,4.770121951219512,82,0.0208184851689853,-76.31087817972644,Persistent / Reduced,1,4.65,Unnamed Industrial Feature,0,97.21,0,24.54,0,Other,4,1,-76.31087817972644,0.2,0,0,1,0,70.0,1,14.560000000000002,Other Thermal Event,5,LOW,Other Thermal Event,97.45,0.42,0.0,0.0,0.0,0.31,1.81,97.45,Normal Persistent Source,95.64,False,Confident Assessment,Unnamed Industrial Feature,4.65,5.0,LOW
23.16389,82.33787,303.62,0.4,0.37,2026-09-26,2017,N21,VIIRS,n,2.0NRT,290.07,1.12,N,VIIRS_NOAA21_NRT,1.913076923076923,13,0.0624425490273846,-41.45556895858463,Persistent / Stable,1,79.8,Salora Power Station,0,97.06,0,222.99,0,Forest / Woodland,2,1,-41.45556895858463,0.38,0,0,1,0,70.0,1,13.550000000000011,Other Thermal Event,5,LOW,Other Thermal Event,95.72,3.86,0.0,0.0,0.0,0.04,0.37,95.72,Agricultural Burning,91.86,False,Confident Assessment,Salora Power Station,79.8,5.0,LOW
22.93407,69.69906,319.9,0.4,0.37,2026-09-24,2053,N21,VIIRS,n,2.0NRT,298.57,1.31,N,VIIRS_NOAA21_NRT,2.3864,25,0.0256015377519953,-45.10559839088166,Persistent / Stable,1,10.82,Mundra Port Industrial SEZ,0,32.93,0,54.98,0,Other,4,1,-45.10559839088166,0.39,0,0,1,0,70.0,1,21.329999999999984,Other Thermal Event,5,LOW,Other Thermal Event,97.48,0.92,0.0,0.0,0.0,0.1,1.49,97.48,Normal Persistent Source,95.99,False,Confident Assessment,Mundra Port Industrial SEZ,10.82,5.0,LOW
27.28851,73.84077,307.27,0.5,0.49,2026-09-24,2129,N,VIIRS,n,2.0NRT,297.27,0.95,N,VIIRS_SNPP_NRT,1.25,7,0.0079495345071116,-24.000000000000004,Persistent / Stable,1,91.84,Unnamed Industrial Feature,0,326.9,0,293.03,0,Other,4,1,-24.000000000000004,0.42,0,0,1,0,70.0,1,10.0,Other Thermal Event,5,LOW,Other Thermal Event,93.06,6.1,0.0,0.0,0.0,0.08,0.75,93.06,Agricultural Burning,86.96,False,Confident Assessment,Unnamed Industrial Feature,91.84,5.0,LOW
23.69679,85.37194,310.27,0.39,0.59,2026-09-26,2055,N,VIIRS,n,2.0NRT,288.53,1.24,N,VIIRS_SNPP_NRT,1.4726315789473683,19,0.0478768630384919,-15.796997855611144,Persistent / Stable,1,8.84,Jindal Steel,0,54.37,0,205.05,0,Other,4,1,-15.796997855611144,0.5,0,0,1,0,70.0,1,21.74000000000001,Other Thermal Event,5,LOW,Other Thermal Event,97.0,1.28,0.0,0.0,0.0,0.09,1.63,97.0,Normal Persistent Source,95.37,False,Confident Assessment,Jindal Steel,8.84,5.0,LOW
15.17364,76.37734,306.64,0.43,0.38,2026-09-26,2017,N21,VIIRS,n,2.0NRT,293.25,1.23,N,VIIRS_NOAA21_NRT,1.3303571428571428,28,0.0463768069057118,-7.543624161073822,Persistent / Stable,1,22.47,APMC,0,28.28,0,249.89,0,Forest / Woodland,2,1,-7.543624161073822,0.53,0,0,1,0,70.0,1,13.389999999999986,Other Thermal Event,5,LOW,Other Thermal Event,98.21,1.26,0.0,0.0,0.0,0.08,0.45,98.21,Agricultural Burning,96.94,False,Confident Assessment,APMC,22.47,5.0,LOW
21.33693,78.96642,306.5,0.4,0.37,2026-09-26,2017,N21,VIIRS,n,2.0NRT,292.92,1.29,N,VIIRS_NOAA21_NRT,1.755384615384615,13,0.0062253309461944,-26.51183172655564,Persistent / Stable,1,40.87,MIDC Nagpur Butibori,0,156.99,0,380.07,0,Forest / Woodland,2,1,-26.51183172655564,0.47,0,0,1,0,70.0,1,13.579999999999984,Other Thermal Event,5,LOW,Other Thermal Event,97.25,2.34,0.0,0.0,0.0,0.08,0.34,97.25,Agricultural Burning,94.91,False,Confident Assessment,MIDC Nagpur Butibori,40.87,5.0,LOW
21.73781,83.84258,306.92,0.46,0.39,2026-09-26,2017,N21,VIIRS,n,2.0NRT,293.58,1.29,N,VIIRS_NOAA21_NRT,4.770121951219512,82,0.0145268221644195,-72.95666624057266,Persistent / Reduced,1,5.74,IB Thermal Power Plant,0,95.29,0,26.77,0,Other,4,1,-72.95666624057266,0.22,0,0,1,0,70.0,1,13.340000000000032,Other Thermal Event,5,LOW,Other Thermal Event,97.99,0.77,0.0,0.0,0.0,0.31,0.93,97.99,Normal Persistent Source,97.06,False,Confident Assessment,IB Thermal Power Plant,5.74,5.0,LOW
19.09718,82.16335,304.88,0.42,0.61,2026-09-26,1934,N20,VIIRS,n,2.0NRT,290.4,1.29,N,VIIRS_NOAA20_NRT,2.2891666666666666,36,0.0159282771114541,-43.64761558063341,Persistent / Stable,1,36.53,Unnamed Industrial Feature,0,183.19,0,75.56,0,Forest / Woodland,2,1,-43.64761558063341,0.39,0,0,1,0,70.0,1,14.480000000000018,Other Thermal Event,5,LOW,Other Thermal Event,97.87,1.64,0.0,0.0,0.0,0.02,0.48,97.87,Agricultural Burning,96.23,False,Confident Assessment,Unnamed Industrial Feature,36.53,5.0,LOW
15.16654,76.67112,310.37,0.42,0.38,2026-09-26,2017,N21,VIIRS,n,2.0NRT,293.88,1.27,N,VIIRS_NOAA21_NRT,2.4570909090909097,220,0.035350858486847,-48.31286073701348,Persistent / Stable,1,21.0,Food Corporation of India,0,22.49,0,266.08,0,Forest / Woodland,2,1,-48.31286073701348,0.37,0,0,1,0,70.0,1,16.49000000000001,Other Thermal Event,5,LOW,Other Thermal Event,99.04,0.63,0.0,0.0,0.0,0.02,0.31,99.04,Agricultural Burning,98.4,False,Confident Assessment,Food Corporation of India,21.0,5.0,LOW
18.71749,79.53626,303.53,0.56,0.69,2026-09-26,2114,N20,VIIRS,n,2.0NRT,292.79,1.34,N,VIIRS_NOAA20_NRT,1.7500000000000002,13,0.0464608410008313,-23.42857142857144,Persistent / Stable,1,5.88,"TGSRTC Bus Depot , Godavarikhani",0,140.37,0,83.14,0,Other,4,1,-23.42857142857144,0.49,0,0,1,0,70.0,1,10.739999999999952,Other Thermal Event,5,LOW,Other Thermal Event,93.74,4.78,0.0,0.0,0.0,0.2,1.27,93.74,Agricultural Burning,88.97,False,Confident Assessment,"TGSRTC Bus Depot , Godavarikhani",5.88,5.0,LOW
15.02101,78.01212,306.38,0.39,0.36,2026-09-26,2017,N21,VIIRS,n,2.0NRT,293.44,1.07,N,VIIRS_NOAA21_NRT,1.760526315789474,19,0.0079484328104118,-39.22272047832586,Persistent / Stable,1,72.06,Loco Shed,0,118.13,0,227.07,0,Cropland / Agriculture,3,1,-39.22272047832586,0.39,0,0,1,0,70.0,1,12.939999999999998,Other Thermal Event,5,LOW,Other Thermal Event,95.56,4.07,0.0,0.06,0.0,0.02,0.28,95.56,Agricultural Burning,91.49,False,Confident Assessment,Loco Shed,72.06,5.0,LOW
21.33865,78.96637,303.52,0.72,0.76,2026-09-26,1932,N20,VIIRS,n,2.0NRT,287.46,1.07,N,VIIRS_NOAA20_NRT,1.755384615384615,13,0.0119808444115798,-39.04469763365467,Persistent / Stable,1,41.06,MIDC Nagpur Butibori,0,157.18,0,380.26,0,Forest / Woodland,2,1,-39.04469763365467,0.39,0,0,1,0,70.0,1,16.060000000000002,Other Thermal Event,5,LOW,Other Thermal Event,95.72,3.96,0.0,0.0,0.0,0.04,0.28,95.72,Agricultural Burning,91.76,False,Confident Assessment,MIDC Nagpur Butibori,41.06,5.0,LOW
22.03924,83.73359,304.2,0.36,0.57,2026-09-26,1932,N20,VIIRS,n,2.0NRT,286.52,1.22,N,VIIRS_NOAA20_NRT,1.6083333333333336,12,0.0049162873764172,-24.14507772020727,Persistent / Stable,1,16.28,Hemgir Coal Washery,0,107.5,0,33.85,0,Other,4,1,-24.14507772020727,0.47,0,0,1,0,70.0,1,17.680000000000007,Other Thermal Event,5,LOW,Other Thermal Event,96.93,2.09,0.0,0.0,0.0,0.09,0.89,96.93,Agricultural Burning,94.84,False,Confident Assessment,Hemgir Coal Washery,16.28,5.0,LOW
23.73984,85.00698,304.88,0.37,0.58,2026-09-26,2055,N,VIIRS,n,2.0NRT,289.67,1.21,N,VIIRS_SNPP_NRT,1.3593333333333328,15,0.043790371201511,-10.985777341834204,Persistent / Stable,1,24.0,Tori Power Project,0,91.18,0,216.14,0,Other,4,1,-10.985777341834204,0.51,0,0,1,0,70.0,1,15.20999999999998,Other Thermal Event,5,LOW,Other Thermal Event,97.19,1.97,0.0,0.0,0.0,0.09,0.75,97.19,Agricultural Burning,95.21,False,Confident Assessment,Tori Power Project,24.0,5.0,LOW
15.17057,76.6677,309.98,0.42,0.38,2026-09-26,2017,N21,VIIRS,n,2.0NRT,294.32,1.27,N,VIIRS_NOAA21_NRT,2.4380701754385976,228,0.0206302982536981,-47.90962078146365,Persistent / Stable,1,21.37,Food Corporation of India,0,22.69,0,266.23,0,Forest / Woodland,2,1,-47.90962078146365,0.37,0,0,1,0,70.0,1,15.660000000000023,Other Thermal Event,5,LOW,Other Thermal Event,99.03,0.63,0.0,0.0,0.0,0.02,0.32,99.03,Agricultural Burning,98.39,False,Confident Assessment,Food Corporation of India,21.37,5.0,LOW
23.16658,82.34235,308.33,0.4,0.37,2026-09-26,2017,N21,VIIRS,n,2.0NRT,289.92,1.26,N,VIIRS_NOAA21_NRT,1.913076923076923,13,0.018733570710486,-34.13751507840772,Persistent / Stable,1,79.93,Salora Power Station,0,97.18,0,222.82,0,Forest / Woodland,2,1,-34.13751507840772,0.43,0,0,1,0,70.0,1,18.409999999999968,Other Thermal Event,5,LOW,Other Thermal Event,96.15,3.51,0.0,0.0,0.0,0.03,0.31,96.15,Agricultural Burning,92.64,False,Confident Assessment,Salora Power Station,79.93,5.0,LOW
15.33478,76.28544,305.48,0.44,0.38,2026-09-26,2017,N21,VIIRS,n,2.0NRT,292.33,1.25,N,VIIRS_NOAA21_NRT,1.33375,32,0.0397457436651391,-6.279287722586691,Persistent / Stable,1,32.85,APMC,0,48.27,0,261.29,0,Forest / Woodland,2,1,-6.279287722586691,0.54,0,0,1,0,70.0,1,13.150000000000034,Other Thermal Event,5,LOW,Other Thermal Event,97.86,1.82,0.0,0.0,0.0,0.06,0.26,97.86,Agricultural Burning,96.04,False,Confident Assessment,APMC,32.85,5.0,LOW
18.68346,73.03847,309.55,0.43,0.46,2026-09-26,2114,N20,VIIRS,n,2.0NRT,293.27,1.2,N,VIIRS_NOAA20_NRT,2.2831999999999995,50,0.0089787184921909,-47.44218640504554,Persistent / Stable,1,24.38,ONGC Uran Plant Maharashtra,0,548.51,0,24.19,0,Forest / Woodland,2,1,-47.44218640504554,0.37,0,0,1,0,70.0,1,16.28000000000003,Other Thermal Event,5,LOW,Other Thermal Event,97.56,1.61,0.0,0.0,0.0,0.07,0.77,97.56,Agricultural Burning,95.95,False,Confident Assessment,ONGC Uran Plant Maharashtra,24.38,5.0,LOW
22.26474,75.13477,305.05,0.5,0.49,2026-09-26,2114,N20,VIIRS,n,2.0NRT,293.23,1.58,N,VIIRS_NOAA20_NRT,0.86,2,0.1143110758864975,83.72093023255816,Abnormal Increase,1,69.9,Pithampur Industrial Area,0,271.73,0,201.05,0,Other,4,1,83.72093023255816,0.85,0,0,1,0,70.0,1,11.819999999999991,Agricultural Burning,10,LOW,Agricultural Burning,92.9,92.9,0.0,0.0,0.0,0.37,1.11,5.62,Other Thermal Event,87.28,False,Confident Assessment,Pithampur Industrial Area,69.9,5.0,LOW
17.46387,80.65279,310.17,0.39,0.36,2026-09-26,2017,N21,VIIRS,n,2.0NRT,295.9,1.06,N,VIIRS_NOAA21_NRT,1.3228571428571427,7,0.0275901578338537,-19.870410367170617,Persistent / Stable,1,10.27,Unnamed Industrial Feature,0,311.98,0,124.05,0,Cropland / Agriculture,3,1,-19.870410367170617,0.46,0,0,1,0,70.0,1,14.27000000000004,Other Thermal Event,5,LOW,Other Thermal Event,94.47,4.54,0.0,0.06,0.0,0.43,0.49,94.47,Agricultural Burning,89.93,False,Confident Assessment,Unnamed Industrial Feature,10.27,5.0,LOW
23.83955,84.9491,302.77,0.63,0.54,2026-09-26,1932,N20,VIIRS,n,2.0NRT,290.07,1.1,N,VIIRS_NOAA20_NRT,0.6579999999999999,5,0.0296235846569701,67.17325227963529,Abnormal Increase,1,23.03,Tori Power Project,0,97.52,0,209.61,0,Other,4,1,67.17325227963529,0.66,0,0,1,0,70.0,1,12.699999999999989,Agricultural Burning,10,LOW,Agricultural Burning,92.44,92.44,0.0,0.0,0.0,0.0,0.61,6.94,Other Thermal Event,85.5,False,Confident Assessment,Tori Power Project,23.03,5.0,LOW
23.83962,84.94775,304.43,0.63,0.54,2026-09-26,1932,N20,VIIRS,n,2.0NRT,289.54,1.1,N,VIIRS_NOAA20_NRT,0.6579999999999999,5,0.0183082343865812,67.17325227963529,Abnormal Increase,1,22.93,Tori Power Project,0,97.66,0,209.68,0,Other,4,1,67.17325227963529,0.66,0,0,1,0,70.0,1,14.889999999999986,Agricultural Burning,10,LOW,Agricultural Burning,91.9,91.9,0.0,0.0,0.0,0.06,0.68,7.36,Other Thermal Event,84.54,False,Confident Assessment,Tori Power Project,22.93,5.0,LOW
17.60928,83.20224,316.53,0.34,0.56,2026-09-26,1934,N20,VIIRS,n,2.0NRT,294.66,1.09,N,VIIRS_NOAA20_NRT,2.702857142857144,35,0.0129774686963071,-59.67230443974631,Persistent / Reduced,1,8.79,Visakhapatnam Steel Plant RINL,0,306.55,0,14.65,0,Other,4,1,-59.67230443974631,0.29,0,0,1,0,70.0,1,21.869999999999948,Other Thermal Event,5,LOW,Other Thermal Event,97.84,1.17,0.0,0.0,0.0,0.1,0.9,97.84,Agricultural Burning,96.67,False,Confident Assessment,Visakhapatnam Steel Plant RINL,8.79,5.0,LOW
17.61447,83.20288,310.91,0.34,0.56,2026-09-26,1934,N20,VIIRS,n,2.0NRT,293.38,1.09,N,VIIRS_NOAA20_NRT,2.702857142857144,35,0.0089019876768315,-59.67230443974631,Persistent / Reduced,1,8.21,Visakhapatnam Steel Plant RINL,0,305.97,0,14.19,0,Other,4,1,-59.67230443974631,0.29,0,0,1,0,70.0,1,17.53000000000003,Other Thermal Event,5,LOW,Other Thermal Event,97.72,1.22,0.0,0.0,0.0,0.1,0.96,97.72,Agricultural Burning,96.49,False,Confident Assessment,Visakhapatnam Steel Plant RINL,8.21,5.0,LOW
15.1792,77.10227,305.4,0.46,0.63,2026-09-26,2114,N20,VIIRS,n,2.0NRT,289.73,1.25,N,VIIRS_NOAA20_NRT,1.3944827586206896,29,0.0023374776334842,-10.361028684470815,Persistent / Stable,1,19.91,Bellary JSW Steel Plant,0,19.83,0,256.78,0,Cropland / Agriculture,3,1,-10.361028684470815,0.52,0,0,1,0,70.0,1,15.66999999999996,Other Thermal Event,5,LOW,Other Thermal Event,98.22,1.32,0.0,0.06,0.0,0.08,0.33,98.22,Agricultural Burning,96.9,False,Confident Assessment,Bellary JSW Steel Plant,19.91,5.0,LOW
28.7444,76.92877,309.74,0.48,0.4,2026-09-23,2027,N20,VIIRS,n,2.0NRT,296.43,1.32,N,VIIRS_NOAA20_NRT,1.8533333333333333,6,0.0692255419598337,-28.77697841726618,Persistent / Stable,1,5.13,Unnamed Industrial Feature,0,39.67,0,71.97,0,Cropland / Agriculture,3,1,-28.77697841726618,0.46,0,0,1,0,70.0,1,13.310000000000002,Other Thermal Event,5,LOW,Other Thermal Event,90.91,5.37,0.0,0.06,0.0,1.27,2.38,90.91,Agricultural Burning,85.54,False,Confident Assessment,Unnamed Industrial Feature,5.13,5.0,LOW
9.83428,78.91562,347.16,0.4,0.37,2026-09-26,822,N,VIIRS,n,2.0NRT,309.79,7.99,D,VIIRS_SNPP_NRT,0.0,0,,0.0,New / No Local History,1,89.32,Tourist bus parking,0,192.98,0,145.25,0,Other,4,0,0.0,7.99,0,0,0,1,70.0,0,37.370000000000005,Agricultural Burning,0,LOW,Agricultural Burning,99.14,99.14,0.06,0.0,0.37,0.0,0.0,0.43,Other Thermal Event,98.71,False,Confident Assessment,Tourist bus parking,89.32,0.0,LOW
27.73267,96.29278,338.14,0.41,0.37,2026-09-26,646,N,VIIRS,n,2.0NRT,295.79,10.45,D,VIIRS_SNPP_NRT,0.0,0,,0.0,New / No Local History,1,73.28,Unnamed Industrial Feature,0,1079.79,0,76.2,0,Forest / Woodland,2,0,0.0,10.45,0,0,0,1,70.0,0,42.349999999999966,Agricultural Burning,0,LOW,Agricultural Burning,97.66,97.66,1.15,0.0,0.0,0.0,0.0,1.19,Other Thermal Event,96.47,False,Confident Assessment,Unnamed Industrial Feature,73.28,0.0,LOW
9.70522,77.67236,346.28,0.45,0.47,2026-09-26,744,N21,VIIRS,n,2.0NRT,303.55,10.28,D,VIIRS_NOAA21_NRT,0.0,0,,0.0,New / No Local History,1,36.82,Unnamed Industrial Feature,0,56.14,0,116.53,0,Other,4,0,0.0,10.28,0,0,0,1,70.0,0,42.72999999999996,Agricultural Burning,0,LOW,Agricultural Burning,96.34,96.34,1.82,0.0,0.75,0.23,0.0,0.86,Forest / Wildfire,94.51,False,Confident Assessment,Unnamed Industrial Feature,36.82,0.0,LOW
27.95228,96.65563,337.63,0.53,0.5,2026-09-26,608,N21,VIIRS,n,2.0NRT,293.79,9.77,D,VIIRS_NOAA21_NRT,0.0,0,,0.0,New / No Local History,1,116.32,Unnamed Industrial Feature,0,1121.99,0,119.38,0,Forest / Woodland,2,0,0.0,9.77,0,0,0,1,70.0,0,43.839999999999975,Agricultural Burning,0,LOW,Agricultural Burning,97.63,97.63,1.04,0.0,0.0,0.0,0.0,1.33,Other Thermal Event,96.31,False,Confident Assessment,Unnamed Industrial Feature,116.32,0.0,LOW
27.75913,96.05089,335.53,0.58,0.52,2026-09-26,608,N21,VIIRS,n,2.0NRT,293.23,9.66,D,VIIRS_NOAA21_NRT,0.0,0,,0.0,New / No Local History,1,59.09,IOCL Digboi Refinery,0,1058.83,0,59.09,0,Forest / Woodland,2,0,0.0,9.66,0,0,0,1,70.0,0,42.29999999999996,Agricultural Burning,0,LOW,Agricultural Burning,97.42,97.42,0.44,0.0,0.0,0.0,0.0,2.14,Other Thermal Event,95.28,False,Confident Assessment,IOCL Digboi Refinery,59.09,0.0,LOW
27.51616,78.42499,330.05,0.4,0.44,2026-09-23,741,N,VIIRS,n,2.0NRT,299.17,1.62,D,VIIRS_SNPP_NRT,0.0,0,,0.0,New / No Local History,1,23.75,Unnamed Industrial Feature,0,163.44,0,74.14,0,Cropland / Agriculture,3,0,0.0,1.62,0,0,0,1,70.0,0,30.879999999999995,Agricultural Burning,0,LOW,Agricultural Burning,99.87,99.87,0.06,0.0,0.0,0.0,0.0,0.07,Other Thermal Event,99.8,False,Confident Assessment,Unnamed Industrial Feature,23.75,0.0,LOW
31.7521,74.68208,332.46,0.4,0.37,2026-09-23,803,N20,VIIRS,n,2.0NRT,299.76,1.82,D,VIIRS_NOAA20_NRT,0.0,0,,0.0,New / No Local History,1,20.93,Unnamed Industrial Feature,0,431.41,0,179.16,0,Cropland / Agriculture,3,0,0.0,1.82,0,0,0,1,70.0,0,32.69999999999999,Agricultural Burning,0,LOW,Agricultural Burning,99.86,99.86,0.06,0.0,0.0,0.0,0.0,0.08,Other Thermal Event,99.78,False,Confident Assessment,Unnamed Industrial Feature,20.93,0.0,LOW
22.41878,69.0406,312.01,0.43,0.38,2026-09-23,2114,N21,VIIRS,n,2.0NRT,298.35,1.79,N,VIIRS_NOAA21_NRT,1.83375,8,0.0088389552976292,-2.3858214042263217,Persistent / Stable,1,3.01,TATA Chemicals,0,114.9,0,69.86,0,Other,4,1,-2.3858214042263217,0.63,0,0,1,0,70.0,1,13.659999999999968,Normal Persistent Source,0,LOW,Normal Persistent Source,84.17,0.44,0.0,0.0,0.0,0.02,84.17,15.37,Other Thermal Event,68.81,False,Confident Assessment,TATA Chemicals,3.01,0.0,LOW
22.9093,75.82033,331.01,0.45,0.39,2026-09-23,758,N20,VIIRS,l,2.0NRT,304.86,1.79,D,VIIRS_NOAA20_NRT,0.0,0,,0.0,New / No Local History,1,34.38,Pithampur Industrial Area,0,265.08,0,279.05,0,Other,4,0,0.0,1.79,0,0,0,1,30.0,0,26.149999999999977,Agricultural Burning,0,LOW,Agricultural Burning,96.76,96.76,1.77,0.0,0.0,0.0,0.0,1.46,Forest / Wildfire,94.99,False,Confident Assessment,Pithampur Industrial Area,34.38,0.0,LOW
22.73318,75.29805,332.79,0.47,0.4,2026-09-23,758,N20,VIIRS,n,2.0NRT,302.95,1.78,D,VIIRS_NOAA20_NRT,0.0,0,,0.0,New / No Local History,1,42.39,Pithampur Industrial Area,0,239.41,0,222.53,0,Other,4,0,0.0,1.78,0,0,0,1,70.0,0,29.840000000000032,Agricultural Burning,0,LOW,Agricultural Burning,97.9,97.9,0.74,0.0,0.0,0.0,0.0,1.36,Other Thermal Event,96.53,False,Confident Assessment,Pithampur Industrial Area,42.39,0.0,LOW
22.9378,75.75357,333.67,0.45,0.39,2026-09-23,758,N20,VIIRS,l,2.0NRT,306.0,1.78,D,VIIRS_NOAA20_NRT,0.0,0,,0.0,New / No Local History,1,35.54,Pithampur Industrial Area,0,257.73,0,273.17,0,Other,4,0,0.0,1.78,0,0,0,1,30.0,0,27.670000000000016,Agricultural Burning,0,LOW,Agricultural Burning,96.64,96.64,1.77,0.0,0.0,0.0,0.0,1.59,Forest / Wildfire,94.86,False,Confident Assessment,Pithampur Industrial Area,35.54,0.0,LOW
8.81421,77.98473,331.35,0.33,0.55,2026-09-23,839,N21,VIIRS,n,2.0NRT,296.21,1.76,D,VIIRS_NOAA21_NRT,2.09,1,1.2664991483318715,-15.78947368421052,Single Historical Detection,1,18.13,SPIC Tuticorin Fertilizers,0,124.24,0,151.13,0,Other,4,1,-15.78947368421052,0.57,0,0,0,0,70.0,0,35.14000000000004,Agricultural Burning,0,LOW,Agricultural Burning,98.65,98.65,0.0,0.0,0.0,0.0,0.0,1.35,Other Thermal Event,97.3,False,Confident Assessment,SPIC Tuticorin Fertilizers,18.13,0.0,LOW
25.28458,74.79762,331.29,0.33,0.55,2026-09-23,845,N21,VIIRS,n,2.0NRT,299.15,1.93,D,VIIRS_NOAA21_NRT,0.0,0,,0.0,New / No Local History,1,21.31,Unnamed Industrial Feature,0,148.48,0,352.05,0,Cropland / Agriculture,3,0,0.0,1.93,0,0,0,1,70.0,0,32.14000000000004,Agricultural Burning,0,LOW,Agricultural Burning,98.24,98.24,1.04,0.0,0.0,0.0,0.25,0.47,Forest / Wildfire,97.2,False,Confident Assessment,Unnamed Industrial Feature,21.31,0.0,LOW
23.55989,87.23933,308.71,0.44,0.46,2026-09-26,2017,N21,VIIRS,n,2.0NRT,292.16,2.73,N,VIIRS_NOAA21_NRT,2.9255263157894738,38,0.0083642477208283,-6.68345776738329,Persistent / Stable,1,3.27,Durgapur Steel Plant,0,85.82,0,190.13,0,Other,4,1,-6.68345776738329,0.7,0,0,1,0,70.0,1,16.549999999999955,Normal Persistent Source,0,LOW,Normal Persistent Source,91.26,0.32,0.0,0.0,0.0,0.04,91.26,8.38,Other Thermal Event,82.88,False,Confident Assessment,Durgapur Steel Plant,3.27,0.0,LOW
23.72184,86.42175,296.68,0.66,0.73,2026-09-26,1910,N,VIIRS,n,2.0NRT,285.25,2.73,N,VIIRS_SNPP_NRT,2.3708064516129026,62,0.026306473736693,15.15069052316487,Persistent / Stable,1,6.8,SAIL Chasnalla ADM Building,0,2.03,1,193.58,0,Mining,1,1,15.15069052316487,0.81,0,0,1,0,70.0,1,11.430000000000009,Mining Activity,0,LOW,Mining Activity,85.69,0.0,0.0,0.14,0.02,85.69,0.87,13.28,Other Thermal Event,72.41,False,Confident Assessment,SAIL Chasnalla ADM Building,6.8,0.0,LOW
10.83539,78.67876,337.72,0.4,0.37,2026-09-26,822,N,VIIRS,n,2.0NRT,307.13,2.84,D,VIIRS_SNPP_NRT,20.51,1,0.1603964124092734,-86.15309605070698,Single Historical Detection,1,4.74,Trichy Steel Company,0,156.37,0,127.6,0,Cropland / Agriculture,3,1,-86.15309605070698,0.13,0,0,0,0,70.0,0,30.590000000000032,Agricultural Burning,0,LOW,Agricultural Burning,83.13,83.13,4.44,2.13,0.0,0.2,0.18,9.91,Other Thermal Event,73.22,False,Confident Assessment,Trichy Steel Company,4.74,0.0,LOW
9.37157,78.96655,332.14,0.56,0.43,2026-09-26,744,N21,VIIRS,l,2.0NRT,303.22,2.83,D,VIIRS_NOAA21_NRT,0.0,0,,0.0,New / No Local History,1,109.11,SPIC Tuticorin Fertilizers,0,198.8,0,182.56,0,Other,4,0,0.0,2.83,0,0,0,1,30.0,0,28.91999999999996,Agricultural Burning,0,LOW,Agricultural Burning,98.58,98.58,0.35,0.0,0.0,0.0,0.0,1.07,Other Thermal Event,97.51,False,Confident Assessment,SPIC Tuticorin Fertilizers,109.11,0.0,LOW
28.05164,96.47582,332.59,0.41,0.37,2026-09-26,646,N,VIIRS,n,2.0NRT,295.8,2.82,D,VIIRS_SNPP_NRT,0.0,0,,0.0,New / No Local History,1,111.18,Unnamed Industrial Feature,0,1109.91,0,111.85,0,Forest / Woodland,2,0,0.0,2.82,0,0,0,1,70.0,0,36.78999999999997,Agricultural Burning,0,LOW,Agricultural Burning,98.77,98.77,0.06,0.0,0.0,0.0,0.0,1.17,Other Thermal Event,97.6,False,Confident Assessment,Unnamed Industrial Feature,111.18,0.0,LOW
23.69074,87.09578,301.14,0.6,0.7,2026-09-26,1910,N,VIIRS,n,2.0NRT,288.0,2.82,N,VIIRS_SNPP_NRT,1.8054545454545448,22,0.0690478037629678,56.19335347432024,Abnormal Increase,1,0.44,Unnamed Industrial Feature,1,68.72,0,209.77,0,Industrial,0,1,56.19335347432024,1.01,0,0,1,0,70.0,1,13.139999999999986,Normal Persistent Source,10,LOW,Normal Persistent Source,96.84,0.0,0.0,0.0,0.0,0.15,96.84,3.02,Other Thermal Event,93.82,False,Confident Assessment,Unnamed Industrial Feature,0.44,0.0,LOW
22.96249,75.97882,332.73,0.44,0.38,2026-09-23,758,N20,VIIRS,n,2.0NRT,303.76,1.64,D,VIIRS_NOAA20_NRT,0.0,0,,0.0,New / No Local History,1,47.75,Pithampur Industrial Area,0,274.71,0,296.22,0,Other,4,0,0.0,1.64,0,0,0,1,70.0,0,28.970000000000027,Agricultural Burning,0,LOW,Agricultural Burning,96.99,96.99,1.88,0.0,0.0,0.0,0.25,0.88,Forest / Wildfire,95.11,False,Confident Assessment,Pithampur Industrial Area,47.75,0.0,LOW
22.41792,69.03748,314.52,0.39,0.59,2026-09-23,2027,N20,VIIRS,n,2.0NRT,295.42,1.64,N,VIIRS_NOAA20_NRT,1.83375,8,0.0164719533964124,-10.565780504430828,Persistent / Stable,1,2.72,TATA Chemicals,0,115.17,0,70.17,0,Other,4,1,-10.565780504430828,0.58,0,0,1,0,70.0,1,19.09999999999997,Normal Persistent Source,0,LOW,Normal Persistent Source,86.0,0.27,0.0,0.0,0.0,0.02,86.0,13.71,Other Thermal Event,72.29,False,Confident Assessment,TATA Chemicals,2.72,0.0,LOW
25.11334,93.83447,298.49,0.4,0.37,2026-09-23,1932,N21,VIIRS,n,2.0NRT,285.85,1.46,N,VIIRS_NOAA21_NRT,0.0,0,,0.0,New / No Local History,1,28.53,Unnamed Industrial Feature,0,763.51,0,163.42,0,Forest / Woodland,2,0,0.0,1.46,0,0,0,1,70.0,1,12.639999999999986,Agricultural Burning,0,LOW,Agricultural Burning,98.18,98.18,0.0,0.0,0.0,0.0,0.02,1.8,Other Thermal Event,96.38,False,Confident Assessment,Unnamed Industrial Feature,28.53,0.0,LOW
9.0476,78.19106,331.03,0.34,0.56,2026-09-23,839,N21,VIIRS,n,2.0NRT,288.67,1.45,D,VIIRS_NOAA21_NRT,0.0,0,,0.0,New / No Local History,1,26.51,SPIC Tuticorin Fertilizers,0,128.22,0,166.34,0,Other,4,0,0.0,1.45,0,0,0,1,70.0,0,42.35999999999996,Agricultural Burning,0,LOW,Agricultural Burning,98.76,98.76,0.06,0.0,0.0,0.0,0.65,0.53,Normal Persistent Source,98.11,False,Confident Assessment,SPIC Tuticorin Fertilizers,26.51,0.0,LOW
26.63934,79.47744,304.04,0.49,0.49,2026-09-23,2008,N,VIIRS,n,2.0NRT,286.49,0.73,N,VIIRS_SNPP_NRT,1.842,5,0.0211623014310881,-60.36916395222583,Persistent / Reduced,1,78.53,Unnamed Industrial Feature,0,305.85,0,202.22,0,Cropland / Agriculture,3,1,-60.36916395222583,0.26,0,0,1,0,70.0,1,17.55000000000001,Agricultural Burning,0,LOW,Agricultural Burning,88.77,88.77,0.0,0.05,0.0,0.06,0.25,10.86,Other Thermal Event,77.91,False,Confident Assessment,Unnamed Industrial Feature,78.53,0.0,LOW
20.86839,84.99701,308.81,0.54,0.42,2026-09-26,2017,N21,VIIRS,n,2.0NRT,292.48,2.76,N,VIIRS_NOAA21_NRT,3.038266666666666,75,0.010844596587089,-9.158730855312228,Persistent / Stable,1,1.28,Angul Steel Plant,1,24.88,0,152.76,0,Industrial,0,1,-9.158730855312228,0.68,0,0,1,0,70.0,1,16.329999999999984,Normal Persistent Source,0,LOW,Normal Persistent Source,99.98,0.0,0.0,0.0,0.0,0.0,99.98,0.02,Other Thermal Event,99.96,False,Confident Assessment,Angul Steel Plant,1.28,0.0,LOW
20.96317,86.00733,304.98,0.65,0.73,2026-09-26,1910,N,VIIRS,n,2.0NRT,288.09,2.76,N,VIIRS_SNPP_NRT,3.830652173913042,46,0.0051056131124852,-27.949605584246047,Persistent / Stable,1,0.91,TATA Steel,1,81.77,0,99.01,0,Industrial,0,1,-27.949605584246047,0.57,0,0,1,0,70.0,1,16.890000000000043,Normal Persistent Source,0,LOW,Normal Persistent Source,100.0,0.0,0.0,0.0,0.0,0.0,100.0,0.0,Other Thermal Event,100.0,False,Confident Assessment,TATA Steel,0.91,0.0,LOW
20.97054,86.00138,301.76,0.65,0.73,2026-09-26,1910,N,VIIRS,n,2.0NRT,288.08,2.76,N,VIIRS_SNPP_NRT,3.6828571428571406,49,0.0477674998305098,-25.0581846392552,Persistent / Stable,1,0.87,TATA Steel,1,81.17,0,100.03,0,Industrial,0,1,-25.0581846392552,0.59,0,0,1,0,70.0,1,13.680000000000009,Normal Persistent Source,0,LOW,Normal Persistent Source,99.93,0.0,0.0,0.0,0.0,0.0,99.93,0.07,Other Thermal Event,99.86,False,Confident Assessment,TATA Steel,0.87,0.0,LOW
20.96992,86.01019,303.17,0.5,0.49,2026-09-26,1932,N20,VIIRS,n,2.0NRT,287.48,2.75,N,VIIRS_NOAA20_NRT,3.60509433962264,53,0.0167595849122661,-23.71905584340813,Persistent / Stable,1,0.13,TATA Steel,1,82.08,0,99.39,0,Industrial,0,1,-23.71905584340813,0.6,0,0,1,0,70.0,1,15.689999999999998,Normal Persistent Source,0,LOW,Normal Persistent Source,100.0,0.0,0.0,0.0,0.0,0.0,100.0,0.0,Other Thermal Event,100.0,False,Confident Assessment,TATA Steel,0.13,0.0,LOW
9.39037,77.61286,337.98,0.38,0.36,2026-09-26,822,N,VIIRS,n,2.0NRT,307.86,2.75,D,VIIRS_SNPP_NRT,8.175,2,0.3297046605849747,-66.36085626911316,Persistent / Reduced,1,7.44,Unnamed Industrial Feature,0,54.28,0,101.19,0,Other,4,1,-66.36085626911316,0.3,0,0,1,0,70.0,0,30.120000000000005,Agricultural Burning,0,LOW,Agricultural Burning,88.35,88.35,0.0,0.37,0.0,0.0,0.48,10.79,Other Thermal Event,77.56,False,Confident Assessment,Unnamed Industrial Feature,7.44,0.0,LOW
31.25913,76.92434,301.03,0.51,0.41,2026-09-23,2025,N20,VIIRS,n,2.0NRT,290.38,1.22,N,VIIRS_NOAA20_NRT,0.8307692307692308,13,0.0316865029963689,46.85185185185184,Persistent / Stable,1,0.87,Ambuja Cements Limited,1,297.78,0,126.79,0,Industrial,0,1,46.85185185185184,0.67,0,0,1,0,70.0,1,10.649999999999975,Normal Persistent Source,0,LOW,Normal Persistent Source,90.13,0.0,0.0,1.43,0.0,1.39,90.13,7.05,Other Thermal Event,83.08,False,Confident Assessment,Ambuja Cements Limited,0.87,0.0,LOW
28.34724,77.25582,307.81,0.46,0.39,2026-09-23,2027,N20,VIIRS,n,2.0NRT,296.98,1.43,N,VIIRS_NOAA20_NRT,1.9188888888888889,9,0.0100170371844269,-25.477707006369428,Persistent / Stable,1,1.42,Unnamed Industrial Feature,1,28.57,0,103.54,0,Industrial,0,1,-25.477707006369428,0.49,0,0,1,0,70.0,1,10.829999999999984,Normal Persistent Source,0,LOW,Normal Persistent Source,97.01,0.0,0.0,1.38,0.0,0.0,97.01,1.6,Other Thermal Event,95.41,False,Confident Assessment,Unnamed Industrial Feature,1.42,0.0,LOW
21.98416,83.23089,306.52,0.42,0.38,2026-09-23,2010,N,VIIRS,n,2.0NRT,283.37,1.42,N,VIIRS_SNPP_NRT,2.5444444444444443,9,0.0177784502982784,-44.19213973799126,Persistent / Stable,1,0.4,Unnamed Industrial Feature,1,69.81,0,82.73,0,Industrial,0,1,-44.19213973799126,0.4,0,0,1,0,70.0,1,23.149999999999977,Normal Persistent Source,0,LOW,Normal Persistent Source,100.0,0.0,0.0,0.0,0.0,0.0,100.0,0.0,Other Thermal Event,99.99,False,Confident Assessment,Unnamed Industrial Feature,0.4,0.0,LOW
26.3876,76.48326,306.45,0.63,0.54,2026-09-23,2112,N21,VIIRS,n,2.0NRT,296.25,1.3,N,VIIRS_NOAA21_NRT,0.0,0,,0.0,New / No Local History,1,29.3,Unnamed Industrial Feature,0,259.01,0,170.34,0,Cropland / Agriculture,3,0,0.0,1.3,0,0,0,1,70.0,1,10.199999999999989,Agricultural Burning,0,LOW,Agricultural Burning,99.34,99.34,0.0,0.0,0.0,0.0,0.0,0.66,Other Thermal Event,98.68,False,Confident Assessment,Unnamed Industrial Feature,29.3,0.0,LOW
27.94175,96.69084,331.35,0.53,0.42,2026-09-26,703,N20,VIIRS,n,2.0NRT,295.73,6.61,D,VIIRS_NOAA20_NRT,0.0,0,,0.0,New / No Local History,1,118.34,Unnamed Industrial Feature,0,1124.76,0,121.73,0,Forest / Woodland,2,0,0.0,6.61,0,0,0,1,70.0,0,35.620000000000005,Agricultural Burning,0,LOW,Agricultural Burning,98.44,98.44,0.06,0.0,0.0,0.0,0.0,1.5,Other Thermal Event,96.93,False,Confident Assessment,Unnamed Industrial Feature,118.34,0.0,LOW
30.96822,74.46632,330.58,0.47,0.4,2026-09-26,750,N21,VIIRS,l,2.0NRT,303.15,6.38,D,VIIRS_NOAA21_NRT,0.0,0,,0.0,New / No Local History,1,88.02,Unnamed Industrial Feature,0,379.61,0,102.4,0,Cropland / Agriculture,3,0,0.0,6.38,0,0,0,1,30.0,0,27.430000000000007,Agricultural Burning,0,LOW,Agricultural Burning,98.07,98.07,1.08,0.0,0.39,0.0,0.0,0.45,Forest / Wildfire,97.0,False,Confident Assessment,Unnamed Industrial Feature,88.02,0.0,LOW
9.07137,77.67777,342.77,0.46,0.47,2026-09-26,744,N21,VIIRS,n,2.0NRT,304.36,6.29,D,VIIRS_NOAA21_NRT,4.55,2,0.399953644141209,38.24175824175825,Persistent / Stable,1,17.73,India Cements Sankarnagar,0,81.65,0,110.51,0,Other,4,1,38.24175824175825,1.13,0,0,1,0,70.0,0,38.40999999999997,Agricultural Burning,0,LOW,Agricultural Burning,94.45,94.45,0.08,0.0,0.0,0.0,0.02,5.45,Other Thermal Event,89.0,False,Confident Assessment,India Cements Sankarnagar,17.73,0.0,LOW
25.11271,93.83827,320.55,0.4,0.37,2026-09-23,1932,N21,VIIRS,n,2.0NRT,287.46,1.46,N,VIIRS_NOAA21_NRT,0.0,0,,0.0,New / No Local History,1,28.34,Unnamed Industrial Feature,0,763.88,0,163.5,0,Forest / Woodland,2,0,0.0,1.46,0,0,0,1,70.0,1,33.09000000000003,Agricultural Burning,0,LOW,Agricultural Burning,97.23,97.23,0.0,0.0,0.0,0.0,0.02,2.75,Other Thermal Event,94.48,False,Confident Assessment,Unnamed Industrial Feature,28.34,0.0,LOW
27.6036,95.40117,303.12,0.48,0.65,2026-09-26,1834,N21,VIIRS,n,2.0NRT,287.92,1.17,N,VIIRS_NOAA21_NRT,1.202,5,0.0162103010058749,-2.662229617304495,Persistent / Stable,1,13.35,Truck Stand and Weight Bridge,0,993.16,0,32.04,0,Forest / Woodland,2,1,-2.662229617304495,0.53,0,0,1,0,70.0,1,15.199999999999989,Agricultural Burning,0,LOW,Agricultural Burning,89.84,89.84,0.0,0.05,0.0,0.07,0.32,9.72,Other Thermal Event,80.12,False,Confident Assessment,Truck Stand and Weight Bridge,13.35,0.0,LOW
22.00513,82.66653,305.38,0.42,0.61,2026-09-26,1932,N20,VIIRS,n,2.0NRT,284.58,1.17,N,VIIRS_NOAA20_NRT,1.743846153846154,13,0.0020765678121646,-32.906925452139404,Persistent / Stable,1,0.5,Prakash Industries Steel Plant,1,38.37,0,140.9,0,Industrial,0,1,-32.906925452139404,0.43,0,0,1,0,70.0,1,20.80000000000001,Normal Persistent Source,0,LOW,Normal Persistent Source,99.85,0.0,0.0,0.0,0.0,0.0,99.85,0.15,Other Thermal Event,99.71,False,Confident Assessment,Prakash Industries Steel Plant,0.5,0.0,LOW
21.88107,83.55185,306.65,0.37,0.58,2026-09-26,1932,N20,VIIRS,n,2.0NRT,286.45,1.41,N,VIIRS_NOAA20_NRT,2.69,2,0.2126721916999333,-47.58364312267658,Persistent / Stable,1,0.46,Unnamed Industrial Feature,1,81.92,0,49.26,0,Industrial,0,1,-47.58364312267658,0.38,0,0,1,0,70.0,1,20.19999999999999,Normal Persistent Source,0,LOW,Normal Persistent Source,94.74,0.3,0.0,1.48,0.0,0.31,94.74,3.17,Other Thermal Event,91.56,False,Confident Assessment,Unnamed Industrial Feature,0.46,0.0,LOW
23.67541,85.323,309.66,0.51,0.41,2026-09-26,2017,N21,VIIRS,n,2.0NRT,291.99,1.4,N,VIIRS_NOAA21_NRT,1.51,1,0.3533726003252052,-7.284768211920537,Single Historical Detection,1,4.75,Patratu Thermal Power Station,0,59.61,0,209.0,0,Other,4,1,-7.284768211920537,0.56,0,0,0,0,70.0,1,17.670000000000016,Agricultural Burning,0,LOW,Agricultural Burning,89.53,89.53,0.0,0.36,0.0,0.0,1.57,8.54,Other Thermal Event,80.99,False,Confident Assessment,Patratu Thermal Power Station,4.75,0.0,LOW
20.86552,84.99103,314.92,0.54,0.42,2026-09-26,2017,N21,VIIRS,n,2.0NRT,292.33,1.47,N,VIIRS_NOAA21_NRT,3.015394736842105,76,0.0148864406067998,-51.250163633983504,Persistent / Reduced,1,1.16,Angul Steel Plant,1,25.57,0,152.59,0,Industrial,0,1,-51.250163633983504,0.37,0,0,1,0,70.0,1,22.590000000000032,Normal Persistent Source,0,LOW,Normal Persistent Source,100.0,0.0,0.0,0.0,0.0,0.0,100.0,0.0,Other Thermal Event,99.99,False,Confident Assessment,Angul Steel Plant,1.16,0.0,LOW
14.60554,78.52158,307.22,0.38,0.36,2026-09-26,2017,N21,VIIRS,n,2.0NRT,295.16,1.45,N,VIIRS_NOAA21_NRT,1.5566666666666666,3,0.0075895093252327,-6.852248394004285,Persistent / Stable,1,136.96,TTD Transport Yard,0,182.45,0,194.32,0,Cropland / Agriculture,3,1,-6.852248394004285,0.57,0,0,1,0,70.0,1,12.060000000000002,Agricultural Burning,0,LOW,Agricultural Burning,90.83,90.83,0.0,0.05,0.0,0.04,0.26,8.82,Other Thermal Event,82.02,False,Confident Assessment,TTD Transport Yard,136.96,0.0,LOW
20.88743,84.97984,305.67,0.54,0.42,2026-09-26,2017,N21,VIIRS,n,2.0NRT,289.1,1.45,N,VIIRS_NOAA21_NRT,3.015394736842105,76,0.0097632832000536,-51.91342671379324,Persistent / Reduced,1,1.01,Unnamed Industrial Feature,1,25.9,0,149.99,0,Industrial,0,1,-51.91342671379324,0.36,0,0,1,0,70.0,1,16.569999999999993,Normal Persistent Source,0,LOW,Normal Persistent Source,100.0,0.0,0.0,0.0,0.0,0.0,100.0,0.0,Other Thermal Event,99.99,False,Confident Assessment,Unnamed Industrial Feature,1.01,0.0,LOW
20.90897,71.45854,310.87,0.33,0.55,2026-09-26,2019,N21,VIIRS,n,2.0NRT,296.3,1.45,N,VIIRS_NOAA21_NRT,1.2485714285714289,14,0.0046801343598804,16.132723112128115,Persistent / Stable,1,0.31,Unnamed Industrial Feature,1,312.96,0,123.03,0,Industrial,0,1,16.132723112128115,0.64,0,0,1,0,70.0,1,14.569999999999991,Normal Persistent Source,0,LOW,Normal Persistent Source,98.41,0.0,0.0,0.0,0.0,0.0,98.41,1.59,Other Thermal Event,96.82,False,Confident Assessment,Unnamed Industrial Feature,0.31,0.0,LOW
14.92955,78.34178,306.46,0.39,0.36,2026-09-26,2017,N21,VIIRS,n,2.0NRT,294.14,1.37,N,VIIRS_NOAA21_NRT,1.2899999999999998,2,0.0193445843770158,6.201550387596923,Persistent / Stable,1,106.0,Unnamed Industrial Feature,0,154.63,0,222.68,0,Cropland / Agriculture,3,1,6.201550387596923,0.6,0,0,1,0,70.0,1,12.319999999999991,Agricultural Burning,0,LOW,Agricultural Burning,92.34,92.34,0.0,0.05,0.0,0.0,0.3,7.31,Other Thermal Event,85.02,False,Confident Assessment,Unnamed Industrial Feature,106.0,0.0,LOW
21.87915,83.55737,305.38,0.45,0.39,2026-09-26,2017,N21,VIIRS,n,2.0NRT,291.03,1.37,N,VIIRS_NOAA21_NRT,2.69,2,0.2899698320491988,-49.07063197026022,Persistent / Stable,1,0.24,Unnamed Industrial Feature,1,82.12,0,48.7,0,Industrial,0,1,-49.07063197026022,0.37,0,0,1,0,70.0,1,14.350000000000025,Normal Persistent Source,0,LOW,Normal Persistent Source,96.11,0.17,0.0,1.48,0.0,0.31,96.11,1.93,Other Thermal Event,94.18,False,Confident Assessment,Unnamed Industrial Feature,0.24,0.0,LOW
13.73615,79.64259,331.93,0.46,0.39,2026-09-26,822,N,VIIRS,l,2.0NRT,306.16,1.37,D,VIIRS_SNPP_NRT,0.91,1,1.949055561263456,50.54945054945056,Abnormal Increase,1,32.17,TTD Transport Yard,0,93.43,0,92.64,0,Cropland / Agriculture,3,1,50.54945054945056,0.72,0,0,0,0,30.0,0,25.769999999999985,Agricultural Burning,0,LOW,Agricultural Burning,94.94,94.94,0.0,0.0,0.0,0.32,0.28,4.46,Other Thermal Event,90.48,False,Confident Assessment,TTD Transport Yard,32.17,0.0,LOW
22.31565,82.53555,305.26,0.41,0.37,2026-09-26,2017,N21,VIIRS,n,2.0NRT,288.12,1.18,N,VIIRS_NOAA21_NRT,1.89,10,0.108042642341752,-37.56613756613758,Persistent / Stable,1,2.4,S V Power Private Limited Renki,1,15.34,0,160.42,0,Other,4,1,-37.56613756613758,0.41,0,0,1,0,70.0,1,17.139999999999986,Normal Persistent Source,0,LOW,Normal Persistent Source,98.69,0.0,0.0,0.0,0.0,0.0,98.69,1.31,Other Thermal Event,97.38,False,Confident Assessment,S V Power Private Limited Renki,2.4,0.0,LOW
23.64689,85.4353,306.88,0.52,0.41,2026-09-26,2017,N21,VIIRS,n,2.0NRT,291.16,1.18,N,VIIRS_NOAA21_NRT,3.022045454545456,44,0.0103628653923693,-60.953598556065295,Persistent / Reduced,1,2.77,Unnamed Industrial Feature,0,48.98,0,208.24,0,Other,4,1,-60.953598556065295,0.29,0,0,1,0,70.0,1,15.71999999999997,Normal Persistent Source,0,LOW,Normal Persistent Source,88.83,0.21,0.0,0.35,0.0,0.02,88.83,10.59,Other Thermal Event,78.24,False,Confident Assessment,Unnamed Industrial Feature,2.77,0.0,LOW
24.19677,82.717,313.1,0.4,0.37,2026-09-26,2017,N21,VIIRS,n,2.0NRT,283.96,1.18,N,VIIRS_NOAA21_NRT,1.1085714285714283,7,0.2455076410205862,6.4432989690721625,Persistent / Stable,1,5.81,NTPC Singrauli Thermal Power,0,5.79,0,157.83,0,Cropland / Agriculture,3,1,6.4432989690721625,0.56,0,0,1,0,70.0,1,29.140000000000043,Mining Activity,0,LOW,Mining Activity,81.9,0.81,0.0,0.0,0.0,81.9,3.44,13.86,Other Thermal Event,68.04,False,Confident Assessment,NTPC Singrauli Thermal Power,5.81,0.0,LOW
24.19742,82.71313,299.91,0.4,0.37,2026-09-26,2017,N21,VIIRS,n,2.0NRT,282.84,1.18,N,VIIRS_NOAA21_NRT,1.1085714285714283,7,0.147124453519376,6.4432989690721625,Persistent / Stable,1,5.42,NTPC Singrauli Thermal Power,0,5.4,0,157.57,0,Cropland / Agriculture,3,1,6.4432989690721625,0.56,0,0,1,0,70.0,1,17.07000000000005,Mining Activity,0,LOW,Mining Activity,85.77,0.27,0.0,0.0,0.0,85.77,3.02,10.94,Other Thermal Event,74.84,False,Confident Assessment,NTPC Singrauli Thermal Power,5.42,0.0,LOW
19.10101,73.05141,300.04,0.42,0.45,2026-09-26,2114,N20,VIIRS,n,2.0NRT,283.79,1.18,N,VIIRS_NOAA20_NRT,0.0,0,,0.0,New / No Local History,1,20.05,Bhiwandi Textile Industrial Area,0,573.24,0,18.86,0,Forest / Woodland,2,0,0.0,1.18,0,0,0,1,70.0,1,16.25,Agricultural Burning,0,LOW,Agricultural Burning,98.1,98.1,0.0,0.0,0.0,0.0,0.26,1.64,Other Thermal Event,96.46,False,Confident Assessment,Bhiwandi Textile Industrial Area,20.05,0.0,LOW
21.96539,83.77238,307.77,0.45,0.39,2026-09-26,2017,N21,VIIRS,n,2.0NRT,293.04,1.36,N,VIIRS_NOAA21_NRT,1.675,4,0.015274646727701,-18.805970149253728,Persistent / Stable,1,9.5,Hemgir Coal Washery,0,104.43,0,27.25,0,Other,4,1,-18.805970149253728,0.51,0,0,1,0,70.0,1,14.72999999999996,Agricultural Burning,0,LOW,Agricultural Burning,83.99,83.99,0.0,0.0,0.0,0.02,1.2,14.78,Other Thermal Event,69.21,False,Confident Assessment,Hemgir Coal Washery,9.5,0.0,LOW
10.08131,77.55166,333.71,0.38,0.36,2026-09-26,822,N,VIIRS,l,2.0NRT,307.51,1.36,D,VIIRS_SNPP_NRT,0.0,0,,0.0,New / No Local History,1,47.44,Kannan Devan Tea Factory,0,67.22,0,117.14,0,Cropland / Agriculture,3,0,0.0,1.36,0,0,0,1,30.0,0,26.19999999999999,Agricultural Burning,0,LOW,Agricultural Burning,97.94,97.94,0.46,0.0,0.0,0.0,0.25,1.35,Other Thermal Event,96.59,False,Confident Assessment,Kannan Devan Tea Factory,47.44,0.0,LOW
22.3647,87.2979,303.27,0.56,0.69,2026-09-26,1910,N,VIIRS,n,2.0NRT,291.44,1.36,N,VIIRS_SNPP_NRT,3.407282608695653,92,0.0207427147625168,-60.08549462468499,Persistent / Reduced,1,1.45,Unnamed Industrial Feature,1,175.6,0,86.89,0,Industrial,0,1,-60.08549462468499,0.31,0,0,1,0,70.0,1,11.829999999999984,Normal Persistent Source,0,LOW,Normal Persistent Source,97.27,0.0,0.0,1.09,0.0,0.9,97.27,0.74,Gas Flare,96.18,False,Confident Assessment,Unnamed Industrial Feature,1.45,0.0,LOW
10.66213,77.46487,316.41,0.39,0.36,2026-09-26,2019,N21,VIIRS,n,2.0NRT,292.81,1.35,N,VIIRS_NOAA21_NRT,0.0,0,,0.0,New / No Local History,1,46.31,Unnamed Industrial Feature,0,121.57,0,58.39,0,Cropland / Agriculture,3,0,0.0,1.35,0,0,0,1,70.0,1,23.600000000000023,Agricultural Burning,0,LOW,Agricultural Burning,98.97,98.97,0.35,0.0,0.0,0.0,0.03,0.64,Other Thermal Event,98.33,False,Confident Assessment,Unnamed Industrial Feature,46.31,0.0,LOW
23.71299,86.45226,308.15,0.51,0.49,2026-09-26,1932,N20,VIIRS,n,2.0NRT,289.46,1.38,N,VIIRS_NOAA20_NRT,2.52457627118644,59,0.0027170046140421,-45.337361530715,Persistent / Stable,1,5.4,SAIL Chasnalla ADM Building,0,4.45,1,195.15,0,Other,4,1,-45.337361530715,0.39,0,0,1,0,70.0,1,18.69,Mining Activity,0,LOW,Mining Activity,99.58,0.0,0.0,0.0,0.02,99.58,0.04,0.36,Other Thermal Event,99.22,False,Confident Assessment,SAIL Chasnalla ADM Building,5.4,0.0,LOW
23.71354,86.44724,303.09,0.51,0.49,2026-09-26,1932,N20,VIIRS,n,2.0NRT,289.33,1.38,N,VIIRS_NOAA20_NRT,2.5038571428571417,70,0.0105551691919708,-44.88503451817194,Persistent / Stable,1,5.42,SAIL Chasnalla ADM Building,0,4.04,1,194.98,0,Other,4,1,-44.88503451817194,0.39,0,0,1,0,70.0,1,13.759999999999993,Mining Activity,0,LOW,Mining Activity,97.35,0.0,0.0,0.0,0.02,97.35,0.39,2.24,Other Thermal Event,95.11,False,Confident Assessment,SAIL Chasnalla ADM Building,5.42,0.0,LOW
21.43411,72.9743,308.49,0.57,0.43,2026-09-26,2114,N20,VIIRS,n,2.0NRT,294.65,1.38,N,VIIRS_NOAA20_NRT,1.704,5,0.04664446937593,-19.01408450704226,Persistent / Stable,1,10.31,SUGEN Mega Power Plant,0,333.74,0,21.6,0,Other,4,1,-19.01408450704226,0.51,0,0,1,0,70.0,1,13.840000000000032,Agricultural Burning,0,LOW,Agricultural Burning,80.8,80.8,0.0,0.0,0.0,0.02,3.89,15.29,Other Thermal Event,65.51,False,Confident Assessment,SUGEN Mega Power Plant,10.31,0.0,LOW
23.16978,70.21759,306.96,0.41,0.37,2026-09-26,2114,N20,VIIRS,n,2.0NRT,296.92,1.38,N,VIIRS_NOAA20_NRT,0.0,0,,0.0,New / No Local History,1,4.14,Unnamed Industrial Feature,0,49.48,0,78.77,0,Other,4,0,0.0,1.38,0,0,0,1,70.0,1,10.039999999999964,Agricultural Burning,0,LOW,Agricultural Burning,87.39,87.39,0.0,0.14,0.0,0.0,1.76,10.7,Other Thermal Event,76.69,False,Confident Assessment,Unnamed Industrial Feature,4.14,0.0,LOW
11.65005,79.12338,349.0,0.42,0.37,2026-09-26,822,N,VIIRS,n,2.0NRT,310.81,6.85,D,VIIRS_SNPP_NRT,4.74,1,0.5565054878393094,44.51476793248944,Single Historical Detection,1,33.9,Ramco Cements,0,70.96,0,125.82,0,Cropland / Agriculture,3,1,44.51476793248944,1.19,0,0,0,0,70.0,0,38.19,Agricultural Burning,0,LOW,Agricultural Burning,96.87,96.87,0.66,0.0,0.0,0.0,0.02,2.46,Other Thermal Event,94.41,False,Confident Assessment,Ramco Cements,33.9,0.0,LOW
26.64386,79.47805,306.33,0.49,0.49,2026-09-23,2008,N,VIIRS,n,2.0NRT,287.46,0.73,N,VIIRS_SNPP_NRT,1.842,5,0.0269818785180742,-60.36916395222583,Persistent / Reduced,1,78.6,Unnamed Industrial Feature,0,305.53,0,202.04,0,Cropland / Agriculture,3,1,-60.36916395222583,0.26,0,0,1,0,70.0,1,18.870000000000005,Agricultural Burning,0,LOW,Agricultural Burning,89.21,89.21,0.0,0.05,0.0,0.06,0.25,10.42,Other Thermal Event,78.79,False,Confident Assessment,Unnamed Industrial Feature,78.6,0.0,LOW
19.10064,74.18387,345.84,0.39,0.36,2026-09-26,824,N,VIIRS,n,2.0NRT,302.26,7.57,D,VIIRS_SNPP_NRT,0.0,0,,0.0,New / No Local History,1,64.71,Unnamed Industrial Feature,0,522.04,0,126.05,0,Forest / Woodland,2,0,0.0,7.57,0,0,0,1,70.0,0,43.579999999999984,Agricultural Burning,0,LOW,Agricultural Burning,98.85,98.85,0.06,0.0,0.0,0.0,0.0,1.09,Other Thermal Event,97.75,False,Confident Assessment,Unnamed Industrial Feature,64.71,0.0,LOW
19.10397,74.18328,330.41,0.39,0.36,2026-09-26,824,N,VIIRS,n,2.0NRT,299.48,7.57,D,VIIRS_SNPP_NRT,0.0,0,,0.0,New / No Local History,1,65.08,Unnamed Industrial Feature,0,522.4,0,126.06,0,Forest / Woodland,2,0,0.0,7.57,0,0,0,1,70.0,0,30.930000000000007,Agricultural Burning,0,LOW,Agricultural Burning,99.26,99.26,0.06,0.0,0.0,0.0,0.0,0.68,Other Thermal Event,98.57,False,Confident Assessment,Unnamed Industrial Feature,65.08,0.0,LOW
27.94946,96.68729,338.72,0.52,0.5,2026-09-26,608,N21,VIIRS,n,2.0NRT,296.09,7.09,D,VIIRS_NOAA21_NRT,0.0,0,,0.0,New / No Local History,1,118.58,Unnamed Industrial Feature,0,1124.76,0,121.87,0,Forest / Woodland,2,0,0.0,7.09,0,0,0,1,70.0,0,42.63000000000005,Agricultural Burning,0,LOW,Agricultural Burning,98.49,98.49,0.06,0.0,0.0,0.0,0.0,1.45,Other Thermal Event,97.04,False,Confident Assessment,Unnamed Industrial Feature,118.58,0.0,LOW
27.94985,96.68356,333.45,0.52,0.5,2026-09-26,608,N21,VIIRS,n,2.0NRT,295.37,7.08,D,VIIRS_NOAA21_NRT,0.0,0,,0.0,New / No Local History,1,118.32,Unnamed Industrial Feature,0,1124.44,0,121.57,0,Forest / Woodland,2,0,0.0,7.08,0,0,0,1,70.0,0,38.079999999999984,Agricultural Burning,0,LOW,Agricultural Burning,98.6,98.6,0.06,0.0,0.0,0.0,0.0,1.34,Other Thermal Event,97.25,False,Confident Assessment,Unnamed Industrial Feature,118.32,0.0,LOW
9.792,78.54704,334.23,0.39,0.44,2026-09-26,744,N21,VIIRS,l,2.0NRT,305.92,1.31,D,VIIRS_NOAA21_NRT,0.0,0,,0.0,New / No Local History,1,50.43,Tourist bus parking,0,152.33,0,178.67,0,Other,4,0,0.0,1.31,0,0,0,1,30.0,0,28.31,Agricultural Burning,0,LOW,Agricultural Burning,97.97,97.97,0.06,0.0,0.0,0.0,0.25,1.72,Other Thermal Event,96.24,False,Confident Assessment,Tourist bus parking,50.43,0.0,LOW
22.50838,75.5974,330.51,0.39,0.36,2026-09-26,826,N,VIIRS,l,2.0NRT,302.0,1.37,D,VIIRS_SNPP_NRT,0.0,0,,0.0,New / No Local History,1,16.12,Pithampur Industrial Area,0,278.51,0,249.39,0,Other,4,0,0.0,1.37,0,0,0,1,30.0,0,28.50999999999999,Agricultural Burning,0,LOW,Agricultural Burning,95.84,95.84,1.74,0.0,0.0,0.0,0.39,2.03,Other Thermal Event,93.82,False,Confident Assessment,Pithampur Industrial Area,16.12,0.0,LOW
21.92299,83.34599,299.94,0.38,0.59,2026-09-26,1932,N20,VIIRS,n,2.0NRT,276.01,1.07,N,VIIRS_NOAA20_NRT,2.8140740740740737,27,0.0182318391522421,-61.976836009476166,Persistent / Reduced,1,0.54,Jindal Steel Works,1,74.2,0,70.44,0,Industrial,0,1,-61.976836009476166,0.28,0,0,1,0,70.0,1,23.930000000000007,Normal Persistent Source,0,LOW,Normal Persistent Source,99.93,0.0,0.0,0.0,0.0,0.0,99.93,0.07,Other Thermal Event,99.85,False,Confident Assessment,Jindal Steel Works,0.54,0.0,LOW
23.98905,79.39094,305.44,0.4,0.37,2026-09-26,2017,N21,VIIRS,n,2.0NRT,293.15,1.03,N,VIIRS_NOAA21_NRT,0.8,1,0.0152844185585482,28.75,Single Historical Detection,1,159.36,Unnamed Industrial Feature,0,332.65,0,302.19,0,Other,4,1,28.75,0.57,0,0,0,0,70.0,1,12.29000000000002,Agricultural Burning,0,LOW,Agricultural Burning,95.83,95.83,1.01,0.0,0.0,0.0,0.04,3.13,Other Thermal Event,92.7,False,Confident Assessment,Unnamed Industrial Feature,159.36,0.0,LOW
27.66863,76.13572,305.96,0.38,0.36,2026-09-26,2053,N,VIIRS,n,2.0NRT,293.54,1.03,N,VIIRS_SNPP_NRT,0.925,2,0.0670517229571896,11.351351351351362,Persistent / Stable,1,40.13,Unnamed Industrial Feature,0,154.3,0,152.84,0,Cropland / Agriculture,3,1,11.351351351351362,0.54,0,0,1,0,70.0,1,12.41999999999996,Agricultural Burning,0,LOW,Agricultural Burning,94.23,94.23,0.0,0.05,0.0,0.0,0.2,5.52,Other Thermal Event,88.71,False,Confident Assessment,Unnamed Industrial Feature,40.13,0.0,LOW
21.96866,85.31168,302.5,0.54,0.42,2026-09-26,2017,N21,VIIRS,n,2.0NRT,291.12,1.02,N,VIIRS_NOAA21_NRT,0.845,2,0.0464142321178769,20.71005917159764,Persistent / Stable,1,9.93,Kalta Mines Office,0,9.93,0,132.35,0,Other,4,1,20.71005917159764,0.55,0,0,1,0,70.0,1,11.379999999999995,Agricultural Burning,0,LOW,Agricultural Burning,81.02,81.02,0.0,0.0,0.0,0.0,0.83,18.15,Other Thermal Event,62.87,False,Confident Assessment,Kalta Mines Office,9.93,0.0,LOW
27.79246,96.19465,306.7,0.56,0.43,2026-09-26,1910,N,VIIRS,n,2.0NRT,290.79,1.55,N,VIIRS_SNPP_NRT,0.0,0,,0.0,New / No Local History,1,71.33,Unnamed Industrial Feature,0,1073.33,0,72.11,0,Forest / Woodland,2,0,0.0,1.55,0,0,0,1,70.0,1,15.909999999999968,Agricultural Burning,0,LOW,Agricultural Burning,97.41,97.41,0.0,0.0,0.0,0.0,0.03,2.56,Other Thermal Event,94.85,False,Confident Assessment,Unnamed Industrial Feature,71.33,0.0,LOW
17.06254,76.97921,312.23,0.43,0.38,2026-09-26,2017,N21,VIIRS,n,2.0NRT,293.93,1.54,N,VIIRS_NOAA21_NRT,0.8862500000000001,8,0.0244586148666394,73.76586741889984,Abnormal Increase,1,0.26,ACC Cement,1,212.76,0,189.48,0,Industrial,0,1,73.76586741889984,0.82,0,0,1,0,70.0,1,18.30000000000001,Normal Persistent Source,10,LOW,Normal Persistent Source,96.17,0.0,0.0,0.25,0.0,0.71,96.17,2.86,Other Thermal Event,93.31,False,Confident Assessment,ACC Cement,0.26,0.0,LOW
23.68106,86.39149,303.57,0.45,0.63,2026-09-26,2055,N,VIIRS,n,2.0NRT,286.14,1.59,N,VIIRS_SNPP_NRT,3.0147826086956515,92,0.023913227451581,-47.25987885780212,Persistent / Stable,1,4.02,SAIL Parbatpur Colliery,0,4.02,1,197.49,0,Other,4,1,-47.25987885780212,0.4,0,0,1,0,70.0,1,17.430000000000007,Mining Activity,0,LOW,Mining Activity,99.91,0.0,0.0,0.0,0.02,99.91,0.04,0.03,Normal Persistent Source,99.87,False,Confident Assessment,SAIL Parbatpur Colliery,4.02,0.0,LOW
23.68678,86.39294,307.15,0.45,0.63,2026-09-26,2055,N,VIIRS,n,2.0NRT,286.5,1.59,N,VIIRS_SNPP_NRT,3.0147826086956515,92,0.0108161363532308,-47.25987885780212,Persistent / Stable,1,4.19,SAIL Parbatpur Colliery,0,4.19,1,196.89,0,Other,4,1,-47.25987885780212,0.4,0,0,1,0,70.0,1,20.649999999999977,Mining Activity,0,LOW,Mining Activity,99.91,0.0,0.0,0.0,0.02,99.91,0.04,0.03,Normal Persistent Source,99.87,False,Confident Assessment,SAIL Parbatpur Colliery,4.19,0.0,LOW
23.77962,86.34531,307.4,0.38,0.43,2026-09-26,2017,N21,VIIRS,n,2.0NRT,290.85,1.24,N,VIIRS_NOAA21_NRT,2.223544303797469,79,0.0254457897581265,-44.233177729705126,Persistent / Stable,1,2.87,Unnamed Industrial Feature,0,8.79,0,185.91,0,Other,4,1,-44.233177729705126,0.38,0,0,1,0,70.0,1,16.549999999999955,Normal Persistent Source,0,LOW,Normal Persistent Source,85.22,0.09,0.0,0.0,0.0,0.64,85.22,14.05,Other Thermal Event,71.17,False,Confident Assessment,Unnamed Industrial Feature,2.87,0.0,LOW
23.78792,85.55197,315.2,0.4,0.6,2026-09-26,2055,N,VIIRS,n,2.0NRT,288.68,1.24,N,VIIRS_SNPP_NRT,1.903333333333333,21,0.0306687587746129,-34.85113835376533,Persistent / Stable,1,1.0,Unnamed Industrial Feature,1,35.93,0,189.82,0,Industrial,0,1,-34.85113835376533,0.43,0,0,1,0,70.0,1,26.519999999999985,Normal Persistent Source,0,LOW,Normal Persistent Source,99.99,0.0,0.0,0.0,0.0,0.0,99.99,0.01,Other Thermal Event,99.99,False,Confident Assessment,Unnamed Industrial Feature,1.0,0.0,LOW
10.58481,77.37036,316.56,0.39,0.36,2026-09-26,2019,N21,VIIRS,n,2.0NRT,293.34,1.23,N,VIIRS_NOAA21_NRT,0.0,0,,0.0,New / No Local History,1,51.13,Unnamed Industrial Feature,0,110.8,0,58.52,0,Cropland / Agriculture,3,0,0.0,1.23,0,0,0,1,70.0,1,23.220000000000027,Agricultural Burning,0,LOW,Agricultural Burning,99.2,99.2,0.35,0.0,0.0,0.0,0.03,0.42,Other Thermal Event,98.78,False,Confident Assessment,Unnamed Industrial Feature,51.13,0.0,LOW
15.33302,76.24789,310.49,0.44,0.38,2026-09-26,2017,N21,VIIRS,n,2.0NRT,292.14,1.22,N,VIIRS_NOAA21_NRT,1.1133333333333335,3,0.0975857153970598,9.580838323353271,Persistent / Stable,1,31.96,APMC,0,50.71,0,259.41,0,Forest / Woodland,2,1,9.580838323353271,0.58,0,0,1,0,70.0,1,18.350000000000023,Agricultural Burning,0,LOW,Agricultural Burning,91.68,91.68,0.0,0.05,0.0,0.02,0.35,7.89,Other Thermal Event,83.79,False,Confident Assessment,APMC,31.96,0.0,LOW
21.92939,85.22344,302.93,0.53,0.42,2026-09-26,2017,N21,VIIRS,n,2.0NRT,291.46,1.27,N,VIIRS_NOAA21_NRT,1.847058823529412,17,0.0539833296888983,-31.24203821656052,Persistent / Stable,1,4.16,Kalta Mines Office,0,4.16,1,123.11,0,Other,4,1,-31.24203821656052,0.45,0,0,1,0,70.0,1,11.470000000000027,Mining Activity,0,LOW,Mining Activity,97.13,0.07,0.0,0.22,0.02,97.13,1.84,0.73,Normal Persistent Source,95.29,False,Confident Assessment,Kalta Mines Office,4.16,0.0,LOW
21.85849,83.9666,309.1,0.46,0.39,2026-09-26,2017,N21,VIIRS,n,2.0NRT,293.33,1.25,N,VIIRS_NOAA21_NRT,2.225,2,0.0279818302394626,-43.82022471910113,Persistent / Stable,1,0.14,MSP Steel,1,113.13,0,8.26,0,Industrial,0,1,-43.82022471910113,0.39,0,0,1,0,70.0,1,15.77000000000004,Normal Persistent Source,0,LOW,Normal Persistent Source,96.17,0.0,0.0,0.69,0.0,0.0,96.17,3.14,Other Thermal Event,93.03,False,Confident Assessment,MSP Steel,0.14,0.0,LOW
23.77891,86.34898,303.78,0.38,0.43,2026-09-26,2017,N21,VIIRS,n,2.0NRT,290.33,1.24,N,VIIRS_NOAA21_NRT,2.207534246575343,73,0.0364355729258984,-43.82873099596651,Persistent / Stable,1,3.22,Unnamed Industrial Feature,0,8.42,0,186.05,0,Other,4,1,-43.82873099596651,0.39,0,0,1,0,70.0,1,13.449999999999989,Normal Persistent Source,0,LOW,Normal Persistent Source,84.21,0.06,0.0,0.0,0.0,0.64,84.21,15.09,Other Thermal Event,69.12,False,Confident Assessment,Unnamed Industrial Feature,3.22,0.0,LOW
21.92262,83.34971,313.39,0.38,0.59,2026-09-26,1932,N20,VIIRS,n,2.0NRT,277.18,1.07,N,VIIRS_NOAA20_NRT,2.8140740740740737,27,0.0277781119421722,-61.976836009476166,Persistent / Reduced,1,0.58,Jindal Steel Works,1,74.32,0,70.05,0,Industrial,0,1,-61.976836009476166,0.28,0,0,1,0,70.0,1,36.20999999999998,Normal Persistent Source,0,LOW,Normal Persistent Source,99.93,0.0,0.0,0.0,0.0,0.0,99.93,0.07,Other Thermal Event,99.85,False,Confident Assessment,Jindal Steel Works,0.58,0.0,LOW
24.19605,82.71663,301.67,0.52,0.5,2026-09-26,2055,N,VIIRS,n,2.0NRT,278.41,1.31,N,VIIRS_SNPP_NRT,1.1085714285714283,7,0.208033179296444,18.17010309278352,Persistent / Stable,1,5.77,NTPC Singrauli Thermal Power,0,5.76,0,157.88,0,Cropland / Agriculture,3,1,18.17010309278352,0.62,0,0,1,0,70.0,1,23.25999999999999,Mining Activity,0,LOW,Mining Activity,84.25,0.6,0.0,0.0,0.0,84.25,3.24,11.9,Other Thermal Event,72.35,False,Confident Assessment,NTPC Singrauli Thermal Power,5.77,0.0,LOW
22.39928,69.01945,301.69,0.5,0.65,2026-09-26,2017,N21,VIIRS,n,2.0NRT,290.25,1.3,N,VIIRS_NOAA21_NRT,2.084,5,0.1583215135238787,-37.61996161228407,Persistent / Stable,1,0.11,TATA Chemicals,1,117.95,0,71.94,0,Industrial,0,1,-37.61996161228407,0.42,0,0,1,0,70.0,1,11.439999999999998,Normal Persistent Source,0,LOW,Normal Persistent Source,96.75,0.0,0.0,0.7,0.0,0.0,96.75,2.55,Other Thermal Event,94.21,False,Confident Assessment,TATA Chemicals,0.11,0.0,LOW
16.87226,80.02086,307.43,0.48,0.48,2026-09-26,2053,N,VIIRS,n,2.0NRT,293.68,1.3,N,VIIRS_SNPP_NRT,1.9516666666666664,6,0.0090157071219763,-33.390264730999135,Persistent / Stable,1,0.21,UltraTech Cement Ltd Factory,1,351.66,0,129.92,0,Industrial,0,1,-33.390264730999135,0.44,0,0,1,0,70.0,1,13.75,Normal Persistent Source,0,LOW,Normal Persistent Source,98.65,0.0,0.0,0.33,0.0,0.0,98.65,1.02,Other Thermal Event,97.63,False,Confident Assessment,UltraTech Cement Ltd Factory,0.21,0.0,LOW
23.56219,87.23091,303.97,0.45,0.47,2026-09-26,1932,N20,VIIRS,n,2.0NRT,292.06,1.35,N,VIIRS_NOAA20_NRT,2.9255263157894738,38,0.1528881678037074,-53.854457137717006,Persistent / Reduced,1,2.7,Durgapur Steel Thermal Power Station,0,84.93,0,190.74,0,Other,4,1,-53.854457137717006,0.34,0,0,1,0,70.0,1,11.910000000000023,Normal Persistent Source,0,LOW,Normal Persistent Source,89.27,0.17,0.0,0.74,0.0,0.02,89.27,9.8,Other Thermal Event,79.47,False,Confident Assessment,Durgapur Steel Thermal Power Station,2.7,0.0,LOW
10.33635,78.41594,331.75,0.39,0.36,2026-09-26,822,N,VIIRS,l,2.0NRT,305.71,1.35,D,VIIRS_SNPP_NRT,0.0,0,,0.0,New / No Local History,1,46.25,Chicken shop,0,158.69,0,163.39,0,Cropland / Agriculture,3,0,0.0,1.35,0,0,0,1,30.0,0,26.04000000000002,Agricultural Burning,0,LOW,Agricultural Burning,98.04,98.04,0.46,0.0,0.0,0.0,0.65,0.85,Other Thermal Event,97.19,False,Confident Assessment,Chicken shop,46.25,0.0,LOW
23.7792,86.38734,303.84,0.66,0.73,2026-09-26,1910,N,VIIRS,n,2.0NRT,285.02,1.35,N,VIIRS_SNPP_NRT,2.2141333333333333,150,0.0064539094268866,-39.02806214621221,Persistent / Stable,1,4.68,Unnamed Industrial Feature,0,4.75,1,186.67,0,Other,4,1,-39.02806214621221,0.42,0,0,1,0,70.0,1,18.819999999999997,Mining Activity,0,LOW,Mining Activity,99.76,0.0,0.0,0.0,0.02,99.76,0.14,0.08,Normal Persistent Source,99.63,False,Confident Assessment,Unnamed Industrial Feature,4.68,0.0,LOW
23.648,85.43565,303.51,0.39,0.59,2026-09-26,2055,N,VIIRS,n,2.0NRT,287.07,1.2,N,VIIRS_SNPP_NRT,3.022045454545456,44,0.009523532656336,-60.291795141761305,Persistent / Reduced,1,2.73,Unnamed Industrial Feature,0,48.92,0,208.12,0,Other,4,1,-60.291795141761305,0.3,0,0,1,0,70.0,1,16.439999999999998,Normal Persistent Source,0,LOW,Normal Persistent Source,90.97,0.21,0.0,0.0,0.0,0.02,90.97,8.8,Other Thermal Event,82.18,False,Confident Assessment,Unnamed Industrial Feature,2.73,0.0,LOW
27.37687,95.08773,304.65,0.38,0.36,2026-09-26,1930,N20,VIIRS,n,2.0NRT,291.52,1.19,N,VIIRS_NOAA20_NRT,2.12,7,0.0306813040532707,-43.86792452830189,Persistent / Stable,1,0.5,Unnamed Industrial Feature,1,954.85,0,52.51,0,Industrial,0,1,-43.86792452830189,0.38,0,0,1,0,70.0,1,13.129999999999995,Normal Persistent Source,0,LOW,Normal Persistent Source,96.85,0.0,0.0,1.82,0.0,0.0,96.85,1.33,Gas Flare,95.02,False,Confident Assessment,Unnamed Industrial Feature,0.5,0.0,LOW
23.71375,86.42519,297.42,0.65,0.73,2026-09-26,1910,N,VIIRS,n,2.0NRT,285.97,1.45,N,VIIRS_SNPP_NRT,2.3722222222222222,63,0.0379572476717492,-38.87587822014052,Persistent / Stable,1,5.83,SAIL Chasnalla ADM Building,0,2.97,1,194.52,0,Mining,1,1,-38.87587822014052,0.43,0,0,1,0,70.0,1,11.449999999999989,Mining Activity,0,LOW,Mining Activity,97.96,0.0,0.0,0.0,0.02,97.96,0.38,1.64,Other Thermal Event,96.32,False,Confident Assessment,SAIL Chasnalla ADM Building,5.83,0.0,LOW
23.72104,86.41927,296.09,0.66,0.73,2026-09-26,1910,N,VIIRS,n,2.0NRT,285.1,1.45,N,VIIRS_SNPP_NRT,2.422142857142856,56,0.0593338543643288,-40.13565319964609,Persistent / Stable,1,6.81,SAIL Chasnalla ADM Building,0,2.11,1,193.62,0,Mining,1,1,-40.13565319964609,0.42,0,0,1,0,70.0,1,10.989999999999952,Mining Activity,0,LOW,Mining Activity,86.02,0.0,0.0,0.0,0.02,86.02,0.43,13.54,Other Thermal Event,72.48,False,Confident Assessment,SAIL Chasnalla ADM Building,6.81,0.0,LOW
20.88649,84.98495,306.83,0.54,0.42,2026-09-26,2017,N21,VIIRS,n,2.0NRT,290.28,1.44,N,VIIRS_NOAA21_NRT,3.015394736842105,76,0.0271143814651361,-52.24505825369812,Persistent / Reduced,1,1.26,Angul Steel Plant,1,25.41,0,150.41,0,Industrial,0,1,-52.24505825369812,0.36,0,0,1,0,70.0,1,16.55000000000001,Normal Persistent Source,0,LOW,Normal Persistent Source,100.0,0.0,0.0,0.0,0.0,0.0,100.0,0.0,Other Thermal Event,99.99,False,Confident Assessment,Angul Steel Plant,1.26,0.0,LOW
14.58633,78.58125,304.97,0.43,0.46,2026-09-26,2055,N,VIIRS,n,2.0NRT,292.25,1.51,N,VIIRS_SNPP_NRT,0.0,0,,0.0,New / No Local History,1,131.19,TTD Transport Yard,0,189.22,0,194.87,0,Cropland / Agriculture,3,0,0.0,1.51,0,0,0,1,70.0,1,12.720000000000027,Agricultural Burning,0,LOW,Agricultural Burning,99.05,99.05,0.0,0.0,0.0,0.0,0.02,0.94,Other Thermal Event,98.11,False,Confident Assessment,TTD Transport Yard,131.19,0.0,LOW
35.67929,73.65987,296.85,0.4,0.37,2026-09-26,2110,N20,VIIRS,n,2.0NRT,282.44,1.49,N,VIIRS_NOAA20_NRT,8.0,1,0.3669547105883075,-81.375,Single Historical Detection,1,405.19,Kathua Industrial Area,0,858.29,0,625.82,0,Other,4,1,-81.375,0.17,0,0,0,0,70.0,1,14.410000000000023,Agricultural Burning,0,LOW,Agricultural Burning,88.88,88.88,1.01,0.36,0.0,0.0,0.13,9.63,Other Thermal Event,79.25,False,Confident Assessment,Kathua Industrial Area,405.19,0.0,LOW
35.68265,73.66057,327.35,0.4,0.37,2026-09-26,2110,N20,VIIRS,n,2.0NRT,282.6,1.49,N,VIIRS_NOAA20_NRT,4.306666666666667,3,0.3034705201828842,-65.40247678018576,Persistent / Reduced,1,405.49,Kathua Industrial Area,0,858.61,0,626.17,0,Other,4,1,-65.40247678018576,0.28,0,0,1,0,70.0,1,44.75,Agricultural Burning,0,LOW,Agricultural Burning,82.09,82.09,0.0,3.74,0.0,0.06,2.93,11.19,Other Thermal Event,70.9,False,Confident Assessment,Kathua Industrial Area,405.49,0.0,LOW
20.8617,84.99025,304.82,0.54,0.42,2026-09-26,2017,N21,VIIRS,n,2.0NRT,291.13,1.47,N,VIIRS_NOAA21_NRT,3.015394736842105,76,0.0124881787217794,-51.250163633983504,Persistent / Reduced,1,1.55,Angul Steel Plant,1,25.81,0,152.86,0,Industrial,0,1,-51.250163633983504,0.37,0,0,1,0,70.0,1,13.689999999999998,Normal Persistent Source,0,LOW,Normal Persistent Source,99.66,0.0,0.0,0.32,0.0,0.0,99.66,0.02,Gas Flare,99.34,False,Confident Assessment,Angul Steel Plant,1.55,0.0,LOW
20.86456,84.99622,306.18,0.54,0.42,2026-09-26,2017,N21,VIIRS,n,2.0NRT,291.57,1.47,N,VIIRS_NOAA21_NRT,3.038266666666666,75,0.0559244978157007,-51.617150129459766,Persistent / Reduced,1,1.52,Angul Steel Plant,1,25.11,0,153.02,0,Industrial,0,1,-51.617150129459766,0.36,0,0,1,0,70.0,1,14.610000000000014,Normal Persistent Source,0,LOW,Normal Persistent Source,99.98,0.0,0.0,0.0,0.0,0.0,99.98,0.02,Other Thermal Event,99.97,False,Confident Assessment,Angul Steel Plant,1.52,0.0,LOW
22.08718,83.11447,307.48,0.43,0.38,2026-09-26,2017,N21,VIIRS,n,2.0NRT,287.71,0.89,N,VIIRS_NOAA21_NRT,1.335,2,0.5203278696269465,-33.33333333333333,Persistent / Stable,1,12.35,Binjkote Power Station,0,53.43,0,96.38,0,Forest / Woodland,2,1,-33.33333333333333,0.38,0,0,1,0,70.0,1,19.77000000000004,Agricultural Burning,0,LOW,Agricultural Burning,90.83,90.83,0.0,0.15,0.0,0.02,0.39,8.61,Other Thermal Event,82.22,False,Confident Assessment,Binjkote Power Station,12.35,0.0,LOW
16.64956,74.3152,301.82,0.56,0.52,2026-09-26,2114,N20,VIIRS,n,2.0NRT,287.85,0.88,N,VIIRS_NOAA20_NRT,1.16,3,0.0054613001309211,-24.137931034482754,Persistent / Stable,1,2.65,Unnamed Industrial Feature,0,285.26,0,286.2,0,Other,4,1,-24.137931034482754,0.41,0,0,1,0,70.0,1,13.96999999999997,Normal Persistent Source,0,LOW,Normal Persistent Source,76.95,9.25,0.0,0.0,0.0,0.02,76.95,13.78,Other Thermal Event,63.17,False,Confident Assessment,Unnamed Industrial Feature,2.65,0.0,LOW
21.75668,83.81921,304.0,0.46,0.39,2026-09-26,2017,N21,VIIRS,n,2.0NRT,292.45,0.86,N,VIIRS_NOAA21_NRT,2.85,3,0.110556590688842,-69.82456140350878,Persistent / Reduced,1,5.21,Coal India MCL Ib Valley,0,94.25,0,27.22,0,Other,4,1,-69.82456140350878,0.22,0,0,1,0,70.0,1,11.550000000000011,Agricultural Burning,0,LOW,Agricultural Burning,72.84,72.84,0.0,0.0,0.0,0.0,3.82,23.35,Other Thermal Event,49.49,False,Confident Assessment,Coal India MCL Ib Valley,5.21,0.0,LOW
22.00351,82.67242,308.16,0.41,0.37,2026-09-26,2017,N21,VIIRS,n,2.0NRT,290.65,0.86,N,VIIRS_NOAA21_NRT,1.743846153846154,13,0.0652759695028558,-50.68372298191443,Persistent / Reduced,1,0.19,Prakash Industries Steel Plant,1,38.54,0,140.28,0,Industrial,0,1,-50.68372298191443,0.31,0,0,1,0,70.0,1,17.510000000000048,Normal Persistent Source,0,LOW,Normal Persistent Source,99.99,0.0,0.0,0.0,0.0,0.0,99.99,0.01,Other Thermal Event,99.99,False,Confident Assessment,Prakash Industries Steel Plant,0.19,0.0,LOW
22.82152,69.39707,330.06,0.4,0.37,2026-09-26,843,N20,VIIRS,l,2.0NRT,304.75,0.86,D,VIIRS_NOAA20_NRT,0.0,0,,0.0,New / No Local History,1,4.46,Unnamed Industrial Feature,0,57.08,0,53.83,0,Other,4,0,0.0,0.86,0,0,0,1,30.0,0,25.31,Agricultural Burning,0,LOW,Agricultural Burning,91.16,91.16,0.0,0.86,0.0,0.0,0.64,7.35,Other Thermal Event,83.81,False,Confident Assessment,Unnamed Industrial Feature,4.46,0.0,LOW
23.71601,86.42769,301.81,0.39,0.44,2026-09-26,2017,N21,VIIRS,n,2.0NRT,290.24,0.93,N,VIIRS_NOAA21_NRT,2.373382352941176,68,0.1417127531324296,-60.81541607286695,Persistent / Reduced,1,5.98,SAIL Chasnalla ADM Building,0,2.78,1,194.33,0,Mining,1,1,-60.81541607286695,0.28,0,0,1,0,70.0,1,11.569999999999991,Mining Activity,0,LOW,Mining Activity,96.94,0.15,0.0,0.0,0.02,96.94,0.61,2.28,Other Thermal Event,94.66,False,Confident Assessment,SAIL Chasnalla ADM Building,5.98,0.0,LOW
21.98264,83.23144,303.17,0.43,0.38,2026-09-26,2017,N21,VIIRS,n,2.0NRT,283.04,0.92,N,VIIRS_NOAA21_NRT,2.5444444444444443,9,0.0182951068146578,-63.84279475982533,Persistent / Reduced,1,0.4,Unnamed Industrial Feature,1,69.95,0,82.66,0,Industrial,0,1,-63.84279475982533,0.26,0,0,1,0,70.0,1,20.129999999999995,Normal Persistent Source,0,LOW,Normal Persistent Source,99.93,0.0,0.0,0.0,0.0,0.0,99.93,0.07,Other Thermal Event,99.85,False,Confident Assessment,Unnamed Industrial Feature,0.4,0.0,LOW
11.80728,78.8894,304.75,0.39,0.36,2026-09-26,2019,N21,VIIRS,n,2.0NRT,292.37,0.92,N,VIIRS_NOAA21_NRT,0.0,0,,0.0,New / No Local History,1,61.64,Ramco Cements,0,95.71,0,155.66,0,Cropland / Agriculture,3,0,0.0,0.92,0,0,0,1,70.0,1,12.379999999999995,Agricultural Burning,0,LOW,Agricultural Burning,100.0,100.0,0.0,0.0,0.0,0.0,0.0,0.0,Normal Persistent Source,100.0,False,Confident Assessment,Ramco Cements,61.64,0.0,LOW
14.9313,78.33977,305.69,0.41,0.45,2026-09-26,2055,N,VIIRS,n,2.0NRT,292.31,1.08,N,VIIRS_SNPP_NRT,1.2899999999999998,2,0.0139837580755433,-16.279069767441843,Persistent / Stable,1,105.76,Unnamed Industrial Feature,0,154.39,0,222.82,0,Cropland / Agriculture,3,1,-16.279069767441843,0.47,0,0,1,0,70.0,1,13.379999999999995,Agricultural Burning,0,LOW,Agricultural Burning,88.95,88.95,0.0,0.05,0.0,0.02,0.35,10.63,Other Thermal Event,78.32,False,Confident Assessment,Unnamed Industrial Feature,105.76,0.0,LOW
10.30704,78.57528,334.55,0.4,0.37,2026-09-26,822,N,VIIRS,l,2.0NRT,305.3,1.12,D,VIIRS_SNPP_NRT,0.0,0,,0.0,New / No Local History,1,52.06,Unnamed Industrial Feature,0,172.43,0,147.93,0,Cropland / Agriculture,3,0,0.0,1.12,0,0,0,1,30.0,0,29.25,Agricultural Burning,0,LOW,Agricultural Burning,99.09,99.09,0.06,0.0,0.0,0.0,0.25,0.6,Other Thermal Event,98.49,False,Confident Assessment,Unnamed Industrial Feature,52.06,0.0,LOW
22.37113,87.29855,302.17,0.56,0.69,2026-09-26,1910,N,VIIRS,n,2.0NRT,290.74,1.11,N,VIIRS_SNPP_NRT,3.274146341463416,82,0.0104143821716315,-66.09803337306319,Persistent / Reduced,1,1.32,Unnamed Industrial Feature,1,175.04,0,87.14,0,Industrial,0,1,-66.09803337306319,0.26,0,0,1,0,70.0,1,11.430000000000009,Normal Persistent Source,0,LOW,Normal Persistent Source,98.15,0.0,0.0,1.09,0.0,0.0,98.15,0.76,Gas Flare,97.06,False,Confident Assessment,Unnamed Industrial Feature,1.32,0.0,LOW
27.37729,95.08933,302.97,0.55,0.68,2026-09-26,2014,N21,VIIRS,n,2.0NRT,287.19,1.16,N,VIIRS_NOAA21_NRT,2.12,7,0.0464954920261279,-45.28301886792453,Persistent / Stable,1,0.34,Unnamed Industrial Feature,1,955.02,0,52.35,0,Industrial,0,1,-45.28301886792453,0.37,0,0,1,0,70.0,1,15.78000000000003,Normal Persistent Source,0,LOW,Normal Persistent Source,96.82,0.0,0.0,2.22,0.0,0.0,96.82,0.96,Gas Flare,94.6,False,Confident Assessment,Unnamed Industrial Feature,0.34,0.0,LOW
24.14607,82.65571,308.91,0.4,0.37,2026-09-26,2017,N21,VIIRS,n,2.0NRT,280.34,1.14,N,VIIRS_NOAA21_NRT,0.78,1,0.2912156214058221,46.15384615384613,Single Historical Detection,1,4.04,NTPC Vindhyachal Thermal Power,0,6.01,0,159.81,0,Cropland / Agriculture,3,1,46.15384615384613,0.64,0,0,0,0,70.0,1,28.57000000000005,Agricultural Burning,0,LOW,Agricultural Burning,55.37,55.37,0.0,0.35,0.0,15.15,4.15,24.98,Other Thermal Event,30.39,True,Low Confidence (55.4%),NTPC Vindhyachal Thermal Power,4.04,0.0,LOW
26.89791,94.13164,328.75,0.51,0.41,2026-09-26,646,N,VIIRS,n,2.0NRT,291.97,1.14,D,VIIRS_SNPP_NRT,0.0,0,,0.0,New / No Local History,1,17.91,Unnamed Industrial Feature,0,847.06,0,48.94,0,Forest / Woodland,2,0,0.0,1.14,0,0,0,1,70.0,0,36.77999999999997,Agricultural Burning,0,LOW,Agricultural Burning,99.07,99.07,0.06,0.0,0.0,0.0,0.25,0.62,Other Thermal Event,98.44,False,Confident Assessment,Unnamed Industrial Feature,17.91,0.0,LOW
23.44763,70.38526,332.71,0.43,0.38,2026-09-26,843,N20,VIIRS,l,2.0NRT,306.44,1.13,D,VIIRS_NOAA20_NRT,0.0,0,,0.0,New / No Local History,1,35.15,Khisara,0,70.49,0,113.16,0,Other,4,0,0.0,1.13,0,0,0,1,30.0,0,26.269999999999985,Agricultural Burning,0,LOW,Agricultural Burning,97.88,97.88,0.06,0.0,0.0,0.0,0.25,1.81,Other Thermal Event,96.06,False,Confident Assessment,Khisara,35.15,0.0,LOW
19.10248,73.05284,308.66,0.39,0.36,2026-09-26,2053,N,VIIRS,n,2.0NRT,291.03,0.9,N,VIIRS_SNPP_NRT,0.0,0,,0.0,New / No Local History,1,19.89,Bhiwandi Textile Industrial Area,0,573.19,0,19.07,0,Forest / Woodland,2,0,0.0,0.9,0,0,0,1,70.0,1,17.630000000000052,Agricultural Burning,0,LOW,Agricultural Burning,98.14,98.14,0.0,0.0,0.0,0.0,0.59,1.27,Other Thermal Event,96.87,False,Confident Assessment,Bhiwandi Textile Industrial Area,19.89,0.0,LOW
17.14123,77.18338,305.9,0.49,0.4,2026-09-26,2053,N,VIIRS,n,2.0NRT,292.72,1.4,N,VIIRS_SNPP_NRT,1.548,10,0.0202437864057115,-9.560723514211894,Persistent / Stable,1,0.66,Unnamed Industrial Feature,1,223.19,0,166.35,0,Industrial,0,1,-9.560723514211894,0.55,0,0,1,0,70.0,1,13.17999999999995,Normal Persistent Source,0,LOW,Normal Persistent Source,98.52,0.0,0.0,0.62,0.0,0.0,98.52,0.86,Other Thermal Event,97.66,False,Confident Assessment,Unnamed Industrial Feature,0.66,0.0,LOW
22.00417,82.66847,311.47,0.41,0.37,2026-09-26,2017,N21,VIIRS,n,2.0NRT,290.43,1.39,N,VIIRS_NOAA21_NRT,1.743846153846154,13,0.0155238604108787,-20.291133656815187,Persistent / Stable,1,0.31,Prakash Industries Steel Plant,1,38.47,0,140.69,0,Industrial,0,1,-20.291133656815187,0.51,0,0,1,0,70.0,1,21.04000000000002,Normal Persistent Source,0,LOW,Normal Persistent Source,100.0,0.0,0.0,0.0,0.0,0.0,100.0,0.0,Other Thermal Event,99.99,False,Confident Assessment,Prakash Industries Steel Plant,0.31,0.0,LOW
22.31293,82.53099,305.81,0.41,0.37,2026-09-26,2017,N21,VIIRS,n,2.0NRT,287.72,1.39,N,VIIRS_NOAA21_NRT,1.89,10,0.1811069860362769,-26.455026455026463,Persistent / Stable,1,1.99,S V Power Private Limited Renki,1,15.87,0,160.79,0,Industrial,0,1,-26.455026455026463,0.48,0,0,1,0,70.0,1,18.08999999999997,Normal Persistent Source,0,LOW,Normal Persistent Source,99.69,0.0,0.0,0.0,0.0,0.0,99.69,0.31,Other Thermal Event,99.38,False,Confident Assessment,S V Power Private Limited Renki,1.99,0.0,LOW
20.7032,78.62022,304.51,0.44,0.63,2026-09-26,2114,N20,VIIRS,n,2.0NRT,291.82,1.39,N,VIIRS_NOAA20_NRT,1.468,5,0.0239619159036389,-5.313351498637607,Persistent / Stable,1,52.19,MIDC Nagpur Butibori,0,108.87,0,320.86,0,Forest / Woodland,2,1,-5.313351498637607,0.56,0,0,1,0,70.0,1,12.689999999999998,Agricultural Burning,0,LOW,Agricultural Burning,89.37,89.37,0.0,0.05,0.0,0.0,0.57,10.01,Other Thermal Event,79.36,False,Confident Assessment,MIDC Nagpur Butibori,52.19,0.0,LOW
23.09279,75.58939,333.54,0.4,0.37,2026-09-26,826,N,VIIRS,l,2.0NRT,304.78,1.39,D,VIIRS_SNPP_NRT,0.0,0,,0.0,New / No Local History,1,53.32,Pithampur Industrial Area,0,233.91,0,262.02,0,Other,4,0,0.0,1.39,0,0,0,1,30.0,0,28.760000000000048,Agricultural Burning,0,LOW,Agricultural Burning,95.45,95.45,2.05,0.0,0.0,0.0,0.39,2.11,Other Thermal Event,93.34,False,Confident Assessment,Pithampur Industrial Area,53.32,0.0,LOW
21.87557,83.49524,312.98,0.44,0.39,2026-09-26,2017,N21,VIIRS,n,2.0NRT,289.95,1.43,N,VIIRS_NOAA21_NRT,1.6025,4,0.0578536662653728,-10.764430577223097,Persistent / Stable,1,5.46,Unnamed Industrial Feature,0,77.76,0,55.12,0,Other,4,1,-10.764430577223097,0.55,0,0,1,0,70.0,1,23.03000000000003,Agricultural Burning,0,LOW,Agricultural Burning,79.73,79.73,0.0,0.0,0.0,0.07,0.59,19.61,Other Thermal Event,60.12,False,Confident Assessment,Unnamed Industrial Feature,5.46,0.0,LOW
24.2054,82.7067,300.75,0.4,0.37,2026-09-26,2017,N21,VIIRS,n,2.0NRT,282.99,1.42,N,VIIRS_NOAA21_NRT,1.1085714285714283,7,0.1014542230476047,28.092783505154635,Persistent / Stable,1,4.89,NTPC Singrauli Thermal Power,0,4.77,1,156.47,0,Cropland / Agriculture,3,1,28.092783505154635,0.67,0,0,1,0,70.0,1,17.75999999999999,Mining Activity,0,LOW,Mining Activity,89.49,0.0,0.0,0.66,0.02,89.49,3.51,6.32,Other Thermal Event,83.16,False,Confident Assessment,NTPC Singrauli Thermal Power,4.89,0.0,LOW
24.15241,82.59668,312.61,0.4,0.37,2026-09-26,2017,N21,VIIRS,n,2.0NRT,281.03,1.08,N,VIIRS_NOAA21_NRT,0.845,2,0.6433852201372794,27.810650887573978,Persistent / Stable,1,8.0,NTPC Singrauli Thermal Power,0,8.32,0,156.54,0,Cropland / Agriculture,3,1,27.810650887573978,0.59,0,0,1,0,70.0,1,31.58000000000004,Agricultural Burning,0,LOW,Agricultural Burning,83.53,83.53,0.0,0.42,0.0,0.37,1.56,14.13,Other Thermal Event,69.4,False,Confident Assessment,NTPC Singrauli Thermal Power,8.0,0.0,LOW
22.95498,75.74214,331.92,0.4,0.37,2026-09-26,826,N,VIIRS,l,2.0NRT,306.62,1.58,D,VIIRS_SNPP_NRT,0.0,0,,0.0,New / No Local History,1,37.25,Pithampur Industrial Area,0,255.64,0,272.52,0,Other,4,0,0.0,1.58,0,0,0,1,30.0,0,25.30000000000001,Agricultural Burning,0,LOW,Agricultural Burning,95.51,95.51,1.77,0.0,0.0,0.0,0.14,2.58,Other Thermal Event,92.93,False,Confident Assessment,Pithampur Industrial Area,37.25,0.0,LOW
15.18415,76.31708,306.65,0.47,0.4,2026-09-26,2055,N,VIIRS,n,2.0NRT,291.96,1.58,N,VIIRS_SNPP_NRT,1.66,3,0.1008801484016584,-4.819277108433739,Persistent / Stable,1,18.81,APMC,0,33.88,0,247.83,0,Forest / Woodland,2,1,-4.819277108433739,0.59,0,0,1,0,70.0,1,14.689999999999998,Agricultural Burning,0,LOW,Agricultural Burning,89.91,89.91,0.0,0.15,0.0,0.02,0.68,9.24,Other Thermal Event,80.66,False,Confident Assessment,APMC,18.81,0.0,LOW
21.79728,83.88209,312.26,0.46,0.39,2026-09-26,2017,N21,VIIRS,n,2.0NRT,293.15,1.57,N,VIIRS_NOAA21_NRT,2.9773333333333336,15,0.2901532321388302,-47.26824899238692,Persistent / Stable,1,1.37,Unnamed Industrial Feature,1,102.14,0,19.32,0,Industrial,0,1,-47.26824899238692,0.39,0,0,1,0,70.0,1,19.110000000000014,Normal Persistent Source,0,LOW,Normal Persistent Source,99.99,0.0,0.0,0.0,0.0,0.0,99.99,0.01,Other Thermal Event,99.99,False,Confident Assessment,Unnamed Industrial Feature,1.37,0.0,LOW
22.22223,84.75906,303.54,0.5,0.41,2026-09-26,2017,N21,VIIRS,n,2.0NRT,292.27,1.57,N,VIIRS_NOAA21_NRT,0.9733333333333332,3,0.0587780860794971,61.30136986301371,Abnormal Increase,1,0.17,Unnamed Industrial Feature,1,54.98,0,82.92,0,Industrial,0,1,61.30136986301371,0.8,0,0,1,0,70.0,1,11.27000000000004,Normal Persistent Source,10,LOW,Normal Persistent Source,84.1,0.04,0.0,0.75,0.0,4.0,84.1,11.1,Other Thermal Event,73.0,False,Confident Assessment,Unnamed Industrial Feature,0.17,0.0,LOW
23.04292,69.94863,333.61,0.42,0.37,2026-09-26,843,N20,VIIRS,l,2.0NRT,307.79,1.65,D,VIIRS_NOAA20_NRT,0.0,0,,0.0,New / No Local History,1,12.26,Unnamed Industrial Feature,0,29.83,0,63.39,0,Other,4,0,0.0,1.65,0,0,0,1,30.0,0,25.819999999999997,Agricultural Burning,0,LOW,Agricultural Burning,96.74,96.74,0.0,0.0,0.0,0.0,0.34,2.92,Other Thermal Event,93.81,False,Confident Assessment,Unnamed Industrial Feature,12.26,0.0,LOW
10.00231,78.3959,337.89,0.39,0.36,2026-09-26,822,N,VIIRS,n,2.0NRT,304.13,1.63,D,VIIRS_SNPP_NRT,0.0,0,,0.0,New / No Local History,1,33.28,Tourist bus parking,0,141.31,0,179.86,0,Cropland / Agriculture,3,0,0.0,1.63,0,0,0,1,70.0,0,33.75999999999999,Agricultural Burning,0,LOW,Agricultural Burning,99.84,99.84,0.06,0.0,0.0,0.0,0.0,0.1,Other Thermal Event,99.74,False,Confident Assessment,Tourist bus parking,33.28,0.0,LOW
9.82869,78.27081,336.86,0.39,0.36,2026-09-26,822,N,VIIRS,n,2.0NRT,303.41,1.59,D,VIIRS_SNPP_NRT,2.01,1,0.6326489504967131,-20.89552238805969,Single Historical Detection,1,20.69,Tourist bus parking,0,123.13,0,182.71,0,Other,4,1,-20.89552238805969,0.53,0,0,0,0,70.0,0,33.44999999999999,Agricultural Burning,0,LOW,Agricultural Burning,97.97,97.97,0.0,0.0,0.0,0.0,0.0,2.03,Other Thermal Event,95.93,False,Confident Assessment,Tourist bus parking,20.69,0.0,LOW
23.68003,86.39574,306.5,0.45,0.63,2026-09-26,2055,N,VIIRS,n,2.0NRT,286.5,1.59,N,VIIRS_SNPP_NRT,3.0147826086956515,92,0.0013415231858621,-47.25987885780212,Persistent / Stable,1,3.91,Unnamed Industrial Feature,0,4.46,1,197.68,0,Other,4,1,-47.25987885780212,0.4,0,0,1,0,70.0,1,20.0,Mining Activity,0,LOW,Mining Activity,99.88,0.0,0.0,0.0,0.02,99.88,0.04,0.06,Other Thermal Event,99.82,False,Confident Assessment,Unnamed Industrial Feature,3.91,0.0,LOW
21.87713,83.54817,306.47,0.45,0.39,2026-09-26,2017,N21,VIIRS,n,2.0NRT,291.3,0.94,N,VIIRS_NOAA21_NRT,2.69,2,0.5922943935852206,-65.05576208178438,Persistent / Reduced,1,0.03,Unnamed Industrial Feature,1,81.34,0,49.66,0,Industrial,0,1,-65.05576208178438,0.25,0,0,1,0,70.0,1,15.170000000000016,Normal Persistent Source,0,LOW,Normal Persistent Source,97.18,0.17,0.0,1.48,0.0,0.0,97.18,1.16,Gas Flare,95.7,False,Confident Assessment,Unnamed Industrial Feature,0.03,0.0,LOW
19.75446,75.60529,332.53,0.39,0.36,2026-09-26,824,N,VIIRS,l,2.0NRT,304.46,0.94,D,VIIRS_SNPP_NRT,0.0,0,,0.0,New / No Local History,1,30.57,MIDC Aurangabad,0,387.07,0,289.02,0,Forest / Woodland,2,0,0.0,0.94,0,0,0,1,30.0,0,28.069999999999997,Agricultural Burning,0,LOW,Agricultural Burning,95.38,95.38,2.77,0.0,0.0,0.0,0.81,1.04,Forest / Wildfire,92.62,False,Confident Assessment,MIDC Aurangabad,30.57,0.0,LOW
20.78587,85.26499,303.08,0.56,0.43,2026-09-26,2017,N21,VIIRS,n,2.0NRT,287.4,1.01,N,VIIRS_NOAA21_NRT,4.153833333333335,60,0.0095286514257655,-75.68511013922884,Persistent / Reduced,1,2.05,Tata Steel Meramandali,1,18.84,0,151.21,0,Other,4,1,-75.68511013922884,0.2,0,0,1,0,70.0,1,15.680000000000009,Normal Persistent Source,0,LOW,Normal Persistent Source,97.59,0.0,0.0,0.0,0.0,0.0,97.59,2.41,Other Thermal Event,95.19,False,Confident Assessment,Tata Steel Meramandali,2.05,0.0,LOW
27.40867,70.40338,313.28,0.39,0.36,2026-09-26,2112,N20,VIIRS,n,2.0NRT,296.25,1.01,N,VIIRS_NOAA20_NRT,0.0,0,,0.0,New / No Local History,1,173.56,Giral Lignite Power Plant,0,312.93,0,194.28,0,Other,4,0,0.0,1.01,0,0,0,1,70.0,1,17.029999999999973,Agricultural Burning,0,LOW,Agricultural Burning,98.85,98.85,0.26,0.0,0.0,0.0,0.02,0.87,Other Thermal Event,97.98,False,Confident Assessment,Giral Lignite Power Plant,173.56,0.0,LOW
22.4133,69.03944,303.85,0.65,0.73,2026-09-26,2157,N21,VIIRS,n,2.0NRT,290.69,0.99,N,VIIRS_NOAA21_NRT,1.83375,8,0.0538034386061456,-46.01226993865031,Persistent / Stable,1,2.53,TATA Chemicals,0,115.45,0,69.94,0,Other,4,1,-46.01226993865031,0.35,0,0,1,0,70.0,1,13.160000000000023,Normal Persistent Source,0,LOW,Normal Persistent Source,84.51,0.85,0.0,0.0,0.0,0.29,84.51,14.35,Other Thermal Event,70.16,False,Confident Assessment,TATA Chemicals,2.53,0.0,LOW
21.8048,82.03549,300.5,0.46,0.64,2026-09-26,1932,N20,VIIRS,n,2.0NRT,282.75,0.78,N,VIIRS_NOAA20_NRT,1.915,2,0.3396695075718088,-59.268929503916446,Persistent / Reduced,1,15.55,Unnamed Industrial Feature,0,89.92,0,205.99,0,Forest / Woodland,2,1,-59.268929503916446,0.27,0,0,1,0,70.0,1,17.75,Agricultural Burning,0,LOW,Agricultural Burning,88.69,88.69,0.0,0.15,0.0,0.02,0.61,10.53,Other Thermal Event,78.16,False,Confident Assessment,Unnamed Industrial Feature,15.55,0.0,LOW
23.65064,85.4361,303.3,0.52,0.41,2026-09-26,2017,N21,VIIRS,n,2.0NRT,290.65,0.77,N,VIIRS_NOAA21_NRT,3.022045454545456,44,0.0201491067161946,-74.52056854929684,Persistent / Reduced,1,2.72,Unnamed Industrial Feature,0,48.8,0,207.82,0,Other,4,1,-74.52056854929684,0.19,0,0,1,0,70.0,1,12.650000000000034,Normal Persistent Source,0,LOW,Normal Persistent Source,82.12,0.17,0.0,0.74,0.0,0.0,82.12,16.97,Other Thermal Event,65.15,False,Confident Assessment,Unnamed Industrial Feature,2.72,0.0,LOW
30.88808,75.90674,308.36,0.39,0.36,2026-09-26,2053,N,VIIRS,n,2.0NRT,293.98,0.76,N,VIIRS_SNPP_NRT,0.0,0,,0.0,New / No Local History,1,4.93,Ludhiana Industrial Area,0,287.73,0,63.4,0,Cropland / Agriculture,3,0,0.0,0.76,0,0,0,1,70.0,1,14.379999999999995,Agricultural Burning,0,LOW,Agricultural Burning,99.09,99.09,0.0,0.0,0.0,0.0,0.01,0.9,Other Thermal Event,98.19,False,Confident Assessment,Ludhiana Industrial Area,4.93,0.0,LOW
23.68083,86.39148,304.67,0.45,0.63,2026-09-26,2055,N,VIIRS,n,2.0NRT,286.59,1.57,N,VIIRS_SNPP_NRT,3.0147826086956515,92,0.0250234304720087,-47.92327660801845,Persistent / Stable,1,4.02,SAIL Parbatpur Colliery,0,4.02,1,197.51,0,Other,4,1,-47.92327660801845,0.39,0,0,1,0,70.0,1,18.08000000000004,Mining Activity,0,LOW,Mining Activity,99.67,0.0,0.0,0.0,0.02,99.67,0.25,0.06,Normal Persistent Source,99.42,False,Confident Assessment,SAIL Parbatpur Colliery,4.02,0.0,LOW
23.68655,86.39294,307.97,0.45,0.63,2026-09-26,2055,N,VIIRS,n,2.0NRT,286.61,1.57,N,VIIRS_SNPP_NRT,3.0147826086956515,92,0.0105858342052629,-47.92327660801845,Persistent / Stable,1,4.19,SAIL Parbatpur Colliery,0,4.19,1,196.91,0,Other,4,1,-47.92327660801845,0.39,0,0,1,0,70.0,1,21.360000000000014,Mining Activity,0,LOW,Mining Activity,99.7,0.0,0.0,0.0,0.02,99.7,0.25,0.03,Normal Persistent Source,99.45,False,Confident Assessment,SAIL Parbatpur Colliery,4.19,0.0,LOW
22.06455,83.70582,312.33,0.45,0.39,2026-09-26,2017,N21,VIIRS,n,2.0NRT,292.27,1.56,N,VIIRS_NOAA21_NRT,1.34,1,0.0515870671861823,16.41791044776119,Single Historical Detection,1,18.97,Dongamahua Power Plant,0,107.75,0,37.68,0,Other,4,1,16.41791044776119,0.67,0,0,0,0,70.0,1,20.06,Agricultural Burning,0,LOW,Agricultural Burning,95.12,95.12,0.0,0.0,0.0,0.0,0.46,4.42,Other Thermal Event,90.7,False,Confident Assessment,Dongamahua Power Plant,18.97,0.0,LOW
21.67145,82.08189,309.69,0.4,0.37,2026-09-26,2017,N21,VIIRS,n,2.0NRT,293.13,0.91,N,VIIRS_NOAA21_NRT,1.36,2,0.2057334131473247,-33.08823529411764,Persistent / Stable,1,0.28,Unnamed Industrial Feature,1,97.44,0,202.67,0,Industrial,0,1,-33.08823529411764,0.39,0,0,1,0,70.0,1,16.560000000000002,Normal Persistent Source,0,LOW,Normal Persistent Source,99.84,0.0,0.0,0.0,0.0,0.0,99.84,0.16,Other Thermal Event,99.68,False,Confident Assessment,Unnamed Industrial Feature,0.28,0.0,LOW
21.88178,83.54462,303.32,0.37,0.58,2026-09-26,1932,N20,VIIRS,n,2.0NRT,286.54,0.91,N,VIIRS_NOAA20_NRT,2.69,2,0.958627492214136,-66.1710037174721,Persistent / Reduced,1,0.61,Unnamed Industrial Feature,1,81.49,0,50.0,0,Industrial,0,1,-66.1710037174721,0.25,0,0,1,0,70.0,1,16.779999999999973,Normal Persistent Source,0,LOW,Normal Persistent Source,96.58,0.57,0.0,1.48,0.0,0.0,96.58,1.36,Gas Flare,95.1,False,Confident Assessment,Unnamed Industrial Feature,0.61,0.0,LOW
13.39225,80.09891,304.35,0.49,0.65,2026-09-26,1934,N20,VIIRS,n,2.0NRT,291.52,0.91,N,VIIRS_NOAA20_NRT,1.846666666666667,6,0.094186998197484,-50.722021660649816,Persistent / Reduced,1,2.53,SIPCOT Gummidipundi,0,31.02,0,30.84,0,Other,4,1,-50.722021660649816,0.32,0,0,1,0,70.0,1,12.83000000000004,Normal Persistent Source,0,LOW,Normal Persistent Source,84.57,0.6,0.0,0.74,0.0,0.29,84.57,13.79,Other Thermal Event,70.77,False,Confident Assessment,SIPCOT Gummidipundi,2.53,0.0,LOW
24.18342,82.65907,302.58,0.4,0.37,2026-09-26,2017,N21,VIIRS,n,2.0NRT,277.7,0.96,N,VIIRS_NOAA21_NRT,0.85,3,0.5041492194512822,12.941176470588234,Persistent / Stable,1,1.36,NTPC Singrauli Thermal Power,1,1.85,1,156.28,0,Industrial,0,1,12.941176470588234,0.52,0,0,1,0,70.0,1,24.879999999999995,Normal Persistent Source,0,LOW,Normal Persistent Source,64.86,0.22,0.0,1.38,0.0,26.38,64.86,7.15,Mining Activity,38.49,False,Confident Assessment,NTPC Singrauli Thermal Power,1.36,0.0,LOW
12.8808,79.92415,306.75,0.5,0.66,2026-09-26,1934,N20,VIIRS,n,2.0NRT,290.43,0.96,N,VIIRS_NOAA20_NRT,4.73,2,1.7148503277780764,-79.70401691331924,Persistent / Reduced,1,10.96,Unnamed Industrial Feature,0,28.76,0,45.56,0,Cropland / Agriculture,3,1,-79.70401691331924,0.17,0,0,1,0,70.0,1,16.319999999999993,Agricultural Burning,0,LOW,Agricultural Burning,81.48,81.48,0.0,0.92,0.0,0.0,0.5,17.1,Other Thermal Event,64.37,False,Confident Assessment,Unnamed Industrial Feature,10.96,0.0,LOW
10.84435,78.01187,336.25,0.39,0.36,2026-09-26,822,N,VIIRS,l,2.0NRT,307.83,1.8,D,VIIRS_SNPP_NRT,0.0,0,,0.0,New / No Local History,1,23.18,TNPL Paper Mill,0,165.49,0,103.63,0,Cropland / Agriculture,3,0,0.0,1.8,0,0,0,1,30.0,0,28.420000000000016,Agricultural Burning,0,LOW,Agricultural Burning,99.76,99.76,0.06,0.0,0.0,0.0,0.0,0.18,Other Thermal Event,99.57,False,Confident Assessment,TNPL Paper Mill,23.18,0.0,LOW
30.58989,76.90581,330.02,0.51,0.41,2026-09-26,828,N,VIIRS,n,2.0NRT,295.0,1.8,D,VIIRS_SNPP_NRT,0.0,0,,0.0,New / No Local History,1,10.99,Industrial Area Phase 1,0,224.42,0,79.56,0,Cropland / Agriculture,3,0,0.0,1.8,0,0,0,1,70.0,0,35.01999999999998,Agricultural Burning,0,LOW,Agricultural Burning,99.86,99.86,0.06,0.0,0.0,0.0,0.0,0.08,Other Thermal Event,99.79,False,Confident Assessment,Industrial Area Phase 1,10.99,0.0,LOW
9.49971,77.69122,340.32,0.45,0.47,2026-09-26,744,N21,VIIRS,n,2.0NRT,305.01,1.77,D,VIIRS_NOAA21_NRT,0.0,0,,0.0,New / No Local History,1,14.03,Unnamed Industrial Feature,0,58.43,0,111.6,0,Other,4,0,0.0,1.77,0,0,0,1,70.0,0,35.31,Agricultural Burning,0,LOW,Agricultural Burning,98.74,98.74,0.41,0.0,0.0,0.0,0.0,0.85,Other Thermal Event,97.89,False,Confident Assessment,Unnamed Industrial Feature,14.03,0.0,LOW
14.58634,78.58008,310.03,0.38,0.36,2026-09-26,2017,N21,VIIRS,n,2.0NRT,295.13,1.76,N,VIIRS_NOAA21_NRT,0.0,0,,0.0,New / No Local History,1,131.27,TTD Transport Yard,0,189.1,0,194.82,0,Cropland / Agriculture,3,0,0.0,1.76,0,0,0,1,70.0,1,14.899999999999975,Agricultural Burning,0,LOW,Agricultural Burning,98.42,98.42,0.0,0.0,0.0,0.0,0.0,1.58,Other Thermal Event,96.85,False,Confident Assessment,TTD Transport Yard,131.27,0.0,LOW
22.77287,75.46678,333.85,0.39,0.36,2026-09-26,826,N,VIIRS,n,2.0NRT,301.38,1.54,D,VIIRS_SNPP_NRT,0.0,0,,0.0,New / No Local History,1,28.62,Pithampur Industrial Area,0,247.94,0,240.37,0,Other,4,0,0.0,1.54,0,0,0,1,70.0,0,32.47000000000003,Agricultural Burning,0,LOW,Agricultural Burning,98.45,98.45,0.74,0.0,0.0,0.0,0.14,0.67,Forest / Wildfire,97.7,False,Confident Assessment,Pithampur Industrial Area,28.62,0.0,LOW
20.70087,78.62099,304.8,0.4,0.37,2026-09-26,2019,N21,VIIRS,n,2.0NRT,291.14,1.53,N,VIIRS_NOAA21_NRT,1.468,5,0.056257365250489,4.223433242506816,Persistent / Stable,1,52.28,MIDC Nagpur Butibori,0,108.62,0,320.59,0,Forest / Woodland,2,1,4.223433242506816,0.62,0,0,1,0,70.0,1,13.660000000000023,Agricultural Burning,0,LOW,Agricultural Burning,91.4,91.4,0.0,0.05,0.0,0.02,0.53,8.0,Other Thermal Event,83.4,False,Confident Assessment,MIDC Nagpur Butibori,52.28,0.0,LOW
35.68132,73.66298,301.1,0.5,0.41,2026-09-26,2051,N,VIIRS,n,2.0NRT,281.4,1.52,N,VIIRS_SNPP_NRT,4.306666666666667,3,0.0959593468723964,-64.70588235294117,Persistent / Reduced,1,405.27,Kathua Industrial Area,0,858.38,0,625.98,0,Other,4,1,-64.70588235294117,0.29,0,0,1,0,70.0,1,19.700000000000045,Agricultural Burning,0,LOW,Agricultural Burning,81.46,81.46,0.26,0.73,0.0,0.0,2.34,15.21,Other Thermal Event,66.25,False,Confident Assessment,Kathua Industrial Area,405.27,0.0,LOW
23.67983,86.39575,306.46,0.45,0.63,2026-09-26,2055,N,VIIRS,n,2.0NRT,286.37,1.57,N,VIIRS_SNPP_NRT,3.0147826086956515,92,0.0020936503042099,-47.92327660801845,Persistent / Stable,1,3.9,Unnamed Industrial Feature,0,4.46,1,197.7,0,Other,4,1,-47.92327660801845,0.39,0,0,1,0,70.0,1,20.08999999999997,Mining Activity,0,LOW,Mining Activity,99.67,0.0,0.0,0.0,0.02,99.67,0.25,0.06,Normal Persistent Source,99.42,False,Confident Assessment,Unnamed Industrial Feature,3.9,0.0,LOW
22.4197,69.03989,312.1,0.39,0.36,2026-09-26,2114,N20,VIIRS,n,2.0NRT,295.24,1.73,N,VIIRS_NOAA20_NRT,1.83375,8,0.0131578068976847,-5.657805044308124,Persistent / Stable,1,3.03,TATA Chemicals,0,114.86,0,69.93,0,Other,4,1,-5.657805044308124,0.61,0,0,1,0,70.0,1,16.860000000000014,Normal Persistent Source,0,LOW,Normal Persistent Source,85.6,0.27,0.0,0.0,0.0,0.02,85.6,14.11,Other Thermal Event,71.48,False,Confident Assessment,TATA Chemicals,3.03,0.0,LOW
10.57782,77.92455,335.73,0.39,0.36,2026-09-26,822,N,VIIRS,l,2.0NRT,308.28,1.73,D,VIIRS_SNPP_NRT,0.0,0,,0.0,New / No Local History,1,25.07,Chicken shop,0,135.84,0,104.83,0,Cropland / Agriculture,3,0,0.0,1.73,0,0,0,1,30.0,0,27.450000000000045,Agricultural Burning,0,LOW,Agricultural Burning,99.65,99.65,0.06,0.0,0.0,0.0,0.0,0.29,Other Thermal Event,99.36,False,Confident Assessment,Chicken shop,25.07,0.0,LOW
28.0949,95.4884,329.77,0.47,0.4,2026-09-26,703,N20,VIIRS,n,2.0NRT,295.74,1.71,D,VIIRS_NOAA20_NRT,4.97,3,0.3210827277279613,-65.59356136820925,Persistent / Reduced,1,68.6,Truck Stand and Weight Bridge,0,1023.63,0,79.42,0,Forest / Woodland,2,1,-65.59356136820925,0.29,0,0,1,0,70.0,0,34.02999999999997,Agricultural Burning,0,LOW,Agricultural Burning,97.49,97.49,0.0,0.0,0.0,0.0,0.38,2.13,Other Thermal Event,95.36,False,Confident Assessment,Truck Stand and Weight Bridge,68.6,0.0,LOW
23.55866,87.23592,308.63,0.51,0.66,2026-09-26,2055,N,VIIRS,n,2.0NRT,288.48,1.71,N,VIIRS_SNPP_NRT,2.9255263157894738,38,0.0197782586490483,-41.54897904110821,Persistent / Stable,1,3.35,Durgapur Steel Thermal Power Station,0,85.52,0,190.16,0,Other,4,1,-41.54897904110821,0.44,0,0,1,0,70.0,1,20.149999999999977,Normal Persistent Source,0,LOW,Normal Persistent Source,87.81,0.25,0.0,0.0,0.0,0.04,87.81,11.9,Other Thermal Event,75.91,False,Confident Assessment,Durgapur Steel Thermal Power Station,3.35,0.0,LOW
26.88778,95.09384,303.72,0.42,0.45,2026-09-26,1910,N,VIIRS,n,2.0NRT,290.5,1.76,N,VIIRS_SNPP_NRT,0.0,0,,0.0,New / No Local History,1,19.46,LTPS,0,935.76,0,46.52,0,Forest / Woodland,2,0,0.0,1.76,0,0,0,1,70.0,1,13.220000000000027,Agricultural Burning,0,LOW,Agricultural Burning,97.2,97.2,0.38,0.0,0.0,0.0,0.01,2.4,Other Thermal Event,94.8,False,Confident Assessment,LTPS,19.46,0.0,LOW
23.76551,70.55219,334.67,0.44,0.39,2026-09-26,845,N20,VIIRS,l,2.0NRT,307.15,1.75,D,VIIRS_NOAA20_NRT,0.0,0,,0.0,New / No Local History,1,67.71,Khisara,0,102.33,0,152.13,0,Other,4,0,0.0,1.75,0,0,0,1,30.0,0,27.52000000000004,Agricultural Burning,0,LOW,Agricultural Burning,98.01,98.01,0.27,0.0,0.0,0.0,0.0,1.72,Other Thermal Event,96.29,False,Confident Assessment,Khisara,67.71,0.0,LOW
13.39402,80.10165,309.52,0.56,0.52,2026-09-26,2055,N,VIIRS,n,2.0NRT,293.89,1.75,N,VIIRS_SNPP_NRT,1.846666666666667,6,0.001575171614072,-5.234657039711192,Persistent / Stable,1,2.28,SIPCOT Gummidipundi,1,30.92,0,30.82,0,Other,4,1,-5.234657039711192,0.61,0,0,1,0,70.0,1,15.629999999999995,Normal Persistent Source,0,LOW,Normal Persistent Source,97.64,0.0,0.0,0.0,0.0,0.0,97.64,2.36,Other Thermal Event,95.28,False,Confident Assessment,SIPCOT Gummidipundi,2.28,0.0,LOW
13.39073,80.10312,315.79,0.4,0.37,2026-09-26,2019,N21,VIIRS,n,2.0NRT,296.85,1.8,N,VIIRS_NOAA21_NRT,1.846666666666667,6,0.0715780661235483,-2.5270758122743664,Persistent / Stable,1,2.63,SIPCOT Gummidipundi,0,30.56,0,30.43,0,Other,4,1,-2.5270758122743664,0.63,0,0,1,0,70.0,1,18.94,Normal Persistent Source,0,LOW,Normal Persistent Source,85.11,0.82,0.0,0.0,0.0,0.02,85.11,14.05,Other Thermal Event,71.05,False,Confident Assessment,SIPCOT Gummidipundi,2.63,0.0,LOW
21.23453,79.63024,305.96,0.39,0.36,2026-09-26,2017,N21,VIIRS,n,2.0NRT,294.27,0.82,N,VIIRS_NOAA21_NRT,0.8525,4,0.0539677638250276,-3.812316715542532,Persistent / Stable,1,68.64,MIDC Nagpur Butibori,0,145.83,0,362.65,0,Forest / Woodland,2,1,-3.812316715542532,0.44,0,0,1,0,70.0,1,11.689999999999998,Agricultural Burning,0,LOW,Agricultural Burning,88.72,88.72,0.0,0.05,0.0,0.0,0.78,10.44,Other Thermal Event,78.28,False,Confident Assessment,MIDC Nagpur Butibori,68.64,0.0,LOW
22.06779,83.70433,306.98,0.36,0.58,2026-09-26,1932,N20,VIIRS,n,2.0NRT,285.92,0.81,N,VIIRS_NOAA20_NRT,1.34,1,0.1020884466697601,-39.55223880597015,Single Historical Detection,1,18.7,Dongamahua Power Plant,0,107.92,0,37.98,0,Other,4,1,-39.55223880597015,0.35,0,0,0,0,70.0,1,21.06,Agricultural Burning,0,LOW,Agricultural Burning,96.58,96.58,0.0,0.0,0.0,0.0,0.06,3.35,Other Thermal Event,93.23,False,Confident Assessment,Dongamahua Power Plant,18.7,0.0,LOW
16.64879,74.31592,314.88,0.39,0.36,2026-09-26,2055,N,VIIRS,n,2.0NRT,288.95,0.81,N,VIIRS_SNPP_NRT,1.16,3,0.0809884763744299,-30.17241379310344,Persistent / Stable,1,2.71,Unnamed Industrial Feature,0,285.14,0,286.31,0,Other,4,1,-30.17241379310344,0.38,0,0,1,0,70.0,1,25.930000000000007,Normal Persistent Source,0,LOW,Normal Persistent Source,75.27,8.87,0.0,0.35,0.0,0.02,75.27,15.49,Other Thermal Event,59.78,False,Confident Assessment,Unnamed Industrial Feature,2.71,0.0,LOW
11.45437,78.03894,307.23,0.38,0.36,2026-09-26,2019,N21,VIIRS,n,2.0NRT,292.84,0.84,N,VIIRS_NOAA21_NRT,7.99,1,0.4728851698440244,-89.48685857321652,Single Historical Detection,1,22.33,Salem Steel Plant,0,177.35,0,104.69,0,Cropland / Agriculture,3,1,-89.48685857321652,0.09,0,0,0,0,70.0,1,14.390000000000043,Agricultural Burning,0,LOW,Agricultural Burning,93.31,93.31,0.0,0.0,0.0,0.0,0.2,6.49,Other Thermal Event,86.82,False,Confident Assessment,Salem Steel Plant,22.33,0.0,LOW
21.9861,83.23212,307.06,0.43,0.38,2026-09-26,2017,N21,VIIRS,n,2.0NRT,283.35,0.83,N,VIIRS_NOAA21_NRT,2.5444444444444443,9,0.0239050448501784,-67.37991266375546,Persistent / Reduced,1,0.32,Unnamed Industrial Feature,1,69.78,0,82.63,0,Industrial,0,1,-67.37991266375546,0.23,0,0,1,0,70.0,1,23.70999999999998,Normal Persistent Source,0,LOW,Normal Persistent Source,99.93,0.0,0.0,0.0,0.0,0.0,99.93,0.07,Other Thermal Event,99.85,False,Confident Assessment,Unnamed Industrial Feature,0.32,0.0,LOW
11.22087,77.90108,306.94,0.38,0.36,2026-09-26,2019,N21,VIIRS,n,2.0NRT,293.16,0.59,N,VIIRS_NOAA21_NRT,1.403333333333333,3,0.5212831668259048,-57.95724465558195,Persistent / Reduced,1,21.45,TNPL Paper Mill,0,181.27,0,86.69,0,Cropland / Agriculture,3,1,-57.95724465558195,0.25,0,0,1,0,70.0,1,13.779999999999973,Agricultural Burning,0,LOW,Agricultural Burning,87.2,87.2,0.0,0.15,0.0,0.02,1.08,11.54,Other Thermal Event,75.66,False,Confident Assessment,TNPL Paper Mill,21.45,0.0,LOW
10.07318,78.54955,334.87,0.39,0.36,2026-09-26,822,N,VIIRS,n,2.0NRT,303.97,0.59,D,VIIRS_SNPP_NRT,0.0,0,,0.0,New / No Local History,1,51.72,Tourist bus parking,0,159.76,0,161.32,0,Cropland / Agriculture,3,0,0.0,0.59,0,0,0,1,70.0,0,30.899999999999977,Agricultural Burning,0,LOW,Agricultural Burning,99.7,99.7,0.0,0.0,0.0,0.0,0.25,0.05,Normal Persistent Source,99.45,False,Confident Assessment,Tourist bus parking,51.72,0.0,LOW
13.44688,80.09758,308.05,0.4,0.37,2026-09-26,2019,N21,VIIRS,n,2.0NRT,295.22,0.58,N,VIIRS_NOAA21_NRT,0.0,0,,0.0,New / No Local History,1,3.7,SIPCOT Gummidipundi,0,35.26,0,35.89,0,Other,4,0,0.0,0.58,0,0,0,1,70.0,1,12.829999999999984,Other Thermal Event,5,LOW,Agricultural Burning,60.03,60.03,0.0,0.7,0.37,0.0,3.17,35.73,Other Thermal Event,24.3,False,Confident Assessment,SIPCOT Gummidipundi,3.7,0.0,LOW
22.3691,87.3012,304.67,0.46,0.47,2026-09-26,2017,N21,VIIRS,n,2.0NRT,292.75,1.7,N,VIIRS_NOAA21_NRT,2.72,58,0.0028140404931224,-37.50000000000001,Persistent / Stable,1,1.68,Unnamed Industrial Feature,1,175.38,0,86.8,0,Industrial,0,1,-37.50000000000001,0.46,0,0,1,0,70.0,1,11.920000000000016,Normal Persistent Source,0,LOW,Normal Persistent Source,98.4,0.0,0.0,0.77,0.0,0.0,98.4,0.83,Other Thermal Event,97.57,False,Confident Assessment,Unnamed Industrial Feature,1.68,0.0,LOW
22.36422,87.29757,307.46,0.43,0.46,2026-09-26,1932,N20,VIIRS,n,2.0NRT,293.88,1.68,N,VIIRS_NOAA20_NRT,3.4405319148936173,94,0.0540517234994309,-51.17034105315235,Persistent / Reduced,1,1.39,Unnamed Industrial Feature,1,175.62,0,86.9,0,Industrial,0,1,-51.17034105315235,0.38,0,0,1,0,70.0,1,13.579999999999984,Normal Persistent Source,0,LOW,Normal Persistent Source,98.78,0.0,0.0,0.32,0.0,0.5,98.78,0.4,Mining Activity,98.28,False,Confident Assessment,Unnamed Industrial Feature,1.39,0.0,LOW
22.36843,87.29816,309.97,0.43,0.46,2026-09-26,1932,N20,VIIRS,n,2.0NRT,293.93,1.68,N,VIIRS_NOAA20_NRT,3.328068181818183,88,0.0041143212727009,-49.52026496397721,Persistent / Stable,1,1.52,Unnamed Industrial Feature,1,175.27,0,87.05,0,Industrial,0,1,-49.52026496397721,0.39,0,0,1,0,70.0,1,16.04000000000002,Normal Persistent Source,0,LOW,Normal Persistent Source,99.38,0.0,0.0,0.0,0.0,0.6,99.38,0.02,Mining Activity,98.78,False,Confident Assessment,Unnamed Industrial Feature,1.52,0.0,LOW
22.48005,75.45055,332.38,0.39,0.36,2026-09-26,826,N,VIIRS,n,2.0NRT,304.57,1.66,D,VIIRS_SNPP_NRT,0.0,0,,0.0,New / No Local History,1,29.59,Pithampur Industrial Area,0,271.0,0,234.1,0,Other,4,0,0.0,1.66,0,0,0,1,70.0,0,27.81,Agricultural Burning,0,LOW,Agricultural Burning,98.85,98.85,0.44,0.0,0.0,0.0,0.0,0.71,Other Thermal Event,98.14,False,Confident Assessment,Pithampur Industrial Area,29.59,0.0,LOW
22.41639,69.03926,324.79,0.39,0.36,2026-09-26,2114,N20,VIIRS,n,2.0NRT,296.79,1.73,N,VIIRS_NOAA20_NRT,1.83375,8,0.0349497742247517,-5.657805044308124,Persistent / Stable,1,2.73,TATA Chemicals,0,115.19,0,69.98,0,Other,4,1,-5.657805044308124,0.61,0,0,1,0,70.0,1,28.0,Normal Persistent Source,0,LOW,Normal Persistent Source,87.12,0.26,0.0,0.0,0.0,0.0,87.12,12.62,Other Thermal Event,74.5,False,Confident Assessment,TATA Chemicals,2.73,0.0,LOW
32.99234,75.49831,302.78,0.41,0.37,2026-09-26,2053,N,VIIRS,n,2.0NRT,283.03,0.79,N,VIIRS_SNPP_NRT,0.0,0,,0.0,New / No Local History,1,67.39,Kathua Industrial Area,0,517.73,0,299.78,0,Other,4,0,0.0,0.79,0,0,0,1,70.0,1,19.75,Agricultural Burning,0,LOW,Agricultural Burning,96.76,96.76,1.04,0.0,0.0,0.0,0.02,2.17,Other Thermal Event,94.59,False,Confident Assessment,Kathua Industrial Area,67.39,0.0,LOW
11.09682,77.90578,307.98,0.38,0.36,2026-09-26,2019,N21,VIIRS,n,2.0NRT,293.07,0.83,N,VIIRS_NOAA21_NRT,0.0,0,,0.0,New / No Local History,1,11.09,TNPL Paper Mill,0,182.11,0,88.47,0,Cropland / Agriculture,3,0,0.0,0.83,0,0,0,1,70.0,1,14.910000000000023,Agricultural Burning,0,LOW,Agricultural Burning,99.96,99.96,0.0,0.0,0.0,0.0,0.01,0.02,Other Thermal Event,99.94,False,Confident Assessment,TNPL Paper Mill,11.09,0.0,LOW
21.23123,79.62966,305.34,0.39,0.36,2026-09-26,2017,N21,VIIRS,n,2.0NRT,294.11,0.82,N,VIIRS_NOAA21_NRT,0.8525,4,0.0111038128434046,-3.812316715542532,Persistent / Stable,1,68.43,MIDC Nagpur Butibori,0,145.46,0,362.29,0,Forest / Woodland,2,1,-3.812316715542532,0.44,0,0,1,0,70.0,1,11.22999999999996,Agricultural Burning,0,LOW,Agricultural Burning,90.48,90.48,0.0,0.05,0.0,0.0,0.75,8.71,Other Thermal Event,81.77,False,Confident Assessment,MIDC Nagpur Butibori,68.43,0.0,LOW
9.9919,78.67371,333.55,0.38,0.43,2026-09-26,744,N21,VIIRS,n,2.0NRT,302.76,1.88,D,VIIRS_NOAA21_NRT,0.0,0,,0.0,New / No Local History,1,62.88,Tourist bus parking,0,170.22,0,154.41,0,Other,4,0,0.0,1.88,0,0,0,1,70.0,0,30.79000000000002,Agricultural Burning,0,LOW,Agricultural Burning,99.2,99.2,0.06,0.0,0.0,0.0,0.0,0.74,Other Thermal Event,98.47,False,Confident Assessment,Tourist bus parking,62.88,0.0,LOW
20.88268,84.98409,306.73,0.54,0.42,2026-09-26,2017,N21,VIIRS,n,2.0NRT,291.65,1.88,N,VIIRS_NOAA21_NRT,3.015394736842105,76,0.0089710308503807,-37.65327049788366,Persistent / Stable,1,0.88,Angul Steel Plant,1,25.62,0,150.68,0,Industrial,0,1,-37.65327049788366,0.47,0,0,1,0,70.0,1,15.08000000000004,Normal Persistent Source,0,LOW,Normal Persistent Source,99.98,0.0,0.0,0.0,0.0,0.0,99.98,0.02,Other Thermal Event,99.97,False,Confident Assessment,Angul Steel Plant,0.88,0.0,LOW
24.24532,93.81747,329.43,0.39,0.44,2026-09-26,644,N,VIIRS,n,2.0NRT,293.64,1.88,D,VIIRS_SNPP_NRT,0.0,0,,0.0,New / No Local History,1,70.4,Unnamed Industrial Feature,0,751.85,0,259.89,0,Forest / Woodland,2,0,0.0,1.88,0,0,0,1,70.0,0,35.79000000000002,Agricultural Burning,0,LOW,Agricultural Burning,98.48,98.48,1.05,0.0,0.0,0.0,0.0,0.47,Forest / Wildfire,97.43,False,Confident Assessment,Unnamed Industrial Feature,70.4,0.0,LOW
22.21312,84.87204,308.87,0.51,0.41,2026-09-26,2017,N21,VIIRS,n,2.0NRT,292.82,1.95,N,VIIRS_NOAA21_NRT,2.41,23,0.0638285168869194,-19.08713692946056,Persistent / Stable,1,0.45,Rourkela Steel Plant SAIL,1,44.79,0,93.22,0,Industrial,0,1,-19.08713692946056,0.57,0,0,1,0,70.0,1,16.05000000000001,Normal Persistent Source,0,LOW,Normal Persistent Source,99.68,0.0,0.0,0.0,0.0,0.3,99.68,0.02,Mining Activity,99.38,False,Confident Assessment,Rourkela Steel Plant SAIL,0.45,0.0,LOW
22.214,84.86721,317.32,0.51,0.41,2026-09-26,2017,N21,VIIRS,n,2.0NRT,292.47,1.95,N,VIIRS_NOAA21_NRT,2.41,23,0.0984558215383747,-19.08713692946056,Persistent / Stable,1,0.1,Rourkela Steel Plant SAIL,1,45.25,0,92.79,0,Industrial,0,1,-19.08713692946056,0.57,0,0,1,0,70.0,1,24.84999999999997,Normal Persistent Source,0,LOW,Normal Persistent Source,99.82,0.0,0.0,0.0,0.0,0.0,99.82,0.18,Other Thermal Event,99.64,False,Confident Assessment,Rourkela Steel Plant SAIL,0.1,0.0,LOW
22.03898,83.35203,315.07,0.44,0.38,2026-09-26,2017,N21,VIIRS,n,2.0NRT,285.22,1.92,N,VIIRS_NOAA21_NRT,1.5653846153846156,13,0.0049163274378502,22.65356265356263,Persistent / Stable,1,2.62,Unnamed Industrial Feature,0,77.35,0,71.32,0,Other,4,1,22.65356265356263,0.75,0,0,1,0,70.0,1,29.84999999999997,Normal Persistent Source,0,LOW,Normal Persistent Source,89.23,0.26,0.0,0.0,0.0,0.0,89.23,10.52,Other Thermal Event,78.71,False,Confident Assessment,Unnamed Industrial Feature,2.62,0.0,LOW
11.24263,79.49302,332.83,0.35,0.57,2026-09-26,841,N20,VIIRS,n,2.0NRT,298.69,1.92,D,VIIRS_NOAA20_NRT,0.0,0,,0.0,New / No Local History,1,31.87,Ramco Cements,0,63.96,0,65.34,0,Cropland / Agriculture,3,0,0.0,1.92,0,0,0,1,70.0,0,34.139999999999986,Agricultural Burning,0,LOW,Agricultural Burning,99.56,99.56,0.06,0.0,0.0,0.0,0.0,0.38,Other Thermal Event,99.18,False,Confident Assessment,Ramco Cements,31.87,0.0,LOW
23.55984,87.23104,302.69,0.51,0.66,2026-09-26,2055,N,VIIRS,n,2.0NRT,288.27,1.71,N,VIIRS_SNPP_NRT,2.9255263157894738,38,0.1661831087803183,-41.54897904110821,Persistent / Stable,1,2.88,Durgapur Steel Thermal Power Station,0,85.0,0,190.5,0,Other,4,1,-41.54897904110821,0.44,0,0,1,0,70.0,1,14.420000000000016,Normal Persistent Source,0,LOW,Normal Persistent Source,92.47,0.24,0.0,0.0,0.0,0.04,92.47,7.25,Other Thermal Event,85.22,False,Confident Assessment,Durgapur Steel Thermal Power Station,2.88,0.0,LOW
21.8236,83.99621,307.43,0.47,0.39,2026-09-26,2017,N21,VIIRS,n,2.0NRT,292.85,0.75,N,VIIRS_NOAA21_NRT,2.94,2,0.0885054748434052,-74.48979591836735,Persistent / Reduced,1,2.5,Unnamed Industrial Feature,1,113.79,0,9.7,0,Other,4,1,-74.48979591836735,0.19,0,0,1,0,70.0,1,14.579999999999984,Normal Persistent Source,0,LOW,Normal Persistent Source,87.08,1.12,0.0,1.74,0.0,0.0,87.08,10.05,Other Thermal Event,77.03,False,Confident Assessment,Unnamed Industrial Feature,2.5,0.0,LOW
23.04278,69.94942,332.09,0.42,0.37,2026-09-26,843,N20,VIIRS,l,2.0NRT,306.73,0.8,D,VIIRS_NOAA20_NRT,0.0,0,,0.0,New / No Local History,1,12.18,Unnamed Industrial Feature,0,29.9,0,63.36,0,Other,4,0,0.0,0.8,0,0,0,1,30.0,0,25.35999999999996,Agricultural Burning,0,LOW,Agricultural Burning,97.13,97.13,0.0,0.0,0.0,0.0,0.34,2.54,Other Thermal Event,94.59,False,Confident Assessment,Unnamed Industrial Feature,12.18,0.0,LOW
19.9159,79.30682,302.61,0.51,0.66,2026-09-26,2114,N20,VIIRS,n,2.0NRT,292.01,0.8,N,VIIRS_NOAA20_NRT,0.0,0,,0.0,New / No Local History,1,5.08,Chandrapur Thermal Power Station,0,4.96,1,218.37,0,Other,4,0,0.0,0.8,0,0,0,1,70.0,1,10.600000000000025,Agricultural Burning,0,LOW,Mining Activity,40.43,34.97,0.0,0.27,0.02,40.43,14.52,9.8,Agricultural Burning,5.46,True,Ambiguous (Mining Activity vs Agricultural Burning),Chandrapur Thermal Power Station,5.08,0.0,LOW
15.01121,76.90011,302.91,0.51,0.41,2026-09-26,2055,N,VIIRS,n,2.0NRT,291.98,0.8,N,VIIRS_SNPP_NRT,0.0,0,,0.0,New / No Local History,1,14.44,Bellary JSW Steel Plant,0,15.58,0,247.26,0,Forest / Woodland,2,0,0.0,0.8,0,0,0,1,70.0,1,10.930000000000009,Agricultural Burning,0,LOW,Agricultural Burning,97.28,97.28,0.33,0.0,0.0,0.0,0.0,2.38,Other Thermal Event,94.9,False,Confident Assessment,Bellary JSW Steel Plant,14.44,0.0,LOW
23.6935,87.11221,304.15,0.46,0.47,2026-09-26,1932,N20,VIIRS,n,2.0NRT,291.55,1.85,N,VIIRS_NOAA20_NRT,2.650307692307692,65,0.0173160390823851,-30.196784117954355,Persistent / Stable,1,0.26,Unnamed Industrial Feature,1,70.32,0,209.26,0,Industrial,0,1,-30.196784117954355,0.51,0,0,1,0,70.0,1,12.599999999999966,Normal Persistent Source,0,LOW,Normal Persistent Source,97.71,0.0,0.0,0.77,0.0,0.0,97.71,1.52,Other Thermal Event,96.19,False,Confident Assessment,Unnamed Industrial Feature,0.26,0.0,LOW
10.99091,77.61662,335.84,0.39,0.36,2026-09-26,822,N,VIIRS,l,2.0NRT,308.58,1.84,D,VIIRS_SNPP_NRT,0.0,0,,0.0,New / No Local History,1,28.34,SIPCOT Perundurai,0,151.96,0,58.58,0,Cropland / Agriculture,3,0,0.0,1.84,0,0,0,1,30.0,0,27.25999999999999,Agricultural Burning,0,LOW,Agricultural Burning,99.4,99.4,0.06,0.0,0.0,0.0,0.0,0.54,Other Thermal Event,98.86,False,Confident Assessment,SIPCOT Perundurai,28.34,0.0,LOW
21.19357,81.39189,318.39,0.39,0.36,2026-09-26,2017,N21,VIIRS,n,2.0NRT,293.93,1.89,N,VIIRS_NOAA21_NRT,2.583846153846154,26,0.0037397282634853,-26.85323012801429,Persistent / Stable,1,1.03,Bhilai Steel Plant,1,171.17,0,283.94,0,Industrial,0,1,-26.85323012801429,0.53,0,0,1,0,70.0,1,24.45999999999998,Normal Persistent Source,0,LOW,Normal Persistent Source,99.99,0.0,0.0,0.0,0.0,0.0,99.99,0.01,Other Thermal Event,99.97,False,Confident Assessment,Bhilai Steel Plant,1.03,0.0,LOW
27.39381,70.84896,336.58,0.5,0.41,2026-09-26,845,N20,VIIRS,l,2.0NRT,306.95,1.89,D,VIIRS_NOAA20_NRT,0.0,0,,0.0,New / No Local History,1,153.73,Unnamed Industrial Feature,0,297.23,0,175.54,0,Other,4,0,0.0,1.89,0,0,0,1,30.0,0,29.629999999999995,Agricultural Burning,0,LOW,Agricultural Burning,98.0,98.0,0.35,0.0,0.0,0.0,0.0,1.65,Other Thermal Event,96.35,False,Confident Assessment,Unnamed Industrial Feature,153.73,0.0,LOW
22.36483,87.3002,314.66,0.46,0.47,2026-09-26,2017,N21,VIIRS,n,2.0NRT,294.47,3.88,N,VIIRS_NOAA21_NRT,2.8224193548387104,62,0.0054116591520451,37.47071261214923,Persistent / Stable,1,1.67,Unnamed Industrial Feature,1,175.72,0,86.68,0,Industrial,0,1,37.47071261214923,1.02,0,0,1,0,70.0,1,20.19,Normal Persistent Source,0,LOW,Normal Persistent Source,99.14,0.0,0.0,0.0,0.0,0.0,99.14,0.86,Other Thermal Event,98.28,False,Confident Assessment,Unnamed Industrial Feature,1.67,0.0,LOW
31.30234,74.867,334.21,0.43,0.38,2026-09-26,828,N,VIIRS,n,2.0NRT,302.47,3.86,D,VIIRS_SNPP_NRT,0.0,0,,0.0,New / No Local History,1,41.45,Unnamed Industrial Feature,0,381.05,0,127.32,0,Cropland / Agriculture,3,0,0.0,3.86,0,0,0,1,70.0,0,31.739999999999952,Agricultural Burning,0,LOW,Agricultural Burning,99.87,99.87,0.06,0.0,0.0,0.0,0.0,0.06,Other Thermal Event,99.81,False,Confident Assessment,Unnamed Industrial Feature,41.45,0.0,LOW
12.84197,78.52441,335.22,0.41,0.37,2026-09-26,822,N,VIIRS,n,2.0NRT,303.33,3.85,D,VIIRS_SNPP_NRT,0.0,0,,0.0,New / No Local History,1,28.98,Unnamed Industrial Feature,0,105.45,0,75.06,0,Cropland / Agriculture,3,0,0.0,3.85,0,0,0,1,70.0,0,31.890000000000043,Agricultural Burning,0,LOW,Agricultural Burning,99.84,99.84,0.06,0.0,0.0,0.0,0.0,0.1,Other Thermal Event,99.75,False,Confident Assessment,Unnamed Industrial Feature,28.98,0.0,LOW
14.5209,77.51229,339.41,0.39,0.36,2026-09-26,822,N,VIIRS,n,2.0NRT,294.91,3.82,D,VIIRS_SNPP_NRT,0.0,0,,0.0,New / No Local History,1,74.5,Loco Shed,0,94.59,0,174.52,0,Cropland / Agriculture,3,0,0.0,3.82,0,0,0,1,70.0,0,44.5,Agricultural Burning,0,LOW,Agricultural Burning,97.98,97.98,1.2,0.0,0.0,0.0,0.0,0.82,Forest / Wildfire,96.78,False,Confident Assessment,Loco Shed,74.5,0.0,LOW
27.73372,96.28167,330.56,0.56,0.51,2026-09-26,608,N21,VIIRS,n,2.0NRT,291.22,4.11,D,VIIRS_NOAA21_NRT,0.0,0,,0.0,New / No Local History,1,72.54,Unnamed Industrial Feature,0,1078.82,0,75.33,0,Forest / Woodland,2,0,0.0,4.11,0,0,0,1,70.0,0,39.339999999999975,Agricultural Burning,0,LOW,Agricultural Burning,98.41,98.41,0.06,0.0,0.0,0.0,0.0,1.53,Other Thermal Event,96.88,False,Confident Assessment,Unnamed Industrial Feature,72.54,0.0,LOW
9.46338,77.75925,336.14,0.44,0.46,2026-09-26,744,N21,VIIRS,n,2.0NRT,305.87,4.09,D,VIIRS_NOAA21_NRT,0.0,0,,0.0,New / No Local History,1,13.29,Unnamed Industrial Feature,0,66.61,0,118.2,0,Other,4,0,0.0,4.09,0,0,0,1,70.0,0,30.269999999999985,Agricultural Burning,0,LOW,Agricultural Burning,98.12,98.12,0.41,0.0,0.0,0.0,0.0,1.47,Other Thermal Event,96.65,False,Confident Assessment,Unnamed Industrial Feature,13.29,0.0,LOW
11.17843,79.35198,332.77,0.5,0.41,2026-09-26,746,N21,VIIRS,l,2.0NRT,305.17,4.08,D,VIIRS_NOAA21_NRT,0.0,0,,0.0,New / No Local History,1,21.19,Unnamed Industrial Feature,0,78.12,0,70.61,0,Cropland / Agriculture,3,0,0.0,4.08,0,0,0,1,30.0,0,27.59999999999997,Agricultural Burning,0,LOW,Agricultural Burning,99.53,99.53,0.06,0.0,0.0,0.0,0.0,0.41,Other Thermal Event,99.11,False,Confident Assessment,Unnamed Industrial Feature,21.19,0.0,LOW
31.33802,75.02751,333.46,0.43,0.38,2026-09-26,828,N,VIIRS,n,2.0NRT,300.87,4.08,D,VIIRS_SNPP_NRT,0.0,0,,0.0,New / No Local History,1,29.74,Rail Coach Factory - RCF Kapurthala,0,374.92,0,130.88,0,Cropland / Agriculture,3,0,0.0,4.08,0,0,0,1,70.0,0,32.589999999999975,Agricultural Burning,0,LOW,Agricultural Burning,99.88,99.88,0.06,0.0,0.0,0.0,0.0,0.06,Forest / Wildfire,99.82,False,Confident Assessment,Rail Coach Factory - RCF Kapurthala,29.74,0.0,LOW
21.93035,85.21828,302.25,0.53,0.42,2026-09-26,2017,N21,VIIRS,n,2.0NRT,291.16,0.75,N,VIIRS_NOAA21_NRT,1.847058823529412,17,0.0187073851266783,-59.39490445859873,Persistent / Reduced,1,3.99,Kalta Mines Office,0,3.99,1,122.58,0,Mining,1,1,-59.39490445859873,0.26,0,0,1,0,70.0,1,11.089999999999977,Mining Activity,0,LOW,Mining Activity,95.5,0.4,0.0,0.53,0.02,95.5,2.32,1.24,Normal Persistent Source,93.17,False,Confident Assessment,Kalta Mines Office,3.99,0.0,LOW
21.30182,81.60844,307.88,0.39,0.36,2026-09-26,2017,N21,VIIRS,n,2.0NRT,293.35,0.73,N,VIIRS_NOAA21_NRT,1.3085714285714285,7,0.0758740675896238,-44.21397379912664,Persistent / Stable,1,0.96,Unnamed Industrial Feature,1,148.11,0,259.04,0,Industrial,0,1,-44.21397379912664,0.32,0,0,1,0,70.0,1,14.529999999999973,Normal Persistent Source,0,LOW,Normal Persistent Source,98.68,0.0,0.0,0.0,0.0,0.0,98.68,1.32,Other Thermal Event,97.37,False,Confident Assessment,Unnamed Industrial Feature,0.96,0.0,LOW
12.92825,79.12412,305.1,0.39,0.36,2026-09-26,2019,N21,VIIRS,n,2.0NRT,294.03,0.73,N,VIIRS_NOAA21_NRT,0.7,1,0.6809377605209079,4.28571428571429,Single Historical Detection,1,22.83,SIPCOT Ranipet Industrial Estate,0,113.84,0,125.7,0,Cropland / Agriculture,3,1,4.28571428571429,0.43,0,0,0,0,70.0,1,11.07000000000005,Agricultural Burning,0,LOW,Agricultural Burning,98.61,98.61,0.0,0.0,0.0,0.0,0.03,1.36,Other Thermal Event,97.25,False,Confident Assessment,SIPCOT Ranipet Industrial Estate,22.83,0.0,LOW
21.29849,81.60783,311.22,0.39,0.36,2026-09-26,2017,N21,VIIRS,n,2.0NRT,293.16,0.72,N,VIIRS_NOAA21_NRT,1.505,8,0.0124369475978646,-52.15946843853821,Persistent / Reduced,1,0.78,Unnamed Industrial Feature,1,148.18,0,259.2,0,Industrial,0,1,-52.15946843853821,0.29,0,0,1,0,70.0,1,18.06,Normal Persistent Source,0,LOW,Normal Persistent Source,99.99,0.0,0.0,0.0,0.0,0.0,99.99,0.01,Other Thermal Event,99.99,False,Confident Assessment,Unnamed Industrial Feature,0.78,0.0,LOW
10.53714,77.34552,339.3,0.38,0.36,2026-09-26,822,N,VIIRS,n,2.0NRT,308.05,3.97,D,VIIRS_SNPP_NRT,9.0,1,1.3285523960609336,-55.88888888888888,Single Historical Detection,1,49.21,Unnamed Industrial Feature,0,105.08,0,61.73,0,Cropland / Agriculture,3,1,-55.88888888888888,0.4,0,0,0,0,70.0,0,31.25,Agricultural Burning,0,LOW,Agricultural Burning,95.1,95.1,0.0,0.0,0.0,0.0,0.3,4.6,Other Thermal Event,90.5,False,Confident Assessment,Unnamed Industrial Feature,49.21,0.0,LOW
15.68949,80.00367,338.24,0.5,0.41,2026-09-26,822,N,VIIRS,n,2.0NRT,302.37,3.92,D,VIIRS_SNPP_NRT,0.0,0,,0.0,New / No Local History,1,19.56,kummitha's farm,0,277.08,0,240.3,0,Cropland / Agriculture,3,0,0.0,3.92,0,0,0,1,70.0,0,35.870000000000005,Agricultural Burning,0,LOW,Agricultural Burning,98.83,98.83,1.14,0.0,0.0,0.0,0.0,0.03,Forest / Wildfire,97.69,False,Confident Assessment,kummitha's farm,19.56,0.0,LOW
27.95098,96.70307,331.25,0.53,0.42,2026-09-26,703,N20,VIIRS,n,2.0NRT,297.27,3.9,D,VIIRS_NOAA20_NRT,0.0,0,,0.0,New / No Local History,1,119.91,Unnamed Industrial Feature,0,1126.26,0,123.28,0,Forest / Woodland,2,0,0.0,3.9,0,0,0,1,70.0,0,33.98000000000002,Agricultural Burning,0,LOW,Agricultural Burning,98.79,98.79,0.06,0.0,0.0,0.0,0.0,1.15,Other Thermal Event,97.64,False,Confident Assessment,Unnamed Industrial Feature,119.91,0.0,LOW
11.12721,77.43645,341.11,0.44,0.46,2026-09-26,746,N21,VIIRS,n,2.0NRT,300.04,3.88,D,VIIRS_NOAA21_NRT,0.0,0,,0.0,New / No Local History,1,11.29,Unnamed Industrial Feature,0,130.79,0,37.8,0,Cropland / Agriculture,3,0,0.0,3.88,0,0,0,1,70.0,0,41.06999999999999,Agricultural Burning,0,LOW,Agricultural Burning,99.64,99.64,0.06,0.0,0.0,0.0,0.0,0.3,Other Thermal Event,99.33,False,Confident Assessment,Unnamed Industrial Feature,11.29,0.0,LOW
12.88254,79.92144,305.58,0.5,0.66,2026-09-26,1934,N20,VIIRS,n,2.0NRT,290.15,0.6,N,VIIRS_NOAA20_NRT,3.643333333333333,3,1.4211039488028736,-83.53156450137237,Persistent / Reduced,1,11.21,Unnamed Industrial Feature,0,28.97,0,45.69,0,Cropland / Agriculture,3,1,-83.53156450137237,0.13,0,0,1,0,70.0,1,15.430000000000009,Agricultural Burning,0,LOW,Agricultural Burning,83.96,83.96,0.0,0.15,0.0,0.0,0.43,15.46,Other Thermal Event,68.51,False,Confident Assessment,Unnamed Industrial Feature,11.21,0.0,LOW
17.14165,77.1842,303.75,0.42,0.38,2026-09-26,2017,N21,VIIRS,n,2.0NRT,290.14,0.59,N,VIIRS_NOAA21_NRT,1.548,10,0.0055864851914248,-61.88630490956073,Persistent / Reduced,1,0.69,Unnamed Industrial Feature,1,223.25,0,166.25,0,Industrial,0,1,-61.88630490956073,0.23,0,0,1,0,70.0,1,13.610000000000014,Normal Persistent Source,0,LOW,Normal Persistent Source,99.33,0.0,0.0,0.33,0.0,0.0,99.33,0.34,Other Thermal Event,98.99,False,Confident Assessment,Unnamed Industrial Feature,0.69,0.0,LOW
21.92226,83.35341,298.11,0.38,0.59,2026-09-26,1932,N20,VIIRS,n,2.0NRT,277.14,0.71,N,VIIRS_NOAA20_NRT,2.8140740740740737,27,0.0041298790212248,-74.769676230587,Persistent / Reduced,1,0.82,Jindal Steel Works,1,74.45,0,69.67,0,Industrial,0,1,-74.769676230587,0.19,0,0,1,0,70.0,1,20.970000000000027,Normal Persistent Source,0,LOW,Normal Persistent Source,99.38,0.0,0.0,0.0,0.0,0.0,99.38,0.62,Other Thermal Event,98.76,False,Confident Assessment,Jindal Steel Works,0.82,0.0,LOW
21.73774,83.97941,302.91,0.34,0.56,2026-09-26,1932,N20,VIIRS,n,2.0NRT,289.99,0.69,N,VIIRS_NOAA20_NRT,1.94,1,0.2899913828441305,-64.43298969072166,Single Historical Detection,1,5.16,Bhushan Power & Steel,0,107.87,0,19.34,0,Other,4,1,-64.43298969072166,0.23,0,0,0,0,70.0,1,12.920000000000016,Agricultural Burning,0,LOW,Agricultural Burning,85.98,85.98,0.0,0.0,0.0,0.0,3.59,10.43,Other Thermal Event,75.55,False,Confident Assessment,Bhushan Power & Steel,5.16,0.0,LOW
21.24054,79.22932,304.48,0.39,0.36,2026-09-26,2017,N21,VIIRS,n,2.0NRT,294.0,0.68,N,VIIRS_NOAA21_NRT,1.085,4,0.607356741810527,-37.32718894009216,Persistent / Stable,1,36.1,MIDC Nagpur Butibori,0,142.58,0,365.51,0,Forest / Woodland,2,1,-37.32718894009216,0.33,0,0,1,0,70.0,1,10.480000000000018,Agricultural Burning,0,LOW,Agricultural Burning,89.47,89.47,0.0,0.05,0.0,0.0,0.39,10.09,Other Thermal Event,79.37,False,Confident Assessment,MIDC Nagpur Butibori,36.1,0.0,LOW
34.6264,73.79227,295.93,0.42,0.37,2026-09-26,2110,N20,VIIRS,n,2.0NRT,280.98,0.68,N,VIIRS_NOAA20_NRT,0.0,0,,0.0,New / No Local History,1,297.36,Kathua Industrial Area,0,747.7,0,508.87,0,Other,4,0,0.0,0.68,0,0,0,1,70.0,1,14.949999999999989,Agricultural Burning,0,LOW,Agricultural Burning,95.75,95.75,1.31,0.0,0.0,0.0,0.15,2.79,Other Thermal Event,92.96,False,Confident Assessment,Kathua Industrial Area,297.36,0.0,LOW
11.45766,78.03947,307.94,0.38,0.36,2026-09-26,2019,N21,VIIRS,n,2.0NRT,292.8,0.67,N,VIIRS_NOAA21_NRT,7.99,1,0.5299107462615815,-91.6145181476846,Single Historical Detection,1,21.97,Salem Steel Plant,0,177.02,0,104.83,0,Cropland / Agriculture,3,1,-91.6145181476846,0.07,0,0,0,0,70.0,1,15.139999999999986,Agricultural Burning,0,LOW,Agricultural Burning,93.1,93.1,0.0,0.0,0.0,0.0,0.2,6.71,Other Thermal Event,86.39,False,Confident Assessment,Salem Steel Plant,21.97,0.0,LOW
12.15558,78.51775,312.65,0.38,0.36,2026-09-26,2019,N21,VIIRS,n,2.0NRT,291.95,0.66,N,VIIRS_NOAA21_NRT,0.0,0,,0.0,New / No Local History,1,48.26,Unnamed Industrial Feature,0,138.42,0,117.47,0,Cropland / Agriculture,3,0,0.0,0.66,0,0,0,1,70.0,1,20.69999999999999,Agricultural Burning,0,LOW,Agricultural Burning,99.79,99.79,0.0,0.0,0.0,0.0,0.0,0.21,Other Thermal Event,99.58,False,Confident Assessment,Unnamed Industrial Feature,48.26,0.0,LOW
21.57743,82.02455,305.74,0.4,0.37,2026-09-26,2017,N21,VIIRS,n,2.0NRT,292.48,0.57,N,VIIRS_NOAA21_NRT,1.3450000000000002,2,0.2471555529406217,-57.62081784386618,Persistent / Reduced,1,0.31,Unnamed Industrial Feature,1,108.72,0,210.17,0,Industrial,0,1,-57.62081784386618,0.24,0,0,1,0,70.0,1,13.259999999999993,Normal Persistent Source,0,LOW,Normal Persistent Source,97.74,0.0,0.0,0.33,0.0,0.0,97.74,1.93,Other Thermal Event,95.81,False,Confident Assessment,Unnamed Industrial Feature,0.31,0.0,LOW
25.54259,91.23656,295.54,0.35,0.57,2026-09-26,2017,N21,VIIRS,n,2.0NRT,283.15,0.55,N,VIIRS_NOAA21_NRT,0.8525,4,0.0070424393755874,-35.48387096774193,Persistent / Stable,1,54.42,Unnamed Industrial Feature,0,523.0,0,80.76,0,Forest / Woodland,2,1,-35.48387096774193,0.3,0,0,1,0,70.0,1,12.390000000000043,Agricultural Burning,0,LOW,Agricultural Burning,93.45,93.45,0.0,0.05,0.0,0.0,0.61,5.89,Other Thermal Event,87.55,False,Confident Assessment,Unnamed Industrial Feature,54.42,0.0,LOW
23.8252,84.93956,304.07,0.63,0.54,2026-09-26,1932,N20,VIIRS,n,2.0NRT,289.98,0.54,N,VIIRS_NOAA20_NRT,0.6579999999999999,5,0.0002134789339653,-17.933130699088128,Persistent / Stable,1,21.28,Tori Power Project,0,98.34,0,211.48,0,Other,4,1,-17.933130699088128,0.33,0,0,1,0,70.0,1,14.089999999999977,Agricultural Burning,0,LOW,Agricultural Burning,85.21,85.21,0.0,0.0,0.0,0.02,3.51,11.26,Other Thermal Event,73.95,False,Confident Assessment,Tori Power Project,21.28,0.0,LOW
34.62698,73.79097,297.15,0.42,0.37,2026-09-26,2110,N20,VIIRS,n,2.0NRT,281.12,0.66,N,VIIRS_NOAA20_NRT,0.0,0,,0.0,New / No Local History,1,297.48,Kathua Industrial Area,0,747.81,0,508.96,0,Other,4,0,0.0,0.66,0,0,0,1,70.0,1,16.029999999999973,Agricultural Burning,0,LOW,Agricultural Burning,95.62,95.62,1.31,0.0,0.0,0.0,0.15,2.92,Other Thermal Event,92.7,False,Confident Assessment,Kathua Industrial Area,297.48,0.0,LOW
12.02698,79.06425,303.3,0.51,0.49,2026-09-26,2057,N,VIIRS,n,2.0NRT,290.96,0.66,N,VIIRS_SNPP_NRT,2.5575,4,0.6363501489089868,-74.19354838709677,Persistent / Reduced,1,65.58,Neyveli Lignite Corporation,0,82.36,0,163.9,0,Cropland / Agriculture,3,1,-74.19354838709677,0.19,0,0,1,0,70.0,1,12.340000000000032,Agricultural Burning,0,LOW,Agricultural Burning,87.96,87.96,0.0,0.05,0.0,0.04,0.8,11.15,Other Thermal Event,76.81,False,Confident Assessment,Neyveli Lignite Corporation,65.58,0.0,LOW
10.94313,77.14717,333.49,0.38,0.36,2026-09-26,822,N,VIIRS,l,2.0NRT,306.36,0.62,D,VIIRS_SNPP_NRT,0.0,0,,0.0,New / No Local History,1,11.86,Indian Oil Depot,0,102.9,0,11.86,0,Cropland / Agriculture,3,0,0.0,0.62,0,0,0,1,30.0,0,27.129999999999995,Agricultural Burning,0,LOW,Agricultural Burning,94.35,94.35,0.39,1.1,0.0,0.0,1.21,2.95,Other Thermal Event,91.41,False,Confident Assessment,Indian Oil Depot,11.86,0.0,LOW
19.80487,78.8643,303.26,0.48,0.65,2026-09-26,2114,N20,VIIRS,n,2.0NRT,292.4,0.61,N,VIIRS_NOAA20_NRT,0.61,2,0.0370735702372088,0.0,Persistent / Stable,1,21.09,Unnamed Industrial Feature,0,48.72,0,218.29,0,Forest / Woodland,2,1,0.0,0.38,0,0,1,0,70.0,1,10.860000000000014,Agricultural Burning,0,LOW,Agricultural Burning,95.51,95.51,0.0,0.0,0.0,0.0,0.42,4.07,Other Thermal Event,91.44,False,Confident Assessment,Unnamed Industrial Feature,21.09,0.0,LOW
21.92951,83.33541,296.66,0.38,0.59,2026-09-26,1932,N20,VIIRS,n,2.0NRT,274.57,0.6,N,VIIRS_NOAA20_NRT,2.8140740740740737,27,0.1816735111785374,-78.67859963148196,Persistent / Reduced,1,1.3,Jindal Steel Works,1,74.39,0,71.55,0,Industrial,0,1,-78.67859963148196,0.16,0,0,1,0,70.0,1,22.090000000000032,Normal Persistent Source,0,LOW,Normal Persistent Source,91.83,0.0,0.0,0.0,0.0,0.0,91.83,8.17,Other Thermal Event,83.66,False,Confident Assessment,Jindal Steel Works,1.3,0.0,LOW
28.01395,95.55893,334.34,0.5,0.41,2026-09-25,629,N21,VIIRS,n,2.0NRT,300.33,10.37,D,VIIRS_NOAA21_NRT,0.0,0,,0.0,New / No Local History,1,61.16,Truck Stand and Weight Bridge,0,1026.01,0,69.62,0,Forest / Woodland,2,0,0.0,10.37,0,0,0,1,70.0,0,34.00999999999999,Agricultural Burning,0,LOW,Agricultural Burning,97.04,97.04,1.15,0.0,0.0,0.0,0.0,1.81,Other Thermal Event,95.22,False,Confident Assessment,Truck Stand and Weight Bridge,61.16,0.0,LOW
27.67271,96.22423,345.15,0.42,0.38,2026-09-25,703,N,VIIRS,n,2.0NRT,295.35,10.1,D,VIIRS_SNPP_NRT,0.0,0,,0.0,New / No Local History,1,63.82,Unnamed Industrial Feature,0,1071.06,0,67.03,0,Forest / Woodland,2,0,0.0,10.1,0,0,0,1,70.0,0,49.79999999999996,Agricultural Burning,0,LOW,Agricultural Burning,95.5,95.5,1.74,0.0,0.0,0.0,0.0,2.76,Other Thermal Event,92.74,False,Confident Assessment,Unnamed Industrial Feature,63.82,0.0,LOW
27.73516,96.28473,343.45,0.43,0.38,2026-09-25,703,N,VIIRS,n,2.0NRT,299.52,9.99,D,VIIRS_SNPP_NRT,0.0,0,,0.0,New / No Local History,1,72.87,Unnamed Industrial Feature,0,1079.16,0,75.67,0,Forest / Woodland,2,0,0.0,9.99,0,0,0,1,70.0,0,43.93000000000001,Agricultural Burning,0,LOW,Agricultural Burning,97.1,97.1,1.4,0.0,0.0,0.0,0.0,1.5,Other Thermal Event,95.6,False,Confident Assessment,Unnamed Industrial Feature,72.87,0.0,LOW
27.74032,96.32349,342.5,0.43,0.38,2026-09-25,703,N,VIIRS,n,2.0NRT,299.24,9.54,D,VIIRS_SNPP_NRT,0.0,0,,0.0,New / No Local History,1,76.13,Unnamed Industrial Feature,0,1082.91,0,79.24,0,Forest / Woodland,2,0,0.0,9.54,0,0,0,1,70.0,0,43.25999999999999,Agricultural Burning,0,LOW,Agricultural Burning,98.16,98.16,0.44,0.0,0.0,0.0,0.0,1.4,Other Thermal Event,96.76,False,Confident Assessment,Unnamed Industrial Feature,76.13,0.0,LOW
9.50479,77.60306,333.81,0.5,0.49,2026-09-26,839,N20,VIIRS,l,2.0NRT,307.54,2.08,D,VIIRS_NOAA20_NRT,1.59,1,0.7700236655229408,30.81761006289308,Single Historical Detection,1,16.73,Unnamed Industrial Feature,0,48.87,0,102.29,0,Other,4,1,30.81761006289308,0.8,0,0,0,0,30.0,0,26.269999999999985,Agricultural Burning,0,LOW,Agricultural Burning,92.83,92.83,0.0,0.35,0.0,0.64,0.46,5.72,Other Thermal Event,87.11,False,Confident Assessment,Unnamed Industrial Feature,16.73,0.0,LOW
13.39359,80.10271,309.0,0.56,0.52,2026-09-26,2055,N,VIIRS,n,2.0NRT,293.68,2.08,N,VIIRS_SNPP_NRT,1.846666666666667,6,0.0270457388262653,12.635379061371845,Persistent / Stable,1,2.31,SIPCOT Gummidipundi,1,30.8,0,30.71,0,Other,4,1,12.635379061371845,0.73,0,0,1,0,70.0,1,15.319999999999991,Normal Persistent Source,0,LOW,Normal Persistent Source,97.72,0.22,0.0,0.0,0.0,0.0,97.72,2.06,Other Thermal Event,95.66,False,Confident Assessment,SIPCOT Gummidipundi,2.31,0.0,LOW
22.90327,88.40602,312.47,0.57,0.43,2026-09-26,1932,N20,VIIRS,n,2.0NRT,293.57,2.07,N,VIIRS_NOAA20_NRT,0.0,0,,0.0,New / No Local History,1,8.5,Kalyani Industrial Area,0,223.11,0,103.92,0,Other,4,0,0.0,2.07,0,0,0,1,70.0,1,18.900000000000038,Agricultural Burning,0,LOW,Agricultural Burning,97.04,97.04,0.0,0.0,0.37,0.0,0.02,2.57,Other Thermal Event,94.47,False,Confident Assessment,Kalyani Industrial Area,8.5,0.0,LOW
23.65645,85.51028,304.37,0.52,0.42,2026-09-26,2017,N21,VIIRS,n,2.0NRT,289.83,2.12,N,VIIRS_NOAA21_NRT,1.07,10,0.1161329347339743,98.13084112149532,Abnormal Increase,1,2.33,Ramgarh Industrial Area,1,41.32,0,205.05,0,Other,4,1,98.13084112149532,1.02,0,0,1,0,70.0,1,14.54000000000002,Normal Persistent Source,0,LOW,Normal Persistent Source,89.62,0.0,0.0,0.0,2.83,0.55,89.62,7.0,Other Thermal Event,82.62,False,Confident Assessment,Ramgarh Industrial Area,2.33,0.0,LOW
10.8791,77.07094,304.13,0.39,0.36,2026-09-26,2019,N21,VIIRS,n,2.0NRT,292.41,0.43,N,VIIRS_NOAA21_NRT,0.0,0,,0.0,New / No Local History,1,10.15,Larsen & Toubro Limited,0,97.25,0,16.58,0,Cropland / Agriculture,3,0,0.0,0.43,0,0,0,1,70.0,1,11.71999999999997,Agricultural Burning,0,LOW,Agricultural Burning,97.99,97.99,0.0,0.0,0.0,0.0,0.86,1.15,Other Thermal Event,96.85,False,Confident Assessment,Larsen & Toubro Limited,10.15,0.0,LOW
27.7477,96.26122,332.15,0.46,0.39,2026-09-25,629,N21,VIIRS,n,2.0NRT,299.15,6.99,D,VIIRS_NOAA21_NRT,0.0,0,,0.0,New / No Local History,1,72.13,Unnamed Industrial Feature,0,1077.53,0,74.45,0,Forest / Woodland,2,0,0.0,6.99,0,0,0,1,70.0,0,33.0,Agricultural Burning,0,LOW,Agricultural Burning,98.0,98.0,0.06,0.0,0.0,0.0,0.0,1.94,Other Thermal Event,96.06,False,Confident Assessment,Unnamed Industrial Feature,72.13,0.0,LOW
21.69298,73.23695,341.04,0.44,0.38,2026-09-25,807,N21,VIIRS,n,2.0NRT,298.47,6.96,D,VIIRS_NOAA21_NRT,0.0,0,,0.0,New / No Local History,1,10.19,Unnamed Industrial Feature,0,300.01,0,25.43,0,Other,4,0,0.0,6.96,0,0,0,1,70.0,0,42.56999999999999,Agricultural Burning,0,LOW,Agricultural Burning,96.65,96.65,0.43,0.0,0.37,0.0,0.17,2.38,Other Thermal Event,94.27,False,Confident Assessment,Unnamed Industrial Feature,10.19,0.0,LOW
28.01304,95.55397,331.24,0.5,0.41,2026-09-25,629,N21,VIIRS,n,2.0NRT,298.04,6.49,D,VIIRS_NOAA21_NRT,0.0,0,,0.0,New / No Local History,1,60.94,Truck Stand and Weight Bridge,0,1025.53,0,69.56,0,Forest / Woodland,2,0,0.0,6.49,0,0,0,1,70.0,0,33.19999999999999,Agricultural Burning,0,LOW,Agricultural Burning,97.76,97.76,0.06,0.0,0.0,0.0,0.0,2.18,Other Thermal Event,95.58,False,Confident Assessment,Truck Stand and Weight Bridge,60.94,0.0,LOW
28.01256,95.55799,347.13,0.41,0.37,2026-09-25,703,N,VIIRS,n,2.0NRT,301.84,6.41,D,VIIRS_SNPP_NRT,0.0,0,,0.0,New / No Local History,1,60.99,Truck Stand and Weight Bridge,0,1025.86,0,69.48,0,Forest / Woodland,2,0,0.0,6.41,0,0,0,1,70.0,0,45.29000000000002,Agricultural Burning,0,LOW,Agricultural Burning,95.69,95.69,0.65,0.0,0.0,0.0,0.0,3.66,Other Thermal Event,92.03,False,Confident Assessment,Truck Stand and Weight Bridge,60.99,0.0,LOW
27.768,96.03022,334.44,0.42,0.38,2026-09-25,703,N,VIIRS,n,2.0NRT,300.41,5.89,D,VIIRS_SNPP_NRT,0.0,0,,0.0,New / No Local History,1,58.35,IOCL Digboi Refinery,0,1057.33,0,58.35,0,Forest / Woodland,2,0,0.0,5.89,0,0,0,1,70.0,0,34.02999999999997,Agricultural Burning,0,LOW,Agricultural Burning,98.2,98.2,0.06,0.0,0.0,0.0,0.0,1.74,Other Thermal Event,96.46,False,Confident Assessment,IOCL Digboi Refinery,58.35,0.0,LOW
27.71784,96.26131,339.1,0.43,0.38,2026-09-25,703,N,VIIRS,n,2.0NRT,299.46,5.18,D,VIIRS_SNPP_NRT,0.0,0,,0.0,New / No Local History,1,69.87,Unnamed Industrial Feature,0,1076.3,0,72.7,0,Forest / Woodland,2,0,0.0,5.18,0,0,0,1,70.0,0,39.64000000000004,Agricultural Burning,0,LOW,Agricultural Burning,98.41,98.41,0.06,0.0,0.0,0.0,0.0,1.53,Other Thermal Event,96.88,False,Confident Assessment,Unnamed Industrial Feature,69.87,0.0,LOW
27.74703,96.26778,331.65,0.46,0.39,2026-09-25,629,N21,VIIRS,n,2.0NRT,299.29,5.13,D,VIIRS_NOAA21_NRT,0.0,0,,0.0,New / No Local History,1,72.54,Unnamed Industrial Feature,0,1078.1,0,74.95,0,Forest / Woodland,2,0,0.0,5.13,0,0,0,1,70.0,0,32.35999999999996,Agricultural Burning,0,LOW,Agricultural Burning,98.41,98.41,0.06,0.0,0.0,0.0,0.0,1.53,Other Thermal Event,96.88,False,Confident Assessment,Unnamed Industrial Feature,72.54,0.0,LOW
31.73568,75.25216,340.59,0.33,0.55,2026-09-26,845,N20,VIIRS,n,2.0NRT,299.53,4.14,D,VIIRS_NOAA20_NRT,0.0,0,,0.0,New / No Local History,1,35.49,Unnamed Industrial Feature,0,400.34,0,175.1,0,Cropland / Agriculture,3,0,0.0,4.14,0,0,0,1,70.0,0,41.06,Agricultural Burning,0,LOW,Agricultural Burning,99.88,99.88,0.06,0.0,0.0,0.0,0.0,0.06,Forest / Wildfire,99.82,False,Confident Assessment,Unnamed Industrial Feature,35.49,0.0,LOW
34.11483,74.90578,338.42,0.46,0.39,2026-09-26,828,N,VIIRS,n,2.0NRT,304.92,4.13,D,VIIRS_SNPP_NRT,0.0,0,,0.0,New / No Local History,1,201.08,Kathua Industrial Area,0,653.86,0,434.08,0,Other,4,0,0.0,4.13,0,0,0,1,70.0,0,33.5,Agricultural Burning,0,LOW,Agricultural Burning,98.41,98.41,1.0,0.0,0.0,0.0,0.0,0.59,Forest / Wildfire,97.41,False,Confident Assessment,Kathua Industrial Area,201.08,0.0,LOW
11.1663,77.33911,303.9,0.41,0.45,2026-09-26,2057,N,VIIRS,n,2.0NRT,291.8,0.54,N,VIIRS_SNPP_NRT,0.94,2,1.1988710741501802,-42.553191489361694,Persistent / Stable,1,4.78,Netaji apparel park,0,120.0,0,26.37,0,Cropland / Agriculture,3,1,-42.553191489361694,0.28,0,0,1,0,70.0,1,12.099999999999966,Agricultural Burning,0,LOW,Agricultural Burning,80.05,80.05,0.0,1.83,0.0,0.0,2.23,15.89,Other Thermal Event,64.16,False,Confident Assessment,Netaji apparel park,4.78,0.0,LOW
17.70044,78.48489,307.84,0.39,0.36,2026-09-26,2017,N21,VIIRS,n,2.0NRT,293.04,0.51,N,VIIRS_NOAA21_NRT,0.0,0,,0.0,New / No Local History,1,4.71,Unnamed Industrial Feature,0,265.49,0,35.94,0,Other,4,0,0.0,0.51,0,0,0,1,70.0,1,14.799999999999956,Agricultural Burning,0,LOW,Agricultural Burning,96.91,96.91,0.0,0.0,0.0,0.0,0.42,2.66,Other Thermal Event,94.25,False,Confident Assessment,Unnamed Industrial Feature,4.71,0.0,LOW
22.03988,83.34923,299.47,0.38,0.59,2026-09-26,1932,N20,VIIRS,n,2.0NRT,272.59,0.47,N,VIIRS_NOAA20_NRT,1.5653846153846156,13,0.0242867377669381,-69.97542997542998,Persistent / Reduced,1,2.41,Unnamed Industrial Feature,1,77.05,0,71.62,0,Other,4,1,-69.97542997542998,0.18,0,0,1,0,70.0,1,26.88000000000005,Normal Persistent Source,0,LOW,Normal Persistent Source,90.94,0.0,0.0,0.0,0.0,0.0,90.94,9.06,Other Thermal Event,81.87,False,Confident Assessment,Unnamed Industrial Feature,2.41,0.0,LOW
22.37675,72.47677,305.64,0.52,0.42,2026-09-26,2114,N20,VIIRS,n,2.0NRT,295.23,0.47,N,VIIRS_NOAA20_NRT,0.0,0,,0.0,New / No Local History,1,32.61,Unnamed Industrial Feature,0,254.85,0,66.01,0,Other,4,0,0.0,0.47,0,0,0,1,70.0,1,10.409999999999968,Agricultural Burning,0,LOW,Agricultural Burning,97.92,97.92,0.0,0.0,0.0,0.0,0.42,1.65,Other Thermal Event,96.27,False,Confident Assessment,Unnamed Industrial Feature,32.61,0.0,LOW
25.54327,91.23414,302.71,0.44,0.39,2026-09-26,1932,N20,VIIRS,n,2.0NRT,285.66,0.45,N,VIIRS_NOAA20_NRT,0.8525,4,0.2047294738199305,-47.21407624633432,Persistent / Stable,1,54.37,Unnamed Industrial Feature,0,522.8,0,80.85,0,Forest / Woodland,2,1,-47.21407624633432,0.24,0,0,1,0,70.0,1,17.049999999999955,Agricultural Burning,0,LOW,Agricultural Burning,91.4,91.4,0.0,0.05,0.0,0.02,1.89,6.63,Other Thermal Event,84.77,False,Confident Assessment,Unnamed Industrial Feature,54.37,0.0,LOW
21.21794,81.38873,303.38,0.39,0.36,2026-09-26,2017,N21,VIIRS,n,2.0NRT,291.52,0.43,N,VIIRS_NOAA21_NRT,1.638333333333333,6,0.1066846777337185,-73.75381485249237,Persistent / Reduced,1,1.03,Unnamed Industrial Feature,1,171.29,0,283.49,0,Industrial,0,1,-73.75381485249237,0.16,0,0,1,0,70.0,1,11.860000000000014,Normal Persistent Source,0,LOW,Normal Persistent Source,94.34,0.0,0.0,1.42,0.0,0.0,94.34,4.24,Other Thermal Event,90.11,False,Confident Assessment,Unnamed Industrial Feature,1.03,0.0,LOW
10.88271,79.31465,339.93,0.34,0.56,2026-09-26,841,N20,VIIRS,n,2.0NRT,299.96,4.07,D,VIIRS_NOAA20_NRT,3.555,2,0.2731731772363761,14.486638537271466,Persistent / Stable,1,25.26,Central Warehouse Corporation,0,108.45,0,59.32,0,Cropland / Agriculture,3,1,14.486638537271466,0.89,0,0,1,0,70.0,0,39.97000000000003,Agricultural Burning,0,LOW,Agricultural Burning,98.7,98.7,0.0,0.0,0.0,0.0,0.0,1.29,Other Thermal Event,97.41,False,Confident Assessment,Central Warehouse Corporation,25.26,0.0,LOW
9.85983,78.21469,332.94,0.55,0.51,2026-09-26,839,N20,VIIRS,n,2.0NRT,299.32,4.03,D,VIIRS_NOAA20_NRT,0.0,0,,0.0,New / No Local History,1,13.64,Tourist bus parking,0,117.88,0,178.1,0,Other,4,0,0.0,4.03,0,0,0,1,70.0,0,33.620000000000005,Agricultural Burning,0,LOW,Agricultural Burning,99.17,99.17,0.41,0.0,0.0,0.0,0.0,0.41,Forest / Wildfire,98.76,False,Confident Assessment,Tourist bus parking,13.64,0.0,LOW
11.00109,78.82473,335.17,0.54,0.42,2026-09-26,746,N21,VIIRS,l,2.0NRT,305.86,3.97,D,VIIRS_NOAA21_NRT,0.0,0,,0.0,New / No Local History,1,24.15,G M Engineering Industries,0,132.31,0,114.39,0,Cropland / Agriculture,3,0,0.0,3.97,0,0,0,1,30.0,0,29.31,Agricultural Burning,0,LOW,Agricultural Burning,99.48,99.48,0.06,0.0,0.0,0.0,0.0,0.46,Other Thermal Event,99.01,False,Confident Assessment,G M Engineering Industries,24.15,0.0,LOW
12.84051,78.5225,343.74,0.32,0.54,2026-09-26,841,N20,VIIRS,n,2.0NRT,298.83,3.97,D,VIIRS_NOAA20_NRT,0.0,0,,0.0,New / No Local History,1,28.78,Unnamed Industrial Feature,0,105.27,0,74.89,0,Cropland / Agriculture,3,0,0.0,3.97,0,0,0,1,70.0,0,44.910000000000025,Agricultural Burning,0,LOW,Agricultural Burning,98.96,98.96,0.31,0.0,0.0,0.0,0.0,0.73,Other Thermal Event,98.23,False,Confident Assessment,Unnamed Industrial Feature,28.78,0.0,LOW
12.85504,77.5832,301.26,0.39,0.36,2026-09-26,2019,N21,VIIRS,n,2.0NRT,290.1,0.43,N,VIIRS_NOAA21_NRT,0.0,0,,0.0,New / No Local History,1,4.42,Khodays Breweries,0,14.05,0,31.72,0,Cropland / Agriculture,3,0,0.0,0.43,0,0,0,1,70.0,1,11.159999999999968,Agricultural Burning,0,LOW,Agricultural Burning,92.52,92.52,0.0,0.69,0.0,0.0,0.25,6.54,Other Thermal Event,85.98,False,Confident Assessment,Khodays Breweries,4.42,0.0,LOW
15.30395,76.22045,301.7,0.4,0.6,2026-09-26,2114,N20,VIIRS,n,2.0NRT,289.87,0.43,N,VIIRS_NOAA20_NRT,0.6260000000000001,5,0.0164504883776555,-31.309904153354644,Persistent / Stable,1,28.52,APMC,0,50.46,0,255.25,0,Forest / Woodland,2,1,-31.309904153354644,0.26,0,0,1,0,70.0,1,11.829999999999984,Agricultural Burning,0,LOW,Agricultural Burning,91.55,91.55,0.0,0.0,0.0,0.0,1.06,7.4,Other Thermal Event,84.15,False,Confident Assessment,APMC,28.52,0.0,LOW
13.06656,77.44527,300.2,0.39,0.36,2026-09-26,2019,N21,VIIRS,n,2.0NRT,289.54,0.37,N,VIIRS_NOAA21_NRT,2.67,1,0.2511732248425513,-86.14232209737828,Single Historical Detection,1,4.26,Jindal Aluminium Limited,0,8.81,0,44.12,0,Cropland / Agriculture,3,1,-86.14232209737828,0.1,0,0,0,0,70.0,1,10.659999999999968,Agricultural Burning,0,LOW,Agricultural Burning,76.06,76.06,0.0,2.04,0.0,0.32,4.25,17.33,Other Thermal Event,58.73,False,Confident Assessment,Jindal Aluminium Limited,4.26,0.0,LOW
16.63944,74.35201,296.27,0.39,0.36,2026-09-26,2055,N,VIIRS,n,2.0NRT,282.81,0.34,N,VIIRS_SNPP_NRT,0.0,0,,0.0,New / No Local History,1,6.55,Unnamed Industrial Feature,0,282.13,0,289.09,0,Other,4,0,0.0,0.34,0,0,0,1,70.0,1,13.45999999999998,Agricultural Burning,0,LOW,Agricultural Burning,95.26,95.26,1.04,0.0,0.0,0.0,0.55,3.14,Other Thermal Event,92.12,False,Confident Assessment,Unnamed Industrial Feature,6.55,0.0,LOW
27.74861,96.26527,343.49,0.64,0.54,2026-09-25,724,N20,VIIRS,n,2.0NRT,294.34,11.11,D,VIIRS_NOAA20_NRT,0.0,0,,0.0,New / No Local History,1,72.49,Unnamed Industrial Feature,0,1077.93,0,74.84,0,Forest / Woodland,2,0,0.0,11.11,0,0,0,1,70.0,0,49.150000000000034,Agricultural Burning,0,LOW,Agricultural Burning,96.44,96.44,1.74,0.0,0.0,0.0,0.0,1.83,Other Thermal Event,94.61,False,Confident Assessment,Unnamed Industrial Feature,72.49,0.0,LOW
27.74444,96.30553,335.91,0.46,0.39,2026-09-25,629,N21,VIIRS,n,2.0NRT,299.1,10.63,D,VIIRS_NOAA21_NRT,0.0,0,,0.0,New / No Local History,1,75.09,Unnamed Industrial Feature,0,1081.44,0,77.95,0,Forest / Woodland,2,0,0.0,10.63,0,0,0,1,70.0,0,36.81,Agricultural Burning,0,LOW,Agricultural Burning,98.14,98.14,1.15,0.0,0.0,0.0,0.0,0.71,Forest / Wildfire,97.0,False,Confident Assessment,Unnamed Industrial Feature,75.09,0.0,LOW
10.46516,79.24951,352.24,0.33,0.55,2026-09-26,839,N20,VIIRS,n,2.0NRT,302.86,3.81,D,VIIRS_NOAA20_NRT,0.0,0,,0.0,New / No Local History,1,35.84,Central Warehouse Corporation,0,153.76,0,73.23,0,Cropland / Agriculture,3,0,0.0,3.81,0,0,0,1,70.0,0,49.38,Agricultural Burning,0,LOW,Agricultural Burning,98.97,98.97,0.65,0.0,0.0,0.0,0.0,0.38,Forest / Wildfire,98.33,False,Confident Assessment,Central Warehouse Corporation,35.84,0.0,LOW
10.46553,79.25253,334.61,0.33,0.55,2026-09-26,839,N20,VIIRS,n,2.0NRT,302.4,3.81,D,VIIRS_NOAA20_NRT,0.0,0,,0.0,New / No Local History,1,35.93,Central Warehouse Corporation,0,153.6,0,72.92,0,Cropland / Agriculture,3,0,0.0,3.81,0,0,0,1,70.0,0,32.21000000000004,Agricultural Burning,0,LOW,Agricultural Burning,99.89,99.89,0.06,0.0,0.0,0.0,0.0,0.05,Forest / Wildfire,99.83,False,Confident Assessment,Central Warehouse Corporation,35.93,0.0,LOW
35.67762,73.66354,319.92,0.56,0.69,2026-09-26,2155,N21,VIIRS,n,2.0NRT,281.63,3.79,N,VIIRS_NOAA21_NRT,8.0,1,0.0649386886661887,-52.625,Single Historical Detection,1,404.87,Kathua Industrial Area,0,857.99,0,625.57,0,Other,4,1,-52.625,0.42,0,0,0,0,70.0,1,38.29000000000002,Agricultural Burning,0,LOW,Agricultural Burning,88.95,88.95,0.0,0.97,0.0,0.0,1.03,9.06,Other Thermal Event,79.89,False,Confident Assessment,Kathua Industrial Area,404.87,0.0,LOW
27.84909,96.82461,339.61,0.4,0.37,2026-09-26,646,N,VIIRS,n,2.0NRT,296.85,3.74,D,VIIRS_SNPP_NRT,0.0,0,,0.0,New / No Local History,1,123.68,Unnamed Industrial Feature,0,1133.22,0,128.74,0,Forest / Woodland,2,0,0.0,3.74,0,0,0,1,70.0,0,42.75999999999999,Agricultural Burning,0,LOW,Agricultural Burning,98.71,98.71,0.06,0.0,0.0,0.0,0.0,1.23,Other Thermal Event,97.48,False,Confident Assessment,Unnamed Industrial Feature,123.68,0.0,LOW
14.26159,79.69938,343.63,0.4,0.6,2026-09-26,841,N20,VIIRS,n,2.0NRT,296.36,3.73,D,VIIRS_NOAA20_NRT,0.0,0,,0.0,New / No Local History,1,26.68,Fodd Corporation of India Godowns,0,134.23,0,135.97,0,Cropland / Agriculture,3,0,0.0,3.73,0,0,0,1,70.0,0,47.26999999999998,Agricultural Burning,0,LOW,Agricultural Burning,99.3,99.3,0.31,0.0,0.0,0.0,0.0,0.4,Other Thermal Event,98.9,False,Confident Assessment,Fodd Corporation of India Godowns,26.68,0.0,LOW
23.69524,87.12347,307.41,0.46,0.47,2026-09-26,1932,N20,VIIRS,n,2.0NRT,291.91,3.73,N,VIIRS_NOAA20_NRT,2.839636363636363,55,0.0072366169229695,31.35484697144324,Persistent / Stable,1,0.41,Unnamed Industrial Feature,1,71.42,0,208.9,0,Industrial,0,1,31.35484697144324,0.97,0,0,1,0,70.0,1,15.5,Normal Persistent Source,0,LOW,Normal Persistent Source,99.31,0.0,0.0,0.37,0.0,0.15,99.31,0.17,Gas Flare,98.93,False,Confident Assessment,Unnamed Industrial Feature,0.41,0.0,LOW
27.67099,96.23769,346.74,0.42,0.38,2026-09-25,703,N,VIIRS,n,2.0NRT,293.47,7.19,D,VIIRS_SNPP_NRT,0.0,0,,0.0,New / No Local History,1,64.7,Unnamed Industrial Feature,0,1072.22,0,68.1,0,Forest / Woodland,2,0,0.0,7.19,0,0,0,1,70.0,0,53.26999999999998,Agricultural Burning,0,LOW,Agricultural Burning,96.17,96.17,0.65,0.0,0.0,0.0,0.0,3.18,Other Thermal Event,92.98,False,Confident Assessment,Unnamed Industrial Feature,64.7,0.0,LOW
27.73546,96.28601,367.0,0.32,0.54,2026-09-25,724,N20,VIIRS,h,2.0NRT,290.97,7.07,D,VIIRS_NOAA20_NRT,0.0,0,,0.0,New / No Local History,1,72.99,Unnamed Industrial Feature,0,1079.29,0,75.79,0,Forest / Woodland,2,0,0.0,7.07,0,0,0,1,95.0,0,76.02999999999997,Agricultural Burning,5,LOW,Agricultural Burning,94.0,94.0,3.3,0.0,0.0,0.0,0.0,2.7,Forest / Wildfire,90.71,False,Confident Assessment,Unnamed Industrial Feature,72.99,0.0,LOW
25.54333,91.2368,301.09,0.34,0.56,2026-09-26,1913,N,VIIRS,n,2.0NRT,285.49,0.3,N,VIIRS_SNPP_NRT,0.8525,4,0.0069788274685674,-64.80938416422288,Persistent / Reduced,1,54.34,Unnamed Industrial Feature,0,523.05,0,80.68,0,Forest / Woodland,2,1,-64.80938416422288,0.16,0,0,1,0,70.0,1,15.599999999999966,Agricultural Burning,0,LOW,Agricultural Burning,90.18,90.18,0.0,0.05,0.0,0.02,1.52,8.22,Other Thermal Event,81.96,False,Confident Assessment,Unnamed Industrial Feature,54.34,0.0,LOW
27.79122,96.19383,301.14,0.4,0.37,2026-09-26,1930,N20,VIIRS,n,2.0NRT,289.35,0.27,N,VIIRS_NOAA20_NRT,0.0,0,,0.0,New / No Local History,1,71.18,Unnamed Industrial Feature,0,1073.2,0,71.96,0,Forest / Woodland,2,0,0.0,0.27,0,0,0,1,70.0,1,11.789999999999964,Agricultural Burning,0,LOW,Agricultural Burning,98.02,98.02,0.0,0.0,0.0,0.0,0.1,1.88,Other Thermal Event,96.14,False,Confident Assessment,Unnamed Industrial Feature,71.18,0.0,LOW
24.18201,82.64674,297.78,0.4,0.37,2026-09-26,2017,N21,VIIRS,n,2.0NRT,276.52,0.25,N,VIIRS_NOAA21_NRT,0.944,5,0.2769411290383946,-73.51694915254238,Persistent / Reduced,1,2.0,NTPC Singrauli Thermal Power,1,2.41,1,155.84,0,Industrial,0,1,-73.51694915254238,0.13,0,0,1,0,70.0,1,21.25999999999999,Mining Activity,5,LOW,Normal Persistent Source,78.44,0.68,0.0,1.45,0.0,14.36,78.44,5.09,Mining Activity,64.08,False,Confident Assessment,NTPC Singrauli Thermal Power,2.0,0.0,LOW
17.13934,77.17583,300.09,0.42,0.38,2026-09-26,2017,N21,VIIRS,n,2.0NRT,287.63,0.16,N,VIIRS_NOAA21_NRT,1.548,10,0.075445897718384,-89.6640826873385,Persistent / Reduced,1,1.07,Unnamed Industrial Feature,1,222.89,0,167.18,0,Industrial,0,1,-89.6640826873385,0.06,0,0,1,0,70.0,1,12.45999999999998,Normal Persistent Source,0,LOW,Normal Persistent Source,95.16,0.0,0.0,1.42,0.0,0.0,95.16,3.42,Other Thermal Event,91.73,False,Confident Assessment,Unnamed Industrial Feature,1.07,0.0,LOW
15.68423,78.45699,301.19,0.39,0.36,2026-09-26,2017,N21,VIIRS,n,2.0NRT,286.65,0.12,N,VIIRS_NOAA21_NRT,1.95,2,0.019314953106345,-93.84615384615384,Persistent / Reduced,1,45.61,Unnamed Industrial Feature,0,175.14,0,199.58,0,Cropland / Agriculture,3,1,-93.84615384615384,0.04,0,0,1,0,70.0,1,14.54000000000002,Agricultural Burning,0,LOW,Agricultural Burning,85.77,85.77,0.0,0.44,0.0,0.06,0.88,12.85,Other Thermal Event,72.93,False,Confident Assessment,Unnamed Industrial Feature,45.61,0.0,LOW
27.7489,96.26693,348.07,0.63,0.54,2026-09-25,724,N20,VIIRS,n,2.0NRT,294.48,11.2,D,VIIRS_NOAA20_NRT,0.0,0,,0.0,New / No Local History,1,72.63,Unnamed Industrial Feature,0,1078.1,0,75.0,0,Forest / Woodland,2,0,0.0,11.2,0,0,0,1,70.0,0,53.589999999999975,Agricultural Burning,0,LOW,Agricultural Burning,96.44,96.44,1.74,0.0,0.0,0.0,0.0,1.83,Other Thermal Event,94.61,False,Confident Assessment,Unnamed Industrial Feature,72.63,0.0,LOW
11.59509,77.8193,330.51,0.55,0.51,2026-09-26,841,N20,VIIRS,l,2.0NRT,301.84,2.14,D,VIIRS_NOAA20_NRT,0.0,0,,0.0,New / No Local History,1,16.2,Pallava Textiles (P) Limited,0,156.47,0,87.66,0,Cropland / Agriculture,3,0,0.0,2.14,0,0,0,1,30.0,0,28.670000000000016,Agricultural Burning,0,LOW,Agricultural Burning,99.47,99.47,0.4,0.0,0.0,0.0,0.0,0.12,Forest / Wildfire,99.08,False,Confident Assessment,Pallava Textiles (P) Limited,16.2,0.0,LOW
20.96676,85.17262,298.39,0.56,0.52,2026-09-26,1932,N20,VIIRS,n,2.0NRT,284.66,2.14,N,VIIRS_NOAA20_NRT,3.5596581196581183,117,0.0139832134528065,-39.88186707645022,Persistent / Stable,1,5.59,Unnamed Industrial Feature,0,5.26,0,157.77,0,Other,4,1,-39.88186707645022,0.47,0,0,1,0,70.0,1,13.72999999999996,Mining Activity,0,LOW,Mining Activity,96.19,0.0,0.0,0.14,0.0,96.19,0.46,3.2,Other Thermal Event,93.0,False,Confident Assessment,Unnamed Industrial Feature,5.59,0.0,LOW
22.21117,84.86157,304.74,0.51,0.41,2026-09-26,2017,N21,VIIRS,n,2.0NRT,292.46,2.13,N,VIIRS_NOAA21_NRT,2.28,27,0.0186524000860619,-6.578947368421032,Persistent / Stable,1,0.67,Rourkela Steel Plant SAIL,1,45.52,0,92.14,0,Industrial,0,1,-6.578947368421032,0.65,0,0,1,0,70.0,1,12.28000000000003,Normal Persistent Source,0,LOW,Normal Persistent Source,97.3,0.0,0.0,0.77,0.0,0.0,97.3,1.93,Other Thermal Event,95.37,False,Confident Assessment,Rourkela Steel Plant SAIL,0.67,0.0,LOW
11.01136,77.798,333.43,0.42,0.45,2026-09-26,746,N21,VIIRS,l,2.0NRT,306.54,1.83,D,VIIRS_NOAA21_NRT,0.0,0,,0.0,New / No Local History,1,22.16,TNPL Paper Mill,0,170.5,0,78.25,0,Cropland / Agriculture,3,0,0.0,1.83,0,0,0,1,30.0,0,26.889999999999983,Agricultural Burning,0,LOW,Agricultural Burning,99.5,99.5,0.06,0.0,0.0,0.0,0.0,0.44,Other Thermal Event,99.07,False,Confident Assessment,TNPL Paper Mill,22.16,0.0,LOW
10.68878,77.88654,309.51,0.38,0.36,2026-09-26,2019,N21,VIIRS,n,2.0NRT,293.91,1.81,N,VIIRS_NOAA21_NRT,0.0,0,,0.0,New / No Local History,1,38.09,Chicken shop,0,143.51,0,95.69,0,Cropland / Agriculture,3,0,0.0,1.81,0,0,0,1,70.0,1,15.599999999999966,Agricultural Burning,0,LOW,Agricultural Burning,98.16,98.16,0.0,0.0,0.0,0.0,0.0,1.84,Other Thermal Event,96.31,False,Confident Assessment,Chicken shop,38.09,0.0,LOW
11.6464,79.12472,331.73,0.34,0.56,2026-09-26,841,N20,VIIRS,n,2.0NRT,301.14,1.87,D,VIIRS_NOAA20_NRT,4.74,1,0.4106857323290517,-60.54852320675106,Single Historical Detection,1,33.46,Ramco Cements,0,70.88,0,125.41,0,Cropland / Agriculture,3,1,-60.54852320675106,0.33,0,0,0,0,70.0,0,30.590000000000032,Agricultural Burning,0,LOW,Agricultural Burning,98.48,98.48,0.0,0.0,0.0,0.0,0.0,1.52,Other Thermal Event,96.95,False,Confident Assessment,Ramco Cements,33.46,0.0,LOW
28.51131,76.53602,333.38,0.42,0.37,2026-09-25,807,N21,VIIRS,n,2.0NRT,302.25,8.54,D,VIIRS_NOAA21_NRT,0.0,0,,0.0,New / No Local History,1,16.0,Indira Gandhi Super Thermal Power Project,0,75.39,0,106.28,0,Cropland / Agriculture,3,0,0.0,8.54,0,0,0,1,70.0,0,31.129999999999995,Agricultural Burning,0,LOW,Agricultural Burning,98.58,98.58,0.8,0.0,0.0,0.0,0.0,0.62,Forest / Wildfire,97.78,False,Confident Assessment,Indira Gandhi Super Thermal Power Project,16.0,0.0,LOW
27.80412,96.26881,335.12,0.43,0.38,2026-09-25,703,N,VIIRS,n,2.0NRT,299.04,7.59,D,VIIRS_SNPP_NRT,0.0,0,,0.0,New / No Local History,1,77.12,Unnamed Industrial Feature,0,1080.57,0,78.66,0,Forest / Woodland,2,0,0.0,7.59,0,0,0,1,70.0,0,36.079999999999984,Agricultural Burning,0,LOW,Agricultural Burning,98.6,98.6,0.06,0.0,0.0,0.0,0.0,1.34,Other Thermal Event,97.25,False,Confident Assessment,Unnamed Industrial Feature,77.12,0.0,LOW
10.56129,78.41022,305.79,0.49,0.48,2026-09-26,2057,N,VIIRS,n,2.0NRT,292.68,2.12,N,VIIRS_SNPP_NRT,0.0,0,,0.0,New / No Local History,1,37.83,Unnamed Industrial Feature,0,172.26,0,154.16,0,Cropland / Agriculture,3,0,0.0,2.12,0,0,0,1,70.0,1,13.110000000000014,Agricultural Burning,0,LOW,Agricultural Burning,98.21,98.21,0.0,0.0,0.0,0.0,0.0,1.79,Other Thermal Event,96.42,False,Confident Assessment,Unnamed Industrial Feature,37.83,0.0,LOW
22.3789,87.28233,303.56,0.56,0.69,2026-09-26,1910,N,VIIRS,n,2.0NRT,291.28,2.11,N,VIIRS_SNPP_NRT,3.246633663366337,101,0.0052981706087589,-35.00960629441006,Persistent / Stable,1,0.71,Unnamed Industrial Feature,1,173.4,0,89.02,0,Industrial,0,1,-35.00960629441006,0.5,0,0,1,0,70.0,1,12.28000000000003,Normal Persistent Source,0,LOW,Normal Persistent Source,97.18,0.0,0.0,0.77,0.0,0.87,97.18,1.19,Other Thermal Event,95.98,False,Confident Assessment,Unnamed Industrial Feature,0.71,0.0,LOW
22.37935,87.27669,317.03,0.56,0.69,2026-09-26,1910,N,VIIRS,n,2.0NRT,291.69,2.11,N,VIIRS_SNPP_NRT,3.552676056338029,71,0.0308507830516327,-40.60815096733271,Persistent / Stable,1,1.22,Tata Metaliks,1,173.04,0,89.56,0,Industrial,0,1,-40.60815096733271,0.46,0,0,1,0,70.0,1,25.33999999999997,Normal Persistent Source,0,LOW,Normal Persistent Source,99.99,0.0,0.0,0.0,0.0,0.0,99.99,0.01,Other Thermal Event,99.98,False,Confident Assessment,Tata Metaliks,1.22,0.0,LOW
21.91804,83.35591,319.12,0.44,0.38,2026-09-26,2017,N21,VIIRS,n,2.0NRT,290.72,2.1,N,VIIRS_NOAA21_NRT,2.8140740740740737,27,0.200141608040615,-25.37509871018688,Persistent / Stable,1,1.34,Jindal Steel Works,1,74.15,0,69.4,0,Industrial,0,1,-25.37509871018688,0.55,0,0,1,0,70.0,1,28.399999999999977,Normal Persistent Source,0,LOW,Normal Persistent Source,100.0,0.0,0.0,0.0,0.0,0.0,100.0,0.0,Other Thermal Event,99.99,False,Confident Assessment,Jindal Steel Works,1.34,0.0,LOW
21.91877,83.35173,317.45,0.44,0.38,2026-09-26,2017,N21,VIIRS,n,2.0NRT,292.11,2.1,N,VIIRS_NOAA21_NRT,2.8140740740740737,27,0.0151269289263212,-25.37509871018688,Persistent / Stable,1,1.05,Jindal Steel Works,1,74.03,0,69.84,0,Industrial,0,1,-25.37509871018688,0.55,0,0,1,0,70.0,1,25.33999999999997,Normal Persistent Source,0,LOW,Normal Persistent Source,100.0,0.0,0.0,0.0,0.0,0.0,100.0,0.0,Other Thermal Event,99.99,False,Confident Assessment,Jindal Steel Works,1.05,0.0,LOW
10.72037,79.0062,332.45,0.54,0.42,2026-09-26,746,N21,VIIRS,l,2.0NRT,305.35,2.18,D,VIIRS_NOAA21_NRT,0.0,0,,0.0,New / No Local History,1,13.16,Central Warehouse Corporation,0,141.51,0,91.77,0,Cropland / Agriculture,3,0,0.0,2.18,0,0,0,1,30.0,0,27.09999999999997,Agricultural Burning,0,LOW,Agricultural Burning,99.78,99.78,0.06,0.0,0.0,0.0,0.0,0.16,Other Thermal Event,99.61,False,Confident Assessment,Central Warehouse Corporation,13.16,0.0,LOW
23.69249,87.10933,304.32,0.46,0.47,2026-09-26,1932,N20,VIIRS,n,2.0NRT,291.25,2.17,N,VIIRS_NOAA20_NRT,2.698387096774193,62,0.0264994870242358,-19.581589958158983,Persistent / Stable,1,0.13,Unnamed Industrial Feature,1,70.05,0,209.29,0,Industrial,0,1,-19.581589958158983,0.59,0,0,1,0,70.0,1,13.069999999999991,Normal Persistent Source,0,LOW,Normal Persistent Source,98.08,0.0,0.0,0.0,0.0,0.0,98.08,1.92,Other Thermal Event,96.15,False,Confident Assessment,Unnamed Industrial Feature,0.13,0.0,LOW
25.5578,76.05056,330.74,0.42,0.38,2026-09-26,826,N,VIIRS,n,2.0NRT,298.8,2.16,D,VIIRS_SNPP_NRT,0.0,0,,0.0,New / No Local History,1,47.3,Unnamed Industrial Feature,0,268.27,0,268.98,0,Cropland / Agriculture,3,0,0.0,2.16,0,0,0,1,70.0,0,31.94,Agricultural Burning,0,LOW,Agricultural Burning,98.42,98.42,1.52,0.0,0.0,0.0,0.0,0.06,Forest / Wildfire,96.9,False,Confident Assessment,Unnamed Industrial Feature,47.3,0.0,LOW
27.67086,96.2429,328.06,0.63,0.54,2026-09-25,724,N20,VIIRS,n,2.0NRT,292.15,5.03,D,VIIRS_NOAA20_NRT,0.0,0,,0.0,New / No Local History,1,65.09,Unnamed Industrial Feature,0,1072.7,0,68.55,0,Forest / Woodland,2,0,0.0,5.03,0,0,0,1,70.0,0,35.910000000000025,Agricultural Burning,0,LOW,Agricultural Burning,98.11,98.11,0.06,0.0,0.0,0.0,0.0,1.83,Other Thermal Event,96.28,False,Confident Assessment,Unnamed Industrial Feature,65.09,0.0,LOW
27.75686,96.0555,329.96,0.47,0.4,2026-09-25,629,N21,VIIRS,n,2.0NRT,291.88,4.82,D,VIIRS_NOAA21_NRT,0.0,0,,0.0,New / No Local History,1,59.24,IOCL Digboi Refinery,0,1059.16,0,59.24,0,Forest / Woodland,2,0,0.0,4.82,0,0,0,1,70.0,0,38.079999999999984,Agricultural Burning,0,LOW,Agricultural Burning,98.2,98.2,0.06,0.0,0.0,0.0,0.0,1.74,Other Thermal Event,96.46,False,Confident Assessment,IOCL Digboi Refinery,59.24,0.0,LOW
27.37606,95.33222,324.69,0.49,0.49,2026-09-25,1851,N21,VIIRS,n,2.0NRT,291.37,4.62,N,VIIRS_NOAA21_NRT,3.152,10,0.0050637743290587,46.5736040609137,Persistent / Stable,1,2.86,Unnamed Industrial Feature,0,977.14,0,28.39,0,Other,4,1,46.5736040609137,1.11,0,0,1,0,70.0,1,33.31999999999999,Normal Persistent Source,0,LOW,Normal Persistent Source,76.72,0.56,0.0,0.35,0.0,0.64,76.72,21.73,Other Thermal Event,54.98,False,Confident Assessment,Unnamed Industrial Feature,2.86,0.0,LOW
31.85348,74.68118,332.34,0.39,0.36,2026-09-25,809,N21,VIIRS,n,2.0NRT,301.25,4.61,D,VIIRS_NOAA21_NRT,0.0,0,,0.0,New / No Local History,1,27.6,Unnamed Industrial Feature,0,440.59,0,190.31,0,Cropland / Agriculture,3,0,0.0,4.61,0,0,0,1,70.0,0,31.08999999999997,Agricultural Burning,0,LOW,Agricultural Burning,99.68,99.68,0.06,0.0,0.0,0.0,0.0,0.26,Other Thermal Event,99.42,False,Confident Assessment,Unnamed Industrial Feature,27.6,0.0,LOW
28.03522,76.6364,345.72,0.42,0.37,2026-09-25,807,N21,VIIRS,n,2.0NRT,301.11,4.49,D,VIIRS_NOAA21_NRT,0.0,0,,0.0,New / No Local History,1,12.44,Unnamed Industrial Feature,0,90.52,0,118.57,0,Cropland / Agriculture,3,0,0.0,4.49,0,0,0,1,70.0,0,44.610000000000014,Agricultural Burning,0,LOW,Agricultural Burning,98.6,98.6,0.66,0.0,0.0,0.0,0.0,0.74,Other Thermal Event,97.85,False,Confident Assessment,Unnamed Industrial Feature,12.44,0.0,LOW
27.62766,96.02306,338.62,0.42,0.37,2026-09-25,703,N,VIIRS,n,2.0NRT,297.28,4.49,D,VIIRS_SNPP_NRT,0.0,0,,0.0,New / No Local History,1,46.47,Unnamed Industrial Feature,0,1050.8,0,47.55,0,Forest / Woodland,2,0,0.0,4.49,0,0,0,1,70.0,0,41.34000000000003,Agricultural Burning,0,LOW,Agricultural Burning,98.01,98.01,0.46,0.0,0.0,0.0,0.0,1.53,Other Thermal Event,96.48,False,Confident Assessment,Unnamed Industrial Feature,46.47,0.0,LOW
31.183,74.62638,331.76,0.39,0.36,2026-09-25,809,N21,VIIRS,n,2.0NRT,298.66,2.43,D,VIIRS_NOAA21_NRT,0.0,0,,0.0,New / No Local History,1,59.9,Unnamed Industrial Feature,0,385.86,0,118.57,0,Cropland / Agriculture,3,0,0.0,2.43,0,0,0,1,70.0,0,33.099999999999966,Agricultural Burning,0,LOW,Agricultural Burning,99.85,99.85,0.06,0.0,0.0,0.0,0.0,0.09,Other Thermal Event,99.77,False,Confident Assessment,Unnamed Industrial Feature,59.9,0.0,LOW
31.83136,74.74836,331.93,0.49,0.48,2026-09-25,845,N,VIIRS,n,2.0NRT,299.0,2.36,D,VIIRS_SNPP_NRT,0.0,0,,0.0,New / No Local History,1,21.61,Unnamed Industrial Feature,0,434.92,0,187.01,0,Cropland / Agriculture,3,0,0.0,2.36,0,0,0,1,70.0,0,32.93000000000001,Agricultural Burning,0,LOW,Agricultural Burning,99.86,99.86,0.06,0.0,0.0,0.0,0.0,0.08,Other Thermal Event,99.78,False,Confident Assessment,Unnamed Industrial Feature,21.61,0.0,LOW
27.76213,96.26917,331.54,0.46,0.39,2026-09-25,629,N21,VIIRS,n,2.0NRT,300.12,4.05,D,VIIRS_NOAA21_NRT,0.0,0,,0.0,New / No Local History,1,73.81,Unnamed Industrial Feature,0,1078.85,0,75.99,0,Forest / Woodland,2,0,0.0,4.05,0,0,0,1,70.0,0,31.420000000000016,Agricultural Burning,0,LOW,Agricultural Burning,98.41,98.41,0.06,0.0,0.0,0.0,0.0,1.53,Other Thermal Event,96.88,False,Confident Assessment,Unnamed Industrial Feature,73.81,0.0,LOW
27.81157,96.21918,336.95,0.42,0.38,2026-09-25,703,N,VIIRS,n,2.0NRT,295.13,4.04,D,VIIRS_SNPP_NRT,0.0,0,,0.0,New / No Local History,1,74.51,Unnamed Industrial Feature,0,1076.36,0,75.33,0,Forest / Woodland,2,0,0.0,4.04,0,0,0,1,70.0,0,41.81999999999999,Agricultural Burning,0,LOW,Agricultural Burning,98.41,98.41,0.06,0.0,0.0,0.0,0.0,1.53,Other Thermal Event,96.88,False,Confident Assessment,Unnamed Industrial Feature,74.51,0.0,LOW
29.74121,76.37306,332.7,0.42,0.38,2026-09-25,809,N21,VIIRS,n,2.0NRT,299.67,4.03,D,VIIRS_NOAA21_NRT,0.0,0,,0.0,New / No Local History,1,46.84,Unnamed Industrial Feature,0,155.54,0,57.54,0,Cropland / Agriculture,3,0,0.0,4.03,0,0,0,1,70.0,0,33.02999999999997,Agricultural Burning,0,LOW,Agricultural Burning,99.28,99.28,0.46,0.0,0.0,0.0,0.0,0.26,Forest / Wildfire,98.82,False,Confident Assessment,Unnamed Industrial Feature,46.84,0.0,LOW
31.47302,75.06176,330.12,0.62,0.71,2026-09-25,905,N20,VIIRS,n,2.0NRT,292.06,3.97,D,VIIRS_NOAA20_NRT,0.0,0,,0.0,New / No Local History,1,28.07,Unnamed Industrial Feature,0,385.27,0,146.02,0,Cropland / Agriculture,3,0,0.0,3.97,0,0,0,1,70.0,0,38.06,Agricultural Burning,0,LOW,Agricultural Burning,99.88,99.88,0.06,0.0,0.0,0.0,0.0,0.06,Forest / Wildfire,99.82,False,Confident Assessment,Unnamed Industrial Feature,28.07,0.0,LOW
31.41075,75.06158,343.22,0.4,0.37,2026-09-25,809,N21,VIIRS,n,2.0NRT,300.64,3.96,D,VIIRS_NOAA21_NRT,0.0,0,,0.0,New / No Local History,1,28.59,Rail Coach Factory - RCF Kapurthala,0,379.6,0,139.11,0,Cropland / Agriculture,3,0,0.0,3.96,0,0,0,1,70.0,0,42.58000000000004,Agricultural Burning,0,LOW,Agricultural Burning,99.88,99.88,0.06,0.0,0.0,0.0,0.0,0.06,Forest / Wildfire,99.82,False,Confident Assessment,Rail Coach Factory - RCF Kapurthala,28.59,0.0,LOW
25.50459,76.29142,336.55,0.39,0.36,2026-09-25,807,N21,VIIRS,n,2.0NRT,304.72,3.88,D,VIIRS_NOAA21_NRT,0.0,0,,0.0,New / No Local History,1,36.14,Anta Thermal Power Station,0,286.9,0,260.33,0,Cropland / Agriculture,3,0,0.0,3.88,0,0,0,1,70.0,0,31.829999999999984,Agricultural Burning,0,LOW,Agricultural Burning,99.24,99.24,0.74,0.0,0.0,0.0,0.0,0.03,Forest / Wildfire,98.5,False,Confident Assessment,Anta Thermal Power Station,36.14,0.0,LOW
27.74677,96.2652,329.43,0.43,0.38,2026-09-25,703,N,VIIRS,n,2.0NRT,298.94,5.1,D,VIIRS_SNPP_NRT,0.0,0,,0.0,New / No Local History,1,72.34,Unnamed Industrial Feature,0,1077.85,0,74.72,0,Forest / Woodland,2,0,0.0,5.1,0,0,0,1,70.0,0,30.49000000000001,Agricultural Burning,0,LOW,Agricultural Burning,98.2,98.2,0.06,0.0,0.0,0.0,0.0,1.73,Other Thermal Event,96.47,False,Confident Assessment,Unnamed Industrial Feature,72.34,0.0,LOW
27.75024,96.26463,339.73,0.43,0.38,2026-09-25,703,N,VIIRS,n,2.0NRT,299.32,5.1,D,VIIRS_SNPP_NRT,0.0,0,,0.0,New / No Local History,1,72.57,Unnamed Industrial Feature,0,1077.94,0,74.89,0,Forest / Woodland,2,0,0.0,5.1,0,0,0,1,70.0,0,40.410000000000025,Agricultural Burning,0,LOW,Agricultural Burning,98.41,98.41,0.06,0.0,0.0,0.0,0.0,1.53,Other Thermal Event,96.88,False,Confident Assessment,Unnamed Industrial Feature,72.57,0.0,LOW
28.01596,95.5574,334.33,0.41,0.37,2026-09-25,703,N,VIIRS,n,2.0NRT,298.18,3.18,D,VIIRS_SNPP_NRT,0.0,0,,0.0,New / No Local History,1,61.34,Truck Stand and Weight Bridge,0,1025.97,0,69.86,0,Forest / Woodland,2,0,0.0,3.18,0,0,0,1,70.0,0,36.14999999999998,Agricultural Burning,0,LOW,Agricultural Burning,97.87,97.87,0.06,0.0,0.0,0.0,0.0,2.06,Other Thermal Event,95.81,False,Confident Assessment,Truck Stand and Weight Bridge,61.34,0.0,LOW
22.8181,69.40692,336.39,0.44,0.46,2026-09-25,807,N21,VIIRS,n,2.0NRT,304.56,3.84,D,VIIRS_NOAA21_NRT,0.0,0,,0.0,New / No Local History,1,5.53,Unnamed Industrial Feature,0,56.78,0,52.92,0,Other,4,0,0.0,3.84,0,0,0,1,70.0,0,31.829999999999984,Agricultural Burning,0,LOW,Agricultural Burning,94.07,94.07,0.41,0.0,1.47,0.34,0.0,3.7,Other Thermal Event,90.37,False,Confident Assessment,Unnamed Industrial Feature,5.53,0.0,LOW
15.83021,74.64248,330.19,0.44,0.39,2026-09-25,805,N21,VIIRS,l,2.0NRT,298.56,3.74,D,VIIRS_NOAA21_NRT,0.0,0,,0.0,New / No Local History,1,14.09,Hindalco,0,191.57,0,298.64,0,Forest / Woodland,2,0,0.0,3.74,0,0,0,1,30.0,0,31.629999999999995,Agricultural Burning,0,LOW,Agricultural Burning,96.55,96.55,2.7,0.0,0.0,0.0,0.0,0.75,Forest / Wildfire,93.85,False,Confident Assessment,Hindalco,14.09,0.0,LOW
26.97938,93.99506,331.49,0.38,0.36,2026-09-25,703,N,VIIRS,n,2.0NRT,297.03,3.59,D,VIIRS_SNPP_NRT,0.0,0,,0.0,New / No Local History,1,22.86,Unnamed Industrial Feature,0,838.09,0,44.36,0,Forest / Woodland,2,0,0.0,3.59,0,0,0,1,70.0,0,34.46000000000004,Agricultural Burning,0,LOW,Agricultural Burning,99.29,99.29,0.06,0.0,0.0,0.0,0.0,0.65,Other Thermal Event,98.63,False,Confident Assessment,Unnamed Industrial Feature,22.86,0.0,LOW
27.59286,96.04928,328.97,0.48,0.4,2026-09-25,629,N21,VIIRS,n,2.0NRT,301.16,3.58,D,VIIRS_NOAA21_NRT,0.0,0,,0.0,New / No Local History,1,45.2,Unnamed Industrial Feature,0,1051.77,0,47.65,0,Forest / Woodland,2,0,0.0,3.58,0,0,0,1,70.0,0,27.81,Agricultural Burning,0,LOW,Agricultural Burning,97.83,97.83,0.46,0.0,0.0,0.0,0.0,1.71,Other Thermal Event,96.12,False,Confident Assessment,Unnamed Industrial Feature,45.2,0.0,LOW
31.36014,75.18115,333.03,0.4,0.37,2026-09-25,809,N21,VIIRS,n,2.0NRT,297.24,3.44,D,VIIRS_NOAA21_NRT,0.0,0,,0.0,New / No Local History,1,15.96,Rail Coach Factory - RCF Kapurthala,0,368.51,0,134.62,0,Cropland / Agriculture,3,0,0.0,3.44,0,0,0,1,70.0,0,35.789999999999964,Agricultural Burning,0,LOW,Agricultural Burning,99.9,99.9,0.06,0.0,0.0,0.0,0.0,0.04,Forest / Wildfire,99.84,False,Confident Assessment,Rail Coach Factory - RCF Kapurthala,15.96,0.0,LOW
28.19508,95.61994,329.86,0.49,0.4,2026-09-25,629,N21,VIIRS,n,2.0NRT,298.16,4.44,D,VIIRS_NOAA21_NRT,0.0,0,,0.0,New / No Local History,1,82.17,Truck Stand and Weight Bridge,0,1040.1,0,89.51,0,Forest / Woodland,2,0,0.0,4.44,0,0,0,1,70.0,0,31.69999999999999,Agricultural Burning,0,LOW,Agricultural Burning,98.58,98.58,0.06,0.0,0.0,0.0,0.0,1.36,Other Thermal Event,97.22,False,Confident Assessment,Truck Stand and Weight Bridge,82.17,0.0,LOW
27.72019,96.26009,338.71,0.43,0.38,2026-09-25,703,N,VIIRS,n,2.0NRT,298.79,4.44,D,VIIRS_SNPP_NRT,0.0,0,,0.0,New / No Local History,1,69.96,Unnamed Industrial Feature,0,1076.29,0,72.73,0,Forest / Woodland,2,0,0.0,4.44,0,0,0,1,70.0,0,39.91999999999996,Agricultural Burning,0,LOW,Agricultural Burning,98.41,98.41,0.06,0.0,0.0,0.0,0.0,1.53,Other Thermal Event,96.88,False,Confident Assessment,Unnamed Industrial Feature,69.96,0.0,LOW
27.37954,95.33408,312.73,0.49,0.65,2026-09-26,1834,N21,VIIRS,n,2.0NRT,288.06,3.7,N,VIIRS_NOAA21_NRT,3.152,10,0.0046577221955044,17.385786802030456,Persistent / Stable,1,3.29,Unnamed Industrial Feature,0,977.46,0,28.19,0,Other,4,1,17.385786802030456,0.89,0,0,1,0,70.0,1,24.670000000000016,Normal Persistent Source,0,LOW,Normal Persistent Source,85.36,0.39,0.0,0.0,0.0,0.06,85.36,14.19,Other Thermal Event,71.17,False,Confident Assessment,Unnamed Industrial Feature,3.29,0.0,LOW
31.25278,75.77929,306.85,0.39,0.36,2026-09-26,2053,N,VIIRS,n,2.0NRT,293.11,0.32,N,VIIRS_SNPP_NRT,0.0,0,,0.0,New / No Local History,1,18.15,Unnamed Industrial Feature,0,329.3,0,105.7,0,Cropland / Agriculture,3,0,0.0,0.32,0,0,0,1,70.0,1,13.740000000000007,Agricultural Burning,0,LOW,Agricultural Burning,99.53,99.53,0.0,0.0,0.0,0.0,0.1,0.37,Other Thermal Event,99.16,False,Confident Assessment,Unnamed Industrial Feature,18.15,0.0,LOW
27.73505,96.28443,342.53,0.32,0.54,2026-09-25,724,N20,VIIRS,n,2.0NRT,291.04,3.36,D,VIIRS_NOAA20_NRT,0.0,0,,0.0,New / No Local History,1,72.84,Unnamed Industrial Feature,0,1079.12,0,75.63,0,Forest / Woodland,2,0,0.0,3.36,0,0,0,1,70.0,0,51.48999999999995,Agricultural Burning,0,LOW,Agricultural Burning,97.09,97.09,0.65,0.0,0.0,0.0,0.0,2.25,Other Thermal Event,94.84,False,Confident Assessment,Unnamed Industrial Feature,72.84,0.0,LOW
27.73532,96.28761,334.31,0.32,0.54,2026-09-25,724,N20,VIIRS,n,2.0NRT,289.63,3.36,D,VIIRS_NOAA20_NRT,0.0,0,,0.0,New / No Local History,1,73.1,Unnamed Industrial Feature,0,1079.43,0,75.92,0,Forest / Woodland,2,0,0.0,3.36,0,0,0,1,70.0,0,44.68000000000001,Agricultural Burning,0,LOW,Agricultural Burning,96.79,96.79,0.65,0.0,0.0,0.0,0.0,2.56,Other Thermal Event,94.23,False,Confident Assessment,Unnamed Industrial Feature,73.1,0.0,LOW
27.66958,96.24004,331.17,0.47,0.39,2026-09-25,629,N21,VIIRS,n,2.0NRT,298.03,3.27,D,VIIRS_NOAA21_NRT,0.0,0,,0.0,New / No Local History,1,64.78,Unnamed Industrial Feature,0,1072.38,0,68.23,0,Forest / Woodland,2,0,0.0,3.27,0,0,0,1,70.0,0,33.14000000000004,Agricultural Burning,0,LOW,Agricultural Burning,98.13,98.13,0.06,0.0,0.0,0.0,0.0,1.81,Other Thermal Event,96.31,False,Confident Assessment,Unnamed Industrial Feature,64.78,0.0,LOW
25.92828,74.05197,334.55,0.39,0.36,2026-09-25,807,N21,VIIRS,l,2.0NRT,308.15,3.26,D,VIIRS_NOAA21_NRT,0.0,0,,0.0,New / No Local History,1,37.23,Unnamed Industrial Feature,0,178.17,0,270.31,0,Cropland / Agriculture,3,0,0.0,3.26,0,0,0,1,30.0,0,26.400000000000038,Agricultural Burning,0,LOW,Agricultural Burning,97.29,97.29,1.48,0.0,0.0,0.0,0.0,1.23,Forest / Wildfire,95.8,False,Confident Assessment,Unnamed Industrial Feature,37.23,0.0,LOW
15.89469,75.41759,328.34,0.39,0.36,2026-09-25,2038,N21,VIIRS,n,2.0NRT,287.21,3.25,N,VIIRS_NOAA21_NRT,0.0,0,,0.0,New / No Local History,1,19.06,Unnamed Industrial Feature,0,158.02,0,299.09,0,Forest / Woodland,2,0,0.0,3.25,0,0,0,1,70.0,1,41.13,Agricultural Burning,0,LOW,Agricultural Burning,93.17,93.17,0.76,0.4,0.0,0.0,0.51,5.15,Other Thermal Event,88.02,False,Confident Assessment,Unnamed Industrial Feature,19.06,0.0,LOW
22.75967,76.13454,335.0,0.38,0.36,2026-09-25,807,N21,VIIRS,n,2.0NRT,298.8,3.2,D,VIIRS_NOAA21_NRT,0.0,0,,0.0,New / No Local History,1,47.72,Pithampur Industrial Area,0,300.81,0,307.46,0,Other,4,0,0.0,3.2,0,0,0,1,70.0,0,36.19999999999999,Agricultural Burning,0,LOW,Agricultural Burning,97.89,97.89,1.5,0.0,0.0,0.0,0.25,0.35,Forest / Wildfire,96.39,False,Confident Assessment,Pithampur Industrial Area,47.72,0.0,LOW
23.58118,86.72454,309.78,0.42,0.37,2026-09-25,1949,N20,VIIRS,n,2.0NRT,292.03,1.65,N,VIIRS_NOAA20_NRT,1.8125,4,0.012073140081567,-8.965517241379315,Persistent / Stable,1,8.13,Raghunathpur Thermal Power Station,0,35.69,0,216.43,0,Other,4,1,-8.965517241379315,0.59,0,0,1,0,70.0,1,17.75,Agricultural Burning,0,LOW,Agricultural Burning,83.5,83.5,0.0,0.0,0.0,0.02,0.92,15.57,Other Thermal Event,67.93,False,Confident Assessment,Raghunathpur Thermal Power Station,8.13,0.0,LOW
22.87757,69.58741,308.76,0.45,0.47,2026-09-25,2036,N21,VIIRS,n,2.0NRT,296.83,1.62,N,VIIRS_NOAA21_NRT,0.0,0,,0.0,New / No Local History,1,7.56,Mundra Thermal Powerplant,0,41.9,0,50.52,0,Other,4,0,0.0,1.62,0,0,0,1,70.0,1,11.930000000000009,Agricultural Burning,0,LOW,Agricultural Burning,96.11,96.11,0.0,0.0,0.0,0.0,0.01,3.88,Other Thermal Event,92.23,False,Confident Assessment,Mundra Thermal Powerplant,7.56,0.0,LOW
23.63302,86.29369,306.11,0.43,0.38,2026-09-25,1949,N20,VIIRS,n,2.0NRT,289.8,1.62,N,VIIRS_NOAA20_NRT,1.72,3,0.0336975656169591,-5.813953488372086,Persistent / Stable,1,0.49,Bokaro Steel Plant,1,7.49,0,201.36,0,Industrial,0,1,-5.813953488372086,0.6,0,0,1,0,70.0,1,16.310000000000002,Normal Persistent Source,0,LOW,Normal Persistent Source,93.92,0.4,0.0,0.0,0.0,1.44,93.92,4.24,Other Thermal Event,89.67,False,Confident Assessment,Bokaro Steel Plant,0.49,0.0,LOW
13.14291,79.65562,330.67,0.46,0.39,2026-09-26,746,N21,VIIRS,l,2.0NRT,303.89,2.23,D,VIIRS_NOAA21_NRT,0.0,0,,0.0,New / No Local History,1,33.35,Balaji Brewery,0,59.39,0,66.4,0,Cropland / Agriculture,3,0,0.0,2.23,0,0,0,1,30.0,0,26.78000000000003,Agricultural Burning,0,LOW,Agricultural Burning,98.88,98.88,0.06,0.0,0.0,0.0,0.0,1.06,Other Thermal Event,97.82,False,Confident Assessment,Balaji Brewery,33.35,0.0,LOW
26.77227,94.50653,302.34,0.54,0.68,2026-09-26,1834,N21,VIIRS,n,2.0NRT,287.63,2.3,N,VIIRS_NOAA21_NRT,2.306,5,0.0220630827115088,-0.2601908065915103,Persistent / Stable,1,20.61,Unnamed Industrial Feature,0,876.61,0,27.22,0,Forest / Woodland,2,1,-0.2601908065915103,0.7,0,0,1,0,70.0,1,14.70999999999998,Agricultural Burning,0,LOW,Agricultural Burning,91.84,91.84,0.0,0.46,0.0,0.02,0.29,7.38,Other Thermal Event,84.46,False,Confident Assessment,Unnamed Industrial Feature,20.61,0.0,LOW
22.36258,87.30177,308.99,0.46,0.47,2026-09-26,2017,N21,VIIRS,n,2.0NRT,294.16,2.3,N,VIIRS_NOAA21_NRT,2.723703703703704,54,0.0089670500834851,-15.55615991297254,Persistent / Stable,1,1.73,Unnamed Industrial Feature,1,176.01,0,86.43,0,Industrial,0,1,-15.55615991297254,0.62,0,0,1,0,70.0,1,14.829999999999984,Normal Persistent Source,0,LOW,Normal Persistent Source,99.98,0.0,0.0,0.0,0.0,0.0,99.98,0.02,Other Thermal Event,99.97,False,Confident Assessment,Unnamed Industrial Feature,1.73,0.0,LOW
22.36684,87.30276,315.67,0.46,0.47,2026-09-26,2017,N21,VIIRS,n,2.0NRT,293.84,2.3,N,VIIRS_NOAA21_NRT,2.612115384615384,52,0.0195173873998049,-11.948759478760207,Persistent / Stable,1,1.97,Unnamed Industrial Feature,1,175.67,0,86.54,0,Industrial,0,1,-11.948759478760207,0.64,0,0,1,0,70.0,1,21.83000000000004,Normal Persistent Source,0,LOW,Normal Persistent Source,99.95,0.0,0.0,0.0,0.0,0.0,99.95,0.05,Other Thermal Event,99.89,False,Confident Assessment,Unnamed Industrial Feature,1.97,0.0,LOW
23.07827,75.67865,334.97,0.4,0.37,2026-09-26,826,N,VIIRS,n,2.0NRT,298.29,2.29,D,VIIRS_SNPP_NRT,0.0,0,,0.0,New / No Local History,1,50.65,Pithampur Industrial Area,0,242.21,0,270.17,0,Other,4,0,0.0,2.29,0,0,0,1,70.0,0,36.68000000000001,Agricultural Burning,0,LOW,Agricultural Burning,98.02,98.02,1.49,0.0,0.0,0.0,0.0,0.49,Forest / Wildfire,96.53,False,Confident Assessment,Pithampur Industrial Area,50.65,0.0,LOW
27.74498,96.30508,336.68,0.43,0.38,2026-09-25,703,N,VIIRS,n,2.0NRT,297.97,3.13,D,VIIRS_SNPP_NRT,0.0,0,,0.0,New / No Local History,1,75.1,Unnamed Industrial Feature,0,1081.42,0,77.94,0,Forest / Woodland,2,0,0.0,3.13,0,0,0,1,70.0,0,38.70999999999998,Agricultural Burning,0,LOW,Agricultural Burning,98.77,98.77,0.06,0.0,0.0,0.0,0.0,1.17,Other Thermal Event,97.6,False,Confident Assessment,Unnamed Industrial Feature,75.1,0.0,LOW
22.9343,69.69837,340.18,0.38,0.36,2026-09-25,843,N,VIIRS,l,2.0NRT,311.09,3.01,D,VIIRS_SNPP_NRT,2.3864,25,0.0061301776670659,26.131411330874943,Persistent / Stable,1,10.86,Mundra Port Industrial SEZ,0,32.92,0,55.01,0,Other,4,1,26.131411330874943,0.89,0,0,1,0,30.0,0,29.090000000000032,Other Thermal Event,0,LOW,Other Thermal Event,87.97,8.93,0.0,0.0,0.0,0.06,3.04,87.97,Agricultural Burning,79.04,False,Confident Assessment,Mundra Port Industrial SEZ,10.86,0.0,LOW
31.85949,74.60365,331.25,0.39,0.36,2026-09-25,809,N21,VIIRS,n,2.0NRT,297.37,2.91,D,VIIRS_NOAA21_NRT,0.0,0,,0.0,New / No Local History,1,33.51,Unnamed Industrial Feature,0,445.42,0,192.22,0,Cropland / Agriculture,3,0,0.0,2.91,0,0,0,1,70.0,0,33.879999999999995,Agricultural Burning,0,LOW,Agricultural Burning,99.86,99.86,0.06,0.0,0.0,0.0,0.0,0.08,Other Thermal Event,99.78,False,Confident Assessment,Unnamed Industrial Feature,33.51,0.0,LOW
28.14342,95.42505,332.99,0.41,0.37,2026-09-25,703,N,VIIRS,n,2.0NRT,298.3,2.91,D,VIIRS_SNPP_NRT,0.0,0,,0.0,New / No Local History,1,73.32,FCI,0,1020.41,0,85.92,0,Forest / Woodland,2,0,0.0,2.91,0,0,0,1,70.0,0,34.69,Agricultural Burning,0,LOW,Agricultural Burning,98.56,98.56,0.06,0.0,0.0,0.0,0.0,1.38,Other Thermal Event,97.18,False,Confident Assessment,FCI,73.32,0.0,LOW
22.41668,69.03753,307.25,0.49,0.48,2026-09-25,2036,N21,VIIRS,n,2.0NRT,296.69,2.81,N,VIIRS_NOAA21_NRT,1.83375,8,0.011405461769063,53.23790047716427,Abnormal Increase,1,2.62,TATA Chemicals,0,115.28,0,70.16,0,Other,4,1,53.23790047716427,0.99,0,0,1,0,70.0,1,10.560000000000002,Normal Persistent Source,0,LOW,Normal Persistent Source,81.94,0.8,0.0,0.74,0.0,0.05,81.94,16.46,Other Thermal Event,65.48,False,Confident Assessment,TATA Chemicals,2.62,0.0,LOW
20.96703,86.00244,297.6,0.32,0.55,2026-09-25,1932,N,VIIRS,n,2.0NRT,282.59,1.53,N,VIIRS_SNPP_NRT,3.863999999999999,45,0.0133088922037976,-60.40372670807452,Persistent / Reduced,1,0.88,TATA Steel,1,81.27,0,99.66,0,Industrial,0,1,-60.40372670807452,0.31,0,0,1,0,70.0,1,15.010000000000048,Normal Persistent Source,0,LOW,Normal Persistent Source,100.0,0.0,0.0,0.0,0.0,0.0,100.0,0.0,Other Thermal Event,100.0,False,Confident Assessment,TATA Steel,0.88,0.0,LOW
22.81862,69.40572,333.34,0.38,0.36,2026-09-25,843,N,VIIRS,l,2.0NRT,306.13,1.51,D,VIIRS_SNPP_NRT,0.0,0,,0.0,New / No Local History,1,5.4,Unnamed Industrial Feature,0,56.81,0,53.04,0,Other,4,0,0.0,1.51,0,0,0,1,30.0,0,27.20999999999998,Agricultural Burning,0,LOW,Agricultural Burning,95.39,95.39,0.06,0.0,0.38,0.29,0.0,3.89,Other Thermal Event,91.5,False,Confident Assessment,Unnamed Industrial Feature,5.4,0.0,LOW
27.37995,95.33717,308.43,0.57,0.43,2026-09-25,1949,N20,VIIRS,n,2.0NRT,289.05,1.43,N,VIIRS_NOAA20_NRT,3.152,10,0.0754490662758975,-54.63197969543148,Persistent / Reduced,1,3.47,Unnamed Industrial Feature,0,977.76,0,27.88,0,Other,4,1,-54.63197969543148,0.34,0,0,1,0,70.0,1,19.379999999999995,Normal Persistent Source,0,LOW,Normal Persistent Source,68.31,0.74,0.0,0.0,0.0,0.04,68.31,30.92,Other Thermal Event,37.38,False,Confident Assessment,Unnamed Industrial Feature,3.47,0.0,LOW
22.4154,69.03798,334.03,0.39,0.36,2026-09-25,843,N,VIIRS,l,2.0NRT,306.42,2.44,D,VIIRS_SNPP_NRT,1.83375,8,0.0215930012281926,33.06066802999317,Persistent / Stable,1,2.56,TATA Chemicals,0,115.36,0,70.1,0,Other,4,1,33.06066802999317,0.86,0,0,1,0,30.0,0,27.60999999999996,Normal Persistent Source,0,LOW,Normal Persistent Source,80.52,1.73,0.0,0.0,0.38,0.32,80.52,17.06,Other Thermal Event,63.46,False,Confident Assessment,TATA Chemicals,2.56,0.0,LOW
21.88546,73.69077,332.31,0.42,0.38,2026-09-25,807,N21,VIIRS,n,2.0NRT,299.67,2.8,D,VIIRS_NOAA21_NRT,0.0,0,,0.0,New / No Local History,1,38.6,Unnamed Industrial Feature,0,274.09,0,70.39,0,Other,4,0,0.0,2.8,0,0,0,1,70.0,0,32.639999999999986,Agricultural Burning,0,LOW,Agricultural Burning,98.78,98.78,0.06,0.0,0.0,0.0,0.0,1.16,Other Thermal Event,97.62,False,Confident Assessment,Unnamed Industrial Feature,38.6,0.0,LOW
23.12218,70.08675,327.97,0.46,0.47,2026-09-25,2131,N20,VIIRS,n,2.0NRT,296.44,2.76,N,VIIRS_NOAA20_NRT,2.7783333333333338,6,0.0300924609871948,-0.6598680263947442,Persistent / Stable,1,1.3,Unnamed Industrial Feature,1,37.58,0,71.57,0,Industrial,0,1,-0.6598680263947442,0.73,0,0,1,0,70.0,1,31.53000000000003,Normal Persistent Source,0,LOW,Normal Persistent Source,99.16,0.0,0.0,0.33,0.0,0.0,99.16,0.51,Other Thermal Event,98.65,False,Confident Assessment,Unnamed Industrial Feature,1.3,0.0,LOW
29.24404,76.47194,332.18,0.42,0.38,2026-09-25,809,N21,VIIRS,n,2.0NRT,298.41,2.74,D,VIIRS_NOAA21_NRT,0.0,0,,0.0,New / No Local History,1,19.18,Unnamed Industrial Feature,0,107.82,0,46.85,0,Cropland / Agriculture,3,0,0.0,2.74,0,0,0,1,70.0,0,33.76999999999998,Agricultural Burning,0,LOW,Agricultural Burning,98.85,98.85,0.41,0.0,0.0,0.0,0.0,0.73,Other Thermal Event,98.12,False,Confident Assessment,Unnamed Industrial Feature,19.18,0.0,LOW
22.91738,69.46445,335.0,0.44,0.46,2026-09-25,807,N21,VIIRS,n,2.0NRT,305.36,2.73,D,VIIRS_NOAA21_NRT,0.0,0,,0.0,New / No Local History,1,12.19,Coastal Gujarat Power Ltd,0,44.44,0,59.2,0,Other,4,0,0.0,2.73,0,0,0,1,70.0,0,29.639999999999983,Agricultural Burning,0,LOW,Agricultural Burning,97.75,97.75,0.35,0.0,0.0,0.0,0.08,1.82,Other Thermal Event,95.94,False,Confident Assessment,Coastal Gujarat Power Ltd,12.19,0.0,LOW
27.88988,96.08911,328.85,0.62,0.54,2026-09-25,724,N20,VIIRS,n,2.0NRT,295.77,2.73,D,VIIRS_NOAA20_NRT,0.0,0,,0.0,New / No Local History,1,72.31,Digboi Refinery,0,1067.92,0,72.31,0,Forest / Woodland,2,0,0.0,2.73,0,0,0,1,70.0,0,33.08000000000004,Agricultural Burning,0,LOW,Agricultural Burning,98.39,98.39,0.06,0.0,0.0,0.0,0.0,1.55,Other Thermal Event,96.83,False,Confident Assessment,Digboi Refinery,72.31,0.0,LOW
22.91547,69.46451,339.5,0.38,0.36,2026-09-25,843,N,VIIRS,n,2.0NRT,309.0,2.71,D,VIIRS_SNPP_NRT,0.0,0,,0.0,New / No Local History,1,12.0,Coastal Gujarat Power Ltd,0,44.6,0,59.01,0,Other,4,0,0.0,2.71,0,0,0,1,70.0,0,30.5,Agricultural Burning,0,LOW,Agricultural Burning,98.0,98.0,0.35,0.0,0.0,0.0,0.08,1.57,Other Thermal Event,96.43,False,Confident Assessment,Coastal Gujarat Power Ltd,12.0,0.0,LOW
27.75473,96.10436,327.46,0.62,0.54,2026-09-25,724,N20,VIIRS,n,2.0NRT,295.56,2.7,D,VIIRS_NOAA20_NRT,0.0,0,,0.0,New / No Local History,1,62.59,Unnamed Industrial Feature,0,1063.51,0,62.63,0,Forest / Woodland,2,0,0.0,2.7,0,0,0,1,70.0,0,31.899999999999977,Agricultural Burning,0,LOW,Agricultural Burning,98.39,98.39,0.06,0.0,0.0,0.0,0.0,1.55,Other Thermal Event,96.83,False,Confident Assessment,Unnamed Industrial Feature,62.59,0.0,LOW
23.68484,86.39132,312.57,0.43,0.38,2026-09-25,1949,N20,VIIRS,n,2.0NRT,290.02,2.35,N,VIIRS_NOAA20_NRT,3.0147826086956515,92,0.0323989354096773,-22.05076434958175,Persistent / Stable,1,4.01,SAIL Parbatpur Colliery,0,4.01,1,197.07,0,Other,4,1,-22.05076434958175,0.59,0,0,1,0,70.0,1,22.55000000000001,Mining Activity,0,LOW,Mining Activity,99.66,0.0,0.0,0.0,0.02,99.66,0.25,0.07,Normal Persistent Source,99.41,False,Confident Assessment,SAIL Parbatpur Colliery,4.01,0.0,LOW
27.81904,96.18395,331.92,0.42,0.38,2026-09-25,703,N,VIIRS,n,2.0NRT,296.12,2.3,D,VIIRS_SNPP_NRT,0.0,0,,0.0,New / No Local History,1,72.99,Unnamed Industrial Feature,0,1073.48,0,73.23,0,Forest / Woodland,2,0,0.0,2.3,0,0,0,1,70.0,0,35.80000000000001,Agricultural Burning,0,LOW,Agricultural Burning,98.45,98.45,0.06,0.0,0.0,0.0,0.0,1.49,Other Thermal Event,96.97,False,Confident Assessment,Unnamed Industrial Feature,72.99,0.0,LOW
22.63914,70.98642,336.2,0.4,0.37,2026-09-25,843,N,VIIRS,n,2.0NRT,305.91,2.26,D,VIIRS_SNPP_NRT,0.0,0,,0.0,New / No Local History,1,34.07,Unnamed Industrial Feature,0,143.68,0,98.38,0,Other,4,0,0.0,2.26,0,0,0,1,70.0,0,30.289999999999964,Agricultural Burning,0,LOW,Agricultural Burning,98.77,98.77,0.06,0.0,0.0,0.0,0.0,1.17,Other Thermal Event,97.6,False,Confident Assessment,Unnamed Industrial Feature,34.07,0.0,LOW
31.87893,75.05732,330.2,0.4,0.37,2026-09-25,809,N21,VIIRS,n,2.0NRT,298.49,2.62,D,VIIRS_NOAA21_NRT,0.0,0,,0.0,New / No Local History,1,28.0,Unnamed Industrial Feature,0,423.42,0,191.09,0,Cropland / Agriculture,3,0,0.0,2.62,0,0,0,1,70.0,0,31.70999999999998,Agricultural Burning,0,LOW,Agricultural Burning,99.86,99.86,0.06,0.0,0.0,0.0,0.0,0.08,Other Thermal Event,99.78,False,Confident Assessment,Unnamed Industrial Feature,28.0,0.0,LOW
31.83345,74.7467,330.63,0.49,0.48,2026-09-25,845,N,VIIRS,n,2.0NRT,298.5,2.6,D,VIIRS_SNPP_NRT,0.0,0,,0.0,New / No Local History,1,21.89,Unnamed Industrial Feature,0,435.2,0,187.26,0,Cropland / Agriculture,3,0,0.0,2.6,0,0,0,1,70.0,0,32.129999999999995,Agricultural Burning,0,LOW,Agricultural Burning,99.86,99.86,0.06,0.0,0.0,0.0,0.0,0.08,Other Thermal Event,99.78,False,Confident Assessment,Unnamed Industrial Feature,21.89,0.0,LOW
27.89113,96.08849,333.2,0.42,0.38,2026-09-25,703,N,VIIRS,n,2.0NRT,299.54,2.59,D,VIIRS_SNPP_NRT,0.0,0,,0.0,New / No Local History,1,72.38,Digboi Refinery,0,1067.92,0,72.38,0,Forest / Woodland,2,0,0.0,2.59,0,0,0,1,70.0,0,33.65999999999997,Agricultural Burning,0,LOW,Agricultural Burning,98.39,98.39,0.06,0.0,0.0,0.0,0.0,1.55,Other Thermal Event,96.83,False,Confident Assessment,Digboi Refinery,72.38,0.0,LOW
27.40991,71.41462,338.36,0.34,0.56,2026-09-25,905,N20,VIIRS,l,2.0NRT,312.17,2.51,D,VIIRS_NOAA20_NRT,0.0,0,,0.0,New / No Local History,1,100.23,Unnamed Industrial Feature,0,290.06,0,170.24,0,Other,4,0,0.0,2.51,0,0,0,1,30.0,0,26.19,Agricultural Burning,0,LOW,Agricultural Burning,98.36,98.36,0.35,0.0,0.0,0.0,0.0,1.29,Other Thermal Event,97.07,False,Confident Assessment,Unnamed Industrial Feature,100.23,0.0,LOW
27.9092,95.93816,326.51,0.48,0.4,2026-09-25,629,N21,VIIRS,n,2.0NRT,298.93,2.5,D,VIIRS_NOAA21_NRT,0.0,0,,0.0,New / No Local History,1,65.71,Digboi Refinery,0,1055.15,0,65.71,0,Forest / Woodland,2,0,0.0,2.5,0,0,0,1,70.0,0,27.579999999999984,Agricultural Burning,0,LOW,Agricultural Burning,98.19,98.19,0.06,0.0,0.0,0.0,0.0,1.75,Other Thermal Event,96.44,False,Confident Assessment,Digboi Refinery,65.71,0.0,LOW
23.68424,86.39553,310.74,0.43,0.38,2026-09-25,1949,N20,VIIRS,n,2.0NRT,290.15,2.16,N,VIIRS_NOAA20_NRT,3.0147826086956515,92,0.0081491461001884,-28.353042976636843,Persistent / Stable,1,4.21,Unnamed Industrial Feature,0,4.43,1,197.21,0,Other,4,1,-28.353042976636843,0.54,0,0,1,0,70.0,1,20.590000000000032,Mining Activity,0,LOW,Mining Activity,99.41,0.0,0.0,0.0,0.02,99.41,0.11,0.47,Other Thermal Event,98.93,False,Confident Assessment,Unnamed Industrial Feature,4.21,0.0,LOW
28.00383,96.02225,329.65,0.42,0.38,2026-09-25,703,N,VIIRS,n,2.0NRT,299.9,2.05,D,VIIRS_SNPP_NRT,0.0,0,,0.0,New / No Local History,1,78.93,Digboi Refinery,0,1066.94,0,78.93,0,Forest / Woodland,2,0,0.0,2.05,0,0,0,1,70.0,0,29.75,Agricultural Burning,0,LOW,Agricultural Burning,98.59,98.59,0.06,0.0,0.0,0.0,0.0,1.35,Other Thermal Event,97.24,False,Confident Assessment,Digboi Refinery,78.93,0.0,LOW
26.92624,73.46744,308.67,0.42,0.38,2026-09-25,2110,N,VIIRS,n,2.0NRT,297.15,1.04,N,VIIRS_SNPP_NRT,1.24,2,0.0258044783989765,-16.129032258064512,Persistent / Stable,1,95.45,Unnamed Industrial Feature,0,287.85,0,240.84,0,Other,4,1,-16.129032258064512,0.46,0,0,1,0,70.0,1,11.52000000000004,Agricultural Burning,0,LOW,Agricultural Burning,84.31,84.31,0.38,0.0,0.0,0.0,2.1,13.21,Other Thermal Event,71.1,False,Confident Assessment,Unnamed Industrial Feature,95.45,0.0,LOW
23.26816,70.25694,307.43,0.38,0.36,2026-09-25,2112,N,VIIRS,n,2.0NRT,297.25,1.18,N,VIIRS_SNPP_NRT,0.9633333333333334,3,0.022618868411754,22.491349480968847,Persistent / Stable,1,11.86,Unnamed Industrial Feature,0,53.24,0,90.35,0,Other,4,1,22.491349480968847,0.6,0,0,1,0,70.0,1,10.180000000000009,Agricultural Burning,0,LOW,Agricultural Burning,90.54,90.54,0.0,0.0,0.0,0.0,1.87,7.59,Other Thermal Event,82.96,False,Confident Assessment,Unnamed Industrial Feature,11.86,0.0,LOW
22.63026,86.17858,302.91,0.33,0.55,2026-09-25,1932,N,VIIRS,n,2.0NRT,286.99,1.15,N,VIIRS_SNPP_NRT,0.0,0,,0.0,New / No Local History,1,15.38,Unnamed Industrial Feature,0,118.04,0,204.7,0,Other,4,0,0.0,1.15,0,0,0,1,70.0,1,15.920000000000016,Agricultural Burning,0,LOW,Agricultural Burning,98.64,98.64,0.73,0.0,0.0,0.0,0.02,0.6,Forest / Wildfire,97.91,False,Confident Assessment,Unnamed Industrial Feature,15.38,0.0,LOW
22.79265,86.1945,306.86,0.43,0.38,2026-09-25,1949,N20,VIIRS,n,2.0NRT,289.03,1.14,N,VIIRS_NOAA20_NRT,2.479821428571428,56,0.0058566627795722,-54.028947936919415,Persistent / Reduced,1,0.99,Tata Steel,1,99.94,0,209.71,0,Industrial,0,1,-54.028947936919415,0.33,0,0,1,0,70.0,1,17.83000000000004,Normal Persistent Source,0,LOW,Normal Persistent Source,99.85,0.0,0.0,0.0,0.0,0.0,99.85,0.15,Other Thermal Event,99.7,False,Confident Assessment,Tata Steel,0.99,0.0,LOW
24.65789,73.87594,305.65,0.46,0.39,2026-09-25,2112,N,VIIRS,n,2.0NRT,294.23,1.13,N,VIIRS_SNPP_NRT,1.1825,4,0.0252847818703485,-4.439746300211434,Persistent / Stable,1,0.13,Unnamed Industrial Feature,1,36.65,0,253.72,0,Industrial,0,1,-4.439746300211434,0.52,0,0,1,0,70.0,1,11.41999999999996,Normal Persistent Source,0,LOW,Normal Persistent Source,94.51,0.0,0.0,0.7,0.0,0.0,94.51,4.79,Other Thermal Event,89.72,False,Confident Assessment,Unnamed Industrial Feature,0.13,0.0,LOW
23.25704,70.26257,312.33,0.38,0.36,2026-09-25,2112,N,VIIRS,n,2.0NRT,297.51,1.11,N,VIIRS_SNPP_NRT,0.9633333333333334,3,0.108294582663339,15.224913494809694,Persistent / Stable,1,11.36,Unnamed Industrial Feature,0,53.73,0,89.29,0,Other,4,1,15.224913494809694,0.57,0,0,1,0,70.0,1,14.819999999999991,Agricultural Burning,0,LOW,Agricultural Burning,88.57,88.57,0.0,0.0,0.0,0.06,1.86,9.51,Other Thermal Event,79.07,False,Confident Assessment,Unnamed Industrial Feature,11.36,0.0,LOW
31.62267,74.94975,331.06,0.4,0.37,2026-09-25,809,N21,VIIRS,n,2.0NRT,300.68,1.85,D,VIIRS_NOAA21_NRT,0.0,0,,0.0,New / No Local History,1,8.52,Unnamed Industrial Feature,0,404.99,0,162.49,0,Cropland / Agriculture,3,0,0.0,1.85,0,0,0,1,70.0,0,30.379999999999995,Agricultural Burning,0,LOW,Agricultural Burning,98.99,98.99,0.06,0.0,0.0,0.0,0.0,0.95,Other Thermal Event,98.04,False,Confident Assessment,Unnamed Industrial Feature,8.52,0.0,LOW
27.37569,95.33558,320.19,0.39,0.36,2026-09-25,1930,N,VIIRS,n,2.0NRT,290.88,1.83,N,VIIRS_SNPP_NRT,3.152,10,0.0469110512626092,-41.94162436548224,Persistent / Stable,1,2.99,Unnamed Industrial Feature,0,977.43,0,28.06,0,Other,4,1,-41.94162436548224,0.44,0,0,1,0,70.0,1,29.31,Normal Persistent Source,0,LOW,Normal Persistent Source,89.53,0.19,0.0,0.0,0.0,0.0,89.53,10.28,Other Thermal Event,79.25,False,Confident Assessment,Unnamed Industrial Feature,2.99,0.0,LOW
27.37903,95.3362,330.08,0.39,0.36,2026-09-25,1930,N,VIIRS,n,2.0NRT,292.13,1.83,N,VIIRS_SNPP_NRT,3.152,10,0.014815469963251,-41.94162436548224,Persistent / Stable,1,3.34,Unnamed Industrial Feature,0,977.63,0,27.98,0,Other,4,1,-41.94162436548224,0.44,0,0,1,0,70.0,1,37.94999999999999,Normal Persistent Source,0,LOW,Normal Persistent Source,81.63,0.05,0.0,0.3,0.0,0.09,81.63,17.92,Other Thermal Event,63.71,False,Confident Assessment,Unnamed Industrial Feature,3.34,0.0,LOW
22.41635,69.03768,313.79,0.39,0.36,2026-09-25,2112,N,VIIRS,n,2.0NRT,296.54,1.83,N,VIIRS_SNPP_NRT,1.83375,8,0.0046328549533531,-0.2044989775051202,Persistent / Stable,1,2.61,TATA Chemicals,0,115.3,0,70.14,0,Other,4,1,-0.2044989775051202,0.65,0,0,1,0,70.0,1,17.25,Normal Persistent Source,0,LOW,Normal Persistent Source,82.65,1.33,0.0,0.0,0.0,0.02,82.65,15.99,Other Thermal Event,66.66,False,Confident Assessment,TATA Chemicals,2.61,0.0,LOW
31.47933,74.89074,332.69,0.4,0.37,2026-09-25,809,N21,VIIRS,n,2.0NRT,299.76,1.74,D,VIIRS_NOAA21_NRT,0.0,0,,0.0,New / No Local History,1,21.75,Unnamed Industrial Feature,0,395.27,0,146.79,0,Cropland / Agriculture,3,0,0.0,1.74,0,0,0,1,70.0,0,32.93000000000001,Agricultural Burning,0,LOW,Agricultural Burning,99.86,99.86,0.06,0.0,0.0,0.0,0.0,0.08,Other Thermal Event,99.78,False,Confident Assessment,Unnamed Industrial Feature,21.75,0.0,LOW
28.47246,76.95984,324.32,0.39,0.36,2026-09-25,2034,N21,VIIRS,n,2.0NRT,294.29,2.23,N,VIIRS_NOAA21_NRT,0.0,0,,0.0,New / No Local History,1,4.91,Unnamed Industrial Feature,0,36.28,0,102.13,0,Cropland / Agriculture,3,0,0.0,2.23,0,0,0,1,70.0,1,30.029999999999973,Agricultural Burning,0,LOW,Agricultural Burning,93.4,93.4,0.35,0.35,0.0,0.6,0.31,5.0,Other Thermal Event,88.4,False,Confident Assessment,Unnamed Industrial Feature,4.91,0.0,LOW
25.96023,93.66666,332.58,0.42,0.45,2026-09-25,722,N20,VIIRS,n,2.0NRT,293.3,2.2,D,VIIRS_NOAA20_NRT,0.0,0,,0.0,New / No Local History,1,12.1,Unnamed Industrial Feature,0,768.48,0,70.22,0,Forest / Woodland,2,0,0.0,2.2,0,0,0,1,70.0,0,39.27999999999997,Agricultural Burning,0,LOW,Agricultural Burning,98.95,98.95,0.06,0.0,0.0,0.0,0.0,0.99,Other Thermal Event,97.96,False,Confident Assessment,Unnamed Industrial Feature,12.1,0.0,LOW
27.7489,96.25766,332.02,0.46,0.39,2026-09-25,629,N21,VIIRS,n,2.0NRT,298.96,2.18,D,VIIRS_NOAA21_NRT,0.0,0,,0.0,New / No Local History,1,71.97,Unnamed Industrial Feature,0,1077.25,0,74.23,0,Forest / Woodland,2,0,0.0,2.18,0,0,0,1,70.0,0,33.06,Agricultural Burning,0,LOW,Agricultural Burning,98.45,98.45,0.06,0.0,0.0,0.0,0.0,1.49,Other Thermal Event,96.97,False,Confident Assessment,Unnamed Industrial Feature,71.97,0.0,LOW
12.83148,78.0993,331.1,0.4,0.37,2026-09-26,822,N,VIIRS,n,2.0NRT,297.6,2.04,D,VIIRS_SNPP_NRT,0.0,0,,0.0,New / No Local History,1,22.16,BEML,0,60.54,0,32.19,0,Cropland / Agriculture,3,0,0.0,2.04,0,0,0,1,70.0,0,33.5,Agricultural Burning,0,LOW,Agricultural Burning,98.42,98.42,0.06,0.0,0.0,0.0,0.0,1.52,Other Thermal Event,96.89,False,Confident Assessment,BEML,22.16,0.0,LOW
11.43383,78.12321,332.86,0.57,0.52,2026-09-26,841,N20,VIIRS,n,2.0NRT,301.91,2.03,D,VIIRS_NOAA20_NRT,0.0,0,,0.0,New / No Local History,1,26.54,Salem Steel Plant,0,182.39,0,113.15,0,Cropland / Agriculture,3,0,0.0,2.03,0,0,0,1,70.0,0,30.94999999999999,Agricultural Burning,0,LOW,Agricultural Burning,99.87,99.87,0.06,0.0,0.0,0.0,0.0,0.07,Other Thermal Event,99.8,False,Confident Assessment,Salem Steel Plant,26.54,0.0,LOW
31.81464,74.69016,331.68,0.43,0.38,2026-09-26,828,N,VIIRS,n,2.0NRT,303.5,2.03,D,VIIRS_SNPP_NRT,0.0,0,,0.0,New / No Local History,1,24.02,Unnamed Industrial Feature,0,436.58,0,185.91,0,Cropland / Agriculture,3,0,0.0,2.03,0,0,0,1,70.0,0,28.180000000000007,Agricultural Burning,0,LOW,Agricultural Burning,99.38,99.38,0.06,0.0,0.0,0.0,0.0,0.56,Other Thermal Event,98.83,False,Confident Assessment,Unnamed Industrial Feature,24.02,0.0,LOW
10.10597,78.95609,336.68,0.4,0.37,2026-09-26,822,N,VIIRS,l,2.0NRT,309.46,2.0,D,VIIRS_SNPP_NRT,0.0,0,,0.0,New / No Local History,1,71.24,Masfab Engineering Technology,0,203.25,0,121.87,0,Cropland / Agriculture,3,0,0.0,2.0,0,0,0,1,30.0,0,27.220000000000027,Agricultural Burning,0,LOW,Agricultural Burning,98.87,98.87,0.69,0.0,0.0,0.0,0.0,0.44,Forest / Wildfire,98.17,False,Confident Assessment,Masfab Engineering Technology,71.24,0.0,LOW
13.66248,79.64047,335.82,0.46,0.39,2026-09-26,822,N,VIIRS,l,2.0NRT,306.67,1.99,D,VIIRS_SNPP_NRT,0.0,0,,0.0,New / No Local History,1,31.2,TTD Transport Yard,0,88.8,0,87.51,0,Cropland / Agriculture,3,0,0.0,1.99,0,0,0,1,30.0,0,29.149999999999977,Agricultural Burning,0,LOW,Agricultural Burning,99.75,99.75,0.06,0.0,0.0,0.0,0.0,0.18,Other Thermal Event,99.57,False,Confident Assessment,TTD Transport Yard,31.2,0.0,LOW
10.48254,77.91345,333.38,0.42,0.45,2026-09-26,746,N21,VIIRS,l,2.0NRT,304.56,1.96,D,VIIRS_NOAA21_NRT,0.0,0,,0.0,New / No Local History,1,15.95,Chicken shop,0,126.82,0,109.28,0,Cropland / Agriculture,3,0,0.0,1.96,0,0,0,1,30.0,0,28.819999999999997,Agricultural Burning,0,LOW,Agricultural Burning,99.16,99.16,0.4,0.0,0.0,0.0,0.0,0.44,Other Thermal Event,98.72,False,Confident Assessment,Chicken shop,15.95,0.0,LOW
27.84883,96.12551,331.04,0.42,0.37,2026-09-26,646,N,VIIRS,n,2.0NRT,297.27,1.96,D,VIIRS_SNPP_NRT,0.0,0,,0.0,New / No Local History,1,71.33,IOCL Digboi Refinery,0,1069.44,0,71.33,0,Forest / Woodland,2,0,0.0,1.96,0,0,0,1,70.0,0,33.77000000000004,Agricultural Burning,0,LOW,Agricultural Burning,98.11,98.11,0.06,0.0,0.0,0.0,0.0,1.82,Other Thermal Event,96.29,False,Confident Assessment,IOCL Digboi Refinery,71.33,0.0,LOW
28.84225,77.83348,330.44,0.47,0.39,2026-09-25,807,N21,VIIRS,n,2.0NRT,294.47,1.56,D,VIIRS_NOAA21_NRT,0.0,0,,0.0,New / No Local History,1,12.92,FCI,0,58.42,0,104.23,0,Cropland / Agriculture,3,0,0.0,1.56,0,0,0,1,70.0,0,35.96999999999997,Agricultural Burning,0,LOW,Agricultural Burning,99.35,99.35,0.41,0.0,0.0,0.0,0.0,0.24,Forest / Wildfire,98.93,False,Confident Assessment,FCI,12.92,0.0,LOW
13.46123,79.84966,336.2,0.46,0.39,2026-09-26,822,N,VIIRS,n,2.0NRT,302.95,2.27,D,VIIRS_SNPP_NRT,10.54,1,1.9973483571763688,-78.4629981024668,Single Historical Detection,1,28.07,SIPCOT Gummidipundi,0,57.64,0,56.01,0,Cropland / Agriculture,3,1,-78.4629981024668,0.2,0,0,0,0,70.0,0,33.25,Agricultural Burning,0,LOW,Agricultural Burning,96.81,96.81,0.0,0.0,0.0,0.0,0.0,3.19,Other Thermal Event,93.63,False,Confident Assessment,SIPCOT Gummidipundi,28.07,0.0,LOW
22.37847,87.27579,307.83,0.46,0.47,2026-09-26,2017,N21,VIIRS,n,2.0NRT,293.62,3.37,N,VIIRS_NOAA21_NRT,3.552676056338029,71,0.0012012018557553,-5.141928322232809,Persistent / Stable,1,1.35,Tata Metaliks,1,173.07,0,89.6,0,Industrial,0,1,-5.141928322232809,0.74,0,0,1,0,70.0,1,14.20999999999998,Normal Persistent Source,0,LOW,Normal Persistent Source,99.23,0.0,0.0,0.77,0.0,0.0,99.23,0.0,Gas Flare,98.45,False,Confident Assessment,Tata Metaliks,1.35,0.0,LOW
27.94963,96.66261,332.75,0.4,0.37,2026-09-26,646,N,VIIRS,n,2.0NRT,297.0,2.38,D,VIIRS_SNPP_NRT,0.0,0,,0.0,New / No Local History,1,116.68,Unnamed Industrial Feature,0,1122.52,0,119.81,0,Forest / Woodland,2,0,0.0,2.38,0,0,0,1,70.0,0,35.75,Agricultural Burning,0,LOW,Agricultural Burning,98.77,98.77,0.06,0.0,0.0,0.0,0.0,1.17,Other Thermal Event,97.6,False,Confident Assessment,Unnamed Industrial Feature,116.68,0.0,LOW
23.66835,86.93391,312.25,0.47,0.48,2026-09-26,1932,N20,VIIRS,n,2.0NRT,290.23,2.37,N,VIIRS_NOAA20_NRT,2.4366666666666665,3,0.3361048144005675,-2.735978112175093,Persistent / Stable,1,0.92,IISCO Steel Plant,1,52.93,0,215.04,0,Industrial,0,1,-2.735978112175093,0.69,0,0,1,0,70.0,1,22.019999999999985,Normal Persistent Source,0,LOW,Normal Persistent Source,92.41,0.97,0.0,0.92,0.0,0.58,92.41,5.12,Other Thermal Event,87.28,False,Confident Assessment,IISCO Steel Plant,0.92,0.0,LOW
9.50723,77.60115,343.68,0.38,0.36,2026-09-26,822,N,VIIRS,n,2.0NRT,311.03,2.35,D,VIIRS_SNPP_NRT,1.59,1,0.9795417905035044,47.79874213836478,Single Historical Detection,1,17.07,Unnamed Industrial Feature,0,48.61,0,102.15,0,Other,4,1,47.79874213836478,0.91,0,0,0,0,70.0,0,32.650000000000034,Agricultural Burning,0,LOW,Agricultural Burning,93.45,93.45,0.0,0.0,0.0,0.0,0.06,6.5,Other Thermal Event,86.95,False,Confident Assessment,Unnamed Industrial Feature,17.07,0.0,LOW
14.51926,77.51309,336.92,0.39,0.36,2026-09-26,822,N,VIIRS,n,2.0NRT,295.0,2.35,D,VIIRS_SNPP_NRT,0.0,0,,0.0,New / No Local History,1,74.7,Loco Shed,0,94.78,0,174.32,0,Cropland / Agriculture,3,0,0.0,2.35,0,0,0,1,70.0,0,41.920000000000016,Agricultural Burning,0,LOW,Agricultural Burning,99.52,99.52,0.27,0.0,0.0,0.0,0.0,0.21,Forest / Wildfire,99.25,False,Confident Assessment,Loco Shed,74.7,0.0,LOW
20.96361,86.00903,302.0,0.65,0.73,2026-09-26,1910,N,VIIRS,n,2.0NRT,287.92,2.33,N,VIIRS_SNPP_NRT,3.830652173913042,46,0.0217757671695362,-39.17484819249757,Persistent / Stable,1,0.83,TATA Steel,1,81.95,0,98.93,0,Industrial,0,1,-39.17484819249757,0.48,0,0,1,0,70.0,1,14.079999999999984,Normal Persistent Source,0,LOW,Normal Persistent Source,100.0,0.0,0.0,0.0,0.0,0.0,100.0,0.0,Other Thermal Event,100.0,False,Confident Assessment,TATA Steel,0.83,0.0,LOW
23.78426,86.34251,310.77,0.38,0.43,2026-09-26,2017,N21,VIIRS,n,2.0NRT,290.77,2.32,N,VIIRS_NOAA21_NRT,2.290897435897437,78,0.02347845316885,1.2703564832950562,Persistent / Stable,1,2.74,Unnamed Industrial Feature,0,9.03,0,185.36,0,Other,4,1,1.2703564832950562,0.7,0,0,1,0,70.0,1,20.0,Normal Persistent Source,0,LOW,Normal Persistent Source,85.36,0.09,0.0,0.0,0.0,0.26,85.36,14.29,Other Thermal Event,71.07,False,Confident Assessment,Unnamed Industrial Feature,2.74,0.0,LOW
30.98959,75.29948,331.8,0.44,0.38,2026-09-26,828,N,VIIRS,n,2.0NRT,299.67,3.47,D,VIIRS_SNPP_NRT,0.0,0,,0.0,New / No Local History,1,27.63,uggi adda,0,328.38,0,96.94,0,Cropland / Agriculture,3,0,0.0,3.47,0,0,0,1,70.0,0,32.129999999999995,Agricultural Burning,0,LOW,Agricultural Burning,99.89,99.89,0.06,0.0,0.0,0.0,0.0,0.05,Forest / Wildfire,99.83,False,Confident Assessment,uggi adda,27.63,0.0,LOW
31.78459,74.57161,336.22,0.42,0.38,2026-09-26,828,N,VIIRS,n,2.0NRT,304.09,3.66,D,VIIRS_SNPP_NRT,0.0,0,,0.0,New / No Local History,1,31.95,Unnamed Industrial Feature,0,440.56,0,184.67,0,Cropland / Agriculture,3,0,0.0,3.66,0,0,0,1,70.0,0,32.13000000000005,Agricultural Burning,0,LOW,Agricultural Burning,99.9,99.9,0.06,0.0,0.0,0.0,0.0,0.04,Forest / Wildfire,99.84,False,Confident Assessment,Unnamed Industrial Feature,31.95,0.0,LOW
31.78805,74.57098,336.53,0.42,0.38,2026-09-26,828,N,VIIRS,n,2.0NRT,300.83,3.66,D,VIIRS_SNPP_NRT,0.0,0,,0.0,New / No Local History,1,32.15,Unnamed Industrial Feature,0,440.9,0,185.06,0,Cropland / Agriculture,3,0,0.0,3.66,0,0,0,1,70.0,0,35.69999999999999,Agricultural Burning,0,LOW,Agricultural Burning,99.9,99.9,0.06,0.0,0.0,0.0,0.0,0.04,Forest / Wildfire,99.84,False,Confident Assessment,Unnamed Industrial Feature,32.15,0.0,LOW
9.42107,78.28815,335.93,0.41,0.45,2026-09-26,744,N21,VIIRS,l,2.0NRT,306.94,3.65,D,VIIRS_NOAA21_NRT,7.25,1,1.869280137519479,-49.6551724137931,Single Historical Detection,1,52.4,Unnamed Industrial Feature,0,124.39,0,175.27,0,Other,4,1,-49.6551724137931,0.44,0,0,0,0,30.0,0,28.99000000000001,Agricultural Burning,0,LOW,Agricultural Burning,93.0,93.0,0.0,0.0,0.0,0.0,0.03,6.97,Other Thermal Event,86.02,False,Confident Assessment,Unnamed Industrial Feature,52.4,0.0,LOW
31.81451,74.66253,334.19,0.43,0.38,2026-09-26,828,N,VIIRS,n,2.0NRT,302.59,3.63,D,VIIRS_SNPP_NRT,0.0,0,,0.0,New / No Local History,1,26.06,Unnamed Industrial Feature,0,438.1,0,186.31,0,Cropland / Agriculture,3,0,0.0,3.63,0,0,0,1,70.0,0,31.600000000000023,Agricultural Burning,0,LOW,Agricultural Burning,99.89,99.89,0.06,0.0,0.0,0.0,0.0,0.04,Forest / Wildfire,99.83,False,Confident Assessment,Unnamed Industrial Feature,26.06,0.0,LOW
27.92854,96.20522,326.99,0.41,0.37,2026-09-26,646,N,VIIRS,n,2.0NRT,296.43,3.62,D,VIIRS_SNPP_NRT,0.0,0,,0.0,New / No Local History,1,83.14,IOCL Digboi Refinery,0,1080.1,0,83.14,0,Forest / Woodland,2,0,0.0,3.62,0,0,0,1,70.0,0,30.56,Agricultural Burning,0,LOW,Agricultural Burning,98.6,98.6,0.06,0.0,0.0,0.0,0.0,1.34,Other Thermal Event,97.26,False,Confident Assessment,IOCL Digboi Refinery,83.14,0.0,LOW
18.44931,75.2264,330.83,0.46,0.47,2026-09-26,843,N20,VIIRS,n,2.0NRT,286.98,3.6,D,VIIRS_NOAA20_NRT,0.0,0,,0.0,New / No Local History,1,70.59,Unnamed Industrial Feature,0,408.76,0,239.44,0,Forest / Woodland,2,0,0.0,3.6,0,0,0,1,70.0,0,43.849999999999966,Agricultural Burning,0,LOW,Agricultural Burning,98.89,98.89,0.65,0.0,0.0,0.0,0.0,0.46,Forest / Wildfire,98.24,False,Confident Assessment,Unnamed Industrial Feature,70.59,0.0,LOW
31.79158,74.73124,332.84,0.43,0.38,2026-09-26,828,N,VIIRS,n,2.0NRT,302.33,3.6,D,VIIRS_SNPP_NRT,0.0,0,,0.0,New / No Local History,1,19.41,Unnamed Industrial Feature,0,432.24,0,182.82,0,Cropland / Agriculture,3,0,0.0,3.6,0,0,0,1,70.0,0,30.50999999999999,Agricultural Burning,0,LOW,Agricultural Burning,99.69,99.69,0.06,0.0,0.0,0.0,0.0,0.24,Other Thermal Event,99.45,False,Confident Assessment,Unnamed Industrial Feature,19.41,0.0,LOW
9.69456,77.81956,334.57,0.52,0.5,2026-09-26,839,N20,VIIRS,l,2.0NRT,306.59,4.2,D,VIIRS_NOAA20_NRT,5.503333333333334,3,0.1129223284526748,-23.682616596002426,Persistent / Stable,1,38.83,Unnamed Industrial Feature,0,71.87,0,131.11,0,Other,4,1,-23.682616596002426,0.65,0,0,1,0,30.0,0,27.980000000000015,Agricultural Burning,0,LOW,Agricultural Burning,95.14,95.14,0.0,0.0,0.0,0.0,0.31,4.55,Other Thermal Event,90.6,False,Confident Assessment,Unnamed Industrial Feature,38.83,0.0,LOW
22.37553,87.28179,317.21,0.46,0.47,2026-09-26,2017,N21,VIIRS,n,2.0NRT,294.07,4.43,N,VIIRS_NOAA21_NRT,3.2554639175257742,97,0.0091128664151935,36.0789157008043,Persistent / Stable,1,0.87,Unnamed Industrial Feature,1,173.68,0,88.9,0,Industrial,0,1,36.0789157008043,1.04,0,0,1,0,70.0,1,23.139999999999983,Normal Persistent Source,0,LOW,Normal Persistent Source,97.77,0.0,0.0,0.0,0.0,0.85,97.77,1.38,Other Thermal Event,96.4,False,Confident Assessment,Unnamed Industrial Feature,0.87,0.0,LOW
22.37641,87.27741,322.51,0.46,0.47,2026-09-26,2017,N21,VIIRS,n,2.0NRT,295.08,4.43,N,VIIRS_NOAA21_NRT,3.552676056338029,71,0.0237733238765891,24.69473517285122,Persistent / Stable,1,1.25,Unnamed Industrial Feature,1,173.36,0,89.35,0,Industrial,0,1,24.69473517285122,0.97,0,0,1,0,70.0,1,27.430000000000007,Normal Persistent Source,0,LOW,Normal Persistent Source,99.96,0.0,0.0,0.0,0.0,0.0,99.96,0.04,Other Thermal Event,99.92,False,Confident Assessment,Unnamed Industrial Feature,1.25,0.0,LOW
20.38382,74.14952,341.23,0.42,0.45,2026-09-26,843,N20,VIIRS,n,2.0NRT,297.4,4.41,D,VIIRS_NOAA20_NRT,0.0,0,,0.0,New / No Local History,1,12.06,Unnamed Industrial Feature,0,442.94,0,165.28,0,Other,4,0,0.0,4.41,0,0,0,1,70.0,0,43.83000000000004,Agricultural Burning,0,LOW,Agricultural Burning,98.53,98.53,0.31,0.0,0.0,0.0,0.0,1.16,Other Thermal Event,97.37,False,Confident Assessment,Unnamed Industrial Feature,12.06,0.0,LOW
23.5071,69.26835,335.8,0.4,0.37,2026-09-26,845,N20,VIIRS,l,2.0NRT,308.41,4.4,D,VIIRS_NOAA20_NRT,0.0,0,,0.0,New / No Local History,1,48.91,GSRTC Depot,0,57.07,0,127.35,0,Other,4,0,0.0,4.4,0,0,0,1,30.0,0,27.389999999999983,Agricultural Burning,0,LOW,Agricultural Burning,96.77,96.77,1.05,0.0,0.0,0.0,0.0,2.17,Other Thermal Event,94.6,False,Confident Assessment,GSRTC Depot,48.91,0.0,LOW
12.12938,79.6552,333.16,0.44,0.38,2026-09-26,822,N,VIIRS,l,2.0NRT,307.02,3.52,D,VIIRS_SNPP_NRT,13.42,1,0.1532923547369499,-73.77049180327869,Single Historical Detection,1,21.54,Workshop,0,43.75,0,128.33,0,Cropland / Agriculture,3,1,-73.77049180327869,0.24,0,0,0,0,30.0,0,26.140000000000043,Agricultural Burning,0,LOW,Agricultural Burning,95.51,95.51,0.34,0.0,0.0,0.0,0.04,4.12,Other Thermal Event,91.39,False,Confident Assessment,Workshop,21.54,0.0,LOW
27.37606,95.33617,333.03,0.45,0.39,2026-09-26,703,N20,VIIRS,n,2.0NRT,296.47,3.51,D,VIIRS_NOAA20_NRT,3.152,10,0.0133418581021638,11.357868020304556,Persistent / Stable,1,3.06,Unnamed Industrial Feature,0,977.5,0,28.0,0,Other,4,1,11.357868020304556,0.85,0,0,1,0,70.0,0,36.559999999999945,Normal Persistent Source,0,LOW,Normal Persistent Source,77.2,2.05,0.0,0.4,0.38,0.23,77.2,19.73,Other Thermal Event,57.47,False,Confident Assessment,Unnamed Industrial Feature,3.06,0.0,LOW
27.84248,95.31905,333.73,0.46,0.39,2026-09-26,703,N20,VIIRS,n,2.0NRT,297.94,3.5,D,VIIRS_NOAA20_NRT,0.0,0,,0.0,New / No Local History,1,39.92,FCI,0,996.59,0,58.36,0,Forest / Woodland,2,0,0.0,3.5,0,0,0,1,70.0,0,35.79000000000002,Agricultural Burning,0,LOW,Agricultural Burning,98.42,98.42,0.06,0.0,0.0,0.0,0.0,1.52,Other Thermal Event,96.9,False,Confident Assessment,FCI,39.92,0.0,LOW
23.76654,86.40283,299.45,0.43,0.38,2026-09-25,1949,N20,VIIRS,n,2.0NRT,287.78,1.27,N,VIIRS_NOAA20_NRT,2.158924050632911,158,0.0030826599012982,-41.17440121954793,Persistent / Stable,1,3.89,Unnamed Industrial Feature,0,3.43,1,188.33,0,Mining,1,1,-41.17440121954793,0.4,0,0,1,0,70.0,1,11.670000000000016,Mining Activity,0,LOW,Mining Activity,97.99,0.0,0.0,0.0,0.02,97.99,0.38,1.62,Other Thermal Event,96.37,False,Confident Assessment,Unnamed Industrial Feature,3.89,0.0,LOW
27.74758,96.31335,334.54,0.51,0.41,2026-09-26,703,N20,VIIRS,n,2.0NRT,295.46,4.35,D,VIIRS_NOAA20_NRT,0.0,0,,0.0,New / No Local History,1,75.9,Unnamed Industrial Feature,0,1082.28,0,78.79,0,Forest / Woodland,2,0,0.0,4.35,0,0,0,1,70.0,0,39.08000000000004,Agricultural Burning,0,LOW,Agricultural Burning,98.79,98.79,0.06,0.0,0.0,0.0,0.0,1.15,Other Thermal Event,97.64,False,Confident Assessment,Unnamed Industrial Feature,75.9,0.0,LOW
9.34028,78.68941,344.93,0.39,0.36,2026-09-26,822,N,VIIRS,n,2.0NRT,307.78,4.35,D,VIIRS_SNPP_NRT,5.85,1,1.5569514824848991,-25.64102564102565,Single Historical Detection,1,83.39,SPIC Tuticorin Fertilizers,0,169.3,0,202.93,0,Other,4,1,-25.64102564102565,0.64,0,0,0,0,70.0,0,37.150000000000034,Agricultural Burning,0,LOW,Agricultural Burning,97.81,97.81,0.0,0.0,0.0,0.0,0.0,2.19,Other Thermal Event,95.62,False,Confident Assessment,SPIC Tuticorin Fertilizers,83.39,0.0,LOW
9.49219,78.58456,338.36,0.39,0.44,2026-09-26,744,N21,VIIRS,l,2.0NRT,310.82,4.34,D,VIIRS_NOAA21_NRT,2.85,1,0.3827830338996827,52.28070175438595,Abnormal Increase,1,70.71,Tourist bus parking,0,155.66,0,197.82,0,Other,4,1,52.28070175438595,1.13,0,0,0,0,30.0,0,27.54000000000002,Agricultural Burning,0,LOW,Agricultural Burning,92.64,92.64,0.48,0.0,0.0,0.32,0.14,6.42,Other Thermal Event,86.22,False,Confident Assessment,Tourist bus parking,70.71,0.0,LOW
27.69246,96.01874,338.03,0.49,0.4,2026-09-26,703,N20,VIIRS,n,2.0NRT,296.97,4.32,D,VIIRS_NOAA20_NRT,0.0,0,,0.0,New / No Local History,1,51.76,IOCL Digboi Refinery,0,1053.1,0,51.73,0,Forest / Woodland,2,0,0.0,4.32,0,0,0,1,70.0,0,41.059999999999945,Agricultural Burning,0,LOW,Agricultural Burning,98.41,98.41,0.06,0.0,0.0,0.0,0.0,1.53,Other Thermal Event,96.88,False,Confident Assessment,IOCL Digboi Refinery,51.76,0.0,LOW
9.43486,78.68918,337.44,0.39,0.36,2026-09-26,822,N,VIIRS,n,2.0NRT,305.28,4.32,D,VIIRS_SNPP_NRT,0.0,0,,0.0,New / No Local History,1,83.55,Tourist bus parking,0,167.73,0,194.82,0,Other,4,0,0.0,4.32,0,0,0,1,70.0,0,32.160000000000025,Agricultural Burning,0,LOW,Agricultural Burning,99.62,99.62,0.06,0.0,0.0,0.0,0.0,0.32,Other Thermal Event,99.3,False,Confident Assessment,Tourist bus parking,83.55,0.0,LOW
27.8339,95.92432,336.33,0.49,0.4,2026-09-26,703,N20,VIIRS,n,2.0NRT,297.0,4.26,D,VIIRS_NOAA20_NRT,0.0,0,,0.0,New / No Local History,1,57.77,Digboi Refinery,0,1050.58,0,57.77,0,Forest / Woodland,2,0,0.0,4.26,0,0,0,1,70.0,0,39.329999999999984,Agricultural Burning,0,LOW,Agricultural Burning,98.2,98.2,0.06,0.0,0.0,0.0,0.0,1.74,Other Thermal Event,96.46,False,Confident Assessment,Digboi Refinery,57.77,0.0,LOW
12.8417,78.52366,333.28,0.53,0.42,2026-09-26,746,N21,VIIRS,n,2.0NRT,300.13,4.25,D,VIIRS_NOAA21_NRT,0.0,0,,0.0,New / No Local History,1,28.94,Unnamed Industrial Feature,0,105.37,0,74.99,0,Cropland / Agriculture,3,0,0.0,4.25,0,0,0,1,70.0,0,33.14999999999998,Agricultural Burning,0,LOW,Agricultural Burning,99.84,99.84,0.06,0.0,0.0,0.0,0.0,0.1,Other Thermal Event,99.75,False,Confident Assessment,Unnamed Industrial Feature,28.94,0.0,LOW
30.81182,76.01755,306.55,0.47,0.4,2026-09-25,2110,N,VIIRS,n,2.0NRT,293.34,1.26,N,VIIRS_SNPP_NRT,0.0,0,,0.0,New / No Local History,1,18.23,Ludhiana Industrial Area,0,275.31,0,52.41,0,Cropland / Agriculture,3,0,0.0,1.26,0,0,0,1,70.0,1,13.210000000000036,Agricultural Burning,0,LOW,Agricultural Burning,99.57,99.57,0.0,0.0,0.0,0.0,0.03,0.39,Other Thermal Event,99.18,False,Confident Assessment,Ludhiana Industrial Area,18.23,0.0,LOW
20.90922,71.4587,314.09,0.41,0.37,2026-09-25,2112,N,VIIRS,n,2.0NRT,289.64,1.26,N,VIIRS_SNPP_NRT,1.2485714285714289,14,0.002356646278224,0.9153318077802955,Persistent / Stable,1,0.3,Unnamed Industrial Feature,1,312.94,0,123.01,0,Industrial,0,1,0.9153318077802955,0.56,0,0,1,0,70.0,1,24.44999999999999,Normal Persistent Source,0,LOW,Normal Persistent Source,98.37,0.0,0.0,0.0,0.0,0.0,98.37,1.63,Other Thermal Event,96.75,False,Confident Assessment,Unnamed Industrial Feature,0.3,0.0,LOW
27.37604,95.3362,305.69,0.57,0.43,2026-09-25,1949,N20,VIIRS,n,2.0NRT,287.8,1.25,N,VIIRS_NOAA20_NRT,3.152,10,0.0160454137029724,-60.34263959390863,Persistent / Reduced,1,3.06,Unnamed Industrial Feature,0,977.5,0,28.0,0,Other,4,1,-60.34263959390863,0.3,0,0,1,0,70.0,1,17.889999999999986,Other Thermal Event,5,LOW,Normal Persistent Source,88.1,0.23,0.0,0.4,0.0,0.02,88.1,11.25,Other Thermal Event,76.85,False,Confident Assessment,Unnamed Industrial Feature,3.06,0.0,LOW
30.81184,76.01312,304.96,0.67,0.74,2026-09-25,1947,N20,VIIRS,n,2.0NRT,289.21,1.2,N,VIIRS_NOAA20_NRT,0.0,0,,0.0,New / No Local History,1,17.88,Ludhiana Industrial Area,0,275.5,0,52.5,0,Cropland / Agriculture,3,0,0.0,1.2,0,0,0,1,70.0,1,15.75,Agricultural Burning,0,LOW,Agricultural Burning,99.59,99.59,0.0,0.0,0.0,0.0,0.01,0.39,Other Thermal Event,99.2,False,Confident Assessment,Ludhiana Industrial Area,17.88,0.0,LOW
22.37738,87.27644,301.04,0.46,0.64,2026-09-25,2034,N21,VIIRS,n,2.0NRT,287.22,1.33,N,VIIRS_NOAA21_NRT,3.552676056338029,71,0.030497915181879,-62.56343165239456,Persistent / Reduced,1,1.33,Unnamed Industrial Feature,1,173.21,0,89.49,0,Industrial,0,1,-62.56343165239456,0.29,0,0,1,0,70.0,1,13.819999999999991,Normal Persistent Source,0,LOW,Normal Persistent Source,99.68,0.0,0.0,0.32,0.0,0.0,99.68,0.0,Gas Flare,99.35,False,Confident Assessment,Unnamed Industrial Feature,1.33,0.0,LOW
27.66717,76.13374,306.21,0.39,0.36,2026-09-25,2034,N21,VIIRS,n,2.0NRT,295.49,1.33,N,VIIRS_NOAA21_NRT,0.925,2,0.1280264611476003,43.78378378378381,Persistent / Stable,1,39.95,Unnamed Industrial Feature,0,154.56,0,153.02,0,Cropland / Agriculture,3,1,43.78378378378381,0.69,0,0,1,0,70.0,1,10.71999999999997,Agricultural Burning,0,LOW,Agricultural Burning,94.88,94.88,0.0,0.0,0.0,0.0,0.34,4.77,Other Thermal Event,90.11,False,Confident Assessment,Unnamed Industrial Feature,39.95,0.0,LOW
27.66775,76.1298,316.2,0.39,0.36,2026-09-25,2034,N21,VIIRS,n,2.0NRT,296.25,1.33,N,VIIRS_NOAA21_NRT,0.925,2,0.0600757567716185,43.78378378378381,Persistent / Stable,1,39.56,Unnamed Industrial Feature,0,154.8,0,153.41,0,Cropland / Agriculture,3,1,43.78378378378381,0.69,0,0,1,0,70.0,1,19.94999999999999,Agricultural Burning,0,LOW,Agricultural Burning,93.51,93.51,0.0,0.0,0.0,0.11,0.65,5.74,Other Thermal Event,87.77,False,Confident Assessment,Unnamed Industrial Feature,39.56,0.0,LOW
23.16928,70.21937,308.3,0.38,0.36,2026-09-25,2112,N,VIIRS,n,2.0NRT,298.0,1.32,N,VIIRS_SNPP_NRT,0.0,0,,0.0,New / No Local History,1,4.33,Unnamed Industrial Feature,0,49.67,0,78.76,0,Other,4,0,0.0,1.32,0,0,0,1,70.0,1,10.300000000000011,Agricultural Burning,0,LOW,Agricultural Burning,93.38,93.38,0.0,0.14,0.0,0.0,0.83,5.65,Other Thermal Event,87.73,False,Confident Assessment,Unnamed Industrial Feature,4.33,0.0,LOW
31.25997,76.92519,301.61,0.51,0.41,2026-09-25,2110,N,VIIRS,n,2.0NRT,289.02,0.93,N,VIIRS_SNPP_NRT,0.8307692307692308,13,0.0210631885712704,11.944444444444445,Persistent / Stable,1,0.91,Ambuja Cements Limited,1,297.87,0,126.91,0,Industrial,0,1,11.944444444444445,0.51,0,0,1,0,70.0,1,12.590000000000032,Normal Persistent Source,0,LOW,Normal Persistent Source,90.35,0.0,0.0,1.43,0.0,1.39,90.35,6.83,Other Thermal Event,83.53,False,Confident Assessment,Ambuja Cements Limited,0.91,0.0,LOW
23.63118,86.29478,298.8,0.33,0.56,2026-09-25,1932,N,VIIRS,n,2.0NRT,284.23,0.91,N,VIIRS_SNPP_NRT,1.72,3,0.0774314639289892,-47.09302325581395,Persistent / Stable,1,0.41,Bokaro Steel Plant,1,7.56,0,201.57,0,Industrial,0,1,-47.09302325581395,0.33,0,0,1,0,70.0,1,14.569999999999991,Normal Persistent Source,0,LOW,Normal Persistent Source,96.31,0.28,0.0,0.0,0.0,0.97,96.31,2.44,Other Thermal Event,93.87,False,Confident Assessment,Bokaro Steel Plant,0.41,0.0,LOW
20.9944,86.01208,297.18,0.32,0.55,2026-09-25,1932,N,VIIRS,n,2.0NRT,282.48,0.9,N,VIIRS_SNPP_NRT,3.084090909090908,44,0.0537424402542169,-70.81798084008842,Persistent / Reduced,1,2.61,TATA Steel,0,82.39,0,101.37,0,Other,4,1,-70.81798084008842,0.22,0,0,1,0,70.0,1,14.699999999999989,Normal Persistent Source,0,LOW,Normal Persistent Source,79.44,0.23,0.0,0.0,0.0,0.02,79.44,20.31,Other Thermal Event,59.13,False,Confident Assessment,TATA Steel,2.61,0.0,LOW
11.13725,76.97904,339.08,0.38,0.36,2026-09-26,822,N,VIIRS,l,2.0NRT,309.78,4.62,D,VIIRS_SNPP_NRT,0.0,0,,0.0,New / No Local History,1,3.22,Lakshmi Machine Works Limited,0,80.93,0,16.5,0,Other,4,0,0.0,4.62,0,0,0,1,30.0,0,29.30000000000001,Other Thermal Event,0,LOW,Other Thermal Event,54.38,27.83,0.0,1.51,7.01,0.46,8.81,54.38,Agricultural Burning,26.55,True,Low Confidence (54.4%),Lakshmi Machine Works Limited,3.22,0.0,LOW
21.19291,81.38882,331.08,0.39,0.36,2026-09-26,748,N21,VIIRS,n,2.0NRT,279.21,4.58,D,VIIRS_NOAA21_NRT,2.6524,25,0.0445147744572838,72.67380485597948,Abnormal Increase,1,0.97,Bhilai Steel Plant,1,171.5,0,284.27,0,Industrial,0,1,72.67380485597948,1.25,0,0,1,0,70.0,0,51.870000000000005,Normal Persistent Source,10,LOW,Normal Persistent Source,94.91,0.08,0.0,0.0,2.64,0.78,94.91,1.59,Industrial Fire,92.27,False,Confident Assessment,Bhilai Steel Plant,0.97,0.0,LOW
9.86498,78.16965,342.84,0.41,0.45,2026-09-26,744,N21,VIIRS,n,2.0NRT,305.95,4.55,D,VIIRS_NOAA21_NRT,6.11,2,1.338829439332673,-25.53191489361703,Persistent / Stable,1,9.18,Tourist bus parking,0,113.24,0,173.7,0,Other,4,1,-25.53191489361703,0.64,0,0,1,0,70.0,0,36.88999999999999,Agricultural Burning,0,LOW,Agricultural Burning,95.13,95.13,0.0,0.0,0.0,0.0,0.0,4.87,Other Thermal Event,90.26,False,Confident Assessment,Tourist bus parking,9.18,0.0,LOW
15.89755,75.4159,295.59,0.52,0.5,2026-09-25,2114,N,VIIRS,n,2.0NRT,271.19,0.68,N,VIIRS_SNPP_NRT,0.0,0,,0.0,New / No Local History,1,19.35,Unnamed Industrial Feature,0,158.37,0,299.4,0,Forest / Woodland,2,0,0.0,0.68,0,0,0,1,70.0,1,24.399999999999977,Agricultural Burning,0,LOW,Agricultural Burning,97.2,97.2,1.04,0.0,0.0,0.0,0.0,1.76,Other Thermal Event,95.44,False,Confident Assessment,Unnamed Industrial Feature,19.35,0.0,LOW
20.91288,71.4604,297.51,0.62,0.54,2026-09-25,2131,N20,VIIRS,n,2.0NRT,280.85,0.67,N,VIIRS_NOAA20_NRT,1.2485714285714289,14,0.0048355938715648,-46.33867276887873,Persistent / Stable,1,0.51,Unnamed Industrial Feature,1,312.71,0,122.76,0,Industrial,0,1,-46.33867276887873,0.3,0,0,1,0,70.0,1,16.659999999999968,Normal Persistent Source,0,LOW,Normal Persistent Source,99.41,0.0,0.0,0.35,0.0,0.0,99.41,0.24,Gas Flare,99.06,False,Confident Assessment,Unnamed Industrial Feature,0.51,0.0,LOW
24.35112,93.90215,332.61,0.39,0.36,2026-09-26,703,N20,VIIRS,n,2.0NRT,296.52,4.37,D,VIIRS_NOAA20_NRT,0.0,0,,0.0,New / No Local History,1,57.82,Unnamed Industrial Feature,0,760.97,0,248.38,0,Forest / Woodland,2,0,0.0,4.37,0,0,0,1,70.0,0,36.09000000000003,Agricultural Burning,0,LOW,Agricultural Burning,98.76,98.76,1.05,0.0,0.0,0.0,0.0,0.18,Forest / Wildfire,97.71,False,Confident Assessment,Unnamed Industrial Feature,57.82,0.0,LOW
9.8345,78.91451,337.25,0.56,0.43,2026-09-26,744,N21,VIIRS,n,2.0NRT,307.04,4.51,D,VIIRS_NOAA21_NRT,0.0,0,,0.0,New / No Local History,1,89.19,Tourist bus parking,0,192.86,0,145.32,0,Other,4,0,0.0,4.51,0,0,0,1,70.0,0,30.20999999999998,Agricultural Burning,0,LOW,Agricultural Burning,99.1,99.1,0.06,0.0,0.0,0.0,0.0,0.84,Other Thermal Event,98.26,False,Confident Assessment,Tourist bus parking,89.19,0.0,LOW
9.70399,77.65224,323.12,0.64,0.72,2026-09-26,1936,N20,VIIRS,n,2.0NRT,288.75,4.51,N,VIIRS_NOAA20_NRT,0.0,0,,0.0,New / No Local History,1,36.79,Unnamed Industrial Feature,0,53.95,0,114.46,0,Other,4,0,0.0,4.51,0,0,0,1,70.0,1,34.370000000000005,Agricultural Burning,0,LOW,Agricultural Burning,95.46,95.46,0.0,0.0,0.39,0.0,0.0,4.15,Other Thermal Event,91.31,False,Confident Assessment,Unnamed Industrial Feature,36.79,0.0,LOW
25.12214,93.72086,333.66,0.39,0.36,2026-09-26,703,N20,VIIRS,n,2.0NRT,293.51,4.49,D,VIIRS_NOAA20_NRT,0.0,0,,0.0,New / No Local History,1,34.8,Unnamed Industrial Feature,0,752.4,0,162.51,0,Forest / Woodland,2,0,0.0,4.49,0,0,0,1,70.0,0,40.150000000000034,Agricultural Burning,0,LOW,Agricultural Burning,99.87,99.87,0.06,0.0,0.0,0.0,0.0,0.06,Other Thermal Event,99.81,False,Confident Assessment,Unnamed Industrial Feature,34.8,0.0,LOW
23.58638,91.41004,331.84,0.4,0.37,2026-09-26,703,N20,VIIRS,n,2.0NRT,296.89,4.47,D,VIIRS_NOAA20_NRT,0.0,0,,0.0,New / No Local History,1,115.75,Unnamed Industrial Feature,0,507.55,0,283.16,0,Forest / Woodland,2,0,0.0,4.47,0,0,0,1,70.0,0,34.94999999999999,Agricultural Burning,0,LOW,Agricultural Burning,99.09,99.09,0.73,0.0,0.0,0.0,0.0,0.18,Forest / Wildfire,98.36,False,Confident Assessment,Unnamed Industrial Feature,115.75,0.0,LOW
27.83328,95.9194,333.89,0.49,0.4,2026-09-26,703,N20,VIIRS,n,2.0NRT,296.98,4.46,D,VIIRS_NOAA20_NRT,0.0,0,,0.0,New / No Local History,1,57.47,Digboi Refinery,0,1050.11,0,57.47,0,Forest / Woodland,2,0,0.0,4.46,0,0,0,1,70.0,0,36.90999999999997,Agricultural Burning,0,LOW,Agricultural Burning,98.2,98.2,0.06,0.0,0.0,0.0,0.0,1.74,Other Thermal Event,96.46,False,Confident Assessment,Digboi Refinery,57.47,0.0,LOW
35.6803,73.6603,336.58,0.59,0.53,2026-09-26,848,N20,VIIRS,n,2.0NRT,302.93,4.45,D,VIIRS_NOAA20_NRT,5.205,2,0.3282705943557506,-14.50528338136407,Persistent / Stable,1,405.27,Kathua Industrial Area,0,858.38,0,625.92,0,Other,4,1,-14.50528338136407,0.72,0,0,1,0,70.0,0,33.64999999999998,Agricultural Burning,0,LOW,Agricultural Burning,94.74,94.74,0.26,0.0,0.0,0.0,1.01,3.99,Other Thermal Event,90.75,False,Confident Assessment,Kathua Industrial Area,405.27,0.0,LOW
35.68071,73.66561,330.96,0.59,0.53,2026-09-26,848,N20,VIIRS,n,2.0NRT,298.35,4.45,D,VIIRS_NOAA20_NRT,4.306666666666667,3,0.1634018354668484,3.328173374613008,Persistent / Stable,1,405.1,Kathua Industrial Area,0,858.22,0,625.86,0,Other,4,1,3.328173374613008,0.84,0,0,1,0,70.0,0,32.60999999999996,Agricultural Burning,0,LOW,Agricultural Burning,96.68,96.68,0.26,0.0,0.0,0.0,0.7,2.36,Other Thermal Event,94.33,False,Confident Assessment,Kathua Industrial Area,405.1,0.0,LOW
17.98379,80.83071,310.57,0.39,0.37,2026-09-26,2017,N21,VIIRS,n,2.0NRT,297.53,2.22,N,VIIRS_NOAA21_NRT,1.965,2,0.2570278974975681,12.97709923664124,Persistent / Stable,1,11.89,Aswapuram Heavy Water Plant,0,272.38,0,129.03,0,Other,4,1,12.97709923664124,0.75,0,0,1,0,70.0,1,13.04000000000002,Agricultural Burning,0,LOW,Agricultural Burning,85.96,85.96,0.0,0.0,0.0,0.0,1.4,12.64,Other Thermal Event,73.32,False,Confident Assessment,Aswapuram Heavy Water Plant,11.89,0.0,LOW
10.37598,79.26829,333.48,0.33,0.55,2026-09-26,839,N20,VIIRS,n,2.0NRT,301.76,2.22,D,VIIRS_NOAA20_NRT,6.725,2,0.4972115677356561,-66.9888475836431,Persistent / Reduced,1,45.8,Central Warehouse Corporation,0,162.33,0,76.58,0,Cropland / Agriculture,3,1,-66.9888475836431,0.29,0,0,1,0,70.0,0,31.720000000000027,Agricultural Burning,0,LOW,Agricultural Burning,97.89,97.89,0.0,0.0,0.0,0.0,0.06,2.04,Other Thermal Event,95.85,False,Confident Assessment,Central Warehouse Corporation,45.8,0.0,LOW
20.97094,86.00307,302.58,0.65,0.73,2026-09-26,1910,N,VIIRS,n,2.0NRT,287.91,2.21,N,VIIRS_SNPP_NRT,3.646862745098037,51,0.009689482592646,-39.399967740201056,Persistent / Stable,1,0.69,TATA Steel,1,81.34,0,99.95,0,Industrial,0,1,-39.399967740201056,0.48,0,0,1,0,70.0,1,14.66999999999996,Normal Persistent Source,0,LOW,Normal Persistent Source,100.0,0.0,0.0,0.0,0.0,0.0,100.0,0.0,Other Thermal Event,100.0,False,Confident Assessment,TATA Steel,0.69,0.0,LOW
9.76754,77.95619,338.82,0.39,0.36,2026-09-26,822,N,VIIRS,l,2.0NRT,310.63,2.19,D,VIIRS_SNPP_NRT,0.0,0,,0.0,New / No Local History,1,22.96,TNSTC Ponmeni Bus depot,0,88.0,0,147.98,0,Other,4,0,0.0,2.19,0,0,0,1,30.0,0,28.19,Agricultural Burning,0,LOW,Agricultural Burning,97.97,97.97,0.27,0.0,0.0,0.0,0.0,1.77,Other Thermal Event,96.2,False,Confident Assessment,TNSTC Ponmeni Bus depot,22.96,0.0,LOW
35.68266,73.66136,334.19,0.43,0.38,2026-09-26,828,N,VIIRS,n,2.0NRT,301.78,2.24,D,VIIRS_SNPP_NRT,4.306666666666667,3,0.2332462246042778,-47.9876160990712,Persistent / Stable,1,405.46,Kathua Industrial Area,0,858.58,0,626.15,0,Other,4,1,-47.9876160990712,0.42,0,0,1,0,70.0,0,32.410000000000025,Agricultural Burning,0,LOW,Agricultural Burning,95.0,95.0,0.26,0.0,0.0,0.0,0.67,4.07,Other Thermal Event,90.94,False,Confident Assessment,Kathua Industrial Area,405.46,0.0,LOW
27.9502,96.6869,333.92,0.4,0.37,2026-09-26,646,N,VIIRS,n,2.0NRT,297.8,4.4,D,VIIRS_SNPP_NRT,0.0,0,,0.0,New / No Local History,1,118.6,Unnamed Industrial Feature,0,1124.76,0,121.88,0,Forest / Woodland,2,0,0.0,4.4,0,0,0,1,70.0,0,36.120000000000005,Agricultural Burning,0,LOW,Agricultural Burning,98.79,98.79,0.06,0.0,0.0,0.0,0.0,1.15,Other Thermal Event,97.64,False,Confident Assessment,Unnamed Industrial Feature,118.6,0.0,LOW
18.46832,74.27671,336.56,0.39,0.36,2026-09-26,824,N,VIIRS,n,2.0NRT,301.49,4.4,D,VIIRS_SNPP_NRT,0.0,0,,0.0,New / No Local History,1,6.85,Unnamed Industrial Feature,0,456.69,0,142.42,0,Other,4,0,0.0,4.4,0,0,0,1,70.0,0,35.06999999999999,Agricultural Burning,0,LOW,Agricultural Burning,98.07,98.07,0.06,0.0,0.0,0.0,0.0,1.87,Other Thermal Event,96.21,False,Confident Assessment,Unnamed Industrial Feature,6.85,0.0,LOW
27.37647,95.33241,324.36,0.41,0.45,2026-09-26,1910,N,VIIRS,n,2.0NRT,290.71,4.38,N,VIIRS_SNPP_NRT,3.152,10,0.0107730811432987,38.95939086294416,Persistent / Stable,1,2.91,Unnamed Industrial Feature,0,977.17,0,28.37,0,Other,4,1,38.95939086294416,1.05,0,0,1,0,70.0,1,33.650000000000034,Normal Persistent Source,0,LOW,Normal Persistent Source,79.65,0.6,0.0,0.35,0.0,0.0,79.65,19.41,Other Thermal Event,60.24,False,Confident Assessment,Unnamed Industrial Feature,2.91,0.0,LOW
26.55315,90.57652,334.1,0.4,0.37,2026-09-26,703,N20,VIIRS,n,2.0NRT,297.04,3.58,D,VIIRS_NOAA20_NRT,0.0,0,,0.0,New / No Local History,1,5.84,Bongaigaon Refinery,0,517.72,0,5.84,0,Other,4,0,0.0,3.58,0,0,0,1,70.0,0,37.06,Agricultural Burning,0,LOW,Agricultural Burning,87.82,87.82,0.45,5.15,0.69,0.34,0.88,4.67,Gas Flare,82.67,False,Confident Assessment,Bongaigaon Refinery,5.84,0.0,LOW
27.92783,96.20103,332.75,0.41,0.37,2026-09-26,646,N,VIIRS,n,2.0NRT,296.74,2.4,D,VIIRS_SNPP_NRT,0.0,0,,0.0,New / No Local History,1,82.8,IOCL Digboi Refinery,0,1079.69,0,82.8,0,Forest / Woodland,2,0,0.0,2.4,0,0,0,1,70.0,0,36.00999999999999,Agricultural Burning,0,LOW,Agricultural Burning,98.77,98.77,0.06,0.0,0.0,0.0,0.0,1.17,Other Thermal Event,97.6,False,Confident Assessment,IOCL Digboi Refinery,82.8,0.0,LOW
11.24491,79.49097,337.15,0.43,0.38,2026-09-26,822,N,VIIRS,n,2.0NRT,304.82,2.4,D,VIIRS_SNPP_NRT,0.0,0,,0.0,New / No Local History,1,31.56,Ramco Cements,0,63.84,0,65.68,0,Cropland / Agriculture,3,0,0.0,2.4,0,0,0,1,70.0,0,32.329999999999984,Agricultural Burning,0,LOW,Agricultural Burning,99.43,99.43,0.06,0.0,0.0,0.0,0.0,0.51,Other Thermal Event,98.91,False,Confident Assessment,Ramco Cements,31.56,0.0,LOW
26.68863,90.3174,332.57,0.41,0.37,2026-09-26,703,N20,VIIRS,n,2.0NRT,296.51,2.39,D,VIIRS_NOAA20_NRT,0.0,0,,0.0,New / No Local History,1,27.61,Bongaigaon coal power plant,0,506.21,0,28.4,0,Forest / Woodland,2,0,0.0,2.39,0,0,0,1,70.0,0,36.06,Agricultural Burning,0,LOW,Agricultural Burning,97.86,97.86,0.06,0.0,0.0,0.0,0.57,1.51,Other Thermal Event,96.35,False,Confident Assessment,Bongaigaon coal power plant,27.61,0.0,LOW
27.92845,96.74986,326.88,0.4,0.37,2026-09-26,646,N,VIIRS,n,2.0NRT,297.33,2.39,D,VIIRS_SNPP_NRT,0.0,0,,0.0,New / No Local History,1,122.16,Unnamed Industrial Feature,0,1129.6,0,126.03,0,Forest / Woodland,2,0,0.0,2.39,0,0,0,1,70.0,0,29.55000000000001,Agricultural Burning,0,LOW,Agricultural Burning,98.24,98.24,0.06,0.0,0.0,0.0,0.0,1.7,Other Thermal Event,96.55,False,Confident Assessment,Unnamed Industrial Feature,122.16,0.0,LOW
12.82812,78.09982,337.1,0.4,0.37,2026-09-26,822,N,VIIRS,n,2.0NRT,298.22,2.39,D,VIIRS_SNPP_NRT,0.0,0,,0.0,New / No Local History,1,22.39,BEML,0,60.7,0,32.44,0,Cropland / Agriculture,3,0,0.0,2.39,0,0,0,1,70.0,0,38.88,Agricultural Burning,0,LOW,Agricultural Burning,98.65,98.65,0.06,0.0,0.0,0.0,0.0,1.29,Other Thermal Event,97.36,False,Confident Assessment,BEML,22.39,0.0,LOW
31.6192,75.28679,334.0,0.45,0.39,2026-09-26,828,N,VIIRS,n,2.0NRT,298.8,3.66,D,VIIRS_SNPP_NRT,0.0,0,,0.0,New / No Local History,1,34.65,Rail Coach Factory - RCF Kapurthala,0,387.5,0,162.18,0,Cropland / Agriculture,3,0,0.0,3.66,0,0,0,1,70.0,0,35.19999999999999,Agricultural Burning,0,LOW,Agricultural Burning,99.9,99.9,0.06,0.0,0.0,0.0,0.0,0.04,Forest / Wildfire,99.84,False,Confident Assessment,Rail Coach Factory - RCF Kapurthala,34.65,0.0,LOW
20.91054,71.45999,318.18,0.48,0.4,2026-09-26,2114,N20,VIIRS,n,2.0NRT,297.09,2.23,N,VIIRS_NOAA20_NRT,1.2485714285714289,14,0.0042623029807814,78.60411899313496,Abnormal Increase,1,0.29,Unnamed Industrial Feature,1,312.9,0,122.85,0,Industrial,0,1,78.60411899313496,0.99,0,0,1,0,70.0,1,21.090000000000032,Normal Persistent Source,10,LOW,Normal Persistent Source,91.84,0.11,0.0,0.0,0.0,3.29,91.84,4.76,Other Thermal Event,87.08,False,Confident Assessment,Unnamed Industrial Feature,0.29,0.0,LOW
23.32869,69.72157,338.25,0.56,0.43,2026-09-24,905,N,VIIRS,l,2.0NRT,308.75,3.02,D,VIIRS_SNPP_NRT,12.0,1,0.4178689016778151,-74.83333333333334,Single Historical Detection,1,8.72,Bhuj Sector 282,0,11.3,0,98.82,0,Other,4,1,-74.83333333333334,0.23,0,0,0,0,30.0,0,29.5,Agricultural Burning,0,LOW,Agricultural Burning,92.12,92.12,0.0,0.0,0.0,0.0,0.18,7.7,Other Thermal Event,84.42,False,Confident Assessment,Bhuj Sector 282,8.72,0.0,LOW
23.10466,69.92244,334.75,0.63,0.72,2026-09-24,741,N20,VIIRS,n,2.0NRT,299.96,4.76,D,VIIRS_NOAA20_NRT,0.0,0,,0.0,New / No Local History,1,15.01,Unnamed Industrial Feature,0,23.35,0,70.6,0,Other,4,0,0.0,4.76,0,0,0,1,70.0,0,34.79000000000002,Agricultural Burning,0,LOW,Agricultural Burning,96.17,96.17,0.35,0.0,0.0,0.0,0.08,3.4,Other Thermal Event,92.77,False,Confident Assessment,Unnamed Industrial Feature,15.01,0.0,LOW
32.16761,75.3111,328.82,0.44,0.63,2026-09-24,726,N,VIIRS,n,2.0NRT,287.26,4.76,D,VIIRS_SNPP_NRT,0.0,0,,0.0,New / No Local History,1,33.02,Kathua Industrial Area,0,440.1,0,216.43,0,Cropland / Agriculture,3,0,0.0,4.76,0,0,0,1,70.0,0,41.56,Agricultural Burning,0,LOW,Agricultural Burning,99.51,99.51,0.44,0.0,0.0,0.0,0.0,0.06,Forest / Wildfire,99.07,False,Confident Assessment,Kathua Industrial Area,33.02,0.0,LOW
27.57303,73.4537,337.97,0.47,0.4,2026-09-24,828,N21,VIIRS,l,2.0NRT,310.85,4.58,D,VIIRS_NOAA21_NRT,0.0,0,,0.0,New / No Local History,1,53.53,Railway Workshop,0,359.07,0,281.22,0,Other,4,0,0.0,4.58,0,0,0,1,30.0,0,27.120000000000005,Agricultural Burning,0,LOW,Agricultural Burning,96.41,96.41,1.77,0.0,0.0,0.0,0.0,1.82,Other Thermal Event,94.59,False,Confident Assessment,Railway Workshop,53.53,0.0,LOW
29.09044,75.95024,341.24,0.41,0.45,2026-09-24,744,N20,VIIRS,n,2.0NRT,301.63,4.5,D,VIIRS_NOAA20_NRT,0.0,0,,0.0,New / No Local History,1,9.2,Unnamed Industrial Feature,0,142.38,0,99.56,0,Cropland / Agriculture,3,0,0.0,4.5,0,0,0,1,70.0,0,39.610000000000014,Agricultural Burning,0,LOW,Agricultural Burning,99.54,99.54,0.06,0.0,0.0,0.0,0.0,0.39,Other Thermal Event,99.15,False,Confident Assessment,Unnamed Industrial Feature,9.2,0.0,LOW
9.84346,77.56191,336.01,0.48,0.4,2026-09-24,822,N21,VIIRS,n,2.0NRT,278.46,4.39,D,VIIRS_NOAA21_NRT,5.62,1,0.2623566196091355,-21.88612099644129,Single Historical Detection,1,50.31,Bismi Chicken store,0,50.31,0,113.05,0,Other,4,1,-21.88612099644129,0.66,0,0,0,0,70.0,0,57.55000000000001,Agricultural Burning,0,LOW,Agricultural Burning,95.82,95.82,0.76,0.0,0.0,0.0,0.0,3.42,Other Thermal Event,92.41,False,Confident Assessment,Bismi Chicken store,50.31,0.0,LOW
30.96852,74.47905,344.81,0.38,0.43,2026-09-24,828,N21,VIIRS,n,2.0NRT,303.47,4.37,D,VIIRS_NOAA21_NRT,0.0,0,,0.0,New / No Local History,1,87.45,Unnamed Industrial Feature,0,378.75,0,101.85,0,Cropland / Agriculture,3,0,0.0,4.37,0,0,0,1,70.0,0,41.339999999999975,Agricultural Burning,0,LOW,Agricultural Burning,99.87,99.87,0.06,0.0,0.0,0.0,0.0,0.06,Other Thermal Event,99.81,False,Confident Assessment,Unnamed Industrial Feature,87.45,0.0,LOW
27.37781,95.33631,328.64,0.42,0.38,2026-09-24,1910,N21,VIIRS,n,2.0NRT,292.76,4.24,N,VIIRS_NOAA21_NRT,3.152,10,0.0105333845383494,34.517766497461935,Persistent / Stable,1,3.23,Unnamed Industrial Feature,0,977.59,0,27.98,0,Other,4,1,34.517766497461935,1.02,0,0,1,0,70.0,1,35.879999999999995,Normal Persistent Source,0,LOW,Normal Persistent Source,79.25,0.69,0.0,0.35,0.0,0.0,79.25,19.71,Other Thermal Event,59.55,False,Confident Assessment,Unnamed Industrial Feature,3.23,0.0,LOW
31.41286,76.83652,303.3,0.4,0.37,2026-09-25,2034,N21,VIIRS,n,2.0NRT,291.87,0.86,N,VIIRS_NOAA21_NRT,0.0,0,,0.0,New / No Local History,1,10.11,Unnamed Industrial Feature,0,315.84,0,136.4,0,Cropland / Agriculture,3,0,0.0,0.86,0,0,0,1,70.0,1,11.430000000000009,Agricultural Burning,0,LOW,Agricultural Burning,99.78,99.78,0.0,0.0,0.0,0.0,0.0,0.22,Other Thermal Event,99.56,False,Confident Assessment,Unnamed Industrial Feature,10.11,0.0,LOW
27.38898,96.02621,303.85,0.39,0.36,2026-09-25,1930,N,VIIRS,n,2.0NRT,291.08,0.86,N,VIIRS_SNPP_NRT,0.0,0,,0.0,New / No Local History,1,30.49,Unnamed Industrial Feature,0,1041.53,0,39.13,0,Forest / Woodland,2,0,0.0,0.86,0,0,0,1,70.0,1,12.77000000000004,Agricultural Burning,0,LOW,Agricultural Burning,99.05,99.05,0.0,0.0,0.0,0.0,0.01,0.94,Other Thermal Event,98.11,False,Confident Assessment,Unnamed Industrial Feature,30.49,0.0,LOW
22.41573,69.03867,338.08,0.41,0.37,2026-09-24,826,N21,VIIRS,n,2.0NRT,307.18,3.96,D,VIIRS_NOAA21_NRT,1.83375,8,0.0032963090885094,115.95092024539876,Abnormal Increase,1,2.64,TATA Chemicals,0,115.29,0,70.04,0,Other,4,1,115.95092024539876,1.4,0,1,1,0,70.0,0,30.899999999999977,Normal Persistent Source,5,LOW,Normal Persistent Source,68.07,0.63,0.0,0.0,3.56,0.93,68.07,26.81,Other Thermal Event,41.26,False,Confident Assessment,TATA Chemicals,2.64,0.0,LOW
23.15721,70.10592,343.57,0.39,0.44,2026-09-24,905,N,VIIRS,n,2.0NRT,308.08,3.9,D,VIIRS_SNPP_NRT,0.0,0,,0.0,New / No Local History,1,5.47,Unnamed Industrial Feature,0,38.46,0,75.6,0,Other,4,0,0.0,3.9,0,0,0,1,70.0,0,35.49000000000001,Agricultural Burning,0,LOW,Agricultural Burning,93.26,93.26,0.35,0.0,1.47,0.67,0.08,4.17,Other Thermal Event,89.09,False,Confident Assessment,Unnamed Industrial Feature,5.47,0.0,LOW
23.83114,70.28083,340.51,0.39,0.36,2026-09-24,826,N21,VIIRS,n,2.0NRT,313.7,3.79,D,VIIRS_NOAA21_NRT,0.0,0,,0.0,New / No Local History,1,56.94,Khisara,0,86.97,0,152.21,0,Other,4,0,0.0,3.79,0,0,0,1,70.0,0,26.81,Agricultural Burning,0,LOW,Agricultural Burning,97.97,97.97,0.27,0.0,0.0,0.0,0.0,1.77,Other Thermal Event,96.2,False,Confident Assessment,Khisara,56.94,0.0,LOW
31.41108,75.06441,330.08,0.48,0.65,2026-09-24,907,N,VIIRS,n,2.0NRT,295.85,3.52,D,VIIRS_SNPP_NRT,0.0,0,,0.0,New / No Local History,1,28.35,Rail Coach Factory - RCF Kapurthala,0,379.47,0,139.16,0,Cropland / Agriculture,3,0,0.0,3.52,0,0,0,1,70.0,0,34.22999999999996,Agricultural Burning,0,LOW,Agricultural Burning,99.89,99.89,0.06,0.0,0.0,0.0,0.0,0.04,Forest / Wildfire,99.83,False,Confident Assessment,Rail Coach Factory - RCF Kapurthala,28.35,0.0,LOW
29.65868,74.35442,333.04,0.55,0.43,2026-09-24,828,N21,VIIRS,l,2.0NRT,305.03,3.28,D,VIIRS_NOAA21_NRT,0.0,0,,0.0,New / No Local History,1,63.24,Suratgarh Super Thermal Power Plant,0,309.42,0,82.41,0,Cropland / Agriculture,3,0,0.0,3.28,0,0,0,1,30.0,0,28.010000000000048,Agricultural Burning,0,LOW,Agricultural Burning,99.12,99.12,0.69,0.0,0.0,0.0,0.0,0.19,Forest / Wildfire,98.43,False,Confident Assessment,Suratgarh Super Thermal Power Plant,63.24,0.0,LOW
23.11121,75.7177,337.06,0.55,0.51,2026-09-24,741,N20,VIIRS,n,2.0NRT,302.47,3.16,D,VIIRS_NOAA20_NRT,0.0,0,,0.0,New / No Local History,1,54.34,Pithampur Industrial Area,0,243.33,0,275.11,0,Other,4,0,0.0,3.16,0,0,0,1,70.0,0,34.589999999999975,Agricultural Burning,0,LOW,Agricultural Burning,97.98,97.98,1.49,0.0,0.0,0.0,0.0,0.53,Forest / Wildfire,96.49,False,Confident Assessment,Pithampur Industrial Area,54.34,0.0,LOW
27.38107,95.33154,302.08,0.57,0.43,2026-09-25,1949,N20,VIIRS,n,2.0NRT,286.83,0.79,N,VIIRS_NOAA20_NRT,3.152,10,0.0725907137752023,-74.93654822335026,Persistent / Reduced,1,3.34,Unnamed Industrial Feature,0,977.29,0,28.43,0,Other,4,1,-74.93654822335026,0.19,0,0,1,0,70.0,1,15.25,Other Thermal Event,5,LOW,Normal Persistent Source,67.38,0.65,0.0,0.0,0.0,0.02,67.38,31.95,Other Thermal Event,35.43,False,Confident Assessment,Unnamed Industrial Feature,3.34,0.0,LOW
23.77932,86.38784,303.93,0.43,0.38,2026-09-25,1949,N20,VIIRS,n,2.0NRT,288.99,0.78,N,VIIRS_NOAA20_NRT,2.20476821192053,151,0.0217575554639551,-64.6221314429893,Persistent / Reduced,1,4.63,Unnamed Industrial Feature,0,4.7,1,186.66,0,Other,4,1,-64.6221314429893,0.24,0,0,1,0,70.0,1,14.939999999999998,Mining Activity,0,LOW,Mining Activity,96.08,0.0,0.0,0.0,0.02,96.08,1.49,2.42,Other Thermal Event,93.66,False,Confident Assessment,Unnamed Industrial Feature,4.63,0.0,LOW
31.25991,76.92419,303.16,0.4,0.6,2026-09-25,2127,N20,VIIRS,n,2.0NRT,287.51,0.77,N,VIIRS_NOAA20_NRT,0.8307692307692308,13,0.046018060148104,-7.314814814814818,Persistent / Stable,1,0.95,Ambuja Cements Limited,1,297.87,0,126.85,0,Industrial,0,1,-7.314814814814818,0.42,0,0,1,0,70.0,1,15.650000000000034,Normal Persistent Source,0,LOW,Normal Persistent Source,96.42,0.0,0.0,0.0,0.0,1.1,96.42,2.48,Other Thermal Event,93.94,False,Confident Assessment,Ambuja Cements Limited,0.95,0.0,LOW
27.22169,95.3445,309.01,0.39,0.36,2026-09-25,1930,N,VIIRS,n,2.0NRT,291.56,0.76,N,VIIRS_SNPP_NRT,1.69,1,0.0652660797839388,-55.02958579881657,Single Historical Detection,1,4.77,Unnamed Industrial Feature,0,971.96,0,32.99,0,Other,4,1,-55.02958579881657,0.28,0,0,0,0,70.0,1,17.44999999999999,Agricultural Burning,0,LOW,Agricultural Burning,84.81,84.81,0.0,1.01,0.0,0.0,1.56,12.63,Other Thermal Event,72.18,False,Confident Assessment,Unnamed Industrial Feature,4.77,0.0,LOW
10.90489,79.74549,343.07,0.43,0.38,2026-09-26,822,N,VIIRS,n,2.0NRT,306.72,4.2,D,VIIRS_SNPP_NRT,0.0,0,,0.0,New / No Local History,1,18.77,CPCL Nagapattinam,0,94.16,0,18.77,0,Cropland / Agriculture,3,0,0.0,4.2,0,0,0,1,70.0,0,36.349999999999966,Agricultural Burning,0,LOW,Agricultural Burning,97.51,97.51,0.41,0.0,0.0,0.0,0.17,1.91,Other Thermal Event,95.6,False,Confident Assessment,CPCL Nagapattinam,18.77,0.0,LOW
20.9995,86.01266,305.64,0.32,0.55,2026-09-25,1932,N,VIIRS,n,2.0NRT,284.19,0.9,N,VIIRS_SNPP_NRT,2.661538461538461,26,0.0597107999301263,-66.18497109826589,Persistent / Reduced,1,3.18,TATA Steel,0,82.48,0,101.77,0,Other,4,1,-66.18497109826589,0.25,0,0,1,0,70.0,1,21.44999999999999,Other Thermal Event,5,LOW,Normal Persistent Source,82.56,0.15,0.0,0.0,0.0,0.02,82.56,17.26,Other Thermal Event,65.3,False,Confident Assessment,TATA Steel,3.18,0.0,LOW
15.89415,75.41387,303.63,0.52,0.67,2026-09-25,1951,N20,VIIRS,n,2.0NRT,278.45,0.89,N,VIIRS_NOAA20_NRT,0.0,0,,0.0,New / No Local History,1,18.94,Unnamed Industrial Feature,0,158.07,0,299.01,0,Forest / Woodland,2,0,0.0,0.89,0,0,0,1,70.0,1,25.180000000000007,Agricultural Burning,0,LOW,Agricultural Burning,97.2,97.2,1.04,0.0,0.0,0.0,0.0,1.76,Other Thermal Event,95.44,False,Confident Assessment,Unnamed Industrial Feature,18.94,0.0,LOW
30.80818,76.01765,305.56,0.41,0.37,2026-09-25,2034,N21,VIIRS,n,2.0NRT,292.1,0.86,N,VIIRS_NOAA21_NRT,0.0,0,,0.0,New / No Local History,1,18.46,Ludhiana Industrial Area,0,274.94,0,52.02,0,Cropland / Agriculture,3,0,0.0,0.86,0,0,0,1,70.0,1,13.45999999999998,Agricultural Burning,0,LOW,Agricultural Burning,99.96,99.96,0.0,0.0,0.0,0.0,0.01,0.02,Other Thermal Event,99.94,False,Confident Assessment,Ludhiana Industrial Area,18.46,0.0,LOW
28.32293,77.21977,309.11,0.4,0.44,2026-09-25,2110,N,VIIRS,n,2.0NRT,292.13,0.61,N,VIIRS_SNPP_NRT,1.1860000000000002,5,0.0364771843233265,-48.56661045531198,Persistent / Stable,1,5.85,Unnamed Industrial Feature,0,31.94,0,102.56,0,Cropland / Agriculture,3,1,-48.56661045531198,0.28,0,0,1,0,70.0,1,16.980000000000018,Agricultural Burning,0,LOW,Agricultural Burning,76.97,76.97,0.0,1.1,0.0,0.02,1.22,20.69,Other Thermal Event,56.28,False,Confident Assessment,Unnamed Industrial Feature,5.85,0.0,LOW
28.32125,77.21558,301.9,0.54,0.68,2026-09-25,1949,N20,VIIRS,n,2.0NRT,286.56,0.53,N,VIIRS_NOAA20_NRT,1.1860000000000002,5,0.431026199056034,-55.31197301854975,Persistent / Reduced,1,6.29,Unnamed Industrial Feature,0,32.22,0,102.57,0,Cropland / Agriculture,3,1,-55.31197301854975,0.24,0,0,1,0,70.0,1,15.339999999999977,Agricultural Burning,0,LOW,Agricultural Burning,78.87,78.87,0.0,1.1,0.0,0.02,0.59,19.42,Other Thermal Event,59.45,False,Confident Assessment,Unnamed Industrial Feature,6.29,0.0,LOW
27.66821,76.13337,302.72,0.43,0.62,2026-09-25,2129,N20,VIIRS,n,2.0NRT,292.65,0.74,N,VIIRS_NOAA20_NRT,0.925,2,0.1644824479077429,-20.0,Persistent / Stable,1,39.9,Unnamed Industrial Feature,0,154.51,0,153.07,0,Cropland / Agriculture,3,1,-20.0,0.38,0,0,1,0,70.0,1,10.07000000000005,Agricultural Burning,0,LOW,Agricultural Burning,91.67,91.67,0.0,0.05,0.0,0.0,0.17,8.11,Other Thermal Event,83.56,False,Confident Assessment,Unnamed Industrial Feature,39.9,0.0,LOW
27.66926,76.12911,302.91,0.43,0.62,2026-09-25,2129,N20,VIIRS,n,2.0NRT,292.51,0.74,N,VIIRS_NOAA20_NRT,0.925,2,0.0082208863716382,-20.0,Persistent / Stable,1,39.48,Unnamed Industrial Feature,0,154.74,0,153.5,0,Cropland / Agriculture,3,1,-20.0,0.38,0,0,1,0,70.0,1,10.400000000000034,Agricultural Burning,0,LOW,Agricultural Burning,92.19,92.19,0.0,0.05,0.0,0.0,0.17,7.59,Other Thermal Event,84.6,False,Confident Assessment,Unnamed Industrial Feature,39.48,0.0,LOW
30.61551,74.2737,309.52,0.41,0.37,2026-09-25,2110,N,VIIRS,n,2.0NRT,294.36,0.73,N,VIIRS_SNPP_NRT,0.0,0,,0.0,New / No Local History,1,73.98,National Fertilizer Limited,0,368.53,0,84.67,0,Cropland / Agriculture,3,0,0.0,0.73,0,0,0,1,70.0,1,15.159999999999968,Agricultural Burning,0,LOW,Agricultural Burning,99.53,99.53,0.0,0.0,0.0,0.0,0.01,0.46,Other Thermal Event,99.07,False,Confident Assessment,National Fertilizer Limited,73.98,0.0,LOW
28.32468,77.2164,303.04,0.54,0.68,2026-09-25,1949,N20,VIIRS,n,2.0NRT,287.49,0.84,N,VIIRS_NOAA20_NRT,1.1860000000000002,5,0.3504865543764578,-29.173693086003382,Persistent / Stable,1,6.02,Unnamed Industrial Feature,0,31.83,0,102.88,0,Cropland / Agriculture,3,1,-29.173693086003382,0.38,0,0,1,0,70.0,1,15.550000000000011,Agricultural Burning,0,LOW,Agricultural Burning,79.31,79.31,0.0,0.72,0.0,0.02,0.99,18.96,Other Thermal Event,60.34,False,Confident Assessment,Unnamed Industrial Feature,6.02,0.0,LOW
28.7114,76.85444,304.46,0.58,0.69,2026-09-25,1949,N20,VIIRS,n,2.0NRT,290.71,0.83,N,VIIRS_NOAA20_NRT,1.9225,4,0.0938889289871027,-56.82704811443432,Persistent / Reduced,1,3.28,Unnamed Industrial Feature,0,45.28,0,76.3,0,Cropland / Agriculture,3,1,-56.82704811443432,0.28,0,0,1,0,70.0,1,13.75,Normal Persistent Source,0,LOW,Normal Persistent Source,61.24,17.69,0.0,0.73,0.0,0.02,61.24,20.32,Other Thermal Event,40.93,False,Confident Assessment,Unnamed Industrial Feature,3.28,0.0,LOW
28.83659,77.13735,304.7,0.39,0.36,2026-09-25,2034,N21,VIIRS,n,2.0NRT,293.11,0.81,N,VIIRS_NOAA21_NRT,1.586666666666667,3,0.0798840748881017,-48.94957983193277,Persistent / Stable,1,1.93,All India Radio SW,1,30.68,0,63.91,0,Industrial,0,1,-48.94957983193277,0.31,0,0,1,0,70.0,1,11.589999999999977,Normal Persistent Source,0,LOW,Normal Persistent Source,93.0,0.4,0.0,1.31,0.0,0.97,93.0,4.33,Other Thermal Event,88.67,False,Confident Assessment,All India Radio SW,1.93,0.0,LOW
27.92761,96.75127,331.76,0.54,0.42,2026-09-26,703,N20,VIIRS,n,2.0NRT,297.74,5.01,D,VIIRS_NOAA20_NRT,0.0,0,,0.0,New / No Local History,1,122.22,Unnamed Industrial Feature,0,1129.69,0,126.11,0,Forest / Woodland,2,0,0.0,5.01,0,0,0,1,70.0,0,34.01999999999998,Agricultural Burning,0,LOW,Agricultural Burning,98.79,98.79,0.06,0.0,0.0,0.0,0.0,1.15,Other Thermal Event,97.64,False,Confident Assessment,Unnamed Industrial Feature,122.22,0.0,LOW
10.08152,77.73241,336.72,0.44,0.46,2026-09-26,744,N21,VIIRS,l,2.0NRT,307.56,4.88,D,VIIRS_NOAA21_NRT,3.0,1,0.7246106719168063,62.66666666666666,Abnormal Increase,1,42.41,Chicken shop,0,81.06,0,127.04,0,Cropland / Agriculture,3,1,62.66666666666666,1.22,0,0,0,0,30.0,0,29.160000000000025,Agricultural Burning,0,LOW,Agricultural Burning,93.72,93.72,0.48,0.0,0.0,0.0,0.21,5.59,Other Thermal Event,88.13,False,Confident Assessment,Chicken shop,42.41,0.0,LOW
21.92225,83.35242,322.05,0.44,0.38,2026-09-26,2017,N21,VIIRS,n,2.0NRT,291.57,2.5,N,VIIRS_NOAA21_NRT,2.8140740740740737,27,0.0227817891507637,-11.160831797841526,Persistent / Stable,1,0.75,Jindal Steel Works,1,74.41,0,69.77,0,Industrial,0,1,-11.160831797841526,0.66,0,0,1,0,70.0,1,30.480000000000015,Normal Persistent Source,0,LOW,Normal Persistent Source,99.99,0.0,0.0,0.0,0.0,0.0,99.99,0.01,Other Thermal Event,99.98,False,Confident Assessment,Jindal Steel Works,0.75,0.0,LOW
21.92559,85.22263,313.39,0.53,0.42,2026-09-26,2017,N21,VIIRS,n,2.0NRT,292.78,2.5,N,VIIRS_NOAA21_NRT,1.847058823529412,17,0.0188221547512001,35.35031847133755,Persistent / Stable,1,4.56,Kalta Mines Office,0,4.56,1,123.02,0,Other,4,1,35.35031847133755,0.88,0,0,1,0,70.0,1,20.610000000000014,Mining Activity,0,LOW,Mining Activity,97.72,0.0,0.0,0.0,0.02,97.72,1.02,1.24,Other Thermal Event,96.47,False,Confident Assessment,Kalta Mines Office,4.56,0.0,LOW
27.94892,96.69994,336.15,0.4,0.37,2026-09-26,646,N,VIIRS,n,2.0NRT,296.39,2.49,D,VIIRS_SNPP_NRT,0.0,0,,0.0,New / No Local History,1,119.53,Unnamed Industrial Feature,0,1125.89,0,122.9,0,Forest / Woodland,2,0,0.0,2.49,0,0,0,1,70.0,0,39.75999999999999,Agricultural Burning,0,LOW,Agricultural Burning,98.77,98.77,0.06,0.0,0.0,0.0,0.0,1.17,Other Thermal Event,97.6,False,Confident Assessment,Unnamed Industrial Feature,119.53,0.0,LOW
9.80014,78.46754,339.12,0.39,0.36,2026-09-26,822,N,VIIRS,l,2.0NRT,309.9,2.63,D,VIIRS_SNPP_NRT,0.0,0,,0.0,New / No Local History,1,41.83,Tourist bus parking,0,143.83,0,185.13,0,Other,4,0,0.0,2.63,0,0,0,1,30.0,0,29.220000000000027,Agricultural Burning,0,LOW,Agricultural Burning,98.66,98.66,0.06,0.0,0.0,0.0,0.0,1.28,Other Thermal Event,97.38,False,Confident Assessment,Tourist bus parking,41.83,0.0,LOW
11.55692,79.57756,332.3,0.43,0.38,2026-09-26,822,N,VIIRS,l,2.0NRT,305.57,2.63,D,VIIRS_SNPP_NRT,0.0,0,,0.0,New / No Local History,1,11.71,Neyveli Lignite Corporation,0,29.87,0,92.53,0,Cropland / Agriculture,3,0,0.0,2.63,0,0,0,1,30.0,0,26.730000000000015,Agricultural Burning,0,LOW,Agricultural Burning,98.67,98.67,0.0,0.0,0.0,0.0,0.26,1.07,Other Thermal Event,97.6,False,Confident Assessment,Neyveli Lignite Corporation,11.71,0.0,LOW
23.78441,86.3909,299.7,0.51,0.49,2026-09-26,1932,N20,VIIRS,n,2.0NRT,288.82,2.61,N,VIIRS_NOAA20_NRT,2.2101333333333337,150,0.0066829402810547,18.09242277992276,Persistent / Stable,1,4.21,Dhanbad Coal Mines,0,4.21,1,186.16,0,Other,4,1,18.09242277992276,0.81,0,0,1,0,70.0,1,10.879999999999995,Mining Activity,0,LOW,Mining Activity,97.32,0.0,0.0,0.14,0.02,97.32,0.87,1.64,Other Thermal Event,95.68,False,Confident Assessment,Dhanbad Coal Mines,4.21,0.0,LOW
12.84071,78.52483,347.13,0.32,0.54,2026-09-26,841,N20,VIIRS,n,2.0NRT,297.83,4.76,D,VIIRS_NOAA20_NRT,0.0,0,,0.0,New / No Local History,1,28.85,Unnamed Industrial Feature,0,105.52,0,75.13,0,Cropland / Agriculture,3,0,0.0,4.76,0,0,0,1,70.0,0,49.30000000000001,Agricultural Burning,0,LOW,Agricultural Burning,98.88,98.88,0.68,0.0,0.0,0.0,0.0,0.44,Forest / Wildfire,98.2,False,Confident Assessment,Unnamed Industrial Feature,28.85,0.0,LOW
24.25004,93.82037,339.62,0.39,0.44,2026-09-26,644,N,VIIRS,n,2.0NRT,294.23,4.72,D,VIIRS_SNPP_NRT,0.0,0,,0.0,New / No Local History,1,69.84,Unnamed Industrial Feature,0,752.16,0,259.37,0,Forest / Woodland,2,0,0.0,4.72,0,0,0,1,70.0,0,45.38999999999999,Agricultural Burning,0,LOW,Agricultural Burning,97.78,97.78,0.97,0.0,0.0,0.0,0.0,1.24,Other Thermal Event,96.54,False,Confident Assessment,Unnamed Industrial Feature,69.84,0.0,LOW
10.54768,79.61707,341.17,0.43,0.38,2026-09-26,822,N,VIIRS,n,2.0NRT,309.96,4.71,D,VIIRS_SNPP_NRT,0.0,0,,0.0,New / No Local History,1,21.34,Majestic Lumber Mill,0,134.84,0,34.87,0,Cropland / Agriculture,3,0,0.0,4.71,0,0,0,1,70.0,0,31.21000000000004,Agricultural Burning,0,LOW,Agricultural Burning,98.97,98.97,0.06,0.0,0.0,0.0,0.0,0.97,Other Thermal Event,98.01,False,Confident Assessment,Majestic Lumber Mill,21.34,0.0,LOW
27.75996,96.30843,341.13,0.41,0.37,2026-09-26,646,N,VIIRS,n,2.0NRT,297.88,4.7,D,VIIRS_SNPP_NRT,0.0,0,,0.0,New / No Local History,1,76.45,Unnamed Industrial Feature,0,1082.35,0,79.1,0,Forest / Woodland,2,0,0.0,4.7,0,0,0,1,70.0,0,43.25,Agricultural Burning,0,LOW,Agricultural Burning,98.32,98.32,0.06,0.0,0.0,0.0,0.0,1.62,Other Thermal Event,96.69,False,Confident Assessment,Unnamed Industrial Feature,76.45,0.0,LOW
27.97039,95.55752,328.47,0.61,0.53,2026-09-26,608,N21,VIIRS,n,2.0NRT,292.82,4.68,D,VIIRS_NOAA21_NRT,0.0,0,,0.0,New / No Local History,1,56.47,Truck Stand and Weight Bridge,0,1023.84,0,64.81,0,Forest / Woodland,2,0,0.0,4.68,0,0,0,1,70.0,0,35.650000000000034,Agricultural Burning,0,LOW,Agricultural Burning,98.2,98.2,0.06,0.0,0.0,0.0,0.0,1.74,Other Thermal Event,96.46,False,Confident Assessment,Truck Stand and Weight Bridge,56.47,0.0,LOW
8.93587,77.83012,341.13,0.45,0.47,2026-09-26,744,N21,VIIRS,n,2.0NRT,302.09,4.67,D,VIIRS_NOAA21_NRT,17.83,1,1.6653371369024026,-73.80818844643858,Single Historical Detection,1,27.73,Unnamed Industrial Feature,0,104.1,0,130.64,0,Other,4,1,-73.80818844643858,0.25,0,0,0,0,70.0,0,39.04000000000002,Agricultural Burning,0,LOW,Agricultural Burning,88.56,88.56,3.37,0.0,0.0,0.0,0.0,8.08,Other Thermal Event,80.48,False,Confident Assessment,Unnamed Industrial Feature,27.73,0.0,LOW
23.58972,91.40955,332.69,0.56,0.52,2026-09-26,644,N,VIIRS,n,2.0NRT,292.7,5.07,D,VIIRS_SNPP_NRT,0.0,0,,0.0,New / No Local History,1,115.51,Unnamed Industrial Feature,0,507.48,0,282.79,0,Forest / Woodland,2,0,0.0,5.07,0,0,0,1,70.0,0,39.99000000000001,Agricultural Burning,0,LOW,Agricultural Burning,99.39,99.39,0.43,0.0,0.0,0.0,0.0,0.18,Forest / Wildfire,98.96,False,Confident Assessment,Unnamed Industrial Feature,115.51,0.0,LOW
14.02246,79.93305,338.21,0.47,0.4,2026-09-26,822,N,VIIRS,n,2.0NRT,305.53,5.05,D,VIIRS_SNPP_NRT,4.08,2,1.4089422062051116,23.77450980392156,Persistent / Stable,1,35.7,Fodd Corporation of India Godowns,0,98.95,0,101.31,0,Cropland / Agriculture,3,1,23.77450980392156,0.99,0,0,1,0,70.0,0,32.68000000000001,Agricultural Burning,0,LOW,Agricultural Burning,97.69,97.69,0.0,0.0,0.0,0.23,0.0,2.08,Other Thermal Event,95.62,False,Confident Assessment,Fodd Corporation of India Godowns,35.7,0.0,LOW
30.8128,76.01749,306.22,0.36,0.57,2026-09-25,2129,N20,VIIRS,n,2.0NRT,291.38,0.36,N,VIIRS_NOAA20_NRT,0.0,0,,0.0,New / No Local History,1,18.17,Ludhiana Industrial Area,0,275.41,0,52.52,0,Cropland / Agriculture,3,0,0.0,0.36,0,0,0,1,70.0,1,14.840000000000032,Agricultural Burning,0,LOW,Agricultural Burning,99.82,99.82,0.0,0.0,0.0,0.0,0.0,0.18,Other Thermal Event,99.64,False,Confident Assessment,Ludhiana Industrial Area,18.17,0.0,LOW
31.24919,76.93047,299.62,0.39,0.37,2026-09-25,2034,N21,VIIRS,n,2.0NRT,289.01,0.24,N,VIIRS_NOAA21_NRT,0.8307692307692308,13,0.073202326416772,-71.11111111111111,Persistent / Reduced,1,0.39,Ambuja Cements Limited,1,296.61,0,126.26,0,Industrial,0,1,-71.11111111111111,0.13,0,0,1,0,70.0,1,10.610000000000014,Normal Persistent Source,0,LOW,Normal Persistent Source,94.84,0.0,0.0,1.1,0.0,0.33,94.84,3.72,Other Thermal Event,91.12,False,Confident Assessment,Ambuja Cements Limited,0.39,0.0,LOW
32.16898,75.31062,367.0,0.39,0.44,2026-09-24,744,N20,VIIRS,h,2.0NRT,300.46,10.83,D,VIIRS_NOAA20_NRT,0.0,0,,0.0,New / No Local History,1,32.93,Kathua Industrial Area,0,440.26,0,216.59,0,Cropland / Agriculture,3,0,0.0,10.83,0,0,0,1,95.0,0,66.54000000000002,Agricultural Burning,5,LOW,Agricultural Burning,93.61,93.61,4.74,0.0,0.4,0.0,0.0,1.25,Forest / Wildfire,88.86,False,Confident Assessment,Kathua Industrial Area,32.93,0.0,LOW
23.15752,70.11012,353.69,0.5,0.66,2026-09-24,922,N20,VIIRS,n,2.0NRT,301.03,8.02,D,VIIRS_NOAA20_NRT,0.0,0,,0.0,New / No Local History,1,5.75,Unnamed Industrial Feature,0,38.87,0,75.67,0,Other,4,0,0.0,8.02,0,0,0,1,70.0,0,52.660000000000025,Agricultural Burning,0,LOW,Agricultural Burning,91.47,91.47,1.11,0.0,2.58,0.38,0.25,4.19,Other Thermal Event,87.28,False,Confident Assessment,Unnamed Industrial Feature,5.75,0.0,LOW
14.46794,76.67125,335.09,0.49,0.4,2026-09-24,824,N21,VIIRS,n,2.0NRT,298.18,7.91,D,VIIRS_NOAA21_NRT,0.0,0,,0.0,New / No Local History,1,59.56,NMDC Donimalai Iron Mine,0,59.56,0,207.62,0,Forest / Woodland,2,0,0.0,7.91,0,0,0,1,70.0,0,36.90999999999997,Agricultural Burning,0,LOW,Agricultural Burning,96.74,96.74,1.76,0.0,0.4,0.0,0.0,1.1,Forest / Wildfire,94.98,False,Confident Assessment,NMDC Donimalai Iron Mine,59.56,0.0,LOW
26.78875,75.76647,355.4,0.56,0.69,2026-09-24,724,N,VIIRS,n,2.0NRT,297.73,7.12,D,VIIRS_SNPP_NRT,0.0,0,,0.0,New / No Local History,1,7.25,RIICO Sitapura Industrial Area,0,251.87,0,204.3,0,Cropland / Agriculture,3,0,0.0,7.12,0,0,0,1,70.0,0,57.66999999999996,Agricultural Burning,0,LOW,Agricultural Burning,95.29,95.29,2.5,0.0,0.4,0.0,0.25,1.56,Forest / Wildfire,92.79,False,Confident Assessment,RIICO Sitapura Industrial Area,7.25,0.0,LOW
23.10217,69.92092,345.77,0.57,0.43,2026-09-24,905,N,VIIRS,n,2.0NRT,308.57,6.1,D,VIIRS_SNPP_NRT,0.0,0,,0.0,New / No Local History,1,15.09,Unnamed Industrial Feature,0,23.39,0,70.36,0,Other,4,0,0.0,6.1,0,0,0,1,70.0,0,37.19999999999999,Agricultural Burning,0,LOW,Agricultural Burning,95.92,95.92,0.35,0.0,0.77,0.0,0.0,2.96,Other Thermal Event,92.96,False,Confident Assessment,Unnamed Industrial Feature,15.09,0.0,LOW
9.81749,77.64247,333.12,0.45,0.47,2026-09-26,744,N21,VIIRS,l,2.0NRT,304.97,4.79,D,VIIRS_NOAA21_NRT,0.0,0,,0.0,New / No Local History,1,49.46,Unnamed Industrial Feature,0,56.79,0,119.12,0,Other,4,0,0.0,4.79,0,0,0,1,30.0,0,28.149999999999977,Agricultural Burning,0,LOW,Agricultural Burning,97.25,97.25,0.85,0.0,0.0,0.0,0.0,1.9,Other Thermal Event,95.35,False,Confident Assessment,Unnamed Industrial Feature,49.46,0.0,LOW
31.11028,77.44234,340.21,0.48,0.4,2026-09-24,744,N20,VIIRS,n,2.0NRT,302.14,6.06,D,VIIRS_NOAA20_NRT,0.0,0,,0.0,New / No Local History,1,51.32,Ambuja Cements Limited,0,279.34,0,151.77,0,Cropland / Agriculture,3,0,0.0,6.06,0,0,0,1,70.0,0,38.06999999999999,Agricultural Burning,0,LOW,Agricultural Burning,99.49,99.49,0.06,0.0,0.39,0.0,0.0,0.06,Industrial Fire,99.09,False,Confident Assessment,Ambuja Cements Limited,51.32,0.0,LOW
30.27989,76.27377,332.82,0.56,0.43,2026-09-24,744,N20,VIIRS,n,2.0NRT,298.72,5.97,D,VIIRS_NOAA20_NRT,0.0,0,,0.0,New / No Local History,1,16.32,Indian Oil Corporation Ltd. LPG Bootling Plant,0,211.53,0,16.32,0,Cropland / Agriculture,3,0,0.0,5.97,0,0,0,1,70.0,0,34.099999999999966,Agricultural Burning,0,LOW,Agricultural Burning,98.16,98.16,0.06,0.0,0.39,0.0,0.0,1.38,Other Thermal Event,96.78,False,Confident Assessment,Indian Oil Corporation Ltd. LPG Bootling Plant,16.32,0.0,LOW
24.44929,71.40038,348.83,0.39,0.36,2026-09-24,826,N21,VIIRS,n,2.0NRT,318.2,5.89,D,VIIRS_NOAA21_NRT,0.0,0,,0.0,New / No Local History,1,44.43,Transtech Green Power Plant Sanchore,0,44.43,0,159.17,0,Other,4,0,0.0,5.89,0,0,0,1,70.0,0,30.629999999999995,Agricultural Burning,0,LOW,Agricultural Burning,98.27,98.27,0.61,0.0,0.0,0.0,0.08,1.05,Other Thermal Event,97.22,False,Confident Assessment,Transtech Green Power Plant Sanchore,44.43,0.0,LOW
23.15767,70.10974,343.32,0.39,0.44,2026-09-24,905,N,VIIRS,n,2.0NRT,308.0,5.09,D,VIIRS_SNPP_NRT,0.0,0,,0.0,New / No Local History,1,5.74,Unnamed Industrial Feature,0,38.83,0,75.69,0,Other,4,0,0.0,5.09,0,0,0,1,70.0,0,35.31999999999999,Agricultural Burning,0,LOW,Agricultural Burning,93.06,93.06,0.35,0.0,1.47,0.67,0.08,4.36,Other Thermal Event,88.7,False,Confident Assessment,Unnamed Industrial Feature,5.74,0.0,LOW
31.7938,74.69284,331.4,0.4,0.44,2026-09-24,828,N21,VIIRS,n,2.0NRT,298.07,4.91,D,VIIRS_NOAA21_NRT,0.0,0,,0.0,New / No Local History,1,22.39,Unnamed Industrial Feature,0,434.55,0,183.58,0,Cropland / Agriculture,3,0,0.0,4.91,0,0,0,1,70.0,0,33.329999999999984,Agricultural Burning,0,LOW,Agricultural Burning,99.86,99.86,0.06,0.0,0.0,0.0,0.0,0.07,Other Thermal Event,99.79,False,Confident Assessment,Unnamed Industrial Feature,22.39,0.0,LOW
22.41631,69.03874,340.38,0.41,0.37,2026-09-24,826,N21,VIIRS,n,2.0NRT,307.34,4.85,D,VIIRS_NOAA21_NRT,1.83375,8,0.0041118933890391,164.48534423994542,Abnormal Increase,1,2.68,TATA Chemicals,0,115.23,0,70.03,0,Other,4,1,164.48534423994542,1.71,0,1,1,0,70.0,0,33.04000000000002,Normal Persistent Source,5,LOW,Normal Persistent Source,61.32,0.04,0.0,0.0,6.24,1.42,61.32,30.98,Other Thermal Event,30.33,False,Confident Assessment,TATA Chemicals,2.68,0.0,LOW
17.87985,75.16265,332.93,0.45,0.39,2026-09-24,824,N21,VIIRS,n,2.0NRT,298.84,4.79,D,VIIRS_NOAA21_NRT,0.0,0,,0.0,New / No Local History,1,68.77,Unnamed Industrial Feature,0,354.01,0,254.48,0,Forest / Woodland,2,0,0.0,4.79,0,0,0,1,70.0,0,34.09000000000003,Agricultural Burning,0,LOW,Agricultural Burning,98.95,98.95,1.0,0.0,0.0,0.0,0.0,0.04,Forest / Wildfire,97.95,False,Confident Assessment,Unnamed Industrial Feature,68.77,0.0,LOW
33.79351,74.92664,327.1,0.57,0.43,2026-09-24,744,N20,VIIRS,l,2.0NRT,300.0,4.77,D,VIIRS_NOAA20_NRT,0.0,0,,0.0,New / No Local History,1,166.65,Kathua Industrial Area,0,619.91,0,399.23,0,Other,4,0,0.0,4.77,0,0,0,1,30.0,0,27.100000000000023,Agricultural Burning,0,LOW,Agricultural Burning,95.72,95.72,2.4,0.0,0.0,0.0,0.0,1.88,Forest / Wildfire,93.32,False,Confident Assessment,Kathua Industrial Area,166.65,0.0,LOW
9.542,77.79538,339.27,0.51,0.49,2026-09-26,839,N20,VIIRS,n,2.0NRT,307.09,5.17,D,VIIRS_NOAA20_NRT,10.83,2,0.4736738595572405,-52.26223453370268,Persistent / Reduced,1,22.63,Unnamed Industrial Feature,0,68.98,0,123.77,0,Other,4,1,-52.26223453370268,0.44,0,0,1,0,70.0,0,32.18000000000001,Agricultural Burning,0,LOW,Agricultural Burning,94.85,94.85,0.0,0.0,0.0,0.0,0.03,5.11,Other Thermal Event,89.74,False,Confident Assessment,Unnamed Industrial Feature,22.63,0.0,LOW
9.81778,78.89182,333.16,0.61,0.54,2026-09-26,839,N20,VIIRS,n,2.0NRT,300.64,5.12,D,VIIRS_NOAA20_NRT,0.0,0,,0.0,New / No Local History,1,86.94,Tourist bus parking,0,190.17,0,148.38,0,Other,4,0,0.0,5.12,0,0,0,1,70.0,0,32.52000000000004,Agricultural Burning,0,LOW,Agricultural Burning,99.67,99.67,0.06,0.0,0.0,0.0,0.0,0.27,Other Thermal Event,99.39,False,Confident Assessment,Tourist bus parking,86.94,0.0,LOW
13.39185,80.10226,333.78,0.48,0.4,2026-09-26,822,N,VIIRS,l,2.0NRT,304.6,5.08,D,VIIRS_SNPP_NRT,1.846666666666667,6,0.0218370301213867,175.0902527075812,Abnormal Increase,1,2.51,SIPCOT Gummidipundi,0,30.71,0,30.59,0,Other,4,1,175.0902527075812,1.78,0,1,1,0,30.0,0,29.17999999999995,Normal Persistent Source,0,LOW,Normal Persistent Source,58.05,0.75,1.11,0.35,5.41,1.97,58.05,32.36,Other Thermal Event,25.69,True,Low Confidence (58.0%),SIPCOT Gummidipundi,2.51,0.0,LOW
28.03802,77.61543,335.74,0.54,0.51,2026-09-24,828,N21,VIIRS,n,2.0NRT,298.87,2.84,D,VIIRS_NOAA21_NRT,0.0,0,,0.0,New / No Local History,1,13.61,Unnamed Industrial Feature,0,69.76,0,60.94,0,Cropland / Agriculture,3,0,0.0,2.84,0,0,0,1,70.0,0,36.870000000000005,Agricultural Burning,0,LOW,Agricultural Burning,99.15,99.15,0.41,0.0,0.0,0.0,0.0,0.44,Other Thermal Event,98.71,False,Confident Assessment,Unnamed Industrial Feature,13.61,0.0,LOW
22.41552,69.03941,318.58,0.49,0.4,2026-09-24,2131,N,VIIRS,n,2.0NRT,297.47,2.82,N,VIIRS_SNPP_NRT,1.83375,8,0.0504015949233095,53.78323108384456,Abnormal Increase,1,2.68,TATA Chemicals,0,115.26,0,69.96,0,Other,4,1,53.78323108384456,1.0,0,0,1,0,70.0,1,21.10999999999996,Normal Persistent Source,0,LOW,Normal Persistent Source,84.75,0.53,0.0,0.0,0.0,0.11,84.75,14.61,Other Thermal Event,70.14,False,Confident Assessment,TATA Chemicals,2.68,0.0,LOW
23.58516,72.11846,332.35,0.45,0.63,2026-09-24,741,N20,VIIRS,n,2.0NRT,298.06,2.66,D,VIIRS_NOAA20_NRT,0.0,0,,0.0,New / No Local History,1,32.52,Nirma ltd,0,145.74,0,54.21,0,Other,4,0,0.0,2.66,0,0,0,1,70.0,0,34.29000000000002,Agricultural Burning,0,LOW,Agricultural Burning,98.87,98.87,0.06,0.0,0.0,0.0,0.0,1.07,Other Thermal Event,97.81,False,Confident Assessment,Nirma ltd,32.52,0.0,LOW
27.83357,95.92014,345.35,0.42,0.38,2026-09-26,646,N,VIIRS,n,2.0NRT,297.53,5.32,D,VIIRS_SNPP_NRT,0.0,0,,0.0,New / No Local History,1,57.53,Digboi Refinery,0,1050.19,0,57.53,0,Forest / Woodland,2,0,0.0,5.32,0,0,0,1,70.0,0,47.82000000000005,Agricultural Burning,0,LOW,Agricultural Burning,96.45,96.45,0.65,0.0,0.0,0.0,0.0,2.9,Other Thermal Event,93.55,False,Confident Assessment,Digboi Refinery,57.53,0.0,LOW
27.83431,95.92439,335.08,0.42,0.38,2026-09-26,646,N,VIIRS,n,2.0NRT,297.53,5.32,D,VIIRS_SNPP_NRT,0.0,0,,0.0,New / No Local History,1,57.82,Digboi Refinery,0,1050.6,0,57.82,0,Forest / Woodland,2,0,0.0,5.32,0,0,0,1,70.0,0,37.55000000000001,Agricultural Burning,0,LOW,Agricultural Burning,98.2,98.2,0.06,0.0,0.0,0.0,0.0,1.74,Other Thermal Event,96.46,False,Confident Assessment,Digboi Refinery,57.82,0.0,LOW
29.22641,73.6429,339.36,0.39,0.36,2026-09-26,826,N,VIIRS,n,2.0NRT,308.09,3.57,D,VIIRS_SNPP_NRT,0.0,0,,0.0,New / No Local History,1,23.42,Unnamed Industrial Feature,0,362.78,0,165.99,0,Other,4,0,0.0,3.57,0,0,0,1,70.0,0,31.27000000000004,Agricultural Burning,0,LOW,Agricultural Burning,99.12,99.12,0.06,0.0,0.0,0.0,0.0,0.82,Other Thermal Event,98.29,False,Confident Assessment,Unnamed Industrial Feature,23.42,0.0,LOW
29.22699,73.64688,342.1,0.39,0.36,2026-09-26,826,N,VIIRS,n,2.0NRT,310.12,3.57,D,VIIRS_SNPP_NRT,0.0,0,,0.0,New / No Local History,1,23.08,Unnamed Industrial Feature,0,362.42,0,165.65,0,Other,4,0,0.0,3.57,0,0,0,1,70.0,0,31.980000000000015,Agricultural Burning,0,LOW,Agricultural Burning,99.33,99.33,0.06,0.0,0.0,0.0,0.0,0.62,Other Thermal Event,98.71,False,Confident Assessment,Unnamed Industrial Feature,23.08,0.0,LOW
27.37831,95.33544,334.32,0.41,0.45,2026-09-26,1910,N,VIIRS,n,2.0NRT,291.22,4.88,N,VIIRS_SNPP_NRT,3.152,10,0.048470903730709,54.822335025380696,Abnormal Increase,1,3.23,Unnamed Industrial Feature,0,977.53,0,28.06,0,Other,4,1,54.822335025380696,1.18,0,0,1,0,70.0,1,43.099999999999966,Normal Persistent Source,0,LOW,Normal Persistent Source,72.44,0.65,0.0,0.35,0.37,1.36,72.44,24.83,Other Thermal Event,47.61,False,Confident Assessment,Unnamed Industrial Feature,3.23,0.0,LOW
10.46688,79.25061,351.24,0.33,0.55,2026-09-26,839,N20,VIIRS,n,2.0NRT,301.73,4.85,D,VIIRS_NOAA20_NRT,0.0,0,,0.0,New / No Local History,1,35.71,Central Warehouse Corporation,0,153.54,0,73.03,0,Cropland / Agriculture,3,0,0.0,4.85,0,0,0,1,70.0,0,49.50999999999999,Agricultural Burning,0,LOW,Agricultural Burning,98.96,98.96,0.65,0.0,0.0,0.0,0.0,0.39,Forest / Wildfire,98.31,False,Confident Assessment,Central Warehouse Corporation,35.71,0.0,LOW
31.62848,74.99851,334.57,0.44,0.38,2026-09-26,750,N21,VIIRS,n,2.0NRT,301.94,4.82,D,VIIRS_NOAA21_NRT,4.15,1,0.89758458321881,16.144578313253007,Single Historical Detection,1,12.02,Unnamed Industrial Feature,0,402.93,0,163.12,0,Cropland / Agriculture,3,1,16.144578313253007,0.94,0,0,0,0,70.0,0,32.629999999999995,Agricultural Burning,0,LOW,Agricultural Burning,97.73,97.73,1.05,0.0,0.0,0.23,0.0,0.99,Forest / Wildfire,96.67,False,Confident Assessment,Unnamed Industrial Feature,12.02,0.0,LOW
9.35504,77.89088,335.14,0.44,0.46,2026-09-26,744,N21,VIIRS,l,2.0NRT,307.65,4.8,D,VIIRS_NOAA21_NRT,0.0,0,,0.0,New / No Local History,1,19.42,Unnamed Industrial Feature,0,83.94,0,131.29,0,Other,4,0,0.0,4.8,0,0,0,1,30.0,0,27.49000000000001,Agricultural Burning,0,LOW,Agricultural Burning,98.06,98.06,0.27,0.0,0.0,0.0,0.0,1.68,Other Thermal Event,96.38,False,Confident Assessment,Unnamed Industrial Feature,19.42,0.0,LOW
26.89479,95.56066,327.15,0.32,0.55,2026-09-26,608,N21,VIIRS,n,2.0NRT,290.98,5.17,D,VIIRS_NOAA21_NRT,0.0,0,,0.0,New / No Local History,1,37.26,Namrup Thermal Power Station,0,979.75,0,54.39,0,Forest / Woodland,2,0,0.0,5.17,0,0,0,1,70.0,0,36.16999999999996,Agricultural Burning,0,LOW,Agricultural Burning,98.51,98.51,0.06,0.0,0.0,0.0,0.0,1.42,Other Thermal Event,97.09,False,Confident Assessment,Namrup Thermal Power Station,37.26,0.0,LOW
9.42092,78.29131,341.94,0.41,0.45,2026-09-26,744,N21,VIIRS,n,2.0NRT,308.41,5.17,D,VIIRS_NOAA21_NRT,0.0,0,,0.0,New / No Local History,1,52.69,Unnamed Industrial Feature,0,124.74,0,175.61,0,Other,4,0,0.0,5.17,0,0,0,1,70.0,0,33.52999999999997,Agricultural Burning,0,LOW,Agricultural Burning,99.46,99.46,0.06,0.0,0.0,0.0,0.0,0.48,Other Thermal Event,98.99,False,Confident Assessment,Unnamed Industrial Feature,52.69,0.0,LOW
11.23387,78.15085,341.42,0.39,0.36,2026-09-26,822,N,VIIRS,n,2.0NRT,306.23,3.46,D,VIIRS_SNPP_NRT,0.0,0,,0.0,New / No Local History,1,26.28,TNPL Paper Mill,0,185.25,0,113.92,0,Cropland / Agriculture,3,0,0.0,3.46,0,0,0,1,70.0,0,35.19,Agricultural Burning,0,LOW,Agricultural Burning,99.9,99.9,0.06,0.0,0.0,0.0,0.0,0.04,Forest / Wildfire,99.84,False,Confident Assessment,TNPL Paper Mill,26.28,0.0,LOW
10.90951,78.56748,330.05,0.56,0.43,2026-09-26,746,N21,VIIRS,l,2.0NRT,303.67,3.45,D,VIIRS_NOAA21_NRT,0.0,0,,0.0,New / No Local History,1,19.41,Trichy Steel Company,0,160.81,0,140.4,0,Cropland / Agriculture,3,0,0.0,3.45,0,0,0,1,30.0,0,26.379999999999995,Agricultural Burning,0,LOW,Agricultural Burning,99.32,99.32,0.06,0.0,0.0,0.0,0.0,0.62,Other Thermal Event,98.71,False,Confident Assessment,Trichy Steel Company,19.41,0.0,LOW
9.87609,78.30017,331.2,0.56,0.51,2026-09-26,839,N20,VIIRS,n,2.0NRT,299.55,3.44,D,VIIRS_NOAA20_NRT,0.0,0,,0.0,New / No Local History,1,21.9,Tourist bus parking,0,127.41,0,184.85,0,Other,4,0,0.0,3.44,0,0,0,1,70.0,0,31.649999999999977,Agricultural Burning,0,LOW,Agricultural Burning,99.58,99.58,0.06,0.0,0.0,0.0,0.0,0.36,Other Thermal Event,99.22,False,Confident Assessment,Tourist bus parking,21.9,0.0,LOW
9.7662,79.0093,332.83,0.62,0.54,2026-09-26,839,N20,VIIRS,n,2.0NRT,299.49,3.43,D,VIIRS_NOAA20_NRT,0.0,0,,0.0,New / No Local History,1,100.52,Tourist bus parking,0,202.39,0,144.04,0,Other,4,0,0.0,3.43,0,0,0,1,70.0,0,33.339999999999975,Agricultural Burning,0,LOW,Agricultural Burning,99.58,99.58,0.06,0.0,0.0,0.0,0.0,0.36,Other Thermal Event,99.22,False,Confident Assessment,Tourist bus parking,100.52,0.0,LOW
9.34061,76.8941,331.55,0.39,0.36,2026-09-26,822,N,VIIRS,n,2.0NRT,299.64,3.41,D,VIIRS_SNPP_NRT,0.0,0,,0.0,New / No Local History,1,3.64,meat stall,0,42.42,0,22.41,0,Other,4,0,0.0,3.41,0,0,0,1,70.0,0,31.910000000000025,Other Thermal Event,5,LOW,Agricultural Burning,59.6,59.6,0.35,0.37,3.36,1.07,1.28,33.96,Other Thermal Event,25.64,True,Low Confidence (59.6%),meat stall,3.64,0.0,LOW
27.95024,96.66276,332.64,0.53,0.42,2026-09-26,703,N20,VIIRS,n,2.0NRT,295.83,3.39,D,VIIRS_NOAA20_NRT,0.0,0,,0.0,New / No Local History,1,116.73,Unnamed Industrial Feature,0,1122.56,0,119.85,0,Forest / Woodland,2,0,0.0,3.39,0,0,0,1,70.0,0,36.81,Agricultural Burning,0,LOW,Agricultural Burning,98.81,98.81,0.06,0.0,0.0,0.0,0.0,1.13,Other Thermal Event,97.68,False,Confident Assessment,Unnamed Industrial Feature,116.73,0.0,LOW
11.24288,79.49145,338.93,0.43,0.38,2026-09-26,822,N,VIIRS,n,2.0NRT,304.27,3.58,D,VIIRS_SNPP_NRT,0.0,0,,0.0,New / No Local History,1,31.7,Ramco Cements,0,64.01,0,65.47,0,Cropland / Agriculture,3,0,0.0,3.58,0,0,0,1,70.0,0,34.660000000000025,Agricultural Burning,0,LOW,Agricultural Burning,99.74,99.74,0.06,0.0,0.0,0.0,0.0,0.2,Other Thermal Event,99.54,False,Confident Assessment,Ramco Cements,31.7,0.0,LOW
31.33788,75.02445,333.55,0.43,0.38,2026-09-26,828,N,VIIRS,n,2.0NRT,301.23,3.58,D,VIIRS_SNPP_NRT,0.0,0,,0.0,New / No Local History,1,30.02,Rail Coach Factory - RCF Kapurthala,0,375.08,0,130.86,0,Cropland / Agriculture,3,0,0.0,3.58,0,0,0,1,70.0,0,32.31999999999999,Agricultural Burning,0,LOW,Agricultural Burning,99.89,99.89,0.06,0.0,0.0,0.0,0.0,0.04,Forest / Wildfire,99.83,False,Confident Assessment,Rail Coach Factory - RCF Kapurthala,30.02,0.0,LOW
23.69205,87.0989,302.46,0.59,0.7,2026-09-26,1910,N,VIIRS,n,2.0NRT,288.05,2.61,N,VIIRS_SNPP_NRT,1.7654166666666666,24,0.0102089802136271,47.84045315081425,Persistent / Stable,1,0.09,Unnamed Industrial Feature,1,69.01,0,209.75,0,Industrial,0,1,47.84045315081425,0.94,0,0,1,0,70.0,1,14.409999999999968,Normal Persistent Source,0,LOW,Normal Persistent Source,97.27,0.0,0.0,0.0,0.0,0.15,97.27,2.59,Other Thermal Event,94.68,False,Confident Assessment,Unnamed Industrial Feature,0.09,0.0,LOW
9.09714,77.63252,340.39,0.46,0.47,2026-09-26,744,N21,VIIRS,n,2.0NRT,302.61,2.59,D,VIIRS_NOAA21_NRT,0.0,0,,0.0,New / No Local History,1,17.09,India Cements Sankarnagar,0,76.19,0,105.04,0,Other,4,0,0.0,2.59,0,0,0,1,70.0,0,37.77999999999997,Agricultural Burning,0,LOW,Agricultural Burning,98.86,98.86,0.41,0.0,0.0,0.0,0.0,0.72,Other Thermal Event,98.14,False,Confident Assessment,India Cements Sankarnagar,17.09,0.0,LOW
23.69025,87.12278,301.94,0.59,0.7,2026-09-26,1910,N,VIIRS,n,2.0NRT,288.16,2.71,N,VIIRS_SNPP_NRT,2.839636363636363,55,0.0060562488134797,-4.565245229862954,Persistent / Stable,1,0.41,Unnamed Industrial Feature,1,71.44,0,208.44,0,Industrial,0,1,-4.565245229862954,0.71,0,0,1,0,70.0,1,13.779999999999973,Normal Persistent Source,0,LOW,Normal Persistent Source,99.95,0.0,0.0,0.0,0.0,0.0,99.95,0.05,Other Thermal Event,99.91,False,Confident Assessment,Unnamed Industrial Feature,0.41,0.0,LOW
21.37483,81.64078,307.76,0.39,0.36,2026-09-26,2017,N21,VIIRS,n,2.0NRT,293.11,2.7,N,VIIRS_NOAA21_NRT,2.078888888888889,9,0.0052078304927459,29.87707108498131,Persistent / Stable,1,0.87,Unnamed Industrial Feature,1,144.84,0,253.75,0,Industrial,0,1,29.87707108498131,0.88,0,0,1,0,70.0,1,14.649999999999975,Normal Persistent Source,0,LOW,Normal Persistent Source,99.38,0.0,0.0,0.0,0.0,0.15,99.38,0.48,Other Thermal Event,98.9,False,Confident Assessment,Unnamed Industrial Feature,0.87,0.0,LOW
27.98669,95.9275,328.53,0.42,0.38,2026-09-26,646,N,VIIRS,n,2.0NRT,298.34,2.69,D,VIIRS_SNPP_NRT,8.055,2,0.923984539008328,-66.60459342023589,Persistent / Reduced,1,72.94,Digboi Refinery,0,1057.66,0,72.94,0,Forest / Woodland,2,1,-66.60459342023589,0.3,0,0,1,0,70.0,0,30.19,Agricultural Burning,0,LOW,Agricultural Burning,93.96,93.96,0.37,0.0,0.0,0.0,0.43,5.25,Other Thermal Event,88.71,False,Confident Assessment,Digboi Refinery,72.94,0.0,LOW
21.92442,83.33991,313.51,0.44,0.38,2026-09-26,2017,N21,VIIRS,n,2.0NRT,289.76,2.66,N,VIIRS_NOAA21_NRT,2.8140740740740737,27,0.0290270810427273,-5.475125032903379,Persistent / Stable,1,0.89,Jindal Steel Works,1,74.07,0,71.07,0,Industrial,0,1,-5.475125032903379,0.7,0,0,1,0,70.0,1,23.75,Normal Persistent Source,0,LOW,Normal Persistent Source,99.99,0.0,0.0,0.0,0.0,0.0,99.99,0.01,Other Thermal Event,99.98,False,Confident Assessment,Jindal Steel Works,0.89,0.0,LOW
23.6891,87.11964,302.45,0.59,0.7,2026-09-26,1910,N,VIIRS,n,2.0NRT,288.5,2.65,N,VIIRS_SNPP_NRT,2.7847368421052625,57,0.0048534148810196,-4.83840483840482,Persistent / Stable,1,0.45,Unnamed Industrial Feature,1,71.15,0,208.47,0,Industrial,0,1,-4.83840483840482,0.7,0,0,1,0,70.0,1,13.949999999999989,Normal Persistent Source,0,LOW,Normal Persistent Source,99.95,0.0,0.0,0.0,0.0,0.0,99.95,0.05,Other Thermal Event,99.91,False,Confident Assessment,Unnamed Industrial Feature,0.45,0.0,LOW
15.87297,80.60088,334.72,0.4,0.37,2026-09-26,746,N21,VIIRS,n,2.0NRT,303.39,3.46,D,VIIRS_NOAA21_NRT,0.0,0,,0.0,New / No Local History,1,24.92,"ITC Ltd., ILTD Division",0,296.88,0,214.68,0,Cropland / Agriculture,3,0,0.0,3.46,0,0,0,1,70.0,0,31.33000000000004,Agricultural Burning,0,LOW,Agricultural Burning,99.52,99.52,0.44,0.0,0.0,0.0,0.0,0.04,Forest / Wildfire,99.09,False,Confident Assessment,"ITC Ltd., ILTD Division",24.92,0.0,LOW
18.68962,73.91727,301.29,0.37,0.58,2026-09-24,2131,N,VIIRS,n,2.0NRT,277.47,0.76,N,VIIRS_SNPP_NRT,0.0,0,,0.0,New / No Local History,1,19.86,MIDC Pune Industrial Estate,0,498.18,0,98.97,0,Forest / Woodland,2,0,0.0,0.76,0,0,0,1,70.0,1,23.819999999999997,Agricultural Burning,0,LOW,Agricultural Burning,99.18,99.18,0.0,0.0,0.0,0.0,0.0,0.82,Other Thermal Event,98.37,False,Confident Assessment,MIDC Pune Industrial Estate,19.86,0.0,LOW
17.06264,76.97691,302.89,0.41,0.45,2026-09-24,2012,N20,VIIRS,n,2.0NRT,281.92,0.75,N,VIIRS_NOAA20_NRT,0.8862500000000001,8,0.1009886232820621,-15.373765867418909,Persistent / Stable,1,0.39,ACC Cement,1,212.76,0,189.71,0,Industrial,0,1,-15.373765867418909,0.4,0,0,1,0,70.0,1,20.96999999999997,Normal Persistent Source,0,LOW,Normal Persistent Source,99.25,0.0,0.0,0.0,0.0,0.0,99.25,0.75,Other Thermal Event,98.51,False,Confident Assessment,ACC Cement,0.39,0.0,LOW
31.4869,75.05367,310.26,0.4,0.37,2026-09-24,2053,N21,VIIRS,n,2.0NRT,294.98,1.18,N,VIIRS_NOAA21_NRT,0.0,0,,0.0,New / No Local History,1,26.38,Unnamed Industrial Feature,0,386.97,0,147.52,0,Cropland / Agriculture,3,0,0.0,1.18,0,0,0,1,70.0,1,15.279999999999973,Agricultural Burning,0,LOW,Agricultural Burning,100.0,100.0,0.0,0.0,0.0,0.0,0.0,0.0,Normal Persistent Source,100.0,False,Confident Assessment,Unnamed Industrial Feature,26.38,0.0,LOW
28.7086,76.85249,305.02,0.59,0.53,2026-09-24,2008,N20,VIIRS,n,2.0NRT,294.56,1.15,N,VIIRS_NOAA20_NRT,1.731666666666667,6,0.2838069018069327,-33.58999037536093,Persistent / Stable,1,3.47,Unnamed Industrial Feature,0,45.38,0,76.63,0,Cropland / Agriculture,3,1,-33.58999037536093,0.42,0,0,1,0,70.0,1,10.45999999999998,Normal Persistent Source,0,LOW,Normal Persistent Source,57.11,3.32,0.0,1.19,0.0,0.38,57.11,38.01,Other Thermal Event,19.1,True,Low Confidence (57.1%),Unnamed Industrial Feature,3.47,0.0,LOW
31.2576,76.92658,303.12,0.62,0.54,2026-09-24,2127,N,VIIRS,n,2.0NRT,289.33,1.14,N,VIIRS_SNPP_NRT,0.8307692307692308,13,0.0268152316834237,37.2222222222222,Persistent / Stable,1,0.62,Ambuja Cements Limited,1,297.59,0,126.78,0,Industrial,0,1,37.2222222222222,0.62,0,0,1,0,70.0,1,13.79000000000002,Normal Persistent Source,0,LOW,Normal Persistent Source,92.53,0.0,0.0,0.67,0.0,1.16,92.53,5.64,Other Thermal Event,86.89,False,Confident Assessment,Ambuja Cements Limited,0.62,0.0,LOW
28.64737,77.5583,311.26,0.52,0.42,2026-09-24,2053,N21,VIIRS,n,2.0NRT,293.72,1.03,N,VIIRS_NOAA21_NRT,2.978,5,1.3379860177922105,-65.4130288784419,Persistent / Reduced,1,5.87,Unnamed Industrial Feature,0,25.62,0,100.9,0,Cropland / Agriculture,3,1,-65.4130288784419,0.26,0,0,1,0,70.0,1,17.539999999999964,Agricultural Burning,0,LOW,Agricultural Burning,74.98,74.98,0.0,0.81,0.0,0.07,1.28,22.85,Other Thermal Event,52.14,False,Confident Assessment,Unnamed Industrial Feature,5.87,0.0,LOW
31.41206,76.83312,302.77,0.45,0.39,2026-09-24,2053,N21,VIIRS,n,2.0NRT,292.67,1.03,N,VIIRS_NOAA21_NRT,0.0,0,,0.0,New / No Local History,1,9.81,Unnamed Industrial Feature,0,315.8,0,136.16,0,Cropland / Agriculture,3,0,0.0,1.03,0,0,0,1,70.0,1,10.099999999999966,Agricultural Burning,0,LOW,Agricultural Burning,99.61,99.61,0.0,0.0,0.0,0.0,0.0,0.39,Other Thermal Event,99.23,False,Confident Assessment,Unnamed Industrial Feature,9.81,0.0,LOW
18.69121,73.84142,309.11,0.37,0.58,2026-09-24,2131,N,VIIRS,n,2.0NRT,288.33,0.96,N,VIIRS_SNPP_NRT,0.0,0,,0.0,New / No Local History,1,18.65,MIDC Pune Industrial Estate,0,502.93,0,91.18,0,Forest / Woodland,2,0,0.0,0.96,0,0,0,1,70.0,1,20.78000000000003,Agricultural Burning,0,LOW,Agricultural Burning,98.44,98.44,0.0,0.0,0.0,0.0,0.01,1.55,Other Thermal Event,96.89,False,Confident Assessment,MIDC Pune Industrial Estate,18.65,0.0,LOW
30.37814,75.27622,330.01,0.42,0.45,2026-09-24,744,N20,VIIRS,n,2.0NRT,298.97,2.54,D,VIIRS_NOAA20_NRT,0.0,0,,0.0,New / No Local History,1,13.4,STELCO Limited,0,278.3,0,37.09,0,Cropland / Agriculture,3,0,0.0,2.54,0,0,0,1,70.0,0,31.039999999999964,Agricultural Burning,0,LOW,Agricultural Burning,99.39,99.39,0.06,0.0,0.0,0.0,0.0,0.55,Other Thermal Event,98.84,False,Confident Assessment,STELCO Limited,13.4,0.0,LOW
31.90613,74.66639,333.73,0.42,0.45,2026-09-24,744,N20,VIIRS,n,2.0NRT,295.92,2.5,D,VIIRS_NOAA20_NRT,0.0,0,,0.0,New / No Local History,1,32.92,Unnamed Industrial Feature,0,446.17,0,196.31,0,Cropland / Agriculture,3,0,0.0,2.5,0,0,0,1,70.0,0,37.81,Agricultural Burning,0,LOW,Agricultural Burning,99.86,99.86,0.06,0.0,0.0,0.0,0.0,0.08,Other Thermal Event,99.78,False,Confident Assessment,Unnamed Industrial Feature,32.92,0.0,LOW
31.90359,74.66436,330.68,0.42,0.45,2026-09-24,744,N20,VIIRS,n,2.0NRT,294.48,2.42,D,VIIRS_NOAA20_NRT,0.0,0,,0.0,New / No Local History,1,32.82,Unnamed Industrial Feature,0,446.05,0,196.06,0,Cropland / Agriculture,3,0,0.0,2.42,0,0,0,1,70.0,0,36.19999999999999,Agricultural Burning,0,LOW,Agricultural Burning,99.86,99.86,0.06,0.0,0.0,0.0,0.0,0.08,Other Thermal Event,99.78,False,Confident Assessment,Unnamed Industrial Feature,32.82,0.0,LOW
31.25991,76.92452,302.8,0.45,0.39,2026-09-24,2053,N21,VIIRS,n,2.0NRT,290.65,0.93,N,VIIRS_NOAA21_NRT,0.8307692307692308,13,0.0154678000296314,11.944444444444445,Persistent / Stable,1,0.94,Ambuja Cements Limited,1,297.87,0,126.87,0,Industrial,0,1,11.944444444444445,0.51,0,0,1,0,70.0,1,12.150000000000034,Normal Persistent Source,0,LOW,Normal Persistent Source,90.35,0.0,0.0,1.43,0.0,1.39,90.35,6.83,Other Thermal Event,83.53,False,Confident Assessment,Ambuja Cements Limited,0.94,0.0,LOW
33.44243,75.61114,297.52,0.4,0.37,2026-09-24,2053,N21,VIIRS,n,2.0NRT,282.18,0.88,N,VIIRS_NOAA21_NRT,0.0,0,,0.0,New / No Local History,1,117.43,Kathua Industrial Area,0,561.88,0,347.31,0,Other,4,0,0.0,0.88,0,0,0,1,70.0,1,15.339999999999977,Agricultural Burning,0,LOW,Agricultural Burning,96.35,96.35,1.04,0.0,0.0,0.0,0.15,2.47,Other Thermal Event,93.88,False,Confident Assessment,Kathua Industrial Area,117.43,0.0,LOW
23.26666,70.25809,308.71,0.39,0.36,2026-09-24,2053,N21,VIIRS,n,2.0NRT,297.91,0.84,N,VIIRS_NOAA21_NRT,0.9633333333333334,3,0.0122770793537698,-12.802768166089972,Persistent / Stable,1,11.81,Unnamed Industrial Feature,0,53.35,0,90.21,0,Other,4,1,-12.802768166089972,0.43,0,0,1,0,70.0,1,10.799999999999956,Agricultural Burning,0,LOW,Agricultural Burning,87.04,87.04,0.33,0.0,0.0,0.0,1.84,10.79,Other Thermal Event,76.24,False,Confident Assessment,Unnamed Industrial Feature,11.81,0.0,LOW
22.78844,75.83994,301.54,0.53,0.42,2026-09-24,2053,N21,VIIRS,n,2.0NRT,284.08,0.83,N,VIIRS_NOAA21_NRT,0.0,0,,0.0,New / No Local History,1,23.74,Pithampur Industrial Area,0,275.03,0,278.23,0,Other,4,0,0.0,0.83,0,0,0,1,70.0,1,17.460000000000036,Agricultural Burning,0,LOW,Agricultural Burning,97.18,97.18,0.67,0.0,0.0,0.0,0.02,2.12,Other Thermal Event,95.05,False,Confident Assessment,Pithampur Industrial Area,23.74,0.0,LOW
18.68887,73.92072,311.38,0.37,0.58,2026-09-24,2131,N,VIIRS,n,2.0NRT,276.38,0.76,N,VIIRS_SNPP_NRT,0.0,0,,0.0,New / No Local History,1,19.92,MIDC Pune Industrial Estate,0,497.91,0,99.34,0,Forest / Woodland,2,0,0.0,0.76,0,0,0,1,70.0,1,35.0,Agricultural Burning,0,LOW,Agricultural Burning,96.6,96.6,0.0,0.34,0.0,0.0,0.25,2.81,Other Thermal Event,93.79,False,Confident Assessment,MIDC Pune Industrial Estate,19.92,0.0,LOW
31.11184,77.4421,327.33,0.36,0.57,2026-09-24,724,N,VIIRS,n,2.0NRT,296.76,2.42,D,VIIRS_SNPP_NRT,0.0,0,,0.0,New / No Local History,1,51.25,Ambuja Cements Limited,0,279.51,0,151.85,0,Cropland / Agriculture,3,0,0.0,2.42,0,0,0,1,70.0,0,30.569999999999997,Agricultural Burning,0,LOW,Agricultural Burning,99.47,99.47,0.06,0.0,0.0,0.0,0.0,0.47,Other Thermal Event,98.99,False,Confident Assessment,Ambuja Cements Limited,51.25,0.0,LOW
22.41732,69.03951,331.36,0.5,0.41,2026-09-24,902,N,VIIRS,l,2.0NRT,305.46,2.4,D,VIIRS_SNPP_NRT,1.83375,8,0.0513960182968531,30.87934560327196,Persistent / Stable,1,2.82,TATA Chemicals,0,115.1,0,69.96,0,Other,4,1,30.87934560327196,0.85,0,0,1,0,30.0,0,25.900000000000038,Normal Persistent Source,0,LOW,Normal Persistent Source,80.06,1.82,0.0,0.35,0.38,0.32,80.06,17.07,Other Thermal Event,62.99,False,Confident Assessment,TATA Chemicals,2.82,0.0,LOW
9.89183,77.87449,332.3,0.5,0.41,2026-09-24,822,N21,VIIRS,n,2.0NRT,289.23,2.21,D,VIIRS_NOAA21_NRT,4.233333333333333,3,0.6732769800653149,-47.79527559055119,Persistent / Stable,1,24.9,TNSTC Ponmeni Bus depot,0,83.42,0,145.43,0,Other,4,1,-47.79527559055119,0.42,0,0,1,0,70.0,0,43.06999999999999,Agricultural Burning,0,LOW,Agricultural Burning,96.22,96.22,0.0,0.36,0.0,0.0,0.03,3.39,Other Thermal Event,92.84,False,Confident Assessment,TNSTC Ponmeni Bus depot,24.9,0.0,LOW
28.71004,76.85292,304.97,0.59,0.53,2026-09-24,2008,N20,VIIRS,n,2.0NRT,294.45,2.17,N,VIIRS_NOAA20_NRT,1.7639999999999998,5,0.241904357041032,23.015873015873023,Persistent / Stable,1,3.42,Unnamed Industrial Feature,0,45.39,0,76.47,0,Cropland / Agriculture,3,1,23.015873015873023,0.79,0,0,1,0,70.0,1,10.52000000000004,Normal Persistent Source,0,LOW,Normal Persistent Source,60.99,18.16,0.0,0.74,0.0,0.34,60.99,19.76,Other Thermal Event,41.23,False,Confident Assessment,Unnamed Industrial Feature,3.42,0.0,LOW
22.40045,69.02074,308.59,0.42,0.37,2026-09-24,2053,N21,VIIRS,n,2.0NRT,298.17,2.16,N,VIIRS_NOAA21_NRT,1.9885714285714289,7,0.2909419329104526,8.620689655172404,Persistent / Stable,1,0.16,TATA Chemicals,1,117.76,0,71.81,0,Industrial,0,1,8.620689655172404,0.72,0,0,1,0,70.0,1,10.41999999999996,Normal Persistent Source,0,LOW,Normal Persistent Source,95.02,0.0,0.0,1.15,0.0,0.0,95.02,3.84,Other Thermal Event,91.18,False,Confident Assessment,TATA Chemicals,0.16,0.0,LOW
34.11412,74.9061,343.63,0.34,0.56,2026-09-26,848,N20,VIIRS,n,2.0NRT,305.22,4.67,D,VIIRS_NOAA20_NRT,0.0,0,,0.0,New / No Local History,1,201.0,Kathua Industrial Area,0,653.78,0,433.99,0,Other,4,0,0.0,4.67,0,0,0,1,70.0,0,38.40999999999997,Agricultural Burning,0,LOW,Agricultural Burning,98.6,98.6,0.8,0.0,0.0,0.0,0.0,0.59,Forest / Wildfire,97.8,False,Confident Assessment,Kathua Industrial Area,201.0,0.0,LOW
31.54653,75.03123,331.49,0.44,0.38,2026-09-26,750,N21,VIIRS,l,2.0NRT,303.06,4.66,D,VIIRS_NOAA21_NRT,0.0,0,,0.0,New / No Local History,1,19.96,Unnamed Industrial Feature,0,393.65,0,154.07,0,Cropland / Agriculture,3,0,0.0,4.66,0,0,0,1,30.0,0,28.430000000000007,Agricultural Burning,0,LOW,Agricultural Burning,98.65,98.65,0.69,0.0,0.0,0.0,0.0,0.65,Forest / Wildfire,97.96,False,Confident Assessment,Unnamed Industrial Feature,19.96,0.0,LOW
30.6112,75.04105,335.14,0.43,0.38,2026-09-26,828,N,VIIRS,n,2.0NRT,301.21,4.64,D,VIIRS_SNPP_NRT,0.0,0,,0.0,New / No Local History,1,39.48,Unnamed Industrial Feature,0,312.56,0,50.31,0,Cropland / Agriculture,3,0,0.0,4.64,0,0,0,1,70.0,0,33.93000000000001,Agricultural Burning,0,LOW,Agricultural Burning,99.86,99.86,0.06,0.0,0.0,0.0,0.0,0.08,Other Thermal Event,99.78,False,Confident Assessment,Unnamed Industrial Feature,39.48,0.0,LOW
9.42168,78.29185,336.16,0.41,0.45,2026-09-26,744,N21,VIIRS,l,2.0NRT,308.17,5.31,D,VIIRS_NOAA21_NRT,0.0,0,,0.0,New / No Local History,1,52.79,Unnamed Industrial Feature,0,124.78,0,175.68,0,Other,4,0,0.0,5.31,0,0,0,1,30.0,0,27.99000000000001,Agricultural Burning,0,LOW,Agricultural Burning,98.63,98.63,0.06,0.0,0.0,0.0,0.0,1.31,Other Thermal Event,97.33,False,Confident Assessment,Unnamed Industrial Feature,52.79,0.0,LOW
28.11006,76.61163,308.15,0.48,0.4,2026-09-24,2053,N21,VIIRS,n,2.0NRT,295.6,1.67,N,VIIRS_NOAA21_NRT,0.0,0,,0.0,New / No Local History,1,3.78,Unnamed Industrial Feature,0,86.8,0,125.02,0,Cropland / Agriculture,3,0,0.0,1.67,0,0,0,1,70.0,1,12.549999999999956,Agricultural Burning,0,LOW,Agricultural Burning,73.1,73.1,0.21,0.0,0.77,0.33,3.33,22.27,Other Thermal Event,50.82,False,Confident Assessment,Unnamed Industrial Feature,3.78,0.0,LOW
26.77429,94.5049,300.48,0.45,0.39,2026-09-24,1910,N21,VIIRS,n,2.0NRT,286.38,1.61,N,VIIRS_NOAA21_NRT,2.306,5,0.0155557365786282,-30.18213356461405,Persistent / Stable,1,20.42,Unnamed Industrial Feature,0,876.53,0,27.1,0,Forest / Woodland,2,1,-30.18213356461405,0.49,0,0,1,0,70.0,1,14.100000000000025,Agricultural Burning,0,LOW,Agricultural Burning,87.06,87.06,0.0,0.46,0.0,0.02,0.72,11.73,Other Thermal Event,75.33,False,Confident Assessment,Unnamed Industrial Feature,20.42,0.0,LOW
11.55362,77.24593,308.43,0.51,0.41,2026-09-24,2014,N20,VIIRS,n,2.0NRT,271.48,1.51,N,VIIRS_NOAA20_NRT,0.0,0,,0.0,New / No Local History,1,39.03,Sri  Vinayaka Mills,0,116.8,0,39.03,0,Cropland / Agriculture,3,0,0.0,1.51,0,0,0,1,70.0,1,36.94999999999999,Agricultural Burning,0,LOW,Agricultural Burning,97.51,97.51,0.0,0.34,0.0,0.0,0.34,1.82,Other Thermal Event,95.69,False,Confident Assessment,Sri  Vinayaka Mills,39.03,0.0,LOW
31.25717,76.925,299.91,0.62,0.54,2026-09-24,2127,N,VIIRS,n,2.0NRT,288.57,1.42,N,VIIRS_SNPP_NRT,0.8307692307692308,13,0.0048431521978527,70.92592592592591,Abnormal Increase,1,0.65,Ambuja Cements Limited,1,297.56,0,126.65,0,Industrial,0,1,70.92592592592591,0.78,0,0,1,0,70.0,1,11.340000000000032,Normal Persistent Source,10,LOW,Normal Persistent Source,89.38,0.0,0.0,1.43,0.0,1.87,89.38,7.31,Other Thermal Event,82.07,False,Confident Assessment,Ambuja Cements Limited,0.65,0.0,LOW
23.09989,69.92151,333.55,0.49,0.65,2026-09-24,922,N20,VIIRS,n,2.0NRT,301.17,2.14,D,VIIRS_NOAA20_NRT,0.0,0,,0.0,New / No Local History,1,14.98,Unnamed Industrial Feature,0,23.59,0,70.1,0,Other,4,0,0.0,2.14,0,0,0,1,70.0,0,32.379999999999995,Agricultural Burning,0,LOW,Agricultural Burning,96.12,96.12,0.35,0.0,0.0,0.0,0.34,3.19,Other Thermal Event,92.93,False,Confident Assessment,Unnamed Industrial Feature,14.98,0.0,LOW
25.84487,76.41708,331.06,0.44,0.46,2026-09-24,741,N20,VIIRS,l,2.0NRT,304.81,2.11,D,VIIRS_NOAA20_NRT,0.0,0,,0.0,New / No Local History,1,21.58,Unnamed Industrial Feature,0,316.1,0,221.7,0,Cropland / Agriculture,3,0,0.0,2.11,0,0,0,1,30.0,0,26.25,Agricultural Burning,0,LOW,Agricultural Burning,98.3,98.3,1.07,0.0,0.0,0.0,0.0,0.63,Forest / Wildfire,97.24,False,Confident Assessment,Unnamed Industrial Feature,21.58,0.0,LOW
22.41527,69.03957,320.3,0.42,0.37,2026-09-24,2053,N21,VIIRS,n,2.0NRT,298.16,2.05,N,VIIRS_NOAA21_NRT,1.83375,8,0.0454068768632643,11.792774369461464,Persistent / Stable,1,2.68,TATA Chemicals,0,115.27,0,69.94,0,Other,4,1,11.792774369461464,0.72,0,0,1,0,70.0,1,22.139999999999983,Normal Persistent Source,0,LOW,Normal Persistent Source,86.99,0.43,0.0,0.0,0.0,0.02,86.99,12.55,Other Thermal Event,74.44,False,Confident Assessment,TATA Chemicals,2.68,0.0,LOW
23.69251,87.12122,315.52,0.46,0.47,2026-09-26,1932,N20,VIIRS,n,2.0NRT,291.96,2.88,N,VIIRS_NOAA20_NRT,2.839636363636363,55,0.0054552310224564,1.421436803688077,Persistent / Stable,1,0.12,Unnamed Industrial Feature,1,71.24,0,208.73,0,Industrial,0,1,1.421436803688077,0.75,0,0,1,0,70.0,1,23.56,Normal Persistent Source,0,LOW,Normal Persistent Source,98.93,0.0,0.0,0.0,0.0,0.0,98.93,1.07,Other Thermal Event,97.87,False,Confident Assessment,Unnamed Industrial Feature,0.12,0.0,LOW
8.76225,77.90427,318.52,0.39,0.36,2026-09-26,2019,N21,VIIRS,n,2.0NRT,295.59,2.86,N,VIIRS_NOAA21_NRT,0.0,0,,0.0,New / No Local History,1,27.55,SPIC Tuticorin Fertilizers,0,114.18,0,145.15,0,Other,4,0,0.0,2.86,0,0,0,1,70.0,1,22.930000000000007,Agricultural Burning,0,LOW,Agricultural Burning,95.59,95.59,0.56,0.37,0.39,0.0,0.02,3.07,Other Thermal Event,92.52,False,Confident Assessment,SPIC Tuticorin Fertilizers,27.55,0.0,LOW
23.76053,86.39771,301.75,0.51,0.49,2026-09-26,1932,N20,VIIRS,n,2.0NRT,288.64,2.85,N,VIIRS_NOAA20_NRT,2.1694230769230765,156,0.02672848731102,31.371332328694297,Persistent / Stable,1,4.72,Unnamed Industrial Feature,0,3.22,1,188.9,0,Mining,1,1,31.371332328694297,0.9,0,0,1,0,70.0,1,13.110000000000014,Mining Activity,0,LOW,Mining Activity,97.04,0.0,0.0,0.14,0.02,97.04,1.15,1.64,Other Thermal Event,95.4,False,Confident Assessment,Unnamed Industrial Feature,4.72,0.0,LOW
10.72019,79.00944,336.24,0.41,0.37,2026-09-26,822,N,VIIRS,l,2.0NRT,309.92,3.13,D,VIIRS_SNPP_NRT,0.0,0,,0.0,New / No Local History,1,12.84,Central Warehouse Corporation,0,141.32,0,91.42,0,Cropland / Agriculture,3,0,0.0,3.13,0,0,0,1,30.0,0,26.319999999999997,Agricultural Burning,0,LOW,Agricultural Burning,99.5,99.5,0.06,0.0,0.0,0.0,0.0,0.44,Other Thermal Event,99.07,False,Confident Assessment,Central Warehouse Corporation,12.84,0.0,LOW
31.47236,75.05521,346.21,0.32,0.55,2026-09-26,845,N20,VIIRS,n,2.0NRT,298.88,3.03,D,VIIRS_NOAA20_NRT,0.0,0,,0.0,New / No Local History,1,27.76,Unnamed Industrial Feature,0,385.56,0,145.92,0,Cropland / Agriculture,3,0,0.0,3.03,0,0,0,1,70.0,0,47.329999999999984,Agricultural Burning,0,LOW,Agricultural Burning,99.14,99.14,0.31,0.0,0.0,0.0,0.0,0.55,Other Thermal Event,98.59,False,Confident Assessment,Unnamed Industrial Feature,27.76,0.0,LOW
23.78085,86.38756,309.11,0.51,0.5,2026-09-26,1932,N20,VIIRS,n,2.0NRT,288.27,3.01,N,VIIRS_NOAA20_NRT,2.20476821192053,151,0.0100318678096834,36.52228763666944,Persistent / Stable,1,4.62,Unnamed Industrial Feature,0,4.66,1,186.49,0,Other,4,1,36.52228763666944,0.94,0,0,1,0,70.0,1,20.840000000000032,Mining Activity,0,LOW,Mining Activity,99.27,0.0,0.0,0.0,0.02,99.27,0.57,0.15,Normal Persistent Source,98.7,False,Confident Assessment,Unnamed Industrial Feature,4.62,0.0,LOW
9.44371,78.42935,335.54,0.39,0.36,2026-09-26,822,N,VIIRS,l,2.0NRT,309.33,3.0,D,VIIRS_SNPP_NRT,0.0,0,,0.0,New / No Local History,1,63.55,Tourist bus parking,0,139.32,0,190.91,0,Other,4,0,0.0,3.0,0,0,0,1,30.0,0,26.21000000000004,Agricultural Burning,0,LOW,Agricultural Burning,98.61,98.61,0.06,0.0,0.0,0.0,0.0,1.33,Other Thermal Event,97.28,False,Confident Assessment,Tourist bus parking,63.55,0.0,LOW
21.37534,81.6796,313.44,0.39,0.37,2026-09-26,2017,N21,VIIRS,n,2.0NRT,293.62,2.99,N,VIIRS_NOAA21_NRT,2.452,15,0.0373012661416466,21.941272430668853,Persistent / Stable,1,1.75,Unnamed Industrial Feature,1,140.83,0,249.83,0,Industrial,0,1,21.941272430668853,0.87,0,0,1,0,70.0,1,19.819999999999997,Normal Persistent Source,0,LOW,Normal Persistent Source,99.99,0.0,0.0,0.0,0.0,0.0,99.99,0.01,Other Thermal Event,99.97,False,Confident Assessment,Unnamed Industrial Feature,1.75,0.0,LOW
31.77441,74.97915,367.0,0.32,0.55,2026-09-26,848,N20,VIIRS,h,2.0NRT,297.2,6.06,D,VIIRS_NOAA20_NRT,0.0,0,,0.0,New / No Local History,1,14.27,Unnamed Industrial Feature,0,417.48,0,179.34,0,Cropland / Agriculture,3,0,0.0,6.06,0,0,0,1,95.0,0,69.80000000000001,Agricultural Burning,5,LOW,Agricultural Burning,95.21,95.21,3.29,0.0,0.4,0.0,0.0,1.1,Forest / Wildfire,91.92,False,Confident Assessment,Unnamed Industrial Feature,14.27,0.0,LOW
27.95295,96.66171,335.9,0.4,0.37,2026-09-26,646,N,VIIRS,n,2.0NRT,294.87,2.81,D,VIIRS_SNPP_NRT,0.0,0,,0.0,New / No Local History,1,116.84,Unnamed Industrial Feature,0,1122.58,0,119.93,0,Forest / Woodland,2,0,0.0,2.81,0,0,0,1,70.0,0,41.02999999999997,Agricultural Burning,0,LOW,Agricultural Burning,98.77,98.77,0.06,0.0,0.0,0.0,0.0,1.17,Other Thermal Event,97.6,False,Confident Assessment,Unnamed Industrial Feature,116.84,0.0,LOW
10.78657,77.78237,343.29,0.42,0.45,2026-09-26,746,N21,VIIRS,n,2.0NRT,308.11,2.77,D,VIIRS_NOAA21_NRT,9.955,2,1.2124564643001243,-72.17478653942743,Persistent / Reduced,1,37.69,TNPL Paper Mill,0,147.19,0,81.12,0,Cropland / Agriculture,3,1,-72.17478653942743,0.25,0,0,1,0,70.0,0,35.18000000000001,Agricultural Burning,0,LOW,Agricultural Burning,97.79,97.79,0.0,0.0,0.0,0.0,0.0,2.21,Other Thermal Event,95.58,False,Confident Assessment,TNPL Paper Mill,37.69,0.0,LOW
30.03959,75.77003,335.07,0.34,0.56,2026-09-26,845,N20,VIIRS,n,2.0NRT,295.48,2.77,D,VIIRS_NOAA20_NRT,0.0,0,,0.0,New / No Local History,1,20.59,Unnamed Industrial Feature,0,218.22,0,48.42,0,Cropland / Agriculture,3,0,0.0,2.77,0,0,0,1,70.0,0,39.589999999999975,Agricultural Burning,0,LOW,Agricultural Burning,99.86,99.86,0.06,0.0,0.0,0.0,0.0,0.08,Other Thermal Event,99.79,False,Confident Assessment,Unnamed Industrial Feature,20.59,0.0,LOW
22.35973,87.28059,304.7,0.46,0.47,2026-09-26,2017,N21,VIIRS,n,2.0NRT,293.36,2.96,N,VIIRS_NOAA21_NRT,3.2993333333333346,90,0.032672968844659,-10.284906041624604,Persistent / Stable,1,0.31,Unnamed Industrial Feature,1,175.09,0,88.27,0,Industrial,0,1,-10.284906041624604,0.69,0,0,1,0,70.0,1,11.339999999999977,Normal Persistent Source,0,LOW,Normal Persistent Source,97.92,0.0,0.0,0.77,0.0,0.0,97.92,1.32,Other Thermal Event,96.6,False,Confident Assessment,Unnamed Industrial Feature,0.31,0.0,LOW
10.29494,77.39894,331.92,0.38,0.36,2026-09-26,822,N,VIIRS,n,2.0NRT,302.86,2.92,D,VIIRS_SNPP_NRT,0.0,0,,0.0,New / No Local History,1,37.19,Tata Tea Factory,0,80.39,0,88.59,0,Cropland / Agriculture,3,0,0.0,2.92,0,0,0,1,70.0,0,29.06,Agricultural Burning,0,LOW,Agricultural Burning,99.56,99.56,0.06,0.0,0.0,0.0,0.0,0.38,Other Thermal Event,99.18,False,Confident Assessment,Tata Tea Factory,37.19,0.0,LOW
10.435,79.22451,338.54,0.41,0.37,2026-09-26,822,N,VIIRS,n,2.0NRT,305.74,2.91,D,VIIRS_SNPP_NRT,0.0,0,,0.0,New / No Local History,1,38.02,Central Warehouse Corporation,0,157.88,0,77.22,0,Cropland / Agriculture,3,0,0.0,2.91,0,0,0,1,70.0,0,32.80000000000001,Agricultural Burning,0,LOW,Agricultural Burning,99.87,99.87,0.06,0.0,0.0,0.0,0.0,0.07,Other Thermal Event,99.79,False,Confident Assessment,Central Warehouse Corporation,38.02,0.0,LOW
10.78774,79.56223,337.32,0.43,0.38,2026-09-26,822,N,VIIRS,l,2.0NRT,307.92,2.89,D,VIIRS_SNPP_NRT,0.0,0,,0.0,New / No Local History,1,9.81,Majestic Lumber Mill,0,109.45,0,30.96,0,Cropland / Agriculture,3,0,0.0,2.89,0,0,0,1,30.0,0,29.399999999999977,Agricultural Burning,0,LOW,Agricultural Burning,97.47,97.47,0.77,0.0,0.0,0.0,0.4,1.36,Other Thermal Event,96.1,False,Confident Assessment,Majestic Lumber Mill,9.81,0.0,LOW
13.09928,78.75746,332.7,0.51,0.41,2026-09-26,746,N21,VIIRS,n,2.0NRT,298.12,5.77,D,VIIRS_NOAA21_NRT,0.0,0,,0.0,New / No Local History,1,56.57,BGML Nandidurga's Shaft,0,130.21,0,99.37,0,Cropland / Agriculture,3,0,0.0,5.77,0,0,0,1,70.0,0,34.579999999999984,Agricultural Burning,0,LOW,Agricultural Burning,99.83,99.83,0.06,0.0,0.0,0.0,0.0,0.11,Other Thermal Event,99.73,False,Confident Assessment,BGML Nandidurga's Shaft,56.57,0.0,LOW
11.0683,79.28805,345.74,0.42,0.38,2026-09-26,822,N,VIIRS,n,2.0NRT,308.27,5.75,D,VIIRS_SNPP_NRT,0.0,0,,0.0,New / No Local History,1,13.37,Unnamed Industrial Feature,0,92.15,0,69.41,0,Cropland / Agriculture,3,0,0.0,5.75,0,0,0,1,70.0,0,37.47000000000003,Agricultural Burning,0,LOW,Agricultural Burning,98.76,98.76,0.41,0.0,0.0,0.0,0.0,0.83,Other Thermal Event,97.93,False,Confident Assessment,Unnamed Industrial Feature,13.37,0.0,LOW
35.6794,73.66343,318.18,0.56,0.69,2026-09-26,2155,N21,VIIRS,n,2.0NRT,281.13,5.72,N,VIIRS_NOAA21_NRT,8.0,1,0.0675549156342398,-28.500000000000004,Single Historical Detection,1,405.06,Kathua Industrial Area,0,858.17,0,625.76,0,Other,4,1,-28.500000000000004,0.64,0,0,0,0,70.0,1,37.05000000000001,Agricultural Burning,0,LOW,Agricultural Burning,91.71,91.71,0.0,0.31,0.0,0.0,1.49,6.49,Other Thermal Event,85.22,False,Confident Assessment,Kathua Industrial Area,405.06,0.0,LOW
9.3373,78.68853,343.59,0.39,0.44,2026-09-26,744,N21,VIIRS,n,2.0NRT,303.88,5.62,D,VIIRS_NOAA21_NRT,5.85,1,1.6532661714879744,-3.931623931623924,Single Historical Detection,1,83.09,SPIC Tuticorin Fertilizers,0,169.27,0,203.25,0,Other,4,1,-3.931623931623924,0.82,0,0,0,0,70.0,0,39.70999999999998,Agricultural Burning,0,LOW,Agricultural Burning,99.18,99.18,0.0,0.0,0.0,0.0,0.0,0.82,Other Thermal Event,98.37,False,Confident Assessment,SPIC Tuticorin Fertilizers,83.09,0.0,LOW
31.42388,75.21657,343.52,0.44,0.39,2026-09-26,828,N,VIIRS,n,2.0NRT,298.06,5.61,D,VIIRS_SNPP_NRT,0.0,0,,0.0,New / No Local History,1,17.12,Rail Coach Factory - RCF Kapurthala,0,372.55,0,142.13,0,Cropland / Agriculture,3,0,0.0,5.61,0,0,0,1,70.0,0,45.45999999999998,Agricultural Burning,0,LOW,Agricultural Burning,98.97,98.97,0.31,0.0,0.0,0.0,0.0,0.72,Other Thermal Event,98.25,False,Confident Assessment,Rail Coach Factory - RCF Kapurthala,17.12,0.0,LOW
27.92732,96.95305,331.76,0.4,0.37,2026-09-26,646,N,VIIRS,n,2.0NRT,299.24,6.23,D,VIIRS_SNPP_NRT,0.0,0,,0.0,New / No Local History,1,138.95,Unnamed Industrial Feature,0,1148.13,0,143.82,0,Forest / Woodland,2,0,0.0,6.23,0,0,0,1,70.0,0,32.51999999999998,Agricultural Burning,0,LOW,Agricultural Burning,98.14,98.14,0.32,0.0,0.39,0.0,0.0,1.14,Other Thermal Event,97.0,False,Confident Assessment,Unnamed Industrial Feature,138.95,0.0,LOW
22.37944,87.27835,332.6,0.43,0.46,2026-09-26,1932,N20,VIIRS,n,2.0NRT,296.13,6.22,N,VIIRS_NOAA20_NRT,3.552676056338029,71,0.0087526138170212,75.07928956549314,Abnormal Increase,1,1.07,Tata Metaliks,1,173.13,0,89.41,0,Industrial,0,1,75.07928956549314,1.37,0,0,1,0,70.0,1,36.47000000000003,Normal Persistent Source,10,LOW,Normal Persistent Source,98.47,0.0,0.0,0.0,0.39,0.82,98.47,0.32,Mining Activity,97.65,False,Confident Assessment,Tata Metaliks,1.07,0.0,LOW
27.67389,96.24158,332.32,0.5,0.41,2026-09-26,703,N20,VIIRS,n,2.0NRT,296.47,6.07,D,VIIRS_NOAA20_NRT,0.0,0,,0.0,New / No Local History,1,65.2,Unnamed Industrial Feature,0,1072.7,0,68.59,0,Forest / Woodland,2,0,0.0,6.07,0,0,0,1,70.0,0,35.849999999999966,Agricultural Burning,0,LOW,Agricultural Burning,97.71,97.71,0.06,0.0,0.39,0.0,0.0,1.83,Other Thermal Event,95.88,False,Confident Assessment,Unnamed Industrial Feature,65.2,0.0,LOW
28.32275,77.22102,308.07,0.51,0.41,2026-09-24,2053,N21,VIIRS,n,2.0NRT,294.2,1.25,N,VIIRS_NOAA21_NRT,1.1860000000000002,5,0.1073811697025117,5.3962900505902045,Persistent / Stable,1,5.76,Unnamed Industrial Feature,0,31.93,0,102.49,0,Cropland / Agriculture,3,1,5.3962900505902045,0.57,0,0,1,0,70.0,1,13.870000000000005,Agricultural Burning,0,LOW,Agricultural Burning,85.46,85.46,0.0,0.05,0.0,0.35,1.4,12.74,Other Thermal Event,72.72,False,Confident Assessment,Unnamed Industrial Feature,5.76,0.0,LOW
23.1181,70.05336,332.57,0.39,0.44,2026-09-24,905,N,VIIRS,l,2.0NRT,306.56,1.21,D,VIIRS_SNPP_NRT,0.0,0,,0.0,New / No Local History,1,2.27,Unnamed Industrial Feature,1,34.52,0,70.99,0,Other,4,0,0.0,1.21,0,0,0,1,30.0,0,26.00999999999999,Other Thermal Event,0,LOW,Other Thermal Event,78.85,10.28,0.0,0.55,0.39,0.32,9.61,78.85,Agricultural Burning,68.56,False,Confident Assessment,Unnamed Industrial Feature,2.27,0.0,LOW
28.95065,78.80548,300.9,0.56,0.69,2026-09-24,1947,N,VIIRS,n,2.0NRT,288.86,1.19,N,VIIRS_SNPP_NRT,0.0,0,,0.0,New / No Local History,1,82.43,Bareilly Sleeper Treatment Plant,0,151.68,0,185.42,0,Cropland / Agriculture,3,0,0.0,1.19,0,0,0,1,70.0,1,12.039999999999964,Agricultural Burning,0,LOW,Agricultural Burning,99.89,99.89,0.0,0.0,0.0,0.0,0.0,0.11,Other Thermal Event,99.79,False,Confident Assessment,Bareilly Sleeper Treatment Plant,82.43,0.0,LOW
28.10961,76.6138,309.0,0.48,0.4,2026-09-24,2053,N21,VIIRS,n,2.0NRT,295.66,1.4,N,VIIRS_NOAA21_NRT,0.0,0,,0.0,New / No Local History,1,3.91,Unnamed Industrial Feature,0,86.66,0,124.81,0,Cropland / Agriculture,3,0,0.0,1.4,0,0,0,1,70.0,1,13.339999999999977,Agricultural Burning,0,LOW,Agricultural Burning,77.89,77.89,0.21,0.0,0.37,0.33,2.25,18.96,Other Thermal Event,58.94,False,Confident Assessment,Unnamed Industrial Feature,3.91,0.0,LOW
27.66774,76.12987,305.27,0.33,0.55,2026-09-24,2129,N,VIIRS,n,2.0NRT,294.62,1.31,N,VIIRS_SNPP_NRT,0.925,2,0.0669692564996517,41.62162162162164,Persistent / Stable,1,39.56,Unnamed Industrial Feature,0,154.8,0,153.4,0,Cropland / Agriculture,3,1,41.62162162162164,0.68,0,0,1,0,70.0,1,10.649999999999975,Agricultural Burning,0,LOW,Agricultural Burning,95.05,95.05,0.0,0.0,0.0,0.0,0.34,4.61,Other Thermal Event,90.44,False,Confident Assessment,Unnamed Industrial Feature,39.56,0.0,LOW
27.73864,96.0927,332.25,0.57,0.52,2026-09-26,608,N21,VIIRS,n,2.0NRT,292.48,5.82,D,VIIRS_NOAA21_NRT,0.0,0,,0.0,New / No Local History,1,60.47,Unnamed Industrial Feature,0,1061.78,0,60.59,0,Forest / Woodland,2,0,0.0,5.82,0,0,0,1,70.0,0,39.76999999999998,Agricultural Burning,0,LOW,Agricultural Burning,98.2,98.2,0.06,0.0,0.0,0.0,0.0,1.74,Other Thermal Event,96.46,False,Confident Assessment,Unnamed Industrial Feature,60.47,0.0,LOW
29.24189,75.82904,331.74,0.44,0.39,2026-09-26,826,N,VIIRS,l,2.0NRT,303.28,5.81,D,VIIRS_SNPP_NRT,0.0,0,,0.0,New / No Local History,1,10.87,Unnamed Industrial Feature,0,160.02,0,104.97,0,Cropland / Agriculture,3,0,0.0,5.81,0,0,0,1,30.0,0,28.46000000000004,Agricultural Burning,0,LOW,Agricultural Burning,98.77,98.77,0.44,0.0,0.0,0.0,0.0,0.78,Other Thermal Event,97.98,False,Confident Assessment,Unnamed Industrial Feature,10.87,0.0,LOW
9.42437,78.28694,343.43,0.41,0.45,2026-09-26,744,N21,VIIRS,n,2.0NRT,308.63,5.77,D,VIIRS_NOAA21_NRT,7.25,1,1.7364901531471495,-20.41379310344828,Single Historical Detection,1,52.48,Unnamed Industrial Feature,0,124.2,0,175.17,0,Other,4,1,-20.41379310344828,0.7,0,0,0,0,70.0,0,34.80000000000001,Agricultural Burning,0,LOW,Agricultural Burning,96.61,96.61,0.0,0.0,0.0,0.0,0.0,3.39,Other Thermal Event,93.23,False,Confident Assessment,Unnamed Industrial Feature,52.48,0.0,LOW
18.53758,74.23166,297.17,0.33,0.55,2026-09-24,2012,N20,VIIRS,n,2.0NRT,268.62,0.27,N,VIIRS_NOAA20_NRT,0.0,0,,0.0,New / No Local History,1,4.27,Unnamed Industrial Feature,0,465.74,0,135.45,0,Other,4,0,0.0,0.27,0,0,0,1,70.0,1,28.55000000000001,Agricultural Burning,0,LOW,Agricultural Burning,92.68,92.68,0.0,0.68,0.0,0.0,0.71,5.93,Other Thermal Event,86.76,False,Confident Assessment,Unnamed Industrial Feature,4.27,0.0,LOW
22.41869,69.04013,310.16,0.42,0.37,2026-09-24,2053,N21,VIIRS,n,2.0NRT,297.48,0.71,N,VIIRS_NOAA21_NRT,1.83375,8,0.0126101533970932,-61.28152692569872,Persistent / Reduced,1,2.97,TATA Chemicals,0,114.94,0,69.9,0,Other,4,1,-61.28152692569872,0.25,0,0,1,0,70.0,1,12.680000000000009,Normal Persistent Source,0,LOW,Normal Persistent Source,83.01,0.45,0.0,0.74,0.0,0.29,83.01,15.5,Other Thermal Event,67.51,False,Confident Assessment,TATA Chemicals,2.97,0.0,LOW
20.91007,71.45753,313.48,0.39,0.36,2026-09-24,2055,N21,VIIRS,n,2.0NRT,297.84,0.71,N,VIIRS_NOAA21_NRT,1.2485714285714289,14,0.0046980992016542,-43.13501144164761,Persistent / Stable,1,0.45,Unnamed Industrial Feature,1,312.8,0,123.11,0,Industrial,0,1,-43.13501144164761,0.32,0,0,1,0,70.0,1,15.640000000000043,Normal Persistent Source,0,LOW,Normal Persistent Source,99.75,0.0,0.0,0.0,0.0,0.0,99.75,0.25,Other Thermal Event,99.5,False,Confident Assessment,Unnamed Industrial Feature,0.45,0.0,LOW
28.67667,77.54909,304.13,0.52,0.42,2026-09-24,2053,N21,VIIRS,n,2.0NRT,293.87,0.7,N,VIIRS_NOAA21_NRT,0.0,0,,0.0,New / No Local History,1,3.74,Unnamed Industrial Feature,0,25.61,0,97.72,0,Cropland / Agriculture,3,0,0.0,0.7,0,0,0,1,70.0,1,10.259999999999993,Agricultural Burning,0,LOW,Agricultural Burning,68.81,68.81,0.0,0.33,0.37,0.0,3.0,27.49,Other Thermal Event,41.32,False,Confident Assessment,Unnamed Industrial Feature,3.74,0.0,LOW
22.37461,72.47674,311.96,0.4,0.37,2026-09-24,2053,N21,VIIRS,n,2.0NRT,296.45,0.67,N,VIIRS_NOAA21_NRT,0.0,0,,0.0,New / No Local History,1,32.5,Unnamed Industrial Feature,0,255.05,0,66.01,0,Other,4,0,0.0,0.67,0,0,0,1,70.0,1,15.509999999999993,Agricultural Burning,0,LOW,Agricultural Burning,98.66,98.66,0.0,0.0,0.0,0.0,0.04,1.3,Other Thermal Event,97.36,False,Confident Assessment,Unnamed Industrial Feature,32.5,0.0,LOW
20.90948,71.46121,310.26,0.39,0.36,2026-09-24,2055,N21,VIIRS,n,2.0NRT,297.83,0.63,N,VIIRS_NOAA21_NRT,1.2485714285714289,14,0.0098691655456984,-49.542334096109855,Persistent / Stable,1,0.13,Unnamed Industrial Feature,1,313.07,0,122.75,0,Industrial,0,1,-49.542334096109855,0.28,0,0,1,0,70.0,1,12.430000000000009,Normal Persistent Source,0,LOW,Normal Persistent Source,97.47,0.0,0.0,0.77,0.0,0.0,97.47,1.77,Other Thermal Event,95.7,False,Confident Assessment,Unnamed Industrial Feature,0.13,0.0,LOW
31.32788,76.89344,302.21,0.45,0.39,2026-09-24,2053,N21,VIIRS,n,2.0NRT,291.46,0.62,N,VIIRS_NOAA21_NRT,0.865,2,0.0079419192969706,-28.32369942196532,Persistent / Stable,1,9.05,Ambuja Cements Limited,0,305.74,0,131.28,0,Cropland / Agriculture,3,1,-28.32369942196532,0.33,0,0,1,0,70.0,1,10.75,Agricultural Burning,0,LOW,Agricultural Burning,94.13,94.13,0.0,0.05,0.0,0.0,0.37,5.45,Other Thermal Event,88.69,False,Confident Assessment,Ambuja Cements Limited,9.05,0.0,LOW
16.64768,74.30985,298.3,0.43,0.62,2026-09-24,2131,N,VIIRS,n,2.0NRT,285.59,0.62,N,VIIRS_SNPP_NRT,1.16,3,0.3313720739193146,-46.55172413793103,Persistent / Stable,1,2.05,Unnamed Industrial Feature,1,285.4,0,286.11,0,Other,4,1,-46.55172413793103,0.29,0,0,1,0,70.0,1,12.710000000000036,Normal Persistent Source,0,LOW,Normal Persistent Source,87.94,1.89,0.0,1.81,0.0,0.0,87.94,8.36,Other Thermal Event,79.58,False,Confident Assessment,Unnamed Industrial Feature,2.05,0.0,LOW
27.94362,96.68896,335.92,0.4,0.37,2026-09-26,646,N,VIIRS,n,2.0NRT,297.08,5.84,D,VIIRS_SNPP_NRT,0.0,0,,0.0,New / No Local History,1,118.32,Unnamed Industrial Feature,0,1124.67,0,121.67,0,Forest / Woodland,2,0,0.0,5.84,0,0,0,1,70.0,0,38.84000000000003,Agricultural Burning,0,LOW,Agricultural Burning,98.79,98.79,0.06,0.0,0.0,0.0,0.0,1.15,Other Thermal Event,97.64,False,Confident Assessment,Unnamed Industrial Feature,118.32,0.0,LOW
22.63791,75.5967,301.81,0.51,0.41,2026-09-24,2053,N21,VIIRS,n,2.0NRT,288.49,0.6,N,VIIRS_NOAA21_NRT,0.0,0,,0.0,New / No Local History,1,10.08,Pithampur Industrial Area,0,267.98,0,250.9,0,Other,4,0,0.0,0.6,0,0,0,1,70.0,1,13.319999999999991,Agricultural Burning,0,LOW,Agricultural Burning,97.17,97.17,0.67,0.0,0.0,0.0,0.28,1.88,Other Thermal Event,95.29,False,Confident Assessment,Pithampur Industrial Area,10.08,0.0,LOW
18.68571,73.92046,303.31,0.37,0.58,2026-09-24,2131,N,VIIRS,n,2.0NRT,277.91,0.55,N,VIIRS_SNPP_NRT,0.0,0,,0.0,New / No Local History,1,19.58,MIDC Pune Industrial Estate,0,497.63,0,99.4,0,Forest / Woodland,2,0,0.0,0.55,0,0,0,1,70.0,1,25.399999999999977,Agricultural Burning,0,LOW,Agricultural Burning,99.18,99.18,0.0,0.0,0.0,0.0,0.0,0.82,Other Thermal Event,98.37,False,Confident Assessment,MIDC Pune Industrial Estate,19.58,0.0,LOW
18.68643,73.917,295.97,0.37,0.58,2026-09-24,2131,N,VIIRS,n,2.0NRT,278.51,0.55,N,VIIRS_SNPP_NRT,0.0,0,,0.0,New / No Local History,1,19.52,MIDC Pune Industrial Estate,0,497.91,0,99.02,0,Forest / Woodland,2,0,0.0,0.55,0,0,0,1,70.0,1,17.460000000000036,Agricultural Burning,0,LOW,Agricultural Burning,99.18,99.18,0.0,0.0,0.0,0.0,0.0,0.82,Other Thermal Event,98.37,False,Confident Assessment,MIDC Pune Industrial Estate,19.52,0.0,LOW
22.26537,75.13546,299.83,0.38,0.58,2026-09-24,2131,N,VIIRS,n,2.0NRT,276.47,0.46,N,VIIRS_SNPP_NRT,0.86,2,0.1852549793865524,-46.51162790697674,Persistent / Stable,1,69.8,Pithampur Industrial Area,0,271.71,0,201.12,0,Other,4,1,-46.51162790697674,0.25,0,0,1,0,70.0,1,23.35999999999996,Agricultural Burning,0,LOW,Agricultural Burning,82.52,82.52,0.0,0.0,0.0,0.06,5.56,11.87,Other Thermal Event,70.65,False,Confident Assessment,Pithampur Industrial Area,69.8,0.0,LOW
18.53849,74.2337,295.36,0.33,0.55,2026-09-24,2012,N20,VIIRS,n,2.0NRT,268.45,0.43,N,VIIRS_NOAA20_NRT,0.0,0,,0.0,New / No Local History,1,4.51,Unnamed Industrial Feature,0,465.7,0,135.62,0,Other,4,0,0.0,0.43,0,0,0,1,70.0,1,26.910000000000025,Agricultural Burning,0,LOW,Agricultural Burning,94.5,94.5,0.0,0.68,0.0,0.0,0.42,4.4,Other Thermal Event,90.1,False,Confident Assessment,Unnamed Industrial Feature,4.51,0.0,LOW
18.69103,73.92159,302.65,0.37,0.58,2026-09-24,2131,N,VIIRS,n,2.0NRT,276.62,0.33,N,VIIRS_SNPP_NRT,0.0,0,,0.0,New / No Local History,1,20.18,MIDC Pune Industrial Estate,0,498.05,0,99.37,0,Forest / Woodland,2,0,0.0,0.33,0,0,0,1,70.0,1,26.029999999999973,Agricultural Burning,0,LOW,Agricultural Burning,98.84,98.84,0.0,0.0,0.0,0.0,0.0,1.16,Other Thermal Event,97.68,False,Confident Assessment,MIDC Pune Industrial Estate,20.18,0.0,LOW
18.69176,73.91814,296.15,0.37,0.58,2026-09-24,2131,N,VIIRS,n,2.0NRT,277.41,0.33,N,VIIRS_SNPP_NRT,0.0,0,,0.0,New / No Local History,1,20.11,MIDC Pune Industrial Estate,0,498.32,0,99.0,0,Forest / Woodland,2,0,0.0,0.33,0,0,0,1,70.0,1,18.739999999999952,Agricultural Burning,0,LOW,Agricultural Burning,98.58,98.58,0.0,0.0,0.0,0.0,0.26,1.16,Other Thermal Event,97.42,False,Confident Assessment,MIDC Pune Industrial Estate,20.11,0.0,LOW
34.3471,75.08387,330.47,0.41,0.37,2026-09-26,752,N21,VIIRS,n,2.0NRT,297.21,2.43,D,VIIRS_NOAA21_NRT,0.0,0,,0.0,New / No Local History,1,222.08,Kathua Industrial Area,0,672.58,0,455.12,0,Other,4,0,0.0,2.43,0,0,0,1,70.0,0,33.26000000000005,Agricultural Burning,0,LOW,Agricultural Burning,97.95,97.95,1.0,0.0,0.0,0.0,0.25,0.8,Forest / Wildfire,96.95,False,Confident Assessment,Kathua Industrial Area,222.08,0.0,LOW
8.59826,78.08143,322.77,0.39,0.36,2026-09-26,2019,N21,VIIRS,n,2.0NRT,295.2,2.55,N,VIIRS_NOAA21_NRT,0.0,0,,0.0,New / No Local History,1,25.0,SPIC Tuticorin Fertilizers,0,130.36,0,170.58,0,Other,4,0,0.0,2.55,0,0,0,1,70.0,1,27.569999999999997,Agricultural Burning,0,LOW,Agricultural Burning,97.33,97.33,0.0,0.0,0.0,0.0,0.02,2.65,Other Thermal Event,94.68,False,Confident Assessment,SPIC Tuticorin Fertilizers,25.0,0.0,LOW
27.72258,96.26524,333.39,0.5,0.41,2026-09-26,703,N20,VIIRS,n,2.0NRT,295.73,2.52,D,VIIRS_NOAA20_NRT,0.0,0,,0.0,New / No Local History,1,70.51,Unnamed Industrial Feature,0,1076.86,0,73.3,0,Forest / Woodland,2,0,0.0,2.52,0,0,0,1,70.0,0,37.65999999999997,Agricultural Burning,0,LOW,Agricultural Burning,98.39,98.39,0.06,0.0,0.0,0.0,0.0,1.55,Other Thermal Event,96.83,False,Confident Assessment,Unnamed Industrial Feature,70.51,0.0,LOW
14.66404,79.57529,337.29,0.46,0.39,2026-09-26,822,N,VIIRS,n,2.0NRT,301.02,2.52,D,VIIRS_SNPP_NRT,0.0,0,,0.0,New / No Local History,1,52.4,Fodd Corporation of India Godowns,0,179.96,0,182.07,0,Cropland / Agriculture,3,0,0.0,2.52,0,0,0,1,70.0,0,36.27000000000004,Agricultural Burning,0,LOW,Agricultural Burning,99.66,99.66,0.06,0.0,0.0,0.0,0.0,0.28,Other Thermal Event,99.38,False,Confident Assessment,Fodd Corporation of India Godowns,52.4,0.0,LOW
23.55747,87.24085,318.55,0.51,0.66,2026-09-26,2055,N,VIIRS,n,2.0NRT,288.32,2.52,N,VIIRS_SNPP_NRT,2.9255263157894738,38,0.0054715629608543,-13.86165332373842,Persistent / Stable,1,2.96,Durgapur Steel Plant,0,86.04,0,189.82,0,Other,4,1,-13.86165332373842,0.64,0,0,1,0,70.0,1,30.230000000000015,Normal Persistent Source,0,LOW,Normal Persistent Source,92.17,0.27,0.0,0.0,0.0,0.06,92.17,7.51,Other Thermal Event,84.66,False,Confident Assessment,Durgapur Steel Plant,2.96,0.0,LOW
35.68106,73.65997,337.77,0.43,0.38,2026-09-26,828,N,VIIRS,n,2.0NRT,307.55,6.04,D,VIIRS_SNPP_NRT,4.306666666666667,3,0.3575219037307692,40.247678018575854,Persistent / Stable,1,405.36,Kathua Industrial Area,0,858.47,0,626.01,0,Other,4,1,40.247678018575854,1.14,0,0,1,0,70.0,0,30.21999999999997,Agricultural Burning,0,LOW,Agricultural Burning,93.0,93.0,0.63,0.0,0.0,0.05,0.73,5.58,Other Thermal Event,87.42,False,Confident Assessment,Kathua Industrial Area,405.36,0.0,LOW
27.94324,96.69225,330.5,0.4,0.37,2026-09-26,646,N,VIIRS,n,2.0NRT,295.83,5.95,D,VIIRS_SNPP_NRT,0.0,0,,0.0,New / No Local History,1,118.55,Unnamed Industrial Feature,0,1124.95,0,121.93,0,Forest / Woodland,2,0,0.0,5.95,0,0,0,1,70.0,0,34.670000000000016,Agricultural Burning,0,LOW,Agricultural Burning,98.79,98.79,0.06,0.0,0.0,0.0,0.0,1.15,Other Thermal Event,97.64,False,Confident Assessment,Unnamed Industrial Feature,118.55,0.0,LOW
23.50695,69.26672,342.36,0.43,0.62,2026-09-26,750,N21,VIIRS,n,2.0NRT,303.6,5.89,D,VIIRS_NOAA21_NRT,0.0,0,,0.0,New / No Local History,1,49.03,GSRTC Depot,0,57.2,0,127.39,0,Other,4,0,0.0,5.89,0,0,0,1,70.0,0,38.75999999999999,Agricultural Burning,0,LOW,Agricultural Burning,98.32,98.32,1.05,0.0,0.0,0.0,0.0,0.62,Forest / Wildfire,97.27,False,Confident Assessment,GSRTC Depot,49.03,0.0,LOW
21.19027,81.39128,318.89,0.39,0.36,2026-09-26,2017,N21,VIIRS,n,2.0NRT,293.35,2.97,N,VIIRS_NOAA21_NRT,2.583846153846154,26,0.0130513272813701,14.944924084548978,Persistent / Stable,1,0.66,Bhilai Steel Plant,1,171.27,0,284.11,0,Industrial,0,1,14.944924084548978,0.83,0,0,1,0,70.0,1,25.539999999999964,Normal Persistent Source,0,LOW,Normal Persistent Source,99.82,0.0,0.0,0.0,0.0,0.0,99.82,0.18,Other Thermal Event,99.63,False,Confident Assessment,Bhilai Steel Plant,0.66,0.0,LOW
22.35802,87.28938,306.4,0.46,0.47,2026-09-26,2017,N21,VIIRS,n,2.0NRT,293.53,2.97,N,VIIRS_NOAA21_NRT,3.32633027522936,109,0.0055027547063323,-10.71241415450813,Persistent / Stable,1,0.41,Unnamed Industrial Feature,1,175.74,0,87.37,0,Industrial,0,1,-10.71241415450813,0.69,0,0,1,0,70.0,1,12.870000000000005,Normal Persistent Source,0,LOW,Normal Persistent Source,96.62,0.0,0.0,0.77,0.0,0.87,96.62,1.75,Other Thermal Event,94.87,False,Confident Assessment,Unnamed Industrial Feature,0.41,0.0,LOW
11.1264,77.43569,335.12,0.44,0.46,2026-09-26,746,N21,VIIRS,n,2.0NRT,300.3,2.48,D,VIIRS_NOAA21_NRT,0.0,0,,0.0,New / No Local History,1,11.18,Unnamed Industrial Feature,0,130.72,0,37.74,0,Cropland / Agriculture,3,0,0.0,2.48,0,0,0,1,70.0,0,34.81999999999999,Agricultural Burning,0,LOW,Agricultural Burning,99.45,99.45,0.06,0.0,0.0,0.0,0.0,0.49,Other Thermal Event,98.95,False,Confident Assessment,Unnamed Industrial Feature,11.18,0.0,LOW
27.3791,95.33557,329.23,0.45,0.39,2026-09-26,646,N,VIIRS,n,2.0NRT,295.05,2.48,D,VIIRS_SNPP_NRT,3.152,10,0.047395375048902,-21.319796954314725,Persistent / Stable,1,3.31,Unnamed Industrial Feature,0,977.57,0,28.05,0,Other,4,1,-21.319796954314725,0.6,0,0,1,0,70.0,0,34.18000000000001,Normal Persistent Source,0,LOW,Normal Persistent Source,80.6,2.33,0.0,0.4,0.0,0.23,80.6,16.44,Other Thermal Event,64.15,False,Confident Assessment,Unnamed Industrial Feature,3.31,0.0,LOW
23.74918,86.41666,302.57,0.51,0.49,2026-09-26,1932,N20,VIIRS,n,2.0NRT,289.48,2.47,N,VIIRS_NOAA20_NRT,2.306482758620689,145,0.0171445069682632,7.089462982896828,Persistent / Stable,1,4.7,Unnamed Industrial Feature,0,1.08,1,190.49,0,Mining,1,1,7.089462982896828,0.75,0,0,1,0,70.0,1,13.089999999999977,Mining Activity,0,LOW,Mining Activity,97.32,0.0,0.0,0.14,0.02,97.32,0.87,1.64,Other Thermal Event,95.68,False,Confident Assessment,Unnamed Industrial Feature,4.7,0.0,LOW
8.91683,78.02504,332.78,0.44,0.46,2026-09-26,744,N21,VIIRS,n,2.0NRT,302.2,2.46,D,VIIRS_NOAA21_NRT,0.0,0,,0.0,New / No Local History,1,17.93,SPIC Tuticorin Fertilizers,0,121.31,0,151.75,0,Other,4,0,0.0,2.46,0,0,0,1,70.0,0,30.579999999999984,Agricultural Burning,0,LOW,Agricultural Burning,99.0,99.0,0.41,0.0,0.0,0.0,0.0,0.58,Other Thermal Event,98.42,False,Confident Assessment,SPIC Tuticorin Fertilizers,17.93,0.0,LOW
15.12553,79.65835,330.98,0.47,0.4,2026-09-26,822,N,VIIRS,l,2.0NRT,301.44,2.46,D,VIIRS_SNPP_NRT,0.0,0,,0.0,New / No Local History,1,40.77,COW Farm,0,223.97,0,226.94,0,Cropland / Agriculture,3,0,0.0,2.46,0,0,0,1,30.0,0,29.54000000000002,Agricultural Burning,0,LOW,Agricultural Burning,97.86,97.86,1.38,0.0,0.0,0.0,0.0,0.76,Forest / Wildfire,96.48,False,Confident Assessment,COW Farm,40.77,0.0,LOW
12.82633,79.09394,330.51,0.43,0.38,2026-09-26,822,N,VIIRS,l,2.0NRT,304.19,2.44,D,VIIRS_SNPP_NRT,5.79,1,1.0202641062675364,-57.858376511226254,Single Historical Detection,1,28.93,SIPCOT Ranipet Industrial Estate,0,118.11,0,131.26,0,Cropland / Agriculture,3,1,-57.858376511226254,0.36,0,0,0,0,30.0,0,26.319999999999997,Agricultural Burning,0,LOW,Agricultural Burning,96.89,96.89,0.0,0.0,0.0,0.0,0.3,2.81,Other Thermal Event,94.08,False,Confident Assessment,SIPCOT Ranipet Industrial Estate,28.93,0.0,LOW
34.1161,74.90328,332.49,0.46,0.39,2026-09-26,828,N,VIIRS,l,2.0NRT,303.52,5.59,D,VIIRS_SNPP_NRT,0.0,0,,0.0,New / No Local History,1,201.29,Kathua Industrial Area,0,654.08,0,434.27,0,Other,4,0,0.0,5.59,0,0,0,1,30.0,0,28.970000000000027,Agricultural Burning,0,LOW,Agricultural Burning,96.22,96.22,2.79,0.0,0.0,0.0,0.0,1.0,Forest / Wildfire,93.43,False,Confident Assessment,Kathua Industrial Area,201.29,0.0,LOW
12.1269,79.65672,335.56,0.47,0.4,2026-09-26,746,N21,VIIRS,l,2.0NRT,303.54,5.48,D,VIIRS_NOAA21_NRT,13.42,1,0.3185924293445071,-59.16542473919522,Single Historical Detection,1,21.24,Workshop,0,43.44,0,128.48,0,Cropland / Agriculture,3,1,-59.16542473919522,0.38,0,0,0,0,30.0,0,32.01999999999998,Agricultural Burning,0,LOW,Agricultural Burning,97.22,97.22,0.0,0.0,0.0,0.0,0.0,2.78,Other Thermal Event,94.44,False,Confident Assessment,Workshop,21.24,0.0,LOW
10.80414,79.60799,335.94,0.49,0.41,2026-09-26,746,N21,VIIRS,l,2.0NRT,309.29,5.47,D,VIIRS_NOAA21_NRT,0.0,0,,0.0,New / No Local History,1,14.34,Majestic Lumber Mill,0,106.74,0,26.2,0,Cropland / Agriculture,3,0,0.0,5.47,0,0,0,1,30.0,0,26.649999999999977,Agricultural Burning,0,LOW,Agricultural Burning,96.72,96.72,0.41,0.0,0.0,0.0,0.0,2.87,Other Thermal Event,93.85,False,Confident Assessment,Majestic Lumber Mill,14.34,0.0,LOW
27.83167,95.92455,325.08,0.58,0.52,2026-09-26,608,N21,VIIRS,n,2.0NRT,292.93,5.44,D,VIIRS_NOAA21_NRT,0.0,0,,0.0,New / No Local History,1,57.58,Digboi Refinery,0,1050.5,0,57.58,0,Forest / Woodland,2,0,0.0,5.44,0,0,0,1,70.0,0,32.14999999999998,Agricultural Burning,0,LOW,Agricultural Burning,98.2,98.2,0.06,0.0,0.0,0.0,0.0,1.74,Other Thermal Event,96.46,False,Confident Assessment,Digboi Refinery,57.58,0.0,LOW
10.46607,79.25027,347.44,0.41,0.37,2026-09-26,822,N,VIIRS,n,2.0NRT,310.6,5.43,D,VIIRS_SNPP_NRT,0.0,0,,0.0,New / No Local History,1,35.78,Central Warehouse Corporation,0,153.63,0,73.11,0,Cropland / Agriculture,3,0,0.0,5.43,0,0,0,1,70.0,0,36.839999999999975,Agricultural Burning,0,LOW,Agricultural Burning,99.87,99.87,0.06,0.0,0.0,0.0,0.0,0.07,Other Thermal Event,99.81,False,Confident Assessment,Central Warehouse Corporation,35.78,0.0,LOW
31.8049,75.02044,336.74,0.4,0.37,2026-09-23,803,N20,VIIRS,n,2.0NRT,301.02,3.42,D,VIIRS_NOAA20_NRT,0.0,0,,0.0,New / No Local History,1,19.39,Unnamed Industrial Feature,0,418.24,0,182.76,0,Cropland / Agriculture,3,0,0.0,3.42,0,0,0,1,70.0,0,35.72000000000003,Agricultural Burning,0,LOW,Agricultural Burning,99.9,99.9,0.06,0.0,0.0,0.0,0.0,0.04,Forest / Wildfire,99.84,False,Confident Assessment,Unnamed Industrial Feature,19.39,0.0,LOW
33.10006,73.7309,339.93,0.42,0.37,2026-09-23,803,N20,VIIRS,n,2.0NRT,300.89,3.37,D,VIIRS_NOAA20_NRT,0.0,0,,0.0,New / No Local History,1,187.4,Kathua Industrial Area,0,605.22,0,347.56,0,Other,4,0,0.0,3.37,0,0,0,1,70.0,0,39.04000000000002,Agricultural Burning,0,LOW,Agricultural Burning,98.36,98.36,0.8,0.0,0.0,0.0,0.25,0.59,Forest / Wildfire,97.55,False,Confident Assessment,Kathua Industrial Area,187.4,0.0,LOW
33.10345,73.73013,347.45,0.42,0.37,2026-09-23,803,N20,VIIRS,n,2.0NRT,299.93,3.37,D,VIIRS_NOAA20_NRT,0.0,0,,0.0,New / No Local History,1,187.62,Kathua Industrial Area,0,605.57,0,347.93,0,Other,4,0,0.0,3.37,0,0,0,1,70.0,0,47.51999999999998,Agricultural Burning,0,LOW,Agricultural Burning,97.42,97.42,1.03,0.0,0.0,0.0,0.25,1.3,Other Thermal Event,96.12,False,Confident Assessment,Kathua Industrial Area,187.62,0.0,LOW
9.7041,77.67243,333.88,0.38,0.36,2026-09-26,822,N,VIIRS,l,2.0NRT,305.39,5.37,D,VIIRS_SNPP_NRT,0.0,0,,0.0,New / No Local History,1,36.69,Unnamed Industrial Feature,0,56.12,0,116.49,0,Other,4,0,0.0,5.37,0,0,0,1,30.0,0,28.49000000000001,Agricultural Burning,0,LOW,Agricultural Burning,98.88,98.88,0.0,0.0,0.0,0.0,0.0,1.12,Other Thermal Event,97.76,False,Confident Assessment,Unnamed Industrial Feature,36.69,0.0,LOW
9.70794,77.67541,343.31,0.38,0.36,2026-09-26,822,N,VIIRS,n,2.0NRT,305.63,5.37,D,VIIRS_SNPP_NRT,0.0,0,,0.0,New / No Local History,1,37.12,Unnamed Industrial Feature,0,56.52,0,116.96,0,Other,4,0,0.0,5.37,0,0,0,1,70.0,0,37.68000000000001,Agricultural Burning,0,LOW,Agricultural Burning,99.57,99.57,0.0,0.0,0.0,0.0,0.0,0.43,Other Thermal Event,99.14,False,Confident Assessment,Unnamed Industrial Feature,37.12,0.0,LOW
30.49965,75.93306,346.53,0.44,0.63,2026-09-23,848,N21,VIIRS,n,2.0NRT,297.92,12.66,D,VIIRS_NOAA21_NRT,0.0,0,,0.0,New / No Local History,1,23.55,Unnamed Industrial Feature,0,249.15,0,24.78,0,Cropland / Agriculture,3,0,0.0,12.66,0,0,0,1,70.0,0,48.60999999999996,Agricultural Burning,5,LOW,Agricultural Burning,91.73,91.73,6.57,0.34,0.0,0.0,0.17,1.19,Forest / Wildfire,85.17,False,Confident Assessment,Unnamed Industrial Feature,23.55,0.0,LOW
30.12758,74.46244,350.12,0.42,0.38,2026-09-23,801,N20,VIIRS,n,2.0NRT,305.79,11.09,D,VIIRS_NOAA20_NRT,0.0,0,,0.0,New / No Local History,1,44.7,Ambuja Fly Ash Cement Plant,0,323.23,0,50.14,0,Cropland / Agriculture,3,0,0.0,11.09,0,0,0,1,70.0,0,44.329999999999984,Agricultural Burning,0,LOW,Agricultural Burning,97.62,97.62,1.75,0.0,0.0,0.0,0.0,0.62,Forest / Wildfire,95.87,False,Confident Assessment,Ambuja Fly Ash Cement Plant,44.7,0.0,LOW
30.131,74.46166,355.45,0.42,0.38,2026-09-23,801,N20,VIIRS,l,2.0NRT,308.18,11.09,D,VIIRS_NOAA20_NRT,0.0,0,,0.0,New / No Local History,1,44.68,Ambuja Fly Ash Cement Plant,0,323.49,0,50.19,0,Cropland / Agriculture,3,0,0.0,11.09,0,0,0,1,30.0,0,47.26999999999998,Agricultural Burning,0,LOW,Agricultural Burning,96.01,96.01,3.14,0.0,0.0,0.0,0.0,0.84,Forest / Wildfire,92.87,False,Confident Assessment,Ambuja Fly Ash Cement Plant,44.68,0.0,LOW
10.10535,77.7984,340.96,0.39,0.36,2026-09-26,822,N,VIIRS,n,2.0NRT,304.09,5.6,D,VIIRS_SNPP_NRT,0.0,0,,0.0,New / No Local History,1,35.75,Chicken shop,0,88.31,0,129.11,0,Cropland / Agriculture,3,0,0.0,5.6,0,0,0,1,70.0,0,36.870000000000005,Agricultural Burning,0,LOW,Agricultural Burning,99.33,99.33,0.27,0.0,0.0,0.0,0.0,0.4,Other Thermal Event,98.93,False,Confident Assessment,Chicken shop,35.75,0.0,LOW
31.40663,75.02548,336.47,0.44,0.39,2026-09-26,750,N21,VIIRS,n,2.0NRT,301.31,5.59,D,VIIRS_NOAA21_NRT,0.0,0,,0.0,New / No Local History,1,31.61,Rail Coach Factory - RCF Kapurthala,0,381.21,0,138.5,0,Cropland / Agriculture,3,0,0.0,5.59,0,0,0,1,70.0,0,35.160000000000025,Agricultural Burning,0,LOW,Agricultural Burning,99.87,99.87,0.06,0.0,0.0,0.0,0.0,0.07,Other Thermal Event,99.8,False,Confident Assessment,Rail Coach Factory - RCF Kapurthala,31.61,0.0,LOW
31.41012,75.02464,344.46,0.44,0.39,2026-09-26,750,N21,VIIRS,n,2.0NRT,301.16,5.59,D,VIIRS_NOAA21_NRT,0.0,0,,0.0,New / No Local History,1,31.82,Rail Coach Factory - RCF Kapurthala,0,381.57,0,138.89,0,Cropland / Agriculture,3,0,0.0,5.59,0,0,0,1,70.0,0,43.29999999999996,Agricultural Burning,0,LOW,Agricultural Burning,99.5,99.5,0.06,0.0,0.0,0.0,0.0,0.44,Other Thermal Event,99.06,False,Confident Assessment,Rail Coach Factory - RCF Kapurthala,31.82,0.0,LOW
8.83951,77.94158,336.76,0.33,0.55,2026-09-23,839,N21,VIIRS,n,2.0NRT,296.24,10.74,D,VIIRS_NOAA21_NRT,0.0,0,,0.0,New / No Local History,1,23.06,SPIC Tuticorin Fertilizers,0,120.33,0,145.71,0,Other,4,0,0.0,10.74,0,0,0,1,70.0,0,40.51999999999998,Agricultural Burning,0,LOW,Agricultural Burning,96.29,96.29,1.88,0.0,0.75,0.23,0.0,0.85,Forest / Wildfire,94.42,False,Confident Assessment,SPIC Tuticorin Fertilizers,23.06,0.0,LOW
8.83991,77.94456,367.0,0.33,0.55,2026-09-23,839,N21,VIIRS,h,2.0NRT,298.06,10.74,D,VIIRS_NOAA21_NRT,0.0,0,,0.0,New / No Local History,1,22.74,SPIC Tuticorin Fertilizers,0,120.52,0,146.0,0,Other,4,0,0.0,10.74,0,0,0,1,95.0,0,68.94,Agricultural Burning,5,LOW,Agricultural Burning,91.38,91.38,5.43,0.0,1.12,0.23,0.0,1.83,Forest / Wildfire,85.95,False,Confident Assessment,SPIC Tuticorin Fertilizers,22.74,0.0,LOW
26.63767,72.26295,345.85,0.39,0.44,2026-09-23,801,N20,VIIRS,n,2.0NRT,315.78,9.69,D,VIIRS_NOAA20_NRT,0.0,0,,0.0,New / No Local History,1,53.7,Unnamed Industrial Feature,0,214.25,0,124.04,0,Other,4,0,0.0,9.69,0,0,0,1,70.0,0,30.07000000000005,Agricultural Burning,0,LOW,Agricultural Burning,97.89,97.89,0.06,0.0,0.75,0.23,0.0,1.06,Other Thermal Event,96.83,False,Confident Assessment,Unnamed Industrial Feature,53.7,0.0,LOW
28.0389,75.06685,343.65,0.42,0.38,2026-09-23,801,N20,VIIRS,n,2.0NRT,313.23,8.84,D,VIIRS_NOAA20_NRT,0.0,0,,0.0,New / No Local History,1,32.19,Unnamed Industrial Feature,0,227.46,0,236.17,0,Cropland / Agriculture,3,0,0.0,8.84,0,0,0,1,70.0,0,30.41999999999996,Agricultural Burning,0,LOW,Agricultural Burning,98.26,98.26,1.09,0.0,0.4,0.0,0.0,0.26,Forest / Wildfire,97.18,False,Confident Assessment,Unnamed Industrial Feature,32.19,0.0,LOW
30.50104,75.93659,336.25,0.44,0.63,2026-09-23,848,N21,VIIRS,n,2.0NRT,296.76,8.51,D,VIIRS_NOAA21_NRT,0.0,0,,0.0,New / No Local History,1,23.38,Unnamed Industrial Feature,0,249.1,0,24.64,0,Cropland / Agriculture,3,0,0.0,8.51,0,0,0,1,70.0,0,39.49000000000001,Agricultural Burning,0,LOW,Agricultural Burning,98.01,98.01,0.43,0.34,0.0,0.0,0.17,1.05,Other Thermal Event,96.96,False,Confident Assessment,Unnamed Industrial Feature,23.38,0.0,LOW
30.50076,75.93196,330.24,0.44,0.63,2026-09-23,848,N21,VIIRS,n,2.0NRT,297.13,8.09,D,VIIRS_NOAA21_NRT,0.0,0,,0.0,New / No Local History,1,23.71,Unnamed Industrial Feature,0,249.32,0,24.94,0,Cropland / Agriculture,3,0,0.0,8.09,0,0,0,1,70.0,0,33.110000000000014,Agricultural Burning,0,LOW,Agricultural Burning,97.96,97.96,0.43,0.0,0.0,0.0,0.0,1.61,Other Thermal Event,96.36,False,Confident Assessment,Unnamed Industrial Feature,23.71,0.0,LOW
10.63384,78.84853,340.95,0.4,0.37,2026-09-26,822,N,VIIRS,l,2.0NRT,312.25,5.43,D,VIIRS_SNPP_NRT,0.0,0,,0.0,New / No Local History,1,11.74,Masfab Engineering Technology,0,159.61,0,109.87,0,Cropland / Agriculture,3,0,0.0,5.43,0,0,0,1,30.0,0,28.69999999999999,Agricultural Burning,0,LOW,Agricultural Burning,98.87,98.87,0.4,0.0,0.0,0.0,0.0,0.73,Other Thermal Event,98.14,False,Confident Assessment,Masfab Engineering Technology,11.74,0.0,LOW
9.54364,77.79539,346.46,0.38,0.36,2026-09-26,822,N,VIIRS,n,2.0NRT,311.06,5.38,D,VIIRS_SNPP_NRT,10.83,2,0.4749881574594967,-50.32317636195752,Persistent / Reduced,1,22.78,Unnamed Industrial Feature,0,68.96,0,123.81,0,Other,4,1,-50.32317636195752,0.45,0,0,1,0,70.0,0,35.39999999999998,Agricultural Burning,0,LOW,Agricultural Burning,94.71,94.71,0.0,0.0,0.0,0.0,0.03,5.26,Other Thermal Event,89.44,False,Confident Assessment,Unnamed Industrial Feature,22.78,0.0,LOW
8.91982,78.07803,367.0,0.34,0.56,2026-09-23,839,N21,VIIRS,h,2.0NRT,295.65,7.43,D,VIIRS_NOAA21_NRT,0.0,0,,0.0,New / No Local History,1,14.28,SPIC Tuticorin Fertilizers,0,125.66,0,157.26,0,Other,4,0,0.0,7.43,0,0,0,1,95.0,0,71.35000000000002,Agricultural Burning,5,LOW,Agricultural Burning,93.32,93.32,4.01,0.0,0.74,0.0,0.0,1.92,Forest / Wildfire,89.31,False,Confident Assessment,SPIC Tuticorin Fertilizers,14.28,0.0,LOW
26.63295,72.26003,345.97,0.39,0.44,2026-09-23,801,N20,VIIRS,l,2.0NRT,315.99,7.41,D,VIIRS_NOAA20_NRT,0.0,0,,0.0,New / No Local History,1,54.27,Unnamed Industrial Feature,0,213.66,0,123.47,0,Other,4,0,0.0,7.41,0,0,0,1,30.0,0,29.980000000000015,Agricultural Burning,0,LOW,Agricultural Burning,96.92,96.92,1.11,0.0,0.37,0.0,0.0,1.6,Other Thermal Event,95.31,False,Confident Assessment,Unnamed Industrial Feature,54.27,0.0,LOW
26.6337,72.26392,345.23,0.39,0.44,2026-09-23,801,N20,VIIRS,n,2.0NRT,315.0,7.22,D,VIIRS_NOAA20_NRT,0.0,0,,0.0,New / No Local History,1,54.11,Unnamed Industrial Feature,0,213.86,0,123.81,0,Other,4,0,0.0,7.22,0,0,0,1,70.0,0,30.230000000000015,Agricultural Burning,0,LOW,Agricultural Burning,98.63,98.63,0.06,0.0,0.37,0.0,0.0,0.94,Other Thermal Event,97.68,False,Confident Assessment,Unnamed Industrial Feature,54.11,0.0,LOW
8.91747,78.07575,332.13,0.52,0.42,2026-09-23,756,N20,VIIRS,l,2.0NRT,291.21,6.24,D,VIIRS_NOAA20_NRT,0.0,0,,0.0,New / No Local History,1,14.2,SPIC Tuticorin Fertilizers,0,125.62,0,157.09,0,Other,4,0,0.0,6.24,0,0,0,1,30.0,0,40.920000000000016,Agricultural Burning,0,LOW,Agricultural Burning,97.7,97.7,0.44,0.0,0.77,0.0,0.0,1.09,Other Thermal Event,96.61,False,Confident Assessment,SPIC Tuticorin Fertilizers,14.2,0.0,LOW
31.68953,75.25529,345.18,0.39,0.36,2026-09-23,803,N20,VIIRS,n,2.0NRT,300.61,5.6,D,VIIRS_NOAA20_NRT,0.0,0,,0.0,New / No Local History,1,35.19,Unnamed Industrial Feature,0,395.75,0,170.46,0,Cropland / Agriculture,3,0,0.0,5.6,0,0,0,1,70.0,0,44.56999999999999,Agricultural Burning,0,LOW,Agricultural Burning,98.82,98.82,0.31,0.0,0.0,0.0,0.0,0.87,Other Thermal Event,97.95,False,Confident Assessment,Unnamed Industrial Feature,35.19,0.0,LOW
27.24188,70.47696,357.8,0.45,0.63,2026-09-23,922,N,VIIRS,n,2.0NRT,314.24,5.37,D,VIIRS_SNPP_NRT,0.0,0,,0.0,New / No Local History,1,153.86,Giral Lignite Power Plant,0,293.02,0,174.56,0,Other,4,0,0.0,5.37,0,0,0,1,70.0,0,43.56,Agricultural Burning,0,LOW,Agricultural Burning,98.96,98.96,0.4,0.0,0.0,0.0,0.0,0.64,Other Thermal Event,98.31,False,Confident Assessment,Giral Lignite Power Plant,153.86,0.0,LOW
26.63719,72.25947,349.0,0.48,0.64,2026-09-23,741,N,VIIRS,n,2.0NRT,307.83,5.35,D,VIIRS_SNPP_NRT,0.0,0,,0.0,New / No Local History,1,53.82,Unnamed Industrial Feature,0,214.09,0,123.75,0,Other,4,0,0.0,5.35,0,0,0,1,70.0,0,41.170000000000016,Agricultural Burning,0,LOW,Agricultural Burning,99.7,99.7,0.06,0.0,0.0,0.0,0.0,0.24,Other Thermal Event,99.46,False,Confident Assessment,Unnamed Industrial Feature,53.82,0.0,LOW
26.63729,72.26279,345.11,0.48,0.48,2026-09-23,845,N21,VIIRS,l,2.0NRT,316.12,10.89,D,VIIRS_NOAA21_NRT,0.0,0,,0.0,New / No Local History,1,53.74,Unnamed Industrial Feature,0,214.21,0,124.0,0,Other,4,0,0.0,10.89,0,0,0,1,30.0,0,28.99000000000001,Agricultural Burning,0,LOW,Agricultural Burning,95.27,95.27,1.81,0.0,0.75,0.23,0.0,1.93,Other Thermal Event,93.34,False,Confident Assessment,Unnamed Industrial Feature,53.74,0.0,LOW
28.13097,77.62788,334.92,0.38,0.36,2026-09-23,801,N20,VIIRS,n,2.0NRT,303.73,4.83,D,VIIRS_NOAA20_NRT,0.0,0,,0.0,New / No Local History,1,19.58,Unnamed Industrial Feature,0,61.27,0,71.15,0,Cropland / Agriculture,3,0,0.0,4.83,0,0,0,1,70.0,0,31.19,Agricultural Burning,0,LOW,Agricultural Burning,98.91,98.91,0.41,0.0,0.0,0.0,0.0,0.67,Other Thermal Event,98.24,False,Confident Assessment,Unnamed Industrial Feature,19.58,0.0,LOW
30.04757,74.77618,336.95,0.41,0.37,2026-09-23,801,N20,VIIRS,l,2.0NRT,307.17,4.55,D,VIIRS_NOAA20_NRT,0.0,0,,0.0,New / No Local History,1,22.29,Unnamed Industrial Feature,0,292.89,0,23.55,0,Cropland / Agriculture,3,0,0.0,4.55,0,0,0,1,30.0,0,29.779999999999973,Agricultural Burning,0,LOW,Agricultural Burning,96.96,96.96,0.69,0.0,0.0,0.0,0.0,2.34,Other Thermal Event,94.62,False,Confident Assessment,Unnamed Industrial Feature,22.29,0.0,LOW
8.91761,78.07673,367.0,0.34,0.56,2026-09-23,839,N21,VIIRS,h,2.0NRT,295.45,4.49,D,VIIRS_NOAA21_NRT,0.0,0,,0.0,New / No Local History,1,14.15,SPIC Tuticorin Fertilizers,0,125.7,0,157.19,0,Other,4,0,0.0,4.49,0,0,0,1,95.0,0,71.55000000000001,Agricultural Burning,5,LOW,Agricultural Burning,93.89,93.89,4.01,0.0,0.37,0.0,0.0,1.72,Forest / Wildfire,89.88,False,Confident Assessment,SPIC Tuticorin Fertilizers,14.15,0.0,LOW
28.39633,78.19869,332.71,0.39,0.36,2026-09-23,801,N20,VIIRS,n,2.0NRT,302.58,2.17,D,VIIRS_NOAA20_NRT,0.0,0,,0.0,New / No Local History,1,33.74,Narora Atomic Power Station,0,90.61,0,112.97,0,Cropland / Agriculture,3,0,0.0,2.17,0,0,0,1,70.0,0,30.129999999999995,Agricultural Burning,0,LOW,Agricultural Burning,99.19,99.19,0.06,0.0,0.0,0.0,0.0,0.74,Other Thermal Event,98.45,False,Confident Assessment,Narora Atomic Power Station,33.74,0.0,LOW
22.6736,75.88835,332.58,0.45,0.39,2026-09-23,758,N20,VIIRS,n,2.0NRT,303.36,2.16,D,VIIRS_NOAA20_NRT,0.0,0,,0.0,New / No Local History,1,20.76,Pithampur Industrial Area,0,287.07,0,281.09,0,Other,4,0,0.0,2.16,0,0,0,1,70.0,0,29.21999999999997,Agricultural Burning,0,LOW,Agricultural Burning,97.59,97.59,1.11,0.0,0.0,0.0,0.0,1.3,Other Thermal Event,96.28,False,Confident Assessment,Pithampur Industrial Area,20.76,0.0,LOW
31.48882,75.05522,311.48,0.41,0.45,2026-09-23,2110,N21,VIIRS,n,2.0NRT,294.42,2.03,N,VIIRS_NOAA21_NRT,0.0,0,,0.0,New / No Local History,1,26.3,Unnamed Industrial Feature,0,387.07,0,147.75,0,Cropland / Agriculture,3,0,0.0,2.03,0,0,0,1,70.0,1,17.060000000000002,Agricultural Burning,0,LOW,Agricultural Burning,98.27,98.27,0.38,0.0,0.0,0.0,0.0,1.34,Other Thermal Event,96.93,False,Confident Assessment,Unnamed Industrial Feature,26.3,0.0,LOW
31.36038,75.98373,330.14,0.39,0.36,2026-09-23,801,N20,VIIRS,l,2.0NRT,301.06,2.02,D,VIIRS_NOAA20_NRT,0.0,0,,0.0,New / No Local History,1,27.5,Unnamed Industrial Feature,0,332.01,0,113.21,0,Cropland / Agriculture,3,0,0.0,2.02,0,0,0,1,30.0,0,29.079999999999984,Agricultural Burning,0,LOW,Agricultural Burning,98.68,98.68,0.69,0.0,0.0,0.0,0.0,0.62,Forest / Wildfire,97.99,False,Confident Assessment,Unnamed Industrial Feature,27.5,0.0,LOW
31.48888,75.05453,320.27,0.42,0.46,2026-09-23,2025,N20,VIIRS,n,2.0NRT,294.66,1.95,N,VIIRS_NOAA20_NRT,0.0,0,,0.0,New / No Local History,1,26.25,Unnamed Industrial Feature,0,387.11,0,147.75,0,Cropland / Agriculture,3,0,0.0,1.95,0,0,0,1,70.0,1,25.60999999999996,Agricultural Burning,0,LOW,Agricultural Burning,98.76,98.76,0.38,0.0,0.0,0.0,0.0,0.85,Other Thermal Event,97.91,False,Confident Assessment,Unnamed Industrial Feature,26.25,0.0,LOW
24.21608,72.29987,331.13,0.45,0.47,2026-09-23,845,N21,VIIRS,l,2.0NRT,305.55,4.06,D,VIIRS_NOAA21_NRT,0.0,0,,0.0,New / No Local History,1,47.2,GT Agro Industries,0,96.77,0,126.49,0,Other,4,0,0.0,4.06,0,0,0,1,30.0,0,25.579999999999984,Agricultural Burning,0,LOW,Agricultural Burning,97.36,97.36,0.67,0.0,0.0,0.0,0.0,1.98,Other Thermal Event,95.38,False,Confident Assessment,GT Agro Industries,47.2,0.0,LOW
30.89486,74.52944,338.76,0.37,0.58,2026-09-23,848,N21,VIIRS,n,2.0NRT,297.08,4.06,D,VIIRS_NOAA21_NRT,0.0,0,,0.0,New / No Local History,1,80.86,National Fertilizer Limited,0,369.64,0,92.36,0,Cropland / Agriculture,3,0,0.0,4.06,0,0,0,1,70.0,0,41.68000000000001,Agricultural Burning,0,LOW,Agricultural Burning,99.87,99.87,0.06,0.0,0.0,0.0,0.0,0.06,Other Thermal Event,99.81,False,Confident Assessment,National Fertilizer Limited,80.86,0.0,LOW
28.92355,79.84691,330.51,0.48,0.4,2026-09-23,741,N,VIIRS,n,2.0NRT,296.67,3.88,D,VIIRS_SNPP_NRT,0.0,0,,0.0,New / No Local History,1,73.29,Bareilly Sleeper Treatment Plant,0,250.72,0,265.83,0,Cropland / Agriculture,3,0,0.0,3.88,0,0,0,1,70.0,0,33.839999999999975,Agricultural Burning,0,LOW,Agricultural Burning,98.54,98.54,1.43,0.0,0.0,0.0,0.0,0.03,Forest / Wildfire,97.12,False,Confident Assessment,Bareilly Sleeper Treatment Plant,73.29,0.0,LOW
27.77869,77.67394,341.58,0.43,0.46,2026-09-23,741,N,VIIRS,n,2.0NRT,302.25,5.25,D,VIIRS_SNPP_NRT,0.0,0,,0.0,New / No Local History,1,23.95,Unnamed Industrial Feature,0,98.47,0,31.83,0,Cropland / Agriculture,3,0,0.0,5.25,0,0,0,1,70.0,0,39.329999999999984,Agricultural Burning,0,LOW,Agricultural Burning,98.35,98.35,0.06,0.0,0.0,0.0,0.17,1.42,Other Thermal Event,96.93,False,Confident Assessment,Unnamed Industrial Feature,23.95,0.0,LOW
30.13025,74.45735,335.52,0.42,0.38,2026-09-23,801,N20,VIIRS,n,2.0NRT,305.29,5.16,D,VIIRS_NOAA20_NRT,0.0,0,,0.0,New / No Local History,1,45.1,Ambuja Fly Ash Cement Plant,0,323.8,0,50.61,0,Cropland / Agriculture,3,0,0.0,5.16,0,0,0,1,70.0,0,30.22999999999996,Agricultural Burning,0,LOW,Agricultural Burning,98.81,98.81,0.46,0.0,0.0,0.0,0.0,0.72,Other Thermal Event,98.09,False,Confident Assessment,Ambuja Fly Ash Cement Plant,45.1,0.0,LOW
31.87357,74.69193,340.2,0.53,0.5,2026-09-23,744,N,VIIRS,n,2.0NRT,297.89,5.08,D,VIIRS_SNPP_NRT,0.0,0,,0.0,New / No Local History,1,28.59,Unnamed Industrial Feature,0,441.82,0,192.37,0,Cropland / Agriculture,3,0,0.0,5.08,0,0,0,1,70.0,0,42.31,Agricultural Burning,0,LOW,Agricultural Burning,99.88,99.88,0.06,0.0,0.0,0.0,0.0,0.06,Other Thermal Event,99.82,False,Confident Assessment,Unnamed Industrial Feature,28.59,0.0,LOW
30.25396,74.25399,338.16,0.43,0.38,2026-09-23,801,N20,VIIRS,n,2.0NRT,305.08,4.92,D,VIIRS_NOAA20_NRT,0.0,0,,0.0,New / No Local History,1,63.15,Ambuja Fly Ash Cement Plant,0,347.64,0,70.75,0,Cropland / Agriculture,3,0,0.0,4.92,0,0,0,1,70.0,0,33.08000000000004,Agricultural Burning,0,LOW,Agricultural Burning,99.56,99.56,0.06,0.0,0.0,0.0,0.0,0.38,Other Thermal Event,99.18,False,Confident Assessment,Ambuja Fly Ash Cement Plant,63.15,0.0,LOW
25.56269,74.7977,354.14,0.33,0.56,2026-09-23,845,N21,VIIRS,n,2.0NRT,304.34,4.89,D,VIIRS_NOAA21_NRT,0.0,0,,0.0,New / No Local History,1,33.97,Unnamed Industrial Feature,0,171.48,0,347.17,0,Cropland / Agriculture,3,0,0.0,4.89,0,0,0,1,70.0,0,49.80000000000001,Agricultural Burning,0,LOW,Agricultural Burning,97.87,97.87,1.76,0.0,0.0,0.0,0.0,0.37,Forest / Wildfire,96.11,False,Confident Assessment,Unnamed Industrial Feature,33.97,0.0,LOW
30.2532,74.24962,340.57,0.43,0.38,2026-09-23,801,N20,VIIRS,n,2.0NRT,305.01,3.67,D,VIIRS_NOAA20_NRT,0.0,0,,0.0,New / No Local History,1,63.57,Ambuja Fly Ash Cement Plant,0,347.96,0,71.15,0,Cropland / Agriculture,3,0,0.0,3.67,0,0,0,1,70.0,0,35.56,Agricultural Burning,0,LOW,Agricultural Burning,99.59,99.59,0.06,0.0,0.0,0.0,0.0,0.35,Other Thermal Event,99.24,False,Confident Assessment,Ambuja Fly Ash Cement Plant,63.57,0.0,LOW
33.79535,74.92694,325.33,0.47,0.47,2026-09-23,744,N,VIIRS,l,2.0NRT,300.23,3.56,D,VIIRS_SNPP_NRT,0.0,0,,0.0,New / No Local History,1,166.83,Kathua Industrial Area,0,620.09,0,399.41,0,Other,4,0,0.0,3.56,0,0,0,1,30.0,0,25.09999999999997,Agricultural Burning,0,LOW,Agricultural Burning,95.49,95.49,2.4,0.0,0.0,0.0,0.0,2.11,Forest / Wildfire,93.09,False,Confident Assessment,Kathua Industrial Area,166.83,0.0,LOW
22.90878,75.58794,332.69,0.46,0.39,2026-09-23,758,N20,VIIRS,l,2.0NRT,303.47,3.5,D,VIIRS_NOAA20_NRT,0.0,0,,0.0,New / No Local History,1,33.57,Pithampur Industrial Area,0,246.67,0,255.94,0,Other,4,0,0.0,3.5,0,0,0,1,30.0,0,29.21999999999997,Agricultural Burning,0,LOW,Agricultural Burning,97.18,97.18,1.71,0.0,0.0,0.0,0.0,1.12,Forest / Wildfire,95.47,False,Confident Assessment,Pithampur Industrial Area,33.57,0.0,LOW
30.57632,76.99915,336.76,0.42,0.45,2026-09-23,744,N,VIIRS,n,2.0NRT,300.94,3.45,D,VIIRS_SNPP_NRT,0.0,0,,0.0,New / No Local History,1,18.46,Industrial Area Phase 1,0,221.57,0,87.59,0,Cropland / Agriculture,3,0,0.0,3.45,0,0,0,1,70.0,0,35.81999999999999,Agricultural Burning,0,LOW,Agricultural Burning,99.9,99.9,0.06,0.0,0.0,0.0,0.0,0.04,Forest / Wildfire,99.84,False,Confident Assessment,Industrial Area Phase 1,18.46,0.0,LOW
8.918,78.07979,332.21,0.34,0.56,2026-09-23,839,N21,VIIRS,n,2.0NRT,294.37,4.49,D,VIIRS_NOAA21_NRT,0.0,0,,0.0,New / No Local History,1,14.0,SPIC Tuticorin Fertilizers,0,125.94,0,157.5,0,Other,4,0,0.0,4.49,0,0,0,1,70.0,0,37.839999999999975,Agricultural Burning,0,LOW,Agricultural Burning,99.06,99.06,0.46,0.0,0.0,0.0,0.0,0.48,Other Thermal Event,98.57,False,Confident Assessment,SPIC Tuticorin Fertilizers,14.0,0.0,LOW
24.01024,71.30527,341.76,0.39,0.44,2026-09-23,845,N21,VIIRS,n,2.0NRT,306.38,4.45,D,VIIRS_NOAA21_NRT,0.0,0,,0.0,New / No Local History,1,93.35,Transtech Green Power Plant Sanchore,0,93.35,0,126.44,0,Other,4,0,0.0,4.45,0,0,0,1,70.0,0,35.379999999999995,Agricultural Burning,0,LOW,Agricultural Burning,98.72,98.72,0.27,0.0,0.0,0.0,0.0,1.01,Other Thermal Event,97.7,False,Confident Assessment,Transtech Green Power Plant Sanchore,93.35,0.0,LOW
8.91941,78.07498,332.18,0.34,0.56,2026-09-23,839,N21,VIIRS,n,2.0NRT,294.55,4.29,D,VIIRS_NOAA21_NRT,0.0,0,,0.0,New / No Local History,1,14.43,SPIC Tuticorin Fertilizers,0,125.42,0,156.95,0,Other,4,0,0.0,4.29,0,0,0,1,70.0,0,37.63,Agricultural Burning,0,LOW,Agricultural Burning,99.46,99.46,0.06,0.0,0.0,0.0,0.0,0.48,Other Thermal Event,98.97,False,Confident Assessment,SPIC Tuticorin Fertilizers,14.43,0.0,LOW
21.76612,84.02019,305.06,0.54,0.51,2026-09-23,1932,N21,VIIRS,n,2.0NRT,282.18,4.09,N,VIIRS_NOAA21_NRT,2.5425,24,0.0214376742053568,60.86529006882989,Abnormal Increase,1,0.45,Bhushan Power & Steel,1,113.03,0,15.53,0,Industrial,0,1,60.86529006882989,1.15,0,0,1,0,70.0,1,22.879999999999995,Normal Persistent Source,10,LOW,Normal Persistent Source,97.22,0.0,0.0,0.0,0.0,0.0,97.22,2.78,Other Thermal Event,94.43,False,Confident Assessment,Bhushan Power & Steel,0.45,0.0,LOW
22.97701,75.7805,336.94,0.36,0.57,2026-09-23,845,N21,VIIRS,n,2.0NRT,302.66,3.31,D,VIIRS_NOAA21_NRT,0.0,0,,0.0,New / No Local History,1,40.36,Pithampur Industrial Area,0,257.28,0,276.95,0,Other,4,0,0.0,3.31,0,0,0,1,70.0,0,34.27999999999997,Agricultural Burning,0,LOW,Agricultural Burning,98.95,98.95,0.74,0.0,0.0,0.0,0.0,0.32,Forest / Wildfire,98.21,False,Confident Assessment,Pithampur Industrial Area,40.36,0.0,LOW
21.76954,84.01743,304.47,0.54,0.51,2026-09-23,1932,N21,VIIRS,n,2.0NRT,283.49,3.29,N,VIIRS_NOAA21_NRT,2.5425,24,0.0864551225553705,29.400196656833828,Persistent / Stable,1,0.91,Bhushan Power & Steel,1,112.94,0,15.17,0,Industrial,0,1,29.400196656833828,0.93,0,0,1,0,70.0,1,20.980000000000015,Normal Persistent Source,0,LOW,Normal Persistent Source,99.48,0.0,0.0,0.0,0.0,0.0,99.48,0.52,Other Thermal Event,98.95,False,Confident Assessment,Bhushan Power & Steel,0.91,0.0,LOW
22.9768,75.77984,340.89,0.36,0.57,2026-09-23,845,N21,VIIRS,n,2.0NRT,302.68,3.18,D,VIIRS_NOAA21_NRT,0.0,0,,0.0,New / No Local History,1,40.32,Pithampur Industrial Area,0,257.24,0,276.88,0,Other,4,0,0.0,3.18,0,0,0,1,70.0,0,38.20999999999998,Agricultural Burning,0,LOW,Agricultural Burning,98.84,98.84,0.8,0.0,0.0,0.0,0.0,0.36,Forest / Wildfire,98.04,False,Confident Assessment,Pithampur Industrial Area,40.32,0.0,LOW
28.80413,76.91926,334.76,0.39,0.36,2026-09-23,801,N20,VIIRS,l,2.0NRT,305.59,3.16,D,VIIRS_NOAA20_NRT,0.0,0,,0.0,New / No Local History,1,10.94,Unnamed Industrial Feature,0,43.56,0,65.39,0,Cropland / Agriculture,3,0,0.0,3.16,0,0,0,1,30.0,0,29.170000000000016,Agricultural Burning,0,LOW,Agricultural Burning,99.29,99.29,0.35,0.0,0.0,0.0,0.0,0.35,Forest / Wildfire,98.94,False,Confident Assessment,Unnamed Industrial Feature,10.94,0.0,LOW
22.417,69.04057,338.06,0.43,0.38,2026-09-23,845,N21,VIIRS,n,2.0NRT,307.13,3.86,D,VIIRS_NOAA21_NRT,1.83375,8,0.0113091582503098,110.49761417859574,Abnormal Increase,1,2.88,TATA Chemicals,0,115.06,0,69.85,0,Other,4,1,110.49761417859574,1.36,0,1,1,0,70.0,0,30.930000000000007,Normal Persistent Source,5,LOW,Normal Persistent Source,67.34,1.23,0.37,0.0,3.56,0.54,67.34,26.96,Other Thermal Event,40.38,False,Confident Assessment,TATA Chemicals,2.88,0.0,LOW
31.45688,74.87747,332.45,0.4,0.37,2026-09-23,801,N20,VIIRS,n,2.0NRT,299.69,3.83,D,VIIRS_NOAA20_NRT,0.0,0,,0.0,New / No Local History,1,24.25,Unnamed Industrial Feature,0,394.03,0,144.38,0,Cropland / Agriculture,3,0,0.0,3.83,0,0,0,1,70.0,0,32.75999999999999,Agricultural Burning,0,LOW,Agricultural Burning,99.88,99.88,0.06,0.0,0.0,0.0,0.0,0.06,Forest / Wildfire,99.82,False,Confident Assessment,Unnamed Industrial Feature,24.25,0.0,LOW
21.92245,83.35098,330.61,0.42,0.38,2026-09-23,2010,N,VIIRS,n,2.0NRT,280.36,3.7,N,VIIRS_SNPP_NRT,2.8140740740740737,27,0.008158272008508,31.481968939194548,Persistent / Stable,1,0.65,Jindal Steel Works,1,74.36,0,69.92,0,Industrial,0,1,31.481968939194548,0.97,0,0,1,0,70.0,1,50.25,Normal Persistent Source,0,LOW,Normal Persistent Source,98.69,0.0,0.0,0.0,1.11,0.0,98.69,0.2,Industrial Fire,97.58,False,Confident Assessment,Jindal Steel Works,0.65,0.0,LOW
30.24977,74.25041,347.11,0.43,0.38,2026-09-23,801,N20,VIIRS,n,2.0NRT,305.4,3.67,D,VIIRS_NOAA20_NRT,0.0,0,,0.0,New / No Local History,1,63.48,Ambuja Fly Ash Cement Plant,0,347.7,0,71.03,0,Cropland / Agriculture,3,0,0.0,3.67,0,0,0,1,70.0,0,41.71000000000004,Agricultural Burning,0,LOW,Agricultural Burning,99.59,99.59,0.06,0.0,0.0,0.0,0.0,0.35,Other Thermal Event,99.24,False,Confident Assessment,Ambuja Fly Ash Cement Plant,63.48,0.0,LOW
22.41901,69.03748,314.07,0.39,0.59,2026-09-23,2027,N20,VIIRS,n,2.0NRT,296.21,1.58,N,VIIRS_NOAA20_NRT,1.83375,8,0.0167229484623364,-13.83776414451262,Persistent / Stable,1,2.81,TATA Chemicals,0,115.08,0,70.18,0,Other,4,1,-13.83776414451262,0.56,0,0,1,0,70.0,1,17.860000000000014,Normal Persistent Source,0,LOW,Normal Persistent Source,86.0,0.27,0.0,0.0,0.0,0.02,86.0,13.71,Other Thermal Event,72.29,False,Confident Assessment,TATA Chemicals,2.81,0.0,LOW
28.27911,77.27263,308.81,0.46,0.39,2026-09-23,2027,N20,VIIRS,n,2.0NRT,296.48,1.56,N,VIIRS_NOAA20_NRT,1.065,2,0.0617796236845993,46.47887323943663,Persistent / Stable,1,0.45,Unnamed Industrial Feature,1,35.91,0,95.95,0,Industrial,0,1,46.47887323943663,0.76,0,0,1,0,70.0,1,12.329999999999984,Normal Persistent Source,0,LOW,Normal Persistent Source,88.03,0.0,0.0,1.03,0.0,0.97,88.03,9.96,Other Thermal Event,78.07,False,Confident Assessment,Unnamed Industrial Feature,0.45,0.0,LOW
23.49771,68.57907,315.33,0.41,0.37,2026-09-23,2114,N21,VIIRS,n,2.0NRT,300.41,1.54,N,VIIRS_NOAA21_NRT,0.9533333333333333,3,0.0367511989043775,61.538461538461554,Abnormal Increase,1,0.14,Sanghi Cement,1,122.0,0,165.76,0,Industrial,0,1,61.538461538461554,0.79,0,0,1,0,70.0,1,14.91999999999996,Normal Persistent Source,10,LOW,Normal Persistent Source,89.86,0.04,0.0,0.0,0.0,4.07,89.86,6.03,Other Thermal Event,83.83,False,Confident Assessment,Sanghi Cement,0.14,0.0,LOW
23.28215,76.15114,334.62,0.43,0.38,2026-09-23,758,N20,VIIRS,n,2.0NRT,304.87,1.53,D,VIIRS_NOAA20_NRT,0.0,0,,0.0,New / No Local History,1,86.99,Pithampur Industrial Area,0,271.85,0,323.17,0,Other,4,0,0.0,1.53,0,0,0,1,70.0,0,29.75,Agricultural Burning,0,LOW,Agricultural Burning,97.16,97.16,1.1,0.0,0.0,0.0,0.39,1.35,Other Thermal Event,95.81,False,Confident Assessment,Pithampur Industrial Area,86.99,0.0,LOW
28.37028,77.26236,310.49,0.46,0.39,2026-09-23,2027,N20,VIIRS,n,2.0NRT,297.14,1.66,N,VIIRS_NOAA20_NRT,1.9188888888888889,9,0.0440325345511523,-13.491603937463816,Persistent / Stable,1,2.02,Unnamed Industrial Feature,1,25.94,0,105.65,0,Other,4,1,-13.491603937463816,0.57,0,0,1,0,70.0,1,13.350000000000025,Normal Persistent Source,0,LOW,Normal Persistent Source,97.89,0.0,0.0,0.32,0.0,0.0,97.89,1.79,Other Thermal Event,96.1,False,Confident Assessment,Unnamed Industrial Feature,2.02,0.0,LOW
28.71257,76.83175,308.29,0.48,0.4,2026-09-23,2027,N20,VIIRS,n,2.0NRT,296.79,1.66,N,VIIRS_NOAA20_NRT,1.6733333333333331,3,0.0604640361129249,-0.796812749003976,Persistent / Stable,1,5.5,Unnamed Industrial Feature,0,47.45,0,76.51,0,Cropland / Agriculture,3,1,-0.796812749003976,0.62,0,0,1,0,70.0,1,11.5,Agricultural Burning,0,LOW,Agricultural Burning,87.83,87.83,0.0,0.15,0.0,0.0,1.33,10.69,Other Thermal Event,77.14,False,Confident Assessment,Unnamed Industrial Feature,5.5,0.0,LOW
27.51587,78.42472,330.97,0.4,0.44,2026-09-23,741,N,VIIRS,n,2.0NRT,299.51,1.66,D,VIIRS_SNPP_NRT,0.0,0,,0.0,New / No Local History,1,23.75,Unnamed Industrial Feature,0,163.45,0,74.12,0,Cropland / Agriculture,3,0,0.0,1.66,0,0,0,1,70.0,0,31.46000000000004,Agricultural Burning,0,LOW,Agricultural Burning,99.86,99.86,0.06,0.0,0.0,0.0,0.0,0.08,Other Thermal Event,99.79,False,Confident Assessment,Unnamed Industrial Feature,23.75,0.0,LOW
21.919,83.3504,313.01,0.42,0.38,2026-09-23,2010,N,VIIRS,n,2.0NRT,277.89,1.66,N,VIIRS_SNPP_NRT,2.8140740740740737,27,0.0119293853080764,-41.01079231376678,Persistent / Stable,1,0.98,Jindal Steel Works,1,73.99,0,69.97,0,Industrial,0,1,-41.01079231376678,0.44,0,0,1,0,70.0,1,35.120000000000005,Normal Persistent Source,0,LOW,Normal Persistent Source,100.0,0.0,0.0,0.0,0.0,0.0,100.0,0.0,Other Thermal Event,99.99,False,Confident Assessment,Jindal Steel Works,0.98,0.0,LOW
31.8723,74.68575,332.25,0.4,0.37,2026-09-23,803,N20,VIIRS,n,2.0NRT,300.18,2.98,D,VIIRS_NOAA20_NRT,0.0,0,,0.0,New / No Local History,1,28.85,Unnamed Industrial Feature,0,442.04,0,192.31,0,Cropland / Agriculture,3,0,0.0,2.98,0,0,0,1,70.0,0,32.06999999999999,Agricultural Burning,0,LOW,Agricultural Burning,99.86,99.86,0.06,0.0,0.0,0.0,0.0,0.08,Other Thermal Event,99.78,False,Confident Assessment,Unnamed Industrial Feature,28.85,0.0,LOW
22.5447,75.89993,333.42,0.45,0.39,2026-09-23,758,N20,VIIRS,n,2.0NRT,302.96,2.94,D,VIIRS_NOAA20_NRT,0.0,0,,0.0,New / No Local History,1,22.9,Pithampur Industrial Area,0,297.53,0,280.69,0,Other,4,0,0.0,2.94,0,0,0,1,70.0,0,30.46000000000004,Agricultural Burning,0,LOW,Agricultural Burning,97.91,97.91,0.74,0.0,0.0,0.0,0.0,1.35,Other Thermal Event,96.56,False,Confident Assessment,Pithampur Industrial Area,22.9,0.0,LOW
22.63768,75.44591,330.41,0.47,0.4,2026-09-23,758,N20,VIIRS,l,2.0NRT,304.0,2.92,D,VIIRS_NOAA20_NRT,0.0,0,,0.0,New / No Local History,1,25.47,Pithampur Industrial Area,0,257.41,0,235.58,0,Other,4,0,0.0,2.92,0,0,0,1,30.0,0,26.410000000000025,Agricultural Burning,0,LOW,Agricultural Burning,97.61,97.61,1.1,0.0,0.0,0.0,0.0,1.29,Other Thermal Event,96.32,False,Confident Assessment,Pithampur Industrial Area,25.47,0.0,LOW
23.04512,75.70152,331.33,0.45,0.39,2026-09-23,758,N20,VIIRS,l,2.0NRT,304.98,2.9,D,VIIRS_NOAA20_NRT,0.0,0,,0.0,New / No Local History,1,46.94,Pithampur Industrial Area,0,246.27,0,271.28,0,Other,4,0,0.0,2.9,0,0,0,1,30.0,0,26.34999999999997,Agricultural Burning,0,LOW,Agricultural Burning,95.72,95.72,2.17,0.0,0.0,0.0,0.0,2.11,Forest / Wildfire,93.55,False,Confident Assessment,Pithampur Industrial Area,46.94,0.0,LOW
22.41532,69.0399,320.34,0.43,0.38,2026-09-23,2114,N21,VIIRS,n,2.0NRT,298.66,2.88,N,VIIRS_NOAA21_NRT,1.83375,8,0.0119675050867739,57.05521472392636,Abnormal Increase,1,2.71,TATA Chemicals,0,115.25,0,69.91,0,Other,4,1,57.05521472392636,1.02,0,0,1,0,70.0,1,21.67999999999995,Normal Persistent Source,0,LOW,Normal Persistent Source,83.76,0.53,0.0,0.0,0.0,0.11,83.76,15.6,Other Thermal Event,68.16,False,Confident Assessment,TATA Chemicals,2.71,0.0,LOW
27.51308,78.42581,330.4,0.39,0.36,2026-09-23,801,N20,VIIRS,n,2.0NRT,301.49,2.87,D,VIIRS_NOAA20_NRT,0.0,0,,0.0,New / No Local History,1,24.04,Unnamed Industrial Feature,0,163.75,0,74.22,0,Cropland / Agriculture,3,0,0.0,2.87,0,0,0,1,70.0,0,28.909999999999968,Agricultural Burning,0,LOW,Agricultural Burning,99.87,99.87,0.06,0.0,0.0,0.0,0.0,0.07,Other Thermal Event,99.8,False,Confident Assessment,Unnamed Industrial Feature,24.04,0.0,LOW
22.86753,75.37542,334.73,0.47,0.4,2026-09-23,758,N20,VIIRS,l,2.0NRT,306.62,2.75,D,VIIRS_NOAA20_NRT,0.0,0,,0.0,New / No Local History,1,42.47,Pithampur Industrial Area,0,233.87,0,233.73,0,Other,4,0,0.0,2.75,0,0,0,1,30.0,0,28.110000000000014,Agricultural Burning,0,LOW,Agricultural Burning,97.94,97.94,0.73,0.0,0.0,0.0,0.0,1.33,Other Thermal Event,96.6,False,Confident Assessment,Pithampur Industrial Area,42.47,0.0,LOW
26.63978,79.47709,303.35,0.6,0.71,2026-09-23,1932,N21,VIIRS,n,2.0NRT,285.52,1.61,N,VIIRS_NOAA21_NRT,1.842,5,0.0054814144203501,-12.59500542888164,Persistent / Stable,1,78.57,Unnamed Industrial Feature,0,305.79,0,202.17,0,Cropland / Agriculture,3,1,-12.59500542888164,0.57,0,0,1,0,70.0,1,17.83000000000004,Agricultural Burning,0,LOW,Agricultural Burning,89.81,89.81,0.0,0.05,0.0,0.06,0.27,9.81,Other Thermal Event,80.0,False,Confident Assessment,Unnamed Industrial Feature,78.57,0.0,LOW
22.41833,69.04184,307.33,0.62,0.54,2026-09-23,2150,N,VIIRS,n,2.0NRT,297.07,2.19,N,VIIRS_SNPP_NRT,1.83375,8,0.0198435957462377,19.42740286298567,Persistent / Stable,1,3.07,TATA Chemicals,0,114.86,0,69.73,0,Other,4,1,19.42740286298567,0.77,0,0,1,0,70.0,1,10.259999999999993,Normal Persistent Source,0,LOW,Normal Persistent Source,82.85,0.77,0.0,0.74,0.0,0.0,82.85,15.63,Other Thermal Event,67.22,False,Confident Assessment,TATA Chemicals,3.07,0.0,LOW
26.53399,77.68007,335.77,0.38,0.36,2026-09-23,801,N20,VIIRS,n,2.0NRT,301.7,2.72,D,VIIRS_NOAA20_NRT,0.0,0,,0.0,New / No Local History,1,29.23,Unnamed Industrial Feature,0,232.86,0,106.57,0,Cropland / Agriculture,3,0,0.0,2.72,0,0,0,1,70.0,0,34.06999999999999,Agricultural Burning,0,LOW,Agricultural Burning,99.86,99.86,0.06,0.0,0.0,0.0,0.0,0.08,Other Thermal Event,99.79,False,Confident Assessment,Unnamed Industrial Feature,29.23,0.0,LOW
22.61763,75.45729,335.56,0.34,0.56,2026-09-23,843,N21,VIIRS,n,2.0NRT,299.64,2.67,D,VIIRS_NOAA21_NRT,0.0,0,,0.0,New / No Local History,1,24.26,Pithampur Industrial Area,0,259.85,0,236.42,0,Other,4,0,0.0,2.67,0,0,0,1,70.0,0,35.920000000000016,Agricultural Burning,0,LOW,Agricultural Burning,99.03,99.03,0.44,0.0,0.0,0.0,0.0,0.53,Other Thermal Event,98.5,False,Confident Assessment,Pithampur Industrial Area,24.26,0.0,LOW
29.13685,76.68494,330.54,0.46,0.47,2026-09-23,744,N,VIIRS,n,2.0NRT,302.62,2.46,D,VIIRS_SNPP_NRT,0.0,0,,0.0,New / No Local History,1,30.02,Unnamed Industrial Feature,0,84.56,0,39.09,0,Cropland / Agriculture,3,0,0.0,2.46,0,0,0,1,70.0,0,27.920000000000016,Agricultural Burning,0,LOW,Agricultural Burning,98.88,98.88,0.06,0.0,0.0,0.0,0.0,1.06,Other Thermal Event,97.82,False,Confident Assessment,Unnamed Industrial Feature,30.02,0.0,LOW
29.77915,74.83432,339.14,0.41,0.37,2026-09-23,801,N20,VIIRS,n,2.0NRT,305.63,2.45,D,VIIRS_NOAA20_NRT,0.0,0,,0.0,New / No Local History,1,34.92,Unnamed Industrial Feature,0,272.94,0,44.85,0,Cropland / Agriculture,3,0,0.0,2.45,0,0,0,1,70.0,0,33.50999999999999,Agricultural Burning,0,LOW,Agricultural Burning,99.7,99.7,0.06,0.0,0.0,0.0,0.0,0.24,Other Thermal Event,99.46,False,Confident Assessment,Unnamed Industrial Feature,34.92,0.0,LOW
30.13441,74.46088,331.81,0.42,0.38,2026-09-23,801,N20,VIIRS,l,2.0NRT,305.79,2.36,D,VIIRS_NOAA20_NRT,0.0,0,,0.0,New / No Local History,1,44.65,Ambuja Fly Ash Cement Plant,0,323.75,0,50.24,0,Cropland / Agriculture,3,0,0.0,2.36,0,0,0,1,30.0,0,26.019999999999985,Agricultural Burning,0,LOW,Agricultural Burning,98.08,98.08,1.09,0.0,0.0,0.0,0.0,0.82,Forest / Wildfire,96.99,False,Confident Assessment,Ambuja Fly Ash Cement Plant,44.65,0.0,LOW
22.87031,75.41198,336.57,0.47,0.39,2026-09-23,758,N20,VIIRS,n,2.0NRT,305.75,2.34,D,VIIRS_NOAA20_NRT,0.0,0,,0.0,New / No Local History,1,39.88,Pithampur Industrial Area,0,236.31,0,237.42,0,Other,4,0,0.0,2.34,0,0,0,1,70.0,0,30.819999999999997,Agricultural Burning,0,LOW,Agricultural Burning,98.36,98.36,0.74,0.0,0.0,0.0,0.0,0.9,Other Thermal Event,97.46,False,Confident Assessment,Pithampur Industrial Area,39.88,0.0,LOW
26.358,70.7627,337.26,0.46,0.63,2026-09-23,922,N,VIIRS,l,2.0NRT,309.59,3.04,D,VIIRS_SNPP_NRT,0.0,0,,0.0,New / No Local History,1,60.17,Giral Lignite Power Plant,0,191.75,0,79.14,0,Other,4,0,0.0,3.04,0,0,0,1,30.0,0,27.670000000000016,Agricultural Burning,0,LOW,Agricultural Burning,98.46,98.46,0.35,0.0,0.0,0.0,0.0,1.19,Other Thermal Event,97.27,False,Confident Assessment,Giral Lignite Power Plant,60.17,0.0,LOW
27.95617,77.70888,331.32,0.38,0.36,2026-09-23,801,N20,VIIRS,l,2.0NRT,304.06,1.94,D,VIIRS_NOAA20_NRT,0.0,0,,0.0,New / No Local History,1,4.54,Unnamed Industrial Feature,0,82.08,0,51.68,0,Cropland / Agriculture,3,0,0.0,1.94,0,0,0,1,30.0,0,27.25999999999999,Agricultural Burning,0,LOW,Agricultural Burning,92.34,92.34,0.06,0.0,0.38,0.69,0.24,6.3,Other Thermal Event,86.04,False,Confident Assessment,Unnamed Industrial Feature,4.54,0.0,LOW
28.63872,78.51069,335.13,0.39,0.36,2026-09-23,801,N20,VIIRS,n,2.0NRT,302.64,2.28,D,VIIRS_NOAA20_NRT,0.0,0,,0.0,New / No Local History,1,54.68,Narora Atomic Power Station,0,118.13,0,151.63,0,Cropland / Agriculture,3,0,0.0,2.28,0,0,0,1,70.0,0,32.49000000000001,Agricultural Burning,0,LOW,Agricultural Burning,99.83,99.83,0.06,0.0,0.0,0.0,0.0,0.11,Other Thermal Event,99.73,False,Confident Assessment,Narora Atomic Power Station,54.68,0.0,LOW
24.00794,71.30653,340.89,0.5,0.49,2026-09-23,801,N20,VIIRS,n,2.0NRT,304.18,2.27,D,VIIRS_NOAA20_NRT,0.0,0,,0.0,New / No Local History,1,93.55,Transtech Green Power Plant Sanchore,0,93.55,0,126.16,0,Other,4,0,0.0,2.27,0,0,0,1,70.0,0,36.70999999999998,Agricultural Burning,0,LOW,Agricultural Burning,98.75,98.75,0.27,0.0,0.0,0.0,0.0,0.98,Other Thermal Event,97.77,False,Confident Assessment,Transtech Green Power Plant Sanchore,93.55,0.0,LOW
31.1066,74.60833,332.64,0.55,0.51,2026-09-23,744,N,VIIRS,n,2.0NRT,297.03,2.25,D,VIIRS_SNPP_NRT,0.0,0,,0.0,New / No Local History,1,68.39,Unnamed Industrial Feature,0,380.84,0,111.01,0,Cropland / Agriculture,3,0,0.0,2.25,0,0,0,1,70.0,0,35.610000000000014,Agricultural Burning,0,LOW,Agricultural Burning,99.85,99.85,0.06,0.0,0.0,0.0,0.0,0.09,Other Thermal Event,99.77,False,Confident Assessment,Unnamed Industrial Feature,68.39,0.0,LOW
22.41748,69.0394,310.11,0.62,0.54,2026-09-23,2150,N,VIIRS,n,2.0NRT,297.39,2.24,N,VIIRS_SNPP_NRT,1.83375,8,0.0493799848134669,22.15405589638718,Persistent / Stable,1,2.82,TATA Chemicals,0,115.09,0,69.97,0,Other,4,1,22.15405589638718,0.79,0,0,1,0,70.0,1,12.720000000000027,Normal Persistent Source,0,LOW,Normal Persistent Source,84.02,0.51,0.0,0.74,0.0,0.0,84.02,14.72,Other Thermal Event,69.3,False,Confident Assessment,TATA Chemicals,2.82,0.0,LOW
20.90861,71.4605,308.25,0.39,0.44,2026-09-23,2114,N21,VIIRS,n,2.0NRT,293.22,2.22,N,VIIRS_NOAA21_NRT,1.2485714285714289,14,0.0091880710027696,77.8032036613272,Abnormal Increase,1,0.11,Unnamed Industrial Feature,1,313.1,0,122.84,0,Industrial,0,1,77.8032036613272,0.99,0,0,1,0,70.0,1,15.029999999999973,Normal Persistent Source,10,LOW,Normal Persistent Source,91.71,0.11,0.0,0.0,0.0,3.43,91.71,4.74,Other Thermal Event,86.97,False,Confident Assessment,Unnamed Industrial Feature,0.11,0.0,LOW
22.96824,75.76083,334.39,0.45,0.39,2026-09-23,758,N20,VIIRS,l,2.0NRT,305.68,2.22,D,VIIRS_NOAA20_NRT,0.0,0,,0.0,New / No Local History,1,39.0,Pithampur Industrial Area,0,256.26,0,274.75,0,Other,4,0,0.0,2.22,0,0,0,1,30.0,0,28.70999999999998,Agricultural Burning,0,LOW,Agricultural Burning,96.15,96.15,2.42,0.0,0.0,0.0,0.0,1.43,Forest / Wildfire,93.73,False,Confident Assessment,Pithampur Industrial Area,39.0,0.0,LOW
29.12406,75.77972,309.24,0.5,0.49,2026-09-23,2112,N21,VIIRS,n,2.0NRT,297.07,2.21,N,VIIRS_NOAA21_NRT,1.276,5,0.0217094958155691,73.1974921630094,Abnormal Increase,1,0.35,Unnamed Industrial Feature,1,159.16,0,113.42,0,Industrial,0,1,73.1974921630094,0.97,0,0,1,0,70.0,1,12.170000000000016,Normal Persistent Source,10,LOW,Normal Persistent Source,83.41,0.26,0.0,1.03,0.0,2.09,83.41,13.2,Other Thermal Event,70.21,False,Confident Assessment,Unnamed Industrial Feature,0.35,0.0,LOW
27.94367,96.68913,342.4,0.53,0.42,2026-09-26,703,N20,VIIRS,n,2.0NRT,296.94,11.68,D,VIIRS_NOAA20_NRT,0.0,0,,0.0,New / No Local History,1,118.33,Unnamed Industrial Feature,0,1124.69,0,121.69,0,Forest / Woodland,2,0,0.0,11.68,0,0,0,1,70.0,0,45.45999999999998,Agricultural Burning,0,LOW,Agricultural Burning,93.9,93.9,4.33,0.0,0.0,0.0,0.0,1.76,Forest / Wildfire,89.57,False,Confident Assessment,Unnamed Industrial Feature,118.33,0.0,LOW
27.95154,96.69492,343.55,0.4,0.37,2026-09-26,646,N,VIIRS,n,2.0NRT,298.37,11.89,D,VIIRS_SNPP_NRT,0.0,0,,0.0,New / No Local History,1,119.32,Unnamed Industrial Feature,0,1125.54,0,122.63,0,Forest / Woodland,2,0,0.0,11.89,0,0,0,1,70.0,0,45.18000000000001,Agricultural Burning,0,LOW,Agricultural Burning,93.92,93.92,4.33,0.0,0.0,0.0,0.0,1.75,Forest / Wildfire,89.59,False,Confident Assessment,Unnamed Industrial Feature,119.32,0.0,LOW
26.60048,72.62276,314.13,0.52,0.5,2026-09-23,2027,N20,VIIRS,n,2.0NRT,297.12,1.5,N,VIIRS_NOAA20_NRT,0.0,0,,0.0,New / No Local History,1,61.99,Unnamed Industrial Feature,0,224.38,0,150.1,0,Other,4,0,0.0,1.5,0,0,0,1,70.0,1,17.00999999999999,Agricultural Burning,0,LOW,Agricultural Burning,98.25,98.25,0.0,0.0,0.0,0.0,0.02,1.73,Other Thermal Event,96.52,False,Confident Assessment,Unnamed Industrial Feature,61.99,0.0,LOW
27.94767,96.68968,343.84,0.53,0.42,2026-09-26,703,N20,VIIRS,n,2.0NRT,296.97,12.16,D,VIIRS_NOAA20_NRT,0.0,0,,0.0,New / No Local History,1,118.64,Unnamed Industrial Feature,0,1124.9,0,121.97,0,Forest / Woodland,2,0,0.0,12.16,0,0,0,1,70.0,0,46.86999999999995,Agricultural Burning,5,LOW,Agricultural Burning,93.5,93.5,4.73,0.0,0.0,0.0,0.0,1.76,Forest / Wildfire,88.77,False,Confident Assessment,Unnamed Industrial Feature,118.64,0.0,LOW
27.76327,96.31621,346.08,0.51,0.41,2026-09-26,703,N20,VIIRS,n,2.0NRT,297.43,12.99,D,VIIRS_NOAA20_NRT,0.0,0,,0.0,New / No Local History,1,77.27,Unnamed Industrial Feature,0,1083.19,0,79.94,0,Forest / Woodland,2,0,0.0,12.99,0,0,0,1,70.0,0,48.64999999999998,Agricultural Burning,5,LOW,Agricultural Burning,90.42,90.42,8.14,0.0,0.0,0.0,0.0,1.44,Forest / Wildfire,82.28,False,Confident Assessment,Unnamed Industrial Feature,77.27,0.0,LOW
12.79066,79.92429,338.35,0.46,0.39,2026-09-26,822,N,VIIRS,n,2.0NRT,303.34,3.15,D,VIIRS_SNPP_NRT,0.0,0,,0.0,New / No Local History,1,9.3,Unnamed Industrial Feature,0,33.5,0,51.97,0,Cropland / Agriculture,3,0,0.0,3.15,0,0,0,1,70.0,0,35.01000000000005,Agricultural Burning,0,LOW,Agricultural Burning,98.78,98.78,0.35,0.0,0.0,0.0,0.0,0.86,Other Thermal Event,97.92,False,Confident Assessment,Unnamed Industrial Feature,9.3,0.0,LOW
9.69627,77.82104,341.06,0.38,0.36,2026-09-26,822,N,VIIRS,l,2.0NRT,314.53,8.06,D,VIIRS_SNPP_NRT,5.503333333333334,3,0.0496610217454121,46.45669291338582,Persistent / Stable,1,39.07,Unnamed Industrial Feature,0,72.06,0,131.33,0,Other,4,1,46.45669291338582,1.24,0,0,1,0,30.0,0,26.53000000000003,Agricultural Burning,0,LOW,Agricultural Burning,91.15,91.15,0.61,0.0,0.0,0.32,0.31,7.61,Other Thermal Event,83.54,False,Confident Assessment,Unnamed Industrial Feature,39.07,0.0,LOW
10.5495,79.61602,338.72,0.5,0.41,2026-09-26,744,N21,VIIRS,l,2.0NRT,309.36,9.34,D,VIIRS_NOAA21_NRT,0.0,0,,0.0,New / No Local History,1,21.11,Majestic Lumber Mill,0,134.65,0,34.81,0,Cropland / Agriculture,3,0,0.0,9.34,0,0,0,1,30.0,0,29.360000000000014,Agricultural Burning,0,LOW,Agricultural Burning,97.08,97.08,1.56,0.0,0.0,0.0,0.0,1.36,Forest / Wildfire,95.52,False,Confident Assessment,Majestic Lumber Mill,21.11,0.0,LOW
27.84951,96.82346,335.26,0.54,0.42,2026-09-26,703,N20,VIIRS,n,2.0NRT,297.0,7.96,D,VIIRS_NOAA20_NRT,0.0,0,,0.0,New / No Local History,1,123.6,Unnamed Industrial Feature,0,1133.13,0,128.66,0,Forest / Woodland,2,0,0.0,7.96,0,0,0,1,70.0,0,38.25999999999999,Agricultural Burning,0,LOW,Agricultural Burning,98.67,98.67,0.06,0.0,0.0,0.0,0.0,1.27,Other Thermal Event,97.41,False,Confident Assessment,Unnamed Industrial Feature,123.6,0.0,LOW
9.39067,77.6126,350.62,0.46,0.47,2026-09-26,744,N21,VIIRS,n,2.0NRT,309.03,7.92,D,VIIRS_NOAA21_NRT,8.175,2,0.3016441889781637,-3.119266055045881,Persistent / Stable,1,7.48,Unnamed Industrial Feature,0,54.24,0,101.17,0,Other,4,1,-3.119266055045881,0.86,0,0,1,0,70.0,0,41.59000000000003,Agricultural Burning,0,LOW,Agricultural Burning,97.31,97.31,0.0,0.0,0.0,0.0,0.0,2.69,Other Thermal Event,94.63,False,Confident Assessment,Unnamed Industrial Feature,7.48,0.0,LOW
27.95342,96.66106,325.39,0.53,0.5,2026-09-26,608,N21,VIIRS,n,2.0NRT,293.33,7.82,D,VIIRS_NOAA21_NRT,0.0,0,,0.0,New / No Local History,1,116.82,Unnamed Industrial Feature,0,1122.54,0,119.9,0,Forest / Woodland,2,0,0.0,7.82,0,0,0,1,70.0,0,32.06,Agricultural Burning,0,LOW,Agricultural Burning,98.6,98.6,0.06,0.0,0.0,0.0,0.0,1.34,Other Thermal Event,97.25,False,Confident Assessment,Unnamed Industrial Feature,116.82,0.0,LOW
9.35552,77.89056,336.37,0.44,0.46,2026-09-26,744,N21,VIIRS,l,2.0NRT,307.88,7.71,D,VIIRS_NOAA21_NRT,0.0,0,,0.0,New / No Local History,1,19.47,Unnamed Industrial Feature,0,83.89,0,131.26,0,Other,4,0,0.0,7.71,0,0,0,1,30.0,0,28.49000000000001,Agricultural Burning,0,LOW,Agricultural Burning,96.83,96.83,1.38,0.0,0.37,0.0,0.0,1.42,Other Thermal Event,95.41,False,Confident Assessment,Unnamed Industrial Feature,19.47,0.0,LOW
28.04967,96.9743,349.03,0.4,0.37,2026-09-26,646,N,VIIRS,n,2.0NRT,303.84,7.7,D,VIIRS_SNPP_NRT,0.0,0,,0.0,New / No Local History,1,147.96,Unnamed Industrial Feature,0,1155.06,0,151.84,0,Forest / Woodland,2,0,0.0,7.7,0,0,0,1,70.0,0,45.19,Agricultural Burning,0,LOW,Agricultural Burning,96.97,96.97,0.65,0.0,0.0,0.0,0.0,2.38,Other Thermal Event,94.59,False,Confident Assessment,Unnamed Industrial Feature,147.96,0.0,LOW
10.90152,79.74362,336.23,0.49,0.4,2026-09-26,746,N21,VIIRS,n,2.0NRT,306.58,7.68,D,VIIRS_NOAA21_NRT,0.0,0,,0.0,New / No Local History,1,18.59,CPCL Nagapattinam,0,94.54,0,18.59,0,Cropland / Agriculture,3,0,0.0,7.68,0,0,0,1,70.0,0,29.650000000000038,Agricultural Burning,0,LOW,Agricultural Burning,96.9,96.9,0.78,0.0,0.0,0.0,0.0,2.31,Other Thermal Event,94.59,False,Confident Assessment,CPCL Nagapattinam,18.59,0.0,LOW
10.90518,79.74301,341.17,0.49,0.4,2026-09-26,746,N21,VIIRS,n,2.0NRT,305.7,7.68,D,VIIRS_NOAA21_NRT,0.0,0,,0.0,New / No Local History,1,18.95,CPCL Nagapattinam,0,94.13,0,18.95,0,Cropland / Agriculture,3,0,0.0,7.68,0,0,0,1,70.0,0,35.47000000000003,Agricultural Burning,0,LOW,Agricultural Burning,97.52,97.52,0.78,0.0,0.0,0.0,0.17,1.52,Other Thermal Event,96.0,False,Confident Assessment,CPCL Nagapattinam,18.95,0.0,LOW
9.47696,78.64985,339.91,0.39,0.36,2026-09-26,822,N,VIIRS,n,2.0NRT,308.04,7.68,D,VIIRS_SNPP_NRT,0.0,0,,0.0,New / No Local History,1,77.25,Tourist bus parking,0,162.95,0,194.15,0,Other,4,0,0.0,7.68,0,0,0,1,70.0,0,31.870000000000005,Agricultural Burning,0,LOW,Agricultural Burning,98.78,98.78,0.06,0.0,0.77,0.0,0.0,0.39,Industrial Fire,98.02,False,Confident Assessment,Tourist bus parking,77.25,0.0,LOW
28.8934,78.85721,304.01,0.57,0.52,2026-09-23,2008,N,VIIRS,n,2.0NRT,293.6,0.75,N,VIIRS_SNPP_NRT,0.0,0,,0.0,New / No Local History,1,74.34,Bareilly Sleeper Treatment Plant,0,155.14,0,192.05,0,Cropland / Agriculture,3,0,0.0,0.75,0,0,0,1,70.0,1,10.409999999999968,Agricultural Burning,0,LOW,Agricultural Burning,99.73,99.73,0.0,0.0,0.0,0.0,0.0,0.27,Other Thermal Event,99.47,False,Confident Assessment,Bareilly Sleeper Treatment Plant,74.34,0.0,LOW
23.77815,86.39127,298.39,0.66,0.73,2026-09-26,1910,N,VIIRS,n,2.0NRT,284.69,3.37,N,VIIRS_SNPP_NRT,2.217785234899329,149,0.013232879679094,51.95339688303827,Abnormal Increase,1,4.33,Unnamed Industrial Feature,0,4.43,1,186.85,0,Other,4,1,51.95339688303827,1.05,0,0,1,0,70.0,1,13.699999999999989,Mining Activity,5,LOW,Mining Activity,96.4,0.0,0.0,0.48,0.02,96.4,0.99,2.11,Other Thermal Event,94.29,False,Confident Assessment,Unnamed Industrial Feature,4.33,0.0,LOW
20.9641,86.00256,305.17,0.65,0.73,2026-09-26,1910,N,VIIRS,n,2.0NRT,288.04,3.36,N,VIIRS_SNPP_NRT,3.863999999999999,45,0.0010091731423687,-13.043478260869538,Persistent / Stable,1,1.07,TATA Steel,1,81.28,0,99.41,0,Industrial,0,1,-13.043478260869538,0.69,0,0,1,0,70.0,1,17.129999999999995,Normal Persistent Source,0,LOW,Normal Persistent Source,100.0,0.0,0.0,0.0,0.0,0.0,100.0,0.0,Other Thermal Event,100.0,False,Confident Assessment,TATA Steel,1.07,0.0,LOW
26.5539,90.5797,330.99,0.55,0.51,2026-09-26,646,N,VIIRS,n,2.0NRT,292.04,3.28,D,VIIRS_SNPP_NRT,0.0,0,,0.0,New / No Local History,1,6.14,Bongaigaon Refinery,0,518.02,0,6.14,0,Other,4,0,0.0,3.28,0,0,0,1,70.0,0,38.94999999999999,Agricultural Burning,0,LOW,Agricultural Burning,90.64,90.64,0.45,3.55,0.35,0.29,0.88,3.85,Other Thermal Event,86.79,False,Confident Assessment,Bongaigaon Refinery,6.14,0.0,LOW
35.67908,73.6643,340.82,0.59,0.53,2026-09-26,848,N20,VIIRS,n,2.0NRT,300.37,7.07,D,VIIRS_NOAA20_NRT,8.0,1,0.0653870399487604,-11.624999999999996,Single Historical Detection,1,404.99,Kathua Industrial Area,0,858.11,0,625.71,0,Other,4,1,-11.624999999999996,0.79,0,0,0,0,70.0,0,40.44999999999999,Agricultural Burning,0,LOW,Agricultural Burning,96.71,96.71,0.0,0.0,0.0,0.0,0.37,2.92,Other Thermal Event,93.79,False,Confident Assessment,Kathua Industrial Area,404.99,0.0,LOW
10.37486,79.26812,343.2,0.41,0.37,2026-09-26,822,N,VIIRS,n,2.0NRT,310.65,7.06,D,VIIRS_SNPP_NRT,6.725,2,0.5158944668214418,4.981412639405204,Persistent / Stable,1,45.91,Central Warehouse Corporation,0,162.45,0,76.67,0,Cropland / Agriculture,3,1,4.981412639405204,0.91,0,0,1,0,70.0,0,32.55000000000001,Agricultural Burning,0,LOW,Agricultural Burning,99.52,99.52,0.0,0.0,0.0,0.0,0.0,0.48,Other Thermal Event,99.05,False,Confident Assessment,Central Warehouse Corporation,45.91,0.0,LOW
27.92986,96.9493,334.43,0.51,0.49,2026-09-26,608,N21,VIIRS,n,2.0NRT,295.02,7.03,D,VIIRS_NOAA21_NRT,0.0,0,,0.0,New / No Local History,1,138.78,Unnamed Industrial Feature,0,1147.89,0,143.61,0,Forest / Woodland,2,0,0.0,7.03,0,0,0,1,70.0,0,39.410000000000025,Agricultural Burning,0,LOW,Agricultural Burning,98.6,98.6,0.06,0.0,0.0,0.0,0.0,1.33,Other Thermal Event,97.27,False,Confident Assessment,Unnamed Industrial Feature,138.78,0.0,LOW
27.93062,96.95289,334.79,0.51,0.49,2026-09-26,608,N21,VIIRS,n,2.0NRT,295.92,7.03,D,VIIRS_NOAA21_NRT,0.0,0,,0.0,New / No Local History,1,139.12,Unnamed Industrial Feature,0,1148.25,0,143.96,0,Forest / Woodland,2,0,0.0,7.03,0,0,0,1,70.0,0,38.870000000000005,Agricultural Burning,0,LOW,Agricultural Burning,98.6,98.6,0.06,0.0,0.0,0.0,0.0,1.33,Other Thermal Event,97.27,False,Confident Assessment,Unnamed Industrial Feature,139.12,0.0,LOW
22.8869,75.75343,330.97,0.45,0.39,2026-09-23,758,N20,VIIRS,l,2.0NRT,305.44,1.89,D,VIIRS_NOAA20_NRT,0.0,0,,0.0,New / No Local History,1,29.98,Pithampur Industrial Area,0,261.24,0,271.81,0,Other,4,0,0.0,1.89,0,0,0,1,30.0,0,25.53000000000003,Agricultural Burning,0,LOW,Agricultural Burning,96.16,96.16,1.77,0.0,0.0,0.0,0.0,2.07,Other Thermal Event,94.09,False,Confident Assessment,Pithampur Industrial Area,29.98,0.0,LOW
29.78326,74.83778,332.84,0.41,0.37,2026-09-23,801,N20,VIIRS,l,2.0NRT,305.36,1.87,D,VIIRS_NOAA20_NRT,0.0,0,,0.0,New / No Local History,1,35.08,Unnamed Industrial Feature,0,272.86,0,44.32,0,Cropland / Agriculture,3,0,0.0,1.87,0,0,0,1,30.0,0,27.47999999999996,Agricultural Burning,0,LOW,Agricultural Burning,98.83,98.83,0.69,0.0,0.0,0.0,0.0,0.47,Forest / Wildfire,98.14,False,Confident Assessment,Unnamed Industrial Feature,35.08,0.0,LOW
29.78398,74.842,334.03,0.41,0.37,2026-09-23,801,N20,VIIRS,l,2.0NRT,304.18,1.87,D,VIIRS_NOAA20_NRT,0.0,0,,0.0,New / No Local History,1,34.9,Unnamed Industrial Feature,0,272.54,0,44.11,0,Cropland / Agriculture,3,0,0.0,1.87,0,0,0,1,30.0,0,29.84999999999997,Agricultural Burning,0,LOW,Agricultural Burning,98.37,98.37,0.69,0.0,0.0,0.0,0.0,0.94,Other Thermal Event,97.43,False,Confident Assessment,Unnamed Industrial Feature,34.9,0.0,LOW
29.78665,74.83701,339.06,0.41,0.37,2026-09-23,801,N20,VIIRS,n,2.0NRT,305.27,1.87,D,VIIRS_NOAA20_NRT,0.0,0,,0.0,New / No Local History,1,35.43,Unnamed Industrial Feature,0,273.11,0,43.98,0,Cropland / Agriculture,3,0,0.0,1.87,0,0,0,1,70.0,0,33.79000000000002,Agricultural Burning,0,LOW,Agricultural Burning,99.66,99.66,0.06,0.0,0.0,0.0,0.0,0.28,Other Thermal Event,99.38,False,Confident Assessment,Unnamed Industrial Feature,35.43,0.0,LOW
27.62027,96.27795,329.58,0.5,0.41,2026-09-26,703,N20,VIIRS,n,2.0NRT,295.33,3.21,D,VIIRS_NOAA20_NRT,0.0,0,,0.0,New / No Local History,1,64.49,Unnamed Industrial Feature,0,1073.87,0,69.27,0,Forest / Woodland,2,0,0.0,3.21,0,0,0,1,70.0,0,34.25,Agricultural Burning,0,LOW,Agricultural Burning,98.09,98.09,0.06,0.0,0.0,0.0,0.0,1.85,Other Thermal Event,96.23,False,Confident Assessment,Unnamed Industrial Feature,64.49,0.0,LOW
9.70747,77.67725,336.68,0.5,0.49,2026-09-26,839,N20,VIIRS,n,2.0NRT,301.69,3.21,D,VIIRS_NOAA20_NRT,0.0,0,,0.0,New / No Local History,1,37.06,Unnamed Industrial Feature,0,56.71,0,117.13,0,Other,4,0,0.0,3.21,0,0,0,1,70.0,0,34.99000000000001,Agricultural Burning,0,LOW,Agricultural Burning,99.34,99.34,0.06,0.0,0.0,0.0,0.0,0.6,Other Thermal Event,98.73,False,Confident Assessment,Unnamed Industrial Feature,37.06,0.0,LOW
11.19537,78.07644,336.38,0.39,0.36,2026-09-26,822,N,VIIRS,l,2.0NRT,308.74,3.18,D,VIIRS_SNPP_NRT,0.0,0,,0.0,New / No Local History,1,18.13,TNPL Paper Mill,0,194.3,0,105.89,0,Cropland / Agriculture,3,0,0.0,3.18,0,0,0,1,30.0,0,27.639999999999983,Agricultural Burning,0,LOW,Agricultural Burning,98.87,98.87,0.69,0.0,0.0,0.0,0.0,0.44,Forest / Wildfire,98.17,False,Confident Assessment,TNPL Paper Mill,18.13,0.0,LOW
11.70279,79.28355,342.86,0.35,0.56,2026-09-26,841,N20,VIIRS,n,2.0NRT,300.17,3.16,D,VIIRS_NOAA20_NRT,0.0,0,,0.0,New / No Local History,1,24.22,Neyveli Lignite Corporation,0,52.89,0,120.71,0,Cropland / Agriculture,3,0,0.0,3.16,0,0,0,1,70.0,0,42.69,Agricultural Burning,0,LOW,Agricultural Burning,99.57,99.57,0.0,0.0,0.0,0.0,0.0,0.43,Other Thermal Event,99.14,False,Confident Assessment,Neyveli Lignite Corporation,24.22,0.0,LOW
10.25534,77.17133,304.24,0.39,0.36,2026-09-23,2032,N20,VIIRS,n,2.0NRT,287.25,0.43,N,VIIRS_NOAA20_NRT,0.0,0,,0.0,New / No Local History,1,17.58,Tata Tea Factory,0,71.97,0,86.46,0,Cropland / Agriculture,3,0,0.0,0.43,0,0,0,1,70.0,1,16.99000000000001,Agricultural Burning,0,LOW,Agricultural Burning,99.25,99.25,0.0,0.0,0.0,0.0,0.0,0.75,Other Thermal Event,98.5,False,Confident Assessment,Tata Tea Factory,17.58,0.0,LOW
23.51054,72.41356,307.45,0.47,0.64,2026-09-23,2150,N,VIIRS,n,2.0NRT,291.93,0.7,N,VIIRS_SNPP_NRT,2.19,1,0.0605669238716396,-68.0365296803653,Single Historical Detection,1,7.35,Nirma ltd,0,164.55,0,58.64,0,Other,4,1,-68.0365296803653,0.22,0,0,0,0,70.0,1,15.519999999999982,Agricultural Burning,0,LOW,Agricultural Burning,91.26,91.26,0.0,0.0,0.0,0.0,0.89,7.85,Other Thermal Event,83.41,False,Confident Assessment,Nirma ltd,7.35,0.0,LOW
22.26721,75.13126,306.53,0.41,0.61,2026-09-23,2010,N,VIIRS,n,2.0NRT,291.19,0.68,N,VIIRS_SNPP_NRT,0.86,2,0.2099746531567125,-20.93023255813953,Persistent / Stable,1,70.04,Pithampur Industrial Area,0,271.31,0,200.69,0,Other,4,1,-20.93023255813953,0.37,0,0,1,0,70.0,1,15.339999999999977,Agricultural Burning,0,LOW,Agricultural Burning,86.92,86.92,0.0,0.0,0.0,0.06,2.39,10.63,Other Thermal Event,76.29,False,Confident Assessment,Pithampur Industrial Area,70.04,0.0,LOW
31.48955,75.05499,306.21,0.44,0.63,2026-09-23,2148,N,VIIRS,n,2.0NRT,292.19,0.58,N,VIIRS_SNPP_NRT,0.0,0,,0.0,New / No Local History,1,26.22,Unnamed Industrial Feature,0,387.14,0,147.83,0,Cropland / Agriculture,3,0,0.0,0.58,0,0,0,1,70.0,1,14.019999999999982,Agricultural Burning,0,LOW,Agricultural Burning,99.78,99.78,0.0,0.0,0.0,0.0,0.0,0.22,Other Thermal Event,99.56,False,Confident Assessment,Unnamed Industrial Feature,26.22,0.0,LOW
23.56152,87.23101,337.32,0.44,0.46,2026-09-26,2017,N21,VIIRS,n,2.0NRT,292.29,7.0,N,VIIRS_NOAA21_NRT,2.9255263157894738,38,0.1630805350995577,139.2731852118377,Abnormal Increase,1,2.76,Durgapur Steel Thermal Power Station,0,84.96,0,190.67,0,Other,4,1,139.2731852118377,1.78,0,1,1,0,70.0,1,45.02999999999997,Normal Persistent Source,5,LOW,Normal Persistent Source,58.9,0.03,0.0,0.35,15.71,2.57,58.9,22.45,Other Thermal Event,36.45,True,Low Confidence (58.9%),Durgapur Steel Thermal Power Station,2.76,0.0,LOW
27.94901,96.70067,337.93,0.53,0.42,2026-09-26,703,N20,VIIRS,n,2.0NRT,296.16,6.99,D,VIIRS_NOAA20_NRT,0.0,0,,0.0,New / No Local History,1,119.59,Unnamed Industrial Feature,0,1125.96,0,122.97,0,Forest / Woodland,2,0,0.0,6.99,0,0,0,1,70.0,0,41.76999999999998,Agricultural Burning,0,LOW,Agricultural Burning,98.38,98.38,0.06,0.0,0.0,0.0,0.0,1.56,Other Thermal Event,96.82,False,Confident Assessment,Unnamed Industrial Feature,119.59,0.0,LOW
27.94908,96.68658,332.2,0.53,0.42,2026-09-26,703,N20,VIIRS,n,2.0NRT,297.91,6.97,D,VIIRS_NOAA20_NRT,0.0,0,,0.0,New / No Local History,1,118.5,Unnamed Industrial Feature,0,1124.68,0,121.78,0,Forest / Woodland,2,0,0.0,6.97,0,0,0,1,70.0,0,34.289999999999964,Agricultural Burning,0,LOW,Agricultural Burning,98.38,98.38,0.06,0.0,0.0,0.0,0.0,1.56,Other Thermal Event,96.82,False,Confident Assessment,Unnamed Industrial Feature,118.5,0.0,LOW
9.54514,77.90785,336.39,0.43,0.46,2026-09-26,744,N21,VIIRS,l,2.0NRT,309.23,6.95,D,VIIRS_NOAA21_NRT,0.0,0,,0.0,New / No Local History,1,31.52,Unnamed Industrial Feature,0,81.22,0,135.89,0,Other,4,0,0.0,6.95,0,0,0,1,30.0,0,27.159999999999968,Agricultural Burning,0,LOW,Agricultural Burning,97.3,97.3,0.65,0.0,0.37,0.0,0.0,1.68,Other Thermal Event,95.63,False,Confident Assessment,Unnamed Industrial Feature,31.52,0.0,LOW
25.11549,93.83469,307.6,0.45,0.63,2026-09-23,1845,N20,VIIRS,n,2.0NRT,286.29,1.28,N,VIIRS_NOAA20_NRT,0.0,0,,0.0,New / No Local History,1,28.75,Unnamed Industrial Feature,0,763.57,0,163.18,0,Forest / Woodland,2,0,0.0,1.28,0,0,0,1,70.0,1,21.31,Agricultural Burning,0,LOW,Agricultural Burning,98.46,98.46,0.0,0.0,0.0,0.0,0.02,1.53,Other Thermal Event,96.93,False,Confident Assessment,Unnamed Industrial Feature,28.75,0.0,LOW
28.03601,75.06429,334.31,0.61,0.53,2026-09-23,741,N,VIIRS,l,2.0NRT,307.28,1.24,D,VIIRS_SNPP_NRT,0.0,0,,0.0,New / No Local History,1,32.4,Unnamed Industrial Feature,0,227.8,0,236.49,0,Cropland / Agriculture,3,0,0.0,1.24,0,0,0,1,30.0,0,27.03000000000003,Agricultural Burning,0,LOW,Agricultural Burning,97.62,97.62,1.44,0.0,0.0,0.0,0.39,0.55,Forest / Wildfire,96.17,False,Confident Assessment,Unnamed Industrial Feature,32.4,0.0,LOW
23.77986,86.39027,306.67,0.51,0.49,2026-09-26,1932,N20,VIIRS,n,2.0NRT,289.49,3.27,N,VIIRS_NOAA20_NRT,2.20476821192053,151,0.0044342487738407,48.31491048900635,Persistent / Stable,1,4.38,Unnamed Industrial Feature,0,4.45,1,186.65,0,Other,4,1,48.31491048900635,1.02,0,0,1,0,70.0,1,17.180000000000007,Mining Activity,0,LOW,Mining Activity,99.1,0.0,0.0,0.0,0.02,99.1,0.37,0.52,Other Thermal Event,98.59,False,Confident Assessment,Unnamed Industrial Feature,4.38,0.0,LOW
10.4187,79.23825,338.75,0.33,0.55,2026-09-26,839,N20,VIIRS,n,2.0NRT,300.77,3.22,D,VIIRS_NOAA20_NRT,25.4975,4,1.5835555831291357,-87.3713109128346,Persistent / Reduced,1,40.22,Central Warehouse Corporation,0,159.02,0,76.8,0,Cropland / Agriculture,3,1,-87.3713109128346,0.12,0,0,1,0,70.0,0,37.98000000000002,Agricultural Burning,0,LOW,Agricultural Burning,86.5,86.5,3.59,0.0,0.0,0.0,0.18,9.73,Other Thermal Event,76.77,False,Confident Assessment,Central Warehouse Corporation,40.22,0.0,LOW
25.11131,93.83849,297.1,0.5,0.49,2026-09-23,2008,N,VIIRS,n,2.0NRT,284.72,0.55,N,VIIRS_SNPP_NRT,0.0,0,,0.0,New / No Local History,1,28.19,Unnamed Industrial Feature,0,763.87,0,163.66,0,Forest / Woodland,2,0,0.0,0.55,0,0,0,1,70.0,1,12.379999999999995,Agricultural Burning,0,LOW,Agricultural Burning,98.92,98.92,0.0,0.0,0.0,0.0,0.0,1.08,Other Thermal Event,97.85,False,Confident Assessment,Unnamed Industrial Feature,28.19,0.0,LOW
30.51824,77.20013,303.62,0.37,0.58,2026-09-23,2008,N,VIIRS,n,2.0NRT,291.76,0.55,N,VIIRS_SNPP_NRT,0.0,0,,0.0,New / No Local History,1,10.43,BIROJA FACTORY,0,213.4,0,104.87,0,Cropland / Agriculture,3,0,0.0,0.55,0,0,0,1,70.0,1,11.860000000000014,Agricultural Burning,0,LOW,Agricultural Burning,99.73,99.73,0.0,0.0,0.0,0.0,0.0,0.27,Other Thermal Event,99.46,False,Confident Assessment,BIROJA FACTORY,10.43,0.0,LOW
23.25722,70.26096,310.39,0.33,0.55,2026-09-23,2027,N20,VIIRS,n,2.0NRT,296.5,0.53,N,VIIRS_NOAA20_NRT,0.9633333333333334,3,0.0562056757800501,-44.982698961937714,Persistent / Stable,1,11.25,Unnamed Industrial Feature,0,53.57,0,89.27,0,Other,4,1,-44.982698961937714,0.27,0,0,1,0,70.0,1,13.889999999999986,Agricultural Burning,0,LOW,Agricultural Burning,84.25,84.25,0.0,0.0,0.0,0.02,3.22,12.51,Other Thermal Event,71.74,False,Confident Assessment,Unnamed Industrial Feature,11.25,0.0,LOW
21.87668,83.49562,297.98,0.41,0.37,2026-09-23,2010,N,VIIRS,n,2.0NRT,273.76,0.46,N,VIIRS_SNPP_NRT,1.6025,4,0.080486607930945,-71.29485179407176,Persistent / Reduced,1,5.41,Unnamed Industrial Feature,0,77.88,0,55.08,0,Other,4,1,-71.29485179407176,0.18,0,0,1,0,70.0,1,24.220000000000027,Agricultural Burning,0,LOW,Agricultural Burning,71.57,71.57,0.0,0.0,0.0,0.02,0.93,27.48,Other Thermal Event,44.1,False,Confident Assessment,Unnamed Industrial Feature,5.41,0.0,LOW
28.71347,76.83268,308.05,0.38,0.59,2026-09-23,2008,N,VIIRS,n,2.0NRT,295.68,0.86,N,VIIRS_SNPP_NRT,1.6733333333333331,3,0.03027575305182,-48.60557768924302,Persistent / Stable,1,5.42,Unnamed Industrial Feature,0,47.39,0,76.39,0,Cropland / Agriculture,3,1,-48.60557768924302,0.32,0,0,1,0,70.0,1,12.370000000000005,Agricultural Burning,0,LOW,Agricultural Burning,82.38,82.38,0.0,1.2,0.0,0.0,1.64,14.78,Other Thermal Event,67.6,False,Confident Assessment,Unnamed Industrial Feature,5.42,0.0,LOW
22.92669,69.82512,308.41,0.34,0.56,2026-09-23,2150,N,VIIRS,n,2.0NRT,297.32,0.8,N,VIIRS_SNPP_NRT,2.2266666666666666,3,0.0340292463024211,-64.07185628742515,Persistent / Reduced,1,14.4,Mundra Port Industrial SEZ,0,34.69,0,54.54,0,Other,4,1,-64.07185628742515,0.25,0,0,1,0,70.0,1,11.090000000000032,Agricultural Burning,0,LOW,Agricultural Burning,80.99,80.99,0.0,0.0,0.0,0.0,1.65,17.36,Other Thermal Event,63.63,False,Confident Assessment,Mundra Port Industrial SEZ,14.4,0.0,LOW
28.27665,77.27435,305.81,0.32,0.54,2026-09-23,2112,N21,VIIRS,n,2.0NRT,295.5,0.77,N,VIIRS_NOAA21_NRT,1.065,2,0.1067495125693412,-27.69953051643192,Persistent / Stable,1,0.19,Unnamed Industrial Feature,1,36.17,0,95.63,0,Industrial,0,1,-27.69953051643192,0.37,0,0,1,0,70.0,1,10.310000000000002,Normal Persistent Source,0,LOW,Normal Persistent Source,95.77,0.0,0.0,0.7,0.0,0.33,95.77,3.2,Other Thermal Event,92.57,False,Confident Assessment,Unnamed Industrial Feature,0.19,0.0,LOW
23.49903,68.57841,311.71,0.41,0.37,2026-09-23,2114,N21,VIIRS,n,2.0NRT,299.65,1.14,N,VIIRS_NOAA21_NRT,0.9533333333333333,3,0.0038457390611573,19.58041958041958,Persistent / Stable,1,0.24,Sanghi Cement,1,122.1,0,165.91,0,Industrial,0,1,19.58041958041958,0.58,0,0,1,0,70.0,1,12.060000000000002,Normal Persistent Source,0,LOW,Normal Persistent Source,91.89,0.4,0.0,0.75,0.0,0.35,91.89,6.61,Other Thermal Event,85.28,False,Confident Assessment,Sanghi Cement,0.24,0.0,LOW
24.00624,71.30584,330.69,0.39,0.44,2026-09-23,845,N21,VIIRS,l,2.0NRT,305.43,1.12,D,VIIRS_NOAA21_NRT,0.0,0,,0.0,New / No Local History,1,93.75,Transtech Green Power Plant Sanchore,0,93.75,0,126.05,0,Other,4,0,0.0,1.12,0,0,0,1,30.0,0,25.25999999999999,Agricultural Burning,0,LOW,Agricultural Burning,97.55,97.55,0.27,0.0,0.0,0.0,0.25,1.94,Other Thermal Event,95.61,False,Confident Assessment,Transtech Green Power Plant Sanchore,93.75,0.0,LOW
22.06565,83.70436,305.23,0.41,0.37,2026-09-23,2010,N,VIIRS,n,2.0NRT,275.49,1.05,N,VIIRS_SNPP_NRT,1.34,1,0.0989290227496293,-21.64179104477612,Single Historical Detection,1,18.79,Dongamahua Power Plant,0,107.74,0,37.87,0,Other,4,1,-21.64179104477612,0.45,0,0,0,0,70.0,1,29.74000000000001,Agricultural Burning,0,LOW,Agricultural Burning,93.47,93.47,0.0,0.0,0.0,0.0,0.81,5.72,Other Thermal Event,87.75,False,Confident Assessment,Dongamahua Power Plant,18.79,0.0,LOW
28.89342,78.85453,308.62,0.41,0.37,2026-09-23,2027,N20,VIIRS,n,2.0NRT,294.94,1.03,N,VIIRS_NOAA20_NRT,0.0,0,,0.0,New / No Local History,1,74.52,Bareilly Sleeper Treatment Plant,0,154.88,0,191.8,0,Cropland / Agriculture,3,0,0.0,1.03,0,0,0,1,70.0,1,13.680000000000009,Agricultural Burning,0,LOW,Agricultural Burning,99.89,99.89,0.0,0.0,0.0,0.0,0.0,0.11,Other Thermal Event,99.79,False,Confident Assessment,Bareilly Sleeper Treatment Plant,74.52,0.0,LOW
9.27542,77.92335,309.83,0.41,0.37,2026-09-23,2032,N20,VIIRS,n,2.0NRT,291.78,1.01,N,VIIRS_NOAA20_NRT,5.95,1,1.1853662700483245,-83.02521008403362,Single Historical Detection,1,11.67,Unnamed Industrial Feature,0,90.55,0,134.69,0,Other,4,1,-83.02521008403362,0.15,0,0,0,0,70.0,1,18.05000000000001,Agricultural Burning,0,LOW,Agricultural Burning,91.83,91.83,0.0,0.4,0.0,0.0,0.33,7.44,Other Thermal Event,84.4,False,Confident Assessment,Unnamed Industrial Feature,11.67,0.0,LOW
27.67282,96.2394,343.8,0.5,0.41,2026-09-26,703,N20,VIIRS,n,2.0NRT,295.44,9.18,D,VIIRS_NOAA20_NRT,0.0,0,,0.0,New / No Local History,1,64.96,Unnamed Industrial Feature,0,1072.45,0,68.35,0,Forest / Woodland,2,0,0.0,9.18,0,0,0,1,70.0,0,48.360000000000014,Agricultural Burning,0,LOW,Agricultural Burning,96.27,96.27,0.65,0.0,0.0,0.0,0.0,3.08,Other Thermal Event,93.19,False,Confident Assessment,Unnamed Industrial Feature,64.96,0.0,LOW
23.12794,69.90655,341.05,0.42,0.37,2026-09-26,843,N20,VIIRS,n,2.0NRT,308.12,9.01,D,VIIRS_NOAA20_NRT,0.0,0,,0.0,New / No Local History,1,16.17,Unnamed Industrial Feature,0,20.55,0,73.45,0,Other,4,0,0.0,9.01,0,0,0,1,70.0,0,32.93000000000001,Agricultural Burning,0,LOW,Agricultural Burning,94.39,94.39,1.11,0.0,0.37,0.23,0.0,3.89,Other Thermal Event,90.49,False,Confident Assessment,Unnamed Industrial Feature,16.17,0.0,LOW
27.84837,96.82487,333.52,0.54,0.42,2026-09-26,703,N20,VIIRS,n,2.0NRT,297.2,8.67,D,VIIRS_NOAA20_NRT,0.0,0,,0.0,New / No Local History,1,123.66,Unnamed Industrial Feature,0,1133.22,0,128.73,0,Forest / Woodland,2,0,0.0,8.67,0,0,0,1,70.0,0,36.31999999999999,Agricultural Burning,0,LOW,Agricultural Burning,98.92,98.92,0.06,0.0,0.0,0.0,0.0,1.02,Other Thermal Event,97.9,False,Confident Assessment,Unnamed Industrial Feature,123.66,0.0,LOW
26.64157,79.47591,312.06,0.39,0.36,2026-09-23,2027,N20,VIIRS,n,2.0NRT,291.69,0.98,N,VIIRS_NOAA20_NRT,1.842,5,0.0756361608514543,-46.79695982627579,Persistent / Stable,1,78.74,Unnamed Industrial Feature,0,305.57,0,201.97,0,Cropland / Agriculture,3,1,-46.79695982627579,0.34,0,0,1,0,70.0,1,20.370000000000005,Agricultural Burning,0,LOW,Agricultural Burning,90.69,90.69,0.0,0.05,0.0,0.06,0.28,8.92,Other Thermal Event,81.77,False,Confident Assessment,Unnamed Industrial Feature,78.74,0.0,LOW
22.26427,75.13342,303.88,0.41,0.61,2026-09-23,2010,N,VIIRS,n,2.0NRT,288.89,0.98,N,VIIRS_SNPP_NRT,0.86,2,0.0123946122909287,13.953488372093023,Persistent / Stable,1,70.04,Pithampur Industrial Area,0,271.71,0,200.92,0,Other,4,1,13.953488372093023,0.53,0,0,1,0,70.0,1,14.990000000000007,Agricultural Burning,0,LOW,Agricultural Burning,91.72,91.72,0.0,0.0,0.0,0.09,1.3,6.89,Other Thermal Event,84.82,False,Confident Assessment,Pithampur Industrial Area,70.04,0.0,LOW
28.17372,76.85616,305.54,0.37,0.58,2026-09-23,2008,N,VIIRS,n,2.0NRT,295.19,0.95,N,VIIRS_SNPP_NRT,0.0,0,,0.0,New / No Local History,1,3.07,Unnamed Industrial Feature,0,64.45,0,110.46,0,Cropland / Agriculture,3,0,0.0,0.95,0,0,0,1,70.0,1,10.350000000000025,Agricultural Burning,0,LOW,Other Thermal Event,55.96,29.21,0.0,1.93,1.1,0.0,11.8,55.96,Agricultural Burning,26.75,True,Low Confidence (56.0%),Unnamed Industrial Feature,3.07,0.0,LOW
23.33205,69.15276,331.8,0.34,0.56,2026-09-23,922,N,VIIRS,n,2.0NRT,301.84,0.91,D,VIIRS_SNPP_NRT,0.0,0,,0.0,New / No Local History,1,52.03,GSRTC Depot,0,60.85,0,114.96,0,Other,4,0,0.0,0.91,0,0,0,1,70.0,0,29.96000000000004,Agricultural Burning,0,LOW,Agricultural Burning,98.14,98.14,0.0,0.0,0.0,0.0,0.25,1.61,Other Thermal Event,96.52,False,Confident Assessment,GSRTC Depot,52.03,0.0,LOW
21.96508,83.77345,304.67,0.41,0.37,2026-09-23,2010,N,VIIRS,n,2.0NRT,283.88,0.89,N,VIIRS_SNPP_NRT,1.675,4,0.0960058656859337,-46.865671641791046,Persistent / Stable,1,9.53,Hemgir Coal Washery,0,104.49,0,27.13,0,Other,4,1,-46.865671641791046,0.33,0,0,1,0,70.0,1,20.79000000000002,Agricultural Burning,0,LOW,Agricultural Burning,85.02,85.02,0.0,0.0,0.0,0.02,0.92,14.03,Other Thermal Event,70.99,False,Confident Assessment,Hemgir Coal Washery,9.53,0.0,LOW
