latitude,longitude,bright_ti4,scan,track,acq_date,acq_time,satellite,instrument,confidence,version,bright_ti5,frp,daynight,firms_source,baseline_frp,historical_detections,nearest_historical_distance_km,frp_change_percent,persistence_status,is_current,dist_to_industry_km,nearest_industrial_facility,near_industry,dist_to_mining_km,near_mining,dist_to_gas_infrastructure_km,near_gas_infra,land_cover_context,land_cover_code,baseline_available,frp_anomaly_score,frp_ratio,high_frp,strong_anomaly,persistent_heat,new_event,confidence_score,is_night,brightness_diff,classification,risk_score,risk_category
8.44124,77.58891,334.02,0.39,0.6,2026-09-16,731,N21,VIIRS,n,2.0NRT,295.86,3.74,D,VIIRS_NOAA21_NRT,4.47,2,0.5973538504643602,-16.331096196868,Persistent / Stable,1,37.54,Madura Coats,0,76.04,0,136.24,0,Other,4,1,-16.331096196868,0.68,0,0,1,0,70.0,0,38.15999999999997,Agricultural Burning,0,LOW
8.44338,77.58873,344.77,0.39,0.59,2026-09-16,731,N21,VIIRS,n,2.0NRT,297.98,3.44,D,VIIRS_NOAA21_NRT,4.47,2,0.5774901135551865,-23.042505592841163,Persistent / Stable,1,37.34,Madura Coats,0,76.0,0,136.06,0,Other,4,1,-23.042505592841163,0.63,0,0,1,0,70.0,0,46.789999999999964,Agricultural Burning,0,LOW
8.49425,77.31149,335.27,0.41,0.61,2026-09-16,731,N21,VIIRS,n,2.0NRT,292.96,3.77,D,VIIRS_NOAA21_NRT,0.0,0,,0.0,New / No Local History,1,24.48,Madura Coats,0,45.25,0,111.49,0,Other,4,0,0.0,3.77,0,0,0,1,70.0,0,42.31,Agricultural Burning,0,LOW
8.49447,77.3097,337.41,0.41,0.61,2026-09-16,731,N21,VIIRS,n,2.0NRT,292.72,7.2,D,VIIRS_NOAA21_NRT,0.0,0,,0.0,New / No Local History,1,24.52,Madura Coats,0,45.05,0,111.35,0,Other,4,0,0.0,7.2,0,0,0,1,70.0,0,44.69,Agricultural Burning,0,LOW
8.60612,77.9716,332.61,0.37,0.58,2026-09-16,731,N21,VIIRS,n,2.0NRT,291.69,3.67,D,VIIRS_NOAA21_NRT,8.65,7,0.0341740711314073,-57.57225433526012,Persistent / Reduced,1,30.18,SPIC Tuticorin Fertilizers,0,118.41,0,159.49,0,Other,4,1,-57.57225433526012,0.38,0,0,1,0,70.0,0,40.920000000000016,Other Thermal Event,5,LOW
9.49923,78.90596,337.77,0.61,0.53,2026-09-16,731,N21,VIIRS,n,2.0NRT,295.87,5.95,D,VIIRS_NOAA21_NRT,0.0,0,,0.0,New / No Local History,1,99.36,Tourist bus parking,0,190.76,0,174.47,0,Other,4,0,0.0,5.95,0,0,0,1,70.0,0,41.89999999999998,Agricultural Burning,0,LOW
10.64368,79.77027,334.38,0.51,0.49,2026-09-16,731,N21,VIIRS,n,2.0NRT,300.85,7.67,D,VIIRS_NOAA21_NRT,0.0,0,,0.0,New / No Local History,1,15.97,CPCL Nagapattinam,0,123.17,0,15.97,0,Cropland / Agriculture,3,0,0.0,7.67,0,0,0,1,70.0,0,33.52999999999997,Agricultural Burning,0,LOW
10.81349,77.8304,330.86,0.34,0.56,2026-09-16,731,N21,VIIRS,n,2.0NRT,295.1,2.43,D,VIIRS_NOAA21_NRT,0.0,0,,0.0,New / No Local History,1,32.17,TNPL Paper Mill,0,152.29,0,85.2,0,Cropland / Agriculture,3,0,0.0,2.43,0,0,0,1,70.0,0,35.75999999999999,Agricultural Burning,0,LOW
10.8186,77.82951,330.66,0.34,0.56,2026-09-16,731,N21,VIIRS,n,2.0NRT,295.78,2.43,D,VIIRS_NOAA21_NRT,0.0,0,,0.0,New / No Local History,1,31.76,TNPL Paper Mill,0,152.74,0,84.95,0,Cropland / Agriculture,3,0,0.0,2.43,0,0,0,1,70.0,0,34.88000000000005,Agricultural Burning,0,LOW
10.86719,78.58047,335.21,0.61,0.53,2026-09-16,731,N21,VIIRS,n,2.0NRT,294.91,5.56,D,VIIRS_NOAA21_NRT,2.3366666666666664,3,0.5438859486456039,137.94579172610557,Abnormal Increase,1,15.82,Trichy Steel Company,0,162.48,0,138.55,0,Cropland / Agriculture,3,1,137.94579172610557,1.67,0,1,1,0,70.0,0,40.299999999999955,Other Thermal Event,30,LOW
10.88714,77.81318,331.23,0.34,0.56,2026-09-16,731,N21,VIIRS,n,2.0NRT,296.16,1.93,D,VIIRS_NOAA21_NRT,0.0,0,,0.0,New / No Local History,1,27.18,TNPL Paper Mill,0,158.69,0,81.42,0,Cropland / Agriculture,3,0,0.0,1.93,0,0,0,1,70.0,0,35.06999999999999,Agricultural Burning,0,LOW
11.06173,77.64268,339.3,0.35,0.57,2026-09-16,731,N21,VIIRS,n,2.0NRT,284.58,3.24,D,VIIRS_NOAA21_NRT,0.0,0,,0.0,New / No Local History,1,21.95,SIPCOT Perundurai,0,153.8,0,61.39,0,Cropland / Agriculture,3,0,0.0,3.24,0,0,0,1,70.0,0,54.72000000000003,Agricultural Burning,0,LOW
11.87182,79.46504,330.08,0.51,0.49,2026-09-16,731,N21,VIIRS,l,2.0NRT,302.41,9.82,D,VIIRS_NOAA21_NRT,0.0,0,,0.0,New / No Local History,1,30.34,Neyveli Lignite Corporation,0,35.47,0,129.62,0,Cropland / Agriculture,3,0,0.0,9.82,0,0,0,1,30.0,0,27.66999999999996,Agricultural Burning,0,LOW
12.04965,79.08607,333.65,0.54,0.51,2026-09-16,731,N21,VIIRS,n,2.0NRT,296.8,2.62,D,VIIRS_NOAA21_NRT,5.545,2,0.2335635682826234,-52.75022542831379,Persistent / Reduced,1,65.87,Neyveli Lignite Corporation,0,81.15,0,164.85,0,Cropland / Agriculture,3,1,-52.75022542831379,0.4,0,0,1,0,70.0,0,36.849999999999966,Agricultural Burning,0,LOW
12.21233,79.92786,330.48,0.47,0.48,2026-09-16,731,N21,VIIRS,n,2.0NRT,295.71,6.29,D,VIIRS_NOAA21_NRT,0.0,0,,0.0,New / No Local History,1,25.5,Workshop,0,54.16,0,107.09,0,Cropland / Agriculture,3,0,0.0,6.29,0,0,0,1,70.0,0,34.77000000000004,Agricultural Burning,0,LOW
12.51927,80.01708,340.55,0.46,0.47,2026-09-16,731,N21,VIIRS,n,2.0NRT,297.52,2.28,D,VIIRS_NOAA21_NRT,0.0,0,,0.0,New / No Local History,1,14.88,TNSTC Bus Depot,0,52.76,0,71.76,0,Cropland / Agriculture,3,0,0.0,2.28,0,0,0,1,70.0,0,43.03000000000003,Agricultural Burning,0,LOW
12.68042,79.69836,330.19,0.48,0.48,2026-09-16,731,N21,VIIRS,n,2.0NRT,292.45,4.07,D,VIIRS_NOAA21_NRT,3.51,1,1.6243672054912754,15.954415954415971,Single Historical Detection,1,33.12,Unnamed Industrial Feature,0,60.69,0,78.52,0,Cropland / Agriculture,3,1,15.954415954415971,0.9,0,0,0,0,70.0,0,37.74000000000001,Agricultural Burning,0,LOW
12.83684,79.94046,331.46,0.46,0.47,2026-09-16,733,N21,VIIRS,l,2.0NRT,302.78,5.83,D,VIIRS_NOAA21_NRT,4.685,6,0.0108492328490156,24.439701173959456,Persistent / Stable,1,11.52,Unnamed Industrial Feature,0,29.22,0,47.2,0,Cropland / Agriculture,3,1,24.439701173959456,1.03,0,0,1,0,30.0,0,28.680000000000007,Other Thermal Event,0,LOW
12.87949,79.90715,335.56,0.46,0.47,2026-09-16,733,N21,VIIRS,n,2.0NRT,299.47,5.66,D,VIIRS_NOAA21_NRT,4.634285714285714,7,0.1279205324918328,22.13316892725031,Persistent / Stable,1,12.79,Unnamed Industrial Feature,0,30.55,0,47.16,0,Cropland / Agriculture,3,1,22.13316892725031,1.0,0,0,1,0,70.0,0,36.089999999999975,Other Thermal Event,10,LOW
13.81175,79.52307,337.44,0.47,0.48,2026-09-16,733,N21,VIIRS,n,2.0NRT,301.83,4.73,D,VIIRS_NOAA21_NRT,0.0,0,,0.0,New / No Local History,1,24.05,TTD Transport Yard,0,108.78,0,107.87,0,Cropland / Agriculture,3,0,0.0,4.73,0,0,0,1,70.0,0,35.610000000000014,Agricultural Burning,0,LOW
14.04276,76.98208,330.99,0.34,0.56,2026-09-16,733,N21,VIIRS,l,2.0NRT,302.83,0.75,D,VIIRS_NOAA21_NRT,0.0,0,,0.0,New / No Local History,1,80.52,KMF Cattle Feed Plant,0,114.92,0,150.06,0,Forest / Woodland,2,0,0.0,0.75,0,0,0,1,30.0,0,28.160000000000025,Agricultural Burning,0,LOW
14.19667,79.81514,340.77,0.44,0.46,2026-09-16,733,N21,VIIRS,n,2.0NRT,298.39,5.77,D,VIIRS_NOAA21_NRT,0.0,0,,0.0,New / No Local History,1,20.63,Fodd Corporation of India Godowns,0,121.93,0,124.08,0,Cropland / Agriculture,3,0,0.0,5.77,0,0,0,1,70.0,0,42.379999999999995,Agricultural Burning,0,LOW
14.39017,77.74361,340.71,0.6,0.53,2026-09-16,733,N21,VIIRS,n,2.0NRT,297.82,4.77,D,VIIRS_NOAA21_NRT,6.8,1,1.724422038376458,-29.852941176470598,Single Historical Detection,1,96.48,Loco Shed,0,122.39,0,156.63,0,Cropland / Agriculture,3,1,-29.852941176470598,0.61,0,0,0,0,70.0,0,42.889999999999986,Agricultural Burning,0,LOW
14.4244,77.48332,333.6,0.62,0.54,2026-09-16,733,N21,VIIRS,n,2.0NRT,301.62,5.59,D,VIIRS_NOAA21_NRT,0.0,0,,0.0,New / No Local History,1,84.46,Loco Shed,0,100.88,0,164.74,0,Cropland / Agriculture,3,0,0.0,5.59,0,0,0,1,70.0,0,31.980000000000018,Agricultural Burning,0,LOW
14.50682,77.24043,342.42,0.32,0.55,2026-09-16,733,N21,VIIRS,n,2.0NRT,304.47,3.4,D,VIIRS_NOAA21_NRT,0.0,0,,0.0,New / No Local History,1,75.36,Loco Shed,0,79.38,0,181.35,0,Cropland / Agriculture,3,0,0.0,3.4,0,0,0,1,70.0,0,37.94999999999999,Agricultural Burning,0,LOW
14.54145,77.09679,331.26,0.33,0.55,2026-09-16,733,N21,VIIRS,l,2.0NRT,302.57,2.01,D,VIIRS_NOAA21_NRT,0.0,0,,0.0,New / No Local History,1,69.11,Bellary JSW Steel Plant,0,70.29,0,190.97,0,Cropland / Agriculture,3,0,0.0,2.01,0,0,0,1,30.0,0,28.689999999999998,Agricultural Burning,0,LOW
14.58803,76.82425,348.16,0.34,0.56,2026-09-16,733,N21,VIIRS,n,2.0NRT,301.0,2.94,D,VIIRS_NOAA21_NRT,0.0,0,,0.0,New / No Local History,1,53.09,NMDC Donimalai Iron Mine,0,53.09,0,209.53,0,Forest / Woodland,2,0,0.0,2.94,0,0,0,1,70.0,0,47.160000000000025,Agricultural Burning,0,LOW
14.59104,76.82299,347.92,0.34,0.56,2026-09-16,733,N21,VIIRS,n,2.0NRT,299.3,2.46,D,VIIRS_NOAA21_NRT,0.0,0,,0.0,New / No Local History,1,52.74,NMDC Donimalai Iron Mine,0,52.74,0,209.88,0,Forest / Woodland,2,0,0.0,2.46,0,0,0,1,70.0,0,48.620000000000005,Agricultural Burning,0,LOW
14.7588,77.25867,352.62,0.32,0.54,2026-09-16,733,N21,VIIRS,n,2.0NRT,293.86,17.12,D,VIIRS_NOAA21_NRT,0.0,0,,0.0,New / No Local History,1,47.5,Loco Shed,0,56.71,0,207.12,0,Cropland / Agriculture,3,0,0.0,17.12,0,0,0,1,70.0,0,58.75999999999999,Forest / Wildfire,15,LOW
14.906,79.90471,337.51,0.42,0.45,2026-09-16,733,N21,VIIRS,n,2.0NRT,300.35,4.29,D,VIIRS_NOAA21_NRT,0.0,0,,0.0,New / No Local History,1,27.14,COW Farm,0,193.14,0,196.68,0,Cropland / Agriculture,3,0,0.0,4.29,0,0,0,1,70.0,0,37.15999999999997,Agricultural Burning,0,LOW
14.91426,79.9032,331.17,0.42,0.45,2026-09-16,733,N21,VIIRS,n,2.0NRT,300.17,2.72,D,VIIRS_NOAA21_NRT,0.0,0,,0.0,New / No Local History,1,26.45,COW Farm,0,194.07,0,197.61,0,Cropland / Agriculture,3,0,0.0,2.72,0,0,0,1,70.0,0,31.0,Agricultural Burning,0,LOW
15.75853,76.95399,332.64,0.32,0.54,2026-09-16,733,N21,VIIRS,n,2.0NRT,301.89,2.05,D,VIIRS_NOAA21_NRT,0.0,0,,0.0,New / No Local History,1,36.45,Unnamed Industrial Feature,0,67.76,0,266.54,0,Forest / Woodland,2,0,0.0,2.05,0,0,0,1,70.0,0,30.75,Agricultural Burning,0,LOW
15.82572,80.0512,343.58,0.4,0.44,2026-09-16,733,N21,VIIRS,n,2.0NRT,302.11,6.16,D,VIIRS_NOAA21_NRT,0.0,0,,0.0,New / No Local History,1,24.5,kummitha's farm,0,291.56,0,231.1,0,Cropland / Agriculture,3,0,0.0,6.16,0,0,0,1,70.0,0,41.46999999999997,Agricultural Burning,0,LOW
15.9737,77.67783,330.84,0.57,0.52,2026-09-16,733,N21,VIIRS,n,2.0NRT,300.18,1.9,D,VIIRS_NOAA21_NRT,0.0,0,,0.0,New / No Local History,1,38.48,Unnamed Industrial Feature,0,122.39,0,198.9,0,Cropland / Agriculture,3,0,0.0,1.9,0,0,0,1,70.0,0,30.659999999999968,Agricultural Burning,0,LOW
16.12643,78.17873,341.69,0.52,0.5,2026-09-16,733,N21,VIIRS,n,2.0NRT,299.21,6.67,D,VIIRS_NOAA21_NRT,0.0,0,,0.0,New / No Local History,1,28.67,"TGSRTC  Bus Depot , Wanaparthy",0,173.07,0,159.07,0,Cropland / Agriculture,3,0,0.0,6.67,0,0,0,1,70.0,0,42.48000000000002,Agricultural Burning,0,LOW
17.58175,75.70808,343.72,0.36,0.57,2026-09-16,733,N21,VIIRS,n,2.0NRT,301.96,5.9,D,VIIRS_NOAA21_NRT,0.0,0,,0.0,New / No Local History,1,31.25,Hotgi Cement Works,0,299.72,0,318.99,0,Forest / Woodland,2,0,0.0,5.9,0,0,0,1,70.0,0,41.76000000000005,Agricultural Burning,0,LOW
17.61515,81.03552,332.9,0.5,0.41,2026-09-16,733,N21,VIIRS,n,2.0NRT,296.66,4.63,D,VIIRS_NOAA21_NRT,0.0,0,,0.0,New / No Local History,1,20.24,ITC,0,318.36,0,147.01,0,Other,4,0,0.0,4.63,0,0,0,1,70.0,0,36.23999999999995,Agricultural Burning,0,LOW
17.63124,77.90943,337.09,0.51,0.49,2026-09-16,733,N21,VIIRS,n,2.0NRT,298.84,8.61,D,VIIRS_NOAA21_NRT,5.42,1,0.1833586797382246,58.8560885608856,Abnormal Increase,1,17.11,Unnamed Industrial Feature,0,295.4,0,87.33,0,Other,4,1,58.8560885608856,1.34,0,0,0,0,70.0,0,38.25,Agricultural Burning,10,LOW
18.19524,83.86922,332.12,0.39,0.36,2026-09-16,733,N21,VIIRS,n,2.0NRT,296.03,2.84,D,VIIRS_NOAA21_NRT,0.0,0,,0.0,New / No Local History,1,9.2,Unnamed Industrial Feature,0,249.05,0,81.43,0,Other,4,0,0.0,2.84,0,0,0,1,70.0,0,36.09000000000003,Agricultural Burning,0,LOW
19.099,82.16589,335.32,0.43,0.38,2026-09-16,733,N21,VIIRS,l,2.0NRT,298.22,8.91,D,VIIRS_NOAA21_NRT,2.2891666666666666,36,0.014176711079224,289.2246086639971,Abnormal Increase,1,36.84,Unnamed Industrial Feature,0,182.87,0,75.39,0,Forest / Woodland,2,1,289.2246086639971,2.71,0,1,1,0,30.0,0,37.099999999999966,Other Thermal Event,30,LOW
19.60177,74.81393,332.88,0.37,0.58,2026-09-16,733,N21,VIIRS,n,2.0NRT,293.74,4.56,D,VIIRS_NOAA21_NRT,0.0,0,,0.0,New / No Local History,1,63.25,MIDC Aurangabad,0,471.07,0,205.41,0,Forest / Woodland,2,0,0.0,4.56,0,0,0,1,70.0,0,39.139999999999986,Agricultural Burning,0,LOW
20.79423,85.255,335.1,0.39,0.36,2026-09-16,733,N21,VIIRS,n,2.0NRT,300.34,5.87,D,VIIRS_NOAA21_NRT,4.153833333333335,60,0.0160050582660369,41.31525097299678,Persistent / Stable,1,1.27,Tata Steel Meramandali,1,17.7,0,152.53,0,Industrial,0,1,41.31525097299678,1.14,0,0,1,0,70.0,0,34.76000000000005,Normal Persistent Source,0,LOW
20.7981,85.25819,334.37,0.39,0.36,2026-09-16,733,N21,VIIRS,n,2.0NRT,299.53,5.87,D,VIIRS_NOAA21_NRT,4.153833333333335,60,0.0327206453429094,41.31525097299678,Persistent / Stable,1,0.73,Tata Steel Meramandali,1,17.35,0,152.39,0,Industrial,0,1,41.31525097299678,1.14,0,0,1,0,70.0,0,34.84000000000003,Normal Persistent Source,0,LOW
20.80806,85.25655,334.73,0.39,0.36,2026-09-16,733,N21,VIIRS,n,2.0NRT,301.38,4.88,D,VIIRS_NOAA21_NRT,4.153833333333335,60,0.0031447918553418,17.481844079765636,Persistent / Stable,1,0.34,Meramandali Power Station,1,16.23,0,152.98,0,Industrial,0,1,17.481844079765636,0.95,0,0,1,0,70.0,0,33.35000000000002,Normal Persistent Source,0,LOW
20.86371,84.98805,339.04,0.39,0.36,2026-09-16,733,N21,VIIRS,n,2.0NRT,297.56,4.32,D,VIIRS_NOAA21_NRT,3.015394736842105,76,0.0097061789257649,43.26482523890565,Persistent / Stable,1,1.3,Angul Steel Plant,1,25.93,0,152.55,0,Industrial,0,1,43.26482523890565,1.08,0,0,1,0,70.0,0,41.48000000000002,Normal Persistent Source,0,LOW
20.86481,84.99547,337.06,0.39,0.36,2026-09-16,733,N21,VIIRS,n,2.0NRT,298.84,4.78,D,VIIRS_NOAA21_NRT,3.038266666666666,75,0.0120893589017799,57.32654583753899,Abnormal Increase,1,1.45,Angul Steel Plant,1,25.17,0,152.95,0,Industrial,0,1,57.32654583753899,1.18,0,0,1,0,70.0,0,38.22000000000003,Normal Persistent Source,10,LOW
20.86757,84.99119,331.0,0.39,0.36,2026-09-16,733,N21,VIIRS,n,2.0NRT,298.78,4.78,D,VIIRS_NOAA21_NRT,3.015394736842105,76,0.0074380226429213,58.519876074529854,Abnormal Increase,1,0.96,Angul Steel Plant,1,25.47,0,152.43,0,Industrial,0,1,58.519876074529854,1.19,0,0,1,0,70.0,0,32.22000000000003,Normal Persistent Source,10,LOW
20.88686,84.98418,333.33,0.39,0.36,2026-09-16,733,N21,VIIRS,n,2.0NRT,300.52,6.36,D,VIIRS_NOAA21_NRT,3.015394736842105,76,0.0182848975637945,110.91765937949998,Abnormal Increase,1,1.19,Unnamed Industrial Feature,1,25.48,0,150.33,0,Industrial,0,1,110.91765937949998,1.58,0,1,1,0,70.0,0,32.81,Normal Persistent Source,20,LOW
20.88962,84.97992,335.2,0.39,0.36,2026-09-16,733,N21,VIIRS,n,2.0NRT,299.68,4.47,D,VIIRS_NOAA21_NRT,3.015394736842105,76,0.0008733229116601,48.23929833747874,Persistent / Stable,1,0.77,Unnamed Industrial Feature,1,25.82,0,149.81,0,Industrial,0,1,48.23929833747874,1.11,0,0,1,0,70.0,0,35.51999999999998,Normal Persistent Source,0,LOW
20.9612,85.18865,332.66,0.39,0.36,2026-09-16,733,N21,VIIRS,n,2.0NRT,302.05,6.09,D,VIIRS_NOAA21_NRT,3.680487804878048,82,0.002197362954677,65.46719681908554,Abnormal Increase,1,4.85,NTPC Talcher Thermal Power,0,3.49,1,159.42,0,Mining,1,1,65.46719681908554,1.3,0,0,1,0,70.0,0,30.610000000000014,Mining Activity,5,LOW
20.96235,85.17316,330.74,0.39,0.36,2026-09-16,733,N21,VIIRS,n,2.0NRT,298.24,3.24,D,VIIRS_NOAA21_NRT,3.5599137931034472,116,0.0040086054371147,-8.9865601162368,Persistent / Stable,1,5.12,Unnamed Industrial Feature,0,5.05,0,158.14,0,Other,4,1,-8.9865601162368,0.71,0,0,1,0,70.0,0,32.5,Mining Activity,0,LOW
20.96398,85.18436,337.31,0.39,0.36,2026-09-16,733,N21,VIIRS,n,2.0NRT,302.04,6.83,D,VIIRS_NOAA21_NRT,3.602980769230769,104,0.0043574413449539,89.56526380400845,Abnormal Increase,1,5.36,NTPC Talcher Thermal Power,0,4.01,1,158.88,0,Other,4,1,89.56526380400845,1.48,0,0,1,0,70.0,0,35.26999999999998,Mining Activity,5,LOW
20.96452,85.1881,346.66,0.39,0.36,2026-09-16,733,N21,VIIRS,n,2.0NRT,302.41,6.09,D,VIIRS_NOAA21_NRT,3.671190476190475,84,0.0002328861097764,65.88624424411447,Abnormal Increase,1,5.0,NTPC Talcher Thermal Power,0,3.68,1,159.14,0,Mining,1,1,65.88624424411447,1.3,0,0,1,0,70.0,0,44.25,Mining Activity,5,LOW
20.96512,85.16888,332.4,0.39,0.36,2026-09-16,733,N21,VIIRS,n,2.0NRT,299.82,6.3,D,VIIRS_NOAA21_NRT,3.570701754385964,114,0.008267355427972,76.43590625460625,Abnormal Increase,1,5.35,Unnamed Industrial Feature,0,5.57,0,157.6,0,Other,4,1,76.43590625460625,1.38,0,0,1,0,70.0,0,32.579999999999984,Mining Activity,5,LOW
20.96642,86.00992,330.77,0.41,0.37,2026-09-16,733,N21,VIIRS,n,2.0NRT,295.73,6.69,D,VIIRS_NOAA21_NRT,3.830652173913042,46,0.0123056160094278,74.64389081209927,Abnormal Increase,1,0.51,TATA Steel,1,82.04,0,99.11,0,Industrial,0,1,74.64389081209927,1.38,0,0,1,0,70.0,0,35.039999999999964,Normal Persistent Source,10,LOW
20.96898,85.17207,332.72,0.39,0.36,2026-09-16,733,N21,VIIRS,n,2.0NRT,300.97,6.38,D,VIIRS_NOAA21_NRT,3.5596581196581183,117,0.0024453041526373,79.23069535151754,Abnormal Increase,1,5.82,Unnamed Industrial Feature,0,5.41,0,157.56,0,Other,4,1,79.23069535151754,1.4,0,0,1,0,70.0,0,31.75,Mining Activity,5,LOW
20.96953,85.17579,348.23,0.39,0.36,2026-09-16,733,N21,VIIRS,n,2.0NRT,302.33,6.38,D,VIIRS_NOAA21_NRT,3.5795412844036694,109,0.0160154404106298,78.23512827741756,Abnormal Increase,1,5.96,Unnamed Industrial Feature,0,5.08,0,157.81,0,Other,4,1,78.23512827741756,1.39,0,0,1,0,70.0,0,45.900000000000034,Mining Activity,5,LOW
20.97562,85.17096,337.36,0.39,0.36,2026-09-16,733,N21,VIIRS,n,2.0NRT,299.67,5.6,D,VIIRS_NOAA21_NRT,3.5399999999999987,117,0.0208257084954026,58.19209039548028,Abnormal Increase,1,6.53,Unnamed Industrial Feature,0,5.83,0,156.98,0,Other,4,1,58.19209039548028,1.23,0,0,1,0,70.0,0,37.69,Mining Activity,5,LOW
20.98067,85.13575,331.57,0.39,0.36,2026-09-16,733,N21,VIIRS,n,2.0NRT,301.08,3.59,D,VIIRS_NOAA21_NRT,3.2825,24,0.0201009689823895,9.367859862909356,Persistent / Stable,1,7.57,Unnamed Industrial Feature,0,9.39,0,153.88,0,Other,4,1,9.367859862909356,0.84,0,0,1,0,70.0,0,30.49000000000001,Other Thermal Event,10,LOW
21.07371,85.05211,330.61,0.39,0.36,2026-09-16,733,N21,VIIRS,l,2.0NRT,302.7,3.66,D,VIIRS_NOAA21_NRT,2.44,20,0.1391406371223533,50.000000000000014,Abnormal Increase,1,3.25,Talcher Super Thermal Powerstation,0,22.2,0,140.52,0,Other,4,1,50.000000000000014,1.06,0,0,1,0,30.0,0,27.910000000000025,Normal Persistent Source,0,LOW
21.07483,85.0367,331.58,0.39,0.36,2026-09-16,733,N21,VIIRS,l,2.0NRT,303.36,4.43,D,VIIRS_NOAA21_NRT,2.44,20,0.0616656129900239,81.55737704918032,Abnormal Increase,1,4.46,Talcher Super Thermal Powerstation,0,23.55,0,139.24,0,Other,4,1,81.55737704918032,1.29,0,0,1,0,30.0,0,28.21999999999997,Other Thermal Event,10,LOW
21.07815,85.03615,331.48,0.39,0.36,2026-09-16,733,N21,VIIRS,l,2.0NRT,304.0,4.43,D,VIIRS_NOAA21_NRT,2.44,20,0.1182845901622992,81.55737704918032,Abnormal Increase,1,4.34,Talcher Super Thermal Powerstation,0,23.82,0,138.95,0,Other,4,1,81.55737704918032,1.29,0,0,1,0,30.0,0,27.480000000000018,Other Thermal Event,10,LOW
21.10093,72.63773,333.3,0.48,0.65,2026-09-16,735,N21,VIIRS,n,2.0NRT,288.09,10.36,D,VIIRS_NOAA21_NRT,4.8750967741935485,155,0.0132312198196809,112.50860197977872,Abnormal Increase,1,0.33,Essar Steel Hazira,1,378.75,0,0.26,1,Industrial,0,1,112.50860197977872,1.76,0,1,1,0,70.0,0,45.210000000000036,Gas Flare,45,MEDIUM
21.10293,72.64663,351.22,0.48,0.64,2026-09-16,735,N21,VIIRS,n,2.0NRT,288.4,9.72,D,VIIRS_NOAA21_NRT,4.8750967741935485,155,0.003232338793082,99.3806574559314,Abnormal Increase,1,0.83,ArcelorMittal Nippon Steel India,1,378.26,0,0.76,1,Industrial,0,1,99.3806574559314,1.65,0,0,1,0,70.0,0,62.82000000000005,Gas Flare,35,LOW
21.10809,72.6454,327.86,0.48,0.64,2026-09-16,735,N21,VIIRS,n,2.0NRT,288.41,5.98,D,VIIRS_NOAA21_NRT,4.8750967741935485,155,0.013639491173677,22.66423164469854,Persistent / Stable,1,0.26,ArcelorMittal Nippon Steel India,1,377.75,0,1.0,1,Industrial,0,1,22.66423164469854,1.02,0,0,1,0,70.0,0,39.44999999999999,Gas Flare,25,LOW
21.34766,81.66537,334.65,0.42,0.38,2026-09-16,735,N21,VIIRS,l,2.0NRT,299.24,5.99,D,VIIRS_NOAA21_NRT,2.607857142857143,14,0.01739085995822,129.69049575458777,Abnormal Increase,1,0.89,Jayaswal Neco,1,142.21,0,252.02,0,Industrial,0,1,129.69049575458777,1.66,0,1,1,0,30.0,0,35.40999999999997,Normal Persistent Source,10,LOW
21.67775,84.04002,336.76,0.38,0.36,2026-09-16,735,N21,VIIRS,n,2.0NRT,303.23,7.12,D,VIIRS_NOAA21_NRT,2.826315789473685,19,0.0193649838718593,151.9180633147113,Abnormal Increase,1,6.63,Unnamed Industrial Feature,0,111.02,0,25.36,0,Other,4,1,151.9180633147113,1.86,0,1,1,0,70.0,0,33.52999999999997,Other Thermal Event,30,LOW
21.74309,83.8433,335.37,0.38,0.36,2026-09-16,735,N21,VIIRS,n,2.0NRT,300.91,4.69,D,VIIRS_NOAA21_NRT,4.736385542168675,83,0.0051655076323717,-0.9793447293447208,Persistent / Stable,1,6.26,IB Thermal Power Plant,0,95.64,0,26.31,0,Other,4,1,-0.9793447293447208,0.82,0,0,1,0,70.0,0,34.45999999999998,Other Thermal Event,5,LOW
21.74637,83.84272,339.11,0.38,0.36,2026-09-16,735,N21,VIIRS,n,2.0NRT,303.2,6.33,D,VIIRS_NOAA21_NRT,4.736385542168675,83,0.0089631460853313,33.6462148962149,Persistent / Stable,1,6.21,Unnamed Industrial Feature,0,95.77,0,26.1,0,Other,4,1,33.6462148962149,1.1,0,0,1,0,70.0,0,35.910000000000025,Other Thermal Event,10,LOW
21.74966,83.84214,332.26,0.38,0.36,2026-09-16,735,N21,VIIRS,n,2.0NRT,301.58,6.33,D,VIIRS_NOAA21_NRT,4.736385542168675,83,0.0053234530596906,33.6462148962149,Persistent / Stable,1,5.88,Unnamed Industrial Feature,0,95.9,0,25.9,0,Other,4,1,33.6462148962149,1.1,0,0,1,0,70.0,0,30.680000000000007,Other Thermal Event,10,LOW
21.7568,83.84467,341.3,0.38,0.36,2026-09-16,735,N21,VIIRS,n,2.0NRT,302.69,7.95,D,VIIRS_NOAA21_NRT,4.736385542168675,83,0.0118186954747447,67.8495115995116,Abnormal Increase,1,5.04,Unnamed Industrial Feature,0,96.52,0,25.18,0,Other,4,1,67.8495115995116,1.39,0,0,1,0,70.0,0,38.610000000000014,Other Thermal Event,20,LOW
21.76008,83.84409,339.76,0.38,0.36,2026-09-16,735,N21,VIIRS,n,2.0NRT,302.8,6.5,D,VIIRS_NOAA21_NRT,4.736385542168675,83,0.0097035879073049,37.23544973544974,Persistent / Stable,1,4.73,Unnamed Industrial Feature,0,96.65,0,24.98,0,Other,4,1,37.23544973544974,1.13,0,0,1,0,70.0,0,36.95999999999998,Other Thermal Event,10,LOW
21.76064,83.84776,338.01,0.38,0.36,2026-09-16,735,N21,VIIRS,n,2.0NRT,303.27,4.8,D,VIIRS_NOAA21_NRT,4.770121951219512,82,0.016904755380523,0.6263581746133273,Persistent / Stable,1,4.54,Unnamed Industrial Feature,0,97.01,0,24.65,0,Other,4,1,0.6263581746133273,0.83,0,0,1,0,70.0,0,34.74000000000001,Other Thermal Event,10,LOW
21.76393,83.84719,336.05,0.38,0.36,2026-09-16,735,N21,VIIRS,n,2.0NRT,299.91,4.8,D,VIIRS_NOAA21_NRT,4.770121951219512,82,0.027482427799016,0.6263581746133273,Persistent / Stable,1,4.21,Unnamed Industrial Feature,0,97.14,0,24.46,0,Other,4,1,0.6263581746133273,0.83,0,0,1,0,70.0,0,36.139999999999986,Other Thermal Event,10,LOW
21.76671,84.02037,335.93,0.38,0.36,2026-09-16,735,N21,VIIRS,n,2.0NRT,303.03,6.23,D,VIIRS_NOAA21_NRT,2.5425,24,0.0071924675337599,145.0344149459194,Abnormal Increase,1,0.5,Bhushan Power & Steel,1,113.07,0,15.46,0,Industrial,0,1,145.0344149459194,1.76,0,1,1,0,70.0,0,32.900000000000034,Normal Persistent Source,20,LOW
21.9192,83.35405,336.13,0.39,0.36,2026-09-16,735,N21,VIIRS,n,2.0NRT,301.54,6.38,D,VIIRS_NOAA21_NRT,2.8140740740740737,27,0.0094954235971745,126.71755725190845,Abnormal Increase,1,1.12,Jindal Steel Works,1,74.18,0,69.6,0,Industrial,0,1,126.71755725190845,1.67,0,1,1,0,70.0,0,34.589999999999975,Normal Persistent Source,20,LOW
21.92192,83.34977,345.53,0.39,0.36,2026-09-16,735,N21,VIIRS,n,2.0NRT,303.62,7.73,D,VIIRS_NOAA21_NRT,2.8140740740740737,27,0.0228170126435048,174.690708081074,Abnormal Increase,1,0.65,Jindal Steel Works,1,74.26,0,70.05,0,Industrial,0,1,174.690708081074,2.03,0,1,1,0,70.0,0,41.90999999999997,Normal Persistent Source,20,LOW
22.03798,83.35143,331.42,0.39,0.36,2026-09-16,735,N21,VIIRS,n,2.0NRT,300.66,4.16,D,VIIRS_NOAA21_NRT,1.5653846153846156,13,0.0525661726770961,165.7493857493857,Abnormal Increase,1,2.7,Unnamed Industrial Feature,0,77.35,0,71.36,0,Other,4,1,165.7493857493857,1.62,0,1,1,0,70.0,0,30.75999999999999,Normal Persistent Source,5,LOW
22.05437,88.12495,332.45,0.51,0.41,2026-09-16,735,N21,VIIRS,l,2.0NRT,304.64,3.49,D,VIIRS_NOAA21_NRT,4.342173913043477,23,0.005023274427868,-19.625513167117223,Persistent / Stable,1,5.19,Haldia Port Industrial Area,0,256.18,0,7.57,0,Other,4,1,-19.625513167117223,0.65,0,0,1,0,30.0,0,27.810000000000002,Other Thermal Event,0,LOW
22.20798,84.86122,331.35,0.39,0.36,2026-09-16,735,N21,VIIRS,l,2.0NRT,302.58,2.88,D,VIIRS_NOAA21_NRT,2.28,27,0.0193800877399695,26.31578947368424,Persistent / Stable,1,0.88,Rourkela Steel Plant SAIL,1,45.34,0,91.98,0,Industrial,0,1,26.31578947368424,0.88,0,0,1,0,30.0,0,28.77000000000004,Normal Persistent Source,0,LOW
22.35862,82.30346,346.5,0.4,0.37,2026-09-16,735,N21,VIIRS,n,2.0NRT,304.76,10.85,D,VIIRS_NOAA21_NRT,3.82625,24,0.0026170048932678,183.5674616138517,Abnormal Increase,1,13.53,Bhandhakhar Power Station,0,38.73,0,184.69,0,Forest / Woodland,2,1,183.5674616138517,2.25,0,1,1,0,70.0,0,41.74000000000001,Other Thermal Event,30,LOW
22.36553,87.3004,337.02,0.47,0.4,2026-09-16,735,N21,VIIRS,n,2.0NRT,300.43,7.07,D,VIIRS_NOAA21_NRT,2.6967213114754105,61,0.0053937832818825,162.1702127659574,Abnormal Increase,1,1.72,Unnamed Industrial Feature,1,175.66,0,86.7,0,Industrial,0,1,162.1702127659574,1.91,0,1,1,0,70.0,0,36.589999999999975,Normal Persistent Source,20,LOW
22.37762,87.28011,339.68,0.47,0.4,2026-09-16,735,N21,VIIRS,n,2.0NRT,297.21,6.86,D,VIIRS_NOAA21_NRT,3.352976190476192,84,0.0041311265090568,104.59435469554404,Abnormal Increase,1,0.95,Unnamed Industrial Feature,1,173.4,0,89.16,0,Industrial,0,1,104.59435469554404,1.58,0,1,1,0,70.0,0,42.47000000000003,Normal Persistent Source,20,LOW
23.16672,82.34226,337.05,0.39,0.37,2026-09-16,735,N21,VIIRS,n,2.0NRT,298.96,5.0,D,VIIRS_NOAA21_NRT,1.913076923076923,13,0.0278601511674762,161.35906714917573,Abnormal Increase,1,79.95,Salora Power Station,0,97.19,0,222.84,0,Forest / Woodland,2,1,161.35906714917573,1.72,0,1,1,0,70.0,0,38.09000000000003,Other Thermal Event,30,LOW
23.62867,86.28975,334.17,0.44,0.38,2026-09-16,735,N21,VIIRS,n,2.0NRT,299.2,3.94,D,VIIRS_NOAA21_NRT,1.72,3,0.0540787045251337,129.06976744186045,Abnormal Increase,1,0.99,Bokaro Steel Plant,1,8.11,0,201.79,0,Industrial,0,1,129.06976744186045,1.45,0,1,1,0,70.0,0,34.97000000000003,Normal Persistent Source,20,LOW
23.64872,85.43804,333.64,0.41,0.37,2026-09-16,735,N21,VIIRS,n,2.0NRT,299.58,5.95,D,VIIRS_NOAA21_NRT,3.022045454545456,44,0.0020551777896287,96.8865157554335,Abnormal Increase,1,2.5,Unnamed Industrial Feature,1,48.66,0,207.97,0,Other,4,1,96.8865157554335,1.48,0,0,1,0,70.0,0,34.06,Normal Persistent Source,0,LOW
23.67571,86.40029,335.37,0.44,0.38,2026-09-16,735,N21,VIIRS,n,2.0NRT,304.04,5.08,D,VIIRS_NOAA21_NRT,3.0147826086956515,92,0.033636448404543,68.50302855494668,Abnormal Increase,1,3.26,Unnamed Industrial Feature,0,4.97,1,198.23,0,Other,4,1,68.50302855494668,1.27,0,0,1,0,70.0,0,31.329999999999984,Mining Activity,5,LOW
23.67759,86.0843,331.42,0.43,0.38,2026-09-16,735,N21,VIIRS,l,2.0NRT,302.06,4.53,D,VIIRS_NOAA21_NRT,2.3947727272727275,88,0.0119147086305722,89.16200056942203,Abnormal Increase,1,2.0,Bokaro Steel Plant,1,17.02,0,195.03,0,Industrial,0,1,89.16200056942203,1.33,0,0,1,0,30.0,0,29.360000000000014,Normal Persistent Source,0,LOW
23.67865,86.3954,334.07,0.44,0.38,2026-09-16,735,N21,VIIRS,n,2.0NRT,301.66,8.43,D,VIIRS_NOAA21_NRT,3.0147826086956515,92,0.0017447379499511,179.62215171618118,Abnormal Increase,1,3.86,Unnamed Industrial Feature,0,4.43,1,197.82,0,Other,4,1,179.62215171618118,2.1,0,1,1,0,70.0,0,32.40999999999997,Mining Activity,15,LOW
23.67923,86.3997,330.67,0.44,0.38,2026-09-16,735,N21,VIIRS,l,2.0NRT,302.07,5.08,D,VIIRS_NOAA21_NRT,3.0147826086956515,92,0.0024003218106652,68.50302855494668,Abnormal Increase,1,3.53,Unnamed Industrial Feature,0,4.86,1,197.83,0,Other,4,1,68.50302855494668,1.27,0,0,1,0,30.0,0,28.600000000000023,Mining Activity,0,LOW
23.68216,86.39484,334.64,0.44,0.38,2026-09-16,735,N21,VIIRS,n,2.0NRT,301.83,6.47,D,VIIRS_NOAA21_NRT,3.0147826086956515,92,0.0036508106789373,114.6091721949813,Abnormal Increase,1,4.13,Unnamed Industrial Feature,0,4.36,1,197.43,0,Other,4,1,114.6091721949813,1.61,0,1,1,0,70.0,0,32.81,Mining Activity,15,LOW
23.68568,86.39427,338.59,0.44,0.38,2026-09-16,735,N21,VIIRS,n,2.0NRT,302.61,6.47,D,VIIRS_NOAA21_NRT,3.0147826086956515,92,0.0042007941645594,114.6091721949813,Abnormal Increase,1,4.31,SAIL Parbatpur Colliery,0,4.31,1,197.03,0,Other,4,1,114.6091721949813,1.61,0,1,1,0,70.0,0,35.97999999999996,Mining Activity,15,LOW
23.68857,86.08683,335.45,0.43,0.38,2026-09-16,735,N21,VIIRS,n,2.0NRT,299.9,7.98,D,VIIRS_NOAA21_NRT,2.426593406593407,91,0.0193581541550884,228.8560818766416,Abnormal Increase,1,1.6,Bokaro Steel Plant,1,16.43,0,193.81,0,Industrial,0,1,228.8560818766416,2.33,0,1,1,0,70.0,0,35.55000000000001,Normal Persistent Source,20,LOW
23.68966,87.10038,330.43,0.47,0.4,2026-09-16,735,N21,VIIRS,n,2.0NRT,300.2,9.23,D,VIIRS_NOAA21_NRT,2.131290322580645,31,0.0090067848721427,333.0709853186015,Abnormal Increase,1,0.3,Unnamed Industrial Feature,1,69.2,0,209.44,0,Industrial,0,1,333.0709853186015,2.95,0,1,1,0,70.0,0,30.230000000000018,Industrial Fire,55,MEDIUM
23.69718,87.09631,330.73,0.47,0.4,2026-09-16,735,N21,VIIRS,l,2.0NRT,300.89,8.02,D,VIIRS_NOAA21_NRT,1.8054545454545452,22,0.12219743533067,344.2094662638469,Abnormal Increase,1,0.64,Unnamed Industrial Feature,1,68.66,0,210.38,0,Industrial,0,1,344.2094662638469,2.86,0,1,1,0,30.0,0,29.840000000000032,Industrial Fire,45,MEDIUM
23.71141,86.45175,333.46,0.44,0.39,2026-09-16,735,N21,VIIRS,n,2.0NRT,299.64,8.96,D,VIIRS_NOAA21_NRT,2.621967213114753,61,0.0063896090954151,241.728148055521,Abnormal Increase,1,5.22,SAIL Chasnalla ADM Building,0,4.53,1,195.31,0,Other,4,1,241.728148055521,2.47,0,1,1,0,70.0,0,33.81999999999999,Mining Activity,15,LOW
23.71165,85.2858,336.85,0.41,0.37,2026-09-16,735,N21,VIIRS,n,2.0NRT,302.21,4.34,D,VIIRS_NOAA21_NRT,1.3681818181818182,11,0.1432361302450849,217.2093023255814,Abnormal Increase,1,7.7,Patratu Thermal Power Station,0,62.95,0,206.63,0,Other,4,1,217.2093023255814,1.83,0,1,1,0,70.0,0,34.64000000000004,Other Thermal Event,30,LOW
23.73784,86.43095,331.35,0.44,0.39,2026-09-16,735,N21,VIIRS,n,2.0NRT,299.4,5.23,D,VIIRS_NOAA21_NRT,2.225977011494253,87,0.0051056708314943,134.95301043065166,Abnormal Increase,1,5.69,Unnamed Industrial Feature,0,1.14,1,192.01,0,Mining,1,1,134.95301043065166,1.62,0,1,1,0,70.0,0,31.950000000000045,Mining Activity,15,LOW
23.73841,86.43529,339.91,0.44,0.39,2026-09-16,735,N21,VIIRS,n,2.0NRT,301.57,7.11,D,VIIRS_NOAA21_NRT,2.35578947368421,95,0.0031507448816518,201.80965147453085,Abnormal Increase,1,5.64,Unnamed Industrial Feature,0,1.57,1,192.03,0,Mining,1,1,201.80965147453085,2.12,0,1,1,0,70.0,0,38.34000000000003,Mining Activity,15,LOW
23.77948,85.57271,330.53,0.41,0.37,2026-09-16,735,N21,VIIRS,l,2.0NRT,302.52,5.92,D,VIIRS_NOAA21_NRT,1.904,20,0.031779331246665,210.9243697478992,Abnormal Increase,1,1.88,Unnamed Industrial Feature,1,33.73,0,190.17,0,Industrial,0,1,210.9243697478992,2.04,0,1,1,0,30.0,0,28.00999999999999,Normal Persistent Source,10,LOW
23.78745,85.55484,332.92,0.41,0.37,2026-09-16,735,N21,VIIRS,n,2.0NRT,301.67,4.08,D,VIIRS_NOAA21_NRT,1.8392000000000004,25,0.0097763614734701,121.83558068725527,Abnormal Increase,1,1.12,Tata Iron and Steel Company Limited (TISCO) - West Bokaro,1,35.63,0,189.8,0,Industrial,0,1,121.83558068725527,1.44,0,1,1,0,70.0,0,31.25,Normal Persistent Source,20,LOW
23.80311,86.32819,337.2,0.44,0.38,2026-09-16,735,N21,VIIRS,n,2.0NRT,299.72,5.13,D,VIIRS_NOAA21_NRT,2.430727272727274,55,0.0010240067037397,111.0479467424638,Abnormal Increase,1,3.32,Unnamed Industrial Feature,0,10.43,0,183.07,0,Other,4,1,111.0479467424638,1.5,0,1,1,0,70.0,0,37.47999999999996,Other Thermal Event,30,LOW
23.80369,86.33247,333.44,0.44,0.38,2026-09-16,735,N21,VIIRS,n,2.0NRT,298.34,5.13,D,VIIRS_NOAA21_NRT,2.301549295774649,71,0.010185151069279,122.89333578116384,Abnormal Increase,1,3.55,Unnamed Industrial Feature,0,10.0,0,183.07,0,Other,4,1,122.89333578116384,1.55,0,1,1,0,70.0,0,35.10000000000002,Other Thermal Event,30,LOW
23.82722,84.57161,330.12,0.39,0.36,2026-09-16,735,N21,VIIRS,l,2.0NRT,302.33,4.93,D,VIIRS_NOAA21_NRT,2.1268,25,0.0020347209659699,131.80364867406428,Abnormal Increase,1,24.44,Tori Power Project,0,135.7,0,220.69,0,Other,4,1,131.80364867406428,1.58,0,1,1,0,30.0,0,27.79000000000002,Other Thermal Event,20,LOW
31.66656,75.15292,329.72,0.41,0.45,2026-09-16,737,N21,VIIRS,n,2.0NRT,296.99,1.88,D,VIIRS_NOAA21_NRT,0.0,0,,0.0,New / No Local History,1,25.48,Unnamed Industrial Feature,0,398.56,0,168.13,0,Cropland / Agriculture,3,0,0.0,1.88,0,0,0,1,70.0,0,32.73000000000002,Agricultural Burning,0,LOW
31.70653,78.2709,336.0,0.44,0.38,2026-09-16,737,N21,VIIRS,n,2.0NRT,296.81,4.26,D,VIIRS_NOAA21_NRT,0.0,0,,0.0,New / No Local History,1,126.01,Water Treatment Plant,0,357.67,0,254.19,0,Cropland / Agriculture,3,0,0.0,4.26,0,0,0,1,70.0,0,39.19,Agricultural Burning,0,LOW
34.36076,79.14044,350.17,0.4,0.37,2026-09-16,737,N21,VIIRS,n,2.0NRT,305.15,17.24,D,VIIRS_NOAA21_NRT,0.0,0,,0.0,New / No Local History,1,351.19,Slate Godown,0,663.73,0,528.35,0,Other,4,0,0.0,17.24,0,0,0,1,70.0,0,45.02000000000004,Forest / Wildfire,15,LOW
21.10353,72.63415,331.29,0.7,0.75,2026-09-16,915,N21,VIIRS,n,2.0NRT,285.73,20.71,D,VIIRS_NOAA21_NRT,4.870454545454545,154,0.0023332193991651,325.2169855342977,Abnormal Increase,1,0.22,Hazira Industrial Complex SURAT,1,378.58,0,0.28,1,Industrial,0,1,325.2169855342977,3.53,1,1,1,0,70.0,0,45.56,Gas Flare,65,MEDIUM
21.10406,72.63354,330.31,0.71,0.75,2026-09-16,915,N21,VIIRS,n,2.0NRT,285.69,9.4,D,VIIRS_NOAA21_NRT,4.870454545454545,154,0.0123067531339676,93.00046663555764,Abnormal Increase,1,0.28,Hazira Industrial Complex SURAT,1,378.55,0,0.3,1,Industrial,0,1,93.00046663555764,1.6,0,0,1,0,70.0,0,44.620000000000005,Gas Flare,35,LOW
21.10458,72.64769,332.4,0.71,0.75,2026-09-16,915,N21,VIIRS,n,2.0NRT,285.82,10.05,D,VIIRS_NOAA21_NRT,4.8750967741935485,155,0.0075684074547264,106.1497538510402,Abnormal Increase,1,0.72,ArcelorMittal Nippon Steel India,1,378.06,0,0.95,1,Industrial,0,1,106.1497538510402,1.71,0,1,1,0,70.0,0,46.579999999999984,Gas Flare,45,MEDIUM
21.10502,72.64709,333.5,0.71,0.75,2026-09-16,915,N21,VIIRS,n,2.0NRT,285.94,21.6,D,VIIRS_NOAA21_NRT,4.8750967741935485,155,0.0034274769694533,343.0681276798476,Abnormal Increase,1,0.64,ArcelorMittal Nippon Steel India,1,378.03,0,0.92,1,Industrial,0,1,343.0681276798476,3.68,1,1,1,0,70.0,0,47.56,Gas Flare,65,MEDIUM
26.62972,79.52909,307.49,0.39,0.44,2026-09-16,2002,N21,VIIRS,n,2.0NRT,295.19,1.12,N,VIIRS_NOAA21_NRT,0.0,0,,0.0,New / No Local History,1,73.29,Unnamed Industrial Feature,0,310.2,0,207.25,0,Cropland / Agriculture,3,0,0.0,1.12,0,0,0,1,70.0,1,12.300000000000011,Agricultural Burning,0,LOW
26.64003,79.47544,308.11,0.39,0.44,2026-09-16,2002,N21,VIIRS,n,2.0NRT,294.86,0.69,N,VIIRS_NOAA21_NRT,1.842,5,0.1222539504354095,-62.54071661237786,Persistent / Reduced,1,78.74,Unnamed Industrial Feature,0,305.66,0,202.01,0,Cropland / Agriculture,3,1,-62.54071661237786,0.24,0,0,1,0,70.0,1,13.25,Agricultural Burning,0,LOW
26.64359,79.4799,307.28,0.39,0.44,2026-09-16,2002,N21,VIIRS,n,2.0NRT,294.94,1.24,N,VIIRS_NOAA21_NRT,1.842,5,0.0865299522402171,-32.68186753528773,Persistent / Stable,1,78.41,Unnamed Industrial Feature,0,305.68,0,202.22,0,Cropland / Agriculture,3,1,-32.68186753528773,0.44,0,0,1,0,70.0,1,12.339999999999975,Agricultural Burning,0,LOW
26.75801,83.20046,309.29,0.4,0.37,2026-09-16,2002,N21,VIIRS,n,2.0NRT,292.64,2.69,N,VIIRS_NOAA21_NRT,1.4266666666666663,6,0.0605882787437019,88.5514018691589,Abnormal Increase,1,70.91,Unnamed Industrial Feature,0,289.56,0,195.08,0,Cropland / Agriculture,3,1,88.5514018691589,1.11,0,0,1,0,70.0,1,16.650000000000034,Other Thermal Event,20,LOW
28.74777,77.16139,306.9,0.56,0.52,2026-09-16,2002,N21,VIIRS,n,2.0NRT,283.1,1.16,N,VIIRS_NOAA21_NRT,0.0,0,,0.0,New / No Local History,1,3.24,Wastewater Treatment Plant,0,21.26,0,74.05,0,Cropland / Agriculture,3,0,0.0,1.16,0,0,0,1,70.0,1,23.799999999999955,Agricultural Burning,0,LOW
18.71906,79.53761,305.41,0.47,0.4,2026-09-16,2004,N21,VIIRS,n,2.0NRT,288.51,1.76,N,VIIRS_NOAA21_NRT,1.7500000000000002,13,0.0032568725715868,0.5714285714285592,Persistent / Stable,1,5.81,"TGSRTC Bus Depot , Godavarikhani",0,140.22,0,83.3,0,Other,4,1,0.5714285714285592,0.64,0,0,1,0,70.0,1,16.900000000000034,Other Thermal Event,10,LOW
19.08898,82.17126,300.48,0.39,0.36,2026-09-16,2004,N21,VIIRS,n,2.0NRT,282.17,0.8,N,VIIRS_NOAA21_NRT,2.2891666666666666,36,0.0213378650446265,-65.05278485620677,Persistent / Reduced,1,37.11,Unnamed Industrial Feature,0,183.37,0,74.45,0,Forest / Woodland,2,1,-65.05278485620677,0.24,0,0,1,0,70.0,1,18.310000000000002,Other Thermal Event,5,LOW
19.09229,82.17181,301.75,0.39,0.36,2026-09-16,2004,N21,VIIRS,n,2.0NRT,283.68,0.8,N,VIIRS_NOAA21_NRT,2.2891666666666666,36,0.0777657652826964,-65.05278485620677,Persistent / Reduced,1,37.26,Unnamed Industrial Feature,0,183.05,0,74.53,0,Forest / Woodland,2,1,-65.05278485620677,0.24,0,0,1,0,70.0,1,18.069999999999993,Other Thermal Event,5,LOW
19.09285,82.16814,311.8,0.39,0.36,2026-09-16,2004,N21,VIIRS,n,2.0NRT,284.65,0.8,N,VIIRS_NOAA21_NRT,2.2891666666666666,36,0.0078040935460162,-65.05278485620677,Persistent / Reduced,1,36.9,Unnamed Industrial Feature,0,183.25,0,74.91,0,Forest / Woodland,2,1,-65.05278485620677,0.24,0,0,1,0,70.0,1,27.150000000000034,Other Thermal Event,5,LOW
19.09616,82.16869,319.78,0.39,0.36,2026-09-16,2004,N21,VIIRS,n,2.0NRT,285.77,1.54,N,VIIRS_NOAA21_NRT,2.2891666666666666,36,0.0105179068374527,-32.72661084819803,Persistent / Stable,1,37.04,Unnamed Industrial Feature,0,182.92,0,75.0,0,Forest / Woodland,2,1,-32.72661084819803,0.47,0,0,1,0,70.0,1,34.00999999999999,Other Thermal Event,5,LOW
19.10279,82.16978,307.01,0.39,0.36,2026-09-16,2004,N21,VIIRS,n,2.0NRT,287.45,0.93,N,VIIRS_NOAA21_NRT,2.2891666666666666,36,0.0080219000928597,-59.37386239534036,Persistent / Reduced,1,37.35,Unnamed Industrial Feature,0,182.28,0,75.17,0,Forest / Woodland,2,1,-59.37386239534036,0.28,0,0,1,0,70.0,1,19.560000000000002,Other Thermal Event,5,LOW
19.78624,79.0647,306.17,0.51,0.41,2026-09-16,2004,N21,VIIRS,n,2.0NRT,293.06,1.28,N,VIIRS_NOAA21_NRT,0.9,1,0.0215301893485147,42.22222222222222,Single Historical Detection,1,0.17,Unnamed Industrial Feature,1,31.29,0,209.63,0,Industrial,0,1,42.22222222222222,0.67,0,0,0,0,70.0,1,13.110000000000014,Other Thermal Event,25,LOW
19.963,79.3345,326.74,0.5,0.41,2026-09-16,2004,N21,VIIRS,n,2.0NRT,293.92,3.52,N,VIIRS_NOAA21_NRT,1.21,1,0.2111175320030741,190.9090909090909,Abnormal Increase,1,3.19,Chandrapur Thermal Power Station,0,3.62,1,223.16,0,Mining,1,1,190.9090909090909,1.59,0,1,0,0,70.0,1,32.81999999999999,Other Thermal Event,30,LOW
20.70411,78.61971,305.93,0.55,0.43,2026-09-16,2004,N21,VIIRS,n,2.0NRT,292.79,1.72,N,VIIRS_NOAA21_NRT,1.468,5,0.0770340218023478,17.166212534059948,Persistent / Stable,1,52.18,MIDC Nagpur Butibori,0,108.98,0,320.97,0,Forest / Woodland,2,1,17.166212534059948,0.7,0,0,1,0,70.0,1,13.139999999999986,Agricultural Burning,0,LOW
20.76059,85.2972,320.81,0.41,0.37,2026-09-16,2004,N21,VIIRS,n,2.0NRT,293.42,2.23,N,VIIRS_NOAA21_NRT,2.932222222222222,27,0.0126377291382894,-23.948465327775665,Persistent / Stable,1,5.27,Unnamed Industrial Feature,0,22.54,0,147.05,0,Other,4,1,-23.948465327775665,0.57,0,0,1,0,70.0,1,27.389999999999986,Other Thermal Event,5,LOW
20.76123,85.29335,314.09,0.41,0.37,2026-09-16,2004,N21,VIIRS,n,2.0NRT,292.93,2.23,N,VIIRS_NOAA21_NRT,2.932222222222222,27,0.0034776924001826,-23.948465327775665,Persistent / Stable,1,5.17,Unnamed Industrial Feature,0,22.33,0,147.45,0,Other,4,1,-23.948465327775665,0.57,0,0,1,0,70.0,1,21.159999999999968,Other Thermal Event,5,LOW
20.78479,85.26501,320.46,0.41,0.37,2026-09-16,2004,N21,VIIRS,n,2.0NRT,293.34,1.91,N,VIIRS_NOAA21_NRT,4.153833333333335,60,0.008256623137027,-54.01837659992778,Persistent / Reduced,1,2.17,Tata Steel Meramandali,1,18.96,0,151.17,0,Other,4,1,-54.01837659992778,0.37,0,0,1,0,70.0,1,27.120000000000005,Normal Persistent Source,0,LOW
20.78544,85.26115,313.41,0.41,0.37,2026-09-16,2004,N21,VIIRS,n,2.0NRT,293.67,3.71,N,VIIRS_NOAA21_NRT,4.153833333333335,60,0.0160326022592052,-10.684909521325716,Persistent / Stable,1,2.07,Tata Steel Meramandali,1,18.79,0,151.56,0,Other,4,1,-10.684909521325716,0.72,0,0,1,0,70.0,1,19.74000000000001,Normal Persistent Source,0,LOW
20.78816,85.26563,308.42,0.41,0.37,2026-09-16,2004,N21,VIIRS,n,2.0NRT,292.58,1.91,N,VIIRS_NOAA21_NRT,4.153833333333335,60,0.0176725363369159,-54.01837659992778,Persistent / Reduced,1,1.82,Tata Steel Meramandali,1,18.61,0,151.25,0,Industrial,0,1,-54.01837659992778,0.37,0,0,1,0,70.0,1,15.840000000000032,Normal Persistent Source,0,LOW
20.79347,85.25468,332.31,0.41,0.37,2026-09-16,2004,N21,VIIRS,n,2.0NRT,293.47,6.47,N,VIIRS_NOAA21_NRT,4.153833333333335,60,0.0031191149016143,55.75973999919746,Abnormal Increase,1,1.36,Tata Steel Meramandali,1,17.77,0,152.53,0,Industrial,0,1,55.75973999919746,1.26,0,0,1,0,70.0,1,38.839999999999975,Normal Persistent Source,10,LOW
20.79619,85.25918,309.84,0.41,0.37,2026-09-16,2004,N21,VIIRS,n,2.0NRT,292.7,2.52,N,VIIRS_NOAA21_NRT,4.153833333333335,60,0.0034544772949999,-39.33314608995709,Persistent / Stable,1,0.9,Tata Steel Meramandali,1,17.58,0,152.21,0,Industrial,0,1,-39.33314608995709,0.49,0,0,1,0,70.0,1,17.139999999999986,Normal Persistent Source,0,LOW
20.79956,85.25982,308.64,0.41,0.37,2026-09-16,2004,N21,VIIRS,n,2.0NRT,292.27,1.91,N,VIIRS_NOAA21_NRT,4.153833333333335,60,0.0043193932704011,-54.01837659992778,Persistent / Reduced,1,0.52,Tata Steel Meramandali,1,17.23,0,152.3,0,Industrial,0,1,-54.01837659992778,0.37,0,0,1,0,70.0,1,16.370000000000005,Normal Persistent Source,0,LOW
20.80694,85.25725,317.01,0.41,0.37,2026-09-16,2004,N21,VIIRS,n,2.0NRT,292.75,3.16,N,VIIRS_NOAA21_NRT,4.153833333333335,60,0.0178543481728734,-23.925691128676345,Persistent / Stable,1,0.38,Meramandali Power Station,1,16.37,0,152.86,0,Industrial,0,1,-23.925691128676345,0.61,0,0,1,0,70.0,1,24.25999999999999,Normal Persistent Source,0,LOW
20.86209,84.98735,313.85,0.4,0.37,2026-09-16,2004,N21,VIIRS,n,2.0NRT,290.6,1.33,N,VIIRS_NOAA21_NRT,3.015394736842105,76,0.0208463164646769,-55.893005192651735,Persistent / Reduced,1,1.48,Angul Steel Plant,1,26.07,0,152.64,0,Industrial,0,1,-55.893005192651735,0.33,0,0,1,0,70.0,1,23.25,Normal Persistent Source,0,LOW
20.86418,84.9956,316.52,0.4,0.37,2026-09-16,2004,N21,VIIRS,n,2.0NRT,291.3,3.39,N,VIIRS_NOAA21_NRT,3.038266666666666,75,0.0183923185421718,11.57677623206217,Persistent / Stable,1,1.52,Angul Steel Plant,1,25.19,0,153.01,0,Industrial,0,1,11.57677623206217,0.84,0,0,1,0,70.0,1,25.21999999999997,Normal Persistent Source,0,LOW
20.86481,84.99178,324.47,0.4,0.37,2026-09-16,2004,N21,VIIRS,n,2.0NRT,291.53,1.55,N,VIIRS_NOAA21_NRT,3.015394736842105,76,0.0166305066731239,-48.5971113147445,Persistent / Stable,1,1.26,Angul Steel Plant,1,25.53,0,152.7,0,Industrial,0,1,-48.5971113147445,0.39,0,0,1,0,70.0,1,32.940000000000055,Normal Persistent Source,0,LOW
20.86543,84.98796,311.51,0.4,0.37,2026-09-16,2004,N21,VIIRS,n,2.0NRT,291.52,1.55,N,VIIRS_NOAA21_NRT,3.015394736842105,76,0.0187170462232405,-48.5971113147445,Persistent / Stable,1,1.11,Angul Steel Plant,1,25.87,0,152.39,0,Industrial,0,1,-48.5971113147445,0.39,0,0,1,0,70.0,1,19.99000000000001,Normal Persistent Source,0,LOW
20.86815,84.99239,312.33,0.4,0.37,2026-09-16,2004,N21,VIIRS,n,2.0NRT,291.54,1.55,N,VIIRS_NOAA21_NRT,3.015394736842105,76,0.015454948649268,-48.5971113147445,Persistent / Stable,1,0.96,Angul Steel Plant,1,25.33,0,152.46,0,Industrial,0,1,-48.5971113147445,0.39,0,0,1,0,70.0,1,20.789999999999964,Normal Persistent Source,0,LOW
20.86878,84.98857,308.3,0.4,0.37,2026-09-16,2004,N21,VIIRS,n,2.0NRT,291.87,1.55,N,VIIRS_NOAA21_NRT,3.015394736842105,76,0.0192124189405443,-48.5971113147445,Persistent / Stable,1,0.75,Angul Steel Plant,1,25.68,0,152.15,0,Industrial,0,1,-48.5971113147445,0.39,0,0,1,0,70.0,1,16.430000000000007,Normal Persistent Source,0,LOW
20.8834,84.98352,321.82,0.4,0.37,2026-09-16,2004,N21,VIIRS,n,2.0NRT,290.91,2.34,N,VIIRS_NOAA21_NRT,3.015394736842105,76,0.0207786428357205,-22.39821966225945,Persistent / Stable,1,0.97,Angul Steel Plant,1,25.65,0,150.58,0,Industrial,0,1,-22.39821966225945,0.58,0,0,1,0,70.0,1,30.909999999999968,Normal Persistent Source,0,LOW
20.88674,84.98416,313.28,0.4,0.37,2026-09-16,2004,N21,VIIRS,n,2.0NRT,290.9,1.82,N,VIIRS_NOAA21_NRT,3.015394736842105,76,0.0162207259015059,-39.6430597373129,Persistent / Stable,1,1.2,Unnamed Industrial Feature,1,25.49,0,150.34,0,Industrial,0,1,-39.6430597373129,0.45,0,0,1,0,70.0,1,22.379999999999995,Normal Persistent Source,0,LOW
20.88736,84.98036,311.47,0.4,0.37,2026-09-16,2004,N21,VIIRS,n,2.0NRT,290.2,2.34,N,VIIRS_NOAA21_NRT,3.015394736842105,76,0.0081932436332488,-22.39821966225945,Persistent / Stable,1,1.03,Unnamed Industrial Feature,1,25.85,0,150.03,0,Industrial,0,1,-22.39821966225945,0.58,0,0,1,0,70.0,1,21.27000000000004,Normal Persistent Source,0,LOW
20.93924,86.06148,306.9,0.43,0.38,2026-09-16,2004,N21,VIIRS,n,2.0NRT,293.01,0.84,N,VIIRS_NOAA21_NRT,3.456785714285715,28,0.0125199155030547,-75.69996900506251,Persistent / Reduced,1,0.71,VISA STEEL LTD,1,87.39,0,93.37,0,Industrial,0,1,-75.69996900506251,0.19,0,0,1,0,70.0,1,13.889999999999986,Normal Persistent Source,0,LOW
20.95237,86.04713,332.09,0.43,0.38,2026-09-16,2004,N21,VIIRS,n,2.0NRT,293.28,5.54,N,VIIRS_NOAA21_NRT,3.456785714285715,28,0.0394721440932151,60.2644901332782,Abnormal Increase,1,1.01,Duburi Steel Power Plant,1,85.89,0,95.45,0,Industrial,0,1,60.2644901332782,1.24,0,0,1,0,70.0,1,38.81,Normal Persistent Source,10,LOW
20.95306,86.04305,315.64,0.43,0.38,2026-09-16,2004,N21,VIIRS,n,2.0NRT,292.15,1.38,N,VIIRS_NOAA21_NRT,3.505925925925927,27,0.0058464474418928,-60.63807310373972,Persistent / Reduced,1,1.13,Duburi Steel Power Plant,1,85.47,0,95.77,0,Industrial,0,1,-60.63807310373972,0.31,0,0,1,0,70.0,1,23.49000000000001,Normal Persistent Source,0,LOW
20.95662,85.01289,311.63,0.4,0.37,2026-09-16,2004,N21,VIIRS,n,2.0NRT,289.69,2.2,N,VIIRS_NOAA21_NRT,3.09125,8,0.0115535876316344,-28.83137889203396,Persistent / Stable,1,4.26,Angul Monnet Power Company Limited,0,21.52,0,146.6,0,Other,4,1,-28.83137889203396,0.54,0,0,1,0,70.0,1,21.939999999999998,Other Thermal Event,5,LOW
20.95725,85.00908,308.15,0.4,0.37,2026-09-16,2004,N21,VIIRS,n,2.0NRT,289.14,1.44,N,VIIRS_NOAA21_NRT,3.09125,8,0.0623100449573943,-53.416902547513146,Persistent / Reduced,1,4.11,Angul Monnet Power Company Limited,0,21.92,0,146.28,0,Other,4,1,-53.416902547513146,0.35,0,0,1,0,70.0,1,19.00999999999999,Other Thermal Event,5,LOW
20.96155,85.1712,321.36,0.4,0.37,2026-09-16,2004,N21,VIIRS,n,2.0NRT,291.95,4.36,N,VIIRS_NOAA21_NRT,3.529145299145298,117,0.0124597774928089,23.54266062822412,Persistent / Stable,1,4.99,Unnamed Industrial Feature,0,5.23,0,158.04,0,Other,4,1,23.54266062822412,0.96,0,0,1,0,70.0,1,29.410000000000025,Mining Activity,0,LOW
20.962,86.01118,307.3,0.43,0.38,2026-09-16,2004,N21,VIIRS,n,2.0NRT,292.91,3.07,N,VIIRS_NOAA21_NRT,3.830652173913042,46,0.021178229516038,-19.85698882015773,Persistent / Stable,1,1.02,TATA Steel,1,82.17,0,98.65,0,Industrial,0,1,-19.85698882015773,0.64,0,0,1,0,70.0,1,14.389999999999986,Normal Persistent Source,0,LOW
20.96218,85.16737,317.15,0.4,0.37,2026-09-16,2004,N21,VIIRS,n,2.0NRT,292.13,2.02,N,VIIRS_NOAA21_NRT,3.5234259259259253,108,0.0026209515658035,-42.66943473576327,Persistent / Stable,1,5.01,Unnamed Industrial Feature,0,5.63,0,157.7,0,Other,4,1,-42.66943473576327,0.45,0,0,1,0,70.0,1,25.019999999999982,Mining Activity,0,LOW
20.96237,85.18717,338.67,0.4,0.37,2026-09-16,2004,N21,VIIRS,n,2.0NRT,292.4,8.1,N,VIIRS_NOAA21_NRT,3.681827956989247,93,0.0035885757943613,119.99941590490933,Abnormal Increase,1,5.03,NTPC Talcher Thermal Power,0,3.68,1,159.22,0,Mining,1,1,119.99941590490933,1.73,0,1,1,0,70.0,1,46.27000000000004,Mining Activity,15,LOW
20.96269,86.00712,333.08,0.43,0.38,2026-09-16,2004,N21,VIIRS,n,2.0NRT,293.46,3.07,N,VIIRS_NOAA21_NRT,3.830652173913042,46,0.0180777688067469,-19.85698882015773,Persistent / Stable,1,0.97,TATA Steel,1,81.75,0,98.98,0,Industrial,0,1,-19.85698882015773,0.64,0,0,1,0,70.0,1,39.620000000000005,Normal Persistent Source,0,LOW
20.96272,86.04915,314.08,0.43,0.38,2026-09-16,2004,N21,VIIRS,n,2.0NRT,292.69,1.77,N,VIIRS_NOAA21_NRT,3.456785714285715,28,0.0163781143725268,-48.79636326066744,Persistent / Stable,1,0.19,Duburi Steel Power Plant,1,86.11,0,96.21,0,Industrial,0,1,-48.79636326066744,0.4,0,0,1,0,70.0,1,21.389999999999986,Normal Persistent Source,0,LOW
20.96282,85.16354,307.66,0.4,0.37,2026-09-16,2004,N21,VIIRS,n,2.0NRT,291.42,2.02,N,VIIRS_NOAA21_NRT,3.396599999999998,100,0.0706099904919955,-40.52876405817579,Persistent / Stable,1,5.05,Unnamed Industrial Feature,0,6.03,0,157.36,0,Other,4,1,-40.52876405817579,0.46,0,0,1,0,70.0,1,16.24000000000001,Other Thermal Event,5,LOW
20.96301,85.18333,318.48,0.4,0.37,2026-09-16,2004,N21,VIIRS,n,2.0NRT,291.67,2.06,N,VIIRS_NOAA21_NRT,3.598584905660377,106,0.0655966887242182,-42.75527592082841,Persistent / Stable,1,5.43,NTPC Talcher Thermal Power,0,4.07,1,158.88,0,Other,4,1,-42.75527592082841,0.45,0,0,1,0,70.0,1,26.810000000000002,Mining Activity,0,LOW
20.96364,85.1795,310.62,0.4,0.37,2026-09-16,2004,N21,VIIRS,n,2.0NRT,291.34,2.06,N,VIIRS_NOAA21_NRT,3.5795412844036694,109,0.2039679810278798,-42.45072660635107,Persistent / Stable,1,5.43,Unnamed Industrial Feature,0,4.47,1,158.53,0,Other,4,1,-42.45072660635107,0.45,0,0,1,0,70.0,1,19.28000000000003,Mining Activity,0,LOW
20.9649,85.17182,309.91,0.4,0.37,2026-09-16,2004,N21,VIIRS,n,2.0NRT,291.51,3.15,N,VIIRS_NOAA21_NRT,3.547457627118643,118,0.021948253490932,-11.204013377926394,Persistent / Stable,1,5.37,Unnamed Industrial Feature,0,5.27,0,157.84,0,Other,4,1,-11.204013377926394,0.69,0,0,1,0,70.0,1,18.400000000000034,Mining Activity,0,LOW
20.96511,86.04823,310.36,0.43,0.38,2026-09-16,2004,N21,VIIRS,n,2.0NRT,292.7,1.54,N,VIIRS_NOAA21_NRT,3.456785714285715,28,0.0458650379528662,-55.449943175947936,Persistent / Reduced,1,0.47,Duburi Steel Power Plant,1,86.02,0,96.48,0,Industrial,0,1,-55.449943175947936,0.35,0,0,1,0,70.0,1,17.660000000000025,Normal Persistent Source,0,LOW
20.96545,86.01186,324.03,0.43,0.38,2026-09-16,2004,N21,VIIRS,n,2.0NRT,293.42,3.07,N,VIIRS_NOAA21_NRT,3.830652173913042,46,0.0086731940089254,-19.85698882015773,Persistent / Stable,1,0.66,TATA Steel,1,82.24,0,98.9,0,Industrial,0,1,-19.85698882015773,0.64,0,0,1,0,70.0,1,30.609999999999957,Normal Persistent Source,0,LOW
20.96554,85.168,316.49,0.4,0.37,2026-09-16,2004,N21,VIIRS,n,2.0NRT,291.45,1.43,N,VIIRS_NOAA21_NRT,3.542232142857142,112,0.0144889211925126,-59.62997504600105,Persistent / Reduced,1,5.38,Unnamed Industrial Feature,0,5.67,0,157.5,0,Other,4,1,-59.62997504600105,0.31,0,0,1,0,70.0,1,25.04000000000002,Mining Activity,0,LOW
20.96617,85.16418,307.18,0.4,0.37,2026-09-16,2004,N21,VIIRS,n,2.0NRT,291.34,1.43,N,VIIRS_NOAA21_NRT,3.396599999999998,100,0.0411372595697932,-57.89907554613435,Persistent / Reduced,1,5.43,Unnamed Industrial Feature,0,6.07,0,157.16,0,Other,4,1,-57.89907554613435,0.33,0,0,1,0,70.0,1,15.840000000000032,Other Thermal Event,5,LOW
20.96682,86.00373,307.16,0.43,0.38,2026-09-16,2004,N21,VIIRS,n,2.0NRT,293.73,1.08,N,VIIRS_NOAA21_NRT,3.830652173913042,46,0.0116129909638714,-71.80636740253105,Persistent / Reduced,1,0.78,TATA Steel,1,81.4,0,99.56,0,Industrial,0,1,-71.80636740253105,0.22,0,0,1,0,70.0,1,13.430000000000007,Normal Persistent Source,0,LOW
20.96752,86.02068,312.89,0.43,0.38,2026-09-16,2004,N21,VIIRS,n,2.0NRT,292.85,1.97,N,VIIRS_NOAA21_NRT,3.81255319148936,47,0.067705463223404,-48.32858976505383,Persistent / Stable,1,1.2,TATA Steel,1,83.16,0,98.49,0,Industrial,0,1,-48.32858976505383,0.41,0,0,1,0,70.0,1,20.039999999999964,Normal Persistent Source,0,LOW
20.96763,85.1763,325.65,0.4,0.37,2026-09-16,2004,N21,VIIRS,n,2.0NRT,291.43,3.15,N,VIIRS_NOAA21_NRT,3.5795412844036694,109,0.0087043469314042,-11.99989748058538,Persistent / Stable,1,5.76,Unnamed Industrial Feature,0,4.94,1,157.99,0,Other,4,1,-11.99989748058538,0.69,0,0,1,0,70.0,1,34.21999999999997,Mining Activity,0,LOW
20.96807,85.15269,310.46,0.4,0.37,2026-09-16,2004,N21,VIIRS,n,2.0NRT,291.58,2.86,N,VIIRS_NOAA21_NRT,3.3646875000000005,64,0.001648857938207,-14.999535618092336,Persistent / Stable,1,5.73,Unnamed Industrial Feature,0,7.27,0,156.13,0,Other,4,1,-14.999535618092336,0.66,0,0,1,0,70.0,1,18.879999999999995,Other Thermal Event,5,LOW
20.96826,85.17246,331.14,0.4,0.37,2026-09-16,2004,N21,VIIRS,n,2.0NRT,292.05,3.15,N,VIIRS_NOAA21_NRT,3.5596581196581183,117,0.0035617652335662,-11.508355743373,Persistent / Stable,1,5.75,Unnamed Industrial Feature,0,5.34,0,157.64,0,Other,4,1,-11.508355743373,0.69,0,0,1,0,70.0,1,39.089999999999975,Mining Activity,0,LOW
20.96889,85.16865,307.88,0.4,0.37,2026-09-16,2004,N21,VIIRS,n,2.0NRT,291.12,1.43,N,VIIRS_NOAA21_NRT,3.573097345132742,113,0.0140183106038827,-59.97870021795124,Persistent / Reduced,1,5.76,Unnamed Industrial Feature,0,5.73,0,157.3,0,Other,4,1,-59.97870021795124,0.31,0,0,1,0,70.0,1,16.75999999999999,Mining Activity,0,LOW
20.96889,86.01254,336.68,0.43,0.38,2026-09-16,2004,N21,VIIRS,n,2.0NRT,294.44,6.26,N,VIIRS_NOAA21_NRT,3.646862745098037,51,0.0078809600349843,71.65439002096896,Abnormal Increase,1,0.38,TATA Steel,1,82.32,0,99.14,0,Industrial,0,1,71.65439002096896,1.35,0,0,1,0,70.0,1,42.24000000000001,Normal Persistent Source,10,LOW
20.97003,86.01983,323.19,0.43,0.38,2026-09-16,2004,N21,VIIRS,n,2.0NRT,293.06,2.22,N,VIIRS_NOAA21_NRT,3.60509433962264,53,0.1557460958767289,-38.42047417176947,Persistent / Stable,1,1.05,TATA Steel,1,83.08,0,98.76,0,Industrial,0,1,-38.42047417176947,0.48,0,0,1,0,70.0,1,30.129999999999995,Normal Persistent Source,0,LOW
20.97026,86.00443,320.05,0.43,0.38,2026-09-16,2004,N21,VIIRS,n,2.0NRT,293.74,1.93,N,VIIRS_NOAA21_NRT,3.646862745098037,51,0.0227975532401481,-47.07779988171404,Persistent / Stable,1,0.56,TATA Steel,1,81.48,0,99.8,0,Industrial,0,1,-47.07779988171404,0.42,0,0,1,0,70.0,1,26.310000000000002,Normal Persistent Source,0,LOW
20.97097,86.02135,314.12,0.43,0.38,2026-09-16,2004,N21,VIIRS,n,2.0NRT,292.79,1.97,N,VIIRS_NOAA21_NRT,3.5972549019607825,51,0.0024500984510554,-45.23601875068132,Persistent / Stable,1,1.2,TATA Steel,1,83.24,0,98.74,0,Industrial,0,1,-45.23601875068132,0.43,0,0,1,0,70.0,1,21.329999999999984,Normal Persistent Source,0,LOW
20.97099,85.17693,317.74,0.4,0.37,2026-09-16,2004,N21,VIIRS,n,2.0NRT,291.52,2.43,N,VIIRS_NOAA21_NRT,3.5795412844036694,109,0.0026641837001281,-32.114206627880144,Persistent / Stable,1,6.14,Unnamed Industrial Feature,0,5.04,0,157.79,0,Other,4,1,-32.114206627880144,0.53,0,0,1,0,70.0,1,26.220000000000027,Mining Activity,0,LOW
20.97283,86.00359,315.34,0.43,0.38,2026-09-16,2004,N21,VIIRS,n,2.0NRT,293.24,3.04,N,VIIRS_NOAA21_NRT,3.646862745098037,51,0.0257434456428141,-16.640679606430403,Persistent / Stable,1,0.67,TATA Steel,1,81.4,0,100.08,0,Industrial,0,1,-16.640679606430403,0.65,0,0,1,0,70.0,1,22.099999999999966,Normal Persistent Source,0,LOW
20.97371,86.0051,309.72,0.43,0.38,2026-09-16,2004,N21,VIIRS,n,2.0NRT,293.42,1.93,N,VIIRS_NOAA21_NRT,3.646862745098037,51,0.0426864922616685,-47.07779988171404,Persistent / Stable,1,0.57,TATA Steel,1,81.56,0,100.05,0,Industrial,0,1,-47.07779988171404,0.42,0,0,1,0,70.0,1,16.30000000000001,Normal Persistent Source,0,LOW
20.97497,85.17376,314.13,0.4,0.37,2026-09-16,2004,N21,VIIRS,n,2.0NRT,291.26,2.43,N,VIIRS_NOAA21_NRT,3.5661739130434773,115,0.0206823848758035,-31.859744946477758,Persistent / Stable,1,6.51,Unnamed Industrial Feature,0,5.55,0,157.25,0,Other,4,1,-31.859744946477758,0.53,0,0,1,0,70.0,1,22.870000000000005,Mining Activity,0,LOW
20.97561,85.16992,324.24,0.4,0.37,2026-09-16,2004,N21,VIIRS,n,2.0NRT,291.82,4.11,N,VIIRS_NOAA21_NRT,3.536637168141592,113,0.0212313240876307,16.212090881793653,Persistent / Stable,1,6.52,Unnamed Industrial Feature,0,5.93,0,156.9,0,Other,4,1,16.212090881793653,0.91,0,0,1,0,70.0,1,32.420000000000016,Mining Activity,0,LOW
20.97793,85.13484,312.24,0.4,0.37,2026-09-16,2004,N21,VIIRS,n,2.0NRT,292.42,1.96,N,VIIRS_NOAA21_NRT,3.153809523809524,21,0.0155780670708454,-37.8529367356183,Persistent / Stable,1,7.33,Unnamed Industrial Feature,0,9.37,0,154.02,0,Other,4,1,-37.8529367356183,0.47,0,0,1,0,70.0,1,19.819999999999993,Other Thermal Event,5,LOW
20.98129,85.13547,311.59,0.4,0.37,2026-09-16,2004,N21,VIIRS,n,2.0NRT,291.48,1.96,N,VIIRS_NOAA21_NRT,3.2825,24,0.0056055275745687,-40.28941355674029,Persistent / Stable,1,7.65,Unnamed Industrial Feature,0,9.44,0,153.82,0,Other,4,1,-40.28941355674029,0.46,0,0,1,0,70.0,1,20.109999999999957,Other Thermal Event,5,LOW
20.99899,86.01704,307.75,0.43,0.38,2026-09-16,2004,N21,VIIRS,n,2.0NRT,292.79,1.81,N,VIIRS_NOAA21_NRT,2.6825925925925924,27,0.0048790535303535,-32.52795802844125,Persistent / Stable,1,3.2,TATA Steel,0,82.93,0,101.44,0,Other,4,1,-32.52795802844125,0.49,0,0,1,0,70.0,1,14.95999999999998,Normal Persistent Source,0,LOW
21.00105,86.02584,310.99,0.43,0.38,2026-09-16,2004,N21,VIIRS,n,2.0NRT,292.82,2.12,N,VIIRS_NOAA21_NRT,1.695,14,0.0176938586969743,25.07374631268437,Persistent / Stable,1,3.73,TATA Steel,0,83.81,0,101.06,0,Other,4,1,25.07374631268437,0.79,0,0,1,0,70.0,1,18.170000000000016,Other Thermal Event,10,LOW
21.07485,85.04202,311.37,0.4,0.37,2026-09-16,2004,N21,VIIRS,n,2.0NRT,290.99,1.71,N,VIIRS_NOAA21_NRT,2.44,20,0.0594654150130504,-29.918032786885245,Persistent / Stable,1,3.99,Talcher Super Thermal Powerstation,0,23.11,0,139.65,0,Other,4,1,-29.918032786885245,0.5,0,0,1,0,70.0,1,20.379999999999995,Other Thermal Event,5,LOW
21.07548,85.03822,316.13,0.4,0.37,2026-09-16,2004,N21,VIIRS,n,2.0NRT,292.59,2.07,N,VIIRS_NOAA21_NRT,2.44,20,0.0467331781855092,-15.163934426229511,Persistent / Stable,1,4.29,Talcher Super Thermal Powerstation,0,23.47,0,139.31,0,Other,4,1,-15.163934426229511,0.6,0,0,1,0,70.0,1,23.54000000000002,Other Thermal Event,5,LOW
21.07819,85.04265,310.77,0.4,0.37,2026-09-16,2004,N21,VIIRS,n,2.0NRT,291.47,1.71,N,VIIRS_NOAA21_NRT,2.44,20,0.0141194208293485,-29.918032786885245,Persistent / Stable,1,3.74,Talcher Super Thermal Powerstation,0,23.28,0,139.45,0,Other,4,1,-29.918032786885245,0.5,0,0,1,0,70.0,1,19.299999999999955,Other Thermal Event,5,LOW
21.07882,85.03886,310.98,0.4,0.37,2026-09-16,2004,N21,VIIRS,n,2.0NRT,291.86,2.07,N,VIIRS_NOAA21_NRT,2.44,20,0.0202168280529309,-15.163934426229511,Persistent / Stable,1,4.06,Talcher Super Thermal Powerstation,0,23.64,0,139.11,0,Other,4,1,-15.163934426229511,0.6,0,0,1,0,70.0,1,19.120000000000005,Other Thermal Event,5,LOW
21.07945,85.03506,324.2,0.4,0.37,2026-09-16,2004,N21,VIIRS,n,2.0NRT,293.29,2.07,N,VIIRS_NOAA21_NRT,2.44,20,0.0241494554581795,-15.163934426229511,Persistent / Stable,1,4.39,Talcher Super Thermal Powerstation,0,23.99,0,138.77,0,Other,4,1,-15.163934426229511,0.6,0,0,1,0,70.0,1,30.909999999999968,Other Thermal Event,5,LOW
21.1031,72.64552,349.0,0.45,0.63,2026-09-16,2004,N21,VIIRS,n,2.0NRT,287.88,5.78,N,VIIRS_NOAA21_NRT,4.8750967741935485,155,0.0026872389532537,18.56174898099625,Persistent / Stable,1,0.77,ArcelorMittal Nippon Steel India,1,378.28,0,0.67,1,Industrial,0,1,18.56174898099625,0.98,0,0,1,0,70.0,1,61.120000000000005,Gas Flare,25,LOW
21.10351,72.64121,305.27,0.45,0.63,2026-09-16,2004,N21,VIIRS,n,2.0NRT,287.29,5.78,N,VIIRS_NOAA21_NRT,4.8750967741935485,155,0.0170067300200673,18.56174898099625,Persistent / Stable,1,0.52,Hazira Industrial Complex SURAT,1,378.37,0,0.41,1,Industrial,0,1,18.56174898099625,0.98,0,0,1,0,70.0,1,17.97999999999996,Gas Flare,25,LOW
21.10384,72.64803,315.2,0.45,0.63,2026-09-16,2004,N21,VIIRS,n,2.0NRT,288.0,7.6,N,VIIRS_NOAA21_NRT,4.8750967741935485,155,0.0035222704766205,55.894341220687096,Abnormal Increase,1,0.8,ArcelorMittal Nippon Steel India,1,378.12,0,0.94,1,Industrial,0,1,55.894341220687096,1.29,0,0,1,0,70.0,1,27.19999999999999,Gas Flare,35,LOW
21.10422,72.64373,342.27,0.45,0.63,2026-09-16,2004,N21,VIIRS,n,2.0NRT,288.06,5.17,N,VIIRS_NOAA21_NRT,4.8750967741935485,155,0.0102729963877691,6.049176856704247,Persistent / Stable,1,0.63,ArcelorMittal Nippon Steel India,1,378.22,0,0.61,1,Industrial,0,1,6.049176856704247,0.88,0,0,1,0,70.0,1,54.20999999999998,Gas Flare,25,LOW
21.1046,72.63942,303.53,0.45,0.63,2026-09-16,2004,N21,VIIRS,n,2.0NRT,287.36,5.17,N,VIIRS_NOAA21_NRT,4.8750967741935485,155,0.0077628703258489,6.049176856704247,Persistent / Stable,1,0.33,ONGC Hazira Gas Processing,1,378.31,0,0.33,1,Industrial,0,1,6.049176856704247,0.88,0,0,1,0,70.0,1,16.16999999999996,Gas Flare,25,LOW
21.10888,72.64607,313.11,0.45,0.63,2026-09-16,2004,N21,VIIRS,n,2.0NRT,288.02,3.66,N,VIIRS_NOAA21_NRT,4.8750967741935485,155,0.0090885680715095,-24.924567254248053,Persistent / Stable,1,0.27,ArcelorMittal Nippon Steel India,1,377.65,0,1.1,1,Industrial,0,1,-24.924567254248053,0.62,0,0,1,0,70.0,1,25.090000000000032,Gas Flare,20,LOW
21.11076,72.63569,304.28,0.45,0.63,2026-09-16,2004,N21,VIIRS,n,2.0NRT,287.98,2.41,N,VIIRS_NOAA21_NRT,4.870454545454545,154,0.0055796966966645,-50.517965468968725,Persistent / Reduced,1,0.64,ONGC Hazira Gas Processing,1,377.77,0,0.64,1,Industrial,0,1,-50.517965468968725,0.41,0,0,1,0,70.0,1,16.299999999999955,Gas Flare,20,LOW
21.18106,81.38135,310.22,0.42,0.38,2026-09-16,2004,N21,VIIRS,n,2.0NRT,292.76,1.26,N,VIIRS_NOAA21_NRT,2.72875,24,0.016303142546965,-53.8250114521301,Persistent / Reduced,1,1.06,Bhilai Steel Plant,1,172.39,0,285.39,0,Industrial,0,1,-53.8250114521301,0.34,0,0,1,0,70.0,1,17.460000000000036,Normal Persistent Source,0,LOW
21.18938,81.19746,308.14,0.42,0.38,2026-09-16,2004,N21,VIIRS,n,2.0NRT,292.86,0.8,N,VIIRS_NOAA21_NRT,0.98,2,0.0653174615220072,-18.3673469387755,Persistent / Stable,1,20.04,ACC Jamul,0,191.3,0,303.43,0,Forest / Woodland,2,1,-18.3673469387755,0.4,0,0,1,0,70.0,1,15.279999999999973,Agricultural Burning,0,LOW
21.19363,81.39154,308.91,0.42,0.37,2026-09-16,2004,N21,VIIRS,n,2.0NRT,293.33,1.22,N,VIIRS_NOAA21_NRT,2.583846153846154,26,0.0394447732926048,-52.78356653766002,Persistent / Reduced,1,1.03,Bhilai Steel Plant,1,171.21,0,283.98,0,Industrial,0,1,-52.78356653766002,0.34,0,0,1,0,70.0,1,15.580000000000041,Normal Persistent Source,0,LOW
21.24397,79.22236,311.28,0.52,0.42,2026-09-16,2004,N21,VIIRS,n,2.0NRT,293.06,1.83,N,VIIRS_NOAA21_NRT,1.19375,8,0.0653296566248587,53.29842931937172,Abnormal Increase,1,36.01,MIDC Nagpur Butibori,0,143.0,0,365.96,0,Forest / Woodland,2,1,53.29842931937172,0.83,0,0,1,0,70.0,1,18.21999999999997,Other Thermal Event,20,LOW
21.24442,81.76999,306.44,0.41,0.37,2026-09-16,2004,N21,VIIRS,n,2.0NRT,292.73,1.08,N,VIIRS_NOAA21_NRT,1.3266666666666669,3,0.0046452639871238,-18.5929648241206,Persistent / Stable,1,2.28,Unnamed Industrial Feature,1,131.66,0,244.84,0,Other,4,1,-18.5929648241206,0.46,0,0,1,0,70.0,1,13.70999999999998,Normal Persistent Source,0,LOW
21.27078,72.86748,312.73,0.44,0.62,2026-09-16,2004,N21,VIIRS,n,2.0NRT,287.61,1.94,N,VIIRS_NOAA21_NRT,0.0,0,,0.0,New / No Local History,1,4.5,Utran Gas Based Power Station,0,354.04,0,8.72,0,Other,4,0,0.0,1.94,0,0,0,1,70.0,1,25.120000000000005,Agricultural Burning,0,LOW
21.30841,81.59179,310.03,0.41,0.37,2026-09-16,2004,N21,VIIRS,n,2.0NRT,292.83,1.16,N,VIIRS_NOAA21_NRT,1.505,8,0.0096228412518446,-22.92358803986712,Persistent / Stable,1,0.2,Unnamed Industrial Feature,1,149.83,0,260.51,0,Industrial,0,1,-22.92358803986712,0.46,0,0,1,0,70.0,1,17.19999999999999,Normal Persistent Source,0,LOW
21.33515,78.96735,318.37,0.54,0.42,2026-09-16,2004,N21,VIIRS,n,2.0NRT,292.58,3.27,N,VIIRS_NOAA21_NRT,1.755384615384615,13,0.0165722074416644,86.2839614373357,Abnormal Increase,1,40.66,MIDC Nagpur Butibori,0,156.78,0,379.86,0,Forest / Woodland,2,1,86.2839614373357,1.19,0,0,1,0,70.0,1,25.79000000000002,Other Thermal Event,20,LOW
21.34381,81.66517,308.81,0.41,0.37,2026-09-16,2004,N21,VIIRS,n,2.0NRT,292.78,1.72,N,VIIRS_NOAA21_NRT,2.6757142857142857,7,0.0134066073360394,-35.71809930592632,Persistent / Stable,1,1.21,Jayaswal Neco,1,142.23,0,252.15,0,Industrial,0,1,-35.71809930592632,0.47,0,0,1,0,70.0,1,16.03000000000003,Normal Persistent Source,0,LOW
21.35288,81.67471,307.19,0.41,0.37,2026-09-16,2004,N21,VIIRS,n,2.0NRT,292.27,0.5,N,VIIRS_NOAA21_NRT,2.3618750000000004,16,0.1894245727192434,-78.83037840698599,Persistent / Reduced,1,0.28,Jayaswal Neco,1,141.26,0,250.94,0,Industrial,0,1,-78.83037840698599,0.15,0,0,1,0,70.0,1,14.920000000000016,Normal Persistent Source,0,LOW
21.36648,81.67693,307.57,0.41,0.37,2026-09-16,2004,N21,VIIRS,n,2.0NRT,292.55,0.43,N,VIIRS_NOAA21_NRT,2.3618750000000004,16,0.0409850744513136,-81.79412543000795,Persistent / Reduced,1,1.29,Unnamed Industrial Feature,1,141.07,0,250.34,0,Industrial,0,1,-81.79412543000795,0.13,0,0,1,0,70.0,1,15.019999999999982,Normal Persistent Source,0,LOW
21.37134,81.44672,308.05,0.42,0.37,2026-09-16,2004,N21,VIIRS,n,2.0NRT,292.55,0.78,N,VIIRS_NOAA21_NRT,0.0,0,,0.0,New / No Local History,1,0.32,JK Lakshmi Cement Ltd.,1,164.91,0,273.38,0,Industrial,0,0,0.0,0.78,0,0,0,1,70.0,1,15.5,Other Thermal Event,20,LOW
21.37214,81.68589,310.21,0.41,0.37,2026-09-16,2004,N21,VIIRS,n,2.0NRT,292.61,1.49,N,VIIRS_NOAA21_NRT,2.0107142857142857,14,0.0248619561918065,-25.89698046181172,Persistent / Stable,1,1.17,Unnamed Industrial Feature,1,140.16,0,249.29,0,Industrial,0,1,-25.89698046181172,0.49,0,0,1,0,70.0,1,17.599999999999966,Normal Persistent Source,0,LOW
21.37328,81.67804,311.87,0.41,0.37,2026-09-16,2004,N21,VIIRS,n,2.0NRT,293.09,1.24,N,VIIRS_NOAA21_NRT,2.452,15,0.0766370772268909,-49.42903752039152,Persistent / Stable,1,1.66,Unnamed Industrial Feature,1,140.98,0,250.04,0,Industrial,0,1,-49.42903752039152,0.36,0,0,1,0,70.0,1,18.78000000000003,Normal Persistent Source,0,LOW
21.37497,81.64204,309.19,0.41,0.37,2026-09-16,2004,N21,VIIRS,n,2.0NRT,292.98,1.52,N,VIIRS_NOAA21_NRT,2.078888888888889,9,0.0238310109555284,-26.884019241047564,Persistent / Stable,1,0.74,Unnamed Industrial Feature,1,144.71,0,253.62,0,Industrial,0,1,-26.884019241047564,0.49,0,0,1,0,70.0,1,16.20999999999998,Normal Persistent Source,0,LOW
21.37611,81.68251,316.63,0.41,0.37,2026-09-16,2004,N21,VIIRS,n,2.0NRT,292.9,1.49,N,VIIRS_NOAA21_NRT,2.452,15,0.0156649986368079,-39.23327895595432,Persistent / Stable,1,1.7,Unnamed Industrial Feature,1,140.53,0,249.52,0,Industrial,0,1,-39.23327895595432,0.43,0,0,1,0,70.0,1,23.730000000000018,Normal Persistent Source,0,LOW
21.38801,81.6482,307.45,0.41,0.37,2026-09-16,2004,N21,VIIRS,n,2.0NRT,292.65,0.88,N,VIIRS_NOAA21_NRT,2.078888888888889,9,0.2185050073762877,-57.669695350080175,Persistent / Reduced,1,1.53,Unnamed Industrial Feature,1,144.13,0,252.65,0,Industrial,0,1,-57.669695350080175,0.29,0,0,1,0,70.0,1,14.800000000000011,Normal Persistent Source,0,LOW
21.45675,81.80383,306.98,0.41,0.37,2026-09-16,2004,N21,VIIRS,n,2.0NRT,292.36,0.79,N,VIIRS_NOAA21_NRT,0.0,0,,0.0,New / No Local History,1,4.79,Unnamed Industrial Feature,0,128.69,0,235.23,0,Other,4,0,0.0,0.79,0,0,0,1,70.0,1,14.620000000000005,Agricultural Burning,0,LOW
21.48613,81.76858,314.61,0.41,0.37,2026-09-16,2004,N21,VIIRS,n,2.0NRT,293.13,1.23,N,VIIRS_NOAA21_NRT,1.4842857142857144,7,0.0056419950878919,-17.131857555341686,Persistent / Stable,1,0.14,Unnamed Industrial Feature,1,132.71,0,238.1,0,Industrial,0,1,-17.131857555341686,0.5,0,0,1,0,70.0,1,21.480000000000018,Normal Persistent Source,0,LOW
21.50078,81.81106,307.54,0.41,0.37,2026-09-16,2004,N21,VIIRS,n,2.0NRT,291.96,0.51,N,VIIRS_NOAA21_NRT,0.925,2,0.0508603243110011,-44.86486486486487,Persistent / Stable,1,2.57,Unnamed Industrial Feature,0,128.6,0,233.47,0,Other,4,1,-44.86486486486487,0.26,0,0,1,0,70.0,1,15.580000000000041,Normal Persistent Source,0,LOW
21.57535,82.02122,308.53,0.4,0.37,2026-09-16,2004,N21,VIIRS,n,2.0NRT,292.42,1.4,N,VIIRS_NOAA21_NRT,1.3450000000000002,2,0.0134649013589317,4.089219330854997,Persistent / Stable,1,0.12,Unnamed Industrial Feature,1,109.0,0,210.55,0,Industrial,0,1,4.089219330854997,0.6,0,0,1,0,70.0,1,16.109999999999957,Normal Persistent Source,0,LOW
21.6224,81.79399,308.79,0.41,0.37,2026-09-16,2004,N21,VIIRS,n,2.0NRT,291.95,0.8,N,VIIRS_NOAA21_NRT,0.8400000000000001,2,0.0878670882485746,-4.761904761904765,Persistent / Stable,1,6.95,Unnamed Industrial Feature,0,122.03,0,232.89,0,Other,4,1,-4.761904761904765,0.43,0,0,1,0,70.0,1,16.840000000000032,Agricultural Burning,0,LOW
21.67189,82.07999,309.44,0.4,0.37,2026-09-16,2004,N21,VIIRS,n,2.0NRT,292.36,2.19,N,VIIRS_NOAA21_NRT,1.36,2,0.0108106066755492,61.0294117647059,Abnormal Increase,1,0.46,Unnamed Industrial Feature,1,97.53,0,202.86,0,Industrial,0,1,61.0294117647059,0.93,0,0,1,0,70.0,1,17.079999999999984,Other Thermal Event,35,LOW
21.67677,84.03795,323.21,0.38,0.36,2026-09-16,2004,N21,VIIRS,n,2.0NRT,293.75,3.86,N,VIIRS_NOAA21_NRT,2.826315789473685,19,0.0578657251740525,36.57355679702045,Persistent / Stable,1,6.78,Unnamed Industrial Feature,0,110.78,0,25.46,0,Other,4,1,36.57355679702045,1.01,0,0,1,0,70.0,1,29.45999999999998,Other Thermal Event,10,LOW
21.71354,84.04081,309.34,0.38,0.36,2026-09-16,2004,N21,VIIRS,n,2.0NRT,292.82,2.17,N,VIIRS_NOAA21_NRT,2.18,1,0.9520470684203928,-0.4587155963302857,Single Historical Detection,1,2.86,Unnamed Industrial Feature,0,112.57,0,21.39,0,Other,4,1,-0.4587155963302857,0.68,0,0,0,0,70.0,1,16.519999999999982,Other Thermal Event,5,LOW
21.7298,82.21558,307.4,0.4,0.37,2026-09-16,2004,N21,VIIRS,n,2.0NRT,291.22,0.51,N,VIIRS_NOAA21_NRT,1.163333333333333,3,0.010661173648793,-56.16045845272206,Persistent / Reduced,1,0.2,Unnamed Industrial Feature,1,83.95,0,188.17,0,Industrial,0,1,-56.16045845272206,0.24,0,0,1,0,70.0,1,16.17999999999995,Normal Persistent Source,0,LOW
21.75736,83.84813,303.99,0.38,0.36,2026-09-16,2004,N21,VIIRS,n,2.0NRT,291.74,1.36,N,VIIRS_NOAA21_NRT,4.770121951219512,82,0.0098930184401443,-71.48919851719289,Persistent / Reduced,1,4.87,Unnamed Industrial Feature,0,96.86,0,24.87,0,Other,4,1,-71.48919851719289,0.24,0,0,1,0,70.0,1,12.25,Other Thermal Event,5,LOW
21.76065,83.84872,310.44,0.38,0.36,2026-09-16,2004,N21,VIIRS,n,2.0NRT,292.16,1.36,N,VIIRS_NOAA21_NRT,4.770121951219512,82,0.0424978432717812,-71.48919851719289,Persistent / Reduced,1,4.51,Unnamed Industrial Feature,0,97.1,0,24.58,0,Other,4,1,-71.48919851719289,0.24,0,0,1,0,70.0,1,18.279999999999973,Other Thermal Event,5,LOW
21.76122,83.84504,312.03,0.38,0.36,2026-09-16,2004,N21,VIIRS,n,2.0NRT,291.09,1.27,N,VIIRS_NOAA21_NRT,4.736385542168675,83,0.0165344277058521,-73.18630443630444,Persistent / Reduced,1,4.57,Unnamed Industrial Feature,0,96.8,0,24.83,0,Other,4,1,-73.18630443630444,0.22,0,0,1,0,70.0,1,20.939999999999998,Other Thermal Event,5,LOW
21.76462,83.84966,307.96,0.38,0.36,2026-09-16,2004,N21,VIIRS,n,2.0NRT,291.05,1.47,N,VIIRS_NOAA21_NRT,4.770121951219512,82,0.0245357938274797,-69.18317780902467,Persistent / Reduced,1,4.05,Unnamed Industrial Feature,0,97.4,0,24.22,0,Other,4,1,-69.18317780902467,0.25,0,0,1,0,70.0,1,16.909999999999968,Other Thermal Event,5,LOW
21.76488,84.01996,312.39,0.38,0.36,2026-09-16,2004,N21,VIIRS,n,2.0NRT,293.13,2.39,N,VIIRS_NOAA21_NRT,2.5425,24,0.0086722382431068,-5.998033431661744,Persistent / Stable,1,0.34,Bhushan Power & Steel,1,112.95,0,15.67,0,Industrial,0,1,-5.998033431661744,0.67,0,0,1,0,70.0,1,19.25999999999999,Normal Persistent Source,0,LOW
21.76817,84.02055,315.64,0.38,0.36,2026-09-16,2004,N21,VIIRS,n,2.0NRT,293.19,2.39,N,VIIRS_NOAA21_NRT,2.5425,24,0.0069671761174455,-5.998033431661744,Persistent / Stable,1,0.66,Bhushan Power & Steel,1,113.16,0,15.3,0,Industrial,0,1,-5.998033431661744,0.67,0,0,1,0,70.0,1,22.44999999999999,Normal Persistent Source,0,LOW
21.80006,82.04181,312.72,0.4,0.37,2026-09-16,2004,N21,VIIRS,n,2.0NRT,292.19,1.5,N,VIIRS_NOAA21_NRT,1.915,2,0.2778020543839332,-21.671018276762403,Persistent / Stable,1,14.85,Unnamed Industrial Feature,0,89.8,0,205.37,0,Forest / Woodland,2,1,-21.671018276762403,0.51,0,0,1,0,70.0,1,20.53000000000003,Agricultural Burning,0,LOW
21.81615,83.99513,306.86,0.38,0.36,2026-09-16,2004,N21,VIIRS,n,2.0NRT,292.4,2.1,N,VIIRS_NOAA21_NRT,2.4966666666666666,3,0.0239161708356799,-15.887850467289711,Persistent / Stable,1,3.11,Unnamed Industrial Feature,0,113.29,0,10.52,0,Other,4,1,-15.887850467289711,0.6,0,0,1,0,70.0,1,14.460000000000036,Normal Persistent Source,0,LOW
21.8585,83.96804,316.51,0.38,0.36,2026-09-16,2004,N21,VIIRS,n,2.0NRT,293.87,3.51,N,VIIRS_NOAA21_NRT,2.225,2,0.0392334663465325,57.75280898876402,Abnormal Increase,1,0.23,MSP Steel,1,113.26,0,8.14,0,Industrial,0,1,57.75280898876402,1.09,0,0,1,0,70.0,1,22.639999999999986,Other Thermal Event,35,LOW
21.87721,83.49519,309.88,0.38,0.36,2026-09-16,2004,N21,VIIRS,n,2.0NRT,292.74,1.03,N,VIIRS_NOAA21_NRT,1.6025,4,0.0526267850234123,-35.725429017160685,Persistent / Stable,1,5.46,Unnamed Industrial Feature,0,77.9,0,55.12,0,Other,4,1,-35.725429017160685,0.4,0,0,1,0,70.0,1,17.139999999999986,Agricultural Burning,0,LOW
21.87797,83.55589,310.11,0.38,0.36,2026-09-16,2004,N21,VIIRS,n,2.0NRT,293.06,1.04,N,VIIRS_NOAA21_NRT,2.69,2,0.1372405968442181,-61.33828996282528,Persistent / Reduced,1,0.09,Unnamed Industrial Feature,1,81.93,0,48.86,0,Industrial,0,1,-61.33828996282528,0.28,0,0,1,0,70.0,1,17.05000000000001,Normal Persistent Source,0,LOW
21.87911,83.54853,307.36,0.38,0.36,2026-09-16,2004,N21,VIIRS,n,2.0NRT,292.3,0.74,N,VIIRS_NOAA21_NRT,2.69,2,0.5551508879054796,-72.4907063197026,Persistent / Reduced,1,0.2,Unnamed Industrial Feature,1,81.53,0,49.61,0,Industrial,0,1,-72.4907063197026,0.2,0,0,1,0,70.0,1,15.060000000000002,Normal Persistent Source,0,LOW
21.91583,83.35419,307.28,0.39,0.36,2026-09-16,2004,N21,VIIRS,n,2.0NRT,292.92,1.38,N,VIIRS_NOAA21_NRT,2.8140740740740737,27,0.0227697179435683,-50.96077915240853,Persistent / Reduced,1,1.46,Jindal Steel Works,1,73.85,0,69.58,0,Industrial,0,1,-50.96077915240853,0.36,0,0,1,0,70.0,1,14.359999999999957,Normal Persistent Source,0,LOW
21.91969,83.35107,324.04,0.39,0.36,2026-09-16,2004,N21,VIIRS,n,2.0NRT,294.87,1.9,N,VIIRS_NOAA21_NRT,2.8140740740740737,27,0.000194071758148,-32.482232166359566,Persistent / Stable,1,0.93,Jindal Steel Works,1,74.09,0,69.91,0,Industrial,0,1,-32.482232166359566,0.5,0,0,1,0,70.0,1,29.170000000000016,Normal Persistent Source,0,LOW
21.92026,83.34737,310.64,0.39,0.36,2026-09-16,2004,N21,VIIRS,n,2.0NRT,293.24,1.9,N,VIIRS_NOAA21_NRT,2.8140740740740737,27,0.0413312171761854,-32.482232166359566,Persistent / Stable,1,0.81,Jindal Steel Works,1,73.98,0,70.29,0,Industrial,0,1,-32.482232166359566,0.5,0,0,1,0,70.0,1,17.399999999999977,Normal Persistent Source,0,LOW
21.92299,83.35165,308.26,0.39,0.36,2026-09-16,2004,N21,VIIRS,n,2.0NRT,292.54,1.43,N,VIIRS_NOAA21_NRT,2.8140740740740737,27,0.0186791421451548,-49.18399578836535,Persistent / Stable,1,0.64,Jindal Steel Works,1,74.45,0,69.85,0,Industrial,0,1,-49.18399578836535,0.37,0,0,1,0,70.0,1,15.71999999999997,Normal Persistent Source,0,LOW
21.92348,81.74863,307.68,0.41,0.37,2026-09-16,2004,N21,VIIRS,n,2.0NRT,292.17,0.84,N,VIIRS_NOAA21_NRT,0.0,0,,0.0,New / No Local History,1,40.26,Unnamed Industrial Feature,0,107.01,0,235.2,0,Forest / Woodland,2,0,0.0,0.84,0,0,0,1,70.0,1,15.509999999999991,Agricultural Burning,0,LOW
21.92469,83.34056,319.45,0.39,0.36,2026-09-16,2004,N21,VIIRS,n,2.0NRT,293.95,2.6,N,VIIRS_NOAA21_NRT,2.8140740740740737,27,0.0382397429461791,-7.607265069755184,Persistent / Stable,1,0.82,Jindal Steel Works,1,74.13,0,71.0,0,Industrial,0,1,-7.607265069755184,0.68,0,0,1,0,70.0,1,25.5,Normal Persistent Source,0,LOW
21.92512,85.22443,313.17,0.4,0.37,2026-09-16,2004,N21,VIIRS,n,2.0NRT,279.67,1.64,N,VIIRS_NOAA21_NRT,1.847058823529412,17,0.007852421139584,-11.210191082802568,Persistent / Stable,1,4.65,Kalta Mines Office,0,4.65,1,123.21,0,Other,4,1,-11.210191082802568,0.58,0,0,1,0,70.0,1,33.5,Mining Activity,0,LOW
21.92909,85.22123,309.72,0.4,0.37,2026-09-16,2004,N21,VIIRS,n,2.0NRT,277.29,1.64,N,VIIRS_NOAA21_NRT,1.847058823529412,17,0.0037169130561391,-11.210191082802568,Persistent / Stable,1,4.16,Kalta Mines Office,0,4.16,1,122.88,0,Other,4,1,-11.210191082802568,0.58,0,0,1,0,70.0,1,32.43000000000001,Mining Activity,0,LOW
21.95156,83.78412,309.88,0.38,0.36,2026-09-16,2004,N21,VIIRS,n,2.0NRT,292.68,1.44,N,VIIRS_NOAA21_NRT,1.675,4,1.1964986893627858,-14.029850746268664,Persistent / Stable,1,9.04,Hemgir Coal Washery,0,104.28,0,25.72,0,Other,4,1,-14.029850746268664,0.54,0,0,1,0,70.0,1,17.19999999999999,Agricultural Burning,0,LOW
21.95469,83.8074,312.54,0.38,0.36,2026-09-16,2004,N21,VIIRS,n,2.0NRT,293.16,1.94,N,VIIRS_NOAA21_NRT,1.43,1,0.1950089755366821,35.66433566433567,Single Historical Detection,1,9.1,Darlipali Super Thermal Power Station,0,106.3,0,23.45,0,Other,4,1,35.66433566433567,0.8,0,0,0,0,70.0,1,19.379999999999995,Agricultural Burning,0,LOW
21.96315,83.77483,307.48,0.38,0.36,2026-09-16,2004,N21,VIIRS,n,2.0NRT,293.2,1.99,N,VIIRS_NOAA21_NRT,1.675,4,0.2382196785433533,18.805970149253728,Persistent / Stable,1,9.43,Hemgir Coal Washery,0,104.44,0,26.94,0,Other,4,1,18.805970149253728,0.74,0,0,1,0,70.0,1,14.28000000000003,Agricultural Burning,0,LOW
21.98255,83.23227,311.12,0.39,0.36,2026-09-16,2004,N21,VIIRS,n,2.0NRT,292.93,1.47,N,VIIRS_NOAA21_NRT,2.5444444444444443,9,0.0091163790302776,-42.22707423580786,Persistent / Stable,1,0.34,Unnamed Industrial Feature,1,70.03,0,82.57,0,Industrial,0,1,-42.22707423580786,0.41,0,0,1,0,70.0,1,18.189999999999998,Normal Persistent Source,0,LOW
21.98584,83.23285,313.24,0.39,0.36,2026-09-16,2004,N21,VIIRS,n,2.0NRT,292.95,1.47,N,VIIRS_NOAA21_NRT,2.5444444444444443,9,0.0383153188097474,-42.22707423580786,Persistent / Stable,1,0.24,Unnamed Industrial Feature,1,69.86,0,82.55,0,Industrial,0,1,-42.22707423580786,0.41,0,0,1,0,70.0,1,20.29000000000002,Normal Persistent Source,0,LOW
21.98671,82.01536,306.67,0.41,0.37,2026-09-16,2004,N21,VIIRS,n,2.0NRT,291.25,1.59,N,VIIRS_NOAA21_NRT,0.772,5,0.0340533775725642,105.95854922279791,Abnormal Increase,1,13.51,Unnamed Industrial Feature,0,79.47,0,207.83,0,Forest / Woodland,2,1,105.95854922279791,0.9,0,1,1,0,70.0,1,15.420000000000016,Agricultural Burning,20,LOW
22.00257,82.6693,317.58,0.39,0.36,2026-09-16,2004,N21,VIIRS,n,2.0NRT,293.25,2.5,N,VIIRS_NOAA21_NRT,1.743846153846154,13,0.01650638914789,43.36127040141154,Persistent / Stable,1,0.33,Prakash Industries Steel Plant,1,38.65,0,140.59,0,Industrial,0,1,43.36127040141154,0.91,0,0,1,0,70.0,1,24.329999999999984,Normal Persistent Source,0,LOW
22.00589,82.66988,310.27,0.39,0.36,2026-09-16,2004,N21,VIIRS,n,2.0NRT,292.65,1.74,N,VIIRS_NOAA21_NRT,1.743846153846154,13,0.0391928847537168,-0.2205558006175682,Persistent / Stable,1,0.19,Prakash Industries Steel Plant,1,38.28,0,140.56,0,Industrial,0,1,-0.2205558006175682,0.63,0,0,1,0,70.0,1,17.620000000000005,Normal Persistent Source,0,LOW
22.01456,83.7534,324.6,0.38,0.36,2026-09-16,2004,N21,VIIRS,n,2.0NRT,293.65,2.73,N,VIIRS_NOAA21_NRT,1.9,9,0.0114277587156373,43.68421052631578,Persistent / Stable,1,13.86,Hemgir Coal Washery,0,106.88,0,30.85,0,Other,4,1,43.68421052631578,0.94,0,0,1,0,70.0,1,30.950000000000045,Other Thermal Event,10,LOW
22.02978,83.36601,306.79,0.39,0.36,2026-09-16,2004,N21,VIIRS,n,2.0NRT,292.55,1.18,N,VIIRS_NOAA21_NRT,1.5653846153846156,13,0.2422980326743334,-24.619164619164632,Persistent / Stable,1,4.28,Unnamed Industrial Feature,0,79.1,0,69.7,0,Other,4,1,-24.619164619164632,0.46,0,0,1,0,70.0,1,14.240000000000009,Other Thermal Event,5,LOW
22.03774,83.73481,306.25,0.38,0.36,2026-09-16,2004,N21,VIIRS,n,2.0NRT,292.77,1.48,N,VIIRS_NOAA21_NRT,1.7914285714285714,14,0.0919457903175652,-17.38437001594896,Persistent / Stable,1,16.12,Hemgir Coal Washery,0,107.46,0,33.67,0,Other,4,1,-17.38437001594896,0.53,0,0,1,0,70.0,1,13.480000000000018,Other Thermal Event,5,LOW
22.03831,83.73112,315.89,0.38,0.36,2026-09-16,2004,N21,VIIRS,n,2.0NRT,294.08,1.48,N,VIIRS_NOAA21_NRT,1.550909090909091,11,0.0597816288085247,-4.572098475967183,Persistent / Stable,1,16.16,Hemgir Coal Washery,0,107.25,0,34.04,0,Other,4,1,-4.572098475967183,0.58,0,0,1,0,70.0,1,21.810000000000002,Other Thermal Event,5,LOW
22.03864,83.35238,321.88,0.39,0.36,2026-09-16,2004,N21,VIIRS,n,2.0NRT,293.5,2.26,N,VIIRS_NOAA21_NRT,1.5653846153846156,13,0.0134462725924989,44.37346437346434,Persistent / Stable,1,2.68,Unnamed Industrial Feature,0,77.4,0,71.28,0,Other,4,1,44.37346437346434,0.88,0,0,1,0,70.0,1,28.379999999999995,Normal Persistent Source,0,LOW
22.03889,83.72744,305.96,0.38,0.36,2026-09-16,2004,N21,VIIRS,n,2.0NRT,292.64,1.0,N,VIIRS_NOAA21_NRT,1.5490000000000002,10,0.0453525288033397,-35.44222078760491,Persistent / Stable,1,16.21,Hemgir Coal Washery,0,107.05,0,34.41,0,Other,4,1,-35.44222078760491,0.39,0,0,1,0,70.0,1,13.319999999999993,Other Thermal Event,5,LOW
22.0416,83.7317,311.92,0.38,0.36,2026-09-16,2004,N21,VIIRS,n,2.0NRT,292.81,1.99,N,VIIRS_NOAA21_NRT,1.550909090909091,11,0.0060550388541569,28.3118405627198,Persistent / Stable,1,16.53,Hemgir Coal Washery,0,107.56,0,34.14,0,Other,4,1,28.3118405627198,0.78,0,0,1,0,70.0,1,19.110000000000014,Other Thermal Event,10,LOW
22.05454,88.12311,303.37,0.51,0.41,2026-09-16,2004,N21,VIIRS,n,2.0NRT,272.15,1.78,N,VIIRS_NOAA21_NRT,4.342173913043477,23,0.0173808724986367,-59.00670872133772,Persistent / Reduced,1,5.0,Haldia Port Industrial Area,0,256.04,0,7.41,0,Other,4,1,-59.00670872133772,0.33,0,0,1,0,70.0,1,31.220000000000027,Other Thermal Event,5,LOW
22.06592,83.70573,317.8,0.38,0.36,2026-09-16,2004,N21,VIIRS,n,2.0NRT,292.75,1.71,N,VIIRS_NOAA21_NRT,1.34,1,0.0422507896514357,27.61194029850745,Single Historical Detection,1,18.91,Dongamahua Power Plant,0,107.86,0,37.76,0,Other,4,1,27.61194029850745,0.73,0,0,0,0,70.0,1,25.05000000000001,Agricultural Burning,0,LOW
22.08813,83.11729,307.92,0.39,0.36,2026-09-16,2004,N21,VIIRS,n,2.0NRT,292.05,0.9,N,VIIRS_NOAA21_NRT,1.335,2,0.2297659802998289,-32.58426966292134,Persistent / Stable,1,12.21,Binjkote Power Station,0,53.61,0,96.12,0,Forest / Woodland,2,1,-32.58426966292134,0.39,0,0,1,0,70.0,1,15.870000000000005,Agricultural Burning,0,LOW
22.20112,84.57726,306.24,0.39,0.36,2026-09-16,2004,N21,VIIRS,n,2.0NRT,292.27,1.32,N,VIIRS_NOAA21_NRT,0.0,0,,0.0,New / No Local History,1,1.22,Unnamed Industrial Feature,1,70.76,0,65.22,0,Industrial,0,0,0.0,1.32,0,0,0,1,70.0,1,13.970000000000027,Other Thermal Event,20,LOW
22.20597,84.86311,309.72,0.39,0.36,2026-09-16,2004,N21,VIIRS,n,2.0NRT,290.98,2.93,N,VIIRS_NOAA21_NRT,2.2871999999999995,25,0.0551842814992069,28.10423224903816,Persistent / Stable,1,0.93,Rourkela Steel Plant SAIL,1,45.05,0,92.08,0,Industrial,0,1,28.10423224903816,0.89,0,0,1,0,70.0,1,18.74000000000001,Normal Persistent Source,0,LOW
22.20658,84.85936,334.63,0.39,0.36,2026-09-16,2004,N21,VIIRS,n,2.0NRT,291.53,2.93,N,VIIRS_NOAA21_NRT,2.28,27,0.0113608962106957,28.508771929824604,Persistent / Stable,1,1.13,Rourkela Steel Plant SAIL,1,45.4,0,91.74,0,Industrial,0,1,28.508771929824604,0.89,0,0,1,0,70.0,1,43.10000000000002,Normal Persistent Source,0,LOW
22.20806,84.87124,306.69,0.39,0.36,2026-09-16,2004,N21,VIIRS,n,2.0NRT,291.06,1.92,N,VIIRS_NOAA21_NRT,2.4099999999999997,23,0.0874134328161067,-20.331950207468857,Persistent / Stable,1,0.68,Rourkela Steel Plant SAIL,1,44.52,0,92.94,0,Industrial,0,1,-20.331950207468857,0.56,0,0,1,0,70.0,1,15.629999999999995,Normal Persistent Source,0,LOW
22.20861,84.55181,309.76,0.39,0.36,2026-09-16,2004,N21,VIIRS,n,2.0NRT,292.68,1.53,N,VIIRS_NOAA21_NRT,1.315,2,0.1523681241492884,16.349809885931567,Persistent / Stable,1,3.96,Unnamed Industrial Feature,0,73.5,0,63.4,0,Other,4,1,16.349809885931567,0.66,0,0,1,0,70.0,1,17.079999999999984,Other Thermal Event,10,LOW
22.20928,84.86373,308.23,0.39,0.36,2026-09-16,2004,N21,VIIRS,n,2.0NRT,291.81,1.82,N,VIIRS_NOAA21_NRT,2.2871999999999995,25,0.0339822510147636,-20.42672263029029,Persistent / Stable,1,0.6,Rourkela Steel Plant SAIL,1,45.22,0,92.27,0,Industrial,0,1,-20.42672263029029,0.55,0,0,1,0,70.0,1,16.420000000000016,Normal Persistent Source,0,LOW
22.21198,84.8681,323.68,0.39,0.36,2026-09-16,2004,N21,VIIRS,n,2.0NRT,290.95,1.92,N,VIIRS_NOAA21_NRT,2.4099999999999997,23,0.0096793092675343,-20.331950207468857,Persistent / Stable,1,0.14,Rourkela Steel Plant SAIL,1,45.04,0,92.8,0,Industrial,0,1,-20.331950207468857,0.56,0,0,1,0,70.0,1,32.73000000000002,Normal Persistent Source,0,LOW
22.21259,84.86436,311.45,0.39,0.36,2026-09-16,2004,N21,VIIRS,n,2.0NRT,291.89,1.82,N,VIIRS_NOAA21_NRT,2.2871999999999995,25,0.0317247433612034,-20.42672263029029,Persistent / Stable,1,0.35,Rourkela Steel Plant SAIL,1,45.39,0,92.46,0,Industrial,0,1,-20.42672263029029,0.55,0,0,1,0,70.0,1,19.560000000000002,Normal Persistent Source,0,LOW
22.21293,84.84122,309.06,0.39,0.36,2026-09-16,2004,N21,VIIRS,n,2.0NRT,291.55,1.6,N,VIIRS_NOAA21_NRT,2.207,10,0.1101766821398194,-27.503398278205697,Persistent / Stable,1,1.58,Unnamed Industrial Feature,1,47.33,0,90.27,0,Industrial,0,1,-27.503398278205697,0.5,0,0,1,0,70.0,1,17.50999999999999,Normal Persistent Source,0,LOW
22.21529,84.86874,308.55,0.39,0.36,2026-09-16,2004,N21,VIIRS,n,2.0NRT,291.36,1.6,N,VIIRS_NOAA21_NRT,2.4099999999999997,23,0.0020183462847189,-33.60995850622404,Persistent / Stable,1,0.26,Rourkela Steel Plant SAIL,1,45.21,0,92.99,0,Industrial,0,1,-33.60995850622404,0.47,0,0,1,0,70.0,1,17.189999999999998,Normal Persistent Source,0,LOW
22.31197,82.53008,306.81,0.4,0.37,2026-09-16,2004,N21,VIIRS,n,2.0NRT,292.25,0.9,N,VIIRS_NOAA21_NRT,1.89,10,0.087678225494705,-52.38095238095239,Persistent / Reduced,1,1.87,S V Power Private Limited Renki,1,15.99,0,160.85,0,Industrial,0,1,-52.38095238095239,0.31,0,0,1,0,70.0,1,14.560000000000002,Normal Persistent Source,0,LOW
22.31347,84.7674,306.58,0.39,0.36,2026-09-16,2004,N21,VIIRS,n,2.0NRT,290.72,1.26,N,VIIRS_NOAA21_NRT,0.85,1,0.0750946080702758,48.235294117647065,Single Historical Detection,1,9.89,Unnamed Industrial Feature,0,60.18,0,88.42,0,Other,4,1,48.235294117647065,0.68,0,0,0,0,70.0,1,15.859999999999957,Agricultural Burning,0,LOW
22.31475,82.53447,307.82,0.4,0.37,2026-09-16,2004,N21,VIIRS,n,2.0NRT,292.27,0.9,N,VIIRS_NOAA21_NRT,1.89,10,0.0053787775259506,-52.38095238095239,Persistent / Reduced,1,2.27,S V Power Private Limited Renki,1,15.47,0,160.5,0,Other,4,1,-52.38095238095239,0.31,0,0,1,0,70.0,1,15.550000000000011,Normal Persistent Source,0,LOW
22.31531,82.53065,308.4,0.4,0.37,2026-09-16,2004,N21,VIIRS,n,2.0NRT,293.43,0.9,N,VIIRS_NOAA21_NRT,1.89,10,0.1460716349345114,-52.38095238095239,Persistent / Reduced,1,2.25,S V Power Private Limited Renki,1,15.84,0,160.89,0,Other,4,1,-52.38095238095239,0.31,0,0,1,0,70.0,1,14.96999999999997,Normal Persistent Source,0,LOW
22.3175,82.56229,322.67,0.4,0.37,2026-09-16,2004,N21,VIIRS,n,2.0NRT,293.13,3.19,N,VIIRS_NOAA21_NRT,1.9195,20,0.0268905650558126,66.189111747851,Abnormal Increase,1,4.33,S V Power Private Limited Renki,0,12.63,0,157.84,0,Other,4,1,66.189111747851,1.09,0,0,1,0,70.0,1,29.54000000000002,Other Thermal Event,20,LOW
22.32025,82.59006,321.16,0.4,0.37,2026-09-16,2004,N21,VIIRS,n,2.0NRT,292.24,2.61,N,VIIRS_NOAA21_NRT,1.6959999999999995,10,0.0209073258418944,53.89150943396229,Abnormal Increase,1,6.99,S V Power Private Limited Renki,0,9.82,0,155.19,0,Other,4,1,53.89150943396229,0.97,0,0,1,0,70.0,1,28.920000000000016,Other Thermal Event,20,LOW
22.32028,82.56666,307.18,0.4,0.37,2026-09-16,2004,N21,VIIRS,n,2.0NRT,292.35,1.25,N,VIIRS_NOAA21_NRT,1.9152941176470584,17,0.0391062089161451,-34.73587223587223,Persistent / Stable,1,4.88,S V Power Private Limited Renki,0,12.12,0,157.5,0,Other,4,1,-34.73587223587223,0.43,0,0,1,0,70.0,1,14.829999999999984,Other Thermal Event,5,LOW
22.32084,82.56285,309.56,0.4,0.37,2026-09-16,2004,N21,VIIRS,n,2.0NRT,292.64,1.25,N,VIIRS_NOAA21_NRT,1.9195,20,0.0216014299177553,-34.87887470695494,Persistent / Stable,1,4.6,S V Power Private Limited Renki,0,12.48,0,157.89,0,Other,4,1,-34.87887470695494,0.43,0,0,1,0,70.0,1,16.920000000000016,Other Thermal Event,5,LOW
22.32309,82.54761,307.91,0.4,0.37,2026-09-16,2004,N21,VIIRS,n,2.0NRT,293.17,1.24,N,VIIRS_NOAA21_NRT,1.9533333333333331,24,0.1615096537328176,-36.51877133105802,Persistent / Stable,1,3.71,S V Power Private Limited Renki,0,13.94,0,159.46,0,Other,4,1,-36.51877133105802,0.42,0,0,1,0,70.0,1,14.740000000000009,Other Thermal Event,5,LOW
22.32359,82.59061,309.85,0.4,0.37,2026-09-16,2004,N21,VIIRS,n,2.0NRT,292.01,1.16,N,VIIRS_NOAA21_NRT,1.6959999999999995,10,0.0236734549109586,-31.603773584905653,Persistent / Stable,1,7.02,Unnamed Industrial Feature,0,9.65,0,155.25,0,Other,4,1,-31.603773584905653,0.43,0,0,1,0,70.0,1,17.840000000000032,Other Thermal Event,5,LOW
22.33134,82.60752,321.12,0.39,0.37,2026-09-16,2004,N21,VIIRS,n,2.0NRT,292.29,3.01,N,VIIRS_NOAA21_NRT,1.767777777777778,9,0.0443370008480094,70.27027027027025,Abnormal Increase,1,6.24,Unnamed Industrial Feature,0,7.74,0,153.85,0,Other,4,1,70.27027027027025,1.09,0,0,1,0,70.0,1,28.829999999999984,Other Thermal Event,20,LOW
22.35569,82.30148,322.94,0.4,0.37,2026-09-16,2004,N21,VIIRS,n,2.0NRT,292.76,2.88,N,VIIRS_NOAA21_NRT,3.82625,24,0.0073442890697865,-24.730480235217257,Persistent / Stable,1,13.69,Bhandhakhar Power Station,0,38.93,0,184.8,0,Forest / Woodland,2,1,-24.730480235217257,0.6,0,0,1,0,70.0,1,30.180000000000007,Other Thermal Event,5,LOW
22.35905,82.30205,336.17,0.4,0.37,2026-09-16,2004,N21,VIIRS,n,2.0NRT,293.57,6.67,N,VIIRS_NOAA21_NRT,3.82625,24,0.0072560277712275,74.32211695524337,Abnormal Increase,1,13.68,Bhandhakhar Power Station,0,38.88,0,184.84,0,Forest / Woodland,2,1,74.32211695524337,1.38,0,0,1,0,70.0,1,42.60000000000002,Other Thermal Event,20,LOW
22.36304,87.01785,308.43,0.45,0.39,2026-09-16,2004,N21,VIIRS,n,2.0NRT,281.35,1.32,N,VIIRS_NOAA21_NRT,1.3695833333333332,24,0.0105184799131651,-3.620322482506828,Persistent / Stable,1,24.34,Unnamed Industrial Feature,0,161.75,0,113.5,0,Other,4,1,-3.620322482506828,0.56,0,0,1,0,70.0,1,27.079999999999984,Other Thermal Event,5,LOW
22.36409,87.30473,298.89,0.46,0.39,2026-09-16,2004,N21,VIIRS,n,2.0NRT,271.97,1.33,N,VIIRS_NOAA21_NRT,2.612115384615384,52,0.0434070606323572,-49.08341308989176,Persistent / Stable,1,2.07,Unnamed Industrial Feature,1,176.04,0,86.23,0,Other,4,1,-49.08341308989176,0.37,0,0,1,0,70.0,1,26.91999999999996,Normal Persistent Source,0,LOW
22.36487,87.30028,313.18,0.46,0.39,2026-09-16,2004,N21,VIIRS,n,2.0NRT,272.83,1.33,N,VIIRS_NOAA21_NRT,2.8224193548387104,62,0.003480137906309,-52.87730727470142,Persistent / Reduced,1,1.67,Unnamed Industrial Feature,1,175.72,0,86.68,0,Industrial,0,1,-52.87730727470142,0.35,0,0,1,0,70.0,1,40.35000000000002,Normal Persistent Source,0,LOW
22.36658,87.01856,307.63,0.45,0.39,2026-09-16,2004,N21,VIIRS,n,2.0NRT,278.97,1.32,N,VIIRS_NOAA21_NRT,1.3695833333333332,24,0.0236530777432994,-3.620322482506828,Persistent / Stable,1,24.35,Unnamed Industrial Feature,0,161.42,0,113.56,0,Other,4,1,-3.620322482506828,0.56,0,0,1,0,70.0,1,28.659999999999968,Other Thermal Event,5,LOW
22.36845,87.30102,298.82,0.46,0.39,2026-09-16,2004,N21,VIIRS,n,2.0NRT,271.71,1.33,N,VIIRS_NOAA21_NRT,2.707288135593221,59,0.006231181987751,-50.8733487760596,Persistent / Reduced,1,1.71,Unnamed Industrial Feature,1,175.43,0,86.78,0,Industrial,0,1,-50.8733487760596,0.36,0,0,1,0,70.0,1,27.110000000000014,Normal Persistent Source,0,LOW
22.37592,87.27953,316.47,0.46,0.39,2026-09-16,2004,N21,VIIRS,n,2.0NRT,272.73,1.39,N,VIIRS_NOAA21_NRT,3.4282278481012662,79,0.0051832963829752,-59.45427020640256,Persistent / Reduced,1,1.06,Unnamed Industrial Feature,1,173.52,0,89.13,0,Industrial,0,1,-59.45427020640256,0.31,0,0,1,0,70.0,1,43.74000000000001,Normal Persistent Source,0,LOW
22.3767,87.27509,297.78,0.46,0.39,2026-09-16,2004,N21,VIIRS,n,2.0NRT,271.96,1.39,N,VIIRS_NOAA21_NRT,3.552676056338029,71,0.0460398104492745,-60.87456390738979,Persistent / Reduced,1,1.48,Unnamed Industrial Feature,1,173.2,0,89.58,0,Industrial,0,1,-60.87456390738979,0.31,0,0,1,0,70.0,1,25.819999999999993,Normal Persistent Source,0,LOW
22.37949,87.28027,298.11,0.46,0.39,2026-09-16,2004,N21,VIIRS,n,2.0NRT,270.0,1.39,N,VIIRS_NOAA21_NRT,3.3483908045977024,87,0.0062929247395593,-58.48752188390376,Persistent / Reduced,1,0.91,Tata Metaliks,1,173.23,0,89.24,0,Industrial,0,1,-58.48752188390376,0.32,0,0,1,0,70.0,1,28.110000000000014,Normal Persistent Source,0,LOW
22.57406,85.89715,321.02,0.41,0.37,2026-09-16,2004,N21,VIIRS,n,2.0NRT,292.04,2.2,N,VIIRS_NOAA21_NRT,2.615555555555556,18,0.0256910391002858,-15.887850467289722,Persistent / Stable,1,22.19,ACC Cement Ltd.,0,97.42,0,205.99,0,Other,4,1,-15.887850467289722,0.61,0,0,1,0,70.0,1,28.97999999999996,Other Thermal Event,5,LOW
22.57472,85.89321,310.88,0.41,0.37,2026-09-16,2004,N21,VIIRS,n,2.0NRT,291.55,2.2,N,VIIRS_NOAA21_NRT,2.615555555555556,18,0.1129447810846673,-15.887850467289722,Persistent / Stable,1,21.98,ACC Cement Ltd.,0,97.18,0,205.64,0,Other,4,1,-15.887850467289722,0.61,0,0,1,0,70.0,1,19.329999999999984,Other Thermal Event,5,LOW
22.59031,85.90444,306.26,0.41,0.37,2026-09-16,2004,N21,VIIRS,n,2.0NRT,290.74,1.47,N,VIIRS_NOAA21_NRT,2.4885,20,0.0208243681408156,-40.9282700421941,Persistent / Stable,1,22.45,Unnamed Industrial Feature,0,99.21,0,207.34,0,Other,4,1,-40.9282700421941,0.42,0,0,1,0,70.0,1,15.519999999999982,Other Thermal Event,5,LOW
22.60995,85.91238,309.74,0.41,0.37,2026-09-16,2004,N21,VIIRS,n,2.0NRT,290.03,1.41,N,VIIRS_NOAA21_NRT,1.262,5,0.1324172201154854,11.727416798732165,Persistent / Stable,1,20.16,Unnamed Industrial Feature,0,101.33,0,208.9,0,Other,4,1,11.727416798732165,0.62,0,0,1,0,70.0,1,19.710000000000036,Agricultural Burning,0,LOW
22.78913,86.20937,303.13,0.42,0.38,2026-09-16,2004,N21,VIIRS,n,2.0NRT,282.05,1.54,N,VIIRS_NOAA21_NRT,2.479821428571428,56,0.0090365314492786,-37.89875423057534,Persistent / Stable,1,1.05,Adityapur Industrial Estate,1,100.1,0,208.16,0,Industrial,0,1,-37.89875423057534,0.44,0,0,1,0,70.0,1,21.079999999999984,Normal Persistent Source,0,LOW
22.79116,86.19733,314.04,0.42,0.37,2026-09-16,2004,N21,VIIRS,n,2.0NRT,283.23,2.27,N,VIIRS_NOAA21_NRT,2.479821428571428,56,0.0062358046244855,-8.46115071649742,Persistent / Stable,1,0.71,Tata Steel,1,100.06,0,209.38,0,Industrial,0,1,-8.46115071649742,0.65,0,0,1,0,70.0,1,30.810000000000002,Normal Persistent Source,0,LOW
22.80184,86.09192,302.2,0.41,0.37,2026-09-16,2004,N21,VIIRS,n,2.0NRT,280.46,1.77,N,VIIRS_NOAA21_NRT,2.015,14,0.0440773464289585,-12.158808933002486,Persistent / Stable,1,0.25,Unnamed Industrial Feature,1,101.1,0,219.78,0,Industrial,0,1,-12.158808933002486,0.59,0,0,1,0,70.0,1,21.74000000000001,Normal Persistent Source,0,LOW
22.80251,86.08792,304.84,0.41,0.37,2026-09-16,2004,N21,VIIRS,n,2.0NRT,277.84,1.09,N,VIIRS_NOAA21_NRT,2.015,14,0.0557473864987616,-45.90570719602978,Persistent / Stable,1,0.52,Unnamed Industrial Feature,1,101.13,0,220.19,0,Industrial,0,1,-45.90570719602978,0.36,0,0,1,0,70.0,1,27.0,Normal Persistent Source,0,LOW
22.80931,86.08926,297.97,0.41,0.37,2026-09-16,2004,N21,VIIRS,n,2.0NRT,276.01,1.08,N,VIIRS_NOAA21_NRT,2.015,14,0.0209650085163111,-46.40198511166253,Persistent / Stable,1,0.69,Unnamed Industrial Feature,1,100.36,0,220.36,0,Industrial,0,1,-46.40198511166253,0.36,0,0,1,0,70.0,1,21.960000000000036,Normal Persistent Source,0,LOW
22.87381,86.06387,301.97,0.41,0.37,2026-09-16,2004,N21,VIIRS,n,2.0NRT,273.58,0.78,N,VIIRS_NOAA21_NRT,2.095,10,0.0389776348150689,-62.768496420047725,Persistent / Reduced,1,0.11,Unnamed Industrial Feature,1,94.22,0,225.61,0,Industrial,0,1,-62.768496420047725,0.25,0,0,1,0,70.0,1,28.390000000000043,Normal Persistent Source,0,LOW
23.16274,82.33778,307.78,0.4,0.37,2026-09-16,2004,N21,VIIRS,n,2.0NRT,290.99,2.0,N,VIIRS_NOAA21_NRT,1.913076923076923,13,0.0634173778157519,4.543626859670296,Persistent / Stable,1,79.69,Salora Power Station,0,96.95,0,222.92,0,Forest / Woodland,2,1,4.543626859670296,0.69,0,0,1,0,70.0,1,16.789999999999964,Other Thermal Event,10,LOW
23.16554,82.34228,332.04,0.4,0.37,2026-09-16,2004,N21,VIIRS,n,2.0NRT,292.36,2.0,N,VIIRS_NOAA21_NRT,1.913076923076923,13,0.0256011023051637,4.543626859670296,Persistent / Stable,1,79.82,Salora Power Station,0,97.07,0,222.76,0,Forest / Woodland,2,1,4.543626859670296,0.69,0,0,1,0,70.0,1,39.68000000000001,Other Thermal Event,10,LOW
23.16611,82.33836,314.94,0.4,0.37,2026-09-16,2004,N21,VIIRS,n,2.0NRT,291.77,2.0,N,VIIRS_NOAA21_NRT,1.913076923076923,13,0.0123172901323254,4.543626859670296,Persistent / Stable,1,80.02,Salora Power Station,0,97.27,0,223.11,0,Forest / Woodland,2,1,4.543626859670296,0.69,0,0,1,0,70.0,1,23.170000000000016,Other Thermal Event,10,LOW
23.56204,87.08544,305.33,0.44,0.38,2026-09-16,2004,N21,VIIRS,n,2.0NRT,276.05,1.2,N,VIIRS_NOAA21_NRT,1.9581818181818185,11,0.0134881564804266,-38.71866295264625,Persistent / Stable,1,5.41,Unnamed Industrial Feature,0,70.61,0,197.81,0,Other,4,1,-38.71866295264625,0.41,0,0,1,0,70.0,1,29.279999999999973,Other Thermal Event,5,LOW
23.58212,86.72442,296.31,0.43,0.38,2026-09-16,2004,N21,VIIRS,n,2.0NRT,264.17,0.54,N,VIIRS_NOAA21_NRT,1.8125,4,0.0028473946823226,-70.20689655172414,Persistent / Reduced,1,8.06,Raghunathpur Thermal Power Station,0,35.63,0,216.33,0,Other,4,1,-70.20689655172414,0.19,0,0,1,0,70.0,1,32.139999999999986,Agricultural Burning,0,LOW
23.63139,86.29408,304.11,0.41,0.37,2026-09-16,2004,N21,VIIRS,n,2.0NRT,280.66,0.84,N,VIIRS_NOAA21_NRT,1.72,3,0.0061689240901404,-51.16279069767442,Persistent / Reduced,1,0.47,Bokaro Steel Plant,1,7.59,0,201.54,0,Industrial,0,1,-51.16279069767442,0.31,0,0,1,0,70.0,1,23.44999999999999,Normal Persistent Source,0,LOW
23.63777,85.66289,304.78,0.4,0.37,2026-09-16,2004,N21,VIIRS,n,2.0NRT,289.99,0.54,N,VIIRS_NOAA21_NRT,0.979,10,0.5640662862052169,-44.84167517875383,Persistent / Stable,1,11.59,Unnamed Industrial Feature,0,27.48,0,203.44,0,Other,4,1,-44.84167517875383,0.27,0,0,1,0,70.0,1,14.789999999999964,Other Thermal Event,5,LOW
23.6471,85.43867,318.06,0.39,0.37,2026-09-16,2004,N21,VIIRS,n,2.0NRT,290.52,1.98,N,VIIRS_NOAA21_NRT,3.022045454545456,44,0.0073101857021808,-34.481461983906165,Persistent / Stable,1,2.42,Unnamed Industrial Feature,1,48.64,0,208.12,0,Other,4,1,-34.481461983906165,0.49,0,0,1,0,70.0,1,27.54000000000002,Normal Persistent Source,0,LOW
23.64772,85.43484,308.59,0.39,0.37,2026-09-16,2004,N21,VIIRS,n,2.0NRT,289.43,1.1,N,VIIRS_NOAA21_NRT,3.022045454545456,44,0.0398266179358335,-63.6008122132812,Persistent / Reduced,1,2.81,Unnamed Industrial Feature,0,49.0,0,208.17,0,Other,4,1,-63.6008122132812,0.27,0,0,1,0,70.0,1,19.159999999999968,Normal Persistent Source,0,LOW
23.65042,85.43931,304.59,0.39,0.37,2026-09-16,2004,N21,VIIRS,n,2.0NRT,289.37,0.8,N,VIIRS_NOAA21_NRT,3.022045454545456,44,0.0130768268356586,-73.52786342784087,Persistent / Reduced,1,2.39,Unnamed Industrial Feature,1,48.49,0,207.75,0,Other,4,1,-73.52786342784087,0.2,0,0,1,0,70.0,1,15.21999999999997,Normal Persistent Source,0,LOW
23.65638,85.50761,308.8,0.4,0.37,2026-09-16,2004,N21,VIIRS,n,2.0NRT,290.59,1.33,N,VIIRS_NOAA21_NRT,1.07,10,0.0296428533611931,24.299065420560748,Persistent / Stable,1,2.37,Ramgarh Industrial Area,1,41.58,0,205.13,0,Other,4,1,24.299065420560748,0.64,0,0,1,0,70.0,1,18.210000000000036,Normal Persistent Source,0,LOW
23.66393,84.9999,307.49,0.39,0.36,2026-09-16,2004,N21,VIIRS,n,2.0NRT,290.06,1.26,N,VIIRS_NOAA21_NRT,1.2993333333333337,15,0.0143228546302577,-3.027193432529527,Persistent / Stable,1,23.56,Tori Power Project,0,92.42,0,219.28,0,Other,4,1,-3.027193432529527,0.55,0,0,1,0,70.0,1,17.430000000000007,Other Thermal Event,5,LOW
23.66783,84.99675,307.15,0.39,0.36,2026-09-16,2004,N21,VIIRS,n,2.0NRT,289.78,1.0,N,VIIRS_NOAA21_NRT,1.2993333333333337,15,0.0190444069266957,-23.037455105182165,Persistent / Stable,1,23.15,Tori Power Project,0,92.7,0,219.52,0,Other,4,1,-23.037455105182165,0.43,0,0,1,0,70.0,1,17.370000000000005,Other Thermal Event,5,LOW
23.66887,86.09167,306.87,0.41,0.37,2026-09-16,2004,N21,VIIRS,n,2.0NRT,282.65,1.22,N,VIIRS_NOAA21_NRT,2.402441860465117,86,0.0237383190868707,-49.21833405933887,Persistent / Stable,1,2.11,Bokaro Steel Plant,1,18.23,0,196.01,0,Other,4,1,-49.21833405933887,0.36,0,0,1,0,70.0,1,24.220000000000027,Normal Persistent Source,0,LOW
23.67164,86.11678,304.89,0.41,0.37,2026-09-16,2004,N21,VIIRS,n,2.0NRT,280.75,0.62,N,VIIRS_NOAA21_NRT,1.935,12,0.0876054662080778,-67.95865633074936,Persistent / Reduced,1,2.13,Bokaro Steel Plant,1,20.0,0,195.76,0,Other,4,1,-67.95865633074936,0.21,0,0,1,0,70.0,1,24.139999999999986,Normal Persistent Source,0,LOW
23.67411,86.39693,300.38,0.42,0.37,2026-09-16,2004,N21,VIIRS,n,2.0NRT,274.61,1.3,N,VIIRS_NOAA21_NRT,3.0147826086956515,92,0.0100070419687522,-56.87914623593884,Persistent / Reduced,1,3.47,Unnamed Industrial Feature,0,4.66,1,198.34,0,Other,4,1,-56.87914623593884,0.32,0,0,1,0,70.0,1,25.769999999999982,Normal Persistent Source,0,LOW
23.67575,85.3261,309.68,0.39,0.36,2026-09-16,2004,N21,VIIRS,n,2.0NRT,289.15,0.97,N,VIIRS_NOAA21_NRT,1.51,1,0.0376819093551751,-35.76158940397351,Single Historical Detection,1,4.89,Jindal Steel,0,59.3,0,208.85,0,Other,4,1,-35.76158940397351,0.39,0,0,0,0,70.0,1,20.53000000000003,Agricultural Burning,0,LOW
23.67636,85.3223,303.42,0.39,0.36,2026-09-16,2004,N21,VIIRS,n,2.0NRT,288.55,1.02,N,VIIRS_NOAA21_NRT,1.51,1,0.424655155270501,-32.450331125827816,Single Historical Detection,1,4.79,Patratu Thermal Power Station,0,59.67,0,208.93,0,Other,4,1,-32.450331125827816,0.41,0,0,0,0,70.0,1,14.870000000000005,Agricultural Burning,0,LOW
23.67683,86.40165,306.55,0.42,0.37,2026-09-16,2004,N21,VIIRS,n,2.0NRT,274.1,1.3,N,VIIRS_NOAA21_NRT,3.0147826086956515,92,0.014683373869104,-56.87914623593884,Persistent / Reduced,1,3.22,Unnamed Industrial Feature,0,5.09,0,198.13,0,Other,4,1,-56.87914623593884,0.32,0,0,1,0,70.0,1,32.44999999999999,Normal Persistent Source,0,LOW
23.67693,86.08512,311.75,0.41,0.37,2026-09-16,2004,N21,VIIRS,n,2.0NRT,283.37,1.87,N,VIIRS_NOAA21_NRT,2.3926666666666665,90,0.0039190216384388,-21.84452493730843,Persistent / Stable,1,1.96,Bokaro Steel Plant,1,17.13,0,195.1,0,Industrial,0,1,-21.84452493730843,0.55,0,0,1,0,70.0,1,28.379999999999995,Normal Persistent Source,0,LOW
23.67752,86.39761,314.03,0.42,0.37,2026-09-16,2004,N21,VIIRS,n,2.0NRT,274.72,1.3,N,VIIRS_NOAA21_NRT,3.0147826086956515,92,0.0053929940641555,-56.87914623593884,Persistent / Reduced,1,3.6,Unnamed Industrial Feature,0,4.67,1,197.98,0,Other,4,1,-56.87914623593884,0.32,0,0,1,0,70.0,1,39.309999999999945,Mining Activity,0,LOW
23.67821,86.39358,304.58,0.42,0.37,2026-09-16,2004,N21,VIIRS,n,2.0NRT,272.81,1.32,N,VIIRS_NOAA21_NRT,3.0147826086956515,92,0.0174082367057082,-56.215748485722514,Persistent / Reduced,1,3.99,Unnamed Industrial Feature,0,4.25,1,197.84,0,Other,4,1,-56.215748485722514,0.33,0,0,1,0,70.0,1,31.769999999999982,Mining Activity,0,LOW
23.68161,86.39424,307.21,0.42,0.37,2026-09-16,2004,N21,VIIRS,n,2.0NRT,273.16,1.15,N,VIIRS_NOAA21_NRT,3.0147826086956515,92,0.0043318300444834,-61.85462936256128,Persistent / Reduced,1,4.14,Unnamed Industrial Feature,0,4.3,1,197.48,0,Other,4,1,-61.85462936256128,0.29,0,0,1,0,70.0,1,34.049999999999955,Mining Activity,0,LOW
23.68235,86.09438,328.79,0.41,0.37,2026-09-16,2004,N21,VIIRS,n,2.0NRT,281.94,3.16,N,VIIRS_NOAA21_NRT,2.388620689655173,87,0.0087674452015796,32.29392233290022,Persistent / Stable,1,0.85,Bokaro Steel Plant,1,17.46,0,194.51,0,Industrial,0,1,32.29392233290022,0.93,0,0,1,0,70.0,1,46.85000000000002,Normal Persistent Source,0,LOW
23.68302,86.09042,301.62,0.41,0.37,2026-09-16,2004,N21,VIIRS,n,2.0NRT,281.87,1.17,N,VIIRS_NOAA21_NRT,2.4143478260869564,92,0.0347511641845901,-51.53970826580228,Persistent / Reduced,1,1.22,Bokaro Steel Plant,1,17.1,0,194.43,0,Industrial,0,1,-51.53970826580228,0.34,0,0,1,0,70.0,1,19.75,Normal Persistent Source,0,LOW
23.68501,86.39493,307.28,0.42,0.37,2026-09-16,2004,N21,VIIRS,n,2.0NRT,271.44,1.15,N,VIIRS_NOAA21_NRT,3.0147826086956515,92,0.0053460687116113,-61.85462936256128,Persistent / Reduced,1,4.31,Unnamed Industrial Feature,0,4.38,1,197.12,0,Other,4,1,-61.85462936256128,0.29,0,0,1,0,70.0,1,35.839999999999975,Mining Activity,0,LOW
23.6857,86.39091,307.52,0.42,0.37,2026-09-16,2004,N21,VIIRS,n,2.0NRT,271.18,1.15,N,VIIRS_NOAA21_NRT,3.0147826086956515,92,0.0036829427455883,-61.85462936256128,Persistent / Reduced,1,3.97,SAIL Parbatpur Colliery,0,3.97,1,196.97,0,Mining,1,1,-61.85462936256128,0.29,0,0,1,0,70.0,1,36.339999999999975,Mining Activity,0,LOW
23.69462,85.35725,309.23,0.39,0.36,2026-09-16,2004,N21,VIIRS,n,2.0NRT,290.41,0.81,N,VIIRS_NOAA21_NRT,1.4726315789473683,19,0.0329980382028506,-44.99642601858469,Persistent / Stable,1,7.85,Jindal Steel,0,55.88,0,205.78,0,Other,4,1,-44.99642601858469,0.33,0,0,1,0,70.0,1,18.819999999999993,Other Thermal Event,5,LOW
23.69518,85.29065,305.21,0.39,0.36,2026-09-16,2004,N21,VIIRS,n,2.0NRT,288.71,1.28,N,VIIRS_NOAA21_NRT,1.3681818181818182,11,0.0286658812172721,-6.445182724252489,Persistent / Stable,1,5.84,Patratu Thermal Power Station,0,62.62,0,208.15,0,Other,4,1,-6.445182724252489,0.54,0,0,1,0,70.0,1,16.5,Other Thermal Event,5,LOW
23.6958,85.28683,310.96,0.39,0.36,2026-09-16,2004,N21,VIIRS,n,2.0NRT,289.01,1.04,N,VIIRS_NOAA21_NRT,1.3681818181818182,11,0.0357556051258798,-23.986710963455145,Persistent / Stable,1,5.94,Patratu Thermal Power Station,0,63.0,0,208.23,0,Other,4,1,-23.986710963455145,0.44,0,0,1,0,70.0,1,21.94999999999999,Other Thermal Event,5,LOW
23.69608,85.36933,312.99,0.39,0.36,2026-09-16,2004,N21,VIIRS,n,2.0NRT,290.45,1.68,N,VIIRS_NOAA21_NRT,1.4726315789473683,19,0.0204473819722357,14.08148677626877,Persistent / Stable,1,8.62,Jindal Steel,0,54.64,0,205.21,0,Other,4,1,14.08148677626877,0.68,0,0,1,0,70.0,1,22.54000000000002,Other Thermal Event,10,LOW
23.69729,86.07578,310.91,0.41,0.37,2026-09-16,2004,N21,VIIRS,n,2.0NRT,281.5,0.95,N,VIIRS_NOAA21_NRT,2.522933333333333,75,0.0326057133892121,-62.34541803192051,Persistent / Reduced,1,1.45,Unnamed Industrial Feature,1,14.95,0,192.83,0,Industrial,0,1,-62.34541803192051,0.27,0,0,1,0,70.0,1,29.410000000000025,Normal Persistent Source,0,LOW
23.70742,86.4495,304.42,0.42,0.37,2026-09-16,2004,N21,VIIRS,n,2.0NRT,275.28,0.84,N,VIIRS_NOAA21_NRT,2.595192307692308,52,0.0039939701230944,-67.63245646535755,Persistent / Reduced,1,4.76,SAIL Chasnalla ADM Building,0,4.71,1,195.7,0,Other,4,1,-67.63245646535755,0.23,0,0,1,0,70.0,1,29.140000000000043,Mining Activity,0,LOW
23.70811,86.44547,299.91,0.42,0.37,2026-09-16,2004,N21,VIIRS,n,2.0NRT,274.9,0.84,N,VIIRS_NOAA21_NRT,2.5526666666666658,60,0.0339001684867023,-67.09323583180986,Persistent / Reduced,1,4.82,SAIL Chasnalla ADM Building,0,4.39,1,195.54,0,Other,4,1,-67.09323583180986,0.24,0,0,1,0,70.0,1,25.010000000000048,Mining Activity,0,LOW
23.71083,86.45019,301.29,0.42,0.37,2026-09-16,2004,N21,VIIRS,n,2.0NRT,275.34,0.84,N,VIIRS_NOAA21_NRT,2.562727272727272,66,0.0071052158710773,-67.22241929762326,Persistent / Reduced,1,5.14,SAIL Chasnalla ADM Building,0,4.47,1,195.34,0,Other,4,1,-67.22241929762326,0.24,0,0,1,0,70.0,1,25.950000000000045,Mining Activity,0,LOW
23.71424,86.45087,311.19,0.42,0.37,2026-09-16,2004,N21,VIIRS,n,2.0NRT,275.66,1.73,N,VIIRS_NOAA21_NRT,2.608064516129032,62,0.0085411031425684,-33.667285095856506,Persistent / Stable,1,5.52,SAIL Chasnalla ADM Building,0,4.25,1,194.98,0,Other,4,1,-33.667285095856506,0.48,0,0,1,0,70.0,1,35.52999999999997,Mining Activity,0,LOW
23.72001,85.01056,308.42,0.39,0.36,2026-09-16,2004,N21,VIIRS,n,2.0NRT,290.03,1.29,N,VIIRS_NOAA21_NRT,1.3593333333333328,15,0.0581505168238614,-5.100539480137285,Persistent / Stable,1,24.14,Tori Power Project,0,90.88,0,217.89,0,Other,4,1,-5.100539480137285,0.55,0,0,1,0,70.0,1,18.390000000000043,Other Thermal Event,5,LOW
23.72311,86.44012,303.15,0.42,0.37,2026-09-16,2004,N21,VIIRS,n,2.0NRT,275.77,1.25,N,VIIRS_NOAA21_NRT,2.4556321839080453,87,0.0082906166946586,-49.096611121512815,Persistent / Stable,1,6.51,SAIL Chasnalla ADM Building,0,2.78,1,193.8,0,Mining,1,1,-49.096611121512815,0.36,0,0,1,0,70.0,1,27.379999999999995,Mining Activity,0,LOW
23.73469,86.4341,303.86,0.42,0.37,2026-09-16,2004,N21,VIIRS,n,2.0NRT,275.24,1.66,N,VIIRS_NOAA21_NRT,2.3002,100,0.0071804915075441,-27.83236240326928,Persistent / Stable,1,6.04,Unnamed Industrial Feature,0,1.55,1,192.41,0,Mining,1,1,-27.83236240326928,0.5,0,0,1,0,70.0,1,28.620000000000005,Mining Activity,0,LOW
23.73537,86.43006,305.19,0.42,0.37,2026-09-16,2004,N21,VIIRS,n,2.0NRT,274.89,1.22,N,VIIRS_NOAA21_NRT,2.2198850574712643,87,0.0277666274415574,-45.04219955470408,Persistent / Stable,1,5.97,Unnamed Industrial Feature,0,1.15,1,192.26,0,Mining,1,1,-45.04219955470408,0.38,0,0,1,0,70.0,1,30.30000000000001,Mining Activity,0,LOW
23.7381,86.43478,322.04,0.42,0.37,2026-09-16,2004,N21,VIIRS,n,2.0NRT,276.07,2.57,N,VIIRS_NOAA21_NRT,2.35578947368421,95,0.00203775346053,9.092940125111715,Persistent / Stable,1,5.67,Unnamed Industrial Feature,0,1.52,1,192.06,0,Mining,1,1,9.092940125111715,0.77,0,0,1,0,70.0,1,45.97000000000003,Mining Activity,0,LOW
23.74041,85.01054,311.31,0.39,0.36,2026-09-16,2004,N21,VIIRS,n,2.0NRT,291.04,1.76,N,VIIRS_NOAA21_NRT,1.3593333333333328,15,0.0499224444244365,29.475232957332075,Persistent / Stable,1,24.36,Tori Power Project,0,90.81,0,215.9,0,Other,4,1,29.475232957332075,0.75,0,0,1,0,70.0,1,20.269999999999982,Other Thermal Event,10,LOW
23.74546,85.50424,303.38,0.4,0.37,2026-09-16,2004,N21,VIIRS,n,2.0NRT,289.77,0.81,N,VIIRS_NOAA21_NRT,0.6900000000000001,7,0.0285084133435571,17.391304347826082,Persistent / Stable,1,3.22,Unnamed Industrial Feature,0,40.56,0,195.71,0,Other,4,1,17.391304347826082,0.48,0,0,1,0,70.0,1,13.610000000000014,Normal Persistent Source,0,LOW
23.75193,86.41615,304.3,0.42,0.37,2026-09-16,2004,N21,VIIRS,n,2.0NRT,273.15,0.94,N,VIIRS_NOAA21_NRT,2.3065306122448974,147,0.0170594555928787,-59.24615112369492,Persistent / Reduced,1,4.43,Unnamed Industrial Feature,0,1.38,1,190.18,0,Mining,1,1,-59.24615112369492,0.28,0,0,1,0,70.0,1,31.150000000000034,Mining Activity,0,LOW
23.75575,85.85239,321.47,0.4,0.37,2026-09-16,2004,N21,VIIRS,n,2.0NRT,291.96,2.43,N,VIIRS_NOAA21_NRT,1.9751515151515155,33,0.0035999884260256,23.02853636084688,Persistent / Stable,1,1.98,Unnamed Industrial Feature,1,5.15,0,187.5,0,Industrial,0,1,23.02853636084688,0.82,0,0,1,0,70.0,1,29.510000000000048,Normal Persistent Source,0,LOW
23.75741,86.40475,309.59,0.42,0.37,2026-09-16,2004,N21,VIIRS,n,2.0NRT,272.74,1.67,N,VIIRS_NOAA21_NRT,2.1627388535031846,157,0.000582215274438,-22.78309527315565,Persistent / Stable,1,4.48,Unnamed Industrial Feature,0,2.48,1,189.37,0,Mining,1,1,-22.78309527315565,0.53,0,0,1,0,70.0,1,36.849999999999966,Mining Activity,0,LOW
23.75809,86.40074,301.39,0.42,0.37,2026-09-16,2004,N21,VIIRS,n,2.0NRT,273.11,1.62,N,VIIRS_NOAA21_NRT,2.158924050632911,158,0.0061782496839857,-24.96262202808477,Persistent / Stable,1,4.69,Unnamed Industrial Feature,0,2.81,1,189.22,0,Mining,1,1,-24.96262202808477,0.51,0,0,1,0,70.0,1,28.279999999999973,Mining Activity,0,LOW
23.75845,85.85694,306.25,0.4,0.37,2026-09-16,2004,N21,VIIRS,n,2.0NRT,290.36,1.57,N,VIIRS_NOAA21_NRT,1.9751515151515155,33,0.0204375327975943,-20.512427124884937,Persistent / Stable,1,1.62,Unnamed Industrial Feature,1,4.73,1,187.15,0,Industrial,0,1,-20.512427124884937,0.53,0,0,1,0,70.0,1,15.889999999999986,Normal Persistent Source,0,LOW
23.76081,86.40543,304.91,0.42,0.37,2026-09-16,2004,N21,VIIRS,n,2.0NRT,272.28,1.14,N,VIIRS_NOAA21_NRT,2.1704487179487177,156,0.0063482425440266,-47.476298768421984,Persistent / Stable,1,4.15,Unnamed Industrial Feature,0,2.75,1,189.01,0,Mining,1,1,-47.476298768421984,0.36,0,0,1,0,70.0,1,32.63000000000005,Mining Activity,0,LOW
23.7615,86.40141,314.97,0.42,0.37,2026-09-16,2004,N21,VIIRS,n,2.0NRT,272.97,1.98,N,VIIRS_NOAA21_NRT,2.158924050632911,158,0.0056394648928776,-8.28764914543694,Persistent / Stable,1,4.37,Unnamed Industrial Feature,0,3.05,1,188.86,0,Mining,1,1,-8.28764914543694,0.63,0,0,1,0,70.0,1,42.0,Mining Activity,0,LOW
23.76287,86.39339,299.74,0.42,0.37,2026-09-16,2004,N21,VIIRS,n,2.0NRT,273.92,0.7,N,VIIRS_NOAA21_NRT,2.224121621621621,148,0.0208654015917421,-68.52690099340765,Persistent / Reduced,1,4.89,Unnamed Industrial Feature,0,3.72,1,188.56,0,Mining,1,1,-68.52690099340765,0.22,0,0,1,0,70.0,1,25.819999999999993,Mining Activity,0,LOW
23.76421,86.4061,312.31,0.42,0.37,2026-09-16,2004,N21,VIIRS,n,2.0NRT,272.8,1.14,N,VIIRS_NOAA21_NRT,2.173856209150326,153,0.0046248081179035,-47.55862898376429,Persistent / Stable,1,3.82,Unnamed Industrial Feature,0,3.04,1,188.65,0,Mining,1,1,-47.55862898376429,0.36,0,0,1,0,70.0,1,39.50999999999999,Mining Activity,0,LOW
23.7649,86.4021,308.25,0.42,0.37,2026-09-16,2004,N21,VIIRS,n,2.0NRT,272.92,1.98,N,VIIRS_NOAA21_NRT,2.158924050632911,158,0.0051193424180404,-8.28764914543694,Persistent / Stable,1,4.06,Unnamed Industrial Feature,0,3.31,1,188.5,0,Mining,1,1,-8.28764914543694,0.63,0,0,1,0,70.0,1,35.329999999999984,Mining Activity,0,LOW
23.76627,86.39407,299.98,0.42,0.37,2026-09-16,2004,N21,VIIRS,n,2.0NRT,273.74,0.7,N,VIIRS_NOAA21_NRT,2.224121621621621,148,0.0208750663791006,-68.52690099340765,Persistent / Reduced,1,4.62,Unnamed Industrial Feature,0,3.94,1,188.2,0,Mining,1,1,-68.52690099340765,0.22,0,0,1,0,70.0,1,26.24000000000001,Mining Activity,0,LOW
23.7683,86.40279,309.1,0.42,0.37,2026-09-16,2004,N21,VIIRS,n,2.0NRT,272.87,1.52,N,VIIRS_NOAA21_NRT,2.158924050632911,158,0.0058609670960089,-29.594558939931385,Persistent / Stable,1,3.77,Unnamed Industrial Feature,0,3.6,1,188.14,0,Mining,1,1,-29.594558939931385,0.48,0,0,1,0,70.0,1,36.23000000000002,Mining Activity,0,LOW
23.77104,86.19698,311.81,0.41,0.37,2026-09-16,2004,N21,VIIRS,n,2.0NRT,279.8,2.18,N,VIIRS_NOAA21_NRT,3.051874999999999,48,0.0077613698632031,-28.56850296948594,Persistent / Stable,1,5.69,Unnamed Industrial Feature,0,18.18,0,185.14,0,Other,4,1,-28.56850296948594,0.54,0,0,1,0,70.0,1,32.00999999999999,Other Thermal Event,5,LOW
23.77441,86.40816,298.44,0.42,0.37,2026-09-16,2004,N21,VIIRS,n,2.0NRT,271.69,0.53,N,VIIRS_NOAA21_NRT,2.1971724137931035,145,0.1185813055051906,-75.87808782447661,Persistent / Reduced,1,2.93,Unnamed Industrial Feature,0,3.27,1,187.57,0,Mining,1,1,-75.87808782447661,0.17,0,0,1,0,70.0,1,26.75,Mining Activity,0,LOW
23.77449,86.36661,300.96,0.41,0.37,2026-09-16,2004,N21,VIIRS,n,2.0NRT,273.34,0.85,N,VIIRS_NOAA21_NRT,1.9792727272727275,55,0.0133816847888843,-57.05493294139262,Persistent / Reduced,1,4.98,Unnamed Industrial Feature,0,6.65,0,186.82,0,Other,4,1,-57.05493294139262,0.29,0,0,1,0,70.0,1,27.620000000000005,Other Thermal Event,5,LOW
23.77518,86.3626,312.15,0.41,0.37,2026-09-16,2004,N21,VIIRS,n,2.0NRT,273.64,1.6,N,VIIRS_NOAA21_NRT,1.9622641509433965,53,0.0018079189243093,-18.461538461538467,Persistent / Stable,1,4.58,Unnamed Industrial Feature,0,7.03,0,186.68,0,Other,4,1,-18.461538461538467,0.54,0,0,1,0,70.0,1,38.50999999999999,Other Thermal Event,5,LOW
23.77581,86.21023,306.28,0.41,0.37,2026-09-16,2004,N21,VIIRS,n,2.0NRT,279.86,2.59,N,VIIRS_NOAA21_NRT,3.051874999999999,48,0.0068049125762754,-15.134138849068174,Persistent / Stable,1,7.07,Unnamed Industrial Feature,0,17.39,0,184.71,0,Other,4,1,-15.134138849068174,0.64,0,0,1,0,70.0,1,26.41999999999996,Other Thermal Event,5,LOW
23.77647,85.99791,304.11,0.4,0.37,2026-09-16,2004,N21,VIIRS,n,2.0NRT,284.57,0.77,N,VIIRS_NOAA21_NRT,1.0766666666666669,6,0.1142851954946768,-28.482972136222905,Persistent / Stable,1,2.16,Unnamed Industrial Feature,1,3.88,1,184.12,0,Mining,1,1,-28.482972136222905,0.37,0,0,1,0,70.0,1,19.54000000000002,Normal Persistent Source,0,LOW
23.77785,86.38803,308.56,0.42,0.37,2026-09-16,2004,N21,VIIRS,n,2.0NRT,274.29,0.94,N,VIIRS_NOAA21_NRT,2.20476821192053,151,0.0064466733800039,-57.36513276462814,Persistent / Reduced,1,4.65,Unnamed Industrial Feature,0,4.75,1,186.83,0,Other,4,1,-57.36513276462814,0.29,0,0,1,0,70.0,1,34.26999999999998,Mining Activity,0,LOW
23.77919,86.21089,334.54,0.41,0.37,2026-09-16,2004,N21,VIIRS,n,2.0NRT,281.16,2.59,N,VIIRS_NOAA21_NRT,3.051874999999999,48,0.0043226238976296,-15.134138849068174,Persistent / Stable,1,7.36,Unnamed Industrial Feature,0,17.57,0,184.34,0,Other,4,1,-15.134138849068174,0.64,0,0,1,0,70.0,1,53.379999999999995,Other Thermal Event,5,LOW
23.77986,86.20692,303.64,0.41,0.37,2026-09-16,2004,N21,VIIRS,n,2.0NRT,280.28,2.09,N,VIIRS_NOAA21_NRT,3.051874999999999,48,0.0024907933270893,-31.517509727626443,Persistent / Stable,1,7.1,Unnamed Industrial Feature,0,17.93,0,184.24,0,Other,4,1,-31.517509727626443,0.52,0,0,1,0,70.0,1,23.360000000000014,Other Thermal Event,5,LOW
23.7801,86.21068,333.6,0.41,0.37,2026-09-16,2004,N21,VIIRS,n,2.0NRT,281.29,4.39,N,VIIRS_NOAA21_NRT,3.051874999999999,48,0.0173010542338848,43.84599631374159,Persistent / Stable,1,7.41,Unnamed Industrial Feature,0,17.65,0,184.24,0,Other,4,1,43.84599631374159,1.08,0,0,1,0,70.0,1,52.31,Other Thermal Event,10,LOW
23.78057,86.39274,300.12,0.42,0.37,2026-09-16,2004,N21,VIIRS,n,2.0NRT,273.45,1.27,N,VIIRS_NOAA21_NRT,2.224121621621621,148,0.0262855706014115,-42.898806088039606,Persistent / Stable,1,4.11,Unnamed Industrial Feature,0,4.18,1,186.61,0,Other,4,1,-42.898806088039606,0.39,0,0,1,0,70.0,1,26.670000000000016,Mining Activity,0,LOW
23.7806,86.37199,300.72,0.41,0.37,2026-09-16,2004,N21,VIIRS,n,2.0NRT,274.55,0.65,N,VIIRS_NOAA21_NRT,2.097462686567164,67,0.0641654546558986,-69.01017576318225,Persistent / Reduced,1,5.57,Unnamed Industrial Feature,0,6.18,0,186.24,0,Other,4,1,-69.01017576318225,0.21,0,0,1,0,70.0,1,26.170000000000016,Other Thermal Event,5,LOW
23.78086,85.57756,305.95,0.4,0.37,2026-09-16,2004,N21,VIIRS,n,2.0NRT,291.87,2.19,N,VIIRS_NOAA21_NRT,1.5119999999999998,10,0.1516153955384501,44.84126984126986,Persistent / Stable,1,1.89,Unnamed Industrial Feature,1,33.25,0,189.9,0,Industrial,0,1,44.84126984126986,0.87,0,0,1,0,70.0,1,14.079999999999984,Normal Persistent Source,0,LOW
23.78125,86.38871,301.98,0.42,0.37,2026-09-16,2004,N21,VIIRS,n,2.0NRT,273.81,0.94,N,VIIRS_NOAA21_NRT,2.20476821192053,151,0.0244564203052032,-57.36513276462814,Persistent / Reduced,1,4.5,Unnamed Industrial Feature,0,4.54,1,186.47,0,Other,4,1,-57.36513276462814,0.29,0,0,1,0,70.0,1,28.170000000000016,Mining Activity,0,LOW
23.78131,86.34724,299.63,0.41,0.37,2026-09-16,2004,N21,VIIRS,n,2.0NRT,274.43,1.1,N,VIIRS_NOAA21_NRT,2.215365853658537,82,0.0278094479204692,-50.34680171749424,Persistent / Reduced,1,3.1,Unnamed Industrial Feature,0,8.61,0,185.76,0,Other,4,1,-50.34680171749424,0.34,0,0,1,0,70.0,1,25.19999999999999,Normal Persistent Source,0,LOW
23.78469,85.55447,307.94,0.4,0.37,2026-09-16,2004,N21,VIIRS,n,2.0NRT,290.75,1.22,N,VIIRS_NOAA21_NRT,1.8392000000000004,25,0.0257290244000907,-33.6668116572423,Persistent / Stable,1,0.82,Tata Iron and Steel Company Limited (TISCO) - West Bokaro,1,35.63,0,190.1,0,Industrial,0,1,-33.6668116572423,0.43,0,0,1,0,70.0,1,17.189999999999998,Normal Persistent Source,0,LOW
23.78801,85.55511,305.1,0.4,0.37,2026-09-16,2004,N21,VIIRS,n,2.0NRT,290.73,1.25,N,VIIRS_NOAA21_NRT,1.8392000000000004,25,0.036200935679232,-32.035667681600714,Persistent / Stable,1,1.1,Unnamed Industrial Feature,1,35.61,0,189.73,0,Industrial,0,1,-32.035667681600714,0.44,0,0,1,0,70.0,1,14.370000000000005,Normal Persistent Source,0,LOW
23.78865,85.55128,313.29,0.4,0.37,2026-09-16,2004,N21,VIIRS,n,2.0NRT,291.43,1.25,N,VIIRS_NOAA21_NRT,1.903333333333333,21,0.0111933338590308,-34.32574430823118,Persistent / Stable,1,0.91,Unnamed Industrial Feature,1,36.0,0,189.77,0,Industrial,0,1,-34.32574430823118,0.43,0,0,1,0,70.0,1,21.860000000000014,Normal Persistent Source,0,LOW
23.79362,86.23397,303.29,0.41,0.37,2026-09-16,2004,N21,VIIRS,n,2.0NRT,279.73,0.81,N,VIIRS_NOAA21_NRT,0.42,1,0.0712896245283382,92.85714285714288,Abnormal Increase,1,8.77,Unnamed Industrial Feature,0,16.95,0,182.95,0,Other,4,1,92.85714285714288,0.57,0,0,0,0,70.0,1,23.560000000000002,Agricultural Burning,10,LOW
23.79421,86.35396,313.87,0.41,0.37,2026-09-16,2004,N21,VIIRS,n,2.0NRT,275.03,1.52,N,VIIRS_NOAA21_NRT,1.9220000000000004,55,0.0393302229944725,-20.915712799167547,Persistent / Stable,1,4.28,Unnamed Industrial Feature,0,7.78,0,184.45,0,Other,4,1,-20.915712799167547,0.52,0,0,1,0,70.0,1,38.84000000000003,Other Thermal Event,5,LOW
23.8017,86.33055,320.07,0.41,0.37,2026-09-16,2004,N21,VIIRS,n,2.0NRT,277.64,1.85,N,VIIRS_NOAA21_NRT,2.309841269841271,63,0.0155108408099005,-19.90791643760312,Persistent / Stable,1,3.27,Unnamed Industrial Feature,0,10.18,0,183.26,0,Other,4,1,-19.90791643760312,0.56,0,0,1,0,70.0,1,42.43000000000001,Normal Persistent Source,0,LOW
23.80449,85.53849,303.54,0.4,0.37,2026-09-16,2004,N21,VIIRS,n,2.0NRT,290.81,0.8,N,VIIRS_NOAA21_NRT,1.9021052631578947,19,0.072266893885734,-57.94133923630326,Persistent / Reduced,1,1.45,Unnamed Industrial Feature,1,37.53,0,188.43,0,Industrial,0,1,-57.94133923630326,0.28,0,0,1,0,70.0,1,12.730000000000018,Normal Persistent Source,0,LOW
23.80509,86.33124,310.95,0.41,0.37,2026-09-16,2004,N21,VIIRS,n,2.0NRT,277.26,1.85,N,VIIRS_NOAA21_NRT,2.3069230769230784,65,0.0040688953939565,-19.806602200733625,Persistent / Stable,1,3.64,Unnamed Industrial Feature,0,10.14,0,182.9,0,Other,4,1,-19.806602200733625,0.56,0,0,1,0,70.0,1,33.69,Other Thermal Event,5,LOW
23.80577,86.32725,300.7,0.41,0.37,2026-09-16,2004,N21,VIIRS,n,2.0NRT,276.86,1.85,N,VIIRS_NOAA21_NRT,2.419056603773585,53,0.0214927839853358,-23.523906091568527,Persistent / Stable,1,3.58,Unnamed Industrial Feature,0,10.55,0,182.76,0,Other,4,1,-23.523906091568527,0.54,0,0,1,0,70.0,1,23.839999999999975,Other Thermal Event,5,LOW
23.81147,84.84515,302.03,0.39,0.36,2026-09-16,2004,N21,VIIRS,n,2.0NRT,284.89,0.91,N,VIIRS_NOAA21_NRT,1.53,1,0.0763726183044174,-40.52287581699346,Single Historical Detection,1,13.56,Tori Power Project,0,107.82,0,218.0,0,Other,4,1,-40.52287581699346,0.36,0,0,0,0,70.0,1,17.139999999999986,Agricultural Burning,0,LOW
23.82204,85.49445,308.58,0.39,0.37,2026-09-16,2004,N21,VIIRS,n,2.0NRT,292.36,1.77,N,VIIRS_NOAA21_NRT,1.2481818181818185,11,0.0427263316198934,41.80626365622723,Persistent / Stable,1,0.46,Unnamed Industrial Feature,1,42.28,0,187.86,0,Industrial,0,1,41.80626365622723,0.79,0,0,1,0,70.0,1,16.21999999999997,Normal Persistent Source,0,LOW
23.82405,84.57054,305.52,0.38,0.36,2026-09-16,2004,N21,VIIRS,n,2.0NRT,290.3,1.24,N,VIIRS_NOAA21_NRT,2.1268,25,0.0197719303436355,-41.69644536392703,Persistent / Stable,1,24.34,Tori Power Project,0,135.79,0,220.33,0,Other,4,1,-41.69644536392703,0.4,0,0,1,0,70.0,1,15.21999999999997,Other Thermal Event,5,LOW
23.82474,85.49892,308.76,0.39,0.37,2026-09-16,2004,N21,VIIRS,n,2.0NRT,292.37,1.7,N,VIIRS_NOAA21_NRT,1.2481818181818185,11,0.0122713791095167,36.198106336489424,Persistent / Stable,1,0.89,Unnamed Industrial Feature,1,41.89,0,187.44,0,Industrial,0,1,36.198106336489424,0.76,0,0,1,0,70.0,1,16.389999999999986,Normal Persistent Source,0,LOW
23.82733,84.57115,308.41,0.38,0.36,2026-09-16,2004,N21,VIIRS,n,2.0NRT,290.09,1.24,N,VIIRS_NOAA21_NRT,2.1268,25,0.0189714176477986,-41.69644536392703,Persistent / Stable,1,24.48,Tori Power Project,0,135.75,0,220.69,0,Other,4,1,-41.69644536392703,0.4,0,0,1,0,70.0,1,18.32000000000005,Other Thermal Event,5,LOW
23.83641,85.46959,309.31,0.39,0.36,2026-09-16,2004,N21,VIIRS,n,2.0NRT,292.62,0.9,N,VIIRS_NOAA21_NRT,1.01,2,0.0966728742066026,-10.89108910891089,Persistent / Stable,1,2.04,Unnamed Industrial Feature,1,45.08,0,187.12,0,Other,4,1,-10.89108910891089,0.45,0,0,1,0,70.0,1,16.689999999999998,Normal Persistent Source,0,LOW
23.83923,84.94717,304.38,0.39,0.36,2026-09-16,2004,N21,VIIRS,n,2.0NRT,290.34,0.75,N,VIIRS_NOAA21_NRT,0.6579999999999999,5,0.0344712003034467,13.981762917933144,Persistent / Stable,1,22.86,Tori Power Project,0,97.71,0,209.75,0,Other,4,1,13.981762917933144,0.45,0,0,1,0,70.0,1,14.04000000000002,Agricultural Burning,0,LOW
23.83945,85.30497,305.26,0.39,0.36,2026-09-16,2004,N21,VIIRS,n,2.0NRT,286.69,0.8,N,VIIRS_NOAA21_NRT,0.0,0,,0.0,New / No Local History,1,10.47,Unnamed Industrial Feature,0,61.6,0,192.76,0,Other,4,0,0.0,0.8,0,0,0,1,70.0,1,18.569999999999993,Agricultural Burning,0,LOW
23.83973,85.47024,304.77,0.39,0.36,2026-09-16,2004,N21,VIIRS,n,2.0NRT,291.21,0.9,N,VIIRS_NOAA21_NRT,1.01,2,0.0306988155034694,-10.89108910891089,Persistent / Stable,1,2.21,Unnamed Industrial Feature,1,45.09,0,186.75,0,Other,4,1,-10.89108910891089,0.45,0,0,1,0,70.0,1,13.560000000000002,Normal Persistent Source,0,LOW
24.1528,82.59875,305.33,0.4,0.37,2026-09-16,2004,N21,VIIRS,n,2.0NRT,290.62,0.93,N,VIIRS_NOAA21_NRT,0.845,2,0.5522319834014972,10.059171597633146,Persistent / Stable,1,7.8,NTPC Singrauli Thermal Power,0,8.13,0,156.59,0,Cropland / Agriculture,3,1,10.059171597633146,0.5,0,0,1,0,70.0,1,14.70999999999998,Agricultural Burning,0,LOW
24.16232,82.62853,316.42,0.4,0.37,2026-09-16,2004,N21,VIIRS,n,2.0NRT,291.51,2.15,N,VIIRS_NOAA21_NRT,1.5533333333333337,6,0.0132190837465814,38.412017167381954,Persistent / Stable,1,4.87,NTPC Singrauli Thermal Power,0,5.27,0,156.96,0,Cropland / Agriculture,3,1,38.412017167381954,0.84,0,0,1,0,70.0,1,24.910000000000025,Mining Activity,0,LOW
24.18084,82.6437,307.8,0.4,0.37,2026-09-16,2004,N21,VIIRS,n,2.0NRT,291.67,0.93,N,VIIRS_NOAA21_NRT,0.9633333333333334,6,0.0314524552207223,-3.4602076124567462,Persistent / Stable,1,2.31,NTPC Singrauli Thermal Power,1,2.7,1,155.82,0,Mining,1,1,-3.4602076124567462,0.47,0,0,1,0,70.0,1,16.129999999999995,Normal Persistent Source,0,LOW
24.18193,82.65998,307.56,0.4,0.37,2026-09-16,2004,N21,VIIRS,n,2.0NRT,291.55,1.5,N,VIIRS_NOAA21_NRT,0.85,3,0.596482404535697,76.47058823529413,Abnormal Increase,1,1.52,NTPC Singrauli Thermal Power,1,2.01,1,156.47,0,Industrial,0,1,76.47058823529413,0.81,0,0,1,0,70.0,1,16.00999999999999,Mining Activity,20,LOW
24.19805,82.715,321.35,0.4,0.37,2026-09-16,2004,N21,VIIRS,n,2.0NRT,290.73,3.3,N,VIIRS_NOAA21_NRT,1.1085714285714283,7,0.0427001287719932,197.680412371134,Abnormal Increase,1,5.62,NTPC Singrauli Thermal Power,0,5.58,0,157.6,0,Cropland / Agriculture,3,1,197.680412371134,1.57,0,1,1,0,70.0,1,30.620000000000005,Mining Activity,15,LOW
24.20471,82.52632,308.65,0.41,0.37,2026-09-16,2004,N21,VIIRS,n,2.0NRT,290.56,1.1,N,VIIRS_NOAA21_NRT,0.0,0,,0.0,New / No Local History,1,13.57,NTPC Singrauli Thermal Power,0,13.57,0,148.28,0,Cropland / Agriculture,3,0,0.0,1.1,0,0,0,1,70.0,1,18.089999999999975,Agricultural Burning,0,LOW
24.32556,81.32915,311.02,0.45,0.39,2026-09-16,2004,N21,VIIRS,n,2.0NRT,291.29,1.06,N,VIIRS_NOAA21_NRT,1.27,1,0.0498805285037294,-16.535433070866137,Single Historical Detection,1,56.25,Unnamed Industrial Feature,0,135.63,0,136.43,0,Cropland / Agriculture,3,1,-16.535433070866137,0.47,0,0,0,0,70.0,1,19.72999999999996,Agricultural Burning,0,LOW
24.66124,74.63296,305.43,0.37,0.58,2026-09-16,2004,N21,VIIRS,n,2.0NRT,288.91,1.37,N,VIIRS_NOAA21_NRT,1.4700000000000002,8,0.0162117079108552,-6.802721088435379,Persistent / Stable,1,31.14,Unnamed Industrial Feature,0,96.1,0,297.01,0,Cropland / Agriculture,3,1,-6.802721088435379,0.55,0,0,1,0,70.0,1,16.519999999999982,Other Thermal Event,5,LOW
24.76448,74.60626,307.34,0.37,0.58,2026-09-16,2004,N21,VIIRS,n,2.0NRT,287.66,1.21,N,VIIRS_NOAA21_NRT,1.0876923076923075,13,0.018851735142089,11.24469589816126,Persistent / Stable,1,41.22,Unnamed Industrial Feature,0,98.38,0,305.48,0,Cropland / Agriculture,3,1,11.24469589816126,0.58,0,0,1,0,70.0,1,19.67999999999995,Other Thermal Event,10,LOW
24.92425,84.1565,305.08,0.38,0.36,2026-09-16,2004,N21,VIIRS,n,2.0NRT,287.36,0.99,N,VIIRS_NOAA21_NRT,2.1375,4,0.0272266096180712,-53.68421052631579,Persistent / Reduced,1,3.63,Rothas Industries,0,171.44,0,199.69,0,Other,4,1,-53.68421052631579,0.32,0,0,1,0,70.0,1,17.71999999999997,Other Thermal Event,5,LOW
13.00124,77.41275,303.01,0.52,0.42,2026-09-16,2006,N21,VIIRS,n,2.0NRT,290.05,0.87,N,VIIRS_NOAA21_NRT,0.0,0,,0.0,New / No Local History,1,9.66,Jindal Aluminium Limited,0,11.7,0,46.74,0,Cropland / Agriculture,3,0,0.0,0.87,0,0,0,1,70.0,1,12.95999999999998,Agricultural Burning,0,LOW
13.34493,76.99017,300.35,0.56,0.43,2026-09-16,2006,N21,VIIRS,n,2.0NRT,282.77,1.21,N,VIIRS_NOAA21_NRT,0.0,0,,0.0,New / No Local History,1,5.25,Tippeswamy Oil Extraction (Abandoned),0,66.97,0,100.73,0,Other,4,0,0.0,1.21,0,0,0,1,70.0,1,17.58000000000004,Agricultural Burning,0,LOW
13.39087,80.10328,307.15,0.4,0.37,2026-09-16,2006,N21,VIIRS,n,2.0NRT,294.03,0.8,N,VIIRS_NOAA21_NRT,1.846666666666667,6,0.0888341084631971,-56.678700361010826,Persistent / Reduced,1,2.61,SIPCOT Gummidipundi,0,30.56,0,30.43,0,Other,4,1,-56.678700361010826,0.28,0,0,1,0,70.0,1,13.120000000000005,Normal Persistent Source,0,LOW
13.51557,80.06577,308.54,0.41,0.37,2026-09-16,2006,N21,VIIRS,n,2.0NRT,293.93,0.75,N,VIIRS_NOAA21_NRT,0.0,0,,0.0,New / No Local History,1,12.02,SIPCOT Gummidipundi,0,43.25,0,44.2,0,Cropland / Agriculture,3,0,0.0,0.75,0,0,0,1,70.0,1,14.610000000000014,Agricultural Burning,0,LOW
13.70849,79.61862,310.8,0.42,0.38,2026-09-16,2006,N21,VIIRS,n,2.0NRT,295.88,1.45,N,VIIRS_NOAA21_NRT,1.52875,8,0.0225904774603044,-5.151267375306629,Persistent / Stable,1,29.08,TTD Transport Yard,0,93.66,0,92.57,0,Cropland / Agriculture,3,1,-5.151267375306629,0.57,0,0,1,0,70.0,1,14.920000000000016,Other Thermal Event,5,LOW
14.09994,76.53317,306.95,0.4,0.45,2026-09-16,2006,N21,VIIRS,n,2.0NRT,289.79,0.59,N,VIIRS_NOAA21_NRT,0.0,0,,0.0,New / No Local History,1,74.86,Davanagere Sugar Company Limited,0,91.39,0,170.32,0,Forest / Woodland,2,0,0.0,0.59,0,0,0,1,70.0,1,17.159999999999968,Agricultural Burning,0,LOW
15.02116,78.01511,310.01,0.51,0.41,2026-09-16,2006,N21,VIIRS,n,2.0NRT,292.66,5.9,N,VIIRS_NOAA21_NRT,1.760526315789474,19,0.0236270221894363,235.12705530642748,Abnormal Increase,1,72.37,Loco Shed,0,118.44,0,227.11,0,Cropland / Agriculture,3,1,235.12705530642748,2.14,0,1,1,0,70.0,1,17.349999999999966,Other Thermal Event,30,LOW
15.10995,76.80755,306.63,0.4,0.44,2026-09-16,2006,N21,VIIRS,n,2.0NRT,292.56,1.48,N,VIIRS_NOAA21_NRT,1.8266666666666664,3,0.0067277079175438,-18.97810218978101,Persistent / Stable,1,9.08,Food Corporation of India,0,12.87,0,261.41,0,Forest / Woodland,2,1,-18.97810218978101,0.52,0,0,1,0,70.0,1,14.069999999999993,Agricultural Burning,0,LOW
15.16966,76.38253,306.41,0.43,0.46,2026-09-16,2006,N21,VIIRS,n,2.0NRT,290.51,1.25,N,VIIRS_NOAA21_NRT,1.3303571428571428,28,0.0248284702670644,-6.040268456375834,Persistent / Stable,1,22.64,APMC,0,27.58,0,249.77,0,Forest / Woodland,2,1,-6.040268456375834,0.54,0,0,1,0,70.0,1,15.900000000000034,Other Thermal Event,5,LOW
15.17077,76.66254,311.22,0.41,0.45,2026-09-16,2006,N21,VIIRS,n,2.0NRT,291.96,2.08,N,VIIRS_NOAA21_NRT,2.45546255506608,227,0.0099486999754014,-15.290909417104729,Persistent / Stable,1,21.93,Food Corporation of India,0,22.44,0,265.93,0,Forest / Woodland,2,1,-15.290909417104729,0.6,0,0,1,0,70.0,1,19.260000000000048,Other Thermal Event,5,LOW
15.17436,76.37912,304.07,0.43,0.46,2026-09-16,2006,N21,VIIRS,n,2.0NRT,290.18,1.25,N,VIIRS_NOAA21_NRT,1.3303571428571428,28,0.0202687962978501,-6.040268456375834,Persistent / Stable,1,22.67,APMC,0,28.2,0,250.05,0,Forest / Woodland,2,1,-6.040268456375834,0.54,0,0,1,0,70.0,1,13.889999999999986,Other Thermal Event,5,LOW
15.17491,76.69395,305.43,0.41,0.45,2026-09-16,2006,N21,VIIRS,n,2.0NRT,288.62,0.79,N,VIIRS_NOAA21_NRT,1.8000000000000005,59,0.0149373558046093,-56.11111111111112,Persistent / Reduced,1,18.57,Food Corporation of India,0,24.42,0,268.26,0,Forest / Woodland,2,1,-56.11111111111112,0.28,0,0,1,0,70.0,1,16.810000000000002,Other Thermal Event,5,LOW
15.17502,76.78572,310.44,0.4,0.44,2026-09-16,2006,N21,VIIRS,n,2.0NRT,292.86,2.28,N,VIIRS_NOAA21_NRT,1.14,6,0.0041386415897424,100.0,Abnormal Increase,1,8.74,Food Corporation of India,0,14.68,0,268.95,0,Forest / Woodland,2,1,100.0,1.07,0,1,1,0,70.0,1,17.579999999999984,Other Thermal Event,30,LOW
15.17539,76.65927,311.72,0.41,0.45,2026-09-16,2006,N21,VIIRS,n,2.0NRT,291.9,2.96,N,VIIRS_NOAA21_NRT,2.479429824561404,228,0.020051088303786,19.382285825476256,Persistent / Stable,1,22.29,Food Corporation of India,0,22.73,0,266.15,0,Forest / Woodland,2,1,19.382285825476256,0.85,0,0,1,0,70.0,1,19.82000000000005,Other Thermal Event,10,LOW
15.17589,76.65549,324.32,0.41,0.45,2026-09-16,2006,N21,VIIRS,n,2.0NRT,293.72,2.96,N,VIIRS_NOAA21_NRT,2.6087027027027028,185,0.0033462298161045,13.466360000828823,Persistent / Stable,1,22.6,NMDC Donimalai Iron Mine,0,22.6,0,265.96,0,Forest / Woodland,2,1,13.466360000828823,0.82,0,0,1,0,70.0,1,30.599999999999966,Other Thermal Event,10,LOW
15.17696,76.67875,308.75,0.41,0.45,2026-09-16,2006,N21,VIIRS,n,2.0NRT,291.26,2.04,N,VIIRS_NOAA21_NRT,2.356753246753246,154,0.0050089376592474,-13.440238055876982,Persistent / Stable,1,20.21,Food Corporation of India,0,23.9,0,267.5,0,Forest / Woodland,2,1,-13.440238055876982,0.61,0,0,1,0,70.0,1,17.49000000000001,Other Thermal Event,5,LOW
15.17747,76.67495,318.45,0.41,0.45,2026-09-16,2006,N21,VIIRS,n,2.0NRT,291.94,2.67,N,VIIRS_NOAA21_NRT,2.4462051282051283,195,0.0061046368611439,9.148655164461957,Persistent / Stable,1,20.62,Food Corporation of India,0,23.74,0,267.31,0,Forest / Woodland,2,1,9.148655164461957,0.77,0,0,1,0,70.0,1,26.50999999999999,Other Thermal Event,10,LOW
15.17888,77.10246,309.68,0.39,0.44,2026-09-16,2006,N21,VIIRS,n,2.0NRT,292.86,4.07,N,VIIRS_NOAA21_NRT,1.3944827586206896,29,0.0085901912578802,191.864490603363,Abnormal Increase,1,19.92,Bellary JSW Steel Plant,0,19.84,0,256.74,0,Cropland / Agriculture,3,1,191.864490603363,1.7,0,1,1,0,70.0,1,16.819999999999993,Other Thermal Event,30,LOW
15.18157,76.67548,311.06,0.41,0.45,2026-09-16,2006,N21,VIIRS,n,2.0NRT,291.32,2.34,N,VIIRS_NOAA21_NRT,2.462052631578948,190,0.005467106598897,-4.957352658244103,Persistent / Stable,1,20.59,Food Corporation of India,0,24.16,0,267.71,0,Forest / Woodland,2,1,-4.957352658244103,0.68,0,0,1,0,70.0,1,19.74000000000001,Other Thermal Event,5,LOW
15.18259,76.66791,316.53,0.41,0.45,2026-09-16,2006,N21,VIIRS,n,2.0NRT,291.69,2.62,N,VIIRS_NOAA21_NRT,2.4380701754385976,228,0.0054708346127042,7.462042167374208,Persistent / Stable,1,21.41,Food Corporation of India,0,23.87,0,267.34,0,Forest / Woodland,2,1,7.462042167374208,0.76,0,0,1,0,70.0,1,24.839999999999975,Other Thermal Event,10,LOW
15.2237,76.76253,311.26,0.41,0.45,2026-09-16,2006,N21,VIIRS,n,2.0NRT,292.88,1.76,N,VIIRS_NOAA21_NRT,1.6163636363636364,11,0.0138786678105761,8.886389201349825,Persistent / Stable,1,12.78,Food Corporation of India,0,18.78,0,274.9,0,Forest / Woodland,2,1,8.886389201349825,0.67,0,0,1,0,70.0,1,18.379999999999995,Other Thermal Event,10,LOW
15.30252,76.22131,305.5,0.44,0.46,2026-09-16,2006,N21,VIIRS,n,2.0NRT,290.9,1.19,N,VIIRS_NOAA21_NRT,0.6260000000000001,5,0.0204272171284619,90.09584664536736,Abnormal Increase,1,28.37,APMC,0,50.28,0,255.14,0,Forest / Woodland,2,1,90.09584664536736,0.73,0,0,1,0,70.0,1,14.600000000000023,Agricultural Burning,10,LOW
15.33746,76.25067,305.6,0.44,0.46,2026-09-16,2006,N21,VIIRS,n,2.0NRT,291.36,1.12,N,VIIRS_NOAA21_NRT,1.1133333333333335,3,0.0943672759460818,0.5988023952095747,Persistent / Stable,1,32.48,APMC,0,50.88,0,259.98,0,Forest / Woodland,2,1,0.5988023952095747,0.53,0,0,1,0,70.0,1,14.240000000000009,Agricultural Burning,0,LOW
15.33849,76.27544,315.64,0.44,0.46,2026-09-16,2006,N21,VIIRS,n,2.0NRT,291.31,1.86,N,VIIRS_NOAA21_NRT,1.33375,32,0.0139234443844761,39.45641986879101,Persistent / Stable,1,33.02,APMC,0,49.26,0,261.21,0,Forest / Woodland,2,1,39.45641986879101,0.8,0,0,1,0,70.0,1,24.329999999999984,Other Thermal Event,10,LOW
16.30445,77.35921,306.68,0.39,0.44,2026-09-16,2006,N21,VIIRS,n,2.0NRT,293.02,2.05,N,VIIRS_NOAA21_NRT,0.61,1,0.0405547995175797,236.0655737704918,Abnormal Increase,1,0.31,Unnamed Industrial Feature,1,136.71,0,193.25,0,Industrial,0,1,236.0655737704918,1.27,0,1,0,0,70.0,1,13.660000000000025,Other Thermal Event,45,MEDIUM
16.8166,80.86457,304.96,0.4,0.37,2026-09-16,2006,N21,VIIRS,n,2.0NRT,291.12,1.09,N,VIIRS_NOAA21_NRT,0.0,0,,0.0,New / No Local History,1,23.85,Unnamed Industrial Feature,0,386.54,0,148.52,0,Cropland / Agriculture,3,0,0.0,1.09,0,0,0,1,70.0,1,13.839999999999975,Agricultural Burning,0,LOW
16.8698,80.02036,308.33,0.43,0.38,2026-09-16,2006,N21,VIIRS,n,2.0NRT,294.35,3.54,N,VIIRS_NOAA21_NRT,1.9516666666666664,6,0.0267024341793872,81.38343296327926,Abnormal Increase,1,0.08,UltraTech Cement Ltd Factory,1,351.92,0,130.16,0,Industrial,0,1,81.38343296327926,1.2,0,0,1,0,70.0,1,13.979999999999961,Normal Persistent Source,10,LOW
17.06303,76.9786,311.55,0.42,0.45,2026-09-16,2006,N21,VIIRS,n,2.0NRT,293.71,2.93,N,VIIRS_NOAA21_NRT,0.8862500000000001,8,0.022394429821344,230.60648801128343,Abnormal Increase,1,0.33,ACC Cement,1,212.81,0,189.53,0,Industrial,0,1,230.60648801128343,1.55,0,1,1,0,70.0,1,17.840000000000032,Normal Persistent Source,20,LOW
17.13991,77.18456,311.27,0.4,0.45,2026-09-16,2006,N21,VIIRS,n,2.0NRT,293.56,1.62,N,VIIRS_NOAA21_NRT,1.548,10,0.0174170660236558,4.651162790697678,Persistent / Stable,1,0.49,Unnamed Industrial Feature,1,223.06,0,166.26,0,Industrial,0,1,4.651162790697678,0.64,0,0,1,0,70.0,1,17.70999999999998,Normal Persistent Source,0,LOW
17.14396,78.22529,305.4,0.53,0.42,2026-09-16,2006,N21,VIIRS,n,2.0NRT,291.14,0.86,N,VIIRS_NOAA21_NRT,1.68,1,0.3379581465227425,-48.80952380952381,Single Historical Detection,1,25.89,Air India Engineering Services Limited,0,261.9,0,62.78,0,Cropland / Agriculture,3,1,-48.80952380952381,0.32,0,0,0,0,70.0,1,14.259999999999991,Agricultural Burning,0,LOW
17.14529,78.22315,303.04,0.53,0.42,2026-09-16,2006,N21,VIIRS,n,2.0NRT,290.6,0.98,N,VIIRS_NOAA21_NRT,1.68,1,0.1105922471172254,-41.66666666666666,Single Historical Detection,1,26.04,Air India Engineering Services Limited,0,261.91,0,62.89,0,Cropland / Agriculture,3,1,-41.66666666666666,0.37,0,0,0,0,70.0,1,12.439999999999998,Agricultural Burning,0,LOW
17.15944,77.29334,306.34,0.4,0.44,2026-09-16,2006,N21,VIIRS,n,2.0NRT,292.35,1.26,N,VIIRS_NOAA21_NRT,0.0,0,,0.0,New / No Local History,1,0.18,Vasavadatta Cement,1,226.97,0,154.51,0,Industrial,0,0,0.0,1.26,0,0,0,1,70.0,1,13.989999999999952,Other Thermal Event,20,LOW
17.46409,80.65588,311.45,0.41,0.37,2026-09-16,2006,N21,VIIRS,n,2.0NRT,293.51,1.56,N,VIIRS_NOAA21_NRT,1.3228571428571427,7,0.072127348816384,17.926565874730034,Persistent / Stable,1,10.38,Unnamed Industrial Feature,0,312.11,0,124.33,0,Cropland / Agriculture,3,1,17.926565874730034,0.67,0,0,1,0,70.0,1,17.939999999999998,Other Thermal Event,10,LOW
17.62367,83.19621,298.78,0.39,0.36,2026-09-16,2006,N21,VIIRS,n,2.0NRT,272.58,0.9,N,VIIRS_NOAA21_NRT,2.7028571428571437,35,0.1685170035017535,-66.70190274841438,Persistent / Reduced,1,7.41,Visakhapatnam Steel Plant RINL,0,304.96,0,14.02,0,Other,4,1,-66.70190274841438,0.24,0,0,1,0,70.0,1,26.19999999999999,Other Thermal Event,5,LOW
17.95527,80.79401,309.89,0.41,0.37,2026-09-16,2006,N21,VIIRS,n,2.0NRT,293.42,1.37,N,VIIRS_NOAA21_NRT,2.711818181818181,33,0.0095566444982769,-49.480388870264825,Persistent / Stable,1,10.5,Aswapuram Heavy Water Plant,0,272.71,0,125.17,0,Other,4,1,-49.480388870264825,0.37,0,0,1,0,70.0,1,16.46999999999997,Other Thermal Event,5,LOW
17.95811,80.79842,309.83,0.41,0.37,2026-09-16,2006,N21,VIIRS,n,2.0NRT,292.99,1.37,N,VIIRS_NOAA21_NRT,2.711818181818181,33,0.0583317526478648,-49.480388870264825,Persistent / Stable,1,10.5,Aswapuram Heavy Water Plant,0,272.72,0,125.63,0,Other,4,1,-49.480388870264825,0.37,0,0,1,0,70.0,1,16.839999999999975,Other Thermal Event,5,LOW
17.95868,80.79456,307.51,0.41,0.37,2026-09-16,2006,N21,VIIRS,n,2.0NRT,292.97,1.37,N,VIIRS_NOAA21_NRT,2.711818181818181,33,0.0047763246681863,-49.480388870264825,Persistent / Stable,1,10.77,Aswapuram Heavy Water Plant,0,272.44,0,125.22,0,Other,4,1,-49.480388870264825,0.37,0,0,1,0,70.0,1,14.539999999999964,Other Thermal Event,5,LOW
17.95925,80.79068,307.04,0.41,0.37,2026-09-16,2006,N21,VIIRS,n,2.0NRT,292.01,2.63,N,VIIRS_NOAA21_NRT,2.711818181818181,33,0.0393198418723826,-3.0170968823332127,Persistent / Stable,1,11.06,Aswapuram Heavy Water Plant,0,272.15,0,124.81,0,Other,4,1,-3.0170968823332127,0.71,0,0,1,0,70.0,1,15.03000000000003,Other Thermal Event,5,LOW
22.338,69.85641,302.93,0.46,0.64,2026-09-16,2144,N21,VIIRS,n,2.0NRT,287.4,2.58,N,VIIRS_NOAA21_NRT,3.705384615384616,13,0.0269861221119108,-30.371600581274656,Persistent / Stable,1,0.62,Unnamed Industrial Feature,1,99.72,0,1.05,1,Industrial,0,1,-30.371600581274656,0.55,0,0,1,0,70.0,1,15.53000000000003,Gas Flare,20,LOW
20.96582,85.17863,329.8,0.49,0.65,2026-09-16,650,N20,VIIRS,n,2.0NRT,290.71,5.33,D,VIIRS_NOAA20_NRT,3.5795412844036694,109,0.1135670363398568,48.90176077094601,Persistent / Stable,1,5.64,Unnamed Industrial Feature,0,4.64,1,158.3,0,Other,4,1,48.90176077094601,1.16,0,0,1,0,70.0,0,39.09000000000003,Mining Activity,0,LOW
20.96792,85.18008,330.05,0.49,0.65,2026-09-16,650,N20,VIIRS,n,2.0NRT,290.89,4.62,D,VIIRS_NOAA20_NRT,3.592222222222222,108,0.1573887978380122,28.611197030621728,Persistent / Stable,1,5.9,Unnamed Industrial Feature,0,4.6,1,158.26,0,Other,4,1,28.611197030621728,1.01,0,0,1,0,70.0,0,39.160000000000025,Mining Activity,0,LOW
22.37662,87.28043,337.08,0.33,0.56,2026-09-16,650,N20,VIIRS,n,2.0NRT,293.41,4.42,D,VIIRS_NOAA20_NRT,3.3160227272727285,88,0.0064171475856744,33.29221068503473,Persistent / Stable,1,0.95,Unnamed Industrial Feature,1,173.51,0,89.08,0,Industrial,0,1,33.29221068503473,1.02,0,0,1,0,70.0,0,43.66999999999996,Normal Persistent Source,0,LOW
23.55662,87.24003,343.7,0.32,0.54,2026-09-16,652,N20,VIIRS,n,2.0NRT,293.18,6.34,D,VIIRS_NOAA20_NRT,2.9255263157894738,38,0.0077737139599165,116.7131420347216,Abnormal Increase,1,2.94,Durgapur Steel Plant,0,85.98,0,189.77,0,Other,4,1,116.7131420347216,1.62,0,1,1,0,70.0,0,50.51999999999998,Normal Persistent Source,5,LOW
23.64812,85.43896,328.65,0.41,0.61,2026-09-16,652,N20,VIIRS,n,2.0NRT,291.63,3.99,D,VIIRS_NOAA20_NRT,3.022045454545456,44,0.0073316823469927,32.02978115364365,Persistent / Stable,1,2.4,Unnamed Industrial Feature,1,48.59,0,208.0,0,Other,4,1,32.02978115364365,0.99,0,0,1,0,70.0,0,37.01999999999998,Normal Persistent Source,0,LOW
23.64861,85.44005,328.39,0.41,0.61,2026-09-16,652,N20,VIIRS,n,2.0NRT,290.68,4.77,D,VIIRS_NOAA20_NRT,3.022045454545456,44,0.0068865332760583,57.84011431149878,Abnormal Increase,1,2.29,Unnamed Industrial Feature,1,48.46,0,207.92,0,Other,4,1,57.84011431149878,1.19,0,0,1,0,70.0,0,37.70999999999998,Normal Persistent Source,0,LOW
23.68799,86.09071,332.29,0.37,0.58,2026-09-16,652,N20,VIIRS,n,2.0NRT,291.89,3.09,D,VIIRS_NOAA20_NRT,2.4143478260869564,92,0.0350052393165634,27.984873041599133,Persistent / Stable,1,1.2,Bokaro Steel Plant,1,16.78,0,193.88,0,Industrial,0,1,27.984873041599133,0.91,0,0,1,0,70.0,0,40.400000000000034,Normal Persistent Source,0,LOW
23.68923,86.09087,330.92,0.37,0.58,2026-09-16,652,N20,VIIRS,n,2.0NRT,291.86,4.35,D,VIIRS_NOAA20_NRT,2.432747252747253,91,0.022279145991701,78.8101906224591,Abnormal Increase,1,1.22,Bokaro Steel Plant,1,16.71,0,193.74,0,Industrial,0,1,78.8101906224591,1.27,0,0,1,0,70.0,0,39.06,Normal Persistent Source,10,LOW
8.49682,77.3105,334.95,0.45,0.39,2026-09-16,828,N20,VIIRS,n,2.0NRT,299.04,4.23,D,VIIRS_NOAA20_NRT,0.0,0,,0.0,New / No Local History,1,24.24,Madura Coats,0,45.13,0,111.2,0,Other,4,0,0.0,4.23,0,0,0,1,70.0,0,35.90999999999997,Agricultural Burning,0,LOW
8.60506,77.97533,337.34,0.49,0.4,2026-09-16,828,N20,VIIRS,n,2.0NRT,302.48,4.11,D,VIIRS_NOAA20_NRT,8.65,7,0.4441926616539168,-52.48554913294797,Persistent / Reduced,1,30.01,SPIC Tuticorin Fertilizers,0,118.81,0,159.91,0,Other,4,1,-52.48554913294797,0.43,0,0,1,0,70.0,0,34.85999999999996,Other Thermal Event,5,LOW
8.93097,78.16671,337.0,0.5,0.41,2026-09-16,828,N20,VIIRS,n,2.0NRT,302.83,7.34,D,VIIRS_NOAA20_NRT,0.0,0,,0.0,New / No Local History,1,13.28,SPIC Tuticorin Fertilizers,0,132.8,0,166.37,0,Other,4,0,0.0,7.34,0,0,0,1,70.0,0,34.170000000000016,Agricultural Burning,0,LOW
8.96156,77.6789,343.05,0.48,0.4,2026-09-16,828,N20,VIIRS,n,2.0NRT,302.28,5.28,D,VIIRS_NOAA20_NRT,0.0,0,,0.0,New / No Local History,1,12.83,India Cements Sankarnagar,0,91.04,0,113.97,0,Other,4,0,0.0,5.28,0,0,0,1,70.0,0,40.77000000000004,Agricultural Burning,0,LOW
8.98199,77.7689,336.97,0.48,0.4,2026-09-16,828,N20,VIIRS,n,2.0NRT,303.94,8.05,D,VIIRS_NOAA20_NRT,2.1,1,0.7292894400748784,283.33333333333337,Abnormal Increase,1,22.84,India Cements Sankarnagar,0,95.75,0,122.71,0,Other,4,1,283.33333333333337,2.6,0,1,0,0,70.0,0,33.03000000000003,Other Thermal Event,40,MEDIUM
9.04229,77.30936,330.49,0.46,0.39,2026-09-16,828,N20,VIIRS,l,2.0NRT,302.73,2.15,D,VIIRS_NOAA20_NRT,0.0,0,,0.0,New / No Local History,1,10.72,Unnamed Industrial Feature,0,64.75,0,72.81,0,Other,4,0,0.0,2.15,0,0,0,1,30.0,0,27.75999999999999,Agricultural Burning,0,LOW
9.58507,78.57467,338.12,0.54,0.42,2026-09-16,828,N20,VIIRS,n,2.0NRT,298.42,5.78,D,VIIRS_NOAA20_NRT,0.0,0,,0.0,New / No Local History,1,63.38,Tourist bus parking,0,154.05,0,191.32,0,Other,4,0,0.0,5.78,0,0,0,1,70.0,0,39.69999999999999,Agricultural Burning,0,LOW
10.68734,79.37804,336.84,0.42,0.45,2026-09-16,828,N20,VIIRS,n,2.0NRT,300.28,5.53,D,VIIRS_NOAA20_NRT,0.0,0,,0.0,New / No Local History,1,15.34,Majestic Lumber Mill,0,125.69,0,51.77,0,Cropland / Agriculture,3,0,0.0,5.53,0,0,0,1,70.0,0,36.56,Agricultural Burning,0,LOW
10.83984,79.61513,342.39,0.43,0.46,2026-09-16,828,N20,VIIRS,n,2.0NRT,299.24,3.08,D,VIIRS_NOAA20_NRT,0.0,0,,0.0,New / No Local History,1,17.86,Majestic Lumber Mill,0,102.7,0,26.36,0,Cropland / Agriculture,3,0,0.0,3.08,0,0,0,1,70.0,0,43.14999999999998,Agricultural Burning,0,LOW
10.84407,78.67319,337.34,0.57,0.43,2026-09-16,828,N20,VIIRS,n,2.0NRT,301.31,4.53,D,VIIRS_NOAA20_NRT,20.51,1,0.7647068489267984,-77.91321306679669,Single Historical Detection,1,5.83,Trichy Steel Company,0,156.2,0,128.26,0,Cropland / Agriculture,3,1,-77.91321306679669,0.21,0,0,0,0,70.0,0,36.02999999999997,Agricultural Burning,0,LOW
10.86347,78.58108,331.06,0.56,0.43,2026-09-16,828,N20,VIIRS,l,2.0NRT,301.52,2.12,D,VIIRS_NOAA20_NRT,2.3366666666666664,3,0.6106398684103133,-9.272467902995707,Persistent / Stable,1,15.59,Trichy Steel Company,0,162.67,0,138.45,0,Cropland / Agriculture,3,1,-9.272467902995707,0.64,0,0,1,0,30.0,0,29.54000000000002,Agricultural Burning,0,LOW
10.96033,78.12535,333.99,0.53,0.42,2026-09-16,828,N20,VIIRS,n,2.0NRT,301.41,3.99,D,VIIRS_NOAA20_NRT,0.0,0,,0.0,New / No Local History,1,17.37,TNPL Paper Mill,0,183.13,0,114.22,0,Cropland / Agriculture,3,0,0.0,3.99,0,0,0,1,70.0,0,32.579999999999984,Agricultural Burning,0,LOW
10.96226,79.10973,335.51,0.41,0.45,2026-09-16,828,N20,VIIRS,n,2.0NRT,300.65,3.59,D,VIIRS_NOAA20_NRT,1.7,1,0.8476006474513271,111.1764705882353,Abnormal Increase,1,17.45,Unnamed Industrial Feature,0,113.27,0,83.16,0,Cropland / Agriculture,3,1,111.1764705882353,1.33,0,1,0,0,70.0,0,34.860000000000014,Agricultural Burning,20,LOW
10.96275,79.11342,343.42,0.41,0.45,2026-09-16,828,N20,VIIRS,n,2.0NRT,300.84,3.59,D,VIIRS_NOAA20_NRT,1.7,1,0.4461358529021733,111.1764705882353,Abnormal Increase,1,17.25,Unnamed Industrial Feature,0,112.98,0,82.79,0,Cropland / Agriculture,3,1,111.1764705882353,1.33,0,1,0,0,70.0,0,42.58000000000004,Agricultural Burning,20,LOW
12.41216,79.09631,337.06,0.42,0.45,2026-09-16,828,N20,VIIRS,n,2.0NRT,300.06,3.39,D,VIIRS_NOAA20_NRT,0.0,0,,0.0,New / No Local History,1,64.04,SIPCOT Ranipet Industrial Estate,0,103.5,0,149.28,0,Cropland / Agriculture,3,0,0.0,3.39,0,0,0,1,70.0,0,37.0,Agricultural Burning,0,LOW
12.52822,76.39294,332.52,0.45,0.39,2026-09-16,828,N20,VIIRS,n,2.0NRT,299.49,5.12,D,VIIRS_NOAA20_NRT,0.0,0,,0.0,New / No Local History,1,29.15,Rangsons Limited,0,134.0,0,145.2,0,Forest / Woodland,2,0,0.0,5.12,0,0,0,1,70.0,0,33.02999999999997,Agricultural Burning,0,LOW
12.56592,79.88382,340.22,0.48,0.48,2026-09-16,828,N20,VIIRS,n,2.0NRT,298.62,3.21,D,VIIRS_NOAA20_NRT,0.0,0,,0.0,New / No Local History,1,23.38,Unnamed Industrial Feature,0,54.7,0,74.05,0,Cropland / Agriculture,3,0,0.0,3.21,0,0,0,1,70.0,0,41.60000000000002,Agricultural Burning,0,LOW
12.56632,79.88676,336.86,0.48,0.48,2026-09-16,828,N20,VIIRS,n,2.0NRT,298.37,2.56,D,VIIRS_NOAA20_NRT,0.0,0,,0.0,New / No Local History,1,23.18,Unnamed Industrial Feature,0,54.49,0,73.83,0,Cropland / Agriculture,3,0,0.0,2.56,0,0,0,1,70.0,0,38.49000000000001,Agricultural Burning,0,LOW
12.89211,76.46473,333.98,0.46,0.39,2026-09-16,828,N20,VIIRS,n,2.0NRT,297.23,2.72,D,VIIRS_NOAA20_NRT,0.0,0,,0.0,New / No Local History,1,31.01,Akshayakalpa Farms & Food,0,115.03,0,136.2,0,Forest / Woodland,2,0,0.0,2.72,0,0,0,1,70.0,0,36.75,Agricultural Burning,0,LOW
13.11887,76.05314,337.89,0.44,0.38,2026-09-16,830,N20,VIIRS,n,2.0NRT,304.96,4.72,D,VIIRS_NOAA20_NRT,0.0,0,,0.0,New / No Local History,1,41.37,Akshayakalpa Farms & Food,0,87.5,0,87.5,0,Forest / Woodland,2,0,0.0,4.72,0,0,0,1,70.0,0,32.93000000000001,Agricultural Burning,0,LOW
13.11896,76.04971,331.85,0.44,0.38,2026-09-16,830,N20,VIIRS,n,2.0NRT,301.58,5.6,D,VIIRS_NOAA20_NRT,0.0,0,,0.0,New / No Local History,1,41.74,Akshayakalpa Farms & Food,0,87.13,0,87.13,0,Forest / Woodland,2,0,0.0,5.6,0,0,0,1,70.0,0,30.27000000000004,Agricultural Burning,0,LOW
13.53701,76.91315,337.97,0.49,0.4,2026-09-16,830,N20,VIIRS,n,2.0NRT,302.72,3.98,D,VIIRS_NOAA20_NRT,0.0,0,,0.0,New / No Local History,1,24.27,KMF Cattle Feed Plant,0,86.36,0,117.96,0,Forest / Woodland,2,0,0.0,3.98,0,0,0,1,70.0,0,35.25,Agricultural Burning,0,LOW
13.67614,79.59966,344.06,0.47,0.48,2026-09-16,830,N20,VIIRS,n,2.0NRT,296.82,5.46,D,VIIRS_NOAA20_NRT,0.0,0,,0.0,New / No Local History,1,26.77,TTD Transport Yard,0,93.29,0,91.93,0,Cropland / Agriculture,3,0,0.0,5.46,0,0,0,1,70.0,0,47.24000000000001,Agricultural Burning,0,LOW
13.74191,79.65913,348.77,0.48,0.48,2026-09-16,830,N20,VIIRS,n,2.0NRT,298.82,10.54,D,VIIRS_NOAA20_NRT,0.0,0,,0.0,New / No Local History,1,34.05,TTD Transport Yard,0,92.43,0,91.77,0,Cropland / Agriculture,3,0,0.0,10.54,0,0,0,1,70.0,0,49.94999999999999,Agricultural Burning,0,LOW
13.76149,79.74277,334.03,0.49,0.48,2026-09-16,830,N20,VIIRS,n,2.0NRT,300.61,4.58,D,VIIRS_NOAA20_NRT,0.0,0,,0.0,New / No Local History,1,43.35,TTD Transport Yard,0,87.11,0,87.05,0,Cropland / Agriculture,3,0,0.0,4.58,0,0,0,1,70.0,0,33.41999999999996,Agricultural Burning,0,LOW
13.7839,77.77302,338.37,0.55,0.43,2026-09-16,830,N20,VIIRS,n,2.0NRT,303.72,5.45,D,VIIRS_NOAA20_NRT,0.0,0,,0.0,New / No Local History,1,41.91,Chikkaballapura Industrial Area,0,88.09,0,89.18,0,Cropland / Agriculture,3,0,0.0,5.45,0,0,0,1,70.0,0,34.64999999999998,Agricultural Burning,0,LOW
13.78421,77.76974,338.6,0.55,0.43,2026-09-16,830,N20,VIIRS,n,2.0NRT,303.86,4.96,D,VIIRS_NOAA20_NRT,0.0,0,,0.0,New / No Local History,1,41.9,Chikkaballapura Industrial Area,0,88.02,0,89.25,0,Cropland / Agriculture,3,0,0.0,4.96,0,0,0,1,70.0,0,34.74000000000001,Agricultural Burning,0,LOW
13.86639,79.54579,341.86,0.47,0.48,2026-09-16,830,N20,VIIRS,n,2.0NRT,301.18,4.4,D,VIIRS_NOAA20_NRT,0.0,0,,0.0,New / No Local History,1,29.98,TTD Transport Yard,0,110.7,0,110.18,0,Cropland / Agriculture,3,0,0.0,4.4,0,0,0,1,70.0,0,40.68000000000001,Agricultural Burning,0,LOW
14.08946,77.4809,339.89,0.53,0.42,2026-09-16,830,N20,VIIRS,n,2.0NRT,306.21,9.87,D,VIIRS_NOAA20_NRT,0.0,0,,0.0,New / No Local History,1,80.2,Chikkaballapura Industrial Area,0,117.97,0,128.94,0,Cropland / Agriculture,3,0,0.0,9.87,0,0,0,1,70.0,0,33.68000000000001,Agricultural Burning,0,LOW
14.88767,77.7773,331.98,0.57,0.43,2026-09-16,830,N20,VIIRS,n,2.0NRT,298.14,3.89,D,VIIRS_NOAA20_NRT,0.0,0,,0.0,New / No Local History,1,55.01,Loco Shed,0,96.58,0,211.68,0,Cropland / Agriculture,3,0,0.0,3.89,0,0,0,1,70.0,0,33.84000000000003,Agricultural Burning,0,LOW
15.16456,77.42062,338.85,0.55,0.42,2026-09-16,830,N20,VIIRS,n,2.0NRT,305.55,7.47,D,VIIRS_NOAA20_NRT,0.0,0,,0.0,New / No Local History,1,6.6,Loco Shed,0,53.75,0,246.64,0,Cropland / Agriculture,3,0,0.0,7.47,0,0,0,1,70.0,0,33.30000000000001,Agricultural Burning,0,LOW
15.175,76.65633,344.39,0.5,0.41,2026-09-16,830,N20,VIIRS,n,2.0NRT,308.28,11.3,D,VIIRS_NOAA20_NRT,2.583451776649747,197,0.0040340483480862,337.3993005069359,Abnormal Increase,1,22.55,NMDC Donimalai Iron Mine,0,22.55,0,265.93,0,Forest / Woodland,2,1,337.3993005069359,3.15,0,1,1,0,70.0,0,36.110000000000014,Other Thermal Event,40,MEDIUM
15.18058,76.66963,336.63,0.5,0.41,2026-09-16,830,N20,VIIRS,n,2.0NRT,304.61,6.49,D,VIIRS_NOAA20_NRT,2.4380701754385976,228,0.0047029456807709,166.1941426207094,Abnormal Increase,1,21.21,Food Corporation of India,0,23.76,0,267.26,0,Forest / Woodland,2,1,166.1941426207094,1.89,0,1,1,0,70.0,0,32.01999999999998,Other Thermal Event,30,LOW
15.27137,75.19524,340.59,0.43,0.38,2026-09-16,830,N20,VIIRS,n,2.0NRT,305.01,3.89,D,VIIRS_NOAA20_NRT,0.0,0,,0.0,New / No Local History,1,8.4,Food Corporation of India - FSD,0,105.93,0,229.32,0,Forest / Woodland,2,0,0.0,3.89,0,0,0,1,70.0,0,35.579999999999984,Agricultural Burning,0,LOW
15.27343,75.1951,339.94,0.43,0.38,2026-09-16,830,N20,VIIRS,n,2.0NRT,301.0,4.39,D,VIIRS_NOAA20_NRT,0.0,0,,0.0,New / No Local History,1,8.18,Food Corporation of India - FSD,0,106.12,0,229.55,0,Forest / Woodland,2,0,0.0,4.39,0,0,0,1,70.0,0,38.94,Agricultural Burning,0,LOW
15.38805,76.60542,331.42,0.49,0.41,2026-09-16,830,N20,VIIRS,l,2.0NRT,305.75,7.36,D,VIIRS_NOAA20_NRT,0.0,0,,0.0,New / No Local History,1,37.2,Food Corporation of India,0,42.89,0,282.81,0,Forest / Woodland,2,0,0.0,7.36,0,0,0,1,30.0,0,25.670000000000016,Agricultural Burning,0,LOW
15.44618,75.32449,341.77,0.43,0.38,2026-09-16,830,N20,VIIRS,n,2.0NRT,307.3,16.69,D,VIIRS_NOAA20_NRT,0.0,0,,0.0,New / No Local History,1,20.22,Food Corporation of India - FSD,0,114.87,0,248.81,0,Forest / Woodland,2,0,0.0,16.69,0,0,0,1,70.0,0,34.46999999999997,Forest / Wildfire,15,LOW
15.9438,76.58031,348.82,0.5,0.41,2026-09-16,830,N20,VIIRS,n,2.0NRT,309.86,12.3,D,VIIRS_NOAA20_NRT,0.0,0,,0.0,New / No Local History,1,77.03,Unnamed Industrial Feature,0,95.47,0,283.07,0,Forest / Woodland,2,0,0.0,12.3,0,0,0,1,70.0,0,38.95999999999998,Agricultural Burning,5,LOW
16.3295,77.34757,340.46,0.56,0.43,2026-09-16,830,N20,VIIRS,n,2.0NRT,304.21,9.66,D,VIIRS_NOAA20_NRT,0.61,1,1.283647641734741,1483.6065573770493,Abnormal Increase,1,3.36,Unnamed Industrial Feature,0,138.91,0,192.33,0,Other,4,1,500.0,6.0,0,1,0,0,70.0,0,36.25,Industrial Fire,40,MEDIUM
16.32977,77.35065,339.63,0.56,0.43,2026-09-16,830,N20,VIIRS,n,2.0NRT,305.97,7.5,D,VIIRS_NOAA20_NRT,0.61,1,0.9553039695909408,1129.5081967213114,Abnormal Increase,1,3.26,Unnamed Industrial Feature,0,139.05,0,192.06,0,Other,4,1,500.0,4.66,0,1,0,0,70.0,0,33.65999999999997,Other Thermal Event,40,MEDIUM
16.42689,78.57488,330.41,0.44,0.46,2026-09-16,830,N20,VIIRS,n,2.0NRT,298.06,3.22,D,VIIRS_NOAA20_NRT,0.0,0,,0.0,New / No Local History,1,55.25,"TGSRTC  Bus Depot , Wanaparthy",0,226.96,0,116.05,0,Cropland / Agriculture,3,0,0.0,3.22,0,0,0,1,70.0,0,32.35000000000002,Agricultural Burning,0,LOW
16.6308,77.83151,335.01,0.4,0.44,2026-09-16,830,N20,VIIRS,n,2.0NRT,303.82,2.59,D,VIIRS_NOAA20_NRT,0.0,0,,0.0,New / No Local History,1,15.36,Vibha Seeds,0,191.35,0,131.69,0,Cropland / Agriculture,3,0,0.0,2.59,0,0,0,1,70.0,0,31.189999999999998,Agricultural Burning,0,LOW
17.5842,78.69642,337.91,0.47,0.48,2026-09-16,830,N20,VIIRS,n,2.0NRT,294.15,3.89,D,VIIRS_NOAA20_NRT,0.0,0,,0.0,New / No Local History,1,11.33,Gland Pharma Ltd Biologics Shamirpet Unit,0,271.71,0,13.7,0,Other,4,0,0.0,3.89,0,0,0,1,70.0,0,43.76000000000005,Agricultural Burning,0,LOW
18.42752,74.5407,330.01,0.43,0.38,2026-09-16,830,N20,VIIRS,l,2.0NRT,301.21,1.61,D,VIIRS_NOAA20_NRT,0.0,0,,0.0,New / No Local History,1,25.8,Unnamed Industrial Feature,0,438.4,0,170.22,0,Forest / Woodland,2,0,0.0,1.61,0,0,0,1,30.0,0,28.80000000000001,Agricultural Burning,0,LOW
21.10281,72.63559,345.34,0.39,0.37,2026-09-16,833,N20,VIIRS,n,2.0NRT,297.27,7.84,D,VIIRS_NOAA20_NRT,4.870454545454545,154,0.0081796035728851,60.97060195986936,Abnormal Increase,1,0.16,Hazira Industrial Complex SURAT,1,378.62,0,0.25,1,Industrial,0,1,60.97060195986936,1.34,0,0,1,0,70.0,0,48.06999999999999,Gas Flare,35,LOW
21.10445,72.64693,336.15,0.39,0.37,2026-09-16,833,N20,VIIRS,n,2.0NRT,299.03,22.73,D,VIIRS_NOAA20_NRT,4.8750967741935485,155,0.0052417686276361,366.2471547297655,Abnormal Increase,1,0.69,ArcelorMittal Nippon Steel India,1,378.09,0,0.87,1,Industrial,0,1,366.2471547297655,3.87,1,1,1,0,70.0,0,37.120000000000005,Gas Flare,65,MEDIUM
21.67873,84.04028,328.43,0.59,0.7,2026-09-16,833,N20,VIIRS,n,2.0NRT,290.61,5.85,D,VIIRS_NOAA20_NRT,2.826315789473685,19,0.0096157847694359,106.98324022346364,Abnormal Increase,1,6.51,Unnamed Industrial Feature,0,111.08,0,25.25,0,Other,4,1,106.98324022346364,1.53,0,1,1,0,70.0,0,37.81999999999999,Other Thermal Event,30,LOW
21.7489,83.84554,341.9,0.57,0.69,2026-09-16,833,N20,VIIRS,n,2.0NRT,290.92,7.51,D,VIIRS_NOAA20_NRT,4.736385542168675,83,0.0130344751843681,58.55972730972731,Abnormal Increase,1,5.81,Unnamed Industrial Feature,0,96.16,0,25.7,0,Other,4,1,58.55972730972731,1.31,0,0,1,0,70.0,0,50.97999999999996,Other Thermal Event,20,LOW
21.7553,83.84509,333.09,0.57,0.69,2026-09-16,833,N20,VIIRS,n,2.0NRT,290.98,7.51,D,VIIRS_NOAA20_NRT,4.736385542168675,83,0.0175651569881555,58.55972730972731,Abnormal Increase,1,5.19,Unnamed Industrial Feature,0,96.47,0,25.25,0,Other,4,1,58.55972730972731,1.31,0,0,1,0,70.0,0,42.10999999999996,Other Thermal Event,20,LOW
21.91929,83.35159,328.14,0.53,0.67,2026-09-16,833,N20,VIIRS,n,2.0NRT,290.14,6.16,D,VIIRS_NOAA20_NRT,2.8140740740740737,27,0.0154340136131178,118.89971045011848,Abnormal Increase,1,0.99,Jindal Steel Works,1,74.08,0,69.85,0,Industrial,0,1,118.89971045011848,1.62,0,1,1,0,70.0,0,38.0,Normal Persistent Source,20,LOW
22.35844,82.30445,336.07,0.46,0.64,2026-09-16,833,N20,VIIRS,n,2.0NRT,292.39,5.04,D,VIIRS_NOAA20_NRT,3.82625,24,0.0115225700929756,31.7216595883698,Persistent / Stable,1,13.43,Bhandhakhar Power Station,0,38.63,0,184.58,0,Forest / Woodland,2,1,31.7216595883698,1.04,0,0,1,0,70.0,0,43.68000000000001,Other Thermal Event,10,LOW
30.58067,76.67072,339.26,0.51,0.49,2026-09-16,835,N20,VIIRS,n,2.0NRT,294.98,3.69,D,VIIRS_NOAA20_NRT,0.0,0,,0.0,New / No Local History,1,11.55,Unnamed Industrial Feature,0,228.4,0,58.37,0,Cropland / Agriculture,3,0,0.0,3.69,0,0,0,1,70.0,0,44.27999999999997,Agricultural Burning,0,LOW
31.32667,74.97182,334.99,0.41,0.45,2026-09-16,835,N20,VIIRS,n,2.0NRT,294.62,3.39,D,VIIRS_NOAA20_NRT,0.0,0,,0.0,New / No Local History,1,34.92,Rail Coach Factory - RCF Kapurthala,0,377.07,0,129.56,0,Cropland / Agriculture,3,0,0.0,3.39,0,0,0,1,70.0,0,40.370000000000005,Agricultural Burning,0,LOW
31.35779,75.91885,341.24,0.47,0.48,2026-09-16,835,N20,VIIRS,n,2.0NRT,294.33,5.66,D,VIIRS_NOAA20_NRT,0.0,0,,0.0,New / No Local History,1,28.61,Unnamed Industrial Feature,0,334.19,0,113.82,0,Cropland / Agriculture,3,0,0.0,5.66,0,0,0,1,70.0,0,46.910000000000025,Agricultural Burning,0,LOW
31.71229,75.0233,336.99,0.42,0.45,2026-09-16,835,N20,VIIRS,n,2.0NRT,299.16,2.15,D,VIIRS_NOAA20_NRT,0.0,0,,0.0,New / No Local History,1,13.83,Unnamed Industrial Feature,0,409.41,0,172.47,0,Cropland / Agriculture,3,0,0.0,2.15,0,0,0,1,70.0,0,37.829999999999984,Agricultural Burning,0,LOW
31.87643,74.70545,339.99,0.41,0.45,2026-09-16,835,N20,VIIRS,n,2.0NRT,298.04,6.14,D,VIIRS_NOAA20_NRT,0.0,0,,0.0,New / No Local History,1,28.05,Unnamed Industrial Feature,0,441.35,0,192.5,0,Cropland / Agriculture,3,0,0.0,6.14,0,0,0,1,70.0,0,41.94999999999999,Agricultural Burning,0,LOW
31.89927,74.76359,337.23,0.41,0.45,2026-09-16,835,N20,VIIRS,n,2.0NRT,296.92,3.85,D,VIIRS_NOAA20_NRT,0.0,0,,0.0,New / No Local History,1,27.42,Unnamed Industrial Feature,0,440.31,0,194.34,0,Cropland / Agriculture,3,0,0.0,3.85,0,0,0,1,70.0,0,40.31,Agricultural Burning,0,LOW
34.00264,75.51482,342.96,0.48,0.48,2026-09-16,835,N20,VIIRS,n,2.0NRT,302.5,7.43,D,VIIRS_NOAA20_NRT,0.0,0,,0.0,New / No Local History,1,179.6,Kathua Industrial Area,0,624.11,0,410.24,0,Other,4,0,0.0,7.43,0,0,0,1,70.0,0,40.45999999999998,Agricultural Burning,0,LOW
23.83909,85.4687,303.63,0.47,0.64,2026-09-16,1917,N20,VIIRS,n,2.0NRT,286.89,1.2,N,VIIRS_NOAA20_NRT,1.01,2,0.1149329711102911,18.811881188118807,Persistent / Stable,1,2.29,Unnamed Industrial Feature,1,45.23,0,186.87,0,Other,4,1,18.811881188118807,0.6,0,0,1,0,70.0,1,16.74000000000001,Normal Persistent Source,0,LOW
17.61333,83.20241,298.48,0.56,0.69,2026-09-16,1919,N20,VIIRS,n,2.0NRT,274.73,0.72,N,VIIRS_NOAA20_NRT,2.7028571428571437,35,0.0117088478875605,-73.3615221987315,Persistent / Reduced,1,8.35,Visakhapatnam Steel Plant RINL,0,306.1,0,14.32,0,Other,4,1,-73.3615221987315,0.19,0,0,1,0,70.0,1,23.75,Other Thermal Event,5,LOW
20.76298,85.29638,311.66,0.44,0.63,2026-09-16,1919,N20,VIIRS,n,2.0NRT,285.61,1.9,N,VIIRS_NOAA20_NRT,2.932222222222222,27,0.0065749575391134,-35.20272830617658,Persistent / Stable,1,5.0,Unnamed Industrial Feature,0,22.26,0,147.23,0,Other,4,1,-35.20272830617658,0.48,0,0,1,0,70.0,1,26.05000000000001,Other Thermal Event,5,LOW
20.76338,85.29202,308.08,0.44,0.63,2026-09-16,1919,N20,VIIRS,n,2.0NRT,285.74,2.46,N,VIIRS_NOAA20_NRT,2.932222222222222,27,0.0553603429872214,-16.1045850701023,Persistent / Stable,1,4.93,Unnamed Industrial Feature,0,22.06,0,147.67,0,Other,4,1,-16.1045850701023,0.63,0,0,1,0,70.0,1,22.339999999999975,Other Thermal Event,5,LOW
20.78933,85.2644,303.51,0.45,0.63,2026-09-16,1919,N20,VIIRS,n,2.0NRT,284.62,0.87,N,VIIRS_NOAA20_NRT,4.153833333333335,60,0.0176878671562875,-79.05549091200899,Persistent / Reduced,1,1.66,Tata Steel Meramandali,1,18.45,0,151.42,0,Industrial,0,1,-79.05549091200899,0.17,0,0,1,0,70.0,1,18.889999999999986,Normal Persistent Source,0,LOW
20.78973,85.26014,302.06,0.45,0.63,2026-09-16,1919,N20,VIIRS,n,2.0NRT,284.82,1.46,N,VIIRS_NOAA20_NRT,4.153833333333335,60,0.0327107685436778,-64.85174336957832,Persistent / Reduced,1,1.59,Tata Steel Meramandali,1,18.3,0,151.84,0,Industrial,0,1,-64.85174336957832,0.28,0,0,1,0,70.0,1,17.24000000000001,Normal Persistent Source,0,LOW
20.79013,85.25584,301.71,0.45,0.63,2026-09-16,1919,N20,VIIRS,n,2.0NRT,284.43,1.46,N,VIIRS_NOAA20_NRT,4.153833333333335,60,0.0121122101264541,-64.85174336957832,Persistent / Reduced,1,1.64,Tata Steel Meramandali,1,18.16,0,152.27,0,Industrial,0,1,-64.85174336957832,0.28,0,0,1,0,70.0,1,17.279999999999973,Normal Persistent Source,0,LOW
20.79632,85.25225,326.27,0.45,0.63,2026-09-16,1919,N20,VIIRS,n,2.0NRT,286.02,4.02,N,VIIRS_NOAA20_NRT,4.153833333333335,60,0.0124906504097641,-3.2219235244553674,Persistent / Stable,1,1.16,Meramandali Power Station,1,17.41,0,152.88,0,Industrial,0,1,-3.2219235244553674,0.78,0,0,1,0,70.0,1,40.25,Normal Persistent Source,0,LOW
20.80793,85.2534,308.9,0.45,0.63,2026-09-16,1919,N20,VIIRS,n,2.0NRT,286.67,1.5,N,VIIRS_NOAA20_NRT,4.153833333333335,60,0.0318909245368475,-63.888777434498266,Persistent / Reduced,1,0.15,Meramandali Power Station,1,16.17,0,153.27,0,Industrial,0,1,-63.888777434498266,0.29,0,0,1,0,70.0,1,22.22999999999996,Normal Persistent Source,0,LOW
20.86289,84.98431,309.04,0.47,0.64,2026-09-16,1919,N20,VIIRS,n,2.0NRT,285.2,1.38,N,VIIRS_NOAA20_NRT,3.015394736842105,76,0.0224087725636055,-54.23484749312737,Persistent / Reduced,1,1.42,Angul Steel Plant,1,26.33,0,152.36,0,Industrial,0,1,-54.23484749312737,0.34,0,0,1,0,70.0,1,23.840000000000032,Normal Persistent Source,0,LOW
20.8673,84.98212,306.54,0.47,0.64,2026-09-16,1919,N20,VIIRS,n,2.0NRT,285.02,0.87,N,VIIRS_NOAA20_NRT,3.015394736842105,76,0.0382304251861145,-71.14805602827595,Persistent / Reduced,1,1.04,Angul Steel Plant,1,26.36,0,151.84,0,Industrial,0,1,-71.14805602827595,0.22,0,0,1,0,70.0,1,21.52000000000004,Normal Persistent Source,0,LOW
20.88543,84.97926,310.17,0.47,0.64,2026-09-16,1919,N20,VIIRS,n,2.0NRT,285.0,1.13,N,VIIRS_NOAA20_NRT,3.030933333333333,75,0.0051152145338646,-62.71775470702094,Persistent / Reduced,1,1.23,Unnamed Industrial Feature,1,26.02,0,150.12,0,Industrial,0,1,-62.71775470702094,0.28,0,0,1,0,70.0,1,25.170000000000016,Normal Persistent Source,0,LOW
20.88693,84.98219,304.56,0.47,0.64,2026-09-16,1919,N20,VIIRS,n,2.0NRT,284.92,1.97,N,VIIRS_NOAA20_NRT,3.015394736842105,76,0.005194971545988,-34.66858663873979,Persistent / Stable,1,1.11,Unnamed Industrial Feature,1,25.68,0,150.19,0,Industrial,0,1,-34.66858663873979,0.49,0,0,1,0,70.0,1,19.639999999999986,Normal Persistent Source,0,LOW
20.88736,84.97774,302.01,0.47,0.64,2026-09-16,1919,N20,VIIRS,n,2.0NRT,284.54,1.69,N,VIIRS_NOAA20_NRT,3.036164383561643,73,0.0977068794284941,-44.33766468146543,Persistent / Stable,1,1.03,Unnamed Industrial Feature,1,26.11,0,149.85,0,Industrial,0,1,-44.33766468146543,0.42,0,0,1,0,70.0,1,17.46999999999997,Normal Persistent Source,0,LOW
20.89134,84.97982,302.58,0.47,0.64,2026-09-16,1919,N20,VIIRS,n,2.0NRT,285.16,1.13,N,VIIRS_NOAA20_NRT,3.015394736842105,76,0.0106769010396913,-62.525635990749215,Persistent / Reduced,1,0.58,Unnamed Industrial Feature,1,25.78,0,149.66,0,Industrial,0,1,-62.525635990749215,0.28,0,0,1,0,70.0,1,17.41999999999996,Normal Persistent Source,0,LOW
20.94222,86.05765,318.58,0.4,0.6,2026-09-16,1919,N20,VIIRS,n,2.0NRT,288.46,1.53,N,VIIRS_NOAA20_NRT,3.456785714285715,28,0.3863212899228874,-55.739229259221,Persistent / Reduced,1,0.29,VISA STEEL LTD,1,86.99,0,93.88,0,Industrial,0,1,-55.739229259221,0.34,0,0,1,0,70.0,1,30.120000000000005,Normal Persistent Source,0,LOW
20.95437,86.04774,328.43,0.4,0.6,2026-09-16,1919,N20,VIIRS,n,2.0NRT,288.5,3.43,N,VIIRS_NOAA20_NRT,3.456785714285715,28,0.0847996876060214,-0.7748734373385844,Persistent / Stable,1,0.77,Duburi Steel Power Plant,1,85.96,0,95.58,0,Industrial,0,1,-0.7748734373385844,0.77,0,0,1,0,70.0,1,39.93000000000001,Normal Persistent Source,0,LOW
20.95475,86.04396,307.65,0.4,0.6,2026-09-16,1919,N20,VIIRS,n,2.0NRT,288.36,2.98,N,VIIRS_NOAA20_NRT,3.505925925925927,27,0.0061084212590144,-15.001056412423436,Persistent / Stable,1,0.92,Duburi Steel Power Plant,1,85.56,0,95.86,0,Industrial,0,1,-15.001056412423436,0.66,0,0,1,0,70.0,1,19.289999999999964,Normal Persistent Source,0,LOW
20.96122,85.18494,304.56,0.45,0.63,2026-09-16,1919,N20,VIIRS,n,2.0NRT,289.21,1.3,N,VIIRS_NOAA20_NRT,3.595436893203883,103,0.0076495687574632,-63.84305889341937,Persistent / Reduced,1,5.23,NTPC Talcher Thermal Power,0,3.85,1,159.13,0,Mining,1,1,-63.84305889341937,0.28,0,0,1,0,70.0,1,15.350000000000023,Mining Activity,0,LOW
20.96225,85.1706,305.45,0.45,0.63,2026-09-16,1919,N20,VIIRS,n,2.0NRT,289.31,1.65,N,VIIRS_NOAA20_NRT,3.5399999999999987,117,0.0332644789520114,-53.38983050847457,Persistent / Reduced,1,5.06,Unnamed Industrial Feature,0,5.31,0,157.94,0,Other,4,1,-53.38983050847457,0.36,0,0,1,0,70.0,1,16.139999999999986,Mining Activity,0,LOW
20.96249,85.17177,307.54,0.45,0.63,2026-09-16,1919,N20,VIIRS,n,2.0NRT,289.4,1.26,N,VIIRS_NOAA20_NRT,3.547457627118643,118,0.0180988727679479,-64.48160535117057,Persistent / Reduced,1,5.1,Unnamed Industrial Feature,0,5.2,0,158.02,0,Other,4,1,-64.48160535117057,0.28,0,0,1,0,70.0,1,18.140000000000043,Mining Activity,0,LOW
20.96291,85.16737,305.36,0.45,0.63,2026-09-16,1919,N20,VIIRS,n,2.0NRT,289.86,1.26,N,VIIRS_NOAA20_NRT,3.5234259259259253,108,0.0039617106390483,-64.23935037973352,Persistent / Reduced,1,5.09,Unnamed Industrial Feature,0,5.65,0,157.65,0,Other,4,1,-64.23935037973352,0.28,0,0,1,0,70.0,1,15.5,Mining Activity,0,LOW
20.96373,86.00972,311.33,0.4,0.6,2026-09-16,1919,N20,VIIRS,n,2.0NRT,288.93,1.71,N,VIIRS_NOAA20_NRT,3.830652173913042,46,0.0336471625627343,-55.36008172067418,Persistent / Reduced,1,0.81,TATA Steel,1,82.02,0,98.89,0,Industrial,0,1,-55.36008172067418,0.35,0,0,1,0,70.0,1,22.399999999999977,Normal Persistent Source,0,LOW
20.96412,86.00587,321.39,0.4,0.6,2026-09-16,1919,N20,VIIRS,n,2.0NRT,288.75,2.34,N,VIIRS_NOAA20_NRT,3.830652173913042,46,0.0088214553360231,-38.9137960388173,Persistent / Stable,1,0.87,TATA Steel,1,81.62,0,99.19,0,Industrial,0,1,-38.9137960388173,0.48,0,0,1,0,70.0,1,32.639999999999986,Normal Persistent Source,0,LOW
20.9645,86.00201,327.41,0.4,0.6,2026-09-16,1919,N20,VIIRS,n,2.0NRT,288.69,2.34,N,VIIRS_NOAA20_NRT,3.879090909090907,44,0.0070406722740155,-39.67658776658071,Persistent / Stable,1,1.08,TATA Steel,1,81.22,0,99.48,0,Industrial,0,1,-39.67658776658071,0.48,0,0,1,0,70.0,1,38.72000000000003,Normal Persistent Source,0,LOW
20.96651,85.18881,309.73,0.45,0.63,2026-09-16,1919,N20,VIIRS,n,2.0NRT,289.35,1.41,N,VIIRS_NOAA20_NRT,3.680487804878048,82,0.0174135680129811,-61.68986083499005,Persistent / Reduced,1,5.0,NTPC Talcher Thermal Power,0,3.72,1,159.04,0,Mining,1,1,-61.68986083499005,0.3,0,0,1,0,70.0,1,20.379999999999995,Mining Activity,0,LOW
20.96663,85.18992,306.16,0.45,0.63,2026-09-16,1919,N20,VIIRS,n,2.0NRT,288.95,1.3,N,VIIRS_NOAA20_NRT,3.698441558441558,77,0.0138827145851714,-64.85005969520331,Persistent / Reduced,1,4.89,NTPC Talcher Thermal Power,0,3.63,1,159.12,0,Mining,1,1,-64.85005969520331,0.28,0,0,1,0,70.0,1,17.210000000000036,Mining Activity,0,LOW
20.9669,85.18446,304.39,0.45,0.63,2026-09-16,1919,N20,VIIRS,n,2.0NRT,288.88,1.41,N,VIIRS_NOAA20_NRT,3.602980769230769,104,0.0089578619152335,-60.86573616930426,Persistent / Reduced,1,5.44,NTPC Talcher Thermal Power,0,4.14,1,158.68,0,Other,4,1,-60.86573616930426,0.31,0,0,1,0,70.0,1,15.509999999999991,Mining Activity,0,LOW
20.96769,85.17564,309.47,0.45,0.63,2026-09-16,1919,N20,VIIRS,n,2.0NRT,289.26,3.29,N,VIIRS_NOAA20_NRT,3.5795412844036694,109,0.0230378193844764,-8.088781813055837,Persistent / Stable,1,5.75,Unnamed Industrial Feature,0,5.01,0,157.93,0,Other,4,1,-8.088781813055837,0.72,0,0,1,0,70.0,1,20.210000000000036,Mining Activity,0,LOW
20.9679,85.17679,307.03,0.45,0.63,2026-09-16,1919,N20,VIIRS,n,2.0NRT,289.08,3.27,N,VIIRS_NOAA20_NRT,3.5795412844036694,109,0.0010384984795256,-8.647512622702914,Persistent / Stable,1,5.81,Unnamed Industrial Feature,0,4.91,1,158.01,0,Other,4,1,-8.647512622702914,0.71,0,0,1,0,70.0,1,17.94999999999999,Mining Activity,0,LOW
20.96809,85.17117,305.26,0.45,0.63,2026-09-16,1919,N20,VIIRS,n,2.0NRT,289.35,1.65,N,VIIRS_NOAA20_NRT,3.529145299145298,117,0.0036496845841461,-53.24647017509868,Persistent / Reduced,1,5.71,Unnamed Industrial Feature,0,5.45,0,157.56,0,Other,4,1,-53.24647017509868,0.36,0,0,1,0,70.0,1,15.909999999999968,Mining Activity,0,LOW
20.96833,85.17233,311.0,0.45,0.63,2026-09-16,1919,N20,VIIRS,n,2.0NRT,289.21,1.26,N,VIIRS_NOAA20_NRT,3.5596581196581183,117,0.0078295778256021,-64.6033422973492,Persistent / Reduced,1,5.75,Unnamed Industrial Feature,0,5.35,0,157.63,0,Other,4,1,-64.6033422973492,0.28,0,0,1,0,70.0,1,21.79000000000002,Mining Activity,0,LOW
20.96849,85.1667,310.99,0.45,0.63,2026-09-16,1919,N20,VIIRS,n,2.0NRT,289.26,1.65,N,VIIRS_NOAA20_NRT,3.4839622641509425,106,0.0344066835352574,-52.64012997562956,Persistent / Reduced,1,5.7,Unnamed Industrial Feature,0,5.9,0,157.18,0,Other,4,1,-52.64012997562956,0.37,0,0,1,0,70.0,1,21.730000000000018,Mining Activity,0,LOW
20.96851,86.01801,307.71,0.4,0.6,2026-09-16,1919,N20,VIIRS,n,2.0NRT,288.64,1.21,N,VIIRS_NOAA20_NRT,3.696599999999998,50,0.1191556365327952,-67.26721852513118,Persistent / Reduced,1,0.9,TATA Steel,1,82.89,0,98.75,0,Industrial,0,1,-67.26721852513118,0.26,0,0,1,0,70.0,1,19.069999999999993,Normal Persistent Source,0,LOW
20.96876,85.16788,309.74,0.45,0.63,2026-09-16,1919,N20,VIIRS,n,2.0NRT,289.44,1.26,N,VIIRS_NOAA20_NRT,3.549999999999999,111,0.0136432445976751,-64.50704225352112,Persistent / Reduced,1,5.74,Unnamed Industrial Feature,0,5.8,0,157.25,0,Other,4,1,-64.50704225352112,0.28,0,0,1,0,70.0,1,20.30000000000001,Mining Activity,0,LOW
20.96889,85.16222,304.49,0.45,0.63,2026-09-16,1919,N20,VIIRS,n,2.0NRT,289.26,2.91,N,VIIRS_NOAA20_NRT,3.418842105263156,95,0.0673964770162558,-14.88346316081154,Persistent / Stable,1,5.73,Unnamed Industrial Feature,0,6.36,0,156.8,0,Other,4,1,-14.88346316081154,0.66,0,0,1,0,70.0,1,15.230000000000018,Other Thermal Event,5,LOW
20.96928,86.01028,308.94,0.4,0.6,2026-09-16,1919,N20,VIIRS,n,2.0NRT,288.33,1.71,N,VIIRS_NOAA20_NRT,3.646862745098037,51,0.0259758635785389,-53.11038227861711,Persistent / Reduced,1,0.2,TATA Steel,1,82.09,0,99.33,0,Industrial,0,1,-53.11038227861711,0.37,0,0,1,0,70.0,1,20.610000000000014,Normal Persistent Source,0,LOW
20.96966,86.0064,303.92,0.4,0.6,2026-09-16,1919,N20,VIIRS,n,2.0NRT,288.48,2.34,N,VIIRS_NOAA20_NRT,3.639999999999998,52,0.0349960889710179,-35.71428571428568,Persistent / Stable,1,0.38,TATA Steel,1,81.69,0,99.62,0,Industrial,0,1,-35.71428571428568,0.5,0,0,1,0,70.0,1,15.439999999999998,Normal Persistent Source,0,LOW
20.97353,85.17622,306.31,0.45,0.63,2026-09-16,1919,N20,VIIRS,n,2.0NRT,288.99,0.89,N,VIIRS_NOAA20_NRT,3.5795412844036694,109,0.0041553325202573,-75.13647897070507,Persistent / Reduced,1,6.4,Unnamed Industrial Feature,0,5.25,0,157.55,0,Other,4,1,-75.13647897070507,0.19,0,0,1,0,70.0,1,17.319999999999993,Mining Activity,0,LOW
21.00104,86.02441,304.96,0.4,0.6,2026-09-16,1919,N20,VIIRS,n,2.0NRT,288.51,0.66,N,VIIRS_NOAA20_NRT,1.82,15,0.0436943700104894,-63.736263736263744,Persistent / Reduced,1,3.67,TATA Steel,0,83.71,0,101.15,0,Other,4,1,-63.736263736263744,0.23,0,0,1,0,70.0,1,16.44999999999999,Other Thermal Event,5,LOW
21.00251,86.00888,303.22,0.4,0.6,2026-09-16,1919,N20,VIIRS,n,2.0NRT,288.18,0.34,N,VIIRS_NOAA20_NRT,2.238235294117647,17,0.230280061554361,-84.80946123521682,Persistent / Reduced,1,3.5,TATA Steel,0,82.11,0,102.28,0,Other,4,1,-84.80946123521682,0.1,0,0,1,0,70.0,1,15.04000000000002,Other Thermal Event,5,LOW
21.00289,86.01031,306.17,0.4,0.6,2026-09-16,1919,N20,VIIRS,n,2.0NRT,288.29,1.01,N,VIIRS_NOAA20_NRT,2.238235294117647,17,0.3760686035809217,-54.87516425755585,Persistent / Reduced,1,3.54,TATA Steel,0,82.26,0,102.22,0,Other,4,1,-54.87516425755585,0.31,0,0,1,0,70.0,1,17.879999999999995,Other Thermal Event,5,LOW
21.0792,85.04084,307.14,0.46,0.64,2026-09-16,1919,N20,VIIRS,n,2.0NRT,288.83,1.72,N,VIIRS_NOAA20_NRT,2.44,20,0.0612721464125325,-29.508196721311474,Persistent / Stable,1,3.85,Talcher Super Thermal Powerstation,0,23.5,0,139.24,0,Other,4,1,-29.508196721311474,0.5,0,0,1,0,70.0,1,18.310000000000002,Other Thermal Event,5,LOW
21.07959,85.0363,309.59,0.46,0.64,2026-09-16,1919,N20,VIIRS,n,2.0NRT,289.45,1.56,N,VIIRS_NOAA20_NRT,2.44,20,0.1027325902840901,-36.0655737704918,Persistent / Stable,1,4.27,Talcher Super Thermal Powerstation,0,23.9,0,138.86,0,Other,4,1,-36.0655737704918,0.45,0,0,1,0,70.0,1,20.139999999999986,Other Thermal Event,5,LOW
21.07998,85.03182,309.24,0.47,0.64,2026-09-16,1919,N20,VIIRS,n,2.0NRT,289.01,1.56,N,VIIRS_NOAA20_NRT,2.44,20,0.1328084794557483,-36.0655737704918,Persistent / Stable,1,4.68,Talcher Super Thermal Powerstation,0,24.3,0,138.48,0,Other,4,1,-36.0655737704918,0.45,0,0,1,0,70.0,1,20.230000000000018,Other Thermal Event,5,LOW
21.08137,85.03482,309.94,0.46,0.64,2026-09-16,1919,N20,VIIRS,n,2.0NRT,289.14,2.41,N,VIIRS_NOAA20_NRT,2.44,20,0.0010377086298556,-1.2295081967213035,Persistent / Stable,1,4.34,Talcher Super Thermal Powerstation,0,24.14,0,138.61,0,Other,4,1,-1.2295081967213035,0.7,0,0,1,0,70.0,1,20.80000000000001,Other Thermal Event,5,LOW
21.38017,81.6739,304.65,0.77,0.77,2026-09-16,1919,N20,VIIRS,n,2.0NRT,284.94,2.2,N,VIIRS_NOAA20_NRT,2.216428571428572,14,0.2671921332452878,-0.7412181759587508,Persistent / Stable,1,2.53,Unnamed Industrial Feature,0,141.44,0,250.28,0,Other,4,1,-0.7412181759587508,0.68,0,0,1,0,70.0,1,19.70999999999998,Normal Persistent Source,0,LOW
21.67456,82.0742,304.91,0.73,0.76,2026-09-16,1919,N20,VIIRS,n,2.0NRT,284.47,2.43,N,VIIRS_NOAA20_NRT,1.36,2,0.3099997877392192,78.67647058823533,Abnormal Increase,1,1.07,Unnamed Industrial Feature,1,97.68,0,203.41,0,Industrial,0,1,78.67647058823533,1.03,0,0,1,0,70.0,1,20.439999999999998,Other Thermal Event,35,LOW
21.67726,84.03349,304.59,0.55,0.68,2026-09-16,1919,N20,VIIRS,n,2.0NRT,287.06,2.3,N,VIIRS_NOAA20_NRT,2.826315789473685,19,0.1665373774153866,-18.62197392923652,Persistent / Stable,1,6.86,Unnamed Industrial Feature,0,110.37,0,25.39,0,Other,4,1,-18.62197392923652,0.6,0,0,1,0,70.0,1,17.529999999999973,Other Thermal Event,5,LOW
21.67977,84.0369,305.97,0.55,0.68,2026-09-16,1919,N20,VIIRS,n,2.0NRT,287.49,2.33,N,VIIRS_NOAA20_NRT,2.826315789473685,19,0.0217824247205116,-17.560521415270035,Persistent / Stable,1,6.49,Unnamed Industrial Feature,0,110.8,0,25.12,0,Other,4,1,-17.560521415270035,0.61,0,0,1,0,70.0,1,18.480000000000018,Other Thermal Event,5,LOW
21.75463,84.02014,307.76,0.55,0.68,2026-09-16,1919,N20,VIIRS,n,2.0NRT,286.69,1.63,N,VIIRS_NOAA20_NRT,2.5425,24,0.0306695495965367,-35.889872173058016,Persistent / Stable,1,0.88,Bhushan Power & Steel,1,112.47,0,16.8,0,Industrial,0,1,-35.889872173058016,0.46,0,0,1,0,70.0,1,21.069999999999993,Normal Persistent Source,0,LOW
21.76093,84.02087,305.37,0.55,0.68,2026-09-16,1919,N20,VIIRS,n,2.0NRT,287.31,1.63,N,VIIRS_NOAA20_NRT,2.5425,24,0.0127639425942795,-35.889872173058016,Persistent / Stable,1,0.19,Bhushan Power & Steel,1,112.84,0,16.1,0,Industrial,0,1,-35.889872173058016,0.46,0,0,1,0,70.0,1,18.060000000000002,Normal Persistent Source,0,LOW
21.76265,83.84477,304.59,0.56,0.69,2026-09-16,1919,N20,VIIRS,n,2.0NRT,285.87,2.52,N,VIIRS_NOAA20_NRT,4.736385542168675,83,0.0171718119723237,-46.7948717948718,Persistent / Stable,1,4.43,Unnamed Industrial Feature,0,96.86,0,24.74,0,Other,4,1,-46.7948717948718,0.44,0,0,1,0,70.0,1,18.71999999999997,Other Thermal Event,5,LOW
21.80278,82.03368,304.42,0.74,0.76,2026-09-16,1919,N20,VIIRS,n,2.0NRT,284.3,1.05,N,VIIRS_NOAA20_NRT,1.915,2,0.5265290134069588,-45.16971279373368,Persistent / Stable,1,15.4,Unnamed Industrial Feature,0,90.21,0,206.19,0,Forest / Woodland,2,1,-45.16971279373368,0.36,0,0,1,0,70.0,1,20.120000000000005,Agricultural Burning,0,LOW
21.92046,83.34522,306.9,0.61,0.71,2026-09-16,1919,N20,VIIRS,n,2.0NRT,286.98,1.88,N,VIIRS_NOAA20_NRT,2.8140740740740737,27,0.0969665600092869,-33.19294551197683,Persistent / Stable,1,0.83,Jindal Steel Works,1,73.91,0,70.51,0,Industrial,0,1,-33.19294551197683,0.49,0,0,1,0,70.0,1,19.91999999999996,Normal Persistent Source,0,LOW
21.92798,83.3338,303.28,0.61,0.71,2026-09-16,1919,N20,VIIRS,n,2.0NRT,286.89,1.47,N,VIIRS_NOAA20_NRT,2.938333333333333,24,0.3476407920823105,-49.97163925127622,Persistent / Stable,1,1.45,Jindal Steel Works,1,74.17,0,71.71,0,Industrial,0,1,-49.97163925127622,0.37,0,0,1,0,70.0,1,16.389999999999986,Normal Persistent Source,0,LOW
21.98774,83.22835,304.51,0.62,0.72,2026-09-16,1919,N20,VIIRS,n,2.0NRT,286.45,1.18,N,VIIRS_NOAA20_NRT,2.5444444444444443,9,0.2031485786663292,-53.624454148471614,Persistent / Reduced,1,0.75,Unnamed Industrial Feature,1,69.36,0,83.03,0,Industrial,0,1,-53.624454148471614,0.33,0,0,1,0,70.0,1,18.060000000000002,Normal Persistent Source,0,LOW
22.00819,82.66542,302.74,0.68,0.74,2026-09-16,1919,N20,VIIRS,n,2.0NRT,281.63,2.32,N,VIIRS_NOAA20_NRT,1.743846153846154,13,0.114714347547083,33.0392589325099,Persistent / Stable,1,0.71,Prakash Industries Steel Plant,1,38.04,0,141.04,0,Industrial,0,1,33.0392589325099,0.85,0,0,1,0,70.0,1,21.110000000000014,Normal Persistent Source,0,LOW
22.03819,83.35056,304.7,0.61,0.71,2026-09-16,1919,N20,VIIRS,n,2.0NRT,286.58,1.9,N,VIIRS_NOAA20_NRT,1.5653846153846156,13,0.0258076452543439,21.375921375921354,Persistent / Stable,1,2.64,Unnamed Industrial Feature,0,77.26,0,71.45,0,Other,4,1,21.375921375921354,0.74,0,0,1,0,70.0,1,18.120000000000005,Normal Persistent Source,0,LOW
22.05389,88.12543,297.92,0.6,0.53,2026-09-16,1919,N20,VIIRS,n,2.0NRT,268.22,1.52,N,VIIRS_NOAA20_NRT,4.386363636363635,22,0.0341692981450113,-65.34715025906735,Persistent / Reduced,1,5.25,Haldia Port Industrial Area,0,256.25,0,7.6,0,Other,4,1,-65.34715025906735,0.28,0,0,1,0,70.0,1,29.69999999999999,Other Thermal Event,5,LOW
22.06939,83.70183,301.8,0.58,0.7,2026-09-16,1919,N20,VIIRS,n,2.0NRT,285.93,0.61,N,VIIRS_NOAA20_NRT,1.34,1,0.3597063048930635,-54.47761194029851,Single Historical Detection,1,18.39,Dongamahua Power Plant,0,107.9,0,38.3,0,Other,4,1,-54.47761194029851,0.26,0,0,0,0,70.0,1,15.870000000000005,Agricultural Burning,0,LOW
22.21553,84.8644,295.81,0.49,0.65,2026-09-16,1919,N20,VIIRS,n,2.0NRT,268.38,1.41,N,VIIRS_NOAA20_NRT,2.2871999999999995,25,0.0373244234357353,-38.35257082896116,Persistent / Stable,1,0.43,Rourkela Steel Plant SAIL,1,45.58,0,92.59,0,Industrial,0,1,-38.35257082896116,0.43,0,0,1,0,70.0,1,27.430000000000007,Normal Persistent Source,0,LOW
22.32125,82.56095,308.19,0.69,0.74,2026-09-16,1919,N20,VIIRS,n,2.0NRT,285.84,2.9,N,VIIRS_NOAA20_NRT,1.9195,20,0.0314741170294478,51.08101067986455,Abnormal Increase,1,4.48,S V Power Private Limited Renki,0,12.66,0,158.09,0,Other,4,1,51.08101067986455,0.99,0,0,1,0,70.0,1,22.350000000000023,Other Thermal Event,20,LOW
22.32141,82.55987,307.41,0.69,0.74,2026-09-16,1919,N20,VIIRS,n,2.0NRT,285.95,2.24,N,VIIRS_NOAA20_NRT,1.9195,20,0.0672524695303758,16.697056525136766,Persistent / Stable,1,4.41,S V Power Private Limited Renki,0,12.76,0,158.2,0,Other,4,1,16.697056525136766,0.77,0,0,1,0,70.0,1,21.460000000000036,Other Thermal Event,10,LOW
22.32615,82.58831,308.27,0.69,0.74,2026-09-16,1919,N20,VIIRS,n,2.0NRT,283.85,2.1,N,VIIRS_NOAA20_NRT,1.535,8,0.1903543675021929,36.807817589576544,Persistent / Stable,1,6.76,Unnamed Industrial Feature,0,9.8,0,155.56,0,Other,4,1,36.807817589576544,0.83,0,0,1,0,70.0,1,24.41999999999996,Other Thermal Event,10,LOW
22.32649,82.58727,305.53,0.69,0.74,2026-09-16,1919,N20,VIIRS,n,2.0NRT,283.52,1.64,N,VIIRS_NOAA20_NRT,1.5812500000000005,8,0.0835014087225397,3.715415019762822,Persistent / Stable,1,6.74,Unnamed Industrial Feature,0,9.89,0,155.67,0,Other,4,1,3.715415019762822,0.64,0,0,1,0,70.0,1,22.00999999999999,Other Thermal Event,10,LOW
22.33202,82.60254,304.84,0.69,0.74,2026-09-16,1919,N20,VIIRS,n,2.0NRT,285.26,1.97,N,VIIRS_NOAA20_NRT,1.6959999999999995,10,0.1419453576576872,16.155660377358508,Persistent / Stable,1,6.09,Unnamed Industrial Feature,0,8.21,0,154.36,0,Other,4,1,16.155660377358508,0.73,0,0,1,0,70.0,1,19.579999999999984,Other Thermal Event,10,LOW
22.33244,82.60157,304.5,0.69,0.74,2026-09-16,1919,N20,VIIRS,n,2.0NRT,285.88,1.08,N,VIIRS_NOAA20_NRT,1.6959999999999995,10,0.2417179219924364,-36.32075471698112,Persistent / Stable,1,6.03,Unnamed Industrial Feature,0,8.3,0,154.47,0,Other,4,1,-36.32075471698112,0.4,0,0,1,0,70.0,1,18.620000000000005,Other Thermal Event,5,LOW
22.57494,85.89629,303.41,0.42,0.61,2026-09-16,1919,N20,VIIRS,n,2.0NRT,283.95,1.25,N,VIIRS_NOAA20_NRT,2.615555555555556,18,0.0031182288636391,-52.2090059473237,Persistent / Reduced,1,22.21,ACC Cement Ltd.,0,97.42,0,205.95,0,Other,4,1,-52.2090059473237,0.35,0,0,1,0,70.0,1,19.460000000000036,Other Thermal Event,5,LOW
22.57533,85.8921,300.89,0.42,0.61,2026-09-16,1919,N20,VIIRS,n,2.0NRT,282.69,1.48,N,VIIRS_NOAA20_NRT,2.615555555555556,18,0.0893319860170998,-43.41546304163128,Persistent / Stable,1,21.96,ACC Cement Ltd.,0,97.14,0,205.56,0,Other,4,1,-43.41546304163128,0.41,0,0,1,0,70.0,1,18.19999999999999,Other Thermal Event,5,LOW
22.5916,85.90221,301.99,0.42,0.61,2026-09-16,1919,N20,VIIRS,n,2.0NRT,281.34,0.73,N,VIIRS_NOAA20_NRT,2.4885,20,0.1673448156915698,-70.6650592726542,Persistent / Reduced,1,22.35,Unnamed Industrial Feature,0,99.15,0,207.18,0,Other,4,1,-70.6650592726542,0.21,0,0,1,0,70.0,1,20.650000000000034,Other Thermal Event,5,LOW
23.64867,85.43787,309.07,0.47,0.64,2026-09-16,1919,N20,VIIRS,n,2.0NRT,282.84,1.49,N,VIIRS_NOAA20_NRT,3.022045454545456,44,0.0016213538351979,-50.695645634353625,Persistent / Reduced,1,2.51,Unnamed Industrial Feature,0,48.68,0,207.98,0,Other,4,1,-50.695645634353625,0.37,0,0,1,0,70.0,1,26.230000000000018,Normal Persistent Source,0,LOW
23.64905,85.4333,312.23,0.47,0.64,2026-09-16,1919,N20,VIIRS,n,2.0NRT,282.99,1.49,N,VIIRS_NOAA20_NRT,3.022045454545456,44,0.0967736966952918,-50.695645634353625,Persistent / Reduced,1,2.98,Unnamed Industrial Feature,0,49.12,0,208.08,0,Other,4,1,-50.695645634353625,0.37,0,0,1,0,70.0,1,29.24000000000001,Normal Persistent Source,0,LOW
23.69738,85.28756,303.28,0.48,0.65,2026-09-16,1919,N20,VIIRS,n,2.0NRT,284.24,0.98,N,VIIRS_NOAA20_NRT,1.3681818181818182,11,0.0042633692888587,-28.37209302325581,Persistent / Stable,1,6.11,Patratu Thermal Power Station,0,62.9,0,208.04,0,Other,4,1,-28.37209302325581,0.41,0,0,1,0,70.0,1,19.039999999999964,Other Thermal Event,5,LOW
23.76287,86.39735,300.76,0.74,0.76,2026-09-16,2057,N20,VIIRS,n,2.0NRT,267.93,3.15,N,VIIRS_NOAA20_NRT,2.1756774193548383,155,0.0622895652568069,44.78249266079533,Persistent / Stable,1,4.58,Unnamed Industrial Feature,0,3.43,1,188.63,0,Mining,1,1,44.78249266079533,0.99,0,0,1,0,70.0,1,32.829999999999984,Mining Activity,0,LOW
23.76341,86.39781,300.13,0.74,0.76,2026-09-16,2057,N20,VIIRS,n,2.0NRT,268.03,2.5,N,VIIRS_NOAA20_NRT,2.1660509554140126,157,0.0205645385664828,15.417414061810812,Persistent / Stable,1,4.5,Unnamed Industrial Feature,0,3.45,1,188.58,0,Mining,1,1,15.417414061810812,0.79,0,0,1,0,70.0,1,32.10000000000002,Mining Activity,0,LOW
23.77298,86.19218,299.99,0.72,0.75,2026-09-16,2057,N20,VIIRS,n,2.0NRT,278.57,1.52,N,VIIRS_NOAA20_NRT,3.019047619047619,42,0.0358871243673198,-49.65299684542587,Persistent / Stable,1,5.49,Unnamed Industrial Feature,0,18.7,0,184.89,0,Other,4,1,-49.65299684542587,0.38,0,0,1,0,70.0,1,21.420000000000016,Other Thermal Event,5,LOW
23.77355,86.19236,299.82,0.72,0.75,2026-09-16,2057,N20,VIIRS,n,2.0NRT,278.8,1.82,N,VIIRS_NOAA20_NRT,3.091860465116279,43,0.0176108141111957,-41.13576532531027,Persistent / Stable,1,5.55,Unnamed Industrial Feature,0,18.72,0,184.82,0,Other,4,1,-41.13576532531027,0.44,0,0,1,0,70.0,1,21.019999999999982,Other Thermal Event,5,LOW
23.783,86.20944,310.37,0.72,0.76,2026-09-16,2057,N20,VIIRS,n,2.0NRT,278.9,3.69,N,VIIRS_NOAA20_NRT,3.051874999999999,48,0.0075892651494014,20.90927708376002,Persistent / Stable,1,7.53,Unnamed Industrial Feature,0,17.95,0,183.91,0,Other,4,1,20.90927708376002,0.91,0,0,1,0,70.0,1,31.470000000000027,Other Thermal Event,10,LOW
23.78351,86.2095,307.27,0.72,0.75,2026-09-16,2057,N20,VIIRS,n,2.0NRT,278.72,1.84,N,VIIRS_NOAA20_NRT,3.051874999999999,48,0.0037504055736385,-39.70919516690557,Persistent / Stable,1,7.57,Unnamed Industrial Feature,0,17.98,0,183.85,0,Other,4,1,-39.70919516690557,0.45,0,0,1,0,70.0,1,28.549999999999955,Other Thermal Event,5,LOW
23.78533,86.20263,298.07,0.72,0.75,2026-09-16,2057,N20,VIIRS,n,2.0NRT,278.33,1.84,N,VIIRS_NOAA20_NRT,3.051874999999999,48,0.027865197089587,-39.70919516690557,Persistent / Stable,1,7.22,Unnamed Industrial Feature,0,18.65,0,183.6,0,Other,4,1,-39.70919516690557,0.45,0,0,1,0,70.0,1,19.74000000000001,Other Thermal Event,5,LOW
23.79788,86.34793,297.08,0.73,0.76,2026-09-16,2057,N20,VIIRS,n,2.0NRT,271.92,2.77,N,VIIRS_NOAA20_NRT,2.2552564102564108,78,0.0097330343655853,22.824171451310303,Persistent / Stable,1,4.01,Unnamed Industrial Feature,0,8.39,0,183.95,0,Other,4,1,22.824171451310303,0.85,0,0,1,0,70.0,1,25.159999999999968,Other Thermal Event,10,LOW
26.64292,79.47828,310.26,0.48,0.48,2026-09-16,2057,N20,VIIRS,n,2.0NRT,293.38,2.87,N,VIIRS_NOAA20_NRT,1.842,5,0.0497040119005676,55.80890336590664,Abnormal Increase,1,78.55,Unnamed Industrial Feature,0,305.63,0,202.11,0,Cropland / Agriculture,3,1,55.80890336590664,1.01,0,0,1,0,70.0,1,16.879999999999995,Agricultural Burning,10,LOW
29.97354,77.5223,295.85,0.5,0.41,2026-09-16,2057,N20,VIIRS,n,2.0NRT,276.81,0.63,N,VIIRS_NOAA20_NRT,0.41,1,0.2523752902720489,53.658536585365866,Abnormal Increase,1,2.27,Unnamed Industrial Feature,1,154.11,0,83.56,0,Other,4,1,53.658536585365866,0.45,0,0,0,0,70.0,1,19.04000000000002,Other Thermal Event,20,LOW
31.25072,76.92822,295.48,0.45,0.39,2026-09-16,2057,N20,VIIRS,n,2.0NRT,276.24,0.3,N,VIIRS_NOAA20_NRT,0.8307692307692308,13,0.0048488565444948,-63.88888888888889,Persistent / Reduced,1,0.21,Ambuja Cements Limited,1,296.81,0,126.27,0,Industrial,0,1,-63.88888888888889,0.16,0,0,1,0,70.0,1,19.24000000000001,Normal Persistent Source,0,LOW
19.10005,82.16497,302.8,0.51,0.66,2026-09-16,2059,N20,VIIRS,n,2.0NRT,284.24,1.81,N,VIIRS_NOAA20_NRT,2.2891666666666666,36,0.0135881125509588,-20.931925737167813,Persistent / Stable,1,36.78,Unnamed Industrial Feature,0,182.84,0,75.52,0,Forest / Woodland,2,1,-20.931925737167813,0.55,0,0,1,0,70.0,1,18.560000000000002,Other Thermal Event,5,LOW
20.35771,72.94888,313.99,0.42,0.38,2026-09-16,2059,N20,VIIRS,n,2.0NRT,291.1,1.11,N,VIIRS_NOAA20_NRT,1.27,1,0.0265498393009337,-12.598425196850387,Single Historical Detection,1,3.28,Unnamed Industrial Feature,0,451.43,0,88.57,0,Other,4,1,-12.598425196850387,0.49,0,0,0,0,70.0,1,22.889999999999986,Other Thermal Event,5,LOW
20.76372,85.29387,303.46,0.74,0.76,2026-09-16,2059,N20,VIIRS,n,2.0NRT,281.3,1.31,N,VIIRS_NOAA20_NRT,2.932222222222222,27,0.0354974555867508,-55.32398635846912,Persistent / Reduced,1,4.89,Unnamed Industrial Feature,0,22.09,0,147.5,0,Other,4,1,-55.32398635846912,0.33,0,0,1,0,70.0,1,22.159999999999968,Other Thermal Event,5,LOW
20.76439,85.2942,303.58,0.74,0.76,2026-09-16,2059,N20,VIIRS,n,2.0NRT,281.25,1.39,N,VIIRS_NOAA20_NRT,2.932222222222222,27,0.0046398673035917,-52.59568018188708,Persistent / Reduced,1,4.82,Unnamed Industrial Feature,0,22.03,0,147.5,0,Other,4,1,-52.59568018188708,0.35,0,0,1,0,70.0,1,22.329999999999984,Other Thermal Event,5,LOW
20.79624,85.25153,312.37,0.73,0.76,2026-09-16,2059,N20,VIIRS,n,2.0NRT,280.62,2.38,N,VIIRS_NOAA20_NRT,4.153833333333335,60,0.0062736879814722,-42.70352686273725,Persistent / Stable,1,1.18,Meramandali Power Station,1,17.41,0,152.95,0,Industrial,0,1,-42.70352686273725,0.46,0,0,1,0,70.0,1,31.75,Normal Persistent Source,0,LOW
20.7966,85.25189,313.06,0.73,0.76,2026-09-16,2059,N20,VIIRS,n,2.0NRT,280.6,3.99,N,VIIRS_NOAA20_NRT,4.153833333333335,60,0.0265779822002067,-3.9441479757653854,Persistent / Stable,1,1.13,Meramandali Power Station,1,17.38,0,152.93,0,Industrial,0,1,-3.9441479757653854,0.77,0,0,1,0,70.0,1,32.45999999999998,Normal Persistent Source,0,LOW
20.86193,84.98901,300.21,0.7,0.75,2026-09-16,2059,N20,VIIRS,n,2.0NRT,280.15,1.26,N,VIIRS_NOAA20_NRT,3.015394736842105,76,0.0062951705141784,-58.21442597198585,Persistent / Reduced,1,1.51,Angul Steel Plant,1,25.92,0,152.76,0,Industrial,0,1,-58.21442597198585,0.31,0,0,1,0,70.0,1,20.060000000000002,Normal Persistent Source,0,LOW
20.86667,70.56642,307.37,0.38,0.36,2026-09-16,2059,N20,VIIRS,n,2.0NRT,292.75,1.07,N,VIIRS_NOAA20_NRT,1.05,1,0.282613576836249,1.9047619047619064,Single Historical Detection,1,0.43,Gujarat Sidhee Cement,1,276.12,0,178.76,0,Industrial,0,1,1.9047619047619064,0.52,0,0,0,0,70.0,1,14.620000000000005,Other Thermal Event,25,LOW
20.8687,84.99061,302.0,0.7,0.75,2026-09-16,2059,N20,VIIRS,n,2.0NRT,280.91,1.26,N,VIIRS_NOAA20_NRT,3.015394736842105,76,0.0091848701125598,-58.21442597198585,Persistent / Reduced,1,0.82,Angul Steel Plant,1,25.48,0,152.3,0,Industrial,0,1,-58.21442597198585,0.31,0,0,1,0,70.0,1,21.089999999999975,Normal Persistent Source,0,LOW
20.96375,85.1627,300.07,0.72,0.75,2026-09-16,2059,N20,VIIRS,n,2.0NRT,277.86,1.42,N,VIIRS_NOAA20_NRT,3.404897959183671,98,0.0166613944190935,-58.2953728122752,Persistent / Reduced,1,5.16,Unnamed Industrial Feature,0,6.14,0,157.22,0,Other,4,1,-58.2953728122752,0.32,0,0,1,0,70.0,1,22.20999999999998,Other Thermal Event,5,LOW
20.96552,85.18462,310.31,0.72,0.76,2026-09-16,2059,N20,VIIRS,n,2.0NRT,278.23,3.11,N,VIIRS_NOAA20_NRT,3.602980769230769,104,0.0196405817878479,-13.682581196125,Persistent / Stable,1,5.38,NTPC Talcher Thermal Power,0,4.06,1,158.79,0,Other,4,1,-13.682581196125,0.68,0,0,1,0,70.0,1,32.079999999999984,Mining Activity,0,LOW
20.96882,85.17133,312.83,0.72,0.76,2026-09-16,2059,N20,VIIRS,n,2.0NRT,277.66,3.28,N,VIIRS_NOAA20_NRT,3.547457627118643,118,0.018068080683403,-7.53941710463447,Persistent / Stable,1,5.79,Unnamed Industrial Feature,0,5.47,0,157.51,0,Other,4,1,-7.53941710463447,0.72,0,0,1,0,70.0,1,35.16999999999996,Mining Activity,0,LOW
20.97554,85.17336,300.16,0.72,0.76,2026-09-16,2059,N20,VIIRS,n,2.0NRT,277.28,3.28,N,VIIRS_NOAA20_NRT,3.5599137931034472,116,0.0021090142895936,-7.862937401622451,Persistent / Stable,1,6.56,Unnamed Industrial Feature,0,5.61,0,157.18,0,Other,4,1,-7.862937401622451,0.72,0,0,1,0,70.0,1,22.880000000000052,Mining Activity,0,LOW
20.97717,85.16679,303.54,0.72,0.75,2026-09-16,2059,N20,VIIRS,n,2.0NRT,276.75,4.14,N,VIIRS_NOAA20_NRT,3.4839622641509425,106,0.0479631957427458,18.83021933387492,Persistent / Stable,1,6.66,Unnamed Industrial Feature,0,6.3,0,156.55,0,Other,4,1,18.83021933387492,0.92,0,0,1,0,70.0,1,26.79000000000002,Other Thermal Event,10,LOW
20.97756,85.16721,303.65,0.72,0.75,2026-09-16,2059,N20,VIIRS,n,2.0NRT,276.95,1.96,N,VIIRS_NOAA20_NRT,3.5045794392523355,107,0.0237514293072776,-44.07317528467424,Persistent / Stable,1,6.71,Unnamed Industrial Feature,0,6.28,0,156.55,0,Other,4,1,-44.07317528467424,0.44,0,0,1,0,70.0,1,26.69999999999999,Other Thermal Event,5,LOW
20.97872,85.13143,301.06,0.71,0.75,2026-09-16,2059,N20,VIIRS,n,2.0NRT,279.1,2.48,N,VIIRS_NOAA20_NRT,2.9283333333333337,18,0.0508656366470244,-15.310187820147991,Persistent / Stable,1,7.55,Unnamed Industrial Feature,0,9.74,0,153.7,0,Other,4,1,-15.310187820147991,0.63,0,0,1,0,70.0,1,21.95999999999998,Other Thermal Event,5,LOW
21.10112,72.63636,330.33,0.41,0.37,2026-09-16,2059,N20,VIIRS,n,2.0NRT,293.13,6.98,N,VIIRS_NOAA20_NRT,4.8750967741935485,155,0.0094646868218471,43.17664496321,Persistent / Stable,1,0.23,Essar Steel Hazira,1,378.77,0,0.4,1,Industrial,0,1,43.17664496321,1.19,0,0,1,0,70.0,1,37.19999999999999,Gas Flare,25,LOW
21.10449,72.63702,323.88,0.41,0.37,2026-09-16,2059,N20,VIIRS,n,2.0NRT,292.23,1.97,N,VIIRS_NOAA20_NRT,4.8750967741935485,155,0.002894522697286,-59.59054576253243,Persistent / Reduced,1,0.09,ONGC Hazira Gas Processing,1,378.39,0,0.09,1,Industrial,0,1,-59.59054576253243,0.34,0,0,1,0,70.0,1,31.649999999999977,Gas Flare,20,LOW
21.10654,72.64538,312.31,0.41,0.37,2026-09-16,2059,N20,VIIRS,n,2.0NRT,291.88,3.09,N,VIIRS_NOAA20_NRT,4.8750967741935485,155,0.010348402826598,-36.61664284579959,Persistent / Stable,1,0.41,ArcelorMittal Nippon Steel India,1,377.92,0,0.92,1,Industrial,0,1,-36.61664284579959,0.53,0,0,1,0,70.0,1,20.430000000000007,Gas Flare,20,LOW
21.10786,72.63766,308.3,0.41,0.37,2026-09-16,2059,N20,VIIRS,n,2.0NRT,293.24,1.97,N,VIIRS_NOAA20_NRT,4.8750967741935485,155,0.0037412259071082,-59.59054576253243,Persistent / Reduced,1,0.35,ONGC Hazira Gas Processing,1,378.02,0,0.35,1,Industrial,0,1,-59.59054576253243,0.34,0,0,1,0,70.0,1,15.060000000000002,Gas Flare,20,LOW
21.18223,81.38342,309.47,0.41,0.61,2026-09-16,2059,N20,VIIRS,n,2.0NRT,288.32,2.3,N,VIIRS_NOAA20_NRT,2.72875,24,0.0031107066620266,-15.71232249198352,Persistent / Stable,1,0.82,Bhilai Steel Plant,1,172.16,0,285.15,0,Industrial,0,1,-15.71232249198352,0.62,0,0,1,0,70.0,1,21.150000000000034,Normal Persistent Source,0,LOW
21.18682,81.38865,325.9,0.41,0.61,2026-09-16,2059,N20,VIIRS,n,2.0NRT,288.89,2.3,N,VIIRS_NOAA20_NRT,2.72875,24,0.0249222049197456,-15.71232249198352,Persistent / Stable,1,0.36,Bhilai Steel Plant,1,171.58,0,284.48,0,Industrial,0,1,-15.71232249198352,0.62,0,0,1,0,70.0,1,37.00999999999999,Normal Persistent Source,0,LOW
21.25175,79.20641,308.88,0.59,0.53,2026-09-16,2059,N20,VIIRS,n,2.0NRT,289.83,1.27,N,VIIRS_NOAA20_NRT,1.19375,8,0.0346198471687407,6.387434554973816,Persistent / Stable,1,35.86,MIDC Nagpur Butibori,0,143.97,0,367.01,0,Forest / Woodland,2,1,6.387434554973816,0.58,0,0,1,0,70.0,1,19.05000000000001,Other Thermal Event,10,LOW
21.30925,81.5888,307.59,0.42,0.61,2026-09-16,2059,N20,VIIRS,n,2.0NRT,287.78,1.04,N,VIIRS_NOAA20_NRT,1.505,8,0.0166937587816508,-30.89700996677741,Persistent / Stable,1,0.23,Unnamed Industrial Feature,1,150.13,0,260.79,0,Industrial,0,1,-30.89700996677741,0.42,0,0,1,0,70.0,1,19.810000000000002,Normal Persistent Source,0,LOW
21.3138,81.58978,305.82,0.42,0.61,2026-09-16,2059,N20,VIIRS,n,2.0NRT,287.93,1.1,N,VIIRS_NOAA20_NRT,1.505,8,0.0158004726672813,-26.910299003322255,Persistent / Stable,1,0.44,Unnamed Industrial Feature,1,150.03,0,260.56,0,Industrial,0,1,-26.910299003322255,0.44,0,0,1,0,70.0,1,17.889999999999986,Normal Persistent Source,0,LOW
21.33635,78.96861,306.6,0.57,0.52,2026-09-16,2059,N20,VIIRS,n,2.0NRT,290.18,1.71,N,VIIRS_NOAA20_NRT,1.755384615384615,13,0.0068230086548033,-2.58545135845748,Persistent / Stable,1,40.77,MIDC Nagpur Butibori,0,156.88,0,379.96,0,Forest / Woodland,2,1,-2.58545135845748,0.62,0,0,1,0,70.0,1,16.420000000000016,Other Thermal Event,5,LOW
21.34993,81.66181,306.67,0.42,0.61,2026-09-16,2059,N20,VIIRS,n,2.0NRT,287.41,1.05,N,VIIRS_NOAA20_NRT,2.704166666666667,12,0.3117298412208779,-61.171032357473045,Persistent / Reduced,1,0.93,Unnamed Industrial Feature,1,142.58,0,252.32,0,Industrial,0,1,-61.171032357473045,0.28,0,0,1,0,70.0,1,19.25999999999999,Normal Persistent Source,0,LOW
21.37486,81.6808,306.56,0.42,0.61,2026-09-16,2059,N20,VIIRS,n,2.0NRT,288.25,2.1,N,VIIRS_NOAA20_NRT,2.452,15,0.0238198532599044,-14.355628058727564,Persistent / Stable,1,1.64,Unnamed Industrial Feature,1,140.7,0,249.72,0,Industrial,0,1,-14.355628058727564,0.61,0,0,1,0,70.0,1,18.310000000000002,Normal Persistent Source,0,LOW
21.37554,81.65169,305.1,0.42,0.61,2026-09-16,2059,N20,VIIRS,n,2.0NRT,287.76,1.09,N,VIIRS_NOAA20_NRT,2.577272727272728,11,0.0429634351277151,-57.70723104056438,Persistent / Reduced,1,0.3,Unnamed Industrial Feature,1,143.71,0,252.63,0,Industrial,0,1,-57.70723104056438,0.3,0,0,1,0,70.0,1,17.340000000000032,Normal Persistent Source,0,LOW
21.37575,81.67684,306.1,0.42,0.61,2026-09-16,2059,N20,VIIRS,n,2.0NRT,288.2,1.5,N,VIIRS_NOAA20_NRT,2.452,15,0.0374342182060809,-38.82544861337684,Persistent / Stable,1,1.95,Unnamed Industrial Feature,1,141.11,0,250.1,0,Industrial,0,1,-38.82544861337684,0.43,0,0,1,0,70.0,1,17.900000000000034,Normal Persistent Source,0,LOW
21.37819,81.63983,310.21,0.42,0.61,2026-09-16,2059,N20,VIIRS,n,2.0NRT,288.13,2.0,N,VIIRS_NOAA20_NRT,2.078888888888889,9,0.0259259022342486,-3.794762159273112,Persistent / Stable,1,1.06,Unnamed Industrial Feature,1,144.95,0,253.75,0,Industrial,0,1,-3.794762159273112,0.65,0,0,1,0,70.0,1,22.079999999999984,Normal Persistent Source,0,LOW
21.45712,81.80067,305.89,0.43,0.62,2026-09-16,2059,N20,VIIRS,n,2.0NRT,287.93,0.64,N,VIIRS_NOAA20_NRT,0.0,0,,0.0,New / No Local History,1,4.52,Unnamed Industrial Feature,0,129.02,0,235.54,0,Other,4,0,0.0,0.64,0,0,0,1,70.0,1,17.95999999999998,Agricultural Burning,0,LOW
21.48653,81.76577,305.03,0.43,0.62,2026-09-16,2059,N20,VIIRS,n,2.0NRT,287.55,1.59,N,VIIRS_NOAA20_NRT,1.4842857142857144,7,0.0601360095483211,7.122232916265634,Persistent / Stable,1,0.43,Unnamed Industrial Feature,1,133.01,0,238.38,0,Industrial,0,1,7.122232916265634,0.64,0,0,1,0,70.0,1,17.47999999999996,Normal Persistent Source,0,LOW
21.48825,81.76633,303.07,0.43,0.62,2026-09-16,2059,N20,VIIRS,n,2.0NRT,287.43,1.46,N,VIIRS_NOAA20_NRT,1.4842857142857144,7,0.002139478268724,-1.6361886429259025,Persistent / Stable,1,0.44,Unnamed Industrial Feature,1,132.98,0,238.28,0,Industrial,0,1,-1.6361886429259025,0.59,0,0,1,0,70.0,1,15.639999999999986,Normal Persistent Source,0,LOW
21.49399,81.81,303.64,0.43,0.62,2026-09-16,2059,N20,VIIRS,n,2.0NRT,287.49,0.4,N,VIIRS_NOAA20_NRT,0.925,2,0.016485807389302,-56.75675675675676,Persistent / Reduced,1,2.76,Unnamed Industrial Feature,0,128.59,0,233.73,0,Other,4,1,-56.75675675675676,0.21,0,0,1,0,70.0,1,16.149999999999977,Normal Persistent Source,0,LOW
21.50045,81.80745,304.89,0.43,0.62,2026-09-16,2059,N20,VIIRS,n,2.0NRT,287.46,0.61,N,VIIRS_NOAA20_NRT,0.925,2,0.2731290872017022,-34.054054054054056,Persistent / Stable,1,2.46,Unnamed Industrial Feature,1,128.96,0,233.84,0,Other,4,1,-34.054054054054056,0.32,0,0,1,0,70.0,1,17.430000000000007,Normal Persistent Source,0,LOW
21.5636,72.91458,305.19,0.41,0.37,2026-09-16,2059,N20,VIIRS,n,2.0NRT,291.24,1.62,N,VIIRS_NOAA20_NRT,0.0,0,,0.0,New / No Local History,1,11.39,ONGC Ankleshwar,0,321.33,0,11.39,0,Other,4,0,0.0,1.62,0,0,0,1,70.0,1,13.949999999999989,Agricultural Burning,0,LOW
21.62496,81.79198,303.78,0.43,0.62,2026-09-16,2059,N20,VIIRS,n,2.0NRT,287.95,1.19,N,VIIRS_NOAA20_NRT,0.8400000000000001,2,0.0287427831439713,41.66666666666664,Persistent / Stable,1,7.24,Unnamed Industrial Feature,0,122.0,0,233.06,0,Other,4,1,41.66666666666664,0.65,0,0,1,0,70.0,1,15.829999999999984,Agricultural Burning,0,LOW
21.6741,82.08178,306.12,0.44,0.63,2026-09-16,2059,N20,VIIRS,n,2.0NRT,287.88,1.0,N,VIIRS_NOAA20_NRT,1.36,2,0.1942702201478736,-26.470588235294112,Persistent / Stable,1,0.32,Unnamed Industrial Feature,1,97.22,0,202.64,0,Industrial,0,1,-26.470588235294112,0.42,0,0,1,0,70.0,1,18.24000000000001,Normal Persistent Source,0,LOW
21.68258,84.03684,313.14,0.59,0.7,2026-09-16,2059,N20,VIIRS,n,2.0NRT,286.63,3.16,N,VIIRS_NOAA20_NRT,2.826315789473685,19,0.0171560222479722,11.806331471135923,Persistent / Stable,1,6.19,Unnamed Industrial Feature,0,110.9,0,24.81,0,Other,4,1,11.806331471135923,0.83,0,0,1,0,70.0,1,26.50999999999999,Other Thermal Event,10,LOW
21.74345,83.83869,311.19,0.57,0.69,2026-09-16,2059,N20,VIIRS,n,2.0NRT,286.67,4.27,N,VIIRS_NOAA20_NRT,4.736385542168675,83,0.0109785614450593,-9.846866096866105,Persistent / Stable,1,6.48,IB Thermal Power Plant,0,95.25,0,26.63,0,Other,4,1,-9.846866096866105,0.74,0,0,1,0,70.0,1,24.519999999999982,Other Thermal Event,5,LOW
21.74626,83.84127,329.13,0.57,0.69,2026-09-16,2059,N20,VIIRS,n,2.0NRT,287.21,3.71,N,VIIRS_NOAA20_NRT,4.736385542168675,83,0.0073080959622247,-21.670227920227923,Persistent / Stable,1,6.27,Unnamed Industrial Feature,0,95.63,0,26.22,0,Other,4,1,-21.670227920227923,0.65,0,0,1,0,70.0,1,41.920000000000016,Other Thermal Event,5,LOW
21.74759,83.83586,312.46,0.57,0.69,2026-09-16,2059,N20,VIIRS,n,2.0NRT,286.31,2.99,N,VIIRS_NOAA20_NRT,4.712380952380952,84,0.2447819656149928,-36.5501212611156,Persistent / Stable,1,6.34,Unnamed Industrial Feature,0,95.22,0,26.53,0,Other,4,1,-36.5501212611156,0.52,0,0,1,0,70.0,1,26.149999999999977,Other Thermal Event,5,LOW
21.7496,83.84057,336.74,0.57,0.69,2026-09-16,2059,N20,VIIRS,n,2.0NRT,287.08,4.27,N,VIIRS_NOAA20_NRT,4.736385542168675,83,0.0038426208112899,-9.846866096866105,Persistent / Stable,1,5.94,Unnamed Industrial Feature,0,95.75,0,26.02,0,Other,4,1,-9.846866096866105,0.74,0,0,1,0,70.0,1,49.660000000000025,Other Thermal Event,5,LOW
21.75241,83.84314,304.91,0.57,0.69,2026-09-16,2059,N20,VIIRS,n,2.0NRT,286.73,3.71,N,VIIRS_NOAA20_NRT,4.736385542168675,83,0.0073106219444989,-21.670227920227923,Persistent / Stable,1,5.56,Unnamed Industrial Feature,0,96.14,0,25.62,0,Other,4,1,-21.670227920227923,0.65,0,0,1,0,70.0,1,18.180000000000007,Other Thermal Event,5,LOW
21.75374,83.8377,304.4,0.57,0.69,2026-09-16,2059,N20,VIIRS,n,2.0NRT,286.67,2.99,N,VIIRS_NOAA20_NRT,4.736385542168675,83,0.0556423805700556,-36.87169312169311,Persistent / Stable,1,5.64,Unnamed Industrial Feature,0,95.73,0,25.94,0,Other,4,1,-36.87169312169311,0.52,0,0,1,0,70.0,1,17.72999999999996,Other Thermal Event,5,LOW
21.75495,84.02281,307.54,0.59,0.7,2026-09-16,2059,N20,VIIRS,n,2.0NRT,286.87,2.07,N,VIIRS_NOAA20_NRT,2.5425,24,0.0077576224332788,-18.584070796460185,Persistent / Stable,1,0.83,Bhushan Power & Steel,1,112.74,0,16.76,0,Industrial,0,1,-18.584070796460185,0.58,0,0,1,0,70.0,1,20.670000000000016,Normal Persistent Source,0,LOW
21.75576,83.84245,322.3,0.57,0.69,2026-09-16,2059,N20,VIIRS,n,2.0NRT,287.17,3.92,N,VIIRS_NOAA20_NRT,4.736385542168675,83,0.0094300052349579,-17.236467236467238,Persistent / Stable,1,5.23,Unnamed Industrial Feature,0,96.26,0,25.42,0,Other,4,1,-17.236467236467238,0.68,0,0,1,0,70.0,1,35.129999999999995,Other Thermal Event,5,LOW
21.75858,83.84489,317.47,0.57,0.69,2026-09-16,2059,N20,VIIRS,n,2.0NRT,286.59,3.04,N,VIIRS_NOAA20_NRT,4.736385542168675,83,0.006595179744111,-35.816035816035814,Persistent / Stable,1,4.85,Unnamed Industrial Feature,0,96.64,0,25.03,0,Other,4,1,-35.816035816035814,0.53,0,0,1,0,70.0,1,30.880000000000052,Other Thermal Event,5,LOW
21.7599,83.83954,313.3,0.57,0.69,2026-09-16,2059,N20,VIIRS,n,2.0NRT,286.7,4.34,N,VIIRS_NOAA20_NRT,4.736385542168675,83,0.0212678859337449,-8.368945868945872,Persistent / Stable,1,4.94,Unnamed Industrial Feature,0,96.24,0,25.35,0,Other,4,1,-8.368945868945872,0.76,0,0,1,0,70.0,1,26.600000000000023,Other Thermal Event,5,LOW
21.76193,83.84421,319.72,0.57,0.69,2026-09-16,2059,N20,VIIRS,n,2.0NRT,286.72,3.92,N,VIIRS_NOAA20_NRT,4.736385542168675,83,0.016417163898071,-17.236467236467238,Persistent / Stable,1,4.53,Unnamed Industrial Feature,0,96.77,0,24.84,0,Other,4,1,-17.236467236467238,0.68,0,0,1,0,70.0,1,33.0,Other Thermal Event,5,LOW
21.76253,84.01905,306.7,0.58,0.7,2026-09-16,2059,N20,VIIRS,n,2.0NRT,286.91,2.07,N,VIIRS_NOAA20_NRT,2.5425,24,0.0055781689983154,-18.584070796460185,Persistent / Stable,1,0.28,Bhushan Power & Steel,1,112.75,0,15.93,0,Industrial,0,1,-18.584070796460185,0.58,0,0,1,0,70.0,1,19.789999999999964,Normal Persistent Source,0,LOW
21.76477,83.84663,312.02,0.57,0.69,2026-09-16,2059,N20,VIIRS,n,2.0NRT,286.42,3.04,N,VIIRS_NOAA20_NRT,4.770121951219512,82,0.0151240361232546,-36.26997315607822,Persistent / Stable,1,4.14,Unnamed Industrial Feature,0,97.14,0,24.45,0,Other,4,1,-36.26997315607822,0.53,0,0,1,0,70.0,1,25.599999999999966,Other Thermal Event,5,LOW
21.77009,84.0154,304.71,0.58,0.7,2026-09-16,2059,N20,VIIRS,n,2.0NRT,286.65,1.64,N,VIIRS_NOAA20_NRT,2.5425,24,0.2956023393919148,-35.49655850540807,Persistent / Stable,1,1.08,Bhushan Power & Steel,1,112.78,0,15.12,0,Industrial,0,1,-35.49655850540807,0.46,0,0,1,0,70.0,1,18.060000000000002,Normal Persistent Source,0,LOW
21.80483,82.03971,309.89,0.44,0.62,2026-09-16,2059,N20,VIIRS,n,2.0NRT,287.84,1.38,N,VIIRS_NOAA20_NRT,1.915,2,0.0609629661847503,-27.937336814621418,Persistent / Stable,1,15.42,Unnamed Industrial Feature,0,89.6,0,205.56,0,Forest / Woodland,2,1,-27.937336814621418,0.47,0,0,1,0,70.0,1,22.05000000000001,Agricultural Burning,0,LOW
21.82166,83.99483,305.23,0.58,0.7,2026-09-16,2059,N20,VIIRS,n,2.0NRT,286.85,1.17,N,VIIRS_NOAA20_NRT,2.4966666666666666,3,0.0552674308483384,-53.13751668891856,Persistent / Reduced,1,2.58,Unnamed Industrial Feature,0,113.56,0,9.96,0,Other,4,1,-53.13751668891856,0.33,0,0,1,0,70.0,1,18.379999999999995,Normal Persistent Source,0,LOW
21.87636,83.49432,303.67,0.54,0.68,2026-09-16,2059,N20,VIIRS,n,2.0NRT,286.95,1.04,N,VIIRS_NOAA20_NRT,1.6025,4,0.0227017253061654,-35.101404056162245,Persistent / Stable,1,5.55,Unnamed Industrial Feature,0,77.77,0,55.21,0,Other,4,1,-35.101404056162245,0.4,0,0,1,0,70.0,1,16.720000000000027,Agricultural Burning,0,LOW
21.92325,83.35231,304.39,0.53,0.67,2026-09-16,2059,N20,VIIRS,n,2.0NRT,287.01,1.97,N,VIIRS_NOAA20_NRT,2.8140740740740737,27,0.0113470712172264,-29.99473545669912,Persistent / Stable,1,0.66,Jindal Steel Works,1,74.5,0,69.79,0,Industrial,0,1,-29.99473545669912,0.52,0,0,1,0,70.0,1,17.379999999999995,Normal Persistent Source,0,LOW
21.92443,83.34735,304.02,0.53,0.67,2026-09-16,2059,N20,VIIRS,n,2.0NRT,286.92,3.11,N,VIIRS_NOAA20_NRT,2.8140740740740737,27,0.0396116240534468,10.515925243485135,Persistent / Stable,1,0.35,Jindal Steel Works,1,74.4,0,70.3,0,Industrial,0,1,10.515925243485135,0.82,0,0,1,0,70.0,1,17.099999999999966,Normal Persistent Source,0,LOW
21.92678,83.33752,318.06,0.53,0.67,2026-09-16,2059,N20,VIIRS,n,2.0NRT,287.17,2.54,N,VIIRS_NOAA20_NRT,2.8140740740740737,27,0.0361355903157844,-9.73940510660699,Persistent / Stable,1,1.07,Jindal Steel Works,1,74.21,0,71.32,0,Industrial,0,1,-9.73940510660699,0.67,0,0,1,0,70.0,1,30.889999999999986,Normal Persistent Source,0,LOW
21.96556,83.76841,302.48,0.56,0.69,2026-09-16,2059,N20,VIIRS,n,2.0NRT,286.48,1.2,N,VIIRS_NOAA20_NRT,1.675,4,0.246470336423223,-28.358208955223883,Persistent / Stable,1,9.3,Hemgir Coal Washery,0,104.15,0,27.65,0,Other,4,1,-28.358208955223883,0.45,0,0,1,0,70.0,1,16.0,Agricultural Burning,0,LOW
21.98808,82.01474,304.71,0.43,0.62,2026-09-16,2059,N20,VIIRS,n,2.0NRT,287.22,0.71,N,VIIRS_NOAA20_NRT,0.772,5,0.0041286979774276,-8.031088082901562,Persistent / Stable,1,13.49,Unnamed Industrial Feature,0,79.45,0,207.9,0,Forest / Woodland,2,1,-8.031088082901562,0.4,0,0,1,0,70.0,1,17.489999999999952,Agricultural Burning,0,LOW
22.00567,82.67139,304.39,0.48,0.64,2026-09-16,2059,N20,VIIRS,n,2.0NRT,287.48,1.07,N,VIIRS_NOAA20_NRT,1.743846153846154,13,0.0032300590641142,-38.641376268195856,Persistent / Stable,1,0.09,Prakash Industries Steel Plant,1,38.3,0,140.4,0,Industrial,0,1,-38.641376268195856,0.39,0,0,1,0,70.0,1,16.909999999999968,Normal Persistent Source,0,LOW
22.00669,82.66699,306.96,0.48,0.64,2026-09-16,2059,N20,VIIRS,n,2.0NRT,287.53,1.07,N,VIIRS_NOAA20_NRT,1.743846153846154,13,0.0108019813889142,-38.641376268195856,Persistent / Stable,1,0.49,Prakash Industries Steel Plant,1,38.2,0,140.86,0,Industrial,0,1,-38.641376268195856,0.39,0,0,1,0,70.0,1,19.430000000000007,Normal Persistent Source,0,LOW
22.01601,83.74875,303.14,0.56,0.68,2026-09-16,2059,N20,VIIRS,n,2.0NRT,286.5,0.78,N,VIIRS_NOAA20_NRT,1.802857142857143,14,0.1258090544520016,-56.73534072900159,Persistent / Reduced,1,13.91,Hemgir Coal Washery,0,106.67,0,31.36,0,Other,4,1,-56.73534072900159,0.28,0,0,1,0,70.0,1,16.639999999999986,Other Thermal Event,5,LOW
22.03908,83.72644,305.55,0.55,0.68,2026-09-16,2059,N20,VIIRS,n,2.0NRT,286.56,1.54,N,VIIRS_NOAA20_NRT,1.5490000000000002,10,0.1484203702721106,-0.5810200129115635,Persistent / Stable,1,16.23,Hemgir Coal Washery,0,106.99,0,34.51,0,Other,4,1,-0.5810200129115635,0.6,0,0,1,0,70.0,1,18.99000000000001,Other Thermal Event,5,LOW
22.03977,83.34985,310.22,0.52,0.67,2026-09-16,2059,N20,VIIRS,n,2.0NRT,286.81,2.06,N,VIIRS_NOAA20_NRT,1.5653846153846156,13,0.0052513316684769,31.597051597051586,Persistent / Stable,1,2.45,Unnamed Industrial Feature,1,77.11,0,71.56,0,Other,4,1,31.597051597051586,0.8,0,0,1,0,70.0,1,23.410000000000025,Normal Persistent Source,0,LOW
22.08998,83.11211,303.86,0.5,0.66,2026-09-16,2059,N20,VIIRS,n,2.0NRT,286.78,0.87,N,VIIRS_NOAA20_NRT,1.335,2,0.763482295269953,-34.8314606741573,Persistent / Stable,1,12.74,Binjkote Power Station,0,53.05,0,96.68,0,Forest / Woodland,2,1,-34.8314606741573,0.37,0,0,1,0,70.0,1,17.08000000000004,Agricultural Burning,0,LOW
22.10658,83.12169,306.24,0.5,0.66,2026-09-16,2059,N20,VIIRS,n,2.0NRT,287.09,0.99,N,VIIRS_NOAA20_NRT,1.335,2,0.2263448353282271,-25.84269662921348,Persistent / Stable,1,13.39,Binjkote Power Station,0,52.91,0,96.12,0,Forest / Woodland,2,1,-25.84269662921348,0.42,0,0,1,0,70.0,1,19.150000000000034,Agricultural Burning,0,LOW
22.22422,84.75076,305.56,0.63,0.72,2026-09-16,2059,N20,VIIRS,n,2.0NRT,285.54,2.13,N,VIIRS_NOAA20_NRT,0.9733333333333332,3,0.0361262520863941,118.83561643835618,Abnormal Increase,1,0.71,Unnamed Industrial Feature,1,55.82,0,82.24,0,Industrial,0,1,118.83561643835618,1.08,0,1,1,0,70.0,1,20.019999999999982,Normal Persistent Source,20,LOW
22.22556,84.75036,305.14,0.63,0.72,2026-09-16,2059,N20,VIIRS,n,2.0NRT,285.14,2.8,N,VIIRS_NOAA20_NRT,0.9733333333333332,3,0.0772000471347642,187.67123287671237,Abnormal Increase,1,0.8,Unnamed Industrial Feature,1,55.93,0,82.27,0,Industrial,0,1,187.67123287671237,1.42,0,1,1,0,70.0,1,20.0,Normal Persistent Source,20,LOW
22.26626,75.13531,305.39,0.49,0.4,2026-09-16,2059,N20,VIIRS,n,2.0NRT,292.06,1.15,N,VIIRS_NOAA20_NRT,0.86,2,0.1697971444662704,33.72093023255813,Persistent / Stable,1,69.75,Pithampur Industrial Area,0,271.62,0,201.11,0,Other,4,1,33.72093023255813,0.62,0,0,1,0,70.0,1,13.329999999999984,Agricultural Burning,0,LOW
22.31767,82.53176,303.91,0.46,0.63,2026-09-16,2059,N20,VIIRS,n,2.0NRT,286.97,1.62,N,VIIRS_NOAA20_NRT,1.89,10,0.1156908943621483,-14.285714285714285,Persistent / Stable,1,2.52,S V Power Private Limited Renki,0,15.67,0,160.86,0,Other,4,1,-14.285714285714285,0.56,0,0,1,0,70.0,1,16.939999999999998,Normal Persistent Source,0,LOW
22.33584,69.86693,307.4,0.4,0.37,2026-09-16,2059,N20,VIIRS,n,2.0NRT,292.29,1.69,N,VIIRS_NOAA20_NRT,3.4046666666666665,15,0.0327903360531413,-50.36224789504602,Persistent / Reduced,1,0.11,Reliance Refinery,1,100.1,0,0.11,1,Industrial,0,1,-50.36224789504602,0.38,0,0,1,0,70.0,1,15.109999999999957,Gas Flare,20,LOW
22.33755,69.85546,304.96,0.4,0.37,2026-09-16,2059,N20,VIIRS,n,2.0NRT,292.49,1.48,N,VIIRS_NOAA20_NRT,3.705384615384616,13,0.0291784718900685,-60.05812746522733,Persistent / Reduced,1,0.72,Unnamed Industrial Feature,1,99.76,0,1.15,1,Industrial,0,1,-60.05812746522733,0.31,0,0,1,0,70.0,1,12.46999999999997,Gas Flare,20,LOW
22.3409,69.85604,308.19,0.4,0.37,2026-09-16,2059,N20,VIIRS,n,2.0NRT,292.47,1.48,N,VIIRS_NOAA20_NRT,3.705384615384616,13,0.0309073907357421,-60.05812746522733,Persistent / Reduced,1,0.46,Unnamed Industrial Feature,1,99.4,0,1.18,1,Industrial,0,1,-60.05812746522733,0.31,0,0,1,0,70.0,1,15.71999999999997,Gas Flare,20,LOW
22.35728,82.30228,328.28,0.44,0.63,2026-09-16,2059,N20,VIIRS,n,2.0NRT,287.71,2.43,N,VIIRS_NOAA20_NRT,3.82625,24,0.013051858662944,-36.49134269846456,Persistent / Stable,1,13.63,Bhandhakhar Power Station,0,38.85,0,184.76,0,Forest / Woodland,2,1,-36.49134269846456,0.5,0,0,1,0,70.0,1,40.56999999999999,Other Thermal Event,5,LOW
22.35823,82.2981,319.12,0.44,0.63,2026-09-16,2059,N20,VIIRS,n,2.0NRT,287.15,2.43,N,VIIRS_NOAA20_NRT,3.82625,24,0.0591349803989962,-36.49134269846456,Persistent / Stable,1,14.07,Bhandhakhar Power Station,0,39.28,0,185.21,0,Forest / Woodland,2,1,-36.49134269846456,0.5,0,0,1,0,70.0,1,31.970000000000027,Other Thermal Event,5,LOW
22.35912,82.30338,315.38,0.44,0.63,2026-09-16,2059,N20,VIIRS,n,2.0NRT,287.55,3.89,N,VIIRS_NOAA20_NRT,3.82625,24,0.0094674694658949,1.6661221822933614,Persistent / Stable,1,13.55,Bhandhakhar Power Station,0,38.74,0,184.71,0,Forest / Woodland,2,1,1.6661221822933614,0.81,0,0,1,0,70.0,1,27.829999999999984,Other Thermal Event,10,LOW
22.3601,82.29922,335.09,0.44,0.63,2026-09-16,2059,N20,VIIRS,n,2.0NRT,287.25,5.25,N,VIIRS_NOAA20_NRT,3.82625,24,0.0567135676903233,37.21006207121855,Persistent / Stable,1,13.99,Bhandhakhar Power Station,0,39.17,0,185.15,0,Forest / Woodland,2,1,37.21006207121855,1.09,0,0,1,0,70.0,1,47.839999999999975,Other Thermal Event,10,LOW
22.36386,82.29951,302.9,0.44,0.63,2026-09-16,2059,N20,VIIRS,n,2.0NRT,287.36,2.43,N,VIIRS_NOAA20_NRT,3.82625,24,0.0864347796731417,-36.49134269846456,Persistent / Stable,1,14.02,Bhandhakhar Power Station,0,39.16,0,185.24,0,Forest / Woodland,2,1,-36.49134269846456,0.5,0,0,1,0,70.0,1,15.539999999999964,Other Thermal Event,5,LOW
22.57446,85.89532,307.19,0.73,0.76,2026-09-16,2059,N20,VIIRS,n,2.0NRT,283.55,2.33,N,VIIRS_NOAA20_NRT,2.615555555555556,18,0.0226227472683301,-10.917587085811393,Persistent / Stable,1,22.1,ACC Cement Ltd.,0,97.31,0,205.83,0,Other,4,1,-10.917587085811393,0.64,0,0,1,0,70.0,1,23.639999999999986,Other Thermal Event,5,LOW
22.57501,85.89182,303.59,0.73,0.76,2026-09-16,2059,N20,VIIRS,n,2.0NRT,283.97,2.12,N,VIIRS_NOAA20_NRT,2.615555555555556,18,0.0605790340004645,-18.94647408666101,Persistent / Stable,1,21.92,ACC Cement Ltd.,0,97.1,0,205.52,0,Other,4,1,-18.94647408666101,0.59,0,0,1,0,70.0,1,19.619999999999948,Other Thermal Event,5,LOW
22.61384,85.9109,300.8,0.73,0.76,2026-09-16,2059,N20,VIIRS,n,2.0NRT,284.06,1.36,N,VIIRS_NOAA20_NRT,1.262,5,0.2844268360101161,7.765451664025363,Persistent / Stable,1,19.75,Unnamed Industrial Feature,0,101.52,0,208.91,0,Other,4,1,7.765451664025363,0.6,0,0,1,0,70.0,1,16.74000000000001,Agricultural Burning,0,LOW
22.7858,86.19986,297.78,0.76,0.77,2026-09-16,2059,N20,VIIRS,n,2.0NRT,270.27,1.46,N,VIIRS_NOAA20_NRT,2.479821428571428,56,0.028768934960546,-41.12479297184416,Persistent / Stable,1,0.09,Tata Steel,1,100.61,0,208.91,0,Industrial,0,1,-41.12479297184416,0.42,0,0,1,0,70.0,1,27.50999999999999,Normal Persistent Source,0,LOW
22.78736,86.19874,297.61,0.76,0.77,2026-09-16,2059,N20,VIIRS,n,2.0NRT,269.39,1.38,N,VIIRS_NOAA20_NRT,2.479821428571428,56,0.014394838957982,-44.350831713112974,Persistent / Stable,1,0.27,Tata Steel,1,100.45,0,209.08,0,Industrial,0,1,-44.350831713112974,0.4,0,0,1,0,70.0,1,28.220000000000027,Normal Persistent Source,0,LOW
22.80104,86.08878,304.3,0.75,0.77,2026-09-16,2059,N20,VIIRS,n,2.0NRT,282.42,3.26,N,VIIRS_NOAA20_NRT,2.015,14,0.014923706198899,61.7866004962779,Abnormal Increase,1,0.52,Unnamed Industrial Feature,1,101.26,0,220.05,0,Industrial,0,1,61.7866004962779,1.08,0,0,1,0,70.0,1,21.879999999999995,Normal Persistent Source,10,LOW
23.16481,82.34061,309.86,0.43,0.62,2026-09-16,2059,N20,VIIRS,n,2.0NRT,286.82,1.72,N,VIIRS_NOAA20_NRT,1.913076923076923,13,0.0410159546852053,-10.092480900683547,Persistent / Stable,1,79.8,Salora Power Station,0,97.06,0,222.84,0,Forest / Woodland,2,1,-10.092480900683547,0.59,0,0,1,0,70.0,1,23.04000000000002,Other Thermal Event,5,LOW
23.16578,82.33643,319.91,0.43,0.62,2026-09-16,2059,N20,VIIRS,n,2.0NRT,286.87,3.71,N,VIIRS_NOAA20_NRT,1.913076923076923,13,0.0747258283312175,93.9284278246884,Abnormal Increase,1,80.05,Salora Power Station,0,97.31,0,223.24,0,Forest / Woodland,2,1,93.9284278246884,1.27,0,0,1,0,70.0,1,33.04000000000002,Other Thermal Event,20,LOW
23.17039,82.34191,315.5,0.43,0.62,2026-09-16,2059,N20,VIIRS,n,2.0NRT,287.06,1.72,N,VIIRS_NOAA20_NRT,1.913076923076923,13,0.0286100720699964,-10.092480900683547,Persistent / Stable,1,80.34,Salora Power Station,0,97.59,0,223.12,0,Forest / Woodland,2,1,-10.092480900683547,0.59,0,0,1,0,70.0,1,28.439999999999998,Other Thermal Event,5,LOW
23.31552,70.48505,304.9,0.39,0.36,2026-09-16,2059,N20,VIIRS,n,2.0NRT,291.76,0.83,N,VIIRS_NOAA20_NRT,1.5000000000000002,13,0.011232612648525,-44.66666666666668,Persistent / Stable,1,34.13,Unnamed Industrial Feature,0,76.97,0,103.34,0,Other,4,1,-44.66666666666668,0.33,0,0,1,0,70.0,1,13.139999999999986,Other Thermal Event,5,LOW
23.49726,68.57574,304.66,0.44,0.38,2026-09-16,2059,N20,VIIRS,n,2.0NRT,291.42,0.92,N,VIIRS_NOAA20_NRT,0.9533333333333333,3,0.2366272929630291,-3.496503496503484,Persistent / Stable,1,0.48,Sanghi Cement,1,122.32,0,165.96,0,Industrial,0,1,-3.496503496503484,0.47,0,0,1,0,70.0,1,13.240000000000009,Normal Persistent Source,0,LOW
23.65064,85.4359,299.91,0.65,0.73,2026-09-16,2059,N20,VIIRS,n,2.0NRT,284.17,1.51,N,VIIRS_NOAA20_NRT,3.022045454545456,44,0.0057004121904664,-50.03384222004965,Persistent / Reduced,1,2.74,Unnamed Industrial Feature,0,48.82,0,207.83,0,Other,4,1,-50.03384222004965,0.38,0,0,1,0,70.0,1,15.740000000000009,Normal Persistent Source,0,LOW
23.68495,86.3896,295.62,0.74,0.76,2026-09-16,2059,N20,VIIRS,n,2.0NRT,264.88,1.11,N,VIIRS_NOAA20_NRT,3.0147826086956515,92,0.007452026629731,-63.18142486299393,Persistent / Reduced,1,3.83,SAIL Parbatpur Colliery,0,3.83,1,197.03,0,Mining,1,1,-63.18142486299393,0.28,0,0,1,0,70.0,1,30.74000000000001,Mining Activity,0,LOW
23.69552,85.36996,306.88,0.64,0.72,2026-09-16,2059,N20,VIIRS,n,2.0NRT,284.41,2.02,N,VIIRS_NOAA20_NRT,1.4726315789473683,19,0.0063984113959347,37.16940671908508,Persistent / Stable,1,8.6,Jindal Steel,0,54.58,0,205.25,0,Other,4,1,37.16940671908508,0.82,0,0,1,0,70.0,1,22.46999999999997,Other Thermal Event,10,LOW
23.69725,85.36816,311.28,0.64,0.72,2026-09-16,2059,N20,VIIRS,n,2.0NRT,284.36,1.77,N,VIIRS_NOAA20_NRT,1.4726315789473683,19,0.0057003473055123,20.19299499642603,Persistent / Stable,1,8.66,Jindal Steel,0,54.74,0,205.13,0,Other,4,1,20.19299499642603,0.72,0,0,1,0,70.0,1,26.91999999999996,Other Thermal Event,10,LOW
23.70238,86.07531,299.08,0.71,0.75,2026-09-16,2059,N20,VIIRS,n,2.0NRT,277.95,0.69,N,VIIRS_NOAA20_NRT,2.5734328358208955,67,0.0175452051182599,-73.1875652476511,Persistent / Reduced,1,1.48,Unnamed Industrial Feature,1,14.57,0,192.26,0,Industrial,0,1,-73.1875652476511,0.19,0,0,1,0,70.0,1,21.129999999999995,Normal Persistent Source,0,LOW
23.78572,85.55286,301.21,0.66,0.73,2026-09-16,2059,N20,VIIRS,n,2.0NRT,284.29,1.81,N,VIIRS_NOAA20_NRT,1.886818181818182,22,0.0062224339944426,-4.07130811852566,Persistent / Stable,1,0.92,Tata Iron and Steel Company Limited (TISCO) - West Bokaro,1,35.81,0,190.04,0,Industrial,0,1,-4.07130811852566,0.63,0,0,1,0,70.0,1,16.91999999999996,Normal Persistent Source,0,LOW
23.78726,85.54689,300.44,0.66,0.73,2026-09-16,2059,N20,VIIRS,n,2.0NRT,284.55,1.52,N,VIIRS_NOAA20_NRT,1.8505,20,0.3632438074969934,-17.86003782761415,Persistent / Stable,1,1.1,Unnamed Industrial Feature,1,36.43,0,190.03,0,Industrial,0,1,-17.86003782761415,0.53,0,0,1,0,70.0,1,15.889999999999986,Normal Persistent Source,0,LOW
23.79381,85.54864,300.28,0.66,0.73,2026-09-16,2059,N20,VIIRS,n,2.0NRT,284.43,1.68,N,VIIRS_NOAA20_NRT,1.903333333333333,21,0.1856384053713751,-11.73380035026271,Persistent / Stable,1,0.35,Unnamed Industrial Feature,1,36.34,0,189.29,0,Industrial,0,1,-11.73380035026271,0.58,0,0,1,0,70.0,1,15.849999999999966,Normal Persistent Source,0,LOW
24.05548,80.61336,305.39,0.32,0.55,2026-09-16,2059,N20,VIIRS,n,2.0NRT,288.63,0.93,N,VIIRS_NOAA20_NRT,0.62,1,0.0947313066177186,50.000000000000014,Abnormal Increase,1,61.43,Unnamed Industrial Feature,0,208.31,0,202.19,0,Cropland / Agriculture,3,1,50.000000000000014,0.57,0,0,0,0,70.0,1,16.75999999999999,Agricultural Burning,10,LOW
24.19716,82.71645,302.86,0.43,0.62,2026-09-16,2059,N20,VIIRS,n,2.0NRT,286.16,0.9,N,VIIRS_NOAA20_NRT,1.1085714285714283,7,0.1897213447265699,-18.81443298969072,Persistent / Stable,1,5.76,NTPC Singrauli Thermal Power,0,5.73,0,157.76,0,Cropland / Agriculture,3,1,-18.81443298969072,0.43,0,0,1,0,70.0,1,16.69999999999999,Mining Activity,0,LOW
24.19786,80.79628,303.74,0.33,0.55,2026-09-16,2059,N20,VIIRS,n,2.0NRT,288.5,0.35,N,VIIRS_NOAA20_NRT,0.76,1,0.0133568733835018,-53.94736842105263,Single Historical Detection,1,41.77,Unnamed Industrial Feature,0,189.02,0,178.1,0,Cropland / Agriculture,3,1,-53.94736842105263,0.2,0,0,0,0,70.0,1,15.240000000000009,Agricultural Burning,0,LOW
24.19808,82.7125,302.34,0.43,0.62,2026-09-16,2059,N20,VIIRS,n,2.0NRT,284.17,0.9,N,VIIRS_NOAA20_NRT,1.1085714285714283,7,0.1070023721656053,-18.81443298969072,Persistent / Stable,1,5.36,NTPC Singrauli Thermal Power,0,5.33,0,157.47,0,Cropland / Agriculture,3,1,-18.81443298969072,0.43,0,0,1,0,70.0,1,18.16999999999996,Mining Activity,0,LOW
24.20679,82.52486,306.13,0.42,0.61,2026-09-16,2059,N20,VIIRS,n,2.0NRT,285.29,0.87,N,VIIRS_NOAA20_NRT,0.0,0,,0.0,New / No Local History,1,13.73,NTPC Singrauli Thermal Power,0,13.73,0,148.01,0,Cropland / Agriculture,3,0,0.0,0.87,0,0,0,1,70.0,1,20.839999999999975,Agricultural Burning,0,LOW
24.65938,73.87926,305.21,0.41,0.37,2026-09-16,2059,N20,VIIRS,n,2.0NRT,291.12,0.59,N,VIIRS_NOAA20_NRT,1.1825,4,0.2951117998432567,-50.10570824524314,Persistent / Reduced,1,0.26,Unnamed Industrial Feature,1,36.93,0,254.08,0,Industrial,0,1,-50.10570824524314,0.27,0,0,1,0,70.0,1,14.089999999999975,Normal Persistent Source,0,LOW
24.66203,74.63422,304.93,0.44,0.38,2026-09-16,2059,N20,VIIRS,n,2.0NRT,291.53,1.1,N,VIIRS_NOAA20_NRT,1.4700000000000002,8,0.0737904330419735,-25.17006802721089,Persistent / Stable,1,31.1,Unnamed Industrial Feature,0,96.25,0,297.15,0,Cropland / Agriculture,3,1,-25.17006802721089,0.45,0,0,1,0,70.0,1,13.400000000000034,Other Thermal Event,5,LOW
24.69119,74.67901,306.35,0.44,0.38,2026-09-16,2059,N20,VIIRS,n,2.0NRT,290.71,0.8,N,VIIRS_NOAA20_NRT,0.58,3,0.005284658652198,37.93103448275863,Persistent / Stable,1,30.26,Unnamed Industrial Feature,0,101.64,0,302.29,0,Cropland / Agriculture,3,1,37.93103448275863,0.51,0,0,1,0,70.0,1,15.640000000000043,Agricultural Burning,0,LOW
24.69178,73.00111,308.83,0.39,0.36,2026-09-16,2059,N20,VIIRS,n,2.0NRT,291.01,1.29,N,VIIRS_NOAA20_NRT,1.1736363636363636,11,0.0479645279360137,9.914794732765303,Persistent / Stable,1,29.23,India One,0,84.49,0,201.48,0,Other,4,1,9.914794732765303,0.59,0,0,1,0,70.0,1,17.819999999999993,Other Thermal Event,10,LOW
24.81997,73.09322,312.16,0.39,0.37,2026-09-16,2059,N20,VIIRS,n,2.0NRT,291.92,1.65,N,VIIRS_NOAA20_NRT,0.9616666666666668,6,0.0100925679229734,71.57712305025994,Abnormal Increase,1,45.88,India One,0,84.27,0,211.13,0,Other,4,1,71.57712305025994,0.84,0,0,1,0,70.0,1,20.24000000000001,Other Thermal Event,20,LOW
24.93228,74.63466,305.85,0.43,0.38,2026-09-16,2059,N20,VIIRS,n,2.0NRT,291.53,0.63,N,VIIRS_NOAA20_NRT,1.14,8,0.0113413939994198,-44.73684210526315,Persistent / Stable,1,43.55,Unnamed Industrial Feature,0,110.65,0,323.14,0,Cropland / Agriculture,3,1,-44.73684210526315,0.29,0,0,1,0,70.0,1,14.32000000000005,Other Thermal Event,5,LOW
24.93575,74.6354,304.02,0.43,0.38,2026-09-16,2059,N20,VIIRS,n,2.0NRT,291.13,0.37,N,VIIRS_NOAA20_NRT,1.14,8,0.0303461114549969,-67.54385964912281,Persistent / Reduced,1,43.18,Unnamed Industrial Feature,0,110.93,0,323.51,0,Cropland / Agriculture,3,1,-67.54385964912281,0.17,0,0,1,0,70.0,1,12.889999999999986,Other Thermal Event,5,LOW
25.96787,71.27215,299.44,0.39,0.36,2026-09-16,2059,N20,VIIRS,n,2.0NRT,283.03,0.58,N,VIIRS_NOAA20_NRT,0.0,0,,0.0,New / No Local History,1,8.83,Giral Lignite Power Plant,0,133.2,0,12.49,0,Other,4,0,0.0,0.58,0,0,0,1,70.0,1,16.410000000000025,Agricultural Burning,0,LOW
13.08856,79.98178,304.1,0.48,0.65,2026-09-16,2101,N20,VIIRS,n,2.0NRT,284.23,2.79,N,VIIRS_NOAA20_NRT,0.0,0,,0.0,New / No Local History,1,1.26,Spartek Granites,1,24.72,0,31.17,0,Industrial,0,0,0.0,2.79,0,0,0,1,70.0,1,19.870000000000005,Other Thermal Event,20,LOW
13.15904,80.28638,305.93,0.5,0.66,2026-09-16,2101,N20,VIIRS,n,2.0NRT,288.39,2.77,N,VIIRS_NOAA20_NRT,2.29,6,0.0619552528327205,20.960698689956352,Persistent / Stable,1,0.82,Unnamed Industrial Feature,1,5.15,0,2.08,1,Industrial,0,1,20.960698689956352,0.84,0,0,1,0,70.0,1,17.54000000000002,Gas Flare,25,LOW
13.71095,79.61896,306.28,0.44,0.63,2026-09-16,2101,N20,VIIRS,n,2.0NRT,290.67,2.47,N,VIIRS_NOAA20_NRT,1.52875,8,0.001921310405648,61.56991005723632,Abnormal Increase,1,29.15,TTD Transport Yard,0,93.79,0,92.72,0,Cropland / Agriculture,3,1,61.56991005723632,0.98,0,0,1,0,70.0,1,15.609999999999957,Other Thermal Event,20,LOW
15.11166,76.80593,306.92,0.54,0.51,2026-09-16,2101,N20,VIIRS,n,2.0NRT,289.63,1.64,N,VIIRS_NOAA20_NRT,1.8266666666666664,3,0.0397196505330543,-10.218978102189777,Persistent / Stable,1,9.07,Food Corporation of India,0,12.97,0,261.65,0,Forest / Woodland,2,1,-10.218978102189777,0.58,0,0,1,0,70.0,1,17.29000000000002,Agricultural Burning,0,LOW
15.17834,76.65773,321.32,0.53,0.5,2026-09-16,2101,N20,VIIRS,n,2.0NRT,290.14,3.15,N,VIIRS_NOAA20_NRT,2.528920187793428,213,0.0044852439552168,24.559091077859826,Persistent / Stable,1,22.47,Food Corporation of India,0,22.95,0,266.32,0,Forest / Woodland,2,1,24.559091077859826,0.89,0,0,1,0,70.0,1,31.180000000000007,Other Thermal Event,10,LOW
15.18011,76.67323,304.79,0.53,0.5,2026-09-16,2101,N20,VIIRS,n,2.0NRT,290.36,1.73,N,VIIRS_NOAA20_NRT,2.4545497630331763,211,0.0131264015224831,-29.518642235137406,Persistent / Stable,1,20.82,Food Corporation of India,0,23.9,0,267.44,0,Forest / Woodland,2,1,-29.518642235137406,0.5,0,0,1,0,70.0,1,14.430000000000007,Other Thermal Event,5,LOW
15.18103,76.66838,306.37,0.53,0.5,2026-09-16,2101,N20,VIIRS,n,2.0NRT,290.31,1.73,N,VIIRS_NOAA20_NRT,2.4380701754385976,228,0.0081194623667555,-29.04223933223001,Persistent / Stable,1,21.35,Food Corporation of India,0,23.74,0,267.23,0,Forest / Woodland,2,1,-29.04223933223001,0.5,0,0,1,0,70.0,1,16.060000000000002,Other Thermal Event,5,LOW
15.18196,76.66354,307.09,0.53,0.5,2026-09-16,2101,N20,VIIRS,n,2.0NRT,290.26,3.15,N,VIIRS_NOAA20_NRT,2.4501327433628326,226,0.0079129399780448,28.56446282484239,Persistent / Stable,1,21.87,Food Corporation of India,0,23.59,0,267.01,0,Forest / Woodland,2,1,28.56446282484239,0.91,0,0,1,0,70.0,1,16.829999999999984,Other Thermal Event,10,LOW
15.33556,76.28365,304.03,0.5,0.49,2026-09-16,2101,N20,VIIRS,n,2.0NRT,290.15,1.28,N,VIIRS_NOAA20_NRT,1.33375,32,0.0282457307533161,-4.029990627928769,Persistent / Stable,1,32.89,APMC,0,48.45,0,261.29,0,Forest / Woodland,2,1,-4.029990627928769,0.55,0,0,1,0,70.0,1,13.879999999999995,Other Thermal Event,5,LOW
15.35781,76.71009,313.24,0.53,0.5,2026-09-16,2101,N20,VIIRS,n,2.0NRT,289.73,1.09,N,VIIRS_NOAA20_NRT,5.18,1,0.7205703840218181,-78.95752895752895,Single Historical Detection,1,26.97,Food Corporation of India,0,32.27,0,285.99,0,Forest / Woodland,2,1,-78.95752895752895,0.18,0,0,0,0,70.0,1,23.50999999999999,Agricultural Burning,0,LOW
15.68581,78.45654,304.49,0.34,0.56,2026-09-16,2101,N20,VIIRS,n,2.0NRT,290.24,1.74,N,VIIRS_NOAA20_NRT,1.95,2,0.0674667107105654,-10.76923076923078,Persistent / Stable,1,45.49,Unnamed Industrial Feature,0,175.15,0,199.41,0,Cropland / Agriculture,3,1,-10.76923076923078,0.59,0,0,1,0,70.0,1,14.25,Agricultural Burning,0,LOW
17.9599,80.79063,308.19,0.44,0.62,2026-09-16,2101,N20,VIIRS,n,2.0NRT,284.33,2.28,N,VIIRS_NOAA20_NRT,2.711818181818181,33,0.0444976235422276,-15.923566878980887,Persistent / Stable,1,11.13,Aswapuram Heavy Water Plant,0,272.09,0,124.8,0,Other,4,1,-15.923566878980887,0.61,0,0,1,0,70.0,1,23.860000000000014,Other Thermal Event,5,LOW
18.72222,79.53536,300.98,0.35,0.57,2026-09-16,2101,N20,VIIRS,n,2.0NRT,278.16,0.5,N,VIIRS_NOAA20_NRT,1.7500000000000002,13,0.0487898537146,-71.42857142857143,Persistent / Reduced,1,5.38,"TGSRTC Bus Depot , Godavarikhani",0,139.83,0,83.67,0,Other,4,1,-71.42857142857143,0.18,0,0,1,0,70.0,1,22.819999999999993,Other Thermal Event,5,LOW
11.18126,79.09764,305.03,0.46,0.63,2026-09-16,2104,N20,VIIRS,n,2.0NRT,286.41,1.02,N,VIIRS_NOAA20_NRT,1.2836363636363637,11,0.1037121125356554,-20.53824362606231,Persistent / Stable,1,11.58,Unnamed Industrial Feature,0,96.63,0,93.67,0,Cropland / Agriculture,3,1,-20.53824362606231,0.45,0,0,1,0,70.0,1,18.619999999999948,Other Thermal Event,5,LOW
11.18605,79.09898,304.55,0.46,0.63,2026-09-16,2104,N20,VIIRS,n,2.0NRT,286.83,1.27,N,VIIRS_NOAA20_NRT,1.2836363636363637,11,0.0192544581927394,-1.0623229461756227,Persistent / Stable,1,11.87,Unnamed Industrial Feature,0,96.17,0,93.8,0,Cropland / Agriculture,3,1,-1.0623229461756227,0.56,0,0,1,0,70.0,1,17.720000000000027,Other Thermal Event,5,LOW
10.86468,78.57971,346.45,0.41,0.37,2026-09-16,809,N,VIIRS,n,2.0NRT,303.06,6.54,D,VIIRS_SNPP_NRT,2.3366666666666664,3,0.4610262542819716,179.88587731811697,Abnormal Increase,1,15.79,Trichy Steel Company,0,162.71,0,138.61,0,Cropland / Agriculture,3,1,179.88587731811697,1.96,0,1,1,0,70.0,0,43.389999999999986,Other Thermal Event,30,LOW
11.06063,77.64198,336.72,0.44,0.38,2026-09-16,809,N,VIIRS,l,2.0NRT,301.93,8.03,D,VIIRS_SNPP_NRT,0.0,0,,0.0,New / No Local History,1,22.03,SIPCOT Perundurai,0,153.74,0,61.31,0,Cropland / Agriculture,3,0,0.0,8.03,0,0,0,1,30.0,0,34.79000000000002,Agricultural Burning,0,LOW
11.88033,79.37421,332.62,0.39,0.36,2026-09-16,809,N,VIIRS,n,2.0NRT,302.2,4.36,D,VIIRS_SNPP_NRT,0.0,0,,0.0,New / No Local History,1,33.27,Neyveli Lignite Corporation,0,45.07,0,133.99,0,Cropland / Agriculture,3,0,0.0,4.36,0,0,0,1,70.0,0,30.420000000000016,Agricultural Burning,0,LOW
12.41312,79.09644,334.22,0.39,0.36,2026-09-16,809,N,VIIRS,n,2.0NRT,303.56,2.54,D,VIIRS_SNPP_NRT,0.0,0,,0.0,New / No Local History,1,63.93,SIPCOT Ranipet Industrial Estate,0,103.57,0,149.21,0,Cropland / Agriculture,3,0,0.0,2.54,0,0,0,1,70.0,0,30.660000000000025,Agricultural Burning,0,LOW
12.68162,79.69539,331.85,0.38,0.36,2026-09-16,809,N,VIIRS,l,2.0NRT,302.08,2.56,D,VIIRS_SNPP_NRT,3.51,1,1.3023003441257497,-27.06552706552706,Single Historical Detection,1,33.4,Unnamed Industrial Feature,0,60.89,0,78.69,0,Cropland / Agriculture,3,1,-27.06552706552706,0.57,0,0,0,0,30.0,0,29.77000000000004,Agricultural Burning,0,LOW
12.80444,79.90247,335.05,0.38,0.36,2026-09-16,809,N,VIIRS,n,2.0NRT,301.49,3.44,D,VIIRS_SNPP_NRT,3.1500000000000004,2,0.1421419397723365,9.206349206349191,Persistent / Stable,1,12.12,Unnamed Industrial Feature,0,34.61,0,52.67,0,Cropland / Agriculture,3,1,9.206349206349191,0.83,0,0,1,0,70.0,0,33.56,Agricultural Burning,0,LOW
12.80921,79.95585,332.37,0.38,0.36,2026-09-16,809,N,VIIRS,l,2.0NRT,302.72,1.92,D,VIIRS_SNPP_NRT,4.698,5,0.0162942599626029,-59.13154533844188,Persistent / Reduced,1,8.35,Unnamed Industrial Feature,0,29.53,0,48.09,0,Cropland / Agriculture,3,1,-59.13154533844188,0.34,0,0,1,0,30.0,0,29.649999999999977,Agricultural Burning,0,LOW
12.83462,79.9446,330.86,0.38,0.36,2026-09-16,809,N,VIIRS,l,2.0NRT,304.3,3.9,D,VIIRS_SNPP_NRT,4.685,6,0.3176734855434802,-16.755602988260403,Persistent / Stable,1,11.34,Unnamed Industrial Feature,0,28.96,0,47.02,0,Cropland / Agriculture,3,1,-16.755602988260403,0.69,0,0,1,0,30.0,0,26.560000000000002,Other Thermal Event,0,LOW
12.83739,79.94054,335.33,0.38,0.36,2026-09-16,809,N,VIIRS,l,2.0NRT,307.01,1.79,D,VIIRS_SNPP_NRT,4.996,5,0.0022664893617467,-64.17133706965573,Persistent / Reduced,1,11.47,Unnamed Industrial Feature,0,29.19,0,47.15,0,Cropland / Agriculture,3,1,-64.17133706965573,0.3,0,0,1,0,30.0,0,28.319999999999993,Agricultural Burning,0,LOW
12.8407,79.94003,330.26,0.38,0.36,2026-09-16,809,N,VIIRS,l,2.0NRT,301.79,1.79,D,VIIRS_SNPP_NRT,5.39,4,0.0131728046558853,-66.79035250463822,Persistent / Reduced,1,11.29,Unnamed Industrial Feature,0,29.05,0,46.95,0,Cropland / Agriculture,3,1,-66.79035250463822,0.28,0,0,1,0,30.0,0,28.46999999999997,Agricultural Burning,0,LOW
12.85502,79.94497,331.64,0.38,0.36,2026-09-16,809,N,VIIRS,l,2.0NRT,302.95,2.95,D,VIIRS_SNPP_NRT,5.39,4,0.3596350878758287,-45.26901669758812,Persistent / Stable,1,9.94,Unnamed Industrial Feature,0,27.83,0,45.51,0,Cropland / Agriculture,3,1,-45.26901669758812,0.46,0,0,1,0,30.0,0,28.689999999999998,Agricultural Burning,0,LOW
12.85833,79.94445,333.53,0.38,0.36,2026-09-16,809,N,VIIRS,n,2.0NRT,303.38,3.78,D,VIIRS_SNPP_NRT,5.39,4,0.3044501409524062,-29.87012987012987,Persistent / Stable,1,9.8,Unnamed Industrial Feature,0,27.71,0,45.32,0,Cropland / Agriculture,3,1,-29.87012987012987,0.59,0,0,1,0,70.0,0,30.149999999999977,Agricultural Burning,0,LOW
12.87986,79.90807,336.19,0.38,0.36,2026-09-16,809,N,VIIRS,n,2.0NRT,305.99,6.6,D,VIIRS_SNPP_NRT,4.634285714285714,7,0.0282875597024062,42.41676942046855,Persistent / Stable,1,12.69,Unnamed Industrial Feature,0,30.44,0,47.06,0,Cropland / Agriculture,3,1,42.41676942046855,1.17,0,0,1,0,70.0,0,30.19999999999999,Other Thermal Event,10,LOW
12.90249,79.90087,333.48,0.38,0.36,2026-09-16,809,N,VIIRS,l,2.0NRT,306.91,4.88,D,VIIRS_SNPP_NRT,7.05,1,0.8099357137684413,-30.78014184397163,Single Historical Detection,1,13.22,Unnamed Industrial Feature,0,30.48,0,46.36,0,Cropland / Agriculture,3,1,-30.78014184397163,0.61,0,0,0,0,30.0,0,26.569999999999993,Agricultural Burning,0,LOW
12.98208,80.0002,331.36,0.38,0.36,2026-09-16,809,N,VIIRS,l,2.0NRT,304.69,2.3,D,VIIRS_SNPP_NRT,0.0,0,,0.0,New / No Local History,1,2.08,SIPCOT Irungattukottai,1,18.88,0,32.65,0,Other,4,0,0.0,2.3,0,0,0,1,30.0,0,26.670000000000016,Other Thermal Event,0,LOW
13.0316,76.11507,330.22,0.49,0.4,2026-09-16,809,N,VIIRS,l,2.0NRT,302.69,4.8,D,VIIRS_SNPP_NRT,0.0,0,,0.0,New / No Local History,1,37.55,Akshayakalpa Farms & Food,0,95.71,0,95.71,0,Forest / Woodland,2,0,0.0,4.8,0,0,0,1,30.0,0,27.53000000000003,Agricultural Burning,0,LOW
13.43832,79.71164,331.64,0.38,0.36,2026-09-16,809,N,VIIRS,l,2.0NRT,303.57,4.06,D,VIIRS_SNPP_NRT,0.0,0,,0.0,New / No Local History,1,42.59,SIPCOT Gummidipundi,0,69.93,0,67.67,0,Cropland / Agriculture,3,0,0.0,4.06,0,0,0,1,30.0,0,28.069999999999993,Agricultural Burning,0,LOW
13.48112,78.97852,336.22,0.39,0.36,2026-09-16,809,N,VIIRS,n,2.0NRT,297.64,1.94,D,VIIRS_SNPP_NRT,0.0,0,,0.0,New / No Local History,1,45.67,TTD Transport Yard,0,141.39,0,134.26,0,Cropland / Agriculture,3,0,0.0,1.94,0,0,0,1,70.0,0,38.58000000000004,Agricultural Burning,0,LOW
13.57117,79.69406,331.49,0.38,0.36,2026-09-16,809,N,VIIRS,l,2.0NRT,302.88,2.41,D,VIIRS_SNPP_NRT,0.0,0,,0.0,New / No Local History,1,38.69,TTD Transport Yard,0,78.36,0,76.8,0,Cropland / Agriculture,3,0,0.0,2.41,0,0,0,1,30.0,0,28.610000000000014,Agricultural Burning,0,LOW
13.65174,76.52674,338.53,0.46,0.39,2026-09-16,809,N,VIIRS,n,2.0NRT,300.26,3.52,D,VIIRS_SNPP_NRT,0.0,0,,0.0,New / No Local History,1,47.43,Ammasandra Cement Factory,0,124.26,0,146.53,0,Forest / Woodland,2,0,0.0,3.52,0,0,0,1,70.0,0,38.26999999999998,Agricultural Burning,0,LOW
13.67833,79.60012,336.71,0.38,0.36,2026-09-16,809,N,VIIRS,n,2.0NRT,305.53,5.57,D,VIIRS_SNPP_NRT,0.0,0,,0.0,New / No Local History,1,26.83,TTD Transport Yard,0,93.38,0,92.03,0,Cropland / Agriculture,3,0,0.0,5.57,0,0,0,1,70.0,0,31.180000000000007,Agricultural Burning,0,LOW
13.82196,79.63383,335.88,0.38,0.36,2026-09-16,809,N,VIIRS,n,2.0NRT,305.12,5.69,D,VIIRS_SNPP_NRT,0.0,0,,0.0,New / No Local History,1,34.64,TTD Transport Yard,0,100.3,0,99.97,0,Cropland / Agriculture,3,0,0.0,5.69,0,0,0,1,70.0,0,30.75999999999999,Agricultural Burning,0,LOW
14.1287,79.75809,332.0,0.38,0.36,2026-09-16,809,N,VIIRS,l,2.0NRT,303.1,3.35,D,VIIRS_SNPP_NRT,0.0,0,,0.0,New / No Local History,1,30.37,Fodd Corporation of India Godowns,0,118.28,0,119.94,0,Cropland / Agriculture,3,0,0.0,3.35,0,0,0,1,30.0,0,28.899999999999977,Agricultural Burning,0,LOW
14.38803,77.74513,334.31,0.41,0.37,2026-09-16,809,N,VIIRS,l,2.0NRT,301.14,4.07,D,VIIRS_SNPP_NRT,6.8,1,1.8881279902178636,-40.147058823529406,Single Historical Detection,1,96.76,Loco Shed,0,122.68,0,156.38,0,Cropland / Agriculture,3,1,-40.147058823529406,0.52,0,0,0,0,30.0,0,33.170000000000016,Agricultural Burning,0,LOW
15.05126,79.73014,337.98,0.39,0.36,2026-09-16,809,N,VIIRS,n,2.0NRT,305.06,5.02,D,VIIRS_SNPP_NRT,0.0,0,,0.0,New / No Local History,1,33.76,COW Farm,0,213.73,0,216.84,0,Cropland / Agriculture,3,0,0.0,5.02,0,0,0,1,70.0,0,32.920000000000016,Agricultural Burning,0,LOW
15.17474,76.65694,336.59,0.44,0.38,2026-09-16,809,N,VIIRS,l,2.0NRT,306.73,6.22,D,VIIRS_SNPP_NRT,2.550588235294118,204,0.0007374726809577,143.8653136531365,Abnormal Increase,1,22.54,Food Corporation of India,0,22.55,0,265.95,0,Forest / Woodland,2,1,143.8653136531365,1.75,0,1,1,0,30.0,0,29.859999999999957,Other Thermal Event,20,LOW
15.18322,76.64294,340.89,0.44,0.38,2026-09-16,809,N,VIIRS,l,2.0NRT,304.23,6.02,D,VIIRS_SNPP_NRT,2.507307692307693,104,0.023608994620423,140.09817456665127,Abnormal Increase,1,22.79,NMDC Donimalai Iron Mine,0,22.79,0,265.87,0,Forest / Woodland,2,1,140.09817456665127,1.72,0,1,1,0,30.0,0,36.65999999999997,Other Thermal Event,20,LOW
15.24818,75.19145,332.29,0.51,0.41,2026-09-16,809,N,VIIRS,n,2.0NRT,297.84,3.02,D,VIIRS_SNPP_NRT,0.0,0,,0.0,New / No Local History,1,10.77,Food Corporation of India - FSD,0,104.18,0,226.75,0,Forest / Woodland,2,0,0.0,3.02,0,0,0,1,70.0,0,34.450000000000045,Agricultural Burning,0,LOW
15.24926,75.19452,330.95,0.51,0.41,2026-09-16,809,N,VIIRS,l,2.0NRT,298.74,3.49,D,VIIRS_SNPP_NRT,0.0,0,,0.0,New / No Local History,1,10.74,Food Corporation of India - FSD,0,104.06,0,226.86,0,Forest / Woodland,2,0,0.0,3.49,0,0,0,1,30.0,0,32.20999999999998,Agricultural Burning,0,LOW
15.63841,78.10263,333.16,0.39,0.36,2026-09-16,809,N,VIIRS,n,2.0NRT,301.14,4.0,D,VIIRS_SNPP_NRT,0.0,0,,0.0,New / No Local History,1,23.29,Unnamed Industrial Feature,0,137.93,0,212.99,0,Cropland / Agriculture,3,0,0.0,4.0,0,0,0,1,70.0,0,32.02000000000004,Agricultural Burning,0,LOW
15.82627,80.05234,345.32,0.39,0.36,2026-09-16,809,N,VIIRS,n,2.0NRT,304.44,5.21,D,VIIRS_SNPP_NRT,0.0,0,,0.0,New / No Local History,1,24.63,kummitha's farm,0,291.61,0,231.12,0,Cropland / Agriculture,3,0,0.0,5.21,0,0,0,1,70.0,0,40.879999999999995,Agricultural Burning,0,LOW
15.83647,79.50893,340.87,0.38,0.36,2026-09-16,809,N,VIIRS,n,2.0NRT,306.71,5.83,D,VIIRS_SNPP_NRT,0.0,0,,0.0,New / No Local History,1,35.95,kummitha's farm,0,287.72,0,199.62,0,Cropland / Agriculture,3,0,0.0,5.83,0,0,0,1,70.0,0,34.160000000000025,Agricultural Burning,0,LOW
15.86686,79.89035,348.83,0.39,0.36,2026-09-16,809,N,VIIRS,n,2.0NRT,305.99,10.09,D,VIIRS_SNPP_NRT,0.0,0,,0.0,New / No Local History,1,13.77,kummitha's farm,0,298.31,0,217.19,0,Cropland / Agriculture,3,0,0.0,10.09,0,0,0,1,70.0,0,42.839999999999975,Agricultural Burning,0,LOW
15.87144,80.60111,337.37,0.4,0.37,2026-09-16,809,N,VIIRS,n,2.0NRT,304.36,3.2,D,VIIRS_SNPP_NRT,0.0,0,,0.0,New / No Local History,1,24.92,"ITC Ltd., ILTD Division",0,296.71,0,214.76,0,Cropland / Agriculture,3,0,0.0,3.2,0,0,0,1,70.0,0,33.00999999999999,Agricultural Burning,0,LOW
16.5696,75.22845,334.66,0.49,0.4,2026-09-16,809,N,VIIRS,l,2.0NRT,305.08,16.85,D,VIIRS_SNPP_NRT,0.0,0,,0.0,New / No Local History,1,44.24,Ugar Sugar Works,0,226.09,0,350.23,0,Forest / Woodland,2,0,0.0,16.85,0,0,0,1,30.0,0,29.58000000000004,Forest / Wildfire,5,LOW
16.71376,79.56265,346.19,0.39,0.36,2026-09-16,809,N,VIIRS,n,2.0NRT,303.1,5.28,D,VIIRS_SNPP_NRT,0.0,0,,0.0,New / No Local History,1,9.31,Unnamed Industrial Feature,0,331.77,0,122.73,0,Cropland / Agriculture,3,0,0.0,5.28,0,0,0,1,70.0,0,43.089999999999975,Agricultural Burning,0,LOW
16.80981,80.20505,330.39,0.4,0.37,2026-09-16,809,N,VIIRS,l,2.0NRT,301.62,4.55,D,VIIRS_SNPP_NRT,0.0,0,,0.0,New / No Local History,1,6.05,Unnamed Industrial Feature,0,363.07,0,143.91,0,Cropland / Agriculture,3,0,0.0,4.55,0,0,0,1,30.0,0,28.769999999999982,Agricultural Burning,0,LOW
16.81149,80.20468,331.81,0.4,0.37,2026-09-16,809,N,VIIRS,n,2.0NRT,300.89,4.09,D,VIIRS_SNPP_NRT,0.0,0,,0.0,New / No Local History,1,6.01,Unnamed Industrial Feature,0,362.88,0,143.72,0,Cropland / Agriculture,3,0,0.0,4.09,0,0,0,1,70.0,0,30.920000000000016,Agricultural Burning,0,LOW
16.85604,79.14082,332.95,0.38,0.36,2026-09-16,809,N,VIIRS,l,2.0NRT,303.83,1.37,D,VIIRS_SNPP_NRT,0.0,0,,0.0,New / No Local History,1,24.98,Nagarjunasagar Left Canal power plant,0,303.86,0,81.24,0,Cropland / Agriculture,3,0,0.0,1.37,0,0,0,1,30.0,0,29.120000000000005,Agricultural Burning,0,LOW
17.04335,80.70287,334.67,0.41,0.37,2026-09-16,809,N,VIIRS,n,2.0NRT,300.52,2.58,D,VIIRS_SNPP_NRT,0.0,0,,0.0,New / No Local History,1,21.02,poultry farm,0,356.45,0,155.24,0,Cropland / Agriculture,3,0,0.0,2.58,0,0,0,1,70.0,0,34.150000000000034,Agricultural Burning,0,LOW
17.05987,80.1198,332.97,0.4,0.37,2026-09-16,809,N,VIIRS,n,2.0NRT,300.19,2.59,D,VIIRS_SNPP_NRT,0.0,0,,0.0,New / No Local History,1,18.62,Unnamed Industrial Feature,0,333.86,0,115.01,0,Cropland / Agriculture,3,0,0.0,2.59,0,0,0,1,70.0,0,32.78000000000003,Agricultural Burning,0,LOW
17.14139,80.77789,330.39,0.41,0.37,2026-09-16,809,N,VIIRS,n,2.0NRT,298.65,2.05,D,VIIRS_SNPP_NRT,2.56,1,0.2766723529621787,-19.921875000000007,Single Historical Detection,1,9.38,poultry farm,0,349.99,0,154.48,0,Cropland / Agriculture,3,1,-19.921875000000007,0.58,0,0,0,0,70.0,0,31.74000000000001,Agricultural Burning,0,LOW
17.58362,75.70586,333.38,0.45,0.39,2026-09-16,809,N,VIIRS,l,2.0NRT,301.8,6.18,D,VIIRS_SNPP_NRT,0.0,0,,0.0,New / No Local History,1,31.5,Hotgi Cement Works,0,300.01,0,319.23,0,Forest / Woodland,2,0,0.0,6.18,0,0,0,1,30.0,0,31.579999999999984,Agricultural Burning,0,LOW
18.30667,79.47578,330.51,0.39,0.36,2026-09-16,809,N,VIIRS,n,2.0NRT,299.71,2.59,D,VIIRS_SNPP_NRT,0.0,0,,0.0,New / No Local History,1,27.64,Unnamed Industrial Feature,0,184.77,0,39.73,0,Other,4,0,0.0,2.59,0,0,0,1,70.0,0,30.80000000000001,Agricultural Burning,0,LOW
18.05582,75.26559,344.31,0.47,0.39,2026-09-16,811,N,VIIRS,n,2.0NRT,301.37,4.1,D,VIIRS_SNPP_NRT,0.0,0,,0.0,New / No Local History,1,71.31,Unnamed Industrial Feature,0,367.55,0,256.34,0,Forest / Woodland,2,0,0.0,4.1,0,0,0,1,70.0,0,42.94,Agricultural Burning,0,LOW
18.6819,73.03521,333.12,0.4,0.44,2026-09-16,811,N,VIIRS,n,2.0NRT,292.08,4.5,D,VIIRS_SNPP_NRT,2.2831999999999995,50,0.0884836000263844,97.09180098107925,Abnormal Increase,1,24.5,ONGC Uran Plant Maharashtra,0,548.55,0,24.2,0,Forest / Woodland,2,1,97.09180098107925,1.37,0,0,1,0,70.0,0,41.04000000000002,Other Thermal Event,20,LOW
19.91829,74.21223,339.65,0.5,0.41,2026-09-16,811,N,VIIRS,n,2.0NRT,298.09,8.38,D,VIIRS_SNPP_NRT,0.0,0,,0.0,New / No Local History,1,36.74,Unnamed Industrial Feature,0,495.09,0,169.93,0,Forest / Woodland,2,0,0.0,8.38,0,0,0,1,70.0,0,41.56,Agricultural Burning,0,LOW
20.69658,78.63722,330.03,0.39,0.36,2026-09-16,811,N,VIIRS,l,2.0NRT,304.32,2.59,D,VIIRS_SNPP_NRT,1.468,5,0.0707468722889616,76.43051771117165,Abnormal Increase,1,51.2,MIDC Nagpur Butibori,0,107.16,0,319.59,0,Forest / Woodland,2,1,76.43051771117165,1.05,0,0,1,0,30.0,0,25.70999999999998,Agricultural Burning,0,LOW
20.79536,85.25188,330.11,0.52,0.5,2026-09-16,811,N,VIIRS,n,2.0NRT,291.5,3.29,D,VIIRS_SNPP_NRT,4.153833333333335,60,0.0272119195326676,-20.7960518396662,Persistent / Stable,1,1.27,Meramandali Power Station,1,17.51,0,152.88,0,Industrial,0,1,-20.7960518396662,0.64,0,0,1,0,70.0,0,38.610000000000014,Normal Persistent Source,0,LOW
20.88488,84.98148,333.65,0.5,0.49,2026-09-16,811,N,VIIRS,n,2.0NRT,295.07,4.26,D,VIIRS_SNPP_NRT,3.015394736842105,76,0.0115724761357871,41.27503599947639,Persistent / Stable,1,1.22,Angul Steel Plant,1,25.81,0,150.31,0,Industrial,0,1,41.27503599947639,1.06,0,0,1,0,70.0,0,38.579999999999984,Normal Persistent Source,0,LOW
20.88672,84.98424,341.92,0.5,0.49,2026-09-16,811,N,VIIRS,n,2.0NRT,294.99,7.3,D,VIIRS_SNPP_NRT,3.015394736842105,76,0.0218232645084194,142.0910241305581,Abnormal Increase,1,1.21,Unnamed Industrial Feature,1,25.48,0,150.35,0,Industrial,0,1,142.0910241305581,1.82,0,1,1,0,70.0,0,46.93000000000001,Normal Persistent Source,20,LOW
20.96785,85.17305,342.26,0.51,0.49,2026-09-16,811,N,VIIRS,n,2.0NRT,297.43,8.52,D,VIIRS_SNPP_NRT,3.5599137931034472,116,0.013500868132135,139.3316382128587,Abnormal Increase,1,5.71,Unnamed Industrial Feature,0,5.26,0,157.72,0,Other,4,1,139.3316382128587,1.87,0,1,1,0,70.0,0,44.829999999999984,Mining Activity,15,LOW
21.33731,78.96886,330.67,0.39,0.36,2026-09-16,811,N,VIIRS,n,2.0NRT,298.62,3.54,D,VIIRS_SNPP_NRT,1.755384615384615,13,0.016578212914372,101.66520595968451,Abnormal Increase,1,40.88,MIDC Nagpur Butibori,0,156.98,0,380.06,0,Forest / Woodland,2,1,101.66520595968451,1.28,0,1,1,0,70.0,0,32.05000000000001,Other Thermal Event,30,LOW
21.67842,84.03878,336.05,0.44,0.46,2026-09-16,811,N,VIIRS,n,2.0NRT,298.46,7.96,D,VIIRS_SNPP_NRT,2.826315789473685,19,0.007150122888808,181.63873370577275,Abnormal Increase,1,6.58,Unnamed Industrial Feature,0,110.93,0,25.28,0,Other,4,1,181.63873370577275,2.08,0,1,1,0,70.0,0,37.59000000000003,Other Thermal Event,30,LOW
21.74078,83.84452,331.02,0.43,0.46,2026-09-16,811,N,VIIRS,n,2.0NRT,298.81,5.96,D,VIIRS_SNPP_NRT,4.770121951219512,82,0.0176086258341638,24.944394733478216,Persistent / Stable,1,5.97,IB Thermal Power Plant,0,95.63,0,26.39,0,Other,4,1,24.944394733478216,1.03,0,0,1,0,70.0,0,32.20999999999998,Other Thermal Event,10,LOW
21.74503,83.844,339.95,0.43,0.46,2026-09-16,811,N,VIIRS,n,2.0NRT,298.95,7.48,D,VIIRS_SNPP_NRT,4.736385542168675,83,0.0028161948249454,57.92633292633293,Abnormal Increase,1,6.23,Unnamed Industrial Feature,0,95.81,0,26.1,0,Other,4,1,57.92633292633293,1.3,0,0,1,0,70.0,0,41.0,Other Thermal Event,20,LOW
21.74927,83.84347,346.49,0.43,0.46,2026-09-16,811,N,VIIRS,n,2.0NRT,298.88,7.48,D,VIIRS_SNPP_NRT,4.736385542168675,83,0.0040949140968836,57.92633292633293,Abnormal Increase,1,5.88,Unnamed Industrial Feature,0,96.0,0,25.82,0,Other,4,1,57.92633292633293,1.3,0,0,1,0,70.0,0,47.610000000000014,Other Thermal Event,20,LOW
21.75352,83.84294,338.32,0.43,0.46,2026-09-16,811,N,VIIRS,n,2.0NRT,299.21,3.22,D,VIIRS_SNPP_NRT,4.736385542168675,83,0.0111101972656661,-32.01566951566951,Persistent / Stable,1,5.45,Unnamed Industrial Feature,0,96.18,0,25.55,0,Other,4,1,-32.01566951566951,0.56,0,0,1,0,70.0,0,39.110000000000014,Other Thermal Event,5,LOW
21.75776,83.84239,331.62,0.43,0.46,2026-09-16,811,N,VIIRS,n,2.0NRT,297.03,3.22,D,VIIRS_SNPP_NRT,4.736385542168675,83,0.016429472616747,-32.01566951566951,Persistent / Stable,1,5.03,Unnamed Industrial Feature,0,96.37,0,25.28,0,Other,4,1,-32.01566951566951,0.56,0,0,1,0,70.0,0,34.59000000000003,Other Thermal Event,5,LOW
21.75826,83.84662,336.06,0.43,0.46,2026-09-16,811,N,VIIRS,n,2.0NRT,298.0,8.52,D,VIIRS_SNPP_NRT,4.770121951219512,82,0.0025653271691365,78.61178575993866,Abnormal Increase,1,4.82,Unnamed Industrial Feature,0,96.78,0,24.92,0,Other,4,1,78.61178575993866,1.48,0,0,1,0,70.0,0,38.06,Other Thermal Event,20,LOW
21.763,83.85031,332.17,0.43,0.46,2026-09-16,811,N,VIIRS,n,2.0NRT,297.0,5.64,D,VIIRS_SNPP_NRT,4.770121951219512,82,0.0909274738470245,18.235970855170656,Persistent / Stable,1,4.21,Unnamed Industrial Feature,0,97.37,0,24.28,0,Other,4,1,18.235970855170656,0.98,0,0,1,0,70.0,0,35.170000000000016,Other Thermal Event,10,LOW
21.92159,83.34818,331.54,0.41,0.45,2026-09-16,811,N,VIIRS,n,2.0NRT,298.25,5.63,D,VIIRS_SNPP_NRT,2.8140740740740737,27,0.0557066261170155,100.06580679126088,Abnormal Increase,1,0.66,Jindal Steel Works,1,74.15,0,70.21,0,Industrial,0,1,100.06580679126088,1.48,0,1,1,0,70.0,0,33.29000000000002,Normal Persistent Source,20,LOW
21.92207,83.35213,342.48,0.41,0.45,2026-09-16,811,N,VIIRS,n,2.0NRT,298.59,10.48,D,VIIRS_SNPP_NRT,2.8140740740740737,27,0.0075930424098337,272.4137931034484,Abnormal Increase,1,0.75,Jindal Steel Works,1,74.38,0,69.8,0,Industrial,0,1,272.4137931034484,2.75,0,1,1,0,70.0,0,43.89000000000004,Industrial Fire,55,MEDIUM
21.92476,83.33973,334.79,0.41,0.45,2026-09-16,811,N,VIIRS,n,2.0NRT,299.64,5.44,D,VIIRS_SNPP_NRT,2.8140740740740737,27,0.0475025323134753,93.31403000789685,Abnormal Increase,1,0.89,Jindal Steel Works,1,74.1,0,71.09,0,Industrial,0,1,93.31403000789685,1.43,0,0,1,0,70.0,0,35.150000000000034,Normal Persistent Source,10,LOW
22.03979,83.72896,339.03,0.43,0.46,2026-09-16,811,N,VIIRS,n,2.0NRT,297.28,4.87,D,VIIRS_SNPP_NRT,1.5490000000000002,10,0.0475372111444142,214.3963847643641,Abnormal Increase,1,16.32,Hemgir Coal Washery,0,107.23,0,34.31,0,Other,4,1,214.3963847643641,1.91,0,1,1,0,70.0,0,41.75,Other Thermal Event,30,LOW
22.35761,82.30546,338.35,0.54,0.42,2026-09-16,811,N,VIIRS,n,2.0NRT,299.06,8.15,D,VIIRS_SNPP_NRT,3.82625,24,0.024726985720058,113.00228683436788,Abnormal Increase,1,13.31,Bhandhakhar Power Station,0,38.53,0,184.46,0,Forest / Woodland,2,1,113.00228683436788,1.69,0,1,1,0,70.0,0,39.29000000000002,Other Thermal Event,30,LOW
22.78692,86.20747,333.4,0.63,0.54,2026-09-16,811,N,VIIRS,n,2.0NRT,295.86,11.78,D,VIIRS_SNPP_NRT,2.479821428571428,56,0.018675043009011,375.0342046518328,Abnormal Increase,1,0.74,Adityapur Industrial Estate,1,100.37,0,208.24,0,Industrial,0,1,375.0342046518328,3.39,0,1,1,0,70.0,0,37.539999999999964,Industrial Fire,55,MEDIUM
23.67685,86.39706,329.99,0.33,0.55,2026-09-16,811,N,VIIRS,n,2.0NRT,294.2,2.51,D,VIIRS_SNPP_NRT,3.0147826086956515,92,0.0180993667356991,-16.743582347851156,Persistent / Stable,1,3.61,Unnamed Industrial Feature,0,4.62,1,198.05,0,Other,4,1,-16.743582347851156,0.63,0,0,1,0,70.0,0,35.79000000000002,Mining Activity,0,LOW
23.67715,86.40037,328.92,0.33,0.55,2026-09-16,811,N,VIIRS,n,2.0NRT,293.93,2.51,D,VIIRS_SNPP_NRT,3.0147826086956515,92,0.0254950006845417,-16.743582347851156,Persistent / Stable,1,3.34,Unnamed Industrial Feature,0,4.95,1,198.07,0,Other,4,1,-16.743582347851156,0.63,0,0,1,0,70.0,0,34.99000000000001,Normal Persistent Source,0,LOW
23.68198,86.39639,329.38,0.33,0.55,2026-09-16,811,N,VIIRS,n,2.0NRT,294.03,2.51,D,VIIRS_SNPP_NRT,3.0147826086956515,92,0.0046539775413556,-16.743582347851156,Persistent / Stable,1,3.99,Unnamed Industrial Feature,0,4.51,1,197.47,0,Other,4,1,-16.743582347851156,0.63,0,0,1,0,70.0,0,35.35000000000002,Mining Activity,0,LOW
23.68524,86.39467,336.55,0.33,0.55,2026-09-16,811,N,VIIRS,n,2.0NRT,294.41,7.07,D,VIIRS_SNPP_NRT,3.0147826086956515,92,0.0144093102997315,134.51110470147108,Abnormal Increase,1,4.35,Unnamed Industrial Feature,0,4.35,1,197.09,0,Other,4,1,134.51110470147108,1.76,0,1,1,0,70.0,0,42.139999999999986,Mining Activity,15,LOW
23.68681,86.39255,333.33,0.33,0.55,2026-09-16,811,N,VIIRS,n,2.0NRT,294.67,4.73,D,VIIRS_SNPP_NRT,3.0147826086956515,92,0.0067445926946346,56.89356792616099,Abnormal Increase,1,4.15,SAIL Parbatpur Colliery,0,4.15,1,196.88,0,Other,4,1,56.89356792616099,1.18,0,0,1,0,70.0,0,38.65999999999997,Mining Activity,5,LOW
23.73745,86.43335,335.1,0.33,0.55,2026-09-16,811,N,VIIRS,n,2.0NRT,292.38,3.56,D,VIIRS_SNPP_NRT,2.262828282828283,99,0.0082005922196618,57.325238817962685,Abnormal Increase,1,5.73,Unnamed Industrial Feature,0,1.39,1,192.1,0,Mining,1,1,57.325238817962685,1.09,0,0,1,0,70.0,0,42.72000000000003,Mining Activity,5,LOW
23.77765,86.21114,349.15,0.32,0.55,2026-09-16,811,N,VIIRS,n,2.0NRT,295.46,6.63,D,VIIRS_SNPP_NRT,3.051874999999999,48,0.0298418754040003,117.24349784968264,Abnormal Increase,1,7.27,Unnamed Industrial Feature,0,17.44,0,184.52,0,Other,4,1,117.24349784968264,1.64,0,1,1,0,70.0,0,53.69,Other Thermal Event,30,LOW
23.78103,86.21056,356.47,0.32,0.55,2026-09-16,811,N,VIIRS,n,2.0NRT,296.22,8.94,D,VIIRS_SNPP_NRT,3.051874999999999,48,0.0193335627327357,192.93467130862183,Abnormal Increase,1,7.46,Unnamed Industrial Feature,0,17.72,0,184.14,0,Other,4,1,192.93467130862183,2.21,0,1,1,0,70.0,0,60.25,Other Thermal Event,30,LOW
30.98641,74.78347,331.93,0.39,0.36,2026-09-16,813,N,VIIRS,n,2.0NRT,297.46,5.37,D,VIIRS_SNPP_NRT,0.0,0,,0.0,New / No Local History,1,63.99,Rail Coach Factory - RCF Kapurthala,0,359.66,0,93.67,0,Cropland / Agriculture,3,0,0.0,5.37,0,0,0,1,70.0,0,34.47000000000003,Agricultural Burning,0,LOW
30.99784,74.74787,335.12,0.39,0.36,2026-09-16,813,N,VIIRS,n,2.0NRT,300.3,12.64,D,VIIRS_SNPP_NRT,0.0,0,,0.0,New / No Local History,1,66.14,Rail Coach Factory - RCF Kapurthala,0,362.91,0,95.66,0,Cropland / Agriculture,3,0,0.0,12.64,0,0,0,1,70.0,0,34.81999999999999,Agricultural Burning,5,LOW
31.14556,75.06457,339.46,0.38,0.36,2026-09-16,813,N,VIIRS,n,2.0NRT,297.5,4.48,D,VIIRS_SNPP_NRT,0.0,0,,0.0,New / No Local History,1,31.91,Rail Coach Factory - RCF Kapurthala,0,355.73,0,109.69,0,Cropland / Agriculture,3,0,0.0,4.48,0,0,0,1,70.0,0,41.95999999999998,Agricultural Burning,0,LOW
31.57678,75.11276,337.43,0.38,0.36,2026-09-16,813,N,VIIRS,n,2.0NRT,302.35,4.91,D,VIIRS_SNPP_NRT,0.0,0,,0.0,New / No Local History,1,24.26,Unnamed Industrial Feature,0,392.16,0,157.85,0,Cropland / Agriculture,3,0,0.0,4.91,0,0,0,1,70.0,0,35.079999999999984,Agricultural Burning,0,LOW
31.62166,75.02859,334.12,0.38,0.36,2026-09-16,813,N,VIIRS,n,2.0NRT,300.32,1.86,D,VIIRS_SNPP_NRT,0.0,0,,0.0,New / No Local History,1,14.92,Unnamed Industrial Feature,0,400.71,0,162.41,0,Cropland / Agriculture,3,0,0.0,1.86,0,0,0,1,70.0,0,33.80000000000001,Agricultural Burning,0,LOW
34.00336,75.5161,332.88,0.39,0.36,2026-09-16,816,N,VIIRS,n,2.0NRT,299.09,10.19,D,VIIRS_SNPP_NRT,0.0,0,,0.0,New / No Local History,1,179.68,Kathua Industrial Area,0,624.15,0,410.3,0,Other,4,0,0.0,10.19,0,0,0,1,70.0,0,33.79000000000002,Agricultural Burning,0,LOW
34.45443,74.24952,338.52,0.38,0.36,2026-09-16,816,N,VIIRS,n,2.0NRT,300.74,6.18,D,VIIRS_SNPP_NRT,0.0,0,,0.0,New / No Local History,1,259.43,Kathua Industrial Area,0,712.12,0,482.28,0,Other,4,0,0.0,6.18,0,0,0,1,70.0,0,37.77999999999997,Agricultural Burning,0,LOW
21.8812,88.16744,310.53,0.77,0.77,2026-09-16,1900,N,VIIRS,n,2.0NRT,283.74,2.55,N,VIIRS_SNPP_NRT,0.0,0,,0.0,New / No Local History,1,19.62,Haldia Petrochemicals,0,268.67,0,19.62,0,Other,4,0,0.0,2.55,0,0,0,1,70.0,1,26.789999999999964,Agricultural Burning,0,LOW
22.0548,88.12333,302.18,0.77,0.78,2026-09-16,1900,N,VIIRS,n,2.0NRT,275.85,1.99,N,VIIRS_SNPP_NRT,4.342173913043477,23,0.0024793259820232,-54.170421548012406,Persistent / Reduced,1,5.02,Haldia Port Industrial Area,0,256.03,0,7.44,0,Other,4,1,-54.170421548012406,0.37,0,0,1,0,70.0,1,26.329999999999984,Other Thermal Event,5,LOW
28.74295,76.9282,303.08,0.42,0.38,2026-09-16,2038,N,VIIRS,n,2.0NRT,284.69,0.7,N,VIIRS_SNPP_NRT,1.8533333333333333,6,0.0137863966886178,-62.23021582733813,Persistent / Reduced,1,4.96,Unnamed Industrial Feature,0,39.66,0,72.13,0,Cropland / Agriculture,3,1,-62.23021582733813,0.25,0,0,1,0,70.0,1,18.389999999999986,Other Thermal Event,5,LOW
28.83548,77.14072,297.75,0.42,0.37,2026-09-16,2038,N,VIIRS,n,2.0NRT,269.19,0.28,N,VIIRS_SNPP_NRT,1.586666666666667,3,0.2468417917677466,-82.35294117647058,Persistent / Reduced,1,2.05,All India Radio SW,1,30.4,0,64.11,0,Other,4,1,-82.35294117647058,0.11,0,0,1,0,70.0,1,28.560000000000002,Normal Persistent Source,0,LOW
20.26019,86.60262,308.09,0.35,0.57,2026-09-16,2040,N,VIIRS,n,2.0NRT,286.89,0.99,N,VIIRS_SNPP_NRT,0.0,0,,0.0,New / No Local History,1,0.27,IOCL Oil Refinery / Petrochemical Plant,1,163.07,0,0.27,1,Industrial,0,0,0.0,0.99,0,0,0,1,70.0,1,21.19999999999999,Gas Flare,20,LOW
20.70125,78.62218,306.59,0.4,0.37,2026-09-16,2040,N,VIIRS,n,2.0NRT,293.59,1.2,N,VIIRS_SNPP_NRT,1.468,5,0.17996289653499,-18.25613079019073,Persistent / Stable,1,52.15,MIDC Nagpur Butibori,0,108.57,0,320.59,0,Forest / Woodland,2,1,-18.25613079019073,0.49,0,0,1,0,70.0,1,13.0,Agricultural Burning,0,LOW
20.7046,78.6228,306.08,0.4,0.37,2026-09-16,2040,N,VIIRS,n,2.0NRT,293.67,1.07,N,VIIRS_SNPP_NRT,1.468,5,0.2444673316635527,-27.1117166212534,Persistent / Stable,1,51.88,MIDC Nagpur Butibori,0,108.82,0,320.92,0,Forest / Woodland,2,1,-27.1117166212534,0.43,0,0,1,0,70.0,1,12.409999999999968,Agricultural Burning,0,LOW
20.79671,85.25403,303.73,0.56,0.51,2026-09-16,2040,N,VIIRS,n,2.0NRT,287.43,1.73,N,VIIRS_SNPP_NRT,4.153833333333335,60,0.0045406052170995,-58.351723307788006,Persistent / Reduced,1,1.1,Meramandali Power Station,1,17.41,0,152.73,0,Industrial,0,1,-58.351723307788006,0.34,0,0,1,0,70.0,1,16.30000000000001,Normal Persistent Source,0,LOW
20.86486,84.99007,316.5,0.54,0.51,2026-09-16,2040,N,VIIRS,n,2.0NRT,287.06,2.39,N,VIIRS_SNPP_NRT,3.015394736842105,76,0.0036925441989034,-20.74006196273507,Persistent / Stable,1,1.2,Angul Steel Plant,1,25.69,0,152.58,0,Industrial,0,1,-20.74006196273507,0.6,0,0,1,0,70.0,1,29.439999999999998,Normal Persistent Source,0,LOW
20.86736,84.99375,304.84,0.54,0.5,2026-09-16,2040,N,VIIRS,n,2.0NRT,287.31,1.68,N,VIIRS_SNPP_NRT,3.038266666666666,75,0.0091801281374469,-44.70531443366831,Persistent / Stable,1,1.12,Angul Steel Plant,1,25.23,0,152.62,0,Industrial,0,1,-44.70531443366831,0.42,0,0,1,0,70.0,1,17.529999999999973,Normal Persistent Source,0,LOW
20.86847,84.98844,307.03,0.54,0.5,2026-09-16,2040,N,VIIRS,n,2.0NRT,287.16,1.68,N,VIIRS_SNPP_NRT,3.015394736842105,76,0.0157937041920878,-44.28590129598115,Persistent / Stable,1,0.78,Angul Steel Plant,1,25.7,0,152.17,0,Industrial,0,1,-44.28590129598115,0.42,0,0,1,0,70.0,1,19.869999999999948,Normal Persistent Source,0,LOW
20.86948,84.99106,306.13,0.54,0.51,2026-09-16,2040,N,VIIRS,n,2.0NRT,287.45,2.39,N,VIIRS_SNPP_NRT,3.015394736842105,76,0.0157581422521194,-20.74006196273507,Persistent / Stable,1,0.77,Angul Steel Plant,1,25.41,0,152.26,0,Industrial,0,1,-20.74006196273507,0.6,0,0,1,0,70.0,1,18.680000000000007,Normal Persistent Source,0,LOW
20.88434,84.98166,308.54,0.53,0.5,2026-09-16,2040,N,VIIRS,n,2.0NRT,286.48,2.03,N,VIIRS_SNPP_NRT,3.015394736842105,76,0.007818909421143,-32.67879739931055,Persistent / Stable,1,1.15,Angul Steel Plant,1,25.81,0,150.37,0,Industrial,0,1,-32.67879739931055,0.51,0,0,1,0,70.0,1,22.060000000000002,Normal Persistent Source,0,LOW
20.88528,84.98427,321.6,0.54,0.5,2026-09-16,2040,N,VIIRS,n,2.0NRT,286.74,2.64,N,VIIRS_SNPP_NRT,3.015394736842105,76,0.0188349674026046,-12.449273465113215,Persistent / Stable,1,1.14,Angul Steel Plant,1,25.52,0,150.47,0,Industrial,0,1,-12.449273465113215,0.66,0,0,1,0,70.0,1,34.860000000000014,Normal Persistent Source,0,LOW
20.88892,84.98279,313.09,0.53,0.5,2026-09-16,2040,N,VIIRS,n,2.0NRT,286.23,2.28,N,VIIRS_SNPP_NRT,3.015394736842105,76,0.0026033429319418,-24.3880089016887,Persistent / Stable,1,0.92,Unnamed Industrial Feature,1,25.56,0,150.06,0,Industrial,0,1,-24.3880089016887,0.57,0,0,1,0,70.0,1,26.859999999999957,Normal Persistent Source,0,LOW
20.95571,85.00945,304.3,0.54,0.5,2026-09-16,2040,N,VIIRS,n,2.0NRT,285.62,1.71,N,VIIRS_SNPP_NRT,3.09125,8,0.1007998047206976,-44.68257177517186,Persistent / Stable,1,3.98,Angul Monnet Power Company Limited,0,21.87,0,146.43,0,Other,4,1,-44.68257177517186,0.42,0,0,1,0,70.0,1,18.680000000000007,Other Thermal Event,5,LOW
20.9613,85.17358,307.5,0.55,0.51,2026-09-16,2040,N,VIIRS,n,2.0NRT,286.37,1.77,N,VIIRS_SNPP_NRT,3.5599137931034472,116,0.0146473846466986,-50.27969487831455,Persistent / Reduced,1,5.01,Unnamed Industrial Feature,0,4.98,1,158.25,0,Other,4,1,-50.27969487831455,0.39,0,0,1,0,70.0,1,21.129999999999995,Mining Activity,0,LOW
20.96234,85.16837,309.52,0.55,0.51,2026-09-16,2040,N,VIIRS,n,2.0NRT,286.59,2.93,N,VIIRS_SNPP_NRT,3.542232142857142,112,0.0076169724074585,-17.283795024323823,Persistent / Stable,1,5.03,Unnamed Industrial Feature,0,5.53,0,157.77,0,Other,4,1,-17.283795024323823,0.65,0,0,1,0,70.0,1,22.930000000000007,Mining Activity,0,LOW
20.96353,85.16985,311.16,0.55,0.51,2026-09-16,2040,N,VIIRS,n,2.0NRT,286.29,3.68,N,VIIRS_SNPP_NRT,3.536637168141592,113,0.0051920634533362,4.05364828345514,Persistent / Stable,1,5.19,Unnamed Industrial Feature,0,5.42,0,157.79,0,Other,4,1,4.05364828345514,0.81,0,0,1,0,70.0,1,24.870000000000005,Mining Activity,0,LOW
20.96461,85.16467,311.94,0.55,0.51,2026-09-16,2040,N,VIIRS,n,2.0NRT,286.5,2.84,N,VIIRS_SNPP_NRT,3.396599999999998,100,0.0055773091772078,-16.386975210504577,Persistent / Stable,1,5.26,Unnamed Industrial Feature,0,5.97,0,157.31,0,Other,4,1,-16.386975210504577,0.65,0,0,1,0,70.0,1,25.439999999999998,Mining Activity,0,LOW
20.96491,85.18665,325.75,0.55,0.51,2026-09-16,2040,N,VIIRS,n,2.0NRT,285.6,2.51,N,VIIRS_SNPP_NRT,3.6355670103092783,97,0.0076079662098607,-30.959875230398413,Persistent / Stable,1,5.16,NTPC Talcher Thermal Power,0,3.84,1,158.99,0,Mining,1,1,-30.959875230398413,0.54,0,0,1,0,70.0,1,40.14999999999998,Mining Activity,0,LOW
20.966,85.1814,304.35,0.55,0.51,2026-09-16,2040,N,VIIRS,n,2.0NRT,285.45,2.51,N,VIIRS_SNPP_NRT,3.600841121495326,107,0.0221158822014092,-30.29406421137325,Persistent / Stable,1,5.71,NTPC Talcher Thermal Power,0,4.39,1,158.5,0,Other,4,1,-30.29406421137325,0.55,0,0,1,0,70.0,1,18.900000000000034,Mining Activity,0,LOW
20.96678,85.1543,305.5,0.55,0.51,2026-09-16,2040,N,VIIRS,n,2.0NRT,286.45,1.9,N,VIIRS_SNPP_NRT,3.32871794871795,78,0.0168307114324791,-42.9209674934525,Persistent / Stable,1,5.56,Unnamed Industrial Feature,0,7.07,0,156.35,0,Other,4,1,-42.9209674934525,0.44,0,0,1,0,70.0,1,19.05000000000001,Other Thermal Event,5,LOW
20.96709,85.17618,310.01,0.55,0.51,2026-09-16,2040,N,VIIRS,n,2.0NRT,286.15,2.17,N,VIIRS_SNPP_NRT,3.5795412844036694,109,0.0093859254874315,-39.37770715329215,Persistent / Stable,1,5.7,Unnamed Industrial Feature,0,4.93,1,158.02,0,Other,4,1,-39.37770715329215,0.47,0,0,1,0,70.0,1,23.860000000000014,Mining Activity,0,LOW
20.96817,85.17097,319.67,0.55,0.51,2026-09-16,2040,N,VIIRS,n,2.0NRT,286.2,2.17,N,VIIRS_SNPP_NRT,3.5399999999999987,117,0.0092869712747129,-38.7005649717514,Persistent / Stable,1,5.71,Unnamed Industrial Feature,0,5.48,0,157.53,0,Other,4,1,-38.7005649717514,0.48,0,0,1,0,70.0,1,33.47000000000003,Mining Activity,0,LOW
20.97173,85.1773,311.04,0.55,0.51,2026-09-16,2040,N,VIIRS,n,2.0NRT,285.71,2.17,N,VIIRS_SNPP_NRT,3.5795412844036694,109,0.0072689651786163,-39.37770715329215,Persistent / Stable,1,6.23,Unnamed Industrial Feature,0,5.05,0,157.76,0,Other,4,1,-39.37770715329215,0.47,0,0,1,0,70.0,1,25.33000000000004,Mining Activity,0,LOW
20.9728,85.17211,311.7,0.55,0.51,2026-09-16,2040,N,VIIRS,n,2.0NRT,286.13,2.17,N,VIIRS_SNPP_NRT,3.5596581196581183,117,0.0074176665644783,-39.0390895121014,Persistent / Stable,1,6.24,Unnamed Industrial Feature,0,5.58,0,157.28,0,Other,4,1,-39.0390895121014,0.48,0,0,1,0,70.0,1,25.569999999999993,Mining Activity,0,LOW
20.97744,85.17324,310.57,0.55,0.51,2026-09-16,2040,N,VIIRS,n,2.0NRT,285.88,1.56,N,VIIRS_SNPP_NRT,3.5599137931034472,116,0.0022168603195948,-56.17871413003994,Persistent / Reduced,1,6.77,Unnamed Industrial Feature,0,5.73,0,157.03,0,Other,4,1,-56.17871413003994,0.34,0,0,1,0,70.0,1,24.689999999999998,Mining Activity,0,LOW
20.97851,85.16806,306.29,0.55,0.51,2026-09-16,2040,N,VIIRS,n,2.0NRT,285.98,1.79,N,VIIRS_SNPP_NRT,3.542232142857142,112,0.0010389686661359,-49.46689184079852,Persistent / Stable,1,6.82,Unnamed Industrial Feature,0,6.26,0,156.55,0,Other,4,1,-49.46689184079852,0.39,0,0,1,0,70.0,1,20.310000000000002,Other Thermal Event,5,LOW
20.98036,85.13575,310.1,0.54,0.51,2026-09-16,2040,N,VIIRS,n,2.0NRT,287.09,3.48,N,VIIRS_SNPP_NRT,3.2825,24,0.019994117772371,6.01675552170601,Persistent / Stable,1,7.54,Unnamed Industrial Feature,0,9.38,0,153.91,0,Other,4,1,6.01675552170601,0.81,0,0,1,0,70.0,1,23.010000000000048,Other Thermal Event,10,LOW
21.07667,85.03596,306.02,0.53,0.5,2026-09-16,2040,N,VIIRS,n,2.0NRT,286.77,3.39,N,VIIRS_SNPP_NRT,2.44,20,0.1175951990255778,38.934426229508205,Persistent / Stable,1,4.43,Talcher Super Thermal Powerstation,0,23.73,0,139.05,0,Other,4,1,38.934426229508205,0.99,0,0,1,0,70.0,1,19.25,Other Thermal Event,10,LOW
21.07738,85.03967,306.98,0.53,0.5,2026-09-16,2040,N,VIIRS,n,2.0NRT,286.59,1.76,N,VIIRS_SNPP_NRT,2.44,20,0.0159463618448481,-27.86885245901639,Persistent / Stable,1,4.05,Talcher Super Thermal Powerstation,0,23.47,0,139.28,0,Other,4,1,-27.86885245901639,0.51,0,0,1,0,70.0,1,20.390000000000043,Other Thermal Event,5,LOW
21.07841,85.03456,307.67,0.53,0.5,2026-09-16,2040,N,VIIRS,n,2.0NRT,286.76,1.76,N,VIIRS_SNPP_NRT,2.44,20,0.0036544104680282,-27.86885245901639,Persistent / Stable,1,4.48,Talcher Super Thermal Powerstation,0,23.97,0,138.81,0,Other,4,1,-27.86885245901639,0.51,0,0,1,0,70.0,1,20.910000000000025,Other Thermal Event,5,LOW
21.18694,81.39231,308.48,0.49,0.4,2026-09-16,2040,N,VIIRS,n,2.0NRT,292.72,2.36,N,VIIRS_SNPP_NRT,2.6544,25,0.0176542391328369,-11.091018685955396,Persistent / Stable,1,0.32,Bhilai Steel Plant,1,171.2,0,284.11,0,Industrial,0,1,-11.091018685955396,0.65,0,0,1,0,70.0,1,15.759999999999991,Normal Persistent Source,0,LOW
21.19374,81.41823,311.61,0.49,0.41,2026-09-16,2040,N,VIIRS,n,2.0NRT,291.47,0.65,N,VIIRS_SNPP_NRT,3.2122222222222216,9,0.0379492657941625,-79.76478727084054,Persistent / Reduced,1,0.88,Bhilai 500 MW Expansion Power Project,1,168.45,0,281.32,0,Industrial,0,1,-79.76478727084054,0.15,0,0,1,0,70.0,1,20.139999999999986,Normal Persistent Source,0,LOW
21.23205,79.62885,308.2,0.42,0.37,2026-09-16,2040,N,VIIRS,n,2.0NRT,293.21,1.81,N,VIIRS_SNPP_NRT,0.8525,4,0.0269741983211447,112.316715542522,Abnormal Increase,1,68.39,MIDC Nagpur Butibori,0,145.53,0,362.38,0,Forest / Woodland,2,1,112.316715542522,0.98,0,1,1,0,70.0,1,14.990000000000009,Agricultural Burning,20,LOW
21.23264,79.63024,316.03,0.42,0.37,2026-09-16,2040,N,VIIRS,n,2.0NRT,293.69,2.78,N,VIIRS_SNPP_NRT,0.8525,4,0.0542817819375351,226.099706744868,Abnormal Increase,1,68.55,MIDC Nagpur Butibori,0,145.63,0,362.44,0,Forest / Woodland,2,1,226.099706744868,1.5,0,1,1,0,70.0,1,22.339999999999975,Other Thermal Event,30,LOW
21.23548,79.62951,313.84,0.42,0.37,2026-09-16,2040,N,VIIRS,n,2.0NRT,293.35,1.81,N,VIIRS_SNPP_NRT,0.8525,4,0.0217861268444802,112.316715542522,Abnormal Increase,1,68.61,MIDC Nagpur Butibori,0,145.91,0,362.76,0,Forest / Woodland,2,1,112.316715542522,0.98,0,1,1,0,70.0,1,20.489999999999952,Agricultural Burning,20,LOW
21.24077,79.22945,309.68,0.41,0.37,2026-09-16,2040,N,VIIRS,n,2.0NRT,293.2,1.57,N,VIIRS_SNPP_NRT,1.085,4,0.620825120314057,44.700460829493096,Persistent / Stable,1,36.13,MIDC Nagpur Butibori,0,142.6,0,365.53,0,Forest / Woodland,2,1,44.700460829493096,0.75,0,0,1,0,70.0,1,16.480000000000018,Agricultural Burning,0,LOW
21.24547,79.22234,314.15,0.41,0.37,2026-09-16,2040,N,VIIRS,n,2.0NRT,293.56,1.59,N,VIIRS_SNPP_NRT,1.19375,8,0.0632229546091749,33.193717277486904,Persistent / Stable,1,36.15,MIDC Nagpur Butibori,0,143.17,0,366.13,0,Forest / Woodland,2,1,33.193717277486904,0.72,0,0,1,0,70.0,1,20.589999999999975,Other Thermal Event,10,LOW
21.24744,79.21069,307.87,0.41,0.37,2026-09-16,2040,N,VIIRS,n,2.0NRT,292.25,0.76,N,VIIRS_SNPP_NRT,1.19375,8,0.0312841885395197,-36.33507853403142,Persistent / Stable,1,35.68,MIDC Nagpur Butibori,0,143.46,0,366.49,0,Forest / Woodland,2,1,-36.33507853403142,0.35,0,0,1,0,70.0,1,15.620000000000005,Other Thermal Event,5,LOW
21.30923,81.59255,310.77,0.5,0.41,2026-09-16,2040,N,VIIRS,n,2.0NRT,291.96,1.18,N,VIIRS_SNPP_NRT,1.505,8,0.0209527352315307,-21.59468438538207,Persistent / Stable,1,0.2,Unnamed Industrial Feature,1,149.75,0,260.41,0,Industrial,0,1,-21.59468438538207,0.47,0,0,1,0,70.0,1,18.810000000000002,Normal Persistent Source,0,LOW
21.33662,78.96928,326.27,0.4,0.37,2026-09-16,2040,N,VIIRS,n,2.0NRT,293.87,2.8,N,VIIRS_SNPP_NRT,1.755384615384615,13,0.0035363034882261,59.50920245398774,Abnormal Increase,1,40.79,MIDC Nagpur Butibori,0,156.89,0,379.98,0,Forest / Woodland,2,1,59.50920245398774,1.02,0,0,1,0,70.0,1,32.39999999999998,Other Thermal Event,20,LOW
21.34651,81.66743,313.63,0.51,0.41,2026-09-16,2040,N,VIIRS,n,2.0NRT,291.47,1.98,N,VIIRS_SNPP_NRT,2.691666666666667,12,0.2300372700990299,-26.439628482972143,Persistent / Stable,1,0.83,Jayaswal Neco,1,142.0,0,251.85,0,Industrial,0,1,-26.439628482972143,0.54,0,0,1,0,70.0,1,22.159999999999968,Normal Persistent Source,0,LOW
21.37555,81.67852,310.47,0.51,0.41,2026-09-16,2040,N,VIIRS,n,2.0NRT,291.81,2.28,N,VIIRS_SNPP_NRT,2.452,15,0.0360174957861776,-7.014681892332796,Persistent / Stable,1,1.83,Unnamed Industrial Feature,1,140.94,0,249.94,0,Industrial,0,1,-7.014681892332796,0.66,0,0,1,0,70.0,1,18.660000000000025,Normal Persistent Source,0,LOW
21.37929,81.67932,307.42,0.51,0.41,2026-09-16,2040,N,VIIRS,n,2.0NRT,291.54,2.28,N,VIIRS_SNPP_NRT,2.452,15,0.0104115221409189,-7.014681892332796,Persistent / Stable,1,2.15,Unnamed Industrial Feature,1,140.87,0,249.75,0,Other,4,1,-7.014681892332796,0.66,0,0,1,0,70.0,1,15.879999999999995,Normal Persistent Source,0,LOW
21.38918,81.64635,307.95,0.5,0.41,2026-09-16,2040,N,VIIRS,n,2.0NRT,291.66,2.4,N,VIIRS_SNPP_NRT,2.078888888888889,9,0.0269993255466164,15.446285408872262,Persistent / Stable,1,1.68,Unnamed Industrial Feature,1,144.33,0,252.81,0,Industrial,0,1,15.446285408872262,0.78,0,0,1,0,70.0,1,16.289999999999964,Normal Persistent Source,0,LOW
21.48705,81.76936,310.56,0.51,0.41,2026-09-16,2040,N,VIIRS,n,2.0NRT,291.65,3.28,N,VIIRS_SNPP_NRT,1.4842857142857144,7,0.0029982286351409,120.9817131857555,Abnormal Increase,1,0.13,Unnamed Industrial Feature,1,132.65,0,238.0,0,Industrial,0,1,120.9817131857555,1.32,0,1,1,0,70.0,1,18.910000000000025,Normal Persistent Source,20,LOW
21.67333,82.08327,307.19,0.52,0.42,2026-09-16,2040,N,VIIRS,n,2.0NRT,291.37,0.99,N,VIIRS_SNPP_NRT,1.36,2,0.3482443355056442,-27.205882352941167,Persistent / Stable,1,0.14,Unnamed Industrial Feature,1,97.19,0,202.5,0,Industrial,0,1,-27.205882352941167,0.42,0,0,1,0,70.0,1,15.819999999999993,Normal Persistent Source,0,LOW
21.67427,82.07825,310.26,0.52,0.42,2026-09-16,2040,N,VIIRS,n,2.0NRT,291.59,0.99,N,VIIRS_SNPP_NRT,1.36,2,0.1084999848459895,-27.205882352941167,Persistent / Stable,1,0.66,Unnamed Industrial Feature,1,97.44,0,203.0,0,Industrial,0,1,-27.205882352941167,0.42,0,0,1,0,70.0,1,18.670000000000016,Normal Persistent Source,0,LOW
21.68009,84.04137,313.26,0.45,0.47,2026-09-16,2040,N,VIIRS,n,2.0NRT,290.69,4.15,N,VIIRS_SNPP_NRT,2.826315789473685,19,0.0130276694141969,46.83426443202978,Persistent / Stable,1,6.34,Unnamed Industrial Feature,0,111.24,0,25.11,0,Other,4,1,46.83426443202978,1.08,0,0,1,0,70.0,1,22.569999999999993,Other Thermal Event,10,LOW
21.68094,84.03707,308.2,0.45,0.47,2026-09-16,2040,N,VIIRS,n,2.0NRT,290.44,4.18,N,VIIRS_SNPP_NRT,2.826315789473685,19,0.0394861997267984,47.89571694599624,Persistent / Stable,1,6.36,Unnamed Industrial Feature,0,110.86,0,24.99,0,Other,4,1,47.89571694599624,1.09,0,0,1,0,70.0,1,17.75999999999999,Other Thermal Event,10,LOW
21.74161,83.84083,315.04,0.44,0.46,2026-09-16,2040,N,VIIRS,n,2.0NRT,291.44,3.5,N,VIIRS_SNPP_NRT,4.770121951219512,82,0.0070287147713947,-26.626613831011117,Persistent / Stable,1,6.2,IB Thermal Power Plant,0,95.34,0,26.6,0,Other,4,1,-26.626613831011117,0.61,0,0,1,0,70.0,1,23.600000000000023,Other Thermal Event,5,LOW
21.74582,83.84184,330.08,0.44,0.46,2026-09-16,2040,N,VIIRS,n,2.0NRT,291.64,5.32,N,VIIRS_SNPP_NRT,4.736385542168675,83,0.0076669505153019,12.321937321937328,Persistent / Stable,1,6.29,Unnamed Industrial Feature,0,95.66,0,26.21,0,Other,4,1,12.321937321937328,0.93,0,0,1,0,70.0,1,38.44,Other Thermal Event,10,LOW
21.75002,83.84284,337.87,0.44,0.46,2026-09-16,2040,N,VIIRS,n,2.0NRT,291.88,5.32,N,VIIRS_SNPP_NRT,4.736385542168675,83,0.009150096835846,12.321937321937328,Persistent / Stable,1,5.82,Unnamed Industrial Feature,0,95.98,0,25.82,0,Other,4,1,12.321937321937328,0.93,0,0,1,0,70.0,1,45.99000000000001,Other Thermal Event,10,LOW
21.75422,83.84384,328.7,0.44,0.46,2026-09-16,2040,N,VIIRS,n,2.0NRT,291.59,3.61,N,VIIRS_SNPP_NRT,4.736385542168675,83,0.0096161014758305,-23.78154253154253,Persistent / Stable,1,5.34,Unnamed Industrial Feature,0,96.3,0,25.43,0,Other,4,1,-23.78154253154253,0.63,0,0,1,0,70.0,1,37.110000000000014,Other Thermal Event,5,LOW
21.75729,83.84709,307.64,0.44,0.46,2026-09-16,2040,N,VIIRS,n,2.0NRT,290.58,2.31,N,VIIRS_SNPP_NRT,4.770121951219512,82,0.0206433997197897,-51.57356512846734,Persistent / Reduced,1,4.91,Unnamed Industrial Feature,0,96.76,0,24.95,0,Other,4,1,-51.57356512846734,0.4,0,0,1,0,70.0,1,17.060000000000002,Other Thermal Event,5,LOW
21.75814,83.84288,325.56,0.44,0.46,2026-09-16,2040,N,VIIRS,n,2.0NRT,291.51,2.31,N,VIIRS_SNPP_NRT,4.736385542168675,83,0.0206831873602243,-51.22863247863248,Persistent / Reduced,1,4.97,Unnamed Industrial Feature,0,96.43,0,25.22,0,Other,4,1,-51.22863247863248,0.4,0,0,1,0,70.0,1,34.05000000000001,Other Thermal Event,5,LOW
21.75843,83.84481,321.94,0.44,0.46,2026-09-16,2040,N,VIIRS,n,2.0NRT,291.38,3.61,N,VIIRS_SNPP_NRT,4.736385542168675,83,0.0081064902134907,-23.78154253154253,Persistent / Stable,1,4.87,Unnamed Industrial Feature,0,96.62,0,25.05,0,Other,4,1,-23.78154253154253,0.63,0,0,1,0,70.0,1,30.560000000000002,Other Thermal Event,5,LOW
21.7615,83.84806,331.42,0.44,0.46,2026-09-16,2040,N,VIIRS,n,2.0NRT,291.33,2.31,N,VIIRS_SNPP_NRT,4.770121951219512,82,0.0012808736037612,-51.57356512846734,Persistent / Reduced,1,4.44,Unnamed Industrial Feature,0,97.08,0,24.57,0,Other,4,1,-51.57356512846734,0.4,0,0,1,0,70.0,1,40.09000000000003,Other Thermal Event,5,LOW
21.76182,83.85001,319.45,0.44,0.46,2026-09-16,2040,N,VIIRS,n,2.0NRT,290.85,3.19,N,VIIRS_SNPP_NRT,4.770121951219512,82,0.0599012176572822,-33.12539946312156,Persistent / Stable,1,4.34,Unnamed Industrial Feature,0,97.28,0,24.39,0,Other,4,1,-33.12539946312156,0.55,0,0,1,0,70.0,1,28.599999999999966,Other Thermal Event,5,LOW
21.76213,84.02171,309.96,0.45,0.47,2026-09-16,2040,N,VIIRS,n,2.0NRT,291.16,3.71,N,VIIRS_SNPP_NRT,2.5425,24,0.0187258368232602,45.919370698131765,Persistent / Stable,1,0.03,Bhushan Power & Steel,1,112.98,0,15.96,0,Industrial,0,1,45.919370698131765,1.05,0,0,1,0,70.0,1,18.799999999999955,Normal Persistent Source,0,LOW
21.76235,83.84384,305.24,0.44,0.46,2026-09-16,2040,N,VIIRS,n,2.0NRT,290.48,2.31,N,VIIRS_SNPP_NRT,4.736385542168675,83,0.0204740681774747,-51.22863247863248,Persistent / Reduced,1,4.5,Unnamed Industrial Feature,0,96.76,0,24.84,0,Other,4,1,-51.22863247863248,0.4,0,0,1,0,70.0,1,14.759999999999991,Other Thermal Event,5,LOW
21.76264,83.84577,321.76,0.44,0.46,2026-09-16,2040,N,VIIRS,n,2.0NRT,290.69,3.19,N,VIIRS_SNPP_NRT,4.770121951219512,82,0.0073347998433721,-33.12539946312156,Persistent / Stable,1,4.4,Unnamed Industrial Feature,0,96.94,0,24.67,0,Other,4,1,-33.12539946312156,0.55,0,0,1,0,70.0,1,31.069999999999993,Other Thermal Event,5,LOW
21.76571,83.84904,313.57,0.44,0.46,2026-09-16,2040,N,VIIRS,n,2.0NRT,290.83,1.94,N,VIIRS_SNPP_NRT,4.770121951219512,82,0.0111565727046795,-59.330180237760445,Persistent / Reduced,1,3.96,Unnamed Industrial Feature,0,97.41,0,24.19,0,Other,4,1,-59.330180237760445,0.34,0,0,1,0,70.0,1,22.74000000000001,Other Thermal Event,5,LOW
21.76724,84.01838,320.2,0.45,0.47,2026-09-16,2040,N,VIIRS,n,2.0NRT,291.45,4.18,N,VIIRS_SNPP_NRT,2.5425,24,0.0141597143727417,64.40511307767945,Abnormal Increase,1,0.64,Bhushan Power & Steel,1,112.92,0,15.42,0,Industrial,0,1,64.40511307767945,1.18,0,0,1,0,70.0,1,28.75,Normal Persistent Source,10,LOW
21.8022,82.03944,311.42,0.52,0.42,2026-09-16,2040,N,VIIRS,n,2.0NRT,291.42,1.64,N,VIIRS_SNPP_NRT,1.915,2,0.0331392657877821,-14.3603133159269,Persistent / Stable,1,15.15,Unnamed Industrial Feature,0,89.82,0,205.6,0,Forest / Woodland,2,1,-14.3603133159269,0.56,0,0,1,0,70.0,1,20.0,Agricultural Burning,0,LOW
21.85993,83.96577,304.28,0.44,0.46,2026-09-16,2040,N,VIIRS,n,2.0NRT,289.85,0.5,N,VIIRS_SNPP_NRT,2.225,2,0.1136470253561909,-77.52808988764045,Persistent / Reduced,1,0.3,MSP Steel,1,113.14,0,8.23,0,Industrial,0,1,-77.52808988764045,0.16,0,0,1,0,70.0,1,14.42999999999995,Normal Persistent Source,0,LOW
21.9196,83.35368,309.51,0.41,0.45,2026-09-16,2040,N,VIIRS,n,2.0NRT,291.17,1.22,N,VIIRS_SNPP_NRT,2.8140740740740737,27,0.0242443636279636,-56.646485917346666,Persistent / Reduced,1,1.07,Jindal Steel Works,1,74.2,0,69.64,0,Industrial,0,1,-56.646485917346666,0.32,0,0,1,0,70.0,1,18.339999999999975,Normal Persistent Source,0,LOW
21.92036,83.34976,319.31,0.41,0.45,2026-09-16,2040,N,VIIRS,n,2.0NRT,292.27,2.79,N,VIIRS_SNPP_NRT,2.8140740740740737,27,0.0253382351473293,-0.8554882863911422,Persistent / Stable,1,0.82,Jindal Steel Works,1,74.1,0,70.04,0,Industrial,0,1,-0.8554882863911422,0.73,0,0,1,0,70.0,1,27.04000000000002,Normal Persistent Source,0,LOW
21.92472,85.22459,300.56,0.53,0.5,2026-09-16,2040,N,VIIRS,n,2.0NRT,271.17,1.39,N,VIIRS_SNPP_NRT,1.847058823529412,17,0.0062038809148041,-24.745222929936325,Persistent / Stable,1,4.7,Kalta Mines Office,0,4.7,1,123.22,0,Other,4,1,-24.745222929936325,0.49,0,0,1,0,70.0,1,29.389999999999986,Mining Activity,0,LOW
21.92587,85.22319,299.91,0.53,0.5,2026-09-16,2040,N,VIIRS,n,2.0NRT,270.79,0.96,N,VIIRS_SNPP_NRT,1.847058823529412,17,0.0278607507414225,-48.02547770700638,Persistent / Stable,1,4.54,Kalta Mines Office,0,4.54,1,123.08,0,Other,4,1,-48.02547770700638,0.34,0,0,1,0,70.0,1,29.120000000000005,Mining Activity,0,LOW
21.93038,85.2205,298.26,0.53,0.5,2026-09-16,2040,N,VIIRS,n,2.0NRT,271.79,1.34,N,VIIRS_SNPP_NRT,1.847058823529412,17,0.0208689662366196,-27.45222929936307,Persistent / Stable,1,4.01,Kalta Mines Office,0,4.01,1,122.81,0,Other,4,1,-27.45222929936307,0.47,0,0,1,0,70.0,1,26.46999999999997,Mining Activity,0,LOW
21.93044,85.22426,297.67,0.53,0.5,2026-09-16,2040,N,VIIRS,n,2.0NRT,271.84,0.96,N,VIIRS_SNPP_NRT,1.847058823529412,17,0.0169186077937567,-48.02547770700638,Persistent / Stable,1,4.07,Kalta Mines Office,0,4.07,1,123.2,0,Other,4,1,-48.02547770700638,0.34,0,0,1,0,70.0,1,25.83000000000004,Mining Activity,0,LOW
21.96386,83.77377,311.7,0.43,0.46,2026-09-16,2040,N,VIIRS,n,2.0NRT,290.57,1.99,N,VIIRS_SNPP_NRT,1.675,4,0.1289217646803886,18.805970149253728,Persistent / Stable,1,9.43,Hemgir Coal Washery,0,104.42,0,27.07,0,Other,4,1,18.805970149253728,0.74,0,0,1,0,70.0,1,21.129999999999995,Agricultural Burning,0,LOW
21.98478,83.2346,316.29,0.4,0.44,2026-09-16,2040,N,VIIRS,n,2.0NRT,291.41,2.69,N,VIIRS_SNPP_NRT,2.5444444444444443,9,0.0990718533097514,5.720524017467253,Persistent / Stable,1,0.03,Unnamed Industrial Feature,1,70.08,0,82.36,0,Industrial,0,1,5.720524017467253,0.76,0,0,1,0,70.0,1,24.879999999999995,Normal Persistent Source,0,LOW
22.00566,82.67021,315.19,0.56,0.43,2026-09-16,2040,N,VIIRS,n,2.0NRT,291.4,3.53,N,VIIRS_SNPP_NRT,1.743846153846154,13,0.0054005047942704,102.42611380679308,Abnormal Increase,1,0.15,Prakash Industries Steel Plant,1,38.3,0,140.53,0,Industrial,0,1,102.42611380679308,1.29,0,1,1,0,70.0,1,23.79000000000002,Normal Persistent Source,20,LOW
22.01616,83.75363,316.37,0.43,0.46,2026-09-16,2040,N,VIIRS,n,2.0NRT,290.78,2.52,N,VIIRS_SNPP_NRT,1.9,9,0.0350901239004189,32.63157894736841,Persistent / Stable,1,14.03,Hemgir Coal Washery,0,107.03,0,30.9,0,Other,4,1,32.63157894736841,0.87,0,0,1,0,70.0,1,25.590000000000032,Other Thermal Event,10,LOW
22.03679,83.35375,307.86,0.41,0.45,2026-09-16,2040,N,VIIRS,n,2.0NRT,291.24,1.86,N,VIIRS_SNPP_NRT,1.5653846153846156,13,0.0108300593106766,18.82063882063881,Persistent / Stable,1,2.92,Unnamed Industrial Feature,0,77.62,0,71.1,0,Other,4,1,18.82063882063881,0.73,0,0,1,0,70.0,1,16.620000000000005,Normal Persistent Source,0,LOW
22.03754,83.34983,312.97,0.41,0.45,2026-09-16,2040,N,VIIRS,n,2.0NRT,290.76,1.38,N,VIIRS_SNPP_NRT,1.5653846153846156,13,0.0089742905150817,-11.84275184275186,Persistent / Stable,1,2.67,Unnamed Industrial Feature,0,77.22,0,71.51,0,Other,4,1,-11.84275184275186,0.54,0,0,1,0,70.0,1,22.210000000000036,Normal Persistent Source,0,LOW
22.03772,83.73272,305.26,0.43,0.46,2026-09-16,2040,N,VIIRS,n,2.0NRT,290.46,1.08,N,VIIRS_SNPP_NRT,1.550909090909091,11,0.0263301698891112,-30.363423212192263,Persistent / Stable,1,16.11,Hemgir Coal Washery,0,107.31,0,33.86,0,Other,4,1,-30.363423212192263,0.42,0,0,1,0,70.0,1,14.800000000000011,Other Thermal Event,5,LOW
22.03853,83.72861,308.86,0.43,0.46,2026-09-16,2040,N,VIIRS,n,2.0NRT,290.61,1.08,N,VIIRS_SNPP_NRT,1.5490000000000002,10,0.0127807810947666,-30.2775984506133,Persistent / Stable,1,16.18,Hemgir Coal Washery,0,107.1,0,34.28,0,Other,4,1,-30.2775984506133,0.42,0,0,1,0,70.0,1,18.25,Other Thermal Event,5,LOW
22.04268,83.72959,310.07,0.43,0.46,2026-09-16,2040,N,VIIRS,n,2.0NRT,290.42,1.88,N,VIIRS_SNPP_NRT,1.5490000000000002,10,0.0346319786310158,21.36862491930276,Persistent / Stable,1,16.64,Hemgir Coal Washery,0,107.51,0,34.39,0,Other,4,1,21.36862491930276,0.74,0,0,1,0,70.0,1,19.649999999999977,Other Thermal Event,10,LOW
22.05186,88.12296,302.79,0.4,0.6,2026-09-16,2040,N,VIIRS,n,2.0NRT,275.18,0.9,N,VIIRS_SNPP_NRT,4.342173913043477,23,0.0233647592547032,-79.2730549714629,Persistent / Reduced,1,5.05,Haldia Port Industrial Area,0,256.25,0,7.27,0,Other,4,1,-79.2730549714629,0.17,0,0,1,0,70.0,1,27.610000000000014,Other Thermal Event,5,LOW
22.05262,88.12322,303.93,0.4,0.6,2026-09-16,2040,N,VIIRS,n,2.0NRT,274.83,1.82,N,VIIRS_SNPP_NRT,4.342173913043477,23,0.0097041572666391,-58.085511164513846,Persistent / Reduced,1,5.06,Haldia Port Industrial Area,0,256.2,0,7.33,0,Other,4,1,-58.085511164513846,0.34,0,0,1,0,70.0,1,29.100000000000023,Other Thermal Event,5,LOW
22.05596,85.46424,299.35,0.54,0.51,2026-09-16,2040,N,VIIRS,n,2.0NRT,283.15,0.44,N,VIIRS_SNPP_NRT,1.07,6,0.0154799784298874,-58.8785046728972,Persistent / Reduced,1,6.49,Unnamed Industrial Feature,0,27.52,0,148.79,0,Other,4,1,-58.8785046728972,0.21,0,0,1,0,70.0,1,16.200000000000045,Other Thermal Event,5,LOW
22.0573,88.12438,304.38,0.4,0.6,2026-09-16,2040,N,VIIRS,n,2.0NRT,276.94,1.3,N,VIIRS_SNPP_NRT,4.342173913043477,23,0.0243600885155114,-70.0610794032242,Persistent / Reduced,1,5.09,Haldia Port Industrial Area,0,255.9,0,7.66,0,Other,4,1,-70.0610794032242,0.24,0,0,1,0,70.0,1,27.439999999999998,Other Thermal Event,5,LOW
22.06494,83.70469,306.09,0.43,0.46,2026-09-16,2040,N,VIIRS,n,2.0NRT,289.65,0.82,N,VIIRS_SNPP_NRT,1.34,1,0.0649458508553565,-38.80597014925374,Single Historical Detection,1,18.85,Dongamahua Power Plant,0,107.7,0,37.8,0,Other,4,1,-38.80597014925374,0.35,0,0,0,0,70.0,1,16.439999999999998,Agricultural Burning,0,LOW
22.09053,83.11774,305.04,0.39,0.44,2026-09-16,2040,N,VIIRS,n,2.0NRT,290.52,0.78,N,VIIRS_SNPP_NRT,1.335,2,0.1834466137503974,-41.57303370786517,Persistent / Stable,1,12.36,Binjkote Power Station,0,53.51,0,96.13,0,Forest / Woodland,2,1,-41.57303370786517,0.33,0,0,1,0,70.0,1,14.520000000000039,Agricultural Burning,0,LOW
22.10584,83.12509,310.18,0.39,0.44,2026-09-16,2040,N,VIIRS,n,2.0NRT,290.88,1.39,N,VIIRS_SNPP_NRT,1.335,2,0.0591363855083894,4.1198501872659135,Persistent / Stable,1,13.1,Binjkote Power Station,0,53.25,0,95.76,0,Forest / Woodland,2,1,4.1198501872659135,0.6,0,0,1,0,70.0,1,19.30000000000001,Agricultural Burning,0,LOW
22.13421,85.38097,302.63,0.54,0.51,2026-09-16,2040,N,VIIRS,n,2.0NRT,285.89,1.7,N,VIIRS_SNPP_NRT,0.76,2,0.1153831442485449,123.68421052631578,Abnormal Increase,1,3.8,Unnamed Industrial Feature,0,25.31,0,141.52,0,Other,4,1,123.68421052631578,0.97,0,1,1,0,70.0,1,16.74000000000001,Other Thermal Event,30,LOW
22.2051,84.84811,316.44,0.5,0.49,2026-09-16,2040,N,VIIRS,n,2.0NRT,289.28,2.76,N,VIIRS_SNPP_NRT,2.209047619047619,21,0.2450177766170917,24.940719982754903,Persistent / Stable,1,0.88,Unnamed Industrial Feature,1,46.25,0,90.6,0,Industrial,0,1,24.940719982754903,0.86,0,0,1,0,70.0,1,27.160000000000025,Normal Persistent Source,0,LOW
22.20692,84.85046,314.1,0.5,0.49,2026-09-16,2040,N,VIIRS,n,2.0NRT,289.27,2.69,N,VIIRS_SNPP_NRT,2.3180769230769225,26,0.4869594682417993,16.04446656711468,Persistent / Stable,1,1.19,Unnamed Industrial Feature,1,46.17,0,90.9,0,Industrial,0,1,16.04446656711468,0.81,0,0,1,0,70.0,1,24.83000000000004,Normal Persistent Source,0,LOW
22.20939,84.861,306.68,0.5,0.49,2026-09-16,2040,N,VIIRS,n,2.0NRT,289.88,2.34,N,VIIRS_SNPP_NRT,2.28,27,0.0113741917403996,2.6315789473684434,Persistent / Stable,1,0.81,Rourkela Steel Plant SAIL,1,45.45,0,92.01,0,Industrial,0,1,2.6315789473684434,0.71,0,0,1,0,70.0,1,16.80000000000001,Normal Persistent Source,0,LOW
22.20976,84.55068,305.99,0.47,0.48,2026-09-16,2040,N,VIIRS,n,2.0NRT,289.76,1.23,N,VIIRS_SNPP_NRT,1.315,2,0.0362291800605934,-6.463878326996195,Persistent / Stable,1,4.11,Unnamed Industrial Feature,0,73.66,0,63.37,0,Other,4,1,-6.463878326996195,0.53,0,0,1,0,70.0,1,16.230000000000018,Agricultural Burning,0,LOW
22.21112,84.86451,304.6,0.5,0.49,2026-09-16,2040,N,VIIRS,n,2.0NRT,289.53,3.51,N,VIIRS_SNPP_NRT,2.2871999999999995,25,0.0465341569945709,53.46274921301158,Abnormal Increase,1,0.4,Rourkela Steel Plant SAIL,1,45.28,0,92.42,0,Industrial,0,1,53.46274921301158,1.07,0,0,1,0,70.0,1,15.07000000000005,Normal Persistent Source,10,LOW
22.21873,84.75699,305.61,0.49,0.48,2026-09-16,2040,N,VIIRS,n,2.0NRT,289.15,2.07,N,VIIRS_SNPP_NRT,0.9733333333333332,3,0.2719474808777835,112.67123287671237,Abnormal Increase,1,0.41,Unnamed Industrial Feature,1,54.96,0,82.56,0,Industrial,0,1,112.67123287671237,1.05,0,1,1,0,70.0,1,16.460000000000036,Normal Persistent Source,20,LOW
22.22408,84.75336,304.72,0.49,0.48,2026-09-16,2040,N,VIIRS,n,2.0NRT,289.34,2.19,N,VIIRS_SNPP_NRT,0.9733333333333332,3,0.1441192866929896,125.00000000000004,Abnormal Increase,1,0.45,Unnamed Industrial Feature,1,55.58,0,82.47,0,Industrial,0,1,125.00000000000004,1.11,0,1,1,0,70.0,1,15.380000000000052,Normal Persistent Source,20,LOW
22.26511,75.13223,309.6,0.43,0.38,2026-09-16,2040,N,VIIRS,n,2.0NRT,292.41,1.57,N,VIIRS_SNPP_NRT,0.86,2,0.110109154830978,82.55813953488374,Abnormal Increase,1,70.09,Pithampur Industrial Area,0,271.56,0,200.79,0,Other,4,1,82.55813953488374,0.84,0,0,1,0,70.0,1,17.189999999999998,Agricultural Burning,10,LOW
22.26526,75.13476,306.64,0.43,0.38,2026-09-16,2040,N,VIIRS,n,2.0NRT,292.5,1.52,N,VIIRS_SNPP_NRT,0.86,2,0.1132471797872394,76.74418604651163,Abnormal Increase,1,69.86,Pithampur Industrial Area,0,271.68,0,201.05,0,Other,4,1,76.74418604651163,0.82,0,0,1,0,70.0,1,14.139999999999986,Agricultural Burning,10,LOW
22.31482,82.53086,309.31,0.54,0.42,2026-09-16,2040,N,VIIRS,n,2.0NRT,290.83,2.42,N,VIIRS_SNPP_NRT,1.89,10,0.167676769012073,28.04232804232803,Persistent / Stable,1,2.19,S V Power Private Limited Renki,1,15.83,0,160.86,0,Other,4,1,28.04232804232803,0.84,0,0,1,0,70.0,1,18.480000000000018,Normal Persistent Source,0,LOW
22.32054,82.56478,306.76,0.54,0.42,2026-09-16,2040,N,VIIRS,n,2.0NRT,291.24,3.34,N,VIIRS_SNPP_NRT,1.9521052631578943,19,0.0587119866880372,71.09733081693179,Abnormal Increase,1,4.74,S V Power Private Limited Renki,0,12.3,0,157.69,0,Other,4,1,71.09733081693179,1.13,0,0,1,0,70.0,1,15.519999999999982,Other Thermal Event,20,LOW
22.32377,82.58978,310.57,0.55,0.42,2026-09-16,2040,N,VIIRS,n,2.0NRT,290.78,1.25,N,VIIRS_SNPP_NRT,1.6959999999999995,10,0.0494711637544828,-26.297169811320742,Persistent / Stable,1,7.01,Unnamed Industrial Feature,0,9.73,0,155.34,0,Other,4,1,-26.297169811320742,0.46,0,0,1,0,70.0,1,19.79000000000002,Other Thermal Event,5,LOW
22.32435,82.58759,308.05,0.55,0.42,2026-09-16,2040,N,VIIRS,n,2.0NRT,290.27,2.26,N,VIIRS_SNPP_NRT,1.5812500000000005,8,0.1162412734968625,42.92490118577072,Persistent / Stable,1,6.96,S V Power Private Limited Renki,0,9.92,0,155.57,0,Other,4,1,42.92490118577072,0.88,0,0,1,0,70.0,1,17.78000000000003,Other Thermal Event,10,LOW
22.35703,82.30431,331.4,0.53,0.42,2026-09-16,2040,N,VIIRS,n,2.0NRT,291.9,2.55,N,VIIRS_SNPP_NRT,3.82625,24,0.0052807276986316,-33.35511270826528,Persistent / Stable,1,13.42,Bhandhakhar Power Station,0,38.64,0,184.56,0,Forest / Woodland,2,1,-33.35511270826528,0.53,0,0,1,0,70.0,1,39.5,Other Thermal Event,5,LOW
22.35798,82.29924,313.12,0.53,0.42,2026-09-16,2040,N,VIIRS,n,2.0NRT,290.35,2.55,N,VIIRS_SNPP_NRT,3.82625,24,0.0592011548642767,-33.35511270826528,Persistent / Stable,1,13.95,Bhandhakhar Power Station,0,39.17,0,185.09,0,Forest / Woodland,2,1,-33.35511270826528,0.53,0,0,1,0,70.0,1,22.769999999999982,Other Thermal Event,5,LOW
22.36085,82.30511,305.9,0.53,0.42,2026-09-16,2040,N,VIIRS,n,2.0NRT,291.17,2.55,N,VIIRS_SNPP_NRT,3.82625,24,0.0081056489833621,-33.35511270826528,Persistent / Stable,1,13.4,Bhandhakhar Power Station,0,38.57,0,184.59,0,Forest / Woodland,2,1,-33.35511270826528,0.53,0,0,1,0,70.0,1,14.729999999999961,Other Thermal Event,5,LOW
22.36179,82.30003,317.39,0.53,0.42,2026-09-16,2040,N,VIIRS,n,2.0NRT,291.28,2.55,N,VIIRS_SNPP_NRT,3.82625,24,0.0403464572048501,-33.35511270826528,Persistent / Stable,1,13.93,Bhandhakhar Power Station,0,39.1,0,185.12,0,Forest / Woodland,2,1,-33.35511270826528,0.53,0,0,1,0,70.0,1,26.110000000000014,Other Thermal Event,5,LOW
22.3639,87.30236,295.49,0.35,0.57,2026-09-16,2040,N,VIIRS,n,2.0NRT,269.4,0.48,N,VIIRS_SNPP_NRT,2.612115384615384,52,0.0051452385023313,-81.62408893469778,Persistent / Reduced,1,1.83,Unnamed Industrial Feature,1,175.92,0,86.44,0,Industrial,0,1,-81.62408893469778,0.13,0,0,1,0,70.0,1,26.090000000000032,Normal Persistent Source,0,LOW
22.36465,87.299,295.43,0.35,0.57,2026-09-16,2040,N,VIIRS,n,2.0NRT,269.52,0.78,N,VIIRS_SNPP_NRT,3.256216216216218,74,0.0032458050109497,-76.04581673306775,Persistent / Reduced,1,1.55,Unnamed Industrial Feature,1,175.67,0,86.79,0,Industrial,0,1,-76.04581673306775,0.18,0,0,1,0,70.0,1,25.910000000000025,Normal Persistent Source,0,LOW
22.37943,87.28146,302.16,0.35,0.57,2026-09-16,2040,N,VIIRS,n,2.0NRT,268.14,0.69,N,VIIRS_SNPP_NRT,3.2441052631578957,95,0.0092548025339947,-78.73065316849996,Persistent / Reduced,1,0.8,Unnamed Industrial Feature,1,173.3,0,89.12,0,Industrial,0,1,-78.73065316849996,0.16,0,0,1,0,70.0,1,34.02000000000004,Normal Persistent Source,0,LOW
22.38017,87.27811,305.21,0.35,0.57,2026-09-16,2040,N,VIIRS,n,2.0NRT,268.56,0.69,N,VIIRS_SNPP_NRT,3.552676056338029,71,0.0072024942641883,-80.5780209324453,Persistent / Reduced,1,1.05,Tata Metaliks,1,173.05,0,89.47,0,Industrial,0,1,-80.5780209324453,0.15,0,0,1,0,70.0,1,36.64999999999998,Normal Persistent Source,0,LOW
22.57617,85.89533,299.87,0.57,0.52,2026-09-16,2040,N,VIIRS,n,2.0NRT,281.33,1.39,N,VIIRS_SNPP_NRT,2.615555555555556,18,0.0220387908586747,-46.85641461342397,Persistent / Stable,1,22.25,ACC Cement Ltd.,0,97.45,0,205.9,0,Other,4,1,-46.85641461342397,0.38,0,0,1,0,70.0,1,18.54000000000002,Other Thermal Event,5,LOW
22.79641,86.21063,309.44,0.59,0.52,2026-09-16,2040,N,VIIRS,n,2.0NRT,265.13,3.97,N,VIIRS_SNPP_NRT,2.479821428571428,56,0.0125553992516968,60.09217253546487,Abnormal Increase,1,1.21,Tata Motors Jamshedpur Plant,1,99.28,0,208.37,0,Industrial,0,1,60.09217253546487,1.14,0,0,1,0,70.0,1,44.31,Normal Persistent Source,10,LOW
22.7976,86.09148,303.82,0.58,0.52,2026-09-16,2040,N,VIIRS,n,2.0NRT,277.76,1.33,N,VIIRS_SNPP_NRT,2.015,14,0.0084078068420914,-33.99503722084367,Persistent / Stable,1,0.72,Unnamed Industrial Feature,1,101.56,0,219.64,0,Industrial,0,1,-33.99503722084367,0.44,0,0,1,0,70.0,1,26.060000000000002,Normal Persistent Source,0,LOW
22.79765,86.20492,325.5,0.58,0.52,2026-09-16,2040,N,VIIRS,n,2.0NRT,266.13,3.97,N,VIIRS_SNPP_NRT,2.479821428571428,56,0.0049840705445876,60.09217253546487,Abnormal Increase,1,0.8,Tata Motors Jamshedpur Plant,1,99.23,0,208.96,0,Industrial,0,1,60.09217253546487,1.14,0,0,1,0,70.0,1,59.370000000000005,Normal Persistent Source,10,LOW
22.79778,86.20975,330.84,0.59,0.53,2026-09-16,2040,N,VIIRS,n,2.0NRT,265.4,4.17,N,VIIRS_SNPP_NRT,2.479821428571428,56,0.0024487394460924,68.1572693886369,Abnormal Increase,1,1.03,Tata Motors Jamshedpur Plant,1,99.14,0,208.51,0,Industrial,0,1,68.1572693886369,1.2,0,0,1,0,70.0,1,65.44,Normal Persistent Source,10,LOW
22.79898,86.20404,298.97,0.59,0.52,2026-09-16,2040,N,VIIRS,n,2.0NRT,266.56,3.49,N,VIIRS_SNPP_NRT,2.479821428571428,56,0.0333374315863334,40.73594008785199,Persistent / Stable,1,0.64,Tata Motors Jamshedpur Plant,1,99.09,0,209.1,0,Industrial,0,1,40.73594008785199,1.0,0,0,1,0,70.0,1,32.410000000000025,Normal Persistent Source,0,LOW
23.16358,82.33712,317.17,0.51,0.41,2026-09-16,2040,N,VIIRS,n,2.0NRT,290.2,2.33,N,VIIRS_SNPP_NRT,1.913076923076923,13,0.0041135264836542,21.7933252915159,Persistent / Stable,1,79.8,Salora Power Station,0,97.06,0,223.03,0,Forest / Woodland,2,1,21.7933252915159,0.8,0,0,1,0,70.0,1,26.970000000000027,Other Thermal Event,10,LOW
23.1664,82.34291,329.66,0.51,0.41,2026-09-16,2040,N,VIIRS,n,2.0NRT,291.01,3.78,N,VIIRS_SNPP_NRT,1.913076923076923,13,0.0308870063148159,97.58745476477684,Abnormal Increase,1,79.89,Salora Power Station,0,97.14,0,222.76,0,Forest / Woodland,2,1,97.58745476477684,1.3,0,0,1,0,70.0,1,38.650000000000034,Other Thermal Event,20,LOW
23.16735,82.33791,312.04,0.51,0.41,2026-09-16,2040,N,VIIRS,n,2.0NRT,290.74,1.76,N,VIIRS_SNPP_NRT,1.913076923076923,13,0.0583762105157818,-8.00160836349014,Persistent / Stable,1,80.16,Salora Power Station,0,97.42,0,223.23,0,Forest / Woodland,2,1,-8.00160836349014,0.6,0,0,1,0,70.0,1,21.30000000000001,Other Thermal Event,5,LOW
23.64605,85.43977,302.95,0.51,0.49,2026-09-16,2040,N,VIIRS,n,2.0NRT,287.74,0.68,N,VIIRS_SNPP_NRT,3.022045454545456,44,0.0101933078191177,-77.49868391366473,Persistent / Reduced,1,2.31,Unnamed Industrial Feature,1,48.56,0,208.2,0,Other,4,1,-77.49868391366473,0.17,0,0,1,0,70.0,1,15.20999999999998,Normal Persistent Source,0,LOW
23.65157,85.43586,302.05,0.5,0.49,2026-09-16,2040,N,VIIRS,n,2.0NRT,287.59,0.71,N,VIIRS_SNPP_NRT,3.022045454545456,44,0.0089942947969384,-76.50597879220878,Persistent / Reduced,1,2.76,Unnamed Industrial Feature,0,48.8,0,207.73,0,Other,4,1,-76.50597879220878,0.18,0,0,1,0,70.0,1,14.460000000000036,Normal Persistent Source,0,LOW
23.65508,85.5093,303.78,0.51,0.49,2026-09-16,2040,N,VIIRS,n,2.0NRT,287.88,1.66,N,VIIRS_SNPP_NRT,1.07,10,0.0170423487941136,55.14018691588783,Abnormal Increase,1,2.2,Ramgarh Industrial Area,1,41.45,0,205.22,0,Other,4,1,55.14018691588783,0.8,0,0,1,0,70.0,1,15.899999999999977,Normal Persistent Source,0,LOW
23.67485,86.40094,297.12,0.58,0.52,2026-09-16,2040,N,VIIRS,n,2.0NRT,270.28,1.57,N,VIIRS_SNPP_NRT,3.0147826086956515,92,0.0053661887021546,-47.92327660801845,Persistent / Stable,1,3.16,Unnamed Industrial Feature,0,5.05,0,198.33,0,Other,4,1,-47.92327660801845,0.39,0,0,1,0,70.0,1,26.840000000000032,Normal Persistent Source,0,LOW
23.67607,86.39529,300.9,0.58,0.52,2026-09-16,2040,N,VIIRS,n,2.0NRT,270.63,1.54,N,VIIRS_SNPP_NRT,3.0147826086956515,92,0.0138056664202001,-48.91837323334294,Persistent / Stable,1,3.72,Unnamed Industrial Feature,0,4.46,1,198.1,0,Other,4,1,-48.91837323334294,0.38,0,0,1,0,70.0,1,30.269999999999982,Mining Activity,0,LOW
23.67663,86.08681,302.97,0.55,0.51,2026-09-16,2040,N,VIIRS,n,2.0NRT,280.09,1.13,N,VIIRS_SNPP_NRT,2.3926666666666665,90,0.0103740990937147,-52.77235998885483,Persistent / Reduced,1,1.83,Bokaro Steel Plant,1,17.28,0,195.14,0,Industrial,0,1,-52.77235998885483,0.33,0,0,1,0,70.0,1,22.880000000000052,Normal Persistent Source,0,LOW
23.68015,86.09339,300.76,0.55,0.51,2026-09-16,2040,N,VIIRS,n,2.0NRT,279.5,1.68,N,VIIRS_SNPP_NRT,2.402441860465117,86,0.0244796482815305,-30.07114854072893,Persistent / Stable,1,1.05,Bokaro Steel Plant,1,17.54,0,194.75,0,Industrial,0,1,-30.07114854072893,0.49,0,0,1,0,70.0,1,21.25999999999999,Normal Persistent Source,0,LOW
23.68083,86.39639,301.16,0.58,0.52,2026-09-16,2040,N,VIIRS,n,2.0NRT,271.09,1.54,N,VIIRS_SNPP_NRT,3.0147826086956515,92,0.0040733257117089,-48.91837323334294,Persistent / Stable,1,3.91,Unnamed Industrial Feature,0,4.52,1,197.6,0,Other,4,1,-48.91837323334294,0.38,0,0,1,0,70.0,1,30.07000000000005,Mining Activity,0,LOW
23.68678,86.39201,302.77,0.58,0.52,2026-09-16,2040,N,VIIRS,n,2.0NRT,271.09,2.09,N,VIIRS_SNPP_NRT,3.0147826086956515,92,0.0032125776255659,-30.67493510239399,Persistent / Stable,1,4.1,SAIL Parbatpur Colliery,0,4.1,1,196.87,0,Other,4,1,-30.67493510239399,0.52,0,0,1,0,70.0,1,31.680000000000007,Mining Activity,0,LOW
23.6936,85.36913,307.76,0.5,0.49,2026-09-16,2040,N,VIIRS,n,2.0NRT,287.79,1.29,N,VIIRS_SNPP_NRT,1.4726315789473683,19,0.0407312924307682,-12.401715511079331,Persistent / Stable,1,8.38,Jindal Steel,0,54.69,0,205.48,0,Other,4,1,-12.401715511079331,0.52,0,0,1,0,70.0,1,19.96999999999997,Other Thermal Event,5,LOW
23.69628,85.28864,305.97,0.49,0.49,2026-09-16,2040,N,VIIRS,n,2.0NRT,288.36,1.29,N,VIIRS_SNPP_NRT,1.3681818181818182,11,0.0275091405872419,-5.714285714285711,Persistent / Stable,1,5.98,Patratu Thermal Power Station,0,62.81,0,208.11,0,Other,4,1,-5.714285714285711,0.54,0,0,1,0,70.0,1,17.610000000000014,Other Thermal Event,5,LOW
23.69806,85.37019,308.27,0.5,0.49,2026-09-16,2040,N,VIIRS,n,2.0NRT,287.85,1.29,N,VIIRS_SNPP_NRT,1.4726315789473683,19,0.0230750265377968,-12.401715511079331,Persistent / Stable,1,8.85,Jindal Steel,0,54.53,0,204.97,0,Other,4,1,-12.401715511079331,0.52,0,0,1,0,70.0,1,20.41999999999996,Other Thermal Event,5,LOW
23.69858,86.07553,309.53,0.55,0.51,2026-09-16,2040,N,VIIRS,n,2.0NRT,279.7,1.8,N,VIIRS_SNPP_NRT,2.5224285714285712,70,0.007238061055895,-28.6401993543637,Persistent / Stable,1,1.42,Unnamed Industrial Feature,1,14.84,0,192.68,0,Industrial,0,1,-28.6401993543637,0.51,0,0,1,0,70.0,1,29.829999999999984,Normal Persistent Source,0,LOW
23.7002,86.07713,307.51,0.55,0.51,2026-09-16,2040,N,VIIRS,n,2.0NRT,279.94,1.68,N,VIIRS_SNPP_NRT,2.5482894736842105,76,0.022527840582085,-34.07342386533795,Persistent / Stable,1,1.6,Unnamed Industrial Feature,1,14.86,0,192.5,0,Industrial,0,1,-34.07342386533795,0.47,0,0,1,0,70.0,1,27.569999999999993,Normal Persistent Source,0,LOW
23.71041,86.44525,297.31,0.58,0.52,2026-09-16,2040,N,VIIRS,n,2.0NRT,266.26,1.08,N,VIIRS_SNPP_NRT,2.5038571428571417,70,0.011199130452769,-56.86654875335195,Persistent / Reduced,1,5.07,SAIL Chasnalla ADM Building,0,4.18,1,195.28,0,Other,4,1,-56.86654875335195,0.31,0,0,1,0,70.0,1,31.05000000000001,Mining Activity,0,LOW
23.71398,86.45204,296.36,0.58,0.52,2026-09-16,2040,N,VIIRS,n,2.0NRT,265.53,1.18,N,VIIRS_SNPP_NRT,2.643666666666666,60,0.0182541065992275,-55.36502332618837,Persistent / Reduced,1,5.51,SAIL Chasnalla ADM Building,0,4.36,1,195.03,0,Other,4,1,-55.36502332618837,0.32,0,0,1,0,70.0,1,30.83000000000004,Mining Activity,0,LOW
23.72227,85.00774,303.23,0.47,0.48,2026-09-16,2040,N,VIIRS,n,2.0NRT,288.33,0.73,N,VIIRS_SNPP_NRT,1.3593333333333328,15,0.0316084721382572,-46.29720451201568,Persistent / Stable,1,23.87,Tori Power Project,0,91.15,0,217.81,0,Other,4,1,-46.29720451201568,0.31,0,0,1,0,70.0,1,14.900000000000034,Other Thermal Event,5,LOW
23.73638,86.43475,307.43,0.58,0.52,2026-09-16,2040,N,VIIRS,n,2.0NRT,267.66,1.54,N,VIIRS_SNPP_NRT,2.3506249999999995,96,0.0022896867666221,-34.48550917309225,Persistent / Stable,1,5.86,Unnamed Industrial Feature,0,1.55,1,192.24,0,Mining,1,1,-34.48550917309225,0.46,0,0,1,0,70.0,1,39.76999999999998,Mining Activity,0,LOW
23.73776,86.4343,306.78,0.58,0.52,2026-09-16,2040,N,VIIRS,n,2.0NRT,267.39,2.17,N,VIIRS_SNPP_NRT,2.304646464646465,99,0.0208924251072887,-5.842391304347837,Persistent / Stable,1,5.7,Unnamed Industrial Feature,0,1.48,1,192.08,0,Mining,1,1,-5.842391304347837,0.66,0,0,1,0,70.0,1,39.389999999999986,Mining Activity,0,LOW
23.74064,85.00724,303.67,0.47,0.48,2026-09-16,2040,N,VIIRS,n,2.0NRT,289.12,1.19,N,VIIRS_SNPP_NRT,1.3593333333333328,15,0.0175532486684087,-12.457086807258433,Persistent / Stable,1,24.04,Tori Power Project,0,91.15,0,216.05,0,Other,4,1,-12.457086807258433,0.5,0,0,1,0,70.0,1,14.550000000000011,Other Thermal Event,5,LOW
23.75813,85.85296,306.16,0.53,0.5,2026-09-16,2040,N,VIIRS,n,2.0NRT,284.97,2.07,N,VIIRS_SNPP_NRT,1.9751515151515155,33,0.0075010945700155,4.802086529610293,Persistent / Stable,1,1.99,Unnamed Industrial Feature,1,5.12,0,187.23,0,Industrial,0,1,4.802086529610293,0.7,0,0,1,0,70.0,1,21.189999999999998,Normal Persistent Source,0,LOW
23.77504,86.21003,302.33,0.56,0.51,2026-09-16,2040,N,VIIRS,n,2.0NRT,277.48,2.95,N,VIIRS_SNPP_NRT,3.051874999999999,48,0.0153584097588213,-3.338111816506209,Persistent / Stable,1,7.0,Unnamed Industrial Feature,0,17.35,0,184.8,0,Other,4,1,-3.338111816506209,0.73,0,0,1,0,70.0,1,24.849999999999966,Other Thermal Event,5,LOW
23.7752,86.21107,299.79,0.56,0.51,2026-09-16,2040,N,VIIRS,n,2.0NRT,277.57,1.71,N,VIIRS_SNPP_NRT,3.051874999999999,48,0.0242027519298681,-43.968871595330725,Persistent / Stable,1,7.1,Unnamed Industrial Feature,0,17.28,0,184.79,0,Other,4,1,-43.968871595330725,0.42,0,0,1,0,70.0,1,22.220000000000027,Other Thermal Event,5,LOW
23.77628,85.9952,300.43,0.54,0.51,2026-09-16,2040,N,VIIRS,n,2.0NRT,282.58,0.92,N,VIIRS_SNPP_NRT,1.0766666666666669,6,0.0274929820731765,-14.551083591331263,Persistent / Stable,1,1.88,Unnamed Industrial Feature,1,3.61,1,184.15,0,Industrial,0,1,-14.551083591331263,0.44,0,0,1,0,70.0,1,17.850000000000023,Normal Persistent Source,0,LOW
23.77914,85.57248,307.55,0.51,0.49,2026-09-16,2040,N,VIIRS,n,2.0NRT,288.08,2.22,N,VIIRS_SNPP_NRT,1.7916666666666667,24,0.0093119555171665,23.906976744186053,Persistent / Stable,1,1.91,Unnamed Industrial Feature,1,33.75,0,190.22,0,Industrial,0,1,23.906976744186053,0.8,0,0,1,0,70.0,1,19.470000000000027,Normal Persistent Source,0,LOW
23.77974,86.2111,323.79,0.56,0.51,2026-09-16,2040,N,VIIRS,n,2.0NRT,278.6,2.95,N,VIIRS_SNPP_NRT,3.051874999999999,48,0.0254416248550105,-3.338111816506209,Persistent / Stable,1,7.41,Unnamed Industrial Feature,0,17.59,0,184.29,0,Other,4,1,-3.338111816506209,0.73,0,0,1,0,70.0,1,45.19,Other Thermal Event,5,LOW
23.77989,86.21216,319.15,0.56,0.51,2026-09-16,2040,N,VIIRS,n,2.0NRT,277.91,1.71,N,VIIRS_SNPP_NRT,3.051874999999999,48,0.0012023131312597,-43.968871595330725,Persistent / Stable,1,7.51,Unnamed Industrial Feature,0,17.51,0,184.28,0,Other,4,1,-43.968871595330725,0.42,0,0,1,0,70.0,1,41.23999999999995,Other Thermal Event,5,LOW
23.78107,86.20674,304.45,0.56,0.51,2026-09-16,2040,N,VIIRS,n,2.0NRT,278.35,3.74,N,VIIRS_SNPP_NRT,3.051874999999999,48,0.0163061519584527,22.54761417161585,Persistent / Stable,1,7.18,Unnamed Industrial Feature,0,18.03,0,184.1,0,Other,4,1,22.54761417161585,0.92,0,0,1,0,70.0,1,26.099999999999966,Other Thermal Event,10,LOW
23.78779,85.5535,320.64,0.51,0.49,2026-09-16,2040,N,VIIRS,n,2.0NRT,288.23,2.54,N,VIIRS_SNPP_NRT,1.886818181818182,22,0.0088079319998757,34.61816429775957,Persistent / Stable,1,1.06,Unnamed Industrial Feature,1,35.77,0,189.8,0,Industrial,0,1,34.61816429775957,0.88,0,0,1,0,70.0,1,32.40999999999997,Normal Persistent Source,0,LOW
23.80972,84.84702,302.33,0.46,0.47,2026-09-16,2040,N,VIIRS,n,2.0NRT,287.18,0.74,N,VIIRS_SNPP_NRT,1.53,1,0.2665358898000121,-51.63398692810458,Single Historical Detection,1,13.5,Tori Power Project,0,107.62,0,218.06,0,Other,4,1,-51.63398692810458,0.29,0,0,0,0,70.0,1,15.149999999999977,Agricultural Burning,0,LOW
23.82449,85.49656,303.5,0.51,0.49,2026-09-16,2040,N,VIIRS,n,2.0NRT,289.1,2.0,N,VIIRS_SNPP_NRT,1.2481818181818185,11,0.1007127147500318,60.23306627822286,Abnormal Increase,1,0.65,Unnamed Industrial Feature,1,42.12,0,187.54,0,Industrial,0,1,60.23306627822286,0.89,0,0,1,0,70.0,1,14.399999999999977,Normal Persistent Source,10,LOW
24.16422,82.62969,308.2,0.51,0.41,2026-09-16,2040,N,VIIRS,n,2.0NRT,290.13,1.19,N,VIIRS_SNPP_NRT,1.5533333333333337,6,0.1230495956576894,-23.39055793991417,Persistent / Stable,1,4.63,NTPC Singrauli Thermal Power,0,5.03,0,156.82,0,Cropland / Agriculture,3,1,-23.39055793991417,0.47,0,0,1,0,70.0,1,18.069999999999993,Mining Activity,0,LOW
24.19693,80.79787,304.74,0.43,0.38,2026-09-16,2040,N,VIIRS,n,2.0NRT,291.36,0.55,N,VIIRS_SNPP_NRT,0.76,1,0.1481325534889108,-27.631578947368418,Single Historical Detection,1,41.86,Unnamed Industrial Feature,0,188.86,0,178.08,0,Cropland / Agriculture,3,1,-27.631578947368418,0.31,0,0,0,0,70.0,1,13.379999999999995,Agricultural Burning,0,LOW
24.76189,74.60881,305.88,0.48,0.4,2026-09-16,2040,N,VIIRS,n,2.0NRT,290.44,0.65,N,VIIRS_SNPP_NRT,1.0876923076923075,13,0.025578826731429,-40.24045261669024,Persistent / Stable,1,40.84,Unnamed Industrial Feature,0,98.47,0,305.36,0,Cropland / Agriculture,3,1,-40.24045261669024,0.31,0,0,1,0,70.0,1,15.439999999999998,Other Thermal Event,5,LOW
24.76556,74.60939,305.57,0.48,0.4,2026-09-16,2040,N,VIIRS,n,2.0NRT,291.42,0.65,N,VIIRS_SNPP_NRT,1.0876923076923075,13,0.03345350632417,-40.24045261669024,Persistent / Stable,1,41.11,Unnamed Industrial Feature,0,98.71,0,305.75,0,Cropland / Agriculture,3,1,-40.24045261669024,0.31,0,0,1,0,70.0,1,14.149999999999977,Other Thermal Event,5,LOW
26.62989,79.53049,308.59,0.39,0.36,2026-09-16,2040,N,VIIRS,n,2.0NRT,295.3,0.59,N,VIIRS_SNPP_NRT,0.0,0,,0.0,New / No Local History,1,73.16,Unnamed Industrial Feature,0,310.29,0,207.37,0,Cropland / Agriculture,3,0,0.0,0.59,0,0,0,1,70.0,1,13.289999999999964,Agricultural Burning,0,LOW
26.64202,79.4771,312.81,0.39,0.36,2026-09-16,2040,N,VIIRS,n,2.0NRT,295.09,0.88,N,VIIRS_SNPP_NRT,1.842,5,0.0039835500589448,-52.22584147665581,Persistent / Reduced,1,78.63,Unnamed Industrial Feature,0,305.62,0,202.05,0,Cropland / Agriculture,3,1,-52.22584147665581,0.31,0,0,1,0,70.0,1,17.720000000000027,Agricultural Burning,0,LOW
26.70116,77.84975,309.29,0.39,0.36,2026-09-16,2040,N,VIIRS,n,2.0NRT,295.92,1.61,N,VIIRS_SNPP_NRT,0.0,0,,0.0,New / No Local History,1,4.2,Unnamed Industrial Feature,0,218.06,0,89.69,0,Cropland / Agriculture,3,0,0.0,1.61,0,0,0,1,70.0,1,13.370000000000005,Agricultural Burning,0,LOW
26.70449,77.85036,307.49,0.39,0.36,2026-09-16,2040,N,VIIRS,n,2.0NRT,296.04,1.41,N,VIIRS_SNPP_NRT,0.0,0,,0.0,New / No Local History,1,3.94,Unnamed Industrial Feature,0,217.72,0,89.34,0,Cropland / Agriculture,3,0,0.0,1.41,0,0,0,1,70.0,1,11.449999999999989,Agricultural Burning,0,LOW
26.76108,83.19954,306.33,0.5,0.41,2026-09-16,2040,N,VIIRS,n,2.0NRT,293.73,2.28,N,VIIRS_SNPP_NRT,1.4266666666666663,6,0.0238309908048234,59.81308411214954,Abnormal Increase,1,71.27,Unnamed Industrial Feature,0,289.88,0,195.28,0,Cropland / Agriculture,3,1,59.81308411214954,0.94,0,0,1,0,70.0,1,12.599999999999966,Other Thermal Event,20,LOW
28.34849,77.25659,311.47,0.41,0.37,2026-09-16,2040,N,VIIRS,n,2.0NRT,284.68,2.22,N,VIIRS_SNPP_NRT,1.9188888888888889,9,0.0197598096481341,15.691951360741182,Persistent / Stable,1,1.3,Unnamed Industrial Feature,1,28.42,0,103.64,0,Industrial,0,1,15.691951360741182,0.76,0,0,1,0,70.0,1,26.79000000000002,Normal Persistent Source,0,LOW
28.3737,77.227,306.19,0.41,0.37,2026-09-16,2040,N,VIIRS,n,2.0NRT,287.42,1.87,N,VIIRS_SNPP_NRT,1.7130000000000003,10,0.0215381141707651,9.165207238762392,Persistent / Stable,1,1.77,Pali Stone Crusher Zone II,1,26.3,0,107.37,0,Industrial,0,1,9.165207238762392,0.69,0,0,1,0,70.0,1,18.769999999999982,Normal Persistent Source,0,LOW
15.11215,76.80591,303.17,0.39,0.36,2026-09-16,2042,N,VIIRS,n,2.0NRT,288.82,0.99,N,VIIRS_SNPP_NRT,1.8266666666666664,3,0.0418804691252026,-45.80291970802919,Persistent / Stable,1,9.03,Food Corporation of India,0,12.95,0,261.7,0,Forest / Woodland,2,1,-45.80291970802919,0.35,0,0,1,0,70.0,1,14.350000000000023,Agricultural Burning,0,LOW
15.11606,76.80288,304.8,0.39,0.36,2026-09-16,2042,N,VIIRS,n,2.0NRT,289.66,1.31,N,VIIRS_SNPP_NRT,1.8266666666666664,3,0.0327420074004084,-28.284671532846705,Persistent / Stable,1,8.98,Food Corporation of India,0,13.13,0,262.23,0,Forest / Woodland,2,1,-28.284671532846705,0.46,0,0,1,0,70.0,1,15.139999999999986,Agricultural Burning,0,LOW
15.17315,76.66125,308.75,0.39,0.36,2026-09-16,2042,N,VIIRS,n,2.0NRT,288.76,1.26,N,VIIRS_SNPP_NRT,2.4541228070175447,228,0.0011838377246872,-48.65782607141582,Persistent / Stable,1,22.07,Food Corporation of India,0,22.6,0,266.07,0,Forest / Woodland,2,1,-48.65782607141582,0.36,0,0,1,0,70.0,1,19.99000000000001,Other Thermal Event,5,LOW
15.17373,76.65767,305.27,0.39,0.36,2026-09-16,2042,N,VIIRS,n,2.0NRT,289.9,1.26,N,VIIRS_SNPP_NRT,2.5311792452830195,212,0.0024146578366494,-50.22083077095098,Persistent / Reduced,1,22.46,Food Corporation of India,0,22.49,0,265.9,0,Forest / Woodland,2,1,-50.22083077095098,0.36,0,0,1,0,70.0,1,15.370000000000005,Other Thermal Event,5,LOW
15.17431,76.65408,307.26,0.39,0.36,2026-09-16,2042,N,VIIRS,n,2.0NRT,289.78,1.85,N,VIIRS_SNPP_NRT,2.6307386363636365,176,0.0023885408128965,-29.67754476145224,Persistent / Stable,1,22.37,NMDC Donimalai Iron Mine,0,22.37,0,265.73,0,Forest / Woodland,2,1,-29.67754476145224,0.51,0,0,1,0,70.0,1,17.480000000000018,Other Thermal Event,5,LOW
15.17516,76.69111,321.17,0.39,0.36,2026-09-16,2042,N,VIIRS,n,2.0NRT,292.21,2.71,N,VIIRS_SNPP_NRT,1.9186419753086408,81,0.0389404334029013,41.24573708255592,Persistent / Stable,1,18.87,Food Corporation of India,0,24.45,0,268.1,0,Forest / Woodland,2,1,41.24573708255592,0.93,0,0,1,0,70.0,1,28.960000000000036,Other Thermal Event,10,LOW
15.17705,76.65824,318.61,0.39,0.36,2026-09-16,2042,N,VIIRS,n,2.0NRT,291.16,1.26,N,VIIRS_SNPP_NRT,2.5040000000000004,220,0.0053994483883377,-49.68051118210863,Persistent / Stable,1,22.41,Food Corporation of India,0,22.84,0,266.24,0,Forest / Woodland,2,1,-49.68051118210863,0.36,0,0,1,0,70.0,1,27.44999999999999,Other Thermal Event,5,LOW
15.17762,76.65465,320.2,0.39,0.36,2026-09-16,2042,N,VIIRS,n,2.0NRT,291.49,1.85,N,VIIRS_SNPP_NRT,2.627944444444445,180,0.0065236970556111,-29.602773608439225,Persistent / Stable,1,22.73,NMDC Donimalai Iron Mine,0,22.73,0,266.07,0,Forest / Woodland,2,1,-29.602773608439225,0.51,0,0,1,0,70.0,1,28.70999999999998,Other Thermal Event,5,LOW
15.18253,76.66656,322.73,0.39,0.36,2026-09-16,2042,N,VIIRS,n,2.0NRT,292.39,3.79,N,VIIRS_SNPP_NRT,2.4380701754385976,228,0.0035331655943965,55.45081672303368,Abnormal Increase,1,21.55,Food Corporation of India,0,23.79,0,267.25,0,Forest / Woodland,2,1,55.45081672303368,1.1,0,0,1,0,70.0,1,30.340000000000032,Other Thermal Event,20,LOW
15.18758,76.65636,312.35,0.39,0.36,2026-09-16,2042,N,VIIRS,n,2.0NRT,293.58,3.39,N,VIIRS_SNPP_NRT,2.583451776649747,197,0.0210259679765574,31.21979015208076,Persistent / Stable,1,22.69,Food Corporation of India,0,23.81,0,267.08,0,Forest / Woodland,2,1,31.21979015208076,0.95,0,0,1,0,70.0,1,18.77000000000004,Other Thermal Event,10,LOW
15.30143,76.2204,308.24,0.38,0.36,2026-09-16,2042,N,VIIRS,n,2.0NRT,292.23,0.82,N,VIIRS_SNPP_NRT,0.6260000000000001,5,0.0214999197336213,30.99041533546323,Persistent / Stable,1,28.24,APMC,0,50.27,0,254.99,0,Forest / Woodland,2,1,30.99041533546323,0.5,0,0,1,0,70.0,1,16.00999999999999,Agricultural Burning,0,LOW
15.30955,76.2547,306.86,0.38,0.36,2026-09-16,2042,N,VIIRS,n,2.0NRT,291.79,0.54,N,VIIRS_SNPP_NRT,1.1133333333333335,3,0.5293756403005836,-51.49700598802396,Persistent / Reduced,1,29.47,APMC,0,48.29,0,257.35,0,Forest / Woodland,2,1,-51.49700598802396,0.26,0,0,1,0,70.0,1,15.069999999999993,Agricultural Burning,0,LOW
15.33536,76.2847,304.94,0.38,0.36,2026-09-16,2042,N,VIIRS,n,2.0NRT,292.11,1.17,N,VIIRS_SNPP_NRT,1.33375,32,0.0046097795393036,-12.277413308341147,Persistent / Stable,1,32.9,APMC,0,48.37,0,261.31,0,Forest / Woodland,2,1,-12.277413308341147,0.5,0,0,1,0,70.0,1,12.829999999999984,Other Thermal Event,5,LOW
15.33773,76.2485,305.93,0.38,0.36,2026-09-16,2042,N,VIIRS,n,2.0NRT,292.26,0.99,N,VIIRS_SNPP_NRT,1.1133333333333335,3,0.1383326548520312,-11.07784431137726,Persistent / Stable,1,32.49,APMC,0,51.06,0,259.91,0,Forest / Woodland,2,1,-11.07784431137726,0.47,0,0,1,0,70.0,1,13.670000000000016,Agricultural Burning,0,LOW
15.35812,76.71073,311.76,0.39,0.36,2026-09-16,2042,N,VIIRS,n,2.0NRT,291.95,0.97,N,VIIRS_SNPP_NRT,5.18,1,0.7891854778927178,-81.27413127413128,Single Historical Detection,1,26.96,Food Corporation of India,0,32.24,0,286.05,0,Forest / Woodland,2,1,-81.27413127413128,0.16,0,0,0,0,70.0,1,19.810000000000002,Agricultural Burning,0,LOW
15.68402,78.45842,307.56,0.42,0.38,2026-09-16,2042,N,VIIRS,n,2.0NRT,294.04,2.46,N,VIIRS_SNPP_NRT,1.95,2,0.0770845069931717,26.15384615384614,Persistent / Stable,1,45.76,Unnamed Industrial Feature,0,175.27,0,199.58,0,Cropland / Agriculture,3,1,26.15384615384614,0.83,0,0,1,0,70.0,1,13.519999999999982,Agricultural Burning,0,LOW
16.87278,80.02107,310.49,0.48,0.4,2026-09-16,2042,N,VIIRS,n,2.0NRT,293.75,3.75,N,VIIRS_SNPP_NRT,1.9516666666666664,6,0.010641454892568,92.14346712211788,Abnormal Increase,1,0.27,UltraTech Cement Ltd Factory,1,351.61,0,129.87,0,Industrial,0,1,92.14346712211788,1.27,0,0,1,0,70.0,1,16.74000000000001,Normal Persistent Source,10,LOW
17.06348,76.97945,315.91,0.39,0.36,2026-09-16,2042,N,VIIRS,n,2.0NRT,294.84,2.68,N,VIIRS_SNPP_NRT,0.8862500000000001,8,0.0027198567768001,202.39774330042317,Abnormal Increase,1,0.36,ACC Cement,1,212.86,0,189.43,0,Industrial,0,1,202.39774330042317,1.42,0,1,1,0,70.0,1,21.07000000000005,Normal Persistent Source,20,LOW
17.14627,78.22549,305.86,0.41,0.37,2026-09-16,2042,N,VIIRS,n,2.0NRT,292.31,0.77,N,VIIRS_SNPP_NRT,1.68,1,0.3591425189337316,-54.16666666666666,Single Historical Detection,1,25.77,Air India Engineering Services Limited,0,262.13,0,62.62,0,Cropland / Agriculture,3,1,-54.16666666666666,0.29,0,0,0,0,70.0,1,13.550000000000011,Agricultural Burning,0,LOW
17.37035,77.44593,305.98,0.39,0.36,2026-09-16,2042,N,VIIRS,n,2.0NRT,292.58,0.95,N,VIIRS_SNPP_NRT,0.965,4,0.0057122996340153,-1.5544041450777215,Persistent / Stable,1,5.78,Unnamed Industrial Feature,0,253.19,0,134.91,0,Cropland / Agriculture,3,1,-1.5544041450777215,0.48,0,0,1,0,70.0,1,13.400000000000034,Agricultural Burning,0,LOW
17.9577,80.79324,313.05,0.51,0.41,2026-09-16,2042,N,VIIRS,n,2.0NRT,285.55,3.22,N,VIIRS_SNPP_NRT,2.711818181818181,33,0.0158676651852545,18.73952396915859,Persistent / Stable,1,10.77,Aswapuram Heavy Water Plant,0,272.45,0,125.08,0,Other,4,1,18.73952396915859,0.87,0,0,1,0,70.0,1,27.5,Other Thermal Event,10,LOW
18.72141,79.53712,307.09,0.44,0.38,2026-09-16,2042,N,VIIRS,n,2.0NRT,286.55,1.38,N,VIIRS_SNPP_NRT,1.7500000000000002,13,0.0369920104494736,-21.14285714285716,Persistent / Stable,1,5.56,"TGSRTC Bus Depot , Godavarikhani",0,139.95,0,83.56,0,Other,4,1,-21.14285714285716,0.5,0,0,1,0,70.0,1,20.539999999999964,Other Thermal Event,5,LOW
19.09188,82.17005,304.74,0.39,0.44,2026-09-16,2042,N,VIIRS,n,2.0NRT,289.25,1.22,N,VIIRS_SNPP_NRT,2.2891666666666666,36,0.0276513092366458,-46.70549690571533,Persistent / Stable,1,37.07,Unnamed Industrial Feature,0,183.2,0,74.69,0,Forest / Woodland,2,1,-46.70549690571533,0.37,0,0,1,0,70.0,1,15.490000000000009,Other Thermal Event,5,LOW
19.09656,82.16724,311.1,0.39,0.44,2026-09-16,2042,N,VIIRS,n,2.0NRT,289.17,1.78,N,VIIRS_SNPP_NRT,2.2891666666666666,36,0.0032246201837079,-22.242446305060064,Persistent / Stable,1,36.91,Unnamed Industrial Feature,0,182.99,0,75.16,0,Forest / Woodland,2,1,-22.242446305060064,0.54,0,0,1,0,70.0,1,21.930000000000007,Other Thermal Event,5,LOW
19.10054,82.16809,304.96,0.39,0.44,2026-09-16,2042,N,VIIRS,n,2.0NRT,288.71,0.9,N,VIIRS_SNPP_NRT,2.2891666666666666,36,0.0070858813939086,-60.68438296323262,Persistent / Reduced,1,37.11,Unnamed Industrial Feature,0,182.59,0,75.24,0,Forest / Woodland,2,1,-60.68438296323262,0.27,0,0,1,0,70.0,1,16.25,Other Thermal Event,5,LOW
19.10453,82.16895,305.96,0.39,0.44,2026-09-16,2042,N,VIIRS,n,2.0NRT,289.19,0.9,N,VIIRS_SNPP_NRT,2.2891666666666666,36,0.0109959635083704,-60.68438296323262,Persistent / Reduced,1,37.32,Unnamed Industrial Feature,0,182.19,0,75.33,0,Forest / Woodland,2,1,-60.68438296323262,0.27,0,0,1,0,70.0,1,16.769999999999982,Other Thermal Event,5,LOW
19.78615,79.14957,307.17,0.41,0.37,2026-09-16,2042,N,VIIRS,n,2.0NRT,293.95,0.85,N,VIIRS_SNPP_NRT,0.0,0,,0.0,New / No Local History,1,0.34,Unnamed Industrial Feature,1,24.92,0,207.35,0,Industrial,0,0,0.0,0.85,0,0,0,1,70.0,1,13.220000000000027,Other Thermal Event,20,LOW
19.96132,79.33545,309.1,0.42,0.38,2026-09-16,2042,N,VIIRS,n,2.0NRT,292.49,1.64,N,VIIRS_SNPP_NRT,1.21,1,0.3104269712978375,35.53719008264463,Single Historical Detection,1,3.29,Chandrapur Thermal Power Station,0,3.71,1,222.96,0,Mining,1,1,35.53719008264463,0.74,0,0,0,0,70.0,1,16.610000000000014,Other Thermal Event,10,LOW
20.35746,72.95112,310.17,0.51,0.41,2026-09-16,2042,N,VIIRS,n,2.0NRT,290.57,0.73,N,VIIRS_SNPP_NRT,1.27,1,0.259638809797282,-42.51968503937008,Single Historical Detection,1,3.51,Unnamed Industrial Feature,0,451.41,0,88.68,0,Other,4,1,-42.51968503937008,0.32,0,0,0,0,70.0,1,19.600000000000023,Other Thermal Event,5,LOW
21.10248,72.64323,304.86,0.54,0.42,2026-09-16,2042,N,VIIRS,n,2.0NRT,290.56,5.92,N,VIIRS_SNPP_NRT,4.8750967741935485,155,0.0095298337826792,21.433486845587844,Persistent / Stable,1,0.75,Hazira Industrial Complex SURAT,1,378.42,0,0.43,1,Industrial,0,1,21.433486845587844,1.01,0,0,1,0,70.0,1,14.300000000000011,Gas Flare,25,LOW
21.10314,72.63384,333.46,0.55,0.42,2026-09-16,2042,N,VIIRS,n,2.0NRT,292.01,19.9,N,VIIRS_SNPP_NRT,4.870454545454545,154,0.0074022572998494,308.58609426038265,Abnormal Increase,1,0.27,Hazira Industrial Complex SURAT,1,378.63,0,0.33,1,Industrial,0,1,308.58609426038265,3.39,0,1,1,0,70.0,1,41.44999999999999,Gas Flare,65,MEDIUM
21.10318,72.63799,326.28,0.54,0.42,2026-09-16,2042,N,VIIRS,n,2.0NRT,291.71,5.92,N,VIIRS_SNPP_NRT,4.8750967741935485,155,0.0044725899466215,21.433486845587844,Persistent / Stable,1,0.21,Hazira Industrial Complex SURAT,1,378.5,0,0.27,1,Industrial,0,1,21.433486845587844,1.01,0,0,1,0,70.0,1,34.56999999999999,Gas Flare,25,LOW
21.10388,72.63271,330.15,0.55,0.42,2026-09-16,2042,N,VIIRS,n,2.0NRT,290.73,12.4,N,VIIRS_SNPP_NRT,4.892614379084967,153,0.0186460027300424,153.4432317618927,Abnormal Increase,1,0.36,Hazira Industrial Complex SURAT,1,378.59,0,0.39,1,Industrial,0,1,153.4432317618927,2.1,0,1,1,0,70.0,1,39.41999999999996,Gas Flare,55,MEDIUM
21.10505,72.65024,305.8,0.54,0.42,2026-09-16,2042,N,VIIRS,n,2.0NRT,290.79,11.63,N,VIIRS_SNPP_NRT,4.911307189542484,153,0.0088331703648647,136.80050037927683,Abnormal Increase,1,0.86,ArcelorMittal Nippon Steel India,1,377.93,0,1.2,1,Industrial,0,1,136.80050037927683,1.97,0,1,1,0,70.0,1,15.009999999999991,Gas Flare,45,MEDIUM
21.10572,72.64497,340.61,0.54,0.42,2026-09-16,2042,N,VIIRS,n,2.0NRT,292.51,11.63,N,VIIRS_SNPP_NRT,4.8750967741935485,155,0.0002522932855937,138.5593668942883,Abnormal Increase,1,0.48,ArcelorMittal Nippon Steel India,1,378.02,0,0.82,1,Industrial,0,1,138.5593668942883,1.98,0,1,1,0,70.0,1,48.10000000000002,Gas Flare,45,MEDIUM
21.10963,72.64555,306.28,0.54,0.42,2026-09-16,2042,N,VIIRS,n,2.0NRT,291.24,4.81,N,VIIRS_SNPP_NRT,4.8750967741935485,155,0.011014014275014,-1.3352919379598849,Persistent / Stable,1,0.19,ArcelorMittal Nippon Steel India,1,377.59,0,1.09,1,Industrial,0,1,-1.3352919379598849,0.82,0,0,1,0,70.0,1,15.039999999999964,Gas Flare,20,LOW
21.11097,72.63501,309.85,0.55,0.42,2026-09-16,2042,N,VIIRS,n,2.0NRT,291.62,5.53,N,VIIRS_SNPP_NRT,4.870454545454545,154,0.0015306995463768,13.541763882407851,Persistent / Stable,1,0.68,ONGC Hazira Gas Processing,1,377.77,0,0.68,1,Industrial,0,1,13.541763882407851,0.94,0,0,1,0,70.0,1,18.230000000000018,Gas Flare,25,LOW
13.39193,80.0769,309.79,0.54,0.42,2026-09-16,2044,N,VIIRS,n,2.0NRT,293.19,0.85,N,VIIRS_SNPP_NRT,1.215,2,0.241240853532167,-30.04115226337448,Persistent / Stable,1,3.9,SIPCOT Gummidipundi,0,32.89,0,32.34,0,Other,4,1,-30.04115226337448,0.38,0,0,1,0,70.0,1,16.600000000000023,Other Thermal Event,5,LOW
13.3958,80.07763,309.59,0.54,0.42,2026-09-16,2044,N,VIIRS,n,2.0NRT,293.28,0.99,N,VIIRS_SNPP_NRT,1.215,2,0.3202144740154098,-18.51851851851851,Persistent / Stable,1,3.58,SIPCOT Gummidipundi,0,33.08,0,32.61,0,Other,4,1,-18.51851851851851,0.45,0,0,1,0,70.0,1,16.310000000000002,Other Thermal Event,5,LOW
13.89798,76.56422,306.05,0.39,0.36,2026-09-16,2044,N,VIIRS,n,2.0NRT,292.13,0.54,N,VIIRS_SNPP_NRT,0.9814285714285714,7,0.0196208382243122,-44.97816593886462,Persistent / Stable,1,71.91,Ammasandra Cement Factory,0,107.31,0,161.33,0,Forest / Woodland,2,1,-44.97816593886462,0.27,0,0,1,0,70.0,1,13.920000000000016,Other Thermal Event,5,LOW
14.28884,77.43481,350.18,0.44,0.39,2026-08-10,822,N20,VIIRS,n,2.0NRT,302.16,19.66,D,VIIRS_NOAA20_NRT,7.3358823529411765,17,,167.99775479111537,Abnormal Increase,0,98.82,Loco Shed,0,110.61,0,151.59,0,Cropland / Agriculture,3,1,167.99775479111537,2.36,0,1,1,0,70.0,0,48.01999999999998,Forest / Wildfire,40,MEDIUM
14.30297,77.43273,356.07,0.44,0.39,2026-08-10,822,N20,VIIRS,l,2.0NRT,301.55,24.5,D,VIIRS_NOAA20_NRT,7.594375,16,,222.6071928236359,Abnormal Increase,0,97.23,Loco Shed,0,109.14,0,153.15,0,Cropland / Agriculture,3,1,222.6071928236359,2.85,1,1,1,0,30.0,0,54.51999999999998,Forest / Wildfire,30,LOW
9.67609,77.4088,347.17,0.41,0.37,2026-08-10,820,N20,VIIRS,n,2.0NRT,300.87,23.88,D,VIIRS_NOAA20_NRT,23.88,1,,0.0,Single Historical Detection,0,27.27,Bismi Chicken store,0,27.27,0,89.1,0,Other,4,1,0.0,0.96,1,0,0,0,70.0,0,46.30000000000001,Forest / Wildfire,15,LOW
13.50082,79.60096,339.29,0.61,0.53,2026-08-10,726,N21,VIIRS,n,2.0NRT,295.45,22.49,D,VIIRS_NOAA21_NRT,15.41,2,,45.94419208306294,Persistent / Stable,0,33.06,TTD Transport Yard,0,83.66,0,81.47,0,Cropland / Agriculture,3,1,45.94419208306294,1.37,1,0,1,0,70.0,0,43.84000000000003,Forest / Wildfire,20,LOW
15.63307,79.89992,348.35,0.39,0.36,2026-08-11,805,N20,VIIRS,n,2.0NRT,312.43,36.14,D,VIIRS_NOAA20_NRT,36.14,1,,0.0,Single Historical Detection,0,15.32,kummitha's farm,0,272.49,0,239.47,0,Cropland / Agriculture,3,1,0.0,0.97,1,0,0,0,70.0,0,35.920000000000016,Forest / Wildfire,25,LOW
8.58918,77.91875,343.59,0.39,0.44,2026-08-12,828,N21,VIIRS,n,2.0NRT,304.03,48.72,D,VIIRS_NOAA21_NRT,48.72,1,,0.0,Single Historical Detection,0,35.53,SPIC Tuticorin Fertilizers,0,112.45,0,155.36,0,Other,4,1,0.0,0.98,1,0,0,0,70.0,0,39.56,Forest / Wildfire,25,LOW
18.08593,81.23905,356.33,0.41,0.37,2026-08-12,746,N20,VIIRS,l,2.0NRT,289.08,39.17,D,VIIRS_NOAA20_NRT,39.17,2,,0.0,Persistent / Stable,0,46.94,Aswapuram Heavy Water Plant,0,291.5,0,163.13,0,Other,4,1,0.0,0.98,1,0,1,0,30.0,0,67.25,Forest / Wildfire,15,LOW
18.08656,81.24291,335.15,0.41,0.37,2026-08-12,746,N20,VIIRS,n,2.0NRT,289.21,39.17,D,VIIRS_NOAA20_NRT,39.17,2,,0.0,Persistent / Stable,0,47.34,Aswapuram Heavy Water Plant,0,291.73,0,162.92,0,Other,4,1,0.0,0.98,1,0,1,0,70.0,0,45.94,Forest / Wildfire,25,LOW
28.161,95.59473,347.52,0.57,0.69,2026-08-15,735,N21,VIIRS,n,2.0NRT,286.38,23.76,D,VIIRS_NOAA21_NRT,13.84,2,,71.67630057803468,Abnormal Increase,0,77.87,Truck Stand and Weight Bridge,0,632.41,0,85.75,0,Forest / Woodland,2,1,71.67630057803468,1.6,1,0,1,0,70.0,0,61.139999999999986,Forest / Wildfire,30,LOW
11.82039,78.73884,367.0,0.67,0.74,2026-08-16,854,N21,VIIRS,h,2.0NRT,291.8,25.54,D,VIIRS_NOAA21_NRT,19.966666666666665,3,,27.91318864774625,Persistent / Stable,0,68.06,Dalmia,0,112.16,0,161.68,0,Cropland / Agriculture,3,1,27.91318864774625,1.22,1,0,1,0,95.0,0,75.19999999999999,Agricultural Burning,30,LOW
10.4347,77.16103,347.16,0.4,0.37,2026-08-16,807,N20,VIIRS,n,2.0NRT,307.88,21.89,D,VIIRS_NOAA20_NRT,21.89,1,,0.0,Single Historical Detection,0,35.19,Unnamed Industrial Feature,0,91.92,0,66.53,0,Cropland / Agriculture,3,1,0.0,0.96,1,0,0,0,70.0,0,39.28000000000003,Forest / Wildfire,15,LOW
11.69771,78.67934,330.63,0.47,0.4,2026-08-18,816,N21,VIIRS,n,2.0NRT,294.82,46.2,D,VIIRS_NOAA21_NRT,28.745,2,,60.72360410506176,Abnormal Increase,0,60.65,Dalmia,0,118.55,0,163.91,0,Cropland / Agriculture,3,1,60.72360410506176,1.55,1,0,1,0,70.0,0,35.81,Forest / Wildfire,40,MEDIUM
9.33808,78.25658,345.42,0.43,0.38,2026-08-18,816,N21,VIIRS,n,2.0NRT,312.7,20.06,D,VIIRS_NOAA21_NRT,20.06,1,,0.0,Single Historical Detection,0,45.15,Unnamed Industrial Feature,0,122.92,0,171.31,0,Other,4,1,0.0,0.95,1,0,0,0,70.0,0,32.72000000000003,Forest / Wildfire,15,LOW
8.74034,77.6055,340.56,0.4,0.6,2026-08-19,852,N20,VIIRS,n,2.0NRT,293.6,239.09,D,VIIRS_NOAA20_NRT,19.433809523809526,21,,1130.278601357477,Abnormal Increase,0,24.9,India Cements Sankarnagar,0,82.02,0,117.18,0,Other,4,1,500.0,11.7,1,1,1,0,70.0,0,46.95999999999998,Forest / Wildfire,70,HIGH
8.73967,77.60538,317.62,0.47,0.39,2026-08-19,2032,N21,VIIRS,n,2.0NRT,294.05,27.52,N,VIIRS_NOAA21_NRT,19.433809523809526,21,,41.60887995883461,Persistent / Stable,0,24.97,India Cements Sankarnagar,0,81.99,0,117.21,0,Other,4,1,41.60887995883461,1.35,1,0,1,0,70.0,1,23.569999999999993,Other Thermal Event,30,LOW
8.74035,77.6012,344.45,0.47,0.39,2026-08-19,2032,N21,VIIRS,n,2.0NRT,305.11,27.52,N,VIIRS_NOAA21_NRT,19.433809523809526,21,,41.60887995883461,Persistent / Stable,0,24.81,India Cements Sankarnagar,0,81.58,0,116.78,0,Other,4,1,41.60887995883461,1.35,1,0,1,0,70.0,1,39.339999999999975,Other Thermal Event,30,LOW
15.76939,73.70415,207.93,0.42,0.38,2026-08-21,816,N20,VIIRS,l,2.0NRT,297.41,115.94,D,VIIRS_NOAA20_NRT,122.44666666666667,3,,-5.313878151031748,Persistent / Stable,0,83.61,J P Foundry,0,264.75,0,329.72,0,Forest / Woodland,2,1,-5.313878151031748,0.94,1,0,1,0,30.0,0,0.0,Other Thermal Event,25,LOW
15.77281,73.70358,337.78,0.42,0.38,2026-08-21,816,N20,VIIRS,l,2.0NRT,295.82,135.46,D,VIIRS_NOAA20_NRT,122.44666666666667,3,,10.627756302063485,Persistent / Stable,0,83.64,J P Foundry,0,265.0,0,330.07,0,Forest / Woodland,2,1,10.627756302063485,1.1,1,0,1,0,30.0,0,41.95999999999998,Other Thermal Event,30,LOW
15.76875,73.70028,253.68,0.42,0.38,2026-08-21,816,N20,VIIRS,l,2.0NRT,296.55,115.94,D,VIIRS_NOAA20_NRT,122.44666666666667,3,,-5.313878151031748,Persistent / Stable,0,84.03,J P Foundry,0,265.07,0,329.86,0,Forest / Woodland,2,1,-5.313878151031748,0.94,1,0,1,0,30.0,0,0.0,Other Thermal Event,25,LOW
11.71099,79.12828,348.21,0.43,0.38,2026-08-21,816,N20,VIIRS,n,2.0NRT,307.85,30.85,D,VIIRS_NOAA20_NRT,14.915000000000001,4,,106.83875293328865,Abnormal Increase,0,40.18,Neyveli Lignite Corporation,0,69.66,0,130.85,0,Cropland / Agriculture,3,1,106.83875293328865,1.94,1,1,1,0,70.0,0,40.35999999999996,Forest / Wildfire,50,MEDIUM
13.26471,77.34718,341.7,0.39,0.36,2026-08-21,816,N20,VIIRS,n,2.0NRT,300.35,19.62,D,VIIRS_NOAA20_NRT,19.62,1,,0.0,Single Historical Detection,0,11.55,Sami Labs Limited,0,32.0,0,62.14,0,Cropland / Agriculture,3,1,0.0,0.95,0,0,0,0,70.0,0,41.349999999999966,Forest / Wildfire,15,LOW
29.46,76.86426,367.0,0.53,0.67,2026-08-22,705,N21,VIIRS,h,2.0NRT,290.49,52.02,D,VIIRS_NOAA21_NRT,8.625625,48,,503.0867328454461,Abnormal Increase,0,12.31,Panipat IOCL Refinery,0,104.53,0,1.89,1,Cropland / Agriculture,3,1,500.0,5.4,1,1,1,0,95.0,0,76.50999999999999,Gas Flare,80,HIGH
29.45864,76.85911,330.26,0.53,0.67,2026-08-22,705,N21,VIIRS,n,2.0NRT,290.01,30.37,D,VIIRS_NOAA21_NRT,8.949777777777776,45,,239.3380344639222,Abnormal Increase,0,12.61,Panipat IOCL Refinery,0,104.59,0,2.38,1,Cropland / Agriculture,3,1,239.3380344639222,3.05,1,1,1,0,70.0,0,40.25,Gas Flare,50,MEDIUM
29.45838,76.86343,367.0,0.53,0.67,2026-08-22,705,N21,VIIRS,h,2.0NRT,291.86,44.95,D,VIIRS_NOAA21_NRT,9.54925,40,,370.71759562269284,Abnormal Increase,0,12.26,Panipat IOCL Refinery,0,104.4,0,2.06,1,Cropland / Agriculture,3,1,370.71759562269284,4.26,1,1,1,0,95.0,0,75.13999999999999,Gas Flare,70,HIGH
29.45823,76.87273,350.27,0.49,0.65,2026-08-22,845,N21,VIIRS,n,2.0NRT,291.98,24.83,D,VIIRS_NOAA21_NRT,9.57,41,,159.45663531870426,Abnormal Increase,0,11.55,Panipat IOCL Refinery,0,104.02,0,1.49,1,Cropland / Agriculture,3,1,159.45663531870426,2.35,1,1,1,0,70.0,0,58.289999999999964,Gas Flare,40,MEDIUM
29.45792,76.86768,352.46,0.49,0.65,2026-08-22,845,N21,VIIRS,n,2.0NRT,292.96,24.83,D,VIIRS_NOAA21_NRT,11.2725,32,,120.27056997116874,Abnormal Increase,0,11.9,Panipat IOCL Refinery,0,104.18,0,1.8,1,Cropland / Agriculture,3,1,120.27056997116874,2.02,1,1,1,0,70.0,0,59.5,Gas Flare,40,MEDIUM
29.45857,76.8695,339.11,0.38,0.36,2026-08-22,801,N20,VIIRS,n,2.0NRT,296.9,29.94,D,VIIRS_NOAA20_NRT,10.72764705882353,34,,179.09195591380157,Abnormal Increase,0,11.81,Panipat IOCL Refinery,0,104.18,0,1.63,1,Cropland / Agriculture,3,1,179.09195591380157,2.55,1,1,1,0,70.0,0,42.210000000000036,Gas Flare,50,MEDIUM
29.46125,76.86491,337.25,0.38,0.36,2026-08-22,801,N20,VIIRS,n,2.0NRT,297.42,29.94,D,VIIRS_NOAA20_NRT,8.28943396226415,53,,261.1826831155825,Abnormal Increase,0,12.34,Panipat IOCL Refinery,0,104.63,0,1.76,1,Cropland / Agriculture,3,1,261.1826831155825,3.22,1,1,1,0,70.0,0,39.829999999999984,Gas Flare,60,MEDIUM
10.90665,78.5351,345.92,0.61,0.53,2026-08-23,737,N20,VIIRS,n,2.0NRT,292.03,19.65,D,VIIRS_NOAA20_NRT,11.96,4,,64.29765886287623,Abnormal Increase,0,22.23,Trichy Steel Company,0,163.88,0,143.88,0,Cropland / Agriculture,3,1,64.29765886287623,1.52,0,0,1,0,70.0,0,53.89000000000004,Forest / Wildfire,30,LOW
31.99993,78.53543,342.79,0.54,0.42,2026-08-24,809,N21,VIIRS,n,2.0NRT,306.47,20.93,D,VIIRS_NOAA21_NRT,14.92,2,,40.28150134048257,Persistent / Stable,0,154.41,Water Treatment Plant,0,396.06,0,293.78,0,Cropland / Agriculture,3,1,40.28150134048257,1.31,1,0,1,0,70.0,0,36.31999999999999,Forest / Wildfire,20,LOW
9.38962,78.88501,347.44,0.46,0.39,2026-08-26,822,N20,VIIRS,n,2.0NRT,301.32,21.77,D,VIIRS_NOAA20_NRT,7.21,6,,201.94174757281553,Abnormal Increase,0,103.12,SPIC Tuticorin Fertilizers,0,189.67,0,185.76,0,Other,4,1,201.94174757281553,2.65,1,1,1,0,70.0,0,46.120000000000005,Forest / Wildfire,40,MEDIUM
12.65077,79.52586,340.98,0.58,0.52,2026-08-28,830,N21,VIIRS,n,2.0NRT,297.05,18.17,D,VIIRS_NOAA21_NRT,18.17,1,,0.0,Single Historical Detection,0,38.19,SIPCOT Ranipet Industrial Estate,0,78.64,0,95.68,0,Cropland / Agriculture,3,1,0.0,0.95,0,0,0,0,70.0,0,43.93000000000001,Forest / Wildfire,15,LOW
9.55345,78.51564,341.09,0.45,0.47,2026-08-28,828,N21,VIIRS,n,2.0NRT,308.43,54.45,D,VIIRS_NOAA21_NRT,54.45,1,,0.0,Single Historical Detection,0,60.53,Tourist bus parking,0,147.68,0,198.45,0,Other,4,1,0.0,0.98,1,0,0,0,70.0,0,32.65999999999997,Forest / Wildfire,35,LOW
15.089,79.77787,336.56,0.52,0.41,2026-08-28,746,N20,VIIRS,n,2.0NRT,303.76,21.57,D,VIIRS_NOAA20_NRT,12.475,4,,72.90581162324649,Abnormal Increase,0,28.05,COW Farm,0,216.28,0,219.57,0,Cropland / Agriculture,3,1,72.90581162324649,1.6,1,0,1,0,70.0,0,32.80000000000001,Forest / Wildfire,30,LOW
10.04175,77.58042,339.12,0.48,0.4,2026-08-31,828,N20,VIIRS,n,2.0NRT,304.56,29.4,D,VIIRS_NOAA20_NRT,21.525,2,,36.585365853658544,Persistent / Stable,0,50.99,Kannan Devan Tea Factory,0,65.95,0,122.48,0,Cropland / Agriculture,3,1,36.585365853658544,1.31,1,0,1,0,70.0,0,34.56,Forest / Wildfire,30,LOW
12.35043,79.22861,353.47,0.43,0.46,2026-08-31,828,N20,VIIRS,n,2.0NRT,303.73,20.52,D,VIIRS_NOAA20_NRT,23.325,2,,-12.025723472668808,Persistent / Stable,0,66.46,SIPCOT Ranipet Industrial Estate,0,88.67,0,141.31,0,Cropland / Agriculture,3,1,-12.025723472668808,0.84,1,0,1,0,70.0,0,49.74000000000001,Forest / Wildfire,15,LOW
12.34985,79.22876,351.38,0.43,0.46,2026-08-31,828,N20,VIIRS,n,2.0NRT,306.01,26.13,D,VIIRS_NOAA20_NRT,23.325,2,,12.025723472668808,Persistent / Stable,0,66.52,SIPCOT Ranipet Industrial Estate,0,88.61,0,141.33,0,Cropland / Agriculture,3,1,12.025723472668808,1.07,1,0,1,0,70.0,0,45.370000000000005,Forest / Wildfire,30,LOW
9.5979,77.7906,343.48,0.54,0.68,2026-09-01,854,N21,VIIRS,n,2.0NRT,299.17,18.25,D,VIIRS_NOAA21_NRT,15.4,2,,18.506493506493506,Persistent / Stable,0,27.74,Unnamed Industrial Feature,0,68.07,0,124.8,0,Other,4,1,18.506493506493506,1.11,0,0,1,0,70.0,0,44.31,Forest / Wildfire,20,LOW
12.15436,75.98641,282.59,0.42,0.38,2026-09-01,809,N20,VIIRS,l,2.0NRT,294.41,179.92,D,VIIRS_NOAA20_NRT,179.92,2,,0.0,Persistent / Stable,0,40.65,Unnamed Industrial Feature,0,103.9,0,98.27,0,Forest / Woodland,2,1,0.0,0.99,1,0,1,0,30.0,0,0.0,Forest / Wildfire,25,LOW
12.15781,75.98586,351.45,0.42,0.38,2026-09-01,809,N20,VIIRS,n,2.0NRT,287.19,179.92,D,VIIRS_NOAA20_NRT,179.92,2,,0.0,Persistent / Stable,0,40.33,Unnamed Industrial Feature,0,104.29,0,98.64,0,Forest / Woodland,2,1,0.0,0.99,1,0,1,0,70.0,0,64.25999999999999,Forest / Wildfire,35,LOW
12.33565,78.99867,348.36,0.39,0.36,2026-09-01,809,N20,VIIRS,n,2.0NRT,312.93,22.47,D,VIIRS_NOAA20_NRT,22.47,1,,0.0,Single Historical Detection,0,63.94,Unnamed Industrial Feature,0,105.82,0,144.26,0,Cropland / Agriculture,3,1,0.0,0.96,1,0,0,0,70.0,0,35.43000000000001,Forest / Wildfire,15,LOW
10.04949,77.92572,342.23,0.39,0.36,2026-09-01,809,N20,VIIRS,l,2.0NRT,310.22,24.12,D,VIIRS_NOAA20_NRT,24.12,1,,0.0,Single Historical Detection,0,24.11,TNSTC Ponmeni Bus depot,0,96.27,0,142.68,0,Cropland / Agriculture,3,1,0.0,0.96,1,0,0,0,30.0,0,32.00999999999999,Forest / Wildfire,5,LOW
9.44911,77.67039,342.56,0.45,0.47,2026-09-02,750,N20,VIIRS,n,2.0NRT,306.29,19.35,D,VIIRS_NOAA20_NRT,11.603750000000002,8,,66.75643649682213,Abnormal Increase,0,8.38,Unnamed Industrial Feature,0,57.67,0,108.32,0,Other,4,1,66.75643649682213,1.54,0,0,1,0,70.0,0,36.26999999999998,Forest / Wildfire,30,LOW
8.49523,77.96259,352.28,0.51,0.49,2026-09-02,835,N21,VIIRS,n,2.0NRT,301.69,25.01,D,VIIRS_NOAA21_NRT,11.82,3,,111.59052453468699,Abnormal Increase,0,40.86,SPIC Tuticorin Fertilizers,0,116.85,0,164.92,0,Other,4,1,111.59052453468699,1.95,1,1,1,0,70.0,0,50.589999999999975,Forest / Wildfire,50,MEDIUM
9.72765,77.54507,344.84,0.49,0.49,2026-09-02,835,N21,VIIRS,n,2.0NRT,307.1,27.73,D,VIIRS_NOAA21_NRT,9.467500000000001,4,,192.89675204647477,Abnormal Increase,0,41.95,Unnamed Industrial Feature,0,43.23,0,104.98,0,Other,4,1,192.89675204647477,2.65,1,1,1,0,70.0,0,37.73999999999995,Forest / Wildfire,50,MEDIUM
9.44849,77.66959,341.36,0.5,0.49,2026-09-02,835,N21,VIIRS,n,2.0NRT,308.53,21.3,D,VIIRS_NOAA21_NRT,11.603750000000002,8,,83.56134870192824,Abnormal Increase,0,8.33,Unnamed Industrial Feature,0,57.6,0,108.22,0,Other,4,1,83.56134870192824,1.69,1,0,1,0,70.0,0,32.83000000000004,Forest / Wildfire,30,LOW
8.6202,77.77351,354.2,0.41,0.37,2026-09-03,816,N21,VIIRS,n,2.0NRT,313.01,23.1,D,VIIRS_NOAA21_NRT,27.545,2,,-16.13722998729352,Persistent / Stable,0,44.36,India Cements Sankarnagar,0,96.96,0,139.92,0,Other,4,1,-16.13722998729352,0.81,1,0,1,0,70.0,0,41.19,Forest / Wildfire,15,LOW
8.62075,77.77719,348.05,0.41,0.37,2026-09-03,816,N21,VIIRS,n,2.0NRT,312.84,31.99,D,VIIRS_NOAA21_NRT,22.093333333333334,3,,44.79480989740494,Persistent / Stable,0,44.53,India Cements Sankarnagar,0,97.37,0,140.23,0,Other,4,1,44.79480989740494,1.39,1,0,1,0,70.0,0,35.210000000000036,Agricultural Burning,20,LOW
9.25096,77.98447,343.73,0.42,0.38,2026-09-03,816,N21,VIIRS,n,2.0NRT,303.2,48.71,D,VIIRS_NOAA21_NRT,48.71,1,,0.0,Single Historical Detection,0,14.11,Unnamed Industrial Feature,0,97.78,0,141.47,0,Other,4,1,0.0,0.98,1,0,0,0,70.0,0,40.53000000000003,Forest / Wildfire,25,LOW
21.10295,72.63681,342.12,0.38,0.43,2026-09-04,801,N21,VIIRS,n,2.0NRT,298.44,26.3,D,VIIRS_NOAA21_NRT,4.875096774193549,155,,439.4764702768514,Abnormal Increase,0,0.14,Hazira Industrial Complex SURAT,1,378.56,0,0.23,1,Industrial,0,1,439.4764702768514,4.48,1,1,1,0,70.0,0,43.68000000000001,Gas Flare,75,HIGH
21.10447,72.64493,344.27,0.57,0.43,2026-09-04,801,N21,VIIRS,n,2.0NRT,298.24,26.51,D,VIIRS_NOAA21_NRT,4.875096774193549,155,,443.7840770737388,Abnormal Increase,0,0.61,ArcelorMittal Nippon Steel India,1,378.15,0,0.71,1,Industrial,0,1,443.7840770737388,4.51,1,1,1,0,70.0,0,46.02999999999997,Gas Flare,75,HIGH
10.85424,78.68019,351.58,0.48,0.48,2026-09-05,835,N20,VIIRS,n,2.0NRT,298.37,20.51,D,VIIRS_NOAA20_NRT,20.51,1,,0.0,Single Historical Detection,0,6.18,Trichy Steel Company,0,154.89,0,127.58,0,Cropland / Agriculture,3,1,0.0,0.95,1,0,0,0,70.0,0,53.20999999999998,Agricultural Burning,5,LOW
10.94035,78.16111,354.38,0.39,0.37,2026-09-06,816,N20,VIIRS,n,2.0NRT,305.29,27.32,D,VIIRS_NOAA20_NRT,11.9,4,,129.57983193277312,Abnormal Increase,0,21.84,TNPL Paper Mill,0,183.6,0,118.28,0,Cropland / Agriculture,3,1,129.57983193277312,2.12,1,1,1,0,70.0,0,49.089999999999975,Forest / Wildfire,50,MEDIUM
10.4262,79.25689,338.69,0.55,0.51,2026-09-08,737,N20,VIIRS,n,2.0NRT,302.91,106.24,D,VIIRS_NOAA20_NRT,37.12833333333333,6,,186.14265834717423,Abnormal Increase,0,40.15,Central Warehouse Corporation,0,157.51,0,74.62,0,Cropland / Agriculture,3,1,186.14265834717423,2.79,1,1,1,0,70.0,0,35.77999999999997,Forest / Wildfire,60,MEDIUM
10.42373,79.25402,348.52,0.55,0.51,2026-09-08,737,N20,VIIRS,n,2.0NRT,307.26,51.8,D,VIIRS_NOAA20_NRT,37.12833333333333,6,,39.516092831171164,Persistent / Stable,0,40.28,Central Warehouse Corporation,0,157.88,0,75.03,0,Cropland / Agriculture,3,1,39.516092831171164,1.36,1,0,1,0,70.0,0,41.25999999999999,Other Thermal Event,40,MEDIUM
10.42067,79.25273,342.26,0.55,0.51,2026-09-08,737,N20,VIIRS,n,2.0NRT,301.0,20.97,D,VIIRS_NOAA20_NRT,37.12833333333333,6,,-43.52022265116487,Persistent / Stable,0,40.55,Central Warehouse Corporation,0,158.25,0,75.33,0,Cropland / Agriculture,3,1,-43.52022265116487,0.55,1,0,1,0,70.0,0,41.25999999999999,Other Thermal Event,15,LOW
9.53244,78.64364,345.48,0.63,0.54,2026-09-08,737,N20,VIIRS,n,2.0NRT,303.95,26.28,D,VIIRS_NOAA20_NRT,35.31333333333333,3,,-25.58051727392863,Persistent / Stable,0,72.93,Tourist bus parking,0,161.82,0,190.1,0,Other,4,1,-25.58051727392863,0.72,1,0,1,0,70.0,0,41.53000000000003,Agricultural Burning,15,LOW
9.53154,78.64579,355.24,0.63,0.54,2026-09-08,737,N20,VIIRS,n,2.0NRT,303.0,24.88,D,VIIRS_NOAA20_NRT,35.31333333333333,3,,-29.54502548612422,Persistent / Stable,0,73.18,Tourist bus parking,0,162.06,0,190.01,0,Other,4,1,-29.54502548612422,0.69,1,0,1,0,70.0,0,52.24000000000001,Agricultural Burning,5,LOW
21.10306,72.63672,338.43,0.39,0.36,2026-09-08,826,N21,VIIRS,n,2.0NRT,304.32,18.55,D,VIIRS_NOAA21_NRT,4.875096774193549,155,,280.5052670583875,Abnormal Increase,0,0.13,Hazira Industrial Complex SURAT,1,378.55,0,0.22,1,Industrial,0,1,280.5052670583875,3.16,0,1,1,0,70.0,0,34.110000000000014,Gas Flare,65,MEDIUM
9.34192,78.82452,337.52,0.55,0.43,2026-09-08,822,N21,VIIRS,n,2.0NRT,304.14,31.48,D,VIIRS_NOAA21_NRT,8.803333333333333,6,,257.5918212798183,Abnormal Increase,0,94.62,SPIC Tuticorin Fertilizers,0,183.88,0,193.9,0,Other,4,1,257.5918212798183,3.21,1,1,1,0,70.0,0,33.379999999999995,Forest / Wildfire,60,MEDIUM
9.53313,78.64571,346.35,0.54,0.42,2026-09-08,822,N21,VIIRS,n,2.0NRT,312.4,54.78,D,VIIRS_NOAA21_NRT,35.31333333333333,3,,55.12554276005287,Abnormal Increase,0,73.07,Tourist bus parking,0,162.04,0,189.89,0,Other,4,1,55.12554276005287,1.51,1,0,1,0,70.0,0,33.950000000000045,Forest / Wildfire,50,MEDIUM
14.53657,79.06839,367.0,0.45,0.47,2026-09-08,824,N21,VIIRS,h,2.0NRT,304.9,41.2,D,VIIRS_NOAA21_NRT,17.290000000000003,3,,138.28802776171196,Abnormal Increase,0,95.45,Fodd Corporation of India Godowns,0,199.61,0,199.8,0,Cropland / Agriculture,3,1,138.28802776171196,2.25,1,1,1,0,95.0,0,62.10000000000002,Forest / Wildfire,60,MEDIUM
12.09626,77.0597,348.73,0.48,0.4,2026-09-08,822,N21,VIIRS,n,2.0NRT,316.96,20.08,D,VIIRS_NOAA21_NRT,9.873333333333333,3,,103.37609723160026,Abnormal Increase,0,29.52,Unnamed Industrial Feature,0,112.33,0,96.42,0,Cropland / Agriculture,3,1,103.37609723160026,1.85,1,1,1,0,70.0,0,31.77000000000004,Forest / Wildfire,40,MEDIUM
8.60539,77.96745,340.75,0.49,0.4,2026-09-08,822,N21,VIIRS,n,2.0NRT,309.4,22.28,D,VIIRS_NOAA21_NRT,8.05625,8,,176.55546935609,Abnormal Increase,0,30.54,SPIC Tuticorin Fertilizers,0,117.95,0,159.13,0,Other,4,1,176.55546935609,2.46,1,1,1,0,70.0,0,31.350000000000023,Forest / Wildfire,40,MEDIUM
10.23821,79.09862,344.63,0.39,0.44,2026-09-08,822,N21,VIIRS,n,2.0NRT,309.9,10.75,D,VIIRS_NOAA21_NRT,10.75,1,,0.0,Single Historical Detection,0,58.17,Central Warehouse Corporation,0,183.39,0,100.58,0,Cropland / Agriculture,3,1,0.0,0.91,0,0,0,0,70.0,0,34.73000000000002,Agricultural Burning,0,LOW
9.38653,77.3917,345.28,0.5,0.66,2026-08-18,731,N20,VIIRS,n,2.0NRT,294.66,9.49,D,VIIRS_NOAA20_NRT,7.61,2,,24.704336399474375,Persistent / Stable,0,31.51,Unnamed Industrial Feature,0,34.63,0,77.05,0,Other,4,1,24.704336399474375,1.1,0,0,1,0,70.0,0,50.61999999999995,Agricultural Burning,0,LOW
20.96798,85.17476,339.3,0.39,0.44,2026-08-27,709,N21,VIIRS,n,2.0NRT,293.99,9.02,D,VIIRS_NOAA21_NRT,3.563,110,,153.1574515857423,Abnormal Increase,0,5.76,Unnamed Industrial Feature,0,5.11,0,157.84,0,Other,4,1,153.1574515857423,1.98,0,1,1,0,70.0,0,45.31,Mining Activity,15,LOW
23.82465,84.57246,342.89,0.39,0.44,2026-08-11,709,N21,VIIRS,n,2.0NRT,297.52,10.61,D,VIIRS_NOAA21_NRT,2.1268000000000002,25,,398.8715441038179,Abnormal Increase,0,24.21,Tori Power Project,0,135.6,0,220.44,0,Other,4,1,398.8715441038179,3.39,0,1,1,0,70.0,0,45.370000000000005,Other Thermal Event,40,MEDIUM
21.10146,72.63491,336.9,0.41,0.37,2026-09-06,818,N20,VIIRS,n,2.0NRT,300.88,8.87,D,VIIRS_NOAA20_NRT,4.870454545454545,154,,82.11852543163789,Abnormal Increase,0,0.2,Essar Steel Hazira,1,378.78,0,0.42,1,Industrial,0,1,82.11852543163789,1.51,0,0,1,0,70.0,0,36.01999999999998,Gas Flare,35,LOW
12.91732,76.07881,339.05,0.53,0.42,2026-09-05,835,N20,VIIRS,n,2.0NRT,303.88,11.8,D,VIIRS_NOAA20_NRT,12.190000000000001,2,,-3.199343724364237,Persistent / Stable,0,47.38,Akshayakalpa Farms & Food,0,95.44,0,95.44,0,Forest / Woodland,2,1,-3.199343724364237,0.89,0,0,1,0,70.0,0,35.170000000000016,Agricultural Burning,0,LOW
29.47683,76.85993,341.77,0.5,0.49,2026-08-23,828,N21,VIIRS,n,2.0NRT,293.84,11.04,D,VIIRS_NOAA21_NRT,6.1584375,32,,79.26625057086314,Abnormal Increase,0,13.85,Panipat IOCL Refinery,0,106.41,0,2.09,1,Cropland / Agriculture,3,1,79.26625057086314,1.54,0,0,1,0,70.0,0,47.93000000000001,Gas Flare,20,LOW
27.96467,96.95645,331.24,0.41,0.37,2026-08-23,646,N21,VIIRS,n,2.0NRT,296.94,10.19,D,VIIRS_NOAA21_NRT,10.19,1,,0.0,Single Historical Detection,0,141.36,Unnamed Industrial Feature,0,749.03,0,145.91,0,Forest / Woodland,2,1,0.0,0.91,0,0,0,0,70.0,0,34.30000000000001,Agricultural Burning,0,LOW
10.42648,79.25591,350.01,0.41,0.45,2026-09-08,822,N21,VIIRS,n,2.0NRT,308.23,15.53,D,VIIRS_NOAA21_NRT,37.12833333333333,6,,-58.17210575930331,Persistent / Reduced,0,40.08,Central Warehouse Corporation,0,157.52,0,74.7,0,Cropland / Agriculture,3,1,-58.17210575930331,0.41,0,0,1,0,70.0,0,41.77999999999997,Other Thermal Event,15,LOW
9.90945,78.20588,336.58,0.52,0.41,2026-08-23,822,N21,VIIRS,n,2.0NRT,302.09,12.59,D,VIIRS_NOAA21_NRT,10.910000000000002,3,,15.398716773602178,Persistent / Stable,0,11.12,Tourist bus parking,0,118.38,0,174.9,0,Other,4,1,15.398716773602178,1.06,0,0,1,0,70.0,0,34.49000000000001,Agricultural Burning,10,LOW
9.31614,78.72684,345.46,0.55,0.42,2026-09-08,822,N21,VIIRS,n,2.0NRT,305.14,13.24,D,VIIRS_NOAA21_NRT,6.706666666666667,3,,97.41550695825049,Abnormal Increase,0,84.56,SPIC Tuticorin Fertilizers,0,173.83,0,202.53,0,Other,4,1,97.41550695825049,1.72,0,0,1,0,70.0,0,40.31999999999999,Agricultural Burning,20,LOW
11.81638,78.73512,339.76,0.67,0.74,2026-08-16,854,N21,VIIRS,n,2.0NRT,291.69,17.18,D,VIIRS_NOAA21_NRT,19.966666666666665,3,,-13.956594323873118,Persistent / Stable,0,67.59,Dalmia,0,112.53,0,161.8,0,Cropland / Agriculture,3,1,-13.956594323873118,0.82,0,0,1,0,70.0,0,48.06999999999999,Agricultural Burning,5,LOW
16.13124,77.82779,354.31,0.43,0.46,2026-08-28,746,N20,VIIRS,n,2.0NRT,298.26,10.46,D,VIIRS_NOAA20_NRT,8.405000000000001,2,,24.449732302201063,Persistent / Stable,0,35.54,"TGSRTC  Bus Depot , Wanaparthy",0,146.13,0,175.49,0,Cropland / Agriculture,3,1,24.449732302201063,1.11,0,0,1,0,70.0,0,56.05000000000001,Agricultural Burning,0,LOW
14.29697,79.05332,351.13,0.39,0.44,2026-09-05,739,N21,VIIRS,n,2.0NRT,300.03,10.83,D,VIIRS_NOAA21_NRT,7.05,3,,53.61702127659574,Abnormal Increase,0,76.45,TTD Transport Yard,0,182.2,0,181.66,0,Cropland / Agriculture,3,1,53.61702127659574,1.35,0,0,1,0,70.0,0,51.10000000000002,Agricultural Burning,10,LOW
9.96719,78.07066,367.0,0.44,0.63,2026-08-11,848,N21,VIIRS,h,2.0NRT,290.87,15.53,D,VIIRS_NOAA21_NRT,6.915,4,,124.58423716558204,Abnormal Increase,0,6.42,TNSTC Ponmeni Bus depot,0,106.48,0,160.04,0,Other,4,1,124.58423716558204,1.96,0,1,1,0,95.0,0,76.13,Forest / Wildfire,50,MEDIUM
29.45762,76.86265,329.18,0.49,0.65,2026-08-22,845,N21,VIIRS,n,2.0NRT,292.79,12.13,D,VIIRS_NOAA21_NRT,10.542857142857144,35,,15.054200542005411,Persistent / Stable,0,12.27,Panipat IOCL Refinery,0,104.35,0,2.17,1,Cropland / Agriculture,3,1,15.054200542005411,1.05,0,0,1,0,70.0,0,36.389999999999986,Gas Flare,20,LOW
11.14817,78.0351,356.46,0.4,0.44,2026-09-02,750,N20,VIIRS,n,2.0NRT,299.53,12.06,D,VIIRS_NOAA20_NRT,10.4575,4,,15.323930193640937,Persistent / Stable,0,11.45,TNPL Paper Mill,0,195.66,0,101.72,0,Cropland / Agriculture,3,1,15.323930193640937,1.05,0,0,1,0,70.0,0,56.93000000000001,Agricultural Burning,10,LOW
13.83939,79.28998,353.64,0.37,0.58,2026-08-17,835,N21,VIIRS,n,2.0NRT,282.12,9.85,D,VIIRS_NOAA21_NRT,9.3725,4,,5.09469191784475,Persistent / Stable,0,19.63,TTD Transport Yard,0,131.19,0,129.67,0,Cropland / Agriculture,3,1,5.09469191784475,0.95,0,0,1,0,70.0,0,71.51999999999998,Agricultural Burning,0,LOW
14.55707,77.39243,337.62,0.44,0.39,2026-08-10,822,N20,VIIRS,n,2.0NRT,288.66,9.38,D,VIIRS_NOAA20_NRT,8.99,2,,4.338153503893221,Persistent / Stable,0,68.75,Loco Shed,0,83.22,0,181.5,0,Cropland / Agriculture,3,1,4.338153503893221,0.94,0,0,1,0,70.0,0,48.95999999999998,Agricultural Burning,0,LOW
21.10537,72.64582,338.79,0.55,0.43,2026-09-02,2108,N21,VIIRS,n,2.0NRT,292.98,13.36,N,VIIRS_NOAA21_NRT,4.875096774193549,155,,174.04584193531306,Abnormal Increase,0,0.54,ArcelorMittal Nippon Steel India,1,378.03,0,0.85,1,Industrial,0,1,174.04584193531306,2.27,0,1,1,0,70.0,1,45.81,Gas Flare,55,MEDIUM
29.47757,76.85374,367.0,0.37,0.58,2026-09-03,2002,N20,VIIRS,h,2.0NRT,288.83,9.46,N,VIIRS_NOAA20_NRT,3.8878571428571425,28,,143.32169759323907,Abnormal Increase,0,14.35,Panipat IOCL Refinery,0,106.73,0,2.68,1,Cropland / Agriculture,3,1,143.32169759323907,1.94,0,1,1,0,95.0,1,78.17000000000002,Gas Flare,40,MEDIUM
12.78816,76.8565,337.86,0.4,0.37,2026-09-01,809,N20,VIIRS,n,2.0NRT,296.43,9.55,D,VIIRS_NOAA20_NRT,9.55,1,,0.0,Single Historical Detection,0,16.36,NSL Sugar,0,76.43,0,109.23,0,Forest / Woodland,2,1,0.0,0.91,0,0,0,0,70.0,0,41.43000000000001,Agricultural Burning,0,LOW
20.96309,85.18516,332.56,0.53,0.5,2026-08-27,807,N20,VIIRS,n,2.0NRT,291.41,9.71,D,VIIRS_NOAA20_NRT,3.6863736263736255,91,,163.40249210039954,Abnormal Increase,0,5.25,NTPC Talcher Thermal Power,0,3.9,1,159.01,0,Mining,1,1,163.40249210039954,2.07,0,1,1,0,70.0,0,41.14999999999998,Mining Activity,15,LOW
22.06686,88.12373,330.36,0.65,0.73,2026-08-13,2042,N21,VIIRS,n,2.0NRT,284.05,9.21,N,VIIRS_NOAA21_NRT,4.386363636363636,22,,109.9689119170985,Abnormal Increase,0,5.03,Haldia Port Industrial Area,0,255.07,0,8.15,0,Other,4,1,109.9689119170985,1.71,0,1,1,0,70.0,1,46.31,Other Thermal Event,30,LOW
23.64585,85.43987,332.83,0.42,0.46,2026-08-22,703,N21,VIIRS,n,2.0NRT,289.32,8.73,D,VIIRS_NOAA21_NRT,3.0220454545454554,44,,188.87719034368646,Abnormal Increase,0,2.3,Unnamed Industrial Feature,1,48.56,0,208.22,0,Other,4,1,188.87719034368646,2.17,0,1,1,0,70.0,0,43.50999999999999,Industrial Fire,30,LOW
9.53326,78.18642,344.34,0.42,0.45,2026-08-28,828,N21,VIIRS,n,2.0NRT,307.81,11.28,D,VIIRS_NOAA21_NRT,9.594999999999999,2,,17.561229807191253,Persistent / Stable,0,43.62,Tourist bus parking,0,111.78,0,165.68,0,Other,4,1,17.561229807191253,1.06,0,0,1,0,70.0,0,36.52999999999997,Agricultural Burning,0,LOW
15.2055,77.16421,342.71,0.48,0.4,2026-08-22,758,N20,VIIRS,n,2.0NRT,297.27,11.1,D,VIIRS_NOAA20_NRT,10.046666666666667,3,,10.484406104844055,Persistent / Stable,0,21.29,Loco Shed,0,26.92,0,257.57,0,Cropland / Agriculture,3,1,10.484406104844055,1.0,0,0,1,0,70.0,0,45.44,Agricultural Burning,0,LOW
9.17588,77.52955,333.67,0.55,0.43,2026-09-07,756,N20,VIIRS,n,2.0NRT,299.97,8.74,D,VIIRS_NOAA20_NRT,8.74,1,,0.0,Single Historical Detection,0,24.26,India Cements Sankarnagar,0,62.18,0,92.38,0,Other,4,1,0.0,0.9,0,0,0,0,70.0,0,33.69999999999999,Agricultural Burning,0,LOW
9.63564,77.72035,339.18,0.39,0.36,2026-09-06,816,N20,VIIRS,n,2.0NRT,305.4,8.97,D,VIIRS_NOAA20_NRT,8.97,1,,0.0,Single Historical Detection,0,29.43,Unnamed Industrial Feature,0,60.43,0,118.68,0,Other,4,1,0.0,0.9,0,0,0,0,70.0,0,33.78000000000003,Agricultural Burning,0,LOW
11.33965,79.0102,340.85,0.39,0.36,2026-09-01,809,N20,VIIRS,n,2.0NRT,309.77,8.93,D,VIIRS_NOAA20_NRT,8.93,1,,0.0,Single Historical Detection,0,23.85,Ramco Cements,0,94.29,0,111.13,0,Cropland / Agriculture,3,1,0.0,0.9,0,0,0,0,70.0,0,31.08000000000004,Agricultural Burning,0,LOW
23.67783,86.39777,338.05,0.38,0.36,2026-08-21,722,N21,VIIRS,n,2.0NRT,296.2,8.01,D,VIIRS_NOAA21_NRT,3.0147826086956524,92,,165.69079896163828,Abnormal Increase,0,3.61,Unnamed Industrial Feature,0,4.68,1,197.95,0,Other,4,1,165.69079896163828,2.0,0,1,1,0,70.0,0,41.85000000000002,Mining Activity,15,LOW
10.77498,78.64761,339.35,0.64,0.72,2026-09-01,714,N21,VIIRS,n,2.0NRT,298.22,9.28,D,VIIRS_NOAA21_NRT,6.0962499999999995,8,,52.22472831658806,Abnormal Increase,0,4.9,Unnamed Industrial Feature,0,163.35,0,130.79,0,Cropland / Agriculture,3,1,52.22472831658806,1.31,0,0,1,0,70.0,0,41.129999999999995,Other Thermal Event,20,LOW
8.81242,78.05347,342.91,0.42,0.38,2026-09-03,816,N21,VIIRS,n,2.0NRT,305.82,8.02,D,VIIRS_NOAA21_NRT,8.02,1,,0.0,Single Historical Detection,0,10.57,SPIC Tuticorin Fertilizers,0,131.28,0,158.29,0,Other,4,1,0.0,0.89,0,0,0,0,70.0,0,37.09000000000003,Agricultural Burning,0,LOW
10.55074,79.59185,339.79,0.51,0.41,2026-08-18,816,N21,VIIRS,n,2.0NRT,303.18,9.65,D,VIIRS_NOAA21_NRT,9.65,1,,0.0,Single Historical Detection,0,19.75,Majestic Lumber Mill,0,134.86,0,36.66,0,Cropland / Agriculture,3,1,0.0,0.91,0,0,0,0,70.0,0,36.610000000000014,Agricultural Burning,0,LOW
13.97903,77.95586,338.88,0.56,0.43,2026-09-08,824,N21,VIIRS,n,2.0NRT,307.37,17.1,D,VIIRS_NOAA21_NRT,17.1,1,,0.0,Single Historical Detection,0,67.92,Chikkaballapura Industrial Area,0,115.31,0,111.13,0,Cropland / Agriculture,3,1,0.0,0.94,0,0,0,0,70.0,0,31.50999999999999,Forest / Wildfire,15,LOW
8.88104,77.79141,346.42,0.41,0.37,2026-08-18,816,N21,VIIRS,n,2.0NRT,309.68,14.99,D,VIIRS_NOAA21_NRT,5.8325000000000005,4,,157.00814402057432,Abnormal Increase,0,26.68,India Cements Sankarnagar,0,105.78,0,128.64,0,Other,4,1,157.00814402057432,2.19,0,1,1,0,70.0,0,36.74000000000001,Forest / Wildfire,40,MEDIUM
20.86294,84.99312,332.71,0.42,0.38,2026-09-05,741,N21,VIIRS,n,2.0NRT,300.19,9.04,D,VIIRS_NOAA21_NRT,3.152708333333333,48,,186.73759333906034,Abnormal Increase,0,1.51,Angul Steel Plant,1,25.48,0,152.95,0,Industrial,0,1,186.73759333906034,2.18,0,1,1,0,70.0,0,32.51999999999998,Industrial Fire,45,MEDIUM
10.09586,77.89691,340.86,0.55,0.51,2026-09-05,737,N21,VIIRS,n,2.0NRT,299.51,9.09,D,VIIRS_NOAA21_NRT,11.285,2,,-19.450598139122732,Persistent / Stable,0,29.83,TNSTC Ponmeni Bus depot,0,96.37,0,136.71,0,Cropland / Agriculture,3,1,-19.450598139122732,0.74,0,0,1,0,70.0,0,41.35000000000002,Agricultural Burning,0,LOW
14.74564,79.71235,336.25,0.53,0.42,2026-09-05,739,N21,VIIRS,n,2.0NRT,305.58,10.25,D,VIIRS_NOAA21_NRT,7.03,2,,45.803698435277376,Persistent / Stable,0,50.58,Fodd Corporation of India Godowns,0,182.27,0,184.99,0,Cropland / Agriculture,3,1,45.803698435277376,1.28,0,0,1,0,70.0,0,30.670000000000016,Agricultural Burning,0,LOW
12.47741,78.93455,342.01,0.41,0.45,2026-09-08,824,N21,VIIRS,n,2.0NRT,301.35,16.2,D,VIIRS_NOAA21_NRT,16.2,1,,0.0,Single Historical Detection,0,51.98,Unnamed Industrial Feature,0,121.26,0,130.71,0,Cropland / Agriculture,3,1,0.0,0.94,0,0,0,0,70.0,0,40.65999999999997,Forest / Wildfire,15,LOW
9.44579,77.66801,351.06,0.54,0.42,2026-08-30,750,N21,VIIRS,n,2.0NRT,297.64,17.27,D,VIIRS_NOAA21_NRT,11.603750000000002,8,,48.83119681137561,Persistent / Stable,0,8.05,Unnamed Industrial Feature,0,57.53,0,108.01,0,Other,4,1,48.83119681137561,1.37,0,0,1,0,70.0,0,53.420000000000016,Other Thermal Event,20,LOW
9.29291,77.32247,336.47,0.57,0.43,2026-08-22,756,N20,VIIRS,n,2.0NRT,293.93,11.93,D,VIIRS_NOAA20_NRT,10.375,4,,14.987951807228914,Persistent / Stable,0,35.69,Unnamed Industrial Feature,0,38.84,0,68.74,0,Other,4,1,14.987951807228914,1.05,0,0,1,0,70.0,0,42.54000000000002,Agricultural Burning,0,LOW
8.50197,77.86375,339.94,0.41,0.37,2026-08-18,816,N21,VIIRS,l,2.0NRT,311.27,14.87,D,VIIRS_NOAA21_NRT,14.87,1,,0.0,Single Historical Detection,0,46.71,SPIC Tuticorin Fertilizers,0,105.98,0,155.44,0,Other,4,1,0.0,0.94,0,0,0,0,30.0,0,28.670000000000016,Forest / Wildfire,5,LOW
9.48396,78.08734,343.99,0.42,0.45,2026-08-17,750,N20,VIIRS,n,2.0NRT,295.37,9.93,D,VIIRS_NOAA20_NRT,9.93,1,,0.0,Single Historical Detection,0,40.83,Unnamed Industrial Feature,0,101.55,0,154.12,0,Other,4,1,0.0,0.91,0,0,0,0,70.0,0,48.620000000000005,Agricultural Burning,0,LOW
16.58618,80.65712,367.0,0.47,0.64,2026-08-11,707,N21,VIIRS,h,2.0NRT,290.45,12.48,D,VIIRS_NOAA21_NRT,9.2,3,,35.6521739130435,Persistent / Stable,0,6.72,Milk Factory,0,376.39,0,175.14,0,Cropland / Agriculture,3,1,35.6521739130435,1.22,0,0,1,0,95.0,0,76.55000000000001,Agricultural Burning,20,LOW
17.5076,82.95037,367.0,0.39,0.36,2026-08-20,739,N21,VIIRS,h,2.0NRT,299.58,17.21,D,VIIRS_NOAA21_NRT,11.486666666666666,3,,49.82588508415555,Persistent / Stable,0,34.71,Visakhapatnam Steel Plant RINL,0,319.64,0,42.83,0,Other,4,1,49.82588508415555,1.38,0,0,1,0,95.0,0,67.42000000000002,Agricultural Burning,20,LOW
21.10691,72.6467,353.0,0.39,0.36,2026-09-03,820,N21,VIIRS,n,2.0NRT,303.51,9.19,D,VIIRS_NOAA21_NRT,4.875096774193549,155,,88.50907839712028,Abnormal Increase,0,0.45,ArcelorMittal Nippon Steel India,1,377.84,0,1.04,1,Industrial,0,1,88.50907839712028,1.56,0,0,1,0,70.0,0,49.49000000000001,Gas Flare,35,LOW
8.87058,77.64359,367.0,0.49,0.65,2026-08-18,729,N20,VIIRS,h,2.0NRT,297.1,8.71,D,VIIRS_NOAA20_NRT,8.71,1,,0.0,Single Historical Detection,0,13.39,India Cements Sankarnagar,0,91.52,0,114.08,0,Other,4,1,0.0,0.9,0,0,0,0,95.0,0,69.89999999999998,Agricultural Burning,5,LOW
8.34184,77.54288,343.41,0.46,0.39,2026-08-31,828,N20,VIIRS,n,2.0NRT,302.56,8.3,D,VIIRS_NOAA20_NRT,8.3,1,,0.0,Single Historical Detection,0,44.36,Madura Coats,0,72.86,0,140.75,0,Other,4,1,0.0,0.89,0,0,0,0,70.0,0,40.85000000000002,Agricultural Burning,0,LOW
10.55287,77.33337,340.8,0.47,0.4,2026-09-08,822,N21,VIIRS,l,2.0NRT,312.49,9.0,D,VIIRS_NOAA21_NRT,9.0,1,,0.0,Single Historical Detection,0,47.58,Unnamed Industrial Feature,0,106.57,0,59.57,0,Cropland / Agriculture,3,1,0.0,0.9,0,0,0,0,30.0,0,28.310000000000002,Agricultural Burning,0,LOW
9.53198,77.44591,338.6,0.59,0.53,2026-08-10,2055,N20,VIIRS,n,2.0NRT,290.4,10.75,N,VIIRS_NOAA20_NRT,3.344,10,,221.47129186602874,Abnormal Increase,0,30.98,Unnamed Industrial Feature,0,31.43,0,86.49,0,Other,4,1,221.47129186602874,2.47,0,1,1,0,70.0,1,48.200000000000045,Other Thermal Event,30,LOW
10.04896,78.97438,339.72,0.59,0.53,2026-08-31,731,N21,VIIRS,n,2.0NRT,301.32,8.45,D,VIIRS_NOAA21_NRT,8.45,1,,0.0,Single Historical Detection,0,77.82,Masfab Engineering Technology,0,203.7,0,124.27,0,Cropland / Agriculture,3,1,0.0,0.89,0,0,0,0,70.0,0,38.400000000000034,Agricultural Burning,0,LOW
11.00253,77.12383,346.08,0.38,0.43,2026-09-05,835,N20,VIIRS,n,2.0NRT,306.55,10.19,D,VIIRS_NOAA20_NRT,11.835,2,,-13.89945078158007,Persistent / Stable,0,5.44,Indian Oil Depot,0,98.81,0,5.44,0,Cropland / Agriculture,3,1,-13.89945078158007,0.79,0,0,1,0,70.0,0,39.52999999999997,Agricultural Burning,0,LOW
14.21716,78.06883,346.62,0.47,0.4,2026-08-10,822,N20,VIIRS,n,2.0NRT,299.61,10.0,D,VIIRS_NOAA20_NRT,8.525,2,,17.30205278592375,Persistent / Stable,0,97.03,Chikkaballapura Industrial Area,0,144.45,0,139.06,0,Cropland / Agriculture,3,1,17.30205278592375,1.05,0,0,1,0,70.0,0,47.00999999999999,Agricultural Burning,0,LOW
15.99041,76.83838,341.63,0.42,0.61,2026-08-10,729,N21,VIIRS,n,2.0NRT,287.11,10.14,D,VIIRS_NOAA21_NRT,5.976666666666667,3,,69.65978806469604,Abnormal Increase,0,49.71,Unnamed Industrial Feature,0,93.86,0,258.19,0,Forest / Woodland,2,1,69.65978806469604,1.45,0,0,1,0,70.0,0,54.51999999999998,Agricultural Burning,10,LOW
9.98763,77.44791,351.24,0.46,0.47,2026-09-02,750,N20,VIIRS,n,2.0NRT,304.93,13.21,D,VIIRS_NOAA20_NRT,9.505,2,,38.97948448185166,Persistent / Stable,0,38.27,Kannan Devan Tea Factory,0,52.05,0,107.69,0,Other,4,1,38.97948448185166,1.26,0,0,1,0,70.0,0,46.31,Agricultural Burning,10,LOW
29.47475,76.85314,367.0,0.37,0.58,2026-09-03,2002,N20,VIIRS,h,2.0NRT,288.75,8.36,N,VIIRS_NOAA20_NRT,6.892121212121212,33,,21.297924727400634,Persistent / Stable,0,14.18,Panipat IOCL Refinery,0,106.46,0,2.65,1,Cropland / Agriculture,3,1,21.297924727400634,1.06,0,0,1,0,95.0,1,78.25,Gas Flare,20,LOW
22.06039,88.12177,367.0,0.65,0.73,2026-08-13,2042,N21,VIIRS,h,2.0NRT,284.21,17.81,N,VIIRS_NOAA21_NRT,4.342173913043478,23,,310.16321217582856,Abnormal Increase,0,4.8,Haldia Port Industrial Area,0,255.47,0,7.59,0,Other,4,1,310.16321217582856,3.33,0,1,1,0,95.0,1,82.79000000000002,Industrial Fire,60,MEDIUM
23.68237,86.39584,333.83,0.52,0.42,2026-09-05,741,N21,VIIRS,n,2.0NRT,298.26,8.94,D,VIIRS_NOAA21_NRT,3.0147826086956524,92,,196.5387943466974,Abnormal Increase,0,4.06,Unnamed Industrial Feature,0,4.46,1,197.42,0,Other,4,1,196.5387943466974,2.23,0,1,1,0,70.0,0,35.56999999999999,Mining Activity,15,LOW
11.35102,77.54483,340.72,0.42,0.38,2026-08-18,816,N21,VIIRS,n,2.0NRT,303.19,8.73,D,VIIRS_NOAA21_NRT,8.73,1,,0.0,Single Historical Detection,0,12.64,SIPCOT Perundurai,0,143.43,0,49.66,0,Cropland / Agriculture,3,1,0.0,0.9,0,0,0,0,70.0,0,37.53000000000003,Agricultural Burning,0,LOW
15.90596,79.6264,337.02,0.42,0.38,2026-09-01,809,N20,VIIRS,n,2.0NRT,302.4,16.99,D,VIIRS_NOAA20_NRT,16.99,2,,0.0,Persistent / Stable,0,27.83,kummitha's farm,0,301.89,0,198.46,0,Cropland / Agriculture,3,1,0.0,0.94,0,0,1,0,70.0,0,34.620000000000005,Forest / Wildfire,15,LOW
11.1039,77.41711,342.02,0.39,0.36,2026-09-06,816,N20,VIIRS,n,2.0NRT,307.69,8.8,D,VIIRS_NOAA20_NRT,8.8,1,,0.0,Single Historical Detection,0,8.45,Unnamed Industrial Feature,0,128.87,0,36.71,0,Cropland / Agriculture,3,1,0.0,0.9,0,0,0,0,70.0,0,34.329999999999984,Agricultural Burning,0,LOW
8.74016,78.05225,338.98,0.42,0.37,2026-08-18,816,N21,VIIRS,l,2.0NRT,310.04,8.91,D,VIIRS_NOAA21_NRT,8.91,1,,0.0,Single Historical Detection,0,13.41,SPIC Tuticorin Fertilizers,0,129.45,0,161.06,0,Other,4,1,0.0,0.9,0,0,0,0,30.0,0,28.939999999999998,Agricultural Burning,0,LOW
10.79064,79.03044,339.71,0.48,0.4,2026-08-18,816,N21,VIIRS,n,2.0NRT,305.43,12.0,D,VIIRS_NOAA21_NRT,12.0,1,,0.0,Single Historical Detection,0,10.26,Central Warehouse Corporation,0,133.64,0,89.0,0,Cropland / Agriculture,3,1,0.0,0.92,0,0,0,0,70.0,0,34.27999999999997,Agricultural Burning,5,LOW
20.96565,86.00595,333.88,0.51,0.66,2026-09-06,2049,N20,VIIRS,n,2.0NRT,285.75,11.28,N,VIIRS_NOAA20_NRT,3.8306521739130432,46,,194.46682935134217,Abnormal Increase,0,0.72,TATA Steel,1,81.63,0,99.31,0,Industrial,0,1,194.46682935134217,2.34,0,1,1,0,70.0,1,48.129999999999995,Industrial Fire,45,MEDIUM
14.04673,79.23515,335.94,0.63,0.54,2026-08-10,729,N21,VIIRS,n,2.0NRT,296.23,8.01,D,VIIRS_NOAA21_NRT,9.075,2,,-11.73553719008264,Persistent / Stable,0,43.38,TTD Transport Yard,0,149.35,0,148.47,0,Cropland / Agriculture,3,1,-11.73553719008264,0.8,0,0,1,0,70.0,0,39.70999999999998,Agricultural Burning,0,LOW
22.35975,82.30282,333.19,0.36,0.58,2026-08-26,824,N20,VIIRS,n,2.0NRT,286.99,8.21,D,VIIRS_NOAA20_NRT,3.82625,24,,114.57040182946751,Abnormal Increase,0,13.61,Bhandhakhar Power Station,0,38.8,0,184.78,0,Forest / Woodland,2,1,114.57040182946751,1.7,0,1,1,0,70.0,0,46.19999999999999,Other Thermal Event,30,LOW
29.90996,74.94939,349.11,0.51,0.41,2026-08-27,2032,N20,VIIRS,n,2.0NRT,300.01,15.45,N,VIIRS_NOAA20_NRT,5.1780952380952385,21,,198.37226411624053,Abnormal Increase,0,28.16,Hindustan Petroleum Oil Depot,0,270.61,0,28.16,0,Cropland / Agriculture,3,1,198.37226411624053,2.5,0,1,1,0,70.0,1,49.10000000000002,Forest / Wildfire,40,MEDIUM
20.79259,85.25351,339.62,0.39,0.44,2026-08-27,709,N21,VIIRS,n,2.0NRT,293.3,11.26,D,VIIRS_NOAA21_NRT,4.179491525423729,59,,169.4107628046555,Abnormal Increase,0,1.5,Tata Steel Meramandali,1,17.85,0,152.6,0,Industrial,0,1,169.4107628046555,2.17,0,1,1,0,70.0,0,46.31999999999999,Industrial Fire,45,MEDIUM
27.24048,88.30505,337.86,0.56,0.69,2026-08-11,625,N20,VIIRS,n,2.0NRT,288.55,8.53,D,VIIRS_NOAA20_NRT,7.526666666666666,3,,13.330380868024797,Persistent / Stable,0,63.82,Powergrid,0,232.16,0,234.91,0,Other,4,1,13.330380868024797,1.0,0,0,1,0,70.0,0,49.31,Agricultural Burning,0,LOW
12.78404,79.31249,338.53,0.44,0.38,2026-08-29,809,N21,VIIRS,n,2.0NRT,300.19,8.47,D,VIIRS_NOAA21_NRT,8.47,1,,0.0,Single Historical Detection,0,17.41,SIPCOT Ranipet Industrial Estate,0,95.59,0,109.96,0,Cropland / Agriculture,3,1,0.0,0.89,0,0,0,0,70.0,0,38.339999999999975,Agricultural Burning,0,LOW
10.43482,77.7946,341.46,0.5,0.41,2026-09-08,822,N21,VIIRS,n,2.0NRT,308.28,9.44,D,VIIRS_NOAA21_NRT,9.44,1,,0.0,Single Historical Detection,0,23.23,Chicken shop,0,114.59,0,102.09,0,Cropland / Agriculture,3,1,0.0,0.9,0,0,0,0,70.0,0,33.18000000000001,Agricultural Burning,0,LOW
8.74219,77.60104,353.29,0.38,0.59,2026-08-19,1947,N20,VIIRS,n,2.0NRT,291.75,11.51,N,VIIRS_NOAA20_NRT,19.433809523809526,21,,-40.77332091837986,Persistent / Stable,0,24.61,India Cements Sankarnagar,0,81.63,0,116.66,0,Other,4,1,-40.77332091837986,0.56,0,0,1,0,70.0,1,61.54000000000002,Other Thermal Event,5,LOW
21.67999,84.03966,332.83,0.4,0.37,2026-08-26,729,N21,VIIRS,l,2.0NRT,296.61,9.21,D,VIIRS_NOAA21_NRT,2.8622222222222224,18,,221.77795031055902,Abnormal Increase,0,6.39,Unnamed Industrial Feature,0,111.07,0,25.11,0,Other,4,1,221.77795031055902,2.38,0,1,1,0,30.0,0,36.21999999999997,Other Thermal Event,20,LOW
10.27256,77.2524,341.4,0.47,0.39,2026-09-08,822,N21,VIIRS,l,2.0NRT,315.02,16.81,D,VIIRS_NOAA21_NRT,7.297499999999999,4,,130.3528605686879,Abnormal Increase,0,23.61,Tata Tea Factory,0,74.44,0,86.05,0,Cropland / Agriculture,3,1,130.3528605686879,2.03,0,1,1,0,30.0,0,26.379999999999995,Forest / Wildfire,30,LOW
14.66532,79.29611,295.26,0.59,0.7,2026-09-02,1928,N21,VIIRS,n,2.0NRT,285.13,8.21,N,VIIRS_NOAA21_NRT,8.21,1,,0.0,Single Historical Detection,0,77.25,Fodd Corporation of India Godowns,0,195.44,0,196.61,0,Cropland / Agriculture,3,1,0.0,0.89,0,0,0,0,70.0,1,10.129999999999995,Agricultural Burning,0,LOW
14.60677,79.58267,345.75,0.58,0.52,2026-08-10,729,N21,VIIRS,n,2.0NRT,298.44,15.23,D,VIIRS_NOAA21_NRT,9.445,2,,61.24933827421917,Abnormal Increase,0,47.67,Fodd Corporation of India Godowns,0,173.93,0,175.96,0,Cropland / Agriculture,3,1,61.24933827421917,1.46,0,0,1,0,70.0,0,47.31,Forest / Wildfire,30,LOW
9.49897,77.57352,344.37,0.38,0.44,2026-08-12,828,N21,VIIRS,n,2.0NRT,306.16,12.36,D,VIIRS_NOAA21_NRT,9.105,2,,35.74958813838549,Persistent / Stable,0,18.05,Unnamed Industrial Feature,0,45.9,0,98.99,0,Other,4,1,35.74958813838549,1.22,0,0,1,0,70.0,0,38.20999999999998,Agricultural Burning,10,LOW
11.62928,76.9966,333.19,0.63,0.72,2026-09-06,720,N21,VIIRS,n,2.0NRT,288.3,10.29,D,VIIRS_NOAA21_NRT,10.29,1,,0.0,Single Historical Detection,0,38.97,Needle Industries,0,95.71,0,45.94,0,Forest / Woodland,2,1,0.0,0.91,0,0,0,0,70.0,0,44.889999999999986,Agricultural Burning,0,LOW
9.06641,77.74824,340.86,0.59,0.53,2026-08-20,737,N21,VIIRS,n,2.0NRT,295.6,13.45,D,VIIRS_NOAA21_NRT,9.483333333333333,3,,41.82776801405976,Persistent / Stable,0,19.04,Unnamed Industrial Feature,0,87.49,0,118.18,0,Other,4,1,41.82776801405976,1.28,0,0,1,0,70.0,0,45.25999999999999,Agricultural Burning,10,LOW
10.51628,77.66093,345.72,0.42,0.37,2026-08-18,816,N21,VIIRS,n,2.0NRT,306.56,8.8,D,VIIRS_NOAA21_NRT,8.8,1,,0.0,Single Historical Detection,0,40.22,Chicken shop,0,114.41,0,85.12,0,Cropland / Agriculture,3,1,0.0,0.9,0,0,0,0,70.0,0,39.160000000000025,Agricultural Burning,0,LOW
23.1795,68.86138,345.87,0.52,0.5,2026-09-06,905,N21,VIIRS,n,2.0NRT,298.93,9.5,D,VIIRS_NOAA21_NRT,8.605,2,,10.400929692039506,Persistent / Stable,0,37.52,Sanghi Cement,0,89.71,0,120.44,0,Other,4,1,10.400929692039506,0.99,0,0,1,0,70.0,0,46.94,Agricultural Burning,0,LOW
22.0589,88.1279,304.57,0.65,0.73,2026-08-13,2042,N21,VIIRS,n,2.0NRT,283.94,10.63,N,VIIRS_NOAA21_NRT,4.386363636363636,22,,142.34196891191715,Abnormal Increase,0,5.44,Haldia Port Industrial Area,0,256.02,0,8.07,0,Other,4,1,142.34196891191715,1.97,0,1,1,0,70.0,1,20.629999999999995,Other Thermal Event,30,LOW
14.82782,79.30177,314.69,0.74,0.76,2026-08-20,1928,N20,VIIRS,n,2.0NRT,281.43,8.66,N,VIIRS_NOAA20_NRT,6.194999999999999,4,,39.790153349475396,Persistent / Stable,0,85.22,COW Farm,0,210.23,0,211.75,0,Cropland / Agriculture,3,1,39.790153349475396,1.2,0,0,1,0,70.0,1,33.25999999999999,Agricultural Burning,0,LOW
14.04347,79.23308,334.18,0.63,0.54,2026-08-10,729,N21,VIIRS,n,2.0NRT,296.34,10.14,D,VIIRS_NOAA21_NRT,9.075,2,,11.73553719008266,Persistent / Stable,0,43.1,TTD Transport Yard,0,149.3,0,148.4,0,Cropland / Agriculture,3,1,11.73553719008266,1.01,0,0,1,0,70.0,0,37.84000000000003,Agricultural Burning,0,LOW
23.69127,87.12198,331.33,0.41,0.37,2026-08-10,731,N21,VIIRS,n,2.0NRT,297.12,8.44,D,VIIRS_NOAA21_NRT,2.8396363636363633,55,,197.22115507747472,Abnormal Increase,0,0.28,Unnamed Industrial Feature,1,71.34,0,208.57,0,Industrial,0,1,197.22115507747472,2.2,0,1,1,0,70.0,0,34.20999999999998,Industrial Fire,45,MEDIUM
22.79004,86.20013,335.59,0.42,0.38,2026-08-16,716,N21,VIIRS,l,2.0NRT,295.98,8.88,D,VIIRS_NOAA21_NRT,2.479821428571429,56,,258.0903002808382,Abnormal Increase,0,0.56,Tata Steel,1,100.14,0,209.07,0,Industrial,0,1,258.0903002808382,2.55,0,1,1,0,30.0,0,39.60999999999996,Industrial Fire,45,MEDIUM
16.01146,80.31809,339.73,0.54,0.42,2026-08-21,816,N20,VIIRS,n,2.0NRT,300.01,10.58,D,VIIRS_NOAA20_NRT,10.58,1,,0.0,Single Historical Detection,0,20.07,"ITC Ltd., ILTD Division",0,310.75,0,230.73,0,Cropland / Agriculture,3,1,0.0,0.91,0,0,0,0,70.0,0,39.72000000000003,Agricultural Burning,0,LOW
21.10428,72.64712,347.97,0.43,0.46,2026-08-30,850,N20,VIIRS,n,2.0NRT,298.8,9.54,D,VIIRS_NOAA20_NRT,4.875096774193549,155,,95.68842305859928,Abnormal Increase,0,0.71,ArcelorMittal Nippon Steel India,1,378.11,0,0.88,1,Industrial,0,1,95.68842305859928,1.62,0,0,1,0,70.0,0,49.170000000000016,Gas Flare,35,LOW
23.67569,86.39914,332.68,0.47,0.4,2026-08-11,709,N21,VIIRS,l,2.0NRT,298.43,13.01,D,VIIRS_NOAA21_NRT,3.0412222222222227,90,,327.78853531109564,Abnormal Increase,0,3.36,Unnamed Industrial Feature,0,4.85,1,198.21,0,Other,4,1,327.78853531109564,3.22,0,1,1,0,30.0,0,34.25,Industrial Fire,40,MEDIUM
11.12323,78.68747,341.71,0.47,0.39,2026-08-18,816,N21,VIIRS,n,2.0NRT,304.01,11.37,D,VIIRS_NOAA21_NRT,8.803333333333333,3,,29.155622870124954,Persistent / Stable,0,35.1,Trichy Steel Company,0,136.81,0,132.42,0,Cropland / Agriculture,3,1,29.155622870124954,1.16,0,0,1,0,70.0,0,37.69999999999999,Agricultural Burning,0,LOW
9.85865,78.18647,337.09,0.43,0.38,2026-09-03,816,N21,VIIRS,n,2.0NRT,302.06,9.4,D,VIIRS_NOAA21_NRT,6.11,2,,53.84615384615385,Abnormal Increase,0,11.08,Tourist bus parking,0,114.85,0,175.16,0,Other,4,1,53.84615384615385,1.32,0,0,1,0,70.0,0,35.02999999999997,Agricultural Burning,10,LOW
16.03253,78.70424,338.63,0.44,0.39,2026-08-29,811,N21,VIIRS,n,2.0NRT,298.3,8.58,D,VIIRS_NOAA21_NRT,8.58,1,,0.0,Single Historical Detection,0,32.71,Unnamed Industrial Feature,0,214.82,0,158.96,0,Cropland / Agriculture,3,1,0.0,0.9,0,0,0,0,70.0,0,40.329999999999984,Agricultural Burning,0,LOW
9.21627,78.64738,335.65,0.45,0.39,2026-09-03,816,N21,VIIRS,n,2.0NRT,302.15,11.12,D,VIIRS_NOAA21_NRT,5.69,5,,95.4305799648506,Abnormal Increase,0,70.72,SPIC Tuticorin Fertilizers,0,167.84,0,214.32,0,Other,4,1,95.4305799648506,1.66,0,0,1,0,70.0,0,33.5,Agricultural Burning,10,LOW
11.02627,77.50809,338.93,0.49,0.4,2026-09-08,822,N21,VIIRS,n,2.0NRT,308.69,8.94,D,VIIRS_NOAA21_NRT,8.94,1,,0.0,Single Historical Detection,0,18.75,Unnamed Industrial Feature,0,139.67,0,46.59,0,Cropland / Agriculture,3,1,0.0,0.9,0,0,0,0,70.0,0,30.24000000000001,Agricultural Burning,0,LOW
9.11347,77.46972,367.0,0.51,0.66,2026-09-01,854,N21,VIIRS,h,2.0NRT,299.16,9.51,D,VIIRS_NOAA21_NRT,9.51,1,,0.0,Single Historical Detection,0,17.99,Unnamed Industrial Feature,0,64.09,0,87.2,0,Other,4,1,0.0,0.9,0,0,0,0,95.0,0,67.83999999999997,Agricultural Burning,5,LOW
23.04588,70.13788,338.51,0.39,0.36,2026-09-08,826,N21,VIIRS,n,2.0NRT,301.42,13.02,D,VIIRS_NOAA21_NRT,13.02,1,,0.0,Single Historical Detection,0,0.43,Unnamed Industrial Feature,1,45.67,0,63.69,0,Industrial,0,1,0.0,0.93,0,0,0,0,70.0,0,37.089999999999975,Other Thermal Event,30,LOW
10.87593,77.97946,344.35,0.43,0.46,2026-09-05,835,N20,VIIRS,n,2.0NRT,302.68,10.19,D,VIIRS_NOAA20_NRT,10.19,1,,0.0,Single Historical Detection,0,19.7,TNPL Paper Mill,0,166.5,0,99.51,0,Cropland / Agriculture,3,1,0.0,0.91,0,0,0,0,70.0,0,41.670000000000016,Agricultural Burning,0,LOW
13.49751,79.59806,334.53,0.56,0.43,2026-08-10,822,N20,VIIRS,n,2.0NRT,298.72,8.33,D,VIIRS_NOAA20_NRT,15.41,2,,-45.944192083062944,Persistent / Stable,0,33.02,TTD Transport Yard,0,83.8,0,81.59,0,Cropland / Agriculture,3,1,-45.944192083062944,0.51,0,0,1,0,70.0,0,35.809999999999945,Agricultural Burning,0,LOW
9.38032,77.60553,345.29,0.38,0.44,2026-08-12,828,N21,VIIRS,n,2.0NRT,308.58,13.05,D,VIIRS_NOAA21_NRT,8.175,2,,59.63302752293578,Abnormal Increase,0,8.05,Unnamed Industrial Feature,0,54.08,0,100.28,0,Other,4,1,59.63302752293578,1.42,0,0,1,0,70.0,0,36.710000000000036,Agricultural Burning,20,LOW
21.10192,72.63627,339.66,0.39,0.36,2026-09-03,820,N21,VIIRS,n,2.0NRT,300.92,9.64,D,VIIRS_NOAA21_NRT,4.875096774193549,155,,97.73966439045046,Abnormal Increase,0,0.24,Hazira Industrial Complex SURAT,1,378.69,0,0.34,1,Industrial,0,1,97.73966439045046,1.64,0,0,1,0,70.0,0,38.74000000000001,Gas Flare,35,LOW
9.91635,78.2001,341.27,0.52,0.41,2026-08-23,822,N21,VIIRS,n,2.0NRT,302.38,14.59,D,VIIRS_NOAA21_NRT,10.910000000000002,3,,33.730522456461934,Persistent / Stable,0,10.46,Tourist bus parking,0,117.99,0,173.9,0,Other,4,1,33.730522456461934,1.23,0,0,1,0,70.0,0,38.889999999999986,Agricultural Burning,10,LOW
10.80177,77.80022,340.26,0.39,0.36,2026-09-06,816,N20,VIIRS,n,2.0NRT,305.63,10.41,D,VIIRS_NOAA20_NRT,9.955,2,,4.570567553992969,Persistent / Stable,0,35.16,TNPL Paper Mill,0,149.59,0,82.43,0,Cropland / Agriculture,3,1,4.570567553992969,0.95,0,0,1,0,70.0,0,34.629999999999995,Agricultural Burning,0,LOW
12.097,77.06121,342.82,0.36,0.58,2026-09-08,737,N20,VIIRS,n,2.0NRT,309.05,8.86,D,VIIRS_NOAA20_NRT,9.873333333333333,3,,-10.263335584064825,Persistent / Stable,0,29.61,Unnamed Industrial Feature,0,112.18,0,96.49,0,Cropland / Agriculture,3,1,-10.263335584064825,0.81,0,0,1,0,70.0,0,33.76999999999998,Agricultural Burning,0,LOW
22.3779,87.28001,343.35,0.41,0.37,2026-08-10,729,N21,VIIRS,n,2.0NRT,298.33,9.22,D,VIIRS_NOAA21_NRT,3.9493103448275866,58,,133.45848249366978,Abnormal Increase,0,0.96,Unnamed Industrial Feature,1,173.36,0,89.18,0,Industrial,0,1,133.45848249366978,1.86,0,1,1,0,70.0,0,45.02000000000004,Industrial Fire,45,MEDIUM
23.67726,86.39882,333.07,0.56,0.43,2026-09-07,703,N21,VIIRS,n,2.0NRT,294.53,9.66,D,VIIRS_NOAA21_NRT,3.0147826086956524,92,,220.4211133544851,Abnormal Increase,0,3.48,Unnamed Industrial Feature,0,4.79,1,198.03,0,Other,4,1,220.4211133544851,2.41,0,1,1,0,70.0,0,38.54000000000002,Industrial Fire,30,LOW
15.80123,79.52772,340.5,0.49,0.4,2026-08-21,816,N20,VIIRS,n,2.0NRT,305.68,14.67,D,VIIRS_NOAA20_NRT,14.67,1,,0.0,Single Historical Detection,0,33.19,kummitha's farm,0,288.68,0,204.02,0,Cropland / Agriculture,3,1,0.0,0.94,0,0,0,0,70.0,0,34.81999999999999,Forest / Wildfire,15,LOW
8.84148,77.70094,352.84,0.41,0.6,2026-09-04,852,N20,VIIRS,n,2.0NRT,300.24,8.48,D,VIIRS_NOAA20_NRT,8.799999999999999,3,,-3.6363636363636194,Persistent / Stable,0,20.16,India Cements Sankarnagar,0,95.87,0,121.16,0,Other,4,1,-3.6363636363636194,0.87,0,0,1,0,70.0,0,52.599999999999966,Agricultural Burning,0,LOW
13.21113,78.82519,335.3,0.5,0.41,2026-08-10,822,N20,VIIRS,n,2.0NRT,299.9,9.5,D,VIIRS_NOAA20_NRT,9.5,2,,0.0,Persistent / Stable,0,62.91,SIPCOT Ranipet Industrial Estate,0,138.95,0,108.81,0,Cropland / Agriculture,3,1,0.0,0.9,0,0,1,0,70.0,0,35.400000000000034,Agricultural Burning,0,LOW
15.75647,79.76901,354.72,0.54,0.51,2026-08-10,729,N21,VIIRS,n,2.0NRT,298.73,12.35,D,VIIRS_NOAA21_NRT,5.555,4,,122.32223222322234,Abnormal Increase,0,6.98,kummitha's farm,0,288.6,0,220.48,0,Cropland / Agriculture,3,1,122.32223222322234,1.88,0,1,1,0,70.0,0,55.99000000000001,Other Thermal Event,40,MEDIUM
15.18146,76.66666,332.37,0.54,0.51,2026-09-05,739,N21,VIIRS,n,2.0NRT,300.59,8.52,D,VIIRS_NOAA21_NRT,2.450132743362832,226,,247.73626135481183,Abnormal Increase,0,21.53,Food Corporation of India,0,23.69,0,267.16,0,Forest / Woodland,2,1,247.73626135481183,2.47,0,1,1,0,70.0,0,31.78000000000003,Other Thermal Event,30,LOW
9.12011,77.84572,343.81,0.54,0.42,2026-08-14,750,N21,VIIRS,n,2.0NRT,302.12,11.29,D,VIIRS_NOAA21_NRT,8.424999999999999,2,,34.0059347181009,Persistent / Stable,0,7.59,Unnamed Industrial Feature,0,91.88,0,127.62,0,Other,4,1,34.0059347181009,1.2,0,0,1,0,70.0,0,41.69,Agricultural Burning,0,LOW
10.95573,78.87653,347.12,0.41,0.37,2026-08-29,809,N21,VIIRS,n,2.0NRT,305.99,9.96,D,VIIRS_NOAA21_NRT,9.96,1,,0.0,Single Historical Detection,0,19.32,G M Engineering Industries,0,131.33,0,107.81,0,Cropland / Agriculture,3,1,0.0,0.91,0,0,0,0,70.0,0,41.129999999999995,Agricultural Burning,0,LOW
8.60666,77.96648,345.72,0.79,0.78,2026-09-01,714,N21,VIIRS,n,2.0NRT,293.74,16.02,D,VIIRS_NOAA21_NRT,8.05625,8,,98.85182311869664,Abnormal Increase,0,30.5,SPIC Tuticorin Fertilizers,0,117.85,0,158.97,0,Other,4,1,98.85182311869664,1.77,0,0,1,0,70.0,0,51.98000000000002,Forest / Wildfire,30,LOW
14.66047,79.828,350.57,0.5,0.49,2026-08-15,828,N20,VIIRS,n,2.0NRT,285.43,12.56,D,VIIRS_NOAA20_NRT,5.8675,4,,114.060502769493,Abnormal Increase,0,36.98,Fodd Corporation of India Godowns,0,169.14,0,172.17,0,Cropland / Agriculture,3,1,114.060502769493,1.83,0,1,1,0,70.0,0,65.13999999999999,Agricultural Burning,30,LOW
23.77984,86.21015,338.66,0.51,0.41,2026-08-20,741,N21,VIIRS,n,2.0NRT,298.09,9.99,D,VIIRS_NOAA21_NRT,3.0518750000000003,48,,227.33975015359405,Abnormal Increase,0,7.35,Unnamed Industrial Feature,0,17.67,0,184.27,0,Other,4,1,227.33975015359405,2.47,0,1,1,0,70.0,0,40.57000000000005,Other Thermal Event,30,LOW
15.08348,77.32135,348.9,0.45,0.47,2026-09-05,837,N20,VIIRS,n,2.0NRT,301.12,8.48,D,VIIRS_NOAA20_NRT,8.7525,4,,-3.113396172522126,Persistent / Stable,0,10.95,Loco Shed,0,43.71,0,240.07,0,Cropland / Agriculture,3,1,-3.113396172522126,0.87,0,0,1,0,70.0,0,47.77999999999997,Agricultural Burning,0,LOW
14.66086,75.65631,367.0,0.32,0.54,2026-08-28,746,N20,VIIRS,h,2.0NRT,295.26,12.84,D,VIIRS_NOAA20_NRT,10.354000000000001,5,,24.010044427274472,Persistent / Stable,0,20.16,Harihar Polyfibers & Grasilene Division,0,22.2,0,167.2,0,Forest / Woodland,2,1,24.010044427274472,1.13,0,0,1,0,95.0,0,71.74000000000001,Agricultural Burning,20,LOW
27.95418,95.59555,330.24,0.46,0.47,2026-08-11,712,N21,VIIRS,l,2.0NRT,301.36,13.11,D,VIIRS_NOAA21_NRT,9.325,6,,40.589812332439685,Persistent / Stable,0,55.96,Truck Stand and Weight Bridge,0,623.28,0,62.76,0,Forest / Woodland,2,1,40.589812332439685,1.27,0,0,1,0,30.0,0,28.879999999999995,Other Thermal Event,10,LOW
9.04233,78.01846,339.56,0.49,0.41,2026-09-08,822,N21,VIIRS,l,2.0NRT,310.43,11.21,D,VIIRS_NOAA21_NRT,11.21,1,,0.0,Single Historical Detection,0,21.86,Unnamed Industrial Feature,0,112.37,0,147.79,0,Other,4,1,0.0,0.92,0,0,0,0,30.0,0,29.129999999999995,Agricultural Burning,0,LOW
13.73211,78.2689,337.15,0.41,0.37,2026-08-29,809,N21,VIIRS,n,2.0NRT,304.6,8.58,D,VIIRS_NOAA21_NRT,8.58,1,,0.0,Single Historical Detection,0,68.55,Chikkaballapura Industrial Area,0,110.78,0,94.74,0,Cropland / Agriculture,3,1,0.0,0.9,0,0,0,0,70.0,0,32.549999999999955,Agricultural Burning,0,LOW
12.8281,79.57608,338.2,0.45,0.39,2026-08-29,809,N21,VIIRS,n,2.0NRT,302.42,9.18,D,VIIRS_NOAA21_NRT,9.18,1,,0.0,Single Historical Detection,0,28.95,SIPCOT Ranipet Industrial Estate,0,66.64,0,81.56,0,Cropland / Agriculture,3,1,0.0,0.9,0,0,0,0,70.0,0,35.77999999999997,Agricultural Burning,0,LOW
14.12223,79.97894,342.05,0.56,0.51,2026-08-10,729,N21,VIIRS,n,2.0NRT,298.47,9.56,D,VIIRS_NOAA21_NRT,9.56,1,,0.0,Single Historical Detection,0,25.12,Fodd Corporation of India Godowns,0,107.28,0,110.17,0,Cropland / Agriculture,3,1,0.0,0.91,0,0,0,0,70.0,0,43.579999999999984,Agricultural Burning,0,LOW
14.30592,77.42816,341.86,0.44,0.39,2026-08-10,822,N20,VIIRS,n,2.0NRT,301.54,8.45,D,VIIRS_NOAA20_NRT,6.917692307692308,13,,22.150561547870552,Persistent / Stable,0,96.87,Loco Shed,0,108.61,0,153.61,0,Cropland / Agriculture,3,1,22.150561547870552,1.07,0,0,1,0,70.0,0,40.31999999999999,Other Thermal Event,10,LOW
15.05385,77.10737,337.91,0.51,0.49,2026-09-05,739,N21,VIIRS,n,2.0NRT,301.86,8.26,D,VIIRS_NOAA21_NRT,7.574999999999999,2,,9.04290429042905,Persistent / Stable,0,22.12,Bellary JSW Steel Plant,0,22.78,0,243.4,0,Cropland / Agriculture,3,1,9.04290429042905,0.96,0,0,1,0,70.0,0,36.05000000000001,Agricultural Burning,0,LOW
27.98609,95.93691,333.62,0.39,0.36,2026-09-03,640,N21,VIIRS,n,2.0NRT,298.61,8.26,D,VIIRS_NOAA21_NRT,8.055,2,,2.5450031036623226,Persistent / Stable,0,73.27,Digboi Refinery,0,655.68,0,73.27,0,Forest / Woodland,2,1,2.5450031036623226,0.91,0,0,1,0,70.0,0,35.00999999999999,Agricultural Burning,0,LOW
29.45779,76.86746,324.8,0.49,0.48,2026-08-20,2008,N21,VIIRS,n,2.0NRT,288.1,11.33,N,VIIRS_NOAA21_NRT,11.2725,32,,0.5100909292525989,Persistent / Stable,0,11.91,Panipat IOCL Refinery,0,104.18,0,1.82,1,Cropland / Agriculture,3,1,0.5100909292525989,0.92,0,0,1,0,70.0,1,36.69999999999999,Gas Flare,10,LOW
9.36143,78.66453,340.4,0.41,0.37,2026-08-19,758,N21,VIIRS,l,2.0NRT,303.02,8.62,D,VIIRS_NOAA21_NRT,7.086666666666666,3,,21.636876763875822,Persistent / Stable,0,83.18,SPIC Tuticorin Fertilizers,0,166.21,0,202.82,0,Other,4,1,21.636876763875822,1.07,0,0,1,0,30.0,0,37.379999999999995,Agricultural Burning,0,LOW
11.14715,78.03418,342.27,0.7,0.75,2026-09-01,714,N21,VIIRS,n,2.0NRT,292.94,8.84,D,VIIRS_NOAA21_NRT,10.4575,4,,-15.46736791776237,Persistent / Stable,0,11.31,TNPL Paper Mill,0,195.51,0,101.64,0,Cropland / Agriculture,3,1,-15.46736791776237,0.77,0,0,1,0,70.0,0,49.329999999999984,Agricultural Burning,0,LOW
15.1602,78.27892,330.6,0.53,0.5,2026-09-08,739,N20,VIIRS,n,2.0NRT,296.53,8.58,D,VIIRS_NOAA20_NRT,8.58,1,,0.0,Single Historical Detection,0,79.49,Unnamed Industrial Feature,0,145.85,0,246.28,0,Cropland / Agriculture,3,1,0.0,0.9,0,0,0,0,70.0,0,34.07000000000005,Agricultural Burning,0,LOW
21.10398,72.64554,367.0,0.38,0.59,2026-08-20,741,N21,VIIRS,h,2.0NRT,292.84,12.56,D,VIIRS_NOAA21_NRT,4.875096774193549,155,,157.6359112805039,Abnormal Increase,0,0.68,ArcelorMittal Nippon Steel India,1,378.19,0,0.73,1,Industrial,0,1,157.6359112805039,2.14,0,1,1,0,95.0,0,74.16000000000003,Gas Flare,65,MEDIUM
9.0671,77.75063,345.56,0.59,0.53,2026-08-20,737,N21,VIIRS,n,2.0NRT,295.33,10.05,D,VIIRS_NOAA21_NRT,9.483333333333333,3,,5.975395430579981,Persistent / Stable,0,18.8,Unnamed Industrial Feature,0,87.63,0,118.42,0,Other,4,1,5.975395430579981,0.96,0,0,1,0,70.0,0,50.23000000000002,Agricultural Burning,0,LOW
9.55428,78.28836,348.21,0.39,0.36,2026-08-21,813,N20,VIIRS,n,2.0NRT,310.48,8.67,D,VIIRS_NOAA20_NRT,5.675,2,,52.77533039647577,Abnormal Increase,0,45.09,Tourist bus parking,0,122.79,0,177.09,0,Other,4,1,52.77533039647577,1.3,0,0,1,0,70.0,0,37.72999999999996,Agricultural Burning,10,LOW
17.85695,82.5862,340.58,0.41,0.45,2026-09-06,722,N21,VIIRS,n,2.0NRT,299.03,13.78,D,VIIRS_NOAA21_NRT,13.78,1,,0.0,Single Historical Detection,0,69.58,Visakhapatnam Steel Plant RINL,0,288.29,0,77.19,0,Other,4,1,0.0,0.93,0,0,0,0,70.0,0,41.55000000000001,Agricultural Burning,5,LOW
9.75129,78.01684,343.09,0.44,0.63,2026-09-03,731,N20,VIIRS,n,2.0NRT,297.06,10.6,D,VIIRS_NOAA20_NRT,10.27,2,,3.213242453748784,Persistent / Stable,0,20.62,TNSTC Ponmeni Bus depot,0,94.2,0,153.6,0,Other,4,1,3.213242453748784,0.94,0,0,1,0,70.0,0,46.02999999999997,Agricultural Burning,0,LOW
8.74177,77.40366,340.22,0.62,0.54,2026-09-05,737,N21,VIIRS,n,2.0NRT,301.53,10.53,D,VIIRS_NOAA21_NRT,10.53,1,,0.0,Single Historical Detection,0,5.1,Madura Coats,0,61.54,0,98.87,0,Other,4,1,0.0,0.91,0,0,0,0,70.0,0,38.690000000000055,Agricultural Burning,0,LOW
20.9633,86.00773,348.77,0.47,0.48,2026-09-07,801,N20,VIIRS,n,2.0NRT,296.04,12.26,D,VIIRS_NOAA20_NRT,3.8306521739130432,46,,220.04994041200843,Abnormal Increase,0,0.89,TATA Steel,1,81.81,0,98.99,0,Industrial,0,1,220.04994041200843,2.54,0,1,1,0,70.0,0,52.72999999999996,Industrial Fire,55,MEDIUM
21.75494,83.84254,343.12,0.44,0.46,2026-09-04,801,N21,VIIRS,n,2.0NRT,294.29,8.02,D,VIIRS_NOAA21_NRT,4.770121951219513,82,,68.12987345008304,Abnormal Increase,0,5.32,Unnamed Industrial Feature,0,96.23,0,25.48,0,Other,4,1,68.12987345008304,1.39,0,0,1,0,70.0,0,48.829999999999984,Other Thermal Event,20,LOW
20.95183,86.04603,337.08,0.47,0.4,2026-09-05,741,N21,VIIRS,n,2.0NRT,299.89,11.3,D,VIIRS_NOAA21_NRT,3.505925925925926,27,,222.31143038242132,Abnormal Increase,0,1.1,Duburi Steel Power Plant,1,85.78,0,95.47,0,Industrial,0,1,222.31143038242132,2.51,0,1,1,0,70.0,0,37.19,Industrial Fire,45,MEDIUM
23.67718,86.3996,334.56,0.44,0.39,2026-08-23,739,N20,VIIRS,n,2.0NRT,296.72,8.98,D,VIIRS_NOAA20_NRT,3.0147826086956524,92,,197.86558984713008,Abnormal Increase,0,3.41,Unnamed Industrial Feature,0,4.87,1,198.05,0,Other,4,1,197.86558984713008,2.24,0,1,1,0,70.0,0,37.839999999999975,Industrial Fire,30,LOW
10.22468,77.77197,334.69,0.52,0.41,2026-09-07,756,N20,VIIRS,l,2.0NRT,306.1,8.85,D,VIIRS_NOAA20_NRT,8.85,1,,0.0,Single Historical Detection,0,28.75,Chicken shop,0,95.14,0,116.94,0,Cropland / Agriculture,3,1,0.0,0.9,0,0,0,0,30.0,0,28.589999999999975,Agricultural Burning,0,LOW
8.73922,77.60026,352.24,0.61,0.53,2026-08-20,737,N21,VIIRS,n,2.0NRT,282.23,8.25,D,VIIRS_NOAA21_NRT,19.433809523809526,21,,-57.54821004141041,Persistent / Reduced,0,24.92,India Cements Sankarnagar,0,81.44,0,116.76,0,Other,4,1,-57.54821004141041,0.4,0,0,1,0,70.0,0,70.00999999999999,Other Thermal Event,5,LOW
9.23964,77.81049,339.38,0.44,0.39,2026-08-27,803,N20,VIIRS,l,2.0NRT,303.83,8.89,D,VIIRS_NOAA20_NRT,8.89,1,,0.0,Single Historical Detection,0,9.82,Unnamed Industrial Feature,0,81.35,0,122.44,0,Other,4,1,0.0,0.9,0,0,0,0,30.0,0,35.55000000000001,Agricultural Burning,0,LOW
22.92856,70.10652,343.86,0.39,0.36,2026-08-28,833,N21,VIIRS,n,2.0NRT,308.24,12.98,D,VIIRS_NOAA21_NRT,6.065384615384615,13,,114.00126823081803,Abnormal Increase,0,9.47,Unnamed Industrial Feature,0,50.33,0,50.32,0,Other,4,1,114.00126823081803,1.84,0,1,1,0,70.0,0,35.620000000000005,Other Thermal Event,40,MEDIUM
12.62642,79.35217,343.14,0.46,0.64,2026-09-07,841,N21,VIIRS,n,2.0NRT,293.93,11.39,D,VIIRS_NOAA21_NRT,11.875,2,,-4.084210526315784,Persistent / Stable,0,34.82,SIPCOT Ranipet Industrial Estate,0,96.87,0,113.26,0,Cropland / Agriculture,3,1,-4.084210526315784,0.88,0,0,1,0,70.0,0,49.20999999999998,Agricultural Burning,0,LOW
12.13018,79.65379,342.13,0.54,0.42,2026-08-26,822,N20,VIIRS,n,2.0NRT,302.82,13.42,D,VIIRS_NOAA20_NRT,13.42,1,,0.0,Single Historical Detection,0,21.71,Workshop,0,43.88,0,128.34,0,Cropland / Agriculture,3,1,0.0,0.93,0,0,0,0,70.0,0,39.31,Agricultural Burning,5,LOW
11.21398,78.13076,342.98,0.44,0.38,2026-08-18,816,N21,VIIRS,n,2.0NRT,306.1,13.42,D,VIIRS_NOAA21_NRT,13.42,1,,0.0,Single Historical Detection,0,23.18,TNPL Paper Mill,0,188.03,0,111.75,0,Cropland / Agriculture,3,1,0.0,0.93,0,0,0,0,70.0,0,36.879999999999995,Agricultural Burning,5,LOW
9.09004,77.77312,348.41,0.48,0.4,2026-09-08,822,N21,VIIRS,n,2.0NRT,311.34,10.56,D,VIIRS_NOAA21_NRT,10.56,1,,0.0,Single Historical Detection,0,15.26,Unnamed Industrial Feature,0,87.75,0,120.33,0,Other,4,1,0.0,0.91,0,0,0,0,70.0,0,37.07000000000005,Agricultural Burning,0,LOW
27.87482,96.91916,325.16,0.62,0.71,2026-09-06,544,N21,VIIRS,n,2.0NRT,288.27,9.28,D,VIIRS_NOAA21_NRT,5.928000000000001,5,,56.54520917678809,Abnormal Increase,0,133.19,Unnamed Industrial Feature,0,742.48,0,138.41,0,Forest / Woodland,2,1,56.54520917678809,1.34,0,0,1,0,70.0,0,36.89000000000004,Agricultural Burning,10,LOW
9.41546,77.51305,349.04,0.49,0.65,2026-08-18,731,N20,VIIRS,n,2.0NRT,298.06,8.05,D,VIIRS_NOAA20_NRT,4.6499999999999995,3,,73.11827956989251,Abnormal Increase,0,18.74,Unnamed Industrial Feature,0,43.31,0,90.69,0,Other,4,1,73.11827956989251,1.42,0,0,1,0,70.0,0,50.98000000000002,Agricultural Burning,10,LOW
9.18577,77.78692,337.19,0.57,0.52,2026-08-28,744,N20,VIIRS,n,2.0NRT,298.88,9.06,D,VIIRS_NOAA20_NRT,11.096666666666666,3,,-18.35386001802342,Persistent / Stable,0,9.93,Unnamed Industrial Feature,0,82.39,0,120.3,0,Other,4,1,-18.35386001802342,0.75,0,0,1,0,70.0,0,38.31,Agricultural Burning,0,LOW
17.51089,82.94982,348.7,0.39,0.36,2026-08-20,739,N21,VIIRS,l,2.0NRT,298.49,8.97,D,VIIRS_NOAA21_NRT,11.486666666666666,3,,-21.909460243760876,Persistent / Stable,0,34.55,Visakhapatnam Steel Plant RINL,0,319.28,0,42.69,0,Other,4,1,-21.909460243760876,0.72,0,0,1,0,30.0,0,50.20999999999998,Agricultural Burning,0,LOW
9.99573,77.29134,349.42,0.62,0.54,2026-08-30,845,N20,VIIRS,n,2.0NRT,294.98,9.26,D,VIIRS_NOAA20_NRT,9.26,1,,0.0,Single Historical Detection,0,22.38,Kannan Devan Tea Factory,0,45.12,0,91.05,0,Other,4,1,0.0,0.9,0,0,0,0,70.0,0,54.44,Agricultural Burning,0,LOW
23.55816,87.24094,340.7,0.39,0.44,2026-09-05,741,N21,VIIRS,n,2.0NRT,288.98,9.32,D,VIIRS_NOAA21_NRT,2.9255263157894738,38,,218.5751551677611,Abnormal Increase,0,3.01,Durgapur Steel Plant,0,86.03,0,189.89,0,Other,4,1,218.5751551677611,2.37,0,1,1,0,70.0,0,51.71999999999997,Industrial Fire,30,LOW
19.09773,82.16775,335.87,0.43,0.38,2026-09-08,739,N20,VIIRS,l,2.0NRT,300.91,9.23,D,VIIRS_NOAA20_NRT,2.2891666666666666,36,,303.2034947215144,Abnormal Increase,0,36.99,Unnamed Industrial Feature,0,182.85,0,75.15,0,Forest / Woodland,2,1,303.2034947215144,2.81,0,1,1,0,30.0,0,34.95999999999998,Other Thermal Event,30,LOW
9.10032,78.18219,340.05,0.51,0.41,2026-08-31,828,N20,VIIRS,n,2.0NRT,305.68,12.25,D,VIIRS_NOAA20_NRT,12.25,1,,0.0,Single Historical Detection,0,32.18,SPIC Tuticorin Fertilizers,0,124.6,0,164.51,0,Other,4,1,0.0,0.92,0,0,0,0,70.0,0,34.370000000000005,Agricultural Burning,5,LOW
9.06088,77.72623,352.02,0.39,0.44,2026-09-05,835,N20,VIIRS,n,2.0NRT,304.68,12.33,D,VIIRS_NOAA20_NRT,7.81,3,,57.874519846350836,Abnormal Increase,0,21.22,India Cements Sankarnagar,0,86.19,0,115.96,0,Other,4,1,57.874519846350836,1.4,0,0,1,0,70.0,0,47.339999999999975,Agricultural Burning,20,LOW
22.37712,87.28085,344.15,0.56,0.43,2026-09-05,741,N21,VIIRS,n,2.0NRT,301.14,10.49,D,VIIRS_NOAA21_NRT,3.835245901639344,61,,173.51570848471897,Abnormal Increase,0,0.89,Unnamed Industrial Feature,1,173.48,0,89.07,0,Industrial,0,1,173.51570848471897,2.17,0,1,1,0,70.0,0,43.00999999999999,Industrial Fire,45,MEDIUM
21.74298,83.84299,346.9,0.45,0.63,2026-08-26,824,N20,VIIRS,n,2.0NRT,287.63,11.6,D,VIIRS_NOAA20_NRT,4.926619718309859,71,,135.45555904971553,Abnormal Increase,0,6.26,IB Thermal Power Plant,0,95.61,0,26.34,0,Other,4,1,135.45555904971553,1.96,0,1,1,0,70.0,0,59.26999999999998,Other Thermal Event,30,LOW
10.68266,77.4065,338.57,0.58,0.52,2026-09-05,737,N21,VIIRS,n,2.0NRT,303.34,11.41,D,VIIRS_NOAA21_NRT,11.41,1,,0.0,Single Historical Detection,0,42.31,Unnamed Industrial Feature,0,122.26,0,52.3,0,Cropland / Agriculture,3,1,0.0,0.92,0,0,0,0,70.0,0,35.23000000000002,Agricultural Burning,0,LOW
8.84704,77.70026,350.85,0.41,0.6,2026-09-04,852,N20,VIIRS,n,2.0NRT,299.87,10.59,D,VIIRS_NOAA20_NRT,8.799999999999999,3,,20.340909090909104,Persistent / Stable,0,19.71,India Cements Sankarnagar,0,96.05,0,120.84,0,Other,4,1,20.340909090909104,1.08,0,0,1,0,70.0,0,50.98000000000002,Agricultural Burning,0,LOW
15.56281,79.95138,343.95,0.7,0.75,2026-08-11,850,N21,VIIRS,n,2.0NRT,291.32,13.62,D,VIIRS_NOAA21_NRT,10.274999999999999,2,,32.554744525547456,Persistent / Stable,0,24.82,kummitha's farm,0,263.9,0,249.01,0,Cropland / Agriculture,3,1,32.554744525547456,1.21,0,0,1,0,70.0,0,52.629999999999995,Agricultural Burning,10,LOW
22.37735,87.28273,330.92,0.53,0.42,2026-08-22,703,N21,VIIRS,n,2.0NRT,293.4,9.32,D,VIIRS_NOAA21_NRT,3.8184375,64,,144.07889352647518,Abnormal Increase,0,0.7,Unnamed Industrial Feature,1,173.57,0,88.91,0,Industrial,0,1,144.07889352647518,1.93,0,1,1,0,70.0,0,37.52000000000004,Industrial Fire,45,MEDIUM
15.31594,75.73133,334.48,0.47,0.4,2026-09-04,758,N21,VIIRS,l,2.0NRT,300.38,8.92,D,VIIRS_NOAA21_NRT,8.92,1,,0.0,Single Historical Detection,0,15.19,APMC Yard,0,88.42,0,239.86,0,Forest / Woodland,2,1,0.0,0.9,0,0,0,0,30.0,0,34.10000000000002,Agricultural Burning,0,LOW
34.31184,76.76282,367.0,0.33,0.55,2026-08-27,714,N21,VIIRS,h,2.0NRT,307.05,11.73,D,VIIRS_NOAA21_NRT,11.73,1,,0.0,Single Historical Detection,0,236.35,Slate Godown,0,637.05,0,444.67,0,Other,4,1,0.0,0.92,0,0,0,0,95.0,0,59.94999999999999,Agricultural Burning,5,LOW
8.86478,78.08195,343.18,0.5,0.41,2026-09-08,822,N21,VIIRS,n,2.0NRT,312.93,13.19,D,VIIRS_NOAA21_NRT,8.42,6,,56.65083135391924,Abnormal Increase,0,9.43,SPIC Tuticorin Fertilizers,0,129.82,0,159.4,0,Other,4,1,56.65083135391924,1.4,0,0,1,0,70.0,0,30.25,Other Thermal Event,30,LOW
12.1731,79.82799,339.93,0.48,0.48,2026-08-31,731,N21,VIIRS,n,2.0NRT,294.09,8.65,D,VIIRS_NOAA21_NRT,8.65,1,,0.0,Single Historical Detection,0,17.95,Workshop,0,47.36,0,115.25,0,Cropland / Agriculture,3,1,0.0,0.9,0,0,0,0,70.0,0,45.84000000000003,Agricultural Burning,0,LOW
10.77733,78.9091,352.69,0.41,0.37,2026-08-13,809,N21,VIIRS,n,2.0NRT,301.95,12.87,D,VIIRS_NOAA21_NRT,12.87,1,,0.0,Single Historical Detection,0,6.51,Apex Steel Technology Ltd,0,143.11,0,102.23,0,Cropland / Agriculture,3,1,0.0,0.93,0,0,0,0,70.0,0,50.74000000000001,Agricultural Burning,5,LOW
22.37798,87.28054,335.0,0.56,0.43,2026-08-20,741,N21,VIIRS,n,2.0NRT,288.97,8.68,D,VIIRS_NOAA21_NRT,3.8725000000000005,60,,124.14460942543573,Abnormal Increase,0,0.9,Unnamed Industrial Feature,1,173.39,0,89.14,0,Industrial,0,1,124.14460942543573,1.78,0,1,1,0,70.0,0,46.02999999999997,Industrial Fire,45,MEDIUM
14.04394,77.44282,340.46,0.53,0.42,2026-09-08,824,N21,VIIRS,n,2.0NRT,305.77,12.21,D,VIIRS_NOAA21_NRT,12.21,1,,0.0,Single Historical Detection,0,77.0,Chikkaballapura Industrial Area,0,113.13,0,125.5,0,Cropland / Agriculture,3,1,0.0,0.92,0,0,0,0,70.0,0,34.69,Agricultural Burning,5,LOW
14.66031,75.6534,336.45,0.32,0.54,2026-08-28,746,N20,VIIRS,n,2.0NRT,293.69,12.84,D,VIIRS_NOAA20_NRT,10.354000000000001,5,,24.010044427274472,Persistent / Stable,0,20.33,Harihar Polyfibers & Grasilene Division,0,22.39,0,167.05,0,Forest / Woodland,2,1,24.010044427274472,1.13,0,0,1,0,70.0,0,42.75999999999999,Agricultural Burning,10,LOW
15.5248,79.9765,351.78,0.42,0.45,2026-08-10,822,N20,VIIRS,n,2.0NRT,305.19,17.07,D,VIIRS_NOAA20_NRT,17.07,1,,0.0,Single Historical Detection,0,29.83,kummitha's farm,0,259.32,0,254.02,0,Cropland / Agriculture,3,1,0.0,0.94,0,0,0,0,70.0,0,46.589999999999975,Forest / Wildfire,15,LOW
21.75135,83.84393,314.33,0.45,0.47,2026-09-04,2029,N21,VIIRS,n,2.0NRT,290.11,9.07,N,VIIRS_NOAA21_NRT,4.770121951219513,82,,90.14188930077971,Abnormal Increase,0,5.64,Unnamed Industrial Feature,0,96.15,0,25.63,0,Other,4,1,90.14188930077971,1.57,0,0,1,0,70.0,1,24.21999999999997,Other Thermal Event,20,LOW
22.9283,70.10589,338.6,0.39,0.36,2026-09-08,826,N21,VIIRS,n,2.0NRT,308.02,8.42,D,VIIRS_NOAA21_NRT,6.065384615384615,13,,38.82054533925175,Persistent / Stable,0,9.5,Unnamed Industrial Feature,0,50.31,0,50.28,0,Other,4,1,38.82054533925175,1.19,0,0,1,0,70.0,0,30.58000000000004,Other Thermal Event,10,LOW
8.90358,77.85583,348.69,0.48,0.4,2026-08-23,822,N21,VIIRS,n,2.0NRT,302.48,9.02,D,VIIRS_NOAA21_NRT,6.08375,8,,48.26381754674336,Persistent / Stable,0,30.92,Unnamed Industrial Feature,0,108.65,0,134.45,0,Other,4,1,48.26381754674336,1.27,0,0,1,0,70.0,0,46.20999999999998,Other Thermal Event,10,LOW
10.90538,78.5389,341.88,0.61,0.53,2026-08-23,737,N20,VIIRS,n,2.0NRT,291.32,10.05,D,VIIRS_NOAA20_NRT,11.96,4,,-15.96989966555184,Persistent / Stable,0,21.8,Trichy Steel Company,0,163.62,0,143.46,0,Cropland / Agriculture,3,1,-15.96989966555184,0.78,0,0,1,0,70.0,0,50.56,Agricultural Burning,0,LOW
9.21721,77.95048,338.78,0.42,0.38,2026-08-10,820,N20,VIIRS,n,2.0NRT,303.7,10.42,D,VIIRS_NOAA20_NRT,8.053333333333333,3,,29.387417218543057,Persistent / Stable,0,9.0,Unnamed Industrial Feature,0,96.03,0,137.92,0,Other,4,1,29.387417218543057,1.15,0,0,1,0,70.0,0,35.079999999999984,Agricultural Burning,0,LOW
35.70685,73.66389,339.6,0.49,0.48,2026-09-03,737,N20,VIIRS,n,2.0NRT,297.67,8.0,D,VIIRS_NOAA20_NRT,4.306666666666667,3,,85.75851393188854,Abnormal Increase,0,407.79,Kathua Industrial Area,0,860.93,0,628.74,0,Other,4,1,85.75851393188854,1.51,0,0,1,0,70.0,0,41.93000000000001,Agricultural Burning,10,LOW
8.74267,77.59756,367.0,0.38,0.59,2026-08-19,1947,N20,VIIRS,h,2.0NRT,286.78,11.51,N,VIIRS_NOAA20_NRT,19.433809523809526,21,,-40.77332091837986,Persistent / Stable,0,24.49,India Cements Sankarnagar,0,81.28,0,116.3,0,Other,4,1,-40.77332091837986,0.56,0,0,1,0,95.0,1,80.22000000000003,Other Thermal Event,15,LOW
11.69411,78.67997,339.28,0.47,0.4,2026-08-18,816,N21,VIIRS,n,2.0NRT,293.29,11.29,D,VIIRS_NOAA21_NRT,28.745,2,,-60.72360410506176,Persistent / Reduced,0,60.74,Dalmia,0,118.5,0,163.6,0,Cropland / Agriculture,3,1,-60.72360410506176,0.38,0,0,1,0,70.0,0,45.98999999999995,Agricultural Burning,0,LOW
21.10291,72.64852,334.62,0.6,0.7,2026-09-03,733,N20,VIIRS,n,2.0NRT,288.64,9.08,D,VIIRS_NOAA20_NRT,4.875096774193549,155,,86.25271293208402,Abnormal Increase,0,0.92,ArcelorMittal Nippon Steel India,1,378.21,0,0.94,1,Industrial,0,1,86.25271293208402,1.55,0,0,1,0,70.0,0,45.98000000000002,Gas Flare,35,LOW
27.4573,70.78467,345.02,0.57,0.52,2026-09-02,756,N20,VIIRS,n,2.0NRT,304.69,9.55,D,VIIRS_NOAA20_NRT,9.46,2,,0.9513742071881591,Persistent / Stable,0,161.45,Unnamed Industrial Feature,0,305.71,0,184.16,0,Other,4,1,0.9513742071881591,0.91,0,0,1,0,70.0,0,40.329999999999984,Agricultural Burning,0,LOW
16.40067,79.36681,335.24,0.55,0.51,2026-08-26,729,N21,VIIRS,n,2.0NRT,293.52,8.29,D,VIIRS_NOAA21_NRT,8.29,1,,0.0,Single Historical Detection,0,10.54,Cement Factory,0,296.46,0,136.95,0,Cropland / Agriculture,3,1,0.0,0.89,0,0,0,0,70.0,0,41.72000000000003,Agricultural Burning,0,LOW
11.37994,79.63191,336.79,0.5,0.49,2026-09-08,737,N20,VIIRS,n,2.0NRT,305.13,10.93,D,VIIRS_NOAA20_NRT,10.93,1,,0.0,Single Historical Detection,0,29.53,Neyveli Lignite Corporation,0,43.84,0,71.99,0,Cropland / Agriculture,3,1,0.0,0.92,0,0,0,0,70.0,0,31.660000000000025,Agricultural Burning,0,LOW
15.88765,79.82237,342.72,0.43,0.38,2026-09-01,809,N20,VIIRS,n,2.0NRT,304.43,10.4,D,VIIRS_NOAA20_NRT,6.7225,4,,54.70435105987356,Abnormal Increase,0,14.75,kummitha's farm,0,301.81,0,211.17,0,Cropland / Agriculture,3,1,54.70435105987356,1.35,0,0,1,0,70.0,0,38.29000000000002,Agricultural Burning,10,LOW
23.33648,69.71748,344.43,0.47,0.48,2026-09-01,858,N21,VIIRS,n,2.0NRT,297.19,12.0,D,VIIRS_NOAA21_NRT,12.0,1,,0.0,Single Historical Detection,0,9.41,Bhuj Sector 282,0,12.22,0,99.68,0,Other,4,1,0.0,0.92,0,0,0,0,70.0,0,47.24000000000001,Agricultural Burning,5,LOW
9.68469,78.36857,345.19,0.44,0.46,2026-08-28,828,N21,VIIRS,n,2.0NRT,307.1,13.95,D,VIIRS_NOAA21_NRT,13.95,1,,0.0,Single Historical Detection,0,38.79,Tourist bus parking,0,131.68,0,188.57,0,Other,4,1,0.0,0.93,0,0,0,0,70.0,0,38.089999999999975,Agricultural Burning,5,LOW
9.01616,77.9118,347.92,0.39,0.36,2026-09-06,816,N20,VIIRS,n,2.0NRT,304.77,12.51,D,VIIRS_NOAA20_NRT,12.51,1,,0.0,Single Historical Detection,0,18.71,Unnamed Industrial Feature,0,104.69,0,136.93,0,Other,4,1,0.0,0.93,0,0,0,0,70.0,0,43.150000000000034,Agricultural Burning,5,LOW
9.2184,78.6481,337.96,0.44,0.39,2026-08-18,816,N21,VIIRS,n,2.0NRT,303.79,10.25,D,VIIRS_NOAA21_NRT,5.69,5,,80.14059753954305,Abnormal Increase,0,70.93,SPIC Tuticorin Fertilizers,0,167.85,0,214.39,0,Other,4,1,80.14059753954305,1.53,0,0,1,0,70.0,0,34.16999999999996,Agricultural Burning,10,LOW
13.83721,79.3314,339.47,0.41,0.37,2026-08-30,752,N21,VIIRS,l,2.0NRT,300.28,9.11,D,VIIRS_NOAA21_NRT,2.277142857142857,7,,300.0627352572145,Abnormal Increase,0,18.35,TTD Transport Yard,0,127.32,0,125.87,0,Cropland / Agriculture,3,1,300.0627352572145,2.78,0,1,1,0,30.0,0,39.190000000000055,Other Thermal Event,30,LOW
15.17561,76.65761,342.81,0.39,0.36,2026-08-24,805,N21,VIIRS,n,2.0NRT,296.54,8.73,D,VIIRS_NOAA21_NRT,2.5754950495049505,202,,238.963959634791,Abnormal Increase,0,22.47,Food Corporation of India,0,22.67,0,266.07,0,Forest / Woodland,2,1,238.963959634791,2.44,0,1,1,0,70.0,0,46.26999999999998,Other Thermal Event,30,LOW
15.08822,79.77559,344.05,0.52,0.41,2026-08-28,746,N20,VIIRS,n,2.0NRT,304.02,14.93,D,VIIRS_NOAA20_NRT,12.475,4,,19.679358717434873,Persistent / Stable,0,28.31,COW Farm,0,216.26,0,219.54,0,Cropland / Agriculture,3,1,19.679358717434873,1.11,0,0,1,0,70.0,0,40.03000000000003,Agricultural Burning,10,LOW
11.32219,78.36883,334.58,0.47,0.4,2026-08-22,756,N20,VIIRS,n,2.0NRT,297.03,10.39,D,VIIRS_NOAA20_NRT,10.39,1,,0.0,Single Historical Detection,0,50.48,TNPL Paper Mill,0,159.61,0,138.05,0,Cropland / Agriculture,3,1,0.0,0.91,0,0,0,0,70.0,0,37.55000000000001,Agricultural Burning,0,LOW
10.72432,78.83788,339.84,0.47,0.4,2026-08-10,822,N20,VIIRS,n,2.0NRT,304.2,9.31,D,VIIRS_NOAA20_NRT,9.31,1,,0.0,Single Historical Detection,0,2.61,Masfab Engineering Technology,0,152.66,0,110.12,0,Other,4,1,0.0,0.9,0,0,0,0,70.0,0,35.639999999999986,Other Thermal Event,5,LOW
10.56157,79.44977,336.39,0.5,0.41,2026-08-18,816,N21,VIIRS,n,2.0NRT,303.88,9.6,D,VIIRS_NOAA21_NRT,6.576666666666667,3,,45.97060314242269,Persistent / Stable,0,18.23,Majestic Lumber Mill,0,136.75,0,48.86,0,Cropland / Agriculture,3,1,45.97060314242269,1.27,0,0,1,0,70.0,0,32.50999999999999,Agricultural Burning,0,LOW
11.8171,78.74201,351.81,0.67,0.74,2026-08-16,854,N21,VIIRS,n,2.0NRT,291.89,17.18,D,VIIRS_NOAA21_NRT,19.966666666666665,3,,-13.956594323873118,Persistent / Stable,0,68.34,Dalmia,0,111.79,0,162.18,0,Cropland / Agriculture,3,1,-13.956594323873118,0.82,0,0,1,0,70.0,0,59.920000000000016,Agricultural Burning,5,LOW
11.39743,78.70004,354.25,0.59,0.53,2026-08-31,731,N21,VIIRS,n,2.0NRT,286.76,14.75,D,VIIRS_NOAA21_NRT,14.75,1,,0.0,Single Historical Detection,0,57.65,Ramco Cements,0,122.69,0,143.24,0,Cropland / Agriculture,3,1,0.0,0.94,0,0,0,0,70.0,0,67.49000000000001,Forest / Wildfire,15,LOW
17.50858,82.95274,341.91,0.57,0.69,2026-08-20,837,N20,VIIRS,n,2.0NRT,288.14,8.28,D,VIIRS_NOAA20_NRT,11.486666666666666,3,,-27.916424840394665,Persistent / Stable,0,34.44,Visakhapatnam Steel Plant RINL,0,319.5,0,42.56,0,Other,4,1,-27.916424840394665,0.66,0,0,1,0,70.0,0,53.77000000000004,Agricultural Burning,0,LOW
9.57502,78.31775,346.04,0.43,0.38,2026-08-18,816,N21,VIIRS,n,2.0NRT,304.92,8.2,D,VIIRS_NOAA21_NRT,5.37125,8,,52.66464975564347,Abnormal Increase,0,44.64,Tourist bus parking,0,125.91,0,180.66,0,Other,4,1,52.66464975564347,1.29,0,0,1,0,70.0,0,41.120000000000005,Other Thermal Event,20,LOW
21.10659,72.64334,339.42,0.44,0.46,2026-08-22,2027,N20,VIIRS,n,2.0NRT,290.38,10.55,N,VIIRS_NOAA20_NRT,4.875096774193549,155,,116.40596051029588,Abnormal Increase,0,0.37,ArcelorMittal Nippon Steel India,1,377.98,0,0.75,1,Industrial,0,1,116.40596051029588,1.8,0,1,1,0,70.0,1,49.04000000000002,Gas Flare,45,MEDIUM
15.16326,78.87621,344.53,0.39,0.44,2026-09-05,739,N21,VIIRS,n,2.0NRT,306.18,8.69,D,VIIRS_NOAA21_NRT,7.625,2,,13.967213114754093,Persistent / Stable,0,84.14,Unnamed Industrial Feature,0,209.96,0,256.21,0,Cropland / Agriculture,3,1,13.967213114754093,1.01,0,0,1,0,70.0,0,38.349999999999966,Agricultural Burning,0,LOW
16.44525,77.82963,341.96,0.5,0.49,2026-09-05,835,N20,VIIRS,n,2.0NRT,298.94,8.84,D,VIIRS_NOAA20_NRT,8.84,1,,0.0,Single Historical Detection,0,24.29,Vibha Seeds,0,173.82,0,147.07,0,Cropland / Agriculture,3,1,0.0,0.9,0,0,0,0,70.0,0,43.01999999999998,Agricultural Burning,0,LOW
20.79575,85.25475,342.63,0.39,0.44,2026-08-19,714,N20,VIIRS,n,2.0NRT,292.68,8.12,D,VIIRS_NOAA20_NRT,4.153833333333334,60,,95.4820848212494,Abnormal Increase,0,1.14,Tata Steel Meramandali,1,17.53,0,152.62,0,Industrial,0,1,95.4820848212494,1.58,0,0,1,0,70.0,0,49.94999999999999,Industrial Fire,35,LOW
11.69631,79.12608,349.14,0.39,0.36,2026-09-01,809,N20,VIIRS,n,2.0NRT,310.78,13.01,D,VIIRS_NOAA20_NRT,17.616666666666667,3,,-26.149479659413437,Persistent / Stable,0,38.69,Ramco Cements,0,70.03,0,129.69,0,Cropland / Agriculture,3,1,-26.149479659413437,0.7,0,0,1,0,70.0,0,38.360000000000014,Agricultural Burning,5,LOW
15.34949,76.66209,339.72,0.54,0.68,2026-08-16,856,N21,VIIRS,n,2.0NRT,267.37,9.27,D,VIIRS_NOAA21_NRT,9.27,1,,0.0,Single Historical Detection,0,29.82,Food Corporation of India,0,35.46,0,282.4,0,Forest / Woodland,2,1,0.0,0.9,0,0,0,0,70.0,0,72.35000000000002,Agricultural Burning,0,LOW
13.98913,79.8261,340.59,0.57,0.52,2026-08-10,729,N21,VIIRS,n,2.0NRT,297.41,14.68,D,VIIRS_NOAA21_NRT,10.21,2,,43.78060724779627,Persistent / Stable,0,41.03,Fodd Corporation of India Godowns,0,101.22,0,102.79,0,Cropland / Agriculture,3,1,43.78060724779627,1.31,0,0,1,0,70.0,0,43.17999999999995,Forest / Wildfire,20,LOW
14.72327,79.55089,333.09,0.65,0.73,2026-08-11,848,N21,VIIRS,n,2.0NRT,291.06,14.2,D,VIIRS_NOAA21_NRT,14.2,1,,0.0,Single Historical Detection,0,58.88,Fodd Corporation of India Godowns,0,187.03,0,189.15,0,Cropland / Agriculture,3,1,0.0,0.93,0,0,0,0,70.0,0,42.02999999999997,Forest / Wildfire,15,LOW
15.20626,77.16861,336.29,0.48,0.4,2026-08-22,758,N20,VIIRS,l,2.0NRT,295.59,8.04,D,VIIRS_NOAA20_NRT,10.046666666666667,3,,-19.973457199734582,Persistent / Stable,0,20.84,Loco Shed,0,27.4,0,257.52,0,Cropland / Agriculture,3,1,-19.973457199734582,0.73,0,0,1,0,30.0,0,40.700000000000045,Agricultural Burning,0,LOW
8.74184,77.60004,340.6,0.57,0.43,2026-08-20,835,N20,VIIRS,n,2.0NRT,294.04,15.4,D,VIIRS_NOAA20_NRT,19.433809523809526,21,,-20.756658743966096,Persistent / Stable,0,24.62,India Cements Sankarnagar,0,81.51,0,116.58,0,Other,4,1,-20.756658743966096,0.75,0,0,1,0,70.0,0,46.56,Other Thermal Event,15,LOW
12.42062,78.77126,334.62,0.52,0.42,2026-09-02,750,N20,VIIRS,n,2.0NRT,298.09,9.7,D,VIIRS_NOAA20_NRT,6.779999999999999,2,,43.067846607669615,Persistent / Stable,0,37.67,Unnamed Industrial Feature,0,131.36,0,118.23,0,Cropland / Agriculture,3,1,43.067846607669615,1.25,0,0,1,0,70.0,0,36.53000000000003,Agricultural Burning,0,LOW
9.18515,77.78957,336.57,0.57,0.52,2026-08-28,744,N20,VIIRS,n,2.0NRT,299.73,8.65,D,VIIRS_NOAA20_NRT,11.096666666666666,3,,-22.048663262240904,Persistent / Stable,0,9.64,Unnamed Industrial Feature,0,82.67,0,120.6,0,Other,4,1,-22.048663262240904,0.72,0,0,1,0,70.0,0,36.839999999999975,Agricultural Burning,0,LOW
9.27336,77.94791,337.78,0.44,0.38,2026-08-27,803,N20,VIIRS,l,2.0NRT,304.71,10.83,D,VIIRS_NOAA20_NRT,10.83,1,,0.0,Single Historical Detection,0,12.88,Unnamed Industrial Feature,0,93.11,0,137.39,0,Other,4,1,0.0,0.92,0,0,0,0,30.0,0,33.06999999999999,Agricultural Burning,0,LOW
10.78192,78.65462,333.66,0.64,0.72,2026-08-16,854,N21,VIIRS,n,2.0NRT,290.93,10.84,D,VIIRS_NOAA21_NRT,6.793333333333333,6,,59.56820412168794,Abnormal Increase,0,4.51,Unnamed Industrial Feature,0,162.27,0,130.03,0,Cropland / Agriculture,3,1,59.56820412168794,1.39,0,0,1,0,70.0,0,42.73000000000002,Other Thermal Event,20,LOW
9.59852,77.79555,335.09,0.54,0.68,2026-09-01,854,N21,VIIRS,n,2.0NRT,296.83,12.55,D,VIIRS_NOAA21_NRT,15.4,2,,-18.506493506493506,Persistent / Stable,0,28.05,Unnamed Industrial Feature,0,68.61,0,125.34,0,Other,4,1,-18.506493506493506,0.77,0,0,1,0,70.0,0,38.25999999999999,Agricultural Burning,5,LOW
8.62524,77.79489,345.46,0.39,0.44,2026-09-05,835,N20,VIIRS,n,2.0NRT,303.16,9.68,D,VIIRS_NOAA20_NRT,10.176666666666668,3,,-4.880445463478558,Persistent / Stable,0,44.22,SPIC Tuticorin Fertilizers,0,99.37,0,141.62,0,Other,4,1,-4.880445463478558,0.87,0,0,1,0,70.0,0,42.299999999999955,Agricultural Burning,0,LOW
15.16886,80.03398,337.89,0.43,0.62,2026-09-01,714,N21,VIIRS,n,2.0NRT,290.91,9.24,D,VIIRS_NOAA21_NRT,5.88,6,,57.14285714285715,Abnormal Increase,0,6.18,COW Farm,0,219.27,0,223.32,0,Cropland / Agriculture,3,1,57.14285714285715,1.34,0,0,1,0,70.0,0,46.97999999999996,Other Thermal Event,20,LOW
10.41998,79.25983,343.33,0.55,0.51,2026-09-08,737,N20,VIIRS,n,2.0NRT,298.72,14.54,D,VIIRS_NOAA20_NRT,37.12833333333333,6,,-60.83853301611527,Persistent / Reduced,0,40.91,Central Warehouse Corporation,0,158.04,0,74.7,0,Cropland / Agriculture,3,1,-60.83853301611527,0.38,0,0,1,0,70.0,0,44.60999999999996,Other Thermal Event,15,LOW
23.77862,86.21019,337.05,0.51,0.41,2026-09-05,741,N21,VIIRS,n,2.0NRT,296.7,8.62,D,VIIRS_NOAA21_NRT,3.0518750000000003,48,,182.44931394634438,Abnormal Increase,0,7.26,Unnamed Industrial Feature,0,17.58,0,184.4,0,Other,4,1,182.44931394634438,2.13,0,1,1,0,70.0,0,40.35000000000002,Other Thermal Event,30,LOW
13.46564,79.86813,341.58,0.45,0.47,2026-08-31,733,N21,VIIRS,n,2.0NRT,297.63,10.54,D,VIIRS_NOAA21_NRT,10.54,1,,0.0,Single Historical Detection,0,26.21,SIPCOT Gummidipundi,0,56.18,0,54.67,0,Cropland / Agriculture,3,1,0.0,0.91,0,0,0,0,70.0,0,43.94999999999999,Agricultural Burning,0,LOW
23.75637,85.85545,331.17,0.39,0.36,2026-08-21,724,N21,VIIRS,l,2.0NRT,298.73,9.23,D,VIIRS_NOAA21_NRT,1.9751515151515153,33,,367.3059220619822,Abnormal Increase,0,1.69,Unnamed Industrial Feature,1,4.84,1,187.4,0,Industrial,0,1,367.3059220619822,3.1,0,1,1,0,30.0,0,32.44,Industrial Fire,45,MEDIUM
15.20262,77.16927,336.63,0.48,0.4,2026-08-22,758,N20,VIIRS,l,2.0NRT,297.13,11.0,D,VIIRS_NOAA20_NRT,10.046666666666667,3,,9.48905109489051,Persistent / Stable,0,20.71,Loco Shed,0,27.38,0,257.11,0,Cropland / Agriculture,3,1,9.48905109489051,1.0,0,0,1,0,30.0,0,39.5,Agricultural Burning,0,LOW
9.77767,78.38486,346.77,0.54,0.68,2026-09-06,720,N21,VIIRS,n,2.0NRT,285.86,11.04,D,VIIRS_NOAA21_NRT,7.34,2,,50.40871934604903,Abnormal Increase,0,34.4,Tourist bus parking,0,134.5,0,192.92,0,Other,4,1,50.40871934604903,1.32,0,0,1,0,70.0,0,60.90999999999997,Agricultural Burning,10,LOW
13.82595,79.28137,346.03,0.54,0.42,2026-08-18,818,N21,VIIRS,n,2.0NRT,297.64,12.42,D,VIIRS_NOAA21_NRT,9.3725,4,,32.51533742331287,Persistent / Stable,0,18.59,TTD Transport Yard,0,131.18,0,129.59,0,Cropland / Agriculture,3,1,32.51533742331287,1.2,0,0,1,0,70.0,0,48.389999999999986,Agricultural Burning,10,LOW
21.10677,72.64597,342.58,0.41,0.37,2026-09-06,818,N20,VIIRS,n,2.0NRT,301.86,17.78,D,VIIRS_NOAA20_NRT,4.875096774193549,155,,264.7107088031337,Abnormal Increase,0,0.41,ArcelorMittal Nippon Steel India,1,377.88,0,0.97,1,Industrial,0,1,264.7107088031337,3.03,0,1,1,0,70.0,0,40.71999999999997,Gas Flare,65,MEDIUM
11.81002,77.2115,340.99,0.54,0.42,2026-08-30,752,N21,VIIRS,n,2.0NRT,298.3,11.53,D,VIIRS_NOAA21_NRT,11.53,1,,0.0,Single Historical Detection,0,59.03,Bannari Amman,0,126.17,0,65.47,0,Cropland / Agriculture,3,1,0.0,0.92,0,0,0,0,70.0,0,42.69,Agricultural Burning,0,LOW
11.17832,79.84326,343.88,0.49,0.49,2026-09-08,737,N20,VIIRS,n,2.0NRT,303.77,15.83,D,VIIRS_NOAA20_NRT,13.186666666666667,3,,20.04550050556117,Persistent / Stable,0,45.71,CPCL Nagapattinam,0,64.27,0,45.71,0,Cropland / Agriculture,3,1,20.04550050556117,1.12,0,0,1,0,70.0,0,40.110000000000014,Agricultural Burning,10,LOW
20.97046,86.01247,349.73,0.51,0.66,2026-09-06,2049,N20,VIIRS,n,2.0NRT,286.7,13.14,N,VIIRS_NOAA20_NRT,3.8306521739130432,46,,243.022529935872,Abnormal Increase,0,0.29,TATA Steel,1,82.32,0,99.28,0,Industrial,0,1,243.022529935872,2.72,0,1,1,0,70.0,1,63.03000000000003,Industrial Fire,55,MEDIUM
13.82067,79.34486,341.88,0.48,0.48,2026-08-31,733,N21,VIIRS,n,2.0NRT,281.74,8.45,D,VIIRS_NOAA21_NRT,3.2887500000000003,8,,156.9365260357278,Abnormal Increase,0,16.39,TTD Transport Yard,0,125.09,0,123.62,0,Cropland / Agriculture,3,1,156.9365260357278,1.97,0,1,1,0,70.0,0,60.139999999999986,Other Thermal Event,30,LOW
12.0616,77.02872,343.15,0.49,0.49,2026-09-02,837,N21,VIIRS,n,2.0NRT,296.93,9.89,D,VIIRS_NOAA21_NRT,6.79,2,,45.65537555228278,Persistent / Stable,0,29.5,Unnamed Industrial Feature,0,117.34,0,92.82,0,Cropland / Agriculture,3,1,45.65537555228278,1.27,0,0,1,0,70.0,0,46.21999999999997,Agricultural Burning,0,LOW
15.08391,77.32272,339.45,0.49,0.49,2026-09-05,739,N21,VIIRS,n,2.0NRT,301.4,11.74,D,VIIRS_NOAA21_NRT,8.7525,4,,34.13310482719224,Persistent / Stable,0,10.85,Loco Shed,0,43.85,0,240.08,0,Cropland / Agriculture,3,1,34.13310482719224,1.2,0,0,1,0,70.0,0,38.05000000000001,Agricultural Burning,0,LOW
29.91061,74.94411,315.32,0.51,0.41,2026-08-27,2032,N20,VIIRS,n,2.0NRT,294.79,15.45,N,VIIRS_NOAA20_NRT,5.1780952380952385,21,,198.37226411624053,Abnormal Increase,0,28.15,Hindustan Petroleum Oil Depot,0,271.08,0,28.15,0,Cropland / Agriculture,3,1,198.37226411624053,2.5,0,1,1,0,70.0,1,20.529999999999973,Forest / Wildfire,40,MEDIUM
14.43295,77.70949,338.48,0.63,0.72,2026-09-01,714,N21,VIIRS,n,2.0NRT,287.65,11.05,D,VIIRS_NOAA21_NRT,8.846666666666668,3,,24.905802562170305,Persistent / Stable,0,90.62,Loco Shed,0,116.45,0,161.68,0,Cropland / Agriculture,3,1,24.905802562170305,1.12,0,0,1,0,70.0,0,50.83000000000004,Agricultural Burning,0,LOW
15.55236,79.64706,354.8,0.34,0.56,2026-09-04,1947,N20,VIIRS,n,2.0NRT,291.67,14.79,N,VIIRS_NOAA20_NRT,5.883636363636364,11,,151.3751545117429,Abnormal Increase,0,30.19,kummitha's farm,0,269.68,0,234.5,0,Cropland / Agriculture,3,1,151.3751545117429,2.15,0,1,1,0,70.0,1,63.129999999999995,Forest / Wildfire,40,MEDIUM
9.95038,77.8317,367.0,0.35,0.57,2026-09-08,737,N20,VIIRS,h,2.0NRT,302.14,8.22,D,VIIRS_NOAA20_NRT,7.995,2,,2.814258911819894,Persistent / Stable,0,29.65,TNSTC Ponmeni Bus depot,0,81.91,0,144.46,0,Other,4,1,2.814258911819894,0.91,0,0,1,0,95.0,0,64.86000000000001,Agricultural Burning,10,LOW
8.94545,77.81496,344.36,0.41,0.37,2026-09-03,816,N21,VIIRS,n,2.0NRT,308.85,17.83,D,VIIRS_NOAA21_NRT,17.83,1,,0.0,Single Historical Detection,0,27.06,Unnamed Industrial Feature,0,102.18,0,128.73,0,Other,4,1,0.0,0.95,0,0,0,0,70.0,0,35.50999999999999,Forest / Wildfire,15,LOW
10.0502,77.95194,367.0,0.58,0.7,2026-08-21,720,N21,VIIRS,h,2.0NRT,294.07,13.76,D,VIIRS_NOAA21_NRT,7.15111111111111,9,,92.41765071472967,Abnormal Increase,0,21.96,TNSTC Ponmeni Bus depot,0,98.79,0,144.49,0,Cropland / Agriculture,3,1,92.41765071472967,1.69,0,0,1,0,95.0,0,72.93,Other Thermal Event,40,MEDIUM
13.20042,78.67389,331.44,0.54,0.68,2026-08-11,848,N21,VIIRS,n,2.0NRT,290.66,9.21,D,VIIRS_NOAA21_NRT,6.790000000000001,2,,35.64064801178203,Persistent / Stable,0,52.2,Unnamed Industrial Feature,0,122.59,0,92.63,0,Cropland / Agriculture,3,1,35.64064801178203,1.18,0,0,1,0,70.0,0,40.77999999999997,Agricultural Burning,0,LOW
9.24181,77.61673,341.53,0.41,0.37,2026-08-10,820,N20,VIIRS,n,2.0NRT,308.24,12.57,D,VIIRS_NOAA20_NRT,12.57,1,,0.0,Single Historical Detection,0,16.21,Unnamed Industrial Feature,0,63.73,0,101.19,0,Other,4,1,0.0,0.93,0,0,0,0,70.0,0,33.289999999999964,Agricultural Burning,5,LOW
14.8944,79.23558,337.63,0.56,0.43,2026-09-05,739,N21,VIIRS,n,2.0NRT,304.76,13.38,D,VIIRS_NOAA21_NRT,9.99,3,,33.93393393393394,Persistent / Stable,0,89.55,COW Farm,0,220.28,0,221.72,0,Cropland / Agriculture,3,1,33.93393393393394,1.22,0,0,1,0,70.0,0,32.870000000000005,Agricultural Burning,10,LOW
20.79344,85.25465,352.45,0.53,0.5,2026-08-27,807,N20,VIIRS,n,2.0NRT,289.7,11.97,D,VIIRS_NOAA20_NRT,4.153833333333334,60,,188.1675560727039,Abnormal Increase,0,1.36,Tata Steel Meramandali,1,17.78,0,152.53,0,Industrial,0,1,188.1675560727039,2.32,0,1,1,0,70.0,0,62.75,Industrial Fire,45,MEDIUM
10.11921,77.66613,342.56,0.42,0.37,2026-09-03,816,N21,VIIRS,n,2.0NRT,308.33,8.07,D,VIIRS_NOAA21_NRT,7.169999999999999,3,,12.552301255230145,Persistent / Stable,0,44.96,Chicken shop,0,78.65,0,119.57,0,Cropland / Agriculture,3,1,12.552301255230145,0.99,0,0,1,0,70.0,0,34.23000000000002,Agricultural Burning,0,LOW
10.86017,77.56201,341.44,0.43,0.46,2026-09-02,750,N20,VIIRS,n,2.0NRT,304.23,9.43,D,VIIRS_NOAA20_NRT,9.365,2,,0.6940736785904912,Persistent / Stable,0,33.74,Unnamed Industrial Feature,0,145.69,0,55.7,0,Cropland / Agriculture,3,1,0.6940736785904912,0.91,0,0,1,0,70.0,0,37.20999999999998,Agricultural Burning,0,LOW
8.74019,77.60567,330.51,0.61,0.53,2026-08-20,737,N21,VIIRS,n,2.0NRT,281.6,8.25,D,VIIRS_NOAA21_NRT,19.433809523809526,21,,-57.54821004141041,Persistent / Reduced,0,24.92,India Cements Sankarnagar,0,82.04,0,117.21,0,Other,4,1,-57.54821004141041,0.4,0,0,1,0,70.0,0,48.90999999999997,Other Thermal Event,5,LOW
29.91374,74.95001,317.18,0.51,0.41,2026-08-27,2032,N20,VIIRS,n,2.0NRT,296.17,15.45,N,VIIRS_NOAA20_NRT,5.1780952380952385,21,,198.37226411624053,Abnormal Increase,0,27.74,Hindustan Petroleum Oil Depot,0,270.78,0,27.74,0,Cropland / Agriculture,3,1,198.37226411624053,2.5,0,1,1,0,70.0,1,21.00999999999999,Forest / Wildfire,40,MEDIUM
9.63529,77.60835,342.81,0.54,0.42,2026-09-07,756,N20,VIIRS,n,2.0NRT,302.94,8.02,D,VIIRS_NOAA20_NRT,8.02,1,,0.0,Single Historical Detection,0,30.04,Unnamed Industrial Feature,0,48.17,0,107.11,0,Other,4,1,0.0,0.89,0,0,0,0,70.0,0,39.870000000000005,Agricultural Burning,0,LOW
8.62617,77.79392,344.77,0.39,0.44,2026-09-05,835,N20,VIIRS,n,2.0NRT,303.53,11.19,D,VIIRS_NOAA20_NRT,15.629999999999999,4,,-28.406909788867562,Persistent / Stable,0,44.26,SPIC Tuticorin Fertilizers,0,99.28,0,141.47,0,Other,4,1,-28.406909788867562,0.67,0,0,1,0,70.0,0,41.24000000000001,Agricultural Burning,0,LOW
22.92924,70.1059,335.84,0.43,0.38,2026-09-03,820,N21,VIIRS,l,2.0NRT,303.18,8.52,D,VIIRS_NOAA21_NRT,6.065384615384615,13,,40.46924540266328,Persistent / Stable,0,9.39,Unnamed Industrial Feature,0,50.24,0,50.39,0,Other,4,1,40.46924540266328,1.21,0,0,1,0,30.0,0,32.65999999999997,Other Thermal Event,0,LOW
21.10416,72.63442,335.35,0.52,0.41,2026-09-02,837,N21,VIIRS,n,2.0NRT,290.75,8.63,D,VIIRS_NOAA21_NRT,4.870454545454545,154,,77.1908539430705,Abnormal Increase,0,0.18,Hazira Industrial Complex SURAT,1,378.51,0,0.22,1,Industrial,0,1,77.1908539430705,1.47,0,0,1,0,70.0,0,44.60000000000002,Gas Flare,35,LOW
20.79548,85.25578,335.11,0.43,0.38,2026-08-20,741,N21,VIIRS,n,2.0NRT,296.34,11.08,D,VIIRS_NOAA21_NRT,4.153833333333334,60,,166.74156401717286,Abnormal Increase,0,1.11,Tata Steel Meramandali,1,17.58,0,152.51,0,Industrial,0,1,166.74156401717286,2.15,0,1,1,0,70.0,0,38.77000000000004,Industrial Fire,45,MEDIUM
20.79466,85.25549,338.42,0.49,0.48,2026-09-07,703,N21,VIIRS,n,2.0NRT,294.85,8.97,D,VIIRS_NOAA21_NRT,4.153833333333334,60,,115.94511094170042,Abnormal Increase,0,1.2,Tata Steel Meramandali,1,17.66,0,152.5,0,Industrial,0,1,115.94511094170042,1.74,0,1,1,0,70.0,0,43.56999999999999,Industrial Fire,45,MEDIUM
19.09543,82.16656,329.77,0.41,0.61,2026-09-08,826,N21,VIIRS,n,2.0NRT,291.74,10.56,D,VIIRS_NOAA21_NRT,2.2891666666666666,36,,361.3032398980707,Abnormal Increase,0,36.81,Unnamed Industrial Feature,0,183.13,0,75.17,0,Forest / Woodland,2,1,361.3032398980707,3.21,0,1,1,0,70.0,0,38.02999999999997,Other Thermal Event,40,MEDIUM
16.39796,78.34895,333.49,0.43,0.46,2026-09-08,824,N21,VIIRS,n,2.0NRT,291.35,13.95,D,VIIRS_NOAA21_NRT,6.539999999999999,3,,113.302752293578,Abnormal Increase,0,30.94,"TGSRTC  Bus Depot , Wanaparthy",0,206.48,0,124.53,0,Cropland / Agriculture,3,1,113.302752293578,1.85,0,1,1,0,70.0,0,42.139999999999986,Agricultural Burning,30,LOW
21.74616,83.84521,338.03,0.54,0.42,2026-09-07,801,N20,VIIRS,n,2.0NRT,298.98,12.97,D,VIIRS_NOAA20_NRT,4.776543209876544,81,,171.53528043422068,Abnormal Increase,0,6.05,Unnamed Industrial Feature,0,95.98,0,25.93,0,Other,4,1,171.53528043422068,2.25,0,1,1,0,70.0,0,39.049999999999955,Other Thermal Event,40,MEDIUM
9.33502,77.6755,340.82,0.48,0.4,2026-08-31,828,N20,VIIRS,n,2.0NRT,297.84,8.25,D,VIIRS_NOAA20_NRT,11.79,2,,-30.025445292620862,Persistent / Stable,0,4.37,Unnamed Industrial Feature,0,63.23,0,107.58,0,Other,4,1,-30.025445292620862,0.65,0,0,1,0,70.0,0,42.98000000000002,Agricultural Burning,0,LOW
12.62691,79.35641,343.88,0.46,0.64,2026-09-07,841,N21,VIIRS,n,2.0NRT,294.09,12.36,D,VIIRS_NOAA21_NRT,11.875,2,,4.084210526315784,Persistent / Stable,0,34.8,SIPCOT Ranipet Industrial Estate,0,96.43,0,112.83,0,Cropland / Agriculture,3,1,4.084210526315784,0.96,0,0,1,0,70.0,0,49.79000000000002,Agricultural Burning,10,LOW
10.9437,78.16061,343.17,0.39,0.37,2026-09-06,816,N20,VIIRS,n,2.0NRT,302.39,14.29,D,VIIRS_NOAA20_NRT,11.9,4,,20.084033613445367,Persistent / Stable,0,21.59,TNPL Paper Mill,0,183.87,0,118.19,0,Cropland / Agriculture,3,1,20.084033613445367,1.11,0,0,1,0,70.0,0,40.78000000000003,Agricultural Burning,10,LOW
21.10566,72.6433,330.23,0.56,0.43,2026-08-25,2112,N20,VIIRS,n,2.0NRT,288.03,9.44,N,VIIRS_NOAA20_NRT,4.875096774193549,155,,93.63718172674814,Abnormal Increase,0,0.47,ArcelorMittal Nippon Steel India,1,378.08,0,0.72,1,Industrial,0,1,93.63718172674814,1.61,0,0,1,0,70.0,1,42.200000000000045,Gas Flare,35,LOW
12.86152,79.29686,336.55,0.44,0.38,2026-08-21,816,N20,VIIRS,n,2.0NRT,298.09,8.07,D,VIIRS_NOAA20_NRT,5.615,2,,43.722172751558325,Persistent / Stable,0,9.54,SIPCOT Ranipet Industrial Estate,0,95.79,0,108.99,0,Cropland / Agriculture,3,1,43.722172751558325,1.22,0,0,1,0,70.0,0,38.460000000000036,Agricultural Burning,0,LOW
14.66129,75.6529,330.09,0.64,0.54,2026-08-28,746,N20,VIIRS,n,2.0NRT,293.6,8.89,D,VIIRS_NOAA20_NRT,10.354000000000001,5,,-14.139463009464945,Persistent / Stable,0,20.45,Harihar Polyfibers & Grasilene Division,0,22.5,0,167.15,0,Forest / Woodland,2,1,-14.139463009464945,0.78,0,0,1,0,70.0,0,36.48999999999995,Agricultural Burning,0,LOW
12.13971,77.07882,345.6,0.4,0.37,2026-09-01,809,N20,VIIRS,l,2.0NRT,298.79,12.97,D,VIIRS_NOAA20_NRT,12.97,1,,0.0,Single Historical Detection,0,28.57,Unnamed Industrial Feature,0,107.1,0,101.16,0,Cropland / Agriculture,3,1,0.0,0.93,0,0,0,0,30.0,0,46.81,Agricultural Burning,0,LOW
9.33842,77.67591,348.33,0.48,0.4,2026-08-31,828,N20,VIIRS,n,2.0NRT,302.43,15.33,D,VIIRS_NOAA20_NRT,11.79,2,,30.025445292620873,Persistent / Stable,0,3.99,Unnamed Industrial Feature,0,63.09,0,107.64,0,Other,4,1,30.025445292620873,1.2,0,0,1,0,70.0,0,45.89999999999998,Other Thermal Event,20,LOW
15.18291,76.66628,335.93,0.54,0.51,2026-08-20,739,N21,VIIRS,n,2.0NRT,287.75,8.31,D,VIIRS_NOAA21_NRT,2.450132743362832,226,,239.16529716648904,Abnormal Increase,0,21.59,Food Corporation of India,0,23.82,0,267.27,0,Forest / Woodland,2,1,239.16529716648904,2.41,0,1,1,0,70.0,0,48.18000000000001,Other Thermal Event,30,LOW
9.01934,77.891,342.36,0.4,0.44,2026-08-20,835,N20,VIIRS,n,2.0NRT,301.08,9.86,D,VIIRS_NOAA20_NRT,9.86,1,,0.0,Single Historical Detection,0,18.03,Unnamed Industrial Feature,0,102.7,0,134.62,0,Other,4,1,0.0,0.91,0,0,0,0,70.0,0,41.28000000000003,Agricultural Burning,0,LOW
8.93221,77.96577,367.0,0.33,0.55,2026-08-30,845,N20,VIIRS,h,2.0NRT,293.15,8.66,D,VIIRS_NOAA20_NRT,6.463333333333334,3,,33.98659102630221,Persistent / Stable,0,24.19,SPIC Tuticorin Fertilizers,0,115.23,0,145.02,0,Other,4,1,33.98659102630221,1.16,0,0,1,0,95.0,0,73.85000000000002,Agricultural Burning,10,LOW
11.17724,79.84092,346.86,0.49,0.49,2026-09-08,737,N20,VIIRS,n,2.0NRT,303.51,16.38,D,VIIRS_NOAA20_NRT,13.186666666666667,3,,24.216380182002005,Persistent / Stable,0,45.6,CPCL Nagapattinam,0,64.35,0,45.6,0,Cropland / Agriculture,3,1,24.216380182002005,1.15,0,0,1,0,70.0,0,43.35000000000002,Agricultural Burning,10,LOW
22.36557,87.30296,343.37,0.41,0.37,2026-09-03,733,N20,VIIRS,n,2.0NRT,298.96,9.64,D,VIIRS_NOAA20_NRT,2.6178431372549023,51,,268.24207924500035,Abnormal Increase,0,1.96,Unnamed Industrial Feature,1,175.8,0,86.46,0,Industrial,0,1,268.24207924500035,2.66,0,1,1,0,70.0,0,44.410000000000025,Industrial Fire,55,MEDIUM
10.01859,77.58141,343.03,0.62,0.71,2026-08-21,720,N21,VIIRS,n,2.0NRT,296.89,17.06,D,VIIRS_NOAA21_NRT,15.355,2,,11.103874959296634,Persistent / Stable,0,51.51,Kannan Devan Tea Factory,0,64.17,0,122.69,0,Cropland / Agriculture,3,1,11.103874959296634,1.04,0,0,1,0,70.0,0,46.139999999999986,Forest / Wildfire,20,LOW
10.02841,78.05846,335.35,0.43,0.46,2026-09-05,835,N20,VIIRS,n,2.0NRT,300.7,8.53,D,VIIRS_NOAA20_NRT,5.345,2,,59.588400374181475,Abnormal Increase,0,13.17,TNSTC Ponmeni Bus depot,0,108.0,0,154.16,0,Cropland / Agriculture,3,1,59.588400374181475,1.34,0,0,1,0,70.0,0,34.650000000000034,Agricultural Burning,10,LOW
29.45899,76.86539,343.34,0.49,0.48,2026-08-20,2008,N21,VIIRS,n,2.0NRT,288.53,13.66,N,VIIRS_NOAA21_NRT,9.54925,40,,43.047883341623674,Persistent / Stable,0,12.15,Panipat IOCL Refinery,0,104.38,0,1.87,1,Cropland / Agriculture,3,1,43.047883341623674,1.29,0,0,1,0,70.0,1,54.81,Gas Flare,20,LOW
8.84688,77.52462,344.05,0.61,0.53,2026-09-05,737,N21,VIIRS,n,2.0NRT,303.55,11.27,D,VIIRS_NOAA21_NRT,11.27,1,,0.0,Single Historical Detection,0,13.25,India Cements Sankarnagar,0,78.74,0,103.55,0,Other,4,1,0.0,0.92,0,0,0,0,70.0,0,40.5,Agricultural Burning,0,LOW
18.68586,73.04067,338.76,0.42,0.37,2026-08-21,818,N20,VIIRS,n,2.0NRT,296.96,11.47,D,VIIRS_NOAA20_NRT,2.2832,50,,402.365101611773,Abnormal Increase,0,24.15,ONGC Uran Plant Maharashtra,0,548.61,0,24.05,0,Forest / Woodland,2,1,402.365101611773,3.49,0,1,1,0,70.0,0,41.80000000000001,Other Thermal Event,40,MEDIUM
31.5513,74.73685,337.88,0.38,0.36,2026-09-04,805,N21,VIIRS,n,2.0NRT,299.64,9.12,D,VIIRS_NOAA21_NRT,9.12,1,,0.0,Single Historical Detection,0,19.56,Unnamed Industrial Feature,0,410.45,0,156.3,0,Cropland / Agriculture,3,1,0.0,0.9,0,0,0,0,70.0,0,38.24000000000001,Agricultural Burning,0,LOW
8.90712,77.78218,343.67,0.39,0.44,2026-08-12,828,N21,VIIRS,n,2.0NRT,303.58,9.93,D,VIIRS_NOAA21_NRT,7.975,2,,24.514106583072103,Persistent / Stable,0,24.88,India Cements Sankarnagar,0,102.91,0,126.68,0,Other,4,1,24.514106583072103,1.11,0,0,1,0,70.0,0,40.09000000000003,Agricultural Burning,0,LOW
21.19355,81.41866,350.53,0.42,0.61,2026-09-07,703,N21,VIIRS,n,2.0NRT,289.18,8.94,D,VIIRS_NOAA21_NRT,3.2122222222222225,9,,178.31200276720853,Abnormal Increase,0,0.84,Bhilai 500 MW Expansion Power Project,1,168.41,0,281.29,0,Industrial,0,1,178.31200276720853,2.12,0,1,1,0,70.0,0,61.349999999999966,Industrial Fire,45,MEDIUM
9.18277,78.05066,337.67,0.5,0.41,2026-08-15,828,N20,VIIRS,n,2.0NRT,286.37,8.23,D,VIIRS_NOAA20_NRT,8.23,1,,0.0,Single Historical Detection,0,19.04,Unnamed Industrial Feature,0,107.58,0,149.16,0,Other,4,1,0.0,0.89,0,0,0,0,70.0,0,51.30000000000001,Agricultural Burning,0,LOW
11.04446,77.91675,347.55,0.43,0.38,2026-08-18,816,N21,VIIRS,n,2.0NRT,302.18,8.44,D,VIIRS_NOAA21_NRT,6.595,2,,27.975739196360877,Persistent / Stable,0,8.77,TNPL Paper Mill,0,179.4,0,90.8,0,Cropland / Agriculture,3,1,27.975739196360877,1.11,0,0,1,0,70.0,0,45.370000000000005,Agricultural Burning,0,LOW
31.1214,74.69007,350.72,0.42,0.61,2026-09-01,720,N21,VIIRS,n,2.0NRT,292.99,10.48,D,VIIRS_NOAA21_NRT,11.805,2,,-11.22405760271071,Persistent / Stable,0,64.23,Unnamed Industrial Feature,0,376.72,0,110.33,0,Cropland / Agriculture,3,1,-11.22405760271071,0.82,0,0,1,0,70.0,0,57.73000000000002,Agricultural Burning,0,LOW
17.36462,75.19918,335.39,0.47,0.4,2026-08-27,805,N20,VIIRS,l,2.0NRT,305.04,8.72,D,VIIRS_NOAA20_NRT,8.72,1,,0.0,Single Historical Detection,0,81.0,Agricultural Produce Marketing Committee,0,301.23,0,288.05,0,Forest / Woodland,2,1,0.0,0.9,0,0,0,0,30.0,0,30.349999999999966,Agricultural Burning,0,LOW
9.2187,77.62897,339.64,0.47,0.4,2026-08-23,822,N21,VIIRS,n,2.0NRT,307.61,10.49,D,VIIRS_NOAA21_NRT,10.295,2,,1.8941233608547867,Persistent / Stable,0,18.13,Unnamed Industrial Feature,0,66.42,0,102.7,0,Other,4,1,1.8941233608547867,0.93,0,0,1,0,70.0,0,32.02999999999997,Agricultural Burning,0,LOW
9.45328,77.62675,344.8,0.41,0.37,2026-08-10,820,N20,VIIRS,n,2.0NRT,304.54,8.88,D,VIIRS_NOAA20_NRT,8.88,1,,0.0,Single Historical Detection,0,10.48,Unnamed Industrial Feature,0,52.98,0,103.68,0,Other,4,1,0.0,0.9,0,0,0,0,70.0,0,40.25999999999999,Agricultural Burning,0,LOW
13.36684,80.15215,347.03,0.59,0.7,2026-08-11,707,N21,VIIRS,n,2.0NRT,289.65,12.38,D,VIIRS_NOAA21_NRT,8.115,2,,52.55699322242761,Abnormal Increase,0,6.88,Unnamed Industrial Feature,0,24.81,0,25.22,0,Cropland / Agriculture,3,1,52.55699322242761,1.36,0,0,1,0,70.0,0,57.379999999999995,Agricultural Burning,20,LOW
14.21367,79.15493,339.22,0.63,0.54,2026-08-10,729,N21,VIIRS,n,2.0NRT,295.11,8.95,D,VIIRS_NOAA21_NRT,7.455,2,,20.05365526492286,Persistent / Stable,0,63.72,TTD Transport Yard,0,167.85,0,167.34,0,Cropland / Agriculture,3,1,20.05365526492286,1.06,0,0,1,0,70.0,0,44.110000000000014,Agricultural Burning,0,LOW
21.10283,72.64758,339.05,0.38,0.36,2026-08-26,824,N20,VIIRS,n,2.0NRT,302.09,11.92,D,VIIRS_NOAA20_NRT,4.875096774193549,155,,144.50796675665657,Abnormal Increase,0,0.88,ArcelorMittal Nippon Steel India,1,378.25,0,0.85,1,Industrial,0,1,144.50796675665657,2.03,0,1,1,0,70.0,0,36.960000000000036,Gas Flare,45,MEDIUM
29.45525,76.87004,329.19,0.49,0.65,2026-08-22,845,N21,VIIRS,n,2.0NRT,292.01,9.06,D,VIIRS_NOAA21_NRT,10.864848484848483,33,,-16.611814581357713,Persistent / Stable,0,11.54,Panipat IOCL Refinery,0,103.82,0,1.9,1,Cropland / Agriculture,3,1,-16.611814581357713,0.76,0,0,1,0,70.0,0,37.18000000000001,Gas Flare,5,LOW
20.79373,85.25279,337.35,0.43,0.38,2026-09-05,741,N21,VIIRS,n,2.0NRT,302.21,11.33,D,VIIRS_NOAA21_NRT,4.153833333333334,60,,172.76010111142315,Abnormal Increase,0,1.44,Meramandali Power Station,1,17.71,0,152.72,0,Industrial,0,1,172.76010111142315,2.2,0,1,1,0,70.0,0,35.14000000000004,Industrial Fire,45,MEDIUM
9.97086,78.1619,338.94,0.43,0.38,2026-09-03,816,N21,VIIRS,n,2.0NRT,305.27,10.42,D,VIIRS_NOAA21_NRT,10.42,1,,0.0,Single Historical Detection,0,8.66,Tourist bus parking,0,115.95,0,166.66,0,Other,4,1,0.0,0.91,0,0,0,0,70.0,0,33.670000000000016,Agricultural Burning,0,LOW
14.25786,80.12138,336.17,0.39,0.36,2026-08-30,752,N21,VIIRS,l,2.0NRT,304.46,9.42,D,VIIRS_NOAA21_NRT,9.42,1,,0.0,Single Historical Detection,0,22.51,Fodd Corporation of India Godowns,0,117.77,0,121.64,0,Cropland / Agriculture,3,1,0.0,0.9,0,0,0,0,30.0,0,31.710000000000036,Agricultural Burning,0,LOW
10.10463,77.69885,343.44,0.42,0.37,2026-08-18,816,N21,VIIRS,n,2.0NRT,305.52,11.17,D,VIIRS_NOAA21_NRT,11.17,1,,0.0,Single Historical Detection,0,43.22,Chicken shop,0,80.05,0,122.87,0,Cropland / Agriculture,3,1,0.0,0.92,0,0,0,0,70.0,0,37.920000000000016,Agricultural Burning,0,LOW
10.88172,79.22351,342.04,0.51,0.5,2026-08-12,828,N21,VIIRS,n,2.0NRT,300.56,8.97,D,VIIRS_NOAA21_NRT,8.97,1,,0.0,Single Historical Detection,0,17.6,Central Warehouse Corporation,0,113.4,0,69.05,0,Cropland / Agriculture,3,1,0.0,0.9,0,0,0,0,70.0,0,41.48000000000002,Agricultural Burning,0,LOW
15.90541,79.62249,342.05,0.42,0.38,2026-09-01,809,N20,VIIRS,n,2.0NRT,305.56,16.99,D,VIIRS_NOAA20_NRT,16.99,2,,0.0,Persistent / Stable,0,28.13,kummitha's farm,0,301.47,0,198.31,0,Cropland / Agriculture,3,1,0.0,0.94,0,0,1,0,70.0,0,36.49000000000001,Forest / Wildfire,15,LOW
14.7626,79.65701,337.34,0.53,0.42,2026-09-05,739,N21,VIIRS,n,2.0NRT,305.71,8.58,D,VIIRS_NOAA21_NRT,7.285,2,,17.776252573781743,Persistent / Stable,0,55.21,Fodd Corporation of India Godowns,0,186.25,0,188.8,0,Cropland / Agriculture,3,1,17.776252573781743,1.04,0,0,1,0,70.0,0,31.629999999999995,Agricultural Burning,0,LOW
15.18071,79.9314,331.23,0.51,0.41,2026-09-05,739,N21,VIIRS,n,2.0NRT,298.08,8.37,D,VIIRS_NOAA21_NRT,8.37,1,,0.0,Single Historical Detection,0,13.67,COW Farm,0,222.39,0,226.18,0,Cropland / Agriculture,3,1,0.0,0.89,0,0,0,0,70.0,0,33.150000000000034,Agricultural Burning,0,LOW
9.20698,77.93936,332.0,0.43,0.62,2026-08-27,848,N21,VIIRS,n,2.0NRT,296.61,9.27,D,VIIRS_NOAA21_NRT,8.053333333333333,3,,15.10761589403974,Persistent / Stable,0,7.41,Unnamed Industrial Feature,0,95.47,0,136.77,0,Other,4,1,15.10761589403974,1.02,0,0,1,0,70.0,0,35.389999999999986,Agricultural Burning,0,LOW
25.56323,88.43333,295.19,0.79,0.78,2026-08-11,1851,N20,VIIRS,n,2.0NRT,284.91,9.22,N,VIIRS_NOAA20_NRT,8.83,2,,4.41676104190261,Persistent / Stable,0,62.48,Unnamed Industrial Feature,0,143.02,0,235.03,0,Other,4,1,4.41676104190261,0.94,0,0,1,0,70.0,1,10.279999999999973,Agricultural Burning,0,LOW
8.62842,77.79488,343.54,0.59,0.53,2026-09-05,737,N21,VIIRS,n,2.0NRT,300.2,9.66,D,VIIRS_NOAA21_NRT,10.176666666666668,3,,-5.0769734687193,Persistent / Stable,0,44.05,SPIC Tuticorin Fertilizers,0,99.42,0,141.43,0,Other,4,1,-5.0769734687193,0.86,0,0,1,0,70.0,0,43.34000000000003,Agricultural Burning,0,LOW
12.17855,79.73819,345.4,0.45,0.39,2026-08-29,809,N21,VIIRS,n,2.0NRT,305.64,11.61,D,VIIRS_NOAA21_NRT,11.899999999999999,2,,-2.4369747899159595,Persistent / Stable,0,20.19,Workshop,0,47.6,0,119.09,0,Cropland / Agriculture,3,1,-2.4369747899159595,0.9,0,0,1,0,70.0,0,39.75999999999999,Agricultural Burning,0,LOW
9.7496,78.01988,342.77,0.44,0.63,2026-09-03,731,N20,VIIRS,n,2.0NRT,297.86,9.94,D,VIIRS_NOAA20_NRT,10.27,2,,-3.213242453748784,Persistent / Stable,0,20.64,TNSTC Ponmeni Bus depot,0,94.49,0,153.85,0,Other,4,1,-3.213242453748784,0.88,0,0,1,0,70.0,0,44.90999999999997,Agricultural Burning,0,LOW
14.26657,79.09671,336.51,0.4,0.37,2026-09-01,809,N20,VIIRS,n,2.0NRT,300.0,8.39,D,VIIRS_NOAA20_NRT,4.7425,4,,76.91091196626255,Abnormal Increase,0,71.47,TTD Transport Yard,0,176.45,0,175.94,0,Cropland / Agriculture,3,1,76.91091196626255,1.46,0,0,1,0,70.0,0,36.50999999999999,Agricultural Burning,10,LOW
9.1435,77.5413,342.79,0.38,0.44,2026-09-05,835,N20,VIIRS,n,2.0NRT,304.2,13.91,D,VIIRS_NOAA20_NRT,4.663333333333333,6,,198.28448892065762,Abnormal Increase,0,20.52,India Cements Sankarnagar,0,65.8,0,94.22,0,Other,4,1,198.28448892065762,2.46,0,1,1,0,70.0,0,38.59000000000003,Other Thermal Event,40,MEDIUM
13.21487,78.82461,337.51,0.5,0.41,2026-08-10,822,N20,VIIRS,n,2.0NRT,302.15,9.5,D,VIIRS_NOAA20_NRT,9.5,2,,0.0,Persistent / Stable,0,63.17,SIPCOT Ranipet Industrial Estate,0,138.95,0,108.85,0,Cropland / Agriculture,3,1,0.0,0.9,0,0,1,0,70.0,0,35.360000000000014,Agricultural Burning,0,LOW
11.99543,79.53955,338.87,0.4,0.37,2026-09-01,809,N20,VIIRS,n,2.0NRT,307.58,9.74,D,VIIRS_NOAA20_NRT,9.74,1,,0.0,Single Historical Detection,0,29.81,Workshop,0,36.71,0,140.57,0,Cropland / Agriculture,3,1,0.0,0.91,0,0,0,0,70.0,0,31.29000000000002,Agricultural Burning,0,LOW
21.7539,83.84416,340.58,0.54,0.42,2026-09-07,801,N20,VIIRS,n,2.0NRT,298.58,9.39,D,VIIRS_NOAA20_NRT,4.770121951219513,82,,96.85031317908727,Abnormal Increase,0,5.37,Unnamed Industrial Feature,0,96.31,0,25.43,0,Other,4,1,96.85031317908727,1.63,0,0,1,0,70.0,0,42.0,Other Thermal Event,20,LOW
8.88693,78.10458,335.91,0.44,0.38,2026-08-19,758,N21,VIIRS,l,2.0NRT,302.4,9.25,D,VIIRS_NOAA21_NRT,7.34,3,,26.021798365122617,Persistent / Stable,0,9.63,SPIC Tuticorin Fertilizers,0,130.21,0,161.06,0,Other,4,1,26.021798365122617,1.11,0,0,1,0,30.0,0,33.51000000000005,Agricultural Burning,0,LOW
13.81982,79.34018,332.98,0.48,0.48,2026-08-31,733,N21,VIIRS,n,2.0NRT,281.5,8.45,D,VIIRS_NOAA21_NRT,3.2887500000000003,8,,156.9365260357278,Abnormal Increase,0,16.33,TTD Transport Yard,0,125.46,0,123.98,0,Cropland / Agriculture,3,1,156.9365260357278,1.97,0,1,1,0,70.0,0,51.48000000000002,Other Thermal Event,30,LOW
11.03685,78.74722,339.8,0.41,0.37,2026-09-06,816,N20,VIIRS,n,2.0NRT,298.27,8.68,D,VIIRS_NOAA20_NRT,8.68,1,,0.0,Single Historical Detection,0,25.67,Trichy Steel Company,0,136.62,0,123.55,0,Cropland / Agriculture,3,1,0.0,0.9,0,0,0,0,70.0,0,41.53000000000003,Agricultural Burning,0,LOW
9.75909,77.51995,355.55,0.49,0.48,2026-08-29,2000,N20,VIIRS,n,2.0NRT,295.61,9.74,N,VIIRS_NOAA20_NRT,5.6816666666666675,6,,71.4285714285714,Abnormal Increase,0,41.89,Bismi Chicken store,0,41.89,0,104.24,0,Other,4,1,71.4285714285714,1.46,0,0,1,0,70.0,1,59.94,Other Thermal Event,20,LOW
21.10612,72.647,344.97,0.38,0.36,2026-08-26,824,N20,VIIRS,n,2.0NRT,302.32,11.92,D,VIIRS_NOAA20_NRT,4.875096774193549,155,,144.50796675665657,Abnormal Increase,0,0.54,ArcelorMittal Nippon Steel India,1,377.91,0,1.0,1,Industrial,0,1,144.50796675665657,2.03,0,1,1,0,70.0,0,42.650000000000034,Gas Flare,45,MEDIUM
22.36498,87.30222,339.31,0.44,0.38,2026-08-19,716,N20,VIIRS,n,2.0NRT,297.24,8.62,D,VIIRS_NOAA20_NRT,2.6178431372549023,51,,229.27870571492767,Abnormal Increase,0,1.86,Unnamed Industrial Feature,1,175.82,0,86.5,0,Industrial,0,1,229.27870571492767,2.38,0,1,1,0,70.0,0,42.06999999999999,Industrial Fire,45,MEDIUM
10.78625,77.79347,343.36,0.43,0.38,2026-09-03,816,N21,VIIRS,n,2.0NRT,305.5,9.5,D,VIIRS_NOAA21_NRT,9.955,2,,-4.570567553992969,Persistent / Stable,0,36.98,TNPL Paper Mill,0,147.72,0,82.28,0,Cropland / Agriculture,3,1,-4.570567553992969,0.87,0,0,1,0,70.0,0,37.860000000000014,Agricultural Burning,0,LOW
23.77771,86.20815,329.0,0.52,0.5,2026-08-30,754,N21,VIIRS,n,2.0NRT,288.71,11.8,D,VIIRS_NOAA21_NRT,3.0518750000000003,48,,286.647552733975,Abnormal Increase,0,7.04,Unnamed Industrial Feature,0,17.68,0,184.49,0,Other,4,1,286.647552733975,2.91,0,1,1,0,70.0,0,40.29000000000002,Other Thermal Event,40,MEDIUM
16.98302,81.56271,338.91,0.39,0.36,2026-08-14,752,N21,VIIRS,n,2.0NRT,291.54,9.67,D,VIIRS_NOAA21_NRT,9.67,1,,0.0,Single Historical Detection,0,16.83,Unnamed Industrial Feature,0,408.05,0,73.09,0,Cropland / Agriculture,3,1,0.0,0.91,0,0,0,0,70.0,0,47.370000000000005,Agricultural Burning,0,LOW
9.64663,77.65572,341.87,0.39,0.44,2026-08-12,828,N21,VIIRS,n,2.0NRT,305.97,9.7,D,VIIRS_NOAA21_NRT,5.505,6,,76.20345140781107,Abnormal Increase,0,30.4,Unnamed Industrial Feature,0,53.44,0,112.42,0,Other,4,1,76.20345140781107,1.49,0,0,1,0,70.0,0,35.89999999999998,Other Thermal Event,20,LOW
23.64727,85.43806,342.63,0.52,0.42,2026-08-11,709,N21,VIIRS,n,2.0NRT,298.58,10.29,D,VIIRS_NOAA21_NRT,3.0220454545454554,44,,240.49785665939672,Abnormal Increase,0,2.49,Unnamed Industrial Feature,1,48.7,0,208.12,0,Other,4,1,240.49785665939672,2.56,0,1,1,0,70.0,0,44.05000000000001,Industrial Fire,30,LOW
27.45672,70.78687,352.55,0.57,0.52,2026-09-02,756,N20,VIIRS,n,2.0NRT,304.5,9.37,D,VIIRS_NOAA20_NRT,9.46,2,,-0.9513742071881779,Persistent / Stable,0,161.23,Unnamed Industrial Feature,0,305.59,0,184.04,0,Other,4,1,-0.9513742071881779,0.9,0,0,1,0,70.0,0,48.05000000000001,Agricultural Burning,0,LOW
14.65638,75.65396,339.8,0.64,0.54,2026-08-28,746,N20,VIIRS,n,2.0NRT,295.19,12.07,D,VIIRS_NOAA20_NRT,10.354000000000001,5,,16.573305002897424,Persistent / Stable,0,19.98,Harihar Polyfibers & Grasilene Division,0,22.05,0,166.65,0,Forest / Woodland,2,1,16.573305002897424,1.06,0,0,1,0,70.0,0,44.610000000000014,Agricultural Burning,10,LOW
20.96821,86.01177,341.58,0.47,0.48,2026-09-07,801,N20,VIIRS,n,2.0NRT,296.75,12.09,D,VIIRS_NOAA20_NRT,3.8306521739130432,46,,215.61205379944388,Abnormal Increase,0,0.38,TATA Steel,1,82.24,0,99.14,0,Industrial,0,1,215.61205379944388,2.5,0,1,1,0,70.0,0,44.829999999999984,Industrial Fire,55,MEDIUM
14.15374,79.6483,340.24,0.59,0.53,2026-08-10,729,N21,VIIRS,n,2.0NRT,296.51,9.77,D,VIIRS_NOAA21_NRT,5.915,2,,65.17328825021131,Abnormal Increase,0,37.16,Fodd Corporation of India Godowns,0,127.08,0,128.26,0,Cropland / Agriculture,3,1,65.17328825021131,1.41,0,0,1,0,70.0,0,43.73000000000002,Agricultural Burning,10,LOW
23.68136,86.0927,329.91,0.46,0.39,2026-09-05,2010,N21,VIIRS,n,2.0NRT,291.39,8.96,N,VIIRS_NOAA21_NRT,2.521153846153846,78,,255.39282990083913,Abnormal Increase,0,1.05,Bokaro Steel Plant,1,17.4,0,194.62,0,Industrial,0,1,255.39282990083913,2.54,0,1,1,0,70.0,1,38.52000000000004,Industrial Fire,55,MEDIUM
9.52986,78.55909,344.82,0.32,0.55,2026-08-31,731,N21,VIIRS,n,2.0NRT,295.68,10.57,D,VIIRS_NOAA21_NRT,10.57,1,,0.0,Single Historical Detection,0,65.84,Tourist bus parking,0,152.58,0,196.82,0,Other,4,1,0.0,0.91,0,0,0,0,70.0,0,49.139999999999986,Agricultural Burning,0,LOW
12.39398,75.85985,335.37,0.43,0.38,2026-09-01,809,N20,VIIRS,n,2.0NRT,290.63,11.18,D,VIIRS_NOAA20_NRT,11.18,1,,0.0,Single Historical Detection,0,14.09,Unnamed Industrial Feature,0,112.23,0,112.23,0,Forest / Woodland,2,1,0.0,0.92,0,0,0,0,70.0,0,44.74000000000001,Agricultural Burning,0,LOW
10.23588,79.19627,338.92,0.49,0.4,2026-09-03,816,N21,VIIRS,n,2.0NRT,303.12,9.69,D,VIIRS_NOAA21_NRT,7.369999999999999,2,,31.478968792401634,Persistent / Stable,0,58.99,Central Warehouse Corporation,0,179.66,0,92.3,0,Cropland / Agriculture,3,1,31.478968792401634,1.16,0,0,1,0,70.0,0,35.80000000000001,Agricultural Burning,0,LOW
32.00023,78.53627,343.6,0.47,0.48,2026-08-24,724,N20,VIIRS,n,2.0NRT,309.57,8.91,D,VIIRS_NOAA20_NRT,14.92,2,,-40.28150134048257,Persistent / Stable,0,154.49,Water Treatment Plant,0,396.12,0,293.86,0,Cropland / Agriculture,3,1,-40.28150134048257,0.56,0,0,1,0,70.0,0,34.03000000000003,Agricultural Burning,0,LOW
8.77137,77.9758,348.15,0.39,0.36,2026-09-06,816,N20,VIIRS,n,2.0NRT,308.01,15.66,D,VIIRS_NOAA20_NRT,15.66,1,,0.0,Single Historical Detection,0,19.65,SPIC Tuticorin Fertilizers,0,122.04,0,151.97,0,Other,4,1,0.0,0.94,0,0,0,0,70.0,0,40.139999999999986,Forest / Wildfire,15,LOW
22.37667,87.27975,338.08,0.53,0.42,2026-08-22,703,N21,VIIRS,n,2.0NRT,293.11,8.72,D,VIIRS_NOAA21_NRT,3.9493103448275866,58,,120.79804418056403,Abnormal Increase,0,1.01,Unnamed Industrial Feature,1,173.46,0,89.15,0,Industrial,0,1,120.79804418056403,1.76,0,1,1,0,70.0,0,44.96999999999997,Industrial Fire,45,MEDIUM
9.49129,78.61803,336.21,0.49,0.4,2026-08-14,750,N21,VIIRS,n,2.0NRT,301.61,12.14,D,VIIRS_NOAA21_NRT,12.14,1,,0.0,Single Historical Detection,0,73.54,Tourist bus parking,0,159.33,0,195.35,0,Other,4,1,0.0,0.92,0,0,0,0,70.0,0,34.599999999999966,Agricultural Burning,5,LOW
15.10593,79.37793,341.84,0.47,0.4,2026-08-21,816,N20,VIIRS,n,2.0NRT,301.9,16.95,D,VIIRS_NOAA20_NRT,11.49,2,,47.519582245430804,Persistent / Stable,0,70.86,COW Farm,0,233.41,0,235.58,0,Cropland / Agriculture,3,1,47.519582245430804,1.36,0,0,1,0,70.0,0,39.94,Forest / Wildfire,20,LOW
10.02387,77.57968,350.54,0.62,0.71,2026-08-21,720,N21,VIIRS,n,2.0NRT,297.52,13.65,D,VIIRS_NOAA21_NRT,20.036666666666665,3,,-31.874896023956072,Persistent / Stable,0,51.22,Kannan Devan Tea Factory,0,64.45,0,122.61,0,Cropland / Agriculture,3,1,-31.874896023956072,0.65,0,0,1,0,70.0,0,53.02000000000004,Agricultural Burning,5,LOW
14.55706,77.39198,338.34,0.44,0.39,2026-08-10,822,N20,VIIRS,n,2.0NRT,290.59,8.6,D,VIIRS_NOAA20_NRT,8.99,2,,-4.338153503893221,Persistent / Stable,0,68.75,Loco Shed,0,83.19,0,181.51,0,Cropland / Agriculture,3,1,-4.338153503893221,0.86,0,0,1,0,70.0,0,47.75,Agricultural Burning,0,LOW
8.74992,77.84068,335.67,0.58,0.52,2026-09-05,737,N21,VIIRS,n,2.0NRT,298.97,15.53,D,VIIRS_NOAA21_NRT,15.53,1,,0.0,Single Historical Detection,0,34.67,SPIC Tuticorin Fertilizers,0,107.07,0,139.38,0,Other,4,1,0.0,0.94,0,0,0,0,70.0,0,36.69999999999999,Forest / Wildfire,15,LOW
12.45564,77.96281,332.53,0.54,0.42,2026-08-15,828,N20,VIIRS,n,2.0NRT,292.7,13.54,D,VIIRS_NOAA20_NRT,13.54,1,,0.0,Single Historical Detection,0,27.9,TANSI,0,72.71,0,60.19,0,Cropland / Agriculture,3,1,0.0,0.93,0,0,0,0,70.0,0,39.829999999999984,Agricultural Burning,5,LOW
8.86602,78.08418,348.47,0.42,0.38,2026-09-03,816,N21,VIIRS,n,2.0NRT,306.22,13.83,D,VIIRS_NOAA21_NRT,8.42,6,,64.25178147268409,Abnormal Increase,0,9.33,SPIC Tuticorin Fertilizers,0,129.92,0,159.59,0,Other,4,1,64.25178147268409,1.47,0,0,1,0,70.0,0,42.25,Other Thermal Event,30,LOW
9.53123,77.45007,347.58,0.59,0.53,2026-08-10,2055,N20,VIIRS,n,2.0NRT,291.65,10.75,N,VIIRS_NOAA20_NRT,3.344,10,,221.47129186602874,Abnormal Increase,0,30.56,Unnamed Industrial Feature,0,31.89,0,86.9,0,Other,4,1,221.47129186602874,2.47,0,1,1,0,70.0,1,55.93000000000001,Other Thermal Event,30,LOW
9.89958,77.78525,339.16,0.49,0.4,2026-08-23,822,N21,VIIRS,n,2.0NRT,303.59,13.81,D,VIIRS_NOAA21_NRT,13.81,1,,0.0,Single Historical Detection,0,34.57,TNSTC Ponmeni Bus depot,0,74.83,0,137.23,0,Other,4,1,0.0,0.93,0,0,0,0,70.0,0,35.57000000000005,Agricultural Burning,5,LOW
25.56276,88.4414,295.25,0.79,0.78,2026-08-11,1851,N20,VIIRS,n,2.0NRT,285.08,8.44,N,VIIRS_NOAA20_NRT,8.83,2,,-4.41676104190261,Persistent / Stable,0,62.81,Unnamed Industrial Feature,0,142.22,0,234.34,0,Other,4,1,-4.41676104190261,0.86,0,0,1,0,70.0,1,10.170000000000016,Agricultural Burning,0,LOW
20.79287,85.25444,338.42,0.44,0.46,2026-09-07,1932,N21,VIIRS,n,2.0NRT,290.03,9.84,N,VIIRS_NOAA21_NRT,4.179491525423729,59,,135.43533801046271,Abnormal Increase,0,1.43,Tata Steel Meramandali,1,17.83,0,152.52,0,Industrial,0,1,135.43533801046271,1.9,0,1,1,0,70.0,1,48.39000000000004,Industrial Fire,45,MEDIUM
14.7651,77.04733,347.22,0.39,0.36,2026-09-06,816,N20,VIIRS,n,2.0NRT,307.53,8.96,D,VIIRS_NOAA20_NRT,8.96,1,,0.0,Single Historical Detection,0,43.76,Bellary JSW Steel Plant,0,44.93,0,215.82,0,Cropland / Agriculture,3,1,0.0,0.9,0,0,0,0,70.0,0,39.690000000000055,Agricultural Burning,0,LOW
23.55893,87.23925,343.58,0.5,0.41,2026-08-30,709,N20,VIIRS,n,2.0NRT,291.53,14.28,D,VIIRS_NOAA20_NRT,2.9255263157894738,38,,388.1172978321489,Abnormal Increase,0,3.19,Durgapur Steel Plant,0,85.84,0,190.04,0,Other,4,1,388.1172978321489,3.64,0,1,1,0,70.0,0,52.05000000000001,Industrial Fire,50,MEDIUM
17.6793,75.30967,333.82,0.45,0.47,2026-09-02,837,N21,VIIRS,n,2.0NRT,297.15,8.02,D,VIIRS_NOAA21_NRT,7.82,2,,2.557544757033239,Persistent / Stable,0,74.58,Hotgi Cement Works,0,327.24,0,278.74,0,Forest / Woodland,2,1,2.557544757033239,0.91,0,0,1,0,70.0,0,36.670000000000016,Agricultural Burning,0,LOW
15.08338,77.32011,343.03,0.4,0.37,2026-09-06,816,N20,VIIRS,n,2.0NRT,305.11,8.28,D,VIIRS_NOAA20_NRT,8.7525,4,,-5.39845758354756,Persistent / Stable,0,11.01,Loco Shed,0,43.58,0,240.09,0,Cropland / Agriculture,3,1,-5.39845758354756,0.85,0,0,1,0,70.0,0,37.91999999999996,Agricultural Burning,0,LOW
23.73679,86.4326,340.33,0.53,0.42,2026-09-05,741,N21,VIIRS,n,2.0NRT,296.6,9.67,D,VIIRS_NOAA21_NRT,2.425869565217391,46,,298.6199480240165,Abnormal Increase,0,5.81,Unnamed Industrial Feature,0,1.33,1,192.15,0,Mining,1,1,298.6199480240165,2.82,0,1,1,0,70.0,0,43.72999999999996,Mining Activity,25,LOW
21.102,72.63538,337.48,0.39,0.37,2026-08-31,833,N20,VIIRS,n,2.0NRT,299.47,9.17,D,VIIRS_NOAA20_NRT,4.870454545454545,154,,88.27811479234718,Abnormal Increase,0,0.25,Hazira Industrial Complex SURAT,1,378.71,0,0.35,1,Industrial,0,1,88.27811479234718,1.56,0,0,1,0,70.0,0,38.00999999999999,Gas Flare,35,LOW
10.85161,78.75615,340.1,0.41,0.37,2026-08-29,809,N21,VIIRS,n,2.0NRT,307.17,8.61,D,VIIRS_NOAA21_NRT,8.61,1,,0.0,Single Historical Detection,0,6.76,Trichy Steel Company,0,148.84,0,119.29,0,Cropland / Agriculture,3,1,0.0,0.9,0,0,0,0,70.0,0,32.93000000000001,Agricultural Burning,0,LOW
9.75463,77.51933,333.11,0.49,0.48,2026-08-29,2000,N20,VIIRS,n,2.0NRT,292.28,9.74,N,VIIRS_NOAA20_NRT,5.6816666666666675,6,,71.4285714285714,Abnormal Increase,0,41.63,Bismi Chicken store,0,41.63,0,103.94,0,Other,4,1,71.4285714285714,1.46,0,0,1,0,70.0,1,40.83000000000004,Other Thermal Event,20,LOW
21.10363,72.64727,341.64,0.39,0.36,2026-09-03,820,N21,VIIRS,n,2.0NRT,302.04,9.19,D,VIIRS_NOAA21_NRT,4.875096774193549,155,,88.50907839712028,Abnormal Increase,0,0.78,ArcelorMittal Nippon Steel India,1,378.17,0,0.86,1,Industrial,0,1,88.50907839712028,1.56,0,0,1,0,70.0,0,39.599999999999966,Gas Flare,35,LOW
12.19458,76.79126,340.22,0.61,0.53,2026-09-07,841,N21,VIIRS,n,2.0NRT,296.11,14.03,D,VIIRS_NOAA21_NRT,14.03,1,,0.0,Single Historical Detection,0,8.28,Unnamed Industrial Feature,0,120.88,0,112.57,0,Forest / Woodland,2,1,0.0,0.93,0,0,0,0,70.0,0,44.110000000000014,Forest / Wildfire,15,LOW
11.15095,78.03052,334.43,0.7,0.75,2026-09-01,714,N21,VIIRS,n,2.0NRT,293.33,14.18,D,VIIRS_NOAA21_NRT,10.4575,4,,35.596461869471675,Persistent / Stable,0,11.57,TNPL Paper Mill,0,195.44,0,101.2,0,Cropland / Agriculture,3,1,35.596461869471675,1.24,0,0,1,0,70.0,0,41.10000000000002,Agricultural Burning,10,LOW
10.42191,79.25281,367.0,0.41,0.45,2026-09-08,822,N21,VIIRS,h,2.0NRT,309.42,13.69,D,VIIRS_NOAA21_NRT,37.12833333333333,6,,-63.12788975176191,Persistent / Reduced,0,40.43,Central Warehouse Corporation,0,158.11,0,75.25,0,Cropland / Agriculture,3,1,-63.12788975176191,0.36,0,0,1,0,95.0,0,57.579999999999984,Other Thermal Event,25,LOW
20.79323,85.25481,337.99,0.44,0.46,2026-09-07,1932,N21,VIIRS,n,2.0NRT,289.68,8.31,N,VIIRS_NOAA21_NRT,4.153833333333334,60,,100.05617301287965,Abnormal Increase,0,1.37,Tata Steel Meramandali,1,17.8,0,152.5,0,Industrial,0,1,100.05617301287965,1.61,0,1,1,0,70.0,1,48.31,Industrial Fire,45,MEDIUM
15.55275,79.64386,307.83,0.34,0.56,2026-09-04,1947,N20,VIIRS,n,2.0NRT,289.81,8.43,N,VIIRS_NOAA20_NRT,5.883636363636364,11,,43.27873918417799,Persistent / Stable,0,30.39,kummitha's farm,0,269.81,0,234.32,0,Cropland / Agriculture,3,1,43.27873918417799,1.22,0,0,1,0,70.0,1,18.019999999999982,Other Thermal Event,10,LOW
11.12016,76.91273,342.38,0.47,0.48,2026-09-02,750,N20,VIIRS,n,2.0NRT,297.55,12.59,D,VIIRS_NOAA20_NRT,12.59,1,,0.0,Single Historical Detection,0,2.3,KSB Pumps,1,73.91,0,21.06,0,Other,4,1,0.0,0.93,0,0,0,0,70.0,0,44.829999999999984,Other Thermal Event,15,LOW
22.37538,87.27899,330.44,0.57,0.43,2026-08-28,746,N20,VIIRS,n,2.0NRT,292.8,10.47,D,VIIRS_NOAA20_NRT,3.9076271186440676,59,,167.93754066363047,Abnormal Increase,0,1.14,Unnamed Industrial Feature,1,173.54,0,89.16,0,Industrial,0,1,167.93754066363047,2.13,0,1,1,0,70.0,0,37.639999999999986,Industrial Fire,45,MEDIUM
8.42499,77.62149,336.79,0.46,0.39,2026-08-23,822,N21,VIIRS,l,2.0NRT,307.22,8.42,D,VIIRS_NOAA21_NRT,4.475,2,,88.1564245810056,Abnormal Increase,0,41.22,Madura Coats,0,79.78,0,140.08,0,Other,4,1,88.1564245810056,1.54,0,0,1,0,30.0,0,29.569999999999993,Agricultural Burning,0,LOW
12.85167,79.90427,341.34,0.38,0.36,2026-08-12,2019,N20,VIIRS,n,2.0NRT,285.65,9.3,N,VIIRS_NOAA20_NRT,4.21125,8,,120.8370436331256,Abnormal Increase,0,14.03,Unnamed Industrial Feature,0,31.97,0,49.21,0,Cropland / Agriculture,3,1,120.8370436331256,1.78,0,1,1,0,70.0,1,55.69,Other Thermal Event,30,LOW
9.44426,77.67081,348.44,0.54,0.42,2026-08-30,750,N21,VIIRS,n,2.0NRT,298.89,16.1,D,VIIRS_NOAA21_NRT,11.603750000000002,8,,38.74824948831196,Persistent / Stable,0,7.84,Unnamed Industrial Feature,0,57.88,0,108.28,0,Other,4,1,38.74824948831196,1.28,0,0,1,0,70.0,0,49.55000000000001,Other Thermal Event,20,LOW
14.16654,79.82394,342.83,0.63,0.54,2026-08-28,830,N21,VIIRS,n,2.0NRT,295.62,8.73,D,VIIRS_NOAA21_NRT,8.73,1,,0.0,Single Historical Detection,0,22.88,Fodd Corporation of India Godowns,0,118.51,0,120.63,0,Cropland / Agriculture,3,1,0.0,0.9,0,0,0,0,70.0,0,47.20999999999998,Agricultural Burning,0,LOW
21.10421,72.64756,332.4,0.53,0.42,2026-09-04,2029,N21,VIIRS,n,2.0NRT,293.92,8.22,N,VIIRS_NOAA21_NRT,4.875096774193549,155,,68.61203747816418,Abnormal Increase,0,0.74,ArcelorMittal Nippon Steel India,1,378.1,0,0.91,1,Industrial,0,1,68.61203747816418,1.4,0,0,1,0,70.0,1,38.47999999999996,Gas Flare,35,LOW
11.84283,78.90457,340.49,0.39,0.36,2026-09-01,809,N20,VIIRS,l,2.0NRT,311.25,8.25,D,VIIRS_NOAA20_NRT,10.465,2,,-21.165790731008123,Persistent / Stable,0,63.93,Ramco Cements,0,94.4,0,157.54,0,Cropland / Agriculture,3,1,-21.165790731008123,0.72,0,0,1,0,30.0,0,29.24000000000001,Agricultural Burning,0,LOW
20.96558,85.16853,323.35,0.56,0.52,2026-08-19,2029,N21,VIIRS,n,2.0NRT,288.44,8.27,N,VIIRS_NOAA21_NRT,3.5898198198198195,111,,130.37367932341206,Abnormal Increase,0,5.39,Unnamed Industrial Feature,0,5.62,0,157.54,0,Other,4,1,130.37367932341206,1.8,0,1,1,0,70.0,1,34.910000000000025,Mining Activity,15,LOW
27.95698,95.60178,331.25,0.43,0.38,2026-08-13,633,N21,VIIRS,l,2.0NRT,303.84,12.39,D,VIIRS_NOAA21_NRT,9.325,6,,32.868632707774815,Persistent / Stable,0,56.47,Truck Stand and Weight Bridge,0,623.97,0,63.06,0,Forest / Woodland,2,1,32.868632707774815,1.2,0,0,1,0,30.0,0,27.410000000000025,Other Thermal Event,10,LOW
14.2812,77.43176,346.66,0.44,0.39,2026-08-10,822,N20,VIIRS,n,2.0NRT,300.92,9.94,D,VIIRS_NOAA20_NRT,6.8199999999999985,11,,45.74780058651029,Persistent / Stable,0,99.64,Loco Shed,0,111.18,0,150.87,0,Cropland / Agriculture,3,1,45.74780058651029,1.27,0,0,1,0,70.0,0,45.74000000000001,Other Thermal Event,10,LOW
11.12294,77.05234,343.69,0.47,0.39,2026-09-08,822,N21,VIIRS,n,2.0NRT,310.02,15.77,D,VIIRS_NOAA21_NRT,15.77,1,,0.0,Single Historical Detection,0,8.0,Unnamed Industrial Feature,0,89.03,0,11.03,0,Cropland / Agriculture,3,1,0.0,0.94,0,0,0,0,70.0,0,33.670000000000016,Forest / Wildfire,15,LOW
9.20908,77.63577,341.99,0.59,0.52,2026-08-12,744,N20,VIIRS,n,2.0NRT,299.03,10.1,D,VIIRS_NOAA20_NRT,10.295,2,,-1.8941233608547867,Persistent / Stable,0,18.95,Unnamed Industrial Feature,0,67.68,0,103.54,0,Other,4,1,-1.8941233608547867,0.89,0,0,1,0,70.0,0,42.960000000000036,Agricultural Burning,0,LOW
11.85452,78.7256,342.68,0.48,0.4,2026-08-18,816,N21,VIIRS,n,2.0NRT,297.23,15.32,D,VIIRS_NOAA21_NRT,15.32,1,,0.0,Single Historical Detection,0,67.4,Dalmia,0,113.91,0,157.78,0,Cropland / Agriculture,3,1,0.0,0.94,0,0,0,0,70.0,0,45.44999999999999,Forest / Wildfire,15,LOW
12.17833,79.73863,346.04,0.45,0.39,2026-08-29,809,N21,VIIRS,n,2.0NRT,305.27,12.19,D,VIIRS_NOAA21_NRT,11.899999999999999,2,,2.4369747899159746,Persistent / Stable,0,20.15,Workshop,0,47.57,0,119.09,0,Cropland / Agriculture,3,1,2.4369747899159746,0.94,0,0,1,0,70.0,0,40.77000000000004,Agricultural Burning,10,LOW
15.07768,79.50777,353.84,0.6,0.71,2026-08-11,707,N21,VIIRS,n,2.0NRT,291.76,16.26,D,VIIRS_NOAA21_NRT,16.26,1,,0.0,Single Historical Detection,0,57.06,COW Farm,0,224.76,0,227.26,0,Cropland / Agriculture,3,1,0.0,0.94,0,0,0,0,70.0,0,62.079999999999984,Forest / Wildfire,15,LOW
12.8508,79.90537,340.95,0.4,0.37,2026-09-02,2023,N20,VIIRS,n,2.0NRT,289.95,8.05,N,VIIRS_NOAA20_NRT,4.21125,8,,91.1546452953399,Abnormal Increase,0,13.96,Unnamed Industrial Feature,0,31.9,0,49.17,0,Cropland / Agriculture,3,1,91.1546452953399,1.54,0,0,1,0,70.0,1,51.0,Other Thermal Event,20,LOW
10.78029,79.6581,347.67,0.52,0.41,2026-08-18,816,N21,VIIRS,n,2.0NRT,304.61,16.8,D,VIIRS_NOAA21_NRT,7.8575,4,,113.8084632516704,Abnormal Increase,0,17.26,Majestic Lumber Mill,0,108.63,0,20.46,0,Cropland / Agriculture,3,1,113.8084632516704,1.9,0,1,1,0,70.0,0,43.06,Forest / Wildfire,40,MEDIUM
20.76047,85.29589,334.78,0.43,0.38,2026-09-05,741,N21,VIIRS,n,2.0NRT,301.5,9.92,D,VIIRS_NOAA21_NRT,2.9322222222222223,27,,238.3099658961728,Abnormal Increase,0,5.27,Unnamed Industrial Feature,0,22.5,0,147.17,0,Other,4,1,238.3099658961728,2.52,0,1,1,0,70.0,0,33.27999999999997,Other Thermal Event,30,LOW
27.96461,95.6046,331.27,0.43,0.38,2026-08-13,633,N21,VIIRS,l,2.0NRT,303.75,12.19,D,VIIRS_NOAA21_NRT,9.325,6,,30.723860589812336,Persistent / Stable,0,57.37,Truck Stand and Weight Bridge,0,624.55,0,63.9,0,Forest / Woodland,2,1,30.723860589812336,1.18,0,0,1,0,30.0,0,27.519999999999982,Other Thermal Event,10,LOW
14.30583,77.72722,344.62,0.46,0.47,2026-09-05,837,N20,VIIRS,n,2.0NRT,304.58,12.16,D,VIIRS_NOAA20_NRT,12.16,1,,0.0,Single Historical Detection,0,99.67,Chikkaballapura Industrial Area,0,127.85,0,147.43,0,Cropland / Agriculture,3,1,0.0,0.92,0,0,0,0,70.0,0,40.04000000000002,Agricultural Burning,5,LOW
16.01283,78.38216,338.02,0.49,0.4,2026-09-02,752,N20,VIIRS,n,2.0NRT,288.89,8.35,D,VIIRS_NOAA20_NRT,7.21,2,,15.811373092926488,Persistent / Stable,0,38.75,Unnamed Industrial Feature,0,183.66,0,164.98,0,Cropland / Agriculture,3,1,15.811373092926488,1.02,0,0,1,0,70.0,0,49.129999999999995,Agricultural Burning,0,LOW
15.91319,79.80233,347.16,0.43,0.38,2026-09-01,809,N20,VIIRS,n,2.0NRT,304.48,8.73,D,VIIRS_NOAA20_NRT,8.73,1,,0.0,Single Historical Detection,0,17.87,kummitha's farm,0,304.99,0,207.61,0,Cropland / Agriculture,3,1,0.0,0.9,0,0,0,0,70.0,0,42.68000000000001,Agricultural Burning,0,LOW
9.63104,77.74139,341.86,0.42,0.37,2026-08-10,820,N20,VIIRS,n,2.0NRT,307.31,11.65,D,VIIRS_NOAA20_NRT,9.385,2,,24.134256792754403,Persistent / Stable,0,29.38,Unnamed Industrial Feature,0,62.71,0,120.71,0,Other,4,1,24.134256792754403,1.12,0,0,1,0,70.0,0,34.55000000000001,Agricultural Burning,0,LOW
10.09445,77.89512,342.08,0.55,0.51,2026-09-05,737,N21,VIIRS,n,2.0NRT,301.1,13.48,D,VIIRS_NOAA21_NRT,11.285,2,,19.450598139122732,Persistent / Stable,0,29.87,TNSTC Ponmeni Bus depot,0,96.12,0,136.7,0,Cropland / Agriculture,3,1,19.450598139122732,1.1,0,0,1,0,70.0,0,40.97999999999996,Agricultural Burning,10,LOW
9.31469,77.47774,341.65,0.4,0.37,2026-08-18,816,N21,VIIRS,n,2.0NRT,311.2,8.24,D,VIIRS_NOAA21_NRT,6.027500000000001,4,,36.706760680215666,Persistent / Stable,0,23.02,Unnamed Industrial Feature,0,46.95,0,85.81,0,Other,4,1,36.706760680215666,1.17,0,0,1,0,70.0,0,30.44999999999999,Agricultural Burning,0,LOW
9.28854,77.59671,346.91,0.46,0.47,2026-09-02,750,N20,VIIRS,n,2.0NRT,305.91,12.3,D,VIIRS_NOAA20_NRT,12.3,1,,0.0,Single Historical Detection,0,13.1,Unnamed Industrial Feature,0,58.78,0,98.83,0,Other,4,1,0.0,0.92,0,0,0,0,70.0,0,41.0,Agricultural Burning,5,LOW
17.60913,83.20387,331.24,0.47,0.4,2026-08-26,729,N21,VIIRS,l,2.0NRT,296.24,9.96,D,VIIRS_NOAA21_NRT,2.7028571428571433,35,,268.49894291754754,Abnormal Increase,0,8.77,Visakhapatnam Steel Plant RINL,0,306.56,0,14.55,0,Other,4,1,268.49894291754754,2.69,0,1,1,0,30.0,0,35.0,Other Thermal Event,30,LOW
11.00214,77.12466,339.89,0.6,0.53,2026-09-05,737,N21,VIIRS,n,2.0NRT,303.19,13.48,D,VIIRS_NOAA21_NRT,11.835,2,,13.899450781580056,Persistent / Stable,0,5.54,Indian Oil Depot,0,98.91,0,5.54,0,Cropland / Agriculture,3,1,13.899450781580056,1.05,0,0,1,0,70.0,0,36.69999999999999,Agricultural Burning,10,LOW
14.9011,76.80833,338.46,0.5,0.41,2026-09-08,824,N21,VIIRS,n,2.0NRT,304.26,9.15,D,VIIRS_NOAA21_NRT,9.15,1,,0.0,Single Historical Detection,0,28.27,NMDC Donimalai Iron Mine,0,28.27,0,240.6,0,Forest / Woodland,2,1,0.0,0.9,0,0,0,0,70.0,0,34.19999999999999,Agricultural Burning,0,LOW
11.71043,79.12439,333.44,0.43,0.38,2026-08-21,816,N20,VIIRS,n,2.0NRT,303.11,8.99,D,VIIRS_NOAA20_NRT,14.915000000000001,4,,-39.72510895072075,Persistent / Stable,0,40.25,Ramco Cements,0,70.09,0,131.05,0,Cropland / Agriculture,3,1,-39.72510895072075,0.56,0,0,1,0,70.0,0,30.329999999999984,Agricultural Burning,0,LOW
23.32104,68.85722,336.7,0.51,0.41,2026-09-04,858,N20,VIIRS,n,2.0NRT,299.01,9.54,D,VIIRS_NOAA20_NRT,9.54,1,,0.0,Single Historical Detection,0,30.23,Sanghi Cement,0,90.52,0,131.95,0,Other,4,1,0.0,0.91,0,0,0,0,70.0,0,37.69,Agricultural Burning,0,LOW
9.52653,77.79057,342.79,0.49,0.4,2026-09-08,822,N21,VIIRS,n,2.0NRT,309.7,14.47,D,VIIRS_NOAA21_NRT,10.83,2,,33.61034164358265,Persistent / Stable,0,20.92,Unnamed Industrial Feature,0,68.66,0,122.88,0,Other,4,1,33.61034164358265,1.22,0,0,1,0,70.0,0,33.09000000000003,Forest / Wildfire,20,LOW
14.89373,79.23341,344.92,0.56,0.43,2026-09-05,739,N21,VIIRS,n,2.0NRT,306.78,11.33,D,VIIRS_NOAA21_NRT,9.99,3,,13.41341341341341,Persistent / Stable,0,89.8,COW Farm,0,220.34,0,221.78,0,Cropland / Agriculture,3,1,13.41341341341341,1.03,0,0,1,0,70.0,0,38.14000000000004,Agricultural Burning,0,LOW
31.1218,74.69038,353.18,0.42,0.61,2026-09-01,720,N21,VIIRS,n,2.0NRT,293.24,13.13,D,VIIRS_NOAA21_NRT,11.805,2,,11.224057602710726,Persistent / Stable,0,64.18,Unnamed Industrial Feature,0,376.73,0,110.37,0,Cropland / Agriculture,3,1,11.224057602710726,1.03,0,0,1,0,70.0,0,59.94,Agricultural Burning,10,LOW
23.71159,86.45226,346.75,0.38,0.36,2026-08-13,729,N20,VIIRS,n,2.0NRT,295.82,8.25,D,VIIRS_NOAA20_NRT,2.3802857142857143,35,,246.5970471732085,Abnormal Increase,0,5.25,SAIL Chasnalla ADM Building,0,4.56,1,195.3,0,Other,4,1,246.5970471732085,2.44,0,1,1,0,70.0,0,50.93000000000001,Mining Activity,15,LOW
13.04957,78.27469,341.92,0.41,0.37,2026-09-06,816,N20,VIIRS,n,2.0NRT,306.63,10.37,D,VIIRS_NOAA20_NRT,10.37,1,,0.0,Single Historical Detection,0,7.45,Unnamed Industrial Feature,0,77.63,0,46.82,0,Cropland / Agriculture,3,1,0.0,0.91,0,0,0,0,70.0,0,35.29000000000002,Agricultural Burning,0,LOW
11.65928,77.2301,341.05,0.39,0.44,2026-08-12,830,N21,VIIRS,n,2.0NRT,300.41,11.75,D,VIIRS_NOAA21_NRT,11.75,1,,0.0,Single Historical Detection,0,49.57,Sri  Vinayaka Mills,0,119.76,0,49.57,0,Cropland / Agriculture,3,1,0.0,0.92,0,0,0,0,70.0,0,40.639999999999986,Agricultural Burning,0,LOW
10.05289,77.95028,355.42,0.44,0.62,2026-08-27,848,N21,VIIRS,n,2.0NRT,292.05,11.04,D,VIIRS_NOAA21_NRT,7.15111111111111,9,,54.38160348042263,Abnormal Increase,0,22.29,TNSTC Ponmeni Bus depot,0,98.78,0,144.15,0,Cropland / Agriculture,3,1,54.38160348042263,1.35,0,0,1,0,70.0,0,63.370000000000005,Other Thermal Event,20,LOW
9.18652,77.78751,350.7,0.4,0.44,2026-08-28,828,N21,VIIRS,n,2.0NRT,307.2,15.58,D,VIIRS_NOAA21_NRT,11.096666666666666,3,,40.402523280264354,Persistent / Stable,0,9.87,Unnamed Industrial Feature,0,82.39,0,120.36,0,Other,4,1,40.402523280264354,1.29,0,0,1,0,70.0,0,43.5,Agricultural Burning,10,LOW
8.86913,78.08589,343.59,0.5,0.41,2026-09-08,822,N21,VIIRS,l,2.0NRT,314.46,13.19,D,VIIRS_NOAA21_NRT,8.42,6,,56.65083135391924,Abnormal Increase,0,9.41,SPIC Tuticorin Fertilizers,0,129.84,0,159.67,0,Other,4,1,56.65083135391924,1.4,0,0,1,0,30.0,0,29.129999999999995,Other Thermal Event,20,LOW
12.09427,77.76483,335.49,0.42,0.38,2026-08-27,805,N20,VIIRS,l,2.0NRT,302.06,9.48,D,VIIRS_NOAA20_NRT,9.48,1,,0.0,Single Historical Detection,0,33.91,TNSTC Depot Mettur Dam,0,100.88,0,99.39,0,Cropland / Agriculture,3,1,0.0,0.9,0,0,0,0,30.0,0,33.43000000000001,Agricultural Burning,0,LOW
21.10113,72.63656,342.14,0.38,0.36,2026-08-26,824,N20,VIIRS,n,2.0NRT,300.87,8.04,D,VIIRS_NOAA20_NRT,4.875096774193549,155,,64.9198030808321,Abnormal Increase,0,0.24,Essar Steel Hazira,1,378.76,0,0.38,1,Industrial,0,1,64.9198030808321,1.37,0,0,1,0,70.0,0,41.26999999999998,Gas Flare,35,LOW
10.04801,78.53002,339.68,0.4,0.37,2026-08-13,809,N21,VIIRS,n,2.0NRT,304.16,10.32,D,VIIRS_NOAA21_NRT,10.32,1,,0.0,Single Historical Detection,0,48.8,Tourist bus parking,0,156.85,0,164.54,0,Cropland / Agriculture,3,1,0.0,0.91,0,0,0,0,70.0,0,35.51999999999998,Agricultural Burning,0,LOW
21.74793,83.8421,345.22,0.4,0.37,2026-08-12,746,N20,VIIRS,n,2.0NRT,295.9,11.51,D,VIIRS_NOAA20_NRT,4.770121951219513,82,,141.29362137287478,Abnormal Increase,0,6.06,Unnamed Industrial Feature,0,95.8,0,26.03,0,Other,4,1,141.29362137287478,1.99,0,1,1,0,70.0,0,49.32000000000005,Other Thermal Event,30,LOW
14.43444,77.70826,342.64,0.46,0.47,2026-09-05,837,N20,VIIRS,n,2.0NRT,301.6,10.4,D,VIIRS_NOAA20_NRT,8.846666666666668,3,,17.558402411454402,Persistent / Stable,0,90.41,Loco Shed,0,116.24,0,161.85,0,Cropland / Agriculture,3,1,17.558402411454402,1.06,0,0,1,0,70.0,0,41.039999999999964,Agricultural Burning,0,LOW
9.02701,77.86887,341.66,0.49,0.4,2026-08-31,828,N20,VIIRS,n,2.0NRT,311.06,10.62,D,VIIRS_NOAA20_NRT,10.62,1,,0.0,Single Historical Detection,0,17.13,Unnamed Industrial Feature,0,100.29,0,132.06,0,Other,4,1,0.0,0.91,0,0,0,0,70.0,0,30.600000000000023,Agricultural Burning,0,LOW
11.84292,78.90423,338.89,0.59,0.7,2026-09-01,714,N21,VIIRS,n,2.0NRT,296.6,12.68,D,VIIRS_NOAA21_NRT,10.465,2,,21.165790731008123,Persistent / Stable,0,63.96,Ramco Cements,0,94.44,0,157.57,0,Cropland / Agriculture,3,1,21.165790731008123,1.11,0,0,1,0,70.0,0,42.289999999999964,Agricultural Burning,10,LOW
17.73785,78.74373,332.53,0.58,0.52,2026-08-10,729,N21,VIIRS,n,2.0NRT,295.18,9.04,D,VIIRS_NOAA21_NRT,9.04,1,,0.0,Single Historical Detection,0,14.7,Biological E Limited SEZ,0,253.93,0,30.83,0,Other,4,1,0.0,0.9,0,0,0,0,70.0,0,37.349999999999966,Agricultural Burning,0,LOW
10.43859,77.31449,339.76,0.59,0.53,2026-09-05,737,N21,VIIRS,n,2.0NRT,301.16,12.02,D,VIIRS_NOAA21_NRT,6.06,3,,98.34983498349835,Abnormal Increase,0,42.75,Tata Tea Factory,0,93.7,0,70.31,0,Cropland / Agriculture,3,1,98.34983498349835,1.7,0,0,1,0,70.0,0,38.599999999999966,Agricultural Burning,20,LOW
9.44357,78.05501,341.41,0.5,0.41,2026-08-23,822,N21,VIIRS,n,2.0NRT,303.99,12.43,D,VIIRS_NOAA21_NRT,12.43,1,,0.0,Single Historical Detection,0,35.12,Unnamed Industrial Feature,0,98.78,0,150.05,0,Other,4,1,0.0,0.93,0,0,0,0,70.0,0,37.420000000000016,Agricultural Burning,5,LOW
21.10342,72.63448,331.44,0.55,0.43,2026-09-02,2108,N21,VIIRS,n,2.0NRT,292.86,11.47,N,VIIRS_NOAA21_NRT,4.870454545454545,154,,135.50163322445172,Abnormal Increase,0,0.19,Hazira Industrial Complex SURAT,1,378.59,0,0.26,1,Industrial,0,1,135.50163322445172,1.95,0,1,1,0,70.0,1,38.579999999999984,Gas Flare,45,MEDIUM
9.71987,77.97552,346.61,0.41,0.45,2026-08-28,828,N21,VIIRS,n,2.0NRT,304.06,8.76,D,VIIRS_NOAA21_NRT,8.76,1,,0.0,Single Historical Detection,0,25.88,TNSTC Ponmeni Bus depot,0,89.19,0,148.18,0,Other,4,1,0.0,0.9,0,0,0,0,70.0,0,42.55000000000001,Agricultural Burning,0,LOW
21.74932,83.84492,327.62,0.55,0.43,2026-09-07,2027,N20,VIIRS,n,2.0NRT,291.58,8.83,N,VIIRS_NOAA20_NRT,4.770121951219513,82,,85.11057139204904,Abnormal Increase,0,5.82,Unnamed Industrial Feature,0,96.13,0,25.71,0,Other,4,1,85.11057139204904,1.53,0,0,1,0,70.0,1,36.04000000000002,Other Thermal Event,20,LOW
10.84841,78.50124,347.91,0.46,0.39,2026-09-03,816,N21,VIIRS,n,2.0NRT,299.73,10.66,D,VIIRS_NOAA21_NRT,10.66,1,,0.0,Single Historical Detection,0,22.8,Unnamed Industrial Feature,0,170.66,0,147.04,0,Cropland / Agriculture,3,1,0.0,0.91,0,0,0,0,70.0,0,48.18000000000001,Agricultural Burning,0,LOW
20.95243,86.05051,337.76,0.47,0.4,2026-09-05,741,N21,VIIRS,n,2.0NRT,300.36,12.48,D,VIIRS_NOAA21_NRT,3.4567857142857146,28,,261.02903192478556,Abnormal Increase,0,0.97,Duburi Steel Power Plant,1,86.24,0,95.23,0,Industrial,0,1,261.02903192478556,2.8,0,1,1,0,70.0,0,37.39999999999998,Industrial Fire,65,MEDIUM
12.09079,79.56552,341.42,0.4,0.37,2026-09-01,809,N20,VIIRS,n,2.0NRT,308.34,10.37,D,VIIRS_NOAA20_NRT,10.37,1,,0.0,Single Historical Detection,0,28.3,Workshop,0,43.63,0,137.19,0,Cropland / Agriculture,3,1,0.0,0.91,0,0,0,0,70.0,0,33.08000000000004,Agricultural Burning,0,LOW
21.74713,83.84291,342.75,0.45,0.47,2026-09-04,2029,N21,VIIRS,n,2.0NRT,292.71,9.07,N,VIIRS_NOAA21_NRT,4.776543209876544,81,,89.88627552339103,Abnormal Increase,0,6.12,Unnamed Industrial Feature,0,95.83,0,26.03,0,Other,4,1,89.88627552339103,1.57,0,0,1,0,70.0,1,50.04000000000002,Other Thermal Event,20,LOW
9.2829,77.33524,345.97,0.57,0.43,2026-08-22,756,N20,VIIRS,n,2.0NRT,294.58,17.53,D,VIIRS_NOAA20_NRT,8.943999999999999,5,,95.99731663685155,Abnormal Increase,0,34.36,Unnamed Industrial Feature,0,40.45,0,70.15,0,Other,4,1,95.99731663685155,1.76,0,0,1,0,70.0,0,51.39000000000004,Forest / Wildfire,30,LOW
14.52584,77.43586,367.0,0.52,0.67,2026-08-21,722,N21,VIIRS,h,2.0NRT,290.84,15.67,D,VIIRS_NOAA21_NRT,9.403333333333334,3,,66.64303438496985,Abnormal Increase,0,72.59,Loco Shed,0,88.83,0,176.93,0,Cropland / Agriculture,3,1,66.64303438496985,1.51,0,0,1,0,95.0,0,76.16000000000003,Forest / Wildfire,40,MEDIUM
10.90437,78.53344,340.56,0.61,0.53,2026-08-23,737,N20,VIIRS,n,2.0NRT,292.03,10.56,D,VIIRS_NOAA20_NRT,11.96,4,,-11.705685618729099,Persistent / Stable,0,22.27,Trichy Steel Company,0,164.17,0,144.04,0,Cropland / Agriculture,3,1,-11.705685618729099,0.81,0,0,1,0,70.0,0,48.53000000000003,Agricultural Burning,0,LOW
31.99819,78.26247,349.53,0.43,0.46,2026-09-06,822,N20,VIIRS,n,2.0NRT,315.66,14.92,D,VIIRS_NOAA20_NRT,14.92,1,,0.0,Single Historical Detection,0,129.3,Water Treatment Plant,0,388.85,0,273.85,0,Cropland / Agriculture,3,1,0.0,0.94,0,0,0,0,70.0,0,33.86999999999995,Forest / Wildfire,15,LOW
8.74104,77.59702,330.52,0.47,0.39,2026-08-19,2032,N21,VIIRS,n,2.0NRT,295.83,17.22,N,VIIRS_NOAA21_NRT,19.433809523809526,21,,-11.39153659552573,Persistent / Stable,0,24.63,Madura Coats,0,81.17,0,116.35,0,Other,4,1,-11.39153659552573,0.84,0,0,1,0,70.0,1,34.69,Other Thermal Event,15,LOW
14.60401,76.94505,337.41,0.71,0.75,2026-09-06,902,N21,VIIRS,n,2.0NRT,292.54,11.72,D,VIIRS_NOAA21_NRT,11.72,1,,0.0,Single Historical Detection,0,59.59,Bellary JSW Steel Plant,0,59.66,0,204.54,0,Forest / Woodland,2,1,0.0,0.92,0,0,0,0,70.0,0,44.870000000000005,Agricultural Burning,0,LOW
9.31806,77.47723,341.94,0.4,0.37,2026-08-18,816,N21,VIIRS,n,2.0NRT,313.03,8.24,D,VIIRS_NOAA21_NRT,6.027500000000001,4,,36.706760680215666,Persistent / Stable,0,22.97,Unnamed Industrial Feature,0,46.65,0,85.77,0,Other,4,1,36.706760680215666,1.17,0,0,1,0,70.0,0,28.910000000000025,Agricultural Burning,0,LOW
14.66505,79.76515,338.05,0.53,0.42,2026-09-05,739,N21,VIIRS,n,2.0NRT,303.38,8.22,D,VIIRS_NOAA21_NRT,7.015000000000001,2,,17.177476835352813,Persistent / Stable,0,40.01,Fodd Corporation of India Godowns,0,171.88,0,174.68,0,Cropland / Agriculture,3,1,17.177476835352813,1.03,0,0,1,0,70.0,0,34.670000000000016,Agricultural Burning,0,LOW
27.45659,70.43187,344.42,0.49,0.49,2026-08-30,756,N21,VIIRS,n,2.0NRT,308.22,9.08,D,VIIRS_NOAA21_NRT,8.5,2,,6.8235294117647065,Persistent / Stable,0,176.9,Giral Lignite Power Plant,0,316.8,0,197.62,0,Other,4,1,6.8235294117647065,0.96,0,0,1,0,70.0,0,36.19999999999999,Agricultural Burning,0,LOW
8.73786,77.60059,352.24,0.57,0.43,2026-08-20,835,N20,VIIRS,n,2.0NRT,298.64,15.4,D,VIIRS_NOAA20_NRT,19.433809523809526,21,,-20.756658743966096,Persistent / Stable,0,24.96,Madura Coats,0,81.42,0,116.87,0,Other,4,1,-20.756658743966096,0.75,0,0,1,0,70.0,0,53.60000000000002,Other Thermal Event,15,LOW
28.01318,96.66594,333.36,0.4,0.37,2026-09-08,646,N21,VIIRS,n,2.0NRT,297.95,12.3,D,VIIRS_NOAA21_NRT,6.956666666666667,3,,76.80881648298994,Abnormal Increase,0,121.43,Unnamed Industrial Feature,0,723.77,0,123.93,0,Forest / Woodland,2,1,76.80881648298994,1.55,0,0,1,0,70.0,0,35.410000000000025,Agricultural Burning,20,LOW
16.62688,80.19164,353.11,0.49,0.48,2026-08-10,729,N21,VIIRS,n,2.0NRT,296.77,15.58,D,VIIRS_NOAA21_NRT,9.755,2,,59.71296770886724,Abnormal Increase,0,17.16,Unnamed Industrial Feature,0,379.44,0,161.9,0,Cropland / Agriculture,3,1,59.71296770886724,1.45,0,0,1,0,70.0,0,56.34000000000003,Forest / Wildfire,30,LOW
20.79426,85.25369,341.39,0.53,0.5,2026-08-27,807,N20,VIIRS,n,2.0NRT,289.95,9.18,D,VIIRS_NOAA20_NRT,4.153833333333334,60,,121.00068210087065,Abnormal Increase,0,1.34,Tata Steel Meramandali,1,17.67,0,152.66,0,Industrial,0,1,121.00068210087065,1.78,0,1,1,0,70.0,0,51.44,Industrial Fire,45,MEDIUM
9.76485,77.82865,346.29,0.39,0.36,2026-08-16,807,N20,VIIRS,n,2.0NRT,307.51,10.08,D,VIIRS_NOAA20_NRT,10.08,1,,0.0,Single Historical Detection,0,34.26,TNSTC Ponmeni Bus depot,0,74.29,0,134.89,0,Other,4,1,0.0,0.91,0,0,0,0,70.0,0,38.78000000000003,Agricultural Burning,0,LOW
29.45827,76.86245,339.56,0.49,0.48,2026-08-20,2008,N21,VIIRS,n,2.0NRT,289.43,11.33,N,VIIRS_NOAA21_NRT,9.60275,40,,17.987034963942616,Persistent / Stable,0,12.32,Panipat IOCL Refinery,0,104.42,0,2.14,1,Cropland / Agriculture,3,1,17.987034963942616,1.07,0,0,1,0,70.0,1,50.129999999999995,Gas Flare,10,LOW
10.86362,77.56113,342.21,0.43,0.46,2026-09-02,750,N20,VIIRS,n,2.0NRT,304.49,9.3,D,VIIRS_NOAA20_NRT,9.365,2,,-0.6940736785904912,Persistent / Stable,0,33.41,Unnamed Industrial Feature,0,146.03,0,55.49,0,Cropland / Agriculture,3,1,-0.6940736785904912,0.9,0,0,1,0,70.0,0,37.71999999999997,Agricultural Burning,0,LOW
12.91621,76.08082,335.2,0.53,0.42,2026-09-05,835,N20,VIIRS,n,2.0NRT,301.48,12.58,D,VIIRS_NOAA20_NRT,12.190000000000001,2,,3.199343724364222,Persistent / Stable,0,47.28,Akshayakalpa Farms & Food,0,95.69,0,95.69,0,Forest / Woodland,2,1,3.199343724364222,0.95,0,0,1,0,70.0,0,33.71999999999997,Agricultural Burning,10,LOW
9.49461,78.04112,342.19,0.44,0.38,2026-08-19,758,N21,VIIRS,l,2.0NRT,304.09,14.71,D,VIIRS_NOAA21_NRT,14.71,1,,0.0,Single Historical Detection,0,39.25,Unnamed Industrial Feature,0,96.37,0,149.28,0,Other,4,1,0.0,0.94,0,0,0,0,30.0,0,38.10000000000002,Forest / Wildfire,5,LOW
16.87762,79.99414,331.98,0.48,0.4,2026-09-05,739,N21,VIIRS,l,2.0NRT,301.59,4.26,D,VIIRS_NOAA21_NRT,4.26,1,,0.0,Single Historical Detection,0,2.89,UltraTech Cement Ltd Factory,0,350.48,0,128.43,0,Other,4,1,0.0,0.81,0,0,0,0,30.0,0,30.390000000000043,Other Thermal Event,0,LOW
23.75273,86.41698,310.47,0.41,0.45,2026-08-22,1932,N21,VIIRS,n,2.0NRT,282.96,1.62,N,VIIRS_NOAA21_NRT,2.3128571428571427,84,,-29.956763434218647,Persistent / Stable,0,4.32,Unnamed Industrial Feature,0,1.45,1,190.11,0,Mining,1,1,-29.956763434218647,0.49,0,0,1,0,70.0,1,27.510000000000048,Mining Activity,0,LOW
23.68032,86.09521,295.21,0.56,0.43,2026-09-02,2021,N20,VIIRS,n,2.0NRT,281.17,1.58,N,VIIRS_NOAA20_NRT,2.544805194805195,77,,-37.91273284001021,Persistent / Stable,0,0.89,Bokaro Steel Plant,1,17.67,0,194.74,0,Industrial,0,1,-37.91273284001021,0.45,0,0,1,0,70.0,1,14.039999999999964,Normal Persistent Source,0,LOW
21.75756,84.02261,308.01,0.43,0.62,2026-09-05,1925,N20,VIIRS,n,2.0NRT,286.78,1.54,N,VIIRS_NOAA20_NRT,2.5425,24,,-39.42969518190757,Persistent / Stable,0,0.54,Bhushan Power & Steel,1,112.84,0,16.47,0,Industrial,0,1,-39.42969518190757,0.43,0,0,1,0,70.0,1,21.230000000000018,Normal Persistent Source,0,LOW
13.22674,78.14415,341.57,0.41,0.37,2026-09-06,816,N20,VIIRS,n,2.0NRT,303.09,5.97,D,VIIRS_NOAA20_NRT,5.97,1,,0.0,Single Historical Detection,0,27.41,Unnamed Industrial Feature,0,67.7,0,41.86,0,Cropland / Agriculture,3,1,0.0,0.86,0,0,0,0,70.0,0,38.48000000000002,Agricultural Burning,0,LOW
15.17965,76.65654,312.82,0.34,0.56,2026-09-05,2108,N20,VIIRS,n,2.0NRT,289.26,2.34,N,VIIRS_NOAA20_NRT,2.6001030927835056,194,,-10.003568454859067,Persistent / Stable,0,22.6,Food Corporation of India,0,23.02,0,266.37,0,Forest / Woodland,2,1,-10.003568454859067,0.65,0,0,1,0,70.0,1,23.560000000000002,Other Thermal Event,5,LOW
16.07088,79.09984,317.51,0.4,0.37,2026-08-22,2029,N20,VIIRS,n,2.0NRT,290.36,2.05,N,VIIRS_NOAA20_NRT,2.05,1,,0.0,Single Historical Detection,0,20.64,Unnamed Industrial Feature,0,254.91,0,160.06,0,Cropland / Agriculture,3,1,0.0,0.67,0,0,0,0,70.0,1,27.149999999999977,Agricultural Burning,0,LOW
27.44247,72.41804,340.62,0.41,0.37,2026-09-01,813,N20,VIIRS,n,2.0NRT,309.17,3.09,D,VIIRS_NOAA20_NRT,3.09,1,,0.0,Single Historical Detection,0,37.16,Unnamed Industrial Feature,0,304.34,0,203.59,0,Other,4,1,0.0,0.76,0,0,0,0,70.0,0,31.44999999999999,Agricultural Burning,0,LOW
26.87534,73.51603,306.1,0.5,0.41,2026-08-17,2106,N21,VIIRS,n,2.0NRT,294.46,1.97,N,VIIRS_NOAA21_NRT,1.6690476190476193,21,,18.03138373751781,Persistent / Stable,0,88.03,Unnamed Industrial Feature,0,281.77,0,242.5,0,Other,4,1,18.03138373751781,0.74,0,0,1,0,70.0,1,11.640000000000043,Other Thermal Event,10,LOW
12.3312,76.78513,334.66,0.4,0.37,2026-08-18,816,N21,VIIRS,n,2.0NRT,296.79,3.38,D,VIIRS_NOAA21_NRT,3.38,1,,0.0,Single Historical Detection,0,10.61,Unnamed Industrial Feature,0,110.9,0,127.3,0,Forest / Woodland,2,1,0.0,0.77,0,0,0,0,70.0,0,37.870000000000005,Agricultural Burning,0,LOW
23.7741,86.38596,304.86,0.52,0.67,2026-09-03,1906,N21,VIIRS,n,2.0NRT,283.64,2.68,N,VIIRS_NOAA21_NRT,2.0430136986301366,73,,31.17875821375892,Persistent / Stable,0,4.98,Unnamed Industrial Feature,0,5.12,0,187.2,0,Other,4,1,31.17875821375892,0.88,0,0,1,0,70.0,1,21.220000000000027,Mining Activity,0,LOW
10.0775,77.2383,302.68,0.56,0.69,2026-08-22,1936,N21,VIIRS,n,2.0NRT,288.38,1.41,N,VIIRS_NOAA21_NRT,2.5572727272727267,11,,-44.863135442587975,Persistent / Stable,0,13.39,Kannan Devan Tea Factory,0,52.73,0,87.94,0,Cropland / Agriculture,3,1,-44.863135442587975,0.4,0,0,1,0,70.0,1,14.300000000000011,Other Thermal Event,5,LOW
22.05233,88.12492,307.35,0.39,0.36,2026-08-13,1955,N20,VIIRS,n,2.0NRT,290.93,1.41,N,VIIRS_NOAA20_NRT,4.342173913043478,23,,-67.52778612195854,Persistent / Reduced,0,5.23,Haldia Port Industrial Area,0,256.34,0,7.48,0,Other,4,1,-67.52778612195854,0.26,0,0,1,0,70.0,1,16.420000000000016,Other Thermal Event,5,LOW
10.86781,77.73611,336.59,0.53,0.5,2026-09-02,837,N21,VIIRS,n,2.0NRT,302.33,2.79,D,VIIRS_NOAA21_NRT,4.529999999999999,2,,-38.410596026490055,Persistent / Stable,0,35.07,TNPL Paper Mill,0,153.17,0,73.68,0,Cropland / Agriculture,3,1,-38.410596026490055,0.5,0,0,1,0,70.0,0,34.25999999999999,Agricultural Burning,0,LOW
11.81844,77.91795,306.9,0.45,0.39,2026-08-27,2038,N20,VIIRS,n,2.0NRT,280.05,0.67,N,VIIRS_NOAA20_NRT,1.7600000000000002,40,,-61.93181818181819,Persistent / Reduced,0,13.14,TNSTC Depot Mettur Dam,0,134.79,0,109.98,0,Cropland / Agriculture,3,1,-61.93181818181819,0.24,0,0,1,0,70.0,1,26.849999999999966,Other Thermal Event,5,LOW
26.60652,73.68246,302.52,0.46,0.39,2026-08-16,2040,N20,VIIRS,n,2.0NRT,285.26,0.59,N,VIIRS_NOAA20_NRT,0.8142857142857144,7,,-27.54385964912282,Persistent / Stable,0,55.66,Unnamed Industrial Feature,0,251.01,0,246.25,0,Other,4,1,-27.54385964912282,0.33,0,0,1,0,70.0,1,17.25999999999999,Other Thermal Event,5,LOW
9.98345,77.63867,339.66,0.42,0.37,2026-08-10,822,N20,VIIRS,n,2.0NRT,303.11,6.1,D,VIIRS_NOAA20_NRT,6.1,1,,0.0,Single Historical Detection,0,51.09,TNSTC Ponmeni Bus depot,0,66.19,0,128.25,0,Other,4,1,0.0,0.86,0,0,0,0,70.0,0,36.55000000000001,Agricultural Burning,0,LOW
25.94187,72.19154,334.0,0.51,0.41,2026-08-11,805,N20,VIIRS,n,2.0NRT,292.66,2.2,D,VIIRS_NOAA20_NRT,1.6684374999999998,32,,31.85989885746397,Persistent / Stable,0,10.61,Industrial Area,0,139.65,0,84.45,0,Other,4,1,31.85989885746397,0.82,0,0,1,0,70.0,0,41.339999999999975,Other Thermal Event,10,LOW
22.38057,87.27562,308.73,0.44,0.39,2026-08-19,1945,N20,VIIRS,n,2.0NRT,290.21,1.9,N,VIIRS_NOAA20_NRT,3.9493103448275866,58,,-51.890334410198214,Persistent / Reduced,0,1.26,Tata Metaliks,1,172.87,0,89.72,0,Industrial,0,1,-51.890334410198214,0.38,0,0,1,0,70.0,1,18.52000000000004,Normal Persistent Source,0,LOW
10.93597,78.47108,339.62,0.4,0.37,2026-08-29,809,N21,VIIRS,n,2.0NRT,301.67,6.07,D,VIIRS_NOAA21_NRT,3.1633333333333336,6,,91.88619599578503,Abnormal Increase,0,29.93,Trichy Steel Company,0,167.86,0,151.2,0,Cropland / Agriculture,3,1,91.88619599578503,1.46,0,0,1,0,70.0,0,37.94999999999999,Other Thermal Event,20,LOW
22.37795,87.27967,338.84,0.47,0.4,2026-09-08,739,N20,VIIRS,n,2.0NRT,285.46,7.41,D,VIIRS_NOAA20_NRT,3.9493103448275866,58,,87.627695800227,Abnormal Increase,0,0.99,Unnamed Industrial Feature,1,173.34,0,89.22,0,Industrial,0,1,87.627695800227,1.5,0,0,1,0,70.0,0,53.379999999999995,Normal Persistent Source,10,LOW
17.95761,80.79309,330.42,0.52,0.41,2026-08-19,2029,N21,VIIRS,n,2.0NRT,289.71,5.58,N,VIIRS_NOAA21_NRT,2.7118181818181815,33,,105.76600737512574,Abnormal Increase,0,10.77,Aswapuram Heavy Water Plant,0,272.45,0,125.07,0,Other,4,1,105.76600737512574,1.5,0,1,1,0,70.0,1,40.710000000000036,Other Thermal Event,30,LOW
27.46125,95.47672,303.32,0.39,0.36,2026-08-12,1917,N21,VIIRS,n,2.0NRT,288.33,1.45,N,VIIRS_NOAA21_NRT,1.7971428571428572,7,,-19.316375198728142,Persistent / Stable,0,8.58,Truck Stand and Weight Bridge,0,593.17,0,16.15,0,Forest / Woodland,2,1,-19.316375198728142,0.52,0,0,1,0,70.0,1,14.990000000000009,Other Thermal Event,5,LOW
23.67692,86.3983,332.68,0.56,0.43,2026-08-22,703,N21,VIIRS,n,2.0NRT,294.29,7.84,D,VIIRS_NOAA21_NRT,3.0147826086956524,92,,160.0519180847995,Abnormal Increase,0,3.51,Unnamed Industrial Feature,0,4.75,1,198.06,0,Other,4,1,160.0519180847995,1.95,0,1,1,0,70.0,0,38.389999999999986,Mining Activity,15,LOW
18.68379,73.03027,312.5,0.48,0.4,2026-09-04,2029,N21,VIIRS,n,2.0NRT,292.99,2.49,N,VIIRS_NOAA21_NRT,2.326458333333333,48,,7.029640906241625,Persistent / Stable,0,24.22,ONGC Uran Plant Maharashtra,0,549.01,0,23.8,0,Forest / Woodland,2,1,7.029640906241625,0.75,0,0,1,0,70.0,1,19.50999999999999,Other Thermal Event,10,LOW
20.78388,85.25973,304.54,0.58,0.52,2026-08-19,2029,N21,VIIRS,n,2.0NRT,288.79,2.13,N,VIIRS_NOAA21_NRT,4.426346153846154,52,,-51.87904592257897,Persistent / Reduced,0,2.24,Tata Steel Meramandali,1,18.93,0,151.63,0,Other,4,1,-51.87904592257897,0.39,0,0,1,0,70.0,1,15.75,Normal Persistent Source,0,LOW
18.68258,73.03286,308.24,0.51,0.66,2026-08-10,1957,N21,VIIRS,n,2.0NRT,288.29,3.46,N,VIIRS_NOAA21_NRT,2.2832,50,,51.541695865452,Abnormal Increase,0,24.39,ONGC Uran Plant Maharashtra,0,548.75,0,24.03,0,Forest / Woodland,2,1,51.541695865452,1.05,0,0,1,0,70.0,1,19.94999999999999,Other Thermal Event,20,LOW
23.77994,86.21085,325.09,0.58,0.52,2026-09-04,2027,N21,VIIRS,n,2.0NRT,288.53,5.37,N,VIIRS_NOAA21_NRT,3.0518750000000003,48,,75.95740323571573,Abnormal Increase,0,7.41,Unnamed Industrial Feature,0,17.62,0,184.26,0,Other,4,1,75.95740323571573,1.33,0,0,1,0,70.0,1,36.56,Other Thermal Event,20,LOW
23.6887,86.3898,304.81,0.39,0.44,2026-09-02,2021,N20,VIIRS,n,2.0NRT,288.67,2.16,N,VIIRS_NOAA20_NRT,3.0147826086956524,92,,-28.35304297663686,Persistent / Stable,0,3.91,SAIL Parbatpur Colliery,0,3.91,1,196.62,0,Mining,1,1,-28.35304297663686,0.54,0,0,1,0,70.0,1,16.139999999999986,Mining Activity,0,LOW
17.4632,80.65212,310.59,0.39,0.36,2026-09-05,2012,N21,VIIRS,n,2.0NRT,289.62,1.14,N,VIIRS_NOAA21_NRT,1.3228571428571427,7,,-13.82289416846652,Persistent / Stable,0,10.31,Unnamed Industrial Feature,0,312.01,0,124.02,0,Cropland / Agriculture,3,1,-13.82289416846652,0.49,0,0,1,0,70.0,1,20.96999999999997,Other Thermal Event,5,LOW
27.66689,76.13504,302.42,0.41,0.37,2026-08-18,2046,N21,VIIRS,n,2.0NRT,288.35,0.69,N,VIIRS_NOAA21_NRT,0.9249999999999999,2,,-25.405405405405407,Persistent / Stable,0,40.08,Unnamed Industrial Feature,0,154.48,0,152.88,0,Cropland / Agriculture,3,1,-25.405405405405407,0.36,0,0,1,0,70.0,1,14.069999999999993,Agricultural Burning,0,LOW
13.70996,79.61896,311.56,0.39,0.36,2026-09-05,2012,N21,VIIRS,n,2.0NRT,295.77,1.22,N,VIIRS_NOAA21_NRT,1.52875,8,,-20.196238757154543,Persistent / Stable,0,29.14,TTD Transport Yard,0,93.72,0,92.65,0,Cropland / Agriculture,3,1,-20.196238757154543,0.48,0,0,1,0,70.0,1,15.79000000000002,Other Thermal Event,5,LOW
23.67859,86.0848,308.54,0.53,0.42,2026-08-11,1938,N21,VIIRS,n,2.0NRT,287.29,2.11,N,VIIRS_NOAA21_NRT,2.4886075949367092,79,,-15.213631739572756,Persistent / Stable,0,1.91,Bokaro Steel Plant,1,16.99,0,194.92,0,Industrial,0,1,-15.213631739572756,0.6,0,0,1,0,70.0,1,21.25,Normal Persistent Source,0,LOW
23.56146,87.23864,298.85,0.45,0.47,2026-08-25,1932,N20,VIIRS,n,2.0NRT,276.18,0.59,N,VIIRS_NOAA20_NRT,2.9255263157894738,38,,-79.83268867500225,Persistent / Reduced,0,3.39,Durgapur Steel Thermal Power Station,0,85.71,0,190.32,0,Other,4,1,-79.83268867500225,0.15,0,0,1,0,70.0,1,22.670000000000016,Other Thermal Event,5,LOW
21.75295,83.84393,332.49,0.4,0.37,2026-09-05,741,N21,VIIRS,n,2.0NRT,299.16,4.44,D,VIIRS_NOAA21_NRT,4.770121951219513,82,,-6.920618688482695,Persistent / Stable,0,5.47,Unnamed Industrial Feature,0,96.24,0,25.52,0,Other,4,1,-6.920618688482695,0.77,0,0,1,0,70.0,0,33.329999999999984,Other Thermal Event,5,LOW
15.02316,78.01364,301.33,0.57,0.69,2026-09-07,1934,N21,VIIRS,n,2.0NRT,278.47,4.18,N,VIIRS_NOAA21_NRT,1.760526315789474,19,,137.42899850523162,Abnormal Increase,0,72.16,Loco Shed,0,118.26,0,227.32,0,Cropland / Agriculture,3,1,137.42899850523162,1.51,0,1,1,0,70.0,1,22.859999999999957,Other Thermal Event,30,LOW
17.69188,83.24426,318.58,0.39,0.36,2026-09-03,2004,N20,VIIRS,n,2.0NRT,292.24,1.77,N,VIIRS_NOAA20_NRT,2.3066666666666666,9,,-23.265895953757223,Persistent / Stable,0,1.75,VSEZ Visakhapatnam SEZ,1,297.27,0,5.82,0,Industrial,0,1,-23.265895953757223,0.54,0,0,1,0,70.0,1,26.339999999999975,Normal Persistent Source,0,LOW
26.34472,70.91782,340.29,0.39,0.36,2026-08-15,833,N20,VIIRS,n,2.0NRT,301.53,3.27,D,VIIRS_NOAA20_NRT,3.27,1,,0.0,Single Historical Detection,0,47.31,Giral Lignite Power Plant,0,184.11,0,67.32,0,Other,4,1,0.0,0.77,0,0,0,0,70.0,0,38.76000000000005,Agricultural Burning,0,LOW
21.74782,83.84293,333.05,0.45,0.39,2026-09-06,1951,N21,VIIRS,n,2.0NRT,293.38,6.22,N,VIIRS_NOAA21_NRT,4.770121951219513,82,,30.39498913460306,Persistent / Stable,0,6.05,Unnamed Industrial Feature,0,95.87,0,25.97,0,Other,4,1,30.39498913460306,1.08,0,0,1,0,70.0,1,39.670000000000016,Other Thermal Event,10,LOW
23.70967,86.44809,332.23,0.34,0.56,2026-09-04,803,N21,VIIRS,n,2.0NRT,290.08,5.2,D,VIIRS_NOAA21_NRT,2.355,36,,120.80679405520172,Abnormal Increase,0,5.0,SAIL Chasnalla ADM Building,0,4.42,1,195.42,0,Other,4,1,120.80679405520172,1.55,0,1,1,0,70.0,0,42.150000000000034,Mining Activity,15,LOW
29.12311,75.77846,310.56,0.43,0.38,2026-08-23,2053,N21,VIIRS,n,2.0NRT,291.34,2.22,N,VIIRS_NOAA21_NRT,1.276,5,,73.98119122257054,Abnormal Increase,0,0.37,Unnamed Industrial Feature,1,159.24,0,113.57,0,Industrial,0,1,73.98119122257054,0.98,0,0,1,0,70.0,1,19.220000000000027,Normal Persistent Source,10,LOW
26.77439,94.50468,308.83,0.53,0.42,2026-08-10,1910,N20,VIIRS,n,2.0NRT,291.14,4.17,N,VIIRS_NOAA20_NRT,2.306,5,,80.8326105810928,Abnormal Increase,0,20.41,Unnamed Industrial Feature,0,479.57,0,27.1,0,Forest / Woodland,2,1,80.8326105810928,1.26,0,0,1,0,70.0,1,17.689999999999998,Agricultural Burning,10,LOW
21.07547,85.04758,305.71,0.46,0.47,2026-09-07,1932,N21,VIIRS,n,2.0NRT,290.74,3.25,N,VIIRS_NOAA21_NRT,2.44,20,,33.196721311475414,Persistent / Stable,0,3.48,Talcher Super Thermal Powerstation,0,22.69,0,140.04,0,Other,4,1,33.196721311475414,0.94,0,0,1,0,70.0,1,14.96999999999997,Normal Persistent Source,0,LOW
20.97853,85.16805,305.89,0.54,0.42,2026-08-19,1945,N20,VIIRS,n,2.0NRT,289.28,1.58,N,VIIRS_NOAA20_NRT,3.3805747126436785,87,,-53.26238482200537,Persistent / Reduced,0,6.82,Unnamed Industrial Feature,0,6.26,0,156.54,0,Other,4,1,-53.26238482200537,0.36,0,0,1,0,70.0,1,16.610000000000014,Other Thermal Event,5,LOW
22.36717,87.30176,344.08,0.41,0.37,2026-08-10,729,N21,VIIRS,n,2.0NRT,299.82,5.21,D,VIIRS_NOAA21_NRT,2.6178431372549023,51,,99.01880008988088,Abnormal Increase,0,1.87,Unnamed Industrial Feature,1,175.59,0,86.65,0,Industrial,0,1,99.01880008988088,1.44,0,0,1,0,70.0,0,44.25999999999999,Normal Persistent Source,10,LOW
12.06248,79.60943,333.28,0.4,0.37,2026-08-16,809,N20,VIIRS,l,2.0NRT,306.16,2.52,D,VIIRS_NOAA20_NRT,3.785,2,,-33.4214002642008,Persistent / Stable,0,22.83,Workshop,0,38.6,0,137.27,0,Cropland / Agriculture,3,1,-33.4214002642008,0.53,0,0,1,0,30.0,0,27.119999999999948,Agricultural Burning,0,LOW
12.65339,79.39956,341.11,0.4,0.37,2026-09-01,809,N20,VIIRS,n,2.0NRT,308.72,4.69,D,VIIRS_NOAA20_NRT,4.69,1,,0.0,Single Historical Detection,0,32.54,SIPCOT Ranipet Industrial Estate,0,90.97,0,107.31,0,Cropland / Agriculture,3,1,0.0,0.82,0,0,0,0,70.0,0,32.389999999999986,Agricultural Burning,0,LOW
22.33454,69.86774,310.66,0.41,0.37,2026-09-02,2108,N21,VIIRS,n,2.0NRT,296.02,3.38,N,VIIRS_NOAA21_NRT,3.7053846153846157,13,,-8.781399211127269,Persistent / Stable,0,0.28,Reliance Refinery,1,100.25,0,0.28,1,Industrial,0,1,-8.781399211127269,0.72,0,0,1,0,70.0,1,14.640000000000043,Gas Flare,20,LOW
23.68914,87.10023,300.3,0.41,0.37,2026-08-24,1949,N20,VIIRS,n,2.0NRT,277.44,0.92,N,VIIRS_NOAA20_NRT,1.9724137931034482,29,,-53.35664335664336,Persistent / Reduced,0,0.36,Unnamed Industrial Feature,1,69.2,0,209.4,0,Industrial,0,1,-53.35664335664336,0.31,0,0,1,0,70.0,1,22.860000000000014,Normal Persistent Source,0,LOW
9.31445,77.44357,314.49,0.39,0.44,2026-08-18,2006,N20,VIIRS,n,2.0NRT,293.05,0.99,N,VIIRS_NOAA20_NRT,1.8700000000000003,5,,-47.058823529411775,Persistent / Stable,0,26.64,Unnamed Industrial Feature,0,44.36,0,82.07,0,Other,4,1,-47.058823529411775,0.34,0,0,1,0,70.0,1,21.439999999999998,Agricultural Burning,0,LOW
23.61643,86.78899,302.57,0.63,0.72,2026-09-03,2049,N21,VIIRS,n,2.0NRT,282.4,1.6,N,VIIRS_NOAA21_NRT,1.69,13,,-5.32544378698224,Persistent / Stable,0,10.23,Unnamed Industrial Feature,0,40.01,0,214.86,0,Other,4,1,-5.32544378698224,0.59,0,0,1,0,70.0,1,20.170000000000016,Other Thermal Event,5,LOW
26.87782,73.51673,305.41,0.41,0.37,2026-08-21,2046,N20,VIIRS,n,2.0NRT,293.05,1.6,N,VIIRS_NOAA20_NRT,1.6690476190476193,21,,-4.13694721825964,Persistent / Stable,0,88.18,Unnamed Industrial Feature,0,282.04,0,242.68,0,Other,4,1,-4.13694721825964,0.6,0,0,1,0,70.0,1,12.360000000000014,Other Thermal Event,5,LOW
23.65179,85.44008,303.94,0.52,0.67,2026-08-10,2051,N20,VIIRS,n,2.0NRT,285.59,1.75,N,VIIRS_NOAA20_NRT,3.0220454545454554,44,,-42.09220124840191,Persistent / Stable,0,2.35,Unnamed Industrial Feature,1,48.38,0,207.58,0,Other,4,1,-42.09220124840191,0.44,0,0,1,0,70.0,1,18.350000000000023,Normal Persistent Source,0,LOW
8.96052,77.90134,337.09,0.39,0.36,2026-08-29,809,N21,VIIRS,n,2.0NRT,300.26,2.91,D,VIIRS_NOAA21_NRT,2.865,2,,1.5706806282722487,Persistent / Stable,0,24.65,Unnamed Industrial Feature,0,107.84,0,137.35,0,Other,4,1,1.5706806282722487,0.75,0,0,1,0,70.0,0,36.829999999999984,Agricultural Burning,0,LOW
22.5921,85.90424,305.4,0.41,0.37,2026-08-15,2004,N21,VIIRS,n,2.0NRT,286.7,1.28,N,VIIRS_NOAA21_NRT,1.2066666666666668,3,,6.0773480662983355,Persistent / Stable,0,22.25,Unnamed Industrial Feature,0,99.34,0,207.39,0,Other,4,1,6.0773480662983355,0.58,0,0,1,0,70.0,1,18.69999999999999,Agricultural Burning,0,LOW
31.25863,76.92339,299.65,0.32,0.55,2026-09-04,2123,N20,VIIRS,n,2.0NRT,286.47,0.74,N,VIIRS_NOAA20_NRT,0.8307692307692308,13,,-10.925925925925933,Persistent / Stable,0,0.87,Ambuja Cements Limited,1,297.74,0,126.69,0,Industrial,0,1,-10.925925925925933,0.4,0,0,1,0,70.0,1,13.17999999999995,Normal Persistent Source,0,LOW
23.72436,86.44046,306.09,0.39,0.36,2026-08-21,1949,N21,VIIRS,n,2.0NRT,278.36,2.41,N,VIIRS_NOAA21_NRT,2.481578947368421,76,,-2.884411452810168,Persistent / Stable,0,6.65,SAIL Chasnalla ADM Building,0,2.71,1,193.67,0,Mining,1,1,-2.884411452810168,0.69,0,0,1,0,70.0,1,27.72999999999996,Mining Activity,0,LOW
15.17784,76.65171,302.12,0.42,0.61,2026-08-24,1951,N20,VIIRS,n,2.0NRT,278.92,1.57,N,VIIRS_NOAA20_NRT,2.712407407407407,162,,-42.117839830682044,Persistent / Stable,0,22.62,NMDC Donimalai Iron Mine,0,22.62,0,265.91,0,Forest / Woodland,2,1,-42.117839830682044,0.42,0,0,1,0,70.0,1,23.19999999999999,Other Thermal Event,5,LOW
28.85306,77.14323,306.41,0.35,0.57,2026-08-18,2002,N20,VIIRS,n,2.0NRT,285.71,1.07,N,VIIRS_NOAA20_NRT,1.5866666666666667,3,,-32.56302521008403,Persistent / Stable,0,3.8,All India Radio SW,0,31.97,0,62.3,0,Cropland / Agriculture,3,1,-32.56302521008403,0.41,0,0,1,0,70.0,1,20.700000000000045,Agricultural Burning,0,LOW
18.57163,74.18153,310.06,0.54,0.68,2026-08-21,1951,N21,VIIRS,n,2.0NRT,284.01,2.1,N,VIIRS_NOAA21_NRT,2.1,1,,0.0,Single Historical Detection,0,5.9,Unnamed Industrial Feature,0,471.78,0,129.29,0,Other,4,1,0.0,0.68,0,0,0,0,70.0,1,26.05000000000001,Agricultural Burning,0,LOW
23.7768,85.99547,299.36,0.44,0.46,2026-08-22,1932,N21,VIIRS,n,2.0NRT,276.54,0.83,N,VIIRS_NOAA21_NRT,1.0766666666666667,6,,-22.91021671826626,Persistent / Stable,0,1.93,Unnamed Industrial Feature,1,3.63,1,184.09,0,Industrial,0,1,-22.91021671826626,0.4,0,0,1,0,70.0,1,22.819999999999993,Normal Persistent Source,0,LOW
10.00575,78.03493,346.98,0.43,0.38,2026-08-10,820,N20,VIIRS,n,2.0NRT,296.12,5.99,D,VIIRS_NOAA20_NRT,3.6233333333333335,3,,65.31738730450782,Abnormal Increase,0,12.16,TNSTC Ponmeni Bus depot,0,104.6,0,154.24,0,Cropland / Agriculture,3,1,65.31738730450782,1.3,0,0,1,0,70.0,0,50.860000000000014,Agricultural Burning,10,LOW
20.96004,85.18867,306.86,0.45,0.47,2026-09-07,1932,N21,VIIRS,n,2.0NRT,290.6,1.83,N,VIIRS_NOAA21_NRT,3.776716417910448,67,,-51.545210243439776,Persistent / Reduced,0,4.82,NTPC Talcher Thermal Power,0,3.44,1,159.51,0,Mining,1,1,-51.545210243439776,0.38,0,0,1,0,70.0,1,16.25999999999999,Mining Activity,0,LOW
23.71023,86.45091,306.45,0.39,0.36,2026-09-03,2002,N20,VIIRS,n,2.0NRT,290.01,1.04,N,VIIRS_NOAA20_NRT,2.3802857142857143,35,,-56.30776617452887,Persistent / Reduced,0,5.08,SAIL Chasnalla ADM Building,0,4.57,1,195.42,0,Other,4,1,-56.30776617452887,0.31,0,0,1,0,70.0,1,16.439999999999998,Mining Activity,0,LOW
9.73456,77.55122,337.71,0.41,0.37,2026-09-03,816,N21,VIIRS,n,2.0NRT,305.79,6.46,D,VIIRS_NOAA21_NRT,9.467500000000001,4,,-31.76656984420386,Persistent / Stable,0,42.44,Unnamed Industrial Feature,0,44.11,0,105.93,0,Other,4,1,-31.76656984420386,0.62,0,0,1,0,70.0,0,31.91999999999996,Agricultural Burning,0,LOW
9.08281,77.96626,331.57,0.43,0.62,2026-08-27,848,N21,VIIRS,n,2.0NRT,294.28,3.55,D,VIIRS_NOAA21_NRT,3.55,1,,0.0,Single Historical Detection,0,14.64,Unnamed Industrial Feature,0,105.1,0,141.35,0,Other,4,1,0.0,0.78,0,0,0,0,70.0,0,37.29000000000002,Agricultural Burning,0,LOW
29.06069,79.5211,330.18,0.39,0.44,2026-08-13,731,N20,VIIRS,n,2.0NRT,297.26,3.85,D,VIIRS_NOAA20_NRT,3.85,1,,0.0,Single Historical Detection,0,73.96,Bareilly Sleeper Treatment Plant,0,222.2,0,250.89,0,Cropland / Agriculture,3,1,0.0,0.79,0,0,0,0,70.0,0,32.920000000000016,Agricultural Burning,0,LOW
22.7896,86.20553,310.74,0.48,0.4,2026-09-05,2010,N21,VIIRS,n,2.0NRT,293.44,3.02,N,VIIRS_NOAA21_NRT,2.479821428571429,56,,21.78296248289766,Persistent / Stable,0,0.8,Tata Steel,1,100.1,0,208.54,0,Industrial,0,1,21.78296248289766,0.87,0,0,1,0,70.0,1,17.30000000000001,Normal Persistent Source,0,LOW
11.86015,77.02831,338.33,0.41,0.37,2026-08-10,822,N20,VIIRS,n,2.0NRT,298.61,4.34,D,VIIRS_NOAA20_NRT,4.34,1,,0.0,Single Historical Detection,0,39.89,Bannari Amman,0,112.96,0,70.54,0,Cropland / Agriculture,3,1,0.0,0.81,0,0,0,0,70.0,0,39.71999999999997,Agricultural Burning,0,LOW
12.8527,79.90166,295.89,0.61,0.71,2026-08-12,2104,N21,VIIRS,n,2.0NRT,259.57,1.75,N,VIIRS_NOAA21_NRT,4.21125,8,,-58.44464232710003,Persistent / Reduced,0,14.25,Unnamed Industrial Feature,0,32.19,0,49.37,0,Cropland / Agriculture,3,1,-58.44464232710003,0.34,0,0,1,0,70.0,1,36.31999999999999,Other Thermal Event,5,LOW
15.17686,76.65341,320.45,0.43,0.38,2026-09-01,2044,N20,VIIRS,n,2.0NRT,286.85,1.81,N,VIIRS_NOAA20_NRT,2.70030303030303,165,,-32.970485916283245,Persistent / Stable,0,22.6,NMDC Donimalai Iron Mine,0,22.6,0,265.92,0,Forest / Woodland,2,1,-32.970485916283245,0.49,0,0,1,0,70.0,1,33.599999999999966,Other Thermal Event,5,LOW
23.71866,86.4409,314.11,0.39,0.36,2026-09-03,2002,N20,VIIRS,n,2.0NRT,289.64,1.28,N,VIIRS_NOAA20_NRT,2.4003703703703705,54,,-46.67489584940596,Persistent / Stable,0,6.01,SAIL Chasnalla ADM Building,0,3.19,1,194.3,0,Mining,1,1,-46.67489584940596,0.38,0,0,1,0,70.0,1,24.470000000000027,Mining Activity,0,LOW
23.60963,85.675,305.59,0.55,0.42,2026-08-19,1945,N20,VIIRS,n,2.0NRT,285.06,1.24,N,VIIRS_NOAA20_NRT,1.0263636363636364,11,,20.814880425155003,Persistent / Stable,0,14.9,Unnamed Industrial Feature,0,28.02,0,206.28,0,Other,4,1,20.814880425155003,0.61,0,0,1,0,70.0,1,20.529999999999973,Other Thermal Event,10,LOW
16.5745,79.53558,337.48,0.34,0.56,2026-09-06,722,N21,VIIRS,n,2.0NRT,295.02,3.57,D,VIIRS_NOAA21_NRT,3.57,1,,0.0,Single Historical Detection,0,6.57,Unnamed Industrial Feature,0,321.48,0,131.81,0,Cropland / Agriculture,3,1,0.0,0.78,0,0,0,0,70.0,0,42.460000000000036,Agricultural Burning,0,LOW
21.10907,72.63943,302.13,0.35,0.57,2026-08-28,2017,N20,VIIRS,n,2.0NRT,290.48,1.98,N,VIIRS_NOAA20_NRT,4.875096774193549,155,,-59.38542162934731,Persistent / Reduced,0,0.46,ArcelorMittal Nippon Steel India,1,377.83,0,0.56,1,Industrial,0,1,-59.38542162934731,0.34,0,0,1,0,70.0,1,11.649999999999977,Gas Flare,20,LOW
9.80522,77.56261,315.54,0.45,0.39,2026-09-04,2032,N21,VIIRS,n,2.0NRT,292.58,2.07,N,VIIRS_NOAA21_NRT,1.52,2,,36.18421052631578,Persistent / Stable,0,48.31,Bismi Chicken store,0,48.31,0,110.87,0,Other,4,1,36.18421052631578,0.82,0,0,1,0,70.0,1,22.960000000000036,Agricultural Burning,0,LOW
34.47789,73.86224,296.97,0.42,0.38,2026-08-25,2108,N20,VIIRS,n,2.0NRT,286.25,6.61,N,VIIRS_NOAA20_NRT,5.282500000000001,4,,25.130146710837664,Persistent / Stable,0,280.09,Kathua Industrial Area,0,730.09,0,491.35,0,Other,4,1,25.130146710837664,1.05,0,0,1,0,70.0,1,10.720000000000027,Agricultural Burning,0,LOW
9.22068,77.46474,338.5,0.46,0.39,2026-08-23,822,N21,VIIRS,n,2.0NRT,307.26,3.71,D,VIIRS_NOAA21_NRT,2.16,2,,71.75925925925924,Abnormal Increase,0,28.58,Unnamed Industrial Feature,0,53.87,0,84.73,0,Other,4,1,71.75925925925924,1.17,0,0,1,0,70.0,0,31.24000000000001,Agricultural Burning,10,LOW
22.79599,86.19947,301.74,0.51,0.41,2026-08-11,1938,N21,VIIRS,n,2.0NRT,276.71,3.03,N,VIIRS_NOAA21_NRT,2.479821428571429,56,,22.186217325556253,Persistent / Stable,0,1.02,Tata Motors Jamshedpur Plant,1,99.49,0,209.4,0,Industrial,0,1,22.186217325556253,0.87,0,0,1,0,70.0,1,25.03000000000003,Normal Persistent Source,0,LOW
14.67095,79.82304,333.89,0.39,0.36,2026-08-30,752,N21,VIIRS,n,2.0NRT,299.86,4.38,D,VIIRS_NOAA21_NRT,5.8675,4,,-25.35151256923732,Persistent / Stable,0,38.25,Fodd Corporation of India Godowns,0,170.42,0,173.44,0,Cropland / Agriculture,3,1,-25.35151256923732,0.64,0,0,1,0,70.0,0,34.02999999999997,Agricultural Burning,0,LOW
22.37088,87.29912,306.66,0.54,0.51,2026-09-05,1925,N20,VIIRS,n,2.0NRT,290.45,3.46,N,VIIRS_NOAA20_NRT,2.74032786885246,61,,26.262263699449583,Persistent / Stable,0,1.38,Unnamed Industrial Feature,1,175.09,0,87.08,0,Industrial,0,1,26.262263699449583,0.93,0,0,1,0,70.0,1,16.210000000000036,Normal Persistent Source,0,LOW
9.9144,78.20298,338.69,0.33,0.56,2026-08-23,737,N20,VIIRS,n,2.0NRT,294.36,5.55,D,VIIRS_NOAA20_NRT,10.910000000000002,3,,-49.12923923006417,Persistent / Stable,0,10.78,Tourist bus parking,0,118.23,0,174.28,0,Other,4,1,-49.12923923006417,0.47,0,0,1,0,70.0,0,44.329999999999984,Agricultural Burning,0,LOW
22.21468,84.8694,334.29,0.39,0.36,2026-08-26,729,N21,VIIRS,n,2.0NRT,293.07,5.23,D,VIIRS_NOAA21_NRT,2.4099999999999997,23,,117.01244813278014,Abnormal Increase,0,0.24,Rourkela Steel Plant SAIL,1,45.12,0,93.03,0,Industrial,0,1,117.01244813278014,1.53,0,1,1,0,70.0,0,41.22000000000003,Normal Persistent Source,20,LOW
20.88799,84.98059,309.58,0.55,0.51,2026-09-04,2029,N21,VIIRS,n,2.0NRT,289.88,3.23,N,VIIRS_NOAA21_NRT,2.7800000000000002,28,,16.187050359712217,Persistent / Stable,0,0.96,Unnamed Industrial Feature,1,25.8,0,149.99,0,Industrial,0,1,16.187050359712217,0.85,0,0,1,0,70.0,1,19.69999999999999,Normal Persistent Source,0,LOW
23.16651,82.34164,303.04,0.4,0.37,2026-08-25,2017,N21,VIIRS,n,2.0NRT,266.14,0.75,N,VIIRS_NOAA21_NRT,1.913076923076923,13,,-60.796139927623635,Persistent / Reduced,0,79.94,Salora Power Station,0,97.19,0,222.87,0,Forest / Woodland,2,1,-60.796139927623635,0.26,0,0,1,0,70.0,1,36.900000000000034,Other Thermal Event,5,LOW
25.59085,72.62873,332.94,0.42,0.38,2026-08-31,833,N20,VIIRS,n,2.0NRT,297.48,2.74,D,VIIRS_NOAA20_NRT,2.74,1,,0.0,Single Historical Detection,0,50.05,Industrial Area,0,135.56,0,132.06,0,Other,4,1,0.0,0.73,0,0,0,0,70.0,0,35.45999999999998,Agricultural Burning,0,LOW
8.94722,77.65343,336.49,0.41,0.37,2026-08-18,816,N21,VIIRS,l,2.0NRT,308.69,3.06,D,VIIRS_NOAA21_NRT,3.06,2,,0.0,Persistent / Stable,0,10.13,India Cements Sankarnagar,0,90.64,0,111.86,0,Other,4,1,0.0,0.75,0,0,1,0,30.0,0,27.80000000000001,Agricultural Burning,0,LOW
27.62523,70.73109,341.31,0.47,0.48,2026-08-30,756,N21,VIIRS,n,2.0NRT,309.66,2.05,D,VIIRS_NOAA21_NRT,2.05,1,,0.0,Single Historical Detection,0,171.76,Unnamed Industrial Feature,0,325.11,0,203.56,0,Other,4,1,0.0,0.67,0,0,0,0,70.0,0,31.649999999999977,Agricultural Burning,0,LOW
14.71398,75.90421,341.75,0.45,0.39,2026-09-08,824,N21,VIIRS,n,2.0NRT,301.66,4.12,D,VIIRS_NOAA21_NRT,4.12,1,,0.0,Single Historical Detection,0,22.82,K.S.R.T.C Bus Depot,0,23.58,0,181.53,0,Forest / Woodland,2,1,0.0,0.8,0,0,0,0,70.0,0,40.089999999999975,Agricultural Burning,0,LOW
11.81033,77.92142,305.99,0.57,0.52,2026-08-18,2049,N21,VIIRS,n,2.0NRT,289.27,3.21,N,VIIRS_NOAA21_NRT,1.7600000000000002,40,,82.38636363636361,Abnormal Increase,0,13.34,TNSTC Depot Mettur Dam,0,135.76,0,109.75,0,Cropland / Agriculture,3,1,82.38636363636361,1.16,0,0,1,0,70.0,1,16.720000000000027,Other Thermal Event,20,LOW
22.01773,83.74997,309.01,0.54,0.42,2026-09-07,2027,N20,VIIRS,n,2.0NRT,289.48,1.57,N,VIIRS_NOAA20_NRT,2.0485714285714285,7,,-23.361227336122727,Persistent / Stable,0,14.13,Hemgir Coal Washery,0,106.89,0,31.32,0,Other,4,1,-23.361227336122727,0.51,0,0,1,0,70.0,1,19.529999999999973,Other Thermal Event,5,LOW
19.01937,72.89208,330.53,0.49,0.4,2026-09-04,2029,N21,VIIRS,n,2.0NRT,293.33,5.81,N,VIIRS_NOAA21_NRT,4.566666666666666,3,,27.226277372262768,Persistent / Stable,0,4.65,BPCL Mumbai Refinery,0,570.96,0,1.33,1,Other,4,1,27.226277372262768,1.04,0,0,1,0,70.0,1,37.19999999999999,Gas Flare,10,LOW
23.7604,86.4017,335.74,0.38,0.36,2026-08-21,722,N21,VIIRS,n,2.0NRT,293.96,5.92,D,VIIRS_NOAA21_NRT,2.1719166666666667,120,,172.5703104017189,Abnormal Increase,0,4.44,Unnamed Industrial Feature,0,2.94,1,188.98,0,Mining,1,1,172.5703104017189,1.87,0,1,1,0,70.0,0,41.78000000000003,Mining Activity,15,LOW
8.77448,77.48844,333.78,0.48,0.48,2026-08-17,750,N20,VIIRS,n,2.0NRT,292.85,1.97,D,VIIRS_NOAA20_NRT,1.97,1,,0.0,Single Historical Detection,0,14.58,Madura Coats,0,71.52,0,104.29,0,Other,4,1,0.0,0.66,0,0,0,0,70.0,0,40.92999999999995,Agricultural Burning,0,LOW
15.18044,76.67444,312.89,0.43,0.38,2026-09-01,2044,N20,VIIRS,n,2.0NRT,287.2,2.96,N,VIIRS_NOAA20_NRT,2.4816216216216214,185,,19.276846003049457,Persistent / Stable,0,20.69,Food Corporation of India,0,24.0,0,267.55,0,Forest / Woodland,2,1,19.276846003049457,0.85,0,0,1,0,70.0,1,25.689999999999998,Other Thermal Event,10,LOW
27.08151,73.8162,304.34,0.42,0.45,2026-08-30,2118,N20,VIIRS,n,2.0NRT,291.02,0.92,N,VIIRS_NOAA20_NRT,0.8066666666666666,3,,14.049586776859513,Persistent / Stable,0,89.96,Unnamed Industrial Feature,0,303.82,0,279.45,0,Other,4,1,14.049586776859513,0.51,0,0,1,0,70.0,1,13.319999999999993,Agricultural Burning,0,LOW
20.9644,85.1881,323.33,0.57,0.52,2026-09-04,2029,N21,VIIRS,n,2.0NRT,289.61,3.3,N,VIIRS_NOAA21_NRT,3.7128571428571417,77,,-11.119661408233915,Persistent / Stable,0,4.99,NTPC Talcher Thermal Power,0,3.68,1,159.14,0,Mining,1,1,-11.119661408233915,0.7,0,0,1,0,70.0,1,33.71999999999997,Mining Activity,0,LOW
20.86473,84.99213,307.16,0.4,0.37,2026-09-06,1951,N21,VIIRS,n,2.0NRT,292.27,1.65,N,VIIRS_NOAA21_NRT,3.152708333333333,48,,-47.66404546355646,Persistent / Stable,0,1.29,Angul Steel Plant,1,25.5,0,152.73,0,Industrial,0,1,-47.66404546355646,0.4,0,0,1,0,70.0,1,14.890000000000043,Normal Persistent Source,0,LOW
27.79099,75.33077,305.17,0.39,0.36,2026-08-18,2046,N21,VIIRS,n,2.0NRT,294.07,0.99,N,VIIRS_NOAA21_NRT,0.9339999999999999,5,,5.995717344753753,Persistent / Stable,0,33.17,Unnamed Industrial Feature,0,213.07,0,233.16,0,Cropland / Agriculture,3,1,5.995717344753753,0.51,0,0,1,0,70.0,1,11.100000000000023,Agricultural Burning,0,LOW
23.75631,86.39796,299.4,0.32,0.55,2026-09-05,1925,N20,VIIRS,n,2.0NRT,275.0,0.77,N,VIIRS_NOAA20_NRT,2.1794067796610173,118,,-64.66928490881519,Persistent / Reduced,0,5.03,Unnamed Industrial Feature,0,2.88,1,189.36,0,Mining,1,1,-64.66928490881519,0.24,0,0,1,0,70.0,1,24.399999999999977,Mining Activity,0,LOW
17.08758,79.68736,338.48,0.39,0.36,2026-09-04,801,N21,VIIRS,n,2.0NRT,291.83,3.75,D,VIIRS_NOAA21_NRT,4.01,2,,-6.483790523690767,Persistent / Stable,0,13.32,Sudhakar PVC Pipes,0,322.0,0,98.81,0,Cropland / Agriculture,3,1,-6.483790523690767,0.75,0,0,1,0,70.0,0,46.650000000000034,Agricultural Burning,0,LOW
8.8975,77.86558,347.98,0.48,0.4,2026-08-23,822,N21,VIIRS,n,2.0NRT,302.76,7.04,D,VIIRS_NOAA21_NRT,6.08375,8,,15.718101499897264,Persistent / Stable,0,31.54,Unnamed Industrial Feature,0,109.88,0,135.68,0,Other,4,1,15.718101499897264,0.99,0,0,1,0,70.0,0,45.22000000000003,Other Thermal Event,10,LOW
17.69568,83.24305,303.24,0.43,0.46,2026-09-04,1947,N20,VIIRS,n,2.0NRT,283.8,1.39,N,VIIRS_NOAA20_NRT,2.3066666666666666,9,,-39.73988439306358,Persistent / Stable,0,1.6,VSEZ Visakhapatnam SEZ,1,296.85,0,5.86,0,Industrial,0,1,-39.73988439306358,0.42,0,0,1,0,70.0,1,19.439999999999998,Normal Persistent Source,0,LOW
20.8871,84.98233,342.42,0.55,0.43,2026-08-19,1945,N20,VIIRS,n,2.0NRT,289.76,7.56,N,VIIRS_NOAA20_NRT,2.7800000000000002,28,,171.94244604316543,Abnormal Increase,0,1.1,Unnamed Industrial Feature,1,25.66,0,150.18,0,Industrial,0,1,171.94244604316543,2.0,0,1,1,0,70.0,1,52.660000000000025,Normal Persistent Source,20,LOW
20.79518,85.25484,322.61,0.4,0.37,2026-09-06,1951,N21,VIIRS,n,2.0NRT,290.58,3.94,N,VIIRS_NOAA21_NRT,4.153833333333334,60,,-5.14785539461543,Persistent / Stable,0,1.19,Tata Steel Meramandali,1,17.59,0,152.58,0,Industrial,0,1,-5.14785539461543,0.76,0,0,1,0,70.0,1,32.03000000000003,Normal Persistent Source,0,LOW
22.79893,86.08892,305.93,0.51,0.41,2026-08-11,1938,N21,VIIRS,n,2.0NRT,273.27,2.12,N,VIIRS_NOAA21_NRT,2.015,14,,5.210918114143919,Persistent / Stable,0,0.68,Unnamed Industrial Feature,1,101.49,0,219.94,0,Industrial,0,1,5.210918114143919,0.7,0,0,1,0,70.0,1,32.660000000000025,Normal Persistent Source,0,LOW
17.02574,81.12362,305.54,0.45,0.39,2026-08-26,2000,N21,VIIRS,n,2.0NRT,291.23,1.64,N,VIIRS_NOAA21_NRT,1.545,2,,6.148867313915856,Persistent / Stable,0,30.74,poultry farm,0,378.72,0,119.88,0,Cropland / Agriculture,3,1,6.148867313915856,0.64,0,0,1,0,70.0,1,14.310000000000002,Agricultural Burning,0,LOW
20.96581,85.18961,310.61,0.45,0.47,2026-09-07,2027,N20,VIIRS,n,2.0NRT,289.71,2.61,N,VIIRS_NOAA20_NRT,3.7243835616438354,73,,-29.921288803884067,Persistent / Stable,0,4.89,NTPC Talcher Thermal Power,0,3.61,1,159.16,0,Mining,1,1,-29.921288803884067,0.55,0,0,1,0,70.0,1,20.900000000000034,Mining Activity,0,LOW
16.19309,79.21957,331.36,0.38,0.36,2026-08-11,805,N20,VIIRS,l,2.0NRT,304.15,2.61,D,VIIRS_NOAA20_NRT,3.0549999999999997,4,,-14.566284779050735,Persistent / Stable,0,38.36,Cement Factory,0,272.14,0,151.02,0,Cropland / Agriculture,3,1,-14.566284779050735,0.64,0,0,1,0,30.0,0,27.210000000000036,Agricultural Burning,0,LOW
15.17558,76.6577,319.62,0.42,0.38,2026-09-02,2023,N20,VIIRS,n,2.0NRT,289.15,2.78,N,VIIRS_NOAA20_NRT,2.566,205,,8.3398285268901,Persistent / Stable,0,22.46,Food Corporation of India,0,22.67,0,266.07,0,Forest / Woodland,2,1,8.3398285268901,0.78,0,0,1,0,70.0,1,30.470000000000027,Other Thermal Event,10,LOW
13.8191,79.35138,304.87,0.43,0.38,2026-08-31,2006,N21,VIIRS,n,2.0NRT,292.17,2.95,N,VIIRS_NOAA21_NRT,4.005,6,,-26.342072409488132,Persistent / Stable,0,16.2,TTD Transport Yard,0,124.41,0,122.95,0,Cropland / Agriculture,3,1,-26.342072409488132,0.59,0,0,1,0,70.0,1,12.699999999999989,Other Thermal Event,5,LOW
10.47282,78.95932,337.07,0.37,0.58,2026-08-18,731,N20,VIIRS,n,2.0NRT,294.19,1.61,D,VIIRS_NOAA20_NRT,1.4466666666666665,3,,11.290322580645178,Persistent / Stable,0,31.68,Masfab Engineering Technology,0,167.26,0,102.17,0,Cropland / Agriculture,3,1,11.290322580645178,0.66,0,0,1,0,70.0,0,42.879999999999995,Agricultural Burning,0,LOW
15.52739,80.19402,335.57,0.51,0.49,2026-08-10,729,N21,VIIRS,n,2.0NRT,296.91,7.02,D,VIIRS_NOAA21_NRT,7.02,1,,0.0,Single Historical Detection,0,39.4,"ITC Ltd., ILTD Division",0,257.29,0,261.82,0,Cropland / Agriculture,3,1,0.0,0.88,0,0,0,0,70.0,0,38.65999999999997,Agricultural Burning,0,LOW
22.3689,87.30096,305.95,0.43,0.46,2026-08-25,1932,N20,VIIRS,n,2.0NRT,288.76,2.38,N,VIIRS_NOAA20_NRT,2.612115384615385,52,,-8.8861076345432,Persistent / Stable,0,1.67,Unnamed Industrial Feature,1,175.38,0,86.81,0,Industrial,0,1,-8.8861076345432,0.66,0,0,1,0,70.0,1,17.189999999999998,Normal Persistent Source,0,LOW
17.60372,83.19993,309.65,0.39,0.36,2026-09-03,2004,N20,VIIRS,n,2.0NRT,292.61,1.9,N,VIIRS_NOAA20_NRT,2.8006060606060608,33,,-32.157541657649865,Persistent / Stable,0,9.45,Visakhapatnam Steel Plant RINL,0,307.17,0,15.27,0,Other,4,1,-32.157541657649865,0.5,0,0,1,0,70.0,1,17.039999999999964,Other Thermal Event,5,LOW
19.10354,82.16685,305.84,0.52,0.5,2026-09-04,1947,N20,VIIRS,n,2.0NRT,290.14,1.37,N,VIIRS_NOAA20_NRT,2.2891666666666666,36,,-40.152894066254085,Persistent / Stable,0,37.08,Unnamed Industrial Feature,0,182.41,0,75.49,0,Forest / Woodland,2,1,-40.152894066254085,0.42,0,0,1,0,70.0,1,15.699999999999989,Other Thermal Event,5,LOW
23.77222,86.36455,308.15,0.48,0.4,2026-09-05,2010,N21,VIIRS,n,2.0NRT,274.3,2.31,N,VIIRS_NOAA21_NRT,1.951153846153846,26,,18.39148432879954,Persistent / Stable,0,4.78,Unnamed Industrial Feature,0,6.68,0,187.04,0,Other,4,1,18.39148432879954,0.78,0,0,1,0,70.0,1,33.849999999999966,Other Thermal Event,10,LOW
23.6673,86.09382,309.03,0.4,0.37,2026-08-21,1949,N21,VIIRS,n,2.0NRT,290.14,3.18,N,VIIRS_NOAA21_NRT,2.635652173913044,69,,20.653249752556903,Persistent / Stable,0,2.17,Bokaro Steel Plant,1,18.51,0,196.18,0,Other,4,1,20.653249752556903,0.87,0,0,1,0,70.0,1,18.889999999999986,Normal Persistent Source,0,LOW
23.71044,86.44514,298.48,0.48,0.48,2026-08-22,2027,N20,VIIRS,n,2.0NRT,264.09,2.3,N,VIIRS_NOAA20_NRT,2.331621621621622,37,,-1.3562072562884162,Persistent / Stable,0,5.08,SAIL Chasnalla ADM Building,0,4.17,1,195.28,0,Other,4,1,-1.3562072562884162,0.69,0,0,1,0,70.0,1,34.39000000000004,Mining Activity,0,LOW
13.24685,76.39126,339.05,0.4,0.37,2026-09-03,818,N21,VIIRS,n,2.0NRT,287.26,5.27,D,VIIRS_NOAA21_NRT,5.27,1,,0.0,Single Historical Detection,0,9.69,Akshayakalpa Farms & Food,0,123.56,0,123.56,0,Forest / Woodland,2,1,0.0,0.84,0,0,0,0,70.0,0,51.79000000000002,Agricultural Burning,0,LOW
17.95719,80.79021,310.95,0.39,0.36,2026-08-20,2012,N21,VIIRS,n,2.0NRT,288.65,1.85,N,VIIRS_NOAA21_NRT,2.7118181818181815,33,,-31.780087160576585,Persistent / Stable,0,10.91,Aswapuram Heavy Water Plant,0,272.31,0,124.76,0,Other,4,1,-31.780087160576585,0.5,0,0,1,0,70.0,1,22.30000000000001,Other Thermal Event,5,LOW
21.18085,81.37692,303.51,0.39,0.36,2026-08-12,2017,N20,VIIRS,n,2.0NRT,287.71,0.96,N,VIIRS_NOAA20_NRT,2.735909090909091,22,,-64.91111480312344,Persistent / Reduced,0,1.51,Bhilai Steel Plant,1,172.85,0,285.84,0,Industrial,0,1,-64.91111480312344,0.26,0,0,1,0,70.0,1,15.800000000000011,Normal Persistent Source,0,LOW
10.80485,78.93539,335.98,0.57,0.52,2026-09-08,737,N20,VIIRS,l,2.0NRT,306.59,2.29,D,VIIRS_NOAA20_NRT,2.865,2,,-20.069808027923216,Persistent / Stable,0,10.17,G M Engineering Industries,0,138.92,0,99.43,0,Cropland / Agriculture,3,1,-20.069808027923216,0.59,0,0,1,0,30.0,0,29.390000000000043,Agricultural Burning,0,LOW
17.46345,80.65253,306.56,0.44,0.38,2026-09-07,2029,N20,VIIRS,n,2.0NRT,290.81,1.59,N,VIIRS_NOAA20_NRT,1.3228571428571427,7,,20.194384449244076,Persistent / Stable,0,10.3,Unnamed Industrial Feature,0,312.01,0,124.05,0,Cropland / Agriculture,3,1,20.194384449244076,0.68,0,0,1,0,70.0,1,15.75,Other Thermal Event,10,LOW
17.95628,80.79455,329.1,0.39,0.36,2026-08-25,2019,N21,VIIRS,n,2.0NRT,292.45,5.23,N,VIIRS_NOAA21_NRT,2.7118181818181815,33,,92.85953737847808,Abnormal Increase,0,10.56,Aswapuram Heavy Water Plant,0,272.66,0,125.22,0,Other,4,1,92.85953737847808,1.41,0,0,1,0,70.0,1,36.650000000000034,Other Thermal Event,20,LOW
21.10544,72.64433,333.95,0.52,0.41,2026-09-02,837,N21,VIIRS,n,2.0NRT,292.7,5.69,D,VIIRS_NOAA21_NRT,4.875096774193549,155,,16.715631782330195,Persistent / Stable,0,0.5,ArcelorMittal Nippon Steel India,1,378.07,0,0.75,1,Industrial,0,1,16.715631782330195,0.97,0,0,1,0,70.0,0,41.25,Gas Flare,25,LOW
15.00776,79.72642,339.73,0.32,0.55,2026-08-28,830,N21,VIIRS,n,2.0NRT,296.21,1.83,D,VIIRS_NOAA21_NRT,2.325,2,,-21.290322580645164,Persistent / Stable,0,35.45,COW Farm,0,209.24,0,212.3,0,Cropland / Agriculture,3,1,-21.290322580645164,0.55,0,0,1,0,70.0,0,43.52000000000004,Agricultural Burning,0,LOW
12.74603,77.61998,303.38,0.45,0.63,2026-08-11,1942,N21,VIIRS,n,2.0NRT,280.68,1.11,N,VIIRS_NOAA21_NRT,1.1433333333333335,6,,-2.9154518950437405,Persistent / Stable,0,3.86,Jigani Industrial Estate,0,26.73,0,35.97,0,Other,4,1,-2.9154518950437405,0.52,0,0,1,0,70.0,1,22.69999999999999,Other Thermal Event,5,LOW
12.28897,78.93392,302.16,0.44,0.38,2026-08-15,2006,N21,VIIRS,n,2.0NRT,275.11,1.08,N,VIIRS_NOAA21_NRT,1.08,1,,0.0,Single Historical Detection,0,60.39,Unnamed Industrial Feature,0,108.53,0,141.01,0,Cropland / Agriculture,3,1,0.0,0.52,0,0,0,0,70.0,1,27.05000000000001,Agricultural Burning,0,LOW
14.21666,78.06795,339.0,0.47,0.4,2026-08-10,822,N20,VIIRS,n,2.0NRT,299.95,7.05,D,VIIRS_NOAA20_NRT,8.525,2,,-17.30205278592376,Persistent / Stable,0,96.95,Chikkaballapura Industrial Area,0,144.36,0,138.99,0,Cropland / Agriculture,3,1,-17.30205278592376,0.74,0,0,1,0,70.0,0,39.05000000000001,Agricultural Burning,0,LOW
11.94986,76.94534,307.4,0.45,0.39,2026-09-05,2014,N21,VIIRS,n,2.0NRT,289.7,1.03,N,VIIRS_NOAA21_NRT,1.03,1,,0.0,Single Historical Detection,0,26.5,Bannari Amman,0,112.61,0,81.9,0,Forest / Woodland,2,1,0.0,0.51,0,0,0,0,70.0,1,17.69999999999999,Agricultural Burning,0,LOW
23.68087,86.09315,301.73,0.41,0.37,2026-08-15,2004,N21,VIIRS,n,2.0NRT,275.42,1.2,N,VIIRS_NOAA21_NRT,2.544805194805195,77,,-52.845113549374844,Persistent / Reduced,0,1.03,Bokaro Steel Plant,1,17.47,0,194.67,0,Industrial,0,1,-52.845113549374844,0.34,0,0,1,0,70.0,1,26.310000000000002,Normal Persistent Source,0,LOW
28.06329,95.35921,332.38,0.41,0.45,2026-08-11,625,N20,VIIRS,n,2.0NRT,302.57,5.03,D,VIIRS_NOAA20_NRT,5.03,2,,0.0,Persistent / Stable,0,64.2,FCI,0,606.89,0,79.11,0,Forest / Woodland,2,1,0.0,0.83,0,0,1,0,70.0,0,29.810000000000002,Agricultural Burning,0,LOW
33.43012,78.19984,302.75,0.46,0.47,2026-08-20,2008,N21,VIIRS,n,2.0NRT,281.21,1.48,N,VIIRS_NOAA21_NRT,1.48,1,,0.0,Single Historical Detection,0,218.05,Slate Godown,0,543.74,0,394.63,0,Other,4,1,0.0,0.6,0,0,0,0,70.0,1,21.54000000000002,Agricultural Burning,0,LOW
23.82531,84.93956,301.47,0.32,0.55,2026-09-02,1925,N21,VIIRS,n,2.0NRT,283.29,1.14,N,VIIRS_NOAA21_NRT,0.6924999999999999,4,,64.62093862815885,Abnormal Increase,0,21.29,Tori Power Project,0,98.34,0,211.47,0,Other,4,1,64.62093862815885,0.67,0,0,1,0,70.0,1,18.180000000000007,Agricultural Burning,10,LOW
21.1045,72.63617,337.36,0.36,0.58,2026-08-24,2131,N20,VIIRS,n,2.0NRT,289.47,5.37,N,VIIRS_NOAA20_NRT,4.875096774193549,155,,10.151659520406522,Persistent / Stable,0,0.04,Hazira Industrial Complex SURAT,1,378.42,0,0.06,1,Industrial,0,1,10.151659520406522,0.91,0,0,1,0,70.0,1,47.889999999999986,Gas Flare,25,LOW
22.79215,86.20784,319.15,0.5,0.41,2026-08-19,1945,N20,VIIRS,n,2.0NRT,290.83,1.51,N,VIIRS_NOAA20_NRT,2.479821428571429,56,,-39.10851875855117,Persistent / Stable,0,1.17,Tata Steel,1,99.79,0,208.44,0,Industrial,0,1,-39.10851875855117,0.43,0,0,1,0,70.0,1,28.319999999999993,Normal Persistent Source,0,LOW
9.51968,78.23049,354.26,0.43,0.38,2026-08-18,816,N21,VIIRS,n,2.0NRT,309.04,4.29,D,VIIRS_NOAA21_NRT,4.2122222222222225,9,,1.8464785017145806,Persistent / Stable,0,46.3,Tourist bus parking,0,116.71,0,170.23,0,Other,4,1,1.8464785017145806,0.82,0,0,1,0,70.0,0,45.21999999999997,Other Thermal Event,10,LOW
29.9256,77.28622,332.66,0.51,0.41,2026-09-08,744,N20,VIIRS,n,2.0NRT,298.54,3.04,D,VIIRS_NOAA20_NRT,3.04,1,,0.0,Single Historical Detection,0,8.61,Unnamed Industrial Feature,0,147.29,0,64.08,0,Cropland / Agriculture,3,1,0.0,0.75,0,0,0,0,70.0,0,34.120000000000005,Agricultural Burning,0,LOW
27.22125,95.34516,305.31,0.59,0.52,2026-08-18,2000,N20,VIIRS,n,2.0NRT,288.15,1.69,N,VIIRS_NOAA20_NRT,1.69,1,,0.0,Single Historical Detection,0,4.69,Unnamed Industrial Feature,0,572.86,0,32.96,0,Other,4,1,0.0,0.63,0,0,0,0,70.0,1,17.160000000000025,Agricultural Burning,0,LOW
10.39875,79.41953,333.63,0.5,0.41,2026-08-10,822,N20,VIIRS,n,2.0NRT,298.99,3.65,D,VIIRS_NOAA20_NRT,4.046666666666667,3,,-9.802306425041191,Persistent / Stable,0,36.4,Majestic Lumber Mill,0,155.11,0,61.97,0,Cropland / Agriculture,3,1,-9.802306425041191,0.72,0,0,1,0,70.0,0,34.639999999999986,Agricultural Burning,0,LOW
15.82445,79.88194,296.25,0.34,0.56,2026-08-11,1940,N21,VIIRS,n,2.0NRT,286.19,3.55,N,VIIRS_NOAA21_NRT,2.3966666666666665,3,,48.12239221140473,Persistent / Stable,0,9.22,kummitha's farm,0,293.8,0,220.56,0,Cropland / Agriculture,3,1,48.12239221140473,1.05,0,0,1,0,70.0,1,10.060000000000002,Agricultural Burning,0,LOW
8.64208,78.06361,337.16,0.39,0.36,2026-09-06,816,N20,VIIRS,n,2.0NRT,302.68,4.23,D,VIIRS_NOAA20_NRT,3.8466666666666662,3,,9.965337954939365,Persistent / Stable,0,21.2,SPIC Tuticorin Fertilizers,0,128.9,0,166.66,0,Other,4,1,9.965337954939365,0.87,0,0,1,0,70.0,0,34.48000000000002,Agricultural Burning,0,LOW
10.90637,77.41584,305.31,0.52,0.5,2026-09-06,1953,N21,VIIRS,n,2.0NRT,288.22,1.64,N,VIIRS_NOAA21_NRT,1.265,2,,29.64426877470356,Persistent / Stable,0,19.44,Unnamed Industrial Feature,0,132.3,0,38.95,0,Cropland / Agriculture,3,1,29.64426877470356,0.72,0,0,1,0,70.0,1,17.089999999999975,Agricultural Burning,0,LOW
9.08864,77.73862,337.47,0.41,0.6,2026-08-11,848,N21,VIIRS,n,2.0NRT,290.84,4.77,D,VIIRS_NOAA21_NRT,4.77,1,,0.0,Single Historical Detection,0,18.35,Unnamed Industrial Feature,0,85.03,0,116.64,0,Other,4,1,0.0,0.83,0,0,0,0,70.0,0,46.63000000000005,Agricultural Burning,0,LOW
11.65042,78.09669,330.36,0.44,0.39,2026-08-18,816,N21,VIIRS,n,2.0NRT,299.96,2.0,D,VIIRS_NOAA21_NRT,2.0,1,,0.0,Single Historical Detection,0,5.13,Burn Standard,0,158.81,0,117.61,0,Cropland / Agriculture,3,1,0.0,0.67,0,0,0,0,70.0,0,30.400000000000034,Agricultural Burning,0,LOW
10.06989,77.25764,295.88,0.35,0.57,2026-08-23,2057,N21,VIIRS,n,2.0NRT,283.55,1.09,N,VIIRS_NOAA21_NRT,1.9366666666666665,6,,-43.717728055077444,Persistent / Stable,0,15.65,Kannan Devan Tea Factory,0,52.25,0,89.67,0,Cropland / Agriculture,3,1,-43.717728055077444,0.37,0,0,1,0,70.0,1,12.329999999999984,Other Thermal Event,5,LOW
20.96356,85.1699,297.9,0.58,0.69,2026-08-26,1913,N20,VIIRS,n,2.0NRT,270.6,2.19,N,VIIRS_NOAA20_NRT,3.536637168141593,113,,-38.076769092182964,Persistent / Stable,0,5.19,Unnamed Industrial Feature,0,5.42,0,157.79,0,Other,4,1,-38.076769092182964,0.48,0,0,1,0,70.0,1,27.299999999999955,Mining Activity,0,LOW
22.04029,83.3499,304.76,0.39,0.36,2026-08-12,2017,N20,VIIRS,n,2.0NRT,277.92,0.99,N,VIIRS_NOAA20_NRT,1.5653846153846156,13,,-36.756756756756765,Persistent / Stable,0,2.4,Unnamed Industrial Feature,1,77.09,0,71.56,0,Other,4,1,-36.756756756756765,0.39,0,0,1,0,70.0,1,26.839999999999975,Normal Persistent Source,0,LOW
20.79802,85.25985,309.64,0.53,0.42,2026-09-04,1945,N20,VIIRS,n,2.0NRT,286.98,1.69,N,VIIRS_NOAA20_NRT,4.153833333333334,60,,-59.31468924286805,Persistent / Reduced,0,0.68,Tata Steel Meramandali,1,17.4,0,152.23,0,Industrial,0,1,-59.31468924286805,0.33,0,0,1,0,70.0,1,22.659999999999968,Normal Persistent Source,0,LOW
21.07996,85.03458,307.48,0.55,0.43,2026-08-19,1945,N20,VIIRS,n,2.0NRT,290.37,2.71,N,VIIRS_NOAA20_NRT,2.44,20,,11.065573770491804,Persistent / Stable,0,4.42,Talcher Super Thermal Powerstation,0,24.07,0,138.7,0,Other,4,1,11.065573770491804,0.79,0,0,1,0,70.0,1,17.110000000000014,Other Thermal Event,10,LOW
23.69309,87.10959,306.56,0.52,0.41,2026-08-20,2010,N21,VIIRS,n,2.0NRT,289.73,1.5,N,VIIRS_NOAA21_NRT,2.7293333333333334,60,,-45.04152418172936,Persistent / Stable,0,0.06,Unnamed Industrial Feature,1,70.06,0,209.34,0,Industrial,0,1,-45.04152418172936,0.4,0,0,1,0,70.0,1,16.829999999999984,Normal Persistent Source,0,LOW
21.37509,81.68103,314.57,0.39,0.36,2026-08-25,2017,N21,VIIRS,n,2.0NRT,290.19,3.85,N,VIIRS_NOAA21_NRT,2.0876923076923077,13,,84.4141488577745,Abnormal Increase,0,1.66,Unnamed Industrial Feature,1,140.68,0,249.7,0,Industrial,0,1,84.4141488577745,1.25,0,0,1,0,70.0,1,24.379999999999995,Normal Persistent Source,10,LOW
20.86294,84.98755,302.98,0.46,0.47,2026-08-22,1932,N21,VIIRS,n,2.0NRT,277.99,1.6,N,VIIRS_NOAA21_NRT,3.152708333333333,48,,-49.24998347981232,Persistent / Stable,0,1.38,Angul Steel Plant,1,26.01,0,152.58,0,Industrial,0,1,-49.24998347981232,0.39,0,0,1,0,70.0,1,24.99000000000001,Normal Persistent Source,0,LOW
10.40738,79.5165,354.22,0.44,0.62,2026-08-29,726,N20,VIIRS,n,2.0NRT,289.07,6.75,D,VIIRS_NOAA20_NRT,5.8100000000000005,2,,16.179001721170387,Persistent / Stable,0,33.87,Majestic Lumber Mill,0,151.92,0,53.75,0,Cropland / Agriculture,3,1,16.179001721170387,0.99,0,0,1,0,70.0,0,65.15000000000003,Agricultural Burning,0,LOW
24.9338,74.63345,297.15,0.38,0.36,2026-09-06,2046,N20,VIIRS,n,2.0NRT,279.72,1.01,N,VIIRS_NOAA20_NRT,1.14,8,,-11.403508771929815,Persistent / Stable,0,43.37,Unnamed Industrial Feature,0,110.65,0,323.23,0,Cropland / Agriculture,3,1,-11.403508771929815,0.47,0,0,1,0,70.0,1,17.42999999999995,Other Thermal Event,5,LOW
29.45938,76.8674,332.56,0.5,0.49,2026-08-23,828,N21,VIIRS,n,2.0NRT,293.24,3.56,D,VIIRS_NOAA21_NRT,9.773076923076923,39,,-63.573396300669025,Persistent / Reduced,0,12.03,Panipat IOCL Refinery,0,104.34,0,1.7,1,Cropland / Agriculture,3,1,-63.573396300669025,0.33,0,0,1,0,70.0,0,39.31999999999999,Gas Flare,5,LOW
26.3854,93.8444,331.92,0.52,0.42,2026-08-11,709,N21,VIIRS,n,2.0NRT,296.48,2.8,D,VIIRS_NOAA21_NRT,2.8,1,,0.0,Single Historical Detection,0,22.63,Numaligarh Refinery,0,406.33,0,22.63,0,Forest / Woodland,2,1,0.0,0.74,0,0,0,0,70.0,0,35.44,Agricultural Burning,0,LOW
22.24621,87.38834,305.74,0.37,0.58,2026-08-19,2027,N21,VIIRS,n,2.0NRT,280.88,0.81,N,VIIRS_NOAA21_NRT,2.518,10,,-67.83161239078633,Persistent / Reduced,0,12.47,Unnamed Industrial Feature,0,191.72,0,73.23,0,Other,4,1,-67.83161239078633,0.23,0,0,1,0,70.0,1,24.860000000000014,Other Thermal Event,5,LOW
10.01626,79.18711,332.54,0.57,0.52,2026-09-08,737,N20,VIIRS,n,2.0NRT,301.07,2.15,D,VIIRS_NOAA20_NRT,2.15,1,,0.0,Single Historical Detection,0,83.14,Central Warehouse Corporation,0,203.06,0,110.22,0,Cropland / Agriculture,3,1,0.0,0.68,0,0,0,0,70.0,0,31.470000000000027,Agricultural Burning,0,LOW
23.84328,84.94684,298.18,0.4,0.6,2026-09-05,1925,N20,VIIRS,n,2.0NRT,278.39,0.52,N,VIIRS_NOAA20_NRT,0.5499999999999999,3,,-5.45454545454544,Persistent / Stable,0,23.12,Tori Power Project,0,97.79,0,209.39,0,Other,4,1,-5.45454545454544,0.34,0,0,1,0,70.0,1,19.79000000000002,Agricultural Burning,0,LOW
11.35922,77.2625,330.28,0.41,0.37,2026-08-26,822,N20,VIIRS,n,2.0NRT,293.57,1.86,D,VIIRS_NOAA20_NRT,1.86,1,,0.0,Single Historical Detection,0,18.25,Netaji apparel park,0,113.08,0,22.26,0,Cropland / Agriculture,3,1,0.0,0.65,0,0,0,0,70.0,0,36.70999999999998,Agricultural Burning,0,LOW
23.4986,68.57943,306.78,0.38,0.36,2026-09-02,2108,N21,VIIRS,n,2.0NRT,291.89,1.01,N,VIIRS_NOAA21_NRT,0.9533333333333333,3,,5.944055944055954,Persistent / Stable,0,0.12,Sanghi Cement,1,121.99,0,165.8,0,Industrial,0,1,5.944055944055954,0.52,0,0,1,0,70.0,1,14.889999999999986,Normal Persistent Source,0,LOW
23.69436,87.11919,314.37,0.58,0.52,2026-09-05,1923,N20,VIIRS,n,2.0NRT,289.79,5.74,N,VIIRS_NOAA20_NRT,2.818035714285714,56,,103.68797921551234,Abnormal Increase,0,0.17,Unnamed Industrial Feature,1,71.01,0,209.01,0,Industrial,0,1,103.68797921551234,1.5,0,1,1,0,70.0,1,24.579999999999984,Normal Persistent Source,20,LOW
20.96403,85.17625,307.09,0.54,0.42,2026-09-04,1945,N20,VIIRS,n,2.0NRT,291.54,2.3,N,VIIRS_NOAA20_NRT,3.5795412844036694,109,,-35.74595689058616,Persistent / Stable,0,5.38,Unnamed Industrial Feature,0,4.8,1,158.25,0,Other,4,1,-35.74595689058616,0.5,0,0,1,0,70.0,1,15.549999999999955,Mining Activity,0,LOW
29.04118,75.70134,349.66,0.33,0.55,2026-08-21,726,N21,VIIRS,n,2.0NRT,291.73,6.91,D,VIIRS_NOAA21_NRT,6.91,1,,0.0,Single Historical Detection,0,11.13,Unnamed Industrial Feature,0,163.36,0,123.89,0,Cropland / Agriculture,3,1,0.0,0.87,0,0,0,0,70.0,0,57.93000000000001,Agricultural Burning,0,LOW
14.38531,77.7276,340.52,0.47,0.48,2026-09-05,739,N21,VIIRS,n,2.0NRT,302.25,6.8,D,VIIRS_NOAA21_NRT,6.8,1,,0.0,Single Historical Detection,0,96.25,Loco Shed,0,121.53,0,156.23,0,Cropland / Agriculture,3,1,0.0,0.87,0,0,0,0,70.0,0,38.26999999999998,Agricultural Burning,0,LOW
13.38845,78.06381,332.82,0.46,0.39,2026-09-07,758,N20,VIIRS,l,2.0NRT,306.44,1.99,D,VIIRS_NOAA20_NRT,1.99,1,,0.0,Single Historical Detection,0,36.35,Chikkaballapura Industrial Area,0,68.72,0,50.58,0,Cropland / Agriculture,3,1,0.0,0.67,0,0,0,0,30.0,0,26.379999999999995,Agricultural Burning,0,LOW
10.95938,76.78011,331.65,0.48,0.4,2026-08-19,758,N21,VIIRS,n,2.0NRT,295.71,5.83,D,VIIRS_NOAA21_NRT,5.91,2,,-1.3536379018612532,Persistent / Stable,0,13.59,Malabar Cement Factory-Walayar,0,64.49,0,33.74,0,Forest / Woodland,2,1,-1.3536379018612532,0.84,0,0,1,0,70.0,0,35.94,Agricultural Burning,0,LOW
23.76221,86.40449,340.79,0.38,0.36,2026-08-13,729,N20,VIIRS,n,2.0NRT,294.95,4.42,D,VIIRS_NOAA20_NRT,2.1719166666666667,120,,103.50688715804013,Abnormal Increase,0,4.1,Unnamed Industrial Feature,0,2.93,1,188.84,0,Mining,1,1,103.50688715804013,1.39,0,1,1,0,70.0,0,45.84000000000003,Mining Activity,15,LOW
23.56278,87.0825,310.48,0.58,0.52,2026-09-05,1925,N20,VIIRS,n,2.0NRT,290.43,1.79,N,VIIRS_NOAA20_NRT,1.9581818181818185,11,,-8.588672237697319,Persistent / Stable,0,5.55,Unnamed Industrial Feature,0,70.3,0,198.03,0,Other,4,1,-8.588672237697319,0.61,0,0,1,0,70.0,1,20.05000000000001,Other Thermal Event,5,LOW
23.67995,86.09299,338.55,0.54,0.51,2026-09-02,1925,N21,VIIRS,n,2.0NRT,287.94,7.49,N,VIIRS_NOAA21_NRT,2.544805194805195,77,,194.3250829293187,Abnormal Increase,0,1.1,Bokaro Steel Plant,1,17.52,0,194.78,0,Industrial,0,1,194.3250829293187,2.11,0,1,1,0,70.0,1,50.610000000000014,Normal Persistent Source,20,LOW
23.77945,86.21242,307.59,0.58,0.52,2026-08-19,2027,N21,VIIRS,n,2.0NRT,285.49,3.24,N,VIIRS_NOAA21_NRT,3.1421739130434774,46,,3.1133250311332863,Persistent / Stable,0,7.5,Unnamed Industrial Feature,0,17.46,0,184.33,0,Other,4,1,3.1133250311332863,0.78,0,0,1,0,70.0,1,22.099999999999966,Other Thermal Event,10,LOW
15.11341,79.33398,330.16,0.48,0.48,2026-08-15,828,N20,VIIRS,n,2.0NRT,291.92,5.63,D,VIIRS_NOAA20_NRT,5.63,1,,0.0,Single Historical Detection,0,75.57,COW Farm,0,236.26,0,238.31,0,Cropland / Agriculture,3,1,0.0,0.85,0,0,0,0,70.0,0,38.24000000000001,Agricultural Burning,0,LOW
9.94897,77.83247,367.0,0.35,0.57,2026-09-08,737,N20,VIIRS,h,2.0NRT,302.37,7.77,D,VIIRS_NOAA20_NRT,7.995,2,,-2.814258911819894,Persistent / Stable,0,29.55,TNSTC Ponmeni Bus depot,0,81.91,0,144.45,0,Other,4,1,-2.814258911819894,0.86,0,0,1,0,95.0,0,64.63,Agricultural Burning,5,LOW
9.91944,78.34734,343.05,0.39,0.36,2026-08-21,813,N20,VIIRS,n,2.0NRT,303.09,3.79,D,VIIRS_NOAA20_NRT,3.79,1,,0.0,Single Historical Detection,0,26.59,Tourist bus parking,0,133.6,0,185.35,0,Other,4,1,0.0,0.79,0,0,0,0,70.0,0,39.960000000000036,Agricultural Burning,0,LOW
28.01491,96.65388,329.84,0.4,0.37,2026-09-08,646,N21,VIIRS,n,2.0NRT,295.39,3.61,D,VIIRS_NOAA21_NRT,6.956666666666667,3,,-48.10733109726881,Persistent / Stable,0,120.66,Unnamed Industrial Feature,0,722.72,0,123.07,0,Forest / Woodland,2,1,-48.10733109726881,0.45,0,0,1,0,70.0,0,34.44999999999999,Agricultural Burning,0,LOW
23.65083,85.43866,318.02,0.52,0.5,2026-08-11,2034,N20,VIIRS,n,2.0NRT,281.33,2.44,N,VIIRS_NOAA20_NRT,3.0220454545454554,44,,-19.259983454914668,Persistent / Stable,0,2.47,Unnamed Industrial Feature,1,48.54,0,207.72,0,Other,4,1,-19.259983454914668,0.61,0,0,1,0,70.0,1,36.69,Normal Persistent Source,0,LOW
23.6769,86.08849,329.24,0.52,0.41,2026-09-04,1945,N20,VIIRS,n,2.0NRT,289.77,3.8,N,VIIRS_NOAA20_NRT,2.5616,75,,48.344784509681446,Persistent / Stable,0,1.67,Bokaro Steel Plant,1,17.39,0,195.11,0,Industrial,0,1,48.344784509681446,1.07,0,0,1,0,70.0,1,39.47000000000003,Normal Persistent Source,0,LOW
29.47537,76.8596,306.94,0.47,0.4,2026-08-23,2053,N21,VIIRS,n,2.0NRT,292.43,0.83,N,VIIRS_NOAA21_NRT,7.779047619047621,42,,-89.33031341821743,Persistent / Reduced,0,13.76,Panipat IOCL Refinery,0,106.27,0,2.06,1,Cropland / Agriculture,3,1,-89.33031341821743,0.09,0,0,1,0,70.0,1,14.509999999999991,Gas Flare,5,LOW
11.46199,77.46516,341.29,0.42,0.38,2026-08-26,822,N20,VIIRS,n,2.0NRT,296.66,5.71,D,VIIRS_NOAA20_NRT,5.71,1,,0.0,Single Historical Detection,0,26.66,SIPCOT Perundurai,0,136.94,0,46.84,0,Cropland / Agriculture,3,1,0.0,0.85,0,0,0,0,70.0,0,44.629999999999995,Agricultural Burning,0,LOW
15.13456,76.70862,308.41,0.33,0.56,2026-08-21,1953,N21,VIIRS,n,2.0NRT,290.28,0.9,N,VIIRS_NOAA21_NRT,0.852,10,,5.633802816901413,Persistent / Stable,0,17.39,Food Corporation of India,0,22.16,0,265.56,0,Forest / Woodland,2,1,5.633802816901413,0.49,0,0,1,0,70.0,1,18.130000000000052,Other Thermal Event,10,LOW
15.18721,76.65808,305.95,0.34,0.56,2026-08-21,1953,N21,VIIRS,n,2.0NRT,291.46,1.44,N,VIIRS_NOAA21_NRT,2.6093717277486914,191,,-44.81430205260941,Persistent / Stable,0,22.5,Food Corporation of India,0,23.85,0,267.16,0,Forest / Woodland,2,1,-44.81430205260941,0.4,0,0,1,0,70.0,1,14.490000000000009,Other Thermal Event,5,LOW
9.29947,77.67791,330.82,0.37,0.58,2026-09-08,737,N20,VIIRS,n,2.0NRT,300.73,2.44,D,VIIRS_NOAA20_NRT,2.44,1,,0.0,Single Historical Detection,0,8.31,Unnamed Industrial Feature,0,65.45,0,107.75,0,Other,4,1,0.0,0.71,0,0,0,0,70.0,0,30.089999999999975,Agricultural Burning,0,LOW
13.71189,79.61842,305.98,0.39,0.36,2026-08-28,2017,N20,VIIRS,n,2.0NRT,288.23,1.23,N,VIIRS_NOAA20_NRT,1.52875,8,,-19.542109566639414,Persistent / Stable,0,29.11,TTD Transport Yard,0,93.89,0,92.83,0,Cropland / Agriculture,3,1,-19.542109566639414,0.49,0,0,1,0,70.0,1,17.75,Other Thermal Event,5,LOW
23.64829,85.43843,333.96,0.42,0.45,2026-08-30,709,N20,VIIRS,n,2.0NRT,288.41,6.73,D,VIIRS_NOAA20_NRT,3.0220454545454554,44,,122.69684891328868,Abnormal Increase,0,2.45,Unnamed Industrial Feature,1,48.63,0,208.0,0,Other,4,1,122.69684891328868,1.67,0,1,1,0,70.0,0,45.549999999999955,Normal Persistent Source,5,LOW
18.68679,73.03175,299.44,0.39,0.44,2026-08-30,2023,N21,VIIRS,n,2.0NRT,288.82,0.79,N,VIIRS_NOAA21_NRT,2.30734693877551,49,,-65.76154254378206,Persistent / Reduced,0,23.91,ONGC Uran Plant Maharashtra,0,549.21,0,23.56,0,Forest / Woodland,2,1,-65.76154254378206,0.24,0,0,1,0,70.0,1,10.620000000000005,Other Thermal Event,5,LOW
21.19365,81.39023,312.39,0.39,0.36,2026-08-25,2017,N21,VIIRS,n,2.0NRT,290.55,1.27,N,VIIRS_NOAA21_NRT,2.6544,25,,-52.15491259795056,Persistent / Reduced,0,1.03,Bhilai Steel Plant,1,171.35,0,284.1,0,Industrial,0,1,-52.15491259795056,0.35,0,0,1,0,70.0,1,21.839999999999975,Normal Persistent Source,0,LOW
12.25146,79.63464,300.56,0.38,0.36,2026-08-28,2017,N20,VIIRS,n,2.0NRT,276.78,0.53,N,VIIRS_NOAA20_NRT,0.53,1,,0.0,Single Historical Detection,0,32.91,Workshop,0,57.43,0,118.21,0,Cropland / Agriculture,3,1,0.0,0.35,0,0,0,0,70.0,1,23.78000000000003,Agricultural Burning,0,LOW
29.45843,76.89032,307.74,0.47,0.4,2026-08-23,2053,N21,VIIRS,n,2.0NRT,291.53,0.61,N,VIIRS_NOAA21_NRT,5.0525,16,,-87.92676892627411,Persistent / Reduced,0,10.33,Panipat IOCL Refinery,0,103.36,0,1.63,1,Cropland / Agriculture,3,1,-87.92676892627411,0.1,0,0,1,0,70.0,1,16.210000000000036,Gas Flare,5,LOW
22.35736,82.30417,338.94,0.55,0.43,2026-08-11,807,N20,VIIRS,n,2.0NRT,294.1,6.84,D,VIIRS_NOAA20_NRT,3.82625,24,,78.76510944135904,Abnormal Increase,0,13.44,Bhandhakhar Power Station,0,38.66,0,184.58,0,Forest / Woodland,2,1,78.76510944135904,1.42,0,0,1,0,70.0,0,44.839999999999975,Other Thermal Event,20,LOW
22.05358,85.46653,303.4,0.54,0.42,2026-09-04,1945,N20,VIIRS,n,2.0NRT,289.87,0.57,N,VIIRS_NOAA20_NRT,1.07,6,,-46.728971962616825,Persistent / Stable,0,6.42,Unnamed Industrial Feature,0,27.65,0,149.0,0,Other,4,1,-46.728971962616825,0.28,0,0,1,0,70.0,1,13.529999999999973,Other Thermal Event,5,LOW
13.82569,79.28007,340.25,0.61,0.54,2026-08-18,731,N20,VIIRS,n,2.0NRT,293.6,7.61,D,VIIRS_NOAA20_NRT,9.3725,4,,-18.80501467057882,Persistent / Stable,0,18.62,TTD Transport Yard,0,131.28,0,129.69,0,Cropland / Agriculture,3,1,-18.80501467057882,0.73,0,0,1,0,70.0,0,46.64999999999998,Agricultural Burning,0,LOW
22.9333,69.69547,319.81,0.4,0.37,2026-08-31,2059,N20,VIIRS,n,2.0NRT,288.73,3.34,N,VIIRS_NOAA20_NRT,2.3864,25,,39.95977204156888,Persistent / Stable,0,10.82,Mundra Port Industrial SEZ,0,33.06,0,54.91,0,Other,4,1,39.95977204156888,0.99,0,0,1,0,70.0,1,31.079999999999984,Other Thermal Event,10,LOW
15.91067,80.06923,337.3,0.52,0.42,2026-09-06,816,N20,VIIRS,n,2.0NRT,290.29,5.49,D,VIIRS_NOAA20_NRT,5.49,1,,0.0,Single Historical Detection,0,30.49,kummitha's farm,0,300.78,0,224.94,0,Cropland / Agriculture,3,1,0.0,0.85,0,0,0,0,70.0,0,47.00999999999999,Agricultural Burning,0,LOW
23.78238,86.20961,331.12,0.51,0.41,2026-09-05,741,N21,VIIRS,n,2.0NRT,295.78,4.32,D,VIIRS_NOAA21_NRT,3.0518750000000003,48,,41.55232439074339,Persistent / Stable,0,7.49,Unnamed Industrial Feature,0,17.89,0,183.98,0,Other,4,1,41.55232439074339,1.07,0,0,1,0,70.0,0,35.34000000000003,Other Thermal Event,10,LOW
9.88019,78.4741,337.89,0.5,0.49,2026-08-28,744,N20,VIIRS,n,2.0NRT,302.38,1.87,D,VIIRS_NOAA20_NRT,2.3,2,,-18.695652173913032,Persistent / Stable,0,40.68,Tourist bus parking,0,146.1,0,179.49,0,Other,4,1,-18.695652173913032,0.57,0,0,1,0,70.0,0,35.50999999999999,Agricultural Burning,0,LOW
22.20785,84.86195,304.89,0.51,0.5,2026-09-04,2027,N21,VIIRS,n,2.0NRT,289.96,1.54,N,VIIRS_NOAA21_NRT,2.2872,25,,-32.66876530255334,Persistent / Stable,0,0.84,Rourkela Steel Plant SAIL,1,45.27,0,92.04,0,Industrial,0,1,-32.66876530255334,0.47,0,0,1,0,70.0,1,14.930000000000007,Normal Persistent Source,0,LOW
18.70828,74.36279,342.67,0.41,0.61,2026-08-23,739,N20,VIIRS,n,2.0NRT,289.28,4.53,D,VIIRS_NOAA20_NRT,4.53,1,,0.0,Single Historical Detection,0,27.52,Unnamed Industrial Feature,0,474.81,0,144.63,0,Forest / Woodland,2,1,0.0,0.82,0,0,0,0,70.0,0,53.39000000000004,Agricultural Burning,0,LOW
9.18691,77.63944,331.4,0.41,0.6,2026-08-27,848,N21,VIIRS,n,2.0NRT,291.35,1.26,D,VIIRS_NOAA21_NRT,1.045,2,,20.574162679425847,Persistent / Stable,0,21.26,Unnamed Industrial Feature,0,69.62,0,104.19,0,Other,4,1,20.574162679425847,0.62,0,0,1,0,70.0,0,40.049999999999955,Agricultural Burning,0,LOW
16.01212,78.38377,333.84,0.49,0.4,2026-09-02,752,N20,VIIRS,l,2.0NRT,288.69,6.07,D,VIIRS_NOAA20_NRT,7.21,2,,-15.811373092926488,Persistent / Stable,0,38.86,Unnamed Industrial Feature,0,183.77,0,165.02,0,Cropland / Agriculture,3,1,-15.811373092926488,0.74,0,0,1,0,30.0,0,45.14999999999998,Agricultural Burning,0,LOW
21.67329,84.04231,307.47,0.44,0.38,2026-09-06,1951,N21,VIIRS,n,2.0NRT,291.54,1.34,N,VIIRS_NOAA21_NRT,2.8622222222222224,18,,-53.1832298136646,Persistent / Reduced,0,7.06,Unnamed Industrial Feature,0,111.07,0,25.87,0,Other,4,1,-53.1832298136646,0.35,0,0,1,0,70.0,1,15.930000000000007,Other Thermal Event,5,LOW
11.5186,77.70729,303.15,0.44,0.38,2026-09-04,2032,N21,VIIRS,n,2.0NRT,284.04,1.48,N,VIIRS_NOAA21_NRT,1.55,2,,-4.5161290322580685,Persistent / Stable,0,11.88,Pallava Textiles (P) Limited,0,163.22,0,72.93,0,Cropland / Agriculture,3,1,-4.5161290322580685,0.58,0,0,1,0,70.0,1,19.109999999999957,Agricultural Burning,0,LOW
23.67524,86.10297,304.36,0.45,0.63,2026-08-21,2046,N20,VIIRS,n,2.0NRT,276.44,1.08,N,VIIRS_NOAA20_NRT,2.5975,64,,-58.421559191530314,Persistent / Reduced,0,1.12,Bokaro Steel Plant,1,18.64,0,195.32,0,Industrial,0,1,-58.421559191530314,0.3,0,0,1,0,70.0,1,27.920000000000016,Normal Persistent Source,0,LOW
15.17104,76.3823,299.58,0.42,0.38,2026-08-16,2042,N20,VIIRS,n,2.0NRT,281.57,1.18,N,VIIRS_NOAA20_NRT,1.3534615384615387,26,,-12.816140949133297,Persistent / Stable,0,22.71,APMC,0,27.7,0,249.9,0,Forest / Woodland,2,1,-12.816140949133297,0.5,0,0,1,0,70.0,1,18.00999999999999,Other Thermal Event,5,LOW
9.5398,77.45322,304.77,0.41,0.61,2026-08-11,1942,N21,VIIRS,n,2.0NRT,285.87,1.35,N,VIIRS_NOAA21_NRT,3.626666666666667,9,,-62.77573529411765,Persistent / Reduced,0,30.83,Unnamed Industrial Feature,0,31.99,0,87.53,0,Other,4,1,-62.77573529411765,0.29,0,0,1,0,70.0,1,18.899999999999977,Other Thermal Event,5,LOW
20.80785,85.25658,310.03,0.46,0.47,2026-09-07,2027,N20,VIIRS,n,2.0NRT,288.02,1.67,N,VIIRS_NOAA20_NRT,4.78825,40,,-65.12295723907482,Persistent / Reduced,0,0.34,Meramandali Power Station,1,16.26,0,152.97,0,Industrial,0,1,-65.12295723907482,0.29,0,0,1,0,70.0,1,22.00999999999999,Normal Persistent Source,0,LOW
28.01448,95.62774,334.27,0.39,0.36,2026-08-15,652,N20,VIIRS,n,2.0NRT,297.59,4.13,D,VIIRS_NOAA20_NRT,4.13,1,,0.0,Single Historical Detection,0,63.36,Truck Stand and Weight Bridge,0,628.8,0,69.43,0,Forest / Woodland,2,1,0.0,0.81,0,0,0,0,70.0,0,36.68000000000001,Agricultural Burning,0,LOW
9.28536,78.39864,332.63,0.52,0.5,2026-08-28,744,N20,VIIRS,n,2.0NRT,298.54,2.22,D,VIIRS_NOAA20_NRT,3.9933333333333336,6,,-44.40734557595994,Persistent / Stable,0,58.39,Unnamed Industrial Feature,0,139.48,0,186.84,0,Other,4,1,-44.40734557595994,0.44,0,0,1,0,70.0,0,34.089999999999975,Other Thermal Event,5,LOW
22.21333,84.83915,330.66,0.39,0.36,2026-08-26,729,N21,VIIRS,n,2.0NRT,291.48,2.79,D,VIIRS_NOAA21_NRT,1.6157142857142854,7,,72.67904509283822,Abnormal Increase,0,1.66,Unnamed Industrial Feature,1,47.53,0,90.08,0,Industrial,0,1,72.67904509283822,1.07,0,0,1,0,70.0,0,39.18000000000001,Normal Persistent Source,10,LOW
20.96189,86.00809,343.96,0.34,0.56,2026-09-05,657,N20,VIIRS,n,2.0NRT,292.03,5.75,D,VIIRS_NOAA20_NRT,3.8306521739130432,46,,50.10498836615403,Abnormal Increase,0,1.03,TATA Steel,1,81.85,0,98.85,0,Industrial,0,1,50.10498836615403,1.19,0,0,1,0,70.0,0,51.93000000000001,Normal Persistent Source,10,LOW
15.18219,76.66824,300.27,0.39,0.36,2026-08-11,2036,N20,VIIRS,n,2.0NRT,280.55,0.65,N,VIIRS_NOAA20_NRT,2.450132743362832,226,,-73.47082513138173,Persistent / Reduced,0,21.37,Food Corporation of India,0,23.84,0,267.32,0,Forest / Woodland,2,1,-73.47082513138173,0.19,0,0,1,0,70.0,1,19.71999999999997,Other Thermal Event,5,LOW
13.57614,77.34341,336.1,0.43,0.38,2026-08-10,822,N20,VIIRS,n,2.0NRT,301.8,4.29,D,VIIRS_NOAA20_NRT,4.41,2,,-2.721088435374152,Persistent / Stable,0,36.36,Chamundi Die Cast(Pvt)Ltd,0,63.66,0,85.18,0,Cropland / Agriculture,3,1,-2.721088435374152,0.79,0,0,1,0,70.0,0,34.30000000000001,Agricultural Burning,0,LOW
10.56221,79.45248,342.0,0.34,0.56,2026-08-18,731,N20,VIIRS,n,2.0NRT,296.58,5.73,D,VIIRS_NOAA20_NRT,6.576666666666667,3,,-12.873796249366446,Persistent / Stable,0,18.05,Majestic Lumber Mill,0,136.61,0,48.56,0,Cropland / Agriculture,3,1,-12.873796249366446,0.76,0,0,1,0,70.0,0,45.420000000000016,Agricultural Burning,0,LOW
10.53808,79.23013,334.54,0.36,0.57,2026-08-18,731,N20,VIIRS,n,2.0NRT,296.45,2.3,D,VIIRS_NOAA20_NRT,2.763333333333333,3,,-16.767189384800968,Persistent / Stable,0,27.58,Central Warehouse Corporation,0,147.07,0,71.85,0,Cropland / Agriculture,3,1,-16.767189384800968,0.61,0,0,1,0,70.0,0,38.09000000000003,Agricultural Burning,0,LOW
10.44864,79.65552,335.25,0.55,0.51,2026-08-28,828,N21,VIIRS,n,2.0NRT,294.59,3.77,D,VIIRS_NOAA21_NRT,3.77,1,,0.0,Single Historical Detection,0,33.01,Majestic Lumber Mill,0,145.37,0,41.03,0,Cropland / Agriculture,3,1,0.0,0.79,0,0,0,0,70.0,0,40.660000000000025,Agricultural Burning,0,LOW
22.0547,88.12509,313.7,0.42,0.45,2026-09-05,2010,N21,VIIRS,n,2.0NRT,292.83,3.41,N,VIIRS_NOAA21_NRT,4.386363636363636,22,,-22.25906735751294,Persistent / Stable,0,5.2,Haldia Port Industrial Area,0,256.16,0,7.6,0,Other,4,1,-22.25906735751294,0.63,0,0,1,0,70.0,1,20.870000000000005,Other Thermal Event,5,LOW
23.75844,85.8522,310.78,0.38,0.36,2026-09-03,2002,N20,VIIRS,n,2.0NRT,286.15,0.89,N,VIIRS_NOAA20_NRT,1.9751515151515153,33,,-54.94016569499848,Persistent / Reduced,0,2.07,Unnamed Industrial Feature,1,5.2,0,187.2,0,Other,4,1,-54.94016569499848,0.3,0,0,1,0,70.0,1,24.629999999999995,Normal Persistent Source,0,LOW
24.76607,74.60828,302.43,0.46,0.47,2026-09-02,2021,N20,VIIRS,n,2.0NRT,280.72,1.31,N,VIIRS_NOAA20_NRT,1.0876923076923075,13,,20.438472418670464,Persistent / Stable,0,41.23,Unnamed Industrial Feature,0,98.64,0,305.74,0,Cropland / Agriculture,3,1,20.438472418670464,0.63,0,0,1,0,70.0,1,21.70999999999998,Other Thermal Event,10,LOW
23.79524,86.23467,300.12,0.47,0.47,2026-08-22,2027,N20,VIIRS,n,2.0NRT,274.38,0.42,N,VIIRS_NOAA20_NRT,0.42,1,,0.0,Single Historical Detection,0,8.74,Unnamed Industrial Feature,0,17.04,0,182.78,0,Other,4,1,0.0,0.3,0,0,0,0,70.0,1,25.74000000000001,Agricultural Burning,0,LOW
11.94186,76.73113,345.86,0.46,0.39,2026-08-15,828,N20,VIIRS,n,2.0NRT,296.88,5.3,D,VIIRS_NOAA20_NRT,5.3,2,,0.0,Persistent / Stable,0,18.43,Bannari Amman,0,96.52,0,89.05,0,Forest / Woodland,2,1,0.0,0.84,0,0,1,0,70.0,0,48.98000000000002,Agricultural Burning,0,LOW
16.113,78.21188,331.67,0.41,0.45,2026-08-23,824,N21,VIIRS,n,2.0NRT,288.08,3.53,D,VIIRS_NOAA21_NRT,3.53,1,,0.0,Single Historical Detection,0,31.66,"TGSRTC  Bus Depot , Wanaparthy",0,174.94,0,159.25,0,Cropland / Agriculture,3,1,0.0,0.78,0,0,0,0,70.0,0,43.59000000000003,Agricultural Burning,0,LOW
21.16396,72.66865,320.12,0.58,0.7,2026-09-03,2144,N20,VIIRS,n,2.0NRT,287.33,2.07,N,VIIRS_NOAA20_NRT,4.0928571428571425,7,,-49.42408376963351,Persistent / Stable,0,0.64,Unnamed Industrial Feature,1,371.11,0,7.36,0,Industrial,0,1,-49.42408376963351,0.41,0,0,1,0,70.0,1,32.79000000000002,Normal Persistent Source,0,LOW
23.80117,86.32407,311.36,0.41,0.37,2026-08-15,2004,N21,VIIRS,n,2.0NRT,267.94,1.89,N,VIIRS_NOAA21_NRT,2.575531914893617,47,,-26.617100371747217,Persistent / Stable,0,3.0,Unnamed Industrial Feature,0,10.84,0,183.22,0,Other,4,1,-26.617100371747217,0.53,0,0,1,0,70.0,1,43.420000000000016,Normal Persistent Source,0,LOW
22.94316,85.96852,302.4,0.58,0.52,2026-08-19,2027,N21,VIIRS,n,2.0NRT,288.57,1.22,N,VIIRS_NOAA21_NRT,0.85,2,,43.529411764705884,Persistent / Stable,0,10.26,Unnamed Industrial Feature,0,90.09,0,230.18,0,Other,4,1,43.529411764705884,0.66,0,0,1,0,70.0,1,13.829999999999984,Agricultural Burning,0,LOW
13.80737,79.89786,333.6,0.4,0.37,2026-08-30,752,N21,VIIRS,l,2.0NRT,301.04,3.51,D,VIIRS_NOAA21_NRT,3.51,1,,0.0,Single Historical Detection,0,38.75,Mobile Servicing Tower,0,80.08,0,81.37,0,Cropland / Agriculture,3,1,0.0,0.78,0,0,0,0,30.0,0,32.56,Agricultural Burning,0,LOW
16.83671,79.16844,333.57,0.39,0.44,2026-08-26,824,N20,VIIRS,n,2.0NRT,297.69,2.33,D,VIIRS_NOAA20_NRT,2.8049999999999997,2,,-16.93404634581104,Persistent / Stable,0,21.67,Nagarjunasagar Left Canal power plant,0,304.85,0,84.67,0,Cropland / Agriculture,3,1,-16.93404634581104,0.61,0,0,1,0,70.0,0,35.879999999999995,Agricultural Burning,0,LOW
22.37585,87.28014,326.83,0.47,0.64,2026-08-16,811,N20,VIIRS,n,2.0NRT,282.12,4.03,D,VIIRS_NOAA20_NRT,3.833442622950819,61,,5.127437564146446,Persistent / Stable,0,1.01,Unnamed Industrial Feature,1,173.56,0,89.07,0,Industrial,0,1,5.127437564146446,0.83,0,0,1,0,70.0,0,44.70999999999998,Normal Persistent Source,0,LOW
8.66383,77.87165,338.08,0.41,0.37,2026-08-10,820,N20,VIIRS,n,2.0NRT,303.43,5.11,D,VIIRS_NOAA20_NRT,4.092499999999999,4,,24.86255345143558,Persistent / Stable,0,34.75,SPIC Tuticorin Fertilizers,0,108.36,0,146.77,0,Other,4,1,24.86255345143558,1.0,0,0,1,0,70.0,0,34.64999999999998,Agricultural Burning,0,LOW
10.92811,77.06596,330.52,0.38,0.59,2026-09-08,737,N20,VIIRS,l,2.0NRT,301.28,0.59,D,VIIRS_NOAA20_NRT,1.5544444444444443,9,,-62.044317369549674,Persistent / Reduced,0,7.37,Larsen & Toubro Limited,0,94.9,0,11.22,0,Cropland / Agriculture,3,1,-62.044317369549674,0.23,0,0,1,0,30.0,0,29.24000000000001,Other Thermal Event,0,LOW
21.91678,83.35397,300.5,0.39,0.36,2026-08-12,2017,N20,VIIRS,n,2.0NRT,272.91,0.45,N,VIIRS_NOAA20_NRT,2.847307692307692,26,,-84.19559637984601,Persistent / Reduced,0,1.35,Jindal Steel Works,1,73.93,0,69.6,0,Industrial,0,1,-84.19559637984601,0.12,0,0,1,0,70.0,1,27.589999999999975,Normal Persistent Source,0,LOW
22.36365,87.30258,316.32,0.38,0.36,2026-08-21,1951,N21,VIIRS,n,2.0NRT,281.78,2.29,N,VIIRS_NOAA21_NRT,2.6178431372549023,51,,-12.523406486405522,Persistent / Stable,0,1.85,Unnamed Industrial Feature,1,175.96,0,86.41,0,Industrial,0,1,-12.523406486405522,0.63,0,0,1,0,70.0,1,34.54000000000002,Normal Persistent Source,0,LOW
9.46267,77.93827,334.28,0.6,0.7,2026-08-21,720,N21,VIIRS,n,2.0NRT,296.67,4.1,D,VIIRS_NOAA21_NRT,3.9275,4,,4.392106938255873,Persistent / Stable,0,30.13,Unnamed Industrial Feature,0,85.8,0,137.6,0,Other,4,1,4.392106938255873,0.83,0,0,1,0,70.0,0,37.60999999999996,Agricultural Burning,0,LOW
22.32974,82.60709,313.55,0.54,0.51,2026-09-04,1945,N20,VIIRS,n,2.0NRT,288.71,1.69,N,VIIRS_NOAA20_NRT,1.767777777777778,9,,-4.399748585795106,Persistent / Stable,0,6.41,Unnamed Industrial Feature,0,7.83,0,153.83,0,Other,4,1,-4.399748585795106,0.61,0,0,1,0,70.0,1,24.840000000000032,Other Thermal Event,5,LOW
23.71353,86.45154,330.73,0.39,0.36,2026-09-03,2002,N20,VIIRS,n,2.0NRT,291.4,2.89,N,VIIRS_NOAA20_NRT,2.355555555555556,36,,22.688679245282998,Persistent / Stable,0,5.45,SAIL Chasnalla ADM Building,0,4.36,1,195.07,0,Other,4,1,22.688679245282998,0.86,0,0,1,0,70.0,1,39.33000000000004,Mining Activity,0,LOW
9.28004,78.3948,344.7,0.52,0.5,2026-08-28,744,N20,VIIRS,n,2.0NRT,298.62,7.43,D,VIIRS_NOAA20_NRT,3.9933333333333336,6,,86.06010016694489,Abnormal Increase,0,57.86,Unnamed Industrial Feature,0,139.23,0,186.42,0,Other,4,1,86.06010016694489,1.49,0,0,1,0,70.0,0,46.079999999999984,Other Thermal Event,20,LOW
20.96482,85.182,307.27,0.54,0.42,2026-08-19,1945,N20,VIIRS,n,2.0NRT,289.82,2.68,N,VIIRS_NOAA20_NRT,3.6494230769230764,104,,-26.563735047689295,Persistent / Stable,0,5.62,NTPC Talcher Thermal Power,0,4.28,1,158.64,0,Other,4,1,-26.563735047689295,0.58,0,0,1,0,70.0,1,17.44999999999999,Mining Activity,0,LOW
15.18064,76.67478,299.57,0.5,0.41,2026-08-13,2044,N21,VIIRS,n,2.0NRT,273.85,2.93,N,VIIRS_NOAA21_NRT,2.4440883977900554,181,,19.881097698810976,Persistent / Stable,0,20.66,Food Corporation of India,0,24.04,0,267.58,0,Forest / Woodland,2,1,19.881097698810976,0.85,0,0,1,0,70.0,1,25.71999999999997,Other Thermal Event,10,LOW
9.69185,77.82179,341.88,0.39,0.36,2026-09-06,816,N20,VIIRS,n,2.0NRT,300.58,5.7,D,VIIRS_NOAA20_NRT,5.503333333333334,3,,3.573591762568134,Persistent / Stable,0,38.65,Unnamed Industrial Feature,0,72.07,0,131.24,0,Other,4,1,3.573591762568134,0.88,0,0,1,0,70.0,0,41.30000000000001,Agricultural Burning,0,LOW
22.37055,87.3012,334.26,0.41,0.37,2026-08-10,729,N21,VIIRS,n,2.0NRT,293.45,5.21,D,VIIRS_NOAA21_NRT,2.6315686274509806,51,,97.98077639520153,Abnormal Increase,0,1.57,Unnamed Industrial Feature,1,175.24,0,86.87,0,Industrial,0,1,97.98077639520153,1.43,0,0,1,0,70.0,0,40.81,Normal Persistent Source,10,LOW
23.67599,86.39859,310.18,0.6,0.53,2026-09-04,2027,N21,VIIRS,n,2.0NRT,287.67,4.63,N,VIIRS_NOAA21_NRT,3.0147826086956524,92,,53.57657917507931,Abnormal Increase,0,3.43,Unnamed Industrial Feature,0,4.79,1,198.17,0,Other,4,1,53.57657917507931,1.15,0,0,1,0,70.0,1,22.50999999999999,Normal Persistent Source,0,LOW
23.77213,86.3663,327.08,0.57,0.52,2026-08-20,657,N20,VIIRS,n,2.0NRT,292.7,4.99,D,VIIRS_NOAA20_NRT,1.9396,25,,157.26954011136317,Abnormal Increase,0,4.96,Unnamed Industrial Feature,0,6.53,0,187.08,0,Other,4,1,157.26954011136317,1.7,0,1,1,0,70.0,0,34.379999999999995,Other Thermal Event,30,LOW
20.87126,84.9938,335.78,0.46,0.47,2026-09-07,1932,N21,VIIRS,n,2.0NRT,290.8,7.29,N,VIIRS_NOAA21_NRT,3.167924528301887,53,,130.1191185229303,Abnormal Increase,0,0.82,Angul Steel Plant,1,25.07,0,152.3,0,Industrial,0,1,130.1191185229303,1.75,0,1,1,0,70.0,1,44.97999999999996,Normal Persistent Source,20,LOW
15.18392,76.6673,336.44,0.39,0.36,2026-08-24,805,N21,VIIRS,l,2.0NRT,295.62,5.39,D,VIIRS_NOAA21_NRT,2.445155555555556,225,,120.43587320052342,Abnormal Increase,0,21.48,Food Corporation of India,0,23.97,0,267.42,0,Forest / Woodland,2,1,120.43587320052342,1.56,0,1,1,0,30.0,0,40.81999999999999,Other Thermal Event,20,LOW
23.16477,82.34253,304.13,0.45,0.39,2026-09-07,2027,N20,VIIRS,n,2.0NRT,287.64,1.69,N,VIIRS_NOAA20_NRT,1.913076923076923,13,,-11.660635303578603,Persistent / Stable,0,79.73,Salora Power Station,0,96.98,0,222.68,0,Forest / Woodland,2,1,-11.660635303578603,0.58,0,0,1,0,70.0,1,16.49000000000001,Other Thermal Event,5,LOW
29.45788,76.89092,321.48,0.39,0.36,2026-08-29,2040,N21,VIIRS,n,2.0NRT,291.28,4.24,N,VIIRS_NOAA21_NRT,4.785333333333333,15,,-11.395932014488706,Persistent / Stable,0,10.24,Panipat IOCL Refinery,0,103.28,0,1.71,1,Cropland / Agriculture,3,1,-11.395932014488706,0.73,0,0,1,0,70.0,1,30.200000000000045,Gas Flare,5,LOW
23.6451,85.44025,336.59,0.33,0.55,2026-09-05,659,N20,VIIRS,n,2.0NRT,292.04,3.74,D,VIIRS_NOAA20_NRT,3.0220454545454554,44,,23.757238474843923,Persistent / Stable,0,2.27,Unnamed Industrial Feature,1,48.54,0,208.28,0,Other,4,1,23.757238474843923,0.93,0,0,1,0,70.0,0,44.549999999999955,Normal Persistent Source,0,LOW
22.3645,87.0169,310.71,0.36,0.58,2026-08-23,1913,N21,VIIRS,n,2.0NRT,278.18,1.1,N,VIIRS_NOAA21_NRT,1.3695833333333336,24,,-19.68360206875571,Persistent / Stable,0,24.47,Unnamed Industrial Feature,0,161.56,0,113.64,0,Other,4,1,-19.68360206875571,0.46,0,0,1,0,70.0,1,32.52999999999997,Other Thermal Event,5,LOW
21.75848,83.84456,312.83,0.45,0.39,2026-09-06,1951,N21,VIIRS,n,2.0NRT,291.95,3.45,N,VIIRS_NOAA21_NRT,4.815316455696204,79,,-28.353618464288544,Persistent / Stable,0,4.87,Unnamed Industrial Feature,0,96.6,0,25.06,0,Other,4,1,-28.353618464288544,0.59,0,0,1,0,70.0,1,20.879999999999995,Other Thermal Event,5,LOW
11.47091,78.7398,336.52,0.47,0.4,2026-08-18,816,N21,VIIRS,n,2.0NRT,301.87,2.9,D,VIIRS_NOAA21_NRT,2.9,1,,0.0,Single Historical Detection,0,54.52,Ramco Cements,0,116.13,0,143.74,0,Cropland / Agriculture,3,1,0.0,0.74,0,0,0,0,70.0,0,34.64999999999998,Agricultural Burning,0,LOW
12.02063,76.65154,304.14,0.4,0.37,2026-09-04,2032,N21,VIIRS,n,2.0NRT,288.89,0.8,N,VIIRS_NOAA21_NRT,0.765,2,,4.575163398692815,Persistent / Stable,0,14.24,Unnamed Industrial Feature,0,99.14,0,100.87,0,Forest / Woodland,2,1,4.575163398692815,0.45,0,0,1,0,70.0,1,15.25,Agricultural Burning,0,LOW
21.76253,83.84913,316.14,0.36,0.57,2026-09-06,2046,N20,VIIRS,n,2.0NRT,288.07,2.58,N,VIIRS_NOAA20_NRT,4.822203389830509,59,,-46.49748690731434,Persistent / Stable,0,4.29,Unnamed Industrial Feature,0,97.24,0,24.41,0,Other,4,1,-46.49748690731434,0.44,0,0,1,0,70.0,1,28.069999999999993,Other Thermal Event,5,LOW
26.78612,90.26047,338.37,0.39,0.36,2026-08-11,712,N21,VIIRS,n,2.0NRT,298.67,4.77,D,VIIRS_NOAA21_NRT,4.77,1,,0.0,Single Historical Detection,0,21.02,Solid Waste Treatment Plant,0,129.56,0,40.05,0,Forest / Woodland,2,1,0.0,0.83,0,0,0,0,70.0,0,39.69999999999999,Agricultural Burning,0,LOW
10.61726,77.42172,303.89,0.4,0.44,2026-08-18,2006,N20,VIIRS,n,2.0NRT,289.28,1.33,N,VIIRS_NOAA20_NRT,0.8555555555555556,9,,55.454545454545446,Abnormal Increase,0,49.77,Unnamed Industrial Feature,0,115.55,0,58.89,0,Cropland / Agriculture,3,1,55.454545454545446,0.72,0,0,1,0,70.0,1,14.610000000000014,Other Thermal Event,20,LOW
12.83612,79.94167,331.02,0.45,0.47,2026-09-08,737,N20,VIIRS,l,2.0NRT,305.45,7.02,D,VIIRS_NOAA20_NRT,5.39,4,,30.241187384044526,Persistent / Stable,0,11.47,Unnamed Industrial Feature,0,29.15,0,47.15,0,Cropland / Agriculture,3,1,30.241187384044526,1.1,0,0,1,0,30.0,0,25.569999999999993,Agricultural Burning,0,LOW
29.47525,76.85799,324.48,0.54,0.68,2026-09-06,2129,N21,VIIRS,n,2.0NRT,289.53,3.96,N,VIIRS_NOAA21_NRT,7.7615,40,,-48.9789344843136,Persistent / Stable,0,13.87,Panipat IOCL Refinery,0,106.32,0,2.21,1,Cropland / Agriculture,3,1,-48.9789344843136,0.45,0,0,1,0,70.0,1,34.950000000000045,Gas Flare,5,LOW
21.10201,72.63033,302.99,0.4,0.37,2026-08-29,2042,N21,VIIRS,n,2.0NRT,291.01,3.0,N,VIIRS_NOAA21_NRT,4.959256756756757,148,,-39.50706432143003,Persistent / Stable,0,0.53,Essar Steel Hazira,1,378.86,0,0.65,1,Industrial,0,1,-39.50706432143003,0.5,0,0,1,0,70.0,1,11.980000000000018,Gas Flare,20,LOW
10.95592,78.34754,336.49,0.38,0.36,2026-08-16,807,N20,VIIRS,n,2.0NRT,303.39,1.51,D,VIIRS_NOAA20_NRT,1.51,1,,0.0,Single Historical Detection,0,39.77,TNPL Paper Mill,0,178.22,0,138.46,0,Cropland / Agriculture,3,1,0.0,0.6,0,0,0,0,70.0,0,33.10000000000002,Agricultural Burning,0,LOW
23.6797,86.09111,306.36,0.52,0.42,2026-09-04,1945,N20,VIIRS,n,2.0NRT,289.81,1.78,N,VIIRS_NOAA20_NRT,2.5536842105263156,76,,-30.29678483099752,Persistent / Stable,0,1.28,Bokaro Steel Plant,1,17.39,0,194.8,0,Industrial,0,1,-30.29678483099752,0.5,0,0,1,0,70.0,1,16.55000000000001,Normal Persistent Source,0,LOW
15.16989,76.37828,304.37,0.52,0.41,2026-09-05,2012,N21,VIIRS,n,2.0NRT,290.96,1.64,N,VIIRS_NOAA21_NRT,1.3534615384615387,26,,21.170787155441857,Persistent / Stable,0,22.29,APMC,0,27.92,0,249.57,0,Forest / Woodland,2,1,21.170787155441857,0.7,0,0,1,0,70.0,1,13.410000000000025,Other Thermal Event,10,LOW
9.93416,78.31787,313.76,0.36,0.57,2026-08-19,1949,N20,VIIRS,n,2.0NRT,288.26,1.07,N,VIIRS_NOAA20_NRT,0.8000000000000002,3,,33.74999999999998,Persistent / Stable,0,23.43,Tourist bus parking,0,130.92,0,181.86,0,Other,4,1,33.74999999999998,0.59,0,0,1,0,70.0,1,25.5,Agricultural Burning,0,LOW
20.97102,86.02231,301.24,0.51,0.66,2026-09-03,1908,N21,VIIRS,n,2.0NRT,285.24,2.33,N,VIIRS_NOAA21_NRT,4.056341463414634,41,,-42.559076423546394,Persistent / Stable,0,1.3,TATA Steel,1,83.34,0,98.68,0,Industrial,0,1,-42.559076423546394,0.46,0,0,1,0,70.0,1,16.0,Normal Persistent Source,0,LOW
9.33689,78.60879,312.96,0.42,0.38,2026-08-15,2008,N21,VIIRS,n,2.0NRT,277.63,0.99,N,VIIRS_NOAA21_NRT,0.99,1,,0.0,Single Historical Detection,0,77.06,SPIC Tuticorin Fertilizers,0,160.68,0,208.83,0,Other,4,1,0.0,0.5,0,0,0,0,70.0,1,35.329999999999984,Agricultural Burning,0,LOW
15.84314,79.77197,313.9,0.49,0.41,2026-08-27,2036,N20,VIIRS,n,2.0NRT,290.13,1.41,N,VIIRS_NOAA20_NRT,1.305,2,,8.045977011494251,Persistent / Stable,0,11.81,kummitha's farm,0,297.97,0,212.4,0,Cropland / Agriculture,3,1,8.045977011494251,0.61,0,0,1,0,70.0,1,23.769999999999982,Agricultural Burning,0,LOW
20.98084,85.13518,315.61,0.45,0.47,2026-09-07,2027,N20,VIIRS,n,2.0NRT,290.29,4.2,N,VIIRS_NOAA20_NRT,2.78125,16,,51.011235955056186,Abnormal Increase,0,7.61,Unnamed Industrial Feature,0,9.45,0,153.83,0,Other,4,1,51.011235955056186,1.11,0,0,1,0,70.0,1,25.319999999999993,Other Thermal Event,20,LOW
22.36325,87.29866,304.0,0.46,0.39,2026-08-23,2008,N20,VIIRS,n,2.0NRT,283.68,0.94,N,VIIRS_NOAA20_NRT,2.6178431372549023,51,,-64.09257733503108,Persistent / Reduced,0,1.45,Unnamed Industrial Feature,1,175.78,0,86.75,0,Industrial,0,1,-64.09257733503108,0.26,0,0,1,0,70.0,1,20.319999999999993,Normal Persistent Source,0,LOW
10.33086,79.31501,330.33,0.55,0.51,2026-09-08,737,N20,VIIRS,l,2.0NRT,301.21,3.01,D,VIIRS_NOAA20_NRT,3.01,1,,0.0,Single Historical Detection,0,47.75,Majestic Lumber Mill,0,165.47,0,75.56,0,Cropland / Agriculture,3,1,0.0,0.75,0,0,0,0,30.0,0,29.120000000000005,Agricultural Burning,0,LOW
22.37963,87.27699,300.96,0.46,0.47,2026-08-25,2017,N21,VIIRS,n,2.0NRT,278.05,1.96,N,VIIRS_NOAA21_NRT,3.9493103448275866,58,,-50.37108181262552,Persistent / Reduced,0,1.18,Tata Metaliks,1,173.03,0,89.55,0,Industrial,0,1,-50.37108181262552,0.4,0,0,1,0,70.0,1,22.909999999999968,Normal Persistent Source,0,LOW
24.11562,86.86095,304.07,0.49,0.65,2026-09-03,1906,N21,VIIRS,n,2.0NRT,278.56,1.61,N,VIIRS_NOAA21_NRT,1.587,10,,1.449275362318849,Persistent / Stable,0,28.94,Chittaranjan Locomotive Works,0,56.39,0,167.16,0,Other,4,1,1.449275362318849,0.62,0,0,1,0,70.0,1,25.50999999999999,Other Thermal Event,10,LOW
8.71066,77.97169,336.06,0.56,0.52,2026-08-28,744,N20,VIIRS,n,2.0NRT,303.05,3.26,D,VIIRS_NOAA20_NRT,4.6825,4,,-30.379071009076352,Persistent / Stable,0,22.62,SPIC Tuticorin Fertilizers,0,120.12,0,154.27,0,Other,4,1,-30.379071009076352,0.57,0,0,1,0,70.0,0,33.00999999999999,Agricultural Burning,0,LOW
21.18746,81.39248,307.85,0.39,0.44,2026-09-06,1951,N21,VIIRS,n,2.0NRT,290.36,1.97,N,VIIRS_NOAA21_NRT,2.6544,25,,-25.783604581072932,Persistent / Stable,0,0.38,Bhilai Steel Plant,1,171.17,0,284.08,0,Industrial,0,1,-25.783604581072932,0.54,0,0,1,0,70.0,1,17.49000000000001,Normal Persistent Source,0,LOW
21.10521,72.64474,328.52,0.45,0.63,2026-08-31,2004,N21,VIIRS,n,2.0NRT,285.25,6.75,N,VIIRS_NOAA21_NRT,4.875096774193549,155,,38.45878989995233,Persistent / Stable,0,0.53,ArcelorMittal Nippon Steel India,1,378.08,0,0.76,1,Industrial,0,1,38.45878989995233,1.15,0,0,1,0,70.0,1,43.26999999999998,Gas Flare,25,LOW
27.80815,95.56168,329.71,0.4,0.44,2026-08-11,625,N20,VIIRS,l,2.0NRT,302.02,4.04,D,VIIRS_NOAA20_NRT,4.04,1,,0.0,Single Historical Detection,0,39.69,Truck Stand and Weight Bridge,0,614.12,0,46.83,0,Forest / Woodland,2,1,0.0,0.8,0,0,0,0,30.0,0,27.689999999999998,Agricultural Burning,0,LOW
22.24465,87.3873,313.65,0.38,0.36,2026-08-21,1951,N21,VIIRS,n,2.0NRT,280.42,1.69,N,VIIRS_NOAA21_NRT,2.518,10,,-32.88324066719618,Persistent / Stable,0,12.52,Unnamed Industrial Feature,0,191.8,0,73.28,0,Other,4,1,-32.88324066719618,0.48,0,0,1,0,70.0,1,33.22999999999996,Other Thermal Event,5,LOW
21.96282,83.77252,306.73,0.4,0.37,2026-08-20,2010,N21,VIIRS,n,2.0NRT,288.21,0.97,N,VIIRS_NOAA21_NRT,1.675,4,,-42.08955223880597,Persistent / Stable,0,9.27,Hemgir Coal Washery,0,104.25,0,27.16,0,Other,4,1,-42.08955223880597,0.36,0,0,1,0,70.0,1,18.52000000000004,Agricultural Burning,0,LOW
8.89992,77.85637,346.67,0.48,0.4,2026-08-23,822,N21,VIIRS,n,2.0NRT,302.13,6.53,D,VIIRS_NOAA21_NRT,6.08375,8,,7.335114033285392,Persistent / Stable,0,31.33,Unnamed Industrial Feature,0,108.98,0,134.63,0,Other,4,1,7.335114033285392,0.92,0,0,1,0,70.0,0,44.54000000000002,Other Thermal Event,10,LOW
18.80348,74.25902,305.8,0.5,0.49,2026-08-17,2108,N21,VIIRS,n,2.0NRT,286.35,1.36,N,VIIRS_NOAA21_NRT,1.4875,4,,-8.571428571428568,Persistent / Stable,0,32.56,Unnamed Industrial Feature,0,489.45,0,132.52,0,Forest / Woodland,2,1,-8.571428571428568,0.55,0,0,1,0,70.0,1,19.44999999999999,Agricultural Burning,0,LOW
15.17311,76.69072,304.56,0.39,0.36,2026-08-27,2036,N20,VIIRS,n,2.0NRT,262.63,1.07,N,VIIRS_NOAA20_NRT,1.9028169014084502,71,,-43.76757957068836,Persistent / Stable,0,18.91,Food Corporation of India,0,24.24,0,267.89,0,Forest / Woodland,2,1,-43.76757957068836,0.37,0,0,1,0,70.0,1,41.93000000000001,Other Thermal Event,5,LOW
11.40161,79.70566,335.52,0.4,0.37,2026-08-16,807,N20,VIIRS,n,2.0NRT,303.15,2.48,D,VIIRS_NOAA20_NRT,2.48,1,,0.0,Single Historical Detection,0,33.05,Neyveli Lignite Corporation,0,39.46,0,72.16,0,Cropland / Agriculture,3,1,0.0,0.71,0,0,0,0,70.0,0,32.370000000000005,Agricultural Burning,0,LOW
20.86552,84.9841,305.95,0.55,0.43,2026-09-04,1945,N20,VIIRS,n,2.0NRT,290.19,0.94,N,VIIRS_NOAA20_NRT,3.1425999999999994,50,,-70.08846178323681,Persistent / Reduced,0,1.14,Angul Steel Plant,1,26.24,0,152.13,0,Industrial,0,1,-70.08846178323681,0.23,0,0,1,0,70.0,1,15.759999999999991,Normal Persistent Source,0,LOW
13.40306,77.79495,331.54,0.49,0.48,2026-09-05,739,N21,VIIRS,l,2.0NRT,303.21,4.98,D,VIIRS_NOAA21_NRT,4.98,1,,0.0,Single Historical Detection,0,7.23,Chikkaballapura Industrial Area,0,50.2,0,46.81,0,Cropland / Agriculture,3,1,0.0,0.83,0,0,0,0,30.0,0,28.33000000000004,Agricultural Burning,0,LOW
23.76354,86.39828,306.61,0.39,0.44,2026-09-02,2021,N20,VIIRS,n,2.0NRT,288.49,1.45,N,VIIRS_NOAA20_NRT,2.2899242424242425,132,,-36.67912793198135,Persistent / Stable,0,4.46,Unnamed Industrial Feature,0,3.43,1,188.58,0,Mining,1,1,-36.67912793198135,0.44,0,0,1,0,70.0,1,18.120000000000005,Mining Activity,0,LOW
15.33759,76.27462,307.51,0.48,0.4,2026-08-21,2051,N20,VIIRS,n,2.0NRT,287.9,1.74,N,VIIRS_NOAA20_NRT,1.33375,32,,30.45923149015933,Persistent / Stable,0,32.91,APMC,0,49.24,0,261.08,0,Forest / Woodland,2,1,30.45923149015933,0.75,0,0,1,0,70.0,1,19.610000000000014,Other Thermal Event,10,LOW
23.67866,86.39913,309.46,0.39,0.44,2026-09-02,2021,N20,VIIRS,n,2.0NRT,288.44,2.48,N,VIIRS_NOAA20_NRT,3.0147826086956524,92,,-17.738678973175663,Persistent / Stable,0,3.54,Unnamed Industrial Feature,0,4.81,1,197.88,0,Other,4,1,-17.738678973175663,0.62,0,0,1,0,70.0,1,21.019999999999982,Mining Activity,0,LOW
15.02131,78.01621,302.1,0.54,0.51,2026-09-06,1953,N21,VIIRS,n,2.0NRT,279.67,1.34,N,VIIRS_NOAA21_NRT,1.760526315789474,19,,-23.88639760837071,Persistent / Stable,0,72.48,Loco Shed,0,118.56,0,227.14,0,Cropland / Agriculture,3,1,-23.88639760837071,0.49,0,0,1,0,70.0,1,22.430000000000007,Other Thermal Event,5,LOW
21.80106,83.89022,305.92,0.4,0.37,2026-08-20,2010,N21,VIIRS,n,2.0NRT,288.97,1.43,N,VIIRS_NOAA21_NRT,2.977333333333333,15,,-51.970443349753694,Persistent / Reduced,0,1.8,Unnamed Industrial Feature,1,103.07,0,18.41,0,Industrial,0,1,-51.970443349753694,0.36,0,0,1,0,70.0,1,16.94999999999999,Normal Persistent Source,0,LOW
23.66405,87.15904,305.22,0.52,0.42,2026-09-05,2010,N21,VIIRS,n,2.0NRT,271.82,1.2,N,VIIRS_NOAA21_NRT,2.5206666666666666,30,,-52.39354668077228,Persistent / Reduced,0,5.11,Unnamed Industrial Feature,0,75.6,0,204.15,0,Other,4,1,-52.39354668077228,0.34,0,0,1,0,70.0,1,33.400000000000034,Other Thermal Event,5,LOW
20.76239,85.29076,299.33,0.56,0.69,2026-08-26,1915,N20,VIIRS,n,2.0NRT,273.13,1.44,N,VIIRS_NOAA20_NRT,2.9322222222222223,27,,-50.890488821523306,Persistent / Reduced,0,5.03,Unnamed Industrial Feature,0,22.12,0,147.75,0,Other,4,1,-50.890488821523306,0.37,0,0,1,0,70.0,1,26.19999999999999,Other Thermal Event,5,LOW
9.33417,77.69457,342.44,0.39,0.44,2026-09-05,835,N20,VIIRS,n,2.0NRT,304.48,7.78,D,VIIRS_NOAA20_NRT,7.78,1,,0.0,Single Historical Detection,0,4.78,Unnamed Industrial Feature,0,65.11,0,109.67,0,Other,4,1,0.0,0.89,0,0,0,0,70.0,0,37.95999999999998,Agricultural Burning,0,LOW
9.7306,78.41191,337.64,0.33,0.55,2026-08-31,731,N21,VIIRS,n,2.0NRT,294.09,2.59,D,VIIRS_NOAA21_NRT,2.59,1,,0.0,Single Historical Detection,0,39.54,Tourist bus parking,0,136.83,0,194.4,0,Other,4,1,0.0,0.72,0,0,0,0,70.0,0,43.55000000000001,Agricultural Burning,0,LOW
19.02186,72.89457,332.93,0.33,0.55,2026-09-04,2125,N20,VIIRS,n,2.0NRT,290.4,4.03,N,VIIRS_NOAA20_NRT,4.566666666666666,3,,-11.751824817518239,Persistent / Stable,0,4.94,BPCL Mumbai Refinery,0,570.88,0,1.44,1,Other,4,1,-11.751824817518239,0.72,0,0,1,0,70.0,1,42.53000000000003,Gas Flare,5,LOW
23.612,86.78971,308.97,0.49,0.65,2026-09-03,1906,N21,VIIRS,n,2.0NRT,282.8,1.86,N,VIIRS_NOAA21_NRT,1.69,13,,10.059171597633146,Persistent / Stable,0,10.29,Unnamed Industrial Feature,0,40.25,0,215.35,0,Other,4,1,10.059171597633146,0.69,0,0,1,0,70.0,1,26.170000000000016,Other Thermal Event,10,LOW
15.17225,76.6562,303.66,0.52,0.5,2026-08-26,2000,N21,VIIRS,n,2.0NRT,286.09,1.92,N,VIIRS_NOAA21_NRT,2.6429378531073446,177,,-27.35356990166738,Persistent / Stable,0,22.27,NMDC Donimalai Iron Mine,0,22.27,0,265.68,0,Forest / Woodland,2,1,-27.35356990166738,0.53,0,0,1,0,70.0,1,17.57000000000005,Other Thermal Event,5,LOW
9.86046,78.54808,338.11,0.4,0.37,2026-08-13,809,N21,VIIRS,n,2.0NRT,304.41,2.79,D,VIIRS_NOAA21_NRT,2.79,1,,0.0,Single Historical Detection,0,48.98,Tourist bus parking,0,153.63,0,174.05,0,Other,4,1,0.0,0.74,0,0,0,0,70.0,0,33.69999999999999,Agricultural Burning,0,LOW
8.73994,77.59967,336.65,0.47,0.39,2026-08-23,822,N21,VIIRS,n,2.0NRT,302.47,3.45,D,VIIRS_NOAA21_NRT,19.433809523809526,21,,-82.24743329004436,Persistent / Reduced,0,24.83,India Cements Sankarnagar,0,81.4,0,116.66,0,Other,4,1,-82.24743329004436,0.17,0,0,1,0,70.0,0,34.17999999999995,Other Thermal Event,5,LOW
9.44497,77.50709,334.97,0.41,0.37,2026-08-18,816,N21,VIIRS,l,2.0NRT,307.68,3.29,D,VIIRS_NOAA21_NRT,3.29,1,,0.0,Single Historical Detection,0,20.4,Unnamed Industrial Feature,0,41.19,0,90.6,0,Other,4,1,0.0,0.77,0,0,0,0,30.0,0,27.29000000000002,Agricultural Burning,0,LOW
23.61522,86.78616,301.38,0.61,0.71,2026-09-06,1906,N20,VIIRS,n,2.0NRT,278.86,2.27,N,VIIRS_NOAA20_NRT,1.69,13,,34.31952662721894,Persistent / Stable,0,10.55,Unnamed Industrial Feature,0,39.79,0,214.89,0,Other,4,1,34.31952662721894,0.84,0,0,1,0,70.0,1,22.519999999999982,Other Thermal Event,10,LOW
23.55757,87.24435,296.81,0.4,0.37,2026-08-16,1945,N21,VIIRS,n,2.0NRT,270.33,0.71,N,VIIRS_NOAA21_NRT,2.9255263157894738,38,,-75.73086264279932,Persistent / Reduced,0,2.76,Durgapur Steel Plant,0,86.38,0,189.67,0,Other,4,1,-75.73086264279932,0.18,0,0,1,0,70.0,1,26.480000000000018,Normal Persistent Source,0,LOW
15.99327,76.8434,333.71,0.49,0.41,2026-08-14,752,N21,VIIRS,n,2.0NRT,282.62,2.92,D,VIIRS_NOAA21_NRT,5.976666666666667,3,,-51.14333519241495,Persistent / Reduced,0,49.22,Unnamed Industrial Feature,0,94.13,0,257.58,0,Forest / Woodland,2,1,-51.14333519241495,0.42,0,0,1,0,70.0,0,51.089999999999975,Agricultural Burning,0,LOW
18.65981,74.60452,333.35,0.39,0.36,2026-09-03,818,N21,VIIRS,l,2.0NRT,303.89,2.45,D,VIIRS_NOAA21_NRT,2.45,1,,0.0,Single Historical Detection,0,45.69,Unnamed Industrial Feature,0,457.88,0,170.62,0,Forest / Woodland,2,1,0.0,0.71,0,0,0,0,30.0,0,29.460000000000036,Agricultural Burning,0,LOW
23.12223,70.08524,315.36,0.43,0.46,2026-09-01,2040,N20,VIIRS,n,2.0NRT,285.85,1.37,N,VIIRS_NOAA20_NRT,2.7783333333333338,6,,-50.68986202759449,Persistent / Reduced,0,1.17,Unnamed Industrial Feature,1,37.43,0,71.57,0,Industrial,0,1,-50.68986202759449,0.36,0,0,1,0,70.0,1,29.50999999999999,Normal Persistent Source,0,LOW
9.46111,77.93867,345.08,0.39,0.36,2026-08-21,813,N20,VIIRS,n,2.0NRT,304.15,3.24,D,VIIRS_NOAA20_NRT,3.9275,4,,-17.50477402928071,Persistent / Stable,0,30.11,Unnamed Industrial Feature,0,85.88,0,137.62,0,Other,4,1,-17.50477402928071,0.66,0,0,1,0,70.0,0,40.93000000000001,Agricultural Burning,0,LOW
23.77872,86.20898,301.38,0.46,0.47,2026-09-07,2027,N20,VIIRS,n,2.0NRT,282.34,3.14,N,VIIRS_NOAA20_NRT,3.0518750000000003,48,,2.887569117345887,Persistent / Stable,0,7.18,Unnamed Industrial Feature,0,17.69,0,184.38,0,Other,4,1,2.887569117345887,0.77,0,0,1,0,70.0,1,19.04000000000002,Other Thermal Event,10,LOW
21.501,81.81009,297.09,0.54,0.68,2026-08-12,2059,N21,VIIRS,n,2.0NRT,273.28,0.54,N,VIIRS_NOAA21_NRT,0.925,2,,-41.62162162162162,Persistent / Stable,0,2.54,Unnamed Industrial Feature,0,128.7,0,233.56,0,Other,4,1,-41.62162162162162,0.28,0,0,1,0,70.0,1,23.810000000000002,Normal Persistent Source,0,LOW
12.21201,79.72424,333.1,0.54,0.42,2026-08-18,816,N21,VIIRS,n,2.0NRT,297.22,2.57,D,VIIRS_NOAA21_NRT,2.6849999999999996,2,,-4.283054003724387,Persistent / Stable,0,24.21,Workshop,0,51.43,0,116.6,0,Cropland / Agriculture,3,1,-4.283054003724387,0.7,0,0,1,0,70.0,0,35.879999999999995,Agricultural Burning,0,LOW
23.67353,86.11418,315.17,0.34,0.56,2026-08-20,1923,N20,VIIRS,n,2.0NRT,285.27,1.21,N,VIIRS_NOAA20_NRT,1.9038461538461537,13,,-36.44444444444444,Persistent / Stable,0,1.8,Bokaro Steel Plant,1,19.66,0,195.54,0,Industrial,0,1,-36.44444444444444,0.42,0,0,1,0,70.0,1,29.900000000000034,Normal Persistent Source,0,LOW
15.16905,76.6702,304.24,0.51,0.41,2026-08-21,2051,N20,VIIRS,n,2.0NRT,290.75,1.59,N,VIIRS_NOAA20_NRT,2.5067980295566503,203,,-36.57247288162239,Persistent / Stable,0,21.1,Food Corporation of India,0,22.67,0,266.25,0,Forest / Woodland,2,1,-36.57247288162239,0.45,0,0,1,0,70.0,1,13.490000000000009,Other Thermal Event,5,LOW
21.75032,83.83964,331.05,0.55,0.43,2026-09-07,2027,N20,VIIRS,n,2.0NRT,290.3,4.38,N,VIIRS_NOAA20_NRT,4.770121951219513,82,,-8.178448165665372,Persistent / Stable,0,5.9,Unnamed Industrial Feature,0,95.71,0,26.04,0,Other,4,1,-8.178448165665372,0.76,0,0,1,0,70.0,1,40.75,Other Thermal Event,5,LOW
28.35195,77.25737,303.02,0.55,0.51,2026-08-23,2008,N20,VIIRS,n,2.0NRT,285.41,3.28,N,VIIRS_NOAA20_NRT,1.8599999999999999,7,,76.34408602150538,Abnormal Increase,0,1.13,Unnamed Industrial Feature,1,28.03,0,103.96,0,Industrial,0,1,76.34408602150538,1.15,0,0,1,0,70.0,1,17.609999999999957,Normal Persistent Source,10,LOW
10.35633,79.15871,337.42,0.47,0.64,2026-09-06,720,N21,VIIRS,n,2.0NRT,286.42,6.29,D,VIIRS_NOAA21_NRT,5.925,2,,6.16033755274262,Persistent / Stable,0,45.2,Central Warehouse Corporation,0,168.72,0,87.83,0,Cropland / Agriculture,3,1,6.16033755274262,0.91,0,0,1,0,70.0,0,51.0,Agricultural Burning,0,LOW
23.77748,86.20891,307.56,0.42,0.45,2026-08-22,1932,N21,VIIRS,n,2.0NRT,283.22,1.8,N,VIIRS_NOAA21_NRT,3.0518750000000003,48,,-41.019864837190255,Persistent / Stable,0,7.08,Unnamed Industrial Feature,0,17.61,0,184.52,0,Other,4,1,-41.019864837190255,0.44,0,0,1,0,70.0,1,24.339999999999975,Other Thermal Event,5,LOW
19.93619,73.71277,304.74,0.4,0.37,2026-09-01,2042,N20,VIIRS,n,2.0NRT,279.38,1.0,N,VIIRS_NOAA20_NRT,1.3399999999999999,7,,-25.373134328358198,Persistent / Stable,0,10.43,MIDC Nashik Industrial Area,0,490.79,0,133.66,0,Forest / Woodland,2,1,-25.373134328358198,0.43,0,0,1,0,70.0,1,25.360000000000014,Other Thermal Event,5,LOW
20.96492,85.17151,315.56,0.45,0.47,2026-09-07,2027,N20,VIIRS,n,2.0NRT,289.94,3.68,N,VIIRS_NOAA20_NRT,3.5474576271186438,118,,3.736263736263749,Persistent / Stable,0,5.37,Unnamed Industrial Feature,0,5.3,0,157.82,0,Other,4,1,3.736263736263749,0.81,0,0,1,0,70.0,1,25.620000000000005,Mining Activity,0,LOW
10.26561,78.37807,308.2,0.44,0.38,2026-08-31,2008,N21,VIIRS,n,2.0NRT,294.61,1.49,N,VIIRS_NOAA21_NRT,1.49,1,,0.0,Single Historical Detection,0,43.39,Chicken shop,0,151.19,0,165.13,0,Cropland / Agriculture,3,1,0.0,0.6,0,0,0,0,70.0,1,13.589999999999975,Agricultural Burning,0,LOW
20.96261,85.16816,330.87,0.39,0.44,2026-08-27,709,N21,VIIRS,n,2.0NRT,293.93,5.52,D,VIIRS_NOAA21_NRT,3.541261261261261,111,,55.87666632746514,Abnormal Increase,0,5.06,Unnamed Industrial Feature,0,5.56,0,157.73,0,Other,4,1,55.87666632746514,1.22,0,0,1,0,70.0,0,36.94,Mining Activity,5,LOW
23.78148,86.39063,307.3,0.38,0.44,2026-09-02,2021,N20,VIIRS,n,2.0NRT,288.51,1.74,N,VIIRS_NOAA20_NRT,2.0170689655172414,58,,-13.736216770664159,Persistent / Stable,0,4.3,Unnamed Industrial Feature,0,4.34,1,186.48,0,Other,4,1,-13.736216770664159,0.58,0,0,1,0,70.0,1,18.79000000000002,Mining Activity,0,LOW
17.95866,80.7881,307.84,0.52,0.42,2026-08-27,2036,N20,VIIRS,n,2.0NRT,291.04,2.27,N,VIIRS_NOAA20_NRT,2.7118181818181815,33,,-16.292323164599384,Persistent / Stable,0,11.17,Aswapuram Heavy Water Plant,0,272.05,0,124.54,0,Other,4,1,-16.292323164599384,0.61,0,0,1,0,70.0,1,16.799999999999955,Other Thermal Event,5,LOW
13.62445,78.44543,303.26,0.47,0.4,2026-08-31,2006,N21,VIIRS,n,2.0NRT,290.03,1.39,N,VIIRS_NOAA21_NRT,1.19,2,,16.806722689075627,Persistent / Stable,0,73.86,Unnamed Industrial Feature,0,117.53,0,96.11,0,Cropland / Agriculture,3,1,16.806722689075627,0.63,0,0,1,0,70.0,1,13.230000000000018,Agricultural Burning,0,LOW
23.7786,86.21165,300.72,0.52,0.42,2026-08-11,1938,N21,VIIRS,n,2.0NRT,283.56,2.09,N,VIIRS_NOAA21_NRT,3.0518750000000003,48,,-31.517509727626468,Persistent / Stable,0,7.38,Unnamed Industrial Feature,0,17.46,0,184.42,0,Other,4,1,-31.517509727626468,0.52,0,0,1,0,70.0,1,17.160000000000025,Other Thermal Event,5,LOW
23.68129,86.39057,306.83,0.59,0.7,2026-08-10,2051,N20,VIIRS,n,2.0NRT,284.28,1.76,N,VIIRS_NOAA20_NRT,3.0147826086956524,92,,-41.620997980963374,Persistent / Stable,0,3.92,SAIL Parbatpur Colliery,0,3.92,1,197.45,0,Mining,1,1,-41.620997980963374,0.44,0,0,1,0,70.0,1,22.55000000000001,Mining Activity,0,LOW
20.96963,85.17749,311.51,0.57,0.52,2026-09-04,2029,N21,VIIRS,n,2.0NRT,289.05,2.58,N,VIIRS_NOAA21_NRT,3.5795412844036694,109,,-27.923725555527067,Persistent / Stable,0,6.01,Unnamed Industrial Feature,0,4.92,1,157.93,0,Other,4,1,-27.923725555527067,0.56,0,0,1,0,70.0,1,22.45999999999998,Mining Activity,0,LOW
9.80838,77.4108,333.03,0.48,0.48,2026-09-02,835,N21,VIIRS,n,2.0NRT,302.39,2.7,D,VIIRS_NOAA21_NRT,2.7,1,,0.0,Single Historical Detection,0,34.55,Bismi Chicken store,0,34.55,0,97.19,0,Other,4,1,0.0,0.73,0,0,0,0,70.0,0,30.639999999999986,Agricultural Burning,0,LOW
15.1746,76.65777,340.33,0.39,0.36,2026-09-04,2032,N21,VIIRS,n,2.0NRT,295.67,4.05,N,VIIRS_NOAA21_NRT,2.573152709359606,203,,57.3944673111898,Abnormal Increase,0,22.45,Food Corporation of India,0,22.58,0,265.99,0,Forest / Woodland,2,1,57.3944673111898,1.13,0,0,1,0,70.0,1,44.65999999999997,Other Thermal Event,20,LOW
21.9245,85.22453,309.84,0.55,0.43,2026-09-04,1945,N20,VIIRS,n,2.0NRT,290.6,2.47,N,VIIRS_NOAA20_NRT,1.8470588235294119,17,,33.726114649681534,Persistent / Stable,0,4.72,Kalta Mines Office,0,4.72,1,123.22,0,Other,4,1,33.726114649681534,0.87,0,0,1,0,70.0,1,19.239999999999952,Mining Activity,0,LOW
20.94967,86.04959,307.92,0.32,0.55,2026-08-19,2029,N21,VIIRS,n,2.0NRT,288.26,1.72,N,VIIRS_NOAA21_NRT,3.4567857142857146,28,,-50.24279367703276,Persistent / Reduced,0,1.04,VISA STEEL LTD,1,86.15,0,95.05,0,Industrial,0,1,-50.24279367703276,0.39,0,0,1,0,70.0,1,19.660000000000025,Normal Persistent Source,0,LOW
23.67823,86.08537,303.17,0.52,0.42,2026-08-19,1945,N20,VIIRS,n,2.0NRT,276.29,1.22,N,VIIRS_NOAA20_NRT,2.5133333333333336,78,,-51.458885941644574,Persistent / Reduced,0,1.88,Bokaro Steel Plant,1,17.06,0,194.96,0,Industrial,0,1,-51.458885941644574,0.35,0,0,1,0,70.0,1,26.879999999999995,Normal Persistent Source,0,LOW
15.16878,76.38122,305.46,0.39,0.36,2026-08-27,2036,N20,VIIRS,n,2.0NRT,285.14,1.21,N,VIIRS_NOAA20_NRT,1.3534615384615387,26,,-10.599602159704482,Persistent / Stable,0,22.47,APMC,0,27.61,0,249.62,0,Forest / Woodland,2,1,-10.599602159704482,0.51,0,0,1,0,70.0,1,20.319999999999993,Other Thermal Event,5,LOW
20.79797,85.25918,318.29,0.4,0.37,2026-09-06,1951,N21,VIIRS,n,2.0NRT,290.52,3.75,N,VIIRS_NOAA21_NRT,4.153833333333334,60,,-9.72194358624565,Persistent / Stable,0,0.71,Tata Steel Meramandali,1,17.39,0,152.29,0,Industrial,0,1,-9.72194358624565,0.73,0,0,1,0,70.0,1,27.77000000000004,Normal Persistent Source,0,LOW
10.10579,77.83781,336.52,0.41,0.45,2026-09-05,835,N20,VIIRS,n,2.0NRT,302.21,4.29,D,VIIRS_NOAA20_NRT,4.29,1,,0.0,Single Historical Detection,0,33.31,Chicken shop,0,91.75,0,131.73,0,Cropland / Agriculture,3,1,0.0,0.81,0,0,0,0,70.0,0,34.31,Agricultural Burning,0,LOW
9.43115,78.27111,337.53,0.51,0.41,2026-08-14,750,N21,VIIRS,n,2.0NRT,301.74,7.25,D,VIIRS_NOAA21_NRT,7.25,1,,0.0,Single Historical Detection,0,51.4,Unnamed Industrial Feature,0,122.36,0,173.5,0,Other,4,1,0.0,0.88,0,0,0,0,70.0,0,35.789999999999964,Agricultural Burning,0,LOW
24.6901,73.00169,313.08,0.39,0.36,2026-08-31,2059,N20,VIIRS,n,2.0NRT,290.52,1.11,N,VIIRS_NOAA20_NRT,1.1736363636363636,11,,-5.42215336948101,Persistent / Stable,0,29.15,India One,0,84.36,0,201.35,0,Other,4,1,-5.42215336948101,0.51,0,0,1,0,70.0,1,22.560000000000002,Other Thermal Event,5,LOW
29.45695,76.86645,325.0,0.42,0.38,2026-08-27,2032,N20,VIIRS,n,2.0NRT,294.44,2.18,N,VIIRS_NOAA20_NRT,11.725,30,,-81.40724946695096,Persistent / Reduced,0,11.93,Panipat IOCL Refinery,0,104.13,0,1.96,1,Cropland / Agriculture,3,1,-81.40724946695096,0.17,0,0,1,0,70.0,1,30.560000000000002,Gas Flare,5,LOW
20.95095,86.04876,311.4,0.41,0.45,2026-09-02,2021,N20,VIIRS,n,2.0NRT,282.08,0.75,N,VIIRS_NOAA20_NRT,3.505925925925926,27,,-78.60764842594548,Persistent / Reduced,0,1.13,Duburi Steel Power Plant,1,86.06,0,95.22,0,Industrial,0,1,-78.60764842594548,0.17,0,0,1,0,70.0,1,29.319999999999993,Normal Persistent Source,0,LOW
21.75491,83.84193,335.54,0.44,0.46,2026-09-04,801,N21,VIIRS,n,2.0NRT,294.33,6.72,D,VIIRS_NOAA21_NRT,4.770121951219513,82,,40.87690144445861,Persistent / Stable,0,5.34,Unnamed Industrial Feature,0,96.17,0,25.53,0,Other,4,1,40.87690144445861,1.16,0,0,1,0,70.0,0,41.210000000000036,Other Thermal Event,10,LOW
10.98911,79.11748,333.48,0.35,0.57,2026-08-18,731,N20,VIIRS,n,2.0NRT,294.0,1.7,D,VIIRS_NOAA20_NRT,1.7,1,,0.0,Single Historical Detection,0,14.38,Unnamed Industrial Feature,0,110.43,0,83.18,0,Cropland / Agriculture,3,1,0.0,0.63,0,0,0,0,70.0,0,39.48000000000002,Agricultural Burning,0,LOW
26.30195,72.90171,306.66,0.48,0.4,2026-09-02,2106,N21,VIIRS,n,2.0NRT,295.26,1.35,N,VIIRS_NOAA21_NRT,1.355,2,,-0.3690036900368925,Persistent / Stable,0,69.63,Pali Industrial Area Phase 2,0,211.59,0,161.91,0,Other,4,1,-0.3690036900368925,0.57,0,0,1,0,70.0,1,11.400000000000034,Agricultural Burning,0,LOW
9.73405,77.55091,312.29,0.59,0.53,2026-09-03,2051,N21,VIIRS,n,2.0NRT,291.43,2.6,N,VIIRS_NOAA21_NRT,9.467500000000001,4,,-72.53762872986533,Persistent / Reduced,0,42.4,Unnamed Industrial Feature,0,44.06,0,105.88,0,Other,4,1,-72.53762872986533,0.25,0,0,1,0,70.0,1,20.860000000000014,Agricultural Burning,0,LOW
11.72647,78.68995,333.28,0.45,0.39,2026-08-22,756,N20,VIIRS,n,2.0NRT,299.04,3.48,D,VIIRS_NOAA20_NRT,3.48,1,,0.0,Single Historical Detection,0,61.78,Dalmia,0,117.27,0,165.05,0,Cropland / Agriculture,3,1,0.0,0.78,0,0,0,0,70.0,0,34.23999999999995,Agricultural Burning,0,LOW
22.6441,70.74747,345.0,0.38,0.36,2026-09-08,826,N21,VIIRS,n,2.0NRT,301.73,5.6,D,VIIRS_NOAA21_NRT,5.6,1,,0.0,Single Historical Detection,0,28.85,Unnamed Industrial Feature,0,122.11,0,74.51,0,Other,4,1,0.0,0.85,0,0,0,0,70.0,0,43.26999999999998,Agricultural Burning,0,LOW
20.96533,86.0493,315.3,0.39,0.36,2026-09-06,1951,N21,VIIRS,n,2.0NRT,291.54,4.42,N,VIIRS_NOAA21_NRT,3.6672000000000002,25,,20.527923211169274,Persistent / Stable,0,0.47,Duburi Steel Power Plant,1,86.13,0,96.43,0,Industrial,0,1,20.527923211169274,0.95,0,0,1,0,70.0,1,23.75999999999999,Normal Persistent Source,0,LOW
9.84711,77.92158,338.34,0.34,0.56,2026-08-14,845,N20,VIIRS,n,2.0NRT,294.34,6.82,D,VIIRS_NOAA20_NRT,5.23,2,,30.401529636711278,Persistent / Stable,0,21.09,TNSTC Ponmeni Bus depot,0,86.57,0,147.9,0,Other,4,1,30.401529636711278,1.09,0,0,1,0,70.0,0,44.0,Agricultural Burning,0,LOW
10.39741,79.03778,333.73,0.45,0.47,2026-08-12,744,N20,VIIRS,n,2.0NRT,295.39,2.55,D,VIIRS_NOAA20_NRT,2.55,1,,0.0,Single Historical Detection,0,41.4,Central Warehouse Corporation,0,170.28,0,97.33,0,Cropland / Agriculture,3,1,0.0,0.72,0,0,0,0,70.0,0,38.34000000000003,Agricultural Burning,0,LOW
17.96539,75.48702,336.33,0.46,0.39,2026-08-31,830,N20,VIIRS,n,2.0NRT,299.52,3.37,D,VIIRS_NOAA20_NRT,3.37,1,,0.0,Single Historical Detection,0,70.86,Hotgi Cement Works,0,348.32,0,281.82,0,Forest / Woodland,2,1,0.0,0.77,0,0,0,0,70.0,0,36.81,Agricultural Burning,0,LOW
17.95876,80.79718,309.9,0.52,0.42,2026-08-11,2034,N20,VIIRS,n,2.0NRT,292.35,2.29,N,VIIRS_NOAA20_NRT,2.7118181818181815,33,,-15.554810593362376,Persistent / Stable,0,10.63,Aswapuram Heavy Water Plant,0,272.59,0,125.5,0,Other,4,1,-15.554810593362376,0.62,0,0,1,0,70.0,1,17.549999999999955,Other Thermal Event,5,LOW
9.28053,77.3913,310.02,0.59,0.53,2026-08-10,2055,N20,VIIRS,n,2.0NRT,289.07,0.93,N,VIIRS_NOAA20_NRT,0.93,1,,0.0,Single Historical Detection,0,33.21,Unnamed Industrial Feature,0,43.78,0,76.3,0,Other,4,1,0.0,0.48,0,0,0,0,70.0,1,20.94999999999999,Agricultural Burning,0,LOW
16.23223,80.54265,330.61,0.46,0.39,2026-09-01,809,N20,VIIRS,n,2.0NRT,294.34,2.07,D,VIIRS_NOAA20_NRT,2.07,1,,0.0,Single Historical Detection,0,1.88,Sangam Dairy,1,336.14,0,200.03,0,Industrial,0,1,0.0,0.67,0,0,0,0,70.0,0,36.27000000000004,Other Thermal Event,20,LOW
23.56014,87.23705,302.58,0.34,0.56,2026-08-27,2034,N20,VIIRS,n,2.0NRT,268.41,0.64,N,VIIRS_NOAA20_NRT,2.9255263157894738,38,,-78.1235944949177,Persistent / Reduced,0,3.34,Durgapur Steel Thermal Power Station,0,85.59,0,190.26,0,Other,4,1,-78.1235944949177,0.16,0,0,1,0,70.0,1,34.16999999999996,Other Thermal Event,5,LOW
8.71625,77.97591,332.03,0.56,0.52,2026-08-28,744,N20,VIIRS,n,2.0NRT,301.28,4.69,D,VIIRS_NOAA20_NRT,4.6825,4,,0.16017084890550526,Persistent / Stable,0,21.9,SPIC Tuticorin Fertilizers,0,120.69,0,154.43,0,Other,4,1,0.16017084890550526,0.83,0,0,1,0,70.0,0,30.75,Agricultural Burning,0,LOW
16.14073,78.94716,301.78,0.54,0.42,2026-08-16,2042,N20,VIIRS,n,2.0NRT,283.4,0.97,N,VIIRS_NOAA20_NRT,0.97,1,,0.0,Single Historical Detection,0,25.38,Unnamed Industrial Feature,0,243.41,0,149.01,0,Cropland / Agriculture,3,1,0.0,0.49,0,0,0,0,70.0,1,18.379999999999995,Agricultural Burning,0,LOW
14.14932,77.59215,330.34,0.44,0.38,2026-09-05,2012,N21,VIIRS,n,2.0NRT,294.88,4.01,N,VIIRS_NOAA21_NRT,2.06,3,,94.66019417475727,Abnormal Increase,0,83.57,Chikkaballapura Industrial Area,0,124.83,0,132.31,0,Cropland / Agriculture,3,1,94.66019417475727,1.31,0,0,1,0,70.0,1,35.45999999999998,Agricultural Burning,10,LOW
9.57736,78.30942,342.87,0.43,0.38,2026-08-18,816,N21,VIIRS,n,2.0NRT,304.24,4.52,D,VIIRS_NOAA21_NRT,5.37125,8,,-15.848266232255067,Persistent / Stable,0,43.94,Tourist bus parking,0,124.99,0,179.8,0,Other,4,1,-15.848266232255067,0.71,0,0,1,0,70.0,0,38.629999999999995,Other Thermal Event,5,LOW
9.58245,77.54297,326.75,0.63,0.54,2026-09-01,1947,N21,VIIRS,n,2.0NRT,289.94,6.72,N,VIIRS_NOAA21_NRT,3.9044444444444446,9,,72.11155378486055,Abnormal Increase,0,27.53,Unnamed Industrial Feature,0,41.01,0,98.37,0,Other,4,1,72.11155378486055,1.37,0,0,1,0,70.0,1,36.81,Other Thermal Event,20,LOW
22.7957,86.19765,309.13,0.5,0.41,2026-09-04,1945,N20,VIIRS,n,2.0NRT,282.16,2.39,N,VIIRS_NOAA20_NRT,2.479821428571429,56,,-3.6220926045942305,Persistent / Stable,0,1.13,Tata Motors Jamshedpur Plant,1,99.55,0,209.56,0,Industrial,0,1,-3.6220926045942305,0.69,0,0,1,0,70.0,1,26.96999999999997,Normal Persistent Source,0,LOW
16.31662,77.81316,330.14,0.42,0.37,2026-09-06,818,N20,VIIRS,n,2.0NRT,298.24,1.62,D,VIIRS_NOAA20_NRT,1.62,1,,0.0,Single Historical Detection,0,26.95,"TGSRTC  Bus Depot , Wanaparthy",0,161.14,0,159.39,0,Cropland / Agriculture,3,1,0.0,0.62,0,0,0,0,70.0,0,31.899999999999977,Agricultural Burning,0,LOW
23.6886,86.39101,315.84,0.48,0.4,2026-08-20,2010,N21,VIIRS,n,2.0NRT,290.84,2.54,N,VIIRS_NOAA21_NRT,3.0147826086956524,92,,-15.748485722526684,Persistent / Stable,0,4.03,SAIL Parbatpur Colliery,0,4.03,1,196.65,0,Other,4,1,-15.748485722526684,0.63,0,0,1,0,70.0,1,25.0,Mining Activity,0,LOW
12.95476,79.27879,334.78,0.53,0.42,2026-08-26,822,N20,VIIRS,n,2.0NRT,298.13,3.78,D,VIIRS_NOAA20_NRT,3.78,1,,0.0,Single Historical Detection,0,6.28,SIPCOT Ranipet Industrial Estate,0,97.0,0,108.68,0,Cropland / Agriculture,3,1,0.0,0.79,0,0,0,0,70.0,0,36.64999999999998,Agricultural Burning,0,LOW
11.17819,77.71023,331.93,0.53,0.5,2026-09-02,837,N21,VIIRS,n,2.0NRT,298.86,4.45,D,VIIRS_NOAA21_NRT,4.45,1,,0.0,Single Historical Detection,0,18.58,SIPCOT Perundurai,0,160.45,0,66.13,0,Cropland / Agriculture,3,1,0.0,0.82,0,0,0,0,70.0,0,33.06999999999999,Agricultural Burning,0,LOW
21.187,81.39117,308.22,0.52,0.5,2026-09-06,2049,N20,VIIRS,n,2.0NRT,291.13,2.1,N,VIIRS_NOAA20_NRT,2.72875,24,,-23.04168575355015,Persistent / Stable,0,0.29,Bhilai Steel Plant,1,171.31,0,284.22,0,Industrial,0,1,-23.04168575355015,0.56,0,0,1,0,70.0,1,17.090000000000032,Normal Persistent Source,0,LOW
15.08932,79.77341,333.03,0.32,0.55,2026-08-28,830,N21,VIIRS,n,2.0NRT,298.89,6.01,D,VIIRS_NOAA21_NRT,12.475,4,,-51.82364729458918,Persistent / Reduced,0,28.53,COW Farm,0,216.45,0,219.72,0,Cropland / Agriculture,3,1,-51.82364729458918,0.45,0,0,1,0,70.0,0,34.139999999999986,Agricultural Burning,0,LOW
21.10283,72.63239,315.35,0.45,0.63,2026-08-23,2010,N20,VIIRS,n,2.0NRT,288.47,1.66,N,VIIRS_NOAA20_NRT,4.892614379084968,153,,-66.07130929639179,Persistent / Reduced,0,0.42,Hazira Industrial Complex SURAT,1,378.71,0,0.47,1,Industrial,0,1,-66.07130929639179,0.28,0,0,1,0,70.0,1,26.879999999999995,Gas Flare,20,LOW
23.73746,86.43626,305.19,0.42,0.37,2026-08-23,2008,N20,VIIRS,n,2.0NRT,280.63,1.32,N,VIIRS_NOAA20_NRT,2.5207317073170734,41,,-47.63425253991292,Persistent / Stable,0,5.75,Unnamed Industrial Feature,0,1.68,1,192.15,0,Mining,1,1,-47.63425253991292,0.37,0,0,1,0,70.0,1,24.560000000000002,Mining Activity,0,LOW
14.82764,78.13876,334.05,0.5,0.49,2026-09-05,837,N20,VIIRS,n,2.0NRT,299.55,6.95,D,VIIRS_NOAA20_NRT,6.95,1,,0.0,Single Historical Detection,0,92.11,Loco Shed,0,135.73,0,207.27,0,Cropland / Agriculture,3,1,0.0,0.87,0,0,0,0,70.0,0,34.5,Agricultural Burning,0,LOW
18.71382,79.54076,308.85,0.4,0.37,2026-09-07,2029,N20,VIIRS,n,2.0NRT,294.41,0.92,N,VIIRS_NOAA20_NRT,1.7500000000000002,13,,-47.42857142857143,Persistent / Stable,0,6.48,"TGSRTC Bus Depot , Godavarikhani",0,140.85,0,82.69,0,Other,4,1,-47.42857142857143,0.33,0,0,1,0,70.0,1,14.439999999999998,Other Thermal Event,5,LOW
23.65887,85.50546,303.29,0.37,0.58,2026-09-05,1925,N20,VIIRS,n,2.0NRT,281.76,0.63,N,VIIRS_NOAA20_NRT,1.07,10,,-41.12149532710281,Persistent / Stable,0,2.7,Ramgarh Industrial Area,0,41.72,0,204.92,0,Other,4,1,-41.12149532710281,0.3,0,0,1,0,70.0,1,21.53000000000003,Normal Persistent Source,0,LOW
10.99405,79.23645,332.49,0.5,0.49,2026-09-01,1947,N21,VIIRS,n,2.0NRT,290.43,7.05,N,VIIRS_NOAA21_NRT,7.05,1,,0.0,Single Historical Detection,0,14.38,Unnamed Industrial Feature,0,102.15,0,71.07,0,Cropland / Agriculture,3,1,0.0,0.88,0,0,0,0,70.0,1,42.06,Agricultural Burning,0,LOW
10.60196,79.33324,333.99,0.5,0.41,2026-08-18,816,N21,VIIRS,n,2.0NRT,301.31,2.86,D,VIIRS_NOAA21_NRT,2.92,3,,-2.054794520547947,Persistent / Stable,0,23.44,Majestic Lumber Mill,0,136.28,0,58.85,0,Cropland / Agriculture,3,1,-2.054794520547947,0.73,0,0,1,0,70.0,0,32.68000000000001,Agricultural Burning,0,LOW
22.79152,86.2127,304.03,0.5,0.41,2026-08-19,1945,N20,VIIRS,n,2.0NRT,290.42,1.51,N,VIIRS_NOAA20_NRT,2.4899999999999998,55,,-39.357429718875494,Persistent / Stable,0,1.45,Adityapur Industrial Estate,1,99.79,0,207.96,0,Industrial,0,1,-39.357429718875494,0.43,0,0,1,0,70.0,1,13.609999999999957,Normal Persistent Source,0,LOW
15.68148,79.9514,338.38,0.39,0.36,2026-08-11,805,N20,VIIRS,n,2.0NRT,303.04,6.19,D,VIIRS_NOAA20_NRT,6.19,1,,0.0,Single Historical Detection,0,15.0,kummitha's farm,0,276.95,0,237.9,0,Cropland / Agriculture,3,1,0.0,0.86,0,0,0,0,70.0,0,35.339999999999975,Agricultural Burning,0,LOW
23.71272,86.45254,306.22,0.52,0.66,2026-09-03,1906,N21,VIIRS,n,2.0NRT,283.52,1.88,N,VIIRS_NOAA21_NRT,2.355555555555556,36,,-20.18867924528304,Persistent / Stable,0,5.38,SAIL Chasnalla ADM Building,0,4.49,1,195.18,0,Other,4,1,-20.18867924528304,0.56,0,0,1,0,70.0,1,22.700000000000045,Mining Activity,0,LOW
21.62968,72.911,299.73,0.38,0.36,2026-09-03,2046,N21,VIIRS,n,2.0NRT,278.8,0.25,N,VIIRS_NOAA21_NRT,0.25,1,,0.0,Single Historical Detection,0,9.35,ONGC Ankleshwar,0,314.34,0,9.35,0,Other,4,1,0.0,0.2,0,0,0,0,70.0,1,20.930000000000007,Agricultural Burning,0,LOW
23.78876,85.55288,309.98,0.53,0.5,2026-08-11,2034,N20,VIIRS,n,2.0NRT,284.02,1.73,N,VIIRS_NOAA20_NRT,1.9495,20,,-11.259297255706594,Persistent / Stable,0,0.94,Unnamed Industrial Feature,1,35.84,0,189.71,0,Industrial,0,1,-11.259297255706594,0.59,0,0,1,0,70.0,1,25.960000000000036,Normal Persistent Source,0,LOW
27.32492,95.27525,299.75,0.36,0.57,2026-08-23,2008,N20,VIIRS,n,2.0NRT,268.02,0.65,N,VIIRS_NOAA20_NRT,2.098095238095238,21,,-69.01951883794825,Persistent / Reduced,0,4.89,Unnamed Industrial Feature,0,569.58,0,34.75,0,Other,4,1,-69.01951883794825,0.21,0,0,1,0,70.0,1,31.730000000000018,Other Thermal Event,5,LOW
10.39993,79.41699,344.62,0.35,0.57,2026-08-10,726,N21,VIIRS,n,2.0NRT,293.34,4.29,D,VIIRS_NOAA21_NRT,4.046666666666667,3,,6.013179571663916,Persistent / Stable,0,36.36,Majestic Lumber Mill,0,155.05,0,62.09,0,Cropland / Agriculture,3,1,6.013179571663916,0.85,0,0,1,0,70.0,0,51.28000000000003,Agricultural Burning,0,LOW
23.68512,86.38915,307.59,0.48,0.4,2026-09-05,2010,N21,VIIRS,n,2.0NRT,291.83,3.98,N,VIIRS_NOAA21_NRT,3.0147826086956524,92,,32.016152293048734,Persistent / Stable,0,3.79,SAIL Parbatpur Colliery,0,3.79,1,197.0,0,Mining,1,1,32.016152293048734,0.99,0,0,1,0,70.0,1,15.759999999999991,Mining Activity,0,LOW
10.82362,78.51756,333.02,0.4,0.37,2026-08-21,816,N20,VIIRS,l,2.0NRT,305.17,2.64,D,VIIRS_NOAA20_NRT,2.64,1,,0.0,Single Historical Detection,0,20.09,Unnamed Industrial Feature,0,170.88,0,145.12,0,Cropland / Agriculture,3,1,0.0,0.73,0,0,0,0,30.0,0,27.849999999999966,Agricultural Burning,0,LOW
26.76095,83.19885,295.11,0.35,0.57,2026-08-14,1936,N20,VIIRS,n,2.0NRT,264.71,0.46,N,VIIRS_NOAA20_NRT,1.4266666666666665,6,,-67.7570093457944,Persistent / Reduced,0,71.28,Unnamed Industrial Feature,0,289.85,0,195.23,0,Cropland / Agriculture,3,1,-67.7570093457944,0.19,0,0,1,0,70.0,1,30.400000000000034,Other Thermal Event,5,LOW
23.74027,86.43341,309.02,0.39,0.36,2026-09-03,2002,N20,VIIRS,n,2.0NRT,290.24,3.28,N,VIIRS_NOAA20_NRT,2.5702631578947366,38,,27.613392034401564,Persistent / Stable,0,5.42,Unnamed Industrial Feature,0,1.37,1,191.79,0,Mining,1,1,27.613392034401564,0.92,0,0,1,0,70.0,1,18.779999999999973,Mining Activity,0,LOW
8.98831,77.81923,339.23,0.57,0.52,2026-08-28,744,N20,VIIRS,n,2.0NRT,301.93,1.85,D,VIIRS_NOAA20_NRT,2.665,2,,-30.58161350844277,Persistent / Stable,0,22.34,Unnamed Industrial Feature,0,99.13,0,127.83,0,Other,4,1,-30.58161350844277,0.5,0,0,1,0,70.0,0,37.30000000000001,Agricultural Burning,0,LOW
15.16292,76.37949,322.52,0.32,0.55,2026-08-20,2108,N20,VIIRS,n,2.0NRT,287.29,1.52,N,VIIRS_NOAA20_NRT,1.3534615384615387,26,,12.304631997726608,Persistent / Stable,0,21.93,APMC,0,27.28,0,248.96,0,Forest / Woodland,2,1,12.304631997726608,0.65,0,0,1,0,70.0,1,35.22999999999996,Other Thermal Event,10,LOW
21.10734,72.64365,297.15,0.45,0.39,2026-08-16,2040,N20,VIIRS,n,2.0NRT,279.26,0.92,N,VIIRS_NOAA20_NRT,4.875096774193549,155,,-81.12857974696946,Persistent / Reduced,0,0.28,ArcelorMittal Nippon Steel India,1,377.89,0,0.81,1,Industrial,0,1,-81.12857974696946,0.16,0,0,1,0,70.0,1,17.889999999999986,Gas Flare,20,LOW
23.7949,86.35249,303.64,0.59,0.53,2026-08-19,2027,N21,VIIRS,n,2.0NRT,274.8,3.33,N,VIIRS_NOAA21_NRT,1.893125,32,,75.89963684384287,Abnormal Increase,0,4.19,Unnamed Industrial Feature,0,7.93,0,184.35,0,Other,4,1,75.89963684384287,1.15,0,0,1,0,70.0,1,28.839999999999975,Other Thermal Event,20,LOW
9.5614,77.53619,316.03,0.38,0.36,2026-09-02,2025,N20,VIIRS,n,2.0NRT,285.93,0.91,N,VIIRS_NOAA20_NRT,2.0326666666666666,15,,-55.23122335191866,Persistent / Reduced,0,26.03,Unnamed Industrial Feature,0,40.5,0,96.92,0,Other,4,1,-55.23122335191866,0.3,0,0,1,0,70.0,1,30.099999999999966,Other Thermal Event,5,LOW
15.18017,76.6749,301.96,0.43,0.62,2026-09-02,2108,N21,VIIRS,n,2.0NRT,283.24,3.11,N,VIIRS_NOAA21_NRT,2.4517934782608695,184,,26.84592024471882,Persistent / Stable,0,20.64,Food Corporation of India,0,24.0,0,267.55,0,Forest / Woodland,2,1,26.84592024471882,0.9,0,0,1,0,70.0,1,18.71999999999997,Other Thermal Event,10,LOW
23.7215,86.44048,306.23,0.32,0.55,2026-08-20,1923,N20,VIIRS,n,2.0NRT,286.98,1.82,N,VIIRS_NOAA20_NRT,2.603731343283582,67,,-30.10031527658354,Persistent / Stable,0,6.33,SAIL Chasnalla ADM Building,0,2.93,1,193.98,0,Mining,1,1,-30.10031527658354,0.51,0,0,1,0,70.0,1,19.25,Mining Activity,0,LOW
20.76198,85.29599,315.32,0.53,0.42,2026-09-04,1945,N20,VIIRS,n,2.0NRT,290.69,3.06,N,VIIRS_NOAA20_NRT,2.9322222222222223,27,,4.357711254262978,Persistent / Stable,0,5.1,Unnamed Industrial Feature,0,22.35,0,147.23,0,Other,4,1,4.357711254262978,0.78,0,0,1,0,70.0,1,24.629999999999995,Other Thermal Event,10,LOW
24.6572,73.87634,304.12,0.47,0.47,2026-08-22,2112,N21,VIIRS,n,2.0NRT,293.14,1.08,N,VIIRS_NOAA21_NRT,1.1825,4,,-8.668076109936578,Persistent / Stable,0,0.12,Unnamed Industrial Feature,1,36.59,0,253.7,0,Industrial,0,1,-8.668076109936578,0.49,0,0,1,0,70.0,1,10.980000000000018,Normal Persistent Source,0,LOW
23.68725,86.39246,298.55,0.5,0.41,2026-09-04,1945,N20,VIIRS,n,2.0NRT,280.08,0.85,N,VIIRS_NOAA20_NRT,3.0147826086956524,92,,-71.80559561580617,Persistent / Reduced,0,4.15,SAIL Parbatpur Colliery,0,4.15,1,196.83,0,Other,4,1,-71.80559561580617,0.21,0,0,1,0,70.0,1,18.470000000000027,Mining Activity,0,LOW
11.14982,78.03407,340.69,0.39,0.36,2026-09-01,809,N20,VIIRS,n,2.0NRT,308.1,6.75,D,VIIRS_NOAA20_NRT,10.4575,4,,-35.45302414535023,Persistent / Stable,0,11.58,TNPL Paper Mill,0,195.77,0,101.6,0,Cropland / Agriculture,3,1,-35.45302414535023,0.59,0,0,1,0,70.0,0,32.589999999999975,Agricultural Burning,0,LOW
17.14918,80.78049,336.76,0.42,0.37,2026-08-11,805,N20,VIIRS,n,2.0NRT,298.11,2.56,D,VIIRS_NOAA20_NRT,2.56,1,,0.0,Single Historical Detection,0,9.05,poultry farm,0,349.34,0,154.18,0,Cropland / Agriculture,3,1,0.0,0.72,0,0,0,0,70.0,0,38.64999999999998,Agricultural Burning,0,LOW
13.27826,79.15017,330.16,0.56,0.51,2026-08-20,835,N20,VIIRS,n,2.0NRT,297.19,2.5,D,VIIRS_NOAA20_NRT,2.5,1,,0.0,Single Historical Detection,0,42.67,SIPCOT Ranipet Industrial Estate,0,116.08,0,122.3,0,Cropland / Agriculture,3,1,0.0,0.71,0,0,0,0,70.0,0,32.97000000000003,Agricultural Burning,0,LOW
8.94777,77.65709,339.88,0.41,0.37,2026-08-18,816,N21,VIIRS,n,2.0NRT,307.83,3.06,D,VIIRS_NOAA21_NRT,3.06,2,,0.0,Persistent / Stable,0,10.52,India Cements Sankarnagar,0,90.83,0,112.22,0,Other,4,1,0.0,0.75,0,0,1,0,70.0,0,32.05000000000001,Agricultural Burning,0,LOW
23.82405,84.56894,303.8,0.42,0.61,2026-08-20,1923,N20,VIIRS,n,2.0NRT,283.31,1.0,N,VIIRS_NOAA20_NRT,2.1268000000000002,25,,-52.981004325747605,Persistent / Reduced,0,24.48,Tori Power Project,0,135.95,0,220.28,0,Other,4,1,-52.981004325747605,0.32,0,0,1,0,70.0,1,20.49000000000001,Other Thermal Event,5,LOW
10.85615,77.46578,335.41,0.44,0.46,2026-09-02,750,N20,VIIRS,n,2.0NRT,300.19,2.42,D,VIIRS_NOAA20_NRT,4.33,2,,-44.11085450346421,Persistent / Stable,0,27.13,Unnamed Industrial Feature,0,139.0,0,46.12,0,Cropland / Agriculture,3,1,-44.11085450346421,0.45,0,0,1,0,70.0,0,35.22000000000003,Agricultural Burning,0,LOW
23.69549,85.36719,299.67,0.48,0.4,2026-08-16,1945,N21,VIIRS,n,2.0NRT,273.95,1.0,N,VIIRS_NOAA21_NRT,1.4726315789473685,19,,-32.09435310936384,Persistent / Stable,0,8.44,Jindal Steel,0,54.86,0,205.35,0,Other,4,1,-32.09435310936384,0.4,0,0,1,0,70.0,1,25.720000000000027,Other Thermal Event,5,LOW
21.92734,83.34194,303.6,0.42,0.45,2026-09-04,2027,N21,VIIRS,n,2.0NRT,290.16,2.46,N,VIIRS_NOAA21_NRT,2.8140740740740733,27,,-12.582258489076048,Persistent / Stable,0,0.61,Jindal Steel Works,1,74.45,0,70.87,0,Industrial,0,1,-12.582258489076048,0.64,0,0,1,0,70.0,1,13.439999999999998,Normal Persistent Source,0,LOW
21.10479,72.63469,312.83,0.4,0.37,2026-08-29,2042,N21,VIIRS,n,2.0NRT,290.99,1.21,N,VIIRS_NOAA21_NRT,4.870454545454545,154,,-75.15632291180589,Persistent / Reduced,0,0.17,ONGC Hazira Gas Processing,1,378.43,0,0.17,1,Industrial,0,1,-75.15632291180589,0.21,0,0,1,0,70.0,1,21.839999999999975,Gas Flare,20,LOW
9.4059,78.81127,333.92,0.38,0.43,2026-08-17,750,N20,VIIRS,n,2.0NRT,293.47,1.5,D,VIIRS_NOAA20_NRT,2.9200000000000004,5,,-48.63013698630137,Persistent / Stable,0,96.08,Tourist bus parking,0,181.41,0,188.99,0,Other,4,1,-48.63013698630137,0.38,0,0,1,0,70.0,0,40.44999999999999,Agricultural Burning,0,LOW
29.47698,76.85517,331.49,0.52,0.67,2026-09-07,705,N21,VIIRS,n,2.0NRT,292.31,4.49,D,VIIRS_NOAA21_NRT,4.679032258064518,31,,-4.039986211651181,Persistent / Stable,0,14.2,Panipat IOCL Refinery,0,106.61,0,2.53,1,Cropland / Agriculture,3,1,-4.039986211651181,0.79,0,0,1,0,70.0,0,39.18000000000001,Gas Flare,5,LOW
23.60892,85.67542,308.2,0.38,0.36,2026-08-10,1957,N21,VIIRS,n,2.0NRT,291.09,1.35,N,VIIRS_NOAA21_NRT,1.0263636363636364,11,,31.53232949512844,Persistent / Stable,0,14.98,Unnamed Industrial Feature,0,28.03,0,206.35,0,Other,4,1,31.53232949512844,0.67,0,0,1,0,70.0,1,17.110000000000014,Other Thermal Event,10,LOW
23.56301,87.08428,303.06,0.58,0.52,2026-08-20,1923,N20,VIIRS,n,2.0NRT,275.74,1.08,N,VIIRS_NOAA20_NRT,1.9581818181818185,11,,-44.846796657381624,Persistent / Stable,0,5.41,Unnamed Industrial Feature,0,70.46,0,197.96,0,Other,4,1,-44.846796657381624,0.37,0,0,1,0,70.0,1,27.319999999999993,Other Thermal Event,5,LOW
10.50322,79.3697,338.78,0.39,0.36,2026-08-16,807,N20,VIIRS,n,2.0NRT,305.03,3.9,D,VIIRS_NOAA20_NRT,3.9,2,,0.0,Persistent / Stable,0,28.2,Majestic Lumber Mill,0,145.4,0,59.65,0,Cropland / Agriculture,3,1,0.0,0.8,0,0,1,0,70.0,0,33.75,Agricultural Burning,0,LOW
15.99496,78.3997,331.18,0.4,0.44,2026-08-28,746,N20,VIIRS,n,2.0NRT,296.42,1.68,D,VIIRS_NOAA20_NRT,2.8733333333333335,3,,-41.531322505800475,Persistent / Stable,0,39.52,Unnamed Industrial Feature,0,184.25,0,166.53,0,Cropland / Agriculture,3,1,-41.531322505800475,0.43,0,0,1,0,70.0,0,34.75999999999999,Agricultural Burning,0,LOW
23.83799,85.47054,307.63,0.39,0.36,2026-08-10,1957,N21,VIIRS,n,2.0NRT,292.56,1.5,N,VIIRS_NOAA21_NRT,1.01,2,,48.51485148514851,Persistent / Stable,0,2.07,Unnamed Industrial Feature,1,45.02,0,186.93,0,Other,4,1,48.51485148514851,0.75,0,0,1,0,70.0,1,15.069999999999993,Normal Persistent Source,0,LOW
31.2496,76.92681,302.25,0.38,0.36,2026-08-13,2040,N21,VIIRS,n,2.0NRT,288.06,0.73,N,VIIRS_NOAA21_NRT,0.8307692307692308,13,,-12.129629629629637,Persistent / Stable,0,0.38,Ambuja Cements Limited,1,296.7,0,126.09,0,Industrial,0,1,-12.129629629629637,0.4,0,0,1,0,70.0,1,14.189999999999998,Normal Persistent Source,0,LOW
21.07399,85.03953,310.03,0.55,0.43,2026-09-04,1945,N20,VIIRS,n,2.0NRT,291.36,1.72,N,VIIRS_NOAA20_NRT,2.44,20,,-29.508196721311474,Persistent / Stable,0,4.26,Talcher Super Thermal Powerstation,0,23.26,0,139.52,0,Other,4,1,-29.508196721311474,0.5,0,0,1,0,70.0,1,18.66999999999996,Other Thermal Event,5,LOW
22.36405,87.01598,307.67,0.54,0.42,2026-09-05,2010,N21,VIIRS,n,2.0NRT,293.27,1.64,N,VIIRS_NOAA21_NRT,1.3695833333333336,24,,19.74444782476419,Persistent / Stable,0,24.55,Unnamed Industrial Feature,0,161.57,0,113.72,0,Other,4,1,19.74444782476419,0.69,0,0,1,0,70.0,1,14.400000000000034,Other Thermal Event,10,LOW
26.52291,90.5325,328.03,0.49,0.4,2026-09-03,2002,N20,VIIRS,n,2.0NRT,288.83,5.79,N,VIIRS_NOAA20_NRT,4.206666666666667,3,,37.63866877971473,Persistent / Stable,0,0.4,Bongaigaon Refinery,1,115.7,0,0.4,1,Industrial,0,1,37.63866877971473,1.11,0,0,1,0,70.0,1,39.19999999999999,Gas Flare,25,LOW
13.89865,76.5645,307.32,0.35,0.57,2026-09-05,2108,N20,VIIRS,n,2.0NRT,291.3,0.66,N,VIIRS_NOAA20_NRT,0.9814285714285714,7,,-32.751091703056765,Persistent / Stable,0,71.98,Ammasandra Cement Factory,0,107.29,0,161.39,0,Forest / Woodland,2,1,-32.751091703056765,0.33,0,0,1,0,70.0,1,16.019999999999982,Other Thermal Event,5,LOW
23.68417,86.39498,313.06,0.41,0.45,2026-08-22,1932,N21,VIIRS,n,2.0NRT,280.8,1.83,N,VIIRS_NOAA21_NRT,3.0147826086956524,92,,-39.299105855206236,Persistent / Stable,0,4.25,Unnamed Industrial Feature,0,4.38,1,197.21,0,Other,4,1,-39.299105855206236,0.46,0,0,1,0,70.0,1,32.25999999999999,Mining Activity,0,LOW
19.10381,82.16806,310.01,0.51,0.41,2026-09-06,1951,N21,VIIRS,n,2.0NRT,291.73,1.96,N,VIIRS_NOAA21_NRT,2.2891666666666666,36,,-14.379322897706587,Persistent / Stable,0,37.21,Unnamed Industrial Feature,0,182.31,0,75.38,0,Forest / Woodland,2,1,-14.379322897706587,0.6,0,0,1,0,70.0,1,18.279999999999973,Other Thermal Event,5,LOW
22.93195,69.69841,303.97,0.44,0.46,2026-09-01,2125,N21,VIIRS,n,2.0NRT,286.95,1.21,N,VIIRS_NOAA21_NRT,2.3864,25,,-49.29601072745559,Persistent / Stable,0,10.61,Mundra Port Industrial SEZ,0,33.17,0,54.75,0,Other,4,1,-49.29601072745559,0.36,0,0,1,0,70.0,1,17.02000000000004,Other Thermal Event,5,LOW
20.98905,85.12326,304.83,0.55,0.42,2026-08-19,1945,N20,VIIRS,n,2.0NRT,289.36,1.05,N,VIIRS_NOAA20_NRT,2.723333333333334,15,,-61.44430844553245,Persistent / Reduced,0,8.96,Unnamed Industrial Feature,0,10.94,0,152.3,0,Other,4,1,-61.44430844553245,0.28,0,0,1,0,70.0,1,15.46999999999997,Other Thermal Event,5,LOW
23.68659,87.12218,311.02,0.52,0.41,2026-09-05,2010,N21,VIIRS,n,2.0NRT,288.57,5.3,N,VIIRS_NOAA21_NRT,2.8711111111111105,54,,84.59752321981428,Abnormal Increase,0,0.76,Unnamed Industrial Feature,1,71.45,0,208.1,0,Industrial,0,1,84.59752321981428,1.37,0,0,1,0,70.0,1,22.44999999999999,Normal Persistent Source,10,LOW
22.33969,69.86611,315.85,0.43,0.46,2026-08-24,2036,N21,VIIRS,n,2.0NRT,294.07,2.69,N,VIIRS_NOAA21_NRT,3.7053846153846157,13,,-27.402947892879393,Persistent / Stable,0,0.33,Reliance Refinery,1,99.66,0,0.33,1,Industrial,0,1,-27.402947892879393,0.57,0,0,1,0,70.0,1,21.78000000000003,Gas Flare,20,LOW
20.88442,84.98401,312.42,0.55,0.51,2026-09-04,2029,N21,VIIRS,n,2.0NRT,290.17,2.55,N,VIIRS_NOAA21_NRT,2.8071428571428574,35,,-9.160305343511464,Persistent / Stable,0,1.06,Angul Steel Plant,1,25.57,0,150.52,0,Industrial,0,1,-9.160305343511464,0.67,0,0,1,0,70.0,1,22.25,Normal Persistent Source,0,LOW
23.66368,84.99961,304.65,0.42,0.38,2026-09-05,2010,N21,VIIRS,n,2.0NRT,290.89,0.9,N,VIIRS_NOAA21_NRT,1.2993333333333337,15,,-30.73370959466395,Persistent / Stable,0,23.53,Tori Power Project,0,92.46,0,219.24,0,Other,4,1,-30.73370959466395,0.39,0,0,1,0,70.0,1,13.759999999999991,Other Thermal Event,5,LOW
12.55405,79.97852,336.83,0.41,0.37,2026-09-01,809,N20,VIIRS,n,2.0NRT,306.29,6.11,D,VIIRS_NOAA20_NRT,6.11,1,,0.0,Single Historical Detection,0,19.8,TNSTC Bus Depot,0,50.71,0,69.97,0,Cropland / Agriculture,3,1,0.0,0.86,0,0,0,0,70.0,0,30.539999999999964,Agricultural Burning,0,LOW
21.11185,72.63676,305.79,0.45,0.39,2026-08-24,2036,N21,VIIRS,n,2.0NRT,286.44,2.38,N,VIIRS_NOAA21_NRT,4.870454545454545,154,,-51.133924405039664,Persistent / Reduced,0,0.76,ArcelorMittal Nippon Steel India,1,377.62,0,0.76,1,Industrial,0,1,-51.133924405039664,0.41,0,0,1,0,70.0,1,19.350000000000023,Gas Flare,20,LOW
12.03421,79.08394,335.8,0.42,0.38,2026-08-29,809,N21,VIIRS,n,2.0NRT,305.53,5.09,D,VIIRS_NOAA21_NRT,5.545,2,,-8.205590622182148,Persistent / Stable,0,64.73,Neyveli Lignite Corporation,0,80.68,0,163.49,0,Cropland / Agriculture,3,1,-8.205590622182148,0.78,0,0,1,0,70.0,0,30.27000000000004,Agricultural Burning,0,LOW
27.37869,95.33251,325.7,0.49,0.4,2026-08-10,1910,N20,VIIRS,n,2.0NRT,291.86,5.95,N,VIIRS_NOAA20_NRT,3.152,10,,88.76903553299492,Abnormal Increase,0,3.13,Unnamed Industrial Feature,0,576.79,0,28.35,0,Other,4,1,88.76903553299492,1.43,0,0,1,0,70.0,1,33.839999999999975,Other Thermal Event,20,LOW
12.96295,76.32122,331.95,0.38,0.43,2026-09-07,758,N20,VIIRS,n,2.0NRT,297.55,2.32,D,VIIRS_NOAA20_NRT,2.32,1,,0.0,Single Historical Detection,0,25.86,Akshayakalpa Farms & Food,0,119.18,0,119.18,0,Forest / Woodland,2,1,0.0,0.7,0,0,0,0,70.0,0,34.39999999999998,Agricultural Burning,0,LOW
23.75834,86.40134,333.68,0.38,0.36,2026-08-13,729,N20,VIIRS,n,2.0NRT,294.78,4.42,D,VIIRS_NOAA20_NRT,2.1719166666666667,120,,103.50688715804013,Abnormal Increase,0,4.63,Unnamed Industrial Feature,0,2.79,1,189.2,0,Mining,1,1,103.50688715804013,1.39,0,1,1,0,70.0,0,38.900000000000034,Mining Activity,15,LOW
21.87629,83.49454,311.43,0.43,0.46,2026-09-04,2029,N21,VIIRS,n,2.0NRT,290.43,2.1,N,VIIRS_NOAA21_NRT,1.6025,4,,31.04524180967239,Persistent / Stable,0,5.53,Unnamed Industrial Feature,0,77.78,0,55.19,0,Other,4,1,31.04524180967239,0.81,0,0,1,0,70.0,1,21.0,Agricultural Burning,0,LOW
21.98605,83.23032,306.78,0.49,0.48,2026-09-04,1945,N20,VIIRS,n,2.0NRT,288.47,1.53,N,VIIRS_NOAA20_NRT,2.5444444444444443,9,,-39.86899563318777,Persistent / Stable,0,0.49,Unnamed Industrial Feature,1,69.64,0,82.81,0,Industrial,0,1,-39.86899563318777,0.43,0,0,1,0,70.0,1,18.309999999999945,Normal Persistent Source,0,LOW
21.10088,72.63794,326.61,0.4,0.37,2026-08-29,2042,N21,VIIRS,n,2.0NRT,292.55,2.39,N,VIIRS_NOAA21_NRT,4.875096774193549,155,,-50.97533216875762,Persistent / Reduced,0,0.35,Essar Steel Hazira,1,378.75,0,0.24,1,Industrial,0,1,-50.97533216875762,0.41,0,0,1,0,70.0,1,34.06,Gas Flare,20,LOW
22.81455,86.08678,319.93,0.48,0.4,2026-09-05,2010,N21,VIIRS,n,2.0NRT,292.35,3.02,N,VIIRS_NOAA21_NRT,2.015,14,,49.8759305210918,Persistent / Stable,0,1.33,Unnamed Industrial Feature,1,99.87,0,220.82,0,Industrial,0,1,49.8759305210918,1.0,0,0,1,0,70.0,1,27.579999999999984,Normal Persistent Source,0,LOW
18.68135,73.03658,308.6,0.39,0.36,2026-08-26,2053,N20,VIIRS,n,2.0NRT,290.54,1.56,N,VIIRS_NOAA20_NRT,2.2832,50,,-31.67484232655921,Persistent / Stable,0,24.58,ONGC Uran Plant Maharashtra,0,548.42,0,24.32,0,Forest / Woodland,2,1,-31.67484232655921,0.48,0,0,1,0,70.0,1,18.060000000000002,Other Thermal Event,5,LOW
17.95493,80.79514,330.24,0.42,0.38,2026-08-11,805,N20,VIIRS,n,2.0NRT,297.51,4.55,D,VIIRS_NOAA20_NRT,2.7118181818181815,33,,67.78410995641973,Abnormal Increase,0,10.4,Aswapuram Heavy Water Plant,0,272.81,0,125.29,0,Other,4,1,67.78410995641973,1.23,0,0,1,0,70.0,0,32.73000000000002,Other Thermal Event,20,LOW
28.77802,76.94595,304.33,0.46,0.63,2026-09-06,1949,N21,VIIRS,n,2.0NRT,289.64,1.37,N,VIIRS_NOAA21_NRT,1.12,4,,22.32142857142857,Persistent / Stable,0,8.42,Bawana Industrial Area Delhi,0,39.85,0,68.17,0,Cropland / Agriculture,3,1,22.32142857142857,0.65,0,0,1,0,70.0,1,14.689999999999998,Agricultural Burning,0,LOW
23.61393,86.78837,302.67,0.49,0.65,2026-08-10,1913,N20,VIIRS,n,2.0NRT,275.77,0.51,N,VIIRS_NOAA20_NRT,1.69,13,,-69.8224852071006,Persistent / Reduced,0,10.36,Unnamed Industrial Feature,0,40.05,0,215.1,0,Other,4,1,-69.8224852071006,0.19,0,0,1,0,70.0,1,26.900000000000034,Other Thermal Event,5,LOW
21.1071,72.6448,333.63,0.45,0.39,2026-08-24,2036,N21,VIIRS,n,2.0NRT,286.64,5.21,N,VIIRS_NOAA21_NRT,4.875096774193549,155,,6.869673389444688,Persistent / Stable,0,0.33,ArcelorMittal Nippon Steel India,1,377.88,0,0.91,1,Industrial,0,1,6.869673389444688,0.89,0,0,1,0,70.0,1,46.99000000000001,Gas Flare,25,LOW
12.60272,76.67905,332.22,0.4,0.37,2026-08-10,822,N20,VIIRS,n,2.0NRT,298.64,2.11,D,VIIRS_NOAA20_NRT,2.11,1,,0.0,Single Historical Detection,0,16.04,Unnamed Industrial Feature,0,102.47,0,133.25,0,Forest / Woodland,2,1,0.0,0.68,0,0,0,0,70.0,0,33.58000000000004,Agricultural Burning,0,LOW
23.75422,85.85241,313.16,0.45,0.47,2026-08-22,1932,N21,VIIRS,n,2.0NRT,283.22,1.81,N,VIIRS_NOAA21_NRT,1.9751515151515153,33,,-8.361460570727223,Persistent / Stable,0,1.96,Unnamed Industrial Feature,1,5.13,0,187.67,0,Industrial,0,1,-8.361460570727223,0.61,0,0,1,0,70.0,1,29.939999999999998,Normal Persistent Source,0,LOW
15.33241,76.28778,304.18,0.53,0.42,2026-09-05,2012,N21,VIIRS,n,2.0NRT,291.44,1.25,N,VIIRS_NOAA21_NRT,1.33375,32,,-6.279287722586691,Persistent / Stable,0,32.66,APMC,0,47.91,0,261.16,0,Forest / Woodland,2,1,-6.279287722586691,0.54,0,0,1,0,70.0,1,12.740000000000009,Other Thermal Event,5,LOW
16.07799,79.995,336.81,0.52,0.41,2026-09-06,816,N20,VIIRS,n,2.0NRT,296.71,7.28,D,VIIRS_NOAA20_NRT,7.28,1,,0.0,Single Historical Detection,0,39.77,kummitha's farm,0,320.09,0,205.65,0,Cropland / Agriculture,3,1,0.0,0.88,0,0,0,0,70.0,0,40.10000000000002,Agricultural Burning,0,LOW
12.74508,78.65624,335.06,0.35,0.57,2026-09-03,731,N20,VIIRS,n,2.0NRT,292.08,4.03,D,VIIRS_NOAA20_NRT,4.03,1,,0.0,Single Historical Detection,0,26.86,Unnamed Industrial Feature,0,121.48,0,91.63,0,Cropland / Agriculture,3,1,0.0,0.8,0,0,0,0,70.0,0,42.98000000000002,Agricultural Burning,0,LOW
10.39844,79.4175,344.61,0.36,0.57,2026-08-10,726,N21,VIIRS,n,2.0NRT,293.66,4.2,D,VIIRS_NOAA21_NRT,4.046666666666667,3,,3.789126853377265,Persistent / Stable,0,36.5,Majestic Lumber Mill,0,155.2,0,62.16,0,Cropland / Agriculture,3,1,3.789126853377265,0.83,0,0,1,0,70.0,0,50.94999999999999,Agricultural Burning,0,LOW
14.60375,79.65997,333.91,0.48,0.4,2026-08-21,816,N20,VIIRS,n,2.0NRT,293.59,5.52,D,VIIRS_NOAA20_NRT,5.99,2,,-7.846410684474134,Persistent / Stable,0,41.18,Fodd Corporation of India Godowns,0,169.96,0,172.27,0,Cropland / Agriculture,3,1,-7.846410684474134,0.79,0,0,1,0,70.0,0,40.32000000000005,Agricultural Burning,0,LOW
23.65643,85.50846,301.58,0.42,0.45,2026-08-22,2027,N20,VIIRS,n,2.0NRT,272.26,0.71,N,VIIRS_NOAA20_NRT,1.07,10,,-33.644859813084125,Persistent / Stable,0,2.36,Ramgarh Industrial Area,1,41.5,0,205.1,0,Other,4,1,-33.644859813084125,0.34,0,0,1,0,70.0,1,29.319999999999993,Normal Persistent Source,0,LOW
29.45455,76.86482,306.95,0.49,0.48,2026-08-20,2008,N21,VIIRS,n,2.0NRT,288.8,4.5,N,VIIRS_NOAA21_NRT,11.98448275862069,29,,-62.451445835131636,Persistent / Reduced,0,11.89,Panipat IOCL Refinery,0,103.95,0,2.26,1,Cropland / Agriculture,3,1,-62.451445835131636,0.35,0,0,1,0,70.0,1,18.149999999999977,Gas Flare,5,LOW
34.47523,73.85731,331.54,0.42,0.38,2026-08-25,2108,N20,VIIRS,n,2.0NRT,291.71,6.61,N,VIIRS_NOAA20_NRT,5.282500000000001,4,,25.130146710837664,Persistent / Stable,0,280.1,Kathua Industrial Area,0,730.04,0,491.16,0,Other,4,1,25.130146710837664,1.05,0,0,1,0,70.0,1,39.83000000000004,Agricultural Burning,0,LOW
23.77553,86.36674,306.45,0.41,0.45,2026-08-22,1932,N21,VIIRS,n,2.0NRT,282.87,1.14,N,VIIRS_NOAA21_NRT,1.9236666666666666,30,,-40.73817362675447,Persistent / Stable,0,5.0,Unnamed Industrial Feature,0,6.71,0,186.71,0,Other,4,1,-40.73817362675447,0.39,0,0,1,0,70.0,1,23.579999999999984,Other Thermal Event,5,LOW
24.69158,73.00177,305.2,0.51,0.41,2026-09-02,2106,N21,VIIRS,n,2.0NRT,293.75,1.56,N,VIIRS_NOAA21_NRT,1.1736363636363636,11,,32.92021688613479,Persistent / Stable,0,29.26,India One,0,84.42,0,201.49,0,Other,4,1,32.92021688613479,0.72,0,0,1,0,70.0,1,11.449999999999989,Other Thermal Event,10,LOW
30.34867,74.23013,338.78,0.6,0.53,2026-08-26,731,N21,VIIRS,n,2.0NRT,299.85,6.85,D,VIIRS_NOAA21_NRT,4.56,2,,50.21929824561404,Abnormal Increase,0,66.6,Ambuja Fly Ash Cement Plant,0,355.14,0,75.19,0,Cropland / Agriculture,3,1,50.21929824561404,1.23,0,0,1,0,70.0,0,38.92999999999995,Agricultural Burning,10,LOW
13.09371,78.80157,334.78,0.5,0.41,2026-08-26,822,N20,VIIRS,n,2.0NRT,299.14,4.44,D,VIIRS_NOAA20_NRT,4.44,1,,0.0,Single Historical Detection,0,60.24,SIPCOT Ranipet Industrial Estate,0,134.9,0,104.04,0,Cropland / Agriculture,3,1,0.0,0.82,0,0,0,0,70.0,0,35.639999999999986,Agricultural Burning,0,LOW
20.96299,85.19049,336.16,0.43,0.38,2026-09-05,741,N21,VIIRS,n,2.0NRT,302.37,5.69,D,VIIRS_NOAA21_NRT,3.840166666666667,60,,48.17065231543769,Persistent / Stable,0,4.71,NTPC Talcher Thermal Power,0,3.39,1,159.43,0,Mining,1,1,48.17065231543769,1.18,0,0,1,0,70.0,0,33.79000000000002,Mining Activity,0,LOW
27.52248,72.41055,367.0,0.41,0.37,2026-09-01,813,N20,VIIRS,h,2.0NRT,311.22,5.92,D,VIIRS_NOAA20_NRT,5.92,1,,0.0,Single Historical Detection,0,45.94,Unnamed Industrial Feature,0,312.71,0,210.84,0,Other,4,1,0.0,0.86,0,0,0,0,95.0,0,55.77999999999997,Agricultural Burning,5,LOW
23.78097,86.21037,314.57,0.41,0.37,2026-08-15,2004,N21,VIIRS,n,2.0NRT,269.06,1.81,N,VIIRS_NOAA21_NRT,3.0518750000000003,48,,-40.69219741961909,Persistent / Stable,0,7.45,Unnamed Industrial Feature,0,17.73,0,184.14,0,Other,4,1,-40.69219741961909,0.45,0,0,1,0,70.0,1,45.50999999999999,Other Thermal Event,5,LOW
21.10867,72.64659,303.22,0.4,0.37,2026-08-23,2055,N21,VIIRS,n,2.0NRT,290.55,2.23,N,VIIRS_NOAA21_NRT,4.875096774193549,155,,-54.25731829971945,Persistent / Reduced,0,0.32,ArcelorMittal Nippon Steel India,1,377.66,0,1.14,1,Industrial,0,1,-54.25731829971945,0.38,0,0,1,0,70.0,1,12.670000000000016,Gas Flare,20,LOW
11.52499,77.67209,339.7,0.39,0.36,2026-08-21,816,N20,VIIRS,n,2.0NRT,306.95,5.68,D,VIIRS_NOAA20_NRT,5.725,2,,-0.7860262008733613,Persistent / Stable,0,15.42,Pallava Textiles (P) Limited,0,160.48,0,69.84,0,Cropland / Agriculture,3,1,-0.7860262008733613,0.84,0,0,1,0,70.0,0,32.75,Agricultural Burning,0,LOW
14.81743,79.59486,337.92,0.41,0.37,2026-09-01,809,N20,VIIRS,n,2.0NRT,302.29,3.1,D,VIIRS_NOAA20_NRT,3.1,1,,0.0,Single Historical Detection,0,57.87,COW Farm,0,194.49,0,196.91,0,Cropland / Agriculture,3,1,0.0,0.76,0,0,0,0,70.0,0,35.629999999999995,Agricultural Burning,0,LOW
13.16142,80.28265,304.07,0.49,0.65,2026-08-17,1928,N21,VIIRS,n,2.0NRT,287.6,3.98,N,VIIRS_NOAA21_NRT,2.2899999999999996,6,,73.79912663755461,Abnormal Increase,0,0.83,Unnamed Industrial Feature,1,5.14,0,1.64,1,Industrial,0,1,73.79912663755461,1.21,0,0,1,0,70.0,1,16.46999999999997,Gas Flare,35,LOW
10.9785,76.98156,335.4,0.56,0.43,2026-09-05,835,N20,VIIRS,n,2.0NRT,298.12,3.11,D,VIIRS_NOAA20_NRT,3.11,1,,0.0,Single Historical Detection,0,2.05,Stanes motors,1,84.44,0,12.18,0,Other,4,1,0.0,0.76,0,0,0,0,70.0,0,37.27999999999997,Other Thermal Event,5,LOW
23.75834,86.3959,295.73,0.5,0.41,2026-08-19,1945,N20,VIIRS,n,2.0NRT,263.94,0.45,N,VIIRS_NOAA20_NRT,2.236428571428571,112,,-79.87863302459279,Persistent / Reduced,0,5.02,Unnamed Industrial Feature,0,3.19,1,189.1,0,Mining,1,1,-79.87863302459279,0.14,0,0,1,0,70.0,1,31.79000000000002,Mining Activity,0,LOW
22.21166,84.84229,305.07,0.39,0.36,2026-08-10,1957,N21,VIIRS,n,2.0NRT,273.71,1.0,N,VIIRS_NOAA21_NRT,2.0266666666666664,15,,-50.6578947368421,Persistent / Reduced,0,1.43,Unnamed Industrial Feature,1,47.16,0,90.31,0,Industrial,0,1,-50.6578947368421,0.33,0,0,1,0,70.0,1,31.360000000000014,Normal Persistent Source,0,LOW
24.76296,74.6066,295.01,0.39,0.36,2026-08-29,2042,N21,VIIRS,n,2.0NRT,261.21,0.41,N,VIIRS_NOAA21_NRT,1.0876923076923075,13,,-62.30551626591231,Persistent / Reduced,0,41.07,Unnamed Industrial Feature,0,98.33,0,305.35,0,Cropland / Agriculture,3,1,-62.30551626591231,0.2,0,0,1,0,70.0,1,33.80000000000001,Other Thermal Event,5,LOW
10.44329,79.62807,335.68,0.39,0.36,2026-08-24,803,N21,VIIRS,n,2.0NRT,288.58,3.01,D,VIIRS_NOAA21_NRT,3.3449999999999998,4,,-10.014947683109119,Persistent / Stable,0,32.29,Majestic Lumber Mill,0,146.24,0,43.11,0,Cropland / Agriculture,3,1,-10.014947683109119,0.69,0,0,1,0,70.0,0,47.10000000000002,Agricultural Burning,0,LOW
27.37898,95.33293,305.35,0.49,0.49,2026-08-16,1858,N20,VIIRS,n,2.0NRT,288.02,2.55,N,VIIRS_NOAA20_NRT,3.152,10,,-19.098984771573612,Persistent / Stable,0,3.18,Unnamed Industrial Feature,0,576.84,0,28.31,0,Other,4,1,-19.098984771573612,0.61,0,0,1,0,70.0,1,17.33000000000004,Normal Persistent Source,0,LOW
20.79315,85.24971,302.34,0.72,0.75,2026-09-06,1906,N20,VIIRS,n,2.0NRT,283.59,4.78,N,VIIRS_NOAA20_NRT,4.227586206896552,58,,13.066884176182707,Persistent / Stable,0,1.55,Meramandali Power Station,1,17.71,0,152.99,0,Industrial,0,1,13.066884176182707,0.91,0,0,1,0,70.0,1,18.75,Normal Persistent Source,0,LOW
23.76658,86.3907,303.87,0.32,0.55,2026-09-05,1923,N20,VIIRS,n,2.0NRT,277.18,1.54,N,VIIRS_NOAA20_NRT,2.2241216216216215,148,,-30.759182185496854,Persistent / Stable,0,4.89,Unnamed Industrial Feature,0,4.2,1,188.11,0,Other,4,1,-30.759182185496854,0.48,0,0,1,0,70.0,1,26.689999999999998,Mining Activity,0,LOW
9.62576,77.42727,295.09,0.78,0.78,2026-08-22,2116,N21,VIIRS,n,2.0NRT,280.75,3.12,N,VIIRS_NOAA21_NRT,3.12,1,,0.0,Single Historical Detection,0,28.29,Bismi Chicken store,0,28.29,0,88.39,0,Other,4,1,0.0,0.76,0,0,0,0,70.0,1,14.339999999999975,Agricultural Burning,0,LOW
23.75229,86.4147,299.86,0.39,0.36,2026-08-13,1955,N20,VIIRS,n,2.0NRT,284.89,1.37,N,VIIRS_NOAA20_NRT,2.267204301075269,93,,-39.573156272231444,Persistent / Stable,0,4.45,Unnamed Industrial Feature,0,1.47,1,190.11,0,Mining,1,1,-39.573156272231444,0.42,0,0,1,0,70.0,1,14.970000000000027,Mining Activity,0,LOW
23.75485,85.85135,305.09,0.44,0.46,2026-08-22,2027,N20,VIIRS,n,2.0NRT,277.75,1.26,N,VIIRS_NOAA20_NRT,1.9751515151515153,33,,-36.20742559067199,Persistent / Stable,0,2.07,Unnamed Industrial Feature,1,5.24,0,187.61,0,Other,4,1,-36.20742559067199,0.42,0,0,1,0,70.0,1,27.339999999999975,Normal Persistent Source,0,LOW
31.49857,75.84365,330.44,0.47,0.4,2026-08-12,750,N20,VIIRS,l,2.0NRT,301.14,5.11,D,VIIRS_NOAA20_NRT,5.11,1,,0.0,Single Historical Detection,0,27.41,Unnamed Industrial Feature,0,351.39,0,130.55,0,Cropland / Agriculture,3,1,0.0,0.84,0,0,0,0,30.0,0,29.30000000000001,Agricultural Burning,0,LOW
20.52115,85.7233,306.01,0.5,0.41,2026-09-04,1945,N20,VIIRS,n,2.0NRT,290.54,0.8,N,VIIRS_NOAA20_NRT,0.8,1,,0.0,Single Historical Detection,0,0.53,Unnamed Industrial Feature,1,70.8,0,96.22,0,Industrial,0,1,0.0,0.44,0,0,0,0,70.0,1,15.46999999999997,Other Thermal Event,20,LOW
10.93692,78.46759,317.71,0.5,0.49,2026-08-29,2044,N21,VIIRS,n,2.0NRT,290.06,2.94,N,VIIRS_NOAA21_NRT,3.1633333333333336,6,,-7.060063224446794,Persistent / Stable,0,30.31,Trichy Steel Company,0,168.12,0,151.59,0,Cropland / Agriculture,3,1,-7.060063224446794,0.71,0,0,1,0,70.0,1,27.649999999999977,Other Thermal Event,5,LOW
15.024,78.01602,297.98,0.39,0.36,2026-08-17,2023,N20,VIIRS,n,2.0NRT,266.19,0.94,N,VIIRS_NOAA20_NRT,1.760526315789474,19,,-46.60687593423021,Persistent / Stable,0,72.39,Loco Shed,0,118.5,0,227.43,0,Cropland / Agriculture,3,1,-46.60687593423021,0.34,0,0,1,0,70.0,1,31.79000000000002,Other Thermal Event,5,LOW
15.17379,77.10085,306.8,0.48,0.4,2026-09-05,2012,N21,VIIRS,n,2.0NRT,292.81,1.56,N,VIIRS_NOAA21_NRT,1.3944827586206898,29,,11.869436201780406,Persistent / Stable,0,19.64,Bellary JSW Steel Plant,0,19.59,0,256.25,0,Cropland / Agriculture,3,1,11.869436201780406,0.65,0,0,1,0,70.0,1,13.990000000000009,Other Thermal Event,10,LOW
9.26581,77.91255,344.05,0.4,0.44,2026-08-28,828,N21,VIIRS,n,2.0NRT,295.15,5.95,D,VIIRS_NOAA21_NRT,5.95,1,,0.0,Single Historical Detection,0,10.21,Unnamed Industrial Feature,0,89.92,0,133.53,0,Other,4,1,0.0,0.86,0,0,0,0,70.0,0,48.900000000000034,Agricultural Burning,0,LOW
23.74444,85.50512,305.57,0.44,0.38,2026-08-20,2010,N21,VIIRS,n,2.0NRT,289.87,0.87,N,VIIRS_NOAA21_NRT,0.7633333333333333,6,,13.973799126637557,Persistent / Stable,0,3.08,Unnamed Industrial Feature,0,40.47,0,195.79,0,Other,4,1,13.973799126637557,0.49,0,0,1,0,70.0,1,15.699999999999989,Normal Persistent Source,0,LOW
23.76123,86.40075,303.17,0.59,0.7,2026-09-03,2049,N21,VIIRS,n,2.0NRT,271.55,2.55,N,VIIRS_NOAA21_NRT,2.1733057851239668,121,,17.33277560177967,Persistent / Stable,0,4.44,Unnamed Industrial Feature,0,3.07,1,188.88,0,Mining,1,1,17.33277560177967,0.8,0,0,1,0,70.0,1,31.620000000000005,Mining Activity,0,LOW
21.10128,72.65502,335.5,0.41,0.37,2026-09-06,818,N20,VIIRS,l,2.0NRT,299.25,5.59,D,VIIRS_NOAA20_NRT,5.1290000000000004,120,,8.988106843439255,Persistent / Stable,0,1.51,ArcelorMittal Nippon Steel India,1,378.18,0,1.56,1,Industrial,0,1,8.988106843439255,0.91,0,0,1,0,30.0,0,36.25,Gas Flare,15,LOW
23.77284,86.19653,298.99,0.41,0.37,2026-08-15,2004,N21,VIIRS,n,2.0NRT,270.23,1.2,N,VIIRS_NOAA21_NRT,3.0518750000000003,48,,-60.67990989146017,Persistent / Reduced,0,5.79,Unnamed Industrial Feature,0,18.33,0,184.93,0,Other,4,1,-60.67990989146017,0.3,0,0,1,0,70.0,1,28.75999999999999,Other Thermal Event,5,LOW
27.31678,95.26754,311.22,0.47,0.4,2026-08-19,1942,N20,VIIRS,n,2.0NRT,289.96,2.63,N,VIIRS_NOAA20_NRT,2.098095238095238,21,,25.351793009532454,Persistent / Stable,0,6.06,Unnamed Industrial Feature,0,568.59,0,35.69,0,Other,4,1,25.351793009532454,0.85,0,0,1,0,70.0,1,21.260000000000048,Other Thermal Event,10,LOW
23.76064,86.4042,333.93,0.44,0.39,2026-08-23,739,N20,VIIRS,n,2.0NRT,294.65,5.23,D,VIIRS_NOAA20_NRT,2.162396694214876,121,,141.86126504872925,Abnormal Increase,0,4.24,Unnamed Industrial Feature,0,2.8,1,189.0,0,Mining,1,1,141.86126504872925,1.65,0,1,1,0,70.0,0,39.28000000000003,Mining Activity,15,LOW
15.56125,76.03621,343.31,0.41,0.37,2026-08-10,822,N20,VIIRS,n,2.0NRT,295.74,7.6,D,VIIRS_NOAA20_NRT,4.0225,4,,88.93722809198259,Abnormal Increase,0,44.82,APMC Yard,0,84.75,0,274.83,0,Forest / Woodland,2,1,88.93722809198259,1.51,0,0,1,0,70.0,0,47.56999999999999,Agricultural Burning,10,LOW
14.48702,78.5662,332.82,0.43,0.38,2026-09-06,816,N20,VIIRS,n,2.0NRT,295.59,3.75,D,VIIRS_NOAA20_NRT,3.75,1,,0.0,Single Historical Detection,0,123.96,TTD Transport Yard,0,191.7,0,184.15,0,Cropland / Agriculture,3,1,0.0,0.79,0,0,0,0,70.0,0,37.23000000000002,Agricultural Burning,0,LOW
22.87717,86.06215,314.57,0.33,0.55,2026-09-05,1925,N20,VIIRS,n,2.0NRT,290.6,1.64,N,VIIRS_NOAA20_NRT,2.0949999999999998,10,,-21.718377088305484,Persistent / Stable,0,0.39,Unnamed Industrial Feature,1,93.92,0,225.93,0,Industrial,0,1,-21.718377088305484,0.53,0,0,1,0,70.0,1,23.96999999999997,Normal Persistent Source,0,LOW
22.93445,69.69788,330.6,0.4,0.37,2026-08-25,2112,N20,VIIRS,n,2.0NRT,293.92,3.76,N,VIIRS_NOAA20_NRT,2.3864,25,,57.55950385517934,Abnormal Increase,0,10.89,Mundra Port Industrial SEZ,0,32.9,0,55.03,0,Other,4,1,57.55950385517934,1.11,0,0,1,0,70.0,1,36.68000000000001,Other Thermal Event,20,LOW
26.08573,93.95238,301.27,0.41,0.37,2026-08-12,1917,N21,VIIRS,n,2.0NRT,284.33,1.25,N,VIIRS_NOAA21_NRT,1.25,1,,0.0,Single Historical Detection,0,19.86,Unnamed Industrial Feature,0,412.47,0,57.63,0,Forest / Woodland,2,1,0.0,0.56,0,0,0,0,70.0,1,16.939999999999998,Agricultural Burning,0,LOW
15.17814,76.67706,295.31,0.43,0.38,2026-08-16,2042,N20,VIIRS,n,2.0NRT,269.5,1.03,N,VIIRS_NOAA20_NRT,2.3584810126582276,158,,-56.32782310004293,Persistent / Reduced,0,20.4,Food Corporation of India,0,23.92,0,267.5,0,Forest / Woodland,2,1,-56.32782310004293,0.31,0,0,1,0,70.0,1,25.810000000000002,Other Thermal Event,5,LOW
15.07322,76.86325,302.44,0.72,0.76,2026-09-04,2125,N20,VIIRS,n,2.0NRT,288.4,1.44,N,VIIRS_NOAA20_NRT,1.33,10,,8.270676691729314,Persistent / Stable,0,9.65,Bellary JSW Steel Plant,0,10.49,0,255.17,0,Forest / Woodland,2,1,8.270676691729314,0.62,0,0,1,0,70.0,1,14.04000000000002,Other Thermal Event,10,LOW
23.68847,86.08707,304.31,0.43,0.46,2026-08-22,1932,N21,VIIRS,n,2.0NRT,280.98,1.1,N,VIIRS_NOAA21_NRT,2.6071621621621617,74,,-57.80853159176902,Persistent / Reduced,0,1.57,Bokaro Steel Plant,1,16.46,0,193.82,0,Industrial,0,1,-57.80853159176902,0.3,0,0,1,0,70.0,1,23.329999999999984,Normal Persistent Source,0,LOW
9.55482,77.5139,324.17,0.38,0.36,2026-09-02,2025,N20,VIIRS,n,2.0NRT,285.49,2.42,N,VIIRS_NOAA20_NRT,2.025,14,,19.506172839506174,Persistent / Stable,0,27.02,Unnamed Industrial Feature,0,38.19,0,94.37,0,Other,4,1,19.506172839506174,0.8,0,0,1,0,70.0,1,38.68000000000001,Other Thermal Event,10,LOW
9.4671,77.59164,367.0,0.37,0.58,2026-09-08,737,N20,VIIRS,h,2.0NRT,302.52,6.33,D,VIIRS_NOAA20_NRT,5.786666666666666,3,,9.389400921658996,Persistent / Stable,0,14.07,Unnamed Industrial Feature,0,48.84,0,100.17,0,Other,4,1,9.389400921658996,0.93,0,0,1,0,95.0,0,64.48000000000002,Agricultural Burning,10,LOW
22.04097,83.73392,298.73,0.57,0.52,2026-09-07,1932,N21,VIIRS,n,2.0NRT,277.79,1.43,N,VIIRS_NOAA21_NRT,1.549,10,,-7.6823757262750165,Persistent / Stable,0,16.48,Hemgir Coal Washery,0,107.67,0,33.91,0,Other,4,1,-7.6823757262750165,0.56,0,0,1,0,70.0,1,20.939999999999998,Other Thermal Event,5,LOW
14.21533,79.22138,330.46,0.57,0.52,2026-08-12,830,N21,VIIRS,n,2.0NRT,287.01,2.86,D,VIIRS_NOAA21_NRT,2.51,2,,13.944223107569725,Persistent / Stable,0,61.88,TTD Transport Yard,0,162.66,0,162.36,0,Cropland / Agriculture,3,1,13.944223107569725,0.81,0,0,1,0,70.0,0,43.44999999999999,Agricultural Burning,0,LOW
15.17676,76.65635,320.65,0.43,0.38,2026-08-25,2017,N21,VIIRS,n,2.0NRT,291.17,2.56,N,VIIRS_NOAA21_NRT,2.6169680851063832,188,,-2.1768735136893103,Persistent / Stable,0,22.61,Food Corporation of India,0,22.72,0,266.1,0,Forest / Woodland,2,1,-2.1768735136893103,0.71,0,0,1,0,70.0,1,29.47999999999996,Other Thermal Event,5,LOW
21.75567,84.02476,307.75,0.41,0.37,2026-09-05,2010,N21,VIIRS,n,2.0NRT,292.57,2.65,N,VIIRS_NOAA21_NRT,2.5425,24,,4.228121927236969,Persistent / Stable,0,0.81,Bhushan Power & Steel,1,112.95,0,16.67,0,Industrial,0,1,4.228121927236969,0.75,0,0,1,0,70.0,1,15.180000000000007,Normal Persistent Source,0,LOW
15.82483,79.87877,295.87,0.34,0.56,2026-08-11,1940,N21,VIIRS,n,2.0NRT,285.76,1.82,N,VIIRS_NOAA21_NRT,2.3966666666666665,3,,-24.061196105702358,Persistent / Stable,0,9.07,kummitha's farm,0,293.89,0,220.33,0,Cropland / Agriculture,3,1,-24.061196105702358,0.54,0,0,1,0,70.0,1,10.110000000000014,Agricultural Burning,0,LOW
14.93165,78.33964,306.82,0.43,0.38,2026-08-11,2036,N20,VIIRS,n,2.0NRT,293.13,2.28,N,VIIRS_NOAA20_NRT,1.2899999999999998,2,,76.74418604651164,Abnormal Increase,0,105.71,Unnamed Industrial Feature,0,154.37,0,222.85,0,Cropland / Agriculture,3,1,76.74418604651164,1.0,0,0,1,0,70.0,1,13.689999999999998,Agricultural Burning,10,LOW
21.1022,72.63403,303.0,0.46,0.39,2026-09-05,2106,N20,VIIRS,n,2.0NRT,289.7,2.97,N,VIIRS_NOAA20_NRT,4.870454545454545,154,,-39.02006532897806,Persistent / Stable,0,0.29,Essar Steel Hazira,1,378.73,0,0.39,1,Industrial,0,1,-39.02006532897806,0.51,0,0,1,0,70.0,1,13.300000000000011,Gas Flare,20,LOW
26.25158,73.33974,334.79,0.43,0.46,2026-09-02,756,N20,VIIRS,n,2.0NRT,301.21,5.6,D,VIIRS_NOAA20_NRT,5.6,1,,0.0,Single Historical Detection,0,49.42,Unnamed Industrial Feature,0,215.39,0,202.99,0,Other,4,1,0.0,0.85,0,0,0,0,70.0,0,33.58000000000004,Agricultural Burning,0,LOW
21.21967,81.39117,307.04,0.39,0.36,2026-08-12,2017,N20,VIIRS,n,2.0NRT,289.54,0.82,N,VIIRS_NOAA20_NRT,0.82,1,,0.0,Single Historical Detection,0,0.92,Unnamed Industrial Feature,1,171.02,0,283.2,0,Industrial,0,1,0.0,0.45,0,0,0,0,70.0,1,17.5,Other Thermal Event,20,LOW
20.96747,85.14973,315.34,0.57,0.52,2026-09-04,2029,N21,VIIRS,n,2.0NRT,289.71,2.82,N,VIIRS_NOAA21_NRT,3.5956410256410263,39,,-21.57170362975114,Persistent / Stable,0,5.73,Unnamed Industrial Feature,0,7.55,0,155.95,0,Other,4,1,-21.57170362975114,0.61,0,0,1,0,70.0,1,25.629999999999995,Other Thermal Event,5,LOW
20.86389,84.99117,309.71,0.44,0.63,2026-09-06,2049,N20,VIIRS,n,2.0NRT,286.74,1.7,N,VIIRS_NOAA20_NRT,3.152708333333333,48,,-46.078107447300596,Persistent / Stable,0,1.34,Angul Steel Plant,1,25.63,0,152.74,0,Industrial,0,1,-46.078107447300596,0.41,0,0,1,0,70.0,1,22.96999999999997,Normal Persistent Source,0,LOW
16.17167,74.87211,335.74,0.5,0.41,2026-09-05,835,N20,VIIRS,n,2.0NRT,300.34,3.47,D,VIIRS_NOAA20_NRT,3.47,1,,0.0,Single Historical Detection,0,46.24,Hindalco,0,208.82,0,331.85,0,Forest / Woodland,2,1,0.0,0.78,0,0,0,0,70.0,0,35.400000000000034,Agricultural Burning,0,LOW
14.41287,78.34174,339.28,0.42,0.38,2026-09-06,816,N20,VIIRS,n,2.0NRT,295.97,4.97,D,VIIRS_NOAA20_NRT,5.015,2,,-0.8973080757726806,Persistent / Stable,0,129.73,Chikkaballapura Industrial Area,0,173.45,0,167.49,0,Cropland / Agriculture,3,1,-0.8973080757726806,0.83,0,0,1,0,70.0,0,43.309999999999945,Agricultural Burning,0,LOW
21.10406,72.64688,311.77,0.35,0.57,2026-09-05,2010,N21,VIIRS,n,2.0NRT,290.06,3.22,N,VIIRS_NOAA21_NRT,4.875096774193549,155,,-33.950029114393104,Persistent / Stable,0,0.72,ArcelorMittal Nippon Steel India,1,378.14,0,0.84,1,Industrial,0,1,-33.950029114393104,0.55,0,0,1,0,70.0,1,21.70999999999998,Gas Flare,20,LOW
21.68093,84.03916,306.01,0.44,0.38,2026-09-06,1951,N21,VIIRS,n,2.0NRT,291.78,2.02,N,VIIRS_NOAA21_NRT,2.8263157894736843,19,,-28.52886405959032,Persistent / Stable,0,6.3,Unnamed Industrial Feature,0,111.06,0,25.0,0,Other,4,1,-28.52886405959032,0.53,0,0,1,0,70.0,1,14.230000000000018,Other Thermal Event,5,LOW
21.37957,81.68008,298.36,0.38,0.59,2026-09-07,1932,N21,VIIRS,n,2.0NRT,276.57,0.25,N,VIIRS_NOAA21_NRT,2.0876923076923077,13,,-88.02505526897568,Persistent / Reduced,0,2.15,Unnamed Industrial Feature,1,140.79,0,249.67,0,Other,4,1,-88.02505526897568,0.08,0,0,1,0,70.0,1,21.79000000000002,Normal Persistent Source,0,LOW
29.90928,74.94781,321.89,0.45,0.39,2026-08-20,2104,N20,VIIRS,n,2.0NRT,291.81,2.52,N,VIIRS_NOAA20_NRT,5.1780952380952385,21,,-51.33345594997242,Persistent / Reduced,0,28.25,Hindustan Petroleum Oil Depot,0,270.7,0,28.25,0,Cropland / Agriculture,3,1,-51.33345594997242,0.41,0,0,1,0,70.0,1,30.079999999999984,Other Thermal Event,5,LOW
15.75735,79.76363,336.35,0.41,0.45,2026-08-10,822,N20,VIIRS,n,2.0NRT,301.69,3.92,D,VIIRS_NOAA20_NRT,5.555,4,,-29.432943294329434,Persistent / Stable,0,7.56,kummitha's farm,0,288.82,0,220.1,0,Cropland / Agriculture,3,1,-29.432943294329434,0.6,0,0,1,0,70.0,0,34.660000000000025,Agricultural Burning,0,LOW
14.33125,77.40359,345.33,0.44,0.39,2026-08-10,822,N20,VIIRS,n,2.0NRT,301.16,5.09,D,VIIRS_NOAA20_NRT,5.09,2,,0.0,Persistent / Stable,0,93.89,Loco Shed,0,104.85,0,157.09,0,Cropland / Agriculture,3,1,0.0,0.84,0,0,1,0,70.0,0,44.16999999999996,Agricultural Burning,0,LOW
21.92088,83.35279,313.94,0.6,0.53,2026-09-07,1932,N21,VIIRS,n,2.0NRT,285.99,2.88,N,VIIRS_NOAA21_NRT,2.8140740740740733,27,,2.342721768886574,Persistent / Stable,0,0.9,Jindal Steel Works,1,74.29,0,69.73,0,Industrial,0,1,2.342721768886574,0.76,0,0,1,0,70.0,1,27.94999999999999,Normal Persistent Source,0,LOW
14.42585,77.91759,342.18,0.38,0.59,2026-08-10,729,N21,VIIRS,n,2.0NRT,296.78,4.76,D,VIIRS_NOAA21_NRT,4.76,1,,0.0,Single Historical Detection,0,102.59,Loco Shed,0,134.11,0,160.37,0,Cropland / Agriculture,3,1,0.0,0.83,0,0,0,0,70.0,0,45.400000000000034,Agricultural Burning,0,LOW
9.55699,78.28705,331.02,0.56,0.69,2026-08-21,720,N21,VIIRS,n,2.0NRT,283.98,2.68,D,VIIRS_NOAA21_NRT,5.675,2,,-52.77533039647576,Persistent / Reduced,0,44.76,Tourist bus parking,0,122.63,0,177.0,0,Other,4,1,-52.77533039647576,0.4,0,0,1,0,70.0,0,47.039999999999964,Agricultural Burning,0,LOW
13.15991,80.28368,303.75,0.38,0.43,2026-08-11,2036,N20,VIIRS,n,2.0NRT,278.56,1.01,N,VIIRS_NOAA20_NRT,2.2899999999999996,6,,-55.895196506550214,Persistent / Reduced,0,0.94,Unnamed Industrial Feature,1,5.21,0,1.84,1,Industrial,0,1,-55.895196506550214,0.31,0,0,1,0,70.0,1,25.189999999999998,Gas Flare,20,LOW
21.87702,83.49468,312.44,0.34,0.56,2026-09-06,2046,N20,VIIRS,n,2.0NRT,287.18,1.73,N,VIIRS_NOAA20_NRT,1.6025,4,,7.956318252730106,Persistent / Stable,0,5.51,Unnamed Industrial Feature,0,77.85,0,55.17,0,Other,4,1,7.956318252730106,0.66,0,0,1,0,70.0,1,25.25999999999999,Agricultural Burning,0,LOW
31.16984,75.04272,335.59,0.51,0.41,2026-09-03,822,N21,VIIRS,n,2.0NRT,296.53,4.87,D,VIIRS_NOAA21_NRT,4.87,1,,0.0,Single Historical Detection,0,32.23,Rail Coach Factory - RCF Kapurthala,0,359.13,0,112.26,0,Cropland / Agriculture,3,1,0.0,0.83,0,0,0,0,70.0,0,39.06,Agricultural Burning,0,LOW
21.74427,83.8424,321.89,0.45,0.39,2026-09-06,1951,N21,VIIRS,n,2.0NRT,292.42,3.14,N,VIIRS_NOAA21_NRT,4.855753424657536,73,,-35.33444297119645,Persistent / Stable,0,6.4,Unnamed Industrial Feature,0,95.63,0,26.28,0,Other,4,1,-35.33444297119645,0.54,0,0,1,0,70.0,1,29.46999999999997,Other Thermal Event,5,LOW
15.18017,76.67442,312.62,0.42,0.38,2026-09-02,2023,N20,VIIRS,n,2.0NRT,286.62,1.49,N,VIIRS_NOAA20_NRT,2.479408602150538,186,,-39.905024177635156,Persistent / Stable,0,20.69,Food Corporation of India,0,23.97,0,267.52,0,Forest / Woodland,2,1,-39.905024177635156,0.43,0,0,1,0,70.0,1,26.0,Other Thermal Event,5,LOW
14.78736,79.80198,330.46,0.4,0.44,2026-09-03,818,N21,VIIRS,n,2.0NRT,289.61,3.45,D,VIIRS_NOAA21_NRT,3.49,2,,-1.1461318051575942,Persistent / Stable,0,44.24,COW Farm,0,183.42,0,186.5,0,Cropland / Agriculture,3,1,-1.1461318051575942,0.77,0,0,1,0,70.0,0,40.849999999999966,Agricultural Burning,0,LOW
15.18193,76.67715,300.0,0.5,0.41,2026-08-13,2044,N21,VIIRS,n,2.0NRT,273.07,1.93,N,VIIRS_NOAA21_NRT,2.3677124183006537,153,,-18.486722243692384,Persistent / Stable,0,20.41,Food Corporation of India,0,24.29,0,267.85,0,Forest / Woodland,2,1,-18.486722243692384,0.57,0,0,1,0,70.0,1,26.930000000000007,Other Thermal Event,5,LOW
12.54379,79.81878,332.84,0.5,0.66,2026-08-16,714,N21,VIIRS,n,2.0NRT,291.18,2.73,D,VIIRS_NOAA21_NRT,2.73,1,,0.0,Single Historical Detection,0,29.55,Unnamed Industrial Feature,0,60.93,0,80.18,0,Cropland / Agriculture,3,1,0.0,0.73,0,0,0,0,70.0,0,41.65999999999997,Agricultural Burning,0,LOW
15.18708,76.67549,304.11,0.42,0.38,2026-09-02,2023,N20,VIIRS,n,2.0NRT,287.53,1.0,N,VIIRS_NOAA20_NRT,2.48421875,128,,-59.7458959682999,Persistent / Reduced,0,20.64,Food Corporation of India,0,24.7,0,268.21,0,Forest / Woodland,2,1,-59.7458959682999,0.29,0,0,1,0,70.0,1,16.58000000000004,Other Thermal Event,5,LOW
15.13799,76.7103,303.41,0.51,0.41,2026-08-21,2051,N20,VIIRS,n,2.0NRT,290.44,0.82,N,VIIRS_NOAA20_NRT,0.852,10,,-3.7558685446009425,Persistent / Stable,0,17.13,Food Corporation of India,0,22.55,0,265.97,0,Forest / Woodland,2,1,-3.7558685446009425,0.44,0,0,1,0,70.0,1,12.970000000000027,Other Thermal Event,5,LOW
23.68335,86.0926,316.53,0.34,0.56,2026-08-20,1923,N20,VIIRS,n,2.0NRT,286.62,2.0,N,VIIRS_NOAA20_NRT,2.4840506329113925,79,,-19.4863432531594,Persistent / Stable,0,0.99,Bokaro Steel Plant,1,17.25,0,194.4,0,Industrial,0,1,-19.4863432531594,0.57,0,0,1,0,70.0,1,29.909999999999968,Normal Persistent Source,0,LOW
15.16943,76.71198,304.01,0.39,0.36,2026-08-14,2025,N21,VIIRS,n,2.0NRT,290.34,0.75,N,VIIRS_NOAA21_NRT,0.9716666666666667,6,,-22.81303602058319,Persistent / Stable,0,16.62,Food Corporation of India,0,22.43,0,268.9,0,Forest / Woodland,2,1,-22.81303602058319,0.38,0,0,1,0,70.0,1,13.670000000000016,Other Thermal Event,5,LOW
15.18064,76.66591,324.76,0.42,0.45,2026-09-03,2049,N21,VIIRS,n,2.0NRT,290.71,2.2,N,VIIRS_NOAA21_NRT,2.450132743362832,226,,-10.208946598522749,Persistent / Stable,0,21.61,Food Corporation of India,0,23.57,0,267.04,0,Forest / Woodland,2,1,-10.208946598522749,0.64,0,0,1,0,70.0,1,34.05000000000001,Other Thermal Event,5,LOW
26.60473,73.68454,305.84,0.4,0.37,2026-08-31,2057,N20,VIIRS,n,2.0NRT,293.13,0.89,N,VIIRS_NOAA20_NRT,0.8142857142857144,7,,9.298245614035075,Persistent / Stable,0,55.38,Unnamed Industrial Feature,0,250.81,0,246.38,0,Other,4,1,9.298245614035075,0.49,0,0,1,0,70.0,1,12.70999999999998,Other Thermal Event,10,LOW
14.26653,79.79261,333.38,0.49,0.49,2026-08-23,824,N21,VIIRS,n,2.0NRT,284.37,2.2,D,VIIRS_NOAA21_NRT,2.2,1,,0.0,Single Historical Detection,0,17.3,Fodd Corporation of India Godowns,0,129.97,0,132.17,0,Cropland / Agriculture,3,1,0.0,0.69,0,0,0,0,70.0,0,49.00999999999999,Agricultural Burning,0,LOW
23.56006,87.23399,310.14,0.53,0.42,2026-09-05,2010,N21,VIIRS,n,2.0NRT,291.54,2.63,N,VIIRS_NOAA21_NRT,2.9255263157894738,38,,-10.101646127552403,Persistent / Stable,0,3.1,Durgapur Steel Thermal Power Station,0,85.29,0,190.39,0,Other,4,1,-10.101646127552403,0.67,0,0,1,0,70.0,1,18.599999999999966,Normal Persistent Source,0,LOW
21.92807,85.22208,307.39,0.4,0.37,2026-09-06,1951,N21,VIIRS,n,2.0NRT,291.47,1.84,N,VIIRS_NOAA21_NRT,1.8470588235294119,17,,-0.3821656050955424,Persistent / Stable,0,4.28,Kalta Mines Office,0,4.28,1,122.97,0,Other,4,1,-0.3821656050955424,0.65,0,0,1,0,70.0,1,15.919999999999959,Mining Activity,0,LOW
10.40929,79.80421,338.02,0.44,0.46,2026-09-08,822,N21,VIIRS,n,2.0NRT,304.04,3.37,D,VIIRS_NOAA21_NRT,3.37,1,,0.0,Single Historical Detection,0,40.05,CPCL Nagapattinam,0,149.29,0,40.05,0,Cropland / Agriculture,3,1,0.0,0.77,0,0,0,0,70.0,0,33.97999999999996,Agricultural Burning,0,LOW
16.7619,79.13581,341.31,0.47,0.4,2026-08-29,811,N21,VIIRS,n,2.0NRT,296.11,5.96,D,VIIRS_NOAA21_NRT,5.96,1,,0.0,Single Historical Detection,0,17.32,Nagarjunasagar Left Canal power plant,0,297.05,0,89.85,0,Cropland / Agriculture,3,1,0.0,0.86,0,0,0,0,70.0,0,45.19999999999999,Agricultural Burning,0,LOW
23.75704,85.85133,309.4,0.45,0.39,2026-09-05,2010,N21,VIIRS,n,2.0NRT,289.26,1.52,N,VIIRS_NOAA21_NRT,1.9751515151515153,33,,-23.043878490334464,Persistent / Stable,0,2.12,Unnamed Industrial Feature,1,5.27,0,187.37,0,Other,4,1,-23.043878490334464,0.51,0,0,1,0,70.0,1,20.139999999999986,Normal Persistent Source,0,LOW
15.60812,79.18585,330.25,0.56,0.43,2026-08-10,822,N20,VIIRS,n,2.0NRT,293.02,3.6,D,VIIRS_NOAA20_NRT,5.085,2,,-29.203539823008846,Persistent / Stable,0,40.05,Unnamed Industrial Feature,0,248.21,0,212.2,0,Cropland / Agriculture,3,1,-29.203539823008846,0.59,0,0,1,0,70.0,0,37.23000000000002,Agricultural Burning,0,LOW
9.76584,77.51328,308.24,0.4,0.6,2026-08-19,1949,N20,VIIRS,n,2.0NRT,276.11,1.12,N,VIIRS_NOAA20_NRT,5.6816666666666675,6,,-80.28747433264887,Persistent / Reduced,0,41.53,Bismi Chicken store,0,41.53,0,103.99,0,Other,4,1,-80.28747433264887,0.17,0,0,1,0,70.0,1,32.129999999999995,Other Thermal Event,5,LOW
23.67785,86.0712,305.14,0.34,0.56,2026-08-20,1923,N20,VIIRS,n,2.0NRT,286.53,0.74,N,VIIRS_NOAA20_NRT,2.4074999999999998,40,,-69.26272066458982,Persistent / Reduced,0,2.45,Unnamed Industrial Feature,1,16.04,0,194.98,0,Other,4,1,-69.26272066458982,0.22,0,0,1,0,70.0,1,18.610000000000014,Normal Persistent Source,0,LOW
25.94196,72.19294,305.95,0.53,0.42,2026-08-24,2034,N21,VIIRS,n,2.0NRT,294.78,1.97,N,VIIRS_NOAA21_NRT,1.6684374999999998,32,,18.074545795092728,Persistent / Stable,0,10.58,Industrial Area,0,139.72,0,84.59,0,Other,4,1,18.074545795092728,0.74,0,0,1,0,70.0,1,11.170000000000016,Other Thermal Event,10,LOW
21.10028,72.63832,336.63,0.52,0.42,2026-08-25,843,N20,VIIRS,n,2.0NRT,288.5,6.64,D,VIIRS_NOAA20_NRT,4.875096774193549,155,,36.20242443491606,Persistent / Stable,0,0.37,Essar Steel Hazira,1,378.8,0,0.18,1,Industrial,0,1,36.20242443491606,1.13,0,0,1,0,70.0,0,48.129999999999995,Gas Flare,25,LOW
21.80075,83.89083,331.1,0.4,0.37,2026-09-05,741,N21,VIIRS,n,2.0NRT,299.07,4.61,D,VIIRS_NOAA21_NRT,2.977333333333333,15,,54.83654276757727,Abnormal Increase,0,1.78,Unnamed Industrial Feature,1,103.11,0,18.38,0,Industrial,0,1,54.83654276757727,1.16,0,0,1,0,70.0,0,32.03000000000003,Normal Persistent Source,10,LOW
21.07721,85.04541,308.77,0.55,0.43,2026-09-04,1945,N20,VIIRS,n,2.0NRT,291.34,1.64,N,VIIRS_NOAA20_NRT,2.44,20,,-32.786885245901644,Persistent / Stable,0,3.55,Talcher Super Thermal Powerstation,0,22.99,0,139.74,0,Other,4,1,-32.786885245901644,0.48,0,0,1,0,70.0,1,17.430000000000007,Other Thermal Event,5,LOW
10.98517,78.24707,335.45,0.41,0.6,2026-08-18,731,N20,VIIRS,n,2.0NRT,293.1,2.76,D,VIIRS_NOAA20_NRT,4.925,2,,-43.95939086294416,Persistent / Stable,0,28.33,TNPL Paper Mill,0,186.29,0,127.34,0,Cropland / Agriculture,3,1,-43.95939086294416,0.47,0,0,1,0,70.0,0,42.349999999999966,Agricultural Burning,0,LOW
24.6637,74.63227,299.05,0.46,0.47,2026-09-02,2021,N20,VIIRS,n,2.0NRT,279.41,1.44,N,VIIRS_NOAA20_NRT,1.47,8,,-2.040816326530614,Persistent / Stable,0,31.37,Unnamed Industrial Feature,0,96.13,0,297.2,0,Cropland / Agriculture,3,1,-2.040816326530614,0.58,0,0,1,0,70.0,1,19.639999999999986,Other Thermal Event,5,LOW
23.66634,87.15578,317.36,0.57,0.52,2026-09-05,1923,N20,VIIRS,n,2.0NRT,290.2,4.75,N,VIIRS_NOAA20_NRT,2.5206666666666666,30,,88.44221105527639,Abnormal Increase,0,4.69,Unnamed Industrial Feature,0,75.23,0,204.53,0,Other,4,1,88.44221105527639,1.35,0,0,1,0,70.0,1,27.160000000000025,Other Thermal Event,20,LOW
28.34659,77.23032,322.88,0.39,0.37,2026-09-06,2046,N20,VIIRS,n,2.0NRT,292.35,1.97,N,VIIRS_NOAA20_NRT,1.1860000000000002,5,,66.10455311973016,Abnormal Increase,0,3.83,Unnamed Industrial Feature,0,29.13,0,104.49,0,Cropland / Agriculture,3,1,66.10455311973016,0.9,0,0,1,0,70.0,1,30.529999999999973,Agricultural Burning,10,LOW
11.48553,79.03905,333.95,0.51,0.5,2026-08-28,830,N21,VIIRS,n,2.0NRT,293.93,1.84,D,VIIRS_NOAA21_NRT,2.185,2,,-15.789473684210526,Persistent / Stable,0,24.67,Ramco Cements,0,84.6,0,118.79,0,Cropland / Agriculture,3,1,-15.789473684210526,0.58,0,0,1,0,70.0,0,40.01999999999998,Agricultural Burning,0,LOW
23.69493,87.11353,307.16,0.58,0.52,2026-09-05,1923,N20,VIIRS,n,2.0NRT,289.52,2.3,N,VIIRS_NOAA20_NRT,2.753898305084745,59,,-16.482028557360888,Persistent / Stable,0,0.42,Unnamed Industrial Feature,1,70.43,0,209.33,0,Industrial,0,1,-16.482028557360888,0.61,0,0,1,0,70.0,1,17.640000000000043,Normal Persistent Source,0,LOW
12.81844,79.32784,330.65,0.44,0.38,2026-08-29,809,N21,VIIRS,n,2.0NRT,298.71,2.38,D,VIIRS_NOAA21_NRT,2.38,1,,0.0,Single Historical Detection,0,13.44,SIPCOT Ranipet Industrial Estate,0,93.2,0,107.15,0,Cropland / Agriculture,3,1,0.0,0.7,0,0,0,0,70.0,0,31.939999999999998,Agricultural Burning,0,LOW
10.8966,78.69748,336.22,0.41,0.37,2026-08-21,816,N20,VIIRS,l,2.0NRT,306.77,3.04,D,VIIRS_NOAA20_NRT,3.04,1,,0.0,Single Historical Detection,0,9.93,Trichy Steel Company,0,150.42,0,126.14,0,Cropland / Agriculture,3,1,0.0,0.75,0,0,0,0,30.0,0,29.450000000000045,Agricultural Burning,0,LOW
15.17911,77.10237,305.35,0.49,0.49,2026-08-26,2000,N21,VIIRS,n,2.0NRT,288.52,1.45,N,VIIRS_NOAA21_NRT,1.3944827586206898,29,,3.981206726013832,Persistent / Stable,0,19.92,Bellary JSW Steel Plant,0,19.84,0,256.76,0,Cropland / Agriculture,3,1,3.981206726013832,0.61,0,0,1,0,70.0,1,16.83000000000004,Other Thermal Event,10,LOW
10.9262,78.90511,330.07,0.45,0.47,2026-08-12,744,N20,VIIRS,l,2.0NRT,300.63,1.95,D,VIIRS_NOAA20_NRT,1.95,1,,0.0,Single Historical Detection,0,17.06,G M Engineering Industries,0,131.32,0,104.14,0,Cropland / Agriculture,3,1,0.0,0.66,0,0,0,0,30.0,0,29.439999999999998,Agricultural Burning,0,LOW
17.60034,83.19914,304.38,0.5,0.66,2026-09-03,2049,N21,VIIRS,n,2.0NRT,287.1,2.14,N,VIIRS_NOAA21_NRT,2.8006060606060608,33,,-23.587967972300365,Persistent / Stable,0,9.83,Visakhapatnam Steel Plant RINL,0,307.55,0,15.61,0,Other,4,1,-23.587967972300365,0.56,0,0,1,0,70.0,1,17.279999999999973,Other Thermal Event,5,LOW
21.24867,79.2114,303.02,0.44,0.38,2026-08-12,2017,N20,VIIRS,n,2.0NRT,284.09,0.95,N,VIIRS_NOAA20_NRT,1.1937499999999999,8,,-20.41884816753926,Persistent / Stable,0,35.84,MIDC Nagpur Butibori,0,143.59,0,366.61,0,Forest / Woodland,2,1,-20.41884816753926,0.43,0,0,1,0,70.0,1,18.930000000000007,Other Thermal Event,5,LOW
15.17626,76.67416,313.32,0.5,0.41,2026-09-05,2012,N21,VIIRS,n,2.0NRT,292.76,2.82,N,VIIRS_NOAA21_NRT,2.4655154639175256,194,,14.377704835775962,Persistent / Stable,0,20.7,Food Corporation of India,0,23.58,0,267.15,0,Forest / Woodland,2,1,14.377704835775962,0.81,0,0,1,0,70.0,1,20.560000000000002,Other Thermal Event,10,LOW
20.79951,85.25935,331.28,0.43,0.38,2026-08-20,741,N21,VIIRS,n,2.0NRT,296.26,5.42,D,VIIRS_NOAA21_NRT,4.153833333333334,60,,30.481884203346286,Persistent / Stable,0,0.54,Tata Steel Meramandali,1,17.23,0,152.34,0,Industrial,0,1,30.481884203346286,1.05,0,0,1,0,70.0,0,35.01999999999998,Normal Persistent Source,0,LOW
11.80997,77.92491,298.4,0.45,0.39,2026-08-27,2038,N20,VIIRS,n,2.0NRT,278.41,0.98,N,VIIRS_NOAA20_NRT,1.7600000000000002,40,,-44.31818181818183,Persistent / Stable,0,13.71,TNSTC Depot Mettur Dam,0,135.91,0,110.04,0,Cropland / Agriculture,3,1,-44.31818181818183,0.36,0,0,1,0,70.0,1,19.989999999999952,Other Thermal Event,5,LOW
23.77422,86.20907,296.75,0.41,0.37,2026-08-15,2004,N21,VIIRS,n,2.0NRT,269.44,1.37,N,VIIRS_NOAA21_NRT,3.0518750000000003,48,,-55.10956379275036,Persistent / Reduced,0,6.87,Unnamed Industrial Feature,0,17.37,0,184.88,0,Other,4,1,-55.10956379275036,0.34,0,0,1,0,70.0,1,27.310000000000002,Other Thermal Event,5,LOW
9.89888,77.68959,322.37,0.39,0.44,2026-08-10,2002,N21,VIIRS,n,2.0NRT,292.44,4.47,N,VIIRS_NOAA21_NRT,4.47,1,,0.0,Single Historical Detection,0,45.04,TNSTC Ponmeni Bus depot,0,65.5,0,128.17,0,Other,4,1,0.0,0.82,0,0,0,0,70.0,1,29.930000000000007,Agricultural Burning,0,LOW
22.57463,85.89106,309.35,0.47,0.4,2026-09-05,2010,N21,VIIRS,n,2.0NRT,292.93,2.21,N,VIIRS_NOAA21_NRT,2.8973333333333335,15,,-23.722963644730793,Persistent / Stable,0,21.83,ACC Cement Ltd.,0,97.01,0,205.43,0,Other,4,1,-23.722963644730793,0.57,0,0,1,0,70.0,1,16.420000000000016,Other Thermal Event,5,LOW
20.96918,85.17496,342.47,0.56,0.52,2026-08-19,2029,N21,VIIRS,n,2.0NRT,289.12,5.96,N,VIIRS_NOAA21_NRT,3.563,110,,67.27476845355037,Abnormal Increase,0,5.9,Unnamed Industrial Feature,0,5.14,0,157.77,0,Other,4,1,67.27476845355037,1.31,0,0,1,0,70.0,1,53.35000000000002,Mining Activity,5,LOW
11.94247,76.73534,346.45,0.46,0.39,2026-08-15,828,N20,VIIRS,n,2.0NRT,296.71,5.3,D,VIIRS_NOAA20_NRT,5.3,2,,0.0,Persistent / Stable,0,18.29,Bannari Amman,0,96.85,0,88.9,0,Forest / Woodland,2,1,0.0,0.84,0,0,1,0,70.0,0,49.74000000000001,Agricultural Burning,0,LOW
27.46206,95.47509,309.11,0.39,0.36,2026-09-05,1923,N20,VIIRS,n,2.0NRT,288.95,1.46,N,VIIRS_NOAA20_NRT,1.7971428571428572,7,,-18.759936406995234,Persistent / Stable,0,8.4,Truck Stand and Weight Bridge,0,593.04,0,16.33,0,Forest / Woodland,2,1,-18.759936406995234,0.52,0,0,1,0,70.0,1,20.160000000000025,Other Thermal Event,5,LOW
15.29655,79.9203,332.49,0.54,0.5,2026-08-10,729,N21,VIIRS,n,2.0NRT,299.57,4.51,D,VIIRS_NOAA21_NRT,4.51,1,,0.0,Single Historical Detection,0,23.96,COW Farm,0,235.27,0,239.08,0,Cropland / Agriculture,3,1,0.0,0.82,0,0,0,0,70.0,0,32.920000000000016,Agricultural Burning,0,LOW
23.7813,86.20977,339.27,0.39,0.36,2026-08-21,724,N21,VIIRS,n,2.0NRT,296.76,4.46,D,VIIRS_NOAA21_NRT,3.0518750000000003,48,,46.13966823673969,Persistent / Stable,0,7.42,Unnamed Industrial Feature,0,17.8,0,184.1,0,Other,4,1,46.13966823673969,1.1,0,0,1,0,70.0,0,42.50999999999999,Other Thermal Event,10,LOW
23.68499,86.39027,305.18,0.48,0.4,2026-08-20,2010,N21,VIIRS,n,2.0NRT,288.39,2.54,N,VIIRS_NOAA21_NRT,3.0147826086956524,92,,-15.748485722526684,Persistent / Stable,0,3.9,SAIL Parbatpur Colliery,0,3.9,1,197.04,0,Mining,1,1,-15.748485722526684,0.63,0,0,1,0,70.0,1,16.79000000000002,Mining Activity,0,LOW
15.33282,76.28719,296.83,0.48,0.4,2026-08-13,2044,N21,VIIRS,n,2.0NRT,273.93,0.79,N,VIIRS_NOAA21_NRT,1.33375,32,,-40.76850984067479,Persistent / Stable,0,32.69,APMC,0,47.98,0,261.17,0,Forest / Woodland,2,1,-40.76850984067479,0.34,0,0,1,0,70.0,1,22.899999999999977,Other Thermal Event,5,LOW
20.96766,85.16129,303.68,0.73,0.76,2026-09-06,1906,N20,VIIRS,n,2.0NRT,284.51,2.67,N,VIIRS_NOAA20_NRT,3.4188421052631575,95,,-21.90338372486837,Persistent / Stable,0,5.59,Unnamed Industrial Feature,0,6.4,0,156.82,0,Other,4,1,-21.90338372486837,0.6,0,0,1,0,70.0,1,19.170000000000016,Other Thermal Event,5,LOW
10.61798,77.41872,305.55,0.51,0.49,2026-08-29,2000,N20,VIIRS,n,2.0NRT,289.22,0.93,N,VIIRS_NOAA20_NRT,0.8555555555555556,9,,8.701298701298699,Persistent / Stable,0,49.61,Unnamed Industrial Feature,0,115.55,0,58.62,0,Cropland / Agriculture,3,1,8.701298701298699,0.5,0,0,1,0,70.0,1,16.329999999999984,Other Thermal Event,10,LOW
9.04555,77.72089,341.89,0.5,0.49,2026-09-02,835,N21,VIIRS,n,2.0NRT,305.84,5.52,D,VIIRS_NOAA21_NRT,7.81,3,,-29.321382842509603,Persistent / Stable,0,19.86,India Cements Sankarnagar,0,87.0,0,115.78,0,Other,4,1,-29.321382842509603,0.63,0,0,1,0,70.0,0,36.05000000000001,Agricultural Burning,0,LOW
15.18124,76.66544,330.93,0.5,0.41,2026-09-05,2012,N21,VIIRS,n,2.0NRT,293.11,5.22,N,VIIRS_NOAA21_NRT,2.450132743362832,226,,113.049681252596,Abnormal Increase,0,21.66,Food Corporation of India,0,23.61,0,267.06,0,Forest / Woodland,2,1,113.049681252596,1.51,0,1,1,0,70.0,1,37.81999999999999,Other Thermal Event,30,LOW
9.14139,77.53202,335.88,0.61,0.53,2026-08-20,737,N21,VIIRS,n,2.0NRT,294.16,3.72,D,VIIRS_NOAA21_NRT,4.663333333333333,6,,-20.228734810578977,Persistent / Stable,0,20.43,India Cements Sankarnagar,0,65.36,0,93.26,0,Other,4,1,-20.228734810578977,0.66,0,0,1,0,70.0,0,41.71999999999997,Other Thermal Event,5,LOW
11.01856,79.83994,338.87,0.4,0.37,2026-09-01,809,N20,VIIRS,n,2.0NRT,305.96,3.22,D,VIIRS_NOAA20_NRT,4.555,2,,-29.308452250274414,Persistent / Stable,0,27.96,CPCL Nagapattinam,0,81.88,0,27.96,0,Cropland / Agriculture,3,1,-29.308452250274414,0.58,0,0,1,0,70.0,0,32.910000000000025,Agricultural Burning,0,LOW
21.10869,72.64594,317.01,0.35,0.57,2026-08-28,2017,N20,VIIRS,n,2.0NRT,291.29,1.78,N,VIIRS_NOAA20_NRT,4.875096774193549,155,,-63.4879042930496,Persistent / Reduced,0,0.26,ArcelorMittal Nippon Steel India,1,377.67,0,1.08,1,Industrial,0,1,-63.4879042930496,0.3,0,0,1,0,70.0,1,25.71999999999997,Gas Flare,20,LOW
26.63957,79.47667,308.39,0.49,0.65,2026-08-11,1938,N21,VIIRS,n,2.0NRT,287.76,3.2,N,VIIRS_NOAA21_NRT,1.8419999999999999,5,,73.72421281216072,Abnormal Increase,0,78.61,Unnamed Industrial Feature,0,305.78,0,202.14,0,Cropland / Agriculture,3,1,73.72421281216072,1.13,0,0,1,0,70.0,1,20.629999999999995,Agricultural Burning,10,LOW
23.7541,86.39857,300.5,0.41,0.61,2026-08-23,1913,N21,VIIRS,n,2.0NRT,281.19,1.4,N,VIIRS_NOAA21_NRT,2.1748739495798315,119,,-35.62845330551369,Persistent / Stable,0,5.17,Unnamed Industrial Feature,0,2.69,1,189.62,0,Mining,1,1,-35.62845330551369,0.44,0,0,1,0,70.0,1,19.310000000000002,Mining Activity,0,LOW
23.68155,86.08361,333.34,0.4,0.37,2026-08-21,1949,N21,VIIRS,n,2.0NRT,289.93,3.81,N,VIIRS_NOAA21_NRT,2.458987341772152,79,,54.94183053639452,Abnormal Increase,0,1.93,Bokaro Steel Plant,1,16.68,0,194.58,0,Industrial,0,1,54.94183053639452,1.1,0,0,1,0,70.0,1,43.40999999999997,Normal Persistent Source,10,LOW
23.76024,85.85598,305.19,0.54,0.42,2026-09-04,1945,N20,VIIRS,n,2.0NRT,290.07,1.81,N,VIIRS_NOAA20_NRT,1.9751515151515153,33,,-8.361460570727223,Persistent / Stable,0,1.8,Unnamed Industrial Feature,1,4.86,1,186.96,0,Industrial,0,1,-8.361460570727223,0.61,0,0,1,0,70.0,1,15.120000000000005,Normal Persistent Source,0,LOW
22.42014,69.04203,302.36,0.39,0.36,2026-08-25,2112,N20,VIIRS,n,2.0NRT,284.81,0.79,N,VIIRS_NOAA20_NRT,1.83375,8,,-56.9188820722563,Persistent / Reduced,0,1.8,Tata Chemicals Mithapur,1,114.69,0,69.72,0,Industrial,0,1,-56.9188820722563,0.28,0,0,1,0,70.0,1,17.55000000000001,Normal Persistent Source,0,LOW
19.93503,73.71155,317.95,0.4,0.37,2026-08-24,2036,N21,VIIRS,n,2.0NRT,290.33,2.2,N,VIIRS_NOAA21_NRT,1.3399999999999999,7,,64.17910447761197,Abnormal Increase,0,10.62,MIDC Nashik Industrial Area,0,490.92,0,133.48,0,Forest / Woodland,2,1,64.17910447761197,0.94,0,0,1,0,70.0,1,27.620000000000005,Other Thermal Event,20,LOW
9.65621,77.65012,339.0,0.48,0.4,2026-08-31,828,N20,VIIRS,n,2.0NRT,303.15,4.92,D,VIIRS_NOAA20_NRT,5.505,6,,-10.626702997275205,Persistent / Stable,0,31.52,Unnamed Industrial Feature,0,52.92,0,112.22,0,Other,4,1,-10.626702997275205,0.76,0,0,1,0,70.0,0,35.85000000000002,Other Thermal Event,5,LOW
15.17424,76.69155,320.05,0.39,0.36,2026-08-30,2025,N21,VIIRS,n,2.0NRT,286.43,1.86,N,VIIRS_NOAA21_NRT,1.887285714285714,70,,-1.445764892892267,Persistent / Stable,0,18.82,Food Corporation of India,0,24.39,0,268.05,0,Forest / Woodland,2,1,-1.445764892892267,0.64,0,0,1,0,70.0,1,33.620000000000005,Other Thermal Event,5,LOW
24.65842,73.87619,309.35,0.41,0.37,2026-08-23,2053,N21,VIIRS,n,2.0NRT,294.33,1.25,N,VIIRS_NOAA21_NRT,1.1825,4,,5.708245243128954,Persistent / Stable,0,0.12,Unnamed Industrial Feature,1,36.71,0,253.78,0,Industrial,0,1,5.708245243128954,0.57,0,0,1,0,70.0,1,15.020000000000039,Normal Persistent Source,0,LOW
22.37956,87.2778,318.52,0.36,0.57,2026-08-19,2027,N21,VIIRS,n,2.0NRT,286.8,2.95,N,VIIRS_NOAA21_NRT,3.9493103448275866,58,,-25.303413952676156,Persistent / Stable,0,1.11,Tata Metaliks,1,173.08,0,89.47,0,Industrial,0,1,-25.303413952676156,0.6,0,0,1,0,70.0,1,31.71999999999997,Normal Persistent Source,0,LOW
28.34819,77.22955,305.35,0.44,0.62,2026-09-06,1949,N21,VIIRS,n,2.0NRT,280.96,1.15,N,VIIRS_NOAA21_NRT,1.1860000000000002,5,,-3.0354131534570192,Persistent / Stable,0,3.88,Unnamed Industrial Feature,0,28.98,0,104.69,0,Cropland / Agriculture,3,1,-3.0354131534570192,0.53,0,0,1,0,70.0,1,24.390000000000043,Agricultural Burning,0,LOW
22.78364,86.20684,311.14,0.6,0.53,2026-08-19,2027,N21,VIIRS,n,2.0NRT,288.91,2.33,N,VIIRS_NOAA21_NRT,2.479821428571429,56,,-6.041621660545841,Persistent / Stable,0,0.39,Adityapur Industrial Estate,1,100.74,0,208.15,0,Industrial,0,1,-6.041621660545841,0.67,0,0,1,0,70.0,1,22.22999999999996,Normal Persistent Source,0,LOW
16.85769,80.79336,340.49,0.35,0.57,2026-09-01,716,N21,VIIRS,n,2.0NRT,288.83,5.17,D,VIIRS_NOAA21_NRT,5.17,1,,0.0,Single Historical Detection,0,30.46,Unnamed Industrial Feature,0,379.23,0,155.56,0,Cropland / Agriculture,3,1,0.0,0.84,0,0,0,0,70.0,0,51.660000000000025,Agricultural Burning,0,LOW
22.3664,87.29961,318.07,0.44,0.39,2026-08-19,1945,N20,VIIRS,n,2.0NRT,289.19,3.15,N,VIIRS_NOAA20_NRT,2.6178431372549023,51,,20.328065313459646,Persistent / Stable,0,1.69,Unnamed Industrial Feature,1,175.54,0,86.81,0,Industrial,0,1,20.328065313459646,0.87,0,0,1,0,70.0,1,28.879999999999995,Normal Persistent Source,0,LOW
10.98373,78.245,338.95,0.44,0.39,2026-08-18,816,N21,VIIRS,n,2.0NRT,303.35,7.09,D,VIIRS_NOAA21_NRT,4.925,2,,43.95939086294416,Persistent / Stable,0,28.15,TNPL Paper Mill,0,186.57,0,127.12,0,Cropland / Agriculture,3,1,43.95939086294416,1.2,0,0,1,0,70.0,0,35.599999999999966,Agricultural Burning,0,LOW
25.80267,93.35385,332.42,0.43,0.38,2026-08-14,709,N20,VIIRS,n,2.0NRT,297.05,3.28,D,VIIRS_NOAA20_NRT,3.28,1,,0.0,Single Historical Detection,0,47.93,Unnamed Industrial Feature,0,350.81,0,96.89,0,Forest / Woodland,2,1,0.0,0.77,0,0,0,0,70.0,0,35.370000000000005,Agricultural Burning,0,LOW
19.10193,82.16513,300.95,0.63,0.54,2026-09-06,2049,N20,VIIRS,n,2.0NRT,288.0,0.97,N,VIIRS_NOAA20_NRT,2.2891666666666666,36,,-57.62650163815071,Persistent / Reduced,0,36.85,Unnamed Industrial Feature,0,182.67,0,75.59,0,Forest / Woodland,2,1,-57.62650163815071,0.29,0,0,1,0,70.0,1,12.949999999999989,Other Thermal Event,5,LOW
12.32043,79.67432,334.36,0.4,0.37,2026-09-01,809,N20,VIIRS,l,2.0NRT,304.79,3.47,D,VIIRS_NOAA20_NRT,3.99,2,,-13.032581453634084,Persistent / Stable,0,37.43,Workshop,0,64.07,0,109.47,0,Cropland / Agriculture,3,1,-13.032581453634084,0.7,0,0,1,0,30.0,0,29.569999999999993,Agricultural Burning,0,LOW
15.07344,76.86353,302.69,0.72,0.76,2026-09-04,2125,N20,VIIRS,n,2.0NRT,288.8,1.65,N,VIIRS_NOAA20_NRT,1.33,10,,24.060150375939838,Persistent / Stable,0,9.61,Bellary JSW Steel Plant,0,10.45,0,255.18,0,Forest / Woodland,2,1,24.060150375939838,0.71,0,0,1,0,70.0,1,13.889999999999986,Other Thermal Event,10,LOW
21.33749,78.96925,311.0,0.4,0.37,2026-09-04,2029,N21,VIIRS,n,2.0NRT,283.93,2.07,N,VIIRS_NOAA21_NRT,1.7553846153846153,13,,17.922874671340924,Persistent / Stable,0,40.89,MIDC Nagpur Butibori,0,156.99,0,380.08,0,Forest / Woodland,2,1,17.922874671340924,0.75,0,0,1,0,70.0,1,27.069999999999993,Other Thermal Event,10,LOW
12.05793,76.91864,331.26,0.41,0.37,2026-08-26,822,N20,VIIRS,l,2.0NRT,303.36,1.61,D,VIIRS_NOAA20_NRT,1.61,1,,0.0,Single Historical Detection,0,17.99,Bannari Amman,0,119.36,0,94.26,0,Forest / Woodland,2,1,0.0,0.62,0,0,0,0,30.0,0,27.899999999999977,Agricultural Burning,0,LOW
8.99345,77.86612,337.63,0.4,0.44,2026-08-28,828,N21,VIIRS,n,2.0NRT,307.56,4.63,D,VIIRS_NOAA21_NRT,4.63,1,,0.0,Single Historical Detection,0,20.88,Unnamed Industrial Feature,0,102.51,0,132.66,0,Other,4,1,0.0,0.82,0,0,0,0,70.0,0,30.069999999999993,Agricultural Burning,0,LOW
20.86311,84.9883,335.65,0.46,0.47,2026-09-07,1932,N21,VIIRS,n,2.0NRT,291.32,2.96,N,VIIRS_NOAA21_NRT,3.152708333333333,48,,-6.112469437652803,Persistent / Stable,0,1.37,Angul Steel Plant,1,25.93,0,152.61,0,Industrial,0,1,-6.112469437652803,0.71,0,0,1,0,70.0,1,44.329999999999984,Normal Persistent Source,0,LOW
23.68566,86.39085,311.86,0.32,0.55,2026-08-20,1923,N20,VIIRS,n,2.0NRT,287.04,1.82,N,VIIRS_NOAA20_NRT,3.0147826086956524,92,,-39.630804730314395,Persistent / Stable,0,3.97,SAIL Parbatpur Colliery,0,3.97,1,196.97,0,Mining,1,1,-39.630804730314395,0.45,0,0,1,0,70.0,1,24.819999999999993,Mining Activity,0,LOW
23.77826,86.20576,295.41,0.41,0.37,2026-08-15,2004,N21,VIIRS,n,2.0NRT,269.02,1.26,N,VIIRS_NOAA21_NRT,3.0518750000000003,48,,-58.71390538603318,Persistent / Reduced,0,6.89,Unnamed Industrial Feature,0,17.91,0,184.41,0,Other,4,1,-58.71390538603318,0.31,0,0,1,0,70.0,1,26.390000000000043,Other Thermal Event,5,LOW
10.75858,78.97378,342.07,0.49,0.49,2026-08-12,828,N21,VIIRS,n,2.0NRT,299.74,5.24,D,VIIRS_NOAA21_NRT,4.12,2,,27.18446601941748,Persistent / Stable,0,12.67,Apex Steel Technology Ltd,0,140.24,0,95.16,0,Cropland / Agriculture,3,1,27.18446601941748,1.02,0,0,1,0,70.0,0,42.329999999999984,Agricultural Burning,0,LOW
20.97029,85.14977,307.59,0.57,0.52,2026-09-04,2029,N21,VIIRS,n,2.0NRT,289.64,3.65,N,VIIRS_NOAA21_NRT,3.468,35,,5.247981545559399,Persistent / Stable,0,6.03,Unnamed Industrial Feature,0,7.63,0,155.74,0,Other,4,1,5.247981545559399,0.82,0,0,1,0,70.0,1,17.94999999999999,Other Thermal Event,10,LOW
23.64766,85.43689,313.62,0.41,0.37,2026-08-21,1949,N21,VIIRS,n,2.0NRT,281.92,1.65,N,VIIRS_NOAA21_NRT,3.0220454545454554,44,,-45.4012183199218,Persistent / Stable,0,2.61,Unnamed Industrial Feature,0,48.8,0,208.11,0,Other,4,1,-45.4012183199218,0.41,0,0,1,0,70.0,1,31.69999999999999,Normal Persistent Source,0,LOW
23.66281,87.15319,302.53,0.33,0.55,2026-08-19,2027,N21,VIIRS,n,2.0NRT,283.34,1.14,N,VIIRS_NOAA21_NRT,2.5206666666666666,30,,-54.773869346733676,Persistent / Reduced,0,4.76,Unnamed Industrial Feature,0,75.04,0,204.3,0,Other,4,1,-54.773869346733676,0.32,0,0,1,0,70.0,1,19.189999999999998,Other Thermal Event,5,LOW
15.18623,76.65672,307.98,0.5,0.41,2026-09-05,2012,N21,VIIRS,n,2.0NRT,293.31,2.33,N,VIIRS_NOAA21_NRT,2.6344444444444446,180,,-11.55630535638971,Persistent / Stable,0,22.64,Food Corporation of India,0,23.69,0,266.98,0,Forest / Woodland,2,1,-11.55630535638971,0.64,0,0,1,0,70.0,1,14.670000000000016,Other Thermal Event,5,LOW
10.88104,79.32494,339.46,0.39,0.36,2026-09-01,809,N20,VIIRS,l,2.0NRT,310.8,2.56,D,VIIRS_NOAA20_NRT,3.5549999999999997,2,,-27.98874824191279,Persistent / Stable,0,26.12,Central Warehouse Corporation,0,108.11,0,58.18,0,Cropland / Agriculture,3,1,-27.98874824191279,0.56,0,0,1,0,30.0,0,28.659999999999968,Agricultural Burning,0,LOW
21.33678,78.96844,304.58,0.45,0.39,2026-09-05,2010,N21,VIIRS,n,2.0NRT,286.98,1.0,N,VIIRS_NOAA21_NRT,1.7553846153846153,13,,-43.03242769500438,Persistent / Stable,0,40.82,MIDC Nagpur Butibori,0,156.93,0,380.01,0,Forest / Woodland,2,1,-43.03242769500438,0.36,0,0,1,0,70.0,1,17.599999999999966,Other Thermal Event,5,LOW
22.87483,86.0607,309.68,0.53,0.67,2026-08-10,1913,N20,VIIRS,n,2.0NRT,284.0,3.49,N,VIIRS_NOAA20_NRT,2.0949999999999998,10,,66.58711217183773,Abnormal Increase,0,0.4,Unnamed Industrial Feature,1,94.21,0,225.96,0,Industrial,0,1,66.58711217183773,1.13,0,0,1,0,70.0,1,25.680000000000007,Normal Persistent Source,10,LOW
27.87556,96.92477,338.88,0.39,0.36,2026-09-06,640,N20,VIIRS,n,2.0NRT,297.66,5.75,D,VIIRS_NOAA20_NRT,5.928000000000001,5,,-3.002699055330648,Persistent / Stable,0,133.71,Unnamed Industrial Feature,0,743.03,0,138.95,0,Forest / Woodland,2,1,-3.002699055330648,0.83,0,0,1,0,70.0,0,41.21999999999997,Agricultural Burning,0,LOW
11.9112,78.91595,340.3,0.4,0.45,2026-08-15,828,N20,VIIRS,n,2.0NRT,280.15,7.64,D,VIIRS_NOAA20_NRT,6.49,2,,17.719568567026187,Persistent / Stable,0,69.79,Ramco Cements,0,94.29,0,162.6,0,Cropland / Agriculture,3,1,17.719568567026187,1.02,0,0,1,0,70.0,0,60.150000000000034,Agricultural Burning,0,LOW
23.6892,87.12139,312.33,0.46,0.39,2026-08-19,1945,N20,VIIRS,n,2.0NRT,290.5,3.81,N,VIIRS_NOAA20_NRT,2.8396363636363633,55,,34.172109104879006,Persistent / Stable,0,0.45,Unnamed Industrial Feature,1,71.32,0,208.4,0,Industrial,0,1,34.172109104879006,0.99,0,0,1,0,70.0,1,21.829999999999984,Normal Persistent Source,0,LOW
27.00496,94.63396,297.18,0.43,0.62,2026-08-14,1841,N21,VIIRS,n,2.0NRT,287.16,4.28,N,VIIRS_NOAA21_NRT,4.28,1,,0.0,Single Historical Detection,0,2.03,ONGC Sibsagar Oil Fields,1,498.55,0,2.03,1,Other,4,1,0.0,0.81,0,0,0,0,70.0,1,10.019999999999982,Gas Flare,5,LOW
25.06441,93.99954,347.64,0.36,0.57,2026-08-14,614,N21,VIIRS,n,2.0NRT,293.68,5.98,D,VIIRS_NOAA21_NRT,5.62,2,,6.405693950177942,Persistent / Stable,0,22.77,Unnamed Industrial Feature,0,422.06,0,170.13,0,Forest / Woodland,2,1,6.405693950177942,0.9,0,0,1,0,70.0,0,53.95999999999998,Agricultural Burning,0,LOW
17.60495,83.20261,334.29,0.41,0.37,2026-09-08,739,N20,VIIRS,l,2.0NRT,300.65,4.36,D,VIIRS_NOAA20_NRT,2.8006060606060608,33,,55.68058861718244,Abnormal Increase,0,9.26,Visakhapatnam Steel Plant RINL,0,307.03,0,14.98,0,Other,4,1,55.68058861718244,1.15,0,0,1,0,30.0,0,33.64000000000004,Other Thermal Event,10,LOW
8.88492,78.10483,336.28,0.44,0.38,2026-08-19,758,N21,VIIRS,l,2.0NRT,303.21,7.56,D,VIIRS_NOAA21_NRT,7.34,3,,2.9972752043596698,Persistent / Stable,0,9.42,SPIC Tuticorin Fertilizers,0,130.37,0,161.15,0,Other,4,1,2.9972752043596698,0.91,0,0,1,0,30.0,0,33.06999999999999,Agricultural Burning,0,LOW
15.17841,76.68213,338.03,0.42,0.38,2026-08-26,822,N20,VIIRS,n,2.0NRT,301.96,5.5,D,VIIRS_NOAA20_NRT,2.297172413793103,145,,139.42478008946534,Abnormal Increase,0,19.85,Food Corporation of India,0,24.23,0,267.84,0,Forest / Woodland,2,1,139.42478008946534,1.67,0,1,1,0,70.0,0,36.06999999999999,Other Thermal Event,30,LOW
10.47384,78.95833,330.34,0.47,0.4,2026-08-18,816,N21,VIIRS,l,2.0NRT,300.46,1.15,D,VIIRS_NOAA21_NRT,1.4466666666666665,3,,-20.506912442396313,Persistent / Stable,0,31.53,Masfab Engineering Technology,0,167.22,0,102.24,0,Cropland / Agriculture,3,1,-20.506912442396313,0.47,0,0,1,0,30.0,0,29.879999999999995,Agricultural Burning,0,LOW
20.96493,85.1817,310.11,0.56,0.52,2026-08-19,2029,N21,VIIRS,n,2.0NRT,288.39,4.67,N,VIIRS_NOAA21_NRT,3.6199056603773583,106,,29.008886919809235,Persistent / Stable,0,5.64,Unnamed Industrial Feature,0,4.31,1,158.61,0,Other,4,1,29.008886919809235,1.01,0,0,1,0,70.0,1,21.720000000000027,Mining Activity,0,LOW
21.92599,83.33717,314.47,0.51,0.41,2026-09-07,2027,N20,VIIRS,n,2.0NRT,289.11,1.95,N,VIIRS_NOAA20_NRT,2.9049999999999994,26,,-32.87435456110154,Persistent / Stable,0,1.12,Jindal Steel Works,1,74.11,0,71.36,0,Industrial,0,1,-32.87435456110154,0.5,0,0,1,0,70.0,1,25.360000000000014,Normal Persistent Source,0,LOW
27.37982,95.33495,331.0,0.34,0.56,2026-09-06,724,N21,VIIRS,n,2.0NRT,289.17,3.08,D,VIIRS_NOAA21_NRT,3.152,10,,-2.284263959390865,Persistent / Stable,0,3.35,Unnamed Industrial Feature,0,577.06,0,28.1,0,Other,4,1,-2.284263959390865,0.74,0,0,1,0,70.0,0,41.829999999999984,Normal Persistent Source,0,LOW
16.71002,80.86552,333.0,0.39,0.36,2026-09-07,758,N20,VIIRS,n,2.0NRT,298.99,2.81,D,VIIRS_NOAA20_NRT,3.005,2,,-6.489184692179695,Persistent / Stable,0,12.36,Unnamed Industrial Feature,0,392.79,0,150.37,0,Cropland / Agriculture,3,1,-6.489184692179695,0.7,0,0,1,0,70.0,0,34.00999999999999,Agricultural Burning,0,LOW
16.93329,80.66364,331.57,0.41,0.37,2026-08-11,805,N20,VIIRS,n,2.0NRT,298.95,2.12,D,VIIRS_NOAA20_NRT,2.12,1,,0.0,Single Historical Detection,0,31.5,"TSRTC Bus Depot,Madhira",0,365.99,0,160.76,0,Cropland / Agriculture,3,1,0.0,0.68,0,0,0,0,70.0,0,32.620000000000005,Agricultural Burning,0,LOW
22.03806,83.35194,315.42,0.33,0.55,2026-09-06,2046,N20,VIIRS,n,2.0NRT,288.22,1.15,N,VIIRS_NOAA20_NRT,1.5653846153846156,13,,-26.535626535626548,Persistent / Stable,0,2.71,Unnamed Industrial Feature,0,77.39,0,71.31,0,Other,4,1,-26.535626535626548,0.45,0,0,1,0,70.0,1,27.19999999999999,Normal Persistent Source,0,LOW
8.84948,78.13552,301.57,0.44,0.38,2026-08-15,2008,N21,VIIRS,n,2.0NRT,278.13,0.4,N,VIIRS_NOAA21_NRT,0.41500000000000004,2,,-3.614457831325304,Persistent / Stable,0,4.38,SPIC Tuticorin Fertilizers,0,135.46,0,165.53,0,Other,4,1,-3.614457831325304,0.28,0,0,1,0,70.0,1,23.439999999999998,Agricultural Burning,0,LOW
27.95773,95.60609,331.77,0.43,0.38,2026-08-13,633,N21,VIIRS,l,2.0NRT,304.08,7.46,D,VIIRS_NOAA21_NRT,9.325,6,,-19.999999999999996,Persistent / Stable,0,56.71,Truck Stand and Weight Bridge,0,624.39,0,63.13,0,Forest / Woodland,2,1,-19.999999999999996,0.72,0,0,1,0,30.0,0,27.689999999999998,Other Thermal Event,0,LOW
8.98739,77.78809,335.97,0.39,0.44,2026-08-12,828,N21,VIIRS,n,2.0NRT,301.96,4.5,D,VIIRS_NOAA21_NRT,5.645,2,,-20.283436669619125,Persistent / Stable,0,23.64,Unnamed Industrial Feature,0,96.78,0,124.56,0,Other,4,1,-20.283436669619125,0.68,0,0,1,0,70.0,0,34.01000000000005,Agricultural Burning,0,LOW
15.27007,75.14799,331.02,0.42,0.38,2026-09-08,824,N21,VIIRS,n,2.0NRT,300.15,4.15,D,VIIRS_NOAA21_NRT,4.15,1,,0.0,Single Historical Detection,0,8.4,Food Corporation of India - FSD,0,109.04,0,229.36,0,Forest / Woodland,2,1,0.0,0.81,0,0,0,0,70.0,0,30.870000000000005,Agricultural Burning,0,LOW
23.67598,85.32647,305.81,0.39,0.36,2026-08-10,1957,N21,VIIRS,n,2.0NRT,290.95,1.51,N,VIIRS_NOAA21_NRT,1.51,1,,0.0,Single Historical Detection,0,4.92,Jindal Steel,0,59.26,0,208.82,0,Other,4,1,0.0,0.6,0,0,0,0,70.0,1,14.860000000000014,Agricultural Burning,0,LOW
10.77641,78.64904,336.14,0.38,0.59,2026-08-18,731,N20,VIIRS,n,2.0NRT,292.89,4.65,D,VIIRS_NOAA20_NRT,6.329999999999999,7,,-26.54028436018956,Persistent / Stable,0,4.8,Unnamed Industrial Feature,0,163.13,0,130.63,0,Cropland / Agriculture,3,1,-26.54028436018956,0.63,0,0,1,0,70.0,0,43.25,Other Thermal Event,5,LOW
20.9622,86.01398,305.74,0.32,0.55,2026-09-04,2029,N21,VIIRS,n,2.0NRT,288.95,2.3,N,VIIRS_NOAA21_NRT,3.8306521739130432,46,,-39.958004653538396,Persistent / Stable,0,1.08,TATA Steel,1,82.46,0,98.48,0,Industrial,0,1,-39.958004653538396,0.48,0,0,1,0,70.0,1,16.79000000000002,Normal Persistent Source,0,LOW
28.11007,95.48288,336.75,0.39,0.36,2026-09-08,646,N21,VIIRS,n,2.0NRT,297.17,5.47,D,VIIRS_NOAA21_NRT,4.97,3,,10.06036217303823,Persistent / Stable,0,70.2,Truck Stand and Weight Bridge,0,620.08,0,81.17,0,Forest / Woodland,2,1,10.06036217303823,0.92,0,0,1,0,70.0,0,39.579999999999984,Agricultural Burning,0,LOW
18.71923,79.53582,311.3,0.44,0.46,2026-09-06,2049,N20,VIIRS,n,2.0NRT,291.83,1.42,N,VIIRS_NOAA20_NRT,1.7500000000000002,13,,-18.857142857142872,Persistent / Stable,0,5.69,"TGSRTC Bus Depot , Godavarikhani",0,140.17,0,83.33,0,Other,4,1,-18.857142857142872,0.52,0,0,1,0,70.0,1,19.470000000000027,Other Thermal Event,5,LOW
23.67495,86.39895,308.71,0.6,0.53,2026-09-04,2027,N21,VIIRS,n,2.0NRT,287.65,4.28,N,VIIRS_NOAA21_NRT,3.0271428571428576,91,,41.38744690891929,Persistent / Stable,0,3.34,Unnamed Industrial Feature,0,4.84,1,198.29,0,Other,4,1,41.38744690891929,1.06,0,0,1,0,70.0,1,21.060000000000002,Normal Persistent Source,0,LOW
26.2557,74.09644,304.59,0.4,0.37,2026-08-13,2040,N21,VIIRS,n,2.0NRT,288.02,1.13,N,VIIRS_NOAA21_NRT,0.9056250000000001,16,,24.77570738440301,Persistent / Stable,0,5.85,Unnamed Industrial Feature,0,214.81,0,277.48,0,Cropland / Agriculture,3,1,24.77570738440301,0.59,0,0,1,0,70.0,1,16.569999999999993,Other Thermal Event,10,LOW
15.65738,73.98853,302.91,0.73,0.76,2026-09-06,2133,N21,VIIRS,n,2.0NRT,285.05,1.98,N,VIIRS_NOAA21_NRT,1.3135714285714288,14,,50.734094616639446,Abnormal Increase,0,56.21,J P Foundry,0,232.33,0,304.19,0,Forest / Woodland,2,1,50.734094616639446,0.86,0,0,1,0,70.0,1,17.860000000000014,Other Thermal Event,20,LOW
22.79053,86.19944,301.18,0.5,0.41,2026-09-04,1945,N20,VIIRS,n,2.0NRT,286.04,1.55,N,VIIRS_NOAA20_NRT,2.479821428571429,56,,-37.495499387916766,Persistent / Stable,0,0.61,Tata Steel,1,100.09,0,209.16,0,Industrial,0,1,-37.495499387916766,0.45,0,0,1,0,70.0,1,15.139999999999986,Normal Persistent Source,0,LOW
11.18612,79.70135,330.95,0.53,0.42,2026-09-03,816,N21,VIIRS,n,2.0NRT,299.27,5.73,D,VIIRS_NOAA21_NRT,3.9000000000000004,2,,46.92307692307692,Persistent / Stable,0,49.15,CPCL Nagapattinam,0,63.26,0,49.15,0,Cropland / Agriculture,3,1,46.92307692307692,1.17,0,0,1,0,70.0,0,31.680000000000007,Agricultural Burning,0,LOW
17.06219,76.97944,307.89,0.51,0.41,2026-09-05,2012,N21,VIIRS,n,2.0NRT,292.18,1.92,N,VIIRS_NOAA21_NRT,0.88625,8,,116.6431593794076,Abnormal Increase,0,0.22,ACC Cement,1,212.72,0,189.46,0,Industrial,0,1,116.6431593794076,1.02,0,1,1,0,70.0,1,15.70999999999998,Normal Persistent Source,20,LOW
21.92081,83.35064,346.59,0.39,0.36,2026-08-12,746,N20,VIIRS,n,2.0NRT,298.87,6.75,D,VIIRS_NOAA20_NRT,2.8140740740740733,27,,139.8657541458279,Abnormal Increase,0,0.8,Jindal Steel Works,1,74.18,0,69.95,0,Industrial,0,1,139.8657541458279,1.77,0,1,1,0,70.0,0,47.71999999999997,Normal Persistent Source,20,LOW
21.74783,83.84167,367.0,0.36,0.57,2026-09-06,2046,N20,VIIRS,h,2.0NRT,288.9,3.86,N,VIIRS_NOAA20_NRT,4.776543209876544,81,,-19.18842078056347,Persistent / Stable,0,6.09,Unnamed Industrial Feature,0,95.75,0,26.07,0,Other,4,1,-19.18842078056347,0.67,0,0,1,0,95.0,1,78.10000000000002,Other Thermal Event,15,LOW
15.39007,80.13628,330.71,0.34,0.56,2026-08-28,830,N21,VIIRS,n,2.0NRT,296.28,3.37,D,VIIRS_NOAA21_NRT,3.37,1,,0.0,Single Historical Detection,0,32.52,COW Farm,0,242.48,0,246.86,0,Cropland / Agriculture,3,1,0.0,0.77,0,0,0,0,70.0,0,34.43000000000001,Agricultural Burning,0,LOW
27.88228,96.89853,329.41,0.44,0.46,2026-09-07,703,N21,VIIRS,n,2.0NRT,293.58,4.82,D,VIIRS_NOAA21_NRT,4.82,1,,0.0,Single Historical Detection,0,131.82,Unnamed Industrial Feature,0,740.8,0,136.88,0,Forest / Woodland,2,1,0.0,0.83,0,0,0,0,70.0,0,35.83000000000004,Agricultural Burning,0,LOW
23.66499,87.15402,303.51,0.52,0.42,2026-09-05,2010,N21,VIIRS,n,2.0NRT,274.19,1.2,N,VIIRS_NOAA21_NRT,2.5206666666666666,30,,-52.39354668077228,Persistent / Reduced,0,4.65,Unnamed Industrial Feature,0,75.08,0,204.48,0,Other,4,1,-52.39354668077228,0.34,0,0,1,0,70.0,1,29.319999999999993,Other Thermal Event,5,LOW
27.31623,95.26494,305.56,0.46,0.47,2026-09-06,1949,N21,VIIRS,n,2.0NRT,288.89,1.88,N,VIIRS_NOAA21_NRT,2.098095238095238,21,,-10.394916023604178,Persistent / Stable,0,6.29,Unnamed Industrial Feature,0,568.32,0,35.95,0,Other,4,1,-10.394916023604178,0.61,0,0,1,0,70.0,1,16.670000000000016,Other Thermal Event,5,LOW
25.93938,72.19437,309.92,0.66,0.73,2026-08-20,2150,N21,VIIRS,n,2.0NRT,290.38,2.26,N,VIIRS_NOAA21_NRT,1.6684374999999998,32,,35.456077917212966,Persistent / Stable,0,10.27,Industrial Area,0,139.52,0,84.71,0,Other,4,1,35.456077917212966,0.85,0,0,1,0,70.0,1,19.54000000000002,Other Thermal Event,10,LOW
21.24927,79.2072,305.11,0.44,0.38,2026-08-12,2017,N20,VIIRS,n,2.0NRT,284.2,1.17,N,VIIRS_NOAA20_NRT,1.1937499999999999,8,,-1.9895287958115133,Persistent / Stable,0,35.67,MIDC Nagpur Butibori,0,143.69,0,366.73,0,Forest / Woodland,2,1,-1.9895287958115133,0.53,0,0,1,0,70.0,1,20.910000000000025,Other Thermal Event,5,LOW
23.73811,86.43312,312.99,0.6,0.53,2026-08-19,2027,N21,VIIRS,n,2.0NRT,283.7,6.07,N,VIIRS_NOAA21_NRT,2.51,43,,141.8326693227092,Abnormal Increase,0,5.66,Unnamed Industrial Feature,0,1.35,1,192.02,0,Mining,1,1,141.8326693227092,1.73,0,1,1,0,70.0,1,29.29000000000002,Mining Activity,15,LOW
15.18232,76.6422,329.29,0.43,0.38,2026-09-01,2044,N20,VIIRS,n,2.0NRT,287.46,3.16,N,VIIRS_NOAA20_NRT,2.5255555555555556,99,,25.120985481742196,Persistent / Stable,0,22.67,NMDC Donimalai Iron Mine,0,22.67,0,265.74,0,Forest / Woodland,2,1,25.120985481742196,0.9,0,0,1,0,70.0,1,41.83000000000004,Other Thermal Event,10,LOW
17.54469,73.15681,334.72,0.58,0.52,2026-08-30,2121,N20,VIIRS,n,2.0NRT,288.88,3.59,N,VIIRS_NOAA20_NRT,3.59,1,,0.0,Single Historical Detection,0,63.82,Ratnagiri Gas and Power,0,439.3,0,150.24,0,Forest / Woodland,2,1,0.0,0.78,0,0,0,0,70.0,1,45.84000000000003,Agricultural Burning,0,LOW
20.94188,86.06137,306.31,0.49,0.4,2026-09-04,1945,N20,VIIRS,n,2.0NRT,291.96,1.95,N,VIIRS_NOAA20_NRT,3.8600000000000003,19,,-49.4818652849741,Persistent / Stable,0,0.47,VISA STEEL LTD,1,87.38,0,93.61,0,Industrial,0,1,-49.4818652849741,0.4,0,0,1,0,70.0,1,14.350000000000023,Normal Persistent Source,0,LOW
21.18358,81.3812,311.86,0.39,0.36,2026-08-12,2017,N20,VIIRS,n,2.0NRT,289.77,0.96,N,VIIRS_NOAA20_NRT,2.756086956521739,23,,-65.16800757217227,Persistent / Reduced,0,1.02,Bhilai Steel Plant,1,172.38,0,285.32,0,Industrial,0,1,-65.16800757217227,0.26,0,0,1,0,70.0,1,22.090000000000032,Normal Persistent Source,0,LOW
15.18195,76.6647,296.28,0.43,0.62,2026-08-16,1949,N21,VIIRS,n,2.0NRT,269.91,1.99,N,VIIRS_NOAA21_NRT,2.450132743362832,226,,-18.779910786845587,Persistent / Stable,0,21.75,Food Corporation of India,0,23.64,0,267.08,0,Forest / Woodland,2,1,-18.779910786845587,0.58,0,0,1,0,70.0,1,26.369999999999948,Other Thermal Event,5,LOW
22.38943,73.11754,310.63,0.47,0.47,2026-08-30,2118,N20,VIIRS,n,2.0NRT,290.46,0.91,N,VIIRS_NOAA20_NRT,2.35,4,,-61.27659574468085,Persistent / Reduced,0,0.73,Unnamed Industrial Feature,1,227.26,0,1.13,1,Industrial,0,1,-61.27659574468085,0.27,0,0,1,0,70.0,1,20.170000000000016,Gas Flare,20,LOW
22.37779,87.27859,328.67,0.54,0.51,2026-09-05,1925,N20,VIIRS,n,2.0NRT,291.7,6.52,N,VIIRS_NOAA20_NRT,3.9493103448275866,58,,65.09211560289879,Abnormal Increase,0,1.1,Unnamed Industrial Feature,1,173.29,0,89.31,0,Industrial,0,1,65.09211560289879,1.32,0,0,1,0,70.0,1,36.97000000000003,Normal Persistent Source,10,LOW
20.96416,85.16563,316.66,0.57,0.52,2026-09-04,2029,N21,VIIRS,n,2.0NRT,290.01,4.38,N,VIIRS_NOAA21_NRT,3.44,104,,27.325581395348834,Persistent / Stable,0,5.21,Unnamed Industrial Feature,0,5.86,0,157.42,0,Other,4,1,27.325581395348834,0.99,0,0,1,0,70.0,1,26.650000000000034,Mining Activity,0,LOW
9.69133,77.8183,347.18,0.39,0.36,2026-09-06,816,N20,VIIRS,n,2.0NRT,301.97,5.7,D,VIIRS_NOAA20_NRT,5.503333333333334,3,,3.573591762568134,Persistent / Stable,0,38.45,Unnamed Industrial Feature,0,71.69,0,130.86,0,Other,4,1,3.573591762568134,0.88,0,0,1,0,70.0,0,45.20999999999998,Agricultural Burning,0,LOW
14.8058,77.7021,334.23,0.55,0.43,2026-09-02,752,N20,VIIRS,n,2.0NRT,298.04,2.0,D,VIIRS_NOAA20_NRT,3.585,2,,-44.21199442119944,Persistent / Stable,0,55.06,Loco Shed,0,92.32,0,203.05,0,Cropland / Agriculture,3,1,-44.21199442119944,0.44,0,0,1,0,70.0,0,36.19,Agricultural Burning,0,LOW
23.80198,86.33326,316.81,0.51,0.41,2026-08-11,1938,N21,VIIRS,n,2.0NRT,286.62,2.39,N,VIIRS_NOAA21_NRT,2.422333333333334,60,,-1.334801155910297,Persistent / Stable,0,3.41,Unnamed Industrial Feature,0,9.91,0,183.27,0,Other,4,1,-1.334801155910297,0.7,0,0,1,0,70.0,1,30.189999999999998,Normal Persistent Source,0,LOW
23.66361,87.15351,332.47,0.38,0.43,2026-09-05,741,N21,VIIRS,n,2.0NRT,294.03,6.54,D,VIIRS_NOAA21_NRT,2.5206666666666666,30,,159.4551705897911,Abnormal Increase,0,4.72,Unnamed Industrial Feature,0,75.06,0,204.37,0,Other,4,1,159.4551705897911,1.86,0,1,1,0,70.0,0,38.440000000000055,Other Thermal Event,30,LOW
22.78912,86.19343,302.03,0.51,0.41,2026-08-11,1938,N21,VIIRS,n,2.0NRT,278.7,0.77,N,VIIRS_NOAA21_NRT,2.479821428571429,56,,-68.94937711528767,Persistent / Reduced,0,0.77,Tata Steel,1,100.34,0,209.66,0,Industrial,0,1,-68.94937711528767,0.22,0,0,1,0,70.0,1,23.329999999999984,Normal Persistent Source,0,LOW
23.75942,85.85556,309.48,0.45,0.39,2026-08-20,2010,N21,VIIRS,n,2.0NRT,290.62,2.06,N,VIIRS_NOAA21_NRT,1.9751515151515153,33,,4.295796256520398,Persistent / Stable,0,1.79,Unnamed Industrial Feature,1,4.89,1,187.06,0,Industrial,0,1,4.295796256520398,0.69,0,0,1,0,70.0,1,18.860000000000014,Normal Persistent Source,0,LOW
9.37401,78.6227,341.48,0.45,0.47,2026-08-28,828,N21,VIIRS,n,2.0NRT,302.93,5.53,D,VIIRS_NOAA21_NRT,4.640000000000001,2,,19.181034482758612,Persistent / Stable,0,81.2,SPIC Tuticorin Fertilizers,0,161.45,0,204.7,0,Other,4,1,19.181034482758612,0.98,0,0,1,0,70.0,0,38.55000000000001,Agricultural Burning,0,LOW
9.97572,79.07961,338.9,0.41,0.37,2026-08-13,809,N21,VIIRS,n,2.0NRT,301.82,5.99,D,VIIRS_NOAA21_NRT,3.0700000000000003,3,,95.11400651465797,Abnormal Increase,0,87.42,Central Warehouse Corporation,0,211.23,0,121.46,0,Other,4,1,95.11400651465797,1.47,0,0,1,0,70.0,0,37.079999999999984,Agricultural Burning,10,LOW
27.38026,95.33467,301.69,0.61,0.71,2026-09-05,1828,N21,VIIRS,n,2.0NRT,275.98,4.51,N,VIIRS_NOAA21_NRT,3.152,10,,43.083756345177655,Persistent / Stable,0,3.39,Unnamed Industrial Feature,0,577.05,0,28.13,0,Other,4,1,43.083756345177655,1.09,0,0,1,0,70.0,1,25.70999999999998,Normal Persistent Source,0,LOW
16.97086,77.69366,330.17,0.43,0.46,2026-08-20,739,N21,VIIRS,n,2.0NRT,295.34,3.18,D,VIIRS_NOAA21_NRT,3.18,1,,0.0,Single Historical Detection,0,18.16,Unnamed Industrial Feature,0,218.7,0,121.34,0,Cropland / Agriculture,3,1,0.0,0.76,0,0,0,0,70.0,0,34.83000000000004,Agricultural Burning,0,LOW
15.65921,73.98962,304.38,0.4,0.37,2026-09-06,2051,N20,VIIRS,n,2.0NRT,290.67,0.67,N,VIIRS_NOAA20_NRT,1.3135714285714288,14,,-48.994018488308875,Persistent / Stable,0,56.03,J P Foundry,0,232.34,0,304.32,0,Forest / Woodland,2,1,-48.994018488308875,0.29,0,0,1,0,70.0,1,13.70999999999998,Other Thermal Event,5,LOW
20.78438,85.25655,302.13,0.58,0.7,2026-08-26,2053,N20,VIIRS,n,2.0NRT,283.99,1.07,N,VIIRS_NOAA20_NRT,4.426346153846154,52,,-75.82656297519225,Persistent / Reduced,0,2.24,Tata Steel Meramandali,1,18.8,0,151.96,0,Other,4,1,-75.82656297519225,0.2,0,0,1,0,70.0,1,18.139999999999986,Normal Persistent Source,0,LOW
15.33782,76.2813,313.9,0.42,0.37,2026-09-01,2044,N20,VIIRS,n,2.0NRT,288.64,1.2,N,VIIRS_NOAA20_NRT,1.33375,32,,-10.028116213683226,Persistent / Stable,0,33.08,APMC,0,48.81,0,261.41,0,Forest / Woodland,2,1,-10.028116213683226,0.51,0,0,1,0,70.0,1,25.25999999999999,Other Thermal Event,5,LOW
9.99166,77.401,300.49,0.49,0.4,2026-08-15,2008,N21,VIIRS,n,2.0NRT,276.8,0.64,N,VIIRS_NOAA21_NRT,0.61,2,,4.9180327868852505,Persistent / Stable,0,33.31,Kannan Devan Tea Factory,0,49.61,0,102.72,0,Other,4,1,4.9180327868852505,0.4,0,0,1,0,70.0,1,23.689999999999998,Agricultural Burning,0,LOW
27.46261,95.47537,305.77,0.46,0.63,2026-08-12,2014,N20,VIIRS,n,2.0NRT,286.53,1.76,N,VIIRS_NOAA20_NRT,1.7971428571428572,7,,-2.0667726550079495,Persistent / Stable,0,8.41,Truck Stand and Weight Bridge,0,593.09,0,16.34,0,Forest / Woodland,2,1,-2.0667726550079495,0.63,0,0,1,0,70.0,1,19.24000000000001,Other Thermal Event,5,LOW
17.23297,79.42318,333.05,0.34,0.56,2026-08-21,722,N21,VIIRS,n,2.0NRT,294.1,2.64,D,VIIRS_NOAA21_NRT,2.64,1,,0.0,Single Historical Detection,0,14.33,Unnamed Industrial Feature,0,303.51,0,79.48,0,Cropland / Agriculture,3,1,0.0,0.73,0,0,0,0,70.0,0,38.94999999999999,Agricultural Burning,0,LOW
23.68242,86.08536,317.33,0.53,0.42,2026-08-11,1938,N21,VIIRS,n,2.0NRT,287.06,2.11,N,VIIRS_NOAA21_NRT,2.4541463414634146,82,,-14.023057046312864,Persistent / Stable,0,1.73,Bokaro Steel Plant,1,16.75,0,194.49,0,Industrial,0,1,-14.023057046312864,0.61,0,0,1,0,70.0,1,30.269999999999982,Normal Persistent Source,0,LOW
18.71488,79.53679,301.81,0.44,0.63,2026-09-05,2108,N20,VIIRS,n,2.0NRT,286.07,1.16,N,VIIRS_NOAA20_NRT,1.7500000000000002,13,,-33.71428571428573,Persistent / Stable,0,6.15,"TGSRTC Bus Depot , Godavarikhani",0,140.66,0,82.84,0,Other,4,1,-33.71428571428573,0.42,0,0,1,0,70.0,1,15.740000000000009,Other Thermal Event,5,LOW
15.17863,76.65427,300.27,0.69,0.74,2026-08-14,1940,N20,VIIRS,n,2.0NRT,276.02,3.04,N,VIIRS_NOAA20_NRT,2.673905325443787,169,,13.691385071588218,Persistent / Stable,0,22.81,NMDC Donimalai Iron Mine,0,22.81,0,266.14,0,Forest / Woodland,2,1,13.691385071588218,0.83,0,0,1,0,70.0,1,24.25,Other Thermal Event,10,LOW
11.44695,79.55542,335.41,0.51,0.49,2026-09-08,737,N20,VIIRS,n,2.0NRT,301.37,6.92,D,VIIRS_NOAA20_NRT,5.075,2,,36.35467980295566,Persistent / Stable,0,18.87,Neyveli Lignite Corporation,0,40.94,0,81.92,0,Cropland / Agriculture,3,1,36.35467980295566,1.14,0,0,1,0,70.0,0,34.04000000000002,Agricultural Burning,0,LOW
9.71671,77.59211,305.85,0.39,0.44,2026-08-10,2002,N21,VIIRS,n,2.0NRT,290.3,1.31,N,VIIRS_NOAA21_NRT,2.5625,8,,-48.8780487804878,Persistent / Stable,0,39.25,Unnamed Industrial Feature,0,47.84,0,109.05,0,Other,4,1,-48.8780487804878,0.37,0,0,1,0,70.0,1,15.550000000000011,Other Thermal Event,5,LOW
15.17597,76.675,317.24,0.34,0.56,2026-09-05,2108,N20,VIIRS,n,2.0NRT,289.07,1.81,N,VIIRS_NOAA20_NRT,2.476810810810811,185,,-26.92215359769538,Persistent / Stable,0,20.61,Food Corporation of India,0,23.6,0,267.17,0,Forest / Woodland,2,1,-26.92215359769538,0.52,0,0,1,0,70.0,1,28.170000000000016,Other Thermal Event,5,LOW
15.11159,76.8063,303.23,0.49,0.4,2026-08-28,2019,N20,VIIRS,n,2.0NRT,290.45,0.89,N,VIIRS_NOAA20_NRT,1.8266666666666664,3,,-51.27737226277371,Persistent / Reduced,0,9.04,Food Corporation of India,0,12.93,0,261.63,0,Forest / Woodland,2,1,-51.27737226277371,0.31,0,0,1,0,70.0,1,12.78000000000003,Agricultural Burning,0,LOW
22.37626,87.27948,299.37,0.53,0.42,2026-09-07,1932,N21,VIIRS,n,2.0NRT,277.87,1.87,N,VIIRS_NOAA21_NRT,3.9493103448275866,58,,-52.649960708984544,Persistent / Reduced,0,1.05,Unnamed Industrial Feature,1,173.49,0,89.15,0,Industrial,0,1,-52.649960708984544,0.38,0,0,1,0,70.0,1,21.5,Normal Persistent Source,0,LOW
23.77258,86.36404,305.0,0.59,0.53,2026-08-19,2027,N21,VIIRS,n,2.0NRT,282.37,1.65,N,VIIRS_NOAA21_NRT,1.951153846153846,26,,-15.43465405085748,Persistent / Stable,0,4.73,Unnamed Industrial Feature,0,6.75,0,186.99,0,Other,4,1,-15.43465405085748,0.56,0,0,1,0,70.0,1,22.629999999999995,Other Thermal Event,5,LOW
15.08309,77.31823,342.25,0.49,0.49,2026-09-05,739,N21,VIIRS,n,2.0NRT,300.72,6.51,D,VIIRS_NOAA21_NRT,8.7525,4,,-25.621251071122536,Persistent / Stable,0,11.12,Loco Shed,0,43.39,0,240.11,0,Cropland / Agriculture,3,1,-25.621251071122536,0.67,0,0,1,0,70.0,0,41.52999999999997,Agricultural Burning,0,LOW
10.86964,79.29421,338.56,0.39,0.36,2026-09-01,809,N20,VIIRS,l,2.0NRT,309.91,3.41,D,VIIRS_NOAA20_NRT,3.41,1,,0.0,Single Historical Detection,0,22.6,Central Warehouse Corporation,0,110.76,0,61.21,0,Cropland / Agriculture,3,1,0.0,0.77,0,0,0,0,30.0,0,28.649999999999977,Agricultural Burning,0,LOW
23.55536,87.2411,306.2,0.57,0.52,2026-09-05,1925,N20,VIIRS,n,2.0NRT,290.09,2.63,N,VIIRS_NOAA20_NRT,2.9255263157894738,38,,-10.101646127552403,Persistent / Stable,0,2.76,Durgapur Steel Plant,0,86.12,0,189.6,0,Other,4,1,-10.101646127552403,0.67,0,0,1,0,70.0,1,16.110000000000014,Normal Persistent Source,0,LOW
22.49699,70.026,338.11,0.5,0.41,2026-09-06,820,N20,VIIRS,n,2.0NRT,300.52,7.52,D,VIIRS_NOAA20_NRT,5.88,2,,27.89115646258503,Persistent / Stable,0,2.67,Reliance Jamnagar Refinery,0,86.5,0,2.67,1,Other,4,1,27.89115646258503,1.09,0,0,1,0,70.0,0,37.59000000000003,Gas Flare,10,LOW
23.43207,68.71054,305.54,0.52,0.5,2026-09-01,2040,N20,VIIRS,n,2.0NRT,291.03,1.08,N,VIIRS_NOAA20_NRT,1.08,1,,0.0,Single Historical Detection,0,13.59,Unnamed Industrial Feature,0,107.29,0,151.18,0,Other,4,1,0.0,0.52,0,0,0,0,70.0,1,14.510000000000048,Agricultural Burning,0,LOW
22.34017,69.86192,307.83,0.44,0.46,2026-08-24,2036,N21,VIIRS,n,2.0NRT,293.93,3.82,N,VIIRS_NOAA21_NRT,3.7053846153846157,13,,3.093211542453796,Persistent / Stable,0,0.28,Unnamed Industrial Feature,1,99.55,0,0.61,1,Industrial,0,1,3.093211542453796,0.81,0,0,1,0,70.0,1,13.899999999999977,Gas Flare,25,LOW
27.96747,95.60845,330.97,0.39,0.36,2026-08-15,652,N20,VIIRS,n,2.0NRT,300.94,7.01,D,VIIRS_NOAA20_NRT,9.325,6,,-24.825737265415544,Persistent / Stable,0,57.8,Truck Stand and Weight Bridge,0,625.02,0,64.21,0,Forest / Woodland,2,1,-24.825737265415544,0.68,0,0,1,0,70.0,0,30.03000000000003,Other Thermal Event,5,LOW
18.69589,74.44584,334.58,0.5,0.41,2026-09-05,835,N20,VIIRS,n,2.0NRT,296.48,3.78,D,VIIRS_NOAA20_NRT,3.675,2,,2.8571428571428568,Persistent / Stable,0,32.89,Unnamed Industrial Feature,0,469.31,0,153.48,0,Forest / Woodland,2,1,2.8571428571428568,0.81,0,0,1,0,70.0,0,38.099999999999966,Agricultural Burning,0,LOW
23.67184,84.99578,302.86,0.4,0.6,2026-09-05,1925,N20,VIIRS,n,2.0NRT,286.5,0.76,N,VIIRS_NOAA20_NRT,1.2993333333333337,15,,-41.50846587993844,Persistent / Stable,0,22.97,Tori Power Project,0,92.75,0,219.87,0,Other,4,1,-41.50846587993844,0.33,0,0,1,0,70.0,1,16.360000000000014,Other Thermal Event,5,LOW
21.927,83.34171,305.73,0.61,0.53,2026-09-07,1932,N21,VIIRS,n,2.0NRT,285.99,3.11,N,VIIRS_NOAA21_NRT,2.8140740740740733,27,,10.515925243485153,Persistent / Stable,0,0.64,Jindal Steel Works,1,74.41,0,70.89,0,Industrial,0,1,10.515925243485153,0.82,0,0,1,0,70.0,1,19.74000000000001,Normal Persistent Source,0,LOW
21.0779,85.04008,307.91,0.55,0.43,2026-09-04,1945,N20,VIIRS,n,2.0NRT,291.62,1.72,N,VIIRS_NOAA20_NRT,2.44,20,,-29.508196721311474,Persistent / Stable,0,3.99,Talcher Super Thermal Powerstation,0,23.47,0,139.27,0,Other,4,1,-29.508196721311474,0.5,0,0,1,0,70.0,1,16.29000000000002,Other Thermal Event,5,LOW
23.82553,84.57439,302.71,0.52,0.42,2026-08-16,1945,N21,VIIRS,n,2.0NRT,280.19,1.56,N,VIIRS_NOAA21_NRT,2.1268000000000002,25,,-26.650366748166267,Persistent / Stable,0,24.1,Tori Power Project,0,135.41,0,220.58,0,Other,4,1,-26.650366748166267,0.5,0,0,1,0,70.0,1,22.519999999999982,Other Thermal Event,5,LOW
23.68696,86.39274,304.28,0.52,0.67,2026-09-03,1906,N21,VIIRS,n,2.0NRT,283.9,2.9,N,VIIRS_NOAA21_NRT,3.0147826086956524,92,,-3.807326218632834,Persistent / Stable,0,4.17,SAIL Parbatpur Colliery,0,4.17,1,196.86,0,Other,4,1,-3.807326218632834,0.72,0,0,1,0,70.0,1,20.379999999999995,Mining Activity,0,LOW
10.3618,77.1484,322.49,0.39,0.36,2026-08-17,2025,N20,VIIRS,n,2.0NRT,290.47,1.87,N,VIIRS_NOAA20_NRT,5.205000000000001,4,,-64.07300672430355,Persistent / Reduced,0,28.63,Tata Tea Factory,0,83.84,0,74.43,0,Cropland / Agriculture,3,1,-64.07300672430355,0.3,0,0,1,0,70.0,1,32.01999999999998,Agricultural Burning,0,LOW
23.5534,86.54269,298.62,0.42,0.38,2026-08-23,2008,N20,VIIRS,n,2.0NRT,284.28,0.75,N,VIIRS_NOAA20_NRT,1.3466666666666667,6,,-44.306930693069305,Persistent / Stable,0,9.47,Unnamed Industrial Feature,0,24.14,0,214.45,0,Other,4,1,-44.306930693069305,0.32,0,0,1,0,70.0,1,14.340000000000032,Other Thermal Event,5,LOW
12.9239,78.28851,330.52,0.37,0.58,2026-08-18,731,N20,VIIRS,n,2.0NRT,282.57,3.9,D,VIIRS_NOAA20_NRT,0.0,0,,0.0,New / No Local History,0,5.57,BGML Nandidurga's Shaft,0,79.0,0,48.26,0,Cropland / Agriculture,3,0,0.0,3.9,0,0,0,1,70.0,0,47.94999999999999,Agricultural Burning,0,LOW
21.07948,85.0331,308.27,0.44,0.46,2026-09-07,2027,N20,VIIRS,n,2.0NRT,290.18,2.51,N,VIIRS_NOAA20_NRT,2.44,20,,2.868852459016387,Persistent / Stable,0,4.58,Talcher Super Thermal Powerstation,0,24.16,0,138.62,0,Other,4,1,2.868852459016387,0.73,0,0,1,0,70.0,1,18.089999999999975,Other Thermal Event,10,LOW
9.39205,78.88804,340.54,0.48,0.48,2026-09-05,737,N21,VIIRS,n,2.0NRT,298.99,4.69,D,VIIRS_NOAA21_NRT,7.21,6,,-34.95145631067961,Persistent / Stable,0,103.55,SPIC Tuticorin Fertilizers,0,189.96,0,185.35,0,Other,4,1,-34.95145631067961,0.57,0,0,1,0,70.0,0,41.55000000000001,Other Thermal Event,5,LOW
24.661,74.63132,303.41,0.56,0.43,2026-08-22,2027,N20,VIIRS,n,2.0NRT,290.51,1.23,N,VIIRS_NOAA20_NRT,1.47,8,,-16.3265306122449,Persistent / Stable,0,31.25,Unnamed Industrial Feature,0,95.93,0,296.9,0,Cropland / Agriculture,3,1,-16.3265306122449,0.5,0,0,1,0,70.0,1,12.900000000000034,Other Thermal Event,5,LOW
14.74425,78.99921,339.52,0.39,0.44,2026-09-05,739,N21,VIIRS,n,2.0NRT,302.1,6.21,D,VIIRS_NOAA21_NRT,5.9,2,,5.254237288135586,Persistent / Stable,0,109.85,Fodd Corporation of India Godowns,0,221.84,0,222.33,0,Cropland / Agriculture,3,1,5.254237288135586,0.9,0,0,1,0,70.0,0,37.41999999999996,Agricultural Burning,0,LOW
9.18167,78.42713,335.64,0.36,0.57,2026-08-22,839,N21,VIIRS,n,2.0NRT,295.68,1.39,D,VIIRS_NOAA21_NRT,1.39,1,,0.0,Single Historical Detection,0,51.1,SPIC Tuticorin Fertilizers,0,145.85,0,190.38,0,Other,4,1,0.0,0.58,0,0,0,0,70.0,0,39.95999999999998,Agricultural Burning,0,LOW
23.61165,87.14617,298.73,0.46,0.47,2026-08-25,1932,N20,VIIRS,n,2.0NRT,274.79,0.41,N,VIIRS_NOAA20_NRT,1.4133333333333333,3,,-70.99056603773586,Persistent / Reduced,0,3.06,Unnamed Industrial Feature,0,75.31,0,199.59,0,Other,4,1,-70.99056603773586,0.17,0,0,1,0,70.0,1,23.939999999999998,Other Thermal Event,5,LOW
10.00979,78.03833,335.25,0.43,0.38,2026-08-10,822,N20,VIIRS,n,2.0NRT,303.46,3.88,D,VIIRS_NOAA20_NRT,3.6233333333333335,3,,7.083716651333938,Persistent / Stable,0,12.31,TNSTC Ponmeni Bus depot,0,105.12,0,154.16,0,Cropland / Agriculture,3,1,7.083716651333938,0.84,0,0,1,0,70.0,0,31.79000000000002,Agricultural Burning,0,LOW
23.70852,86.447,315.9,0.48,0.4,2026-09-05,2010,N21,VIIRS,n,2.0NRT,289.96,2.39,N,VIIRS_NOAA21_NRT,2.355,36,,1.486199575371556,Persistent / Stable,0,4.87,SAIL Chasnalla ADM Building,0,4.45,1,195.53,0,Other,4,1,1.486199575371556,0.71,0,0,1,0,70.0,1,25.939999999999998,Mining Activity,0,LOW
21.10338,72.6466,336.51,0.41,0.37,2026-09-06,818,N20,VIIRS,l,2.0NRT,301.02,7.78,D,VIIRS_NOAA20_NRT,4.875096774193549,155,,59.58657561801913,Abnormal Increase,0,0.78,ArcelorMittal Nippon Steel India,1,378.22,0,0.78,1,Industrial,0,1,59.58657561801913,1.32,0,0,1,0,30.0,0,35.49000000000001,Gas Flare,25,LOW
15.17368,76.78575,304.27,0.49,0.4,2026-08-28,2019,N20,VIIRS,n,2.0NRT,291.11,1.18,N,VIIRS_NOAA20_NRT,1.14,6,,3.5087719298245648,Persistent / Stable,0,8.72,Food Corporation of India,0,14.65,0,268.81,0,Forest / Woodland,2,1,3.5087719298245648,0.55,0,0,1,0,70.0,1,13.159999999999968,Other Thermal Event,10,LOW
11.62135,79.67422,342.53,0.39,0.44,2026-08-28,744,N20,VIIRS,n,2.0NRT,297.44,3.31,D,VIIRS_NOAA20_NRT,3.31,1,,0.0,Single Historical Detection,0,17.63,SIPCOT Cuddalore Industrial Estate,0,17.63,0,96.78,0,Cropland / Agriculture,3,1,0.0,0.77,0,0,0,0,70.0,0,45.089999999999975,Agricultural Burning,0,LOW
15.74739,77.78989,337.15,0.48,0.4,2026-08-26,822,N20,VIIRS,n,2.0NRT,294.81,4.12,D,VIIRS_NOAA20_NRT,4.12,1,,0.0,Single Historical Detection,0,25.75,Unnamed Industrial Feature,0,114.48,0,214.58,0,Cropland / Agriculture,3,1,0.0,0.8,0,0,0,0,70.0,0,42.339999999999975,Agricultural Burning,0,LOW
23.67522,86.39812,310.65,0.41,0.61,2026-08-23,1913,N21,VIIRS,n,2.0NRT,282.19,1.89,N,VIIRS_NOAA21_NRT,3.0271428571428576,91,,-37.56488909863144,Persistent / Stable,0,3.42,Unnamed Industrial Feature,0,4.76,1,198.24,0,Other,4,1,-37.56488909863144,0.47,0,0,1,0,70.0,1,28.45999999999998,Normal Persistent Source,0,LOW
22.37616,87.27859,325.24,0.35,0.57,2026-08-23,1913,N21,VIIRS,n,2.0NRT,283.28,4.3,N,VIIRS_NOAA21_NRT,3.9493103448275866,58,,8.879769492709318,Persistent / Stable,0,1.14,Unnamed Industrial Feature,1,173.45,0,89.23,0,Industrial,0,1,8.879769492709318,0.87,0,0,1,0,70.0,1,41.960000000000036,Normal Persistent Source,0,LOW
9.57466,78.31066,340.16,0.39,0.36,2026-08-21,813,N20,VIIRS,n,2.0NRT,307.06,4.64,D,VIIRS_NOAA20_NRT,5.37125,8,,-13.614149406562722,Persistent / Stable,0,44.27,Tourist bus parking,0,125.14,0,179.88,0,Other,4,1,-13.614149406562722,0.73,0,0,1,0,70.0,0,33.10000000000002,Other Thermal Event,5,LOW
15.31361,79.78432,337.27,0.55,0.51,2026-08-10,729,N21,VIIRS,n,2.0NRT,298.1,4.76,D,VIIRS_NOAA21_NRT,4.9799999999999995,3,,-4.417670682730919,Persistent / Stable,0,35.16,COW Farm,0,240.24,0,243.71,0,Cropland / Agriculture,3,1,-4.417670682730919,0.8,0,0,1,0,70.0,0,39.16999999999996,Agricultural Burning,0,LOW
23.71838,86.42081,310.37,0.32,0.55,2026-08-20,1923,N20,VIIRS,n,2.0NRT,286.83,1.02,N,VIIRS_NOAA20_NRT,2.1136363636363638,22,,-51.74193548387097,Persistent / Reduced,0,6.47,SAIL Chasnalla ADM Building,0,2.41,1,193.94,0,Mining,1,1,-51.74193548387097,0.33,0,0,1,0,70.0,1,23.54000000000002,Mining Activity,0,LOW
21.18388,81.38812,307.27,0.4,0.44,2026-09-06,1951,N21,VIIRS,n,2.0NRT,289.69,1.97,N,VIIRS_NOAA21_NRT,2.72875,24,,-27.80577187356848,Persistent / Stable,0,0.3,Bhilai Steel Plant,1,171.66,0,284.63,0,Industrial,0,1,-27.80577187356848,0.53,0,0,1,0,70.0,1,17.579999999999984,Normal Persistent Source,0,LOW
23.64955,85.43758,318.4,0.6,0.71,2026-09-03,1908,N21,VIIRS,n,2.0NRT,279.93,4.68,N,VIIRS_NOAA21_NRT,3.0220454545454554,44,,54.861998947130886,Abnormal Increase,0,2.55,Unnamed Industrial Feature,0,48.68,0,207.89,0,Other,4,1,54.861998947130886,1.16,0,0,1,0,70.0,1,38.46999999999997,Normal Persistent Source,0,LOW
20.97534,86.00551,313.77,0.39,0.36,2026-09-06,1951,N21,VIIRS,n,2.0NRT,291.69,3.57,N,VIIRS_NOAA21_NRT,3.8306521739130432,46,,-6.804381136144372,Persistent / Stable,0,0.65,TATA Steel,1,81.61,0,100.16,0,Industrial,0,1,-6.804381136144372,0.74,0,0,1,0,70.0,1,22.079999999999984,Normal Persistent Source,0,LOW
9.06449,76.54559,331.58,0.54,0.51,2026-09-02,750,N20,VIIRS,n,2.0NRT,294.83,3.75,D,VIIRS_NOAA20_NRT,3.49,2,,7.449856733524348,Persistent / Stable,0,3.56,Unnamed Industrial Feature,0,7.19,0,30.17,0,Other,4,1,7.449856733524348,0.84,0,0,1,0,70.0,0,36.75,Other Thermal Event,10,LOW
10.38894,79.17622,330.34,0.37,0.58,2026-08-26,726,N21,VIIRS,n,2.0NRT,292.83,5.0,D,VIIRS_NOAA21_NRT,5.115,2,,-2.2482893450635424,Persistent / Stable,0,41.83,Central Warehouse Corporation,0,164.64,0,84.33,0,Cropland / Agriculture,3,1,-2.2482893450635424,0.82,0,0,1,0,70.0,0,37.50999999999999,Agricultural Burning,0,LOW
13.57464,77.34303,337.24,0.43,0.38,2026-08-10,822,N20,VIIRS,n,2.0NRT,301.7,4.53,D,VIIRS_NOAA20_NRT,4.41,2,,2.721088435374152,Persistent / Stable,0,36.19,Chamundi Die Cast(Pvt)Ltd,0,63.51,0,85.08,0,Cropland / Agriculture,3,1,2.721088435374152,0.84,0,0,1,0,70.0,0,35.54000000000002,Agricultural Burning,0,LOW
9.65658,77.64974,339.31,0.37,0.58,2026-08-31,731,N21,VIIRS,n,2.0NRT,304.18,7.4,D,VIIRS_NOAA21_NRT,5.505,6,,34.42325158946413,Persistent / Stable,0,31.56,Unnamed Industrial Feature,0,52.89,0,112.2,0,Other,4,1,34.42325158946413,1.14,0,0,1,0,70.0,0,35.129999999999995,Other Thermal Event,10,LOW
8.74051,77.59778,296.69,0.41,0.37,2026-08-22,2032,N20,VIIRS,n,2.0NRT,268.68,0.78,N,VIIRS_NOAA20_NRT,19.433809523809526,21,,-95.98637622209698,Persistent / Reduced,0,24.7,Madura Coats,0,81.23,0,116.45,0,Other,4,1,-95.98637622209698,0.04,0,0,1,0,70.0,1,28.00999999999999,Other Thermal Event,5,LOW
21.80345,82.03878,307.21,0.37,0.58,2026-09-07,1932,N21,VIIRS,n,2.0NRT,287.02,1.11,N,VIIRS_NOAA21_NRT,1.915,2,,-42.03655352480417,Persistent / Stable,0,15.3,Unnamed Industrial Feature,0,89.77,0,205.66,0,Forest / Woodland,2,1,-42.03655352480417,0.38,0,0,1,0,70.0,1,20.189999999999998,Agricultural Burning,0,LOW
21.92404,83.35147,309.96,0.39,0.36,2026-08-12,2017,N20,VIIRS,n,2.0NRT,273.67,2.05,N,VIIRS_NOAA20_NRT,2.8140740740740733,27,,-27.151882074230045,Persistent / Stable,0,0.54,Jindal Steel Works,1,74.55,0,69.88,0,Industrial,0,1,-27.151882074230045,0.54,0,0,1,0,70.0,1,36.289999999999964,Normal Persistent Source,0,LOW
15.14559,77.5779,336.17,0.47,0.48,2026-09-05,739,N21,VIIRS,n,2.0NRT,301.03,5.52,D,VIIRS_NOAA21_NRT,4.695,2,,17.571884984025544,Persistent / Stable,0,23.6,Loco Shed,0,70.62,0,241.97,0,Cropland / Agriculture,3,1,17.571884984025544,0.97,0,0,1,0,70.0,0,35.14000000000004,Agricultural Burning,0,LOW
14.80234,79.93763,332.22,0.41,0.45,2026-08-10,822,N20,VIIRS,n,2.0NRT,299.74,3.3,D,VIIRS_NOAA20_NRT,3.3,1,,0.0,Single Historical Detection,0,36.23,COW Farm,0,181.11,0,184.67,0,Cropland / Agriculture,3,1,0.0,0.77,0,0,0,0,70.0,0,32.48000000000002,Agricultural Burning,0,LOW
11.06238,79.42599,342.69,0.39,0.36,2026-09-01,809,N20,VIIRS,n,2.0NRT,308.14,3.87,D,VIIRS_NOAA20_NRT,3.87,1,,0.0,Single Historical Detection,0,28.16,Unnamed Industrial Feature,0,85.15,0,56.3,0,Cropland / Agriculture,3,1,0.0,0.79,0,0,0,0,70.0,0,34.55000000000001,Agricultural Burning,0,LOW
29.46107,76.8892,307.39,0.47,0.4,2026-08-31,2057,N20,VIIRS,n,2.0NRT,292.41,3.12,N,VIIRS_NOAA20_NRT,6.516470588235295,17,,-52.12132153818379,Persistent / Reduced,0,10.61,Panipat IOCL Refinery,0,103.68,0,1.33,1,Cropland / Agriculture,3,1,-52.12132153818379,0.42,0,0,1,0,70.0,1,14.979999999999961,Gas Flare,5,LOW
21.98742,82.01503,300.91,0.37,0.58,2026-09-07,1932,N21,VIIRS,n,2.0NRT,278.27,0.5,N,VIIRS_NOAA21_NRT,0.772,5,,-35.23316062176166,Persistent / Stable,0,13.5,Unnamed Industrial Feature,0,79.46,0,207.86,0,Forest / Woodland,2,1,-35.23316062176166,0.28,0,0,1,0,70.0,1,22.640000000000043,Agricultural Burning,0,LOW
23.69531,87.11382,304.39,0.58,0.52,2026-08-20,1923,N20,VIIRS,n,2.0NRT,285.56,1.59,N,VIIRS_NOAA20_NRT,2.753898305084745,59,,-42.2636632200886,Persistent / Stable,0,0.47,Unnamed Industrial Feature,1,70.45,0,209.36,0,Industrial,0,1,-42.2636632200886,0.42,0,0,1,0,70.0,1,18.829999999999984,Normal Persistent Source,0,LOW
21.79336,83.9878,305.66,0.41,0.37,2026-08-20,2010,N21,VIIRS,n,2.0NRT,291.11,1.61,N,VIIRS_NOAA21_NRT,1.61,1,,0.0,Single Historical Detection,0,4.92,Bhushan Power & Steel,0,111.42,0,13.17,0,Other,4,1,0.0,0.62,0,0,0,0,70.0,1,14.550000000000011,Agricultural Burning,0,LOW
21.36512,81.67917,306.52,0.39,0.36,2026-08-25,2017,N21,VIIRS,n,2.0NRT,289.6,1.98,N,VIIRS_NOAA21_NRT,2.0876923076923077,13,,-5.158437730287401,Persistent / Stable,0,1.01,Unnamed Industrial Feature,1,140.83,0,250.15,0,Industrial,0,1,-5.158437730287401,0.64,0,0,1,0,70.0,1,16.91999999999996,Normal Persistent Source,0,LOW
20.78967,85.26066,334.69,0.39,0.36,2026-09-08,739,N20,VIIRS,n,2.0NRT,282.29,5.06,D,VIIRS_NOAA20_NRT,4.272456140350878,57,,18.43304726317084,Persistent / Stable,0,1.6,Tata Steel Meramandali,1,18.32,0,151.79,0,Industrial,0,1,18.43304726317084,0.96,0,0,1,0,70.0,0,52.39999999999998,Normal Persistent Source,0,LOW
19.45337,75.63052,333.22,0.49,0.4,2026-09-08,826,N21,VIIRS,n,2.0NRT,298.29,3.68,D,VIIRS_NOAA21_NRT,3.68,1,,0.0,Single Historical Detection,0,55.81,MIDC Aurangabad,0,388.23,0,282.64,0,Forest / Woodland,2,1,0.0,0.79,0,0,0,0,70.0,0,34.93000000000001,Agricultural Burning,0,LOW
22.31702,82.5345,307.37,0.53,0.42,2026-09-06,1951,N21,VIIRS,n,2.0NRT,290.57,3.28,N,VIIRS_NOAA21_NRT,1.8900000000000001,10,,73.54497354497353,Abnormal Increase,0,2.51,S V Power Private Limited Renki,0,15.41,0,160.57,0,Other,4,1,73.54497354497353,1.13,0,0,1,0,70.0,1,16.80000000000001,Normal Persistent Source,0,LOW
15.18056,76.65565,306.01,0.5,0.41,2026-08-28,2019,N20,VIIRS,n,2.0NRT,291.74,2.43,N,VIIRS_NOAA20_NRT,2.6380446927374304,179,,-7.886321763622119,Persistent / Stable,0,22.71,Food Corporation of India,0,23.07,0,266.4,0,Forest / Woodland,2,1,-7.886321763622119,0.67,0,0,1,0,70.0,1,14.269999999999982,Other Thermal Event,5,LOW
23.55686,87.24026,330.3,0.4,0.37,2026-08-24,1949,N20,VIIRS,n,2.0NRT,287.55,2.3,N,VIIRS_NOAA20_NRT,2.9255263157894738,38,,-21.38166771611047,Persistent / Stable,0,2.94,Durgapur Steel Plant,0,86.0,0,189.79,0,Other,4,1,-21.38166771611047,0.59,0,0,1,0,70.0,1,42.75,Normal Persistent Source,0,LOW
10.16361,79.21571,333.43,0.56,0.52,2026-09-08,737,N20,VIIRS,n,2.0NRT,298.81,2.41,D,VIIRS_NOAA20_NRT,3.3000000000000003,2,,-26.969696969696972,Persistent / Stable,0,67.25,Central Warehouse Corporation,0,186.52,0,96.11,0,Cropland / Agriculture,3,1,-26.969696969696972,0.56,0,0,1,0,70.0,0,34.620000000000005,Agricultural Burning,0,LOW
15.16786,76.38057,309.06,0.32,0.55,2026-08-20,2108,N20,VIIRS,n,2.0NRT,288.35,1.52,N,VIIRS_NOAA20_NRT,1.3534615384615387,26,,12.304631997726608,Persistent / Stable,0,22.35,APMC,0,27.58,0,249.5,0,Forest / Woodland,2,1,12.304631997726608,0.65,0,0,1,0,70.0,1,20.70999999999998,Other Thermal Event,10,LOW
23.75274,85.85497,307.17,0.45,0.39,2026-09-05,2010,N21,VIIRS,n,2.0NRT,289.72,1.31,N,VIIRS_NOAA21_NRT,1.9751515151515153,33,,-33.67597422522247,Persistent / Stable,0,1.69,Unnamed Industrial Feature,1,4.86,1,187.8,0,Industrial,0,1,-33.67597422522247,0.44,0,0,1,0,70.0,1,17.44999999999999,Normal Persistent Source,0,LOW
23.8,86.32664,300.61,0.73,0.76,2026-08-23,2055,N21,VIIRS,n,2.0NRT,268.36,3.28,N,VIIRS_NOAA21_NRT,2.575531914893617,47,,27.35233374638578,Persistent / Stable,0,2.95,Unnamed Industrial Feature,0,10.57,0,183.39,0,Other,4,1,27.35233374638578,0.92,0,0,1,0,70.0,1,32.25,Normal Persistent Source,0,LOW
22.03358,83.35964,304.65,0.42,0.45,2026-09-04,2027,N21,VIIRS,n,2.0NRT,290.11,1.01,N,VIIRS_NOAA21_NRT,1.5653846153846156,13,,-35.479115479115485,Persistent / Stable,0,3.55,Unnamed Industrial Feature,0,78.32,0,70.43,0,Other,4,1,-35.479115479115485,0.39,0,0,1,0,70.0,1,14.539999999999964,Other Thermal Event,5,LOW
18.71933,79.53963,330.8,0.38,0.36,2026-09-07,758,N20,VIIRS,l,2.0NRT,303.51,4.81,D,VIIRS_NOAA20_NRT,1.7500000000000002,13,,174.85714285714283,Abnormal Increase,0,5.91,"TGSRTC Bus Depot , Godavarikhani",0,140.23,0,83.31,0,Other,4,1,174.85714285714283,1.75,0,1,1,0,30.0,0,27.29000000000002,Other Thermal Event,20,LOW
21.10053,72.65025,308.09,0.56,0.43,2026-09-02,2108,N21,VIIRS,n,2.0NRT,291.26,1.8,N,VIIRS_NOAA21_NRT,4.937368421052631,152,,-63.543332267348895,Persistent / Reduced,0,1.24,ArcelorMittal Nippon Steel India,1,378.41,0,1.06,1,Industrial,0,1,-63.543332267348895,0.3,0,0,1,0,70.0,1,16.829999999999984,Gas Flare,20,LOW
29.45847,76.86858,313.9,0.41,0.37,2026-08-10,2049,N20,VIIRS,n,2.0NRT,267.15,0.54,N,VIIRS_NOAA20_NRT,10.961515151515153,33,,-95.07367373455338,Persistent / Reduced,0,11.87,Panipat IOCL Refinery,0,104.2,0,1.69,1,Cropland / Agriculture,3,1,-95.07367373455338,0.05,0,0,1,0,70.0,1,46.75,Gas Flare,5,LOW
21.38556,81.65132,302.29,0.38,0.59,2026-09-07,1932,N21,VIIRS,n,2.0NRT,277.01,2.01,N,VIIRS_NOAA21_NRT,2.078888888888889,9,,-3.313735970069487,Persistent / Stable,0,1.28,Unnamed Industrial Feature,1,143.8,0,252.4,0,Industrial,0,1,-3.313735970069487,0.65,0,0,1,0,70.0,1,25.28000000000003,Normal Persistent Source,0,LOW
12.04919,79.05791,307.8,0.39,0.36,2026-08-20,2014,N21,VIIRS,n,2.0NRT,277.73,1.4,N,VIIRS_NOAA21_NRT,1.4100000000000001,3,,-0.7092198581560447,Persistent / Stable,0,67.86,Neyveli Lignite Corporation,0,83.94,0,166.37,0,Cropland / Agriculture,3,1,-0.7092198581560447,0.58,0,0,1,0,70.0,1,30.069999999999993,Agricultural Burning,0,LOW
17.08061,79.32659,310.3,0.41,0.37,2026-09-05,2012,N21,VIIRS,n,2.0NRT,275.83,1.28,N,VIIRS_NOAA21_NRT,1.28,4,,0.0,Persistent / Stable,0,23.94,Unnamed Industrial Feature,0,320.19,0,77.67,0,Cropland / Agriculture,3,1,0.0,0.56,0,0,1,0,70.0,1,34.47000000000003,Agricultural Burning,0,LOW
23.78161,85.57585,304.27,0.38,0.36,2026-09-03,2002,N20,VIIRS,n,2.0NRT,284.23,1.39,N,VIIRS_NOAA20_NRT,1.512,10,,-8.068783068783075,Persistent / Stable,0,1.74,Unnamed Industrial Feature,1,33.43,0,189.86,0,Industrial,0,1,-8.068783068783075,0.55,0,0,1,0,70.0,1,20.039999999999964,Normal Persistent Source,0,LOW
23.73534,86.4345,304.61,0.39,0.36,2026-08-21,1949,N21,VIIRS,n,2.0NRT,270.0,1.37,N,VIIRS_NOAA21_NRT,2.4315217391304342,46,,-43.6566830576665,Persistent / Stable,0,5.97,Unnamed Industrial Feature,0,1.56,1,192.35,0,Mining,1,1,-43.6566830576665,0.4,0,0,1,0,70.0,1,34.610000000000014,Mining Activity,0,LOW
12.29194,79.93996,319.76,0.47,0.48,2026-09-01,1947,N21,VIIRS,n,2.0NRT,289.14,5.06,N,VIIRS_NOAA21_NRT,5.385,2,,-6.035283194057571,Persistent / Stable,0,32.94,TNSTC Bus Depot,0,62.99,0,98.35,0,Cropland / Agriculture,3,1,-6.035283194057571,0.79,0,0,1,0,70.0,1,30.620000000000005,Agricultural Burning,0,LOW
13.60485,76.79096,298.68,0.39,0.44,2026-08-15,2006,N21,VIIRS,n,2.0NRT,279.2,0.43,N,VIIRS_NOAA21_NRT,1.635,2,,-73.70030581039757,Persistent / Reduced,0,35.4,KMF Cattle Feed Plant,0,101.33,0,133.17,0,Forest / Woodland,2,1,-73.70030581039757,0.16,0,0,1,0,70.0,1,19.480000000000018,Agricultural Burning,0,LOW
17.78408,75.71846,331.24,0.38,0.36,2026-09-06,818,N20,VIIRS,n,2.0NRT,300.33,3.33,D,VIIRS_NOAA20_NRT,3.33,1,,0.0,Single Historical Detection,0,39.14,Hotgi Cement Works,0,319.69,0,312.24,0,Forest / Woodland,2,1,0.0,0.77,0,0,0,0,70.0,0,30.910000000000025,Agricultural Burning,0,LOW
23.69101,86.38829,322.7,0.32,0.55,2026-08-20,1923,N20,VIIRS,n,2.0NRT,286.84,1.89,N,VIIRS_NOAA20_NRT,2.8839743589743594,78,,-34.46543676372528,Persistent / Stable,0,3.81,SAIL Parbatpur Colliery,0,3.81,1,196.34,0,Mining,1,1,-34.46543676372528,0.49,0,0,1,0,70.0,1,35.860000000000014,Mining Activity,0,LOW
23.73986,86.43388,312.4,0.59,0.7,2026-08-10,2051,N20,VIIRS,n,2.0NRT,285.6,2.78,N,VIIRS_NOAA20_NRT,2.5792105263157894,38,,7.784919906132023,Persistent / Stable,0,5.47,Unnamed Industrial Feature,0,1.41,1,191.85,0,Mining,1,1,7.784919906132023,0.78,0,0,1,0,70.0,1,26.799999999999955,Mining Activity,0,LOW
17.64225,82.57277,341.11,0.41,0.45,2026-09-01,809,N20,VIIRS,n,2.0NRT,296.41,3.78,D,VIIRS_NOAA20_NRT,3.78,1,,0.0,Single Historical Detection,0,68.6,Visakhapatnam Steel Plant RINL,0,311.79,0,77.1,0,Other,4,1,0.0,0.79,0,0,0,0,70.0,0,44.69999999999999,Agricultural Burning,0,LOW
15.17469,76.65448,311.08,0.51,0.41,2026-08-21,2051,N20,VIIRS,n,2.0NRT,290.84,1.16,N,VIIRS_NOAA20_NRT,2.6682941176470587,170,,-56.52653160203699,Persistent / Reduced,0,22.43,NMDC Donimalai Iron Mine,0,22.43,0,265.79,0,Forest / Woodland,2,1,-56.52653160203699,0.32,0,0,1,0,70.0,1,20.24000000000001,Other Thermal Event,5,LOW
23.78201,86.38963,311.6,0.32,0.55,2026-09-05,1923,N20,VIIRS,n,2.0NRT,272.85,0.96,N,VIIRS_NOAA20_NRT,1.9978846153846155,52,,-51.94917701414958,Persistent / Reduced,0,4.39,Unnamed Industrial Feature,0,4.42,1,186.4,0,Other,4,1,-51.94917701414958,0.32,0,0,1,0,70.0,1,38.75,Mining Activity,0,LOW
20.91191,71.45881,305.05,0.33,0.55,2026-08-25,2019,N21,VIIRS,n,2.0NRT,290.37,0.96,N,VIIRS_NOAA21_NRT,1.2485714285714289,14,,-23.112128146453113,Persistent / Stable,0,0.48,Unnamed Industrial Feature,1,312.7,0,122.44,0,Industrial,0,1,-23.112128146453113,0.43,0,0,1,0,70.0,1,14.680000000000007,Normal Persistent Source,0,LOW
21.33948,78.96864,306.66,0.36,0.57,2026-09-05,2106,N20,VIIRS,n,2.0NRT,286.14,0.7,N,VIIRS_NOAA20_NRT,1.7553846153846153,13,,-60.122699386503065,Persistent / Reduced,0,41.12,MIDC Nagpur Butibori,0,157.22,0,380.31,0,Forest / Woodland,2,1,-60.122699386503065,0.25,0,0,1,0,70.0,1,20.52000000000004,Other Thermal Event,5,LOW
22.79068,86.19763,330.28,0.48,0.4,2026-08-20,2010,N21,VIIRS,n,2.0NRT,291.04,4.25,N,VIIRS_NOAA21_NRT,2.479821428571429,56,,71.38330812990566,Abnormal Increase,0,0.65,Tata Steel,1,100.1,0,209.33,0,Industrial,0,1,71.38330812990566,1.22,0,0,1,0,70.0,1,39.23999999999995,Normal Persistent Source,10,LOW
27.60703,95.40102,308.03,0.4,0.44,2026-09-06,1904,N20,VIIRS,n,2.0NRT,289.98,1.33,N,VIIRS_NOAA20_NRT,1.202,5,,10.64891846921798,Persistent / Stable,0,13.73,Truck Stand and Weight Bridge,0,591.42,0,32.33,0,Forest / Woodland,2,1,10.64891846921798,0.6,0,0,1,0,70.0,1,18.049999999999955,Agricultural Burning,0,LOW
15.06239,79.87417,339.86,0.49,0.4,2026-08-29,811,N21,VIIRS,n,2.0NRT,304.15,7.63,D,VIIRS_NOAA21_NRT,7.63,1,,0.0,Single Historical Detection,0,18.48,COW Farm,0,210.82,0,214.37,0,Cropland / Agriculture,3,1,0.0,0.88,0,0,0,0,70.0,0,35.710000000000036,Agricultural Burning,0,LOW
25.9415,72.18927,302.41,0.66,0.73,2026-08-12,2153,N20,VIIRS,n,2.0NRT,269.33,2.05,N,VIIRS_NOAA20_NRT,1.6684374999999998,32,,22.869451208091405,Persistent / Stable,0,10.63,Industrial Area,0,139.52,0,84.22,0,Other,4,1,22.869451208091405,0.77,0,0,1,0,70.0,1,33.08000000000004,Other Thermal Event,10,LOW
9.41918,77.50965,335.16,0.38,0.59,2026-08-31,731,N21,VIIRS,n,2.0NRT,299.91,2.45,D,VIIRS_NOAA21_NRT,4.6499999999999995,3,,-47.31182795698924,Persistent / Stable,0,19.21,Unnamed Industrial Feature,0,42.78,0,90.39,0,Other,4,1,-47.31182795698924,0.43,0,0,1,0,70.0,0,35.25,Agricultural Burning,0,LOW
22.20825,84.86081,307.17,0.39,0.44,2026-09-04,1945,N20,VIIRS,n,2.0NRT,290.62,1.72,N,VIIRS_NOAA20_NRT,2.28,27,,-24.561403508771924,Persistent / Stable,0,0.9,Rourkela Steel Plant SAIL,1,45.39,0,91.95,0,Industrial,0,1,-24.561403508771924,0.52,0,0,1,0,70.0,1,16.55000000000001,Normal Persistent Source,0,LOW
9.55316,77.52426,315.45,0.38,0.36,2026-09-02,2025,N20,VIIRS,n,2.0NRT,287.14,1.52,N,VIIRS_NOAA20_NRT,1.9461111111111107,18,,-21.89551812731942,Persistent / Stable,0,26.14,Unnamed Industrial Feature,0,39.34,0,95.39,0,Other,4,1,-21.89551812731942,0.52,0,0,1,0,70.0,1,28.310000000000002,Other Thermal Event,5,LOW
23.77187,86.19864,303.1,0.47,0.4,2026-09-05,2010,N21,VIIRS,n,2.0NRT,277.17,0.92,N,VIIRS_NOAA21_NRT,3.0518750000000003,48,,-69.8545975834528,Persistent / Reduced,0,5.88,Unnamed Industrial Feature,0,18.09,0,185.06,0,Other,4,1,-69.8545975834528,0.23,0,0,1,0,70.0,1,25.930000000000007,Other Thermal Event,5,LOW
15.17542,77.10057,302.32,0.45,0.47,2026-08-26,2055,N20,VIIRS,n,2.0NRT,285.01,1.32,N,VIIRS_NOAA20_NRT,1.3944827586206898,29,,-5.341246290801194,Persistent / Stable,0,19.64,Bellary JSW Steel Plant,0,19.58,0,256.43,0,Cropland / Agriculture,3,1,-5.341246290801194,0.55,0,0,1,0,70.0,1,17.310000000000002,Other Thermal Event,5,LOW
14.66492,79.76666,337.9,0.53,0.42,2026-09-05,739,N21,VIIRS,n,2.0NRT,303.79,5.81,D,VIIRS_NOAA21_NRT,7.015000000000001,2,,-17.177476835352827,Persistent / Stable,0,39.93,Fodd Corporation of India Godowns,0,171.81,0,174.61,0,Cropland / Agriculture,3,1,-17.177476835352827,0.72,0,0,1,0,70.0,0,34.10999999999996,Agricultural Burning,0,LOW
23.69164,87.1003,306.55,0.4,0.37,2026-09-03,2002,N20,VIIRS,n,2.0NRT,288.71,1.63,N,VIIRS_NOAA20_NRT,2.162333333333333,30,,-24.61846770464005,Persistent / Stable,0,0.1,Unnamed Industrial Feature,1,69.16,0,209.64,0,Industrial,0,1,-24.61846770464005,0.52,0,0,1,0,70.0,1,17.840000000000032,Normal Persistent Source,0,LOW
12.61552,77.65279,335.2,0.44,0.38,2026-08-10,822,N20,VIIRS,n,2.0NRT,299.09,3.03,D,VIIRS_NOAA20_NRT,2.825,2,,7.256637168141579,Persistent / Stable,0,16.22,Unnamed Industrial Feature,0,41.67,0,45.99,0,Cropland / Agriculture,3,1,7.256637168141579,0.79,0,0,1,0,70.0,0,36.110000000000014,Agricultural Burning,0,LOW
15.17202,76.38217,295.27,0.45,0.63,2026-09-01,1949,N21,VIIRS,n,2.0NRT,279.88,2.13,N,VIIRS_NOAA21_NRT,1.3534615384615387,26,,57.374254049445824,Abnormal Increase,0,22.76,APMC,0,27.79,0,249.98,0,Forest / Woodland,2,1,57.374254049445824,0.91,0,0,1,0,70.0,1,15.389999999999986,Other Thermal Event,20,LOW
23.80258,86.33081,319.81,0.47,0.48,2026-08-22,2027,N20,VIIRS,n,2.0NRT,279.36,3.4,N,VIIRS_NOAA20_NRT,2.4651851851851863,54,,37.92067307692301,Persistent / Stable,0,3.37,Unnamed Industrial Feature,0,10.16,0,183.17,0,Other,4,1,37.92067307692301,0.98,0,0,1,0,70.0,1,40.44999999999999,Normal Persistent Source,0,LOW
14.57085,79.05241,331.71,0.39,0.44,2026-09-05,739,N21,VIIRS,l,2.0NRT,303.67,2.7,D,VIIRS_NOAA21_NRT,2.7,1,,0.0,Single Historical Detection,0,98.04,Fodd Corporation of India Godowns,0,203.57,0,203.81,0,Cropland / Agriculture,3,1,0.0,0.73,0,0,0,0,30.0,0,28.039999999999964,Agricultural Burning,0,LOW
23.69801,85.366,296.73,0.38,0.58,2026-08-20,1923,N20,VIIRS,n,2.0NRT,280.04,0.31,N,VIIRS_NOAA20_NRT,1.4726315789473685,19,,-78.94924946390279,Persistent / Reduced,0,8.61,Jindal Steel,0,54.95,0,205.12,0,Other,4,1,-78.94924946390279,0.13,0,0,1,0,70.0,1,16.689999999999998,Other Thermal Event,5,LOW
23.77525,86.19253,297.06,0.33,0.55,2026-09-05,1923,N20,VIIRS,n,2.0NRT,273.71,0.94,N,VIIRS_NOAA20_NRT,3.019047619047619,42,,-68.86435331230284,Persistent / Reduced,0,5.7,Unnamed Industrial Feature,0,18.81,0,184.64,0,Other,4,1,-68.86435331230284,0.23,0,0,1,0,70.0,1,23.350000000000023,Other Thermal Event,5,LOW
9.78937,78.38755,333.79,0.53,0.42,2026-08-31,828,N20,VIIRS,n,2.0NRT,303.62,3.64,D,VIIRS_NOAA20_NRT,5.293333333333333,3,,-31.234256926952135,Persistent / Stable,0,34.1,Tourist bus parking,0,134.98,0,192.99,0,Other,4,1,-31.234256926952135,0.58,0,0,1,0,70.0,0,30.170000000000016,Agricultural Burning,0,LOW
9.38254,78.68787,337.2,0.41,0.37,2026-08-19,758,N21,VIIRS,l,2.0NRT,302.15,4.57,D,VIIRS_NOAA21_NRT,4.57,1,,0.0,Single Historical Detection,0,86.64,SPIC Tuticorin Fertilizers,0,168.36,0,199.38,0,Other,4,1,0.0,0.82,0,0,0,0,30.0,0,35.05000000000001,Agricultural Burning,0,LOW
22.87479,86.06349,310.39,0.42,0.45,2026-08-22,1932,N21,VIIRS,n,2.0NRT,278.8,1.19,N,VIIRS_NOAA21_NRT,2.0949999999999998,10,,-43.198090692124104,Persistent / Stable,0,0.12,Unnamed Industrial Feature,1,94.13,0,225.69,0,Industrial,0,1,-43.198090692124104,0.38,0,0,1,0,70.0,1,31.589999999999975,Normal Persistent Source,0,LOW
18.70882,74.45466,336.09,0.41,0.45,2026-08-25,841,N20,VIIRS,n,2.0NRT,295.12,3.57,D,VIIRS_NOAA20_NRT,3.675,2,,-2.8571428571428568,Persistent / Stable,0,34.5,Unnamed Industrial Feature,0,470.12,0,154.19,0,Forest / Woodland,2,1,-2.8571428571428568,0.76,0,0,1,0,70.0,0,40.96999999999997,Agricultural Burning,0,LOW
23.68155,86.0921,312.29,0.54,0.68,2026-08-10,1913,N20,VIIRS,n,2.0NRT,281.33,6.51,N,VIIRS_NOAA20_NRT,2.5296103896103896,77,,157.35188417702022,Abnormal Increase,0,1.1,Bokaro Steel Plant,1,17.34,0,194.6,0,Industrial,0,1,157.35188417702022,1.84,0,1,1,0,70.0,1,30.960000000000036,Normal Persistent Source,20,LOW
23.66344,84.99948,306.55,0.39,0.36,2026-09-03,2002,N20,VIIRS,n,2.0NRT,287.33,0.92,N,VIIRS_NOAA20_NRT,1.2993333333333337,15,,-29.19445869676759,Persistent / Stable,0,23.53,Tori Power Project,0,92.47,0,219.21,0,Other,4,1,-29.19445869676759,0.4,0,0,1,0,70.0,1,19.220000000000027,Other Thermal Event,5,LOW
21.10424,72.64529,332.55,0.55,0.68,2026-08-26,909,N21,VIIRS,n,2.0NRT,288.95,7.18,D,VIIRS_NOAA21_NRT,4.875096774193549,155,,47.27912762691225,Persistent / Stable,0,0.65,ArcelorMittal Nippon Steel India,1,378.17,0,0.72,1,Industrial,0,1,47.27912762691225,1.22,0,0,1,0,70.0,0,43.60000000000002,Gas Flare,25,LOW
23.77493,86.19585,299.12,0.33,0.55,2026-09-05,1923,N20,VIIRS,n,2.0NRT,274.71,1.82,N,VIIRS_NOAA20_NRT,3.0518750000000003,48,,-40.36453000204793,Persistent / Stable,0,5.91,Unnamed Industrial Feature,0,18.51,0,184.7,0,Other,4,1,-40.36453000204793,0.45,0,0,1,0,70.0,1,24.410000000000025,Other Thermal Event,5,LOW
20.78809,85.25961,304.18,0.46,0.39,2026-09-05,2010,N21,VIIRS,n,2.0NRT,285.85,1.75,N,VIIRS_NOAA21_NRT,4.323928571428572,56,,-59.52754604774098,Persistent / Reduced,0,1.78,Tata Steel Meramandali,1,18.47,0,151.82,0,Industrial,0,1,-59.52754604774098,0.33,0,0,1,0,70.0,1,18.329999999999984,Normal Persistent Source,0,LOW
14.79286,77.74784,338.51,0.4,0.37,2026-09-06,816,N20,VIIRS,n,2.0NRT,307.33,7.11,D,VIIRS_NOAA20_NRT,6.985,2,,1.7895490336435216,Persistent / Stable,0,59.47,Loco Shed,0,97.39,0,201.29,0,Cropland / Agriculture,3,1,1.7895490336435216,0.89,0,0,1,0,70.0,0,31.180000000000007,Agricultural Burning,0,LOW
13.39423,80.09978,310.06,0.56,0.43,2026-08-27,2036,N20,VIIRS,n,2.0NRT,294.26,1.02,N,VIIRS_NOAA20_NRT,1.8466666666666667,6,,-44.765342960288805,Persistent / Stable,0,2.29,SIPCOT Gummidipundi,1,31.09,0,30.96,0,Other,4,1,-44.765342960288805,0.36,0,0,1,0,70.0,1,15.800000000000011,Normal Persistent Source,0,LOW
23.76123,86.40065,315.37,0.32,0.55,2026-08-20,1923,N20,VIIRS,n,2.0NRT,287.07,2.07,N,VIIRS_NOAA20_NRT,2.1733057851239668,121,,-4.753393923261209,Persistent / Stable,0,4.45,Unnamed Industrial Feature,0,3.07,1,188.87,0,Mining,1,1,-4.753393923261209,0.65,0,0,1,0,70.0,1,28.30000000000001,Mining Activity,0,LOW
21.67781,84.03885,311.68,0.37,0.58,2026-09-06,2046,N20,VIIRS,n,2.0NRT,288.06,2.14,N,VIIRS_NOAA20_NRT,2.8622222222222224,18,,-25.232919254658388,Persistent / Stable,0,6.65,Unnamed Industrial Feature,0,110.91,0,25.35,0,Other,4,1,-25.232919254658388,0.55,0,0,1,0,70.0,1,23.620000000000005,Other Thermal Event,5,LOW
15.17278,80.02982,350.37,0.43,0.38,2026-09-01,809,N20,VIIRS,n,2.0NRT,304.02,4.72,D,VIIRS_NOAA20_NRT,5.88,6,,-19.727891156462587,Persistent / Stable,0,6.66,COW Farm,0,219.76,0,223.81,0,Cropland / Agriculture,3,1,-19.727891156462587,0.69,0,0,1,0,70.0,0,46.35000000000002,Other Thermal Event,5,LOW
11.8151,77.91316,305.93,0.52,0.67,2026-09-07,1936,N21,VIIRS,n,2.0NRT,291.15,2.0,N,VIIRS_NOAA21_NRT,1.7600000000000002,40,,13.63636363636362,Persistent / Stable,0,12.55,TNSTC Depot Mettur Dam,0,134.99,0,109.34,0,Cropland / Agriculture,3,1,13.63636363636362,0.72,0,0,1,0,70.0,1,14.78000000000003,Other Thermal Event,10,LOW
22.37879,87.27578,304.5,0.45,0.63,2026-08-24,2034,N21,VIIRS,n,2.0NRT,288.0,3.39,N,VIIRS_NOAA21_NRT,3.9493103448275866,58,,-14.162228237143113,Persistent / Stable,0,1.33,Tata Metaliks,1,173.04,0,89.62,0,Industrial,0,1,-14.162228237143113,0.68,0,0,1,0,70.0,1,16.5,Normal Persistent Source,0,LOW
26.77205,94.50575,307.34,0.43,0.46,2026-09-06,1904,N20,VIIRS,n,2.0NRT,289.01,2.39,N,VIIRS_NOAA20_NRT,2.306,5,,3.642671292281009,Persistent / Stable,0,20.65,Unnamed Industrial Feature,0,479.61,0,27.27,0,Forest / Woodland,2,1,3.642671292281009,0.72,0,0,1,0,70.0,1,18.329999999999984,Agricultural Burning,0,LOW
23.64957,85.43659,321.91,0.59,0.7,2026-08-10,1913,N20,VIIRS,n,2.0NRT,284.33,4.84,N,VIIRS_NOAA20_NRT,3.0220454545454554,44,,60.156426261562714,Abnormal Increase,0,2.65,Unnamed Industrial Feature,0,48.78,0,207.92,0,Other,4,1,60.156426261562714,1.2,0,0,1,0,70.0,1,37.58000000000004,Normal Persistent Source,0,LOW
10.44382,79.63159,332.01,0.39,0.36,2026-08-24,803,N21,VIIRS,n,2.0NRT,288.22,3.01,D,VIIRS_NOAA21_NRT,3.3449999999999998,4,,-10.014947683109119,Persistent / Stable,0,32.38,Majestic Lumber Mill,0,146.14,0,42.85,0,Cropland / Agriculture,3,1,-10.014947683109119,0.69,0,0,1,0,70.0,0,43.789999999999964,Agricultural Burning,0,LOW
27.28793,73.83944,306.99,0.38,0.36,2026-08-18,2046,N21,VIIRS,n,2.0NRT,294.12,1.0,N,VIIRS_NOAA21_NRT,1.25,7,,-20.0,Persistent / Stable,0,91.94,Unnamed Industrial Feature,0,326.83,0,292.89,0,Other,4,1,-20.0,0.44,0,0,1,0,70.0,1,12.870000000000005,Other Thermal Event,5,LOW
13.01668,77.74179,303.01,0.43,0.38,2026-09-05,2014,N21,VIIRS,n,2.0NRT,290.02,0.5,N,VIIRS_NOAA21_NRT,0.5,1,,0.0,Single Historical Detection,0,2.24,Satellite Goods Terminal,1,19.91,0,11.61,0,Other,4,1,0.0,0.33,0,0,0,0,70.0,1,12.990000000000009,Other Thermal Event,5,LOW
21.82849,83.89872,303.3,0.36,0.57,2026-09-06,2046,N20,VIIRS,n,2.0NRT,287.25,1.08,N,VIIRS_NOAA20_NRT,1.08,1,,0.0,Single Historical Detection,0,4.97,Unnamed Industrial Feature,0,105.42,0,15.9,0,Other,4,1,0.0,0.52,0,0,0,0,70.0,1,16.05000000000001,Agricultural Burning,0,LOW
9.73645,77.55113,310.68,0.38,0.43,2026-09-03,2006,N20,VIIRS,n,2.0NRT,291.78,1.08,N,VIIRS_NOAA20_NRT,9.467500000000001,4,,-88.5925534724056,Persistent / Reduced,0,42.64,Unnamed Industrial Feature,0,44.17,0,106.02,0,Other,4,1,-88.5925534724056,0.1,0,0,1,0,70.0,1,18.900000000000034,Agricultural Burning,0,LOW
21.80168,83.89066,321.82,0.55,0.43,2026-09-07,2027,N20,VIIRS,n,2.0NRT,290.34,4.38,N,VIIRS_NOAA20_NRT,2.977333333333333,15,,47.111509180474705,Persistent / Stable,0,1.88,Unnamed Industrial Feature,1,103.15,0,18.33,0,Industrial,0,1,47.111509180474705,1.1,0,0,1,0,70.0,1,31.480000000000018,Normal Persistent Source,0,LOW
16.01439,78.2641,337.66,0.43,0.62,2026-09-07,843,N21,VIIRS,n,2.0NRT,291.69,4.22,D,VIIRS_NOAA21_NRT,4.22,1,,0.0,Single Historical Detection,0,28.47,Unnamed Industrial Feature,0,173.1,0,167.95,0,Cropland / Agriculture,3,1,0.0,0.81,0,0,0,0,70.0,0,45.97000000000003,Agricultural Burning,0,LOW
23.64511,85.43939,307.89,0.52,0.5,2026-09-04,2027,N21,VIIRS,n,2.0NRT,288.51,2.4,N,VIIRS_NOAA21_NRT,3.0220454545454554,44,,-20.583590283522625,Persistent / Stable,0,2.36,Unnamed Industrial Feature,1,48.62,0,208.31,0,Other,4,1,-20.583590283522625,0.6,0,0,1,0,70.0,1,19.379999999999995,Normal Persistent Source,0,LOW
13.39185,80.07369,307.57,0.41,0.37,2026-08-31,2006,N21,VIIRS,n,2.0NRT,292.82,1.15,N,VIIRS_NOAA21_NRT,1.2149999999999999,2,,-5.349794238683124,Persistent / Stable,0,4.18,SIPCOT Gummidipundi,0,33.16,0,32.57,0,Cropland / Agriculture,3,1,-5.349794238683124,0.52,0,0,1,0,70.0,1,14.75,Agricultural Burning,0,LOW
22.37859,87.28209,315.76,0.45,0.63,2026-08-24,2034,N21,VIIRS,n,2.0NRT,288.26,3.83,N,VIIRS_NOAA21_NRT,3.8291935483870967,62,,0.021060612442613872,Persistent / Stable,0,0.73,Unnamed Industrial Feature,1,173.42,0,89.03,0,Industrial,0,1,0.021060612442613872,0.79,0,0,1,0,70.0,1,27.5,Normal Persistent Source,0,LOW
21.75493,83.84402,325.2,0.45,0.39,2026-09-06,1951,N21,VIIRS,n,2.0NRT,292.45,3.45,N,VIIRS_NOAA21_NRT,4.770121951219513,82,,-27.674805061996693,Persistent / Stable,0,5.26,Unnamed Industrial Feature,0,96.36,0,25.36,0,Other,4,1,-27.674805061996693,0.6,0,0,1,0,70.0,1,32.75,Other Thermal Event,5,LOW
25.03555,87.38821,331.96,0.41,0.45,2026-08-28,748,N20,VIIRS,n,2.0NRT,295.33,3.03,D,VIIRS_NOAA20_NRT,1.56625,8,,93.45570630486831,Abnormal Increase,0,25.75,Kahalgaon Thermal Power Station,0,168.56,0,140.65,0,Other,4,1,93.45570630486831,1.18,0,0,1,0,70.0,0,36.629999999999995,Other Thermal Event,20,LOW
23.80139,86.32409,332.78,0.52,0.41,2026-08-20,741,N21,VIIRS,n,2.0NRT,294.67,6.43,D,VIIRS_NOAA21_NRT,2.575531914893617,47,,149.65716646014042,Abnormal Increase,0,3.03,Unnamed Industrial Feature,0,10.83,0,183.2,0,Other,4,1,149.65716646014042,1.8,0,1,1,0,70.0,0,38.10999999999996,Other Thermal Event,30,LOW
22.0399,83.73799,300.44,0.57,0.52,2026-09-07,1932,N21,VIIRS,n,2.0NRT,280.24,1.17,N,VIIRS_NOAA21_NRT,1.549,10,,-24.46739832149774,Persistent / Stable,0,16.39,Hemgir Coal Washery,0,107.86,0,33.48,0,Other,4,1,-24.46739832149774,0.46,0,0,1,0,70.0,1,20.19999999999999,Other Thermal Event,5,LOW
22.57397,85.89982,308.57,0.59,0.53,2026-09-04,2027,N21,VIIRS,n,2.0NRT,287.86,2.35,N,VIIRS_NOAA21_NRT,2.6941176470588233,17,,-12.772925764192127,Persistent / Stable,0,22.37,ACC Cement Ltd.,0,97.61,0,206.25,0,Other,4,1,-12.772925764192127,0.64,0,0,1,0,70.0,1,20.70999999999998,Other Thermal Event,5,LOW
21.75705,83.84661,312.94,0.55,0.43,2026-09-07,2027,N20,VIIRS,n,2.0NRT,290.65,2.02,N,VIIRS_NOAA20_NRT,4.8012500000000005,80,,-57.92762301483989,Persistent / Reduced,0,4.95,Unnamed Industrial Feature,0,96.71,0,25.01,0,Other,4,1,-57.92762301483989,0.35,0,0,1,0,70.0,1,22.29000000000002,Other Thermal Event,5,LOW
11.16835,79.58639,341.1,0.51,0.49,2026-09-08,737,N20,VIIRS,n,2.0NRT,301.93,6.55,D,VIIRS_NOAA20_NRT,5.87,2,,11.584327086882448,Persistent / Stable,0,44.7,Ramco Cements,0,67.75,0,52.78,0,Cropland / Agriculture,3,1,11.584327086882448,0.95,0,0,1,0,70.0,0,39.170000000000016,Agricultural Burning,0,LOW
10.60031,79.33021,336.51,0.5,0.41,2026-08-18,816,N21,VIIRS,n,2.0NRT,303.52,3.94,D,VIIRS_NOAA21_NRT,2.92,3,,34.93150684931507,Persistent / Stable,0,23.82,Majestic Lumber Mill,0,136.57,0,59.22,0,Cropland / Agriculture,3,1,34.93150684931507,1.01,0,0,1,0,70.0,0,32.99000000000001,Agricultural Burning,0,LOW
16.18167,75.15438,346.32,0.33,0.55,2026-09-05,739,N21,VIIRS,n,2.0NRT,297.58,3.88,D,VIIRS_NOAA21_NRT,3.88,1,,0.0,Single Historical Detection,0,56.59,Unnamed Industrial Feature,0,197.14,0,330.62,0,Forest / Woodland,2,1,0.0,0.8,0,0,0,0,70.0,0,48.74000000000001,Agricultural Burning,0,LOW
18.24572,75.4022,336.99,0.4,0.37,2026-09-03,818,N21,VIIRS,n,2.0NRT,294.85,4.06,D,VIIRS_NOAA21_NRT,4.06,1,,0.0,Single Historical Detection,0,83.88,Unnamed Industrial Feature,0,380.29,0,263.06,0,Forest / Woodland,2,1,0.0,0.8,0,0,0,0,70.0,0,42.139999999999986,Agricultural Burning,0,LOW
14.40978,78.3418,338.03,0.42,0.38,2026-09-06,816,N20,VIIRS,n,2.0NRT,295.11,5.06,D,VIIRS_NOAA20_NRT,5.015,2,,0.8973080757726806,Persistent / Stable,0,129.43,Chikkaballapura Industrial Area,0,173.62,0,167.16,0,Cropland / Agriculture,3,1,0.8973080757726806,0.84,0,0,1,0,70.0,0,42.91999999999996,Agricultural Burning,0,LOW
23.75893,86.40212,302.01,0.39,0.36,2026-09-03,2002,N20,VIIRS,n,2.0NRT,284.55,0.96,N,VIIRS_NOAA20_NRT,2.162396694214876,121,,-55.6048155933499,Persistent / Reduced,0,4.53,Unnamed Industrial Feature,0,2.78,1,189.15,0,Mining,1,1,-55.6048155933499,0.3,0,0,1,0,70.0,1,17.45999999999998,Mining Activity,0,LOW
9.93584,78.25494,337.36,0.33,0.55,2026-09-08,737,N20,VIIRS,n,2.0NRT,303.72,3.5,D,VIIRS_NOAA20_NRT,3.5,1,,0.0,Single Historical Detection,0,16.59,Tourist bus parking,0,124.37,0,176.67,0,Other,4,1,0.0,0.78,0,0,0,0,70.0,0,33.639999999999986,Agricultural Burning,0,LOW
23.67999,86.39662,313.66,0.32,0.55,2026-08-20,1923,N20,VIIRS,n,2.0NRT,286.93,1.83,N,VIIRS_NOAA20_NRT,3.0147826086956524,92,,-39.299105855206236,Persistent / Stable,0,3.84,Unnamed Industrial Feature,0,4.54,1,197.69,0,Other,4,1,-39.299105855206236,0.46,0,0,1,0,70.0,1,26.730000000000018,Mining Activity,0,LOW
9.12931,77.84509,337.52,0.44,0.39,2026-08-27,803,N20,VIIRS,l,2.0NRT,305.71,5.56,D,VIIRS_NOAA20_NRT,8.424999999999999,2,,-34.00593471810089,Persistent / Stable,0,6.73,Unnamed Industrial Feature,0,91.23,0,127.4,0,Other,4,1,-34.00593471810089,0.59,0,0,1,0,30.0,0,31.810000000000002,Agricultural Burning,0,LOW
9.57388,78.30993,339.87,0.43,0.38,2026-08-18,816,N21,VIIRS,n,2.0NRT,305.08,4.52,D,VIIRS_NOAA21_NRT,5.37125,8,,-15.848266232255067,Persistent / Stable,0,44.31,Tourist bus parking,0,125.06,0,179.79,0,Other,4,1,-15.848266232255067,0.71,0,0,1,0,70.0,0,34.79000000000002,Other Thermal Event,5,LOW
20.9636,85.18417,314.97,0.55,0.43,2026-08-11,1940,N21,VIIRS,n,2.0NRT,285.63,4.72,N,VIIRS_NOAA21_NRT,3.661368421052631,95,,28.913549722565634,Persistent / Stable,0,5.37,NTPC Talcher Thermal Power,0,4.02,1,158.9,0,Other,4,1,28.913549722565634,1.01,0,0,1,0,70.0,1,29.340000000000032,Mining Activity,0,LOW
23.75899,86.40348,308.39,0.41,0.37,2026-08-15,2004,N21,VIIRS,n,2.0NRT,266.17,1.05,N,VIIRS_NOAA21_NRT,2.162396694214876,121,,-51.44276705522645,Persistent / Reduced,0,4.43,Unnamed Industrial Feature,0,2.7,1,189.17,0,Mining,1,1,-51.44276705522645,0.33,0,0,1,0,70.0,1,42.21999999999997,Mining Activity,0,LOW
20.86505,84.98814,332.84,0.39,0.36,2026-09-08,739,N20,VIIRS,n,2.0NRT,292.18,6.29,D,VIIRS_NOAA20_NRT,3.152708333333333,48,,99.5110024449878,Abnormal Increase,0,1.15,Angul Steel Plant,1,25.87,0,152.44,0,Industrial,0,1,99.5110024449878,1.51,0,0,1,0,70.0,0,40.65999999999997,Normal Persistent Source,10,LOW
14.54888,79.80931,348.89,0.35,0.57,2026-08-29,726,N20,VIIRS,n,2.0NRT,295.27,3.21,D,VIIRS_NOAA20_NRT,3.755,2,,-14.51398135818908,Persistent / Stable,0,26.38,Fodd Corporation of India Godowns,0,158.11,0,160.92,0,Cropland / Agriculture,3,1,-14.51398135818908,0.68,0,0,1,0,70.0,0,53.620000000000005,Agricultural Burning,0,LOW
23.65019,85.43918,324.83,0.37,0.58,2026-08-20,1923,N20,VIIRS,n,2.0NRT,286.56,2.15,N,VIIRS_NOAA20_NRT,3.0220454545454554,44,,-28.856132962322352,Persistent / Stable,0,2.4,Unnamed Industrial Feature,1,48.51,0,207.78,0,Other,4,1,-28.856132962322352,0.53,0,0,1,0,70.0,1,38.26999999999998,Normal Persistent Source,0,LOW
21.98534,83.23161,307.36,0.62,0.54,2026-09-07,1932,N21,VIIRS,n,2.0NRT,286.48,2.16,N,VIIRS_NOAA21_NRT,2.5444444444444443,9,,-15.109170305676844,Persistent / Stable,0,0.34,Unnamed Industrial Feature,1,69.79,0,82.67,0,Industrial,0,1,-15.109170305676844,0.61,0,0,1,0,70.0,1,20.879999999999995,Normal Persistent Source,0,LOW
21.76084,83.84806,311.27,0.56,0.51,2026-09-07,1932,N21,VIIRS,n,2.0NRT,286.58,2.66,N,VIIRS_NOAA21_NRT,4.761692307692308,65,,-44.13750767341928,Persistent / Stable,0,4.51,Unnamed Industrial Feature,0,97.05,0,24.62,0,Other,4,1,-44.13750767341928,0.46,0,0,1,0,70.0,1,24.689999999999998,Other Thermal Event,5,LOW
26.25694,74.09481,309.59,0.45,0.47,2026-08-22,2112,N21,VIIRS,n,2.0NRT,293.38,1.3,N,VIIRS_NOAA21_NRT,0.9056250000000001,16,,43.54727398205658,Persistent / Stable,0,5.82,Unnamed Industrial Feature,0,214.92,0,277.34,0,Cropland / Agriculture,3,1,43.54727398205658,0.68,0,0,1,0,70.0,1,16.20999999999998,Other Thermal Event,10,LOW
22.57382,85.89554,342.22,0.47,0.4,2026-09-05,2010,N21,VIIRS,n,2.0NRT,294.39,7.45,N,VIIRS_NOAA21_NRT,2.7474999999999996,16,,171.15559599636038,Abnormal Increase,0,22.06,ACC Cement Ltd.,0,97.28,0,205.83,0,Other,4,1,171.15559599636038,1.99,0,1,1,0,70.0,1,47.83000000000004,Other Thermal Event,30,LOW
9.96644,78.03188,340.46,0.39,0.36,2026-08-29,809,N21,VIIRS,n,2.0NRT,301.39,3.67,D,VIIRS_NOAA21_NRT,3.67,1,,0.0,Single Historical Detection,0,9.27,TNSTC Ponmeni Bus depot,0,102.52,0,157.27,0,Other,4,1,0.0,0.79,0,0,0,0,70.0,0,39.06999999999999,Agricultural Burning,0,LOW
11.999,79.72091,332.98,0.46,0.47,2026-09-08,822,N21,VIIRS,l,2.0NRT,303.48,4.93,D,VIIRS_NOAA21_NRT,4.93,1,,0.0,Single Historical Detection,0,10.13,Workshop,0,27.98,0,137.64,0,Cropland / Agriculture,3,1,0.0,0.83,0,0,0,0,30.0,0,29.5,Agricultural Burning,0,LOW
23.69217,87.11459,308.03,0.52,0.41,2026-08-20,2010,N21,VIIRS,n,2.0NRT,289.97,1.5,N,VIIRS_NOAA21_NRT,2.71967213114754,61,,-44.84629294755875,Persistent / Stable,0,0.53,Unnamed Industrial Feature,1,70.58,0,209.01,0,Industrial,0,1,-44.84629294755875,0.4,0,0,1,0,70.0,1,18.059999999999945,Normal Persistent Source,0,LOW
8.95087,77.90591,336.68,0.44,0.38,2026-08-27,803,N20,VIIRS,l,2.0NRT,302.71,2.82,D,VIIRS_NOAA20_NRT,2.865,2,,-1.570680628272264,Persistent / Stable,0,25.77,Unnamed Industrial Feature,0,108.93,0,138.12,0,Other,4,1,-1.570680628272264,0.73,0,0,1,0,30.0,0,33.97000000000003,Agricultural Burning,0,LOW
15.86675,79.77457,342.33,0.54,0.5,2026-08-10,729,N21,VIIRS,n,2.0NRT,299.43,5.8,D,VIIRS_NOAA21_NRT,5.21,2,,11.32437619961612,Persistent / Stable,0,13.92,kummitha's farm,0,300.49,0,210.32,0,Cropland / Agriculture,3,1,11.32437619961612,0.93,0,0,1,0,70.0,0,42.89999999999998,Agricultural Burning,0,LOW
15.33369,76.24677,302.99,0.39,0.37,2026-08-30,2025,N21,VIIRS,n,2.0NRT,288.71,0.69,N,VIIRS_NOAA21_NRT,1.1133333333333335,3,,-38.0239520958084,Persistent / Stable,0,32.02,APMC,0,50.84,0,259.43,0,Forest / Woodland,2,1,-38.0239520958084,0.33,0,0,1,0,70.0,1,14.28000000000003,Agricultural Burning,0,LOW
14.77551,79.7985,336.79,0.32,0.55,2026-09-05,837,N20,VIIRS,n,2.0NRT,293.93,3.53,D,VIIRS_NOAA20_NRT,3.49,2,,1.1461318051575813,Persistent / Stable,0,45.53,COW Farm,0,182.28,0,185.34,0,Cropland / Agriculture,3,1,1.1461318051575813,0.79,0,0,1,0,70.0,0,42.860000000000014,Agricultural Burning,0,LOW
20.91049,71.45941,312.46,0.39,0.36,2026-08-26,2053,N20,VIIRS,n,2.0NRT,289.09,1.26,N,VIIRS_NOAA20_NRT,1.2485714285714289,14,,0.9153318077802955,Persistent / Stable,0,0.32,Unnamed Industrial Feature,1,312.87,0,122.4,0,Industrial,0,1,0.9153318077802955,0.56,0,0,1,0,70.0,1,23.370000000000005,Normal Persistent Source,0,LOW
29.90875,74.95228,338.01,0.42,0.38,2026-08-29,816,N21,VIIRS,n,2.0NRT,303.3,6.19,D,VIIRS_NOAA21_NRT,5.1780952380952385,21,,19.542026853043957,Persistent / Stable,0,28.26,Hindustan Petroleum Oil Depot,0,270.3,0,28.26,0,Cropland / Agriculture,3,1,19.542026853043957,1.0,0,0,1,0,70.0,0,34.70999999999998,Other Thermal Event,10,LOW
23.6613,87.1546,318.36,0.52,0.41,2026-08-20,2010,N21,VIIRS,n,2.0NRT,290.45,1.8,N,VIIRS_NOAA21_NRT,2.5206666666666666,30,,-28.590320021158423,Persistent / Stable,0,4.98,Unnamed Industrial Feature,0,75.22,0,204.09,0,Other,4,1,-28.590320021158423,0.51,0,0,1,0,70.0,1,27.910000000000025,Other Thermal Event,5,LOW
21.11086,72.63392,297.67,0.53,0.42,2026-08-27,2034,N20,VIIRS,n,2.0NRT,269.91,0.95,N,VIIRS_NOAA20_NRT,4.912960526315789,152,,-80.66339033437336,Persistent / Reduced,0,0.7,ONGC Hazira Gas Processing,1,377.81,0,0.7,1,Industrial,0,1,-80.66339033437336,0.16,0,0,1,0,70.0,1,27.75999999999999,Gas Flare,20,LOW
20.97349,86.00412,330.64,0.47,0.39,2026-09-05,741,N21,VIIRS,n,2.0NRT,298.91,7.97,D,VIIRS_NOAA21_NRT,3.8306521739130432,46,,108.0585664831735,Abnormal Increase,0,0.65,TATA Steel,1,81.46,0,100.1,0,Industrial,0,1,108.0585664831735,1.65,0,1,1,0,70.0,0,31.72999999999996,Normal Persistent Source,20,LOW
23.7804,86.20914,318.35,0.46,0.47,2026-08-22,2027,N20,VIIRS,n,2.0NRT,275.53,2.25,N,VIIRS_NOAA20_NRT,3.0518750000000003,48,,-26.274831046487822,Persistent / Stable,0,7.31,Unnamed Industrial Feature,0,17.79,0,184.2,0,Other,4,1,-26.274831046487822,0.56,0,0,1,0,70.0,1,42.82000000000005,Other Thermal Event,5,LOW
16.99839,79.08223,331.13,0.61,0.54,2026-08-28,830,N21,VIIRS,n,2.0NRT,291.49,3.54,D,VIIRS_NOAA21_NRT,3.54,1,,0.0,Single Historical Detection,0,25.11,Poultry Farm,0,309.21,0,64.73,0,Cropland / Agriculture,3,1,0.0,0.78,0,0,0,0,70.0,0,39.639999999999986,Agricultural Burning,0,LOW
21.68499,85.43456,304.08,0.35,0.57,2026-09-05,1925,N20,VIIRS,n,2.0NRT,288.44,0.57,N,VIIRS_NOAA20_NRT,0.57,1,,0.0,Single Historical Detection,0,35.91,Unnamed Industrial Feature,0,16.23,0,147.06,0,Other,4,1,0.0,0.36,0,0,0,0,70.0,1,15.639999999999986,Agricultural Burning,0,LOW
20.86195,84.98651,328.95,0.38,0.36,2026-08-26,1957,N21,VIIRS,n,2.0NRT,288.09,2.02,N,VIIRS_NOAA21_NRT,3.152708333333333,48,,-35.92810414326306,Persistent / Stable,0,1.49,Angul Steel Plant,1,26.16,0,152.59,0,Industrial,0,1,-35.92810414326306,0.49,0,0,1,0,70.0,1,40.860000000000014,Normal Persistent Source,0,LOW
15.09287,79.96823,339.81,0.41,0.45,2026-08-10,822,N20,VIIRS,n,2.0NRT,298.75,5.68,D,VIIRS_NOAA20_NRT,5.68,1,,0.0,Single Historical Detection,0,7.83,COW Farm,0,212.06,0,215.9,0,Cropland / Agriculture,3,1,0.0,0.85,0,0,0,0,70.0,0,41.06,Agricultural Burning,0,LOW
21.10136,72.63664,343.8,0.44,0.38,2026-08-20,837,N20,VIIRS,n,2.0NRT,296.92,7.25,D,VIIRS_NOAA20_NRT,4.875096774193549,155,,48.71499655920806,Persistent / Stable,0,0.27,Essar Steel Hazira,1,378.74,0,0.38,1,Industrial,0,1,48.71499655920806,1.23,0,0,1,0,70.0,0,46.879999999999995,Gas Flare,25,LOW
23.7725,86.36485,297.12,0.41,0.37,2026-08-15,2004,N21,VIIRS,n,2.0NRT,266.94,0.48,N,VIIRS_NOAA21_NRT,1.951153846153846,26,,-75.39917208752217,Persistent / Reduced,0,4.81,Unnamed Industrial Feature,0,6.68,0,187.01,0,Other,4,1,-75.39917208752217,0.16,0,0,1,0,70.0,1,30.180000000000007,Other Thermal Event,5,LOW
26.87821,73.5162,304.01,0.39,0.36,2026-08-15,2057,N20,VIIRS,n,2.0NRT,284.33,1.08,N,VIIRS_NOAA20_NRT,1.6690476190476193,21,,-35.292439372325255,Persistent / Stable,0,88.25,Unnamed Industrial Feature,0,282.09,0,242.66,0,Other,4,1,-35.292439372325255,0.4,0,0,1,0,70.0,1,19.680000000000007,Other Thermal Event,5,LOW
20.78684,85.25983,333.27,0.42,0.45,2026-09-07,801,N20,VIIRS,n,2.0NRT,297.54,7.8,D,VIIRS_NOAA20_NRT,4.366415094339623,53,,78.63624578688096,Abnormal Increase,0,1.92,Tata Steel Meramandali,1,18.61,0,151.75,0,Industrial,0,1,78.63624578688096,1.45,0,0,1,0,70.0,0,35.72999999999996,Normal Persistent Source,10,LOW
15.55267,80.06813,340.26,0.39,0.36,2026-08-11,805,N20,VIIRS,n,2.0NRT,306.64,6.58,D,VIIRS_NOAA20_NRT,6.58,1,,0.0,Single Historical Detection,0,33.7,kummitha's farm,0,261.17,0,256.76,0,Cropland / Agriculture,3,1,0.0,0.87,0,0,0,0,70.0,0,33.620000000000005,Agricultural Burning,0,LOW
23.76508,86.40316,303.43,0.48,0.48,2026-08-22,2027,N20,VIIRS,n,2.0NRT,258.66,1.05,N,VIIRS_NOAA20_NRT,2.2515384615384613,130,,-53.365220362145536,Persistent / Reduced,0,3.97,Unnamed Industrial Feature,0,3.27,1,188.5,0,Mining,1,1,-53.365220362145536,0.32,0,0,1,0,70.0,1,44.76999999999998,Mining Activity,0,LOW
26.25689,74.0946,305.94,0.38,0.36,2026-08-18,2049,N21,VIIRS,n,2.0NRT,286.2,0.88,N,VIIRS_NOAA21_NRT,0.9056250000000001,16,,-2.829537612146321,Persistent / Stable,0,5.83,Unnamed Industrial Feature,0,214.91,0,277.32,0,Cropland / Agriculture,3,1,-2.829537612146321,0.46,0,0,1,0,70.0,1,19.74000000000001,Other Thermal Event,5,LOW
10.20446,78.83449,336.57,0.46,0.39,2026-08-18,816,N21,VIIRS,n,2.0NRT,305.2,5.11,D,VIIRS_NOAA21_NRT,5.11,1,,0.0,Single Historical Detection,0,59.5,Masfab Engineering Technology,0,194.03,0,126.97,0,Cropland / Agriculture,3,1,0.0,0.84,0,0,0,0,70.0,0,31.370000000000005,Agricultural Burning,0,LOW
22.32,82.56749,298.3,0.47,0.39,2026-08-22,2027,N20,VIIRS,n,2.0NRT,270.71,0.68,N,VIIRS_NOAA20_NRT,1.8672222222222221,18,,-63.5822671823862,Persistent / Reduced,0,4.93,S V Power Private Limited Renki,0,12.04,0,157.41,0,Other,4,1,-63.5822671823862,0.24,0,0,1,0,70.0,1,27.590000000000032,Other Thermal Event,5,LOW
8.64795,77.84141,330.38,0.68,0.74,2026-08-29,905,N20,VIIRS,n,2.0NRT,283.86,3.16,D,VIIRS_NOAA20_NRT,3.665,4,,-13.778990450204637,Persistent / Stable,0,38.52,SPIC Tuticorin Fertilizers,0,104.8,0,144.73,0,Other,4,1,-13.778990450204637,0.68,0,0,1,0,70.0,0,46.51999999999998,Agricultural Burning,0,LOW
15.18178,76.67729,306.3,0.39,0.36,2026-09-04,2032,N21,VIIRS,n,2.0NRT,294.38,1.38,N,VIIRS_NOAA21_NRT,2.3630065359477124,153,,-41.599822979476684,Persistent / Stable,0,20.4,Food Corporation of India,0,24.28,0,267.84,0,Forest / Woodland,2,1,-41.599822979476684,0.41,0,0,1,0,70.0,1,11.920000000000016,Other Thermal Event,5,LOW
21.10555,72.64699,341.5,0.39,0.36,2026-08-23,826,N21,VIIRS,n,2.0NRT,294.7,6.06,D,VIIRS_NOAA21_NRT,4.875096774193549,155,,24.305224710179417,Persistent / Stable,0,0.59,ArcelorMittal Nippon Steel India,1,377.97,0,0.95,1,Industrial,0,1,24.305224710179417,1.03,0,0,1,0,70.0,0,46.80000000000001,Gas Flare,25,LOW
20.95171,86.04486,300.84,0.41,0.45,2026-09-02,2021,N20,VIIRS,n,2.0NRT,279.72,0.75,N,VIIRS_NOAA20_NRT,3.5657692307692312,26,,-78.96667026210766,Persistent / Reduced,0,1.16,Duburi Steel Power Plant,1,85.66,0,95.54,0,Industrial,0,1,-78.96667026210766,0.16,0,0,1,0,70.0,1,21.119999999999948,Normal Persistent Source,0,LOW
23.78639,85.55227,305.35,0.52,0.67,2026-08-10,2051,N20,VIIRS,n,2.0NRT,285.84,1.12,N,VIIRS_NOAA20_NRT,1.9495,20,,-42.54937163375224,Persistent / Stable,0,1.0,Tata Iron and Steel Company Limited (TISCO) - West Bokaro,1,35.88,0,189.98,0,Industrial,0,1,-42.54937163375224,0.38,0,0,1,0,70.0,1,19.510000000000048,Normal Persistent Source,0,LOW
28.15596,95.59682,334.4,0.39,0.36,2026-08-15,652,N20,VIIRS,n,2.0NRT,295.37,3.92,D,VIIRS_NOAA20_NRT,13.84,2,,-71.67630057803468,Persistent / Reduced,0,77.38,Truck Stand and Weight Bridge,0,632.37,0,85.19,0,Forest / Woodland,2,1,-71.67630057803468,0.26,0,0,1,0,70.0,0,39.02999999999997,Agricultural Burning,0,LOW
23.76066,86.40447,303.03,0.39,0.36,2026-08-13,1955,N20,VIIRS,n,2.0NRT,286.09,0.83,N,VIIRS_NOAA20_NRT,2.162396694214876,121,,-61.61666348175042,Persistent / Reduced,0,4.22,Unnamed Industrial Feature,0,2.79,1,189.01,0,Mining,1,1,-61.61666348175042,0.26,0,0,1,0,70.0,1,16.939999999999998,Mining Activity,0,LOW
21.98401,83.23322,308.43,0.51,0.41,2026-09-07,2027,N20,VIIRS,n,2.0NRT,283.98,1.47,N,VIIRS_NOAA20_NRT,2.5444444444444443,9,,-42.22707423580786,Persistent / Stable,0,0.17,Unnamed Industrial Feature,1,70.01,0,82.49,0,Industrial,0,1,-42.22707423580786,0.41,0,0,1,0,70.0,1,24.44999999999999,Normal Persistent Source,0,LOW
15.17736,76.65829,331.25,0.43,0.38,2026-08-11,805,N20,VIIRS,l,2.0NRT,294.65,3.42,D,VIIRS_NOAA20_NRT,2.5233644859813085,214,,35.53333333333333,Persistent / Stable,0,22.4,Food Corporation of India,0,22.88,0,266.27,0,Forest / Woodland,2,1,35.53333333333333,0.97,0,0,1,0,30.0,0,36.60000000000002,Other Thermal Event,0,LOW
26.87269,73.51617,312.82,0.41,0.37,2026-08-29,2040,N21,VIIRS,n,2.0NRT,293.62,2.18,N,VIIRS_NOAA21_NRT,1.6690476190476193,21,,30.61340941512124,Persistent / Stable,0,87.8,Unnamed Industrial Feature,0,281.48,0,242.38,0,Other,4,1,30.61340941512124,0.82,0,0,1,0,70.0,1,19.19999999999999,Other Thermal Event,10,LOW
11.45467,77.59742,332.46,0.42,0.38,2026-09-03,816,N21,VIIRS,n,2.0NRT,294.74,2.43,D,VIIRS_NOAA21_NRT,2.43,1,,0.0,Single Historical Detection,0,21.24,Pallava Textiles (P) Limited,0,150.89,0,59.07,0,Cropland / Agriculture,3,1,0.0,0.71,0,0,0,0,70.0,0,37.71999999999997,Agricultural Burning,0,LOW
21.10345,72.63704,333.77,0.38,0.36,2026-09-03,2046,N21,VIIRS,n,2.0NRT,294.36,2.86,N,VIIRS_NOAA21_NRT,4.875096774193549,155,,-41.33449790905724,Persistent / Stable,0,0.11,Hazira Industrial Complex SURAT,1,378.5,0,0.19,1,Industrial,0,1,-41.33449790905724,0.49,0,0,1,0,70.0,1,39.40999999999997,Gas Flare,20,LOW
21.74318,83.84072,338.54,0.4,0.37,2026-09-05,741,N21,VIIRS,n,2.0NRT,301.18,3.69,D,VIIRS_NOAA21_NRT,4.926619718309859,71,,-25.100774750564625,Persistent / Stable,0,6.37,IB Thermal Power Plant,0,95.41,0,26.49,0,Other,4,1,-25.100774750564625,0.62,0,0,1,0,70.0,0,37.360000000000014,Other Thermal Event,5,LOW
17.40365,80.95362,336.38,0.34,0.56,2026-09-01,716,N21,VIIRS,n,2.0NRT,288.08,3.34,D,VIIRS_NOAA21_NRT,3.34,1,,0.0,Single Historical Detection,0,27.6,poultry farm,0,333.37,0,145.54,0,Cropland / Agriculture,3,1,0.0,0.77,0,0,0,0,70.0,0,48.30000000000001,Agricultural Burning,0,LOW
14.27824,77.43636,337.49,0.44,0.39,2026-08-10,822,N20,VIIRS,n,2.0NRT,302.37,4.45,D,VIIRS_NOAA20_NRT,6.828,10,,-34.82718219097832,Persistent / Stable,0,100.0,Loco Shed,0,111.72,0,150.41,0,Cropland / Agriculture,3,1,-34.82718219097832,0.57,0,0,1,0,70.0,0,35.120000000000005,Other Thermal Event,5,LOW
20.98444,85.12879,297.34,0.57,0.69,2026-08-10,2051,N20,VIIRS,n,2.0NRT,281.47,2.38,N,VIIRS_NOAA20_NRT,2.723333333333334,15,,-12.607099143206883,Persistent / Stable,0,8.24,Unnamed Industrial Feature,0,10.22,0,153.07,0,Other,4,1,-12.607099143206883,0.64,0,0,1,0,70.0,1,15.869999999999948,Other Thermal Event,5,LOW
20.95401,85.01299,305.31,0.55,0.51,2026-09-04,2029,N21,VIIRS,n,2.0NRT,289.97,2.11,N,VIIRS_NOAA21_NRT,3.09125,8,,-31.742822482814404,Persistent / Stable,0,4.03,Angul Monnet Power Company Limited,0,21.5,0,146.82,0,Other,4,1,-31.742822482814404,0.52,0,0,1,0,70.0,1,15.339999999999975,Other Thermal Event,5,LOW
23.69488,85.29129,312.52,0.39,0.36,2026-08-10,1957,N21,VIIRS,n,2.0NRT,291.08,2.07,N,VIIRS_NOAA21_NRT,1.368181818181818,11,,51.295681063122935,Abnormal Increase,0,5.81,Patratu Thermal Power Station,0,62.55,0,208.15,0,Other,4,1,51.295681063122935,0.87,0,0,1,0,70.0,1,21.439999999999998,Other Thermal Event,20,LOW
28.70777,76.8554,308.89,0.37,0.58,2026-08-18,2002,N20,VIIRS,n,2.0NRT,282.13,2.04,N,VIIRS_NOAA20_NRT,1.79,3,,13.966480446927374,Persistent / Stable,0,3.19,Unnamed Industrial Feature,0,45.09,0,76.68,0,Cropland / Agriculture,3,1,13.966480446927374,0.73,0,0,1,0,70.0,1,26.75999999999999,Normal Persistent Source,0,LOW
22.33806,69.85318,301.63,0.35,0.57,2026-08-14,2023,N21,VIIRS,n,2.0NRT,287.78,2.08,N,VIIRS_NOAA21_NRT,3.7053846153846157,13,,-43.86547643761678,Persistent / Stable,0,0.87,Unnamed Industrial Feature,1,99.68,0,1.39,1,Industrial,0,1,-43.86547643761678,0.44,0,0,1,0,70.0,1,13.850000000000023,Gas Flare,20,LOW
21.80048,83.89414,308.96,0.55,0.43,2026-09-07,2027,N20,VIIRS,n,2.0NRT,289.67,1.57,N,VIIRS_NOAA20_NRT,2.977333333333333,15,,-47.268248992386916,Persistent / Stable,0,1.89,Unnamed Industrial Feature,1,103.39,0,18.14,0,Industrial,0,1,-47.268248992386916,0.39,0,0,1,0,70.0,1,19.289999999999964,Normal Persistent Source,0,LOW
23.78728,85.55363,319.06,0.38,0.36,2026-08-10,1957,N21,VIIRS,n,2.0NRT,292.16,1.93,N,VIIRS_NOAA21_NRT,1.9495,20,,-1.0002564760194959,Persistent / Stable,0,1.09,Tata Iron and Steel Company Limited (TISCO) - West Bokaro,1,35.75,0,189.85,0,Industrial,0,1,-1.0002564760194959,0.65,0,0,1,0,70.0,1,26.899999999999977,Normal Persistent Source,0,LOW
31.58428,75.88541,336.5,0.39,0.36,2026-08-27,807,N20,VIIRS,n,2.0NRT,299.75,7.07,D,VIIRS_NOAA20_NRT,7.07,1,,0.0,Single Historical Detection,0,36.79,Unnamed Industrial Feature,0,358.58,0,139.18,0,Cropland / Agriculture,3,1,0.0,0.88,0,0,0,0,70.0,0,36.75,Agricultural Burning,0,LOW
20.76076,85.30016,309.2,0.53,0.42,2026-08-19,1945,N20,VIIRS,n,2.0NRT,289.65,1.39,N,VIIRS_NOAA20_NRT,2.9322222222222223,27,,-52.59568018188708,Persistent / Reduced,0,5.3,Unnamed Industrial Feature,0,22.63,0,146.77,0,Other,4,1,-52.59568018188708,0.35,0,0,1,0,70.0,1,19.55000000000001,Other Thermal Event,5,LOW
23.75707,86.40581,300.21,0.5,0.41,2026-08-19,1945,N20,VIIRS,n,2.0NRT,269.31,1.01,N,VIIRS_NOAA20_NRT,2.162396694214876,121,,-53.292566405503536,Persistent / Reduced,0,4.45,Unnamed Industrial Feature,0,2.39,1,189.42,0,Mining,1,1,-53.292566405503536,0.32,0,0,1,0,70.0,1,30.899999999999977,Mining Activity,0,LOW
10.09197,77.23583,313.81,0.44,0.46,2026-08-21,2051,N20,VIIRS,n,2.0NRT,274.71,1.44,N,VIIRS_NOAA20_NRT,2.8499999999999996,8,,-49.47368421052631,Persistent / Stable,0,12.86,Kannan Devan Tea Factory,0,54.29,0,88.22,0,Cropland / Agriculture,3,1,-49.47368421052631,0.37,0,0,1,0,70.0,1,39.10000000000002,Other Thermal Event,5,LOW
12.74623,77.62025,303.7,0.34,0.56,2026-09-01,1947,N21,VIIRS,n,2.0NRT,286.49,0.65,N,VIIRS_NOAA21_NRT,1.1433333333333335,6,,-43.14868804664724,Persistent / Stable,0,3.83,Jigani Industrial Estate,0,26.71,0,35.93,0,Other,4,1,-43.14868804664724,0.3,0,0,1,0,70.0,1,17.20999999999998,Other Thermal Event,5,LOW
22.37936,87.28155,301.83,0.57,0.69,2026-08-21,2046,N20,VIIRS,n,2.0NRT,266.54,1.29,N,VIIRS_NOAA20_NRT,3.8725000000000005,60,,-66.68818592640413,Persistent / Reduced,0,0.79,Unnamed Industrial Feature,1,173.31,0,89.11,0,Industrial,0,1,-66.68818592640413,0.26,0,0,1,0,70.0,1,35.289999999999964,Normal Persistent Source,0,LOW
23.7811,86.37132,303.51,0.38,0.43,2026-09-02,2021,N20,VIIRS,n,2.0NRT,288.48,1.38,N,VIIRS_NOAA20_NRT,2.0405769230769226,52,,-32.37206672321175,Persistent / Stable,0,5.51,Unnamed Industrial Feature,0,6.23,0,186.18,0,Other,4,1,-32.37206672321175,0.45,0,0,1,0,70.0,1,15.029999999999973,Other Thermal Event,5,LOW
21.74571,83.8412,337.03,0.4,0.37,2026-09-05,741,N21,VIIRS,n,2.0NRT,300.69,5.14,D,VIIRS_NOAA21_NRT,4.876753246753248,77,,5.39799206412609,Persistent / Stable,0,6.33,Unnamed Industrial Feature,0,95.6,0,26.27,0,Other,4,1,5.39799206412609,0.87,0,0,1,0,70.0,0,36.339999999999975,Other Thermal Event,10,LOW
20.8626,84.99263,307.0,0.46,0.47,2026-09-07,1932,N21,VIIRS,n,2.0NRT,290.79,2.96,N,VIIRS_NOAA21_NRT,3.152708333333333,48,,-6.112469437652803,Persistent / Stable,0,1.53,Angul Steel Plant,1,25.54,0,152.95,0,Industrial,0,1,-6.112469437652803,0.71,0,0,1,0,70.0,1,16.20999999999998,Normal Persistent Source,0,LOW
23.61046,85.67487,306.4,0.46,0.39,2026-08-16,1945,N21,VIIRS,n,2.0NRT,285.48,1.15,N,VIIRS_NOAA21_NRT,1.0263636363636364,11,,12.0460584588131,Persistent / Stable,0,14.8,Unnamed Industrial Feature,0,27.98,0,206.19,0,Other,4,1,12.0460584588131,0.57,0,0,1,0,70.0,1,20.91999999999996,Other Thermal Event,10,LOW
23.55735,87.24048,308.03,0.43,0.46,2026-08-25,2017,N21,VIIRS,n,2.0NRT,279.43,1.85,N,VIIRS_NOAA21_NRT,2.9255263157894738,38,,-36.76351533687146,Persistent / Stable,0,2.97,Durgapur Steel Plant,0,86.0,0,189.83,0,Other,4,1,-36.76351533687146,0.47,0,0,1,0,70.0,1,28.599999999999966,Normal Persistent Source,0,LOW
20.88878,84.97369,302.11,0.75,0.77,2026-09-06,1906,N20,VIIRS,n,2.0NRT,283.53,1.3,N,VIIRS_NOAA20_NRT,2.7800000000000002,28,,-53.23741007194245,Persistent / Reduced,0,1.03,Unnamed Industrial Feature,1,26.47,0,149.46,0,Industrial,0,1,-53.23741007194245,0.34,0,0,1,0,70.0,1,18.58000000000004,Normal Persistent Source,0,LOW
15.16881,76.67149,313.67,0.39,0.36,2026-08-14,2025,N21,VIIRS,n,2.0NRT,290.93,1.76,N,VIIRS_NOAA21_NRT,2.52772972972973,185,,-30.372302889036206,Persistent / Stable,0,20.96,Food Corporation of India,0,22.72,0,266.31,0,Forest / Woodland,2,1,-30.372302889036206,0.5,0,0,1,0,70.0,1,22.74000000000001,Other Thermal Event,5,LOW
16.18925,79.21652,335.0,0.38,0.36,2026-08-11,805,N20,VIIRS,n,2.0NRT,303.43,4.39,D,VIIRS_NOAA20_NRT,3.0549999999999997,4,,43.69885433715221,Persistent / Stable,0,38.64,Unnamed Industrial Feature,0,271.67,0,151.31,0,Cropland / Agriculture,3,1,43.69885433715221,1.08,0,0,1,0,70.0,0,31.569999999999993,Agricultural Burning,0,LOW
23.77833,86.3891,307.41,0.5,0.41,2026-08-19,1945,N20,VIIRS,n,2.0NRT,261.36,1.39,N,VIIRS_NOAA20_NRT,2.0184057971014493,69,,-31.13376893803404,Persistent / Stable,0,4.53,Unnamed Industrial Feature,0,4.62,1,186.79,0,Other,4,1,-31.13376893803404,0.46,0,0,1,0,70.0,1,46.05000000000001,Mining Activity,0,LOW
23.56105,87.23804,308.38,0.57,0.52,2026-08-20,1923,N20,VIIRS,n,2.0NRT,286.4,3.32,N,VIIRS_NOAA20_NRT,2.9255263157894738,38,,13.483853557614456,Persistent / Stable,0,3.37,Durgapur Steel Thermal Power Station,0,85.66,0,190.31,0,Other,4,1,13.483853557614456,0.85,0,0,1,0,70.0,1,21.980000000000018,Normal Persistent Source,0,LOW
23.6974,85.3561,298.78,0.32,0.55,2026-08-24,2034,N21,VIIRS,n,2.0NRT,286.16,0.9,N,VIIRS_NOAA21_NRT,1.4726315789473685,19,,-38.88491779842745,Persistent / Stable,0,8.07,Jindal Steel,0,55.96,0,205.53,0,Other,4,1,-38.88491779842745,0.36,0,0,1,0,70.0,1,12.619999999999948,Other Thermal Event,5,LOW
9.12683,78.19602,344.99,0.42,0.45,2026-09-02,750,N20,VIIRS,n,2.0NRT,304.8,7.28,D,VIIRS_NOAA20_NRT,5.98,2,,21.739130434782606,Persistent / Stable,0,35.3,SPIC Tuticorin Fertilizers,0,124.65,0,165.65,0,Other,4,1,21.739130434782606,1.04,0,0,1,0,70.0,0,40.19,Agricultural Burning,0,LOW
20.78307,85.26205,301.72,0.59,0.7,2026-08-26,2053,N20,VIIRS,n,2.0NRT,283.99,1.07,N,VIIRS_NOAA20_NRT,4.4721568627450985,51,,-76.07418449666783,Persistent / Reduced,0,2.33,Tata Steel Meramandali,1,19.07,0,151.38,0,Other,4,1,-76.07418449666783,0.2,0,0,1,0,70.0,1,17.730000000000018,Normal Persistent Source,0,LOW
8.88035,77.79259,330.85,0.48,0.64,2026-08-18,729,N20,VIIRS,n,2.0NRT,296.52,1.59,D,VIIRS_NOAA20_NRT,5.8325000000000005,4,,-72.73896270895844,Persistent / Reduced,0,26.83,India Cements Sankarnagar,0,105.92,0,128.79,0,Other,4,1,-72.73896270895844,0.23,0,0,1,0,70.0,0,34.33000000000004,Agricultural Burning,0,LOW
27.53035,77.65999,331.65,0.32,0.54,2026-08-18,2002,N20,VIIRS,n,2.0NRT,288.29,2.97,N,VIIRS_NOAA20_NRT,4.625,2,,-35.78378378378378,Persistent / Stable,0,4.43,IOCL Mathura Refinery,0,124.16,0,4.43,0,Cropland / Agriculture,3,1,-35.78378378378378,0.53,0,0,1,0,70.0,1,43.35999999999996,Gas Flare,5,LOW
20.86253,84.9941,333.85,0.41,0.45,2026-09-07,801,N20,VIIRS,n,2.0NRT,296.09,4.78,D,VIIRS_NOAA20_NRT,3.152708333333333,48,,51.61567435406068,Abnormal Increase,0,1.6,Angul Steel Plant,1,25.4,0,153.05,0,Industrial,0,1,51.61567435406068,1.15,0,0,1,0,70.0,0,37.76000000000005,Normal Persistent Source,10,LOW
16.87159,80.02176,309.16,0.52,0.41,2026-08-10,2000,N21,VIIRS,n,2.0NRT,291.99,3.66,N,VIIRS_NOAA21_NRT,1.9516666666666664,6,,87.53202391118705,Abnormal Increase,0,0.2,UltraTech Cement Ltd Factory,1,351.75,0,130.02,0,Industrial,0,1,87.53202391118705,1.24,0,0,1,0,70.0,1,17.170000000000016,Normal Persistent Source,10,LOW
23.64931,85.43652,303.76,0.47,0.64,2026-08-15,1917,N20,VIIRS,n,2.0NRT,265.73,0.9,N,VIIRS_NOAA20_NRT,3.0220454545454554,44,,-70.21884635632098,Persistent / Reduced,0,2.66,Unnamed Industrial Feature,0,48.8,0,207.95,0,Other,4,1,-70.21884635632098,0.22,0,0,1,0,70.0,1,38.02999999999997,Normal Persistent Source,0,LOW
14.31236,77.44811,338.01,0.44,0.39,2026-08-10,822,N20,VIIRS,n,2.0NRT,302.26,5.85,D,VIIRS_NOAA20_NRT,8.030000000000001,8,,-27.148194271481955,Persistent / Stable,0,96.34,Loco Shed,0,109.09,0,153.68,0,Cropland / Agriculture,3,1,-27.148194271481955,0.65,0,0,1,0,70.0,0,35.75,Other Thermal Event,5,LOW
22.36707,87.29963,314.18,0.56,0.43,2026-09-05,2010,N21,VIIRS,n,2.0NRT,293.19,2.93,N,VIIRS_NOAA21_NRT,2.6178431372549023,51,,11.924200434424382,Persistent / Stable,0,1.73,Unnamed Industrial Feature,1,175.48,0,86.84,0,Industrial,0,1,11.924200434424382,0.81,0,0,1,0,70.0,1,20.99000000000001,Normal Persistent Source,0,LOW
23.7152,86.4525,314.34,0.32,0.55,2026-08-20,1923,N20,VIIRS,n,2.0NRT,286.73,1.07,N,VIIRS_NOAA20_NRT,2.355555555555556,36,,-54.57547169811321,Persistent / Reduced,0,5.65,SAIL Chasnalla ADM Building,0,4.31,1,194.91,0,Other,4,1,-54.57547169811321,0.32,0,0,1,0,70.0,1,27.609999999999957,Mining Activity,0,LOW
8.44418,77.65283,338.54,0.46,0.39,2026-08-23,822,N21,VIIRS,l,2.0NRT,309.99,6.03,D,VIIRS_NOAA21_NRT,4.38,2,,37.67123287671234,Persistent / Stable,0,42.05,Madura Coats,0,83.02,0,141.16,0,Other,4,1,37.67123287671234,1.12,0,0,1,0,30.0,0,28.55000000000001,Agricultural Burning,0,LOW
13.59061,76.3302,334.05,0.38,0.36,2026-08-29,809,N21,VIIRS,n,2.0NRT,301.06,4.77,D,VIIRS_NOAA21_NRT,3.9349999999999996,2,,21.219822109275732,Persistent / Stable,0,48.14,Akshayakalpa Farms & Food,0,118.17,0,124.24,0,Forest / Woodland,2,1,21.219822109275732,0.97,0,0,1,0,70.0,0,32.99000000000001,Agricultural Burning,0,LOW
23.64938,85.43539,301.78,0.47,0.4,2026-08-16,1945,N21,VIIRS,n,2.0NRT,267.73,1.23,N,VIIRS_NOAA21_NRT,3.0220454545454554,44,,-59.29909002030534,Persistent / Reduced,0,2.77,Unnamed Industrial Feature,0,48.91,0,207.98,0,Other,4,1,-59.29909002030534,0.31,0,0,1,0,70.0,1,34.049999999999955,Normal Persistent Source,0,LOW
20.86867,84.98887,306.01,0.4,0.37,2026-09-06,1951,N21,VIIRS,n,2.0NRT,291.79,1.47,N,VIIRS_NOAA21_NRT,3.130980392156862,51,,-53.04984969939879,Persistent / Reduced,0,0.76,Angul Steel Plant,1,25.65,0,152.18,0,Industrial,0,1,-53.04984969939879,0.36,0,0,1,0,70.0,1,14.21999999999997,Normal Persistent Source,0,LOW
12.14322,77.04446,333.76,0.47,0.64,2026-08-18,731,N20,VIIRS,n,2.0NRT,291.29,5.26,D,VIIRS_NOAA20_NRT,5.26,1,,0.0,Single Historical Detection,0,25.33,Unnamed Industrial Feature,0,108.64,0,101.73,0,Cropland / Agriculture,3,1,0.0,0.84,0,0,0,0,70.0,0,42.46999999999997,Agricultural Burning,0,LOW
15.18141,76.66771,337.29,0.42,0.45,2026-09-02,752,N20,VIIRS,n,2.0NRT,296.2,5.19,D,VIIRS_NOAA20_NRT,2.450132743362832,226,,111.82525779712134,Abnormal Increase,0,21.42,Food Corporation of India,0,23.74,0,267.22,0,Forest / Woodland,2,1,111.82525779712134,1.5,0,1,1,0,70.0,0,41.09000000000003,Other Thermal Event,30,LOW
8.61016,77.96478,338.69,0.41,0.37,2026-09-03,816,N21,VIIRS,n,2.0NRT,304.46,3.89,D,VIIRS_NOAA21_NRT,7.087000000000001,10,,-45.11076619161846,Persistent / Stable,0,30.34,SPIC Tuticorin Fertilizers,0,117.71,0,158.62,0,Other,4,1,-45.11076619161846,0.48,0,0,1,0,70.0,0,34.23000000000002,Other Thermal Event,5,LOW
10.94746,78.17036,337.04,0.32,0.55,2026-09-08,737,N20,VIIRS,n,2.0NRT,304.57,2.11,D,VIIRS_NOAA20_NRT,11.9,4,,-82.26890756302522,Persistent / Reduced,0,22.26,TNPL Paper Mill,0,184.83,0,119.22,0,Cropland / Agriculture,3,1,-82.26890756302522,0.16,0,0,1,0,70.0,0,32.47000000000003,Agricultural Burning,0,LOW
23.76068,86.4034,312.84,0.42,0.37,2026-08-23,2008,N20,VIIRS,n,2.0NRT,283.52,1.63,N,VIIRS_NOAA20_NRT,2.162396694214876,121,,-24.62067647620868,Persistent / Stable,0,4.3,Unnamed Industrial Feature,0,2.85,1,188.99,0,Mining,1,1,-24.62067647620868,0.52,0,0,1,0,70.0,1,29.319999999999993,Mining Activity,0,LOW
29.47446,76.85703,309.14,0.37,0.58,2026-09-03,2002,N20,VIIRS,n,2.0NRT,288.99,5.44,N,VIIRS_NOAA20_NRT,7.779047619047621,42,,-30.06856023506368,Persistent / Stable,0,13.88,Panipat IOCL Refinery,0,106.28,0,2.28,1,Cropland / Agriculture,3,1,-30.06856023506368,0.62,0,0,1,0,70.0,1,20.149999999999977,Gas Flare,5,LOW
12.02786,79.03661,307.05,0.44,0.62,2026-09-07,1936,N21,VIIRS,n,2.0NRT,291.73,0.85,N,VIIRS_NOAA21_NRT,0.85,1,,0.0,Single Historical Detection,0,67.76,Neyveli Lignite Corporation,0,85.19,0,165.57,0,Cropland / Agriculture,3,1,0.0,0.46,0,0,0,0,70.0,1,15.319999999999993,Agricultural Burning,0,LOW
12.15724,79.71613,336.86,0.45,0.39,2026-08-29,809,N21,VIIRS,n,2.0NRT,304.83,5.78,D,VIIRS_NOAA21_NRT,5.78,1,,0.0,Single Historical Detection,0,19.25,Workshop,0,45.46,0,122.32,0,Cropland / Agriculture,3,1,0.0,0.85,0,0,0,0,70.0,0,32.03000000000003,Agricultural Burning,0,LOW
24.18051,82.64401,299.92,0.4,0.37,2026-08-15,2004,N21,VIIRS,n,2.0NRT,271.81,0.71,N,VIIRS_NOAA21_NRT,0.85,3,,-16.47058823529412,Persistent / Stable,0,2.31,NTPC Singrauli Thermal Power,1,2.71,1,155.86,0,Mining,1,1,-16.47058823529412,0.38,0,0,1,0,70.0,1,28.110000000000014,Normal Persistent Source,0,LOW
27.26173,95.1496,299.67,0.4,0.6,2026-08-14,1841,N21,VIIRS,n,2.0NRT,288.13,3.16,N,VIIRS_NOAA21_NRT,3.16,1,,0.0,Single Historical Detection,0,14.23,Unnamed Industrial Feature,0,555.64,0,48.55,0,Forest / Woodland,2,1,0.0,0.76,0,0,0,0,70.0,1,11.54000000000002,Agricultural Burning,0,LOW
12.08199,76.8081,337.54,0.57,0.43,2026-09-05,835,N20,VIIRS,l,2.0NRT,308.2,6.82,D,VIIRS_NOAA20_NRT,6.32,2,,7.911392405063291,Persistent / Stable,0,5.79,Bannari Amman,0,114.05,0,100.11,0,Other,4,1,7.911392405063291,0.93,0,0,1,0,30.0,0,29.340000000000032,Agricultural Burning,0,LOW
21.68,84.03977,314.18,0.57,0.43,2026-09-07,2027,N20,VIIRS,n,2.0NRT,291.0,3.39,N,VIIRS_NOAA20_NRT,2.8622222222222224,18,,18.439440993788814,Persistent / Stable,0,6.39,Unnamed Industrial Feature,0,111.08,0,25.11,0,Other,4,1,18.439440993788814,0.88,0,0,1,0,70.0,1,23.180000000000007,Other Thermal Event,10,LOW
17.96308,83.15963,306.04,0.39,0.37,2026-09-03,2004,N20,VIIRS,n,2.0NRT,290.97,1.55,N,VIIRS_NOAA20_NRT,1.7999999999999998,4,,-13.888888888888879,Persistent / Stable,0,25.39,COSTAL GOLD,0,267.4,0,32.21,0,Other,4,1,-13.888888888888879,0.55,0,0,1,0,70.0,1,15.069999999999993,Agricultural Burning,0,LOW
20.9112,71.45757,302.1,0.49,0.4,2026-08-25,2112,N20,VIIRS,n,2.0NRT,284.29,0.57,N,VIIRS_NOAA20_NRT,1.2485714285714289,14,,-54.347826086956545,Persistent / Reduced,0,0.51,Unnamed Industrial Feature,1,312.7,0,122.58,0,Industrial,0,1,-54.347826086956545,0.25,0,0,1,0,70.0,1,17.810000000000002,Normal Persistent Source,0,LOW
23.6823,86.09393,316.92,0.53,0.42,2026-08-11,1938,N21,VIIRS,n,2.0NRT,286.31,4.78,N,VIIRS_NOAA21_NRT,2.544805194805195,77,,87.83363102832355,Abnormal Increase,0,0.9,Bokaro Steel Plant,1,17.43,0,194.52,0,Industrial,0,1,87.83363102832355,1.35,0,0,1,0,70.0,1,30.610000000000014,Normal Persistent Source,10,LOW
9.11021,77.77234,350.61,0.32,0.55,2026-08-30,845,N20,VIIRS,n,2.0NRT,288.69,4.69,D,VIIRS_NOAA20_NRT,4.065,2,,15.375153751537512,Persistent / Stable,0,13.94,Unnamed Industrial Feature,0,86.22,0,119.85,0,Other,4,1,15.375153751537512,0.93,0,0,1,0,70.0,0,61.920000000000016,Agricultural Burning,0,LOW
10.12954,77.52656,311.78,0.4,0.6,2026-09-04,1947,N20,VIIRS,n,2.0NRT,287.65,1.47,N,VIIRS_NOAA20_NRT,1.47,1,,0.0,Single Historical Detection,0,44.71,Kannan Devan Tea Factory,0,69.92,0,111.12,0,Cropland / Agriculture,3,1,0.0,0.6,0,0,0,0,70.0,1,24.129999999999995,Agricultural Burning,0,LOW
15.17856,76.65443,308.14,0.54,0.68,2026-09-04,1947,N20,VIIRS,n,2.0NRT,290.38,2.77,N,VIIRS_NOAA20_NRT,2.667529411764706,170,,3.8414042515656686,Persistent / Stable,0,22.81,NMDC Donimalai Iron Mine,0,22.81,0,266.14,0,Forest / Woodland,2,1,3.8414042515656686,0.76,0,0,1,0,70.0,1,17.75999999999999,Other Thermal Event,10,LOW
27.28808,73.84085,313.3,0.38,0.36,2026-09-03,2046,N21,VIIRS,n,2.0NRT,296.34,0.68,N,VIIRS_NOAA21_NRT,1.25,7,,-45.599999999999994,Persistent / Stable,0,91.82,Unnamed Industrial Feature,0,326.85,0,293.01,0,Other,4,1,-45.599999999999994,0.3,0,0,1,0,70.0,1,16.960000000000036,Other Thermal Event,5,LOW
9.6286,78.5695,330.03,0.4,0.37,2026-08-29,809,N21,VIIRS,n,2.0NRT,290.39,1.55,D,VIIRS_NOAA21_NRT,1.55,2,,0.0,Persistent / Stable,0,60.2,Tourist bus parking,0,153.46,0,188.44,0,Other,4,1,0.0,0.61,0,0,1,0,70.0,0,39.639999999999986,Agricultural Burning,0,LOW
21.10167,72.6348,336.17,0.38,0.59,2026-08-20,741,N21,VIIRS,n,2.0NRT,292.3,7.3,D,VIIRS_NOAA21_NRT,4.870454545454545,154,,49.88334111059263,Persistent / Stable,0,0.22,Essar Steel Hazira,1,378.76,0,0.4,1,Industrial,0,1,49.88334111059263,1.24,0,0,1,0,70.0,0,43.870000000000005,Gas Flare,25,LOW
9.83649,78.466,336.28,0.44,0.39,2026-08-18,816,N21,VIIRS,n,2.0NRT,302.95,3.48,D,VIIRS_NOAA21_NRT,3.48,1,,0.0,Single Historical Detection,0,40.59,Tourist bus parking,0,144.31,0,182.94,0,Other,4,1,0.0,0.78,0,0,0,0,70.0,0,33.329999999999984,Agricultural Burning,0,LOW
20.96715,85.16881,330.83,0.43,0.38,2026-09-05,741,N21,VIIRS,l,2.0NRT,301.6,4.69,D,VIIRS_NOAA21_NRT,3.5824545454545453,110,,30.915827137310647,Persistent / Stable,0,5.57,Unnamed Industrial Feature,0,5.65,0,157.44,0,Other,4,1,30.915827137310647,1.02,0,0,1,0,30.0,0,29.22999999999996,Mining Activity,0,LOW
28.37061,77.26281,306.87,0.41,0.45,2026-08-12,2057,N21,VIIRS,n,2.0NRT,291.6,2.43,N,VIIRS_NOAA21_NRT,2.125,2,,14.352941176470596,Persistent / Stable,0,2.05,Unnamed Industrial Feature,1,25.9,0,105.67,0,Other,4,1,14.352941176470596,0.78,0,0,1,0,70.0,1,15.269999999999982,Normal Persistent Source,0,LOW
15.1761,77.09933,304.79,0.49,0.49,2026-08-26,2000,N21,VIIRS,n,2.0NRT,288.41,1.4,N,VIIRS_NOAA21_NRT,1.3944827586206898,29,,0.3956478733926621,Persistent / Stable,0,19.53,Bellary JSW Steel Plant,0,19.46,0,256.55,0,Cropland / Agriculture,3,1,0.3956478733926621,0.58,0,0,1,0,70.0,1,16.379999999999995,Other Thermal Event,10,LOW
16.35903,81.28316,312.12,0.39,0.36,2026-08-20,2012,N21,VIIRS,n,2.0NRT,291.7,2.97,N,VIIRS_NOAA21_NRT,2.97,1,,0.0,Single Historical Detection,0,42.88,KCP Sugar and Industries Corporation Limited,0,364.36,0,123.99,0,Cropland / Agriculture,3,1,0.0,0.75,0,0,0,0,70.0,1,20.420000000000016,Agricultural Burning,0,LOW
15.226,76.76328,314.41,0.51,0.41,2026-08-21,2051,N20,VIIRS,n,2.0NRT,286.96,1.85,N,VIIRS_NOAA20_NRT,1.6163636363636364,11,,14.454443194600675,Persistent / Stable,0,12.84,Food Corporation of India,0,18.82,0,275.1,0,Forest / Woodland,2,1,14.454443194600675,0.71,0,0,1,0,70.0,1,27.450000000000045,Other Thermal Event,10,LOW
21.07866,85.03729,307.4,0.44,0.46,2026-09-07,2027,N20,VIIRS,n,2.0NRT,290.61,2.05,N,VIIRS_NOAA20_NRT,2.44,20,,-15.983606557377056,Persistent / Stable,0,4.21,Talcher Super Thermal Powerstation,0,23.76,0,139.0,0,Other,4,1,-15.983606557377056,0.6,0,0,1,0,70.0,1,16.789999999999964,Other Thermal Event,5,LOW
11.55913,79.62791,336.44,0.53,0.42,2026-08-26,822,N20,VIIRS,n,2.0NRT,295.58,4.14,D,VIIRS_NOAA20_NRT,4.14,1,,0.0,Single Historical Detection,0,16.8,Neyveli Lignite Corporation,0,26.19,0,91.18,0,Cropland / Agriculture,3,1,0.0,0.81,0,0,0,0,70.0,0,40.860000000000014,Agricultural Burning,0,LOW
21.67879,84.03669,312.44,0.54,0.51,2026-09-07,1932,N21,VIIRS,n,2.0NRT,288.62,3.53,N,VIIRS_NOAA21_NRT,2.8622222222222224,18,,23.33074534161489,Persistent / Stable,0,6.6,Unnamed Industrial Feature,0,110.74,0,25.23,0,Other,4,1,23.33074534161489,0.91,0,0,1,0,70.0,1,23.819999999999993,Other Thermal Event,10,LOW
8.89923,78.11224,348.39,0.43,0.46,2026-09-02,750,N20,VIIRS,n,2.0NRT,303.39,5.21,D,VIIRS_NOAA20_NRT,7.34,3,,-29.01907356948229,Persistent / Stable,0,10.46,SPIC Tuticorin Fertilizers,0,130.04,0,161.49,0,Other,4,1,-29.01907356948229,0.62,0,0,1,0,70.0,0,45.0,Agricultural Burning,0,LOW
23.67959,86.3984,306.08,0.41,0.45,2026-08-22,1932,N21,VIIRS,n,2.0NRT,278.54,1.17,N,VIIRS_NOAA21_NRT,3.0147826086956524,92,,-61.19123161234498,Persistent / Reduced,0,3.66,Unnamed Industrial Feature,0,4.73,1,197.77,0,Other,4,1,-61.19123161234498,0.29,0,0,1,0,70.0,1,27.539999999999964,Mining Activity,0,LOW
20.96274,86.0116,308.79,0.32,0.54,2026-08-19,2029,N21,VIIRS,n,2.0NRT,288.59,2.99,N,VIIRS_NOAA21_NRT,3.8306521739130432,46,,-21.9454060495999,Persistent / Stable,0,0.94,TATA Steel,1,82.21,0,98.68,0,Industrial,0,1,-21.9454060495999,0.62,0,0,1,0,70.0,1,20.200000000000045,Normal Persistent Source,0,LOW
22.36782,87.30148,299.16,0.58,0.69,2026-08-21,2046,N20,VIIRS,n,2.0NRT,266.13,1.25,N,VIIRS_NOAA20_NRT,2.6178431372549023,51,,-52.25076773275411,Persistent / Reduced,0,1.8,Unnamed Industrial Feature,1,175.51,0,86.71,0,Industrial,0,1,-52.25076773275411,0.35,0,0,1,0,70.0,1,33.03000000000003,Normal Persistent Source,0,LOW
17.95983,80.79558,304.9,0.62,0.54,2026-09-04,1947,N20,VIIRS,n,2.0NRT,289.34,1.29,N,VIIRS_NOAA20_NRT,2.7118181818181815,33,,-52.43043915521286,Persistent / Reduced,0,10.82,Aswapuram Heavy Water Plant,0,272.39,0,125.33,0,Other,4,1,-52.43043915521286,0.35,0,0,1,0,70.0,1,15.560000000000002,Other Thermal Event,5,LOW
21.10486,72.64244,309.95,0.53,0.42,2026-09-04,2029,N21,VIIRS,n,2.0NRT,291.22,5.9,N,VIIRS_NOAA21_NRT,4.875096774193549,155,,21.023238579217598,Persistent / Stable,0,0.57,ArcelorMittal Nippon Steel India,1,378.19,0,0.6,1,Industrial,0,1,21.023238579217598,1.0,0,0,1,0,70.0,1,18.72999999999996,Gas Flare,25,LOW
27.50346,91.71323,333.87,0.44,0.38,2026-08-27,712,N21,VIIRS,n,2.0NRT,299.61,6.5,D,VIIRS_NOAA21_NRT,6.5,1,,0.0,Single Historical Detection,0,28.51,Unnamed Industrial Feature,0,274.42,0,146.92,0,Forest / Woodland,2,1,0.0,0.87,0,0,0,0,70.0,0,34.25999999999999,Agricultural Burning,0,LOW
23.61509,85.65737,306.21,0.38,0.36,2026-08-10,1957,N21,VIIRS,n,2.0NRT,291.57,1.26,N,VIIRS_NOAA21_NRT,0.9789999999999999,10,,28.70275791624108,Persistent / Stable,0,14.02,Unnamed Industrial Feature,0,29.2,0,206.03,0,Other,4,1,28.70275791624108,0.64,0,0,1,0,70.0,1,14.639999999999986,Other Thermal Event,10,LOW
15.31365,79.78667,341.47,0.4,0.45,2026-08-10,822,N20,VIIRS,n,2.0NRT,301.37,5.44,D,VIIRS_NOAA20_NRT,4.9799999999999995,3,,9.236947791164676,Persistent / Stable,0,34.97,COW Farm,0,240.18,0,243.66,0,Cropland / Agriculture,3,1,9.236947791164676,0.91,0,0,1,0,70.0,0,40.10000000000002,Agricultural Burning,0,LOW
15.08718,79.47825,336.48,0.47,0.4,2026-08-29,811,N21,VIIRS,n,2.0NRT,297.95,6.38,D,VIIRS_NOAA21_NRT,6.38,1,,0.0,Single Historical Detection,0,60.16,COW Farm,0,226.99,0,229.41,0,Cropland / Agriculture,3,1,0.0,0.86,0,0,0,0,70.0,0,38.53000000000003,Agricultural Burning,0,LOW
23.66378,87.15511,333.81,0.51,0.41,2026-08-22,703,N21,VIIRS,n,2.0NRT,295.92,6.29,D,VIIRS_NOAA21_NRT,2.5206666666666666,30,,149.53715948161863,Abnormal Increase,0,4.83,Unnamed Industrial Feature,0,75.22,0,204.31,0,Other,4,1,149.53715948161863,1.79,0,1,1,0,70.0,0,37.889999999999986,Other Thermal Event,30,LOW
12.8087,79.956,331.25,0.55,0.43,2026-09-05,739,N21,VIIRS,n,2.0NRT,300.28,3.42,D,VIIRS_NOAA21_NRT,3.275,2,,4.427480916030535,Persistent / Stable,0,8.3,Unnamed Industrial Feature,0,29.55,0,48.12,0,Cropland / Agriculture,3,1,4.427480916030535,0.8,0,0,1,0,70.0,0,30.970000000000027,Agricultural Burning,0,LOW
9.21554,78.64903,336.71,0.45,0.39,2026-08-26,822,N20,VIIRS,n,2.0NRT,297.98,3.51,D,VIIRS_NOAA20_NRT,5.69,5,,-38.31282952548331,Persistent / Stable,0,70.81,SPIC Tuticorin Fertilizers,0,168.03,0,214.5,0,Other,4,1,-38.31282952548331,0.52,0,0,1,0,70.0,0,38.72999999999996,Agricultural Burning,0,LOW
22.20641,84.86032,333.67,0.43,0.38,2026-09-05,741,N21,VIIRS,n,2.0NRT,293.64,2.9,D,VIIRS_NOAA21_NRT,2.28,27,,27.192982456140356,Persistent / Stable,0,1.07,Rourkela Steel Plant SAIL,1,45.31,0,91.83,0,Industrial,0,1,27.192982456140356,0.88,0,0,1,0,70.0,0,40.03000000000003,Normal Persistent Source,0,LOW
20.96992,86.00403,304.73,0.51,0.49,2026-08-22,2027,N20,VIIRS,n,2.0NRT,274.33,0.91,N,VIIRS_NOAA20_NRT,3.8306521739130432,46,,-76.24425401509562,Persistent / Reduced,0,0.61,TATA Steel,1,81.44,0,99.8,0,Industrial,0,1,-76.24425401509562,0.19,0,0,1,0,70.0,1,30.400000000000034,Normal Persistent Source,0,LOW
22.92903,70.10583,337.17,0.39,0.36,2026-08-23,826,N21,VIIRS,n,2.0NRT,303.9,7.97,D,VIIRS_NOAA21_NRT,6.065384615384615,13,,31.40139505389981,Persistent / Stable,0,9.41,Unnamed Industrial Feature,0,50.25,0,50.36,0,Other,4,1,31.40139505389981,1.13,0,0,1,0,70.0,0,33.27000000000004,Other Thermal Event,10,LOW
10.95563,78.40146,332.42,0.48,0.65,2026-08-19,852,N20,VIIRS,n,2.0NRT,292.47,4.21,D,VIIRS_NOAA20_NRT,4.21,1,,0.0,Single Historical Detection,0,37.69,Trichy Steel Company,0,173.16,0,144.33,0,Cropland / Agriculture,3,1,0.0,0.81,0,0,0,0,70.0,0,39.94999999999999,Agricultural Burning,0,LOW
21.10742,72.64774,320.64,0.37,0.58,2026-08-24,2131,N20,VIIRS,n,2.0NRT,290.58,3.22,N,VIIRS_NOAA20_NRT,4.875096774193549,155,,-33.950029114393104,Persistent / Stable,0,0.5,ArcelorMittal Nippon Steel India,1,377.75,0,1.15,1,Industrial,0,1,-33.950029114393104,0.55,0,0,1,0,70.0,1,30.060000000000002,Gas Flare,20,LOW
9.52549,78.22171,348.73,0.43,0.38,2026-08-18,816,N21,VIIRS,n,2.0NRT,308.93,5.78,D,VIIRS_NOAA21_NRT,4.2122222222222225,9,,37.21973094170403,Persistent / Stable,0,45.4,Tourist bus parking,0,115.7,0,169.37,0,Other,4,1,37.21973094170403,1.11,0,0,1,0,70.0,0,39.80000000000001,Other Thermal Event,10,LOW
8.67144,77.99295,313.03,0.39,0.36,2026-08-17,2025,N20,VIIRS,n,2.0NRT,294.47,1.66,N,VIIRS_NOAA20_NRT,1.6814285714285713,7,,-1.2744265080713635,Persistent / Stable,0,23.31,SPIC Tuticorin Fertilizers,0,121.66,0,158.25,0,Other,4,1,-1.2744265080713635,0.62,0,0,1,0,70.0,1,18.559999999999945,Other Thermal Event,5,LOW
21.11155,72.63502,306.84,0.45,0.39,2026-08-24,2036,N21,VIIRS,n,2.0NRT,285.95,2.62,N,VIIRS_NOAA21_NRT,4.870454545454545,154,,-46.20625291647223,Persistent / Stable,0,0.74,ONGC Hazira Gas Processing,1,377.71,0,0.74,1,Industrial,0,1,-46.20625291647223,0.45,0,0,1,0,70.0,1,20.889999999999986,Gas Flare,20,LOW
23.82633,85.49837,305.02,0.44,0.38,2026-08-20,2010,N21,VIIRS,n,2.0NRT,284.8,1.07,N,VIIRS_NOAA21_NRT,1.2481818181818183,11,,-14.275309541150765,Persistent / Stable,0,0.88,Unnamed Industrial Feature,1,41.98,0,187.28,0,Industrial,0,1,-14.275309541150765,0.48,0,0,1,0,70.0,1,20.21999999999997,Normal Persistent Source,0,LOW
20.96832,85.17673,310.23,0.45,0.47,2026-09-07,2027,N20,VIIRS,n,2.0NRT,289.61,3.68,N,VIIRS_NOAA20_NRT,3.5795412844036694,109,,2.806468975062167,Persistent / Stable,0,5.85,Unnamed Industrial Feature,0,4.93,1,157.97,0,Other,4,1,2.806468975062167,0.8,0,0,1,0,70.0,1,20.620000000000005,Mining Activity,0,LOW
9.27757,77.48306,332.05,0.62,0.54,2026-09-07,841,N21,VIIRS,n,2.0NRT,292.42,3.24,D,VIIRS_NOAA21_NRT,2.17,2,,49.308755760368676,Persistent / Stable,0,24.0,Unnamed Industrial Feature,0,50.31,0,86.38,0,Other,4,1,49.308755760368676,1.02,0,0,1,0,70.0,0,39.629999999999995,Agricultural Burning,0,LOW
21.1065,72.64651,300.89,0.38,0.36,2026-08-26,2053,N20,VIIRS,n,2.0NRT,270.92,0.55,N,VIIRS_NOAA20_NRT,4.875096774193549,155,,-88.7181726748187,Persistent / Reduced,0,0.47,ArcelorMittal Nippon Steel India,1,377.89,0,0.99,1,Industrial,0,1,-88.7181726748187,0.09,0,0,1,0,70.0,1,29.96999999999997,Gas Flare,20,LOW
23.6965,85.3699,313.84,0.42,0.45,2026-08-22,2027,N20,VIIRS,n,2.0NRT,280.59,1.61,N,VIIRS_NOAA20_NRT,1.4726315789473685,19,,9.328091493924232,Persistent / Stable,0,8.69,Jindal Steel,0,54.58,0,205.15,0,Other,4,1,9.328091493924232,0.65,0,0,1,0,70.0,1,33.25,Other Thermal Event,10,LOW
22.78821,86.19647,300.73,0.5,0.41,2026-09-04,1945,N20,VIIRS,n,2.0NRT,284.59,1.52,N,VIIRS_NOAA20_NRT,2.479821428571429,56,,-38.705263915892566,Persistent / Stable,0,0.47,Tata Steel,1,100.39,0,209.33,0,Industrial,0,1,-38.705263915892566,0.44,0,0,1,0,70.0,1,16.140000000000043,Normal Persistent Source,0,LOW
10.92976,77.06505,307.27,0.39,0.36,2026-08-22,2032,N20,VIIRS,n,2.0NRT,291.69,0.81,N,VIIRS_NOAA20_NRT,1.5544444444444443,9,,-47.89135096497497,Persistent / Stable,0,7.24,Larsen & Toubro Limited,0,94.75,0,11.05,0,Cropland / Agriculture,3,1,-47.89135096497497,0.32,0,0,1,0,70.0,1,15.579999999999984,Other Thermal Event,5,LOW
23.79588,86.35237,300.11,0.32,0.55,2026-09-05,1923,N20,VIIRS,n,2.0NRT,272.03,0.48,N,VIIRS_NOAA20_NRT,1.8880645161290321,31,,-74.57713992824193,Persistent / Reduced,0,4.24,Unnamed Industrial Feature,0,7.94,0,184.24,0,Other,4,1,-74.57713992824193,0.17,0,0,1,0,70.0,1,28.08000000000004,Other Thermal Event,5,LOW
21.00171,86.02567,299.76,0.32,0.55,2026-08-11,2034,N20,VIIRS,n,2.0NRT,275.18,1.8,N,VIIRS_NOAA20_NRT,1.7115384615384612,13,,5.168539325842718,Persistent / Stable,0,3.79,TATA Steel,0,83.74,0,101.13,0,Other,4,1,5.168539325842718,0.66,0,0,1,0,70.0,1,24.579999999999984,Other Thermal Event,10,LOW
14.80499,79.02848,341.25,0.45,0.39,2026-09-06,816,N20,VIIRS,n,2.0NRT,287.86,6.78,D,VIIRS_NOAA20_NRT,6.78,1,,0.0,Single Historical Detection,0,109.95,Fodd Corporation of India Godowns,0,225.07,0,225.77,0,Cropland / Agriculture,3,1,0.0,0.87,0,0,0,0,70.0,0,53.389999999999986,Agricultural Burning,0,LOW
22.35701,87.28933,309.0,0.44,0.39,2026-08-19,1945,N20,VIIRS,n,2.0NRT,289.12,1.49,N,VIIRS_NOAA20_NRT,2.6178431372549023,51,,-43.082915137442896,Persistent / Stable,0,0.43,Unnamed Industrial Feature,1,175.83,0,87.32,0,Industrial,0,1,-43.082915137442896,0.41,0,0,1,0,70.0,1,19.879999999999995,Normal Persistent Source,0,LOW
29.90804,74.94972,304.42,0.5,0.66,2026-09-03,2142,N20,VIIRS,n,2.0NRT,290.39,0.96,N,VIIRS_NOAA20_NRT,5.1780952380952385,21,,-81.46036417141806,Persistent / Reduced,0,28.37,Hindustan Petroleum Oil Depot,0,270.47,0,28.37,0,Cropland / Agriculture,3,1,-81.46036417141806,0.16,0,0,1,0,70.0,1,14.03000000000003,Other Thermal Event,5,LOW
8.95272,77.88122,335.13,0.36,0.58,2026-09-08,737,N20,VIIRS,n,2.0NRT,304.15,1.94,D,VIIRS_NOAA20_NRT,1.94,1,,0.0,Single Historical Detection,0,25.37,Unnamed Industrial Feature,0,106.79,0,135.46,0,Other,4,1,0.0,0.66,0,0,0,0,70.0,0,30.980000000000018,Agricultural Burning,0,LOW
13.41738,75.9798,302.16,0.33,0.55,2026-09-05,2108,N20,VIIRS,n,2.0NRT,289.92,0.4,N,VIIRS_NOAA20_NRT,1.035,2,,-61.35265700483091,Persistent / Reduced,0,54.7,Vishveshariya Iron and Steel Plant - VISL,0,82.23,0,82.23,0,Forest / Woodland,2,1,-61.35265700483091,0.2,0,0,1,0,70.0,1,12.240000000000009,Agricultural Burning,0,LOW
23.3177,70.48697,305.42,0.39,0.36,2026-09-05,2106,N20,VIIRS,n,2.0NRT,294.26,0.98,N,VIIRS_NOAA20_NRT,1.5000000000000002,13,,-34.66666666666668,Persistent / Stable,0,34.41,Unnamed Industrial Feature,0,77.19,0,103.64,0,Other,4,1,-34.66666666666668,0.39,0,0,1,0,70.0,1,11.160000000000025,Other Thermal Event,5,LOW
21.96817,85.31213,302.9,0.36,0.57,2026-09-05,1925,N20,VIIRS,n,2.0NRT,287.98,0.6,N,VIIRS_NOAA20_NRT,0.6,1,,0.0,Single Historical Detection,0,9.97,Kalta Mines Office,0,9.97,0,132.39,0,Other,4,1,0.0,0.37,0,0,0,0,70.0,1,14.919999999999959,Agricultural Burning,0,LOW
11.46137,79.28418,332.24,0.42,0.45,2026-09-08,822,N21,VIIRS,l,2.0NRT,304.44,3.45,D,VIIRS_NOAA21_NRT,3.45,1,,0.0,Single Historical Detection,0,12.56,Ramco Cements,0,61.67,0,98.49,0,Cropland / Agriculture,3,1,0.0,0.78,0,0,0,0,30.0,0,27.80000000000001,Agricultural Burning,0,LOW
23.56226,87.08412,315.95,0.38,0.36,2026-08-21,1949,N21,VIIRS,n,2.0NRT,288.09,3.93,N,VIIRS_NOAA21_NRT,1.9581818181818185,11,,100.69637883008356,Abnormal Increase,0,5.48,Unnamed Industrial Feature,0,70.47,0,197.9,0,Other,4,1,100.69637883008356,1.33,0,1,1,0,70.0,1,27.860000000000014,Other Thermal Event,30,LOW
21.92242,83.35114,333.64,0.33,0.55,2026-09-06,818,N20,VIIRS,n,2.0NRT,288.87,5.12,D,VIIRS_NOAA20_NRT,2.8140740740740733,27,,81.9426164780206,Abnormal Increase,0,0.66,Jindal Steel Works,1,74.37,0,69.91,0,Industrial,0,1,81.9426164780206,1.34,0,0,1,0,70.0,0,44.76999999999998,Normal Persistent Source,10,LOW
15.18398,76.66821,309.62,0.34,0.56,2026-08-21,1953,N21,VIIRS,n,2.0NRT,289.94,3.21,N,VIIRS_NOAA21_NRT,2.449422222222222,225,,31.051313688488897,Persistent / Stable,0,21.39,Food Corporation of India,0,24.02,0,267.48,0,Forest / Woodland,2,1,31.051313688488897,0.93,0,0,1,0,70.0,1,19.680000000000007,Other Thermal Event,10,LOW
16.77258,80.1543,338.17,0.4,0.37,2026-08-11,805,N20,VIIRS,n,2.0NRT,299.02,4.91,D,VIIRS_NOAA20_NRT,4.91,1,,0.0,Single Historical Detection,0,4.33,Unnamed Industrial Feature,0,365.71,0,145.43,0,Cropland / Agriculture,3,1,0.0,0.83,0,0,0,0,70.0,0,39.150000000000034,Agricultural Burning,0,LOW
23.73705,86.43478,312.29,0.48,0.4,2026-08-20,2010,N21,VIIRS,n,2.0NRT,287.16,2.89,N,VIIRS_NOAA21_NRT,2.5454761904761902,42,,13.534748854176426,Persistent / Stable,0,5.78,Unnamed Industrial Feature,0,1.54,1,192.17,0,Mining,1,1,13.534748854176426,0.82,0,0,1,0,70.0,1,25.129999999999995,Mining Activity,0,LOW
19.93703,73.71011,308.78,0.58,0.52,2026-08-28,2017,N20,VIIRS,n,2.0NRT,289.52,1.25,N,VIIRS_NOAA20_NRT,1.3399999999999999,7,,-6.716417910447752,Persistent / Stable,0,10.55,MIDC Nashik Industrial Area,0,490.7,0,133.56,0,Forest / Woodland,2,1,-6.716417910447752,0.53,0,0,1,0,70.0,1,19.25999999999999,Other Thermal Event,5,LOW
10.93779,78.20586,337.13,0.39,0.36,2026-08-29,809,N21,VIIRS,n,2.0NRT,302.71,4.0,D,VIIRS_NOAA21_NRT,4.0,1,,0.0,Single Historical Detection,0,26.14,TNPL Paper Mill,0,186.31,0,123.17,0,Cropland / Agriculture,3,1,0.0,0.8,0,0,0,0,70.0,0,34.420000000000016,Agricultural Burning,0,LOW
14.8166,78.35658,337.68,0.42,0.38,2026-08-29,811,N21,VIIRS,n,2.0NRT,304.28,2.79,D,VIIRS_NOAA21_NRT,2.79,1,,0.0,Single Historical Detection,0,114.2,Loco Shed,0,158.7,0,210.92,0,Cropland / Agriculture,3,1,0.0,0.74,0,0,0,0,70.0,0,33.400000000000034,Agricultural Burning,0,LOW
10.49617,79.46641,343.03,0.34,0.56,2026-09-03,731,N20,VIIRS,n,2.0NRT,298.62,3.94,D,VIIRS_NOAA20_NRT,3.94,1,,0.0,Single Historical Detection,0,24.61,Majestic Lumber Mill,0,143.37,0,51.18,0,Cropland / Agriculture,3,1,0.0,0.8,0,0,0,0,70.0,0,44.40999999999997,Agricultural Burning,0,LOW
21.76922,84.01998,300.88,0.41,0.37,2026-08-20,2010,N21,VIIRS,n,2.0NRT,290.44,1.59,N,VIIRS_NOAA21_NRT,2.5425,24,,-37.46312684365781,Persistent / Stable,0,0.78,Bhushan Power & Steel,1,113.16,0,15.19,0,Industrial,0,1,-37.46312684365781,0.45,0,0,1,0,70.0,1,10.439999999999998,Normal Persistent Source,0,LOW
16.6478,74.31516,317.34,0.38,0.36,2026-08-16,2042,N20,VIIRS,n,2.0NRT,289.71,1.71,N,VIIRS_NOAA20_NRT,1.16,3,,47.413793103448285,Persistent / Stable,0,2.62,Unnamed Industrial Feature,0,285.1,0,286.37,0,Other,4,1,47.413793103448285,0.79,0,0,1,0,70.0,1,27.629999999999995,Normal Persistent Source,0,LOW
21.10367,72.64231,306.36,0.4,0.37,2026-08-29,2042,N21,VIIRS,n,2.0NRT,291.88,1.33,N,VIIRS_NOAA21_NRT,4.875096774193549,155,,-72.71849028637976,Persistent / Reduced,0,0.64,Hazira Industrial Complex SURAT,1,378.32,0,0.47,1,Industrial,0,1,-72.71849028637976,0.23,0,0,1,0,70.0,1,14.480000000000018,Gas Flare,20,LOW
15.17786,77.10236,309.04,0.41,0.37,2026-08-25,2017,N21,VIIRS,n,2.0NRT,292.29,1.05,N,VIIRS_NOAA21_NRT,1.3944827586206898,29,,-24.703264094955497,Persistent / Stable,0,19.89,Bellary JSW Steel Plant,0,19.82,0,256.63,0,Cropland / Agriculture,3,1,-24.703264094955497,0.44,0,0,1,0,70.0,1,16.75,Other Thermal Event,5,LOW
22.24823,87.38765,331.95,0.38,0.36,2026-08-21,722,N21,VIIRS,n,2.0NRT,292.07,3.08,D,VIIRS_NOAA21_NRT,2.518,10,,22.31930103256554,Persistent / Stable,0,12.27,Unnamed Industrial Feature,0,191.49,0,73.37,0,Other,4,1,22.31930103256554,0.88,0,0,1,0,70.0,0,39.879999999999995,Other Thermal Event,10,LOW
23.60917,85.67301,301.79,0.55,0.42,2026-08-19,1945,N20,VIIRS,n,2.0NRT,285.24,0.84,N,VIIRS_NOAA20_NRT,1.0263636363636364,11,,-18.157661647475646,Persistent / Stable,0,14.9,Unnamed Industrial Feature,0,28.22,0,206.37,0,Other,4,1,-18.157661647475646,0.41,0,0,1,0,70.0,1,16.55000000000001,Other Thermal Event,5,LOW
21.10634,72.64722,303.47,0.58,0.7,2026-09-03,2144,N20,VIIRS,n,2.0NRT,287.36,1.48,N,VIIRS_NOAA20_NRT,4.875096774193549,155,,-69.64162828860304,Persistent / Reduced,0,0.53,ArcelorMittal Nippon Steel India,1,377.88,0,1.03,1,Industrial,0,1,-69.64162828860304,0.25,0,0,1,0,70.0,1,16.110000000000014,Gas Flare,20,LOW
10.09406,77.23496,335.92,0.52,0.5,2026-08-21,1955,N21,VIIRS,n,2.0NRT,274.33,6.03,N,VIIRS_NOAA21_NRT,2.8499999999999996,8,,111.57894736842108,Abnormal Increase,0,12.74,Kannan Devan Tea Factory,0,54.51,0,88.21,0,Cropland / Agriculture,3,1,111.57894736842108,1.57,0,1,1,0,70.0,1,61.59000000000003,Other Thermal Event,30,LOW
15.1836,76.64207,340.29,0.43,0.38,2026-09-04,758,N21,VIIRS,n,2.0NRT,301.44,6.27,D,VIIRS_NOAA21_NRT,2.5095918367346943,98,,149.84142473774085,Abnormal Increase,0,22.8,NMDC Donimalai Iron Mine,0,22.8,0,265.85,0,Forest / Woodland,2,1,149.84142473774085,1.79,0,1,1,0,70.0,0,38.85000000000002,Other Thermal Event,30,LOW
23.74095,85.01152,301.76,0.4,0.44,2026-09-04,1945,N20,VIIRS,n,2.0NRT,286.04,1.02,N,VIIRS_NOAA20_NRT,1.672,10,,-38.995215311004785,Persistent / Stable,0,24.47,Tori Power Project,0,90.71,0,215.8,0,Other,4,1,-38.995215311004785,0.38,0,0,1,0,70.0,1,15.71999999999997,Other Thermal Event,5,LOW
9.73185,78.95364,339.67,0.38,0.36,2026-09-01,807,N20,VIIRS,n,2.0NRT,309.4,7.88,D,VIIRS_NOAA20_NRT,5.195,2,,51.68431183830605,Abnormal Increase,0,95.27,Tourist bus parking,0,196.02,0,150.88,0,Other,4,1,51.68431183830605,1.27,0,0,1,0,70.0,0,30.27000000000004,Agricultural Burning,10,LOW
9.79602,77.71014,303.22,0.38,0.43,2026-08-10,2002,N21,VIIRS,n,2.0NRT,283.91,1.49,N,VIIRS_NOAA21_NRT,1.49,1,,0.0,Single Historical Detection,0,44.83,TNSTC Ponmeni Bus depot,0,62.8,0,124.55,0,Other,4,1,0.0,0.6,0,0,0,0,70.0,1,19.310000000000002,Agricultural Burning,0,LOW
22.3204,82.56351,312.32,0.54,0.51,2026-09-04,1945,N20,VIIRS,n,2.0NRT,288.91,2.95,N,VIIRS_NOAA20_NRT,1.9195,20,,53.68585569158636,Abnormal Increase,0,4.63,S V Power Private Limited Renki,0,12.43,0,157.81,0,Other,4,1,53.68585569158636,1.01,0,0,1,0,70.0,1,23.409999999999968,Other Thermal Event,20,LOW
28.77631,76.95009,309.9,0.48,0.4,2026-08-14,2021,N21,VIIRS,n,2.0NRT,283.92,1.33,N,VIIRS_NOAA21_NRT,1.12,4,,18.749999999999993,Persistent / Stable,0,8.05,Bawana Industrial Area Delhi,0,39.4,0,68.35,0,Cropland / Agriculture,3,1,18.749999999999993,0.63,0,0,1,0,70.0,1,25.97999999999996,Agricultural Burning,0,LOW
28.66428,77.57787,311.08,0.4,0.37,2026-08-11,2032,N20,VIIRS,n,2.0NRT,292.87,3.12,N,VIIRS_NOAA20_NRT,2.1744444444444446,9,,43.4849259070005,Persistent / Stable,0,3.6,Unnamed Industrial Feature,0,27.9,0,100.48,0,Cropland / Agriculture,3,1,43.4849259070005,0.98,0,0,1,0,70.0,1,18.20999999999998,Other Thermal Event,10,LOW
26.60538,73.68313,306.85,0.4,0.37,2026-09-06,2046,N20,VIIRS,n,2.0NRT,295.36,0.65,N,VIIRS_NOAA20_NRT,0.8142857142857144,7,,-20.175438596491237,Persistent / Stable,0,55.53,Unnamed Industrial Feature,0,250.88,0,246.27,0,Other,4,1,-20.175438596491237,0.36,0,0,1,0,70.0,1,11.490000000000009,Other Thermal Event,5,LOW
15.18306,76.66953,303.1,0.7,0.75,2026-09-04,2125,N20,VIIRS,n,2.0NRT,287.56,3.27,N,VIIRS_NOAA20_NRT,2.4595982142857147,224,,32.94854342499317,Persistent / Stable,0,21.24,Food Corporation of India,0,24.0,0,267.48,0,Forest / Woodland,2,1,32.94854342499317,0.95,0,0,1,0,70.0,1,15.54000000000002,Other Thermal Event,10,LOW
21.10388,72.63377,303.36,0.4,0.37,2026-08-23,2055,N21,VIIRS,n,2.0NRT,290.85,1.31,N,VIIRS_NOAA21_NRT,4.870454545454545,154,,-73.10312645823612,Persistent / Reduced,0,0.25,Hazira Industrial Complex SURAT,1,378.56,0,0.29,1,Industrial,0,1,-73.10312645823612,0.22,0,0,1,0,70.0,1,12.509999999999991,Gas Flare,20,LOW
12.86819,78.8947,305.74,0.53,0.67,2026-08-20,2108,N20,VIIRS,n,2.0NRT,287.18,1.19,N,VIIRS_NOAA20_NRT,1.19,2,,0.0,Persistent / Stable,0,48.32,SIPCOT Ranipet Industrial Estate,0,139.08,0,114.22,0,Cropland / Agriculture,3,1,0.0,0.54,0,0,1,0,70.0,1,18.560000000000002,Agricultural Burning,0,LOW
21.29379,81.59311,305.98,0.39,0.36,2026-08-12,2017,N20,VIIRS,n,2.0NRT,287.1,0.81,N,VIIRS_NOAA20_NRT,1.3085714285714285,7,,-38.100436681222696,Persistent / Stable,0,0.28,Unnamed Industrial Feature,1,149.72,0,260.81,0,Industrial,0,1,-38.100436681222696,0.35,0,0,1,0,70.0,1,18.879999999999995,Normal Persistent Source,0,LOW
15.17762,76.65395,304.08,0.43,0.62,2026-09-01,1949,N21,VIIRS,n,2.0NRT,279.58,1.44,N,VIIRS_NOAA21_NRT,2.6711834319526626,169,,-46.0913098376271,Persistent / Stable,0,22.7,NMDC Donimalai Iron Mine,0,22.7,0,266.03,0,Forest / Woodland,2,1,-46.0913098376271,0.39,0,0,1,0,70.0,1,24.5,Other Thermal Event,5,LOW
9.42879,78.78382,331.89,0.46,0.47,2026-08-12,828,N21,VIIRS,n,2.0NRT,293.96,3.39,D,VIIRS_NOAA21_NRT,3.39,1,,0.0,Single Historical Detection,0,92.15,Tourist bus parking,0,178.12,0,188.79,0,Other,4,1,0.0,0.77,0,0,0,0,70.0,0,37.93000000000001,Agricultural Burning,0,LOW
20.97868,85.13556,296.34,0.57,0.69,2026-08-10,2051,N20,VIIRS,n,2.0NRT,276.83,1.86,N,VIIRS_NOAA20_NRT,2.9283333333333332,18,,-36.48264086511098,Persistent / Stable,0,7.37,Unnamed Industrial Feature,0,9.33,0,154.02,0,Other,4,1,-36.48264086511098,0.47,0,0,1,0,70.0,1,19.50999999999999,Other Thermal Event,5,LOW
15.17854,76.65572,333.15,0.49,0.41,2026-08-15,828,N20,VIIRS,n,2.0NRT,281.13,4.69,D,VIIRS_NOAA20_NRT,2.6232240437158474,183,,78.78762628892822,Abnormal Increase,0,22.69,Food Corporation of India,0,22.87,0,266.22,0,Forest / Woodland,2,1,78.78762628892822,1.29,0,0,1,0,70.0,0,52.01999999999998,Other Thermal Event,20,LOW
15.17314,76.6604,303.5,0.42,0.45,2026-09-03,2049,N21,VIIRS,n,2.0NRT,289.81,1.81,N,VIIRS_NOAA21_NRT,2.4697209302325582,215,,-26.712367464547356,Persistent / Stable,0,22.16,Food Corporation of India,0,22.56,0,266.02,0,Forest / Woodland,2,1,-26.712367464547356,0.52,0,0,1,0,70.0,1,13.689999999999998,Other Thermal Event,5,LOW
21.93093,85.22124,303.45,0.55,0.51,2026-09-04,2027,N21,VIIRS,n,2.0NRT,289.3,1.05,N,VIIRS_NOAA21_NRT,1.8470588235294119,17,,-43.152866242038215,Persistent / Stable,0,3.96,Kalta Mines Office,0,3.96,1,122.89,0,Mining,1,1,-43.152866242038215,0.37,0,0,1,0,70.0,1,14.149999999999977,Mining Activity,0,LOW
8.95907,77.42636,336.72,0.4,0.6,2026-08-31,731,N21,VIIRS,n,2.0NRT,299.34,6.43,D,VIIRS_NOAA21_NRT,6.73,2,,-4.457652303120367,Persistent / Stable,0,5.34,Unnamed Industrial Feature,0,77.14,0,88.29,0,Other,4,1,-4.457652303120367,0.83,0,0,1,0,70.0,0,37.38000000000005,Agricultural Burning,0,LOW
24.69003,73.00208,312.72,0.38,0.36,2026-09-03,2049,N21,VIIRS,n,2.0NRT,293.86,1.68,N,VIIRS_NOAA21_NRT,1.1736363636363636,11,,43.14484895429899,Persistent / Stable,0,29.17,India One,0,84.32,0,201.36,0,Other,4,1,43.14484895429899,0.77,0,0,1,0,70.0,1,18.860000000000014,Other Thermal Event,10,LOW
12.46242,78.27564,334.7,0.46,0.39,2026-08-10,822,N20,VIIRS,n,2.0NRT,299.94,2.77,D,VIIRS_NOAA20_NRT,2.77,1,,0.0,Single Historical Detection,0,8.33,Unnamed Industrial Feature,0,96.45,0,74.39,0,Cropland / Agriculture,3,1,0.0,0.73,0,0,0,0,70.0,0,34.75999999999999,Agricultural Burning,0,LOW
20.76113,85.29971,310.07,0.4,0.37,2026-09-06,1951,N21,VIIRS,n,2.0NRT,290.1,2.21,N,VIIRS_NOAA21_NRT,2.9322222222222223,27,,-24.630541871921185,Persistent / Stable,0,5.25,Unnamed Industrial Feature,0,22.58,0,146.83,0,Other,4,1,-24.630541871921185,0.56,0,0,1,0,70.0,1,19.96999999999997,Other Thermal Event,5,LOW
26.6419,79.47903,313.1,0.6,0.53,2026-08-12,2059,N21,VIIRS,n,2.0NRT,290.46,1.97,N,VIIRS_NOAA21_NRT,1.8419999999999999,5,,6.948968512486435,Persistent / Stable,0,78.45,Unnamed Industrial Feature,0,305.76,0,202.23,0,Cropland / Agriculture,3,1,6.948968512486435,0.69,0,0,1,0,70.0,1,22.640000000000043,Agricultural Burning,0,LOW
23.7134,86.4518,307.77,0.52,0.67,2026-09-03,1906,N21,VIIRS,n,2.0NRT,283.45,1.76,N,VIIRS_NOAA21_NRT,2.355555555555556,36,,-25.283018867924547,Persistent / Stable,0,5.44,SAIL Chasnalla ADM Building,0,4.38,1,195.09,0,Other,4,1,-25.283018867924547,0.52,0,0,1,0,70.0,1,24.319999999999993,Mining Activity,0,LOW
15.17816,76.65945,310.09,0.42,0.45,2026-08-26,2055,N20,VIIRS,n,2.0NRT,285.4,1.55,N,VIIRS_NOAA20_NRT,2.475244444444445,225,,-37.37992207279192,Persistent / Stable,0,22.28,Food Corporation of India,0,23.01,0,266.41,0,Forest / Woodland,2,1,-37.37992207279192,0.45,0,0,1,0,70.0,1,24.689999999999998,Other Thermal Event,5,LOW
23.68856,87.12273,315.81,0.39,0.36,2026-08-10,1957,N21,VIIRS,n,2.0NRT,289.44,2.97,N,VIIRS_NOAA21_NRT,2.8711111111111105,54,,3.444272445820462,Persistent / Stable,0,0.57,Unnamed Industrial Feature,1,71.47,0,208.27,0,Industrial,0,1,3.444272445820462,0.77,0,0,1,0,70.0,1,26.370000000000005,Normal Persistent Source,0,LOW
15.33788,76.27744,309.63,0.63,0.54,2026-09-05,2108,N20,VIIRS,n,2.0NRT,289.55,2.58,N,VIIRS_NOAA20_NRT,1.33375,32,,93.43955014058108,Abnormal Increase,0,33.0,APMC,0,49.07,0,261.24,0,Forest / Woodland,2,1,93.43955014058108,1.11,0,0,1,0,70.0,1,20.079999999999984,Other Thermal Event,20,LOW
23.78208,86.3897,300.95,0.5,0.41,2026-08-19,1945,N20,VIIRS,n,2.0NRT,263.78,0.83,N,VIIRS_NOAA20_NRT,1.9978846153846155,52,,-58.4560592934835,Persistent / Reduced,0,4.38,Unnamed Industrial Feature,0,4.41,1,186.39,0,Other,4,1,-58.4560592934835,0.28,0,0,1,0,70.0,1,37.170000000000016,Mining Activity,0,LOW
9.52524,77.44672,312.63,0.39,0.44,2026-08-10,2002,N21,VIIRS,n,2.0NRT,291.94,1.84,N,VIIRS_NOAA21_NRT,3.344,10,,-44.97607655502392,Persistent / Stable,0,30.49,Unnamed Industrial Feature,0,31.73,0,86.35,0,Other,4,1,-44.97607655502392,0.42,0,0,1,0,70.0,1,20.689999999999998,Other Thermal Event,5,LOW
22.79647,86.19669,310.02,0.5,0.41,2026-08-19,1945,N20,VIIRS,n,2.0NRT,290.31,1.57,N,VIIRS_NOAA20_NRT,2.479821428571429,56,,-36.68898970259956,Persistent / Stable,0,1.11,Tata Motors Jamshedpur Plant,1,99.48,0,209.68,0,Industrial,0,1,-36.68898970259956,0.45,0,0,1,0,70.0,1,19.70999999999998,Normal Persistent Source,0,LOW
25.94442,72.18835,312.48,0.43,0.62,2026-08-28,2014,N20,VIIRS,n,2.0NRT,294.26,1.62,N,VIIRS_NOAA20_NRT,1.6684374999999998,32,,-2.9031653867765317,Persistent / Stable,0,10.97,Industrial Area,0,139.77,0,84.15,0,Other,4,1,-2.9031653867765317,0.61,0,0,1,0,70.0,1,18.220000000000027,Other Thermal Event,5,LOW
9.2399,78.45236,336.7,0.39,0.36,2026-09-06,816,N20,VIIRS,n,2.0NRT,302.61,3.4,D,VIIRS_NOAA20_NRT,3.4,1,,0.0,Single Historical Detection,0,57.98,SPIC Tuticorin Fertilizers,0,146.52,0,192.83,0,Other,4,1,0.0,0.77,0,0,0,0,70.0,0,34.089999999999975,Agricultural Burning,0,LOW
15.16954,76.67191,312.8,0.39,0.36,2026-08-27,2036,N20,VIIRS,n,2.0NRT,288.34,2.47,N,VIIRS_NOAA20_NRT,2.51524064171123,187,,-1.7986605719145206,Persistent / Stable,0,20.92,Food Corporation of India,0,22.81,0,266.4,0,Forest / Woodland,2,1,-1.7986605719145206,0.7,0,0,1,0,70.0,1,24.460000000000036,Other Thermal Event,5,LOW
23.56148,87.23978,307.52,0.57,0.52,2026-08-20,1923,N20,VIIRS,n,2.0NRT,286.38,2.61,N,VIIRS_NOAA20_NRT,2.9255263157894738,38,,-10.785283799586226,Persistent / Stable,0,3.38,Durgapur Steel Plant,0,85.83,0,190.27,0,Other,4,1,-10.785283799586226,0.66,0,0,1,0,70.0,1,21.139999999999986,Normal Persistent Source,0,LOW
21.74194,83.84369,327.14,0.73,0.76,2026-08-28,833,N21,VIIRS,n,2.0NRT,280.41,7.65,D,VIIRS_NOAA21_NRT,4.926619718309859,71,,55.278881614683094,Abnormal Increase,0,6.12,IB Thermal Power Plant,0,95.61,0,26.36,0,Other,4,1,55.278881614683094,1.29,0,0,1,0,70.0,0,46.72999999999996,Other Thermal Event,20,LOW
13.17513,78.8025,341.1,0.34,0.56,2026-08-18,731,N20,VIIRS,n,2.0NRT,286.19,4.42,D,VIIRS_NOAA20_NRT,5.85,2,,-24.44444444444444,Persistent / Stable,0,63.32,SIPCOT Ranipet Industrial Estate,0,135.95,0,105.56,0,Cropland / Agriculture,3,1,-24.44444444444444,0.65,0,0,1,0,70.0,0,54.910000000000025,Agricultural Burning,0,LOW
15.4127,79.60164,337.37,0.48,0.4,2026-08-21,816,N20,VIIRS,n,2.0NRT,294.92,4.21,D,VIIRS_NOAA20_NRT,3.45,2,,22.02898550724637,Persistent / Stable,0,45.53,kummitha's farm,0,256.2,0,246.77,0,Cropland / Agriculture,3,1,22.02898550724637,0.95,0,0,1,0,70.0,0,42.44999999999999,Agricultural Burning,0,LOW
20.95031,86.0461,324.25,0.32,0.55,2026-09-04,2029,N21,VIIRS,n,2.0NRT,289.36,2.95,N,VIIRS_NOAA21_NRT,3.505925925925926,27,,-15.856750475385589,Persistent / Stable,0,1.25,Duburi Steel Power Plant,1,85.79,0,95.33,0,Industrial,0,1,-15.856750475385589,0.65,0,0,1,0,70.0,1,34.889999999999986,Normal Persistent Source,0,LOW
10.55847,78.78347,341.32,0.57,0.43,2026-09-08,822,N21,VIIRS,n,2.0NRT,303.61,5.9,D,VIIRS_NOAA21_NRT,5.9,1,,0.0,Single Historical Detection,0,21.61,Masfab Engineering Technology,0,170.6,0,118.29,0,Cropland / Agriculture,3,1,0.0,0.86,0,0,0,0,70.0,0,37.70999999999998,Agricultural Burning,0,LOW
18.66639,79.11244,336.2,0.39,0.36,2026-09-07,758,N20,VIIRS,n,2.0NRT,297.08,2.92,D,VIIRS_NOAA20_NRT,2.92,1,,0.0,Single Historical Detection,0,25.58,Sri Srinivasa rice mill,0,145.18,0,93.32,0,Forest / Woodland,2,1,0.0,0.74,0,0,0,0,70.0,0,39.120000000000005,Agricultural Burning,0,LOW
11.88784,77.23312,339.3,0.49,0.4,2026-08-31,828,N20,VIIRS,n,2.0NRT,295.55,4.91,D,VIIRS_NOAA20_NRT,4.91,1,,0.0,Single Historical Detection,0,56.81,Bannari Amman,0,126.54,0,74.4,0,Cropland / Agriculture,3,1,0.0,0.83,0,0,0,0,70.0,0,43.75,Agricultural Burning,0,LOW
11.61621,77.75238,303.07,0.44,0.46,2026-09-06,2051,N20,VIIRS,n,2.0NRT,287.25,0.48,N,VIIRS_NOAA20_NRT,0.48,1,,0.0,Single Historical Detection,0,18.79,Pallava Textiles (P) Limited,0,153.01,0,82.46,0,Cropland / Agriculture,3,1,0.0,0.32,0,0,0,0,70.0,1,15.819999999999993,Agricultural Burning,0,LOW
22.37741,87.27945,342.9,0.4,0.37,2026-08-24,1949,N20,VIIRS,n,2.0NRT,295.02,3.79,N,VIIRS_NOAA20_NRT,3.9493103448275866,58,,-4.033877586658526,Persistent / Stable,0,1.02,Unnamed Industrial Feature,1,173.38,0,89.21,0,Industrial,0,1,-4.033877586658526,0.77,0,0,1,0,70.0,1,47.879999999999995,Normal Persistent Source,0,LOW
22.79077,86.21069,310.22,0.5,0.41,2026-08-19,1945,N20,VIIRS,n,2.0NRT,290.82,2.89,N,VIIRS_NOAA20_NRT,2.479821428571429,56,,16.540649528335845,Persistent / Stable,0,1.27,Adityapur Industrial Estate,1,99.9,0,208.11,0,Industrial,0,1,16.540649528335845,0.83,0,0,1,0,70.0,1,19.400000000000034,Normal Persistent Source,0,LOW
15.86784,79.38237,317.85,0.49,0.65,2026-09-05,2108,N20,VIIRS,n,2.0NRT,278.42,1.71,N,VIIRS_NOAA20_NRT,2.0666666666666664,3,,-17.258064516129025,Persistent / Stable,0,42.06,Unnamed Industrial Feature,0,275.64,0,191.04,0,Cropland / Agriculture,3,1,-17.258064516129025,0.56,0,0,1,0,70.0,1,39.43000000000001,Agricultural Burning,0,LOW
23.67502,86.40179,305.32,0.41,0.45,2026-08-22,1932,N21,VIIRS,n,2.0NRT,276.58,1.28,N,VIIRS_NOAA21_NRT,3.0271428571428576,91,,-57.715903728173664,Persistent / Reduced,0,3.09,Unnamed Industrial Feature,0,5.13,0,198.33,0,Other,4,1,-57.715903728173664,0.32,0,0,1,0,70.0,1,28.74000000000001,Normal Persistent Source,0,LOW
15.18328,76.67441,308.65,0.34,0.56,2026-08-21,1953,N21,VIIRS,n,2.0NRT,291.07,1.37,N,VIIRS_NOAA21_NRT,2.485180722891566,166,,-44.873224414602205,Persistent / Stable,0,20.72,Food Corporation of India,0,24.27,0,267.8,0,Forest / Woodland,2,1,-44.873224414602205,0.39,0,0,1,0,70.0,1,17.579999999999984,Other Thermal Event,5,LOW
9.14391,78.26399,338.19,0.43,0.38,2026-09-04,758,N21,VIIRS,l,2.0NRT,305.32,4.67,D,VIIRS_NOAA21_NRT,5.1433333333333335,3,,-9.202851587815948,Persistent / Stable,0,38.91,SPIC Tuticorin Fertilizers,0,130.66,0,172.88,0,Other,4,1,-9.202851587815948,0.76,0,0,1,0,30.0,0,32.870000000000005,Agricultural Burning,0,LOW
20.96709,85.16577,307.01,0.57,0.52,2026-09-04,2029,N21,VIIRS,n,2.0NRT,289.6,3.09,N,VIIRS_NOAA21_NRT,3.440980392156863,102,,-10.200011396660793,Persistent / Stable,0,5.54,Unnamed Industrial Feature,0,5.94,0,157.21,0,Other,4,1,-10.200011396660793,0.7,0,0,1,0,70.0,1,17.409999999999968,Mining Activity,0,LOW
12.17388,78.93881,342.31,0.52,0.5,2026-09-05,835,N20,VIIRS,n,2.0NRT,299.54,6.41,D,VIIRS_NOAA20_NRT,6.41,1,,0.0,Single Historical Detection,0,68.66,Unnamed Industrial Feature,0,101.58,0,148.87,0,Cropland / Agriculture,3,1,0.0,0.87,0,0,0,0,70.0,0,42.76999999999998,Agricultural Burning,0,LOW
22.05409,88.12331,313.14,0.48,0.48,2026-09-05,1925,N20,VIIRS,n,2.0NRT,291.68,4.8,N,VIIRS_NOAA20_NRT,4.342173913043478,23,,10.543706818864527,Persistent / Stable,0,5.03,Haldia Port Industrial Area,0,256.09,0,7.41,0,Other,4,1,10.543706818864527,0.9,0,0,1,0,70.0,1,21.45999999999998,Other Thermal Event,10,LOW
28.6588,77.57416,331.49,0.51,0.41,2026-09-08,744,N20,VIIRS,n,2.0NRT,299.83,4.53,D,VIIRS_NOAA20_NRT,2.1744444444444446,9,,108.3290751149719,Abnormal Increase,0,4.25,Unnamed Industrial Feature,0,27.41,0,100.76,0,Cropland / Agriculture,3,1,108.3290751149719,1.43,0,1,1,0,70.0,0,31.660000000000025,Other Thermal Event,30,LOW
9.75441,77.52235,304.88,0.46,0.47,2026-08-29,2046,N21,VIIRS,n,2.0NRT,288.71,3.36,N,VIIRS_NOAA21_NRT,5.6816666666666675,6,,-40.862422997946624,Persistent / Stable,0,41.93,Bismi Chicken store,0,41.93,0,104.21,0,Other,4,1,-40.862422997946624,0.5,0,0,1,0,70.0,1,16.170000000000016,Other Thermal Event,5,LOW
22.808,86.08971,306.19,0.39,0.36,2026-08-10,1957,N21,VIIRS,n,2.0NRT,288.87,1.88,N,VIIRS_NOAA21_NRT,2.015,14,,-6.699751861042194,Persistent / Stable,0,0.55,Unnamed Industrial Feature,1,100.49,0,220.26,0,Industrial,0,1,-6.699751861042194,0.62,0,0,1,0,70.0,1,17.319999999999993,Normal Persistent Source,0,LOW
22.37579,87.2784,316.74,0.45,0.39,2026-08-11,1938,N21,VIIRS,n,2.0NRT,286.76,2.68,N,VIIRS_NOAA21_NRT,3.9493103448275866,58,,-32.140050641753255,Persistent / Stable,0,1.18,Unnamed Industrial Feature,1,173.47,0,89.23,0,Industrial,0,1,-32.140050641753255,0.54,0,0,1,0,70.0,1,29.980000000000018,Normal Persistent Source,0,LOW
23.82713,84.57284,305.57,0.42,0.45,2026-09-04,1945,N20,VIIRS,n,2.0NRT,288.62,1.64,N,VIIRS_NOAA20_NRT,2.1268000000000002,25,,-22.88884709422608,Persistent / Stable,0,24.33,Tori Power Project,0,135.57,0,220.72,0,Other,4,1,-22.88884709422608,0.52,0,0,1,0,70.0,1,16.94999999999999,Other Thermal Event,5,LOW
20.96283,86.01097,320.67,0.32,0.55,2026-09-04,2029,N21,VIIRS,n,2.0NRT,289.55,2.3,N,VIIRS_NOAA21_NRT,3.8306521739130432,46,,-39.958004653538396,Persistent / Stable,0,0.92,TATA Steel,1,82.15,0,98.73,0,Industrial,0,1,-39.958004653538396,0.48,0,0,1,0,70.0,1,31.120000000000005,Normal Persistent Source,0,LOW
22.38033,87.27895,323.37,0.36,0.58,2026-08-11,2034,N20,VIIRS,n,2.0NRT,287.49,1.93,N,VIIRS_NOAA20_NRT,3.9493103448275866,58,,-51.13070811141187,Persistent / Reduced,0,0.96,Tata Metaliks,1,173.08,0,89.4,0,Industrial,0,1,-51.13070811141187,0.39,0,0,1,0,70.0,1,35.879999999999995,Normal Persistent Source,0,LOW
9.72387,78.35549,334.19,0.42,0.38,2026-09-04,758,N21,VIIRS,l,2.0NRT,305.43,5.33,D,VIIRS_NOAA21_NRT,5.44,3,,-2.0220588235294175,Persistent / Stable,0,34.89,Tourist bus parking,0,130.6,0,188.23,0,Other,4,1,-2.0220588235294175,0.83,0,0,1,0,30.0,0,28.75999999999999,Agricultural Burning,0,LOW
28.74474,76.9258,302.82,0.59,0.53,2026-08-30,2116,N20,VIIRS,n,2.0NRT,286.68,1.53,N,VIIRS_NOAA20_NRT,1.8533333333333333,6,,-17.44604316546762,Persistent / Stable,0,5.13,Unnamed Industrial Feature,0,39.95,0,71.94,0,Cropland / Agriculture,3,1,-17.44604316546762,0.54,0,0,1,0,70.0,1,16.139999999999986,Other Thermal Event,5,LOW
20.94966,86.04922,320.98,0.32,0.55,2026-09-04,2029,N21,VIIRS,n,2.0NRT,289.44,2.95,N,VIIRS_NOAA21_NRT,3.4567857142857146,28,,-14.660605434445708,Persistent / Stable,0,1.07,VISA STEEL LTD,1,86.11,0,95.07,0,Industrial,0,1,-14.660605434445708,0.66,0,0,1,0,70.0,1,31.54000000000002,Normal Persistent Source,0,LOW
21.924,85.22245,332.47,0.4,0.37,2026-09-08,739,N20,VIIRS,n,2.0NRT,298.89,4.98,D,VIIRS_NOAA20_NRT,1.8470588235294119,17,,169.61783439490446,Abnormal Increase,0,4.74,Kalta Mines Office,0,4.74,1,123.0,0,Other,4,1,169.61783439490446,1.75,0,1,1,0,70.0,0,33.58000000000004,Mining Activity,15,LOW
15.30218,76.2206,304.1,0.41,0.37,2026-09-01,2044,N20,VIIRS,n,2.0NRT,287.53,0.62,N,VIIRS_NOAA20_NRT,0.6260000000000001,5,,-0.9584664536741397,Persistent / Stable,0,28.33,APMC,0,50.31,0,255.08,0,Forest / Woodland,2,1,-0.9584664536741397,0.38,0,0,1,0,70.0,1,16.57000000000005,Agricultural Burning,0,LOW
25.9405,72.18806,308.88,0.54,0.51,2026-08-30,2021,N21,VIIRS,n,2.0NRT,291.81,1.27,N,VIIRS_NOAA21_NRT,1.6684374999999998,32,,-23.880876568645803,Persistent / Stable,0,10.56,Industrial Area,0,139.36,0,84.09,0,Other,4,1,-23.880876568645803,0.48,0,0,1,0,70.0,1,17.069999999999993,Other Thermal Event,5,LOW
11.59508,77.26291,332.16,0.39,0.36,2026-09-02,2025,N20,VIIRS,n,2.0NRT,274.37,3.05,N,VIIRS_NOAA20_NRT,2.2528571428571427,7,,35.38363982244769,Persistent / Stable,0,43.67,Netaji apparel park,0,120.17,0,44.0,0,Cropland / Agriculture,3,1,35.38363982244769,0.94,0,0,1,0,70.0,1,57.79000000000002,Other Thermal Event,10,LOW
23.66597,87.15978,298.35,0.53,0.67,2026-08-21,2046,N20,VIIRS,n,2.0NRT,271.36,1.35,N,VIIRS_NOAA20_NRT,2.5206666666666666,30,,-46.44274001586881,Persistent / Stable,0,5.04,Unnamed Industrial Feature,0,75.63,0,204.31,0,Other,4,1,-46.44274001586881,0.38,0,0,1,0,70.0,1,26.99000000000001,Other Thermal Event,5,LOW
23.78163,86.39211,307.42,0.32,0.55,2026-08-20,1923,N20,VIIRS,n,2.0NRT,286.59,1.87,N,VIIRS_NOAA20_NRT,2.054098360655737,61,,-8.962490023942502,Persistent / Stable,0,4.15,Unnamed Industrial Feature,0,4.2,1,186.49,0,Other,4,1,-8.962490023942502,0.61,0,0,1,0,70.0,1,20.83000000000004,Mining Activity,0,LOW
8.90293,77.7048,331.99,0.56,0.43,2026-08-14,750,N21,VIIRS,n,2.0NRT,299.06,2.92,D,VIIRS_NOAA21_NRT,2.92,1,,0.0,Single Historical Detection,0,16.92,India Cements Sankarnagar,0,97.95,0,118.89,0,Other,4,1,0.0,0.74,0,0,0,0,70.0,0,32.93000000000001,Agricultural Burning,0,LOW
10.93393,78.49468,330.44,0.49,0.65,2026-08-19,852,N20,VIIRS,n,2.0NRT,292.35,1.95,D,VIIRS_NOAA20_NRT,4.27,4,,-54.33255269320843,Persistent / Reduced,0,27.57,Trichy Steel Company,0,165.82,0,148.61,0,Cropland / Agriculture,3,1,-54.33255269320843,0.37,0,0,1,0,70.0,0,38.089999999999975,Agricultural Burning,0,LOW
9.94795,78.71426,339.63,0.45,0.39,2026-08-18,816,N21,VIIRS,n,2.0NRT,303.02,3.75,D,VIIRS_NOAA21_NRT,4.0325,4,,-7.005579665220081,Persistent / Stable,0,66.86,Tourist bus parking,0,173.41,0,153.6,0,Other,4,1,-7.005579665220081,0.75,0,0,1,0,70.0,0,36.610000000000014,Agricultural Burning,0,LOW
23.80322,86.3317,311.37,0.53,0.67,2026-09-03,1906,N21,VIIRS,n,2.0NRT,283.56,1.82,N,VIIRS_NOAA21_NRT,2.4651851851851863,54,,-26.17187500000003,Persistent / Stable,0,3.47,Unnamed Industrial Feature,0,10.08,0,183.11,0,Other,4,1,-26.17187500000003,0.53,0,0,1,0,70.0,1,27.810000000000002,Normal Persistent Source,0,LOW
14.30825,77.44452,337.17,0.44,0.39,2026-08-10,822,N20,VIIRS,n,2.0NRT,303.21,4.87,D,VIIRS_NOAA20_NRT,7.483333333333333,12,,-34.922048997772826,Persistent / Stable,0,96.76,Loco Shed,0,109.28,0,153.35,0,Cropland / Agriculture,3,1,-34.922048997772826,0.57,0,0,1,0,70.0,0,33.960000000000036,Other Thermal Event,5,LOW
22.35921,87.01627,303.4,0.36,0.58,2026-08-23,1913,N21,VIIRS,n,2.0NRT,277.71,1.1,N,VIIRS_NOAA21_NRT,1.3695833333333336,24,,-19.68360206875571,Persistent / Stable,0,24.42,Unnamed Industrial Feature,0,162.07,0,113.51,0,Other,4,1,-19.68360206875571,0.46,0,0,1,0,70.0,1,25.689999999999998,Other Thermal Event,5,LOW
12.06562,77.03265,340.18,0.39,0.44,2026-09-05,835,N20,VIIRS,n,2.0NRT,305.58,3.69,D,VIIRS_NOAA20_NRT,6.79,2,,-45.65537555228277,Persistent / Stable,0,29.49,Unnamed Industrial Feature,0,116.74,0,93.22,0,Cropland / Agriculture,3,1,-45.65537555228277,0.47,0,0,1,0,70.0,0,34.60000000000002,Agricultural Burning,0,LOW
21.67999,84.04037,309.32,0.54,0.51,2026-09-07,1932,N21,VIIRS,n,2.0NRT,288.14,3.42,N,VIIRS_NOAA21_NRT,2.8622222222222224,18,,19.487577639751542,Persistent / Stable,0,6.37,Unnamed Industrial Feature,0,111.14,0,25.11,0,Other,4,1,19.487577639751542,0.89,0,0,1,0,70.0,1,21.180000000000007,Other Thermal Event,10,LOW
15.18496,76.67664,314.14,0.34,0.56,2026-08-21,1953,N21,VIIRS,n,2.0NRT,290.49,1.6,N,VIIRS_NOAA21_NRT,2.413014705882353,136,,-33.69290306853156,Persistent / Stable,0,20.5,Food Corporation of India,0,24.55,0,268.09,0,Forest / Woodland,2,1,-33.69290306853156,0.47,0,0,1,0,70.0,1,23.649999999999977,Other Thermal Event,5,LOW
23.5531,86.53947,305.74,0.39,0.36,2026-08-21,1949,N21,VIIRS,n,2.0NRT,285.35,2.72,N,VIIRS_NOAA21_NRT,1.3466666666666667,6,,101.98019801980197,Abnormal Increase,0,9.25,Santhaldih,0,23.9,0,214.41,0,Other,4,1,101.98019801980197,1.16,0,1,1,0,70.0,1,20.389999999999986,Other Thermal Event,30,LOW
21.74418,83.84429,334.37,0.4,0.37,2026-08-28,746,N20,VIIRS,n,2.0NRT,290.9,5.74,D,VIIRS_NOAA20_NRT,4.892297297297298,74,,17.327293318233284,Persistent / Stable,0,6.27,Unnamed Industrial Feature,0,95.79,0,26.15,0,Other,4,1,17.327293318233284,0.97,0,0,1,0,70.0,0,43.47000000000003,Other Thermal Event,10,LOW
17.648,80.69142,333.24,0.39,0.36,2026-09-07,758,N20,VIIRS,l,2.0NRT,303.36,4.59,D,VIIRS_NOAA20_NRT,4.59,1,,0.0,Single Historical Detection,0,3.48,Kothagudem Thermal Power Station,0,295.87,0,119.98,0,Other,4,1,0.0,0.82,0,0,0,0,30.0,0,29.879999999999995,Other Thermal Event,0,LOW
20.69557,78.63858,312.01,0.46,0.39,2026-09-05,2010,N21,VIIRS,n,2.0NRT,289.79,1.69,N,VIIRS_NOAA21_NRT,1.4775,4,,14.382402707275798,Persistent / Stable,0,51.16,MIDC Nagpur Butibori,0,106.99,0,319.44,0,Forest / Woodland,2,1,14.382402707275798,0.68,0,0,1,0,70.0,1,22.21999999999997,Agricultural Burning,0,LOW
21.1091,72.64794,303.32,0.58,0.7,2026-09-03,2144,N20,VIIRS,n,2.0NRT,287.57,1.64,N,VIIRS_NOAA20_NRT,4.875096774193549,155,,-66.35964215764122,Persistent / Reduced,0,0.44,ArcelorMittal Nippon Steel India,1,377.57,0,1.29,1,Industrial,0,1,-66.35964215764122,0.28,0,0,1,0,70.0,1,15.75,Gas Flare,20,LOW
10.92934,78.49602,347.17,0.4,0.37,2026-09-06,816,N20,VIIRS,n,2.0NRT,297.66,7.02,D,VIIRS_NOAA20_NRT,4.27,4,,64.40281030444966,Abnormal Increase,0,27.19,Trichy Steel Company,0,165.98,0,148.41,0,Cropland / Agriculture,3,1,64.40281030444966,1.33,0,0,1,0,70.0,0,49.50999999999999,Agricultural Burning,10,LOW
22.92938,70.10797,307.66,0.47,0.47,2026-08-24,2131,N20,VIIRS,n,2.0NRT,293.79,1.57,N,VIIRS_NOAA20_NRT,6.065384615384615,13,,-74.1154090044388,Persistent / Reduced,0,9.38,Unnamed Industrial Feature,0,50.39,0,50.43,0,Other,4,1,-74.1154090044388,0.22,0,0,1,0,70.0,1,13.870000000000005,Other Thermal Event,5,LOW
21.11116,72.63615,312.42,0.55,0.43,2026-09-02,2108,N21,VIIRS,n,2.0NRT,292.67,3.17,N,VIIRS_NOAA21_NRT,4.870454545454545,154,,-34.91367242183854,Persistent / Stable,0,0.69,ONGC Hazira Gas Processing,1,377.71,0,0.69,1,Industrial,0,1,-34.91367242183854,0.54,0,0,1,0,70.0,1,19.75,Gas Flare,20,LOW
15.18088,76.66781,333.34,0.52,0.41,2026-08-30,752,N21,VIIRS,n,2.0NRT,289.95,3.18,D,VIIRS_NOAA21_NRT,2.446387665198238,227,,29.98757495543191,Persistent / Stable,0,21.41,Food Corporation of India,0,23.69,0,267.18,0,Forest / Woodland,2,1,29.98757495543191,0.92,0,0,1,0,70.0,0,43.389999999999986,Other Thermal Event,10,LOW
18.67984,73.03214,305.58,0.4,0.6,2026-08-15,2006,N21,VIIRS,n,2.0NRT,287.28,1.39,N,VIIRS_NOAA21_NRT,2.326458333333333,48,,-40.25252977523059,Persistent / Stable,0,24.68,ONGC Uran Plant Maharashtra,0,548.54,0,24.28,0,Forest / Woodland,2,1,-40.25252977523059,0.42,0,0,1,0,70.0,1,18.30000000000001,Other Thermal Event,5,LOW
10.11183,77.66344,343.37,0.42,0.37,2026-09-03,816,N21,VIIRS,n,2.0NRT,308.57,6.72,D,VIIRS_NOAA21_NRT,7.169999999999999,3,,-6.2761506276150545,Persistent / Stable,0,45.69,Chicken shop,0,77.86,0,120.11,0,Cropland / Agriculture,3,1,-6.2761506276150545,0.82,0,0,1,0,70.0,0,34.80000000000001,Agricultural Burning,0,LOW
10.23521,79.19682,336.6,0.39,0.37,2026-09-04,758,N21,VIIRS,l,2.0NRT,302.56,5.05,D,VIIRS_NOAA21_NRT,7.369999999999999,2,,-31.478968792401623,Persistent / Stable,0,59.07,Central Warehouse Corporation,0,179.71,0,92.3,0,Cropland / Agriculture,3,1,-31.478968792401623,0.6,0,0,1,0,30.0,0,34.04000000000002,Agricultural Burning,0,LOW
21.75536,83.84563,332.59,0.36,0.57,2026-09-06,818,N20,VIIRS,n,2.0NRT,289.17,4.2,D,VIIRS_NOAA20_NRT,4.790123456790123,81,,-12.319587628865975,Persistent / Stable,0,5.16,Unnamed Industrial Feature,0,96.53,0,25.21,0,Other,4,1,-12.319587628865975,0.73,0,0,1,0,70.0,0,43.41999999999996,Other Thermal Event,5,LOW
23.80397,86.32408,318.77,0.42,0.45,2026-08-22,1932,N21,VIIRS,n,2.0NRT,283.04,2.73,N,VIIRS_NOAA21_NRT,2.575531914893617,47,,5.997521685254023,Persistent / Stable,0,3.31,Unnamed Industrial Feature,0,10.86,0,182.91,0,Other,4,1,5.997521685254023,0.76,0,0,1,0,70.0,1,35.72999999999996,Normal Persistent Source,0,LOW
29.32052,74.35227,338.87,0.4,0.45,2026-08-12,748,N20,VIIRS,n,2.0NRT,292.64,3.8,D,VIIRS_NOAA20_NRT,3.8,1,,0.0,Single Historical Detection,0,36.47,Suratgarh Super Thermal Power Plant,0,297.83,0,111.57,0,Cropland / Agriculture,3,1,0.0,0.79,0,0,0,0,70.0,0,46.23000000000002,Agricultural Burning,0,LOW
12.91749,79.11784,304.36,0.39,0.36,2026-08-25,2019,N21,VIIRS,n,2.0NRT,281.42,0.7,N,VIIRS_NOAA21_NRT,0.7,1,,0.0,Single Historical Detection,0,23.6,SIPCOT Ranipet Industrial Estate,0,114.58,0,126.57,0,Cropland / Agriculture,3,1,0.0,0.41,0,0,0,0,70.0,1,22.939999999999998,Agricultural Burning,0,LOW
20.75782,85.29731,305.4,0.44,0.46,2026-09-07,1932,N21,VIIRS,n,2.0NRT,290.09,1.97,N,VIIRS_NOAA21_NRT,2.9322222222222223,27,,-32.8154604016673,Persistent / Stable,0,5.58,Unnamed Industrial Feature,0,22.83,0,146.93,0,Other,4,1,-32.8154604016673,0.5,0,0,1,0,70.0,1,15.310000000000002,Other Thermal Event,5,LOW
8.74152,77.60243,299.08,0.4,0.37,2026-08-20,2014,N21,VIIRS,n,2.0NRT,268.76,1.11,N,VIIRS_NOAA21_NRT,19.433809523809526,21,,-94.2883046237534,Persistent / Reduced,0,24.71,India Cements Sankarnagar,0,81.75,0,116.82,0,Other,4,1,-94.2883046237534,0.05,0,0,1,0,70.0,1,30.319999999999993,Other Thermal Event,5,LOW
34.47445,73.86165,303.5,0.42,0.38,2026-08-25,2108,N20,VIIRS,n,2.0NRT,288.2,6.61,N,VIIRS_NOAA20_NRT,5.282500000000001,4,,25.130146710837664,Persistent / Stable,0,279.8,Kathua Industrial Area,0,729.78,0,490.99,0,Other,4,1,25.130146710837664,1.05,0,0,1,0,70.0,1,15.300000000000011,Agricultural Burning,0,LOW
20.96346,86.00796,327.6,0.32,0.55,2026-09-04,2029,N21,VIIRS,n,2.0NRT,289.61,2.99,N,VIIRS_NOAA21_NRT,3.8306521739130432,46,,-21.9454060495999,Persistent / Stable,0,0.86,TATA Steel,1,81.83,0,98.99,0,Industrial,0,1,-21.9454060495999,0.62,0,0,1,0,70.0,1,37.99000000000001,Normal Persistent Source,0,LOW
12.45337,78.93562,331.98,0.41,0.45,2026-08-15,828,N20,VIIRS,n,2.0NRT,300.09,2.31,D,VIIRS_NOAA20_NRT,2.31,1,,0.0,Single Historical Detection,0,52.79,Unnamed Industrial Feature,0,119.41,0,132.0,0,Cropland / Agriculture,3,1,0.0,0.7,0,0,0,0,70.0,0,31.890000000000043,Agricultural Burning,0,LOW
23.71148,86.4525,300.44,0.43,0.38,2026-08-16,1945,N21,VIIRS,n,2.0NRT,274.7,1.42,N,VIIRS_NOAA21_NRT,2.3802857142857143,35,,-40.34329612291442,Persistent / Stable,0,5.24,SAIL Chasnalla ADM Building,0,4.58,1,195.31,0,Other,4,1,-40.34329612291442,0.42,0,0,1,0,70.0,1,25.74000000000001,Mining Activity,0,LOW
14.15228,77.2437,337.29,0.43,0.38,2026-08-18,818,N21,VIIRS,n,2.0NRT,299.27,2.81,D,VIIRS_NOAA21_NRT,4.019166666666667,12,,-30.085009330292355,Persistent / Stable,0,95.75,Chamundi Die Cast(Pvt)Ltd,0,116.28,0,145.12,0,Cropland / Agriculture,3,1,-30.085009330292355,0.56,0,0,1,0,70.0,0,38.02000000000004,Other Thermal Event,5,LOW
27.37927,95.08714,301.67,0.35,0.57,2026-08-23,2008,N20,VIIRS,n,2.0NRT,268.78,0.49,N,VIIRS_NOAA20_NRT,2.12,7,,-76.88679245283019,Persistent / Reduced,0,0.5,Unnamed Industrial Feature,1,553.81,0,52.56,0,Industrial,0,1,-76.88679245283019,0.16,0,0,1,0,70.0,1,32.89000000000004,Normal Persistent Source,0,LOW
10.86482,77.44711,338.97,0.48,0.4,2026-09-08,822,N21,VIIRS,l,2.0NRT,311.12,4.39,D,VIIRS_NOAA21_NRT,4.39,1,,0.0,Single Historical Detection,0,25.18,Unnamed Industrial Feature,0,136.78,0,43.87,0,Cropland / Agriculture,3,1,0.0,0.81,0,0,0,0,30.0,0,27.850000000000023,Agricultural Burning,0,LOW
15.16609,76.37775,303.82,0.52,0.41,2026-09-05,2012,N21,VIIRS,n,2.0NRT,290.84,1.2,N,VIIRS_NOAA21_NRT,1.3534615384615387,26,,-11.338448422847419,Persistent / Stable,0,21.99,APMC,0,27.66,0,249.18,0,Forest / Woodland,2,1,-11.338448422847419,0.51,0,0,1,0,70.0,1,12.980000000000018,Other Thermal Event,5,LOW
15.54826,79.64835,317.21,0.49,0.4,2026-09-04,2032,N21,VIIRS,n,2.0NRT,292.93,4.3,N,VIIRS_NOAA21_NRT,5.883636363636364,11,,-26.915945611866505,Persistent / Stable,0,30.44,kummitha's farm,0,269.2,0,234.97,0,Cropland / Agriculture,3,1,-26.915945611866505,0.62,0,0,1,0,70.0,1,24.279999999999973,Other Thermal Event,5,LOW
9.51796,78.82596,331.44,0.4,0.6,2026-08-10,726,N21,VIIRS,n,2.0NRT,291.8,1.86,D,VIIRS_NOAA21_NRT,1.86,1,,0.0,Single Historical Detection,0,90.66,Tourist bus parking,0,181.87,0,178.14,0,Other,4,1,0.0,0.65,0,0,0,0,70.0,0,39.639999999999986,Agricultural Burning,0,LOW
9.06651,77.75156,343.23,0.39,0.44,2026-08-20,835,N20,VIIRS,n,2.0NRT,301.81,4.95,D,VIIRS_NOAA20_NRT,9.483333333333333,3,,-47.803163444639715,Persistent / Stable,0,18.77,Unnamed Industrial Feature,0,87.75,0,118.53,0,Other,4,1,-47.803163444639715,0.47,0,0,1,0,70.0,0,41.420000000000016,Agricultural Burning,0,LOW
23.69424,86.07922,300.84,0.4,0.37,2026-08-13,1955,N20,VIIRS,n,2.0NRT,284.35,0.7,N,VIIRS_NOAA20_NRT,2.32404255319149,47,,-69.88006957795479,Persistent / Reduced,0,1.84,Unnamed Industrial Feature,1,15.43,0,193.17,0,Industrial,0,1,-69.88006957795479,0.21,0,0,1,0,70.0,1,16.489999999999952,Normal Persistent Source,0,LOW
25.9441,72.19492,304.05,0.66,0.73,2026-08-28,2155,N20,VIIRS,n,2.0NRT,291.75,1.16,N,VIIRS_NOAA20_NRT,1.6684374999999998,32,,-30.473871511519008,Persistent / Stable,0,10.76,Industrial Area,0,140.02,0,84.81,0,Other,4,1,-30.473871511519008,0.43,0,0,1,0,70.0,1,12.300000000000011,Other Thermal Event,5,LOW
14.97743,79.43329,333.0,0.57,0.43,2026-08-10,822,N20,VIIRS,n,2.0NRT,301.7,2.72,D,VIIRS_NOAA20_NRT,2.72,1,,0.0,Single Historical Detection,0,66.67,COW Farm,0,217.96,0,220.11,0,Cropland / Agriculture,3,1,0.0,0.73,0,0,0,0,70.0,0,31.30000000000001,Agricultural Burning,0,LOW
22.38231,87.28905,305.9,0.44,0.39,2026-08-19,1945,N20,VIIRS,n,2.0NRT,289.6,2.32,N,VIIRS_NOAA20_NRT,3.7838805970149254,67,,-38.68728305459136,Persistent / Stable,0,0.34,Unnamed Industrial Feature,1,173.46,0,88.57,0,Industrial,0,1,-38.68728305459136,0.48,0,0,1,0,70.0,1,16.299999999999955,Normal Persistent Source,0,LOW
22.78767,86.20531,307.42,0.5,0.41,2026-08-19,1945,N20,VIIRS,n,2.0NRT,290.98,2.63,N,VIIRS_NOAA20_NRT,2.479821428571429,56,,6.056023619212197,Persistent / Stable,0,0.67,Tata Steel,1,100.32,0,208.48,0,Industrial,0,1,6.056023619212197,0.76,0,0,1,0,70.0,1,16.439999999999998,Normal Persistent Source,0,LOW
10.10931,77.46021,303.47,0.53,0.67,2026-08-30,1942,N20,VIIRS,n,2.0NRT,289.61,0.64,N,VIIRS_NOAA20_NRT,0.615,2,,4.065040650406507,Persistent / Stable,0,37.36,Kannan Devan Tea Factory,0,64.17,0,110.22,0,Cropland / Agriculture,3,1,4.065040650406507,0.4,0,0,1,0,70.0,1,13.860000000000014,Agricultural Burning,0,LOW
9.36442,77.60989,339.27,0.38,0.36,2026-09-06,816,N20,VIIRS,n,2.0NRT,300.83,3.3,D,VIIRS_NOAA20_NRT,8.175,2,,-59.63302752293579,Persistent / Reduced,0,7.62,Unnamed Industrial Feature,0,55.35,0,100.6,0,Other,4,1,-59.63302752293579,0.36,0,0,1,0,70.0,0,38.44,Agricultural Burning,0,LOW
8.92738,77.53544,339.7,0.5,0.65,2026-08-18,729,N20,VIIRS,n,2.0NRT,295.17,4.49,D,VIIRS_NOAA20_NRT,3.34,2,,34.43113772455091,Persistent / Stable,0,4.67,India Cements Sankarnagar,0,84.46,0,100.66,0,Other,4,1,34.43113772455091,1.03,0,0,1,0,70.0,0,44.52999999999997,Agricultural Burning,0,LOW
8.89687,77.86032,347.59,0.32,0.55,2026-08-14,845,N20,VIIRS,n,2.0NRT,291.12,4.36,D,VIIRS_NOAA20_NRT,6.08375,8,,-28.333675775631807,Persistent / Stable,0,31.64,Unnamed Industrial Feature,0,109.53,0,135.15,0,Other,4,1,-28.333675775631807,0.62,0,0,1,0,70.0,0,56.46999999999997,Other Thermal Event,5,LOW
20.76273,85.2932,312.94,0.46,0.47,2026-09-07,2027,N20,VIIRS,n,2.0NRT,289.61,2.08,N,VIIRS_NOAA20_NRT,2.9322222222222223,27,,-29.064039408866993,Persistent / Stable,0,5.0,Unnamed Industrial Feature,0,22.17,0,147.53,0,Other,4,1,-29.064039408866993,0.53,0,0,1,0,70.0,1,23.329999999999984,Other Thermal Event,5,LOW
15.17438,76.70177,305.85,0.39,0.36,2026-08-14,2025,N21,VIIRS,n,2.0NRT,290.27,0.49,N,VIIRS_NOAA21_NRT,1.3800000000000001,24,,-64.49275362318842,Persistent / Reduced,0,17.73,Food Corporation of India,0,23.58,0,268.7,0,Forest / Woodland,2,1,-64.49275362318842,0.21,0,0,1,0,70.0,1,15.580000000000041,Other Thermal Event,5,LOW
9.55372,77.52083,321.43,0.38,0.36,2026-09-02,2025,N20,VIIRS,n,2.0NRT,286.47,1.52,N,VIIRS_NOAA20_NRT,2.0070588235294116,17,,-24.26729191090269,Persistent / Stable,0,26.43,Unnamed Industrial Feature,0,38.96,0,95.05,0,Other,4,1,-24.26729191090269,0.51,0,0,1,0,70.0,1,34.95999999999998,Other Thermal Event,5,LOW
22.93045,70.10779,305.4,0.56,0.43,2026-09-04,2125,N20,VIIRS,n,2.0NRT,293.7,3.36,N,VIIRS_NOAA20_NRT,6.065384615384615,13,,-44.60367786937223,Persistent / Stable,0,9.26,Unnamed Industrial Feature,0,50.29,0,50.55,0,Other,4,1,-44.60367786937223,0.48,0,0,1,0,70.0,1,11.699999999999989,Other Thermal Event,5,LOW
9.58051,77.54716,331.25,0.63,0.54,2026-09-01,1947,N21,VIIRS,n,2.0NRT,289.78,3.82,N,VIIRS_NOAA21_NRT,4.0649999999999995,8,,-6.027060270602699,Persistent / Stable,0,27.1,Unnamed Industrial Feature,0,41.48,0,98.73,0,Other,4,1,-6.027060270602699,0.75,0,0,1,0,70.0,1,41.47000000000003,Other Thermal Event,5,LOW
15.16355,76.37809,303.43,0.42,0.38,2026-09-01,2044,N20,VIIRS,n,2.0NRT,287.16,0.81,N,VIIRS_NOAA20_NRT,1.3534615384615387,26,,-40.153452685422,Persistent / Stable,0,21.85,APMC,0,27.44,0,248.95,0,Forest / Woodland,2,1,-40.153452685422,0.34,0,0,1,0,70.0,1,16.269999999999982,Other Thermal Event,5,LOW
10.41348,78.82151,340.48,0.38,0.36,2026-08-16,807,N20,VIIRS,n,2.0NRT,304.38,2.78,D,VIIRS_NOAA20_NRT,2.78,1,,0.0,Single Historical Detection,0,36.41,Masfab Engineering Technology,0,181.03,0,118.57,0,Cropland / Agriculture,3,1,0.0,0.74,0,0,0,0,70.0,0,36.10000000000002,Agricultural Burning,0,LOW
21.5029,81.81057,298.76,0.34,0.56,2026-08-10,2051,N20,VIIRS,n,2.0NRT,283.39,1.31,N,VIIRS_NOAA20_NRT,0.925,2,,41.62162162162162,Persistent / Stable,0,2.33,Unnamed Industrial Feature,1,128.69,0,233.47,0,Other,4,1,41.62162162162162,0.68,0,0,1,0,70.0,1,15.370000000000005,Normal Persistent Source,0,LOW
17.60797,83.20338,331.3,0.38,0.36,2026-09-05,739,N21,VIIRS,n,2.0NRT,300.58,4.54,D,VIIRS_NOAA21_NRT,2.7028571428571433,35,,67.9704016913319,Abnormal Increase,0,8.91,Visakhapatnam Steel Plant RINL,0,306.69,0,14.68,0,Other,4,1,67.9704016913319,1.23,0,0,1,0,70.0,0,30.720000000000027,Other Thermal Event,20,LOW
23.77694,85.99603,304.0,0.45,0.39,2026-08-16,1945,N21,VIIRS,n,2.0NRT,281.01,1.29,N,VIIRS_NOAA21_NRT,1.0766666666666667,6,,19.814241486068116,Persistent / Stable,0,1.98,Unnamed Industrial Feature,1,3.68,1,184.08,0,Industrial,0,1,19.814241486068116,0.62,0,0,1,0,70.0,1,22.99000000000001,Normal Persistent Source,0,LOW
15.29888,80.01089,302.36,0.32,0.55,2026-08-19,1947,N20,VIIRS,n,2.0NRT,286.6,0.86,N,VIIRS_NOAA20_NRT,0.86,1,,0.0,Single Historical Detection,0,20.83,COW Farm,0,233.93,0,237.97,0,Cropland / Agriculture,3,1,0.0,0.46,0,0,0,0,70.0,1,15.759999999999991,Agricultural Burning,0,LOW
15.17996,77.10442,304.53,0.49,0.49,2026-08-26,2000,N21,VIIRS,n,2.0NRT,288.03,1.88,N,VIIRS_NOAA21_NRT,1.3944827586206898,29,,34.81701285855586,Persistent / Stable,0,20.15,Bellary JSW Steel Plant,0,20.07,0,256.78,0,Cropland / Agriculture,3,1,34.81701285855586,0.79,0,0,1,0,70.0,1,16.5,Other Thermal Event,10,LOW
22.79299,86.19738,307.98,0.32,0.55,2026-09-05,1925,N20,VIIRS,n,2.0NRT,290.96,1.39,N,VIIRS_NOAA20_NRT,2.4310909090909085,55,,-42.82402213746166,Persistent / Stable,0,0.91,Tata Steel,1,99.85,0,209.46,0,Industrial,0,1,-42.82402213746166,0.41,0,0,1,0,70.0,1,17.02000000000004,Normal Persistent Source,0,LOW
22.37958,87.27782,319.11,0.45,0.63,2026-08-24,2034,N21,VIIRS,n,2.0NRT,288.07,3.83,N,VIIRS_NOAA21_NRT,3.9493103448275866,58,,-3.0210425216100663,Persistent / Stable,0,1.1,Tata Metaliks,1,173.08,0,89.47,0,Industrial,0,1,-3.0210425216100663,0.77,0,0,1,0,70.0,1,31.04000000000002,Normal Persistent Source,0,LOW
21.1077,72.6405,305.03,0.45,0.39,2026-08-24,2036,N21,VIIRS,n,2.0NRT,286.38,1.32,N,VIIRS_NOAA21_NRT,4.875096774193549,155,,-72.92361441956487,Persistent / Reduced,0,0.41,ArcelorMittal Nippon Steel India,1,377.95,0,0.53,1,Industrial,0,1,-72.92361441956487,0.22,0,0,1,0,70.0,1,18.649999999999977,Gas Flare,20,LOW
9.38556,77.56399,330.37,0.4,0.6,2026-08-27,848,N21,VIIRS,n,2.0NRT,292.71,4.92,D,VIIRS_NOAA21_NRT,4.92,1,,0.0,Single Historical Detection,0,12.65,Unnamed Industrial Feature,0,49.81,0,95.8,0,Other,4,1,0.0,0.83,0,0,0,0,70.0,0,37.660000000000025,Agricultural Burning,0,LOW
23.66717,87.15483,301.16,0.53,0.67,2026-08-21,2046,N20,VIIRS,n,2.0NRT,271.52,1.35,N,VIIRS_NOAA20_NRT,2.5206666666666666,30,,-46.44274001586881,Persistent / Stable,0,4.56,Unnamed Industrial Feature,0,75.11,0,204.66,0,Other,4,1,-46.44274001586881,0.38,0,0,1,0,70.0,1,29.640000000000043,Other Thermal Event,5,LOW
26.91881,82.54733,331.74,0.44,0.46,2026-08-11,712,N21,VIIRS,n,2.0NRT,293.76,4.34,D,VIIRS_NOAA21_NRT,4.34,1,,0.0,Single Historical Detection,0,82.29,Food Mill,0,302.53,0,177.2,0,Cropland / Agriculture,3,1,0.0,0.81,0,0,0,0,70.0,0,37.98000000000002,Agricultural Burning,0,LOW
20.88582,84.98159,307.64,0.55,0.43,2026-09-04,1945,N20,VIIRS,n,2.0NRT,291.13,2.05,N,VIIRS_NOAA20_NRT,2.7386666666666666,30,,-25.146056475170404,Persistent / Stable,0,1.22,Unnamed Industrial Feature,1,25.77,0,150.24,0,Industrial,0,1,-25.146056475170404,0.55,0,0,1,0,70.0,1,16.50999999999999,Normal Persistent Source,0,LOW
11.12472,77.62248,336.38,0.39,0.36,2026-09-06,816,N20,VIIRS,n,2.0NRT,300.0,3.95,D,VIIRS_NOAA20_NRT,3.95,1,,0.0,Single Historical Detection,0,14.77,SIPCOT Perundurai,0,151.08,0,57.52,0,Cropland / Agriculture,3,1,0.0,0.8,0,0,0,0,70.0,0,36.379999999999995,Agricultural Burning,0,LOW
23.73945,86.43385,311.62,0.52,0.67,2026-09-03,1906,N21,VIIRS,n,2.0NRT,283.86,2.52,N,VIIRS_NOAA21_NRT,2.5579487179487175,39,,-1.483560545308722,Persistent / Stable,0,5.51,Unnamed Industrial Feature,0,1.41,1,191.89,0,Mining,1,1,-1.483560545308722,0.71,0,0,1,0,70.0,1,27.75999999999999,Mining Activity,0,LOW
22.79471,86.20924,324.38,0.51,0.41,2026-08-11,1938,N21,VIIRS,n,2.0NRT,277.9,2.59,N,VIIRS_NOAA21_NRT,2.479821428571429,56,,4.44300424857779,Persistent / Stable,0,1.28,Tata Motors Jamshedpur Plant,1,99.49,0,208.42,0,Industrial,0,1,4.44300424857779,0.74,0,0,1,0,70.0,1,46.48000000000002,Normal Persistent Source,0,LOW
15.18871,76.6569,301.81,0.42,0.61,2026-08-24,1951,N20,VIIRS,n,2.0NRT,280.75,2.33,N,VIIRS_NOAA20_NRT,2.6676300578034686,173,,-12.656554712892751,Persistent / Stable,0,22.64,Food Corporation of India,0,23.95,0,267.22,0,Forest / Woodland,2,1,-12.656554712892751,0.64,0,0,1,0,70.0,1,21.060000000000002,Other Thermal Event,5,LOW
23.65641,85.50684,310.37,0.38,0.36,2026-09-03,2002,N20,VIIRS,n,2.0NRT,287.69,0.98,N,VIIRS_NOAA20_NRT,1.07,10,,-8.411214953271035,Persistent / Stable,0,2.4,Ramgarh Industrial Area,1,41.66,0,205.14,0,Other,4,1,-8.411214953271035,0.47,0,0,1,0,70.0,1,22.680000000000007,Normal Persistent Source,0,LOW
27.39476,70.4882,335.01,0.48,0.65,2026-08-15,737,N21,VIIRS,n,2.0NRT,292.69,3.22,D,VIIRS_NOAA21_NRT,5.015,2,,-35.792622133599195,Persistent / Stable,0,168.24,Giral Lignite Power Plant,0,308.36,0,188.96,0,Other,4,1,-35.792622133599195,0.54,0,0,1,0,70.0,0,42.31999999999999,Agricultural Burning,0,LOW
21.91979,83.35107,333.15,0.39,0.36,2026-09-05,741,N21,VIIRS,n,2.0NRT,295.87,4.81,D,VIIRS_NOAA21_NRT,2.8140740740740733,27,,70.92655962095291,Abnormal Increase,0,0.92,Jindal Steel Works,1,74.1,0,69.91,0,Industrial,0,1,70.92655962095291,1.26,0,0,1,0,70.0,0,37.27999999999997,Normal Persistent Source,10,LOW
22.20611,84.85925,317.65,0.43,0.38,2026-09-05,2010,N21,VIIRS,n,2.0NRT,289.35,2.82,N,VIIRS_NOAA21_NRT,2.28,27,,23.684210526315795,Persistent / Stable,0,1.17,Rourkela Steel Plant SAIL,1,45.38,0,91.71,0,Industrial,0,1,23.684210526315795,0.86,0,0,1,0,70.0,1,28.299999999999955,Normal Persistent Source,0,LOW
11.14093,77.35009,300.35,0.42,0.38,2026-08-28,2017,N20,VIIRS,n,2.0NRT,280.83,0.38,N,VIIRS_NOAA20_NRT,0.94,2,,-59.57446808510638,Persistent / Reduced,0,5.88,Unnamed Industrial Feature,0,121.3,0,28.39,0,Cropland / Agriculture,3,1,-59.57446808510638,0.2,0,0,1,0,70.0,1,19.52000000000004,Agricultural Burning,0,LOW
21.77047,84.01955,310.59,0.41,0.37,2026-09-05,2010,N21,VIIRS,n,2.0NRT,292.24,2.59,N,VIIRS_NOAA21_NRT,2.5425,24,,1.8682399213372618,Persistent / Stable,0,0.93,Bhushan Power & Steel,1,113.18,0,15.05,0,Industrial,0,1,1.8682399213372618,0.73,0,0,1,0,70.0,1,18.349999999999966,Normal Persistent Source,0,LOW
23.71965,85.0089,304.95,0.39,0.36,2026-09-03,2002,N20,VIIRS,n,2.0NRT,285.67,0.69,N,VIIRS_NOAA20_NRT,0.734,5,,-5.994550408719351,Persistent / Stable,0,23.97,Tori Power Project,0,91.05,0,218.0,0,Other,4,1,-5.994550408719351,0.4,0,0,1,0,70.0,1,19.279999999999973,Agricultural Burning,0,LOW
18.68459,73.04036,324.75,0.4,0.6,2026-08-15,2006,N21,VIIRS,n,2.0NRT,287.55,5.13,N,VIIRS_NOAA21_NRT,2.2832,50,,124.68465311843029,Abnormal Increase,0,24.28,ONGC Uran Plant Maharashtra,0,548.51,0,24.16,0,Forest / Woodland,2,1,124.68465311843029,1.56,0,1,1,0,70.0,1,37.19999999999999,Other Thermal Event,30,LOW
23.78668,85.55422,304.69,0.57,0.43,2026-08-11,1938,N21,VIIRS,n,2.0NRT,284.9,1.98,N,VIIRS_NOAA21_NRT,1.8936363636363642,22,,4.560729716754648,Persistent / Stable,0,1.03,Tata Iron and Steel Company Limited (TISCO) - West Bokaro,1,35.68,0,189.9,0,Industrial,0,1,4.560729716754648,0.68,0,0,1,0,70.0,1,19.79000000000002,Normal Persistent Source,0,LOW
23.69545,85.28754,306.04,0.39,0.36,2026-08-10,1957,N21,VIIRS,n,2.0NRT,291.11,1.72,N,VIIRS_NOAA21_NRT,1.368181818181818,11,,25.714285714285733,Persistent / Stable,0,5.89,Patratu Thermal Power Station,0,62.93,0,208.24,0,Other,4,1,25.714285714285733,0.73,0,0,1,0,70.0,1,14.930000000000007,Other Thermal Event,10,LOW
18.6829,73.02922,304.41,0.63,0.54,2026-08-20,2012,N21,VIIRS,n,2.0NRT,290.29,2.22,N,VIIRS_NOAA21_NRT,2.326458333333333,48,,-4.57598280648337,Persistent / Stable,0,24.31,ONGC Uran Plant Maharashtra,0,548.99,0,23.84,0,Forest / Woodland,2,1,-4.57598280648337,0.67,0,0,1,0,70.0,1,14.120000000000005,Other Thermal Event,5,LOW
23.77689,86.38827,321.22,0.32,0.55,2026-08-20,1923,N20,VIIRS,n,2.0NRT,287.64,1.56,N,VIIRS_NOAA20_NRT,2.000704225352113,71,,-22.027455121436116,Persistent / Stable,0,4.66,Unnamed Industrial Feature,0,4.77,1,186.94,0,Other,4,1,-22.027455121436116,0.52,0,0,1,0,70.0,1,33.58000000000004,Mining Activity,0,LOW
23.80593,86.32925,301.64,0.43,0.38,2026-08-24,1949,N20,VIIRS,n,2.0NRT,287.99,1.14,N,VIIRS_NOAA20_NRT,2.575531914893617,47,,-55.737298636926894,Persistent / Reduced,0,3.66,Unnamed Industrial Feature,0,10.35,0,182.78,0,Other,4,1,-55.737298636926894,0.32,0,0,1,0,70.0,1,13.649999999999977,Other Thermal Event,5,LOW
12.08301,77.04526,331.82,0.39,0.44,2026-08-12,830,N21,VIIRS,n,2.0NRT,289.79,3.23,D,VIIRS_NOAA21_NRT,1.955,2,,65.21739130434781,Abnormal Increase,0,29.2,Unnamed Industrial Feature,0,114.38,0,95.04,0,Cropland / Agriculture,3,1,65.21739130434781,1.09,0,0,1,0,70.0,0,42.02999999999997,Agricultural Burning,10,LOW
20.86206,84.99013,340.33,0.41,0.45,2026-09-07,801,N20,VIIRS,n,2.0NRT,295.76,4.78,D,VIIRS_NOAA20_NRT,3.152708333333333,48,,51.61567435406068,Abnormal Increase,0,1.51,Angul Steel Plant,1,25.8,0,152.83,0,Industrial,0,1,51.61567435406068,1.15,0,0,1,0,70.0,0,44.56999999999999,Normal Persistent Source,10,LOW
9.97945,79.0864,337.5,0.47,0.4,2026-08-18,816,N21,VIIRS,n,2.0NRT,301.04,1.42,D,VIIRS_NOAA21_NRT,3.0700000000000003,3,,-53.74592833876222,Persistent / Reduced,0,86.98,Central Warehouse Corporation,0,210.57,0,120.65,0,Other,4,1,-53.74592833876222,0.35,0,0,1,0,70.0,0,36.45999999999998,Agricultural Burning,0,LOW
11.18059,79.10029,313.59,0.35,0.57,2026-09-03,2051,N21,VIIRS,n,2.0NRT,290.21,1.28,N,VIIRS_NOAA21_NRT,1.2836363636363635,11,,-0.28328611898015454,Persistent / Stable,0,11.33,Unnamed Industrial Feature,0,96.46,0,93.38,0,Cropland / Agriculture,3,1,-0.28328611898015454,0.56,0,0,1,0,70.0,1,23.379999999999995,Other Thermal Event,5,LOW
15.98432,79.14418,304.46,0.4,0.37,2026-08-28,2019,N20,VIIRS,n,2.0NRT,272.88,1.04,N,VIIRS_NOAA20_NRT,1.04,1,,0.0,Single Historical Detection,0,17.89,Unnamed Industrial Feature,0,255.67,0,170.59,0,Cropland / Agriculture,3,1,0.0,0.51,0,0,0,0,70.0,1,31.579999999999984,Agricultural Burning,0,LOW
15.1727,76.69048,319.58,0.39,0.36,2026-08-14,2025,N21,VIIRS,n,2.0NRT,290.51,1.54,N,VIIRS_NOAA21_NRT,1.9028169014084502,71,,-19.067357512953343,Persistent / Stable,0,18.93,Food Corporation of India,0,24.19,0,267.84,0,Forest / Woodland,2,1,-19.067357512953343,0.53,0,0,1,0,70.0,1,29.069999999999993,Other Thermal Event,5,LOW
23.55503,87.2401,311.8,0.36,0.58,2026-08-23,1913,N21,VIIRS,n,2.0NRT,278.82,1.65,N,VIIRS_NOAA21_NRT,2.9255263157894738,38,,-43.59989205720968,Persistent / Stable,0,2.8,Durgapur Steel Plant,0,86.03,0,189.61,0,Other,4,1,-43.59989205720968,0.42,0,0,1,0,70.0,1,32.98000000000002,Normal Persistent Source,0,LOW
23.7815,86.39215,302.41,0.41,0.61,2026-08-23,1913,N21,VIIRS,n,2.0NRT,282.18,1.27,N,VIIRS_NOAA21_NRT,2.0548387096774188,62,,-38.19466248037674,Persistent / Stable,0,4.15,Unnamed Industrial Feature,0,4.2,1,186.5,0,Other,4,1,-38.19466248037674,0.42,0,0,1,0,70.0,1,20.230000000000018,Mining Activity,0,LOW
23.71013,86.4509,313.27,0.41,0.61,2026-08-23,1913,N21,VIIRS,n,2.0NRT,280.99,2.59,N,VIIRS_NOAA21_NRT,2.3802857142857143,35,,8.8104669307406,Persistent / Stable,0,5.07,SAIL Chasnalla ADM Building,0,4.57,1,195.43,0,Other,4,1,8.8104669307406,0.77,0,0,1,0,70.0,1,32.27999999999997,Mining Activity,0,LOW
22.93402,69.69881,314.16,0.44,0.46,2026-08-24,2131,N20,VIIRS,n,2.0NRT,294.18,2.18,N,VIIRS_NOAA20_NRT,2.3864,25,,-8.649011062688565,Persistent / Stable,0,10.82,Mundra Port Industrial SEZ,0,32.94,0,54.98,0,Other,4,1,-8.649011062688565,0.64,0,0,1,0,70.0,1,19.980000000000018,Other Thermal Event,5,LOW
9.08676,77.46812,336.03,0.4,0.37,2026-08-16,807,N20,VIIRS,l,2.0NRT,298.85,1.83,D,VIIRS_NOAA20_NRT,2.665,2,,-31.33208255159475,Persistent / Stable,0,15.47,Unnamed Industrial Feature,0,66.57,0,87.75,0,Other,4,1,-31.33208255159475,0.5,0,0,1,0,30.0,0,37.17999999999995,Agricultural Burning,0,LOW
16.90999,78.88714,334.77,0.38,0.36,2026-08-11,805,N20,VIIRS,n,2.0NRT,297.88,4.99,D,VIIRS_NOAA20_NRT,4.99,1,,0.0,Single Historical Detection,0,26.16,Poultry Farm,0,287.21,0,64.09,0,Cropland / Agriculture,3,1,0.0,0.83,0,0,0,0,70.0,0,36.889999999999986,Agricultural Burning,0,LOW
23.68842,87.11951,317.5,0.4,0.37,2026-09-03,2002,N20,VIIRS,n,2.0NRT,288.92,3.08,N,VIIRS_NOAA20_NRT,2.784736842105263,57,,10.602910602910613,Persistent / Stable,0,0.53,Unnamed Industrial Feature,1,71.15,0,208.41,0,Industrial,0,1,10.602910602910613,0.81,0,0,1,0,70.0,1,28.579999999999984,Normal Persistent Source,0,LOW
9.56195,77.53275,309.24,0.38,0.36,2026-09-02,2025,N20,VIIRS,n,2.0NRT,286.62,1.62,N,VIIRS_NOAA20_NRT,2.093125,16,,-22.603762317109585,Persistent / Stable,0,26.31,Unnamed Industrial Feature,0,40.12,0,96.58,0,Other,4,1,-22.603762317109585,0.52,0,0,1,0,70.0,1,22.620000000000005,Other Thermal Event,5,LOW
23.8237,84.57314,308.88,0.42,0.61,2026-08-20,1923,N20,VIIRS,n,2.0NRT,285.26,1.0,N,VIIRS_NOAA20_NRT,2.1268000000000002,25,,-52.981004325747605,Persistent / Reduced,0,24.1,Tori Power Project,0,135.52,0,220.35,0,Other,4,1,-52.981004325747605,0.32,0,0,1,0,70.0,1,23.620000000000005,Other Thermal Event,5,LOW
23.69674,85.35646,304.52,0.39,0.36,2026-09-03,2002,N20,VIIRS,n,2.0NRT,288.92,0.59,N,VIIRS_NOAA20_NRT,1.4726315789473685,19,,-59.935668334524664,Persistent / Reduced,0,8.02,Jindal Steel,0,55.93,0,205.59,0,Other,4,1,-59.935668334524664,0.24,0,0,1,0,70.0,1,15.599999999999966,Other Thermal Event,5,LOW
25.9405,72.1935,303.76,0.66,0.73,2026-08-28,2155,N20,VIIRS,n,2.0NRT,291.23,0.95,N,VIIRS_NOAA20_NRT,1.6684374999999998,32,,-43.06049822064056,Persistent / Stable,0,10.41,Industrial Area,0,139.6,0,84.63,0,Other,4,1,-43.06049822064056,0.36,0,0,1,0,70.0,1,12.529999999999973,Other Thermal Event,5,LOW
27.45998,95.47742,302.81,0.46,0.63,2026-09-05,2008,N21,VIIRS,n,2.0NRT,285.46,0.34,N,VIIRS_NOAA21_NRT,1.7971428571428572,7,,-81.08108108108108,Persistent / Reduced,0,8.69,Truck Stand and Weight Bridge,0,593.19,0,16.02,0,Forest / Woodland,2,1,-81.08108108108108,0.12,0,0,1,0,70.0,1,17.350000000000023,Other Thermal Event,5,LOW
22.05706,88.12335,313.71,0.41,0.37,2026-08-19,1945,N20,VIIRS,n,2.0NRT,290.97,2.46,N,VIIRS_NOAA20_NRT,4.342173913043478,23,,-43.34635025533193,Persistent / Stable,0,4.99,Haldia Port Industrial Area,0,255.85,0,7.56,0,Other,4,1,-43.34635025533193,0.46,0,0,1,0,70.0,1,22.739999999999952,Other Thermal Event,5,LOW
20.96358,86.05087,315.65,0.49,0.4,2026-08-19,1945,N20,VIIRS,n,2.0NRT,290.81,2.26,N,VIIRS_NOAA20_NRT,3.5657692307692312,26,,-36.61956638981773,Persistent / Stable,0,0.3,Duburi Steel Power Plant,1,86.29,0,96.18,0,Industrial,0,1,-36.61956638981773,0.49,0,0,1,0,70.0,1,24.839999999999975,Normal Persistent Source,0,LOW
9.3622,78.73381,332.95,0.52,0.67,2026-08-29,724,N20,VIIRS,n,2.0NRT,284.66,4.63,D,VIIRS_NOAA20_NRT,4.63,1,,0.0,Single Historical Detection,0,88.58,SPIC Tuticorin Fertilizers,0,173.69,0,198.0,0,Other,4,1,0.0,0.82,0,0,0,0,70.0,0,48.289999999999964,Agricultural Burning,0,LOW
23.67969,86.39977,311.24,0.32,0.55,2026-08-20,1923,N20,VIIRS,n,2.0NRT,287.24,1.8,N,VIIRS_NOAA20_NRT,3.0147826086956524,92,,-40.29420248053072,Persistent / Stable,0,3.56,Unnamed Industrial Feature,0,4.87,1,197.78,0,Other,4,1,-40.29420248053072,0.45,0,0,1,0,70.0,1,24.0,Mining Activity,0,LOW
23.31474,70.489,305.06,0.5,0.41,2026-08-21,2046,N20,VIIRS,n,2.0NRT,292.63,2.75,N,VIIRS_NOAA20_NRT,1.5000000000000002,13,,83.3333333333333,Abnormal Increase,0,34.46,Unnamed Industrial Feature,0,77.36,0,103.44,0,Other,4,1,83.3333333333333,1.1,0,0,1,0,70.0,1,12.430000000000007,Other Thermal Event,20,LOW
22.0543,85.46281,303.28,0.35,0.57,2026-09-05,1925,N20,VIIRS,n,2.0NRT,288.26,0.63,N,VIIRS_NOAA20_NRT,1.07,6,,-41.12149532710281,Persistent / Stable,0,6.26,Unnamed Industrial Feature,0,27.32,0,148.63,0,Other,4,1,-41.12149532710281,0.3,0,0,1,0,70.0,1,15.019999999999982,Other Thermal Event,5,LOW
15.17816,76.67384,307.54,0.34,0.56,2026-08-21,1953,N21,VIIRS,n,2.0NRT,291.07,1.37,N,VIIRS_NOAA21_NRT,2.4539690721649485,194,,-44.17207553511038,Persistent / Stable,0,20.74,Food Corporation of India,0,23.75,0,267.3,0,Forest / Woodland,2,1,-44.17207553511038,0.4,0,0,1,0,70.0,1,16.470000000000027,Other Thermal Event,5,LOW
19.78885,79.0649,309.92,0.39,0.36,2026-09-07,2029,N20,VIIRS,n,2.0NRT,294.24,0.9,N,VIIRS_NOAA20_NRT,0.9,1,,0.0,Single Historical Detection,0,0.13,Unnamed Industrial Feature,1,31.09,0,209.9,0,Industrial,0,1,0.0,0.47,0,0,0,0,70.0,1,15.680000000000007,Other Thermal Event,20,LOW
30.18717,74.48603,305.14,0.57,0.69,2026-08-31,2142,N21,VIIRS,n,2.0NRT,289.73,1.24,N,VIIRS_NOAA21_NRT,1.795,2,,-30.919220055710305,Persistent / Stable,0,41.16,Ambuja Fly Ash Cement Plant,0,324.77,0,47.8,0,Cropland / Agriculture,3,1,-30.919220055710305,0.44,0,0,1,0,70.0,1,15.409999999999968,Agricultural Burning,0,LOW
15.1614,76.37529,298.67,0.4,0.44,2026-09-03,2049,N21,VIIRS,n,2.0NRT,282.96,0.52,N,VIIRS_NOAA21_NRT,1.3534615384615387,26,,-61.57999431656721,Persistent / Reduced,0,21.47,APMC,0,27.5,0,248.59,0,Forest / Woodland,2,1,-61.57999431656721,0.22,0,0,1,0,70.0,1,15.710000000000036,Other Thermal Event,5,LOW
23.65808,85.50532,300.06,0.37,0.58,2026-08-20,1923,N20,VIIRS,n,2.0NRT,283.68,0.59,N,VIIRS_NOAA20_NRT,1.07,10,,-44.859813084112155,Persistent / Stable,0,2.62,Ramgarh Industrial Area,0,41.76,0,205.01,0,Other,4,1,-44.859813084112155,0.29,0,0,1,0,70.0,1,16.379999999999995,Normal Persistent Source,0,LOW
22.13482,85.38378,296.32,0.44,0.46,2026-08-22,2027,N20,VIIRS,n,2.0NRT,272.94,0.5,N,VIIRS_NOAA20_NRT,0.76,2,,-34.21052631578947,Persistent / Stable,0,3.94,Unnamed Industrial Feature,0,25.55,0,141.82,0,Other,4,1,-34.21052631578947,0.28,0,0,1,0,70.0,1,23.379999999999995,Other Thermal Event,5,LOW
20.95116,86.04861,332.74,0.49,0.4,2026-09-04,1945,N20,VIIRS,n,2.0NRT,292.2,5.36,N,VIIRS_NOAA20_NRT,3.505925925925926,27,,52.88400591590957,Abnormal Increase,0,1.11,Duburi Steel Power Plant,1,86.05,0,95.24,0,Industrial,0,1,52.88400591590957,1.19,0,0,1,0,70.0,1,40.54000000000002,Normal Persistent Source,10,LOW
24.11545,86.86011,314.86,0.43,0.38,2026-08-23,2008,N20,VIIRS,n,2.0NRT,285.22,2.03,N,VIIRS_NOAA20_NRT,1.587,10,,27.914303717706357,Persistent / Stable,0,28.94,Chittaranjan Locomotive Works,0,56.31,0,167.13,0,Other,4,1,27.914303717706357,0.78,0,0,1,0,70.0,1,29.639999999999986,Other Thermal Event,10,LOW
15.13364,79.95895,311.16,0.39,0.36,2026-08-28,2019,N20,VIIRS,n,2.0NRT,282.7,1.59,N,VIIRS_NOAA20_NRT,1.59,1,,0.0,Single Historical Detection,0,8.78,COW Farm,0,216.7,0,220.54,0,Cropland / Agriculture,3,1,0.0,0.61,0,0,0,0,70.0,1,28.460000000000036,Agricultural Burning,0,LOW
23.80366,86.32339,314.84,0.33,0.55,2026-08-20,1923,N20,VIIRS,n,2.0NRT,287.17,1.58,N,VIIRS_NOAA20_NRT,2.575531914893617,47,,-38.65344898802148,Persistent / Stable,0,3.26,Unnamed Industrial Feature,0,10.92,0,182.94,0,Other,4,1,-38.65344898802148,0.44,0,0,1,0,70.0,1,27.66999999999996,Normal Persistent Source,0,LOW
15.01841,79.74989,340.98,0.4,0.44,2026-08-26,822,N20,VIIRS,n,2.0NRT,297.14,5.67,D,VIIRS_NOAA20_NRT,5.67,1,,0.0,Single Historical Detection,0,32.68,COW Farm,0,209.61,0,212.75,0,Cropland / Agriculture,3,1,0.0,0.85,0,0,0,0,70.0,0,43.84000000000003,Agricultural Burning,0,LOW
11.00285,79.80775,334.54,0.53,0.42,2026-08-18,816,N21,VIIRS,n,2.0NRT,299.87,4.0,D,VIIRS_NOAA21_NRT,3.385,2,,18.168389955686862,Persistent / Stable,0,26.52,CPCL Nagapattinam,0,83.35,0,26.52,0,Cropland / Agriculture,3,1,18.168389955686862,0.91,0,0,1,0,70.0,0,34.670000000000016,Agricultural Burning,0,LOW
9.83309,78.53201,334.38,0.39,0.44,2026-09-02,750,N20,VIIRS,n,2.0NRT,303.16,3.08,D,VIIRS_NOAA20_NRT,3.08,1,,0.0,Single Historical Detection,0,47.74,Tourist bus parking,0,151.37,0,177.25,0,Other,4,1,0.0,0.75,0,0,0,0,70.0,0,31.21999999999997,Agricultural Burning,0,LOW
24.20427,82.70858,297.39,0.54,0.42,2026-09-06,1949,N21,VIIRS,n,2.0NRT,270.96,1.13,N,VIIRS_NOAA21_NRT,1.1085714285714285,7,,1.9329896907216426,Persistent / Stable,0,5.05,NTPC Singrauli Thermal Power,0,4.95,1,156.68,0,Cropland / Agriculture,3,1,1.9329896907216426,0.54,0,0,1,0,70.0,1,26.430000000000007,Mining Activity,0,LOW
23.69766,87.10545,306.8,0.4,0.37,2026-09-03,2002,N20,VIIRS,n,2.0NRT,288.38,1.14,N,VIIRS_NOAA20_NRT,2.669056603773584,53,,-57.288279372260696,Persistent / Reduced,0,0.62,Unnamed Industrial Feature,1,69.57,0,209.99,0,Industrial,0,1,-57.288279372260696,0.31,0,0,1,0,70.0,1,18.420000000000016,Normal Persistent Source,0,LOW
10.14497,78.85644,331.26,0.47,0.39,2026-08-10,822,N20,VIIRS,n,2.0NRT,297.26,1.3,D,VIIRS_NOAA20_NRT,1.3,1,,0.0,Single Historical Detection,0,66.07,Masfab Engineering Technology,0,194.17,0,128.33,0,Cropland / Agriculture,3,1,0.0,0.57,0,0,0,0,70.0,0,34.0,Agricultural Burning,0,LOW
15.18363,76.67496,304.17,0.42,0.38,2026-09-02,2023,N20,VIIRS,n,2.0NRT,288.26,1.49,N,VIIRS_NOAA20_NRT,2.445128205128205,156,,-39.0625,Persistent / Stable,0,20.66,Food Corporation of India,0,24.33,0,267.87,0,Forest / Woodland,2,1,-39.0625,0.43,0,0,1,0,70.0,1,15.910000000000025,Other Thermal Event,5,LOW
15.33927,76.27831,307.71,0.4,0.6,2026-08-25,2114,N20,VIIRS,n,2.0NRT,286.95,2.0,N,VIIRS_NOAA20_NRT,1.33375,32,,49.95313964386129,Persistent / Stable,0,33.17,APMC,0,49.13,0,261.42,0,Forest / Woodland,2,1,49.95313964386129,0.86,0,0,1,0,70.0,1,20.75999999999999,Other Thermal Event,10,LOW
9.38139,78.7643,336.4,0.45,0.39,2026-09-03,816,N21,VIIRS,n,2.0NRT,299.81,4.09,D,VIIRS_NOAA21_NRT,4.09,1,,0.0,Single Historical Detection,0,92.48,SPIC Tuticorin Fertilizers,0,176.67,0,194.27,0,Other,4,1,0.0,0.8,0,0,0,0,70.0,0,36.589999999999975,Agricultural Burning,0,LOW
10.96018,76.78088,331.84,0.48,0.4,2026-08-19,758,N21,VIIRS,n,2.0NRT,296.12,5.99,D,VIIRS_NOAA21_NRT,5.91,2,,1.3536379018612532,Persistent / Stable,0,13.63,Malabar Cement Factory-Walayar,0,64.53,0,33.64,0,Forest / Woodland,2,1,1.3536379018612532,0.87,0,0,1,0,70.0,0,35.71999999999997,Agricultural Burning,0,LOW
11.63834,77.61632,332.91,0.39,0.36,2026-08-29,809,N21,VIIRS,n,2.0NRT,301.31,3.44,D,VIIRS_NOAA21_NRT,3.44,1,,0.0,Single Historical Detection,0,26.22,TANGEDCO Mettur Thermal Power,0,149.26,0,71.75,0,Cropland / Agriculture,3,1,0.0,0.77,0,0,0,0,70.0,0,31.600000000000023,Agricultural Burning,0,LOW
26.60431,73.68452,306.06,0.4,0.37,2026-08-15,2057,N20,VIIRS,n,2.0NRT,291.11,0.92,N,VIIRS_NOAA20_NRT,0.8142857142857144,7,,12.982456140350868,Persistent / Stable,0,55.35,Unnamed Industrial Feature,0,250.76,0,246.36,0,Other,4,1,12.982456140350868,0.51,0,0,1,0,70.0,1,14.949999999999989,Other Thermal Event,10,LOW
23.76528,86.40279,322.87,0.32,0.55,2026-08-20,1923,N20,VIIRS,n,2.0NRT,287.55,1.68,N,VIIRS_NOAA20_NRT,2.249402985074627,134,,-25.313516024152356,Persistent / Stable,0,3.98,Unnamed Industrial Feature,0,3.31,1,188.47,0,Mining,1,1,-25.313516024152356,0.52,0,0,1,0,70.0,1,35.31999999999999,Mining Activity,0,LOW
17.35811,76.87943,303.69,0.54,0.5,2026-09-03,2004,N20,VIIRS,n,2.0NRT,284.78,1.05,N,VIIRS_NOAA20_NRT,1.05,1,,0.0,Single Historical Detection,0,6.94,Mirchi Godown,0,245.57,0,194.97,0,Other,4,1,0.0,0.51,0,0,0,0,70.0,1,18.910000000000025,Agricultural Burning,0,LOW
9.30402,78.39236,330.72,0.52,0.5,2026-08-28,744,N20,VIIRS,n,2.0NRT,299.51,3.83,D,VIIRS_NOAA20_NRT,3.83,1,,0.0,Single Historical Detection,0,58.17,Unnamed Industrial Feature,0,138.29,0,186.15,0,Other,4,1,0.0,0.79,0,0,0,0,70.0,0,31.210000000000036,Agricultural Burning,0,LOW
9.98394,79.04431,336.01,0.38,0.59,2026-08-10,726,N21,VIIRS,n,2.0NRT,293.72,5.35,D,VIIRS_NOAA21_NRT,5.35,1,,0.0,Single Historical Detection,0,86.45,Masfab Engineering Technology,0,209.6,0,123.5,0,Other,4,1,0.0,0.84,0,0,0,0,70.0,0,42.289999999999964,Agricultural Burning,0,LOW
15.69083,79.12525,334.57,0.46,0.39,2026-08-21,816,N20,VIIRS,n,2.0NRT,302.75,6.67,D,VIIRS_NOAA20_NRT,6.67,1,,0.0,Single Historical Detection,0,28.81,Unnamed Industrial Feature,0,243.91,0,201.78,0,Cropland / Agriculture,3,1,0.0,0.87,0,0,0,0,70.0,0,31.819999999999993,Agricultural Burning,0,LOW
26.63483,70.38657,342.14,0.45,0.47,2026-08-27,852,N21,VIIRS,n,2.0NRT,303.32,4.72,D,VIIRS_NOAA21_NRT,5.76,2,,-18.055555555555557,Persistent / Stable,0,108.55,Giral Lignite Power Plant,0,236.72,0,127.57,0,Other,4,1,-18.055555555555557,0.7,0,0,1,0,70.0,0,38.81999999999999,Agricultural Burning,0,LOW
8.82652,77.81555,343.01,0.4,0.44,2026-08-20,835,N20,VIIRS,n,2.0NRT,302.65,4.05,D,VIIRS_NOAA20_NRT,3.9699999999999998,2,,2.0151133501259464,Persistent / Stable,0,31.56,India Cements Sankarnagar,0,106.98,0,133.36,0,Other,4,1,2.0151133501259464,0.81,0,0,1,0,70.0,0,40.360000000000014,Agricultural Burning,0,LOW
11.9761,79.74409,340.97,0.38,0.43,2026-08-28,744,N20,VIIRS,n,2.0NRT,294.31,3.39,D,VIIRS_NOAA20_NRT,3.04,2,,11.513157894736844,Persistent / Stable,0,8.52,Workshop,0,25.11,0,134.87,0,Cropland / Agriculture,3,1,11.513157894736844,0.84,0,0,1,0,70.0,0,46.660000000000025,Agricultural Burning,0,LOW
9.04664,77.71947,339.28,0.5,0.49,2026-09-02,835,N21,VIIRS,n,2.0NRT,306.41,5.58,D,VIIRS_NOAA21_NRT,7.81,3,,-28.553137003841222,Persistent / Stable,0,19.78,India Cements Sankarnagar,0,86.8,0,115.6,0,Other,4,1,-28.553137003841222,0.63,0,0,1,0,70.0,0,32.86999999999995,Agricultural Burning,0,LOW
15.17045,76.38124,306.12,0.39,0.36,2026-08-30,2025,N21,VIIRS,n,2.0NRT,287.89,1.14,N,VIIRS_NOAA21_NRT,1.3534615384615387,26,,-15.771526001705052,Persistent / Stable,0,22.58,APMC,0,27.74,0,249.78,0,Forest / Woodland,2,1,-15.771526001705052,0.48,0,0,1,0,70.0,1,18.230000000000018,Other Thermal Event,5,LOW
10.92198,77.06261,304.11,0.39,0.36,2026-08-17,2023,N20,VIIRS,n,2.0NRT,291.46,0.57,N,VIIRS_NOAA20_NRT,1.527,10,,-62.67190569744597,Persistent / Reduced,0,7.13,Larsen & Toubro Limited,0,94.77,0,11.95,0,Cropland / Agriculture,3,1,-62.67190569744597,0.23,0,0,1,0,70.0,1,12.650000000000034,Other Thermal Event,5,LOW
20.78934,85.26369,304.73,0.59,0.7,2026-08-26,2053,N20,VIIRS,n,2.0NRT,284.02,1.07,N,VIIRS_NOAA20_NRT,4.323928571428572,56,,-75.25398529776162,Persistent / Reduced,0,1.65,Tata Steel Meramandali,1,18.43,0,151.49,0,Industrial,0,1,-75.25398529776162,0.2,0,0,1,0,70.0,1,20.710000000000036,Normal Persistent Source,0,LOW
23.77441,86.36259,311.34,0.32,0.55,2026-09-05,1923,N20,VIIRS,n,2.0NRT,271.28,0.78,N,VIIRS_NOAA20_NRT,1.8751724137931038,29,,-58.403824935638106,Persistent / Reduced,0,4.58,Unnamed Industrial Feature,0,6.98,0,186.76,0,Other,4,1,-58.403824935638106,0.27,0,0,1,0,70.0,1,40.06,Other Thermal Event,5,LOW
23.68057,86.09719,326.49,0.46,0.39,2026-09-05,2010,N21,VIIRS,n,2.0NRT,291.32,6.99,N,VIIRS_NOAA21_NRT,2.5108860759493674,79,,178.38777979431336,Abnormal Increase,0,0.72,Bokaro Steel Plant,1,17.81,0,194.72,0,Industrial,0,1,178.38777979431336,1.99,0,1,1,0,70.0,1,35.170000000000016,Normal Persistent Source,20,LOW
14.60618,78.52363,308.46,0.39,0.44,2026-08-26,2000,N21,VIIRS,n,2.0NRT,292.48,2.22,N,VIIRS_NOAA21_NRT,1.5566666666666666,3,,42.61241970021415,Persistent / Stable,0,136.87,TTD Transport Yard,0,182.64,0,194.47,0,Cropland / Agriculture,3,1,42.61241970021415,0.87,0,0,1,0,70.0,1,15.979999999999961,Agricultural Burning,0,LOW
31.14149,74.88973,330.12,0.39,0.37,2026-08-16,813,N20,VIIRS,l,2.0NRT,304.14,5.03,D,VIIRS_NOAA20_NRT,5.8825,4,,-14.492137696557586,Persistent / Stable,0,46.68,Rail Coach Factory - RCF Kapurthala,0,365.84,0,109.32,0,Cropland / Agriculture,3,1,-14.492137696557586,0.73,0,0,1,0,30.0,0,25.980000000000018,Agricultural Burning,0,LOW
16.83534,79.16514,330.52,0.56,0.51,2026-08-26,729,N21,VIIRS,n,2.0NRT,291.87,3.28,D,VIIRS_NOAA21_NRT,2.8049999999999997,2,,16.93404634581106,Persistent / Stable,0,21.7,Nagarjunasagar Left Canal power plant,0,304.48,0,84.6,0,Cropland / Agriculture,3,1,16.93404634581106,0.86,0,0,1,0,70.0,0,38.64999999999998,Agricultural Burning,0,LOW
22.31613,82.53371,305.5,0.56,0.43,2026-09-04,2027,N21,VIIRS,n,2.0NRT,290.1,1.92,N,VIIRS_NOAA21_NRT,1.8900000000000001,10,,1.5873015873015768,Persistent / Stable,0,2.4,S V Power Private Limited Renki,1,15.51,0,160.62,0,Other,4,1,1.5873015873015768,0.66,0,0,1,0,70.0,1,15.399999999999977,Normal Persistent Source,0,LOW
19.10197,82.16858,309.55,0.4,0.44,2026-09-04,2029,N21,VIIRS,n,2.0NRT,292.06,0.94,N,VIIRS_NOAA21_NRT,2.2891666666666666,36,,-58.937022206042954,Persistent / Reduced,0,37.2,Unnamed Industrial Feature,0,182.43,0,75.25,0,Forest / Woodland,2,1,-58.937022206042954,0.29,0,0,1,0,70.0,1,17.49000000000001,Other Thermal Event,5,LOW
31.62567,74.98903,332.14,0.51,0.41,2026-09-03,822,N21,VIIRS,n,2.0NRT,296.26,4.15,D,VIIRS_NOAA21_NRT,4.15,1,,0.0,Single Historical Detection,0,11.36,Unnamed Industrial Feature,0,403.17,0,162.8,0,Cropland / Agriculture,3,1,0.0,0.81,0,0,0,0,70.0,0,35.879999999999995,Agricultural Burning,0,LOW
14.58273,79.70184,349.83,0.52,0.67,2026-09-07,841,N21,VIIRS,n,2.0NRT,292.5,4.41,D,VIIRS_NOAA21_NRT,4.41,1,,0.0,Single Historical Detection,0,36.36,Fodd Corporation of India Godowns,0,165.97,0,168.41,0,Cropland / Agriculture,3,1,0.0,0.82,0,0,0,0,70.0,0,57.329999999999984,Agricultural Burning,0,LOW
31.2488,76.9297,300.72,0.45,0.39,2026-08-23,2053,N21,VIIRS,n,2.0NRT,290.7,0.38,N,VIIRS_NOAA21_NRT,0.8307692307692308,13,,-54.25925925925926,Persistent / Reduced,0,0.41,Ambuja Cements Limited,1,296.58,0,126.19,0,Industrial,0,1,-54.25925925925926,0.21,0,0,1,0,70.0,1,10.020000000000039,Normal Persistent Source,0,LOW
22.36542,87.01572,306.73,0.46,0.39,2026-08-19,1945,N20,VIIRS,n,2.0NRT,290.82,1.28,N,VIIRS_NOAA20_NRT,1.3695833333333336,24,,-6.540918770915745,Persistent / Stable,0,24.61,Unnamed Industrial Feature,0,161.42,0,113.79,0,Other,4,1,-6.540918770915745,0.54,0,0,1,0,70.0,1,15.910000000000025,Other Thermal Event,5,LOW
29.90931,74.95467,310.35,0.51,0.41,2026-08-27,2032,N20,VIIRS,n,2.0NRT,296.01,2.55,N,VIIRS_NOAA20_NRT,5.1780952380952385,21,,-50.754092330329236,Persistent / Reduced,0,28.18,Hindustan Petroleum Oil Depot,0,270.14,0,28.18,0,Cropland / Agriculture,3,1,-50.754092330329236,0.41,0,0,1,0,70.0,1,14.340000000000032,Other Thermal Event,5,LOW
20.96157,85.18867,317.94,0.45,0.47,2026-09-07,2027,N20,VIIRS,n,2.0NRT,290.13,2.61,N,VIIRS_NOAA20_NRT,3.716901408450705,71,,-29.780219780219795,Persistent / Stable,0,4.86,NTPC Talcher Thermal Power,0,3.5,1,159.4,0,Mining,1,1,-29.780219780219795,0.55,0,0,1,0,70.0,1,27.810000000000002,Mining Activity,0,LOW
28.37118,77.22666,309.32,0.43,0.38,2026-08-18,2046,N21,VIIRS,n,2.0NRT,291.63,2.47,N,VIIRS_NOAA21_NRT,1.9683333333333335,6,,25.486875529212533,Persistent / Stable,0,2.04,Pali Stone Crusher Zone II,1,26.58,0,107.13,0,Other,4,1,25.486875529212533,0.83,0,0,1,0,70.0,1,17.689999999999998,Normal Persistent Source,0,LOW
23.73539,86.43382,330.07,0.56,0.52,2026-08-20,657,N20,VIIRS,n,2.0NRT,293.01,4.75,D,VIIRS_NOAA20_NRT,2.4315217391304342,46,,95.3509164059008,Abnormal Increase,0,5.96,Unnamed Industrial Feature,0,1.5,1,192.33,0,Mining,1,1,95.3509164059008,1.38,0,0,1,0,70.0,0,37.06,Mining Activity,5,LOW
23.761,86.40435,327.5,0.43,0.62,2026-08-16,811,N20,VIIRS,n,2.0NRT,282.0,7.07,D,VIIRS_NOAA20_NRT,2.162396694214876,121,,226.9520351614753,Abnormal Increase,0,4.2,Unnamed Industrial Feature,0,2.83,1,188.97,0,Mining,1,1,226.9520351614753,2.24,0,1,1,0,70.0,0,45.5,Mining Activity,15,LOW
15.34806,79.41764,336.9,0.4,0.37,2026-09-07,758,N20,VIIRS,l,2.0NRT,304.73,3.98,D,VIIRS_NOAA20_NRT,3.98,1,,0.0,Single Historical Detection,0,63.59,kummitha's farm,0,256.23,0,246.77,0,Cropland / Agriculture,3,1,0.0,0.8,0,0,0,0,30.0,0,32.16999999999996,Agricultural Burning,0,LOW
21.10423,72.6385,312.79,0.4,0.37,2026-08-29,2042,N21,VIIRS,n,2.0NRT,291.45,1.33,N,VIIRS_NOAA21_NRT,4.875096774193549,155,,-72.71849028637976,Persistent / Reduced,0,0.24,Hazira Industrial Complex SURAT,1,378.38,0,0.24,1,Industrial,0,1,-72.71849028637976,0.23,0,0,1,0,70.0,1,21.340000000000032,Gas Flare,20,LOW
11.01841,78.15247,334.04,0.39,0.36,2026-08-13,809,N21,VIIRS,n,2.0NRT,292.98,1.59,D,VIIRS_NOAA21_NRT,1.59,1,,0.0,Single Historical Detection,0,17.41,TNPL Paper Mill,0,190.13,0,116.55,0,Cropland / Agriculture,3,1,0.0,0.61,0,0,0,0,70.0,0,41.06,Agricultural Burning,0,LOW
16.60639,79.74261,332.67,0.33,0.55,2026-08-21,722,N21,VIIRS,n,2.0NRT,295.56,2.15,D,VIIRS_NOAA21_NRT,2.15,1,,0.0,Single Historical Detection,0,9.73,Unnamed Industrial Feature,0,342.57,0,144.97,0,Cropland / Agriculture,3,1,0.0,0.68,0,0,0,0,70.0,0,37.110000000000014,Agricultural Burning,0,LOW
22.35893,82.30504,333.67,0.38,0.36,2026-08-12,746,N20,VIIRS,n,2.0NRT,296.06,6.54,D,VIIRS_NOAA20_NRT,3.82625,24,,70.92453446586083,Abnormal Increase,0,13.38,Bhandhakhar Power Station,0,38.57,0,184.54,0,Forest / Woodland,2,1,70.92453446586083,1.36,0,0,1,0,70.0,0,37.610000000000014,Other Thermal Event,20,LOW
23.16317,82.34101,299.79,0.4,0.37,2026-08-25,2017,N21,VIIRS,n,2.0NRT,265.73,0.75,N,VIIRS_NOAA21_NRT,1.913076923076923,13,,-60.796139927623635,Persistent / Reduced,0,79.62,Salora Power Station,0,96.87,0,222.69,0,Forest / Woodland,2,1,-60.796139927623635,0.26,0,0,1,0,70.0,1,34.06,Other Thermal Event,5,LOW
16.86279,78.9577,331.33,0.38,0.36,2026-08-11,805,N20,VIIRS,n,2.0NRT,296.12,1.33,D,VIIRS_NOAA20_NRT,1.33,1,,0.0,Single Historical Detection,0,31.9,Poultry Farm,0,289.32,0,71.5,0,Cropland / Agriculture,3,1,0.0,0.57,0,0,0,0,70.0,0,35.20999999999998,Agricultural Burning,0,LOW
11.80959,77.92345,311.3,0.45,0.39,2026-09-04,2032,N21,VIIRS,n,2.0NRT,293.37,3.31,N,VIIRS_NOAA21_NRT,1.7600000000000002,40,,88.0681818181818,Abnormal Increase,0,13.54,TNSTC Depot Mettur Dam,0,135.9,0,109.89,0,Cropland / Agriculture,3,1,88.0681818181818,1.2,0,0,1,0,70.0,1,17.930000000000007,Other Thermal Event,20,LOW
24.66297,74.63495,307.19,0.56,0.43,2026-09-07,2027,N20,VIIRS,n,2.0NRT,294.5,1.58,N,VIIRS_NOAA20_NRT,1.47,8,,7.482993197278918,Persistent / Stable,0,31.11,Unnamed Industrial Feature,0,96.35,0,297.28,0,Cropland / Agriculture,3,1,7.482993197278918,0.64,0,0,1,0,70.0,1,12.689999999999998,Other Thermal Event,10,LOW
20.75834,85.29301,308.63,0.44,0.46,2026-09-07,1932,N21,VIIRS,n,2.0NRT,290.09,3.7,N,VIIRS_NOAA21_NRT,2.9322222222222223,27,,26.184160666919293,Persistent / Stable,0,5.49,Unnamed Industrial Feature,0,22.62,0,147.36,0,Other,4,1,26.184160666919293,0.94,0,0,1,0,70.0,1,18.54000000000002,Other Thermal Event,10,LOW
10.16759,78.79363,341.0,0.6,0.53,2026-09-08,737,N20,VIIRS,n,2.0NRT,300.08,6.27,D,VIIRS_NOAA20_NRT,4.503333333333333,3,,39.23019985196151,Persistent / Stable,0,63.92,Masfab Engineering Technology,0,188.44,0,132.89,0,Cropland / Agriculture,3,1,39.23019985196151,1.14,0,0,1,0,70.0,0,40.920000000000016,Agricultural Burning,0,LOW
14.7293,79.64517,295.15,0.43,0.62,2026-08-15,2101,N20,VIIRS,n,2.0NRT,283.88,3.81,N,VIIRS_NOAA20_NRT,3.81,2,,0.0,Persistent / Stable,0,52.86,Fodd Corporation of India Godowns,0,183.35,0,185.8,0,Cropland / Agriculture,3,1,0.0,0.79,0,0,1,0,70.0,1,11.269999999999982,Agricultural Burning,0,LOW
9.63193,78.56899,332.81,0.4,0.37,2026-08-29,809,N21,VIIRS,n,2.0NRT,289.55,1.55,D,VIIRS_NOAA21_NRT,1.55,2,,0.0,Persistent / Stable,0,59.96,Tourist bus parking,0,153.41,0,188.23,0,Other,4,1,0.0,0.61,0,0,1,0,70.0,0,43.25999999999999,Agricultural Burning,0,LOW
8.64255,77.83568,333.36,0.48,0.65,2026-08-18,729,N20,VIIRS,n,2.0NRT,296.06,4.54,D,VIIRS_NOAA20_NRT,3.665,4,,23.874488403819917,Persistent / Stable,0,39.36,SPIC Tuticorin Fertilizers,0,104.08,0,144.48,0,Other,4,1,23.874488403819917,0.97,0,0,1,0,70.0,0,37.30000000000001,Agricultural Burning,0,LOW
18.68805,73.05092,298.87,0.43,0.62,2026-09-01,2125,N21,VIIRS,n,2.0NRT,280.5,1.1,N,VIIRS_NOAA21_NRT,2.634375,32,,-58.24436536180308,Persistent / Reduced,0,24.11,ONGC Uran Plant Maharashtra,0,548.23,0,24.11,0,Forest / Woodland,2,1,-58.24436536180308,0.3,0,0,1,0,70.0,1,18.370000000000005,Other Thermal Event,5,LOW
20.79809,85.25024,301.94,0.57,0.69,2026-08-26,1915,N20,VIIRS,n,2.0NRT,271.59,2.09,N,VIIRS_NOAA20_NRT,4.273888888888889,54,,-51.09840114389706,Persistent / Reduced,0,1.01,Meramandali Power Station,1,17.18,0,153.15,0,Industrial,0,1,-51.09840114389706,0.4,0,0,1,0,70.0,1,30.350000000000023,Normal Persistent Source,0,LOW
14.61038,79.57807,332.01,0.48,0.48,2026-09-08,824,N21,VIIRS,n,2.0NRT,298.28,3.66,D,VIIRS_NOAA21_NRT,9.445,2,,-61.24933827421917,Persistent / Reduced,0,48.3,Fodd Corporation of India Godowns,0,174.52,0,176.53,0,Cropland / Agriculture,3,1,-61.24933827421917,0.35,0,0,1,0,70.0,0,33.73000000000002,Agricultural Burning,0,LOW
14.73303,79.92682,336.47,0.49,0.41,2026-08-21,816,N20,VIIRS,n,2.0NRT,297.07,3.95,D,VIIRS_NOAA20_NRT,3.95,2,,0.0,Persistent / Stable,0,43.31,Fodd Corporation of India Godowns,0,173.9,0,177.37,0,Cropland / Agriculture,3,1,0.0,0.8,0,0,1,0,70.0,0,39.400000000000034,Agricultural Burning,0,LOW
26.89398,93.03973,342.38,0.49,0.49,2026-08-13,729,N20,VIIRS,n,2.0NRT,293.88,6.64,D,VIIRS_NOAA20_NRT,5.835,2,,13.796058269065975,Persistent / Stable,0,15.82,Unnamed Industrial Feature,0,345.11,0,70.57,0,Forest / Woodland,2,1,13.796058269065975,0.97,0,0,1,0,70.0,0,48.5,Agricultural Burning,0,LOW
9.65592,77.65157,340.63,0.48,0.4,2026-08-31,828,N20,VIIRS,n,2.0NRT,304.25,4.59,D,VIIRS_NOAA20_NRT,5.505,6,,-16.62125340599455,Persistent / Stable,0,31.47,Unnamed Industrial Feature,0,53.08,0,112.36,0,Other,4,1,-16.62125340599455,0.71,0,0,1,0,70.0,0,36.379999999999995,Other Thermal Event,5,LOW
21.39248,81.64462,301.02,0.48,0.65,2026-08-25,1932,N20,VIIRS,n,2.0NRT,277.24,0.73,N,VIIRS_NOAA20_NRT,1.7642857142857145,7,,-58.62348178137652,Persistent / Reduced,0,2.08,Unnamed Industrial Feature,1,144.53,0,252.9,0,Other,4,1,-58.62348178137652,0.26,0,0,1,0,70.0,1,23.779999999999973,Normal Persistent Source,0,LOW
8.71155,77.97672,334.12,0.56,0.52,2026-08-28,744,N20,VIIRS,n,2.0NRT,303.01,3.26,D,VIIRS_NOAA20_NRT,4.6825,4,,-30.379071009076352,Persistent / Stable,0,22.09,SPIC Tuticorin Fertilizers,0,120.68,0,154.73,0,Other,4,1,-30.379071009076352,0.57,0,0,1,0,70.0,0,31.110000000000014,Agricultural Burning,0,LOW
21.7299,82.21591,301.56,0.45,0.39,2026-08-14,2021,N21,VIIRS,n,2.0NRT,281.85,1.24,N,VIIRS_NOAA21_NRT,1.1633333333333333,3,,6.59025787965616,Persistent / Stable,0,0.23,Unnamed Industrial Feature,1,83.92,0,188.13,0,Industrial,0,1,6.59025787965616,0.57,0,0,1,0,70.0,1,19.70999999999998,Normal Persistent Source,0,LOW
12.45388,79.08898,334.18,0.42,0.38,2026-08-22,756,N20,VIIRS,l,2.0NRT,305.99,3.62,D,VIIRS_NOAA20_NRT,2.8600000000000003,2,,26.573426573426563,Persistent / Stable,0,60.17,SIPCOT Ranipet Industrial Estate,0,107.39,0,147.03,0,Cropland / Agriculture,3,1,26.573426573426563,0.94,0,0,1,0,30.0,0,28.189999999999998,Agricultural Burning,0,LOW
12.83614,79.93994,330.37,0.45,0.47,2026-08-23,737,N20,VIIRS,n,2.0NRT,300.11,7.06,D,VIIRS_NOAA20_NRT,5.39,4,,30.983302411873844,Persistent / Stable,0,11.61,Unnamed Industrial Feature,0,29.31,0,47.29,0,Cropland / Agriculture,3,1,30.983302411873844,1.1,0,0,1,0,70.0,0,30.25999999999999,Agricultural Burning,0,LOW
21.16569,72.67112,316.32,0.56,0.43,2026-09-02,2108,N21,VIIRS,n,2.0NRT,291.74,3.52,N,VIIRS_NOAA21_NRT,4.0928571428571425,7,,-13.996509598603831,Persistent / Stable,0,0.9,Unnamed Industrial Feature,1,370.85,0,7.65,0,Industrial,0,1,-13.996509598603831,0.69,0,0,1,0,70.0,1,24.579999999999984,Normal Persistent Source,0,LOW
27.94996,95.25465,330.52,0.38,0.36,2026-09-08,646,N21,VIIRS,n,2.0NRT,296.35,2.49,D,VIIRS_NOAA21_NRT,4.54,2,,-45.154185022026425,Persistent / Stable,0,52.77,FCI,0,592.34,0,71.87,0,Forest / Woodland,2,1,-45.154185022026425,0.45,0,0,1,0,70.0,0,34.16999999999996,Agricultural Burning,0,LOW
12.70339,79.7732,340.67,0.47,0.48,2026-08-31,731,N21,VIIRS,n,2.0NRT,298.26,6.14,D,VIIRS_NOAA21_NRT,6.225,2,,-1.3654618473895577,Persistent / Stable,0,24.65,Unnamed Industrial Feature,0,52.49,0,70.62,0,Cropland / Agriculture,3,1,-1.3654618473895577,0.85,0,0,1,0,70.0,0,42.410000000000025,Agricultural Burning,0,LOW
24.11533,86.85748,308.51,0.61,0.53,2026-08-20,1923,N20,VIIRS,n,2.0NRT,288.75,3.36,N,VIIRS_NOAA20_NRT,1.587,10,,111.72022684310019,Abnormal Increase,0,28.97,Chittaranjan Locomotive Works,0,56.09,0,167.02,0,Other,4,1,111.72022684310019,1.3,0,1,1,0,70.0,1,19.75999999999999,Other Thermal Event,30,LOW
9.21488,78.68938,335.6,0.45,0.39,2026-08-10,820,N20,VIIRS,n,2.0NRT,300.89,3.08,D,VIIRS_NOAA20_NRT,3.045,2,,1.1494252873563264,Persistent / Stable,0,74.25,SPIC Tuticorin Fertilizers,0,172.33,0,214.02,0,Other,4,1,1.1494252873563264,0.76,0,0,1,0,70.0,0,34.710000000000036,Agricultural Burning,0,LOW
16.39573,78.35094,334.08,0.44,0.38,2026-09-06,818,N20,VIIRS,n,2.0NRT,297.6,2.65,D,VIIRS_NOAA20_NRT,6.539999999999999,3,,-59.48012232415901,Persistent / Reduced,0,31.11,"TGSRTC  Bus Depot , Wanaparthy",0,206.48,0,124.7,0,Cropland / Agriculture,3,1,-59.48012232415901,0.35,0,0,1,0,70.0,0,36.47999999999996,Agricultural Burning,0,LOW
9.09946,77.59773,340.97,0.47,0.4,2026-08-31,828,N20,VIIRS,n,2.0NRT,309.36,6.5,D,VIIRS_NOAA20_NRT,6.195,2,,4.923325262308309,Persistent / Stable,0,15.98,India Cements Sankarnagar,0,73.5,0,101.25,0,Other,4,1,4.923325262308309,0.9,0,0,1,0,70.0,0,31.610000000000014,Agricultural Burning,0,LOW
20.75939,85.29863,308.31,0.53,0.42,2026-09-04,1945,N20,VIIRS,n,2.0NRT,290.16,1.49,N,VIIRS_NOAA20_NRT,2.9322222222222223,27,,-49.185297461159536,Persistent / Stable,0,5.42,Unnamed Industrial Feature,0,22.72,0,146.86,0,Other,4,1,-49.185297461159536,0.38,0,0,1,0,70.0,1,18.149999999999977,Other Thermal Event,5,LOW
11.81568,77.91785,302.56,0.38,0.36,2026-09-02,2025,N20,VIIRS,n,2.0NRT,273.32,1.16,N,VIIRS_NOAA20_NRT,1.7600000000000002,40,,-34.09090909090911,Persistent / Stable,0,13.07,TNSTC Depot Mettur Dam,0,135.08,0,109.79,0,Cropland / Agriculture,3,1,-34.09090909090911,0.42,0,0,1,0,70.0,1,29.24000000000001,Other Thermal Event,5,LOW
23.7255,85.52321,301.47,0.38,0.36,2026-09-03,2002,N20,VIIRS,n,2.0NRT,284.53,0.25,N,VIIRS_NOAA20_NRT,0.25,1,,0.0,Single Historical Detection,0,0.28,Unnamed Industrial Feature,1,38.73,0,197.3,0,Industrial,0,1,0.0,0.2,0,0,0,0,70.0,1,16.940000000000055,Other Thermal Event,20,LOW
22.79272,86.19611,310.55,0.5,0.41,2026-08-19,1945,N20,VIIRS,n,2.0NRT,290.67,3.17,N,VIIRS_NOAA20_NRT,2.479821428571429,56,,27.83178512277668,Persistent / Stable,0,0.92,Tata Steel,1,99.9,0,209.57,0,Industrial,0,1,27.83178512277668,0.91,0,0,1,0,70.0,1,19.879999999999995,Normal Persistent Source,0,LOW
10.53186,79.39458,336.41,0.39,0.36,2026-09-01,809,N20,VIIRS,l,2.0NRT,308.6,4.3,D,VIIRS_NOAA20_NRT,4.3,1,,0.0,Single Historical Detection,0,24.04,Majestic Lumber Mill,0,141.56,0,55.74,0,Cropland / Agriculture,3,1,0.0,0.81,0,0,0,0,30.0,0,27.810000000000002,Agricultural Burning,0,LOW
28.65915,77.57201,330.62,0.51,0.41,2026-09-08,744,N20,VIIRS,n,2.0NRT,300.45,5.54,D,VIIRS_NOAA20_NRT,2.1744444444444446,9,,154.77772100153294,Abnormal Increase,0,4.24,Unnamed Industrial Feature,0,27.21,0,100.6,0,Cropland / Agriculture,3,1,154.77772100153294,1.75,0,1,1,0,70.0,0,30.170000000000016,Other Thermal Event,30,LOW
23.75265,86.41494,300.55,0.41,0.61,2026-08-23,1913,N21,VIIRS,n,2.0NRT,280.09,1.31,N,VIIRS_NOAA21_NRT,2.2646875000000004,96,,-42.15537463778116,Persistent / Stable,0,4.4,Unnamed Industrial Feature,0,1.5,1,190.08,0,Mining,1,1,-42.15537463778116,0.4,0,0,1,0,70.0,1,20.460000000000036,Mining Activity,0,LOW
11.46036,79.0536,309.79,0.39,0.36,2026-08-17,2023,N20,VIIRS,n,2.0NRT,292.95,2.88,N,VIIRS_NOAA20_NRT,2.88,1,,0.0,Single Historical Detection,0,21.85,Ramco Cements,0,84.15,0,115.74,0,Cropland / Agriculture,3,1,0.0,0.74,0,0,0,0,70.0,1,16.840000000000032,Agricultural Burning,0,LOW
27.46843,95.42434,306.82,0.49,0.4,2026-08-18,1906,N21,VIIRS,n,2.0NRT,290.68,0.58,N,VIIRS_NOAA21_NRT,1.9975,4,,-70.96370463078848,Persistent / Reduced,0,3.48,Truck Stand and Weight Bridge,0,588.51,0,21.12,0,Other,4,1,-70.96370463078848,0.19,0,0,1,0,70.0,1,16.139999999999986,Other Thermal Event,5,LOW
18.68543,73.03734,336.4,0.42,0.37,2026-08-21,818,N20,VIIRS,l,2.0NRT,297.7,5.13,D,VIIRS_NOAA20_NRT,2.2832,50,,124.68465311843029,Abnormal Increase,0,24.14,ONGC Uran Plant Maharashtra,0,548.76,0,23.94,0,Forest / Woodland,2,1,124.68465311843029,1.56,0,1,1,0,30.0,0,38.69999999999999,Other Thermal Event,20,LOW
29.4775,76.85964,305.44,0.47,0.4,2026-08-15,2057,N20,VIIRS,n,2.0NRT,289.88,2.17,N,VIIRS_NOAA20_NRT,6.1584375,32,,-64.76378951641549,Persistent / Reduced,0,13.92,Panipat IOCL Refinery,0,106.49,0,2.14,1,Cropland / Agriculture,3,1,-64.76378951641549,0.3,0,0,1,0,70.0,1,15.560000000000002,Gas Flare,5,LOW
21.10298,72.63417,330.34,0.41,0.37,2026-08-31,2059,N20,VIIRS,n,2.0NRT,284.89,2.63,N,VIIRS_NOAA20_NRT,4.870454545454545,154,,-46.00093327111526,Persistent / Stable,0,0.24,Hazira Industrial Complex SURAT,1,378.64,0,0.32,1,Industrial,0,1,-46.00093327111526,0.45,0,0,1,0,70.0,1,45.44999999999999,Gas Flare,20,LOW
17.13967,77.17435,310.04,0.49,0.41,2026-09-05,2012,N21,VIIRS,n,2.0NRT,293.07,4.25,N,VIIRS_NOAA21_NRT,1.548,10,,174.54780361757105,Abnormal Increase,0,1.23,Unnamed Industrial Feature,1,222.9,0,167.32,0,Industrial,0,1,174.54780361757105,1.67,0,1,1,0,70.0,1,16.970000000000027,Normal Persistent Source,20,LOW
22.78837,86.20921,301.4,0.61,0.71,2026-08-10,2051,N20,VIIRS,n,2.0NRT,280.65,3.81,N,VIIRS_NOAA20_NRT,2.479821428571429,56,,53.64009505292719,Abnormal Increase,0,0.97,Adityapur Industrial Estate,1,100.19,0,208.14,0,Industrial,0,1,53.64009505292719,1.09,0,0,1,0,70.0,1,20.75,Normal Persistent Source,10,LOW
14.72931,79.92735,336.28,0.49,0.41,2026-08-21,816,N20,VIIRS,n,2.0NRT,299.45,3.95,D,VIIRS_NOAA20_NRT,3.95,2,,0.0,Persistent / Stable,0,42.9,Fodd Corporation of India Godowns,0,173.49,0,176.95,0,Cropland / Agriculture,3,1,0.0,0.8,0,0,1,0,70.0,0,36.829999999999984,Agricultural Burning,0,LOW
12.15397,78.16905,336.62,0.48,0.48,2026-09-05,739,N21,VIIRS,n,2.0NRT,302.19,4.39,D,VIIRS_NOAA21_NRT,4.39,1,,0.0,Single Historical Detection,0,41.02,Unnamed Industrial Feature,0,113.01,0,98.79,0,Cropland / Agriculture,3,1,0.0,0.81,0,0,0,0,70.0,0,34.43000000000001,Agricultural Burning,0,LOW
19.72528,79.1739,306.8,0.4,0.44,2026-09-06,2049,N20,VIIRS,n,2.0NRT,291.87,1.18,N,VIIRS_NOAA20_NRT,1.18,1,,0.0,Single Historical Detection,0,0.52,Manikgarh Cement,1,29.24,0,200.18,0,Industrial,0,1,0.0,0.54,0,0,0,0,70.0,1,14.930000000000007,Other Thermal Event,20,LOW
8.64316,77.89857,330.82,0.42,0.61,2026-08-19,852,N20,VIIRS,n,2.0NRT,293.39,3.76,D,VIIRS_NOAA20_NRT,5.3875,4,,-30.20881670533643,Persistent / Stable,0,33.42,SPIC Tuticorin Fertilizers,0,110.93,0,150.47,0,Other,4,1,-30.20881670533643,0.59,0,0,1,0,70.0,0,37.43000000000001,Agricultural Burning,0,LOW
22.06537,88.12983,300.66,0.65,0.73,2026-08-13,2042,N21,VIIRS,n,2.0NRT,283.8,5.76,N,VIIRS_NOAA21_NRT,4.386363636363636,22,,31.316062176165815,Persistent / Stable,0,5.64,Haldia Port Industrial Area,0,255.62,0,8.59,0,Other,4,1,31.316062176165815,1.07,0,0,1,0,70.0,1,16.860000000000014,Other Thermal Event,10,LOW
26.26141,74.09524,303.01,0.44,0.62,2026-08-13,2136,N20,VIIRS,n,2.0NRT,287.05,0.9,N,VIIRS_NOAA20_NRT,0.9056250000000001,16,,-0.6211180124223715,Persistent / Stable,0,5.38,Unnamed Industrial Feature,0,215.42,0,277.45,0,Cropland / Agriculture,3,1,-0.6211180124223715,0.47,0,0,1,0,70.0,1,15.95999999999998,Other Thermal Event,5,LOW
21.30816,81.58989,300.24,0.53,0.67,2026-08-12,2059,N21,VIIRS,n,2.0NRT,282.47,2.03,N,VIIRS_NOAA21_NRT,1.5566666666666666,6,,30.406852248393996,Persistent / Stable,0,0.23,Unnamed Industrial Feature,1,150.02,0,260.71,0,Industrial,0,1,30.406852248393996,0.79,0,0,1,0,70.0,1,17.769999999999982,Normal Persistent Source,0,LOW
23.682,86.08169,305.22,0.34,0.56,2026-08-20,1923,N20,VIIRS,n,2.0NRT,286.21,1.24,N,VIIRS_NOAA20_NRT,2.483421052631579,76,,-50.06887782134153,Persistent / Reduced,0,2.11,Bokaro Steel Plant,1,16.5,0,194.53,0,Other,4,1,-50.06887782134153,0.36,0,0,1,0,70.0,1,19.010000000000048,Normal Persistent Source,0,LOW
15.55479,76.48177,339.78,0.42,0.38,2026-08-10,822,N20,VIIRS,n,2.0NRT,302.44,1.88,D,VIIRS_NOAA20_NRT,1.88,2,,0.0,Persistent / Stable,0,59.61,Food Corporation of India,0,63.04,0,292.54,0,Forest / Woodland,2,1,0.0,0.65,0,0,1,0,70.0,0,37.339999999999975,Agricultural Burning,0,LOW
23.67658,86.39794,313.83,0.41,0.45,2026-08-22,1932,N21,VIIRS,n,2.0NRT,277.05,1.76,N,VIIRS_NOAA21_NRT,3.0147826086956524,92,,-41.620997980963374,Persistent / Stable,0,3.52,Unnamed Industrial Feature,0,4.72,1,198.09,0,Other,4,1,-41.620997980963374,0.44,0,0,1,0,70.0,1,36.77999999999997,Mining Activity,0,LOW
23.80517,86.32483,299.37,0.47,0.64,2026-08-21,2046,N20,VIIRS,n,2.0NRT,271.31,0.59,N,VIIRS_NOAA20_NRT,2.575531914893617,47,,-77.09211069805866,Persistent / Reduced,0,3.45,Unnamed Industrial Feature,0,10.79,0,182.79,0,Other,4,1,-77.09211069805866,0.17,0,0,1,0,70.0,1,28.060000000000002,Other Thermal Event,5,LOW
23.76645,86.40085,297.18,0.41,0.37,2026-08-15,2004,N21,VIIRS,n,2.0NRT,264.94,0.87,N,VIIRS_NOAA21_NRT,2.256857142857143,140,,-61.45081655905811,Persistent / Reduced,0,4.05,Unnamed Industrial Feature,0,3.53,1,188.31,0,Mining,1,1,-61.45081655905811,0.27,0,0,1,0,70.0,1,32.24000000000001,Mining Activity,0,LOW
19.10384,82.16526,302.63,0.52,0.5,2026-09-04,1947,N20,VIIRS,n,2.0NRT,289.75,1.53,N,VIIRS_NOAA20_NRT,2.2891666666666666,36,,-33.16345103749544,Persistent / Stable,0,36.92,Unnamed Industrial Feature,0,182.49,0,75.66,0,Forest / Woodland,2,1,-33.16345103749544,0.47,0,0,1,0,70.0,1,12.879999999999995,Other Thermal Event,5,LOW
23.31622,70.48621,306.24,0.5,0.41,2026-08-21,2046,N20,VIIRS,n,2.0NRT,292.7,2.39,N,VIIRS_NOAA20_NRT,1.5000000000000002,13,,59.333333333333314,Abnormal Increase,0,34.27,Unnamed Industrial Feature,0,77.09,0,103.46,0,Other,4,1,59.333333333333314,0.96,0,0,1,0,70.0,1,13.54000000000002,Other Thermal Event,20,LOW
17.60865,83.20535,332.41,0.38,0.36,2026-08-20,739,N21,VIIRS,n,2.0NRT,298.32,5.91,D,VIIRS_NOAA21_NRT,2.7028571428571433,35,,118.65750528541224,Abnormal Increase,0,8.8,Visakhapatnam Steel Plant RINL,0,306.61,0,14.48,0,Other,4,1,118.65750528541224,1.6,0,1,1,0,70.0,0,34.09000000000003,Other Thermal Event,30,LOW
23.65509,85.50732,309.62,0.38,0.36,2026-08-10,1957,N21,VIIRS,n,2.0NRT,291.51,1.55,N,VIIRS_NOAA21_NRT,1.07,10,,44.85981308411214,Persistent / Stable,0,2.24,Ramgarh Industrial Area,1,41.65,0,205.27,0,Other,4,1,44.85981308411214,0.75,0,0,1,0,70.0,1,18.110000000000014,Normal Persistent Source,0,LOW
15.13655,76.70815,302.65,0.53,0.67,2026-09-04,1947,N20,VIIRS,n,2.0NRT,289.77,1.34,N,VIIRS_NOAA20_NRT,0.852,10,,57.276995305164334,Abnormal Increase,0,17.39,Food Corporation of India,0,22.28,0,265.71,0,Forest / Woodland,2,1,57.276995305164334,0.72,0,0,1,0,70.0,1,12.879999999999995,Other Thermal Event,20,LOW
15.17318,76.69025,309.94,0.51,0.41,2026-08-21,2051,N20,VIIRS,n,2.0NRT,290.03,1.05,N,VIIRS_NOAA20_NRT,1.9060810810810813,74,,-44.91315136476427,Persistent / Stable,0,18.96,Food Corporation of India,0,24.22,0,267.87,0,Forest / Woodland,2,1,-44.91315136476427,0.36,0,0,1,0,70.0,1,19.910000000000025,Other Thermal Event,5,LOW
15.17443,76.70186,308.74,0.39,0.36,2026-09-04,2032,N21,VIIRS,n,2.0NRT,293.76,1.07,N,VIIRS_NOAA21_NRT,1.3800000000000001,24,,-22.46376811594203,Persistent / Stable,0,17.72,Food Corporation of India,0,23.57,0,268.71,0,Forest / Woodland,2,1,-22.46376811594203,0.45,0,0,1,0,70.0,1,14.980000000000018,Other Thermal Event,5,LOW
14.04676,79.78108,332.58,0.49,0.49,2026-08-15,828,N20,VIIRS,n,2.0NRT,295.15,3.22,D,VIIRS_NOAA20_NRT,3.22,1,,0.0,Single Historical Detection,0,36.8,Fodd Corporation of India Godowns,0,109.23,0,110.74,0,Cropland / Agriculture,3,1,0.0,0.76,0,0,0,0,70.0,0,37.43000000000001,Agricultural Burning,0,LOW
31.81754,74.59283,340.73,0.5,0.41,2026-09-03,822,N21,VIIRS,n,2.0NRT,296.72,6.08,D,VIIRS_NOAA21_NRT,6.08,1,,0.0,Single Historical Detection,0,31.76,Unnamed Industrial Feature,0,442.28,0,187.84,0,Cropland / Agriculture,3,1,0.0,0.86,0,0,0,0,70.0,0,44.00999999999999,Agricultural Burning,0,LOW
23.31552,70.48516,305.93,0.51,0.41,2026-08-13,2042,N21,VIIRS,n,2.0NRT,289.89,1.95,N,VIIRS_NOAA21_NRT,1.5000000000000002,13,,29.999999999999975,Persistent / Stable,0,34.14,Unnamed Industrial Feature,0,76.98,0,103.34,0,Other,4,1,29.999999999999975,0.78,0,0,1,0,70.0,1,16.04000000000002,Other Thermal Event,10,LOW
17.60314,83.20052,309.35,0.5,0.66,2026-09-03,2049,N21,VIIRS,n,2.0NRT,287.32,1.59,N,VIIRS_NOAA21_NRT,2.8006060606060608,33,,-43.22657433455962,Persistent / Stable,0,9.5,Visakhapatnam Steel Plant RINL,0,307.23,0,15.28,0,Other,4,1,-43.22657433455962,0.42,0,0,1,0,70.0,1,22.03000000000003,Other Thermal Event,5,LOW
22.03932,83.72992,312.22,0.54,0.42,2026-09-07,2027,N20,VIIRS,n,2.0NRT,290.26,2.24,N,VIIRS_NOAA20_NRT,1.549,10,,44.60942543576503,Persistent / Stable,0,16.27,Hemgir Coal Washery,0,107.25,0,34.2,0,Other,4,1,44.60942543576503,0.88,0,0,1,0,70.0,1,21.960000000000036,Other Thermal Event,10,LOW
23.55742,87.24039,312.47,0.46,0.63,2026-09-03,1906,N21,VIIRS,n,2.0NRT,275.87,3.03,N,VIIRS_NOAA21_NRT,2.9255263157894738,38,,3.5711073131240356,Persistent / Stable,0,2.98,Durgapur Steel Plant,0,85.99,0,189.84,0,Other,4,1,3.5711073131240356,0.77,0,0,1,0,70.0,1,36.60000000000002,Normal Persistent Source,0,LOW
15.17367,76.78399,303.2,0.51,0.49,2026-09-03,2006,N20,VIIRS,n,2.0NRT,288.63,1.27,N,VIIRS_NOAA20_NRT,1.14,6,,11.403508771929834,Persistent / Stable,0,8.91,Food Corporation of India,0,14.83,0,268.89,0,Forest / Woodland,2,1,11.403508771929834,0.59,0,0,1,0,70.0,1,14.569999999999993,Other Thermal Event,10,LOW
21.19382,81.41719,306.12,0.43,0.38,2026-09-07,2027,N20,VIIRS,n,2.0NRT,291.56,1.7,N,VIIRS_NOAA20_NRT,3.101,10,,-45.17897452434699,Persistent / Stable,0,0.97,Bhilai 500 MW Expansion Power Project,1,168.56,0,281.42,0,Industrial,0,1,-45.17897452434699,0.41,0,0,1,0,70.0,1,14.560000000000002,Normal Persistent Source,0,LOW
23.55139,86.54254,305.38,0.49,0.4,2026-08-20,2010,N21,VIIRS,n,2.0NRT,286.48,1.88,N,VIIRS_NOAA21_NRT,1.3466666666666667,6,,39.6039603960396,Persistent / Stable,0,9.62,Santhaldih,0,24.26,0,214.67,0,Other,4,1,39.6039603960396,0.8,0,0,1,0,70.0,1,18.899999999999977,Other Thermal Event,10,LOW
15.91339,77.36324,301.26,0.38,0.36,2026-08-14,2023,N21,VIIRS,n,2.0NRT,281.92,0.63,N,VIIRS_NOAA21_NRT,0.63,1,,0.0,Single Historical Detection,0,7.45,Unnamed Industrial Feature,0,97.26,0,224.38,0,Cropland / Agriculture,3,1,0.0,0.39,0,0,0,0,70.0,1,19.339999999999975,Agricultural Burning,0,LOW
21.10184,72.63655,324.85,0.45,0.39,2026-09-01,2042,N20,VIIRS,n,2.0NRT,291.8,3.51,N,VIIRS_NOAA20_NRT,4.875096774193549,155,,-28.00142925202479,Persistent / Stable,0,0.25,Hazira Industrial Complex SURAT,1,378.69,0,0.35,1,Industrial,0,1,-28.00142925202479,0.6,0,0,1,0,70.0,1,33.05000000000001,Gas Flare,20,LOW
11.81003,77.92034,318.11,0.45,0.39,2026-09-04,2032,N21,VIIRS,n,2.0NRT,292.86,3.41,N,VIIRS_NOAA21_NRT,1.7600000000000002,40,,93.74999999999997,Abnormal Increase,0,13.22,TNSTC Depot Mettur Dam,0,135.76,0,109.64,0,Cropland / Agriculture,3,1,93.74999999999997,1.24,0,0,1,0,70.0,1,25.25,Other Thermal Event,20,LOW
8.73869,77.59828,315.6,0.4,0.37,2026-08-20,2014,N21,VIIRS,n,2.0NRT,272.63,1.11,N,VIIRS_NOAA21_NRT,19.433809523809526,21,,-94.2883046237534,Persistent / Reduced,0,24.73,Madura Coats,0,81.21,0,116.6,0,Other,4,1,-94.2883046237534,0.05,0,0,1,0,70.0,1,42.97000000000003,Other Thermal Event,5,LOW
8.61649,77.94954,307.5,0.33,0.55,2026-08-10,2055,N20,VIIRS,n,2.0NRT,290.66,2.86,N,VIIRS_NOAA20_NRT,3.7083333333333335,6,,-22.87640449438203,Persistent / Stable,0,30.98,SPIC Tuticorin Fertilizers,0,116.12,0,156.81,0,Other,4,1,-22.87640449438203,0.61,0,0,1,0,70.0,1,16.839999999999975,Other Thermal Event,5,LOW
14.23911,79.66386,333.76,0.39,0.44,2026-08-26,822,N20,VIIRS,n,2.0NRT,294.68,3.12,D,VIIRS_NOAA20_NRT,3.12,1,,0.0,Single Historical Detection,0,31.15,Fodd Corporation of India Godowns,0,134.06,0,135.58,0,Cropland / Agriculture,3,1,0.0,0.76,0,0,0,0,70.0,0,39.079999999999984,Agricultural Burning,0,LOW
23.68035,86.39971,304.64,0.42,0.37,2026-08-23,2008,N20,VIIRS,n,2.0NRT,286.73,1.7,N,VIIRS_NOAA20_NRT,3.0147826086956524,92,,-43.61119123161235,Persistent / Stable,0,3.61,Unnamed Industrial Feature,0,4.86,1,197.71,0,Other,4,1,-43.61119123161235,0.42,0,0,1,0,70.0,1,17.909999999999968,Mining Activity,0,LOW
13.90252,78.07291,330.71,0.5,0.66,2026-09-04,854,N20,VIIRS,n,2.0NRT,292.87,2.74,D,VIIRS_NOAA20_NRT,2.74,1,,0.0,Single Historical Detection,0,66.26,Chikkaballapura Industrial Area,0,113.31,0,104.87,0,Cropland / Agriculture,3,1,0.0,0.73,0,0,0,0,70.0,0,37.839999999999975,Agricultural Burning,0,LOW
17.60911,83.20141,315.69,0.44,0.62,2026-09-05,1925,N20,VIIRS,n,2.0NRT,289.17,3.13,N,VIIRS_NOAA20_NRT,2.7028571428571433,35,,15.803382663847756,Persistent / Stable,0,8.83,Visakhapatnam Steel Plant RINL,0,306.57,0,14.73,0,Other,4,1,15.803382663847756,0.85,0,0,1,0,70.0,1,26.519999999999982,Other Thermal Event,10,LOW
11.03474,77.58891,337.28,0.43,0.38,2026-08-27,803,N20,VIIRS,n,2.0NRT,302.23,4.86,D,VIIRS_NOAA20_NRT,3.266666666666667,3,,48.77551020408163,Persistent / Stable,0,22.92,SIPCOT Perundurai,0,148.3,0,55.41,0,Cropland / Agriculture,3,1,48.77551020408163,1.14,0,0,1,0,70.0,0,35.049999999999955,Agricultural Burning,0,LOW
22.00347,82.66862,313.1,0.57,0.43,2026-09-04,2029,N21,VIIRS,n,2.0NRT,290.67,2.46,N,VIIRS_NOAA21_NRT,1.743846153846154,13,,41.06749007498895,Persistent / Stable,0,0.32,Prakash Industries Steel Plant,1,38.55,0,140.67,0,Industrial,0,1,41.06749007498895,0.9,0,0,1,0,70.0,1,22.430000000000007,Normal Persistent Source,0,LOW
21.31093,81.59187,307.1,0.39,0.36,2026-08-25,2017,N21,VIIRS,n,2.0NRT,290.05,1.29,N,VIIRS_NOAA21_NRT,1.5566666666666666,6,,-17.1306209850107,Persistent / Stable,0,0.15,Unnamed Industrial Feature,1,149.81,0,260.43,0,Industrial,0,1,-17.1306209850107,0.5,0,0,1,0,70.0,1,17.05000000000001,Normal Persistent Source,0,LOW
22.00687,82.67179,307.18,0.48,0.4,2026-09-07,2027,N20,VIIRS,n,2.0NRT,289.37,1.6,N,VIIRS_NOAA20_NRT,1.743846153846154,13,,-8.248786943096608,Persistent / Stable,0,0.23,Prakash Industries Steel Plant,1,38.16,0,140.37,0,Industrial,0,1,-8.248786943096608,0.58,0,0,1,0,70.0,1,17.810000000000002,Normal Persistent Source,0,LOW
26.26645,74.18758,305.63,0.32,0.55,2026-08-28,2014,N20,VIIRS,n,2.0NRT,294.62,0.62,N,VIIRS_NOAA20_NRT,0.9900000000000001,3,,-37.373737373737384,Persistent / Stable,0,7.29,Unnamed Industrial Feature,0,217.67,0,286.65,0,Cropland / Agriculture,3,1,-37.373737373737384,0.31,0,0,1,0,70.0,1,11.009999999999991,Agricultural Burning,0,LOW
23.68554,86.39025,330.44,0.52,0.42,2026-09-05,741,N21,VIIRS,n,2.0NRT,297.05,5.08,D,VIIRS_NOAA21_NRT,3.0147826086956524,92,,68.50302855494664,Abnormal Increase,0,3.91,SAIL Parbatpur Colliery,0,3.91,1,196.98,0,Mining,1,1,68.50302855494664,1.27,0,0,1,0,70.0,0,33.389999999999986,Mining Activity,5,LOW
23.67991,86.39603,309.85,0.59,0.7,2026-08-10,2051,N20,VIIRS,n,2.0NRT,285.26,1.76,N,VIIRS_NOAA20_NRT,3.0147826086956524,92,,-41.620997980963374,Persistent / Stable,0,3.88,Unnamed Industrial Feature,0,4.49,1,197.69,0,Other,4,1,-41.620997980963374,0.44,0,0,1,0,70.0,1,24.590000000000032,Mining Activity,0,LOW
22.5761,85.89494,311.96,0.68,0.74,2026-09-06,1906,N20,VIIRS,n,2.0NRT,283.58,5.09,N,VIIRS_NOAA20_NRT,2.6941176470588233,17,,88.93013100436681,Abnormal Increase,0,22.22,ACC Cement Ltd.,0,97.41,0,205.86,0,Other,4,1,88.93013100436681,1.38,0,0,1,0,70.0,1,28.379999999999995,Other Thermal Event,20,LOW
23.79674,86.35042,316.46,0.51,0.41,2026-09-04,1945,N20,VIIRS,n,2.0NRT,288.69,3.37,N,VIIRS_NOAA20_NRT,1.9755263157894742,38,,70.58745171173567,Abnormal Increase,0,4.13,Unnamed Industrial Feature,0,8.14,0,184.12,0,Other,4,1,70.58745171173567,1.13,0,0,1,0,70.0,1,27.769999999999982,Other Thermal Event,20,LOW
22.41633,69.0387,309.0,0.48,0.4,2026-08-26,2053,N20,VIIRS,n,2.0NRT,292.91,2.63,N,VIIRS_NOAA20_NRT,1.83375,8,,43.421949556918875,Persistent / Stable,0,1.44,Tata Chemicals Mithapur,1,115.23,0,70.04,0,Industrial,0,1,43.421949556918875,0.93,0,0,1,0,70.0,1,16.089999999999975,Normal Persistent Source,0,LOW
10.71976,77.59386,341.83,0.39,0.36,2026-09-06,816,N20,VIIRS,n,2.0NRT,309.37,7.51,D,VIIRS_NOAA20_NRT,7.51,1,,0.0,Single Historical Detection,0,47.69,Unnamed Industrial Feature,0,132.04,0,65.63,0,Cropland / Agriculture,3,1,0.0,0.88,0,0,0,0,70.0,0,32.45999999999998,Agricultural Burning,0,LOW
13.39201,80.10139,313.52,0.38,0.36,2026-08-20,2012,N21,VIIRS,n,2.0NRT,293.14,2.74,N,VIIRS_NOAA21_NRT,1.8466666666666667,6,,48.37545126353792,Persistent / Stable,0,2.5,SIPCOT Gummidipundi,1,30.8,0,30.66,0,Other,4,1,48.37545126353792,0.96,0,0,1,0,70.0,1,20.379999999999995,Normal Persistent Source,0,LOW
19.10234,82.16467,317.52,0.33,0.56,2026-09-07,1934,N21,VIIRS,n,2.0NRT,289.7,1.16,N,VIIRS_NOAA21_NRT,2.2891666666666666,36,,-49.326538041499816,Persistent / Stable,0,36.82,Unnamed Industrial Feature,0,182.66,0,75.65,0,Forest / Woodland,2,1,-49.326538041499816,0.35,0,0,1,0,70.0,1,27.819999999999993,Other Thermal Event,5,LOW
25.45755,83.14108,336.4,0.4,0.37,2026-08-12,748,N20,VIIRS,n,2.0NRT,304.34,5.37,D,VIIRS_NOAA20_NRT,5.390000000000001,3,,-0.37105751391466535,Persistent / Stable,0,18.88,Unnamed Industrial Feature,0,148.02,0,121.51,0,Cropland / Agriculture,3,1,-0.37105751391466535,0.84,0,0,1,0,70.0,0,32.06,Agricultural Burning,0,LOW
14.31178,77.44402,343.64,0.44,0.39,2026-08-10,822,N20,VIIRS,n,2.0NRT,302.15,4.87,D,VIIRS_NOAA20_NRT,7.55090909090909,11,,-35.50445461112448,Persistent / Stable,0,96.36,Loco Shed,0,108.92,0,153.75,0,Cropland / Agriculture,3,1,-35.50445461112448,0.57,0,0,1,0,70.0,0,41.49000000000001,Other Thermal Event,5,LOW
27.32047,95.26386,306.29,0.69,0.74,2026-09-07,2025,N20,VIIRS,n,2.0NRT,284.68,0.99,N,VIIRS_NOAA20_NRT,2.098095238095238,21,,-52.814344076259644,Persistent / Reduced,0,6.06,Unnamed Industrial Feature,0,568.36,0,35.95,0,Other,4,1,-52.814344076259644,0.32,0,0,1,0,70.0,1,21.610000000000014,Other Thermal Event,5,LOW
15.34123,76.27532,314.56,0.48,0.4,2026-08-21,2051,N20,VIIRS,n,2.0NRT,288.28,1.74,N,VIIRS_NOAA20_NRT,1.33375,32,,30.45923149015933,Persistent / Stable,0,33.32,APMC,0,49.5,0,261.48,0,Forest / Woodland,2,1,30.45923149015933,0.75,0,0,1,0,70.0,1,26.28000000000003,Other Thermal Event,10,LOW
20.75834,85.29536,307.05,0.4,0.37,2026-09-06,1951,N21,VIIRS,n,2.0NRT,291.92,3.3,N,VIIRS_NOAA21_NRT,2.9322222222222223,27,,12.542629784009085,Persistent / Stable,0,5.5,Unnamed Industrial Feature,0,22.7,0,147.14,0,Other,4,1,12.542629784009085,0.84,0,0,1,0,70.0,1,15.129999999999995,Other Thermal Event,10,LOW
23.66618,87.15525,304.39,0.4,0.37,2026-09-03,2002,N20,VIIRS,n,2.0NRT,287.89,0.9,N,VIIRS_NOAA20_NRT,2.5206666666666666,30,,-64.29516001057921,Persistent / Reduced,0,4.66,Unnamed Industrial Feature,0,75.18,0,204.54,0,Other,4,1,-64.29516001057921,0.26,0,0,1,0,70.0,1,16.5,Other Thermal Event,5,LOW
31.13703,74.91448,330.19,0.4,0.37,2026-09-01,813,N20,VIIRS,l,2.0NRT,305.04,6.71,D,VIIRS_NOAA20_NRT,6.086666666666667,3,,10.240963855421683,Persistent / Stable,0,44.75,Rail Coach Factory - RCF Kapurthala,0,363.95,0,108.66,0,Cropland / Agriculture,3,1,10.240963855421683,0.95,0,0,1,0,30.0,0,25.149999999999977,Agricultural Burning,0,LOW
22.05502,85.46635,301.37,0.54,0.42,2026-08-19,1945,N20,VIIRS,n,2.0NRT,287.23,0.59,N,VIIRS_NOAA20_NRT,1.07,6,,-44.859813084112155,Persistent / Stable,0,6.54,Unnamed Industrial Feature,0,27.69,0,149.0,0,Other,4,1,-44.859813084112155,0.29,0,0,1,0,70.0,1,14.139999999999986,Other Thermal Event,5,LOW
9.29199,77.49243,307.91,0.6,0.53,2026-08-10,2055,N20,VIIRS,n,2.0NRT,288.83,1.1,N,VIIRS_NOAA20_NRT,2.17,2,,-49.308755760368655,Persistent / Stable,0,22.39,Unnamed Industrial Feature,0,49.87,0,87.39,0,Other,4,1,-49.308755760368655,0.35,0,0,1,0,70.0,1,19.08000000000004,Agricultural Burning,0,LOW
26.2588,74.09588,308.96,0.39,0.36,2026-09-06,2046,N20,VIIRS,n,2.0NRT,295.34,1.03,N,VIIRS_NOAA20_NRT,0.9056250000000001,16,,13.733609385783286,Persistent / Stable,0,5.58,Unnamed Industrial Feature,0,215.14,0,277.47,0,Cropland / Agriculture,3,1,13.733609385783286,0.54,0,0,1,0,70.0,1,13.620000000000005,Other Thermal Event,10,LOW
23.73697,86.43278,341.06,0.39,0.36,2026-09-03,2002,N20,VIIRS,n,2.0NRT,292.07,3.28,N,VIIRS_NOAA20_NRT,2.425869565217391,46,,35.20924814051438,Persistent / Stable,0,5.79,Unnamed Industrial Feature,0,1.34,1,192.14,0,Mining,1,1,35.20924814051438,0.96,0,0,1,0,70.0,1,48.99000000000001,Mining Activity,0,LOW
20.8901,84.98042,304.51,0.44,0.63,2026-09-06,2049,N20,VIIRS,n,2.0NRT,286.19,1.24,N,VIIRS_NOAA20_NRT,2.7800000000000002,28,,-55.39568345323741,Persistent / Reduced,0,0.73,Unnamed Industrial Feature,1,25.76,0,149.8,0,Industrial,0,1,-55.39568345323741,0.33,0,0,1,0,70.0,1,18.319999999999993,Normal Persistent Source,0,LOW
18.54775,74.2534,306.65,0.33,0.55,2026-08-30,2121,N20,VIIRS,n,2.0NRT,287.54,0.82,N,VIIRS_NOAA20_NRT,1.215,2,,-32.51028806584363,Persistent / Stable,0,6.82,Unnamed Industrial Feature,0,465.46,0,137.31,0,Other,4,1,-32.51028806584363,0.37,0,0,1,0,70.0,1,19.109999999999957,Agricultural Burning,0,LOW
22.05307,88.12675,310.93,0.41,0.37,2026-08-19,1945,N20,VIIRS,n,2.0NRT,291.41,2.38,N,VIIRS_NOAA20_NRT,4.386363636363636,22,,-45.74093264248704,Persistent / Stable,0,5.4,Haldia Port Industrial Area,0,256.41,0,7.68,0,Other,4,1,-45.74093264248704,0.44,0,0,1,0,70.0,1,19.519999999999982,Other Thermal Event,5,LOW
9.30736,77.42999,306.93,0.49,0.48,2026-08-13,2000,N20,VIIRS,n,2.0NRT,285.54,2.33,N,VIIRS_NOAA20_NRT,1.8700000000000003,5,,24.598930481283404,Persistent / Stable,0,28.28,Unnamed Industrial Feature,0,43.96,0,80.56,0,Other,4,1,24.598930481283404,0.81,0,0,1,0,70.0,1,21.389999999999986,Agricultural Burning,0,LOW
21.10807,72.64812,317.42,0.53,0.42,2026-09-04,2029,N21,VIIRS,n,2.0NRT,292.51,3.67,N,VIIRS_NOAA21_NRT,4.875096774193549,155,,-24.719443121062955,Persistent / Stable,0,0.5,ArcelorMittal Nippon Steel India,1,377.67,0,1.23,1,Industrial,0,1,-24.719443121062955,0.62,0,0,1,0,70.0,1,24.910000000000025,Gas Flare,20,LOW
21.80177,85.56622,303.26,0.53,0.42,2026-09-04,1945,N20,VIIRS,n,2.0NRT,290.29,0.77,N,VIIRS_NOAA20_NRT,0.77,1,,0.0,Single Historical Detection,0,26.97,Unnamed Industrial Feature,0,19.15,0,158.94,0,Other,4,1,0.0,0.44,0,0,0,0,70.0,1,12.96999999999997,Agricultural Burning,0,LOW
25.03663,87.39027,306.75,0.41,0.37,2026-08-16,1945,N21,VIIRS,n,2.0NRT,278.08,1.15,N,VIIRS_NOAA21_NRT,1.6642857142857141,7,,-30.901287553648064,Persistent / Stable,0,25.74,Kahalgaon Thermal Power Station,0,168.77,0,140.81,0,Other,4,1,-30.901287553648064,0.43,0,0,1,0,70.0,1,28.670000000000016,Other Thermal Event,5,LOW
22.31794,82.56736,304.53,0.56,0.43,2026-09-04,2027,N21,VIIRS,n,2.0NRT,290.54,1.84,N,VIIRS_NOAA21_NRT,1.915294117647059,17,,-3.9312039312039375,Persistent / Stable,0,4.8,S V Power Private Limited Renki,0,12.12,0,157.35,0,Other,4,1,-3.9312039312039375,0.63,0,0,1,0,70.0,1,13.989999999999952,Other Thermal Event,5,LOW
9.23043,78.75058,337.79,0.4,0.37,2026-09-06,816,N20,VIIRS,n,2.0NRT,301.47,2.36,D,VIIRS_NOAA20_NRT,2.36,1,,0.0,Single Historical Detection,0,80.7,SPIC Tuticorin Fertilizers,0,178.41,0,208.71,0,Other,4,1,0.0,0.7,0,0,0,0,70.0,0,36.31999999999999,Agricultural Burning,0,LOW
23.79609,86.34841,309.63,0.33,0.55,2026-08-20,1923,N20,VIIRS,n,2.0NRT,287.07,1.34,N,VIIRS_NOAA20_NRT,2.2029787234042555,47,,-39.17326637048484,Persistent / Stable,0,3.92,Unnamed Industrial Feature,0,8.34,0,184.15,0,Other,4,1,-39.17326637048484,0.42,0,0,1,0,70.0,1,22.560000000000002,Other Thermal Event,5,LOW
11.7761,78.67162,339.85,0.48,0.65,2026-08-21,720,N21,VIIRS,n,2.0NRT,291.28,5.95,D,VIIRS_NOAA21_NRT,6.325,2,,-5.928853754940711,Persistent / Stable,0,60.13,Dalmia,0,119.25,0,161.5,0,Cropland / Agriculture,3,1,-5.928853754940711,0.81,0,0,1,0,70.0,0,48.57000000000005,Agricultural Burning,0,LOW
15.22446,76.76551,307.97,0.49,0.41,2026-09-05,2012,N21,VIIRS,n,2.0NRT,292.36,1.37,N,VIIRS_NOAA21_NRT,1.6163636363636364,11,,-15.241844769403823,Persistent / Stable,0,12.55,Food Corporation of India,0,18.53,0,274.85,0,Forest / Woodland,2,1,-15.241844769403823,0.52,0,0,1,0,70.0,1,15.610000000000014,Other Thermal Event,5,LOW
23.80388,86.3287,315.04,0.41,0.37,2026-08-15,2004,N21,VIIRS,n,2.0NRT,268.47,1.54,N,VIIRS_NOAA21_NRT,2.604166666666667,48,,-40.864000000000004,Persistent / Stable,0,3.42,Unnamed Industrial Feature,0,10.39,0,182.99,0,Other,4,1,-40.864000000000004,0.43,0,0,1,0,70.0,1,46.56999999999999,Normal Persistent Source,0,LOW
11.00979,79.4135,341.18,0.39,0.36,2026-09-01,809,N20,VIIRS,n,2.0NRT,308.25,3.37,D,VIIRS_NOAA20_NRT,3.37,1,,0.0,Single Historical Detection,0,28.48,Unnamed Industrial Feature,0,91.01,0,54.28,0,Cropland / Agriculture,3,1,0.0,0.77,0,0,0,0,70.0,0,32.93000000000001,Agricultural Burning,0,LOW
8.71279,77.97305,343.0,0.4,0.44,2026-08-28,828,N21,VIIRS,n,2.0NRT,308.96,7.52,D,VIIRS_NOAA21_NRT,4.6825,4,,60.59797116924719,Abnormal Increase,0,22.37,SPIC Tuticorin Fertilizers,0,120.31,0,154.3,0,Other,4,1,60.59797116924719,1.32,0,0,1,0,70.0,0,34.04000000000002,Agricultural Burning,10,LOW
9.50622,78.77958,332.95,0.48,0.4,2026-08-14,750,N21,VIIRS,n,2.0NRT,293.65,4.88,D,VIIRS_NOAA21_NRT,4.92,2,,-0.8130081300813016,Persistent / Stable,0,86.95,Tourist bus parking,0,176.87,0,182.37,0,Other,4,1,-0.8130081300813016,0.82,0,0,1,0,70.0,0,39.30000000000001,Agricultural Burning,0,LOW
28.64995,77.58897,306.76,0.4,0.37,2026-08-13,2040,N21,VIIRS,n,2.0NRT,280.16,0.82,N,VIIRS_NOAA21_NRT,2.36125,8,,-65.27263102170461,Persistent / Reduced,0,5.27,Unnamed Industrial Feature,0,28.61,0,102.4,0,Cropland / Agriculture,3,1,-65.27263102170461,0.24,0,0,1,0,70.0,1,26.599999999999966,Other Thermal Event,5,LOW
28.77723,76.9485,305.39,0.48,0.4,2026-09-07,2025,N20,VIIRS,n,2.0NRT,294.4,0.77,N,VIIRS_NOAA20_NRT,1.12,4,,-31.250000000000007,Persistent / Stable,0,8.19,Bawana Industrial Area Delhi,0,39.59,0,68.25,0,Cropland / Agriculture,3,1,-31.250000000000007,0.36,0,0,1,0,70.0,1,10.990000000000009,Agricultural Burning,0,LOW
8.75985,77.6738,337.27,0.38,0.36,2026-08-29,809,N21,VIIRS,n,2.0NRT,304.89,1.58,D,VIIRS_NOAA21_NRT,1.58,1,,0.0,Single Historical Detection,0,25.42,India Cements Sankarnagar,0,89.83,0,122.57,0,Other,4,1,0.0,0.61,0,0,0,0,70.0,0,32.379999999999995,Agricultural Burning,0,LOW
10.05098,77.95471,305.12,0.47,0.48,2026-08-21,1955,N21,VIIRS,n,2.0NRT,277.48,2.58,N,VIIRS_NOAA21_NRT,7.15111111111111,9,,-63.92169049098818,Persistent / Reduced,0,21.79,TNSTC Ponmeni Bus depot,0,99.1,0,144.63,0,Cropland / Agriculture,3,1,-63.92169049098818,0.32,0,0,1,0,70.0,1,27.639999999999986,Other Thermal Event,5,LOW
23.55925,87.24075,311.41,0.53,0.42,2026-08-20,2010,N21,VIIRS,n,2.0NRT,288.16,2.45,N,VIIRS_NOAA21_NRT,2.9255263157894738,38,,-16.254385175856793,Persistent / Stable,0,3.12,Durgapur Steel Plant,0,85.98,0,190.0,0,Other,4,1,-16.254385175856793,0.62,0,0,1,0,70.0,1,23.25,Normal Persistent Source,0,LOW
16.39512,78.57832,338.95,0.44,0.39,2026-08-21,816,N20,VIIRS,n,2.0NRT,303.23,3.81,D,VIIRS_NOAA20_NRT,3.81,1,,0.0,Single Historical Detection,0,55.25,"TGSRTC  Bus Depot , Wanaparthy",0,225.07,0,119.52,0,Cropland / Agriculture,3,1,0.0,0.79,0,0,0,0,70.0,0,35.71999999999997,Agricultural Burning,0,LOW
23.77806,86.38996,330.56,0.52,0.42,2026-09-05,741,N21,VIIRS,n,2.0NRT,296.61,7.18,D,VIIRS_NOAA21_NRT,2.0177027027027026,74,,255.85024445783938,Abnormal Increase,0,4.46,Unnamed Industrial Feature,0,4.56,1,186.84,0,Other,4,1,255.85024445783938,2.38,0,1,1,0,70.0,0,33.94999999999999,Mining Activity,25,LOW
22.79535,86.20437,329.04,0.51,0.41,2026-08-11,1938,N21,VIIRS,n,2.0NRT,277.06,3.03,N,VIIRS_NOAA21_NRT,2.479821428571429,56,,22.186217325556253,Persistent / Stable,0,1.04,Tata Motors Jamshedpur Plant,1,99.49,0,208.91,0,Industrial,0,1,22.186217325556253,0.87,0,0,1,0,70.0,1,51.98000000000002,Normal Persistent Source,0,LOW
20.96873,85.1527,308.23,0.56,0.52,2026-08-19,2029,N21,VIIRS,n,2.0NRT,288.16,2.12,N,VIIRS_NOAA21_NRT,3.3747999999999996,50,,-37.181462605191406,Persistent / Stable,0,5.8,Unnamed Industrial Feature,0,7.29,0,156.08,0,Other,4,1,-37.181462605191406,0.48,0,0,1,0,70.0,1,20.069999999999993,Other Thermal Event,5,LOW
25.54083,91.23685,302.55,0.38,0.36,2026-08-11,1938,N21,VIIRS,n,2.0NRT,288.26,0.95,N,VIIRS_NOAA21_NRT,0.8525,4,,11.436950146627556,Persistent / Stable,0,54.62,Unnamed Industrial Feature,0,139.51,0,80.9,0,Forest / Woodland,2,1,11.436950146627556,0.51,0,0,1,0,70.0,1,14.29000000000002,Agricultural Burning,0,LOW
15.18417,76.66833,308.91,0.51,0.41,2026-09-06,2051,N20,VIIRS,n,2.0NRT,278.9,1.89,N,VIIRS_NOAA20_NRT,2.449422222222222,225,,-22.838946146029905,Persistent / Stable,0,21.38,Food Corporation of India,0,24.04,0,267.51,0,Forest / Woodland,2,1,-22.838946146029905,0.55,0,0,1,0,70.0,1,30.010000000000048,Other Thermal Event,5,LOW
23.78159,86.345,305.43,0.47,0.48,2026-08-22,2027,N20,VIIRS,n,2.0NRT,276.18,1.65,N,VIIRS_NOAA20_NRT,1.880909090909091,33,,-12.276462058965697,Persistent / Stable,0,2.89,Unnamed Industrial Feature,0,8.83,0,185.69,0,Other,4,1,-12.276462058965697,0.57,0,0,1,0,70.0,1,29.25,Normal Persistent Source,0,LOW
23.75665,85.85047,309.93,0.45,0.39,2026-08-20,2010,N21,VIIRS,n,2.0NRT,290.4,2.03,N,VIIRS_NOAA21_NRT,1.9751515151515153,33,,2.7769254372506715,Persistent / Stable,0,2.19,Unnamed Industrial Feature,1,5.35,0,187.42,0,Other,4,1,2.7769254372506715,0.68,0,0,1,0,70.0,1,19.53000000000003,Normal Persistent Source,0,LOW
22.92767,70.10764,315.24,0.41,0.37,2026-08-25,2112,N20,VIIRS,n,2.0NRT,293.46,1.1,N,VIIRS_NOAA20_NRT,6.065384615384615,13,,-81.86429930247304,Persistent / Reduced,0,9.57,Unnamed Industrial Feature,0,50.49,0,50.24,0,Other,4,1,-81.86429930247304,0.16,0,0,1,0,70.0,1,21.78000000000003,Other Thermal Event,5,LOW
17.69332,83.24108,314.76,0.44,0.62,2026-09-05,1925,N20,VIIRS,n,2.0NRT,289.05,2.76,N,VIIRS_NOAA20_NRT,2.3066666666666666,9,,19.653179190751437,Persistent / Stable,0,1.4,VSEZ Visakhapatnam SEZ,1,297.12,0,6.11,0,Industrial,0,1,19.653179190751437,0.83,0,0,1,0,70.0,1,25.70999999999998,Normal Persistent Source,0,LOW
23.55796,87.23771,309.96,0.34,0.56,2026-08-27,2034,N20,VIIRS,n,2.0NRT,268.63,1.5,N,VIIRS_NOAA20_NRT,2.9255263157894738,38,,-48.727174597463346,Persistent / Stable,0,3.21,Durgapur Steel Plant,0,85.71,0,190.01,0,Other,4,1,-48.727174597463346,0.38,0,0,1,0,70.0,1,41.329999999999984,Normal Persistent Source,0,LOW
23.10501,70.18776,304.13,0.33,0.55,2026-09-07,2027,N20,VIIRS,n,2.0NRT,293.3,1.43,N,VIIRS_NOAA20_NRT,1.43,1,,0.0,Single Historical Detection,0,4.75,Unnamed Industrial Feature,0,48.01,0,71.08,0,Other,4,1,0.0,0.59,0,0,0,0,70.0,1,10.829999999999984,Agricultural Burning,0,LOW
18.28999,83.99493,330.29,0.33,0.55,2026-09-06,818,N20,VIIRS,n,2.0NRT,293.33,2.83,D,VIIRS_NOAA20_NRT,2.83,1,,0.0,Single Historical Detection,0,1.59,Unnamed Industrial Feature,1,242.6,0,98.36,0,Industrial,0,1,0.0,0.74,0,0,0,0,70.0,0,36.960000000000036,Other Thermal Event,20,LOW
21.1044,72.64349,308.08,0.35,0.57,2026-09-05,2010,N21,VIIRS,n,2.0NRT,287.78,2.29,N,VIIRS_NOAA21_NRT,4.875096774193549,155,,-53.02657350060876,Persistent / Reduced,0,0.61,ArcelorMittal Nippon Steel India,1,378.2,0,0.61,1,Industrial,0,1,-53.02657350060876,0.39,0,0,1,0,70.0,1,20.30000000000001,Gas Flare,20,LOW
14.82235,76.79653,342.41,0.33,0.55,2026-09-07,841,N21,VIIRS,n,2.0NRT,291.85,4.65,D,VIIRS_NOAA21_NRT,4.715,2,,-1.3785790031813256,Persistent / Stable,0,31.47,NMDC Donimalai Iron Mine,0,31.47,0,233.51,0,Forest / Woodland,2,1,-1.3785790031813256,0.81,0,0,1,0,70.0,0,50.56,Agricultural Burning,0,LOW
28.34709,77.25639,304.01,0.39,0.59,2026-08-11,2118,N21,VIIRS,n,2.0NRT,288.06,0.49,N,VIIRS_NOAA21_NRT,1.8599999999999999,7,,-73.65591397849462,Persistent / Reduced,0,1.38,Unnamed Industrial Feature,1,28.58,0,103.5,0,Industrial,0,1,-73.65591397849462,0.17,0,0,1,0,70.0,1,15.949999999999989,Normal Persistent Source,0,LOW
23.68416,86.39481,311.34,0.48,0.4,2026-08-20,2010,N21,VIIRS,n,2.0NRT,288.93,3.11,N,VIIRS_NOAA21_NRT,3.0147826086956524,92,,3.158350158638581,Persistent / Stable,0,4.26,Unnamed Industrial Feature,0,4.36,1,197.21,0,Other,4,1,3.158350158638581,0.77,0,0,1,0,70.0,1,22.409999999999968,Mining Activity,0,LOW
8.93458,77.4248,331.74,0.4,0.6,2026-08-31,731,N21,VIIRS,n,2.0NRT,296.67,2.81,D,VIIRS_NOAA21_NRT,2.81,1,,0.0,Single Historical Detection,0,6.73,Unnamed Industrial Feature,0,75.24,0,89.31,0,Other,4,1,0.0,0.74,0,0,0,0,70.0,0,35.06999999999999,Agricultural Burning,0,LOW
21.36385,81.67879,302.52,0.61,0.53,2026-08-11,1940,N21,VIIRS,n,2.0NRT,283.08,3.31,N,VIIRS_NOAA21_NRT,2.0876923076923077,13,,58.54826823876197,Abnormal Increase,0,1.01,Unnamed Industrial Feature,1,140.86,0,250.23,0,Industrial,0,1,58.54826823876197,1.07,0,0,1,0,70.0,1,19.439999999999998,Normal Persistent Source,10,LOW
14.78169,77.37339,336.48,0.45,0.39,2026-08-10,822,N20,VIIRS,n,2.0NRT,300.28,2.63,D,VIIRS_NOAA20_NRT,2.63,2,,0.0,Persistent / Stable,0,43.71,Loco Shed,0,63.63,0,206.15,0,Cropland / Agriculture,3,1,0.0,0.72,0,0,1,0,70.0,0,36.200000000000045,Agricultural Burning,0,LOW
23.76577,86.40484,299.35,0.41,0.37,2026-08-15,2004,N21,VIIRS,n,2.0NRT,265.0,0.68,N,VIIRS_NOAA21_NRT,2.213252032520325,123,,-69.2759798699629,Persistent / Reduced,0,3.79,Unnamed Industrial Feature,0,3.25,1,188.46,0,Mining,1,1,-69.2759798699629,0.21,0,0,1,0,70.0,1,34.35000000000002,Mining Activity,0,LOW
23.74177,85.00876,306.46,0.4,0.44,2026-08-22,2027,N20,VIIRS,n,2.0NRT,283.42,1.97,N,VIIRS_NOAA20_NRT,1.672,10,,17.82296650717704,Persistent / Stable,0,24.21,Tori Power Project,0,90.99,0,215.86,0,Other,4,1,17.82296650717704,0.74,0,0,1,0,70.0,1,23.039999999999964,Other Thermal Event,10,LOW
23.77909,86.34697,302.54,0.48,0.4,2026-09-05,2010,N21,VIIRS,n,2.0NRT,271.37,1.53,N,VIIRS_NOAA21_NRT,1.80925,40,,-15.434572336603564,Persistent / Stable,0,3.02,Unnamed Industrial Feature,0,8.61,0,186.0,0,Other,4,1,-15.434572336603564,0.54,0,0,1,0,70.0,1,31.170000000000016,Normal Persistent Source,0,LOW
23.681,86.09164,306.58,0.34,0.56,2026-08-20,1923,N20,VIIRS,n,2.0NRT,286.78,1.34,N,VIIRS_NOAA20_NRT,2.5296103896103896,77,,-47.027415545743914,Persistent / Stable,0,1.17,Bokaro Steel Plant,1,17.34,0,194.66,0,Industrial,0,1,-47.027415545743914,0.38,0,0,1,0,70.0,1,19.80000000000001,Normal Persistent Source,0,LOW
15.56518,76.03944,336.13,0.41,0.37,2026-08-10,822,N20,VIIRS,n,2.0NRT,297.8,2.83,D,VIIRS_NOAA20_NRT,4.0225,4,,-29.64574269732753,Persistent / Stable,0,45.3,APMC Yard,0,84.85,0,275.35,0,Forest / Woodland,2,1,-29.64574269732753,0.56,0,0,1,0,70.0,0,38.329999999999984,Agricultural Burning,0,LOW
25.94344,72.19431,304.75,0.53,0.67,2026-08-15,2144,N21,VIIRS,n,2.0NRT,287.73,1.05,N,VIIRS_NOAA21_NRT,1.6684374999999998,32,,-37.0668664543922,Persistent / Stable,0,10.71,Industrial Area,0,139.93,0,84.74,0,Other,4,1,-37.0668664543922,0.39,0,0,1,0,70.0,1,17.019999999999982,Other Thermal Event,5,LOW
23.71304,86.42333,308.81,0.32,0.55,2026-08-20,1923,N20,VIIRS,n,2.0NRT,287.25,1.29,N,VIIRS_NOAA20_NRT,2.0500000000000003,25,,-37.07317073170732,Persistent / Stable,0,5.83,SAIL Chasnalla ADM Building,0,3.02,1,194.57,0,Mining,1,1,-37.07317073170732,0.42,0,0,1,0,70.0,1,21.560000000000002,Mining Activity,0,LOW
8.74081,78.09372,309.71,0.44,0.38,2026-08-31,2008,N21,VIIRS,n,2.0NRT,295.3,0.88,N,VIIRS_NOAA21_NRT,3.088,5,,-71.50259067357513,Persistent / Reduced,0,10.09,SPIC Tuticorin Fertilizers,0,133.93,0,165.26,0,Other,4,1,-71.50259067357513,0.22,0,0,1,0,70.0,1,14.409999999999968,Agricultural Burning,0,LOW
17.95664,80.79382,317.42,0.39,0.36,2026-08-20,2012,N21,VIIRS,n,2.0NRT,286.31,1.85,N,VIIRS_NOAA21_NRT,2.7118181818181815,33,,-31.780087160576585,Persistent / Stable,0,10.63,Aswapuram Heavy Water Plant,0,272.58,0,125.15,0,Other,4,1,-31.780087160576585,0.5,0,0,1,0,70.0,1,31.110000000000014,Other Thermal Event,5,LOW
22.36089,87.01716,311.46,0.38,0.36,2026-08-21,1951,N21,VIIRS,n,2.0NRT,280.02,0.94,N,VIIRS_NOAA21_NRT,1.3695833333333336,24,,-31.365987222391254,Persistent / Stable,0,24.37,Unnamed Industrial Feature,0,161.94,0,113.49,0,Other,4,1,-31.365987222391254,0.4,0,0,1,0,70.0,1,31.439999999999998,Other Thermal Event,5,LOW
11.0839,78.75246,309.64,0.43,0.38,2026-08-31,2008,N21,VIIRS,n,2.0NRT,293.1,1.03,N,VIIRS_NOAA21_NRT,1.115,2,,-7.623318385650221,Persistent / Stable,0,30.93,Trichy Steel Company,0,133.16,0,124.36,0,Cropland / Agriculture,3,1,-7.623318385650221,0.49,0,0,1,0,70.0,1,16.539999999999964,Agricultural Burning,0,LOW
17.02847,81.78075,298.82,0.41,0.45,2026-08-11,2036,N20,VIIRS,n,2.0NRT,274.49,0.4,N,VIIRS_NOAA20_NRT,0.4,1,,0.0,Single Historical Detection,0,13.62,Unnamed Industrial Feature,0,403.25,0,50.19,0,Cropland / Agriculture,3,1,0.0,0.29,0,0,0,0,70.0,1,24.329999999999984,Agricultural Burning,0,LOW
21.80145,83.88892,306.9,0.55,0.43,2026-09-07,2027,N20,VIIRS,n,2.0NRT,290.24,1.57,N,VIIRS_NOAA20_NRT,2.977333333333333,15,,-47.268248992386916,Persistent / Stable,0,1.81,Unnamed Industrial Feature,1,102.98,0,18.48,0,Industrial,0,1,-47.268248992386916,0.39,0,0,1,0,70.0,1,16.659999999999968,Normal Persistent Source,0,LOW
23.80384,86.32544,299.72,0.43,0.38,2026-08-16,1945,N21,VIIRS,n,2.0NRT,270.99,0.64,N,VIIRS_NOAA21_NRT,2.575531914893617,47,,-75.15076414704667,Persistent / Reduced,0,3.32,Unnamed Industrial Feature,0,10.72,0,182.95,0,Other,4,1,-75.15076414704667,0.18,0,0,1,0,70.0,1,28.730000000000018,Other Thermal Event,5,LOW
14.21385,79.22749,331.31,0.58,0.52,2026-09-05,837,N20,VIIRS,n,2.0NRT,296.92,2.16,D,VIIRS_NOAA20_NRT,2.51,2,,-13.944223107569709,Persistent / Stable,0,61.57,TTD Transport Yard,0,162.07,0,161.78,0,Cropland / Agriculture,3,1,-13.944223107569709,0.62,0,0,1,0,70.0,0,34.389999999999986,Agricultural Burning,0,LOW
10.86859,77.7392,338.51,0.53,0.5,2026-09-02,837,N21,VIIRS,n,2.0NRT,301.4,6.27,D,VIIRS_NOAA21_NRT,4.529999999999999,2,,38.410596026490076,Persistent / Stable,0,34.75,TNPL Paper Mill,0,153.39,0,73.98,0,Cropland / Agriculture,3,1,38.410596026490076,1.13,0,0,1,0,70.0,0,37.110000000000014,Agricultural Burning,0,LOW
17.60396,83.20155,308.14,0.39,0.44,2026-09-07,2029,N20,VIIRS,n,2.0NRT,292.52,1.02,N,VIIRS_NOAA20_NRT,2.8006060606060608,33,,-63.57931183726466,Persistent / Reduced,0,9.38,Visakhapatnam Steel Plant RINL,0,307.14,0,15.14,0,Other,4,1,-63.57931183726466,0.27,0,0,1,0,70.0,1,15.620000000000005,Other Thermal Event,5,LOW
9.48627,77.62683,305.24,0.46,0.39,2026-08-11,2038,N20,VIIRS,n,2.0NRT,290.59,0.7,N,VIIRS_NOAA20_NRT,1.01,2,,-30.6930693069307,Persistent / Stable,0,13.7,Unnamed Industrial Feature,0,51.91,0,104.38,0,Other,4,1,-30.6930693069307,0.35,0,0,1,0,70.0,1,14.650000000000034,Agricultural Burning,0,LOW
23.71572,86.42124,309.72,0.52,0.67,2026-09-03,1906,N21,VIIRS,n,2.0NRT,283.4,3.45,N,VIIRS_NOAA21_NRT,2.1259090909090914,22,,62.28351507376521,Abnormal Increase,0,6.19,SAIL Chasnalla ADM Building,0,2.7,1,194.23,0,Mining,1,1,62.28351507376521,1.1,0,0,1,0,70.0,1,26.32000000000005,Mining Activity,5,LOW
20.96356,85.16472,323.89,0.56,0.52,2026-08-19,2029,N21,VIIRS,n,2.0NRT,288.95,4.4,N,VIIRS_NOAA21_NRT,3.3966000000000003,100,,29.541306011894246,Persistent / Stable,0,5.14,Unnamed Industrial Feature,0,5.93,0,157.39,0,Other,4,1,29.541306011894246,1.0,0,0,1,0,70.0,1,34.94,Mining Activity,0,LOW
24.66357,74.63328,305.48,0.56,0.43,2026-09-07,2027,N20,VIIRS,n,2.0NRT,294.48,1.55,N,VIIRS_NOAA20_NRT,1.47,8,,5.442176870748304,Persistent / Stable,0,31.28,Unnamed Industrial Feature,0,96.22,0,297.25,0,Cropland / Agriculture,3,1,5.442176870748304,0.63,0,0,1,0,70.0,1,11.0,Other Thermal Event,10,LOW
11.0414,77.58978,306.72,0.39,0.37,2026-09-07,2032,N20,VIIRS,n,2.0NRT,293.93,0.66,N,VIIRS_NOAA20_NRT,3.266666666666667,3,,-79.79591836734694,Persistent / Reduced,0,22.21,SIPCOT Perundurai,0,148.3,0,55.52,0,Cropland / Agriculture,3,1,-79.79591836734694,0.15,0,0,1,0,70.0,1,12.79000000000002,Agricultural Burning,0,LOW
22.33877,69.8551,308.15,0.44,0.39,2026-09-03,2046,N21,VIIRS,n,2.0NRT,295.5,4.3,N,VIIRS_NOAA21_NRT,3.7053846153846157,13,,16.04733236454223,Persistent / Stable,0,0.66,Unnamed Industrial Feature,1,99.62,0,1.2,1,Industrial,0,1,16.04733236454223,0.91,0,0,1,0,70.0,1,12.649999999999977,Gas Flare,25,LOW
12.44623,79.14983,338.77,0.33,0.55,2026-09-03,731,N20,VIIRS,n,2.0NRT,293.75,3.06,D,VIIRS_NOAA20_NRT,3.06,1,,0.0,Single Historical Detection,0,58.35,SIPCOT Ranipet Industrial Estate,0,102.32,0,142.34,0,Cropland / Agriculture,3,1,0.0,0.75,0,0,0,0,70.0,0,45.01999999999998,Agricultural Burning,0,LOW
8.60927,77.95816,338.51,0.39,0.36,2026-09-06,816,N20,VIIRS,n,2.0NRT,304.16,4.67,D,VIIRS_NOAA20_NRT,7.087000000000001,10,,-34.10469874417949,Persistent / Stable,0,30.9,SPIC Tuticorin Fertilizers,0,116.97,0,158.03,0,Other,4,1,-34.10469874417949,0.58,0,0,1,0,70.0,0,34.349999999999966,Other Thermal Event,5,LOW
28.7105,76.8577,310.6,0.48,0.4,2026-09-07,2025,N20,VIIRS,n,2.0NRT,294.2,1.98,N,VIIRS_NOAA20_NRT,1.79,3,,10.614525139664801,Persistent / Stable,0,2.96,Unnamed Industrial Feature,0,44.95,0,76.35,0,Other,4,1,10.614525139664801,0.71,0,0,1,0,70.0,1,16.400000000000034,Normal Persistent Source,0,LOW
23.77708,86.20795,302.66,0.44,0.38,2026-08-16,1945,N21,VIIRS,n,2.0NRT,278.09,1.66,N,VIIRS_NOAA21_NRT,3.0518750000000003,48,,-45.60720868318657,Persistent / Stable,0,6.98,Unnamed Industrial Feature,0,17.66,0,184.55,0,Other,4,1,-45.60720868318657,0.41,0,0,1,0,70.0,1,24.57000000000005,Other Thermal Event,5,LOW
32.32051,76.85158,332.07,0.38,0.36,2026-08-30,758,N21,VIIRS,n,2.0NRT,303.55,3.22,D,VIIRS_NOAA21_NRT,3.22,1,,0.0,Single Historical Detection,0,46.74,Slate Godown,0,415.82,0,229.81,0,Cropland / Agriculture,3,1,0.0,0.76,0,0,0,0,70.0,0,28.519999999999982,Agricultural Burning,0,LOW
10.87752,77.78307,338.59,0.42,0.38,2026-08-18,816,N21,VIIRS,n,2.0NRT,301.43,3.77,D,VIIRS_NOAA21_NRT,2.55,2,,47.843137254901976,Persistent / Stable,0,30.36,TNPL Paper Mill,0,156.29,0,78.42,0,Cropland / Agriculture,3,1,47.843137254901976,1.06,0,0,1,0,70.0,0,37.15999999999997,Agricultural Burning,0,LOW
27.37786,95.08848,306.89,0.55,0.51,2026-08-10,1955,N21,VIIRS,n,2.0NRT,289.84,4.96,N,VIIRS_NOAA21_NRT,2.12,7,,133.96226415094338,Abnormal Increase,0,0.39,Unnamed Industrial Feature,1,553.88,0,52.43,0,Industrial,0,1,133.96226415094338,1.59,0,1,1,0,70.0,1,17.05000000000001,Normal Persistent Source,20,LOW
23.79543,86.35154,312.86,0.52,0.67,2026-09-03,1906,N21,VIIRS,n,2.0NRT,283.09,2.98,N,VIIRS_NOAA21_NRT,1.908181818181818,33,,56.16960457360649,Abnormal Increase,0,4.14,Unnamed Industrial Feature,0,8.02,0,184.28,0,Other,4,1,56.16960457360649,1.02,0,0,1,0,70.0,1,29.77000000000004,Other Thermal Event,20,LOW
15.659,73.98969,314.56,0.38,0.36,2026-08-16,2042,N20,VIIRS,n,2.0NRT,291.08,1.03,N,VIIRS_NOAA20_NRT,1.3135714285714288,14,,-21.5878194671017,Persistent / Stable,0,56.03,J P Foundry,0,232.32,0,304.3,0,Forest / Woodland,2,1,-21.5878194671017,0.45,0,0,1,0,70.0,1,23.480000000000018,Other Thermal Event,5,LOW
10.7879,77.37819,340.86,0.48,0.4,2026-09-08,822,N21,VIIRS,l,2.0NRT,311.05,6.51,D,VIIRS_NOAA21_NRT,6.57,2,,-0.9132420091324277,Persistent / Stable,0,30.21,Unnamed Industrial Feature,0,132.23,0,41.99,0,Cropland / Agriculture,3,1,-0.9132420091324277,0.86,0,0,1,0,30.0,0,29.810000000000002,Agricultural Burning,0,LOW
15.19627,76.08163,337.68,0.4,0.37,2026-08-10,822,N20,VIIRS,n,2.0NRT,297.28,2.54,D,VIIRS_NOAA20_NRT,2.54,1,,0.0,Single Historical Detection,0,21.8,APMC,0,56.4,0,238.37,0,Forest / Woodland,2,1,0.0,0.72,0,0,0,0,70.0,0,40.400000000000034,Agricultural Burning,0,LOW
22.79029,86.1926,308.82,0.5,0.41,2026-08-19,1945,N20,VIIRS,n,2.0NRT,290.55,1.92,N,VIIRS_NOAA20_NRT,2.457962962962963,54,,-21.886536578015523,Persistent / Stable,0,0.91,Tata Steel,1,100.23,0,209.79,0,Industrial,0,1,-21.886536578015523,0.56,0,0,1,0,70.0,1,18.269999999999982,Normal Persistent Source,0,LOW
10.87521,77.78659,331.65,0.44,0.62,2026-08-18,731,N20,VIIRS,n,2.0NRT,293.08,1.33,D,VIIRS_NOAA20_NRT,2.55,2,,-47.843137254901954,Persistent / Stable,0,30.23,TNPL Paper Mill,0,156.23,0,78.85,0,Cropland / Agriculture,3,1,-47.843137254901954,0.37,0,0,1,0,70.0,0,38.56999999999999,Agricultural Burning,0,LOW
21.92057,83.35059,336.8,0.33,0.55,2026-09-06,818,N20,VIIRS,n,2.0NRT,290.09,4.0,D,VIIRS_NOAA20_NRT,2.8140740740740733,27,,42.14266912345358,Persistent / Stable,0,0.82,Jindal Steel Works,1,74.16,0,69.96,0,Industrial,0,1,42.14266912345358,1.05,0,0,1,0,70.0,0,46.710000000000036,Normal Persistent Source,0,LOW
15.18107,76.66773,327.9,0.51,0.41,2026-08-21,2051,N20,VIIRS,n,2.0NRT,290.89,2.05,N,VIIRS_NOAA20_NRT,2.450132743362832,226,,-16.331063875896213,Persistent / Stable,0,21.42,Food Corporation of India,0,23.71,0,267.19,0,Forest / Woodland,2,1,-16.331063875896213,0.59,0,0,1,0,70.0,1,37.00999999999999,Other Thermal Event,5,LOW
21.7445,83.84317,345.54,0.35,0.57,2026-09-06,818,N20,VIIRS,n,2.0NRT,285.43,2.88,D,VIIRS_NOAA20_NRT,4.892297297297298,74,,-41.13195039085159,Persistent / Stable,0,6.33,Unnamed Industrial Feature,0,95.71,0,26.21,0,Other,4,1,-41.13195039085159,0.49,0,0,1,0,70.0,0,60.110000000000014,Other Thermal Event,5,LOW
15.17631,76.67775,304.74,0.43,0.38,2026-09-01,2044,N20,VIIRS,n,2.0NRT,286.6,1.08,N,VIIRS_NOAA20_NRT,2.3463694267515924,157,,-53.97144253216787,Persistent / Reduced,0,20.31,Food Corporation of India,0,23.78,0,267.38,0,Forest / Woodland,2,1,-53.97144253216787,0.32,0,0,1,0,70.0,1,18.139999999999986,Other Thermal Event,5,LOW
27.45964,95.47533,309.32,0.49,0.4,2026-08-18,1906,N21,VIIRS,n,2.0NRT,290.29,1.64,N,VIIRS_NOAA21_NRT,1.7971428571428572,7,,-8.744038155802867,Persistent / Stable,0,8.5,Truck Stand and Weight Bridge,0,592.98,0,16.18,0,Forest / Woodland,2,1,-8.744038155802867,0.59,0,0,1,0,70.0,1,19.029999999999973,Other Thermal Event,5,LOW
17.06211,76.97839,296.6,0.39,0.36,2026-08-30,2023,N21,VIIRS,n,2.0NRT,276.06,0.27,N,VIIRS_NOAA21_NRT,0.88625,8,,-69.5345557122708,Persistent / Reduced,0,0.25,ACC Cement,1,212.71,0,189.57,0,Industrial,0,1,-69.5345557122708,0.14,0,0,1,0,70.0,1,20.54000000000002,Normal Persistent Source,0,LOW
23.67913,86.39618,305.87,0.5,0.41,2026-09-04,1945,N20,VIIRS,n,2.0NRT,285.63,2.46,N,VIIRS_NOAA20_NRT,3.0147826086956524,92,,-18.40207672339199,Persistent / Stable,0,3.82,Unnamed Industrial Feature,0,4.51,1,197.78,0,Other,4,1,-18.40207672339199,0.61,0,0,1,0,70.0,1,20.24000000000001,Mining Activity,0,LOW
24.11502,86.86157,301.13,0.39,0.59,2026-08-23,1913,N21,VIIRS,n,2.0NRT,267.96,1.18,N,VIIRS_NOAA21_NRT,1.587,10,,-25.645872715816008,Persistent / Stable,0,28.87,Chittaranjan Locomotive Works,0,56.4,0,167.25,0,Other,4,1,-25.645872715816008,0.46,0,0,1,0,70.0,1,33.170000000000016,Other Thermal Event,5,LOW
23.75433,85.85139,309.45,0.54,0.42,2026-08-11,1938,N21,VIIRS,n,2.0NRT,288.41,1.29,N,VIIRS_NOAA21_NRT,1.7484375,32,,-26.219839142091157,Persistent / Stable,0,2.06,Unnamed Industrial Feature,1,5.23,0,187.67,0,Other,4,1,-26.219839142091157,0.47,0,0,1,0,70.0,1,21.039999999999964,Normal Persistent Source,0,LOW
10.67869,78.942,335.66,0.48,0.4,2026-09-03,816,N21,VIIRS,n,2.0NRT,296.53,7.36,D,VIIRS_NOAA21_NRT,7.36,1,,0.0,Single Historical Detection,0,11.51,Masfab Engineering Technology,0,149.4,0,99.13,0,Cropland / Agriculture,3,1,0.0,0.88,0,0,0,0,70.0,0,39.13000000000005,Agricultural Burning,0,LOW
22.32403,82.59084,308.07,0.34,0.56,2026-09-07,1932,N21,VIIRS,n,2.0NRT,280.92,1.02,N,VIIRS_NOAA21_NRT,1.535,8,,-33.550488599348526,Persistent / Stable,0,6.97,Unnamed Industrial Feature,0,9.61,0,155.24,0,Other,4,1,-33.550488599348526,0.4,0,0,1,0,70.0,1,27.149999999999977,Other Thermal Event,5,LOW
21.36597,81.68304,297.76,0.38,0.59,2026-09-07,1932,N21,VIIRS,n,2.0NRT,273.95,0.47,N,VIIRS_NOAA21_NRT,2.0876923076923077,13,,-77.48710390567427,Persistent / Reduced,0,0.71,Unnamed Industrial Feature,1,140.43,0,249.74,0,Industrial,0,1,-77.48710390567427,0.15,0,0,1,0,70.0,1,23.810000000000002,Normal Persistent Source,0,LOW
11.47617,77.50427,301.06,0.52,0.5,2026-08-29,2000,N20,VIIRS,n,2.0NRT,278.95,0.54,N,VIIRS_NOAA20_NRT,0.45,2,,20.000000000000004,Persistent / Stable,0,27.02,SIPCOT Perundurai,0,141.44,0,51.28,0,Cropland / Agriculture,3,1,20.000000000000004,0.37,0,0,1,0,70.0,1,22.110000000000014,Agricultural Burning,0,LOW
10.78588,78.80675,338.74,0.38,0.44,2026-09-08,822,N21,VIIRS,l,2.0NRT,309.45,1.68,D,VIIRS_NOAA21_NRT,1.68,1,,0.0,Single Historical Detection,0,4.14,G M Engineering Industries,0,149.96,0,113.42,0,Cropland / Agriculture,3,1,0.0,0.63,0,0,0,0,30.0,0,29.29000000000002,Agricultural Burning,0,LOW
26.87785,73.51696,306.36,0.43,0.38,2026-08-20,2104,N20,VIIRS,n,2.0NRT,293.02,1.67,N,VIIRS_NOAA20_NRT,1.6690476190476193,21,,0.057061340941490624,Persistent / Stable,0,88.16,Unnamed Industrial Feature,0,282.04,0,242.71,0,Other,4,1,0.057061340941490624,0.63,0,0,1,0,70.0,1,13.340000000000032,Other Thermal Event,10,LOW
24.93355,74.63254,311.44,0.43,0.38,2026-08-23,2055,N21,VIIRS,n,2.0NRT,291.35,1.37,N,VIIRS_NOAA21_NRT,1.14,8,,20.175438596491247,Persistent / Stable,0,43.39,Unnamed Industrial Feature,0,110.56,0,323.16,0,Cropland / Agriculture,3,1,20.175438596491247,0.64,0,0,1,0,70.0,1,20.089999999999975,Other Thermal Event,10,LOW
23.66505,87.15543,308.46,0.52,0.41,2026-08-20,2010,N21,VIIRS,n,2.0NRT,290.54,1.8,N,VIIRS_NOAA21_NRT,2.5206666666666666,30,,-28.590320021158423,Persistent / Stable,0,4.76,Unnamed Industrial Feature,0,75.22,0,204.42,0,Other,4,1,-28.590320021158423,0.51,0,0,1,0,70.0,1,17.91999999999996,Other Thermal Event,5,LOW
22.57469,85.89632,320.47,0.34,0.56,2026-09-05,1925,N20,VIIRS,n,2.0NRT,290.51,1.77,N,VIIRS_NOAA20_NRT,2.6941176470588233,17,,-34.30131004366812,Persistent / Stable,0,22.19,ACC Cement Ltd.,0,97.41,0,205.94,0,Other,4,1,-34.30131004366812,0.48,0,0,1,0,70.0,1,29.960000000000036,Other Thermal Event,5,LOW
11.29268,79.53696,340.47,0.43,0.46,2026-09-08,822,N21,VIIRS,n,2.0NRT,302.23,5.31,D,VIIRS_NOAA21_NRT,5.34,2,,-0.5617977528089935,Persistent / Stable,0,34.61,Ramco Cements,0,56.82,0,67.41,0,Cropland / Agriculture,3,1,-0.5617977528089935,0.84,0,0,1,0,70.0,0,38.24000000000001,Agricultural Burning,0,LOW
26.26204,91.96658,331.64,0.41,0.37,2026-08-20,659,N20,VIIRS,n,2.0NRT,291.51,2.87,D,VIIRS_NOAA20_NRT,2.87,1,,0.0,Single Historical Detection,0,12.81,Unnamed Industrial Feature,0,220.89,0,17.88,0,Forest / Woodland,2,1,0.0,0.74,0,0,0,0,70.0,0,40.129999999999995,Agricultural Burning,0,LOW
22.57158,85.89577,304.16,0.43,0.46,2026-08-22,1932,N21,VIIRS,n,2.0NRT,280.21,1.74,N,VIIRS_NOAA21_NRT,2.8973333333333335,15,,-39.94477680625863,Persistent / Stable,0,21.89,ACC Cement Ltd.,0,97.13,0,205.76,0,Other,4,1,-39.94477680625863,0.45,0,0,1,0,70.0,1,23.950000000000045,Other Thermal Event,5,LOW
10.94656,79.55784,330.16,0.39,0.36,2026-09-01,809,N20,VIIRS,l,2.0NRT,302.62,3.76,D,VIIRS_NOAA20_NRT,3.9,2,,-3.589743589743593,Persistent / Stable,0,26.48,Majestic Lumber Mill,0,92.35,0,37.15,0,Cropland / Agriculture,3,1,-3.589743589743593,0.77,0,0,1,0,30.0,0,27.54000000000002,Agricultural Burning,0,LOW
12.98432,79.59767,333.27,0.4,0.37,2026-09-01,809,N20,VIIRS,n,2.0NRT,302.23,4.21,D,VIIRS_NOAA20_NRT,4.21,1,,0.0,Single Historical Detection,0,28.96,SIPCOT Ranipet Industrial Estate,0,62.46,0,74.1,0,Cropland / Agriculture,3,1,0.0,0.81,0,0,0,0,70.0,0,31.039999999999964,Agricultural Burning,0,LOW
12.06666,79.58771,338.45,0.4,0.37,2026-09-01,809,N20,VIIRS,n,2.0NRT,305.63,2.7,D,VIIRS_NOAA20_NRT,2.7,1,,0.0,Single Historical Detection,0,25.24,Workshop,0,40.11,0,138.12,0,Cropland / Agriculture,3,1,0.0,0.73,0,0,0,0,70.0,0,32.81999999999999,Agricultural Burning,0,LOW
8.84348,78.11538,332.2,0.55,0.51,2026-09-05,737,N21,VIIRS,n,2.0NRT,298.73,3.27,D,VIIRS_NOAA21_NRT,3.27,1,,0.0,Single Historical Detection,0,5.09,SPIC Tuticorin Fertilizers,0,134.16,0,163.62,0,Other,4,1,0.0,0.77,0,0,0,0,70.0,0,33.46999999999997,Agricultural Burning,0,LOW
19.09347,82.17397,303.72,0.52,0.5,2026-09-04,1947,N20,VIIRS,n,2.0NRT,289.7,1.55,N,VIIRS_NOAA20_NRT,2.2891666666666666,36,,-32.289770658900615,Persistent / Stable,0,37.51,Unnamed Industrial Feature,0,182.81,0,74.37,0,Forest / Woodland,2,1,-32.289770658900615,0.47,0,0,1,0,70.0,1,14.020000000000039,Other Thermal Event,5,LOW
28.6644,77.5774,312.09,0.45,0.39,2026-09-07,2025,N20,VIIRS,n,2.0NRT,295.27,1.02,N,VIIRS_NOAA20_NRT,2.1744444444444446,9,,-53.091466530403686,Persistent / Reduced,0,3.59,Unnamed Industrial Feature,0,27.86,0,100.44,0,Cropland / Agriculture,3,1,-53.091466530403686,0.32,0,0,1,0,70.0,1,16.819999999999993,Other Thermal Event,5,LOW
9.70394,77.59586,311.45,0.39,0.44,2026-08-10,2002,N21,VIIRS,n,2.0NRT,292.24,1.85,N,VIIRS_NOAA21_NRT,2.3528571428571428,7,,-21.372191863995134,Persistent / Stable,0,37.78,Unnamed Industrial Feature,0,47.9,0,108.82,0,Other,4,1,-21.372191863995134,0.55,0,0,1,0,70.0,1,19.20999999999998,Other Thermal Event,5,LOW
9.20449,77.60951,335.56,0.59,0.53,2026-08-12,744,N20,VIIRS,n,2.0NRT,297.11,5.87,D,VIIRS_NOAA20_NRT,5.87,1,,0.0,Single Historical Detection,0,20.34,Unnamed Industrial Feature,0,65.88,0,100.72,0,Other,4,1,0.0,0.85,0,0,0,0,70.0,0,38.44999999999999,Agricultural Burning,0,LOW
23.75659,86.40674,302.49,0.42,0.37,2026-08-23,2008,N20,VIIRS,n,2.0NRT,285.35,1.89,N,VIIRS_NOAA20_NRT,2.1718333333333333,120,,-12.976747755352624,Persistent / Stable,0,4.43,Unnamed Industrial Feature,0,2.29,1,189.49,0,Mining,1,1,-12.976747755352624,0.6,0,0,1,0,70.0,1,17.139999999999986,Mining Activity,0,LOW
23.79861,86.34744,300.65,0.52,0.67,2026-08-10,1913,N20,VIIRS,n,2.0NRT,280.85,3.95,N,VIIRS_NOAA20_NRT,2.351666666666667,54,,67.96598157335222,Abnormal Increase,0,4.02,Unnamed Industrial Feature,0,8.45,0,183.86,0,Other,4,1,67.96598157335222,1.18,0,0,1,0,70.0,1,19.799999999999955,Other Thermal Event,20,LOW
23.69731,85.35693,301.44,0.43,0.38,2026-09-05,2010,N21,VIIRS,n,2.0NRT,284.32,0.98,N,VIIRS_NOAA21_NRT,1.4726315789473685,19,,-33.45246604717656,Persistent / Stable,0,8.1,Jindal Steel,0,55.88,0,205.51,0,Other,4,1,-33.45246604717656,0.4,0,0,1,0,70.0,1,17.120000000000005,Other Thermal Event,5,LOW
28.74485,76.92733,310.37,0.39,0.44,2026-08-20,2104,N20,VIIRS,n,2.0NRT,289.47,3.42,N,VIIRS_NOAA20_NRT,1.8533333333333333,6,,84.53237410071942,Abnormal Increase,0,5.16,Unnamed Industrial Feature,0,39.82,0,71.92,0,Cropland / Agriculture,3,1,84.53237410071942,1.2,0,0,1,0,70.0,1,20.899999999999977,Other Thermal Event,20,LOW
15.34147,76.27382,319.07,0.48,0.4,2026-08-21,2051,N20,VIIRS,n,2.0NRT,288.03,1.78,N,VIIRS_NOAA20_NRT,1.33375,32,,33.45829428303656,Persistent / Stable,0,33.31,APMC,0,49.63,0,261.43,0,Forest / Woodland,2,1,33.45829428303656,0.76,0,0,1,0,70.0,1,31.04000000000002,Other Thermal Event,10,LOW
11.52446,77.66854,337.79,0.39,0.36,2026-08-21,816,N20,VIIRS,n,2.0NRT,307.36,5.77,D,VIIRS_NOAA20_NRT,5.725,2,,0.7860262008733613,Persistent / Stable,0,15.72,Pallava Textiles (P) Limited,0,160.09,0,69.47,0,Cropland / Agriculture,3,1,0.7860262008733613,0.86,0,0,1,0,70.0,0,30.430000000000007,Agricultural Burning,0,LOW
13.14871,77.53867,300.09,0.39,0.36,2026-09-02,2023,N20,VIIRS,n,2.0NRT,285.94,0.19,N,VIIRS_NOAA20_NRT,0.19,1,,0.0,Single Historical Detection,0,6.05,BMTC Depot 30 (Yelahanka),0,13.51,0,37.74,0,Cropland / Agriculture,3,1,0.0,0.16,0,0,0,0,70.0,1,14.149999999999977,Agricultural Burning,0,LOW
23.77627,86.38731,300.34,0.48,0.4,2026-09-05,2010,N21,VIIRS,n,2.0NRT,272.44,1.46,N,VIIRS_NOAA21_NRT,2.0135714285714283,70,,-27.492018446257532,Persistent / Stable,0,4.77,Unnamed Industrial Feature,0,4.89,1,186.99,0,Other,4,1,-27.492018446257532,0.48,0,0,1,0,70.0,1,27.899999999999977,Mining Activity,0,LOW
18.64043,74.56492,340.74,0.32,0.55,2026-08-20,739,N21,VIIRS,n,2.0NRT,293.78,4.3,D,VIIRS_NOAA21_NRT,4.3,1,,0.0,Single Historical Detection,0,41.0,Unnamed Industrial Feature,0,457.91,0,166.87,0,Forest / Woodland,2,1,0.0,0.81,0,0,0,0,70.0,0,46.960000000000036,Agricultural Burning,0,LOW
27.46791,95.42184,303.96,0.42,0.37,2026-08-22,1930,N21,VIIRS,n,2.0NRT,277.22,0.75,N,VIIRS_NOAA21_NRT,1.9975,4,,-62.45306633291615,Persistent / Reduced,0,3.3,Truck Stand and Weight Bridge,0,588.26,0,21.33,0,Other,4,1,-62.45306633291615,0.25,0,0,1,0,70.0,1,26.739999999999952,Other Thermal Event,5,LOW
20.89007,84.97992,305.71,0.55,0.51,2026-09-04,2029,N21,VIIRS,n,2.0NRT,289.61,1.65,N,VIIRS_NOAA21_NRT,2.7800000000000002,28,,-40.647482014388494,Persistent / Stable,0,0.72,Unnamed Industrial Feature,1,25.81,0,149.77,0,Industrial,0,1,-40.647482014388494,0.44,0,0,1,0,70.0,1,16.099999999999966,Normal Persistent Source,0,LOW
26.87395,73.51712,307.3,0.47,0.39,2026-09-01,2040,N20,VIIRS,n,2.0NRT,292.74,2.78,N,VIIRS_NOAA20_NRT,1.6690476190476193,21,,66.56205420827386,Abnormal Increase,0,87.84,Unnamed Industrial Feature,0,281.61,0,242.53,0,Other,4,1,66.56205420827386,1.04,0,0,1,0,70.0,1,14.560000000000002,Other Thermal Event,20,LOW
22.38003,87.27818,327.43,0.54,0.51,2026-09-05,1925,N20,VIIRS,n,2.0NRT,291.55,7.26,N,VIIRS_NOAA20_NRT,3.9493103448275866,58,,83.82956430629527,Abnormal Increase,0,1.05,Tata Metaliks,1,173.06,0,89.46,0,Industrial,0,1,83.82956430629527,1.47,0,0,1,0,70.0,1,35.879999999999995,Normal Persistent Source,10,LOW
22.37055,87.29816,306.46,0.36,0.58,2026-08-11,2034,N20,VIIRS,n,2.0NRT,286.41,1.7,N,VIIRS_NOAA20_NRT,2.99264705882353,68,,-43.19410319410321,Persistent / Stable,0,1.34,Unnamed Industrial Feature,1,175.07,0,87.15,0,Industrial,0,1,-43.19410319410321,0.43,0,0,1,0,70.0,1,20.049999999999955,Normal Persistent Source,0,LOW
21.92171,83.349,322.13,0.42,0.45,2026-09-04,2027,N21,VIIRS,n,2.0NRT,291.46,3.42,N,VIIRS_NOAA21_NRT,2.8140740740740733,27,,21.53198210055281,Persistent / Stable,0,0.66,Jindal Steel Works,1,74.2,0,70.12,0,Industrial,0,1,21.53198210055281,0.9,0,0,1,0,70.0,1,30.670000000000016,Normal Persistent Source,0,LOW
15.17473,76.67556,315.83,0.34,0.56,2026-08-21,1953,N21,VIIRS,n,2.0NRT,290.09,2.05,N,VIIRS_NOAA21_NRT,2.4795580110497233,181,,-17.323975044563273,Persistent / Stable,0,20.54,Food Corporation of India,0,23.51,0,267.1,0,Forest / Woodland,2,1,-17.323975044563273,0.59,0,0,1,0,70.0,1,25.74000000000001,Other Thermal Event,5,LOW
23.75759,86.4045,310.67,0.48,0.4,2026-09-05,2010,N21,VIIRS,n,2.0NRT,279.56,2.42,N,VIIRS_NOAA21_NRT,2.162396694214876,121,,11.912860691763804,Persistent / Stable,0,4.48,Unnamed Industrial Feature,0,2.51,1,189.34,0,Mining,1,1,11.912860691763804,0.77,0,0,1,0,70.0,1,31.110000000000014,Mining Activity,0,LOW
13.05037,79.42616,339.02,0.4,0.37,2026-09-01,809,N20,VIIRS,n,2.0NRT,304.46,6.5,D,VIIRS_NOAA20_NRT,6.5,1,,0.0,Single Historical Detection,0,15.87,SIPCOT Ranipet Industrial Estate,0,81.52,0,91.5,0,Cropland / Agriculture,3,1,0.0,0.87,0,0,0,0,70.0,0,34.56,Agricultural Burning,0,LOW
29.47517,76.85713,306.58,0.39,0.36,2026-08-16,2038,N20,VIIRS,n,2.0NRT,287.84,1.79,N,VIIRS_NOAA20_NRT,7.869230769230769,39,,-77.25317693059628,Persistent / Reduced,0,13.93,Panipat IOCL Refinery,0,106.35,0,2.29,1,Cropland / Agriculture,3,1,-77.25317693059628,0.2,0,0,1,0,70.0,1,18.74000000000001,Gas Flare,5,LOW
10.00594,78.04284,331.05,0.39,0.36,2026-08-21,816,N20,VIIRS,n,2.0NRT,295.84,1.0,D,VIIRS_NOAA20_NRT,3.6233333333333335,3,,-72.40110395584178,Persistent / Reduced,0,11.68,TNSTC Ponmeni Bus depot,0,105.39,0,154.81,0,Cropland / Agriculture,3,1,-72.40110395584178,0.22,0,0,1,0,70.0,0,35.210000000000036,Agricultural Burning,0,LOW
10.64331,79.07994,335.42,0.48,0.4,2026-08-10,822,N20,VIIRS,n,2.0NRT,303.35,5.48,D,VIIRS_NOAA20_NRT,5.48,1,,0.0,Single Historical Detection,0,13.77,Central Warehouse Corporation,0,144.2,0,84.71,0,Cropland / Agriculture,3,1,0.0,0.85,0,0,0,0,70.0,0,32.06999999999999,Agricultural Burning,0,LOW
15.41752,78.95675,343.75,0.62,0.54,2026-08-10,729,N21,VIIRS,n,2.0NRT,294.6,7.34,D,VIIRS_NOAA21_NRT,4.665,2,,57.341907824222936,Abnormal Increase,0,55.13,Unnamed Industrial Feature,0,220.48,0,228.82,0,Cropland / Agriculture,3,1,57.341907824222936,1.3,0,0,1,0,70.0,0,49.14999999999998,Agricultural Burning,10,LOW
15.17489,76.67612,305.4,0.39,0.36,2026-08-14,2025,N21,VIIRS,n,2.0NRT,290.78,1.19,N,VIIRS_NOAA21_NRT,2.4391860465116277,172,,-51.21323354149783,Persistent / Reduced,0,20.48,Food Corporation of India,0,23.56,0,267.15,0,Forest / Woodland,2,1,-51.21323354149783,0.35,0,0,1,0,70.0,1,14.620000000000005,Other Thermal Event,5,LOW
9.33854,78.72203,333.44,0.41,0.61,2026-08-10,726,N21,VIIRS,n,2.0NRT,294.26,2.84,D,VIIRS_NOAA21_NRT,1.915,2,,48.30287206266318,Persistent / Stable,0,85.84,SPIC Tuticorin Fertilizers,0,172.86,0,200.87,0,Other,4,1,48.30287206266318,0.97,0,0,1,0,70.0,0,39.18000000000001,Agricultural Burning,0,LOW
28.27742,77.27326,305.51,0.4,0.37,2026-09-06,2046,N20,VIIRS,n,2.0NRT,291.56,0.72,N,VIIRS_NOAA20_NRT,1.065,2,,-32.3943661971831,Persistent / Stable,0,0.25,Unnamed Industrial Feature,1,36.09,0,95.75,0,Industrial,0,1,-32.3943661971831,0.35,0,0,1,0,70.0,1,13.949999999999989,Normal Persistent Source,0,LOW
24.76254,74.6077,300.58,0.37,0.58,2026-08-31,2004,N21,VIIRS,n,2.0NRT,276.94,0.93,N,VIIRS_NOAA21_NRT,1.0876923076923075,13,,-14.49787835926448,Persistent / Stable,0,40.97,Unnamed Industrial Feature,0,98.4,0,305.37,0,Cropland / Agriculture,3,1,-14.49787835926448,0.45,0,0,1,0,70.0,1,23.639999999999986,Other Thermal Event,5,LOW
22.24316,87.38877,306.4,0.34,0.56,2026-08-23,1913,N21,VIIRS,n,2.0NRT,285.23,1.74,N,VIIRS_NOAA21_NRT,2.518,10,,-30.897537728355832,Persistent / Stable,0,12.74,Unnamed Industrial Feature,0,192.03,0,73.08,0,Other,4,1,-30.897537728355832,0.49,0,0,1,0,70.0,1,21.16999999999996,Other Thermal Event,5,LOW
15.55518,79.64732,324.0,0.49,0.4,2026-09-04,2032,N21,VIIRS,n,2.0NRT,292.99,5.92,N,VIIRS_NOAA21_NRT,5.883636363636364,11,,0.6180469715698358,Persistent / Stable,0,29.94,kummitha's farm,0,269.97,0,234.23,0,Cropland / Agriculture,3,1,0.6180469715698358,0.86,0,0,1,0,70.0,1,31.00999999999999,Other Thermal Event,10,LOW
23.75734,86.40388,307.4,0.39,0.36,2026-08-13,1955,N20,VIIRS,n,2.0NRT,285.38,1.18,N,VIIRS_NOAA20_NRT,2.162396694214876,121,,-45.430919166825916,Persistent / Stable,0,4.54,Unnamed Industrial Feature,0,2.53,1,189.36,0,Mining,1,1,-45.430919166825916,0.37,0,0,1,0,70.0,1,22.019999999999982,Mining Activity,0,LOW
15.16989,76.38091,299.16,0.43,0.38,2026-09-02,2023,N20,VIIRS,n,2.0NRT,283.74,0.52,N,VIIRS_NOAA20_NRT,1.3534615384615387,26,,-61.57999431656721,Persistent / Reduced,0,22.51,APMC,0,27.72,0,249.71,0,Forest / Woodland,2,1,-61.57999431656721,0.22,0,0,1,0,70.0,1,15.420000000000016,Other Thermal Event,5,LOW
21.10281,72.6347,341.97,0.43,0.46,2026-08-30,850,N20,VIIRS,n,2.0NRT,297.24,5.36,D,VIIRS_NOAA20_NRT,4.870454545454545,154,,10.051329911339257,Persistent / Stable,0,0.21,Hazira Industrial Complex SURAT,1,378.64,0,0.29,1,Industrial,0,1,10.051329911339257,0.91,0,0,1,0,70.0,0,44.73000000000002,Gas Flare,25,LOW
15.33618,76.28429,304.01,0.52,0.42,2026-08-28,2019,N20,VIIRS,n,2.0NRT,289.95,1.01,N,VIIRS_NOAA20_NRT,1.33375,32,,-24.273664479850048,Persistent / Stable,0,32.98,APMC,0,48.47,0,261.38,0,Forest / Woodland,2,1,-24.273664479850048,0.43,0,0,1,0,70.0,1,14.060000000000002,Other Thermal Event,5,LOW
22.60765,85.91538,303.87,0.41,0.37,2026-08-15,2004,N21,VIIRS,n,2.0NRT,286.49,0.99,N,VIIRS_NOAA21_NRT,1.345,2,,-26.394052044609666,Persistent / Stable,0,20.36,Unnamed Industrial Feature,0,101.37,0,209.09,0,Other,4,1,-26.394052044609666,0.42,0,0,1,0,70.0,1,17.379999999999995,Agricultural Burning,0,LOW
20.95728,85.01494,305.05,0.55,0.43,2026-09-04,1945,N20,VIIRS,n,2.0NRT,290.78,2.65,N,VIIRS_NOAA20_NRT,3.09125,8,,-14.274160938131827,Persistent / Stable,0,4.44,Angul Monnet Power Company Limited,0,21.31,0,146.7,0,Other,4,1,-14.274160938131827,0.65,0,0,1,0,70.0,1,14.270000000000039,Other Thermal Event,5,LOW
9.49715,77.61008,331.37,0.45,0.47,2026-08-17,750,N20,VIIRS,n,2.0NRT,298.36,1.59,D,VIIRS_NOAA20_NRT,1.455,2,,9.278350515463918,Persistent / Stable,0,15.61,Unnamed Industrial Feature,0,49.82,0,102.85,0,Other,4,1,9.278350515463918,0.65,0,0,1,0,70.0,0,33.00999999999999,Agricultural Burning,0,LOW
9.08718,77.47947,331.36,0.61,0.54,2026-09-07,841,N21,VIIRS,n,2.0NRT,295.48,3.5,D,VIIRS_NOAA21_NRT,2.665,2,,31.33208255159475,Persistent / Stable,0,16.3,Unnamed Industrial Feature,0,67.15,0,88.94,0,Other,4,1,31.33208255159475,0.95,0,0,1,0,70.0,0,35.879999999999995,Agricultural Burning,0,LOW
11.97214,79.74477,343.23,0.38,0.43,2026-08-28,744,N20,VIIRS,n,2.0NRT,294.73,2.69,D,VIIRS_NOAA20_NRT,3.04,2,,-11.513157894736844,Persistent / Stable,0,8.67,Workshop,0,24.66,0,134.43,0,Cropland / Agriculture,3,1,-11.513157894736844,0.67,0,0,1,0,70.0,0,48.5,Agricultural Burning,0,LOW
22.00615,82.67136,308.32,0.6,0.53,2026-09-06,2046,N20,VIIRS,n,2.0NRT,289.11,2.9,N,VIIRS_NOAA20_NRT,1.743846153846154,13,,66.2990736656374,Abnormal Increase,0,0.14,Prakash Industries Steel Plant,1,38.24,0,140.41,0,Industrial,0,1,66.2990736656374,1.06,0,0,1,0,70.0,1,19.20999999999998,Normal Persistent Source,10,LOW
23.75582,86.395,309.07,0.32,0.55,2026-08-20,1923,N20,VIIRS,n,2.0NRT,287.25,1.49,N,VIIRS_NOAA20_NRT,2.253727272727273,110,,-33.887297809689,Persistent / Stable,0,5.28,Unnamed Industrial Feature,0,3.09,1,189.36,0,Mining,1,1,-33.887297809689,0.46,0,0,1,0,70.0,1,21.819999999999993,Mining Activity,0,LOW
9.39075,78.88336,336.06,0.4,0.6,2026-08-26,726,N21,VIIRS,n,2.0NRT,291.74,2.89,D,VIIRS_NOAA21_NRT,7.21,6,,-59.91678224687934,Persistent / Reduced,0,103.05,SPIC Tuticorin Fertilizers,0,189.47,0,185.76,0,Other,4,1,-59.91678224687934,0.35,0,0,1,0,70.0,0,44.31999999999999,Other Thermal Event,5,LOW
10.40083,77.59858,336.57,0.39,0.36,2026-08-21,816,N20,VIIRS,n,2.0NRT,306.1,2.3,D,VIIRS_NOAA20_NRT,4.365,2,,-47.30813287514319,Persistent / Stable,0,43.45,Chicken shop,0,99.87,0,89.76,0,Cropland / Agriculture,3,1,-47.30813287514319,0.43,0,0,1,0,70.0,0,30.46999999999997,Agricultural Burning,0,LOW
17.9612,80.79105,309.72,0.55,0.68,2026-09-05,2108,N20,VIIRS,n,2.0NRT,286.8,2.13,N,VIIRS_NOAA20_NRT,2.7118181818181815,33,,-21.45491116325846,Persistent / Stable,0,11.22,Aswapuram Heavy Water Plant,0,271.99,0,124.85,0,Other,4,1,-21.45491116325846,0.57,0,0,1,0,70.0,1,22.920000000000016,Other Thermal Event,5,LOW
24.16228,82.60419,304.2,0.38,0.36,2026-08-12,2014,N20,VIIRS,n,2.0NRT,283.57,0.44,N,VIIRS_NOAA20_NRT,1.9400000000000002,3,,-77.31958762886599,Persistent / Reduced,0,6.74,NTPC Singrauli Thermal Power,0,7.05,0,155.87,0,Cropland / Agriculture,3,1,-77.31958762886599,0.15,0,0,1,0,70.0,1,20.629999999999995,Agricultural Burning,0,LOW
15.18383,76.66652,300.28,0.33,0.56,2026-09-06,1953,N21,VIIRS,n,2.0NRT,258.15,0.76,N,VIIRS_NOAA21_NRT,2.450132743362832,226,,-68.98127246130787,Persistent / Reduced,0,21.57,Food Corporation of India,0,23.92,0,267.37,0,Forest / Woodland,2,1,-68.98127246130787,0.22,0,0,1,0,70.0,1,42.129999999999995,Other Thermal Event,5,LOW
26.87543,73.51593,309.98,0.39,0.36,2026-08-31,2057,N20,VIIRS,n,2.0NRT,293.26,1.34,N,VIIRS_NOAA20_NRT,1.6690476190476193,21,,-19.71469329529245,Persistent / Stable,0,88.04,Unnamed Industrial Feature,0,281.78,0,242.49,0,Other,4,1,-19.71469329529245,0.5,0,0,1,0,70.0,1,16.720000000000027,Other Thermal Event,5,LOW
17.95747,80.7872,309.77,0.39,0.36,2026-08-25,2019,N21,VIIRS,n,2.0NRT,291.44,3.33,N,VIIRS_NOAA21_NRT,2.7118181818181815,33,,22.79584311096214,Persistent / Stable,0,11.13,Aswapuram Heavy Water Plant,0,272.1,0,124.44,0,Other,4,1,22.79584311096214,0.9,0,0,1,0,70.0,1,18.329999999999984,Other Thermal Event,10,LOW
9.31451,78.04694,330.23,0.46,0.64,2026-08-10,726,N21,VIIRS,n,2.0NRT,293.63,3.82,D,VIIRS_NOAA21_NRT,3.82,1,,0.0,Single Historical Detection,0,23.82,Unnamed Industrial Feature,0,101.59,0,148.26,0,Other,4,1,0.0,0.79,0,0,0,0,70.0,0,36.60000000000002,Agricultural Burning,0,LOW
11.04049,77.71588,304.81,0.41,0.37,2026-08-28,2017,N20,VIIRS,n,2.0NRT,280.31,0.56,N,VIIRS_NOAA20_NRT,0.56,1,,0.0,Single Historical Detection,0,28.34,SIPCOT Perundurai,0,161.99,0,69.28,0,Cropland / Agriculture,3,1,0.0,0.36,0,0,0,0,70.0,1,24.5,Agricultural Burning,0,LOW
9.14298,77.53522,333.19,0.61,0.53,2026-08-20,737,N21,VIIRS,n,2.0NRT,293.66,6.2,D,VIIRS_NOAA21_NRT,4.663333333333333,6,,32.95210864903503,Persistent / Stable,0,20.55,India Cements Sankarnagar,0,65.43,0,93.57,0,Other,4,1,32.95210864903503,1.09,0,0,1,0,70.0,0,39.52999999999997,Other Thermal Event,10,LOW
10.09354,77.23885,300.13,0.52,0.5,2026-08-21,1955,N21,VIIRS,n,2.0NRT,273.45,2.42,N,VIIRS_NOAA21_NRT,2.8499999999999996,8,,-15.087719298245606,Persistent / Stable,0,13.17,Kannan Devan Tea Factory,0,54.51,0,88.59,0,Cropland / Agriculture,3,1,-15.087719298245606,0.63,0,0,1,0,70.0,1,26.680000000000007,Other Thermal Event,5,LOW
17.37239,77.44447,303.3,0.52,0.42,2026-08-21,2049,N20,VIIRS,n,2.0NRT,290.53,1.08,N,VIIRS_NOAA20_NRT,0.965,4,,11.917098445595865,Persistent / Stable,0,6.05,Unnamed Industrial Feature,0,253.38,0,135.04,0,Cropland / Agriculture,3,1,11.917098445595865,0.55,0,0,1,0,70.0,1,12.770000000000039,Agricultural Burning,0,LOW
22.78679,86.20014,308.97,0.48,0.4,2026-09-05,2010,N21,VIIRS,n,2.0NRT,293.68,1.65,N,VIIRS_NOAA21_NRT,2.479821428571429,56,,-33.46295096133075,Persistent / Stable,0,0.21,Tata Steel,1,100.49,0,208.92,0,Industrial,0,1,-33.46295096133075,0.47,0,0,1,0,70.0,1,15.29000000000002,Normal Persistent Source,0,LOW
20.78339,85.26167,309.48,0.44,0.46,2026-09-07,1932,N21,VIIRS,n,2.0NRT,290.09,4.05,N,VIIRS_NOAA21_NRT,4.4721568627450985,51,,-9.439670291125935,Persistent / Stable,0,2.29,Tata Steel Meramandali,1,19.03,0,151.43,0,Other,4,1,-9.439670291125935,0.74,0,0,1,0,70.0,1,19.390000000000043,Normal Persistent Source,0,LOW
27.37818,95.08637,309.36,0.56,0.51,2026-08-18,2000,N20,VIIRS,n,2.0NRT,288.45,2.1,N,VIIRS_NOAA20_NRT,2.12,7,,-0.9433962264150951,Persistent / Stable,0,0.58,Unnamed Industrial Feature,1,553.7,0,52.64,0,Industrial,0,1,-0.9433962264150951,0.67,0,0,1,0,70.0,1,20.910000000000025,Normal Persistent Source,0,LOW
9.20535,78.30312,332.69,0.34,0.56,2026-08-31,731,N21,VIIRS,n,2.0NRT,302.34,1.84,D,VIIRS_NOAA21_NRT,1.73,2,,6.358381502890179,Persistent / Stable,0,46.8,SPIC Tuticorin Fertilizers,0,132.14,0,176.63,0,Other,4,1,6.358381502890179,0.67,0,0,1,0,70.0,0,30.350000000000023,Agricultural Burning,0,LOW
13.16184,80.28695,302.34,0.5,0.66,2026-08-15,2101,N20,VIIRS,n,2.0NRT,281.67,1.69,N,VIIRS_NOAA20_NRT,2.2899999999999996,6,,-26.200873362445403,Persistent / Stable,0,0.69,Unnamed Industrial Feature,1,4.85,1,1.88,1,Industrial,0,1,-26.200873362445403,0.51,0,0,1,0,70.0,1,20.66999999999996,Gas Flare,20,LOW
14.97541,79.35614,330.4,0.48,0.65,2026-09-01,714,N21,VIIRS,n,2.0NRT,288.52,4.59,D,VIIRS_NOAA21_NRT,3.3049999999999997,2,,38.880484114977314,Persistent / Stable,0,74.81,COW Farm,0,221.55,0,223.47,0,Cropland / Agriculture,3,1,38.880484114977314,1.07,0,0,1,0,70.0,0,41.879999999999995,Agricultural Burning,0,LOW
23.66539,86.91727,309.68,0.51,0.41,2026-08-20,2010,N21,VIIRS,n,2.0NRT,287.72,2.82,N,VIIRS_NOAA21_NRT,1.9449999999999998,2,,44.987146529562985,Persistent / Stable,0,0.99,IISCO Steel Plant,1,51.3,0,214.65,0,Industrial,0,1,44.987146529562985,0.96,0,0,1,0,70.0,1,21.95999999999998,Normal Persistent Source,0,LOW
22.0391,83.72788,312.31,0.4,0.37,2026-08-20,2010,N21,VIIRS,n,2.0NRT,289.86,1.42,N,VIIRS_NOAA21_NRT,1.549,10,,-8.327953518398967,Persistent / Stable,0,16.24,Hemgir Coal Washery,0,107.1,0,34.38,0,Other,4,1,-8.327953518398967,0.56,0,0,1,0,70.0,1,22.44999999999999,Other Thermal Event,5,LOW
22.24657,87.38881,333.61,0.41,0.37,2026-08-10,729,N21,VIIRS,n,2.0NRT,296.51,3.99,D,VIIRS_NOAA21_NRT,2.518,10,,58.45909451945991,Abnormal Increase,0,12.48,Unnamed Industrial Feature,0,191.71,0,73.2,0,Other,4,1,58.45909451945991,1.13,0,0,1,0,70.0,0,37.10000000000002,Other Thermal Event,20,LOW
29.90844,74.95241,316.28,0.45,0.39,2026-08-20,2104,N20,VIIRS,n,2.0NRT,292.35,2.52,N,VIIRS_NOAA20_NRT,5.1780952380952385,21,,-51.33345594997242,Persistent / Reduced,0,28.3,Hindustan Petroleum Oil Depot,0,270.27,0,28.3,0,Cropland / Agriculture,3,1,-51.33345594997242,0.41,0,0,1,0,70.0,1,23.92999999999995,Other Thermal Event,5,LOW
20.96592,86.0509,311.63,0.49,0.4,2026-09-04,1945,N20,VIIRS,n,2.0NRT,291.46,2.15,N,VIIRS_NOAA20_NRT,3.6672000000000002,25,,-41.37216404886563,Persistent / Stable,0,0.55,Duburi Steel Power Plant,1,86.3,0,96.38,0,Industrial,0,1,-41.37216404886563,0.46,0,0,1,0,70.0,1,20.170000000000016,Normal Persistent Source,0,LOW
23.68038,86.0688,303.18,0.34,0.56,2026-08-20,1923,N20,VIIRS,n,2.0NRT,286.49,1.4,N,VIIRS_NOAA20_NRT,2.31923076923077,39,,-39.635157545605324,Persistent / Stable,0,2.1,Unnamed Industrial Feature,1,15.66,0,194.7,0,Other,4,1,-39.635157545605324,0.42,0,0,1,0,70.0,1,16.689999999999998,Normal Persistent Source,0,LOW
23.71511,86.42087,306.05,0.39,0.36,2026-09-03,2002,N20,VIIRS,n,2.0NRT,289.26,1.27,N,VIIRS_NOAA20_NRT,2.1259090909090914,22,,-40.26085097284586,Persistent / Stable,0,6.14,SAIL Chasnalla ADM Building,0,2.77,1,194.29,0,Mining,1,1,-40.26085097284586,0.41,0,0,1,0,70.0,1,16.79000000000002,Mining Activity,0,LOW
15.13766,76.71173,301.79,0.34,0.56,2026-08-20,2108,N20,VIIRS,n,2.0NRT,288.15,0.52,N,VIIRS_NOAA20_NRT,0.852,10,,-38.96713615023474,Persistent / Stable,0,16.99,Food Corporation of India,0,22.4,0,266.03,0,Forest / Woodland,2,1,-38.96713615023474,0.28,0,0,1,0,70.0,1,13.640000000000043,Other Thermal Event,5,LOW
11.03126,77.58949,337.59,0.43,0.38,2026-08-27,803,N20,VIIRS,n,2.0NRT,302.98,4.28,D,VIIRS_NOAA20_NRT,3.266666666666667,3,,31.0204081632653,Persistent / Stable,0,23.31,SIPCOT Perundurai,0,148.41,0,55.47,0,Cropland / Agriculture,3,1,31.0204081632653,1.0,0,0,1,0,70.0,0,34.60999999999996,Agricultural Burning,0,LOW
11.81491,77.91734,307.82,0.45,0.39,2026-08-27,2038,N20,VIIRS,n,2.0NRT,281.99,1.2,N,VIIRS_NOAA20_NRT,1.7600000000000002,40,,-31.818181818181827,Persistent / Stable,0,12.99,TNSTC Depot Mettur Dam,0,135.14,0,109.7,0,Cropland / Agriculture,3,1,-31.818181818181827,0.43,0,0,1,0,70.0,1,25.829999999999984,Other Thermal Event,5,LOW
23.64838,85.44078,323.99,0.39,0.36,2026-08-10,1957,N21,VIIRS,n,2.0NRT,291.58,2.52,N,VIIRS_NOAA21_NRT,3.0220454545454554,44,,-16.61276979769875,Persistent / Stable,0,2.21,Unnamed Industrial Feature,1,48.4,0,207.92,0,Other,4,1,-16.61276979769875,0.63,0,0,1,0,70.0,1,32.410000000000025,Normal Persistent Source,0,LOW
23.67882,86.0854,310.11,0.34,0.56,2026-08-20,1923,N20,VIIRS,n,2.0NRT,287.15,3.31,N,VIIRS_NOAA20_NRT,2.469,80,,34.06237343053869,Persistent / Stable,0,1.85,Bokaro Steel Plant,1,17.02,0,194.89,0,Industrial,0,1,34.06237343053869,0.95,0,0,1,0,70.0,1,22.960000000000036,Normal Persistent Source,0,LOW
23.56168,87.08423,296.94,0.33,0.56,2026-08-27,2034,N20,VIIRS,n,2.0NRT,264.64,0.31,N,VIIRS_NOAA20_NRT,1.9581818181818185,11,,-84.16898792943361,Persistent / Reduced,0,5.52,Unnamed Industrial Feature,0,70.5,0,197.84,0,Other,4,1,-84.16898792943361,0.1,0,0,1,0,70.0,1,32.30000000000001,Other Thermal Event,5,LOW
15.17901,76.65769,314.31,0.51,0.41,2026-08-21,2051,N20,VIIRS,n,2.0NRT,290.62,2.73,N,VIIRS_NOAA20_NRT,2.5682439024390242,205,,6.298315257649724,Persistent / Stable,0,22.48,Food Corporation of India,0,23.01,0,266.38,0,Forest / Woodland,2,1,6.298315257649724,0.77,0,0,1,0,70.0,1,23.689999999999998,Other Thermal Event,10,LOW
25.80458,72.25359,333.21,0.58,0.52,2026-09-04,858,N20,VIIRS,n,2.0NRT,299.16,3.59,D,VIIRS_NOAA20_NRT,3.165,2,,13.428120063191148,Persistent / Stable,0,6.06,Industrial Area,0,129.11,0,90.81,0,Other,4,1,13.428120063191148,0.86,0,0,1,0,70.0,0,34.049999999999955,Agricultural Burning,0,LOW
21.10796,72.64498,295.71,0.56,0.69,2026-08-18,2004,N20,VIIRS,n,2.0NRT,270.75,1.01,N,VIIRS_NOAA20_NRT,4.875096774193549,155,,-79.28246254830343,Persistent / Reduced,0,0.25,ArcelorMittal Nippon Steel India,1,377.78,0,0.96,1,Industrial,0,1,-79.28246254830343,0.17,0,0,1,0,70.0,1,24.95999999999998,Gas Flare,20,LOW
15.16934,76.71221,305.43,0.39,0.36,2026-09-04,2032,N21,VIIRS,n,2.0NRT,293.92,0.72,N,VIIRS_NOAA21_NRT,0.9716666666666667,6,,-25.900514579759864,Persistent / Stable,0,16.59,Food Corporation of India,0,22.4,0,268.9,0,Forest / Woodland,2,1,-25.900514579759864,0.37,0,0,1,0,70.0,1,11.509999999999991,Other Thermal Event,5,LOW
10.50269,79.36618,330.64,0.39,0.36,2026-08-16,807,N20,VIIRS,n,2.0NRT,299.39,3.9,D,VIIRS_NOAA20_NRT,3.9,2,,0.0,Persistent / Stable,0,28.47,Majestic Lumber Mill,0,145.57,0,60.02,0,Cropland / Agriculture,3,1,0.0,0.8,0,0,1,0,70.0,0,31.25,Agricultural Burning,0,LOW
21.76666,84.02632,330.12,0.38,0.36,2026-09-08,739,N20,VIIRS,n,2.0NRT,291.47,2.69,D,VIIRS_NOAA20_NRT,2.5425,24,,5.801376597836773,Persistent / Stable,0,0.67,Bhushan Power & Steel,1,113.63,0,15.45,0,Industrial,0,1,5.801376597836773,0.76,0,0,1,0,70.0,0,38.64999999999998,Normal Persistent Source,0,LOW
21.11061,72.63454,307.53,0.38,0.36,2026-09-03,2046,N21,VIIRS,n,2.0NRT,294.41,2.17,N,VIIRS_NOAA21_NRT,4.870454545454545,154,,-55.44563695753616,Persistent / Reduced,0,0.65,ONGC Hazira Gas Processing,1,377.82,0,0.65,1,Industrial,0,1,-55.44563695753616,0.37,0,0,1,0,70.0,1,13.119999999999948,Gas Flare,20,LOW
19.10323,82.16578,308.43,0.63,0.54,2026-09-06,2049,N20,VIIRS,n,2.0NRT,288.38,2.12,N,VIIRS_NOAA20_NRT,2.2891666666666666,36,,-7.389879868947935,Persistent / Stable,0,36.96,Unnamed Industrial Feature,0,182.51,0,75.58,0,Forest / Woodland,2,1,-7.389879868947935,0.64,0,0,1,0,70.0,1,20.05000000000001,Other Thermal Event,5,LOW
17.06605,76.97811,296.17,0.33,0.56,2026-08-13,1957,N20,VIIRS,n,2.0NRT,268.56,0.29,N,VIIRS_NOAA20_NRT,0.88625,8,,-67.27785613540198,Persistent / Reduced,0,0.66,ACC Cement,1,213.15,0,189.5,0,Industrial,0,1,-67.27785613540198,0.15,0,0,1,0,70.0,1,27.610000000000014,Normal Persistent Source,0,LOW
