name,latitude,longitude,type
Unnamed Industrial Feature,18.5123269,74.186216,industrial
Unnamed Industrial Feature,18.5151336,74.1808436,industrial
Unnamed Industrial Feature,18.5186968,74.1852343,industrial
Unnamed Industrial Feature,18.4863986,74.1740977,industrial
Unnamed Industrial Feature,18.5140125,74.1866586,industrial
Unnamed Industrial Feature,18.5073493,74.182485,industrial
Unnamed Industrial Feature,18.5124617,74.1848159,industrial
Unnamed Industrial Feature,18.5171415,74.1802048,industrial
Unnamed Industrial Feature,18.5184895,74.1823054,industrial
Unnamed Industrial Feature,18.5184374,74.1813827,industrial
Unnamed Industrial Feature,18.5164306,74.1978059,industrial
Unnamed Industrial Feature,18.4824633,74.2134726,industrial
DPS Power Sub Station,23.7113415,86.8762296,industrial
Unnamed Industrial Feature,25.2407265,83.3968069,industrial
Unnamed Industrial Feature,25.2399865,83.3948411,industrial
Unnamed Industrial Feature,25.2306424,83.3984065,industrial
Unnamed Industrial Feature,25.2520433,83.3990831,industrial
Unnamed Industrial Feature,25.2503385,83.3988749,industrial
Unnamed Industrial Feature,25.2502097,83.3978393,industrial
Unnamed Industrial Feature,25.2509927,83.3967873,industrial
Unnamed Industrial Feature,25.2507548,83.3959873,industrial
Unnamed Industrial Feature,25.2519046,83.3951435,industrial
Unnamed Industrial Feature,25.2465072,83.3762265,industrial
Unnamed Industrial Feature,25.2434013,83.3866194,industrial
Unnamed Industrial Feature,25.2374782,83.3823071,industrial
Unnamed Industrial Feature,25.2373234,83.3841552,industrial
Unnamed Industrial Feature,25.2358167,83.3872241,industrial
Unnamed Industrial Feature,25.2347745,83.387726,industrial
Unnamed Industrial Feature,25.2348157,83.3813602,industrial
Unnamed Industrial Feature,25.233598,83.3825125,industrial
Unnamed Industrial Feature,25.2327931,83.3803107,industrial
Unnamed Industrial Feature,25.2288612,83.3849082,industrial
Unnamed Industrial Feature,25.2283658,83.3838929,industrial
Unnamed Industrial Feature,25.2282059,83.3821246,industrial
Unnamed Industrial Feature,25.2297694,83.3781887,industrial
Unnamed Industrial Feature,25.227726,83.3777096,industrial
Unnamed Industrial Feature,25.2257239,83.3822957,industrial
Unnamed Industrial Feature,25.2191496,83.3815085,industrial
Unnamed Industrial Feature,25.2189845,83.3763292,industrial
Unnamed Industrial Feature,25.2195315,83.3743099,industrial
Unnamed Industrial Feature,25.213184,83.3487326,industrial
Unnamed Industrial Feature,25.2169822,83.3603234,industrial
Unnamed Industrial Feature,25.2273957,83.3568096,industrial
Unnamed Industrial Feature,25.2283246,83.3556346,industrial
Unnamed Industrial Feature,25.2306053,83.3557372,industrial
Unnamed Industrial Feature,25.229501,83.3525315,industrial
Unnamed Industrial Feature,25.2316786,83.351037,industrial
Unnamed Industrial Feature,25.230982,83.3472039,industrial
Unnamed Industrial Feature,25.2604675,83.3413058,industrial
Unnamed Industrial Feature,25.2589508,83.3396402,industrial
Unnamed Industrial Feature,25.2605294,83.3376551,industrial
Unnamed Industrial Feature,25.2617984,83.3344266,industrial
Unnamed Industrial Feature,25.2955415,83.3376437,industrial
Unnamed Industrial Feature,25.3130025,83.338659,industrial
Unnamed Industrial Feature,25.3148485,83.3438498,industrial
Unnamed Industrial Feature,25.3194067,83.3451389,industrial
private owned.,24.4200708,85.5323777,slaughterhouse
Bokaro Steel Plant,23.6852883,86.102095,industrial
Tata Steel,22.7850438,86.1994662,industrial
IISCO Steel Plant,23.6705108,86.9251966,industrial
Durgapur Steel Plant,23.5364576,87.2586482,industrial
Kolaghat Power Plant,22.4178163,87.8713127,industrial
Heavy Engineering Corporation Limited,23.2934981,85.2897405,industrial
New Wagon Shop,22.3332145,87.2898201,industrial
Unnamed Industrial Feature,22.1989781,84.5888874,industrial
Kadma Telephone Exchange,22.8087482,86.1660491,industrial
Farakka Super Thermal Power Station,24.773986,87.8937874,industrial
Jindal Steel,23.631977,85.3217586,industrial
Unnamed Industrial Feature,23.6168491,86.4807062,industrial
Santhaldih,23.602324,86.4662777,industrial
Unnamed Industrial Feature,22.95425,86.0680096,industrial
Bihar Sponge Iron Ltd.,22.9089797,86.0744925,industrial
Unnamed Industrial Feature,22.7888584,85.9439697,industrial
Unnamed Industrial Feature,22.8253267,86.0724731,industrial
Unnamed Industrial Feature,22.8353546,86.2301925,industrial
Unnamed Industrial Feature,22.7537501,86.246007,industrial
Unnamed Industrial Feature,22.8745058,86.064596,industrial
Chandrapura Thermal Power Station,23.7379135,86.1231162,industrial
Unnamed Industrial Feature,23.7371901,86.1550118,industrial
Unnamed Industrial Feature,22.3248152,87.3018611,industrial
Unnamed Industrial Feature,23.7634213,86.5742801,industrial
Unnamed Industrial Feature,23.6372821,86.8868391,industrial
Unnamed Industrial Feature,23.7251143,86.830618,industrial
Unnamed Industrial Feature,23.7367747,86.8390984,industrial
Unnamed Industrial Feature,23.6601342,86.4274384,industrial
Shalboni Mint,22.6151964,87.3015796,industrial
Unnamed Industrial Feature,23.6591201,86.4947831,industrial
Unnamed Industrial Feature,23.7890086,86.4320929,industrial
Unnamed Industrial Feature,23.7748204,86.3176267,industrial
Unnamed Industrial Feature,23.5121128,87.2791826,industrial
Unnamed Industrial Feature,23.5997112,87.1191113,industrial
Unnamed Industrial Feature,23.5846173,87.1763344,industrial
Unnamed Industrial Feature,23.4957263,87.3743152,industrial
Unnamed Industrial Feature,23.5019201,87.3696475,industrial
Unnamed Industrial Feature,23.5009844,87.3664299,industrial
Unnamed Industrial Feature,23.4965757,87.3796984,industrial
Unnamed Industrial Feature,23.4971868,87.3695173,industrial
Unnamed Industrial Feature,23.5010155,87.3766161,industrial
Unnamed Industrial Feature,23.492372,87.3593406,industrial
Durgapur Projects Limited Power Station,23.5182601,87.3040458,industrial
Unnamed Industrial Feature,23.5151093,87.3123928,industrial
Unnamed Industrial Feature,23.511024,87.3178015,industrial
Unnamed Industrial Feature,23.5169428,87.3210267,industrial
Unnamed Industrial Feature,23.5055651,87.332965,industrial
Unnamed Industrial Feature,23.513582,87.3303073,industrial
Unnamed Industrial Feature,23.4909328,87.3320041,industrial
Unnamed Industrial Feature,23.4903862,87.3380247,industrial
Unnamed Industrial Feature,23.4944532,87.3264805,industrial
Unnamed Industrial Feature,23.5049444,87.3139017,industrial
Mejia Thermal Power Station,23.460457,87.1366381,industrial
Unnamed Industrial Feature,24.2274606,83.8830613,industrial
Unnamed Industrial Feature,24.8004857,84.967954,industrial
Unnamed Industrial Feature,22.3373804,87.3157907,industrial
Bokaro Thermal Power Station,23.7838465,85.88096,industrial
Unnamed Industrial Feature,23.7526637,85.8715745,industrial
Unnamed Industrial Feature,23.6980515,86.0615856,industrial
Unnamed Industrial Feature,23.7539628,86.0585479,industrial
Unnamed Industrial Feature,23.7718708,85.9773315,industrial
Tata Iron and Steel Company Limited (TISCO) - West Bokaro,23.7774478,85.5531952,industrial
Unnamed Industrial Feature,23.3715569,85.4422468,industrial
Sone Valley Cements Limited,24.5493556,83.9645663,industrial
Cement Factory,24.6704768,83.9882914,industrial
Bakreshwar TPS,23.8299977,87.4520014,industrial
Tenughat Thermal Power Plant,23.7284894,85.7620738,industrial
Unnamed Industrial Feature,22.2222558,84.8761641,cooling
Unnamed Industrial Feature,22.2223773,84.8773159,cooling
Unnamed Industrial Feature,22.2295524,84.8488602,industrial
Unnamed Industrial Feature,22.2314498,84.8251574,industrial
Unnamed Industrial Feature,22.2340992,84.8108648,industrial
Unnamed Industrial Feature,22.1988455,84.842942,industrial
Unnamed Industrial Feature,22.136608,84.8857589,industrial
Jamalpur Locomotive Workshop,25.3075398,86.4914182,industrial
Unnamed Industrial Feature,24.1218446,86.3540057,industrial
Unnamed Industrial Feature,22.0699926,84.9142359,industrial
Unnamed Industrial Feature,23.3793951,85.8720922,industrial
Usha Martin factory,23.3700809,85.4291863,industrial
Unnamed Industrial Feature,24.5163095,86.6405268,industrial
Unnamed Industrial Feature,22.0078918,85.4284526,industrial
Tata Metaliks,22.384885,87.2869065,industrial
Unnamed Industrial Feature,22.0955838,85.3477968,industrial
Unnamed Industrial Feature,22.0967663,85.3523396,industrial
Unnamed Industrial Feature,22.092739,85.3528562,industrial
Unnamed Industrial Feature,22.1006862,85.3736186,industrial
Patratu Thermal Power Station,23.6426893,85.2929453,industrial
Maithon Power Plant,23.8209777,86.7464048,industrial
Kahalgaon Thermal Power Station,25.2390895,87.2663069,industrial
Chittranjan Locomotive Works,23.8554005,86.9156377,industrial
Chittaranjan Locomotive Works,23.8590401,86.9088979,industrial
Crescent Power Limited,23.7851322,87.0472183,industrial
Durgapur Steel Thermal Power Station,23.5774768,87.2102967,industrial
Unnamed Industrial Feature,22.6303329,87.2964183,industrial
Koderma Thermal Power Station,24.3859329,85.5625835,industrial
Unnamed Industrial Feature,22.3792957,87.2891956,industrial
IFB Agro Industries Ltd.,23.4311152,87.4852846,industrial
Dongamahua Power Plant,22.1284377,83.5350716,industrial
XPRO India Biax Division,23.4333967,87.2613992,industrial
Neamatpur ECL Workshop,23.7103925,86.8768296,industrial
Linkers India Workshop,23.7096628,86.9095346,industrial
Unnamed Industrial Feature,24.4261541,85.7819315,industrial
Unnamed Industrial Feature,24.433126,85.7600934,industrial
Kalta Mines Office,21.966094,85.2154632,industrial
S.F.C godown,23.3512298,85.3134282,industrial
Unnamed Industrial Feature,22.6526632,86.3464083,industrial
Unnamed Industrial Feature,22.417783,87.2554268,industrial
Raghunathpur Thermal Power Station,23.6209637,86.6576229,industrial
Nabinagar Thermal Power Project,24.702005,84.0908206,industrial
Rothas Industries,24.9184216,84.1918774,industrial
Unnamed Industrial Feature,24.4577097,85.5253187,industrial
TRF Limited,22.7726857,86.2111478,industrial
Tata Tube Division,22.7738295,86.218969,industrial
Brick yards,24.9024965,84.9999128,industrial
Unnamed Industrial Feature,24.5455813,84.7806708,industrial
Unnamed Industrial Feature,24.5456852,84.7830852,industrial
Unnamed Industrial Feature,24.5448542,84.7888913,industrial
Unnamed Industrial Feature,24.5469142,84.7924634,industrial
Unnamed Industrial Feature,24.5474578,84.7955706,industrial
Unnamed Industrial Feature,24.5507027,84.8043405,industrial
Unnamed Industrial Feature,24.5556235,84.8078472,industrial
Unnamed Industrial Feature,24.8988706,84.8652834,industrial
Unnamed Industrial Feature,24.9633035,84.8547284,industrial
Unnamed Industrial Feature,24.9633537,84.8591469,industrial
Unnamed Industrial Feature,24.4662041,84.5800943,industrial
Unnamed Industrial Feature,24.4677085,84.5845324,industrial
Unnamed Industrial Feature,24.6083566,84.8233353,industrial
Unnamed Industrial Feature,24.5946961,84.834096,industrial
Unnamed Industrial Feature,24.5964695,84.8328625,industrial
Unnamed Industrial Feature,24.6016076,84.8315635,industrial
Unnamed Industrial Feature,24.6250396,84.8117585,industrial
Unnamed Industrial Feature,24.627829,84.8135368,industrial
Unnamed Industrial Feature,24.6282748,84.8157348,industrial
Unnamed Industrial Feature,24.5762287,84.8126191,industrial
Unnamed Industrial Feature,24.6008275,84.8263666,industrial
Unnamed Industrial Feature,24.596892,84.8270849,industrial
Unnamed Industrial Feature,24.5775284,84.7927922,industrial
Unnamed Industrial Feature,24.5861702,84.7939401,industrial
Unnamed Industrial Feature,24.5805705,84.7945854,industrial
Unnamed Industrial Feature,24.66959,84.8698751,industrial
Unnamed Industrial Feature,24.574407,84.9740868,industrial
Unnamed Industrial Feature,24.5740548,84.9757025,industrial
Unnamed Industrial Feature,24.5715812,84.9748319,industrial
Unnamed Industrial Feature,24.5964249,84.9946461,industrial
Unnamed Industrial Feature,24.5597511,84.7422253,industrial
Unnamed Industrial Feature,24.561123,84.7450099,industrial
Unnamed Industrial Feature,24.6029,84.8216296,industrial
Unnamed Industrial Feature,24.6013594,84.814578,industrial
Unnamed Industrial Feature,24.6001045,84.8114317,industrial
Unnamed Industrial Feature,24.5980128,84.8117077,industrial
Unnamed Industrial Feature,24.5849342,84.8207735,industrial
Unnamed Industrial Feature,24.5489002,84.7953705,industrial
Tamnar Power Station,22.1047558,83.450249,industrial
Unnamed Industrial Feature,24.9431675,85.0867262,industrial
Unnamed Industrial Feature,24.6777802,84.817443,industrial
Unnamed Industrial Feature,24.5882661,84.8046442,industrial
Unnamed Industrial Feature,24.5884536,84.8088079,industrial
Unnamed Industrial Feature,24.5830067,84.8059246,industrial
Unnamed Industrial Feature,24.5669361,84.7413447,industrial
Unnamed Industrial Feature,24.5695218,84.7467827,industrial
Unnamed Industrial Feature,24.9637671,85.0974605,industrial
Unnamed Industrial Feature,24.8604103,85.0380744,industrial
Unnamed Industrial Feature,24.8617598,85.0505493,industrial
Unnamed Industrial Feature,24.8736166,85.0055225,industrial
Unnamed Industrial Feature,24.9186682,84.9904187,industrial
Unnamed Industrial Feature,24.9213936,84.9878623,industrial
Unnamed Industrial Feature,24.9246204,84.9868645,industrial
Unnamed Industrial Feature,24.9261218,84.9837223,industrial
Unnamed Industrial Feature,24.9306589,84.9851115,industrial
Unnamed Industrial Feature,24.9328877,84.9931759,industrial
Unnamed Industrial Feature,24.9381262,85.1867778,industrial
Unnamed Industrial Feature,24.9440866,85.1888292,industrial
Unnamed Industrial Feature,24.9356031,85.1777866,industrial
Unnamed Industrial Feature,24.6591855,84.8107955,industrial
Unnamed Industrial Feature,24.6569532,84.8116394,industrial
Unnamed Industrial Feature,24.7057565,84.8246233,industrial
Unnamed Industrial Feature,24.7295174,84.799803,industrial
Unnamed Industrial Feature,24.7013574,84.7886598,industrial
Brick yards,24.7326604,84.8349861,industrial
Unnamed Industrial Feature,24.6440287,84.7049912,industrial
Unnamed Industrial Feature,24.5354703,84.7565203,industrial
Unnamed Industrial Feature,24.4355149,84.803558,industrial
Unnamed Industrial Feature,23.3609812,85.3323793,industrial
Unnamed Industrial Feature,23.7330693,86.8112714,industrial
Unnamed Industrial Feature,24.6731459,84.9807264,industrial
Unnamed Industrial Feature,24.674485,84.9894012,industrial
Unnamed Industrial Feature,23.3832897,87.6640528,industrial
Unnamed Industrial Feature,23.3810194,87.6765061,industrial
Unnamed Industrial Feature,23.3822919,87.6739164,industrial
Unnamed Industrial Feature,23.3970081,87.6702224,industrial
Unnamed Industrial Feature,22.4821887,86.7134958,industrial
Unnamed Industrial Feature,22.4706748,86.7179328,industrial
Unnamed Industrial Feature,22.4747584,86.7229825,industrial
Unnamed Industrial Feature,22.3195256,87.2498159,industrial
Unnamed Industrial Feature,22.4816323,86.7317156,industrial
Unnamed Industrial Feature,22.4851114,86.7297684,industrial
Unnamed Industrial Feature,23.693651,87.1096218,industrial
Unnamed Industrial Feature,23.6931402,87.1202104,industrial
Unnamed Industrial Feature,23.692324,87.0997373,industrial
Unnamed Industrial Feature,23.5240706,87.2654201,industrial
Unnamed Industrial Feature,23.4766041,87.3973689,industrial
Matix Fertilizers & Chemicals Ltd.,23.4421632,87.4868604,agriculture
Unnamed Industrial Feature,24.7888867,85.280641,industrial
Unnamed Industrial Feature,24.8590388,85.5461534,industrial
Unnamed Industrial Feature,25.0943761,85.5537823,industrial
Unnamed Industrial Feature,25.095214,85.5208632,industrial
Unnamed Industrial Feature,25.2511456,85.5547409,industrial
Unnamed Industrial Feature,25.2311883,86.9474809,industrial
Mahadev Prasad Super Thermal Power Plant,22.8376403,86.0593502,industrial
Oil terminal,24.5113052,86.6365027,industrial
Unnamed Industrial Feature,22.150305,85.5118382,industrial
High Tension Insulated Factory,23.3542157,85.3625413,industrial
Patratu Thermal Power Station,23.6212834,85.2752153,industrial
Unnamed Industrial Feature,23.6690678,87.0634058,industrial
Bokaro Steel Plant,23.6325092,86.2984935,industrial
Tori Power Project,23.7085512,84.7737493,industrial
SAIL Chasnalla ADM Building,23.6647835,86.4456596,industrial
SAIL Parbatpur colliery Area,23.680598,86.345723,industrial
SAIL Parbatpur Colliery,23.6823271,86.3520607,industrial
Nabinagar Super Thermal Power Project,24.7703771,84.1600811,industrial
Unnamed Industrial Feature,22.0598514,83.3401307,industrial
Durgapur Thermal Power Station,23.530482,87.2499002,industrial
ACC Cement Ltd.,22.42433,85.754294,industrial
Unnamed Industrial Feature,23.6467551,85.4624534,industrial
Unnamed Industrial Feature,23.6223942,85.4536182,industrial
Unnamed Industrial Feature,22.4169991,87.8666693,cooling
Unnamed Industrial Feature,22.4182155,87.8666128,cooling
Unnamed Industrial Feature,22.4157882,87.8667277,cooling
brickfield,22.1475077,87.8989878,industrial
brickfield,22.1460243,87.9017641,industrial
brickfield,22.1296845,87.9167437,industrial
brickfield,22.1323483,87.9114845,industrial
brickfield,22.1332682,87.9076577,industrial
brickfield,22.1342844,87.8997586,industrial
brickfield,22.1345503,87.9035354,industrial
brickfield,22.126056,87.9245905,industrial
brickfield,22.1279776,87.9210271,industrial
Unnamed Industrial Feature,24.4102743,83.8429275,brickyard
Unnamed Industrial Feature,24.7984712,85.5419969,industrial
Unnamed Industrial Feature,22.7683119,86.2359112,industrial
Unnamed Industrial Feature,22.7712147,86.2235946,industrial
Unnamed Industrial Feature,22.8039435,86.0927218,industrial
Unnamed Industrial Feature,23.7652791,86.0303762,industrial
Darlipali Super Thermal Power Station,21.9676335,83.8945734,industrial
Unnamed Industrial Feature,23.9271937,85.3424224,industrial
Unnamed Industrial Feature,23.8181746,85.5700555,industrial
Unnamed Industrial Feature,23.7960489,85.5692292,industrial
Unnamed Industrial Feature,23.7967487,85.5499559,industrial
Unnamed Industrial Feature,23.8236795,85.4902673,industrial
Unnamed Industrial Feature,23.8270445,85.4870041,brickyard
Unnamed Industrial Feature,23.8183534,85.4729895,industrial
Unnamed Industrial Feature,23.7234683,85.524852,industrial
Unnamed Industrial Feature,23.7405312,85.6438988,industrial
Power Plant,23.7577755,85.8945674,industrial
Unnamed Industrial Feature,24.4133028,85.4824399,industrial
Store,20.3651096,83.2809549,industrial
Unit 1,20.365909,83.2937798,industrial
Unit 10,20.3573132,83.2716981,industrial
Unit 11,20.3484296,83.2682684,industrial
Unit 12,20.3778898,83.2987851,industrial
Unit 15,20.3302976,83.2575989,industrial
Unit 17,20.366336,83.2896334,industrial
Unit 2,20.3643728,83.2926594,industrial
Unit 3,20.3629838,83.2923453,industrial
Unit 4,20.3607211,83.2914029,industrial
Unit 5,20.3583189,83.264102,industrial
Unit 6,20.3760248,83.3030623,industrial
Warehouse,20.3591214,83.2697842,industrial
APSRTC Zonal Workshop,18.0916599,83.389365,depot
Unnamed Industrial Feature,18.1175514,83.4210615,scrap_yard
Indian oil deport,21.9055582,84.0285324,oil
"IOCL, PRRPL, Malimunda, Jharsuguda",21.9061599,84.0302754,industrial
East Coast Energies PVT LTD,18.5268906,84.2458941,industrial
Bhilai Steel Plant,21.1843795,81.3909595,steelmaking
Unnamed Industrial Feature,21.4987971,81.7837866,industrial
Unnamed Industrial Feature,21.672524,82.084357,industrial
Paradip Port,20.276102,86.6726079,industrial
Indian Rare Earth Limited (IREL),19.3090047,84.9601546,factory
Tilk Rice and Oil Mill,20.5764129,86.704076,industrial
Unnamed Industrial Feature,20.9173843,85.1626471,industrial
NALCO,20.8286502,85.1578666,industrial
Angul Smelter power station,20.8531792,85.1937858,industrial
Bhushan Power & Steel,21.7623857,84.0217847,industrial
Unnamed Industrial Feature,21.7994139,83.861408,industrial
Jindal Steel Works,21.9275326,83.3478661,industrial
Unnamed Industrial Feature,21.2257861,81.7790732,industrial
Unnamed Industrial Feature,21.2241814,81.7870401,industrial
Unnamed Industrial Feature,21.5519831,81.8060605,industrial
Unnamed Industrial Feature,21.2350382,81.4060906,industrial
Unnamed Industrial Feature,21.2293135,81.4135769,industrial
ACC Jamul,21.2378747,81.3836386,factory
Unnamed Industrial Feature,21.2270842,81.387143,industrial
Unnamed Industrial Feature,21.233717,81.3948367,industrial
Unnamed Industrial Feature,21.3737595,81.416192,industrial
"STPI, Hitech City, Rushikonda",17.8029845,83.3812652,industrial
Unnamed Industrial Feature,18.5477632,83.3323544,industrial
Indian Metals & Ferro Alloys Limited,19.3324708,83.4319931,industrial
Unnamed Industrial Feature,19.2487965,83.4099863,industrial
ACC Limited Bargarh Cement Works,21.3710758,83.6169953,industrial
Unnamed Industrial Feature,21.1202767,85.9218664,industrial
Bharat Aluminium,22.3931039,82.7354624,aluminium_smelting
Unnamed Industrial Feature,22.3441781,82.7165829,industrial
Choudwar Power Plant,20.5351183,85.9084398,industrial
Unnamed Industrial Feature,21.5442026,83.901291,industrial
Unnamed Industrial Feature,21.5469933,83.9035052,industrial
Talcher Super Thermal Powerstation,21.0944334,85.0742078,industrial
Unnamed Industrial Feature,21.1044668,85.0734973,cooling
Unnamed Industrial Feature,21.1056988,85.0737447,cooling
Unnamed Industrial Feature,21.1032433,85.0732276,cooling
Unnamed Industrial Feature,21.1020172,85.0729685,cooling
Dhamra Port,20.8317088,86.9581986,industrial
Unnamed Industrial Feature,20.7940749,86.8993959,industrial
IOCL Paradip Refinery Tankfarm,20.2487024,86.5995376,refinery
Paradeep Phosphates Limited Township,20.2640419,86.6228933,industrial
Jharsuguda Sterlite power station,21.816881,84.0392763,industrial
Unnamed Industrial Feature,21.9005839,83.9843367,industrial
Unnamed Industrial Feature,21.8404249,83.9801374,industrial
Tata Steel Meramandali,20.8040132,85.2612681,metal_processing
Unnamed Industrial Feature,20.8268429,85.2699568,industrial
Unnamed Industrial Feature,20.821037,85.282735,industrial
Unnamed Industrial Feature,20.8076658,85.2911873,industrial
Unnamed Industrial Feature,20.4898155,85.9331535,industrial
Unnamed Industrial Feature,20.5296327,85.9471698,industrial
NACL Industries Technical Plant,18.2735413,83.7926403,industrial
Purvi Bharat Coal Products Private Limited,20.5166718,85.8310147,industrial
Orissa Textile Mills,20.5269819,85.9245533,industrial
Unnamed Industrial Feature,20.5716982,86.0184813,industrial
Unnamed Industrial Feature,21.98454,83.2347654,industrial
Essar Steel Odisha Limited,20.3183508,86.6482227,industrial
IFFCO Plant,20.3086146,86.6623048,industrial
Unnamed Industrial Feature,20.306351,86.6170876,industrial
Bhilai 500 MW Expansion Power Project,21.1882014,81.4243243,industrial
Raipur Substation,21.2438204,81.4883606,industrial
Marwa Thermal Power Plant,22.0703404,82.6053249,industrial
Lanco Amarkantak,22.2424497,82.7219486,industrial
Akaltara-KMPCL Coal Power Plant,21.9617037,82.4132796,industrial
Hasdeo Thermal Power Station Korba West,22.4143141,82.6804012,industrial
Korba East Thermal Power Station,22.3853201,82.7195174,industrial
Dr. Shyama Prasad Mukherjee Thermal Power Station,22.370576,82.7202147,industrial
Korba Super Thermal Power Plant,22.3872846,82.683916,industrial
Chakabura Power Station,22.3945578,82.5561117,industrial
Adani Korba West power station,21.7408088,83.2742158,industrial
Baradarha Power Station,21.9082666,83.1912217,industrial
Vandana Energy & Steel,22.4871421,82.6266652,industrial
Salora Power Station,22.4900708,82.6059366,industrial
Batch Plant,20.7897249,86.0367464,industrial
Stone Factory,20.792346,86.0446706,industrial
Batch Plant,20.8063128,86.0259102,industrial
K.J. ISPAT LTD,20.9523786,86.0599395,factory
Unnamed Industrial Feature,20.9501356,86.0647942,industrial
VISA STEEL LTD,20.9448038,86.0581277,factory
Angul Monnet Power Company Limited,20.9250541,84.989668,industrial
IB Thermal Power Plant,21.6905505,83.8650286,industrial
Ordnance Factory Bolangir,20.3563665,83.2836792,industrial
Middle Kolab Project,18.7462678,82.1359977,industrial
Hindustan Aeronautics Limited,18.7376065,82.8211157,aerospace
Hindustan Aeronautics Limited Sukhoi Engine Division,18.7395593,82.8305974,industrial
National Aluminium Company Ltd. Alumina Refinery,18.7706641,82.9087306,industrial
Talcher Thermal Power Station,20.913111,85.208218,industrial
Duburi Steel Power Plant,20.961104,86.0496258,industrial
Hirakud Captive Power Plant,21.5299494,83.9064635,industrial
Sipat Thermal Power Station,22.1291184,82.290914,industrial
Singhal Forestry,21.3202503,83.0380851,industrial
Sirgitti Industrial Area,22.0411087,82.1389124,industrial
Unnamed Industrial Feature,22.048889,82.1279513,industrial
Prakash Industries Steel Plant,22.0048774,82.6713615,industrial
Unnamed Industrial Feature,20.8173541,86.05243,industrial
Unnamed Industrial Feature,20.8208282,86.038181,industrial
Unnamed Industrial Feature,20.8230814,86.0840804,industrial
Unnamed Industrial Feature,20.7736463,86.0602861,industrial
Uchpinda Power Station,21.886745,83.1205846,industrial
Athena Chhattisgarh power station,21.907181,83.1299372,industrial
Unnamed Industrial Feature,21.486042,81.7699152,industrial
Unnamed Industrial Feature,21.5614719,81.7564487,industrial
Unnamed Industrial Feature,21.7304063,82.2137084,industrial
GMR Chhattisgarh Energy Limited,21.4513572,81.8572654,industrial
Binjkote Power Station,22.013822,83.2045015,industrial
Hindalco Flat Rolled Products,21.5221658,83.9020157,industrial
Unnamed Industrial Feature,21.4890612,83.9907562,factory
Hemgir Coal Washery,21.893126,83.7232532,industrial
Unnamed Industrial Feature,19.2942315,84.79957,industrial
Unnamed Industrial Feature,19.3017794,84.8153816,industrial
Sahajbahal Jharsuguda Ind-Barath Power Plant,21.664922,83.9229431,industrial
Angul power station,21.1310415,84.9904421,industrial
LARA Super Thermal Power Station,21.7564706,83.4491144,industrial
Unnamed Industrial Feature,21.2954413,81.614644,industrial
Unnamed Industrial Feature,21.2934505,81.5958155,industrial
Unnamed Industrial Feature,21.3201512,81.5814819,industrial
Unnamed Industrial Feature,21.3099895,81.5908448,industrial
Unnamed Industrial Feature,21.2800297,81.5792002,industrial
Unnamed Industrial Feature,20.8475111,81.722972,industrial
Unnamed Industrial Feature,20.8379136,81.7211367,industrial
Unnamed Industrial Feature,20.8437704,81.7171682,industrial
TATA Steel,20.9710485,86.0097568,industrial
Unnamed Industrial Feature,20.9369899,86.1672038,industrial
Unnamed Industrial Feature,20.9371854,86.1671908,industrial
Unnamed Industrial Feature,20.9515199,86.1367248,industrial
Unnamed Industrial Feature,20.9380329,86.1621436,industrial
Unnamed Industrial Feature,21.7357181,84.054842,industrial
Unnamed Industrial Feature,18.2832236,84.0466593,industrial
Unnamed Industrial Feature,18.2791874,84.0584255,industrial
Unnamed Industrial Feature,18.2997623,84.0059458,industrial
Unnamed Industrial Feature,18.3750133,83.9979906,industrial
Unnamed Industrial Feature,18.2673005,83.9180755,industrial
Unnamed Industrial Feature,18.2919369,83.9479039,industrial
Unnamed Industrial Feature,18.3234937,83.9561534,industrial
Unnamed Industrial Feature,18.2658811,83.91709,industrial
Unnamed Industrial Feature,18.2941632,83.945555,industrial
Unnamed Industrial Feature,18.3356501,84.0846034,industrial
Unnamed Industrial Feature,18.2970378,83.9643056,industrial
Unnamed Industrial Feature,18.2899808,83.9463975,industrial
Unnamed Industrial Feature,18.2907769,83.9482649,industrial
Unnamed Industrial Feature,18.2520602,83.9324857,industrial
Unnamed Industrial Feature,18.1286627,83.6403448,industrial
Aurobindo Pharma,18.1360051,83.6236054,industrial
Unnamed Industrial Feature,18.1491744,83.6110982,industrial
Unnamed Industrial Feature,18.5401934,84.2955963,industrial
Unnamed Industrial Feature,20.7308685,83.4537773,industrial
Unnamed Industrial Feature,20.7327383,83.4636869,industrial
Meramandali Power Station,20.8066389,85.2536075,industrial
Kamalanga Thermal Power Plant,20.8652362,85.2653241,industrial
Unnamed Industrial Feature,18.3714186,83.8552476,industrial
Unnamed Industrial Feature,22.3996404,82.7323771,aluminium_smelting
Unnamed Industrial Feature,22.400316,82.7321685,aluminium_smelting
Unnamed Industrial Feature,22.0212432,83.3032075,industrial
Unnamed Industrial Feature,22.0292711,83.3108356,industrial
Bhandhakhar Power Station,22.3419078,82.433786,industrial
Balco - III,22.3976326,82.7403829,industrial
Balco-II Power Station,22.3935587,82.7435708,industrial
Balco-I Captive Power Plant,22.3945873,82.67395,industrial
Kasaipalli Power Station,22.38715,82.55243,industrial
Ratija Power Project,22.3405148,82.4955104,industrial
S V Power Private Limited Renki,22.2953082,82.527652,industrial
Unnamed Industrial Feature,21.225638,81.3987777,industrial
Raipur Diesel Locomotive Shed,21.2766103,81.6500151,industrial
Raipur Wagon Repairs,21.2891943,81.662196,industrial
JK Lakshmi Cement Ltd.,21.3728817,81.4493775,industrial
Unnamed Industrial Feature,21.3664824,81.4448843,industrial
Unnamed Industrial Feature,21.2417332,81.5103361,industrial
Unnamed Industrial Feature,21.1471257,82.0301142,industrial
Kedia Castle Dellon Distilleries Ltd,21.2783753,81.5319855,industrial
UMSL Odisha,20.531359,85.9148885,industrial
"Laxmipathi Balaji Sugar & Distilleries Private Limited Unit -1, Sunapala",20.4090264,85.3212345,industrial
Unnamed Industrial Feature,19.0110753,81.8279184,industrial
Cargill Foods Industry,20.2860348,86.6396948,industrial
IOCL Oil Refinery / Petrochemical Plant,20.2615124,86.6047767,industrial
Hindustan Petroleum Corporation Limited,20.2836219,86.6220628,refinery
IOCL Terminal,20.2858011,86.6270373,refinery
COSTAL GOLD,17.8351762,83.3583469,industrial
Odisha Government Press,20.4435245,85.8973157,industrial
Unnamed Industrial Feature,20.3112497,86.6452217,industrial
Unnamed Industrial Feature,19.2704452,84.7780998,industrial
Unnamed Industrial Feature,19.2699917,84.7778625,industrial
Unnamed Industrial Feature,19.2737913,84.7808386,industrial
Unnamed Industrial Feature,19.2714456,84.7796451,industrial
Sleeper Plant,19.1736566,83.405434,industrial
Railway Water Plant,19.1753522,83.4075175,water purification
Unnamed Industrial Feature,19.7127275,83.3977733,industrial
Unnamed Industrial Feature,19.2976497,84.8005579,industrial
Unnamed Industrial Feature,19.2536386,84.7291005,industrial
Unnamed Industrial Feature,22.3864867,82.5962743,industrial
Wood Depot,18.6729612,83.9500418,industrial
Unnamed Industrial Feature,21.7854173,83.885761,industrial
Jharsuguda CPP Power Station,21.7871532,84.055519,industrial
Vedanta Aluminium,21.8044683,84.0478007,industrial
HINDALCO Industries Ltd. - Smelter,21.5325836,83.9067367,industrial
MSP Steel,21.8572368,83.9663172,industrial
Unnamed Industrial Feature,22.2104521,84.5948885,industrial
Unnamed Industrial Feature,20.2494513,86.5997636,cooling
Unnamed Industrial Feature,20.2547212,86.5840164,industrial
Unnamed Industrial Feature,20.2545821,86.5839082,industrial
Unnamed Industrial Feature,20.2608604,86.6713854,industrial
Divi’s Laboratories Limited,17.9404251,83.4786134,industrial
Unnamed Industrial Feature,21.5439719,81.9499715,industrial
Unnamed Industrial Feature,21.5762571,82.0218141,industrial
Unnamed Industrial Feature,20.7109972,83.2515351,industrial
Khorda Industrial Area,20.173553,85.6456094,factory
Unnamed Industrial Feature,20.1736439,85.6340727,industrial
Unnamed Industrial Feature,18.781138,84.0933548,industrial
mow  mowamart timbertimbrr Haryanaharyanshri shri haryahary shri,21.2652898,81.664244,industrial
Unnamed Industrial Feature,21.3110213,81.6396325,industrial
Unnamed Industrial Feature,21.488015,86.8830287,industrial
Unnamed Industrial Feature,21.3990232,81.8519425,industrial
Unnamed Industrial Feature,22.0907598,82.6610362,industrial
Unnamed Industrial Feature,22.0903124,82.6573402,industrial
Unnamed Industrial Feature,22.449983,82.6505005,industrial
Unnamed Industrial Feature,21.9983308,82.5179994,industrial
Arasmeta Cement Plant,21.9690218,82.3509246,industrial
KSK Energy Ventures Pvt Ltd,21.9627627,82.3551597,industrial
Unnamed Industrial Feature,22.0011011,82.4090051,industrial
Unnamed Industrial Feature,21.7893745,82.2360071,industrial
Unnamed Industrial Feature,21.9738225,83.143394,industrial
Unnamed Industrial Feature,21.3742607,81.6491139,industrial
Unnamed Industrial Feature,21.3618199,81.6882987,industrial
Jayaswal Neco,21.3526592,81.6720199,industrial
Unnamed Industrial Feature,21.229307,81.7535001,industrial
Unnamed Industrial Feature,21.8783554,83.555156,industrial
Unnamed Industrial Feature,21.8773797,83.5480857,industrial
Unnamed Industrial Feature,20.3025848,85.8534739,industrial
Unnamed Industrial Feature,20.3071631,85.8517412,industrial
Unnamed Industrial Feature,20.3168725,85.8504671,industrial
Unnamed Industrial Feature,20.2997868,85.8576232,industrial
Unnamed Industrial Feature,20.3071522,85.857355,industrial
Unnamed Industrial Feature,20.8965253,84.9791898,industrial
Angul Steel Plant,20.8753652,84.9872383,industrial
Unnamed Industrial Feature,22.3407032,87.2588628,industrial
Unnamed Industrial Feature,22.3596211,87.2835767,industrial
Unnamed Industrial Feature,22.3585891,87.2854757,industrial
Unnamed Industrial Feature,22.3652876,87.356565,industrial
Unnamed Industrial Feature,20.4744386,85.7505186,industrial
Bhubaneshwar Jasper Power Plant,20.4789666,85.7476325,industrial
Unnamed Industrial Feature,20.5163583,85.7235825,industrial
Unnamed Industrial Feature,22.2224365,84.7573784,industrial
Unnamed Industrial Feature,21.5599394,81.7961954,industrial
Unnamed Industrial Feature,21.5238287,81.8093759,industrial
Unnamed Industrial Feature,20.253073,86.5969621,cooling
Unnamed Industrial Feature,21.2367224,81.5799933,industrial
Unnamed Industrial Feature,21.3509884,81.688368,industrial
Unnamed Industrial Feature,21.3345674,81.7071569,industrial
Unnamed Industrial Feature,21.3396541,81.6939658,industrial
Unnamed Industrial Feature,21.3498667,81.693719,industrial
Unnamed Industrial Feature,21.347521,81.6532321,industrial
Ronak Spinning Mills Ltd.,24.5486328,89.4560586,factory
"City Cow Market,Rajshahi Bypass, Rajshahi",24.409782,88.5915797,slaughterhouse
Unnamed Industrial Feature,26.0997942,88.6729429,brickyard
Unnamed Industrial Feature,26.0999018,88.6729126,brickyard
Unnamed Industrial Feature,26.0998904,88.6728492,brickyard
Unnamed Industrial Feature,26.0997829,88.6728795,brickyard
Unnamed Industrial Feature,26.0997734,88.672838,brickyard
Unnamed Industrial Feature,26.0998809,88.6728077,brickyard
Unnamed Industrial Feature,26.0995206,88.672021,brickyard
Unnamed Industrial Feature,26.0995427,88.6721278,brickyard
Unnamed Industrial Feature,26.0995888,88.672116,brickyard
Unnamed Industrial Feature,26.0995668,88.6720092,brickyard
Unnamed Industrial Feature,26.0997817,88.6728875,brickyard
Unnamed Industrial Feature,26.0998892,88.6728572,brickyard
Unnamed Industrial Feature,26.0996085,88.6727587,brickyard
Unnamed Industrial Feature,26.0996163,88.6727987,brickyard
Unnamed Industrial Feature,26.0996229,88.6727971,brickyard
Unnamed Industrial Feature,26.0996151,88.6727571,brickyard
Unnamed Industrial Feature,26.0995386,88.6723822,brickyard
Unnamed Industrial Feature,26.0995452,88.6724165,brickyard
Unnamed Industrial Feature,26.0995531,88.6724146,brickyard
Unnamed Industrial Feature,26.0995465,88.6723803,brickyard
Unnamed Industrial Feature,26.0995294,88.6723618,brickyard
Unnamed Industrial Feature,26.0995115,88.6722703,brickyard
Unnamed Industrial Feature,26.0994961,88.6722741,brickyard
Unnamed Industrial Feature,26.0995139,88.6723655,brickyard
Unnamed Industrial Feature,26.0995417,88.6724462,brickyard
Unnamed Industrial Feature,26.099532,88.6723964,brickyard
Unnamed Industrial Feature,26.0995163,88.6724002,brickyard
Unnamed Industrial Feature,26.099526,88.67245,brickyard
Unnamed Industrial Feature,26.0996043,88.6727772,brickyard
Unnamed Industrial Feature,26.0995465,88.6724809,brickyard
Unnamed Industrial Feature,26.0995296,88.672485,brickyard
Unnamed Industrial Feature,26.0995874,88.6727813,brickyard
Unnamed Industrial Feature,26.0996394,88.6729598,brickyard
Unnamed Industrial Feature,26.0996103,88.6728108,brickyard
Unnamed Industrial Feature,26.0995944,88.6728146,brickyard
Unnamed Industrial Feature,26.0996235,88.6729637,brickyard
Unnamed Industrial Feature,26.099467,88.6729724,brickyard
Unnamed Industrial Feature,26.0994345,88.6729802,brickyard
Unnamed Industrial Feature,26.0994219,88.6729155,brickyard
Unnamed Industrial Feature,26.099472,88.6729981,brickyard
Unnamed Industrial Feature,26.0994232,88.6730099,brickyard
Unnamed Industrial Feature,26.0994055,88.6729194,brickyard
Unnamed Industrial Feature,26.0994035,88.6728246,brickyard
Unnamed Industrial Feature,26.0994176,88.6728966,brickyard
Unnamed Industrial Feature,26.0994027,88.6729002,brickyard
Unnamed Industrial Feature,26.0993887,88.6728282,brickyard
Unnamed Industrial Feature,26.0993896,88.6727335,brickyard
Unnamed Industrial Feature,26.0994031,88.6728027,brickyard
Unnamed Industrial Feature,26.0993829,88.6728076,brickyard
Unnamed Industrial Feature,26.0993694,88.6727384,brickyard
Unnamed Industrial Feature,26.0993753,88.6726603,brickyard
Unnamed Industrial Feature,26.0993851,88.6727102,brickyard
Unnamed Industrial Feature,26.0993671,88.6727146,brickyard
Unnamed Industrial Feature,26.0993574,88.6726646,brickyard
Unnamed Industrial Feature,26.0993398,88.672489,brickyard
Unnamed Industrial Feature,26.0993519,88.6725507,brickyard
Unnamed Industrial Feature,26.0993357,88.6725546,brickyard
Unnamed Industrial Feature,26.0993236,88.6724929,brickyard
Unnamed Industrial Feature,26.0993213,88.6723982,brickyard
Unnamed Industrial Feature,26.0993334,88.6724653,brickyard
Unnamed Industrial Feature,26.0993176,88.6724688,brickyard
Unnamed Industrial Feature,26.0993056,88.6724018,brickyard
Unnamed Industrial Feature,26.0993066,88.6723118,brickyard
Unnamed Industrial Feature,26.0993186,88.6723762,brickyard
Unnamed Industrial Feature,26.0993008,88.6723803,brickyard
Unnamed Industrial Feature,26.0992887,88.6723159,brickyard
Unnamed Industrial Feature,26.0994404,88.6723234,brickyard
Unnamed Industrial Feature,26.0994669,88.6724871,brickyard
Unnamed Industrial Feature,26.0994308,88.6724943,brickyard
Unnamed Industrial Feature,26.0994043,88.6723307,brickyard
Unnamed Industrial Feature,26.0994513,88.6725882,brickyard
Unnamed Industrial Feature,26.0999306,88.6728859,brickyard
Unnamed Industrial Feature,25.6795033,89.8539886,mine
গোপালপুর পশুর হাট,24.2110072,89.0063329,slaughterhouse
Unnamed Industrial Feature,26.6940712,86.3705669,factory
গরু হাঁট (Cow Market),26.1946129,88.5588274,slaughterhouse
Barauni Oil Refinery,25.4313603,86.0601055,refinery
Unnamed Industrial Feature,25.4464959,86.0061826,industrial
Unnamed Industrial Feature,22.586089,88.3502544,industrial
Unnamed Industrial Feature,22.5904004,88.3508833,industrial
Unnamed Industrial Feature,22.5772255,88.3470166,industrial
Unnamed Industrial Feature,22.5822453,88.3484742,industrial
Unnamed Industrial Feature,22.593099,88.353082,industrial
Unnamed Industrial Feature,22.5659943,88.3294075,industrial
Unnamed Industrial Feature,22.606815,88.3672873,industrial
Unnamed Industrial Feature,22.5744364,88.3762147,industrial
Unnamed Industrial Feature,22.5671027,88.3800523,industrial
Unnamed Industrial Feature,22.5665281,88.3762749,industrial
Unnamed Industrial Feature,22.561718,88.375976,industrial
Unnamed Industrial Feature,22.5617352,88.382373,industrial
Unnamed Industrial Feature,22.5613983,88.380837,industrial
Unnamed Industrial Feature,22.5597488,88.3822385,industrial
Unnamed Industrial Feature,22.5609848,88.379699,industrial
Unnamed Industrial Feature,22.5579109,88.3807987,industrial
Unnamed Industrial Feature,22.5555505,88.3807029,industrial
Unnamed Industrial Feature,22.5435289,88.3733627,industrial
Unnamed Industrial Feature,22.5538215,88.3788997,industrial
Unnamed Industrial Feature,22.5633231,88.3836955,industrial
Unnamed Industrial Feature,22.5678531,88.3818183,industrial
Unnamed Industrial Feature,22.5657156,88.3851249,industrial
Unnamed Industrial Feature,22.5741637,88.3809785,industrial
Unnamed Industrial Feature,22.5733545,88.3777867,industrial
Unnamed Industrial Feature,22.5811683,88.382118,industrial
Unnamed Industrial Feature,22.5803928,88.3797177,industrial
Unnamed Industrial Feature,22.5795433,88.3826842,industrial
Unnamed Industrial Feature,22.5780424,88.3805062,industrial
Unnamed Industrial Feature,22.575618,88.3834808,industrial
Unnamed Industrial Feature,22.578694,88.3823274,industrial
Unnamed Industrial Feature,22.584993,88.3800422,industrial
Unnamed Industrial Feature,22.5835838,88.3813363,industrial
Unnamed Industrial Feature,22.5870324,88.3819855,industrial
Unnamed Industrial Feature,22.5818635,88.386674,industrial
Unnamed Industrial Feature,22.5826879,88.3876394,industrial
Unnamed Industrial Feature,22.5837257,88.3873841,industrial
Unnamed Industrial Feature,22.5824892,88.3860987,industrial
Unnamed Industrial Feature,22.5830872,88.3870602,industrial
Unnamed Industrial Feature,22.5835715,88.3860424,industrial
Unnamed Industrial Feature,22.5848779,88.3884857,industrial
Unnamed Industrial Feature,22.5881841,88.3892583,industrial
Unnamed Industrial Feature,22.5868627,88.3872856,industrial
Unnamed Industrial Feature,22.5872132,88.3877201,industrial
Unnamed Industrial Feature,22.5866399,88.3877131,industrial
Unnamed Industrial Feature,22.589869,88.3859097,industrial
Unnamed Industrial Feature,22.5909748,88.3817106,industrial
Unnamed Industrial Feature,22.5897416,88.3814558,industrial
Unnamed Industrial Feature,22.593372,88.3817643,industrial
Unnamed Industrial Feature,22.5905997,88.3877012,industrial
Unnamed Industrial Feature,22.5920966,88.3877098,industrial
Unnamed Industrial Feature,22.591931,88.3887592,industrial
Unnamed Industrial Feature,22.5958123,88.3808873,industrial
Unnamed Industrial Feature,22.5987729,88.3842104,industrial
Unnamed Industrial Feature,22.5973244,88.3805279,industrial
Unnamed Industrial Feature,22.5988719,88.3825207,industrial
Unnamed Industrial Feature,22.599647,88.3814854,industrial
Unnamed Industrial Feature,22.5971856,88.3843794,industrial
Unnamed Industrial Feature,22.5977229,88.3852108,industrial
Unnamed Industrial Feature,22.5976832,88.3867344,industrial
Unnamed Industrial Feature,22.5963436,88.3865454,industrial
Unnamed Industrial Feature,22.5950708,88.3839061,industrial
Unnamed Industrial Feature,22.5944691,88.3863375,industrial
Unnamed Industrial Feature,22.5948999,88.3884886,industrial
Unnamed Industrial Feature,22.5966308,88.3884645,industrial
Unnamed Industrial Feature,22.5952559,88.3901058,industrial
Unnamed Industrial Feature,22.6027445,88.3780684,industrial
Unnamed Industrial Feature,22.6036236,88.3803134,industrial
Unnamed Industrial Feature,22.6024796,88.3800667,industrial
Unnamed Industrial Feature,22.6041053,88.3767298,industrial
Unnamed Industrial Feature,22.6050756,88.3754876,industrial
Unnamed Industrial Feature,22.6077599,88.3713206,industrial
Unnamed Industrial Feature,22.6083999,88.3689284,industrial
Unnamed Industrial Feature,22.6078602,88.3744215,industrial
Unnamed Industrial Feature,22.6113034,88.3701969,industrial
Unnamed Industrial Feature,22.6096138,88.3734644,industrial
Unnamed Industrial Feature,22.6184161,88.3709575,industrial
Unnamed Industrial Feature,22.6139579,88.3705258,industrial
Unnamed Industrial Feature,22.616113,88.370983,industrial
Unnamed Industrial Feature,22.621592,88.3701798,industrial
Unnamed Industrial Feature,22.6241719,88.3707537,industrial
Unnamed Industrial Feature,22.6254395,88.36849,industrial
Unnamed Industrial Feature,22.6243778,88.3685924,industrial
Unnamed Industrial Feature,22.6273287,88.3670901,industrial
Unnamed Industrial Feature,22.6230553,88.3738999,industrial
Unnamed Industrial Feature,22.5287194,88.3725453,industrial
Unnamed Industrial Feature,22.5258811,88.3720877,factory
Powergrid,26.6756993,88.4195711,industrial
Unnamed Industrial Feature,22.5278918,88.3744679,industrial
Unnamed Industrial Feature,22.5249765,88.3741989,industrial
Unnamed Industrial Feature,22.5254651,88.3734668,industrial
Unnamed Industrial Feature,22.5259867,88.3756144,industrial
Unnamed Industrial Feature,22.5270506,88.3746217,industrial
Unnamed Industrial Feature,22.5272415,88.3744959,industrial
Unnamed Industrial Feature,22.5261682,88.3769888,industrial
Unnamed Industrial Feature,22.525415,88.3763193,industrial
Unnamed Industrial Feature,22.5234594,88.3762069,industrial
Unnamed Industrial Feature,22.5199662,88.3760045,industrial
Unnamed Industrial Feature,22.5211355,88.3730465,industrial
Unnamed Industrial Feature,22.5240816,88.3755243,industrial
Unnamed Industrial Feature,22.523821,88.3735375,industrial
Unnamed Industrial Feature,22.5206775,88.3883593,industrial
Unnamed Industrial Feature,22.5199835,88.3888002,industrial
Unnamed Industrial Feature,22.5210248,88.3864413,industrial
Unnamed Industrial Feature,22.5200273,88.3856066,industrial
Unnamed Industrial Feature,22.5136349,88.3903313,industrial
Unnamed Industrial Feature,22.5156139,88.3814639,industrial
Unnamed Industrial Feature,22.5172218,88.3832843,industrial
Unnamed Industrial Feature,22.5157645,88.3802718,industrial
Unnamed Industrial Feature,22.5201662,88.3733328,industrial
Unnamed Industrial Feature,22.5171602,88.3784606,industrial
Unnamed Industrial Feature,22.5200558,88.3729467,industrial
Unnamed Industrial Feature,22.5195602,88.372535,industrial
Unnamed Industrial Feature,22.5175891,88.3728202,industrial
Unnamed Industrial Feature,22.5184034,88.3727526,industrial
Unnamed Industrial Feature,22.5155466,88.3744236,industrial
Unnamed Industrial Feature,22.5166652,88.3732206,industrial
Unnamed Industrial Feature,22.5164568,88.3722181,industrial
Unnamed Industrial Feature,22.5158689,88.3724161,industrial
Unnamed Industrial Feature,22.5149863,88.3724347,industrial
Unnamed Industrial Feature,22.5150456,88.3741481,industrial
Unnamed Industrial Feature,22.5150518,88.3732275,industrial
Unnamed Industrial Feature,22.5151113,88.3737572,industrial
Unnamed Industrial Feature,22.5249825,88.3673223,industrial
Unnamed Industrial Feature,22.5240424,88.3712936,factory
Unnamed Industrial Feature,22.5209107,88.3704306,industrial
Unnamed Industrial Feature,22.50732,88.363948,industrial
Unnamed Industrial Feature,22.5059769,88.3539683,industrial
Unnamed Industrial Feature,22.5007814,88.3497647,industrial
Unnamed Industrial Feature,22.5004697,88.348736,industrial
Unnamed Industrial Feature,22.4962286,88.3496421,industrial
Unnamed Industrial Feature,22.4977822,88.374144,industrial
Unnamed Industrial Feature,22.5138653,88.3803025,industrial
Unnamed Industrial Feature,22.51362,88.3785792,industrial
Unnamed Industrial Feature,22.5108584,88.3798829,industrial
Unnamed Industrial Feature,22.5050872,88.3837356,industrial
Unnamed Industrial Feature,22.5112462,88.3820486,industrial
Unnamed Industrial Feature,22.4968775,88.3600723,industrial
Unnamed Industrial Feature,22.4991633,88.3579232,industrial
Unnamed Industrial Feature,22.4983008,88.3579855,industrial
Unnamed Industrial Feature,22.4979358,88.3582132,industrial
Unnamed Industrial Feature,22.4975207,88.3593772,industrial
Unnamed Industrial Feature,22.4976404,88.3638967,industrial
Unnamed Industrial Feature,22.4998637,88.3657672,industrial
Unnamed Industrial Feature,22.4986964,88.3666204,industrial
Unnamed Industrial Feature,22.4991613,88.3676048,industrial
Unnamed Industrial Feature,22.4994312,88.366934,industrial
Unnamed Industrial Feature,22.4937272,88.3659822,industrial
Unnamed Industrial Feature,22.4925968,88.3469089,industrial
Unnamed Industrial Feature,22.4954396,88.3705659,industrial
Unnamed Industrial Feature,22.4905849,88.3477659,industrial
Unnamed Industrial Feature,22.4880387,88.3463698,industrial
Unnamed Industrial Feature,22.4821514,88.3454953,industrial
Unnamed Industrial Feature,22.4834236,88.3464341,industrial
Unnamed Industrial Feature,22.4860343,88.3452969,industrial
Technician's Studio,22.4893713,88.3443203,industrial
Unnamed Industrial Feature,22.4900086,88.3445455,industrial
Unnamed Industrial Feature,22.4814234,88.3514674,industrial
Unnamed Industrial Feature,22.5035131,88.3518397,industrial
Unnamed Industrial Feature,22.5028107,88.3495262,industrial
Unnamed Industrial Feature,22.5018889,88.3516269,industrial
Unnamed Industrial Feature,22.5026008,88.3479188,industrial
Unnamed Industrial Feature,22.5015712,88.3474883,industrial
Unnamed Industrial Feature,22.5066639,88.3462036,industrial
Unnamed Industrial Feature,22.504147,88.3508419,industrial
Unnamed Industrial Feature,22.5038657,88.35028,industrial
Unnamed Industrial Feature,22.50541,88.3512205,industrial
Unnamed Industrial Feature,22.5244075,88.3589226,industrial
Unnamed Industrial Feature,22.5232236,88.3570345,industrial
Unnamed Industrial Feature,22.5209119,88.3575948,industrial
Anchor Electricas Pvt Ltd,23.2395798,69.7914933,business
GT Agro Industries,23.7976885,72.3785588,industrial
GujkoMasol Unava,23.7771938,72.3711615,industrial
Gokulesh Gau Shala,21.5198623,70.4410661,slaughterhouse
Radheshyam Sarvajanik Gaushala,22.2327932,70.7889781,slaughterhouse
Nizampura Bus Depot,22.3397121,73.1788653,depot
Unnamed Industrial Feature,22.2512632,73.1876496,industrial
Unnamed Industrial Feature,22.2655401,73.2164843,industrial
Unnamed Industrial Feature,22.5314648,72.9230563,industrial
Unnamed Industrial Feature,22.5417671,72.9371011,industrial
Unnamed Industrial Feature,22.5430261,72.9476717,industrial
Nirma Lab Plant,22.4631937,73.2394201,industrial
Gujarat Refinery,22.3793084,73.118723,refinery
Unnamed Industrial Feature,22.3959396,73.1170064,chemical
Unnamed Industrial Feature,22.395781,73.1988956,industrial
Unnamed Industrial Feature,22.8233134,72.60051,industrial
AMGEN,23.071342,72.5933046,industrial
Indu Nissan Oxo Chemical Industries Ltd.,22.3671845,73.1480804,industrial
Gujarat State Fertilizers & Chemicals Ltd.,22.3730497,73.1523505,industrial
Unnamed Industrial Feature,22.3325483,73.1645903,industrial
Unnamed Industrial Feature,23.2276004,72.5095193,industrial
TATA Chemicals,22.408036,69.0115032,chemical
TATA Chemicals,22.4002472,69.0192397,industrial
Reliance Refinery,22.3367861,69.8665828,refinery
Amul Dairy - Kaira Cooperative,22.5526719,72.9714947,industrial
Food Corporation of India,20.2589416,74.4520059,industrial
Unnamed Industrial Feature,23.1167601,70.075494,industrial
Unnamed Industrial Feature,20.3525412,72.9178744,industrial
Vapi spectro chemicals private limited.,20.3544613,72.9133443,industrial
Unnamed Industrial Feature,20.2865248,72.9931118,industrial
Unnamed Industrial Feature,20.2455825,73.007469,industrial
Unnamed Industrial Feature,21.1583023,72.6676834,industrial
ArcelorMittal Nippon Steel India,21.1098624,72.6437334,industrial
Unnamed Industrial Feature,21.1655699,72.7053226,industrial
OIl & Natural Gas Corporation,21.1598137,72.7317118,industrial
L&T,21.160087,72.6559164,industrial
ICD Khodiyar depot,23.1652911,72.5493189,industrial
Wanakbori Thermal Power Station,22.8730665,73.361373,industrial
Bhavnagar Port,21.759575,72.2328677,industrial
Unnamed Industrial Feature,21.7962873,72.1505542,industrial
Unnamed Industrial Feature,21.6843335,72.535594,industrial
Unnamed Industrial Feature,21.6911229,72.6195635,industrial
Reliance Industries Ltd. Dahej Plant,21.6828255,72.5724389,industrial
Unnamed Industrial Feature,21.6938763,72.5429055,industrial
Unnamed Industrial Feature,20.9043249,70.3895798,industrial
Unnamed Industrial Feature,23.0290305,73.0863513,industrial
Unnamed Industrial Feature,20.9070498,70.3723021,industrial
Unnamed Industrial Feature,22.2783315,73.2174668,industrial
Shell Energy India Private Limited,21.0972812,72.6214717,oil
Okha Port,22.4724457,69.0813046,industrial
Unnamed Industrial Feature,22.4696808,69.0735094,industrial
Unnamed Industrial Feature,22.4759327,69.0693886,industrial
Cement Factory,23.8150196,68.7995071,industrial
Sanghi Cement,23.497986,68.5804239,industrial
Sanghi Cement,23.384056,68.5692048,industrial
Kutch Lignite Thermal Power Station,23.6618438,68.7802014,industrial
Unnamed Industrial Feature,23.4268308,68.5775097,industrial
Sanghipuram Cement power station,23.3997913,68.5703247,industrial
Waghoda GIDC,22.296843,73.3809639,industrial
Saurashtra chemicals PVT LTD,21.6269563,69.6251764,industrial
Unnamed Industrial Feature,21.4772855,70.3725347,industrial
Unnamed Industrial Feature,22.9730544,72.5594105,industrial
Unnamed Industrial Feature,22.23932,72.7567933,industrial
Unnamed Industrial Feature,20.4431235,72.8606895,industrial
Unnamed Industrial Feature,20.4145306,72.8932541,industrial
Unnamed Industrial Feature,20.4487235,72.875168,industrial
Unnamed Industrial Feature,20.3790333,73.0104133,industrial
Unnamed Industrial Feature,20.3660497,72.884194,industrial
Unnamed Industrial Feature,20.2953232,72.8487844,industrial
Sutlej Textiles and Industries,20.2603845,72.8559419,industrial
Unnamed Industrial Feature,20.2454333,72.8617556,industrial
Unnamed Industrial Feature,20.2613279,72.8735717,industrial
Unnamed Industrial Feature,20.2903968,72.8944595,industrial
Unnamed Industrial Feature,20.3250212,72.9675654,industrial
Unnamed Industrial Feature,20.2904433,73.0193244,industrial
Unnamed Industrial Feature,20.2549042,73.0153482,industrial
Akrimota Thermal Power Station,23.7719988,68.6450812,industrial
GIDC,21.1372586,72.8440838,industrial
Unnamed Industrial Feature,21.0943482,72.9723082,industrial
GIDC,21.0920935,72.8580916,industrial
Unnamed Industrial Feature,21.0818748,72.9026952,industrial
Unnamed Industrial Feature,20.9441792,72.9102308,industrial
Unnamed Industrial Feature,22.8291294,69.354301,industrial
Unnamed Industrial Feature,22.4279163,69.8595694,industrial
Unnamed Industrial Feature,22.3899992,69.8578366,industrial
Bhuj Sector 220,23.2403028,69.7923065,industrial
Bhuj Sector 231,23.2285397,69.7643146,industrial
Unnamed Industrial Feature,21.6865696,72.1909263,industrial
Unnamed Industrial Feature,23.2023744,69.743579,industrial
Bhuj Sector 237,23.2228137,69.7581641,industrial
Bhuj Sector 282,23.255615,69.6904798,industrial
Unnamed Industrial Feature,22.5373517,73.4444393,industrial
Kandla Special Economic Zone,23.0242325,70.1311321,industrial
Kandla Special Economic Zone,23.0342514,70.1247653,industrial
Unnamed Industrial Feature,23.0624138,70.1373207,industrial
Unnamed Industrial Feature,23.0497725,70.137616,industrial
Unnamed Industrial Feature,23.0771216,70.144294,industrial
Unnamed Industrial Feature,22.3884591,70.7957133,industrial
Unnamed Industrial Feature,23.0827786,70.1111401,industrial
Unnamed Industrial Feature,23.0730836,70.0701586,industrial
Unnamed Industrial Feature,23.0696967,70.0683086,industrial
Unnamed Industrial Feature,23.0708848,70.0645061,industrial
Unnamed Industrial Feature,23.0702739,70.1599625,industrial
Unnamed Industrial Feature,23.0136704,70.1037037,industrial
Unnamed Industrial Feature,23.0162337,70.0812424,industrial
Unnamed Industrial Feature,23.0723612,70.1577961,industrial
Unnamed Industrial Feature,23.0439374,70.1433269,industrial
Unnamed Industrial Feature,23.0397644,70.142499,industrial
Unnamed Industrial Feature,23.0399221,70.1810395,industrial
Unnamed Industrial Feature,23.030048,70.1987591,industrial
Unnamed Industrial Feature,23.0319846,70.194821,industrial
Unnamed Industrial Feature,23.0094066,70.212795,industrial
Unnamed Industrial Feature,23.0131351,70.2079552,industrial
Unnamed Industrial Feature,23.0146351,70.2089112,industrial
Unnamed Industrial Feature,23.0297618,70.219117,industrial
Unnamed Industrial Feature,23.0151095,70.2165622,industrial
Unnamed Industrial Feature,23.0304917,70.2105366,industrial
Unnamed Industrial Feature,23.0215655,70.2157179,industrial
Unnamed Industrial Feature,23.0281448,70.205112,industrial
Unnamed Industrial Feature,23.030036,70.2158692,industrial
Unnamed Industrial Feature,23.0015093,70.2182157,port
Unnamed Industrial Feature,23.0282749,70.2192797,industrial
Unnamed Industrial Feature,23.0274572,70.2154264,industrial
Unnamed Industrial Feature,23.0338506,70.2035365,industrial
Unnamed Industrial Feature,23.009993,70.2206441,industrial
Unnamed Industrial Feature,22.9981698,70.2096609,industrial
Unnamed Industrial Feature,23.0091656,70.2159058,industrial
Unnamed Industrial Feature,23.0295707,70.1884613,industrial
GSRTC Depot,23.2451459,69.6532835,industrial
Manek Minerals,23.2281051,69.7376104,industrial
Unnamed Industrial Feature,23.2348184,69.7992891,industrial
Unnamed Industrial Feature,23.2234455,69.7386036,industrial
Bhuj Sector 290,23.2517689,69.6903778,industrial
Kakrapar Atomic Power Station,21.234989,73.3535557,industrial
Unnamed Industrial Feature,21.7595804,72.0981468,industrial
Unnamed Industrial Feature,21.6834736,72.2815349,industrial
ABG Shipyard Ltd,21.6685282,72.5692035,industrial
Unnamed Industrial Feature,21.7052044,72.6220261,industrial
Dahej Special Economic Zone,21.7063401,72.5979862,industrial
Bhuj Sector 230,23.2293261,69.7741269,industrial
Bhuj Sector 233,23.2339838,69.7718931,industrial
Unnamed Industrial Feature,23.1773213,70.1689991,industrial
Unnamed Industrial Feature,23.1819033,70.1742841,industrial
Unnamed Industrial Feature,23.1870197,70.1816736,industrial
Kawas Thermal Power Station,21.1705989,72.6867824,industrial
Surat Lignite Power Plant,21.394715,73.106921,industrial
Ukai Thermal Power Station,21.2101276,73.5555302,industrial
Nirma ltd,23.4458153,72.3988803,industrial
SUGEN Mega Power Plant,21.342135,72.9871045,industrial
Unnamed Industrial Feature,21.3360583,72.9922296,industrial
Unnamed Industrial Feature,21.325059,72.990705,industrial
Unnamed Industrial Feature,21.4126948,73.0735777,industrial
Utran Gas Based Power Station,21.2304892,72.8714696,industrial
Eliokem Valia Plant,21.5430853,73.1257265,industrial
Godrej Valia,21.555921,73.15351,industrial
Petrofils,21.5557528,73.1428341,industrial
Jhagadia Copper Limited,21.661414,73.1387098,industrial
Shriram Alkali & Chemicals,21.6569722,73.1356393,industrial
Gulshan Polyols Ltd.,21.6488761,73.1268742,industrial
J.M. Huber Corporation,21.6511185,73.1457452,industrial
Unnamed Industrial Feature,21.6612131,73.1301259,industrial
Unnamed Industrial Feature,21.6568247,73.1452149,industrial
Unnamed Industrial Feature,21.655249,73.1277092,industrial
Unnamed Industrial Feature,21.6593092,73.1297402,industrial
Unnamed Industrial Feature,21.6521572,73.1265047,industrial
Unnamed Industrial Feature,21.6610574,73.1325518,industrial
Unnamed Industrial Feature,21.6518698,73.1277851,industrial
Unnamed Industrial Feature,21.6542111,73.1293268,industrial
Unnamed Industrial Feature,21.6546233,73.144821,industrial
Lanxess Jhagadia Site,21.6623612,73.1343469,industrial
United Phosphorus Limited,21.6499155,73.1339503,industrial
PepsiCo India Holdings Pvt. Ltd.,21.6210274,73.1253918,industrial
Sejal Float Glass Factory,21.6239931,73.1292792,industrial
Unnamed Industrial Feature,21.6424028,73.1355176,industrial
Unnamed Industrial Feature,21.6675539,73.1385953,industrial
Unnamed Industrial Feature,21.6442688,73.1445989,industrial
Unnamed Industrial Feature,21.6418482,73.1271746,industrial
Unnamed Industrial Feature,21.6383707,73.1450986,industrial
Unnamed Industrial Feature,21.6417255,73.1384034,industrial
Unnamed Industrial Feature,21.6444398,73.1293989,industrial
Unnamed Industrial Feature,21.6673459,73.1422787,industrial
NTPC Jhanor-Gandhar,21.8237105,73.1137436,industrial
Unnamed Industrial Feature,21.8004485,73.3281448,industrial
Unnamed Industrial Feature,21.6979459,73.1289304,industrial
Unnamed Industrial Feature,21.625949,73.1533383,industrial
Wonder Industries,22.7560913,72.3357692,manufacturing
Unnamed Industrial Feature,21.1365981,73.102123,industrial
Depot,21.7038163,72.9970166,industrial
Unnamed Industrial Feature,21.1545975,72.849868,industrial
Unnamed Industrial Feature,21.1481283,73.2574622,industrial
Paguthan GPEC Combined Cycle Power Plant,21.7809175,72.9780674,industrial
Mundra Thermal Powerplant,22.8173404,69.5531807,industrial
Coastal Gujarat Power Ltd,22.819854,69.5188392,industrial
Shree Umiya Industries,22.2480682,73.177419,industrial
Vasudhara Dairy ,20.7876475,73.0657161,industrial
Unnamed Industrial Feature,20.9083657,71.4614828,industrial
Unnamed Industrial Feature,20.7644328,70.6615904,industrial
Gujarat Sidhee Cement,20.8682512,70.5701442,industrial
Unnamed Industrial Feature,20.8691964,71.3999994,industrial
Unnamed Industrial Feature,20.930206,71.4490909,industrial
Unnamed Industrial Feature,24.6578945,73.8772612,industrial
Zawar Mines Captive Power Plant,24.3498795,73.7469768,industrial
Unnamed Industrial Feature,21.195898,72.8494981,industrial
Bus Depot Junagadh,21.522588,70.4558373,depot
Unnamed Industrial Feature,23.2577401,72.4754523,industrial
Unnamed Industrial Feature,23.2373632,72.5107757,industrial
Unnamed Industrial Feature,23.0117608,72.3400929,industrial
Unnamed Industrial Feature,23.2917676,72.3568343,industrial
Unnamed Industrial Feature,23.2680731,72.4619952,industrial
Unnamed Industrial Feature,23.2857263,72.3983501,industrial
Unnamed Industrial Feature,23.0428233,72.2576472,industrial
Unnamed Industrial Feature,23.2567016,72.344989,industrial
Unnamed Industrial Feature,23.307894,72.4363995,industrial
Unnamed Industrial Feature,22.9918558,71.4833346,industrial
Essar Refinery,22.3822124,69.7189431,refinery
Vadinar Refinery,22.3297269,69.744362,oil
Unnamed Industrial Feature,22.441339,69.6762947,industrial
Unnamed Industrial Feature,22.4139523,69.727606,industrial
Unnamed Industrial Feature,22.8230302,72.5880184,industrial
Unnamed Industrial Feature,22.8356269,72.6077897,industrial
Unnamed Industrial Feature,22.7939524,72.6046725,industrial
Unnamed Industrial Feature,21.7417761,70.6351915,industrial
Unnamed Industrial Feature,21.7537929,70.5994917,industrial
Unnamed Industrial Feature,21.7314036,70.6022084,industrial
Unnamed Industrial Feature,21.758795,70.6099299,industrial
Unnamed Industrial Feature,21.7525582,70.6047521,industrial
bus_station,20.5955074,74.2030348,industrial
Khisara,23.3634358,70.0532502,industrial
Unnamed Industrial Feature,20.4992239,73.605958,industrial
Rapar Khokhara,23.2586107,70.0081687,industrial
Essar Power,22.3080056,69.7120467,industrial
Unnamed Industrial Feature,20.2611251,74.4369662,industrial
Unnamed Industrial Feature,20.2763224,74.1343689,industrial
GSPC Pipavav Power Company Ltd.,20.8990236,71.4652111,industrial
Kathwada GIDC,23.0343827,72.6823007,industrial
Unnamed Industrial Feature,23.0217547,72.6793636,industrial
Unnamed Industrial Feature,20.2934256,73.8208351,industrial
Unnamed Industrial Feature,20.1768971,73.9932397,industrial
Reliance Factory,21.2039757,72.8234999,industrial
Unnamed Industrial Feature,22.9567,70.4521311,port
Unnamed Industrial Feature,23.6260857,72.9628066,industrial
Unnamed Industrial Feature,24.647602,73.7072543,industrial
Unnamed Industrial Feature,24.5568952,73.7029666,industrial
Unnamed Industrial Feature,24.5836119,73.7446231,industrial
Unnamed Industrial Feature,21.7491489,72.074876,industrial
Unnamed Industrial Feature,24.3529356,70.7600429,industrial
Unnamed Industrial Feature,20.2345631,72.9712586,industrial
Unnamed Industrial Feature,20.2333262,73.0551054,industrial
Unnamed Industrial Feature,20.2533957,72.944461,industrial
bus depot,23.7285861,73.4059156,industrial
Unnamed Industrial Feature,23.7244471,73.4014125,industrial
Amgaon Industry Area,20.1914769,72.8861442,industrial
TEMA Company Achhad,20.2186212,72.8849431,industrial
Ford India,23.0019639,72.2594922,industrial
Tata Motors,23.0174717,72.2621304,industrial
Unnamed Industrial Feature,20.9392715,72.9679717,industrial
New Cotton Mills,23.0079541,72.6174518,industrial
Unnamed Industrial Feature,22.2544923,72.1805669,industrial
Unnamed Industrial Feature,22.6114105,72.9234702,industrial
Unnamed Industrial Feature,23.0235761,72.6443028,industrial
Odhav industrial estate,23.0255719,72.6542519,industrial
Unnamed Industrial Feature,22.9715244,72.6408091,industrial
Vatva GIDC,22.96915,72.6323661,industrial
Unnamed Industrial Feature,22.9744215,72.6440117,industrial
Vatva Gidc,22.9562939,72.6365737,industrial
Odhav industrial estate,23.018453,72.6572963,industrial
Unnamed Industrial Feature,22.9780302,72.6324864,industrial
Naroda GIDC,23.0913749,72.6697164,industrial
Unnamed Industrial Feature,22.9636001,72.6490962,industrial
Unnamed Industrial Feature,23.0979607,72.6710084,industrial
Unnamed Industrial Feature,23.0943337,72.6625382,industrial
Odhav industrial estate,23.0225116,72.6606982,industrial
SHREE DIGVIJAY CEMENT,22.430029,69.8353546,industrial
Unnamed Industrial Feature,21.417429,72.2016979,industrial
Unnamed Industrial Feature,21.4006596,72.1688839,industrial
Bhavnagar Padva Power Plant,21.5858931,72.2234876,industrial
Unnamed Industrial Feature,21.6959024,72.5612376,industrial
Unnamed Industrial Feature,21.8565864,72.1602897,industrial
Unnamed Industrial Feature,22.9973197,72.571716,industrial
Unnamed Industrial Feature,23.0017631,72.5737266,industrial
Unnamed Industrial Feature,22.9881849,72.5654406,industrial
Calico Mills compound,23.0073829,72.5765046,textile
Unnamed Industrial Feature,22.9644241,72.5801526,industrial
Unnamed Industrial Feature,22.9381244,72.5534459,industrial
Piplaj,22.9581552,72.5579231,industrial
Unnamed Industrial Feature,22.9845125,72.5797501,industrial
GOVERMENT GODOWN,22.9977352,72.5868329,industrial
Unnamed Industrial Feature,22.9865805,72.5686649,industrial
Palej GIDC,21.9227483,73.085284,industrial
Palej GIDC,21.9272373,73.07897,industrial
India One,24.5164743,72.7856737,industrial
Unnamed Industrial Feature,22.3422483,69.8603135,industrial
Cairn ONGC,23.1015753,72.0510361,industrial
Unnamed Industrial Feature,23.1391131,71.3914785,industrial
Unnamed Industrial Feature,23.0402848,72.6046012,industrial
Gandhinagar Thermal Power Station,23.2497234,72.6710105,industrial
Unnamed Industrial Feature,22.9709906,72.5543971,industrial
Transport Workshop,23.0101447,72.5832623,industrial
Ankur Textile,23.0126838,72.5931682,industrial
Unnamed Industrial Feature,23.0118437,72.5896143,industrial
Needle Industries,11.3796749,76.7454809,industrial
Milk Dairy,11.4068526,76.7138076,industrial
Hindustan Photo Films New Plant,11.4283926,76.6643598,industrial
Yokogowa Blue Star,12.8490337,77.6631347,industrial
Flextronics,12.8409584,77.6636503,industrial
Jagadish Kara Condiments,13.0393856,77.5537217,industrial
Indian Bureau of Mines,13.0265319,77.5342651,industrial
Gokaldas,13.0281717,77.5353211,industrial
TVS Electronics,13.0145025,80.2001435,industrial
Mahiti Infotech,13.0376828,77.6128514,industrial
Sami Labs Limited,13.2196403,77.2509903,industrial
Chamundi Die Cast(Pvt)Ltd,13.2939105,77.1736997,industrial
Tadimetty Aromatics Pvt.Ltd,13.2886281,77.1789354,industrial
Majestic Lumber Mill,10.7120019,79.5161863,sawmill
Brick Industry,9.0348868,76.8536999,industrial
Government of India Text Book Press,12.3090345,76.6844135,industrial
Vulcabras Azaleia Sporting Goods India Private Limited,12.9798447,80.1915525,industrial
Ammasandra Cement Factory,13.2696808,76.7218307,industrial
Unnamed Industrial Feature,10.7613639,78.6902604,factory
RK Metal Roofings Pvt Ltd,10.8031372,78.7122673,factory
Trichy Steel Company,10.8085633,78.7124738,factory
Tokyo Cement Batching Plant,9.6692481,80.2584868,industrial
Apex Steel Technology Ltd,10.7463609,78.8584785,factory
Masfab Engineering Technology,10.7391233,78.8564159,factory
G M Engineering Industries,10.7847921,78.8445936,factory
Thalam flour mill,9.53779,76.7591343,mill
Unnamed Industrial Feature,10.7939768,76.6632971,slaughterhouse
Neelavathi scrap,11.9348568,79.8238168,scrap_yard
Unnamed Industrial Feature,11.9472542,79.8294671,scrap_yard
Villadam,10.5617951,76.2436733,slaughterhouse
Amazon Transport Services,13.0288262,77.6312368,warehouse
Scrap shop,9.6762238,76.5995356,scrap_yard
Divine Pig Farm,10.1642606,76.4101367,slaughterhouse
Zam Zam Chicken & Mutton,8.4640768,76.9494138,slaughterhouse
Thomson Industries And Oil Mills,9.2915188,76.6960581,oil
Al Kush Poultry Farm,8.6953769,76.8158262,slaughterhouse
meat house,9.4384279,76.5687917,slaughterhouse
Unnamed Industrial Feature,10.195046,76.3422931,slaughterhouse
Marhaba Beef Centre,10.1884572,76.3446856,slaughterhouse
scrap shop,8.7619529,76.7876402,scrap_yard
S.R Chicken Stall,8.5388594,76.9412586,slaughterhouse
"Suguna Daily Fressh, Amis Associates",8.5200984,76.9449309,slaughterhouse
Kepco Chicken,8.5147196,76.9533396,slaughterhouse
Aiswarya Steel Industries,9.7870201,76.440659,scrap_yard
meat stall,9.3295688,76.925358,slaughterhouse
Unnamed Industrial Feature,10.0850029,76.347293,scrap_yard
Marhaba Poultry Farm,8.7890524,76.7401046,slaughterhouse
Unnamed Industrial Feature,9.0562344,76.5769417,slaughterhouse
Unnamed Industrial Feature,10.0830008,76.5564062,industrial
Shahanas Poultry FArm,8.6229228,76.796827,slaughterhouse
Sri Murugan scrap,8.5773642,76.8554248,scrap_yard
Chicken shop,10.3629115,77.9939969,slaughterhouse
Unnamed Industrial Feature,11.0600016,76.3483527,slaughterhouse
Fathima Poultry Shop,8.7557514,76.9387801,slaughterhouse
meat shop,9.9544229,76.327125,slaughterhouse
MEAT CENTRE,9.7867626,76.4447956,slaughterhouse
sk scraps,9.6235217,76.6036357,scrap_yard
Suresh scrap shop,9.6253404,76.6034655,scrap_yard
scrap shop,9.6221072,76.6042617,scrap_yard
EBENESER CHICKEN CENTER,9.9466785,76.3942627,slaughterhouse
VK flourmill,10.3416994,76.2623639,grinding_mill
Menampally flour mill,9.2063563,76.5206133,grinding_mill
Unnamed Industrial Feature,9.367232,76.8505073,grinding_mill
Chappathi Kada,8.989248,76.7762701,food_industry
Bismi Chicken store,9.6080695,77.1698341,slaughterhouse
Unnamed Industrial Feature,9.6111718,76.537024,scrap_yard
Scrap store,11.1934636,76.239416,scrap_yard
Bellari Beef stall,9.9279861,76.7090204,slaughterhouse
Royal Aluminium fabrication,10.5102568,76.258175,machine_shop
Unnamed Industrial Feature,9.9422615,76.3002494,rice_mill
Chandan Trading Corporation,12.9586777,77.566693,warehouse
Paradise Enterprises,12.9586376,77.5660323,warehouse
TNSTC Depot Mettur Dam,11.7912798,77.800421,depot
Bindhu Chiken Stall,8.3891511,76.9983282,slaughterhouse
ALAGAPPASWAMI SCARP SHOP,10.3679019,76.3001892,scrap_yard
Oneness Garage,9.6997484,76.3503167,depot
pomkudy c&a depot,10.037466,76.3407119,depot
naval armament depot,10.0614291,76.3639339,depot
Hasmukh Agency,13.0034437,77.5114274,depot
Tourist bus parking,9.9171406,78.1046358,depot
TNSTC Ponmeni Bus depot,9.9174329,78.1003469,depot
Tritech Ready Mix concrete,10.5665608,76.2852955,concrete_plant
Tritech Ready Mix Concrete,10.7955791,76.7790277,concrete_plant
Kedison expellers,9.5589876,76.7879244,factory
Janatha godown,9.5572073,76.7896555,depot
Sakthi Murugan Company,11.9402903,79.8214665,distributor
Tritech Ready Mix concrete,10.5630224,76.364463,concrete_plant
Sri  Vinayaka Mills,11.2303559,77.1063091,oil_mill
PSG PUMPS & MOTORS,11.0257296,77.0036023,pump
Unnamed Industrial Feature,13.0530913,80.2401556,industrial
Madras Export Processing Zone MEPZ,12.9429222,80.1214177,industrial
Bosch NhP,12.870285,77.6629513,industrial
SIPCOT Irungattukottai,12.997417,80.0112007,industrial
Hindustan Photo Films,11.4338966,76.6675194,industrial
KK Nagar Container Freight Station,13.0459866,80.1952359,industrial
Vadapalani MTC Depot,13.0503887,80.2066617,industrial
AVM Studio,13.0463704,80.2049566,industrial
Central Medical Depot,13.0817596,80.265279,industrial
Anna Nagar West MTC Depot,13.0951554,80.1981042,industrial
Adyar Bus Depot,13.0067179,80.2532777,industrial
Saidapet MTC Depot,13.0146892,80.2256551,industrial
Bharatiya Reserve Bank Note Mudran Private Limited - BRBNMPL,12.3619918,76.6413694,industrial
Corporation Asphalt Plant,13.0749577,80.2517294,industrial
"FCI FSD, Egmore",13.0746939,80.2496,industrial
Unnamed Industrial Feature,12.9684486,80.1738452,mine
Perambur MTC Depot,13.1015361,80.2491261,industrial
Basin Bridge Gas Turbine Power Station,13.0981662,80.2697294,industrial
Integral Coach Factory Carriage Works - ICF Chennai,13.1054074,80.2250691,industrial
Integral Coach Factory,13.098065,80.207667,factory
Tamilnadu Civil Supplies Corporation - Anna Nagar 1 & 2 Godown,13.0870899,80.2164219,warehouse
Electricity Board,11.4052614,76.6802037,industrial
Sugar Daddy Bakery,11.4108086,76.6887095,industrial
Corporation of Chennai - Pudupet Depot,13.0700186,80.2652801,industrial
Manali Petro Chemicals,13.1517928,80.2724237,industrial
Indian Oil Corporation,13.1420862,80.2807303,industrial
Container Corporation of India - CONCOR,13.147266,80.2870023,industrial
Bharath Petroleum,13.1258258,80.2826793,industrial
Hindustan Petroleum,13.122892,80.2812854,industrial
Indian Oil,13.122177,80.2781299,industrial
Carborundum Universal,13.1699051,80.309006,industrial
Thiruvottiyur MTC Depot,13.1722396,80.3045558,industrial
Unnamed Industrial Feature,13.184626,80.2997079,industrial
Unnamed Industrial Feature,13.1601565,80.2938837,industrial
Unnamed Industrial Feature,13.1562405,80.3047977,industrial
STP Container Terminal,13.164013,80.3080916,industrial
Unnamed Industrial Feature,13.1646984,80.3063941,industrial
Ananda Industries,13.1666483,80.3071002,industrial
Unnamed Industrial Feature,13.1802113,80.3113399,industrial
Unnamed Industrial Feature,13.15403,80.3015975,industrial
MRF Tyres,13.176676,80.3094279,industrial
Unnamed Industrial Feature,13.1746246,80.3088427,industrial
ITC Packaging,13.1829182,80.305251,industrial
Ennore Foundries,13.2119328,80.3217157,industrial
Ennore Foundries,13.2126907,80.3193326,industrial
EID Parry Fertilizers,13.2159452,80.3239761,industrial
Ennore MTC Depot,13.2151278,80.320893,industrial
Manali Fertilizers Limited - MFL,13.1717143,80.267823,industrial
Unnamed Industrial Feature,13.1700147,80.2571715,industrial
Madhavaram MTC Depot,13.1315179,80.2358382,industrial
Avadi MTC Depot,13.1210649,80.1020956,industrial
Ennore Thermal Power Station,13.1995006,80.3094811,industrial
MTC Workshop - Chrompet,12.9479658,80.1427747,industrial
FCI Warehouse - Chrompet,12.9389845,80.1368648,industrial
Unnamed Industrial Feature,13.1865414,80.2413602,industrial
Prasad Color Labs,13.0557869,80.2056092,industrial
Ayanavaram MTC Depot,13.0987302,80.2406601,industrial
Food Corporation of India - FCI Avadi,13.1240012,80.0732546,industrial
Ashok Leyland Vehicle Test Centre,13.2334306,80.2801366,industrial
SICAL Container Freight Station,13.2461259,80.2794757,industrial
Bay Container Storage Yard,13.2449646,80.2756047,industrial
Spartek Granites,13.0903615,79.9932355,industrial
Balaji Brewery,13.1058438,79.9611949,industrial
Indira cotton mills,12.9447443,80.13686,industrial
Avadi Carshed,13.1163523,80.1220285,industrial
Tube Products of India,13.1208119,80.1142883,industrial
All India Radio Station,13.1392008,80.128828,communication
TNSTC Bus Depot,12.5026914,80.1531349,industrial
Burn Standard,11.6963229,78.1016609,industrial
Dalmia,11.7166598,78.1226374,industrial
Tambaram MTC Depot,12.932456,80.121215,industrial
BWSSB,12.9082395,77.5845509,industrial
BMTC Depot 4 (Jayanagara),12.9247414,77.5926125,depot
Bharat Electronics Ltd.,13.02446,80.1928497,industrial
All India Radio,13.0109515,80.2264746,industrial
"MTC Bus Depot, KK Nagar",13.0347474,80.2053988,industrial
Unnamed Industrial Feature,13.0264659,80.2056649,industrial
Unnamed Industrial Feature,13.0137509,80.2016599,industrial
International Flavour & Fragrances,13.0093027,80.192279,industrial
Central Warehouse,12.9752143,77.7236569,industrial
Concor,12.9925922,77.7441316,industrial
Poonamallee MTC Depot,13.0522938,80.0908077,industrial
Unnamed Industrial Feature,13.042142,80.12053,industrial
Government Civil Supplies Warehouse,13.0314288,80.2428116,industrial
KK Nagar Pumping Station,13.0417816,80.2031707,industrial
KK Nagar West MTC Terminus,13.0441885,80.1933418,industrial
TNEB Site,13.1039325,80.2680966,industrial
Unnamed Industrial Feature,13.0917499,80.2679295,industrial
Southern Railways Printing Press,13.1026208,80.292419,industrial
IOC Fuel Yard,13.1037376,80.2916809,industrial
Kolathur Water Works,13.1282922,80.2124125,industrial
Majestic Studios,13.0493932,80.2004592,industrial
Gas Turbine Research Establishment,12.9822274,77.6533084,industrial
Electronics and Radar Development Establishment,12.9811666,77.6605238,industrial
Sewage Treatment Plant,13.0444094,77.6462417,industrial
Bharat Fritz Weiner,13.0384209,77.5338618,industrial
Central Power Research Institute,13.0211693,77.5748124,industrial
Hindustan Machine Tools,13.0518448,77.5428214,factory
Khodays Breweries,12.8910236,77.5658626,industrial
Ranger Apparel Export,13.0636442,77.7409644,industrial
Saint-Gobain,13.0606575,77.7400107,industrial
Indian Space Research Organisation,12.9646692,77.6982344,industrial
Steel Authority of India Limited - SAIL Warehouse,13.0090538,77.6650423,industrial
Indian Telephony Industries,13.0058369,77.6783649,factory
Food Corporation of India,13.0014658,77.6711124,industrial
Krishnarajapuram Diesel Loco Shed,13.001392,77.6924568,industrial
New Government Electric Factory,12.9951457,77.6481114,industrial
Vrishabhavathi Valley 150MLD Sewage Treatment Plant,12.9345562,77.5214807,industrial
Khodays Distilleries,12.9811815,77.5711486,industrial
Veerasandra Industrial Estate,12.8416835,77.6816122,industrial
KSRTC Depot 4 (Shantinagar),12.9552434,77.5942353,depot
KSRTC Depot 1 (Shantinagar),12.9523776,77.5987894,depot
Nandini Dairy,12.9382808,77.6035928,industrial
Bharath Heavy Electricals Limited,13.0126119,77.5632536,factory
Mysore Lamps,13.0149566,77.5580389,industrial
BMTC Depot 26 (Yeshwanthpura),13.0186506,77.5552623,depot
TAFE,13.0580983,80.2553411,industrial
BMRCL Batching Plant 1,13.0415279,77.5374552,industrial
Unnamed Industrial Feature,13.0307723,80.0195739,industrial
Aeronautical Development Establishment,12.9781152,77.6505224,industrial
National Aerospace Laboratories,12.9637703,77.6521906,industrial
U. R. Rao Satellite Centre,12.9623165,77.6553945,factory
Unnamed Industrial Feature,13.0533394,77.5361264,industrial
Unnamed Industrial Feature,13.0360139,77.558165,industrial
Central Research Labarotary,13.056135,77.5530783,industrial
HMT,13.0361311,77.5368484,industrial
balsons,12.9453546,80.1362346,industrial
Government Soap Factory,13.0155074,77.5520636,industrial
ITI Industrial Estate,12.9971746,77.6983937,industrial
Satellite Goods Terminal,12.996756,77.7387324,industrial
Food Corporation of India - FCI,12.9886325,77.7688421,industrial
Hindustan Petroleum,12.9851748,77.8476419,industrial
Bharath Petroleum,12.9848168,77.8438097,industrial
Indian Oil,12.9868579,77.83536,industrial
Indane Bottling Plant,12.9900925,77.826845,industrial
Kennametal,13.0506771,77.4986652,industrial
Jindal Aluminium Limited,13.0549568,77.4827958,factory
Central Warehouse Corporation,10.7609707,79.119351,industrial
Unnamed Industrial Feature,13.0237542,77.5407705,industrial
Unnamed Industrial Feature,13.0282102,77.5444971,industrial
Unnamed Industrial Feature,13.0319327,77.5425235,industrial
Corporation Lorry Depot,13.1047509,80.2749965,industrial
Government Press,13.104342,80.2792257,industrial
APMC Lorry Stand,13.0228115,77.5339098,industrial
Kanteerava Studio,13.0198774,77.5334828,industrial
Unnamed Industrial Feature,13.1037287,80.2617963,industrial
Unnamed Industrial Feature,13.1084645,80.2610532,industrial
TNEB Site,13.1018093,80.2694169,industrial
Century Mills,13.1010996,80.247876,industrial
FM Goetze,13.1028888,77.5885753,industrial
Yelahanka Rail Wheel Factory,13.1084948,77.5858992,factory
Netaji apparel park,11.2072302,77.3256242,industrial
Cubbon Park 4MLD Sewage Treatment Planet,12.9706548,77.5913334,industrial
TVS Group Companies,13.1062596,80.1916901,industrial
Minerva Mills,12.9796119,77.5617739,industrial
Koyambedu Metro Rail Depot,13.0699703,80.1909021,depot
HAL Aerospace Division,12.9694409,77.6617724,industrial
Unnamed Industrial Feature,12.9579893,77.5498411,industrial
KSRTC Depot 6,12.9526946,77.5434168,depot
Karnataka Vidyuth Karkhane Limited,12.9520497,77.5390745,industrial
TR Mills,12.9552983,77.5599241,industrial
BMTC Depot 16 (Deepanajalinagara),12.9508422,77.5365481,depot
Bharath Heavy Electricals,12.9499715,77.5343477,industrial
Deepanjali Nagar Industrial Estate,12.9498521,77.5328509,industrial
Bharat Earth Movers Limited,12.98676,77.6524835,industrial
Workshop,12.0123751,79.8130592,industrial
Rajajinagar Industrial Estate,12.9785725,77.5510552,industrial
Government Tool and Training Centre,12.9800885,77.5500325,industrial
Unnamed Industrial Feature,12.9473092,77.5341851,industrial
International Container Transhipment Terminal,9.9824192,76.252308,port
BPCL Refinery,9.9694554,76.3725247,industrial
BPCL Refinery,9.9674623,76.3945128,refinery
FACT Ambalamedu,9.9786775,76.36596,industrial
BMTC Depot 6 (Indiranagara),12.9817871,77.6343849,depot
TNPL Paper Mill,11.052316,77.9966873,industrial
Unnamed Industrial Feature,12.7452895,79.9963384,industrial
FCI Godown,11.0357063,76.9989769,industrial
Tippeswamy Oil Extraction (Abandoned),13.311821,76.955563,industrial
Channabasaveshwara Oil Industries,13.3098977,76.9534487,industrial
HSK & Company Premises,13.3101693,76.9474182,industrial
SLN Rice Mill,13.3085531,76.9463308,industrial
Stanes motors,10.9960715,76.9760179,industrial
Byappanahalli Metro Depot,12.9909283,77.6539762,depot
703,12.8690723,77.6632972,industrial
RBAI office,12.8693442,77.6639302,industrial
Bosch RBAI,12.8686225,77.6632167,industrial
Go Go International,13.1055075,77.5802972,industrial
Yelahanka Industrial Estate,13.105642,77.5794646,industrial
BMTC Depot 30 (Yelahanka),13.1103043,77.5782375,depot
Mother Dairy,13.0958173,77.573853,industrial
Pallava Textiles (P) Limited,11.4517902,77.7923302,mill
Unnamed Industrial Feature,12.9023052,80.022825,industrial
Madura Coats,8.7050303,77.3758963,industrial
SIPCOT Perundurai,11.2374865,77.5509985,industrial
Unnamed Industrial Feature,11.1068582,79.1719463,industrial
Unnamed Industrial Feature,12.3418549,76.6397128,industrial
Unnamed Industrial Feature,13.0707396,80.0315493,industrial
Kerala State Road Transport Coorporation Garage,8.4835621,76.9484077,depot
FCI Godown,8.470075,76.9258333,industrial
Old Port of Pondicherry,11.9234003,79.8326575,warehouse
Unnamed Industrial Feature,13.4188286,80.1177181,industrial
SIPCOT Gummidipundi,13.4143037,80.104668,industrial
Ramco Cements,11.3628767,79.2277084,industrial
Unnamed Industrial Feature,9.1808843,77.8772587,industrial
Unnamed Industrial Feature,9.3741609,77.6786845,industrial
Unnamed Industrial Feature,13.20325,80.1508896,industrial
Karle Group,13.0165054,77.5547442,industrial
Unnamed Industrial Feature,13.0443277,80.0582061,industrial
"Sugar Factory , Mandya",12.5343274,76.9012177,industrial
Unnamed Industrial Feature,9.9551599,76.2658088,industrial
Unnamed Industrial Feature,9.9642654,76.2653406,industrial
Starch Mill,17.0585297,82.0917267,grinding_mill
Unnamed Industrial Feature,17.0927727,81.6716552,brickyard
AAC Blocks and Bricks by Greenway Building Materials India Pvt Ltd NUCON BLOCKS,17.4500355,78.3919617,brickyard
Fresh Meat,17.3295781,78.5801517,slaughterhouse
fresh mutton shop,17.3301268,78.5757683,slaughterhouse
poultry farm,17.1506845,80.86566,slaughterhouse
poultry farm,17.1685923,80.8699833,slaughterhouse
Mirchi Godown,17.3301195,76.820981,warehouse
Aaloka Pig Farms,17.5769716,78.3923266,slaughterhouse
Nirmal farms,17.3884523,78.5200539,slaughterhouse
Unnamed Industrial Feature,17.9197381,79.8974687,scrap_yard
Personal animal Form,16.3580052,80.4015425,slaughterhouse
Own House Slaughter,16.3576459,80.4016643,slaughterhouse
Nani fam house,16.3576721,80.4021382,slaughterhouse
Poultry Farm,17.144801,78.9024009,slaughterhouse
Unnamed Industrial Feature,17.560415,80.6118517,slaughterhouse
Unnamed Industrial Feature,19.0908123,78.3456052,depot
Savitha Industries,16.5074561,80.6785912,slaughterhouse
Scrap Shop,16.5080457,80.6761871,scrap_yard
Unnamed Industrial Feature,16.9989861,79.9302114,brickyard
శ్రీనివాసి మోడ్రన్ రైస్ మిల్,16.9955838,79.928996,rice_mill
Swiggy Instamart Public Garden,18.0014596,79.5568398,depot
Gland Pharma Ltd Biologics Shamirpet Unit,17.6567564,78.6213536,factory
Novartis India Limited,17.6557678,78.6175621,Pharmaceutical company
Sandoz Development centre,17.6563198,78.617605,Pharmaceutical company
Symphony Pharma Life Sciences Private Limited,17.6574188,78.617192,Pharmaceutical Company
Aspen Biopharma Labs Pvt Ltd,17.6575466,78.6166663,Pharmaceutical Company
Eurofins Advinus Hyderabad,17.6574731,78.6140613,Pharmaceutical Company
Suven Lifesciences Ltd. Hyderabad,17.6571128,78.6140938,Pharmaceutical Company
Pi health sciences Hyderabad,17.6571903,78.6135531,Pharmaceutical Company
Laurus Synthesis Pvt Ltd,17.6596161,78.614923,Pharmaceutical Company
PI Health Sciences IKP,17.660635,78.615856,Pharmaceutical Company
Biological E Ltd.,17.6617907,78.617778,Pharmaceutical Company
ICHOR BIOLOGICS,17.6674299,78.5984454,Biotechnology Company
Bharat Biotech International Limited,17.6651517,78.6047405,Pharmaceutical Company
RCC Laboratories India Private Limited,17.6655254,78.6031434,Research institute
Laxai Life Sciences Private Limited,17.6641504,78.6062404,Pharmaceutical Company
Hylasco biotechnology,17.6617628,78.6059644,Biotechnology Company
Curia India Pvt Ltd,17.6618453,78.6030577,Pharmaceutical Company
Genomelabs Bio Pvt Ltd,17.6609644,78.6052715,Research Company
Biotechnology Incubation Centre (BTIC),17.6602422,78.6063437,Pharmaceutical Company
ADAMA India Pvt Ltd,17.6612787,78.614574,Agrochemical Company
SCL life sciences,17.6583179,78.6151701,Laboratory
Enveda,17.6559903,78.6187,Research Company
Eugia Pharma Specialities Limited Unit - 1,17.665532,78.6250119,Pharmaceutical Company
Biological E Limited SEZ,17.6673433,78.6263705,Biotechnology Company
Chemo India Formulation Pvt. Ltd.,17.6533848,78.6110986,Pharmaceutical Company
Ferring Laboratories Pvt. Ltd.,17.6513799,78.6112767,Pharmaceutical company
Sri Srinivasa rice mill,18.522432,79.3017229,rice
COW Farm,15.1133879,80.0379593,slaughterhouse
kummitha's farm,15.7554576,79.8342235,slaughterhouse
Unnamed Industrial Feature,17.7375949,83.3224319,scrap_yard
TTD Transport Yard,13.673419,79.351881,industrial
Unnamed Industrial Feature,17.1355353,77.1850544,industrial
FCI godowns,17.2617114,80.1355684,industrial
Unnamed Industrial Feature,17.2386814,80.1326939,industrial
Agricultural market,17.2381008,80.1338975,industrial
Unnamed Industrial Feature,17.2660985,80.1662531,industrial
ITC,17.6976898,80.8652205,industrial
Fodd Corporation of India Godowns,14.3435555,79.9321269,industrial
Unnamed Industrial Feature,17.9205385,77.5072033,industrial
Mobile Servicing Tower,13.6672503,80.2263275,industrial
Unnamed Industrial Feature,15.6208047,77.2629621,industrial
Bhoruka Gases Limited,12.9888904,77.7055856,industrial
Unnamed Industrial Feature,18.7135863,79.4049941,industrial
Unnamed Industrial Feature,13.1715301,80.3035105,industrial
Unnamed Industrial Feature,13.1767665,80.3053382,industrial
HAL Thermal Paintshop,12.9692416,77.6587646,industrial
Unnamed Industrial Feature,12.8611079,80.0712029,industrial
Unnamed Industrial Feature,12.9013845,80.1823332,industrial
Loco Shed,15.1745702,77.3600392,industrial
Bus Parking,13.070512,80.2003907,industrial
Cement Factory,16.4689059,79.4354197,industrial
ACC Cement,17.0602578,76.9796536,industrial
Unnamed Industrial Feature,13.0389212,80.1636051,industrial
Unnamed Industrial Feature,13.0391542,80.1635993,industrial
TI Cycles Of India,13.1113005,80.1477061,industrial
Unnamed Industrial Feature,13.1293682,80.2838308,industrial
Korukkupet Goods Shed,13.1190888,80.2702097,industrial
Unnamed Industrial Feature,13.1328416,80.2848978,industrial
North Chennai Thermal Station,13.2489467,80.3277584,industrial
Unnamed Industrial Feature,13.2544564,80.3003342,industrial
Unnamed Industrial Feature,13.1558839,80.2718507,industrial
Unnamed Industrial Feature,13.1888567,80.2673352,industrial
Unnamed Industrial Feature,13.1874753,80.2720235,industrial
Unnamed Industrial Feature,13.1845254,80.2663366,industrial
Unnamed Industrial Feature,13.1784992,80.2749772,industrial
Unnamed Industrial Feature,13.2070037,80.2647277,industrial
CPCL Refinery,13.1741056,80.2749395,refinery
Unnamed Industrial Feature,13.1680192,80.2861585,industrial
Unnamed Industrial Feature,13.0529809,80.1357624,industrial
Unnamed Industrial Feature,13.0540703,80.1194469,industrial
Unnamed Industrial Feature,13.0540569,80.1315278,industrial
Unnamed Industrial Feature,13.0494773,80.1204185,industrial
Unnamed Industrial Feature,13.0555862,80.1411687,industrial
Unnamed Industrial Feature,13.0373444,80.0416542,industrial
Unnamed Industrial Feature,13.0546976,80.094813,industrial
Unnamed Industrial Feature,13.0415029,80.0615913,industrial
Unnamed Industrial Feature,13.0581202,80.0983303,industrial
Unnamed Industrial Feature,13.0592895,80.1081887,industrial
Unnamed Industrial Feature,13.0558263,80.1081619,industrial
Unnamed Industrial Feature,13.0576706,80.0962459,industrial
Unnamed Industrial Feature,17.6546691,78.6172218,Pharmaceutical Company
Laurus Synthesis Pvt Ltd,17.6596691,78.6149995,Pharmaceutical Company
Aswapuram Heavy Water Plant,17.8788322,80.8522557,industrial
Unnamed Industrial Feature,17.2349633,78.4615499,industrial
Indian Oil Petroleum Reserves,17.9731675,79.6107961,industrial
Unnamed Industrial Feature,17.4585327,78.4351043,industrial
Unnamed Industrial Feature,17.4666036,78.4216177,industrial
Unnamed Industrial Feature,17.4653965,78.4187942,industrial
Unnamed Industrial Feature,16.2256224,77.3517697,industrial
Unnamed Industrial Feature,19.1099163,77.3343708,industrial
CCI,17.3084296,77.4739143,industrial
Unnamed Industrial Feature,17.3344106,77.4852747,industrial
UltraTech Cement Ltd Factory,16.8705026,80.0202648,industrial
Cotton market,17.2360023,80.1317006,industrial
Unnamed Industrial Feature,15.9431785,77.3008082,industrial
Unnamed Industrial Feature,18.2694426,80.4770687,industrial
IDPL,17.4741174,78.4357686,industrial
FCI Godowns,17.98404,79.5134511,industrial
Unnamed Industrial Feature,17.5340568,78.2746883,industrial
Unnamed Industrial Feature,17.4913584,78.2887962,industrial
Unnamed Industrial Feature,18.7023378,78.0908204,industrial
Unnamed Industrial Feature,17.5358548,78.2498411,industrial
Unnamed Industrial Feature,18.6987254,81.2410383,industrial
Unnamed Industrial Feature,17.4588733,78.4301522,industrial
VIjaya Dairy,17.4325597,78.5399325,industrial
KCP Sugar Factory,16.3608017,80.85798,industrial
Manikgarh Cement,19.7212795,79.1765142,industrial
Unnamed Industrial Feature,19.7849506,79.1466001,industrial
Unnamed Industrial Feature,19.78771,79.0650265,industrial
Unnamed Industrial Feature,19.6805511,78.5165118,industrial
Unnamed Industrial Feature,19.7560196,79.2825742,industrial
Unnamed Industrial Feature,19.7056773,79.2208543,industrial
Unnamed Industrial Feature,19.6840732,78.4955078,industrial
Unnamed Industrial Feature,18.6602369,77.9046507,industrial
Unnamed Industrial Feature,19.1577085,77.3022354,industrial
ArcelorMittal Nippon Steel India Kirandul,18.6277649,81.2659587,industrial
Unnamed Industrial Feature,18.6270362,81.2539211,industrial
Unnamed Industrial Feature,18.6400812,81.2594988,industrial
Unnamed Industrial Feature,18.1191756,79.6475234,industrial
Unnamed Industrial Feature,17.5669246,78.465376,industrial
Unnamed Industrial Feature,17.586252,78.4741786,industrial
Unnamed Industrial Feature,17.5794276,78.4950692,industrial
Unnamed Industrial Feature,16.4937793,80.7835063,industrial
Sangam Dairy,16.2408929,80.557821,industrial
Jute Mill,16.7094952,81.1002668,factory
Unnamed Industrial Feature,18.0110435,79.6465151,industrial
Glass Comapany,17.4798143,78.9121767,industrial
Unnamed Industrial Feature,17.9714125,79.707749,industrial
Unnamed Industrial Feature,17.9509749,79.6889729,industrial
Unnamed Industrial Feature,17.9506448,79.6948065,industrial
Unnamed Industrial Feature,17.9598241,79.7992705,industrial
Unnamed Industrial Feature,17.9607205,79.7929476,industrial
Unnamed Industrial Feature,17.958576,79.7996648,industrial
Genome Valley,17.6613748,78.614704,biotechnology_and_pharmaceutical
Katedan Industrial Area,17.3122181,78.4338181,industrial
Katedan Industrial Area,17.3056172,78.4322832,industrial
S S Stona,17.1235655,77.3655055,industrial
Agricultural Produce Marketing Committee,17.1814323,77.2797297,industrial
Unnamed Industrial Feature,18.7483861,78.2834737,industrial
Lanco Kondapalli Power Plant,16.6399027,80.5527311,industrial
Dr Narla Tata Rao Thermal Power Station,16.5998551,80.5406878,industrial
Nagarjunasagar Dam power house,16.5781964,79.31396,industrial
Kakatiya Thermal Power Station,18.3830826,79.8293215,industrial
"TGSRTC Zonal Workshop , Uppal",17.4034703,78.5887804,industrial
Gold Stone Engineering,17.4707736,78.5903895,industrial
Unnamed Industrial Feature,17.4745938,78.8027706,industrial
"ITC Ltd., ILTD Division",15.8382372,80.3706998,industrial
Meeseva centre,19.6652738,78.5264427,industrial
"TSRTC Bus Depot,Madhira",16.9231421,80.367746,depot
Bus Body Building Unit,17.5109264,78.3607739,industrial
DBR mill,17.4200626,78.4858266,industrial
Unnamed Industrial Feature,16.9983935,79.9569047,industrial
"Mint Compound, Government of India",17.4095143,78.4661124,industrial
"TGSRTC  Bus Depot , Wanaparthy",16.3585655,78.061869,depot
cement pipe industry,16.4617986,77.4263877,industrial
"TGSRTC Bus Depot , Godavarikhani",18.7622018,79.5065145,depot
Andhra OiL Mill,16.4904834,80.660613,industrial
Milk Factory,16.541401,80.6147519,industrial
Unnamed Industrial Feature,16.5336161,80.5887922,industrial
maruti suzuki service center,17.4047903,78.4999294,industrial
Naubad Industrial Area,17.9289383,77.4811991,industrial
Unnamed Industrial Feature,15.8446788,78.0647685,industrial
Unnamed Industrial Feature,17.3468483,78.5341303,industrial
Kothagudem Thermal Power Station,17.6167883,80.6940858,industrial
Unnamed Industrial Feature,17.1614385,79.5353801,industrial
Unnamed Industrial Feature,16.701645,79.8123187,industrial
Unnamed Industrial Feature,16.7168359,79.8184256,industrial
Unnamed Industrial Feature,16.7670899,79.8629096,industrial
Maha Cement,16.810027,79.9166799,industrial
Unnamed Industrial Feature,16.8054385,79.8713781,industrial
Unnamed Industrial Feature,16.8398381,80.0619166,industrial
Unnamed Industrial Feature,16.6577922,79.8164871,industrial
Unnamed Industrial Feature,16.6965449,79.6482074,industrial
Unnamed Industrial Feature,16.6246775,79.502995,industrial
Unnamed Industrial Feature,15.9125319,78.9858818,industrial
Unnamed Industrial Feature,15.9166238,78.9923591,industrial
Unnamed Industrial Feature,15.9154104,78.9849083,industrial
Unnamed Industrial Feature,17.4254039,78.5598371,industrial
Unnamed Industrial Feature,17.4386448,78.576597,industrial
Unnamed Industrial Feature,17.4342876,78.5616151,industrial
Unnamed Industrial Feature,17.4313572,78.572045,industrial
Unnamed Industrial Feature,17.4403457,78.5584567,industrial
Unnamed Industrial Feature,17.3936598,78.550854,industrial
coca cola beaverages,17.4539598,78.556385,industrial
Unnamed Industrial Feature,17.4527038,78.5592815,industrial
Unnamed Industrial Feature,17.4148844,78.4849532,industrial
Unnamed Industrial Feature,17.4564269,78.5565608,industrial
Unnamed Industrial Feature,17.4484766,78.5540319,industrial
Unnamed Industrial Feature,17.4553352,78.5591699,industrial
Unnamed Industrial Feature,17.4530385,78.5518414,industrial
Unnamed Industrial Feature,17.4561183,78.5574851,industrial
Unnamed Industrial Feature,17.4512486,78.5568357,industrial
Unnamed Industrial Feature,17.4560198,78.5582186,industrial
Unnamed Industrial Feature,17.4642106,78.6038063,industrial
Unnamed Industrial Feature,17.4684817,78.5923056,industrial
Unnamed Industrial Feature,17.4756194,78.6019435,industrial
Unnamed Industrial Feature,17.4569703,78.6009174,industrial
Unnamed Industrial Feature,17.4553314,78.5759944,industrial
Unnamed Industrial Feature,17.4630299,78.6079853,industrial
Unnamed Industrial Feature,17.4630272,78.5914591,industrial
Unnamed Industrial Feature,17.4703933,78.593532,industrial
Unnamed Industrial Feature,17.4656767,78.6013975,industrial
Unnamed Industrial Feature,17.4730897,78.6038534,industrial
Unnamed Industrial Feature,17.4690583,78.603742,industrial
Unnamed Industrial Feature,17.4644981,78.6061603,industrial
Unnamed Industrial Feature,17.4574144,78.587744,industrial
Unnamed Industrial Feature,17.4641427,78.600838,industrial
Unnamed Industrial Feature,17.4726015,78.6064551,industrial
Unnamed Industrial Feature,17.4673067,78.5983027,industrial
Unnamed Industrial Feature,17.4536472,78.608325,industrial
Unnamed Industrial Feature,17.4516798,78.5995575,industrial
Unnamed Industrial Feature,17.4768414,78.7227612,industrial
Unnamed Industrial Feature,17.4530261,78.604159,industrial
Hindusthan Petroleum Corporation Limited,17.4620984,78.7138386,oil
Unnamed Industrial Feature,17.4484643,78.6167515,industrial
Unnamed Industrial Feature,17.4553651,78.6179472,industrial
Unnamed Industrial Feature,17.4616556,78.6133686,industrial
Unnamed Industrial Feature,17.4571908,78.6155877,industrial
Unnamed Industrial Feature,17.4470174,78.6630642,industrial
Unnamed Industrial Feature,17.4615274,78.610789,industrial
Unnamed Industrial Feature,17.4619695,78.61715,industrial
Unnamed Industrial Feature,17.457562,78.6136004,industrial
Unnamed Industrial Feature,17.4506967,78.6147079,industrial
Unnamed Industrial Feature,17.450875,78.6773194,industrial
Unnamed Industrial Feature,17.4053021,78.5034677,industrial
Unnamed Industrial Feature,17.4042593,78.4993523,industrial
Unnamed Industrial Feature,17.5264586,78.2531552,industrial
Unnamed Industrial Feature,17.5248943,78.2655243,industrial
Unnamed Industrial Feature,17.523024,78.2711646,industrial
Unnamed Industrial Feature,17.5395777,78.3436516,industrial
Unnamed Industrial Feature,17.5254994,78.3488351,industrial
Unnamed Industrial Feature,17.5026855,78.4522849,industrial
IDA Jeedimetla,17.5207163,78.4467991,industrial
Unnamed Industrial Feature,17.5330359,78.4595242,industrial
Unnamed Industrial Feature,16.3451249,80.6249218,industrial
Hindustan Coca-Cola Beverages Private Limited,16.4146218,80.5944048,industrial
kucharkal industry,16.8742433,78.1406799,industrial
Unnamed Industrial Feature,17.4053183,78.4024227,industrial
rice mill,16.892245,78.0277297,industrial
Unnamed Industrial Feature,16.5727122,80.3566251,industrial
Unnamed Industrial Feature,16.5720406,80.3565173,industrial
Unnamed Industrial Feature,17.5495942,80.6167173,industrial
private land area,18.6780324,78.0816155,industrial
Unnamed Industrial Feature,15.840825,78.0100901,industrial
"TGSRTC Bus Depot , Nirmal",19.0908384,78.3455118,depot
Unnamed Industrial Feature,17.5986647,78.4538278,industrial
Unnamed Industrial Feature,16.6058393,80.9059658,industrial
Unnamed Industrial Feature,16.5981789,80.899155,industrial
Unnamed Industrial Feature,16.6018026,80.8993443,industrial
Shawalace Distellery,17.4474285,78.5376639,industrial
"TGSRTC Bus Depot , Adilabad",19.6689448,78.525838,depot
Unnamed Industrial Feature,19.0992409,77.9731134,industrial
Unnamed Industrial Feature,17.7407468,78.4711793,industrial
Unnamed Industrial Feature,17.5305761,78.1719187,industrial
Unnamed Industrial Feature,17.99076,78.6032802,industrial
Unnamed Industrial Feature,16.310817,80.366699,industrial
Unnamed Industrial Feature,16.3122327,80.3640892,industrial
Nagarjunasagar Left Canal power plant,16.6637448,79.2621326,industrial
Unnamed Industrial Feature,16.3021616,77.3609322,industrial
Yermarus Thermal Power Station,16.295816,77.3581065,industrial
Unnamed Industrial Feature,17.4311583,78.823353,industrial
Vasavadatta Cement,17.1608407,77.2941352,industrial
Ramagundam B thermal power plant,18.7671355,79.4502796,industrial
NTPC Ramagundam Thermal power plant,18.7564751,79.4604408,industrial
Unnamed Industrial Feature,16.9429033,77.8619233,industrial
Unnamed Industrial Feature,18.2930363,79.1242955,industrial
Unnamed Industrial Feature,17.2821652,78.7923926,industrial
Unnamed Industrial Feature,17.6872788,78.2056784,industrial
Unnamed Industrial Feature,17.6698312,78.174988,industrial
Indian Air Force Oil Storages,17.634848,78.4088651,industrial
Unnamed Industrial Feature,19.0704253,77.3108863,industrial
Unnamed Industrial Feature,19.0752607,77.3101326,industrial
Unnamed Industrial Feature,19.0764953,77.3111491,industrial
Unnamed Industrial Feature,19.0822139,77.3150342,industrial
Unnamed Industrial Feature,19.0614968,77.303879,industrial
Unnamed Industrial Feature,19.059359,77.3032017,industrial
Unnamed Industrial Feature,16.7104795,80.3269995,industrial
Unnamed Industrial Feature,16.5243013,80.620126,industrial
Unnamed Industrial Feature,18.1941857,80.1334607,industrial
Air India Engineering Services Limited,17.2362001,78.4490531,industrial
Unnamed Industrial Feature,18.1578639,79.7496125,industrial
Unnamed Industrial Feature,16.7409947,80.4352426,industrial
Dr. Reddy's Laboratories Limited,17.5486618,78.3778462,industrial
Vibha Seeds,16.6137378,77.9745869,industrial
Unnamed Industrial Feature,16.8316796,80.0583219,industrial
Unnamed Industrial Feature,16.8110555,80.1482042,industrial
Unnamed Industrial Feature,16.8764845,80.1217034,industrial
Unnamed Industrial Feature,16.7984181,79.9130657,industrial
Unnamed Industrial Feature,16.8520484,80.0440116,industrial
Unnamed Industrial Feature,16.4593095,80.5735481,industrial
Unnamed Industrial Feature,16.406112,80.5532685,industrial
KCP Sugar and Industries Corporation Limited,16.1272978,80.9621159,industrial
Unnamed Industrial Feature,16.4172657,80.5563723,industrial
Unnamed Industrial Feature,16.4175134,80.5564982,industrial
Unnamed Industrial Feature,16.417618,80.5564705,industrial
Unnamed Industrial Feature,16.4176691,80.5565011,industrial
Unnamed Industrial Feature,16.4177414,80.5565355,industrial
Unnamed Industrial Feature,16.4178558,80.5565921,industrial
Unnamed Industrial Feature,16.7682358,80.0137469,industrial
Pulichintala powerhouse,16.7738632,80.0527266,industrial
Unnamed Industrial Feature,18.077186,77.4586585,industrial
Unnamed Industrial Feature,18.0125848,77.5018769,industrial
Unnamed Industrial Feature,18.2913742,79.9755697,industrial
5-incline,18.432854,79.8570677,industrial
Unnamed Industrial Feature,18.3188431,80.0009192,industrial
Indu Techzone Pvt.Ltd,17.2657089,78.4650597,industrial
Telangana State Trading Corporation Limited,17.2602799,78.4739572,industrial
Sri Venkateswara Aero Space Pvt. Ltd.,17.2610661,78.4748006,industrial
Astra Microwave Products Ltd.,17.2584671,78.4739986,industrial
Grape Growers Mutually Aided Co-Operative Marketing,17.2570448,78.4739914,industrial
Unnamed Industrial Feature,18.292426,79.8904618,industrial
Unnamed Industrial Feature,18.1990833,79.9337232,industrial
Unnamed Industrial Feature,18.2029002,79.9373442,industrial
Unnamed Industrial Feature,17.3203775,78.6653252,industrial
Sree Balaji Granites,17.4636886,78.8288003,industrial
Unnamed Industrial Feature,17.4637125,78.8289583,industrial
Unnamed Industrial Feature,17.3361723,78.6894561,industrial
Unnamed Industrial Feature,17.3388479,78.6893486,industrial
Unnamed Industrial Feature,16.5985191,80.5368918,industrial
Sudhakar PVC Pipes,17.1790514,79.606354,industrial
Unnamed Industrial Feature,17.5944872,78.0677942,industrial
Unnamed Industrial Feature,17.5928606,78.0657624,industrial
rice mill,16.8764578,79.5654914,industrial
industrial Sheds,18.6910816,78.059899,industrial
Unnamed Industrial Feature,18.1474104,77.4226941,industrial
Unnamed Industrial Feature,18.4867713,80.4643071,industrial
Unnamed Industrial Feature,18.082543,80.2425635,industrial
Thokur Railway Yard,12.9706377,74.8407819,depot
St Thomas Chicken stall,11.7414867,76.1194286,slaughterhouse
BSk chicken,12.5160927,75.0209219,slaughterhouse
Chicken Stall Poyiloor,11.765374,75.6491224,slaughterhouse
Unnamed Industrial Feature,12.1826301,75.3183412,slaughterhouse
Parkash chicken stall,11.8928032,75.4076767,slaughterhouse
Kudumbashree Annapoorneswari Flour Mill Unit,11.8121,75.4508675,grinding_mill
St. Thomas Flour Mill,11.692103,75.7988348,grinding_mill
television broadcasting,16.6941774,74.460761,industrial
Highland coffee works,12.8664671,74.8532443,industrial
Unnamed Industrial Feature,16.6450108,74.2907644,industrial
MRPL,12.9858046,74.8442363,refinery
Unnamed Industrial Feature,12.4239794,75.7337488,industrial
Harihar Polyfibers & Grasilene Division,14.5311763,75.7872029,industrial
Unnamed Industrial Feature,15.7254837,75.3890065,industrial
Jigani Industrial Estate,12.7766386,77.6367729,industrial
Bommasandra Industrial Estate,12.8138768,77.6954365,industrial
Unnamed Industrial Feature,12.6941408,77.778683,industrial
Sipcot Phase-I Industrial Complex,12.7606084,77.8068198,industrial
Ashok Leyland,12.7662362,77.787363,industrial
Sipcot Phase II Industrial Complex,12.7284891,77.8764925,industrial
Salem Steel Plant,11.6551048,78.0319565,industrial
Unnamed Industrial Feature,12.9612862,77.638328,industrial
BESCOM,12.9652059,77.6364356,industrial
Workshop and Moffusil Depot,15.349543,75.1200189,industrial
Food Corporation of India,15.1681492,76.8668325,industrial
Murudeshwar Ceramics ,15.341,75.1190851,industrial
BMTC Depot 23 (Kalyana Nagara),13.0266116,77.6385232,depot
Ghatge Patil Industries,16.692078,74.2688761,industrial
ISKCON Akshyapatra Kitchen,12.8881683,77.5481314,industrial
Unnamed Industrial Feature,14.9977947,74.0499702,industrial
KMF Cattle Feed Plant,13.3199411,76.937017,industrial
Charoen Pokphand (Chicken Feed Factory),13.0622001,77.7426856,industrial
EID Parry India,13.0644038,77.7397609,industrial
Raman Board,12.1606799,76.6780349,industrial
Saint Gobain,13.0600551,77.7354615,industrial
Karnataka Cooperative Milk Producer's Federation Ltd.,12.9556281,77.7037158,industrial
Unnamed Industrial Feature,12.9887583,77.7075723,industrial
IFB Automotive,12.9808239,77.7076745,industrial
NGEF Ancilliary Industrial Estate,12.9905889,77.7053037,industrial
APMC Yard,13.9440922,75.5515905,industrial
Makino India Private Limited,12.9834642,77.7270179,industrial
Varman Aviation,12.9807309,77.7255154,industrial
Honda Car Yard,12.9924534,77.7042403,industrial
State Transport Dept Workshop,16.7156913,74.2397444,industrial
Unnamed Industrial Feature,12.990529,77.9484613,industrial
Vishveshariya Iron and Steel Plant - VISL,13.8311708,75.7060053,industrial
Bidadi Industrial Area,12.7806788,77.4187381,industrial
Kumbalagodu Industrial Area,12.8713809,77.443564,industrial
MIDC Industrial Area,16.8500204,74.6388841,industrial
Unnamed Industrial Feature,16.8748101,74.6320468,industrial
FCI,16.8320144,74.6248676,industrial
Kudremukh Iron Ore Corporation - KIOCL,13.2097636,75.2503935,mine
Unnamed Industrial Feature,18.2048143,74.6092215,industrial
Agricultural Produce Marketing Committee,16.8365024,75.7240981,industrial
Baikampady Industrial Area,12.9490153,74.8218732,industrial
Mangalore KSRTC Bus Stand,12.8846987,74.8417042,industrial
Vidyaranyapura Sewage Treatment Plant,13.0730332,77.5572648,industrial
BWSSB,13.0410098,77.5608141,industrial
Gadag Industrial Layout,15.4229794,75.6038013,industrial
ITC Factory,13.1857349,77.6391653,industrial
GCTM,15.421864,75.5613442,industrial
FCSM,15.4241987,75.5599148,industrial
M M Industries,12.9304465,77.5733163,industrial
APMC,15.0475047,76.2138457,industrial
APMC Yard,15.4229794,75.643315,industrial
Bannari Amman,12.1050941,76.7604029,industrial
J P Foundry,15.8268215,74.4833187,industrial
DC Mill,15.4352779,75.6319265,industrial
HMT,13.033167,77.538844,industrial
Mysore Kilroskar Company,14.5240702,75.8066026,industrial
K.S.R.T.C Bus Depot,14.5305544,75.8090112,bus_depot
Baathi Sugar Factory,14.4840408,75.8419616,industrial
Coca Cola Bottling Plant,12.9962051,77.6637885,industrial
India Tin Industries Limited,12.9964645,77.6707447,factory
Titan Watches,12.749441,77.8220115,industrial
VRKP Steel Industries Private Limited,13.0556323,77.7459406,industrial
Om Pharmaceuticals Limited,13.0453557,77.7470556,industrial
Unnamed Industrial Feature,12.958991,77.6735862,industrial
HAL Helicopter Division,12.9586236,77.6779947,aerospace
Peenya Metro Depot,13.0437845,77.5318947,depot
Unnamed Industrial Feature,12.8435781,77.8701212,industrial
Unnamed Industrial Feature,13.3343534,74.7864804,industrial
Unnamed Industrial Feature,12.4584874,76.6831072,industrial
Hotgi Cement Works,17.558229,76.0018077,cement_plant
Unnamed Industrial Feature,17.3295852,76.7955289,industrial
Ugar Sugar Works,16.6509222,74.8220406,industrial
Hindalco,15.9074123,74.5380491,industrial
BMTC Depot 29 (KR Puram),13.0048057,77.6916977,depot
GlaxoSmithKline Pharmaceuticals,13.0575748,77.7421849,industrial
Karnataka State Warehousing Corporation,12.9916464,77.788557,industrial
Unnamed Industrial Feature,12.9926317,77.7839836,industrial
Unnamed Industrial Feature,12.9940253,77.7818921,industrial
Kadugodi Industrial Area,12.9906895,77.7467804,industrial
JP Cement Company,17.1368371,76.9471319,industrial
Unnamed Industrial Feature,17.0099694,76.7539489,industrial
Unnamed Industrial Feature,17.1456754,76.9408461,industrial
Unnamed Industrial Feature,18.1006857,74.218892,industrial
Shri Someshwar Sahakari Sakhar Karkhana Ltd,18.1052585,74.2871917,industrial
BMTC Depot 18 (ITPL),12.9772062,77.7262126,depot
Unnamed Industrial Feature,12.3555341,76.6370121,industrial
RMC/APMC Yard,14.1839042,75.0313546,industrial
Kaiga Atomic Power Station,14.8661137,74.4383179,industrial
Sidco Industrial Estate,11.7953799,75.4680417,industrial
Collin Aero Space,12.9880723,77.7127493,industrial
Hoskote Industrial Area,13.118728,77.8277111,industrial
Mangalore Fishing Port,12.8598053,74.8325653,port
Kumbhi Kasari Sugar Factory,16.6887698,74.1199612,industrial
Unnamed Industrial Feature,12.9976517,77.6737236,industrial
Bengaluru IT Park,13.1613021,77.7131185,industrial
Davanagere Sugar Company Limited,14.3290391,75.8801626,industrial
Sewage Treatment Farm,12.9150973,74.854419,industrial
Shahu Sugar Factory,16.7499515,74.2441416,industrial
Shahu Textile Mill,16.6941647,74.2389475,industrial
Chikkaballapura Industrial Area,13.4095204,77.7284698,industrial
Mannagudda Warehouse,12.8819155,74.835344,industrial
Devasandra Industrial Estate,12.9984091,77.691582,industrial
IndianOil Gas Bottling Plant 2,12.9990802,77.6873529,industrial
BlueDart | DHL Courier Warehouse,12.9912428,77.6926485,industrial
Udyam Nagar,16.6945244,74.2342802,industrial
Unnamed Industrial Feature,16.6804226,74.2184448,depot
"Akashavani, Hoskote",13.0666943,77.783943,industrial
Unnamed Industrial Feature,15.3538918,75.113746,industrial
VRL Logistics,15.3528722,75.1346646,industrial
Tarihal Industrial Area,15.3598046,75.0441093,industrial
Food Corporation of India - FSD,15.3427182,75.169404,industrial
Center for Artificial Intelligence and Robotics,12.9876261,77.6684954,industrial
Indian Oil Corporation Tank Farm,12.9132332,74.8126341,oil
Unnamed Industrial Feature,12.9911781,77.7566944,industrial
Aircraft Research and Design Centre HAL,12.9647517,77.6854775,industrial
Unnamed Industrial Feature,12.9610747,77.6859186,industrial
Aeronautical Development Agency,12.9628696,77.6826515,industrial
All India Radio,13.2471095,77.4909214,communication
Unnamed Industrial Feature,12.9773212,77.5576369,industrial
Unnamed Industrial Feature,12.9751422,77.5547992,industrial
Unnamed Industrial Feature,12.9832752,77.55729,industrial
Ram Kumar Mills,12.9831536,77.5581504,industrial
Unnamed Industrial Feature,12.9786667,77.5558963,industrial
Cubic Systems,12.3585421,76.6344334,industrial
KSRTC Bus Depot,12.8774407,75.017265,industrial
Taegutec,12.810675,77.6642842,industrial
SKF,12.8215295,77.6841495,industrial
Shetron,12.8204992,77.6851338,industrial
Hebbagodi Metro Depot,12.8290104,77.6783662,depot
TANSI,12.5284022,78.2087693,industrial
Unnamed Industrial Feature,13.4248282,74.9558867,industrial
Unnamed Industrial Feature,12.9606705,77.5815251,industrial
BMTC Central Workshop,12.9540798,77.598608,industrial
BMTC Substation,12.9543033,77.5940534,industrial
Southern Roadways Private Limited,12.9527563,77.5940825,industrial
KPTCL,12.9412583,77.5919703,industrial
BGML Nandidurga's Shaft,12.9616376,78.254753,industrial
Bengaluru Aerospace Park,13.1810838,77.7293944,industrial
BWSSB,13.0018163,77.6279091,industrial
Malpe Port,13.3475775,74.6994488,port
Akshayakalpa Farms & Food,13.1691217,76.431691,industrial
BEML,12.9723791,78.2438929,industrial
Unnamed Industrial Feature,12.9919453,78.2212772,industrial
Unnamed Industrial Feature,12.9901549,78.2429277,industrial
Unnamed Industrial Feature,12.5870002,78.4689824,industrial
Unnamed Industrial Feature,16.4277253,74.1419408,industrial
Unnamed Industrial Feature,14.4688317,75.9346642,industrial
Unnamed Industrial Feature,14.4817337,75.9271082,industrial
Unnamed Industrial Feature,14.4731787,75.927475,industrial
Sadaramangala Industrial Area,12.9922533,77.7361863,industrial
San Engineering And Locomotives Company,12.9913355,77.7358264,industrial
Amrutha Rice Industries,13.9112856,75.5610739,industrial
Unnamed Industrial Feature,13.9090279,75.5530284,industrial
Unnamed Industrial Feature,12.5187715,78.2250599,depot
GE BE Pvt Ltd,12.9780577,77.7239967,industrial
KPTCL,12.9928399,77.6587637,industrial
Dishya Rice Mill and Khadyanna Udyog,28.1887561,84.0260647,grinding_mill
Bidur Rice and Mustard Mill,28.1640783,84.0800375,grinding_mill
Vimal Metal Industries,28.0570622,81.6161616,factory
Unnamed Industrial Feature,28.1142708,81.6657687,grinding_mill
Bhagwan Grill Udhyog,28.1005131,81.6552542,factory
Ganesh Rice Mill,28.0546289,81.606405,grinding_mill
Krishna Rice Mill,28.0701189,81.673919,grinding_mill
Aashirbaad Furniture Industry,28.2636584,83.8968479,furniture
Suva Buddha Darsan Furniture Industry,28.217688,83.9846957,industrial
P.K Agro Industry,28.2172496,83.9841136,industrial
Panchamul Rice Mill,28.1867022,83.9776307,grinding_mill
Raju Rice Mill,27.6877119,83.3675314,rice_mill
Unnamed Industrial Feature,28.2885218,83.684592,mill
Veterinary shop,29.6569617,81.8643236,business
Unnamed Industrial Feature,28.9942867,82.7920306,grinding_mill
Badimalika falful prasodhan udhyog,29.2729536,81.6455184,factory
HMT Fruit Processing Center,28.740151,80.5808739,factory
Nepal M.D. Food,28.7437713,80.5776835,industrial
Unnamed Industrial Feature,27.8469867,78.3259738,industrial
Unnamed Industrial Feature,27.7649764,78.3126249,industrial
Unnamed Industrial Feature,27.8242549,78.3264518,industrial
Unnamed Industrial Feature,27.8328034,78.3248053,industrial
Unnamed Industrial Feature,27.8378601,78.3213884,industrial
Unnamed Industrial Feature,27.8462823,78.3154222,industrial
Unnamed Industrial Feature,27.8392847,78.311846,industrial
Unnamed Industrial Feature,27.8392064,78.3095798,industrial
Unnamed Industrial Feature,27.8460951,78.310719,industrial
Unnamed Industrial Feature,27.8481439,78.3047361,industrial
Unnamed Industrial Feature,27.8481898,78.3018137,industrial
Unnamed Industrial Feature,27.8499175,78.2877382,industrial
Unnamed Industrial Feature,27.8535409,78.2685096,industrial
Unnamed Industrial Feature,27.8492371,78.2768529,industrial
Unnamed Industrial Feature,27.8504373,78.2747866,industrial
Unnamed Industrial Feature,27.8439546,78.2670312,industrial
Unnamed Industrial Feature,27.8453842,78.2704982,industrial
Unnamed Industrial Feature,27.8913122,78.3089898,industrial
Unnamed Industrial Feature,27.9227298,78.2949316,industrial
Unnamed Industrial Feature,27.925098,78.2923205,industrial
Unnamed Industrial Feature,27.8638528,78.2418196,industrial
Unnamed Industrial Feature,27.8314777,78.2109817,industrial
Unnamed Industrial Feature,27.8174355,78.2327199,industrial
Unnamed Industrial Feature,27.8133566,78.2359285,industrial
Unnamed Industrial Feature,27.9156023,78.2337972,industrial
Unnamed Industrial Feature,27.916581,78.2291195,industrial
Unnamed Industrial Feature,28.007834,78.0525018,industrial
Unnamed Industrial Feature,27.9857897,77.7407706,industrial
Unnamed Industrial Feature,28.0770732,77.9697749,industrial
Unnamed Industrial Feature,27.963558,77.8670528,industrial
Unnamed Industrial Feature,28.0895106,78.3343691,industrial
Unnamed Industrial Feature,29.4342997,77.4035096,industrial
Unnamed Industrial Feature,29.4711642,77.4051726,industrial
Unnamed Industrial Feature,29.4709494,77.4012136,industrial
Unnamed Industrial Feature,29.346307,77.3682225,industrial
Unnamed Industrial Feature,29.3695348,77.3537063,industrial
Unnamed Industrial Feature,29.5288165,77.3795307,industrial
Unnamed Industrial Feature,29.6064932,77.2784597,industrial
Baba Rice Mill,28.0640982,81.699173,rice_mill
Pokhara Eco Red Bricks Industry,28.1136991,84.2064496,brickyard
Unnamed Industrial Feature,25.3821158,83.5417809,industrial
Unnamed Industrial Feature,25.402295,83.4953833,industrial
Unnamed Industrial Feature,25.3911497,83.4934295,industrial
Unnamed Industrial Feature,25.3904457,83.5133848,industrial
Unnamed Industrial Feature,25.3945311,83.5114309,industrial
Unnamed Industrial Feature,25.3713905,83.3678072,industrial
Unnamed Industrial Feature,25.3225106,83.3346319,industrial
Unnamed Industrial Feature,25.326027,83.3445115,industrial
Unnamed Industrial Feature,25.3257899,83.3364573,industrial
Unnamed Industrial Feature,25.3310591,83.3418077,industrial
Unnamed Industrial Feature,25.332482,83.3357613,industrial
Unnamed Industrial Feature,25.3621027,83.333685,industrial
Unnamed Industrial Feature,25.3744431,83.3360225,industrial
Unnamed Industrial Feature,25.3815005,83.3497506,industrial
Unnamed Industrial Feature,25.3815206,83.348536,industrial
Unnamed Industrial Feature,25.4747584,83.3749113,industrial
Unnamed Industrial Feature,27.3677098,81.7739647,industrial
Unnamed Industrial Feature,27.367819,81.770943,industrial
Unnamed Industrial Feature,27.3305199,81.8082176,industrial
Unnamed Industrial Feature,27.3298494,81.8027799,industrial
Unnamed Industrial Feature,27.3324095,81.8024369,industrial
Unnamed Industrial Feature,27.705728,83.297712,factory
Cooker Factory,27.6923153,83.3575836,factory
Ali Kureshi Meat Shop,27.508584,83.4545606,slaughterhouse
Mohommad Rice Mill,27.5083717,83.4285084,rice mill
Dharma Ghatta,30.1130597,81.4322635,grinding_mill
Food Mill,27.6614585,82.7849841,grinding_mill
Food Mill,27.6531503,82.795169,grinding_mill
Food Mill,27.6509417,82.7948773,grinding_mill
Food Mill,27.6442517,82.7937804,grinding_mill
Food Mill,27.6406235,82.7781672,grinding_mill
Food Mill,27.6410845,82.7778485,grinding_mill
Sugarcane Mill,27.627955,82.7886499,grinding_mill
Food Mill,27.6272507,82.7908919,grinding_mill
Food Mill,27.6264113,82.7912755,grinding_mill
Unnamed Industrial Feature,25.4641122,81.8681275,slaughterhouse
New hope Poultry feed industry,27.6550734,84.3614763,feed
Poorvanchal bus depot,28.5346466,77.1700174,depot
Samar Jeet Scrap Shop,25.2809375,82.9862242,scrap_yard
V-Mart Palwal Warehouse,28.2057348,77.2120458,warehouse
Shershah Cold Storage,28.7140702,77.1720676,depot
Butwal slaughter house,27.6715801,83.4920179,slaughterhouse
SAJAG Rice Mill,28.2330439,83.9233671,mill
Shanker Agencies Private Limited,28.6760914,77.2956303,refractory_supplier
Unnamed Industrial Feature,25.2793212,83.1399984,industrial
Unnamed Industrial Feature,25.2798455,83.106209,industrial
Unnamed Industrial Feature,25.2867961,83.0690542,industrial
Unnamed Industrial Feature,25.2992397,83.0732446,industrial
Ramnagar industrial area,25.243245,83.0652129,industrial
Banaras Loco Works - DLW Varanasi,25.2908218,82.9592353,factory
Unnamed Industrial Feature,25.2989397,82.9961642,industrial
Unnamed Industrial Feature,25.3603631,82.9413623,industrial
Unnamed Industrial Feature,25.3588778,82.9473662,industrial
Sector 5,28.588873,77.3216761,industrial
Sector 4,28.5835275,77.3230302,industrial
Steel auto industries,30.1134738,77.2409285,industrial
Babat Pur Gas Plant,25.4197795,82.8736322,industrial
Deenbandhu Chhotu Ram Thermal Power Station,30.1054227,77.3264173,industrial
Unnamed Industrial Feature,25.2715587,82.8321811,industrial
Unnamed Industrial Feature,25.2719867,82.8408402,industrial
Unnamed Industrial Feature,25.4823675,81.9741073,industrial
Unnamed Industrial Feature,25.497754,82.00186,industrial
Unnamed Industrial Feature,25.4974753,82.0033106,industrial
Unnamed Industrial Feature,25.4978975,82.0054761,industrial
Unnamed Industrial Feature,25.4341056,81.9158853,industrial
Indian Oil LPG Plant,25.424093,81.9315285,industrial
Ordinance Equipment Factory,26.4709381,80.3654629,industrial
Unnamed Industrial Feature,28.6051004,77.6079771,industrial
Unnamed Industrial Feature,28.6051511,77.6067776,industrial
Unnamed Industrial Feature,26.1414779,83.8738717,industrial
Noida Special Economic Zone,28.5410575,77.3989321,industrial
Faridabad Thermal Power Plant,28.3454961,77.3599278,industrial
BHEL,25.3265879,78.5227036,industrial
Unnamed Industrial Feature,24.4756799,77.1519587,industrial
AMPM Fashions Private Limited,28.5903783,77.3322077,textile
Ansumiti Technosoft Pvt Ltd,28.5807818,77.318855,digital_marketing_agency
Sector 9,28.5868583,77.3273927,industrial
Sector 11,28.5987051,77.3346276,industrial
Sector 8,28.5944591,77.3265003,industrial
Sector 7,28.5950136,77.3165751,industrial
Sector 2,28.5849574,77.315235,industrial
Sector 1,28.5903643,77.3123914,industrial
Sector 57,28.6049742,77.353527,industrial
Sector 60,28.6023902,77.3670379,industrial
Sector 59,28.6080843,77.3676234,industrial
Sector 58,28.6059961,77.3579644,industrial
Sector 65,28.6118101,77.3853307,industrial
Sector 67,28.6050721,77.3848883,industrial
Unnamed Industrial Feature,28.6227336,77.3867554,industrial
Sector 84A,28.5324433,77.4075752,industrial
Sector 83,28.5246068,77.3983223,industrial
Unnamed Industrial Feature,28.6511075,77.3299054,industrial
Unnamed Industrial Feature,28.6554478,77.335979,industrial
Unnamed Industrial Feature,28.6550939,77.3269787,industrial
Unnamed Industrial Feature,28.6207551,77.3009568,depot
M.E.A. Stores,28.6010841,77.3011768,industrial
Obra Thermal Power Station,24.450833,82.9815099,industrial
Rithala Power Plant,28.7330743,77.101785,industrial
Wastewater Treatment Plant,28.7279486,77.1857227,industrial
Sewage Treatment Plant - Okhla,28.5471299,77.2834582,industrial
Tughlakabad Inland Container Depot,28.5090709,77.2890381,industrial
Pali Stone Crusher Zone II,28.3891428,77.2225463,grinding_mill
Rai Industrial Area,28.9305141,77.0901312,industrial
Unnamed Industrial Feature,26.0650495,83.7070052,industrial
Unnamed Industrial Feature,26.0803906,83.6970687,industrial
Unnamed Industrial Feature,26.0685201,83.675866,industrial
Internal Street,26.8203856,80.9045804,industrial
Unnamed Industrial Feature,26.8247628,80.9031759,industrial
Unnamed Industrial Feature,24.5955414,80.8591955,industrial
Unnamed Industrial Feature,24.5951649,80.8473346,industrial
FCI,28.7399156,77.7707813,industrial
Dadri Powerplant,28.5926623,77.6157433,industrial
IFFCO,28.2261167,79.2480543,industrial
Unnamed Industrial Feature,26.0650907,83.6893196,industrial
Narora Atomic Power Station,28.1553228,78.4079725,industrial
Unnamed Industrial Feature,29.9757414,78.2216394,industrial
Hindalco Industries Ltd.,24.2236153,83.0283276,industrial
Cement Factory,24.4501358,83.0404465,cement
Unnamed Industrial Feature,27.6634121,78.2504739,industrial
Unnamed Industrial Feature,26.1417253,83.533612,industrial
Unnamed Industrial Feature,30.1697255,78.1230386,industrial
Unnamed Industrial Feature,29.5999566,78.3295983,industrial
Unnamed Industrial Feature,24.5724328,80.8270765,industrial
Unnamed Industrial Feature,26.948814,81.1891474,industrial
Unnamed Industrial Feature,26.2303968,81.2695192,industrial
Unnamed Industrial Feature,26.2258595,84.3280082,industrial
Unnamed Industrial Feature,29.7921769,78.4094417,industrial
BHEL Haridwar,29.9440233,78.1063343,industrial
Unnamed Industrial Feature,28.2217252,77.3013059,industrial
Unnamed Industrial Feature,28.2206398,77.3015292,industrial
Unnamed Industrial Feature,28.3404115,77.3066406,industrial
Bareilly Sleeper Treatment Plant,28.4071565,79.380049,industrial
Unnamed Industrial Feature,28.3176226,77.2979528,industrial
Sanden Vikas Ltd.,28.4372618,77.3070804,industrial
Unnamed Industrial Feature,24.2056791,83.052312,chemical
Unnamed Industrial Feature,29.6049454,78.1762121,industrial
Unnamed Industrial Feature,25.3251719,81.8211181,industrial
Unnamed Industrial Feature,29.7735051,78.4297191,industrial
Triveni Structurals Limited (TSL),25.3757084,81.8792904,industrial
Unnamed Industrial Feature,28.7244504,77.8132744,industrial
ITI Limited,25.3614284,81.8898189,factory
Imperial Auto,28.412729,77.3051942,industrial
PYN Precision Components,28.3581873,77.3085819,industrial
Unnamed Industrial Feature,28.3479363,77.3085434,industrial
Pragati-I Combined Cycle Gas Power Station,28.6167647,77.2524477,industrial
Unnamed Industrial Feature,28.587865,77.2656932,industrial
Indraprastha Gas Turbine Power Station,28.6190348,77.2502162,industrial
Unnamed Industrial Feature,28.6241058,77.2498267,industrial
Unnamed Industrial Feature,28.2168123,77.2984061,industrial
Unnamed Industrial Feature,28.3311669,77.3366053,industrial
Unnamed Industrial Feature,28.3529908,77.2688185,industrial
Godown Food Corporation,28.3858107,77.2838213,industrial
Anil Rubber,28.3681962,77.3195571,industrial
Ice factory,28.4184354,77.3143228,industrial
Unnamed Industrial Feature,28.2739282,77.2688859,industrial
Unnamed Industrial Feature,28.2629066,77.2857106,industrial
Unnamed Industrial Feature,28.2735449,77.2675965,industrial
Unnamed Industrial Feature,28.2749094,77.27462,industrial
Unnamed Industrial Feature,28.2723436,77.2675211,industrial
Unnamed Industrial Feature,28.2751514,77.2734299,industrial
Unnamed Industrial Feature,28.2743795,77.2726981,industrial
Unnamed Industrial Feature,26.5631597,80.526458,industrial
Unnamed Industrial Feature,26.0098557,80.723945,industrial
Feroze Gandhi Unchahar Thermal Power Station,25.909167,81.3254367,industrial
ICD CONCOR Kanpur,26.455309,80.3062365,port
Unnamed Industrial Feature,26.4546707,80.2455502,industrial
Unnamed Industrial Feature,26.4501233,80.2638515,industrial
Unnamed Industrial Feature,26.4555094,80.2396519,industrial
Unnamed Industrial Feature,26.4479217,80.2743373,industrial
Unnamed Industrial Feature,26.4433897,80.2529393,industrial
Unnamed Industrial Feature,26.4591037,80.3094622,industrial
Unnamed Industrial Feature,26.4511135,80.2572337,industrial
Unnamed Industrial Feature,26.4588043,80.2792406,industrial
Unnamed Industrial Feature,26.4654558,80.2811881,industrial
Unnamed Industrial Feature,26.4589768,80.2583248,industrial
Unnamed Industrial Feature,26.4534072,80.2816789,industrial
Wipro,28.4854431,77.5331921,industrial
Unnamed Industrial Feature,28.0337822,77.2546394,industrial
Unnamed Industrial Feature,28.6474245,77.4334914,industrial
Unnamed Industrial Feature,28.8761295,77.1097783,industrial
Unnamed Industrial Feature,28.6966526,77.5798737,industrial
Texco Tools Ltd.,28.3856047,77.3162475,industrial
Seemapuri Depot,28.6844696,77.3306448,depot
Meerut Road Industrial Area,28.686214,77.4350285,industrial
Unnamed Industrial Feature,28.6849656,77.1147218,industrial
Unnamed Industrial Feature,28.6775017,77.1283588,industrial
Husaka Refractoris,28.3580588,77.3081666,industrial
Kochar Agro Industries,28.310689,77.3091989,industrial
Krishna Fabricators,28.3587323,77.3050813,industrial
Unnamed Industrial Feature,26.9577038,81.2003247,industrial
Unnamed Industrial Feature,28.3486267,77.3029389,industrial
Unnamed Industrial Feature,29.851037,77.2621208,industrial
Unnamed Industrial Feature,29.9561793,77.5347064,industrial
Unnamed Industrial Feature,29.938128,77.5693597,industrial
Unnamed Industrial Feature,29.7979109,77.9447105,industrial
Daurala Sugar Works,29.1248787,77.7038164,industrial
Unit 3 Colony Mills Limt,30.1347259,71.3709312,industrial
Paper Link Pipe Factory,30.0786947,71.4938702,industrial
Madni Foods Zafar Dall Mills,30.0974173,71.4532617,industrial
Karachi Pioneer Textile Mills,30.1510827,71.2250052,industrial
علامہ اقبال ٹاؤن مظفر گڑھ,30.071223,71.1228115,industrial
Unnamed Industrial Feature,30.1404174,76.2179156,brickyard
Cluster Bus Depot Dwarka Sector 22,28.5541847,77.0529077,depot
Anjali Atta Chakki and Masala Chakki,28.3610576,77.0764746,grinding_mill
Unnamed Industrial Feature,28.4698736,77.0530328,industrial
Neesa Foods,28.97156,77.0886186,industrial
Bush Foods Warehouse,28.9716174,77.0886019,industrial
Hero Honda,28.2333962,76.8054591,industrial
AtoTech,28.2558178,76.8238842,industrial
Unnamed Industrial Feature,28.4560139,77.0064114,industrial
Coach Rehabilitation Workshop,23.2854541,77.4271158,industrial
Kota Thermal Power Station,25.1709673,75.8144493,industrial
Suratgarh Super Thermal Power Plant,29.1716299,74.0173417,industrial
Hindustan Petroleum Oil Depot,30.1615872,74.9824422,industrial
Unnamed Industrial Feature,27.1108465,72.3712436,industrial
Unnamed Industrial Feature,26.0338048,76.3677206,industrial
Unnamed Industrial Feature,26.0454307,76.3754163,industrial
Unnamed Industrial Feature,28.0831836,75.3989627,industrial
Unnamed Industrial Feature,28.0643349,73.3335107,industrial
Unnamed Industrial Feature,24.4798282,74.8675464,industrial
Unnamed Industrial Feature,25.1490533,76.1810699,industrial
Inland Container Depot,28.1823439,76.6072911,industrial
Unnamed Industrial Feature,26.6115193,76.3280813,industrial
Industrial Area,25.8500137,72.2202007,industrial
Unnamed Industrial Feature,27.6937426,75.7291443,industrial
Unnamed Industrial Feature,26.3013224,74.1256644,industrial
Unnamed Industrial Feature,25.7564469,73.3156763,industrial
Unnamed Industrial Feature,25.9285117,73.6796437,industrial
Unnamed Industrial Feature,25.7682066,73.3070363,industrial
Pali Industrial Area Phase 1,25.7959086,73.3272193,industrial
Unnamed Industrial Feature,25.774265,73.2975907,industrial
Pali Industrial Area Phase 2,25.8036903,73.3238831,industrial
Maharaja Shree Ummaid Mills,25.7881645,73.3239497,industrial
Unnamed Industrial Feature,25.0235565,73.9009983,industrial
Unnamed Industrial Feature,28.3455234,77.0871302,industrial
Unnamed Industrial Feature,28.495985,77.0779102,industrial
Unnamed Industrial Feature,28.8895811,75.8484653,industrial
Unnamed Industrial Feature,29.3152284,76.2918356,industrial
Unnamed Industrial Feature,28.8912785,75.8718242,industrial
Unnamed Industrial Feature,28.89875,75.8815559,industrial
Unnamed Industrial Feature,28.9136179,75.8521039,industrial
Unnamed Industrial Feature,28.2074367,77.0595627,industrial
Unnamed Industrial Feature,28.2004319,76.8641333,industrial
Unnamed Industrial Feature,28.2126213,76.8657333,industrial
Unnamed Industrial Feature,28.6773094,77.0228998,industrial
Unnamed Industrial Feature,23.0818289,77.5242949,industrial
Unnamed Industrial Feature,23.1046676,77.5232838,industrial
Unnamed Industrial Feature,23.0821625,77.5469992,industrial
Unnamed Industrial Feature,28.3088584,74.9481732,industrial
Unnamed Industrial Feature,25.3218324,74.5896333,industrial
Unnamed Industrial Feature,28.4786985,76.3753981,industrial
Indira Gandhi Super Thermal Power Project,28.4822247,76.3756969,industrial
Mahatma Gandhi Thermal Power Project,28.4910807,76.3495557,industrial
Unnamed Industrial Feature,28.2204554,76.5797985,industrial
Unnamed Industrial Feature,28.1417261,76.5976494,industrial
Unnamed Industrial Feature,28.7994991,76.1628391,industrial
Unnamed Industrial Feature,28.7992669,76.1536763,industrial
Unnamed Industrial Feature,28.8063667,76.1235339,industrial
Unnamed Industrial Feature,28.8080135,76.124431,industrial
Unnamed Industrial Feature,28.8952427,76.5471352,industrial
Otsuka Venus Automotive India Pvt. Ltd.,28.4353881,77.3060605,industrial
Venus Ind. Co. Ltd.,28.2284891,77.3091316,industrial
Bright Autoplast Ltd.,28.2089941,77.0617955,industrial
Unnamed Industrial Feature,28.3655916,76.8803738,industrial
Unnamed Industrial Feature,28.3656018,76.8796016,industrial
Unnamed Industrial Feature,29.5341566,75.0767693,industrial
Unnamed Industrial Feature,29.5301932,75.0545558,industrial
Unnamed Industrial Feature,29.1379641,77.012722,industrial
Railway Workshop,28.0361547,73.3051988,industrial
Unnamed Industrial Feature,28.0419264,73.3205,industrial
Unnamed Industrial Feature,28.0554697,73.310311,industrial
Sector 140A,28.5097481,77.4211588,industrial
Sector 85,28.5187081,77.4046834,industrial
Sector 88,28.5287624,77.4245504,industrial
Sector 90,28.5135914,77.4122605,industrial
Honda,28.4464453,77.5355022,factory
Unnamed Industrial Feature,28.449327,77.5414841,industrial
Unnamed Industrial Feature,28.4541214,77.5367811,industrial
Unnamed Industrial Feature,28.4513476,77.5299278,industrial
Unnamed Industrial Feature,28.4561637,77.5268003,industrial
Unnamed Industrial Feature,28.3071648,77.2981814,industrial
Unnamed Industrial Feature,28.6857512,77.0990254,industrial
Unnamed Industrial Feature,28.680936,77.1470055,industrial
Wazirpur Depot,28.6938707,77.1560145,depot
Unnamed Industrial Feature,28.6858702,77.0891596,industrial
Pragati-III Combined Cycle Power Plant,28.7964571,77.0717398,industrial
Sector 27A,28.4350808,77.3072521,industrial
Unnamed Industrial Feature,28.3918024,77.3134717,industrial
Escorts Tractor Plant,28.3896791,77.3147572,industrial
Sector 6,28.3613249,77.319053,industrial
Sector 4,28.3510557,77.3201718,industrial
Sector 59,28.3088154,77.3078101,industrial
Unnamed Industrial Feature,28.3456758,77.3143338,industrial
Unnamed Industrial Feature,28.3377006,77.3143625,industrial
Sector 25,28.3351152,77.3079925,industrial
Sector 24,28.359065,77.3049549,machine_shop
Yamaha Motor India,28.3727584,77.3117597,industrial
Unnamed Industrial Feature,28.374927,77.2937587,industrial
Unnamed Industrial Feature,28.3753819,77.3024362,industrial
Badarpur Thermal Power Station,28.5044447,77.3079125,industrial
Barmer Power Plant,25.8965751,71.3285733,industrial
Giral Lignite Power Plant,26.0458044,71.2553071,industrial
Mother Dairy,28.6219244,77.2875443,industrial
Chhabra Thermal Power Station,24.6360519,77.0423516,industrial
Kawai Thermal Power Station,24.7787075,76.7352332,industrial
Unnamed Industrial Feature,24.964266,74.1203627,industrial
Transtech Green Power Plant Sanchore,24.8065411,71.5972483,industrial
Heavy Water Plant,24.8837647,75.6103363,industrial
Unnamed Industrial Feature,30.1862959,74.9434151,industrial
Industrial Growth Centre,30.1726994,74.9607905,industrial
Bharat Heavy Electrical Limited,23.2420392,77.4604508,industrial
Rajendra Nagar Industrial Area,28.6754982,77.3743877,industrial
Allahwasaya Textile,30.1711285,71.4985835,industrial
British Cotton Ginning Mills,30.173875,71.492586,industrial
Dryport,30.149167,71.4913845,industrial
Unnamed Industrial Feature,30.1573551,71.493791,industrial
Hussain Mills,30.171386,71.455475,industrial
Unnamed Industrial Feature,30.1718685,71.4784885,industrial
Unnamed Industrial Feature,30.175667,71.492425,industrial
Unnamed Industrial Feature,29.1047222,75.8569571,industrial
Unnamed Industrial Feature,29.1151857,75.8146703,industrial
Unnamed Industrial Feature,29.1286472,75.7966641,industrial
Unnamed Industrial Feature,29.1261817,75.7771282,industrial
Unnamed Industrial Feature,29.1287538,75.7641277,industrial
Unnamed Industrial Feature,29.1272868,75.7798609,industrial
Unnamed Industrial Feature,29.122261,75.7720708,industrial
Unnamed Industrial Feature,29.1316719,75.7552055,industrial
Unnamed Industrial Feature,29.1320116,75.749357,industrial
Unnamed Industrial Feature,29.1247195,75.7696893,industrial
Unnamed Industrial Feature,29.1673924,75.7565684,industrial
Unnamed Industrial Feature,29.1340564,75.7722984,industrial
Rajiv Gandhi Thermal Power Project,29.3490858,75.8627398,industrial
Unnamed Industrial Feature,29.1569039,73.8706882,industrial
Unnamed Industrial Feature,29.3214613,76.2947959,industrial
Sector 32,28.4511644,77.3113269,industrial
Sector 27C,28.4689049,77.3041174,industrial
Sector 35,28.4650015,77.3093904,industrial
Sector 27D,28.4813559,77.3028035,industrial
Unnamed Industrial Feature,28.4734011,77.2984969,industrial
Unnamed Industrial Feature,28.3656299,76.8815174,industrial
All India Radio SW,28.8223449,77.1260113,communication
Hero MotoCorp,28.4355872,77.0148197,factory
Unnamed Industrial Feature,28.4324639,77.0171732,industrial
Anta Thermal Power Station,25.1805579,76.3188247,industrial
Cimmco Wagon Factory,27.2357736,77.5030529,industrial
Unnamed Industrial Feature,26.7234872,77.8838372,industrial
Unnamed Industrial Feature,26.7339256,77.8944222,industrial
Unnamed Industrial Feature,28.3684887,73.5286899,industrial
Hyline Auto Pvt. Ltd.,28.2090107,77.0590536,industrial
Unnamed Industrial Feature,28.7467641,77.7296575,industrial
Unnamed Industrial Feature,27.0315104,74.7229624,industrial
gwalthai industrial area,31.4036025,76.4127505,industrial
Rail Coach Factory - RCF Kapurthala,31.310777,75.3389428,factory
uggi adda,31.2143696,75.4230619,industrial
uggi adda,31.2141388,75.4238172,industrial
Unnamed Industrial Feature,31.6748756,74.8838423,industrial
Unnamed Industrial Feature,30.843696,76.93006,industrial
National Fertilizer Limited,30.2490082,74.9176468,industrial
Unnamed Industrial Feature,30.2329438,74.9128123,industrial
Unnamed Industrial Feature,31.2151886,75.4241342,industrial
Unnamed Industrial Feature,31.3681751,76.3467226,chemical
National Fertilizers Limited,31.3667313,76.3568503,industrial
Unnamed Industrial Feature,31.3438878,75.6154078,industrial
Unnamed Industrial Feature,31.3446256,75.6180095,industrial
Unnamed Industrial Feature,31.337143,75.6157767,industrial
Unnamed Industrial Feature,31.3678458,75.5784623,industrial
Unnamed Industrial Feature,30.2728538,75.1657407,industrial
Guru Hargobind Thermal Plant,30.2631745,75.1706868,industrial
Unnamed Industrial Feature,30.3734378,76.1303674,industrial
Indian Oil Corporation Ltd. LPG Bootling Plant,30.3494366,76.123998,industrial
Kathua Industrial Area,32.3877077,75.5468369,industrial
Unnamed Industrial Feature,32.2757149,75.642244,depot
Unnamed Industrial Feature,30.6700422,76.7321764,industrial
Unnamed Industrial Feature,30.6693393,76.7392474,industrial
Sector 72,30.709825,76.7045788,industrial
Sector 73,30.7174895,76.6987595,industrial
Sector 75,30.702601,76.6926648,industrial
Sector 58,30.7220875,76.711068,industrial
Sector 57,30.7299851,76.7068102,industrial
Phase 2,30.6987227,76.7874204,industrial
Unnamed Industrial Feature,30.7214911,76.7679601,industrial
Unnamed Industrial Feature,30.7087134,76.7858093,industrial
Phase 1,30.7045354,76.8042492,industrial
Unnamed Industrial Feature,30.7415884,76.784494,industrial
Industrial Area Phase 2,30.6808377,76.8340421,industrial
Industrial Area Phase 1,30.6716608,76.8412549,industrial
Bharat Electronics,30.6885122,76.8296863,industrial
Unnamed Industrial Feature,30.2226687,75.8021243,industrial
Unnamed Industrial Feature,31.3957932,76.3279949,industrial
Unnamed Industrial Feature,30.8423702,76.9541501,industrial
HMT,30.778624,76.9065095,industrial
Valley Iron & Steel Co.,30.5216317,77.4749288,steelmaking
Unnamed Industrial Feature,31.1360054,76.1053738,industrial
Ambuja Cements Limited,31.2524414,76.9290692,industrial
Unnamed Industrial Feature,31.1331956,76.1110456,industrial
Unnamed Industrial Feature,31.3226151,76.2938857,industrial
Narayan Art Printers,31.7034899,76.9255088,industrial
Water Treatment Plant,31.7010765,76.9389253,industrial
Unnamed Industrial Feature,31.351285,76.7582204,industrial
BIROJA FACTORY,30.5693087,77.2914451,industrial
marketplace,30.3706188,76.7726738,industrial
Indian Oil,30.328071,76.839693,industrial
Unnamed Industrial Feature,30.2893685,76.9725212,industrial
Unnamed Industrial Feature,30.392199,76.8006963,industrial
Unnamed Industrial Feature,30.3999622,76.7927498,industrial
Unnamed Industrial Feature,30.3982325,76.8105202,industrial
Unnamed Industrial Feature,30.1946238,74.9420918,industrial
Unnamed Industrial Feature,30.3348132,76.8818883,industrial
STELCO Limited,30.2658692,75.2254377,industrial
Guru Nanak Dev Thermal Power Plant,30.2350364,74.9259011,power
Ambuja Fly Ash Cement Plant,30.2338406,74.9109666,industrial
PRTC Workshop,30.2045392,74.9447766,depot
Indian Acrylics Limited,30.2551889,75.9686832,industrial
Unnamed Industrial Feature,28.5153696,77.5060237,industrial
Surajpur Industrial Area,28.5161225,77.5177007,industrial
Unnamed Industrial Feature,28.5217246,77.4654532,industrial
Unnamed Industrial Feature,28.6185427,77.4741798,industrial
Unnamed Industrial Feature,28.568255,77.5411132,industrial
Unnamed Industrial Feature,28.6105362,77.4972006,industrial
Unnamed Industrial Feature,28.6320515,77.4646035,industrial
Unnamed Industrial Feature,31.9310959,75.9223521,industrial
Unnamed Industrial Feature,28.2929034,76.8555165,industrial
Unnamed Industrial Feature,28.228825,76.8061127,industrial
Unnamed Industrial Feature,28.2146529,76.7829779,industrial
Unnamed Industrial Feature,28.2336609,76.8033423,industrial
Unnamed Industrial Feature,28.0072716,76.4611632,industrial
Unnamed Industrial Feature,28.3118486,76.8765355,industrial
Unnamed Industrial Feature,28.3952845,76.8539248,industrial
Unnamed Industrial Feature,28.0148243,76.4704727,industrial
Unnamed Industrial Feature,28.7583168,77.5158685,industrial
Unnamed Industrial Feature,28.5173529,77.2850181,industrial
Kushak Nallah Bus Depot,28.5793518,77.2303329,depot
Unnamed Industrial Feature,28.8228243,77.5650472,industrial
Unnamed Industrial Feature,28.7746815,77.1206587,industrial
Unnamed Industrial Feature,28.7958383,77.1480303,industrial
Unnamed Industrial Feature,28.8469353,77.5814519,industrial
Unnamed Industrial Feature,28.7759479,77.1456212,industrial
Unnamed Industrial Feature,28.6893744,76.9838305,industrial
Unnamed Industrial Feature,28.7096077,76.8880318,industrial
Unnamed Industrial Feature,28.6987843,76.9207197,industrial
Unnamed Industrial Feature,28.6970213,76.9378825,industrial
Unnamed Industrial Feature,28.8018358,77.1298422,industrial
Unnamed Industrial Feature,28.6434112,77.1815835,industrial
Unnamed Industrial Feature,28.6779445,77.3811609,industrial
Unnamed Industrial Feature,28.6779302,77.3803256,industrial
Unnamed Industrial Feature,28.677976,77.3796224,industrial
Guru Gobind Singh Super Thermal Power Plant,31.0417401,76.5646905,industrial
Anaj Mandi,28.620259,76.9741432,industrial
Unnamed Industrial Feature,28.6190846,76.9737578,depot
Unnamed Industrial Feature,30.6943855,76.2452732,industrial
Unnamed Industrial Feature,30.6948646,76.2355643,industrial
Unnamed Industrial Feature,31.4098824,76.3445779,industrial
Unnamed Industrial Feature,31.3861301,76.3698234,industrial
Unnamed Industrial Feature,32.2840587,75.8568016,industrial
Slate Godown,32.2113138,76.3710653,industrial
Slate Godown,32.2094838,76.3691302,industrial
Slate Godown,32.2116303,76.371425,industrial
Unnamed Industrial Feature,29.7078599,77.0088028,industrial
Unnamed Industrial Feature,32.200728,76.3447929,industrial
Unnamed Industrial Feature,29.6709125,76.9995729,industrial
Unnamed Industrial Feature,29.6792369,77.0064572,industrial
Sector 3,29.6663211,76.9852241,industrial
Karnal Bus Depot,29.6900322,76.9869944,bus_depot
Unnamed Industrial Feature,29.6712524,76.9931069,industrial
Aravusala,10.3377268,76.221943,slaughterhouse
shopping complex;Golden Chicken Centre,10.555253,76.2266445,slaughterhouse
Unnamed Industrial Feature,10.1636011,76.2084233,scrap_yard
Unnamed Industrial Feature,11.4192079,75.8311035,sawmill
nippon toyota yard,10.5863168,76.1595775,scrap_yard
Mannarakkal Oil Mill,11.2882542,75.8068335,oil_mill
universal crap centre,10.618697,76.1144217,scrap_yard
"Suguna Daily Fressh, Amis Associates",8.5200895,76.9449469,slaughterhouse
Unnamed Industrial Feature,10.2471266,76.149365,slaughterhouse
chicken shop,10.6724364,76.1914318,slaughterhouse
Chicken and Fish Centre,10.6372729,76.130401,slaughterhouse
CHICKEN STORE,11.2444745,76.2035414,slaughterhouse
A B B Chicken,10.7569232,75.9295966,slaughterhouse
Unnamed Industrial Feature,11.2322799,76.053772,scrap_yard
Tritech Ready Mix concrete,10.5664714,76.2852115,concrete_plant
Kochi Port,9.9652737,76.2696847,port
FCI Kazhakkoottam,8.5556961,76.8720976,industrial
Unnamed Industrial Feature,9.5341025,76.5236373,industrial
Unnamed Industrial Feature,9.979653,76.2260802,industrial
Shiva Distilleries,11.1236399,76.9369982,industrial
KSB Pumps,11.1235717,76.9335432,industrial
Rail Side Container Terminal Cochin Harbour Terminus,9.9471641,76.2694819,industrial
Associate Cement Factory-Madukkarai,10.9061037,76.9558806,industrial
Adani Factory,10.8998308,76.9306538,industrial
Unnamed Industrial Feature,10.9511471,76.9849142,industrial
Larsen & Toubro Limited,10.9370825,76.9991197,industrial
Unnamed Industrial Feature,10.9571335,76.9736679,industrial
Unnamed Industrial Feature,10.9415559,76.9779249,industrial
Unnamed Industrial Feature,10.9556694,76.9760706,industrial
Unnamed Industrial Feature,11.0234063,76.9545381,industrial
Unnamed Industrial Feature,11.0365275,77.0194215,industrial
Indian Oil Depot,11.0278767,77.0812194,oil_storage
Cochin Special Economic Zone,10.0042907,76.3430549,industrial
William Gooadacre & Sons(i) Pvt Ltd,9.4989633,76.3278252,industrial
Central Products Dairy - Milma,9.427637,76.3456262,factory
Vallabhdas Limited,9.4958896,76.3208977,industrial
"Food Corporation Of India, Alappuzha",9.4930455,76.321386,industrial
Hindustan Petroleum Corporation Ltd,9.9867135,76.3556994,oil
Bharat Petroleum Coporation Limited,9.9820062,76.3539179,oil
Bharat Petroleum Corporation Ltd,9.9790007,76.3494497,oil
Milma,10.0352272,76.3133672,industrial
Rajiv Gandhi Combined Cycle Power Plant,9.2393282,76.4304992,industrial
Shipyard,9.818405,76.3594173,industrial
Indian Rare Earths,8.9820391,76.5263567,industrial
Kerala Minerals & Metals Limited,9.0012627,76.5318712,industrial
Unnamed Industrial Feature,8.9772252,77.381336,industrial
Unnamed Industrial Feature,10.7847747,75.9190893,port
BPCL pumping and storage plant,9.9895778,76.2229258,petroleum_terminal
Unnamed Industrial Feature,9.9951782,76.2748285,industrial
Pallippuram Power Grid,8.5929028,76.8592009,industrial
Food Corporation of India,10.8067672,76.6302139,industrial
Beypore Port,11.1667212,75.8074807,port
Kerala Water Authrity plant,11.2697363,75.9721571,industrial
Unnamed Industrial Feature,11.0859853,77.3418863,industrial
Unnamed Industrial Feature,11.0701981,77.3194822,industrial
Unnamed Industrial Feature,11.0628316,77.3292435,industrial
Unnamed Industrial Feature,11.0734754,77.3182639,industrial
Unnamed Industrial Feature,11.0575734,77.3112697,industrial
Unnamed Industrial Feature,11.053394,77.3194563,industrial
Unnamed Industrial Feature,11.0676887,77.3365586,industrial
Unnamed Industrial Feature,11.0730411,77.3264921,industrial
Unnamed Industrial Feature,11.0759847,77.3357663,industrial
Unnamed Industrial Feature,11.0889654,77.3400036,industrial
Unnamed Industrial Feature,11.0760415,77.3439601,industrial
Unnamed Industrial Feature,11.0822272,77.3346049,industrial
Unnamed Industrial Feature,10.5941472,76.2061777,industrial
Food Corporation of India,10.7668066,76.6545626,industrial
Jayem Automotives Ltd,11.0067365,77.0446391,industrial
Saroja Mills,11.0043511,77.0431066,industrial
Lakshmi Mills,11.0125551,76.9880815,industrial
Sujani Textiles,11.0003639,77.003228,industrial
KG Kannapiran Mills,11.0019076,77.0045819,industrial
Pangaja Mills,11.001544,76.995782,industrial
Vani Vilasa Water Works,12.3201606,76.6406819,industrial
Unnamed Industrial Feature,10.3477569,76.3178415,industrial
Unnamed Industrial Feature,10.8822247,76.9066153,industrial
Unnamed Industrial Feature,10.7959936,76.7691875,industrial
Unnamed Industrial Feature,10.792752,76.7394336,industrial
Unnamed Industrial Feature,10.8663876,76.8841595,industrial
Toyo Rubbers,9.9328669,76.7122246,industrial
Surya Rock Products,10.2050158,76.463957,industrial
Ramakrishna Mills,11.0519607,76.9904915,industrial
Rangsons Limited,12.3630869,76.601424,industrial
Kinfra Small Industries Park,10.0111608,76.5276128,industrial
Civil Supplies Godown,12.0408854,75.3557318,industrial
"Food Corporation of India, Avaneeswaram",9.0411753,76.8553422,industrial
Roots Industries India Ltd,11.0335004,76.9667195,factory
Unnamed Industrial Feature,11.7874482,76.0041337,industrial
Rangavilas Spinning mills,11.0238557,77.0090039,industrial
Kancor Ingredients Limited,10.1777847,76.3699496,industrial
Unnamed Industrial Feature,8.8937532,76.5830328,industrial
NSL Sugar,12.7017301,76.9785689,industrial
Ernakulam Installation,9.9717668,76.2918721,oil
Midas Polymer Compounds Private Limited,9.5085333,76.7712643,industrial
Tata Tea Factory,10.1060244,77.1185141,industrial
Kannan Devan Tea Factory,10.1039333,77.1189709,industrial
Agency for Development of Aquaculture Kerala (ADAK),8.7444298,76.6982938,industrial
Brahmapuram Diesel Power Plant,9.9979131,76.3738466,industrial
Travancore Cochin Chemicals,10.0775392,76.3026777,chemical
BSES Kochi Kerala Power Ltd,10.0735159,76.3191259,industrial
Travancore Titanium Products (TTP),8.5000374,76.9001061,factory
Unnamed Industrial Feature,8.5046466,76.8978324,industrial
Unnamed Industrial Feature,8.5552682,76.8635809,industrial
Kinfra International Apparel Parks,8.5537386,76.8590627,industrial
Unnamed Industrial Feature,8.497695,76.8967047,industrial
Unnamed Industrial Feature,8.4640254,76.9257042,industrial
English India Clay Limited - EICL,8.5136312,76.8941662,industrial
KSRTC Depot,8.4796029,76.947032,depot
Lakshmi Machine Works Limited,11.1492969,76.9521933,industrial
Pricol Limited,11.1587111,76.9439229,industrial
Synthite Industries Limited,11.2277163,76.9152176,industrial
Petronet LNG Limited,9.979653,76.2260792,petroleum_terminal
Unnamed Industrial Feature,12.2520661,76.839748,industrial
Unnamed Industrial Feature,12.3412062,76.915745,industrial
Bus Depot,10.9885282,76.9638376,depot
Milma Diary,8.9031161,76.5763675,industrial
Unnamed Industrial Feature,8.2934822,77.1029762,industrial
Punalur Paper Mills,9.0345936,76.9099437,industrial
Plywood Factory,9.0368925,76.9152986,industrial
Unnamed Industrial Feature,12.0991864,76.5480801,industrial
Unnamed Industrial Feature,12.5325081,76.9042227,industrial
Cashew Factory,9.05366,76.8567904,industrial
Indus Maruti Service Center,8.4887603,76.9596184,industrial
Parvathy Mills,8.8897456,76.5880442,textile
Unnamed Industrial Feature,11.02906,76.8989279,industrial
Unnamed Industrial Feature,11.0447953,77.0464372,industrial
Unnamed Industrial Feature,11.0513068,77.0455998,industrial
Unnamed Industrial Feature,11.0500537,77.0421049,industrial
Unnamed Industrial Feature,11.0509535,77.0442812,industrial
Unnamed Industrial Feature,11.0461465,77.0484935,industrial
Unnamed Industrial Feature,11.0487285,77.0497457,industrial
Unnamed Industrial Feature,11.0459592,77.0427191,industrial
Unnamed Industrial Feature,11.0501396,77.0493437,industrial
Unnamed Industrial Feature,11.0466838,77.0449504,industrial
Unnamed Industrial Feature,11.0480852,77.0489995,industrial
Unnamed Industrial Feature,11.051203,77.0431474,industrial
Unnamed Industrial Feature,11.047213,77.0445492,industrial
Unnamed Industrial Feature,11.0469512,77.0491081,industrial
Unnamed Industrial Feature,11.0509282,77.0487757,industrial
Unnamed Industrial Feature,11.045911,77.0462534,industrial
Unnamed Industrial Feature,11.0458787,77.0478869,industrial
Unnamed Industrial Feature,11.0478888,77.0480034,industrial
Unnamed Industrial Feature,11.0261003,77.0116428,industrial
Unnamed Industrial Feature,11.0240478,77.0141858,industrial
Unnamed Industrial Feature,12.3279265,76.6418551,industrial
Unnamed Industrial Feature,12.3257088,76.6503865,industrial
Unnamed Industrial Feature,12.3612016,76.6389911,industrial
Unnamed Industrial Feature,12.3593249,76.6307398,industrial
Unnamed Industrial Feature,12.3567749,76.6316041,industrial
Unnamed Industrial Feature,12.369956,76.6225136,industrial
Unnamed Industrial Feature,12.3620514,76.6299532,industrial
Unnamed Industrial Feature,12.3640833,76.632687,industrial
Unnamed Industrial Feature,12.3665796,76.6230858,industrial
Unnamed Industrial Feature,12.3586576,76.62565,industrial
Unnamed Industrial Feature,12.3605775,76.626114,industrial
Unnamed Industrial Feature,12.3637014,76.6212016,industrial
Unnamed Industrial Feature,12.3604454,76.6375453,industrial
Unnamed Industrial Feature,12.3632953,76.6333289,industrial
Unnamed Industrial Feature,12.3606197,76.6239657,industrial
Unnamed Industrial Feature,12.3617248,76.6351019,industrial
Unnamed Industrial Feature,12.3606636,76.6336841,industrial
Unnamed Industrial Feature,12.3648947,76.6197352,industrial
Unnamed Industrial Feature,12.3560814,76.6352,industrial
Unnamed Industrial Feature,12.3607995,76.6288371,industrial
Unnamed Industrial Feature,12.3565856,76.6189564,industrial
Kinfra,9.1247326,76.8108802,industrial
Food Corporation of India - FCI,11.2839629,75.7666196,industrial
Food Corporation of India - FCI,11.2876117,75.7649828,food_industry
Unnamed Industrial Feature,11.2940344,75.762997,industrial
Unnamed Industrial Feature,11.2654077,75.76856,industrial
Unnamed Industrial Feature,11.2699877,75.7669889,industrial
Unnamed Industrial Feature,11.2651738,75.7667386,industrial
Commonwealth Tile Factory,11.2543299,75.7937471,industrial
Food Corporation of India,10.1912502,76.3748504,industrial
Travancore Cements Ltd,9.5599566,76.5105741,industrial
Unnamed Industrial Feature,11.2847208,75.7921617,industrial
Unnamed Industrial Feature,11.0575342,76.9450188,industrial
Unnamed Industrial Feature,11.0579129,76.9449202,industrial
Unnamed Industrial Feature,11.0581823,76.9467039,industrial
Unnamed Industrial Feature,11.056976,76.9450758,industrial
Unnamed Industrial Feature,11.055808,76.9463434,industrial
Techno Park (Food) Kakkancheri,11.1507346,75.8899394,industrial
Fluidic Control Research Institute,10.7946406,76.7272047,industrial
Instrumentation Limited,10.7933777,76.7245354,industrial
Old Birla Wood Stockyard,11.8520388,75.5657599,industrial
E.P.Industrial Estate,10.7741007,76.4259148,industrial
Unnamed Industrial Feature,10.6256337,76.9043773,industrial
Unnamed Industrial Feature,10.6348426,76.8992745,industrial
"Traco Cable Company, House Wires Unit",11.8022886,75.4907295,industrial
"SSS Food Production, Ennappadam",10.7513439,76.7260534,industrial
Unnamed Industrial Feature,10.6222895,76.7908647,industrial
Malabar Cement Factory-Walayar,10.84982,76.8352235,industrial
Unnamed Industrial Feature,10.3517638,76.2727354,industrial
Kerala State Industrial Development Coorporation,11.4730602,75.86973,industrial
Vikasbhavan KSRTC Bus Depot,8.5087688,76.946965,depot
Coca Cola Company,10.6470351,76.8195513,industrial
UNILEC,8.8724154,76.6308302,industrial
Meriya Petroleum Gas Bottling Plant,9.8174098,76.4800545,industrial
Tata Tea and Coffee Factory,10.283834,76.8641821,industrial
Muttom Metro Yard,10.0769178,76.3403656,depot
Perumathura Fishing Harbour,8.6360447,76.7857946,port
Aysha Hosiery Factory,11.8377881,75.5876316,industrial
Kerala State Industrial Development Corporation Industrial Growth Centre,11.8267855,75.613073,industrial
Rubco Industrial Complex,11.8261987,75.6089611,industrial
Kottayam Port And Container Terminal (KPACT),9.5582108,76.5063818,port
Unnamed Industrial Feature,9.5690154,76.5181017,industrial
Unnamed Industrial Feature,9.569502,76.5209915,industrial
Unnamed Industrial Feature,9.5754741,76.5208879,industrial
Unnamed Industrial Feature,9.5657225,76.5230086,industrial
Unnamed Industrial Feature,8.4849264,76.9506243,industrial
Unnamed Industrial Feature,9.9684739,76.2951157,industrial
Riza cashews,8.9079037,76.6406322,industrial
Unnamed Industrial Feature,8.9072489,76.636111,industrial
Unnamed Industrial Feature,8.9039438,76.6237718,industrial
P J Marketing,10.0428912,76.2273879,industrial
Kadangode Quarry,10.7126797,76.1363932,industrial
Unnamed Industrial Feature,12.4470584,75.055718,industrial
Mangalath Granites,10.723686,76.3559307,industrial
Alauddin Textile Mills,24.2311955,89.9582979,factory
Truck Stand and Weight Bridge,27.4837297,95.3935172,depot
Unnamed Industrial Feature,26.0949396,91.7861321,depot
Numaligarh Refinery,26.5824092,93.7872127,refinery
Bongaigaon Refinery,26.5194649,90.5314355,refinery
Guwahati Refinery,26.1849678,91.8092826,refinery
Unnamed Industrial Feature,26.1851127,91.6777598,industrial
Unnamed Industrial Feature,27.3988262,95.1174482,industrial
Unnamed Industrial Feature,24.8706595,93.9264029,industrial
railway workshop,27.4788968,94.9254238,industrial
Unnamed Industrial Feature,24.3647435,92.1665869,industrial
Unnamed Industrial Feature,27.172904,94.947806,industrial
Unnamed Industrial Feature,27.1482156,94.8976546,industrial
Loco Shed,26.827874,92.6795174,industrial
Jamuna Fertilizer Company Limited,24.6807321,89.8252231,industrial
Unnamed Industrial Feature,26.6143005,92.9373328,industrial
Hindustan Paper Corporation Limited,24.8557706,92.5957239,industrial
Unnamed Industrial Feature,26.0208267,93.7671991,industrial
RPCL Mymensingh Power Plant,24.7628178,90.4181705,industrial
Unnamed Industrial Feature,26.1135186,91.7744691,industrial
Unnamed Industrial Feature,27.3531417,95.3190913,industrial
Unnamed Industrial Feature,26.1956476,91.7059263,industrial
Unnamed Industrial Feature,27.354612,95.3117394,industrial
Digboi Refinery,27.3901211,95.6193511,refinery
Unnamed Industrial Feature,27.1864301,95.3718868,industrial
BVFCL,27.1775422,95.3528123,industrial
Namrup Thermal Power Station,27.1866074,95.3757367,industrial
Betkuchi Terminal IOCL,26.1161032,91.7317134,industrial
Bongaigaon coal power plant,26.4437565,90.3633492,industrial
Nasir Glassware & Tube Industries Limited,24.0986863,90.1392288,industrial
BSSIC,24.2390781,89.9460605,industrial
Pandu Port,26.1703013,91.6778402,port
Unnamed Industrial Feature,26.1676408,91.6784787,industrial
NST Yard,26.3307609,94.5323512,industrial
Unnamed Industrial Feature,25.6656906,91.9136637,industrial
LafargeHolcim Bangladesh Ltd. Surma Plant,25.0349425,91.6482041,factory
Unnamed Industrial Feature,26.0643266,91.5535095,industrial
Unnamed Industrial Feature,27.4815559,95.3488418,industrial
Unnamed Industrial Feature,27.4408189,94.3174571,industrial
Biswanath Charaili substation,26.7407972,93.2200658,industrial
Unnamed Industrial Feature,27.1835174,93.967704,industrial
Unnamed Industrial Feature,24.8901582,90.6993243,brickyard
Unnamed Industrial Feature,24.8927348,90.7405623,brickyard
Unnamed Industrial Feature,24.6983992,90.9771098,brickyard
Unnamed Industrial Feature,25.0890973,90.1930402,industrial
Unnamed Industrial Feature,24.8008535,90.7482711,industrial
Unnamed Industrial Feature,25.1204162,90.6946857,industrial
Fenchuganj Combined Cycle Gas Turbine Station,24.6869351,91.9188377,industrial
Unnamed Industrial Feature,26.7488945,94.2231231,industrial
Assam Gas Based Power Plant Bokuloni,27.3418387,95.4072527,industrial
LTPS,26.9847929,94.9304693,industrial
Unnamed Industrial Feature,26.7286913,94.1928437,industrial
Unnamed Industrial Feature,26.7670153,94.2368228,industrial
Tharmex Group,24.1115169,90.7447696,industrial
Unnamed Industrial Feature,24.5089873,89.9716993,industrial
Substation Control Room,27.2613771,91.2652577,industrial
Unnamed Industrial Feature,25.860006,89.7029644,industrial
Unnamed Industrial Feature,26.8073267,91.5296766,industrial
Unnamed Industrial Feature,27.4891001,94.9295159,industrial
FCI,27.4859842,95.3672746,industrial
Unnamed Industrial Feature,27.1116963,94.884658,industrial
Unnamed Industrial Feature,27.2966186,95.7355741,industrial
Unnamed Industrial Feature,26.7930202,93.557892,industrial
Solid Waste Treatment Plant,26.9076128,90.4227908,industrial
Gelephu Centennial Distillery,26.9048432,90.4331072,industrial
Boil Mill,24.2751929,89.9137252,industrial
Unnamed Industrial Feature,26.7547934,93.0729854,industrial
James Finlay Tea Factory,24.2576315,91.73678,factory
Unnamed Industrial Feature,27.2955098,91.5443055,industrial
Jute Mill,24.758377,89.8412586,industrial
Unnamed Industrial Feature,27.2741273,91.5039213,industrial
Unnamed Industrial Feature,27.4605259,94.945945,industrial
Barakatullah Electro Dynamics Limited,24.6827285,91.9187186,industrial
অলিলা গ্লাস ইন্ডাস্ট্রিজ লিমিটেড,24.3025255,91.6475864,industrial
Solid waste disposal site,26.1134435,91.6785211,industrial
Spey Bottlers Private Limited,26.0997325,91.6174371,manufacturing
Unnamed Industrial Feature,24.6917915,90.8828722,industrial
Unnamed Industrial Feature,25.087209,89.7681756,industrial
Unnamed Industrial Feature,25.1453306,89.7485817,industrial
Unnamed Industrial Feature,25.1009942,89.7351353,industrial
Unnamed Industrial Feature,25.0741528,89.7782579,industrial
Unnamed Industrial Feature,25.0786544,89.7704578,industrial
Unnamed Industrial Feature,25.075949,89.7710387,industrial
Unnamed Industrial Feature,25.0815162,89.7693371,industrial
Unnamed Industrial Feature,25.0773218,89.7784592,industrial
Unnamed Industrial Feature,25.0585041,89.8693715,industrial
Unnamed Industrial Feature,24.8990231,89.7918733,industrial
Unnamed Industrial Feature,24.9099542,89.7406237,industrial
Unnamed Industrial Feature,24.8333484,89.7819632,industrial
Unnamed Industrial Feature,24.9949648,89.8270333,industrial
"Padma Oil Company Limited, Sylhet",24.8853844,91.8640383,industrial
Unnamed Industrial Feature,25.9461843,89.8893045,industrial
"C.P. Bangladesh Co., Ltd. (Sylhet Hatchery)",24.259946,91.3800663,industrial
Shahjibazar Power Company Limited,24.2550465,91.3767395,industrial
Energyprima Ltd,24.2552033,91.3783359,industrial
Shahjibazar CCPP,24.252921,91.376007,industrial
Pioneer Denim Limited,24.2237259,91.3625531,industrial
Bangladesh Hardland Ceramics Co. Ltd.,24.1526225,91.3461167,industrial
Fu-Wang Ceramic Industry Limited ফু-ওয়াং সিরামিকস ইন্ডাস্ট্রিজ লিমিটেড,24.1291228,90.4137609,industrial
Bhaluka Industrial Area ভালুকা শিল্প এলাকা,24.4592997,90.3838909,industrial
T.S.T Bricks,24.929259,91.7009537,brickyard
Unnamed Industrial Feature,24.8621756,91.8592322,industrial
Unnamed Industrial Feature,24.8605183,91.8800967,brickyard
Madhupur food storage,24.6136179,90.0324196,industrial
Unnamed Industrial Feature,24.4865676,92.4374212,industrial
Unnamed Industrial Feature,24.6262239,90.9548007,industrial
Tetli Bric Fild,24.851957,91.8322486,brickyard
Unnamed Industrial Feature,24.7744966,90.8601566,industrial
Unnamed Industrial Feature,24.6377769,90.9186652,industrial
Assam Tube Factory,26.1819489,91.6691373,industrial
Unnamed Industrial Feature,24.8790389,91.9253285,brickyard
Unnamed Industrial Feature,24.9267293,91.9130244,industrial
Unnamed Industrial Feature,24.9861431,91.857647,brickyard
ফরহাদ এন্টারপ্রাইজ এন্ড স্টোন ক্রাশার,24.9777857,91.8594468,brickyard
Unnamed Industrial Feature,24.9404631,91.8069982,brickyard
Unnamed Industrial Feature,24.9392142,91.8068708,brickyard
Unnamed Industrial Feature,24.942036,91.8026363,industrial
Unnamed Industrial Feature,24.9447696,91.8078357,brickyard
Unnamed Industrial Feature,24.9326613,91.7003703,brickyard
Unnamed Industrial Feature,26.062943,89.7023646,industrial
Cement Factory,25.2602725,91.7104608,factory
Unnamed Industrial Feature,24.6642281,90.6041828,industrial
Unnamed Industrial Feature,24.6675401,90.6055791,industrial
Unnamed Industrial Feature,24.669978,90.6015985,industrial
Unnamed Industrial Feature,24.6716385,90.6064452,industrial
Unnamed Industrial Feature,24.6745341,90.6038725,industrial
Unnamed Industrial Feature,24.6749559,90.6041317,industrial
Unnamed Industrial Feature,24.6727996,90.5869853,industrial
Unnamed Industrial Feature,24.6771668,90.5919133,industrial
Unnamed Industrial Feature,24.6908457,90.6256245,industrial
Unnamed Industrial Feature,24.6187727,90.6166077,brickyard
Unnamed Industrial Feature,24.9944135,89.7543325,industrial
chimney,24.421118,90.7461986,industrial
Unnamed Industrial Feature,24.4503775,90.7483095,brickyard
Unnamed Industrial Feature,24.3952839,90.7651431,brickyard
Unnamed Industrial Feature,24.3911922,90.7650149,brickyard
Unnamed Industrial Feature,24.3888081,90.7694802,brickyard
Unnamed Industrial Feature,24.3872788,90.765025,brickyard
Unnamed Industrial Feature,24.3894529,90.7596914,brickyard
Unnamed Industrial Feature,24.3812777,90.7337478,brickyard
Unnamed Industrial Feature,24.3773578,90.7119226,brickyard
Unnamed Industrial Feature,24.4022785,90.7511741,brickyard
Unnamed Industrial Feature,24.4019866,90.7441749,brickyard
Unnamed Industrial Feature,24.4184829,90.6889897,industrial
Unnamed Industrial Feature,24.4067226,90.813337,brickyard
Unnamed Industrial Feature,24.4343677,90.6901417,industrial
Unnamed Industrial Feature,24.4311186,90.6832337,industrial
Unnamed Industrial Feature,24.4168465,90.5436958,brickyard
Unnamed Industrial Feature,24.3666176,90.5858267,brickyard
Unnamed Industrial Feature,24.3803414,90.5733356,brickyard
Unnamed Industrial Feature,24.3761973,90.5781334,brickyard
Unnamed Industrial Feature,24.4013613,90.6049615,industrial
Unnamed Industrial Feature,24.4084105,90.6199282,industrial
Unnamed Industrial Feature,24.6562725,90.4105301,brickyard
Unnamed Industrial Feature,24.6489479,90.4099039,brickyard
Unnamed Industrial Feature,24.6487218,90.4165303,brickyard
Unnamed Industrial Feature,24.1126203,90.0964442,industrial
Unnamed Industrial Feature,24.6592546,90.3850171,industrial
Unnamed Industrial Feature,24.6647968,90.4036895,industrial
Unnamed Industrial Feature,24.6629184,90.4149806,brickyard
Unnamed Industrial Feature,24.6629062,90.4136617,brickyard
Unnamed Industrial Feature,26.1318869,91.6221536,industrial
Unnamed Industrial Feature,25.8914858,89.7147336,industrial
Unnamed Industrial Feature,24.2755919,90.6875715,industrial
Unnamed Industrial Feature,24.4403272,90.6680444,brickyard
Unnamed Industrial Feature,24.5751538,90.6151418,brickyard
Unnamed Industrial Feature,24.6399351,90.718769,industrial
Unnamed Industrial Feature,24.5610493,90.7493699,brickyard
Unnamed Industrial Feature,24.563809,90.7515992,brickyard
Unnamed Industrial Feature,24.5634016,90.7441716,brickyard
Unnamed Industrial Feature,24.5656685,90.7455214,brickyard
Unnamed Industrial Feature,24.5712437,90.743094,brickyard
Unnamed Industrial Feature,24.5728988,90.74368,industrial
Unnamed Industrial Feature,24.5761448,90.6700896,industrial
Unnamed Industrial Feature,24.5887526,90.6572559,industrial
Unnamed Industrial Feature,24.5522491,90.6892553,industrial
Unnamed Industrial Feature,24.4369526,90.8191949,industrial
Unnamed Industrial Feature,24.7710819,90.4474522,industrial
Unnamed Industrial Feature,24.7504939,90.3680849,brickyard
Unnamed Industrial Feature,24.7429448,90.4937276,brickyard
Unnamed Industrial Feature,24.7288081,90.3740342,brickyard
Unnamed Industrial Feature,24.7325934,90.3798182,brickyard
Unnamed Industrial Feature,24.7345208,90.3787143,brickyard
Unnamed Industrial Feature,24.7384132,90.3615316,brickyard
Unnamed Industrial Feature,24.7311875,90.3953059,brickyard
Unnamed Industrial Feature,24.735074,90.3956623,brickyard
Unnamed Industrial Feature,26.208757,91.8526705,brickyard
Unnamed Industrial Feature,26.1841771,91.8420713,industrial
Oil India Limited Pipeline Headquarters,26.1717802,91.8352019,industrial
Unnamed Industrial Feature,26.1638389,91.8345924,industrial
Unnamed Industrial Feature,24.704623,90.3142835,brickyard
Unnamed Industrial Feature,24.7140167,90.3880366,brickyard
Unnamed Industrial Feature,24.7266502,90.3959353,brickyard
Unnamed Industrial Feature,24.6995858,90.3237696,brickyard
Unnamed Industrial Feature,24.698661,90.3373011,industrial
Unnamed Industrial Feature,24.8006686,90.4397146,industrial
Unnamed Industrial Feature,24.7082216,90.3390137,brickyard
Unnamed Industrial Feature,24.7316377,90.3824494,brickyard
Unnamed Industrial Feature,24.7268314,90.3760252,brickyard
Unnamed Industrial Feature,24.7349915,90.3923468,brickyard
Unnamed Industrial Feature,24.7295056,90.3936168,industrial
Unnamed Industrial Feature,24.7301469,90.3946196,brickyard
Unnamed Industrial Feature,24.7233069,90.397887,industrial
Unnamed Industrial Feature,24.6782554,90.4294941,brickyard
Unnamed Industrial Feature,24.72609,90.3850673,brickyard
Unnamed Industrial Feature,24.6779456,90.4253197,industrial
Unnamed Industrial Feature,24.6825999,90.4252019,industrial
Unnamed Industrial Feature,24.7119101,90.345549,industrial
Unnamed Industrial Feature,24.7144424,90.3732794,brickyard
Unnamed Industrial Feature,24.7252303,90.3804074,brickyard
Unnamed Industrial Feature,24.6924341,90.3773471,industrial
Unnamed Industrial Feature,24.7313186,90.3717395,brickyard
Unnamed Industrial Feature,24.7277066,90.3703263,brickyard
Unnamed Industrial Feature,24.715956,90.3818813,brickyard
Unnamed Industrial Feature,24.7148604,90.3813652,brickyard
Unnamed Industrial Feature,24.7267277,90.3717556,brickyard
Unnamed Industrial Feature,24.7074636,90.4126021,brickyard
Unnamed Industrial Feature,24.6912921,90.4121071,industrial
Unnamed Industrial Feature,24.7248979,90.3695157,industrial
Unnamed Industrial Feature,24.7039038,90.4100299,brickyard
Summit Bibiyana II Power Plant,24.637126,91.6608427,industrial
Bibiyana South Power Plant,24.6351677,91.6605819,industrial
Brick kiln Shaddat Hossain,25.6275891,89.8523694,industrial
Brick kiln owner Shahidul Islam ( ইটের ভাটা মালিক শহীদুল ইসলাম ),25.6225795,89.8500295,industrial
Unnamed Industrial Feature,24.342825,90.7215343,brickyard
Unnamed Industrial Feature,24.3400978,90.7183285,brickyard
Unnamed Industrial Feature,24.352581,90.7556132,brickyard
Maanuri Textile Mills,24.4123835,90.7587647,industrial
Unnamed Industrial Feature,25.5625687,89.8203858,industrial
Unnamed Industrial Feature,24.9188637,89.9687174,brickyard
Unnamed Industrial Feature,24.1031828,90.1809892,industrial
Unnamed Industrial Feature,24.105637,90.1819737,brickyard
Unnamed Industrial Feature,24.102458,90.1861057,brickyard
Unnamed Industrial Feature,24.1113072,90.1743919,brickyard
Unnamed Industrial Feature,24.1063179,90.150936,brickyard
Unnamed Industrial Feature,24.1076845,90.1590765,brickyard
Unnamed Industrial Feature,24.1114548,90.1680067,brickyard
Unnamed Industrial Feature,24.1204309,90.1587935,brickyard
Unnamed Industrial Feature,24.1172619,90.1640506,brickyard
Unnamed Industrial Feature,24.1154477,90.175979,brickyard
Unnamed Industrial Feature,24.1148915,90.1721335,brickyard
Unnamed Industrial Feature,24.1204396,90.1694614,industrial
Unnamed Industrial Feature,24.1159173,90.1700989,industrial
Unnamed Industrial Feature,24.1190997,90.16747,brickyard
Unnamed Industrial Feature,24.1173538,90.1763088,brickyard
Unnamed Industrial Feature,24.1196087,90.1771607,brickyard
Unnamed Industrial Feature,24.1179602,90.1745072,brickyard
Unnamed Industrial Feature,24.1179724,90.1730132,brickyard
Unnamed Industrial Feature,24.1202258,90.171935,brickyard
Unnamed Industrial Feature,24.1394365,90.0295432,industrial
Unnamed Industrial Feature,24.1149502,90.1643957,brickyard
Unnamed Industrial Feature,24.1156162,90.1625973,brickyard
Unnamed Industrial Feature,24.115446,90.1624882,brickyard
Unnamed Industrial Feature,24.1161618,90.1656725,brickyard
Unnamed Industrial Feature,24.116107,90.1656895,brickyard
Unnamed Industrial Feature,24.1081278,90.1516762,brickyard
Unnamed Industrial Feature,24.1077305,90.1493468,brickyard
Unnamed Industrial Feature,26.1714037,89.7125583,industrial
Unnamed Industrial Feature,26.1713747,89.7130414,industrial
Unnamed Industrial Feature,24.3181985,90.6833061,brickyard
Unnamed Industrial Feature,24.2551459,90.7788187,brickyard
Unnamed Industrial Feature,24.2545949,90.7816818,brickyard
Unnamed Industrial Feature,24.2524548,90.8126972,brickyard
Unnamed Industrial Feature,24.2464351,90.8192198,brickyard
Unnamed Industrial Feature,24.2477123,90.823125,brickyard
ইটভাটা,24.6820138,90.8535545,brickyard
BSCIC Estate,24.869559,90.6934154,industrial
Unnamed Industrial Feature,24.9070849,90.8108706,brickyard
Unnamed Industrial Feature,24.9137663,90.6565686,grinding_mill
Unnamed Industrial Feature,24.8389421,90.7585714,brickyard
Unnamed Industrial Feature,24.9076079,90.8250686,industrial
Unnamed Industrial Feature,24.9098338,90.825779,industrial
Unnamed Industrial Feature,24.9104925,90.8253727,industrial
Unnamed Industrial Feature,26.1227773,92.2225455,industrial
Unnamed Industrial Feature,26.7805636,92.2520605,industrial
Unnamed Industrial Feature,26.9542301,94.5460157,industrial
Unnamed Industrial Feature,26.9722878,94.5869945,industrial
Unnamed Industrial Feature,27.3790605,95.092163,industrial
Unnamed Industrial Feature,24.3199307,91.4431921,brickyard
Unnamed Industrial Feature,26.1131765,91.8917728,industrial
Unnamed Industrial Feature,26.0986094,91.5251711,industrial
Unnamed Industrial Feature,26.0309395,91.2729951,industrial
Unnamed Industrial Feature,24.3135517,90.6841946,brickyard
Unnamed Industrial Feature,24.6451651,90.7302748,brickyard
Unnamed Industrial Feature,24.7278037,90.7708776,brickyard
Unnamed Industrial Feature,24.7326451,90.7810707,brickyard
Unnamed Industrial Feature,24.6825304,90.8311534,brickyard
Unnamed Industrial Feature,24.5729195,90.8114447,brickyard
Unnamed Industrial Feature,24.5727701,90.8185458,brickyard
Unnamed Industrial Feature,24.6889105,90.8568209,brickyard
Unnamed Industrial Feature,24.7753742,90.8381769,brickyard
Unnamed Industrial Feature,24.7291623,91.0435356,industrial
Unnamed Industrial Feature,24.7275453,91.0431488,industrial
Unnamed Industrial Feature,24.7344734,90.9057646,brickyard
Unnamed Industrial Feature,24.6770154,91.0532169,industrial
Unnamed Industrial Feature,24.6786954,91.0532364,industrial
Unnamed Industrial Feature,24.6803624,91.0518712,industrial
Unnamed Industrial Feature,24.683861,91.0522314,industrial
Unnamed Industrial Feature,24.6809503,91.0502905,industrial
Tirhut Dugdh Utpadak Sahakari Sangh,26.1570645,85.3423839,factory
Unnamed Industrial Feature,25.0088296,88.1643535,industrial
Unnamed Industrial Feature,25.0192313,88.1545466,industrial
Unnamed Industrial Feature,25.7878851,84.7464921,industrial
Sagardighi Thermal Power Station,24.3651675,88.1051775,industrial
Sirsiya Inland Container Depot,27.0200892,84.8502584,industrial
Unnamed Industrial Feature,26.9872833,84.8522233,industrial
Unnamed Industrial Feature,26.9859078,84.8494891,industrial
Unnamed Industrial Feature,26.9874916,84.8457603,industrial
Unnamed Industrial Feature,26.9894722,84.8520394,industrial
Unnamed Industrial Feature,26.9869322,84.8544096,industrial
Unnamed Industrial Feature,26.9922773,84.8375387,industrial
Unnamed Industrial Feature,26.9936339,84.8601117,industrial
Unnamed Industrial Feature,25.7090036,86.1912917,industrial
Unnamed Industrial Feature,25.409774,86.0291016,industrial
Unnamed Industrial Feature,25.3994831,86.0251682,industrial
Unnamed Industrial Feature,27.1133552,84.460169,industrial
Unnamed Industrial Feature,25.0345564,88.1584481,industrial
Unnamed Industrial Feature,25.0546089,88.1516185,industrial
Unnamed Industrial Feature,25.0652609,88.1454302,industrial
Unnamed Industrial Feature,25.8777907,87.1881748,industrial
Harnaut Coach Repair Workshop,25.3725578,85.5432178,industrial
Chandra Shiva Rice and Oil Mills Pvt. Ltd.,26.4848738,87.2838475,rice_mill
Barh Super Thermal Power Station,25.4877023,85.7542106,industrial
Hetauda Cement Factory,27.4092252,85.0132865,industrial
Hetauda Industrial District,27.4040499,85.0288251,industrial
Nepal Oil Corporation,27.2762921,84.9873262,industrial
Unnamed Industrial Feature,27.0692161,84.894975,industrial
Unnamed Industrial Feature,26.1458097,83.5377386,factory
Unnamed Industrial Feature,26.1523277,83.4664387,factory
Unnamed Industrial Feature,26.1528016,83.4647619,factory
Unnamed Industrial Feature,26.1448032,83.5339403,factory
Unnamed Industrial Feature,26.0795813,83.5491793,factory
Unnamed Industrial Feature,26.163126,83.4572298,factory
Unnamed Industrial Feature,26.1311314,83.5287628,factory
Unnamed Industrial Feature,26.1062368,83.5529487,factory
Unnamed Industrial Feature,26.0837671,83.5466239,factory
Unnamed Industrial Feature,26.1670788,83.4820967,factory
Unnamed Industrial Feature,26.1591997,83.448819,factory
Unnamed Industrial Feature,26.115496,83.5220144,factory
Unnamed Industrial Feature,26.0677497,83.5768278,factory
Unnamed Industrial Feature,26.0673633,83.582498,factory
Unnamed Industrial Feature,26.0674624,83.5622898,factory
Unnamed Industrial Feature,26.0468303,83.565356,brickyard
Unnamed Industrial Feature,26.1164678,83.526383,factory
Unnamed Industrial Feature,26.1458209,83.5191125,factory
Unnamed Industrial Feature,26.1545706,83.4653162,factory
Unnamed Industrial Feature,26.1172723,83.5241396,factory
Unnamed Industrial Feature,26.1436812,83.522132,factory
Unnamed Industrial Feature,26.0769531,83.545746,factory
Unnamed Industrial Feature,26.1524979,83.5463448,factory
Unnamed Industrial Feature,26.1419599,83.5220082,factory
Unnamed Industrial Feature,25.8978123,83.7581366,factory
Unnamed Industrial Feature,25.8899483,83.7629685,factory
Unnamed Industrial Feature,25.91726,83.7612784,factory
Unnamed Industrial Feature,25.9334385,83.7704574,factory
Unnamed Industrial Feature,25.9206601,83.7602331,factory
Unnamed Industrial Feature,25.9312168,83.7663955,factory
Unnamed Industrial Feature,25.915143,83.7411985,factory
Cement Factory,26.7900445,86.6312786,industrial
Brick Factory,26.441892,86.2783664,industrial
Brick Kiln,26.5044256,86.2854169,industrial
Brick Kiln,26.4982459,86.2874659,industrial
Unnamed Industrial Feature,26.5948585,86.1305213,industrial
Unnamed Industrial Feature,27.083055,84.9181003,industrial
Shivam Cement Factory Limited,27.3853268,85.1041077,industrial
Unnamed Industrial Feature,25.3803806,85.9755366,industrial
Unnamed Industrial Feature,25.3757407,85.9814396,industrial
Maruti Cement,26.8108821,86.2797798,industrial
Gajendra Nayaran Audhyogik Kshetra,26.5725895,86.7356218,factory
batala factory,25.5907104,85.0425613,industrial
Unnamed Industrial Feature,27.026255,85.0655326,industrial
Unnamed Industrial Feature,27.0129019,85.0451515,industrial
Unnamed Industrial Feature,26.8813717,85.1971065,industrial
Surya Nepal,27.1618666,84.9734402,industrial
Jagadamba Industries,27.1713338,84.9739388,industrial
Hama Industries,27.1666632,84.9744431,industrial
Unnamed Industrial Feature,27.3796435,85.0404752,industrial
Unnamed Industrial Feature,27.3945504,85.0287821,industrial
Unnamed Industrial Feature,27.4126745,85.0277138,industrial
Aluminium Scrop,27.4125705,85.0255889,industrial
Beer Factory,27.4112612,85.0291682,industrial
Fatwah Industrial Area,25.5019631,85.3142409,industrial
Unnamed Industrial Feature,27.28889,86.0507109,industrial
Unnamed Industrial Feature,27.183957,84.9781101,industrial
Khandsari Sugar Mill,27.4570125,83.8736394,industrial
Unnamed Industrial Feature,26.9447209,85.2881082,brickyard
Unnamed Industrial Feature,26.9495719,85.2869454,brickyard
Unnamed Industrial Feature,26.9429191,85.2931914,brickyard
Unnamed Industrial Feature,26.9434567,85.2977134,brickyard
Unnamed Industrial Feature,26.7025717,85.5364896,industrial
Unnamed Industrial Feature,26.7072685,85.5436854,industrial
Unnamed Industrial Feature,26.7786857,85.4983473,industrial
Unnamed Industrial Feature,26.7082721,85.5280807,industrial
Unnamed Industrial Feature,26.7079782,85.5194077,industrial
Unnamed Industrial Feature,26.7886798,85.4921704,industrial
Unnamed Industrial Feature,26.3477423,88.0237279,industrial
Unnamed Industrial Feature,26.3487418,88.0218931,industrial
Unnamed Industrial Feature,26.3508011,88.0254897,industrial
Unnamed Industrial Feature,26.351196,88.0220508,industrial
Unnamed Industrial Feature,26.351672,88.019986,industrial
Unnamed Industrial Feature,26.337238,87.9963953,industrial
Unnamed Industrial Feature,27.4052174,85.9200569,industrial
Unnamed Industrial Feature,27.5015513,85.6131072,industrial
Unnamed Industrial Feature,27.4382384,85.8053695,industrial
Unnamed Industrial Feature,27.444735,85.8266793,industrial
Unnamed Industrial Feature,27.4200167,85.861078,industrial
Unnamed Industrial Feature,27.5014668,83.3492014,industrial
Unnamed Industrial Feature,27.5081031,83.3620418,industrial
Unnamed Industrial Feature,27.5041406,83.365407,industrial
Unnamed Industrial Feature,27.5074777,83.3750185,industrial
Unnamed Industrial Feature,27.5003913,83.3722055,industrial
Unnamed Industrial Feature,26.7803629,86.3223675,industrial
Unnamed Industrial Feature,26.7921038,86.3213621,industrial
Unnamed Industrial Feature,26.7972933,86.3229304,industrial
Unnamed Industrial Feature,26.7916174,86.341324,industrial
Unnamed Industrial Feature,26.7991409,86.32262,industrial
Unnamed Industrial Feature,26.7761567,86.3316767,industrial
Unnamed Industrial Feature,26.7874839,86.3172919,industrial
Unnamed Industrial Feature,26.7756645,86.3222885,industrial
Unnamed Industrial Feature,26.773844,86.3308618,industrial
Unnamed Industrial Feature,26.7729116,86.3319498,industrial
Unnamed Industrial Feature,26.7943136,86.320364,industrial
Unnamed Industrial Feature,26.7902333,86.3210485,industrial
Unnamed Industrial Feature,26.7816306,86.324576,industrial
Unnamed Industrial Feature,26.778503,86.317655,industrial
Unnamed Industrial Feature,26.779568,86.3241666,industrial
Unnamed Industrial Feature,27.082461,85.5856363,industrial
Unnamed Industrial Feature,27.082,85.5840003,industrial
Unnamed Industrial Feature,26.7113077,86.0951646,industrial
"Rail Wheel Plant, Bela",25.8014825,85.0406957,factory
Unnamed Industrial Feature,26.6453648,85.9190243,industrial
Unnamed Industrial Feature,26.6944153,85.8810551,industrial
Unnamed Industrial Feature,26.6551334,85.9211781,industrial
Unnamed Industrial Feature,26.6393573,85.8814588,industrial
Unnamed Industrial Feature,26.6283673,85.9341533,industrial
Unnamed Industrial Feature,26.6407499,85.9133018,industrial
Unnamed Industrial Feature,26.994208,85.5804909,brickyard
Unnamed Industrial Feature,26.8693614,85.9469306,industrial
Unnamed Industrial Feature,26.8286438,85.9528683,industrial
Unnamed Industrial Feature,26.8375866,85.9545776,industrial
Unnamed Industrial Feature,26.8360335,85.9554486,industrial
Tata Steel Jamshedpur,22.7996,86.1848,steel
SAIL Bokaro Steel City,23.6693,86.1511,steel
SAIL Durgapur Steel Plant,23.5204,87.3119,steel
Dhanbad Coal Mines,23.7957,86.4304,mining
Ramgarh Industrial Area,23.6357,85.5134,industrial
Adityapur Industrial Estate,22.7808,86.2046,industrial
SAIL IISCO Burnpur,23.6394,86.9992,steel
CCL Kathara Colliery,23.7511,85.9027,mining
Rourkela Steel Plant SAIL,22.2132,84.8677,steel
NALCO Angul Aluminium Smelter,20.8438,85.1001,aluminium
JSPL Angul Steel Plant,20.8382,85.1014,steel
Vedanta Jharsuguda Aluminium,21.8615,84.0049,aluminium
Paradeep Phosphates,20.3166,86.6093,chemical
Paradip Port Industrial Area,20.31,86.6093,port
MCL Talcher Coalfield,20.9354,85.231,mining
Bhubaneswar Industrial Estate,20.2961,85.8189,industrial
BHILAI Steel Plant SAIL,21.2094,81.4285,steel
SECL Korba Coalfield,22.3595,82.6985,mining
Korba Thermal Power Station,22.3467,82.703,power
Raipur Industrial Area,21.2514,81.6296,industrial
Urla Industrial Estate Raipur,21.2741,81.5489,industrial
Haldia Petrochemicals,22.0257,88.0583,petrochemical
Haldia Port Industrial Area,22.0619,88.0752,port
Asansol Industrial Area,23.6889,86.9661,industrial
Kolkata Port Industrial Zone,22.5726,88.3639,port
Kalyani Industrial Area,22.9752,88.4341,industrial
Falta SEZ,22.3498,88.1337,sez
Reliance Jamnagar Refinery,22.4797,70.044,refinery
Alang Ship Breaking Yard,21.4083,72.1905,shipyard
Dahej SEZ Chemical Zone,21.7148,72.5644,chemical
Hazira Industrial Complex SURAT,21.1041,72.6362,industrial
ONGC Ankleshwar,21.6267,73.0014,oil_gas
GIDC Vatva Industrial Estate,22.9667,72.6167,industrial
GIDC Naroda Industrial Area,23.0716,72.6529,industrial
Mundra Port Industrial SEZ,22.839,69.7217,port
Kandla Port Industrial Area,23.0259,70.213,port
MIDC Pune Industrial Estate,18.5236,73.8478,industrial
MIDC Nashik Industrial Area,20.0059,73.7796,industrial
MIDC Aurangabad,19.8762,75.3433,industrial
MIDC Nagpur Butibori,20.9742,79.0303,industrial
Chandrapur Thermal Power Station,19.9615,79.304,power
JNPT Navi Mumbai Port,18.9498,72.9403,port
Lote Parshuram Chemical Estate,16.9871,73.5516,chemical
MIDC Tarapur Industrial Estate,19.8228,72.6574,industrial
HPCL Mumbai Refinery,18.9667,72.8333,refinery
BPCL Mumbai Refinery,19.0166,72.8479,refinery
ONGC Uran Plant Maharashtra,18.9002,73.0038,oil_gas
SIPCOT Cuddalore Industrial Estate,11.7514,79.7668,industrial
SIPCOT Ranipet Industrial Estate,12.9391,79.3345,industrial
Ennore Port Industrial Area,13.2168,80.3218,port
SPIC Tuticorin Fertilizers,8.8127,78.1497,chemical
Neyveli Lignite Corporation,11.5993,79.4792,mining
CPCL Chennai Petroleum Refinery,13.1164,80.2682,refinery
TANGEDCO Mettur Thermal Power,11.7908,77.8,power
SIPCOT Hosur Industrial Estate,12.7409,77.8253,industrial
CPCL Nagapattinam,10.7672,79.8449,refinery
Visakhapatnam Steel Plant RINL,17.6868,83.2185,steel
HPCL Visakha Refinery,17.7048,83.2975,refinery
APSEZ Kakinada Port,16.9891,82.2475,port
VSEZ Visakhapatnam SEZ,17.6948,83.228,sez
Coromandel Fertilizers Vizag,17.7139,83.2981,chemical
TSIIC Patancheru Industrial Area,17.5342,78.2617,pharma
TSIIC Jeedimetla Industrial Area,17.5142,78.4203,industrial
NTPC Ramagundam Thermal Power,18.7521,79.4756,power
KIADB Peenya Industrial Area Bangalore,13.0291,77.5169,industrial
KIADB Bidadi Industrial Area,12.7978,77.3927,industrial
Mangalore Chemicals Fertilizers,12.9141,74.856,chemical
MRPL Mangalore Refinery,13.0002,74.85,refinery
Bellary JSW Steel Plant,15.1394,76.9214,steel
NMDC Donimalai Iron Mine,14.9933,76.5631,mining
ACC Cement Wadi Karnataka,17.0599,76.992,cement
IOCL Mathura Refinery,27.4924,77.6737,refinery
IFFCO Phulpur Fertilizer,25.5617,82.0785,chemical
NTPC Rihand Thermal Power,24.2025,83.0067,power
Ghaziabad Industrial Area,28.6692,77.4538,industrial
Kanpur Industrial Area,26.4499,80.3319,industrial
Noida SEZ Export Zone,28.5355,77.391,sez
Lucknow Industrial Area,26.8467,80.9462,industrial
BHEL Bhopal Heavy Electricals,23.2599,77.4126,heavy_industry
NTPC Vindhyachal Thermal Power,24.1104,82.6632,power
Pithampur Industrial Area,22.623,75.6936,industrial
Mandideep Industrial Area,23.101,77.5498,industrial
HZL Zinc Smelter Udaipur,24.5854,73.7125,smelter
Chambal Fertilisers Kota,25.1802,75.8311,chemical
RIICO Bhiwadi Industrial Area,28.2039,76.865,industrial
RIICO Sitapura Industrial Area,26.8005,75.8383,industrial
Ludhiana Industrial Area,30.901,75.8573,industrial
IMT Manesar Industrial Township,28.3548,76.936,automotive
Panipat IOCL Refinery,29.3909,76.9635,refinery
Bathinda Thermal Power Station,30.211,74.9455,power
Kundli Industrial Estate,28.8779,77.0568,industrial
Okhla Industrial Area Delhi,28.5355,77.2786,industrial
Wazirpur Industrial Area Delhi,28.7041,77.1025,industrial
Bawana Industrial Area Delhi,28.7876,77.0317,industrial
BPCL Kochi Refinery,9.9312,76.2673,refinery
Eloor Industrial Area Kochi,10.0715,76.3063,chemical
Udyogamandal Industrial Estate,10.1093,76.3091,industrial
IOCL Digboi Refinery,27.3892,95.6205,refinery
IOCL Guwahati Refinery,26.1733,91.6851,refinery
ONGC Sibsagar Oil Fields,26.9871,94.638,oil_gas
IOCL Numaligarh Refinery,26.6745,93.7068,refinery
BSEB Barauni Thermal Power,25.4726,86.0205,power
NTPC Singrauli Thermal Power,24.1956,82.6597,power
NTPC Talcher Thermal Power,20.9519,85.2343,power
NTPC Farakka Thermal Power,24.8108,87.8888,power
Vedanta Lanjigarh Aluminium,19.9609,83.2983,aluminium
Hindalco Renukoot Smelter,24.2034,83.0397,aluminium
Essar Steel Hazira,21.0997,72.6348,steel
GAIL Hazira Gas Terminal,21.105,72.625,oil_gas
Adani Power Mundra,22.7973,69.6793,power
Coal India MCL Ib Valley,21.8,83.8,mining
NTPC Dadri Gas Power,28.5836,77.5516,power
NTPC Unchahar Thermal Power,25.9184,81.4246,power
NALCO Damanjodi Alumina Refinery,18.8415,82.8291,aluminium
Tata Motors Jamshedpur Plant,22.8046,86.2029,automotive
Maruti Suzuki Gurugram Plant,28.4595,77.0266,automotive
IOCL Bongaigaon Refinery,26.4735,90.5581,refinery
Ambuja Cement Ropar,31.0225,76.5224,cement
UltraTech Cement Awarpur,20.0137,79.0029,cement
India Cements Sankarnagar,8.9601,77.5621,cement
Tata Chemicals Mithapur,22.404,69.043,chemical
ONGC Hazira Gas Processing,21.105,72.6363,oil_gas
Ratnagiri Gas and Power,16.9902,73.312,power
Bhiwandi Textile Industrial Area,19.2813,73.0475,textile
HPCL Vadodara Refinery,22.3072,73.1812,refinery
